algorithm,pair_index,m,n,cells,runtime_s,frechet_dist,maxrss_before_mb,maxrss_after_mb,minor_faults,major_faults,block_input_ops,block_output_ops,voluntary_ctx_switches,involuntary_ctx_switches,user_time_s,sys_time_s,blocked_time_s,status,repeat
BBMSCore,0,65,59,3835,0.000253583,30,40.9922,40.9922,25,0,0,0,0,0,0.000262,0,-8.417e-06,ok,0
BBMSInter,0,65,59,3835,0.000255962,30,40.9922,40.9922,55,0,0,0,0,0,0.000261,0,-5.038e-06,ok,0
BBMSDppInstant,0,65,59,3835,0.000782453,30,40.9922,40.9922,219,0,0,0,0,0,0.000787,0,-4.547e-06,ok,0
BBMSDppStepwise,0,65,59,3835,0.000853347,30,40.9922,40.9922,211,0,0,0,0,0,0,0.000859,-5.653e-06,ok,0
DijkstraPrims,0,65,59,3835,8.6587e-05,30,40.9922,40.9922,11,0,0,0,0,0,9.1e-05,0,-4.413e-06,ok,0
BBMSCore,0,65,59,3835,0.00025512,30,40.9922,40.9922,25,0,0,0,0,0,0.00026,0,-4.88e-06,ok,1
BBMSInter,0,65,59,3835,0.00025038,30,40.9922,40.9922,55,0,0,0,0,0,0.000256,0,-5.62e-06,ok,1
BBMSDppInstant,0,65,59,3835,0.000796206,30,40.9922,40.9922,219,0,0,0,0,0,0.000802,0,-5.794e-06,ok,1
BBMSDppStepwise,0,65,59,3835,0.000859077,30,40.9922,40.9922,211,0,0,0,0,0,0.000864,0,-4.923e-06,ok,1
DijkstraPrims,0,65,59,3835,8.5996e-05,30,40.9922,40.9922,11,0,0,0,0,0,9.1e-05,0,-5.004e-06,ok,1
BBMSCore,0,65,59,3835,0.000251576,30,40.9922,40.9922,25,0,0,0,0,0,0.000256,0,-4.424e-06,ok,2
BBMSInter,0,65,59,3835,0.000260043,30,40.9922,40.9922,55,0,0,0,0,0,0,0.000265,-4.957e-06,ok,2
BBMSDppInstant,0,65,59,3835,0.00077255,30,40.9922,40.9922,219,0,0,0,0,0,0.000778,0,-5.45e-06,ok,2
BBMSDppStepwise,0,65,59,3835,0.000851209,30,40.9922,40.9922,211,0,0,0,0,0,0.000856,0,-4.791e-06,ok,2
DijkstraPrims,0,65,59,3835,8.8298e-05,30,40.9922,40.9922,11,0,0,0,0,0,9.4e-05,0,-5.702e-06,ok,2
BBMSCore,1,65,59,3835,0.000243495,30,40.9961,40.9961,25,0,0,0,0,0,0.000249,0,-5.505e-06,ok,0
BBMSInter,1,65,59,3835,0.000250313,30,41,41,55,0,0,0,0,0,0.000255,0,-4.687e-06,ok,0
BBMSDppInstant,1,65,59,3835,0.000774513,30,41,41,219,0,0,0,0,0,0.000779,0,-4.487e-06,ok,0
BBMSDppStepwise,1,65,59,3835,0.000837416,30,41,41,212,0,0,0,0,0,0.000843,0,-5.584e-06,ok,0
DijkstraPrims,1,65,59,3835,0.000122088,30,41,41,13,0,0,0,0,0,0.000127,0,-4.912e-06,ok,0
BBMSCore,1,65,59,3835,0.000241796,30,41,41,25,0,0,0,0,0,0.000247,0,-5.204e-06,ok,1
BBMSInter,1,65,59,3835,0.000247448,30,41,41,55,0,0,0,0,0,0,0.000252,-4.552e-06,ok,1
BBMSDppInstant,1,65,59,3835,0.000754164,30,41,41,219,0,0,0,0,0,0.000759,0,-4.836e-06,ok,1
BBMSDppStepwise,1,65,59,3835,0.000855263,30,41,41,212,0,0,0,0,0,0.00086,0,-4.737e-06,ok,1
DijkstraPrims,1,65,59,3835,0.000122418,30,41,41,13,0,0,0,0,0,0.000128,0,-5.582e-06,ok,1
BBMSCore,1,65,59,3835,0.000240364,30,41,41,25,0,0,0,0,0,0.000246,0,-5.636e-06,ok,2
BBMSInter,1,65,59,3835,0.000245761,30,41,41,55,0,0,0,0,0,0.000251,0,-5.239e-06,ok,2
BBMSDppInstant,1,65,59,3835,0.000764066,30,41,41,219,0,0,0,0,0,0.000769,0,-4.934e-06,ok,2
BBMSDppStepwise,1,65,59,3835,0.000879078,30,41,41,212,0,0,0,0,0,0,0.000884,-4.922e-06,ok,2
DijkstraPrims,1,65,59,3835,0.00012272,30,41,41,13,0,0,0,0,0,0.000128,0,-5.28e-06,ok,2
BBMSCore,2,65,59,3835,0.000243598,30,41.0039,41.0039,25,0,0,0,0,0,0.00025,0,-6.402e-06,ok,0
BBMSInter,2,65,59,3835,0.000245477,30,41.0039,41.0039,55,0,0,0,0,0,0,0.00025,-4.523e-06,ok,0
BBMSDppInstant,2,65,59,3835,0.000756427,30,41.0039,41.0039,218,0,0,0,0,0,0.000761,0,-4.573e-06,ok,0
BBMSDppStepwise,2,65,59,3835,0.000849789,30,41.0039,41.0039,212,0,0,0,0,0,0.000855,0,-5.211e-06,ok,0
DijkstraPrims,2,65,59,3835,9.9468e-05,30,41.0039,41.0039,12,0,0,0,0,0,0.000104,0,-4.532e-06,ok,0
BBMSCore,2,65,59,3835,0.000251838,30,41.0039,41.0039,25,0,0,0,0,0,0.000257,0,-5.162e-06,ok,1
BBMSInter,2,65,59,3835,0.00025528,30,41.0039,41.0039,55,0,0,0,0,0,0.00026,0,-4.72e-06,ok,1
BBMSDppInstant,2,65,59,3835,0.000763403,30,41.0039,41.0039,218,0,0,0,0,0,0.000769,0,-5.597e-06,ok,1
BBMSDppStepwise,2,65,59,3835,0.000866649,30,41.0039,41.0039,212,0,0,0,0,0,0.000872,0,-5.351e-06,ok,1
DijkstraPrims,2,65,59,3835,9.9896e-05,30,41.0039,41.0039,12,0,0,0,0,0,0.000105,0,-5.104e-06,ok,1
BBMSCore,2,65,59,3835,0.000251116,30,41.0039,41.0039,25,0,0,0,0,0,0.000256,0,-4.884e-06,ok,2
BBMSInter,2,65,59,3835,0.000251572,30,41.0039,41.0039,55,0,0,0,0,0,0.000257,0,-5.428e-06,ok,2
BBMSDppInstant,2,65,59,3835,0.000788503,30,41.0039,41.0039,218,0,0,0,0,0,0.000794,0,-5.497e-06,ok,2
BBMSDppStepwise,2,65,59,3835,0.00084033,30,41.0039,41.0039,212,0,0,0,0,0,0.000846,0,-5.67e-06,ok,2
DijkstraPrims,2,65,59,3835,9.6429e-05,30,41.0078,41.0078,12,0,0,0,0,0,0.000101,0,-4.571e-06,ok,2
BBMSCore,3,65,59,3835,0.000256048,30,41.0117,41.0117,25,0,0,0,0,0,0.000263,0,-6.952e-06,ok,0
BBMSInter,3,65,59,3835,0.00026272,30,41.0156,41.0156,55,0,0,0,0,0,0.000269,0,-6.28e-06,ok,0
BBMSDppInstant,3,65,59,3835,0.000783467,30,41.0156,41.0156,220,0,0,0,0,0,0.000789,0,-5.533e-06,ok,0
BBMSDppStepwise,3,65,59,3835,0.000865849,30,41.0156,41.0156,212,0,0,0,0,0,0,0.000871,-5.151e-06,ok,0
DijkstraPrims,3,65,59,3835,0.000103126,30,41.0156,41.0156,12,0,0,0,0,0,0.000108,0,-4.874e-06,ok,0
BBMSCore,3,65,59,3835,0.000252367,30,41.0156,41.0156,25,0,0,0,0,0,0.000257,0,-4.633e-06,ok,1
BBMSInter,3,65,59,3835,0.000258404,30,41.0156,41.0156,55,0,0,0,0,0,0.000264,0,-5.596e-06,ok,1
BBMSDppInstant,3,65,59,3835,0.00079622,30,41.0156,41.0156,220,0,0,0,0,0,0.000802,0,-5.78e-06,ok,1
BBMSDppStepwise,3,65,59,3835,0.00087611,30,41.0156,41.0156,212,0,0,0,0,0,0.000882,0,-5.89e-06,ok,1
DijkstraPrims,3,65,59,3835,0.000103275,30,41.0156,41.0156,12,0,0,0,0,0,0.000108,0,-4.725e-06,ok,1
BBMSCore,3,65,59,3835,0.000258543,30,41.0156,41.0156,25,0,0,0,0,0,0.000263,0,-4.457e-06,ok,2
BBMSInter,3,65,59,3835,0.000271165,30,41.0156,41.0156,55,0,0,0,0,0,0.000276,0,-4.835e-06,ok,2
BBMSDppInstant,3,65,59,3835,0.000771615,30,41.0156,41.0156,220,0,0,0,0,0,0.000777,0,-5.385e-06,ok,2
BBMSDppStepwise,3,65,59,3835,0.000847615,30,41.0156,41.0156,212,0,0,0,0,0,0.000853,0,-5.385e-06,ok,2
DijkstraPrims,3,65,59,3835,0.000104039,30,41.0156,41.0156,12,0,0,0,0,0,0.00011,0,-5.961e-06,ok,2
BBMSCore,4,65,59,3835,0.000253004,30,41.0195,41.0195,25,0,0,0,0,0,0.000258,0,-4.996e-06,ok,0
BBMSInter,4,65,59,3835,0.000258688,30,41.0195,41.0195,55,0,0,0,0,0,0.000263,0,-4.312e-06,ok,0
BBMSDppInstant,4,65,59,3835,0.000805543,30,41.0195,41.0195,220,0,0,0,0,0,0.000811,0,-5.457e-06,ok,0
BBMSDppStepwise,4,65,59,3835,0.000860052,30,41.0195,41.0195,212,0,0,0,0,0,0.000865,0,-4.948e-06,ok,0
DijkstraPrims,4,65,59,3835,7.5112e-05,30,41.0195,41.0195,8,0,0,0,0,0,8e-05,0,-4.888e-06,ok,0
BBMSCore,4,65,59,3835,0.000252965,30,41.0195,41.0195,25,0,0,0,0,0,0.000258,0,-5.035e-06,ok,1
BBMSInter,4,65,59,3835,0.000260757,30,41.0195,41.0195,55,0,0,0,0,0,0.000266,0,-5.243e-06,ok,1
BBMSDppInstant,4,65,59,3835,0.000831236,30,41.0195,41.0195,220,0,0,0,0,0,0.000837,0,-5.764e-06,ok,1
BBMSDppStepwise,4,65,59,3835,0.000974777,30,41.0195,41.0195,212,0,0,0,0,0,0.00098,0,-5.223e-06,ok,1
DijkstraPrims,4,65,59,3835,7.3902e-05,30,41.0195,41.0195,8,0,0,0,0,0,7.9e-05,0,-5.098e-06,ok,1
BBMSCore,4,65,59,3835,0.000253272,30,41.0195,41.0195,25,0,0,0,0,0,0.000258,0,-4.728e-06,ok,2
BBMSInter,4,65,59,3835,0.000254651,30,41.0195,41.0195,55,0,0,0,0,0,0.000259,0,-4.349e-06,ok,2
BBMSDppInstant,4,65,59,3835,0.000798522,30,41.0195,41.0195,220,0,0,0,0,0,0.000803,0,-4.478e-06,ok,2
BBMSDppStepwise,4,65,59,3835,0.000858166,30,41.0195,41.0195,212,0,0,0,0,0,0.000864,0,-5.834e-06,ok,2
DijkstraPrims,4,65,59,3835,7.3167e-05,30,41.0195,41.0195,8,0,0,0,0,0,7.8e-05,0,-4.833e-06,ok,2
BBMSCore,5,65,59,3835,0.000238484,30,41.0234,41.0234,25,0,0,0,0,0,0.000245,0,-6.516e-06,ok,0
BBMSInter,5,65,59,3835,0.000244725,30,41.0234,41.0234,55,0,0,0,0,0,0.00025,0,-5.275e-06,ok,0
BBMSDppInstant,5,65,59,3835,0.000805035,30,41.0234,41.0234,219,0,0,0,0,0,0.00081,0,-4.965e-06,ok,0
BBMSDppStepwise,5,65,59,3835,0.000851999,30,41.0273,41.0273,212,0,0,0,0,0,0.000857,0,-5.001e-06,ok,0
DijkstraPrims,5,65,59,3835,0.000133561,30,41.0273,41.0273,13,0,0,0,0,0,0.000139,0,-5.439e-06,ok,0
BBMSCore,5,65,59,3835,0.000237339,30,41.0273,41.0273,25,0,0,0,0,0,0.000243,0,-5.661e-06,ok,1
BBMSInter,5,65,59,3835,0.000271855,30,41.0273,41.0273,55,0,0,0,0,0,0.000277,0,-5.145e-06,ok,1
BBMSDppInstant,5,65,59,3835,0.000773518,30,41.0273,41.0273,219,0,0,0,0,0,0.000779,0,-5.482e-06,ok,1
BBMSDppStepwise,5,65,59,3835,0.00082242,30,41.0273,41.0273,212,0,0,0,0,0,0.000828,0,-5.58e-06,ok,1
DijkstraPrims,5,65,59,3835,0.000125446,30,41.0273,41.0273,13,0,0,0,0,0,0.00013,0,-4.554e-06,ok,1
BBMSCore,5,65,59,3835,0.000235405,30,41.0273,41.0273,25,0,0,0,0,0,0,0.00024,-4.595e-06,ok,2
BBMSInter,5,65,59,3835,0.00025153,30,41.0273,41.0273,55,0,0,0,0,0,0.000256,0,-4.47e-06,ok,2
BBMSDppInstant,5,65,59,3835,0.000759901,30,41.0273,41.0273,219,0,0,0,0,0,0.000766,0,-6.099e-06,ok,2
BBMSDppStepwise,5,65,59,3835,0.000874293,30,41.0273,41.0273,212,0,0,0,0,0,0.000879,0,-4.707e-06,ok,2
DijkstraPrims,5,65,59,3835,0.000122006,30,41.0273,41.0273,13,0,0,0,0,0,0.000127,0,-4.994e-06,ok,2
BBMSCore,6,65,59,3835,0.000236637,30,41.0312,41.0312,25,0,0,0,0,0,0.000242,0,-5.363e-06,ok,0
BBMSInter,6,65,59,3835,0.000250205,30,41.0312,41.0312,55,0,0,0,0,0,0.000256,0,-5.795e-06,ok,0
BBMSDppInstant,6,65,59,3835,0.000779325,30,41.0312,41.0312,219,0,0,0,0,0,0.000785,0,-5.675e-06,ok,0
BBMSDppStepwise,6,65,59,3835,0.000855476,30,41.0312,41.0312,212,0,0,0,0,0,0.000861,0,-5.524e-06,ok,0
DijkstraPrims,6,65,59,3835,0.000127933,30,41.0352,41.0352,14,0,0,0,0,0,0,0.000133,-5.067e-06,ok,0
BBMSCore,6,65,59,3835,0.00023952,30,41.0352,41.0352,25,0,0,0,0,0,0.000244,0,-4.48e-06,ok,1
BBMSInter,6,65,59,3835,0.000251649,30,41.0352,41.0352,55,0,0,0,0,0,0.000257,0,-5.351e-06,ok,1
BBMSDppInstant,6,65,59,3835,0.000767579,30,41.0352,41.0352,219,0,0,0,0,0,0.000773,0,-5.421e-06,ok,1
BBMSDppStepwise,6,65,59,3835,0.000828883,30,41.0352,41.0352,212,0,0,0,0,0,0,0.000835,-6.117e-06,ok,1
DijkstraPrims,6,65,59,3835,0.000127517,30,41.0352,41.0352,14,0,0,0,0,0,0.000133,0,-5.483e-06,ok,1
BBMSCore,6,65,59,3835,0.000242586,30,41.0352,41.0352,25,0,0,0,0,0,0.000248,0,-5.414e-06,ok,2
BBMSInter,6,65,59,3835,0.00027351,30,41.0352,41.0352,55,0,0,0,0,0,0.000278,0,-4.49e-06,ok,2
BBMSDppInstant,6,65,59,3835,0.000761317,30,41.0352,41.0352,219,0,0,0,0,0,0.000766,0,-4.683e-06,ok,2
BBMSDppStepwise,6,65,59,3835,0.000841022,30,41.0352,41.0352,212,0,0,0,0,0,0.000847,0,-5.978e-06,ok,2
DijkstraPrims,6,65,59,3835,0.000131158,30,41.0352,41.0352,14,0,0,0,0,0,0.000136,0,-4.842e-06,ok,2
BBMSCore,7,65,59,3835,0.000242061,30,41.0391,41.0391,25,0,0,0,0,0,0.000247,0,-4.939e-06,ok,0
BBMSInter,7,65,59,3835,0.000248805,30,41.0391,41.0391,55,0,0,0,0,0,0.000254,0,-5.195e-06,ok,0
BBMSDppInstant,7,65,59,3835,0.00076113,30,41.0391,41.0391,220,0,0,0,0,0,0,0.000766,-4.87e-06,ok,0
BBMSDppStepwise,7,65,59,3835,0.000842191,30,41.0391,41.0391,212,0,0,0,0,0,0.000847,0,-4.809e-06,ok,0
DijkstraPrims,7,65,59,3835,8.6072e-05,30,41.043,41.043,11,0,0,0,0,0,9.1e-05,0,-4.928e-06,ok,0
BBMSCore,7,65,59,3835,0.000372535,30,41.043,41.043,25,0,0,0,0,1,0.000309,0,6.3535e-05,ok,1
BBMSInter,7,65,59,3835,0.000245958,30,41.043,41.043,55,0,0,0,0,0,0.000251,0,-5.042e-06,ok,1
BBMSDppInstant,7,65,59,3835,0.000766776,30,41.043,41.043,220,0,0,0,0,0,0.000771,0,-4.224e-06,ok,1
BBMSDppStepwise,7,65,59,3835,0.000860464,30,41.043,41.043,212,0,0,0,0,0,0.000866,0,-5.536e-06,ok,1
DijkstraPrims,7,65,59,3835,8.88e-05,30,41.043,41.043,11,0,0,0,0,0,0,9.4e-05,-5.2e-06,ok,1
BBMSCore,7,65,59,3835,0.000242752,30,41.043,41.043,25,0,0,0,0,0,0.000248,0,-5.248e-06,ok,2
BBMSInter,7,65,59,3835,0.000252288,30,41.043,41.043,55,0,0,0,0,0,0.000259,0,-6.712e-06,ok,2
BBMSDppInstant,7,65,59,3835,0.000882424,30,41.043,41.043,220,0,0,0,0,1,0.000872,0,1.0424e-05,ok,2
BBMSDppStepwise,7,65,59,3835,0.000861153,30,41.043,41.043,212,0,0,0,0,0,0.000867,0,-5.847e-06,ok,2
DijkstraPrims,7,65,59,3835,8.5973e-05,30,41.043,41.043,11,0,0,0,0,0,9.1e-05,0,-5.027e-06,ok,2
BBMSCore,8,65,59,3835,0.000245664,30,41.0469,41.0469,25,0,0,0,0,0,0.00025,0,-4.336e-06,ok,0
BBMSInter,8,65,59,3835,0.00025142,30,41.0469,41.0469,55,0,0,0,0,0,0.000257,0,-5.58e-06,ok,0
BBMSDppInstant,8,65,59,3835,0.000765321,30,41.0469,41.0469,219,0,0,0,0,0,0.000771,0,-5.679e-06,ok,0
BBMSDppStepwise,8,65,59,3835,0.000844849,30,41.0469,41.0469,212,0,0,0,0,0,0,0.00085,-5.151e-06,ok,0
DijkstraPrims,8,65,59,3835,0.000102763,30,41.0469,41.0469,12,0,0,0,0,0,0.000108,0,-5.237e-06,ok,0
BBMSCore,8,65,59,3835,0.000254974,30,41.0469,41.0469,25,0,0,0,0,0,0.00026,0,-5.026e-06,ok,1
BBMSInter,8,65,59,3835,0.000251669,30,41.0469,41.0469,55,0,0,0,0,0,0.000258,0,-6.331e-06,ok,1
BBMSDppInstant,8,65,59,3835,0.000761556,30,41.0469,41.0469,219,0,0,0,0,0,0.000767,0,-5.444e-06,ok,1
BBMSDppStepwise,8,65,59,3835,0.000842697,30,41.0469,41.0469,212,0,0,0,0,0,0.000848,0,-5.303e-06,ok,1
DijkstraPrims,8,65,59,3835,0.000105149,30,41.0469,41.0469,12,0,0,0,0,0,0.000111,0,-5.851e-06,ok,1
BBMSCore,8,65,59,3835,0.00025168,30,41.0469,41.0469,25,0,0,0,0,0,0,0.000257,-5.32e-06,ok,2
BBMSInter,8,65,59,3835,0.000256458,30,41.0469,41.0469,55,0,0,0,0,0,0.000262,0,-5.542e-06,ok,2
BBMSDppInstant,8,65,59,3835,0.000785051,30,41.0469,41.0469,219,0,0,0,0,0,0.00079,0,-4.949e-06,ok,2
BBMSDppStepwise,8,65,59,3835,0.000899447,30,41.0469,41.0469,212,0,0,0,0,0,0,0.000904,-4.553e-06,ok,2
DijkstraPrims,8,65,59,3835,0.000105606,30,41.0469,41.0469,12,0,0,0,0,0,0.000111,0,-5.394e-06,ok,2
BBMSCore,9,65,59,3835,0.00024306,30.06,41.0508,41.0508,25,0,0,0,0,0,0.000249,0,-5.94e-06,ok,0
BBMSInter,9,65,59,3835,0.000240135,30.06,41.0508,41.0508,55,0,0,0,0,0,0.000246,0,-5.865e-06,ok,0
BBMSDppInstant,9,65,59,3835,0.00075112,30.06,41.0508,41.0508,218,0,0,0,0,0,0.000756,0,-4.88e-06,ok,0
BBMSDppStepwise,9,65,59,3835,0.000845357,30.06,41.0508,41.0508,211,0,0,0,0,0,0.00085,0,-4.643e-06,ok,0
DijkstraPrims,9,65,59,3835,0.000182792,30.06,41.0508,41.0508,20,0,0,0,0,0,0.000188,0,-5.208e-06,ok,0
BBMSCore,9,65,59,3835,0.000247007,30.06,41.0508,41.0508,25,0,0,0,0,0,0.000252,0,-4.993e-06,ok,1
BBMSInter,9,65,59,3835,0.000245696,30.06,41.0547,41.0547,55,0,0,0,0,0,0.000252,0,-6.304e-06,ok,1
BBMSDppInstant,9,65,59,3835,0.000771889,30.06,41.0547,41.0547,218,0,0,0,0,0,0.000777,0,-5.111e-06,ok,1
BBMSDppStepwise,9,65,59,3835,0.000841279,30.06,41.0547,41.0547,211,0,0,0,0,0,0.000847,0,-5.721e-06,ok,1
DijkstraPrims,9,65,59,3835,0.000175719,30.06,41.0586,41.0586,20,0,0,0,0,0,0.000181,0,-5.281e-06,ok,1
BBMSCore,9,65,59,3835,0.000242393,30.06,41.0586,41.0586,25,0,0,0,0,0,0.000247,0,-4.607e-06,ok,2
BBMSInter,9,65,59,3835,0.000239507,30.06,41.0586,41.0586,55,0,0,0,0,0,0.000244,0,-4.493e-06,ok,2
BBMSDppInstant,9,65,59,3835,0.000778145,30.06,41.0586,41.0586,218,0,0,0,0,0,0.000783,0,-4.855e-06,ok,2
BBMSDppStepwise,9,65,59,3835,0.000833016,30.06,41.0586,41.0586,211,0,0,0,0,0,0.000839,0,-5.984e-06,ok,2
DijkstraPrims,9,65,59,3835,0.000182425,30.06,41.0586,41.0586,20,0,0,0,0,0,0,0.000187,-4.575e-06,ok,2
BBMSCore,10,65,59,3835,0.000237894,30.06,41.0625,41.0625,25,0,0,0,0,0,0.000243,0,-5.106e-06,ok,0
BBMSInter,10,65,59,3835,0.000248901,30.06,41.0625,41.0625,55,0,0,0,0,0,0,0.000254,-5.099e-06,ok,0
BBMSDppInstant,10,65,59,3835,0.000748924,30.06,41.0625,41.0625,219,0,0,0,0,0,0.000755,0,-6.076e-06,ok,0
BBMSDppStepwise,10,65,59,3835,0.000838509,30.06,41.0625,41.0625,212,0,0,0,0,0,0.000844,0,-5.491e-06,ok,0
DijkstraPrims,10,65,59,3835,0.000121264,30.06,41.0625,41.0625,14,0,0,0,0,0,0.000127,0,-5.736e-06,ok,0
BBMSCore,10,65,59,3835,0.00023794,30.06,41.0625,41.0625,25,0,0,0,0,0,0.000243,0,-5.06e-06,ok,1
BBMSInter,10,65,59,3835,0.00023784,30.06,41.0625,41.0625,55,0,0,0,0,0,0.000243,0,-5.16e-06,ok,1
BBMSDppInstant,10,65,59,3835,0.000764919,30.06,41.0625,41.0625,219,0,0,0,0,0,0.00077,0,-5.081e-06,ok,1
BBMSDppStepwise,10,65,59,3835,0.000875817,30.06,41.0625,41.0625,212,0,0,0,0,0,0.000881,0,-5.183e-06,ok,1
DijkstraPrims,10,65,59,3835,0.000120977,30.06,41.0625,41.0625,14,0,0,0,0,0,0.000127,0,-6.023e-06,ok,1
BBMSCore,10,65,59,3835,0.000240464,30.06,41.0625,41.0625,25,0,0,0,0,0,0.000245,0,-4.536e-06,ok,2
BBMSInter,10,65,59,3835,0.000240808,30.06,41.0625,41.0625,55,0,0,0,0,0,0.000246,0,-5.192e-06,ok,2
BBMSDppInstant,10,65,59,3835,0.000754013,30.06,41.0625,41.0625,219,0,0,0,0,0,0.000759,0,-4.987e-06,ok,2
BBMSDppStepwise,10,65,59,3835,0.000840015,30.06,41.0625,41.0625,212,0,0,0,0,0,0.000845,0,-4.985e-06,ok,2
DijkstraPrims,10,65,59,3835,0.000122871,30.06,41.0625,41.0625,14,0,0,0,0,0,0.000128,0,-5.129e-06,ok,2
BBMSCore,11,65,59,3835,0.000264022,30,41.0664,41.0664,25,0,0,0,0,0,0.00027,0,-5.978e-06,ok,0
BBMSInter,11,65,59,3835,0.000369849,30,41.0664,41.0664,55,0,0,0,0,1,0.000365,0,4.849e-06,ok,0
BBMSDppInstant,11,65,59,3835,0.0007662,30,41.0664,41.0664,219,0,0,0,0,0,0.000771,0,-4.8e-06,ok,0
BBMSDppStepwise,11,65,59,3835,0.000843094,30,41.0664,41.0664,212,0,0,0,0,0,0.000848,0,-4.906e-06,ok,0
DijkstraPrims,11,65,59,3835,9.5925e-05,30,41.0664,41.0664,12,0,0,0,0,0,0.000101,0,-5.075e-06,ok,0
BBMSCore,11,65,59,3835,0.000259231,30,41.0664,41.0664,25,0,0,0,0,0,0.000264,0,-4.769e-06,ok,1
BBMSInter,11,65,59,3835,0.000269381,30,41.0664,41.0664,55,0,0,0,0,0,0.000275,0,-5.619e-06,ok,1
BBMSDppInstant,11,65,59,3835,0.000773088,30,41.0703,41.0703,219,0,0,0,0,0,0.000778,0,-4.912e-06,ok,1
BBMSDppStepwise,11,65,59,3835,0.000884886,30,41.0703,41.0703,212,0,0,0,0,0,0.00089,0,-5.114e-06,ok,1
DijkstraPrims,11,65,59,3835,9.7249e-05,30,41.0703,41.0703,12,0,0,0,0,0,0.000102,0,-4.751e-06,ok,1
BBMSCore,11,65,59,3835,0.000253613,30,41.0703,41.0703,25,0,0,0,0,0,0.000259,0,-5.387e-06,ok,2
BBMSInter,11,65,59,3835,0.000264368,30,41.0703,41.0703,55,0,0,0,0,0,0.000269,0,-4.632e-06,ok,2
BBMSDppInstant,11,65,59,3835,0.000796781,30,41.0703,41.0703,219,0,0,0,0,0,0.000802,0,-5.219e-06,ok,2
BBMSDppStepwise,11,65,59,3835,0.000852363,30,41.0703,41.0703,212,0,0,0,0,0,0.000857,0,-4.637e-06,ok,2
DijkstraPrims,11,65,59,3835,9.509e-05,30,41.0703,41.0703,12,0,0,0,0,0,0.0001,0,-4.91e-06,ok,2
BBMSCore,12,65,59,3835,0.000259236,30,41.0742,41.0742,25,0,0,0,0,0,0.000265,0,-5.764e-06,ok,0
BBMSInter,12,65,59,3835,0.000274592,30,41.0742,41.0742,55,0,0,0,0,0,0.00028,0,-5.408e-06,ok,0
BBMSDppInstant,12,65,59,3835,0.000802977,30,41.0742,41.0742,220,0,0,0,0,0,0.000809,0,-6.023e-06,ok,0
BBMSDppStepwise,12,65,59,3835,0.000874896,30,41.0742,41.0742,212,0,0,0,0,0,0.00088,0,-5.104e-06,ok,0
DijkstraPrims,12,65,59,3835,7.171e-05,30,41.0742,41.0742,8,0,0,0,0,0,7.7e-05,0,-5.29e-06,ok,0
BBMSCore,12,65,59,3835,0.000261609,30,41.0742,41.0742,25,0,0,0,0,0,0,0.000266,-4.391e-06,ok,1
BBMSInter,12,65,59,3835,0.000273562,30,41.0742,41.0742,55,0,0,0,0,0,0.000279,0,-5.438e-06,ok,1
BBMSDppInstant,12,65,59,3835,0.000816813,30,41.0742,41.0742,220,0,0,0,0,0,0.000822,0,-5.187e-06,ok,1
BBMSDppStepwise,12,65,59,3835,0.000888407,30,41.0742,41.0742,212,0,0,0,0,0,0.000893,0,-4.593e-06,ok,1
DijkstraPrims,12,65,59,3835,7.1907e-05,30,41.0742,41.0742,8,0,0,0,0,0,7.7e-05,0,-5.093e-06,ok,1
BBMSCore,12,65,59,3835,0.000261148,30,41.0742,41.0742,25,0,0,0,0,0,0.000266,0,-4.852e-06,ok,2
BBMSInter,12,65,59,3835,0.000275404,30,41.0742,41.0742,55,0,0,0,0,0,0.000281,0,-5.596e-06,ok,2
BBMSDppInstant,12,65,59,3835,0.000810557,30,41.0742,41.0742,220,0,0,0,0,0,0.000816,0,-5.443e-06,ok,2
BBMSDppStepwise,12,65,59,3835,0.000885767,30,41.0742,41.0742,212,0,0,0,0,0,0.000892,0,-6.233e-06,ok,2
DijkstraPrims,12,65,59,3835,7.0867e-05,30,41.0781,41.0781,8,0,0,0,0,0,7.6e-05,0,-5.133e-06,ok,2
BBMSCore,13,65,59,3835,0.000239079,30,41.082,41.082,25,0,0,0,0,0,0.000245,0,-5.921e-06,ok,0
BBMSInter,13,65,59,3835,0.000249199,30,41.082,41.082,55,0,0,0,0,0,0.000255,0,-5.801e-06,ok,0
BBMSDppInstant,13,65,59,3835,0.000763516,30,41.082,41.082,220,0,0,0,0,0,0.000769,0,-5.484e-06,ok,0
BBMSDppStepwise,13,65,59,3835,0.000837372,30,41.082,41.082,212,0,0,0,0,0,0.000842,0,-4.628e-06,ok,0
DijkstraPrims,13,65,59,3835,6.62e-05,30,41.082,41.082,8,0,0,0,0,0,7.1e-05,0,-4.8e-06,ok,0
BBMSCore,13,65,59,3835,0.000248677,30,41.082,41.082,25,0,0,0,0,0,0,0.000254,-5.323e-06,ok,1
BBMSInter,13,65,59,3835,0.000250139,30,41.082,41.082,55,0,0,0,0,0,0.000255,0,-4.861e-06,ok,1
BBMSDppInstant,13,65,59,3835,0.000764909,30,41.082,41.082,220,0,0,0,0,0,0.000771,0,-6.091e-06,ok,1
BBMSDppStepwise,13,65,59,3835,0.00084572,30,41.0859,41.0859,212,0,0,0,0,0,0,0.000851,-5.28e-06,ok,1
DijkstraPrims,13,65,59,3835,6.311e-05,30,41.0859,41.0859,8,0,0,0,0,0,6.8e-05,0,-4.89e-06,ok,1
BBMSCore,13,65,59,3835,0.000238284,30,41.0859,41.0859,25,0,0,0,0,0,0.000245,0,-6.716e-06,ok,2
BBMSInter,13,65,59,3835,0.000249263,30,41.0859,41.0859,55,0,0,0,0,0,0.000254,0,-4.737e-06,ok,2
BBMSDppInstant,13,65,59,3835,0.000757675,30,41.0859,41.0859,220,0,0,0,0,0,0.000762,0,-4.325e-06,ok,2
BBMSDppStepwise,13,65,59,3835,0.000821916,30,41.0859,41.0859,212,0,0,0,0,0,0.000827,0,-5.084e-06,ok,2
DijkstraPrims,13,65,59,3835,6.4294e-05,30,41.0859,41.0859,8,0,0,0,0,0,6.9e-05,0,-4.706e-06,ok,2
BBMSCore,14,65,59,3835,0.000260089,30,41.0898,41.0898,25,0,0,0,0,0,0.000266,0,-5.911e-06,ok,0
BBMSInter,14,65,59,3835,0.000263572,30,41.0898,41.0898,55,0,0,0,0,0,0.000269,0,-5.428e-06,ok,0
BBMSDppInstant,14,65,59,3835,0.000768569,30,41.0898,41.0898,219,0,0,0,0,0,0.000774,0,-5.431e-06,ok,0
BBMSDppStepwise,14,65,59,3835,0.000853841,30,41.0898,41.0898,212,0,0,0,0,0,0.000859,0,-5.159e-06,ok,0
DijkstraPrims,14,65,59,3835,8.2262e-05,30,41.0898,41.0898,11,0,0,0,0,0,8.7e-05,0,-4.738e-06,ok,0
BBMSCore,14,65,59,3835,0.000265526,30,41.0898,41.0898,25,0,0,0,0,0,0,0.000271,-5.474e-06,ok,1
BBMSInter,14,65,59,3835,0.000260416,30,41.0898,41.0898,55,0,0,0,0,0,0.000265,0,-4.584e-06,ok,1
BBMSDppInstant,14,65,59,3835,0.000761946,30,41.0898,41.0898,219,0,0,0,0,0,0.000768,0,-6.054e-06,ok,1
BBMSDppStepwise,14,65,59,3835,0.000854928,30,41.0898,41.0898,212,0,0,0,0,0,0.00086,0,-5.072e-06,ok,1
DijkstraPrims,14,65,59,3835,8.2855e-05,30,41.0898,41.0898,11,0,0,0,0,0,8.9e-05,0,-6.145e-06,ok,1
BBMSCore,14,65,59,3835,0.00025853,30,41.0898,41.0898,25,0,0,0,0,0,0.000263,0,-4.47e-06,ok,2
BBMSInter,14,65,59,3835,0.000258702,30,41.0898,41.0898,55,0,0,0,0,0,0.000263,0,-4.298e-06,ok,2
BBMSDppInstant,14,65,59,3835,0.000783218,30,41.0898,41.0898,219,0,0,0,0,0,0.000789,0,-5.782e-06,ok,2
BBMSDppStepwise,14,65,59,3835,0.000842562,30,41.0898,41.0898,212,0,0,0,0,0,0.000847,0,-4.438e-06,ok,2
DijkstraPrims,14,65,59,3835,8.2291e-05,30,41.0898,41.0898,11,0,0,0,0,0,8.7e-05,0,-4.709e-06,ok,2
BBMSCore,15,65,59,3835,0.000236304,30,41.0938,41.0938,25,0,0,0,0,0,0.000242,0,-5.696e-06,ok,0
BBMSInter,15,65,59,3835,0.000276246,30,41.0938,41.0938,55,0,0,0,0,0,0.000281,0,-4.754e-06,ok,0
BBMSDppInstant,15,65,59,3835,0.000780336,30,41.0938,41.0938,220,0,0,0,0,0,0.000786,0,-5.664e-06,ok,0
BBMSDppStepwise,15,65,59,3835,0.000847651,30,41.0938,41.0938,212,0,0,0,0,0,0.000853,0,-5.349e-06,ok,0
DijkstraPrims,15,65,59,3835,9.7353e-05,30,41.0938,41.0938,12,0,0,0,0,0,0.000102,0,-4.647e-06,ok,0
BBMSCore,15,65,59,3835,0.000231861,30,41.0938,41.0938,25,0,0,0,0,0,0.000237,0,-5.139e-06,ok,1
BBMSInter,15,65,59,3835,0.000242157,30,41.0938,41.0938,55,0,0,0,0,0,0.000248,0,-5.843e-06,ok,1
BBMSDppInstant,15,65,59,3835,0.000770421,30,41.0938,41.0938,220,0,0,0,0,0,0.000776,0,-5.579e-06,ok,1
BBMSDppStepwise,15,65,59,3835,0.000826434,30,41.0938,41.0938,212,0,0,0,0,0,0,0.000832,-5.566e-06,ok,1
DijkstraPrims,15,65,59,3835,9.8684e-05,30,41.0938,41.0938,12,0,0,0,0,0,0.000104,0,-5.316e-06,ok,1
BBMSCore,15,65,59,3835,0.000232758,30,41.0977,41.0977,25,0,0,0,0,0,0.000238,0,-5.242e-06,ok,2
BBMSInter,15,65,59,3835,0.00024697,30,41.0977,41.0977,55,0,0,0,0,0,0.000252,0,-5.03e-06,ok,2
BBMSDppInstant,15,65,59,3835,0.000760536,30,41.0977,41.0977,220,0,0,0,0,0,0.000766,0,-5.464e-06,ok,2
BBMSDppStepwise,15,65,59,3835,0.000846844,30,41.0977,41.0977,212,0,0,0,0,0,0.000851,0,-4.156e-06,ok,2
DijkstraPrims,15,65,59,3835,9.7975e-05,30,41.0977,41.0977,12,0,0,0,0,0,0.000102,0,-4.025e-06,ok,2
BBMSCore,16,65,59,3835,0.000235904,30,41.1016,41.1016,25,0,0,0,0,0,0.000241,0,-5.096e-06,ok,0
BBMSInter,16,65,59,3835,0.00024132,30,41.1016,41.1016,55,0,0,0,0,0,0.000247,0,-5.68e-06,ok,0
BBMSDppInstant,16,65,59,3835,0.000772277,30,41.1016,41.1016,219,0,0,0,0,0,0.000778,0,-5.723e-06,ok,0
BBMSDppStepwise,16,65,59,3835,0.000834676,30,41.1016,41.1016,212,0,0,0,0,0,0.00084,0,-5.324e-06,ok,0
DijkstraPrims,16,65,59,3835,8.653e-05,30,41.1055,41.1055,11,0,0,0,0,0,9.2e-05,0,-5.47e-06,ok,0
BBMSCore,16,65,59,3835,0.00023537,30,41.1055,41.1055,25,0,0,0,0,0,0.000241,0,-5.63e-06,ok,1
BBMSInter,16,65,59,3835,0.000239724,30,41.1055,41.1055,55,0,0,0,0,0,0.000245,0,-5.276e-06,ok,1
BBMSDppInstant,16,65,59,3835,0.000769793,30,41.1055,41.1055,219,0,0,0,0,0,0.000776,0,-6.207e-06,ok,1
BBMSDppStepwise,16,65,59,3835,0.000823361,30,41.1055,41.1055,212,0,0,0,0,0,0.000828,0,-4.639e-06,ok,1
DijkstraPrims,16,65,59,3835,8.4494e-05,30,41.1055,41.1055,11,0,0,0,0,0,9e-05,0,-5.506e-06,ok,1
BBMSCore,16,65,59,3835,0.000244424,30,41.1055,41.1055,25,0,0,0,0,0,0.000249,0,-4.576e-06,ok,2
BBMSInter,16,65,59,3835,0.00024262,30,41.1055,41.1055,55,0,0,0,0,0,0.000247,0,-4.38e-06,ok,2
BBMSDppInstant,16,65,59,3835,0.000757749,30,41.1055,41.1055,219,0,0,0,0,0,0.000763,0,-5.251e-06,ok,2
BBMSDppStepwise,16,65,59,3835,0.000836279,30,41.1055,41.1055,212,0,0,0,0,0,0.000842,0,-5.721e-06,ok,2
DijkstraPrims,16,65,59,3835,8.7912e-05,30,41.1055,41.1055,11,0,0,0,0,0,9.3e-05,0,-5.088e-06,ok,2
BBMSCore,17,65,59,3835,0.000245491,30,41.1094,41.1094,25,0,0,0,0,0,0.000251,0,-5.509e-06,ok,0
BBMSInter,17,65,59,3835,0.000257165,30,41.1094,41.1094,55,0,0,0,0,0,0.000263,0,-5.835e-06,ok,0
BBMSDppInstant,17,65,59,3835,0.000780543,30,41.1094,41.1094,219,0,0,0,0,0,0.000786,0,-5.457e-06,ok,0
BBMSDppStepwise,17,65,59,3835,0.000943467,30,41.1094,41.1094,212,0,0,0,0,0,0,0.000948,-4.533e-06,ok,0
DijkstraPrims,17,65,59,3835,0.000105172,30,41.1094,41.1094,12,0,0,0,0,0,0.00011,0,-4.828e-06,ok,0
BBMSCore,17,65,59,3835,0.000247866,30,41.1094,41.1094,25,0,0,0,0,0,0.000252,0,-4.134e-06,ok,1
BBMSInter,17,65,59,3835,0.000257717,30,41.1094,41.1094,55,0,0,0,0,0,0.000263,0,-5.283e-06,ok,1
BBMSDppInstant,17,65,59,3835,0.000763758,30,41.1094,41.1094,219,0,0,0,0,0,0,0.000769,-5.242e-06,ok,1
BBMSDppStepwise,17,65,59,3835,0.000841803,30,41.1094,41.1094,212,0,0,0,0,0,0.000847,0,-5.197e-06,ok,1
DijkstraPrims,17,65,59,3835,0.000106357,30,41.1094,41.1094,12,0,0,0,0,0,0.000112,0,-5.643e-06,ok,1
BBMSCore,17,65,59,3835,0.000242287,30,41.1094,41.1094,25,0,0,0,0,0,0,0.000247,-4.713e-06,ok,2
BBMSInter,17,65,59,3835,0.000251214,30,41.1133,41.1133,55,0,0,0,0,0,0.000256,0,-4.786e-06,ok,2
BBMSDppInstant,17,65,59,3835,0.000767043,30,41.1133,41.1133,219,0,0,0,0,0,0.000773,0,-5.957e-06,ok,2
BBMSDppStepwise,17,65,59,3835,0.000863875,30,41.1133,41.1133,212,0,0,0,0,0,0.000869,0,-5.125e-06,ok,2
DijkstraPrims,17,65,59,3835,0.000104452,30,41.1133,41.1133,12,0,0,0,0,0,0.000109,0,-4.548e-06,ok,2
BBMSCore,18,65,59,3835,0.000240755,30.06,41.1133,41.1133,25,0,0,0,0,0,0.000246,0,-5.245e-06,ok,0
BBMSInter,18,65,59,3835,0.000239439,30.06,41.1172,41.1172,55,0,0,0,0,0,0.000245,0,-5.561e-06,ok,0
BBMSDppInstant,18,65,59,3835,0.000758103,30.06,41.1172,41.1172,219,0,0,0,0,0,0.000763,0,-4.897e-06,ok,0
BBMSDppStepwise,18,65,59,3835,0.000842647,30.06,41.1172,41.1172,212,0,0,0,0,0,0.000848,0,-5.353e-06,ok,0
DijkstraPrims,18,65,59,3835,0.000145538,30.06,41.1172,41.1172,16,0,0,0,0,0,0.00015,0,-4.462e-06,ok,0
BBMSCore,18,65,59,3835,0.000249628,30.06,41.1172,41.1172,25,0,0,0,0,0,0.000255,0,-5.372e-06,ok,1
BBMSInter,18,65,59,3835,0.000239428,30.06,41.1172,41.1172,55,0,0,0,0,0,0,0.000245,-5.572e-06,ok,1
BBMSDppInstant,18,65,59,3835,0.000763587,30.06,41.1172,41.1172,219,0,0,0,0,0,0.000769,0,-5.413e-06,ok,1
BBMSDppStepwise,18,65,59,3835,0.000831314,30.06,41.1172,41.1172,212,0,0,0,0,0,0.000836,0,-4.686e-06,ok,1
DijkstraPrims,18,65,59,3835,0.000145442,30.06,41.1172,41.1172,16,0,0,0,0,0,0,0.000152,-6.558e-06,ok,1
BBMSCore,18,65,59,3835,0.000237646,30.06,41.1172,41.1172,25,0,0,0,0,0,0.000242,0,-4.354e-06,ok,2
BBMSInter,18,65,59,3835,0.000247734,30.06,41.1172,41.1172,55,0,0,0,0,0,0.000253,0,-5.266e-06,ok,2
BBMSDppInstant,18,65,59,3835,0.000750091,30.06,41.1172,41.1172,219,0,0,0,0,0,0.000755,0,-4.909e-06,ok,2
BBMSDppStepwise,18,65,59,3835,0.000824846,30.06,41.1172,41.1172,212,0,0,0,0,0,0.00083,0,-5.154e-06,ok,2
DijkstraPrims,18,65,59,3835,0.000146844,30.06,41.1172,41.1172,16,0,0,0,0,0,0.000152,0,-5.156e-06,ok,2
BBMSCore,19,65,59,3835,0.000255782,30,41.1211,41.1211,25,0,0,0,0,0,0.000261,0,-5.218e-06,ok,0
BBMSInter,19,65,59,3835,0.000260025,30,41.1211,41.1211,55,0,0,0,0,0,0.000265,0,-4.975e-06,ok,0
BBMSDppInstant,19,65,59,3835,0.000774841,30,41.1211,41.1211,219,0,0,0,0,0,0,0.000781,-6.159e-06,ok,0
BBMSDppStepwise,19,65,59,3835,0.000853651,30,41.1211,41.1211,211,0,0,0,0,0,0.000859,0,-5.349e-06,ok,0
DijkstraPrims,19,65,59,3835,5.56e-05,30,41.1211,41.1211,7,0,0,0,0,0,6.1e-05,0,-5.4e-06,ok,0
BBMSCore,19,65,59,3835,0.000258839,30,41.1211,41.1211,25,0,0,0,0,0,0,0.000265,-6.161e-06,ok,1
BBMSInter,19,65,59,3835,0.000259502,30,41.1211,41.1211,55,0,0,0,0,0,0.000265,0,-5.498e-06,ok,1
BBMSDppInstant,19,65,59,3835,0.000765033,30,41.1211,41.1211,219,0,0,0,0,0,0.00077,0,-4.967e-06,ok,1
BBMSDppStepwise,19,65,59,3835,0.000855285,30,41.1211,41.1211,211,0,0,0,0,0,0,0.000861,-5.715e-06,ok,1
DijkstraPrims,19,65,59,3835,5.5141e-05,30,41.125,41.125,7,0,0,0,0,0,6e-05,0,-4.859e-06,ok,1
BBMSCore,19,65,59,3835,0.000258893,30,41.125,41.125,25,0,0,0,0,0,0.000264,0,-5.107e-06,ok,2
BBMSInter,19,65,59,3835,0.0002699,30,41.125,41.125,55,0,0,0,0,0,0.000275,0,-5.1e-06,ok,2
BBMSDppInstant,19,65,59,3835,0.000766062,30,41.125,41.125,219,0,0,0,0,0,0.000771,0,-4.938e-06,ok,2
BBMSDppStepwise,19,65,59,3835,0.000854222,30,41.1289,41.1289,211,0,0,0,0,0,0.00086,0,-5.778e-06,ok,2
DijkstraPrims,19,65,59,3835,5.7025e-05,30,41.1289,41.1289,7,0,0,0,0,0,6.2e-05,0,-4.975e-06,ok,2
BBMSCore,20,65,59,3835,0.000250343,30,41.1289,41.1289,25,0,0,0,0,0,0.000256,0,-5.657e-06,ok,0
BBMSInter,20,65,59,3835,0.00024626,30,41.1328,41.1328,55,0,0,0,0,0,0.000251,0,-4.74e-06,ok,0
BBMSDppInstant,20,65,59,3835,0.000763311,30,41.1328,41.1328,219,0,0,0,0,0,0.000768,0,-4.689e-06,ok,0
BBMSDppStepwise,20,65,59,3835,0.00089184,30,41.1328,41.1328,212,0,0,0,0,0,0.000898,0,-6.16e-06,ok,0
DijkstraPrims,20,65,59,3835,0.000109264,30,41.1328,41.1328,12,0,0,0,0,0,0.000115,0,-5.736e-06,ok,0
BBMSCore,20,65,59,3835,0.000247089,30,41.1328,41.1328,25,0,0,0,0,0,0.000252,0,-4.911e-06,ok,1
BBMSInter,20,65,59,3835,0.000258932,30,41.1328,41.1328,55,0,0,0,0,0,0.000263,0,-4.068e-06,ok,1
BBMSDppInstant,20,65,59,3835,0.00077094,30,41.1328,41.1328,219,0,0,0,0,0,0,0.000776,-5.06e-06,ok,1
BBMSDppStepwise,20,65,59,3835,0.000843652,30,41.1328,41.1328,212,0,0,0,0,0,0.000849,0,-5.348e-06,ok,1
DijkstraPrims,20,65,59,3835,0.000106691,30,41.1328,41.1328,12,0,0,0,0,0,0.000112,0,-5.309e-06,ok,1
BBMSCore,20,65,59,3835,0.000241572,30,41.1328,41.1328,25,0,0,0,0,0,0,0.000246,-4.428e-06,ok,2
BBMSInter,20,65,59,3835,0.000260183,30,41.1328,41.1328,55,0,0,0,0,0,0.000266,0,-5.817e-06,ok,2
BBMSDppInstant,20,65,59,3835,0.000762321,30,41.1328,41.1328,219,0,0,0,0,0,0.000767,0,-4.679e-06,ok,2
BBMSDppStepwise,20,65,59,3835,0.000851104,30,41.1328,41.1328,212,0,0,0,0,0,0.000856,0,-4.896e-06,ok,2
DijkstraPrims,20,65,59,3835,0.000108186,30,41.1328,41.1328,12,0,0,0,0,0,0.000114,0,-5.814e-06,ok,2
BBMSCore,21,65,59,3835,0.000243505,30,41.1367,41.1367,25,0,0,0,0,0,0.000248,0,-4.495e-06,ok,0
BBMSInter,21,65,59,3835,0.000249099,30,41.1367,41.1367,55,0,0,0,0,0,0.000254,0,-4.901e-06,ok,0
BBMSDppInstant,21,65,59,3835,0.000773568,30,41.1367,41.1367,218,0,0,0,0,0,0.000778,0,-4.432e-06,ok,0
BBMSDppStepwise,21,65,59,3835,0.000832487,30,41.1367,41.1367,212,0,0,0,0,0,0.000838,0,-5.513e-06,ok,0
DijkstraPrims,21,65,59,3835,0.000130323,30,41.1367,41.1367,14,0,0,0,0,0,0.000136,0,-5.677e-06,ok,0
BBMSCore,21,65,59,3835,0.000243067,30,41.1367,41.1367,25,0,0,0,0,0,0.000248,0,-4.933e-06,ok,1
BBMSInter,21,65,59,3835,0.000264421,30,41.1367,41.1367,55,0,0,0,0,0,0.000269,0,-4.579e-06,ok,1
BBMSDppInstant,21,65,59,3835,0.000780381,30,41.1367,41.1367,218,0,0,0,0,0,0.000786,0,-5.619e-06,ok,1
BBMSDppStepwise,21,65,59,3835,0.000934268,30,41.1367,41.1367,212,0,0,0,0,1,0,0.000895,3.9268e-05,ok,1
DijkstraPrims,21,65,59,3835,0.000123939,30,41.1367,41.1367,14,0,0,0,0,0,0.000129,0,-5.061e-06,ok,1
BBMSCore,21,65,59,3835,0.000244379,30,41.1367,41.1367,25,0,0,0,0,0,0.000249,0,-4.621e-06,ok,2
BBMSInter,21,65,59,3835,0.000247538,30,41.1367,41.1367,55,0,0,0,0,0,0.000253,0,-5.462e-06,ok,2
BBMSDppInstant,21,65,59,3835,0.000781991,30,41.1367,41.1367,218,0,0,0,0,0,0.000787,0,-5.009e-06,ok,2
BBMSDppStepwise,21,65,59,3835,0.000864813,30,41.1367,41.1367,212,0,0,0,0,0,0.00087,0,-5.187e-06,ok,2
DijkstraPrims,21,65,59,3835,0.00025899,30,41.1406,41.1406,14,0,0,0,0,1,0.000179,0,7.999e-05,ok,2
BBMSCore,22,65,59,3835,0.000253489,30,41.1406,41.1406,25,0,0,0,0,0,0.000259,0,-5.511e-06,ok,0
BBMSInter,22,65,59,3835,0.000265913,30,41.1445,41.1445,55,0,0,0,0,0,0.000271,0,-5.087e-06,ok,0
BBMSDppInstant,22,65,59,3835,0.000785256,30,41.1445,41.1445,219,0,0,0,0,0,0.000791,0,-5.744e-06,ok,0
BBMSDppStepwise,22,65,59,3835,0.000972408,30,41.1445,41.1445,212,0,0,0,0,0,0.000978,0,-5.592e-06,ok,0
DijkstraPrims,22,65,59,3835,7.4922e-05,30,41.1445,41.1445,8,0,0,0,0,0,8e-05,0,-5.078e-06,ok,0
BBMSCore,22,65,59,3835,0.000253249,30,41.1445,41.1445,25,0,0,0,0,0,0.000259,0,-5.751e-06,ok,1
BBMSInter,22,65,59,3835,0.00026768,30,41.1445,41.1445,55,0,0,0,0,0,0.000273,0,-5.32e-06,ok,1
BBMSDppInstant,22,65,59,3835,0.000776419,30,41.1445,41.1445,219,0,0,0,0,0,0.000781,0,-4.581e-06,ok,1
BBMSDppStepwise,22,65,59,3835,0.000861727,30,41.1445,41.1445,212,0,0,0,0,0,0.000867,0,-5.273e-06,ok,1
DijkstraPrims,22,65,59,3835,7.6144e-05,30,41.1445,41.1445,8,0,0,0,0,0,8.2e-05,0,-5.856e-06,ok,1
BBMSCore,22,65,59,3835,0.000260447,30,41.1445,41.1445,25,0,0,0,0,0,0.000265,0,-4.553e-06,ok,2
BBMSInter,22,65,59,3835,0.000264875,30,41.1445,41.1445,55,0,0,0,0,0,0.00027,0,-5.125e-06,ok,2
BBMSDppInstant,22,65,59,3835,0.000775143,30,41.1445,41.1445,219,0,0,0,0,0,0.00078,0,-4.857e-06,ok,2
BBMSDppStepwise,22,65,59,3835,0.000855139,30,41.1445,41.1445,212,0,0,0,0,0,0,0.000861,-5.861e-06,ok,2
DijkstraPrims,22,65,59,3835,7.5229e-05,30,41.1484,41.1484,8,0,0,0,0,0,8e-05,0,-4.771e-06,ok,2
BBMSCore,23,65,59,3835,0.000258062,30,41.1523,41.1523,25,0,0,0,0,0,0.000264,0,-5.938e-06,ok,0
BBMSInter,23,65,59,3835,0.000257479,30,41.1523,41.1523,55,0,0,0,0,0,0.000262,0,-4.521e-06,ok,0
BBMSDppInstant,23,65,59,3835,0.00077586,30,41.1523,41.1523,220,0,0,0,0,0,0,0.000781,-5.14e-06,ok,0
BBMSDppStepwise,23,65,59,3835,0.000885106,30,41.1523,41.1523,212,0,0,0,0,0,0.00089,0,-4.894e-06,ok,0
DijkstraPrims,23,65,59,3835,5.589e-05,30,41.1523,41.1523,7,0,0,0,0,0,6.1e-05,0,-5.11e-06,ok,0
BBMSCore,23,65,59,3835,0.000265597,30,41.1523,41.1523,25,0,0,0,0,0,0,0.000271,-5.403e-06,ok,1
BBMSInter,23,65,59,3835,0.000271314,30,41.1523,41.1523,55,0,0,0,0,0,0.000277,0,-5.686e-06,ok,1
BBMSDppInstant,23,65,59,3835,0.000774962,30,41.1523,41.1523,220,0,0,0,0,0,0.00078,0,-5.038e-06,ok,1
BBMSDppStepwise,23,65,59,3835,0.000862714,30,41.1523,41.1523,212,0,0,0,0,0,0,0.000867,-4.286e-06,ok,1
DijkstraPrims,23,65,59,3835,5.4616e-05,30,41.1523,41.1523,7,0,0,0,0,0,6e-05,0,-5.384e-06,ok,1
BBMSCore,23,65,59,3835,0.000258828,30,41.1523,41.1523,25,0,0,0,0,0,0.000264,0,-5.172e-06,ok,2
BBMSInter,23,65,59,3835,0.000261911,30,41.1523,41.1523,55,0,0,0,0,0,0,0.000267,-5.089e-06,ok,2
BBMSDppInstant,23,65,59,3835,0.000780923,30,41.1523,41.1523,220,0,0,0,0,0,0.000786,0,-5.077e-06,ok,2
BBMSDppStepwise,23,65,59,3835,0.000858711,30,41.1523,41.1523,212,0,0,0,0,0,0.000864,0,-5.289e-06,ok,2
DijkstraPrims,23,65,59,3835,5.4725e-05,30,41.1523,41.1523,7,0,0,0,0,0,0,6e-05,-5.275e-06,ok,2
BBMSCore,24,65,59,3835,0.000245095,30,41.1562,41.1562,25,0,0,0,0,0,0,0.00025,-4.905e-06,ok,0
BBMSInter,24,65,59,3835,0.000252811,30,41.1602,41.1602,55,0,0,0,0,0,0.000258,0,-5.189e-06,ok,0
BBMSDppInstant,24,65,59,3835,0.000758634,30,41.1602,41.1602,220,0,0,0,0,0,0.000764,0,-5.366e-06,ok,0
BBMSDppStepwise,24,65,59,3835,0.000832446,30,41.1602,41.1602,212,0,0,0,0,0,0,0.000838,-5.554e-06,ok,0
DijkstraPrims,24,65,59,3835,0.000124248,30,41.1602,41.1602,13,0,0,0,0,0,0.000129,0,-4.752e-06,ok,0
BBMSCore,24,65,59,3835,0.000247289,30,41.1602,41.1602,25,0,0,0,0,0,0.000252,0,-4.711e-06,ok,1
BBMSInter,24,65,59,3835,0.000250975,30,41.1602,41.1602,55,0,0,0,0,0,0,0.000256,-5.025e-06,ok,1
BBMSDppInstant,24,65,59,3835,0.000752451,30,41.1602,41.1602,220,0,0,0,0,0,0.000758,0,-5.549e-06,ok,1
BBMSDppStepwise,24,65,59,3835,0.000843894,30,41.1602,41.1602,212,0,0,0,0,0,0.000849,0,-5.106e-06,ok,1
DijkstraPrims,24,65,59,3835,0.000114486,30,41.1602,41.1602,13,0,0,0,0,0,0,0.000119,-4.514e-06,ok,1
BBMSCore,24,65,59,3835,0.000250134,30,41.1602,41.1602,25,0,0,0,0,0,0.000256,0,-5.866e-06,ok,2
BBMSInter,24,65,59,3835,0.000257885,30,41.1602,41.1602,55,0,0,0,0,0,0.000263,0,-5.115e-06,ok,2
BBMSDppInstant,24,65,59,3835,0.000756386,30,41.1602,41.1602,220,0,0,0,0,0,0.000761,0,-4.614e-06,ok,2
BBMSDppStepwise,24,65,59,3835,0.000837308,30,41.1602,41.1602,212,0,0,0,0,0,0.000842,0,-4.692e-06,ok,2
DijkstraPrims,24,65,59,3835,0.000117114,30,41.1602,41.1602,13,0,0,0,0,0,0.000123,0,-5.886e-06,ok,2
BBMSCore,25,65,59,3835,0.000259248,30,41.1641,41.1641,25,0,0,0,0,0,0.000265,0,-5.752e-06,ok,0
BBMSInter,25,65,59,3835,0.00025176,30,41.1641,41.1641,55,0,0,0,0,0,0,0.000257,-5.24e-06,ok,0
BBMSDppInstant,25,65,59,3835,0.00078617,30,41.1641,41.1641,218,0,0,0,0,0,0.000792,0,-5.83e-06,ok,0
BBMSDppStepwise,25,65,59,3835,0.000870151,30,41.1641,41.1641,211,0,0,0,0,0,0.000875,0,-4.849e-06,ok,0
DijkstraPrims,25,65,59,3835,6.1578e-05,30,41.1641,41.1641,7,0,0,0,0,0,0,6.7e-05,-5.422e-06,ok,0
BBMSCore,25,65,59,3835,0.000253935,30,41.1641,41.1641,25,0,0,0,0,0,0.000259,0,-5.065e-06,ok,1
BBMSInter,25,65,59,3835,0.00025097,30,41.1641,41.1641,55,0,0,0,0,0,0.000256,0,-5.03e-06,ok,1
BBMSDppInstant,25,65,59,3835,0.000780673,30,41.1641,41.1641,218,0,0,0,0,0,0.000786,0,-5.327e-06,ok,1
BBMSDppStepwise,25,65,59,3835,0.000866205,30,41.1641,41.1641,211,0,0,0,0,0,0.000872,0,-5.795e-06,ok,1
DijkstraPrims,25,65,59,3835,6.3024e-05,30,41.1641,41.1641,7,0,0,0,0,0,6.8e-05,0,-4.976e-06,ok,1
BBMSCore,25,65,59,3835,0.000260274,30,41.1641,41.1641,25,0,0,0,0,0,0,0.000265,-4.726e-06,ok,2
BBMSInter,25,65,59,3835,0.000258618,30,41.1641,41.1641,55,0,0,0,0,0,0.000264,0,-5.382e-06,ok,2
BBMSDppInstant,25,65,59,3835,0.000775987,30,41.1641,41.1641,218,0,0,0,0,0,0.000781,0,-5.013e-06,ok,2
BBMSDppStepwise,25,65,59,3835,0.000857124,30,41.1641,41.1641,211,0,0,0,0,0,0,0.000862,-4.876e-06,ok,2
DijkstraPrims,25,65,59,3835,6.1804e-05,30,41.1641,41.1641,7,0,0,0,0,0,6.7e-05,0,-5.196e-06,ok,2
BBMSCore,26,65,59,3835,0.000262898,30,41.168,41.168,25,0,0,0,0,0,0.000268,0,-5.102e-06,ok,0
BBMSInter,26,65,59,3835,0.00027544,30,41.168,41.168,55,0,0,0,0,0,0.000281,0,-5.56e-06,ok,0
BBMSDppInstant,26,65,59,3835,0.000774387,30,41.1719,41.1719,219,0,0,0,0,0,0,0.00078,-5.613e-06,ok,0
BBMSDppStepwise,26,65,59,3835,0.000866423,30,41.1719,41.1719,212,0,0,0,0,0,0.000871,0,-4.577e-06,ok,0
DijkstraPrims,26,65,59,3835,6.7525e-05,30,41.1758,41.1758,8,0,0,0,0,0,7.3e-05,0,-5.475e-06,ok,0
BBMSCore,26,65,59,3835,0.000265445,30,41.1758,41.1758,25,0,0,0,0,0,0.000272,0,-6.555e-06,ok,1
BBMSInter,26,65,59,3835,0.000256218,30,41.1758,41.1758,55,0,0,0,0,0,0.000262,0,-5.782e-06,ok,1
BBMSDppInstant,26,65,59,3835,0.000765108,30,41.1758,41.1758,219,0,0,0,0,0,0.000771,0,-5.892e-06,ok,1
BBMSDppStepwise,26,65,59,3835,0.00088068,30,41.1758,41.1758,212,0,0,0,0,0,0.000886,0,-5.32e-06,ok,1
DijkstraPrims,26,65,59,3835,7.3175e-05,30,41.1758,41.1758,8,0,0,0,0,0,7.8e-05,0,-4.825e-06,ok,1
BBMSCore,26,65,59,3835,0.000264305,30,41.1758,41.1758,25,0,0,0,0,0,0.000269,0,-4.695e-06,ok,2
BBMSInter,26,65,59,3835,0.000263231,30,41.1758,41.1758,55,0,0,0,0,0,0.000268,0,-4.769e-06,ok,2
BBMSDppInstant,26,65,59,3835,0.00077081,30,41.1758,41.1758,219,0,0,0,0,0,0.000776,0,-5.19e-06,ok,2
BBMSDppStepwise,26,65,59,3835,0.000883284,30,41.1758,41.1758,212,0,0,0,0,0,0.000888,0,-4.716e-06,ok,2
DijkstraPrims,26,65,59,3835,6.8354e-05,30,41.1758,41.1758,8,0,0,0,0,0,7.4e-05,0,-5.646e-06,ok,2
BBMSCore,27,65,59,3835,0.000245581,30,41.1797,41.1797,25,0,0,0,0,0,0.000252,0,-6.419e-06,ok,0
BBMSInter,27,65,59,3835,0.000256919,30,41.1797,41.1797,55,0,0,0,0,0,0.000262,0,-5.081e-06,ok,0
BBMSDppInstant,27,65,59,3835,0.000784093,30,41.1797,41.1797,219,0,0,0,0,0,0.000789,0,-4.907e-06,ok,0
BBMSDppStepwise,27,65,59,3835,0.000860366,30,41.1797,41.1797,212,0,0,0,0,0,0.000866,0,-5.634e-06,ok,0
DijkstraPrims,27,65,59,3835,0.000128377,30,41.1797,41.1797,14,0,0,0,0,0,0.000134,0,-5.623e-06,ok,0
BBMSCore,27,65,59,3835,0.000246218,30,41.1797,41.1797,25,0,0,0,0,0,0.000251,0,-4.782e-06,ok,1
BBMSInter,27,65,59,3835,0.000253302,30,41.1797,41.1797,55,0,0,0,0,0,0.000258,0,-4.698e-06,ok,1
BBMSDppInstant,27,65,59,3835,0.000779263,30,41.1797,41.1797,219,0,0,0,0,0,0.000785,0,-5.737e-06,ok,1
BBMSDppStepwise,27,65,59,3835,0.000913744,30,41.1797,41.1797,212,0,0,0,0,0,0.000919,0,-5.256e-06,ok,1
DijkstraPrims,27,65,59,3835,0.000129903,30,41.1797,41.1797,14,0,0,0,0,0,0.000135,0,-5.097e-06,ok,1
BBMSCore,27,65,59,3835,0.000242356,30,41.1797,41.1797,25,0,0,0,0,0,0.000247,0,-4.644e-06,ok,2
BBMSInter,27,65,59,3835,0.000253755,30,41.1797,41.1797,55,0,0,0,0,0,0,0.000259,-5.245e-06,ok,2
BBMSDppInstant,27,65,59,3835,0.000766405,30,41.1797,41.1797,219,0,0,0,0,0,0.000772,0,-5.595e-06,ok,2
BBMSDppStepwise,27,65,59,3835,0.000849424,30,41.1797,41.1797,212,0,0,0,0,0,0.000854,0,-4.576e-06,ok,2
DijkstraPrims,27,65,59,3835,0.000129597,30,41.1797,41.1797,14,0,0,0,0,0,0.000135,0,-5.403e-06,ok,2
BBMSCore,28,65,59,3835,0.000250564,30,41.1836,41.1836,25,0,0,0,0,0,0.000256,0,-5.436e-06,ok,0
BBMSInter,28,65,59,3835,0.000264679,30,41.1836,41.1836,55,0,0,0,0,0,0.00027,0,-5.321e-06,ok,0
BBMSDppInstant,28,65,59,3835,0.000797272,30,41.1836,41.1836,219,0,0,0,0,0,0.000802,0,-4.728e-06,ok,0
BBMSDppStepwise,28,65,59,3835,0.000850692,30,41.1836,41.1836,212,0,0,0,0,0,0.000856,0,-5.308e-06,ok,0
DijkstraPrims,28,65,59,3835,0.000103572,30,41.1875,41.1875,12,0,0,0,0,0,0.000108,0,-4.428e-06,ok,0
BBMSCore,28,65,59,3835,0.00025496,30,41.1875,41.1875,25,0,0,0,0,0,0.00026,0,-5.04e-06,ok,1
BBMSInter,28,65,59,3835,0.000259776,30,41.1875,41.1875,55,0,0,0,0,0,0.000265,0,-5.224e-06,ok,1
BBMSDppInstant,28,65,59,3835,0.000764004,30,41.1875,41.1875,219,0,0,0,0,0,0.00077,0,-5.996e-06,ok,1
BBMSDppStepwise,28,65,59,3835,0.000854712,30,41.1875,41.1875,212,0,0,0,0,0,0.00086,0,-5.288e-06,ok,1
DijkstraPrims,28,65,59,3835,9.2287e-05,30,41.1875,41.1875,12,0,0,0,0,0,9.7e-05,0,-4.713e-06,ok,1
BBMSCore,28,65,59,3835,0.000250378,30,41.1875,41.1875,25,0,0,0,0,0,0.000256,0,-5.622e-06,ok,2
BBMSInter,28,65,59,3835,0.000264878,30,41.1875,41.1875,55,0,0,0,0,0,0.00027,0,-5.122e-06,ok,2
BBMSDppInstant,28,65,59,3835,0.000766135,30,41.1875,41.1875,219,0,0,0,0,0,0.000771,0,-4.865e-06,ok,2
BBMSDppStepwise,28,65,59,3835,0.000845574,30,41.1875,41.1875,212,0,0,0,0,0,0.000851,0,-5.426e-06,ok,2
DijkstraPrims,28,65,59,3835,9.4672e-05,30,41.1875,41.1875,12,0,0,0,0,0,0,9.9e-05,-4.328e-06,ok,2
BBMSCore,29,65,59,3835,0.000246642,30,41.1914,41.1914,25,0,0,0,0,0,0,0.000252,-5.358e-06,ok,0
BBMSInter,29,65,59,3835,0.000249179,30,41.1914,41.1914,55,0,0,0,0,0,0.000254,0,-4.821e-06,ok,0
BBMSDppInstant,29,65,59,3835,0.000757476,30,41.1914,41.1914,219,0,0,0,0,0,0.000763,0,-5.524e-06,ok,0
BBMSDppStepwise,29,65,59,3835,0.00084,30,41.1914,41.1914,212,0,0,0,0,0,0,0.000845,-5e-06,ok,0
DijkstraPrims,29,65,59,3835,0.000105626,30,41.1914,41.1914,12,0,0,0,0,0,0.00011,0,-4.374e-06,ok,0
BBMSCore,29,65,59,3835,0.00024872,30,41.1914,41.1914,25,0,0,0,0,0,0.000255,0,-6.28e-06,ok,1
BBMSInter,29,65,59,3835,0.000263928,30,41.1914,41.1914,55,0,0,0,0,0,0.000269,0,-5.072e-06,ok,1
BBMSDppInstant,29,65,59,3835,0.000761812,30,41.1914,41.1914,219,0,0,0,0,0,0.000767,0,-5.188e-06,ok,1
BBMSDppStepwise,29,65,59,3835,0.0009456,30,41.1914,41.1914,212,0,0,0,0,1,0.000926,0,1.96e-05,ok,1
DijkstraPrims,29,65,59,3835,0.000107533,30,41.1953,41.1953,12,0,0,0,0,0,0.000112,0,-4.467e-06,ok,1
BBMSCore,29,65,59,3835,0.000248555,30,41.1953,41.1953,25,0,0,0,0,0,0.000253,0,-4.445e-06,ok,2
BBMSInter,29,65,59,3835,0.000257005,30,41.1953,41.1953,55,0,0,0,0,0,0.000261,0,-3.995e-06,ok,2
BBMSDppInstant,29,65,59,3835,0.000767228,30,41.1953,41.1953,219,0,0,0,0,0,0.000773,0,-5.772e-06,ok,2
BBMSDppStepwise,29,65,59,3835,0.000835957,30,41.1953,41.1953,212,0,0,0,0,0,0.000841,0,-5.043e-06,ok,2
DijkstraPrims,29,65,59,3835,0.000109277,30,41.1953,41.1953,12,0,0,0,0,0,0.000114,0,-4.723e-06,ok,2
BBMSCore,30,130,114,14820,0.00101968,30.06,41.1992,41.1992,90,0,0,0,0,0,0,0.001025,-5.322e-06,ok,0
BBMSInter,30,130,114,14820,0.000929454,30.06,41.1992,41.1992,206,0,0,0,0,0,0.000935,0,-5.546e-06,ok,0
BBMSDppInstant,30,130,114,14820,0.00299915,30.06,41.1992,41.1992,846,0,0,0,0,0,0.003005,0,-5.849e-06,ok,0
BBMSDppStepwise,30,130,114,14820,0.00317942,30.06,41.1992,41.1992,816,0,0,0,0,0,0.003184,0,-4.584e-06,ok,0
DijkstraPrims,30,130,114,14820,0.000508669,30.06,41.1992,41.1992,52,0,0,0,0,0,0.000513,0,-4.331e-06,ok,0
BBMSCore,30,130,114,14820,0.00101928,30.06,41.2031,41.2031,90,0,0,0,0,0,0.001025,0,-5.718e-06,ok,1
BBMSInter,30,130,114,14820,0.000925471,30.06,41.2031,41.2031,206,0,0,0,0,0,0.00093,0,-4.529e-06,ok,1
BBMSDppInstant,30,130,114,14820,0.00292175,30.06,41.2031,41.2031,846,0,0,0,0,0,0.002928,0,-6.248e-06,ok,1
BBMSDppStepwise,30,130,114,14820,0.00316493,30.06,41.2031,41.2031,816,0,0,0,0,0,0.00317,0,-5.068e-06,ok,1
DijkstraPrims,30,130,114,14820,0.000513349,30.06,41.2031,41.2031,52,0,0,0,0,0,0.000519,0,-5.651e-06,ok,1
BBMSCore,30,130,114,14820,0.0010125,30.06,41.2031,41.2031,90,0,0,0,0,0,0.001017,0,-4.502e-06,ok,2
BBMSInter,30,130,114,14820,0.000926516,30.06,41.2031,41.2031,206,0,0,0,0,0,0.000932,0,-5.484e-06,ok,2
BBMSDppInstant,30,130,114,14820,0.00314919,30.06,41.2031,41.2031,846,0,0,0,0,0,0,0.003154,-4.807e-06,ok,2
BBMSDppStepwise,30,130,114,14820,0.00320665,30.06,41.2031,41.2031,816,0,0,0,0,0,0.003212,0,-5.349e-06,ok,2
DijkstraPrims,30,130,114,14820,0.000528325,30.06,41.2031,41.2031,52,0,0,0,0,0,0.000535,0,-6.675e-06,ok,2
BBMSCore,31,130,114,14820,0.00105767,30,41.207,41.207,90,0,0,0,0,0,0,0.001065,-7.33e-06,ok,0
BBMSInter,31,130,114,14820,0.000959866,30,41.207,41.207,206,0,0,0,0,0,0.000966,0,-6.134e-06,ok,0
BBMSDppInstant,31,130,114,14820,0.00297742,30,41.207,41.207,846,0,0,0,0,0,0.002983,0,-5.585e-06,ok,0
BBMSDppStepwise,31,130,114,14820,0.00332252,30,41.207,41.207,816,0,0,0,0,1,0,0.003277,4.5525e-05,ok,0
DijkstraPrims,31,130,114,14820,0.000175958,30,41.207,41.207,20,0,0,0,0,0,0.000181,0,-5.042e-06,ok,0
BBMSCore,31,130,114,14820,0.00105556,30,41.207,41.207,90,0,0,0,0,0,0.001061,0,-5.441e-06,ok,1
BBMSInter,31,130,114,14820,0.000949064,30,41.207,41.207,206,0,0,0,0,0,0.000954,0,-4.936e-06,ok,1
BBMSDppInstant,31,130,114,14820,0.0029947,30,41.207,41.207,846,0,0,0,0,0,0.003,0,-5.298e-06,ok,1
BBMSDppStepwise,31,130,114,14820,0.0032143,30,41.207,41.207,816,0,0,0,0,0,0,0.00322,-5.697e-06,ok,1
DijkstraPrims,31,130,114,14820,0.000173118,30,41.207,41.207,20,0,0,0,0,0,0.000178,0,-4.882e-06,ok,1
BBMSCore,31,130,114,14820,0.00104805,30,41.207,41.207,90,0,0,0,0,0,0,0.001052,-3.947e-06,ok,2
BBMSInter,31,130,114,14820,0.000958986,30,41.207,41.207,206,0,0,0,0,0,0.000964,0,-5.014e-06,ok,2
BBMSDppInstant,31,130,114,14820,0.00295565,30,41.207,41.207,846,0,0,0,0,0,0,0.00296,-4.354e-06,ok,2
BBMSDppStepwise,31,130,114,14820,0.00320754,30,41.207,41.207,816,0,0,0,0,0,0.003213,0,-5.465e-06,ok,2
DijkstraPrims,31,130,114,14820,0.000171419,30,41.207,41.207,20,0,0,0,0,0,0.000177,0,-5.581e-06,ok,2
BBMSCore,32,130,114,14820,0.00106711,30.06,41.2109,41.2109,90,0,0,0,0,0,0.001073,0,-5.885e-06,ok,0
BBMSInter,32,130,114,14820,0.000985096,30.06,41.2109,41.2109,206,0,0,0,0,0,0.000992,0,-6.904e-06,ok,0
BBMSDppInstant,32,130,114,14820,0.00325437,30.06,41.2109,41.2109,846,0,0,0,0,0,0,0.00326,-5.626e-06,ok,0
BBMSDppStepwise,32,130,114,14820,0.00325871,30.06,41.2109,41.2109,815,0,0,0,0,0,0.003265,0,-6.287e-06,ok,0
DijkstraPrims,32,130,114,14820,0.000446037,30.06,41.2109,41.2109,46,0,0,0,0,0,0.000451,0,-4.963e-06,ok,0
BBMSCore,32,130,114,14820,0.00106758,30.06,41.2109,41.2109,90,0,0,0,0,0,0.001073,0,-5.425e-06,ok,1
BBMSInter,32,130,114,14820,0.000964403,30.06,41.2109,41.2109,206,0,0,0,0,0,0.00097,0,-5.597e-06,ok,1
BBMSDppInstant,32,130,114,14820,0.00299867,30.06,41.2148,41.2148,846,0,0,0,0,0,0.003004,0,-5.327e-06,ok,1
BBMSDppStepwise,32,130,114,14820,0.00322989,30.06,41.2148,41.2148,815,0,0,0,0,0,0.003235,0,-5.105e-06,ok,1
DijkstraPrims,32,130,114,14820,0.000453291,30.06,41.2148,41.2148,46,0,0,0,0,0,0.000458,0,-4.709e-06,ok,1
BBMSCore,32,130,114,14820,0.00106985,30.06,41.2148,41.2148,90,0,0,0,0,0,0,0.001075,-5.145e-06,ok,2
BBMSInter,32,130,114,14820,0.000996406,30.06,41.2148,41.2148,206,0,0,0,0,0,0.001003,0,-6.594e-06,ok,2
BBMSDppInstant,32,130,114,14820,0.00298216,30.06,41.2148,41.2148,846,0,0,0,0,0,0.002987,0,-4.836e-06,ok,2
BBMSDppStepwise,32,130,114,14820,0.00325514,30.06,41.2148,41.2148,815,0,0,0,0,0,0.003261,0,-5.865e-06,ok,2
DijkstraPrims,32,130,114,14820,0.000450177,30.06,41.2188,41.2188,46,0,0,0,0,0,0.000455,0,-4.823e-06,ok,2
BBMSCore,33,130,114,14820,0.00105911,30.06,41.2188,41.2188,90,0,0,0,0,0,0.001065,0,-5.889e-06,ok,0
BBMSInter,33,130,114,14820,0.000945951,30.06,41.2227,41.2227,206,0,0,0,0,0,0.000952,0,-6.049e-06,ok,0
BBMSDppInstant,33,130,114,14820,0.00304599,30.06,41.2227,41.2227,846,0,0,0,0,0,0.003052,0,-6.007e-06,ok,0
BBMSDppStepwise,33,130,114,14820,0.00328683,30.06,41.2227,41.2227,814,0,0,0,0,0,0.003292,0,-5.168e-06,ok,0
DijkstraPrims,33,130,114,14820,0.000422685,30.06,41.2227,41.2227,45,0,0,0,0,0,0.000428,0,-5.315e-06,ok,0
BBMSCore,33,130,114,14820,0.00105177,30.06,41.2227,41.2227,90,0,0,0,0,0,0.001057,0,-5.231e-06,ok,1
BBMSInter,33,130,114,14820,0.00096198,30.06,41.2227,41.2227,206,0,0,0,0,0,0.000967,0,-5.02e-06,ok,1
BBMSDppInstant,33,130,114,14820,0.00308607,30.06,41.2227,41.2227,846,0,0,0,0,1,0.003023,0,6.307e-05,ok,1
BBMSDppStepwise,33,130,114,14820,0.00318964,30.06,41.2227,41.2227,814,0,0,0,0,0,0.003195,0,-5.362e-06,ok,1
DijkstraPrims,33,130,114,14820,0.000425467,30.06,41.2227,41.2227,45,0,0,0,0,0,0.00043,0,-4.533e-06,ok,1
BBMSCore,33,130,114,14820,0.00106131,30.06,41.2227,41.2227,90,0,0,0,0,0,0.001066,0,-4.695e-06,ok,2
BBMSInter,33,130,114,14820,0.000946635,30.06,41.2227,41.2227,206,0,0,0,0,0,0.000953,0,-6.365e-06,ok,2
BBMSDppInstant,33,130,114,14820,0.00294145,30.06,41.2227,41.2227,846,0,0,0,0,0,0.002947,0,-5.547e-06,ok,2
BBMSDppStepwise,33,130,114,14820,0.00339344,30.06,41.2227,41.2227,814,0,0,0,0,1,0.00339,0,3.437e-06,ok,2
DijkstraPrims,33,130,114,14820,0.000422314,30.06,41.2227,41.2227,45,0,0,0,0,0,0.000427,0,-4.686e-06,ok,2
BBMSCore,34,130,114,14820,0.00106681,30,41.2266,41.2266,90,0,0,0,0,0,0.001073,0,-6.186e-06,ok,0
BBMSInter,34,130,114,14820,0.00111542,30,41.2266,41.2266,206,0,0,0,0,1,0,0.001018,9.7416e-05,ok,0
BBMSDppInstant,34,130,114,14820,0.00297846,30,41.2266,41.2266,847,0,0,0,0,0,0.002985,0,-6.538e-06,ok,0
BBMSDppStepwise,34,130,114,14820,0.00321164,30,41.2266,41.2266,814,0,0,0,0,0,0.003217,0,-5.361e-06,ok,0
DijkstraPrims,34,130,114,14820,8.9155e-05,30,41.2266,41.2266,13,0,0,0,0,0,9.4e-05,0,-4.845e-06,ok,0
BBMSCore,34,130,114,14820,0.00108139,30,41.2266,41.2266,90,0,0,0,0,0,0.001086,0,-4.613e-06,ok,1
BBMSInter,34,130,114,14820,0.000971432,30,41.2266,41.2266,206,0,0,0,0,0,0.000977,0,-5.568e-06,ok,1
BBMSDppInstant,34,130,114,14820,0.00306185,30,41.2266,41.2266,847,0,0,0,0,1,0,0.003023,3.8845e-05,ok,1
BBMSDppStepwise,34,130,114,14820,0.00323071,30,41.2305,41.2305,814,0,0,0,0,0,0.003237,0,-6.29e-06,ok,1
DijkstraPrims,34,130,114,14820,9.1905e-05,30,41.2305,41.2305,13,0,0,0,0,0,0.000106,0,-1.4095e-05,ok,1
BBMSCore,34,130,114,14820,0.00108854,30,41.2305,41.2305,90,0,0,0,0,0,0.001094,0,-5.464e-06,ok,2
BBMSInter,34,130,114,14820,0.000992121,30,41.2305,41.2305,206,0,0,0,0,0,0.000997,0,-4.879e-06,ok,2
BBMSDppInstant,34,130,114,14820,0.00299461,30,41.2305,41.2305,847,0,0,0,0,0,0.003,0,-5.393e-06,ok,2
BBMSDppStepwise,34,130,114,14820,0.00322506,30,41.2305,41.2305,814,0,0,0,0,0,0.003231,0,-5.94e-06,ok,2
DijkstraPrims,34,130,114,14820,9.2343e-05,30,41.2305,41.2305,13,0,0,0,0,0,9.7e-05,0,-4.657e-06,ok,2
BBMSCore,35,130,114,14820,0.00103267,30,41.2344,41.2344,90,0,0,0,0,0,0.001039,0,-6.333e-06,ok,0
BBMSInter,35,130,114,14820,0.000988257,30,41.2344,41.2344,206,0,0,0,0,0,0,0.000995,-6.743e-06,ok,0
BBMSDppInstant,35,130,114,14820,0.00322881,30,41.2344,41.2344,845,0,0,0,0,0,0.003234,0,-5.185e-06,ok,0
BBMSDppStepwise,35,130,114,14820,0.00329903,30,41.2344,41.2344,817,0,0,0,0,0,0.003305,0,-5.968e-06,ok,0
DijkstraPrims,35,130,114,14820,0.000289304,30,41.2344,41.2344,31,0,0,0,0,0,0.000294,0,-4.696e-06,ok,0
BBMSCore,35,130,114,14820,0.00103738,30,41.2344,41.2344,90,0,0,0,0,0,0.001043,0,-5.621e-06,ok,1
BBMSInter,35,130,114,14820,0.000945963,30,41.2344,41.2344,206,0,0,0,0,0,0.000951,0,-5.037e-06,ok,1
BBMSDppInstant,35,130,114,14820,0.00315486,30,41.2344,41.2344,845,0,0,0,0,0,0.003161,0,-6.136e-06,ok,1
BBMSDppStepwise,35,130,114,14820,0.00339929,30,41.2344,41.2344,817,0,0,0,0,0,0.003405,0,-5.711e-06,ok,1
DijkstraPrims,35,130,114,14820,0.000282718,30,41.2344,41.2344,31,0,0,0,0,0,0.000288,0,-5.282e-06,ok,1
BBMSCore,35,130,114,14820,0.00103822,30,41.2344,41.2344,90,0,0,0,0,0,0.001043,0,-4.781e-06,ok,2
BBMSInter,35,130,114,14820,0.000950036,30,41.2344,41.2344,206,0,0,0,0,0,0.000956,0,-5.964e-06,ok,2
BBMSDppInstant,35,130,114,14820,0.00314676,30,41.2344,41.2344,845,0,0,0,0,1,0.003122,0,2.4759e-05,ok,2
BBMSDppStepwise,35,130,114,14820,0.00336161,30,41.2344,41.2344,817,0,0,0,0,0,0.003367,0,-5.392e-06,ok,2
DijkstraPrims,35,130,114,14820,0.000281488,30,41.2344,41.2344,31,0,0,0,0,0,0.000287,0,-5.512e-06,ok,2
BBMSCore,36,130,114,14820,0.00107033,30,41.2383,41.2383,90,0,0,0,0,0,0.001076,0,-5.674e-06,ok,0
BBMSInter,36,130,114,14820,0.000967841,30,41.2383,41.2383,206,0,0,0,0,0,0.000974,0,-6.159e-06,ok,0
BBMSDppInstant,36,130,114,14820,0.00306804,30,41.2383,41.2383,848,0,0,0,0,0,0,0.003073,-4.96e-06,ok,0
BBMSDppStepwise,36,130,114,14820,0.00349227,30,41.2383,41.2383,815,0,0,0,0,1,0.003454,0,3.8274e-05,ok,0
DijkstraPrims,36,130,114,14820,0.000135342,30,41.2422,41.2422,16,0,0,0,0,0,0.000141,0,-5.658e-06,ok,0
BBMSCore,36,130,114,14820,0.00109138,30,41.2422,41.2422,90,0,0,0,0,0,0.001096,0,-4.616e-06,ok,1
BBMSInter,36,130,114,14820,0.000983171,30,41.2422,41.2422,206,0,0,0,0,0,0.000989,0,-5.829e-06,ok,1
BBMSDppInstant,36,130,114,14820,0.00332636,30,41.2422,41.2422,848,0,0,0,0,1,0.003292,0,3.4356e-05,ok,1
BBMSDppStepwise,36,130,114,14820,0.00327012,30,41.2422,41.2422,815,0,0,0,0,0,0.003275,0,-4.88e-06,ok,1
DijkstraPrims,36,130,114,14820,0.000134955,30,41.2422,41.2422,16,0,0,0,0,0,0,0.00014,-5.045e-06,ok,1
BBMSCore,36,130,114,14820,0.00107341,30,41.2461,41.2461,90,0,0,0,0,0,0.001078,0,-4.593e-06,ok,2
BBMSInter,36,130,114,14820,0.000980231,30,41.2461,41.2461,206,0,0,0,0,0,0.000985,0,-4.769e-06,ok,2
BBMSDppInstant,36,130,114,14820,0.0030047,30,41.2461,41.2461,848,0,0,0,0,0,0.00301,0,-5.301e-06,ok,2
BBMSDppStepwise,36,130,114,14820,0.00321138,30,41.2461,41.2461,815,0,0,0,0,0,0.003217,0,-5.62e-06,ok,2
DijkstraPrims,36,130,114,14820,0.000138183,30,41.2461,41.2461,16,0,0,0,0,0,0.000143,0,-4.817e-06,ok,2
BBMSCore,37,130,114,14820,0.00111147,30,41.25,41.25,90,0,0,0,0,0,0.001118,0,-6.527e-06,ok,0
BBMSInter,37,130,114,14820,0.000985933,30,41.25,41.25,206,0,0,0,0,0,0.000992,0,-6.067e-06,ok,0
BBMSDppInstant,37,130,114,14820,0.00326748,30,41.25,41.25,847,0,0,0,0,0,0.003273,0,-5.517e-06,ok,0
BBMSDppStepwise,37,130,114,14820,0.00325275,30,41.25,41.25,817,0,0,0,0,0,0.003258,0,-5.251e-06,ok,0
DijkstraPrims,37,130,114,14820,0.000169082,30,41.25,41.25,21,0,0,0,0,0,0.000174,0,-4.918e-06,ok,0
BBMSCore,37,130,114,14820,0.00106142,30,41.25,41.25,90,0,0,0,0,0,0.001066,0,-4.578e-06,ok,1
BBMSInter,37,130,114,14820,0.000963033,30,41.25,41.25,206,0,0,0,0,0,0.000968,0,-4.967e-06,ok,1
BBMSDppInstant,37,130,114,14820,0.00299573,30,41.25,41.25,847,0,0,0,0,0,0.003002,0,-6.27e-06,ok,1
BBMSDppStepwise,37,130,114,14820,0.00349266,30,41.25,41.25,817,0,0,0,0,0,0.003498,0,-5.34e-06,ok,1
DijkstraPrims,37,130,114,14820,0.000178242,30,41.25,41.25,21,0,0,0,0,0,0.000184,0,-5.758e-06,ok,1
BBMSCore,37,130,114,14820,0.00106174,30,41.25,41.25,90,0,0,0,0,0,0,0.001068,-6.256e-06,ok,2
BBMSInter,37,130,114,14820,0.000970689,30,41.25,41.25,206,0,0,0,0,0,0.000976,0,-5.311e-06,ok,2
BBMSDppInstant,37,130,114,14820,0.0030147,30,41.25,41.25,847,0,0,0,0,0,0.00302,0,-5.298e-06,ok,2
BBMSDppStepwise,37,130,114,14820,0.00328288,30,41.25,41.25,817,0,0,0,0,0,0.003288,0,-5.124e-06,ok,2
DijkstraPrims,37,130,114,14820,0.000173268,30,41.25,41.25,21,0,0,0,0,0,0.000178,0,-4.732e-06,ok,2
BBMSCore,38,130,114,14820,0.00105377,30.06,41.2539,41.2539,90,0,0,0,0,0,0.00106,0,-6.227e-06,ok,0
BBMSInter,38,130,114,14820,0.000952725,30.06,41.2539,41.2539,206,0,0,0,0,0,0.000958,0,-5.275e-06,ok,0
BBMSDppInstant,38,130,114,14820,0.00312603,30.06,41.2539,41.2539,847,0,0,0,0,0,0.003132,0,-5.973e-06,ok,0
BBMSDppStepwise,38,130,114,14820,0.00324744,30.06,41.2539,41.2539,817,0,0,0,0,0,0.003253,0,-5.556e-06,ok,0
DijkstraPrims,38,130,114,14820,0.000479813,30.06,41.2539,41.2539,50,0,0,0,0,0,0.000485,0,-5.187e-06,ok,0
BBMSCore,38,130,114,14820,0.00105874,30.06,41.2539,41.2539,90,0,0,0,0,0,0.001064,0,-5.264e-06,ok,1
BBMSInter,38,130,114,14820,0.000974331,30.06,41.2539,41.2539,206,0,0,0,0,0,0.000979,0,-4.669e-06,ok,1
BBMSDppInstant,38,130,114,14820,0.00310295,30.06,41.2539,41.2539,847,0,0,0,0,0,0,0.003108,-5.05e-06,ok,1
BBMSDppStepwise,38,130,114,14820,0.0033075,30.06,41.2539,41.2539,817,0,0,0,0,1,0,0.003295,1.25e-05,ok,1
DijkstraPrims,38,130,114,14820,0.000498561,30.06,41.2539,41.2539,50,0,0,0,0,0,0.000504,0,-5.439e-06,ok,1
BBMSCore,38,130,114,14820,0.00105974,30.06,41.2539,41.2539,90,0,0,0,0,0,0.001065,0,-5.261e-06,ok,2
BBMSInter,38,130,114,14820,0.000968919,30.06,41.2578,41.2578,206,0,0,0,0,0,0.000975,0,-6.081e-06,ok,2
BBMSDppInstant,38,130,114,14820,0.00301691,30.06,41.2578,41.2578,847,0,0,0,0,0,0.003022,0,-5.092e-06,ok,2
BBMSDppStepwise,38,130,114,14820,0.00319646,30.06,41.2578,41.2578,817,0,0,0,0,0,0.003202,0,-5.541e-06,ok,2
DijkstraPrims,38,130,114,14820,0.000486754,30.06,41.2578,41.2578,50,0,0,0,0,0,0.000492,0,-5.246e-06,ok,2
BBMSCore,39,130,114,14820,0.00102811,30,41.2578,41.2578,90,0,0,0,0,0,0.001034,0,-5.887e-06,ok,0
BBMSInter,39,130,114,14820,0.000980384,30,41.2617,41.2617,206,0,0,0,0,0,0,0.000985,-4.616e-06,ok,0
BBMSDppInstant,39,130,114,14820,0.00311749,30,41.2617,41.2617,844,0,0,0,0,0,0.003123,0,-5.511e-06,ok,0
BBMSDppStepwise,39,130,114,14820,0.00326028,30,41.2617,41.2617,814,0,0,0,0,0,0.003266,0,-5.716e-06,ok,0
DijkstraPrims,39,130,114,14820,0.000201905,30,41.2617,41.2617,24,0,0,0,0,0,0.000207,0,-5.095e-06,ok,0
BBMSCore,39,130,114,14820,0.00102223,30,41.2617,41.2617,90,0,0,0,0,0,0,0.001028,-5.771e-06,ok,1
BBMSInter,39,130,114,14820,0.000921213,30,41.2617,41.2617,206,0,0,0,0,0,0.000927,0,-5.787e-06,ok,1
BBMSDppInstant,39,130,114,14820,0.00294955,30,41.2617,41.2617,844,0,0,0,0,0,0,0.002955,-5.451e-06,ok,1
BBMSDppStepwise,39,130,114,14820,0.00325912,30,41.2617,41.2617,814,0,0,0,0,0,0.003266,0,-6.875e-06,ok,1
DijkstraPrims,39,130,114,14820,0.000200124,30,41.2656,41.2656,24,0,0,0,0,0,0.000205,0,-4.876e-06,ok,1
BBMSCore,39,130,114,14820,0.00105081,30,41.2656,41.2656,90,0,0,0,0,0,0.001056,0,-5.186e-06,ok,2
BBMSInter,39,130,114,14820,0.000930814,30,41.2656,41.2656,206,0,0,0,0,0,0.000936,0,-5.186e-06,ok,2
BBMSDppInstant,39,130,114,14820,0.00313,30,41.2656,41.2656,844,0,0,0,0,1,0,0.003076,5.4004e-05,ok,2
BBMSDppStepwise,39,130,114,14820,0.00320106,30,41.2656,41.2656,814,0,0,0,0,0,0.003206,0,-4.936e-06,ok,2
DijkstraPrims,39,130,114,14820,0.000202231,30,41.2656,41.2656,24,0,0,0,0,0,0,0.000208,-5.769e-06,ok,2
BBMSCore,40,130,114,14820,0.00106504,30.06,41.2695,41.2695,90,0,0,0,0,0,0.001071,0,-5.955e-06,ok,0
BBMSInter,40,130,114,14820,0.000983321,30.06,41.2695,41.2695,206,0,0,0,0,0,0.000989,0,-5.679e-06,ok,0
BBMSDppInstant,40,130,114,14820,0.0031291,30.06,41.2695,41.2695,846,0,0,0,0,0,0.003135,0,-5.904e-06,ok,0
BBMSDppStepwise,40,130,114,14820,0.00335715,30.06,41.2695,41.2695,813,0,0,0,0,0,0.003362,0,-4.854e-06,ok,0
DijkstraPrims,40,130,114,14820,0.000401967,30.06,41.2695,41.2695,44,0,0,0,0,0,0.000408,0,-6.033e-06,ok,0
BBMSCore,40,130,114,14820,0.00106094,30.06,41.2695,41.2695,90,0,0,0,0,0,0.001066,0,-5.063e-06,ok,1
BBMSInter,40,130,114,14820,0.000993625,30.06,41.2695,41.2695,206,0,0,0,0,0,0.000999,0,-5.375e-06,ok,1
BBMSDppInstant,40,130,114,14820,0.00295774,30.06,41.2695,41.2695,846,0,0,0,0,0,0.002963,0,-5.255e-06,ok,1
BBMSDppStepwise,40,130,114,14820,0.00339532,30.06,41.2695,41.2695,813,0,0,0,0,1,0.003298,0,9.7321e-05,ok,1
DijkstraPrims,40,130,114,14820,0.00040037,30.06,41.2695,41.2695,44,0,0,0,0,0,0.000406,0,-5.63e-06,ok,1
BBMSCore,40,130,114,14820,0.00107458,30.06,41.2695,41.2695,90,0,0,0,0,0,0.00108,0,-5.424e-06,ok,2
BBMSInter,40,130,114,14820,0.000969321,30.06,41.2695,41.2695,206,0,0,0,0,0,0.000975,0,-5.679e-06,ok,2
BBMSDppInstant,40,130,114,14820,0.00300321,30.06,41.2695,41.2695,846,0,0,0,0,0,0.003008,0,-4.789e-06,ok,2
BBMSDppStepwise,40,130,114,14820,0.00321698,30.06,41.2734,41.2734,813,0,0,0,0,0,0.003223,0,-6.023e-06,ok,2
DijkstraPrims,40,130,114,14820,0.000407949,30.06,41.2734,41.2734,44,0,0,0,0,0,0,0.000413,-5.051e-06,ok,2
BBMSCore,41,130,114,14820,0.00102865,30,41.2734,41.2734,90,0,0,0,0,0,0.001034,0,-5.347e-06,ok,0
BBMSInter,41,130,114,14820,0.000981634,30,41.2773,41.2773,206,0,0,0,0,0,0.000988,0,-6.366e-06,ok,0
BBMSDppInstant,41,130,114,14820,0.00293076,30,41.2773,41.2773,847,0,0,0,0,0,0.002936,0,-5.24e-06,ok,0
BBMSDppStepwise,41,130,114,14820,0.00319593,30,41.2773,41.2773,815,0,0,0,0,0,0.003202,0,-6.075e-06,ok,0
DijkstraPrims,41,130,114,14820,0.000192192,30,41.2773,41.2773,23,0,0,0,0,0,0.000197,0,-4.808e-06,ok,0
BBMSCore,41,130,114,14820,0.0010057,30,41.2773,41.2773,90,0,0,0,0,0,0.001011,0,-5.298e-06,ok,1
BBMSInter,41,130,114,14820,0.000942355,30,41.2773,41.2773,206,0,0,0,0,0,0.000948,0,-5.645e-06,ok,1
BBMSDppInstant,41,130,114,14820,0.00317525,30,41.2773,41.2773,847,0,0,0,0,0,0.003181,0,-5.755e-06,ok,1
BBMSDppStepwise,41,130,114,14820,0.00335647,30,41.2773,41.2773,815,0,0,0,0,0,0.003362,0,-5.532e-06,ok,1
DijkstraPrims,41,130,114,14820,0.000187542,30,41.2773,41.2773,23,0,0,0,0,0,0.000193,0,-5.458e-06,ok,1
BBMSCore,41,130,114,14820,0.00108833,30,41.2773,41.2773,90,0,0,0,0,1,0.001078,0,1.0326e-05,ok,2
BBMSInter,41,130,114,14820,0.000928826,30,41.2773,41.2773,206,0,0,0,0,0,0.000934,0,-5.174e-06,ok,2
BBMSDppInstant,41,130,114,14820,0.00301923,30,41.2773,41.2773,847,0,0,0,0,0,0.003025,0,-5.765e-06,ok,2
BBMSDppStepwise,41,130,114,14820,0.00319207,30,41.2773,41.2773,815,0,0,0,0,0,0.003198,0,-5.928e-06,ok,2
DijkstraPrims,41,130,114,14820,0.000192245,30,41.2773,41.2773,23,0,0,0,0,0,0.000198,0,-5.755e-06,ok,2
BBMSCore,42,130,114,14820,0.00104716,30,41.2812,41.2812,90,0,0,0,0,0,0.001053,0,-5.838e-06,ok,0
BBMSInter,42,130,114,14820,0.000997026,30,41.2812,41.2812,206,0,0,0,0,0,0.001002,0,-4.974e-06,ok,0
BBMSDppInstant,42,130,114,14820,0.00316733,30,41.2812,41.2812,845,0,0,0,0,0,0.003173,0,-5.67e-06,ok,0
BBMSDppStepwise,42,130,114,14820,0.00329299,30,41.2812,41.2812,816,0,0,0,0,0,0.003299,0,-6.012e-06,ok,0
DijkstraPrims,42,130,114,14820,0.000225541,30,41.2812,41.2812,26,0,0,0,0,0,0.000231,0,-5.459e-06,ok,0
BBMSCore,42,130,114,14820,0.00105918,30,41.2812,41.2812,90,0,0,0,0,0,0.001065,0,-5.816e-06,ok,1
BBMSInter,42,130,114,14820,0.000958572,30,41.2812,41.2812,206,0,0,0,0,0,0.000964,0,-5.428e-06,ok,1
BBMSDppInstant,42,130,114,14820,0.00298812,30,41.2812,41.2812,845,0,0,0,0,0,0,0.002994,-5.879e-06,ok,1
BBMSDppStepwise,42,130,114,14820,0.00330179,30,41.2812,41.2812,816,0,0,0,0,0,0.003307,0,-5.213e-06,ok,1
DijkstraPrims,42,130,114,14820,0.000222581,30,41.2812,41.2812,26,0,0,0,0,0,0.000228,0,-5.419e-06,ok,1
BBMSCore,42,130,114,14820,0.00105303,30,41.2812,41.2812,90,0,0,0,0,0,0.001058,0,-4.973e-06,ok,2
BBMSInter,42,130,114,14820,0.000960237,30,41.2812,41.2812,206,0,0,0,0,0,0.000965,0,-4.763e-06,ok,2
BBMSDppInstant,42,130,114,14820,0.00298585,30,41.2812,41.2812,845,0,0,0,0,0,0.002991,0,-5.153e-06,ok,2
BBMSDppStepwise,42,130,114,14820,0.00331368,30,41.2812,41.2812,816,0,0,0,0,0,0.00332,0,-6.315e-06,ok,2
DijkstraPrims,42,130,114,14820,0.00022695,30,41.2891,41.2891,26,0,0,0,0,0,0.000233,0,-6.05e-06,ok,2
BBMSCore,43,130,114,14820,0.00106047,30,41.2891,41.2891,90,0,0,0,0,0,0.001066,0,-5.532e-06,ok,0
BBMSInter,43,130,114,14820,0.000978241,30,41.293,41.293,206,0,0,0,0,0,0,0.000984,-5.759e-06,ok,0
BBMSDppInstant,43,130,114,14820,0.00315739,30,41.293,41.293,847,0,0,0,0,1,0.003059,0,9.8389e-05,ok,0
BBMSDppStepwise,43,130,114,14820,0.00320916,30,41.293,41.293,816,0,0,0,0,0,0.003215,0,-5.844e-06,ok,0
DijkstraPrims,43,130,114,14820,0.000189581,30,41.293,41.293,22,0,0,0,0,0,0.000195,0,-5.419e-06,ok,0
BBMSCore,43,130,114,14820,0.00105419,30,41.293,41.293,90,0,0,0,0,0,0.001059,0,-4.805e-06,ok,1
BBMSInter,43,130,114,14820,0.000977253,30,41.293,41.293,206,0,0,0,0,0,0.000982,0,-4.747e-06,ok,1
BBMSDppInstant,43,130,114,14820,0.00301407,30,41.293,41.293,847,0,0,0,0,0,0.003019,0,-4.928e-06,ok,1
BBMSDppStepwise,43,130,114,14820,0.00322333,30,41.293,41.293,816,0,0,0,0,0,0,0.003229,-5.671e-06,ok,1
DijkstraPrims,43,130,114,14820,0.000191139,30,41.293,41.293,22,0,0,0,0,0,0.000196,0,-4.861e-06,ok,1
BBMSCore,43,130,114,14820,0.00104878,30,41.293,41.293,90,0,0,0,0,0,0.001054,0,-5.22e-06,ok,2
BBMSInter,43,130,114,14820,0.00100983,30,41.293,41.293,206,0,0,0,0,0,0.001015,0,-5.174e-06,ok,2
BBMSDppInstant,43,130,114,14820,0.00296661,30,41.293,41.293,847,0,0,0,0,0,0.002972,0,-5.388e-06,ok,2
BBMSDppStepwise,43,130,114,14820,0.00320504,30,41.293,41.293,816,0,0,0,0,0,0.003211,0,-5.958e-06,ok,2
DijkstraPrims,43,130,114,14820,0.00018997,30,41.293,41.293,22,0,0,0,0,0,0.000195,0,-5.03e-06,ok,2
BBMSCore,44,130,114,14820,0.00105978,30,41.2969,41.2969,90,0,0,0,0,0,0.001065,0,-5.217e-06,ok,0
BBMSInter,44,130,114,14820,0.000972191,30,41.2969,41.2969,206,0,0,0,0,0,0.000978,0,-5.809e-06,ok,0
BBMSDppInstant,44,130,114,14820,0.00321747,30,41.2969,41.2969,846,0,0,0,0,0,0.003223,0,-5.534e-06,ok,0
BBMSDppStepwise,44,130,114,14820,0.00329282,30,41.2969,41.2969,814,0,0,0,0,0,0.003298,0,-5.177e-06,ok,0
DijkstraPrims,44,130,114,14820,0.000180422,30,41.2969,41.2969,20,0,0,0,0,0,0.000186,0,-5.578e-06,ok,0
BBMSCore,44,130,114,14820,0.00109506,30,41.2969,41.2969,90,0,0,0,0,0,0.0011,0,-4.939e-06,ok,1
BBMSInter,44,130,114,14820,0.000979442,30,41.2969,41.2969,206,0,0,0,0,0,0.000985,0,-5.558e-06,ok,1
BBMSDppInstant,44,130,114,14820,0.00296725,30,41.2969,41.2969,846,0,0,0,0,0,0,0.002972,-4.75e-06,ok,1
BBMSDppStepwise,44,130,114,14820,0.00323632,30,41.2969,41.2969,814,0,0,0,0,0,0.003242,0,-5.685e-06,ok,1
DijkstraPrims,44,130,114,14820,0.000171747,30,41.2969,41.2969,20,0,0,0,0,0,0.000177,0,-5.253e-06,ok,1
BBMSCore,44,130,114,14820,0.00106271,30,41.2969,41.2969,90,0,0,0,0,0,0.001068,0,-5.289e-06,ok,2
BBMSInter,44,130,114,14820,0.000945729,30,41.2969,41.2969,206,0,0,0,0,0,0,0.000951,-5.271e-06,ok,2
BBMSDppInstant,44,130,114,14820,0.003,30,41.2969,41.2969,846,0,0,0,0,0,0.003005,0,-5.005e-06,ok,2
BBMSDppStepwise,44,130,114,14820,0.00320963,30,41.2969,41.2969,814,0,0,0,0,0,0.003215,0,-5.373e-06,ok,2
DijkstraPrims,44,130,114,14820,0.000177939,30,41.2969,41.2969,20,0,0,0,0,0,0,0.000184,-6.061e-06,ok,2
BBMSCore,45,130,114,14820,0.00105784,30,41.3008,41.3008,90,0,0,0,0,0,0.001065,0,-7.156e-06,ok,0
BBMSInter,45,130,114,14820,0.000965402,30,41.3047,41.3047,206,0,0,0,0,0,0.000971,0,-5.598e-06,ok,0
BBMSDppInstant,45,130,114,14820,0.00297422,30,41.3047,41.3047,845,0,0,0,0,0,0.00298,0,-5.779e-06,ok,0
BBMSDppStepwise,45,130,114,14820,0.00317811,30,41.3047,41.3047,815,0,0,0,0,0,0,0.003184,-5.895e-06,ok,0
DijkstraPrims,45,130,114,14820,0.000136078,30,41.3047,41.3047,15,0,0,0,0,0,0.000141,0,-4.922e-06,ok,0
BBMSCore,45,130,114,14820,0.00107098,30,41.3047,41.3047,90,0,0,0,0,0,0.001076,0,-5.023e-06,ok,1
BBMSInter,45,130,114,14820,0.00117374,30,41.3047,41.3047,206,0,0,0,0,1,0.001083,0,9.0742e-05,ok,1
BBMSDppInstant,45,130,114,14820,0.00293809,30,41.3047,41.3047,845,0,0,0,0,0,0.002943,0,-4.907e-06,ok,1
BBMSDppStepwise,45,130,114,14820,0.0032039,30,41.3047,41.3047,815,0,0,0,0,0,0,0.003209,-5.105e-06,ok,1
DijkstraPrims,45,130,114,14820,0.000136506,30,41.3047,41.3047,15,0,0,0,0,0,0.000142,0,-5.494e-06,ok,1
BBMSCore,45,130,114,14820,0.0010556,30,41.3047,41.3047,90,0,0,0,0,0,0.001061,0,-5.404e-06,ok,2
BBMSInter,45,130,114,14820,0.00097759,30,41.3047,41.3047,206,0,0,0,0,0,0.000983,0,-5.41e-06,ok,2
BBMSDppInstant,45,130,114,14820,0.00300221,30,41.3047,41.3047,845,0,0,0,0,0,0.003008,0,-5.792e-06,ok,2
BBMSDppStepwise,45,130,114,14820,0.0032037,30,41.3047,41.3047,815,0,0,0,0,0,0.003209,0,-5.296e-06,ok,2
DijkstraPrims,45,130,114,14820,0.000131001,30,41.3047,41.3047,15,0,0,0,0,0,0.000137,0,-5.999e-06,ok,2
BBMSCore,46,130,114,14820,0.00107223,30,41.3086,41.3086,90,0,0,0,0,0,0.001078,0,-5.769e-06,ok,0
BBMSInter,46,130,114,14820,0.000992281,30,41.3086,41.3086,206,0,0,0,0,0,0.000998,0,-5.719e-06,ok,0
BBMSDppInstant,46,130,114,14820,0.00314765,30,41.3086,41.3086,846,0,0,0,0,0,0.003152,0,-4.353e-06,ok,0
BBMSDppStepwise,46,130,114,14820,0.00323725,30,41.3086,41.3086,815,0,0,0,0,0,0,0.003242,-4.75e-06,ok,0
DijkstraPrims,46,130,114,14820,9.8428e-05,30,41.3125,41.3125,14,0,0,0,0,0,0.000104,0,-5.572e-06,ok,0
BBMSCore,46,130,114,14820,0.00107991,30,41.3125,41.3125,90,0,0,0,0,0,0.001085,0,-5.094e-06,ok,1
BBMSInter,46,130,114,14820,0.000963089,30,41.3125,41.3125,206,0,0,0,0,0,0.000968,0,-4.911e-06,ok,1
BBMSDppInstant,46,130,114,14820,0.00294162,30,41.3125,41.3125,846,0,0,0,0,0,0.002947,0,-5.375e-06,ok,1
BBMSDppStepwise,46,130,114,14820,0.00341217,30,41.3125,41.3125,815,0,0,0,0,1,0.00339,0,2.2173e-05,ok,1
DijkstraPrims,46,130,114,14820,0.000101505,30,41.3125,41.3125,14,0,0,0,0,0,0.000107,0,-5.495e-06,ok,1
BBMSCore,46,130,114,14820,0.00110336,30,41.3125,41.3125,90,0,0,0,0,0,0.001108,0,-4.642e-06,ok,2
BBMSInter,46,130,114,14820,0.000986546,30,41.3125,41.3125,206,0,0,0,0,0,0.000992,0,-5.454e-06,ok,2
BBMSDppInstant,46,130,114,14820,0.00302416,30,41.3125,41.3125,846,0,0,0,0,1,0,0.002987,3.7156e-05,ok,2
BBMSDppStepwise,46,130,114,14820,0.00319846,30,41.3125,41.3125,815,0,0,0,0,0,0.003204,0,-5.544e-06,ok,2
DijkstraPrims,46,130,114,14820,9.9635e-05,30,41.3125,41.3125,14,0,0,0,0,0,0.000104,0,-4.365e-06,ok,2
BBMSCore,47,130,114,14820,0.00105117,30,41.3164,41.3164,90,0,0,0,0,0,0.001058,0,-6.834e-06,ok,0
BBMSInter,47,130,114,14820,0.000932435,30,41.3164,41.3164,206,0,0,0,0,0,0,0.000938,-5.565e-06,ok,0
BBMSDppInstant,47,130,114,14820,0.00303748,30,41.3203,41.3203,844,0,0,0,0,1,0.003031,0,6.477e-06,ok,0
BBMSDppStepwise,47,130,114,14820,0.00318445,30,41.3203,41.3203,815,0,0,0,0,0,0.00319,0,-5.553e-06,ok,0
DijkstraPrims,47,130,114,14820,0.00016503,30,41.3203,41.3203,21,0,0,0,0,0,0,0.000171,-5.97e-06,ok,0
BBMSCore,47,130,114,14820,0.00103159,30,41.3203,41.3203,90,0,0,0,0,0,0.001037,0,-5.407e-06,ok,1
BBMSInter,47,130,114,14820,0.000949624,30,41.3203,41.3203,206,0,0,0,0,0,0.000954,0,-4.376e-06,ok,1
BBMSDppInstant,47,130,114,14820,0.00302255,30,41.3203,41.3203,844,0,0,0,0,1,0.003016,0,6.547e-06,ok,1
BBMSDppStepwise,47,130,114,14820,0.00320744,30,41.3203,41.3203,815,0,0,0,0,0,0.003213,0,-5.562e-06,ok,1
DijkstraPrims,47,130,114,14820,0.000161709,30,41.3203,41.3203,21,0,0,0,0,0,0.000167,0,-5.291e-06,ok,1
BBMSCore,47,130,114,14820,0.00104331,30,41.3203,41.3203,90,0,0,0,0,0,0.001048,0,-4.686e-06,ok,2
BBMSInter,47,130,114,14820,0.00093809,30,41.3203,41.3203,206,0,0,0,0,0,0.000943,0,-4.91e-06,ok,2
BBMSDppInstant,47,130,114,14820,0.00293892,30,41.3203,41.3203,844,0,0,0,0,0,0.002945,0,-6.081e-06,ok,2
BBMSDppStepwise,47,130,114,14820,0.00318275,30,41.3203,41.3203,815,0,0,0,0,0,0.003189,0,-6.254e-06,ok,2
DijkstraPrims,47,130,114,14820,0.000169647,30,41.3203,41.3203,21,0,0,0,0,0,0.000174,0,-4.353e-06,ok,2
BBMSCore,48,130,114,14820,0.00106633,30,41.3242,41.3242,90,0,0,0,0,0,0.001073,0,-6.666e-06,ok,0
BBMSInter,48,130,114,14820,0.00098905,30,41.3242,41.3242,206,0,0,0,0,0,0.000995,0,-5.95e-06,ok,0
BBMSDppInstant,48,130,114,14820,0.00316146,30,41.3242,41.3242,846,0,0,0,0,0,0.003167,0,-5.544e-06,ok,0
BBMSDppStepwise,48,130,114,14820,0.00326212,30,41.3242,41.3242,813,0,0,0,0,0,0,0.003267,-4.881e-06,ok,0
DijkstraPrims,48,130,114,14820,9.8071e-05,30,41.3242,41.3242,14,0,0,0,0,0,0.000103,0,-4.929e-06,ok,0
BBMSCore,48,130,114,14820,0.00108008,30,41.3242,41.3242,90,0,0,0,0,0,0.001085,0,-4.919e-06,ok,1
BBMSInter,48,130,114,14820,0.000972996,30,41.3242,41.3242,206,0,0,0,0,0,0.000979,0,-6.004e-06,ok,1
BBMSDppInstant,48,130,114,14820,0.00293313,30,41.3242,41.3242,846,0,0,0,0,0,0.002939,0,-5.87e-06,ok,1
BBMSDppStepwise,48,130,114,14820,0.00320317,30,41.3242,41.3242,813,0,0,0,0,0,0.003209,0,-5.827e-06,ok,1
DijkstraPrims,48,130,114,14820,9.7889e-05,30,41.3242,41.3242,14,0,0,0,0,0,0.000103,0,-5.111e-06,ok,1
BBMSCore,48,130,114,14820,0.00105958,30,41.3242,41.3242,90,0,0,0,0,0,0.001065,0,-5.424e-06,ok,2
BBMSInter,48,130,114,14820,0.000994034,30,41.3242,41.3242,206,0,0,0,0,0,0.000999,0,-4.966e-06,ok,2
BBMSDppInstant,48,130,114,14820,0.00297787,30,41.3242,41.3242,846,0,0,0,0,0,0.002983,0,-5.133e-06,ok,2
BBMSDppStepwise,48,130,114,14820,0.00322102,30,41.3242,41.3242,813,0,0,0,0,0,0.003226,0,-4.98e-06,ok,2
DijkstraPrims,48,130,114,14820,9.6047e-05,30,41.3242,41.3242,14,0,0,0,0,0,0.000102,0,-5.953e-06,ok,2
BBMSCore,49,130,114,14820,0.00102935,30,41.3281,41.3281,90,0,0,0,0,0,0.001036,0,-6.651e-06,ok,0
BBMSInter,49,130,114,14820,0.000947575,30,41.3281,41.3281,206,0,0,0,0,0,0.000953,0,-5.425e-06,ok,0
BBMSDppInstant,49,130,114,14820,0.00320574,30,41.3281,41.3281,847,0,0,0,0,0,0.003211,0,-5.257e-06,ok,0
BBMSDppStepwise,49,130,114,14820,0.00320157,30,41.3281,41.3281,815,0,0,0,0,0,0.003207,0,-5.427e-06,ok,0
DijkstraPrims,49,130,114,14820,9.2815e-05,30,41.332,41.332,13,0,0,0,0,0,9.8e-05,0,-5.185e-06,ok,0
BBMSCore,49,130,114,14820,0.00102981,30,41.332,41.332,90,0,0,0,0,0,0.001035,0,-5.19e-06,ok,1
BBMSInter,49,130,114,14820,0.000944337,30,41.332,41.332,206,0,0,0,0,0,0.00095,0,-5.663e-06,ok,1
BBMSDppInstant,49,130,114,14820,0.00307003,30,41.332,41.332,847,0,0,0,0,0,0.003075,0,-4.967e-06,ok,1
BBMSDppStepwise,49,130,114,14820,0.00319581,30,41.332,41.332,815,0,0,0,0,0,0.003201,0,-5.188e-06,ok,1
DijkstraPrims,49,130,114,14820,8.995e-05,30,41.3359,41.3359,13,0,0,0,0,0,9.5e-05,0,-5.05e-06,ok,1
BBMSCore,49,130,114,14820,0.00103451,30,41.3359,41.3359,90,0,0,0,0,0,0.00104,0,-5.486e-06,ok,2
BBMSInter,49,130,114,14820,0.000947271,30,41.3359,41.3359,206,0,0,0,0,0,0.000953,0,-5.729e-06,ok,2
BBMSDppInstant,49,130,114,14820,0.0031191,30,41.3359,41.3359,847,0,0,0,0,0,0.003124,0,-4.901e-06,ok,2
BBMSDppStepwise,49,130,114,14820,0.00320186,30,41.3359,41.3359,815,0,0,0,0,0,0.003206,0,-4.137e-06,ok,2
DijkstraPrims,49,130,114,14820,8.9536e-05,30,41.3359,41.3359,13,0,0,0,0,0,9.4e-05,0,-4.464e-06,ok,2
BBMSCore,50,130,114,14820,0.00108224,30,41.3398,41.3398,90,0,0,0,0,0,0.001089,0,-6.764e-06,ok,0
BBMSInter,50,130,114,14820,0.00095112,30,41.3398,41.3398,206,0,0,0,0,0,0.000957,0,-5.88e-06,ok,0
BBMSDppInstant,50,130,114,14820,0.00295078,30,41.3398,41.3398,846,0,0,0,0,0,0.002956,0,-5.22e-06,ok,0
BBMSDppStepwise,50,130,114,14820,0.00324088,30,41.3398,41.3398,817,0,0,0,0,0,0.003246,0,-5.121e-06,ok,0
DijkstraPrims,50,130,114,14820,0.00036838,30,41.3398,41.3398,41,0,0,0,0,0,0.000374,0,-5.62e-06,ok,0
BBMSCore,50,130,114,14820,0.00106817,30,41.3398,41.3398,90,0,0,0,0,0,0.001075,0,-6.831e-06,ok,1
BBMSInter,50,130,114,14820,0.000994842,30,41.3398,41.3398,206,0,0,0,0,0,0.001,0,-5.158e-06,ok,1
BBMSDppInstant,50,130,114,14820,0.00299732,30,41.3398,41.3398,846,0,0,0,0,0,0.003003,0,-5.68e-06,ok,1
BBMSDppStepwise,50,130,114,14820,0.00324378,30,41.3398,41.3398,817,0,0,0,0,0,0.003249,0,-5.219e-06,ok,1
DijkstraPrims,50,130,114,14820,0.00037658,30,41.3398,41.3398,41,0,0,0,0,0,0.000381,0,-4.42e-06,ok,1
BBMSCore,50,130,114,14820,0.00107373,30,41.3398,41.3398,90,0,0,0,0,0,0.001079,0,-5.273e-06,ok,2
BBMSInter,50,130,114,14820,0.00107023,30,41.3398,41.3398,206,0,0,0,0,1,0.001047,0,2.3227e-05,ok,2
BBMSDppInstant,50,130,114,14820,0.00299774,30,41.3398,41.3398,846,0,0,0,0,0,0.003003,0,-5.264e-06,ok,2
BBMSDppStepwise,50,130,114,14820,0.00324844,30,41.3398,41.3398,817,0,0,0,0,0,0,0.003253,-4.558e-06,ok,2
DijkstraPrims,50,130,114,14820,0.000487886,30,41.3398,41.3398,41,0,0,0,0,1,0,0.000433,5.4886e-05,ok,2
BBMSCore,51,130,114,14820,0.00107472,30,41.3438,41.3438,90,0,0,0,0,0,0.001081,0,-6.283e-06,ok,0
BBMSInter,51,130,114,14820,0.000982708,30,41.3477,41.3477,206,0,0,0,0,0,0.000988,0,-5.292e-06,ok,0
BBMSDppInstant,51,130,114,14820,0.00301262,30,41.3477,41.3477,846,0,0,0,0,0,0.003019,0,-6.382e-06,ok,0
BBMSDppStepwise,51,130,114,14820,0.00324997,30,41.3477,41.3477,816,0,0,0,0,0,0.003256,0,-6.025e-06,ok,0
DijkstraPrims,51,130,114,14820,0.000174434,30,41.3477,41.3477,20,0,0,0,0,0,0.000179,0,-4.566e-06,ok,0
BBMSCore,51,130,114,14820,0.00107223,30,41.3516,41.3516,90,0,0,0,0,0,0.001078,0,-5.773e-06,ok,1
BBMSInter,51,130,114,14820,0.000983406,30,41.3516,41.3516,206,0,0,0,0,0,0.000988,0,-4.594e-06,ok,1
BBMSDppInstant,51,130,114,14820,0.00307695,30,41.3516,41.3516,846,0,0,0,0,1,0,0.003033,4.3951e-05,ok,1
BBMSDppStepwise,51,130,114,14820,0.003236,30,41.3516,41.3516,816,0,0,0,0,0,0.003241,0,-5.002e-06,ok,1
DijkstraPrims,51,130,114,14820,0.000175178,30,41.3516,41.3516,20,0,0,0,0,0,0.000181,0,-5.822e-06,ok,1
BBMSCore,51,130,114,14820,0.00107182,30,41.3516,41.3516,90,0,0,0,0,0,0.001078,0,-6.179e-06,ok,2
BBMSInter,51,130,114,14820,0.00100111,30,41.3516,41.3516,206,0,0,0,0,0,0.001006,0,-4.894e-06,ok,2
BBMSDppInstant,51,130,114,14820,0.00302922,30,41.3516,41.3516,846,0,0,0,0,0,0.003035,0,-5.776e-06,ok,2
BBMSDppStepwise,51,130,114,14820,0.0032489,30,41.3516,41.3516,816,0,0,0,0,0,0.003254,0,-5.099e-06,ok,2
DijkstraPrims,51,130,114,14820,0.0001717,30,41.3516,41.3516,20,0,0,0,0,0,0,0.000177,-5.3e-06,ok,2
BBMSCore,52,130,114,14820,0.00106059,30,41.3555,41.3555,90,0,0,0,0,0,0.001066,0,-5.406e-06,ok,0
BBMSInter,52,130,114,14820,0.000969715,30,41.3555,41.3555,206,0,0,0,0,0,0.000975,0,-5.285e-06,ok,0
BBMSDppInstant,52,130,114,14820,0.00303362,30,41.3555,41.3555,847,0,0,0,0,0,0.003039,0,-5.377e-06,ok,0
BBMSDppStepwise,52,130,114,14820,0.00329184,30,41.3555,41.3555,815,0,0,0,0,1,0.00329,0,1.84e-06,ok,0
DijkstraPrims,52,130,114,14820,0.000230975,30,41.3555,41.3555,26,0,0,0,0,0,0.000236,0,-5.025e-06,ok,0
BBMSCore,52,130,114,14820,0.00108528,30,41.3555,41.3555,90,0,0,0,0,0,0.00109,0,-4.722e-06,ok,1
BBMSInter,52,130,114,14820,0.000970663,30,41.3555,41.3555,206,0,0,0,0,0,0.000976,0,-5.337e-06,ok,1
BBMSDppInstant,52,130,114,14820,0.00300292,30,41.3555,41.3555,847,0,0,0,0,0,0.003008,0,-5.08e-06,ok,1
BBMSDppStepwise,52,130,114,14820,0.00326384,30,41.3555,41.3555,815,0,0,0,0,0,0.003269,0,-5.162e-06,ok,1
DijkstraPrims,52,130,114,14820,0.000220751,30,41.3555,41.3555,26,0,0,0,0,0,0.000226,0,-5.249e-06,ok,1
BBMSCore,52,130,114,14820,0.0010711,30,41.3555,41.3555,90,0,0,0,0,0,0.001076,0,-4.902e-06,ok,2
BBMSInter,52,130,114,14820,0.000954329,30,41.3555,41.3555,206,0,0,0,0,0,0.000959,0,-4.671e-06,ok,2
BBMSDppInstant,52,130,114,14820,0.00295782,30,41.3555,41.3555,847,0,0,0,0,0,0.002963,0,-5.175e-06,ok,2
BBMSDppStepwise,52,130,114,14820,0.00331697,30,41.3555,41.3555,815,0,0,0,0,1,0,0.003304,1.2972e-05,ok,2
DijkstraPrims,52,130,114,14820,0.000222,30,41.3555,41.3555,26,0,0,0,0,0,0.000227,0,-5e-06,ok,2
BBMSCore,53,130,114,14820,0.00102742,30.06,41.3594,41.3594,90,0,0,0,0,0,0,0.001034,-6.582e-06,ok,0
BBMSInter,53,130,114,14820,0.000936602,30.06,41.3633,41.3633,206,0,0,0,0,0,0.000942,0,-5.398e-06,ok,0
BBMSDppInstant,53,130,114,14820,0.00295324,30.06,41.3633,41.3633,845,0,0,0,0,0,0,0.002959,-5.763e-06,ok,0
BBMSDppStepwise,53,130,114,14820,0.00315089,30.06,41.3633,41.3633,813,0,0,0,0,0,0.003156,0,-5.11e-06,ok,0
DijkstraPrims,53,130,114,14820,0.000454489,30.06,41.3633,41.3633,48,0,0,0,0,0,0.00046,0,-5.511e-06,ok,0
BBMSCore,53,130,114,14820,0.00102298,30.06,41.3633,41.3633,90,0,0,0,0,0,0.001029,0,-6.016e-06,ok,1
BBMSInter,53,130,114,14820,0.00102047,30.06,41.3633,41.3633,206,0,0,0,0,1,0.001004,0,1.6468e-05,ok,1
BBMSDppInstant,53,130,114,14820,0.00293885,30.06,41.3672,41.3672,845,0,0,0,0,0,0.002944,0,-5.147e-06,ok,1
BBMSDppStepwise,53,130,114,14820,0.00315679,30.06,41.3672,41.3672,813,0,0,0,0,0,0.003162,0,-5.215e-06,ok,1
DijkstraPrims,53,130,114,14820,0.000447213,30.06,41.3672,41.3672,48,0,0,0,0,0,0.000453,0,-5.787e-06,ok,1
BBMSCore,53,130,114,14820,0.00102211,30.06,41.3672,41.3672,90,0,0,0,0,0,0.001027,0,-4.886e-06,ok,2
BBMSInter,53,130,114,14820,0.00093938,30.06,41.3672,41.3672,206,0,0,0,0,0,0.000944,0,-4.62e-06,ok,2
BBMSDppInstant,53,130,114,14820,0.00297368,30.06,41.3672,41.3672,845,0,0,0,0,0,0.00298,0,-6.319e-06,ok,2
BBMSDppStepwise,53,130,114,14820,0.00315889,30.06,41.3672,41.3672,813,0,0,0,0,0,0,0.003164,-5.106e-06,ok,2
DijkstraPrims,53,130,114,14820,0.000445124,30.06,41.3672,41.3672,48,0,0,0,0,0,0.00045,0,-4.876e-06,ok,2
BBMSCore,54,130,114,14820,0.00104977,30,41.3672,41.3672,90,0,0,0,0,0,0.001058,0,-8.233e-06,ok,0
BBMSInter,54,130,114,14820,0.000934966,30,41.3711,41.3711,206,0,0,0,0,0,0.00094,0,-5.034e-06,ok,0
BBMSDppInstant,54,130,114,14820,0.00315811,30,41.3711,41.3711,847,0,0,0,0,0,0.003164,0,-5.887e-06,ok,0
BBMSDppStepwise,54,130,114,14820,0.00333856,30,41.3711,41.3711,816,0,0,0,0,1,0.003329,0,9.562e-06,ok,0
DijkstraPrims,54,130,114,14820,0.000240181,30,41.3711,41.3711,27,0,0,0,0,0,0.000245,0,-4.819e-06,ok,0
BBMSCore,54,130,114,14820,0.00105839,30,41.3711,41.3711,90,0,0,0,0,0,0.001063,0,-4.605e-06,ok,1
BBMSInter,54,130,114,14820,0.000924215,30,41.3711,41.3711,206,0,0,0,0,0,0.000929,0,-4.785e-06,ok,1
BBMSDppInstant,54,130,114,14820,0.00311722,30,41.3711,41.3711,847,0,0,0,0,0,0.003122,0,-4.781e-06,ok,1
BBMSDppStepwise,54,130,114,14820,0.00350343,30,41.3711,41.3711,816,0,0,0,0,0,0.00351,0,-6.573e-06,ok,1
DijkstraPrims,54,130,114,14820,0.000239565,30,41.3711,41.3711,27,0,0,0,0,0,0.000245,0,-5.435e-06,ok,1
BBMSCore,54,130,114,14820,0.0010452,30,41.3711,41.3711,90,0,0,0,0,0,0.001051,0,-5.801e-06,ok,2
BBMSInter,54,130,114,14820,0.000951671,30,41.3711,41.3711,206,0,0,0,0,0,0.000957,0,-5.329e-06,ok,2
BBMSDppInstant,54,130,114,14820,0.00316683,30,41.3711,41.3711,847,0,0,0,0,0,0,0.003173,-6.169e-06,ok,2
BBMSDppStepwise,54,130,114,14820,0.00326274,30,41.3711,41.3711,816,0,0,0,0,0,0.003269,0,-6.262e-06,ok,2
DijkstraPrims,54,130,114,14820,0.000239624,30,41.3711,41.3711,27,0,0,0,0,0,0.000245,0,-5.376e-06,ok,2
BBMSCore,55,130,114,14820,0.00103553,30.06,41.375,41.375,90,0,0,0,0,0,0.001042,0,-6.472e-06,ok,0
BBMSInter,55,130,114,14820,0.000936115,30.06,41.375,41.375,206,0,0,0,0,0,0.000941,0,-4.885e-06,ok,0
BBMSDppInstant,55,130,114,14820,0.00295971,30.06,41.375,41.375,847,0,0,0,0,0,0.002966,0,-6.289e-06,ok,0
BBMSDppStepwise,55,130,114,14820,0.00320026,30.06,41.375,41.375,815,0,0,0,0,0,0.003206,0,-5.74e-06,ok,0
DijkstraPrims,55,130,114,14820,0.000437164,30.06,41.375,41.375,46,0,0,0,0,0,0.000443,0,-5.836e-06,ok,0
BBMSCore,55,130,114,14820,0.00104201,30.06,41.375,41.375,90,0,0,0,0,0,0.001047,0,-4.994e-06,ok,1
BBMSInter,55,130,114,14820,0.000935725,30.06,41.375,41.375,206,0,0,0,0,0,0,0.000941,-5.275e-06,ok,1
BBMSDppInstant,55,130,114,14820,0.0031028,30.06,41.375,41.375,847,0,0,0,0,1,0.003021,0,8.1801e-05,ok,1
BBMSDppStepwise,55,130,114,14820,0.0031684,30.06,41.3789,41.3789,815,0,0,0,0,0,0.003174,0,-5.598e-06,ok,1
DijkstraPrims,55,130,114,14820,0.000441669,30.06,41.3789,41.3789,46,0,0,0,0,0,0.000447,0,-5.331e-06,ok,1
BBMSCore,55,130,114,14820,0.0010657,30.06,41.3789,41.3789,90,0,0,0,0,0,0.001071,0,-5.297e-06,ok,2
BBMSInter,55,130,114,14820,0.000937814,30.06,41.3789,41.3789,206,0,0,0,0,0,0.000943,0,-5.186e-06,ok,2
BBMSDppInstant,55,130,114,14820,0.00300398,30.06,41.3789,41.3789,847,0,0,0,0,0,0.00301,0,-6.017e-06,ok,2
BBMSDppStepwise,55,130,114,14820,0.00325009,30.06,41.3789,41.3789,815,0,0,0,0,0,0.003256,0,-5.915e-06,ok,2
DijkstraPrims,55,130,114,14820,0.000436841,30.06,41.3789,41.3789,46,0,0,0,0,0,0.000442,0,-5.159e-06,ok,2
BBMSCore,56,130,114,14820,0.00105702,30,41.3789,41.3789,90,0,0,0,0,0,0.001064,0,-6.98e-06,ok,0
BBMSInter,56,130,114,14820,0.00107325,30,41.3828,41.3828,206,0,0,0,0,1,0.001009,0,6.4249e-05,ok,0
BBMSDppInstant,56,130,114,14820,0.00296724,30,41.3828,41.3828,848,0,0,0,0,0,0.002973,0,-5.755e-06,ok,0
BBMSDppStepwise,56,130,114,14820,0.00321926,30,41.3828,41.3828,815,0,0,0,0,0,0.003225,0,-5.743e-06,ok,0
DijkstraPrims,56,130,114,14820,0.000200327,30,41.3828,41.3828,24,0,0,0,0,0,0.000205,0,-4.673e-06,ok,0
BBMSCore,56,130,114,14820,0.00107009,30,41.3867,41.3867,90,0,0,0,0,0,0.001075,0,-4.911e-06,ok,1
BBMSInter,56,130,114,14820,0.000953095,30,41.3867,41.3867,206,0,0,0,0,0,0.000958,0,-4.905e-06,ok,1
BBMSDppInstant,56,130,114,14820,0.00305561,30,41.3867,41.3867,848,0,0,0,0,1,0.003028,0,2.7609e-05,ok,1
BBMSDppStepwise,56,130,114,14820,0.00322091,30,41.3867,41.3867,815,0,0,0,0,0,0.003227,0,-6.087e-06,ok,1
DijkstraPrims,56,130,114,14820,0.000201543,30,41.3867,41.3867,24,0,0,0,0,0,0.000207,0,-5.457e-06,ok,1
BBMSCore,56,130,114,14820,0.00106135,30,41.3867,41.3867,90,0,0,0,0,0,0.001066,0,-4.645e-06,ok,2
BBMSInter,56,130,114,14820,0.000947098,30,41.3867,41.3867,206,0,0,0,0,0,0,0.000953,-5.902e-06,ok,2
BBMSDppInstant,56,130,114,14820,0.00303874,30,41.3867,41.3867,848,0,0,0,0,0,0.003044,0,-5.261e-06,ok,2
BBMSDppStepwise,56,130,114,14820,0.00326984,30,41.3867,41.3867,815,0,0,0,0,1,0.003259,0,1.0845e-05,ok,2
DijkstraPrims,56,130,114,14820,0.000202079,30,41.3867,41.3867,24,0,0,0,0,0,0.000208,0,-5.921e-06,ok,2
BBMSCore,57,130,114,14820,0.00106915,30.06,41.3906,41.3906,90,0,0,0,0,0,0.001075,0,-5.851e-06,ok,0
BBMSInter,57,130,114,14820,0.000976111,30.06,41.3906,41.3906,206,0,0,0,0,0,0.000981,0,-4.889e-06,ok,0
BBMSDppInstant,57,130,114,14820,0.00320331,30.06,41.3906,41.3906,846,0,0,0,0,0,0,0.003209,-5.695e-06,ok,0
BBMSDppStepwise,57,130,114,14820,0.00323725,30.06,41.3906,41.3906,814,0,0,0,0,0,0.003243,0,-5.747e-06,ok,0
DijkstraPrims,57,130,114,14820,0.0004739,30.06,41.3906,41.3906,48,0,0,0,0,0,0.000479,0,-5.1e-06,ok,0
BBMSCore,57,130,114,14820,0.00104836,30.06,41.3906,41.3906,90,0,0,0,0,0,0.001053,0,-4.643e-06,ok,1
BBMSInter,57,130,114,14820,0.000952645,30.06,41.3906,41.3906,206,0,0,0,0,0,0,0.000958,-5.355e-06,ok,1
BBMSDppInstant,57,130,114,14820,0.00299138,30.06,41.3906,41.3906,846,0,0,0,0,0,0.002997,0,-5.621e-06,ok,1
BBMSDppStepwise,57,130,114,14820,0.00321326,30.06,41.3906,41.3906,814,0,0,0,0,0,0.00322,0,-6.741e-06,ok,1
DijkstraPrims,57,130,114,14820,0.000478391,30.06,41.3906,41.3906,48,0,0,0,0,0,0.000484,0,-5.609e-06,ok,1
BBMSCore,57,130,114,14820,0.00105434,30.06,41.3945,41.3945,90,0,0,0,0,0,0.001059,0,-4.658e-06,ok,2
BBMSInter,57,130,114,14820,0.000962743,30.06,41.3945,41.3945,206,0,0,0,0,0,0,0.000968,-5.257e-06,ok,2
BBMSDppInstant,57,130,114,14820,0.00301042,30.06,41.3945,41.3945,846,0,0,0,0,0,0.003016,0,-5.576e-06,ok,2
BBMSDppStepwise,57,130,114,14820,0.0032649,30.06,41.3945,41.3945,814,0,0,0,0,1,0.003237,0,2.79e-05,ok,2
DijkstraPrims,57,130,114,14820,0.000466206,30.06,41.3945,41.3945,48,0,0,0,0,0,0.000472,0,-5.794e-06,ok,2
BBMSCore,58,130,114,14820,0.0010118,30,41.3984,41.3984,90,0,0,0,0,0,0,0.001018,-6.195e-06,ok,0
BBMSInter,58,130,114,14820,0.000977582,30,41.3984,41.3984,206,0,0,0,0,0,0.000983,0,-5.418e-06,ok,0
BBMSDppInstant,58,130,114,14820,0.00305255,30,41.3984,41.3984,850,0,0,0,0,0,0.003058,0,-5.446e-06,ok,0
BBMSDppStepwise,58,130,114,14820,0.00321631,30,41.3984,41.3984,816,0,0,0,0,0,0.003222,0,-5.693e-06,ok,0
DijkstraPrims,58,130,114,14820,0.000266146,30,41.3984,41.3984,30,0,0,0,0,0,0.000271,0,-4.854e-06,ok,0
BBMSCore,58,130,114,14820,0.001022,30,41.3984,41.3984,90,0,0,0,0,0,0.001027,0,-4.996e-06,ok,1
BBMSInter,58,130,114,14820,0.000922139,30,41.3984,41.3984,206,0,0,0,0,0,0.000927,0,-4.861e-06,ok,1
BBMSDppInstant,58,130,114,14820,0.00308047,30,41.3984,41.3984,850,0,0,0,0,1,0.003055,0,2.5472e-05,ok,1
BBMSDppStepwise,58,130,114,14820,0.0031888,30,41.3984,41.3984,816,0,0,0,0,0,0.003195,0,-6.2e-06,ok,1
DijkstraPrims,58,130,114,14820,0.000264123,30,41.3984,41.3984,30,0,0,0,0,0,0,0.000269,-4.877e-06,ok,1
BBMSCore,58,130,114,14820,0.00102543,30,41.3984,41.3984,90,0,0,0,0,0,0.00103,0,-4.57e-06,ok,2
BBMSInter,58,130,114,14820,0.000913957,30,41.3984,41.3984,206,0,0,0,0,0,0.000919,0,-5.043e-06,ok,2
BBMSDppInstant,58,130,114,14820,0.00292519,30,41.3984,41.3984,850,0,0,0,0,0,0.002931,0,-5.806e-06,ok,2
BBMSDppStepwise,58,130,114,14820,0.00327948,30,41.3984,41.3984,816,0,0,0,0,1,0.003245,0,3.4482e-05,ok,2
DijkstraPrims,58,130,114,14820,0.000261434,30,41.3984,41.3984,30,0,0,0,0,0,0.000266,0,-4.566e-06,ok,2
BBMSCore,59,130,114,14820,0.00103665,30,41.4023,41.4023,90,0,0,0,0,0,0.001042,0,-5.353e-06,ok,0
BBMSInter,59,130,114,14820,0.000976621,30,41.4023,41.4023,206,0,0,0,0,0,0.000982,0,-5.379e-06,ok,0
BBMSDppInstant,59,130,114,14820,0.00306557,30,41.4023,41.4023,846,0,0,0,0,0,0.003071,0,-5.43e-06,ok,0
BBMSDppStepwise,59,130,114,14820,0.00323611,30,41.4023,41.4023,814,0,0,0,0,0,0,0.003242,-5.893e-06,ok,0
DijkstraPrims,59,130,114,14820,0.000458792,30,41.4023,41.4023,46,0,0,0,0,0,0.000464,0,-5.208e-06,ok,0
BBMSCore,59,130,114,14820,0.00104148,30,41.4023,41.4023,90,0,0,0,0,0,0.001046,0,-4.525e-06,ok,1
BBMSInter,59,130,114,14820,0.000962561,30,41.4023,41.4023,206,0,0,0,0,0,0.000968,0,-5.439e-06,ok,1
BBMSDppInstant,59,130,114,14820,0.00306429,30,41.4023,41.4023,846,0,0,0,0,0,0.00307,0,-5.714e-06,ok,1
BBMSDppStepwise,59,130,114,14820,0.00328291,30,41.4023,41.4023,814,0,0,0,0,0,0.003289,0,-6.09e-06,ok,1
DijkstraPrims,59,130,114,14820,0.000458597,30,41.4023,41.4023,46,0,0,0,0,0,0.000464,0,-5.403e-06,ok,1
BBMSCore,59,130,114,14820,0.00104623,30,41.4062,41.4062,90,0,0,0,0,0,0.001051,0,-4.769e-06,ok,2
BBMSInter,59,130,114,14820,0.000964603,30,41.4102,41.4102,206,0,0,0,0,0,0.00097,0,-5.397e-06,ok,2
BBMSDppInstant,59,130,114,14820,0.0029902,30,41.4102,41.4102,846,0,0,0,0,0,0.002995,0,-4.801e-06,ok,2
BBMSDppStepwise,59,130,114,14820,0.00321348,30,41.4102,41.4102,814,0,0,0,0,0,0.003219,0,-5.515e-06,ok,2
DijkstraPrims,59,130,114,14820,0.000470448,30,41.4102,41.4102,46,0,0,0,0,0,0.000476,0,-5.552e-06,ok,2
BBMSCore,60,260,224,58240,0.00574293,30.06,41.4102,41.4102,346,0,0,0,0,0,0.005749,0,-6.073e-06,ok,0
BBMSInter,60,260,224,58240,0.00428874,30.06,41.4141,41.4141,801,0,0,0,0,1,0.004275,0,1.3738e-05,ok,0
BBMSDppInstant,60,260,224,58240,0.013654,30.06,41.4141,41.4141,3320,0,0,0,0,1,0.004726,0.008897,3.1003e-05,ok,0
BBMSDppStepwise,60,260,224,58240,0.0134009,30.06,41.4141,41.4141,3199,0,0,0,0,1,0.004523,0.008866,1.1858e-05,ok,0
DijkstraPrims,60,260,224,58240,0.00155688,30.06,41.4141,41.4141,165,0,0,0,0,0,0.001563,0,-6.121e-06,ok,0
BBMSCore,60,260,224,58240,0.00571305,30.06,41.4141,41.4141,346,0,0,0,0,0,0.005719,0,-5.947e-06,ok,1
BBMSInter,60,260,224,58240,0.00422726,30.06,41.4141,41.4141,801,0,0,0,0,0,0,0.004233,-5.745e-06,ok,1
BBMSDppInstant,60,260,224,58240,0.013109,30.06,41.4141,41.4141,3320,0,0,0,0,0,0.013115,0,-6e-06,ok,1
BBMSDppStepwise,60,260,224,58240,0.0141315,30.06,41.4141,41.4141,3199,0,0,0,0,0,0.01414,0,-8.459e-06,ok,1
DijkstraPrims,60,260,224,58240,0.00157823,30.06,41.4141,41.4141,165,0,0,0,0,0,0.001586,0,-7.767e-06,ok,1
BBMSCore,60,260,224,58240,0.00579264,30.06,41.4141,41.4141,346,0,0,0,0,0,0,0.005799,-6.361e-06,ok,2
BBMSInter,60,260,224,58240,0.00431488,30.06,41.4141,41.4141,801,0,0,0,0,0,0.004321,0,-6.121e-06,ok,2
BBMSDppInstant,60,260,224,58240,0.0132736,30.06,41.4141,41.4141,3320,0,0,0,0,1,0.008751,0.004503,1.9611e-05,ok,2
BBMSDppStepwise,60,260,224,58240,0.0130583,30.06,41.4141,41.4141,3199,0,0,0,0,1,0,0.013044,1.4251e-05,ok,2
DijkstraPrims,60,260,224,58240,0.00153242,30.06,41.4141,41.4141,165,0,0,0,0,0,0.001539,0,-6.576e-06,ok,2
BBMSCore,61,260,224,58240,0.0057242,30.06,41.418,41.418,346,0,0,0,0,0,0.005732,0,-7.797e-06,ok,0
BBMSInter,61,260,224,58240,0.00429319,30.06,41.418,41.418,801,0,0,0,0,0,0.004299,0,-5.805e-06,ok,0
BBMSDppInstant,61,260,224,58240,0.0133472,30.06,41.418,41.418,3322,0,0,0,0,0,0.013353,0,-5.794e-06,ok,0
BBMSDppStepwise,61,260,224,58240,0.0136645,30.06,41.418,41.418,3202,0,0,0,0,1,0.013638,0,2.6491e-05,ok,0
DijkstraPrims,61,260,224,58240,0.00162095,30.06,41.418,41.418,168,0,0,0,0,0,0,0.001627,-6.047e-06,ok,0
BBMSCore,61,260,224,58240,0.00569746,30.06,41.418,41.418,346,0,0,0,0,1,0.005685,0,1.2458e-05,ok,1
BBMSInter,61,260,224,58240,0.00418407,30.06,41.418,41.418,801,0,0,0,0,0,0.00419,0,-5.929e-06,ok,1
BBMSDppInstant,61,260,224,58240,0.0128943,30.06,41.418,41.418,3322,0,0,0,0,0,0.0129,0,-5.746e-06,ok,1
BBMSDppStepwise,61,260,224,58240,0.0150496,30.06,41.418,41.418,3202,0,0,0,0,0,0.00531,0.009746,-6.375e-06,ok,1
DijkstraPrims,61,260,224,58240,0.00162585,30.06,41.418,41.418,168,0,0,0,0,0,0.001633,0,-7.149e-06,ok,1
BBMSCore,61,260,224,58240,0.0056617,30.06,41.418,41.418,346,0,0,0,0,0,0.005668,0,-6.303e-06,ok,2
BBMSInter,61,260,224,58240,0.00413307,30.06,41.418,41.418,801,0,0,0,0,0,0,0.004139,-5.934e-06,ok,2
BBMSDppInstant,61,260,224,58240,0.0127859,30.06,41.418,41.418,3322,0,0,0,0,1,0.008557,0.004209,1.9866e-05,ok,2
BBMSDppStepwise,61,260,224,58240,0.0135844,30.06,41.4219,41.4219,3202,0,0,0,0,1,0.013569,0,1.5378e-05,ok,2
DijkstraPrims,61,260,224,58240,0.00160882,30.06,41.4219,41.4219,168,0,0,0,0,0,0.001615,0,-6.184e-06,ok,2
BBMSCore,62,260,224,58240,0.005699,30.06,41.4219,41.4219,346,0,0,0,0,0,0.005706,0,-7.002e-06,ok,0
BBMSInter,62,260,224,58240,0.00418005,30.06,41.4258,41.4258,801,0,0,0,0,0,0.004187,0,-6.95e-06,ok,0
BBMSDppInstant,62,260,224,58240,0.0134871,30.06,41.4258,41.4258,3322,0,0,0,0,0,0.004521,0.008972,-5.864e-06,ok,0
BBMSDppStepwise,62,260,224,58240,0.0130051,30.06,41.4258,41.4258,3202,0,0,0,0,0,0.013012,0,-6.926e-06,ok,0
DijkstraPrims,62,260,224,58240,0.00158963,30.06,41.4258,41.4258,167,0,0,0,0,0,0.001597,0,-7.367e-06,ok,0
BBMSCore,62,260,224,58240,0.0055824,30.06,41.4258,41.4258,346,0,0,0,0,0,0.005589,0,-6.599e-06,ok,1
BBMSInter,62,260,224,58240,0.00405182,30.06,41.4258,41.4258,801,0,0,0,0,0,0.004057,0,-5.182e-06,ok,1
BBMSDppInstant,62,260,224,58240,0.0125523,30.06,41.4258,41.4258,3322,0,0,0,0,0,0.012559,0,-6.656e-06,ok,1
BBMSDppStepwise,62,260,224,58240,0.0129314,30.06,41.4258,41.4258,3202,0,0,0,0,0,0.012937,0,-5.565e-06,ok,1
DijkstraPrims,62,260,224,58240,0.00158864,30.06,41.4258,41.4258,167,0,0,0,0,0,0.001595,0,-6.362e-06,ok,1
BBMSCore,62,260,224,58240,0.00566135,30.06,41.4258,41.4258,346,0,0,0,0,1,0.005645,0,1.6347e-05,ok,2
BBMSInter,62,260,224,58240,0.00407677,30.06,41.4258,41.4258,801,0,0,0,0,0,0.004083,0,-6.227e-06,ok,2
BBMSDppInstant,62,260,224,58240,0.0126113,30.06,41.4258,41.4258,3322,0,0,0,0,1,0.0126,0,1.1268e-05,ok,2
BBMSDppStepwise,62,260,224,58240,0.0144736,30.06,41.4258,41.4258,3202,0,0,0,0,0,0.01448,0,-6.369e-06,ok,2
DijkstraPrims,62,260,224,58240,0.00158928,30.06,41.4297,41.4297,167,0,0,0,0,0,0.001595,0,-5.723e-06,ok,2
BBMSCore,63,260,224,58240,0.00581464,30,41.4336,41.4336,346,0,0,0,0,1,0,0.005811,3.639e-06,ok,0
BBMSInter,63,260,224,58240,0.00469027,30,41.4336,41.4336,801,0,0,0,0,0,0.004697,0,-6.729e-06,ok,0
BBMSDppInstant,63,260,224,58240,0.013597,30,41.4336,41.4336,3318,0,0,0,0,0,0.013603,0,-5.964e-06,ok,0
BBMSDppStepwise,63,260,224,58240,0.0137917,30,41.4336,41.4336,3202,0,0,0,0,0,0.013799,0,-7.309e-06,ok,0
DijkstraPrims,63,260,224,58240,0.000254182,30,41.4336,41.4336,29,0,0,0,0,0,0.000261,0,-6.818e-06,ok,0
BBMSCore,63,260,224,58240,0.00581701,30,41.4336,41.4336,346,0,0,0,0,1,0.00581,0,7.013e-06,ok,1
BBMSInter,63,260,224,58240,0.00451875,30,41.4336,41.4336,801,0,0,0,0,0,0.004524,0,-5.253e-06,ok,1
BBMSDppInstant,63,260,224,58240,0.0130808,30,41.4336,41.4336,3318,0,0,0,0,1,0.004262,0.008805,1.3774e-05,ok,1
BBMSDppStepwise,63,260,224,58240,0.0132602,30,41.4336,41.4336,3202,0,0,0,0,0,0.013266,0,-5.752e-06,ok,1
DijkstraPrims,63,260,224,58240,0.000257229,30,41.4336,41.4336,29,0,0,0,0,0,0.000263,0,-5.771e-06,ok,1
BBMSCore,63,260,224,58240,0.00573494,30,41.4336,41.4336,346,0,0,0,0,0,0.005741,0,-6.064e-06,ok,2
BBMSInter,63,260,224,58240,0.00445124,30,41.4336,41.4336,801,0,0,0,0,0,0.004457,0,-5.757e-06,ok,2
BBMSDppInstant,63,260,224,58240,0.0129074,30,41.4336,41.4336,3318,0,0,0,0,1,0.004146,0.008735,2.6407e-05,ok,2
BBMSDppStepwise,63,260,224,58240,0.0131069,30,41.4336,41.4336,3202,0,0,0,0,0,0.004246,0.008867,-6.141e-06,ok,2
DijkstraPrims,63,260,224,58240,0.000252633,30,41.4375,41.4375,29,0,0,0,0,0,0.000258,0,-5.367e-06,ok,2
BBMSCore,64,260,224,58240,0.00571896,30.06,41.4375,41.4375,346,0,0,0,0,0,0,0.005727,-8.036e-06,ok,0
BBMSInter,64,260,224,58240,0.00423865,30.06,41.4414,41.4414,801,0,0,0,0,0,0.004245,0,-6.354e-06,ok,0
BBMSDppInstant,64,260,224,58240,0.0132137,30.06,41.4414,41.4414,3321,0,0,0,0,1,0.013211,0,2.703e-06,ok,0
BBMSDppStepwise,64,260,224,58240,0.0136449,30.06,41.4414,41.4414,3197,0,0,0,0,1,0,0.01364,4.85e-06,ok,0
DijkstraPrims,64,260,224,58240,0.00153837,30.06,41.4414,41.4414,165,0,0,0,0,0,0.001544,0,-5.629e-06,ok,0
BBMSCore,64,260,224,58240,0.0056661,30.06,41.4414,41.4414,346,0,0,0,0,0,0.005672,0,-5.9e-06,ok,1
BBMSInter,64,260,224,58240,0.00417012,30.06,41.4414,41.4414,801,0,0,0,0,0,0.004175,0,-4.881e-06,ok,1
BBMSDppInstant,64,260,224,58240,0.012746,30.06,41.4414,41.4414,3321,0,0,0,0,1,0.012735,0,1.0979e-05,ok,1
BBMSDppStepwise,64,260,224,58240,0.0135325,30.06,41.4414,41.4414,3197,0,0,0,0,0,0.013539,0,-6.542e-06,ok,1
DijkstraPrims,64,260,224,58240,0.00161065,30.06,41.4414,41.4414,165,0,0,0,0,1,0.001596,0,1.4651e-05,ok,1
BBMSCore,64,260,224,58240,0.00571967,30.06,41.4414,41.4414,346,0,0,0,0,0,0.005726,0,-6.332e-06,ok,2
BBMSInter,64,260,224,58240,0.00422109,30.06,41.4414,41.4414,801,0,0,0,0,0,0.004227,0,-5.906e-06,ok,2
BBMSDppInstant,64,260,224,58240,0.0129331,30.06,41.4414,41.4414,3321,0,0,0,0,1,0.012919,0,1.4142e-05,ok,2
BBMSDppStepwise,64,260,224,58240,0.0151381,30.06,41.4414,41.4414,3197,0,0,0,0,1,0.01513,0,8.115e-06,ok,2
DijkstraPrims,64,260,224,58240,0.00155521,30.06,41.4414,41.4414,165,0,0,0,0,0,0.001561,0,-5.795e-06,ok,2
BBMSCore,65,260,224,58240,0.00563595,30.06,41.4453,41.4453,346,0,0,0,0,0,0.005642,0,-6.045e-06,ok,0
BBMSInter,65,260,224,58240,0.00416242,30.06,41.4453,41.4453,801,0,0,0,0,0,0.004169,0,-6.58e-06,ok,0
BBMSDppInstant,65,260,224,58240,0.0130555,30.06,41.4453,41.4453,3321,0,0,0,0,0,0.004107,0.008954,-5.513e-06,ok,0
BBMSDppStepwise,65,260,224,58240,0.0137045,30.06,41.4453,41.4453,3197,0,0,0,0,1,0.004401,0.009292,1.1511e-05,ok,0
DijkstraPrims,65,260,224,58240,0.00165237,30.06,41.4453,41.4453,172,0,0,0,0,0,0.001659,0,-6.626e-06,ok,0
BBMSCore,65,260,224,58240,0.0056466,30.06,41.4453,41.4453,346,0,0,0,0,0,0.005653,0,-6.396e-06,ok,1
BBMSInter,65,260,224,58240,0.00420195,30.06,41.4453,41.4453,801,0,0,0,0,0,0.004207,0,-5.047e-06,ok,1
BBMSDppInstant,65,260,224,58240,0.0129893,30.06,41.4453,41.4453,3321,0,0,0,0,1,0.012976,0,1.3331e-05,ok,1
BBMSDppStepwise,65,260,224,58240,0.0135843,30.06,41.4453,41.4453,3197,0,0,0,0,0,0.013592,0,-7.656e-06,ok,1
DijkstraPrims,65,260,224,58240,0.00165192,30.06,41.4453,41.4453,172,0,0,0,0,0,0.001658,0,-6.081e-06,ok,1
BBMSCore,65,260,224,58240,0.00563424,30.06,41.4453,41.4453,346,0,0,0,0,0,0.00564,0,-5.757e-06,ok,2
BBMSInter,65,260,224,58240,0.0042249,30.06,41.4453,41.4453,801,0,0,0,0,1,0.004176,0,4.8897e-05,ok,2
BBMSDppInstant,65,260,224,58240,0.0128587,30.06,41.4453,41.4453,3321,0,0,0,0,0,0.012865,0,-6.299e-06,ok,2
BBMSDppStepwise,65,260,224,58240,0.013394,30.06,41.4453,41.4453,3197,0,0,0,0,0,0.0134,0,-5.998e-06,ok,2
DijkstraPrims,65,260,224,58240,0.00162314,30.06,41.4453,41.4453,172,0,0,0,0,0,0.00163,0,-6.861e-06,ok,2
BBMSCore,66,260,224,58240,0.00581028,30.06,41.4492,41.4492,346,0,0,0,0,0,0.005818,0,-7.724e-06,ok,0
BBMSInter,66,260,224,58240,0.00419883,30.06,41.4531,41.4531,801,0,0,0,0,0,0.004206,0,-7.168e-06,ok,0
BBMSDppInstant,66,260,224,58240,0.0127538,30.06,41.4531,41.4531,3315,0,0,0,0,0,0.003936,0.008824,-6.196e-06,ok,0
BBMSDppStepwise,66,260,224,58240,0.0130061,30.06,41.4531,41.4531,3194,0,0,0,0,0,0.013012,0,-5.902e-06,ok,0
DijkstraPrims,66,260,224,58240,0.00160501,30.06,41.457,41.457,168,0,0,0,0,0,0.001611,0,-5.987e-06,ok,0
BBMSCore,66,260,224,58240,0.00573429,30.06,41.457,41.457,346,0,0,0,0,1,0.005728,0,6.286e-06,ok,1
BBMSInter,66,260,224,58240,0.0041333,30.06,41.457,41.457,801,0,0,0,0,0,0.004139,0,-5.698e-06,ok,1
BBMSDppInstant,66,260,224,58240,0.0127136,30.06,41.457,41.457,3315,0,0,0,0,0,0.012719,0,-5.37e-06,ok,1
BBMSDppStepwise,66,260,224,58240,0.0131106,30.06,41.457,41.457,3194,0,0,0,0,1,0.004078,0.009019,1.3602e-05,ok,1
DijkstraPrims,66,260,224,58240,0.00164929,30.06,41.457,41.457,168,0,0,0,0,0,0.001655,0,-5.71e-06,ok,1
BBMSCore,66,260,224,58240,0.00575852,30.06,41.457,41.457,346,0,0,0,0,1,0.005745,0,1.3525e-05,ok,2
BBMSInter,66,260,224,58240,0.00419714,30.06,41.457,41.457,801,0,0,0,0,0,0.004203,0,-5.857e-06,ok,2
BBMSDppInstant,66,260,224,58240,0.0129006,30.06,41.457,41.457,3315,0,0,0,0,1,0.01289,0,1.064e-05,ok,2
BBMSDppStepwise,66,260,224,58240,0.0130934,30.06,41.457,41.457,3194,0,0,0,0,1,0.013082,0,1.1372e-05,ok,2
DijkstraPrims,66,260,224,58240,0.00161136,30.06,41.457,41.457,168,0,0,0,0,0,0.001618,0,-6.642e-06,ok,2
BBMSCore,67,260,224,58240,0.00557101,30,41.4609,41.4609,346,0,0,0,0,0,0.005578,0,-6.99e-06,ok,0
BBMSInter,67,260,224,58240,0.00416522,30,41.4609,41.4609,801,0,0,0,0,0,0,0.004172,-6.78e-06,ok,0
BBMSDppInstant,67,260,224,58240,0.0127182,30,41.4609,41.4609,3327,0,0,0,0,0,0.003849,0.008875,-5.788e-06,ok,0
BBMSDppStepwise,67,260,224,58240,0.0144781,30,41.4609,41.4609,3199,0,0,0,0,1,0.014476,0,2.148e-06,ok,0
DijkstraPrims,67,260,224,58240,0.00161754,30,41.4609,41.4609,166,0,0,0,0,0,0,0.001624,-6.461e-06,ok,0
BBMSCore,67,260,224,58240,0.00563432,30,41.4609,41.4609,346,0,0,0,0,0,0.00564,0,-5.682e-06,ok,1
BBMSInter,67,260,224,58240,0.00424003,30,41.4609,41.4609,801,0,0,0,0,0,0,0.004245,-4.972e-06,ok,1
BBMSDppInstant,67,260,224,58240,0.0133713,30,41.4609,41.4609,3327,0,0,0,0,1,0.009202,0.004165,4.327e-06,ok,1
BBMSDppStepwise,67,260,224,58240,0.0136169,30,41.4609,41.4609,3199,0,0,0,0,0,0.013625,0,-8.138e-06,ok,1
DijkstraPrims,67,260,224,58240,0.00161452,30,41.4609,41.4609,166,0,0,0,0,0,0,0.001622,-7.484e-06,ok,1
BBMSCore,67,260,224,58240,0.00561052,30,41.4609,41.4609,346,0,0,0,0,0,0.005617,0,-6.477e-06,ok,2
BBMSInter,67,260,224,58240,0.00417909,30,41.4609,41.4609,801,0,0,0,0,0,0.004185,0,-5.914e-06,ok,2
BBMSDppInstant,67,260,224,58240,0.0130668,30,41.4609,41.4609,3327,0,0,0,0,1,0.013054,0,1.2828e-05,ok,2
BBMSDppStepwise,67,260,224,58240,0.0131887,30,41.4609,41.4609,3199,0,0,0,0,1,0.013178,0,1.0671e-05,ok,2
DijkstraPrims,67,260,224,58240,0.00158748,30,41.4609,41.4609,166,0,0,0,0,0,0.001594,0,-6.523e-06,ok,2
BBMSCore,68,260,224,58240,0.00573834,30.06,41.4648,41.4648,346,0,0,0,0,0,0.005746,0,-7.656e-06,ok,0
BBMSInter,68,260,224,58240,0.00425927,30.06,41.4648,41.4648,801,0,0,0,0,0,0.004266,0,-6.731e-06,ok,0
BBMSDppInstant,68,260,224,58240,0.0131981,30.06,41.4688,41.4688,3321,0,0,0,0,1,0.004005,0.009187,6.068e-06,ok,0
BBMSDppStepwise,68,260,224,58240,0.014287,30.06,41.4688,41.4688,3198,0,0,0,0,1,0.014271,0,1.5999e-05,ok,0
DijkstraPrims,68,260,224,58240,0.00155888,30.06,41.4688,41.4688,165,0,0,0,0,0,0,0.001566,-7.122e-06,ok,0
BBMSCore,68,260,224,58240,0.00565515,30.06,41.4688,41.4688,346,0,0,0,0,0,0.005662,0,-6.849e-06,ok,1
BBMSInter,68,260,224,58240,0.00418174,30.06,41.4688,41.4688,801,0,0,0,0,0,0,0.004187,-5.261e-06,ok,1
BBMSDppInstant,68,260,224,58240,0.0128393,30.06,41.4688,41.4688,3321,0,0,0,0,1,0.01283,0,9.318e-06,ok,1
BBMSDppStepwise,68,260,224,58240,0.013629,30.06,41.4688,41.4688,3198,0,0,0,0,0,0.013636,0,-7.018e-06,ok,1
DijkstraPrims,68,260,224,58240,0.00155603,30.06,41.4688,41.4688,165,0,0,0,0,0,0.001563,0,-6.968e-06,ok,1
BBMSCore,68,260,224,58240,0.00566909,30.06,41.4688,41.4688,346,0,0,0,0,0,0.005675,0,-5.91e-06,ok,2
BBMSInter,68,260,224,58240,0.00424501,30.06,41.4688,41.4688,801,0,0,0,0,0,0.00425,0,-4.991e-06,ok,2
BBMSDppInstant,68,260,224,58240,0.0128617,30.06,41.4688,41.4688,3321,0,0,0,0,0,0.00902,0.003848,-6.307e-06,ok,2
BBMSDppStepwise,68,260,224,58240,0.0137709,30.06,41.4688,41.4688,3198,0,0,0,0,1,0.004264,0.009488,1.8888e-05,ok,2
DijkstraPrims,68,260,224,58240,0.00155047,30.06,41.4688,41.4688,165,0,0,0,0,0,0.001557,0,-6.526e-06,ok,2
BBMSCore,69,260,224,58240,0.00577419,30.06,41.4727,41.4727,346,0,0,0,0,0,0.005782,0,-7.814e-06,ok,0
BBMSInter,69,260,224,58240,0.00438924,30.06,41.4727,41.4727,801,0,0,0,0,0,0.004396,0,-6.76e-06,ok,0
BBMSDppInstant,69,260,224,58240,0.0131204,30.06,41.4727,41.4727,3311,0,0,0,0,0,0.009215,0.003912,-6.586e-06,ok,0
BBMSDppStepwise,69,260,224,58240,0.0133374,30.06,41.4727,41.4727,3194,0,0,0,0,0,0.013344,0,-6.615e-06,ok,0
DijkstraPrims,69,260,224,58240,0.00152824,30.06,41.4727,41.4727,164,0,0,0,0,0,0.001535,0,-6.763e-06,ok,0
BBMSCore,69,260,224,58240,0.00570888,30.06,41.4727,41.4727,346,0,0,0,0,0,0.005715,0,-6.117e-06,ok,1
BBMSInter,69,260,224,58240,0.00412965,30.06,41.4727,41.4727,801,0,0,0,0,0,0.004136,0,-6.35e-06,ok,1
BBMSDppInstant,69,260,224,58240,0.0127626,30.06,41.4727,41.4727,3311,0,0,0,0,0,0.012768,0,-5.405e-06,ok,1
BBMSDppStepwise,69,260,224,58240,0.0132237,30.06,41.4727,41.4727,3194,0,0,0,0,1,0.013192,0,3.1658e-05,ok,1
DijkstraPrims,69,260,224,58240,0.0015323,30.06,41.4766,41.4766,164,0,0,0,0,0,0,0.001538,-5.697e-06,ok,1
BBMSCore,69,260,224,58240,0.00568793,30.06,41.4766,41.4766,346,0,0,0,0,0,0.005694,0,-6.068e-06,ok,2
BBMSInter,69,260,224,58240,0.00416524,30.06,41.4766,41.4766,801,0,0,0,0,0,0.00417,0,-4.762e-06,ok,2
BBMSDppInstant,69,260,224,58240,0.0126953,30.06,41.4766,41.4766,3311,0,0,0,0,0,0.012701,0,-5.658e-06,ok,2
BBMSDppStepwise,69,260,224,58240,0.0130651,30.06,41.4766,41.4766,3194,0,0,0,0,1,0.003857,0.009177,3.1103e-05,ok,2
DijkstraPrims,69,260,224,58240,0.00153714,30.06,41.4766,41.4766,164,0,0,0,0,0,0.001543,0,-5.865e-06,ok,2
BBMSCore,70,260,224,58240,0.00565186,30.06,41.4805,41.4805,346,0,0,0,0,0,0.00566,0,-8.141e-06,ok,0
BBMSInter,70,260,224,58240,0.00432653,30.06,41.4805,41.4805,801,0,0,0,0,0,0.004333,0,-6.472e-06,ok,0
BBMSDppInstant,70,260,224,58240,0.0133881,30.06,41.4805,41.4805,3319,0,0,0,0,0,0.013394,0,-5.853e-06,ok,0
BBMSDppStepwise,70,260,224,58240,0.0133839,30.06,41.4805,41.4805,3199,0,0,0,0,0,0.009454,0.003936,-6.102e-06,ok,0
DijkstraPrims,70,260,224,58240,0.00159239,30.06,41.4844,41.4844,168,0,0,0,0,0,0,0.001599,-6.606e-06,ok,0
BBMSCore,70,260,224,58240,0.00564195,30.06,41.4844,41.4844,346,0,0,0,0,0,0.005648,0,-6.052e-06,ok,1
BBMSInter,70,260,224,58240,0.00411152,30.06,41.4844,41.4844,801,0,0,0,0,0,0,0.004117,-5.478e-06,ok,1
BBMSDppInstant,70,260,224,58240,0.0126925,30.06,41.4844,41.4844,3319,0,0,0,0,0,0.012699,0,-6.537e-06,ok,1
BBMSDppStepwise,70,260,224,58240,0.0131537,30.06,41.4844,41.4844,3199,0,0,0,0,0,0.01316,0,-6.348e-06,ok,1
DijkstraPrims,70,260,224,58240,0.00158523,30.06,41.4844,41.4844,168,0,0,0,0,0,0,0.001593,-7.768e-06,ok,1
BBMSCore,70,260,224,58240,0.00570394,30.06,41.4844,41.4844,346,0,0,0,0,0,0.005712,0,-8.06e-06,ok,2
BBMSInter,70,260,224,58240,0.00435442,30.06,41.4844,41.4844,801,0,0,0,0,1,0.004339,0,1.5424e-05,ok,2
BBMSDppInstant,70,260,224,58240,0.0134841,30.06,41.4844,41.4844,3319,0,0,0,0,0,0.004018,0.009472,-5.9e-06,ok,2
BBMSDppStepwise,70,260,224,58240,0.0131521,30.06,41.4844,41.4844,3199,0,0,0,0,1,0,0.013146,6.067e-06,ok,2
DijkstraPrims,70,260,224,58240,0.00157413,30.06,41.4844,41.4844,168,0,0,0,0,0,0.001581,0,-6.872e-06,ok,2
BBMSCore,71,260,224,58240,0.0057504,30.06,41.4883,41.4883,346,0,0,0,0,1,0.00574,0,1.0397e-05,ok,0
BBMSInter,71,260,224,58240,0.00417588,30.06,41.4883,41.4883,801,0,0,0,0,0,0.004182,0,-6.122e-06,ok,0
BBMSDppInstant,71,260,224,58240,0.0128845,30.06,41.4883,41.4883,3319,0,0,0,0,1,0.012877,0,7.522e-06,ok,0
BBMSDppStepwise,71,260,224,58240,0.0131128,30.06,41.4883,41.4883,3197,0,0,0,0,1,0.003769,0.009323,2.0794e-05,ok,0
DijkstraPrims,71,260,224,58240,0.00154902,30.06,41.4883,41.4883,165,0,0,0,0,0,0.001556,0,-6.983e-06,ok,0
BBMSCore,71,260,224,58240,0.00567051,30.06,41.4883,41.4883,346,0,0,0,0,0,0.005676,0,-5.493e-06,ok,1
BBMSInter,71,260,224,58240,0.00445307,30.06,41.4883,41.4883,801,0,0,0,0,0,0.004459,0,-5.93e-06,ok,1
BBMSDppInstant,71,260,224,58240,0.0134751,30.06,41.4883,41.4883,3319,0,0,0,0,0,0.00397,0.00951,-4.929e-06,ok,1
BBMSDppStepwise,71,260,224,58240,0.0132128,30.06,41.4883,41.4883,3197,0,0,0,0,0,0.003861,0.009357,-5.207e-06,ok,1
DijkstraPrims,71,260,224,58240,0.00156237,30.06,41.4883,41.4883,165,0,0,0,0,0,0.001569,0,-6.627e-06,ok,1
BBMSCore,71,260,224,58240,0.00574739,30.06,41.4883,41.4883,346,0,0,0,0,1,0.005748,0,-6.14e-07,ok,2
BBMSInter,71,260,224,58240,0.00429601,30.06,41.4883,41.4883,801,0,0,0,0,0,0,0.004301,-4.99e-06,ok,2
BBMSDppInstant,71,260,224,58240,0.0132311,30.06,41.4883,41.4883,3319,0,0,0,0,0,0.013237,0,-5.86e-06,ok,2
BBMSDppStepwise,71,260,224,58240,0.0132945,30.06,41.4883,41.4883,3197,0,0,0,0,1,0.003886,0.009391,1.7517e-05,ok,2
DijkstraPrims,71,260,224,58240,0.00156152,30.06,41.4883,41.4883,165,0,0,0,0,0,0.001567,0,-5.481e-06,ok,2
BBMSCore,72,260,224,58240,0.00566261,30.06,41.4922,41.4922,346,0,0,0,0,0,0.00567,0,-7.391e-06,ok,0
BBMSInter,72,260,224,58240,0.00437358,30.06,41.4922,41.4922,801,0,0,0,0,0,0.00439,0,-1.6423e-05,ok,0
BBMSDppInstant,72,260,224,58240,0.013258,30.06,41.4922,41.4922,3314,0,0,0,0,0,0.013264,0,-6.044e-06,ok,0
BBMSDppStepwise,72,260,224,58240,0.0135725,30.06,41.4922,41.4922,3196,0,0,0,0,0,0.013579,0,-6.524e-06,ok,0
DijkstraPrims,72,260,224,58240,0.00153742,30.06,41.4922,41.4922,165,0,0,0,0,0,0.001543,0,-5.58e-06,ok,0
BBMSCore,72,260,224,58240,0.00565865,30.06,41.4961,41.4961,346,0,0,0,0,0,0.005664,0,-5.35e-06,ok,1
BBMSInter,72,260,224,58240,0.00420307,30.06,41.4961,41.4961,801,0,0,0,0,0,0.004209,0,-5.933e-06,ok,1
BBMSDppInstant,72,260,224,58240,0.0128665,30.06,41.4961,41.4961,3314,0,0,0,0,1,0.012837,0,2.9507e-05,ok,1
BBMSDppStepwise,72,260,224,58240,0.0135616,30.06,41.4961,41.4961,3196,0,0,0,0,0,0.013567,0,-5.394e-06,ok,1
DijkstraPrims,72,260,224,58240,0.00157981,30.06,41.4961,41.4961,165,0,0,0,0,0,0,0.001587,-7.193e-06,ok,1
BBMSCore,72,260,224,58240,0.00566998,30.06,41.4961,41.4961,346,0,0,0,0,0,0.005675,0,-5.021e-06,ok,2
BBMSInter,72,260,224,58240,0.00419889,30.06,41.4961,41.4961,801,0,0,0,0,0,0.004204,0,-5.112e-06,ok,2
BBMSDppInstant,72,260,224,58240,0.0129089,30.06,41.4961,41.4961,3314,0,0,0,0,1,0,0.01289,1.8893e-05,ok,2
BBMSDppStepwise,72,260,224,58240,0.0135982,30.06,41.4961,41.4961,3196,0,0,0,0,1,0.009642,0.003948,8.165e-06,ok,2
DijkstraPrims,72,260,224,58240,0.00153498,30.06,41.5,41.5,165,0,0,0,0,0,0,0.001541,-6.015e-06,ok,2
BBMSCore,73,260,224,58240,0.00540507,30,41.5039,41.5039,346,0,0,0,0,0,0.005412,0,-6.925e-06,ok,0
BBMSInter,73,260,224,58240,0.00423261,30,41.5039,41.5039,801,0,0,0,0,0,0.00424,0,-7.393e-06,ok,0
BBMSDppInstant,73,260,224,58240,0.0126136,30,41.5039,41.5039,3316,0,0,0,0,0,0.003436,0.009184,-6.415e-06,ok,0
BBMSDppStepwise,73,260,224,58240,0.0131498,30,41.5039,41.5039,3203,0,0,0,0,0,0.003689,0.009466,-5.184e-06,ok,0
DijkstraPrims,73,260,224,58240,0.000573854,30,41.5039,41.5039,60,0,0,0,0,0,0.000579,0,-5.146e-06,ok,0
BBMSCore,73,260,224,58240,0.00536018,30,41.5039,41.5039,346,0,0,0,0,0,0.005367,0,-6.817e-06,ok,1
BBMSInter,73,260,224,58240,0.00416544,30,41.5039,41.5039,801,0,0,0,0,1,0,0.004155,1.0435e-05,ok,1
BBMSDppInstant,73,260,224,58240,0.012082,30,41.5039,41.5039,3316,0,0,0,0,1,0.003185,0.008884,1.2968e-05,ok,1
BBMSDppStepwise,73,260,224,58240,0.0130814,30,41.5039,41.5039,3203,0,0,0,0,1,0.003673,0.009381,2.7403e-05,ok,1
DijkstraPrims,73,260,224,58240,0.000578482,30,41.5039,41.5039,60,0,0,0,0,0,0.000584,0,-5.518e-06,ok,1
BBMSCore,73,260,224,58240,0.00536431,30,41.5039,41.5039,346,0,0,0,0,0,0.00537,0,-5.691e-06,ok,2
BBMSInter,73,260,224,58240,0.00409414,30,41.5039,41.5039,801,0,0,0,0,1,0.004085,0,9.14e-06,ok,2
BBMSDppInstant,73,260,224,58240,0.011951,30,41.5039,41.5039,3316,0,0,0,0,0,0.003121,0.008836,-6.018e-06,ok,2
BBMSDppStepwise,73,260,224,58240,0.0131138,30,41.5039,41.5039,3203,0,0,0,0,1,0.013084,0,2.9847e-05,ok,2
DijkstraPrims,73,260,224,58240,0.000619183,30,41.5039,41.5039,60,0,0,0,0,0,0.000625,0,-5.817e-06,ok,2
BBMSCore,74,260,224,58240,0.00528787,30,41.5078,41.5078,346,0,0,0,0,0,0.005295,0,-7.135e-06,ok,0
BBMSInter,74,260,224,58240,0.00413275,30,41.5078,41.5078,801,0,0,0,0,0,0.004139,0,-6.252e-06,ok,0
BBMSDppInstant,74,260,224,58240,0.01219,30,41.5078,41.5078,3316,0,0,0,0,0,0.012196,0,-6.004e-06,ok,0
BBMSDppStepwise,74,260,224,58240,0.0131171,30,41.5078,41.5078,3196,0,0,0,0,0,0.013123,0,-5.931e-06,ok,0
DijkstraPrims,74,260,224,58240,0.0011541,30,41.5078,41.5078,115,0,0,0,0,0,0.001162,0,-7.898e-06,ok,0
BBMSCore,74,260,224,58240,0.00524165,30,41.5078,41.5078,346,0,0,0,0,0,0.005247,0,-5.351e-06,ok,1
BBMSInter,74,260,224,58240,0.00401491,30,41.5078,41.5078,801,0,0,0,0,0,0.004021,0,-6.091e-06,ok,1
BBMSDppInstant,74,260,224,58240,0.0121655,30,41.5117,41.5117,3316,0,0,0,0,0,0.012171,0,-5.495e-06,ok,1
BBMSDppStepwise,74,260,224,58240,0.0130179,30,41.5117,41.5117,3196,0,0,0,0,0,0.013025,0,-7.128e-06,ok,1
DijkstraPrims,74,260,224,58240,0.00115405,30,41.5117,41.5117,115,0,0,0,0,0,0.001161,0,-6.95e-06,ok,1
BBMSCore,74,260,224,58240,0.00524315,30,41.5117,41.5117,346,0,0,0,0,0,0.00525,0,-6.848e-06,ok,2
BBMSInter,74,260,224,58240,0.00405815,30,41.5117,41.5117,801,0,0,0,0,0,0,0.004063,-4.847e-06,ok,2
BBMSDppInstant,74,260,224,58240,0.0121762,30,41.5117,41.5117,3316,0,0,0,0,1,0.012162,0,1.4177e-05,ok,2
BBMSDppStepwise,74,260,224,58240,0.01313,30,41.5117,41.5117,3196,0,0,0,0,0,0.009515,0.003622,-6.987e-06,ok,2
DijkstraPrims,74,260,224,58240,0.00114999,30,41.5117,41.5117,115,0,0,0,0,0,0.001157,0,-7.008e-06,ok,2
BBMSCore,75,260,224,58240,0.0057602,30,41.5156,41.5156,346,0,0,0,0,0,0.005768,0,-7.804e-06,ok,0
BBMSInter,75,260,224,58240,0.00437724,30,41.5156,41.5156,801,0,0,0,0,0,0.004383,0,-5.764e-06,ok,0
BBMSDppInstant,75,260,224,58240,0.0134552,30,41.5156,41.5156,3324,0,0,0,0,0,0,0.013461,-5.803e-06,ok,0
BBMSDppStepwise,75,260,224,58240,0.0132043,30,41.5156,41.5156,3201,0,0,0,0,0,0.013211,0,-6.671e-06,ok,0
DijkstraPrims,75,260,224,58240,0.000244645,30,41.5156,41.5156,28,0,0,0,0,0,0.000251,0,-6.355e-06,ok,0
BBMSCore,75,260,224,58240,0.00579522,30,41.5156,41.5156,346,0,0,0,0,1,0.005766,0,2.9215e-05,ok,1
BBMSInter,75,260,224,58240,0.0042258,30,41.5156,41.5156,801,0,0,0,0,0,0.004232,0,-6.201e-06,ok,1
BBMSDppInstant,75,260,224,58240,0.0128421,30,41.5156,41.5156,3324,0,0,0,0,1,0.012821,0,2.1103e-05,ok,1
BBMSDppStepwise,75,260,224,58240,0.0130842,30,41.5156,41.5156,3201,0,0,0,0,1,0.013072,0,1.2238e-05,ok,1
DijkstraPrims,75,260,224,58240,0.000244893,30,41.5156,41.5156,28,0,0,0,0,0,0.00025,0,-5.107e-06,ok,1
BBMSCore,75,260,224,58240,0.00568155,30,41.5156,41.5156,346,0,0,0,0,0,0.005689,0,-7.454e-06,ok,2
BBMSInter,75,260,224,58240,0.00425929,30,41.5156,41.5156,801,0,0,0,0,0,0.004265,0,-5.708e-06,ok,2
BBMSDppInstant,75,260,224,58240,0.0128619,30,41.5156,41.5156,3324,0,0,0,0,1,0.012847,0,1.4917e-05,ok,2
BBMSDppStepwise,75,260,224,58240,0.0131448,30,41.5156,41.5156,3201,0,0,0,0,1,0.01313,0,1.4825e-05,ok,2
DijkstraPrims,75,260,224,58240,0.000241071,30,41.5156,41.5156,28,0,0,0,0,0,0.000247,0,-5.929e-06,ok,2
BBMSCore,76,260,224,58240,0.00537576,30,41.5195,41.5195,346,0,0,0,0,0,0.005383,0,-7.236e-06,ok,0
BBMSInter,76,260,224,58240,0.00421935,30,41.5195,41.5195,801,0,0,0,0,0,0.004226,0,-6.647e-06,ok,0
BBMSDppInstant,76,260,224,58240,0.0127026,30,41.5195,41.5195,3322,0,0,0,0,0,0.003331,0.009378,-6.427e-06,ok,0
BBMSDppStepwise,76,260,224,58240,0.0132357,30,41.5195,41.5195,3200,0,0,0,0,1,0.003543,0.00969,2.695e-06,ok,0
DijkstraPrims,76,260,224,58240,0.000731715,30,41.5234,41.5234,81,0,0,0,0,0,0.000738,0,-6.285e-06,ok,0
BBMSCore,76,260,224,58240,0.00539207,30,41.5234,41.5234,346,0,0,0,0,1,0.005384,0,8.067e-06,ok,1
BBMSInter,76,260,224,58240,0.00406673,30,41.5234,41.5234,801,0,0,0,0,0,0.004073,0,-6.267e-06,ok,1
BBMSDppInstant,76,260,224,58240,0.0125606,30,41.5234,41.5234,3322,0,0,0,0,1,0.012551,0,9.619e-06,ok,1
BBMSDppStepwise,76,260,224,58240,0.0129932,30,41.5273,41.5273,3200,0,0,0,0,0,0.013,0,-6.83e-06,ok,1
DijkstraPrims,76,260,224,58240,0.000739986,30,41.5273,41.5273,81,0,0,0,0,0,0.000745,0,-5.014e-06,ok,1
BBMSCore,76,260,224,58240,0.00538156,30,41.5273,41.5273,346,0,0,0,0,1,0,0.005363,1.8562e-05,ok,2
BBMSInter,76,260,224,58240,0.0040672,30,41.5273,41.5273,801,0,0,0,0,0,0.004072,0,-4.802e-06,ok,2
BBMSDppInstant,76,260,224,58240,0.0126529,30,41.5273,41.5273,3322,0,0,0,0,0,0.012659,0,-6.054e-06,ok,2
BBMSDppStepwise,76,260,224,58240,0.0131071,30,41.5273,41.5273,3200,0,0,0,0,1,0.013093,0,1.4081e-05,ok,2
DijkstraPrims,76,260,224,58240,0.000743413,30,41.5273,41.5273,81,0,0,0,0,0,0.00075,0,-6.587e-06,ok,2
BBMSCore,77,260,224,58240,0.00577975,30.06,41.5312,41.5312,346,0,0,0,0,1,0.005773,0,6.752e-06,ok,0
BBMSInter,77,260,224,58240,0.00421802,30.06,41.5312,41.5312,801,0,0,0,0,0,0,0.004224,-5.985e-06,ok,0
BBMSDppInstant,77,260,224,58240,0.013063,30.06,41.5312,41.5312,3318,0,0,0,0,1,0.003419,0.009637,7.007e-06,ok,0
BBMSDppStepwise,77,260,224,58240,0.0133707,30.06,41.5312,41.5312,3199,0,0,0,0,0,0.013377,0,-6.308e-06,ok,0
DijkstraPrims,77,260,224,58240,0.00160258,30.06,41.5312,41.5312,168,0,0,0,0,0,0.001609,0,-6.419e-06,ok,0
BBMSCore,77,260,224,58240,0.00570658,30.06,41.5312,41.5312,346,0,0,0,0,0,0.005712,0,-5.421e-06,ok,1
BBMSInter,77,260,224,58240,0.00417141,30.06,41.5312,41.5312,801,0,0,0,0,0,0.004178,0,-6.588e-06,ok,1
BBMSDppInstant,77,260,224,58240,0.0129484,30.06,41.5312,41.5312,3318,0,0,0,0,0,0.012954,0,-5.587e-06,ok,1
BBMSDppStepwise,77,260,224,58240,0.0131001,30.06,41.5312,41.5312,3199,0,0,0,0,1,0.009709,0.003388,3.068e-06,ok,1
DijkstraPrims,77,260,224,58240,0.00161935,30.06,41.5312,41.5312,168,0,0,0,0,0,0.001626,0,-6.65e-06,ok,1
BBMSCore,77,260,224,58240,0.00574312,30.06,41.5312,41.5312,346,0,0,0,0,1,0.005734,0,9.119e-06,ok,2
BBMSInter,77,260,224,58240,0.00417643,30.06,41.5312,41.5312,801,0,0,0,0,0,0.004182,0,-5.573e-06,ok,2
BBMSDppInstant,77,260,224,58240,0.0129336,30.06,41.5312,41.5312,3318,0,0,0,0,1,0.012922,0,1.1601e-05,ok,2
BBMSDppStepwise,77,260,224,58240,0.0131743,30.06,41.5312,41.5312,3199,0,0,0,0,1,0.013163,0,1.1296e-05,ok,2
DijkstraPrims,77,260,224,58240,0.00162919,30.06,41.5312,41.5312,168,0,0,0,0,0,0.001635,0,-5.814e-06,ok,2
BBMSCore,78,260,224,58240,0.00562492,30,41.5352,41.5352,346,0,0,0,0,0,0.005631,0,-6.084e-06,ok,0
BBMSInter,78,260,224,58240,0.00422162,30,41.5352,41.5352,801,0,0,0,0,0,0.004228,0,-6.382e-06,ok,0
BBMSDppInstant,78,260,224,58240,0.0129384,30,41.5352,41.5352,3318,0,0,0,0,1,0.003325,0.009607,6.415e-06,ok,0
BBMSDppStepwise,78,260,224,58240,0.013673,30,41.5352,41.5352,3198,0,0,0,0,0,0.003677,0.010002,-5.968e-06,ok,0
DijkstraPrims,78,260,224,58240,0.000390581,30,41.5352,41.5352,43,0,0,0,0,0,0.000396,0,-5.419e-06,ok,0
BBMSCore,78,260,224,58240,0.00558821,30,41.5352,41.5352,346,0,0,0,0,1,0.005576,0,1.2214e-05,ok,1
BBMSInter,78,260,224,58240,0.00412003,30,41.5352,41.5352,801,0,0,0,0,0,0.004125,0,-4.974e-06,ok,1
BBMSDppInstant,78,260,224,58240,0.012983,30,41.5352,41.5352,3318,0,0,0,0,0,0.00332,0.009668,-4.972e-06,ok,1
BBMSDppStepwise,78,260,224,58240,0.0136223,30,41.5352,41.5352,3198,0,0,0,0,0,0.013629,0,-6.69e-06,ok,1
DijkstraPrims,78,260,224,58240,0.000385868,30,41.5391,41.5391,43,0,0,0,0,0,0.000391,0,-5.132e-06,ok,1
BBMSCore,78,260,224,58240,0.00551719,30,41.5391,41.5391,346,0,0,0,0,0,0.005522,0,-4.811e-06,ok,2
BBMSInter,78,260,224,58240,0.00411654,30,41.5391,41.5391,801,0,0,0,0,0,0.004122,0,-5.46e-06,ok,2
BBMSDppInstant,78,260,224,58240,0.0129368,30,41.5391,41.5391,3318,0,0,0,0,2,0.009632,0.003283,2.1791e-05,ok,2
BBMSDppStepwise,78,260,224,58240,0.0135684,30,41.5391,41.5391,3198,0,0,0,0,0,0.009971,0.003604,-6.587e-06,ok,2
DijkstraPrims,78,260,224,58240,0.000382433,30,41.5391,41.5391,43,0,0,0,0,0,0.000388,0,-5.567e-06,ok,2
BBMSCore,79,260,224,58240,0.00524537,30,41.543,41.543,346,0,0,0,0,0,0,0.005252,-6.629e-06,ok,0
BBMSInter,79,260,224,58240,0.00391783,30,41.543,41.543,801,0,0,0,0,0,0,0.003923,-5.171e-06,ok,0
BBMSDppInstant,79,260,224,58240,0.0124176,30,41.543,41.543,3317,0,0,0,0,0,0.012425,0,-7.371e-06,ok,0
BBMSDppStepwise,79,260,224,58240,0.0131502,30,41.543,41.543,3199,0,0,0,0,0,0.013157,0,-6.811e-06,ok,0
DijkstraPrims,79,260,224,58240,0.000968,30,41.543,41.543,96,0,0,0,0,0,0,0.000975,-7e-06,ok,0
BBMSCore,79,260,224,58240,0.00522549,30,41.543,41.543,346,0,0,0,0,0,0.005232,0,-6.515e-06,ok,1
BBMSInter,79,260,224,58240,0.00401446,30,41.543,41.543,801,0,0,0,0,1,0.004,0,1.4456e-05,ok,1
BBMSDppInstant,79,260,224,58240,0.0123049,30,41.543,41.543,3317,0,0,0,0,1,0.012289,0,1.5918e-05,ok,1
BBMSDppStepwise,79,260,224,58240,0.0131454,30,41.543,41.543,3199,0,0,0,0,1,0.003346,0.009788,1.1393e-05,ok,1
DijkstraPrims,79,260,224,58240,0.000965728,30,41.5469,41.5469,96,0,0,0,0,0,0.000971,0,-5.272e-06,ok,1
BBMSCore,79,260,224,58240,0.00524791,30,41.5469,41.5469,346,0,0,0,0,1,0.00524,0,7.909e-06,ok,2
BBMSInter,79,260,224,58240,0.0039209,30,41.5469,41.5469,801,0,0,0,0,0,0,0.003927,-6.1e-06,ok,2
BBMSDppInstant,79,260,224,58240,0.0120181,30,41.5469,41.5469,3317,0,0,0,0,0,0.012024,0,-5.855e-06,ok,2
BBMSDppStepwise,79,260,224,58240,0.0135036,30,41.5469,41.5469,3199,0,0,0,0,1,0.013485,0,1.8573e-05,ok,2
DijkstraPrims,79,260,224,58240,0.000987278,30,41.5469,41.5469,96,0,0,0,0,0,0.000994,0,-6.722e-06,ok,2
BBMSCore,80,260,224,58240,0.0056995,30.06,41.5508,41.5508,346,0,0,0,0,0,0.005707,0,-7.501e-06,ok,0
BBMSInter,80,260,224,58240,0.00423638,30.06,41.5508,41.5508,801,0,0,0,0,0,0.004243,0,-6.621e-06,ok,0
BBMSDppInstant,80,260,224,58240,0.0132203,30.06,41.5508,41.5508,3318,0,0,0,0,0,0.013226,0,-5.674e-06,ok,0
BBMSDppStepwise,80,260,224,58240,0.0133198,30.06,41.5508,41.5508,3196,0,0,0,0,0,0.013328,0,-8.194e-06,ok,0
DijkstraPrims,80,260,224,58240,0.00165516,30.06,41.5508,41.5508,168,0,0,0,0,0,0.001662,0,-6.844e-06,ok,0
BBMSCore,80,260,224,58240,0.00568542,30.06,41.5508,41.5508,346,0,0,0,0,1,0.005682,0,3.421e-06,ok,1
BBMSInter,80,260,224,58240,0.00418643,30.06,41.5508,41.5508,801,0,0,0,0,1,0.00418,0,6.435e-06,ok,1
BBMSDppInstant,80,260,224,58240,0.012709,30.06,41.5508,41.5508,3318,0,0,0,0,0,0.012715,0,-5.955e-06,ok,1
BBMSDppStepwise,80,260,224,58240,0.0131306,30.06,41.5508,41.5508,3196,0,0,0,0,1,0.013125,0,5.595e-06,ok,1
DijkstraPrims,80,260,224,58240,0.00161603,30.06,41.5508,41.5508,168,0,0,0,0,0,0.001622,0,-5.968e-06,ok,1
BBMSCore,80,260,224,58240,0.00564305,30.06,41.5508,41.5508,346,0,0,0,0,0,0.005648,0,-4.95e-06,ok,2
BBMSInter,80,260,224,58240,0.00417042,30.06,41.5547,41.5547,801,0,0,0,0,0,0.004176,0,-5.584e-06,ok,2
BBMSDppInstant,80,260,224,58240,0.0128418,30.06,41.5547,41.5547,3318,0,0,0,0,0,0,0.012848,-6.181e-06,ok,2
BBMSDppStepwise,80,260,224,58240,0.0138018,30.06,41.5547,41.5547,3196,0,0,0,0,0,0.013632,0.000178,-8.212e-06,ok,2
DijkstraPrims,80,260,224,58240,0.00170029,30.06,41.5547,41.5547,168,0,0,0,0,1,0.001685,0,1.5293e-05,ok,2
BBMSCore,81,260,224,58240,0.00531964,30,41.5547,41.5547,346,0,0,0,0,1,0.005315,0,4.641e-06,ok,0
BBMSInter,81,260,224,58240,0.00416855,30,41.5586,41.5586,801,0,0,0,0,0,0.004175,0,-6.448e-06,ok,0
BBMSDppInstant,81,260,224,58240,0.0125718,30,41.5586,41.5586,3315,0,0,0,0,0,0.012578,0,-6.158e-06,ok,0
BBMSDppStepwise,81,260,224,58240,0.0131667,30,41.5586,41.5586,3198,0,0,0,0,0,0.013173,0,-6.265e-06,ok,0
DijkstraPrims,81,260,224,58240,0.000865135,30,41.5586,41.5586,86,0,0,0,0,0,0,0.000872,-6.865e-06,ok,0
BBMSCore,81,260,224,58240,0.00527483,30,41.5586,41.5586,346,0,0,0,0,0,0.005281,0,-6.166e-06,ok,1
BBMSInter,81,260,224,58240,0.0041188,30,41.5586,41.5586,801,0,0,0,0,1,0.00411,0,8.797e-06,ok,1
BBMSDppInstant,81,260,224,58240,0.0122224,30,41.5586,41.5586,3315,0,0,0,0,1,0.012209,0,1.3406e-05,ok,1
BBMSDppStepwise,81,260,224,58240,0.0130444,30,41.5586,41.5586,3198,0,0,0,0,1,0.01303,0,1.44e-05,ok,1
DijkstraPrims,81,260,224,58240,0.00084948,30,41.5586,41.5586,86,0,0,0,0,0,0.000856,0,-6.52e-06,ok,1
BBMSCore,81,260,224,58240,0.00526225,30,41.5586,41.5586,346,0,0,0,0,0,0.005268,0,-5.749e-06,ok,2
BBMSInter,81,260,224,58240,0.0040317,30,41.5586,41.5586,801,0,0,0,0,0,0.004037,0,-5.301e-06,ok,2
BBMSDppInstant,81,260,224,58240,0.012241,30,41.5586,41.5586,3315,0,0,0,0,0,0.012247,0,-6.002e-06,ok,2
BBMSDppStepwise,81,260,224,58240,0.0129115,30,41.5586,41.5586,3198,0,0,0,0,0,0.012918,0,-6.457e-06,ok,2
DijkstraPrims,81,260,224,58240,0.000854583,30,41.5586,41.5586,86,0,0,0,0,0,0,0.000861,-6.417e-06,ok,2
BBMSCore,82,260,224,58240,0.00570528,30.06,41.5625,41.5625,346,0,0,0,0,0,0.005712,0,-6.718e-06,ok,0
BBMSInter,82,260,224,58240,0.00427005,30.06,41.5625,41.5625,801,0,0,0,0,0,0.004276,0,-5.953e-06,ok,0
BBMSDppInstant,82,260,224,58240,0.0131864,30.06,41.5625,41.5625,3324,0,0,0,0,0,0.003224,0.009968,-5.567e-06,ok,0
BBMSDppStepwise,82,260,224,58240,0.0134168,30.06,41.5625,41.5625,3198,0,0,0,0,1,0.003292,0.010111,1.3765e-05,ok,0
DijkstraPrims,82,260,224,58240,0.00157619,30.06,41.5625,41.5625,168,0,0,0,0,0,0.001582,0,-5.81e-06,ok,0
BBMSCore,82,260,224,58240,0.00565065,30.06,41.5625,41.5625,346,0,0,0,0,0,0.005656,0,-5.351e-06,ok,1
BBMSInter,82,260,224,58240,0.00418174,30.06,41.5625,41.5625,801,0,0,0,0,0,0.004188,0,-6.261e-06,ok,1
BBMSDppInstant,82,260,224,58240,0.0128598,30.06,41.5625,41.5625,3324,0,0,0,0,0,0.012873,0,-1.3195e-05,ok,1
BBMSDppStepwise,82,260,224,58240,0.013648,30.06,41.5625,41.5625,3198,0,0,0,0,1,0.013644,0,3.982e-06,ok,1
DijkstraPrims,82,260,224,58240,0.00160014,30.06,41.5625,41.5625,168,0,0,0,0,0,0.001607,0,-6.858e-06,ok,1
BBMSCore,82,260,224,58240,0.00574811,30.06,41.5625,41.5625,346,0,0,0,0,1,0.005737,0,1.1113e-05,ok,2
BBMSInter,82,260,224,58240,0.00420851,30.06,41.5625,41.5625,801,0,0,0,0,0,0.004214,0,-5.494e-06,ok,2
BBMSDppInstant,82,260,224,58240,0.0133786,30.06,41.5625,41.5625,3324,0,0,0,0,0,0.013385,0,-6.43e-06,ok,2
BBMSDppStepwise,82,260,224,58240,0.0131921,30.06,41.5664,41.5664,3198,0,0,0,0,0,0.013198,0,-5.916e-06,ok,2
DijkstraPrims,82,260,224,58240,0.00160372,30.06,41.5703,41.5703,168,0,0,0,0,0,0.00161,0,-6.282e-06,ok,2
BBMSCore,83,260,224,58240,0.00568993,30.06,41.5703,41.5703,346,0,0,0,0,0,0.005696,0,-6.068e-06,ok,0
BBMSInter,83,260,224,58240,0.00444596,30.06,41.5742,41.5742,801,0,0,0,0,0,0.004453,0,-7.036e-06,ok,0
BBMSDppInstant,83,260,224,58240,0.0133972,30.06,41.5742,41.5742,3329,0,0,0,0,0,0.003263,0.010141,-6.845e-06,ok,0
BBMSDppStepwise,83,260,224,58240,0.0132606,30.06,41.5742,41.5742,3199,0,0,0,0,0,0.013268,0,-7.364e-06,ok,0
DijkstraPrims,83,260,224,58240,0.00158331,30.06,41.5742,41.5742,168,0,0,0,0,0,0.00159,0,-6.689e-06,ok,0
BBMSCore,83,260,224,58240,0.00567923,30.06,41.5742,41.5742,346,0,0,0,0,0,0.005685,0,-5.772e-06,ok,1
BBMSInter,83,260,224,58240,0.00419126,30.06,41.5742,41.5742,801,0,0,0,0,0,0.004197,0,-5.738e-06,ok,1
BBMSDppInstant,83,260,224,58240,0.0137985,30.06,41.5742,41.5742,3329,0,0,0,0,0,0.003445,0.010361,-7.452e-06,ok,1
BBMSDppStepwise,83,260,224,58240,0.0142621,30.06,41.5742,41.5742,3199,0,0,0,0,1,0,0.01424,2.2052e-05,ok,1
DijkstraPrims,83,260,224,58240,0.00158848,30.06,41.5742,41.5742,168,0,0,0,0,0,0.001595,0,-6.519e-06,ok,1
BBMSCore,83,260,224,58240,0.00568209,30.06,41.5742,41.5742,346,0,0,0,0,0,0.005688,0,-5.914e-06,ok,2
BBMSInter,83,260,224,58240,0.00421579,30.06,41.5742,41.5742,801,0,0,0,0,0,0.004222,0,-6.208e-06,ok,2
BBMSDppInstant,83,260,224,58240,0.013648,30.06,41.5742,41.5742,3329,0,0,0,0,1,0.003378,0.010264,6.046e-06,ok,2
BBMSDppStepwise,83,260,224,58240,0.014306,30.06,41.5742,41.5742,3199,0,0,0,0,1,0.003661,0.010615,3.0008e-05,ok,2
DijkstraPrims,83,260,224,58240,0.00159037,30.06,41.5742,41.5742,168,0,0,0,0,0,0.001598,0,-7.634e-06,ok,2
BBMSCore,84,260,224,58240,0.00569034,30.06,41.5781,41.5781,346,0,0,0,0,0,0.005698,0,-7.665e-06,ok,0
BBMSInter,84,260,224,58240,0.00416273,30.06,41.5781,41.5781,801,0,0,0,0,0,0.00417,0,-7.272e-06,ok,0
BBMSDppInstant,84,260,224,58240,0.0135953,30.06,41.5781,41.5781,3323,0,0,0,0,0,0.013601,0,-5.716e-06,ok,0
BBMSDppStepwise,84,260,224,58240,0.0143047,30.06,41.5781,41.5781,3201,0,0,0,0,1,0,0.014283,2.1705e-05,ok,0
DijkstraPrims,84,260,224,58240,0.00156816,30.06,41.5781,41.5781,165,0,0,0,0,0,0.001575,0,-6.839e-06,ok,0
BBMSCore,84,260,224,58240,0.00566805,30.06,41.5781,41.5781,346,0,0,0,0,0,0.005674,0,-5.947e-06,ok,1
BBMSInter,84,260,224,58240,0.00419181,30.06,41.5781,41.5781,801,0,0,0,0,0,0.004198,0,-6.189e-06,ok,1
BBMSDppInstant,84,260,224,58240,0.0130687,30.06,41.5781,41.5781,3323,0,0,0,0,0,0.013075,0,-6.278e-06,ok,1
BBMSDppStepwise,84,260,224,58240,0.0137282,30.06,41.5781,41.5781,3201,0,0,0,0,1,0,0.013694,3.4152e-05,ok,1
DijkstraPrims,84,260,224,58240,0.00160657,30.06,41.5781,41.5781,165,0,0,0,0,0,0.001615,0,-8.431e-06,ok,1
BBMSCore,84,260,224,58240,0.00570083,30.06,41.5781,41.5781,346,0,0,0,0,0,0.005708,0,-7.166e-06,ok,2
BBMSInter,84,260,224,58240,0.00428652,30.06,41.5781,41.5781,801,0,0,0,0,0,0.004292,0,-5.477e-06,ok,2
BBMSDppInstant,84,260,224,58240,0.0134942,30.06,41.5781,41.5781,3323,0,0,0,0,0,0.003239,0.010261,-5.825e-06,ok,2
BBMSDppStepwise,84,260,224,58240,0.0133331,30.06,41.5781,41.5781,3201,0,0,0,0,1,0.013306,0,2.7051e-05,ok,2
DijkstraPrims,84,260,224,58240,0.00157255,30.06,41.582,41.582,165,0,0,0,0,0,0.001578,0,-5.455e-06,ok,2
BBMSCore,85,260,224,58240,0.00526082,30,41.582,41.582,346,0,0,0,0,0,0.005268,0,-7.176e-06,ok,0
BBMSInter,85,260,224,58240,0.00389062,30,41.5859,41.5859,801,0,0,0,0,0,0.003897,0,-6.38e-06,ok,0
BBMSDppInstant,85,260,224,58240,0.0125131,30,41.5859,41.5859,3322,0,0,0,0,1,0.009847,0.002663,3.097e-06,ok,0
BBMSDppStepwise,85,260,224,58240,0.0144891,30,41.5859,41.5859,3198,0,0,0,0,0,0.014496,0,-6.862e-06,ok,0
DijkstraPrims,85,260,224,58240,0.000984431,30,41.5859,41.5859,97,0,0,0,0,0,0.000991,0,-6.569e-06,ok,0
BBMSCore,85,260,224,58240,0.0052794,30,41.5859,41.5859,346,0,0,0,0,0,0.005286,0,-6.601e-06,ok,1
BBMSInter,85,260,224,58240,0.00393994,30,41.5859,41.5859,801,0,0,0,0,0,0.003946,0,-6.058e-06,ok,1
BBMSDppInstant,85,260,224,58240,0.0134417,30,41.5859,41.5859,3322,0,0,0,0,1,0.013439,0,2.7e-06,ok,1
BBMSDppStepwise,85,260,224,58240,0.0143189,30,41.5859,41.5859,3198,0,0,0,0,1,0.014304,0,1.4922e-05,ok,1
DijkstraPrims,85,260,224,58240,0.000976549,30,41.5859,41.5859,97,0,0,0,0,0,0.000984,0,-7.451e-06,ok,1
BBMSCore,85,260,224,58240,0.0052632,30,41.5859,41.5859,346,0,0,0,0,0,0.005268,0,-4.803e-06,ok,2
BBMSInter,85,260,224,58240,0.00392836,30,41.5859,41.5859,801,0,0,0,0,0,0.003935,0,-6.636e-06,ok,2
BBMSDppInstant,85,260,224,58240,0.0128084,30,41.5859,41.5859,3322,0,0,0,0,1,0.012796,0,1.2416e-05,ok,2
BBMSDppStepwise,85,260,224,58240,0.01318,30,41.5859,41.5859,3198,0,0,0,0,1,0.006785,0.006363,3.1953e-05,ok,2
DijkstraPrims,85,260,224,58240,0.00100121,30,41.5859,41.5859,97,0,0,0,0,0,0.001009,0,-7.792e-06,ok,2
BBMSCore,86,260,224,58240,0.00557913,30,41.5898,41.5898,346,0,0,0,0,0,0.005586,0,-6.866e-06,ok,0
BBMSInter,86,260,224,58240,0.00435717,30,41.5898,41.5898,801,0,0,0,0,0,0.004363,0,-5.826e-06,ok,0
BBMSDppInstant,86,260,224,58240,0.0130405,30,41.5898,41.5898,3315,0,0,0,0,1,0.013035,0,5.522e-06,ok,0
BBMSDppStepwise,86,260,224,58240,0.0133605,30,41.5898,41.5898,3199,0,0,0,0,1,0.013358,0,2.523e-06,ok,0
DijkstraPrims,86,260,224,58240,0.000386915,30,41.5938,41.5938,42,0,0,0,0,0,0,0.000394,-7.085e-06,ok,0
BBMSCore,86,260,224,58240,0.00552431,30,41.5938,41.5938,346,0,0,0,0,0,0.00553,0,-5.695e-06,ok,1
BBMSInter,86,260,224,58240,0.00428359,30,41.5938,41.5938,801,0,0,0,0,1,0.004273,0,1.0588e-05,ok,1
BBMSDppInstant,86,260,224,58240,0.0128896,30,41.5938,41.5938,3315,0,0,0,0,1,0.012877,0,1.2582e-05,ok,1
BBMSDppStepwise,86,260,224,58240,0.0135068,30,41.5938,41.5938,3199,0,0,0,0,1,0.013495,0,1.18e-05,ok,1
DijkstraPrims,86,260,224,58240,0.000375552,30,41.5938,41.5938,42,0,0,0,0,0,0.000382,0,-6.448e-06,ok,1
BBMSCore,86,260,224,58240,0.00553467,30,41.5938,41.5938,346,0,0,0,0,0,0.00554,0,-5.328e-06,ok,2
BBMSInter,86,260,224,58240,0.0043228,30,41.5938,41.5938,801,0,0,0,0,0,0.004328,0,-5.204e-06,ok,2
BBMSDppInstant,86,260,224,58240,0.0131444,30,41.5938,41.5938,3315,0,0,0,0,0,0.002953,0.010197,-5.573e-06,ok,2
BBMSDppStepwise,86,260,224,58240,0.0131968,30,41.5938,41.5938,3199,0,0,0,0,0,0.013204,0,-7.15e-06,ok,2
DijkstraPrims,86,260,224,58240,0.000375295,30,41.5938,41.5938,42,0,0,0,0,0,0.000382,0,-6.705e-06,ok,2
BBMSCore,87,260,224,58240,0.00587002,30,41.5977,41.5977,346,0,0,0,0,0,0.005878,0,-7.977e-06,ok,0
BBMSInter,87,260,224,58240,0.00442174,30,41.6016,41.6016,801,0,0,0,0,0,0,0.004429,-7.264e-06,ok,0
BBMSDppInstant,87,260,224,58240,0.0131603,30,41.6016,41.6016,3321,0,0,0,0,0,0.013167,0,-6.747e-06,ok,0
BBMSDppStepwise,87,260,224,58240,0.0133909,30,41.6016,41.6016,3199,0,0,0,0,2,0,0.013368,2.2895e-05,ok,0
DijkstraPrims,87,260,224,58240,0.00164308,30,41.6016,41.6016,171,0,0,0,0,0,0.001649,0,-5.918e-06,ok,0
BBMSCore,87,260,224,58240,0.00579115,30,41.6016,41.6016,346,0,0,0,0,0,0.005797,0,-5.855e-06,ok,1
BBMSInter,87,260,224,58240,0.00436669,30,41.6016,41.6016,801,0,0,0,0,1,0.004356,0,1.0692e-05,ok,1
BBMSDppInstant,87,260,224,58240,0.0130791,30,41.6016,41.6016,3321,0,0,0,0,0,0.002895,0.010191,-6.864e-06,ok,1
BBMSDppStepwise,87,260,224,58240,0.0132791,30,41.6016,41.6016,3199,0,0,0,0,1,0.013246,0,3.3082e-05,ok,1
DijkstraPrims,87,260,224,58240,0.0016518,30,41.6016,41.6016,171,0,0,0,0,0,0.001658,0,-6.199e-06,ok,1
BBMSCore,87,260,224,58240,0.0057869,30,41.6016,41.6016,346,0,0,0,0,0,0.005793,0,-6.103e-06,ok,2
BBMSInter,87,260,224,58240,0.00438814,30,41.6016,41.6016,801,0,0,0,0,0,0.004395,0,-6.863e-06,ok,2
BBMSDppInstant,87,260,224,58240,0.013097,30,41.6016,41.6016,3321,0,0,0,0,0,0.013104,0,-7.029e-06,ok,2
BBMSDppStepwise,87,260,224,58240,0.0132446,30,41.6016,41.6016,3199,0,0,0,0,0,0.002919,0.010332,-6.43e-06,ok,2
DijkstraPrims,87,260,224,58240,0.00164493,30,41.6016,41.6016,171,0,0,0,0,0,0.001652,0,-7.07e-06,ok,2
BBMSCore,88,260,224,58240,0.00526998,30,41.6055,41.6055,346,0,0,0,0,0,0.005278,0,-8.02e-06,ok,0
BBMSInter,88,260,224,58240,0.00397266,30,41.6055,41.6055,801,0,0,0,0,0,0.003978,0,-5.337e-06,ok,0
BBMSDppInstant,88,260,224,58240,0.0123784,30,41.6055,41.6055,3320,0,0,0,0,0,0.012385,0,-6.58e-06,ok,0
BBMSDppStepwise,88,260,224,58240,0.0136788,30,41.6055,41.6055,3198,0,0,0,0,1,0.013658,0,2.0798e-05,ok,0
DijkstraPrims,88,260,224,58240,0.000763975,30,41.6055,41.6055,82,0,0,0,0,0,0,0.000771,-7.025e-06,ok,0
BBMSCore,88,260,224,58240,0.0053214,30,41.6055,41.6055,346,0,0,0,0,1,0.005303,0,1.84e-05,ok,1
BBMSInter,88,260,224,58240,0.00401848,30,41.6055,41.6055,801,0,0,0,0,0,0.004024,0,-5.516e-06,ok,1
BBMSDppInstant,88,260,224,58240,0.0121731,30,41.6055,41.6055,3320,0,0,0,0,0,0.002341,0.009837,-4.876e-06,ok,1
BBMSDppStepwise,88,260,224,58240,0.0135638,30,41.6055,41.6055,3198,0,0,0,0,0,0.01357,0,-6.203e-06,ok,1
DijkstraPrims,88,260,224,58240,0.000766185,30,41.6055,41.6055,82,0,0,0,0,0,0.000774,0,-7.815e-06,ok,1
BBMSCore,88,260,224,58240,0.00525255,30,41.6055,41.6055,346,0,0,0,0,0,0.005258,0,-5.448e-06,ok,2
BBMSInter,88,260,224,58240,0.00400211,30,41.6055,41.6055,801,0,0,0,0,0,0.004008,0,-5.892e-06,ok,2
BBMSDppInstant,88,260,224,58240,0.0122593,30,41.6055,41.6055,3320,0,0,0,0,2,0.002399,0.009841,1.9316e-05,ok,2
BBMSDppStepwise,88,260,224,58240,0.0134644,30,41.6055,41.6055,3198,0,0,0,0,0,0.013471,0,-6.604e-06,ok,2
DijkstraPrims,88,260,224,58240,0.000742991,30,41.6055,41.6055,82,0,0,0,0,0,0.000749,0,-6.009e-06,ok,2
BBMSCore,89,260,224,58240,0.00571316,30.06,41.6094,41.6094,346,0,0,0,0,0,0.005721,0,-7.84e-06,ok,0
BBMSInter,89,260,224,58240,0.00429845,30.06,41.6094,41.6094,801,0,0,0,0,1,0.004287,0,1.1451e-05,ok,0
BBMSDppInstant,89,260,224,58240,0.0129778,30.06,41.6133,41.6133,3322,0,0,0,0,1,0.012973,0,4.803e-06,ok,0
BBMSDppStepwise,89,260,224,58240,0.0139998,30.06,41.6133,41.6133,3200,0,0,0,0,1,0.014001,0,-1.15e-06,ok,0
DijkstraPrims,89,260,224,58240,0.0015233,30.06,41.6133,41.6133,164,0,0,0,0,0,0.00153,0,-6.698e-06,ok,0
BBMSCore,89,260,224,58240,0.00571303,30.06,41.6133,41.6133,346,0,0,0,0,0,0.005718,0,-4.973e-06,ok,1
BBMSInter,89,260,224,58240,0.00422188,30.06,41.6133,41.6133,801,0,0,0,0,0,0,0.004227,-5.124e-06,ok,1
BBMSDppInstant,89,260,224,58240,0.0134515,30.06,41.6133,41.6133,3322,0,0,0,0,0,0.013458,0,-6.513e-06,ok,1
BBMSDppStepwise,89,260,224,58240,0.013826,30.06,41.6133,41.6133,3200,0,0,0,0,0,0.013834,0,-8.043e-06,ok,1
DijkstraPrims,89,260,224,58240,0.00153621,30.06,41.6172,41.6172,164,0,0,0,0,0,0.001543,0,-6.792e-06,ok,1
BBMSCore,89,260,224,58240,0.00564144,30.06,41.6172,41.6172,346,0,0,0,0,0,0.005647,0,-5.557e-06,ok,2
BBMSInter,89,260,224,58240,0.00416885,30.06,41.6172,41.6172,801,0,0,0,0,0,0.004175,0,-6.153e-06,ok,2
BBMSDppInstant,89,260,224,58240,0.0129562,30.06,41.6172,41.6172,3322,0,0,0,0,1,0.012948,0,8.219e-06,ok,2
BBMSDppStepwise,89,260,224,58240,0.0136404,30.06,41.6172,41.6172,3200,0,0,0,0,0,0.013646,0,-5.573e-06,ok,2
DijkstraPrims,89,260,224,58240,0.00153595,30.06,41.6172,41.6172,164,0,0,0,0,0,0.001544,0,-8.054e-06,ok,2
BBMSCore,90,325,279,90675,0.00936756,30.06,41.6211,41.6211,543,0,0,0,0,0,0.009374,0,-6.441e-06,ok,0
BBMSInter,90,325,279,90675,0.00664028,30.06,41.6211,41.6211,1251,0,0,0,0,0,0.006649,0,-8.719e-06,ok,0
BBMSDppInstant,90,325,279,90675,0.021905,30.06,41.6211,41.6211,5168,0,0,0,0,0,0.021912,0,-7.019e-06,ok,0
BBMSDppStepwise,90,325,279,90675,0.0214763,30.06,41.6211,41.6211,5004,0,0,0,0,0,0.021484,0,-7.73e-06,ok,0
DijkstraPrims,90,325,279,90675,0.00243068,30.06,41.6211,41.6211,269,0,0,0,0,0,0.002437,0,-6.322e-06,ok,0
BBMSCore,90,325,279,90675,0.00950986,30.06,41.6211,41.6211,543,0,0,0,0,0,0.009516,0,-6.139e-06,ok,1
BBMSInter,90,325,279,90675,0.00671534,30.06,41.6211,41.6211,1251,0,0,0,0,0,0.006722,0,-6.658e-06,ok,1
BBMSDppInstant,90,325,279,90675,0.0210639,30.06,41.6211,41.6211,5168,0,0,0,0,1,0.01144,0.009611,1.2881e-05,ok,1
BBMSDppStepwise,90,325,279,90675,0.0213811,30.06,41.6211,41.6211,5004,0,0,0,0,1,0.02137,0,1.1053e-05,ok,1
DijkstraPrims,90,325,279,90675,0.00244752,30.06,41.6211,41.6211,269,0,0,0,0,0,0.002454,0,-6.482e-06,ok,1
BBMSCore,90,325,279,90675,0.00937868,30.06,41.6211,41.6211,543,0,0,0,0,0,0.009384,0,-5.319e-06,ok,2
BBMSInter,90,325,279,90675,0.00660132,30.06,41.6211,41.6211,1251,0,0,0,0,0,0.006608,0,-6.677e-06,ok,2
BBMSDppInstant,90,325,279,90675,0.0218836,30.06,41.6211,41.6211,5168,0,0,0,0,0,0.002127,0.019763,-6.367e-06,ok,2
BBMSDppStepwise,90,325,279,90675,0.0228838,30.06,41.6211,41.6211,5004,0,0,0,0,1,0.02288,0,3.769e-06,ok,2
DijkstraPrims,90,325,279,90675,0.00243589,30.06,41.6211,41.6211,269,0,0,0,0,0,0.002443,0,-7.113e-06,ok,2
BBMSCore,91,325,279,90675,0.0096484,30.06,41.625,41.625,543,0,0,0,0,0,0.009657,0,-8.597e-06,ok,0
BBMSInter,91,325,279,90675,0.00679898,30.06,41.625,41.625,1251,0,0,0,0,0,0.006806,0,-7.02e-06,ok,0
BBMSDppInstant,91,325,279,90675,0.0205066,30.06,41.625,41.625,5171,0,0,0,0,1,0.011034,0.009471,1.599e-06,ok,0
BBMSDppStepwise,91,325,279,90675,0.0220069,30.06,41.6289,41.6289,5003,0,0,0,0,0,0.020046,0.001971,-1.0145e-05,ok,0
DijkstraPrims,91,325,279,90675,0.00237433,30.06,41.6289,41.6289,265,0,0,0,0,0,0.002381,0,-6.665e-06,ok,0
BBMSCore,91,325,279,90675,0.00964192,30.06,41.6289,41.6289,543,0,0,0,0,0,0.009649,0,-7.079e-06,ok,1
BBMSInter,91,325,279,90675,0.00707439,30.06,41.6289,41.6289,1251,0,0,0,0,0,0.007082,0,-7.607e-06,ok,1
BBMSDppInstant,91,325,279,90675,0.0209897,30.06,41.6289,41.6289,5171,0,0,0,0,0,0.020998,0,-8.279e-06,ok,1
BBMSDppStepwise,91,325,279,90675,0.0232363,30.06,41.6289,41.6289,5003,0,0,0,0,1,0.023218,0,1.8335e-05,ok,1
DijkstraPrims,91,325,279,90675,0.0023793,30.06,41.6289,41.6289,265,0,0,0,0,0,0.002387,0,-7.698e-06,ok,1
BBMSCore,91,325,279,90675,0.00976551,30.06,41.6289,41.6289,543,0,0,0,0,1,0.009766,0,-4.9e-07,ok,2
BBMSInter,91,325,279,90675,0.00695598,30.06,41.6289,41.6289,1251,0,0,0,0,0,0.006962,0,-6.017e-06,ok,2
BBMSDppInstant,91,325,279,90675,0.020884,30.06,41.6289,41.6289,5171,0,0,0,0,1,0.006472,0.014395,1.7047e-05,ok,2
BBMSDppStepwise,91,325,279,90675,0.0219215,30.06,41.6289,41.6289,5003,0,0,0,0,1,0.011948,0.00996,1.3527e-05,ok,2
DijkstraPrims,91,325,279,90675,0.00240987,30.06,41.6289,41.6289,265,0,0,0,0,0,0.002417,0,-7.131e-06,ok,2
BBMSCore,92,325,279,90675,0.00925057,30,41.6328,41.6328,543,0,0,0,0,1,0.009209,0,4.1565e-05,ok,0
BBMSInter,92,325,279,90675,0.00649344,30,41.6328,41.6328,1251,0,0,0,0,0,0.0065,0,-6.556e-06,ok,0
BBMSDppInstant,92,325,279,90675,0.020948,30,41.6328,41.6328,5163,0,0,0,0,0,0.00967,0.011287,-9e-06,ok,0
BBMSDppStepwise,92,325,279,90675,0.0215309,30,41.6328,41.6328,4997,0,0,0,0,3,0.001688,0.019796,4.6868e-05,ok,0
DijkstraPrims,92,325,279,90675,0.00144709,30,41.6328,41.6328,164,0,0,0,0,0,0.001454,0,-6.909e-06,ok,0
BBMSCore,92,325,279,90675,0.00905038,30,41.6328,41.6328,543,0,0,0,0,1,0.009037,0,1.3383e-05,ok,1
BBMSInter,92,325,279,90675,0.0064485,30,41.6328,41.6328,1251,0,0,0,0,0,0,0.006454,-5.501e-06,ok,1
BBMSDppInstant,92,325,279,90675,0.0204932,30,41.6328,41.6328,5163,0,0,0,0,1,0.020483,0,1.0187e-05,ok,1
BBMSDppStepwise,92,325,279,90675,0.021203,30,41.6328,41.6328,4997,0,0,0,0,1,0.021189,0,1.3994e-05,ok,1
DijkstraPrims,92,325,279,90675,0.00147186,30,41.6328,41.6328,164,0,0,0,0,0,0,0.001478,-6.14e-06,ok,1
BBMSCore,92,325,279,90675,0.00905342,30,41.6328,41.6328,543,0,0,0,0,1,0.008564,0.000477,1.2424e-05,ok,2
BBMSInter,92,325,279,90675,0.00646183,30,41.6328,41.6328,1251,0,0,0,0,1,0.006455,0,6.833e-06,ok,2
BBMSDppInstant,92,325,279,90675,0.0201012,30,41.6328,41.6328,5163,0,0,0,0,1,0.020085,0,1.6158e-05,ok,2
BBMSDppStepwise,92,325,279,90675,0.0212597,30,41.6328,41.6328,4997,0,0,0,0,0,0.021268,0,-8.272e-06,ok,2
DijkstraPrims,92,325,279,90675,0.00143612,30,41.6367,41.6367,164,0,0,0,0,0,0.001443,0,-6.883e-06,ok,2
BBMSCore,93,325,279,90675,0.00968636,30.06,41.6406,41.6406,543,0,0,0,0,1,0.009675,0,1.1361e-05,ok,0
BBMSInter,93,325,279,90675,0.00684988,30.06,41.6406,41.6406,1251,0,0,0,0,0,0.006856,0,-6.117e-06,ok,0
BBMSDppInstant,93,325,279,90675,0.0203275,30.06,41.6406,41.6406,5173,0,0,0,0,2,0.010802,0.009489,3.6537e-05,ok,0
BBMSDppStepwise,93,325,279,90675,0.0214124,30.06,41.6406,41.6406,5003,0,0,0,0,0,0.019825,0.001594,-6.604e-06,ok,0
DijkstraPrims,93,325,279,90675,0.00234816,30.06,41.6445,41.6445,263,0,0,0,0,0,0.002356,0,-7.841e-06,ok,0
BBMSCore,93,325,279,90675,0.00963021,30.06,41.6445,41.6445,543,0,0,0,0,0,0.009638,0,-7.788e-06,ok,1
BBMSInter,93,325,279,90675,0.00691246,30.06,41.6445,41.6445,1251,0,0,0,0,1,0.006904,0,8.456e-06,ok,1
BBMSDppInstant,93,325,279,90675,0.0205019,30.06,41.6445,41.6445,5173,0,0,0,0,1,0.020492,0,9.878e-06,ok,1
BBMSDppStepwise,93,325,279,90675,0.0213156,30.06,41.6445,41.6445,5003,0,0,0,0,1,0.011429,0.009871,1.5577e-05,ok,1
DijkstraPrims,93,325,279,90675,0.00241469,30.06,41.6445,41.6445,263,0,0,0,0,0,0.002422,0,-7.312e-06,ok,1
BBMSCore,93,325,279,90675,0.00961125,30.06,41.6445,41.6445,543,0,0,0,0,0,0.009617,0,-5.747e-06,ok,2
BBMSInter,93,325,279,90675,0.0068918,30.06,41.6445,41.6445,1251,0,0,0,0,1,0,0.006871,2.0801e-05,ok,2
BBMSDppInstant,93,325,279,90675,0.0202329,30.06,41.6445,41.6445,5173,0,0,0,0,1,0.02022,0,1.2902e-05,ok,2
BBMSDppStepwise,93,325,279,90675,0.0215956,30.06,41.6445,41.6445,5003,0,0,0,0,0,0.021604,0,-8.37e-06,ok,2
DijkstraPrims,93,325,279,90675,0.00241564,30.06,41.6445,41.6445,263,0,0,0,0,0,0.002422,0,-6.358e-06,ok,2
BBMSCore,94,325,279,90675,0.00966329,30.06,41.6484,41.6484,543,0,0,0,0,0,0.009671,0,-7.711e-06,ok,0
BBMSInter,94,325,279,90675,0.00687286,30.06,41.6484,41.6484,1251,0,0,0,0,0,0.00688,0,-7.138e-06,ok,0
BBMSDppInstant,94,325,279,90675,0.0203203,30.06,41.6484,41.6484,5167,0,0,0,0,1,0.019111,0.001208,1.292e-06,ok,0
BBMSDppStepwise,94,325,279,90675,0.0231643,30.06,41.6484,41.6484,4999,0,0,0,0,0,0.023172,0,-7.728e-06,ok,0
DijkstraPrims,94,325,279,90675,0.00237613,30.06,41.6484,41.6484,263,0,0,0,0,0,0.002384,0,-7.87e-06,ok,0
BBMSCore,94,325,279,90675,0.00961002,30.06,41.6484,41.6484,543,0,0,0,0,1,0.00961,0,2.5e-08,ok,1
BBMSInter,94,325,279,90675,0.00684249,30.06,41.6484,41.6484,1251,0,0,0,0,1,0.006838,0,4.495e-06,ok,1
BBMSDppInstant,94,325,279,90675,0.0208286,30.06,41.6484,41.6484,5167,0,0,0,0,1,0.001328,0.019498,2.581e-06,ok,1
BBMSDppStepwise,94,325,279,90675,0.0216256,30.06,41.6484,41.6484,4999,0,0,0,0,1,0.011597,0.010011,1.7642e-05,ok,1
DijkstraPrims,94,325,279,90675,0.00235663,30.06,41.6484,41.6484,263,0,0,0,0,0,0.002363,0,-6.37e-06,ok,1
BBMSCore,94,325,279,90675,0.00952349,30.06,41.6484,41.6484,543,0,0,0,0,0,0.00953,0,-6.514e-06,ok,2
BBMSInter,94,325,279,90675,0.00669646,30.06,41.6484,41.6484,1251,0,0,0,0,0,0.006702,0,-5.541e-06,ok,2
BBMSDppInstant,94,325,279,90675,0.0201826,30.06,41.6484,41.6484,5167,0,0,0,0,1,0,0.020168,1.4582e-05,ok,2
BBMSDppStepwise,94,325,279,90675,0.0213093,30.06,41.6484,41.6484,4999,0,0,0,0,0,0.021317,0,-7.697e-06,ok,2
DijkstraPrims,94,325,279,90675,0.00234731,30.06,41.6484,41.6484,263,0,0,0,0,0,0.002355,0,-7.69e-06,ok,2
BBMSCore,95,325,279,90675,0.00974742,30.06,41.6523,41.6523,543,0,0,0,0,1,0.009745,0,2.422e-06,ok,0
BBMSInter,95,325,279,90675,0.00699689,30.06,41.6523,41.6523,1251,0,0,0,0,0,0.007003,0,-6.109e-06,ok,0
BBMSDppInstant,95,325,279,90675,0.0213696,30.06,41.6523,41.6523,5177,0,0,0,0,0,0.021377,0,-7.36e-06,ok,0
BBMSDppStepwise,95,325,279,90675,0.02142,30.06,41.6523,41.6523,5003,0,0,0,0,1,0.021404,0,1.5956e-05,ok,0
DijkstraPrims,95,325,279,90675,0.00228357,30.06,41.6523,41.6523,258,0,0,0,0,0,0.00229,0,-6.43e-06,ok,0
BBMSCore,95,325,279,90675,0.00962307,30.06,41.6523,41.6523,543,0,0,0,0,0,0.009078,0.000553,-7.933e-06,ok,1
BBMSInter,95,325,279,90675,0.00691027,30.06,41.6562,41.6562,1251,0,0,0,0,1,0.0069,0,1.0269e-05,ok,1
BBMSDppInstant,95,325,279,90675,0.0208305,30.06,41.6562,41.6562,5177,0,0,0,0,1,0.020822,0,8.456e-06,ok,1
BBMSDppStepwise,95,325,279,90675,0.0234035,30.06,41.6562,41.6562,5003,0,0,0,0,0,0.023411,0,-7.529e-06,ok,1
DijkstraPrims,95,325,279,90675,0.0023411,30.06,41.6562,41.6562,258,0,0,0,0,1,0.002327,0,1.4097e-05,ok,1
BBMSCore,95,325,279,90675,0.00968528,30.06,41.6562,41.6562,543,0,0,0,0,1,0.009671,0,1.428e-05,ok,2
BBMSInter,95,325,279,90675,0.00705098,30.06,41.6562,41.6562,1251,0,0,0,0,0,0.007058,0,-7.02e-06,ok,2
BBMSDppInstant,95,325,279,90675,0.0203257,30.06,41.6562,41.6562,5177,0,0,0,0,1,0.01071,0.009601,1.4727e-05,ok,2
BBMSDppStepwise,95,325,279,90675,0.0215242,30.06,41.6562,41.6562,5003,0,0,0,0,1,0.011476,0.010037,1.1229e-05,ok,2
DijkstraPrims,95,325,279,90675,0.0023341,30.06,41.6562,41.6562,258,0,0,0,0,0,0.00234,0,-5.897e-06,ok,2
BBMSCore,96,325,279,90675,0.00942696,30.06,41.6602,41.6602,543,0,0,0,0,1,0.009426,0,9.62e-07,ok,0
BBMSInter,96,325,279,90675,0.00723115,30.06,41.6602,41.6602,1251,0,0,0,0,1,0.007228,0,3.153e-06,ok,0
BBMSDppInstant,96,325,279,90675,0.0213918,30.06,41.6602,41.6602,5164,0,0,0,0,0,0.011288,0.010111,-7.203e-06,ok,0
BBMSDppStepwise,96,325,279,90675,0.0211281,30.06,41.6602,41.6602,4998,0,0,0,0,0,0.001124,0.020012,-7.937e-06,ok,0
DijkstraPrims,96,325,279,90675,0.00224909,30.06,41.6641,41.6641,254,0,0,0,0,0,0.002258,0,-8.914e-06,ok,0
BBMSCore,96,325,279,90675,0.00964562,30.06,41.6641,41.6641,543,0,0,0,0,1,0.00963,0,1.5621e-05,ok,1
BBMSInter,96,325,279,90675,0.00660367,30.06,41.6641,41.6641,1251,0,0,0,0,0,0.00661,0,-6.334e-06,ok,1
BBMSDppInstant,96,325,279,90675,0.0203849,30.06,41.6641,41.6641,5164,0,0,0,0,1,0.010695,0.009672,1.7887e-05,ok,1
BBMSDppStepwise,96,325,279,90675,0.0210076,30.06,41.6641,41.6641,4998,0,0,0,0,1,0.011091,0.009916,5.62e-07,ok,1
DijkstraPrims,96,325,279,90675,0.00224575,30.06,41.6641,41.6641,254,0,0,0,0,0,0.002254,0,-8.254e-06,ok,1
BBMSCore,96,325,279,90675,0.00940758,30.06,41.6641,41.6641,543,0,0,0,0,1,0.009395,0,1.2576e-05,ok,2
BBMSInter,96,325,279,90675,0.00657691,30.06,41.6641,41.6641,1251,0,0,0,0,0,0,0.006583,-6.092e-06,ok,2
BBMSDppInstant,96,325,279,90675,0.0203465,30.06,41.6641,41.6641,5164,0,0,0,0,1,0.020325,0,2.1466e-05,ok,2
BBMSDppStepwise,96,325,279,90675,0.0212493,30.06,41.6641,41.6641,4998,0,0,0,0,0,0.001245,0.020012,-7.653e-06,ok,2
DijkstraPrims,96,325,279,90675,0.00226378,30.06,41.6641,41.6641,254,0,0,0,0,0,0.002272,0,-8.219e-06,ok,2
BBMSCore,97,325,279,90675,0.0096011,30.06,41.668,41.668,543,0,0,0,0,0,0.009609,0,-7.901e-06,ok,0
BBMSInter,97,325,279,90675,0.00710066,30.06,41.668,41.668,1251,0,0,0,0,0,0.007107,0,-6.342e-06,ok,0
BBMSDppInstant,97,325,279,90675,0.0211809,30.06,41.668,41.668,5171,0,0,0,0,2,0.021169,0,1.1909e-05,ok,0
BBMSDppStepwise,97,325,279,90675,0.0227446,30.06,41.668,41.668,5000,0,0,0,0,1,0.012129,0.010598,1.7581e-05,ok,0
DijkstraPrims,97,325,279,90675,0.00240671,30.06,41.668,41.668,261,0,0,0,0,1,0.002395,0,1.1707e-05,ok,0
BBMSCore,97,325,279,90675,0.00962401,30.06,41.668,41.668,543,0,0,0,0,0,0.009631,0,-6.991e-06,ok,1
BBMSInter,97,325,279,90675,0.00699386,30.06,41.668,41.668,1251,0,0,0,0,0,0.007001,0,-7.143e-06,ok,1
BBMSDppInstant,97,325,279,90675,0.0211649,30.06,41.668,41.668,5171,0,0,0,0,2,0.001167,0.019979,1.8885e-05,ok,1
BBMSDppStepwise,97,325,279,90675,0.0218261,30.06,41.6719,41.6719,5000,0,0,0,0,0,0.021835,0,-8.887e-06,ok,1
DijkstraPrims,97,325,279,90675,0.00230306,30.06,41.6719,41.6719,261,0,0,0,0,0,0.00231,0,-6.945e-06,ok,1
BBMSCore,97,325,279,90675,0.00956565,30.06,41.6719,41.6719,543,0,0,0,0,0,0.009572,0,-6.349e-06,ok,2
BBMSInter,97,325,279,90675,0.00691342,30.06,41.6719,41.6719,1251,0,0,0,0,0,0.006919,0,-5.582e-06,ok,2
BBMSDppInstant,97,325,279,90675,0.0204652,30.06,41.6719,41.6719,5171,0,0,0,0,0,0.020472,0,-6.774e-06,ok,2
BBMSDppStepwise,97,325,279,90675,0.0216646,30.06,41.6719,41.6719,5000,0,0,0,0,1,0.021651,0,1.3624e-05,ok,2
DijkstraPrims,97,325,279,90675,0.00229393,30.06,41.6719,41.6719,261,0,0,0,0,0,0.002301,0,-7.074e-06,ok,2
BBMSCore,98,325,279,90675,0.00905823,30,41.6758,41.6758,543,0,0,0,0,0,0.009066,0,-7.768e-06,ok,0
BBMSInter,98,325,279,90675,0.00682933,30,41.6758,41.6758,1251,0,0,0,0,0,0.006836,0,-6.669e-06,ok,0
BBMSDppInstant,98,325,279,90675,0.0217766,30,41.6758,41.6758,5173,0,0,0,0,0,0.007678,0.014106,-7.413e-06,ok,0
BBMSDppStepwise,98,325,279,90675,0.0221957,30,41.6758,41.6758,5003,0,0,0,0,1,0.022196,0,-3.27e-07,ok,0
DijkstraPrims,98,325,279,90675,0.00104487,30,41.6758,41.6758,103,0,0,0,0,0,0.001052,0,-7.13e-06,ok,0
BBMSCore,98,325,279,90675,0.00903897,30,41.6758,41.6758,543,0,0,0,0,0,0.009045,0,-6.03e-06,ok,1
BBMSInter,98,325,279,90675,0.00649196,30,41.6758,41.6758,1251,0,0,0,0,0,0.006498,0,-6.039e-06,ok,1
BBMSDppInstant,98,325,279,90675,0.0209557,30,41.6758,41.6758,5173,0,0,0,0,0,0.020962,0,-6.285e-06,ok,1
BBMSDppStepwise,98,325,279,90675,0.021321,30,41.6758,41.6758,5003,0,0,0,0,0,0.011201,0.010127,-6.97e-06,ok,1
DijkstraPrims,98,325,279,90675,0.00115269,30,41.6758,41.6758,103,0,0,0,0,0,0.001159,0,-6.311e-06,ok,1
BBMSCore,98,325,279,90675,0.00903204,30,41.6758,41.6758,543,0,0,0,0,0,0.009039,0,-6.96e-06,ok,2
BBMSInter,98,325,279,90675,0.00646429,30,41.6758,41.6758,1251,0,0,0,0,0,0.00647,0,-5.709e-06,ok,2
BBMSDppInstant,98,325,279,90675,0.0207836,30,41.6758,41.6758,5173,0,0,0,0,1,0.010877,0.009896,1.0649e-05,ok,2
BBMSDppStepwise,98,325,279,90675,0.0212677,30,41.6758,41.6758,5003,0,0,0,0,0,0.021276,0,-8.315e-06,ok,2
DijkstraPrims,98,325,279,90675,0.00104038,30,41.6758,41.6758,103,0,0,0,0,0,0.001047,0,-6.62e-06,ok,2
BBMSCore,99,325,279,90675,0.0095655,30.06,41.6797,41.6797,543,0,0,0,0,1,0.009557,0,8.499e-06,ok,0
BBMSInter,99,325,279,90675,0.00677298,30.06,41.6797,41.6797,1251,0,0,0,0,0,0.00678,0,-7.015e-06,ok,0
BBMSDppInstant,99,325,279,90675,0.0204246,30.06,41.6797,41.6797,5174,0,0,0,0,1,0.02041,0,1.4562e-05,ok,0
BBMSDppStepwise,99,325,279,90675,0.021199,30.06,41.6797,41.6797,5002,0,0,0,0,0,0.021207,0,-8.006e-06,ok,0
DijkstraPrims,99,325,279,90675,0.00240064,30.06,41.6797,41.6797,263,0,0,0,0,1,0.002391,0,9.639e-06,ok,0
BBMSCore,99,325,279,90675,0.00952681,30.06,41.6797,41.6797,543,0,0,0,0,0,0.009534,0,-7.19e-06,ok,1
BBMSInter,99,325,279,90675,0.00674238,30.06,41.6797,41.6797,1251,0,0,0,0,1,0,0.00674,2.383e-06,ok,1
BBMSDppInstant,99,325,279,90675,0.0204009,30.06,41.6797,41.6797,5174,0,0,0,0,1,0.020392,0,8.925e-06,ok,1
BBMSDppStepwise,99,325,279,90675,0.0212732,30.06,41.6797,41.6797,5002,0,0,0,0,0,0.011124,0.010157,-7.772e-06,ok,1
DijkstraPrims,99,325,279,90675,0.00236143,30.06,41.6875,41.6875,263,0,0,0,0,0,0.002368,0,-6.57e-06,ok,1
BBMSCore,99,325,279,90675,0.00952953,30.06,41.6875,41.6875,543,0,0,0,0,0,0.009536,0,-6.467e-06,ok,2
BBMSInter,99,325,279,90675,0.00668393,30.06,41.6875,41.6875,1251,0,0,0,0,0,0.00669,0,-6.073e-06,ok,2
BBMSDppInstant,99,325,279,90675,0.020369,30.06,41.6875,41.6875,5174,0,0,0,0,1,0.00569,0.01467,9.016e-06,ok,2
BBMSDppStepwise,99,325,279,90675,0.021683,30.06,41.6875,41.6875,5002,0,0,0,0,0,0.021691,0,-8.038e-06,ok,2
DijkstraPrims,99,325,279,90675,0.00237011,30.06,41.6875,41.6875,263,0,0,0,0,0,0.002377,0,-6.885e-06,ok,2
BBMSCore,100,390,334,130260,0.0149287,30.06,41.6914,41.6914,775,0,0,0,0,0,0.014937,0,-8.343e-06,ok,0
BBMSInter,100,390,334,130260,0.0103453,30.06,41.6914,41.6914,1792,0,0,0,0,1,0.010345,0,2.95e-07,ok,0
BBMSDppInstant,100,390,334,130260,0.0318906,30.06,41.6914,41.6914,7424,0,0,0,0,1,0.011297,0.020572,2.1589e-05,ok,0
BBMSDppStepwise,100,390,334,130260,0.0323511,30.06,41.6914,41.6914,7179,0,0,0,0,1,0.032341,0,1.0094e-05,ok,0
DijkstraPrims,100,390,334,130260,0.00361263,30.06,41.6914,41.6914,426,0,0,0,0,0,0.00362,0,-7.372e-06,ok,0
BBMSCore,100,390,334,130260,0.0149197,30.06,41.6914,41.6914,775,0,0,0,0,0,0.014926,0,-6.277e-06,ok,1
BBMSInter,100,390,334,130260,0.010187,30.06,41.6914,41.6914,1792,0,0,0,0,1,0.010178,0,8.985e-06,ok,1
BBMSDppInstant,100,390,334,130260,0.0306201,30.06,41.6914,41.6914,7424,0,0,0,0,1,0.02063,0.009972,1.8137e-05,ok,1
BBMSDppStepwise,100,390,334,130260,0.0320701,30.06,41.6914,41.6914,7179,0,0,0,0,2,0.00713,0.024914,2.606e-05,ok,1
DijkstraPrims,100,390,334,130260,0.00350724,30.06,41.6914,41.6914,426,0,0,0,0,0,0.003516,0,-8.761e-06,ok,1
BBMSCore,100,390,334,130260,0.0149086,30.06,41.6914,41.6914,775,0,0,0,0,0,0.014915,0,-6.362e-06,ok,2
BBMSInter,100,390,334,130260,0.0101347,30.06,41.6914,41.6914,1792,0,0,0,0,0,0.010141,0,-6.274e-06,ok,2
BBMSDppInstant,100,390,334,130260,0.0304164,30.06,41.6914,41.6914,7424,0,0,0,0,1,0.020502,0.009902,1.2387e-05,ok,2
BBMSDppStepwise,100,390,334,130260,0.0323501,30.06,41.6914,41.6914,7179,0,0,0,0,0,0.021905,0.010453,-7.907e-06,ok,2
DijkstraPrims,100,390,334,130260,0.00350838,30.06,41.6914,41.6914,426,0,0,0,0,0,0.003515,0,-6.62e-06,ok,2
BBMSCore,101,390,334,130260,0.0146397,30.06,41.6953,41.6953,775,0,0,0,0,0,0.014647,0,-7.308e-06,ok,0
BBMSInter,101,390,334,130260,0.009721,30.06,41.6953,41.6953,1792,0,0,0,0,0,0.009728,0,-6.999e-06,ok,0
BBMSDppInstant,101,390,334,130260,0.0303991,30.06,41.6953,41.6953,7420,0,0,0,0,0,0.030407,0,-7.86e-06,ok,0
BBMSDppStepwise,101,390,334,130260,0.0318168,30.06,41.6953,41.6953,7179,0,0,0,0,1,0.024925,0.006877,1.4774e-05,ok,0
DijkstraPrims,101,390,334,130260,0.0033788,30.06,41.6953,41.6953,412,0,0,0,0,0,0.003386,0,-7.195e-06,ok,0
BBMSCore,101,390,334,130260,0.014684,30.06,41.6953,41.6953,775,0,0,0,0,0,0.01469,0,-5.988e-06,ok,1
BBMSInter,101,390,334,130260,0.00978637,30.06,41.6953,41.6953,1792,0,0,0,0,0,0.009793,0,-6.633e-06,ok,1
BBMSDppInstant,101,390,334,130260,0.030638,30.06,41.6953,41.6953,7420,0,0,0,0,0,0.030645,0,-7.02e-06,ok,1
BBMSDppStepwise,101,390,334,130260,0.0323943,30.06,41.6953,41.6953,7179,0,0,0,0,2,0.011329,0.021025,4.0297e-05,ok,1
DijkstraPrims,101,390,334,130260,0.00333312,30.06,41.6953,41.6953,412,0,0,0,0,0,0.003342,0,-8.878e-06,ok,1
BBMSCore,101,390,334,130260,0.0147131,30.06,41.6953,41.6953,775,0,0,0,0,1,0.014699,0,1.409e-05,ok,2
BBMSInter,101,390,334,130260,0.00981411,30.06,41.6992,41.6992,1792,0,0,0,0,0,0.009821,0,-6.888e-06,ok,2
BBMSDppInstant,101,390,334,130260,0.0308444,30.06,41.6992,41.6992,7420,0,0,0,0,2,0.030808,0,3.6395e-05,ok,2
BBMSDppStepwise,101,390,334,130260,0.0320759,30.06,41.6992,41.6992,7179,0,0,0,0,1,0.021636,0.010427,1.2929e-05,ok,2
DijkstraPrims,101,390,334,130260,0.00337383,30.06,41.6992,41.6992,412,0,0,0,0,0,0.003382,0,-8.173e-06,ok,2
BBMSCore,102,390,334,130260,0.0148029,30.06,41.6992,41.6992,775,0,0,0,0,0,0.01481,0,-7.053e-06,ok,0
BBMSInter,102,390,334,130260,0.0100003,30.06,41.7031,41.7031,1792,0,0,0,0,0,0.010007,0,-6.698e-06,ok,0
BBMSDppInstant,102,390,334,130260,0.0310484,30.06,41.7031,41.7031,7423,0,0,0,0,1,0.031041,0,7.359e-06,ok,0
BBMSDppStepwise,102,390,334,130260,0.0338119,30.06,41.7031,41.7031,7172,0,0,0,0,0,0.033821,0,-9.141e-06,ok,0
DijkstraPrims,102,390,334,130260,0.00341572,30.06,41.7031,41.7031,412,0,0,0,0,0,0,0.003423,-7.279e-06,ok,0
BBMSCore,102,390,334,130260,0.0147679,30.06,41.7031,41.7031,775,0,0,0,0,0,0.014774,0,-6.052e-06,ok,1
BBMSInter,102,390,334,130260,0.0100339,30.06,41.7031,41.7031,1792,0,0,0,0,0,0.010041,0,-7.071e-06,ok,1
BBMSDppInstant,102,390,334,130260,0.0315542,30.06,41.7031,41.7031,7423,0,0,0,0,1,0.010985,0.020571,-1.808e-06,ok,1
BBMSDppStepwise,102,390,334,130260,0.0336403,30.06,41.7031,41.7031,7172,0,0,0,0,1,0.022734,0.01089,1.628e-05,ok,1
DijkstraPrims,102,390,334,130260,0.0033525,30.06,41.7031,41.7031,412,0,0,0,0,0,0,0.00336,-7.505e-06,ok,1
BBMSCore,102,390,334,130260,0.0148004,30.06,41.7031,41.7031,775,0,0,0,0,0,0.014808,0,-7.622e-06,ok,2
BBMSInter,102,390,334,130260,0.0101054,30.06,41.7031,41.7031,1792,0,0,0,0,1,0.000216,0.009873,1.6438e-05,ok,2
BBMSDppInstant,102,390,334,130260,0.0308398,30.06,41.7031,41.7031,7423,0,0,0,0,1,0.02023,0.0106,9.788e-06,ok,2
BBMSDppStepwise,102,390,334,130260,0.0324125,30.06,41.7031,41.7031,7172,0,0,0,0,1,0.032395,0,1.7527e-05,ok,2
DijkstraPrims,102,390,334,130260,0.0034761,30.06,41.707,41.707,412,0,0,0,0,0,0.003485,0,-8.904e-06,ok,2
BBMSCore,103,390,334,130260,0.0147624,30.06,41.7109,41.7109,775,0,0,0,0,0,0.01477,0,-7.626e-06,ok,0
BBMSInter,103,390,334,130260,0.010298,30.06,41.7109,41.7109,1792,0,0,0,0,1,0.000238,0.010055,4.965e-06,ok,0
BBMSDppInstant,103,390,334,130260,0.031128,30.06,41.7109,41.7109,7429,0,0,0,0,1,0.016372,0.014746,1.0007e-05,ok,0
BBMSDppStepwise,103,390,334,130260,0.0344721,30.06,41.7109,41.7109,7178,0,0,0,0,0,0.034481,0,-8.886e-06,ok,0
DijkstraPrims,103,390,334,130260,0.00337391,30.06,41.7109,41.7109,412,0,0,0,0,0,0.003382,0,-8.086e-06,ok,0
BBMSCore,103,390,334,130260,0.014732,30.06,41.7109,41.7109,775,0,0,0,0,0,0.014739,0,-7.004e-06,ok,1
BBMSInter,103,390,334,130260,0.00990107,30.06,41.7109,41.7109,1792,0,0,0,0,1,0,0.009888,1.3069e-05,ok,1
BBMSDppInstant,103,390,334,130260,0.0305749,30.06,41.7109,41.7109,7429,0,0,0,0,2,0.030558,0,1.6874e-05,ok,1
BBMSDppStepwise,103,390,334,130260,0.0322439,30.06,41.7109,41.7109,7178,0,0,0,0,1,0.032229,0,1.4852e-05,ok,1
DijkstraPrims,103,390,334,130260,0.00337651,30.06,41.7109,41.7109,412,0,0,0,0,0,0,0.003384,-7.488e-06,ok,1
BBMSCore,103,390,334,130260,0.0147223,30.06,41.7109,41.7109,775,0,0,0,0,1,0.014708,0,1.4283e-05,ok,2
BBMSInter,103,390,334,130260,0.0104082,30.06,41.7109,41.7109,1792,0,0,0,0,0,0.000298,0.010115,-4.824e-06,ok,2
BBMSDppInstant,103,390,334,130260,0.0314161,30.06,41.7148,41.7148,7429,0,0,0,0,1,0.031412,0,4.105e-06,ok,2
BBMSDppStepwise,103,390,334,130260,0.032381,30.06,41.7148,41.7148,7178,0,0,0,0,0,0.021785,0.010604,-8.029e-06,ok,2
DijkstraPrims,103,390,334,130260,0.00343746,30.06,41.7148,41.7148,412,0,0,0,0,1,0.003425,0,1.2461e-05,ok,2
BBMSCore,104,390,334,130260,0.0148279,30.06,41.7148,41.7148,775,0,0,0,0,0,0.014836,0,-8.084e-06,ok,0
BBMSInter,104,390,334,130260,0.0106116,30.06,41.7188,41.7188,1792,0,0,0,0,0,0.010622,0,-1.0362e-05,ok,0
BBMSDppInstant,104,390,334,130260,0.0312901,30.06,41.7188,41.7188,7414,0,0,0,0,0,0.020924,0.010374,-7.89e-06,ok,0
BBMSDppStepwise,104,390,334,130260,0.0322476,30.06,41.7188,41.7188,7170,0,0,0,0,1,0.032245,0,2.593e-06,ok,0
DijkstraPrims,104,390,334,130260,0.00350131,30.06,41.7188,41.7188,422,0,0,0,0,0,0.003509,0,-7.686e-06,ok,0
BBMSCore,104,390,334,130260,0.0147319,30.06,41.7188,41.7188,775,0,0,0,0,0,0.014739,0,-7.088e-06,ok,1
BBMSInter,104,390,334,130260,0.00995276,30.06,41.7188,41.7188,1792,0,0,0,0,0,0.009959,0,-6.24e-06,ok,1
BBMSDppInstant,104,390,334,130260,0.0308045,30.06,41.7188,41.7188,7414,0,0,0,0,1,0.020606,0.010191,7.512e-06,ok,1
BBMSDppStepwise,104,390,334,130260,0.0322757,30.06,41.7188,41.7188,7170,0,0,0,0,1,0.025459,0.006808,8.716e-06,ok,1
DijkstraPrims,104,390,334,130260,0.00348698,30.06,41.7188,41.7188,422,0,0,0,0,0,0.003495,0,-8.02e-06,ok,1
BBMSCore,104,390,334,130260,0.0147428,30.06,41.7188,41.7188,775,0,0,0,0,0,0.01475,0,-7.164e-06,ok,2
BBMSInter,104,390,334,130260,0.00997425,30.06,41.7188,41.7188,1792,0,0,0,0,1,0.009962,0,1.2251e-05,ok,2
BBMSDppInstant,104,390,334,130260,0.0307088,30.06,41.7188,41.7188,7414,0,0,0,0,2,0.03067,0,3.8759e-05,ok,2
BBMSDppStepwise,104,390,334,130260,0.0321754,30.06,41.7188,41.7188,7170,0,0,0,0,1,0.032173,0,2.391e-06,ok,2
DijkstraPrims,104,390,334,130260,0.00351784,30.06,41.7188,41.7188,422,0,0,0,0,0,0.003526,0,-8.155e-06,ok,2
BBMSCore,105,390,334,130260,0.0149531,30.06,41.7227,41.7227,775,0,0,0,0,0,0.014961,0,-7.855e-06,ok,0
BBMSInter,105,390,334,130260,0.0100477,30.06,41.7227,41.7227,1792,0,0,0,0,0,0,0.010055,-7.327e-06,ok,0
BBMSDppInstant,105,390,334,130260,0.0307695,30.06,41.7227,41.7227,7412,0,0,0,0,1,0.016386,0.014374,9.517e-06,ok,0
BBMSDppStepwise,105,390,334,130260,0.0322242,30.06,41.7227,41.7227,7174,0,0,0,0,2,0.021576,0.010637,1.1196e-05,ok,0
DijkstraPrims,105,390,334,130260,0.00347292,30.06,41.7227,41.7227,421,0,0,0,0,0,0,0.003481,-8.084e-06,ok,0
BBMSCore,105,390,334,130260,0.0147994,30.06,41.7227,41.7227,775,0,0,0,0,0,0.014805,0,-5.591e-06,ok,1
BBMSInter,105,390,334,130260,0.00996649,30.06,41.7227,41.7227,1792,0,0,0,0,0,0.009973,0,-6.512e-06,ok,1
BBMSDppInstant,105,390,334,130260,0.0301636,30.06,41.7227,41.7227,7412,0,0,0,0,1,0.020082,0.01007,1.1607e-05,ok,1
BBMSDppStepwise,105,390,334,130260,0.0333659,30.06,41.7227,41.7227,7174,0,0,0,0,1,0.022428,0.010912,2.5946e-05,ok,1
DijkstraPrims,105,390,334,130260,0.00348778,30.06,41.7227,41.7227,421,0,0,0,0,0,0.003496,0,-8.222e-06,ok,1
BBMSCore,105,390,334,130260,0.0148731,30.06,41.7227,41.7227,775,0,0,0,0,1,0.014862,0,1.1076e-05,ok,2
BBMSInter,105,390,334,130260,0.0100002,30.06,41.7227,41.7227,1792,0,0,0,0,0,0.010007,0,-6.813e-06,ok,2
BBMSDppInstant,105,390,334,130260,0.0302504,30.06,41.7227,41.7227,7412,0,0,0,0,2,0.030215,0,3.5378e-05,ok,2
BBMSDppStepwise,105,390,334,130260,0.0319788,30.06,41.7227,41.7227,7174,0,0,0,0,0,0.031988,0,-9.232e-06,ok,2
DijkstraPrims,105,390,334,130260,0.00345681,30.06,41.7266,41.7266,421,0,0,0,0,0,0.003464,0,-7.185e-06,ok,2
BBMSCore,106,390,334,130260,0.0146577,30,41.7266,41.7266,775,0,0,0,0,0,0.014666,0,-8.301e-06,ok,0
BBMSInter,106,390,334,130260,0.0101525,30,41.7305,41.7305,1792,0,0,0,0,1,0.010148,0,4.485e-06,ok,0
BBMSDppInstant,106,390,334,130260,0.0306467,30,41.7305,41.7305,7417,0,0,0,0,1,0.020404,0.01024,2.717e-06,ok,0
BBMSDppStepwise,106,390,334,130260,0.032357,30,41.7305,41.7305,7182,0,0,0,0,0,0.032365,0,-8.033e-06,ok,0
DijkstraPrims,106,390,334,130260,0.000597707,30,41.7344,41.7344,58,0,0,0,0,0,0.000605,0,-7.293e-06,ok,0
BBMSCore,106,390,334,130260,0.0146993,30,41.7344,41.7344,775,0,0,0,0,0,0.01154,0.003167,-7.743e-06,ok,1
BBMSInter,106,390,334,130260,0.0103396,30,41.7344,41.7344,1792,0,0,0,0,1,0.010326,0,1.3572e-05,ok,1
BBMSDppInstant,106,390,334,130260,0.0326546,30,41.7344,41.7344,7417,0,0,0,0,1,0.024037,0.008605,1.258e-05,ok,1
BBMSDppStepwise,106,390,334,130260,0.0325089,30,41.7344,41.7344,7182,0,0,0,0,0,0.021759,0.010757,-7.147e-06,ok,1
DijkstraPrims,106,390,334,130260,0.000601819,30,41.7344,41.7344,58,0,0,0,0,0,0.000304,0.000304,-6.181e-06,ok,1
BBMSCore,106,390,334,130260,0.0145429,30,41.7344,41.7344,775,0,0,0,0,0,0.01455,0,-7.133e-06,ok,2
BBMSInter,106,390,334,130260,0.00992394,30,41.7344,41.7344,1792,0,0,0,0,0,0,0.00993,-6.058e-06,ok,2
BBMSDppInstant,106,390,334,130260,0.0317307,30,41.7344,41.7344,7417,0,0,0,0,2,0.014922,0.016801,7.682e-06,ok,2
BBMSDppStepwise,106,390,334,130260,0.033824,30,41.7344,41.7344,7182,0,0,0,0,1,0.011611,0.022195,1.8005e-05,ok,2
DijkstraPrims,106,390,334,130260,0.000596699,30,41.7344,41.7344,58,0,0,0,0,0,0.000604,0,-7.301e-06,ok,2
BBMSCore,107,390,334,130260,0.0150167,30.06,41.7383,41.7383,775,0,0,0,0,0,0.015024,0,-7.306e-06,ok,0
BBMSInter,107,390,334,130260,0.0103088,30.06,41.7383,41.7383,1792,0,0,0,0,0,0.010316,0,-7.223e-06,ok,0
BBMSDppInstant,107,390,334,130260,0.0320061,30.06,41.7383,41.7383,7410,0,0,0,0,1,0.031996,0,1.0108e-05,ok,0
BBMSDppStepwise,107,390,334,130260,0.0328927,30.06,41.7383,41.7383,7172,0,0,0,0,1,0.03288,0,1.2748e-05,ok,0
DijkstraPrims,107,390,334,130260,0.0034342,30.06,41.7383,41.7383,417,0,0,0,0,0,0.003442,0,-7.801e-06,ok,0
BBMSCore,107,390,334,130260,0.0148514,30.06,41.7383,41.7383,775,0,0,0,0,1,0.01484,0,1.1383e-05,ok,1
BBMSInter,107,390,334,130260,0.0105589,30.06,41.7383,41.7383,1792,0,0,0,0,0,0.010566,0,-7.053e-06,ok,1
BBMSDppInstant,107,390,334,130260,0.0313295,30.06,41.7383,41.7383,7410,0,0,0,0,0,0.014579,0.016756,-5.528e-06,ok,1
BBMSDppStepwise,107,390,334,130260,0.0321736,30.06,41.7383,41.7383,7172,0,0,0,0,1,0.021426,0.010737,1.056e-05,ok,1
DijkstraPrims,107,390,334,130260,0.00347423,30.06,41.7383,41.7383,417,0,0,0,0,0,0.003483,0,-8.769e-06,ok,1
BBMSCore,107,390,334,130260,0.0148083,30.06,41.7383,41.7383,775,0,0,0,0,0,0.014815,0,-6.712e-06,ok,2
BBMSInter,107,390,334,130260,0.0102133,30.06,41.7383,41.7383,1792,0,0,0,0,0,0.01022,0,-6.75e-06,ok,2
BBMSDppInstant,107,390,334,130260,0.0310265,30.06,41.7383,41.7383,7410,0,0,0,0,1,0.031011,0,1.5487e-05,ok,2
BBMSDppStepwise,107,390,334,130260,0.0324661,30.06,41.7383,41.7383,7172,0,0,0,0,1,0.010884,0.021567,1.5077e-05,ok,2
DijkstraPrims,107,390,334,130260,0.00343972,30.06,41.7383,41.7383,417,0,0,0,0,0,0.003447,0,-7.278e-06,ok,2
BBMSCore,108,390,334,130260,0.0149208,30.06,41.7422,41.7422,775,0,0,0,0,0,0.01493,0,-9.195e-06,ok,0
BBMSInter,108,390,334,130260,0.0101568,30.06,41.7461,41.7461,1792,0,0,0,0,1,0.010155,0,1.807e-06,ok,0
BBMSDppInstant,108,390,334,130260,0.0319988,30.06,41.7461,41.7461,7429,0,0,0,0,1,0.031992,0,6.826e-06,ok,0
BBMSDppStepwise,108,390,334,130260,0.0323579,30.06,41.7461,41.7461,7173,0,0,0,0,1,0.021549,0.010798,1.0869e-05,ok,0
DijkstraPrims,108,390,334,130260,0.00337373,30.06,41.7461,41.7461,416,0,0,0,0,0,0.003382,0,-8.272e-06,ok,0
BBMSCore,108,390,334,130260,0.0147549,30.06,41.7461,41.7461,775,0,0,0,0,0,0.014762,0,-7.068e-06,ok,1
BBMSInter,108,390,334,130260,0.0099658,30.06,41.7461,41.7461,1792,0,0,0,0,0,0.009972,0,-6.202e-06,ok,1
BBMSDppInstant,108,390,334,130260,0.0306176,30.06,41.7461,41.7461,7429,0,0,0,0,1,0.030605,0,1.2642e-05,ok,1
BBMSDppStepwise,108,390,334,130260,0.0322792,30.06,41.7461,41.7461,7173,0,0,0,0,1,0.025847,0.006419,1.3227e-05,ok,1
DijkstraPrims,108,390,334,130260,0.00350462,30.06,41.7461,41.7461,416,0,0,0,0,0,0.003513,0,-8.383e-06,ok,1
BBMSCore,108,390,334,130260,0.0148164,30.06,41.7461,41.7461,775,0,0,0,0,1,0.014806,0,1.0442e-05,ok,2
BBMSInter,108,390,334,130260,0.00997825,30.06,41.7461,41.7461,1792,0,0,0,0,0,0,0.009984,-5.75e-06,ok,2
BBMSDppInstant,108,390,334,130260,0.0305425,30.06,41.7461,41.7461,7429,0,0,0,0,1,0.027649,0.002891,2.472e-06,ok,2
BBMSDppStepwise,108,390,334,130260,0.0321196,30.06,41.7461,41.7461,7173,0,0,0,0,0,0.021385,0.010744,-9.38e-06,ok,2
DijkstraPrims,108,390,334,130260,0.0034034,30.06,41.7461,41.7461,416,0,0,0,0,0,0.001705,0.001705,-6.599e-06,ok,2
BBMSCore,109,390,334,130260,0.0148731,30.06,41.75,41.75,775,0,0,0,0,0,0.01488,0,-6.936e-06,ok,0
BBMSInter,109,390,334,130260,0.0102904,30.06,41.75,41.75,1792,0,0,0,0,1,0.010277,0,1.3391e-05,ok,0
BBMSDppInstant,109,390,334,130260,0.0324126,30.06,41.75,41.75,7417,0,0,0,0,1,0.02159,0.01082,2.595e-06,ok,0
BBMSDppStepwise,109,390,334,130260,0.0339241,30.06,41.75,41.75,7176,0,0,0,0,1,0.015897,0.018024,3.115e-06,ok,0
DijkstraPrims,109,390,334,130260,0.00342951,30.06,41.75,41.75,418,0,0,0,0,0,0.003437,0,-7.491e-06,ok,0
BBMSCore,109,390,334,130260,0.0147674,30.06,41.75,41.75,775,0,0,0,0,1,0.011669,0.003085,1.3387e-05,ok,1
BBMSInter,109,390,334,130260,0.00992848,30.06,41.75,41.75,1792,0,0,0,0,0,0.009936,0,-7.517e-06,ok,1
BBMSDppInstant,109,390,334,130260,0.0313232,30.06,41.75,41.75,7417,0,0,0,0,2,0.022863,0.008439,2.1197e-05,ok,1
BBMSDppStepwise,109,390,334,130260,0.0319879,30.06,41.75,41.75,7176,0,0,0,0,1,0.031977,0,1.0923e-05,ok,1
DijkstraPrims,109,390,334,130260,0.00345657,30.06,41.7539,41.7539,418,0,0,0,0,0,0,0.003464,-7.428e-06,ok,1
BBMSCore,109,390,334,130260,0.0146828,30.06,41.7539,41.7539,775,0,0,0,0,0,0.014689,0,-6.165e-06,ok,2
BBMSInter,109,390,334,130260,0.00991424,30.06,41.7539,41.7539,1792,0,0,0,0,0,0.009921,0,-6.765e-06,ok,2
BBMSDppInstant,109,390,334,130260,0.0309708,30.06,41.7539,41.7539,7417,0,0,0,0,1,0.020512,0.010446,1.2781e-05,ok,2
BBMSDppStepwise,109,390,334,130260,0.0321484,30.06,41.7539,41.7539,7176,0,0,0,0,0,0.010531,0.021625,-7.605e-06,ok,2
DijkstraPrims,109,390,334,130260,0.00344936,30.06,41.7539,41.7539,418,0,0,0,0,0,0.003457,0,-7.636e-06,ok,2
