algorithm,N,sample,runtime_s,frechet_dist,maxrss_before_mb,maxrss_after_mb,minor_faults,major_faults,block_input_ops,block_output_ops,voluntary_ctx_switches,involuntary_ctx_switches,user_time_s,sys_time_s,blocked_time_s,status,repeat
BBMSCore,500,0,0.0564736,16.8612,6.98438,9.23828,1474,0,0,0,0,1,0.056472,0,1.646e-06,ok,0
BBMSInter,500,0,0.023124,16.8612,6.98438,16.8789,3427,0,0,0,0,0,0.023131,0,-6.986e-06,ok,0
BBMSDppInstant,500,0,0.062148,16.8612,6.98438,58.6172,14130,0,0,0,0,1,0.040878,0.021265,5.011e-06,ok,0
BBMSDppStepwise,500,0,0.0699602,16.8612,6.98438,56.7617,13664,0,0,0,0,2,0.059698,0.010243,1.9236e-05,ok,0
DijkstraPrims,500,0,0.00951286,16.8612,6.98438,6.98438,946,0,0,0,0,1,0.009502,0,1.0862e-05,ok,0
BBMSCore,500,0,0.0561955,16.8612,6.98438,9.24219,1474,0,0,0,0,0,0.056202,0,-6.47e-06,ok,1
BBMSInter,500,0,0.0227532,16.8612,6.98438,16.8672,3427,0,0,0,0,1,0.010563,0.012177,1.3209e-05,ok,1
BBMSDppInstant,500,0,0.0615935,16.8612,6.99219,58.6172,14130,0,0,0,0,2,0.044881,0.016353,0.000359507,ok,1
BBMSDppStepwise,500,0,0.0700884,16.8612,6.99219,56.7461,13664,0,0,0,0,2,0.053863,0.016208,1.7427e-05,ok,1
DijkstraPrims,500,0,0.00945909,16.8612,6.99219,6.99219,946,0,0,0,0,0,0.009466,0,-6.91e-06,ok,1
BBMSCore,500,0,0.0561866,16.8612,6.99219,9.25,1474,0,0,0,0,1,0.056181,0,5.636e-06,ok,2
BBMSInter,500,0,0.0229475,16.8612,6.99219,16.8711,3427,0,0,0,0,0,0.022954,0,-6.543e-06,ok,2
BBMSDppInstant,500,0,0.0621466,16.8612,6.99219,58.6211,14130,0,0,0,0,2,0.040877,0.021244,2.5556e-05,ok,2
BBMSDppStepwise,500,0,0.0707335,16.8612,6.99219,56.7461,13664,0,0,0,0,1,0.05001,0.020714,9.495e-06,ok,2
DijkstraPrims,500,0,0.00948969,16.8612,6.99219,6.99219,946,0,0,0,0,0,0.009497,0,-7.313e-06,ok,2
BBMSCore,500,1,0.0458234,14.493,6.99609,9.21875,1474,0,0,0,0,1,0.038438,0.007377,8.407e-06,ok,0
BBMSInter,500,1,0.0234726,14.493,6.99609,16.8398,3427,0,0,0,0,1,0.023465,0,7.568e-06,ok,0
BBMSDppInstant,500,1,0.066483,14.493,6.99609,58.5898,14147,0,0,0,0,1,0.056665,0.009807,1.0985e-05,ok,0
BBMSDppStepwise,500,1,0.0740262,14.493,6.99609,56.75,13660,0,0,0,0,2,0.035839,0.038154,3.3249e-05,ok,0
DijkstraPrims,500,1,0.0354711,14.493,6.99609,13.4844,3340,0,0,0,0,0,0.035479,0,-7.887e-06,ok,0
BBMSCore,500,1,0.0456009,14.493,6.99609,9.24219,1474,0,0,0,0,2,0.03821,0.007385,5.912e-06,ok,1
BBMSInter,500,1,0.0227339,14.493,6.99609,16.875,3427,0,0,0,0,0,0.014465,0.008275,-6.062e-06,ok,1
BBMSDppInstant,500,1,0.0638907,14.493,6.99609,58.6211,14147,0,0,0,0,2,0.052889,0.010994,7.655e-06,ok,1
BBMSDppStepwise,500,1,0.0696555,14.493,6.99609,56.7422,13660,0,0,0,0,1,0.060658,0.008987,1.0529e-05,ok,1
DijkstraPrims,500,1,0.0354506,14.493,6.99609,13.4922,3340,0,0,0,0,0,0.02604,0.009418,-7.421e-06,ok,1
BBMSCore,500,1,0.0458137,14.493,6.99609,9.24219,1474,0,0,0,0,1,0.036218,0.009587,8.69e-06,ok,2
BBMSInter,500,1,0.022674,14.493,7,16.8711,3427,0,0,0,0,1,0.014416,0.008253,4.969e-06,ok,2
BBMSDppInstant,500,1,0.0634756,14.493,7,58.6172,14147,0,0,0,0,2,0.052535,0.010921,1.9648e-05,ok,2
BBMSDppStepwise,500,1,0.0703314,14.493,7,56.7383,13660,0,0,0,0,1,0.052182,0.018137,1.2382e-05,ok,2
DijkstraPrims,500,1,0.0355291,14.493,7,13.4922,3340,0,0,0,0,0,0.035537,0,-7.863e-06,ok,2
BBMSCore,500,2,0.0480119,12.3349,7.00391,9.24219,1474,0,0,0,0,2,0.047999,0,1.2893e-05,ok,0
BBMSInter,500,2,0.0232849,12.3349,7.00391,16.8633,3427,0,0,0,0,1,0.02328,0,4.852e-06,ok,0
BBMSDppInstant,500,2,0.0648389,12.3349,7.00391,58.7617,14163,0,0,0,0,2,0.055184,0.009635,1.9905e-05,ok,0
BBMSDppStepwise,500,2,0.0707706,12.3349,7.00391,56.8711,13694,0,0,0,0,1,0.052392,0.018371,7.6e-06,ok,0
DijkstraPrims,500,2,0.0105865,12.3349,7.00391,7.00391,1022,0,0,0,0,0,0.010594,0,-7.547e-06,ok,0
BBMSCore,500,2,0.0481605,12.3349,7.00391,9.26172,1474,0,0,0,0,1,0.048155,0,5.457e-06,ok,1
BBMSInter,500,2,0.0235042,12.3349,7.00391,16.8555,3427,0,0,0,0,1,0.014807,0.008693,4.188e-06,ok,1
BBMSDppInstant,500,2,0.0647036,12.3349,7.00391,58.7188,14163,0,0,0,0,3,0.053452,0.011206,4.5599e-05,ok,1
BBMSDppStepwise,500,2,0.0734553,12.3349,7.00391,56.875,13694,0,0,0,0,0,0.06258,0.010884,-8.721e-06,ok,1
DijkstraPrims,500,2,0.0108831,12.3349,7.00391,7.00391,1022,0,0,0,0,0,0.010891,0,-7.86e-06,ok,1
BBMSCore,500,2,0.0483598,12.3349,7.00391,9.25,1474,0,0,0,0,1,0.048353,0,6.813e-06,ok,2
BBMSInter,500,2,0.023531,12.3349,7.00391,16.8789,3427,0,0,0,0,0,0.01743,0.006107,-5.993e-06,ok,2
BBMSDppInstant,500,2,0.0648716,12.3349,7.00391,58.7617,14163,0,0,0,0,1,0.035972,0.028898,1.639e-06,ok,2
BBMSDppStepwise,500,2,0.0709239,12.3349,7.00391,56.8711,13694,0,0,0,0,2,0.060392,0.010513,1.8855e-05,ok,2
DijkstraPrims,500,2,0.0105296,12.3349,7.00391,7.00391,1022,0,0,0,0,0,0.010537,0,-7.441e-06,ok,2
BBMSCore,500,3,0.0492037,12.4331,7.01172,9.24219,1474,0,0,0,0,2,0.049186,0,1.7659e-05,ok,0
BBMSInter,500,3,0.0226157,12.4331,7.01562,16.8672,3427,0,0,0,0,0,0.022622,0,-6.266e-06,ok,0
BBMSDppInstant,500,3,0.0639418,12.4331,7.01562,58.6172,14142,0,0,0,0,2,0.054359,0.009564,1.8753e-05,ok,0
BBMSDppStepwise,500,3,0.0702889,12.4331,7.01562,56.7305,13670,0,0,0,0,1,0.049288,0.02099,1.0856e-05,ok,0
DijkstraPrims,500,3,0.00337963,12.4331,7.01562,7.01562,376,0,0,0,0,0,0.003387,0,-7.371e-06,ok,0
BBMSCore,500,3,0.0491224,12.4331,7.01562,9.24219,1474,0,0,0,0,1,0.049115,0,7.442e-06,ok,1
BBMSInter,500,3,0.022562,12.4331,7.01562,16.8594,3427,0,0,0,0,0,0.022569,0,-7.035e-06,ok,1
BBMSDppInstant,500,3,0.0638096,12.4331,7.01562,58.6367,14142,0,0,0,0,3,0.063777,0,3.2619e-05,ok,1
BBMSDppStepwise,500,3,0.0704204,12.4331,7.01562,56.7461,13670,0,0,0,0,0,0.061225,0.009204,-8.566e-06,ok,1
DijkstraPrims,500,3,0.003414,12.4331,7.01562,7.01562,376,0,0,0,0,0,0.003422,0,-7.997e-06,ok,1
BBMSCore,500,3,0.0493019,12.4331,7.01562,9.24609,1474,0,0,0,0,1,0.04929,0,1.1943e-05,ok,2
BBMSInter,500,3,0.0226057,12.4331,7.01562,16.8672,3427,0,0,0,0,1,0.022593,0,1.2678e-05,ok,2
BBMSDppInstant,500,3,0.0643336,12.4331,7.01562,58.5938,14142,0,0,0,0,1,0.054692,0.009627,1.4622e-05,ok,2
BBMSDppStepwise,500,3,0.0704826,12.4331,7.01562,56.7422,13670,0,0,0,0,2,0.070457,0,2.5556e-05,ok,2
DijkstraPrims,500,3,0.00338035,12.4331,7.01562,7.01562,376,0,0,0,0,0,0.003388,0,-7.65e-06,ok,2
BBMSCore,500,4,0.052805,17.0058,7.01953,9.24609,1474,0,0,0,0,0,0.052814,0,-8.958e-06,ok,0
BBMSInter,500,4,0.0246389,17.0058,7.01953,16.8672,3427,0,0,0,0,0,0.024646,0,-7.128e-06,ok,0
BBMSDppInstant,500,4,0.0643801,17.0058,7.01953,58.7305,14158,0,0,0,0,1,0.044956,0.019409,1.5134e-05,ok,0
BBMSDppStepwise,500,4,0.0709551,17.0058,7.01953,56.8711,13679,0,0,0,0,1,0.070945,0,1.0106e-05,ok,0
DijkstraPrims,500,4,0.0446871,17.0058,7.01953,14.4297,3655,0,0,0,0,0,0.044695,0,-7.854e-06,ok,0
BBMSCore,500,4,0.0524638,17.0058,7.02344,9.23047,1474,0,0,0,0,1,0.052458,0,5.776e-06,ok,1
BBMSInter,500,4,0.02408,17.0058,7.02344,16.875,3427,0,0,0,0,0,0.024086,0,-6.032e-06,ok,1
BBMSDppInstant,500,4,0.0639983,17.0058,7.02344,58.7422,14158,0,0,0,0,2,0.035044,0.028928,2.6319e-05,ok,1
BBMSDppStepwise,500,4,0.0710286,17.0058,7.02344,56.8672,13679,0,0,0,0,2,0.049672,0.021338,1.8627e-05,ok,1
DijkstraPrims,500,4,0.0448728,17.0058,7.02344,14.4297,3655,0,0,0,0,0,0.025451,0.01943,-8.189e-06,ok,1
BBMSCore,500,4,0.052435,17.0058,7.02344,9.24219,1474,0,0,0,0,2,0.052417,0,1.7978e-05,ok,2
BBMSInter,500,4,0.0240221,17.0058,7.02344,16.8633,3427,0,0,0,0,0,0.014825,0.009204,-6.858e-06,ok,2
BBMSDppInstant,500,4,0.0640706,17.0058,7.02344,58.7227,14158,0,0,0,0,2,0.044743,0.01931,1.7575e-05,ok,2
BBMSDppStepwise,500,4,0.0708324,17.0058,7.02344,56.8672,13679,0,0,0,0,1,0.049543,0.021282,7.422e-06,ok,2
DijkstraPrims,500,4,0.0448755,17.0058,7.02344,14.4414,3655,0,0,0,0,0,0.044883,0,-7.489e-06,ok,2
BBMSCore,500,5,0.0531307,12.7424,7.02734,9.25,1474,0,0,0,0,1,0.053124,0,6.718e-06,ok,0
BBMSInter,500,5,0.0236661,12.7424,7.02734,16.8672,3427,0,0,0,0,1,0.014397,0.009261,8.127e-06,ok,0
BBMSDppInstant,500,5,0.0645962,12.7424,7.02734,58.75,14153,0,0,0,0,1,0.044973,0.019612,1.1224e-05,ok,0
BBMSDppStepwise,500,5,0.0714584,12.7424,7.02734,56.8555,13674,0,0,0,0,1,0.049828,0.021621,9.441e-06,ok,0
DijkstraPrims,500,5,0.0209394,12.7424,7.02734,9.38672,2033,0,0,0,0,1,0.020648,0,0.000291371,ok,0
BBMSCore,500,5,0.0530106,12.7424,7.02734,9.22656,1474,0,0,0,0,1,0.053,0,1.0585e-05,ok,1
BBMSInter,500,5,0.0238343,12.7424,7.02734,16.8672,3427,0,0,0,0,1,0.018584,0.005242,8.349e-06,ok,1
BBMSDppInstant,500,5,0.0644034,12.7424,7.03125,58.7227,14153,0,0,0,0,2,0.044828,0.019554,2.1414e-05,ok,1
BBMSDppStepwise,500,5,0.0711848,12.7424,7.03125,56.8594,13674,0,0,0,0,1,0.033492,0.037681,1.1773e-05,ok,1
DijkstraPrims,500,5,0.0206226,12.7424,7.03516,9.39062,2033,0,0,0,0,0,0.00827,0.012359,-6.395e-06,ok,1
BBMSCore,500,5,0.0529826,12.7424,7.03516,9.24219,1474,0,0,0,0,1,0.05298,0,2.587e-06,ok,2
BBMSInter,500,5,0.0237441,12.7424,7.03516,16.8672,3427,0,0,0,0,1,0.014472,0.009264,8.057e-06,ok,2
BBMSDppInstant,500,5,0.063843,12.7424,7.03516,58.7422,14153,0,0,0,0,1,0.034751,0.029078,1.3989e-05,ok,2
BBMSDppStepwise,500,5,0.0713498,12.7424,7.03516,56.8633,13674,0,0,0,0,1,0.038987,0.032354,8.829e-06,ok,2
DijkstraPrims,500,5,0.0205813,12.7424,7.03516,9.36328,2033,0,0,0,0,0,0.02059,0,-8.674e-06,ok,2
BBMSCore,500,6,0.0542907,12.6407,7.03906,9.23438,1474,0,0,0,0,0,0.0543,0,-9.329e-06,ok,0
BBMSInter,500,6,0.0244241,12.6407,7.03906,16.8516,3427,0,0,0,0,0,0.01937,0.005061,-6.909e-06,ok,0
BBMSDppInstant,500,6,0.0665331,12.6407,7.03906,58.7422,14159,0,0,0,0,2,0.039838,0.02667,2.5079e-05,ok,0
BBMSDppStepwise,500,6,0.0717724,12.6407,7.03906,56.8594,13682,0,0,0,0,1,0.049919,0.021852,1.411e-06,ok,0
DijkstraPrims,500,6,0.0222374,12.6407,7.03906,9.71875,2114,0,0,0,0,0,0.022231,0,6.436e-06,ok,0
BBMSCore,500,6,0.0537197,12.6407,7.03906,9.23438,1474,0,0,0,0,3,0.043915,0.009708,9.6688e-05,ok,1
BBMSInter,500,6,0.0238137,12.6407,7.03906,16.8672,3427,0,0,0,0,0,0.014359,0.009461,-6.255e-06,ok,1
BBMSDppInstant,500,6,0.0652146,12.6407,7.03906,58.7188,14159,0,0,0,0,2,0.045264,0.019924,2.6555e-05,ok,1
BBMSDppStepwise,500,6,0.0743753,12.6407,7.03906,56.8711,13682,0,0,0,0,0,0.054594,0.01979,-8.704e-06,ok,1
DijkstraPrims,500,6,0.0222456,12.6407,7.03906,9.73828,2114,0,0,0,0,0,0.022253,0,-7.438e-06,ok,1
BBMSCore,500,6,0.0534717,12.6407,7.03906,9.23828,1474,0,0,0,0,1,0.048443,0.005017,1.1732e-05,ok,2
BBMSInter,500,6,0.0237768,12.6407,7.03906,16.875,3427,0,0,0,0,0,0.023783,0,-6.2e-06,ok,2
BBMSDppInstant,500,6,0.0652567,12.6407,7.03906,58.7227,14159,0,0,0,0,1,0.035331,0.02991,1.5694e-05,ok,2
BBMSDppStepwise,500,6,0.0725494,12.6407,7.03906,56.8633,13682,0,0,0,0,0,0.062902,0.009656,-8.577e-06,ok,2
DijkstraPrims,500,6,0.0222187,12.6407,7.04297,9.72266,2114,0,0,0,0,1,0.022208,0,1.0676e-05,ok,2
BBMSCore,500,7,0.0526879,13.9614,7.04297,9.23828,1474,0,0,0,0,1,0.052677,0,1.0862e-05,ok,0
BBMSInter,500,7,0.023441,13.9614,7.04688,16.8398,3427,0,0,0,0,0,0.01396,0.009487,-5.951e-06,ok,0
BBMSDppInstant,500,7,0.0649909,13.9614,7.04688,58.7422,14153,0,0,0,0,2,0.054825,0.009969,0.000196864,ok,0
BBMSDppStepwise,500,7,0.0713248,13.9614,7.04688,56.8633,13672,0,0,0,0,2,0.06175,0.009557,1.7794e-05,ok,0
DijkstraPrims,500,7,0.00888117,13.9614,7.04688,7.04688,911,0,0,0,0,0,0.008889,0,-7.83e-06,ok,0
BBMSCore,500,7,0.0532287,13.9614,7.04688,9.24219,1474,0,0,0,0,2,0.053204,0,2.4686e-05,ok,1
BBMSInter,500,7,0.0242289,13.9614,7.04688,16.8672,3427,0,0,0,0,0,0.014452,0.009783,-6.119e-06,ok,1
BBMSDppInstant,500,7,0.0669875,13.9614,7.04688,58.7461,14153,0,0,0,0,1,0.056678,0.010298,1.1532e-05,ok,1
BBMSDppStepwise,500,7,0.0740427,13.9614,7.04688,56.8672,13672,0,0,0,0,2,0.054209,0.019804,2.9662e-05,ok,1
DijkstraPrims,500,7,0.00897984,13.9614,7.04688,7.04688,911,0,0,0,0,0,0.008988,0,-8.158e-06,ok,1
BBMSCore,500,7,0.0529512,13.9614,7.04688,9.22656,1474,0,0,0,0,1,0.05294,0,1.1199e-05,ok,2
BBMSInter,500,7,0.023763,13.9614,7.04688,16.8438,3427,0,0,0,0,0,0.023769,0,-5.963e-06,ok,2
BBMSDppInstant,500,7,0.0663993,13.9614,7.04688,58.7148,14153,0,0,0,0,2,0.056156,0.010209,3.4288e-05,ok,2
BBMSDppStepwise,500,7,0.0723701,13.9614,7.04688,56.8594,13672,0,0,0,0,1,0.062671,0.009692,7.067e-06,ok,2
DijkstraPrims,500,7,0.00897536,13.9614,7.04688,7.04688,911,0,0,0,0,0,0.008984,0,-8.64e-06,ok,2
BBMSCore,500,8,0.0524957,12.7953,7.05469,9.26172,1474,0,0,0,0,0,0.052504,0,-8.306e-06,ok,0
BBMSInter,500,8,0.0245227,12.7953,7.05469,16.8672,3427,0,0,0,0,1,0.024524,0,-1.343e-06,ok,0
BBMSDppInstant,500,8,0.0694862,12.7953,7.05859,58.7422,14152,0,0,0,0,1,0.04133,0.028146,1.0214e-05,ok,0
BBMSDppStepwise,500,8,0.0731081,12.7953,7.05859,56.8789,13680,0,0,0,0,0,0.053413,0.019705,-9.858e-06,ok,0
DijkstraPrims,500,8,0.0244017,12.7953,7.05859,10.1484,2233,0,0,0,0,1,0.014355,0.010045,1.724e-06,ok,0
BBMSCore,500,8,0.0520691,12.7953,7.05859,9.24219,1474,0,0,0,0,1,0.042456,0.009605,8.082e-06,ok,1
BBMSInter,500,8,0.0231316,12.7953,7.0625,16.8672,3427,0,0,0,0,1,0.023127,0,4.647e-06,ok,1
BBMSDppInstant,500,8,0.065502,12.7953,7.0625,58.7422,14152,0,0,0,0,2,0.044366,0.021114,2.203e-05,ok,1
BBMSDppStepwise,500,8,0.072545,12.7953,7.0625,56.8672,13680,0,0,0,0,1,0.052983,0.019549,1.3028e-05,ok,1
DijkstraPrims,500,8,0.024331,12.7953,7.0625,10.1641,2233,0,0,0,0,0,0.024339,0,-7.996e-06,ok,1
BBMSCore,500,8,0.0520735,12.7953,7.0625,9.24609,1474,0,0,0,0,1,0.052061,0,1.2546e-05,ok,2
BBMSInter,500,8,0.0232448,12.7953,7.0625,16.8711,3427,0,0,0,0,0,0.023251,0,-6.233e-06,ok,2
BBMSDppInstant,500,8,0.0659968,12.7953,7.0625,58.7188,14152,0,0,0,0,1,0.055772,0.010212,1.2806e-05,ok,2
BBMSDppStepwise,500,8,0.0720282,12.7953,7.0625,56.8672,13680,0,0,0,0,1,0.049817,0.022204,7.166e-06,ok,2
DijkstraPrims,500,8,0.0243836,12.7953,7.0625,10.1445,2233,0,0,0,0,0,0.024391,0,-7.36e-06,ok,2
BBMSCore,500,9,0.0532067,12.0941,7.06641,9.23438,1474,0,0,0,0,2,0.043316,0.00988,1.07e-05,ok,0
BBMSInter,500,9,0.0231738,12.0941,7.06641,16.8633,3427,0,0,0,0,0,0.02318,0,-6.238e-06,ok,0
BBMSDppInstant,500,9,0.0662013,12.0941,7.06641,58.6172,14142,0,0,0,0,1,0.045574,0.020621,6.312e-06,ok,0
BBMSDppStepwise,500,9,0.0717711,12.0941,7.06641,56.8672,13674,0,0,0,0,2,0.052267,0.019486,1.8102e-05,ok,0
DijkstraPrims,500,9,0.0112072,12.0941,7.06641,7.06641,1062,0,0,0,0,0,0,0.011215,-7.805e-06,ok,0
BBMSCore,500,9,0.0530999,12.0941,7.06641,9.24219,1474,0,0,0,0,1,0.049309,0.003781,9.899e-06,ok,1
BBMSInter,500,9,0.0230508,12.0941,7.06641,16.8789,3427,0,0,0,0,0,0.01939,0.003666,-5.246e-06,ok,1
BBMSDppInstant,500,9,0.0653286,12.0941,7.07031,58.6211,14142,0,0,0,0,2,0.047471,0.017832,2.5608e-05,ok,1
BBMSDppStepwise,500,9,0.0717189,12.0941,7.07031,56.8672,13674,0,0,0,0,1,0.060594,0.011121,3.887e-06,ok,1
DijkstraPrims,500,9,0.0112162,12.0941,7.07031,7.07031,1062,0,0,0,0,0,0.011224,0,-7.791e-06,ok,1
BBMSCore,500,9,0.0531417,12.0941,7.07031,9.22656,1474,0,0,0,0,1,0.053128,0,1.3683e-05,ok,2
BBMSInter,500,9,0.0232998,12.0941,7.07031,16.8438,3427,0,0,0,0,0,0.023306,0,-6.239e-06,ok,2
BBMSDppInstant,500,9,0.0671225,12.0941,7.07031,58.5938,14142,0,0,0,0,1,0.046201,0.020916,5.501e-06,ok,2
BBMSDppStepwise,500,9,0.0733009,12.0941,7.07031,56.8672,13674,0,0,0,0,1,0.050566,0.022732,2.85e-06,ok,2
DijkstraPrims,500,9,0.0112223,12.0941,7.07031,7.07031,1062,0,0,0,0,0,0.011229,0,-6.663e-06,ok,2
BBMSCore,830,0,0.182268,11.9016,7.07422,19.3672,4052,0,0,0,0,2,0.172015,0.010235,1.8319e-05,ok,0
BBMSInter,830,0,0.0696981,11.9016,7.07422,40.3672,9434,0,0,0,0,1,0.059447,0.01024,1.1128e-05,ok,0
BBMSDppInstant,830,0,0.199598,11.9016,7.07422,155.961,39217,0,0,0,0,1,0.169349,0.030248,1.168e-06,ok,0
BBMSDppStepwise,830,0,0.21526,11.9016,7.07422,150.59,37823,0,0,0,0,1,0.155969,0.059281,1.0227e-05,ok,0
DijkstraPrims,830,0,0.0121593,11.9016,7.07422,7.09375,1124,0,0,0,0,0,0.012167,0,-7.672e-06,ok,0
BBMSCore,830,0,0.183367,11.9016,7.07422,19.3477,4052,0,0,0,0,3,0.173051,0.010295,2.086e-05,ok,1
BBMSInter,830,0,0.069358,11.9016,7.07422,40.3672,9434,0,0,0,0,1,0.059166,0.010188,3.972e-06,ok,1
BBMSDppInstant,830,0,0.200474,11.9016,7.07812,155.938,39217,0,0,0,0,1,0.159957,0.040504,1.3404e-05,ok,1
BBMSDppStepwise,830,0,0.213738,11.9016,7.07812,150.594,37823,0,0,0,0,0,0.15486,0.05889,-1.1763e-05,ok,1
DijkstraPrims,830,0,0.0121099,11.9016,7.07812,7.09375,1124,0,0,0,0,0,0.012127,0,-1.7134e-05,ok,1
BBMSCore,830,0,0.181418,11.9016,7.07812,19.3672,4052,0,0,0,0,2,0.181399,0,1.8834e-05,ok,2
BBMSInter,830,0,0.0696444,11.9016,7.07812,40.3555,9434,0,0,0,0,1,0.049155,0.020478,1.1406e-05,ok,2
BBMSDppInstant,830,0,0.194779,11.9016,7.08203,155.969,39217,0,0,0,0,1,0.175079,0.019686,1.3687e-05,ok,2
BBMSDppStepwise,830,0,0.214467,11.9016,7.08203,150.59,37823,0,0,0,0,1,0.167406,0.047067,-6.168e-06,ok,2
DijkstraPrims,830,0,0.0120775,11.9016,7.08203,7.08203,1124,0,0,0,0,0,0.007107,0.004979,-8.537e-06,ok,2
BBMSCore,830,1,0.212216,15.9591,7.08594,19.3438,4052,0,0,0,0,2,0.212199,0,1.6804e-05,ok,0
BBMSInter,830,1,0.071746,15.9591,7.08594,40.3672,9434,0,0,0,0,1,0.071739,0,7.026e-06,ok,0
BBMSDppInstant,830,1,0.195749,15.9591,7.08594,155.809,39167,0,0,0,0,1,0.174832,0.020905,1.2202e-05,ok,0
BBMSDppStepwise,830,1,0.213118,15.9591,7.08594,150.52,37808,0,0,0,0,0,0.151396,0.061732,-9.537e-06,ok,0
DijkstraPrims,830,1,0.00655248,15.9591,7.08594,7.08594,731,0,0,0,0,0,0.006561,0,-8.521e-06,ok,0
BBMSCore,830,1,0.209243,15.9591,7.08594,19.3633,4052,0,0,0,0,2,0.199131,0.010095,1.7237e-05,ok,1
BBMSInter,830,1,0.0718803,15.9591,7.08594,40.3594,9434,0,0,0,0,3,0.053179,0.018673,2.8278e-05,ok,1
BBMSDppInstant,830,1,0.194593,15.9591,7.08594,155.797,39167,0,0,0,0,1,0.132223,0.06235,1.9885e-05,ok,1
BBMSDppStepwise,830,1,0.214452,15.9591,7.08594,150.52,37808,0,0,0,0,0,0.152294,0.06217,-1.1755e-05,ok,1
DijkstraPrims,830,1,0.00657186,15.9591,7.08594,7.08594,731,0,0,0,0,0,0.006579,0,-7.138e-06,ok,1
BBMSCore,830,1,0.209176,15.9591,7.08594,19.3672,4052,0,0,0,0,1,0.199082,0.010093,1.292e-06,ok,2
BBMSInter,830,1,0.0743208,15.9591,7.08594,40.3672,9434,0,0,0,0,0,0.055038,0.01929,-7.164e-06,ok,2
BBMSDppInstant,830,1,0.196994,15.9591,7.08594,155.734,39167,0,0,0,0,3,0.147003,0.049949,4.1586e-05,ok,2
BBMSDppStepwise,830,1,0.214494,15.9591,7.08594,150.52,37808,0,0,0,0,1,0.165078,0.049413,2.694e-06,ok,2
DijkstraPrims,830,1,0.00651074,15.9591,7.08594,7.08594,731,0,0,0,0,0,0.006518,0,-7.265e-06,ok,2
BBMSCore,830,2,0.192555,14.5913,7.08984,19.3672,4052,0,0,0,0,3,0.192536,0,1.91e-05,ok,0
BBMSInter,830,2,0.0674294,14.5913,7.09375,40.375,9434,0,0,0,0,1,0.057266,0.010148,1.5408e-05,ok,0
BBMSDppInstant,830,2,0.19477,14.5913,7.09375,155.613,39136,0,0,0,0,1,0.184837,0.00992,1.2914e-05,ok,0
BBMSDppStepwise,830,2,0.213949,14.5913,7.09375,150.348,37779,0,0,0,0,0,0.154574,0.059385,-9.647e-06,ok,0
DijkstraPrims,830,2,0.0169596,14.5913,7.09375,8.64453,1814,0,0,0,0,0,0.016968,0,-8.365e-06,ok,0
BBMSCore,830,2,0.193847,14.5913,7.09375,19.3867,4052,0,0,0,0,3,0.18343,0.01039,2.6956e-05,ok,1
BBMSInter,830,2,0.0672301,14.5913,7.09375,40.3672,9434,0,0,0,0,1,0.057107,0.010114,9.081e-06,ok,1
BBMSDppInstant,830,2,0.195212,14.5913,7.09375,155.602,39136,0,0,0,0,2,0.125608,0.069594,9.939e-06,ok,1
BBMSDppStepwise,830,2,0.212662,14.5913,7.09375,150.359,37779,0,0,0,0,0,0.153646,0.059026,-9.935e-06,ok,1
DijkstraPrims,830,2,0.0170934,14.5913,7.09375,8.63672,1814,0,0,0,0,0,0.017102,0,-8.642e-06,ok,1
BBMSCore,830,2,0.194387,14.5913,7.09375,19.3516,4052,0,0,0,0,3,0.194363,0,2.3845e-05,ok,2
BBMSInter,830,2,0.068067,14.5913,7.09375,40.3672,9434,0,0,0,0,1,0.047556,0.0205,1.1007e-05,ok,2
BBMSDppInstant,830,2,0.195618,14.5913,7.09375,155.613,39136,0,0,0,0,1,0.175688,0.019931,-9.35e-07,ok,2
BBMSDppStepwise,830,2,0.211953,14.5913,7.09375,150.344,37779,0,0,0,0,4,0.176453,0.035464,3.6371e-05,ok,2
DijkstraPrims,830,2,0.0169597,14.5913,7.09375,8.60938,1814,0,0,0,0,0,0.016967,0,-7.335e-06,ok,2
BBMSCore,830,3,0.210741,13.1653,7.10156,19.3711,4052,0,0,0,0,4,0.210712,0,2.9337e-05,ok,0
BBMSInter,830,3,0.0724023,13.1653,7.10156,40.3672,9434,0,0,0,0,1,0.05761,0.014787,5.28e-06,ok,0
BBMSDppInstant,830,3,0.197217,13.1653,7.10156,155.812,39187,0,0,0,0,1,0.156862,0.040345,1.0084e-05,ok,0
BBMSDppStepwise,830,3,0.21395,13.1653,7.10156,150.422,37808,0,0,0,0,3,0.154339,0.059574,3.691e-05,ok,0
DijkstraPrims,830,3,0.0890992,13.1653,7.10547,26.5938,8205,0,0,0,0,1,0.078689,0.010402,8.168e-06,ok,0
BBMSCore,830,3,0.20879,13.1653,7.10547,19.375,4052,0,0,0,0,2,0.198626,0.010154,9.952e-06,ok,1
BBMSInter,830,3,0.0728312,13.1653,7.10547,40.3672,9434,0,0,0,0,1,0.063155,0.009658,1.8234e-05,ok,1
BBMSDppInstant,830,3,0.197506,13.1653,7.10547,155.809,39187,0,0,0,0,1,0.157095,0.040401,1.0411e-05,ok,1
BBMSDppStepwise,830,3,0.213856,13.1653,7.10547,150.414,37808,0,0,0,0,1,0.161853,0.051993,1.0119e-05,ok,1
DijkstraPrims,830,3,0.0900221,13.1653,7.10547,26.5977,8205,0,0,0,0,1,0.090013,0,9.064e-06,ok,1
BBMSCore,830,3,0.212572,13.1653,7.10547,19.3711,4052,0,0,0,0,1,0.202699,0.009867,6.3e-06,ok,2
BBMSInter,830,3,0.0735824,13.1653,7.10547,40.3672,9434,0,0,0,0,2,0.054049,0.019519,1.4443e-05,ok,2
BBMSDppInstant,830,3,0.197683,13.1653,7.10547,155.809,39187,0,0,0,0,2,0.147126,0.050542,1.4827e-05,ok,2
BBMSDppStepwise,830,3,0.213753,13.1653,7.10547,150.406,37808,0,0,0,0,1,0.174049,0.0397,3.573e-06,ok,2
DijkstraPrims,830,3,0.0903204,13.1653,7.10547,26.5938,8205,0,0,0,0,0,0.076082,0.014247,-8.577e-06,ok,2
BBMSCore,830,4,0.215084,12.5998,7.10938,19.3555,4052,0,0,0,0,1,0.215084,0,3.68e-07,ok,0
BBMSInter,830,4,0.0743082,12.5998,7.10938,40.3672,9434,0,0,0,0,1,0.064344,0.009955,9.237e-06,ok,0
BBMSDppInstant,830,4,0.19663,12.5998,7.10938,155.688,39155,0,0,0,0,1,0.148536,0.048084,9.51e-06,ok,0
BBMSDppStepwise,830,4,0.213275,12.5998,7.10938,150.363,37798,0,0,0,0,3,0.143692,0.069555,2.7846e-05,ok,0
DijkstraPrims,830,4,0.0481757,12.5998,7.10938,16.6406,4457,0,0,0,0,1,0.048169,0,6.724e-06,ok,0
BBMSCore,830,4,0.214415,12.5998,7.10938,19.3594,4052,0,0,0,0,1,0.204433,0.009983,-1.441e-06,ok,1
BBMSInter,830,4,0.0734698,12.5998,7.10938,40.3672,9434,0,0,0,0,1,0.053791,0.01967,8.81e-06,ok,1
BBMSDppInstant,830,4,0.197435,12.5998,7.10938,155.684,39155,0,0,0,0,2,0.15688,0.040536,1.9308e-05,ok,1
BBMSDppStepwise,830,4,0.215012,12.5998,7.10938,150.355,37798,0,0,0,0,1,0.17494,0.040064,8.307e-06,ok,1
DijkstraPrims,830,4,0.048792,12.5998,7.11328,16.6445,4457,0,0,0,0,0,0.048801,0,-8.977e-06,ok,1
BBMSCore,830,4,0.215796,12.5998,7.11328,19.375,4052,0,0,0,0,2,0.205738,0.010047,1.0937e-05,ok,2
BBMSInter,830,4,0.0741886,12.5998,7.11328,40.3672,9434,0,0,0,0,2,0.064237,0.009937,1.4583e-05,ok,2
BBMSDppInstant,830,4,0.196872,12.5998,7.11328,155.715,39155,0,0,0,0,1,0.156411,0.040446,1.4603e-05,ok,2
BBMSDppStepwise,830,4,0.213903,12.5998,7.11328,150.34,37798,0,0,0,0,1,0.1617,0.052195,7.523e-06,ok,2
DijkstraPrims,830,4,0.0488242,12.5998,7.11328,16.6445,4457,0,0,0,0,0,0.048832,0,-7.766e-06,ok,2
BBMSCore,830,5,0.225081,13.7418,7.11719,19.3633,4052,0,0,0,0,2,0.225068,0,1.2517e-05,ok,0
BBMSInter,830,5,0.0779519,13.7418,7.11719,40.3672,9434,0,0,0,0,1,0.05926,0.018683,8.918e-06,ok,0
BBMSDppInstant,830,5,0.195571,13.7418,7.11719,155.672,39159,0,0,0,0,3,0.104796,0.090757,1.8012e-05,ok,0
BBMSDppStepwise,830,5,0.213853,13.7418,7.11719,150.277,37793,0,0,0,0,3,0.183831,0.030003,1.9229e-05,ok,0
DijkstraPrims,830,5,0.00477035,13.7418,7.11719,7.11719,456,0,0,0,0,0,0.004777,0,-6.65e-06,ok,0
BBMSCore,830,5,0.227205,13.7418,7.11719,19.2422,4052,0,0,0,0,2,0.227184,0,2.1322e-05,ok,1
BBMSInter,830,5,0.0792318,13.7418,7.11719,40.3672,9434,0,0,0,0,1,0.060257,0.018974,8.35e-07,ok,1
BBMSDppInstant,830,5,0.199184,13.7418,7.12109,155.75,39159,0,0,0,0,0,0.117048,0.082147,-1.1246e-05,ok,1
BBMSDppStepwise,830,5,0.212749,13.7418,7.12109,150.391,37793,0,0,0,0,3,0.181444,0.03127,3.5278e-05,ok,1
DijkstraPrims,830,5,0.00464574,13.7418,7.12109,7.12109,456,0,0,0,0,0,0,0.004653,-7.262e-06,ok,1
BBMSCore,830,5,0.225528,13.7418,7.12109,19.3672,4052,0,0,0,0,2,0.225513,0,1.4671e-05,ok,2
BBMSInter,830,5,0.0784153,13.7418,7.12109,40.3555,9434,0,0,0,0,1,0.05962,0.018785,1.029e-05,ok,2
BBMSDppInstant,830,5,0.196854,13.7418,7.12109,155.727,39159,0,0,0,0,2,0.15623,0.040586,3.7992e-05,ok,2
BBMSDppStepwise,830,5,0.212703,13.7418,7.12109,150.387,37793,0,0,0,0,1,0.153011,0.059682,9.84e-06,ok,2
DijkstraPrims,830,5,0.00466208,13.7418,7.125,7.125,456,0,0,0,0,0,0.00467,0,-7.923e-06,ok,2
BBMSCore,830,6,0.193901,19.6148,7.125,19.3594,4052,0,0,0,0,1,0.181658,0.012234,8.567e-06,ok,0
BBMSInter,830,6,0.0699922,19.6148,7.12891,40.3711,9434,0,0,0,0,2,0.048016,0.021961,1.5184e-05,ok,0
BBMSDppInstant,830,6,0.196829,19.6148,7.12891,155.824,39187,0,0,0,0,2,0.119074,0.077535,0.000220019,ok,0
BBMSDppStepwise,830,6,0.211807,19.6148,7.12891,150.41,37803,0,0,0,0,2,0.201848,0.009942,1.7129e-05,ok,0
DijkstraPrims,830,6,0.0716415,19.6148,7.12891,23.9688,6856,0,0,0,0,1,0.051978,0.019655,8.54e-06,ok,0
BBMSCore,830,6,0.192148,19.6148,7.12891,19.375,4052,0,0,0,0,2,0.182183,0.00995,1.5109e-05,ok,1
BBMSInter,830,6,0.0691843,19.6148,7.12891,40.3672,9434,0,0,0,0,1,0.04745,0.021725,9.321e-06,ok,1
BBMSDppInstant,830,6,0.19671,19.6148,7.12891,155.828,39187,0,0,0,0,1,0.148219,0.048484,6.567e-06,ok,1
BBMSDppStepwise,830,6,0.21166,19.6148,7.12891,150.414,37803,0,0,0,0,2,0.19173,0.019878,5.2014e-05,ok,1
DijkstraPrims,830,6,0.0715479,19.6148,7.12891,23.9961,6856,0,0,0,0,1,0.051913,0.019625,9.855e-06,ok,1
BBMSCore,830,6,0.191375,19.6148,7.12891,19.3633,4052,0,0,0,0,2,0.181445,0.009911,1.8673e-05,ok,2
BBMSInter,830,6,0.0707949,19.6148,7.12891,40.3672,9434,0,0,0,0,1,0.048588,0.022195,1.1887e-05,ok,2
BBMSDppInstant,830,6,0.199022,19.6148,7.12891,155.84,39187,0,0,0,0,1,0.157828,0.041193,6.44e-07,ok,2
BBMSDppStepwise,830,6,0.212091,19.6148,7.12891,150.379,37803,0,0,0,0,3,0.169264,0.042806,2.1472e-05,ok,2
DijkstraPrims,830,6,0.0735756,19.6148,7.12891,23.9609,6856,0,0,0,0,1,0.073568,0,7.611e-06,ok,2
BBMSCore,830,7,0.198789,16.762,7.13281,19.3438,4052,0,0,0,0,2,0.198776,0,1.2783e-05,ok,0
BBMSInter,830,7,0.0715854,16.762,7.13281,40.3555,9434,0,0,0,0,1,0.061665,0.009911,9.41e-06,ok,0
BBMSDppInstant,830,7,0.195436,16.762,7.13672,155.797,39179,0,0,0,0,1,0.154804,0.040631,1.019e-06,ok,0
BBMSDppStepwise,830,7,0.211498,16.762,7.13672,150.625,37830,0,0,0,0,1,0.179401,0.032085,1.2045e-05,ok,0
DijkstraPrims,830,7,0.0726747,16.762,7.13672,24.0391,6865,0,0,0,0,1,0.062612,0.010056,6.703e-06,ok,0
BBMSCore,830,7,0.198674,16.762,7.13672,19.2383,4052,0,0,0,0,2,0.188831,0.009827,1.5639e-05,ok,1
BBMSInter,830,7,0.0734541,16.762,7.13672,40.375,9434,0,0,0,0,0,0.063318,0.010144,-7.906e-06,ok,1
BBMSDppInstant,830,7,0.19586,16.762,7.13672,155.766,39179,0,0,0,0,1,0.137688,0.058164,8.393e-06,ok,1
BBMSDppStepwise,830,7,0.21143,16.762,7.13672,150.613,37830,0,0,0,0,1,0.171562,0.039853,1.4973e-05,ok,1
DijkstraPrims,830,7,0.0729533,16.762,7.13672,24.0391,6865,0,0,0,0,1,0.052764,0.020178,1.1328e-05,ok,1
BBMSCore,830,7,0.197573,16.762,7.13672,19.3633,4052,0,0,0,0,2,0.197562,0,1.1395e-05,ok,2
BBMSInter,830,7,0.0712378,16.762,7.13672,40.375,9434,0,0,0,0,1,0.061356,0.009871,1.0828e-05,ok,2
BBMSDppInstant,830,7,0.196056,16.762,7.13672,155.781,39179,0,0,0,0,3,0.147516,0.048517,2.2647e-05,ok,2
BBMSDppStepwise,830,7,0.212428,16.762,7.13672,150.602,37830,0,0,0,0,2,0.182381,0.030029,1.8455e-05,ok,2
DijkstraPrims,830,7,0.0728637,16.762,7.13672,24.0039,6865,0,0,0,0,1,0.072862,0,1.699e-06,ok,2
BBMSCore,830,8,0.19141,14.6724,7.14453,19.3594,4052,0,0,0,0,1,0.191413,0,-2.97e-06,ok,0
BBMSInter,830,8,0.0743509,14.6724,7.14453,40.3711,9434,0,0,0,0,1,0.063988,0.010352,1.0878e-05,ok,0
BBMSDppInstant,830,8,0.195173,14.6724,7.14453,155.77,39184,0,0,0,0,3,0.136951,0.058194,2.7585e-05,ok,0
BBMSDppStepwise,830,8,0.218196,14.6724,7.14453,150.457,37816,0,0,0,0,0,0.188621,0.029585,-1.0072e-05,ok,0
DijkstraPrims,830,8,0.0462332,14.6724,7.14453,16.1211,4347,0,0,0,0,2,0.046223,0,1.0188e-05,ok,0
BBMSCore,830,8,0.192743,14.6724,7.14453,19.3594,4052,0,0,0,0,1,0.192738,0,4.601e-06,ok,1
BBMSInter,830,8,0.0748167,14.6724,7.14453,40.3594,9434,0,0,0,0,1,0.065553,0.009254,9.673e-06,ok,1
BBMSDppInstant,830,8,0.195372,14.6724,7.14844,155.785,39184,0,0,0,0,2,0.123996,0.071355,2.0722e-05,ok,1
BBMSDppStepwise,830,8,0.213048,14.6724,7.14844,150.43,37816,0,0,0,0,1,0.145552,0.067484,1.1548e-05,ok,1
DijkstraPrims,830,8,0.0461581,14.6724,7.14844,16.1445,4347,0,0,0,0,1,0.046153,0,5.132e-06,ok,1
BBMSCore,830,8,0.191844,14.6724,7.14844,19.3789,4052,0,0,0,0,3,0.191823,0,2.1129e-05,ok,2
BBMSInter,830,8,0.0749881,14.6724,7.14844,40.3711,9434,0,0,0,0,1,0.064543,0.010432,1.3089e-05,ok,2
BBMSDppInstant,830,8,0.196638,14.6724,7.14844,155.77,39184,0,0,0,0,1,0.147785,0.048841,1.1913e-05,ok,2
BBMSDppStepwise,830,8,0.212135,14.6724,7.14844,150.434,37816,0,0,0,0,1,0.172,0.040127,8.195e-06,ok,2
DijkstraPrims,830,8,0.0462771,14.6724,7.14844,16.1562,4347,0,0,0,0,2,0.04626,0,1.7124e-05,ok,2
BBMSCore,830,9,0.187762,14.3667,7.15234,19.3398,4052,0,0,0,0,1,0.177903,0.009855,4.293e-06,ok,0
BBMSInter,830,9,0.0718681,14.3667,7.15234,40.3867,9434,0,0,0,0,1,0.0617,0.010154,1.4059e-05,ok,0
BBMSDppInstant,830,9,0.195482,14.3667,7.15234,155.801,39187,0,0,0,0,1,0.146332,0.049142,7.991e-06,ok,0
BBMSDppStepwise,830,9,0.210747,14.3667,7.15234,150.5,37826,0,0,0,0,2,0.1507,0.060035,1.1614e-05,ok,0
DijkstraPrims,830,9,0.00420256,14.3667,7.15234,7.15234,430,0,0,0,0,0,0.004211,0,-8.436e-06,ok,0
BBMSCore,830,9,0.190132,14.3667,7.15234,19.25,4052,0,0,0,0,2,0.18014,0.00997,2.2163e-05,ok,1
BBMSInter,830,9,0.0717402,14.3667,7.15234,40.3477,9434,0,0,0,0,0,0.061596,0.010152,-7.772e-06,ok,1
BBMSDppInstant,830,9,0.194388,14.3667,7.15234,155.812,39187,0,0,0,0,3,0.136137,0.058213,3.7867e-05,ok,1
BBMSDppStepwise,830,9,0.210486,14.3667,7.15234,150.496,37826,0,0,0,0,1,0.150512,0.059964,9.874e-06,ok,1
DijkstraPrims,830,9,0.0042084,14.3667,7.15234,7.15234,430,0,0,0,0,0,0.004217,0,-8.602e-06,ok,1
BBMSCore,830,9,0.188922,14.3667,7.15234,19.3672,4052,0,0,0,0,3,0.188893,0,2.8592e-05,ok,2
BBMSInter,830,9,0.0706791,14.3667,7.15234,40.3789,9434,0,0,0,0,1,0.060656,0.010016,7.082e-06,ok,2
BBMSDppInstant,830,9,0.194585,14.3667,7.15625,155.801,39187,0,0,0,0,1,0.153783,0.040786,1.5881e-05,ok,2
BBMSDppStepwise,830,9,0.211764,14.3667,7.15625,150.5,37826,0,0,0,0,1,0.171539,0.040221,3.633e-06,ok,2
DijkstraPrims,830,9,0.00417615,14.3667,7.15625,7.15625,430,0,0,0,0,0,0.004184,0,-7.852e-06,ok,2
BBMSCore,1400,0,0.948537,11.9084,7.16016,48.4961,11511,0,0,0,0,7,0.928474,0.020022,4.0669e-05,ok,0
BBMSInter,1400,0,0.288484,11.9084,7.16016,108.371,26823,0,0,0,0,1,0.268401,0.020079,3.627e-06,ok,0
BBMSDppInstant,1400,0,0.606815,11.9084,7.16016,437.816,111596,0,0,0,0,3,0.469596,0.137187,3.1824e-05,ok,0
BBMSDppStepwise,1400,0,0.668096,11.9084,7.16016,421.977,107538,0,0,0,0,2,0.567967,0.10011,1.891e-05,ok,0
DijkstraPrims,1400,0,0.0174571,11.9084,7.16016,8.60547,1850,0,0,0,0,1,0.007388,0.010061,8.078e-06,ok,0
BBMSCore,1400,0,0.949981,11.9084,7.16016,48.4648,11511,0,0,0,0,3,0.939927,0.010026,2.7913e-05,ok,1
BBMSInter,1400,0,0.289336,11.9084,7.16016,108.117,26823,0,0,0,0,1,0.259122,0.03022,-6.444e-06,ok,1
BBMSDppInstant,1400,0,0.593859,11.9084,7.16406,437.75,111596,0,0,0,0,2,0.492746,0.101107,5.628e-06,ok,1
BBMSDppStepwise,1400,0,0.667444,11.9084,7.16406,421.98,107538,0,0,0,0,5,0.497363,0.170027,5.3662e-05,ok,1
DijkstraPrims,1400,0,0.0174311,11.9084,7.16406,8.73047,1850,0,0,0,0,0,0.017439,0,-7.947e-06,ok,1
BBMSCore,1400,0,0.947678,11.9084,7.16406,48.5,11511,0,0,0,0,5,0.930253,0.017384,4.1308e-05,ok,2
BBMSInter,1400,0,0.283786,11.9084,7.16406,108.375,26823,0,0,0,0,1,0.253094,0.03069,2.102e-06,ok,2
BBMSDppInstant,1400,0,0.5965,11.9084,7.16406,437.816,111596,0,0,0,0,3,0.436695,0.159777,2.8405e-05,ok,2
BBMSDppStepwise,1400,0,0.665239,11.9084,7.16406,421.988,107538,0,0,0,0,3,0.565532,0.099683,2.3889e-05,ok,2
DijkstraPrims,1400,0,0.0172244,11.9084,7.16406,8.72656,1850,0,0,0,0,0,0.017232,0,-7.631e-06,ok,2
BBMSCore,1400,1,0.906566,11.8254,7.16797,48.5,11511,0,0,0,0,6,0.886511,0.02001,4.4527e-05,ok,0
BBMSInter,1400,1,0.249172,11.8254,7.17188,108.367,26823,0,0,0,0,1,0.218776,0.030383,1.3383e-05,ok,0
BBMSDppInstant,1400,1,0.600771,11.8254,7.17188,437.68,111540,0,0,0,0,4,0.46192,0.138803,4.8295e-05,ok,0
BBMSDppStepwise,1400,1,0.634235,11.8254,7.17188,421.926,107505,0,0,0,0,5,0.514492,0.119668,7.4709e-05,ok,0
DijkstraPrims,1400,1,0.0163639,11.8254,7.17188,8.60547,1735,0,0,0,0,0,0.006107,0.010264,-7.067e-06,ok,0
BBMSCore,1400,1,0.905279,11.8254,7.17188,48.4688,11511,0,0,0,0,4,0.885272,0.019983,2.3934e-05,ok,1
BBMSInter,1400,1,0.249892,11.8254,7.17188,108.371,26823,0,0,0,0,2,0.209108,0.040605,0.000178698,ok,1
BBMSDppInstant,1400,1,0.600548,11.8254,7.17188,437.688,111540,0,0,0,0,7,0.481524,0.118917,0.000106738,ok,1
BBMSDppStepwise,1400,1,0.634222,11.8254,7.17188,421.902,107505,0,0,0,0,2,0.464668,0.169541,1.2549e-05,ok,1
DijkstraPrims,1400,1,0.0161087,11.8254,7.17188,8.625,1735,0,0,0,0,0,0.016117,0,-8.294e-06,ok,1
BBMSCore,1400,1,0.907709,11.8254,7.17188,48.4922,11511,0,0,0,0,4,0.897544,0.010016,0.000149166,ok,2
BBMSInter,1400,1,0.247978,11.8254,7.17188,108.348,26823,0,0,0,0,3,0.21771,0.030239,2.8563e-05,ok,2
BBMSDppInstant,1400,1,0.600146,11.8254,7.17188,437.672,111540,0,0,0,0,4,0.455632,0.144486,2.7984e-05,ok,2
BBMSDppStepwise,1400,1,0.634563,11.8254,7.17188,421.914,107505,0,0,0,0,3,0.488906,0.145628,2.9422e-05,ok,2
DijkstraPrims,1400,1,0.0163243,11.8254,7.17188,8.59766,1735,0,0,0,0,0,0.016333,0,-8.717e-06,ok,2
BBMSCore,1400,2,1.08538,11.9539,7.17578,48.4922,11511,0,0,0,0,7,1.06514,0.020007,0.000226672,ok,0
BBMSInter,1400,2,0.337787,11.9539,7.17578,108.367,26823,0,0,0,0,4,0.297384,0.04037,3.3498e-05,ok,0
BBMSDppInstant,1400,2,0.606757,11.9539,7.17578,437.496,111507,0,0,0,0,2,0.468505,0.138224,2.7905e-05,ok,0
BBMSDppStepwise,1400,2,0.64041,11.9539,7.17578,421.992,107527,0,0,0,0,3,0.481413,0.158967,2.9745e-05,ok,0
DijkstraPrims,1400,2,0.0167904,11.9539,7.17969,8.58984,1760,0,0,0,0,0,0.009385,0.007413,-7.562e-06,ok,0
BBMSCore,1400,2,1.08333,11.9539,7.17969,48.4922,11511,0,0,0,0,6,1.05323,0.029957,0.000150152,ok,1
BBMSInter,1400,2,0.337335,11.9539,7.17969,108.367,26823,0,0,0,0,2,0.296993,0.040322,1.9634e-05,ok,1
BBMSDppInstant,1400,2,0.607631,11.9539,7.17969,437.496,111507,0,0,0,0,5,0.476792,0.130609,0.000230154,ok,1
BBMSDppStepwise,1400,2,0.646322,11.9539,7.17969,422.023,107527,0,0,0,0,4,0.475806,0.170457,5.9294e-05,ok,1
DijkstraPrims,1400,2,0.0169489,11.9539,7.17969,8.5625,1760,0,0,0,0,0,0.016957,0,-8.069e-06,ok,1
BBMSCore,1400,2,1.08051,11.9539,7.17969,48.3672,11511,0,0,0,0,6,1.07041,0.010053,4.9817e-05,ok,2
BBMSInter,1400,2,0.339647,11.9539,7.17969,108.387,26823,0,0,0,0,1,0.310059,0.029577,1.1491e-05,ok,2
BBMSDppInstant,1400,2,0.607476,11.9539,7.17969,437.508,111507,0,0,0,0,4,0.446681,0.160765,3.0229e-05,ok,2
BBMSDppStepwise,1400,2,0.636728,11.9539,7.17969,422.02,107527,0,0,0,0,5,0.506235,0.130428,6.5209e-05,ok,2
DijkstraPrims,1400,2,0.0170003,11.9539,7.17969,8.58594,1760,0,0,0,0,0,0.017009,0,-8.678e-06,ok,2
BBMSCore,1400,3,1.05324,22.8878,7.1875,48.4961,11510,0,0,0,0,8,1.04295,0.009996,0.000293071,ok,0
BBMSInter,1400,3,0.288493,22.8878,7.1875,108.379,26822,0,0,0,0,1,0.249114,0.039367,1.1514e-05,ok,0
BBMSDppInstant,1400,3,0.601969,22.8878,7.1875,437.469,111493,0,0,0,0,2,0.500492,0.101452,2.5009e-05,ok,0
BBMSDppStepwise,1400,3,0.643288,22.8878,7.1875,421.762,107514,0,0,0,0,3,0.493217,0.150059,1.2389e-05,ok,0
DijkstraPrims,1400,3,0.565282,22.8878,7.1875,92.0977,30239,0,0,0,0,4,0.54518,0.020072,3.0163e-05,ok,0
BBMSCore,1400,3,1.05464,22.8878,7.1875,48.4688,11510,0,0,0,0,5,1.04441,0.010011,0.000225688,ok,1
BBMSInter,1400,3,0.283303,22.8878,7.1875,108.375,26822,0,0,0,0,1,0.253288,0.030007,7.693e-06,ok,1
BBMSDppInstant,1400,3,0.602815,22.8878,7.1875,437.473,111493,0,0,0,0,6,0.482824,0.119911,7.9757e-05,ok,1
BBMSDppStepwise,1400,3,0.643175,22.8878,7.1875,421.953,107514,0,0,0,0,3,0.50317,0.13998,2.4651e-05,ok,1
DijkstraPrims,1400,3,0.565235,22.8878,7.19141,92.0977,30239,0,0,0,0,4,0.525068,0.040136,3.0634e-05,ok,1
BBMSCore,1400,3,1.05519,22.8878,7.19141,48.4844,11510,0,0,0,0,4,1.035,0.020034,0.000150704,ok,2
BBMSInter,1400,3,0.285242,22.8878,7.19141,108.371,26822,0,0,0,0,1,0.255022,0.030211,8.535e-06,ok,2
BBMSDppInstant,1400,3,0.608839,22.8878,7.19141,437.375,111493,0,0,0,0,3,0.400305,0.208517,1.6951e-05,ok,2
BBMSDppStepwise,1400,3,0.641259,22.8878,7.19141,421.957,107514,0,0,0,0,3,0.488534,0.152709,1.6445e-05,ok,2
DijkstraPrims,1400,3,0.574073,22.8878,7.19141,92.1094,30239,0,0,0,0,1,0.554039,0.020029,4.92e-06,ok,2
BBMSCore,1400,4,1.08566,14.1648,7.19531,48.4805,11511,0,0,0,0,4,1.07559,0.010034,3.4839e-05,ok,0
BBMSInter,1400,4,0.338141,14.1648,7.19531,108.344,26823,0,0,0,0,1,0.32824,0.009893,8.18e-06,ok,0
BBMSDppInstant,1400,4,0.603196,14.1648,7.19531,437.445,111490,0,0,0,0,4,0.442803,0.160336,5.7393e-05,ok,0
BBMSDppStepwise,1400,4,0.635778,14.1648,7.19531,421.703,107463,0,0,0,0,1,0.484856,0.150918,3.999e-06,ok,0
DijkstraPrims,1400,4,0.387808,14.1648,7.19531,87.4141,27967,0,0,0,0,4,0.326857,0.060903,4.7577e-05,ok,0
BBMSCore,1400,4,1.08724,14.1648,7.19531,48.5039,11511,0,0,0,0,6,1.07724,0.009958,4.4493e-05,ok,1
BBMSInter,1400,4,0.339993,14.1648,7.19531,108.367,26823,0,0,0,0,1,0.300198,0.039783,1.1902e-05,ok,1
BBMSDppInstant,1400,4,0.603636,14.1648,7.19531,437.434,111490,0,0,0,0,4,0.443133,0.160449,5.4493e-05,ok,1
BBMSDppStepwise,1400,4,0.638466,14.1648,7.19531,421.676,107463,0,0,0,0,3,0.486901,0.151528,3.7336e-05,ok,1
DijkstraPrims,1400,4,0.385931,14.1648,7.19531,87.418,27967,0,0,0,0,1,0.365727,0.020208,-4.136e-06,ok,1
BBMSCore,1400,4,1.0863,14.1648,7.19531,48.4922,11511,0,0,0,0,6,1.0762,0.01004,5.9651e-05,ok,2
BBMSInter,1400,4,0.3411,14.1648,7.19531,108.367,26823,0,0,0,0,4,0.301133,0.039921,4.6313e-05,ok,2
BBMSDppInstant,1400,4,0.604058,14.1648,7.19531,437.461,111490,0,0,0,0,3,0.464135,0.1399,2.2714e-05,ok,2
BBMSDppStepwise,1400,4,0.64086,14.1648,7.19531,421.684,107463,0,0,0,0,6,0.469252,0.171542,6.643e-05,ok,2
DijkstraPrims,1400,4,0.393756,14.1648,7.19922,87.4102,27967,0,0,0,0,1,0.353559,0.04019,7.1e-06,ok,2
BBMSCore,1400,5,1.08926,14.8328,7.19922,48.5,11511,0,0,0,0,7,1.06924,0.019976,4.9618e-05,ok,0
BBMSInter,1400,5,0.295325,14.8328,7.20312,108.34,26823,0,0,0,0,2,0.274985,0.020324,1.5926e-05,ok,0
BBMSDppInstant,1400,5,0.605043,14.8328,7.20312,437.82,111567,0,0,0,0,2,0.456353,0.148674,1.6031e-05,ok,0
BBMSDppStepwise,1400,5,0.64414,14.8328,7.20312,422.004,107519,0,0,0,0,3,0.475324,0.168791,2.4732e-05,ok,0
DijkstraPrims,1400,5,0.0440322,14.8328,7.20312,15.4414,4169,0,0,0,0,1,0.035089,0.008931,1.2204e-05,ok,0
BBMSCore,1400,5,1.09298,14.8328,7.20312,48.4766,11511,0,0,0,0,4,1.07261,0.020038,0.000333219,ok,1
BBMSInter,1400,5,0.29604,14.8328,7.20312,108.367,26823,0,0,0,0,2,0.275654,0.020379,6.714e-06,ok,1
BBMSDppInstant,1400,5,0.607722,14.8328,7.20703,437.828,111567,0,0,0,0,2,0.488241,0.119475,5.537e-06,ok,1
BBMSDppStepwise,1400,5,0.642613,14.8328,7.20703,421.992,107519,0,0,0,0,3,0.472025,0.170554,3.3618e-05,ok,1
DijkstraPrims,1400,5,0.0439374,14.8328,7.20703,15.4297,4169,0,0,0,0,1,0.043932,0,5.432e-06,ok,1
BBMSCore,1400,5,1.09211,14.8328,7.20703,48.4922,11511,0,0,0,0,5,1.08196,0.010013,0.000140384,ok,2
BBMSInter,1400,5,0.298588,14.8328,7.20703,108.379,26823,0,0,0,0,4,0.278673,0.019875,4.0337e-05,ok,2
BBMSDppInstant,1400,5,0.607092,14.8328,7.20703,437.824,111567,0,0,0,0,1,0.4778,0.129287,5.003e-06,ok,2
BBMSDppStepwise,1400,5,0.644165,14.8328,7.20703,421.961,107519,0,0,0,0,4,0.505105,0.13902,3.9674e-05,ok,2
DijkstraPrims,1400,5,0.0443809,14.8328,7.20703,15.457,4169,0,0,0,0,0,0.044391,0,-1.01e-05,ok,2
BBMSCore,1400,6,1.02255,12.6049,7.21094,48.5,11511,0,0,0,0,6,1.00788,0.014455,0.000208763,ok,0
BBMSInter,1400,6,0.288736,12.6049,7.21094,108.375,26823,0,0,0,0,1,0.258768,0.029959,9.46e-06,ok,0
BBMSDppInstant,1400,6,0.604113,12.6049,7.21484,437.828,111595,0,0,0,0,2,0.473013,0.131081,1.9044e-05,ok,0
BBMSDppStepwise,1400,6,0.640253,12.6049,7.21484,421.938,107514,0,0,0,0,1,0.510042,0.130215,-4.158e-06,ok,0
DijkstraPrims,1400,6,0.213998,12.6049,7.21484,53.0703,17398,0,0,0,0,1,0.203776,0.010224,-2.057e-06,ok,0
BBMSCore,1400,6,1.02021,12.6049,7.21484,48.3438,11511,0,0,0,0,4,1.00004,0.020018,0.000149562,ok,1
BBMSInter,1400,6,0.295781,12.6049,7.21484,108.363,26823,0,0,0,0,0,0.261697,0.034098,-1.3893e-05,ok,1
BBMSDppInstant,1400,6,0.608186,12.6049,7.21484,437.824,111595,0,0,0,0,4,0.4484,0.159746,4.0168e-05,ok,1
BBMSDppStepwise,1400,6,0.643474,12.6049,7.21484,421.965,107514,0,0,0,0,6,0.512541,0.130847,8.5552e-05,ok,1
DijkstraPrims,1400,6,0.211694,12.6049,7.21484,53.0156,17398,0,0,0,0,3,0.191443,0.020233,1.8421e-05,ok,1
BBMSCore,1400,6,1.01943,12.6049,7.21484,48.4922,11511,0,0,0,0,4,1.0194,0,2.4402e-05,ok,2
BBMSInter,1400,6,0.290218,12.6049,7.21484,108.348,26823,0,0,0,0,2,0.250057,0.040143,1.8183e-05,ok,2
BBMSDppInstant,1400,6,0.602764,12.6049,7.21484,437.832,111595,0,0,0,0,4,0.464166,0.138549,4.943e-05,ok,2
BBMSDppStepwise,1400,6,0.644846,12.6049,7.21484,421.945,107514,0,0,0,0,4,0.525603,0.119218,2.545e-05,ok,2
DijkstraPrims,1400,6,0.205186,12.6049,7.21484,53.0586,17398,0,0,0,0,1,0.18461,0.020577,-7.83e-07,ok,2
BBMSCore,1400,7,1.03215,13.1597,7.21875,48.5,11511,0,0,0,0,3,1.01224,0.019896,1.6383e-05,ok,0
BBMSInter,1400,7,0.263208,13.1597,7.21875,108.367,26823,0,0,0,0,2,0.232584,0.030608,1.5971e-05,ok,0
BBMSDppInstant,1400,7,0.60534,13.1597,7.21875,437.43,111485,0,0,0,0,2,0.475814,0.129489,3.7137e-05,ok,0
BBMSDppStepwise,1400,7,0.642994,13.1597,7.21875,421.684,107449,0,0,0,0,3,0.522018,0.120955,2.1452e-05,ok,0
DijkstraPrims,1400,7,0.249181,13.1597,7.21875,58.9648,18910,0,0,0,0,2,0.220115,0.029052,1.3779e-05,ok,0
BBMSCore,1400,7,1.03116,13.1597,7.21875,48.4688,11511,0,0,0,0,4,1.02107,0.010032,5.3753e-05,ok,1
BBMSInter,1400,7,0.265203,13.1597,7.21875,108.387,26823,0,0,0,0,1,0.215656,0.049544,2.87e-06,ok,1
BBMSDppInstant,1400,7,0.604244,13.1597,7.22266,437.414,111485,0,0,0,0,0,0.465035,0.139226,-1.7367e-05,ok,1
BBMSDppStepwise,1400,7,0.645199,13.1597,7.22266,421.695,107449,0,0,0,0,2,0.495776,0.14942,2.645e-06,ok,1
DijkstraPrims,1400,7,0.248758,13.1597,7.22266,58.9727,18910,0,0,0,0,1,0.228676,0.02008,1.537e-06,ok,1
BBMSCore,1400,7,1.0326,13.1597,7.22266,48.5117,11511,0,0,0,0,2,1.01875,0.013756,9.1947e-05,ok,2
BBMSInter,1400,7,0.265982,13.1597,7.22266,108.242,26823,0,0,0,0,3,0.236143,0.029813,2.6155e-05,ok,2
BBMSDppInstant,1400,7,0.605265,13.1597,7.22266,437.422,111485,0,0,0,0,4,0.49567,0.109541,5.3532e-05,ok,2
BBMSDppStepwise,1400,7,0.640674,13.1597,7.22266,421.699,107449,0,0,0,0,3,0.502158,0.13849,2.6079e-05,ok,2
DijkstraPrims,1400,7,0.259348,13.1597,7.22266,58.9648,18910,0,0,0,0,0,0.259361,0,-1.2807e-05,ok,2
BBMSCore,1400,8,1.0705,15.9813,7.23047,48.4922,11510,0,0,0,0,5,1.05037,0.020076,5.9473e-05,ok,0
BBMSInter,1400,8,0.324317,15.9813,7.23047,108.121,26822,0,0,0,0,1,0.294469,0.029851,-2.813e-06,ok,0
BBMSDppInstant,1400,8,0.613446,15.9813,7.23047,437.602,111579,0,0,0,0,2,0.484022,0.129405,1.888e-05,ok,0
BBMSDppStepwise,1400,8,0.651226,15.9813,7.23047,421.812,107491,0,0,0,0,2,0.5001,0.151112,1.3664e-05,ok,0
DijkstraPrims,1400,8,0.0176584,15.9813,7.23047,8.6875,1837,0,0,0,0,0,0.017668,0,-9.593e-06,ok,0
BBMSCore,1400,8,1.06855,15.9813,7.23047,48.4922,11510,0,0,0,0,6,1.04847,0.020038,4.4437e-05,ok,1
BBMSInter,1400,8,0.320942,15.9813,7.23047,108.371,26822,0,0,0,0,4,0.291388,0.029519,3.5033e-05,ok,1
BBMSDppInstant,1400,8,0.614313,15.9813,7.23047,437.727,111579,0,0,0,0,3,0.474746,0.139541,2.5534e-05,ok,1
BBMSDppStepwise,1400,8,0.647008,15.9813,7.23047,421.812,107491,0,0,0,0,5,0.486793,0.160134,8.0693e-05,ok,1
DijkstraPrims,1400,8,0.0175552,15.9813,7.23047,8.71094,1837,0,0,0,0,0,0.017565,0,-9.849e-06,ok,1
BBMSCore,1400,8,1.06864,15.9813,7.23047,48.5,11510,0,0,0,0,3,1.05856,0.010019,6.0894e-05,ok,2
BBMSInter,1400,8,0.320904,15.9813,7.23438,108.367,26822,0,0,0,0,1,0.290485,0.030422,-2.884e-06,ok,2
BBMSDppInstant,1400,8,0.615515,15.9813,7.23438,437.699,111579,0,0,0,0,5,0.445572,0.1697,0.000242508,ok,2
BBMSDppStepwise,1400,8,0.649949,15.9813,7.23438,421.785,107491,0,0,0,0,4,0.489025,0.160867,5.7229e-05,ok,2
DijkstraPrims,1400,8,0.0175996,15.9813,7.23438,8.71094,1837,0,0,0,0,0,0.017609,0,-9.417e-06,ok,2
BBMSCore,1400,9,0.898304,12.5529,7.23828,48.4922,11511,0,0,0,0,7,0.888207,0.010035,6.1906e-05,ok,0
BBMSInter,1400,9,0.252428,12.5529,7.23828,108.363,26823,0,0,0,0,2,0.222699,0.029712,1.6704e-05,ok,0
BBMSDppInstant,1400,9,0.607056,12.5529,7.23828,437.285,111454,0,0,0,0,2,0.476564,0.130459,3.337e-05,ok,0
BBMSDppStepwise,1400,9,0.664517,12.5529,7.23828,421.629,107444,0,0,0,0,2,0.534605,0.129897,1.5031e-05,ok,0
DijkstraPrims,1400,9,0.0258683,12.5529,7.23828,10.6953,2350,0,0,0,0,0,0.025877,0,-8.655e-06,ok,0
BBMSCore,1400,9,0.899488,12.5529,7.23828,48.3672,11511,0,0,0,0,7,0.889172,0.010044,0.000272147,ok,1
BBMSInter,1400,9,0.254103,12.5529,7.23828,108.242,26823,0,0,0,0,1,0.223056,0.031048,-8.35e-07,ok,1
BBMSDppInstant,1400,9,0.604946,12.5529,7.23828,437.289,111454,0,0,0,0,2,0.454956,0.149982,7.886e-06,ok,1
BBMSDppStepwise,1400,9,0.667758,12.5529,7.23828,421.613,107444,0,0,0,0,5,0.519276,0.148413,6.9374e-05,ok,1
DijkstraPrims,1400,9,0.0255832,12.5529,7.23828,10.707,2350,0,0,0,0,0,0.025593,0,-9.751e-06,ok,1
BBMSCore,1400,9,0.89729,12.5529,7.23828,48.4883,11511,0,0,0,0,3,0.87724,0.019826,0.00022425,ok,2
BBMSInter,1400,9,0.254979,12.5529,7.23828,108.34,26823,0,0,0,0,2,0.224972,0.029999,8.497e-06,ok,2
BBMSDppInstant,1400,9,0.605002,12.5529,7.23828,437.277,111454,0,0,0,0,3,0.474984,0.129982,3.57e-05,ok,2
BBMSDppStepwise,1400,9,0.665351,12.5529,7.23828,421.637,107444,0,0,0,0,1,0.575313,0.090042,-4.348e-06,ok,2
DijkstraPrims,1400,9,0.0257528,12.5529,7.23828,10.6836,2350,0,0,0,0,1,0.025747,0,5.831e-06,ok,2
BBMSCore,2300,0,4.06795,12.7717,7.24219,124.75,31028,0,0,0,0,17,4.01751,0.050012,0.000435804,ok,0
BBMSInter,2300,0,1.19317,12.7717,7.24609,286.215,72356,0,0,0,0,4,1.10334,0.089751,7.6122e-05,ok,0
BBMSDppInstant,2300,0,1.77458,12.7717,7.24609,1176.55,302044,0,0,0,0,8,1.4049,0.369597,8.7573e-05,ok,0
BBMSDppStepwise,2300,0,1.90316,12.7717,7.24609,1132.3,290659,0,0,0,0,8,1.49375,0.40928,0.000132327,ok,0
DijkstraPrims,2300,0,0.594462,12.7717,7.24609,122.223,39990,0,0,0,0,5,0.574351,0.019928,0.000183128,ok,0
BBMSCore,2300,0,4.06764,12.7717,7.24609,124.75,31028,0,0,0,0,20,4.03711,0.030005,0.000522175,ok,1
BBMSInter,2300,0,1.19271,12.7717,7.24609,286.242,72356,0,0,0,0,7,1.11287,0.079747,9.6882e-05,ok,1
BBMSDppInstant,2300,0,1.7833,12.7717,7.25,1176.55,302044,0,0,0,0,5,1.45381,0.32941,8.2585e-05,ok,1
BBMSDppStepwise,2300,0,1.89633,12.7717,7.25,1132.29,290659,0,0,0,0,7,1.53628,0.359953,9.1733e-05,ok,1
DijkstraPrims,2300,0,0.597985,12.7717,7.25,122.223,39990,0,0,0,0,2,0.577925,0.02005,9.803e-06,ok,1
BBMSCore,2300,0,4.06724,12.7717,7.25,124.734,31028,0,0,0,0,17,4.01652,0.050002,0.000720726,ok,2
BBMSInter,2300,0,1.19644,12.7717,7.25,286.242,72356,0,0,0,0,5,1.09639,0.099997,4.9613e-05,ok,2
BBMSDppInstant,2300,0,1.78531,12.7717,7.25,1176.54,302044,0,0,0,0,8,1.39547,0.38974,9.9474e-05,ok,2
BBMSDppStepwise,2300,0,1.90688,12.7717,7.25,1132.28,290659,0,0,0,0,10,1.57668,0.330046,0.000153579,ok,2
DijkstraPrims,2300,0,0.601574,12.7717,7.25,122.219,39990,0,0,0,0,4,0.571569,0.029747,0.000258402,ok,2
BBMSCore,2300,1,3.94519,12.0997,7.25391,124.73,31028,0,0,0,0,21,3.89462,0.049878,0.000690135,ok,0
BBMSInter,2300,1,1.20655,12.0997,7.25391,286.246,72356,0,0,0,0,4,1.11634,0.090174,4.0652e-05,ok,0
BBMSDppInstant,2300,1,1.77489,12.0997,7.25391,1177.04,302097,0,0,0,0,8,1.43464,0.340122,0.000120494,ok,0
BBMSDppStepwise,2300,1,1.9016,12.0997,7.25391,1132.96,290828,0,0,0,0,8,1.60032,0.301142,0.000138574,ok,0
DijkstraPrims,2300,1,0.151632,12.0997,7.25781,45.6445,14663,0,0,0,0,1,0.151625,0,7.348e-06,ok,0
BBMSCore,2300,1,3.93498,12.0997,7.25781,124.617,31028,0,0,0,0,22,3.90405,0.03,0.000925011,ok,1
BBMSInter,2300,1,1.21922,12.0997,7.25781,286.25,72356,0,0,0,0,5,1.1395,0.079683,3.8418e-05,ok,1
BBMSDppInstant,2300,1,1.79999,12.0997,7.25781,1177.04,302097,0,0,0,0,8,1.35848,0.441386,0.000122461,ok,1
BBMSDppStepwise,2300,1,1.90717,12.0997,7.25781,1132.98,290828,0,0,0,0,8,1.52645,0.380567,0.000151753,ok,1
DijkstraPrims,2300,1,0.149348,12.0997,7.25781,45.6445,14663,0,0,0,0,1,0.138997,0.010346,5.021e-06,ok,1
BBMSCore,2300,1,3.93816,12.0997,7.25781,124.602,31028,0,0,0,0,16,3.898,0.040039,0.000123681,ok,2
BBMSInter,2300,1,1.20738,12.0997,7.25781,286.23,72356,0,0,0,0,3,1.09392,0.11345,1.4053e-05,ok,2
BBMSDppInstant,2300,1,1.76828,12.0997,7.25781,1177.04,302097,0,0,0,0,6,1.4174,0.3508,7.5081e-05,ok,2
BBMSDppStepwise,2300,1,1.90861,12.0997,7.25781,1132.98,290828,0,0,0,0,6,1.64796,0.260591,6.1297e-05,ok,2
DijkstraPrims,2300,1,0.151373,12.0997,7.25781,45.6445,14663,0,0,0,0,1,0.131715,0.019649,9.04e-06,ok,2
BBMSCore,2300,2,3.97048,17.6952,7.26172,124.742,31028,0,0,0,0,16,3.9198,0.049973,0.000707943,ok,0
BBMSInter,2300,2,1.04334,17.6952,7.26172,286.238,72356,0,0,0,0,7,0.963146,0.080097,9.2035e-05,ok,0
BBMSDppInstant,2300,2,1.78834,17.6952,7.26172,1178.12,302503,0,0,0,0,11,1.38902,0.39917,0.000149984,ok,0
BBMSDppStepwise,2300,2,1.92723,17.6952,7.26172,1132.61,290735,0,0,0,0,12,1.58793,0.339157,0.000146282,ok,0
DijkstraPrims,2300,2,1.59218,17.6952,7.26172,225.871,76360,0,0,0,0,5,1.5121,0.08001,6.7527e-05,ok,0
BBMSCore,2300,2,3.97004,17.6952,7.26172,124.742,31028,0,0,0,0,17,3.939,0.029977,0.00106324,ok,1
BBMSInter,2300,2,1.03739,17.6952,7.26172,286.242,72356,0,0,0,0,4,0.927806,0.109543,4.0777e-05,ok,1
BBMSDppInstant,2300,2,1.77161,17.6952,7.26172,1178.14,302503,0,0,0,0,5,1.40165,0.369923,4.2464e-05,ok,1
BBMSDppStepwise,2300,2,1.89392,17.6952,7.26172,1132.61,290735,0,0,0,0,4,1.54353,0.350369,2.0223e-05,ok,1
DijkstraPrims,2300,2,1.59413,17.6952,7.26562,225.863,76360,0,0,0,0,8,1.50373,0.090114,0.000289837,ok,1
BBMSCore,2300,2,3.96827,17.6952,7.26562,124.742,31028,0,0,0,0,13,3.92782,0.040061,0.000385533,ok,2
BBMSInter,2300,2,1.03554,17.6952,7.26562,286.223,72356,0,0,0,0,5,0.946036,0.089447,6.1472e-05,ok,2
BBMSDppInstant,2300,2,1.77564,17.6952,7.26562,1178.14,302503,0,0,0,0,7,1.44491,0.330681,5.3838e-05,ok,2
BBMSDppStepwise,2300,2,1.89926,17.6952,7.26562,1132.52,290735,0,0,0,0,7,1.57966,0.319561,3.8596e-05,ok,2
DijkstraPrims,2300,2,1.58321,17.6952,7.26562,225.863,76360,0,0,0,0,2,1.4531,0.130109,-1.936e-06,ok,2
BBMSCore,2300,3,4.16539,13.2145,7.27344,124.617,31028,0,0,0,0,19,4.13447,0.030034,0.000884077,ok,0
BBMSInter,2300,3,1.21623,13.2145,7.27344,286.234,72356,0,0,0,0,3,1.12571,0.09048,3.9828e-05,ok,0
BBMSDppInstant,2300,3,1.76553,13.2145,7.27344,1175.86,301819,0,0,0,0,7,1.45619,0.30927,7.068e-05,ok,0
BBMSDppStepwise,2300,3,1.88466,13.2145,7.27344,1132.47,290687,0,0,0,0,7,1.54366,0.34087,0.00013065,ok,0
DijkstraPrims,2300,3,0.0367581,13.2145,7.27344,14.043,3800,0,0,0,0,0,0.036767,0,-8.881e-06,ok,0
BBMSCore,2300,3,4.16302,13.2145,7.27344,124.742,31028,0,0,0,0,18,4.1127,0.049914,0.000406725,ok,1
BBMSInter,2300,3,1.22059,13.2145,7.27344,286.234,72356,0,0,0,0,8,1.15043,0.070054,0.000113593,ok,1
BBMSDppInstant,2300,3,1.75889,13.2145,7.27344,1175.7,301819,0,0,0,0,4,1.37895,0.379845,9.5218e-05,ok,1
BBMSDppStepwise,2300,3,1.89924,13.2145,7.27344,1132.47,290687,0,0,0,0,6,1.53927,0.359902,6.6376e-05,ok,1
DijkstraPrims,2300,3,0.0359408,13.2145,7.27344,14.0977,3800,0,0,0,0,0,0.03595,0,-9.199e-06,ok,1
BBMSCore,2300,3,4.16329,13.2145,7.27344,124.742,31028,0,0,0,0,19,4.12248,0.040026,0.000779459,ok,2
BBMSInter,2300,3,1.21603,13.2145,7.27344,286.117,72356,0,0,0,0,6,1.11623,0.099694,0.000103089,ok,2
BBMSDppInstant,2300,3,1.76221,13.2145,7.27344,1175.93,301819,0,0,0,0,7,1.37158,0.390539,9.319e-05,ok,2
BBMSDppStepwise,2300,3,1.89789,13.2145,7.27344,1132.46,290687,0,0,0,0,7,1.48807,0.409573,0.000241293,ok,2
DijkstraPrims,2300,3,0.0362402,13.2145,7.27734,14.0625,3800,0,0,0,0,0,0.03625,0,-9.826e-06,ok,2
BBMSCore,2300,4,4.07407,11.9097,7.27734,124.762,31028,0,0,0,0,17,4.04344,0.029969,0.000664954,ok,0
BBMSInter,2300,4,1.16224,11.9097,7.28125,286.117,72356,0,0,0,0,2,1.06267,0.099565,8.946e-06,ok,0
BBMSDppInstant,2300,4,1.77818,11.9097,7.28125,1175.85,301820,0,0,0,0,13,1.35791,0.420127,0.000137036,ok,0
BBMSDppStepwise,2300,4,1.89761,11.9097,7.28125,1132.18,290628,0,0,0,0,7,1.59753,0.300019,6.9352e-05,ok,0
DijkstraPrims,2300,4,0.0534741,11.9097,7.28125,17.832,4760,0,0,0,0,1,0.044038,0.009427,9.066e-06,ok,0
BBMSCore,2300,4,4.07632,11.9097,7.28125,124.742,31028,0,0,0,0,15,4.04584,0.029988,0.000490929,ok,1
BBMSInter,2300,4,1.1504,11.9097,7.28125,286.242,72356,0,0,0,0,2,1.07015,0.080203,4.4131e-05,ok,1
BBMSDppInstant,2300,4,1.78082,11.9097,7.28125,1175.84,301820,0,0,0,0,6,1.42009,0.360689,4.5343e-05,ok,1
BBMSDppStepwise,2300,4,1.91904,11.9097,7.28125,1132.08,290628,0,0,0,0,10,1.6185,0.300203,0.000339212,ok,1
DijkstraPrims,2300,4,0.0534483,11.9097,7.28125,17.8438,4760,0,0,0,0,0,0.025163,0.028294,-8.65e-06,ok,1
BBMSCore,2300,4,4.07549,11.9097,7.28125,124.742,31028,0,0,0,0,11,4.0316,0.043725,0.000156854,ok,2
BBMSInter,2300,4,1.15908,11.9097,7.28125,286.219,72356,0,0,0,0,4,1.05972,0.099289,7.1724e-05,ok,2
BBMSDppInstant,2300,4,1.76942,11.9097,7.28125,1175.88,301820,0,0,0,0,8,1.39889,0.370373,0.000155071,ok,2
BBMSDppStepwise,2300,4,1.89763,11.9097,7.28125,1132.18,290628,0,0,0,0,9,1.42751,0.470013,0.00010856,ok,2
DijkstraPrims,2300,4,0.0532509,11.9097,7.28125,17.832,4760,0,0,0,0,2,0.053237,0,1.3886e-05,ok,2
BBMSCore,2300,5,4.16415,13.3401,7.28516,124.742,31028,0,0,0,0,12,4.13343,0.030058,0.000668527,ok,0
BBMSInter,2300,5,1.18169,13.3401,7.28516,286.23,72356,0,0,0,0,5,1.11126,0.070375,5.6773e-05,ok,0
BBMSDppInstant,2300,5,1.77093,13.3401,7.28906,1176.46,302003,0,0,0,0,8,1.45159,0.319258,8.161e-05,ok,0
BBMSDppStepwise,2300,5,1.88929,13.3401,7.28906,1132.17,290606,0,0,0,0,6,1.47056,0.418696,3.6625e-05,ok,0
DijkstraPrims,2300,5,0.91321,13.3401,7.28906,176.703,59667,0,0,0,0,3,0.853213,0.059865,0.000132272,ok,0
BBMSCore,2300,5,4.16705,13.3401,7.28906,124.59,31028,0,0,0,0,23,4.11654,0.050019,0.000491687,ok,1
BBMSInter,2300,5,1.18302,13.3401,7.28906,286.219,72356,0,0,0,0,7,1.09313,0.089844,4.811e-05,ok,1
BBMSDppInstant,2300,5,1.76202,13.3401,7.29297,1176.44,302003,0,0,0,0,6,1.40061,0.361385,2.9905e-05,ok,1
BBMSDppStepwise,2300,5,1.92939,13.3401,7.29297,1132.17,290606,0,0,0,0,6,1.5804,0.348949,3.93e-05,ok,1
DijkstraPrims,2300,5,0.898849,13.3401,7.29297,176.738,59667,0,0,0,0,3,0.828554,0.070278,1.6724e-05,ok,1
BBMSCore,2300,5,4.17582,13.3401,7.29297,124.742,31028,0,0,0,0,19,4.13561,0.040003,0.000206071,ok,2
BBMSInter,2300,5,1.18441,13.3401,7.29297,286.219,72356,0,0,0,0,5,1.09186,0.092514,3.8459e-05,ok,2
BBMSDppInstant,2300,5,1.7654,13.3401,7.29297,1176.55,302003,0,0,0,0,5,1.4153,0.350074,2.2852e-05,ok,2
BBMSDppStepwise,2300,5,1.91681,13.3401,7.29297,1132.18,290606,0,0,0,0,10,1.59643,0.32026,0.000126065,ok,2
DijkstraPrims,2300,5,0.963676,13.3401,7.29297,176.617,59667,0,0,0,0,6,0.893727,0.069884,6.5364e-05,ok,2
BBMSCore,2300,6,4.30075,13.0165,7.29688,124.719,31028,0,0,0,0,15,4.26034,0.039975,0.00044078,ok,0
BBMSInter,2300,6,1.36015,13.0165,7.29688,286.125,72356,0,0,0,0,6,1.29007,0.069848,0.00022574,ok,0
BBMSDppInstant,2300,6,1.78704,13.0165,7.29688,1176.66,302105,0,0,0,0,4,1.36605,0.42096,2.6219e-05,ok,0
BBMSDppStepwise,2300,6,1.89774,13.0165,7.30078,1132.41,290688,0,0,0,0,7,1.54675,0.350854,0.000138941,ok,0
DijkstraPrims,2300,6,0.0716221,13.0165,7.30078,24.4062,7373,0,0,0,0,1,0.060537,0.011076,9.115e-06,ok,0
BBMSCore,2300,6,4.29765,13.0165,7.30078,124.742,31028,0,0,0,0,14,4.25707,0.039945,0.000641634,ok,1
BBMSInter,2300,6,1.35368,13.0165,7.30469,286.242,72356,0,0,0,0,5,1.27358,0.080036,6.9036e-05,ok,1
BBMSDppInstant,2300,6,1.78318,13.0165,7.30469,1176.75,302105,0,0,0,0,6,1.34305,0.440026,0.000101113,ok,1
BBMSDppStepwise,2300,6,1.90222,13.0165,7.30469,1132.43,290688,0,0,0,0,6,1.55225,0.349854,0.000115778,ok,1
DijkstraPrims,2300,6,0.0705555,13.0165,7.30469,24.3711,7373,0,0,0,0,1,0.060822,0.009729,4.508e-06,ok,1
BBMSCore,2300,6,4.2956,13.0165,7.30469,124.617,31028,0,0,0,0,21,4.25499,0.040018,0.000588497,ok,2
BBMSInter,2300,6,1.36777,13.0165,7.30469,286.242,72356,0,0,0,0,6,1.28747,0.080281,2.076e-05,ok,2
BBMSDppInstant,2300,6,1.7815,13.0165,7.30469,1176.77,302105,0,0,0,0,7,1.45172,0.329713,6.0726e-05,ok,2
BBMSDppStepwise,2300,6,1.90168,13.0165,7.30469,1132.46,290688,0,0,0,0,7,1.53037,0.371223,7.9283e-05,ok,2
DijkstraPrims,2300,6,0.0703882,13.0165,7.30469,24.3945,7373,0,0,0,0,2,0.070379,0,9.246e-06,ok,2
BBMSCore,2300,7,4.47902,20.1991,7.30859,124.746,31028,0,0,0,0,22,4.42828,0.049972,0.00076856,ok,0
BBMSInter,2300,7,0.999977,20.1991,7.30859,286.238,72356,0,0,0,0,5,0.899997,0.099927,5.3206e-05,ok,0
BBMSDppInstant,2300,7,1.77391,20.1991,7.30859,1176.49,301992,0,0,0,0,4,1.39317,0.38071,3.3007e-05,ok,0
BBMSDppStepwise,2300,7,1.90906,20.1991,7.30859,1132.2,290607,0,0,0,0,7,1.54927,0.359673,0.000121273,ok,0
DijkstraPrims,2300,7,0.353686,20.1991,7.30859,88.8242,30302,0,0,0,0,4,0.274966,0.078465,0.000255036,ok,0
BBMSCore,2300,7,4.47179,20.1991,7.30859,124.75,31028,0,0,0,0,17,4.4311,0.040003,0.000687424,ok,1
BBMSInter,2300,7,1.00112,20.1991,7.30859,286.238,72356,0,0,0,0,6,0.901016,0.100034,7.128e-05,ok,1
BBMSDppInstant,2300,7,1.78278,20.1991,7.30859,1176.52,301992,0,0,0,0,5,1.46235,0.320359,7.2463e-05,ok,1
BBMSDppStepwise,2300,7,1.91046,20.1991,7.30859,1132.2,290607,0,0,0,0,9,1.58041,0.329936,0.000110616,ok,1
DijkstraPrims,2300,7,0.351867,20.1991,7.30859,88.8555,30302,0,0,0,0,3,0.321648,0.0301,0.000119228,ok,1
BBMSCore,2300,7,4.47366,20.1991,7.30859,124.617,31028,0,0,0,0,22,4.42284,0.050024,0.0007903,ok,2
BBMSInter,2300,7,1.00645,20.1991,7.3125,286.113,72356,0,0,0,0,4,0.906829,0.099574,4.6146e-05,ok,2
BBMSDppInstant,2300,7,1.77702,20.1991,7.3125,1176.52,301992,0,0,0,0,7,1.39562,0.381311,9.1285e-05,ok,2
BBMSDppStepwise,2300,7,1.90578,20.1991,7.3125,1132.2,290607,0,0,0,0,6,1.50671,0.398994,8.3554e-05,ok,2
DijkstraPrims,2300,7,0.353588,20.1991,7.3125,88.8438,30302,0,0,0,0,1,0.293113,0.060469,5.654e-06,ok,2
BBMSCore,2300,8,4.18827,16.305,7.32031,124.723,31028,0,0,0,0,16,4.16481,0.022812,0.000642915,ok,0
BBMSInter,2300,8,1.17116,16.305,7.32031,286.227,72356,0,0,0,0,5,1.07882,0.092209,0.000129342,ok,0
BBMSDppInstant,2300,8,1.79128,16.305,7.32031,1176.68,302018,0,0,0,0,9,1.42059,0.370538,0.000151964,ok,0
BBMSDppStepwise,2300,8,1.89803,16.305,7.32031,1132.22,290642,0,0,0,0,9,1.58801,0.309926,9.2602e-05,ok,0
DijkstraPrims,2300,8,0.0974519,16.305,7.32031,29.2695,8887,0,0,0,0,1,0.075798,0.021645,8.852e-06,ok,0
BBMSCore,2300,8,4.18792,16.305,7.32031,124.598,31028,0,0,0,0,19,4.14458,0.042806,0.000537477,ok,1
BBMSInter,2300,8,1.17131,16.305,7.32031,286.117,72356,0,0,0,0,9,1.06151,0.109328,0.000465403,ok,1
BBMSDppInstant,2300,8,1.7894,16.305,7.32031,1176.61,302018,0,0,0,0,7,1.34909,0.440262,5.2463e-05,ok,1
BBMSDppStepwise,2300,8,1.89411,16.305,7.32031,1132.24,290642,0,0,0,0,8,1.58474,0.309265,0.000112335,ok,1
DijkstraPrims,2300,8,0.0971672,16.305,7.32031,29.2891,8887,0,0,0,0,0,0.094495,0.002682,-9.799e-06,ok,1
BBMSCore,2300,8,4.18237,16.305,7.32031,124.715,31028,0,0,0,0,17,4.15234,0.029955,7.4718e-05,ok,2
BBMSInter,2300,8,1.15898,16.305,7.32031,286.242,72356,0,0,0,0,5,1.09892,0.060026,3.3065e-05,ok,2
BBMSDppInstant,2300,8,1.78921,16.305,7.32031,1176.72,302018,0,0,0,0,8,1.459,0.330108,0.000108173,ok,2
BBMSDppStepwise,2300,8,1.90165,16.305,7.32031,1132.23,290642,0,0,0,0,7,1.52089,0.380607,0.000159881,ok,2
DijkstraPrims,2300,8,0.0970721,16.305,7.32031,29.2617,8887,0,0,0,0,2,0.084464,0.012585,2.3072e-05,ok,2
BBMSCore,2300,9,4.4089,15.2671,7.32422,124.594,31028,0,0,0,0,13,4.35815,0.049907,0.000852303,ok,0
BBMSInter,2300,9,1.23,15.2671,7.32812,286.125,72356,0,0,0,0,8,1.13947,0.090266,0.000260842,ok,0
BBMSDppInstant,2300,9,1.80113,15.2671,7.32812,1176.77,302083,0,0,0,0,10,1.42211,0.378893,0.000121534,ok,0
BBMSDppStepwise,2300,9,1.91172,15.2671,7.32812,1132.38,290681,0,0,0,0,5,1.46041,0.451271,3.4345e-05,ok,0
DijkstraPrims,2300,9,1.039,15.2671,7.32812,200.336,68895,0,0,0,0,2,0.948733,0.090226,4.4181e-05,ok,0
BBMSCore,2300,9,4.41869,15.2671,7.32812,124.727,31028,0,0,0,0,17,4.38795,0.030011,0.000734572,ok,1
BBMSInter,2300,9,1.23137,15.2671,7.32812,286.25,72356,0,0,0,0,4,1.14166,0.089666,4.6719e-05,ok,1
BBMSDppInstant,2300,9,1.77906,15.2671,7.32812,1176.79,302083,0,0,0,0,6,1.49856,0.280409,9.1692e-05,ok,1
BBMSDppStepwise,2300,9,1.90729,15.2671,7.32812,1132.46,290681,0,0,0,0,8,1.53704,0.370186,6.5622e-05,ok,1
DijkstraPrims,2300,9,1.05116,15.2671,7.32812,200.223,68895,0,0,0,0,5,1.01901,0.031891,0.000266345,ok,1
BBMSCore,2300,9,4.41984,15.2671,7.32812,124.742,31028,0,0,0,0,15,4.37886,0.039933,0.00104222,ok,2
BBMSInter,2300,9,1.22932,15.2671,7.32812,286.25,72356,0,0,0,0,6,1.14905,0.080194,8.1504e-05,ok,2
BBMSDppInstant,2300,9,1.78454,15.2671,7.32812,1176.79,302083,0,0,0,0,9,1.41468,0.36971,0.000151173,ok,2
BBMSDppStepwise,2300,9,1.91657,15.2671,7.32812,1132.4,290681,0,0,0,0,6,1.61651,0.300036,2.8437e-05,ok,2
DijkstraPrims,2300,9,1.03881,15.2671,7.32812,200.344,68895,0,0,0,0,2,0.958618,0.080198,-1.427e-06,ok,2
BBMSCore,3900,0,18.0854,15.3384,7.33203,351.996,89179,0,0,0,0,67,17.9822,0.099985,0.00320359,ok,0
BBMSInter,3900,0,4.86328,15.3384,7.33203,816.125,208007,0,0,0,0,20,4.60301,0.259902,0.000370593,ok,0
BBMSDppInstant,3900,0,5.55098,15.3384,7.33203,3378.08,867362,0,0,0,0,23,4.56963,0.981024,0.000328449,ok,0
BBMSDppStepwise,3900,0,5.74179,15.3384,7.33203,3248.37,834073,0,0,0,0,25,4.8017,0.93955,0.000540456,ok,0
DijkstraPrims,3900,0,2.62033,15.3384,7.33594,419.82,145837,0,0,0,0,12,2.43035,0.189648,0.000333501,ok,0
BBMSCore,3900,0,18.03,15.3384,7.33594,351.867,89179,0,0,0,0,82,17.9377,0.090015,0.00227759,ok,1
BBMSInter,3900,0,4.8476,15.3384,7.33594,816.004,208007,0,0,0,0,20,4.55788,0.289567,0.0001581,ok,1
BBMSDppInstant,3900,0,5.57981,15.3384,7.33984,3378.09,867362,0,0,0,0,21,4.58875,0.990855,0.000206432,ok,1
BBMSDppStepwise,3900,0,5.77666,15.3384,7.33984,3248.38,834073,0,0,0,0,19,4.78621,0.990293,0.000156046,ok,1
DijkstraPrims,3900,0,2.61673,15.3384,7.33984,419.816,145837,0,0,0,0,11,2.45633,0.160096,0.00031047,ok,1
BBMSCore,3900,0,18.0352,15.3384,7.33984,351.996,89179,0,0,0,0,79,17.9331,0.099991,0.00204501,ok,2
BBMSInter,3900,0,4.86631,15.3384,7.33984,816.137,208007,0,0,0,0,15,4.59604,0.270072,0.000193557,ok,2
BBMSDppInstant,3900,0,5.55564,15.3384,7.33984,3378.08,867362,0,0,0,0,30,4.46504,1.09005,0.00055559,ok,2
BBMSDppStepwise,3900,0,5.75774,15.3384,7.33984,3248.39,834073,0,0,0,0,21,4.83851,0.918811,0.000427514,ok,2
DijkstraPrims,3900,0,2.60368,15.3384,7.33984,419.777,145837,0,0,0,0,11,2.41333,0.189884,0.000465496,ok,2
BBMSCore,3900,1,17.0168,14.4205,7.34375,352.012,89179,0,0,0,0,66,16.8949,0.120028,0.00192927,ok,0
BBMSInter,3900,1,4.79808,14.4205,7.34375,816.09,208007,0,0,0,0,18,4.55799,0.239842,0.000248918,ok,0
BBMSDppInstant,3900,1,5.589,14.4205,7.34375,3381.38,868205,0,0,0,0,33,4.60896,0.979563,0.000471035,ok,0
BBMSDppStepwise,3900,1,5.70913,14.4205,7.34375,3249.49,834356,0,0,0,0,26,4.66917,1.03963,0.000337783,ok,0
DijkstraPrims,3900,1,4.29591,14.4205,7.34375,700.434,227859,0,0,0,0,16,3.98509,0.310317,0.000504587,ok,0
BBMSCore,3900,1,17.1232,14.4205,7.34375,351.992,89179,0,0,0,0,83,16.9927,0.129936,0.000606883,ok,1
BBMSInter,3900,1,4.79974,14.4205,7.34375,816.098,208007,0,0,0,0,14,4.53962,0.259924,0.000191791,ok,1
BBMSDppInstant,3900,1,5.59203,14.4205,7.34375,3381.4,868205,0,0,0,0,24,4.62159,0.97011,0.00032606,ok,1
BBMSDppStepwise,3900,1,5.7125,14.4205,7.34766,3249.59,834356,0,0,0,0,26,4.76196,0.950167,0.000374559,ok,1
DijkstraPrims,3900,1,4.27633,14.4205,7.34766,700.551,227859,0,0,0,0,19,3.99544,0.280311,0.000573502,ok,1
BBMSCore,3900,1,16.9965,14.4205,7.34766,351.992,89179,0,0,0,0,74,16.9031,0.090011,0.00336595,ok,2
BBMSInter,3900,1,4.80938,14.4205,7.34766,816.117,208007,0,0,0,0,14,4.56884,0.240411,0.000137997,ok,2
BBMSDppInstant,3900,1,5.57744,14.4205,7.34766,3381.41,868205,0,0,0,0,17,4.39695,1.1802,0.000291168,ok,2
BBMSDppStepwise,3900,1,5.73822,14.4205,7.34766,3249.57,834356,0,0,0,0,25,4.81834,0.919526,0.000351601,ok,2
DijkstraPrims,3900,1,4.26783,14.4205,7.34766,700.551,227859,0,0,0,0,15,3.97746,0.289757,0.00061047,ok,2
BBMSCore,3900,2,17.0757,12.0087,7.35156,351.867,89178,0,0,0,0,63,16.9607,0.113554,0.0014161,ok,0
BBMSInter,3900,2,5.08247,12.0087,7.35156,816.09,208006,0,0,0,0,22,4.78253,0.299707,0.000228587,ok,0
BBMSDppInstant,3900,2,5.58783,12.0087,7.35547,3380.73,867943,0,0,0,0,18,4.51748,1.07006,0.000283609,ok,0
BBMSDppStepwise,3900,2,5.74044,12.0087,7.35547,3249.2,834301,0,0,0,0,24,4.7777,0.962326,0.000416517,ok,0
DijkstraPrims,3900,2,0.11473,12.0087,7.35547,31.668,9497,0,0,0,0,3,0.075332,0.039334,6.4067e-05,ok,0
BBMSCore,3900,2,17.1674,12.0087,7.35547,351.992,89178,0,0,0,0,65,17.0556,0.109989,0.00178942,ok,1
BBMSInter,3900,2,5.07635,12.0087,7.35547,816.125,208006,0,0,0,0,24,4.83605,0.239944,0.000354652,ok,1
BBMSDppInstant,3900,2,5.5833,12.0087,7.35547,3380.72,867943,0,0,0,0,22,4.42393,1.15914,0.000231489,ok,1
BBMSDppStepwise,3900,2,5.72676,12.0087,7.35547,3249.27,834301,0,0,0,0,21,4.90638,0.819885,0.000487681,ok,1
DijkstraPrims,3900,2,0.114988,12.0087,7.35547,31.6562,9497,0,0,0,0,1,0.095299,0.019686,2.961e-06,ok,1
BBMSCore,3900,2,17.1203,12.0087,7.35547,351.859,89178,0,0,0,0,67,17.0183,0.100007,0.00198148,ok,2
BBMSInter,3900,2,5.07003,12.0087,7.35547,816,208006,0,0,0,0,17,4.81977,0.250136,0.000122126,ok,2
BBMSDppInstant,3900,2,5.58313,12.0087,7.35547,3380.64,867943,0,0,0,0,24,4.56183,1.02102,0.000277411,ok,2
BBMSDppStepwise,3900,2,5.74255,12.0087,7.35938,3249.23,834301,0,0,0,0,20,4.76314,0.979151,0.000258316,ok,2
DijkstraPrims,3900,2,0.11507,12.0087,7.35938,31.668,9497,0,0,0,0,3,0.083097,0.031956,1.6778e-05,ok,2
BBMSCore,3900,3,15.8958,12.7458,7.36328,352.004,89179,0,0,0,0,64,15.7815,0.111659,0.00261538,ok,0
BBMSInter,3900,3,4.37436,12.7458,7.36719,815.992,208007,0,0,0,0,17,4.1041,0.270053,0.000215812,ok,0
BBMSDppInstant,3900,3,5.55035,12.7458,7.36719,3380.98,868200,0,0,0,0,21,4.51075,1.03941,0.000186496,ok,0
BBMSDppStepwise,3900,3,5.70175,12.7458,7.36719,3249.33,834286,0,0,0,0,23,4.72173,0.979655,0.00036643,ok,0
DijkstraPrims,3900,3,0.265538,12.7458,7.36719,58.5391,18777,0,0,0,0,0,0.245376,0.020176,-1.3669e-05,ok,0
BBMSCore,3900,3,15.8582,12.7458,7.36719,351.875,89179,0,0,0,0,61,15.7769,0.079966,0.00135017,ok,1
BBMSInter,3900,3,4.38357,12.7458,7.36719,816.109,208007,0,0,0,0,14,4.15343,0.229999,0.000148079,ok,1
BBMSDppInstant,3900,3,5.54921,12.7458,7.36719,3380.81,868200,0,0,0,0,19,4.5298,1.0192,0.000211143,ok,1
BBMSDppStepwise,3900,3,5.71341,12.7458,7.36719,3249.34,834286,0,0,0,0,25,4.67307,1.03996,0.000377681,ok,1
DijkstraPrims,3900,3,0.254331,12.7458,7.36719,58.5391,18777,0,0,0,0,1,0.234241,0.020087,2.554e-06,ok,1
BBMSCore,3900,3,15.8761,12.7458,7.36719,351.992,89179,0,0,0,0,55,15.7628,0.109893,0.00341207,ok,2
BBMSInter,3900,3,4.38419,12.7458,7.36719,816.125,208007,0,0,0,0,13,4.16399,0.220035,0.000165293,ok,2
BBMSDppInstant,3900,3,5.54807,12.7458,7.36719,3380.97,868200,0,0,0,0,25,4.60709,0.940734,0.000240503,ok,2
BBMSDppStepwise,3900,3,5.69933,12.7458,7.36719,3249.34,834286,0,0,0,0,20,4.5299,1.16911,0.000314735,ok,2
DijkstraPrims,3900,3,0.262543,12.7458,7.36719,58.5508,18777,0,0,0,0,0,0.252579,0.009976,-1.1802e-05,ok,2
BBMSCore,3900,4,17.0475,12.5024,7.37109,351.867,89179,0,0,0,0,71,16.9245,0.119963,0.0030492,ok,0
BBMSInter,3900,4,4.48744,12.5024,7.37109,816.117,208007,0,0,0,0,16,4.217,0.269839,0.000606667,ok,0
BBMSDppInstant,3900,4,5.60974,12.5024,7.375,3381.86,868266,0,0,0,0,21,4.75944,0.84997,0.000331954,ok,0
BBMSDppStepwise,3900,4,5.75791,12.5024,7.375,3249.68,834379,0,0,0,0,22,4.81788,0.939678,0.000344963,ok,0
DijkstraPrims,3900,4,1.85925,12.5024,7.375,354.203,121509,0,0,0,0,7,1.74889,0.109945,0.000412478,ok,0
BBMSCore,3900,4,17.0556,12.5024,7.375,351.84,89179,0,0,0,0,74,16.9435,0.110025,0.00214366,ok,1
BBMSInter,3900,4,4.30561,12.5024,7.375,815.98,208007,0,0,0,0,14,4.0457,0.259754,0.000155396,ok,1
BBMSDppInstant,3900,4,5.46941,12.5024,7.375,3381.93,868266,0,0,0,0,23,4.53918,0.93,0.000228849,ok,1
BBMSDppStepwise,3900,4,5.71196,12.5024,7.375,3249.7,834379,0,0,0,0,22,4.70126,1.0104,0.000300594,ok,1
DijkstraPrims,3900,4,1.84521,12.5024,7.375,354.195,121509,0,0,0,0,8,1.72465,0.120368,0.000195279,ok,1
BBMSCore,3900,4,16.5268,12.5024,7.375,351.992,89179,0,0,0,0,68,16.4151,0.10997,0.00165651,ok,2
BBMSInter,3900,4,4.30634,12.5024,7.375,815.992,208007,0,0,0,0,27,4.056,0.249784,0.000554732,ok,2
BBMSDppInstant,3900,4,5.45112,12.5024,7.375,3381.87,868266,0,0,0,0,26,4.39052,1.06024,0.000357571,ok,2
BBMSDppStepwise,3900,4,5.70047,12.5024,7.375,3249.64,834379,0,0,0,0,21,4.66012,1.04013,0.000219836,ok,2
DijkstraPrims,3900,4,1.84865,12.5024,7.375,354.199,121509,0,0,0,0,5,1.70867,0.139937,4.293e-05,ok,2
BBMSCore,3900,5,17.3747,13.3763,7.37891,351.863,89179,0,0,0,0,63,17.2828,0.090037,0.00192855,ok,0
BBMSInter,3900,5,4.59942,13.3763,7.37891,816.113,208007,0,0,0,0,18,4.33882,0.260176,0.00041944,ok,0
BBMSDppInstant,3900,5,5.46618,13.3763,7.37891,3380.66,868113,0,0,0,0,23,4.49596,0.970022,0.000196426,ok,0
BBMSDppStepwise,3900,5,5.65557,13.3763,7.37891,3249.68,834379,0,0,0,0,22,4.76351,0.89189,0.000171277,ok,0
DijkstraPrims,3900,5,0.920027,13.3763,7.37891,180.562,64743,0,0,0,0,2,0.849512,0.070318,0.000197239,ok,0
BBMSCore,3900,5,17.2132,13.3763,7.37891,351.875,89179,0,0,0,0,74,17.0993,0.111911,0.00199835,ok,1
BBMSInter,3900,5,4.59643,13.3763,7.38281,816.125,208007,0,0,0,0,15,4.31594,0.280006,0.00047824,ok,1
BBMSDppInstant,3900,5,5.47454,13.3763,7.38672,3380.73,868113,0,0,0,0,21,4.41459,1.05977,0.000178526,ok,1
BBMSDppStepwise,3900,5,5.66361,13.3763,7.38672,3249.66,834379,0,0,0,0,27,4.62188,1.04147,0.000265471,ok,1
DijkstraPrims,3900,5,0.904255,13.3763,7.38672,180.543,64743,0,0,0,0,4,0.823322,0.080714,0.000218952,ok,1
BBMSCore,3900,5,17.2266,13.3763,7.38672,351.867,89179,0,0,0,0,67,17.1049,0.119924,0.00182324,ok,2
BBMSInter,3900,5,4.59648,13.3763,7.38672,816.137,208007,0,0,0,0,19,4.32632,0.270034,0.00012513,ok,2
BBMSDppInstant,3900,5,5.45693,13.3763,7.38672,3380.72,868113,0,0,0,0,26,4.58653,0.870145,0.000255056,ok,2
BBMSDppStepwise,3900,5,5.6748,13.3763,7.38672,3249.69,834379,0,0,0,0,22,4.7747,0.899796,0.000306078,ok,2
DijkstraPrims,3900,5,0.931861,13.3763,7.38672,180.512,64743,0,0,0,0,5,0.862099,0.069711,5.0627e-05,ok,2
BBMSCore,3900,6,16.7162,12.0733,7.39062,351.992,89179,0,0,0,0,65,16.6144,0.100014,0.001794,ok,0
BBMSInter,3900,6,4.07414,12.0733,7.39062,816.117,208007,0,0,0,0,17,3.84353,0.230088,0.000520819,ok,0
BBMSDppInstant,3900,6,5.42915,12.0733,7.39062,3382.41,868391,0,0,0,0,26,4.40756,1.02132,0.00026725,ok,0
BBMSDppStepwise,3900,6,5.65683,12.0733,7.39062,3249,834203,0,0,0,0,25,4.56572,1.09084,0.00026019,ok,0
DijkstraPrims,3900,6,0.458654,12.0733,7.39062,96.2461,33331,0,0,0,0,3,0.428807,0.029813,3.3525e-05,ok,0
BBMSCore,3900,6,16.746,12.0733,7.39062,351.992,89179,0,0,0,0,69,16.6541,0.090011,0.00184602,ok,1
BBMSInter,3900,6,4.07913,12.0733,7.39062,816.125,208007,0,0,0,0,22,3.85913,0.219832,0.000165406,ok,1
BBMSDppInstant,3900,6,5.42064,12.0733,7.39062,3382.42,868391,0,0,0,0,26,4.39066,1.02966,0.000316022,ok,1
BBMSDppStepwise,3900,6,5.66435,12.0733,7.39062,3249,834203,0,0,0,0,20,4.5637,1.10048,0.000168232,ok,1
DijkstraPrims,3900,6,0.454034,12.0733,7.39062,96.2461,33331,0,0,0,0,2,0.413658,0.040211,0.00016465,ok,1
BBMSCore,3900,6,16.6755,12.0733,7.39062,351.992,89179,0,0,0,0,66,16.5741,0.099952,0.00142147,ok,2
BBMSInter,3900,6,4.08227,12.0733,7.39453,816.125,208007,0,0,0,0,20,3.8519,0.229993,0.000382649,ok,2
BBMSDppInstant,3900,6,5.42213,12.0733,7.39453,3382.34,868391,0,0,0,0,18,4.43201,0.989971,0.000155165,ok,2
BBMSDppStepwise,3900,6,5.65411,12.0733,7.39453,3248.96,834203,0,0,0,0,16,4.70359,0.950332,0.000191709,ok,2
DijkstraPrims,3900,6,0.456631,12.0733,7.39453,96.25,33331,0,0,0,0,1,0.426349,0.030287,-4.995e-06,ok,2
BBMSCore,3900,7,17.0345,17.142,7.39844,351.992,89179,0,0,0,0,63,16.9415,0.089964,0.00297718,ok,0
BBMSInter,3900,7,4.43167,17.142,7.39844,815.992,208007,0,0,0,0,19,4.16125,0.270192,0.000224615,ok,0
BBMSDppInstant,3900,7,5.4066,17.142,7.39844,3381.41,868179,0,0,0,0,25,4.36477,1.04158,0.000253394,ok,0
BBMSDppStepwise,3900,7,5.7235,17.142,7.39844,3249.98,834480,0,0,0,0,25,4.67298,1.05026,0.000249747,ok,0
DijkstraPrims,3900,7,5.70919,17.142,7.39844,703.062,241966,0,0,0,0,19,5.45869,0.250017,0.000488418,ok,0
BBMSCore,3900,7,17.0901,17.142,7.39844,351.887,89179,0,0,0,0,80,16.9687,0.120002,0.00136763,ok,1
BBMSInter,3900,7,4.44323,17.142,7.39844,816.117,208007,0,0,0,0,18,4.1728,0.270294,0.000134279,ok,1
BBMSDppInstant,3900,7,5.42303,17.142,7.39844,3381.41,868179,0,0,0,0,19,4.52375,0.899101,0.000178408,ok,1
BBMSDppStepwise,3900,7,5.68743,17.142,7.39844,3249.93,834480,0,0,0,0,22,4.7773,0.909894,0.000236849,ok,1
DijkstraPrims,3900,7,5.73442,17.142,7.39844,703.047,241966,0,0,0,0,33,5.34385,0.389689,0.000882846,ok,1
BBMSCore,3900,7,17.0217,17.142,7.39844,351.992,89179,0,0,0,0,69,16.9102,0.110012,0.0014832,ok,2
BBMSInter,3900,7,4.43687,17.142,7.39844,816.09,208007,0,0,0,0,14,4.14681,0.289905,0.000156367,ok,2
BBMSDppInstant,3900,7,5.41129,17.142,7.39844,3381.34,868179,0,0,0,0,23,4.36248,1.04863,0.000179903,ok,2
BBMSDppStepwise,3900,7,5.70218,17.142,7.39844,3249.99,834480,0,0,0,0,16,4.67129,1.03067,0.000215239,ok,2
DijkstraPrims,3900,7,5.71997,17.142,7.39844,703.059,241966,0,0,0,0,20,5.43915,0.280056,0.000764689,ok,2
BBMSCore,3900,8,17.0938,14.7918,7.40625,351.992,89178,0,0,0,0,77,16.9734,0.119992,0.000422656,ok,0
BBMSInter,3900,8,4.40081,14.7918,7.41016,816.129,208006,0,0,0,0,14,4.13034,0.270385,8.9177e-05,ok,0
BBMSDppInstant,3900,8,5.45495,14.7918,7.41016,3380.79,868038,0,0,0,0,20,4.4747,0.98009,0.000161595,ok,0
BBMSDppStepwise,3900,8,5.69392,14.7918,7.41016,3249.28,834301,0,0,0,0,23,4.62377,1.06988,0.000257377,ok,0
DijkstraPrims,3900,8,4.44387,14.7918,7.41016,701.238,229409,0,0,0,0,16,4.14355,0.299938,0.000388276,ok,0
BBMSCore,3900,8,17.0431,14.7918,7.41016,351.992,89178,0,0,0,0,70,16.9416,0.099982,0.00151097,ok,1
BBMSInter,3900,8,4.40333,14.7918,7.41016,816.125,208006,0,0,0,0,18,4.15327,0.24993,0.00013754,ok,1
BBMSDppInstant,3900,8,5.4672,14.7918,7.41016,3380.82,868038,0,0,0,0,20,4.50654,0.960463,0.000191702,ok,1
BBMSDppStepwise,3900,8,5.66594,14.7918,7.41016,3249.38,834301,0,0,0,0,25,4.57546,1.09025,0.000223604,ok,1
DijkstraPrims,3900,8,4.33166,14.7918,7.41016,701.223,229409,0,0,0,0,21,4.01129,0.319766,0.000610796,ok,1
BBMSCore,3900,8,17.0288,14.7918,7.41016,351.992,89178,0,0,0,0,75,16.9367,0.090012,0.00212491,ok,2
BBMSInter,3900,8,4.39886,14.7918,7.41016,816.098,208006,0,0,0,0,19,4.14902,0.249693,0.00014409,ok,2
BBMSDppInstant,3900,8,5.4493,14.7918,7.41016,3380.83,868038,0,0,0,0,27,4.43816,1.01086,0.000282858,ok,2
BBMSDppStepwise,3900,8,5.66938,14.7918,7.41016,3249.38,834301,0,0,0,0,27,4.79977,0.869223,0.000385019,ok,2
DijkstraPrims,3900,8,4.31691,14.7918,7.41016,701.223,229409,0,0,0,0,20,4.07619,0.24012,0.000597612,ok,2
BBMSCore,3900,9,15.5067,12.719,7.41406,351.992,89179,0,0,0,0,66,15.385,0.119957,0.00169035,ok,0
BBMSInter,3900,9,4.1545,12.719,7.41406,816.117,208007,0,0,0,0,13,3.93418,0.220221,9.7659e-05,ok,0
BBMSDppInstant,3900,9,5.44887,12.719,7.41406,3381.99,868289,0,0,0,0,24,4.54721,0.901316,0.000342382,ok,0
BBMSDppStepwise,3900,9,5.63954,12.719,7.41406,3250,834464,0,0,0,0,19,4.82939,0.809815,0.000341341,ok,0
DijkstraPrims,3900,9,0.212301,12.719,7.41797,51.2422,16922,0,0,0,0,1,0.202234,0.010065,1.882e-06,ok,0
BBMSCore,3900,9,15.4729,12.719,7.41797,351.977,89179,0,0,0,0,66,15.3615,0.110008,0.00135575,ok,1
BBMSInter,3900,9,4.15766,12.719,7.41797,816.121,208007,0,0,0,0,14,3.90715,0.249781,0.000732063,ok,1
BBMSDppInstant,3900,9,5.43508,12.719,7.41797,3381.94,868289,0,0,0,0,22,4.39407,1.04081,0.000188719,ok,1
BBMSDppStepwise,3900,9,5.70545,12.719,7.41797,3249.91,834464,0,0,0,0,20,4.70585,0.999351,0.00025365,ok,1
DijkstraPrims,3900,9,0.216652,12.719,7.41797,51.2227,16922,0,0,0,0,0,0.18711,0.029554,-1.2301e-05,ok,1
BBMSCore,3900,9,15.4851,12.719,7.41797,351.992,89179,0,0,0,0,61,15.3838,0.099955,0.00139592,ok,2
BBMSInter,3900,9,4.16233,12.719,7.41797,816.117,208007,0,0,0,0,16,3.89203,0.270091,0.00020815,ok,2
BBMSDppInstant,3900,9,5.43648,12.719,7.41797,3381.81,868289,0,0,0,0,22,4.49693,0.939265,0.000286501,ok,2
BBMSDppStepwise,3900,9,5.61999,12.719,7.41797,3249.89,834464,0,0,0,0,19,4.70986,0.909874,0.000261719,ok,2
DijkstraPrims,3900,9,0.215611,12.719,7.41797,51.2344,16922,0,0,0,0,0,0.205422,0.010201,-1.2142e-05,ok,2
BBMSCore,6500,0,68.6778,14.745,7.42188,971.117,247707,0,0,0,0,276,68.3906,0.279993,0.00717906,ok,0
BBMSInter,6500,0,13.6225,14.745,7.42188,2260.49,577785,0,0,0,0,59,12.912,0.709989,0.000530783,ok,0
BBMSDppInstant,6500,0,17.7076,14.745,7.42188,9399.87,2419146,0,0,0,0,74,14.756,2.95073,0.000954254,ok,0
BBMSDppStepwise,6500,0,16.8447,14.745,7.42188,9021.39,2322154,0,0,0,0,71,13.8432,3.0002,0.00131782,ok,0
DijkstraPrims,6500,0,13.3258,14.745,7.42188,1728.85,601844,0,0,0,0,58,12.4751,0.850193,0.000571475,ok,0
BBMSCore,6500,0,67.8523,14.745,7.42188,971.117,247707,0,0,0,0,225,67.5401,0.309977,0.00222096,ok,1
BBMSInter,6500,0,13.6465,14.745,7.42188,2260.49,577785,0,0,0,0,66,12.9363,0.709673,0.000518794,ok,1
BBMSDppInstant,6500,0,17.9427,14.745,7.42578,9399.75,2419146,0,0,0,0,79,15.022,2.91995,0.000802462,ok,1
BBMSDppStepwise,6500,0,16.7431,14.745,7.42969,9021.27,2322154,0,0,0,0,78,14.2023,2.54001,0.000808709,ok,1
DijkstraPrims,6500,0,13.346,14.745,7.42969,1728.89,601844,0,0,0,0,56,12.6058,0.739624,0.000595129,ok,1
BBMSCore,6500,0,67.8283,14.745,7.42969,971.117,247707,0,0,0,0,244,67.5367,0.290019,0.00153618,ok,2
BBMSInter,6500,0,13.6246,14.745,7.42969,2260.48,577785,0,0,0,0,67,13.044,0.580077,0.000554642,ok,2
BBMSDppInstant,6500,0,17.6018,14.745,7.42969,9399.87,2419146,0,0,0,0,71,15.0211,2.5798,0.000940351,ok,2
BBMSDppStepwise,6500,0,16.7473,14.745,7.42969,9021.39,2322154,0,0,0,0,69,13.8558,2.89074,0.00079161,ok,2
DijkstraPrims,6500,0,13.3882,14.745,7.42969,1728.9,601844,0,0,0,0,56,12.6155,0.771962,0.000738162,ok,2
BBMSCore,6500,1,73.6793,12.8155,7.43359,971.125,247705,0,0,0,0,279,73.3814,0.289982,0.00787852,ok,0
BBMSInter,6500,1,14.672,12.8155,7.43359,2260.5,577783,0,0,0,0,68,13.9517,0.719787,0.000464319,ok,0
BBMSDppInstant,6500,1,17.9342,12.8155,7.43359,9398.07,2418667,0,0,0,0,72,14.9238,3.00957,0.000842242,ok,0
BBMSDppStepwise,6500,1,16.7659,12.8155,7.43359,9021.64,2322218,0,0,0,0,68,14.0853,2.67988,0.000791688,ok,0
DijkstraPrims,6500,1,1.67042,12.8155,7.43359,294.203,94073,0,0,0,0,12,1.57028,0.099644,0.000493515,ok,0
BBMSCore,6500,1,74.1382,12.8155,7.43359,971.102,247705,0,0,0,0,260,73.8448,0.289995,0.00341721,ok,1
BBMSInter,6500,1,14.6565,12.8155,7.43359,2260.37,577783,0,0,0,0,53,13.9261,0.729998,0.000394283,ok,1
BBMSDppInstant,6500,1,17.8784,12.8155,7.43359,9398.05,2418667,0,0,0,0,73,15.0074,2.87028,0.000671731,ok,1
BBMSDppStepwise,6500,1,16.7617,12.8155,7.43359,9021.59,2322218,0,0,0,0,65,14.1116,2.64921,0.00087049,ok,1
DijkstraPrims,6500,1,1.65271,12.8155,7.43359,294.207,94073,0,0,0,0,5,1.56283,0.089824,4.7972e-05,ok,1
BBMSCore,6500,1,73.604,12.8155,7.43359,971.137,247705,0,0,0,0,273,73.3011,0.29998,0.00290813,ok,2
BBMSInter,6500,1,14.6754,12.8155,7.43359,2260.37,577783,0,0,0,0,50,13.955,0.719955,0.000471721,ok,2
BBMSDppInstant,6500,1,17.7913,12.8155,7.43359,9398.05,2418667,0,0,0,0,74,14.7898,3.00079,0.000718391,ok,2
BBMSDppStepwise,6500,1,16.7887,12.8155,7.4375,9021.52,2322218,0,0,0,0,61,13.8894,2.89865,0.000638827,ok,2
DijkstraPrims,6500,1,1.65748,12.8155,7.4375,294.215,94073,0,0,0,0,9,1.51528,0.142119,7.6646e-05,ok,2
BBMSCore,6500,2,65.1572,13.0087,7.4375,971.113,247704,0,0,0,0,265,64.8536,0.299778,0.00389879,ok,0
BBMSInter,6500,2,14.8357,13.0087,7.44141,2260.46,577782,0,0,0,0,56,14.1347,0.700252,0.000795082,ok,0
BBMSDppInstant,6500,2,17.5275,13.0087,7.44141,9396.9,2418666,0,0,0,0,60,14.3174,3.2095,0.000540752,ok,0
BBMSDppStepwise,6500,2,16.6891,13.0087,7.44141,9021.3,2322161,0,0,0,0,64,13.8587,2.8298,0.000681554,ok,0
DijkstraPrims,6500,2,3.20275,13.0087,7.44141,488.723,163447,0,0,0,0,10,3.06278,0.139705,0.000261301,ok,0
BBMSCore,6500,2,65.6415,13.0087,7.44141,971.117,247704,0,0,0,0,263,65.3565,0.279945,0.00503752,ok,1
BBMSInter,6500,2,14.8155,13.0087,7.44141,2260.49,577782,0,0,0,0,53,14.1347,0.680247,0.000572476,ok,1
BBMSDppInstant,6500,2,17.8834,13.0087,7.44141,9396.87,2418666,0,0,0,0,86,14.9538,2.92885,0.000806541,ok,1
BBMSDppStepwise,6500,2,16.8826,13.0087,7.44141,9021.3,2322161,0,0,0,0,66,14.2111,2.67034,0.00109089,ok,1
DijkstraPrims,6500,2,3.24613,13.0087,7.44141,488.641,163447,0,0,0,0,11,3.03608,0.209546,0.000495435,ok,1
BBMSCore,6500,2,67.9814,13.0087,7.44141,971.117,247704,0,0,0,0,277,67.6747,0.299979,0.00668443,ok,2
BBMSInter,6500,2,15.3726,13.0087,7.44141,2260.5,577782,0,0,0,0,60,14.7218,0.650073,0.000652595,ok,2
BBMSDppInstant,6500,2,17.9592,13.0087,7.44141,9396.87,2418666,0,0,0,0,76,14.9454,3.01296,0.000865778,ok,2
BBMSDppStepwise,6500,2,16.976,13.0087,7.44141,9021.29,2322161,0,0,0,0,70,14.084,2.89095,0.000979985,ok,2
DijkstraPrims,6500,2,3.22282,13.0087,7.44141,488.633,163447,0,0,0,0,13,3.03212,0.190163,0.000535612,ok,2
BBMSCore,6500,3,80.5063,18.9508,7.44922,971.117,247704,0,0,0,0,306,80.2125,0.289963,0.00388271,ok,0
BBMSInter,6500,3,15.05,18.9508,7.44922,2260.48,577782,0,0,0,0,62,14.3089,0.740292,0.000788039,ok,0
BBMSDppInstant,6500,3,18.2684,18.9508,7.45703,9394.98,2417851,0,0,0,0,76,15.3969,2.8707,0.000890143,ok,0
BBMSDppStepwise,6500,3,17.0391,18.9508,7.46484,9022.57,2322454,0,0,0,0,72,14.1491,2.88918,0.000800106,ok,0
DijkstraPrims,6500,3,17.7418,18.9508,7.46484,1813.11,623390,0,0,0,0,70,16.99,0.749858,0.00194628,ok,0
BBMSCore,6500,3,77.85,18.9508,7.46484,971.117,247704,0,0,0,0,328,77.5419,0.299995,0.00813996,ok,1
BBMSInter,6500,3,15.02,18.9508,7.46484,2260.5,577782,0,0,0,0,65,14.279,0.740293,0.000729015,ok,1
BBMSDppInstant,6500,3,18.2876,18.9508,7.46484,9394.98,2417851,0,0,0,0,62,15.3978,2.88899,0.000841811,ok,1
BBMSDppStepwise,6500,3,17.0034,18.9508,7.46484,9022.56,2322454,0,0,0,0,74,13.9923,3.00981,0.00122776,ok,1
DijkstraPrims,6500,3,17.6725,18.9508,7.46484,1813.04,623390,0,0,0,0,68,16.9614,0.709924,0.001129,ok,1
BBMSCore,6500,3,77.8108,18.9508,7.46484,971.125,247704,0,0,0,0,277,77.5183,0.289982,0.00254897,ok,2
BBMSInter,6500,3,15.0314,18.9508,7.46484,2260.49,577782,0,0,0,0,67,14.3608,0.669888,0.00068329,ok,2
BBMSDppInstant,6500,3,18.1932,18.9508,7.46484,9394.99,2417851,0,0,0,0,76,15.3523,2.83984,0.00107199,ok,2
BBMSDppStepwise,6500,3,17.1049,18.9508,7.46484,9022.54,2322454,0,0,0,0,66,14.3537,2.75002,0.00117093,ok,2
DijkstraPrims,6500,3,17.6981,18.9508,7.46484,1813.08,623390,0,0,0,0,60,16.9865,0.71014,0.00149786,ok,2
BBMSCore,6500,4,67.4367,12.4008,7.46875,971.137,247707,0,0,0,0,261,67.1542,0.279988,0.00254377,ok,0
BBMSInter,6500,4,14.6682,12.4008,7.46875,2260.5,577785,0,0,0,0,66,14.0374,0.630036,0.000768706,ok,0
BBMSDppInstant,6500,4,17.9592,12.4008,7.46875,9397.02,2418781,0,0,0,0,74,14.968,2.9903,0.000876322,ok,0
BBMSDppStepwise,6500,4,16.8696,12.4008,7.46875,9019.45,2321670,0,0,0,0,76,14.1184,2.75028,0.000990503,ok,0
DijkstraPrims,6500,4,2.71955,12.4008,7.46875,393.793,139160,0,0,0,0,11,2.59935,0.120115,9.0958e-05,ok,0
BBMSCore,6500,4,67.3322,12.4008,7.46875,971.113,247707,0,0,0,0,289,67.0331,0.28994,0.00912788,ok,1
BBMSInter,6500,4,14.6661,12.4008,7.47266,2260.49,577785,0,0,0,0,57,13.9554,0.70992,0.00074487,ok,1
BBMSDppInstant,6500,4,17.8989,12.4008,7.47266,9397.15,2418781,0,0,0,0,76,15.1287,2.76909,0.00116353,ok,1
BBMSDppStepwise,6500,4,16.8638,12.4008,7.47266,9019.35,2321670,0,0,0,0,62,14.1737,2.68941,0.000685603,ok,1
DijkstraPrims,6500,4,2.71358,12.4008,7.47266,393.762,139160,0,0,0,0,11,2.54442,0.168757,0.000397248,ok,1
BBMSCore,6500,4,67.7299,12.4008,7.47266,971.117,247707,0,0,0,0,250,67.4151,0.309992,0.00479549,ok,2
BBMSInter,6500,4,14.7042,12.4008,7.47266,2260.37,577785,0,0,0,0,50,14.0031,0.700309,0.000742618,ok,2
BBMSDppInstant,6500,4,17.978,12.4008,7.47266,9397.14,2418781,0,0,0,0,63,15.117,2.86004,0.000925788,ok,2
BBMSDppStepwise,6500,4,16.9055,12.4008,7.47266,9019.43,2321670,0,0,0,0,63,13.875,3.02967,0.000809284,ok,2
DijkstraPrims,6500,4,2.82391,12.4008,7.47266,393.75,139160,0,0,0,0,10,2.65307,0.170423,0.000413294,ok,2
BBMSCore,6500,5,77.4665,15.6115,7.47656,971.09,247707,0,0,0,0,267,77.1626,0.29997,0.00383522,ok,0
BBMSInter,6500,5,15.2094,15.6115,7.47656,2260.49,577785,0,0,0,0,53,14.5687,0.639926,0.000744156,ok,0
BBMSDppInstant,6500,5,18.6025,15.6115,7.48438,9397.66,2418938,0,0,0,0,74,15.7112,2.89018,0.0010329,ok,0
BBMSDppStepwise,6500,5,17.2153,15.6115,7.49219,9021.18,2322115,0,0,0,0,62,14.3637,2.85066,0.000916911,ok,0
DijkstraPrims,6500,5,1.45767,15.6115,7.49219,238.211,79489,0,0,0,0,6,1.36767,0.089831,0.00017107,ok,0
BBMSCore,6500,5,78.2264,15.6115,7.49219,971.117,247707,0,0,0,0,309,77.9178,0.299951,0.00863817,ok,1
BBMSInter,6500,5,15.2089,15.6115,7.49219,2260.5,577785,0,0,0,0,63,14.4982,0.709896,0.00083212,ok,1
BBMSDppInstant,6500,5,18.5895,15.6115,7.49609,9397.64,2418938,0,0,0,0,71,15.6686,2.91965,0.00130036,ok,1
BBMSDppStepwise,6500,5,17.2692,15.6115,7.49609,9021.14,2322115,0,0,0,0,67,14.2388,3.02959,0.000856525,ok,1
DijkstraPrims,6500,5,1.42832,15.6115,7.49609,238.207,79489,0,0,0,0,8,1.31828,0.109821,0.000217822,ok,1
BBMSCore,6500,5,78.9639,15.6115,7.49609,971.117,247707,0,0,0,0,299,78.6379,0.320105,0.00588369,ok,2
BBMSInter,6500,5,15.1804,15.6115,7.5,2260.5,577785,0,0,0,0,61,14.5298,0.649967,0.000650676,ok,2
BBMSDppInstant,6500,5,18.5511,15.6115,7.5,9397.51,2418938,0,0,0,0,83,15.63,2.92003,0.0010292,ok,2
BBMSDppStepwise,6500,5,17.2005,15.6115,7.5,9021.09,2322115,0,0,0,0,73,14.1897,3.00987,0.000956687,ok,2
DijkstraPrims,6500,5,1.41113,15.6115,7.5,238.16,79489,0,0,0,0,7,1.28104,0.130036,5.1173e-05,ok,2
BBMSCore,6500,6,71.8076,14.1519,7.50391,971.121,247707,0,0,0,0,246,71.5029,0.299995,0.00472985,ok,0
BBMSInter,6500,6,14.8728,14.1519,7.50391,2260.49,577785,0,0,0,0,55,14.1724,0.699921,0.000472252,ok,0
BBMSDppInstant,6500,6,18.0488,14.1519,7.50391,9401.66,2420133,0,0,0,0,80,15.0181,3.02977,0.000968881,ok,0
BBMSDppStepwise,6500,6,16.8703,14.1519,7.50391,9023.24,2322646,0,0,0,0,89,14.0384,2.83091,0.000948674,ok,0
DijkstraPrims,6500,6,11.9142,14.1519,7.50391,1646.3,580708,0,0,0,0,42,11.1638,0.749973,0.000460629,ok,0
BBMSCore,6500,6,71.9247,14.1519,7.50391,971.109,247707,0,0,0,0,258,71.6127,0.309993,0.0019579,ok,1
BBMSInter,6500,6,14.8852,14.1519,7.50391,2260.5,577785,0,0,0,0,62,14.2148,0.670019,0.000463686,ok,1
BBMSDppInstant,6500,6,18.0305,14.1519,7.50391,9401.73,2420133,0,0,0,0,90,15.0503,2.97928,0.000999591,ok,1
BBMSDppStepwise,6500,6,16.8303,14.1519,7.50391,9023.21,2322646,0,0,0,0,69,14.2802,2.54936,0.000800774,ok,1
DijkstraPrims,6500,6,11.9155,14.1519,7.50391,1646.4,580708,0,0,0,0,52,11.2349,0.680034,0.000568215,ok,1
BBMSCore,6500,6,71.7779,14.1519,7.50391,971.105,247707,0,0,0,0,280,71.4555,0.319961,0.00242388,ok,2
BBMSInter,6500,6,14.8509,14.1519,7.50391,2260.49,577785,0,0,0,0,67,14.1501,0.700295,0.000564739,ok,2
BBMSDppInstant,6500,6,17.8767,14.1519,7.50391,9401.66,2420133,0,0,0,0,82,14.8973,2.97863,0.00074688,ok,2
BBMSDppStepwise,6500,6,16.7184,14.1519,7.50391,9023.25,2322646,0,0,0,0,71,13.9472,2.77059,0.000679791,ok,2
DijkstraPrims,6500,6,11.8327,14.1519,7.50391,1646.41,580708,0,0,0,0,50,11.1021,0.729883,0.000738771,ok,2
BBMSCore,6500,7,69.7954,19.4722,7.51953,971.117,247707,0,0,0,0,304,69.507,0.281223,0.00714004,ok,0
BBMSInter,6500,7,13.5494,19.4722,7.52734,2260.48,577785,0,0,0,0,53,12.8993,0.649569,0.000550959,ok,0
BBMSDppInstant,6500,7,17.6433,19.4722,7.52734,9398.73,2418930,0,0,0,0,63,14.4317,3.21088,0.00071232,ok,0
BBMSDppStepwise,6500,7,16.7896,19.4722,7.52734,9020.95,2322068,0,0,0,0,68,14.0887,2.70024,0.000710783,ok,0
DijkstraPrims,6500,7,0.467469,19.4722,7.52734,96.9727,33480,0,0,0,0,1,0.427503,0.039975,-8.631e-06,ok,0
BBMSCore,6500,7,70.771,19.4722,7.52734,971.117,247707,0,0,0,0,290,70.4548,0.309942,0.00624379,ok,1
BBMSInter,6500,7,13.5523,19.4722,7.52734,2260.5,577785,0,0,0,0,62,12.9416,0.610158,0.000525206,ok,1
BBMSDppInstant,6500,7,17.5804,19.4722,7.52734,9398.78,2418930,0,0,0,0,68,14.6895,2.89032,0.000579943,ok,1
BBMSDppStepwise,6500,7,16.7311,19.4722,7.52734,9020.88,2322068,0,0,0,0,74,13.9402,2.79004,0.00088937,ok,1
DijkstraPrims,6500,7,0.472253,19.4722,7.52734,96.9219,33480,0,0,0,0,2,0.432522,0.039565,0.000165753,ok,1
BBMSCore,6500,7,69.6977,19.4722,7.52734,971.094,247707,0,0,0,0,271,69.3858,0.309651,0.00218511,ok,2
BBMSInter,6500,7,13.5672,19.4722,7.52734,2260.49,577785,0,0,0,0,62,12.8768,0.689936,0.000458057,ok,2
BBMSDppInstant,6500,7,17.6184,19.4722,7.52734,9398.75,2418930,0,0,0,0,73,14.7477,2.87,0.000704182,ok,2
BBMSDppStepwise,6500,7,16.7704,19.4722,7.52734,9020.95,2322068,0,0,0,0,68,13.8392,2.93026,0.000895008,ok,2
DijkstraPrims,6500,7,0.464308,19.4722,7.52734,96.9414,33480,0,0,0,0,2,0.444445,0.019862,9.88e-07,ok,2
BBMSCore,6500,8,68.5701,12.014,7.53516,971.117,247707,0,0,0,0,276,68.2832,0.280005,0.00688464,ok,0
BBMSInter,6500,8,15.1012,12.014,7.53516,2260.48,577785,0,0,0,0,66,14.3907,0.709959,0.000512986,ok,0
BBMSDppInstant,6500,8,17.8093,12.014,7.54688,9397.06,2418487,0,0,0,0,60,15.0474,2.76117,0.000687985,ok,0
BBMSDppStepwise,6500,8,16.7676,12.014,7.54688,9020.15,2321881,0,0,0,0,73,14.0376,2.72915,0.000904567,ok,0
DijkstraPrims,6500,8,1.57268,12.014,7.55078,258.461,84691,0,0,0,0,4,1.48259,0.090069,2.4438e-05,ok,0
BBMSCore,6500,8,68.2577,12.014,7.55078,971.117,247707,0,0,0,0,278,67.9657,0.289975,0.00205669,ok,1
BBMSInter,6500,8,15.1079,12.014,7.55078,2260.49,577785,0,0,0,0,61,14.3374,0.769777,0.000708921,ok,1
BBMSDppInstant,6500,8,17.709,12.014,7.55078,9397.01,2418487,0,0,0,0,64,14.557,3.1512,0.000832095,ok,1
BBMSDppStepwise,6500,8,16.7735,12.014,7.55078,9020.15,2321881,0,0,0,0,76,14.1723,2.60044,0.000693503,ok,1
DijkstraPrims,6500,8,1.56666,12.014,7.55078,258.477,84691,0,0,0,0,6,1.41685,0.149765,4.2564e-05,ok,1
BBMSCore,6500,8,68.7078,12.014,7.55078,971.117,247707,0,0,0,0,255,68.3856,0.320019,0.00219094,ok,2
BBMSInter,6500,8,15.0861,12.014,7.55078,2260.5,577785,0,0,0,0,60,14.396,0.689728,0.000379818,ok,2
BBMSDppInstant,6500,8,17.8071,12.014,7.55078,9397.03,2418487,0,0,0,0,76,14.9653,2.8407,0.00110801,ok,2
BBMSDppStepwise,6500,8,16.7297,12.014,7.55078,9020.24,2321881,0,0,0,0,67,14.0593,2.66961,0.000793374,ok,2
DijkstraPrims,6500,8,1.57631,12.014,7.55078,258.578,84691,0,0,0,0,8,1.49751,0.078552,0.00024313,ok,2
BBMSCore,6500,9,70.6713,12.2145,7.55469,971.117,247707,0,0,0,0,304,70.345,0.319953,0.00633181,ok,0
BBMSInter,6500,9,15.2846,12.2145,7.55469,2260.36,577785,0,0,0,0,62,14.5834,0.699914,0.00126927,ok,0
BBMSDppInstant,6500,9,17.9568,12.2145,7.55469,9401.55,2419815,0,0,0,0,75,15.0056,2.95006,0.00111127,ok,0
BBMSDppStepwise,6500,9,16.8205,12.2145,7.55469,9023.04,2322584,0,0,0,0,72,14.139,2.6807,0.000766541,ok,0
DijkstraPrims,6500,9,0.262017,12.2145,7.55469,59.2344,18947,0,0,0,0,1,0.231372,0.030643,2.093e-06,ok,0
BBMSCore,6500,9,69.9689,12.2145,7.55469,971.137,247707,0,0,0,0,287,69.6818,0.279985,0.00717134,ok,1
BBMSInter,6500,9,15.289,12.2145,7.55469,2260.51,577785,0,0,0,0,61,14.6089,0.679698,0.000407841,ok,1
BBMSDppInstant,6500,9,17.8143,12.2145,7.55469,9401.5,2419815,0,0,0,0,83,14.9537,2.85969,0.00095702,ok,1
BBMSDppStepwise,6500,9,16.7981,12.2145,7.55859,9022.96,2322584,0,0,0,0,72,14.0169,2.78035,0.000861111,ok,1
DijkstraPrims,6500,9,0.257952,12.2145,7.55859,59.2266,18947,0,0,0,0,0,0.237788,0.020178,-1.3813e-05,ok,1
BBMSCore,6500,9,69.8225,12.2145,7.55859,971.121,247707,0,0,0,0,296,69.5357,0.279962,0.00689293,ok,2
BBMSInter,6500,9,15.2863,12.2145,7.55859,2260.46,577785,0,0,0,0,58,14.5459,0.740024,0.000382612,ok,2
BBMSDppInstant,6500,9,17.789,12.2145,7.55859,9401.52,2419815,0,0,0,0,82,14.8794,2.90893,0.000737214,ok,2
BBMSDppStepwise,6500,9,16.8033,12.2145,7.55859,9022.87,2322584,0,0,0,0,72,13.8012,3.00133,0.00076132,ok,2
DijkstraPrims,6500,9,0.253902,12.2145,7.55859,59.2383,18947,0,0,0,0,1,0.233842,0.019898,0.000162237,ok,2
BBMSCore,11000,0,-1,-1,-1,-1,-1,-1,-1,-1,-1,-1,-1,-1,-1,timeout,0
BBMSInter,11000,0,54.3225,14.1604,7.57422,6466.48,1654520,0,0,0,0,202,52.3767,1.9436,0.00220904,ok,0
BBMSDppInstant,11000,0,69.4577,14.1604,7.57422,26942.7,6924003,0,0,0,0,272,61.4149,8.0396,0.00322285,ok,0
BBMSDppStepwise,11000,0,52.4086,14.1604,7.57422,25825.4,6637641,0,0,0,0,221,44.3166,8.08978,0.00220419,ok,0
DijkstraPrims,11000,0,36.7455,14.1604,7.57422,5833.22,1866355,0,0,0,0,154,34.4643,2.27979,0.00147765,ok,0
BBMSInter,11000,0,54.3683,14.1604,7.57422,6466.51,1654520,0,0,0,0,216,52.4265,1.93995,0.00185469,ok,1
BBMSDppInstant,11000,0,69.6497,14.1604,7.57422,26942.8,6924003,0,0,0,0,282,61.4367,8.20986,0.00315804,ok,1
BBMSDppStepwise,11000,0,52.4734,14.1604,7.57812,25825.5,6637641,0,0,0,0,221,44.822,7.64903,0.00230603,ok,1
DijkstraPrims,11000,0,36.8155,14.1604,7.57812,5833.23,1866355,0,0,0,0,130,34.4043,2.40976,0.00151722,ok,1
BBMSInter,11000,0,54.6419,14.1604,7.57812,6466.49,1654520,0,0,0,0,225,52.7089,1.93004,0.00290862,ok,2
BBMSDppInstant,11000,0,69.6654,14.1604,7.57812,26942.7,6924003,0,0,0,0,268,61.1023,8.55925,0.00384647,ok,2
BBMSDppStepwise,11000,0,52.364,14.1604,7.57812,25825.5,6637641,0,0,0,0,222,44.3124,8.04904,0.00256684,ok,2
DijkstraPrims,11000,0,36.7628,14.1604,7.57812,5833.18,1866355,0,0,0,0,148,34.2618,2.49957,0.00139179,ok,2
BBMSInter,11000,1,48.9971,15.1691,7.58203,6466.49,1654523,0,0,0,0,144,47.0536,1.94232,0.00116578,ok,0
BBMSDppInstant,11000,1,68.2613,15.1691,7.58203,26943.2,6924236,0,0,0,0,291,59.8282,8.43018,0.0029288,ok,0
BBMSDppStepwise,11000,1,52.1494,15.1691,7.59766,25829.8,6638748,0,0,0,0,224,44.1572,7.99004,0.00219522,ok,0
DijkstraPrims,11000,1,10.1604,15.1691,7.59766,1614.7,572562,0,0,0,0,41,9.38984,0.770235,0.00030338,ok,0
BBMSInter,11000,1,48.9934,15.1691,7.59766,6466.62,1654523,0,0,0,0,214,47.1694,1.82219,0.0018078,ok,1
BBMSDppInstant,11000,1,68.318,15.1691,7.59766,26943.2,6924236,0,0,0,0,294,59.8451,8.46975,0.00306234,ok,1
BBMSDppStepwise,11000,1,52.1135,15.1691,7.59766,25829.7,6638748,0,0,0,0,214,44.1618,7.94905,0.0026058,ok,1
DijkstraPrims,11000,1,10.1974,15.1691,7.59766,1614.69,572562,0,0,0,0,43,9.45693,0.739988,0.000452044,ok,1
BBMSInter,11000,1,49.1872,15.1691,7.59766,6466.62,1654523,0,0,0,0,187,47.1557,2.02994,0.00148478,ok,2
BBMSDppInstant,11000,1,68.5573,15.1691,7.59766,26943.2,6924236,0,0,0,0,278,59.9942,8.5596,0.00348074,ok,2
BBMSDppStepwise,11000,1,52.1751,15.1691,7.59766,25829.7,6638748,0,0,0,0,205,44.7734,7.39939,0.00231096,ok,2
DijkstraPrims,11000,1,10.1397,15.1691,7.59766,1614.64,572562,0,0,0,0,45,9.47744,0.661849,0.000415466,ok,2
BBMSInter,11000,2,55.5132,12.7741,7.60156,6466.62,1654523,0,0,0,0,205,53.6018,1.90985,0.00152752,ok,0
BBMSDppInstant,11000,2,69.8217,12.7741,7.60156,26933.6,6921429,0,0,0,0,300,61.1088,8.70894,0.00394263,ok,0
BBMSDppStepwise,11000,2,52.4255,12.7741,7.60156,25836,6640320,0,0,0,0,212,44.8034,7.61957,0.00261698,ok,0
DijkstraPrims,11000,2,19.9317,12.7741,7.60156,3095.84,1114882,0,0,0,0,90,18.5809,1.34966,0.00106197,ok,0
BBMSInter,11000,2,56.4961,12.7741,7.60156,6466.48,1654523,0,0,0,0,226,54.5455,1.94872,0.00185555,ok,1
BBMSDppInstant,11000,2,76.0824,12.7741,7.60156,26933.6,6921429,0,0,0,0,337,68.1782,7.90019,0.00396021,ok,1
BBMSDppStepwise,11000,2,52.6607,12.7741,7.60156,25835.9,6640320,0,0,0,0,206,44.9793,7.67877,0.0026532,ok,1
DijkstraPrims,11000,2,19.9278,12.7741,7.60156,3095.93,1114882,0,0,0,0,76,18.5168,1.41008,0.000987946,ok,1
BBMSInter,11000,2,56.7784,12.7741,7.60156,6466.62,1654523,0,0,0,0,211,54.7265,2.05001,0.00195272,ok,2
BBMSDppInstant,11000,2,70.9865,12.7741,7.60156,26933.6,6921429,0,0,0,0,282,62.863,8.11956,0.00403041,ok,2
BBMSDppStepwise,11000,2,52.5389,12.7741,7.60156,25835.8,6640320,0,0,0,0,215,44.7358,7.80003,0.00308497,ok,2
DijkstraPrims,11000,2,19.8574,12.7741,7.60156,3095.93,1114882,0,0,0,0,86,18.4567,1.40003,0.000642189,ok,2
BBMSInter,11000,3,62.3676,14.5882,7.60547,6466.49,1654520,0,0,0,0,231,60.4658,1.89999,0.0018025,ok,0
BBMSDppInstant,11000,3,71.0042,14.5882,7.61719,26941.8,6923662,0,0,0,0,295,62.3312,8.66936,0.00362368,ok,0
BBMSDppStepwise,11000,3,52.3835,14.5882,7.61719,25829.2,6638595,0,0,0,0,212,44.6019,7.77933,0.00224511,ok,0
DijkstraPrims,11000,3,4.4023,14.5882,7.61719,778.398,277621,0,0,0,0,16,3.97145,0.430703,0.000150433,ok,0
BBMSInter,11000,3,62.1073,14.5882,7.62109,6466.48,1654520,0,0,0,0,221,60.1458,1.95969,0.00180972,ok,1
BBMSDppInstant,11000,3,70.9416,14.5882,7.62109,26941.8,6923662,0,0,0,0,289,62.7181,8.22031,0.00313426,ok,1
BBMSDppStepwise,11000,3,52.4343,14.5882,7.62109,25829.1,6638595,0,0,0,0,227,44.762,7.66949,0.00284661,ok,1
DijkstraPrims,11000,3,4.41423,14.5882,7.62109,778.418,277621,0,0,0,0,17,4.09405,0.319911,0.000276805,ok,1
BBMSInter,11000,3,62.3226,14.5882,7.625,6466.63,1654520,0,0,0,0,228,60.4804,1.84014,0.00201292,ok,2
BBMSDppInstant,11000,3,71.171,14.5882,7.625,26941.8,6923662,0,0,0,0,296,63.0769,8.0902,0.00392837,ok,2
BBMSDppStepwise,11000,3,52.4169,14.5882,7.625,25829.2,6638595,0,0,0,0,222,44.3047,8.10981,0.00237021,ok,2
DijkstraPrims,11000,3,4.40377,14.5882,7.625,778.398,277621,0,0,0,0,16,4.03375,0.369884,0.000142397,ok,2
BBMSInter,11000,4,56.3894,20.633,7.62891,6466.5,1654520,0,0,0,0,196,54.527,1.86005,0.00228078,ok,0
BBMSDppInstant,11000,4,70.6842,20.633,7.62891,26938.7,6923637,0,0,0,0,292,62.2615,8.4196,0.00314602,ok,0
BBMSDppStepwise,11000,4,52.7635,20.633,7.62891,25827.8,6638227,0,0,0,0,234,44.7017,8.05954,0.00221805,ok,0
DijkstraPrims,11000,4,56.8962,20.633,7.63281,5826.96,1967865,0,0,0,0,215,54.4931,2.39993,0.00311612,ok,0
BBMSInter,11000,4,56.8334,20.633,7.63281,6466.49,1654520,0,0,0,0,214,54.8615,1.97025,0.00162348,ok,1
BBMSDppInstant,11000,4,71.5129,20.633,7.63281,26938.8,6923637,0,0,0,0,284,63.0484,8.46056,0.00393867,ok,1
BBMSDppStepwise,11000,4,52.9102,20.633,7.63281,25827.8,6638227,0,0,0,0,217,45.1486,7.75942,0.00219666,ok,1
DijkstraPrims,11000,4,57.0727,20.633,7.63281,5826.86,1967865,0,0,0,0,254,54.6588,2.40972,0.00416271,ok,1
BBMSInter,11000,4,56.8545,20.633,7.63281,6466.62,1654520,0,0,0,0,200,54.893,1.95995,0.00155449,ok,2
BBMSDppInstant,11000,4,71.0571,20.633,7.63281,26938.9,6923637,0,0,0,0,286,63.0044,8.04873,0.00399337,ok,2
BBMSDppStepwise,11000,4,52.87,20.633,7.63281,25827.7,6638227,0,0,0,0,222,45.6472,7.22048,0.00232356,ok,2
DijkstraPrims,11000,4,57.0703,20.633,7.63281,5826.87,1967865,0,0,0,0,238,54.5679,2.50016,0.00222695,ok,2
BBMSInter,11000,5,50.6446,11.9899,7.64844,6466.47,1654520,0,0,0,0,200,48.7932,1.84995,0.00150078,ok,0
BBMSDppInstant,11000,5,67.7914,11.9899,7.64844,26941.6,6923935,0,0,0,0,276,59.7575,8.02976,0.00417672,ok,0
BBMSDppStepwise,11000,5,51.734,11.9899,7.64844,25836.8,6640514,0,0,0,0,216,43.6421,8.08973,0.00213062,ok,0
DijkstraPrims,11000,5,0.825309,11.9899,7.64844,177.43,63548,0,0,0,0,5,0.725097,0.100169,4.2916e-05,ok,0
BBMSInter,11000,5,50.8629,11.9899,7.64844,6466.48,1654520,0,0,0,0,208,48.9013,1.95988,0.00172334,ok,1
BBMSDppInstant,11000,5,67.7048,11.9899,7.64844,26941.6,6923935,0,0,0,0,259,59.6015,8.09965,0.00361929,ok,1
BBMSDppStepwise,11000,5,51.7525,11.9899,7.65234,25836.6,6640514,0,0,0,0,210,43.5709,8.17957,0.00206851,ok,1
DijkstraPrims,11000,5,0.8202,11.9899,7.65234,177.438,63548,0,0,0,0,3,0.699338,0.120856,6.008e-06,ok,1
BBMSInter,11000,5,51.0865,11.9899,7.65234,6466.49,1654520,0,0,0,0,191,49.1348,1.94961,0.00209021,ok,2
BBMSDppInstant,11000,5,67.7827,11.9899,7.65234,26941.7,6923935,0,0,0,0,279,59.4497,8.32939,0.00358889,ok,2
BBMSDppStepwise,11000,5,51.7998,11.9899,7.65234,25836.7,6640514,0,0,0,0,232,43.9869,7.81054,0.00232917,ok,2
DijkstraPrims,11000,5,0.84557,11.9899,7.65234,177.426,63548,0,0,0,0,4,0.775413,0.070132,2.5395e-05,ok,2
BBMSInter,11000,6,57.5029,12.3163,7.65234,6466.49,1654523,0,0,0,0,211,55.6113,1.88992,0.00170121,ok,0
BBMSDppInstant,11000,6,71.7144,12.3163,7.65625,26932.6,6921511,0,0,0,0,282,63.5912,8.11978,0.00339815,ok,0
BBMSDppStepwise,11000,6,52.3839,12.3163,7.65625,25823.1,6637045,0,0,0,0,193,44.4319,7.94978,0.00226271,ok,0
DijkstraPrims,11000,6,11.4157,12.3163,7.65625,1824.16,626178,0,0,0,0,48,10.745,0.67013,0.000584908,ok,0
BBMSInter,11000,6,57.306,12.3163,7.65625,6466.5,1654523,0,0,0,0,224,55.3642,1.94002,0.00177679,ok,1
BBMSDppInstant,11000,6,70.3667,12.3163,7.65625,26932.6,6921511,0,0,0,0,290,61.8541,8.50879,0.00381332,ok,1
BBMSDppStepwise,11000,6,52.355,12.3163,7.65625,25823.1,6637045,0,0,0,0,206,44.2923,8.05983,0.00291411,ok,1
DijkstraPrims,11000,6,11.4073,12.3163,7.65625,1824.21,626178,0,0,0,0,43,10.5867,0.820298,0.000283062,ok,1
BBMSInter,11000,6,57.4984,12.3163,7.65625,6466.49,1654523,0,0,0,0,229,55.564,1.93002,0.0044375,ok,2
BBMSDppInstant,11000,6,69.9068,12.3163,7.65625,26932.7,6921511,0,0,0,0,271,61.2352,8.66885,0.00269123,ok,2
BBMSDppStepwise,11000,6,52.2449,12.3163,7.66016,25823.1,6637045,0,0,0,0,216,44.0325,8.20988,0.00255692,ok,2
DijkstraPrims,11000,6,11.4147,12.3163,7.66016,1824.21,626178,0,0,0,0,50,10.5742,0.840084,0.000403285,ok,2
BBMSInter,11000,7,54.0312,14.8788,7.66406,6466.49,1654521,0,0,0,0,189,52.0396,1.98988,0.00170306,ok,0
BBMSDppInstant,11000,7,69.9953,14.8788,7.66406,26936.9,6922721,0,0,0,0,265,61.8929,8.09901,0.00338648,ok,0
BBMSDppStepwise,11000,7,53.9633,14.8788,7.66406,25832.2,6639385,0,0,0,0,224,46.3111,7.64981,0.00242214,ok,0
DijkstraPrims,11000,7,43.8727,14.8788,7.66406,5827.38,1930723,0,0,0,0,190,41.4207,2.44988,0.00211911,ok,0
BBMSInter,11000,7,74.4157,14.8788,7.66406,6466.49,1654521,0,0,0,0,260,72.4132,2.00002,0.00256695,ok,1
BBMSDppInstant,11000,7,76.6991,14.8788,7.66406,26936.9,6922721,0,0,0,0,318,68.3649,8.33031,0.00384011,ok,1
BBMSDppStepwise,11000,7,55.0282,14.8788,7.66406,25832.3,6639385,0,0,0,0,227,46.9563,8.06901,0.00292559,ok,1
DijkstraPrims,11000,7,44.2051,14.8788,7.66797,5827.23,1930723,0,0,0,0,174,41.9027,2.29948,0.00291852,ok,1
BBMSInter,11000,7,72.9886,14.8788,7.66797,6466.46,1654521,0,0,0,0,264,71.0066,1.97984,0.00218052,ok,2
BBMSDppInstant,11000,7,75.8624,14.8788,7.66797,26936.9,6922721,0,0,0,0,292,67.5191,8.33958,0.00375322,ok,2
BBMSDppStepwise,11000,7,54.9581,14.8788,7.66797,25832.3,6639385,0,0,0,0,225,46.7653,8.19057,0.00220856,ok,2
DijkstraPrims,11000,7,44.0822,14.8788,7.66797,5827.31,1930723,0,0,0,0,179,41.71,2.36991,0.0022269,ok,2
BBMSInter,11000,8,78.4934,12.7185,7.66797,6466.49,1654521,0,0,0,0,295,76.5106,1.97996,0.00285699,ok,0
BBMSDppInstant,11000,8,73.3624,12.7185,7.67188,26943.5,6924262,0,0,0,0,309,64.8288,8.52963,0.00400312,ok,0
BBMSDppStepwise,11000,8,54.2658,12.7185,7.67188,25829,6638566,0,0,0,0,190,46.0636,8.20037,0.00181402,ok,0
DijkstraPrims,11000,8,2.2789,12.7185,7.67188,388.461,137787,0,0,0,0,10,2.12836,0.150478,6.4442e-05,ok,0
BBMSInter,11000,8,70.8909,12.7185,7.67188,6466.5,1654521,0,0,0,0,292,68.9279,1.96016,0.00284949,ok,1
BBMSDppInstant,11000,8,69.658,12.7185,7.67188,26943.5,6924262,0,0,0,0,289,61.4659,8.18939,0.00279967,ok,1
BBMSDppStepwise,11000,8,52.3447,12.7185,7.67188,25829.1,6638566,0,0,0,0,211,44.3836,7.95871,0.00239162,ok,1
DijkstraPrims,11000,8,2.18496,12.7185,7.67188,388.535,137787,0,0,0,0,9,2.01465,0.170242,7.0666e-05,ok,1
BBMSInter,11000,8,61.19,12.7185,7.67188,6466.5,1654521,0,0,0,0,236,59.2078,1.9802,0.00199239,ok,2
BBMSDppInstant,11000,8,70.0866,12.7185,7.67188,26943.5,6924262,0,0,0,0,286,61.4139,8.6691,0.00360161,ok,2
BBMSDppStepwise,11000,8,52.5045,12.7185,7.67188,25829.1,6638566,0,0,0,0,218,44.3721,8.13025,0.00213843,ok,2
DijkstraPrims,11000,8,2.16279,12.7185,7.67188,388.555,137787,0,0,0,0,8,1.96257,0.200073,0.000148203,ok,2
BBMSInter,11000,9,56.6656,12.0534,7.67578,6466.47,1654521,0,0,0,0,231,54.6937,1.97008,0.0018513,ok,0
BBMSDppInstant,11000,9,70.0182,12.0534,7.68359,26939,6924239,0,0,0,0,298,61.7254,8.28929,0.00350498,ok,0
BBMSDppStepwise,11000,9,52.6535,12.0534,7.68359,25832.8,6639535,0,0,0,0,221,45.1625,7.48858,0.00247464,ok,0
DijkstraPrims,11000,9,5.04299,12.0534,7.68359,852.383,296562,0,0,0,0,20,4.6426,0.400201,0.00018449,ok,0
BBMSInter,11000,9,56.7179,12.0534,7.68359,6466.61,1654521,0,0,0,0,209,54.9137,1.7999,0.00424866,ok,1
BBMSDppInstant,11000,9,70.4079,12.0534,7.68359,26939,6924239,0,0,0,0,299,62.064,8.3404,0.00346767,ok,1
BBMSDppStepwise,11000,9,52.5266,12.0534,7.68359,25832.8,6639535,0,0,0,0,222,44.725,7.799,0.00255924,ok,1
DijkstraPrims,11000,9,5.08206,12.0534,7.68359,852.398,296562,0,0,0,0,22,4.66181,0.420059,0.000188842,ok,1
BBMSInter,11000,9,59.8196,12.0534,7.68359,6466.46,1654521,0,0,0,0,228,57.9265,1.88985,0.003281,ok,2
BBMSDppInstant,11000,9,70.4073,12.0534,7.6875,26939,6924239,0,0,0,0,283,62.1245,8.27909,0.00372595,ok,2
BBMSDppStepwise,11000,9,52.4979,12.0534,7.6875,25832.9,6639535,0,0,0,0,225,44.8764,7.61928,0.00216398,ok,2
DijkstraPrims,11000,9,5.01964,12.0534,7.6875,852.289,296562,0,0,0,0,21,4.65951,0.359963,0.000167699,ok,2
BBMSDppStepwise,18000,0,154.843,12.3183,7.69141,69165.1,17814525,0,0,0,0,628,133.745,21.0891,0.00819638,ok,0
DijkstraPrims,18000,0,2.67781,12.3183,7.69531,429.492,148225,0,0,0,0,8,2.44801,0.229735,7.1653e-05,ok,0
BBMSDppStepwise,18000,0,155.138,12.3183,7.69531,69165,17814525,0,0,0,0,653,133.742,21.3886,0.00775021,ok,1
DijkstraPrims,18000,0,2.7287,12.3183,7.69531,429.535,148225,0,0,0,0,13,2.52802,0.200558,0.000122673,ok,1
BBMSDppStepwise,18000,0,154.962,12.3183,7.69531,69165,17814525,0,0,0,0,617,133.566,21.3892,0.00705645,ok,2
DijkstraPrims,18000,0,2.63832,12.3183,7.69531,429.543,148225,0,0,0,0,12,2.40843,0.229766,0.000123229,ok,2
BBMSDppStepwise,18000,1,154.487,16.4919,7.69531,69158.9,17812944,0,0,0,0,600,133.35,21.1295,0.00734987,ok,0
DijkstraPrims,18000,1,145.748,16.4919,7.69922,14040.1,4910421,0,0,0,0,601,139.611,6.12946,0.00726523,ok,0
BBMSDppStepwise,18000,1,155.062,16.4919,7.70703,69158.9,17812944,0,0,0,0,619,133.984,21.0701,0.00771748,ok,1
DijkstraPrims,18000,1,145.731,16.4919,7.71094,14040.1,4910421,0,0,0,0,592,139.535,6.1905,0.00556666,ok,1
BBMSDppStepwise,18000,1,154.414,16.4919,7.71094,69158.9,17812944,0,0,0,0,614,133.367,21.0392,0.00742701,ok,2
DijkstraPrims,18000,1,145.458,16.4919,7.71094,14040.1,4910421,0,0,0,0,574,139.472,5.97951,0.00632801,ok,2
BBMSDppStepwise,18000,2,155.221,17.6821,7.71484,69155.2,17811992,0,0,0,0,640,133.794,21.4192,0.00751729,ok,0
DijkstraPrims,18000,2,146.169,17.6821,7.71484,14037.4,4909729,0,0,0,0,616,140.234,5.92996,0.00554787,ok,0
BBMSDppStepwise,18000,2,157.447,17.6821,7.71484,69155.2,17811992,0,0,0,0,647,136,21.4392,0.00793537,ok,1
DijkstraPrims,18000,2,145.739,17.6821,7.71484,14037.4,4909729,0,0,0,0,570,139.682,6.05026,0.0060133,ok,1
BBMSDppStepwise,18000,2,156.173,17.6821,7.71484,69155.2,17811992,0,0,0,0,628,135.395,20.7695,0.00826234,ok,2
DijkstraPrims,18000,2,146.26,17.6821,7.71484,14037.5,4909729,0,0,0,0,603,140.504,5.74991,0.00651656,ok,2
BBMSDppStepwise,18000,3,155.461,12.9196,7.71875,69151.1,17810939,0,0,0,0,630,134.325,21.1297,0.00617743,ok,0
DijkstraPrims,18000,3,64.215,12.9196,7.71875,8244.69,2762201,0,0,0,0,260,60.7323,3.47973,0.00300085,ok,0
BBMSInter,18000,0,229.048,12.3183,7.27734,17308.5,4430097,0,0,0,0,818,223.879,5.16062,0.00762772,ok,0
BBMSDppInstant,18000,0,255.349,12.3183,7.28125,72218.6,18597694,0,0,0,0,1018,233.239,22.0989,0.0117101,ok,0
BBMSInter,18000,0,233.376,12.3183,7.28125,17308.4,4430097,0,0,0,0,857,228.309,5.05997,0.00713496,ok,1
BBMSDppInstant,18000,0,254.347,12.3183,7.28125,72218.6,18597694,0,0,0,0,1046,231.985,22.3484,0.0134658,ok,1
BBMSInter,18000,0,228.117,12.3183,7.28125,17308.4,4430097,0,0,0,0,779,222.95,5.16019,0.00668481,ok,2
BBMSDppInstant,18000,0,253.931,12.3183,7.28125,72218.6,18597694,0,0,0,0,1027,231.809,22.1088,0.0136109,ok,2
BBMSInter,18000,1,200.211,16.4919,7.28125,17308.4,4430097,0,0,0,0,714,195.154,5.05005,0.00673086,ok,0
BBMSDppInstant,18000,1,252.24,16.4919,7.28125,72200.1,18594488,0,0,0,0,1026,230.267,21.9594,0.0136955,ok,0
BBMSInter,18000,1,200.591,16.4919,7.28516,17308.4,4430097,0,0,0,0,656,195.456,5.1298,0.00534056,ok,1
BBMSDppInstant,18000,1,252.367,16.4919,7.29297,72200,18594488,0,0,0,0,1049,230.247,22.1084,0.012546,ok,1
BBMSInter,18000,1,200.862,16.4919,7.29297,17308.4,4430097,0,0,0,0,708,195.685,5.16984,0.00631521,ok,2
BBMSDppInstant,18000,1,252.202,16.4919,7.29297,72200.1,18594488,0,0,0,0,991,230.409,21.7788,0.0138008,ok,2
BBMSInter,18000,2,224.068,17.6821,7.29688,17308.3,4430097,0,0,0,0,730,218.972,5.08967,0.00633266,ok,0
BBMSDppInstant,18000,2,259.598,17.6821,7.29688,72176.8,18586461,0,0,0,0,1027,236.575,23.0091,0.0141825,ok,0
BBMSInter,18000,2,226.342,17.6821,7.29688,17308.5,4430097,0,0,0,0,788,221.136,5.1998,0.00639,ok,1
BBMSDppInstant,18000,2,259.505,17.6821,7.29688,72176.8,18586461,0,0,0,0,1049,237.223,22.2689,0.0126064,ok,1
BBMSInter,18000,2,227.776,17.6821,7.29688,17308.5,4430097,0,0,0,0,748,222.46,5.30968,0.0064039,ok,2
BBMSDppInstant,18000,2,258.96,17.6821,7.29688,72176.9,18586461,0,0,0,0,1068,237.218,21.7292,0.0123855,ok,2
BBMSInter,18000,3,229.775,12.9196,7.29688,17308.4,4430097,0,0,0,0,778,224.618,5.14983,0.00644345,ok,0
BBMSDppInstant,18000,3,254.145,12.9196,7.30078,72199.2,18591924,0,0,0,0,1029,232.302,21.8286,0.0135325,ok,0
BBMSInter,18000,3,229.101,12.9196,7.30078,17308.4,4430097,0,0,0,0,769,223.945,5.14949,0.00659323,ok,1
BBMSDppInstant,18000,3,254.667,12.9196,7.30078,72199.1,18591924,0,0,0,0,1014,232.445,22.2088,0.0133327,ok,1
BBMSDppStepwise,18000,3,154.361,12.9196,7.30078,69151,17810939,0,0,0,0,622,133.314,21.0395,0.00731174,ok,1
DijkstraPrims,18000,3,63.9255,12.9196,7.30078,8244.74,2762201,0,0,0,0,247,60.4226,3.49977,0.00315435,ok,1
BBMSInter,18000,3,229.844,12.9196,7.30078,17308.5,4430097,0,0,0,0,818,224.707,5.12997,0.00719036,ok,2
BBMSDppInstant,18000,3,254.15,12.9196,7.30078,72199.1,18591924,0,0,0,0,1050,232.098,22.0392,0.0127456,ok,2
BBMSDppStepwise,18000,3,154.758,12.9196,7.30078,69151.1,17810939,0,0,0,0,622,133.663,21.0878,0.00775226,ok,2
DijkstraPrims,18000,3,64.1821,12.9196,7.30078,8244.77,2762201,0,0,0,0,267,60.5701,3.60959,0.00232731,ok,2
BBMSInter,18000,4,219.676,14.5851,7.30859,17308.4,4430099,0,0,0,0,752,214.4,5.26974,0.00652934,ok,0
BBMSDppInstant,18000,4,253.346,14.5851,7.31641,72187.7,18588959,0,0,0,0,1004,231.165,22.1686,0.0127184,ok,0
BBMSDppStepwise,18000,4,155.683,14.5851,7.31641,69157.2,17812440,0,0,0,0,639,134.346,21.3295,0.0074796,ok,0
DijkstraPrims,18000,4,2.58825,14.5851,7.31641,464.496,157182,0,0,0,0,7,2.34832,0.239881,4.6176e-05,ok,0
BBMSInter,18000,4,218.083,14.5851,7.31641,17308.4,4430099,0,0,0,0,743,213.046,5.03006,0.00690412,ok,1
BBMSDppInstant,18000,4,252.781,14.5851,7.31641,72187.6,18588959,0,0,0,0,1025,230.188,22.5788,0.0136912,ok,1
BBMSDppStepwise,18000,4,154.775,14.5851,7.31641,69157.2,17812440,0,0,0,0,645,133.4,21.3683,0.00732778,ok,1
DijkstraPrims,18000,4,2.6393,14.5851,7.32031,464.379,157182,0,0,0,0,11,2.41925,0.219917,0.000132364,ok,1
BBMSInter,18000,4,217.61,14.5851,7.32031,17308.5,4430099,0,0,0,0,749,212.544,5.05995,0.00612105,ok,2
BBMSDppInstant,18000,4,252.971,14.5851,7.32031,72187.8,18588959,0,0,0,0,1007,230.239,22.719,0.0126029,ok,2
BBMSDppStepwise,18000,4,155.502,14.5851,7.32422,69157.3,17812440,0,0,0,0,623,134.825,20.6693,0.00767693,ok,2
DijkstraPrims,18000,4,2.6293,14.5851,7.32422,464.574,157182,0,0,0,0,15,2.42924,0.199949,0.000114326,ok,2
BBMSInter,18000,5,202.263,12.6559,7.32422,17308.5,4430099,0,0,0,0,754,197.227,5.02984,0.00602241,ok,0
BBMSDppInstant,18000,5,257.097,12.6559,7.32812,72199.2,18593143,0,0,0,0,1048,235.206,21.8794,0.0121828,ok,0
BBMSDppStepwise,18000,5,156.642,12.6559,7.32812,69167.1,17815019,0,0,0,0,639,135.435,21.199,0.00806884,ok,0
DijkstraPrims,18000,5,10.7834,12.6559,7.32812,1457.19,531087,0,0,0,0,48,10.0829,0.700066,0.000393586,ok,0
BBMSInter,18000,5,205.631,12.6559,7.32812,17308.2,4430099,0,0,0,0,718,200.435,5.19039,0.00634072,ok,1
BBMSDppInstant,18000,5,256.987,12.6559,7.32812,72199.2,18593143,0,0,0,0,1044,234.806,22.1685,0.0130171,ok,1
BBMSDppStepwise,18000,5,156.176,12.6559,7.32812,69167.1,17815019,0,0,0,0,631,135.108,21.0593,0.00903387,ok,1
DijkstraPrims,18000,5,10.8259,12.6559,7.32812,1457.18,531087,0,0,0,0,47,10.2453,0.580214,0.00038397,ok,1
BBMSInter,18000,5,203.457,12.6559,7.32812,17308.4,4430099,0,0,0,0,678,198.431,5.02027,0.00572993,ok,2
BBMSDppInstant,18000,5,258.156,12.6559,7.32812,72199.1,18593143,0,0,0,0,1051,235.743,22.3991,0.0140835,ok,2
BBMSDppStepwise,18000,5,156.026,12.6559,7.32812,69167.1,17815019,0,0,0,0,651,134.81,21.2081,0.00815065,ok,2
DijkstraPrims,18000,5,10.7225,12.6559,7.32812,1457.17,531087,0,0,0,0,44,10.0418,0.680193,0.000563447,ok,2
BBMSInter,18000,6,216.013,11.9935,7.34766,17308.5,4430097,0,0,0,0,773,211.056,4.94977,0.00643998,ok,0
BBMSDppInstant,18000,6,257.577,11.9935,7.34766,72203.8,18592853,0,0,0,0,1016,235.484,22.079,0.0139769,ok,0
BBMSDppStepwise,18000,6,155.181,11.9935,7.34766,69155.2,17811978,0,0,0,0,641,134.115,21.0585,0.00763258,ok,0
DijkstraPrims,18000,6,2.08994,11.9935,7.34766,356.848,124296,0,0,0,0,8,1.89033,0.199557,4.9282e-05,ok,0
BBMSInter,18000,6,215.212,11.9935,7.34766,17308.4,4430097,0,0,0,0,743,210.037,5.16977,0.00589363,ok,1
BBMSDppInstant,18000,6,257.55,11.9935,7.34766,72203.9,18592853,0,0,0,0,1029,235.169,22.3685,0.0126707,ok,1
BBMSDppStepwise,18000,6,155.116,11.9935,7.34766,69155.1,17811978,0,0,0,0,637,133.529,21.5787,0.00744809,ok,1
DijkstraPrims,18000,6,2.15338,11.9935,7.34766,356.777,124296,0,0,0,0,9,2.03338,0.119935,6.6132e-05,ok,1
BBMSInter,18000,6,217.936,11.9935,7.34766,17308.4,4430097,0,0,0,0,746,212.919,5.0099,0.00680509,ok,2
BBMSDppInstant,18000,6,258.55,11.9935,7.34766,72203.9,18592853,0,0,0,0,1012,236.528,22.0094,0.0122317,ok,2
BBMSDppStepwise,18000,6,158.665,11.9935,7.34766,69155.1,17811978,0,0,0,0,635,137.699,20.9593,0.00722167,ok,2
DijkstraPrims,18000,6,2.11712,11.9935,7.34766,356.852,124296,0,0,0,0,7,1.94654,0.170553,2.8122e-05,ok,2
BBMSInter,18000,7,273.445,15.1027,7.35156,17308.5,4430097,0,0,0,0,954,268.347,5.08977,0.00871686,ok,0
BBMSDppInstant,18000,7,258.931,15.1027,7.35156,72180.5,18587926,0,0,0,0,1011,236.719,22.1993,0.0122814,ok,0
BBMSDppStepwise,18000,7,156.165,15.1027,7.35547,69152.2,17811207,0,0,0,0,638,135.369,20.7888,0.00739025,ok,0
DijkstraPrims,18000,7,2.30918,15.1027,7.35547,356.812,126104,0,0,0,0,7,2.17898,0.130148,4.5526e-05,ok,0
BBMSInter,18000,7,269.637,15.1027,7.35547,17308.3,4430097,0,0,0,0,949,264.558,5.06981,0.00899739,ok,1
BBMSDppInstant,18000,7,258.805,15.1027,7.35547,72180.7,18587926,0,0,0,0,1050,235.853,22.9386,0.0133671,ok,1
BBMSDppStepwise,18000,7,156.403,15.1027,7.35547,69152.2,17811207,0,0,0,0,605,135.225,21.1697,0.00796689,ok,1
DijkstraPrims,18000,7,2.25404,15.1027,7.35547,356.746,126104,0,0,0,0,13,2.10411,0.149819,0.000106085,ok,1
BBMSInter,18000,7,270.51,15.1027,7.35547,17308.5,4430097,0,0,0,0,918,265.282,5.21987,0.00821937,ok,2
