5
2300
-4.36099189534991 4.051319900155805
5.082526254176763 1.4698639311802992
8.199886114310107 6.833087606388595
-1.3728253192500581 2.764771476737014
-9.811789004029926 -1.6943832843850508
4.893745204882528 -0.7114629152326195
-3.06029212524058 -9.519249245948622
-3.734150652597725 9.690923008778562
-8.431095602720946 -6.513367113327584
-5.199123359090281 7.514403846012016
0.19392343645503374 -5.20746297026077
-4.106683769935002 4.970056864076259
9.994297026571825 -2.5968598293344103
9.566719339944427 5.5051752838718215
7.271760740776916 -2.9365261442983233
-9.135911710684738 3.706581048266317
-8.602784716371623 -9.521369645746919
-5.726033307194105 -0.3905771985156221
-8.81802856942632 -5.646630635126952
7.963016939884856 -2.729842622211301
-0.4065790491624206 -8.467753111651842
-1.3098083666684843 1.96278685506325
-2.6003266216212984 5.34180434084969
1.43722072589612 2.4070307949144336
4.3759914881355755 9.130257605582702
0.9228735321842958 -3.9642418460494184
2.745384579651722 7.749286931905942
-0.6600374747670017 -3.473031009125571
1.879811215845388 6.681223836394771
-3.92868163736485 0.04396776420238879
-0.1915304788483656 -1.5965992686459636
-9.547394989780164 1.2989575226737333
0.5321626368307069 3.0764057312203015
-3.5490662036966736 5.098520959573156
-7.552381868722213 2.081353326504889
0.0635492621558349 8.127367591865454
8.238366480464535 -4.381921097492567
5.2889404941451 -2.4698750847172546
-3.6343554957746527 3.947001765982625
7.015276069174394 -1.130552418281841
-0.1631087788740544 4.241882152278819
-5.951650100738424 0.005477274787356379
9.328747258542712 -4.930071515834635
-9.539264863874163 0.9317045220019793
-9.909848147533944 2.365005612018191
-0.6241048478990336 -6.8484990512493376
5.462686178474927 1.9205592565060456
-6.211231392493676 -6.181427328951436
-7.581884769694258 -3.3314097330663
-7.942828909562348 2.6724083458000063
-3.834669272030718 -6.498577491851851
0.687562173687283 2.580601643253706
-7.876419854501804 -4.084156853743693
6.119843611249031 -7.026939043275677
-4.168690732670166 4.730967107147137
-5.807876172585928 0.2002520668068044
9.812006985236906 0.06511188853332506
-7.137552075358182 -8.14343099576857
-6.776854462747388 -9.088026552796302
5.080320123597524 -8.039425706842476
-4.680680187277019 -4.766995338048434
5.788189946672341 -4.1648593897075425
-3.117354266183856 3.0904850392304546
-0.7857615425227849 -4.151475922342234
8.449684405004291 -7.148207110298639
5.74614263092343 8.424496311858725
-3.9442981915827025 -0.7330683599676888
6.803579100094051 -8.138442665345938
-7.0396687645066125 -0.5014233478390864
-0.36236680629413875 7.926302027223823
-9.894243662277393 9.006107978542737
9.661689823974495 -5.5046272073578795
-5.79901269789506 1.8819772952005014
-5.24653321680379 7.86550943441933
-9.126534821396852 0.870433853402119
8.902645950034163 -7.86945856736909
9.950516086934908 8.449997695586386
-9.93998573176665 -9.727449895743227
-3.3044315417332086 1.0231486907710803
3.6400024673985385 -9.299083207142903
4.990639116290305 0.2760948559148346
-7.931777075528792 5.971723473810348
7.87388330945728 8.28073599752576
6.198535633114506 -6.724981466093309
-7.2426782176322675 2.668648557408426
5.935077338322284 1.3112653541357684
1.7977426453461334 -8.507932636829494
-5.463123837344859 9.644946224671035
9.4296657615449 5.243785177440952
-0.9220099164309445 -5.625566151668697
1.784966481616868 8.41216924837866
5.194547000742347 0.7001780740062422
5.459697953376754 -5.578426235576481
8.705914116236777 5.071942557003634
5.791676936050505 8.700163805450135
0.15582829998894 -4.963485690400193
-7.709066929213993 4.873029398801778
-3.020561665545096 2.5982446407039106
9.59557533348654 -0.3865214669263253
-7.384192261499283 4.652417959524584
2.8327167024762083 1.9538329210166356
-8.03273771643095 -2.5859524444113724
-1.2722688198001926 -5.8895240924894505
-7.071353614210764 -4.005741476123045
1.915085771094116 7.706421576920377
-8.364563974263001 2.858759839894166
-2.1352330339802155 -0.04554704141275856
0.0404623169641134 2.6338989321552457
-8.026454584160678 8.814387225229957
4.77777966251405 6.673770698189955
-4.584271477233058 -1.096144587848169
1.118540748494878 2.117098467728537
7.294610734788144 -0.771897055388278
9.099076347422145 -2.376821836707334
-3.938109767300684 0.9883476106027231
-4.321174372358138 -1.5347582419252515
6.963413370358321 -2.502872762968453
-8.43826377154363 -9.842649064541293
1.7921631751860545 8.224076371861578
2.8838121164869683 -9.008091636710926
-0.5864186893172771 -8.040817930582904
-8.531941783085863 3.5770607550005593
4.145438791869985 -7.238165300483987
-7.678795871175428 0.6531907094887668
5.580367052831395 5.98787909950933
-8.221415482567911 -7.645212557300365
-4.99676585500723 -3.452042623051142
6.19309109957441 0.03395868890949849
-4.404495610031058 -8.0711616084524
-0.8534401227862638 -4.439450154018541
-2.4724602498120003 -6.9814744229162855
-0.34777497509908883 -2.3815671230408846
-3.68387579680578 -6.794086626817473
-9.128295447583302 -7.67908184230839
-2.7173778878321952 -0.6033865952399768
5.208829131343599 -3.4832908530567224
-6.460677190016277 7.273637982235677
7.177896082682889 -7.934767796939095
-3.4663541675692517 -6.339569966700214
6.563754501067891 -1.3064694794776877
9.004250557509938 0.09164144482264724
-9.000847883352478 -3.3038399692895704
0.3383300394722575 -6.563500498788204
-2.359869450056353 -3.678365545964053
-1.2939426903119067 -1.653326416097622
-4.872600010302457 -3.0163922021221934
-9.544042314669028 9.542784160926317
8.159470943541525 -6.829906061434546
8.07783071295853 -1.3992667796309366
-9.41327737755441 7.535114776773579
7.162628363609439 -2.127634502575839
8.608334167092735 -0.7144234462975323
-2.8754712295152203 2.9671650388952404
2.7857451873091215 9.596938033236647
-2.97241875450376 -0.36708330634219166
-6.042077170085587 -2.634557376906603
-5.671365650334607 9.021023570996658
-4.004520602604302 7.29495736975943
6.712935426232772 -2.5082387502273136
0.64469312505517 5.8218559163901595
-0.3232650669315831 8.71408843381126
7.294156029340197 3.5142104618078633
-4.957093544022988 9.53664582548776
1.881334117463826 1.510658229332119
2.669993341251889 -1.404758118387635
-0.5950709224346813 8.3361953822155
-0.17970527239070577 9.72165902637413
3.534224332447703 -7.910621647942544
3.305957479722972 4.743249401050132
4.867414660971491 7.782173288533233
2.8368928492980814 -1.8211960107136616
2.7334031431418264 -1.0203593083044922
9.17295839345654 1.8399063178638198
-5.2215089220651745 -5.807630123130794
7.1830534947017775 7.80567634613049
3.7693847700613894 -1.080056957001684
-8.452367493240533 -5.472249512029754
9.351181833658291 2.1962274270502107
5.035023945911799 0.24311164862954548
6.077091405412936 -2.1793530967991215
9.066961269972282 8.724058241178952
-4.190458143238038 -5.77911650746429
2.3220963346462327 3.6891868305830187
7.033103135100923 -5.0866269484253674
-9.96840761373197 2.8091632270162137
-7.422846624037238 -4.657796706453167
6.008384848267784 2.5029442903854804
3.5774244106843707 -0.9896349859131277
-5.878688096913416 -5.8422363750494455
9.04447673196276 0.2945256374981753
2.302436983579195 8.873226670526165
-9.710670460404323 -6.346890306617963
6.203917854136304 4.481661380680331
1.8019580687566688 3.7490028882856112
1.16218287651267 -9.48223670718195
6.235366015879599 -0.13165233838741308
1.0532627025062897 1.2698772060320813
9.16779145670612 -1.0360313177777698
9.665435272674465 -5.702377759341424
-5.444831006338551 9.726082508096635
-5.667799032456169 5.870251181125441
-2.9705968383270953 -2.319852332137577
9.43151277475856 5.407181026953866
-7.341546250615232 0.011205963268377417
-2.519377720235287 1.1247462124742142
7.144011347482774 1.4177725405771255
8.468859363818261 -3.306681791891797
4.036196206978975 -1.3727904894614973
0.7594237347703814 -8.280917561710643
-1.1316815763356374 -9.826449261790064
3.4764110965981843 -7.868344755240924
7.353941593656934 6.776494636912492
6.272853402670535 2.376276050686039
1.0233707283270466 -7.947641568377746
1.3389526388713424 -4.901732531192817
-0.4117350090997203 -6.454801704017113
4.736098775570159 9.93660177651157
-7.560246257085426 5.669889193601987
6.094673954993041 -8.028756544547077
-0.7335106747910771 4.992150368309405
-5.421315713616934 3.1024753105746754
-6.744651862421005 3.1895977296973417
0.9696416873136808 -1.0572858521347133
-9.140865304650742 8.394583113219838
5.735176768588273 -4.663022430610527
-3.309143314614653 -1.739210077121708
-4.761334946542606 1.9920778728816337
1.6843362330056237 -8.379937239746642
1.615539115264772 -8.18008224526755
-6.61170191347286 -8.589423507550183
-4.112061067900649 -9.10554244144863
-1.6232532304464833 -8.047989863006517
-8.544106701611573 7.610385496799687
3.8750252542886443 5.1434300545152745
1.3165521771247253 9.62157111350032
-5.554583823876116 -0.30397662140769555
7.774235958274062 -7.973560753717952
9.266985195971756 -3.2043291580534845
6.050938272398692 5.304905347898504
5.555528394214544 0.7253609707142203
-8.247589480882901 -6.946924503097316
-2.250785310462147 4.7838662138577455
5.295757572398994 -3.4853059321454687
-7.5813518783696825 -7.4546897458552746
0.6764642992719523 4.216653962045303
-9.314037200453615 -3.073852694372448
-6.999250521013856 3.863163614631855
-6.4897149048633835 -6.723548071953454
-1.0829200358148263 -8.33480531799421
-5.996201864374642 0.3133824389706312
7.448881340743718 -9.813907396200321
6.07082101713663 6.826671380781011
0.7450353017580227 7.183351082701929
3.154290803603214 -9.994281429417953
-7.030330712533857 -9.013704845749125
3.848107140323725 1.2765986443854835
8.012050523979934 5.324330887950495
-9.578391996031534 4.745339102074693
4.59847088226477 7.343552184474731
6.289085566763436 -9.704993110195645
4.8020707581403865 -9.943845104987965
-0.42442299457507104 -2.208332411356599
3.3077513956595173 0.05608954862376336
-3.548662847175004 3.7151170867492294
3.6931934071087866 -8.112276589792604
7.883791014453038 -0.5112021706440153
-2.4415209129716615 -8.290667861231276
-8.159362120756505 -3.036441540424941
3.3441193263577844 -1.7176799159855207
-0.05141336902201843 -2.0145352515696917
-2.9260542698191516 -8.978025106238228
7.4144941851170145 -6.457752889896633
-2.5723946345985667 7.904492721318597
7.943684330248704 -5.716138544937741
-6.935149400456286 -2.113551264673492
-2.6944247323933013 6.348872863680636
7.771942609859355 9.825306419646129
-0.3952843435260114 -7.857119854285381
7.142007231639905 0.23039217204214602
-0.77579568394974 2.8230505992636665
0.992496123613245 -9.207122963654399
7.436282885240395 8.988383235830963
-6.810009666484991 -4.52973415552653
7.198317308891113 -8.709645784037418
-5.1529976924787935 -7.0473619481934975
3.805198638783736 -3.439769703163811
9.125019172854646 -6.037580170877939
3.0648550910999184 -0.38546290090375024
9.696478123902786 1.2389718669338876
4.5479281406159195 -8.216022849723688
9.706088463961631 3.8296297681717224
-6.35984863957505 4.1434295448795275
-3.3981356214462766 0.3826908799248585
-2.6851655116556845 5.366346023347706
-0.8359156819888831 4.479572885411095
8.17516457170193 6.942598435534769
9.824021559393756 7.55908728969959
-8.860173638718578 -3.338701513533029
7.302808430527602 -8.291384966019775
6.328945313981116 4.022923074594241
-9.657119758449081 -6.794546449507206
0.11220000787249873 -0.21638004590166915
2.0559555480117204 -8.615217225941642
2.1775697510464767 7.75039722509068
-1.7408802649308477 9.599925824181078
0.8951667624253048 7.012427332181499
-2.1755489096738163 3.4669814585440335
5.424696876450987 2.259743144989784
5.573805395811762 9.562248872092901
0.16406022310911084 5.049756908463037
2.1535356349018038 2.5516979844348846
-5.965082101744357 -9.16061866362378
-5.173886091188917 -3.3796302844081723
5.3256653462856836 -2.2739119534060332
-9.3158940008393 6.108227349853863
-4.856446898545528 5.322360900240472
0.9159791038394065 -4.603539361471856
-3.304452088888434 -2.132911897196969
-4.883074951245286 -1.4386885748939697
1.4702851787125724 -9.14623353671244
8.138795739537322 -2.3157206228912175
-2.6209394632430794 -4.487573237616786
0.6253613819773545 -7.824813949552219
-5.8395361705482 -1.3075389951949035
-6.966252381399302 -9.635429895001613
-9.05964658108785 7.4586959498058505
8.47104213953817 0.39525281597280326
-1.6511436596151583 0.5509692568191689
0.25685183774491804 -2.2172639925348747
-4.5855749803055605 -8.512105782757928
6.185617379699234 2.338628929324747
7.589868986297105 -2.3144422174193435
6.283127906373355 1.948733376195797
-0.18536343982049175 9.979874481601293
-1.6950804517425304 0.7274267706029498
-1.5279994343039949 -9.634283396016784
-3.3459821038205035 -0.0900574426161036
-5.168520206022034 -0.8586430545217674
-6.03133151681252 -5.025780170208078
-3.2874734991799244 -1.7498061792725768
-9.6172084879306 -5.702401219080371
-8.767672183121602 6.984964189261245
-0.2814441199480804 -8.40336366786378
-9.072680689197243 -2.4075338777203203
7.662646041521107 -5.926237926317195
-4.959650366012552 -5.827568812980108
2.9707336077345197 6.974486672287931
1.6051021115004094 1.7502032029627923
8.901799921330085 -6.391718328861118
6.630608169895545 -8.33877351987699
8.508361152755203 -0.9504342020671501
9.482249783398697 -0.831631447241092
9.736404192772046 9.239094727947144
1.8128013280592157 0.37702306450039735
-3.6766635947899617 3.4377773558771842
6.630937807308804 -8.762946579648263
-0.8375808184791786 1.9662331700198834
-7.6585061722068914 5.094659286249241
3.120636057543587 9.606522915040728
6.301437902771006 -4.004015329697433
-6.885068377167434 -2.769019674762447
-9.353420403048336 -8.858476666385542
9.163739737516 -5.445289371252517
1.649311750364415 -2.125643755820339
-4.703897424821147 4.065464264004241
-9.798855672086656 -6.232325552327403
-9.739209114198879 -9.198313582609918
3.0448324673920357 8.847144130009386
-6.381098173456749 7.268614464818977
6.530401998307692 6.163131490506043
-5.994896264633018 7.551799229078021
8.71720086728348 -1.1578686480221165
8.289080347423528 -4.615530218722865
6.526833149837238 -8.812767430003301
-1.919254745870795 -9.838481171660952
9.85740783600843 -7.9489124371081825
6.5463184608395935 -6.996653518222596
2.8330721760948343 -5.815211455472538
4.715778318685286 5.159492523553929
7.449086185013456 -0.20950129267110995
-1.2942265559117097 8.136738695442517
6.644650731586335 0.24078027454265793
-7.353201402755209 3.715576825407741
4.703814579648814 9.281920653086384
-6.279547276750275 3.9781194559733795
3.043423763961048 6.552882152281342
2.71895955211836 -8.833084846749664
-6.746119044760763 0.1569258843673147
-6.97763439997005 6.423392536599618
-8.862060896760624 -8.962431747291708
-1.5611027650875755 0.14347106161149803
6.636999815877122 6.817321039170562
2.5183240087526606 2.9969431092776855
2.098330714875118 -8.10162615455198
-2.9785915414108004 9.265134658803223
-4.4081143095585595 5.870147814382513
9.846490246398371 -5.457361054650109
1.497092936373674 -8.372716486285778
-4.429939764283102 -1.8014032669304534
3.8228728624035835 -0.8803909051230256
-2.463614202596811 0.23834523428918786
9.93578680516871 -4.09417953112666
3.5558750457477117 -6.299555067683982
-8.940752019897309 6.507709769216806
-9.1486508825004 6.7078017683394116
4.151635005458621 7.7149480711828495
-0.620690550985616 -1.02627553047855
6.589981922992301 2.961515716979692
-7.553870038870412 -7.159622915626351
8.806651846381705 -5.33909543138485
-3.470245331022568 -2.505372761302615
1.870736798455896 9.660822733379824
-8.721437319342172 1.9035252907066873
-1.982914363374487 1.4437022460346007
9.004855125894586 -1.3135722923061195
-3.763781420144678 6.778619139800622
9.5270759166335 4.053119927101367
-2.530194584857199 -5.311440468603386
0.04124067571889434 6.614223307672422
5.149682228865661 0.5574626738809982
0.5598115143717113 -8.885058848093802
3.979749323138579 -5.9681396624287775
-3.170508849901477 -4.155740393444798
-0.39247130896264437 -3.811280890167219
-1.5683048774081705 -5.3895816815508235
2.452079676342432 9.50626928907316
-0.16485004107943446 7.874973126089461
9.464288727536456 2.7607698413689192
1.1548946964863145 -5.526685156390288
2.580693475425768 3.169281147769201
3.969229638602883 8.938899848385425
-8.283299237581472 -8.621851957129255
1.4595641727067097 -0.9788347695304616
-3.5406202167528678 -7.166396961657558
-8.622442518521542 -8.30614455538446
8.689955058302385 6.451823116225761
-5.530016762088041 -7.2031157508518255
-0.5362783338298769 3.2947184603557815
-5.885376892025964 -1.7060295842065756
9.940013604199116 3.1144525290989655
-9.400095031223621 0.7642118752779403
3.417832600122841 8.633617671347395
-9.15413088183093 -3.9820975826850784
3.4411374102360313 0.04436559230953563
9.783858271752514 -0.2475613772913281
-6.032164168502163 2.1077359237672475
-3.4886083717250465 -5.301345662505243
7.700091689292037 -7.25246140786658
6.607258598902277 -5.616234792042802
-9.803630320765674 9.289966088159193
-2.016449813772989 -5.159373931218605
8.264366245229073 5.583858506844324
7.954530288378805 3.0900245350078652
-1.3480305112084103 -4.2993340877850965
-3.5862159440842722 -3.819184434295824
-1.3573385897410635 3.799644990858134
-9.060559650376074 -4.4331641166810565
-2.766767534652863 -9.708674596393392
5.859679024320769 -4.9422861601373675
-7.366152550773952 9.019925680861821
1.6031106104658903 7.5686576106339025
0.06625943669841483 6.384203581948178
3.5057792951747224 2.7461495487071748
0.35097236899093076 -9.375777952674246
-5.082405634480118 6.056561946424836
9.309956270054958 4.883835135738131
6.548121060327855 0.23754780882761573
6.835395794373067 -3.9002224823685205
-0.5587449048603421 -6.880861023583007
-0.20537529772324348 -0.15883999891940803
-6.92722970746116 7.039567226384737
-7.257992542377956 7.333842195831707
7.188709905088736 -2.920327887745689
2.8007692418120946 -4.593451270711844
-0.5782172414976365 -9.353763689129575
8.677046341522654 2.250585204191758
-1.9023073410026932 3.080330739269657
-1.9871028226991765 2.3875101914059353
3.4007311559354427 -3.7623966923065844
-9.087165417598984 -9.860405054957049
6.220243554852306 -0.5119972559584198
7.806445615164606 8.644010996201516
-1.1870014025839701 -3.823158073867459
-8.974700362444533 1.01638681062777
2.6564531496123394 5.21379561468339
9.659015622353383 0.8486636658682016
7.946015538693267 -4.836128754314171
-9.709127564052782 1.0239713032509883
-1.9781561901706457 -7.8732696537984275
-0.8239828312009063 -0.19898445223710226
1.1754911027483281 -7.20287404472505
6.350987327702299 -2.061710458398524
-4.60046583356945 -4.310092414705284
-2.3735896765436904 6.735364732783232
1.7799694138638849 -7.989875455678225
8.530872710915492 -5.147266907924514
5.237868795887696 5.668501631577767
3.267342554372961 0.23828144960265796
6.5024476950241485 7.069334753633967
4.01168131306771 4.484789029411251
1.9425411981503498 -8.068250770236334
9.221158615297142 -8.349435812060133
-6.418699497503209 0.11731215920530857
-0.023800808538663176 6.298101512185262
8.716694375303856 -0.1754466616078112
-6.831234424656552 0.13604307013357975
-6.346591408729145 8.879726993446301
-7.497822233795115 8.270706727629658
-7.614254791669293 -4.3271062414927774
-1.6627068105482934 4.422870257593505
1.9915510006106096 -4.069951201212487
7.380639104238835 1.2129110812466202
0.3942034977840869 2.8852726244716678
-2.6019561557560227 8.474537850941555
-5.0891138867820995 8.553412080006584
-7.3879226628683 -2.7028817850949345
-3.4143202535970048 -3.168572334617785
-3.227628015178345 0.16987033625280468
0.7916014526753994 5.301126729711736
-7.528358092951577 2.0347549915206358
-7.811564664046086 2.0500871412751103
-4.2796992893908525 -9.057311105407509
-6.995591812222988 1.2559436883954511
-7.9748330415935476 -5.70739267287925
4.079259389588897 4.592547554076816
0.7742353622740197 -7.801269644205733
-9.24003340522027 8.710832609808708
-9.229664745434869 8.032564619759604
-6.070633499980991 2.4282145338098644
1.6711082568940157 7.660094956018575
-2.4170820031231983 -0.1554702284675571
9.742742350062692 3.082119538751387
-9.897000597586562 -4.838452161043058
-6.326708906802006 2.2157675359172657
-6.301900680812002 -7.337217949953663
9.409604075322807 0.39324981624941024
3.8135695443632116 -5.7959466937863535
-2.1403982008827427 0.39864903170121124
-9.424937634193544 -7.663715061805272
-2.94443616062585 -9.354028901536877
-2.255131239527506 2.8466648933573637
7.148647413469277 2.9449432448081314
8.082646461953008 -5.341648874222984
-0.6194653063104134 2.7937168370191134
-1.4545542064470318 1.496668892951119
1.4266143977555181 -1.7291214900428624
7.028823704053522 7.402756284337361
0.45476274577600506 3.074097055867721
1.079411956892102 3.766218085037698
-3.055817967375953 -8.266902747225622
-8.454195186973097 5.005446509344482
-6.995340639902037 4.985859149469434
-4.046494874618178 3.0427572458012992
-1.4467818904263048 -6.537746692666923
6.086027507944877 0.3731728757893844
2.8057032643795914 -4.841736139715492
-6.455999367880462 -3.4595014800448487
4.765780683559612 -2.4233473263037997
0.6144066804568542 -3.137471499618833
-0.33109443557437146 -8.619809355685476
-2.122444627992273 -0.027796451179629145
-1.941192242667526 -4.766756676687591
-8.376157650765943 9.59576692973393
8.90670168117187 -2.809765928278063
-7.589472089559108 3.7479747449876992
0.3775937690064275 -7.350741580041012
-5.681262801924363 -3.7878109071655164
-6.612270072993329 -4.432598423324581
2.9301483790032297 4.5147280726931385
-9.952724868586815 -2.9900857260484575
-2.38848091711265 8.976427271373705
7.347520016976468 -6.769026340546995
1.7758765462578836 -2.3801325844597887
1.0055008270205974 5.368692197465579
8.502301717291026 -9.72897653267899
-0.2954834259190804 8.146551071920477
7.640743879195675 9.094894254976978
-8.30753655343593 4.83852857449487
0.4850621928990133 4.232193291605832
-8.21542966950335 -2.953915345573388
5.593802994280974 0.31612160743336126
3.50076394179996 -2.8923999750960245
-5.848557736664528 0.7668469966864677
-6.728484952432215 -5.752808680749711
3.1237943647463933 5.32472581614789
2.002490266568376 -4.190697962514099
7.554183472598382 1.074364166009845
7.392720741763085 5.12344036378213
-1.1786020675221387 7.797880500415253
5.929282199718951 9.491515558689482
5.6630957543875695 -7.649526142741292
8.16261377869823 -0.920035663438334
0.8880170260616858 0.05853491423384938
9.178951052111195 -1.03623720921102
-6.988093333703469 4.968987563977407
-0.18186983509964172 8.527972558613076
1.2428223366012965 -5.076670669910017
2.8693414536167374 6.317932476307959
-9.43024695216518 3.708500739187329
-3.827847502338435 0.2684054067506523
-2.482727500574753 9.667506567875957
-7.826069148267171 6.156079782364671
-4.39682948706555 -3.3383440079624194
-3.921768392531522 9.905824555399253
-4.0629304439842 2.1729872173468205
-1.8993407906034339 4.547180508537345
-5.2142152641835775 7.882691047398474
3.175296456220547 -8.016751528828316
5.753434963823283 -0.6421751348960552
0.5301385641543543 -5.538487567556841
4.305847823028916 -3.9872193134269533
-4.294623840985274 -0.6760669698759472
3.4024664976994288 6.696344417702967
-8.290000357539514 -7.498842225316837
1.9523452960831023 0.3422466744054393
9.040610871488653 -0.5532889898171582
-5.056511144660279 -2.1352187845506148
5.361194423905506 8.992477488571907
6.439855265922553 -6.81637779502501
5.281901601415747 -4.662246712692541
-4.455390668554784 -5.225564139058072
5.205118375547801 -2.4558500130935768
7.0828473796418265 -3.730895480576555
7.370786636057826 -8.074254414504106
-9.544399120350583 -7.272413179729005
-3.9485509831161414 -9.24151848559841
-8.753036133781775 0.05012754042310874
1.1675426371305342 3.640001957605925
9.606643401786403 6.111478998000987
-3.869210612961247 6.407043844554373
-1.7387173473798345 -5.619035726636721
-4.141014284943223 -0.5178569762964571
-0.10866809484687501 2.7211915311720567
-8.369956045667584 -8.675808508881058
-0.3718818808257307 -9.475615686607421
-3.401561290844901 0.06892031651893049
-8.082534393668304 0.9910385084066036
-4.600008311735357 5.681247559334754
-4.147881006121077 1.6414569845877907
8.264993405227305 3.7186805712793856
-6.482618440972008 -2.3002508216819306
-0.014796070674014672 -2.5489362943782323
-4.0864177813226465 -8.714512082043376
-3.8826956703061892 5.917478942676889
-0.9907892233374849 3.8434538933388005
7.774776190487902 9.546283817710549
-7.08247303043589 7.11509766038143
-0.6426061400427496 8.995360785540722
6.652193557327621 -7.781774834738746
-1.8155234829081337 0.2365681515617588
3.0060018550764838 5.600987676798583
-1.5362131217213886 1.9934758853726073
0.24762712299307488 6.0077016238550165
-9.915700573957725 4.331187404500499
3.6489203427215777 2.230490369994506
6.04172472147318 0.8471024069918478
4.726317152164279 5.100564168952186
-4.67901761606988 -7.5314499704892635
-8.21051035374513 3.191619100000441
-1.102807070140173 -8.875820115887832
2.2842293358382886 4.147100173514618
-6.0072559612285925 -6.087674066517128
6.398556515988268 6.5639848260587925
6.551087037948836 6.184820482998422
-3.0471502778120074 4.907076221816094
8.191736972507396 3.2667007681466025
9.90010332358472 8.473906224705019
5.003433998450518 -3.5242085322662753
-3.61179407412743 5.868993169248283
-1.7969255557474906 9.416270881130046
7.941428786756386 -0.5851381379291674
-9.564637591510095 -0.7218984353716191
-7.732331890368201 9.944925974195858
-9.792726486447695 8.750127117418373
7.134692080267719 8.048242790081847
5.826293394005495 -5.187983441748322
-2.927050206931514 0.6886714686325632
-9.761199875972256 8.077042910504304
8.25040932393842 -4.829207819842858
7.945530292713109 2.7706494281694116
2.426181338849 -8.338538277100247
4.909956781901279 8.866481235712243
5.12854895441752 -0.35390225844379586
2.5060421335050957 4.256881671998853
-8.946391459808556 0.9993356464265979
4.469664574541756 1.1898326008775388
6.092452164749112 9.080501991039835
1.6203979753530078 -9.968406979067685
5.118009314895746 -9.758575916263554
-8.009690114040737 -6.907206828257153
9.841387438994225 -0.838363725879848
8.43433191731523 6.0348173204546285
-0.49523442818092533 -2.8011572921606964
3.869118374522033 8.708437667967829
-7.084916677702728 -8.279348450349378
-7.773407221264444 0.9803916174079319
-7.564221833601328 -2.9200030302956943
3.3713103236565534 -6.496899418800412
9.752313347386504 -3.5124230173765163
0.8002550789524534 -3.641634305028802
-3.5847351173914577 1.1924862330989239
-7.6559694645709575 6.182899690224406
6.886698726232858 4.418294050011777
-2.2413363060611484 4.235567492559545
7.494657780196846 -5.1701956462437675
-7.464515223059216 6.407694017297807
4.820324946196646 9.003772213460469
-5.07532156295003 6.975704515115478
-2.946061846261177 -0.9384516878137248
0.5923924593362067 8.82509676884953
1.5852860173419145 -5.364900682404388
7.23315540720446 0.1950940640266392
-7.666259312257968 4.734647669926952
2.8622695341168587 9.570187965806369
8.271726322131546 1.690240333419279
3.944063548157569 5.824852480507756
4.32627923745585 -3.9793650537414083
1.2363093098818716 0.102812129646491
-5.704712114540083 -1.6887219310172306
3.7580860120203816 4.691740833195899
-2.081384652574691 4.78100268208388
9.880718501934986 -3.102692213456713
-8.297378300918737 9.472426436826392
0.15463193285840404 -6.454497108432371
1.4196046460124343 1.4590665518608077
0.8349318580019176 6.703091818434427
-5.121504185806183 9.921365795382439
8.984514925224378 -1.569106970896378
4.0600978402585355 0.18191820783158974
-3.6114101371740137 5.035241084377031
-2.9930635022658025 5.38776081216267
-4.818795214473557 -4.316713369291721
7.094179015926525 3.426453763235335
-2.4855721373859607 4.283772768985285
9.597911402729558 8.402199455000147
8.872184453170782 0.7712519025774505
-0.5996634605441749 -7.939903560749513
-5.3741873685178865 -9.950839343047734
0.475484737861823 -3.314662871620138
0.06828784970938528 1.5770484902545299
8.074045892034867 3.5958262205293963
0.8711342458897224 -9.041556908339185
-4.1390757814815 -9.055138647828183
1.457646694594981 1.5921910070011656
8.827907107169192 -7.320289117317693
2.9469873706736145 3.1891500086479674
4.100300905509201 0.48155971872554915
-1.9146701909747872 -6.601053598321167
-5.609674118820809 6.180971348054442
-8.10440181809004 5.45032706399452
-9.428745843480502 2.6980032975082295
8.05200865607084 9.659496437901847
0.04911455889468286 6.3220577621263665
-0.2405396576853942 -4.2653092066428
-0.4600501595159372 0.40353005881655335
7.457076020249573 5.62499107519084
-3.3981418707092415 -0.06330266551713848
-9.94884313039357 -9.982877992464214
-5.9937374314450516 5.507065995808729
2.4654609638529017 4.513836527192074
1.2240230509306862 8.089588242206549
9.129546078609273 -5.487740912184346
7.2338005956177085 -0.6322420737769683
7.543248158018308 -6.8094636222187095
9.430009395144477 -9.057751400506573
1.6577936663878816 -3.1507434213789427
-1.9437766953293494 6.319366609143636
-1.1317609029110685 4.67493874300666
3.105090829861343 2.2246465028761175
-3.7710360628899853 3.012094399277803
-9.86911621449485 -4.987906302794491
-9.84710915632903 -7.4897737869116305
-2.779845319900806 1.6431144281353127
9.377040528322315 9.661260533062329
-3.759789946731553 -5.398188574372551
4.545775535106715 -9.375890143878214
-7.029677923164268 4.222711833460677
5.808557465638165 -8.657244081830726
8.797092095422322 -0.7028819507905997
-3.8034724910287494 -8.186091396330902
2.5932131867337187 -6.470369698587842
6.897760302041867 -3.9236797347283385
-5.400545008013844 9.71157830379748
-6.928434141971582 5.043580282879079
-0.7820410349696907 5.751283205963704
-1.535738417631201 -1.2290999405752387
-7.827348597302224 -6.433939211400562
-5.634462329400911 -6.026486751703968
4.7272056490980034 -0.3119619241458249
7.529745099257745 -0.6096284423692495
3.434107341997308 -4.308315813167109
8.579959281629012 1.1716352241474155
0.8036818963689889 -3.109129788527505
-3.105743434778341 8.365818961255329
3.8603882274657675 -8.079995666961604
-6.727340487466642 3.7111820438217613
8.945705227390004 6.152166380908323
2.148756302628872 1.666918836397766
-5.659159395504898 1.0522410047291721
8.839675599882348 5.950353403214681
9.564854935639861 1.4978317651509805
-6.8705127404286355 9.868652687201628
5.092498199166419 -4.210066584588159
2.359619474608678 -4.3939510745815085
-4.300921730117482 -8.24351356419684
-3.130085374984519 -0.467274296323799
-3.315244259776719 0.36673101345503056
-5.477241573566558 -9.198244926366222
-7.705510214825344 3.7483737514178994
-3.1115390592069714 7.851536272890321
-9.4113812073631 7.144347604797151
-0.5827911907885746 -2.998106398152931
-4.580065517706464 2.9457656214212804
-3.974782888974067 5.371225872157003
-1.0855111256570638 -3.7524776242677182
2.740664616906397 -3.920200486513588
4.461232057621247 -0.7458149853518421
7.917317400831568 -7.40818189278762
0.5230407949637428 -5.010417893813834
-5.783987367989476 3.040625265258397
2.99747498333209 8.316935935087528
1.6331696125798558 4.836737656038766
9.178838922352622 -2.944949164998853
2.1984315115859268 9.355726337795428
-2.84743312783805 0.5000752416397098
-4.567120366071142 0.21427688375053933
-3.1778958758369935 -3.3401578517163477
-6.228571305399651 -0.6043836956258666
9.636115331667881 -4.177735181603943
6.204532819385953 -6.894071322882793
8.747321473683336 -0.596967311688072
-6.676937893386501 3.236598484154861
-4.17943555661874 -2.4551813310079718
2.0938054656085896 -6.680413785445092
1.9622615634969787 0.8579814070678022
-5.742031569279231 -6.523336695877995
3.1446081887994026 4.395108109194016
0.2715751918860754 1.9428317018191983
-1.124571484823056 -3.2629299330807715
-4.226358094523426 7.1334332405415495
-6.237247390061764 -8.847662630895808
7.844197276266943 -3.9190291461971727
-8.87822406341055 7.0906068787281775
-9.113582703345415 9.529058232469836
-0.1361456428149328 -5.6077052507813985
5.768279891520953 -4.860689266931892
-7.663379810940583 -1.2849369018890293
-3.8629111795447297 5.918786267056769
-4.725097071577951 8.907494811378864
6.302105899921358 7.842554168055379
-5.188620874002378 2.1277032873725723
4.695360556017146 -5.031772439671672
-0.7408326653301458 -7.102962277012839
-4.936405895837119 9.742753382736538
8.058343118455035 -0.3548486260976276
8.132494100423479 -9.349916546509622
4.359126920703218 -9.065350935324425
6.5001813018772765 9.217716666555162
-3.7606265680959705 4.707708411087989
8.817876558477543 4.824856758999596
-4.639117639288068 7.296176401115012
-5.18334191588697 -1.9008017812640432
7.843776291234505 2.9598868199263855
-0.34775629762880733 -0.617474654023173
7.848330202982542 9.00772284738104
4.820250123256999 -6.47615576969206
-6.544611189897973 8.433488025096828
-3.646838460349273 -6.28466409175876
2.6686553616368336 0.6247462015075804
-6.780377532620047 -3.3972994403137857
-1.083808191197754 -8.547011396335213
0.5760423304619806 5.396217859702086
6.800909368882689 -3.012326395396787
9.371247976487645 -7.887003181071092
-6.946540009566187 1.0909254001596942
9.000270068636848 -4.723461710142729
-3.873721094527265 1.9702616978871852
-3.195751600094523 7.35486578266681
1.345519845047452 -8.887230530916883
-2.510784940675423 -6.780530484236471
-6.058795478552279 -7.6672279695553485
2.853429921998771 -7.468203613025681
-6.7371415518107 5.955033236379755
6.470728100860629 7.048591043130671
3.0038845464939694 4.333535665368945
-2.764799429628038 -1.1871104610832113
-4.92955320871679 8.2682390618549
3.0676915925499095 9.728797700201593
7.17347351785336 2.153165892351531
5.7769179793028975 4.558520166136457
-1.823945883983967 -9.381724781893519
-9.4387016020597 -2.5844252337956757
-6.719687975287723 6.364114154663444
-5.514068212390835 -7.7964015603563075
9.758196777231262 -9.336345377625975
-3.259606548477718 -5.561613357067965
-4.601049819180956 3.223403272215249
-5.157368142310499 -3.8975318259778824
4.985617168867913 -5.827519696318275
7.000601877674622 8.031653484890114
1.9817230495446054 0.865198259792205
5.992355329068522 -5.132429269182488
-4.6508625270771375 -1.9266141922027131
-1.756019956875214 1.720144087662998
2.6896989509420806 2.41527596138887
-1.9744826627921537 3.375035218589886
3.8557262555231713 -1.1959073904469975
-8.121124595240445 -9.626828563199467
-7.207988014179156 0.5404387753263489
-1.8622430676121802 7.659209939687241
-4.1893744449481325 -3.4412946019219826
9.058625219612065 -5.944170878630645
9.228251755549376 -0.001196054675464353
5.434745092105304 4.620593356157933
-4.122073282379636 -0.979023505999514
-5.163298998096774 -3.012381825248534
-2.6597074662018505 4.399113465830977
0.7152631725756091 -8.616257341698518
-8.349002185560119 -7.150439462366038
1.3755335914065085 -8.217559903642304
8.152623256397927 -7.797853667316296
4.546309106638276 7.771342064260306
-4.41955848445946 -5.815339797418515
-7.2641971005065 6.765124280284166
-1.7019540476343682 3.9409336744367547
-8.64366775995438 9.557465227032573
-3.2553661429148235 -6.694503021470184
-3.4106745886680256 6.778706506373236
5.415351474675427 2.3065173841335724
-2.7207412012244347 3.5435082493756553
0.5897243794262863 4.875440599384262
2.7167668282074704 3.6722862341641402
-0.5545943350475078 -9.984802510037518
9.609585282802772 8.025032763914052
-3.985628443552156 -5.538621588327192
3.7783074459595163 -5.658510320112702
-8.736104927493084 -2.63293152136354
-4.471683725152573 -8.692469620419857
0.7377449488554628 3.199746416015362
-7.608593546489669 -6.769964845938359
-5.603589836054739 2.2319195725073033
6.474078186481666 1.9061133569768707
-4.732708515232613 8.826275149249568
4.25671186323993 -1.8877729598102704
-2.6233169610111435 9.721594253840347
-0.93944771191115 9.307674356599772
-2.0822866380790632 6.9070020975982125
6.310445252045284 8.008085167733146
-9.529399411925022 -6.220491262741286
9.185027699106648 2.838397143863485
2.9350313199175595 -7.342686784354364
-1.8238847518479595 -2.755989164290556
2.920618295609261 9.517302954137932
-0.38794048551390503 9.231798534916361
4.163212863034747 -9.124021493347982
1.7018923571912161 9.04059707172122
-3.051685197328931 -5.162100936481937
-6.917288357935927 2.244197419771881
-7.243921557546431 0.28066500862995625
-2.0139969360828562 1.7553375298145077
-2.4614186568754404 -4.095551437374663
-4.874541774466734 -6.501358140300509
-9.819441514816823 -2.052956991031694
2.8630451629652036 1.9296505846250351
-0.9158376937291166 4.192078402740263
5.861693036758666 -5.22107226387889
2.180948753940301 6.936621546762694
3.938342421362277 8.578757418682045
4.841979019732703 3.09598303012498
-1.8094444483432799 9.1720676585112
-5.378068514571998 -9.29828565044204
-3.4794283896603906 -1.7128655374228607
-7.963165141434669 0.9560317748586851
2.3025349306583536 5.163527406188184
-3.833055744190985 4.130829795011614
8.118231897408918 -4.527583768890477
7.723950776417631 7.087533639975465
-2.218428444778775 1.859622191590029
0.8431567041462209 -0.39287970064508215
-5.46139806116406 -1.0055763740748418
2.7877782271376006 -6.881808007308708
-8.986899618609446 -1.6298319515156745
6.661489896361868 -7.942738067011728
8.30315012257731 -6.534440478762105
-7.349816718585873 -2.791395943311981
6.1187967460367645 -6.171114838430465
-8.565297445492877 -5.340741063518961
3.462034762199602 -5.601689284600226
-8.66725789624031 -1.6881360052079373
-4.373056035290217 -7.379024936819027
-4.7254465256266664 -2.629152205313911
1.1323659442012808 -1.5991049661265304
-5.588424366928173 -2.0144557881758924
-4.312366515000045 2.504923742597091
3.294580475879769 -6.07696152556946
-2.386014181702243 1.9446721097445803
6.9207174960376 5.02323021468759
6.711568936082326 9.660365080099925
9.498243669000445 3.8129781008645374
8.930318370532945 9.618863101150538
4.044356652746512 -8.589640603609581
3.502368564260488 0.8912945665161747
-4.337779039124554 6.391975868882838
-4.347528079015024 -3.152898391528767
1.8287024981401458 -4.444020857024409
-9.105621608419813 1.3656226459230503
0.542950607675845 -4.1880762947752626
3.661839694285952 2.9473992531278252
4.223547497466553 6.6669039270362305
1.2598826839004502 2.43955727536858
-6.203827279459249 -1.9995692564333378
-6.672657002687146 -3.709306212985246
3.6202805084766645 -6.952947469452829
8.452562378318966 -4.028227238539264
7.811631329972439 3.5276410376721152
3.415359227632715 -7.899615336629154
-9.967417943406712 -5.295381781593553
-1.3584644501676024 -8.2371038751909
2.8619420576565524 -1.8195120799155955
-8.877939397817883 -9.748890010256249
1.8173567828169936 -9.600533350569936
2.072184860268152 -9.071827644530376
2.0736689817229266 0.10722684659572224
9.349207595005243 -4.612317235934595
2.8268196988613976 -4.499074484086341
-7.80148991005621 6.479114217793239
3.7362184388866186 -0.3727578055532419
0.00579344721533559 -6.832090474614141
-7.83883921440861 -3.9998215985223284
-5.777837827350658 3.333481581082168
4.239892126169922 -1.4169328421725211
1.3498624995841126 -2.002086414136917
4.986965516788249 9.241421585857662
-7.976101714205055 -4.366227193939649
-3.375334127628822 6.962783351782257
3.7103339269546094 5.719884880309099
1.184078252753988 -0.8591248780211913
6.510568299839367 5.850093518762025
-5.599346053340635 1.1485459081294458
6.834320861518094 5.449653568632883
3.9142794514391497 -2.8985923527791773
-1.5343238453813477 -0.39002821488815087
3.072510278747556 4.748132610908989
2.0282472822393327 1.8204136272605922
0.7875609104715604 6.792001209721697
1.2297251955908912 -4.288187845082589
2.541412442565253 6.508244247309484
1.0269633451985634 0.046396963092581345
-4.025291458450928 -9.00700372518233
3.4278999013374456 -6.064129337507134
8.990149084802265 8.276489825200166
-0.8622806720967731 3.6048005815583046
-3.1875089658167566 2.428042451907631
-6.928981053759795 -9.661729134571148
0.30296404207850713 -0.2008289315608458
-5.763905268930795 -3.380930400899844
1.546740985114143 -8.977902130833304
-2.155469120266808 -2.9523938585580893
-8.441019001244594 -1.972492994574484
-7.006013496078671 0.7308837862805042
-0.9766796831103175 -1.349571729146426
-3.5023627472204044 -6.2806284685801845
4.6096463463011474 4.46238750895326
3.2997490399352696 4.592894184352428
-1.3125226733996591 5.511822629871393
-6.053560165963048 4.729895165920118
-8.325586856098784 -5.664413100060893
-1.9197517984432384 -6.790542273056628
7.770446156334781 2.3488318584442087
-2.6709573083055353 1.4734531120570082
-6.474314506542916 -1.7084232309591982
6.4136267854698765 -1.5767924842335717
0.5500123132771417 5.092042958731589
-7.882037033856848 -7.682931383222429
2.615376745576082 1.0218261356314642
1.1109361299935276 -5.142385603622868
-5.961089513424776 5.98265386353992
2.193597968581976 -7.393925715578103
8.375328627279298 -7.214544057983803
-2.321117333396028 7.6208386614468395
5.623863229196882 9.340554722840324
8.900090413630206 3.988195679078137
1.1286431382794362 8.060169918745395
8.460749310159986 -3.0329963323838633
1.9878761510669989 2.8238984148888218
7.605360190141987 2.2547973640160475
2.7325889407788218 9.445506503281536
8.30238446582111 -1.8483423984473717
5.45954490011262 9.713146341259378
-1.892636634642189 -6.290141755124501
-3.5105513339689693 9.26282409626484
-6.160627494793034 3.258523813771614
-1.6489539308319934 -3.0081976615194
4.074517230246313 -2.9451699855237257
-5.883376167142773 -0.22367044022107763
-2.719732046016734 7.682370905709664
8.329618513734172 3.3492700325557596
4.414384448950239 -8.277550356157462
-4.6365669346276945 9.354317056386797
8.095408675727331 7.832967013865893
-3.2890286777972317 0.13333223844639264
-8.51556906636402 -1.9574443602227092
-9.5338038391022 -6.358808719698761
9.308948194457624 4.663145960231741
7.982550963013356 -7.9793143670931865
-7.67873130011804 -4.286504393119685
1.4634460348882055 -3.1312394938174304
7.283727971149855 7.059381267349494
2.5155339157416066 3.8561726200304243
1.1445047032194378 0.8532312091359735
-0.7868139476824147 6.026618995849507
6.905458930630456 -2.5191093773897943
6.95062661141726 -8.525661421762722
7.08289014271962 -6.545658857668535
5.825224539611579 0.8001250343012618
-7.0117682818964155 -0.009956853968125401
8.784653463140117 -9.468066937516767
1.483030419304967 -3.5339196842009173
-0.8133241556794513 -8.730574433492924
2.4947470762797224 1.7958847524091581
6.702520136593947 -9.970640995013413
6.673716555472399 4.585661186854512
7.602732567019448 8.874397998382765
8.368914270382124 8.768302842713918
-6.421664050463063 -4.190047037493647
2.4776291202381255 7.768883289027649
-9.930596082675248 -5.12351545621822
0.12158749614481223 -6.504233557432302
3.5821727247578714 -7.1991477440393865
-0.8561960233539558 -7.934057405773142
9.039723090672098 1.6014713139120538
-5.410515484840255 -9.896702182800194
-4.828986068408938 4.173978306281489
-6.910825424578433 9.156531562116228
-2.5853549618481297 9.728398835606889
-5.537160440651981 0.21378588128108156
-4.495391799728337 2.0503633480308174
-4.574712286700658 -3.386256927936701
-7.670056450123872 7.582436126122463
-0.822270042565588 9.321643563018316
-8.471977204272092 -1.5115800832866082
-8.277624980337151 -0.9761221097272816
3.8799947575912483 8.925116020711997
-7.470276596361556 -8.066475988870332
2.3963753021611787 -2.24359454468682
-8.163315412933889 8.394060494672843
-5.893710052455208 -9.658035663367633
9.179546893785975 2.585377928095138
0.6778904561557315 -7.147810526712394
-7.094792352348942 1.3982067293483453
-5.511845504150832 -9.554556848799091
1.3526846632964702 0.6218722446238303
-2.6010530406517756 -5.346542758368235
2.2449298869883947 3.756013194645014
9.235133568437792 5.858555415057676
5.031182805128168 1.7106352696474545
-5.609313023630904 1.4196659184068157
0.42310103891977136 -7.865546812325805
2.000487622276605 -7.055773708543278
5.267385077195064 -3.5907974564128198
4.503912875007217 -7.034399431052794
-8.375550358128553 9.642617475831347
-4.016004396726906 -2.3700566352588996
8.48871863162788 1.284070758096707
9.389015055902838 0.9684999278121236
3.7287044830477694 4.508492007730904
3.574719686560181 -7.02577329858467
6.333256182213983 1.8432459354531883
2.3077377797418315 8.18840547755687
4.823000420873857 2.097035245062255
0.05760919875539372 -1.3659245600540277
9.05064787193962 -8.905919696971779
8.929950596210645 -6.651334746782657
7.955158095191585 -5.709984981243883
-8.418695837401502 -9.501973735561553
-6.211998341348199 9.112239836491923
-4.0026664693255 -2.8574108870654875
-2.4968724301265643 -8.043958296322092
-8.25219363468042 3.463001914551265
-0.19559014117573703 9.679941954082992
-4.622156218344968 7.355479780058964
5.40392244003562 -2.088425736121698
6.130885373671354 5.9111079079692495
5.665352412342216 0.3607267546366959
9.769196635652214 9.12150889503484
8.852124061488606 4.82672225413577
-4.142441913533199 6.191892541678314
7.556801139182497 8.083918864177246
-4.4308678754300885 -6.209741111168306
2.791006863616669 -2.987098901080638
-4.451276091797789 8.641241102065457
6.280530448097576 -8.2060726437145
0.0016359962860708066 -9.522095333842502
-0.7249993034531386 -7.854297579127785
6.2708142533114 6.760059535366594
-5.757028638565234 -2.305688397216306
-9.246699636684683 4.717549419054281
0.07967755070874993 -5.818064819023883
-7.024397227310901 4.442738253906866
-1.4450952636035037 -2.867565309510116
-8.123270636367273 5.949320514607264
-7.74929728732028 -4.953320646343338
-4.995954530576507 -3.3472452386264724
-3.2966693344688185 -9.527265228916855
2.8470875894759864 4.457262603470717
4.258467712142886 7.458020732362478
9.510849461442575 -8.048183393452062
-5.905942261748622 -1.3569610929218552
8.16991601502172 1.880271130443436
8.787686068812729 5.075614468742764
2.1211885824229064 8.127119719301337
2.045353440861515 -2.1831299846372314
6.028508252356495 9.56411883769761
-2.432558240673062 5.492241255809782
-1.7786748075605185 -6.176047006238918
2.9491616893361616 3.4424553841532735
-1.721519980298261 2.743925196719614
1.4233365883522602 9.408016325867639
8.480870458216362 2.756594604027045
-7.798502552216322 -2.4882096909253004
3.810819241880205 4.789182590099008
4.292325610697262 9.312711041921517
-6.107180989388217 -7.301804987605509
-9.318475513897164 0.34955419870851046
-2.6889093651086498 8.519028194983775
9.676635878493414 -6.319784664791481
9.966292643902612 9.56842876534854
-2.008765185906616 2.5882627163328813
-3.596144756507509 -0.9103442480236446
-4.784764679396234 7.517295625957068
2.763571368769643 -9.217085816515025
-6.371257788851392 -6.111115619963352
3.138849044612865 0.08929984696156978
-4.355571694733628 -7.272487945813005
-2.444473324393699 8.074454873059643
-3.513244970023502 2.5916841852662245
-7.73813476707486 9.520879075263917
8.599964746814251 5.95976986528788
-2.3361053020057803 -8.929467772884292
-3.036762405833442 -6.2825920927487005
4.496551326709362 2.6399274143226776
4.767242315787845 0.9952768545146817
-5.9426470478233355 -5.513086277612018
7.626292262668429 -9.2680258515418
-3.676303526934359 6.975043084683254
1.948427264095514 3.1249198160258462
5.9384323238861025 -0.8696864008748904
-6.642686727825868 -4.159496828585287
1.0775892483183487 1.3105593575087209
7.334361752486288 -9.953601522587492
-9.455501212143247 -5.591248178266253
-1.7753072552722884 7.06501104560693
1.7223397590065446 -0.6659506448209527
6.36537117118149 1.8007058814703836
4.608569303012093 5.40978364490395
-0.21258582805047155 -1.9000264037853558
-2.186033334206683 -5.448347126597324
-8.460125193265034 -0.26500164028677275
-2.281870455576758 -8.423245289469055
2.255962548104833 9.357077769800139
-1.5583881801197048 -6.840293998864844
-7.031095789300217 2.3825766945648787
-3.104689028151939 -4.5219196896722185
-3.2182887285590596 3.984373646492381
-4.6480008973288545 -1.1312927702994848
-0.8191524833335624 4.157985071421821
6.437389671410916 4.32725177615688
-1.7293401361203493 3.1391895893873656
2.0708146401014353 4.466216499388956
-1.3998019216525943 -6.325931543370049
0.9244111881623915 0.05432405606834578
-0.11198960530422752 -1.704395199953348
-0.1978752088559368 9.432521601704835
-3.164695032102731 0.6045064842755323
-2.333737325934024 8.197822958465213
-9.208871018221288 -7.557254616596579
7.801836397730433 -8.403000521861166
-8.778689395895443 7.616977590492748
-8.305193011251893 -5.752328931270108
-3.713489880441932 -1.8090603860338543
5.313316865558287 -0.5698137241879682
-3.1597736961225698 -8.630444438910768
8.073816702201043 2.9824055351164382
-0.862985998188643 5.1222589186459935
3.990921669240805 7.821833669021711
-0.948639210151125 -4.339622306330291
9.273340801936072 -0.4635919380717102
1.1306545480073105 -6.859695554181979
3.6844083943975043 9.033693199705255
7.503764264102884 5.107301989456868
-6.574503778995058 0.8625957323754534
4.219007109327331 -0.7982470957208339
2.5581817568892244 7.147711830167843
-8.398424288895665 0.38779087282479807
-7.454668504892091 -7.537913821779469
0.09497775880496562 3.1361374611158492
3.6752401637638172 2.8481046459275827
6.615772029569339 2.256446176946225
-5.38927678483758 3.798257308446523
-0.4046287818096488 -7.440388667319215
-7.02066224558253 -5.436548341721908
-1.2000938988535204 -7.469911753273173
6.331449619855135 8.925071510024221
-9.706938832532813 1.2122442985169979
1.0080246986077306 -6.83992967036443
0.4921690165831052 4.032948487483052
5.887022652483296 6.247813551892275
-8.599146762674373 -6.8699021345044
-7.282740602150913 8.772710347220436
-6.913388159120548 3.648124027553866
-4.153258742257573 0.7527030690296108
6.365728229404581 -3.773340193691812
0.3906718165126666 -0.3426872295643939
-8.547928979664194 -2.96536557762316
-7.373403637913869 3.755698515578466
4.5143746991257405 -4.413959770576959
2.1870878976215806 1.5559106563846221
-0.9946790649667321 -4.564395676251422
6.728422795024532 5.230388376356469
-6.5120351033815105 -7.326391738573976
-1.8006328271469698 6.262741100778971
3.4015259276431777 -3.2256221562903598
1.9269396447324425 2.3297559278322666
7.585458277092556 -2.2750154896647468
9.63756205874299 -5.186898246070772
9.33927404269808 -3.5901400355562547
-9.753996537624477 3.0979434857044126
-2.362698589373995 9.328605637307565
8.349584810785604 3.425492485406103
-8.152655671866176 8.844711889024655
5.702644634083381 -5.045395855151442
8.123093131670597 8.461694994546239
6.005690669082796 -1.6079378975030494
-3.0683201132981637 -5.6194938581280045
-8.207770008377482 7.637366547896754
-9.21535767894916 -9.401064171909237
8.368033963654618 1.9107226175264707
-7.211856105372389 -1.3257510940042216
3.583701223653433 1.302347999180018
8.413025813218493 -4.999668800420136
-2.3714618860807457 1.026786837025071
-4.806030578363822 -2.3221146218204813
3.020163358821806 -4.5214655642052275
7.485381275617062 6.836144001969963
5.521040988624845 -8.153367952384166
-7.549833069280771 8.196644687895766
2.4897490420378343 9.323732254157214
1.0893449758221418 9.691138773951963
2.7193414370425586 -7.00088663890895
6.77810826429695 9.453823805210796
-7.943847008899214 -0.059485215538883196
4.826711091553552 -5.587535436423083
3.4443483465644498 9.627628157646665
-9.584853599849772 0.5411627172093283
-0.9400788173002077 -8.421632173132599
-0.00010990545746558666 -3.501662774481762
-6.762850078226272 7.335802886842334
0.7765007528957586 -6.080837503342032
-0.3220466578100023 -7.085303807724365
6.99536454944176 9.427917268723142
-7.810104311353658 3.235375162757645
-7.648013961504667 -8.211408394609414
0.2395411316502809 -9.78445592216367
-9.203463658292197 -8.67221082347635
-9.476618273674084 -2.552210694734505
7.595037387119479 -2.617558865494944
5.31329381444653 1.3595547946457653
5.443888747282692 -3.7185035720853516
8.266223405954072 -1.9093931054212927
6.883893408984651 -3.5146256226578725
4.861837059833762 -7.147856317804592
6.96914090307725 -3.7847231324967385
7.908211315653858 -1.674804877031388
-1.2653123552044612 -1.911979404746134
-8.035598045713396 6.77300655592137
-0.6204423216302342 1.9207607037331158
-1.9733361226430262 -4.168502342475251
-3.82243398504595 -0.798245908214799
-3.0045858112452706 3.9725887127236863
8.276832351253741 -4.583830436186549
8.251238261509336 -5.917928227328044
-4.903393396401525 4.918857327437433
8.453384756749827 8.290962514996
-8.39740205441293 -3.753454538280822
8.786379789108508 6.082681763676852
7.256472549668253 -4.205166811600922
-5.934283737876955 -0.2329486649389505
4.181164326717655 -2.230768458757213
-5.823393229418867 -0.047630418645930206
-6.148205306094527 -5.091278752509236
2.992000573416984 6.361632071687097
5.8742934631367625 5.542568082669902
-0.6535216670988948 -1.8183627198520007
6.460499195478214 -8.397026493483637
-2.1490539884989275 -5.546176787601905
-5.472632616906841 -3.6865083584578917
9.407266423599857 -6.370957807603112
-9.059871196776381 3.297033545755351
8.16034207660033 -2.95985615818835
9.701623967367322 -2.8190118644966926
0.308854546759882 5.271965672546347
-9.505036134425353 -0.32790603885935177
-0.07411482598302221 1.72773419942172
4.199969693942151 -2.535465820497116
-0.9026820708509007 -9.388072847017103
5.180415307747401 -4.0836135409157714
6.735862131921518 -6.042790792391822
-6.846852345350549 7.187178501239902
-4.384080093969558 -2.8559785866406333
9.866756752323273 -0.9503674471948784
-1.361814844835914 6.648435156270207
-0.825236931289929 -7.084466375222897
-1.886778843886498 2.6017652037979957
4.692169748442529 -0.11860632918059899
4.034539368567625 -3.0240074263130268
5.873456879773011 0.4097592007519406
-1.0267394802868584 -9.308139856808296
-4.386649054510192 3.8533242242391275
-3.4142197838627304 2.521556438985371
9.37802405159714 0.4954317118836258
4.768058417906833 -7.381574457828998
4.074135957662746 -3.873820195696691
-3.5215613440980853 -7.400948078793275
9.644451955474938 0.749441681489369
-8.940469520466623 -1.8356060257322788
-6.899170762063617 -2.892059879751847
-7.920474161900257 3.700687439159733
5.09076765802596 -4.3082560751707994
-5.678221206090182 -0.38835966430377056
-1.7494027181352063 -3.5942361876298907
3.4263648141373118 -7.767072844365779
9.738046338737131 -6.105195974995916
-6.183371555154629 -4.1296301105307425
4.383261799368203 -3.795466614850291
0.2211514156474177 9.980417460252838
-7.865862040660801 2.6668956443882337
1.2383022722778954 -4.863958143816314
9.642944682102971 -3.0712503244420963
9.638808740931836 -9.183425637480427
-9.95438578848566 -4.524654292314945
-2.1906690515288574 2.5251361540633166
-2.332405935621251 3.0518147759383716
-4.518150260246118 -7.042829617386966
-9.561628447966699 -2.8436862544695636
-2.6680172472600354 -3.008569712790936
-6.78139159751132 3.297958145606003
-1.1089211919808086 8.834377360843586
-9.67590976510603 -2.062331391142158
-1.0127740763352406 -2.8860028099813606
-5.324635286905821 3.1630557986144083
5.321968387407738 3.2592532860513117
-6.238302461054596 -8.830198349218142
-0.7636233569962698 -4.21401329125326
1.5897028919247767 -0.8217304481815564
3.5215529932701344 -2.8723068983525435
-9.347225653603369 -8.03985255170171
-5.340623096586883 -7.047370775512456
2.576679105574753 3.255781281512549
7.590822387395562 8.246736200959425
3.5018891539765526 -9.180372323641175
-4.843458029572895 5.713408809011309
-5.505525911604174 2.3946709264476684
-5.528248645340456 -7.020141565652052
-9.119772778602378 -7.495515818909091
2.27645758945129 -7.896474474707227
-9.424466566684263 3.082456120569379
-0.061655649125352596 -8.124817779547202
7.28042724230103 -0.9236140247075895
4.2470451218436 -5.90395042952387
9.409616996201038 -1.3845378757084355
2.469817188750266 -1.138676745009393
3.1410359690191108 -4.521409424751964
6.8053231919123185 -3.2856099877542118
-3.327419529667857 7.73940304749107
3.829812559459853 5.102673184028346
4.409289904213644 2.816633230932567
0.12752484019665822 4.148998877069062
2.3101327700523644 -3.810585403712052
5.2231307911146825 7.760938877229439
8.13372041151289 -2.360140687110965
4.7882129931106565 -6.183779013982003
-4.402986683358332 5.862478289187054
-2.5835110641308567 3.3512849814567858
-1.8930036744598375 -3.676740982909825
4.254970294246739 8.85740826960653
2.715034980220185 -9.69162444366682
2.4905273411419753 -1.981205546498492
-5.565604383743992 -6.876068608227371
1.1170604404167008 5.556677689961578
-3.0110265973777057 -3.6074491103303057
-0.18759693538767053 2.3647433330294927
-7.80044126947036 1.9356410414950638
-7.374015967451159 3.6977216783717974
5.640222756612934 -9.013768708370902
-4.772787025592235 8.121104430058622
9.588407998305978 -5.961121243761345
-7.576923964143623 -4.295407557770387
3.451787433245233 1.7480168862119356
-7.755676032634822 9.033761569452153
9.306848894226832 3.2412152251465045
-9.24817997150429 -6.4813874759160806
-5.428232342762074 -8.59391841803717
7.0668654711140135 7.884730971663522
9.27987813230353 -0.15638182990283767
-8.609902765208076 8.382863909063808
4.846161872014459 -6.225942293974327
-3.1067332140207737 1.1200280420654867
9.855295303784967 -9.225858420811647
-7.942553191338129 7.2228731426307
-3.486226990782346 -7.194963275914635
-4.453496800019687 2.9709992623513966
5.934543976879706 -8.997106239474986
6.378246204996941 -8.981123760979894
-2.334651049872452 -3.7655025853556907
3.1048632523577915 -8.420040764506702
8.814220464159202 8.219683637203381
7.8169598702180885 -9.275737850445992
-1.1056465881099307 -1.3787527406051776
-6.5900906012589715 2.517816117184605
2.143494348985831 -0.32481419956806157
-6.702303444781816 9.069834736959674
-7.427459687428777 -2.3785170458599953
-1.405115833500524 -7.672083919316619
7.715950505604432 0.4696543450904258
2.5711036554744773 5.600911217972648
-5.704606003367427 -0.039110538412732154
-8.999780261205906 -4.390233748551009
-1.1144025474930501 2.2871442876183288
-9.085088889188135 5.076544546419994
1.7414646065774786 1.5665419352686527
-2.4154113871128775 7.811009737452988
5.596291017151662 1.5118300738741723
9.101150183117134 -1.3679968690832727
-6.33838153947684 0.7901992406352143
-6.275444977482001 9.862642902024085
-2.0736627657364215 -5.589633899379294
7.97657545279537 -2.3866120705909815
-3.0745717398631545 -6.859975871076836
7.212677503417872 4.84002251561
4.314091192257868 5.0010823069029335
0.05600360713533448 9.548305248793284
9.078963355019031 -6.613797566671873
6.579390773750699 -6.875310999209945
0.7092332711102891 -1.2056289670556843
8.259909336143188 5.047485199439073
-0.7982480721296774 -7.499654730601481
-6.950288896060723 0.28724304923973065
5.5087792392919805 4.883143664904779
7.376872072646748 -6.127813129577595
6.5172108945280485 -6.259132133413301
-5.654716346971494 -7.236873478535896
-4.584902592493596 -6.732597381796808
-1.8748474224197604 -3.5034524085056917
8.795589849953686 4.570048307324647
3.2490982916226727 9.660109929503427
-4.895362226609466 -5.57841285200589
-1.3428515820831421 2.759522302263891
4.36199179743854 -7.590809657341103
8.85472725480362 8.284701118326854
-0.4884243779049875 -8.697558963189413
-7.9572231225896495 -3.947630470920844
-8.754989941269876 -0.597884988025406
-2.2732238947919026 4.4747736052779565
1.8807490245115392 -7.702474055577624
1.4111514591149046 6.2904146306626565
-7.81529091717124 -1.6018358156431862
6.835348847758745 8.259485728276704
-6.179528299273953 -6.393149394332564
-4.146660796520713 5.829854438331093
-6.928658334525699 9.480756958666813
0.6081368090001416 -6.904326186110761
9.280183443281544 -9.621677545108898
5.32336585925149 -2.240838969048113
4.996313614760835 -8.553367204134458
9.54338836597882 9.126819577192112
0.5028501255847821 3.4946951164302202
1.532270378940506 -8.232040843093785
7.684833054982715 -8.350806989867047
-5.838351762546203 -0.6157823883364326
5.217300606861022 -2.0480142856781214
-7.874935897662613 3.4520855343017924
-7.701414181098139 2.7526565734271475
-2.9886793196350787 3.5256654916870147
-2.844092160965519 4.077605922898577
-8.381925176383973 6.6727902537758155
-1.3106922675246224 1.9211667577815952
-7.9793271126081216 3.427618691919456
4.913323031994567 3.539839145641377
-9.893240188591104 2.902433624337501
-1.2555707086772028 5.255039181494652
6.518202192771778 7.114852773429629
1.2056953223724953 7.201854800129784
-3.0688166963090975 -0.7600449505767735
7.568817668588366 -6.051518340944351
-0.38097727807499915 -2.3168145481586233
-2.9972395350173837 -7.069995220545153
1.003195037207746 -1.6988880425586412
3.6732019981632966 8.375427966538851
-9.497230097373826 -5.023674401439271
-5.867943151989534 8.355305959162344
5.585830495657227 -5.528115338230979
-4.444730396260774 -8.791607256318908
-0.07261307547021367 -7.878095241983583
-0.17852609004403952 9.313440622085611
6.307447057849451 3.166482524242616
6.383608948914443 -9.393573100238719
-3.2795956558204313 5.404036876801577
-8.380679770219148 -5.2508471421454805
1.310454042604853 -5.268093454816965
6.782692398985223 -8.760329561693343
-2.0298715648729626 -8.208405209866676
2.0477897148715805 -9.541392477272545
-0.32722271641329215 3.672109182463112
-5.067863858609478 4.917380872150233
-0.18914259805947076 -3.5491789828264775
-7.652756639670715 -4.123359367358306
5.1436954976793885 -2.748538045713074
8.412461746338849 1.9886821098588214
-8.545863636747363 6.114797440477858
-6.539385642056832 6.132826538404437
1.4423572438326264 2.0009118184263386
-3.985094303870646 -8.771531557788288
-2.5315776422882124 4.124668911685427
-2.2709965376539625 3.123304578993336
-3.547371879124512 -4.595952341947966
5.156473773731404 -3.1466820437327048
-1.0619314203044805 -7.795274500919145
-8.925660271719845 7.788980006559761
5.380347885061232 -1.3805622006900737
8.751932590103848 0.06947797805734446
-7.681202453501363 9.064681320944985
-0.6569173079539006 0.2164679212369549
-4.934114165604235 -5.322346585137492
2.864492465645281 -7.8046646292600315
-1.1449701421837677 5.584525960699038
-5.380705812424318 2.206962528390939
5.440386450948845 8.712948553473467
6.191358351976032 -5.459495071545531
-6.830377381392962 -6.2628888087192
7.925890114768656 4.540654922673312
-7.957311930337008 8.722042100913715
2.794900645334641 4.317125284102643
-1.3381307133659348 9.484494817584341
6.774034615317412 -9.47572366076584
4.8607977330874235 7.930301549945835
6.466260574261266 -1.435321250345872
-7.9365374132240785 -6.883336223697709
6.160045029562074 2.6892075888617484
-6.080998982987094 -0.34300313535033666
-0.11298212873498592 -4.4140309086015606
1.4113865669233618 8.95750262037074
-5.373028520535826 8.545537370256003
-0.846252033053128 4.84703943316666
0.5357843941792506 -3.2778391052478533
8.659128826915833 -0.9695937003667705
4.299225308466765 4.5614892189317136
-7.112830651308237 7.458092900845227
-2.6000105755909324 2.904301639641842
7.360241558703777 7.495227867152998
0.3597010599286179 -2.250597314559073
1.5512082555034326 3.9489746153248166
-5.04000884897307 8.721762297656483
-8.87119141952831 -9.457175751309101
9.763750354704804 2.3108148377614235
-9.87889508308858 -7.887827831177336
0.9756240689289637 7.592228765244354
-5.480616677363665 -5.128277035652431
8.90968848067174 -8.73275621730086
2.87104711501245 2.026141981582061
9.95563420994732 8.193193241036106
4.70483643878455 4.9430459694867785
3.6463462181791506 -8.676546793788336
-1.0313062533546358 -9.813563365770353
-8.610724883905952 -7.798024110887962
6.488683557790637 -0.726804862667084
-1.0349328356485703 3.9182703200310804
1.7922410697213937 8.577356747925421
-8.980263852692602 7.594591105688185
-0.5710000987173913 -5.698273946353405
-3.0481607852918717 8.134271995054078
1.3474254442018196 7.104902801323409
3.4896327853086895 -8.58224140984166
8.42801857443838 8.062762466688888
6.912771938254739 2.8002251174456934
4.3288973647063855 -5.629195267813632
-3.4065873821035204 -3.8398693880134545
1.5879772689697411 7.906219481799628
7.618956568215193 -9.68602656865743
5.224222489548211 -4.693792191246134
3.3403590596179455 -8.921224113762037
4.864515203918939 8.574003287680341
-8.311408417950584 9.039452345436938
1.6845765480612318 -3.413135496870048
2.8582532942926058 8.08436450600982
1.9717395460098093 4.1404478803929035
5.234318449673665 1.46255553569096
-6.162271180578887 -7.390227892423988
9.98438237135192 -7.629634452975715
-8.701192332525576 0.15519813820324124
-0.026332738115970145 7.808095604554904
-7.712080777535877 -6.0132940431106485
-1.5057913511058985 -0.012096358859762901
-3.640533585337076 8.775599735203599
-8.706219085301754 6.019120822029485
3.5957519985264934 3.5751055476202183
3.635450499737072 -4.806856302850262
0.4093397380504946 -2.1402893378049326
3.7272899198276495 5.658964375348262
9.627322944948581 5.861431296091396
-1.2977882599092876 9.795607589868446
-5.4276799814429015 7.923455779361042
-3.267653008087228 1.0154915404447316
-3.0202730490701057 -4.202859582972003
6.394377051868723 5.266311881665818
-5.588005927084058 9.97657156417857
4.086123654820691 -6.560943222514572
7.603188653529784 1.9712824794686306
9.707543026243549 1.7771107362156684
-3.678754532176651 0.6813225094296556
-3.5309249490582095 -8.984793782186154
9.774169981140282 -1.613167891178886
-0.2255408539175221 -7.305142616690807
3.9597462511718806 -1.0410715368085768
-0.09703273989267025 3.577167093000602
5.387225328473013 1.3721965863906895
3.4256642528283106 5.267101106163077
-8.242459715341774 1.4256742562816793
-3.8323767824147996 2.9776398126706223
-8.633623472750923 8.023428261129816
-6.2306592597739225 -7.181574725640583
-2.082909618802436 5.70047727158707
-1.6643759590110498 0.6692900899807377
-7.037778004935071 5.247747148545393
8.567228185007806 3.006328600722041
-2.880386279323039 5.635593168898939
2.5588873619099477 5.128274156398502
-0.10364601158986986 3.721830085985138
-2.7924845421172817 7.99751483187169
-7.906358963376341 4.8321967459223885
2.2001339048907536 -6.127262635357162
8.31124311192266 4.41283204184511
3.467402301419904 -5.596353601707255
3.7394571275322885 -1.3534355181584488
0.6669242849261021 -1.5051632370864443
2.0566986459186136 7.467066280123884
2.7052414586737044 -6.531046049705922
6.727795965045292 -5.683397783800079
-5.685088394632485 1.3551908364557246
3.7439426468002157 -9.97562971631875
-2.342719912619602 9.303751685407612
-7.966765256468122 4.565611867158063
9.261729239496262 8.805687436078717
1.1049345205526322 9.19078642046663
8.846162442637361 1.2146388009812625
8.542242844679649 -0.6707162850045911
-7.589229397585946 2.115567765882018
-4.8060428679629315 3.3391887339034394
-3.4177882922982423 3.6472474589773007
0.637901875200086 -9.647605804841366
-9.726129192164043 -6.468728072357819
9.251024679666568 -8.914690651149344
-3.7946413894238855 -2.2902596236958583
-1.095606640773548 0.033229206831453695
-6.272260686708007 -7.067319314108826
1.7292326450070625 9.095768052876881
-7.983047918562265 -2.0434386839059364
5.240515625858336 4.457065789657955
7.608289428030904 -0.04512098037853107
2.069673342915628 -1.0952449893216105
2.108501521579358 7.0301732031956305
-0.22248962795242733 -4.052135261852198
-4.027069298674462 -2.588945736530947
-1.361457346021984 7.10631533309439
2.8175185147490254 5.63183564833826
8.112743462260237 -4.460530698064726
-3.6285616564061662 -5.670255816967575
0.9193047947269211 0.10976082656853237
-1.3860313875439 2.433659951034217
-7.8970299400765365 1.4278522303410277
-7.328275534201287 -1.362705414549234
6.393173554871815 8.901376579048602
-8.318448531517692 -7.1594367282103
6.2495325801361865 -5.413173793451316
0.9831959257106426 -4.160357023966701
0.552966599672331 3.548503419563316
-0.3654554814260216 -5.735275248746232
-1.6818379644855561 1.2851791871371425
-4.598989171822918 4.075677670021843
7.5687683843053115 0.3614681958702377
1.248835805709657 -8.460089016406439
-2.696107507741747 0.8666977647431189
2.5021960893446504 -6.2949496105085085
8.412012476395223 6.2892900072700115
1.880635025524537 7.888637929141488
5.516166418759047 -5.120734157587958
-2.7745118016221504 -2.9925139950003476
1.0431382504684237 -6.295370864932675
-1.1654788926601967 5.266658533673782
0.7670609488043496 2.8598898934176304
7.665554345167827 4.49346241871398
2.6626771476751685 -7.844621371302396
1.1906230636679034 -5.117394202536538
-9.94725826891524 -6.626085690300951
4.301802525920975 -9.568691162302912
3.013443492799796 -4.031804615491994
6.132924587778582 -7.644091208528745
-1.6869788901344691 8.1062885449489
6.159354178832643 -6.111687023787549
-9.642946881810552 -9.478214461755472
1.9349385863888457 9.85407205881527
1.588590409185695 3.099254633810313
-8.807508374160486 -6.363962169512318
-3.3462148717076756 -8.770041082429312
9.09760714765277 -6.976875733867322
-6.628185573757013 -3.236056125545577
-5.930794567543256 9.005913348424492
-9.774420907892003 9.388933499601933
6.0811164812241145 -9.572189690011301
-7.644414185788655 6.370697997583854
4.3880364940564895 2.5083790804150077
-8.477539874451733 1.4402868104258602
-8.729900596266509 4.489567292501137
1.4186664336878358 -0.8617478594615733
-6.619691897223925 -6.792034741730144
-3.985974354536106 -5.496597301483792
-6.249856289559141 -0.11370448658721699
-2.9132563772504856 3.92731795240789
7.94895686423618 -9.215065387890819
4.90003191586502 1.0474958541337323
-7.904324945596519 0.6614047784580439
-9.386049081068442 -2.831043638325612
1.621282838819484 2.538198571471872
8.682177973407981 -1.9955449790464002
-8.724596842243098 4.97107688699783
-2.7640020788330073 5.3691497264014
5.2517980257936046 4.33552501181531
7.9601010038668285 3.1903739229306147
4.249126445901927 8.843047215915963
-8.596787745114176 8.32142181630202
-6.616172656482746 -0.9324167867217845
-8.479631723996752 5.034083896024249
0.08544226561031998 3.4350351710101794
-3.8979763811625094 8.127360090027477
-9.893540048341542 1.8572907583600653
6.685032964369459 -9.389128614121447
6.209148243714804 -7.237094249328717
5.142416582231373 4.297033979196403
-0.5997819450857822 9.238753863908652
7.204851630462837 -0.5408890762468772
-7.789395025471 -9.424536351791044
-0.8179641200627081 -4.281598377709546
2.8411620858577287 3.960924134380793
5.82496649210645 5.216322672233622
3.9466016211789263 -7.993174789392428
-6.736150548338678 -1.2869021751321519
7.260566170985431 7.189840876433735
6.084163917299691 -1.1031873598321358
-7.230931076509859 -5.1334375024011125
-4.134303155419041 -3.1498211882823357
3.514072582537205 1.8749424497139486
5.793170745589606 2.4521683336511586
-4.1161033655363966 2.9695918220473665
0.5272444189580234 -2.9622913347654993
-6.681364309839621 -4.467847279620159
5.508923467106104 -7.612774414992627
-2.3204685517385553 3.2476077494173694
3.75709633357104 -0.6368640138223611
6.884710922986301 -9.799590132662669
1.502862221597976 9.003361102812427
5.807986664137843 -6.079708646751292
3.144949228253843 -6.581458458138359
-9.759433549073577 0.5142739427445893
-1.1683739254899894 -6.263495066250817
0.8248266715360124 9.423999443035108
9.900624954722698 -8.983276978495635
-6.836722787760543 4.375768103490987
7.894419792177093 6.958409019987702
8.86504631216723 -1.1503883458336883
-2.1804781893786025 2.3951551223321754
-2.9326238071847293 -4.236775838479597
-4.214363251122979 9.602128941168782
8.433214799504324 6.271319473887967
-4.297340751453174 6.875983891630423
7.543431412194547 2.9366924490981443
-8.139750565786377 6.864704116243871
7.827067388860378 -3.1569001844678386
1.454699747935507 9.206804504582923
4.316022320735907 -8.68557225511321
-6.846884214932148 0.9311389584092478
9.180177756601577 4.033907201369246
-1.9665244007145617 -2.7620416896791795
5.059896140145941 7.347538068201992
0.7150931234201963 4.614141653860653
-9.685355934700404 0.11523549336968486
-6.810580997192279 6.142111880608621
-1.9207937292770971 1.2898726398998654
1.4086064198314538 8.43206538269191
1.319643096584409 1.1079051077272162
1.819404750070797 7.491058864051588
2.8161969299698235 -5.549300558943912
-2.863961336742933 3.1125969084752967
6.396805279737304 -2.3802678461851112
-9.78037686468803 -2.0671337610581952
-4.351078633291978 5.029301318536161
-7.703917418948274 8.73210025840698
-7.495505049602132 7.590653542534273
4.856552749026694 -7.4796657403084215
8.524320884752726 -7.808916554616134
6.225367963480608 0.3212341932519518
-0.5463878238272315 5.336135988236418
3.3483747325937525 4.270374388150959
-8.469436878196863 9.598151950390776
5.141018118684515 4.571533948899688
6.018906931222311 4.618086980395887
-8.118467651030505 2.2363960951030855
7.779213143583 8.03838734964576
9.595317346134443 -6.296719080649831
5.199046290044944 4.352237525841575
-3.3789434368697346 3.9547277016723985
-2.7946384357308363 -2.6154796175147403
-8.548764823366856 -9.976582170955128
-9.775027708257626 8.764006502012272
7.496666749821099 5.183696450375653
-5.262670507572455 3.985093795651423
5.338363851663548 -5.906327076112429
-8.010308222454068 6.232571940726501
8.52086402527771 -1.6269093478363406
-9.584099613252882 -0.6052598808639047
-8.422268269645548 -5.158912365210511
2.1476373978698238 -8.890684325329644
-3.5064942008527495 1.5290783329664706
-9.446081054131971 4.121016289496755
3.6326271106844175 3.0951792694080247
-6.455065107318192 -3.915126674576248
3.468083732581416 -5.575245437954757
6.392880035141946 -9.657153967320832
-5.517339019362422 -4.575123952398108
-0.04495220129753896 -2.1004128537310844
3.87652830198906 -4.140857943759999
-4.085579693906265 1.002313836697276
-0.07753442706773228 1.5270137493981615
-9.711865406276221 -6.882152251198614
2.0291792826179122 -5.831664414971145
-2.2357992367932695 3.1874158337444207
-8.572234317047807 -9.690500471915247
-9.01308828639186 -6.557238790717841
-3.121747353853543 8.76279179793142
9.541952183762913 7.5979081096305805
-6.5831940517342336 -9.485207712592265
-6.361056648925485 1.9629332712918455
1.7082450500055835 -6.03879687210235
3.8984151494534593 -6.815321575739349
-6.779398543133897 -5.366854864738899
4.452778407017597 -0.18738747970794378
5.898907941082088 -4.653137507876572
-9.712004645891287 -4.766549654495689
-4.907723511533737 2.2606948996963183
4.040315985611716 -5.3291746001159135
6.270949640760605 -2.500802028318332
0.6520613472625207 4.1837685485634495
1.8539546505068554 1.9840628523058808
-7.696007669482499 -1.6545630457921803
5.803466333591913 0.11000639860405848
4.666550533112247 -7.258390809972129
-7.462010631510363 5.115668513379406
-6.639995904911167 -5.816131283220964
-1.812971353762567 1.7083305574221352
-9.355942108319343 4.171793592224343
3.073428327753538 -0.8027536068834493
-9.716578144888517 -7.178302327543826
1.4652226192711542 -4.531308919683696
-3.1918286663676625 -3.6687392699236714
-6.884922597191768 0.3285242504033157
-7.560058993028194 9.630932769632935
-9.109642057015716 9.593217899642031
-7.629476921286901 5.486852966915146
-3.3073005310225456 9.160787098609568
-8.292967441106976 3.6947342618330747
4.770728534583881 4.361945948005628
-0.8390519732027251 7.212572240092452
-7.337153936915679 -0.7341533621952561
-6.25230675374646 8.9374327512352
5.3039278115189 -5.358447695421152
-3.9757015332569683 3.2128114373254064
-2.909615346791914 -9.922018860622877
7.839570179627916 -4.306795380231785
4.6526178608238755 9.696172186507091
8.93945056941821 2.6205971928096528
-2.079753323261926 6.821238617118212
-7.173838362644222 7.770769276413361
-1.805640745959014 -7.270442962276764
6.314406424622298 -2.7304015588159247
0.11397782170716297 2.8313097338219873
1.30621795639437 4.123550157369749
6.071167974540689 -3.2418094030655675
1.2320469871841233 -7.544458172314501
2.400780275882198 -7.332877427745721
4.630310525661994 -8.72569451382613
4.860081770564545 -8.112108663383893
-5.746588625681202 -8.844048911839227
-9.23786073094323 -3.0314232369589984
9.721092036748086 1.9831953580586799
9.794131266709517 -0.5320015462005827
-3.715367106284651 9.118110335536237
5.34167703455452 -4.051511715931944
9.937454252547365 8.480486393411525
-3.1796616922339416 -0.36197370385858463
-0.2819796632711835 4.495430313750628
5.29848981377658 -5.464990146099698
-8.908056619301242 -9.75115556113261
2.334222526781314 -5.628986773720753
-4.871940277426936 1.7002245747638174
5.3562355834720226 5.097491780789177
1.7239303359791371 5.168555659586966
-4.329056715493151 0.12894349827361218
4.086274367256607 8.313128457736454
-8.634390912072927 -3.16352044399485
6.263789959004079 -2.868649210213503
-8.40353271266969 0.46414095032313263
-5.875730503169406 5.3063337397824935
4.713039953207334 3.122686412427548
-8.648937734856155 8.589782446878328
4.183493753335155 9.513355173670835
4.83378541624508 -1.9522720851000415
-8.202434773906557 -0.2797468050422296
5.963522468661024 -0.7262793252108963
9.40265518696403 -5.886546614325945
9.776491113183866 8.114964121992404
-5.064677267322821 0.1302561226129768
7.095926105790696 5.297816365417615
-3.0844774892003413 5.550561993785514
6.8960844557848375 6.959930956951222
1.040767234387495 8.923597576255336
-7.1154065045262715 5.366155311218627
-6.822795985490446 0.9580480433549816
-0.7359334010646599 -1.6824904357575292
8.449915577912872 -6.2357834140357005
-3.660750215494204 -8.627625357696731
4.184402346861884 8.079952998123051
-8.494836343296718 0.08801539702751526
3.5331816871515365 5.894463317648736
-5.294597825055285 -3.7912581782870287
-5.5178743617875625 7.642716937525233
3.639574699699601 -2.1378047593915124
-6.62934721672819 -2.8856294504431323
4.6085796685904725 -8.472676305659908
4.935192065451838 -5.670177350167462
3.555842284976947 -8.603051180011443
2.3597767577391977 -6.4039052194396024
3.5653880091910715 -7.092734425999474
7.087645207374617 1.8625923798277597
9.470595915781288 -5.856186748153213
-2.217832501494195 8.627107755732911
-8.065975684989592 6.197078760102922
-1.9070140446824713 8.10083998000773
1.4326802980290605 0.41426824285421837
-8.064242139425147 -9.274895217834892
8.802720285799367 -8.465069432856163
-3.349118912089719 -2.487906030950569
8.221252667276492 -9.918316755446634
2.0295014026263836 8.318351910182031
9.533348187292283 -2.009489617191944
0.730141413023242 8.953629873113343
-3.210263940187186 -4.552743680338782
-1.6614927809462898 9.731100969436156
-0.8144959912601664 -7.131415828458179
6.839152514728049 7.943787717113281
-2.7444749541588243 9.71877498608054
5.9527663156756905 -8.687860972278969
5.642424705147189 -8.880445765167273
-4.128476274969184 -2.0613234957841247
7.853610095462699 8.64738838255046
2.4195001411540584 -9.863071086404231
2.0253312899911826 0.9626489654387136
-1.8618983345565212 5.506520078557118
2.94449526308113 0.4963723202810293
-1.6750047097584222 9.379973488732702
-0.33235464220970456 8.369550870364435
-2.9702392758182654 -5.758847091763812
-4.526022668972834 -9.592683620509536
-6.328975960286341 -3.593463503879444
-3.309000197026264 7.709576852763213
1.6074442185502669 -2.863320071338258
3.1277905081447734 7.556486893657691
7.948090580378235 3.884630805324411
2.4297960285148594 -3.572588580524263
-9.492836818816295 -6.45886853335262
-4.5773545472303345 -1.5781083988005928
4.767746401494231 -6.9542071215577295
1.3273344892246755 -6.508423562993575
4.143031504920369 -9.193438971654386
-1.3282984299015528 0.32348192553662614
-9.311339369231074 6.526862068044601
3.8473797956860896 6.231287418882669
5.836325983621673 9.006160691917472
-0.48224444970938585 8.55448404723752
-7.330999698290261 9.04183601799889
-0.3588185123000933 8.908181296281182
1.2241839358387825 -9.863650724106591
-4.140573343131795 -1.2640313150644484
6.515007429385864 -2.999201955103148
-0.48876586597323346 4.843635739338888
4.761331317882886 8.213779950693777
-6.248090104647346 1.7969354963929263
5.075037280717218 2.5268897185063093
0.010965848895871488 0.5820115794315299
3.346534422362952 5.804192679346967
-0.37422629790848916 6.534519382042578
-0.6686603690645772 1.6819176272849354
-1.3255556126214927 -0.16841172782630487
6.126582355377625 -9.810121426557847
-5.39933411995547 -0.7747801328974706
7.750588032809556 -5.4381193105639625
4.674960447617703 -5.447513790522804
5.8991037860027955 5.709401245422317
-2.9783744216755963 0.5554130427462507
4.221104932566714 3.382264743711179
8.120290347745108 5.1599147975451665
-5.2670357275048385 -8.462210613827546
6.749969796104249 4.3936912649860425
-6.014326504245011 9.475296448799494
-0.22850481255302668 -0.6116586446682035
-2.11802065779219 3.433491837727793
-3.1454970282460737 -4.894884411358005
-2.5054509203974202 -4.467327975064103
-3.1771274080156786 -2.9249516828982314
1.196258115371995 -6.350054205065241
-8.496751874164051 -4.0431136694503085
6.665230211715109 1.9621353242182096
3.814342236315401 -4.236411587309408
-1.3815607798160485 8.943129753259345
9.403503640029339 -4.409426458698434
6.609833116055267 -0.45346149072837605
-7.217137308154933 9.839097234572534
-4.220578266131505 0.6750468365088089
4.322011459696753 7.253063747085566
1.3190140321930208 3.0819107726489463
1.0459025709940395 -4.683026067935434
2.9323477111298857 1.538797174554361
-1.3147108952008697 8.743370086325783
-5.119356529502648 -6.176084521588525
5.486083238218653 -2.3147660059197683
-1.9626968701910226 -5.868467101020791
-3.4280341868834814 -6.948422003874555
-7.56688370965313 -6.669391636835891
1.9761843306203204 7.029738242845795
-5.0775111096252274 -1.6055627579418896
-3.146259124122322 -7.143580180308435
-9.91883887289867 -5.23885408314352
9.73106676381951 -8.765317116177156
-6.5888316191644725 -1.8848436929038428
-1.6436614457334482 1.054246253967964
1.7988608700958046 0.3353385973446379
-1.542825032193992 9.627998680169853
-8.11487591984017 -0.6515227572116533
0.13751576660616216 -9.871003316501106
1.7938494693998823 -5.452630140153851
-7.59436095110318 -3.5367256110619287
0.9106007733107297 2.938313018598123
-9.176691940097063 4.013062491450066
-8.744181410033466 4.854318971856554
-8.729254327321364 -4.069333795764227
-0.6846948916516418 1.7990650745548216
-8.631252470814719 -8.710025058873699
-6.285138830926789 -0.5250523972208256
9.733947281846774 -0.9134271409217583
8.009597077069746 -5.544286945154264
-9.881257806861141 5.115435964827753
9.007209534514303 -0.6079661863181443
9.759674705500384 7.635196990398725
0.006419746533499193 9.758425452219484
-7.758158127714479 -9.013960488606632
9.143838982646997 2.7464143024701126
5.339731814290742 -1.290893302375002
6.098648854066909 1.8474909226608087
2.728893949853557 7.009406677038498
-2.840077214711732 3.98038715833426
7.851667911723425 3.187090682289206
7.89514270880343 1.3467574877811117
-1.811841034702157 8.463029923900901
-4.961307526991585 0.5707424435253383
6.563694725816177 -7.6831417624331255
-2.958092596472248 9.559334658666131
9.674222160495834 2.5520735880047845
2.1075305707588594 -2.7878807360399644
9.223143806879161 -8.758760854631216
-6.817311124299154 -9.026903394662028
-4.019651770953643 -9.133931776380091
5.10614137602367 5.335459032615686
4.221747436145076 -5.433268054514011
-6.328451438184444 2.242435935487004
-7.0223209962378474 2.5489009155773505
-2.8698787185772145 3.652011068418714
-6.434448533780646 1.4652564057350208
-4.105841545751135 -6.287382131169306
1.888149998584547 4.868062782568181
0.4735940430264094 0.9172081787541959
4.951569946915846 -2.2308964792472397
9.753902147475909 -7.435685072757606
-8.38638120877584 -0.9721995840316922
-7.0267331490948814 -2.015350280690676
-0.7101363617023573 2.609138807035114
9.623420796025705 -6.258290232616859
5.024129778077494 -3.3082349740098227
6.142951315076811 1.8016170406325962
-3.1439529201661243 -9.15549070635084
4.449000503176546 2.666371214207903
1.835251563219959 -7.488125500128677
-0.6355803577488963 -1.0028507982761585
-6.544959811905782 3.1998719952017964
-8.567270233539412 1.0215069637460452
-4.2348702321383165 1.1343184023200834
-9.356231036682061 -6.747921770334699
9.148249776736659 7.008062892355419
-9.009200031072204 1.5930479445492693
-7.030375635221448 4.212898481317506
-7.4306331763195494 4.973377969792043
-9.267323128440129 9.536240531378759
9.229573181241069 -9.926293577007591
7.645663788932325 9.948638778407506
-9.639612207103351 9.708784125269524
3.3950095662183966 -7.1744978063197
-6.423679823484239 2.3765840878502367
-4.9337166844672575 -8.90421342362366
-9.738868344218552 -4.827113557172824
2.0278735654328983 -0.015936150749045197
-0.7262361881568591 2.1616379758244086
1.949218845080491 3.7508535097596596
3.447567920967778 -1.1466987373689577
6.1682758418346815 0.3062654861339844
1.0696284907402678 7.2796399953185045
0.45308304445067016 -6.902850743450244
0.8452101839854915 7.273346661590939
4.343495704875938 -9.969320144982841
-7.789155182898657 3.5670649853401315
-3.7805456648327596 7.136146995951584
-5.486988201583207 6.327303250536108
-0.16204347806973018 5.1004196132802555
6.999647916211465 1.2433311586749163
-6.034546778888254 0.6247809984471324
5.506390168500634 -0.39656645165742965
5.313386908884844 -1.3159443191042168
0.12039656571208113 -1.9748733580805364
-2.7860774779579867 4.019120390014997
-8.108299770621134 9.786732471153417
3.6980377029561957 -3.9670704329849276
8.43237375105658 6.7650050370294075
2.0864308408644057 3.470265571126866
4.876015708838452 -4.712900745438362
-9.137293183026095 9.776235568052112
1.1051332479731286 -1.3866190640123577
1.6630031774885197 -6.914394943964202
-0.26023239042436686 -3.093364551147351
-8.90737533664712 -1.2162308652863825
-4.714250304358192 -4.229039340762486
-2.4102588072142295 -7.951931306889904
-9.281951078443868 2.464920486407536
-9.165517314439288 -1.7183201832825716
4.074137723951246 1.0216762568707853
-8.49676225864793 -9.480437989715453
0.010816931299554966 -4.568524396611505
-0.0006114830391830139 0.5579818068010933
-8.597239539864079 -8.820202212283823
-6.591822646136851 -9.812635850825087
-2.172967273197985 -7.595990924498266
2.2790360424886273 -2.833383844430628
-6.1713249337801575 0.038745798735213555
5.944273974110139 0.47822537797079434
8.2793671085895 4.902354267433752
9.844363712633012 -5.5912527165285635
5.429976156727665 -1.2765021880626186
-8.708620069145672 5.496309533396239
-9.779319508729836 6.117798329981369
-8.012403803561599 4.0510625891878576
-5.971662594298763 -9.903954046081687
-8.069159606001131 1.4285560930055112
-5.896973985813505 3.78895262916531
-1.9659125052433453 -5.1874339890578
-0.42946307616467116 -8.890115083703128
4.603203487934584 -8.757890367491681
2.2261748296526314 -2.685961797532186
-0.5395011851974179 -4.995433144162087
-0.11035257869633774 6.30517572694767
3.853868385681933 -6.2089639547554
7.0907733168342375 -6.829362102029057
-2.5957787481194705 -4.829702470489687
-6.461558121539146 -1.0851500726642662
-1.914047812365002 7.620667930873239
-2.3047866199576506 -0.8650163433849691
-3.8171472572374565 -7.3216227042099185
-5.68866865952617 -8.88563497958462
-9.649855412570794 9.48635518040339
5.090798362158708 1.74301470397522
-1.5118262132387699 7.481020027184357
-0.6761617072056509 -8.462970872844927
-5.287524538490307 1.2966660937761905
-5.382965564983106 8.195603072905556
-8.202788778068143 3.354047121743509
-4.437356006705064 -8.255346487857553
-8.232021846186237 8.549645875589512
2300
7.449566364821042 2.591989817502089
8.194451073398188 -8.620106641138019
-2.1318714537093957 -6.980146430356471
-1.748555761293682 -5.480223980448702
2.645992821570422 2.1142577297121683
-9.335245248319024 -0.3013757464770901
-7.795610275962542 -6.5304380882079744
-7.677854760849742 4.231631728141727
4.2893397046760455 5.344812168136539
3.408590873955454 -4.496956744060192
9.257925872689647 -8.898530676055616
8.303240685735894 8.368082566402268
0.4962058786789818 -8.10286615230564
0.08873473938152365 -8.825966475742085
0.5217075356075807 -5.983958827791729
6.607028837309315 6.581495921170021
-4.145703041418085 1.7730038367737855
-7.773307230243722 -7.092223740181187
7.46505380802089 -4.199092909109248
-2.8421189333339054 -3.6316667080827187
-5.591197032260597 -2.0709423552806516
5.82004152878606 1.3453174188721349
-0.8415314995277932 -3.0299251141815713
9.411577587991658 -9.746369419864232
7.523350000728854 2.6458634443748394
-2.897612544148256 -9.382044955791873
-3.904925817342315 -7.069205863913474
9.913566107492713 5.900384754585561
3.668952701212767 5.886272020357898
1.3772703204255325 2.875819229536445
5.564463484864772 -6.732217720641314
0.40105343181101105 -6.7650753925774465
7.932197753001255 4.438038737915557
-4.404689290812856 -2.5099981443775654
8.967710128236519 2.626368954217215
-9.91600270506664 7.909119972764348
1.4392192967147501 7.22016807301717
8.74598370200454 8.621821943530222
3.190852949947825 -5.677130100696283
3.3550156717400608 3.9456621499283138
-4.226144827233826 1.0813461204955317
-4.5380093087750994 -8.203358253105081
-0.9313396869284034 5.274479351333332
7.323940902108223 -1.977898667249704
2.962608059711396 0.14271734616840348
-8.551691144428599 -8.144638593328564
4.106101648337084 -0.38101911630898755
2.8195326784705106 6.32072226685969
5.985396828782738 2.815511015981704
8.986846547377464 -0.46213313003610246
7.119015793698658 -3.332575013447987
-1.4469349709739827 -6.560443792922963
6.1640984549973545 6.232273007991626
-8.942400433517134 6.091996665506219
1.321796658277199 -8.91561912742585
4.251239129825388 1.8627843590771231
-1.5491569639097342 -5.99858869346563
-7.7424517048699375 0.9103860400854451
-4.191460022316096 5.513406966300396
-5.235115519421081 -4.819200689557324
7.709116150471619 8.82381288290092
8.50345712589154 -9.572300265748874
9.48178958647588 -3.720030817125643
-2.0498679924593937 0.6426771292222284
-3.1496273720121737 -0.3169378047213698
4.25452813043213 6.9224490713573985
6.572645967930242 -1.2272154634895998
-8.056897253081306 -9.329437575313289
0.10900274571995539 3.3124759404181354
0.25705656624298356 -0.9915012520845288
5.471866402356575 -5.021382027337009
3.9349906745489367 5.297138562994181
-1.6501521589514905 0.8101084868320445
6.078093661495142 8.192219344327857
-8.5468917925083 8.822388448025663
-5.530118270590972 -5.688881576512621
8.613581420130522 5.104550487919102
0.8018348277383929 5.127593183717508
5.57029841940512 1.8412306523648603
9.316172724594356 -9.111402948557688
-8.847609791107145 -3.367042678352064
-3.0030564780299196 5.964247115738086
3.179421594568568 -1.1806236951579585
-6.342481242133326 -0.4901574651428948
-0.18087686832409844 -6.573567880195544
2.3473567824093493 -0.7805379107584116
-7.446203025122338 -0.3494976771754068
7.3457741989150485 -4.190875439823543
8.050024152570497 7.876586789209078
-4.942861075359815 1.6812562188088975
2.4294256723420915 2.7829466026925473
-5.557124726271154 6.554289213684164
2.980285781343458 -2.636370572816153
-3.058205792159878 -5.277599604342209
4.4017068293646116 -2.518697639026297
-9.388604122030292 -4.729420332586751
4.741976938736945 -0.9009476576614635
3.7282731561353355 -1.5134205704594912
-3.1777492698780225 -1.2579847193362497
-3.673884027772843 0.3352511328329495
2.011206539225281 -1.377779912153347
7.435284886536191 7.755554592998074
-2.6477143491075905 7.628251920409113
-1.9989060230700986 9.546528184838326
-1.3245900771995451 -0.8663854857321258
8.587521620102287 -9.81974169737866
-2.1309229655012434 5.1884544713487095
3.8484964779657354 0.4034728901203799
3.273539219064517 8.912644819159482
7.097081744861569 -1.4845990922309067
-6.6553972749387675 2.8066790702868474
-3.6801180957132225 4.323074820437112
5.494724740525212 -6.240511681841445
6.997708248914918 -4.120879630113892
-1.2416441379908605 7.87165968533796
-9.871071087103417 0.21220759841850523
3.500293101729495 6.673212791565707
-4.450002088785787 9.615269770998701
-8.625304010824937 6.523461846525667
-8.350005220204919 -8.54866397618601
9.545878856917657 9.17900668144907
9.77637904151813 4.780803229533985
3.0371763827924685 -1.279326882118891
8.84212726746593 7.633018377366184
-0.6879239687140508 -8.171201445533228
9.070953607701085 7.840329167342279
-6.1471081170022535 -5.883865624527722
-4.845528350545692 -3.9422497532913914
9.286183897895345 -1.1031348721903829
-5.645870252860076 -4.270042105705043
-7.129545612998969 -3.535253674694574
-2.2826663065231267 -1.689728779084664
-2.933647523557452 -9.363439776427679
-4.825528380124215 1.0893286920461716
8.79942555173755 2.000189218692414
2.8869027174748148 -6.5194044743796065
-3.9654517947462598 -2.5392220156838725
-6.403816259711559 0.47017168297617573
-4.850504305195551 -9.493353651432272
-9.368743375803293 -1.617136605520919
-1.3867783779405585 0.17583971543636956
-5.073818661151059 -2.8513532666744235
6.057389127320899 -3.2148796125783115
8.433669566222939 -1.7367266889564714
0.8630025442936784 7.7797877810326845
5.433403589176702 8.550871449838212
9.983430271186418 5.00184426759539
-5.433038179557803 -4.998133223601133
0.7986150894308093 -9.227686150005901
-9.93367534801003 8.452147296099138
6.353840715738762 -4.169214946959743
-8.596795655079797 2.1018701221064617
-5.750515349182255 -9.08266484211409
-7.431677096927556 3.9282529407340228
4.660747713502637 2.3432134516875998
-1.4670667152808843 -9.70890150137369
-1.4312086810811397 0.11230331394656545
-1.5239486718670836 7.343905387537191
6.866380569470778 -9.540829236312902
5.4699424075027885 8.984904615771093
9.263101851011736 -6.2834644939050825
-8.524095227557908 -4.641433703380498
3.014582735729638 3.438880123577654
-6.5763661133325275 -4.11198462551458
-7.257768487043212 -4.766954023295298
0.8007219361393592 7.45239837655965
6.3687847779165025 0.6591125127213022
-8.52200750804218 -1.0540988062440544
4.529523484684363 -2.5782258185798934
-3.8442489664270614 -1.7632945836146696
7.105788326753316 5.103460140782534
0.727907822805971 2.4670630780205407
-7.979581809949381 8.92915215998331
-9.893616275190126 -7.8472731476874085
7.306774659883203 6.699422263153753
8.605402040251949 -5.367598822800803
6.803044310599169 3.883461507417236
-7.4515111987623905 7.743611328274547
-5.116673639278084 2.6842954609940683
-1.58208778866193 3.7134813941682268
9.21630008418234 -3.1664892379884124
-1.5118226682252427 3.258813833237806
-6.58227568032223 -1.5452663288607944
-8.375697812987804 -2.1512917515055623
3.8735467924543006 -5.075300638365309
-0.7947394258890856 3.154717997315215
3.7100964203161535 -8.287795515526145
-6.092930766885356 -7.605084108848079
0.6838324268652443 2.5287811196727343
1.3134969216569896 8.405311875039995
1.9057058371476199 -2.4769752904843934
1.2221453192068985 9.131995842780821
5.772557331711898 9.74884690146638
-0.4017048203540359 2.8415523698084666
-9.691377914810658 1.4387418395601728
-9.669049103522237 2.3985962152947415
-5.681763303100887 5.746936371642256
-3.978630092686199 -8.99695108096221
-9.160735374575035 -3.3130948028752965
3.0008262100574346 8.944171425254183
1.9378516767626088 -7.15425740346177
-6.985512543829202 2.606256132899759
0.19507410899835698 -1.867774921695041
-2.3264815660607034 8.150816456131487
7.401542151416788 -3.1936363950936375
-2.018765510564771 2.274073897787911
0.826384759648036 1.263940327743363
-4.836844043084644 7.901662147042295
1.1433849912929652 -5.429859678280993
-3.4765529882812736 7.324581849174962
6.941008574091899 -5.48977268145266
-9.083011739900694 2.027868679248863
-4.162051817748507 6.416019564561267
9.215450767269456 -3.284919023631579
-8.962786264271564 2.6033537976597785
-8.948226969437766 -8.6979067744895
-9.17014462003256 8.935668680256075
-3.793600368320586 7.629536489570164
3.3516654087514564 3.032651104942939
-6.666840452461278 6.768341430092516
4.534588003357381 6.620793562607663
-2.9060668700813252 4.362360032390866
-7.769849355536662 4.624394578591511
-3.037893666476754 8.911464768219368
3.4298634532164947 6.2221377707268
3.066037907344512 -5.349416901366895
-2.0251897722847083 6.462989361258291
-8.641113293943652 8.83890428908332
-1.2131275096035754 7.747703779999579
-5.7180971663221225 -9.480078454721077
8.288693659630866 -0.19327141241402934
8.16443752488276 8.497489640098177
0.01776723110091183 6.043090114386015
3.7901005073615828 7.540905042476528
4.740513814873404 8.57497829577023
1.828622647127263 0.1291199588860117
7.282389052940836 2.4801221671501477
-1.4071301924377728 -1.8558129846128146
-2.2259380352157514 -5.192605681656328
5.374863142702255 2.2340159082002273
9.058777278801024 -9.455974977527234
4.002103500755734 8.271658016076515
-4.106211457735645 -4.2347823384765215
-4.010389595776163 -4.690364550156739
-9.79663017364659 8.29276968793923
3.589026521799548 8.348000812334991
-9.657252464485373 -4.208579850447148
-8.37513390776901 -8.33272014830503
-2.82506189749101 -1.4370188114194153
1.357208574957749 -9.287488547932343
-2.8642490468695243 4.230616608342041
2.939598842306175 -8.813068510673165
-2.881676745778363 7.358417439274842
4.872725256917603 -8.90864061940629
2.555097494962123 -8.656042478270914
-4.229795454989256 -3.9451451284298127
-1.120473255313538 6.243854461811441
-7.296773772940663 -2.6575220160466966
-3.3211321318900016 -6.930088507200223
-7.780281681644981 -3.384281175721025
0.20728468541368983 -4.328543685020881
-6.007797670715833 -0.5784291989634465
-7.599371533729096 0.17170845774323773
-4.345969263491877 7.5532027338143735
9.494716947332222 7.575897587921961
3.0470404668417324 2.6402564011977496
9.203817667407414 2.331941222288542
5.778378830769551 -4.97512055506297
-4.420542768120659 -9.677285145457358
7.215946279001827 8.405994217003322
4.897567836072966 -5.218616880393103
-2.722685035401076 3.3550363568179584
0.5508432599998088 9.581304217891535
-2.8516034916354833 -8.28543314513659
-9.4788453225614 0.9902816607289378
3.3897825097239007 6.079483054376624
2.761843530329271 9.094566287589547
1.9697109116867377 -1.3598267124142929
7.3084028046061675 9.192844632239638
-6.835122649383045 -8.981334754076517
3.898721258689106 4.805202798507162
-6.384715278747237 2.214268283694212
8.953967026668813 5.853106704703839
0.5163353283656029 -9.008250247460207
-4.796796062570852 2.7736164185684853
-1.7260389201919004 1.2875237959680508
4.132601545965397 -0.42672350687919547
3.0824901796585014 7.333141116410815
2.8889021065838527 4.536337914417995
-8.308228537288901 -2.1483892166219736
-6.333599674910831 0.5021395248232778
-1.6775063501725285 4.613249170128746
-2.896282617778631 4.167632707994876
5.5615789449372155 -0.1597230127777749
-8.450939507883978 -7.902432246534219
-8.545297936830051 3.7393307547122863
-2.3165712487845074 0.7969515913659357
5.349369900373674 3.935819503583268
6.816753030929984 2.5811747478034857
-7.783551569889502 -8.15729955651136
6.414136673214582 -4.970527162948852
7.540704733079391 -3.632607786207971
4.265044569492982 5.493871529733942
-5.221780155786513 -3.496603138116816
8.521720355780499 -6.151722077051569
5.659341485702239 7.2351145344757235
2.3540351459570807 6.451473076152116
-9.698121005261973 1.5081630378369493
1.3760307226053996 2.2761786248927756
5.260259232103003 3.7917828241259066
7.073272798104135 -2.6687530919475266
5.613146799957235 1.13070905577856
3.8888072055933893 6.862785926504152
0.9771637740388943 -6.614520004116269
9.253321339306567 5.13706592534599
2.2512455587373115 -1.518466872801298
-3.288237699943217 -2.249742125091019
-2.1781276452165805 0.9233152145961672
-6.329234200359006 -6.401304705756985
-1.4053334771552155 -1.3569555274469813
0.4906584194734638 5.050461841812009
3.210721791881493 6.120050547164013
4.3380341538881755 -7.248913128329983
7.2255797941106685 2.737730203511621
-5.738147151333257 -9.546434237470072
-3.7809747042524204 -6.859983636528863
5.967905865273423 -4.513041186126971
9.632816896896944 5.889138169508001
8.766416585139758 7.186974282815399
-5.997860739104923 -4.674720894010862
2.9724796352540306 8.897136978541273
0.3953867040986214 -7.833657100696723
-9.24860522711128 9.24519095668802
-3.802656975650372 -1.1601691889820742
7.81177674806726 2.6955045464160783
1.2124829405521975 6.800560185481405
6.541240367120594 -2.639934941843598
2.770118926437245 8.915378344567568
3.589799478049887 0.8166340197388173
7.074351378312379 8.0886580997715
1.2670667670810243 9.644138504560477
1.6976985497860753 1.3160724334915308
3.043989688407059 3.0180609355136827
5.908469360612052 1.629015216970176
-3.191046578889514 4.071066653576036
6.213794246655194 6.01554513099796
-1.2447249079749572 3.552848275902347
-8.19373575525395 -8.891824685831576
7.547374934106848 -1.5125773273005336
-2.3067415436875605 -5.688131708678458
7.822058814318403 3.390129634058125
4.04209634993979 5.923309574543081
9.456609599166402 -6.15774354015165
-2.8728246869937717 7.107047724482555
6.4927771797595355 -4.208459262293925
8.161815571586388 -5.533920165941408
-0.09597663932540534 -7.269321448831763
-4.622750142551764 -9.712111784258152
-1.901235871160873 -4.4641209664535
1.7984060725002458 -3.4946568220110974
-9.960656493953842 -5.811453290971298
-4.735723211226199 -7.728505142276392
7.796140004394847 -0.718282390486289
9.088019039125687 6.5864217040846675
-9.287295432315874 -2.531770751755669
-4.791029260246649 -6.439024674830483
-5.481523499508192 2.129722181103503
8.199281742383402 -8.938516102710498
-3.5327559604492142 -7.184226142012109
-5.184778704075552 -4.941179600615369
7.730822418974789 4.597535141239234
7.89427624629155 2.939745523403312
-2.723460681258354 -9.910255406913471
-7.709767086383986 -2.616385497492999
-9.043231356473777 8.97551448007047
5.078999334545905 -1.0534776090905709
-5.3125666357198 -7.64406736851122
-1.1909069329459747 -4.0230560776920505
-8.657388261519381 6.052425238016244
-4.832474841965803 -7.343548377233118
0.986436330918929 2.4986399134047907
4.712874329779563 -6.32046324249258
7.829889997462804 -2.18922139317955
7.028651965176969 7.850535380072355
1.4594886845309176 -2.887587078698422
8.451789409370402 1.3806611708973104
4.462205078073101 3.8649878650254603
-6.228051431649034 0.10473269796055007
-3.9906692093708767 3.3032906547048704
-5.147180114461223 2.6051142305284714
7.401157832068144 -2.0552248972907687
8.286609006715327 -6.548285401311189
7.16664736293842 1.877036081409484
-5.3187453212322815 -1.8144231203800594
9.309508765304251 -9.81295680982122
-5.3398505215789065 -4.8436878854756715
-4.888547830215968 6.231935237560073
7.269588010558891 2.1962411822653944
-3.712579805742953 9.333806836720665
-6.842171116382816 -8.95141458577902
2.9400370041693122 -9.405894692112632
0.36268540876672617 6.579325485336575
2.3544043329263697 0.26968212167311556
0.3563243562180851 -1.8822030986796463
-2.573205204592199 -4.775812657362981
-4.791380906268266 2.15819223160247
-2.703177969999815 0.45811586946731353
9.249061226764713 -6.9133538205469485
-0.9800154857667938 7.235671306535899
-9.03097664166168 1.84438096039829
-5.524228876258701 -2.217259325092251
-3.783521546226112 7.202963140660557
3.215926808999864 -5.965383343737869
-3.0505440009967906 8.693049470259908
8.673145348828971 -9.465877818430116
-9.594138981708927 4.1615392850132
3.0383551803665654 1.2728221282687624
5.116909031191097 -6.814008128974494
2.9233852229917403 -9.079433835827004
6.281149661510582 -7.920615580433092
-8.877488858742215 6.365646017058207
-0.5323674652108501 2.5009974381291222
-0.40189504266326104 3.664449096147095
-7.566101304775388 -9.364682538646276
0.4963549356838328 5.776117515906334
-8.40803418903165 2.0613392807345043
-5.089224110235864 3.4776091617456366
4.469653438222297 8.493860579483147
-4.16422491054796 -3.5712254961878536
-6.183359773494188 -2.1547710376899403
3.757667670948443 7.586572855897057
-4.024428211252877 8.766363206845817
-3.7789549780732017 6.6812020110256825
-9.752052282182408 -6.716873108102625
-4.042582245259833 2.663125100301759
3.4393583669202386 -9.692058477645574
0.7155139973974158 -8.177005226644402
-4.235222969564772 -3.5566303811907947
-7.9583436409826325 -7.380583537619856
-0.8783120761139074 -7.048569992568366
3.2782259045843958 -2.1076852137551283
5.655496572342303 0.7593485238478532
5.021502373837986 -3.5546446618398235
5.892317374952942 1.0410986288397535
-1.4493061904104483 9.604862959183404
6.845766396669585 -7.4323172494778404
4.804763277414031 -0.3607754801349845
-8.733872604631669 -7.832031161501494
5.236933430652321 6.311001692643114
8.96625711782336 1.384698732152854
-9.105075576600527 9.001031805296545
-0.6440773177763361 2.40345242022733
-9.636354324097582 0.9942415558083812
7.4570559829947065 6.5526185957086795
-1.2827771343734558 -3.7260479572864753
9.047045570775744 1.5496732747689546
4.972526833034813 -8.284186862140448
-7.273704467805171 -5.613034066284279
3.281429805634154 8.986608449166958
-9.979004553335118 4.552726535752239
-9.538980433528973 -7.800118949253243
-7.147373633359601 -1.9076977697281485
0.9594574764226991 -8.24339172760869
-2.5638609067730966 -0.946333462766006
-3.8348316156788425 -2.8817927720562526
-1.4740935459827416 7.272702101981949
7.650497115698165 -3.2171208518277776
-5.35305053307466 0.5897817282903972
0.09451233508574575 -2.769996087441644
-2.198931335841296 -3.712165361491781
7.564310312138016 -4.502014434739232
2.7101238893596573 -2.9446041000464795
-0.13834367094182198 6.292672905763077
-7.185962207520693 4.247241403220466
2.2647235091410316 3.8574077960091984
3.917365643450628 3.0048544088578524
6.398108814931074 6.440573954222632
-2.0557138839279006 9.153937193526648
-7.01803525897491 -3.4245907943485925
-7.574949390357341 -4.157886493328801
-8.714240616890255 -9.683137975984529
-3.7113929212354035 -8.019681714558377
-1.5257439281839442 7.655246909216146
-4.653575931640259 -1.728193055401734
7.9671868388135 -9.067103855633864
-9.64613858720627 3.222667350828443
5.353047054589474 -2.603388858759117
-6.5468658478788955 -9.33907806913904
-0.912771204253433 7.565909268971367
2.79795031725693 2.8089347750188036
5.014638113704793 0.658406732921506
6.800803404607272 7.063029033526959
-3.3002848912408833 -0.6357771410214603
-5.919888691401393 5.903639371208442
-4.942119574962742 -8.603460468367015
9.883600584206139 0.22514827509722046
-9.94933097633901 2.890351023242932
-1.0423803285887523 -5.8437978120344685
1.773495708587383 -8.550393612321358
-2.8562193507829754 -6.033017314767511
9.693553741103816 0.4305608373304164
4.530507580889454 3.43061065446369
-6.08290959045277 0.24624453134082103
-3.6879200497473956 -7.553159739409809
3.3780840104365133 -1.7182582626199423
-9.008467508875388 4.956117258490089
-6.897777869334858 6.3258919206186945
1.3632655376676048 9.215343551244814
0.6531271836245018 7.0415995864556
-7.570704115722952 2.7078313500791644
2.3672415140492653 3.4273182724458007
-9.07894507786282 9.418588025905837
8.30578222826793 -3.2872241918705125
-6.397376634383766 -2.2541716941336816
0.49013683319311596 7.886969424387999
-4.092440709810687 -5.3590822317257665
3.684526497636435 5.5637770725454025
9.367666832178912 -9.122473193932397
-3.8842801436770147 -7.2121036907161145
7.158317598636195 1.096711338242022
-1.6528850630439997 -4.715812987460401
-6.36043983624133 -7.516198310530553
0.7431921835663111 4.435898909931101
-2.327196515543273 0.4840786058990272
1.2866538317316571 -0.47595396979993154
9.281264633918518 9.639830521268788
-0.8314304377168629 8.848596447714662
-5.474034475986542 6.934578565705053
0.05999144956746072 9.097448414410398
-4.333830308508155 -4.858386067677634
-2.508649607799887 -9.9095362430194
7.042167019241859 3.9820588305054354
7.665701502998072 1.0409066341882518
-4.36054798032006 7.543859043209178
-7.127969089834538 -3.9336369961440116
-6.415868739026291 -1.1952522790283133
4.159800526096205 -5.994306513911414
9.695096990724291 4.03628946455701
-1.7476202470962612 0.0038951427038469433
-4.491284909368948 -3.7676705094752876
-9.585196194834491 4.982328894211221
1.8461014111011913 2.9055988651853326
9.824237773985619 -8.96564933258177
6.134230050874017 1.086168080965301
3.245035891552181 5.231443330750011
9.86084688420528 -4.627108598539289
1.0185997433373721 3.8622414718871685
-4.740474675335802 -8.89222552145723
6.678296911261622 7.856071539499997
-2.4208299804988753 1.220341086247604
-9.882006452433483 0.6934155981472472
-3.1354791180365638 -1.635382110391749
2.7562292013790124 6.108038592524302
3.6236334008395747 -6.419721394955021
4.654616676887166 7.937246368827051
-9.06632245129028 0.6602998909906539
-9.894537540108852 7.027535046928779
2.749641156167037 -2.8324341941157467
-8.367808071396245 -0.3738266669440744
8.075320653747916 3.1448567088199137
-3.4834932123501083 8.744504576285731
-3.9737126516556014 1.2458608406808516
-1.2428617606848835 -9.679222516384984
3.4422714850096128 4.21875044374012
6.963585948321477 7.8965385457998885
0.35030421500262143 -2.655107148977107
-1.321271496358289 2.2162434039305
-1.7067385405565698 -6.2853076829329595
9.936577535226757 -9.766596884083773
-3.176227573301899 -6.402663750710042
6.769896293090277 5.325958308441482
4.826593616701265 -2.644131545219408
4.0372592452880856 9.34494116346006
4.419921548016589 1.8818161164343135
6.453403924319442 -0.8171089374036526
6.420278371943699 0.07045893362420408
9.452006473704706 6.072614696923598
5.843065326806521 -0.18040945020567456
6.438456812628964 -4.933003874799362
-1.7235786154371127 -3.462246324578226
8.604366752491128 -8.959086216769807
0.2223645645080694 -6.929071047975923
-4.842685148634902 0.37734609405091213
-7.196335896838326 6.145160474709382
-4.289518297990156 2.5087634322926267
-0.27190389104871926 -9.81322369488123
3.0202951146153687 5.307704809151046
8.35283823751858 8.194896114391291
2.468178954160763 2.7661658726021283
-5.382709061159208 1.6632985636745712
7.487157172782474 1.765090712120605
-5.760637190603308 -6.786719819108475
3.7655978944690887 2.758522868101119
-0.8990987520432885 6.5825765862074235
-7.814675380011988 -2.0605632980252313
-3.2963618308210885 -6.100507807301822
7.348938588771134 -4.974016073654699
-8.013636621247953 -4.852698278811656
2.9845393684567156 3.874758337035191
-3.0031044430876648 -6.6472221395925395
6.635246786461572 8.327097207046691
6.8993651705257015 5.502746850315495
4.533676516785853 -2.2065333302471357
3.521181427188459 9.8009388794238
-4.803377034094183 -8.359314368595829
0.7091081689623984 4.026151123430655
-9.295750775378826 -4.276793684763134
-9.60139395751322 3.609494909760496
-6.768667822106336 -4.253280794687124
6.775858481355225 -8.54397005575258
-5.225817154495989 -2.2437289494087747
-0.8810070095115883 2.644896283653571
9.48090249077277 1.3460027988970502
7.390240053123495 -5.48345896659492
-4.229239288999114 1.5613017025798843
7.779429335408789 0.07578753666076743
5.77247105208118 9.881820669956035
-4.338908803337143 2.7250345841028327
-1.9347103468282594 -2.5790159996740325
-0.17952334894279787 0.43877092540508045
8.045747060861814 9.721464758126789
-7.833012461065765 8.010494695496156
7.074421710493894 -9.950007615285807
-3.749807519090882 -3.0770489898115088
9.035969315853865 -2.752258567537595
7.601291926181055 0.6764949701386964
-6.535122443687453 -5.875193932260563
7.336027691003441 4.907383531226468
-1.3481951169103752 6.68753188526636
-4.334753506071454 -9.565775944489715
8.918294973430921 -6.983711347296795
7.685369468524286 9.156767364030614
7.787869330281204 0.8262970380364347
5.898966633127333 1.8456472355609748
-9.828779923909309 -5.847575550904606
7.3309273600652105 -9.433532711987475
-7.98540811905041 3.007556039824477
2.2257973922865446 -3.2855663856032358
-1.7053809203308283 -0.3086850536900023
-1.4810612469662399 3.598738396556019
-9.697150608382977 -9.38096264337986
6.288157224709863 3.0135621565028714
-4.908547095352835 1.8440756599582606
3.439102726397234 -8.558289841537967
2.464653956579168 2.869136146415398
0.7385930139054331 -9.291002587149858
-3.0530988591801345 -7.307405843270505
9.809942728358727 -4.1747165991678115
7.103322577963787 7.253134535344387
5.508238949319445 3.678221877465715
9.831944961445625 9.238631689605413
3.193886617331872 -1.444851696995233
4.214668550444218 -3.5028299539913244
7.66206470510399 -4.7202772575500695
-2.489913418299121 -2.6994993529336426
3.283461090371432 -2.8404132099950203
-0.7144781998462229 -1.3650986511579806
-6.716268998482917 -6.978311263723054
-9.26050378822711 8.307695264344474
1.514546960959711 3.899228417414145
9.648809704366165 3.671211888650305
8.975848009043993 -3.482961562068314
6.0570912326452415 -8.233659879831945
7.496853116628696 4.090360708710719
-5.4309007176012125 5.997486623765038
-3.17271762496566 -3.2791134448639188
4.554120092024034 5.36181985240373
-8.224934445643182 -9.81918889480388
9.96016578731863 -6.66460724021213
-4.0760774458724836 -0.9440314595533295
3.0576988115782893 9.582395692054334
8.898357795553874 6.496583927381707
-8.529473287004983 9.000037761035276
-7.966083086428215 7.928309536599791
-0.25428262657937495 -8.260469700111315
6.341594520921767 -8.449797507687915
4.612121861702736 7.07225695855216
-9.786810948881177 -2.0673704417472427
0.9587278334910909 7.6019170936721
-6.6080635948275805 -0.4984100432552694
3.35078421869877 -6.563191214940196
3.914294160265495 -3.4705123399117337
9.645359842650368 4.723863119349138
9.696822755459817 5.521819621349271
-4.125536474494453 -0.49504952584619133
7.024986241157482 -2.951316571742842
-7.647540033028928 0.6328933176880547
5.075569828483442 -7.183270656789857
-8.030232140112307 5.794942720068196
1.328395537744262 2.766441056963762
-5.913800605132328 5.544029744788084
-7.7691953097570625 -0.529635366823463
-0.09529629275966833 7.6366688603719695
1.8614570483770603 6.720038617219679
-0.1333391881777466 8.110405388418599
3.3692961290263295 -2.766500195855512
-6.5771611987858964 -1.3267637181895715
0.6293324264847691 -2.9841656412915807
9.577361733115723 -8.328858344088548
-0.6626017511827378 7.729155198636779
7.196894293312678 -1.2835683849557373
-1.3284319500452106 -9.259715371574703
-2.713761410036472 3.674537002293727
2.123009618002733 -2.9612071678876966
-2.227611275456171 -6.414434601123739
8.583185740019534 6.767612065114324
7.233897686327339 -1.3223895983641683
3.95861192267912 5.798636311941783
9.768673234821744 7.6706377520308315
5.469841064999024 -3.790805607451375
7.748750021313306 -2.777916730310559
-1.2629732118311416 7.281426936139617
-9.31599051104325 8.61358764696195
5.648277167892683 -2.235262243305174
-7.963190811366838 -7.654488077175028
9.427787665320619 1.8859001840802847
3.9486336692480997 6.1970071961123026
-7.803990854527205 3.670335212395578
-6.593933363581801 -8.500546488734276
6.4157615261008765 8.949097239235925
-3.0164610353185335 -9.698582193151896
0.307143746875143 -9.467568904791687
4.074603670467329 -6.716146348590244
-1.526048596896338 -1.657653040887686
-5.329204942519931 -6.492632826476115
-9.171230409847759 3.0243108729813866
-0.7149586896131765 6.308951735807547
5.5109668315377025 8.40959564194069
-0.49643628251793714 7.674556757046961
2.9331926038414213 -8.143608183078062
3.8790415630010333 4.20973619945803
3.680900492683751 2.8985593975274746
-0.2350071571815917 6.143865567504868
-5.424050343672581 -1.2832757095591525
5.837704710887923 -9.85204077985838
3.0806707045685826 5.08773476630234
-2.3006165304685 -7.155449732109275
4.742348491513264 2.525676011269862
-6.799397183632334 -4.434788466560693
3.910246346396473 4.450377156031472
-5.1803996823630705 -5.965540467212258
-8.825837682578692 4.965089267771097
-5.689649005154487 -2.327489673319059
-3.7678548651500883 2.498375903264506
-0.24103217146604905 1.7440611554599421
9.024341650504212 6.486469556460687
9.364898230362524 -0.5083905745448121
-4.554985286797821 -2.276010666485755
0.1395181857897949 2.3436402816435837
5.138691594275279 -3.026446827894813
-6.9894114610126 5.232501939431559
3.0079631411701317 -4.132363661091629
-8.72935656644556 -7.702059098636685
-0.5472089589224538 -6.654900007661442
-8.98805805447421 -3.5488605388126064
4.3608160512134795 -8.195253639286689
-8.667215469296565 -0.05585653650712885
-8.729520599340754 -1.0527427892846077
-4.27862576340109 -9.036672895268623
-4.980197698549624 5.426992055004419
8.102962847155922 -5.299238414868526
-0.7514157574442386 -8.769069507743199
1.8359198556292213 -8.15717535547343
4.497283849893407 6.002543923612077
-7.807574772400379 -8.410859950675096
4.27376273134923 -5.517740112889314
-0.8761784855433739 -5.747947284341093
0.4453350884917189 -3.373801586311707
1.858128153765863 0.49882715981484793
1.5154661391049125 9.01406990815191
-0.5792762027582583 -8.999310993072285
-8.82599771824596 -7.173053703765968
9.085321319250927 -5.017114351680217
-3.0950990881299063 -5.319163451683792
4.888490692731246 1.6129293049892013
5.310575389397517 2.121557533791492
6.395635516737805 4.345110989718314
-8.044393342351652 -2.422177536001529
0.8131580401612286 7.24908187523107
8.011398455439156 2.4824757941357056
-2.5408291166902135 -5.0438955818369
-3.8056885893157855 7.663899158041396
-1.219623241769174 2.8589004053307363
-3.337160112124778 2.465619264302477
5.506723130683362 3.6239540432071635
-5.991159219562627 -1.877879261506159
-9.560316065761443 2.9046778442961756
1.090984706310973 -7.028646753608343
1.6524974230792786 -1.9378054153290076
7.902896960422879 2.076187868004366
-8.615200086400945 5.01715816994847
4.736054242498408 8.439265736854168
7.523771179832174 4.495910077022469
-2.881290913698642 0.0908240558638358
-1.6165605164522958 -9.766317811647793
-2.9798644311731293 3.8174702843053403
-6.968327192951945 3.9191958824389026
6.316427487574103 -9.546414747213795
-6.73347382751076 -1.8165283756888417
-4.2995880388717005 -4.5134465455439265
-6.7870204316758524 -1.8000500214341528
1.6088842116336117 -3.4937575185260688
4.818904181286088 4.744886096945686
-8.618169445693134 2.806689374433306
7.281378089187612 -6.902305564979709
-8.269531081518164 3.703678775334975
0.5832022755509456 -7.589384084535162
8.141406519230927 -6.1469119741416955
7.402186124996611 1.1510502845446027
-3.4777926535859427 -0.44693360780485847
3.3409926391441935 -6.32621792494426
-9.68325309952112 -5.602716434974015
9.297551335066068 1.9361338770157275
1.1835405577628357 -3.4001729347861653
-7.646580113347408 -6.98748194738446
-3.541122397784018 -9.479958655618958
-4.2423616202906995 8.095373912930558
-7.02439737974805 3.4547977671117778
-4.905663244359215 -7.3222213887029675
8.883265734761906 7.3120229946053605
4.520580079990541 5.150156446541255
-9.835051591686433 -9.964942500132157
4.82834696388162 -7.678718320009914
1.2744982920192314 -6.355471228449437
7.638239259519736 0.6026487100337636
-2.8387957308962015 9.067598858508497
3.1826361389256697 -0.7349870851417588
-6.384517547950795 4.679419375857361
-3.8571816719512757 -3.629107810631764
0.5420346761508092 -4.423004034854186
9.030856466331091 -8.532736266904795
-9.614267330844157 -6.165687173317796
8.646476325842375 -1.5334799123620435
4.752908370308326 2.299373675516245
0.2264994129104636 3.3222192779613344
-5.821645732503596 1.2291559014245443
-2.114634224020408 -8.313418744568693
7.78736405345456 0.8871499630653439
-0.8397868655321794 9.493447443972979
8.440025612411457 2.839865919450123
3.333929224744134 -8.190744269546716
2.363925665909809 7.385177724820906
-9.76696221750662 6.525912417571583
-4.836707007223222 6.469771796885627
-9.920811091947215 3.202546143272114
0.10965970461823815 2.761623667878384
2.7239885166050044 -6.825367851019677
7.012134099980951 4.414678534263313
5.717109322258198 -1.5290971311769468
-2.6119986891928875 -6.392422414073041
7.592420505942165 7.476910897259053
2.557582769688402 0.5893953819194309
-1.0028047683041326 -2.9534964379740707
-4.089493355522434 -6.834486776530064
7.708433055989957 -3.3338648340836325
3.9226770952912524 -5.233777732962805
4.23634118324072 8.580264120941173
-8.772135734897958 -8.703148479842032
3.811278364901389 -0.6167398570567961
-3.356701938782905 3.4508905090266957
-3.87543033166774 -6.253448132743924
-0.11297330287376894 0.07065668206541176
-9.281748732492547 -0.9651377889122159
-6.093395674143767 3.1465478692555457
7.751123309117297 -5.774920237187402
-1.1062624808487787 -4.168019800182043
7.099441049692221 -7.660452685512597
-6.690947782890417 -6.80981873470439
-5.71674138450966 -6.6355927010977656
-4.059784893692651 5.119700797109267
-2.487654421897501 0.1611781120766942
-4.894220290528315 -2.7475399982120408
-2.2876625674108997 1.002090240605014
7.307889269428053 2.8431009202230655
8.497639108614386 -1.5915077008448755
-2.143594699724667 1.2250230190170193
-4.1155155641527585 -1.0229011264572065
2.8167782200801526 4.273182181154148
-9.194382909648617 7.293040020904488
-9.389421962223166 -7.527118929792669
2.695967024366494 -3.5277098338520734
8.581604894217897 -9.29108905521687
-2.0479764422889746 2.122828125724432
-5.799533342151899 -9.943451012167861
2.9831803123275886 4.616034431374082
-2.7067292134939684 6.406596533567615
1.5555130512365416 9.002675965343148
0.3000425590088103 -0.6203782020753241
5.926749833341624 8.62315473943934
-6.118776901376002 -2.348274615708905
1.7735845145686042 -6.0536365923227535
3.9838749201047374 -7.369279807619122
4.04065529081608 3.1790014502404134
-4.211176786854251 8.228927166290937
5.225778657343422 -6.2093096589516605
7.258784362779014 3.64904470016201
8.375087286003392 -3.7789048103753586
-6.1473267691005296 6.9198757018337
3.8085568934376823 2.3794518586769424
-3.8969403923745887 -9.180173211718339
5.735196244406824 6.956742737830158
2.6681977681909324 -3.0809361152373205
1.7963098590259072 -1.9536653212864241
0.22112864708572388 4.958507002841312
4.950547024859311 0.3381835673012574
-7.152626286167387 -0.8569470543581215
1.7416708247939727 3.2579487725788994
-3.3044377178266204 -6.268687014956544
1.1529549555958791 -0.23745372978054569
6.346812071823933 0.8316685752262529
-3.323229240790184 9.710295411742006
7.662257972676304 -1.570421872888117
-7.984200275439468 -1.3977281342629926
-1.6086468854846832 0.17999401093739564
-3.15576758394603 7.0205415500144355
-6.870700609690914 -5.155510495446796
-4.605798296058468 -6.630984374849818
9.707572670470903 -9.95611646563904
2.745520789854023 1.729126946469222
-4.026892666888071 7.40146262653311
4.705917450915232 -3.485659260456126
5.762543799930832 3.362320602768774
-7.538121198331675 6.120933120892914
-9.996535039856703 -4.144233638774035
1.599777666736923 -6.6407121313888995
-8.638181533816935 -4.528210594859525
-5.573460879375382 0.2835942481131166
-2.9376049470512644 -9.279658544897412
9.815045801344557 -0.4527405782783571
-1.0762447713395993 2.841268121288101
9.8776785542689 -0.5567866261080354
-0.28467480124222355 -8.027464326835595
-1.964100571197207 -9.069386981584449
-7.39301492758525 5.588949230872215
1.7393960955429666 3.509392040315033
0.1030233917449852 -2.265569968954397
-5.303075973028695 4.316536551753208
-4.428606865949711 -2.7134310086111935
-2.011056967412377 6.233556830191976
-8.620100857459835 -7.4630196919285225
-8.666237257929602 5.635285215370956
-9.322105639432444 0.39344408991348345
0.2721106766342771 5.652843871041073
6.074596782140198 3.9297504562810914
-2.1449167876228614 -5.266340690074376
4.601746272514369 -9.385698258344837
7.935567672682943 -6.407287034838609
6.985178904136674 -5.236351587922103
-3.0957778314126134 -5.725438112953601
-8.6904916879168 -3.3207859481020563
8.720269572823845 -7.879949711743411
3.2449635063991664 9.54643613815372
-0.25013294712475265 -4.965144474277247
0.2974745611959939 -6.7065318008061166
2.402196397029668 -0.12185823199231827
-2.0153259788965805 -1.1561276133729166
-6.37329004263997 -9.707994207194258
-3.980555875553935 5.914130827392112
-7.394122639275238 9.83545431637435
1.5220021249798599 8.517293947286571
-8.29120123643426 7.192316139013521
-8.039001656921474 -3.238027027528412
0.19535023516579386 -9.379504561022866
-5.971914367044782 -8.478533979570456
0.551041273678333 -1.261277528742479
2.3322019688762 2.1691582121485453
-6.6840533678420355 -7.174442445982086
-2.8598860790747738 -8.497197484897471
6.004130288733766 0.3615696143272995
9.482119696986743 -2.034275595171959
7.778596184051207 5.313783711136399
9.349298306295402 3.515659222883297
1.8775415641630353 8.187069625509832
-1.9179206589374722 -9.323498195147199
7.531964272973813 9.973468335877733
7.710988476149431 -2.5080642972822336
-9.391987603011758 0.31559898756113114
-5.0947796288762 -6.6246966238287275
3.1363384561335224 -3.110471523248684
0.49782067169265964 -4.638800707007958
-0.7522679634098317 2.5511374691663526
5.379654715811844 2.900627521521857
1.9574659598600377 -6.592429923148469
-9.53704704161096 -8.591891867426035
-7.689893827857448 3.402504857099821
-2.3557018370314715 1.371858325165121
-0.042014188872423475 5.271276209904441
0.5585886291925668 -6.121220643949405
-5.811186225068754 -4.261552840753932
2.3506423862310335 -6.566806851562667
-3.4679967079128593 -7.821313226041462
-7.467391825880256 -2.7565172050813107
1.5819362014025842 -5.16000782644171
-4.20561579705854 6.645815740649763
7.844732358172887 3.853858445157627
0.3715454295582621 1.7986309448957307
7.136225682780388 2.2143959022554895
5.554092630886625 -1.6117571282040277
-2.0859355850602306 3.6789874070833264
-6.972913720734272 6.054194210752765
-0.5150803250533045 7.585012318277986
-7.24435359037074 -3.8952364233598535
-7.770762602473562 -8.84268466128111
-7.824861540274705 -9.859854287997239
-1.0157493396497124 -8.333890264289304
-7.601976217801272 -3.659874567049968
-1.8751173513981119 9.825998623722619
7.979413037069289 7.978351598214729
1.2570766994197768 4.936230583297117
-9.66725298742718 -2.402463372410269
0.9771954003213033 -7.428739174685177
-4.167839057559581 6.480572209439636
7.99392554498057 6.598682413897027
-8.750044634224833 8.635626598263126
-6.660428779765109 5.443046469690696
2.0993699836107726 4.530581444473899
4.966909656634531 1.4866861955773754
9.487540220589889 -5.040704650866987
-4.53950243186358 0.040847009897330366
6.188092270053652 -2.975815475324037
1.007204880224613 7.675414422070709
5.6278217405507664 -4.053357761162591
2.7055668512782134 -9.402463924095162
5.203202048962234 -0.5760253890955287
-7.7056783687752795 -8.11070712238887
8.453671239540515 -5.360164780692838
2.363031386389622 -1.8180905540983954
9.301112477459835 -8.78378604537728
9.400371182906397 -0.8821162673614786
-0.56830680504242 0.6138253005799559
-3.1335360051519157 6.56823051575422
3.262379209893096 -0.2876209521532225
3.2767476696955615 -5.797913835158273
-3.829616594216052 2.3734279712256523
-9.57236644798714 5.877067326160541
2.313424461578064 -3.211104553677173
8.39352706358401 8.593701349204391
-6.578092274167862 9.892252176265991
-4.706819716603623 -9.3579976069956
-6.298730346656125 8.096342436062177
4.295114014676555 1.8399542058845952
8.227865468384305 -6.771657310517563
9.294513856416941 -6.948578351824528
-6.547081856907003 2.679554478091113
-9.908277213851957 -2.5171761227270295
-4.6995633687200105 2.772541373842774
8.525914331235299 3.4072879664972415
-2.543821719219121 7.171523477742678
9.863140906630584 7.6884455095750575
4.0216317140901765 0.20460867583100395
-9.643782798982592 5.489617325080587
1.3703904641972002 -7.187633745122812
-6.9890934598103875 -4.5186069505737
-2.1064709944500564 9.880560141114557
7.914423675150136 2.916859961430177
-9.014694818335226 -1.4175958214973825
-9.439474913250358 0.18922099286846894
0.7886280464636073 -0.8010965657474287
4.485819597613661 4.701254132759145
2.0655004584743324 -7.229697035214773
3.5929408030749936 -1.9157464449514894
6.53488828950859 5.8518885685446485
-8.499977213407014 -4.17612653923735
4.37195767996581 -7.458495815172808
0.23046588249057542 7.099433512746046
-6.785748438645962 -2.1017542697096614
-6.60822385413536 0.1259353645682353
-8.507546863828921 -1.8296078041978436
-5.132504305934535 -2.4436221780016254
2.590861404271118 2.8109155388781772
9.6102385836211 6.336213993374422
0.7610998325077993 -4.921871286116087
0.8156050122794696 -5.283246757726337
1.6879467656798024 7.275606435482242
6.763978502073687 -4.846299727152452
-2.9801461422081665 -8.629486320228299
-8.526687822205838 1.2015556230990683
-4.005948385590708 -7.684567489612288
1.7241651022936448 -9.548920971717935
-8.714003384452454 5.640328655616372
3.259153439113799 4.621259917901634
8.984869292667419 -3.9340916889858235
0.5861771447695823 -6.004622015660033
0.5958327679732349 -3.4164794058637167
-6.607533835049058 1.6715201291492363
-6.449088152130489 -7.2541015139738345
8.075775819858734 -0.6585937723451458
-7.256964996290538 4.252683093716001
-8.520602054657143 -8.00539864949306
-3.040679986713619 3.637776184198721
8.069412537006173 2.864802719344876
-7.572547468833417 1.055801371814555
-7.213182098837794 -2.041084000292896
5.345131950683877 -6.207324910869742
-7.566930608383258 -1.7937272593912805
-9.626007850834934 7.061080207281513
-5.707156621074889 -2.839956688854075
-6.173048522207878 -8.622683810324647
9.336727184548842 -7.1881891709224455
6.728182028978548 -5.93445276064463
5.702966624987704 6.223346066178678
-5.004667363651034 -8.256606022204267
-6.262926315862909 1.550296777245892
9.630504626641553 9.548740291502302
5.671747979419134 -8.900099113718019
2.1644218919278764 -6.44982173751949
-6.7604633551371585 4.679057631822648
9.734137045797993 1.8887544191321144
9.298436717052823 -1.2892475335473854
-1.7714752160308151 -1.3843697532884836
-2.0229504385929324 9.116944533862863
1.4195668050127388 -0.5955235469946789
0.6567867682487112 -3.1937994819988047
-3.7296446396875975 -7.9041002952402
-7.646652059073977 -8.220715988987294
-2.539321402179895 9.848258834020143
-2.5461147039636884 6.379169685961578
8.970215291454263 -7.791361697045669
4.672385227000255 2.442709800154068
-8.418125802278631 9.728056143427459
-6.048409832004782 -7.4311403651124275
-1.6133844167966132 -6.913304139025069
4.141806413086842 0.9566823442446033
6.272167196863268 -5.216171880407328
-6.543937366201636 -4.30302855062404
-4.785247993627985 -4.038103898832266
-7.154245972591831 6.768634416493796
-6.956533631782755 -6.238360049815004
-5.065203093044963 -1.0172974628067593
5.78579875879684 4.508374186532569
-1.521603668231501 5.725670841094972
4.556637464041556 -0.3314501643953722
-6.081257982053181 6.950917233093406
-7.769470252008526 4.308877954592267
-2.268993057062807 3.3541581500995914
-1.2407795345352035 7.209313126323909
7.009522760969347 -4.874781460336366
6.507238083126964 -2.6628436373244995
-4.53928231765043 -9.933311208950236
7.641319746118725 9.654109362741789
6.230174640240428 0.961957066288603
6.5867616669141995 -6.620929267758795
-6.305130906754464 9.969804742852354
-5.119529072049969 6.578017434707199
-8.170508712666527 -5.061225982612802
1.4064146941387925 6.408131403217794
-2.0533840405190285 3.292694608803812
-8.683721986728655 -2.864481991177586
-0.9147123723946198 -3.5582783204877133
-6.987735085787845 -6.545026305289589
3.635104105396289 8.45520956759039
7.97466100701277 -4.29473031815621
-2.6766123391407 6.106004717927725
-0.7297357325536318 -1.2117232181682365
4.948864755906012 3.5411229905558717
6.479114805433706 8.577057021884013
6.519574193876167 3.6913088537216865
-3.3706748834834244 2.5440302870427445
-3.780340900378583 1.8061857688275609
0.9331086906997204 -3.1041856198300355
-5.645843738935119 -4.066089859094673
-7.656929034871078 -1.6206086497012535
6.239219878273005 -4.949175030315898
-4.808243082942221 -4.08901889262923
8.579644076143722 8.879792634537708
-4.65797627409529 8.509890086835888
-6.457796443740147 3.214145283045129
9.56418832000779 8.351673551515475
-6.332812132942093 3.779845293543895
-8.250828087258535 -7.733668833680987
8.350318375147271 4.9881140201144
-6.494180734254991 7.83030950115262
-0.8761406684631083 -1.5131558215758858
-9.91430326057153 0.8936220927169618
-7.920080595648107 5.290157554258208
-9.849716924196583 -2.4972725447464867
8.287498200980899 -9.813226208465686
9.279707461026856 6.392740887775062
-5.315395975573072 -0.07272562461363208
0.08941580125842741 -5.58648721480062
3.7507251179873595 -1.8887143618001154
-5.7216971449126275 4.520610278033653
-8.418514918275248 8.838691505988507
9.10793811522895 -1.3281785957420382
6.530512359697077 -2.9797265505771335
1.0487947163871585 -8.111526315155725
4.417207211548513 -9.703355413810545
4.118542556981646 6.54102723082412
-5.710378449588243 6.088490923637011
-1.8964710854613003 8.921476764493068
-2.326321856100808 -7.262351384951067
-2.564478255643026 -3.133441995718762
5.886285742195881 -2.24212805561661
9.989583372906953 6.356753653074559
-7.143143417928474 -5.038404105492091
5.774425002266879 -3.093887868513834
1.9079096019615314 3.5318858666548003
7.4284464799657925 0.7076327879677855
-8.410300554372894 3.08700700526712
5.6455009333616335 -0.9983314431433126
-8.009898338259383 4.301033027066403
-5.910104198600847 4.988761040835019
-6.369957751921103 -0.7918282310089904
1.8643215975069047 2.859986998388621
3.6070289144877865 7.539329446642839
3.149950104739405 -7.3624641083287585
7.86176992339691 4.2206600517343436
-9.428232914237109 6.2188854654425505
2.119972634023517 -1.7176879538988423
-2.6434125331227047 4.339236569071117
-4.343194832219261 0.2703806649222642
-3.030023280703656 -9.804396512460931
8.556734752984024 -7.047470859822294
-0.4223161120536094 8.583954620920366
-0.6189468001181311 -0.6091111420932389
0.07229240063750098 2.54714580297515
7.111622995334493 8.520719112445498
-3.904491219579514 1.722098265075413
0.4162323930832539 2.458098538292081
-1.4523148669117312 9.82284040747341
-6.142389404565913 1.4459343102554438
-3.023936915302789 -3.2117035748468625
9.765893280456083 6.480457833213066
5.728537194019655 6.056771615876361
-4.251273690836341 0.6447810729210612
8.73421615584595 -0.7762589137493503
9.670967160801844 6.027408418712273
-5.65779794685719 -9.181509166530972
9.031761518097937 1.8122826016113418
7.140626803797911 -0.7583545260688069
4.970329870103081 3.4480850206908986
-3.2259249532589784 -2.378838621416506
0.14473700340829154 1.5991025640316625
-4.712396733599016 -2.53422675947796
1.4460870966168677 -0.30384078541224646
6.187145146089872 -8.002783814697947
-1.5091556578249143 5.528536879658761
-0.22924436920478364 -8.055217272909971
-1.0939771351499505 4.206030387091582
6.464006842247251 -5.0060989609298945
7.0525929616403005 -8.810804735297971
5.612645086596171 2.0400798790119534
-2.378862715506629 9.617003093463854
-5.013474800747543 -7.300320579558113
-1.7663964010997208 1.2409364634729592
1.5312913496039222 4.704325961175606
-2.5079964092535745 8.042884823449967
-4.82760541509863 0.34214482592978435
-5.58631295697997 -4.437272478420757
0.7445808732224375 -0.15551918550233523
-1.8605467560880626 -5.257817974531475
-3.6487936564677215 -1.762172153331985
7.507872156548402 2.705866159209819
-4.4875361847289845 -8.781645647976939
9.930855463059334 -7.456844060325225
-7.903808579874376 -3.9300025163178187
-7.025019308645859 -1.0301130217477485
7.566909404573508 2.082004648597378
-4.1585563000662855 7.591356557858624
5.40634271010147 -2.7014895999735833
-7.69887047509787 -5.979129407561796
-7.678946192515248 -6.572005488284487
-0.29096814599084375 3.310916145805864
-0.5427729631672449 -9.034003535808903
0.36369456878682094 4.649261367417509
9.9859472779853 -0.10926772878032409
5.848953004967832 -6.569562821919019
-7.011182416025685 -3.2238431794962725
-9.695033103227772 -4.793370806236559
-1.4339023088082907 -0.020190059500883706
0.5451430925497647 1.37276311445663
3.821368269418315 -2.921213452289477
0.02509158650220833 3.1985207913773763
-3.428802081069577 -9.324602548624735
4.714917731182219 -7.987885888701259
0.25248783755487736 6.6507007002298515
7.1313909047107344 5.484458845134075
-1.2680924913964944 9.22759228749548
-8.940628577193639 -7.118987873632117
-9.785358694948505 8.909135241635852
-6.578969145579774 -8.01159987733862
-7.4775872179347065 -9.303556368024694
0.2668142350543299 -3.765756106127185
-9.154280896221403 0.743576689016475
-4.857638654766097 -2.455421214462394
3.285665809023657 -8.559300417278218
3.060624635648262 -7.134998076104484
-2.3307148845464853 5.287047306309571
-1.1544183275026718 -7.90612668477277
7.778566413264468 -6.658593114013933
-9.201602920199948 4.956199928116634
-8.295826422874375 -0.5357616693680978
5.291348736160943 -1.5821647238302816
9.748147773540488 5.47995830756115
6.370790958069794 1.1123851088300523
-2.2318679308693117 -4.504204642682579
-2.444254984685519 4.44925368755187
9.566781049448235 2.3109353411943125
-5.729904569484397 8.876873552035157
-1.5248494679534765 5.000455538838267
1.6450616593666503 7.955632064093404
-1.6713853645560857 -0.3258039822944614
3.9801389384616 -3.6411834080207806
-4.99324839978282 7.385748782115723
-8.382011294237007 3.006849696569553
-3.3867319093890274 -2.4846256644485116
4.267352949933903 2.9403066092313885
8.75846796391479 -9.516240938752773
-2.383059449018628 -2.8879637148278263
-9.102228218417137 -5.757867402743637
-1.995937418973007 -7.722259440401265
-9.965301331386641 -3.9473951245353245
6.2550120551495 -1.5563443645521495
-1.1268125600597418 3.143151473687018
-0.9757977990951225 9.622313976406073
1.6339585326756438 8.913474971749608
7.11185348530331 -3.3735538363298474
-6.946519489437428 1.9325037390482613
8.438702923744742 -6.660121812726434
-0.2141572363059634 0.29317411847032915
0.3400476093209406 -7.597169850225569
-7.190592902948447 3.8557112064708843
-0.6434571549131114 -6.242022768256453
9.829228440307745 -6.161046942445609
0.4780671044974145 -4.888207151978823
0.5443603554152059 -5.6818268284872335
9.647681463208222 2.50475980078817
4.825461779675139 0.8247572545922548
-1.0211345720228415 -2.7588041996566526
-8.13973195164851 4.525655625950842
7.834490737768959 -6.943628986755755
7.670245101801996 5.555850696707179
-0.25339524615279707 1.2874311768161402
-2.303865108628809 -8.167277474090433
-2.2528959554306605 4.726634326354265
3.7849756725933297 4.621855061387389
7.25838252997584 -2.642101563312802
-9.210787045165173 -5.905177631233602
-6.120837338681325 -9.260856772585806
7.404624571161701 -0.5286003790118432
1.9724350039467264 0.9658260481625565
4.1717446648813095 -1.5384955439508712
8.768417324223346 -1.0026546370205054
1.9241588591633914 2.5054299432295792
8.099654866522059 -8.844036065377903
-8.7635007167039 8.429812792480384
4.262780794264131 8.078758030640952
-7.064061926859832 0.8412074762462556
6.7255689526172695 7.055248275549932
-3.756612527836727 -1.560518744243577
-0.3232750153730777 9.388711146419045
0.6888955112941062 9.357375917656114
9.352282554749902 -9.888409885721131
-5.914872100817514 3.4035893297657367
8.66290459832587 8.260770279018448
7.325339350891589 -5.60817923424824
-2.9036963890464946 3.6583427712876286
9.306177895209913 9.803112636521131
-7.41916602728616 6.713942748114739
-8.494741217206998 1.6137015396684227
-5.58651109206421 -8.106032539773322
7.138408093701273 4.150829092008355
8.721494138646545 6.10772099273181
-3.2603425779396566 -7.745807372276692
8.163107949309172 1.5108916023343149
-7.219359507673295 -0.7780252821818756
-3.3203796091788877 -1.3709670387065582
-1.1834854887460402 -9.996813579177932
7.950688626208883 4.452651734922949
-3.17532784173431 -2.8755561858364604
8.850690274177218 6.234662213604906
1.816913619312178 2.460192667003751
5.004891159407947 -7.051299431566324
-9.516182886739648 -4.015877257737914
0.2495865286452812 -1.6974754075557072
8.18226726079439 9.45792681815491
-0.8791343317237317 -6.283984743890301
-7.446130914832505 -6.616296133655377
4.81813459019129 -6.157599728532148
5.055609061182382 8.730827023151694
5.1509959913088395 -9.602923771654801
6.684501356032321 -4.562641127387009
3.0776400317103114 -0.4152600086601197
-7.864213306363554 -3.0430997295471656
7.450005007181286 0.6809435436148696
4.521366136716674 9.603726184974878
9.431568734351469 3.1838324568361465
-8.981668228859338 9.702677892517126
8.24672883043868 2.4846762388137638
5.835130775854298 1.9345310756411411
2.27943098101073 -9.195445554995715
-8.694440770625114 -7.929765249217525
-3.7253585759350756 -6.273518554843971
7.244130230751008 9.504643987875166
2.0635902218455886 -2.1349612494531245
-4.980784323968379 -7.534790577862804
4.85763095085195 -7.229088670934325
-8.639953379847425 -2.2933772165237425
-9.868933928667051 5.148357341808804
-0.43406758247830624 1.654046727459054
-3.725619585756183 4.969269930441181
2.5864559194496053 8.829546661116531
7.513217023494811 5.665236074624993
-7.710977631688738 -1.6302879324493382
6.587167822306636 1.1934597480353801
-8.789341477597004 -0.39635462372192265
-4.4446503278149985 7.653191197347546
8.699527641487876 -9.166086712782892
-9.450921098160057 6.029734846891234
-4.600824285079259 -7.9215042229281885
8.886605672537044 7.0370550719845575
1.3277051531616664 3.6007818862388614
-8.701268035239185 -2.6951921039674476
4.1632443788472635 4.924896226202328
7.802289159297096 -6.9868714334195925
-1.0164223755980686 1.9851274210560668
-9.194332746870115 -8.724972077002276
-7.836491030728441 -1.6512131575832338
-7.6798398623245205 -4.63272197484776
-9.398061230797259 -8.139836126864505
2.6052270058531573 -1.5241810094948978
-0.22636071518686052 0.2929989566635349
-4.113801370259365 -5.003083975513858
-5.183061884984244 5.123681941719179
-8.304490956248657 -4.418634187489632
1.7522370778473455 -7.238157831129445
-3.3756520767177323 -9.748851901479208
0.38917583002939615 -2.388006257309579
-6.669133382955092 -4.223642984302467
6.814032216147563 0.9942212718662287
8.51933892528459 0.9217918994650915
-7.432104551780179 -8.677447136479506
-6.826330228002277 5.817273739056086
2.7711140514656094 -2.735656273153455
-6.655300588262194 -4.965154044749345
4.987263005186172 6.235236195968945
-9.139368254168883 8.493673390951269
6.919466478092112 2.59170059204906
6.97135775971805 8.89798285338341
2.9173097653723588 -3.3429009201468896
6.257085572789993 -0.8400707776835645
-1.8183367603089664 -9.255004801155938
-7.423909337308912 -3.53662937960999
-4.054490929894872 0.027835663142889544
-5.30885673891831 5.644441382502084
-2.450843620128751 -3.689478946599978
5.4930419477457715 -5.851538637772425
7.665124653359953 -8.62006788074539
9.012800946776753 9.466168244705205
-4.246513505811036 1.610864845996005
-7.779860043324014 -5.714403397984771
-9.699552683288594 -4.781833245501154
5.878363414672785 4.473753589304382
5.0748071513595505 4.069925953513923
5.292771355628659 -8.344415295870869
1.4840504226853035 3.033107653122695
0.10452224869252191 -0.07727540479540984
0.554222847951598 1.3441249882399724
2.01859638234124 1.2540205134952522
8.70368052250588 -0.04157935230858101
8.916465519933325 8.118022323649654
-4.169980770388153 -0.41242698013459034
-6.602924333491467 9.862123679159989
-0.8984527433087308 -5.53157462606759
3.447323884592702 1.9652355579442986
3.557716219912022 -7.999281710125549
6.265159458516553 6.219235549065491
8.778594051270964 6.842426266219494
0.9993035693785721 -2.5464854846431217
-6.441099299479893 -1.4980102725597
4.851696743244364 -9.040911404407858
4.82074162147976 -7.190603402527778
7.217079738504154 3.6118145584216954
6.764359961308969 -6.586711776561883
-4.771420939842725 -2.765642578958049
-5.118698813269036 9.930561183400705
2.8270876066520145 -8.37632228071763
0.05520196888866025 2.606213134853581
5.529379984062373 4.848945785758261
-6.6961895162484435 -6.859299916390109
7.4068551839701655 -4.008995336404455
-4.229131027183324 -7.779727888731063
2.8765578031514227 -5.548116886775006
3.2040780495039343 -4.824346397443975
-0.6625475213417609 7.666036485260275
-3.1438036507925027 -8.72438765726675
0.4860995530582901 -4.039071474592908
-4.7499316793099595 7.687695133435881
7.423401550937072 -6.863197867106465
-7.614291955170676 -1.2835094685847181
9.072250527521255 2.867521778037137
2.686021469371763 -3.639915897060712
6.870337674954953 -2.9221299143348256
6.051687762551612 -9.203348805578027
1.2911091652115125 5.467448060758105
6.952112596039882 -4.556673048720876
8.576644220219592 7.803581054499968
-1.5310428585971199 0.6010238825364951
-2.1644772046108196 -7.49487365949447
5.928376239274332 -5.329526098416631
2.691781176112185 -0.5295614372553352
0.9211116449606234 3.0211356795484576
-9.171519680035818 3.995261556889176
8.578375448680674 -9.37392494030144
8.881099095790695 -2.8325827473240857
0.12053991791490049 3.50200092086447
1.5300076877344697 0.8199697010122762
7.494878975200603 9.001942920016653
6.093850470317186 -3.8233662961531927
-5.59088149563812 8.136333044737228
-7.319628884487779 -5.35344539852991
-5.969781278582529 -5.701549215103798
-7.622561586080206 -9.274049449003716
-2.2107598563121655 -2.7808068628850684
-8.984097140186337 -7.79983567864353
2.3369696033602754 6.029628363262457
6.553927600991024 -3.3775323259213845
7.165635899171811 -2.371165344983157
-2.940734626568739 -2.5530491901723824
-9.331745726318513 2.441816834127531
0.3658173831081406 4.0370513247970035
-8.345675735634167 7.677113245434022
2.7622338980977545 -3.3343282822640337
-5.766937105861714 -3.690339778388136
-0.6007205209778377 -8.200073472712415
0.37990586798953174 -7.135456319041429
8.589041855060263 3.2503226522090483
1.5566027564441338 0.06623706997959111
-0.9335205501887263 -9.711523295487282
5.593160395172603 5.896936302024798
-7.024874069405587 2.6062903767194427
-8.330586378726188 6.795715444750805
7.606972357836526 -4.933038895288988
-6.25357157342767 0.8079382750692581
1.1211294697175802 -6.259805236314458
-2.5002001686289894 -0.14902563554117165
-3.110319225181632 -4.880614577720426
3.868566388655605 2.4575331270453926
2.9766119184181576 -0.8820400113039799
0.10555782435127448 4.580865195032233
1.6793434703713253 -3.3439066085025253
0.7731697130567703 -3.5439467208643594
-3.494632200255001 8.165321974054024
5.232243697665517 1.8626269150915835
2.4942694674705344 9.418128905259302
-9.057274679023879 -2.7682348452452965
-0.09752629250962741 -8.566025784621047
6.42880071007837 -7.362406065624485
3.2530916127890777 -7.927744159457772
-5.183313243396485 -7.9926147761873985
8.742693215636287 6.703383509689729
1.0867257940739368 -5.617525335915914
1.514462722660161 -5.350883193318361
9.3849855697678 4.820723567362503
3.002493470328467 -3.0840797126509685
6.466983598691783 4.24098192571233
-5.271693811180933 7.3124438260202425
1.709109453625132 7.966047229871521
-8.304096734758044 -7.497354833982648
6.102668323078184 -0.27258704740625816
-8.420846917398112 4.769484831356788
-7.711619190888463 -1.4271326847073524
8.066602934012277 -2.8973762433396306
6.920045022202949 8.299623942429925
4.741529825694519 -4.817931406355582
6.082419701988769 -2.4914315837501677
2.0017434768197298 0.6491856575257628
3.5192459146292965 -7.3391931667710235
-7.215509442906701 0.7409506068163747
-1.9471724277452793 0.242906957381555
0.7475955339525413 7.792177417729711
0.8220750647926973 -6.112225830536451
7.683122747226069 -9.21403717662406
-8.655786769638913 4.865751582274685
-5.921378679664224 -4.84388781769338
-3.3483010983175676 -5.797967056489137
-1.763165880045257 4.595637373724431
4.584252217982424 -0.6958251359006482
7.74666425992536 5.247291731183925
2.7191467032528784 5.94894230486142
-8.947652134283361 3.919571644125881
4.469419952250636 2.946022998357133
0.2881134538025272 4.053297533113094
7.9807404067911065 3.3491090640919943
-0.9344253971183427 3.7485137159962623
-3.8159712508686088 0.10117062229097229
-5.9547199793243255 -0.3117064185249756
8.300500616829204 1.378919449087853
3.3766616737130573 7.198520795496854
7.247790793837197 -1.5164483711915508
9.886924165649418 -5.047804557105722
-9.170153989118708 5.9294803782848415
-3.753016244623786 -9.956764368920634
7.206684545553937 -2.55388126067232
-8.982815360832747 -8.368865287026852
-8.886235247601604 -2.604108440004744
7.211105218789061 6.690246309970174
1.221018361651982 -1.9768099914507644
5.635247809272272 7.103329162836619
5.419436242922371 -0.40332602361470293
5.134779274825529 6.169965158276106
-4.236937126089564 6.871900455048909
-0.9441431120900763 -4.155671707347146
-2.7394196576893464 2.5735613653042932
0.90619615901862 5.840800225978754
1.536451494643309 6.104968945854509
0.2773956942837881 3.3730695710250664
-1.0226100130021383 -8.784823029192886
4.741277751267097 0.2708090853047018
-9.085471449770438 1.310722441764904
-4.050722902359323 3.8203155919594316
6.753523777861968 -8.119803940291428
8.30839439423697 1.177932316935804
-4.063205836346084 -6.139184180995654
0.780942660946188 -7.4623412283845365
-7.753925430117878 3.453528119105691
0.23218375572192151 -6.756239518234343
-7.176402219734548 5.244018054816541
-0.38764610817450773 2.099611708144309
0.07074980052488655 -1.5452747364473076
2.4986564308786043 0.6663794069833955
8.443955644862346 -4.163340150350868
0.4769196572689971 3.9248690405504068
0.7233959957151939 -3.8115588578577064
-3.644927075534257 0.5485397211001448
-8.261957748685347 2.961802746847189
2.530204731135079 1.4610827987327308
0.6825334240927674 -7.3266080874542965
-1.4061358025032167 -9.082379022495868
-9.639634375813062 -4.47724993356601
4.473402227928446 -2.653352277145289
2.5883873754924753 -9.33974853008262
-1.5543832800148714 -1.4592364243251232
3.3675613249440914 2.236431616346028
-2.9077959392243073 -7.1709502559610305
-2.4536258651896397 -1.5794321139746632
-7.847665660655652 -6.791810156697036
-7.995293184289409 -0.7504476622520961
9.4833327768294 -5.886749173819039
0.2778806373607363 8.363310339211093
-7.885514545657337 -4.930530099214689
8.131099203102828 5.387250653353604
-9.260831201231138 2.4668942359013606
-1.6250943805430964 3.2010374433270528
-5.5468730232041175 1.9516842570427038
-4.1884525701711395 8.098566159272778
8.405691489283363 5.113836987953338
6.425707470188197 7.6767423482670765
6.411055122933689 -6.684155560703919
9.767294317075756 6.317811353359634
3.251506014634497 0.9952794939420162
3.30175550898878 7.801381010056016
2.4338247601115643 0.8452975950680415
6.494806085284129 1.81694827491852
-6.260571751156416 0.804608928122585
2.158726888690982 -9.678506285602413
5.638286106706422 5.340313486622918
-3.3586962336724113 -0.06222978002450752
0.12840935982920243 3.4781329441997926
6.847344906138797 9.166962261887871
2.839594936250606 6.2520398096168215
-5.9965970941025475 4.607547841806298
-0.9637749687830102 6.2227629457628595
-2.7626729585415077 -7.7082762044402315
-7.184856993912739 -2.0571020697867297
7.376320124674045 -0.6867876535965518
4.409706439355286 -1.0079234727151576
8.637478999233299 -1.2160517462780334
5.128576493041539 -6.0885656388656635
0.8540142744150145 -9.64469598149616
4.25085429953338 -0.276248437006565
0.23339314778467113 -9.753506177658073
-8.327276803001006 -9.290996484915638
-4.7444599013713 3.678004112868095
7.605744984247043 1.737292521865994
-8.563877667201984 -8.458745870186007
8.35256798419794 7.396058202573716
1.7155047069855822 -7.901510319077514
-9.162545643682735 5.337047934824366
5.65642886019239 5.645797926455945
-3.426551355165657 5.970478476123443
5.962300316732614 8.568539020522948
-8.551732533641712 -2.1821043284647317
-3.4996318028708213 -4.0821006389195125
7.01727586416882 0.3781992079677714
-9.26267865967545 -5.252725840857453
9.539388297535098 7.282708276207941
-8.698021805156277 4.764910177214205
-0.7708284620997556 9.354279261828218
-1.9753220360337505 -5.588308940767146
-6.275424758702936 -2.3154304107846313
-9.966141299263153 1.7287402340080043
8.593152421325232 -3.012601236494641
8.637352572549108 -9.465518479173845
-7.268827706664256 -3.639406341285123
-2.3633762357737105 -4.060001487939324
-6.328542586837742 6.333127810189335
-5.873961515851538 -1.561789271837366
-1.542841850282013 -0.014878192171945415
2.287485336995461 -8.75857514620109
2.3931900311204366 5.72910801425059
-3.357617908961174 1.7523592434770343
-0.9186009130029476 -3.7868663749648057
-3.8606870686846495 3.0722268560259085
7.854539169597693 -2.2730105026930802
-9.685160649584256 9.150883253708095
6.335932718431728 1.1113472368451163
-1.946765786043347 -9.575419359794603
-5.250599968960623 8.892139971410987
-3.0503614539948103 -1.085290859271284
6.093020109140532 -7.428862874495152
-3.3010709658760558 -5.525419708886039
-0.49146009747640207 1.3489258607337753
7.536066371839652 -0.6503283383928267
-9.763876643995193 1.441005140294589
2.117681644728558 0.052077964198890214
-4.94267683487323 -1.3641663178487757
-6.425953395858159 -2.079047146108759
-6.939192881175654 2.712127680686544
-9.175077371437743 1.0800587565425275
9.25484523452322 0.18720083585081326
5.844262075602311 -6.737999390340934
-2.0030826767510685 2.6584434576297475
-3.528415897930051 -5.416344601804138
-4.11573157268581 -1.3117872025817494
5.369887447176485 0.2829874952805138
7.2004863287571474 -8.400273200929574
3.95663727847068 4.900479980664931
0.240427008872512 -4.017264601314075
-2.8898963649204967 9.806050450636437
9.204213007340606 -7.241402209464649
9.197649048240269 -0.0048173308857979436
-8.772346473808291 4.848435753361258
6.81038651140787 8.397283774926205
-6.9779759140574305 -9.187603161975899
3.3945394349067453 -6.394102508138126
-3.0060140936722473 -5.018099850280889
-6.095184586576778 5.3682791826939535
-9.526521106266838 -7.67244812339245
-8.836553597023793 8.924574787598715
2.249936995588964 3.75232409444334
-0.2120037497473799 -1.3284809539841262
-0.5514776830265546 4.956104529605447
1.4221015380425683 -8.746991041153633
0.22149073125752317 5.534267490593267
1.3385245414614175 1.513143947984263
-0.07214929367150624 -1.074371991504714
-9.110612586949173 5.795008460033607
-9.917763364674743 5.318189055693196
0.2171051697014761 -8.21663099437723
-3.9427305011925036 -4.50133648545163
0.7990717025589849 -6.470454289351251
-9.397336457821915 -0.7158303887343269
1.7651278195458993 5.230952027279203
-1.6813193699553235 -4.337047258386848
6.256605039503686 -3.121569690879382
0.9924981299201221 1.5115654025697172
4.318134015784414 6.704267672936233
-8.330658266522782 3.306542829575111
3.7005935532554943 -9.633137777009308
0.004238738338983694 6.6208740933155354
-8.897317527076723 2.9801290850473166
6.72796519824351 -6.276868207508279
1.933931878107245 -7.794116825808963
-6.754448004508735 4.355235759875706
3.4642367118200035 -6.697748484730106
-8.163082852665141 8.967393654466463
-7.704518256492645 7.670488547452244
4.077057466225401 -3.0927143834380733
-2.840958900846662 4.204377359105052
-1.4729191930168888 -0.055797389028418465
8.854311964602132 -4.993591942306452
2.331990287119229 -2.687692573840394
0.9046589953265975 -2.126969994373196
-9.505740501310704 -1.2186678446617183
7.906657289731601 0.33074040044858144
9.228474356103511 9.095707564074914
-4.8421570546820325 -1.6830102013115873
6.624799065478975 -3.086278289978601
6.917161269428394 1.2368072204419462
-9.175107567808203 -3.3266970808854968
-7.220088061252243 -1.384535859539886
-4.622481134070348 -3.0477224663190388
1.9254661448382038 -2.2902202828909157
-8.778116926767803 5.184743983026657
-2.909675326536725 -9.095340492001267
-0.3744710438868015 -7.103246752324939
9.127994116167486 7.460699193607557
-9.483116847138355 -8.018623627747461
6.108409417160576 -5.791495027586371
9.742416112863914 2.853439510397555
3.5475733496727475 0.7511668220228884
4.885526204092155 -3.4891621595312428
4.504154451043306 9.680549014103256
4.055138534657681 5.639579078898702
1.241991817671984 -5.107338569898583
4.605874644672305 -5.544088005444195
4.604746834300286 -8.886823976017226
-6.627331977750586 4.606215887987659
-7.107525784689481 0.4908554331708448
-2.2476239464778995 3.1310140517623974
8.981293302956391 -0.5836996438200082
-0.012370375921745946 2.6483406671136063
-4.6748838179591345 2.908768404789246
-9.730916068026875 -0.9335488172079724
-1.2183902483008975 2.115600415573047
5.878614141814719 -7.831915624968762
2.043895407343614 -8.132338711105632
3.951937654994669 9.50114495506092
-9.237678744039261 -5.309159975603304
9.082120237422508 3.952637525585118
-7.7645652334029025 4.557521697102391
-9.171962066283486 4.166255979312112
-7.501039232541144 -6.695320745021343
5.222560586283249 7.818843455744787
7.679691552886965 -9.192719452841533
-1.0383052055616986 8.290264841519889
6.446174371024 -2.1575573340365857
-4.0155849604226335 4.260061727394181
-7.984541698123846 2.0314101836439473
8.562107474779928 -5.2567443422717774
1.5310365832085395 3.416947893551752
-4.861676816354635 -9.405886398965237
4.538986510452286 1.987307021774864
-9.172245388419974 -7.6872558852870565
5.47622989897819 -3.6713654526442703
-4.664363925400998 -7.6054571936873705
-8.229225511113578 -5.039107309829589
9.011390589020863 -7.805454873198245
-1.4436865709144122 -6.835408512068679
4.678884496607692 6.176796404043966
-0.7802926665045469 -8.38462537858961
1.9003098300147414 6.873793926557159
-2.414978291189831 -2.1534024449611096
-5.404563040307702 3.1180893650519987
6.783255789721768 8.306769466099208
-1.7394541787629585 6.7740736130058785
-0.955492809167902 -5.282926508734331
-2.257868356428907 9.110635044423418
-2.926950348009269 -1.7036584535075416
-1.0758441333805528 -6.810911881797446
-2.9892415896347018 1.4653471346124665
4.717047464314854 7.9979849471188444
5.41914865233691 -0.04034928281038397
-9.79213903219637 -5.10958128665107
0.4710474173009498 -6.427262625226746
-3.781496908229447 0.2755005873054177
7.181199538609167 -9.499509186483003
-6.776931801801494 9.108525015185435
-9.16835403248092 -0.9240710340428002
-5.003329890780767 -6.636893608224479
-9.833526422400634 0.24633005522830054
8.915090954296005 9.485148547661865
5.417176666984302 -7.219513664703035
3.9521829384766924 0.41592618571595175
9.537718760930236 0.6827923295936351
5.1069416859289944 -5.704643731935879
-2.381097849958267 -1.4569169310882657
7.762174779564976 -9.775375626871623
1.8572729114427275 -2.9541973909211645
8.528542902017136 2.680178003083469
2.724424868786361 -3.488040056611064
-5.791324249294987 7.601279228831281
-0.4318598608542974 -8.567884574081514
5.657932890216175 -3.5382377581361846
-1.1103144520222479 9.115391102071058
8.89203057078847 -9.514597270794399
7.601452902149546 -2.762644249320041
9.401822655762231 -9.116719397948842
7.803370047744629 -5.5001746283626325
0.5014597090940942 9.182725896759717
9.180595110764113 1.3566720754328276
-8.10106625746793 6.5149574200633324
9.056911931031046 -8.315286311085446
-0.8012329563143084 4.223099022455298
-4.384783554493678 7.9695001252574755
-8.568774219435326 2.866341684436387
7.36711325369448 4.806746038863633
-0.5625654257556274 9.22719565369719
9.220617732892016 7.968380626515387
-1.328573068949435 -2.4879832598552554
1.4455566201315442 -4.782366572863312
0.4309556210115666 -5.543968078054884
-6.310411700649691 8.590679211089498
-7.3635918956249995 9.942085336022586
-4.666141128068033 3.7771209139584894
-7.793729391756825 7.649193768896538
-3.481123551659202 -5.1282326261480975
0.47659770570422033 -1.5348469675594778
0.8647089585288743 -1.3585992102500999
4.4790935716105995 -4.485334104908752
7.939659591320236 -4.478499221730594
4.736778513669279 4.969551684560951
7.575813095462141 2.4935626251702647
6.938421325873737 0.18763822601083824
-0.6509411454044418 -4.731594298972435
-7.170287715016057 4.3019556017329705
-2.4859583378162924 0.8074198982229568
-7.431605326757078 2.2316430015200766
0.8748040383032354 -2.0920490294131717
3.3889004607273403 2.7321578850757877
7.180868759235786 -0.06035400162545734
-5.8504154849875984 1.9410028411011897
-4.167162973028642 -1.3815265636852008
-5.673475554355935 -5.703285687851826
-5.430267765205754 1.4923067979454014
4.386206999852039 -9.79973200332023
3.970810343498407 -6.554530047538785
-7.66303624302058 2.0712575622013585
-0.8105261746472614 4.792991711519566
2.053778602847398 6.950073846149763
2.576150397160074 -5.9392152893039185
-5.471968741858271 8.220649682005568
-8.009976332838464 0.004734766354403064
-4.500351765928123 -0.7227091426435166
4.251307785142648 5.19006967056008
7.656433843082485 -9.92038079882644
6.695105701754034 0.87126624536692
-4.603102249954018 -4.09680676684768
-4.598795123641633 4.749791931039107
9.343526680620691 -3.2743220290586894
9.721805116582527 6.618221730332653
2.839210698094046 9.847781043585456
-0.843313275877783 -3.071353036917756
-1.6982794456048147 -0.796435720145066
3.6078052829971696 -4.764805809829666
-8.452198303317246 4.289102906997442
9.268497991968594 9.49607007883186
-1.9789461859991029 -3.853010094538776
6.2931261176928714 -5.179042512763226
-4.999723005683771 -3.4258706522074567
5.841334101372148 9.16035093078807
-6.050759427794848 7.833672032944609
3.9235467824987342 1.072311104635057
-6.852214391776499 1.395861583739613
0.8058848770249334 -2.272151203910373
-0.3607617005240833 9.823003663217676
-2.3076726696243366 2.334638834751228
8.060754103910163 -0.8331956204514448
-1.2860991073183197 9.985332566145853
-8.508750371617403 1.8465365682238417
5.160772105865334 6.5553438131785455
-2.370951904648546 5.539185118194922
-7.592923588699874 3.355018539834857
4.341941244730901 1.8745125425415026
2.8558322667177904 0.7406892795072757
-9.585505570045516 -4.062679173778121
9.669868303236026 -7.7974953393922375
5.667011961167475 6.957405244349747
-4.93643929523212 1.1736223110331263
-3.9564669707549864 8.820284802767478
9.096032864176923 -6.835860933081732
-1.7155488432769221 6.535846977200169
1.6910227786424272 2.7392917963792343
0.27826250635263783 -6.89668767029421
3.8242005957238963 -0.9273740345364079
-0.9083588315710465 7.994511072110285
-8.584025861949826 7.770693480480286
5.828715245166553 8.997555564467145
6.707646651284925 0.926209695154494
-1.737755444055967 3.4078509878254692
5.711579208746951 -0.7475465399519798
7.006766935508054 8.608561160641226
0.5441566968871783 2.0464043369588865
2.1291942871322345 2.046319982887896
5.915456377561565 -4.411848713859259
-5.483864595135803 -4.582507699708039
6.6375381097640656 -9.936216803374041
3.2046223947505545 -6.6632560093232085
-9.217698323382791 8.055278947960591
-1.4258377842199916 -8.532406380057552
7.424483097079857 -8.965499677609168
0.6400350207032552 -1.5604102060346179
4.310870907240645 6.162087354908397
3.415791185234161 0.7561143289048076
1.1653771129298836 3.936605980656511
-7.464787130066705 1.1031171485396065
8.958458402766457 7.48787465141406
3.1417947911939343 3.301634519468106
-8.044059853965484 4.360470414208759
-4.794797736982757 2.657452018415274
-3.6826823938774496 8.294658945722198
7.350326310513676 -2.5425557956939198
7.105566352593129 -2.001715639610837
-4.912012358159005 -9.347973516705348
-5.845118222557266 5.825938206574987
-8.83982117180733 6.149936148561892
0.7055884066376876 6.477075544725924
5.587954602722437 3.7333710668648568
5.08137553407636 6.48031786291536
8.362254082042682 -6.3532094526067056
3.430528196287117 6.483170579316447
2.3187251803498192 7.4598892195250315
6.682776840841221 5.825828615869664
2.1238556767149532 -8.14949490499892
-4.508427346440811 -1.3715894700834887
8.950489704091883 0.08886235762427219
9.973558363318705 1.8073744635648392
-5.840845315810825 -9.125388826487917
-2.9051834446803193 7.334030455330669
-0.7436215968882554 -7.988419542486149
-4.228419074508585 -5.855650844742398
2.1894854129882546 7.371999644175315
-4.794299576337653 2.819923358073984
8.15575138415672 -4.687670103332193
5.168291682377886 9.38289510225679
8.610201597272503 -5.42109279236074
-5.4472956830072095 -2.777147252803096
4.402572000316422 1.4155165309764648
-6.872470151467525 -5.580546069707433
-3.018010491037158 -1.0932471371882286
6.594902395472765 4.897967910391003
-0.029955809814914858 -4.694648723690397
-2.9263242911439225 3.2027005547152747
2.684824498137994 6.611104260022124
-0.6853092922853588 1.0033542478392672
3.2636992254149533 -6.241778724731204
9.524034434988767 1.8108222875869195
5.475051048343154 1.8744042440881525
3.429479875700526 -3.4634617944579515
-9.27235244105026 -2.937680906797546
5.908831683271869 5.989872361914955
-6.6221871081116435 -8.36593283740896
4.651484881199046 6.536524013888119
5.024343608864212 -7.438297641428264
-6.5149909856381605 3.5306187631742816
-1.4362620959031673 -3.8422622505288366
-7.165200090938606 -6.113269406082907
-1.3681346703654782 -0.4746808431550562
-3.6075879820859047 -3.4698437148369816
-4.217947463349292 -5.337561942309465
6.637396917803347 -7.660957244347393
-7.393940254536822 2.7864378019549605
4.9184124700592236 4.4295811456731204
8.445767986836099 -5.0015227074902295
-2.1855604977050174 7.149494669245563
7.952454696800849 4.6911826499899885
-6.4347035390636265 -7.967463582935441
2.5603127733852293 -3.0320155877820927
7.397378273854429 -9.55781974489451
0.2150975197329874 -0.49044619272686774
5.722562889400688 -7.8672199521709025
9.949138899355656 1.7046994468148196
-1.8062420273836128 0.5804876401198911
3.3237865882718065 -4.709284681642288
-8.911967140170482 7.129548220252147
-5.326138655776925 -2.3697438584623365
6.3440894707079565 -9.001301523941695
-4.451391739943862 -6.645567861134765
-3.948771643252023 -3.7351663791027967
-0.15936834580158532 -8.095041270251569
5.73109822712234 -4.557145981981505
-3.6576982281808323 3.5911690635615514
-3.0414894225349727 -8.753206999299447
-6.855362767296629 6.850107614064246
-7.312435540653103 4.548809192541203
-7.568408466440026 -7.307050248096456
3.0382328854564644 8.749239953360817
-6.635325614239951 5.258465762406006
2.988681752592628 8.306356478611445
7.192659438478529 7.527048950527075
-3.326689220495722 -2.3278498317148433
-3.951420332577424 -8.732753415378445
2.6704445875561014 -5.460093178065348
-6.016705832347052 -5.530193114348889
8.53515717194528 3.1313110193317435
-2.8833471037150478 -0.40322134408602395
-8.496713698671192 -4.888938174481112
-3.1491272222254407 -8.445693748964082
3.310075170670885 -4.580952636257609
-9.064518994259142 9.41390578545698
9.613422651330957 -5.264795147554486
1.901530207473689 2.319141988450472
0.9032485487527531 0.18397807258177146
-6.744044457802496 1.3878322920851254
3.6769963814088413 -2.7265447333061976
2.508655034065601 -6.948305451994061
1.2951231415894568 3.6173078876261044
-5.282587248180139 -9.702429134810924
-7.7929238795567235 -6.857344875677747
0.33923227984597126 -1.9044023977778792
0.4690656733057459 -6.322795378081589
0.26218918377496614 -4.721894285552832
-1.1240968647602756 -3.7259446922044255
-5.749537029036251 -6.581421831204897
-1.9272271665985645 5.265181525733286
-1.9514540525756967 -0.056738112378367234
1.9587251438711775 3.537338836689637
8.857456479051063 8.96346194270268
-9.805587501395227 -9.82834807931679
-0.2741270424388258 9.597502118385293
-4.919561092642963 8.728640770859649
-9.819293346128886 5.391938668587644
8.219825152143077 -4.882671551813392
-7.621130258979476 3.114919566565696
-4.309822077303229 0.5577492455199078
-1.771971571928212 -1.9689581884568206
-1.7026168930685834 -8.165686571533907
7.472454245660185 3.487601530007625
-3.737709789508048 2.8915885417748903
-7.872067605964681 8.695166150790246
-0.675524763001718 -4.45699787141333
6.641398244346924 6.908896505062646
-0.5441243051517262 3.1073292282315954
-0.06747341981888155 -9.773829513995567
6.7220606013708135 -5.265962881830005
-7.9511136929459925 -0.5588528588125197
6.211180969212087 -9.164581916011665
4.865440308658286 4.012615099387087
5.109592752827401 6.504001627326453
4.080918340332518 6.041212808246918
-8.153965318498228 0.9539696740105263
-7.151852882165006 5.6749745534433025
-9.458588016337082 7.981005244128859
-4.76897696109048 4.49546753542627
-8.923070412800202 -9.04883487117155
5.497655523452497 -7.753243602577145
4.305516115551269 4.827916014066512
-7.72235091393672 1.3007205833976805
-9.209737068041958 4.148744533239654
1.4834630837647325 -4.53531375082695
-5.801419550807651 5.908524235281046
-9.31840802974972 9.622173235050973
-6.23420792754713 6.771523638308977
-2.337794357394218 -2.5434906976979903
-4.750544526600599 -5.737584038422163
-5.988085803893679 -6.4103935916480825
5.7511367258269335 -8.719488579497606
3.60190758157637 0.5748420161773655
-6.307842620026991 5.516081927368921
-2.9787636361676277 1.6269011696755964
-3.181486975886396 4.57706855643514
-2.6022999509743023 -1.4146782038337502
6.22471908625738 3.037781563352251
-6.767232954716866 8.540142404291945
-7.269474392524331 -7.175293495831429
3.6003047316466983 -3.5079513107434845
2.2556525339672007 -4.646291059769534
-1.2355305443609428 6.699625026352283
5.426347084674031 -0.6114048705282809
4.382814628050205 2.8091354499580685
-2.7315687113546545 6.766734552114883
-8.711443273199164 2.540374909761873
-3.262913783884878 3.0832412513027165
1.7253211078292967 3.4156135415437756
-8.014945865611283 -7.499049512696621
-5.210432487168742 8.10027954620239
-2.5836606561307596 -9.954232273823095
-8.168992408781872 2.8806870408472225
2.1942974152260284 7.414335945571764
2.0408281670846478 9.292016987893422
-3.180926834083726 3.8626932854665146
0.5532934999399668 -3.3530470986805216
-7.456783583736135 9.62001862876766
7.315717778212928 9.347903100423945
-5.845564034000866 5.538945904760016
6.7720998633161855 6.666880409125547
2.405683161386907 -9.73678793510825
-4.711840234437674 -7.014665693330919
-3.3418480567976854 2.4815066939056827
-7.226722200234567 2.5875269538939314
3.3194459572788517 -4.4372073461149935
-1.407142359901556 3.7173159859694067
3.2829900371858507 -7.48078342067341
-6.605062090618244 9.005185183254603
-9.671584620476633 -5.486440598063165
-9.731662490376188 -0.7241115254640018
8.107024013172122 4.506831895521374
2.9087667500951326 5.35706617643598
2.625316079961239 -2.1235325818637163
-0.3892234651897404 0.15794701913910458
5.539685528026974 2.87940707256986
-6.235100463009964 6.479975898055809
-0.08105235960597135 7.956570188818844
-3.3857174349492762 -7.384909610523833
-2.5354167124193028 6.924936227954003
-5.4685351784757135 5.466657720457103
8.016180159950991 8.958089356147283
-2.71728089861689 -3.8574440681791806
7.449713254768721 2.3648133528178494
3.572571586088017 6.349793344401451
-1.855345603350493 -8.691873746383562
3.263068444677442 5.716182960236614
-4.118716442521409 5.786857169275583
-0.690373579808842 4.450606117982986
4.98945008451461 -4.492649429426776
1.0244752047156762 2.888776647278263
-6.030989967490143 4.196429021008711
5.251580055948853 4.180520893725623
1.3823525886429362 4.152436608895327
2.2857704754960864 5.470675160796649
-4.004078756395682 -4.063136646699224
-7.445959776703123 -2.3093160125932455
-3.463936284568671 -4.838744157401845
3.801940166516866 7.347035782877377
-4.0709326168303654 -5.596632696430655
-0.8315206080723172 3.071764804942635
5.814458036584046 9.135577011456636
0.6793877470570102 -3.2136526601852777
4.7020823502815094 -2.756554102609825
2.5609869265982397 -8.730326781555128
-0.20618674397696424 5.795767274036606
-5.537020069829614 9.97873276454602
1.8872012494228194 8.857124753757958
-2.573789984133472 5.903008290160361
7.136432959214968 0.36098855957337506
8.802535249751191 -0.0750985628364571
3.8420762741609966 -6.434369965862922
1.9616226918034396 4.717693797052405
-0.3548448327824705 5.0765792930922835
6.5671116672376435 7.910188513520222
-8.940162735315255 3.0085952273380894
-9.48939967783296 9.44122144356814
-6.58720315249997 -2.7199354634063706
-9.44375941451392 2.8099230424339012
-3.5117193450819233 -8.685328247185506
-7.253436304442573 4.95040369330912
-5.371164682485019 -1.1677534703965424
1.2642476539104575 -9.029838102150665
5.581371515873528 -4.145364574919932
3.337445038588987 -9.510910852268426
5.563561861871232 5.977758653572609
3.4768071955360043 7.121173769421475
-4.503105472709315 -9.458726566581692
-9.388214185147374 -5.277194889991533
0.08807936896592139 -1.256606507063152
9.272077786619931 4.552093754843289
-7.608206067712446 8.00026601962933
4.760596039565218 6.040020803651622
5.193740358018514 6.4437414657059975
4.273797937079941 3.94139116206693
2.047882340811288 4.987007661445677
-8.98859706074929 -5.40586224618499
4.884243041359364 -2.3215168939960362
3.5910334331090166 -9.280128645687242
3.112007236775513 -5.86999762209107
4.627127691542757 -4.793489580380084
8.387392941978977 -7.80823045986641
-0.20269885209988558 -1.2546003636469614
-7.344222069697899 9.859858346371126
-5.3523416682103475 -7.5998873157911895
-8.015300364175072 -6.160529344622314
-9.26481746395024 -9.376339525486635
-5.274105880116138 -3.952627403236633
-8.408151704790498 -0.5920984368078042
6.00389428727652 -3.704562281289954
0.39580692374130777 -1.2752546865353747
-8.334672698256192 4.053867278420881
-1.9085911855789632 2.3686435843455644
-2.1541205542548525 3.112917143449234
5.965108325472176 3.1127047704541884
-6.164193468316734 -9.516728191463908
-6.900757971292048 2.211724343120828
-9.865980375170825 -6.146609332762923
6.025641821031137 5.78412830078525
-2.75545185047924 -1.880812884071208
-3.150443341069204 6.060422650593196
-7.635628192053798 -7.39487158134045
-3.482530720938919 8.03070759851773
-8.076978795258663 6.215496009382811
9.381160471630238 -2.218760290540285
-8.23356482004683 0.718748325042105
1.2392223972836387 1.9187675702758238
-2.952436447390432 6.886113863092291
-3.585429971315593 5.119731807021983
0.39452720398266017 4.010055090004066
-1.7720744130049209 8.84315063739697
6.826826733322292 -1.401346825944227
7.615021345716421 -7.84205745258954
-8.023452901737983 -1.884669096542428
-9.25812056271206 6.8312140780280615
-7.693866982097286 -0.3854197466865692
-8.31987159482688 1.4736766053457746
7.173602804636488 4.216807660913737
-4.5068842453567655 -1.6435207929550995
5.456924299965696 -0.24461084540494582
2.5898662562466015 -6.862294515470573
-5.656237140710079 3.6137807356702663
-7.440563213816946 -9.757973020759191
-1.8230313951089379 -0.5634338179418759
1.70177914998421 -5.6338811792938115
-3.1511094962886403 7.441198329511213
5.253456921096076 7.791757302465122
7.693056591745762 2.8862553974980862
6.5120686193882875 -1.2792515610891346
-9.505094558044515 -7.951144386617834
2.227401184880545 5.236958113595973
5.9554428343890535 -9.972547698267341
6.705439900321345 -5.206016817549162
7.535382888151773 3.482768020108935
-5.15779713556797 7.328005323550872
-5.356995490155725 -6.613744046909098
2.367084907304527 2.6220318416425688
7.796906742047817 4.528640093033323
-1.991081827142942 -4.235124523855478
-6.970744936962725 1.4898662039895392
-5.320860560522991 3.150568053957521
3.2299891428640404 -3.4046468664107294
5.147680919384927 -9.803587182120783
-8.390974625962183 -9.937963417070074
2300
2.4801973705625286 -8.13176674474121
-1.6586022714177382 4.095596637914463
-5.613696296858908 -1.93253565280318
-4.966523295962785 -0.16083001047137557
6.470942262474711 4.678458867169022
-7.8061552546195845 -7.0311397923005785
5.011235331888383 8.961205731957634
1.9408243129483616 -2.234019104135956
-3.5306051913834153 4.426231694380267
-7.763688698035414 -0.5603148656992012
8.06106459091572 9.975992057874084
-9.939885189654031 -8.302175984582503
9.63139008965246 -2.646437988563523
0.32604283924760047 -1.696079137979659
-3.4263855751023176 2.7801905661658193
-6.623463208156766 -5.400872480890406
-6.191646096588926 5.9314386574008005
-3.165962967975111 0.5316176788986482
5.420637177106437 3.895429485617882
-6.040257077972884 6.003484598513481
-0.3925066746521626 6.371053721657223
3.125117314888204 -6.690839105809263
9.701743065280716 7.212021570333754
-0.7170227277596979 8.048295550141749
-8.04890617446154 6.585413357033513
-2.4983981665519046 3.3475756138684716
-5.396496166547699 8.759028335020847
-0.673300853226646 4.221050066831328
-9.734151000054494 -3.566980557395853
2.1215345065441387 -5.929669760305547
-0.3078490515168504 -6.1984247198074165
3.206891848817108 -7.176191449143438
2.4810602832064994 0.14603641503808618
-8.61082336578987 9.809783621696731
0.4465352956860098 -3.8052402731026476
3.218355602371904 8.047780093357943
-4.217169861883026 -5.727902437147645
0.20928584597561084 -2.803907751683827
1.2209715180478504 -5.172687771999394
7.750708474356081 5.002221907631926
1.9526118557008267 4.627214142729795
7.832239772916417 -2.0502273349105593
8.268379357497881 3.6870250344323647
8.501157391016267 6.258579564994395
4.281143105579426 1.5523681106111589
3.8720194809837505 -0.4810318693286213
-8.515665645967992 -5.877521199477589
-8.566701679584794 1.0386183121671788
-7.913274726126831 -5.084659781104932
9.670942574851257 -8.32085353599139
-3.5364173867280417 -0.43152376957527316
-1.8370280006896778 -7.994876599854555
-1.0796459330222081 -5.602416321046785
-1.6587841883333034 3.480301284701566
-8.297960477925816 -5.201123710710607
0.24373149231480085 6.072268631604068
-7.493825215363394 5.385689373973603
9.83496116243974 -4.408353382756776
4.801876468274752 -7.507948439751704
8.504099644011728 4.9264204789501616
6.924812637958073 8.3973170719166
-9.534675556479517 5.778207925566864
-1.8438207755727234 -3.278498442562718
9.406601380122083 8.530295935046624
7.051616151593279 -0.15110050643108863
7.557345240648484 -6.980266135788005
9.846524887266412 9.625308077506123
-2.2298344153631877 -3.3384578789580104
-5.108736162029381 -1.8747875239267628
3.096834035355357 5.137163365961115
-5.719718414937855 0.06318876647352134
-9.416910960355612 1.8290583072520903
2.4726360246633234 -6.2199124403195905
0.6686869740399253 6.81195722003994
-3.564407357130495 8.647560351474219
5.829256698608468 6.260129911463828
-2.9245357897753603 5.813211955674689
-6.366016692299265 -6.9234777777208345
3.369456675775581 0.7357326716696271
0.880956528771943 -2.2828772386021257
5.210613152791852 -5.938334822094293
3.4742872586674842 -2.1340778211837286
-6.524894188954821 -5.824104772644945
7.52986777293486 -8.79916368565947
-8.665922393056615 3.858686035927901
-6.302370826855251 -1.4510265863767238
-1.6231508342774426 7.967392980736655
9.224592271620576 -0.25965919230968915
0.9794630704405343 -1.4827002769175621
1.3787277683236727 6.158498147167382
9.288564594902176 -3.9819372601810095
-3.9974211252942116 4.193063402526082
4.025797737323703 -3.4008673691670666
-5.992314794514613 -8.645813775385374
-5.818790252482717 -5.586138546345949
-6.883618368279594 -5.664555538119833
3.1853557752942603 -6.951953235618358
9.12367257062894 8.565536811012112
-8.382596669403581 -2.9592788593518726
8.080251253968779 -7.644243279491625
3.3666557980989786 5.467254356270253
6.518552547648124 -9.277341466492423
-8.785437588123667 -4.785049075534107
6.74203767108893 3.32124014500595
-2.0470102303911304 8.239424525267967
3.19846791336278 1.4079921062674963
4.223223989657614 -6.003317283383063
-2.0557769275754367 9.842737988812459
7.000020512137915 -0.9123175885654238
4.929497115204713 -6.272832370894276
2.0471902232605803 3.2168911616735407
5.938771240714338 1.30268625632781
8.010553789855837 -9.09158024813757
6.613275454359645 0.705953447040395
7.832721479445212 4.962949560270424
-5.413594469667984 9.652441520206288
2.489349393993951 -2.2536967937624564
-6.136959463835405 -1.003213751884699
-8.728539612135533 -7.296235674168525
-5.432476335801089 2.834566049101346
3.7992169775844093 -9.433430511195763
-5.8829322795533106 -2.9232597850707958
-8.005522579667186 -1.9103178387606583
-6.454087754055755 6.533604049559592
6.192774117596976 4.124695173929776
9.846164284478625 2.8780025465545656
2.13923426567705 9.47066936644147
-9.64513094487722 2.7457369042043034
-0.5501906099439609 -1.7194500807421793
-4.302530602321417 0.3996495028959046
-5.149253861613159 -3.3499177091733596
-6.298334409287323 -7.768548343404849
-0.7973883502371564 9.662060760678568
0.6498429297021602 3.00559183691745
1.3030454772650053 -6.458597811016031
1.006926112065445 1.7106005609457675
-3.350594575319521 2.845943683278813
4.701306426770584 -7.189763987177602
9.641623904827703 9.554648094046577
-3.445143015552599 5.9482399117576215
-7.716860934711369 0.4538431835480061
-6.977158886274919 9.849516264297769
5.492135697530864 3.002557409349901
7.368701056769371 8.425090981904638
-3.3744634089767693 -3.1439239411661717
-4.3312346673353375 3.1270795882913855
8.414335298546167 5.1698704873385495
-8.492418981779522 7.970540539261638
9.301618486115956 -6.0112116877018735
-6.350570844888281 8.725273422437606
7.420978037119017 -9.439855133454786
4.55540486602089 0.7461720942580286
-3.829560405826302 1.4267829733668496
-0.5239266260256095 1.8051500248302226
-2.7342252732184775 -8.207871338625264
5.908309950599282 6.445994887925476
2.2035486414066767 5.863255401188782
-4.626568491744507 -9.027656920546773
3.155504426230344 1.353634114672694
9.28897166514026 -6.658696295428639
4.393931045050081 -6.268377849671076
1.391720486735137 -6.8229031654568235
4.898594701022523 0.03892332160816636
7.412000870382695 -0.4625432727637335
1.199488784189855 8.032897961976857
-3.9448931794987114 -7.320124916032132
-5.220490674175997 -0.4550811517134399
-3.8901267318758848 0.7826140465580362
9.509261345517864 4.213927500319613
-1.002118979645509 6.7006169508348385
-9.195659998304858 6.415220861516666
-0.8302931474964943 -3.903182587903567
4.559459682219424 -9.845825276099717
3.046092847486772 -6.883643078129125
-5.950936170271559 6.068609517183866
6.618890122648107 1.6968063416213148
0.5607256112611569 -7.597537899922662
-1.3840764213352905 -0.4043938348187286
-5.24771930843751 -1.3270158572724444
-9.906702175375903 -5.293634254750604
1.7470973886296086 5.338298749776351
6.291879120954171 3.0740313478024373
4.3862736072469755 -6.055896253076904
0.5438524557222948 -2.743884355412951
1.0718243611072236 5.433845440643129
4.42251286256303 -3.7979785800328454
0.654529826913592 -8.04817631566101
-0.5918531252245423 4.377405473961144
-3.0059778007246685 8.884460830607502
-7.1046648999719775 0.7197475767577579
-6.282760102330571 5.134991322154278
4.867195462209306 -5.4771840592788745
-2.629283373287816 1.1271686730662918
7.212286801969338 -3.2766489992204058
-1.1699348560346294 -1.9361145328665526
9.746168334062688 -3.34466060856726
0.577639275834871 -6.5081526381081485
-3.3239499802933903 -7.76290051294755
-6.961350469527384 -1.9221540133434623
-2.53834308810238 -2.5835481536206872
-6.567846561490982 1.2802375397021777
-0.8458930232965773 7.015162322811332
3.440645109650678 6.605398443589699
2.362273838119961 1.3991498738277297
0.7569040563182323 -2.449545872904002
3.9820104394877376 -5.123212821680452
9.858405363027629 -2.8278048308597654
-5.602795549980614 5.452255858477326
-1.795237389009971 -7.381537405681991
1.3335856862268862 5.8314906454460065
2.524254142552845 3.4105823753515363
-4.901422905622828 -3.907729397883264
-6.189769719671785 -9.125492117298627
7.359057743911023 -9.593254219391339
2.71829195382092 -2.928547909129433
-3.987662943045147 2.953776068184064
2.498798416502151 2.5110319046622678
5.537798575526743 -6.731622978293297
-6.580402447984122 -8.899703507213578
8.277872086078226 2.2894955461244404
5.786612619810786 -7.7202248933725475
9.459441980115706 1.4858107238792577
4.5296641130948245 -6.337349820424851
-2.018336507287679 -5.354006140909952
3.1383074509741977 -1.0216068516487837
-2.889041456675532 -3.1679636529317783
8.604046611896678 9.71455797775969
-9.191245990346504 -2.046348273005643
0.20467529747561208 5.606230224549055
-6.980497690868688 -3.5088135382132712
-8.509504618508872 8.325505663571327
-4.9932593227399025 5.757106054984675
-1.7023986222084027 2.6943477153937057
1.8093101207185285 2.900712979438582
2.0351814202531955 -1.8387646537792115
-6.068191006799452 -2.420203413481021
-1.2866415375444333 -7.342057777528376
-5.987503764985849 1.5354752909774412
7.288153300986387 8.704311193044301
-8.157688763619868 -5.532921841321983
7.659949724661946 -9.137214398284918
5.12311029337898 -4.785721196161017
-8.080725301226297 -1.5666697401456062
-0.9966223765658242 7.028946832873533
0.7357690647471156 4.836556551756194
1.7269738250363247 1.8861204448346065
1.3780236236767784 -0.2774881293697504
-6.489065211257607 -9.32147432183984
4.700762083364795 2.6459899801161235
1.5078189272883762 0.6440028417342809
2.8858253517888706 9.7845255837779
-6.769437232906017 4.959171101713263
-2.949669664168151 -0.4563900921040709
-5.620537717016036 0.8103020246205883
5.024665628566755 -4.8025670448537605
-9.931386864245926 5.271178188384242
2.462957182050218 -2.8030196422999687
-7.499345027203452 0.7420537567563628
-7.206182008249115 -1.3549313113126882
0.34307664225741163 2.892784487533911
-2.8128117057032735 -1.8087621197694599
0.831526208305748 -0.90326417444426
8.695573044156948 -6.604094949394048
-6.514580550104887 2.6625843017930233
1.5530635586100914 7.134526541915779
-9.4729136517984 -7.1755856653418215
9.761324842764473 -2.553556326552229
0.9791829158219336 8.054308947022509
-1.2284101053822472 0.39504052978022663
-1.585725778561855 -3.6043043984590035
-3.2297784191759504 2.8636822277357936
-9.298230870606298 3.685858709108416
-8.854811273391547 -5.981634658941138
2.769474103378986 -0.8401208741805117
-9.223676191218765 1.4206681830497416
7.773054872050661 -1.6372116748894516
2.4012339214252787 -1.4100515529195334
1.4630150588222541 -2.8898460977672213
9.427873331380145 -4.42531470605495
9.07337468657779 5.401141519236301
-7.108948741085966 -9.78413543490782
4.198784401697242 5.856308300757471
-7.6503663324117905 -8.59625603045279
9.13790712955593 4.412289747736736
0.36058778565463534 -3.1775634507005135
-3.928466761185314 -9.586276257138305
-3.293237665670641 0.45951546242189956
6.578098635420822 2.090211177809973
4.172764743245088 6.1795462040606495
2.3927615148334347 9.325855601286793
1.098073159721757 4.852314387997277
1.7470999808501482 -8.918672549601945
-3.1558374133923017 0.7429890138034736
-4.573188292072312 -9.01879967118013
6.890528670889012 -8.499423107820414
-0.08630656043115437 3.62024238957871
6.7811792096949475 -1.504968875622465
3.1991356179180226 -2.01794992132875
-0.5095977921194113 9.78341873514703
-1.404962373901773 2.620948149316595
5.283703308849958 3.6064454294185566
1.255175249986726 7.757162532323122
5.2727623136016035 1.3453521220222662
5.539709460074773 -7.40892943216612
6.84004766040589 4.338616892986746
-0.7449500657094621 6.184947585264343
3.0995007011391014 1.083463938741641
-1.26966008013056 -4.018729668347259
6.496865467277722 -3.2459321640721672
1.13223030361506 -0.7982914991259893
1.2753065995808832 4.6948816138599785
8.578733139997933 -8.38782421767718
3.4361944913608706 1.4569046869397972
9.595374924480758 -5.414600101989608
7.3679473997850735 -2.6954377765598263
-7.319837324968173 -9.707312135965312
-5.988475900023637 -0.32303577598109534
4.886379472498238 -2.9593713961875494
0.1946933654304761 -6.7069679908626245
-0.3441036871202776 -8.211516563875325
4.063818629574794 -5.8431561222612345
8.539995687085689 9.809774228459496
0.5642804230599197 9.876649732902212
9.316017495851991 6.995524651038927
1.006572869384403 7.763952010190675
5.782415758998184 -2.0492289895981024
-8.637530780159771 -2.5666716404449446
-4.578748393916192 3.823661097044827
3.2068650995165022 -9.480584028717153
8.40362048832409 1.4959951031482674
0.9784035988529656 2.337278383498891
6.817132676170136 4.1228649543709395
8.286721079368785 -4.396028680977153
2.651120690794544 6.069238507993575
6.37404265571562 2.605192106843731
2.1688315821094832 -7.628634761563351
-3.148410296828219 5.282644021047226
9.922811964017036 6.703378245392358
-5.006473684352786 4.507272892180847
-7.7944181111275395 -5.792210729776135
5.1661185178995375 -1.3123874307908459
-1.1536736950275017 9.821769323123487
5.024694591330336 1.6884609013200258
8.405910908115914 -7.365430133382969
7.950809315700578 9.90506977465239
1.8154157063808558 0.4109693834249306
7.075038569889738 -3.300795592529788
-7.957449846867906 -6.936245138328642
6.464211666794334 -3.051923532875394
-0.2356223936652988 9.535511310393893
-3.58435323514136 0.7409631045658482
-7.4788502289898595 4.406906951141691
-1.9992844941090926 -5.856626765999309
-4.094923196946592 5.163254865537265
2.7930150418079727 -4.783880496645838
-7.14226969703478 -2.404368227894307
7.8444148340457005 6.1400110137003665
-2.3159055528302748 -8.468581168409731
8.621994494492341 -0.5746836750429267
-1.9071847603221386 4.488974186770186
-3.104748988801651 -2.8304210850598777
3.2763082641170023 -5.5322436170697635
8.289218594344078 3.5489893633035265
-1.2992859723734878 -9.958601922381353
0.773283267144997 -1.1427548305351678
4.147021284029165 5.729212626027033
3.5543196097693084 6.202271002649912
-1.7100588313110805 0.659591680329477
0.6815236087894085 -3.0425104611653015
-2.6823261451376563 6.991034358797226
6.585541730909778 9.302021409575424
-2.1216444699763892 -4.4425870042866045
-0.9861853094643536 9.958990487526538
-8.57307516707085 -2.6642052460506065
-7.8633109852648815 5.550632112090742
-1.3304361532123377 -3.2635818703680126
-2.276067682185891 0.33160099422184963
0.6152517965423847 0.6852267651656376
-5.752094079303955 4.280585423480915
-8.611943953971702 -2.704869367715177
8.785967309552774 3.3648552773461624
2.9866107939809776 0.714162535794161
8.728530062052503 5.128324388159221
-3.3824941851941492 8.986063922909242
-2.355228319481748 1.3196233083340978
7.665943894671109 -0.13541620610124738
3.2525851148912146 9.769295923188615
-2.005885234872455 9.286526462764751
9.26774052148932 -8.66745949500338
-5.894090979317845 -4.246936911465411
-3.079091559259071 2.799910927377045
-6.201140843746078 -4.711179373426466
-2.1142651651715934 -2.074148437199989
-7.483737837918502 8.30301102892107
-9.236758502336833 4.792911001761567
4.5071724842280485 -0.2355495857864387
-6.281955427894454 8.582921668360196
1.529909994004333 -6.168076439366768
-0.7199257491698532 -9.514112824094966
-0.32753503980989507 -9.33576153233044
0.6134784414573282 -9.765776410495445
-8.101877486812619 6.6470102409433665
3.4149351730655333 4.435294828871934
7.27456791609162 8.583326625785642
1.8167225904764948 2.402007327815568
7.589002821654063 -0.28623539752717875
7.748146337415463 -5.609542324459939
1.5266688890860216 -4.924418913304427
4.901289614597218 2.153503909663927
-6.640520113452082 7.411851363042132
-5.306750392243025 -4.906674731039993
9.617141374532242 3.6933555675450336
9.338641207033152 8.353399771278958
3.5342457341223703 4.112661276156546
-1.794065537019332 7.181077834021131
-1.3844781739528642 9.802504935548733
1.5761594727589987 -4.285330454074807
-1.7912995434481864 -2.258231661246306
1.5499419910830419 -9.142150232263717
5.429963839441159 2.6088743453810004
5.676012205220566 -4.267204336772121
2.5106398681473365 -0.2660858166048925
-5.354924276752757 -5.6342470309118635
-9.09382516773153 8.988581250991551
6.210055268721206 -2.1696512549351787
0.4015212891503612 -2.383647358860637
2.773156136071279 0.2810477220678731
-9.068027482545224 -4.406314331310311
-1.058788275598845 9.188667765817208
-3.5034318458448617 -9.584586349126777
-7.945327183475803 -9.16322558870955
8.904987641670463 -7.519828763603369
8.084967883751133 -6.542486218642316
2.0200184590851133 -7.855449029450147
-1.5765528117584733 -6.025245358196143
1.217646438411391 3.2838027589058356
-4.995243060550139 -8.897658101197003
-9.005683688663904 7.006198021920223
4.138174661507783 -3.0428913716825807
6.402481991813829 6.921822596774927
-9.432406953419076 -4.044399413225602
8.164341603467893 -5.041413980311664
0.46031876523259996 -2.463105177370717
9.380681098010875 -4.7511504197224514
-6.129355586750799 -2.7454310253933834
6.0977808799782345 -6.809716125379664
9.410689384439543 -2.998640265541286
-7.279353711821484 4.9712406029532765
3.462101222590274 -7.299894683643354
-1.916404591621962 3.0416445698183043
1.1985220965254584 2.797898318215182
-2.223100662960835 0.655499818711597
2.9329537620442103 -5.970070313600742
-0.8394789982577056 -4.8419086344755735
-2.8376327890120194 5.455760732521377
-4.689301785932103 0.0386123274484973
-4.5998530944060185 9.744916008452837
0.3529132065257645 7.367629577639889
-1.6764934556808306 -9.591766293971562
6.372457733466675 7.520313502172982
0.8581707819997959 1.6525151595425136
8.058778961124311 -5.360305695240594
-7.219884550915996 -0.3674597920189946
7.480587584691104 5.0584312440749635
4.348342167461826 -6.783272343385216
7.8211248280471075 -5.502725698781765
8.130110037482812 -2.7350561611933033
-3.904173392614898 -8.861169704267635
-7.030759059080864 -4.397412912684084
9.446993914650545 2.0634911671436704
-9.401285497567258 7.611570621100572
-8.752358151053663 -3.2926976573372313
-2.9426574458938326 2.890228629379944
4.176789311861217 3.0197308837307535
3.815637496622969 -7.9255439266237415
4.6757681963143956 0.41400438221129754
3.000808462185189 -2.1736242368798253
4.009662862402507 -2.7932728444828765
1.0621519838682723 -5.486634744284837
7.972075478616144 -8.073780345414647
0.43017115901539427 0.5620069577997029
-0.943801017091566 3.9011438444122977
-6.454991206522875 -0.2255922972976876
9.439004659589585 -9.951710274957614
-1.9043811742099237 5.711332701499964
-5.201598275573063 -0.8216732812008143
8.73745766370898 0.4025722082728205
-2.4227966385275472 -6.674618657611326
5.848417768241772 8.065927333839657
8.9274347457925 -5.031409184930473
-9.01372338116805 -6.855760058492761
7.284767766364894 -3.2540235978874517
8.832208805178169 6.913464992006094
6.438943628317745 5.283932535125217
5.044150881170154 -1.064544387486194
3.4288992599976442 2.3984160322683774
2.982589399304157 -6.272715287259471
8.231165767112238 -9.186016486576511
-9.518286932350117 7.281092382245895
-9.471440157640483 9.564285946395245
9.908806993267756 -6.3577116981928565
-1.480121590507693 4.1269651125355455
0.34442596812186466 6.347262664216387
-6.508596636229735 -8.130985415697792
-9.835220836119806 -8.309611647749538
-0.6585218063770739 -2.5452704554117433
8.117366255791765 -4.587062511212904
5.614043282182548 0.10383532733052547
3.1779991696830105 -9.95845774502679
7.824456739506875 2.577255061273952
-2.596773519000557 4.746462942898102
8.346805297768128 -9.552400813615687
-2.4457083327529965 -3.839269943603165
-1.1915212457272695 -9.449147097507488
-2.848358571967971 -8.110615305165236
-5.429488213247058 -0.7971338214567183
5.971865912688184 -7.296081864596891
1.1654039725260539 -1.1439022565038997
6.882333413244385 8.52912986416144
-0.9941965593740587 5.026973419355992
-4.473679734663342 -6.012723392552286
8.185789289533442 -7.199970107892653
2.0361110226915446 -6.851542587804202
-4.0847591895957365 7.432618681252336
-4.404375456878786 -5.5298479003246825
-9.515475690904347 7.289690814992021
8.22731266129448 9.34656059180718
8.156885538396857 -8.256316387812783
-6.091585473704908 7.142408943147814
3.9640648330190498 6.579456498528447
-8.173970458922044 1.9948825509454142
6.924383414326396 -7.15079048955102
-7.637705496893257 4.375993062782246
6.931755553363345 8.307672734236448
8.639137971793705 1.7851504698614562
4.640441613951289 -8.331139216206163
-2.563650145949188 0.8847029869105363
-5.451460172861027 3.970319472433488
-3.5935649683398534 5.021428268021497
-3.505326839524039 -3.993739542535984
-2.4449057252810906 1.573716757962318
-9.951255382539816 9.69907780217828
0.8845251009308903 -0.37165220279478817
-5.6031481832135155 4.349988348362359
6.9161635929233825 3.5844226204006358
-7.693709491568368 2.838955798009451
3.27935074616844 -8.121205916965994
-4.417469577440496 9.668469878396738
2.1409432988023998 -9.789193269601375
-8.137467501666624 4.666835331720199
5.862159569398976 2.420790952910563
-6.198519855206701 0.2661743626149988
4.728519313850455 -6.812514252445492
-9.33049121217534 1.0598194220933284
2.8185747192547232 1.7606765716998538
-4.0663073858344845 -0.19795357277437908
-2.5711882663662244 5.355273202281172
-8.259161198231881 3.45477938532094
-6.764315912020646 -4.7256035571450035
1.0125935083147048 -4.362250181170739
4.584044666878766 4.363890160066365
5.950032410490586 -0.7174939064492154
-9.040188627036805 -6.84075386348078
-0.036414300352369366 0.43280941777605264
-2.9407778911885885 -6.748007242765512
4.55358143792788 -7.542986112351442
-9.805697206238566 1.3868393804561148
-8.269506538445432 -7.515157505231532
3.253992510021682 -7.55955214543063
7.376307042620436 -6.021871427783731
0.436901580468664 -7.055939747688262
-2.421012689888647 4.257273077601635
-7.0657657446708395 8.992675210010407
-3.515726406282118 2.111428880883013
-9.081894961878357 6.76401950768993
-6.367521143019421 -1.7477560312188523
9.776938441794773 -3.6739217329470586
-4.471328958534981 -4.633138865131157
7.394674716881177 -9.050030972985885
7.39480326264578 2.5363516715964156
6.507153850269283 -5.64279773918723
2.3809995785770752 5.120239901326613
-5.6309717421230765 -6.995495388866857
7.992718368910474 -0.4528243341449727
4.701718307058105 -6.156920502801015
0.5212538931093675 -6.8459473732963865
7.402724020913002 -6.319419560873092
-7.062765897157615 6.538781603542077
0.8568668929028931 5.539043135830985
9.89013651165713 7.9874598679688305
-1.1126860503918774 -5.868503485854671
2.852464930724958 -9.013120208224386
6.453054842989491 -7.909093411699832
-3.052007496730635 2.540536177723334
-9.072254433606632 4.652241916065162
9.486484557235602 9.364721267132367
0.2384352889904111 -4.731501902410797
-5.338645630858538 3.2631345015880946
1.0054235835648875 6.285662582273385
-3.095604352830563 3.5359931352619647
-9.71586677361568 -7.993536349716621
7.024406237982227 -5.288013865490308
-3.2766569027203785 3.269135685181592
-8.077664932225002 7.930483364403845
3.8494433625478877 9.880240483702007
-5.911111625444343 8.861557765263356
2.2144550488045347 -7.8481905223153525
7.472570986663353 -5.839929365477516
4.252851319471445 4.9777672764571435
-6.943829203178382 -4.049003618098366
-7.297651725942369 -8.604703904027351
-7.138486692263131 -2.9813774326880083
7.260379247003964 9.657507716095449
8.746026568660039 -9.888925889877234
-4.840680937337809 -2.739542379517652
-0.030030223563839442 -2.3998494405224484
-4.5278931736515515 -5.15179150086963
-5.673105752277154 -7.894934617350884
8.948792270367004 -3.3002160247063816
-7.258406457803808 6.41894889816308
-7.902105757510405 -5.7956716729304585
2.7486289931560606 7.376408965802479
-8.054919433319645 -9.179092574138426
-5.3794898975526895 -7.05031231772314
6.335939144417722 2.91694893898603
-1.1966889223668904 -6.944064691233091
-7.349838179855725 6.446369440751667
-3.009869200698456 2.630204437734493
3.4441651951094716 -3.9971070105452426
9.037680758505623 3.190964798830457
4.628189350724451 9.76158149850719
-1.4256126980299548 -2.4427921301157536
2.7969673081323982 4.467544396266614
7.244648746858136 -5.859698623554454
1.8706808980094447 -7.746741142887769
-4.622632314999658 -5.514219023074089
-8.220611981066126 0.5808450264751883
0.820154142001881 -5.241517349830456
2.5423018732851776 4.868039188482616
2.5699032263305828 -1.7683535875138396
5.549774746047621 -2.3704770408156666
5.290080867256444 3.3453895686875725
1.6495757523944548 2.2868750219421923
6.941969347585406 4.461826755058066
-5.3592225936453675 9.771153816082435
0.26321949630210284 3.3558528768562628
1.503971031655464 9.410203811965186
-8.838594765987796 -3.8886026613706175
-1.384313313767361 9.887774111752329
-1.8526464012189905 -6.6616639955795325
9.572660771883193 -6.179843070823012
-2.496765612918268 -6.196795021796577
6.008173004277712 7.731078186958765
-3.867428223121694 -2.4914028606965406
-2.846273138981605 -1.2609426603376335
-1.9033304435605984 9.974198976890605
4.721049245017051 7.2387945986916975
7.600987681142396 -0.06690732625713025
1.027766820630358 -4.688244277677964
-8.425871798825192 -8.366068037467402
-5.045885989824508 2.0971011362352634
6.700598037160013 -9.453210950949948
8.25249590897785 1.2601036191218267
2.003308026418374 -2.6495222494144706
5.951132362369396 0.22587353274175648
0.7410451416496571 3.260169809053611
8.489836776799088 5.054688186121547
6.326934677434895 -1.566188099612054
6.469040014159631 -3.538629573452578
-0.6920387815501492 -6.059469274918077
-2.089948223375078 7.4142850374368905
-5.765418703626722 5.849764256141741
5.683527374555535 -5.505510636856512
-6.701850601025326 -2.2642191643487557
5.3649172103960545 7.243213633802888
3.123690958895665 -0.7560223080437964
-2.1915487319695615 -6.855747143951305
-5.120304891278689 -6.233437566244904
5.1067338539246165 5.254871497996884
9.163376678170525 -7.309374352511993
-9.270904742650625 0.9539422911252622
6.146384467678725 4.720239453952651
-9.824230531332832 -2.047524057567429
-4.308169343072688 2.447646163887672
-8.8437002755415 -2.1551060532362225
-6.392540156568403 -0.6078876892975202
2.759544950259457 7.550226792217856
-3.594905962642425 -3.880689898350238
-9.680694416169173 -4.774328559758301
-8.744769079125112 -6.358023002715669
0.608071381822306 -0.2545892003989998
6.3459006087965975 4.549612027148285
6.428936898858954 3.891520152030184
-8.836377281072645 -6.094984050344894
9.240826647771577 -9.318347713923787
-1.5129019742306582 5.436731667649266
7.413120186652307 -1.9834129063679526
-2.201409833749432 -2.699758104613121
-8.687579153035463 1.3933736171283844
7.288980796929991 -7.069024810027827
-1.0724366747152523 -8.443007113483048
-3.3218160362118043 -7.284016429769878
9.118192632350855 -5.310050961790398
-6.075619051483847 5.7139581524950565
-6.451005118674528 -5.99051986677865
4.330566899412197 -1.036599964818821
7.953215169555815 -2.9120739886751323
-0.3100796226332889 8.242024276889019
6.8107906685923325 -5.09310758982501
7.0967952973573745 9.691161229095432
-7.175824918944846 -5.518375156839948
-8.972203272121304 2.9026172505794694
5.370458012837595 -5.8809019848217
2.6359129654616567 0.20141596992447575
6.025105717154197 7.887300523311563
2.2997817581020605 4.261746424399087
6.0326080238761115 -2.207579376057092
7.632021072486182 2.072477915293586
8.626399454167611 -8.673518181811708
4.184186811245896 -8.362623876220002
1.5525357684611247 2.532136024426247
2.0051827268820617 8.83501550572172
3.4156357555882266 0.3156286747852022
-7.245129841129754 -6.9094966998562075
3.010522791673809 9.389463212337777
3.7690367838325063 -3.6613729362338843
-9.97621870132286 -9.484321088024481
-5.348493821572871 5.1965495294275055
-4.600846840628803 3.487145520735284
1.5982224486493166 4.823042857295473
4.700146508323638 9.0955604751686
6.345977636605479 -6.691280757544589
-9.22285735813504 -8.397110160348554
4.6501228666762096 0.41601682926281747
7.214789240609139 -5.9540953985955785
-9.579771724670614 -9.601461014708743
3.533481002410067 -5.10571249627692
-8.68300844254481 -9.442604287276266
-3.9900922252054123 9.765137975926152
-7.947246123078415 -8.656168377204827
4.514837801106751 8.416399414931618
9.566266843182568 0.08223834989448164
1.263289938524741 6.402212644239601
2.941328698150379 6.056828415501553
-1.7960951718542475 9.139468467111772
-2.664060180730483 0.2699760314327193
2.263767538910063 -9.413967576467995
-7.753930326351437 6.4440761730397575
1.6930497983656885 -3.44206170086456
-7.75912244286955 3.147262123494297
8.92609137449718 2.851588084120211
9.619427925825867 -2.3101768002035517
4.503656205356446 7.846878342598412
7.9452857229331 2.834256564968687
9.922011268123981 -3.4764031088873377
3.162354790988683 4.1032613816219925
-6.814278326623755 -9.509854192120555
-0.4971852886515187 9.683194258480299
4.843534088156327 0.022769304783533784
-6.667899469142091 -2.976102985878324
-1.6393680395712185 3.6362034286252616
3.4476482922720013 -3.2955955545696085
-1.6002800972317193 -1.2465827027070837
-0.4412419207575553 2.842816753928563
9.423854456542362 -2.022213654337408
2.8439195066426404 2.6724176664570507
-2.4156596437962 4.871021848859915
-7.149239794761431 -9.676576290502652
6.481348003904511 9.056252601083628
-2.516384008600207 -6.322314369670741
-6.203588514769294 -8.899365353452911
7.9119146531046916 0.3381658965412253
-0.2605518889141649 -3.9534439420034584
1.9280085808104488 2.3727052637388795
-3.339982387058922 7.047905698385929
-9.37731505148732 2.107988816426724
8.072962349627858 9.832907580470248
-1.878826220243699 -8.133035890052916
5.482363087225664 -1.2929385015795596
-1.6322652590597553 -0.808060999047008
5.524547872156271 -4.171500731730784
-5.322777804833914 5.83616608419039
-1.857084904932389 3.640427597607758
4.7991047482290465 -2.442980600965294
6.3392981433096125 0.5377694447943089
-5.983974301338688 5.675985961193122
4.081452576033197 -6.688221637911839
-9.101967783083971 -0.8598651765122831
8.129761780387433 9.094580579298622
7.53578820187326 -2.5459339274544384
-6.287595783499298 6.85066894872142
0.6878891128088345 4.323682893868984
-0.8550406564591988 -5.308249501569138
4.656299058553275 -3.979541009774932
-9.601004783311197 4.336657918491952
9.100217164844828 3.3684453780277597
-0.895759952061848 -5.814374335885109
-0.6555235735867999 -8.609138322538739
-4.115865724033081 4.084914400695164
4.39743798118792 5.513518068788681
-2.2659363496359557 -4.753051656539153
-1.1150788707951058 2.266014429600867
-6.539938906754363 7.604716889913611
7.746858826381956 7.240687743995359
-6.0143834738953235 -9.089707290284375
3.6415517609699144 -7.54102104077738
-0.8309304366809513 1.2010926944847444
1.8246691864502296 -9.37119230511466
-3.5058990279861435 -4.326330615205336
-9.130489098545436 -0.2608595955760009
-7.49237777378069 4.262992504583515
-6.142989671576031 3.4127576209008836
0.509574536594231 7.786226048711459
1.7849168667955606 1.6814676869198752
-9.017160140716882 -6.961087637044305
-6.868161383071119 -5.272858688055672
-6.646173193354647 7.339484443433413
2.6330902770904796 -4.986815957199351
3.7447793240113114 6.840509335547541
-5.744439939094397 7.712672306701055
-3.819359305390206 -6.252455853247307
-7.928825992810462 -1.220000417280671
-2.500165704113469 -0.056894529471067656
2.071552555072543 3.844553096195117
-2.363218359141099 -3.8519947960390954
-8.79060214544934 -1.5417200364775763
4.931951726795381 1.4880789502323601
2.4792802137803562 8.628661943340024
-5.039300103780835 -1.5406800990819498
-2.3580947940864245 7.391502386547245
0.4403026232434435 -0.7312074203643615
-0.6574609353912138 -8.79748627648376
0.10955989547227674 9.126171258421824
7.853080216973442 -0.9284013907894213
1.6984506024402695 4.31238705597244
-2.545273604173069 7.068673318836783
3.5671632886252773 5.778014272292145
-5.371774766778503 -4.167841866670765
-4.300174824520804 2.9496424213121166
1.5734788273773113 -5.5364235010717415
1.8963282681994542 -7.466272453869487
3.7831527197163233 -6.307741144320172
0.5736838087937475 7.177885475432632
1.28515547913414 -3.3024932621019527
8.835830775972198 2.111077058227316
-0.8141602404272099 -8.275794590123962
3.638078390848495 -5.768880418032943
-6.83291174293819 -3.522398752233096
-9.210541655108154 9.051745552393612
-0.10177012583177003 -8.29060712593396
-3.5859653617433036 9.079769912386844
0.5476758393545804 8.466069007174756
4.272263880553309 4.611281733628729
1.1899969898930145 0.744779616140157
1.9960392177644515 -4.583217258696197
-8.226285985706399 -6.606354199112223
1.5652584167463335 -5.848886764010803
-2.724972867249562 -7.931091257069771
-7.344726387187192 4.257092015129249
9.711928132687348 6.140728511067945
8.75000125647853 -5.158921545861734
1.8489746126546986 3.198655118711587
-5.142589361703771 -3.0677609137332107
5.552715538045927 9.255603491367474
1.58073255650417 4.355113028254799
7.18309474391468 6.35190298234463
2.374619775277873 -3.7976749031879464
8.235647407117153 1.1821821039618072
8.327233335340857 -0.719367861882894
-3.8158132711864745 -6.51824622627484
-6.245181743184956 -4.562431094245207
-3.188878092958028 -1.2420626867015159
9.8540278324114 2.5634968354079195
-4.055229681972494 6.242215698014707
8.482836310347238 -9.880653944680953
-6.9538382203357845 5.505892191678024
-4.5804938386505185 4.395536840403862
2.2445908807491914 5.47711891256505
-8.332129959266691 6.847195083252732
-3.185188093901454 -0.2932193328833179
4.358425185492706 4.974526907214262
3.536485181281412 0.48361567470364797
5.997496385679085 -0.47938480882341494
-9.912405667072672 1.8187946891113675
-3.8472541185110316 2.81270448935169
-8.460079370617496 -1.694907303949524
-2.963982680966401 1.150819277443773
2.993699647791061 -2.4503028594876213
-2.649095896114013 3.04597309957785
-3.01878836798422 -4.580637971317392
2.970153579523876 1.6207279701961603
9.374478038786386 -4.4424104657641
-8.467873005702797 6.170232387282692
3.109294886695494 -7.283652350002141
7.896091342863794 7.68221032303477
-0.8219542031851006 1.8154593410533977
8.924776685314587 5.005531560556435
-9.122594903003154 3.6193849504421127
-4.175650157069946 -7.1710591525515195
4.612286076032678 -8.33013233823456
-5.084505361508915 1.0856389949736034
-0.020529272462459502 -4.056375645750374
-6.115749398825718 5.768195444723595
-2.957682074635426 6.490859417668052
-2.7714596108468115 6.626852112046329
7.514005526126336 6.7492713326372495
-2.4882121043708016 1.058136334914611
3.306557071432115 1.0267898897456469
-9.617738837742616 6.791392200430856
-3.6925522371640263 6.742121702312055
1.9770540734506064 2.8200867221401804
5.7234365358788075 4.008137779730834
-8.627933269909239 -0.7347055026442888
5.947097437751159 -7.200407717139559
-4.1291323624657235 5.601724907241188
4.007542297924623 -8.2301875724948
4.38258997360219 -3.8333669721975845
0.6925698692252897 1.7519339968450538
-8.043509655514905 5.185696837658217
-6.285635354018153 -8.080889513157192
6.430713491559711 0.16808225879353422
-6.804363494604003 -2.59016743962343
3.01140612082175 -5.570427806987752
-1.2758543985068371 -6.5027494975636335
3.690573443212852 -8.62105690022908
-5.781742756121511 -1.406948596633672
-6.8574266831122666 -0.3924452881091849
-4.611291995680671 -6.751515625245512
-2.9648521005126476 -6.874390121264458
8.624769566633056 -5.01174759564897
-3.2965587460272054 0.276460108722441
-2.498377935046956 -3.352491503405486
-7.473855990990068 9.037651128647465
9.992595343325444 -7.265235358962365
3.727077409508908 -1.6241863059353854
-9.107008184985705 4.174801292442893
1.8372333665547558 -0.816403216405222
6.847955174890334 7.248384227516304
9.210397720272208 -0.3170339706416154
3.2988078600690116 7.971627228582019
-0.9428249704384211 -6.10580425603843
3.382930265690387 6.986751064551889
0.9560821015049914 1.0313313278155771
-0.3370309261808586 9.748688536897564
-9.904441237873202 4.953637276918343
-1.1128620789836923 7.35937339605233
-1.6297738251935598 1.9596348124989973
-3.678867742652363 1.4435624948544614
4.808203230473181 8.766040066545063
0.4065166112823029 -6.377598904932249
0.9974856771931826 0.36108721835726243
-3.66958207657214 -1.6060268156693418
4.214366067891701 2.6370491893678967
-2.056140784963043 -8.654764946659583
-4.027116856125725 -9.653768841380636
8.745443195928331 -2.34121701687672
6.291800783297006 6.296012409136498
7.029368967549651 4.1584938456678735
5.109808108003691 1.6593642976443217
3.4781473169614063 6.0687709671671755
-0.5438131136667899 -7.312553838090057
6.431861804853419 2.42345512713735
8.7724198834212 -1.9089113731862675
1.2769269336590057 0.8594703864785131
-2.53207606697927 2.737613543138087
-5.8214739899645185 -3.747740336587171
-6.303302421536168 1.5500357675065057
-3.2807890576318233 4.1922598855188795
-4.4552615219515594 -5.012667176049392
-2.3346757332079937 -5.257475166101814
0.3730820085228572 -3.1816030166404508
-2.194092284072184 5.855138195364313
-3.6833309843872986 -7.37058452271147
9.53865847366837 -2.9282235660807903
7.6477122971160085 1.7305411827892598
5.254986514332247 6.116512991191971
-9.003978559570259 9.351719200584647
-8.182362047604059 -5.353007004963817
-9.022605994722756 2.6205784148942595
-3.5278690733364604 1.162832331991952
1.2677106633607131 3.8710207970900274
5.732223351230248 -4.128144718865119
-3.822753482045 -8.247547566718104
7.27524287254813 -7.398851860274522
9.449561419218846 1.7284473806907812
-2.3986100289019934 -1.7946995339514
0.27027432745803104 -0.9121172658703962
9.462466610103057 4.101025537844521
-3.2245372310786973 -2.73824509543092
9.115127542031985 0.20139206032371249
-5.832007439840982 -7.778820593248468
-9.780766684733567 8.47042753787644
5.150681187778707 2.546673143511324
4.360890542820195 -4.282166744702732
-2.07548736930206 -8.158460893756775
-6.763300774809218 -4.350792723573324
-8.02385825069258 -8.850558614321907
0.22333950050585116 4.537864435447743
-1.028556777567161 7.778744582589251
3.2861314574765075 -5.10375728211365
8.06038359349484 5.318918299209528
2.771881471267717 7.066110312828403
9.950622241108388 -7.512660791497563
5.925756901763602 -6.9410290063502345
-8.456002148497975 4.217068877513144
3.2324523434716 0.7987551437577238
-5.413719958479442 3.7684378777133727
2.4686045390372335 0.8212047496787527
9.268014133754157 -3.0804362322732786
-4.020765305319955 9.552637086640903
-5.165506204183703 -6.683961476603654
2.3242447938349393 -0.9358091569232556
-2.358120644633212 1.927595415860031
9.50969380271841 -7.6497629821540585
3.164039144543292 5.648219210115302
7.251877097840232 -3.748882298640126
-0.35803977261331 9.200641063816867
-4.51980303459014 -6.780720765954255
-9.697554741997983 5.1224852361631985
-0.6563152379388164 -6.527249129093436
-6.387596202846256 -3.799234353596437
-0.4700201800333037 5.035390821859153
-7.21178451306587 -6.066812755515141
-3.913880915594305 1.0174814987990999
6.409184417345703 -3.523426383774126
-4.539003474272674 -7.882699641020478
-4.08354028300746 5.845339969385101
-6.010970604067221 4.662917610879356
0.33321706540558793 2.3147029624830235
-3.248565719321757 6.947900580611723
7.308058666465975 -4.1752104365690945
-4.210650542216337 9.991190323840225
9.944591734416484 -0.48491988468956393
-3.127240279360464 -1.3876015049528068
-0.4200352678498511 -6.7694897011634385
6.192113897403612 1.2255858846499592
-8.721433031883416 3.6485809064386228
-7.385457415026188 -9.76278669812168
-4.695669631965456 -0.17586203765512742
-0.5866265444287659 -4.774496609274978
-9.756732303617303 7.967912151087027
-2.977601881582337 -6.092798154812343
-9.843376433737847 2.062653788178661
5.406704278643076 -3.0584184929312075
-8.456631324371646 -5.083181861287023
-3.8367211039752807 3.3613817825537886
9.029902429848427 -1.0293197964980116
5.6628778574108445 -6.646135097878787
-0.36630300843577146 1.860862117872644
4.803888892820629 8.209361516658642
-1.2058236938922953 0.24627253867442533
-9.750766085490374 4.73639724230679
1.7964609067842279 1.9445613516198357
8.879520340973954 -7.224289010329501
-7.968151893827158 -0.9943372714405356
-0.7638450207311003 3.0854964381425987
-8.074688302198535 -4.63033928691954
6.1431777002032035 2.4257610969439014
-6.658436062670927 -9.458021134230144
-6.225973427048437 6.658492500779122
-3.3583294475139187 -9.458243376824228
3.4532862265411506 7.4464774683594115
-4.29925354416179 -4.359096340141324
9.77990036081107 1.3899803431962034
7.048729077495349 -9.406731914915028
-8.940638515017076 1.5257973337304183
0.43036627231435887 -4.081653892480938
9.403949169207678 4.944050819037811
-3.8911092368024995 7.217393492996468
2.3451284390480165 -4.775605926043958
9.345539221895574 -8.157331672933097
-0.6875320250787986 -8.489536083919653
9.598371511423355 -2.7561168691339493
-9.43399727732125 1.9811813333274486
6.796292536515963 2.3808884612479595
3.5443700649334247 7.47366663960047
-8.667106749873545 -9.443210071263852
7.685680800481261 -6.935731682277806
3.8351559653565204 9.145312050766169
2.862294942820329 -2.1347637226778415
7.934522610994495 -2.1843376394696135
0.12287845346073567 3.793645366758639
2.007897121419438 2.7648006279736492
5.521361506795078 3.655656710892112
-1.3115427237270545 -1.0542926845895213
-4.625700411254021 -7.07058722856909
-3.7722970723863725 7.882491486342484
2.965603360177065 6.863050736019204
3.341874180848908 0.21425936707163018
1.1930611361512042 -7.085196556206772
-4.240460964138815 6.145442614210538
3.2463760316218977 -3.4194636556108122
-2.8270637070103692 0.9078543180548238
-2.3451198375924287 -7.027736428842763
-2.055483246952301 7.7715860493890645
4.966554027001271 5.205090594890239
-6.239496913536486 -3.500103530732119
9.527515857562207 -6.384761495611824
-6.025167272738299 -3.7717989628768063
1.8075882701804762 6.761942795225952
-7.53404347528988 9.631351916052026
0.9209172998023263 2.816238557038302
2.4978322665147434 7.128362274648513
8.16987881270147 9.995377203331437
-1.2704837989800275 0.9009460700102956
1.6374255788920244 -1.9095036839548545
2.931342564834157 -6.5830613665782955
-6.2345670071976 -9.031858865821004
5.702870844698305 -9.7924244915155
1.7089400110848416 1.1345155086618153
-3.26400792158614 8.754034879597633
-8.621216432888598 0.32482755579138
4.18469892335867 -5.000518629104236
2.364498239774136 2.986116018184127
2.3976434928207517 -6.958558740982834
2.7067446055150857 1.2754449548112632
5.489134838103787 5.805052219997496
5.758040319607014 9.603037043137451
9.321933673245066 6.317250754772196
-5.730981594651851 -4.696749575048522
-9.806432573277927 5.605707313031276
2.843083293662332 8.844006849656726
-4.551427614764867 9.252812183934708
-3.8399434750292905 4.5642840708529775
7.022316692345822 -5.240005868121493
-9.184448165971036 -6.756891776624374
-7.599926851656038 -5.2015043143542705
4.8153820275308306 -5.448914530219922
-4.2858203909531545 -1.926791276732704
-8.071084363780887 -3.221221847194668
-3.2505344260076763 7.887980856814913
-2.8194845535146706 -5.932085059905415
2.570231625608981 8.61800937754267
6.864699465476846 6.767848729919088
0.3676537958988604 7.245478838644935
-1.0126792221643939 -4.182082268498326
1.0666773179736673 -1.8710968028172896
7.156678418427028 -6.528947107641974
-3.640936507494561 0.04148608850806923
-4.012319248103198 -2.1327622405502655
-8.353666538911567 9.263389378039275
5.417223632237073 3.069615676671223
5.799618019170264 -5.705727599355899
-1.0278217826964138 -8.546707530640315
-5.530145416963652 -8.195814156741918
7.1086306492306015 7.506828691679274
-2.835247180229638 -9.415703182196522
-4.421091664404888 8.674234950572675
0.19868606912156572 5.632300831860055
-7.279678051990808 4.983655951416345
-2.053032577939793 -7.29691533996764
-6.976892267722519 8.550835987715452
-2.3931111782010532 -7.472055399920641
-7.23792056825663 0.7524544081074058
8.409128773956986 7.964508158807671
9.510784168716992 4.435138777619043
0.20355412670460638 -1.789596600649098
-3.5226278305479592 0.5429557347925655
-7.185864124787635 -2.1849829185331178
9.456326013504615 -1.815034571893273
7.963417351088339 -1.9538536880608461
3.3918351009006624 4.188610598292637
6.940561826133688 3.1830701340119667
-1.724046335884852 1.9416008410847656
0.7832875126215342 7.995558132189704
-8.65591616644437 -5.145428506443322
3.5960565008821206 8.349583012532932
8.833926262814817 -6.048604916357196
-9.178291436288841 -6.538725599167796
-8.12387625096095 8.139835707458754
-3.98921609890849 1.459330023913255
-6.483410368258928 3.089624651946103
-1.7054064637248878 -1.4095078188561665
7.617651831926821 -5.593860235680694
9.161367050930181 -6.05068764977172
-9.049658720075433 -4.432361808171114
9.807238555538685 7.585889658915971
-5.59960460684745 -5.488768196880322
-2.3452246797165266 -1.7885783560043382
0.50027150378288 1.4703538355474155
-7.754112374083744 6.171373385890934
-7.040374352580889 3.418290721237934
-1.2771880526583388 4.000007364411456
-3.069205874940522 -5.5981539112447525
6.654787105515979 -1.146728925762762
5.436124853476176 5.058171514417722
-4.872665091257636 -2.6494222761601964
-2.5104092739598727 -9.817428126126604
7.6134363779403245 -2.2743183757298313
8.643640983468707 2.695430378601218
-3.9942000959128503 -3.8522718628142076
-1.7806458020548455 -6.778707110998137
2.8604604299066168 7.8387261179514205
-1.1121420556249184 -2.301753889524578
-6.508912861974201 -8.4412843295856
-3.514999564199557 -5.001678364681979
-1.7822377886836485 -8.541178529156156
0.26376895096055186 8.760777185193337
-3.3575844661738996 4.952323131885375
-4.182131489681691 3.179935320804761
-7.494450665748373 -8.617597826501282
-8.014175518890026 5.108981486768091
7.535378469427961 -6.679968779629666
-6.062793141777494 3.0290674957540613
1.3962780284963294 -3.521888040013943
-9.648307064977168 2.2018479616082143
4.604439587032914 7.437390594308955
-1.1223611028244118 -1.7821556859714267
-8.765223872529969 2.881454683069588
4.992608065493771 9.035666463099787
7.842213813756054 -6.725832121547278
-9.038745584339296 -4.973761853831286
-1.8907854841624854 -7.967672146063478
0.1580405797807103 -6.50112626426073
-0.5848130738701958 -0.9320067611636453
-9.781366049615379 7.243718768170307
6.160970449028859 -5.981338604398934
3.7839699793213732 -9.807330746160313
-1.986297452559075 -0.2575408743639347
-5.196893365975552 -5.110890025723942
-8.948727519196126 -0.1463093488047349
-7.554693409098188 -0.6514584905326366
-1.8248522362813802 -5.629877435983688
4.084532359632107 5.086722117845049
6.0549234549657776 7.7568399987681005
-3.797230986628854 5.999094904265373
9.872231165076933 8.012631687190531
-6.163860645830073 8.845035516038408
-5.710274047156664 7.717198327239309
-4.524462815807269 -8.720588655675371
0.6234700844920766 9.827313828964144
-6.445241027561124 8.71255915057105
-0.8327222221233335 2.5193828973004493
7.709807049214902 -2.6486494170294783
5.891949056251466 -3.653325929675275
4.782302733362727 -0.4298494794636021
2.281553344469767 -7.890436625461095
-7.242838267317852 9.810501341834133
-4.624386639724847 -9.423645973333327
2.8824033936653404 -6.052811330419708
9.628058954354245 -1.778080361714247
-0.6435968109190782 -2.084044632118869
-8.457519148326005 -3.9413657232961485
9.58935849085379 -3.429232066714629
-2.5611797184415757 2.7462168204748494
0.1574096517866952 -7.927272934631202
-4.0158998576172555 8.137049431006027
7.9846956980249 2.97512296964328
-2.4240155107815013 7.485536495757472
-6.339458178677391 5.914059593371409
9.337145192463591 3.110561040837897
-3.3555693766760175 1.963871042339182
4.385921294844854 7.079642435438185
3.04426476039348 -8.517215293676436
0.7353514979312585 8.789304077106848
-8.505915660742394 -9.297771092643583
6.014273560345611 -8.368504459814712
2.269527797301521 -6.017859004233981
4.903441552718416 3.5638016120009848
-9.885455684966072 -6.268751059479596
-8.068716158469014 0.18853140958300152
7.746153172587686 -2.0755409249462335
3.231474732801722 -6.055590712783863
8.542518728149414 0.7499908821491275
-5.207612526430148 7.448466236374827
0.5958552967165218 -0.09469616227588062
-9.11729981772286 -8.812080074514714
-4.073851589823483 1.3734913733738345
6.4925880373208 -0.07205355542539493
7.195041757509067 -6.864204643205922
-3.028922925025281 1.4524707083651993
-5.801923554923891 2.358377671738559
-7.80999451561202 -8.577743810026984
-8.808293098869564 0.4649501266682332
-3.3003433988561737 -2.024765794775494
9.98121522729176 -0.6189682205464706
-0.9201586869758991 9.830551751096671
-1.2998835100338706 -9.928179577375168
-1.267109618487023 7.405415211710938
-6.02259200730439 8.59723545192685
1.8965904588216276 1.7891509296126333
7.115408622817579 1.698389223121609
2.9251787246589345 9.219321183795461
-1.2205674459101719 4.774495917870539
1.4428443039311762 -0.8295514443823784
-5.529703991207418 -1.5843434618976087
8.850114724723579 -2.5802379459429687
-5.53553063137159 1.1873133819976722
4.708864416058267 -5.693562793554669
9.217952607908359 1.0280587075988983
9.134564176423087 9.394367452907932
7.627212499345429 0.9096089829217249
2.9964100722557863 -3.886982316931773
-4.039042496585806 -7.339963589353369
2.9799194552001005 -6.109032748387406
-7.44075200088681 5.294829738067854
-8.75840084995908 0.7369777989384563
1.57014859323378 -3.632357302128259
-9.996830950014708 -9.25922937383447
8.718123415093988 5.806143766487038
-2.95094853024791 4.364574546738819
-4.167112144244154 -5.1083617126673975
-8.06105475838722 -2.3750023411183268
0.6293548518677667 -2.6664872105780173
9.600132197932066 0.6769201113013761
4.7906452864925715 -8.668869606084082
0.22101915322508248 3.9435030129091793
-5.886658077526685 7.857357181556715
-3.7130406977445833 -2.7956675273879465
-3.0063863451976154 -0.6731044947781974
5.958067644957946 7.994588006324346
-3.185277911753399 -4.013329635156106
2.7338718117365346 4.408936302667675
6.299551870454138 -5.335541970491349
-6.677970477479807 -6.984918039313202
-8.951865840581508 5.367102201882174
6.705549706973159 -8.447833496432304
3.6497418443780294 -1.8478007460924353
3.866901836303942 8.355281675614524
-3.174512940181698 -9.034683984043108
-3.1301384093400664 -3.368512323777315
-7.092295049368129 -6.033192383180803
3.7883980758538733 8.129462452264235
-4.120326872699438 -5.475996062264685
7.546597386120368 -9.193264989578104
-0.05572205705619382 -8.198028302244902
-4.453807320186378 -9.68475197154119
6.325175415062567 -1.4193592282075969
2.550300490564199 -2.5411974415594907
4.140411896337781 4.249360212395857
-0.7840512900571905 3.411885232399573
5.8687965965150735 3.8412193155012826
-7.744984851103616 -1.8047455464835487
-8.57122756139554 5.645122924397498
5.527920085153955 -5.5448256935009415
1.632833836799497 -6.897282477772815
3.884638002362955 7.3819344189897365
-7.2587960970373855 -0.3482126211185488
-6.3097725089739765 -8.437221745721553
5.721221360310896 -2.380349765768985
1.0211814921827909 5.716091306605463
-7.633976467376415 -2.7739662396306404
-9.686545234732458 -3.5964753355497026
8.920931886370791 8.561085234684302
-0.5319697655790243 -3.063091392820372
-5.088581033420763 8.18161838434703
6.148368122741537 -5.5891954912081765
-7.7667208292284995 -9.315203526677484
-5.854592486733019 8.38886801613804
-7.601800233187719 1.399602964642268
-3.134490281081832 -0.4283625273424807
-9.104611349178263 8.208993327025848
-9.58423905750603 -6.5171772556211005
-1.074693835472317 1.971963049119596
3.828436314516889 2.039061186517392
-4.8737718835833395 -1.7633351050038737
-9.949901477490318 -6.809168985573438
5.768987157451914 8.23424235807731
-6.6968628507757 -4.578941379549979
-5.770558392620524 1.137447752878714
-2.548393581335282 -1.7624223852718544
7.766690378397744 -7.284695768397547
-9.49882299347883 -2.2027717633988146
7.723211412020387 -5.689646160527264
8.507865779144982 -9.86698059477721
-7.009105645790827 5.067641770913713
3.0936354474087366 -5.433418157388282
-2.737301247385653 1.915583633456034
5.011099861558657 -8.322635827372078
2.4399025542306774 0.8247197421015642
3.926342969166889 0.3252337656840414
-5.046829632829002 1.2208682339606352
1.496975859642406 8.143168351943881
7.0457759759536955 -7.796785702882028
-7.358967874124083 -8.539486860639556
-0.7184880372063525 -8.098201816415925
8.979936824022946 -7.264065048849158
5.296144542098096 5.7616542419598815
3.7816343363188754 2.021890594696064
-3.6301405325112697 2.43559206361798
1.3035648200296848 5.429721009949889
7.730447136413055 -9.053015219128937
8.678842427721435 2.3680551512071766
4.446306702830052 4.799195832701006
-3.7948711255815804 9.127071194811833
6.872498594048221 9.653126319459865
6.665482294218311 -1.631200721130428
-9.257810717504398 -5.48223180621039
-6.244770605757639 -7.970937199355117
0.9874217350881338 0.10053684716645606
-3.935023508839808 8.953605106584853
4.303364698480349 -0.04933841766927216
7.959779866754573 -6.488784068702762
-8.210211863207778 -5.978454308462828
2.8095263314524637 2.4672254031327796
2.8348305555534115 -2.512433202904627
4.485719708552754 3.503763398118151
3.923595596801409 8.036281578986106
-5.871685307664496 -3.284998070858123
-6.537133333849177 3.6143419839360362
-9.840082670134782 -1.2328427006488596
2.615670666017188 1.1052545423130855
9.649579217701653 0.20630096525237818
-0.7635950969771077 4.633917523919308
9.62711261899522 -2.568262002523685
-7.952418024378673 8.670277806635713
-6.473821045525423 -7.0287756586147605
1.3877171597341036 -4.502523150675925
7.539514145754747 -5.626516315051877
7.455912896449124 1.0125382726458927
-9.834143196699355 7.605366272028309
3.3491145790160104 -3.958914886682332
3.833522145825988 5.274637530904744
-3.128454233604736 8.505515661104969
-0.7730131760145476 8.162342973719706
4.031735292429275 1.6981653246212947
-0.39616966281165134 3.9915400405742485
4.698619500520078 -9.01792998136015
-9.112649553422195 -9.48632388503911
0.7284360224903086 6.994088734333538
7.190655919658241 -5.274226509065397
-9.313158200766654 -2.801106816354273
-3.989269784342384 0.9588588294151368
1.4652057377960013 4.97868667553057
-3.069121034618454 7.789295461704398
-5.641504922906567 -1.1937567212793851
-0.6509355715731662 4.485637945310501
2.6858605798521964 4.592706952270502
6.746159354751274 -2.2108551306412867
-2.125902723398225 6.808152310749971
8.113033327752099 -7.384524769812901
1.3325370846487736 -1.5417533569773276
-8.67031636537861 8.247297892025006
7.3751128396410515 -3.249739830695191
-7.809458955738304 -1.871746043012223
-1.4039896005415908 -8.379187564549325
7.638837566873878 -6.6882789645915715
-4.733012172305704 -3.5675219389909163
6.3266293693137285 7.891623360969078
7.300258285002229 -4.659336943213641
-8.40094738464316 5.978965880203258
-0.1693007294884925 -8.337609052821279
1.1531483428187173 -5.389948446821158
-6.994453413260258 3.2281193035369284
-0.31734110949043703 -0.6813092135768102
8.871715561174437 -1.35014236382945
0.9799150035409951 -0.564292388939398
-5.774366637593209 6.972321216782504
8.965591155752662 -0.7892434793186514
4.998991522885895 -7.798581651665137
6.631971697837649 -5.477329039289167
6.2602533627661 -2.468865541813418
2.20042587270774 -0.8553569911309147
1.8525128192871971 1.178169606532256
1.1508674925302778 9.423324026275846
9.71243108886344 2.0918991254183474
1.7370944036453473 9.660696929972087
0.7435389167274984 -6.208182816504328
-2.3364357695552123 -6.082270593282757
8.022842068605051 8.748284521532597
-6.990290032465856 -7.220943443902474
9.91915928697345 3.663613400125323
-2.378127871972813 5.863293338375364
-9.581746162839138 -8.5774340287788
-3.670510240853977 -4.1558293217052045
8.009905526928524 -9.830539147340014
5.621625880167292 4.066208722603491
-5.8301310572485825 -8.19331409356936
-0.9001556051598065 7.682722716451195
-8.373968449737042 7.023785869763117
3.666783108969124 9.807512150109886
-9.81969024117179 -9.814140428065823
-1.9154231012913243 -7.423313499861289
-3.790959479824865 3.5199420174971436
-3.0077536747932854 7.43562767854279
-6.535325091223713 -0.7414505338909052
-4.8258870245147945 3.7345557334599278
4.515254335969805 -9.724701241110436
-0.40172849589551163 7.249901076347463
-5.491735514359844 2.8024406434944282
-1.4833346681344253 -7.7269693517218645
-0.45924910213553005 4.173142957657168
-6.404702691818094 -6.3530791370735695
-7.088975545420999 7.898074604952036
-7.506684683581259 0.051959049847916106
-0.9360617316211979 -4.56448294875162
8.568982809188238 0.683683392895194
-6.817103414734696 -1.9871672842172785
1.9884451554967093 -4.789979320922722
-8.005191126661565 9.517709405495193
-9.456707884041132 0.776880792476863
7.128484301503075 -7.0871718471058065
-9.506228679277704 6.733915764298214
2.6012954365916414 -4.406951400590444
5.941178097543162 8.734751651316579
1.8966162376339426 3.8386559592557195
-3.5021890166224097 -1.3338323443854279
3.564905309025656 1.7089384098580638
7.8201320204371 -9.02876592055403
0.27049879124683684 7.755314235713108
-0.5339542672037823 0.5394488446025676
9.991880404997126 7.685373974280701
5.854883668213208 5.914466628623099
-2.0252528883088328 6.901788046740258
-9.676445206319894 7.137881267043731
5.5353148104585905 4.974807238396714
-2.9017749713921237 4.831816428593989
-3.791748532377415 0.3656490465742088
-5.502872767776042 1.3694465131651956
1.6458598309285772 -1.4120356226806674
-4.620609442034338 6.590566947788041
6.228583399415442 6.66201398080597
4.8849121027297 -5.266533443810486
3.2442446604142816 4.789081647580636
5.277259004906419 -4.25059952816394
-1.699548073062143 -6.035578410331217
8.095779420728316 7.298172107928249
6.3426903972698945 1.5214427943486282
-6.802711438605109 1.974835196342033
7.995928898663777 -9.994033809191913
-9.437412416906199 0.33979253778303686
-0.29336735426304017 -5.240527433308328
0.32351441521847946 5.291113880850645
4.7332005442269 -2.5825858724298794
-2.45290769024934 -6.816584337848905
1.6980862223936573 0.05320560674672592
3.177703734785249 6.48005361509275
0.11729864747531593 1.1351351108111416
4.612845379440868 -8.219722282263135
-2.955415423255867 -7.1565080436467765
-9.889752160044479 2.4701265439882683
-3.8737579187143094 3.9473628399618335
-6.890466859745688 4.2286960373906535
4.695043247552199 2.0884203636582104
0.4165777427653623 5.229196193935181
-1.8242430181144016 8.205094720067343
-0.8161448158931925 1.428577900702015
9.222886865075871 -5.697767588285261
8.60062740246326 1.1962157218912957
5.631174641379797 -5.563589126544648
1.6427994321955701 -1.148643463593551
6.5294273336453585 -4.341704093519252
-8.848131224087478 8.913770881587478
7.345573798371571 -7.969925156496236
5.3067599983690705 -7.006800044162905
-8.194336813563705 2.8070307116770863
-8.599173627033363 -8.161749763262403
-3.615618355366623 -6.606995097709429
-5.772598707401371 -4.938469585373266
2.3337209543595137 0.24712682959865973
-3.066115018938474 -4.285963909364612
-7.579363406089275 5.845130166486683
1.01978958738931 6.886053619287921
5.808009160266721 7.661708126362306
5.268712422834753 -8.84346535654396
-8.31959171873886 0.00589770867082251
6.7317849727857855 8.204513236118174
-5.728921125489679 -1.2380163614442132
8.692815896653958 -3.9321323593453217
-3.5682083604501225 0.33311346366009964
-1.82472084772626 -7.522981266829472
5.267169075637996 -0.48752869306477997
1.7544722656922946 0.1405915087218652
2.5666498326610103 -2.0442210964313245
4.02226121114154 4.6719611185312555
0.13969631530519067 5.34842431595634
-4.5525048539434305 4.971966649423194
9.25083338930623 -0.548262849000503
-0.9853617205819649 -9.470758806571633
6.447624017295862 -7.863379003711466
8.511896013862216 1.105645756804412
-4.087865775510389 8.577729263326624
7.420462751915434 -9.471674672518695
2.5056739867361504 -9.41854590468872
4.259266808343726 -7.847167899232044
-3.184921980438924 -1.8960171015322942
6.676743710212399 -3.8441462759191154
3.2471977454382905 5.424130304467056
1.4796894013083577 1.3092479894320483
5.442736182190458 -3.8363907815406346
3.6644093602321437 -7.43326371807605
-2.5178741352362195 -2.926043140489738
-6.144221753316856 -2.2720687589285005
4.59980135392696 7.908573111222346
-4.975540793570355 -7.479177361097902
9.458031418935839 0.7821544882149709
8.20189993836459 1.1470029441787766
-4.518538312716432 8.813216070685247
3.2414681198288324 0.5909835826374898
9.594885110913154 -5.217157093935619
0.8234996454832739 -4.432623294462763
8.052592138387872 3.8207358121766006
-0.11592452145192489 -5.111200959193553
-4.847516539292844 4.520443839850341
-6.898608005508253 -1.5331513060152027
7.704850571384114 7.645210371805252
-9.422910872416985 6.432382365430634
-0.06133143236134053 1.5649327142785747
8.18270952264487 0.32824313241038006
-2.063935179825263 -0.30717294302984577
-5.895389825602999 -9.206415281784242
-7.0605883004677334 0.8236439397816859
4.329080051641599 5.520886142130873
-1.9397147001000334 -2.0602790450847674
8.268394829112143 9.830168376157243
-0.4272926387699627 -2.951244544319536
1.279320744905224 -2.3156446002266744
1.0060824481900497 -2.733341798495543
-3.4889689833079256 -6.609214232375842
5.679431994165478 -6.448338473225594
8.194713347623498 1.1478553696889708
-6.21227950097081 -3.8762036202365717
-8.929375316788805 -5.337394253286229
1.2450375311688795 -2.1785162006266834
-2.1142092033866007 -4.04852492640231
0.4479639748759858 -0.20140935492173284
-9.56819927345331 -1.2264232740434373
2.290157521713901 -4.368905750849057
-1.3961738006334823 6.389755980685283
-0.5709239635217411 -3.067955788008822
-2.2741498794063926 7.192834292371387
-5.221301992142728 7.716318378700866
-8.84407392110573 -0.8830915781244819
5.873302447570836 1.9708387553542632
-1.6919511061018415 -7.582932895738084
-6.785826136049666 2.990371683514434
0.8439232812730673 -3.76808339412322
4.4641080157506945 -7.0678366692180195
8.011249911038224 2.6161487902340514
4.732480709992528 -4.611134399690093
-2.600820022244969 -9.685688627168005
1.8351433101316807 -5.415271736358043
-0.919535158064102 4.076965361805122
-1.4655045748984623 -9.44219747816982
2.1763167469131677 -6.61384220798981
6.5054751615188415 8.963147189847898
6.872045928019567 -2.426028108776624
5.032932502559966 2.6453760287240318
5.7811105519445505 -2.671072336621984
-0.3505141577833282 -3.3775577928740415
-9.760161371550385 -8.216666210485261
3.901299524077297 -2.8059134268194725
-0.6960244325470573 -0.20315420926288574
7.769731800381795 1.2839242858612785
2.1232916839360065 -6.259440882444944
5.5090616579898395 1.4571574742308187
-1.9830795736895759 -6.592082647379705
-3.440609360623763 -8.133327557497328
-4.0165789293809055 -4.121471869480294
7.173567090472307 -4.118199586004008
-3.0025595377623393 0.4921200859723367
-8.070133882261622 -9.151698879687585
6.127488711965885 -1.625236604216802
8.351684856473817 -6.49512393142259
5.596329997699952 -7.350448465379065
8.917180349691318 -3.5788582386767747
7.948170352994829 6.643480422426503
-1.433844484242485 -7.369551259108366
8.298561576865406 -1.8150234856379939
-5.33253320322832 -9.904159101334214
-8.626342981081805 -4.572273909310418
3.4416226562765573 -7.119456321432269
-9.235753896705036 -7.756622142157907
-3.1762741769641405 -7.603176701811942
2.5592347743552057 7.770722713075582
4.319667844629469 -8.738914192665064
-5.028188552572801 2.9432919025639315
5.829623545009815 5.909820816013429
4.607460202469458 3.096042372485586
-1.4085126833956814 -9.264384277035562
8.164136621392778 9.06975610942538
-2.408589644416905 2.880652371679165
-0.3135417575571786 -2.5145360733450195
-1.8137903421433244 -2.0443599663392416
-1.74328366234462 4.708935633092768
-2.8452390354614154 9.987997107309983
8.829729396748384 -1.78835854243804
2.3553449290740947 -1.7585505725015143
4.497503070655908 -3.1737557596737016
0.20143701069421205 2.9081358640428476
-3.825978079052428 -6.882981931042103
9.259600976457072 4.946136123489342
-2.388728640014854 5.203239248823827
3.164017123699704 -4.901670031472802
-3.3471116677535617 -1.3846437534174338
-7.812075834623058 -5.879551338694265
7.774489292385788 -7.512330121860227
0.2308263323861688 6.097216097352394
6.535893076164484 6.785528254063728
4.128339186944888 -3.189365036114098
5.269452535297061 9.054799933836325
2.765345914146671 -9.446893623727266
9.99984022650564 5.112773087007598
-5.076242347586293 -3.495695879447622
-1.1336238135141095 2.339829077855427
-2.020040485974106 -8.26508873939404
-4.592865224609612 2.9661104276447148
-9.30802103742479 5.73425585879008
7.750208614118389 2.912159411917621
-9.43118935185937 -1.107168210377159
-8.972401005474778 -4.585166128280043
-4.458226488957249 2.608597044297438
-2.3906939708683357 0.9306617426720223
8.467117831976896 5.365100982019193
-4.453631571719181 4.779980907871694
2.4739668624136275 -7.709841960542629
-6.264429154220242 -5.913490424189003
-3.9079328517709992 8.320074344640432
-1.1289331044315016 9.458078547770356
9.761663332952565 7.818767131547098
5.135676853742838 7.1022652271758275
6.088769722694302 -5.1382509288242195
-5.7770037574269235 -7.8813352831919525
-9.87827804887067 7.072829149589207
3.3815978345015107 -8.948467604411245
-7.922583582309164 8.963476977540836
-6.252622080779817 7.488479595569675
-3.9928957939259613 0.9790170122112016
-6.570890683254991 7.396595013610796
9.849156239701522 3.90291205288735
1.8586457315059377 8.283327951149609
8.185929651858839 6.7148299985709805
-2.380149485464842 -5.565887347499561
-1.6527383533605757 -7.746506207511599
4.588605714738197 9.049489324665458
0.7114124628585738 2.7342745945898272
-5.701457367209713 5.895003530833634
8.498744058573081 0.9651731910250323
-1.3113251889967366 2.2905681016883825
-5.517247360782838 8.465574441290393
3.9768205729451864 -2.58867231192964
9.842606960178944 4.388250258693933
4.9127923376518225 7.0995944157574264
-1.1890019305753086 8.339649703571379
-2.3115149637201053 -4.149314400309603
1.0765120693029733 4.516379524705121
5.796457625056117 9.966227947506628
-0.7450111404189599 0.2004040644239975
-8.637220787341462 -3.669899234763651
-7.577311287849213 6.637699741073984
6.819025224807266 -2.6415596644216954
5.277208942560767 4.1358664454799605
5.414904517172211 3.161379074780797
1.701932230049481 -1.6940497436517994
1.1652297679360384 6.277790549365918
9.362642925913988 -6.963665856722356
7.975881371200948 9.17777086787201
7.610598438453394 2.364781950783456
-0.49335117280482343 6.208364218117172
4.010417809609702 -5.977498237625554
7.717072957976267 7.4699216608717265
0.2615671939188129 -1.7104198248516624
9.533591133663919 9.112033908822276
7.627957307113835 -5.21048094782812
1.5052799620604702 -8.854580548962424
4.5605610965446335 -3.5913552268956472
8.652235438443569 0.39281368683251827
-8.723990232726507 -6.743924165356001
8.531452610796336 -0.45416059121444263
5.439958296456712 -7.794798448629015
-6.956129177902472 8.61199321023896
3.2408572018551567 8.748846194504004
5.222793404480612 6.110435576429158
-1.2704602300200207 -9.595355886958732
2.1988116948682404 -3.550076475231327
0.5387000522837937 5.388517796033469
-9.060703242277448 6.920762388451177
6.23581369600695 0.2861359419593086
-0.38748882590722644 7.727150362770459
5.307056617518098 -7.1849577249362495
1.943578410275597 5.176133667064093
3.6823552517363805 -8.914563881211633
-2.271950285843367 9.59189875289518
7.763937544055107 7.8851652307705855
-3.124653743772148 -4.19845308080951
5.222333531602812 -1.3135456788963573
-4.783142585147404 -9.123820584230554
-1.045034362056775 -5.382892284450643
6.712802608658691 -3.944811896601128
4.064303323568792 -0.857962504783929
-6.973697821578202 -4.627330433304699
-0.5931687996396473 -0.31217021371887377
-4.0232465726229965 8.378779564184232
3.935412270143189 4.538741669680018
-1.7203061467759362 -3.0515477318364663
8.671217788175657 -3.957735610632205
-8.001626727086697 0.38297087223191895
-3.339508211757158 -3.741917134990837
4.308220835945868 -2.568127920706395
9.054401572299728 -8.624495449333722
3.880113324285121 3.211304062859213
-1.1328623690055455 -2.9061709597693923
8.041945507808371 -8.706760729775356
0.33424565218565405 -7.5015113286575374
-8.973888487279636 -3.5863926281886034
-2.9215912583676147 2.341827788243105
8.440063979306032 -7.269860308288358
6.75279858935696 -7.32885347816228
-0.06603578285798761 -2.0683956079320946
0.6711580158507999 -6.758438168590432
0.8157766833232749 -9.263988705549517
6.178178582243596 -4.083116291564883
-1.8042556776113479 3.052069528391497
-9.818601395051306 -0.872912655651664
-8.315621453875078 9.590025023036286
-8.588432782972493 -1.4294995436119997
-3.240060531352622 -6.144545170411499
-1.2973204988394045 9.848554984455333
9.43725473516134 0.4848496906755777
-5.281140193426406 -4.123814026303563
-8.403134952363047 -1.9226387510706715
1.6610683318759136 4.066236023309077
-6.699900611996159 8.788465154852425
9.810864767983563 -8.509625151767533
4.400590986198514 7.6814292221068605
5.27639576475293 7.962952378976706
-1.7836892346889481 3.9232855914480176
6.4042690846812995 4.069287798931175
-9.487529239508223 -5.6555063083186425
6.56580436327598 -4.098922360173452
4.320004863146503 -8.354571298966992
4.148687810701805 9.014973244954717
2.7481905061538257 6.210705734364559
-6.5522936516575525 4.501780411140402
-7.942232123931749 7.478198379940654
5.85272535773619 -3.955975951880964
3.1177273372530507 4.7371051406510425
5.32440800931473 5.3365339499354185
1.856737745255634 5.39073699090337
-7.012966366561589 -5.989760656251835
9.31888814867337 -6.418508821104149
-8.264142945420316 -9.7757425655468
8.451907591581687 5.328709666353097
-6.586145273149235 -2.126526745670649
-9.16876131818535 6.320057545624252
7.665856408052726 4.312059088315507
-8.945316160411853 3.897289522232816
-0.6327281421301088 -5.058373256655915
-3.5190538775291635 6.769235198421846
9.475043823065189 0.4660413582079119
6.6639142370416415 0.37035035291255625
-9.217030055943294 3.3841478975214443
-0.8766755446749759 5.038372857282003
-6.232767551621956 8.865180453722768
-3.8854685353799567 3.5745725976172142
-7.336192003744497 9.023189569600987
-8.09071243937277 -2.8186869161547286
-6.115195401098241 -5.8114464871948845
-8.597072281417882 9.412512390265274
4.674271290836312 1.2952812923678874
4.794463173445305 4.892911629858505
-5.382916244510998 -0.055890935999819646
0.0062563384816023415 6.861088181287961
5.57409284934673 -2.7582564478607825
4.18743636997066 9.676256860942086
-3.178005551012923 3.51144630272646
5.7565748460053925 -2.8539562901351516
5.94765158286847 1.7725870022611812
-9.29463069771787 2.819448823318652
-2.1459458601666466 0.4031506109489733
7.004098983391838 1.9682188171664468
-5.957679476397382 7.327622041691917
9.570206533109666 -8.941323697109745
-2.1801991716479785 9.469427557109366
-6.0711289716350825 -3.129480121378929
7.149923547473275 4.769997614337541
-2.952242327621219 0.982855192351364
8.295508664177465 -4.4392888809245035
8.133396639791648 -8.152880562288212
2.256746453810335 -8.741929642972613
-1.8599560559835027 -5.85386528230382
-5.516521830229002 2.218515638731537
-4.680868107223071 6.418959013702505
0.7818307372520934 -1.3279881552186108
8.748084398881911 -1.9174899627397846
8.922409417189009 9.490587823877213
7.5562099271982675 -7.036719542791938
-5.590034232150403 -3.8642353533384455
3.9705391753135117 9.942149086301551
7.697180279480897 7.756380831233908
7.930810985095114 -7.982993843891881
-7.08819330365436 0.5385951825341078
5.4030487394652855 -9.91722531719799
-6.685414508088252 -2.790594905259809
8.5156038318745 -0.9532606927768139
8.625931102522344 1.232304702479281
-4.541522464525833 5.422174416392105
-8.785266648421576 7.094197041936763
9.05037566073479 -4.367918039149339
4.362969681426625 8.337974358679507
-5.323298518771457 -1.0463339795749356
-0.19870314748587958 2.6253435521086494
1.3231412580003958 4.7636062952135525
9.636653023914004 0.07156664272701008
8.778805220795757 -2.784219087016499
5.433371198321211 -3.8734662771092587
7.05263982921452 0.9645920946966697
-4.269095991007359 -2.1898627298347417
8.396780744962424 4.751042078579795
-9.708163727461779 0.4063423125024528
6.466158024873483 2.692190271556038
-9.394028404814392 1.3619826030524145
-4.632073201358797 -0.24087335045196312
-7.542286738634447 3.578268924280936
2.1324756904481657 6.094527444467278
3.4361348576545794 1.143644983941595
7.250221686071271 -1.531161412217653
8.06572471320386 -8.205919327747191
9.961399436209451 -1.1558162547201825
1.1425182012803994 -5.140505096827668
-0.11713686061274053 2.5678868387809928
-4.735390364666749 -6.62118942021255
-9.861440663141023 -4.7596659075162995
1.2712002482071938 0.3802828758616279
5.9388200007205505 8.354364038869825
6.334885967662732 2.728806711820571
-9.598031330333425 -0.5101421719954367
2.0817944026133652 0.6005789268607309
-9.33032310441601 -1.9455400884851208
-0.19710663303959386 1.5374149973714637
7.485378342831051 -2.768878174217919
1.8076261527374786 -0.1798955684557697
-7.788492733831114 -6.10315934936162
-7.124686183165649 7.385616455668604
7.353826110370164 -1.0052563979566553
-0.038652997145849355 0.8812495261736242
9.048305933784885 7.552499219631571
3.179428186795848 0.10114478107776925
8.406095486115056 -8.686752133921917
-2.427977638871754 7.745079377524512
-9.246058535663463 7.284864500815697
-2.5962942510516314 2.307407752573818
2.03565652839025 -0.331775317594305
4.839454866538063 -1.711569763818856
9.562706282483052 9.189161851837113
-6.942324493658476 7.685208982033988
3.0584464258767063 -5.472130529324348
0.7737802202820117 -6.856937906021978
-3.4356318547938276 0.3816446230373707
9.012816259070068 -6.288817704736682
5.606654871552557 2.133279228252313
2.6197890806850683 2.514453400764939
1.6049705837378738 -6.8432998651605415
-1.4985347123556618 6.734634841195557
9.165252764664142 -1.8502949562682662
-6.914906985830973 8.835362661335363
3.522547999753396 5.059868514411734
8.893800936538522 9.915513012045793
3.4871257227814674 -3.4712561149144117
5.088530346346541 2.951728838317587
-8.706587362690312 -4.922134281515829
-1.8050673436999105 7.189483698686139
-0.729100745133497 -3.9983752927803113
9.864488707404838 3.184296055001676
-7.638128449382227 -5.9146634198891945
2.4607783632057654 -4.115080512734419
8.880684698902389 -0.8304042278066639
4.7103894105830655 6.051112844244209
-1.8823046063419078 6.8163594751301595
5.202037426951367 -9.842433850151695
9.610214218991725 8.876133984404436
-2.508824675278256 -9.756816448937776
-9.491597124515916 3.6995041050538156
-7.733024367161978 3.8112241361261496
-2.6682328179631964 -0.9119609483553699
7.371399245198205 -0.3963757851777938
6.189327209977598 8.50365665223201
-4.319657517723807 6.534361976064339
-6.22824034364013 -5.500739576564564
3.693885686964748 3.9673861221081346
-6.152693968843053 -4.075658920666683
-9.581893348107787 4.068059581693841
1.7961734917362122 3.431065449787571
-5.575381143300591 9.804773172792952
2.387923369993148 0.35657810238039644
-4.326032995776236 -6.561408785950005
9.998597099311436 -8.511397362938354
-3.191346783181457 -9.42858186866312
-1.2097228280545984 -8.654989635403954
7.285727719863317 1.3747678829723302
4.974301358337513 3.463474958124472
-7.6665921585638985 -9.699665735805738
5.387628260107801 4.5178311893235374
0.6531604469052752 0.8433594034382086
9.535590681122315 -6.358772520859519
0.17894822848070824 -9.812456434994557
0.29094758549349464 -9.884499232861849
-4.259785216046648 -9.218590552547596
-8.717982715219044 -4.068374814723883
-1.3374198875641419 -6.032560127172584
8.589688905036734 7.6475513350019675
-4.909290500779832 -6.3452541615512175
4.751365338617823 2.720618561742576
-2.425557281305717 -1.2596203787155744
-3.5443295726118906 3.265140922722429
6.35241239418502 -0.7907624619874092
8.154648029420528 -7.613381479231627
8.793517407529205 -6.074715268384909
-3.780087236967045 -6.075421699942291
0.1841936511226283 4.718804054859749
7.418603352351052 7.4693945610939245
-5.427102914542741 -7.169186046463027
3.08369436776362 -4.546908029770995
2.5219107210057885 7.919900190272987
-4.179550552749078 9.641809672118452
-8.167934847501009 9.002879235213264
4.792675413346643 5.016260902795786
-9.967870700717143 -4.750875667665262
-7.732100999013911 1.9129964305094376
-0.7929361378331095 3.090802825917706
8.19746267616867 -9.999640436559671
-0.5613396515591482 -0.9262155981305202
1.5150366908229174 -2.4336793033433963
-6.768247948926245 6.146046663160423
4.818102941410489 6.166780549496018
-4.268027083753047 -0.6016259734530731
-6.623333227393335 6.9137237051185245
-9.226095120826201 -7.176695095494332
-0.47336948187416006 -6.731278780790788
-5.994621290447983 2.378818465506372
-9.683022596597802 2.9145959241985473
8.117394319763235 -1.315380992887727
7.944430148024793 7.18297470996513
-8.154944187057884 2.5121063379262747
0.047119979267812084 9.910452238424586
8.368245783166088 5.202659583523699
-9.892822127343093 5.265402507853969
-7.991330502731633 -0.35554508232038984
-2.1907280872807844 -4.175336912651648
-3.1927840233074605 -4.894155823390931
7.962240476517117 -2.499974458370531
3.536369052933658 -0.5480459781314266
-1.6726171638047802 4.973623546039626
1.2399304273129808 -2.4418276957578167
-3.8477761453728077 9.245286990076732
1.0504678804295704 -3.473051480019884
9.447954224133152 7.618708871461962
-1.7581949192395836 -4.43225371389278
7.678525179079369 -0.6991600420748547
0.35815308034256077 -7.144822501104812
-8.345101876961374 9.590780982260583
-0.5734328461360843 2.515504632768268
5.130515767068644 0.10304243872695551
2.7913752277350827 6.171102268206074
-9.814067519390036 5.577761183118994
-3.9371144839610484 2.8932561659628355
-0.4491738439637203 9.567590053677925
-0.4348592115713412 -7.811165297611624
-0.608315769313915 1.7339201376462121
-7.663608459798357 -2.2144437695385166
-7.9922788658317145 -8.806136572287379
-8.491307151457196 3.560353355183244
-7.695701298851077 -2.309314984178725
-1.8379722624994077 3.6897520387489315
-4.356020278516488 4.506888353001436
-6.480293986000005 8.696493212931742
-4.282304111592278 -9.787313077745845
5.040908178574476 8.453560299168963
-2.9079117266356302 5.078691994683114
9.633212644163983 -6.752970564141087
-2.814189833130099 7.922128583362465
6.281983517666539 -2.7560750226057635
-1.1958515537492875 -4.722301304106984
-8.206310759776485 3.8668866119779306
-9.800984723111423 7.147294242414482
6.83962196959866 -0.4886290423858668
-4.288528378910399 9.327440944345689
6.017757253105749 -8.674598690103618
-5.43011213300765 -2.686609459285725
0.4457819585150524 -1.9239220976215492
-5.717905328957493 -7.382933955801175
5.691243952842921 -6.627112305593823
-7.816067932221493 -3.926583123468901
-7.527601374520938 8.418494815042479
0.33002174043368626 3.160179984974061
0.21365388865140567 7.226350946055614
-5.177950918491952 -0.4969952429831501
6.110239609289753 -8.740002891977912
-7.888008765779631 -4.840142750813639
-5.677871182928833 8.429761781244384
-5.161442291553692 -0.9364222939752036
-7.278395700343161 -1.910782058355803
-6.699328863341359 -0.6524736408377496
-0.8071640098496502 0.001490410593818936
6.075020513005075 5.31655268200095
2.842370272223162 4.661171785985696
-1.4536287824248202 7.704713731079927
3.3057848092123194 0.3660095589093615
-4.629255615341967 -5.257632175406728
-0.052071698480151696 7.39807440579429
9.346544586193776 1.0269282359704306
9.287641347345104 -2.740220380896279
1.1071513653265281 6.557170365730201
-1.0831591942592098 -4.808792430179521
1.3458672035663906 -8.586514836785412
-1.8688123832712726 7.735766770550086
-9.889752908607324 -6.831724948673474
5.921405744019044 7.518046990351223
-2.6969410894111334 -7.826961169141047
-6.1518767041268045 -0.8938502962739321
2.5745125811390146 -1.734912058593645
-1.221758925459099 5.369141566301343
0.20536370177294927 -6.7693584400476015
-4.892318848646012 8.438502977409165
7.7977004418553655 -2.57172911875246
1.3840952938351574 5.491892976701244
4.582134383963583 7.597476472678903
6.600693830491732 -3.732989128059061
2.3114526324860147 -2.81484436817669
2.6922101376554934 -6.329063869582083
7.192396001066175 5.3933142773593765
6.846880140239506 -0.36319061089135474
-9.477187399127779 1.965102620913143
5.948131595561751 -0.3378176198192957
-6.954624092016315 -2.67182256258309
9.872970726992317 -3.5165254981941203
-2.0442626826607597 -6.271219542701996
-5.412753196203703 -5.601802519738692
3.3004502272117406 -0.44365479242245165
4.036031155239282 7.516044369368252
-2.534772720955192 -6.62791218708112
2.6327903065416596 8.061658486725275
0.260826594167078 8.469081250604528
5.153420359856609 5.5587837108213005
7.8594354292708815 4.825270368183446
9.95817273180452 1.8456606984977864
-0.976064690217747 -8.9968146157467
3.212317685254849 8.908452378857547
-6.938700388954588 0.7307608191825228
-3.066849520205963 5.137802205993488
1.2049673430798507 -7.16976450095832
3.230818256284909 -7.760699554365327
8.359061044163198 1.6948531387378445
4.926067698394842 5.862374336381466
-5.4693091364294055 -4.642670717534234
9.479412961415186 -7.002858144507278
4.745960956424696 -5.724363591133845
2.068848625322664 -5.253968619400697
-7.3189528659505125 5.097762652436067
3.7593518372644503 -8.47885843319174
7.0599931118925845 -6.183732743287251
-1.56200499776131 4.365726713684854
-8.917033615725629 1.7706652790227118
3.701658253966988 5.674035559397446
-2.069754958367172 -9.67469732352721
7.275597395921494 -4.381936917311677
9.130446466021837 -0.5266690956945119
9.222720794213743 8.642377181724022
9.458926347739258 1.0957598055995081
-8.624144841979707 -8.526275389129605
5.46949235763079 5.173632150696099
8.747958100788363 -0.8664437581142792
-4.575389871429323 -5.6646365787021535
8.09295421069383 -6.2415301540628665
7.346321376610469 -3.417747981769807
-1.428251298982575 -6.282702882904784
8.85130548154234 1.6315397193832801
3.3824108550638687 8.425050746392337
8.726425513523616 0.5133077325577151
-7.538391878062997 -3.6859302531270632
7.2567420489925 2.620791255542592
-9.375444272838337 7.219186499623888
6.4103365214816215 -1.2831191005416738
-0.6759471973223476 6.25013640298069
4.611503673282741 -3.533032954611839
7.875195934297082 -6.07491289521125
-5.529992458882296 8.570164025441784
-5.2041627081533415 -2.283279096411997
4.102144011565354 -6.870861442330137
-1.9389186639763505 9.396766179391268
9.72638265442366 -9.387086563128504
9.261697563429308 7.702006349018632
5.539016795666889 -2.011309538164097
-0.4385994371772455 -4.795593405274645
7.234998207319666 -9.149545015673638
4.453146785863948 7.60057160774786
-1.091995755896896 -9.970874743763872
9.155125507506408 -8.090380875812187
-0.5377095596860482 -4.632542402893673
-6.884749724124268 9.73063670675674
1.1225966630021649 -9.265229726636896
6.235193814604642 4.856012573470533
5.035838264908108 3.001996473386164
-6.298116671696348 6.161206355351357
-7.2113290638238166 -4.520308557984743
-2.8537563153414265 -0.565419307995203
9.622152353735675 7.53276051672745
-6.228666445250384 -3.7623290880640763
9.185895775625134 -1.931604194166388
4.328350361202125 -5.8994786086086375
-9.480294195325406 -0.20495931920449095
4.204294369168904 9.365786638343948
-8.397562832744246 -5.499175819881401
-7.94899130534128 -3.703422695257343
6.217316704519536 -1.1906446664620631
-4.288679821945762 5.841500666842698
1.461500287812072 1.600401669463956
-7.668122197531739 -2.9460649688242864
-1.3675888076555012 -9.133969700916298
0.018591622572918354 3.514260811192422
2.110828664834221 0.8638263635045895
6.5232707673583015 -6.71145418338676
-1.571629462276281 8.275159824815223
-3.547963681089847 -3.288336983337392
-7.407786528547962 9.12658277625707
3.8733022170662874 -7.16702850617994
0.708615872622719 -2.3311675896394224
-5.658107200331257 -1.7281807468320682
2.830648284149511 -3.0605801296718482
3.6660828979463673 3.9419752129703163
-7.440171333500114 -4.204130529779215
3.7748922583687357 9.72641681771637
-0.9874132712783439 4.694457862699483
-5.9047171393396525 9.333227792067213
-0.22729524623036745 1.1741292662481264
7.09834769733429 1.199988847986095
3.590071347249289 0.3400730646040877
-9.206728056424506 0.09253375085010163
5.3376395746358885 5.483338640102083
-0.740810942339893 -2.882797541392385
-4.911980099749352 3.757590317578165
-6.830282437784736 3.6048738771305455
-3.7866029822450598 9.631424478124199
-7.220882612681634 5.540314741479019
-0.16103733969192469 -7.646869126382367
-1.6327753832331346 -6.1943990441536005
-1.1975953064082354 7.76118682089027
5.136740253034883 -1.3545738899532385
-3.7100402143539934 3.2714465978978335
8.768269242280276 -1.4325354245531035
3.363705166832018 9.266906861366785
-9.876655696191142 0.3935687889008026
-1.3622845780151156 9.449391644091104
4.646442553487045 4.492806836078811
8.986528070983677 6.348429782302038
9.760417593600863 1.4407839489034906
-8.337209803341683 1.2522716002966519
8.182277576709204 -0.10117095886019278
-8.573988147584634 2.5456869739537673
9.678522204533827 1.5718418894279083
-1.2534397699767634 5.447696848246252
5.629699574754152 -7.748584359022804
7.6784789105718545 5.567982779442332
-4.191506730481254 0.14499690402372778
-6.4259690526726665 -1.3827676581719945
1.730781510169031 -2.356095451204137
8.189218651020504 -1.1302143095014134
-6.808059347359565 6.211749587613628
-0.12198589446789576 1.2923800875537665
-8.150454578706242 -8.504509181155155
9.408397478587538 0.14402806581959204
7.567246537904179 -1.3534109659354794
-9.411177189570573 -5.244535650868096
0.3841548786213149 4.309606362765944
7.727483585425226 -0.8963839600159869
-8.995088127519708 3.4130046459806618
-9.3650570072211 -5.679428619260511
3.9680619608522925 -7.811453513823981
-9.481772145652137 0.7604015479778887
5.940239237812081 4.872360564316827
-0.16594260116714388 8.42324809763522
4.275979162118677 -0.18876562074952474
7.090101475774283 -8.811894584663394
5.046571899248818 9.847494691936703
7.7046931850700915 1.9557899767527651
-1.5190074622453373 0.7029532952419295
2.1759796293722804 -7.120040913071541
8.313078272757611 -1.5469118336873926
-4.476162874160121 -1.1758725196802757
-9.350179454258388 3.480491756919374
7.69631220115604 -0.8893580026607744
0.2443352257136553 0.8343408994345509
-4.646403787157434 3.025838130258524
7.484283320077758 -3.6451275171566326
-5.136321096362377 -6.946698701125991
-4.135270547320966 -0.06325204590038425
-5.05544705796551 5.338702715544461
-9.697700702745273 1.2119011909735704
-1.0848200409424926 6.820287886549455
4.078277657590419 -0.6368668919137281
5.426841383065765 2.503463116126216
0.9962649681752396 9.128444199536592
-3.447804535978549 3.493726074042957
-5.430832823956624 6.427953055646952
-1.0824989629279802 0.69377328743861
2.447322569484591 -8.407024028062962
-8.769822295382621 -3.704416643460336
9.751699940074452 3.795598081653095
-0.7555606032283873 0.13389230871584346
5.730536305138411 -9.444626186748916
5.572755473880463 4.635897228905305
9.045092802258921 1.3455540489996114
-9.891793899773315 3.4034577204510192
-9.834070881317139 8.720565589995605
9.006892003528502 -8.694426032103372
3.9915697639633407 -4.462863240666481
-7.363363323116962 -6.878043580612363
0.9562561430169598 3.816762786905839
-0.21848557729235196 7.291724060572655
-7.403762247602872 5.279525636624999
2300
-1.3503056838425778 1.733523715290266
9.965619753044944 -4.663694192247567
8.448526268664917 -6.263561988423021
7.066224850941655 -8.094811772530653
6.0927428736745455 3.5726333805670425
-8.683339078895822 -5.022848956923136
9.719529289667548 -3.3044292922154455
8.700054908017744 -8.759303024524812
5.982391210653615 7.454180438866615
3.058610100413148 -4.689796966108548
2.1455221582009045 4.528437345845042
-0.3622739656395506 1.9776179827784013
-0.5210918167770799 9.219869225226844
-0.3277771287345743 -3.8793642191088162
9.305795405978852 -3.107261312451259
4.9626790571118775 -8.558773593208445
-6.469435820081935 -7.306651286008796
6.074764879695241 -7.710154595370302
-1.357035395453936 4.718202392305335
-3.950098192627081 2.021305136676313
2.6858458177193363 -2.768427146291015
3.1603606516590226 2.23530689753302
-7.825133022153066 -2.1646834682046663
-6.112179723714011 4.006402902842652
6.3713265872304135 -7.047920649695687
-7.378954233905257 1.583860845218723
-3.4327989862936565 0.7690111616308908
-5.711514554263046 7.187777403014337
-7.081163622523214 -4.15349132325858
-8.430424344202901 9.19549634588693
-2.568780582848122 5.296977785079573
9.471769788293326 -3.064749108339697
8.091256363597598 3.2543032091082065
-9.32545008820787 6.588975062462627
8.52670215606571 7.513993957033335
5.82529345350377 -0.9380002222207651
5.9367059009593675 8.018567402202894
7.715851720047649 9.421904351714574
4.458510160748752 -4.997943699428166
-8.523313750051912 -2.1211473998344825
-8.656792698537616 -9.105125770199539
1.8418382586731692 -5.1332841534901625
2.140878156622101 5.547299659839119
-1.2270946558496316 2.5336189633423274
-1.8905422043037294 3.398544504176005
-0.017353820859364433 -1.507648263263615
-4.09840148956178 6.943198381767466
-3.824974354549324 8.743068801591853
3.568925626470797 6.053486375411026
9.003740253569074 -7.406200186958571
4.922883655884663 5.702979587823316
9.729224724735918 -7.323151276237816
-3.3961983366847743 5.560292386911382
-1.6833456714190689 9.340785066956755
4.97425755689437 -2.959069934365335
-1.3127325838233244 6.4269388805649115
-4.299205605744518 -7.7157795573768855
-8.021649574844819 5.909211567613795
4.307038412010456 3.655523751128749
4.158599828524132 -4.778551120467314
5.478756974075008 -7.342718281879639
-5.541703159278811 8.153094098783306
-1.8677651572616742 9.055106553339893
-8.006574715569542 8.204686447224564
3.887741250134054 -2.6009611527563763
-1.281192008919728 0.23651776627985122
-9.377760122960959 6.193936577296675
-4.603612462813191 6.505235488954085
0.6603746375443205 -1.5375006243188594
4.2419759630289775 1.8951217416752861
3.6982644390960075 -9.371435946808194
5.808854445845524 -0.4693884437238651
0.5142118052316196 -5.543936423058864
5.688617706942036 8.002736255601782
2.165892039601104 7.722471140074617
-7.191326062666872 2.239556876667365
8.154227694575031 1.5977817321008914
-3.0873011413942457 1.3829763364738152
-5.5764588295793605 3.9718193199924876
3.1061217496243607 5.446824715122197
9.011011963515038 3.222880981269082
6.9850535465344485 -8.599350465813826
-2.26180317088974 -9.094826599356109
2.3701930783325658 2.9728770162687788
-8.7843015725566 -3.0606178808689677
2.6503076020129512 -4.307349111811898
1.0810267221280228 4.709600760935357
-3.430335074004125 2.863625605476333
6.769226913330083 -0.19011560131691851
8.698253741811609 1.0854719035090792
6.376699624214282 -1.003062502673373
7.284502156373392 -0.3531053301890701
1.123908668412838 -0.3932818813199681
-5.895184838948846 8.936572568878724
6.154458417980173 -8.129912858685692
2.869848318124241 -1.1543876211343989
-6.197094316126135 1.1760336059613063
3.3632490556179935 -8.104335759383103
7.438021447041379 -7.789421787522683
9.960458367253882 -4.666534610242213
-6.002613434497681 -7.131276217491644
2.1602267014961676 -6.2913445218620945
6.325739002148417 -9.60438320352625
7.6513790129862045 6.254922990299015
-5.411075815702522 0.9998600891886138
5.396082464973908 4.339519321876226
7.427242323599785 8.96861721551533
3.92401232107102 -4.381049585074999
-4.783325668735518 -9.574389985481343
3.902957796826227 2.5752889491060422
-4.263477330675965 4.562548167254487
-9.25126256948731 5.657094016718977
-4.8969435217276995 -2.7382761123987347
-0.35831389404717306 -7.924376314825821
-7.397914543532876 1.98353941007991
0.37899482555328845 -5.410623637678523
-5.5106379158951 1.8816700865430018
-3.3437048025980554 -7.742255471288145
1.9145495815535796 -8.695223545286488
4.607312201712288 -6.772992149340052
7.906100876776193 8.55801696392166
-9.222665742004299 -0.5872707004183138
9.002892262864929 -2.467370961725197
-0.9722671899030075 4.4683574365787635
2.715554205598929 -5.69861969897262
-9.681712157651294 -0.7650834138265754
-4.096399342885739 3.1075231093641715
-0.11099931470862678 -5.032626163069058
-5.114306799827966 -0.6798507506682121
-9.626584397996815 1.983165728422719
-3.8797715055208144 9.784171445088873
-0.4529700644747887 5.194090834178711
-5.796347059817785 -5.350925701270331
-6.231426724086042 5.442156415954498
2.4440895299551 -8.551993879393272
1.7696375322991926 1.5984405472390133
2.2291231293164024 -7.4352416026677925
-3.4956661497469144 4.709090993142437
7.543860577617643 7.772231372097963
1.1431778702510176 -0.09287728004417062
7.212934725210857 -7.804037309453307
-5.959259557948746 1.6188854121331566
1.8747439317641597 -6.093340405720982
6.056025433417393 6.172126274283652
-6.4984919452066015 8.885633165853651
-5.71568873036346 -9.60775278646112
-1.4899602577304734 -7.4963938887190285
5.576434870905873 -5.541967418792398
-5.330745325130771 -8.376638924003831
-5.9917741901354375 -4.071117906858904
-4.106037341233371 -8.784481596316391
9.931085474694257 4.52010492447603
7.334831406626659 -2.7408129736273974
-8.553225405345886 -1.5510190118003244
-7.105712803844268 3.0497400593444297
-1.5616090708728354 1.2382787474934336
2.895450173947122 -8.98583246894486
-1.9040672043636313 -4.405150708013588
9.869013877938865 -8.230991414291468
-0.9587224631116236 -7.076842240820474
-6.359353148618194 -8.350366073715783
-0.3220660623502436 1.852474495865934
8.180055437484317 -7.144373055765607
-2.513581379357504 7.091146944250376
8.479419514142641 9.920905453449635
8.235517841672198 -4.085884181163182
6.640729060905418 -7.112054219926664
1.569168239378559 3.716442756311766
-7.421124634853085 -0.2046561956771864
8.507016493383318 6.7363213924747996
9.182217723297516 -7.9529597032685295
-1.8251710579675784 7.194588614387083
3.949676232528896 6.851891912320028
8.607704161571409 -9.63649358350819
-5.8322411987128735 -6.421463531165504
-0.19649492901115018 7.79186265639796
-8.95009232705899 8.019082572141862
-2.7737195919855644 -9.516386779010602
5.37746646660006 -5.844046481569507
4.80820752315546 -1.8910147432187934
-0.6727501454831426 9.985804616212665
0.6652214392473077 -4.44745030341354
7.551582703446691 -7.3051872074229385
-5.136964258980365 0.4331129957577584
4.201059948899928 7.887595301051867
1.1205975822773322 3.0076120760200205
1.3858691368402063 7.208377305963193
2.055575865818577 8.091238611027517
0.6447221029467105 9.528008505490178
7.2480318507222705 7.722730121159614
-5.457099386898683 2.6135822391258436
-8.92065316855472 4.488685476283756
-6.567422535198646 8.502771855204557
9.614308230756723 -1.9047748905787092
8.699736938330961 9.211364912262503
2.0785095653154695 3.2354250297448957
1.7393588258361863 -3.060326011002685
9.465209592910952 -5.67101041362818
-9.194586039493036 -1.0089804324991292
-6.576916347971579 6.639430952808048
-8.571346826155148 -0.5198926691182582
5.803901189154011 9.794728893077028
5.279223887526193 -2.5465663519592496
-6.603741001603634 1.9140898089348788
4.814764948936713 -0.4795624188734031
5.867904013385235 8.500949225978982
-1.0595591056785825 -1.9419850725813461
-9.360067855861898 7.839571772088302
-1.4453419466363844 0.1073896497779625
5.1444696613920815 8.044761899158758
-2.6027999638120702 2.4514322803420363
-1.3212335919094862 -4.124536132419722
0.28101870296149123 -4.241015601038873
-6.598014845262314 5.419545705605358
-5.767533602795913 -8.343930083706264
1.5252270769164937 5.3049331235041475
8.423321795568246 -6.644305598311382
6.091529523039608 -1.7107026863531072
6.330207960389888 8.601468112118692
-7.259354019258151 -2.978168162314021
-1.2084387964339456 -9.229573415588616
-3.9919350690120536 1.234910665489025
-8.447949072136026 -8.267912976823222
6.867764220761565 1.2271461863334583
7.620455785211831 -7.741715239061926
-3.3782838136817244 -9.566446192832112
-1.554262776394527 -8.50608666220359
1.7780402780920657 -3.6071159232792542
5.036074497262298 1.9868222803946338
6.406490007236162 -2.5394679572575534
7.007432120477173 4.518926179221847
-9.148244339892704 5.694821328687393
5.43026211010589 -1.5976125421668748
1.3512195327641763 -8.866181646740586
-3.504332274918207 9.766740018212456
-6.270813426813746 -1.8845074256023597
2.0105694239830125 4.6798808886237495
3.925063930046335 -0.00912858277205153
-6.52114952769451 1.018683917989378
-8.326354056022252 3.5226906075303397
-2.7493652068895047 5.3692722597426155
-6.127321546767359 -0.21667835127198742
-4.795075102387541 -4.687485462943679
-1.5593866918772665 8.538356676072212
-9.042629054872414 -2.4424265734724564
-7.108507923205858 7.515254457887888
0.4053044402835795 3.4363061126265073
0.770501375362155 3.6855174343737556
9.093232073890889 6.872579224082415
-7.252276688926442 -4.808208332684824
-0.0405111498230859 -7.0543461866589645
-5.716045123013444 9.90638769770091
5.3278462768672625 3.0558004065633053
6.530465599512773 -0.2992017313528894
-2.204143538735746 -1.7655493986573312
5.811716324123337 -9.956127663353245
-1.7451534660148287 -7.973671083265355
2.14522290380531 7.615614571104633
8.697697567610067 -0.31354738846009766
-2.4399153926015877 -4.339306270220613
-6.855795702633591 5.908118728455634
-4.419062144445727 -6.17168253587238
6.252332605805201 3.4113458879302723
6.206478510426734 -0.17714340115758276
8.5418743442075 7.991203428126465
-4.9132615139174 -5.35205093760089
-9.481260203937014 2.8647709636297485
-6.719317083703665 -4.538210465365391
8.981051471619388 -2.797367052946793
-4.862473696232641 9.822868824582393
2.676130492039455 -6.053110536004351
5.894070750182102 2.210086715021987
8.137390203054352 -6.3609264232177125
-5.076207808594857 3.018540347626221
5.503596733575298 3.0550267935218027
-4.539307351427233 -4.208624069436729
-5.884276995365713 -5.892483964153641
9.681506360154927 1.8960594772786354
6.152736572306054 9.794894704915428
0.6006396698235186 -5.001961122556837
9.604616525727057 -6.649485862587365
-8.643316704079558 -0.636850398584496
-3.4951411812223316 7.170621131933391
-9.913997191099558 1.6804485478663622
-3.8855911298585166 -2.2092252209701453
0.586476162507326 0.9207522531537293
-3.475291904084834 5.38757445753056
4.100718957313154 8.572999104815974
1.4723031917586855 -6.59445691756539
3.574889036718387 9.326017246399566
1.495449400521501 4.8363496168195965
3.1892448630821075 -5.705423270904828
-1.0698026780899195 2.123309903325449
1.3252771164486994 -3.938649986543428
8.886466368058429 8.611466572935257
0.9029021440672569 4.571509631839454
3.4585966046888217 0.2673496602130587
-2.7938163608099646 -9.55765198275114
9.728483829065013 -5.628405050808722
-9.518897407114943 6.940123626257403
-6.382767236877916 -6.561453044666714
3.0271695183532987 -7.424655291412005
5.31861047732853 3.056863437375428
3.982727475236601 7.584354728458386
-5.381293515404401 2.8048172030183274
-6.315840995877766 3.300733775517436
3.2082299751312693 4.710492463536456
-9.86702690644223 1.1351662384562182
-9.361834515984356 -9.027410447462941
-2.0017180123061245 5.803548446712375
1.271181318325267 -5.973436276720245
2.2440271079526717 -3.2990275146015513
2.0027823481006664 2.9587460120742985
-0.04678987640467369 5.095065311737583
-1.6291030989246753 -2.9485527825387177
-2.4902101792560627 4.942188443167684
-6.904281089014241 -7.068370360771324
-8.30871664050208 -3.813150878520391
8.160371093199977 -6.511347456207604
2.585246671171859 -0.7073188072431762
4.016800349046193 -9.739555100449213
0.9473344023393651 9.28787566185752
-6.752415004749938 9.919465369978042
-8.373571335943915 -8.009115236055566
-2.7779076452578515 -6.935441527886073
2.5621195594605144 -8.464130370268904
4.4820060095662395 4.163748480034965
6.510208800359518 -5.48392842937647
5.206170176700592 3.11965016915034
7.391874728959522 3.005479263088443
1.9479225245159952 3.8021740236072112
-6.227237750045537 -7.064024455107356
6.436998639621322 9.66355130311478
-1.8869463262427661 5.5279422155895155
-9.56375225355368 3.456467566743264
9.439015486204418 -9.824231731858115
1.6764293254243885 0.9416587854924092
-1.1776715175123584 4.1525256997514255
-7.604352855749061 -3.223524233815141
-2.0971443098232534 -8.835561794827678
0.9015158255876159 -1.6538399696596446
-4.171742135012222 1.3861401865523497
6.055138759820636 3.332557587239627
-6.351319744780712 9.049970336290503
4.414433990279118 9.286705268037942
4.582271919523732 -8.409720392552465
6.227380006348678 9.774235217548497
9.92063838784522 -8.631572656137394
8.34952345401867 -0.36773184132355397
9.895439123978136 3.6140757595203503
-5.746378965017165 9.331702301259913
-2.1347569146163625 -6.860607737272922
-7.927511269884349 -4.382026975544331
9.777745933996464 8.246237647248766
-0.7462599962145227 9.663501143841394
7.129670036300958 -2.106559544648608
-1.1820870007855593 4.634802278033888
-6.868059755566587 -7.577732383921041
4.534074836694085 -7.706594969925584
-0.48833507780192775 2.212728444331054
2.8063289436920176 -8.43774453058207
-8.465649271447957 -4.399252758357419
1.3858720307055616 2.3177071593919756
-2.8335772572269713 -4.141457380056888
-6.786888891868948 5.431782953617091
-4.959537164892507 -1.4005714404226381
5.79171758141284 8.580203648870505
6.482795819936918 -6.997919653630995
2.9461554515157022 2.8187281382588374
3.208304392946733 4.995909002899619
1.6540187062347833 -1.3847583522594107
7.041159194342345 8.928447831317381
-6.105931889829918 2.268945935485714
-6.018551248665971 3.593800475985274
0.7932532369180496 -0.8297603298121068
-8.991649899809689 5.224058490733277
9.185059518542793 -6.116437937397481
-5.383648667512828 -8.522385611031817
-3.9983410720796737 -3.7025968072070503
-0.35287230206030884 -0.45235214388254974
6.897184278668934 -7.383601893486862
-3.6015103629246052 5.120097313686365
-1.0935403771200018 -4.062735135808224
-4.2547286620004865 9.714362651120766
-4.826257797899842 -2.6896462639382257
6.092241121793926 1.055382626066761
-6.6110579531928115 2.5632312024951815
6.250091218619872 -7.844240712013275
6.0065011318289585 -5.72015279646741
-2.119336780194887 5.595565320795835
-6.912317199471598 0.8866888723223987
4.2843116369732375 -9.765348058725287
-9.41614653154545 8.784256530749065
1.3591357207614294 9.707139513915138
9.049768061742004 -1.568530888244286
8.639219520641099 -1.303594214906827
9.97080840048337 -8.789913986431827
1.338903345155611 3.635503695229067
4.917905009309431 -7.826030984887149
-6.892895308456586 2.9492468743319264
-8.200989543764353 2.7286965045952893
6.150110863960556 -2.635105608402881
-2.915465527596317 4.3022934147692204
4.804461349033634 -3.0699554366523714
-9.6474549999216 -3.076082472512411
-6.661377039881957 1.53393244809779
-2.259773604325021 2.4289711213584013
2.2592871668895516 7.174758138416962
-9.891939551594845 9.997882293994195
2.4914157843294547 6.908122215806586
-0.551055590506822 8.852928639858451
9.309691419405905 0.10777076767623939
-7.647852843279901 2.7281650587983446
8.951983431577531 7.151116883935256
-8.695229141173279 -9.481394338227451
-3.59666206740191 -3.2810005165972527
-9.47064045465815 -9.991498839830887
7.292204256980117 2.1971978109927974
-2.8514319452407815 8.456484603699053
-4.181912079182563 -4.577794535453464
8.826334961978432 8.976289814802072
7.619497067790125 6.315538798439878
7.387464082768265 1.5430445927487852
-3.4292875461888066 2.358783616785791
6.022299136746497 -9.877560325592663
-9.4015804228011 7.659793958704839
8.303083427572503 7.702625522608571
4.015146679419763 4.833084764087296
4.983954120894907 -3.1322260486665847
-2.9061326172640918 5.720243679828194
8.75456895875238 -3.5954446778063414
3.516200117907175 8.242513831567646
-8.738191763155703 9.312855696636003
-1.6250868313965565 -7.573668612063907
0.6333121493826503 0.5866899240913739
-8.157099934030716 -0.9700171062164991
-1.3078062111407078 -2.3270396519419645
-0.7035520449171546 9.134080883467636
3.6999371980000717 -2.895981840275537
-2.6843283277714765 -8.276348264119278
9.975299544284976 -0.9897107799717624
1.6979771095770158 6.238245636585518
2.6836004158724656 3.3336244474181314
6.608176257101178 -6.36225400200336
-4.807789374427571 8.421201379984893
-0.2527809919777173 -7.972009493512755
0.8278527446105315 -6.914388961561153
-7.23285424260395 -4.817811192117183
1.7185793114358372 -7.902015859344451
7.998273849159034 7.362811987381914
-1.457745317847472 -0.09805190503960226
-4.286456806750849 -0.9615148349591625
7.799345990797498 1.4031371615567316
9.961528843657469 3.124257079388501
-8.526998121637044 -0.558753224009509
5.2982203700898705 -4.53615312676531
-8.289144793027317 -0.2198453069916937
-0.8729355103885297 9.242196826307186
-4.656911667853767 -8.12066328527483
9.14260370548909 2.2776455388718126
0.6397727534101776 -8.373155902169566
-3.661354148713743 7.619755972479172
-6.935496077889576 -2.8908056974759866
-1.8362578146550455 0.8136068047286393
-1.0863227933632196 -9.308626971606568
0.3333054482412052 2.310580862296163
-9.464041423460351 -1.4969977909949854
-4.876478023289876 -0.6155253903288518
3.002248602342803 0.7781767841374112
-5.502872268588543 2.459826302966439
-0.12022600716624154 -0.09645207581632675
7.570961827883831 -9.268779478572318
6.3888861463625055 0.6374630071411485
-6.416065285503905 -3.2148090049342004
-2.6975631100961888 -1.8570494452091424
8.429229129305401 -4.50719282846566
0.2172395540099039 -5.250869938118181
-7.175673318148674 2.694729531808907
1.393903731347221 5.333717141021733
4.127868612023294 -5.730375924777185
-4.234956042601629 -4.497904064959131
5.1493814258707005 -1.2162400261806727
9.62238214158845 -2.1410152178627095
7.960924558973904 -3.5466422574450096
6.522228782418011 -6.567028744228576
4.82320192014666 -0.3039812536808526
9.420089301514949 8.938460802317923
-8.541861742723043 -5.686045939028372
6.2566552026050175 -3.6660789033966834
-1.7825432300359285 -2.3153455174233306
-3.3263425953636716 9.331761223177047
-0.3093195201332559 -8.422139974834199
6.081614269835541 8.116832444419103
2.5397268910399777 -6.910220872045594
3.089757615062293 -9.584708594934286
5.293684081490788 7.061032650527046
1.6954869949918603 7.004789621626756
5.1557954268123005 -7.09324912701083
4.782543290942096 7.476718689834218
1.4657614949729556 -0.8310553417402016
6.490152021243706 8.173780031978378
-3.04243176419285 2.8134500355640686
-6.725559037137964 -0.07640532139234146
4.297632295199518 -9.955053430528292
-8.674920269484856 -2.7183849737048256
2.8770517443889947 -6.622774420093929
-1.9307547537153056 5.538398521413708
-2.0864611077254853 1.2677427882844903
-4.058221534291451 4.159578638125097
8.303172365622324 -0.6230345522264393
9.067430296488187 -8.725203451447
3.8169443346502554 1.5959072655441364
-6.241328783746991 -2.399875029987548
9.53271546243473 -1.6448606045167598
-0.8461485752930304 -7.434258088765098
7.837889748804251 3.918683062740442
7.037806282028445 9.507821479402448
-0.833609200489116 -6.704341269211367
-9.868199741899966 2.3218229677485365
6.276484709247754 -7.23602114642675
0.7507096771873769 9.126396553533965
-1.204569229046072 4.1449649686227445
-1.9504539188260317 -3.109359049767799
-8.75709300764574 -8.365709053240533
-1.2954199970855775 4.351663412206255
-2.9509844919948307 -7.464328763758141
2.353239845022461 -1.3542895567483768
-0.37050405148763943 5.952723288971489
-6.337308326759093 5.7560472602893284
-3.9051731527082083 6.450138090265064
2.0583234390356058 6.687907249596567
-7.696079643623084 8.222235850574638
3.1604376271008903 -8.63984974822248
6.446968242251124 2.3772531327554915
-5.4929895265205815 -5.8395462505363565
8.864143392698242 -2.9147652889313047
5.1317840661695975 1.559624299557834
4.566492292927585 -1.7860151255179417
-4.590921244036745 -9.735871805984125
-4.065721131362478 2.9170255062610213
9.414437480152205 -8.849679299574316
-0.916881264626678 6.175620680426523
-8.175975646610219 8.2345901628705
0.9748755792889838 -9.124480523415597
3.173132275665724 -7.577828307874775
2.5367312210672104 -9.384413258297386
-0.5511468353395532 7.613896775795375
4.61769126716697 0.04363176907225608
8.814735812548733 -9.588490406082418
-1.4064244440586364 -4.181807708114944
-0.8237208119673625 6.474426663590453
-8.044520428300022 -6.622010814224306
5.9577218871054445 6.867027509335625
7.639625322201361 2.3479009602393646
-0.7250434556918322 -7.66638537927582
-7.519204797443519 1.4043579383050329
-5.935797148592106 -1.5277297953658078
-7.131241424354997 9.109408434312463
3.957993914535125 -7.131088579745734
2.403820204330403 -0.17181498561665798
0.35852426264578696 9.37712556805922
-9.805228541699577 8.89831187862196
-6.422673994869776 4.630218154744025
9.855326446346986 5.394936767577967
-9.698949340906006 7.385721518162349
4.763421766861944 8.35827660467982
-0.9061945415436448 1.7264626501747031
-1.1827540247100128 1.4656237223696404
-0.9243918083672558 8.478314284530374
-1.1528602254381877 -6.2343579250664005
-8.365507340851565 4.277747947978403
-5.383571458055039 -7.453352528935127
6.268811330257492 7.7076070815217825
3.3365006269056146 2.1741866793966977
1.9205876324142679 -3.2280328736492647
-4.414167119547057 -5.023099101719737
1.8548314491309092 2.0010591414196774
5.510280419954192 3.72469304953502
-9.662403944745497 -4.120985205296606
8.662050979382695 6.761574479541398
-7.6609720170197 4.344640992962738
0.6252656516865471 -4.474441668850167
0.8148799808257436 1.5639117076099147
-3.8521721459482805 -8.963473910892759
-6.141033497620665 5.727397073579102
4.8180835211735396 8.678836904044054
-1.3028603472233122 8.739493530288165
9.2748318146343 2.9872327014177653
1.036869172945634 -4.539167794752248
1.3185692694948052 8.561742189742745
2.010097478837203 -9.618753934904225
-1.494345237430812 0.48929799082812764
4.709906148086596 6.318058428252034
-7.673363738157885 5.7721321493091295
-0.2096832050558799 3.9381552285590242
4.124187082184772 -9.13784403548596
-1.1207815628087854 -2.1246772274106895
-6.056663528124537 -0.49591586751159866
-0.3134170390046247 1.5883368461406207
1.4546300336512594 4.869226666882627
-3.7434471452705997 -3.88340840632641
4.744955163527793 -2.5736321017270285
5.5585888208995 -0.9918796288874852
-5.711797775554648 1.7630335713366918
-0.17371148989863983 -5.6023246658265595
7.014874559188328 4.7374488248231295
-9.610332802566958 -2.4566163491196003
-4.885131829587546 -9.885429587521855
1.1550015563899034 1.168853586000754
7.646431554864122 6.420232925464937
-2.0753128910913183 7.780384561733445
8.634688854798377 0.05792218561698981
-7.944695284066825 1.4315112917011792
8.781843558497407 8.264826099503658
-9.658866421266195 -8.779612115992153
9.474049156911619 -9.853432741326461
-0.25395961732233197 8.273692161397612
1.3890146120500546 -8.173456378341243
0.13389921856857967 -7.916102298606386
6.312758465456891 7.438123554778045
4.658129100637078 3.488322709352399
-1.4147919686114268 7.955292130112678
-5.130650438971163 -8.682514988620948
-9.650841975838995 6.095138797429584
5.73127674077573 1.5238876506850794
7.5232288476507065 3.0498431170136087
-4.645605319224419 -9.694086591784906
-2.031657446351815 0.35756379451997233
2.331714456719043 4.865431916187063
6.159858932048998 -9.146155831865572
-2.8866036263070205 0.06324962556489133
-5.945384441477928 -0.9680448956187622
-8.42398496904832 -7.954970511684676
9.749322109061705 -5.536374372878847
-5.400831840121352 -1.3836608764740852
4.838959033385336 -8.63776931694462
9.78752455510693 1.7689002384415335
-8.857494015264045 -9.142825533149088
7.274074748121336 3.358681289680142
4.823990224691686 -7.294531739668972
2.797389622157148 1.6891132154418678
-5.366742545015965 5.240451068169778
-9.025889087957168 2.106643009129389
-9.583854832374175 -0.27697624757134953
4.6747777096357375 -7.534990324964355
4.339732327016744 -4.663557861066055
4.514087893882671 8.113590646550243
-3.3713933310176873 -1.2400713629209719
2.4971499226521754 8.908795978359578
-5.224345226799456 3.7518405663923
-0.8634473259383313 1.114100223812443
0.21019902229409482 2.5556227968104928
2.889998720417628 3.551210154707494
-2.6231561384599456 -9.50407319779801
7.393401774878463 8.275005855848853
-0.3644406112529808 1.642772750388053
3.939572296730585 7.455187536940265
0.03177319908428444 3.267769926997934
-4.538808578397542 -9.667886255005323
9.054115249018444 9.523727110650299
-7.450314779494425 -6.166313077471745
-3.323758083923667 -4.249257013937551
0.4347439006786846 -9.563637899865808
3.725408932490449 3.5281082097194307
-3.017451715912971 7.641036194324865
5.513855668734401 -8.31021528245228
1.8635372841741766 8.70764014452288
6.262159095344963 2.2028966735169657
9.370384300100817 7.6215529454065525
9.993703625939347 -4.097115522033555
6.013295129340101 5.9168335732573745
-1.0005237226533374 8.383448470002804
-5.464159785993186 -0.11669391929488349
7.973906436173518 -8.312106955312096
8.912141244339619 1.1650555601256958
8.492266491563207 -5.335046862859453
3.0912522148016475 -7.334983881777539
-3.235873810885776 9.078295251990816
-4.851357757148554 2.5020462993568344
5.785716964467337 -3.8248660468638596
-5.312676820374957 2.939529437871901
8.784471163532054 -7.116150151509744
1.3219168404345805 1.2309974387100198
-3.3765014004869442 -6.86424746713056
-8.503180192185093 1.204571738825317
-8.221648164363536 -1.1451351427192868
-0.8210036555679263 0.8872559306520564
-2.5822063307290026 0.9485936319227317
4.886595505314116 3.2765809274264672
8.533278573175924 -3.8571679786332087
0.6537069816972547 0.15224891038181987
-6.839508933096656 1.4319249643350478
6.398540821779186 -6.517234202703886
-8.404996591759748 2.454918754229471
7.546860684446237 -9.435580717875986
0.28541632285315366 8.205528942405117
2.397942860974185 -9.252861711845915
-2.565857665680456 1.93796200067127
9.51988619147329 -7.3583155419615
-0.04225261096175892 -3.886787758677823
4.6987219612458055 -8.761320459363324
1.4710670259549925 5.586068078597069
-5.560308750526892 7.110630144380629
9.154882603515855 -5.712634967238291
-3.4416810821274506 3.5808661604163703
5.686041074856284 -0.9069681996859735
-9.32863159356968 -8.752040097536389
-4.8238580736892605 -1.354088729224145
-2.459903573757966 3.240854776072231
-7.9015593800428245 -8.806971280661433
-1.6122481385908305 4.617290798394453
-2.495589960302233 9.724413967140993
4.539761971427973 3.2544483319697797
3.9696887211085894 -6.23204406084745
-8.119835241112765 4.246773176380126
6.421064882604799 -4.458975189531788
-5.557384483662274 -3.331480892830214
-3.961206994710178 -7.205416691205668
9.354146432295018 2.2784614148701294
1.5116622940429743 -1.6778294419785578
2.084070339154886 -1.9944564495790011
-0.2002615739839264 -7.467338653414643
-1.1146879992285044 -9.58823944139397
-3.978384710746252 -5.630722651857032
-3.11970629075285 -0.06967052780982463
-9.767816793626716 -7.275906377114016
7.00425979251353 -6.149444640632725
5.12385210452511 -0.22019891516793422
5.719881130750471 -9.077777452553338
-1.3016683400220934 0.847140023062904
-6.245554584679816 -3.5223251511956155
-2.725322708837581 -4.420647451082682
7.392534397627642 -0.18199123618606095
3.0787008845675636 -9.634116538806854
4.932819926547168 6.373631740302734
-9.26711255780531 -4.697228985645472
-9.931900091108023 3.3635716915886853
-5.296843269827667 6.41321995549594
4.332674288327805 8.461218221022822
3.4687020920465166 -3.264835460831856
4.30788520345487 -6.482274398691077
5.82180877823491 -2.7418263753970056
3.7221605265906206 -0.3586725116202967
3.058261189206114 9.867842912537728
5.406729331216926 -0.7032724995220914
5.204141926701833 -4.791078891448826
7.210336052715089 8.755860393503443
-1.8556402413399873 -1.842202453567321
6.379583650850812 8.364252594250715
-3.3707753148955755 3.710917781009588
-1.3796540054141015 -1.8365815418197649
3.99771041724585 -1.4232560049959186
-5.122386483174219 8.80322989994593
8.793772855035076 -6.7856086208588025
0.04306529758224542 -4.736721615896871
1.6356573047920353 -5.966095950968413
-3.0425879003403438 -9.921373538632576
-0.1983916329145714 -4.7253929931667304
1.3876619937463008 -2.957214551696574
-5.751015794022322 -2.8396838693047677
8.322198647955126 -6.072261905608231
7.719700398525937 8.5491044088207
-1.5425710615747068 0.44920375272346647
9.631045701648546 -6.041412191049527
8.914220756833501 4.8814260440098405
6.07161793745086 -0.4373421928181198
1.1040102406247314 1.8216196708946661
7.730265213204223 4.698693704288052
-9.035149514853234 1.328074560239914
-2.453204082139022 4.094750303427112
-7.425153909245101 -4.097076991118637
-0.6063411329284243 5.001776704044907
-3.1170164905429427 2.477302495637927
0.1794486076328301 -9.47739716645744
1.7147335789125755 -5.384292306396141
-0.26379119339515356 -8.54408719506689
5.332016505396231 -9.971820732986767
-8.400321292834224 5.635707179959935
3.7747277092408957 1.470404212823162
-5.782819429832518 9.241356084675761
7.93055269672805 8.26403263127039
-8.739761500058945 -3.821696279034146
-3.6561403327717272 9.853414618051847
3.072792195452772 2.4563856820138437
-9.096442168105753 2.6573858846762803
-5.388889144849623 -9.7691603345889
-0.7000954889708471 -2.880961571207264
-6.442023657294276 3.334166556477383
-1.7701038283955999 9.233569189580535
-1.9280107128666462 9.6894999584418
7.082195959481481 2.569666261606736
7.098360458427429 3.7520183658128587
-0.9849242497744726 -6.915340229750724
8.986811561880167 -1.471157630111895
7.04469210989128 5.595833411875157
7.254474099316827 -4.51787700156226
4.430667310607081 -9.395750939905147
-8.710839353918896 6.53978328617497
-4.480016736490155 2.5698618855907895
-2.037454473005706 7.484942847235679
1.8286658298559448 -0.8642363692318096
-9.412190949908474 5.882400355348471
-1.0978500988271946 -7.919090942582612
3.6450853783947146 6.466764298258845
-6.290961592357817 9.62224945174534
-3.8585049295364504 4.324570121778422
2.079706872080674 5.847158669035174
-4.02328455964005 6.225327862362519
-3.8238095734175896 -3.851908548701979
1.4478407275078062 0.5524790372617154
4.550211326786826 -4.061307345758531
9.122067373757034 -8.581670796645607
-5.002234971724466 9.249725649559949
-2.5175953894396974 -4.548230467904924
-4.0890225032305105 -5.740551967345155
-9.28914173661267 -9.356086043020555
1.2033255834952605 5.388348137884183
8.441219774671382 -4.725000216420869
-3.2401369973366823 -3.8689600472212575
1.3774083373897543 0.41069390801546035
9.915911157968821 3.9047841966909598
4.381593223030407 4.244331463971534
5.806248091756585 -4.863669092217366
1.550944432508171 9.485399588510163
6.8862588521493 6.047424898146097
-2.003394049563032 8.014291539935698
7.872134205351699 -5.843167732551371
7.736531915279674 5.617913699822076
-6.420017324677671 0.9751917450614727
4.042864299567023 -0.19794088536801802
1.0942144612619948 8.768297996674953
0.6658811959942756 -4.942356416642511
0.9167574074180678 6.796958690799965
5.374135855320709 4.773024567444516
-2.345187299375442 3.4602664270598122
4.6087273570726754 -8.200705119204006
-5.804852422551594 -7.341263773485642
5.872867226121546 8.179131416080672
-8.843169244382869 -5.46311482772881
-6.474165338364406 6.941112345298318
0.7128376066721192 -6.182704602010021
4.414136723250612 6.142046830074726
-9.72722587617633 8.93678810208479
8.498179740709336 0.037670690614870495
7.252913295507593 7.290685989935387
7.910506364756497 0.6297746518586234
2.893742811419795 -4.217239328211162
0.31399784747181414 5.795358560310538
8.604931850222112 1.5950676720258095
-3.882388215347527 4.472769348072731
7.9752617424447365 -9.599073348844211
-6.565829294473575 8.339252153100475
-3.2140182916299365 -2.736165193966711
6.982936704654982 -9.468211089204786
-3.1818611501486753 -5.077337821493895
1.0667742260153723 -5.52229507987906
6.917081755818984 0.3859254346370413
-7.231039150524889 -3.5546296918342835
-5.616821135119183 2.6688923483276525
1.3881719856217671 0.38484594916732284
-3.0033815176053613 -2.5559452086306678
-3.5547965074356487 -6.656930184663727
-2.6152561765639177 3.256597800610283
4.36410612403068 -1.391232019792355
8.492713232697284 4.786399641117335
7.248478147074458 9.811413520758279
8.746592645226055 5.825394910060242
-5.929612946403314 -5.686384721322648
0.58819198309968 1.305506563667958
-2.5154145906096392 -7.649541740665828
-6.384579329259501 -9.490868705008422
3.4120957843408988 -4.901554179024778
-7.578464214123619 -3.6969692486568295
-2.3682022801969698 9.625606134476172
-6.307943861504242 5.135907976436663
0.4667474743675726 7.00529305248639
-1.255039233747091 1.0137750017407932
-1.8507124495119776 -1.3133676992384853
-4.521374129499871 4.07828694877033
-7.555282016558551 8.748011778931016
4.990207767248867 -8.870026335157572
1.338314436105346 -5.6315923588015675
1.0702662871750253 -6.427074037433986
5.94834625898333 5.298499705530325
7.389384082955232 3.282944847879852
6.557396976362966 -0.8165247413641374
7.872859818598986 -1.5855051659572048
1.7303000583994042 2.4137570167660414
3.433515868067813 -9.97709378838417
4.837495421058467 -2.5094571613562326
7.200515743256535 3.560287193585287
8.577429216797196 2.937053527440849
-1.273812906860865 -3.3305538260315988
8.276444356857787 1.2494130863709394
5.957610592531266 8.828931015257549
-9.871589879109234 6.0821345444306765
-4.705691150612763 -3.4451509924546198
-8.663068338002354 6.157154791574271
0.21273702240865333 6.1804936266487545
7.519682074046209 -1.683568568474346
-2.321887250697774 -2.6055415848094743
8.89982054222616 -8.632273661753722
4.905719153942078 3.1902025359766117
-7.4351812672910285 8.6893085736722
0.7023646335270826 -8.008275714315175
8.317748483304182 -1.191587170024217
2.5395470547255705 7.063116610212575
1.2878345197904046 -8.94837909801286
0.380554973935304 -1.9727409371775106
7.9564969573191675 -5.65661701280364
3.846146412168867 2.4507156327221153
7.47764962405202 -1.9099752030375896
0.4402487079636188 -0.4568826569561608
-1.5101062805181709 5.089916947643534
6.497147950135812 6.482224343933183
-7.219752348128239 6.769271746267695
-1.4098549583157123 -1.1453218754112342
5.6648904841677865 -0.19027729155121342
-9.550083655693856 -0.924157232436734
-1.27709364319829 -6.585898159998438
-7.398908419648144 9.702687223689711
-4.965081885826292 5.8788754773021505
-4.630148860715703 -2.829846573830535
-6.425231017313033 -0.08256709446469657
4.282587170190482 5.0063773553444495
-9.737849339234785 8.534612597082482
9.329650178093868 -9.803164616140661
7.1729963220119295 -6.089359734339153
-1.3659381136458713 2.2707409262560585
7.588601132190668 -2.5245492643079226
-8.653087067101799 8.139444859418266
6.699426424867745 1.1429463894151937
-7.071730470037938 -7.189534791051324
0.8814007196748985 -3.554382691844527
-7.197791847025778 1.250715871428822
-5.192453743826187 -9.51847830974799
9.914031763885227 2.543154076745056
-9.93732974837545 -3.759229620911899
-8.419716740676538 -2.076737134068905
-6.706622197769862 4.882587436289548
3.59899205705859 2.6778089515654084
-5.344070638649329 -0.5702328147949327
1.4277000025815223 3.307692645937193
-0.07801056755964453 3.8437139823452533
-6.1432600778128705 3.803213693306235
-0.2566907019203981 4.846631926067923
8.275706574397113 8.895029809852335
2.3122494833302554 4.569858174516961
6.136420921223788 -6.465796103437784
-5.729725896235882 7.151714696282308
8.607838740135858 -7.669201943332413
-1.8706280672405775 -9.008728126412757
7.095539022442232 -2.669154653218982
5.002172726982542 3.850244831960495
-9.935983482381452 1.3267583909306566
2.1612749719919933 1.9595741849156738
2.4997830604359876 0.2581252253875661
6.561185609716592 6.275992729271362
-8.091025854785421 6.603811195757611
6.751053776974356 7.617375914478938
4.413604818788636 -6.016259666620824
4.937276210283795 1.674515677511648
2.2901468737375232 -5.58392909609974
0.3328290146303132 0.4984842638453131
9.285588746521064 0.3032539219499313
9.615359955567516 3.842944477864121
-5.9217059427553025 -7.6184872655858555
8.327325827212132 -0.696875188669658
-6.095948332254082 8.427963676548366
4.436673864804025 -6.14484160987208
-3.1939876843721926 2.419298316783788
9.856061903874728 5.232494483886036
-1.1924600148660662 -8.133142734635157
-1.5237564426149337 1.0555486572258328
4.8276923118613535 5.720085289211433
5.228219711227016 7.888560705412598
-8.396668450555111 5.715931444290929
-3.8220293514265897 3.3273912906088565
8.476491942107405 -7.051985902116922
-8.600769140519741 2.5672650315491357
-5.2310829733603 -4.062538573907084
-5.625239145627612 -2.1945909835149724
9.893781852039002 6.219050661212513
-5.823100374942605 9.626810221557456
-7.878149591554506 4.5378108529776
-0.4896656205768668 -1.146012456882966
-8.4951240759413 6.783728741081664
3.6858826071941504 8.221134436228446
-1.3885359092969303 1.70649050244106
-7.32294977441498 4.837680753254723
5.222484063980541 -1.5103472757155796
1.7882142173228015 -4.7987315219608835
-0.16065355114435143 -3.33618808895438
-8.236709772354214 9.243120876983046
5.644195080104613 6.507570408068023
-9.936447444199608 9.88279319774836
2.0875343523055143 8.37196838159758
-1.0999177945137681 -1.864214327356514
-3.6864076831694437 6.849566392336882
5.608139394114486 6.559628312600484
-7.454253624188427 8.044127329698128
-3.02566552271389 1.8657444695005374
-8.958994252685654 -0.1884541184568267
-2.8574955313671024 -5.791124681074518
-2.7439270831718154 3.0340988082740488
-6.927154613526749 -5.988589019680052
-7.908432569944135 -4.413757669280898
-8.56648780404851 -3.7049987230712134
8.708916654189306 -7.724954997447149
0.6916657611338106 5.211602315050719
2.2300991233207608 8.690364808419744
0.6464212094703861 -6.593697338849271
-7.010757449523613 -8.926616198100598
6.6315451281434505 -1.6501569357048425
6.874264349601159 8.274252459183849
-3.256617312070837 -9.137883768607198
-6.984191896445118 1.885703956196119
8.207068383848018 7.4764980796472535
1.1682223457099727 9.31749697829958
-6.456586002866446 -8.102571408582442
-4.125606721475943 2.7595340174395844
9.13469882617363 -6.857285602111856
1.8670389560869936 -8.540067652064465
-9.987003459474519 4.938946682019623
-8.813961724236902 1.0648179030583975
-1.2676187091552453 -5.29638683516205
8.1805085946209 -2.6166373758697077
4.271653918494284 -9.332803092206612
8.546515045208022 6.64629003495785
-6.316413283517946 -9.805059430684452
-2.8475166508475507 5.862195779767186
-3.1587426287488167 -4.017867203001746
-9.756004516295224 8.010904854706254
-8.331588131663494 -1.7748240795133192
-1.880119249896806 -2.8704578644627876
6.471773546468636 7.789412105146564
4.14266546915864 -7.490867620856196
4.078544318667472 5.676047858119427
7.244690282236881 5.241964027460428
-0.37764159543463194 -6.742342070482357
5.07161322971227 4.040855438911423
0.08840808937907774 -9.527209395488095
-2.826574200481664 -9.32998559263866
-9.990593839576832 8.94242139804437
8.650474790240079 8.124375479621762
-3.8946090337665007 6.409944124461493
6.897242748070344 -7.9963969971334015
7.477527119158836 7.318012050332364
-2.682410391521639 -7.784235237344294
7.088015449640267 5.945132982730723
1.4151848852619935 -6.522108924501914
6.737629644365732 7.571464971326396
6.717503588588329 -4.92543880116161
0.3649689709246946 -8.862561844506722
-9.138742098446857 -9.944898230104688
5.805640144672235 -8.7281536715306
7.6030849016875415 -8.1643210708522
6.21548533952091 -8.428421205121623
-8.352466833448064 5.124692666433173
9.976480155711908 -3.6259252942489333
5.866705463988783 -2.050624711968714
-2.309533282901648 -4.5095090647287694
3.4012442416856654 8.321614514223317
-6.777939620112958 -8.948988763574306
-4.138333611258296 1.1591942124899095
-0.019135411523130585 1.0634573549312893
4.48201551818309 -1.218309618245625
-0.5343622104729757 8.578471356978202
-3.1281818472759078 -4.626523310150463
-4.161622469002005 -1.0039078583261727
-2.9048580420342596 -0.8754491914023497
0.4749675574190739 -0.09275528480348072
7.857460959003852 -5.853318322441132
5.104792998507076 2.762626950558989
8.683926036830321 1.4218875707801377
6.202370399979021 -3.3903612261879896
1.4675901641600682 1.616068453200711
-2.1778254889965094 3.3250181196165496
7.137450699864864 7.908008298857158
-7.717568033375639 8.177428240583943
3.1439847171330033 -9.117853421294937
-3.4045337630866745 -1.0043122889103344
-7.753803002426594 -9.60581202573942
4.139575647882513 4.364433219472874
-5.3658102824782254 2.3437858451464955
8.12318654232983 -2.021732874956559
-4.513792217235457 5.269521370654193
-7.395917496407796 6.068757809733288
9.461144752616633 -3.37714353387244
-8.325006211291637 -2.7506166749640393
-4.8447055486681805 0.6296977442885154
-3.1552031559436866 -8.05203423143416
5.16040368699324 8.49158446878559
-7.364480876533854 8.87467510756673
-3.7961955662162 -1.2532442249247744
-0.7893322754071548 9.7886084100377
-1.7631385624122426 3.0177471904696773
3.95748953198898 -2.076096367459077
6.4949153211001445 3.8431175110194005
4.579474733607 -2.207334738837721
-8.650911552050612 -1.179879617973274
3.381543930150432 0.17885744339823617
0.35227339226161547 8.278773470059868
-8.297926200478027 -1.8099042100944889
2.3140364727375378 -1.6585435081677318
-8.737708806851089 -6.9115222891368955
9.819571468883193 -8.548087277094563
-3.738770391443211 2.043217526063966
-3.7400889547539844 -6.669172096875937
-7.215736136820121 -3.699732553925241
-6.614831526736939 -9.951816569020835
-4.5330919358128074 -4.974979528037977
-2.741374129615835 -0.7225838069453765
-1.3755054970614076 -7.077841876270958
-2.287325010195933 4.135312842390352
-7.775496736153952 3.5669449323507525
3.165062233608541 1.8546295036002807
7.411343765031496 -5.19429713325859
-1.776516850173607 2.033469983020348
6.213220360740529 -8.712643912463536
5.739921774337304 9.797862251801973
0.15367764652924443 -4.2335143362319965
0.8770355028026895 -1.5681117294246434
6.4412988343623105 6.651969490842976
-1.4312556043265534 7.250742773015219
-3.8703737169249264 7.737685389307124
1.5890236961212594 -7.369893387341491
9.86804733306667 -8.18741344313109
-7.719928340503312 7.292040107896614
6.256057801613416 6.203913656074281
3.5575285422284626 -9.641690029676003
7.981971667076962 2.090920402222592
-4.873054282758402 -5.211105611056038
4.784314492933497 1.0228704819424443
8.0030408518262 2.7292159081612333
-9.011792792899653 -0.6160778600939043
4.599396754588938 5.074384663404196
-4.720381547207369 1.031134656571119
6.168362442719072 -9.144957399941722
4.930883171929095 3.9322948688628916
4.341391678902919 -6.097001063387342
2.979553553200166 4.8768209638319675
6.328572182926926 4.184706317556708
2.671452894981339 5.014688807440933
-0.5543204248400908 0.2527439112725425
-4.562827373418994 7.913183026965566
4.689058094288965 9.096179377628076
9.417121666782926 -6.203273657864781
-1.9335058304734076 -3.5381785433230073
9.71619563758448 4.911909984550036
8.385561694974342 3.897201025349794
9.85801173468947 -3.6870954049089004
-1.1025886667194946 5.365593900054872
-0.7891156226849976 1.3900085969461493
7.065918276218582 -7.945729129541508
1.5158398489298506 -3.3197215442097727
3.161584885122755 2.7554896122125143
6.353669250804181 3.0249686166971586
6.906919988150623 6.1731613780778325
-6.951928833972785 3.753607178811748
8.461581589347556 -6.351046165855447
-6.033986462056735 -2.8334445030846966
-7.864796603141824 1.045188303951237
-6.655764974754314 4.631365352838701
6.668673147976733 7.103706931111898
-4.4484935081546535 0.8737520258973319
-4.7314672002252784 8.040116551500901
8.73761503169207 -3.334111676672795
-7.19018739329459 1.7677301266347367
-9.491625863069475 6.330935248483819
-0.2552856172515945 -4.361284344905865
-7.7013565221553755 8.836044060475828
8.63409471260156 -3.355740790940331
-0.4621430917557934 -0.8064632924003519
-4.963226061206731 -3.8424368803753417
-9.867492194494066 -2.1969814569542994
-3.1530261455859776 -1.9429807872746796
4.077328694027321 -2.3694165719109694
-0.2947533581288102 -3.306379203130354
2.7218179738428 -4.598199961155808
-8.189013566383391 -5.0960316779842945
-3.8076122620235964 -4.869282159260948
4.044631418537275 4.514826533101557
9.6848769346091 -7.502683324747537
-6.29275555193453 7.982166350597872
3.450911446836942 8.611679146585931
0.8034389038936691 -6.404012673875268
4.266186390815525 -6.997802181914741
-8.616136110945655 3.6016385479696655
-4.948128416825435 4.556194896776164
8.724874141919482 7.317198426913723
1.4279738611391508 -2.354518331604303
3.5194532327591475 -2.487222913290692
-4.782280627714477 3.260162876657427
8.603388505690653 3.32658413401019
8.210950296485795 2.2082550098400056
8.313946818510118 -0.35088568771501016
-7.943743093987341 8.774655659872508
-4.056284336005569 -4.718701273689012
-2.0328532355753275 -8.45266717782419
-7.404091499716603 7.274337339960567
5.987876256630958 5.88705599116312
5.743909737694748 -7.303240595648354
5.510855451310089 4.910216600124453
0.8917969000294441 -9.98554716251358
5.46508275276498 5.45049762566607
9.593152340706112 -2.4844615546796867
-2.022151269180088 -1.6656687397726202
-9.753651733226011 9.911826999924841
-9.387722617065934 -5.107090617049453
6.062498357386378 -6.630685318593567
-5.5229776759563665 -2.0240585735618666
-0.4356323700414393 -7.286120129634554
-2.259243019875914 -6.580593681666254
-6.757371236610936 7.942262371156453
-7.220693938356641 -9.366419008344254
5.836556615136811 -6.776660385488542
1.9935528461511502 3.281354227329823
-0.41586061673456953 -4.242342820917466
3.1925971183220163 2.3628399753997655
-4.471488654445981 -0.2101290720182991
-4.911647751313593 3.6538968384317023
-5.408320956475103 -7.429341640726461
-9.273378315606335 -4.125459709414012
-1.0634602544100957 5.023334196030987
0.5265004610217687 -7.792669266715069
-1.9105932200215143 -8.790971465233541
7.185532718399486 -3.3275116360012884
9.69149496220474 6.913334232695576
-5.76118233533371 -3.8357597986831404
-0.501209927354866 9.244519068489758
-1.5137252930884255 -3.36480824106488
9.966879854654827 -2.1528479817992485
-0.1918733331696778 -1.829594850037692
-9.032356690972783 -9.123990340590424
-0.7416917791606572 -4.955467429539116
1.7153352918439957 -0.7453469619152369
5.015156359164443 9.696042119793276
-4.554834256580634 -7.059306666671839
0.8539616797665079 -9.791537444318239
2.0301059904281704 -9.78417037310143
-3.33303665543204 5.908697679531604
-9.28568130210886 -0.25158970292486416
-3.243001743392866 5.659959508400185
-0.8867619182073856 -3.1430967208563416
-2.0351259850588965 -8.550905752704931
0.8634485622386805 6.74421720127156
-1.9220279530610078 1.6063770835810924
9.875295222306828 -3.4617151346763286
-0.18027756228772063 1.332652873907774
-2.765920579974763 -6.535047490881247
-7.6546563134861785 -3.797601053028732
-7.937113597178103 1.7334524807549947
-7.931458979196329 6.628668732871567
5.9058581222494855 4.730200474159167
-0.23773714507968435 -9.668810242772805
5.335359753398958 1.2457710610462591
6.27079626298282 8.571485611885876
-1.9021550708670905 2.831811391417167
-3.615354317514809 7.465632531775693
-4.295558480836357 -0.8190017168678345
-2.4722308463759823 2.181364263486305
-5.43475680203019 -3.500752413835113
-4.163308575777547 5.537940960165708
-9.09247214557327 7.250344553112633
-5.124670012225991 5.662385861916597
-9.282093084987986 0.5703079565932931
9.02802790199694 -2.9507537638561576
5.0084501271638615 -6.190241326095071
0.8844074832278732 -0.433730661071392
6.523719065997199 5.444966805706358
7.500413630899526 6.438108866706639
1.9580885349533226 2.2390343876342538
-0.8368832312849008 -4.184635249447018
5.988964604448906 5.937154094588301
2.029240712259581 7.6328474375313995
-1.6372402849018624 0.2775522934163739
-1.2193025800629158 3.4146212527940794
8.064753265522945 5.524948587787716
-7.06949687218934 -7.994217920670891
-4.707942170805293 -2.5065547471816334
8.590342127845837 1.1527052350328013
8.870116881659168 4.690820806843355
3.746808416701695 -7.280109637753749
4.73796313892899 -6.466486487596585
-9.69088461368347 -3.394912972805151
4.868827252476702 -8.000085576697941
-7.257625658878273 8.510622548850847
-2.8631201404099738 -5.675789275915135
3.5455508823372277 6.257318646863705
4.405005580969398 4.874037666678177
-3.758470162753973 -3.4288562820385327
9.42274462199525 9.782365394148613
-2.119222685529161 9.012519974033989
-1.580516300255745 4.402082818719766
-3.538128823923625 5.177412762835383
4.9191164165642665 -5.115328839789783
-6.762761456956879 -7.649008295523512
-7.1762232223865325 6.614848792635158
-5.214398895947849 6.790997489996634
1.4911108886770883 4.947119786771539
8.49716013823216 9.750603889229378
3.509365311906338 -0.16682442038328915
-0.013581020496509666 6.6914471100655994
-6.549539229162908 -1.9605631460567619
7.81355834046385 1.8550067742497127
-1.808222022094352 -5.061204415451299
4.237471280721737 -7.146539383527831
-4.698440532473402 9.427584846957128
-2.569004099004988 -0.8915637457278169
-2.879482111740847 -7.056485053974349
4.273579407480973 -3.3245320068900286
5.168466549638172 3.044461613066815
-5.314636773698074 5.930369260673276
0.8927419504131464 0.05444939987638797
-1.2562175622083274 -3.2174067781380744
7.821212696042927 7.15147903813865
5.85010843233208 -3.283848851641502
-3.7190454215068858 0.6667924345448455
-2.0383204651845492 -7.569588717928806
-7.948508015166109 -1.3627531381611053
-8.487880047071886 7.758553027613086
5.79260754277319 2.71223613475418
9.81353941423594 -6.275818485310127
1.5511213274519857 -8.41152358391044
-5.49287449799726 6.240783978716596
7.056331419706169 -4.532447653152321
-5.683792945644925 -7.611949918026577
-8.172373232419005 1.3481078204053318
-6.290606984192751 -8.910123144721684
2.99022733984156 7.254086730456304
-0.1459023872789711 2.2001504150021134
3.733682198442086 -0.12693170506208773
-1.1158835949208807 -4.092824161889821
3.6459955393109134 -8.715990910666484
4.430821162893272 8.84290939824399
2.83596484666589 8.534352978702497
-6.1233416385025885 -0.7757668575402583
-7.0995457952995755 6.448191161706976
4.992552780612954 -2.151786207057338
-0.20598243468844046 6.064691665287334
7.739162115845563 -1.2882258636476767
-4.511346033237624 -7.058453570139003
1.4353970545679768 -0.5574632500455756
0.29767412822740624 -3.06020296737747
2.1603542896146983 -9.58233818771625
2.3154415718746435 -7.1387034437058965
-9.071412832553264 -7.745828117166214
2.238316567649335 -8.836068589423325
5.219747101590272 3.448883780100296
-4.7082457165511755 -1.0038836513144602
3.9937862978151912 -7.965003085168554
-0.5128418016173022 -2.820193838064249
-7.313904963001345 -8.791478238635179
0.8560565866662273 -0.21006942163159792
0.7407771200077882 -1.759612774942358
-4.337158849888533 9.313779332682945
9.73520456037524 -9.007342744731426
2.369248614800023 -0.30791063106118166
-2.560315039759291 -1.8023051501792526
4.6499139849509845 3.8895547284102694
-4.8598785913825715 -0.13308248353782126
-7.020117429084978 -1.0639521722974763
0.429096185166868 -1.8468214718671199
-7.658234490075532 -0.9026244157301218
-7.926542101252297 -7.354988925693795
4.51279413004645 5.422119480575255
-0.9905796189155112 -6.224649748467881
-7.160631618228191 -9.8020718969244
-4.990892551593015 -3.8965693838198217
4.578494500339048 4.091657969067564
4.092916466990108 -1.1789676602759975
1.299351336729801 5.0428844021118735
5.573106547189434 2.038232806464478
3.2755165073722114 -3.221160129601925
-0.639274380290221 -3.3431928782012177
2.53868328291448 -8.774754269131682
-7.620492832688157 -8.764972463416761
4.550411856712625 0.3322052961299278
2.1039236516208923 -0.588113285794714
-5.527793249760742 -4.853397937802817
4.531668600103728 -9.905461764840481
1.9559977922455687 -9.037025310646438
-9.306536568066392 0.7820006067983893
1.9615147337312866 -3.574071974167188
-4.436149321738931 -4.176102840324491
3.627039129955902 -0.7807577051145422
1.347398201597727 6.636374490308288
-2.1366680232112785 4.6193154601121655
-9.449928410482167 1.7768879720425623
-6.986564857633873 -6.446146054350348
-3.95123153712494 9.259517171777635
3.901480535794814 -9.326254952534786
3.8319343089136044 -7.405381062444398
-6.432680082302069 -2.6735596167527813
-4.381316473756279 -4.504951613294638
2.316651238358748 -9.799765903209137
7.716210468966484 7.47193699397878
-9.242668384239154 -1.4355624498054915
6.8012983916339635 -8.486401230891214
-7.241471951621749 5.328265756901134
-1.7281301452552373 7.087903092787975
-4.805287973070119 9.069387897919729
-8.834205002639315 -3.3424089162418724
-8.21950994887813 -1.554132795732981
2.5332059537172906 -1.1602285185280117
-0.9687062046849189 -0.4104463619978276
8.550071767322962 1.4375729326320652
-0.9212021470660918 -2.9342807466832177
9.424931805351797 6.159753296519426
-7.017126697796476 -2.8843468528011007
3.1760609260578665 -8.14086261268741
3.644843151038053 -4.161891238895066
-6.860090055326921 -3.506930900422491
-1.9242944805473154 -9.316163609517236
-7.192637816495299 4.785615217630472
-2.0447940947699212 -3.4923865931327054
-0.28077575940551114 3.0028295424812512
4.852508087519 -2.1188437842301315
-1.8058717600166059 9.607919234170797
-2.564705328605972 -2.0884236512121745
-7.5712475900452425 -8.82261358771517
4.1276368564606525 1.9602782672361343
-5.694972077929741 -8.506385106593633
4.110788958067671 8.231912437132095
-8.040642757739125 5.220695338249399
-3.772398694403436 -5.796391510122449
-5.024326715920524 1.8904255156306746
4.245676662294414 -4.728474719655242
2.854645516520531 5.058635182100435
5.821959664936449 5.122960343729822
3.971637396431076 3.475303905968117
-5.632968757874739 6.199352863501531
-6.407909831075605 5.831641115768493
-4.804468003670479 -5.3280367247593485
5.267920827338049 8.271326439100363
4.857377942727339 7.76534009520455
8.117121384093064 7.831192920810068
-9.491701067044197 7.978425882929891
6.521866389326394 -2.9403522060512284
3.805572493478845 8.537841824932034
1.1196636315802007 -6.07536260568871
-8.563455701374561 -2.0842181675125744
9.976428479661841 8.562338563520434
8.981223744174901 -2.4404188666547615
5.399706448097239 8.79128497123126
0.27701546407586264 9.344187126800456
3.2737809166564134 3.3846011392073816
8.671624488225376 -0.42356530238165035
6.629951269217038 2.8829027247296466
-3.8873914246377534 4.403381639741875
1.9706945921580257 -9.835938450467447
-0.961804209423633 7.1944025393855355
-3.105695197058555 -7.729184959273829
-9.459937522151716 -9.941803279057025
-7.964732064271132 6.394423697723475
4.43265903453695 -9.83670494038687
2.314834595526918 -1.049089434692851
-0.31109790960292827 -1.2189072203420928
5.670766992590064 -1.439647911392095
0.5740613072998695 3.482324010633679
-3.095332756395024 -6.941041499988105
4.190480253212668 0.6983094788085626
0.15489802258643692 7.117280361199317
8.208231196726711 -0.11789718937611582
-4.1650543379314815 -9.876049555627354
-8.536121057052725 1.1673625242812449
8.172796176470577 0.23416585287608527
1.3694763745047123 1.9900624359355223
-6.831252175575056 -2.23614197578547
6.873391953417759 -1.018107939782869
9.363998655445549 -1.895204047948349
8.948220916845433 -0.24918926292097865
-5.007280725374706 -3.2958776953872437
-6.181001507875219 6.916595732879472
9.745363133292152 2.2450641255397166
-5.101952142405757 1.8789751790297835
-3.022050091987345 -7.154068498975152
1.1702895857351905 3.320146524163256
-2.9665786517964126 5.013809774254899
-9.173504750161491 2.91558125976648
1.1354589294893547 1.2481453326156196
-5.480499332943771 -2.684991716842566
-4.341265439099773 -8.323928862954508
6.000186358523965 -1.6210489151264156
-8.817949635432807 -4.8523893256136645
8.287126308911464 -9.022586663191214
-0.47593757672609627 -8.17779462196133
-6.097523463088114 -8.974749002360172
-4.400193842672464 -7.144034264965082
-6.165288548981167 -3.767445319724323
-0.34764638077416166 2.4799506713277246
4.815329770115923 8.17548327177472
2.275300103962639 3.5491054111665417
4.661338044361196 -4.076177159133403
-8.863894122152324 -1.348224985834639
-9.494773925029765 0.2280446389899069
-0.34448756405782 2.3689307900826506
-5.745931284911617 5.64141789326758
-6.938827799691419 -9.44554161226256
-9.483061426222744 6.667038057630144
7.23439725380506 -1.7171608284989333
-8.616855875858692 -3.192301424927644
3.4532120981961008 -0.1965205082745154
-4.680274703012346 1.49009564783384
-4.370262697301701 -5.917332326831399
9.493385397829194 8.084598883641199
5.986540975658631 6.537251526124791
5.2675482552842805 -7.273432023843915
6.7913743064615915 -7.229535964438522
-4.418779681171385 -8.704160987136238
4.826532352014421 -9.936494062275239
-0.20667684020914834 8.552849602985507
-3.932655823738682 -0.22824406614824255
-0.15734622811179477 -4.019172790870213
5.16528222927467 0.8543206781668253
4.002791965074337 -2.7908523420666747
-7.613594367308647 -0.26101189730622565
-8.605844628554419 0.02662156138639915
5.115418471047111 3.0619386912982414
-0.9582460703246731 7.8558799179601095
-1.767393385808088 6.133867128027674
9.029370724448547 -9.052815075218792
6.113495256494744 -5.210604084245216
3.2654108594469538 8.227743490758353
4.983317767654331 -8.31709951686747
2.494963864568504 0.6752534731605557
5.713750205435531 2.693883754131587
7.846651179919181 -9.595197065032174
-6.604696545708768 0.8384459848875387
-3.423811473350389 8.398186126784516
3.5541806666798905 -3.8286143022728076
3.62398610762369 -2.6744953597210834
-4.389477272393347 -6.9783183621853295
8.964514861119234 7.486366353390487
7.588291770694095 2.066259595307084
2.419259874551333 -6.324013735916805
-1.7257719545790842 -0.4010493129826198
-7.9630059654951495 -1.129828925370921
-2.7004989504638344 -3.3830074387963505
-6.750316989383796 -1.6870987956189971
3.3558352338524458 5.578864863835999
-7.184314144974573 2.201992221915731
7.715442081334274 -3.1438304037539133
-9.311320921421206 -7.826705275596613
0.21418045459998858 9.734307501182386
9.269790277618629 -1.2950398466621333
-4.158919334174973 -5.128379945250019
4.734117702627252 2.549220072361349
8.471082964077475 -2.209186942833801
1.2753681619760933 0.1579212347294927
-1.5113843715663187 -2.3898136374379213
9.758577960441983 7.2004971028818545
6.060868615635428 7.644253232330314
2.9624777667459554 -7.177112307405855
9.572836765578668 8.301761834389293
-3.4228373813807895 9.873460839414772
0.9080876878865531 3.139539687575823
3.1887261580238135 -2.1937991662084784
3.2784733298623525 -6.490762124512308
4.934504788984679 -1.3019675751196136
2.629427398446504 0.6526358530680891
-4.345566845975779 -0.24393404278718656
8.259946870376819 3.870808220010801
-8.551355932577318 7.904920920839455
-0.6450070740191371 3.26413087015278
-2.879992295090248 0.06517173162758283
6.309252323135787 7.522951966621658
-5.977044431722412 -3.134870852518743
9.742548414252795 5.13288268341763
9.878357881332303 -3.154407318106445
4.354370499666167 -8.715402819355374
6.394460737401545 -3.4282827974081815
1.968555291538891 6.602125416217895
-9.469336715426513 0.4834411432257575
-2.4578094652688165 2.1631342046860915
2.5022247874249377 -3.3772506761886074
4.164921744923218 4.113908365240295
6.816556052485602 7.766293065521882
6.440861100887581 3.6168823773362675
5.348396062368417 -4.624636910665652
6.218240947187542 3.1723436027154523
-2.630099523378709 0.306852162490177
1.9428645763462455 1.2051924720411584
-5.456573778260609 3.9085594727195865
-7.742194470360186 8.466261291688667
-8.38072074173378 -3.0149894632221175
8.94931862072007 -6.4160022045747
-6.924767947359751 5.871623934515949
8.663171713956576 -7.201217782557599
1.3749950861148292 -7.515803575444733
-0.06050611637725112 4.6929244771397105
7.735776245086395 -5.818422383244515
6.749198402945915 -4.385257083057327
1.0698531074292212 -2.457057818687036
8.682785235803046 -8.39287057499245
3.5242686188475343 2.2117815696724996
0.312093607123213 -1.2160432494283935
-7.2169558281574275 0.6602416722936617
7.485013894309912 9.222577631913069
5.875022751681824 -1.7217518223833288
-2.445997641034463 -9.891618532341347
-5.532736029575814 0.6069231816127783
3.289877275143599 -3.474641315466598
-2.9043006679600865 -1.7723154370126988
-7.810765576893443 -1.3282652058957254
8.850351443319095 3.501246522310005
3.39062020720948 -2.6218176029178863
-4.797928123395714 3.832415636820093
3.3643783949372885 9.27753213844814
6.455908448132956 5.602427903138453
0.2175876844666913 -4.4928745478515575
4.048198532560118 7.790974999047631
0.927060656933822 -1.0149722815693885
-4.792418250421353 -5.840730872596138
2.220430894605933 1.6035851485700015
-5.435530272946918 -2.3283148738071047
-8.930484359848577 7.3530353274198355
5.168816099545479 -8.456403777786631
9.828618733879047 -2.158802007128939
6.8927914227271785 4.5916811551444106
-7.334344279524084 9.452214044040762
2.0435599010083667 2.4811928953582694
-5.705482892440554 2.7814460718535816
9.421634214518392 3.200138991043925
-0.6490679721534942 -4.947120040137847
3.600582736430688 2.7849467961905727
8.445415122688164 4.208871586170337
9.394885988832801 -1.956300420247807
-5.998286593144364 1.9667825205181266
5.084442640821745 3.5827802789234156
-7.691564319816713 -6.07701083410497
0.03312554959546965 -0.756615896630084
4.390045068457592 0.6007933335279994
0.05421533092171771 5.708282666158917
-3.6769648385943228 1.9772612484173244
-7.046311313489044 -8.416147562086477
-9.208508767518552 -4.964171560955426
6.95843727160533 4.917312116692987
-2.0767076250903145 4.580419806086029
-6.502812832587887 -0.3733660505244778
8.016757982791827 -9.766525631543079
-0.936220613024215 2.8092805262559555
2.1836754570942336 9.312136000044283
2.016041033049758 3.7127967717863104
-3.996472048688389 -0.40192732624079497
7.743006499843673 0.8298755411380512
-7.986309661807498 9.125614875725002
5.753936853794695 -4.257441570273035
-8.866059922390725 -9.363532579321845
-3.3515481253880335 -4.919037785531151
3.693295152219873 -3.6064795733264727
9.026597438157342 4.627542853622879
-6.2461361120249626 9.587552153578777
-6.573082097699436 -3.080155133284597
-7.494534954318941 -2.4303584534390366
1.529503940359259 -3.6203654766589244
4.501054232114088 5.014138204656774
-3.053891710406578 -1.2432805574614818
6.565997721644749 -4.8630863844953325
2.337704212104363 3.0271749923630367
3.7763056940949884 3.116026541159208
7.405962107208328 -3.2378355229634455
-2.760416270626509 0.21561055498132653
-0.692675160071051 -9.369183842152273
-3.1823615066952904 6.411645453928678
3.099718075478801 -6.848313675431816
0.9550963682609321 4.812878341026128
-8.065606231729998 3.534506000297492
0.8896654216400002 -9.371808223730982
-4.0149099751512685 5.266911850238101
0.2967532534522377 -9.827644910227074
2.1031928779028704 2.1446831032396556
9.300384950236506 -4.517411071127826
-7.684687889931563 5.2186024593716205
2.5270255552707575 6.37522094027041
9.782885272527167 -2.4382513666435273
-0.5137887357710547 -0.9031654973178078
9.752387493073655 8.89962526704976
7.1368379402677675 -7.562244917788119
5.971061793978121 1.26228934804735
6.713576029937343 -1.3426597665435551
9.540302609201493 -3.586429658757111
-6.63148113009451 1.7779555951817176
0.5522562692095967 9.011699488792576
-3.824024902391412 2.9829004847287184
2.375004966257187 -7.9388724140197775
-2.89287001189906 -4.363011957045384
9.128147360110102 0.36538951078883564
6.733116732457923 3.7681384362458292
-9.712827624177594 4.221533804388336
-6.877910125682607 -7.721366160009236
9.43965417046011 2.628149110090213
-9.692226809594224 -7.869834704356613
-5.040464028889624 -0.430116524384605
-4.6458423888893075 -9.448563894879932
0.5471475631702756 -2.658632433657453
0.07640837884109075 8.24753373924559
-3.6553128232279057 8.05244981272072
4.259608975430044 5.788524896685496
-4.716393824431058 -4.94778080178939
1.3473545357849392 -3.5446522092322823
8.97682141826579 -6.887360333236652
-5.433586685510661 6.4474813244462545
7.505857442525695 -7.005316852424737
-6.54099565890659 -7.93475316721514
-9.269716955205727 -0.9956701088450792
5.688276209044279 -1.7520877152901022
9.003908217156642 7.689525000529578
-4.972333442133032 -3.7701126201576862
-7.333579739776517 5.210553977589825
6.3897841813551395 -9.995900008825737
3.3863307816371098 0.6828751982796799
5.875849484954818 7.7456271956929506
-9.12854020608054 2.171649359667075
4.016085887665524 9.283868752580226
5.546438450347136 3.63293294088116
-1.4309345306168133 -6.765861835805982
-2.082447328196027 4.027632836019727
-7.999380795675009 -4.396013051150785
-2.4686601843078453 5.750068566538307
-1.5164707561498876 -7.311794221013528
-4.530023777558054 -4.9156659746789
-6.93857871063158 3.816588850465422
7.1980486043389185 3.684389543329134
4.360828351865907 -5.849503449339828
-9.072137361191892 8.252895349466456
9.643550299379477 -5.4586727712012495
2.7039051765218893 5.84926347243146
-5.037719799668434 6.722113881843242
-8.514185427226412 1.855409724258525
-7.574043997643162 -5.642471739240467
-1.8726606386065203 7.557705475634055
6.765041762030599 9.314663241735804
1.0673657587332546 -4.084573615838765
7.173921170269651 8.542954923414008
-0.46991243513936 1.6478381411013192
3.2459194328814114 9.822755422769063
-5.958597097298581 2.777259115727288
5.710159492250833 -9.295331424191557
2.9993573914330884 0.43486605678240586
-1.1356091675249846 -6.162337604096941
-2.2794394194104832 9.900045305548623
-5.531129704736482 -6.04340386170165
9.261124073298525 8.86140963735054
-9.049141475202358 -0.5106293126127923
-9.556663481535924 -9.410092787804372
-7.381744034276691 5.002778310534897
7.169234445064593 -9.848171597955453
-2.6016596745213727 -5.16826735292049
6.571335299714615 -0.7540429616755908
-4.293526021621177 4.680678246299902
-7.119268151588267 4.5187628887578395
-4.499770630808291 -0.4191520099215289
6.862551876440513 4.194172797569312
0.3246798022691735 4.512157607188014
1.9592956176269087 -6.468079258152642
-2.561274981918407 -4.845284666366303
7.271305976935039 -6.687633723187439
-6.518765606968029 4.491678493603878
-6.028521822774813 2.1973576591733224
-7.947050708609553 -8.272068953820508
-6.761200892232382 -4.680630257894755
-7.374218021232075 1.741599621246797
8.88123669811123 4.962989608278672
-8.004758463594232 3.46655144282051
6.238303930208133 -2.4682961085782633
4.559547903588584 7.422980607084835
6.248255752622239 -0.5365136791040648
2.9383452362774563 5.722528206547272
-7.986406250401075 -9.327677402097976
-3.4214684591144584 4.000606475727491
5.606183307658094 4.755373713354576
-7.604946602295193 -1.0526726748434996
7.51698715636768 7.218038900677136
5.431967820535315 -5.489172269504605
-8.085734211803244 5.7447441749814026
-9.63785051336992 -8.898162302657045
-4.850585541299539 8.311479041172614
0.6759611841414994 0.20653448445850842
4.093254867404381 5.716090108929334
-3.8926640939974266 -3.2944068239354536
-5.242761272953615 4.191359582172247
1.7625860290268935 -7.84751316896974
-0.31123055275144296 9.23392834324509
9.236057182483247 6.3489515549993705
6.779005075438388 -1.5792686279637902
8.581351408685762 4.268586642992194
-3.562955266771186 -9.19617399534675
-5.934433955941218 1.7291953338533155
0.34979837024584626 -1.0385408119489377
4.994623293696733 -7.636829085707091
-2.612606139593085 0.20656290788530818
-3.31932304883283 2.1268457675035712
8.357974444488534 -6.731606337799936
4.0865276440308484 -1.1301843914629028
-3.406462696909349 -6.553885449824586
-4.703714579944767 -2.017938717383818
-0.6015768527352545 -0.45274805182220845
-5.217980190526124 6.235461096627773
1.5014350561117613 7.186314982665195
7.19427856919922 -2.550483433894957
7.640899824203341 8.379784347137356
8.99366453359162 8.923355641858926
5.57434159855595 4.718057752120297
9.15312121661859 -0.705725571056167
0.962129720190033 -6.214604003500179
7.270899510479985 2.7451252354447213
-5.992563813054723 3.98322814898561
-1.4970139710436783 7.298389141057783
-6.884577516903061 -1.3602842114776443
6.426615762449956 8.451088460494812
8.29108862015483 -6.004671525169858
-8.21472385048969 -9.979844928047413
-7.010026211922149 5.7287155832673875
7.071847127346949 -8.848457088088344
8.314253388674409 4.888669566613224
-5.124515702549006 -0.6444120554333246
3.9848263877650236 0.5453956814013665
-3.450103821861199 -5.90505431185838
9.746350914177736 -6.31368562607139
-5.135843458638902 -8.16106576950581
2.330124345683963 2.942250402743788
7.728722777766908 -2.654732241292759
-9.358323861669808 6.477519092807995
9.51181657117192 -9.613515447757976
9.547272014259455 8.976993607584813
-3.839741529402736 3.0886021412410933
-4.0996315100486935 -9.026891883200127
-4.25262724528761 2.197429124283076
-2.3273891689019788 -1.4603226643340772
-2.913858888453227 6.710818742186877
-6.085051464810967 8.178085016889792
8.776732420651598 -8.216706039036652
5.768889164038066 -8.078844248534038
-0.06399195510104505 -9.533078222135003
3.416541894189953 3.6621891803073368
1.3154621222215113 8.42127194585849
1.6847108828273605 0.13602571557082754
-3.351800326497667 0.31560967401264683
3.9736368819698633 -3.680738147153779
4.361865971938947 2.1325079208304487
-5.271471792808072 2.757345386071581
5.002922402841822 9.207491867304554
0.05554654858885044 7.393222891094805
0.655015601178075 -7.049404888773692
7.828918536282039 2.3322954406209373
-5.602394299408209 1.4624241287010662
4.107380551053916 1.6398437373720576
5.145166784911673 2.1873952497049753
2.177508495993754 6.84203553071319
8.039719826947724 7.008917251499195
7.367856796878389 -2.7521880189919106
-6.489516718131918 -2.452941223890255
2.3655426851516292 6.566253811430727
6.973638238129201 -0.9590733188912246
0.6539575788980123 1.1907406144259607
-5.308768262494397 2.4266089258841603
4.425825652913085 6.086316232697975
4.186138070212479 2.472356624133882
-0.7726222785506653 -4.040600822095697
9.139375612036247 1.316658974300843
-8.60823594838269 8.458279798995552
4.4089142849099865 2.352474789800503
-8.56816269010273 4.05092946968402
1.0507417329708417 9.57595323438293
-5.194790238513363 2.799318763317789
3.2764158987641707 -1.813242870344606
-8.817945264676778 1.9777703327837237
4.1050330036563505 9.296288472590707
0.21341480572252003 -0.9991943082554684
-4.696152648755891 2.299290161912852
-5.691343301403576 -9.045234668316489
6.035121680746833 -4.235923637325567
-1.7120002723819745 3.6281354183620813
8.783803014185025 -9.05515148688501
-7.746974884018673 9.575659331262202
-5.367879718187572 -3.2978757108191425
-3.9057996120252874 8.88351074580433
-5.464476913241243 -5.2825026169109375
2.814693520799068 2.4914238314869905
9.463606500825893 3.255092856063408
-8.043278755683547 -4.211740894073921
-9.800505761359284 3.4964053240974806
-3.4537335695509714 0.2227815622628615
8.197954836184522 9.941018766528021
-2.9418709919331825 8.639660378300679
5.9046710870930035 -1.0739880536379491
-5.724721544364839 9.834090381523403
-6.611002651966233 5.0673073873448224
6.859390692755074 -6.3711011695436675
-4.234570915856903 4.487308082594746
-6.4797846568412805 -9.237085075964266
5.947267343945802 9.05492228201178
-2.0260510091818844 7.545294660017152
-1.69794156214898 -6.291236753297726
8.29126547709204 6.121135799159973
1.749849136545576 -4.83604606021335
-6.214962485468627 -5.35369736144347
0.18515074888369654 -2.548705611414352
-5.027836006832382 0.230117371229408
9.640972718563738 2.467460725397819
-2.0228915819331057 7.682449812016657
-7.819630930357735 1.160360785410104
-7.660463255556897 -0.977719533697547
9.092368618957916 -8.970794687318712
5.704788616188512 -4.397622681587445
2.4604024848181396 -7.1623758054110365
8.831047817843785 -9.49013992508042
5.948990500120166 1.685887104744575
-3.99698668770119 -5.7514259541046435
-0.3215251506657335 -2.384919399705452
-0.6111248106503666 -1.9370120089684306
4.154540486266832 -3.7735511405808175
-3.8095048696335425 -1.863630119939426
-8.640790550391632 -7.087464585820862
-0.03178055588641726 3.0271950116437463
-7.478014307548168 4.171576116262001
-3.2686624970818627 -5.067344822634652
-5.376710621600031 -5.2976986881085715
3.543722358065274 0.9379839652623527
6.135582540730681 8.096932459874054
-2.781730085198637 -0.7888812375336389
9.276089867057728 8.5290401247549
-8.896024965444607 -9.54623494234067
0.39438297128248223 5.55457648668278
6.315568884729132 2.8107228789681464
5.598172480193044 0.890840475876022
6.512954599839144 2.7916402026539426
-9.35985399311254 -7.7533502085739014
-6.138679444549502 9.675851117471904
-3.2032369922099573 -0.8168018404337865
-0.653068071590523 -2.8909190258495254
-5.676030365662761 1.520552075208009
-1.9079459339983735 6.2394389834308654
-5.348944917872364 4.708994414271878
-2.8903591648367755 -9.117933120724533
3.215750310863294 2.0740865229023377
2.139128512766268 -7.260933844346271
3.109432149809697 6.318082480510785
-8.112162270566635 -9.195903490449384
-1.9491867515279289 3.3346904113059423
-3.5966773574712736 6.703604513280588
5.76782149987481 -5.4954733416160035
-4.987211276043109 -7.567580668919804
8.492626101949558 -5.338301453098899
-4.931731024877886 -2.246510760061926
6.127720072652345 -7.506954476320171
-3.2303532983884464 5.978701619965147
-6.648227786318433 0.4112556876180147
3.1095234641595795 -2.8552596594689543
0.8767072075440687 -0.7511302827973498
2.291823982923855 -6.990722032290395
5.670991987281228 9.164161300917947
-2.119756213807089 0.46691400444705167
-4.594746617929526 -7.575158121134715
6.955050868321489 -5.305483748278537
7.87574701958096 -2.056825385293097
-1.9552817378845706 1.1175135932679332
-1.5221648169099051 1.0007276293508163
8.717798244910458 5.3977459757178465
-9.418253634691677 -7.964232060550696
-9.975047457584383 -3.181431221061346
-5.691527021160394 -3.4869564054937925
2.3116457088030415 6.705167297409179
9.883125292554556 4.290907820785028
4.974354236586853 -1.0025549530333304
6.992127529745883 -4.524923117944521
-1.3125290399240424 0.5476821539037591
2.0747165568547903 -7.842606608495557
9.738321707411764 -6.992755372560094
-6.480761577252611 -6.463499404370216
-8.84937895186914 2.4211761288634506
-0.9131811659259093 5.064565857512074
2.219764323610642 7.045059410506557
-4.561248842782339 8.270641885240153
5.058248389626158 -7.577968759021352
8.850156489610054 5.857990369023209
1.0011431291714281 7.477783101690992
-0.8913607761980042 -4.482788309440626
-1.9292429342903628 -7.865365417195262
7.548274845929438 -0.15277096707650983
2.8552220981350214 -1.7226473393905746
-1.19244108224704 2.1018649393124207
-3.8839740687690067 -0.625833432822315
4.428343047952644 8.916182461909298
0.28488035050541427 -9.00926882694179
7.780098317058783 5.360516828380174
5.194699510946908 -6.4014536959687485
-7.259759083295664 4.993709104019807
3.4606953152478237 5.535668767028845
7.226406670925421 -0.9866218696868039
-7.526299089438277 2.42573536930629
-1.101054968246146 -8.044670128825969
1.8882057472673601 6.8696993651187945
-9.787704152015433 3.442020954222402
3.805005116315085 7.757979886287313
-5.256348251733467 -1.013533305132789
-0.46438134662965247 8.5954185708393
-8.909520861295636 -7.545205616978457
2.76786077268984 -5.3140692916894405
9.953076373206649 5.684071814735576
-6.9783994964057 -4.251921502302172
-6.6878153350256 9.877292972740591
-1.7453726184616585 -2.6656048392484255
-5.374018095483548 -6.32816532188018
-2.651127069101708 -9.574938487037025
-5.041886105043987 -2.295643674149752
4.363014704552583 6.87029047682713
-7.955397424690364 -1.4994366344691876
4.3161496120712854 3.4294159220193556
-4.395746003601088 5.594612946090024
4.005882509156315 -5.756346307152917
9.504546470309602 -4.111532379545189
-5.22791862843718 -6.921708664664584
5.490005359152876 2.9533600968287654
-1.0526100960705271 1.8814909749090845
-9.618989754362506 -6.894125059782805
-2.83290799930964 4.3837757611893515
-9.121315772838559 3.957658285273503
1.349767378963909 -1.3000861076744492
-3.0846257006984583 2.092449105667594
6.867645853306069 -1.1934577920144882
-2.567761794686212 7.84091131459143
-7.708044766870752 4.149362350684154
6.6797785715596945 6.5598217759896045
-3.175270180068024 -4.786219609881906
0.6857845560021509 3.6883128691002316
4.567180003632878 2.402688553896983
-1.5992020960607238 4.0993953600367234
-0.6336099472143015 -3.7277521086023775
-2.271181614839457 -4.216515535791774
7.158978755923474 -3.561571142490023
-5.468632302145949 -6.0033747169413925
0.7521918336393512 -3.7260311220247893
9.45496323441592 -8.053772743870077
-0.0859274790537512 1.6937510473833388
-2.982542420360068 -0.05522491813495023
-0.8150781880465274 -6.133775037659486
-1.5842911837548144 -0.5177320625530903
-6.638587677258441 9.981553036497168
0.03680397771339017 3.4893836622755163
-9.525181884062055 -2.020122938841098
2.282369966090707 -9.622745110670351
9.717565398049992 7.680807339003813
-1.1948965317234048 0.8359622181288984
3.920675234436761 5.638825696894191
4.813046281497721 0.8958379242432208
0.15092530755399558 -3.543820570491791
7.351602466113455 -3.069409714950025
-1.787798441672635 6.402692453675314
6.596999717907227 -8.949635631862566
6.120765625852677 -9.748093344587712
-6.003952729309341 -0.4240506025625361
5.546994992537414 -2.524627367474073
4.536282693286079 8.485716643030571
1.6674107170231007 3.9979021830381267
4.252917041619268 -0.6789966930669937
0.7137762203770812 0.038637193962362204
2.7980334194254226 4.983840046989778
-4.591585372851334 -2.4937993569773687
9.859145493607446 2.727544225955471
9.145153281725712 -7.022711205186107
5.024994914353902 -9.866375846243411
-0.4282674296726885 -9.771913487613377
7.189377467299995 -1.4385377748107366
-4.620259830042097 -7.757966776894907
7.714032033044891 2.130914471452103
-2.1751394046026356 -9.936924156219625
4.235533252626404 8.722579529409703
-8.036083295200351 -2.490510857338215
4.1848314732758745 -2.7464137566966462
-3.233750452319029 -1.8848556174995696
4.080250882127574 5.263465712650639
-2.9356115393060183 7.521341314361731
7.771098498906735 4.829524297057478
9.208527713727808 1.9776755609306473
8.018878727564601 6.389354369889514
-2.5301478888458195 9.751957199174683
4.695235277494492 9.717460463553344
-7.3766649594484 -2.1431880298680355
-1.6169711405257168 -1.9993214209710146
-2.001309942450864 -0.6758893398015182
9.59097793597105 2.249005975887009
3.8979375106816185 0.5366458573802539
-5.512616340555143 -2.2889114239482726
-5.718276999946372 5.660189904759811
4.202661715306267 -3.2731999105164444
-3.67296353660924 -2.1496316159397466
4.997824775617833 -5.095415350635351
3.071276761199819 -8.038891660632617
-5.062045649533733 2.7138390732208517
8.868001613268618 5.477946791661598
-9.775639015059525 4.534408924121591
5.622622892398725 -9.795310826525398
5.775147408517476 -7.013679074772985
3.4378504845819595 3.028582959759909
6.1251671850882445 -2.3154743184074933
-0.6921999873290385 4.45931785160931
3.1844565336601764 -7.3304992322011575
9.84411137999291 -5.491509516838851
2.0219502230796866 -2.2671161532992183
-8.648339012738969 -8.749772096785629
-6.9570287848782675 -4.378843817339657
1.0860880769616585 8.523020683928983
-7.208859818273998 7.708401466275504
-9.212820874136327 6.745167893833123
6.839722054893901 4.750869695355879
-1.5674292941465477 -3.9241579487289897
-5.597124543180185 9.628710543345772
-6.877302737577016 -5.161492778137379
-0.4594872534791712 -3.4124244318900576
8.95262997917926 0.6596206120693964
4.575137329535577 -3.0249953453314804
2.7511971830758455 2.608556952061914
-8.63131818517836 -1.0817802852388745
9.448070397191909 4.596492311791662
-4.908133620646423 -4.283461243719051
4.112264496494589 1.4648529193983428
8.964515253537172 1.0763699003218932
0.2184023380941813 0.5333561499549262
7.054139538763323 5.748613072033692
7.579863242518023 -7.613837628337523
0.33302148231363127 6.19945787660637
5.432575305904363 1.266276929123606
-5.4669069002488495 9.506642283387908
-6.493621636423628 2.8017862630363197
4.74438404753122 -8.520000176064407
6.08500797262775 5.466465417905024
2.3438441568174326 -2.0721333636157135
-3.6898413121749947 -4.802210142196048
-2.2189895600622727 -0.45787991124618443
-3.0432959910217967 9.902678170897403
3.47253871750128 2.8458046284617478
-6.116294213438969 0.5510681122675578
3.342029404136939 -6.700683755679155
1.8123718760197232 -5.18822671018305
-9.827078990940903 -5.545691504161092
9.359319904851802 -2.125589681109197
6.416326078339591 9.632311189190371
-6.205937304970144 5.464132704228124
-2.292079199873047 2.2370305166303055
-7.437239089175948 3.5359714042075847
0.11509742145095636 3.500526285212908
-5.2141263570080625 -3.2630512108381104
-5.269142075951773 5.115139879027922
5.548020888172726 5.442982354803629
-0.6082267856023442 1.787833081379775
-6.5592663882479085 1.2784998224845303
3.7732334851900635 -7.1403713620590175
-4.63559869021034 8.610099707893411
2.6914917131641865 0.0005092300657203452
2.279753558537669 -1.3362945285576533
-2.543462141787849 3.5540875206791043
-2.4562838667220426 -6.117135567612559
-7.341322925431122 5.766327908526083
8.319788736697454 -0.32405631899092846
5.618953427142131 -5.825462369771898
-0.35864551924091437 9.705344191154747
-3.4273098999398517 -0.8440736905143513
3.8338692616902197 8.811875947383395
-9.182439342011225 7.321322444173887
-9.00841122190357 1.225436237134467
3.3365554258814676 -7.834528591514037
-3.343414724113625 -0.11141001797617633
-4.992519269110467 0.6817704005751573
-8.625870794834158 -6.70343516325773
1.6112024477114062 4.134559001798223
-8.652899601139106 0.37991229902277013
-8.969428374220502 2.3295537360224436
-0.16661856132513186 1.83530186638205
6.857143713361854 -2.504263552863719
2.939122468364575 5.4793500506889075
5.2796424560874105 3.701490548692771
-3.493472670131224 -0.7046436149198456
-7.715811992828199 5.209329714297162
-7.58294207912638 -1.9768381060285094
-1.8821698007504537 -7.960014352660307
-9.974100846568694 7.539655755702892
-8.2447351970827 -6.589324665456364
-5.344602268946412 -4.921665328288047
9.392479452902997 1.3899894625042961
4.301971039131514 -2.5174191227902227
4.148843617947861 3.218257624744963
-8.826919144528096 3.333736160360676
-2.164414752042987 -2.2829716364582513
-7.280696652543601 9.201009546007167
6.5231524269496575 -0.47724802835206503
-2.4258796458304577 -1.9507291314872504
-7.15493187356933 -0.5952674889648932
7.149719266163757 -3.2162091576132124
7.412922156127685 -0.2334791340406479
-8.443330316565124 -6.347535879662399
7.84550451712391 2.1133055558526372
-6.147226837642242 -9.592399246710379
-8.412528669256512 4.350360191257902
6.549552579590202 6.128306242058933
-7.842017501258822 0.24490672728027896
6.42593264120698 0.37555859110774925
6.508303679270831 1.7863981190274725
8.952716483342364 -3.8760616673019417
-0.9018337933307823 -8.146428458964204
8.610661585995402 6.574652139494557
-3.1419318091397974 -8.8557969770708
-2.0184905212700333 -1.7202253362517617
-2.1826682402901803 7.2576725135362175
-8.76332853147452 -1.032197051322406
-3.2706126825935673 -7.73616423696847
2.5537829718355134 4.06919371240539
-1.2221375538529635 -5.236158933005206
7.424030495027736 2.566468670324003
-6.025733263510082 -8.756660612822937
9.201468673116448 4.793000360868385
5.933868755589524 -2.4492404997578436
8.79629052329149 7.180833369782828
-0.7436056409581759 -9.575855982999311
0.07393482852060096 8.719482008477247
3.1866010007962835 -7.681497658796152
5.829038846745307 -4.698783454985811
3.527497811081613 5.348806777992685
8.526275733780569 3.501545455999848
-4.292808592290096 1.5675421654203792
5.424506301167822 0.28907586525393825
2.4910144446231186 -9.328386577484704
0.5480335890269412 7.266640022026479
-7.917290822819227 7.7330700625627955
-1.2441769380077705 2.8793851722110038
-2.5517090673465903 3.6985583665487383
-2.2797445018721296 1.9634625754738178
2.5367955018979202 -5.386884246777816
-4.786616239205053 -8.516714901980295
2.1634453658154946 -6.948175908726233
-5.631457318881745 -0.8887109740795811
-6.091345108122896 7.441334609328255
-2.2546639998510436 7.734820357509534
2.2991179255874012 4.685447313416484
0.07490515611011261 5.926358112744889
-5.002647660132709 1.3313458709184545
2.893777740368222 6.520224526313928
-8.418122574275142 8.311843381351522
-0.25544762236817853 -6.893267281191471
-4.023121330804537 4.703435117486327
-2.2418627366026094 2.19974590272248
7.910706932223846 -8.176455992217644
5.690069133049118 -0.4101719546986793
4.2156571199041615 7.234739849629101
-8.03562061317401 -5.636202359889491
-7.139502829334594 -9.257106515503686
-6.2393118117742175 8.98831905012862
-0.7785148583230939 0.40537412120761473
8.555172872998149 -8.92898270504687
8.723636334513344 9.96668441091504
-4.420810865803341 -4.541678788194659
9.499813261257096 7.633094177138421
6.056752403875528 -8.803258245638242
8.35512330042679 -0.5087770565662897
3.5881886459523944 -5.215544334801958
-0.334253404187276 5.278489895636099
5.887495493970789 -2.653406820504154
7.74110517820754 -9.929561588388564
-4.241885813941413 -0.6136653457059698
7.18319250695712 -1.1294272336455933
-9.377615596470356 -7.980448662824429
-2.9986547933250414 -3.1189223611152723
-1.2882967808727397 2.8677633832101
-0.24909201377806411 -4.704325030834598
-8.922560820217713 2.826339766177167
6.26248999211974 -9.171787616344528
-7.842131525414988 -3.0634359714913444
3.2511372147859205 1.4810147698398612
-7.725671280114527 -0.14335488693316378
-1.1869799861106287 -9.634084472704021
4.726560542359282 -6.987939035808612
-8.982589180700755 -3.480144635381148
5.887941206510508 1.0979502296509107
6.092667339004841 -3.3862852735667186
6.232937562394646 -2.7609054254166683
-8.944075400201271 3.628573423628282
9.444629817927432 6.609832927280888
-7.980646993126874 -0.566637696766767
8.580611293050076 -3.86576299255651
4.921606856764081 4.585623271822021
2.9817157956945337 -0.7754280930996327
-9.00228464566137 4.7820993057905685
9.570404058460547 9.463524162928941
8.086573262347947 -4.553485633294048
4.842266150641159 0.8895507190657135
5.040824478741515 2.890636102693316
-6.73380838944693 8.083919905934916
-0.6160396977781026 -9.888126444893892
-3.3123620317797027 -9.77713586765911
2.0003610195421313 -1.689598445080339
4.940720684700997 2.921311637651705
5.779109206831567 4.99397446162806
-6.548414979467014 -7.59658051422774
7.196619743861479 -7.111380715229394
1.4266246225495234 -0.7962960149355336
-0.8530259946789016 2.1093751786349912
-6.687458059167646 4.522627021525427
-4.917611030152811 6.9980077944708405
2300
5.971217802056568 -7.247880480249633
-8.570512662570449 -9.853141114058726
1.057302646561599 4.551798447502417
3.199996285479955 -2.24024127209206
-6.549697149386109 -9.69714396263332
-5.1794428921527835 1.0593308821670622
9.63236154772262 -0.786830043559231
9.162697765071403 -5.746326915074511
3.7972020274467617 3.9960172501948854
-9.419149734260053 -9.679965154804362
-0.05593262246388342 2.6048843064585263
2.001529378385417 -6.045406072521695
-2.614651505605967 -9.854173781031626
3.176257063869093 7.985412510076863
-2.189844705894899 0.537807070154015
-7.9927966546191564 8.919757469335849
0.8953878278562186 -6.257307434574761
9.61247201315281 8.356197395871177
-4.491620028026033 -1.9884347826313213
2.5860913029012416 -0.32812185481162004
-7.570349682104387 9.770285923448178
-2.739911088885192 7.231610756987575
-3.437210970120197 4.296249702462486
-3.7378919922788523 -8.861934958014587
-5.623580955446272 -6.751279550591171
-1.9588048365050863 -3.0289941745732785
5.80925238841745 3.948934633634547
6.423744830504333 -9.603884630930539
-5.24938449892346 5.765485884824697
1.6501102467396578 -3.140007241726888
-6.127834081211829 -1.1542627140232966
8.144572446756662 -9.130536844113617
-1.6016724733568317 -2.5385024971433072
9.228073537988966 1.1253986023930285
-5.789791906320816 -7.937230917533475
-2.649367500938558 0.14374600369874457
-3.1159658154642216 -8.291353967474507
7.6593475818043935 -5.4063128601766675
5.7632911529215 4.751100000739559
-1.9751311798935127 5.56153321521974
0.8766537231201621 4.399931441226032
5.324555552501714 -6.687987388591865
6.824351483583353 4.699371709088506
-3.046391904339041 5.643512120051348
2.434232865201354 -0.6992109353473648
-7.589068992153725 5.466705336009131
2.09211655500226 4.094224519426374
9.967209694048378 -4.5568744606742335
8.85597220976534 3.472289675148046
2.2821732649246744 2.9584583042064274
3.8113677224462563 8.48004747549313
6.710024295556515 2.454709368541968
-6.669686451125239 -7.902499486679655
-3.9731373451094454 -4.79134917449122
-0.6212649105941264 6.582110831767498
-6.099811613966029 -1.6293632673925522
1.8238554394219229 0.14435935262426725
0.7947851104667407 4.457971947322237
-6.404111581636702 2.390914166445997
-5.962637355438978 -0.6196741310726122
3.558733051772151 8.948996154465327
-7.950154715252518 -9.278541384685091
6.553613558570827 5.409094630010431
-7.40964312751085 5.084479348818199
-7.526474474016029 2.48485774537361
-7.195733996563963 -4.402394664886778
-7.701251711104138 3.9529883626845255
8.534658574268182 5.265336286320238
-6.876720836007937 8.432269976447799
2.507955263775184 -1.965539372495165
-6.288729517327491 9.13217840888506
2.591930750930519 5.284213059560885
0.8739480654833915 0.25471333038616706
4.453509523222968 -9.094342196189265
-0.13240411096399285 -8.793014956816481
2.295267997013962 -4.72194836246171
9.938694645575914 6.256872318777599
-3.182917980025759 1.6635049471758396
-3.9429639185868908 5.917438442016017
3.1289231806469058 -8.300753570955024
6.0124664843615285 -5.709052878000163
-8.076637315942541 -7.217003238635893
-7.52592510092899 -6.501801443379995
-9.306124541182593 6.515231236357483
6.2842492711271305 -0.555952864441057
-3.787899054825532 9.648873941054973
-1.8344073072469769 -9.77322587934923
-6.576060887414929 2.6806479770447176
2.2430012189977546 4.166846144291085
-0.16643974119000582 -9.702588164862595
-5.92509118629833 -4.3432424080904415
9.631812254316088 -7.117012773894523
-8.31522321000502 -0.2541102948393519
-5.442035158393262 3.1173033018783514
-7.256280354499609 -3.2780315044362895
0.6386070209582524 0.7829252521118981
7.32326761757691 -6.9245749028140535
-4.240023836177695 -6.460246273260262
3.1205738234117817 6.765559129130192
9.516554366229219 -1.508226089696569
-3.9402787728973525 -9.213196191613473
9.173238782393256 9.208419851553064
-7.794346647049735 1.131144223827583
-5.560922734709184 -2.6563271799607246
-7.979424363803062 4.198194025459884
0.5856744496545616 -5.854158421877607
2.592759905507272 3.9725956180768023
-1.8821541200688578 -9.816379708815873
-8.419789404343783 -2.3176728327260125
-2.7075229145105357 -8.247459951590928
9.042198696513601 -3.8952510617684517
-4.551544333346255 9.100173801785193
-6.343497338193924 -3.572376982279282
7.268682387958325 -7.122213732354298
3.538220666615926 -2.5676541028664275
8.750092385150257 9.109727162792602
7.625051164818235 -5.0321086106374535
9.178837274171453 -2.4220409214942933
8.537575290694011 8.215606618573862
-9.984680543188622 -1.7025133350464028
-1.5263229434477985 4.65794858824327
9.409211419980302 -5.146507422079905
-4.5358333086211005 -2.466114349503396
-2.428072212420183 -7.960812678223337
2.2413203567132385 4.678302063763072
-2.1914503883051566 2.394796400935652
-4.048809620455316 -2.6091843223223528
4.836728768156359 9.634733019206546
5.515858045531578 9.844791902135263
-5.351072983900433 3.0467972328231596
7.048733760498148 9.863191822751713
-6.935351592955811 4.510970171534286
8.741405188713948 1.194317787696841
-5.527986174047738 3.82820526860373
8.371884772684314 -5.631915770941831
-4.942176509746221 -3.2325416154036235
-2.979861227748028 -2.004814627158373
-7.691806839398914 -3.4069123480897883
8.862446855374575 -6.485570576069759
-6.011333309816093 7.400786288931695
-4.934036531032396 6.947252878330872
9.856827339630115 2.6647532508550125
6.630311922976478 -7.3501869223969525
3.0677230728201206 -5.582612791809196
-4.447915396552662 3.017792883405555
4.586599481582635 2.3961920562430823
9.769543276285894 4.770226018562697
-7.308031133713033 -6.742016222515382
9.678212804393105 -5.214527214946201
-3.041700294366425 -4.615775534945296
7.455247066832335 1.7932850236883464
-6.846718116286723 -2.5036345632699124
-6.631823834856823 5.410053574734938
-4.401689122847044 9.644568278846624
-4.861918676737544 0.3433280777034433
-3.4630360199958705 9.130031961716156
-7.051125175593427 -1.1520026514079582
-8.99069549811075 1.6534853208205114
1.2778768112388068 8.526641832709
6.182374420390488 -7.295292380729519
0.6240322499945776 8.94015038622748
-6.76764868114838 3.2967873267095182
9.517532750346234 7.241147090500732
-2.4449768505845455 -2.2895307874425885
-4.693574533615736 5.209558345837191
2.411365861811241 -0.22683891531657174
5.558956311288023 -5.767524700565674
-9.492986335407025 7.211588975520474
-3.940980065765034 -2.3349546444025204
7.5478731367758485 -6.577140925195113
5.215248756203314 -7.107265646412735
8.286262720179359 -2.30345435182417
6.66676711833745 -1.543397345361175
3.4795547947164867 0.2878947648979402
-1.0106156476808579 8.030334238958645
7.753358170620931 3.5188004936685147
-4.596646001244798 3.576669967774965
3.483437986612799 6.0355952958436205
-4.36717997843977 -4.666051863043821
-1.2006782550905122 -0.00715531113185186
-5.922916700479637 -9.39085793102809
5.319809885984689 0.8386266793607611
2.3684718459512446 -7.401544094948658
7.82981252565833 4.734162407672219
3.37350638460072 8.88026335229912
3.3422118101708325 -2.5767450361733797
-0.9794197360439831 1.3547802825578987
-9.940587994814917 9.460966460418916
-6.749862395491419 -5.9964390039982725
-6.248382447224408 -5.573991135935543
-7.952978809596738 -4.654929063568709
-3.5872932897589056 -7.0211765756192275
-1.4546524385136195 6.818462802137489
-5.661995936441189 9.047362577244712
-6.284992487224105 -3.9823295066786883
3.606078286753309 4.180842066735728
3.7794465813107774 -8.714225751751915
1.2630598721377098 -3.335385607908254
3.5684946023984807 -6.895695605204606
9.561100437731412 -6.24173137325883
-5.52485913020365 1.4213595073164793
1.6113860522074663 1.706811295807416
8.988763368064422 7.6204693546067155
3.9571584920684426 -6.913874182714224
-9.32167301696396 -0.09876628609913496
2.0008316428478405 0.35801451964147013
-7.078520196388645 -1.7678022851570638
-7.92088971931854 -0.3376477336669854
5.725875599324301 -9.703707979606289
-9.16075052984157 -7.143410975595188
-2.760724105484851 -9.00313125371186
-4.154474611866313 -7.9454922671065376
4.323174165878047 -3.323533074569176
-1.882415010751819 4.47442644579467
8.987069226971244 4.239838057167349
-8.484705166177061 6.498971415576531
9.536563830287996 3.2907959963102194
-0.20773456462014828 -9.846418748626952
6.006049327005055 -7.750667670924942
-6.6608360950393175 2.2467205546853073
6.043967221557157 2.577331510027081
6.99532786218111 -8.958856006979799
9.495292219396564 -7.888977702066418
-2.636926019335024 -8.302465212810011
-2.367200989621243 9.675465446972197
0.8081582370864808 -2.325666525641057
2.6198763117998887 -5.926511735236703
7.552348691367225 -5.418673538827701
-0.5421101747222927 -2.2237505824933397
3.4953245376852387 -0.34800318140217
-1.5821598695869135 -0.35555779136851307
2.1891294368095373 2.2848191099329807
-3.1011526785577503 -8.425148567146497
3.1493197658672667 1.9531236334180981
-2.148496401712359 6.881187982445336
7.24336349853559 -2.2758438336815656
-8.625886304303148 -4.440144683893578
-1.6346945569952265 7.463858346712229
-7.320853918909929 -4.544414041916022
7.609317681995449 1.132131318893915
-2.032743743854599 2.4068758062132076
-8.300610294613186 8.274596247188338
4.92187289965689 -4.871564377174908
-4.8312910973265355 9.806380127898649
8.473238678833017 -9.522201331965585
-8.01309177748671 -6.3208910932343665
8.666026137099824 -5.413655628226097
9.669361093609478 6.8246331240118145
1.405324480485696 -2.403749420848939
4.114063385804688 9.958857609995992
1.4754982043452216 2.0865667126465386
-1.6073638739741547 -2.1617193552008063
0.3862848522017579 -0.3091307782195969
-9.944722865042834 -4.487061816351597
8.90955502920782 5.071421729480257
1.66008190666256 8.947261606089523
4.174094356323895 0.7258643444771167
-3.2716166424120967 9.048591687730937
-8.245421860190149 -8.130547009236187
6.9179235265276375 -8.614645054924866
1.7253960460436897 5.119203731407602
3.8128294501894295 -9.96162801527899
-1.3068389303832575 6.427720101740334
0.17528159214842276 1.6994910909637966
-8.3496315729587 5.113870895044059
-2.4160017825571334 2.6686616997707944
3.1820846513864858 -3.0131311652920134
9.560561857458591 -5.827775954901857
5.869670460754257 1.6840684300370778
4.1704429188117125 6.817230011477456
2.0302568087180823 -1.7372195078643706
-6.301841748407568 6.827516423164518
-6.224472440968207 -5.344967155080544
6.716560729473187 -1.5576824553880044
7.080425225292188 -7.7329482657149935
9.86845932664016 -9.036836045223852
-5.734676633782021 -0.09572382982186411
-9.325557610545959 -7.031381721872297
-3.439061973503321 2.7117764554548884
-7.844189623937554 -1.7144415397856765
8.532737250961034 -9.182048159308806
-7.060079947949223 3.02140173582565
8.122293908460815 -5.997765799943422
8.953968949071509 -9.38163469718183
-0.20466023819396106 -6.405899611474377
-5.256059421791268 4.303191973595457
0.9853871298423229 0.1372378115899977
9.939997994403818 1.2711974775536348
5.682085672070327 -3.001247862418097
-7.236823224859082 1.932962881474694
-2.672910626239979 6.37700347535915
-8.297443994295806 -2.909705707180226
-4.886238837193499 4.91900126854782
-9.023950962743733 -1.4816846024946866
0.2260532381308309 6.145677477168519
7.717340070936359 -2.064654622740476
-3.3632201426948827 -9.702641734054612
8.787918067893152 -0.18928031299104653
-4.1908242492706265 -2.998324379131139
-4.872940869016964 3.6920789087978143
6.925146521988925 -0.3639422626558044
5.841978442903276 3.8538391955868754
-7.736483046096296 7.637646964369637
5.224424834253956 -6.2578694423658465
-7.872370776889408 3.6553232457011546
-6.9777126485394625 -5.614090113777365
-6.714149378513669 8.215893065564014
-9.055118071851815 7.923508201367277
5.53256600023645 7.788020348417206
-1.4734716537222319 -4.820534734702919
-4.4762832249649325 -7.437490849522559
9.06288920591927 -6.277667705536594
4.192152605947223 9.314909155178224
-3.94293452329957 3.158713327011867
6.808807948788271 9.574463641598896
4.956206214546468 4.983599979281049
-8.349488313804832 -7.623983721493763
0.874325427388003 2.816040027939973
-6.176543735746394 -5.113767225887107
9.432579792552819 -0.6364544621228276
6.440469125674586 0.2266665892338473
-6.204941185777257 -1.4459667509669867
-5.04493525120135 -0.24569266794580003
-3.699130713657608 -9.275894416547194
0.3592115255857937 2.3256014310597912
6.102443078446818 -8.269469958171161
-0.33112814243816224 -6.857762480250706
-2.95199737219328 -8.423172935881983
5.16382559629281 -2.7125489143486643
4.168980427505986 0.6916163728078484
-7.37712360421807 -0.37990658817113854
1.2799919330456149 -9.091753141094706
3.3957468956425974 -4.7557144946698475
9.157295264695723 0.2680625504437586
3.6203118585493463 -3.70479835994775
-9.645605049314094 -2.774236551640527
-8.080622008678393 -1.0384302208629403
6.087785839515799 -2.937208747179609
7.614258595023923 8.514544840977646
-6.898990467120747 -3.0821850027302204
-2.3787389381796213 5.059207159273363
-1.6182864395447378 -0.247490613821423
4.032103936433906 -8.155506081037752
9.819043210796067 -5.145438720676172
-3.938428767412492 -2.381341585836503
-3.984488380011591 0.8761191792697396
-1.478915520917674 5.360507280406141
-3.368968809809294 -5.005428962371036
-1.949518470713059 6.0557037594060965
-6.0610508710514654 1.214381708340726
7.5543973327478575 -1.3266680394247174
-1.6862804022151305 -5.071051201458214
3.4063102337115367 -4.802095306201261
-4.012417782137576 8.904187833483942
-8.06066275156585 7.763989962514554
8.052142117709327 -3.493414633256558
2.0606357038040315 -9.634623138490575
9.118884396350065 3.4728380845050584
-0.29632356748288835 4.033654765326419
1.4569163000345036 -2.167607403047751
-2.2285615788828768 0.998079499487881
-4.841880801084271 -8.96846865731649
-1.594189738997141 -4.3190704492286685
1.0893298467886385 4.631080056541229
6.958494564257215 -5.841215324618265
-6.372741110629725 1.5951625309749744
-5.614236994704418 2.145571313223275
-5.906094967458076 -0.7603732004176855
-6.6634727396953775 -5.094777698696047
-8.673570462938756 -9.583714260655832
1.2139107431426375 -0.20553802389763298
-0.9554771907020871 2.117255523870309
-3.156651875882302 0.9419368115295121
4.681440251921135 -2.625474148584046
-7.757629720039743 -8.884319166808925
9.427851730297466 -7.6720231168063036
-3.967765446177327 5.750811860027522
8.306499328052663 -2.6756911817453632
7.588269951909464 2.904840194564599
-0.7572001125411081 -0.21304665511400245
1.2072831574370273 9.949214337450194
-6.706458462225746 2.748401276060786
-7.38473074900287 4.061246802583192
-8.783718239358727 -8.782078181612471
-8.19777252766574 1.8447571305770118
6.533828372268541 8.337178691347717
-6.140648791167793 3.7889466715105318
6.793567710586675 -8.753349625922795
-1.0356116834807167 9.055857910907402
-0.8165168648506338 -6.181661455457014
-9.68855289022626 8.039433152716175
6.97697771367568 -0.4379768596071756
-8.725681777388077 8.161398498664024
-5.916941029461498 3.030780372225683
-4.6695132229383525 0.2867156980407799
-8.956239372973672 -2.811939412796427
-2.6611118863574372 7.819114958990806
0.05774101198725745 -1.5927549833023509
-4.3772216073922205 -4.194632251400434
-5.255068359329349 -7.647352286772467
2.9099616312629077 7.861032672443102
7.932521108069555 -1.1572163090930765
8.000020097410271 -1.1484957748322238
-4.543995589786183 -7.152317743542438
-9.658951011011524 8.13879390776918
-2.3509670347058176 2.3912197122267465
-5.35535386508111 -0.4523827388428625
-6.424327677301909 -9.813712485080723
-5.5886450515487045 0.29418426006673926
2.943329183856074 -3.859806553567906
9.735661661181616 -2.9923302818046356
-1.366122145090154 4.025161116771944
-2.2716958603428683 -3.6427602390803893
-9.392376017477584 3.5653905383038165
-1.7492498417222961 -8.919297762366767
-3.9333947432281535 0.16654542369506942
-9.545584308361907 4.883332303827165
9.268050037329992 1.3946724998741828
0.3049709599240167 -6.9579975683766975
6.010357497414837 -8.382152821078195
0.49264602117718503 -7.037580577022691
9.08354275047629 9.999177352407848
-2.488489573512931 9.769833476783141
1.3159746123408933 -1.5827364867915517
-0.2645046133419733 2.531597528240825
9.812118842061992 -1.3757346411734535
5.330662485277012 4.960021235571588
-6.427485805819135 2.62386365867064
2.1050079831770425 -9.139748426426276
1.271154074617261 6.482077891176118
-8.727999319403224 2.348779463165263
-0.8027215995108445 2.3118270954298286
6.237501434858721 2.859166395453723
-7.942174735579782 6.561917570223983
2.9853652893270137 -4.121925920630629
7.941732514469564 4.789171779055776
-8.217452562410806 -0.11553913620196354
0.8446099996741712 -9.305621653995246
7.3065263700144065 9.730080983824351
-5.957840751710464 5.870233545883192
3.6063529693644742 6.635937287535047
-5.231236768282366 -7.432259539980539
-0.020865439655082696 -6.778852016294634
-7.445351452919207 6.362139116719071
-8.054068192177217 4.7860497066051995
8.98452804029414 1.7162433624332998
-5.602220455259412 0.9225902752492505
-6.29150768168659 1.9332709853002772
-5.69046443671512 -6.663552054525768
4.820722045530054 -2.1331174577099477
-0.2837862019840678 -9.008483223481402
3.3111678580613972 6.113323455442746
-6.476306943623175 6.7116503342952285
-7.8740720250197676 -6.053450680521295
5.437050025841252 -2.360418383176941
-0.05694709323837266 2.9858944865246944
-7.804574419530546 -4.899024326646191
-3.0062662318030853 2.5345923128819763
7.987439890647213 1.4739410489818017
-4.177161987176669 -5.233897100878842
-1.1011602170455959 -2.9789921712691942
-8.69561382016763 4.272446363245891
-2.995918593205058 4.136880950818236
1.3182857827428585 -0.5501748338199661
2.4614176050924623 -7.423897997344826
2.219173248791357 -6.013351734576558
7.399077131152069 8.14739785497795
-2.641132021161625 8.51816837392629
-1.471666767493904 -1.577409973726276
-2.3211446555645754 -7.770780080954389
3.2274380004170453 5.2423137539971965
-9.648660824519233 0.8671876414265984
8.262379801276584 -8.722072117660012
1.7643533950020043 0.945990532981444
3.6562894786143616 -5.400388826627882
4.623145017356453 5.894778484905212
-8.437054656013759 2.775789786533906
-7.541266737133132 0.7674880855833024
-6.429223579797611 9.942460626979997
2.058459643678521 -8.743198619724524
-4.506434398201797 -1.9153226248793835
-8.399536104691913 -6.060286891277567
-1.942338848747692 4.260636717512069
7.600765863796564 1.0266430524752383
2.170078595686382 8.245796765980792
7.068669911439983 -7.862908099203048
1.0792316327826263 -0.9930131650062997
-4.745558143441258 -1.250242211934264
4.357508674463297 2.3043128283419083
5.678397099126592 -1.6836333396000196
0.023076833911856554 -5.979326153338935
-5.885047727418186 8.024142184596993
6.349955320815766 9.803958833368387
1.37453188559852 -2.561730247889866
-5.621538328761391 -7.011047038555274
6.235079911363798 2.2745661036937275
-3.097324316367029 5.4094916218555404
-3.2219632493884536 -6.869445768656535
-3.0164196858509147 -7.951565547470256
-0.3767384559243965 -9.825886204746366
-7.320225162012816 3.1824251862532105
2.451444121455747 -3.9526525474177525
-0.7862175787353625 3.415233769629385
-2.0774449711049563 3.610902599727428
9.831148444365748 5.8188756745944445
3.840148028028519 8.944095849903874
4.430520755254596 -2.1718320954192993
5.996454373668243 -4.46055393683356
6.319307136395647 4.289841143665523
-5.496077021077461 9.306179782765312
-9.281069614846153 -8.376694448106177
-0.35834286191011344 -5.381964037000218
1.8757660919618768 1.1573308243742275
-5.897666580451542 9.911436322519684
-3.237821361412938 3.6179193946901993
-9.462664162605126 7.319819175492025
-5.732480842586776 -7.084054576990195
7.278589691464855 -8.009006064241479
4.53780704870705 -3.1720956654279657
-7.867933714727203 8.040652545102699
-3.07021400245268 9.681846710292469
-7.840153983781677 -3.946953377689015
-4.500994538200967 6.378962638356477
-0.6541021163025711 0.6349974000121961
3.9591507099325636 -7.372350192197326
6.087192285543026 -5.566259268760736
-3.781010846475641 -9.251236552583366
-2.358064220506783 9.642470000317722
-1.3855225787738448 -1.6895237294601024
4.222628266649158 7.849657200733905
-5.627750023533071 -6.600174414729938
5.291686126515071 1.1386749066763553
-1.612082781910459 0.791219576249663
-3.7209508071177355 -1.5212493541883791
-5.729562627911699 -4.517668850611647
6.5140055739568865 8.99051499972682
-0.6432926955532299 -6.313766979548367
9.66288484887809 9.22791871650876
9.64272530991898 -6.176599487856653
3.540823876361177 -0.03193957033110806
-6.461605111421525 5.639152501351445
-1.1676166761103524 -6.375353074927872
6.2452818450400365 -3.6583127134213704
-8.035070729372457 3.0589833219273626
-7.05908974925652 -6.59428916417461
1.9236188548168585 -6.147076799542706
-2.0053631661977196 -8.453262807209398
8.395666802883838 0.04839518530926945
5.022530561899748 -7.005153121475633
-3.2425749601350784 8.238114118687676
-2.9195273437386664 -7.836339292777148
-7.595858303854359 4.520512694760139
-0.7727796699515999 -0.37012655933962435
0.7609161422563062 -1.8368443292517398
7.229779491324354 -2.878431645267212
-8.181351188407277 4.689041794798204
0.8461263609652097 -3.6168906421140594
6.221860767284767 -0.8464807189397696
-5.9269932422579075 8.722503949982038
-1.8512588730565653 -8.350509148561
-8.08659065399703 -7.38636031467367
-0.43761941697512086 -5.828520106899637
-7.329142289761997 -0.20162759951211484
-8.047109814670332 9.309869127076812
-5.533793074739886 -9.86726690228898
5.614578888616812 3.5187397011938604
6.616031894346669 -7.099131477649423
9.787673663223334 -5.043658671389862
-6.662872836058574 5.842557839880396
-9.96794614224141 0.2566603323193366
-2.2348658515698734 -2.1989032164831146
-5.064307556153722 -4.514884769623723
4.3547716050689615 9.566603852537959
-3.6851000418031132 -3.701775304072763
-8.179115878107496 -6.018179913059802
3.398062921518129 3.7053346943061065
-0.664352414942158 -3.027821850679997
-3.64401894833708 2.343700814042416
-8.817377991501873 -3.5994327572363023
-2.2011212971560106 9.213018890838715
0.31963624352241027 -8.40998266075401
6.736820254779445 3.577484268281916
-7.842420405375186 -7.198629405261614
-2.5465429124768546 -2.910997566025106
3.8600814924067954 8.214583206526846
0.12503304394703818 -5.694349242189787
-7.887055399407994 -5.71846967558165
-8.612619526768162 -1.33813981913978
5.894969624664881 -4.80607096023526
0.36841201693282954 -2.5305651272038387
-6.501956768750031 3.852142805945803
-4.574861402468859 -4.322754495859735
4.737361363563108 0.3873485659568683
-1.171452693851311 -0.3527581489466982
2.438066033235426 -8.735835021723092
-3.44621846464114 9.011119505301707
2.671692323315227 4.5456858171135295
-9.559849158827676 -7.191564498551699
6.097622130957134 -6.075839520294968
3.3762206769378107 4.980205464312871
-3.678518165154758 -7.414394874816352
1.9235857835589254 -4.0270053966465795
7.3232399473750185 -7.413261699526592
-4.0738438917391555 5.6527574554567455
-7.813550456734553 5.158471628713038
-8.42610498304465 4.576991795022959
0.3158030804717029 5.598628058677926
-1.6285616241614047 1.9954488832125001
-4.0076003791159165 -4.645721929924875
8.37103065092299 -5.0005310030547
1.5968676182909487 2.502716032529957
-4.254339892532057 -3.055642643061562
0.7235639595484962 9.985283100603024
1.061834723983182 -0.7315471447627822
7.822242929005768 1.7468690898073866
-8.434401454295077 5.129004272738985
-0.41761077490751575 -7.4169408425747125
-3.214289751451078 -4.126578557266011
-6.424012884285699 4.92980567107195
7.978890145712633 7.698880387685225
-9.497786832085014 6.081870639859552
3.446235356090435 -7.581651880000835
-4.021322361326569 8.896973849076417
-8.057775338205357 -1.1156714549693092
-8.934100887205862 -3.8733689776173064
3.6246098628488355 -4.207855140421664
-5.174539533178589 -0.6109304250570684
-5.574346188862325 -2.8711543217915487
-4.681506056492209 8.708929678829389
9.243973388525614 -8.15963826209601
-3.569743445025906 -1.3698889689379516
-1.0654168235046946 -5.2541056899633
-8.769802819458425 -6.099736633393704
9.435727352896606 -8.86277065793255
5.36411202187981 -6.676018930368015
6.702732608916584 4.62680171169206
8.561902959310167 2.0406483239798483
-5.556550636828934 -1.3827989297962962
-6.213442681246351 3.7779657010533096
8.124281191824402 4.309893852736648
-3.0201884640161385 1.919205662161838
-0.35131425981987263 9.907809353998488
-8.20508219284006 1.1098142431868965
8.584525328604975 1.5540479896218962
6.135928177773749 4.693743673956357
-7.486540482630801 -0.9126984054682268
-6.688664943303686 8.598025209346527
7.022966600372417 -6.645275662099288
-7.306056785277302 -5.35448745925712
-4.049948043325626 -1.2778336583112715
-6.990856426013745 3.5322884317112333
5.958503096868835 4.400060869209327
-8.6925963210798 5.076853547635196
4.305535068405797 -9.801474417876685
-2.593236643417411 -8.874236786397034
-9.240733902141322 -9.082986785376137
-4.1499101204467 2.733345827213668
9.656177642423334 7.958844184903107
1.0219959135509438 5.8755223472232405
-7.00118007933405 -2.24350826199127
8.13214158257908 7.762644615459902
-9.952095467265348 -8.253211616662686
5.874742106399344 -7.329420228018371
4.632850072858041 -7.056126594776584
6.828026027946908 3.5100752402765245
-0.018880660961308138 1.9841012557795707
-8.339098780800569 -8.884210020599596
-2.7947539595100395 -1.7362456232897188
2.4712540496731137 -8.75864209443357
0.42235749315928217 -4.555446966203864
8.592862768438906 6.225436150278632
-9.963138447708527 -7.9467342420061104
-5.64744048189924 3.468924035019878
8.817198859085668 -6.655415896586838
3.685117016918614 -6.993819341308061
7.288017407384693 -0.5301866619373499
6.8935506132826845 -2.9933661308114123
2.0485286606151334 4.559151627800894
8.217234905554811 -7.687117669385481
-6.772286351302032 7.250557165507477
-7.188316689446439 -9.640717989792162
-9.39997173042407 -6.189732788440601
-9.112524508180517 -8.350205256027245
1.4886945696453253 5.3033109534866
-5.3084206018338005 -6.731260043880127
7.246464862165123 0.9095966844374068
-1.6038915792682182 -1.1680117542988846
5.677864166054096 4.80006097602149
7.160908287470278 4.08140763844661
-8.253620804871185 -5.797719185345929
9.834426016141837 -4.547065187357873
-3.5382799195897814 6.048431786759892
8.370641899967264 -5.679760052488312
5.076475447401812 7.579988295471566
-1.8462903386160257 0.4465756022253853
-2.3169175186540762 4.037984026075952
3.0529788832583087 -8.952814494408443
2.481930760902948 -1.3731371615726573
-0.6725010476683924 6.372739098212669
1.8318698190780829 -9.11597692141388
4.619701788553439 -3.4379774461117734
2.56542904924542 -5.098816148626096
0.3639145229070735 3.675833119472216
-9.185274984887288 0.6280155562371821
3.626828243268159 -3.3454764615991905
1.7389793264199405 3.61354507112927
7.819036115616299 6.62140670125434
8.210098792479059 -2.5920118723003016
-4.56091007697951 8.270983943244318
9.383353287869227 -9.907118768009234
7.015013548188055 4.406644409534346
2.7993075826921228 4.832363833571252
0.699472781409229 7.200745033913972
-6.431347496670652 3.16575528294079
0.5686274038068682 -2.805679432651038
4.1559374276555054 -9.91788854332466
0.7965208923766234 1.4814495168882473
-6.168145181526179 -9.562947068649068
-7.101890133773758 4.002634029176011
-8.319972768993118 -8.14654003694621
-9.598199782099627 2.342017884560125
9.719688339317855 8.187014888677862
2.0564036859601096 -7.379148578133088
4.8374330886399814 8.968898506307216
-3.832137851104531 -5.9010647043928754
1.5350727735149796 -8.946803285229251
2.3452107982872956 8.72976243199943
6.322288428481908 -8.933530188696743
-7.069788180183949 -0.6660855893295743
7.891819440997686 -1.6387746608257707
2.989439650042323 -1.4150153720962386
-7.41446261873107 3.9838352561640527
7.23019009356608 1.6860506032053237
1.9569860605810305 -1.4638992471377144
-8.49883679808495 1.1984535379543182
3.8745100174767266 -0.3331080962277042
8.03290444698732 7.799800492672233
-8.739967717651364 7.3182439548438545
8.172660521094919 7.71814179518708
9.977106201679934 6.203772048359063
6.067218700010592 4.535229444095293
8.928140039635117 1.401394128056106
-7.252945271242195 6.911317158008174
-7.685781708458597 5.769832770832956
-7.762285817343367 0.14560737643907906
-1.6918609748283746 -2.966972665498611
6.398485747142367 -4.627884309542014
-4.381743441509817 -3.1821054359553163
-6.252042028948345 6.4687138498436205
3.4654447295836572 6.527143789786219
-1.725995648255811 -9.488438091165081
-4.247214393718377 -0.2194722614425899
2.2110777231400327 6.631815203025408
-2.1902593502839878 -3.3738624963578134
-0.49556588919320355 6.750778465510308
-8.192872803366214 -1.222060216789238
-2.2864539257709655 6.031764500250102
-9.714807601957148 6.348528805414205
0.4981642548176488 0.04694536680282013
7.818780892940961 -2.611523182290836
-4.595771590616112 3.4444327350013424
0.0547710556142178 6.689663500911852
0.6895675205877705 8.793195880902765
2.672777685716037 -1.9259393340647986
5.04340608022609 -7.217893374048366
3.7443788871838493 4.809106848208788
4.380364537560645 3.1420049534769117
-9.296716795880688 -5.025094635486789
-8.733433171726615 -7.920473214140427
5.717061459886443 -3.277327487608865
-3.873847947476909 -9.517935740721937
-2.736570519280612 7.055073686560473
-5.161054164603735 8.678170379673514
1.2209123801153599 1.2606986391166934
7.631642276354466 -6.626338079721603
-8.802812466428392 -0.3046092238099245
-3.0260037778419253 -5.35693940538021
8.45109693380342 6.081168029955972
-8.910407061537038 2.8398859778111962
-3.832035622779104 6.40262681852991
4.242339889651872 -1.5090455247361607
0.8319851975258548 -4.7753724075072075
5.980397944149573 3.1436029163357997
2.918692890600843 2.3252436700578336
6.5009139391309105 9.777727815402365
7.465791771019884 6.662593593594835
-9.151063193866293 7.736044933769591
-4.287086551916479 3.0662177699247515
-1.7491844022465557 9.168320499095152
-8.513019964773473 -5.1048143987777745
6.080836243321631 -4.0960859863752415
-4.015927775004826 -9.3980908844643
-6.12557418348546 -4.291499789604276
9.358843467331798 9.772332332417768
-9.181408170313627 2.158671867169023
-3.7454568030930258 4.075110719328039
-9.300262470462783 -4.00696996255268
-5.334270547740849 9.68197969381006
-0.9126024436918083 1.0756163757796404
-0.31502239705480406 -8.004850893126427
-9.999603825716662 9.038503260716585
-8.07571485657811 -3.0917779157565572
1.8183904328803777 -8.670656433138577
-8.567363758019885 -1.9455926876560863
7.729914137510658 -9.255644708944153
-2.763195241550747 -1.9896497129094897
-7.397361185887634 -1.725552968417361
-4.190979736121248 5.023213447439062
-1.5387427836402239 -7.236652264398091
5.830270622340787 3.3516632594731455
6.30701545803824 -4.15295824604325
5.3383743518332345 -7.85854640341994
-6.318707769351233 6.405736583072251
5.237761098480178 1.5556897521689237
4.869955542426432 -4.384338821108818
0.22357091364725257 4.146602509697129
8.438253449842716 0.36509092842085167
2.6977503925216695 5.608621388900556
-1.2144117639014844 7.095512747032998
-8.85617108338077 9.818463768885842
-8.693386285605683 -6.5010126904690075
1.561375983847789 -5.1833683446401
3.622996863130023 6.039096445631383
-3.8309884822213895 -3.066304940243203
-8.953597610328712 8.150062843909517
-7.917279132012133 2.0018031436325288
-6.712637314134355 -2.0920892075601794
7.247843291227859 3.092785206488667
-7.879347554516912 8.834573382976703
0.08207815736206037 -1.5889011637396422
4.031084470970413 7.89255095954675
-9.358510270763052 -0.6962644940814382
4.585124034252363 -0.8871231587476593
-3.5162058828823195 -7.37042398557286
-3.839337893034241 -1.063390774952067
-2.041634546177087 -8.636287281487043
7.9949748405950665 -2.820478639241422
1.7148090163523548 -6.42905221207241
3.3405074251633042 1.28521396592941
5.937710568038492 -4.064077841448617
6.606447075622423 -2.1094228472463428
2.303637294825002 -8.41238736299556
3.6584845526011183 -0.024288087607249764
-0.3508524619116251 -0.2884402963063337
-5.233033869362467 9.631938393406429
-8.802312837350696 3.599058359191904
-7.567432564368842 -8.606400241701689
3.5138501461907126 -1.9410418926606852
4.818116545889222 -0.6190191223635804
0.7650225010633847 9.745524561227267
1.428473094112876 -5.902744278606347
7.9730924664619565 9.484815898598452
-1.4884300216216424 -8.23532920068324
8.649850447258178 6.852169577426537
5.161987806309975 -0.4130575938147203
7.640658074037454 7.368042362801372
3.4406792422258192 6.788973536814041
-3.5938366189077637 6.828015876882855
-2.4154481759006057 7.377477067223921
8.715548543312647 -5.4710146854104575
5.625333151293111 4.821291807197074
-8.071818904347145 6.750164070752987
-0.3442404615126282 -5.462314970978066
2.9186387944056413 -9.10607617393988
1.7532133384655815 3.4217267738588006
-2.2760444946430436 3.4579364398665398
-8.948325297831417 7.230559327147642
4.560221362333506 7.022319818735987
0.7874274379036788 3.279585526337412
-5.79976647241724 4.481998708684749
-0.2537757118637529 0.6218786299849697
-1.437005520044579 7.61760027873267
-0.3460260204404335 -5.31295777303648
-6.956234322251298 4.286448288086916
-9.816729462505574 1.4611805320857805
-4.543155307322417 -6.095695556425826
-9.605554708986336 2.5193892800209525
6.653515776009698 -6.7492403864693244
2.7262780206349735 3.803581402048488
8.65112952524668 -0.601968676214419
-0.6907266517157069 -1.8520294034833196
2.355193012425312 -6.320041815095145
2.5853468803970774 0.9862186295325515
4.229737077835601 5.6412230668172985
-1.928098049883415 6.923394809689178
-0.08577210979380112 6.97030218334238
-8.961350385325344 -3.7623151756079753
2.8999098246457393 -7.759566427694398
-6.764418772032112 -4.90037100026065
8.590624637070302 5.7653841153244105
-2.8311964177869875 -0.11905579157964397
-6.974055078097992 4.946373044884515
4.136119170026525 -7.378258301321134
-1.5379374194300546 -8.939046231323026
2.522788632629439 -7.385158639932632
-0.8950753088975478 1.4599471824000858
7.345921181607714 -1.0779815574555442
-2.9693323618353844 1.8236834203740226
-8.115568682871173 -1.0491817992883128
9.593648410106539 -0.2577222838421349
7.933693590285877 0.8154296555254543
-5.811117953728518 9.963495235092314
2.2319505342695596 -2.2226709634766557
-8.40848777793495 -8.359872869395202
-5.2736097239445545 1.6197040471894102
-6.22961452798561 1.5484646268473092
-9.00671362508337 -9.29115824348547
-4.922671077350658 9.63008374813582
2.6213165584534597 7.39762043964798
7.406427464031786 3.9656582017702497
4.866408871172682 -6.362552167499247
3.7464095428118505 5.6741829774448505
7.0497821811490695 2.3134000060696103
4.661565275510114 -3.5048932103899695
-9.00788506158938 -1.7847331029564728
-0.5929886226249597 -7.833708086401019
-4.2031149204422125 4.087406912355897
-6.322690613575162 -3.8369202813527314
1.9548288667526101 -9.065324770094545
-0.18922038349039738 8.722938368988714
3.722522613845694 1.8118638869064618
9.589952740257953 2.604391567661038
0.021206415310135895 -5.271606233896873
1.192989504238401 9.67221512765121
-1.8338083869234154 -3.102951342382072
-4.413537559174772 2.98561243656917
-8.013328814891029 0.3065801825175889
-6.19829848523298 -2.927302628022921
-5.478009513341546 -3.284011005024916
-2.132891257301197 3.859122946084927
-6.444146337069991 7.97605391466751
-7.575225003527071 -7.987680671387816
1.2522211230547686 -5.129200464823169
-4.264889949440693 -6.813433258532102
3.650512569888578 8.350914844850188
7.890717414501282 6.6921995008937145
9.353436823413631 -2.0925093298730797
-4.838645441996096 1.4845989993911513
1.056650986794697 -9.871358012420373
5.101894011622294 4.7317651296760825
6.584431223382776 -8.799762186469348
2.555993057137769 4.532977538745545
7.350131939553542 8.585368991823945
1.6739963315484694 -4.545599972654504
6.718474788845754 -1.9165400683586995
-3.5743026062342365 0.4011080313552675
3.9545363835822265 -5.604513635849053
-4.028752359890813 -8.284563389513256
-3.200442683946796 2.221786188776541
-6.6437590815928615 1.9217207544520285
0.5886105019138697 -6.397392533870859
7.335231330101617 5.948783649998257
-6.146708769574369 -5.1291950259794605
8.331700608277501 -5.595692489682424
-6.285503457740664 2.3354052223681254
3.0916343716404207 1.7814997400518333
-4.912187828404264 0.09833919077238562
5.858972213635639 -9.230038621662903
-9.821144065271374 -4.538223777720553
-3.324738263397946 -6.218372092414521
9.412065322476451 7.115477629398754
8.794033511937368 -3.621162979494354
1.182514187826957 0.3388654209469788
3.3733130379171214 -2.236205667952915
-2.5955939681565816 -9.375374353043144
7.09335206990777 -9.06320997911237
-8.003202241401063 -9.460807578439546
7.876239754018609 -2.9179773632165906
5.201310432216072 -3.5107315104616994
-0.5769272115758319 -4.306602476923103
6.691860554529285 0.5292412110347335
-9.482882790570454 8.405978903157386
3.698635225569335 -0.25214597458334964
-2.4197519518221977 -0.28038915930682506
7.827763516463111 8.010430900850821
-5.191646640895091 5.897980267580518
-2.9251880936223724 -4.390745972951365
-7.989119920847014 8.034495922018301
-9.467552414545771 1.9655568539014734
9.519835718415642 -1.0143204946448172
0.9087839864578822 2.991948894879304
2.4836341570430562 9.514690218970362
-7.029566727533821 -8.54349754138651
-9.969647630182195 -6.929631085851682
-7.553405683531642 3.7842891204190536
-8.785705077830029 -5.626551953187993
-0.4480629055699641 -8.246839941478408
-3.3646894104144227 8.25678851773997
-6.233817688895444 -5.1934669409990875
-5.081143846538874 -5.339333696147797
-3.31257560445591 -2.1117532447679865
9.461918189884766 -3.7226055234716027
3.7521544104798625 5.600439637397477
-4.143757716959737 -0.6397292717118575
-0.36999429397218897 8.399849809098786
4.753688767284935 0.0985338653891592
-2.3966893434729624 -4.40378944587168
1.4273196318451014 5.032792530185548
-4.818636863341763 7.452799246592598
1.6394766241808334 2.2783280735522897
-3.185849647364374 -6.7856953132017335
9.160862184352961 2.8942826821664074
9.30079917417276 8.396816173449608
-0.7275100475235945 1.4748156947520048
6.345061059026683 -7.740907858665396
-1.47348588980722 8.680572284260823
-8.631608342211539 -8.730988563612422
7.367262448567054 -0.7540782308433478
0.762082381720024 4.452670421033202
2.751859256035601 -7.291669118905581
7.508954547977233 -9.713094907994911
7.250878231661172 7.73933140467031
7.527524206078525 -6.167653527181402
3.9152767392572034 4.712438721315957
9.338455313257093 3.744177558193737
-3.350378386550177 2.729559628336391
-4.5864184177279395 -7.7804339941321965
9.133849892334158 -7.074993445254942
-2.9151120264861436 9.796481250091361
-8.864519217639923 7.932992828516063
-9.370353657023538 3.2222045688114402
-7.277931810878446 0.5183159973509692
-0.620246578465407 7.421291366946033
-4.205655986696675 7.2963663486937165
-4.638904732854492 -0.1633058331635766
5.519413614833768 -7.1363634437951
-0.060681038921572394 1.7808857504264974
-0.9462755779682723 -7.91307841912298
-0.31186843646815277 7.301944870140542
-1.1408040364287508 -4.059262550213756
-3.329605708725653 2.3204651117825907
-1.5495617094440899 4.476205671112776
-3.641392039029059 -4.467333826531624
3.880117571087977 -3.9036470872214357
3.5146406483205155 8.87034489013255
-6.912497603735119 -5.596547756226005
-8.648981615118585 5.990819448835438
-8.56840223157064 8.911939929483449
-8.531076666326651 7.270566685051477
-8.246607082680404 2.273781164776974
7.548154528930205 -8.6340153920204
3.583656489586245 -3.5628421768003182
-6.777900962758363 1.0241083427978666
7.348353958724864 5.027705543824872
1.7283658046672343 7.445760840022761
-4.677070655973643 -6.083394048845472
-3.925963322029138 -3.3085895003168524
-5.041818806274581 -4.836107280152822
-9.015072562805644 -6.516623650072015
-0.4425786834334424 8.561020087292427
0.8572509605979874 -6.468346652360641
-9.201130186089141 0.5520266702853256
0.49625673665668835 -0.37667211247721255
-8.746901368015699 -5.7056988853602135
-0.2166979747435711 6.601080238547361
-8.293336147893367 0.023841131776586977
3.9254347655059156 6.85275641198638
7.729684851022846 -2.353560121092235
4.188701632535121 5.292778472777842
-6.15941592415531 -9.1045772576025
0.7452203098629067 8.900314249811402
8.55934860123552 1.0657342522583377
-7.117845283645137 6.929537694928815
3.282911142880513 0.5875556884655104
-5.8690510500067035 1.032921243123452
-8.262042328681945 8.809240134438618
2.94028941563594 2.3154436653316104
7.313646549755955 5.727958957367196
7.918794841680306 -0.5922958093508672
-7.679957074919253 4.148722996147292
3.760378511926337 -8.104950392429583
0.24850926082565294 -7.294271756037132
-3.655847397935908 3.5569028829732208
-6.650760073919848 4.976205479919635
8.989411951635883 5.9757367750048935
-0.732729403627383 -6.726109015680477
1.8590972463615625 -6.931009811072846
-9.760134247356277 5.286572018481655
0.9741366328416508 -7.89935714398474
-1.078084744162421 3.3428945911038372
-0.21672473309078732 1.1554642197929237
4.4261488870677255 -9.030655528331268
3.5471554306305606 -6.328456246559579
-8.952657517974572 0.9692362089395452
0.33158267427113763 -7.151082952506151
2.271859265895378 -2.6450836145902956
-3.096333291622959 0.22597930831835633
-1.3870208951518812 7.374670266559448
-8.315074803373008 -2.3894606746535407
6.839210904383492 -4.877104612090301
5.911931024188021 -6.349001027245242
-2.9663738754814517 -1.4758495352081802
3.3478518126669385 2.5439065217991637
-2.291452609446429 7.2855680890533066
8.89340418368057 -1.0507611743296934
-5.879481527167993 5.120362557157421
2.545614675604382 9.213698382423573
-6.53477568210363 -7.32948539110688
8.444859780579733 -1.058111156017718
8.119967618724282 -6.225709110449893
0.6910261832537508 -9.411481493181835
-1.322676474229599 -8.525724861735235
2.132122357756881 -7.2610475219945325
1.813778732690432 -0.16915880567245623
-4.1458024877992 -9.323615091351297
-5.451621476090178 -4.823855111733463
-5.557381518640683 -0.3651252525070152
-7.759107900754363 3.438369193562581
-0.9892319290036085 -9.631962530745513
6.2580288682587835 -3.3763447746358244
-3.0207524859953256 6.3923316743311815
4.696591346509836 -0.5127694168626604
-7.2126306930816835 -1.4721462738484838
7.944977167063524 1.5496085209705122
-9.806716731194502 4.297672594691996
5.349231462121093 2.926740668991803
-2.225638068374172 3.4885536765781193
-8.901668069346007 -6.2063514170864975
-7.835113955714686 0.5533538861984173
-7.8140806881909475 4.087523030061355
-1.3104520350629052 8.7692215410671
-5.820038016233076 -2.9544843371352343
8.541237365264614 3.3914864617793032
9.141541112222939 -5.247775725381672
5.607839355956719 7.3757020507234365
6.746913087006455 2.370763177967479
7.392500250520214 4.690210142014644
-8.448719912658245 -4.475506731524186
6.155308609225507 -9.921566857845063
7.113693128657175 -7.113087019258986
-4.408832824304216 -4.2097762458359185
-7.833868430393056 0.6295283600401547
-6.595173674936339 0.9980805892236084
2.9391024147755793 -5.314550960919615
-9.481476070562305 2.6428646569068626
-7.497841140835428 6.145118003912156
1.2249071928921378 9.031214178646461
2.740784439222594 0.2096117437467644
-0.6059984484360736 3.599228924188843
3.0324510053335096 -7.388530905175186
-9.75946618537506 -7.273295181329296
3.5782953285017705 -5.216894674160388
6.784458944086634 0.16661658690898307
5.410296148785347 -5.230027676953622
-0.9208537512205126 9.717806481901558
-8.8418888803971 -7.261080442084773
8.699037195945124 -2.3844571904794716
-4.550971050777433 -2.6031349379603093
-5.731247526830641 -8.51312652118443
-1.5791466477245422 4.779123909148604
-5.151517261286167 0.7715702163415212
5.262377557668598 6.252738676248892
0.24119315473283542 -8.595969464602701
-8.031199627102975 2.6696792128545273
5.267078223978608 1.7841939261606257
-9.060096083977314 -2.004933204005283
-2.071515673508615 1.432869595378346
0.5411587131606268 -7.226798603290758
4.108093802260422 -8.665627674054207
-0.16295331734731278 -8.525625203881091
8.125454859523494 -0.35261279868865003
-6.417156555706627 6.997111977402941
-7.433732992798023 -3.2232523245415123
-1.5901660229206716 -1.2888313662075284
0.7687066080406026 -6.277590017371
-2.260485536360834 9.834367959229738
5.131306248335367 8.574970766168008
7.236436673315172 1.3358516979979012
4.407693315328556 -0.12608954831481256
8.92860733393838 -5.229071830334881
7.344024777276907 3.366449405206458
-9.869799382328718 1.493769216358821
-2.2529285380741175 7.5101854109278605
0.0037692642329112402 -5.218356955212837
1.5710662644002955 -6.406296539410262
-9.158458586247951 7.6270014269043145
7.790984060689528 -9.987971673367165
3.8265018238611788 -2.097759973118249
8.916283687217422 7.028700192314961
-9.71465780771429 8.99489802743128
2.135882040521837 -8.136930232516908
1.5524566013755603 -4.203803614423293
-0.696706268964963 4.642866843928722
-5.297193501135515 -6.223700576592643
-9.765244467061653 7.38341796679709
-6.074660759844967 8.083509172903774
-6.412046118914018 8.74689592121976
2.866437790423525 -2.8990037497439314
-7.073718835816107 1.588234744235642
5.268120547998812 9.264057400632591
-7.082341426697449 -2.659392721868281
6.675051257137071 -7.013389508241337
2.80664112650342 5.301278771742089
-1.7491547374503256 3.1051933059696584
-7.443421284187776 -7.88347598240531
-6.678691795374814 9.7947170818239
-1.5573796352207747 -0.6514544245378424
-3.9895518213138814 4.931742001466741
-8.360300810970628 8.854265773244421
-9.91652953687698 -7.472017932132382
-8.443752755316625 6.31790658551353
2.239100382657531 5.271671481235206
-3.63646532903684 -0.5356495464720634
5.219118675901655 -3.562896602110883
-5.299788970000678 5.661509130054803
-9.15214305267006 9.574747741923787
7.964870362121516 7.858485722754963
-3.85497330566041 4.0977187548047525
6.493623564861078 -6.806228113523904
1.3784821640823033 -1.4718050914483491
2.3746381321956385 -2.0815854919670462
-6.415432451781817 -2.2570157376980404
9.47556420190039 4.53562034551889
2.130581247751884 7.467111750521429
-3.145267739995548 2.3487644439941775
-5.610540845634537 4.043809231270659
7.9101566490054935 6.573435452624679
6.653218973244918 3.322679261225934
-2.8580989315829397 0.8853513908931205
1.2843753556684128 -4.246320918997688
6.139934789317518 6.5509917931577135
-6.2488188546182215 -1.5867786992532054
-5.208843987172058 -7.252051017033024
-1.303646116639662 3.2781301634551205
1.0583824622102647 -4.147066460205259
9.865637890187635 -9.27227052101324
1.8379980381870347 -6.013694376733727
0.890350312539244 -3.0952257647204657
2.180153463476014 3.178774021971943
-8.817446228391574 -2.8928631932089672
-6.733999610828536 1.884255298960193
4.33148036235713 -1.4625373467848473
5.075193836723567 -7.092889789136656
6.6133092802242 -4.219166536491392
-7.457497803919615 -7.0099182536397535
5.334687901527172 -5.970084291128128
1.5581345348972508 -4.442956660175
-0.42677902661992917 6.683849532467693
-2.1612857836343258 8.298577930230554
-4.289547153791256 8.847053214075355
6.364469288449101 1.4465856174751597
5.4608631280131625 -3.8130327303179996
9.92654220270503 -4.466260971717338
-5.938353091892957 6.733709051191411
-1.1955022252705056 -4.624375990227357
-8.446923895410531 5.5525629749669925
-6.553762419365383 -1.3009247307010234
9.430704648338121 -7.493112466314519
0.6698452298948236 -1.130759130586405
1.6014650670007118 -7.749117256686382
4.610837129614811 9.795217321612569
-1.1462468726474029 8.831896730464038
-4.163680281229423 -4.531014371339475
-7.2098893717451285 0.3115489232141684
1.8946419554890692 -9.22548332692801
8.257788632562114 0.24249496567189155
-5.057911741499462 8.542329616970893
-1.2335461693250682 -9.850533467890461
-6.150901365299221 8.967646316717484
-5.323442687703741 -4.320512899749856
3.1654089411587947 -4.653684454066493
-1.3625070122961507 3.689965872241988
0.17366414953509768 6.383074484887036
-9.670196710276347 -1.229687877098593
-1.671115985497579 -8.358014112691105
-5.378158131133808 1.821267229332399
-3.5468926322760534 -2.0024934864645267
-8.994729418501322 -9.919602543793452
0.7638987940223174 -5.182025482810191
-2.425707406793882 1.1433400889830985
3.2642897859285736 5.274843281347209
6.932520407377133 4.023735633274255
8.930861093761251 0.845474727133249
-0.7634195790178229 0.841065776285923
8.24146366786837 -2.965958869415055
-8.235976835161797 5.105176626667504
-0.5039405611482106 -5.417622278931473
8.71308729270115 -0.9039943240004185
-8.682334450148497 6.071051668556365
-0.22964706240623123 8.659647394278135
9.542598505999507 -7.136226741719483
5.015219726692672 -8.569276751370207
2.3095672121990702 5.7198552598431895
5.695949575385093 -0.9721615441359948
-9.893901482762308 -2.897911652682512
7.9705912395608 3.8472398765818063
-0.0751113162991004 -5.4672436438207095
2.9829047386219756 -0.8241787112310774
6.437672567530413 7.596194685129433
-9.445458338818884 4.873061135738618
-0.14814984608420723 6.681143130836421
4.0903369730570525 0.7108453708791718
-8.234700219729413 6.289570031019469
3.555246096196923 -7.39402646505769
-8.246915436882365 -1.136246079899868
4.484392205674425 3.0362677299970606
-5.3536050835651405 3.5533905276550186
9.155170582199087 -6.611313444298197
-4.254476920092543 7.289965881729454
-2.22385426636815 9.161644006172917
2.09305288510685 -3.781102938916523
-3.162126190412593 -9.372221839058199
-8.30682230800683 -8.674988949497983
-3.075512380338374 2.2155593897225163
5.410198343049748 -0.06535218351044314
1.2382559913369882 -9.305615277328167
-7.205151490978419 -5.966810330337491
9.858014146303006 -1.455223202984845
-1.349936066630569 1.2434799136343333
5.042362969196271 2.048555034088203
0.02394341439016401 1.1267812992927588
-0.504799271753944 -0.9804379257609614
-4.075186336363393 -2.620815240227035
-5.975239348926074 4.951804167266872
2.185636490935911 -8.36849025115496
-9.227311324923392 -1.314083064566983
-2.8612518849040125 -8.00350953485809
8.321682550761555 -5.2900664550225525
5.681454285355063 -6.349772546026761
-2.6494085697947822 9.198537962423305
8.278205228214762 5.107544214463353
7.000072978553504 -8.700180649447491
5.458359484226278 -4.461801066182202
-9.517611047837972 0.41203716532902845
4.270252655366292 -0.06254866415867966
-7.264401873525657 1.761578940155042
-0.6198782188356606 6.173598380228459
3.4615233585690355 5.932274965472326
-8.218042356385782 -8.710913089187418
-0.08648875868200001 4.287560571284079
0.7361205560930362 3.4364966570918405
-6.248307335045478 5.390623516988457
-5.562029944670035 4.6671366290000655
-8.145306156822357 1.2764397727379873
2.2566569801217398 5.412533762948353
8.592664102514082 2.2710467614944427
1.363356571039187 -8.671135987897937
8.694503836497493 -7.254586225567721
9.080718737159522 7.524073746216185
8.118413540740633 5.025052805350441
1.281626413039497 8.36519832650438
8.564999636747299 9.505698388278027
-1.8404736430437865 -6.6255964337666935
-9.456850330184741 -8.991487876304758
2.2316040597676157 7.329242708469888
-1.8786779904909139 6.300230551786342
7.861928320380599 -6.879415798916035
-0.1936397740432021 -1.5452296424269552
-9.839856886983666 0.6410715631037167
5.003732469547899 -5.544509542534746
-3.495694990009368 8.866382288583136
8.975830947619123 -6.41074365804992
-3.9493763457450637 -8.61549611927838
-3.81503094816982 -3.781827240195204
1.0918740511902918 8.800726380970655
-3.671858839942514 6.353734098258915
4.335251408666583 -5.425194047431412
3.9178900354978303 -8.342188054493874
3.590237054742323 -7.741558288706174
-3.9349758918974276 -4.775183157665904
-2.0734742155336905 6.356877225292635
-8.544409954907943 0.2968376006452349
-0.330184650558774 -7.654507002915656
-1.1241731042818444 9.341534094452559
6.476228758208492 7.424188546306457
-4.436242310084064 9.671700642300035
-9.696789067886911 -9.475404569622013
4.58022176127697 -7.439113631543142
0.12575211286108257 6.343044158148313
8.069809027831642 -1.9979681298263134
0.5795564683132337 -4.393530786519171
-3.6501039539166547 8.530340194589368
9.17635487931878 -4.658283191213009
-0.3037107124359135 -7.941857102526129
-4.221212650943215 7.273385962167648
-6.760584928166811 8.249070759342661
7.130395738576901 2.2699705467036004
-1.3163493533054371 6.695033101820037
7.4853843545863725 4.56379247499099
3.3945346334312294 -7.2814122489269035
-3.869350244572911 7.313969255020712
-9.604172695653634 -7.520056384978664
-3.8737834179233266 2.0738592228552157
-6.371501124943566 -0.24011326160518465
-8.972337693969273 3.3515497008010406
-6.616270800448662 -7.067294086193345
5.993092485064217 -3.3058582911788115
-5.441586450001168 7.904912688082344
7.631256191306623 -1.156114767253058
1.0468697403070504 -1.1055808925023989
4.581419718965163 -6.149683947402826
4.0681775992191245 1.5057350932036648
-1.0619546229343015 4.948315101812057
7.378915061073084 8.707267707993033
9.701327582926819 8.084084581033078
1.9757511269106303 7.808934023418409
9.28262973571347 5.103670178286572
8.02150978107396 5.29012155988176
-2.17282865726186 3.3215710546445383
9.196517084585505 4.555146847631766
-2.148209292385226 -1.5353688898016227
-6.895616399812821 -6.759629559877234
-5.732131622103413 -2.3179928788896875
-5.334683288439795 -2.9094622955837686
-6.736719591963613 3.6324844952277484
8.475526374781374 7.047274419863779
-1.9044835378423493 9.055868402216369
-8.796059135752397 3.142464701612626
2.3696182823941 6.157694534328833
-3.9596595537777883 6.694998638815289
0.22053368723349998 -0.8808913609123863
-1.8493844069047576 -8.046649833205455
-5.4373323567460785 5.113535689940903
8.839899823037204 -0.9211488059003319
6.984206281487857 6.563016084902028
-7.205602169540861 -7.851961499433497
9.145733590001864 -7.8054302955016475
-4.49828674332289 -7.635301530924576
-2.431193858406635 -8.376886317724717
5.994653414012676 9.406087121129914
-5.151972587697635 4.377349354642142
3.048018119341764 -1.0305850791191844
7.356391317567596 8.535274932564676
2.887513584663843 -1.7540276826391619
7.086378806766923 -5.361674032774097
-3.9908977127676692 -4.193137187671365
5.883728564656067 9.172587477565575
6.7610182363550955 3.654000017787368
4.3026164094761015 -8.853326810157702
2.273150781579698 9.244678550560867
-6.215638402962032 6.296780575915147
5.680777797036267 9.324982698632734
2.5537909914049948 5.290735095709939
6.05901276008013 1.019719054777049
5.0539260764191205 8.60705473609167
9.82470900876239 -0.7031355402997939
-4.8883996592340395 3.1885621440675127
-2.476462508986492 -4.054554648933328
-7.8273983118588735 1.6058014396906835
0.799771901998005 1.4010223365507564
-3.875265731550459 8.449822503125453
-4.8198317227757 -5.373595350957332
8.335260305900306 0.42594961890057803
-1.0811959385264913 -2.001329083928387
3.0380358746451 0.9698662086536753
7.9139411116837834 4.892652238812074
-0.8233004484424633 0.7023180614100717
3.0071786552566255 -8.65500128804192
-2.491917082037787 -2.739455772155985
7.93209645470489 -8.699150450722042
-8.282538772434915 5.798729406048421
-9.35341304895304 4.661608553252517
-0.8791601382990564 -5.601012720125141
-4.567799133898431 -0.9169517698872482
-8.24156953440232 -8.391880038097439
6.139455255815378 -4.1404457690063445
-4.932669737458921 4.34449090383586
-4.517807273919923 5.46649560356429
2.586018091888917 9.826062200835509
6.101916922605845 -2.622687213562502
-8.556409388884834 1.2931308144434936
3.7597405071493917 -5.076531598445937
6.0616939631958004 -6.911347456407054
-9.02110510335903 -9.289210920822573
2.4255854508096046 -1.938953169150695
9.467126054467137 1.0043371954734717
8.168365045436023 9.985030207639902
0.3999584613108951 -7.769642233105605
-4.262048907271174 4.714650388426193
-2.3232915573282025 -0.9070639341385718
3.725219489123127 -1.7378811689834173
3.56528878438273 -1.6958524963770856
-4.519785729899308 -5.443003337480221
3.745130954459256 4.9206128184523905
8.252612117365352 -5.8532144131851656
-8.00517141392896 8.703767085930536
-0.8950689480337903 -7.009446005622387
8.077015867710635 -6.130096923771855
-5.316943819018256 -9.99501127445399
-5.437897207133268 -1.6576077972089251
7.803565880578201 8.434116108866508
-8.330282317909255 -7.462738764081691
4.212535600215531 -3.107386883732306
-3.090596881993055 -6.288722112357059
2.8293594077776003 -5.984034100826183
-5.477899599792915 5.467455482601801
3.119475302895724 2.949762875937692
-2.1043262920515478 4.883042829484898
-7.0295647285657274 8.674387252073746
-4.1881753058162445 0.9432468709392499
-3.7348449596497897 -3.510053789599457
1.1324315419845377 1.7882413731059366
3.5856201017084146 -9.161829267289294
-6.4176332816482695 1.0170800407953138
-1.580663335254739 -6.9040367672567715
7.96864552997803 -3.467653180594912
8.95359194645005 -3.9637291476471876
4.890228585033707 0.6726442357968647
5.609657967219615 8.28904643478775
4.751875724160746 5.575368860462733
-6.535851607157612 5.238435273139341
2.830589434193552 -9.028682068177154
-7.4035316294038145 7.518169790381272
-1.4291284288012722 -7.2262947859353055
4.578196231579408 9.151413384128869
3.10185556636182 6.666678560267329
4.4793482171074075 0.4868917970453701
8.85373513715135 -1.6420618107202891
1.761058201990851 5.997203021479889
-2.579283599458355 7.743348354712435
-5.618171510216925 3.898559848422405
5.071190709889761 8.448965001731853
-9.176074956766547 -8.323967044587553
-9.62139112039946 4.458773673300421
-6.687284798513449 5.60123181409703
2.0463412153084093 -1.2042768960941501
6.610150010725807 -6.409207109686667
4.9093225282005974 -4.430281391363593
-0.25988682637343175 6.082795222033546
8.6045292228203 2.6842056497162314
-2.9358147456067503 5.715025189210277
-6.917701583667013 -0.078372686558847
-6.679234844989179 3.304516893492808
4.921074563197534 3.6674663658579796
-9.240443736706787 2.128485643463236
-6.707260228029199 -5.918413941678118
-4.838810716798991 6.718085992112336
9.358597216440302 -2.1949116001892266
6.683597927273016 6.397859539398688
1.8604241114149005 2.8500450346976987
0.8973979377877015 -6.970912076220701
6.646614671479657 -5.896690484726969
-8.27041474741781 -4.385671765898942
2.5120738000102154 -9.356632471719657
-3.821481760341219 -1.295313067421553
7.09302374418569 2.0710421580171268
-8.547065113234158 3.191873575414659
-6.745126602288241 -6.712193664463655
2.9784293605955003 3.538361709139009
-5.111506555834695 -8.120477779689214
2.866350439718852 7.757414257779658
-7.594844524685476 7.204001403225792
9.325498460761253 1.0268883335343837
-3.2003222835206095 -8.350969351203707
-2.236284156372128 7.8640069152549295
-3.0814132159461565 8.151401799617513
3.6993663227303735 5.300370722078295
7.14513133883996 2.474780121753126
-4.620604280680931 -8.583978684558307
-0.6149217433229648 4.019070197139712
-3.64590037071374 -4.667448732971938
0.979960980650457 -6.92703618192676
-6.634109437061866 6.830101329264686
-9.518977626476888 -5.537254033220735
-9.437138554150255 2.7714071592615657
-5.238876169997571 -1.2770940673643079
5.725701901696823 5.91576808556397
8.28088294322965 4.314163882174981
8.356120632870471 -1.953510209813885
5.244686283236987 4.4073975991374255
6.27735810200414 8.16407193790894
4.94585908306993 -0.07186694066515287
-5.689868830457215 3.0517829289330027
-9.1069625922321 -9.591032827100715
-4.082847019924774 -1.7030151240772504
-7.2761045839329475 -1.5503991034139837
1.094235106421987 4.788002896930765
-9.008577333177804 9.344327763835164
-1.6622595551794124 7.35447971144562
-7.888056118048743 -5.68961205952617
0.6313634165376705 -8.48897898398385
4.669008909606969 6.226137411770495
1.8427762230747025 -3.016598984979706
-3.5041115193536587 -0.5633387938080787
7.164853617296057 -5.515773689672185
-6.586274574705038 6.76742318615193
8.641066270660627 -5.265329042999214
1.1288017761615556 8.156900682106471
-2.8504542871699208 4.117344492521447
-6.537495317959017 2.958256614014406
1.9385650256036957 0.6332444175242546
3.1012240178393125 6.035913010488844
3.6696871672566367 -2.9239397045611204
-1.5969471403592514 8.89045278600554
-7.954930653584609 -7.815228055563857
-1.5001505103450707 -8.31521301589315
-9.150837160728504 -8.090085321344988
-9.521480306536546 6.42618011888548
-2.9830638333505277 2.371685999375927
4.329720689049694 -5.538641094847561
8.23834413458949 -1.5509111198457166
-1.1821460421184042 -6.384660072360879
5.520930965048983 1.4233738800167846
-6.707057051825974 -5.37378510973245
9.141266731606585 -6.007509850740682
0.4926683323806369 9.047242279172266
0.24887259931191252 3.350606053262217
9.510977786783531 8.151737160369688
-3.123352720179879 6.263633399062208
3.85117042325183 3.162337606778234
-0.29116362536588625 -6.215118713317369
2.689972772103422 -2.8987911162489173
2.0523880808908928 9.242420490414588
-6.553498952614667 -5.6136240439807406
-5.086976984786875 8.015807768430733
-5.409315464857595 8.549722913211099
8.756127175559023 -0.4739414483959159
5.128513624870568 0.7862198335821535
2.1901732924032693 2.6095661305906486
9.45007338006302 7.593871955931675
2.545611547521986 -1.812786981354563
2.7421376596252074 -2.3827697576734224
0.45204448011202913 7.097682835179437
0.43809917247896024 6.526399486491446
3.7528166461719827 -6.844942305027524
4.8147792962826905 -7.2294498479176355
-9.67503670263228 2.006995824660054
-2.6887029304362304 -6.334312601995804
-2.4452722462865673 5.66339778910811
-2.068377466903362 7.070503187558337
6.897086324907836 6.074453211132564
-2.5520413429712967 3.6406327077478338
-5.97965872042483 2.7307782669509493
-9.29776887896299 2.0468472759341196
9.410024232058966 8.145678771574616
-5.729232232549675 -4.447870623185799
-2.858024351486197 -6.6303096079303225
8.703473824392741 -7.4037829502845725
-9.362818184826265 -3.187324191693415
-0.40147719928656755 6.695265591157316
5.32217495416225 -8.108855241894474
5.367285154264662 9.67675056297653
-7.699619284006538 4.012878973932265
-6.182408177345378 -5.694491297489346
0.8111132858933718 -7.568070570265806
-5.345694136569843 0.49893526658224374
-3.631951384066962 5.058261129362316
-7.552798827759788 2.8319407085798805
3.100578887457859 3.959095621057262
-8.320854905401562 -5.506903074881915
-0.3993384067368151 -7.846956550785631
-0.9023533532093992 -9.355575261868925
0.18269083131651698 -9.346030159667313
7.762266427004693 4.3310867345028825
0.918002678600649 -8.022736467304398
-5.3845962119513935 -0.5793101778918448
0.3981387175093172 -4.5353280898240556
5.634380383928983 -9.909283035132239
-0.942076878018181 -6.177113909112464
2.2241129063625564 -7.1756571312084265
-5.035661910529083 0.18905162071119364
6.780397331359236 7.4263233315816635
8.782385625082576 -1.6782434563477278
-9.10436571060363 1.8940507935350723
-9.214988759271348 2.1100337300490892
3.159232502947713 0.7654413128092052
1.3927147834877829 8.34441091645655
-4.943630211603898 2.452137812401551
-4.718525766810362 9.307318995762085
5.144857436762633 3.880375388307824
8.598540393299473 5.400736825311112
2.8908921364390565 -0.5830509357139562
0.6964523340993907 -7.274987238574049
-4.348514385299868 -2.0608070614865293
-2.768153912673121 -6.5520831393620345
9.631311194389227 8.279953077858316
-4.632936471081264 -6.652151914364546
-8.179126529977982 -1.435975628088288
6.201136797998267 8.006554769443778
-8.20315259704596 2.2460116879417136
-7.8134253213639315 -5.268136981244154
-7.781776014417359 -7.8375896045916305
-9.23480284149819 9.907968877960442
-3.9821078490519923 -5.868275236547444
9.786217929531954 2.1262443495252974
4.847638910225722 -3.985168772411014
6.277581522337844 -5.048822654444535
0.5090252096515435 8.925890930000595
0.2479168120312547 6.112618328688235
-7.669645116127908 1.173960212401708
-6.70745624043075 4.9163980369899
-6.742016411379163 -6.601830028464009
-5.15415212742578 -1.6987635407769623
6.943563140066338 0.8525970225089363
-0.11277535140727224 6.110153453513487
-5.1474110582632076 6.163971687827647
-8.081307964387195 -1.9544071231981164
-7.154934351421742 -6.7686420210919485
9.990880183687729 -9.483827317981374
-0.7144556602092464 -9.488639817197564
0.7927020592769463 -7.694952298410145
8.089159142468503 -5.960197452886042
4.564272680238695 -2.116107191080676
3.0326865412006256 1.75173751100591
6.556693858945806 -7.864742574426183
7.620072570711617 4.540512982866996
-3.0154195022476005 5.769433746646623
4.32131776008986 -1.3252897354891005
-9.647951164782755 -4.9679485310209355
0.18780532754118617 9.543654739339836
-2.866949568386725 0.41364052405519836
9.33268597046444 7.586498502680467
2.179916863890405 -1.2134109129393433
-6.45521120574289 -6.502961541620409
-6.961252090731431 -5.2732715004921715
3.8905766107772948 -5.252880943549309
3.898382891917077 -9.991832751163436
3.03459819087411 4.169424886856646
3.723607250107639 5.2726356040199835
1.6843397058716203 -7.749790004553436
-9.986987150159877 -9.857437765234497
-6.885694176588939 -2.816741525014592
-3.866507212237373 -1.7141868756105634
-9.096709724449184 1.9896481683823453
2.332372537009304 -7.799620764913573
-2.2197139436101043 1.537335074934207
-0.7078505366611676 8.853445499077978
8.379842704499627 9.81316657707567
2.4764730826349695 9.552807014044689
-2.089274659926719 -1.4209585156274365
5.784277196534406 1.1893414124734498
-5.4106280839724725 -3.2951262074168604
-8.979755441160563 -4.584569016514138
-9.535795105963995 -8.84194176275857
-9.98526962541373 2.824423477206432
-7.9568391269730965 -5.265550457061869
9.753133580655234 -0.08024201549316246
9.272254843469707 7.528029182653476
-7.986714944824653 7.452502057009596
-0.6288198095670197 0.6359653516747947
0.033998177138078844 8.621993285185741
-5.829615121407814 -6.781680727863002
0.11700692872409313 5.705828501013224
8.669560266517877 -3.2058122667369133
3.9501349885839225 3.7982121720468918
-4.2433870024869735 7.130084837943333
-5.589779537310886 -6.882566118133391
-1.9627058228404888 4.163787949051393
-7.734950971909984 6.670050343982531
-4.773432094249004 7.706622998930332
6.231653356296508 2.3574697201575354
7.621417103924372 3.531857590837543
8.723490699267387 -1.447517646185899
7.379790620501126 8.37546475138824
-5.512077437458793 1.734110426008721
3.231586766131336 -0.8569950694135571
1.7815628123307565 -5.57868798059074
-6.759741717617079 -1.0001957359979912
-5.7188491102800025 -0.4969210620400659
3.958780341687211 2.341127238361832
1.4923870941696862 -9.357133522171992
0.12458909459886058 -2.8347221962218105
4.100312621807856 -0.3807330020935584
8.859827296055926 2.548943941619296
6.278109912836584 3.688665968449911
-8.655198441198726 -2.0590682054644986
2.3796099005101397 6.6242833940868735
-5.935165115521426 -6.701676115868849
0.9101765535588253 6.696415298709052
-3.209248423801368 9.637480304026436
-6.9275821659117165 6.027310937714475
-9.439180178736866 -0.10559257528056776
-5.12928048187923 4.530649899782533
-5.436542505010533 3.8112005936298523
3.1362310597617604 6.891641459002223
-1.699317951349764 3.0484850105859245
-7.906276384150446 -5.5804574348606
8.180014572218319 8.081457732180535
-6.466812310119538 -3.5823497648299174
-6.695880772508542 7.447521904342867
-6.988106895429467 -3.6357599383513817
7.432964261331215 5.297907448028454
0.9076344448004221 1.0206664102858287
-5.879803762811518 -2.8505822172232564
0.626767894734213 -7.628404154983787
6.017948245267487 -7.870934470277864
-3.120802642552272 -8.874454948527378
3.015681604980731 1.9870460130240435
4.8114692985138845 -8.243719659874962
3.998515991471397 9.82909873168309
-7.594295011291483 8.971744033557055
7.385350133807844 -3.797695818879614
-2.282559909029491 0.5222783890850238
-5.10266552090044 1.6514997476557465
-8.178005287362497 1.4169407170199815
-8.209085775297586 -1.6534776690530766
6.946321094026654 -5.986525911806151
4.61418307286792 -2.231493484010967
3.8623095970555177 2.3626924922134602
-7.326180085077157 -9.054478878479513
-3.7865423089756467 7.228979107616734
0.12293109320223294 9.718007230162435
2.308040256520007 -0.8488135963759351
-9.979723906136048 -8.169492877406931
-3.5646442706995662 -8.800061901916564
-4.12039216304904 -1.4552893942055682
6.761828816906785 5.473230881139683
-9.593870643162107 2.1775035759458774
4.9843277548034255 -1.175580904564221
8.589536666317176 -9.94802749484718
1.206629663774649 5.914336923002425
-9.999335003812945 -0.8996454861714689
-9.051529243437065 9.049871279038243
9.063547660767426 1.4586876629841061
6.993530244650742 -7.32541930204752
-7.6639670560614 -5.313383049685452
-3.9028914961854984 0.32521965266676744
-9.684301409077257 -9.668788727731405
-3.542637433729608 8.665230516085888
7.341112939651158 -4.427451057203038
4.233822765219561 2.020477816968423
1.4990617487157625 8.8079541504047
0.2873687969213705 -4.077296780737976
-0.496548410529968 8.552318984347583
5.667804063134749 -4.106168212237158
-8.937710542162327 -1.6257503084527407
-7.568602934447388 -4.659492266804439
8.992440436639441 3.3609293396201334
-7.014004097216608 -0.5717706042095898
3.1161122217701127 7.143809404220807
-1.8981937288324406 -8.924119340334782
-1.4479989305607521 1.9433186030416252
-8.239354480484323 8.534007389077459
-7.428723450156669 3.2994812140377547
5.347062495854695 9.796658789554897
-4.416288272039639 9.309013640517854
-1.7538048671622093 -3.9520457675853615
-8.545379865893617 3.4954577144108434
-3.9771383808723186 -7.600008195457823
-3.6304865472057983 -5.176974766671307
1.7967693814097974 6.497587425712972
1.1434122435076013 7.293479515576667
-3.7405455460427888 5.929312136879554
8.37454042072103 -0.402271100882178
-0.6233968464625299 7.63240532888835
-8.339008898970544 3.6835442412878017
6.734262857887746 -3.916407599706522
3.566113286332529 -3.8858487608446186
-7.787833755702511 9.472490882292789
-5.938645729876706 -6.997280055337787
0.38516008843562943 0.6181673276079263
-2.223764494002582 3.90377948428214
-8.503565474585306 8.4694588985992
-8.907657815890769 -7.302407797881203
9.93652505119983 9.255701400169766
8.877769016826978 9.067717542351705
0.45149972750710177 6.612227693202858
6.802090905829839 -6.998744389396183
5.302947903422295 -7.580513856774369
3.019414381152764 4.4462979411326735
6.852622406578966 6.365394558595419
-7.478492956766363 -2.236913351948326
7.4642712699035485 6.729216734444275
-4.7221577294255805 5.313271529141289
2.6613227643942245 1.9217922127859648
2.400445326688356 4.959785153339958
1.6009117214559865 -8.071106812035168
-4.67890402407561 6.676924059531114
-2.8773722595507056 1.3225652026647854
-2.619369796924678 -1.0043449362310213
8.028835724265441 -6.422958390015112
-9.014523049359171 -4.4404112242628475
2.596106684089243 5.482695542296451
0.8704341757758982 1.109857880384908
-4.41109458159711 3.723699992757947
3.3426508783122095 -9.100169303324732
-5.187712300950736 3.8921751520292567
1.156381703424728 1.8125886625223764
3.437035748542625 2.5494937449223087
4.10126143963854 5.744476459553054
8.449510923558638 -7.069055236637427
-1.8784540794238165 2.770705733861824
-3.0672714993328416 -5.744763407433046
9.04869067395477 -4.037587544583825
6.220663409868028 -7.128388980233162
0.10269953711580904 -1.6616502160187796
-6.843858083767693 7.3982493127001305
-5.200488251575965 0.8927652497315783
6.520237708048601 -2.6769243160565566
-8.787398346613823 -4.832724501440189
-2.0386013484729286 -8.619242074118162
-0.28490663572725516 -5.52743007570818
-6.109517896847674 -4.422010873418694
-7.351879201562688 -2.4951555264018577
-0.37656079332716175 3.556047798294678
6.161192771429906 -0.12805620333289625
-9.375373664219758 -2.903817520045635
-0.07327781762816166 7.0761179654211865
7.623112212059809 1.4057707951263154
5.180064655902889 0.13291961129141683
3.0182430675868233 -6.868251508897396
0.7693488448440533 -2.6177831878897795
1.315116622111967 -9.952481853352564
-5.007212826012948 -6.270779601211672
9.361475625059914 -2.5828114860947604
-1.1202350119709674 7.619982192975044
8.37521104871406 0.14783775178839953
-4.674692473764475 -2.770870305733242
6.034796249566746 0.3844511462072724
9.01515079717607 -4.7381978499389765
-0.6685703511613266 7.427129820300475
-1.2428375307141657 9.413989913028825
-3.723188553729864 -7.901657865634508
-6.667120035445084 6.286424513807681
2.4537446971469574 -6.210556476619152
2.294049338632993 -6.661133551930021
-3.479943002276902 3.609042704516794
3.564711283230759 9.884754256876661
5.901656090861714 6.865721057334753
-2.536192715199423 -7.706980702113137
-4.203202545809315 4.023674797457041
-8.79698904494173 3.5936058439964764
-4.617516700964474 0.2897134862237749
-9.909428855447421 -3.647512816274741
-9.22566663410877 4.1555834787270935
-8.920419567612054 5.720952162513807
-9.24126516628723 1.5696910518111107
0.8429378519543071 -4.869728335933932
4.637911149419873 5.736485690864196
5.110067665274968 -9.916550975151477
-6.728338957812499 5.4165258310620406
3.570639298222609 -9.068161361011711
-0.5413952575071885 -7.334234432845472
-6.846499885073472 -2.4516749938796583
8.677832798145076 7.464914340405034
-2.1485491589500816 2.8092029101557543
-5.945647672562766 -8.8717718684192
8.642890986764591 2.180242478026175
-1.2001799210830715 0.0004538865334264841
5.153267123437313 -0.29267028587840116
-9.33495841427051 -2.9006805008781296
-4.049264537408506 -0.6388526598932529
7.925991854154258 -1.1305991262023944
3.8357479390753486 3.6323451384883594
7.429686686592955 -1.1219209791838587
3.534016681702724 6.424903821884989
5.612423348540043 4.395356877345604
-4.741711755408591 9.282833143552704
4.950571659713372 3.978853467202617
3.3927300308270514 1.8706946724578302
2.6458547323515003 0.7186375969285148
4.3913932971044645 -8.040069822384408
5.011225197577202 0.6082984492186085
8.233723899510853 -5.851397558160853
6.708174074975439 -5.266243413969692
-5.919808380210519 -8.92226514101665
-5.410080180682888 3.5351964542147822
1.3799509971114627 -6.029988075477268
2.899913717775714 -9.898599651308961
4.858641291036889 -6.909983685260079
-8.084601167579226 -2.525147552261293
3.2210148703250177 -7.594670956390743
-5.443340814544781 -2.882845191985419
2.3616967039670946 0.6443427990794444
1.8995561006047357 -9.360736267037504
-7.783940638135971 9.595994909386143
8.74126991444956 4.028839920525231
1.2969055417451418 -1.1119674615562793
-3.2565212322190673 -0.6176859174388802
-0.497159711380025 -5.536312062356872
-5.141778952541987 -1.2577654654871644
5.310921441298781 -6.054830492954548
7.275092294632174 -8.69096311871578
-9.90594608595719 5.662209690409508
-9.269240920980266 1.7095893608512487
-4.176694332084243 -7.120861095109127
6.3107585193328255 -9.483570925204305
4.25965239074586 -3.8151332880101085
-9.247267684904884 -9.32997294308613
5.650862542594499 6.966032136442809
-3.4474853698922843 -9.19765529837765
-5.148617984796326 -3.986956214152677
3.3686240166271393 -8.99392954893653
-3.911595432122496 -8.43352344605545
-9.162771456072182 -0.530360543815867
7.646128350152974 -3.322645260160373
0.5142966860025986 5.817124567602811
5.389539153629201 3.287726505504093
2.0888642375827704 0.006341396116733122
4.780525384418361 9.898280725130498
2.9693825138662806 -5.8732744737823595
4.254020353395573 -8.132122802338944
-3.578557683021697 -6.1648498404974195
-3.953468180793034 1.3757451984078308
-9.126340175939351 -6.937428084275146
1.2641087040106154 -1.0769808318054963
9.214689437496325 6.120940753690686
-8.339632775335108 -7.107265419394797
-9.256757597364194 8.134825419446145
9.29287541097047 2.7628729840116346
4.56953004029865 -7.481894778983911
6.2403336123365065 8.482996267694073
-1.3961449810395123 -6.20717003974709
-4.059321037440915 -7.045588843809902
8.96219913268142 8.602886945734362
-4.999583539811027 -8.941936661493358
-7.832606398136816 8.46048554055394
8.523067894319222 6.337342356215327
7.000069471298211 6.098110859519593
1.5385347870806676 -0.01105371291839674
-9.558921639517067 5.410889300920296
5.509167281674303 1.4893418486653687
0.7052481918350928 6.404549620288833
9.567543257497775 -5.504360362242489
-7.169372638290097 6.655943690677496
-0.6725172430202022 -8.855963331893207
-5.7165452258162475 8.945740213177395
1.6565885746468307 7.110949044628523
6.381327602138583 -1.3178541903615493
0.17577796516213873 -5.26780028115626
6.252972616860465 3.581045147653395
-7.795473250503835 -8.698870689204185
-0.9047209005129009 -8.051916322972772
7.001252018472005 3.447589221574294
-6.538094758274335 3.7990432083995245
-0.32939188690683174 6.102189896895233
-8.845992706344685 6.361918723448934
-1.79162269229289 -8.028708690629587
-9.317678036677258 3.5673101467233597
-3.9142497304024504 7.894565223550231
-1.4492173166900777 -7.615767788110526
0.6238652215969349 -7.2571541990175685
-6.1812744408802045 -3.39759544977714
-2.891662517932474 7.726903173434373
4.31408883232417 -0.6980358046007495
1.8166064588754498 4.676243784099086
-5.743369492547807 -3.7130636844912734
3.0487335195714333 2.8740840941134156
8.907469671731764 -8.873824753658742
4.000327945966269 4.085537993557843
6.323225983178116 -1.140297605129227
-7.635224722659181 7.449107121115883
1.552150486038137 -1.1082149770028025
-6.499384292911299 -6.287956545156277
5.55345045540397 8.23990542696778
1.916940122771308 -3.462305285997731
7.550925004684814 2.6269699359584706
-9.431999526966521 -0.8910394122819412
9.839196325690459 -7.348660695475799
-1.428336674426884 -3.356518197151937
-3.2872870747361205 -5.702166296192925
9.244013921447618 5.371901057333535
-2.994948420893932 -5.121324966334619
-1.9118938176942812 0.8129964779503958
9.686289672490503 6.361289623924083
-4.795366854351464 3.4345313034369855
8.314076163853414 -7.651587877813146
7.844399419650703 -1.186221012907648
5.665905403112925 -6.22199659833051
3.5605601366405786 9.702011681868427
6.744974633538462 3.8488643723074816
-3.8600828693134925 4.966023270893471
-8.868946717901531 -6.556211218428391
-5.22818722373909 4.3699445598410325
7.297264912707007 6.475125349860583
-0.9997135067096803 5.339911746179322
8.454468931847703 7.243366367022624
6.789746109143039 6.192842765060412
-2.8180137918326693 0.5196866814988095
9.643970591320485 -3.407613029711092
-6.42855799123311 -1.8870154268809873
-8.10214679557826 -2.5352265755558285
-9.8922268534934 -0.05303662031057854
9.440521191495105 0.2645750111227585
-5.65168978719222 -8.756307741062344
-8.132777444307598 5.383357602088951
-2.9255149860786567 -9.754697929074407
2.614245403546004 3.1629390105260757
-9.343806249061515 -7.285539400218013
-9.700473241165861 -7.119262320457745
-1.3451650995285576 7.423107712667992
1.019659765203647 1.320423316578264
3.1915517721540976 8.509208709999537
3.5821055738634513 9.569870276522312
-6.013619580232743 -9.889904763883905
-2.420688644941144 -9.341316856180825
6.829826051602009 -6.0607553131515
-6.166819659706482 4.526778910624927
-1.5615165865198737 2.156876826624803
-0.8877986208319513 -8.604804896727504
-5.833066294809539 -1.5092949249588976
-3.8431966188276228 0.23840558619114205
1.1617705656431951 2.7969795402077153
1.4156688121684766 -4.75697238908793
4.554319404795548 7.651879257806719
7.688418728586427 8.180388111497304
3.6160568898316114 3.2630617284125325
-4.547733317306117 -4.948710242653894
8.239790340004848 -7.322199754256948
8.884476619401397 -5.5582387876589685
-4.597462286089176 7.106777748417606
-5.83421753533586 4.676379851062036
-7.844292516663409 -0.9052495823568343
-1.2168139301467935 5.282344398136319
1.1629823258499847 -0.20794120012699224
-3.2389823578286014 -7.763658718112874
-6.964640147182813 -3.6173930348504886
-6.811034760086974 -5.891195054925243
4.056571202313982 8.242207964508331
-2.7652655942065074 8.975057654152142
-5.76914654363083 8.646672626626376
-4.420788867818417 -9.2645465310879
-4.668283135130197 -3.73301380666984
-7.550979451545102 0.6908598254570641
0.3335577801522511 -0.8915920641890054
-0.9142630913638392 2.5749943208571313
7.4371460806335286 -3.954787308973719
1.031310849183937 -7.043328375050226
9.606648037265217 -5.130553314659386
7.207412418933103 -6.598696400642321
6.602290844480979 -9.565198489887605
2.011933749038061 -2.7151186660553472
8.447652790160369 1.3922585566414973
6.144631590350173 -8.414869440414774
-4.896807895748003 -7.3091037878399945
7.810334703236329 3.362255406746451
2.5922820402172277 2.4701183429900517
-3.608617296739016 7.62627592175366
-1.2888503927268236 -1.468727771602767
5.534646828440586 7.169537837661117
-6.444682558424484 -3.3408662756628544
-5.881691036115988 -2.6170671949775155
-4.855034913286113 3.216006694405557
-1.7764022713887044 -5.530628471475669
5.238409561136779 6.804237198477907
9.64896761543567 7.147222902543572
7.248435369527428 7.407260687893643
3.434420660192872 6.010150494304945
-4.477846478447745 -6.622865003957719
6.686759480680191 2.3794220598219677
7.424739874918927 6.223184552401243
-4.99811803659483 -3.2372642292634435
-0.6228245281391747 3.4936466898176217
-8.76285356560506 0.6697444974562732
-8.950130280905649 8.494945381517944
-3.017978946918978 9.141935267975288
-1.7369424683290084 9.634567372282344
0.40930686428830043 -0.3450767842208773
0.8992427896484774 9.181635056304835
-7.270417700501639 -4.108325876189813
6.863688115595483 0.22506664347938354
-4.561783851654786 6.280228847224528
2.2313577757151677 1.2338937005277408
-4.510713706363143 7.437755023539271
-9.18068487784918 7.706185950069628
-0.9188297865405737 -9.920122707233649
9.222292307049575 5.341224661667923
6.565014512962417 -6.085171795847842
-1.6913318219224927 -5.315146622459245
-5.479730283175385 -8.745254009584825
9.263313638486391 5.822993565034809
4.360063238227337 -6.777431601331079
-8.727937126417018 0.6201487932056047
-9.128426118844857 4.007332646306578
-6.316589115904046 -3.798094557428014
4.2166133966842665 1.7878890463098411
4.9434830402059475 -4.590336304611304
-6.847461487271467 -0.23676495673443654
3.0513946107629035 6.937253967870156
-0.37671911268134295 3.7788896615057226
0.3694596828438499 -7.595675632057648
2.281783021729078 1.9851570575055018
1.4623660610098899 4.455337371575698
3.4923072225289875 3.7109590680482807
8.07965493102633 -1.1087498287642852
4.536599669739536 -1.5425777427420595
-4.832131949276874 -4.16116849348017
9.638971870717267 5.637668059483103
7.512692582019749 9.447583287055693
1.9857708002623387 9.39447896294924
3.3688264297568473 4.32976748502449
4.210391669229558 3.4162126782629425
-0.1724970487161812 -7.981596875264875
-5.295484142453146 5.659019403911053
-5.115252572456748 -2.975879342963097
5.677218071941898 6.592932688011096
5.909320891303427 3.656274913815496
9.607468723186791 9.265518798376974
-6.959721786573494 2.1156804792167723
-7.283703001524186 1.2481096591398106
2.8399470918347784 -5.265767144668059
2.5617833803170384 4.329024846863396
-2.2630453362731267 -7.096477910851102
6.612388501003693 -0.831995935362384
-4.618057838409997 9.124088708392279
1.8597834772562738 0.9946093261755315
-0.3544913641011078 7.637854855381647
-1.4831849474069774 6.843995570871201
9.802722775291095 8.457667063531815
-9.253918818392346 -8.514584137067507
3.4951416172422363 5.302107358045147
5.738002458681885 7.67728927229161
9.330969171193278 -3.0523476215554313
3.6692909797158624 1.4205512826601563
-9.707603115745176 -6.819042996541594
0.7131336123091909 7.3832626694511205
-6.926235573275634 -9.427695763379225
-7.029108337917123 7.462278424360683
-7.10435683801707 6.384690547666281
-8.02191225949583 7.049518203218003
8.545971471349464 9.97941171010823
-1.8688524750111402 -6.242805400315556
2.3853105726099866 -2.626548838966385
-5.607900951158524 -4.481108259796532
8.13251223889025 -3.4246943672338297
-7.721242232790497 -1.9452205281157564
2.7540494611363577 8.803889631407078
-1.3606226624578905 3.689565966543359
1.2474795379192631 -4.589250959151922
-1.0360468560694969 -9.372338011913001
-9.610534722569145 -3.9441746011032013
-6.193917829043791 4.138598109522096
-4.903675067044628 -5.543735169158985
8.062287853411473 -8.542472460339907
7.753329721033172 -3.302774217898863
-7.975342649878794 -1.067842724610891
3.3104122002635634 7.679153632409502
-4.323330365789895 2.764489070824471
4.851950065949389 7.74062814478668
-0.12793374678731695 -0.21528513298686924
5.940773484312924 4.841881130942527
9.315148768426273 -4.036931687138949
-6.145518398635382 5.2611944703592
-0.8174722071499119 9.337758233917665
-8.30122244773495 0.33821350166977737
-5.788750963358417 0.810872868359656
-6.670146451343182 4.187866909149239
-4.3666376732362515 4.838203535291495
-0.08684824275571046 -1.5212643433213202
-7.694249944213373 -4.652268542164933
-1.407717081839948 0.776625497166556
5.25087698496689 -0.7501133081335603
-7.990660400359402 -7.533614067668005
-7.494424711496974 -6.866853903730082
0.7786811814599055 -0.7711025344034432
1.4065013581887236 -8.182315732333379
0.6469428865463627 -2.4171647083166903
5.243716611269278 -4.098868396504763
4.354624360951062 1.8283065397181293
3.8697076626850375 -3.348078989737857
-6.761282396789401 9.451137001150027
7.380801135670005 7.504762983929012
2.983194555950062 -0.409292192175446
-6.007923655589275 -5.808739534433293
9.11565559919261 -1.4604161194792553
0.7204587595148286 -4.058297777207116
8.82409025205224 1.46472578533389
-1.150287823239589 -4.346527404673894
-3.5366181030100607 9.13218072143085
0.6970792381522699 5.170159733305235
0.7749711142739013 -8.397182329158033
-3.463080360974013 -1.6602367715706556
-6.856096257043223 -2.243834303264114
-2.7624244454078495 3.1382771458432437
-4.9491102301593575 -3.1902483638810804
3.4874893351884424 1.9951261019792792
-0.3732678112441956 5.093858605388036
4.531080929875742 -8.518555949183188
-8.497377776955485 -2.7434979686759275
5.31864532222955 -1.5875603135305738
-2.8972174177982986 -3.9735474020784984
0.9360424909699976 1.1987963383159332
-5.561311374532676 3.3896942595508293
-5.268485208518168 -1.7496526881490642
-5.967340857985617 6.5070231808907835
5.808889589619696 8.978178756673
5.086028398131726 3.480569328185654
-0.23373273795631633 2.3040539623073126
-3.8805106671956136 1.9348233892044675
8.52731089549539 -2.597504318737112
7.018403140743022 -5.969432149449458
4.10665537964916 4.590335686863856
-1.2074287414842626 -3.7661250326054585
1.236533488282559 9.483850106687477
2.0826739208679506 -9.594864227739638
1.7339565187376316 9.580766700540757
8.785481186206695 -0.05178494011703272
-9.59923857786238 3.270845188197173
-5.030814622470128 3.807785380402935
8.972039439501494 -9.753661115999112
4.646656613686291 -0.5143857202424034
-6.333698400068948 -7.349705304852996
-0.5552991706385058 -6.4069878287879645
-7.716804763595517 7.198164644800187
5.538392552001001 -8.220769942007863
1.9911150534434938 -2.5385236027163316
8.324075652291206 -2.594305476212022
-0.7653718232430471 -5.361294252651547
-0.12380231095638905 0.2690145220282041
-3.0815512515719456 0.5915839209632949
-2.044695044355107 0.3094882838864841
4.074671732201914 4.884807837341869
-7.2579771950527805 -2.5054179957813183
4.017381891028533 1.1463330175311484
-2.296152488048044 2.9928260701409144
-8.53083053452103 1.1575102793619187
9.214669460222431 7.881445504044812
0.09899712249213621 9.534840532578453
-0.020163929272625225 -9.018357643658945
-9.770299048611514 -7.117940904775477
2300
-5.42654044713003 5.789099772296819
0.03127561408106061 1.8222924291720926
-4.627460454923876 -1.0970839983701666
-0.007663383899302545 -2.2968937722127247
-4.666966805115145 6.959540145375335
1.9441126501334018 3.9798698739998173
-7.953446947258964 -4.180942656534108
-8.200164879158605 -8.035216019812573
8.166161649574228 7.343382644257076
6.4821519351089805 6.126896735316272
8.954922097003593 -3.3782015749027927
-7.77711906143594 -8.330255670141952
4.176650744141458 -9.930262986659184
-8.706913571742156 1.201406700213445
-1.5059735946796042 -8.951850110901658
-9.368361808738982 2.8740607931893987
7.257357380280915 -0.9412900537125388
-9.547523033720491 -3.052143072783558
2.770321462582972 0.4193063383429454
-4.819213496332875 2.6289896358060894
-7.350995427644971 -5.381023103728979
-9.109174496609286 8.143865429305595
-2.586090205004375 7.772402157595515
-1.4537522843648318 6.141370374336052
-4.768252334041685 6.936834363194638
-7.39841156044827 -5.837844204822371
-1.6732910931859628 1.9801923421555667
3.9591424307165113 -8.694614619636134
-2.236753680188439 -5.303270874680006
3.457306642388062 -7.068300666903628
2.5573760880085707 1.4216763940985455
-3.5941477091725567 4.63060880345571
-1.637992138135207 -5.265272191187509
1.7771233994389704 4.290387471945657
-1.8916553165743384 -2.4028179193967087
8.855832857877566 9.461040862977306
-9.861679785833953 8.493214528799339
-6.843459464735558 5.838596394857857
4.883598634664663 9.150104495417398
0.34542560650002585 5.426415392817203
7.674799413935986 -8.4127828930264
1.22066223236547 -5.240822908706322
-6.4668116450259205 8.401257304319444
-4.496003029735767 9.931060488947473
-9.525298008225214 -7.391806778277344
-0.5619118832001373 -7.487076010318143
-4.495352768452756 -8.778573398627447
6.449493501006309 7.975959938800305
8.391558246035434 -8.222381818783472
3.6552750344486675 9.491025890806174
-9.22513305431771 8.3777554995483
-6.619078350337797 3.539928069281494
7.71298602513599 -7.25639339337381
-0.7782812412431728 9.60788083300596
8.643018108238433 -2.3830953698001327
-8.802363216956426 -8.076024787955564
-7.888820505339693 -7.084799131857123
-1.590894386942674 -3.9535077337048534
7.39415087941142 -9.011684123877185
-4.448244949226206 -3.7976390183601545
8.258261189166667 -1.9671814234480358
7.236655305299479 -5.716451490341841
-6.326644012007996 3.517367577745505
6.796171929157932 0.20186033993093488
3.5156531170191414 0.29786331550746326
-9.236001367655266 4.843214680801331
7.086090801580934 -3.17138595964302
-4.903155203589482 -6.67618254312516
7.68853781258661 4.0879625583973365
-7.538106262092064 7.559475228161215
5.8607293781782275 -1.5493724236813833
7.58497528774619 -7.775452068509807
-7.060243743771631 8.156162106220137
8.121697849975146 -9.992771503774996
9.471319103881772 -8.371598350458116
-5.56087458942687 -7.568258863025516
4.619911741847087 -8.771969689284244
-0.7602881315576546 -5.9711309276997815
3.7302711112494897 3.3313755252103068
-3.6267633151453254 5.065277004559762
2.2907440150280873 7.857108705464341
4.255602806826397 -0.765072890192215
-1.4731202559867462 -4.325733177744819
7.740682358316143 -4.217039754316055
-1.7975673642114316 -4.382478738189308
7.255598638819233 0.07453460113916854
-7.494939222446924 0.6672550457802799
4.788889977574822 9.642318651400906
4.1788437728587375 2.3605028616485964
7.069411904599466 3.2277116343611905
1.9409484563916806 -5.378534162889355
0.4726022928209126 -5.546099629676471
-6.827399090093782 -9.877295795121272
4.673469921725955 8.179020095696789
7.3819069676326805 2.0445662272904954
-2.5628074173241178 -8.105967849557818
2.9757136173750425 -3.691454057654684
5.296299834561394 5.474385220897744
3.9425673402378276 4.744976338033851
-3.263924758135901 5.9250646990611635
5.091455051504422 0.2746802930829162
-1.3214446474253734 8.304045371043049
8.478964353932422 3.2569003131656302
-3.569709917380635 -2.1212682607562128
6.673534545823141 -0.9087716696248052
-6.0788806687236985 4.195040207146004
0.8089197336985698 9.014699942709974
-9.49641909951145 1.0612847526974516
-4.491743615013308 1.6871334465025392
0.08735968984009546 0.7898029819749208
0.06682136555140872 6.563296762056424
1.4100763235605172 -1.695555183682787
4.27577569252829 3.42999064271101
3.4066548409557598 3.980715117543456
-2.7349342866384996 0.7994306484056128
9.205597414315779 8.308115346996413
1.1307347908381686 0.6608156549450523
4.813996240411596 -1.5057192553487102
0.1109752788839895 3.2545220585794574
8.512544929258201 -3.5559872036488134
9.157970689503415 5.062060389209563
5.886921506835172 -8.664004384572978
-3.533296536094632 7.309210682785505
2.052623980158101 -3.7269480675730797
7.51401698825245 5.1413622494230715
-9.17711128377335 6.775896859066144
3.353438324529371 -0.714339235151451
1.0698070262127928 -7.190027845339024
6.256915436515207 -9.868680051675012
-2.198737738716714 -0.5384838548797095
-3.0804090246530187 2.7072741267217904
7.8570889574059315 8.92962124670823
6.464695384351327 -5.110469422386858
-9.316692884891166 6.837915151314661
3.9345891309356986 7.099370643009948
-6.82511676113156 -7.750661671697725
-1.3040968420129317 1.0216668162886844
-5.846731028935013 3.43901929609798
0.4561649633450884 9.855474803890232
6.537238275356351 -9.831981982660807
-6.974067706173694 -7.911621793562766
3.1557101352885795 2.751819264881359
2.5003253992529846 4.120320514699618
-3.0321267146554343 -0.6536446273052867
7.599460846053113 -1.9460952861127456
7.181360904557486 -5.1543790648159105
-1.7844225217590388 7.768686713348718
-3.7945185070401832 -3.795713877098949
-2.904396119223163 -5.694688819872331
3.3143588405932416 4.319976077087123
8.518379886390555 -8.891369767625214
5.945846052459494 1.1348712051561662
0.545066003415748 -8.040333025353677
-4.985148702341286 0.2820218794111202
-3.007355221357497 -4.947684199690112
2.6462354216367245 -0.9829802001275656
-4.173763342888881 -1.3324833314078433
5.9861536014038546 3.779549176244906
-8.183332928927644 6.754185178098087
5.0869604270413955 3.34950836080713
-4.093139490805584 -6.018809917735202
-5.591439897112904 1.3032976159754348
7.216694813987623 2.7939719461286465
-2.3935024371927422 -5.497184285351706
-9.56792339685094 -7.168658631480089
-2.5694759988139975 -9.162086679760845
-8.833432369036078 -5.5065084743731845
0.798013711733109 -7.648273656065676
1.3829765030294823 -4.719327575434771
5.5104345097750596 1.7035362944589654
-9.844913438365325 2.3221331275499146
7.891353844493132 9.819058602141098
-2.9249435981732574 8.060954793892506
8.626078717804415 2.5143518276591834
-3.7100299392177565 -2.6990173659387757
6.3580258892535895 -0.43400497053917775
-9.222501197544224 0.3532413259595266
2.539495079820801 8.587503348176377
9.226265294689462 2.42956829169408
5.9636232851071895 7.275789470346393
-8.391216943093152 6.3730834956239235
7.8045545082471754 6.087310087410838
1.9094171666311652 4.723408470805925
-3.003593825630489 -2.961664821171648
-1.7058750883022373 1.2906711548791172
0.37372396310096434 -8.538821440020172
6.8850441275326055 -0.5639620373705831
1.2757622494520078 -2.0585417612885397
-6.750866089684651 6.460087065706652
9.626079462091916 -1.7796328444973994
9.421170958270732 6.679502192039024
7.275575256770004 5.96059353339712
9.401865987464845 -9.41405598366823
3.1620446779714406 -1.6863260796548563
-1.6325927454945859 2.1398474095880147
-8.68798920762349 -0.4056276960893044
1.8380460737913662 -6.816076965150451
9.710074516150279 -0.056163302605710896
-3.094454540927945 2.3080041889746035
7.994674469866133 -8.929077268480563
9.959402887761296 -0.37926006897901665
-1.9573817867203367 2.3019782398013575
-3.523804536606841 -6.089429524494658
6.113650626601167 5.4659169453298375
2.860072032637845 -7.451380155222294
-3.2729424717950373 -4.015532660036323
-7.2242415633158 5.82876091623273
-6.369968207969928 0.12301792069553841
8.655163857284606 -0.5565839943579967
-5.876601676161557 0.09941873068996898
-9.874697217299598 0.3820411521878242
1.2444661928389866 -9.164530574370529
9.265822109333417 9.390398281251343
5.378158899732139 5.662196796406144
-1.6705447778158007 5.378882751617507
-6.3443565975417915 -2.251506231675129
6.992132632910838 -0.6996623088944549
-5.0227465070069695 0.20487886737084438
0.768701163289208 -2.9341507074606383
-1.6904444567213517 5.254249289940255
2.486875504286033 -6.508585499478981
-1.614587738177173 6.970555835816384
-7.65534600352799 5.385578627104742
-3.714992720799268 -5.737089478391186
-2.201544369118973 -1.5810992703557858
9.652402417445089 7.3789548261022695
0.20229559392156027 -8.232244120597397
6.197108326318553 -1.610765388376155
-0.09357087684300325 -1.37250389516376
6.2338204122796235 7.808551772977346
4.709269249075065 -6.372189056469559
-1.4817201028209954 -8.821947312666097
-7.216429479572897 -3.757496946130754
-3.3414089881614917 -3.3951594794569555
-5.401125099539847 0.4150527266839017
-7.077427848055519 5.217306283529213
-6.946736868901238 -5.491652342205418
4.409240656787874 -8.933224081346133
-1.1654882819113066 6.046536815628215
6.253249854088388 3.6880045263606434
-9.852795230332909 -5.4211042988042095
-3.5558620828844845 -8.890500586000327
0.38308523839073416 5.801422259434169
-4.963093883622189 5.741413205506639
2.4463774853982265 -1.9808369309572793
5.454779462504771 -3.7583697018382978
5.368925298981766 2.744615866761052
5.538466900247617 -7.307352428063978
-1.5122097786570983 -9.826101592493202
-7.35548740732209 9.162707641167966
-2.0884392057181955 3.1652276076183288
8.330985405890615 -7.962339684650866
7.9132682428563506 5.029372587583508
-4.531591207497099 -7.050155578869701
8.915689469834621 5.846010708288972
7.420376130864078 -2.296767426464818
-2.688828675898545 5.000483889502936
1.1218995911024585 -4.8165919681704565
7.983648290662167 -6.474844046719119
3.7745201314842713 -7.860333982258334
5.956548585290058 1.3657258141119026
2.285991598157393 3.570530966355822
7.064514359377728 -2.3547188579594858
-7.011902879653826 -3.579835570394499
8.074337476731593 7.504430030090219
-4.258881617322867 4.827241383263081
-0.6808733480492783 2.498546083769595
3.883300225362234 -4.438998611562726
8.106128959807915 1.6412974812760144
3.6181948079481216 -0.5307521956108747
2.4502918173305517 -7.578575219856953
7.377145356471157 -1.4367383453295464
9.748105017506326 -7.838869624447737
-5.914421530711696 -3.5852205361368394
7.952389391256077 -3.367026762410859
-4.630088726598965 -1.0195648965302588
-9.861921098062487 9.759813827821137
-2.1159692548955977 4.8695524735914315
2.135937145226741 4.387492886972575
8.426513644010193 -0.7243824400291885
-1.472525349276152 -1.7768730130760915
-9.81981204637396 -7.753627359307389
-7.52991343920135 8.124376793682579
-6.8725009522499665 -1.9687946528542248
-2.581990669879424 2.418154578664849
-9.578905086972064 -8.48757917631314
-1.3708069001943315 9.954302368652353
-7.490935024242171 7.114218165932019
8.461681109046818 3.3787228402847482
2.7598156877095814 2.4250087918987795
-5.1939430153569655 7.653844419138846
-4.9549451857830595 5.323983916806441
-3.3149657458700155 7.102875210229893
5.662857506104377 -4.831930697799274
9.062726613225148 -8.657693396456418
-7.404211523227087 9.280188626873855
-4.77316728712432 8.32206603784839
5.827455537023312 7.176000798655021
-0.05970469886467811 -7.4626177844624415
5.227156410507572 -9.429295586095098
0.6350273059513825 7.772368910324214
-6.526417235827681 0.4574636234992031
4.708075265276468 4.0293975654257945
9.42443807997332 3.846158012740034
-6.008276841277724 -1.6450876537026122
2.1507212736270613 9.257337739207472
-8.904974962634922 3.640514219018879
-4.4363795177406455 -2.544646026782196
8.067524954790368 6.140366225671446
9.557835832996549 0.21126960134138173
0.7064212727456756 0.7919578809655885
-4.064787542341611 -8.493328991475597
0.5915720043641421 8.584347255229304
-5.285358226434624 4.587711744856822
-5.942801367332356 -9.383803668806646
3.9242292305736104 7.571065496974526
5.7200120312890235 6.054881005215293
-3.163052730524063 -1.925785547924189
-1.7083905854946142 -1.6687483712744182
4.153932916380674 1.6773234465128155
0.012461990759856434 6.4558897843384635
7.996721888269466 -2.236069688876401
-3.323847391331274 -7.4590564495259315
-0.927289732158517 -0.3462664528637127
3.698496531671509 -5.253546751540837
-9.920938482919052 1.8002879961275084
-0.8567811061419928 -5.1840466587737355
-9.138295550512623 8.163519917283825
-3.1398770233128204 5.183721881596007
-6.181059979050421 0.24413922227559937
-0.4217125611499384 -7.551442543819038
-6.139599795810147 -5.612606148386792
9.333782579380234 -7.469157040045655
-9.962889586533649 -7.745063282226763
-6.518908183877368 -6.801814177761633
6.023044147946127 9.738628913132441
5.342884654988929 -4.348045124993066
-1.9593484523811338 -3.286742731972188
-5.900754189618793 4.970064951787595
7.408611173792064 3.058431157203607
-6.558196859938128 2.305998305067545
-6.109926285056075 -9.035513618614562
-7.975500220804792 -3.431799296134253
-4.422219037507265 0.7503900022075722
-8.383808168524567 0.6754678318761442
6.580116259788351 4.293848070670524
-6.614951945015337 2.7941508712086165
-6.926236008031276 6.050627828954987
-7.146672149809598 4.416059469202763
-8.07674735761797 5.091776244802819
-6.697161808543712 1.6524613171262281
6.048354601221433 -0.9450424232131134
-5.525857019163116 -8.423630815350664
3.9125028667782082 -7.259633297662742
8.206957484070578 -7.461477050956418
5.43912587404337 7.680407848493637
-6.573304216073723 -3.2802538214994925
-8.320525951125886 4.566845428533393
0.14751225186028094 -5.667131468381226
-2.342850598749944 -8.434583459003363
-0.7380354963429774 -3.816393241416163
8.325258020644778 -0.8242708500566422
0.36220716351155247 -6.7409093758521665
7.05221868332659 -8.674271866740737
-6.5652544133553565 -4.656089332501261
-7.041909843924521 4.522009528349804
7.623789498144578 -3.034468437674458
2.775252015130228 -1.3929008094645674
8.334905111031162 -9.515744187075626
9.495317290054587 1.8381626292095348
-9.489862192711014 -1.4003319432074939
7.3853025132678844 9.499736704473452
-6.347398399382154 -4.5048619558480745
0.5418831322524813 3.3802122184928773
2.78755673948047 -0.017091933497511036
0.09978503778230063 7.6801474330212365
-4.158690898533073 -6.0948968510702635
-0.04857126948975221 -5.24315253814065
9.03520822406368 1.4002389680380674
3.6093582327818314 3.1783181806729885
6.259381841459199 -2.888720422462246
-2.6835069563086638 -3.048462491597153
2.0512964486662195 3.7789307765542564
-5.137852257540063 -2.0126252127446627
-9.85600960338366 1.9614817208522481
7.215357154321314 -8.709452240106279
5.115745070067071 2.514783284649573
9.255477851190932 0.34150093316011265
4.429880835905834 -7.784767856407728
4.172235778949936 5.1226836239215
-6.329417416279181 3.93057909956144
7.930427721060987 9.33999521275053
8.058697328006183 0.055961521770708345
-8.61272682082733 4.429181446154171
-8.59496970100471 5.765959008340161
-5.135847662243629 7.895851789208891
4.236416014535072 -4.531565511345024
2.280690244907582 -1.2323364953647094
-6.498500678867918 8.556959121424313
-3.910413151964125 -2.2201819760220953
-5.532736434769047 6.935154365859798
-9.526894814376552 -1.8637709837675374
-3.7124178330057633 -0.7658015369581523
4.683724022191962 7.243694377823115
-1.587457341166985 -8.870793183026018
-0.2536008030433745 -1.6464881131737208
-2.375031280957465 6.1197801637342835
8.52121563645872 3.685166994920026
-5.150449941148121 6.244012822256437
-6.722968837275731 9.447152431701092
-8.812025509800964 -4.556838161998902
-6.082328761502658 5.128889765784663
9.139287538736227 -9.17874373117391
-1.0156566893752395 -3.8027727587565945
7.92212086349312 -1.7819660845737069
4.712477790465515 0.9421124932695353
4.9876754774839185 -2.4996559460570396
-9.016594765259871 -0.765261532154577
-1.4903380405213067 -1.538134767790197
2.3179730545750203 -1.5128395784148552
0.7410399346613001 1.5414139863232101
-2.357102560738598 8.659680089322055
0.4219595853337168 9.901723319617311
-4.3006451935384575 3.511645422397242
0.48227742919150884 2.3440151045115627
-8.866246606961559 4.306401003959412
-7.515053567955478 3.577794825718426
5.1713001918442 4.2231049361119375
-8.85987142005662 2.729424081173896
4.331973122643703 9.743313033235403
-0.000421002017024108 3.168575364679443
5.497208479349229 9.741582326116298
6.896251790037702 -2.2943908874610113
-2.8089626614091134 7.087418776955058
3.8778797846336097 2.7631336592681937
-4.9109228786565335 -2.66834733773268
4.409274027192394 7.959930948965209
5.381748376363509 0.5151553348856908
6.3797244738773955 9.64806872586513
-9.059146865923758 -5.521156673855909
-4.6995788516712045 0.9141863375140691
-2.412613568254911 -3.4346514943756867
1.4553240897780988 9.350976412264266
-9.6253265300116 8.039090988410415
5.279389745654861 -4.7923047610748455
-1.4317772039693732 -9.852922189679363
4.470725081742055 -6.239466527647735
-4.568929095854708 1.430524586986106
6.423724578929534 2.198137040459013
3.1805859380033787 -8.938877053049179
0.4096909117054697 -9.44836153794203
9.209389018713097 4.123710045546705
-8.812389059324229 -4.098966854750659
-6.588848570787864 -9.365530862944311
4.7946956924034865 -9.695749538981124
4.226916313619967 -0.10802781666022909
-7.439154162053807 1.5631471717125205
3.88226984241763 3.1213155377374946
-4.66500709686585 -5.231155981915703
-8.873752920938827 -9.384459556302886
4.001615497100596 3.3643036226022573
5.636850698995616 0.1811757612997198
8.856259420390025 0.9940731208372178
8.553390909501196 -7.847087827457814
8.482999607273822 -3.313832834742172
-9.704255904955698 -1.896185894229136
5.985520009330827 3.859022151950523
1.2812724876337516 -3.0272236015366483
-9.125881343876115 9.011726674603718
4.165893237375386 -4.507010386338877
9.598833068587467 -5.882650763998458
-5.48417405593155 -2.1069265584832237
5.274627500407327 1.3651097399901815
7.598287572618968 3.8982414370130947
3.4047127830634274 9.619224477102247
5.198067670610968 -1.3980175952596383
0.6473391075409936 -2.267741926694762
3.7695011719973532 -7.1467999403162725
3.055683146070834 -7.2493948234103955
-0.8695672617257149 -6.402753600823821
-3.213634747431766 4.267768824089293
0.3805777744689838 3.7148596307044137
-3.123305425994756 4.959346025435355
-2.7317225289737586 3.2194710252012637
-8.013102971246745 -9.212370701082989
7.896100835958009 1.1632763128006385
5.389531943835802 -5.237135867224874
5.264641923055519 7.098452625915979
6.618243436185757 -8.428328000698581
-4.818306197133849 4.490307148899159
-3.8454580526265953 7.568072464955616
-6.812696242185197 1.5655468542157802
-1.321589489243495 -4.96247243479406
0.3566341432572351 -2.700682639585123
-4.647657335353168 0.1618803267875908
-6.701720996383016 1.409203825546225
-3.7416965086810734 8.058186421594549
-2.3091263907972603 -4.884222244191136
-4.58309209689477 0.42404420040718804
9.49646628805576 0.5602856305484387
5.754902710738429 -2.6285412560597514
-2.390168113281243 7.06347949752255
-7.408054054606694 -3.8302322099439223
-5.330322830249569 -6.753005759778268
3.6280794967919032 -0.8126513216691915
-2.739587554230738 -5.918324008928499
1.8530272937994923 8.543894934050897
8.872143813059534 -0.018569638263141286
0.4240379190065653 -2.0471230935050837
3.27805333411189 -1.8971707663699444
-1.852780831833293 6.077104240361837
7.624837855675576 -1.9737974133583904
2.3196909961087506 4.728765026230343
-1.6181198090703894 -6.346102240303977
-2.272350602756566 -5.293796853057405
3.954505471974489 -8.297861829180096
-8.117500605262931 4.410605354281818
-8.967462627243659 7.233962501938311
2.6989401245725766 7.104755841166611
-8.796833521710173 1.9385790078628098
-3.281788932787933 -1.4219441987589487
-1.0366508370609928 9.64404397000682
-7.664188386964897 8.041956026039827
9.7564792292252 -6.675943029438065
1.8026209049872488 5.109419978969266
2.4400992642668466 3.7625659745446
8.035688203177362 5.846077276233142
-7.752267593044002 5.925610634679632
2.867499145027228 -1.6276859809144746
7.9484830991907 -0.5409891244397986
5.995483586042491 7.556602080111201
-5.016128456594922 4.475993129014949
-7.7735226044804335 2.6689193599629863
2.80062386604369 -5.216328375615302
-4.521939435044819 8.634327034953028
-6.32598819256712 3.5853714659782714
3.2237692010657764 -0.10627735524197668
-3.7736190612912646 -4.2100186199632805
-3.9409600732902073 8.862533758018905
-5.5387150814945985 -8.620783699773098
0.6794834904731673 -4.398708369370836
-7.062158668939221 -1.783219204554193
-4.374386955609455 7.756484567659175
4.870046111412428 -3.285276641923403
-8.76831239246182 5.53382510734207
7.814741764500724 1.4265001043402332
-3.476345345040974 4.326564837225085
4.423086232596905 7.614416115437233
3.7401888945870336 -1.4055710950358513
-1.9823585449848196 -6.255859949533946
2.018762626995718 -0.033974167857678594
5.245936803044941 1.8673322355033797
4.100070405600002 5.636613347252425
5.962531174639842 -2.3680233730828455
-2.619348500974919 2.082552013082516
6.819051506138642 2.1947489998257126
2.4671332667867425 -4.3666876895590345
-8.472614369470424 5.967463726414547
-9.857333422583226 3.846816905910158
9.13889052922988 0.7467973095236964
2.2936403858266647 4.961642416649957
-3.9422106975558036 -0.5209770532519755
-0.267246424322618 8.352591442012837
-3.612745225828043 3.910945537153834
9.421207059895597 -2.6579919226524673
0.6006843816990042 -5.627824419518697
-0.08595575074741646 -4.341444689193175
-2.21064886865038 2.322495635504465
2.88524758504 -0.12415261323798887
-7.521677101983048 -6.115393869512449
-3.112826411351568 -9.907665617353572
4.50583730366378 -8.425467550594428
6.308591109395323 3.5473386344213225
-2.151369327468502 0.04439977098975234
7.879079441495623 7.677926661272775
-0.8426231109160831 2.147093411692813
-0.07362643649972078 5.374777850812258
-8.404998065484051 -3.804989703129083
-8.654577162796276 3.4599507547197668
6.242053268373827 5.753439011423037
-7.6084845485128945 6.394191116100053
5.469026565113804 9.384585498527507
5.61120922038511 -5.977209199642369
6.844186911752001 6.776432455841206
8.08218201352419 2.628161846466657
9.596130689808216 -8.363016632657468
1.560899282058788 -9.046808404050887
-1.7238232779349048 -7.153785812346536
3.5833387080349404 8.19400489031598
3.8754788174475063 -6.717370177646396
-0.37402081680094135 -6.3477354315113255
3.8835896277861455 -5.19995248092878
4.259177160019441 7.682256527263757
8.993136481992742 3.0056936681053514
9.061633316744196 5.838269243978303
6.768697332168006 -9.835170653306854
7.397816872621441 -8.431600184899104
-1.409506752315778 -8.504121591652147
-9.680746460540258 0.35279353157076265
-3.5873274238130826 3.7826163217655946
-5.269806205667013 3.0369260882759104
1.8007512381282922 1.0625265586447306
-1.4481930010400585 -2.211773792240348
8.06654385039267 7.673628660311213
6.115538522646521 2.519384459271663
-3.7285980159913468 9.334696134535221
7.083535989003764 6.167506327609299
0.020841018677952405 9.154270023112385
6.901480703748433 -7.25445383670065
-4.201628022752281 -1.2891398354799843
-7.471419505353463 -3.6253490818785465
-6.80206509366413 -3.865134853723209
-1.9166711553877747 -0.9844240023939594
-4.366747136564333 -5.489186084831901
2.8498442767956575 8.044718254095425
-7.1830120964550215 8.065718883340796
4.787203848679651 2.1887164591884627
0.05879895466461171 3.573292488595154
9.478654315744581 5.734531818955533
-0.26988894207740266 -8.33520394357845
-3.278229393481129 9.134195773553483
-6.994126786685017 1.998774201912406
-1.226964812468033 -4.336823239698382
8.556276633548524 1.2112080944228243
-0.31292704161012885 7.488458521724262
-9.122532034760507 -0.5566009241708176
0.8419769470657492 -0.28670075229281267
7.36939763800752 1.3770359131383625
7.057818603652013 -7.152134102221508
-8.449887476273357 7.374296619041484
-6.224529886426997 -1.2240290995758905
-6.574627235982716 9.096334832451781
9.170301492374474 2.7064734063370803
-7.29870079975046 1.7454788447337393
1.5343195693944125 -6.508634595705534
0.7444313449480138 0.48227727715106816
6.915127349685978 -7.8501249708321446
-2.318937423973601 -8.118673473908606
-7.527921428098521 4.634175140644203
-1.8141134292300762 0.7337345113153653
5.643578611596142 -3.2796544253696602
2.319461441924629 2.8046056817390745
-3.225494345543023 6.682254606730723
6.567937034588137 3.138854283973984
-3.463864208908598 -5.389617361856345
-0.37942955572556514 5.987154391265019
-6.863451254199511 -2.1615050789535006
5.665864933956456 -7.651750754279503
5.522742398869928 -0.9658287224362567
0.7922581132901296 -0.9734909968997272
-4.774279590625858 -7.512471081354722
9.140321749022021 1.1614124258071072
5.832382677810603 -9.483107552662972
8.76252242837526 -2.4995058418456084
-8.293543365196548 5.564513416349488
-4.680701963584541 -5.103173449772786
7.460011120554782 -8.600956091733266
-8.276966399351588 -4.7838155706006225
8.500984909367887 7.851117419650507
-2.726892037266304 -4.710769103729955
-6.463508996202969 -8.088941928406442
-3.794880168788712 4.668423822704902
2.6544163487258707 9.174282676701754
1.3697748659398261 0.11389237655580686
-6.59434474098846 1.7059746889622254
-2.1003606566642485 0.6417584581496278
9.939984092026265 -4.567303115822073
-0.9732121699040306 9.561231463024654
3.342134619722966 -2.581835095669942
9.76581718031311 -0.5702534852190198
-9.902872107944065 0.9384596078441216
2.5847041684312284 -1.5167627415206848
8.42114697128724 7.709459821830674
4.626946174241764 -7.777217296384067
1.4679022506334896 5.704924716935523
8.978171951397101 -2.938859820225021
-5.229869036758776 6.244273076444134
2.2964756153234873 2.7104957527287983
-6.249491284778763 -2.9731667477728685
-2.166487165185494 7.242924721133825
-0.9403116628018715 7.97975130804058
-3.089473486434697 3.697758089124319
4.656022163370867 -4.259825133578601
-4.6061140573459785 9.433414223830127
-9.598311952812145 7.065370478731701
-2.3368330787817815 0.35230980968026415
7.708312336433721 -2.9375257739722205
-6.398125293856443 3.064830372830432
-4.040870297597685 -2.523462485985326
6.295785165153511 4.057231214745329
5.323887908356076 4.176239640256956
-6.073846030149008 8.506971491240279
-5.843988787244026 -9.388504458662679
-4.0693593934137695 -8.247462120311283
1.5859250516862424 -3.1249157570382025
-9.729441899533334 5.851343329356968
-9.34152394376365 -4.6433551646500675
-1.6283875279027988 5.249453193818326
-2.896034109089303 3.5457763362793457
5.706323001089775 8.700144228590851
-8.738374667276517 9.509031668047594
-8.078709326601182 6.066687964432202
7.745806190409642 -4.997401977178965
-9.519032014357101 -9.86602605363079
2.456207922835585 3.1686570011422237
0.29162450322233013 -9.558230346919373
-5.928888365592178 -9.084424152516547
5.078746025295768 -2.3688827992895067
4.180661791174074 7.116534837242185
-2.678167053803069 9.717106740292088
-3.9275011171934597 -6.535082579080427
4.914599869333147 -8.782360443472953
7.379710494641255 -0.41929798834857124
8.005858077580154 0.5144855787308966
9.986731657526477 -5.361132824478194
-4.2613687728364 1.143155235653774
8.015450399568465 -6.127667602715148
4.849277914973813 3.7707448274882225
4.809529468484126 4.955231701368856
6.58518788371153 2.3726704439186506
0.37511167899142706 -3.0056193646555096
3.7890311705085296 5.41029370642336
6.992005761673994 9.417641229579232
-6.9404043747917 -9.41028738531674
-1.4906579202699604 9.471048750931914
2.1322123997928895 3.6320527191997094
3.2730658680992146 -4.874814056641171
0.07114958655535375 8.998702263791273
-3.5217808180961097 -7.835945876262902
7.144432751614552 -0.6428451987858672
7.6179081304037055 0.38446496245559025
4.796616762744151 -7.175954571116849
-0.07334173434106717 -3.611998120822757
3.981204223446218 -8.811939638220995
5.949803378593732 -6.314905536374971
1.3069541205320885 -1.623709679618127
5.295415513136835 3.587701387733217
4.182559873480578 6.4954559682540705
6.3140232231591895 -7.069316744493685
0.2878772965871903 9.819281709832445
8.01719735794454 -4.678835130785837
3.4901104135609593 -0.0746829288922175
-1.8558161859455886 -1.9838751974639752
-2.8929229568268022 3.8059951526661564
-1.6713768061517449 -3.928001555175385
-0.010608253853096272 7.01263070183796
0.35897021216360336 -0.6939069476446313
-6.628816715087391 6.973484877449813
-2.9949021554477007 -2.8011796442830628
0.7972976288523306 3.808506152734452
2.9420994049844413 4.019338685273512
7.768583622279493 9.534809468874617
0.5219660083572819 7.7354945488575595
-7.704348770989792 5.422367928345132
4.740759987646527 9.308037412841777
-0.37726873094334046 6.935956339237141
-4.813723756209063 -4.123994473190155
-9.463225280992699 6.306099724592741
0.2153803355666497 0.348017927586433
1.6269035253911 5.073773732170917
-0.862576884392718 -1.9205177591353735
-5.419252774842498 8.538789892595986
8.061509679883859 9.124938148040439
8.333435999429916 8.41580816757418
3.9010500247048423 -6.93869778637284
-0.07040808620716099 -2.4373776529825726
0.11476917125314223 3.4417571618837535
6.727441206702206 -1.1712119294461445
-7.880041539127836 0.605847183846496
-4.066749913719292 -2.311800910142246
2.1294050112330147 8.563062834735494
9.174229409683349 6.374372854079663
5.0195601608917 -8.599020756044716
7.3744417372038455 -0.6999847792110216
-9.19284144771135 -2.0493063730455336
-8.459185547490698 7.902952271542048
-2.476146836627848 7.45116660618131
-0.07166158749525131 -5.022588063670817
-1.575520124684381 -7.024152558639988
-5.434386574662195 -1.1211653671299118
-1.3557593473180631 1.9171537017232136
6.875379749128282 -0.8558051813568195
6.0088409715016375 -5.0320153264157526
-6.825345076609828 7.256474726266184
-0.7170508690528656 -8.131335212466679
-3.8749771450823145 -9.204026640429802
1.231937835322352 -4.831854656398143
6.668948308847089 0.952719108057412
8.078371267987567 2.4736152631646764
-1.5650441558201535 -3.9077129669789024
7.541268683256842 7.843929207385326
-7.9799921896906785 3.648052586358281
6.316768109305919 0.9641960151397626
-4.1093396309108865 8.546687589691505
0.5644868471915281 2.571765389790265
-6.4216389171589245 -7.562917755324204
4.677341041147216 8.734947669898094
-4.480552315860393 6.6706625158054536
-3.858547921239106 4.090668952663394
4.716181927015118 -6.826601985966874
4.304958774327243 -4.624302288282012
2.629057379831462 1.9667264809219596
-3.9896239945731775 -5.19641411489796
-3.6497826535153566 0.05580862226080008
-2.444787515298364 0.38120285351695493
-8.135872060700073 -9.198284982927909
3.0057779087938545 8.269359754467288
9.03783600676519 -4.306897562381231
1.3874037936234984 -9.8410457171239
9.643146801273687 2.9180390871299355
-6.000710987442954 6.3114586518218125
9.265005586227023 9.371678523570868
-2.846744069131571 0.9233093394829126
5.720906241961774 -2.957975219344277
8.947110929486406 -9.418164028524487
-0.20675582624645905 2.2018170514484616
-9.342566859158959 -5.586277969561905
-4.0374271083805136 -2.7677547393985424
-3.4166555764425244 6.320055503970412
-0.6963255729039872 -2.170735040636007
2.7495207720702695 -4.66056746625342
1.2575590544161024 -9.886353313097889
3.2485599157677783 -3.3894529886772196
8.109448195047644 8.610347807612438
-5.076573472697497 3.0798457679774636
2.0148749356696136 -7.208229124617327
1.0013401724053317 -1.7805617936165845
4.019990929171529 -6.880245897525892
-9.356763460023409 -4.300582006738427
-6.887192278817597 -0.6496208640763346
-6.152962591106461 -6.828966045950063
6.298873519893945 -2.4245582061446918
4.155101167314314 3.469091646642683
-6.441633151901536 -5.692070311153712
1.4661386360698003 7.591231449010564
-2.296510575767252 8.171315127868375
0.8893674370385121 4.053941039700817
9.670068691043838 4.173832207937394
-6.729047648479383 2.6735224391986705
-8.739253956534887 8.378287983321282
8.514041213799782 -2.7406406668246053
9.955640249455701 -4.3838909643985176
-7.583252613235018 6.718581579781539
-3.8471317730868986 -2.0783892922399065
-1.4603856025063155 0.0144235281491909
6.402552135140983 -9.877685582256735
-9.032404630990332 -7.551965430758316
2.1406696743330684 2.676221455745587
-4.338484147467067 8.662731910659215
-6.939053307450953 -2.1180037265588014
5.907384489442309 6.935736927241145
-2.0193533701307587 -8.684527903146755
4.501110908508201 7.908320591405371
-9.765313389446062 4.099436911267693
3.809522578705277 -0.19040951099135484
-1.3945860896754567 9.958685481598799
4.748787597894832 -5.321817010592797
5.448956939894492 3.5921353428309324
3.566058342992843 -1.6306031694560215
-6.190266334343502 -7.176044820507055
8.512729421746403 -8.72661452435322
4.449943332622645 3.497743327840258
-1.8805905854723832 -0.7870276787399106
-4.378593753070323 -5.737043981074763
-2.238619205083305 -1.7955101341530781
4.1116726364052205 7.293401649647716
8.955745362192811 0.21300305902073724
-3.9461205830957047 -2.4250187937252594
4.102210596635324 6.6500401014074875
4.4646240238119805 -6.487732059326408
-0.5365860859811171 2.1538812296078227
-8.864913341399298 0.45073124501608497
6.081615259006185 -2.820142551762384
6.731908009365096 7.313916524760998
-7.158521526343977 4.992140134014997
-7.12712997380611 -5.366717977770781
9.987136385914727 6.863059780200789
5.514069481717849 -9.984505106245166
6.72936920258347 -0.6975348767115737
-3.551417792268559 -6.181271108585902
-4.359719988901056 -3.922446030119091
-8.224199815748147 -5.419220402968314
0.8851688792369039 4.543615621854917
6.391395633702917 1.1621882686783742
0.1424659378432871 -2.947871698309765
1.442583863164689 5.14641953162055
6.364371038116271 3.179219978251151
3.086405198342156 -2.6156444986434346
-0.29357495468469175 6.503290289291179
7.744989994266685 -9.26900891084999
-3.489234917450414 2.0986765299071486
9.280134383377494 -7.47834739068802
6.871253214745515 -7.477598617515158
9.936162112916286 -6.996211364930225
7.910332051480282 -7.248594528450334
-5.751582268485487 -1.5639231906860278
9.185295082571642 5.689845928157986
-5.50684449990306 -0.11476502395636601
5.761222290107241 0.9430865040781775
7.324862017256098 2.359513576987746
-6.71496762905033 7.579972831781568
1.2126919615447598 -9.662667240389899
-3.495998958079909 1.2405319501762122
-1.598658628034464 -6.502113370013792
-0.17140562194225062 -5.271438376483686
-3.0638516482418137 -0.7026196441478234
-7.059418179732118 4.186947463655459
3.815716400383094 -8.538648843603502
3.108287917910065 5.610337359112611
-2.1463287936310156 -0.5222156984194282
4.828612214524362 7.369475403452121
-5.664078552539474 5.882598114899949
-2.360640907341665 6.543757980343059
-0.011227645506915351 0.41496614406259624
7.636617067985231 -5.261132855282479
-2.51958524932766 1.510523001827158
-0.9110870279333394 3.109312247310731
1.0406942713694516 -2.6612340386029736
3.7999072382550736 -8.517952138556357
-8.229244351080553 -3.528035235888421
6.501683664489406 -0.4988069230462955
9.669610346116912 -3.275175571313234
4.05433611679417 -5.227311341060887
6.000797563008451 -2.182826335945773
-4.504924879588293 -3.9711857603629497
-2.009999036200883 5.022099172553263
9.00013481316467 -5.746346955976356
7.765443027486349 -4.042074010991572
2.8208262400278254 5.9059936490435465
8.241806209617629 -5.80614473456345
3.6323272604242476 1.6581408235552608
-9.977255639633762 8.880873829738533
9.838773478159798 6.525738769019696
-9.08018228732116 -8.037915427761282
-8.383303761387666 2.108649193854488
-9.36050106159541 0.6745374015514933
0.046921391436944404 -7.834092373663375
-1.9760561751179182 -3.4710917651609545
9.169301216298201 3.816235419714193
6.957847241732914 0.7110550051111311
-4.844576468255579 -1.4317030951797385
-7.884943690579684 5.979425969765412
9.71167869919665 -4.326616345243755
-8.705854531049429 -6.369271852462626
8.254249018017823 4.226078941256903
0.09595508103967809 -8.773662185557775
-8.212501527498873 -2.634563763880493
0.6404487183626362 -4.569775133069962
1.4499206117744663 -2.2927717478203853
-9.340794408429696 -1.7458276480782065
-6.8862692656039615 4.460239025292495
6.229798255000162 -2.8734146947489254
8.392106975525337 -2.6415326261941168
-1.3139783022271416 -5.662211017517569
-1.9924534804724772 0.0344119162626626
1.0954889319908112 8.016117023202632
2.207000561641987 -9.790232293031696
1.8397028520781191 1.3187758004017738
8.045525623807727 -7.1529714456567595
1.588375888206432 -7.791099353195719
-9.894820543613921 -6.627580365189707
-3.40964856483565 -5.254106873750861
3.6925735478110173 9.246343341985835
-7.349304180099114 2.592511297606608
3.615784610055833 0.6669145170643205
-5.8178008569039985 0.35592407957986616
4.649676381641816 -9.252537752769694
5.148535775342571 6.420580918992261
-8.78349087204266 -2.2505270205714627
-6.790576922310249 -5.190003713811995
-7.420176264575556 0.04693084357841215
-8.193150531695924 -7.774755282798669
7.4921172019800295 -2.486848193734339
-6.944467569565274 -1.02903131961736
-1.6174512433204207 -6.062113627750287
-7.463058710643513 6.265104823928738
6.634661179327704 -2.815830950171425
-9.740172663266392 8.551732191136448
-8.960789089232911 -0.06366247165738059
-9.838656967815462 9.975519943008955
4.681406630048787 4.3964544687190905
-0.44390884707733136 2.1642669342663527
1.204249181739108 3.583696483781136
8.777736430499555 -8.24809576796644
-0.5825403130437898 -6.931127733394147
-7.31432084691062 -9.900426935946918
2.643859862637413 7.749700359810539
7.795956897783931 1.7789940980042491
-6.617405379887337 0.8558555396345451
-3.77029874537973 9.091335351436541
-4.3864823539317825 7.568950200619465
1.9969392118100675 -1.9455388273061445
7.487771478785653 -4.250373454110637
4.687931557555405 5.645463177144608
1.8415289012819986 -6.726373322272727
8.032205979016616 7.599411221933952
1.8755180075884716 -1.502218487269717
-0.30787847723369666 9.647272218711244
-9.975452667796233 5.540615573766514
9.45005108686069 6.630303464708373
-1.6118457328476268 -6.3203574029068506
1.0524091785611915 1.6926196664462712
-3.98781513657042 3.0940491109405777
2.7213599853389585 7.497964168190336
1.5666571850539626 2.668381256481654
1.6412966928515793 -7.347274940805592
0.1294199582311446 -2.482204317226751
-6.927727070464405 5.586078346964873
4.145970541207728 3.1029847114529847
6.8904008896472355 -9.92549673518512
-5.504469127371858 0.2610225370236492
2.6096116350939997 6.474619209584997
5.279332234657954 6.757779516007844
0.022195145038567787 -8.7802159985711
1.3885286365054057 -2.7146536657904345
2.6906478003612015 4.977454246853302
0.9366295005408851 -2.917500638722914
1.8506159068647037 -2.5392791346550947
-8.155362519883136 2.5147893690764906
-0.0662106062065888 7.781615149801464
-6.064924695201286 -6.493868385648172
-1.5555220125987894 -0.2458715313160571
8.167349436192104 4.883962912070377
-2.4386031962496073 -3.594850112405082
-6.000522851460666 -4.545939509752044
9.292875733404372 -1.1151702272166748
8.705337327650565 -3.7284902073909105
-2.6500355023104554 1.9229791848529096
-6.179519366180159 7.424819244408226
-3.0110955812550477 6.555864180928143
-4.623984569356581 7.805071123194807
1.9347044658745443 -2.6874725057227167
-8.21402921726586 -0.2980799011004347
-0.9124424964366202 -5.696712547618277
-5.243533018310009 -8.466749174324482
-4.374808519792815 -0.5174795711854259
3.9421673141475964 8.827609272501963
4.845842224257183 -9.712336273118154
-1.776740292732713 -3.258686431641289
-1.4839341984462386 -8.083151457640472
6.347345090675727 1.5926968110374524
-0.09077622614697312 2.1828570800227975
7.39837125639551 6.5007755236725515
1.843535000843449 1.9728293760475868
0.1655566094676093 3.310729534806022
7.767431101337049 8.188239034086028
-1.2223267964270317 2.0457042770831144
-8.755934059986235 9.138482662729565
-3.0269737103499628 -2.2807983108643963
2.645575251714023 -3.981595960915061
-8.064917389997659 -3.4489244933915746
-3.780023050389019 4.548952826438013
-2.1034444248034685 0.11213686247120158
5.446452419867251 7.81548567565012
6.408918903447432 2.5104520722341164
5.761404956395918 -7.61936299911949
1.9124873910181268 -2.745133320189252
-9.87875891361266 -1.5779406514685448
9.81346452386122 -1.6133193881019032
1.6454904419980991 -6.738780379800822
-6.875421146834584 -9.31058568569254
-2.2168946403716383 -1.491831838049297
0.1250065954896904 -9.313258968491889
-8.21075856511505 -3.105305130802951
1.0583189340221502 -5.727616978691774
4.115303775231334 -1.4747515906347903
-8.263698318257191 -8.996210950703535
6.21604971353792 1.2338309566432955
9.216392748702638 9.060821769640448
-8.510136133199227 -5.24736517204619
9.144041482156268 -7.095894889124395
-9.262210196583332 -0.14072959220684567
8.658886113726393 4.0255908290575615
5.788692626215175 3.751746134672345
3.067377841271421 -7.550320625153755
6.174641350425464 6.7678473498998954
9.745698214063008 8.33264236165725
6.601457913393304 -0.8809558388296921
-8.212342511951443 -5.750529828750517
-2.2278765478995837 -7.0554037516968915
0.5081859839400753 8.995506469496185
9.013153558318557 -4.800570996451712
5.226748956343716 -7.240829661033816
-1.0613700667515253 7.696986998876952
2.0927201339134207 -7.814394238863926
-4.473530736643275 -6.822469403674205
-6.231188444132476 -5.379198637356315
9.357221263722238 6.710006138815725
-7.6407524452594755 -2.285147938482961
-2.7289673215943466 -0.14564294418071277
-6.308044763349225 7.901676681351319
-5.376618565466869 -3.1313997120915538
2.0162256817333173 5.202120264623463
-5.936320796056034 -9.86485283671982
7.631231391180783 -9.27662913396248
-4.888258025089369 1.3601696760523652
3.8994188909279455 -6.617490914630009
8.260351832409526 3.3402761259739133
2.321259058810348 8.977416806413121
5.661414877598068 7.641208410389819
-8.88345405394917 -0.22023480201765544
0.5666317237208816 -3.297542992246207
-6.431462032705253 4.4133049760274385
-2.845100964630067 -4.001120974741452
-0.21724744180348488 9.54168859694687
5.36500797097113 -0.7316685890303916
-8.19763772685295 -4.529522518721203
-1.7661934125131022 9.5467914118165
5.69246022611595 -7.834771291828606
1.8818764760194124 -6.62769772097084
9.763856412156965 -0.1703438083291644
5.513873909280768 7.99853391892016
-7.398128040567737 -4.533859095750492
7.651781299029452 6.023733154106875
-7.247333241181395 -4.122179586109116
0.9131910435873003 -3.724883370462983
-5.889742781280479 8.035377414387352
-6.4277136971151405 2.9173285740614308
7.3545198119311515 -0.9111634683049363
-3.557750894105607 -8.753130638328486
3.7874057582010785 9.102920987885895
4.254943868009358 -8.850930238957739
-2.0632397482654152 -9.740006804472527
-9.499613914092828 -0.3211749167303637
-8.066013441185147 -8.482950073342742
-2.421282669684331 -9.871031185512747
7.653820764368316 -1.96566307304807
-3.1911289713173696 -8.492242490948488
-0.7112501773839064 -3.01542824343632
8.423970223453772 -2.349892728905374
-6.3168717638145155 3.977608201995288
-8.806480950501518 8.860931449300473
7.276898131126227 9.678963415131367
-8.604822323750092 -7.707487222180516
1.4142819214850295 4.099393416339893
-8.529721500810432 -2.7782529349098013
-5.023358292027225 9.76474006724246
0.6628465022762384 8.778998142868893
-4.128397913624903 -0.0006221025526187418
0.5780946123415873 -9.475651235632371
8.928133839321749 5.870730510644995
7.130118930914598 6.9827205046216925
-8.581962543902007 -5.5123225205413
2.527262875359053 -8.229462156581375
-5.948037537546327 1.4860928630807315
-4.710706860045462 -4.496433404038891
6.248637959862521 6.787221968792981
8.966244450620586 -5.791414069717511
-4.631923947179195 -0.8357818347190804
2.675875943310455 -7.369898717896888
-1.7809929443815733 9.532126514927196
-5.7717183598437245 -8.050353064227284
-5.926069183449729 -6.828904188106211
7.594199751942632 -9.971667997358658
9.735239020519902 -4.851163248147641
0.2916446842666165 1.3552292979718707
8.05624219315196 -6.056757591751635
0.7557529191692929 3.8346358541927312
3.6653016283330775 4.34589685822181
-1.6160294222177303 -0.3507742412919139
-0.049318650358076255 -5.400992378581169
9.219242228745056 -2.094382432150117
0.9140483930051406 9.005431128490077
7.840962865706839 -6.138251670885937
-8.571200324673976 8.47273941128049
0.04550829556957581 2.15349692492752
-3.6559976714344433 7.787691268587718
0.8421191765527798 2.7593423029031765
2.1802312595943327 -7.8746557776259944
-9.35305196640744 -4.985287991204879
0.7053939709070693 5.358075003260904
3.144267602339557 3.183632162318453
5.5580853550171465 -0.38041836192506295
-6.538310497204625 -1.3497997973525706
4.225665726263534 7.518700467170444
-3.276538325797582 7.174931854046644
5.4114301138755145 8.176212202317373
-8.095609569607166 1.1671982393442253
5.381526038812181 4.500064643891623
8.496271414846149 7.330522865161075
-9.69670489379849 1.204344114307652
-6.899774914609942 1.4087561866843608
-8.148264687352043 -0.3785837756819781
8.472886695372232 -2.1248348706703135
0.3850419832079961 -4.508254149863086
3.9468884043085843 7.063852681612499
-8.409304861269995 9.864124358031056
4.36093943974231 5.045427147082664
-0.3820978388997105 3.9408672736115697
0.38330644536350533 7.067123005482944
9.765075108275386 -2.956257064147292
-2.0270262914988058 4.881813487619183
-5.381696820819166 -1.4708447713138284
-3.4936243897456336 2.2821807891594155
0.8014228460026231 6.242326467784853
5.40195157747835 -6.999411742319584
4.272865309044537 -4.5954533253148755
0.13946768611709892 7.6146857965759835
4.52424971853279 -1.7719774418399954
-1.5428533376661946 -6.799270698936084
4.951389555533927 9.574206248416566
-9.53956803695757 -1.3086678997179586
3.9383303905380433 -3.9504324823549393
9.28993931570082 7.179189547305146
0.2719507578421556 -5.314539397622664
9.206345438908624 -3.1187065667973908
4.092143692725639 -0.23986385637384267
5.632137060845642 0.5051773282683154
3.1458942668103447 7.58386001244666
8.459683574937223 1.7224903745412217
-7.453046652130151 -1.1507425980747055
-8.924274461871832 -6.455022146972147
-6.383188453406459 -6.271651059162151
1.2599664952249228 -9.49580254591315
-5.6979528622546605 -1.0003053336744578
0.14436012956141653 -1.820309457201068
-4.148068467559263 -4.812260326027142
-2.3627884903423313 -5.959419672739874
5.355989802968049 -0.36079818923595575
1.9899624369307372 3.592918614690584
6.960433983378042 -8.239547426629423
-7.770475054599048 -6.000937395997836
-4.860732025897024 -0.05743091917122101
1.2417361804945752 -2.8787272426169164
4.320534188828537 -9.520190003867835
1.9530971293465988 5.647154950826529
1.0836037545547725 4.992431656820489
-8.21150787985967 -6.913678470800995
8.546337610681206 6.29272791941289
-4.088978285338429 -8.93859687343997
-4.058247441139827 -3.0780249787023877
5.057563545776471 -4.312420794056983
-6.809084756890826 9.349755095801292
-8.58351260976147 -3.7900071780890343
5.497964731458133 3.743624915209052
6.372658780888365 6.02801802783253
-7.97844083465812 -8.195772067335135
-5.53352162327347 -9.569122208316205
7.828560174800966 -8.686347026977742
0.6514961865878295 6.78170020416546
-0.9705999362600632 -6.795918483505048
-6.464272572834915 -2.7829101065413404
7.577583212009408 1.8825839476900263
-8.676031131363848 9.39278798980052
6.6452530902191285 3.15890799778904
4.365486639439592 -4.648773556322199
-3.816875986620028 -5.8145673878979
0.4823729509729109 6.953193429734487
7.739992745740864 3.192074591589943
3.592287305633219 2.229518778115658
1.3945065060830881 3.69029499649837
7.626777282719587 -5.716066694405411
8.7140625569774 2.658195805482226
-8.784582847850103 -9.819223492193005
-4.206712805088976 4.623341625599387
5.527459458285167 0.8251911527561511
4.353812508231357 -8.70239312934887
3.4834474904616286 -1.5092729460744199
-9.268155914740252 -0.522613305176014
8.683568293990511 -1.2070482474053854
6.677119524476904 0.20753742374707507
-8.020742485281755 4.48910802374847
-0.07674945588513005 -6.807169626956606
6.7882530191149435 3.857095916370474
-1.5881618823657675 -4.967292643707806
0.6580765591688547 6.561130817554066
2.0576845730069326 0.5156040903133388
8.179236651936627 -4.470397292713672
-7.589604109337554 5.291488906783446
-4.466488867928103 9.238531996938008
-3.495814870942853 5.512728086111579
-4.187428211140705 -7.780778603960732
1.4719489571300475 6.302225717629124
3.6991753720271277 7.160537217124659
2.0025575579996158 -2.15262797546443
-6.839166753791924 3.993111831616826
-7.609618034565928 -2.9415316705928447
-0.2256018696041302 -4.187099015802591
-8.737691321089361 1.136840822269086
-3.7996571747657732 9.844103761272052
-2.583288278824867 3.086869982524309
-2.4286760627697372 -1.4764477706471961
-0.2377472124492659 -9.179583648624591
-7.869486374460248 -5.871721815092896
6.357595215955389 0.026142946499906117
-2.5723688958588813 -1.213483409663766
6.236864889577738 -1.9920242279729283
3.396173238302179 -7.081355785349713
7.005865882945166 -7.778250752084075
-3.14486166896881 1.3781696043970744
-6.2100486789380565 -4.728556053861257
-5.3274809691413445 8.556742199903969
1.2552879734156157 -3.415607361583528
-9.500752558401633 4.607201642911571
3.7997235293131695 -1.2764059834647856
0.7971229573412568 -0.38474356874915117
-6.25053731457384 5.736893912071135
1.596598123077289 -6.725508904718803
1.4904432326960517 -7.671840340228419
7.876700938298747 -9.889775490887535
-9.263795101317028 6.609004236770076
8.68850892070586 -1.6436163479720367
0.10920720143435858 -6.950574047847322
3.3046512482939825 -0.11827140013126858
-0.3402305924657263 -5.262820461755915
9.751813746217795 1.1121338293040566
1.3885454452757866 -8.458346430784367
2.3192297672721818 -3.4214679357352047
6.37953815529379 1.9548929625066247
2.5172843865216983 -7.160056487871884
-5.011333881796467 2.887037168486211
-3.084506597077721 9.811108453129297
-4.554211469037246 5.99753491783523
-5.778200339132078 6.048686533607924
-2.3711929305741037 2.464023414466892
-7.4392335528193225 2.979639219022099
4.467972449076052 -3.4627041275396664
7.76718270283477 0.6006403896786878
-2.4159080515799864 -7.816563983798153
-9.663130534200066 5.015415994722801
-6.576869375392437 -4.053559863548468
-4.623644963635978 5.923094717492312
4.6043726287188935 -5.414942268571266
-8.93557566848708 5.555792746778545
-4.3803821142930595 2.7788432323999164
4.711281690482977 8.062069892671232
-2.5101515223872006 -0.5948254281786536
-8.15026417537208 -5.05595019901185
-5.591576823936027 -5.015353608903059
-1.0115313956195529 -4.198391895872165
6.064939712199827 8.684349646696297
-7.784957211771337 -0.8925930214420745
1.54768460959062 -4.377322106757147
-5.563916173121162 -3.555157403082947
-1.1549041755233898 5.982614945910239
-3.9934918183710693 -6.6596907938021594
-5.908819571570887 -9.14545054781608
6.625338391999925 3.225141837690316
9.754960493045598 -7.115299548827969
7.927806311332091 4.8341878513229375
-9.417889056466215 -0.7195890171517654
-6.85750578696055 4.915077834070905
0.6262025429512939 -2.2763049141394642
-2.8171021826565035 9.750601381208963
5.694525097519785 -2.359929418809516
-1.5751307763113775 6.886200599784512
-1.23958312538152 0.5981696809137453
-1.2594866794987105 7.427612918070391
1.8840311694486047 -2.7767964242621623
-8.091491173222634 -9.96854971576585
-0.09288172281660678 1.263652950812146
-9.693853663455378 3.332902542905858
8.430877439531798 5.8906390499945775
-2.676217677683386 3.0750513950662732
7.94593647983832 -8.083057577001412
-9.374283084068576 2.2976386938635933
-6.481601185708605 3.0587312277810206
4.224018260660419 -8.740853204606287
-5.989304915695626 -5.351937150843284
6.312632941913392 -5.882243736014199
5.410834155460414 4.601873371727796
1.1548499805849524 -7.868229456763423
9.655424422608128 0.7280318397397032
9.80053830699472 1.7226719692252797
0.9654336692841845 -3.2245754738522425
-4.430858413488876 1.6976330890703046
0.7427619516374442 -8.586117230337248
1.8741093789653362 5.0059922382514195
-7.749382693704563 1.856962905139227
3.7360049101756054 5.992631076017219
1.3302673006657173 5.23771037219011
5.410785063802715 5.317641088368873
9.306549788421648 -0.022862032128067256
-0.053930943046708535 1.8990316516355588
5.5123506608609 0.11066807003437695
-2.794502157941336 4.228152622817266
-3.400509636633922 -3.4112217405523015
-5.384065488848197 -3.8635005572584102
-5.294269568696894 4.961125889470225
-5.860467439342374 7.139775743324449
7.272465452330806 6.515677063904381
-8.187958671633249 6.39194463272095
-7.030086934609285 4.247422521925387
0.6648762875006842 6.365066665947651
1.730916573372486 -7.742864038729658
8.95011212650066 -7.550140283909366
7.618389531162244 6.06971574941943
1.637210400965376 -6.112851918019679
-8.572970770677022 6.476576327644949
-4.65697234808903 -6.8667152348419265
-4.110329434078064 -0.8930956287253835
-1.3383415998011916 6.8493542434561405
-9.822892530082852 7.346112953408134
9.49706771195071 1.037258363159939
1.1426628446158489 -5.19402148451791
-4.96483646295925 -9.793015422707612
-6.9535925836003205 -7.111731229816705
6.013626785981302 9.149444175980502
8.939268486955203 6.855197364530532
8.035231113600243 2.6978362253521215
7.191596446163004 5.364515510524354
9.094046750744479 -7.163599346664952
-1.9267425816902328 1.5723071262499015
7.969942904148219 8.472351210050274
-7.654905174065569 4.511389481129305
9.285212950449115 -3.772511130761975
4.213493733498169 -7.010446876458962
9.413352399363813 3.275412190136775
-6.36159986896865 9.446102361145662
-3.9912370858805097 0.31672515175232796
8.791934031331515 -0.6096352366330748
-8.078012608935571 9.756267004349045
0.7963636859116274 8.90591287767522
3.978715998472225 8.658990747496468
8.19179390418594 1.9778802655719456
8.738035388800302 3.824487656636288
9.482715196985602 -6.499910960124955
-1.0843939660947388 5.0656718711193545
-8.837311126290977 -8.03460528861281
2.1195485147176782 -2.5995373135198
7.064392336675159 6.531700245115427
6.445967304646352 7.934928443013867
8.927066376451634 2.2675350832204195
1.2279918928011018 3.865848250771929
6.659145104078739 -1.586181541499263
6.683934651776113 6.807634545147685
2.3968910017236595 6.632171211100591
0.20410614274382155 -5.722881274795446
-3.6887584011118175 3.3819874009506297
5.635181968274182 -0.9924104379368828
8.063238797216762 -7.163224849939542
-4.176738582976087 6.05309054567822
-0.07594173452939401 9.340910108332231
3.676153476758504 -7.831424033022884
-5.450768859351676 2.887636951785682
9.769865693703348 -7.740182642254833
-1.909835558740907 -8.480435561126694
8.765570643701214 2.4236905004069946
-8.227792262833782 9.52185135396465
-2.172055872692269 -0.6248004533511171
8.227096564210118 8.310908710589196
4.609139034527896 6.98113043276139
6.099901276319393 1.1103727097325748
-1.7090471153471238 8.558644859055104
8.261249096523983 9.092409793499868
-0.22102945288820663 9.586224188212682
2.1671090403838313 1.8732968921823456
-6.503001507610627 3.9959398668141493
0.41902540644862185 3.1248825604539032
4.22019287233349 -3.044902745514692
7.279341407071115 0.7672839552518145
-7.915417845940547 2.5860534084285174
0.21916239242005275 -1.0840306168879401
9.96149178646952 4.571737830070408
-2.4364359885307714 -1.4635244200299464
1.334696282897049 -6.799306504023345
1.1257204135195273 3.959121023874916
0.43749629408789836 4.414665322984044
8.599117788900603 -7.363908586624175
-3.268922576210846 8.761166789947413
5.6250083791947745 -0.9448435675069877
-1.1536733226422857 -8.52618682791255
-4.088716246603264 4.056076435635061
1.4582078148674604 -8.821975962397385
8.894777012757118 -5.744913681702135
-4.702070663976816 -1.4493773365154965
7.977087522248215 9.420945141711766
1.3939351086210259 -6.1499331653857485
-2.766831785846879 9.09107972165647
6.249214218709543 -2.5046158097941156
-7.169628400871472 -9.998136461332512
5.654059972686596 -0.6602730418028138
-5.626062306517275 -6.8222226316913765
-8.483478114644996 3.919052351400813
1.9111239422967508 4.233142736992976
1.2401093990506045 -6.149022519075896
-2.1122192548805296 -7.836368110434002
-9.548914337904595 3.221524051779369
-0.8364730110462695 -7.242909107696523
-1.169549613213194 9.314036785620388
7.731985734147756 2.6808707258000393
-1.9052590509842062 -8.722582261148496
0.8881146349472289 -3.7128275299872637
0.13228537120338935 8.632494081278708
-1.7280514140389869 -6.655428047023122
4.49020200370984 2.3913919857409702
6.376181074339925 3.9414092738255952
-2.231151329651171 -0.16048053605666013
-5.497135014635736 -5.946594089842268
6.241811590666391 0.29840813510858943
-0.1474325552412914 4.0489120876564915
7.76164218805032 -8.029094774721328
4.464137304971407 9.161050166988648
-1.4622587324541954 -0.2648168109988429
-6.551611795543875 -6.187890995623071
5.936743364584737 -1.0135194162231436
3.9503165699646523 5.043527043347789
-2.7614296850317332 -5.93659765339628
8.268089561820531 -9.814719655134475
4.452737054182144 3.3232285828137655
1.5215991337776522 5.860478509375957
-8.396352280849168 1.6751026023953735
7.611418603198196 2.3871173894043007
9.757974861540376 -2.4700025602883757
1.9916978816966093 1.3091163233132974
-4.5093412688451 -2.0691521127294106
3.6655709431327637 -0.635649017802729
-0.7318800662002705 5.500293758853038
-8.255073257721024 2.5174152064491153
-8.331187468839405 1.7720391883314477
9.793329302005201 5.3021798478445366
9.947397830028102 -0.9313330475505843
-4.930843734562926 -9.672849747872508
-6.275079322290322 1.9605009962865783
5.023781313944244 -5.810955853114901
7.128316323487649 3.5006262955283862
-9.740973092717514 3.6455395618999056
0.6163088600495534 4.763810580169551
4.304099581095498 0.7746281900015752
-3.5837820284299404 -7.298519407815869
2.4808303076444673 -7.257012902080939
-6.725190886426198 -1.2324746498555932
-6.948760290559135 5.784485401526291
-7.8312133541606554 -1.3471376396787065
-4.603329907600749 9.949334208992632
5.074391454352089 4.56466099159222
-6.4293417048697865 -5.780081913348192
-5.425375931365728 4.501846181019673
-8.001191771022329 3.8456449512972686
-0.30487580856744856 -7.822212982688887
5.90648277949898 5.093066839574728
-0.982566560438837 7.817804128776626
5.94952597239217 1.9633390285459544
9.205223555160707 -6.064699539237046
-4.43128850532365 0.6102163778810077
-4.42588991916145 4.226397066816002
-0.5526949611688288 -3.3839592214428276
8.158633842145676 0.13435495838146494
3.605428049137604 -4.460530370689608
9.001999986598225 1.201037185335725
-9.518897723218442 6.470978674002318
-5.582782726566087 -8.928583767784112
5.280958041394495 9.525200871421355
4.320957783530432 2.600372773898062
-9.894907963295623 -3.7873744384825265
-5.362994324473718 3.1229848329490935
-2.3234006360099624 7.0814435034650955
1.5233276654880115 9.326583720181905
-5.38846269035292 -5.049240381205104
-9.2841001307245 9.525482937545796
-5.341122617114058 9.84709709814603
-4.127347758376441 -0.29202891072961634
-1.0227954644459807 3.928482318153698
5.014799084702357 -8.959615285064507
3.0356625261672434 -7.765556412371815
-2.016028276430905 -6.662659597646652
-1.8409468270344291 -3.8247235213580444
8.254734327052859 1.4180026132541919
-9.670555457701733 6.84341272372334
0.18705713690252423 4.600417412758302
4.007876641945376 -6.911802406913042
9.470396011988381 6.8779454248758185
-6.197068695793286 0.21085609442841147
-7.631378020813198 2.1053261842967714
-1.8736025871043775 6.945042230930117
7.684782158077475 -7.089436590827183
2.0405829542291816 2.0741334658290533
9.690796968130666 2.0690200236293403
6.502613853847773 -4.213759687250212
-9.374367439490708 -1.53230442707223
-9.126520047301856 4.006199214578142
8.939083543815922 -5.651972529619151
-6.561619618636529 -8.149835478489551
-1.4120919749473728 3.0098641644102404
5.19120561195254 2.838568319104848
-5.953890491112277 3.9271698432262436
-7.667537599498003 1.595022501079299
8.93970946931594 -3.195738619321979
6.087069846940018 -8.737980950529563
-1.2301760646147422 4.206251927246342
7.942354430987585 -7.966280499478038
6.531651943556685 2.9318983120396283
-4.9255088265545215 9.849323080447341
3.2006147633130144 6.411726015360355
4.928177852358463 9.904915088558766
-6.170799139742435 -5.097074904404968
6.98015050045532 5.261348965800979
4.253544838661954 5.5893515186334675
-9.43959393632552 -0.20391815074488662
7.098896626903716 -0.8819108188676203
-2.9398155170819784 -6.469620192573149
-2.260389681462758 6.389443710586367
0.5170703308971554 -9.364947490100995
6.438699150953859 -5.670932447309529
-8.556184114494778 -7.593888465722129
0.9134884406181936 -6.788748531674392
-9.167363190076106 -6.373618188435557
4.2272514200774545 9.82881886389113
7.253628806799178 9.363498446038545
9.512695562689977 -6.954805203061387
-1.1171644344119542 -7.102811117407539
-5.596124293077005 -1.552798631544345
0.2195077787965598 8.433550153262328
1.2071687535857833 -7.459735885375203
-9.770156791747219 -4.334023539383695
0.5653712092665941 4.9761795041898775
-6.519747385886916 -6.25924494443937
1.3851271817820034 -4.124768584814351
8.68028232877927 -2.630378387952817
9.195302753171422 -1.5604467866914167
0.19785161654569272 0.6931710770856334
-8.455770512695844 -6.749567642016325
9.740849515376851 -5.922025408933829
8.746975020666675 -4.03991717419273
-6.919354263098052 -6.35661801775369
1.128359929856373 7.887985377678312
-9.87241213504333 -6.9313948442688496
-9.356740631612565 3.6400033886102374
-8.985919034888273 -7.980531396588095
7.588534907619483 -1.354926550987269
-0.9294481234202845 2.219550712927667
-0.8127497348217982 8.356731719512972
9.78228332082319 7.228479458938331
-0.9304851284166347 -6.741324094828056
7.858435905049319 0.07539349162683706
4.544026650760324 -4.8385397684812155
9.523892783762804 -6.836696987584075
1.1918168071515929 0.9104388352682342
0.9670590029807808 -9.436405430898478
9.572933149741424 5.217826334808596
4.385554860557548 -5.285546813965139
-5.480701695921759 7.833268679127045
-6.314854427630065 4.714130028270645
-3.302503649375918 1.867625040894815
-2.331498641687217 2.526368286567367
-6.500940787768901 -3.099502107712371
5.102153300633578 -2.4777691956125274
-2.303357701647208 -4.54409834682064
-0.21395994427400744 -7.652538751196795
-0.9850436301401029 -8.39922102945218
-8.125877131638855 9.287135988367638
3.051702741137966 -4.899592989527235
4.452078166784986 9.280861006470548
-0.9730737789362571 5.609840133521573
0.97677897172934 -1.841345067519228
4.20605060480238 0.1600976110655239
-6.482096385080343 -8.361487374724895
-2.293686956564316 0.7258626429816388
4.232497515866676 -9.495437799373494
2.95198825625717 6.1811828757134215
-4.853656231699226 7.017922609446199
-2.429642129127032 -9.730253651965153
-3.4414722904404638 8.748570275678603
6.384048213897046 -6.90199405521239
1.419783121722416 2.1903991735391504
7.55442768342008 -9.660807350299587
9.153775335154855 4.816624284870075
-4.556603471865486 -0.5796631362383735
-5.755688364943408 -1.50375980346017
-3.373666531155135 -1.1397441700543514
1.9348976080570495 -6.992366261518999
5.4216336209841405 -2.0565139599194326
-9.813589384980032 -9.424714058731533
-2.037454498031968 8.058570142301612
-5.981413879438704 -5.948565656490857
6.9717301539619925 -4.543060076707315
4.771456398547265 3.1589498847799113
-1.0596945533996696 6.663771692466781
9.991182568862804 2.960303424813695
1.5954640668538378 4.104046659567054
8.641858385107689 -5.097306553172598
4.394546997462873 7.576798963824974
4.440592300657331 0.02065391078514267
1.1135549463738226 -8.232690005262276
4.112591027640393 6.450967276391314
-1.8329718575811338 5.607427867882308
-3.567232657503812 1.88303809407474
1.1989802234911213 -6.860770304671815
-7.858303773443572 3.5584936364175483
6.319841384209788 5.640162386615813
-4.9229947327209445 5.9069345218069955
1.1023352195683316 0.281762406079757
7.5627260701616805 5.8128764274990115
3.505999118648681 -7.410950700553302
2.3961871370648797 -8.913222621924152
-7.3018925585144645 -6.006150279566748
0.4620641852293019 2.47369051862081
-1.6789557673747897 1.33547547115114
8.547353600925636 -4.886743618416542
-7.1068837167297545 -0.5925962486168697
0.47665102359528966 9.021749114569932
0.776119920264307 -0.9997820256293295
6.6229665511405535 2.176555041641336
7.751795859690581 3.0821793770880213
3.8592002478439333 -0.21294174731299798
5.65365487762211 -8.924824208550145
1.968394890833892 -1.972807546442512
0.49639160498932 0.6111457118102148
9.807628144343312 8.563925380930748
-1.3326414973033778 -8.383976526311585
-4.877005910751098 -7.044081811047718
1.435454382012738 -8.514009902207828
5.177874788630685 -8.70454599510139
6.174447396714381 -4.004347048056038
-5.669633305434245 -7.060079821192069
4.144997061582401 9.406302737050616
-9.145204706878644 -5.180465059745563
-0.001410446892828432 5.439962407370061
-6.41864993057432 0.8782990400118997
-3.4910353067153217 0.8968669475369122
3.311625083222811 7.310143546704243
-2.274283214907018 -4.67352088700185
-5.405743976768811 -8.949787670874692
-2.680623488343878 3.688862005712352
-7.742904934075185 5.377378200675096
-5.2534876687616805 1.9809873566412755
-7.84110550236413 0.7924838565250703
7.7584847571837585 2.5512342193350594
-9.72455594901854 2.33113883781529
4.1569026551019395 5.488342443770826
3.424436093052936 1.8876599855622977
1.6335029159560186 -3.330112350831225
-6.345279216137339 3.575288498544868
-7.214684631338544 -5.40235733379151
9.089391423419848 -2.684583057551137
4.779975082661018 2.5617969029003227
-4.809137546609616 -3.125116157594463
3.23886727534056 4.991657177922971
4.7814187235519 -6.8603736956369925
-8.981488980032337 8.580705300040204
-1.4551799877620155 2.2024161527287838
9.823038556810143 0.6799204322936703
-4.442983349061147 3.119008268569324
3.8499052801897697 -3.2490861924328147
-3.8440978597641546 -4.255240424645135
6.715677459345073 -1.4368891365777863
4.760759046461887 -4.68778159668082
-2.3320709398946304 3.490067766448302
-0.25284986202991533 -9.689788528311565
-1.3120188657993666 0.9120974049320374
3.9049511469904274 -9.303216113709773
-1.6508728866939428 -3.9363673005354567
-3.5889476319009495 9.770472675555617
-0.07123987862396675 -8.89725846366912
9.98432791110178 -2.1137925194962666
6.469007297614063 6.969209181648651
6.686500342143596 2.5900628679982667
-9.359650192021336 9.563732314033071
6.529898044815855 5.936541496670916
-7.115887617688572 8.897896037109287
2.0349079423042777 0.6585256772384263
-4.54642541192801 1.5061036585776364
5.60861167735829 -1.2648220549115514
3.3134269767849815 -7.506029490533046
3.772210213352654 -3.5398826664173866
1.8118371198378895 -0.8120873745054791
-6.728389100860184 7.199913731109426
-2.143123129837119 -4.416414764105405
2.1628397386806455 -4.213596248129454
9.405360202387278 8.875128360675731
-7.874685792041811 -8.006394287511307
-4.847823353867842 7.118589924986338
5.3407218440864135 6.249229529860859
-4.709011396198526 2.7891998123073236
-6.3264169624529565 -8.863316647739437
5.512304363700871 -4.8624575677677555
5.0356505507540135 2.2564032042780795
9.25671294842569 9.714270268147494
9.783820597537009 -3.536143509359184
6.750934419705025 -3.5495468140359847
-6.602747036107646 -5.463795619259411
7.925112074910764 -5.8025978508126315
-1.0223139445764247 -0.6905953482575615
7.719247732878756 0.7442637636247511
4.369730570763146 6.005739047458459
-0.47936163238714613 -2.6641574503491245
-1.0912154935745022 1.4183053619516155
3.9538329986910767 -8.366916968337957
9.3673628222759 1.563666312333238
-8.754519653285097 4.301419219110258
-2.8645360555374637 9.132669137608339
1.807609945325419 -6.545163281477735
-0.8964123906084076 -6.8921221784683055
1.530879255778279 -5.507675746295078
-8.056931870531036 -0.8990721893988844
-9.67638791586449 4.703113079245123
6.733911175857578 -1.3253951104594268
-2.796789831026498 -3.556227505853209
-2.2105845963733035 4.5424774239632
-1.2573997215888397 9.143073115781032
9.682161310259204 8.67307758666928
-5.787913700011941 -4.242714210566514
9.713137513302087 2.434683482935407
6.61385737356435 -0.7543669882918493
-5.7483560965525715 3.1329058800433973
-3.5342881172499503 -9.778427029991139
6.700099979615551 3.143149541785121
-9.959768396392718 -9.395846960747802
-2.541441892426133 -0.44721424632552953
6.868742472974155 2.201428350881603
-4.2226731021283275 3.2470155617053553
5.037746885083472 1.1504702479760347
-2.2421996066317895 -1.5977071312864588
-1.059512531866936 6.102889458730491
2.3707592686309056 -6.357648754645908
3.9768346560407757 7.733846995214037
-3.4899287846804867 8.122063509086868
-3.031469447184265 -5.134362357179034
-4.387049412960642 1.8070618292501806
-1.0639690169878406 9.253210518576122
-2.3737955446758496 3.7839311409685656
0.44232777077463226 -6.831675149445302
7.099037712199198 1.2385548281441352
-5.509782314760006 5.208273253831848
-4.963548262187542 6.980844493554052
-7.150490684068327 -7.128074169787029
5.25068199466209 -7.55495532472634
-3.626663995673396 5.005804147179367
8.127633379900029 2.7425938375303716
-3.8070193982796425 -7.3784295628426815
-2.3874813569772684 3.6522183531808246
-2.9815006048971853 -2.7811448224246504
7.15393705042181 -6.1305296784001895
-4.129344267383878 0.6544286010878899
6.801416206144168 3.275877904284668
-6.168801026324431 -4.7971008818714385
5.014910371870531 1.6532900478607733
-5.250423004666638 -6.845019072002934
-1.7871584517199697 8.094660759756039
-7.129923801361788 -4.705511138280349
-9.580788135135595 8.493111698307942
-1.83401759798571 1.7001243638163182
-2.564762172049142 -7.479669830906845
-6.44055488013711 -3.672158168065529
-8.223206529443976 -0.6697455842028539
-0.8853761242523142 0.8504813566968057
-8.326027605379222 8.076766329664714
7.3870742477269005 -6.816561549960287
5.375280933269522 -0.16068978400790357
-9.305745336310505 -2.5947559071559745
6.167495632700284 -5.775359237976727
8.91514566521904 -0.28506238004302276
-3.804360679252257 4.8893026396307775
3.4506444480436453 8.619952987411093
7.84527378273523 1.3727775354951746
-6.087781507371542 5.828856260991721
7.438492754967019 -1.7508826843527192
0.9511110063020478 5.33263164606975
1.4350404388353333 6.933508578576458
-6.250063134920866 6.343463890259692
4.97086205244627 -1.0684449588581764
-5.302479416131498 -2.1905859874019633
9.582437812851442 -3.796437396091532
8.73410861334039 -6.8780062673149995
-5.653551158778242 7.6915677385961985
9.21700908009986 4.910006991012327
-1.5319186564927438 2.7106501988894305
-7.703407227512686 4.288864697621708
7.462274683573252 5.265673049882498
-9.573516150456442 -1.148404380973469
9.031818629933035 2.6473606419712006
5.499003282852772 3.0697404794163
-0.0570542388694939 6.779604366722751
-3.17853742055539 -9.190855788136691
-6.76916435747099 -1.0420223615787005
-1.820430430293932 1.7959113601285992
-3.6453965702699627 -3.780981898156921
7.097211001501581 -3.7666029596921513
6.835444378851502 1.721526245269871
-2.34427464344098 -6.57857811824917
4.206972665772495 -4.698180909717422
8.648476788096918 7.836288608366356
-1.8357395578670115 0.7400012971469252
5.1539528503672685 9.855355186204779
-7.070449042805369 2.946621092404957
-4.451156512216377 -6.177472814720648
-9.04609810156769 1.3999164750748587
-6.604145048194557 7.782248114206883
-6.175441043661365 -7.95494415739971
9.301360201642915 8.58785770008226
-5.054171707425612 7.743047978382073
-6.50104345729364 -6.053093535572655
0.03961564420322361 6.832664288666329
0.4414427527356821 3.9933257143231327
9.781312599666919 9.054468381895912
3.427229947638317 6.999676707059802
-0.18149557447475928 9.266703325689388
9.517279328554128 6.177366290301116
-9.774386654469517 6.835856038481495
6.522415327921635 -4.240470047224976
6.06417893291918 3.6591519383939293
-8.723965462108607 7.259380546766696
-8.029134215314606 -4.4898198928630855
3.129249092446253 -0.9546251149773699
0.3174483577226219 -1.7278325899730778
2.3697018778168584 -2.346843029440606
-1.3378348445277872 8.860108597709324
0.08115860356210369 8.099543913080947
5.686497789623136 4.963700510935475
5.549694149543345 9.719085482389222
3.179766780391091 3.454628754842142
5.857947096753623 -2.014949328869548
-4.024518150980667 -9.684888798277063
-5.827834417967592 8.401134932254681
-3.765657870797554 4.616122304403822
7.819154410033018 -0.9916731261934792
8.351944083239985 -5.913565969304888
8.038484248712045 -8.28039629735863
-9.89597165144183 6.521093394794832
0.5668381058479675 0.8689905942220193
-1.308492941657411 -3.940874164500217
4.996515460493612 -5.525547323776143
-3.6987638628089687 -1.1463166967062115
7.588053813287942 9.829190694217061
-9.27812718495751 -8.516936319739974
-5.376336449869594 1.6508273026359177
-9.18918461230254 -5.047196358007691
3.0361523357329556 2.841438580261089
-9.688205229680538 3.079064360049742
-7.365766367267048 1.3772218894112598
4.877657194772514 -3.913596980965181
-9.684975505468154 3.112069889641173
-1.1600915648326922 -4.86991184417954
6.110122379994223 -1.889815894797099
8.767175620397204 -3.0845455032710074
4.155729567593347 7.898495727567109
2.201395359539413 4.850449568054657
-6.792599790029914 -3.7023332660886084
8.154696257299943 5.4365764191870944
3.603787408923809 9.31438055162749
0.7643483588887907 -1.8683984488503231
8.049955686847568 7.2264548376354405
-0.1819474578553386 0.35466918446847373
-7.343788843700838 7.784871125042983
-0.6089024428103897 6.57728963011451
0.8771113175581 8.477247307441587
-7.027445964660948 0.40221301293519574
-4.623859433950425 -0.4363403241736812
-1.1997484093573014 5.522356379117017
8.57565083356888 -1.5523995321368886
-5.865156364369746 -6.167584383698381
-7.375334660491408 -0.7142686773610034
-1.379965031403632 -9.569294263154916
8.03337853657569 1.8299292184895428
-1.5716306321823375 -8.593879732424947
-6.389340278390976 4.683959572650334
-1.4137913601952015 -9.384030458494205
5.703668663776691 2.1596338026302284
9.867297421339604 8.480494844149955
0.0761410934520601 6.04625107222753
3.491644754268348 -4.910339151882244
-2.350652897707328 -1.9412685201281832
-5.066452581314529 -8.639432725327074
7.061841459493142 3.557013081159342
9.987345905252504 -0.3230728590903773
-2.49696177803356 -0.09697495777363585
-1.5887641489089273 6.891797584079292
6.189719579934454 -6.27866544387178
2.1785994946089673 -8.287186505836674
6.867378937870235 8.675057283885764
-1.1602171756145818 -7.806652911838681
-2.0013753407071277 -3.528112429538761
8.611337083362184 4.544393425719992
-4.534058967499779 -5.908880656303261
3.0799174142285928 -0.20079522996222465
3.7182355396721753 5.637050528341913
0.6874341217067794 -9.162059126346714
5.713151648838302 3.757953176479294
-4.381778144554689 4.050964021463718
-3.999384656100462 4.1604572474676615
9.42202462886354 3.499096399728314
6.562288184238682 -4.435858763541041
7.288373832043671 -2.132898992694394
-4.522024720922824 3.3516111297195845
0.0036962404587566056 -1.0356511413709395
-1.315375455237076 -8.348984096588183
-8.125492132504622 2.2000948699244205
5.176483993618319 -3.22355872826801
4.84534569849729 -3.0168188444666004
9.747230865481079 -5.063004772439436
-5.911884451765957 7.2706234753565155
5.442179553101569 4.052743165046781
-1.794685430689455 9.268399600932973
2.069030113975021 5.609294533808578
-7.740255354629852 -1.226317971266793
-7.450013956446666 6.643545652283727
-0.9151326628418648 -4.755656677886058
7.3654493308112805 1.8791396035318968
4.267477558268972 2.541544795668811
-5.202533348852773 1.6223699036381838
-0.6487079009694359 5.577327365868845
1.85485525208456 -3.2058693204197475
5.0386791009857355 -5.639952650777838
-8.025892376149786 -6.641828514056853
-5.116587104622658 7.427848373700577
-9.26550668943295 -6.249666829592117
-3.7017253977267828 -4.6979712118003825
-9.252630461966247 0.9623602964189626
-8.19079962371616 6.35478204134926
7.3883119026163016 4.26997957624474
6.461940944254348 -2.801130818094988
7.319009517059271 -8.90092869349571
0.9353492652218325 -0.009503022634467229
4.098547203917722 -2.0881120525618186
-3.9292505983583625 5.332990172009374
4.793668159265167 8.795086707973695
-8.063775632453204 8.310704935536812
-5.867543490588605 -3.8652763713956766
-2.361576231853764 6.536093109914141
8.184086591613962 -8.454205194586596
9.43452960972921 3.2739772767299264
-6.660262681963416 6.954978367401132
9.093772641620568 3.433940491339868
-5.565303123395009 -8.938449324550017
-3.248935401353501 -4.468564881825772
-8.112250228566293 -5.970521053737432
9.964759931212058 6.714094434358088
-5.363277508108448 4.215819818902151
1.2221164658121317 -5.934678258404302
-1.9977492747878944 1.1034120702087513
6.2169813848459725 1.5652418228710552
1.2805546836074129 -2.64739408652728
-4.894916321102598 4.225324520428629
4.328957899619152 -9.938865018811104
-8.48041719172919 5.796363088380316
-7.418862890532161 -1.8369384426460726
5.253363721459618 -5.716722105919154
2.2631193427269736 6.178158233114996
-1.143929434108653 -9.095439662100674
2.316932527946962 8.148405440774276
-6.153049640248602 -6.13968027220378
1.1930230336735974 -6.2477349704467695
-0.5313557225641308 -9.974611847139489
7.154326839852782 -5.4112938095895675
-6.109362899389408 -2.7104470816995523
3.3449566809505527 -8.2240040215869
-2.186252969250315 3.4421421364243123
-9.555231366556946 3.924036831066946
6.462112541337071 -2.30375147077289
1.9616631612170554 9.692516785322727
9.195487369457332 8.979932853125604
-9.073813134019042 -1.2708761268228326
3.4386083292827134 -1.1206445500563493
-7.838035114596284 8.61626048152544
5.620197365402873 -8.672887944496772
3.7193783899577397 1.4350489887128788
-9.85172370053536 0.27110548096681164
8.686159266562285 2.2671025395743243
8.705561881746508 -4.109532939454761
1.5560091189243224 -6.097209847104179
3.000653396577981 -7.212693190801389
-9.414564400912992 -3.9159873446360045
-3.7378663244085804 -8.33562488607008
-5.035372226850239 -5.835830574787417
2.2478561313327923 -1.5449733022583843
-4.689496932953155 9.216500531561106
1.9458806405676459 -2.4621411291240047
0.6346596811636367 8.963516914580115
-9.745541496293647 3.6422773076947834
7.535211433281177 9.295332641492497
-8.326947639069736 5.849215689102126
-1.3984950426579896 -6.7920103689951405
6.917807709082055 9.591105254490028
8.044131247546538 -8.098675815185736
-4.580373914955407 3.3226087209589057
2.8638163971087174 -7.351667388010819
-2.1846096962846655 6.705005894232272
4.578925940793914 -1.0091406629517898
-4.3814885923651765 0.41614135927824236
8.604620856910646 -7.909699893803415
7.812567420812194 0.14339808257164677
1.6331328095668045 -0.03853408702939376
0.9244854328672183 -1.9298414460149615
-8.497147897773614 -0.3856265124692282
-6.38156688749479 -3.6897798882051553
-1.1596246132743016 2.063998656914592
6.374245127055914 -4.362055404844723
-2.3842712909961294 6.1586579365772245
-1.8785292512772251 5.526860664837729
-8.378390408815374 -8.173352231180148
-8.495178351089345 6.444045961033478
-9.158463667827517 5.803975529066998
-4.290060316861752 0.6630617875890099
2.1532303705684193 -4.513036016130691
2.5792902068283183 -0.10995429161798853
7.275484244641838 -3.0308380791050116
-7.1884856114956275 5.236073436458424
0.3106132365187886 -3.330156341736603
7.749393571502324 1.2835929844791032
0.7208949923484536 3.739317746242927
-9.775903573624616 -8.73607317501406
8.425386879248077 -4.448084228063125
2.275308375205764 -5.931145881687603
2.721564062564175 8.891277880352384
9.3408577394231 5.94502776248941
2.442634208116436 0.7447232227264529
2.2598432665790327 -7.630714619357595
1.3076129980423996 -2.0038310453947865
2.54638814478162 1.821195246130177
-3.571156306825647 2.791278296694074
-0.7851043887680849 -2.28239445310368
-1.0535581526383808 1.5837250196269803
-5.44450278512389 9.712208254818364
-7.040450300023431 -3.571291576530296
2.1349038500989153 2.830622321447702
-1.4658956364907638 -2.2165176708746293
-6.755256158400098 -5.635007959330194
-1.3380322957391204 -0.24199864046649466
-2.5751501111317303 4.8549737812474625
8.612308169707607 6.610065214958702
1.9400022472211038 3.2909543993032404
8.554338657437508 6.701597353043095
-2.351676081534613 3.79101677848508
3.4166693709127554 -5.631351270273088
6.281967871126913 -3.1001140438206365
9.626915586081342 -4.870682091593821
2.7566170992460304 4.947141887328218
7.423739952583055 -5.254904582192155
-3.944239487900183 -0.5780547691938978
1.800166858290762 2.8407319619557434
3.0063966286884707 9.428008200926236
-0.749369643904652 -9.445204876496458
8.892972111085772 -9.434441769337285
2.451414733050841 -8.015080932403304
-0.5619699524158666 -5.622997418375353
1.136430466634673 -3.4441232706060365
3.2865000536300073 5.671002706238822
-5.0872689261961686 4.712627891506198
-9.536863768569884 4.434032064618645
6.540273072703858 -0.15127374847509323
3.0664184957516447 4.14511082042509
7.912261285050853 -0.2484255770327941
4.284514595431315 -4.182320552264089
7.00953427040189 8.466529309932934
-2.605934482656793 1.761320058141571
8.384453005137978 -1.775843404087409
9.813930041686056 3.253770223526047
7.16631566999996 -9.000510660302863
8.717190236077833 5.0649000955748935
-6.02550254868683 -7.992112741995118
3.583646775666498 -5.270760872710096
-8.61859533065871 9.97329743274808
3.1270382666574275 -9.928852288075804
3.469341186169819 1.462527901365057
-5.43897646697441 -8.057606109383313
7.48896278653929 -1.0400895136723616
0.04373117027599527 -9.942165248354582
3.162802853353682 6.7007875949008096
3.918129976046494 3.840692293998993
6.772043095042644 3.1421724516032707
-7.952252543535572 -7.964691510448814
-7.267447788000327 1.8512344440145085
6.510430340555562 -8.824308277830832
-8.24334072896432 5.873254584771059
6.8502745803742755 -8.87315948495612
-2.1106794750017137 -7.429486490084384
-9.327445424285266 2.6094108264134075
1.9379811278568422 -1.540082493841627
-4.42214129306339 -6.582822173340938
0.6557454405592509 0.6918988621151954
5.359314823417032 7.342267427320497
2.4550750390971245 -5.6798822253107755
-3.6890113416634884 7.140513464571306
-2.50211210286613 0.035699113262824156
-5.392597811973485 0.5584240507417135
-7.7945372119997085 -6.087776993021768
5.76325539047178 -3.7713619358151558
-9.427289316959168 -0.7881996179384778
-4.544552589059294 9.621825104523655
-3.1405192401000503 0.35729308716844166
-4.262723315341113 -3.7597754825889673
-4.644475177528673 -9.021420404384594
-7.172755746219703 -2.65250621329824
8.192009339011786 -1.5681418637076021
2.439718221721529 4.585326719927698
-2.3363729825024127 2.657821648857041
-8.435846585206448 -2.3803622553391683
1.023053154311297 -1.7572909153172276
2.5547985695287263 -9.579829813274474
4.509434955235427 2.9916467492163257
-0.017008542741869803 -2.367396675625397
2.5023247838656726 4.856986356060119
-5.259254643402014 7.845316855890246
2.649448816204348 7.585937366898236
5.204191972580755 -8.35699116008878
0.7588413198695818 -6.993630408753009
5.115267599037503 5.889480284738903
-4.572360225229004 9.42067639104308
7.235842160677642 1.3726488375486348
-7.572707998690045 -6.2611185888649645
1.8051258617938046 0.8785052663393085
5.5533943327433 -6.749197837342531
7.448098935192725 7.749956871083089
3.5883727945586514 -9.35827885495397
8.803958625617785 -5.852849925603332
-0.7485723841274243 -7.692626376225689
7.750341448012392 -9.162808131339194
-3.1761079368134144 -2.6042247817067166
1.0676689443293714 8.897434307887625
-0.11177576010361534 -6.058480900565762
8.24932363635575 3.555267640776954
-5.495360193158412 -5.928644396430187
3.1368615245734297 -8.26780613227055
2.261893163686109 0.5361863901514159
-8.07652668587184 8.389485096484403
5.346476243159913 2.716801093414354
2.4777823264818206 6.74692284712517
-8.520055069232928 -2.549993481609196
1.1854747061189723 4.778650735405726
-4.114118712210617 5.503606794080758
-2.9583029359454116 1.0985589438353323
7.796446671550257 4.618795699749796
5.2233100767014236 4.269008887043713
9.801527996932279 3.12977871478774
-2.7260824731892157 -2.753225095189915
-1.6201557014862864 1.841652792859076
-3.015048678323393 -2.4811127350241913
8.614236457494258 -9.96246793913663
7.6273088068589985 -8.301116933948611
-1.6036967362407033 5.60352746216871
7.285631476078869 5.32295091234918
-4.620394965714249 -3.11845146057967
-8.214916683652085 -4.945492048483846
-5.936637825448026 -3.328644728574826
-3.766390769732631 -0.7154474155651052
0.6380004514847553 1.4202670508081319
0.8001758020606236 4.7462727167941665
7.793135670415744 8.141473498673083
-4.109189294746123 -3.7152228831463336
6.0574885095003275 7.380638114138744
-2.7917646542161094 -5.150414158715025
0.6500222358522567 -6.889942331698808
-5.071370073857819 2.106709258882937
-3.7361678941713556 -1.9093812026807004
-7.110652023197761 6.206127631453761
0.46883605512033455 -6.48444848069325
9.343469612378115 0.760452524266169
0.5125202448535493 -2.565551145984628
-0.537824331193411 5.354397707302233
-4.046470725567739 8.509178193664752
-1.8939985815642668 7.477444082695289
-9.235773406525173 5.73847224518749
3.579490288009916 1.8090534962783522
4.927753639432812 8.026013058749381
6.378463382473058 -3.27212434410373
3.2042036346677154 5.186552032242989
4.259080405034908 3.305983330487681
-6.550558472332735 2.6415863976021843
-7.154948677953598 7.323232131224419
9.773798304621153 2.508670159033308
0.048476993201333585 8.226309361161139
-3.315693474389551 -6.277675886700694
-4.784002365330413 5.8074790428659195
-8.073457165758615 -1.2014436608112948
3.0039613447219455 -2.043795954345063
-0.6286671660281744 -8.900719806812422
2.108451968845122 3.3863876553441674
-6.330856642515843 -9.213761161675698
6.34091372726758 -2.2258645942422657
-4.508541473729464 -5.034409909827251
2.293356378393284 3.7204103257942585
-6.6904438447635055 8.093242747963046
-0.5414830240414243 -4.7397311916349665
9.622865765273858 -9.189281056733972
-5.009444161984331 1.864545550054471
-9.891221228217237 -1.4092480752876781
3.649715454968847 -6.76215657603189
-9.337584736738872 5.024907988113558
-6.865189799524778 -0.5150074421283595
5.073699029013358 9.330915667400777
-4.792085240669648 7.472810866439161
2.0471286680737535 -1.6485245678694156
6.719747606391454 2.216376854533351
7.675834040498948 -4.967457519854386
4.777955712622248 -0.7432420015523249
-1.8711591777898704 5.921917550981814
-1.180802555760538 6.3666633871677725
-5.318034757738593 -5.632875005925433
-6.478777494283953 4.0160557030278135
7.815539841059486 -5.645800723657912
7.721857795046738 -2.354580384039715
-8.42275753240048 -5.479357695087746
-7.449080205137262 -4.104860239681452
2.3258837176245972 9.463650958778238
-4.020676912187328 -7.8038304561748495
9.007883816692289 -4.267418318137399
-1.2809463125107694 1.4043994253381253
-8.256493487317435 -8.219117529605446
-8.02784622397934 -0.9310984552917834
-8.899988998359586 0.8301780847881766
-3.494243252420219 3.2439911355599893
1.2712707620048747 2.88136294582352
-6.161943944730403 -1.0801530428451933
5.873733014316064 6.869878695433009
1.1580825321369819 -8.839566100215059
-8.310756886692936 6.415232246951049
-8.044341528279206 4.473496953860888
8.312148914667588 3.211244850124892
2.8033461365566907 -2.018849233741131
-2.6911282838424766 0.81780338607809
2300
-8.073658790636518 -2.0882375023817374
-1.6173682766080884 8.048676765735529
5.682452246967049 2.111130596342999
7.1984947325632795 5.402589207846503
-8.26700287796061 3.8234231112128914
1.0560493831293627 1.74026848778173
-6.759868974719653 -5.809390179209373
3.6967333635105035 -1.426811320206232
-8.384183454761816 -3.0187842202996773
3.671429403516477 1.8309584011079423
8.153174888714133 -4.258140627728149
1.6775660897741336 -4.224092797450858
-7.873951286772107 -5.4834666439445545
4.429829034048858 -0.8507103900600228
9.742307691434739 -9.941451689687963
1.0436255092367084 -3.3422355157435835
-1.7623642216421924 4.401800244916341
3.4697130632105484 2.0538610203491565
3.1631414417306267 -4.318039718744133
-6.9821818040677925 -0.4792106440803394
-1.4273959140039683 -0.4797827348766859
4.331645225029819 2.6441705770393362
-3.196867094745648 1.5369686335448467
7.535093207215489 -4.348126879708165
-6.365671226222219 -8.509301246362988
-2.6333116943768147 -7.601572709579503
4.5853815355329495 -2.6031399547749245
3.6756367189557704 -7.500650434125835
7.941523093893366 -8.481468415658231
0.22711171810790454 8.518285360139593
2.6395323159401443 1.1961211903407065
9.860376235261164 2.3164899892404627
4.833217972304546 -3.3542087607836724
4.204152976054365 -4.352714316710742
8.367056386222863 4.055636209393459
5.2714721541161875 1.7480740051327537
-6.933734646309146 6.295265816509275
1.099886405293283 3.178404634617383
9.84211899414538 -7.628730129564703
-2.3555310183720435 6.401579488856392
-6.128359173613616 -7.803000764497845
4.808484292280859 -2.2663283324833223
9.082185213685996 -3.650150888107464
1.8696200283699085 1.5565683832011334
2.551399158112826 -6.000077194419944
5.134024421237449 1.750997477659805
6.534164637483578 2.213002914691282
0.8977009708848414 4.0715818538992465
2.4226629535131234 -1.979090602243975
-5.682838613226872 3.9983730000747215
-1.7896424278188316 -4.076447451096021
2.0451690517909995 -5.85236384232112
-8.271445954603484 -3.342922911108424
-5.508540720506955 6.489331324327562
-7.874108177828143 -5.456541394002407
5.681832171380062 8.919119605020288
8.742341518759925 -8.657545847962318
-6.155023212570933 2.5144177305189928
9.69329914492437 0.46166543081013245
0.04718040382901023 2.708657150364491
-2.6626337378320164 6.67823953680773
-5.641046322270227 6.37550555192918
-2.9160197518332502 9.50912868938915
2.8125717214739527 -0.04634176793235589
2.9956540420974758 3.8443024725969455
4.561393081544047 2.0741588673928995
3.6274075875211924 -1.4132603360980838
-0.7634348075191877 -8.95076478500421
-1.9113071433213396 -9.427440678931056
7.898496885019355 7.325539882653423
-9.210551390056231 9.06793537722049
8.837131333953685 3.685480651431792
-1.525753836036003 -5.361361604740011
5.2878269376089 -3.9306606288052297
8.029645548214354 5.870919976313598
8.309396567876789 7.457120253319136
1.9000672377398757 -0.4977034603749111
-2.698850497299217 -4.3990925306232125
0.9625636224810474 -4.3141287232935515
-9.749079930116157 -7.842985112389109
-5.572789745370443 -2.5182171786274754
2.848025464603513 8.699505950130487
-9.298367839384667 -2.527683113935608
-3.3931388180711286 -6.041272157149069
2.0091137676561566 -1.1200007395765397
1.3952076888521159 1.385179077952749
-2.49898451295417 -1.4992764479342373
-3.9257216807083033 -4.6426204950023475
-5.335307427229264 8.255837711988331
8.921929489627349 -3.4854988704231538
-7.809689163465643 -9.765167090362803
-9.112679823005099 9.961702603470123
2.9581331086933176 -7.298427659461744
5.063237230904569 6.696879611269779
-9.164950660866928 6.436018532936032
1.8061344701798383 -6.535091408781408
4.605135774242072 9.682055769205984
0.2947192715256328 2.9564913246850555
-5.979190227294775 -4.037162544523019
-4.350885969897254 -5.629473721172453
-2.103262024450996 -8.932888720313825
9.601755132679731 -5.515985371138128
0.813921726463354 6.910411459662452
-6.515352955599725 -6.593139496260816
1.8332567602480498 -2.683170855464949
-2.269725366049107 5.559753584955967
4.636704221866433 6.4903187171666445
4.941880159011527 5.250435436329486
-3.6949391625581445 7.70891205387705
-7.3539694952426915 8.562267333200356
-3.9602540461805553 9.139321312966814
-9.908031397133277 -7.754666284985651
7.596006712876907 4.151722997369616
-7.991257230732625 -9.257615416608635
-9.360442751978159 -1.5950200073844698
7.009389225273257 2.9343442607919314
8.288660545875878 -0.4093312690739772
2.970625261323912 4.850896674596012
-7.932507797601131 4.997980704161918
-5.35278201054592 2.633766438153703
0.32238356680555746 -5.73807380537775
6.242753902937675 -9.881471472607284
-4.20726962474726 -0.6247779461043237
-3.830486286853696 6.058684982776548
-2.9423580416520156 0.8842749452665934
-2.7315033814258527 -0.8742302443140488
-8.343892595820922 7.25694948075358
7.49301955985435 7.152304864699314
-1.9077050397978308 9.973712140371145
-8.36942122556231 7.446156583449451
5.977164741106829 2.205683541174082
-0.22911924602801648 1.3320533602003515
-4.646572499067134 5.584010183848049
-3.3734189997332837 -4.841914542118868
8.316012398910079 3.3998665325570663
-7.795146209473412 7.292499551492753
6.43887027874219 4.939572221783834
9.823866223939504 9.441296791347753
-6.935040147309066 -3.195214228130892
-9.641230293196589 1.24493881394649
-0.7939046981439084 -7.338252760721538
-7.11697275942381 -6.3851846662540375
-5.89634922126292 9.880362873290697
-1.293788872023697 3.808168622480716
9.255665879981827 -8.593396842240766
-8.6593948254339 4.843444064296019
-7.592753556716163 8.172893824805914
-6.605044656338612 9.389431329631922
3.736476397171753 -6.305959187915777
9.461016936646192 -1.7060340530792004
8.75338642661574 -0.5376246955856985
-9.693836217094907 -1.0825052617667925
-9.524334025732468 3.793212597641096
-3.84297905548999 9.99116559780948
-5.95419946682187 8.587688120504957
-4.349789446904994 -8.765122882757261
-1.3866520281481165 -3.2776388442501947
-6.985309010697874 -6.34331191897215
1.1044384757856598 2.858110568328856
0.2517177762003602 -3.223865933054677
-5.70759079323417 4.4438903560140215
-5.138923433631728 -3.116529226271634
1.9719510658103125 4.891593086602954
-6.473496473029481 9.721916429688946
-4.718191731909682 7.120936648194519
-4.120222016139163 -8.761407654065898
-9.455805959154555 -3.2996377752148938
-3.3534544969220796 -1.1160652725974014
8.879466006352914 -3.4608473668757593
-9.3147509101916 7.512345381995395
-6.929428150833729 -8.955415860366053
6.653336872108213 1.7226089146548276
0.8652116750904231 -7.6918127832546475
8.863451098934881 -0.7563166545238573
-5.962953142569409 6.892492209866099
8.643094554136958 1.2181299412548867
0.0746090031798552 -8.546086817899667
-2.8563611121144756 2.5615141046253864
-4.026614484595412 -5.662347964693801
7.028395468384176 3.632907376358558
-4.078459999736053 -4.584851768673701
8.174829865642067 4.556479250641646
-2.427223274098063 -3.4771341205021784
-3.873553215946539 4.823900771166745
6.567709771494496 -8.276317645151583
-9.846662757211881 -1.9799326194795857
0.43598063699411327 -7.6032533776559745
9.507138008763263 -5.044468518189058
5.635013289314276 -6.649147830926829
1.8702993740865086 -3.7054571568296897
-5.05067618914407 0.34808045282787425
3.5659777849874885 6.489045143257854
3.9987541199242003 -9.742892515362376
7.216692024885337 6.105499191942911
8.662233138349656 -2.897271291720611
-2.4625174163829966 3.799724854771709
-6.112190675747371 -8.125354579121456
1.3032536031826147 -9.258206636187555
-9.978986398607558 9.5355529224009
6.3162705235972325 -0.6412915508022792
-1.015165239273328 -6.9622073911253946
6.8959090717386395 4.443754734378384
3.1347722380500755 -0.8002241469667748
0.10536473300234661 9.333431951865087
6.281169290979371 -3.8245791670676255
-2.0879194495397213 -9.046677304043818
-1.1980115509080882 1.0047438167385145
1.7792099681630873 -1.2991853715522979
6.60841514055641 5.949232710757215
8.349255389247944 8.785835736421127
-9.149501830385384 -5.194190196624094
-4.91016824121195 6.201104640261359
7.087609158724849 5.778869989938533
0.08708261801406891 -5.861979223037482
-5.566498512326675 4.922404365779197
-9.449529434037718 6.869914634723493
-9.202377900211571 -8.465198755006822
6.325333484486226 -4.979461171801731
3.045544331822356 -0.24837040430199764
7.145203884674157 -9.5481668856039
-7.784224072603352 -0.0392528667810943
2.923591643844489 9.558707422458404
-7.46825317567531 -4.314496383579489
8.541347707454932 2.6371560333837074
-4.7836030101094185 -0.46474049021099795
-8.42457751215707 9.625635870472134
-9.930159797244368 -0.5363840218439009
-7.36975560905514 4.2411282169520135
-4.606694485364471 9.276680550998396
-1.8872337120480065 -0.5772716622293466
-8.121288565027346 -5.802747515571949
-2.0139985103287046 -1.0804726986973243
1.4728703264360163 5.2072067634894985
-8.345564494903257 -3.669422350412324
0.9349022657282013 -1.1562051223699115
-0.23200261904806752 8.261958158946836
8.151566131170707 8.192515536991426
0.9037924527718779 -0.6292146160597927
2.909051522599494 9.13198257186555
4.241921387898508 -2.0721168836135773
5.5532003543960595 -6.885026503688875
8.100101939479714 5.442607798512398
4.056522485451952 -2.113545659218472
0.7917820409622465 -6.364752188598981
-0.15577657862175798 -4.106350605450773
-4.7731920787799975 -6.7129363040448204
1.6448672416272174 -4.723852803917663
-4.378291115265429 -7.078549826737084
6.197531827241775 -1.3106610051979128
-1.9557520210841304 -1.833012492335346
0.7390467671077339 -6.314760756305664
-2.641775967897919 -1.6133674284712995
4.729881267499906 7.210431031363701
-9.738768608941745 -5.203288708406443
-0.8259800132314403 6.573676096870006
7.810506671407079 2.608899614670129
-1.9094391425731096 -3.5950468149158628
7.311151674692834 -8.100781631741686
-1.6287101250149956 -9.750677603690503
-8.136749149613536 -6.211968290260219
-3.7223048545800204 0.5008813100712786
-0.8980993158243873 -2.0889174821788075
-5.783493270458154 4.775868841509832
-7.454040834529485 1.4690260717765469
-6.04497343368066 -1.3930092469053061
-3.2606468755359934 -3.8270189677242072
-4.508238131850096 -3.1551298565667025
5.2107135350458655 -5.780792604887663
2.1090819038836788 9.121858947078092
-5.08074572189525 2.3504257581953603
2.9414867595643663 -2.2786983448645444
4.046652924317431 -1.2335717604125769
5.240392365237739 9.963258029039736
9.859633064837602 -0.1370966381872769
4.438599140872711 8.095366704016627
4.692934518262845 8.401061599622317
-2.9408833485756496 -6.3660778471185475
0.5946976757141424 1.114100125803894
7.748702358479896 -3.2866113870362
6.278222483305882 6.510036182043965
3.5777912939992227 -3.054835087714542
9.502031327190437 7.589476003870754
-3.738506452216539 -8.249540918968245
1.234752490529118 -9.411008530197112
9.657222303235582 -1.5906977380786493
-7.343233055484393 -4.944553101822738
-8.271350048933897 -8.83665902241091
0.38723628609263194 -9.201385537205997
8.472115336099815 4.351548808503434
-1.9186559289652223 -2.6684163010520674
9.077979889633308 7.200001351327387
-0.7118626944412121 0.6555343437232448
6.673180337766137 -0.21455756171498308
2.347300316922036 6.381138208090821
-6.572582611432704 -6.524218175978794
7.653555571697986 -4.362864122918031
-9.974125594572893 -6.328906461816897
2.3523816169353413 9.908292340064428
1.6888165954770855 -8.380271337168582
-8.34216309506762 2.9125792021133208
-2.742054714199858 4.438306908349009
-6.5957174543724095 -5.930758606658875
8.278154921407104 6.2135439622929205
1.277935184275849 4.9464283219480905
-4.042618623348444 -6.1366801476813615
-3.363556019878051 4.153195951694444
-1.7621887475254887 -6.2853539464370956
2.916364490548677 3.163846718584306
5.820884976701503 -8.472664742933908
3.7426105675999004 -3.1196552254370236
0.12514906699284367 7.807747083793156
4.658528921515808 3.2002004197344487
6.108627359917868 2.1551947674018628
-6.541460174401978 -1.7188854699498286
-3.6672647812982166 -0.8417020981580734
-1.9433765497115179 -6.591535172265102
-8.392119866912523 -2.8000095477020075
6.9253494613552675 7.66285944889237
-8.592108208755407 8.636988802296393
-1.8970698464516662 -6.36109493318235
-3.6777681700693403 -1.3081986249612036
-7.06842905642522 -8.57077295104045
4.247701792194825 6.197664016257217
9.551988531459664 7.172296077926543
-4.2795385805557284 6.69776968607373
-2.17966678096319 6.874501999473587
-5.96538225787036 7.132532739525573
-6.36287086027907 -3.664796473656997
-3.5900943794663487 -2.1686168322228827
5.050818307972198 -3.311365549638346
-7.358607909068744 3.801699378149033
2.02385921225617 -6.043407048803107
1.9744700735155352 2.163019668297947
7.741080837379666 7.177566779269512
9.104853139731365 -2.7693852820519567
8.771411381308873 8.64641240843891
-5.409030066943572 4.144372686428541
5.371442031435361 9.543059699910732
9.485329013343332 5.41931012217081
8.661265020410799 -8.55508137098726
-2.4224760026392955 2.9126607863960494
-1.3066612770102424 8.732742427229738
8.402659432386347 -6.080870425921015
-9.412660198000237 5.956291032726156
2.0321697682425857 1.340449062073903
2.561704315311493 7.824889834250335
-0.9179928138691729 9.39247473636756
-3.1340570345398326 1.2968004514530218
0.8009767990409387 2.2308162537979097
9.047769418755625 1.1145749898622181
-3.2277396856267764 1.966274944419764
-3.16434191085353 -4.213805271824633
4.232750038185955 -5.864257803806332
-0.44269344595841886 8.019034494942726
-1.8866778061242755 3.678282256451446
-4.666336769341781 9.465683141494893
5.77952239241978 1.6184561597015303
4.5351117998496715 -2.536921720035295
-4.229138800696495 -0.9842504723262646
7.094150182795019 1.750731133129893
-5.239393104845922 -8.621624979485656
1.2227173357805938 -8.480045587080307
-3.628476095572286 -2.2482250862515807
3.5446316655544834 8.802256254886743
0.6278566998508435 4.5467189718097
-4.043777033535065 -7.82920982810735
-4.1454247816188 -0.5422760487891143
-8.68779934899351 7.694291631437288
-7.610896802963896 -9.260300791389916
-4.0024822957903305 -7.702873224455331
-2.229089690822301 -7.757874575603633
-9.8208849401772 0.3103621641267029
-2.288910093408454 9.094139109988106
-6.716150514043456 -7.062763509472947
3.34371196025036 -3.973367703516786
8.9323846673304 7.687008919897533
7.361175519531972 5.306501689262994
-5.819043688678174 -6.507711071323059
-8.27744760207375 1.094251699161866
-1.5719487958477512 -3.0541511990567827
-5.202924818879929 -5.6996489398272265
-5.679031277420954 6.458042952913349
-6.064503087033392 -7.180757429082629
0.6483569028818117 1.5394485184520583
0.5515020626691491 5.701912957317436
1.4510052147528434 -4.402169721151563
9.486277854764886 0.6743191315972545
-5.605832878466382 -8.99709289300361
1.467019784520371 -6.29230313511119
9.224182804296735 -4.103597905487531
4.255315423943095 0.47606308911226236
-5.2525121042612195 -3.9432919096776464
-7.8036794873676225 1.6219966221970754
-0.5596575874620662 -6.010177579964722
5.037781326471251 -3.104192185173245
9.466344523753687 1.0235809626712733
7.405449673676856 1.0954987303923467
-7.144500236300432 2.1042159362607844
-9.579069008819987 -7.370537604879841
-9.15878432578973 2.8607501360268905
-2.222933492748882 7.379680910558864
-4.367128118797627 -3.0791144458215003
1.2655661829688274 8.225059779761956
9.698469254222477 -1.3312198592391482
-9.094550449637797 1.6446496488394082
7.31798166663037 4.0530912914433
9.874403011148434 3.8346725504313426
-8.232686430726606 3.8665965852340385
-3.234191486245745 5.4180483005365065
3.4466032094065397 -3.231546008731141
1.5828958149684347 9.579649725177983
2.1308585544446785 -9.764925160423905
9.953776988097346 7.294100985317506
4.398410187935642 8.786356368129603
-3.8847169238208545 -2.8468353947944802
6.515995685135447 9.072902161868498
-9.708708098443388 3.6015282698144997
5.2057491614507825 2.911057492296349
0.762371129011278 9.409790796304993
-2.0574316527748433 -6.239033883773453
-9.996785267380101 -5.992259369089803
-5.115400871581404 5.437361809076382
4.069773440247777 -0.5727717989861159
-5.963996090959953 -6.5842271461624495
-8.088880463713313 3.529758220904357
-2.1160457083071478 -2.166329591364038
9.973067150401704 1.1444279044065926
4.9423102180312295 4.991209424262262
5.8546349219122575 0.5689354848694261
-3.7392116636538475 7.645336378690292
-3.424637017922212 2.8156671402875855
-8.521721065392708 1.6254792815496693
5.225060595454014 3.507262212426344
-6.847721446589333 -2.5609452859737836
-7.398240685006536 2.530172739413066
6.623748072516779 9.266371966531779
6.971861149517686 -1.675691320793975
-9.744547449278247 -1.546024720795545
-7.121199319819254 -3.480029325816938
0.9879929788399071 -2.9255312033150567
5.607169233515597 3.177188525295062
-9.217052660090346 9.949025194701324
0.8222581491188734 -9.956007630860304
-8.351851520460162 1.3513900296143238
3.4830847576702144 -5.300350702582167
8.522057316185595 5.1582687737586745
8.831848806715858 -5.703389339946996
8.581991888886698 -8.452288174848622
-0.39163890113600175 -0.1639804037031638
-3.5010085771022315 -0.3943672024304483
-8.838778351949397 1.6055313271956244
0.28837563261092924 -4.677704814401671
-8.160913762655763 5.542744795971927
0.36195926749414653 0.3251869101578091
-1.0845231167388807 2.0018302961628223
4.076484138566395 0.08079491101453229
-2.601549657238282 5.176939521755008
1.8705717130267168 -4.039186568173978
0.7461830246036616 -3.8962931239401826
1.8863103040968916 -6.35199301893957
6.085482230696353 2.583467969726792
-4.9207915286757835 0.31338104906718556
4.45150031940952 -9.12328249804059
0.5489505532047403 -7.185827559421567
4.536329659467896 -2.749521114640152
5.036934633170871 -9.639651515033458
-6.2719720079072605 3.550710822265142
9.608852378015705 1.3809486378444653
7.24243929340755 4.264077480152151
-8.209590167783414 -3.9856963537302352
6.410558983243298 -0.02597284784468812
6.243352545669609 -7.615826424794292
4.932428211904048 -1.7510052397551483
-1.6609951109753496 1.7540898692692366
-9.708451768817588 2.7557926609448664
-3.4053943908162925 -0.6166276862982727
7.846996846584563 2.9408749115338075
-9.239001680259953 2.9390893207253868
9.840124110882204 6.661280325961833
-8.580144884679672 7.857859645720289
-4.882877134402381 4.801158629698261
-7.951876439661094 0.9493613198251243
-3.583838914093147 -5.655482122484705
-2.955592819041888 -6.402920677121937
6.988228634048163 -2.3151022135828425
-2.1564614075241995 2.7940814159595373
4.812695574051521 -9.422948456395321
1.4408689564042518 5.5729479930929
4.584423442321167 -1.2125070137311393
9.903147252415433 -6.700353674283599
0.6396149645572162 -4.391550520556445
0.7453695157502196 5.493132259585966
2.2472977446043156 2.9030322365011294
-5.512072433818025 2.600756811125393
-2.599950733989596 -5.855258406870343
5.016722136191248 8.282470120577766
-9.728238294455974 0.15159753403921528
-6.948836213144571 -7.05911946358357
-2.6074859852241854 -7.626965566983664
6.805880541603472 9.760153509897485
2.496951776583927 5.196920227740961
-1.1813730068017811 -9.463003589580579
9.169989490019137 -9.59522594868671
3.7272498736139994 -3.5440097620111954
-4.331407786830496 -7.896594134331771
5.1149385705674035 9.990550008734221
4.999684332308076 0.7049615309856083
-9.558879745858 4.317312909937099
8.015508141007992 -4.5050027525606335
5.462092321845166 9.324048783434566
2.85366093686317 -1.7221364503318615
-9.065927269863963 9.70125752661059
0.2213385851612042 0.47492517496542774
-1.6993892451507193 1.3475256881586866
-5.815056680523378 1.990721053750681
0.5433025163987324 9.902748222958511
9.256396737322397 -0.5672076654229823
-9.938239283510857 0.7365511217678549
-3.0588951967849054 -8.574371867338105
6.135872486647539 -6.423246959883622
6.028115021940671 7.349676368130325
3.2470877415700308 4.234539122572844
-6.624807648950542 3.118909659459451
7.1749136730341085 0.3037186925558384
3.871646292987341 8.006727839517573
3.7672049961472425 5.413863009162267
2.642634898831549 8.310810977475953
7.082209839967753 5.813254563207604
6.175487631646803 3.90797712876072
-7.98943191104782 9.850255453015496
3.025878432538091 9.752470913293024
1.8006362746806932 -6.975272713808396
-3.401575795363982 6.659479262876538
-3.7659179968616696 -1.1373648258822033
9.724108497315672 -2.0075760447871183
-7.971388372103341 -9.701252724188365
7.167435307999387 7.989366576817954
-6.561346262653574 -5.927506587310076
-0.7310038051618797 -2.4726628029572773
-9.473163534428908 -8.06506525080592
9.213232736163675 9.057491858671078
-7.65698925763465 6.988337588907438
-3.4289497269221103 5.133302713856171
2.272268131939498 -3.564228385869992
2.067052996118937 -4.359494373502272
6.352179142867151 -5.150971419983977
7.3890940315623475 3.9410135811646008
-9.914283406331174 4.652423806980853
-4.6201336399797714 -9.438740858193684
-9.849202037824023 -3.2630670405650726
-6.331272392531093 -6.825790721971918
8.409202780855352 7.405557274012615
4.368447887523683 4.948415910888555
-1.6271734929426795 -7.768742307229677
-1.2810132378272758 5.2041645926626074
-7.5838764057831565 -9.338180958688156
-9.883057636841075 -4.145519209213118
-3.0735612600071587 9.917283697334732
8.333685661783793 3.406612580135482
-6.746242227977161 5.538294342680057
-9.201814949989906 -8.924311097192035
-6.403225830928651 0.9436722467074095
8.161823967313204 -4.911225108890012
0.7362421885634234 -8.177831566045924
-5.206181371721852 -6.549040267422306
-6.82541633205572 -1.3962339194165558
7.287473122538486 1.7564008350893712
-4.324256556953381 3.022008913029385
7.23500589336086 6.485473359928772
-8.967887806759194 -4.532043970061745
1.1980260264641949 -2.5666408673497436
-9.164790057496246 2.7983571282757698
-0.21152029536883887 1.952759607458436
-2.9059396661375985 7.1054928442411445
5.12867305613632 2.9053833212394657
4.538686229395541 -4.351755922358979
-4.453865116083566 6.98240486779628
-7.696682496341072 -2.9913089257065684
-0.7562993445113246 -2.053477867443469
-0.9634039137467774 5.462994906971577
1.1167283168745392 5.8405386651996665
7.998714274208329 -2.7801172700500487
1.4496786594283577 -2.003093667356824
-4.3517061545081965 -7.579725032784143
3.7713608462041055 -8.532002986640297
2.4096321287408955 -2.244432283951636
-6.415406207993566 -1.2985320270131329
9.18392990090452 8.167386420770473
9.446128482294924 2.251716564749257
-9.311409148031647 5.739422906970546
4.174100535464142 2.4687343381874527
-6.8234494916828226 -4.5256539515792475
0.5102610803201024 5.468442208004076
7.884132620777109 -8.281647447887188
-2.4792085445995298 5.780388351291732
5.181685880744366 -9.29431973999754
4.624122437481152 9.223328436393015
1.9548596307006694 -8.131210224961546
6.580337915927686 4.073180758842465
2.164319279883834 -3.470883354277065
-4.740299254097624 -9.939293817583025
7.471387517965084 9.21037645646382
-0.8705933768889906 6.979511479063671
-9.938394364325898 -7.045299579915549
6.143276261608058 -7.023191481352513
7.371830729037168 -1.1126143558102086
2.849160372546013 9.433719259369632
2.973565379969294 8.818658868025548
7.762480915754363 -1.7152622662515622
-5.673797506875347 0.9313552528397864
7.655704499985379 -3.7709522085608143
4.029218142557138 -1.8591449730492915
3.6064459016282093 -6.446720568379285
3.1412016704543717 8.933299768992615
8.580742005249352 -8.910825077735016
3.170570000562037 9.451822017395077
-2.0438785350048967 7.3194063794965345
2.5681505199335657 -4.549365155085363
8.828765007908281 -1.6924119848459096
1.0533151086539956 5.060890556190682
-3.1024127511582815 1.1720939169427336
-3.8687225613034926 2.7896845824877943
9.889744828244183 -9.797341754760694
-8.641749742963064 0.23623585306228811
-4.076239565365172 -2.279608615351016
3.4542531116777972 -2.7794068429303724
1.7875891655588596 -0.38624302121750276
8.669962625996309 9.545106372288789
-1.867600981485321 5.869565605964109
-2.7880021996137323 -3.4107576510007798
6.123300857813543 9.789885943324634
-6.132101396993819 -2.36270899899999
4.348544238524001 -9.585971788824526
5.337371661473194 -3.8986393647202267
-7.617973065747561 0.9310025422937063
-4.20454800491326 6.9212554192936935
-3.7609171541659814 -6.762834275541487
1.2391458747624498 9.504133422085161
-7.093757138857663 3.0897316798941574
3.8323658676624834 2.6419850911079674
9.162900305073581 -2.565094210667729
8.568886166117299 -7.138457244175733
3.0663005868360784 -5.767963270199507
3.506221030748666 -7.937014975638248
-1.5071979937172948 -2.3470221622685887
-1.0874445039120157 4.49155973568606
-6.520024669236346 1.291172761066381
-1.5281130594719095 7.3735277749434935
-9.709920661353461 5.07901494494039
-8.956127305910108 6.104857323876672
3.326561172532214 1.0708502549465049
-5.433263546852672 -8.5362445634428
0.5986021942743243 -2.243403069468002
-1.8080166970422518 7.633773894083127
-4.061059344584286 7.409298343844128
2.0187680358315507 -5.5039214834066215
-5.0757064772092715 5.613251997905525
-2.413075187095659 0.4859598406765038
9.834031550843683 -7.844802058222133
7.214037609100188 -1.7189741820862672
-5.390345923724138 -8.591065460567453
-7.790639943294771 -9.87724522583364
8.45445545165553 -7.523652255485736
-1.5298858949780954 -6.357384127140193
4.063593516393878 -1.6642831807851355
4.42319824148419 9.857913422474791
0.7240467337606447 -1.451396998794234
-8.598955041046416 5.807278953144737
-3.6256470366728326 -3.417025163668848
-6.35865994844464 1.5512780759994893
5.937234812509777 -7.386829249381668
4.442157805714707 -3.637918957225132
-5.586832330551827 -0.8133611465115802
-8.80908653819569 8.173601967710436
-5.14777976095806 1.438243269084067
4.747291233996645 -6.576377825808814
3.401934262325943 8.371812239876906
4.353954939254507 4.65332343755103
6.329395629549733 8.00695844130653
1.8908125938653892 0.8343321115737563
9.759673397504038 5.513325582829129
-7.8348809242654465 8.981791013742232
0.7388016233682464 6.398175064221107
8.42223280513213 1.805898455159273
-7.2042845298626474 -9.17716998913366
3.8895461713016495 2.5232643096288854
3.04115354732615 4.6857455326609365
-8.48989201380164 -3.7074134574360222
4.92533433785977 1.8416199884213906
-3.823234960899504 2.6906442696651
0.009931027562025463 -1.1263163730064392
8.248181200659296 -0.45400756532334796
1.8000324365424838 -8.656254622567632
6.034430859797116 3.3858428505416054
4.163901300437331 3.181093218208023
0.9771561596573264 -2.4501329876006235
5.366261530890755 -5.654705207173183
-6.005038203536788 2.3582595842296605
-3.573408255717581 1.6207490935087865
5.110735107280197 -8.156769788565867
-1.262778336774847 8.437825704430391
6.620249655493332 9.519339793806026
9.938841119827842 1.2311557750138604
-4.38066107843934 2.8347262867447895
4.027605705699838 -4.422330911576456
-3.4427906562944433 8.097437066222607
4.267106973167088 -1.2781490311230748
-9.38569423035766 -2.3392511091496697
-9.161154583369797 -3.4635562572297047
-2.141459991255184 9.20184839384121
-0.18364782431861748 0.5532637995250749
4.2376114082338425 5.36362710902374
8.89963806386286 -3.7697482212186255
1.5911601261875177 -2.8124424263590857
5.299131297652938 4.731852408104762
-5.3664352442854675 -7.722364527215618
4.319837180652897 7.941365821167327
-8.958315550442155 5.579848294003602
8.916035339841699 -5.85665692832449
4.06212954504092 0.5076541735554745
8.0130286510792 -4.067884418218624
8.4176186123921 -2.946688393463046
-1.4861084960060964 -0.653814177257118
-5.706336482689405 -1.300998139637752
4.053767747418513 5.20641085242438
2.2087144716934954 -1.4901545811853083
6.74156900767926 -7.273013192260114
2.6664436247887746 3.5520528857265194
-3.4204845877424788 -0.9557602332763437
-2.0025666923742573 8.722120892290896
2.544994421691541 -1.5271236617728494
-6.52038164224396 3.1499272806919905
-9.914656320651735 6.753458422408421
8.376028081811768 2.255709244956517
-2.5137800076470462 -5.830772453653972
4.6082419607343095 7.7090157069565315
-2.1073675424688343 -9.610903436532015
-6.415341267565367 9.474855445584083
-3.400753540391845 -4.827210286541986
-1.3386148697481222 6.650855179836512
-3.166484804910481 6.903430873520023
-8.289480746618157 8.46512874825234
-2.447032345978199 3.4638622796820844
5.861678448051782 5.506215778150407
0.5799366749714103 6.8872736725278685
5.58686489290462 -0.8212412855894584
-0.20239544310052437 7.461564020291707
-9.785956553742462 -2.1460200706524653
-4.240640877196635 2.4920588596029205
-2.139123531903353 -7.720062172552846
6.738132940334715 -4.888215633203301
-1.2147678415254966 7.584829151004147
-6.195951816927147 -6.416104525383841
-9.336929293799745 9.08215007223922
6.92683249327504 7.376675324946071
1.556484195260314 4.550472620736311
-2.0901623550040753 -9.500730781456433
4.385664741074397 -6.4216911038796525
6.226422309889344 3.700207573302647
3.780006959491848 -7.608151624164448
-1.9181108652019034 1.3393184842342194
-9.15417768432604 6.017285761601968
-5.895195126327543 0.7299225572602239
-7.260327010465469 -1.8104329601072973
6.263576792754748 -6.369520544052493
-0.058059158446004844 3.391161669951794
-3.8320361802705616 0.7427144721051153
3.5376506026044687 4.372407591805851
-7.7477038516926395 5.9049519979731
-4.904073974066366 -3.758114605659433
-1.9465512234203999 0.03689819463187405
-1.867685089690255 -3.5281713322244457
-5.341470278851174 0.7962270873153869
-7.70989827225973 -4.211782602668819
-3.1794116832281594 -4.934979023656842
-3.620170189544531 1.4452347156013516
-3.937871373566006 8.02709688023679
5.278582065846614 7.268997365280818
1.1155567738306527 -5.707514982021
1.059091535120185 -9.513573132978909
-1.2517569067601215 -0.9960700347459746
9.615069563567712 5.341061361775681
6.766371488746312 2.4982563061642225
4.936060469592533 -5.066302039175636
5.660746216653703 1.905011370436899
-2.7581208590317674 0.2463277575692775
7.7065059606026125 -1.9715400874149154
2.129008377016845 3.122147730570351
-5.493762366505464 -7.8902773538564315
-7.201027920431356 0.06245102890232879
-2.0846416992925665 -0.6023187525990199
5.8048787956481505 5.5186469491762065
-8.608604851973995 -9.772443101837718
1.1368581379555724 -7.830634678412607
-9.471843039599545 -5.884127950368545
5.57958634914211 -0.4325088093245615
3.0067876078601934 8.736506860116538
9.073407335377084 -9.341398230512258
-1.0655643477313799 -8.541568343197936
-4.556654478965263 0.1037867001616064
1.7854842730525746 4.831271887165389
6.047814094450249 8.400161024428382
8.489342007729725 -8.189909003554622
7.336143582305908 -5.559196904250512
-2.177210668577265 7.40332753184957
-1.552086876472373 7.077952892725197
7.225372577236332 8.133390640658444
-9.195722809197937 2.322657836859536
-3.4959194908608993 4.959165454898072
1.4453081079092165 1.4429560025241113
-3.7948490112561366 8.170531008366059
-1.448597774132704 2.5203767484712625
3.3695534778305003 -0.9292470723631823
-6.125556075188314 -2.2088234052402944
-4.246530966670139 3.230337477139356
-0.8080370975430569 -1.3872963817612316
3.8728460574628194 4.431518707020846
-4.334586199847079 -7.587598819130235
-3.9170979299741138 -1.467221932267659
2.9967636015837247 -2.7839472529565334
-8.623118873539347 -9.117913981333277
-4.445202882587649 6.066948679955679
0.724824764288245 3.2244160333564658
1.8415231459676011 -4.1405589422344296
-7.270253879746544 6.1799740335033135
-1.8664987022473554 9.293366504640485
7.14543372002889 5.535884147679228
-0.7417632014964433 3.4625840848657745
1.5389546297854135 -3.7766172684965937
-5.14435687104045 -0.6089864762426309
5.98377028773697 0.43002769606541946
-0.4865443057821768 8.862123437299015
-8.257222813321505 -6.901630182147782
-1.742052435331889 7.076406422642481
0.6801411887621889 -0.5208414133511408
8.951186107070793 5.39858415969247
5.563780694197371 -3.4170040069918333
-4.220388351013494 -8.990824708354648
-3.684766769714085 -0.17302675093795727
-4.554614843393052 -3.9190359634015763
5.104453431251448 2.060363452285676
-9.376865116389519 2.3728835210088377
-8.379419787861606 -9.208410899799953
-7.19708434527893 -1.365298165467511
0.38291193748960595 7.1295352814211945
-4.20820533519098 0.02118636349958436
4.598236300408953 -4.657446052845964
-1.6421167754600052 -5.049662486819242
3.492865356628439 6.8257768084855
7.494588941037911 -7.740970068492241
-9.842416772795424 -7.791250230031026
8.428776049256498 -8.521010360021638
-3.966278400501948 -3.41556944877099
-1.7984328657692483 -3.3151722201901235
-4.150721632779042 2.0290736131520326
-2.540892469212328 -2.212722160006062
-9.830576223142437 -5.174754766353715
5.925472911026951 -0.31697001369088085
7.466464886688556 -6.122563318059838
9.851261890927354 7.345600904377555
0.5432269105535408 0.014958562955413868
-1.0520014899026915 6.737630409587062
-4.469195364721186 1.37167003913045
-3.0434274257398357 6.866741962835647
-8.537017014770152 -7.639708676881922
-3.3618656104627913 2.0471869891826238
-4.546680848158784 0.1118459165050627
3.9457112122126166 8.924873972850214
-1.7651507513907827 -9.753992478439752
4.603059221739196 6.091290687698908
-2.055369567546408 8.86149305315498
-3.450771685444172 3.019373567044221
-5.323247893307645 0.4574341485416049
-8.939497584268906 -7.9800260092919295
1.4489068146830242 -9.74245591125378
8.964727220556341 -0.6958475532875212
-2.847474400000783 0.35474111623068794
-7.846941111521155 -8.133473347194833
-7.883877182585916 3.815303158239935
8.977152724022396 7.973596162023014
-3.847208115715695 2.2284622366943303
0.9100404366226478 8.99585000897882
4.359098450972141 -7.464711022004771
9.634218743750512 8.590561204042636
1.905160746412431 -1.6418344455748581
4.385626068629616 -7.3049354194507155
8.430969730135661 -7.151674005721393
-1.9783437018051213 -2.0783199846165807
-1.3239636963757988 3.315629849902404
-6.470300579543961 6.038021735586533
-7.04701665766128 4.4431526256176195
0.1461845400867272 -9.679004414197996
0.1932917769379845 -7.68820172907795
-7.494844035524499 5.334119955876847
-8.960769233558265 -4.881335567939706
8.146657312965836 -5.854939076823802
0.10888908339401837 -6.874805281190504
-0.34654687934930806 -1.2761022522344252
2.020945043282069 -4.436249609904204
-2.722030469335241 -3.549414512826332
-4.705596266902575 2.538380202595773
7.7885519191703985 -3.1608952827930947
8.075385740734312 4.135720414260852
6.159662202968306 3.954891752423757
1.1453625916217725 -1.7578293243215537
3.780426813310708 -8.399545068183096
7.175096388635115 -6.870591281440468
4.544825360808284 -9.022756431904554
4.701782331484338 -2.156456811687681
-9.063668106059984 5.243188162139255
-7.586793743096381 5.374062825136667
-3.2431146290244905 2.752869249748496
2.823227783626992 -0.14798582103224867
9.781311999231175 -8.366432544898876
-9.252202881318683 1.7746879139062983
-5.478833607422544 4.069288905216123
-5.53303091145164 2.4250046751802117
-1.5500275453756025 -7.451949821110171
-5.760340872287626 0.26766280452696023
5.1432518149531585 8.69339931733948
7.1980700134477225 5.9164716082488376
-8.850055535229203 1.213734225535756
-8.050223453301115 -2.9204695514732437
-0.42987906615636895 -8.589403147903399
-6.214212671505965 -1.0189886732953113
-9.796969326119251 -0.011450428032800275
-3.0032815787164218 -4.956198512220129
9.60903854343227 -3.678278599776452
-6.430346472795847 -4.098375950694528
-4.941202134572484 9.540336245658153
3.1242178907970555 -8.149300658214607
8.29174676899822 -1.2728954628192
4.605758053559729 0.6861752224397542
2.482416307149247 -2.1165491572559407
0.9286065037325848 -6.765347559345079
-6.454969059965223 0.2991273479259178
-2.5222239914581968 -4.764013259597995
-3.1254590120096326 -4.285679399792808
7.655586062115905 4.819288133005447
1.923014977815038 -3.695349051706877
-1.9750727678069815 -7.477974027507113
0.1985338843935125 0.8525682763551412
-9.212393916796762 5.827124900970649
8.505901329806285 4.512513348013908
-3.173271537271085 -3.431428107803143
4.347306519942624 8.562873095360388
0.23589808637903786 3.1886738209127667
-5.985289471061501 2.735255859783372
-2.8474720018648014 9.60157958683062
-0.2584231919726925 6.021628426214921
6.898680415232818 2.87855536328774
-1.9123469685220407 3.031571406899708
-6.529171081987412 -7.9922126741529365
-9.21747023211992 -3.9946643523927383
4.720032207966916 3.3360640104881796
0.6193564817288539 7.137829055387233
8.078997236767947 -6.656379322295183
-4.142961622682703 -7.31823654393553
2.092731854037508 -2.2350568797331016
-4.831248712817562 -1.1410296378289768
-4.219191308597489 9.879409821578015
-9.869835380076928 -9.592867626070928
4.463832168872079 8.15234067672472
-1.0267710602528162 -8.201735488937409
-9.676641481364207 -8.231329048844934
-9.894833554751605 -0.6830085396102437
-1.7894116123800696 2.8523564162872006
2.6217135836881624 0.36651109278250615
-8.677514214220903 1.782558787417086
-4.0830042131050925 -6.832917555905917
-9.120468265109835 -0.2001888278740065
-7.800031452326264 0.7355998036349849
1.3894836244113051 -6.052158581117277
6.474171510539438 6.339263480070898
2.267337169506959 6.00037577316774
-6.459306646394969 4.561544826592428
5.9103916715520555 5.729524558163144
7.567959080443341 -8.458297176768566
7.898428426047225 -9.906695223182314
-7.2038142780510555 -3.3197352077067936
0.8279898029072736 0.9892866773728706
-7.062703036424594 5.871301646265541
1.9755062723579684 -3.3358969598785704
9.200490541930122 -3.8001359395240524
-8.332730733658646 -1.896719070887194
4.215067073557803 1.2966512181380168
1.874702243977758 0.7070382215574149
0.822684371197905 -1.70693082705138
-1.3443736259047796 -8.661052153072132
6.36923761775709 6.53854390143492
4.342418797095922 8.09364311704283
6.684151699317102 5.494220917835301
-2.72102002260983 -6.900243521326517
9.816457395429165 -8.844357288721481
-5.417344479985157 8.077386552176563
-3.92692492545494 3.389349208778235
-6.9965583173523775 8.911793416068203
6.2594671191681215 -1.1893573262102226
-9.012289066352189 4.865376031349523
1.5399090053708981 2.429523262441311
1.4827398362993645 -3.8693121174488754
0.1538190054531583 4.236037673257275
6.385105324414319 -6.050976944289905
8.308917573630687 -4.12116115444181
-0.9260084016586401 2.936169602003183
-8.287681204702986 -3.650813430388162
8.427741422868806 8.895855611607452
3.035302156405047 2.6328977824582616
9.485864150468515 -3.377237945583711
7.2555038414010475 0.5965210479744432
-3.564985835509611 -2.3435103714083416
5.714002187215069 5.635520144073558
0.5089230162905682 -6.73366149874751
-4.199540909983444 -1.4127743239006918
7.3259087245238135 1.9474288902982373
-7.3857624292383095 -3.286613588959895
-1.9038563620492681 9.811496596484432
4.565513578366556 -0.3548043508433736
0.18104106310893542 -9.014750020052176
5.760377659044696 2.902678015007506
6.607043836192233 -0.029622410736410032
-1.101059640098839 -8.173305495711663
-2.3523349884441958 -3.458836533161578
6.104979719852988 -6.988957236158411
-4.937117083695995 -7.364806557526428
-7.482706571371855 2.9518611104873855
-5.532657362982187 3.7430964326480183
-0.7770309922181369 8.674939483918063
-1.5937162799918898 -7.901019756417835
1.6177315595631008 5.030416481608373
-9.250160200027015 9.240371620306576
7.198425083912166 0.5519693955304241
6.227272676563015 4.202143697262597
1.3040408631969065 -1.3131509739114993
-3.1236901477925416 -5.360262088531376
-6.179896262073226 -1.4131035286530906
9.153608799365145 4.319707673808676
4.827444159350588 9.376392940617897
4.65702341323086 8.201655789339561
4.018811165303916 -8.24577430120973
-3.2620679700216932 -6.213391323950795
3.0249080045369237 -8.22568826169445
0.17013345653219147 -9.87374679733488
-3.0853235292731718 -4.602234016503399
-9.387073628617435 -8.939704801099941
-0.6628936285235199 7.496583969687578
-5.673534064008178 -0.4341567063726526
2.3869228403820237 3.8310158793913214
-3.7125731156599118 4.279388196624129
-0.5767706138515809 4.870384661023815
-1.3111029816572444 -7.5524138429581615
-2.0645002556205956 -5.240276184431238
9.486694463012103 1.051951527926649
-8.919087410731239 -0.4019450097569095
3.341621007856002 9.22079242540726
8.64642258456837 2.490218360996506
2.079099908429388 9.002073620989407
-7.705145612486788 -5.073495148778637
9.361146575864218 -7.038578369960266
-5.18440028445355 -8.89151397053193
-5.148720369412505 5.959853712749597
4.644559534105021 -7.306517468127634
9.865610907293373 -2.3182108338331204
9.991087345412954 1.692734900462236
0.37318092674294867 -2.0702416863094335
7.84096958064389 7.899913943046176
3.5325736206166773 2.0131975116337095
-4.305881871917718 -0.8962918223463685
-1.3120508138111102 -2.7119153133479745
-6.0453691249618124 -1.5436363342275392
0.7010570588210854 -5.969366517618782
-2.3062993975985746 -7.978897252788841
3.7099108599667687 -6.553614740329334
2.676685622485076 9.371959383540784
9.320215550150607 -0.49575509465849166
-9.479710070818456 -7.68296441462875
-6.996336332226461 -1.0316913962488155
-1.2153456366470365 -2.9431882219523686
-8.760229006783668 -1.5151094444689832
2.338066703112265 6.729053859119986
5.088503219123666 -7.903240798676235
-2.158799771808722 4.425464726786984
3.2527740793942677 -7.674037726754992
-3.6744568282685126 5.051035547840527
5.741392586174417 -6.008138614649141
6.865161010985084 7.812645809768746
-9.5777888983995 8.04535371668517
-9.212287760527653 0.9421590326101796
5.669333834080559 -3.888516172106671
-1.2768793949468709 -1.7154361018149302
2.014207629272139 -2.779690144546678
5.241120899960057 -0.599671855152291
0.13009019620124462 1.1357203412781125
-7.8646033860965385 -6.447889344540528
-0.31056826405718674 6.332875701575759
-0.8183143382292108 7.516115580047625
1.6530119314326779 -8.280927314977998
6.3484564515622885 -4.732071735777652
-8.31750505695426 3.682838700547915
9.654384237035455 0.964816631957703
-4.533647000695549 -7.737262491625718
-9.893323054526807 1.2084677394159655
7.7042435767247355 0.7018957920917117
6.853932891892754 9.746911249806857
1.0981148572624555 1.9405344731506506
0.48395085887061917 9.295910018244648
7.327684483689865 9.463598873396219
-1.7881216063932932 1.5859138558994594
5.057177470375278 8.127223189324607
0.812065249268981 0.10789814271096532
8.804275375891223 -4.936123555806173
3.1415579535749494 6.027528694204843
0.6602598502986279 -3.0736233563753874
-1.2783809587951112 -4.470384182960907
5.761316977022464 -0.8930381060142665
3.7600869898998397 -4.7834233597159725
-6.220111513307291 3.7019216221308007
6.7386398003826855 5.405197161227539
6.253789874284632 2.397776525644515
-1.030751154084541 -1.317666286057424
-8.668578601442098 1.6100140453107663
-6.423315971031296 9.717422547806308
2.7209050745950165 -7.721342362965176
-0.224486116164071 5.932670909912886
-9.453884477588652 8.5040386740108
-0.2866190326084421 -1.0434218591023594
-2.273179930489187 5.190583558738622
2.7161792619587466 7.398570751432221
-1.3585717727738569 -7.848018425774637
-8.782467814805269 -7.45774716416991
2.556622948248858 0.7467484893595824
-2.0771616466331704 9.506626721201318
7.4182418882980485 8.365221847186739
-5.537710010627066 -3.815836443719924
-6.048419875390721 -3.118428888699767
7.728211615121655 -7.159891322170894
-3.1752373714789606 8.228981727059832
-5.153071254889725 3.7641673457041414
-7.256410691151649 -3.9295411022748317
-6.243186701564982 5.04814340727137
-9.77892425809187 4.717749890267269
2.265120506409355 5.933061349688245
8.710664117865583 9.046873523523512
-3.149395789653841 -7.66937896419059
-3.6279184808332605 9.300201523650891
-2.8010932302798057 4.025844682119388
9.343372194154348 7.294103202315881
4.946816059397083 4.129614201428339
2.3063083727628957 9.174320517954289
5.795608112232474 8.957717151883255
1.79459817920781 8.597342790544612
7.643992012198378 -9.79209056275595
-0.7517748772191819 3.4323120078184814
-0.9024374795658492 7.622874969882119
-7.453149635092933 4.085369672144312
9.258934158423443 9.782574212575103
8.795633759105172 -6.578785259096424
-5.9997598896047055 -1.099675402640079
4.133239998593286 6.558271614436748
-2.791536008317723 5.564375708022011
-9.577715947564451 7.17833667848663
7.686754368497702 2.7003543744020746
0.3825619697724285 6.316523311942397
6.207368464993191 -7.196806949439938
-3.29842600803008 5.091330525392285
-4.515498439114907 6.861154944875697
7.618766864002968 -7.089391771578768
-0.01701975843926462 -4.0795959421295125
5.144015639401063 1.7932021772811737
8.556645429874102 8.86926419846587
-7.310496125245168 -9.417066615497266
9.494104971447499 8.275095125272216
-7.726231822319418 5.229145289413651
-1.293489236122312 -2.4467780616932266
9.372943645034312 1.8104872971226609
-6.578471446510161 2.8598284255529904
2.78200474733843 2.325937631473998
1.1693081684592581 2.962142057115029
9.390192964894041 -3.3366420238985794
-9.911018767090653 -6.277987368342341
-4.080202447111187 1.67377054538985
8.368258973439705 -4.110315816740917
-9.470057521215994 -9.36488652169597
-0.5629799785836536 9.661210472974645
8.332678011841889 0.025486331734034806
1.5465683166008404 -3.9292345725214295
-2.3783220593552272 0.9195734037509204
-5.742029160438276 6.769935609956484
-0.5747784818104424 -9.209626945783796
-4.739723014796031 -8.872172697618181
-1.3061541023507388 4.8727935011626204
7.829222833936992 -7.520931990032899
0.9553942288767345 -3.480039975710869
-4.207977252119212 8.695964075279086
-4.6304082722501345 8.071118005748573
3.95764059642773 -2.9353476478515006
5.3254315424299925 -6.533356052334032
-8.66337825632477 -8.25592785054165
-8.347520147511446 -5.9528619582253945
-7.7311101053125935 4.541855959407195
-9.733197453717237 -3.3736743645780916
-2.3440571359853024 1.6305902398961951
-0.7738245633794278 -9.087238889920567
5.0087054832290185 6.834836335614746
5.909568528705771 -5.7576519894564
9.624843662641865 -6.9120090396945315
8.225519326022088 -8.555941765446402
-1.364914105848614 4.324583367197752
-9.865309943578069 0.31934506432086174
-6.575422950403109 -1.1196404528847772
-1.9531050293519225 5.488361835844682
-7.686402919471926 7.001850546666237
4.910465753988504 -0.46618714793897453
-2.3394163332589324 -0.597168401493672
-3.653436164984738 3.380204202833749
-7.16856507275466 -3.8526424443678353
-3.701193609595224 7.9122356218290015
-0.8122004664162539 -2.462243991747741
-1.8163965454708517 -4.695848485866712
9.84636043086336 7.495232929130292
5.4340930137148735 -6.938510322707829
-0.7892958891764152 -8.205695818659464
-0.707594356205874 9.707221719831516
4.315776265864788 -9.399973748620894
-2.1279817534957024 8.633519435376165
6.008281399245153 2.0658899603420053
-6.735445593308535 -7.52383878221774
-8.360476844784197 -8.942329082291046
4.67120413271828 1.9143316087388769
-3.586735730839557 -2.3553866499006375
-8.458453175520141 0.27365792373451825
-5.544778688701582 8.396836079717588
8.910142125222514 3.7703995498801497
0.4448394877788946 -9.528494985491667
8.73288320406482 -2.551941158230637
-4.130486301638145 3.1415715288678907
6.959888256830521 0.2915316242162014
-9.92391123593941 9.437655009741018
-9.270612278710503 9.40902888983993
-2.185850944486207 9.130647177511921
-7.249309051329245 -1.1811165882570727
-7.886372050827926 7.9967864038524965
-2.181305312685766 0.7343796871081398
-7.78289608390801 7.086796580403284
0.2914388892826594 -2.912357957806451
-8.657787148606342 2.3619489472512427
9.39887889475185 -2.5844225697413865
-0.5463272454163377 4.923749529615822
-7.582669288980077 2.3232385825097683
5.358862959385409 -1.3421297904689773
1.6480413635934372 -1.5026302383196626
-0.13159962603814535 -7.29133713990784
-4.532655247609565 5.584204522127763
-2.781430365545221 4.43755806983595
7.663962461994942 0.123078537648178
5.133441660982928 6.011724340163354
5.884236317858001 -1.9582066343650766
-9.427317130626651 1.334409581890812
-5.582769992038326 -2.046375460795266
-6.392081532904658 -3.1394524694277752
7.062455941750489 -0.9318373413556813
7.0740524884907 0.0755181742806279
-7.69407008521187 -2.1459081412241465
-6.33477583012785 -2.5514271974757863
4.6192329050275855 8.213672504913458
6.79694699029422 1.0593009882628976
-7.911028004530052 7.996490759533792
3.103528885376898 -4.298139843734042
1.183289452841965 3.7934795393002005
6.945696190614335 6.5719617666091885
-3.463544246968109 -5.694316783761739
9.238044763334987 -8.720699658172059
-4.262183087553755 -2.817497292126112
-2.516491927293396 3.9410741751481595
-5.88539131277747 8.262315372559364
-5.957913691899533 -4.350327768955706
-2.850129828033321 0.8763650299079337
6.025792100357194 -4.541578268323558
-2.605434757193745 5.5213482199918325
-3.0061541568493144 9.518684677437548
0.8669359842261244 -9.994273064578858
8.762565766837472 -3.742646314546314
-2.2826870258216765 -7.945363953843847
0.567810220970193 -1.6115786460781187
5.618904344287213 -6.905424484537297
-5.3886700907329725 7.066927006822425
-6.982120723763378 4.226154118987482
0.027859975571175255 2.1196983072724933
-6.990860280658682 -0.56667460562476
0.9202320423418069 -5.081925914349492
1.009680469546435 3.6059279040580705
0.3934284100316443 -7.901383317062638
7.496072236326409 -6.675376068440702
-9.701273742840389 -4.32506442961992
5.33575881280103 3.1575832759482125
8.567971841251051 -8.76013848626565
5.237954481978731 -5.579274497895872
9.650394148402512 -8.585237877619424
0.11259161246745641 7.186724073677077
-2.71192728652621 -1.4224841560905492
-3.065369310968425 0.11170313044244828
0.9852157381679039 -6.437734901852236
2.616757610276121 -8.28159540093174
-0.14436636721880802 -3.804371924549404
-2.121579509931033 4.900946519236092
5.168649027091801 2.35378461111576
-4.722683499280889 -3.235008798942016
4.654591970691111 7.959625656537185
-6.231429491479961 -5.578285904733711
2.007492840869137 6.35779155927111
-3.224861169394673 6.211870381925955
-0.9674223300447835 6.72044213938635
-5.9262914960012925 -0.8727500563132988
-0.42011559984876 9.431465370029343
-3.5826966406617196 -7.214500094860565
5.6385487757946695 1.0424912073752797
-7.206059615575324 5.76313747059042
6.4643523730282375 4.735319296162423
-5.7036055750765025 -3.223542654562623
1.6389763566793718 6.893611107127192
7.956936490803159 -4.5615232752391455
-8.340970786987372 2.8087604720408095
1.2737364858447986 3.9863303480100427
6.29169105873617 2.748140814619479
4.885210329701199 -3.9666402056335954
6.184099264489554 6.748626380884936
0.23203189700288362 -3.380230972123332
1.545490302055594 -4.459876865785308
8.432865025394566 -9.306789396922898
-5.430314348707615 3.9331193702074767
6.949695585977182 -4.0681774743606365
-6.272226100283163 5.8727468021358895
-6.3245863500156325 4.960512752763449
2.6201974060014344 0.9194492834754602
8.620032225742296 -9.13116357480363
9.93845932870013 4.563663874856367
4.511110824541706 4.986812753337018
-9.982568867119321 -1.8747809401257172
-9.340371621851249 -1.8003274891853174
-8.901905908902734 -7.523887670449727
7.589784696038674 -0.015851495000990923
-1.2027774748431206 4.582781929977603
-9.39249743402447 5.667305785227299
2.6031065138465905 -4.010199066037286
3.89619375672231 2.7831140047803125
-7.534793419011971 -4.005240553508269
2.442423528343623 -8.603147939546767
3.585901876783481 8.852181438312343
-2.6921398000243446 5.393971150855672
-9.463627370465996 -0.6739648774623106
5.322514126950409 -1.2273725628023051
-0.10414718133728407 -7.77596871523733
8.521105122553578 3.775423038652587
-3.440101473960424 3.730929253717079
9.56885477362382 8.499245672839557
-2.8789881740320133 -7.0454286742787104
-3.214404640534916 6.566470766772021
4.578780351012572 2.030652120069977
5.881498213640867 -4.665758252544931
-0.505828415820428 6.326844174228615
9.267819493016436 4.319736291580028
8.878977343468573 2.828233213482063
6.820484184705894 -1.999861035203649
-5.435580958446547 -4.443073814878784
-7.2395681345785245 -3.258527337987429
9.844271585121128 5.5492047675428235
7.322427632625331 -1.772110425168428
2.5635769848858345 2.461361452975268
-6.119303572613273 -9.512005232059424
5.302119449687876 6.82260346420161
-7.604940438586418 7.390138677503174
-8.033221275901925 3.0399239407669842
-1.5267992279946885 -3.64199979909245
-1.6224232116623547 9.536476960085281
4.442983566305285 6.836990969652426
5.516837147972662 -8.920924883938191
-6.088454142127812 -0.7178669755306029
-9.218233713186294 3.3666657658015797
-0.18322726463979677 5.235499716323224
6.03090568128642 1.201846357291254
-3.363510348713536 -5.669350556049839
5.979706004048113 2.3052025581529954
3.9998678010406437 -8.359176242430898
0.3203526840253801 -8.20380769105179
2.3521933433726243 -2.323088915959575
0.005107522367133299 -3.5942933854973447
9.939657082653856 5.811140506954747
8.380846006143734 -6.087648753558965
1.5061749989028783 6.199365995830352
-2.417758454498391 -4.166514236905696
3.4593647790285473 6.173863033833335
2.94553587378989 -1.5098384481753904
-0.6613065371728037 -3.7909068879279655
6.609443412363984 -8.554973449090276
3.979654049610966 -1.1126260939957593
-1.4112589477756572 4.062769826622523
-3.181299312243519 -4.997390194588411
-7.286779299016151 -5.837301166309523
2.6271006494224363 -7.347871506055843
-3.592571875711279 -0.05930196717907954
-7.425094697267173 -2.9204534647796816
0.0500472872451212 -5.314691169052006
3.7612521339629357 -0.61125869458062
-1.0254746711475846 7.102848737596958
-7.111379832428062 6.819962270783321
7.396837334508771 8.392544263546124
2.1043349889215097 -8.812599039763304
-5.827687663362084 -3.159806415880759
0.6113436861208008 4.118691646920267
-0.2974829274232249 6.720412321879859
-0.79277626766652 -7.056499970147636
3.264989519384308 -6.648159327957844
-0.09048487756883716 3.951594402266398
5.937680507369695 -3.079767622216732
7.418424306797476 -2.578928641345679
8.983163756458879 2.7500334939992364
-7.240790508476314 -7.899897433752969
-1.4197850340957014 8.351937966597372
-9.58335285728639 -7.985167025630813
9.60121764966432 4.761069857063468
-9.96855049554615 1.1600109544160109
-5.14692985446432 -5.375067778454213
-0.22473008423845542 -6.519753133981623
0.9134565918001023 8.695680002690342
1.6864919294970697 -7.037464120807599
9.910387271076157 -8.99602620558568
-3.6311792552407685 0.801668263419602
3.3690398715344667 9.72080373822364
-6.1042512176248405 2.6243214342620806
-2.677502940607477 -0.26576911757986466
8.187557934445536 1.177734879636052
8.902046509437916 9.22429986327096
0.5156027752691763 3.571477864729051
-1.0383597620870475 -3.061352749661472
1.3917096016152755 3.752198689279137
3.135428902808881 -1.1966596689204785
3.431997648782282 -6.4224075066040225
5.73583617026603 1.526368323283787
-4.656527403227586 4.290954861329494
9.346717540751118 3.119521018497869
6.550813961542563 -8.708562180072462
-0.39644958050295287 9.370789800865246
1.208216920988665 2.208769153326106
9.695515149095911 0.6729200396453585
9.279420053308836 5.534757879643436
-2.3954232414869896 -5.916293888863519
5.452108375530342 -7.182126984152751
-7.923595405954251 6.189535893055403
-8.419064613557568 2.636188060191696
5.767503794720417 -7.714632730782394
7.893217662841533 -7.147572291600426
-0.22122314874708948 -6.884408817062175
6.687804323395014 -5.80089361366338
8.454440244162157 7.9581908163098305
-5.373769010260143 7.3736025957892295
-6.656307544267728 1.6354590597820042
5.247651301072187 0.8046854648794017
5.510908383924534 6.357807879521321
-2.5568277496629914 3.485300251257062
-6.366097540779001 7.111749863683986
-1.422455815404117 8.470641107952336
8.085474328047727 8.30562987671318
3.7843337934661356 4.536148392447599
-5.0381191018274745 7.5967337547825515
2.722058952341918 7.611229963247453
1.35395888375038 -1.3949809929388515
-1.56498604580454 -9.978144967982237
3.937741163964663 -4.680516209076613
-1.3801486548227295 2.619899598456122
0.332111391294859 -1.7799536855103923
9.851938035278852 -6.919635481419883
9.909306907130777 -7.08186462848492
-1.9620452599248779 6.884690420160922
4.401990534675232 6.12921225759704
-1.6727790207082798 -6.680290539065763
-7.3724216041215485 4.46196754609076
5.9062839289189775 8.413060814398868
-2.28138971348179 1.9625447394745361
-8.225866984564941 -8.5347537726871
1.889673789603826 -6.798509234695782
3.8896785327533934 -9.618102394752079
-9.470783774260973 -6.984279984866449
8.500489498470575 -5.690601146604846
-3.5138698567164273 8.980459165933258
0.44002856330141427 8.02209775295584
-0.9995841970289874 -9.719345140532358
5.865625270398949 -7.178337588703851
1.5307243250293041 -5.222629095977867
-6.700093860087046 5.415938407422132
4.870162084075652 -1.7216798349514448
8.059567493684916 -6.509769628729174
-3.498683906366651 -6.242143951447239
8.64877144465422 -2.199129854485495
-5.939218601085853 7.334414976393173
6.08383439096875 6.111180411577976
1.9234836146680507 -1.003389964879469
0.4213425993626352 -5.614873766761395
-7.003131772943885 8.731927627118065
5.817734520955277 -2.786737769363148
5.096126996219905 -3.2174370144527025
4.642199182422903 -0.7227135116157299
9.206893056141414 -7.643440296462343
-7.25686316980296 -0.15613740639796525
-3.344045856613185 -7.925826433029714
5.434611507160252 8.168178974675435
-5.256660262651886 -0.4327193442527548
-3.8242383540368934 5.159322473666849
5.203915798004688 1.7142509411514144
3.016129656047518 8.072004970161622
-6.141070619442168 -5.112093122303156
-0.5616142188026032 4.049133316949273
6.144345113558941 -4.618128255311246
1.0651663002544467 -2.455003769034736
-6.621864192449836 9.154693565694501
-3.919296599022985 1.2166729419311757
-7.797367874595649 -1.3412827702936188
1.2369456415340565 9.047080892868372
8.061445826307104 -8.810595178202668
2.685638881862049 -9.450276922411904
-9.076845155833597 -6.461832860751233
7.340504626160968 3.2530986361587146
6.916374372167148 -0.9056347396822346
8.437559237659922 0.352664373365716
-5.384610766882081 4.695658688699423
-1.2550086855064873 -8.462058763019186
-5.7783477519261535 -8.670538660750273
3.40389038665462 -8.736820818557929
9.771924210742672 4.111953247278564
4.148798260315349 -6.591836979766724
0.1369271282062563 2.598682977358761
-3.0715410451090364 4.483475532370015
-3.9032366592369128 -3.21409803591735
-7.475937030484959 1.8472769921025254
-9.60568838330413 8.516295248619556
4.953221636538995 -9.668436810527776
-9.87832840131561 -0.8790498641425248
8.63903318858684 -1.9092685655595591
-5.155707910153522 -8.701032350906186
8.73809771937676 5.721681321873069
-5.946220442499088 0.4253652739807485
6.656520077220591 -4.735489179748411
3.7392027861618438 0.14362658863066002
-9.60175667466979 6.363174647451547
-7.218286141563013 -2.1474835087083406
0.3209236093917198 3.0631535250998496
-7.876867938133431 0.6070415043943829
-3.3267042351597897 4.563052229150145
9.951906581988354 8.625895878892237
6.564753692372886 6.0943998227092315
-2.45510502275992 3.623801745489825
-9.29184239815892 -9.18951612138278
4.826144153092171 -3.2924077752735954
-4.5520778028775455 1.3208607605904295
-1.6301447994427392 -2.234693514475188
-7.095077759083807 5.200443328907237
6.927001427353634 -3.9552075773147717
1.5793954180188603 7.165248731306608
7.629516081047193 -8.876220370369985
-9.61045778974901 -2.105696985592685
-4.435305789842472 -0.48305873816656586
6.762870249795888 0.498944981797278
-6.191657350439623 3.4969547169580686
-9.306897650263084 4.185876077420884
-3.2473453495969284 -3.8975417588831673
4.745479158211241 -0.9709379932104927
4.483481704040802 -7.468960972720997
9.574674484404685 2.669770160511355
-2.927440513067725 -7.186236425181177
-8.929173094904128 0.6246560343767431
-2.117901883175808 -8.222816950660295
5.531119529640957 -0.38580938889849214
6.0812843663661695 8.032366550925932
3.5387538613885248 1.616737684641956
6.194636549593881 0.8524331954989623
-1.4074844337199206 -7.912178577160938
-0.6392586942427858 -1.981594689975383
-0.6478066288907858 4.05981670858486
-6.945792698591944 -8.158185169128874
-1.0552385921624712 8.349384414667337
2.0323895744795433 -7.069212087964136
-3.263378028317245 -8.259902335015038
-3.5555542969771325 -7.62834954744646
-6.679557222553097 -2.445243253261122
8.160344808319657 -5.8001339582633165
8.239197850417451 -4.976801771028574
0.49838471089999814 6.996100186833576
4.177980097902408 1.0583381389058832
1.2707084010720706 6.469175653993386
1.8679251918778057 1.247632300905705
-0.21887614456766258 -4.0458161955138605
7.346158844647231 1.691348724385895
-8.014260225124133 -5.5637303713857955
-5.322880095012687 -6.843599541766396
-1.808705692540979 6.499829587709712
-3.681155912401799 5.0730748729600155
5.1696829144747785 6.24097682033327
-4.079350561405493 3.991983787657233
8.990410616065518 0.2784167302751772
-4.84726413814208 -0.8442463401507432
4.640951953170829 -4.6526031475025365
4.9091220376977205 -0.6291875567587439
5.473611758783111 -4.985951084150333
7.153431412675406 -9.26095230185625
5.297830160837272 0.2750593220827078
0.7578707044387478 -3.187293763543977
9.178367243779832 3.339615358646707
-7.728575439032204 -2.4870626951891968
0.546038476378591 -6.496198149497225
-3.256285992902928 6.696347004179678
-9.229448031066648 0.6533422883953133
0.9997789132943566 -1.1832955653118464
6.390502672579892 5.479010463080307
-2.9239103863679077 -3.4886070915296186
-3.059549325162174 -6.910911444084968
-9.03969127249372 -4.1327927358000505
-6.2448111255000445 6.679932567964812
2.195931362625993 -1.7374224873302744
-1.0784116314007015 -2.356524744284634
0.05731307722167145 -2.5963722564316782
8.52689841919712 3.388639215634033
5.77395704016755 -1.9658355332583355
-3.5692119667605677 4.371486756257454
0.8032228231153198 3.497612817875657
9.366890905286091 -8.801480030421134
7.447189383196914 -4.947140699455752
7.889469906380256 -6.656119544775823
-4.006803147714377 -4.566279852614978
-9.726524138575671 -0.42634361802725707
-6.2618117692101505 -8.63218722402194
-9.101556177711815 3.135053371421515
-3.513377589123545 3.5406511440240873
1.2541722242361697 6.2036216307422585
1.7781298211860967 -1.621279847886953
-3.551029699178752 -9.439307996634007
1.0112329560788957 7.8397161694994715
1.5506174440185188 -8.632231283036873
-9.209695917757923 -3.8601940013037472
8.563419023021297 -3.024969760408962
-0.598313766786374 4.3597329406939025
-0.7883377393803883 8.72388198708354
5.991631599045963 4.912983914957078
-7.276724562246272 -4.789955401048418
-0.2669374135784768 -6.655701047549538
5.0039417641600465 -2.8634435101090183
4.328930577919666 -3.7185182577676095
5.677197844106415 -9.495821800253172
-3.4439074621555 2.7100120171177178
9.095531660305134 5.284342330885551
-7.381659090186106 -0.18886000627892408
-3.0796961396087212 3.086916616181579
-1.2319714592076831 2.9176227554997176
-6.358609641171888 -5.0085242450327705
9.944034845896585 -7.721922229968332
-9.714638399451239 -2.1304852072223017
-4.520619420488425 -7.297879028899996
-5.573542230860591 -1.7696549393292074
1.9902421710668818 8.950196509871436
0.7702422654401442 -2.0122563837865215
2.080334695270567 1.199538902339249
3.1015164785452534 -1.4395764322068025
8.02346419984736 9.205727714568038
-5.058659275525532 -7.146534668328206
8.397717591062484 8.47633465489977
3.291576908502014 9.54449487773758
-3.2048583767030747 2.731190600874278
-8.82252803312227 8.949626671962267
-8.004371747452439 0.6682209205324128
-8.713380383483027 5.848231663855515
1.646763554455319 8.200022543657823
8.424908336974955 -6.888970396937446
4.36569759725948 -9.855139117795046
5.724920324672313 -0.06102942348535123
5.307877469415381 -2.1461918122686674
1.2868819266065472 -7.654961548601378
8.226946619194052 -3.6397398031765764
-4.312029432963092 -2.994706656371962
0.07737514141777169 7.024614584825713
8.173773490157082 -0.83655044994115
-5.510589045877115 -5.82556655450472
3.9791903551194974 0.547443048185702
2.6172051272454393 6.8506648951196745
8.72758839075297 -2.0502776702642915
7.236872542568989 6.228657683560353
-3.879488776659146 9.146879715226856
-7.328731652460023 2.53679485452494
-0.01996091150425272 -7.460238038969999
8.740887347453754 -7.5056846192965505
5.7523089989941845 -1.2246121710601123
-3.8167166788277873 -4.767177205135229
-9.117804473270958 2.87179105840446
-6.6781062889493015 -4.720519187977681
-9.504518778344263 -5.211110384271677
5.624353211380912 2.57604645315228
6.011143738481412 7.12611933477519
0.3546730689407056 -0.02585203712485651
-4.384528681800244 -1.7050101227687424
-6.713685141447884 -0.985466563930153
-9.637279542443444 -9.603859263123928
9.68269569075877 -9.28551430342126
4.1935359725076395 2.6343349231762154
7.749533577233475 -1.9156068680636462
3.4340467797042926 -8.497966508661914
1.4183080068651783 -6.1339900101337985
7.386677092623838 -8.504245839803744
0.7306899930798139 -8.275101933019126
9.671835450719758 -8.449314686908805
-1.690073186040257 1.6862991201169386
-7.959015952677859 5.9838286042067
-3.725755337779548 -0.11326940077464087
8.916682178646443 -3.7512151876366007
-0.9863003399155552 2.0828024658962576
0.935208187591785 5.205948326805327
-4.796719089975583 -3.2560926223053315
9.161559136928808 -6.601050135636244
2.7057293934832582 4.294070363777857
-7.678257308718404 -1.9361153830916678
3.562004201749769 9.999092235304321
-4.284179799127883 -4.918960173186642
-7.955833212152196 2.099176413264278
6.959363238063506 -7.82615300820739
-4.814466570782656 -0.13979429157299705
-2.4580337135217984 6.351772455042909
8.789764326672053 1.7439108467101647
8.292264720652277 -3.279061806995374
5.847647551119859 -4.288484743463201
-5.381179029482849 -8.751111200084276
2.8996849614333655 3.285763754736422
-9.186231504541752 8.810908759714273
-8.80071471172178 -1.557395197494964
0.05780374541282107 -8.799794805851063
6.045494841275854 6.524241262663718
-8.258974645864683 -3.59703934739019
-6.95366040820306 -8.241735443353042
4.867667997511127 2.0078055836682456
-2.836879384780966 -7.228502760384259
5.649705278194592 -6.590606297991344
4.033540039413076 5.083979760798844
-8.260072986283083 -2.378203399709631
-1.4477227424406074 2.5488367729902723
-9.498632206010234 2.3358982658272645
-2.074393819853615 -3.857429494452198
-1.2932604385358744 6.724571322530988
5.828689176978852 0.8296038541954367
8.505453176965467 5.0319114438669725
3.2455652775662927 -1.3749937864277442
1.9257020393609015 0.11048567768810535
7.6811284933475825 7.781076360129596
-1.2127014558571325 6.967291996616787
-2.312073216645228 0.7049739145010587
4.154807079861138 4.927831347637095
4.17722350985917 1.22338377710272
-8.17206010541658 4.880031261990794
-7.105412716881602 0.723582647820308
0.8386669934925131 -2.1775476413275925
-9.237721011098966 8.581573614807812
-3.147878166830445 1.4229933970842872
6.735819238951951 1.0276828960559392
4.760733116100827 6.495667196631775
6.356802432842311 -7.393923858563913
1.1245211550038405 1.40998758465917
-6.131946161808286 -2.861880320661456
1.9980946913058055 2.383408620808293
1.9263968371540123 9.944794791104265
-0.4160852528675214 -2.4643965672844566
6.920650326593936 -5.467162254705087
1.553461579076167 -7.6962610922970125
-9.14598143305241 2.958258997982938
1.489398723147275 -4.4411050665392064
4.96516796645137 8.906081184908935
3.446387608416048 -2.540820933063392
3.2020228870339 -9.67010575223095
9.041185695354315 -2.856344782341555
-8.341319239308975 2.2925678592722036
8.44056574845429 -0.4305917603919429
7.1261634862945975 -0.713404708243754
-8.796352739720419 8.48793615842996
0.5362776180488815 -2.5754961431416135
-4.7444226944783985 -1.941089974803722
-3.7315010761032275 -5.832192856357907
4.65744256727751 -6.712150369845915
5.913255133023172 4.428195072785837
4.902919096786789 -4.288241457389875
3.7667723130278183 3.506853983828268
7.1375605104804904 -3.392984729132708
4.2361177687380085 -9.782866835459094
9.745464659009244 -4.501162400057648
1.744747424654589 9.97651901269515
-5.070230221002657 -1.7164306942193122
-6.698001754173224 -7.738254659639193
9.106491033172198 5.614783546012578
-0.8712041446957315 -1.8842560302219518
2.543972908397281 5.782911897876346
-1.3314687536174503 -7.126577839148744
-0.32911550959760305 -2.7325720858132874
-4.939589894676837 -5.239180839576083
7.8319808602910115 -2.031994008570779
2.9360587103039304 -9.05064159997027
7.567067680347652 -9.110578676771139
0.26637331779943807 -2.7684920376712103
-6.568892821812069 -1.466028904345972
-7.907263497633997 -2.9211568968291886
3.6984533628280403 -3.432815319438573
-4.339979797234534 -6.32431182087883
-2.8289789799883636 3.8126688758856897
9.761285172490918 -0.2189270233169296
-5.674461417662471 -1.306414400964293
0.9006170679055003 -3.115669059059332
-7.869055469640902 -3.43730000277759
-4.774397157157577 -6.7562710385465286
5.237433708219523 -0.3736186801109085
-6.86620784626027 -4.298283990597538
3.1768584673797378 8.45906972911709
1.4275938508295418 -7.605957742382601
8.488331120955852 3.570269294078157
-2.9045927186325216 9.77262018614335
-6.203308131046457 1.8471742251866807
-1.2490224906963583 2.4869130410867903
5.23991440894774 -1.739246085243547
4.945027360838667 6.907235890597384
-7.415123520578904 -5.037625641367103
4.044991869250952 -0.2145134176642589
5.949290549945099 -2.356309527401603
-8.745638417689749 -6.9997658089967985
-5.588421580452698 6.565010634076916
-6.799542319128921 -0.9673982952065252
-0.9479076976658263 -7.761822455065017
-9.593252980127087 0.7504959634427202
6.891216020300455 1.848726949149988
-9.831568206109695 -9.64888890237578
1.2956351133651989 5.84128334098158
-1.4384075274907389 -5.978636038956589
-7.955496006139688 4.5612763673534324
0.605285990293341 9.615184169637356
-3.5069012111454985 -1.3199889311183917
9.093225557925805 4.610230340931615
7.704496754726041 -2.57663990722145
8.144560144276 -4.521450728643264
-4.7900498200687665 1.626259723747573
4.517757407472512 -2.317244204667963
-7.33474702276637 -5.828481822111648
0.8477679119909887 4.177720170024129
-5.417719390710307 -4.887745954908458
-8.216949979874189 1.9545844669852421
5.632700361155202 6.050659453232175
7.881843810629803 -8.435831505239726
2.522377964601647 9.745308565158414
6.27428542973589 7.191161277768902
-9.158336216522729 -4.2174258200154435
-5.767046067228256 -7.72064220529086
4.167654282691801 5.162343823050669
7.36503828275384 6.91821496939345
-9.073716387214805 6.5573103065809875
3.068231542129036 -6.756197398000321
9.54350348344564 -3.8731973532427215
0.18597214898607284 -6.123593565079746
3.8120389669187027 1.8573370219775711
-3.4515866476754127 4.450892827242711
-3.288739215337637 -7.481101617082018
9.521191960203879 3.9083846898746764
-6.422141883462449 1.4029696223623684
9.795416657960747 5.768920963825515
-1.7387355193873422 2.1562754585566335
3.5400255850974442 2.7507766359267123
-9.627404415081283 -8.530214209277926
-6.424348517533687 -8.905246960862254
3.9713774685004744 -3.061960169974249
6.018806121224486 8.660398181564823
9.034068566715497 4.223677469174518
-4.9374461986047535 8.078978318636075
-5.774695553672357 2.6154209517919025
5.894241535314816 9.118082080602598
-9.55135247225699 1.0473729539334897
3.90307994519436 2.6178218180174753
2.1317565907602205 -6.50672828444317
-7.141974746099469 9.35548455577068
-1.757056503328558 -5.43328262233008
2.3037332769533485 -4.278249253339153
-7.61121008218518 -5.804597364122632
-6.987776447734657 3.7383117179120404
-5.5530852063575065 -9.228097811715198
-5.2530541781502755 -3.9759689106193647
4.459258883127832 -7.445538298112919
-1.1889138120942846 2.369614383354202
6.372621496387449 -4.331982590324264
1.667463434894339 -2.7401218559023466
9.538929669129665 -1.1600263722970006
4.774951857693324 -4.5952958070618095
-9.728654866547295 -3.215443603521795
3.0574664440267085 -8.783100712110972
2.997137932002632 7.479262464746196
-5.178127804893551 2.0660095510133054
-0.7926927863561772 -0.8030752493876356
6.512938312129933 -7.381991551276594
-1.0252487585683134 -8.253578127463104
0.29559941808731693 -8.432722576393308
7.554926966199634 2.573226715911918
0.7827785903693663 -2.5924139928377006
-5.477855062727213 1.9491422531347702
1.289609076841117 -3.3557138948205
-4.888304851621936 -6.723872861020905
2.1942968601112067 -0.6362983691665303
-4.12010197019145 -6.885872953696146
1.9232840253550805 -9.905860161451852
6.4368121968408865 -1.1521110503305323
0.20199564372049217 -9.39983271844763
-5.367129910817754 9.88879016092018
-3.395857693144526 2.7712811236533454
4.804860773036436 7.960733351946448
-3.0913574091235985 -1.4110190535601745
-5.735926354328642 -8.855567827393996
9.947392340394071 4.507847780779958
4.486398906160076 6.403921272849232
4.031525914683069 4.350775089147307
1.4962502297728513 5.222730000649918
-7.319383392342955 -7.183659585105016
4.320652824378026 2.686384170975815
6.617704460544665 -6.419988191686756
-7.441792396564675 -0.5787206921342047
-9.351416704791157 6.264969042412176
1.109178362506075 0.9375124920413427
0.7981268216116906 -8.903858214556905
-2.707518291354636 7.0107869435300785
5.197780250574215 -6.138389473928143
6.838602280470109 0.8365794407052025
8.822477278567057 -7.623113828295951
2.774399263793633 9.053740380886659
0.6485985288023581 -6.565102281012005
-8.628885902794925 -1.5333554330915504
3.7766333016454787 6.595951261155108
-9.228215992311483 6.642053540825859
-6.930250083060945 1.2092797604588554
2.7024850096262565 1.6294190069620775
-2.572916107084562 -0.8926849171717581
-7.766598586895956 4.082310526264267
-3.6705825222464643 -4.259387529054517
-2.4543526248919196 6.643614462383724
7.511023935765426 5.390069600310488
6.193451877094663 -1.702508028517487
-1.591250102873115 4.215938633688756
7.4080250748026835 1.1603300329092932
3.8287132075172075 4.241371704194005
7.789934868516063 -8.802298037163016
-5.0404103713098225 2.768831342053165
-2.025060867425532 -5.671218548694066
7.923596086818399 -4.727934405102494
-4.079027703969866 9.806091341029564
8.74092975331014 -7.9282008116548734
3.2318661005444955 1.9196402298078041
2.6424062286930052 6.92364851030753
-2.607222393612547 -5.6088361268945
-5.912176300121552 2.974590990535111
-6.643966971968629 9.920378757372148
-5.0495936142677555 -0.2453183340182452
2.6297070248284484 -0.321388532293696
-1.2270849491423625 1.0075294406939062
7.59960736597748 -8.859331312352401
1.0467556570562664 -9.790840357193682
6.583865271369955 -3.417415014339131
6.16569709151695 1.7470759585873115
4.401891959615206 7.148870837793432
-8.491420852037344 -5.980306709030567
-7.4187106139121965 8.012829151926926
4.537687749669406 6.76867650647981
-5.599112496444027 -6.377408450429087
9.62200267569775 -7.8759307673900025
-1.0662256907356564 -4.409351294198968
3.802475646117422 6.732975761541006
9.794663335870641 -0.010154886904791383
5.227236824666148 7.0291048771229505
-0.13192171315392365 -3.1467740484080142
-3.09747121819711 -0.387128124382329
8.287884919573752 4.050301540521534
-5.446766063962139 -9.384307009902473
1.96215337695614 -1.101986873851251
-7.474675041405138 5.73351913939814
-2.4512137711997806 9.50611944955789
7.089567918261565 -3.592990471587596
7.5313936176995 7.537188736750775
1.7262598130626987 -7.642774521625473
-2.2402637068056013 -3.8429984384101328
-4.081976565033106 -7.113010206471328
3.849308287252555 -3.743347688780572
-6.729150978448013 -5.503333878759349
-1.8276184283377397 9.400317071537806
-5.78933537671711 4.303640385487668
2.5961333098379047 -9.311244885546188
1.1983552397256751 1.8540308500482823
7.233439647448112 7.761522702700482
-2.430211660131225 1.332243916307359
5.494061420075816 -0.38999376391381446
-9.922118616994169 1.5677396515867432
-6.694779648056763 5.999311029955869
-6.655012369925868 9.663533990840179
6.829538993054921 -4.233582040974886
0.5374862831207121 5.003183809304147
-6.971084328767025 -3.9114409876106464
-0.7840452449521766 -6.030854952696066
-5.509879093891659 3.5214890770519283
6.233140505484652 -6.120676795527271
1.6956877338807512 3.6410693247166126
6.209334945929584 -7.928002369017008
-9.919134770780689 -8.695733134616255
2.38168276316539 -4.767285225740059
-6.4055039203477175 8.810582627650774
5.957312866696586 -7.508443376589646
3.093711769843308 -9.709420732155127
-8.842792554495468 -0.08185996595740974
0.5395538756289646 -4.945826436523939
-1.3844682759153315 -6.058686366818051
-7.592436820447299 2.647963740954273
-1.8899124923667507 4.812729820488135
-0.18149856802995146 -3.837736769244162
6.607943245147794 -2.3245258920396283
-9.437776270767195 -1.7815943670045726
8.820889160830685 4.738051578047724
-3.2228721076430222 4.617058722981163
6.579153701852313 -8.324905812303598
-9.330747613681787 -3.9164043289542043
8.622260135547272 -2.445110519959906
6.332540457142375 -4.102740199042816
3.542943203474273 -7.738191087692257
7.19502619368069 -1.3482671635904993
3.1690434128928935 -9.030970512344425
6.609138408713488 3.384790172951499
-1.9881804860536363 -4.92751121531348
-1.3200843449042061 0.540254084825353
7.00711161181836 -1.5843342455997664
-2.0183270354845 -2.987166535614585
-5.8240145232275475 -1.4494610624316415
-8.582166217680388 -5.930063731737074
2.4885454388003314 9.602459407624746
-0.48874878913365727 -4.433690347662999
7.833757385897016 1.3253449505822186
-5.300077854978351 1.2337722354361738
4.50315293353235 -0.9799183200049484
5.673743094383955 -6.043363958037595
2.3493564206441313 7.887305619537106
6.8658687416192095 4.893505208520423
3.5605950366062533 -6.252085841875248
-0.39883584565216346 7.721922844772269
1.0488776915788645 1.0012524057037027
5.557045639654817 8.091551937813414
-1.4192710851570212 6.629231883542452
3.483253102190119 9.990616492712931
-1.8376513175964178 -9.536307370117449
-1.695110244220583 3.1062094759276917
-8.669466498413726 5.797615624877912
-4.669683005661405 -1.4450089759850044
9.165024376323434 4.807736734713544
-9.68957651028521 0.04875761451640592
-3.454037104207364 -8.506088498375146
-0.8578780962848711 7.294171222971993
-9.640188809554404 -2.081079708377769
1.1584240039902731 -4.180739858157343
3.8422810181378857 5.6429824086148805
3.5232309417587278 8.826125277008678
-9.160907139035142 1.4414859697454787
-7.128050374157535 8.222936243056004
-2.7560961577435013 7.3239551999586965
-6.165264351062152 -3.028237423082576
4.089277406588618 -7.201513477541825
-3.79712535928787 -3.2475473443514247
4.154745759769845 1.7088166849754884
7.0028374610296 4.588063527234159
-1.9574479319033866 2.893210317341339
6.1631564168832895 -4.241232265407997
-6.1728696070701865 0.11913062360321902
6.577169447324593 -7.28226809356909
6.982823135100141 -6.512385029841377
-7.411214643447066 2.7406248494516117
-9.924248916708251 -7.543244012595361
5.699979496452629 6.118533734662304
-1.6306332475697012 -2.1972270383884602
-7.082525291106581 -6.005782460718354
0.8777749611158274 -4.24600223625365
2.401599210077759 6.360517935357596
-8.578735048114005 1.8366644331616282
7.737293707229799 -0.4002915515177925
-8.755233633079113 2.289311052768319
5.110124804026475 -4.136903383101536
-1.356213587226673 6.14607293817571
-0.7412991811824288 4.747348182337577
-6.651036455892654 -5.512027931861279
4.418186444077129 1.6804803546882603
6.5524385010617685 -1.9055081680037294
-5.082860760145261 5.978982289795887
4.197459747053836 8.080996125721455
-3.04382213426633 2.7520802465578793
-3.0563987399086496 1.8127309818601294
0.022245665138250104 -4.518270170377916
2.6169203631805793 6.924022430174013
9.135640248107588 8.990533426779095
-3.6973918391679543 4.113345433300273
5.067561541005919 4.268935544120664
1.9003161343341546 -2.676608872955166
3.9531288134325173 0.08480844108954777
-4.188881317340314 -7.516745061739014
-7.999824611816601 -1.9992626233751096
6.3905922947088065 9.30739030684283
-0.7151509441814667 -0.613624738779615
-9.502669653289042 -7.97555589701237
-9.70719517594019 -2.1317573644007766
1.4615236307196593 8.977735730348556
4.962765163687212 8.592316819100716
-8.700415273194363 -0.6436255250504264
-0.07458591834431871 -1.3903210567048774
-1.7641926728180835 -8.846186896897345
-0.7194333330334501 -6.362405061419207
-2.4972835724492937 -8.856699366234595
-2.2500854765426066 2.0513508182800173
-5.817178010937749 -4.013088405210128
4.827711128401344 8.883678181581889
-9.16122778733411 -9.112983842639542
-3.2411281314221885 -4.03549452203883
-9.869576681054477 4.3840406182468055
4.657109608646991 -6.204119345972041
3.998274452952824 -8.249348112570864
-0.32740537429068617 3.2444412286034243
6.205549885304368 3.2436467570056102
-1.0979297156170382 -2.8287649073179644
-1.0954722878451584 8.048808171118914
-2.028605995616511 -2.9921100664211036
-2.433050133290429 6.353258663491083
1.7268198050234211 -0.43142065187212353
9.490497384193098 6.0412737411932085
8.789197896885682 -9.990359647802428
0.5115231076765134 4.18190451314935
-8.299203648666689 1.3356059008967929
7.357680603073721 7.375403654810235
-6.36455413619093 9.468280450131466
1.3623457094911942 -7.355192271273556
-1.211914480296393 1.8411482916847017
-0.7599347336409537 0.8940973179635101
-5.2236742776210665 -4.869932553417362
-4.372338347147345 -3.2544865618832253
-6.273510470168526 2.99662431762348
-7.087990155661137 2.9302974784031015
0.23780870994090364 -7.147637235005753
-3.987927626698622 6.81996612209479
9.339031921788298 1.5365646842647056
8.337976011481647 7.728078668489008
4.296845772148821 7.322017377068683
-1.0945471959342417 5.295044357877018
1.9218922908909164 9.752396290496726
9.58926441801174 -0.6795343993122245
9.822915269119907 3.6957888170173376
2.0382231517332166 -0.14986277431763995
5.658619088645455 -1.330774935558738
0.4295928367717856 8.04935041005654
-1.2621546259350183 2.7831116854496862
5.238262505325562 9.650087660252197
-2.5302167526571413 -9.528337006572746
-3.8738745257249363 -9.17293666990079
-4.286604524174084 -3.15476537830736
2.4290789808558912 1.3676554189975736
-3.351934155788639 -9.561294025449802
2.811736786116354 9.158246587087543
3.544862500014867 -7.9531532562597
0.5590508028415968 0.43791132786688003
0.9143779579026798 7.879706066071467
-5.837411435131075 5.342932619648728
-4.886844295966717 -2.157822777036298
-4.864657144941531 6.879536981442833
-1.9348598142124338 3.6431184488901813
-2.089707458618923 -0.908519549986897
-4.358314131032353 -3.5489467888287685
-1.643256432238891 2.0834839409503036
9.917055678121006 1.495898172002983
3.845463398741554 -6.527235650247718
4.597855326490972 2.3074119367593866
-9.08305298895711 -7.112843591202427
-6.471234144491196 2.6423094038507706
-8.078084625375121 9.536650217347823
-2.696704306859008 9.918900910292791
4.7911254518850495 -3.775496337423676
9.76326947044043 0.4096701860404828
2.5855675495556802 6.6920122227839265
5.6058831086154655 -1.8508875915640246
-4.214932973608086 -7.669851305452189
1.3820552717530443 8.594356597098372
0.696418687650425 8.058473504602684
0.35087604889452173 -9.286964968815445
-5.904778383893663 8.641984460290711
-2.75915277372685 -6.6252549436816865
1.9186279961132904 7.449783088336112
0.02739087335326218 8.851711672909136
5.871083211863649 -0.9365166716330542
0.4575885341616033 2.3622707721919785
-0.47458613356465307 -8.00159490935866
1.5594333618976535 3.276775733854313
-5.455411102981569 -3.99077016987259
2.1787000031503307 4.151388978112056
1.6094610668805558 -0.20473434210189723
-5.670399522601938 7.796432311579103
-4.6900345990200165 -5.315156769948397
-0.6349691511081339 2.6787515244061293
6.86564502986192 -6.554037790805007
-6.028427288009799 -9.519345270793135
-8.043715822502396 6.350340298838255
-1.3169373742793162 -5.529208269147774
-8.879071597711494 -7.167024406850475
-5.034496589324315 0.7582753629224488
9.394693796824843 8.207118287800856
2.3967473444687144 -1.5686421199009803
2.281579305800822 6.451327432264552
-5.594873971958448 9.792828587413918
8.134422939918892 2.372518849319537
5.2893864104570625 -6.7408674872481145
-4.151899334463365 -7.522000105601694
-7.759114845298935 -3.052609028341971
-7.393461882017709 -6.810485421944081
-2.295128930256589 9.73186805528331
-2.003205026985948 -4.719764416747598
-8.028174404412564 -3.320777541767111
-5.43513346823822 -7.768666081962559
-3.7830316762657095 -2.2289975652338434
-7.2234412908575685 -1.1387033304078535
-6.5592672914379975 0.1276477424293141
-7.673029354156018 1.3490571529550088
2.4635960530419787 -4.474930663875574
-3.3375217506107795 7.168374060146679
-1.6392669278391203 9.304780102167001
4.950093177658548 -9.94739426238864
-2.6928944196828297 -7.790543842491855
9.360031780484018 8.052856714346724
8.558314790366946 -8.177017638057187
-7.474238110579867 7.424520541366842
0.8400697097666061 -1.2546696184332582
6.315501943619065 -6.142962268432952
-1.2741183110907315 -5.70803053704767
-8.248507302899572 5.6761104086019785
-4.9152037303271845 -6.04960467941212
9.476927688596383 8.564507296859041
8.422604632889811 8.04435007943583
-6.174159495128135 2.1186611089948837
-4.402803342909509 -2.4865986795285044
2.8181249474063303 8.861281310808675
3.723871030869553 3.3176381442235243
4.640616884210296 -6.073720410871557
8.612447026615683 2.7234455851950745
-2.8715172566133162 6.109458310011274
-4.601961046083478 4.540711159096206
-4.214198042564541 0.34308469913058026
-9.143662407496064 -9.845395080338285
-9.32778438241003 -0.3117951557783183
9.309837703243847 7.323750084753776
3.7897378057344504 -5.150393994615015
6.5138649451664214 1.7516550740519214
-1.0471589475755714 -4.558624791180952
-9.558600757164768 -4.912211123865986
8.72507821532087 7.177399488762777
-1.367843460144325 2.5753218733693988
3.8439651087451985 6.973109496970171
-8.029671043861272 -1.0747596490276283
-8.055856256256694 3.514010084939155
-0.39761786214442374 5.854583924951315
-8.818952773536122 1.4385554939266143
-1.3955964436472144 -6.688233920271138
8.269458916676392 7.8890692200290715
-8.470549990120904 8.588481453237979
-6.138077280785694 -0.9416359290072442
7.778795010645197 -8.466058309719704
-0.7348730641591956 7.162665801314741
3.5011934167249024 -4.516522925289248
-1.5865024617160195 -3.0925076180893374
-7.945506974686792 -6.743160027752029
9.350245980368168 -6.5823393527437535
-1.1173161156962763 4.861086934347242
1.1326776348384193 8.092286667722387
0.8224628777231562 0.49607230343397823
-1.6976211229007312 -2.141051929954294
1.7424706768548308 -9.92820660880233
6.099948449119971 0.48642893473837034
3.92615945166372 -8.732529180609067
-9.703312032006712 6.633178019027859
-1.5428586698863977 -9.597102622069823
-6.676334120573708 9.26886716443072
8.921606518567874 -1.6483104063981528
-7.200816734087859 5.546577199087196
-8.839516924406905 0.4416642960244932
1.1530680589207893 7.494051022318764
6.249828222711326 -5.37958276321371
8.7650172405116 0.3016424622798617
-3.268720434933556 -3.332461442656653
-4.387264552752543 -7.585458590890715
-0.04175492989100604 6.386560879532471
-1.292062393881718 6.676243751564982
-6.811967741662508 -7.212621174502171
-7.298519384837602 4.129403196013699
-7.29449943087319 8.489248885515849
-0.8560667209434669 -1.650343905773708
6.133724994534909 -1.6651778580048742
3.2172514138569746 1.485188799352052
3.1565421553729216 -2.992837788973837
2.527841042507264 7.856243845714289
-5.257534596984524 9.188903908737057
4.3636506429464195 3.211267462660336
-5.3528170306523055 -0.6873391682293359
3.4642671654867208 -4.042396734160347
-8.350888220420092 -1.4383544285105572
2300
2.6289387198630294 0.3872018239093826
-6.31566831346642 -2.5571773957641035
-9.891265041203283 -4.08388920879756
5.926661174079621 -0.3521588057588172
-1.3405550599267215 -6.873621736209278
-9.52851494658072 -0.7949757410316813
-9.593227061031637 -5.766392601270627
0.2346661837787316 -0.8936898417218302
7.279198491463362 -0.9824081903131248
-1.4041658555883245 0.434021127080797
7.45337953161464 -1.4225571591840094
-5.533284641277212 6.306022079122599
2.233800500132501 4.32486731287452
-7.174978978850954 2.8844175854583867
-3.096936191896507 9.191437768510816
7.229249632908406 -3.101396542417991
-0.4166727273783959 7.070076484843909
-4.263193885960524 6.032637555712274
-0.9554451930050263 8.712319200414932
-1.2548096425930932 -5.0675136142577415
0.5351887976635616 4.749163668660163
-2.0531649506177363 -4.350872576538835
-9.374698599073737 5.0908228056275355
-3.3837547386272515 -6.241686579202089
8.63698942549459 -0.6963136630643518
0.368852017705958 6.930087320360201
4.628854595799336 1.3587907691924794
3.202672331391657 8.537973799806952
-5.09535284205273 5.218347674604711
-1.81359244790195 3.3233797127236038
-7.337021331269957 -2.5152332231019514
6.149310563168353 4.829947544353857
6.701281813035418 -4.67889525462917
-5.14779928190217 -5.998372773107523
-0.7347963841494867 -2.710994535265135
-0.5203118249473189 9.623321197858708
-5.4606260294309195 6.131911329791851
-4.865572017036364 -4.027205043549533
9.516687797836191 9.558099390488021
7.335304847481304 3.8120045963771947
-0.2967627130493682 2.733329581164181
1.4250337473118773 7.102016186646985
0.6635368438342581 4.974468254675738
-9.61477695022136 -5.13263097323303
-4.6432806545317895 6.634982306458262
1.5889472056680773 -4.231273763789119
-7.488986713656319 0.6656991386869713
5.020208780891551 4.436232267105492
8.330980044614556 3.443255262639637
7.159288767296605 3.425793937296799
9.768044878956303 5.069799527128415
-9.847003297697608 1.3861781858941349
4.861891441308753 0.09217739011089954
3.4734263144098243 -2.818741786763825
8.543948877082645 3.116556896210067
9.245456192653286 4.9091438833788
-3.3089945157509355 -6.115184889555603
9.742940235619422 4.40337627775647
1.7167898158270027 8.987020747974118
7.471481571504629 -1.935609147420255
7.75192036736976 -9.537857830627225
4.442053598114928 -2.9585747711656207
-0.6338319778299901 -0.024997037264750332
-6.915488322153447 -4.067944462147938
8.383054587145583 -2.951891723968405
5.791893523669948 6.31986546785917
1.375609334562487 3.904226482126287
9.741834989791773 -3.29537122859975
-3.329982693165845 3.5051048793440565
-2.406214323510394 -0.3054906401112607
-6.272686557847187 -0.11861589385690152
0.43617608109793693 -1.876144097375521
1.8683337388848464 -5.320712521677424
0.8008463106535775 -8.006680876818258
-6.077001028505292 -1.4622207719069777
-6.571735965100061 -7.580623219195681
-4.102796051279611 -5.4518830508569955
6.155533010055159 -8.420589248332565
9.312366762259963 0.407904037073747
-8.062579090105672 -9.897527938922856
3.8257761594652813 -4.960811920287065
1.372389772848127 8.116784251023116
9.051059570438316 7.723590015052693
6.975713243720566 8.897000616517662
8.278233020084443 -9.865148019443243
9.02950506210091 -6.080422697605736
5.458922751543602 9.94820253049457
2.2952311683821556 4.745968825296753
5.34647929630432 -0.634414112493511
-7.414359909091881 2.8690088548628303
8.588953992714096 -8.603891646067133
3.1384094375581704 -0.5996127495524242
-2.5150335473443475 7.473492125511129
4.434872783659753 2.2028883153852323
-4.742069333534449 1.6112713333236535
2.905628397367366 1.7159835234816185
3.4621352443208906 3.8829515049279415
-6.620375409165431 0.9936153450524987
-6.622761881261756 7.58821416072713
4.0070937421002935 9.41387479806886
-3.207889145230065 2.4648575981387744
-4.92687596007241 5.5572654323207065
-1.67795037782267 0.5557820572726424
9.647466524233522 -1.9005258801897682
1.458043318903579 0.7058659126196964
1.9602740017897453 -5.25959874586333
-0.020412279135848976 0.18561954935367808
1.1996705374761678 9.54277966661078
-8.93968538306443 4.921183489232401
9.890307609527799 -7.50873819904341
-7.153055360284267 -4.020885241236318
-5.699719896940056 9.431999577739386
1.3473631951498177 3.429838184126213
-9.767109614685666 -5.963846941024569
2.056306757413296 -3.9585403372708488
3.4842110517033795 -0.1604971865839282
4.9144631037016655 -1.6573626952811953
0.44813349592267926 -9.619563658217533
-8.547367516436449 -3.5180594671519128
-5.127490837954074 -2.352811949494223
-7.026230470871562 1.232383460087707
-2.8951607739225915 7.600447422503706
9.654095591395677 -0.9231203234905507
-4.68006945142684 -3.4475339648422754
8.185214251442474 -5.665018451417103
-7.95740503103932 0.48932367988114933
-5.75776138064128 2.977642574599548
1.6888402657872454 4.120710600758123
4.968948181294536 -4.035811554958775
-1.1609459364166437 -3.843568530934826
-1.6469928884960758 6.063733127856949
4.966825419221896 4.9807796516675715
-0.9957968414480547 -5.292806549913307
-0.3702292988181739 -7.2839186148388695
2.0620302254899556 6.241928318339568
-3.7515795883620147 -2.724769609800701
-6.283911916815271 -7.105625729832338
9.121012849117008 -6.231968996656025
-5.55066454705452 -5.622833822350399
5.139230886720348 2.0301476935039826
6.070641839771788 1.704164653907565
-6.689689311742857 9.117935661486413
-9.444580973690606 9.085080782265763
4.068227837657103 6.052258325117027
9.945225955039845 3.360630920719803
4.714076581011792 -4.850157870996965
-5.015405155469135 8.128037858834883
2.4371858672740654 8.288425379525858
9.822344291125052 -6.1293492704895485
3.200320074009099 -4.637064877971929
-0.05252924668538661 -6.8386146334123605
-3.4933485970946787 -6.965093633265072
6.863301058805003 1.5263849385177686
7.107045988170569 3.903869695144394
-4.454626710646064 -3.5492615392498
-5.944215177171117 -6.508866612561269
-0.6086751989148773 -2.464010493763798
-7.924501499526199 -0.07374355275943856
7.674834648037859 3.139252790131458
-7.122270419362245 7.699766844759278
0.091428563819143 2.3776872895413614
-9.083885668119457 9.009651629347054
6.336295970222739 0.9574654665637361
4.646149531709558 5.698153613935421
-4.055092795548618 -6.433137680070713
-9.815254883745734 2.340651115752941
8.249781395726277 -1.0901541635269236
-5.232338499584559 -6.375682477051017
-4.739072283159837 0.6526785042604466
7.659788234042612 2.9345227900642623
6.717863798356397 5.276162058425701
-2.20937019147585 -3.3746251436378376
2.192772228960644 -1.4603150522903405
3.163779527323589 8.006872713726363
2.0753571967699926 4.284689415414828
4.724605946490632 -1.0006545898765218
-0.06297761657943113 9.364100918941979
1.7349995211712894 -6.360099182234764
-5.7870502085855335 7.793398622002428
5.681314673295521 -7.729013006056233
-8.271376715931476 8.932198377722077
4.315780810948965 3.611690166067106
-2.3652421980603773 -6.710964562030908
-9.032830983609703 2.3595249550413904
0.006437474022270351 -5.7056478212134
-8.851359653588847 3.0545055479453502
2.472440392197093 -9.940301775106812
0.8525895322511889 -5.954466110425742
-1.1958095519928378 9.74910688219883
2.915949452642593 5.551652533555524
8.996263508552325 -3.3603944785175326
-9.19165924815978 9.2464021037936
-5.481981759937051 -1.4319958443165248
-1.080160169584481 -0.7496187432147217
8.188119010703502 -0.05538325937234312
-4.050401921270403 9.04296192421264
6.025512791274142 1.4404929816866545
-0.535946705185566 5.9337121636155175
-7.923164329663848 1.5025764650355526
-7.440532513658969 0.7578904068405041
4.300614962595295 -4.699476740841213
7.4514859938390785 -9.487132504893822
7.216590603960114 8.271823822806976
6.770746961558515 5.4815509889441945
3.2517087807693184 -3.7105259934783774
-2.384360496275029 3.825202425593506
9.232372462399493 -9.222638408385402
9.457716790564604 -4.28894920771917
-1.0988276606386211 6.505648469663608
6.551571595451694 3.630819179572324
-2.404950965010877 -5.856195621323865
-0.766086023598529 -5.67380913098707
8.730552415269724 9.679663190400134
-6.515757747217277 8.66109571185913
7.784577650165026 6.206546596341127
-5.445607480441619 -3.7136351513775567
-2.093441385045316 -3.351034240875914
5.302485562672359 6.434337126846717
3.139251558817177 -0.4336425302638851
7.9822827571447235 -9.99739229141647
-0.7789694812449355 5.8455404865461915
-5.655771394560878 9.404486171585265
-9.409154144999397 5.513618861464021
-3.799708351413196 5.5309628304984955
6.307519918438658 1.9026251815538089
-1.1384838164036601 9.441314094655159
-8.723484934640968 5.112669620654067
5.2830559766371366 -1.6662078021357036
5.645198092942296 5.007852620402176
7.832615221072011 -3.8261799166994104
-7.306641654775388 0.1530499427107994
8.633503654381755 -5.63848563641804
-9.341788545251003 -9.797777979555013
-4.77701049625245 1.64165167320661
-6.853950859597271 -4.500097915071546
-6.208733123121966 -1.3852627475646262
-9.90588273135528 1.9417845276614276
1.3340164545247095 2.2351438820441327
8.05489029759357 9.631726453957825
-9.825673187410683 -8.058823392617525
6.836277516484422 4.075647100674821
9.911045068324878 -4.410914179947147
-2.2534349099143984 -1.5177381735701516
6.585132243275325 7.312055002693022
-8.025405249951973 -1.9454433626191907
8.930325274478605 0.7237675880729668
6.8138020591184585 9.562474400729712
1.0454071347269647 3.97866392658681
-0.9637874491159533 2.700860922401384
5.181071015026518 7.240070301501589
-2.296756574893964 -3.6616388977709864
3.475158468536092 -0.5704799484671561
-4.592487939229226 -1.0409248484724998
8.694115949755876 -4.381147823833899
-8.467296796626531 7.503133135837725
7.032179160712996 5.733619290670298
-8.370889076057486 -6.024708844668847
9.163760928767232 -5.53050120597079
-9.666618257760554 7.939804807507159
6.518420820213624 -4.811563362925318
-7.7408542520270585 6.081821709303586
-5.109076292931968 8.686302119974563
9.116066534489683 -4.323619083225783
-1.2332968025228563 7.672125656285111
-5.663094341530439 -1.103223247405312
8.434586173764252 -0.10622738436969748
1.872650257471438 -4.371423534267615
7.226777745160753 2.635768054445224
-9.974679218473018 -6.078624904105228
-2.39882597621607 6.258492813429669
1.5858214414852831 -0.962030198583264
-4.793022321956464 4.209082653959232
1.6420645236191778 3.552244803497601
1.92216005081222 -2.0516942868743175
6.9654226669779575 -4.399181345881617
-5.419702039630416 7.429077172805563
4.572671682123557 -7.519932063270016
-2.62038334651979 9.894429806930937
0.9251358650142194 6.012500516870048
8.44219907766853 0.4605969261072378
-9.156954534721343 9.935788791897583
0.8928365786041716 0.4728561462098533
3.0754599224333887 -0.30569193457080246
8.753316987238634 5.038150382662224
3.9681523447134666 -4.647342180809122
-5.807077400909131 -1.631422060125935
-3.756871374120969 -6.404532345313663
-7.938839550264807 8.177488238235746
3.4821617446167643 3.1267899966701567
2.6861951773920865 -3.402178119174078
0.0939504869867882 2.9257455724882
-5.498898352079189 -6.351242685102454
-2.7386714303636612 9.559359678978158
6.72772429152478 9.526024868541196
7.034476491892619 8.942000763199374
1.4501480289358746 2.4418651679142904
5.51973384602082 -3.6217568136729605
-7.389651531892733 8.779624478230897
7.721139878731069 -5.600843039190282
3.8621907590298914 8.929428862269916
2.0037573305958105 -4.9706272407539025
-9.41624668391466 -3.106868623777097
5.303199087157928 7.132736766203632
1.786146193605509 -0.5742488746826488
5.4264605183234575 -0.5527910163919323
4.146121473497516 -5.734108862247053
-4.833223468004208 -0.15392788173700112
-3.123268976523401 1.9795958087320926
7.029267682904408 -3.955148086414628
7.933364865940991 5.893649965749406
-1.38498394073763 8.623888416198994
-6.314209180804715 -1.6991910294599588
4.226411515262177 -4.343872084667087
-7.560226836027981 3.761679637509145
1.37398694718771 -0.3092342276253959
-2.2924648779630434 8.537695046963911
1.0893848874786993 4.607427320124787
0.830661456011816 -1.0710920455286015
-2.6726821521281323 7.257753684818752
-1.1769445318802099 8.717540529045092
5.1236269805884564 -6.603756330229695
-7.990366098728405 6.6534342617255575
-7.314834935994316 1.8304595193200193
-8.406924089862438 -5.961433528386864
6.875984522574324 -9.95804644127708
8.866140257039582 5.379908505341469
-5.150350621559134 -3.86731370085037
-4.1054534576704 8.166799448727527
9.59764574310315 -7.710165373380269
9.089318720306146 6.4550855695952585
2.2243076834163684 -6.369746316010785
5.430677476412244 8.234113066150762
-4.344762270580727 2.6645051530139092
-0.4730651218498476 8.919270271672673
8.192630967535916 8.450097164587003
8.773838380572961 2.756136721579704
9.478562373509767 6.446561787960299
2.521176177917736 -5.963301868316366
-6.652934121119922 6.259664654882563
7.328272668192234 6.1872724850049785
1.7079041170562128 7.358405403420026
-8.28684925649544 -8.668118243109342
-7.985839720090038 2.960727898869715
-7.766040133317076 5.591360234400364
5.222429662273678 0.4907084032078064
-9.65775340423049 -7.39043525573077
8.311514316320089 -2.5983582838130737
-2.1106480021037255 -3.425566551823973
9.401772714190152 -8.132198722973524
8.352597268914579 -5.071371620985752
-7.285504312006998 -8.940660247826848
-0.4758004009003969 8.764631189281758
4.9008344806812545 -4.117940881106548
-3.0903810410063937 -1.3703427649324578
-4.344822530551493 0.05862435861864412
-6.422181398296251 7.24143499451494
-9.369274424427678 7.678305899172052
-2.8550224762030263 -1.9302864538785425
-9.511828822177847 3.7615929093113376
-7.582481260879392 6.7192313706643105
-8.773860316201507 9.955869520302624
0.37999587909004084 -1.3372394721355292
-7.556235862345626 1.2874764582412013
-3.023773745484231 9.346797544042037
-8.52169255555929 -6.962977175120324
-1.1191306362171396 -3.5702889225206764
1.5818617133034163 5.499582382473777
-4.08965689622425 -5.1612834495857935
-2.84888803711479 -7.166712093110304
0.1112590491180967 -9.344747871531007
9.386865028914443 6.0997670205848245
-8.803721764594245 8.177664322946768
2.1380239233001817 -2.929588921430333
-5.40291309473594 -6.710202287472882
0.6963996950352858 -2.2401900990312207
-2.0907752351283797 -4.447828939105736
-8.972162108930547 -9.846643102656587
-6.334379228452416 -8.0783715417392
-9.196341317049395 -2.8091358165102758
6.666844085116654 4.944940441765356
-0.7791006832745282 3.9376516320550774
-4.928474310767747 2.360373882683838
2.194557856094983 -6.419188921441801
-0.8978302640643214 8.495016051064951
2.828730811569267 -3.211922519873804
-5.590415805607776 1.8974593212397366
-7.615752361140471 -6.501048389778827
-6.146658903542841 -1.000048892028559
3.939951220018161 3.073381674253479
-8.62283460762355 1.9413939033893506
-8.851459029436059 6.148925443179685
4.682450216994065 -9.632610947586123
9.448492001788985 -4.711448235980069
-1.9827480394511525 9.930945895636096
-6.494668238386616 -6.2312246781578455
-4.750704315297569 4.03381200389312
9.599408108104758 2.6463161939771247
-1.4277620534836153 5.499842593465022
-4.503366155246731 2.118835401575316
-6.9347369178234946 -0.40887927278432556
0.12169885979661466 -5.327016773951629
-0.6301581386215851 -1.1924257027544236
6.324280256965697 -6.3240475927044475
-2.618262021929869 3.7776009891016784
-2.8091781424559574 -3.0810857064499064
1.4086934338604777 1.2177638777031508
-6.527987895758736 -5.935197611058292
-8.921822223477232 -4.471719208373259
-7.154870814853396 8.796489190168632
-4.473563090864465 0.11717724770849003
-2.7398029290099064 6.343274738962741
-1.4602273149552332 1.4519294976500632
-4.687556483939106 2.6078885530065765
-7.114678236582885 -5.352340962894953
-7.028457469538305 9.985449519974306
4.386477387537408 -7.59825165352763
-0.20284330196788503 -5.585187427850946
-9.666652062972984 9.47058688184245
-1.684786496922733 -8.932806497403597
-1.5378378975886609 1.9015069248674692
7.127551153913355 -9.221395917410788
-4.459450387180408 7.576130899275391
-0.6803581856414311 -1.307085162285233
7.6146588501282295 -1.4309989039005817
1.8569878953420762 1.5900872152320495
-2.6684124556821986 7.789996638208283
-9.031369910624381 -1.5578074652778326
1.6297307207078777 -6.310334041177921
3.0482683278859746 4.763628585214143
-8.061667275298044 1.882255709222738
-4.898072031297806 4.999828561836788
-8.558669693365042 -9.722609400779778
-4.941830407367263 -5.052514618871551
9.167852018196502 1.5866785781374801
-5.860483914073655 5.935916483069761
-9.910702842578264 -8.415004531022001
0.2142151466488169 6.770195020532064
-3.0241144985035167 8.209316937395208
-0.841156685256653 9.846417539178528
-3.454624035734648 7.740706631739119
-0.03379405403866187 -5.379895239170567
5.841104714467511 -1.1147607961239245
4.76867975070471 0.41203193288869144
1.3341857163540993 2.8701615372273324
1.5214141523155043 -7.4137973658453715
0.877569956527477 -4.640153562463718
8.449387224923186 9.132783464468773
-1.6813512818525354 6.094429381486528
5.383718604529841 -7.566596784683961
6.570003789006492 -8.439384364791396
8.19817230448201 9.409388132401752
-4.605346206426417 -6.309290948407171
-3.4618866289885037 -1.0727001087454973
-9.224250480178695 -1.365227114452754
-8.713358784090246 -9.292663331119616
3.079141258512177 -2.9824252656340144
7.827878812448628 5.752677356270759
5.5455343381039075 8.27741027980041
6.065395317483688 -7.128704101038017
1.2444545107450367 9.578872239712357
-4.314127556500377 9.076319227450274
4.657480078237128 -8.765264928686312
1.7274546668325836 8.033193640008399
-7.201812259728393 0.4295490918221958
-7.142461559235345 8.012942273797602
-1.006453927852963 -6.846338356824524
1.7737593057739716 -4.386896209329796
7.024518579101475 6.6912926087635825
-2.6936760139023814 9.5945152609147
-3.8531333706688624 0.7144196285370246
-9.824800546398729 0.35658193881389266
-2.1017618691202067 -5.932141026025935
-8.677208080280492 -3.230112777408001
7.484176021242472 3.906419250751558
-5.037524851445867 -8.609725862603545
-1.4913623562003373 8.063137089154122
-4.4710531239888995 -1.096455014930111
9.082789906829955 -1.2868626536684342
4.697238520341255 2.840001339377409
1.6964722733462612 -2.8017283662996473
-7.571485428264186 -6.660640657823597
-5.344722062673723 4.244154948434584
7.8722684686858955 -0.3999360937508065
-7.584935694311761 2.4225391417499242
6.667360274556017 4.742664456777453
-6.398452788699278 -4.170763152970975
1.8089992390534597 -5.72561565926248
-0.5232896950822958 -3.8502504642514506
1.80898564738186 -1.638807497846118
6.893201371885237 5.510871932007827
-0.4399105584306824 -4.953345140524479
-2.6496310030328063 1.4927728938525533
-3.2382077554852167 7.2643420000647865
5.905593740595458 7.260441339879904
1.6167492283621634 5.039979616939075
2.5786203515188326 -2.6467800448864054
-1.1049748497211702 -0.2638104342083025
-3.979691939799743 6.241474212117179
1.5066912463308295 -5.199388296544374
-2.01799159727583 2.3812830266389255
-0.6894931072762844 3.7097646946864096
-6.793996749905766 -0.00948197406055229
4.661175677788268 0.8679784485950357
-8.065707970662562 -6.298616181290084
9.266351066646934 -5.571142085756824
2.245053784904771 -9.07750516964426
-6.769751070933356 9.760512018570363
-0.9490206660691989 -3.747633043775096
9.49444492294256 -8.05121686061419
1.380856255350377 -2.2035456144009764
2.602881523814256 -4.601139563417611
-4.850919956655391 5.522230132042074
7.001375252826854 -8.00392090917368
-0.15560616602084565 -0.05908946608225207
-0.7821875039565267 -4.077042212025386
9.323411554026578 4.439004355382345
9.68200108848771 3.519355127530247
-7.657206680467175 7.659757038970209
-0.026946631178912384 -8.353291596334373
-9.527325158929472 -9.62354176689582
0.021294440137509696 -4.6886697609982235
9.746672060638012 -8.165770178319288
0.6080698780829596 3.661833696117938
0.363071720295828 5.275982537191602
7.637071468685992 7.478126483700066
-9.3904226343773 5.480305630522274
-0.6177494362649725 4.187778593306124
5.906997954437269 6.531406081453884
-1.2108210757703155 8.733458333144707
0.5102354431317462 -1.4194039897920874
-2.842437786303167 7.407209847485262
1.6031676589329251 7.137297302003052
-1.165308968201062 -7.405082773872744
8.991750932897443 -7.16653277181083
-7.489206365107421 -2.817123048117778
-8.065975314895047 5.1385182128870746
3.7210568259691 9.84106610930439
-4.272028969127593 -8.591625917044203
9.217961261623678 -4.211101988190007
0.4984303945485795 -9.496119209684533
7.1297232590539465 7.8066832406268105
-9.840287168656088 -1.3358106308621647
-8.868434713256804 6.021921187525603
-6.823781122341597 -7.216469473791401
1.6130176152272782 1.3075205533005079
-2.7848990865223495 9.491119634546344
2.922166755010643 -0.24619784397932598
2.159375994457026 -2.723215915469699
8.639060041390834 9.432584831572811
7.971060457912639 -1.903760348135794
-1.3138819479141937 6.373267654090814
-3.1497868599281915 8.112282326249652
-8.405219516988858 9.107867605603744
8.301303221772294 -2.9874732052974906
9.918505444254045 -0.6392555231465185
4.844395431668506 -6.843567755970068
-2.1323325627778704 2.8237600610958946
-2.8687485642732753 4.236311783513507
-6.828394317087774 -1.1002847188481084
1.4464634314427727 -9.792885387076531
-7.024923319706325 1.5467510096335637
5.940398823649817 7.948675699834116
1.5520514017471587 0.37180283298623884
-5.2191230309929555 -0.6260937651640486
-0.8225064796454529 -4.20719381146945
5.587842243334261 -7.603420140846131
-6.14704093818874 -9.737341561072345
0.10268543405597086 -3.313211250519119
-0.7806295389620743 3.3497213465004876
-4.216754890722454 1.2231177470332
-9.86887913684754 -2.9064056047865128
8.038859757859775 4.8456984814055275
8.762484996450763 7.497527481856288
2.9773169238327455 4.35902970552732
4.764744015331834 8.273425376087943
-5.9441567787777005 -0.9458265348569803
-7.661018218563818 -3.240253786795475
-2.9727004732764577 1.7063804987942515
2.171007808812801 -0.29900606069872815
1.9276057855349649 -0.3273630169370385
-1.0711677852608403 5.788351881037494
3.91952063342924 -3.6946609533259744
2.33371816120499 8.127712271631843
-6.506436908539792 9.639068997746435
-1.7626519856533402 9.311877711198054
-9.174770256165768 -7.999471173487301
0.9857368922259688 4.811945165208883
-1.8659611633722193 6.517949072692268
-6.62259497121251 8.567435928614689
0.000718672593142955 -9.034097524416316
-3.874552417392647 0.4849116023448481
-5.79224821599275 6.808994418776141
-3.8703746294337833 0.08740581286137683
7.645463995959794 8.095332567800511
-9.274146732840371 6.025967130165121
-2.403330473848875 -9.779954555242934
1.4913652937310786 5.7011413606163295
1.544256839137038 0.33000225969104946
3.127559456956808 2.6274749766824925
-1.5973457454456081 3.215789220422412
3.839819862460125 5.761615091689453
8.30854732455186 5.865644541213728
-5.771187940670095 -2.2305156837550655
0.9865744877662443 -4.193132795590064
7.695414510091947 5.838410553888881
-4.01790853528587 -3.3855495898435812
0.4559578991176849 -7.274498171730592
-1.019665216829015 -1.7631752781209347
-7.580059583066438 9.876747231347423
-2.238587235958458 -4.233156456019682
2.519264314134828 9.70507280621047
-0.14836743204584835 -5.137349543975489
0.4729744694953002 -9.449366887386034
5.698971672311499 7.144076702308201
-2.3020508617427637 -2.6446292691234152
-7.923679370400594 9.613931095527363
6.084242569710515 1.7007981681945559
9.940128063528839 4.156034474297805
-5.939101775935693 0.07109121186958589
5.1732677164281675 -7.591686607958266
-3.816553139233994 3.0400444532884414
7.660444682509553 1.5281019753639153
-7.033956866314901 7.3359527808720415
6.767286572154969 -7.646793953346142
9.030050763374309 -6.553055824108216
-0.6478648276996388 1.459821369112813
0.0897252659077985 1.699283118097032
9.641053607869331 3.5071258569472423
-9.834321329794044 -4.247692665887833
8.952853400769122 -7.26934816550666
8.015884777183786 4.335065509623776
1.0009267464263853 -5.087463561501857
3.376737275969333 2.707671119906438
4.9836783147203505 -1.9381521433886242
-7.180579489044517 4.35148111767152
-2.8908962918982812 3.1521020911798843
3.3478140924128788 2.886076482945672
8.472501214867346 -1.9648676331151158
-5.788460243267615 -1.417097805355409
5.154166300019918 1.8026794763512832
0.31173937712749833 9.341042650259304
-4.91364330474553 1.219402800164847
4.888652519275032 0.9653464847802624
-7.305191275789717 -3.669848408707212
-8.761517822995428 -9.962139285480564
-5.4066836122077415 8.965947510403467
-9.647973450452223 5.718300069365226
-6.995046780867218 3.604480526505313
-6.251052416447191 0.06023127587117827
-8.262222803273112 0.5806859813157637
8.394269778132294 -2.4866728958776196
7.088647122965462 -5.565078971444512
-4.878666755473519 8.841133752191816
-6.74353328245809 2.5874850054115726
2.3867130359589908 1.4500148507455624
-8.266529809837827 -2.4566442070621726
-1.0346420591646481 -2.0336901431554573
2.652555999472897 -3.242342493083658
0.7132206538452763 -7.577577825451134
-8.687246541870351 -3.5844975345669194
-4.220708589222002 -5.032941803179122
2.3096283823267516 -5.7079523040648406
1.5148889658528724 -8.227047580916519
8.992477070423188 -1.722120548003696
3.656884447752663 -5.825334940147617
1.3303151204352943 1.7713491526290355
3.6048095422753264 4.889001319511907
-7.567596413081638 -3.000827848862519
6.762662377813381 -5.62038459556935
3.2996780962210934 0.9790802907145064
-8.614227618145415 -5.717587794965033
-1.5034454730150877 7.748610735242973
4.002363882635056 -2.6020867420369793
-2.7882595135678123 0.16165163490583012
-0.7876121127212876 -3.3731124333621088
9.949191108168154 -2.7198381102119207
-9.158594771188904 5.821146099040259
-0.01707370730562552 -7.555005516148907
1.3859401648992247 4.695964631633537
6.30052434293129 8.509271111744894
1.4674622121557022 -8.825719754999557
-6.568743835591153 -4.282776879338135
4.475303103313413 5.378290774591928
1.1989865099004646 3.6182834820959098
0.3118065844363844 -3.4579006150795326
-5.441436011700159 2.4397346878013355
7.617001124583592 -6.323233469362142
6.196500937955015 -7.270544172596121
6.077720906130494 -8.684657270440244
-4.871896484240312 -0.1706130712298055
8.668884982611896 7.980374252322807
-3.2123739551782826 -5.629957595731785
-4.840203407932247 -6.580192629970217
1.0197349057468923 3.6520617778327935
-9.535589642583815 3.3240804406927325
8.326337554114907 0.9605906611935779
1.9049672900693597 -0.3021343272256587
-2.5780106096554434 -9.203327555094118
4.881966752505209 -1.194476218054838
8.825375723596192 -0.9865843726646499
7.295650396693066 9.25860522124026
-9.132805269683384 -8.33764194089072
-5.949477200484379 -9.385919898550217
-5.003305477649569 5.167318645639652
-1.223843640832957 -3.9569047633902503
-9.292078257510587 -2.8471833211255815
-2.252680804349847 5.881461691142498
3.6305858064346204 -0.7896463066314432
-3.5128649314670124 3.998366827022899
4.0118645814702365 7.694364739728428
3.21829533916115 -1.6204799841781465
-2.1577539102226373 3.469877531397998
8.08325036885082 7.707952232685585
2.0362427848297937 4.222522944848503
-4.896219373112896 0.20620567328095518
-0.523861343659453 1.0317837662322802
-4.0192414303842945 -5.48487463333442
9.527529825583386 7.880560288732244
1.4219294469414283 9.731448994003337
2.07813148412205 5.914442080766399
-0.9092000791018968 -5.495581002721542
2.227987584427316 3.9473031433464136
6.153981062622442 -6.089451163866688
-5.815465307872003 -0.08357101859424176
9.807477418875106 -4.56132446666712
0.014899766665374514 5.359528946911656
-9.583554265364844 -9.097397707462981
0.14074107242954526 -1.531398310368079
1.6624877141718493 -4.1158399458677675
-7.725038000760969 -2.3788608071857853
0.8282724458910025 -8.324346529101817
6.126804868047241 -3.8147150468054374
5.228770797598161 4.08145498685438
8.273510545432082 1.001947485721388
-6.792108157290253 5.683764454338986
4.246428110167146 -6.234335993355731
7.645458717810914 0.10524588980598004
1.6204838005859585 8.875324308297788
-4.765875631546461 -1.7746577987360457
7.700276628904071 6.441561153439807
-2.632822026973349 -0.045088499827308226
6.656068355155448 7.434218069020243
5.452383612580309 -8.787467502341482
-1.1657102394643601 -1.6206391399600317
-7.273672688825988 -9.319415234267005
5.535054368967218 5.910155823607457
6.108965010995526 6.039336534120736
-1.9762448823387757 -5.522831253138055
-8.381610920369864 2.2151443243473103
3.421866095347319 -5.161197251386518
8.737853763134481 -1.50765748953906
-9.093797688375213 1.3080227237751494
1.9256110782008875 2.889908545350435
-6.622875889530555 -9.133529807584239
-2.847572947100126 5.655883673740313
6.117800368292606 9.19431415235772
2.2886483325845397 6.115367175127371
0.748682530435218 8.9705980822248
4.1823274398821155 -3.947803061728692
0.07820564249254502 9.77293991322917
3.4236275627164243 2.9975127890270503
5.2392775824865865 -3.2454275498492695
-9.246291967652207 -0.782845305575341
0.6297148646125166 -1.5630681170857272
6.195581544154869 4.261519602499245
-9.08361345816655 7.0183215448020775
5.728169541905864 -1.5255739916959712
3.555031046363659 -5.480595308846359
-4.30907559802403 2.886877131337064
1.267080459890746 -4.862304858596154
3.906566603107141 -1.0001472851498328
-9.337870547413853 -7.0527147006154784
-3.5425210524767365 -9.591820288393416
-0.7452564211815513 -9.392722441194332
6.166145826820845 -7.749706492936914
-5.340944769925738 -2.519149816628814
-2.174789077066322 -1.3308025583943444
3.970095690393819 4.097286066228218
6.238159004274891 -4.928283736085389
-8.956713169450317 3.7223475604757432
-2.2504003516088016 -9.077581361754099
-1.5263544077009037 -0.03012975378941185
-0.9391006738246244 1.2663426349312452
5.69897634572772 -1.9254131454707633
-3.8363666559437704 7.006604931517309
-4.097700515090004 -6.051141846788752
1.0739723985626366 -2.2122563247868214
1.920912668265565 -4.034885093956591
-5.128354950110527 9.642888373236062
4.907694907220106 -6.867930333232928
2.4493292938814335 -5.6121585965934395
-5.036750390043208 9.963168737168584
-5.909033465685686 -2.944906837494945
0.6171170778200512 -2.9839203785124235
8.790165649634268 -1.5882127776951478
4.728164775952898 -1.776508856207732
1.0242137323589855 9.436109841726996
-7.971022777793378 -8.095113024229095
7.479814440900675 7.840646926706501
2.911947914204516 -0.5621630993268276
9.54563017911805 -3.8225020076895806
-2.0602700478441687 -2.107023640277321
1.2027043685863976 -3.079316221404749
1.6252752421046885 -1.0237766785925135
-6.865362862816021 8.809087218401213
-5.878117758496728 -1.533375897314972
2.3733955193676195 -3.1806269467646935
-7.620047909665653 5.117311653221135
7.590603411655255 -1.5539378877780194
-7.3638059651482095 -5.3018158010745235
6.3780000305642055 2.7965940813976324
-2.748493601985313 -9.886649152773511
-8.583708464089117 7.389735225753569
7.924408003853991 4.399807355034435
-3.6707374361145018 -1.494953028845476
9.482779640471577 -2.7269918651877774
-6.209657886671332 3.261238543182291
-3.4830159289700617 -3.649181282032627
8.526989906506703 -5.4010942122694665
4.718050522705429 5.8230611379123225
-2.5481291733269096 8.300332326658697
7.957083286737525 7.929519412744096
-2.1062209268750003 -4.933132934507249
-4.642762028925436 -7.7563276016270954
2.120851289509787 -5.2029766607966055
6.74104453625414 2.007837997560671
-0.98262981155926 7.606020067695539
-4.965732267816605 -8.706059509631466
1.057871883711277 5.919949917947081
-9.972121559697033 -3.9171578960315863
-6.676008591393772 3.4169413319946536
7.3657847035627775 9.584734443656252
4.367480724972367 -4.257624928218893
6.543543018966659 -4.3760558965947265
-5.295104030537312 -5.405301184311677
3.257386533756364 -3.4433746876037263
-5.316146272622843 9.392104849296725
2.4052139925317313 -3.6299494104564385
1.680950531314691 -5.621590636892644
-4.387156249929333 -8.300010779040123
5.509337863041923 -8.609804247573523
6.595806681778619 0.9835382951165279
-0.8382295878580841 9.174644507978869
3.096547315388536 -0.26044017617515003
7.5904025169365354 1.8017062358400722
-9.402286195303605 -1.0939549788978837
-8.027306947495084 8.094324944668745
2.931531192455658 -5.217728401719013
-9.170395199322039 -3.8959288565819605
-3.3110942865153774 -8.13437225464455
2.6445221348663583 -9.388606575068204
-2.9185421169372354 4.16960346115351
5.197861639734718 -4.455344607936079
1.2629180803265108 2.6721981978828246
8.226107966035684 -0.5185479429173885
6.959297283356026 -0.4524723069375156
-7.623246928773774 -8.970816010338115
-0.8260049192861381 2.986915525965191
3.064827664755718 -3.392329039560355
-0.8712290720995508 -1.0179440308207361
8.9390004260066 1.0304951022252045
-5.5405742113230705 7.050398020295045
1.2458011389666073 4.273366393959071
-4.594952069246134 3.335736468021997
5.628488470262781 -5.2921704589938035
4.273306755100283 -2.4503303332425297
-3.0989033539302424 1.7859738950149548
-3.951240697552736 -3.462541253154388
7.76607359379339 0.29067548431401313
6.618729748745139 -4.249370030688631
-9.931390632759394 8.849477508416339
-2.112044213068738 0.2525668508294405
-9.19074954492768 5.071436972122443
-7.2293613454649925 -4.452813076981272
-3.0370124963032 -6.59375553602233
9.309009260832532 -7.786181838681118
-0.3480666930185876 -4.331174066696548
-9.269944196240182 -1.0310119275519174
-2.746757669361706 5.751094104273825
0.24708179576434475 4.011160932878951
6.686634756067043 5.340370218131973
0.004167499344728043 8.522116156266822
0.5649521196686447 -9.793641070101655
7.889590824592329 -8.421095489587671
-0.8348702013134464 7.946036404453661
8.183052433018869 -0.4161061433975899
8.080135668907793 -9.026810305751187
6.127679636973948 2.288279029619675
0.10710319219518638 -1.4448299142038135
-3.2467202046687937 8.190123124524707
6.926227046333871 1.4625459527380187
0.2367866459648056 -3.9630138553252596
-0.6340113296391454 1.5521553412821003
-3.712894803757287 9.385006418868432
3.899398080687334 7.130964944913547
3.72501521772322 -4.520720687671349
5.482873214960744 -7.253011341218103
7.327261703278161 3.8761913338219856
-9.65723950296833 -8.050608434653457
-9.977394823714942 -5.13411009810989
4.058575637793172 3.3851520018243537
6.748515818413118 -8.761717694750544
9.564572719547847 -4.042567891399418
6.989496034990573 -6.631318199739447
-6.61796498970671 -4.008053039641091
5.651368540343524 2.7817231682720926
1.2133561556683077 -3.5453334563985983
-0.1448023070895097 -8.241866904058517
9.060502209700381 4.593136369358495
-8.023240594085072 0.9773926376712048
-3.251219755265195 5.113148864253041
-1.6017477509216977 4.263082866940994
-9.611925348761414 -1.1347283078651245
2.0825634591466695 1.4260800447608055
-5.697284495081291 -7.852153886016078
-6.564461428998438 4.301614948796287
-8.58934089946285 2.4177524686946867
3.54419825388155 -8.474942276538169
8.755337269890749 4.523418997212115
9.205658535737882 4.6602709227656565
8.061757320040979 -2.209995339419053
-1.189830628754251 -8.854521870428101
-5.084181760560873 6.260768599460423
-3.7379803456809624 -7.418692661263027
-5.9724287626802415 9.027048945631194
-2.334943761219588 7.151451391829614
-3.7891771547090114 1.605614622817562
-9.804817808486892 -8.2689564596214
1.7312588680268544 4.142456127054109
5.566026178169519 5.076498037911337
-7.010664075478578 4.053128708647456
0.29651182002673515 1.9259873756648744
7.012987658230301 4.209408188576953
-5.1363663234542845 -8.445658480624381
-7.816039749062272 6.196139214176458
6.542680507951108 3.3233167443402287
-5.7412144324723275 -5.787644933040759
-9.822939220339006 8.89506839807725
8.263875015950738 -4.642231039082452
4.651213327161088 -4.712783426470494
9.351008244538033 -1.593024028862903
-0.654659141030745 -4.420913150289689
1.9980337727386335 9.66888598223462
-0.2396362062178703 -8.928762773047831
-8.765480343496915 -0.1492672924280889
0.48967458134738173 4.272500711143781
4.301243095309754 -4.240482867251383
-7.580977379038762 -5.457533683546528
2.73523117433864 1.4612457215698775
4.983650962772373 -4.464561149013512
-6.775442554719849 9.089349631622799
2.417711546789123 -1.5933458343800115
-8.552395555626521 -8.391380349075098
-7.283638193369373 -3.4125997803769863
8.039715569560336 -4.205388290262131
4.02517106174102 4.08292203883464
1.910913791513856 8.990896484099487
-0.30311747518210375 -2.5112211659004373
-6.121345215370919 4.7071213968385095
-0.7782489969726054 -3.436826550593908
-2.258189572084543 -3.7284987533256935
-1.3401910377026365 3.6542801662934465
9.997045548412778 2.324474529485032
-5.8798709403655085 5.7649081782226475
-1.9921630300708504 -0.9362031919434948
-1.0932181290170853 2.2816271587333894
-3.2357144587423896 -8.838577651963293
-0.10881449446300451 -0.14830559681833044
-2.4038646430928523 -6.117508919923749
2.5240244897970143 6.5704678389558495
-1.7857995902226715 -1.5355802825128801
2.9645683230480984 6.3624216867493395
6.387982568853101 0.564229102683445
-8.73994244661041 -8.4042143494983
-9.320235961473005 -1.82355573759963
6.8770811777391145 0.00939936557352894
-7.431214193104836 1.2936199668225594
-8.946932130217016 3.434652015068526
-7.419099731628616 -3.0327529271034877
2.127863300907112 -8.358387138042007
-2.1672075649856604 -7.438734129389742
8.436757626613115 -5.021021906959639
9.956752420212844 -7.845128276854025
-6.598938218805756 3.9316790662945564
-0.4789581422750615 -3.8848699727880103
5.687620191763255 -3.9030099646678256
0.8688041627440928 -4.849331925177047
8.76178380166892 -8.98205900615822
9.862761999459167 -1.6948076925347966
7.135616539954814 -0.38896014862754136
-1.0321332516370045 9.13496515101943
-0.6033890893293066 6.58240729344136
-4.666451209957534 -3.9512043464250057
0.03604263028100796 -5.489857333079353
4.651380757274218 -8.462016317101487
-9.217029024570007 -7.88020015452346
-0.0009262704987040848 9.142906199410369
0.34936739559844376 7.174053765472376
-5.432602218817997 5.100110681260247
2.2539023348141622 7.465876549955734
4.51998599589 6.1045105903614925
-6.732272699042323 -4.546246127401039
9.800148632135294 -3.0327295995725905
-9.532177787177893 -7.568254463009092
6.051167662914587 -3.5904552105682574
2.7442982566356164 -1.6817149520509993
-4.310862056918731 2.9206958774492584
-3.6241670515124706 -7.543673924331909
9.181010327408895 2.7703553124014526
3.6225429878071225 0.7657962833922642
8.30362786730359 -3.523272307013386
5.039528072516735 -2.8238077897362572
-1.6763312384945586 0.12186956863500953
-6.724605199942324 3.317373981782959
-3.7462271481589955 -1.698163071951635
9.50133106766932 -4.608174259179121
5.603249145803344 -0.6914795801902223
0.606865325921472 -7.470378472391175
-2.7284621998927623 -2.133205572689185
-5.060573780942088 -5.474460119450491
4.280056889106172 -1.7782356788172926
-4.204824839475332 8.464082121403774
0.7613683472860622 1.6709342731738719
-2.5630172495086274 -2.5388490689199976
1.8689170893843645 2.698540190684435
-1.7003102354324007 8.61492077629072
7.831462785769755 -0.5287137091038581
4.618412846666375 -6.824923382167412
-8.615383560409136 -3.391905703375362
3.7965485708204625 -4.164846025288451
-8.546881676838442 -3.861472637066001
2.7963864751239615 7.046591985660125
8.763595425296579 1.0082855329118097
-4.696860426606612 -9.964247404169717
2.6999350390646235 -8.527520544692795
-8.150553163313441 0.003678127784159102
-5.431393012312458 3.842144405812469
-7.932757771749315 0.3037532918629626
-0.3333150477287621 -5.377095710729232
-9.125595208342803 2.388852948740894
-6.388724458684112 7.996614286044384
-4.825822116464835 -2.3526437774181126
-9.978690662102768 2.171507657217191
-4.1456842449191456 2.126433355319593
2.9354107825660307 8.567419244415838
1.265040487463553 -3.800449353777921
5.33443235090237 -8.3564538694426
5.330778518804632 3.7015438274704735
-5.223206741621111 1.3918450464762326
-3.2694068078545113 1.4473278540820331
-2.3381321861354287 -9.652653976425906
-2.710109661235542 -8.226438787441396
-2.390588357015928 0.33019729920967933
-4.355567850374067 -8.121014954051278
7.737350900865302 -0.5792189347959802
6.489941114386653 7.122658038426554
6.035635283479564 5.893225496915402
-5.490667359965649 2.691678287090909
-9.05597747061204 3.970064490735526
8.416529209972033 -2.0504975120974773
7.214155445661774 9.922613373766918
-1.2729819042933705 -5.762803580146003
-6.187370560614626 -2.4755742254978834
7.270044760792771 -6.054913655623089
-6.216660009187196 6.133201906956582
-4.947615184492271 8.891592342284593
-2.9580438248466905 7.2810290571466005
-5.444128399366759 -3.99834745788419
-2.905661326680864 -4.694269462136711
9.84527743486749 8.951826606986437
-5.507419007604113 -4.559579961436075
-9.73644386610899 -6.231879022204348
-7.459870167433371 5.111897558596802
3.251879428455686 4.98064001065654
8.713519180109358 4.744204628888276
-5.759601581789219 -1.0638406736382393
-7.649925047797352 5.841990240201005
-9.718646289534849 -5.758351070424745
-0.542595801785211 0.16504203715770593
7.024972459237514 5.803401743243642
2.2485025117405293 -3.511089052642804
6.979034658503323 -4.7926093829266225
-3.8421396901773575 -2.275325350224078
8.900736716391446 1.5426015056707776
-1.8001526456157695 -4.7830009748901325
-8.843875712913562 0.499405408001131
3.9219541639820754 -9.582719924242976
-5.443180448174743 -5.259299820511365
-8.17022138771302 2.9128340556103556
8.339224890211309 -2.901471252484347
8.621480695618914 -7.588642745007466
9.398944310673581 6.560749487174384
-5.967491293964365 -3.2928624919833016
-8.340243294043105 -1.2442474229002904
9.471381997270399 7.941842060805438
0.3796478888850867 -9.430004855948644
-5.23520789960272 -8.467198093300329
8.455330098444279 3.198668806541775
1.8359725128746724 -0.16287353636004376
-6.480928714209007 4.29326362158853
7.404846360367856 7.365619936051889
-7.95034722508829 -9.61461915251935
2.533294831467984 4.137375236858777
-8.404794273667108 8.362617169294847
0.9921780517964418 1.5486591620190886
2.8633560227400174 3.1976072538165567
-8.160142961561005 -6.3968172265623995
-9.952776938558667 9.79954213873809
-9.816673696184514 -8.212958240448105
8.825887833547775 0.23709441220799654
-8.114452411118885 -3.9304350848987735
-9.71741958021624 -2.0836089342510133
-2.1358532522821534 -0.9287795516105479
2.2172835307001915 -3.134186084017898
-7.445138334605444 -1.4391243826747413
3.731154488889999 7.376633139522021
-4.1245323916945775 -4.550321528506698
1.7005739899586452 7.558881430217461
3.337713956758577 1.2997968852047777
1.1878008941029545 7.33634403955832
0.6775280630164904 8.569990670743831
-0.6273870122268281 -1.2813737859442789
2.381975291650205 9.520543783549769
9.660647388714011 0.49756161669841603
-9.141890906618311 -2.0934799334788696
-0.525142777289707 -1.1849596305383194
7.729807305351425 -7.173050500432973
-0.3543434821355511 9.835779957303707
-4.8399564466402705 -2.7466011326559485
-8.622683617550834 -0.8280016250024058
0.24329567342661917 -9.286451546600471
9.228727629798762 9.929052718953788
-8.436400711050492 8.246254246101117
-3.5334445853358787 -1.994592866357488
5.158808036101092 9.954521883546967
2.036538870247531 -5.547697086933471
7.925865191634138 4.908502290753201
-1.9144460204787723 -5.862295108368407
-8.89229555132853 1.799186665370879
1.472291196535064 -3.2539765587319085
-5.273944056610671 -6.71314214770381
-6.845673186798303 -7.22379572924559
-3.871584532009839 8.459052573846606
-5.762799113528853 -7.478012160296197
3.967038751544754 -3.327810209168338
4.511408663539491 5.319168015943243
-3.78200467271975 9.048927019408865
-3.2234044879550128 3.7653117876400195
5.236433329021345 -0.9844646563432349
4.490466626893884 -8.059016173332076
3.081432011727337 0.02350209912662038
2.389269785012713 -6.273508679824166
-6.366631134748408 2.056539205554369
-8.13191474648347 -9.15735789409288
-0.41458688532775945 -1.0803096263626681
-8.062998088388774 -8.500592968699571
0.05590281360334792 7.50760448430556
5.592246259983842 2.769964308624038
8.069364756074254 3.792060381163969
4.40909547036226 -1.27235584858634
1.6147801640220045 -2.505022839631101
1.4237657451501775 9.840786982169156
-3.7977667734153586 -1.9593210404308241
-2.26927927051862 -1.287409590734942
-0.5468464684897576 9.378419516189055
8.773002908350698 -6.714838384918038
-7.108310373113513 5.1288886195979995
-2.0405559228254644 5.529418426317758
6.237922349490688 2.391584136151666
-0.5965072458556602 8.208447992241403
4.435019150152691 3.295630481511946
-7.933679285955262 0.3693387730526876
-0.88111423423857 6.935415284032832
2.631576016685395 -5.121631072180694
-4.163316597311695 0.2645462855802112
2.630218977784889 -2.2909607557031464
2.059957848410738 -1.7711231678740944
3.9355709087317763 -0.9528296222257175
2.7787897991438637 8.42314327101003
-8.433566395037102 7.450961021900653
4.413138811734065 4.635705093458231
-5.295298361614959 -8.794020110055857
-5.045092425516788 9.967226980780733
-6.54830822769735 3.9638701009822004
-3.7993856874745084 9.52737642923108
-4.991155951783868 9.772443130951899
1.4721186586250568 8.75592671144997
-6.755768110086608 -3.1733551749764777
3.2302844927530554 6.563504139315917
-8.095192889346714 3.3191014652137074
4.92554709236672 -8.352125114228672
5.795441621582359 -5.200195975885691
-0.28863471509674454 -1.658043231999386
-8.54256078474579 -3.0831841670602262
1.3287896699377821 -7.565491593455443
-1.1015417164623802 0.7231699637282638
-1.520350376455145 -4.895139723451263
6.040186769110758 -2.452035678255471
0.47167826024601567 9.237696744436374
-7.420267369216611 -0.415296711510031
-2.0017471572177588 2.105554418636249
5.974694181098956 4.576662584684659
5.121924700930959 -3.0211896782743892
6.110225835504174 5.320847659856007
-1.0122460496981116 -1.0764410212875362
5.43426018925337 -3.1790812204910512
0.4371475761634418 8.08786010944694
-7.1820234365138935 -7.588278140601767
-0.7922455406941946 5.551906056355209
-2.5574732619005403 7.087517725668555
2.9081712711020646 -5.721108380089839
-0.26046903697061374 3.565226874743656
-5.381286827645162 -9.051765602539392
0.5231023466410392 5.888332967515046
3.64591067315202 -6.971047535228152
3.7584310997089094 -9.466939792283831
6.376531175198103 -6.2936405455412086
3.6618366591362044 -4.861833270243445
0.3699673866094084 -7.701833498111663
-9.296797051279249 0.5621103444383042
-0.01745927198888353 0.7239785987294152
-8.633145802588782 1.4717145758000516
4.710180571264594 7.479688608268194
8.636927861997417 -1.6001183663794087
9.787388232214951 -8.892402629339832
-7.207253483127438 9.785926306083692
-3.2752734718818672 2.243955220934806
-5.997671699546099 -7.8468793226649725
-3.7084866776892174 -4.829256119510637
-1.4911798643294176 -5.083044760303677
-2.1413130255899304 -4.3794063718464145
9.090809563398846 -9.49443972301163
-5.92892134472184 1.4434795747644031
-3.2945455563954917 8.193086241735156
-8.463190072495907 -6.175558085976864
2.4912507104012995 -9.495889345915781
8.281664716404102 -8.968173533008972
-8.120274685102212 0.5704050579522963
-3.6057725280403297 4.710060533076689
4.885084324729396 7.455502777385902
-4.447900180618493 9.184540860062786
-1.783460866126184 -1.5512227012230788
-4.315125583614295 5.923964672391204
-0.964858780267356 9.021517012210207
-8.879480349604894 0.8225091162349294
-3.3841892442801447 4.036480997618474
2.1296330769035894 -9.784292953051462
0.4220883718142492 -0.17240909123495562
8.11935273756195 -1.6329213929812134
-7.416116402698183 3.395348247328995
-3.15154047576248 -9.422685377601166
8.312149056960155 -3.0306587582158713
8.808590582549613 -8.317502879286815
8.489000065379745 8.560936469372066
-6.395802840097695 -2.766344665732589
1.2370199506979507 -9.287159177856042
2.6006155373239874 -2.386473975862047
-8.990532286533648 -7.003230012207718
-3.7192203411230746 -0.29358450246929557
-2.4102617378408775 -2.9095084985926345
-3.8763015613207674 -0.9944893621158499
7.818472455039281 4.010995454276696
1.6957974126540716 -0.6736010352065946
2.56522709203602 -4.492981107341425
2.6293953797601795 -9.376935703994613
4.027755955365805 -7.991257781954415
2.803784014007274 -1.015723135051097
7.441014520259909 -8.29000820813568
9.049649522678482 -8.534298321019591
-0.744225355837564 -2.7952115003229654
5.830072857346016 7.775437638471978
3.301644843563313 -2.436186434732937
0.4220930217084877 -7.382166820129672
-4.531731708038511 -6.678947664788386
6.058895275131768 -2.417155882158781
6.901051872090221 -1.051960444219688
8.21710146570674 7.677629241734746
-7.296853145319709 -9.922165771841591
-6.6281471374003935 -2.309314958177728
-1.2614868145831988 2.110839451580393
2.67540701093081 -2.851259655192477
0.472031295615734 5.55501925320657
2.2981951733805523 -5.339264700338909
6.486179910828628 -9.110541109057646
-4.817633017680114 -0.618740958338396
2.327773149657201 -0.8986574529999647
-8.802579600827213 9.568347943534746
-2.871393833382885 1.8783930484694178
8.96779280677372 6.904251074369437
1.9560841841926386 8.234366709230343
-5.0403661009407585 -9.881131317550572
1.3191981765328755 8.837990582808615
5.686369462866077 -2.780196078584969
-4.414454280020914 5.153268523093411
-8.966451571161556 6.568393237007665
6.177332470222705 2.0070602571250475
3.3353003463884434 -7.909454464691654
-6.293983773156682 -3.3869013416227762
-4.491311919800101 -4.920176593832338
-6.0604569861507285 6.013501509397628
-3.890371950211044 5.154337254696966
6.765556536866267 0.7271016653310838
9.659050298815398 1.82853493129201
3.4643129395406653 3.1355978313274857
8.913670602493479 -6.541082719010274
6.769757546800108 0.9947594329129394
0.5144467818339855 -0.9178679761157191
-2.603884504655614 -6.276712484534954
6.625846706746039 -6.025003072780832
8.115177932083895 6.505884034859765
-0.8148652205652667 3.773900325275763
-6.7668924668006 -0.5131533922525513
-4.166583374508416 -7.632766253010741
-1.805564988830021 3.7227158885345055
-6.060152911613663 -6.358673305138149
-7.503541471232332 8.087934417604682
8.917274480815184 -2.13106968669341
0.7596615901256438 1.4567268289550732
-9.780396089980329 -9.393460049312182
3.62833828443784 -7.54223563755912
-4.7872145756991 -0.6535436782731701
-5.452536526428366 -4.349828665945969
-9.874351788106141 9.436789547679297
4.172531976813332 -0.5604561540460278
7.53217621283364 -7.822852268470886
4.291617513693398 -9.488059124991112
-4.154359069929258 -7.637463688735933
-6.584883669607596 -7.413574104956002
-6.697215073486404 7.240015362792629
0.19570057033178045 -6.232486463835949
-8.420928187839717 7.051695458082488
-8.174978310173683 7.892805057565507
1.95160131651172 6.786985731568876
4.121594791277353 2.6146206492348423
5.329088194060642 9.387721296060583
6.018338851384794 -1.8226864797150792
5.214036966115982 -0.4140133129226786
-6.634066172559779 5.608629406128699
-3.339681951624593 6.999239170060278
-9.05680584858089 2.5485801499000953
2.1841852193464995 7.5708881598844044
-7.8183978198957815 -0.5101799801619791
1.7799803742679714 -8.041167852198237
-4.926015298892703 7.825027199282562
-5.69582801412468 0.7466405811117305
-2.0065274822585017 4.4891349990944
1.6387634604700523 4.767234974872087
-9.692386263872345 -6.115021162905445
9.35661171326311 -6.639857150780468
-9.582274742251212 -9.153118999672964
-4.541771093098854 -6.493415303266639
-6.289880784632757 -1.2081672888643329
-0.6440708441486009 7.2754206667997
-2.640948602758524 -2.025108025144502
-0.08860456193553468 -0.9782545817767581
6.766328685359017 7.766918645011373
7.081095457103498 2.7262797809166077
7.2378854516407 5.63412192342464
0.912340800675187 8.238495273750168
-5.949373487222525 -4.49976984037352
-1.513771480078038 8.288003327370642
7.664579200469092 -7.702908502910253
-5.607260134315661 -8.293313780893873
5.227070494302843 -5.595405058743308
4.381759624086055 -0.21427606901542973
6.516678631700138 -4.082065660943373
9.630238390983148 3.044063206902317
9.083518922409183 -3.459090071903919
7.736205603756201 3.23620248065167
6.862554003027849 -7.148326646393368
-6.246625909855008 8.18914380286111
9.774570042046967 0.4987762423141646
4.13979780792992 -3.7576633792386733
0.7873940810334226 9.084955653891935
-9.717992520273103 -0.06424169487883802
-7.01026616872703 1.507120330844689
9.85887281120738 -6.747682207963339
1.7987738958260895 -9.053119352369979
-7.490464451480127 1.2654231255337773
-9.075807477050509 -1.9996196592830984
-3.9636939867628502 3.5386362996233363
-3.447459587362969 3.2223454820106276
-3.5935757322486106 8.45040717207781
-7.148458887986711 5.298232771372074
0.8283843061700793 -2.6581987987504085
2.2027158504645996 -9.195046233156676
5.697868025544521 3.159320387820056
-0.7897433150374944 -9.746367767910298
4.133075223605932 0.08994240861804315
4.650731330796425 4.150867646755504
-6.468652453244332 -6.784317741102514
6.946037316606969 2.9849971534464093
-9.954709126833535 -9.141871283892929
-7.886099268222777 3.8346382565166177
-5.413609987873111 8.005958070459375
1.4052873116993307 3.739452331095549
9.435782908977277 2.8809163848292823
-6.937856015518975 8.028716508921661
-5.117258670414895 -0.8774029998833495
5.26409662709143 8.969467305641757
-2.422022948922658 -2.2584890904953614
2.51802489524459 1.3947355000702082
4.439048966938781 -1.5278486998804102
-4.325946958086737 3.1848727001190706
-0.24744821256679472 5.059758077611269
-2.18944679231387 6.129586872086293
-3.2514333395885426 -6.202351923375504
8.459730914586615 9.731385050727603
-3.744410056580727 5.87934148960559
4.175486576849206 3.2701958389544945
-6.283386592457294 -4.461440065094957
-8.517648824773731 -4.537622207387471
-0.8561841942776489 -3.3943852938869785
-3.105591549692404 -1.784796050024056
-7.458320238240061 5.771551286352201
4.350271199060138 -1.166867441360349
2.4870509499241766 -5.136389256583598
-5.332426600711033 0.9866877130279086
2.1776469859719683 8.55332222687613
-1.088758665976787 -2.8677611767167344
1.0505949521702806 -2.253367291530659
7.226693643764644 -2.6085541823666736
-6.524618647557309 9.205076393459144
-1.650355064283671 -4.317741978620457
7.356170379002158 4.7703485540982165
-0.16148369980933275 1.1398776981248666
0.8954912050999688 8.251407734761337
7.67521226417232 -9.142862804640036
7.533034247919481 -5.344502285014863
4.386024478150821 0.7173867636430131
4.473350831761305 -5.741536453831497
6.072258759717169 -1.7698483999132613
-3.615638141724089 4.313602603699998
3.177005204248111 6.1657347744704545
-0.9210054690039762 -0.16528395057453338
4.242339420273387 9.642024537925245
-5.818294333041258 -2.002428463201646
-7.199036185802727 -4.136176840038388
-1.4923686160974583 1.6202533154896486
-2.406567908294493 8.130069090477754
6.253372463182707 1.5455984001976315
3.5032332431634785 -6.665616541856245
-7.2584143285388 3.63630142840462
8.793334866288866 8.604662724079507
-0.39440871434315916 -7.528425642488942
6.174380056241368 -5.480882222240964
-1.0030888844575863 9.141601809273165
8.847822215806765 -2.6183434104298
-8.87038493587787 -8.209233814854947
-6.575019183838117 -6.191993007421967
0.27459935619592635 5.721527717502774
-0.9568168804582946 0.8990303724902642
7.808613721237435 -5.408486036860527
-2.304291597181482 4.337933594478631
-9.121014755629375 -1.2526024294824367
-6.163114384630264 -9.973739757220786
6.63193574178996 1.3676309821482775
6.594606798783676 4.47602388332661
6.082226447836497 3.5751527637131897
-4.051641824478562 -8.867054231722499
6.3716955146795655 9.81538111759578
6.987222649082639 5.024783978536693
1.5806451055275357 2.169922049203258
8.733465555738412 -7.098695915269402
-4.690910625325236 -5.050396955332803
6.436368394115981 -4.455313529527006
7.84380195570208 -3.456910508121151
-4.071972438424081 -7.559589939562472
3.580082544734232 4.444124454070506
7.276230711484896 -7.84613820541137
3.0644285179159247 -7.0676252207672015
2.828689301462852 -9.331520665263639
7.270540841108939 -3.94329897691663
-1.433213119517319 -1.1006952603525395
-2.3075356794612905 4.858644990289733
9.4132107806509 -4.641674312159618
3.6769257852982644 -8.23243786872627
-4.6560294647719 8.68476261163105
0.3667084165922212 4.067430502815878
-9.211476048658554 -7.307543537695516
-7.4221491880488095 1.3038050074394185
2.087595849023451 -9.42414800003889
0.46194239293114236 9.363131661790252
5.343766389012345 6.925531278073805
5.6806489708186625 0.5655742266187147
-2.820039516077273 -5.405949848372449
5.572965207823 -2.4160284225893625
3.914700378927794 2.4812783488352146
-3.317215388844998 1.1959526399463414
-5.301099482599176 0.09288865007339275
-5.5211564352104485 -0.8763351255743537
-7.992431645819655 0.1512532727574012
6.420154115780253 8.341074190167213
1.3674643109028537 6.390602179095268
-5.856568100211237 8.857522059979463
-9.90280523993768 -8.522167460339958
9.545982740339213 9.099565604473014
4.940223764937192 -9.87970531172537
-2.1394239232652046 -9.932775921000843
4.050335943301267 8.260689723021649
8.465999570287458 1.190385416481913
4.155171271677897 -8.094349292010637
-9.585724477239525 0.30203338960887294
-9.759440873742541 0.7723813115809737
-7.476485496952909 7.190686060719031
4.711302895986956 -7.665043400890483
-0.6541802710458473 -7.028193604539155
2.2385127157205105 -5.162897988964781
0.16513125709261445 0.05853440635142704
8.282848340002104 3.596270034460048
-7.594278298828343 -0.549389344818314
2.19206640228472 5.783108659797394
1.380005014373154 1.4110913305977455
2.851218526317485 8.450266515754222
7.606689642056686 1.3428291834094086
-7.880050684151443 -0.9603046074034243
-4.361070500315032 3.6936601924884407
-6.483642206819217 3.0382656135087736
2.2180188713043094 4.219314989506387
-5.982590659210077 8.380039296512187
0.10484763212329007 7.1985398312080555
-7.015540483483306 -5.20552167195498
-2.6673115063445056 9.412426085216602
-7.809354798195772 -9.119285980938125
7.755182745642742 2.6710257118376113
-5.207303911981573 2.1607173301942684
-1.8542945090704954 6.1849282536554
-4.195723747256965 6.458823261639331
7.313035545646191 -8.282847299874545
-4.951298767991141 -3.9105264234080757
1.7732542484214626 -1.4484668251673511
-5.29266667314994 -6.174485835640504
-8.531752053420883 0.7161010048165846
9.669568560003523 -9.82439678117635
2.9787579659755377 -1.6816515540620092
0.5077669364328319 -6.1431310018326
-5.821353414496913 -4.538688999064508
7.722397217647444 -1.7080098616269481
-0.6586719468241888 1.6132384883236064
0.2667211541484704 -8.90688853623513
4.08413109529128 -9.459105956379377
-0.1269219131101771 2.112409701075684
9.98958980048894 -5.709305795182047
0.54604325833769 2.214896887511726
0.002862059587975807 4.861470364757604
-7.475099682996172 4.856576754399665
-1.2544108821833468 -1.914558533601431
2.397334272808994 -2.539180455285976
7.4626250245826355 -8.984940966213506
-3.3916225539680784 4.402564310269776
3.763645275164066 -7.656497516569538
-4.416466559326276 4.1393813709346094
3.44264592169662 -9.47912205380825
-3.1464274937220527 5.323129243532559
2.628519341108875 -1.1738257617735766
-3.1996337947402953 1.9360218707295616
0.5531962030087438 -6.681539269139252
8.268785981198263 -2.059682506241405
9.951188652056128 4.785357042587922
2.692754022920292 9.736456363271461
-7.041903068877429 -7.9835298308009595
-6.296536619593893 8.495013154691684
2.551706479121103 1.629507204373331
8.334193572365947 -3.922628541073312
9.683078733780512 1.8523814323694516
8.134132245844157 9.367329714329053
5.958510955311933 -9.986479140335565
2.699930563792101 9.86125409741729
-5.869154935724721 -4.47338523754953
7.7055663280905975 7.611277848286843
9.81508744391201 -0.8537743136406917
-8.61383791022763 -5.489087817125576
6.807799263161492 4.232409032215955
6.004107219882698 -5.0409625833928455
0.09872406113657028 9.636401239607167
9.826336540755264 -7.480370977709779
-9.316195415403172 5.670266167337445
-2.8920072222232918 3.5627603042081937
-5.542470483424225 2.4113008507985754
-9.631651778193465 7.081575783366681
-9.179961398987892 -3.500988145118944
2.719572153288718 9.260974881075501
9.210277548688428 5.539927313102064
6.649460956807012 3.8256866539476846
-5.0485215403041455 -7.770944275915632
-5.7283234104759595 -5.4903188776951195
-2.311060417247452 -0.6447056068683032
4.717235967285951 -4.222403269448492
5.191685513802067 7.997469610876827
7.100396233185467 8.961705722451253
4.48071597214131 2.6723864700175746
8.40150472127323 0.7187841563318074
1.1139731235814754 6.5847260437193285
5.321923206012141 4.060929600678772
-8.027816355722168 3.1337130556805253
3.3031964887373775 -5.917918347720688
2.9135070403417824 0.1863945800724469
-0.8864132377602161 7.9910015441833835
-8.690683692050802 3.085528699461374
6.879089862913844 6.903860788284515
3.7215955328000323 0.09433206893742785
9.732586583073022 -7.732282501540211
-3.293792380441909 -3.9351239582794095
0.0339899480969823 -3.52293379944361
1.1704955850716559 5.110377833998388
5.472622018056647 -9.809923509475658
3.412268817651796 -3.984389373571638
8.680529813369816 -0.6870615251931262
8.879102666242066 8.513182530533381
6.948276966506576 -3.141546364663208
-4.6975156501225435 -6.794254800943849
8.33543625294466 7.315057126182062
-4.1886248367717265 -0.9788236349618735
9.71324693739827 8.155833908076989
5.787135280969535 -0.8426217409927403
-4.790081892987552 -2.4609523163707037
-0.9249801827752524 7.635394525883349
-5.853428118721505 -3.3372088603591905
8.871518684947283 -2.287765569796405
9.77504585256937 3.7606582736541796
-6.382814098001591 -9.977450774262152
-5.173371356327435 8.310441281574953
8.851411362072067 -2.992365021014103
-0.13817566555488092 9.292228805875425
3.1188312167356074 3.8488155961814243
4.477584513607498 -1.0782794122995973
2.7216930690808745 0.9294911198160509
5.560836240088076 8.747883786890924
-3.869403799756215 -1.1351957978919103
7.464443239256976 -2.7419682117037025
0.9911715494472837 0.16681512910615126
2.9898706973487954 -0.5637452402878438
9.973775385269125 7.887133241859203
-8.094474471581128 -3.2562053443632344
-1.043302776044488 5.061308223935107
-8.207609390289996 2.976985829993378
-1.1794995997817121 5.285291505089303
2.0258793701320936 9.80373208035489
5.347709517701498 8.557409713599387
0.040262895481561145 -9.879775368216004
-8.135170737469108 3.6357240925349856
3.9743182779240023 -5.030762639095063
-2.032929213341932 2.2110694248676523
-6.794214057724992 -5.772712672535539
-0.7882558100677794 8.503706191969279
-0.790633534372585 7.939940803959672
-3.9469098678255925 -2.9260467102851635
8.288451031371082 -0.5085794526337839
-8.786847261123176 -2.136181652938216
-6.406057004273791 -6.192033155282375
-6.129901627816812 -8.674010684770359
3.1901562774335765 9.061213255692795
-7.91910990563297 3.9087825998386005
2.731893032018661 -4.462153655444112
-6.148966338631747 7.316503006751166
4.889131333584757 -1.8547362700538823
3.908538547336814 -0.11011122633073711
-5.544861524721658 2.147091596782378
-8.546391438666642 -6.175712856478775
0.13774297330163598 1.1373356856766588
6.564953717934976 9.971516970670905
-7.136898978092607 5.870266014293161
6.308325210540858 9.133731546482188
-0.6474425592549853 0.5441517664667028
-6.362248685748781 3.9832867768578435
9.035772895426412 -6.570552140452682
-4.072172575160451 -4.952124643860081
0.8537061050627148 9.646595023321801
3.0289258090026028 -4.967043379749332
-2.2873168928942604 -7.3829115696484005
5.5157133628422645 1.3744308629379915
6.69936143240712 5.652993067894672
-5.6062926571504645 -5.383708661940143
-5.173167445958795 4.839547184229495
-6.460088584138419 -9.397247351004568
7.055623317620537 3.567254395857102
0.6156114692626407 3.665483121822117
4.9236604729743725 -8.300866468851853
2.3391750725603195 -4.5733182833599635
-1.5951118620964806 -4.1432133850984565
0.6477857795540345 -1.849877882161426
4.866262707754315 8.080540735283424
-2.397882463055412 8.236479703454489
3.5449169763283077 -7.952140758542232
3.0338420403953226 2.9966157123112005
0.20226946060899031 7.252988290590096
1.1563443607902428 -0.7154643667275966
6.592255374206136 -9.022243520461835
-5.612273907204979 -9.237956819728348
1.3799393521279217 3.37771254701601
-7.793313217309277 -2.2742557972979043
7.526500532359975 7.220668766264062
9.494031510943817 -6.029627123752088
3.987509531150133 -4.824159877722581
-5.959962399164292 2.8378357158777074
3.4841362790219677 -9.450652908507251
-4.996425638683595 -0.7729549986107838
-9.748956987325673 2.0608077752239353
-2.777494777719336 8.145069317768918
-6.469310857029882 -8.756095824656278
5.999740728337844 2.6074348470376982
-0.3806448796991724 -9.68457089161462
6.298910727243147 0.38662717431417803
6.621465902849689 -4.822969660609633
0.8499342001268602 3.674084091169199
-2.957258357232626 -0.22945623689740202
9.216351542902355 -1.3760503511789253
4.430651744774632 -7.172262381049399
8.673192174595062 6.351981490271093
4.136154442329818 9.00202170005701
-4.255108183970653 -2.8343310305537495
-5.534717781960008 -5.44451413168304
-8.407209285311435 9.347343509403082
6.702127444695467 3.6697736906560507
-1.7197040895471467 4.528448477420602
2.6881218792445445 3.821272350906362
5.504283067967421 -0.6557758344672777
6.772377162023254 2.961670412772161
4.573433280651255 4.5254779713815285
-9.730988469012168 -3.53524909468923
-9.16322143428779 8.053691105168973
-7.787679649956935 -9.20612714153302
7.844480689062308 6.160382000376604
-6.93267492846942 4.448355103414912
5.744240602044705 2.2225143016645
-9.850116367976456 2.8330686351941363
-3.1225997798150074 9.126874532995977
7.504763344694734 -7.698407081060705
-1.3786347165286799 9.738332858602874
9.639538509934159 -5.2876560753194335
7.011197195986565 8.93703414898392
8.306398478171257 -8.781075198494957
0.351651507060474 -6.228657161972806
1.4754930551925938 1.682045859906582
-0.8625185317689255 -1.6544500960751733
-7.668696104152099 4.784368324040656
-9.728204433930813 2.3647763596277667
9.245535194521025 3.1183132380914085
-0.2701115399621994 -7.316583088117332
-2.141940292964084 -7.193276736931143
-6.419468422585424 -6.853222672677031
2.551649466560855 -2.9062850480312363
8.345813944685982 -7.752093856597611
2.5805750646079098 -5.524158131336366
4.897043044163912 -1.7659597292141669
-9.167696449481825 -7.971201890381399
-1.5754846201860886 4.648021885070662
2.1933218923015296 -2.005169926512032
7.150717680364199 -5.1298918654514125
-1.9757932329761 3.578665838376292
-3.26981440295177 6.261577600427202
4.175001500485649 4.846194466628802
3.3933566913741213 -1.646184463189737
8.420196096186736 0.7501140919484293
7.834799624862281 1.0805455956351437
-6.074673070789909 2.08967194157006
0.7919541156434757 -9.267121326607173
8.860190060252851 7.506234997864059
-3.3232532508949886 9.550811989001808
0.04136220102319221 -8.769614099335213
4.0579831915906865 -1.9165745209211487
0.07524773991483968 -5.8445801069478565
2.952353103116419 -4.181351720734156
-4.214753579636527 -7.295750246336143
-5.031789141126066 -6.027174221100855
-4.790101050166113 -7.730670886669111
-5.280494305964309 8.639961845447143
7.450411111437532 0.8480450076704198
1.0873313010864365 0.15979916208626221
4.811883241230744 -7.559024043271587
2.0349399649051865 -9.216017579956828
-4.340245881270562 -9.924666291229725
-3.384409758528091 0.10992620360261185
1.610885545385912 6.416051196557071
7.612806413432665 -1.5422343195859067
-2.7373829730287325 -3.711924893682421
0.1072989308568637 7.2205946567008965
-9.6112043813811 -2.3164119791324067
9.77805005142217 0.4822080015979875
1.9257590184595266 2.6876592040778036
0.15127748793761242 4.091374807396056
5.702396401946508 -5.754253574224444
7.673169488882639 0.795993439053106
-2.2309462729636254 2.4750984917577394
-6.904553376416551 -7.1994309816398765
1.6878504427510244 7.918426560350728
9.341117710857453 -6.35166998908983
4.595477050003179 2.115590757429242
-3.7654482404556067 2.7881636755878567
0.5286865473124163 -7.950307789715822
6.332647367115886 -7.867655650194156
0.9145987714154771 1.4897972627107379
9.581538456151403 -7.786464302258294
-1.1769228524982047 0.3510558572420397
1.7652868283024663 1.7924848509054225
5.617872734034066 5.56899228072653
-3.439714236497526 -4.608657103577647
2.305039582126069 -2.375364026174241
-3.0581997415654545 -9.734541292284852
-7.398522739838258 -0.045562348303636924
5.726412136846356 -0.39683703730283426
5.594188294106514 -9.460912198725055
-3.709762054652927 -0.0517274160294825
9.460887326206379 1.060960664994525
-4.041460769721881 -9.536095739467639
5.241094716860523 -3.1630791635139683
-7.222592312077534 7.031049991888242
4.566790373928667 1.7115114626277776
1.319528536257513 -5.5252289548070195
6.420256314253056 -7.93567757476535
8.644968307795654 -3.05739307808585
3.7610572175698938 -6.803086424542331
-5.514737539752965 7.45448082467211
4.378035979554074 -4.6217857700957605
-9.879204724968162 8.271978303104188
1.120556458249709 -2.595393425106316
3.301390537414095 -5.213629150464294
3.7282302016094544 -3.010723436823488
-4.801630044368929 6.274724635478744
5.832134287963859 -2.062649872514788
-1.7740380849641113 -0.5238394393533881
9.191385205475193 9.168644885010146
5.745807256665822 9.915281344586717
-0.6050163136677167 -5.2506028537714
6.4481165426511 -3.3765453484074133
8.72044665456156 -8.874226369997347
-7.7858703010096475 6.614495728584252
-6.784925453655859 -2.212093531656148
6.224323692624132 8.284892007814072
9.118158469239724 1.7349679914897216
-1.2805097329617947 6.255760962306368
-9.118950876754424 -9.374807256742956
3.5008263338930234 8.857455705220396
-8.770136326554656 -6.622293025247421
1.034541479648441 9.17203035503833
-0.5556843872821986 3.652899037069485
-9.632668210696192 -5.889315153569006
6.52354282440001 5.119663340968161
-0.03208096719321141 -9.086617918027107
-5.78856735378301 -2.614887790430531
-6.578837692252573 8.406337079179266
6.911715711842959 -7.0698244529264525
-1.3969243844104984 -1.7722069393683846
3.138206691937393 -9.104466776945738
8.427705056045014 -0.06454002915474177
3.1409805691477075 -6.373187170850601
5.239791221322765 -1.030516566910082
-8.17845716914712 7.378661232833434
-4.6146902870940165 -7.6833769742975555
-9.95162831399292 -5.248902410928997
6.5596631852486595 9.639639618248932
-7.418257497555906 4.054845887455169
4.089868558595693 8.745928936236805
-2.1262588268995657 -1.3656269245870796
-0.3746308704896695 7.225484828633796
-1.0560513823754967 -9.725530551776824
-7.164103554296942 4.1684553194028275
3.153929001894916 3.697692027400608
7.924013686993657 4.374118191708757
9.794748552903524 0.5962112156449191
2.265071344140459 2.2622838226123694
-1.160773326736809 9.74169746313553
6.743072227910499 -9.118521311025134
-5.6603631065085125 6.047189650243482
1.7623967050340248 3.3349106655548084
-6.344674653609143 -0.8884776008828901
-7.608679783071426 -8.432084870098901
6.342496061375151 -3.0584440859352284
2.306936603898528 5.747287519821796
7.334747940580531 4.900319008583608
-3.7482108333022612 -0.6777117056409647
-8.029001597440018 5.887115925049285
5.948316607651181 -1.1179021407226113
6.191437256830483 -9.732647369994199
-2.5950872777164076 -5.521504851046794
9.808072465985099 0.6979015584726191
-6.596233814289183 -3.7936607975052405
1.0702701825861674 -0.8936344470180391
-3.992034799322079 8.332744399176256
2.892168652901212 -0.6896054535265215
7.186916099221833 -3.451057143367433
9.77757735305541 -9.348582509589296
-5.716529824579231 7.352301757850984
3.9409480549028686 -5.330475241549197
-1.6927943792575846 8.366652653281243
-3.510988546911782 7.84471232539164
3.1146303199853165 5.414884505490029
3.1970985812442585 -9.698197930480747
-6.451678525388913 8.406405912364079
2.0672327805927253 1.879902881125794
2.6133538082613867 -6.665781233158301
-6.94557585539656 -9.415966292611621
0.9062583482108888 9.976435804584778
-5.103656623875066 -9.474409659498022
9.408214910390317 9.978323622060334
-3.571880844166337 8.582898951628163
1.969940132482769 9.487631630156582
-8.348379337292114 2.5297150540343676
0.7588337068208162 7.803704788534475
-4.76883444780422 -1.256788496461736
0.2439776773901201 6.012346440126034
-4.1660703439426605 1.9879263981615587
3.6698616551428103 -5.639332294385541
-2.7943601389535537 -7.008841830489827
-4.206037309577217 -6.379779003409192
1.3133646264958898 4.386835636567856
3.9029144855381137 -1.6554997239217517
-6.169755016472482 2.382593431514593
9.332245716125634 0.7236470428099491
6.926277929517262 -8.633970968859682
-4.6524920732069885 0.5077251301944141
1.7657214651276796 -5.3112475559138534
-8.783459979354728 7.7335663822254865
-9.22390693417627 5.9119131718672016
7.100714687351196 0.5428447997061063
0.8587721093990233 -7.729331264237567
-1.179173839690952 7.12511077040898
-2.0378867301849857 6.410990147016008
-0.9026405014998815 0.2182252448824311
-8.787739273990498 -4.943159569072597
-3.4482525802462956 2.2842790507068766
-6.092883332350927 4.219297441167891
2.8435432850296127 6.181807655530406
-8.863222373173972 7.839097151803799
-9.836228624586996 -0.8129650872525183
-8.8412549129839 -8.12909332988746
-7.225618107529208 -7.111359830911965
0.4128371539153619 0.939320235812346
9.50781290047168 -7.191565786053415
-2.0165885576050657 -8.560471868729149
6.624476887985509 -2.831442973667433
6.078944035061632 3.0256693390651677
-3.703349421434792 7.138460547863726
7.717907667815712 -9.479335284865542
9.226290935986036 1.8225333292539432
0.13683960960092278 2.612196971976573
-3.08678404742059 -2.6887655972376923
-9.800969071480255 6.259583036633096
3.319848931747046 1.2165947536622674
-7.550009694970958 2.5229984828859635
9.139926922724001 7.102699016867081
-5.606645249186903 -3.743051676084715
0.46831715191243717 3.1088724145534723
-7.098014271081352 1.8440219600623546
5.352896668154376 1.009367133327725
-9.407125768234465 1.72938151848067
5.306988849398991 -9.320583744728335
-9.865658549196121 8.567165613691394
-3.416018544462971 3.7330697169029534
9.319886038807326 -0.9398035609736137
-7.988949464046653 -2.08799003591235
7.7778306544523055 -1.4185937250343432
-3.1217899622535654 1.4996294042511877
9.548470247643735 -3.1703481889319534
7.815855237673201 -7.703241357411819
-5.145375014423308 -6.304746858125448
-4.069680606200707 3.4036308121740184
-1.0887668666788635 1.8007176318755107
-9.58061752122321 -2.0750087849968253
-3.9958926881621704 -0.9392293597203896
0.5144587567806198 0.9455413594935322
8.755121652956227 6.589070996107949
-1.9371763373655515 -1.34186047013716
-8.603738991319672 -6.503607356457914
-5.049331147174046 0.6462134472976206
-2.2050150175111494 -0.14760984109872055
-6.109851031892215 7.800062515402509
-4.393198475491078 -5.4962242925496
-8.52574111045535 -9.509683267055394
7.511409747136913 -6.713109032661533
-3.344921563470935 7.417790032441474
-0.7965659084293524 -2.4985422287987387
7.6884368058931045 -3.2857704369503598
1.4892147034823449 -6.0120152362342445
9.49580256688228 -2.934750446373431
5.2369722508170735 -9.532162112459435
9.644944139994237 -3.7963707458802425
5.779427422413592 1.583952834562714
6.164166124891043 6.17613861651175
-3.0915807686937686 0.5266162681193158
9.398927499186602 -2.3562500881338106
-3.094430581697196 1.40324552534792
8.338626722822 4.396677431719452
-3.544276576664398 8.82542303071936
0.05081696614921327 -2.811381518088158
4.168904303332013 -4.431937409018039
0.20430754940129958 0.8418750117994627
6.611141018372603 -7.367278621453477
-0.6956074032852921 2.3196856084572275
5.93781868684845 -5.559780347399732
8.551425938251317 -9.476264095190054
5.770021601065844 -1.0864031079677599
-5.264492362468378 2.470770886179947
-3.2630827089281063 -5.115560226616351
5.478941148209826 -2.884481256668572
-0.6789365484963312 4.267698529397681
-3.6930874069312676 -9.87327680000849
4.185215801851021 -3.7512877064890056
-8.955076664686136 0.30485490060759624
9.144514647861413 9.232235938885221
7.572094253241296 -9.506219424645403
-3.661985537240879 -5.527025264864278
-1.1858750359521117 -2.231069793398987
-7.560330871616157 -2.017718471041645
3.3984305285772756 5.942557571924498
7.336866436297896 1.7726745224380167
-5.298867486211765 8.238622357255089
7.226637632527343 1.9058214867915417
-9.82593609758553 9.35903747230362
4.337952108802632 -3.199514580202436
-4.214826806593024 2.3641173016801513
1.9682368138155582 -8.466606792506663
-6.334352536200159 2.755888696509249
7.954201106511167 3.546501415204336
-6.797600924177556 -5.752561687648033
-8.306900843173894 -6.94232996360757
-3.7612579231512306 -6.709182491081538
-1.3160714292187592 3.0223108247642205
-2.8904545326590974 -8.449075508347807
-4.238557118373709 -2.5433594473747085
8.980631759744327 -1.0962083574105712
-1.82363689193091 -3.5180815912049512
5.765284010155781 5.170191889960671
4.297720826249197 -2.8703445291336678
4.025855909447904 0.25035334500626405
-9.540251899008933 -5.252170228690276
4.978469823430734 -5.439892414089005
8.947159794476814 -0.6836038567971165
4.634942291627063 -0.36369221493997017
-9.522413512458368 7.150765194305571
-6.492041390080335 0.9932547710002453
-9.222320329138459 6.657386523677214
-7.759949005880884 0.007844316325961387
-7.307176667666537 1.4785208121856215
-2.6377524578263545 5.54624938974376
-9.120669847952254 4.230813486737171
2.7235230493833402 1.3565441004776417
0.807105656512281 -8.342121202658392
0.4804582214268791 7.597318190476081
-7.483072058343656 -5.106699395432734
-5.962590333336317 2.771648941151291
6.249603535344875 -2.2053164851370095
-0.7224226712656918 0.049118580278854296
9.88097233322917 -6.968186119625262
-1.7198698687908642 -4.816286451751656
6.077931039372366 -3.1154969974076447
8.744556371891392 7.457449007698457
9.126480722723645 -8.933954948467715
-3.6939021118635367 -1.7166229210644612
-2.8509196462704844 9.27419553575141
-7.7504828916366275 -9.798063782635008
-3.1921207625962333 0.6030293499687787
-8.529142378328771 -6.155277149354155
-6.9123636158231205 -1.7286283438029777
9.59228094183866 2.505961511646886
-1.7580093220654014 2.3112941066155894
-4.032112443416076 4.015746941741627
1.1532929778452488 1.717245827105728
-4.8526903113215925 1.3639892300037104
5.06358494967407 2.8446873463563715
-0.504142576487105 -8.860360040335195
-2.649773323673365 4.0667004642872655
-4.253350565022799 -5.356987043337124
3.5113809774080718 1.7167350656564313
7.14959157820703 -9.020156452520906
9.530142197858162 -0.520851174115549
-9.933419319119178 2.8483872041022007
6.505228609532498 -2.04932574171254
-8.114151254938918 -9.085923774477699
-4.103591349186666 0.7835657722529472
5.951946311426191 -9.787173916996455
-2.66041050689161 6.6420039648657365
-1.7578894504033187 -3.0578918379128854
-2.1249993615483636 6.819401919069186
-8.387115077134675 3.302389056309888
1.0251161865708767 2.222861793328299
-1.7940653824898067 -4.3726635031856365
3.6055110219744773 -9.414680537147335
-3.579808881500311 -3.8685636369161074
-2.735760747015952 -3.159472904508296
9.117533802679173 2.6339330085458172
-5.387931070241763 -6.803328760556204
-5.481916576100065 0.8375741927067288
4.586100627796338 0.13101917307506739
2.1632518193499806 -0.916615331055791
-4.5497535194240974 -3.989967954679048
1.4070938845994156 6.942082101000583
-7.186584592004572 -4.169587660377127
-5.723508443023659 -9.782182593046837
5.481198979099135 -0.697828915576217
-7.337798030584919 2.6673933447839016
-1.1357863661840817 3.330537566854904
-8.414799584354961 -1.7546854360688453
4.775025292838972 -7.379658697024931
-9.078513059327891 7.183149871631908
-8.604048537237276 -9.847286623741894
-1.6316935270971573 4.4024686097200885
-3.307636374562599 6.5513998867314776
0.20980742178110745 1.680131668297573
8.81020664145812 2.634264458003951
-0.7224752653464339 9.159664285406503
6.5089581262852505 -4.1789831702045195
0.13936002224587796 4.150280665704148
-4.1842429370289835 -0.8639932128056316
4.650667828194672 -8.281524484825058
7.897781127780313 8.84953430123138
7.704702675897391 -4.8363054554613
0.8331118375722788 8.106937838386969
-2.5604435723586523 2.9303611061008468
-4.825734204714232 -1.7922062890358976
-6.9866004571170865 1.699352157967045
8.486791923719586 2.9557711357401573
8.626500902708113 0.039589175295498436
8.80146084303184 -8.30758824330995
1.0643526777695058 0.920268902125251
-4.002995207147251 -0.2902476451537943
1.9857332203553941 -8.190893518800639
-8.189438663444209 -2.867321532067564
7.587997390661048 -7.881161443790048
4.718455834095412 -1.9248023690427534
7.494170418595129 7.1596575822105955
-1.32413094000899 8.660984617477695
2.264713507274596 3.703035133099375
9.613678315212667 -2.4563296439769156
-3.6161240723467936 8.294282573168175
5.307517190329689 6.588307930745756
5.832981036626382 -9.257022163522098
2.4512911590589326 0.27275387497214254
9.45985704184314 -5.123581423924353
9.606690151622946 1.641581151389154
6.903591974915685 -8.074003676430166
7.171345173136828 1.237293591318089
3.0802644765430394 -6.967214647935482
-2.3949378866443176 -2.133515070699705
9.499983207552798 -5.549899031946939
-8.769876357765568 -9.678002916375233
1.1784628771095775 1.3429636017829711
3.4401555727424498 -9.733491880978129
-2.260069155562727 4.139304147817231
-9.248052194431036 2.3596438025061452
-1.5326030132568818 -6.118037172324604
-4.580343261279496 -2.1901155174115345
-6.219943938794376 -4.805249036818244
-9.099290591810558 7.011303242240963
-6.967128145798986 -9.550527346335977
1.758018467252466 0.24030498188935567
-1.9781687449185252 -2.1272068831552904
6.3918013997891165 -8.242050583641634
5.5677372210744345 -5.2809498037448215
7.949618204689916 -6.2005933145196135
5.574102501998837 8.960769754032171
-6.705359293958666 3.8931434353526164
-5.617600959132063 -1.4842329141661708
1.0533949152495161 8.604358763266976
-3.1621023370752344 0.7032691776873641
2.832563259753929 0.4188630291243367
-9.139881521598646 5.231307083693446
-9.293678836077945 -4.242961220120691
4.211814984883983 7.704254912134935
-9.578027014841338 3.155162107869341
-7.235517674591669 2.2783115962099103
6.5831309636435655 2.7214240917242076
9.287824171866113 -3.3977847598379407
5.886471657106862 2.8648267469936286
4.744550661157756 0.1559454526278774
0.35594001890860305 3.6575404139805183
5.12331667292532 -5.873660781490704
3.958235655303799 0.4051568131956351
8.819366176752517 6.415436409414596
9.79944330243169 6.720103706400376
-8.081767357485589 -7.342185877582761
-8.569329453877812 -9.15277391336481
1.5090949707354504 5.9041039500163155
-5.742804445220768 0.13367138370911924
6.167261324854149 -3.430421933703986
-4.9782567718669 0.6049108469728672
0.08107418338174455 9.483610844122541
0.9052302307680016 -1.7066601002238162
-0.5031875226610083 2.243973289483435
4.853250622634418 -1.1354866974782212
-1.1148561418979241 4.181940594636252
-3.1243621520498532 6.597695862217105
5.405456780378053 -3.8990824120200207
8.035879752568114 -3.93229238406734
2.046549132664719 -5.3946415303376405
1.7302711155346362 -5.797003381105421
-0.5716259038581111 5.604770773276025
-7.028556928715293 -2.1606407083521546
-3.994040340654883 -9.181901536717838
7.536900778877801 -2.759465626913271
6.458092654378923 -7.185691577939341
-5.6401127673806535 -3.456758280074663
3.4430384522940827 -4.370732963601549
9.781351831300128 5.82675780394467
8.89346768662772 -1.537938963550749
-9.69594984468159 3.393392333527764
-9.799180411904523 -9.017386021405976
-1.4536690359807842 -7.584402703333297
1.883551512277446 2.0345039728819856
6.821953098811715 2.29913020305872
-4.737033303508031 5.295021611367659
7.336242583192313 5.8449654673412414
8.835219892987006 3.9523086378211545
-7.014710183826029 8.006221778336261
-6.405935604941952 9.919572861522614
-6.601519013525799 2.583736760056956
5.014340112186076 -3.916589091243421
-2.6233509634591528 -1.0195002651065206
3.644622911554924 -9.484307833904262
-9.36837492770335 6.8560792381232645
5.843600062469809 -3.839618497975364
-3.5112376398201324 -2.2649037198420814
-8.28954225257527 -0.4716124647386657
1.607725317917561 8.370812469822397
0.7896869550813825 2.3750669164163973
-9.761852883233828 8.348628378934407
8.483457657294473 -7.282350311238506
0.8851638857900994 1.6801690854846143
7.814784452478005 4.41253876326404
-2.863920373571583 6.040613297568761
0.2784020299817378 4.710209267891079
0.6694861829138326 -9.31028688151595
3.6402358807945507 -8.408835184895038
-4.676334625874539 -1.4699955542657115
5.494833814521392 -5.762190031014544
3.42925632180782 1.8440091888625414
-1.9298893666255665 2.488066978549554
-9.783553898125234 -2.8095643447465317
3.0045050160588787 -3.8230897590476642
1.133638182134856 5.382475573752039
6.319043689035297 -5.50190227657283
1.078258413613245 0.7671020457695441
8.726087463290526 -2.2137054922131743
-4.317349681709595 -1.4574771982997987
2.0536610527806047 -1.2032521445723265
-5.55660195136171 -3.473249792639561
7.90498959591546 1.4619411357012684
-1.751658148500514 2.457977147880758
2.6575335433173635 9.48106731370833
7.113389671271463 2.3605509255705286
-8.20811922760563 -3.3957455413153914
-2.538624208887703 -4.712630274955014
-4.746814441067326 5.286249917823394
-8.507247043114791 2.8231242487650814
9.912931755070332 -0.7200843635277643
-5.757010511482168 -8.273568155247856
-3.5378901832021903 8.950699264547552
1.0736832749095964 7.255033347278452
-4.073144083666811 -7.775717011942456
2.840633086824507 -0.6752337301147904
-9.090008632450004 -4.156708134184748
1.2977286090518536 -9.880575866675338
-3.3106715796573987 -8.29187437260985
-1.6023878424057756 7.5553684602133195
-4.3689938223625 7.215818310577525
3.626791468554485 -8.746054777099097
2.4026106006889343 -9.710669937575723
1.1865300333363056 -5.36997794590757
0.6403329951259291 5.569880825772284
2.805031734714067 1.0423327049270998
3.0555954036646167 9.27068427243104
-9.953940428461362 1.7298034520356982
-9.347545643514856 -0.9205915637377942
5.351484717764848 1.4914296399470643
-1.538705948841141 0.9359830671206719
9.847964922095585 5.697612928504958
-7.625299588201456 5.4843843426452015
-8.437419925561553 -3.3865487138626875
0.5302893151222285 -6.444520596821142
9.719979527388329 -1.4829317791419179
-6.605026780078069 8.713917362475893
8.952117503512337 -2.8721543481981415
4.098216213474785 3.766096358546207
6.412659192783483 5.948355399882143
1.0892344014478272 9.790218706955585
5.294646753447985 -8.382963085864205
7.84245879978074 0.2335775673706646
5.526634599880506 7.733278225315647
-2.021338030556013 5.927674061138434
4.272672301198927 -9.983867183169483
-7.539056371298054 7.906356913523304
-1.9457440005928657 3.800445654894107
-9.523201849031226 -8.058056956889315
5.951103176507932 2.4092377175403357
0.06256716835308751 9.345171393522456
7.414840322952134 -2.1452999339186407
9.092411013278149 6.8414179308374266
-4.428651455201635 -2.344083264566981
0.182877182962482 -4.412645862584117
-5.272651714800727 3.1323393827012396
8.62551137233742 -4.624768398649697
9.311524104501206 -5.669361050734794
-2.384145605451968 6.37945895664113
6.4308349176904755 2.0865500533841352
-4.24659610704722 -0.07673751195954637
1.8821208698817493 -5.3208876149282585
-2.728167492639777 -7.941922166794823
-7.328906776245068 4.428757141771351
2.8933858566584902 -8.8021865110735
-1.0594078846866637 -1.389440366296208
2300
6.704270623666595 -4.275005592962922
8.939521022702547 -7.6633222006868
-9.08838159490591 -9.975977515300888
2.551227680459654 9.70480057696157
9.842083853658579 -3.3259693723563277
-6.567256257789107 2.9596644995713675
7.9108321454339965 7.839886743061204
1.3484249716278924 3.6523638354426886
-2.1205767103046718 -7.293431216450323
-0.08887663613353425 9.98893411966447
-3.94904038155937 5.918360875283115
-2.3409364697622914 -5.234287987881747
8.794377070680731 -7.098014304293391
-7.543428809537376 8.992567087976376
4.066924761218305 7.688804358427756
3.3570647783623837 -0.5735516828374188
1.592459111847548 -6.379748594569639
3.5883031842822426 -8.39374641706039
-6.58077005118243 -6.263646081293022
8.29910314597607 9.044950649482239
0.25150655182308235 -7.596324035416339
-9.53685739184018 -5.312550150152853
-9.973489509510978 -1.8613749303492746
-4.7214132234515915 -7.697410670576774
-3.1296102598689775 1.0499317631662173
2.770005970186256 7.166104574130156
-6.363007203200892 4.325625903874659
3.397199521034061 -4.38243240063009
-4.278596032707478 3.426435757240455
5.700059134135458 4.028660166863297
-3.0740583096978398 4.107008713576555
-5.097679492450049 3.865967738703361
-8.465971841800148 4.810818437715149
9.384080766842818 1.8918564220064091
-4.605895920502308 2.7664139406231527
2.6823489558655993 1.1955802759230423
9.331499155018218 -3.523813880722429
7.902040943803023 -8.556027437506435
6.980472155001706 -7.066685334612764
-3.8078900122593407 -9.210438299472052
-8.885050267481647 4.314835759442959
2.93218430333461 5.664505446363314
2.44351689234691 6.0494306069667445
2.9175665941495392 -6.761492672027503
1.0526078501458684 -0.2645543192647519
-3.7577952549987748 9.53595949355389
-4.052450108373771 -7.764299075945917
-9.52899347157225 3.3346170602391005
3.031458607358111 2.0947402503282238
9.439485704724191 9.055148724204773
9.944345492411859 8.685725031553876
7.631558436816338 9.367243542649263
-9.029637360685967 9.08230872921439
-4.175527399422547 -6.551988579573673
9.473928655002151 5.0396918977617755
-4.199530760188068 8.219875611561932
-2.9236805242524984 -6.6529925664414336
-6.174780712582617 1.3957139657649247
6.412832845324981 7.802773565310716
2.2290551543624897 5.019305308846038
-0.2533514567934869 -1.518294954811667
-8.37896398445066 -0.9989145543536395
8.824067475399492 -5.529259033781788
-4.394447219530251 3.776139929361319
1.5180028763771816 2.4483686005928185
3.966498468887165 -7.0491352155950215
-7.750787285459739 -1.7612486924555881
0.9481688383071791 -4.543932073526551
6.179605004867327 -2.5428606163748713
-2.279378529077345 8.570689385497417
-2.201196498223137 -9.732797066514628
0.15279494292931695 -7.526403218452984
-2.8060871429223955 7.779986063413254
-7.099934186098209 -7.823088607368664
-8.49374797712253 -6.252790914875566
-6.523960193093645 1.9828642014374136
7.994762442661557 -2.52003339642739
6.787130424310028 5.386056627880624
1.0217104306843172 6.167857432429372
2.282400843156706 -3.486834274545756
2.6655865247814976 9.561922727142349
-5.011048428807452 4.901948686293833
-9.836123660235446 8.882525575560994
-5.8951199582012315 -9.861785795150322
0.8257418451527077 -7.7316283584288055
-7.596152055678567 9.516518040538333
-2.455615475437072 8.213009602323062
-3.5181357642354367 2.5550463807383306
8.556642987020307 -8.554027832054352
9.631941956578398 7.206778780601585
7.221348253848127 4.23823321501011
-1.7237771164512488 7.226583393337279
-7.723314254642178 -7.1242206956424825
-2.1536079529550616 2.1261892860590574
7.168452769038119 0.8449024016988034
-9.444820680573772 1.1426858984154507
1.0170375872554054 4.05888671974272
9.379214532564319 8.772663029918789
2.224887905196958 -9.995887296912322
8.114232276315704 -1.5142625656056552
-2.7046722417726627 3.789560657093281
2.793913918632212 -2.8538642334842805
4.121631577794481 4.3593349580826235
3.8750046419170143 -1.19493156989736
-6.458284950453306 8.931271047350442
-1.3293616602176517 -5.858560917426734
-0.9522293163972133 -1.7557973317412934
5.555535025359159 -7.295872312844873
-1.7025029421086515 -5.658593225268893
-9.133472826998492 -0.5394964346905056
-5.312859931598382 -8.07727596800917
-5.212680087153638 -5.209576057497327
2.847928661426648 2.148112236588842
-7.299557542617439 -7.797851884597133
9.301542432205984 -5.1905830645872175
-8.920354301565805 9.069673109098673
3.6253227317684207 0.8086756048516435
-2.0918821251772073 1.338260437876837
7.966189691864859 6.03452413146886
0.2803841804306977 -9.355570744109727
-1.153634479389904 -3.66013714503506
8.169024919848646 -1.8321425501934705
-0.3775290339255939 -6.2961407068459
5.408410789286462 2.0945197608607184
-0.5356058242223565 -7.747684383642175
9.721655501017274 0.8972909714626187
3.740401446761153 6.502320391356594
5.869970380810113 -3.045482470214025
-9.232878170338182 6.332129965636888
1.2345881320622532 -2.9259639108721425
-3.96945468621257 -2.082263936986788
8.90483201555276 4.209948070934178
-7.112570702170493 -8.234321073758277
0.10654882823700085 -9.025399141572992
-7.910726320006612 -9.060929295628924
5.314333623113118 6.37131391432289
-7.603034441340489 -1.420885166699117
9.750649016387818 8.366708546195177
1.8666770487165465 -8.892815557482924
1.0857927429786667 2.1348533857709278
-6.03364991088196 7.504748802110171
-9.551964203994274 5.283713360666532
-5.756737883619733 5.557372817878974
9.858382660353435 -9.639363082747902
5.642856951380306 -3.693845921530718
5.280309992068084 5.593060989223101
1.0090799591455166 2.2016855041625547
2.3465908055844444 1.3738133899989524
-5.262731277617023 2.3081698524711776
-8.236039338611256 8.205493425726644
-2.6154732869533763 4.524427395779075
9.967687633707289 1.8399892910366074
9.156817970537837 -1.6828135693766537
-1.1749796192745947 9.531396443152993
7.7254252297282235 -3.307254529502255
7.993405980622033 -6.042710842020631
-2.756072065770903 -7.143545100060182
6.187415574457223 4.738668639680752
-7.635967167278473 -7.265843658367837
-2.87177775532742 8.9345379971708
8.38108432923352 9.486930841677548
-0.26017881227387285 7.48317636141277
4.66393630643455 4.311157050542215
-5.270771487917438 9.493087567229416
-7.30958272321798 -1.10954825217682
-2.680872389792606 2.1674956545615736
-5.034307638617026 2.4479271741296156
7.453584693214459 -9.897542158238437
6.480940239281061 5.017318114325885
7.160729374693986 2.937286226312949
8.354022090151375 -5.346565438623385
4.287120740799859 8.386246373268197
6.299043043706195 3.029419458739916
-0.06864746445971903 8.51227498794962
-1.207042388694024 1.2160303072274719
-4.393845531967542 5.975134968773389
7.903347761781674 -2.8937290598935927
-7.369757243493085 8.93956336668478
6.8457292228715225 7.655331027221607
3.2855132430229066 -7.107207469138097
-1.648544091995598 6.161875289694333
-8.090645743745231 5.680163208224743
7.503377716894573 -1.6973588885365523
-8.894739117029062 -7.641375368889598
-1.7854767776895564 -1.6798975047655524
-5.8716333259367985 -8.388106395241666
6.786527420686706 5.723969960734511
-7.012526547303213 8.954452547706982
6.375587533964467 7.93825936917483
-2.7996773126590906 -5.45698167609263
5.310236473465261 -4.892607046732403
-2.003433411495859 4.948136901619041
-9.669078723393646 8.129794394270345
1.99929764320264 -2.5292344079845126
-1.1559192690316955 -9.362801384425365
9.139264692394885 -0.3059562697292648
-6.3850146813235416 9.317018759637243
1.439519766712543 6.4897058697077235
8.89813594577101 6.941327041829304
-7.682399534652915 5.0016883861521535
4.403524606437333 2.723737429939817
8.88596754805915 8.71272207580822
-0.706919027701705 0.9629994981362309
-8.964075065853832 1.5786523713271698
0.9679944415165522 8.696901146687022
4.875047369107058 -7.880005806157559
2.9335347492979125 9.205958985848223
-8.270643210230277 -1.0620614707157685
-2.357403049594038 -3.441403988625929
-6.984682237055084 5.3357208553858015
8.548158456380431 -6.1026592154149695
7.687025379634292 5.826562971220238
-7.595406274101872 4.576468370169
1.1387515931275018 0.5343224514215521
-6.559146810712391 -6.260750954400369
-2.654114764032009 2.9609160968856667
2.343190307461123 5.234932988589696
6.723599060833202 5.410715915604731
8.374452021345146 -9.19659328850768
-0.7721061991117946 -7.146753280822127
8.309062132561543 -8.918287280156429
-5.463451720508723 -4.43069419021445
1.1438175356791653 9.141836914796016
-6.435500893354302 9.342062929995635
-6.518304052094055 8.431691613927843
4.492849203783143 5.8193442544637985
-6.707864244529529 6.81462503827947
1.4390348633852028 -4.018943135642344
-5.355117506437126 -3.421989198413719
-1.7580297228575255 7.695146658858288
-8.26243722395284 6.891971347252159
5.753157350937549 -3.2500972654311022
-4.302462426192573 -7.298198965696557
9.481093208734126 -3.360439608970265
-3.768047552740512 -0.6435542488454171
9.985431654464655 2.0941898790251585
5.7948190596509175 -1.6694588892820477
4.923298762564663 -9.147537535933814
4.6360148424168734 6.389977063129013
4.00614315251576 7.301606617500841
-6.373801194137274 9.725646769059065
9.623608370627942 -2.431523566127744
-0.051430612166784684 3.5117559619644805
4.255880343317289 -1.9872540452957193
6.506748119518949 8.799612576555432
4.121312896233791 -5.833264859658311
-7.0578182854895015 -7.426100180012886
-6.54429547999154 -5.232246073818483
7.866443379948972 -7.574794878174254
-1.0926621149448756 1.3028168379429843
1.6789777368804053 -7.348634046167522
-2.7973243335947373 -6.5643985923326476
-0.9632920024419995 8.107623703831617
7.726892099714682 5.387225822579417
-2.697749035310901 3.633646849491303
-4.568541865298381 -4.9405298649286244
8.830165879676251 8.444375700717195
-8.437866721623113 -1.4158047955867872
-3.012762996528828 4.258939773051374
-8.85105263780204 1.8407825351550464
8.831685983523897 8.908931738051873
2.823689125693651 8.775023072994948
-9.046169084445665 0.9536599751051185
3.621380179945966 1.5394383071297941
2.8149937140501518 -7.5081230194439215
0.5067388553849099 -9.79564102570479
2.3290594794925674 9.059761154935646
-2.5458055557257175 -3.061181528639432
7.881837081646573 4.766732432800897
-2.2499663050689893 -7.778753977677857
3.17748151749678 2.189656054007017
1.1437693380440699 6.673862508206902
6.905753831155252 -5.893855569791134
0.7764498866884999 0.788245447217168
3.4776673329660373 -2.607102432128274
2.415457859679883 5.307556579895195
-1.321614882762299 -4.695351958510083
2.3111754226562056 8.075644084591499
7.772902161644968 1.5434131544382996
6.589917348268266 7.130899774212946
0.06074644753870473 4.838874264346384
9.421205132516125 1.1223107996356507
-2.2003781684750408 8.242324079142136
-3.305373855911135 -2.0306473545778614
-1.1418259277945424 6.048142059758021
1.5780455502555135 2.726054299035553
-8.805306176430598 7.619097049427946
4.2622981295076485 8.214603325142786
4.356570745943264 9.296387376363214
-0.7615624157937653 -3.85663424789745
8.762655213979233 -7.978536074352435
5.584741751185147 4.6319715441272145
-8.077211857915065 -4.808778977956402
6.281147032423004 -9.876627087522316
6.45080861617862 2.8181907225984055
0.4506504736191417 -3.5242036345872947
-5.333946037591679 4.239096037086622
-0.05813251906340611 5.448604286627965
2.7962100015637077 4.893609060636482
6.6044079156196 8.29330384065026
-3.644027248347803 -7.7377207914576385
4.217173756171684 8.270278538104826
-6.695674847774935 -9.076291452639927
-2.53385411948509 -6.331965395814095
7.3178022612598745 0.8316377178292029
-8.391402758550532 9.130655129089128
2.639669969837346 4.67199886847996
7.014654453930667 -9.510497122821274
1.7552569857443938 8.06397083946377
-5.12155067127863 9.380096515253097
5.769523815769315 -7.236192044956777
-9.81392845230636 -6.979928680142513
-9.804363888798237 5.501173481232907
-3.8007266453486803 -1.3028688218368867
2.2856235832277356 -5.838893469251252
0.06857562448794496 4.318948512509927
9.326406962799407 4.170975676889819
-5.197521188271534 -2.1267432623958493
-2.1612223073434773 3.6056161964930684
2.0304494290579704 2.7203538751158725
1.7112609648346844 6.775671778167553
9.187348489235603 -1.1235974648796283
-6.955221224897345 6.4689565021597915
1.4442650432863342 3.1060086747909885
-6.776620918110384 -8.975492182187983
1.5415508449419555 2.136053485641753
-7.848084425379991 -4.322352435544512
-5.394556111670035 -3.148063147479288
6.618530437145349 -8.861771758081797
0.9272846934992458 -7.635236302254826
-2.7237842279310094 -3.586448386457402
2.6435150566685746 -1.0641979521197893
-1.2784554071094831 8.866095085835713
6.337686451528544 -6.891802400033371
0.36768626160048257 0.5078363458643622
-5.297836340736097 -7.0315264177227395
-0.051794189837865545 -7.029766836487152
5.814955574813553 -6.782711273261275
-8.710386082794859 -1.9693788735812205
5.070164268204621 -1.4832970589626413
8.580493777822127 6.710084576549839
-8.43729280163598 -4.658160870287311
-7.290676531782241 0.8627686569005846
-6.5050348261022295 -7.367692935293661
-4.936304660764657 -6.321266956162585
-5.9736536857608 4.243960408886524
-2.910479179262855 1.05706135723198
7.809167374217665 -6.023296106262643
2.4006992643089564 1.8736537259794002
-8.333897691609813 1.8856872055124967
-4.960057321437247 7.0245060040807985
4.834506073007184 -6.5965299508378505
-5.075396382276402 -2.422354397527191
-7.232721435101277 -5.08348828225845
-4.5076201095952495 3.2769654048204604
2.2606592468589355 0.9620030545490827
1.774305862355126 -8.921501772836622
2.969822708785511 2.5724570795497606
-7.202197538608082 7.155952536558232
9.096466747008122 0.8049037044026068
7.4910788376029345 -7.946172754431988
5.836151978111591 9.519719452483592
-3.0176765506661702 -6.698736358853203
-1.7477829241170468 -6.133993789340336
9.69982639552185 -7.389593973628294
-9.321878942125972 -1.337602529267329
-5.002308357638736 -9.144215858168716
8.0485406752477 -6.5722995010040535
-7.6977947600624885 5.15591339729122
-5.60996647671838 -9.936549145629943
3.4510240581190423 -7.6722437863597115
-2.9071384006772183 -3.837993593993076
-4.7968578962428925 -7.846025757539867
0.9900891240348528 -3.015452096338384
4.945970911443041 -9.201732578151898
9.577674346645214 7.0001808563031425
6.061132451496192 1.8429822313034467
7.90508997862883 -8.886922042681286
-4.743082358451374 4.496414551018331
2.9585416486769454 1.1550390428430894
7.463809212790629 -3.4850052201040054
-8.605804100502482 -6.917868268631433
-3.4874113569919825 -8.844306620063332
-2.3264031833570753 -0.6146773353620318
-1.229567173665778 5.488665600788494
-5.218627782917871 -1.3358819375380868
4.994461226608738 2.346225438682964
-4.189952533930268 8.29851847109768
9.188917689986301 1.7828187504589383
9.546160279474844 -9.45252204254595
-7.855776503605785 -6.359533246777342
7.597147519339501 -0.8650337229530045
4.44642514904883 3.7284720430404654
4.771004230019113 9.183770921739825
7.955045746572342 -1.7248738311908962
-5.5418999375331435 -6.6959674856173805
-5.153951949327937 -2.0607535251802167
4.283791584625131 7.631871256831953
-3.900230050478875 -9.954465030887201
-8.023219266386295 -1.3322378047185737
-8.560340616168425 -6.323957195733831
0.7521837824131499 8.83254200998546
-8.267688855546705 -5.959096138767228
-9.622176084773056 0.1672349438991496
-3.8045870979644647 6.300127187584216
-7.95793564420757 -8.772772951558519
7.441947659867552 -4.11319277560219
6.627343595929595 5.194303802152065
8.131402740188765 0.04512105031964708
-4.264693226525043 -6.998264051202092
3.772622066785056 0.3720931034681989
-4.402150311713974 -6.47836847981784
0.835675509588576 2.4553723930529188
-6.165153844213334 8.612091115838215
6.183111076153111 1.1415735422629893
4.098386758591914 -9.744240105782882
4.165212096964751 9.874500234789341
6.202663290987502 -2.5030082418834194
-8.860386465911992 6.763214080129277
5.325687508728514 7.857494519580939
-0.927306296649764 8.519145119168044
-4.427862699806131 9.607340884441207
-1.142820283860754 -2.6908349369949125
4.964261924891151 7.002438658522404
4.821369946894853 -5.850716912632768
-3.1173587549753234 -8.481342169712478
-9.8261194590852 0.7202368827182486
2.868383799143775 4.280258079885611
-2.449734958413803 0.9117571013712968
-1.5167516629443512 -8.711151766524353
-7.030118925823576 6.901412249891958
-8.790605163031861 -2.871864851942318
-7.374086385083158 0.2136886140515042
-9.38119214013356 4.116457287924629
-2.6691915830543937 -4.149950717107913
-1.7141200409188713 -4.714723155146836
0.8678979633719877 9.821213857143668
4.480533626308308 -1.4577651248074996
-7.620426656004653 -2.740086376746243
9.722452254183839 -1.7741372827912372
-0.034547636902736656 -5.342171767831032
0.009472731992444139 4.985097531152524
-4.443490311950347 7.3944922589678335
0.3346871180814972 -9.627745934742851
0.3776403125740728 3.5461549901750473
9.597714631340661 -3.7846078241887255
4.63963908214329 -4.146294887868218
7.010334338723389 -8.813497218653758
-2.23649791096578 3.806330939408344
-3.978866021317624 -8.82225126173738
5.33642546205048 0.18501974689461775
5.151782161521314 -7.557788075123684
-3.4885038426815758 -2.8819152641154044
8.363604260094114 -6.049052363351352
3.0287249802130116 1.2946817653627534
-0.9947945690053377 4.258918828227532
-1.9548243663798974 -9.772898430068755
7.201225233258054 -4.760737267085693
-0.10866287346543935 -6.999279206333835
8.392906609455565 -2.8695734187873656
-7.470880920292764 0.5812201261128553
-4.169177140300446 -8.910107626664079
-4.732184107222171 -4.617082993413748
-2.9966110666888657 -8.127447224999848
-6.000978260370882 -1.8293316458424265
-8.72234293642771 -5.599409800956739
4.785438306519085 -6.706271471225822
-7.784531932560923 6.41111005073499
-2.250971613170856 -7.46208980279953
5.5335927228525605 7.415479728291668
5.3934331749302356 6.2460120474457455
3.24473758165394 -6.793877914979333
-4.737189481937576 -1.5973844928821421
-6.965069071272795 -6.2365531034533594
5.663338515085254 8.701352959567924
-9.321909128335552 -8.022914962792541
-2.855116337863956 8.885417807631203
7.780701419759456 2.3433198101004127
1.131181159073133 5.319855604872956
-8.903236856213406 7.588085469417543
5.569071898619761 -4.751571923018593
-1.143410442931998 4.165774523751519
-1.504562340482373 5.947320436674254
-4.362881608830755 -7.246441158816024
-0.9171509861530183 0.052909593469429694
4.388071449327317 1.1600148879414647
9.752098149601526 -9.061361153178495
2.800711682334356 8.745147650510393
-7.933589757802011 -1.6881363380912262
-8.882036801045398 -5.991928175701286
-6.594200575569376 -0.6463050873277787
3.999327406524264 -0.3973345327674931
0.831408122296331 2.72414951673656
7.51919510497742 -3.9565046074204275
8.154440950535143 -5.348692950534446
3.5071175211075296 -3.2882750451810345
-3.8616208473171953 1.8813672864615398
5.940794640621679 -2.6094286201516077
2.1970510039354565 -0.7841383364043963
-1.4653803618508725 6.5329405365392255
6.041340482519427 -6.073979921016594
4.915062359866354 6.548193844255927
5.438418341360986 3.3310962062214955
2.123820355687837 -2.1174987751156005
-4.707064659056607 3.665708555649756
-1.640938211100078 -8.612218981048173
5.808112135661771 6.874413687604843
-0.7645994638625062 5.423548091272199
2.3216628855747583 3.326928852976911
8.924881238001863 -3.8029226361866026
2.791727920835207 8.380803044344265
2.964777136828376 -1.2420102492557206
-1.7199298059274177 -7.156076961378954
-9.486033950751732 -4.0231815635705885
-3.7781506085221555 9.166613779767967
-1.563121029253498 -6.188183616402679
3.8403364913924563 -3.6087083280536962
8.087952874375674 -7.19434061763395
8.065041946077905 8.655310012838292
-2.7707461543717926 9.111862842955894
-2.774604093155368 0.32688030332020546
-9.893411125758593 -6.648567571601848
0.4521756937294583 7.498395210804286
-7.912965062451662 0.5015201063309771
-5.696261269217475 -8.69979304106629
-2.389892362736898 -1.4237744294796038
-5.738646611134848 -5.123931016849919
0.8995906939962701 -7.325924026410902
0.2669682185132505 1.6599880388624673
-8.651083882385892 -1.960528842827177
6.835394138985478 5.617691895884489
3.7129902696639654 -7.474049102608813
6.706625173571567 -5.646493929738683
1.6854203870024005 -5.265607406969995
-2.67881472935837 5.372368206748222
-4.254023678595871 -5.671199883494971
7.8364269659932475 -6.1881968535745475
-0.40662689928277196 -1.845510922528808
4.448155381715502 -5.346425762242665
-9.16955963615403 -8.908047532493182
-6.564397408969351 -4.0043063529484275
9.9636118543795 -0.3421466998501721
5.259433771163135 7.910210201807828
6.976088858429357 8.652080122524232
7.770321993273917 9.844952434991466
-1.9394617611861555 -3.695768178138426
7.226483157907051 -3.6547272044108636
9.639923122070442 -4.125334429134718
9.413597642179848 -6.800508432718766
7.380892865085066 1.7252167512244991
5.887069866249529 8.597513882848205
-8.928414703174049 0.38880401282554367
-6.170659727783687 -0.24998297059061514
-6.719724590413099 4.634897140049603
-4.867836147055877 -4.88232846405668
-4.239881688474516 -1.6402352644578322
-4.409396231862166 8.168435725350001
-8.363449352719417 -6.595856718208102
9.724659566595196 -9.806560796965783
-0.20548471128510926 -5.1564132074487485
2.315488659107576 3.2943044901916316
-9.776187446468294 4.619648797009859
7.76494475169811 5.469227597369137
1.4916845463294415 -4.883492371289579
-4.724969766094073 2.1543391770845304
-7.773025736148953 0.34995501479386526
-8.682130027031265 -7.587650654606611
2.5973305050986024 -9.08978805130472
6.330899709171774 -3.356510995556688
7.004481382602613 0.19362266608908385
-3.9033444496280083 3.2177194719364532
0.03503913126703395 7.318702245220955
7.828219258472117 -8.066424252409558
-8.309601144787134 1.1447789315577594
7.537674067097434 4.987179724504827
3.2182859526218266 0.573651899975264
4.909672698516394 -7.654825739012773
-6.2150265005511995 -0.03933328519889301
2.3383619088368928 7.567958773825751
9.780943526140774 5.689900423347185
-0.7704149596587655 9.545461927265674
9.732543802430595 2.9398346420211947
5.457383788506613 9.245168552123502
-9.641869831421948 -5.915482622404438
2.483180564398044 7.907573207384456
4.175527443201066 6.198020815766903
6.558713217609423 4.395693526388607
8.891025972593276 4.524296193921018
-2.1418953179580473 -6.7257700864176195
-2.739104216032924 -0.7531373197435709
8.471047751237275 1.8521863655446182
4.556325096925635 -3.8324688056971183
4.442774235290658 2.5488937653867083
0.6817107567735228 4.331894096366607
-2.3448767912184483 2.189801405856402
-9.703766355386964 1.316726140468278
3.111648905364479 -6.992415573100765
5.8549023616283495 -3.3159631637423814
-4.079059483003629 7.512178242992448
1.5413994821509824 -7.365504533941678
-4.566216843171462 -1.3974621253446688
-6.760849957065915 -0.44726649623916614
-0.7856819302254436 0.01510437960400779
-8.578433783239436 -1.488221075649447
3.5850909913920184 1.7171230330980052
2.46581755332652 7.473084908160793
0.8549791641158464 8.941432435237257
-7.570049059531354 -8.686929699797732
3.0994359761425745 -9.918252454389485
-2.35205278621752 -8.412920085855088
-4.032386675421915 6.284817957961181
-7.781080393990125 -6.9422315729667705
-8.24362856266297 0.5129148711103575
-0.975685367367479 0.44742641930097626
-7.9242220992524315 0.6259710174799444
-7.854243043086471 -5.7523198029439
8.805635128183955 4.224187448784328
2.171407676290327 -0.15073845091228577
-5.199838558506666 -7.806141112463443
3.2681461942444106 1.545380110158412
2.4678130174317854 -6.930478530795064
0.5836100024710351 -1.2389108901367258
-2.9744685310030565 2.249275342943717
-7.9162494603836775 -8.626378558039708
-6.917108396269014 0.036657751246153225
4.358487688196407 2.7276555287471194
7.53428626266119 7.557593049027393
-0.24822452774017378 5.578879982899858
5.2061936437526874 -5.377250662446866
-7.526603791509228 9.691045053491237
-6.783897745068659 9.975916033142976
-0.5268732538365395 6.854053178441752
3.6452710820646637 3.889902472311073
9.903499634253308 -0.9214851858334221
-9.539204981466408 -5.232186547911284
-7.890905409909161 -9.691356415805991
2.5034157357423243 0.6536591823911344
2.039238275538171 -8.295149682777627
2.627366692199116 -0.2420643938046716
7.199236717974795 -6.80863741499222
3.194727834463249 2.327012415187106
7.3378388813104465 9.145196021581988
1.2235381545345199 -8.931903643559647
-6.704677922144111 9.005757401986031
-0.7076315265845405 8.607986960378568
6.455342508300372 -2.870482712343982
7.142150399628957 0.34402450927170136
0.13323681475563554 -8.496593613652495
5.425138766850225 -5.369903090957868
-8.206555211037523 -1.4685293444722483
1.5017147660974324 5.2995424875204655
8.995632126401574 -2.6196513228312206
-4.910670234406331 -9.361016629641066
-5.932686297181668 4.53440483794296
6.309906460531309 -2.7257670681922797
9.632977190739982 -2.491874750428811
9.425419509250858 4.499290381880382
-0.027191173672038715 -6.597794716843646
-0.5161456250378809 -9.296553290657112
3.5541509383278154 6.079347290273159
-3.633476553046715 6.9153784448952536
9.761272111969785 -5.732048000821508
7.921533683625633 3.3150011054389843
-7.933322634620017 -7.463297726718039
-5.806765506557737 -5.678430109926205
5.586119348293714 -8.72675186393893
7.813894940256382 8.238934932124021
6.271415362420768 8.253398211293522
1.0896145072519978 -1.1857931924549128
-1.1704676254535666 2.0150364614573935
8.74203627779238 2.5097821862430454
4.482239583665244 9.686048858183163
7.1589707730335235 0.884149912352898
-1.5602160390414177 4.983996725157569
-4.450057240074543 -5.642994281564235
8.918453261004757 9.333486159976484
-4.836956991895267 5.841052933959281
-0.7599784059910775 -1.4330327805371716
3.4920831107297445 -4.056542306022186
-5.790950670086598 7.033595842915336
5.533380127193915 -5.480342875347524
-0.25123862288304366 -0.19136802377132867
2.3686080266252514 -8.487921908877524
5.327489644091155 -4.003541537255073
-4.719251606407284 -6.333956604665721
4.817125201664524 5.071844735470496
0.91589354778427 -6.482154239340296
9.582494439973498 -9.097643485267248
-5.727730575532222 4.553054877488345
-8.845043026006339 2.441170313416105
-5.965410288273228 -8.640770311533196
7.469185050742887 -1.695649414736554
-4.0134935901825415 3.144009105924571
-5.648509036955187 4.1526638283074995
-3.350670874139108 -8.044323401890178
-7.55690920654912 -4.999893740417627
3.535554506912259 1.323175223911159
6.688370668675244 -4.38090329886413
-5.706049266300884 -3.892443340152072
-6.0363075977308895 -7.88355460523924
-8.007242116495066 5.6846438862281286
-3.9215963942129983 6.256054620023285
7.076665702736086 -3.507123800506937
-8.270636249707211 -1.8827755000952973
3.07865983665258 -5.659128316190321
1.985687860603642 3.6468825658683137
-2.6532967980282933 5.892976292534826
-1.8838276799058313 -5.020177711922516
3.8790206050893783 -4.6297820784251265
2.0272462556787314 -0.163942392930279
-0.7050832859104865 6.761689070362269
-0.3707458794327536 8.235862961829547
2.2310253760648955 -7.956668777833597
9.220815941971505 -2.3890257440352203
2.0996658633527794 -2.417511056931618
-8.657188925789015 2.0157942242074007
9.399076634096183 -7.545091768340679
8.50269126274555 -7.944517134553468
3.5358437508819645 9.22802132865391
9.632245233124081 -1.5019928196523509
-8.683061709355073 -4.615637272290449
-2.8769179860441056 0.8624787897222177
1.8458436099976652 1.1798484283123507
-3.640695897819164 9.669289333796332
-1.2967379607569747 9.300717216714073
-4.551329153763149 -9.165364794888859
0.9320449531379449 6.835879277547264
9.350639622496786 1.8526189905132995
-0.29460665333794545 7.232794063693348
8.765410888554303 -8.265101044448018
-3.2259279730744943 -7.525100909654741
2.3764649574366903 -4.601771869343088
-8.644888458639358 4.392609563930488
2.8020200924493537 2.624544929362745
2.428249761937874 4.752190484979552
-5.633099853375711 7.5630429223499505
-6.6616538493336925 0.9881575049006273
7.131179851574036 2.413498771359084
-4.573705751025361 -8.684432903420179
-6.805955021807617 -6.723247181687151
7.9066749993735 -3.3507724792151876
6.719627073865173 4.169569947577527
-6.036075545841197 -2.3381316622306825
5.86139284138426 -7.600957036583398
-3.602376357089721 6.61921168898354
-2.8939588666549687 -7.061199606122106
7.245324103275461 -0.8944244289198959
6.629711651085753 7.1253954624665425
6.622943003781522 3.6241516309533885
-5.062786937008856 2.0087427552314026
-0.024411453053321708 6.656121545840424
-8.317299741778378 4.042264999354668
-2.0466949862618016 9.531314755620258
-3.756202021490356 8.158299152610908
2.6231317748561906 6.793235847609143
-5.156744007291783 -9.398600134986161
4.979952715451482 2.4074808383276576
3.3472252839167567 -9.04750300005026
4.189124697447195 4.557970920227405
-5.506552121736192 -4.442579789780665
-3.5582455186656814 -8.41966043412369
-2.948531169163484 -1.7844426617460414
7.3479562529036855 7.305279468478144
-0.7499662376949843 9.434778783654906
9.187762287736223 3.4867269656073603
-8.061910026468357 6.108143872441161
6.888543609683367 6.204901639302115
-4.125890404952461 5.821405967910138
7.379238362330543 -8.90226805047747
-7.375911732703586 -5.8565594806713905
9.848310321148965 -3.3662403343506124
-4.386000113919062 9.28728122917336
4.428214061644159 8.749518427872086
-3.098682913814425 -8.78892878944506
6.648986654453715 -0.8202742250666066
-1.1409476053981553 7.9742085989856655
-5.169290082557669 -2.552221702968631
-5.2358451348991935 7.161470334505552
2.1943306196014376 0.12885080892274736
6.57590373351216 -9.05063197693539
-7.898791020648696 0.5692799011620213
3.3054280450965905 1.3518408198628347
4.524146641326025 5.3800904043287705
-4.771921679517302 -5.725620018170967
9.633611760148316 -6.213688065062836
6.744508899636074 -2.886802641969175
-3.585845638447065 1.7631159194605779
-9.101468847673896 7.390434889663407
-2.8710469944920503 -1.373469736937798
2.5861648058069164 2.1415875299110887
0.688161831043093 -2.9634079031881466
8.287483119995812 4.470639609614075
-2.7750797608569773 -5.133066089908091
-2.126908541666806 -9.307838712320965
-8.086928831996783 2.207099655334437
0.26794398962616306 3.963176836080722
-4.88583541661175 -6.71200359371406
-5.485709180133607 -9.209334208137982
4.477213396862002 -8.925861140221016
7.89586350566967 5.304782119444722
2.863685562970172 6.679208234044147
-1.7819381359571906 -5.3888670459715104
3.7537092508051373 -9.133239311339432
0.9988051500774358 3.7174210324366026
3.7244597167199185 -9.090106857404688
6.039359887370278 0.9740832462976421
3.393032097001168 -5.375833834460102
4.174207654791877 9.127578164316596
8.026058912713864 1.3158724776579938
3.396120458141585 -7.841663614599767
-9.736548549086146 0.346134740930534
-1.1979041065544536 7.276794254794346
-0.7221662229879335 -4.841755393204776
1.7984942104132422 7.802068710816098
-0.0008860218526773878 -2.6462681067141443
4.164831269914371 9.507568400424688
1.8934743166365404 7.870206117272772
-3.852067960433927 -3.6708805388587713
0.01582063911904008 7.389868605459959
0.9011550699778184 8.914006338157204
-8.286866972915535 -0.34757011562653517
-7.510200892484358 2.269488539294997
9.200011573081749 -7.446148328205526
7.737875887025144 0.6631188121693903
1.2791569030962862 -1.4150449258481927
-4.446478392142099 4.2081311185431325
8.821385701004218 9.555632575631773
-9.107268147047709 -8.661869840504853
5.481578383944338 7.311286508118304
-5.642286986813825 -6.8300807968327355
-1.3229108099132514 -3.2786993989466335
-7.35913633979691 -8.744848463769788
8.920953258929782 -4.583952291817905
-8.464158536588684 6.843738351295638
-1.8941428770344224 -6.666098390187141
-6.923968386505653 9.476139206461006
1.9996759163326168 2.1991521338744775
3.2784740013252573 -2.427307383322754
-9.323173820779814 7.821105725116965
-3.299748585390949 1.2754679863393203
3.974550976896561 8.213566303522907
6.576315143874702 2.0364710961452026
-1.1003705961675418 -4.559559854549682
2.8620999179347777 7.876944856334365
-8.71983162794348 -9.398228449311324
0.2478502871498467 6.296772214994661
4.0927650402652365 7.152449381260354
2.0375023607527076 0.8432584432312815
-4.389599454966666 0.1044877248246614
-8.478768955124176 -5.524609065145782
5.2467510211001045 2.9740638469549214
6.461672008332236 -5.96249486418861
-9.174840829928712 0.0036579274548778073
-8.853238610121217 4.993221794104263
-0.46137454462557237 -6.882802101761445
-3.9396723430871816 -1.6928076723884686
-4.400751443967737 9.4398345582064
-0.08200254108187544 7.999411023565418
3.3815301278187153 2.266360938100874
3.75868931566073 9.362313982171514
-2.5751034364134995 9.818676455034328
-3.5735064782785697 1.6154422666950516
7.668687412245035 9.005856525396567
3.2792467322959684 1.0202214408933568
6.9724974545865095 -3.786404735209943
6.426565479806921 -8.58017211326737
-1.1344211909162105 -4.077452015212035
0.6988904480673384 -0.6134474499024467
3.69682529007002 5.296684689097095
0.30479101024236144 3.5686433625851617
-0.4021932780529127 1.5021729923760834
-7.286941303485066 2.8276605807735944
7.1710898173682125 5.961088293793448
3.370851842153952 3.53351945619319
-4.631945474298553 -2.0236404973927913
2.1491766074313503 8.984318634048147
-3.4992948767798975 5.059474007555632
-6.346145857327317 -7.161847574692343
4.091240758602687 -6.367760497311286
-4.179569402177035 1.384802497759626
-4.817925039313384 -5.345422606471808
-6.4722028048175755 8.621128837511204
7.341315158823768 -5.941622604982255
-1.866657864287145 2.3587132773701764
5.541398169375544 -4.3709874320471425
1.9398664807690373 2.832725446285604
0.8819130534270023 2.1887738518776683
8.226371224177154 -7.489832551730715
6.767924696815907 -2.152795335632522
-2.6878054687749575 4.301294531799407
-8.776059017945801 -0.8509840618040307
-2.780153971150419 -0.6009231604851983
7.344372257130349 3.4997638009995296
9.66393537277495 -4.873248096086254
-3.4473003221001157 6.074604855853856
-2.675308648061206 3.1053312952413066
-1.3684853270662458 8.701828607731127
3.883469781297217 -2.2580991494625575
3.3956068769595067 0.5682254445055612
-2.4092588070023897 6.348299919245548
-4.878642024869464 -1.6384311640899352
-0.17454744939314182 -8.761433149952161
-3.9210080040918927 -7.562949129344048
-5.153102335419131 -6.721026055328252
9.372395367130256 3.7630583755539817
-9.26277455454681 -0.9779787687338661
9.188881560941404 -9.005817859857498
-2.933579694683443 6.006766857415002
6.2197873837794795 4.3908652070851595
5.516770073102563 -4.678730471675783
7.171501940256306 1.25966824071158
-6.453324563884532 8.294803100710205
-2.4058320303548486 9.802985239458867
9.894994291557037 -6.822570662167456
-8.148553210432986 4.488408245720162
8.590056935744954 0.4863105136742458
-2.9438665355264444 -1.278699858143579
-5.617783526920874 -9.789341075659719
-7.407953282113613 1.9648885862058272
9.141633654561364 4.614880176712822
-5.518850377027025 -6.401416624650327
-6.294190684909009 -1.3358969684981226
7.122193349695948 4.008031946590723
9.682686574961437 -9.90453218760596
7.571372797599281 8.07256641643028
-2.1235706264867638 -3.95615570994811
8.169851777950338 -9.794010422938992
-3.4723622011035165 -3.285418712924473
9.299380007817234 -1.1691506395418152
8.488509891009855 -1.9957156770496915
2.9456838657896967 9.806204818578095
9.714082195030752 -5.396692300882961
9.008898100927144 -2.8706808883264046
3.30061798957699 6.838574772263762
-0.25928518667018174 -1.012411402460076
-4.609969130125052 -6.994573221316818
-7.278555815717773 2.5667094576101857
-6.6576761947359975 -5.6824100400784054
5.449504882563909 6.962077791461628
-4.448045161861325 8.67847303297971
9.402183837959576 -0.41933870294431586
-6.532932864030563 -0.20285745216497553
-7.644441177498507 -7.285179223509117
-2.8418939282690436 -6.734426452115924
-8.615935342973737 8.252740144364562
9.937595699964326 7.749189978482548
-7.0108722746679035 -4.130956670000392
6.597474140894498 5.085295857849786
-4.40888760676353 9.912944755618067
-8.488219584937175 -6.424951401763006
4.764514688716627 -2.8248398724450308
-7.276095786098047 2.2234999229604178
-7.366620555190062 -8.307264190406814
-0.9650702072888357 9.455831422142584
-5.1419376006498085 -7.518643964014471
6.194542187025025 1.5004696488663942
-7.402407963641055 -0.4592809284381829
2.475106703147528 -9.899362089951607
5.694539947050799 -9.1729273789503
-9.23737967942175 0.3345178292520572
-5.629900503488143 0.40476113511639333
-1.789970306735233 -5.416302275776084
3.972934318234806 4.448499117680109
4.4835418894534484 -8.152377683881017
-4.214273551435063 -7.59239022588403
-8.295641384380508 3.2031252999611226
-1.5372223278609276 7.979613088917553
-1.475793836871226 -6.963068682167981
-0.0858670809436397 -8.774548177565096
-4.204240133176329 -5.185105159901329
8.118873623888394 8.478057325661073
-3.7613038215734695 -3.9645278816925327
2.190133527446781 -0.4995114827159437
-5.820001417752058 -7.912841483371622
4.771852203850873 -7.560776680573939
1.8119571255261064 -0.891818997434008
-0.09760551290409936 -1.820234433100559
-4.7565513007706635 2.8798846863937726
9.811657540843836 9.381953626406535
-9.305341203129974 5.902498702976571
0.42218917011272517 1.5107627427298524
2.671606834178462 0.3106528434168414
-6.509387520616309 -1.7959293031940753
5.669012956765247 6.890883431878734
-7.896908958981985 -6.141163445329503
3.4165267329026427 -1.8888651736998447
6.662537137288748 -2.738999085157097
-8.392665084254705 4.952968345638297
-6.626201090621446 -4.977344356442337
2.164105700479496 3.5012293065893267
-5.7219815267113106 -8.319884120826766
-4.244846896439425 -6.145128201942347
8.682687669409905 -1.1605783660378943
-0.711977939053126 -4.285958730444992
7.193770780479905 -9.13734975743605
-0.7672618077820665 6.119885050861274
-5.7517011764987185 -1.1730967021499836
-0.866955654957767 -6.670088820039435
5.098191015569784 -9.788200044242242
-9.271146032828907 9.928379983222396
-5.607416198966371 0.4278150127634728
0.49946860016624406 4.424836201711331
8.31410929696299 -3.947578375794092
-8.111427316166843 -6.184022086385303
2.816173568625386 5.098249273962356
3.182940577082176 8.785855449793342
6.094448206751565 9.242323770851911
2.8681922353588707 7.943665815195729
2.2685908937142187 5.756281278834086
5.425555963955457 -1.4236455468031384
7.197791671687561 -7.339418043609653
-5.135586175000045 1.5449679770993363
4.871061697229228 -9.814301317150289
-4.607529672340329 3.2312506551365683
3.645092678227824 -2.170822784554054
-5.735558712709727 7.930849282098428
3.1391226372749124 9.719244965020614
7.771594841460686 -6.935384236845186
-4.190093965607888 1.8901106934948437
-5.068920231551006 -2.3336308354506885
-3.7158393624530017 -6.929460140917445
9.947587939704626 9.216930372032508
6.495069798468471 -2.9502870600792264
-2.854110423550935 -6.6398438493888845
6.679549652685669 5.98369768359656
1.7684480795916215 -1.9740099545420478
4.33326703266763 9.630577601139734
-7.905952086100079 -4.412082274743581
-9.122040695234034 4.362277642138103
-5.066392885567472 -9.652015439990738
-9.452755143771203 5.034528447545901
7.905043560446714 7.697440879002208
1.8513058701299006 2.0667078045963514
4.346121613159424 1.8491329579442706
9.857827871516946 9.864981404483174
3.0322047215943684 1.236470735856578
-9.334386610275098 -4.013968226220593
0.592211094602888 -6.171518110951759
2.122680359767333 8.066948606894936
-8.04745433506688 -1.1921083623721795
0.5958786144518697 3.361321720029535
1.441732458397592 3.058695041110372
3.956959676091042 -9.117475791879318
-0.7546926290476375 8.4806691626959
-6.979018557670946 7.831402309712338
-0.20695498376621657 -2.3056520379152428
4.076920334293847 -1.5323450720897913
-7.798105624193859 -1.683024749075397
-5.9928331067936025 -7.306588519266228
8.197074320599413 -7.091133843277547
8.487165265192889 -6.779185305581277
-3.5776782423248203 9.463837179518627
5.137891539298449 -1.9849877296639526
-5.103832974282816 -8.175870835154528
-8.000280087164597 3.361113116168859
-7.857434524520421 -4.5936542952143515
-1.2782815578020301 3.66792885203094
-6.819151706662203 2.831548762911016
1.1474783669907431 4.182911944824426
-1.0885154708537836 -6.371831219916945
8.56504604962473 -2.8752441710289744
-9.059514493149239 4.0271144229555045
1.8864761778149308 -8.55884258186535
1.4088957544445542 1.6674240549718
5.99661409818779 -6.609935658701469
7.452676142024746 7.419862198957901
-3.5520639781540986 -0.8124873605244893
-9.186228914805394 6.565727893761103
7.604414041113049 6.418080736011234
-2.664928345528357 -7.501307933248535
5.627391960586801 6.14750385932971
-2.4703567890812828 -5.9225510293142
-8.750477334576184 6.735322246789089
2.415632613552674 6.517679385583968
-6.65121908032988 9.474250190542449
6.738773486041989 6.260007998742136
5.076331277088242 -1.373916808686852
-2.6575874934890003 6.05667820639507
-0.8750868887272105 1.434238760052903
-2.7496011193582444 8.737334328066535
-2.97937709505836 -3.834704614002815
-0.2764435159633791 4.429130854444999
-0.9325771024687928 3.5181552140637162
8.828794010895585 -6.028430021124529
6.634717914850359 -3.1690575703605273
-8.053878777650194 9.991977028997201
7.868197579749868 -7.734111454410675
4.827247980415709 1.7243716345690974
2.8714061704982967 -4.58946054392392
6.984688826478326 9.344436377162992
2.4589870582622666 -9.165688402740567
2.4734894086719166 -6.082485003830707
4.589086663180293 -9.78385252759627
1.5103585290728283 -0.6965859318131677
-7.091509186799636 2.850966917713073
0.5314534859720066 -5.177593776848517
-6.427620889742123 -3.3057047183512944
-9.260619970701216 -7.772039565020783
-5.634563500194652 8.030263728763277
3.627865016544952 -0.7010828235458177
1.0480181729528688 -2.5107877697860825
3.6044635935215688 -0.2621076093719701
-4.499640260246071 -2.0238038766647826
-9.865131412732747 6.261130978078711
-5.115946059258418 -6.6536469104177804
-2.0325603739840803 -9.058026477752414
-2.6021465895609985 -7.165961895203616
-6.465339459665536 -1.8915132692128456
2.5897227989674114 -7.729778494913456
-0.013432537446519177 -5.666592760278482
-1.5131234894863894 7.181329674338592
7.339365314715856 7.140023213318916
6.211603215504812 -2.740207211055818
9.97229523764257 -0.6763158289301163
-3.3529991508234946 2.2218660676874364
-1.3318777499906105 -4.52658507624146
-5.130789151763642 -8.11246557419365
-4.467304489381774 -5.9801582581631845
6.994839769138405 -5.978042992176464
-0.13182963687893512 8.54237254148627
-7.174695880026638 -0.7805352076341681
-8.088914744184088 -6.231837531106626
-9.515204242757552 -3.1824621517176688
-3.903315247472685 2.9429705138979934
4.909335860455322 0.48365614184769967
5.898873609014828 -1.6193165934531155
-6.71932550600747 6.756253827487882
4.679086515370338 1.2766412755073464
-8.394397664591839 3.418952060168765
8.426844006322533 -8.351864849511006
1.1722944936310853 1.2878713848478363
-6.299094235587972 -9.359960567673886
1.192178664118135 7.341913951550808
-3.9595785949954543 -5.1425013758183535
2.3184913692203715 3.0033932189593138
5.628031144058653 -9.558089309709189
3.2251910929246357 -0.27557112194913636
-1.8461608661952518 -3.454565002591556
-7.6516305151760395 0.6312041014509617
2.954134984717898 -9.107859204426793
0.5649815975213457 2.941715488027281
-9.343129494941307 -1.824432158493627
6.955892990882219 -1.1502634532475735
-6.965495966715705 -1.7254904182751378
-8.594567258941517 -5.556798209328835
1.2082686609194333 6.062723384835898
-5.940876698712765 9.447990861471549
-0.1643916364630993 -7.229156600194575
7.906826278302823 -6.844804555496333
-1.9272581703856417 0.5831454124678217
-1.4737687342661552 5.331982336443005
-7.823890287298225 2.9209791162751646
8.776323896853974 5.828014919527348
4.855989934835087 2.2390160701390887
-9.758982977756128 7.4783001682183645
-9.19906472726929 -0.08974239325875111
4.6877564915113865 -0.5141250777865487
5.358866057191882 1.833739231372217
-5.086484106917548 -0.5586096083453
8.380506661177257 -9.300863662167913
-8.7441087610587 -0.055540361984601105
3.102353416064581 1.9100162907776976
-6.760006776100742 7.7600184466811335
-8.060744235245734 7.595608376858742
3.070363722613912 3.0830913529410093
5.470788109777395 -2.306673959428551
4.627830197662231 4.555581235210216
4.160361857530523 0.897597841461387
-2.543633530918184 5.9945567337805645
-6.042476355802737 4.996499860901967
-4.0159972253067755 3.223002643612112
-7.134616592572394 -2.2742861132240755
-6.085410596064071 -0.6981886009529568
-7.941119817841078 9.712535597058512
-6.908961876373779 9.674122926245005
6.98764669922706 -9.876579363165138
6.411720199131018 -6.248962825707731
-0.44663000312909595 0.1570314121341312
-2.1894702195271964 -2.8293281804001396
4.759015767503277 -6.895601657824484
2.345447294910665 -5.429494250760721
-2.0717358301210353 8.801871835112763
-8.116622423229757 9.813736658075108
5.9775197928347765 0.8037922975526257
1.137919865865678 4.83411779560161
-9.08359883158556 -6.594791421686641
-1.1321253758405376 7.46379636960274
9.593390604093617 -3.997214066163945
-2.868146080323795 -4.447390782629883
-3.83355167282037 -4.430496273428908
8.076655183698517 -4.53090737973344
-9.46538678343585 1.5645093359618336
-8.599085708031593 -7.437085775173395
3.063903334082692 -8.050630479777315
-6.4185536966428325 4.524011391301904
-7.963623270636601 -7.269156843530129
0.5047114857054318 0.43313001052725575
7.796473593450301 4.479322327866592
3.9564785639101387 3.6684094718151243
-7.195181089978357 5.861312139801026
-8.870191072129426 -8.994022650682211
-3.5923620267790746 -2.116890589353286
3.0343249595280337 -7.119220466365861
7.437811993221434 -8.144462328743277
2.399644039871623 7.9808347754129585
9.917001386902658 -2.078003106485509
-2.1274541489827588 6.9653544394598015
8.569527565365135 -1.4261123577648576
-7.973277857029862 -6.352904532737044
3.774670281145516 4.363155274603024
0.8100348606236736 -2.09357725999626
-3.0149685194127818 4.829988651524907
0.9181381074580113 1.371340162685886
-8.230805501135334 9.808506752213944
9.229042897019937 5.597719211287496
6.236565852476286 4.345540137429092
-7.15514800257548 -4.524522970343221
8.950416745001306 6.8569089098222555
2.4976620461882675 7.661296597016246
-5.977375642108365 -1.2386344368514042
6.243603642230752 1.0925644353972181
-1.357565974608887 -8.435340394093725
-3.4199030360837757 -3.8351925325698533
-6.661175043554763 4.604952559615569
-9.960573221491437 -1.027299979910918
6.95102676893044 1.3472268577540127
-5.878891097652817 7.460730368483894
6.578755110201168 1.5605921511002236
-6.796760945616396 3.712599966098244
9.969753496113274 -1.9157030071882897
-8.605741407722718 -3.690254237094992
-3.5233631509480112 2.4681406044911043
-7.680100453741286 7.416511472414516
9.378530523708804 8.445596516903727
7.249940276140954 3.7768038083244946
2.2661806289602957 -1.6117995348492968
-7.554333594714107 -2.418347907807437
4.0149967774637485 0.20456216808854677
-0.22214011946871537 -0.2018333907471117
0.04474675821878904 -6.936708808973742
8.69035452255785 -4.618512103332273
-0.3557040678006054 -0.6577433670528858
-3.2097674926961623 -9.427752176401212
3.6717072040521526 -7.369406608978433
-3.12174250533573 -7.556692764470958
-2.893179274674491 -5.955059133713956
-9.855600398813586 6.672353632799911
-8.250732075589935 -7.381303213646973
-2.744811245997596 -6.498774851434533
2.1516034510239805 9.936185027839059
-6.040109354875687 4.7222406487683415
6.135363318816378 -2.0891179747658084
-3.3811822251701784 8.877912785163524
-2.1177467318044796 -3.3331785455761676
-1.1763157033762113 2.2094691010681
8.465714457374606 1.8126869868408146
5.839937379697345 8.080645982002515
8.268642707940536 -6.9874653714079855
-3.6598819447499498 6.358078391216182
-6.0996371046348585 -0.6741892406715273
-5.024112442428084 -4.5454757672099415
4.101617543193338 3.515502340020493
-6.173908400741224 -6.079722125235798
-1.8784825608691609 5.051570551221012
8.450687150339721 -8.65377536904321
9.218234535130335 -6.495207800783773
-6.890286684496536 1.107488181115606
6.539117934492992 -4.8028781182806135
-2.367829821931564 -0.6147622736077594
6.811198397152296 4.8275698679860675
3.9433740446686354 0.8322149647557691
-9.284368731145719 -9.2679158460924
-6.526710155667281 -2.983348636309602
6.184818136913226 0.7225315344584722
-5.226674312687248 -3.5136097934590405
-8.975893628036545 9.348162748580702
9.25332473775796 -5.110269404569793
-0.8771761770539683 -5.7046873667891695
-7.891031198823661 5.793893261732848
-2.163954028870787 7.1420291565938925
-4.15719525005338 4.792286519371181
8.974432866995528 9.92557038280599
2.5174197538795475 -6.300585605744917
-2.6600699224103597 -2.8731179713082833
3.7991863722158303 2.8573342437614198
1.2463215279404078 -8.180149887571913
3.1748874972559555 -7.3233475899916805
-3.1688585845839468 -1.1193984051438939
-5.065660271958016 8.638117572970327
-5.663114982837563 8.936697344129726
-0.7755186711138489 -7.877381222928177
5.06126512785875 -2.7817212012134167
7.433847169673832 2.066422439406084
4.649392572738007 0.7773728865320155
-6.5648162255541065 -6.776724253537656
3.056770770087242 -2.7192021942066713
-5.065706551066178 2.7461007973454983
6.389828819989507 -6.933001378135259
9.6591979093788 7.755301362755844
-3.2253844680023125 9.149293287930355
1.2121595524607542 -1.0083070823045066
7.722301284503789 -6.209504791155409
-6.549522877827087 3.518094511350423
-7.217528904384256 9.68248518839372
7.384919751311742 -5.679321806497213
-0.26678183649499587 2.095370745791689
1.2729353805056078 -8.579460586745233
6.70407271301416 -5.931359494888149
7.115448192779105 0.4936185068330978
5.89784929789808 8.017181957891705
-6.838842100856364 -7.610764664687959
9.110679000738106 -5.9316943097155805
-1.6837641142872783 -8.68058365550938
4.300711956407131 -9.571812427125298
7.956811524558081 0.7404034566342421
-6.559114999471419 -4.8037489007326055
7.259953886573246 -3.457594681056875
9.795546248145943 -1.8405839471529735
2.5273503294643618 8.401902593383085
8.695636604779164 4.644566728042722
0.7565466745384857 -7.797315559104375
-1.8438351852667054 -9.995392142963782
-1.5447637998711432 2.401553100421081
2.6922167759716746 -5.054576039483529
9.21513341661462 7.484708536123144
-9.972499122672682 -9.775013198986425
8.915688231364786 9.256078090752183
-8.067618249663553 9.204858931702567
7.76201488267294 -4.886423774765564
5.079035601884543 0.03175526660085737
3.886663010875175 -5.1190653630814715
6.610024359339771 -9.034847885950477
-9.317773422423379 2.7872231775082206
-7.158298150160141 5.1845897560478615
8.452306588183514 7.998820667984855
1.8323720204401877 -3.6549161115707873
5.831719393746317 8.613200872022041
-7.26958171320137 8.056284251309254
8.928988943729479 -6.033003818321491
1.9245426038143734 -6.119852976479743
5.694225678704655 9.88169426417197
7.967119458837008 3.626097648488617
1.98333146192099 -4.836400384010846
-7.718233702630943 -8.032380180983559
1.2814070994065911 9.710345723876756
-5.589532576668952 -3.6469986579644376
7.9629614900376176 -2.669589742016621
8.801079571230218 -2.7031876753365864
-3.2922627987159903 -5.920754431319033
1.5224773850697932 -1.6699115526314952
-8.645727098929079 -1.1102418915450194
-1.8094544401868529 1.6678652973290387
8.424785894458417 8.711129067316975
-8.513954095060633 7.150727541394669
-5.092498478554505 -3.215116397239046
-4.898318851038725 2.080948309829827
3.037398833576466 -9.835688213585268
-7.742149672175294 -9.350469254340103
-8.326999207589168 0.08118154330097482
0.27293312997050023 8.570625565439183
5.096307861507242 -0.9290725016263597
1.4449844928302387 -1.0856955386086025
7.64446095718278 -0.6882860656723508
7.503710696475949 -8.248008445443851
9.779262831360416 -3.3271618442688204
-1.866259431612452 -7.808089498315014
7.198800753919571 5.975225012622419
6.727841693980274 -5.39193934776109
8.511643861881272 -2.32716474397896
-3.118693149886349 8.705774887120683
-4.011771783269548 5.918187214584989
0.5540375906788952 -8.70448737298534
-6.516687753051178 4.046626308269621
-2.2841552407181887 0.13686856332367014
-5.27147037297749 -2.6861032266066704
-3.6592694166230455 -9.680044929056681
-1.7574729985755884 -3.9931729325411975
9.004185012521685 -0.6105318323373066
4.558729716203862 -4.215432360403792
7.903752320729183 5.493927842398946
5.542805493016177 -9.737278072186246
7.560548472438185 4.1395136385329785
-9.671986305929376 0.9180354181411925
6.837852001710814 1.3140488203579537
2.3256726703370205 0.6138330096263402
-7.068582906670904 -0.4469029981182615
7.3935916499632945 5.688265965869171
7.3138387807911585 9.742907281061434
-3.0659540726655337 -2.124125556647611
0.9736310342747849 1.1228000918013272
0.3442779894611867 0.05363834367274478
-0.0011505299599701146 -2.203834301938885
6.288662624124967 2.1306941525136267
7.77634266797293 0.2065294055223177
-2.7331703411512738 -5.079083963427782
5.382641205750279 -7.869773405199987
-2.21282765205284 -4.151564708673634
9.285232450084461 -0.7523619165243467
6.451187804174879 3.923369364143724
1.3226740367046315 4.271539906841145
5.033760241520211 3.6074710120819056
0.1658352425574492 8.022795402566352
3.752244982689758 1.7314132660285324
-4.9266464799009 -7.836096534168275
-1.4801337959396914 3.738405464020362
-5.913531279854487 0.22842627975409258
8.528611257085544 -8.285120112204073
9.798751247934764 -4.5318582263301765
8.371747174156813 -8.996588255381969
-7.205402321837033 -2.611617894563265
-0.13529564233456348 -4.4166757072446305
-2.7503760135209703 6.146043364835396
-3.7081067826890273 3.393995232262082
-1.4007287628755112 5.387113169458161
-0.8575462050166767 -2.190129546465787
9.202280245948952 -4.683514817165573
1.6138716075220536 -8.179568048953866
1.6983746033372888 1.01903993204248
-9.4154181048995 7.052138955496925
-3.886158679290686 -3.7560786607782015
-4.781165664478846 -9.571093308942311
1.5837377573223783 -8.35274326098893
-6.77522619648343 7.933256732592529
3.539634105747517 -1.7989415094478307
1.0736300067388722 -0.4438055301315025
-2.5399245749707795 5.616760180293882
0.4826203509385625 -1.90565276608163
-7.004739660676458 3.0974283604074078
-7.253168648102153 -2.507032593918912
4.098930562589267 4.690177869160813
6.988857539908572 5.354570027716639
-6.853499640630605 -2.5699473175478182
5.70100351242653 -8.607034272518339
-2.237996457094238 7.277434710545151
8.099244738112382 8.778319500036986
-9.178697344901337 -4.86465790063548
3.667321366658962 9.118805628719699
-8.098512484803376 -9.170661481659351
-3.2357809244363356 7.049630584059642
6.7882132797061665 -2.9557666360137747
-7.421423603080464 -4.630885930256012
-8.825033504605123 4.942193896656107
1.9538475720313553 -3.6938324682528956
7.778026007503133 -4.1586708026674435
0.7882278318433826 -6.356239707225322
-3.7012428946762377 -1.5451664973441392
4.678142399843516 8.312059522734824
0.35774356563613097 -3.6720562281265074
-2.1994877880296997 -1.7618985548317845
-9.47272245814201 -4.659261110450115
-5.924067716474806 -9.88928277212834
-9.690181680832348 2.619795161675162
9.444695160742405 2.396027810297765
-5.154688775629593 -4.503359716810902
-5.928115392607882 -1.611682940874612
-4.556078963071495 7.256747035307399
3.819620328484298 0.3048953578576281
4.904407929848427 6.104283699159755
6.612710861543462 1.6456847288234684
3.030435774458608 2.800151709111173
9.351689365982242 3.074650280143027
7.33657085953373 -5.043526791228605
3.662189592886973 -4.40685668113566
1.7795510899750866 8.029955669381586
6.05995373037489 1.8855966840155958
8.431164992604213 -8.452666709224935
-1.6565081699630966 -6.169956895190188
7.3807478294056885 9.975477803935004
6.488123557483135 -3.6911590506763137
-0.3803846135474114 -7.1416611796293665
8.996021293471841 4.065315097226501
2.8464340427795953 -1.6617295027932304
5.317391816026078 -2.3337305184768535
-1.043787869106687 0.3841950359712101
-9.5370190687398 0.17304661595512982
8.501900888613719 -6.654645633228016
8.117472011146646 9.98851329367604
-5.879978151555482 -5.722349507375732
0.21301896925158914 3.2726157815766754
-7.51559951483028 -2.8695774580434303
9.880740184579604 9.32895167793816
2.8484955604057625 1.0140743197624307
4.3575961708456195 -5.76250242200834
9.627896526944095 -5.9955093382669356
2.1855834859579293 6.2140086851473555
4.658148180232974 6.786590121955246
-2.91877716368292 -6.060227735571074
-5.0243268946296515 7.1792589037709185
3.6914155420805645 8.586794859728482
3.1785358397963 -4.694152313397071
-6.364335096707368 3.92141800417318
9.589490504951684 -6.547385447605631
-1.448289243401133 0.1929592570119567
-0.9244427852011512 -5.4456127368954865
2.029329111907048 -9.459226254056102
2.4327618949847167 -7.231237079631905
-8.6124866674042 3.821075732878983
-9.450575258930895 8.686634811049334
9.709688706431805 8.412075056357345
-8.816168801900028 -6.6885983709486645
-0.7468937593468112 -0.9644733440677449
9.52662775546591 -9.123286133545266
8.10639110852383 5.13728044930949
-5.6701141915077375 4.026064641008233
1.1729044693465625 -5.26907495057666
9.26228837702077 9.297261712331235
-6.664615415706523 3.9955834359420788
-3.991038096932666 8.993501630613622
-3.0891263528891795 -1.019593142620156
-8.219016006385178 8.369470804680269
-0.43881984599602575 8.149991897910901
-7.345507602915333 8.10433156986242
-1.628758048677895 0.24783131268600833
-4.029384583032556 -2.426705310491424
1.0010639289490424 3.071435523050443
-2.4151204208108368 -0.9622499196238632
6.805200550277924 7.9305210399435815
-9.688256498712226 8.977957327819887
4.07450314830645 6.6376667491893215
-6.318101983081483 9.37318365709184
3.210555869204846 5.501706644090339
-6.070397769002954 0.8995334699904234
1.814484105320913 -0.5802945059727271
-0.92065125078806 2.2301907876663343
-7.63440577258895 9.352079053678736
8.078292618226271 -2.423418024531035
-5.985441301206855 -8.06099896694594
-4.2795186734713475 -6.864343221278231
-9.389358657303571 -2.169110168506794
-9.987593235424871 6.981815611143514
-5.10467363669465 1.9805563268534243
-6.358148682848479 -6.676521702057379
9.687723413227495 -7.6402327836347395
-5.2005727192025475 9.850803641472698
-4.267313806629314 -5.112684192232317
-0.5692855199220297 -2.3928930120046825
4.867341902818739 5.595302804680383
6.922281971324086 4.866125854456168
0.031077412583268682 -2.5800350715926434
3.088403234565469 6.660128890414022
-3.9472004019736406 -3.1497321350841805
-9.54194454781813 -0.1182868002817159
5.312088753354093 -3.2261738779871436
-9.621395166201008 -5.052472828964627
2.8927612452921903 4.644593284532956
-2.4546832355096138 6.347863605045966
-4.135198410338983 4.592236178390978
1.0830363877671445 9.755136456864605
-1.3694449220862772 -9.2228034033122
-3.634196912779169 -6.716392340462565
4.607465992790715 7.372058630442147
-2.586907355113115 -0.40142573146494165
6.040397708941473 5.686817369425285
-8.790472301287773 4.024918110128235
5.940522581325649 8.909617805705249
-8.793866780958968 -6.744136661046132
8.344553058243633 -9.823981092230893
6.4175112680747475 5.3613341079583705
-8.894274316019029 2.546887223376279
2.4536151237526145 8.024205573997275
8.976601510593284 -5.623431083307584
-5.19621863466128 8.130160545606252
7.100252711586634 -7.112655554673159
6.533249104628776 -9.667005982151927
-4.425716470792946 8.180965385766182
3.7099402402266506 8.938742537185718
7.528962979150837 5.33546385049431
-4.011535421725403 -2.905467718373009
2.7310487840906745 -3.65505630152075
3.210277745557237 -3.1728356713647266
-6.769878525670839 5.275555368228215
-2.0677895130891404 9.129620177835097
7.780475470323449 5.79403042003851
-0.4710815281447758 -2.0507164388840726
7.805621128668509 -7.6199596211255605
4.830200488259258 -2.143581581847469
5.928460105086215 8.082025299751518
4.590750680425122 -6.879324886638201
-9.808247770854702 -0.2242029016532161
6.021814807742782 -7.610629213207478
-7.132034679027153 3.200990303135651
-9.508596299148543 -9.130076978600224
5.540459863594423 -3.0358488291447694
3.7217338129186395 3.34410236181877
-2.135665021062776 -2.6208939802175513
-3.3645071756575584 -4.578730064160601
-5.815833564351108 -7.6276340867034325
5.415175875210846 5.026817336697791
7.76424827897111 -8.101476495890335
2.577615037236537 9.281121321147573
-7.31385790650489 -5.710377361864342
5.453771324889207 0.9406835253327408
1.8169990374413203 8.464299385883717
2.519532607682235 -4.4366127403349775
-8.275615069108806 -2.5953382298106353
6.7991264873066655 -7.977868811893352
-6.5740815174426555 1.2645945058121022
8.790929057947793 -8.941859472789112
2.4992848933432477 -1.1084950339286408
-2.725062422247948 -2.01006294803471
-8.06569803623972 0.7253922779322401
-5.60793145816767 -2.5516198371136145
4.544518787176939 -8.104634161557394
-1.5280028983665055 6.425527443407322
0.13348703772388681 5.573517607945641
-6.072294092454387 2.607362056950125
2.3402685555829628 -1.1241905835072217
-8.205431939163672 -6.163179063191668
-9.477441442127239 2.8664182009022916
-1.9219935563106816 -8.469080713361148
-1.9175152968403104 -3.561623589422103
-1.6965781430853042 4.435313943922452
4.614803724711569 0.22500671160333496
-7.359793050929946 9.947233694077745
3.9040000915788866 -0.6221664664712776
7.083970083771881 -3.4336035910700113
-8.311915006128965 -8.31112705045217
9.439326633331795 -9.57414571574409
6.513466410764128 -5.569570023627195
3.02416802953584 4.084974072376395
1.2514932319236944 3.6336787431836086
-3.208627238693264 3.449845724831759
0.48530972211404055 -0.9780111048717224
6.572983017833952 9.281394823879012
4.431825816173763 -8.217989289171136
5.348228305905893 7.796671201370337
-7.608734514690745 -1.3284796778880938
2.221081521441805 -4.6638075478282826
-7.227750365917689 9.977973091946819
8.50643257198239 -4.095277325594471
-8.333040136532192 1.2173664912034727
-9.233838932102552 -5.7703705716284475
0.9980534619778396 -3.335245169994563
7.662836978107823 2.889969766962805
2.3405344502759142 2.2963817441373813
4.115382616224361 7.418272957811606
-3.134685047423538 8.852621985100356
-7.838435233585139 -0.7503707993238695
-0.6523790710220787 -5.283420081947654
2.6586383683047288 6.917624866513563
-1.2895223184533613 5.934526173547454
7.967625223499375 -2.331235104554146
7.378938959006295 -6.91015648152333
0.9149638238120534 -4.127150728619961
3.9927646848201945 3.999667056857895
4.514115943530628 -0.6800129208302614
-1.5091384619037953 4.9632707018899325
5.254207013512746 6.211377769226438
2.284857156282424 -3.281997965146564
-7.775918093214131 2.1652071725911775
4.4097065717961375 -7.570342690328733
6.408796072066792 -5.640103506500491
-4.215247867362926 9.551909213102189
-3.4331022073269164 -2.7466723478423116
0.15871917844883043 9.867857001927963
5.7017792277938835 -0.04707973382774
-2.8639698959364974 2.087320566786472
-0.6622551948076509 3.3797459536335133
2.8167380553152004 7.521830077549513
-2.744576458993291 7.717599908922914
-2.561769976721493 4.0554952796680315
-3.575727181910957 1.3787340720372043
2.0355966047088216 5.17812096931895
7.249335011849663 2.1784867257829283
1.2321923301595774 1.1931705845321527
3.782049250869404 -5.5626917610345465
5.183936326740524 -8.260825637578455
5.1508732863748925 -1.8999598121698291
-8.335598175135651 -8.637957529666485
-0.5359599995068862 9.643154092892484
-7.686959624712532 -3.0404655222497823
4.845672143328745 -7.868719187280564
-8.38822291324111 9.57340891731302
8.049438418751272 7.692737353449644
-1.0722862860024414 -8.127484185734104
-1.8905957692481064 -9.653981731142174
5.605023223399403 -9.9557657354259
-3.6423082546220105 7.9968716452089765
3.3291142079355964 3.078405622272534
-6.304889730289791 0.3750015110540783
-7.464643860585931 -7.839989017460365
-2.0702343954063878 -5.996556734048378
5.765254875851893 1.7724424328607498
-0.7590307772963278 -2.15164947742924
3.853774454457506 5.8139586667766
-6.259576741562549 -8.521994003675564
1.3832714641834993 -8.131374603919735
-1.0999585424443925 -5.026369842428442
-7.1959702536173715 4.04128362746226
4.0419043901342775 -0.3950892380148989
7.6724464555977505 -0.8280744489521314
4.701241601198491 -2.075067214672181
-4.961645899634092 1.2586341889549928
-9.848357338022812 7.9164771130928955
0.286881778290315 5.411379390916943
0.02879190646217289 0.11957464569997
-0.3316574224826869 7.620331769476877
8.188665067465703 7.4273466201412965
4.9964754675536245 0.21522510277778473
-4.611093777508888 -4.2130430446313945
7.51663436293979 6.37237174947299
2.752667293586695 8.310461220562203
-8.203207466100096 8.678516425445615
4.692075555165722 0.049891268534214106
-2.784804723117502 2.4652476385413653
3.8439980618316554 1.8396371365703388
8.517300276067477 -5.082769155702498
-9.708458510416307 8.728271620672643
6.145374482928162 -2.5245044657937887
-8.572034150494712 3.967247896559197
7.577466537462676 -2.310042304022537
-1.8497781023654714 -5.681229960785464
-1.561942731494792 0.053235165214966074
5.5542760804389335 2.186165483602437
-0.2331163697170684 0.6070809030685318
9.112956213597421 -0.2658943002945442
-4.028205207531263 8.489858320915204
-6.335758784576986 2.0102939053351747
4.194371981141396 2.9549017591238442
4.506026051451338 -6.499679979406796
-2.5291024356677827 3.728420785719109
8.508536658887035 9.881310612008559
2.8213169451524216 5.229377003564091
2.8288884883547194 5.802244565449474
-0.6219991553767663 -1.8505240823799802
7.288891063408727 8.005599588834617
8.549130113135387 -3.64349807085087
-8.611246376077386 -9.019675348219254
3.0748732231837455 -0.4670311694819258
8.414067596712606 2.1530234837913085
1.3838648469839132 6.476422824044882
0.4064259241778032 8.38349059192797
1.418245156928311 -1.8340094132939342
-9.43980226993375 9.395776118159723
7.274441946874536 -6.297135977887511
-9.280978192676073 0.5528528764811966
4.357101113703131 0.5195115698571211
-3.612574869643346 1.5947539923997347
-8.093282513643263 -6.602394601589497
-9.700935501409955 7.821950575101408
9.901540075068116 -8.809512068394227
-4.128919789985856 6.549890646138358
-1.0822829917572996 8.201048411281555
5.906997068612355 6.957311393007551
6.190809497624741 8.42745281918462
-0.6312991537337798 2.580663585897515
-1.0382860162853618 -0.9222698864873173
-0.7230610515327367 -3.7659900850621693
-2.5982401289958297 9.413053493114582
-3.365182594740239 -3.1174811698213922
-7.091088985789648 -7.151437672179945
-1.0626916221511689 -1.813194966447524
8.898565055451165 -3.277300292444103
-0.1513088206676283 -1.0610372282487006
-7.479097124492229 -6.11002899357292
3.8515550408528814 6.800746946595815
-8.489109298633473 7.292058713411336
-4.356422909081232 -1.869556803159604
-5.839289274240023 9.159477408755528
0.3222965371606854 4.0854007400573895
-9.588471164934047 7.687095665425897
-3.3925913322728434 -2.7986253427678687
-1.764161940443449 0.8788159860500713
-9.70932280393798 -3.98261370268449
9.369105529416547 3.111271480519724
-9.074927018006784 2.4188719404776737
3.4934533027851415 6.477874817255763
9.977477721064968 8.702569670951807
7.2969687743363245 -9.137843963589368
7.436201510551108 5.548867855057065
-2.212556687565737 4.385463785825888
-0.5393930599787904 -9.572620524111501
7.732544309987109 -9.848705660434474
6.581888012064251 4.847832456455357
-1.653427600327955 1.7149121875568945
3.439854549190393 -5.636891305771689
2.067965415135461 6.1092707109123765
7.044133168751227 -6.151444975091533
9.26143399953261 1.2929034169997244
-6.350991658724414 -6.432471668612713
-9.607074866089064 -8.036272410312701
-3.5089171433531563 -0.18105734627015657
-7.3353653495049205 6.592236326882077
-9.123769201000195 0.5685315663188071
6.15539571084998 7.381896462611497
5.282899281217102 -4.190981144315571
-1.6204783398224816 -6.976926398365584
1.5335956950081648 -2.6515888945865163
8.628915055647518 -9.883810884455029
4.777671567485873 4.312757844864578
9.249469043370496 4.811839706293821
0.5435397728680602 -4.955327649206658
9.285140083386075 -5.159585461622811
1.7807662879527903 1.2735287250257379
4.880611288686879 0.7167063196797265
6.624962830265911 -6.870561088122315
-9.259072241960858 8.818012490298532
-6.726111187975954 5.8502923375765175
-5.323365589921945 7.107976005706583
3.975362552606299 -6.001179679565356
3.1039111080896724 5.066542818278679
7.75128428623885 -6.5591698769105395
-7.245116067446144 9.852506999625863
2.704706330731847 -4.133699349243143
3.3783409052992006 -9.161824336212591
-9.355991865310656 -7.55559773852746
-0.726426672566113 -2.6646355534436683
8.141882591773616 2.2515820858320534
1.0748987520554003 -0.93188136632536
-6.587848698337934 8.117966121632318
-8.500114001617698 -1.56579453699832
-8.331157828051786 4.963462948469706
-0.24377179983913422 9.519818246800376
-7.498845968280103 -5.443049736720351
4.8144891169842055 1.6902577321884102
-6.518802611445384 9.19487709068845
7.209481174803628 -8.339175199353033
-7.385847759202755 2.994432495411367
-3.288950782931339 -4.710556620539106
-9.312423136771482 -9.342154736278532
3.6921252675267358 4.130566036308283
-5.900370533912406 -7.853373917387518
3.2218009681682744 -2.217809217902909
-4.982957552856117 6.692032328810107
-8.551895647686248 -8.002156395602274
6.627447531243714 3.823697299833446
8.549407640039668 7.233747484933019
8.302994195941821 -6.646014882482387
0.03493837797120136 -9.41107387735527
5.341321678819 -3.046605046886368
-8.205734410364888 1.1771947520320598
-8.063139330974414 5.6303769802645895
-1.2791244894409282 1.1871276804022415
-5.667971428796285 -0.9420739234196631
4.592223475705641 7.155764343652269
0.787801296870601 3.0029613709805822
8.516839921421358 1.0930005853478306
7.844814666109713 -8.108150315513388
6.911148561439081 -2.0937710908205664
5.404764300453442 6.192165643596898
-4.047019838265992 8.087982088704674
7.423826349840432 4.1925457896588405
8.459817763141501 9.915103501081234
3.6228293084169376 4.97636495843274
-0.8946025022998576 -3.1333894327945284
-4.6748500606158245 5.382519926722223
-2.76431881924454 -9.255272571378457
5.479164238894043 -7.663645889547901
7.558241813789046 3.7300923216402104
5.207010692229375 0.7765653339613277
-4.539076201943589 -3.3916096042735644
3.552175102591942 -4.680306076051388
-6.458993924934027 3.714667949037647
-9.12563505919686 -6.979566272114139
4.929539965107743 -0.6147949424071157
0.5679703794806201 -0.8992593660226191
4.128322134429567 2.840219634415435
0.6454063297928947 -8.08760816150372
-6.415933909425322 0.16817856477244497
7.70437684952962 -8.640809561420904
-2.6526479821760756 0.038931053826921413
-7.835178579670277 -4.942740449680407
-4.822944766078729 3.897712502798109
-3.0641912907396174 0.4674619779670035
-0.0161480130771281 -6.496700106411799
-3.474588343350553 -0.3269900222775739
-6.821768028362058 -4.327855454543855
5.503281680968007 -4.129968023777493
-1.2377790075641553 -8.707475095962762
-3.1805339178498526 1.2021982721802829
8.703518247501147 9.491404548949696
1.7729399064844138 7.72250693877287
-5.128406401133995 -1.0396851929705253
6.352964999906444 -7.048368104355287
5.066007104061256 4.126601621707508
4.525946244227024 -4.457831299608593
3.207853960360856 5.4210643755025885
-7.689971350595826 1.4825609954238157
-4.847812673825411 -7.016871486586805
-1.0124692972604663 -0.9286605580570892
1.407914306284404 3.9335491294548177
-4.50585912676615 5.499184802179723
7.373460223261489 0.5982061212131349
7.595137944088744 5.214786418570878
-9.954062296983752 -6.973928999590511
-6.300238182800779 -3.910457719436251
6.856188069346906 -8.020170927075016
-4.413638257400407 7.075720179252933
2.8517648208657747 -3.7265192552160205
-5.737319865536814 -6.731123197386766
9.011015428768108 -2.583901721478254
-6.554821728952236 1.1051569421331475
1.2149327676090032 -5.867598856111704
-0.6586533993896619 1.0621971689670069
-4.876422089689109 5.4729482729565895
-9.326455233266158 1.2096048752708821
6.731362588609077 2.846397422117981
-5.1975812126850895 -7.22624452113406
-1.731740135950659 0.008194209937666841
5.141203683559256 -0.1309338455157807
2.1217783840968902 -7.051579946455497
1.3199394413458432 5.1835149978350366
-1.8303803377998378 6.976639542563287
-6.802092542047626 -1.9978679510889847
2.4426395430695287 -8.238834792882736
2.5849335860943654 -4.915422281307067
7.629404468963195 3.4760706685028513
7.292484759510518 1.5677154482938054
8.722658728807222 -5.436912895362946
-0.21170654213221596 -3.106479535368032
3.4530619065850416 -2.07295679448114
-8.85236317981799 -4.567653909615059
6.263434242128948 3.421415730411809
-3.0100407071926387 4.028053378760495
2.594132759791359 4.705790767940368
0.5353603820342947 -2.8541802506460323
4.025554760436968 -3.1160899067866543
-7.653336743193224 -8.857763327600283
-3.235286708551106 -4.784282191759861
2.0176471061857075 -5.4646440022474145
-9.569505599899038 -6.533127829430065
0.6714850145364899 6.320204793897133
-3.0717661930286377 -6.2196760914665035
-8.411351285743851 -5.36568571626206
-8.858121216332115 9.673768425595185
8.926426103796079 -1.4553769708463111
-8.674178272744388 -3.23222136716645
-2.0289440288851974 8.835823593043816
-9.411006825748638 -3.211251613067767
-6.345912680712333 -8.214821283878035
-3.09384885139443 6.03090776984423
5.866566954585178 6.5458203032407205
-4.745098981784171 8.993231608024388
1.4369323645098433 7.557308159829759
-2.2065139300137755 9.227464626366356
-7.306718590236891 -4.375225162230887
-3.3822184070718064 -7.083476057634279
-2.585601372726818 9.783905806577312
-6.34280750746411 3.825786043258505
-9.612886661993372 9.938557530504522
-8.056485303983454 9.597163470890479
1.5015431644963435 9.099851484107518
0.4436225173162853 4.1748338851733635
7.000630672806814 9.934186825659083
-0.38428138924066424 7.763893799867127
-2.1032659239633267 -3.3111999469530717
4.357405047719977 -6.67420586246789
9.504766112574298 1.8441133935278557
8.607795671897932 -9.318973607522295
5.110019971911976 -1.3184813770134411
0.566272523889852 -8.16575183346156
-0.8743195466803826 3.7555550133817857
-1.6980931713186038 6.84564682059866
2.1836644944238497 -4.890625791071743
2.4319548632832877 8.95261386016308
7.155444046962145 -0.761467530196537
7.901496101526767 -4.876922709993147
-2.061227523852118 4.04160652420301
-3.6661592928248847 2.521096795120169
-3.3951437991779176 -8.097569737795741
8.430192940172844 -4.536902359349577
0.455637499915289 0.6832589224009507
1.9776628020629534 -7.718289353819285
8.281880130092787 -7.668883079466646
5.003609769198295 5.304059609660603
-6.531941447081133 -8.689820437037712
0.7885143313042331 2.31163977956901
-1.0940089551902492 1.8380064680463057
4.864639214706237 7.713705536782431
-3.4041102407028445 -0.7669892394141264
9.58525925020868 -2.3933349326049917
4.207375191844713 -5.743580007461673
7.967398095592738 -9.138716570140176
1.5335415797031615 -3.3724105161277347
-3.925239666363966 9.488904673020674
-1.9171151098858346 8.505216404954087
-1.4858639833595113 -0.8484644933036645
-8.66709785103653 0.8544252036953246
4.752123344233787 -2.7171667549796847
-6.590039891876529 8.757896533991854
2.3702366896095395 -6.808572704185217
0.2570827148272965 -7.687750212949133
-1.7623131399677305 -2.1496345187622667
7.574067786921923 -6.944542886668705
-3.663617040383924 6.768585343904746
-9.153558068735311 1.8510518946961145
2.384093727067567 0.7215301365052955
-0.30484705296169423 -3.3420410612652436
8.128408656914655 -1.405229328096711
0.7320788277165153 5.238206707455465
4.562667853654451 1.7761807253448492
-6.305234156193387 -0.023711837128427504
-2.5979073558693466 9.224845872283723
1.30962186094985 -3.929767533422954
1.3739062705092682 -8.593511226571216
-1.9824626352746293 7.310496196564198
-1.1192871382078824 4.656705151282809
4.4871805653875985 7.691835051127736
0.8410573415643867 0.5228120825675742
-8.419320219462659 4.691624211338887
-8.313870585083176 3.7220746390639388
-0.47581717197851425 -7.54812242846405
5.988681855462403 -4.494416654810875
-5.15192411000065 2.170691048464475
-5.851199985335754 0.9440382801503908
1.88347404268589 6.194777688583063
0.538981850377894 -4.466555824042324
-5.994837429614119 -6.409541322388281
-9.0304141059554 -3.007367995924202
4.086169233602275 6.646831923708568
8.149727441830382 -0.5904315735459154
2.0980339155607304 -7.947302642614648
7.395092671347012 7.14869773928913
-8.979866201872863 7.142207541956644
-2.487310635458191 -0.4360279432624896
5.890504408249521 -1.6442602379994433
4.071298269962799 -8.171012544743103
7.901153706599349 7.8325224281893355
-5.863099585676306 0.7728914119044443
6.779680951619021 -6.911499914701897
9.793103614899511 -0.787312113877352
3.839864183630173 7.420673945091174
-7.666454814651054 -7.626954034741605
8.055038035613727 -7.977622076692397
2.6852110358743797 -9.89049209706818
0.6711290092516862 9.718580505939723
-6.144570208219687 -7.711598618916082
-2.236436840167104 9.953137205089792
3.1137417321858365 -1.8845200814629877
-7.685950142881741 5.535418706988157
-7.821028116225208 -9.027467875324513
-1.0851701689016586 -3.468632616109999
0.16263797619652642 2.3256255276586657
1.0120734535801983 9.089936597136912
8.207290976266737 -5.467831242138812
6.596296989946254 -1.9500635739874301
-5.16386211033415 -1.5511636032883303
-0.20307249867538957 -0.21123312112519166
3.727917159123935 1.0606838006306258
-9.347985358471004 4.327697536831943
5.698053076205955 1.431857100261908
-2.0610488670218308 6.998162974365425
-1.8090947557211265 9.885612854048802
-1.1876735490506327 3.4003870979782036
3.2524998350345875 -2.4580002635621128
-0.11316346843808489 -8.908326227704444
3.553907581543559 0.276651473642735
-7.773182677637878 -0.45877043802477857
-2.2992924220325524 -5.552898495377363
0.27879314949281664 0.21162487063522306
-5.846688117151151 -5.736254023607954
2.3679610364676513 -2.8042780788697534
7.625549819876046 8.84540405958078
-9.94990239163302 1.857620427500283
0.38945693244685486 2.5568550741208576
8.293766240920483 -9.519706827684328
2.9131593392925286 -4.464710226497921
-6.670303475513137 -2.113802624447569
-7.491011290111618 -2.969617441898153
0.027549911222479295 6.634078395528739
1.510049358512159 -6.096805426333676
-8.092093920716065 -1.3909705508470456
-5.8916873013749544 -8.853511077925107
7.899356968322397 5.218733824223666
4.570919575239664 -8.0162535734731
-3.0973009415942094 9.842919051672524
-1.817168736683481 -2.2311650112361647
-2.796598110945519 4.571066881063823
3.8472022734176257 3.087311014097372
0.36942536315690333 -1.3963234367206532
6.5064501593805915 -4.284788665368618
1.24604899561432 -4.748937874143053
5.77313683721826 -0.2959908493312806
8.502597889499576 -5.119506583533311
-7.215715765081412 -0.5648051312733653
1.2179797389033524 -7.05286222377183
6.165099080041173 -1.0937674957476755
-4.08515650644148 -1.8966126454548764
-2.6697191138304532 -0.8190362585593132
4.737746517204862 -7.5918208136398
2.1667489804627227 -1.854137597165117
-1.043000765171838 -7.30097384029595
0.8872434771429649 -6.935799828295273
5.80909947445001 -0.8503463039564778
4.681872982217975 5.065086328162147
-6.555518738437693 -9.29932859379923
3.175272117953014 -9.02938366802061
8.542303522789798 0.2625682914237899
-8.098406071410038 -6.754936348205078
-2.47402179855219 1.391679574434896
-6.818246470584697 -1.366744810013996
6.9894574184564995 -8.446087522543364
8.62827735526768 -6.765247544082458
-0.3269463475928127 9.574236348179163
6.427635973106117 -5.943962228302155
-3.679542507001181 -9.606902730843146
-6.460138239615536 -4.561683154966167
2.28832232030598 6.567152481785271
-9.04022872899323 -5.570950150561238
-6.889057025771819 2.0959289881668557
-6.742824639998148 3.496700429740118
3.978191308051837 -4.570268185185473
4.998517690803778 8.678721923842126
0.5381940896077957 1.1378529472257082
-6.477264732321942 -4.877534509667509
-8.030454295209214 -1.9873044931039203
-5.635540202628711 -2.904732832451284
8.644375044177089 7.0055301297780375
-3.7780262968328326 3.257159315967135
3.473512060375352 -5.174177890461589
2.058346336984304 7.030822089014066
2.0463795183725715 -1.557336608770708
-0.7642063603010492 -6.131408854182714
-1.360916402742685 9.50742581251005
-2.1960673802240454 -7.147007418469535
8.865375800803978 3.7700398309099405
5.281204975646197 6.344856867046886
9.333137831893161 -0.5013622184073832
-0.12078460907039101 -7.0646154598038
-3.3125939096178865 -1.8658381532342627
-9.399416891110867 -6.0158023021666995
0.563011953536046 -3.342725497369834
-8.641599901659095 -6.358738338501293
1.8462463490329704 6.697787743714695
0.724436508721686 5.544110998357642
7.621576673254019 6.701176282486028
-5.262890068591187 -2.9828415873239056
-8.24117167686831 -2.085623213190133
-3.7347589327655655 -6.396580586051046
-1.394853282655184 8.082038934994443
-3.889777978429483 -3.642307104854847
5.6995140010114795 -7.914849271437346
0.6531066936745038 8.363222243811986
3.050079521280203 9.437817517766206
8.79599707823887 -6.407720895714453
-1.738622502234179 -2.973070352908069
-5.750095135735003 8.304987374465629
-6.48857692760693 -9.791417810524742
-3.2959876776472097 -4.2478581113869325
8.830751465766017 -5.361189025828845
8.324424225285483 -9.494514225871908
2.6716765183260254 3.758091546383941
0.7182161585213631 3.9359783703321156
-1.6185196154644004 8.650060752025755
-6.553669320748123 0.12869743125586197
-3.2579168796045526 6.073567932762561
-5.8148529534011235 -9.498292146343488
-7.25391472187696 7.980753720103845
3.1684438873117102 4.7278801520619425
1.6236763426050356 9.746224105532484
7.570655610207833 8.655083815218031
1.6359527911568694 -0.5981631879000755
5.260954593247336 -9.144492209746122
-7.877248358350282 -2.1846441269862193
-0.010533562529282392 -4.365443019081255
-4.729217324977155 1.2782889614088315
-2.9490997356662447 -6.720516817963871
-5.058425724636941 -7.286375160420075
-4.5576228133518075 -4.049166175835852
-1.2798307170679806 -7.103806114489142
-6.452608356370197 -4.642148600975677
6.057635397227415 8.518841067460755
8.527575072593784 3.002518250672974
7.200021348181188 8.744548053591064
4.537460171600278 -1.0066377680076748
6.548102107068033 9.260295650888871
0.2639774567074298 3.716449552861329
-3.111663860185894 0.8979207156942657
1.1411233568295014 -1.3951001669898648
-8.462918638967507 -3.3599995364277753
1.597181426884049 5.15484424024722
9.90696560370326 -9.81702726306333
9.879511353042368 -3.8178153072918475
-6.11921390553232 -8.62606666908973
4.585298471648464 6.5188484481694005
6.427851301463338 8.709462611620332
1.0708906038947816 -9.276232712387976
4.028510004427375 7.078916838405036
-4.643401132613008 4.093373145022667
-5.808250778962432 8.564986196357694
-6.853826920538626 1.712785059730919
7.762370942904219 -6.227630133498943
-1.9956220425263318 -7.7221401534154595
2.8154426508730204 4.828745073312321
9.469049637744789 -9.958760952939304
-8.240887858291 5.795190977639155
0.3799822737338445 -5.164758890688203
-2.6883615577162256 -2.5079184932870113
9.867985488952602 2.60092685935299
5.743344521971579 3.4422734466223694
-2.0212599839725947 8.40247359759896
-8.181755669142026 -5.827460999646766
7.455923773141919 -3.8545094023130773
0.5792264851296629 -6.582449866184808
6.926944265897113 3.9215269022345502
-9.638256592606789 -6.91061198959167
-6.565019192076498 -2.1914849031829853
3.5866359258813834 -7.557831919753291
1.2445478691057321 1.0331110234551346
4.093314781521109 -6.408648752966267
1.7165449041839036 4.226712787102276
7.553000186463635 -2.1316769449772544
-5.39675699420445 0.691004315025399
-2.7395839704623253 -6.777761723059889
-2.153473696951469 -3.703065933983451
2.520689667177427 -6.1502285238836585
3.129651974668544 3.7105566119227475
7.616101001593577 -9.882684774588364
-3.5652102295685744 -9.756996122476028
-2.9771905349541194 7.764913934280354
8.691571653326129 -7.527300491950424
5.447998634680067 2.1215510264379134
-6.823333225644741 -8.351151411548736
3.4132904638922525 2.1982493245856727
-5.221451793605912 -0.14316370978646376
5.337786201090665 -4.872957924053658
-8.996203821493285 -6.917129968868034
-3.7007919050153726 2.0610749749362167
-2.9236460256486367 1.0348946015710663
-7.373575359634785 5.091558162515872
2.6929877272655034 3.338224941086507
0.31092149152375903 -0.5577790607823463
-0.6669793557489712 -5.710892475963223
-2.760190093083958 7.842118275165603
5.105155719431249 -2.0766220876276247
4.837198078266265 -3.030081031886258
9.032009225035779 7.039850354208308
-9.327298319863313 -7.662113765305973
8.622008007889356 -9.51268433039758
-1.2171540821085642 4.902376815772396
9.218570949974605 9.91519099048968
-0.09440502900410053 -7.2839901689438875
-8.030043099728159 7.032770711651281
-7.3518050746727726 -7.7576743259796626
-1.3223426287311941 8.124881387250124
-9.67676438629585 -9.497135141590032
3.5849284323407673 -3.1240225014012424
4.976612444328943 -6.325873031345246
8.768851661202262 6.2681025781047275
8.293275207104703 -0.3207182066170322
2.865066027378923 7.938956597272714
8.21283783093703 -2.8612789257059283
-3.2994974791470177 8.26434956068718
-0.5270270487336894 2.1468384027224054
1.816289121407948 -4.696134502773964
7.702724002838263 6.871779454891236
3.0985104078196564 4.009892440065679
5.134584075212832 9.912545002556762
-3.9535279813636226 -6.238670747865003
3.334446727579614 -0.6127976098822145
-0.03360248530555232 7.69860826225408
-3.226449544581169 9.97970404278292
3.286544695572145 9.520890530062058
9.11454413813994 -3.013082211867653
6.121913277519969 4.612186054786298
-8.769779614693356 0.5070637912003857
2.4514019521704977 -5.776687883068828
3.907459887161288 -0.31885783662035294
7.586834386563815 -7.053174105833726
-6.428286164112411 -6.52351544947078
1.8911478272375604 4.538221231604705
6.304464130625025 -4.669154169491263
2.671060689419253 -7.684770361902855
-4.193077370609695 -1.6277055520920634
8.933576939808834 -9.360497467049074
-0.5593230303007743 2.346433840762021
-3.5957500365086688 5.1168896554732335
-3.3639832227440625 8.575889279888905
9.478986100168544 -5.560076348603403
-7.008916709705519 -1.677073228611352
-9.730939516790965 -8.146309976101167
-5.417433434444689 3.3307561781886577
-6.257858806990042 7.533922818668792
6.38188738770695 -5.610855644866877
-7.314994367593757 6.054363166747272
-2.2701240394928472 -8.274543330827175
2.920809623019938 3.394024239729438
-1.8215648464782426 -7.823857152557785
-0.4370006316535573 -7.027751755610046
1.5436864860199648 -3.983538122172652
-2.3076101944807315 -4.9933145313411735
-4.331279939004007 5.396604351260185
-2.786031681204628 7.43277171243307
1.798510989782434 8.677608945119466
4.4044452337566025 -5.1365625772617785
-6.010170291346338 3.326599328321695
-2.572540790213038 -7.9646348808130885
-0.25567259427562306 3.12119105106774
6.2202799072998936 -5.9550907831387345
4.1733907831793715 -9.932602461024995
2.296457063408326 5.973110461957598
6.610446865850179 -6.823153993547542
-2.8380688100791325 7.981251124299838
-2.8570031398136315 -1.3580572643437545
-1.6461069440081815 -2.7257038386188137
-1.8533206272048517 -4.658993145223249
-9.224367435262335 3.5734877028874923
0.8045674524451556 7.856332269213624
9.143863927797796 2.9970454627065273
-8.892547527851447 8.612868874828902
2300
7.855591988646637 -5.146796905045143
9.24707817819769 -3.6891376673460563
-8.669880000188057 -0.6907693417164857
5.718508366649626 -1.6939027756247693
9.685091964575854 1.6735726468514205
6.614860110567442 -5.628761613797093
-6.5581736242594 8.013122739062613
-4.3189305232366255 6.090738944235568
-1.536593908657192 6.185460024337075
-0.3581279838393314 6.857065223157637
7.386411321410758 6.196165073908752
1.8602663576700635 -8.411984513745077
-4.805474540405427 0.12398834513506785
-2.321782226332692 -5.666936620041998
9.602196451957713 5.457075838335442
-7.374106214947251 -4.28989752726409
-6.567079109127329 5.389682231701967
5.816907162437406 -6.7979638318177305
-2.9834280063100564 -8.313988436681923
-4.6598861613351765 1.1734466719748315
9.617996806345417 1.6623773748760033
-8.426471039057734 -9.192957699354853
3.9299486595017754 4.492743860198832
-6.566164209512482 0.09706610067605581
-2.820382089071254 -9.482572220407341
-5.14199852884105 -6.791632846644829
7.417624759157334 -8.502267861203674
4.528704396157263 2.173323708148054
1.018837815480179 -4.469952854799977
1.6359980787588846 0.48735211996451433
-5.713941570534424 -4.448308555503317
-0.20582587349512238 9.305483397162103
9.155797097343786 5.886197681195462
-8.782976468647075 -0.4944686295149978
-0.35396374515830153 -6.083971925514673
1.3901756518712247 6.486557965806014
5.672934663148261 1.114282639401754
8.255961278172958 6.246047721521446
-1.2816667648226066 0.38571363453466745
0.43615985930130385 -7.470636434596376
1.1548869094895906 9.585666034440742
3.2156306674923574 -2.7846731593990004
-9.639842220531108 -4.003150361960193
-2.8501705912246837 -9.740145201362576
2.4817300787763408 -4.603305818530432
-2.9100165225367514 -2.1613959568263885
9.140827076114512 8.779550228277834
7.266563401726433 -1.8519080657311644
-0.9330859233657698 -9.01000707457641
2.258108850959502 -5.061713300390767
-4.0577549787741845 5.088710572856366
-7.931747223382191 1.56871362532174
-1.6206177366332248 5.219100723591946
-0.5429187860074531 -9.574595716808485
2.2731251789638662 9.794929637923921
7.776747387264095 -4.2951601566481346
8.44273161325738 3.9461413865985797
-9.232867815827927 -2.814671057040359
-4.180823240604625 6.73397997816544
-0.043641632347393156 -6.8624406322378935
3.760707184118978 6.88735278590536
-2.004838248611569 -3.553551666619043
0.27846062300283947 0.3768212332510661
5.533643526928513 0.2979573615782076
-7.148497854470972 8.663077466920633
-3.1317090948302573 2.8810926816332696
-3.5465285115542304 8.585461055112233
-7.62509974888691 -5.0384304251912475
3.734811230932751 -9.000534192581487
6.0533905089432665 -8.356784897247797
0.12744667664769516 8.325858336661113
-3.9342127265251907 -1.7929386407488863
6.347929395318495 -0.8077269196822794
0.622637877244534 6.862304413124118
-0.9460868188704925 8.116162530134766
-2.8190804044820483 6.292915905930524
-8.055093443834558 -7.3608412333039634
-1.4690330340886355 3.8033890013499505
-4.300111726791913 -4.025152816351527
7.851745746626449 7.62195769663747
-3.356833907708509 4.454645881993557
-5.818024704686399 -3.8812936246781753
-4.271911123196719 -2.4763824524523637
9.954858226359143 -9.372053958262773
6.46663117839703 6.170839621399672
9.55931261338478 -9.51893877591262
-3.517736763619985 -9.350804582963708
-3.2318668838823488 4.826469491758269
5.842616880083941 -7.061258908884831
-4.420723682453234 7.206273558090427
2.5964568892255198 8.717455659567968
-4.153180425826422 -3.884109527373165
6.924209998205733 -6.162887574781415
8.474812860604256 4.941898813411374
4.366682960016657 7.182147102216909
-9.843332797760052 6.365021878532691
8.654760724864534 7.356401625176794
9.666347689592705 7.2651915128212785
8.568133168984502 8.364379754806993
4.269565341159925 2.369899089054254
3.5525745548452097 8.284107406770165
1.5593015619536548 -4.464645138926604
-1.6193371332819435 3.861639759034997
2.936636778898107 0.7090852472922329
-8.637471909170142 -1.6716628523876604
4.381851503867143 -5.657915175174264
-2.6040085888068987 2.2856771704312777
-7.2836329418720975 9.268104873712058
0.5595605098802725 6.244476847827816
-5.704734871474553 -0.4851105462258509
-1.1363500702657863 6.12916955831405
6.859377633513766 -2.95746233273972
-4.402562136154633 3.6307278554881286
4.174251945164739 -2.856887277840392
-4.435984713765276 -7.364654475679869
6.050863762114993 4.5935534894719705
4.636703730084635 3.770149840294456
-6.96574172484423 -3.294699538812605
1.361269079748622 -0.181851442614807
-8.538188755448331 -8.314170299035892
-4.0646284390729885 3.548060173745398
-6.944264972304439 7.705601120015526
-2.248455011978228 5.356580375228649
-4.602598194461589 2.323582397578054
8.465781436355165 -0.40896523339410074
5.352433763391481 8.819951418284177
4.9017273132920085 6.243845346644147
8.700107031216348 4.3044087576176775
-0.44518960390479734 -1.2604757277414258
-6.085020842336528 8.411672432007524
-3.7490226491648837 -8.290272121512528
9.296516700148732 2.324268825078873
-0.42400122079678404 -5.61385609060318
-1.2304695051883208 -2.5686687203669205
9.82893706787991 -3.433969568060884
2.880988113198784 8.029664083072142
3.363950157005025 -0.44795163318602604
9.76822372936389 -0.1677614080635017
-9.117840304749143 -6.501248264712299
7.713051210009564 -1.4867312937776873
-4.4240620258461805 0.1032184759907615
3.921301439462434 -1.8163715388874468
-5.042272506967063 6.571351966400226
-7.363532389097216 9.424714312531151
5.87991666436487 -1.9257559575781293
8.309945722599693 0.07136836933693402
8.429000667504937 -1.6264936243186838
-0.21338234451170024 1.3137171569740413
-3.111433356715658 -2.463337638936814
5.072759942522666 -8.369037588745144
2.02260712404148 5.923947419768005
-1.0170244796221244 -8.124564754025956
-1.8652760950915308 -2.8527998916410517
9.49592252457094 -5.43527011098361
-3.8237277184266922 1.9325686562860138
6.3935498764210195 9.074237100113965
-2.7608157790992305 -6.6988231589462295
0.2993006766958892 2.2336119267417516
3.42007697334164 0.9255390632890421
3.881654635560647 7.11181445367092
-8.703112248153417 6.630407241682434
-8.848832886805816 2.8690977624871863
1.1029927356044933 6.295517790310811
-2.0328061631065424 4.042200489631355
-3.9983048453786196 6.249723193754313
2.863545317619895 1.642225655159553
-7.124605698287145 -5.281629862303867
0.7355928874105793 9.250897343397192
-6.280916396631591 2.829715656367032
-7.233850207522532 -7.824415324452644
-9.064667394753737 9.739015655823607
-0.18161192660118886 2.1323317393628507
1.4508856671515673 4.170972234381695
-3.857869582652289 -5.407360294423588
7.3033905620933375 -7.720917334736561
2.1105488683885874 -6.013987605799933
-0.16785813353563483 8.59690983999377
2.293576351284907 2.443462576670017
-3.91896180697457 0.023577676362005917
-4.607244708382323 -9.407141048118744
3.306267385528731 3.0658193583666318
8.834232349058734 9.292832624741084
1.3156637798280713 -2.681363957031251
-6.39830045343833 -5.076148112162131
-6.7030651686878056 4.122117020418051
-3.924746416022902 1.2052664154189348
0.6345341844557346 -5.61156734420007
3.589842721190685 9.053776146392842
-2.775622579547939 -8.456004007142877
-7.960501567731808 9.372880904421933
-1.6478343081506601 -3.786248261586449
-6.104663387125708 -0.1255956465318171
-7.650167365171923 -7.197318583761594
0.8347758531175629 8.035754410264836
0.46554373293236395 -8.101856452988194
5.928523368535959 -2.720158205779697
-9.261336507136209 5.694461035216857
6.225571139407407 2.669544689649575
-3.5463815697801966 -1.720608955348549
-7.940824363577876 -2.6662123216770706
-2.9442712228884265 0.9660360729486541
4.328112031029516 -7.533394650748826
-5.452747921511884 1.6063945029613294
3.213575683663832 -4.283421280186859
4.204073507432039 -7.126609925666292
-1.9990760903465432 7.944794379336166
4.839263668501756 -4.037712515860652
-4.910235189693282 -5.6279145747156285
8.38418756503178 3.904818358199458
6.871789677850998 4.292587620014853
6.184896583129294 0.7839223604018457
-0.08667787948152217 3.1850948063455284
-0.12573098052678233 -8.974601824648069
8.990103260927778 5.51389107671665
6.055756818080262 -7.811201149409448
-3.416401203287018 -5.393203143583629
5.731868159253235 -3.559628728972026
7.743742163948792 -9.929136530169089
-8.093648307343253 5.582930428514672
6.489418095227343 -8.634410721317662
8.92445137708442 -6.5626139257305365
-6.422631596161361 6.235191091657281
4.47357629812622 -2.052115070001255
-2.4654067851368584 2.1273362408737384
6.799621422197529 -8.408572796747135
-1.9072325844394733 -3.63314917411083
2.837921005259167 3.5639219439396506
-3.164289945390502 4.6029230235927425
9.697194279848663 4.636500844149394
4.504655211442506 4.5463481231140115
-9.287899137330019 1.1033223031571193
4.2657639102564975 0.1919067611859031
3.08014742938807 3.914272182376328
9.568791111297575 8.613654846124575
-8.72008480655584 -2.7436728990190673
7.576814411054055 -7.2766340010636625
3.857497835729774 3.3853895751275225
3.8100420948251497 5.918107813064422
-8.675395020152871 -0.32503098438477807
7.8631002441675975 -8.321240611300112
4.925130212502925 -0.45621467105213753
-4.987909571686138 1.3324308822580804
-5.102952774637273 9.221891207262363
-5.599265479488398 -1.7970496838792904
0.5889050034828855 9.888205542462188
2.2491482057145458 -2.297278313927862
0.33213270544987417 0.20175886454722658
-9.830979284138216 -4.754929014705558
0.3442017230064245 -3.7969662534449338
-9.62982729475921 2.66969481092044
-8.295546452468601 -2.524139882444363
1.8546757589951657 4.941105506398566
-5.273819758066034 8.472228968862627
8.848640349984834 5.978322104033607
0.13896519799214246 -2.6786243416748334
6.125488344014663 -8.20235233142486
-4.226889495457382 8.579195173845559
8.769449273724717 9.39134704514516
2.8848761338200966 8.09864018859987
-3.8561343507729617 5.387549497681615
-5.4223582595415625 -5.609796842035612
4.938499540940063 -0.25700500654250114
-2.6580677270091124 -8.201019326111973
5.774128065045559 -4.965966441259411
5.996260857311633 5.177660146916791
-7.188096460929274 -7.656546662166567
9.77038942101828 -4.032513281056538
-7.506377058475088 7.71132457413373
3.6570754570249946 6.75163668934232
6.796398533533427 -5.797505947574462
-3.1735023675989176 -6.080128355142094
9.196309592453321 3.0760962990446767
5.292171367751276 -8.61234337461373
-4.574202065807864 7.776703248252005
3.930784437600238 9.471614210850635
-9.19957621360776 -1.6764714318738232
-9.66980054178645 9.390585324066027
3.9222962993392336 8.098815051914222
-8.650611892625015 5.866236928056097
-6.795016218670331 0.5460496831221295
7.863688969838112 -7.000861886760461
9.2085062794084 2.806450426285288
-0.9783753941838107 7.624432615028596
-2.9550289684612174 -2.2493776519795317
-2.5978287481908087 0.8317147368376805
-2.0686207319035947 -2.4474490240365343
-0.9039421541381465 0.16216347281475585
-0.9987444083070365 -1.2756129622632528
-7.019299960016838 9.489776370934361
5.44320103812794 -4.2727051193648276
3.1500286747288886 -4.358598497212354
6.762782825576718 3.1751852063515216
7.3194079535891206 9.336122561502826
5.674500956679857 3.020030162093823
-6.64779147953769 0.7048039123003278
2.175138029549963 0.673041620057834
6.96910920695413 9.867507343849123
9.452944886649014 -0.26475858396244156
-9.989779385267122 -5.855117659702234
2.332925046039966 -3.45338273579398
-7.695890014917528 2.939203262745222
3.9880407311046753 -0.07275587014891549
-6.691460657044262 2.833244193404962
-9.920186362492263 -1.6654235291688835
6.797550728788725 9.47573403842711
0.9621872884543521 0.43847852578809743
9.68235242140867 2.4606924429955868
7.306907522981337 -1.0885167772294935
6.041287147854419 4.322001884560887
4.986503068300614 0.046197680811397746
-2.864524718027659 2.8303645675795117
3.2461949918192836 1.6057717319188836
-8.334176628761139 8.617573348852993
0.13776177672744438 0.9748708955751759
-5.319938489249509 8.671446204721569
9.23787989285362 -9.108455482612104
-7.725750286035558 0.126150087029389
2.4589001270994935 -4.6591081452208645
-2.6058052415056903 -1.4293445068600654
0.19440681208580912 -3.3595933634233504
1.2263441096180365 -5.0091132684725626
1.0751539759800721 5.945396716402271
2.0515975437038403 -0.902947343869192
-2.04204539716772 9.613404338293911
9.119039989230856 -6.235801781186387
1.7718034794382582 4.199258018999357
0.9605503802015427 -8.183503711216154
-3.952582775949722 -3.929942559041142
3.093568914752078 2.910610457564813
-9.502074283903298 0.586653431173513
9.130957925099978 -8.952308398608155
-7.1257945678901695 5.945293738858892
-6.155452932965185 -2.5176432220062654
7.586677223714982 0.6434028349284322
6.549888647588627 7.825325184183026
7.413481031402654 -5.09713233554309
0.5067371475062092 6.034559944948853
9.516381170419965 -8.29816785226569
-9.9835230330123 6.280712489948005
9.215438614144492 6.510611129240264
3.72647190281395 -0.04459197058468689
-0.5760899385444063 -2.9962156564751723
2.2651872413619056 7.6089232894403445
8.274364341578913 -7.295577581578938
-1.3480182303038468 7.958282517068319
0.38182219997179345 -2.7507381348513826
-8.928021680842388 -7.105179167764517
-4.375367147109004 4.791639114621846
-6.668991994263321 3.6516966369430257
7.849889808686509 -8.092187431168563
-9.299638930437617 1.971584701481179
-8.486313491378304 -4.437667523282278
8.785401627859489 -1.4538387015102003
4.1697799395731465 -4.807564614608328
-2.169098085936774 -2.7843619900774836
3.5505984081005444 0.5565719395473643
3.4146758404560096 -9.075310565501349
5.193320694490771 -0.2891636133076183
-6.541833970169426 -5.922252924991835
-0.769735433894617 0.3861388913583639
0.047032009410534314 -7.91067340173959
-8.983008151821403 1.5369443369918034
-8.539290876946545 -9.983918648965515
-3.726522112281449 -6.181023189244057
4.870356797262129 1.5850912018186953
7.26384125023656 5.344369714633832
9.699183704891624 -0.7621109046710455
2.974898008516229 2.651987423050997
6.077333941422019 6.492665479216782
1.370498134349356 4.335617142161185
-5.7971924157564185 5.059677913635362
-4.1875564856516405 6.579583655963784
3.600788143040937 -6.74010705453949
3.905593723512716 -7.689862628000195
-1.3015316264550219 -1.6723964112199479
7.321052993753494 -3.876831363459514
6.07667774575598 2.9958292780795013
-1.4148946167909937 5.970213936539475
6.8019895277047056 -2.0126126638981727
9.961893690084015 -7.0985027567142716
8.333342140516415 9.736798898414904
-2.3948333646003768 9.117495525370149
6.036404764760174 3.7439545950224407
-4.96342738923548 9.20967227970836
-1.7444121365219445 5.075062964951261
3.283389153761121 -6.070188772522607
-7.053126977234648 4.86625128833367
-1.806645646816099 4.2182588287683735
5.911542818317233 2.168196699208547
0.05013664971872345 -2.1307421978756373
-7.621113526472052 5.615607706350394
1.9375199906885126 6.455155897656436
-3.2138435833786545 -3.365463737559695
2.4939651633532556 -9.812804110860721
-3.3739881603426873 -2.9404948876174686
9.859395387150375 -4.0480164076964815
1.2416404379245947 -5.080255971210576
9.099226402724977 -6.229346913141005
0.7425078480944833 6.170840852810052
-3.034320031967736 -0.9534008840488326
-8.406238803248268 5.958220633352951
-7.483835071188518 6.156856274917807
-8.360679105334421 3.169999321579297
3.2527095334852145 -9.074337510734887
-3.5668966618350595 -9.005824927675185
-3.9591360215491322 6.684753702434506
-4.2301496729395645 4.700773055210794
-5.52021864861179 2.2419344483399755
4.155293704396264 -1.1539610301245027
-5.041764223212047 -6.473656857626642
-8.697366665819505 -7.042793495665882
3.9362234009807153 -6.4992576071903585
-1.5791646396580639 -3.172221041571273
7.8922453753236645 -8.304754285500076
3.8036616559671437 -8.084170715801688
9.04437609698007 -2.4015651632715906
-5.2423634555818115 -1.9651692706313355
2.620579083442774 1.999255833053791
5.154859432479116 5.503623917347003
2.2260103975549583 5.183567545473496
8.832816495212334 0.41181904684948023
4.238471984650342 -5.390255126705144
-4.030467743295533 8.799588674952261
-9.748114493031537 -9.754364493433279
-1.5371026684833886 -2.236171831545075
0.5116086371016966 -2.5668924307609426
-9.628055227464474 -6.458797382544534
8.740973852156436 -8.553819317726791
-3.0047790812915736 1.5145244064759211
-5.213391825236382 8.316887190775912
6.9786929185352555 -7.094839040161471
-2.8025721082034893 -9.225221244256176
-8.991432343026794 -3.3085657467410297
6.5243580764031535 -5.74659931369604
-7.994802683237985 4.7473430812679425
-7.330400226129554 -5.848399753311611
-4.548076724113983 6.814871892664087
-7.658660224299556 -3.984522067714737
-5.5414757173465645 -5.5258064230984765
1.2673242246795269 3.622678344848996
-9.653177357720146 9.336547428255958
-3.3409616199376524 6.234610648701402
1.6142022412335955 -9.7538116057586
3.484364781120263 -5.310107775358402
1.0706385878871334 -7.376292294625042
6.879936353042012 -8.031740152857314
3.922716059453588 -4.499994474118008
-2.5579774093173153 7.9888485837990615
-8.992873578309222 7.021419409163798
8.162769804618172 2.1501184250921224
-8.105080879757923 9.606631921934877
-8.741418263914495 0.04623541481214133
-3.000468154470455 -9.258867267085481
4.58951643999246 0.5447107748666298
-9.974151521086096 8.503337703337525
-0.7682816170597171 -1.0714174270464802
8.51846106132784 -8.231713916718524
-1.6659769721468631 -2.151932518852022
1.865656886251955 -1.6877237010964752
1.326871277561315 0.6612469799550844
-7.161589690736938 7.95669530887314
6.263399427330839 -2.798486090961494
1.6829893402283886 0.8196305253757821
-3.4094222846230426 -1.1958709821806153
7.98936448121513 -0.6648995198132486
-4.06409439375548 -9.335032038865773
-4.021410504941734 0.12363075923011024
8.250015819850024 -3.2842938206963224
8.83586842712387 6.044209603626701
-1.4643417801080911 5.634925587911912
-0.8666346252193247 0.5003774437940312
-8.476680370287983 0.8332616322063977
-9.353987160546325 -6.770732947422635
-1.5075020255692895 1.5610690657648458
-4.282220871589974 -6.941580659079236
4.795844418664515 -4.472896076307309
-4.313980547441185 4.679873573980531
-0.6310957172697744 -4.728670435424938
7.65366194335709 -1.0226850492884783
2.1993924428983664 -0.25455908434480534
-6.368208801108183 -0.4789718259387996
8.224686178543823 -3.6171875911191087
0.5080687422555101 6.835914512332629
-1.552580272822988 -4.929112717101926
9.67127938471852 -3.0619492821814482
-0.40127688996859234 1.7811213100605272
-5.7962664564008275 7.693531438852446
-2.62510231451325 -8.331280447207838
2.11954637941494 5.3321969538116285
2.8221051976998446 3.0832769982552204
-3.322361078555865 -9.019823770786754
-1.5385448730854314 6.653255846619118
-5.682215274266673 -8.688643071102966
-2.1516375366267564 7.24029067897747
5.639612112641464 -6.960343945144196
-7.311698500138539 7.971898532644829
8.889976168934346 -0.32889689914414255
-6.33797007154747 -3.7961744541292397
-3.3779558344022798 -8.34587127917463
8.033310263187666 1.8222072811098187
1.5031880025362057 0.818880356493441
1.0999702024043323 -5.002176063357842
1.0567981948986631 2.6917414871105514
-4.490686374152311 -6.829725750152294
-0.8134813555356715 -6.286503284732021
0.7172327662408424 4.506469472642445
-3.640222858307933 8.431730542123358
-1.5238592016958226 -0.016092499624232204
-7.933540196325614 5.680155703963866
9.419086838725338 4.717565300141764
-8.121111529526157 5.525552389422359
-4.880071993659936 -7.286185241137606
-9.950016917149608 -2.794191650579057
-2.1972288192881484 -6.08629781359705
8.536016792063531 5.2079065091667776
-2.8611056658483562 -5.050176637207057
2.2114564132421783 1.349768114883549
5.667784904049615 7.619102834818182
-3.3182779604555535 -2.225303560571035
-1.129796762597124 -6.12617648801791
-7.037794310220036 9.461352387158065
8.94521813874664 -2.422001301170111
3.2169927415094453 -2.4361965098221567
5.010607694839589 -6.684890750401431
-1.5291846111735694 5.153139600846593
-9.002816118014005 7.8117056244492
2.2647552347421893 -0.029998642490836502
-6.779235378230628 -6.574896017092886
-3.875201363913801 1.4738943096509765
8.760497894760341 0.4557102956416781
0.9089594213370837 3.388503942704988
-8.21918401635619 7.332618230676083
3.8202347578241262 2.8289017084406165
7.042953503123329 -3.3803711018390503
5.112917906294754 6.843216068540183
-8.35042037999166 5.957106205992799
0.20753919592934622 2.834498922415513
-3.3670535822114527 9.267201561277439
-0.8894919191931621 1.3984318024123752
-4.223491725355797 -7.780785573993354
9.73108939025482 1.5358779990982754
-6.945568414271319 -5.774871276515698
-0.7014673609335631 -0.03292609871690644
8.591882563027756 1.782774442713297
9.334207392964899 3.0000836865562963
1.8467598855536274 -5.686103339402768
0.14743882414006926 -3.5101863207647543
-9.191835231512416 7.057802837531479
9.713083321751693 1.3268208681129465
7.138249405024986 8.752053336930409
-3.630077237548077 -7.9861009727204735
-4.348765320755463 -1.0667104381257158
4.881346086805795 3.8344352598933344
9.122780691313572 -4.889649075958557
4.83787316062797 6.041458959352639
-5.413149754849087 -9.712757656171227
-7.227473535049462 0.5507892951484266
-0.8258466435512553 -0.06234835845394748
-0.505741869572816 6.0112380362417355
2.532934709774075 -1.6555193902124632
-5.16756214950143 -4.395319500833974
-3.025080024321616 1.8136712649609787
9.318219598885598 1.3684385873328324
0.6515507033767705 -0.7492858992516247
4.81543852826994 -0.29400193262513596
-1.9265389681797025 -2.5919050462620348
-0.21525879044680707 3.0125258545381115
9.080535006874989 5.844213112106074
1.5810838060422157 -8.438089764548586
-0.6854949917409936 6.283146990740423
1.3624737881455662 3.37044228033977
-1.2961954566972587 -2.2502086306967843
8.078837465151597 1.912901265033236
1.8622271366390937 3.206132226667105
-1.440964035669424 -5.97498339409462
5.358791646905836 5.364732580906434
-7.523381075544795 1.8166953053063288
-1.5389973699884365 1.1263107009553508
8.695647688346579 -2.559419283132069
3.2196087250164247 4.482088062063976
-0.1417411805162505 7.815590608291984
7.282509739190527 7.518572610420566
8.291175901349021 -1.209644919789909
6.329944915541898 -3.728867058568735
-0.995101657489526 0.971440263585535
-0.1566614086322211 1.1584203545131473
9.727989178392356 6.615654458149358
-1.919095394265856 7.940252788355327
-6.9055854893571045 -9.50855281725014
-3.5031302979958934 0.22397015293021383
0.5852878028359214 -1.5099753255983277
9.824668530210253 -0.6983669383423052
-1.174253125380245 -5.267779387587916
3.6468468748544254 -7.626377185462003
-5.356920098417406 -4.437201587940754
-9.21944486053798 -6.387718751408611
-4.600735495407204 6.199036367921252
7.518218509126818 6.282774806684522
-2.945914623888175 -6.783107207899208
-9.5638185741807 -9.846624291611889
-9.784058133996067 -5.765060451359085
-5.096799155981591 0.2566051681456756
-8.949336451793977 4.106728903541789
0.24874994448474474 -2.032541794254856
0.23859098474610008 -6.326611591824327
-6.946151486648127 7.2693699627087796
2.7937537203120737 8.882964734344021
3.5864852810649346 8.768456048394448
-3.4384344072701563 6.094038194253635
2.407178817292186 4.053171837948955
-7.1946156885752055 -2.7372363921876097
5.937848542308666 -1.3393371015726512
-5.3415118263119705 8.447048405473229
4.988691358887767 -5.586928717837019
-2.4069049109187057 -3.2023069245838514
9.423834791332808 1.5513268842088053
3.180576408517279 2.914341917139865
5.441999309042888 0.24867067511382146
-4.865051911967251 4.632922111741713
1.410469757628272 -6.672528419549901
1.838941267932979 3.5776679865118126
5.610646592764395 -3.1339876944643263
9.640233627089135 2.556293140442964
-2.9382212270680252 -5.863841225191471
0.7405491520444585 -5.790428250216366
-8.549581470564423 8.371996477675147
-3.2915336014286645 2.5647954194780915
6.4314613905677405 6.333489969324393
0.8489282934173303 -7.759968894514189
3.028604640494116 8.083964832701788
-7.505010577403269 -8.361403047405737
-3.929237506190555 -1.882859139313382
-5.243990596519115 0.6918703184287516
9.553429826003704 0.4432891558058998
-3.5770227523215192 3.7065477417147026
5.769245196609321 -3.0090267232948413
0.26688448451485947 -2.3318158139384737
0.48152143681360293 4.759411004210058
-3.558752556128681 -3.9815988870094614
-4.375375771176138 5.184593440603496
-4.9432397567224236 6.358798389970115
1.5663966060706063 -8.455303775279399
5.2245229518751835 3.361801930541821
4.31318386850954 -1.8099479231458826
7.941032183694485 -0.9419324726026073
3.9205392984565997 3.887734583657503
0.4508880379758402 4.99153971298902
-7.952179229885987 6.6592481695409695
3.3249768713752808 -3.0969747916897976
-6.105988083633398 6.830269258717951
-1.6711272607802545 -4.835254213189584
3.8373531803375833 1.5632638732658641
8.233050905940239 -9.189325767135
4.981390936433829 0.9589095884075753
2.1987846917509284 0.197125062102387
1.762455992843929 -4.011269694590194
-9.050372660943042 9.800615213381892
0.8324520666156232 -1.7080389600324164
-1.5523575270430694 -0.9333418849777573
5.283656764325013 8.588465899327673
-1.7802799564596583 -5.784816737712351
6.12973489437821 0.34200665875627223
9.61002512458418 9.889398691622109
2.194750547656996 -0.7055066569757535
0.4906548793894068 -5.312474843182951
2.260084971184824 5.526566521194017
-7.877500919367595 5.756832653935888
1.12100106231728 -8.687341702104586
7.134616670302869 -5.616688747381955
-2.192029902121204 2.304182772433199
5.745541859486492 9.166210909856286
-9.439553430702695 0.05530153370754576
6.180376276682928 7.164521202846462
-4.323208418992457 -2.8519594103576607
9.099704901521143 4.759053896108771
-0.4010268987617067 -9.614227227559402
-2.478116524219523 3.1801024915238187
-7.81473980176907 -4.381452141085445
-7.494146330711837 5.0905389282131015
-3.9540580737990982 5.751218824671083
-6.279493914563588 -9.856872452851142
-6.6737251254042995 -5.777082198339054
-7.556080640373731 3.4310804298521447
3.3101404778684262 -9.540743760636637
4.257970022409589 -5.23854831827494
-5.91920546581028 -1.2428730121016685
-9.286602618857474 -9.02948002881742
6.668880400398791 -9.955063439990754
-2.9354477350935255 -9.790899329819027
-9.08231201363279 -7.8349867108605675
-3.8954040071951423 4.899352392404801
7.310795651858616 -7.24511111233255
7.305914879444902 -8.381621146639926
7.860028921673173 -5.467875852816302
-9.726858929238823 9.519471746033872
7.477655100026741 -0.3824512149357062
-9.902230062878456 8.184735044960863
-6.164871307979524 -7.307720721953772
9.036202707512615 0.8989611555271164
-5.794279589260678 -9.933025491423379
-0.29443130445347343 -4.076295375987657
3.479682895571747 7.3740885011722455
-4.831440390061175 2.9308830575423546
7.635093719870806 1.8223298834478818
8.766859241525506 -0.6232998195302883
9.761624049411747 4.314763746814581
2.7868690094214106 1.280131280692256
2.5768468455854183 9.825034259807254
1.1767939348230705 3.856917726735084
-1.373213105990093 -9.571579150206595
1.132244809456541 -8.36300857457202
-2.2103969228090614 -9.584948168205802
-8.704009260037598 2.495351012251774
3.1657663028450482 -2.660864359653832
5.867996098154949 -9.004337297188332
9.131124354699761 3.368304347567417
2.446220897822 4.79185422427657
-9.952961913954663 -3.819867980916765
8.82181042976719 3.307481881178534
6.17669246929648 9.048346358415266
-8.296370129939149 8.59068112460648
4.537562826151342 4.378589016800145
4.587987727552942 -6.615400861149219
1.0355278258171907 4.882841977785553
-4.725875111885136 -6.623510765199516
8.443306987123513 5.068580134261108
-8.8512103325704 6.347377610211137
-5.676059222831656 -2.6388019136749863
6.356020850212978 8.710789378124083
8.575270951650047 7.5489272407474
-2.341914441058515 3.3481950975679613
5.285702419242007 7.439680808957249
-1.326890737925293 -9.78645257105631
-1.4901210446489088 -7.950409749804153
-9.51950869197023 5.42493794316975
3.5723970193666403 -9.260945036598729
4.823166472157965 4.247585451507836
6.97304273670165 1.0706428375102561
3.6863464571336593 -0.9742309519401449
2.7783950307254877 6.175331315923799
-7.152241778820705 8.966655897791664
-8.832450970511292 7.637315198773564
-8.1621945471254 5.913478535121403
-6.191466450424814 1.8875442894191519
-1.9551611367777149 2.1350389946923656
-2.270027223331164 1.606735638773129
-6.696328307707664 -2.252458326954887
7.358070188283882 -4.342903659488384
-5.567451988388676 -9.549751351341065
7.805405441352452 -3.608149050269775
0.5658602528573944 9.509579658716238
3.020500122108885 1.183113294081867
4.122646051359544 -2.877161884956223
2.516045415176114 -1.0293712821383831
3.7371493383445493 2.7494553662577292
1.3470900729069015 8.824059096942204
-4.034189499062773 4.087058500704554
2.2542318926919087 -4.904787534262438
-2.752418486814303 -7.075821313969466
-5.872777557951068 2.0167927759950075
2.5752084967049598 -0.21388459161548035
2.8571282207677324 1.4019169143842536
-4.699389244798264 0.42785993803416567
-0.31558662308660246 7.010030582640461
-5.785448325360076 7.155689035462402
-8.609152260526118 -0.17255404636627958
-7.796247946365115 -3.200153443913443
3.462337027761116 9.501851140805531
-3.998155138023516 6.619571033084522
2.3819972087934964 0.6877326093613974
-7.59584288483018 -0.3874901763775398
3.575781999528761 -5.020043374327257
-2.5944116125955707 7.310362339294148
-3.085049015057278 7.186813176481056
-2.753170848338062 3.8294713851751254
2.973687927408575 8.599558458920107
-6.04835691848407 2.0407033935205217
1.0361235949198075 -2.1150105041418055
9.756439399857207 4.228935763168346
3.7663820762209443 1.951973977784288
7.304999406331451 3.458546541999878
-1.0310696673920177 8.392232846922532
9.006697076307287 7.063358419368676
-8.793191956020063 2.092930151317077
-7.7262044788621465 -0.3116690249806382
-3.666288087657388 3.4852805847411066
7.103202068347851 -2.1964496694250872
-1.4978132265573336 5.561560810293022
-0.5314303771663162 8.30483754201801
-6.689200535107371 -2.4622062945336403
6.039502079349635 5.589217735997558
5.811330021147343 -4.431750803376946
7.850495582402999 -7.3402586586977066
-7.446291736399704 -4.674167593140284
2.1391429176117818 -5.085251766307239
-1.8307053331634933 -4.210272043689511
-0.5563416913174919 9.078657254393278
-4.025298261741181 -3.9543555096916583
-7.514919597376062 -9.86558496917466
-2.0722761485911434 -7.720646743683037
2.5659707280849346 -0.11851237677518434
-2.3487243442371053 1.0366024864294872
-4.6867940352568915 0.3114236056636326
0.5317330969816876 1.8941724530180686
-2.1461269276040422 -3.529473044008573
2.627240151811975 -7.663864177921078
-5.225413653734261 -2.60952026162048
-1.293321888090027 -2.4484383018512883
-3.0926245390973284 -1.464298740075554
-3.4751445638584606 0.6722238398142082
-2.0443528538246074 3.347846003724282
-4.117106508332968 2.7152046372788323
-2.22112833767405 -1.2856713777854996
-6.693917668358931 -7.678744491107928
7.89020973172379 6.6172339940788625
-4.123302254080567 -7.7437242425182795
5.831131387808634 -2.800957151994692
0.8493333981945383 -7.928733426569286
-5.661531170890997 0.7240662799028179
7.047308931147732 5.550617776957019
7.706776184167051 0.05075000057649959
1.8091958221333737 -0.08819310838659611
2.567926629967941 8.549600526314794
-3.7991705411408887 -4.741371316697669
0.056088615372720696 -9.801823648098598
6.846513463673716 -0.40052199620375006
4.88801448714058 0.27189193780383825
-9.698220593938537 -4.909297713292709
-0.7479196706784546 7.458055585661953
-1.1044597745097349 -1.860550075532517
-9.38732186056697 -9.597588288519642
-5.766464218553711 -4.9932552228971705
7.9176644082595296 -8.281151183827545
7.901728146447592 9.206637014461862
-6.14645886952208 -2.1167275696766152
8.949574912461461 -6.364119187111386
-2.9919858241745656 -4.3051244059877085
-1.553685060345586 6.399290837159832
0.32198917026532037 -4.543418917487432
-8.166320847828777 -5.641658295836103
3.506312927310784 -1.5862546235319321
-8.98761507271961 -1.1936179103503477
-4.263104022839959 7.368138623553094
9.067268951690856 -1.9051313406747727
1.5234312165209474 0.07068808076185462
-2.2065917719539634 -9.208887623741441
-1.7077733764231837 9.49243348100898
-2.0179615391813694 -2.532843170616454
5.935265045227151 -8.512394419306466
-3.6539422450968617 9.730866174468225
-8.993435280591036 -4.108450616452213
-5.020747055200641 -4.199249790004764
5.217577550239662 -8.97583464754012
4.91855805150346 -6.478940254376
-4.8960681639985175 -4.57278939834241
1.6619928932432977 8.303821508293474
9.101078910153017 -8.04280859916382
-4.339433590603354 -5.627587290190927
6.239759583468334 0.11334499029065803
-7.1722954385406545 -5.663523661216454
-1.5176060989009237 3.095123805046594
-5.151255318481556 -2.1286042060650168
-0.7611742984593874 -7.476187068743762
-5.362345894954943 2.011101628025484
8.950535116021669 5.74559687776401
-8.57869582787096 2.7143621505172515
5.723747754869741 -5.159262645355492
8.42021781928382 4.474834755845139
4.362268731926623 3.1093022490280404
-0.08883099750541135 5.458562288843371
7.6356882161175434 1.7055826635175038
8.228315815104374 2.1255934514722163
6.475610806576121 -7.305356604843851
2.0788423428122726 -3.5135140476533833
-3.024326602862728 -6.413092378323544
7.251184721535246 4.989470687039043
-8.269249300703024 3.2239023817338435
5.305888418611957 -4.1611927237336115
-3.0342173024358683 -4.253064829079003
1.2572180677259972 -3.4250766342938714
-9.093939436924254 -1.6470630551783216
-1.8304446976383986 9.142554720580971
-0.819044319504826 -4.6011197500270224
-5.800227117288321 5.196759245469213
4.13944838770902 -5.055885279744388
-8.184994710532035 5.578875455134064
-4.90373787819085 0.3290288755820221
1.0801318453579185 7.023184212943342
1.2639878043836887 3.9012679942858774
1.157573152176301 -3.8406080177414665
-4.491574947561679 1.9324963494372618
-8.184689627816844 -2.803148649578972
6.000118241005609 -1.07703178314814
-6.234087936049278 -9.634530229027984
9.645763115617179 2.832390868348302
-6.233060981379643 8.63721696620803
-1.68622871716628 -0.21292373415370847
9.981221871061862 2.879822386260445
2.808186448544374 9.015977873584585
5.744135116054865 -0.27698784243242613
0.7870773938894438 8.677178654351405
-9.798038592707869 -0.6787139196836165
7.322881528104396 0.6913568873124998
-2.6403187639115107 -2.037180160450567
-2.6253124774549486 6.322622705756345
6.586013821394388 6.758597442328799
3.803635734079702 -7.292597145918778
-3.6554421866234277 9.02277091101941
4.321311594240907 4.120069723026447
8.63982618452242 2.0230835191692442
-0.916945971267431 -5.12742786099775
-0.8042220761131809 -9.101058241712538
2.389007540418282 -6.080259744282037
8.991304686484117 9.021941563660807
9.776346220089565 -2.137253171698692
3.31642584504875 -1.1425370550648069
-0.5418732524798404 -8.01707241308717
4.774717493915684 -4.306117668168319
2.923693612281692 -7.615554812509629
-8.060050558022962 1.1984445416469534
-0.4831982898019689 5.410240303250633
1.3274677197108016 -9.842609309428166
0.21195120062877315 -9.112050701761357
-5.175745562812484 -6.750203837965296
-9.583507501992983 6.102102587775967
-4.672803763730677 5.141491008218665
3.4884927375925905 0.6034730276205362
2.86361145534495 3.618290211622819
5.3340083574898856 1.9401495481987006
-5.093260515635247 -5.105271900067121
-2.4660290007198693 5.839745327333825
-4.910355706202976 0.6427258378762861
9.956132403230647 -9.2528981703504
6.640689597480357 4.495560555968083
-2.6168297952937998 -5.798053733233861
8.943171258848825 -2.5759822638266776
-1.604229475071385 -1.7112526422523704
-3.9332636895158624 3.873754216543041
4.1892370818827125 -7.293043433331039
3.0984792666974528 -4.017987436758538
2.3541131559839013 3.573570524818381
-3.3600398633449906 5.670317205740066
2.22345434334391 -7.250039356511961
2.640498469181365 -4.810782487025564
1.3789991442192235 -7.504784888333662
-6.0546884234397 -3.19363476368342
-9.767922812660956 -2.0409702940027286
-4.748245578888081 5.634772363337673
5.016557922274874 -1.6426316265722605
5.994050127070201 7.778203174415083
-5.474246668463416 3.019178607021022
-9.328767357250644 8.419154117745936
4.581835409239412 4.914802835670464
5.195435106831862 -9.495717319269556
-4.887669159668473 3.1273124824240277
-4.299512385115271 0.5964104797695562
6.4375752962932395 -0.9897884295545261
-6.758495749621057 7.604873377890058
2.2978688311042816 6.883958218964398
-8.518509158606598 -6.713500251620577
0.4639345208405672 5.494781925788475
8.610491004495152 2.7438956727937835
1.6993330790593237 -0.9175582673773857
3.691762811111637 -4.780634198839746
-0.006505595247563889 -5.667845063228334
4.311008186812014 0.3238112386930414
-4.547011766071492 8.002454310748831
-2.501073329085153 -8.26410991967649
8.473642404297461 3.319150433955695
6.7589354060935065 -7.539566421525632
9.606409244966006 0.7694862396740376
7.510849887059777 -4.952818672490295
6.884122146399569 1.4035912945675033
-0.49976066088920845 -1.5700929771063024
-1.6737802291550494 5.010934515109184
-2.5845684592256575 -2.3236288171845914
1.306194898666071 1.0629684500792536
7.280337376027184 -1.452292313848254
1.1667773491550566 -0.33865227366566586
8.044950599027047 9.019376792035072
5.77394557309743 2.117265437778462
-6.049629742713125 3.0273247374822674
-4.865781259783082 4.072896999825053
-3.458514058858901 1.7733633508488573
-1.3924284381814438 4.53106306273547
1.3979378447917128 -1.9181480785420426
9.741580229603017 -4.397006138706912
-5.059469206887215 9.278017400030595
-9.073417889954632 -1.4261772049842456
-7.31180824814448 -2.6811750470059774
-0.8916097669300669 9.133549901092753
9.999579664592812 -4.075702755939825
9.303322092000137 6.806641378783979
-8.758584805188578 -9.734077397589457
-1.7521434141450332 -2.548059875095829
-1.808684028407745 4.8777613604557395
-3.336556189364213 -0.772248724338489
1.5882509470528827 5.687061099556638
3.5943176604650837 -9.256662658727517
8.937100020233096 -9.205249490456378
-9.709828499663642 -6.691252645187202
-1.8450310039886642 -8.416867004397394
5.604516722036212 -7.983312701755143
-6.973858743520118 -3.5438942817404655
6.082193308030789 -5.215959298153432
2.4618477730542914 5.40859686324813
-1.3709249829745893 -7.103695442033939
4.315068079185039 -7.796367269346152
2.74287021101304 2.4689751808668206
2.261565691421181 -5.05890284469819
-6.95770855561255 7.408823831293866
-0.018020310672959283 -2.8828691856984356
-7.18528342346745 -0.03920086255358335
-0.47194630706978913 3.5534841976730807
-9.96460161778495 8.326982357819265
-3.869031134335861 -3.362213326725099
4.416907459791485 -1.879628006490897
-4.4480239680770755 -5.400492839568045
0.8551842580294071 3.617308655943752
0.8623369138386945 6.718979467652616
-4.1261009969732605 -3.698927761428852
6.83185620630983 -7.451968796024222
7.986047461744299 -8.662901326669791
-4.188285325941912 6.19761575666595
-9.181634317836426 -3.8674897788589524
1.8128187946320118 0.4631401710994165
2.260873056910519 -1.0419591759051645
5.66223561497903 -8.226047615080907
1.5026783473413694 -2.234507877864238
-0.1581142261462336 -9.189324222107512
-4.280982729573239 3.9388169867462217
1.9134234700510717 -1.0797427835137103
-4.40127778237728 -8.702267280440466
-7.673540772828487 6.531887858224302
-7.567503314960411 1.4241884852033397
4.003393640218372 -2.74370837091732
1.6268441766935915 -9.633831242992146
-5.012248648739699 2.4429756533496985
-2.293958298888459 8.368813408775505
-4.673436836542477 4.551091658735402
-2.7088222998757523 -9.542058467944463
8.992889496430514 -1.8610876888412093
-0.6008059424097407 -0.04861233328882619
4.98327396815829 -9.27520492364824
-4.320453489385772 -6.256967185683646
-8.573236222613751 -5.964071536338071
7.040624631997062 -2.0924149507442262
7.14017867766152 9.319217415879422
1.896060187057218 -6.513204517477362
2.3734165372215816 -5.438525663897513
0.6221862995879075 -8.937306939656382
4.090900889982565 2.569315920141186
7.839404229528135 -7.030919441187702
-7.023421356130564 9.876986578331032
3.598909865494303 -7.699738829254481
2.273762310719631 2.4147803916155937
-6.353878014015779 6.117859263969297
6.817173579900398 5.744452078657689
0.13387623238016566 -5.1244303470354975
-1.5391511092826349 -1.980324352091941
-5.8776902851633945 -1.7517637837656217
-5.476722772742802 1.953847556619209
1.5913192204157127 -5.696162728340573
-8.086921487931116 5.27461415641039
-5.059483644613188 -6.284406031678397
0.27826173212019256 4.45266694103565
-0.5671182507624 6.702109047858723
-4.656951290631426 -8.806870208319852
-8.899634617727404 -5.218538473512895
4.863102454522771 4.714842119053806
-7.078612441048577 0.3766572128183192
-5.961868271597539 -7.911342809047095
-6.499025814606658 9.212322312497161
-6.149267489036356 1.6982837686472472
8.733524255128863 -2.919223973249892
4.873426340270397 -6.472182662036214
-5.208762254164299 -2.8997926928931683
8.672511217938649 9.885672818062247
0.6008514530729059 -8.43209170000218
-4.756989628622796 6.014732567214931
4.821685265559854 -6.21836546735987
-4.972356691619777 6.585945250331719
2.4336671948005932 -2.099898818153541
-2.4230890586854663 -5.092311148393344
-6.044011793117043 9.383613931067842
5.628131855311738 5.799756879851854
-1.77818526680527 -1.1557103378541616
8.706495123381305 3.56781621023403
-4.488201691726335 -1.5771558526118028
-8.293118702738987 -2.115126331649919
7.772261896917719 -9.525411197419116
-6.677206407861123 -2.877608019870779
3.2711287402997318 6.210298290983612
-0.7102550505096588 -2.35206871547192
6.5243595371458944 0.42554805445712063
0.06391465785108963 -3.0430952765710533
2.5742080935577842 6.831597071586614
-0.10783878157439908 -7.889713458477329
7.081480457725334 0.01716277843902425
2.7989694521971558 -8.914428942697047
8.747512473990483 -5.195284499041001
8.176222569450218 -3.0194315277638806
9.419083849831011 1.5352538051770175
9.904080741573804 8.987828956778028
-4.444593831005279 -1.3933985766206227
5.333674322180517 8.845160216866471
4.216891867385662 4.300306257408277
-1.8276975810980751 6.54190560601365
-4.487307379137357 0.07294764641572016
3.684893028913212 9.995855966888062
6.8954581545891145 1.6520868968500242
-1.7077520017566012 7.291061986105653
-2.969923326254344 -8.923849175893556
8.321890999813895 -0.2727332902761539
-6.041708453042283 -1.4405113262722757
-1.350733608148019 6.228897996479379
7.185074595892299 -6.972282600441508
-1.3816014601305753 -7.471133906107957
-1.9794170505186344 -2.6384549153959025
-1.7508942767975526 -0.1787482443959103
-3.0599272157798296 2.1595694121494535
-4.765172425405968 -7.718666165054775
6.636151428234417 2.234009755098434
-4.099509851001231 -0.6163013209461106
-7.11409602047949 -9.851860264954198
4.647630135868928 -9.893454032490865
-3.9203265755539407 7.950540642040508
3.2692237993038518 8.252444164688455
1.289890762986662 9.687371878713083
-4.17681949533232 6.033895564002613
-0.7817861782678488 5.318359340075968
4.063724475637265 4.916728362633085
9.659041328148174 4.5258822213078815
3.3896176548732964 -4.6444791666369305
-9.642530427936135 4.1868047214711
0.41849409652903624 8.2045132808699
5.636620203940211 0.057156319542727374
-0.8825641115549736 -6.855371020200209
-1.439138302860668 7.2771493494425314
9.783574779416735 -6.864984442315729
-5.617103644341652 5.53463800518815
0.30685525422740056 -7.973710472210684
0.7680194396161575 2.1322177434727863
-2.625514463752035 -2.9642495473738384
-0.17925668733020572 9.234995981714029
-6.424267454269714 9.22632041354342
1.401278014686305 -0.8665504561975261
-9.007406341630702 -6.137271645591631
-5.931531478575003 -5.1782957130795415
-1.3731541263938762 -2.002594400704285
-5.578453196041229 7.814575306859119
-3.9180680298241244 -2.44158878678048
2.9100779952355893 -9.005730688302215
-3.9368958521497976 1.9387556608348078
7.364068651136179 8.651312260826458
-2.2803191479365363 -6.957426925180865
2.977105665904233 -2.890690901909812
0.7229548333354465 -3.4810596987501423
-8.384014837159908 8.126273981425843
-5.3134400755085265 -2.4767636381929536
9.40569379454302 -8.990644153820174
-1.461072034327863 0.8432197419645941
-4.746610822121127 7.477231629991099
6.2889385362738395 -0.19240758827869975
-3.9089779123283126 -2.5128205720715453
4.574539834159188 3.797236325247056
2.716560207382006 0.9577302254806419
-0.7879985123646289 -8.925688622158836
6.2289787755110275 7.372077826746949
5.596048348113429 -4.777960267347479
4.030003190314906 3.7749249900376842
-7.766813913617279 9.92774810996169
2.331535509130479 -4.5586331824809845
-5.655227940153615 7.5949547293677035
-1.7155842258268628 -2.902335463284011
1.8855889638744756 -9.71473584173792
8.555441433206653 3.5047673544435227
-3.796160926905287 -8.563879730166642
-9.50069985814874 -2.8575369237524884
8.735030379850961 -6.540401590119249
5.782045529836662 9.387992617990271
-0.5644846639479653 -6.028100451686891
7.978951514725033 -3.0354497366478395
9.637945236765418 9.559454682252674
0.7502061600924019 -1.3471133952925385
-7.174004407896673 -3.323810018277724
5.1935612113699285 -5.864740158565967
9.03402958852265 7.906222097452474
-8.533095225195058 -2.7220050191525154
2.7342962700647675 -3.697058414839079
-7.100039048295718 1.276837832288333
2.375170602525669 -6.896876970311516
-2.4799159113349507 -2.3234164625934106
-6.452436305551941 -2.2405664728686787
-1.979407458869705 3.0681132465765852
1.6157458704417458 -0.9372647442863027
1.180370680204872 1.479761000123002
-6.495997236945197 -6.830021913589519
-7.85557417382265 0.009338986466964627
9.046731591075854 -5.03178184217421
9.469363409841694 -0.49275018726338615
7.742769730656583 3.0694320294953226
-9.069623606935508 -2.005150822572941
-3.8806649485619538 -7.515311842923902
2.8435954103971106 -4.978655816747672
6.269279622341738 -2.7138686797343343
-5.563871496470352 9.692149038445883
-4.972098532310369 0.8414160597204088
6.643057753392423 9.716316675404517
3.762733433476912 3.5227991195633575
2.591318327072278 7.156841200772888
-9.734742834019956 9.050330691374405
4.18087838589425 6.1936342947702485
-2.5401878241541143 -3.771818884265807
-9.631855084764895 -2.9286437710760094
-6.027649460926334 7.5411136148370055
-0.7907402975769813 0.4478979723757952
2.599634502476661 -7.000946020008019
0.9171323797048281 -0.9047971453153316
-8.590599426394991 9.763174467803179
7.868747783610676 -1.5906838188882695
2.7301230315070377 -4.875677991592768
-9.564610742500355 0.1665587427650994
2.388245974642448 1.9631528301038674
1.4035819919630104 9.422777995546046
8.447515591561302 9.14996673069102
7.920336364545729 -4.597604267361413
6.042535747448195 -0.9966822564593674
-8.264372398807451 6.541181883435222
9.753461364728079 9.225466772525344
-3.3370372830324913 -7.447911595628094
8.692928319823348 -3.7421514705000813
2.4967895098835147 -4.1212415148914205
-9.348841582290973 1.1511219316650063
1.753334463697529 3.103658469298624
4.444641047909599 4.090406001083533
4.751805432396347 9.021166510638054
1.7092470960981991 4.0069456461726
-1.0608226744406295 -2.7829316308267043
4.683171122990908 -6.507237928257399
-8.50306108754193 8.587355564697667
-3.5723330744105164 1.7558863483975866
1.456437107070288 9.663078427827337
9.174581080837608 4.319799591874574
8.734647515351995 3.769561336236027
3.0870753148798222 5.39006093518757
-1.7594513168094128 -0.26500765296496454
-0.43948106449788327 -8.413981383434386
-7.358535004205573 -6.914068185951439
3.699635527401954 1.254666033231489
-8.928716670279535 -7.6995701593250265
5.902116777991518 -9.300837762848532
-0.3809184497672433 3.531335812904766
9.594082231108821 -2.7255304627162102
9.858543977797673 4.573323836180759
1.9444295140970809 9.317191078720235
9.652965829916539 1.3589416851457496
4.778782316073135 3.888746281949354
5.306853881219082 1.6289381001927534
-6.985096996667002 -4.604557640690679
-4.117163391294003 5.362444246016187
5.158578986856796 -4.4401777622142
1.1331927484779065 6.733555727450472
-9.471783120908103 5.154893030086198
-6.114174380598851 0.9945303292379961
-9.541567369352897 -4.727211738705273
1.1248138762969688 0.5806372732025462
-2.620675701388464 -9.757578974148187
8.62342645391076 -0.005055729631312289
-5.146995026902747 -8.147237243903273
-7.34060681178208 7.719985610499531
6.289790223299278 -0.02300490566341118
-5.464136644816326 -2.3860698797302993
1.1328134956876728 -1.0368711728913649
-6.062320969514115 2.261414391610945
-8.351347172751764 -4.969745131738232
7.227966042555959 5.2488148676281465
-7.566110284623944 -8.376518592395652
5.534830110726359 -1.0884370604373412
-8.88390643204366 4.444611525922644
8.347960367926945 -2.467420468443029
-5.743988349612423 7.199870149528987
-7.961750404349914 1.4344828300988226
2.994694070934642 5.675811455217856
-3.47799645641304 8.715391378448821
-2.7120708352337335 1.8350971052119966
1.5139835086839355 0.31003475368405375
0.09165848771254304 -7.593052265230897
-1.0032133236198355 0.34017430587335085
4.332337697618218 9.243970642323937
-5.6348860542111385 2.2706428154687472
9.572884812784185 2.499154937901231
1.211898710060062 -4.859954726886244
7.18700756969114 1.7143652349045713
-3.1085302269592034 -0.667457816975336
-0.43641189769896016 0.38047145378999936
9.75350508113564 7.667458175965059
-9.019035373423929 -6.552670545424939
6.957576357338986 -6.53276976930883
6.91000414953152 9.697827095336258
-9.944963905589283 5.477460938125301
0.5035541523764664 8.351202210033595
-0.8575795527500318 -7.497516715722849
6.053292407722562 -7.982776704380836
-9.090253394919149 2.830989986939379
4.698830966664305 9.533805105409854
-3.7301400314788413 4.09446767797203
8.628430377724392 1.9207436573803136
-4.2356221524511035 -4.635759930689609
3.4822055523546354 -5.6263604513653975
0.4949490708013151 0.16342901636805784
-0.6308061593840506 7.609958654068517
6.031369768050634 5.544973907009755
1.7804234915460437 -9.83947989805726
2.971251209775387 -4.209779149612716
-9.144048433098211 -8.62595058852573
2.5302023155162736 1.7584523681035886
-8.683123322108269 -3.429807748768148
-9.12014180306095 -2.313701323675634
3.921872508001055 -3.4169300546169046
6.600407927627497 3.3904258737649062
4.508595073809005 7.3639274941599915
-4.183486537064343 9.207544000706491
4.199985062703984 1.87383032509506
-0.04683553433330445 9.983806834754212
6.100541850368227 -3.3073554911812098
6.391219466329304 -0.06847056727118428
8.435001157558712 -1.790584848376369
9.015091219179439 -5.258891639600353
-1.5382544895069188 1.7413544588510081
0.13935781630693356 8.531371010318697
4.98759266679658 4.3994760762161995
-6.2528285684400835 2.514600760607685
8.566181034092544 0.9748463805461416
0.9023390870518142 -7.975754014037834
8.923037894092694 0.18361037588426754
0.24895029644683575 0.692391706147756
-2.426277863204785 -2.395271943990524
-7.275810857295657 -9.885180768226666
-9.95381709115484 -0.1672274034985115
-0.11331410681906462 9.057627213487645
-1.2113832325403848 3.1687824080194495
7.399399722509841 6.978261937551803
6.723456506892035 -1.342453880401857
9.823709212389545 5.91138759812983
2.731918932781298 1.2491634132666913
-1.819477096224043 6.522252488973791
2.2027566161206025 3.884580144327286
0.32226055602402326 3.6912800469163702
-4.116345060929247 -8.053042228998182
5.790622704504747 -4.643801505873892
0.47721504153134653 0.05917262988188199
-1.469946796775094 -7.012311344590028
-7.7329478976708055 6.382461378534714
2.333741165401811 -0.7633426070548417
-6.898475988424653 -6.397563936576218
1.8502018236267315 -8.65006996412083
4.301832716994426 5.484928409001903
-2.3463885026902354 -6.939172420603912
-9.268933835610664 -1.1809151734180006
5.27109308734442 -3.5431179366257766
7.44460344075334 6.625296003075714
-7.886133136271187 -2.720299708168497
2.51537018663967 -4.388821820776043
0.2394050570428412 -5.274095259185458
-2.172200001444007 4.932418673446277
3.0377039336777116 -2.5744799108707213
9.745530268344034 0.13377427206632575
2.190734567395671 4.128491713307181
-1.5064598651719905 -7.416683535260187
8.895080526283184 4.103675240442357
1.7659951486552838 -4.01994194015312
-1.407427862882633 -2.2265418340651832
-7.688116682145294 -4.945247486640792
9.689873895817254 0.6427176145936837
-3.640557386259429 5.169650911342341
-6.270481978342765 4.790839454591893
3.5608996103543777 7.560673135837984
-3.067287150839803 8.9312012376276
-4.766012270671531 1.0159164327007986
7.66528565094152 1.241365480662168
-8.119313703839108 -0.7277936744296589
9.375554378985736 4.324557553423309
-6.887615036120409 -8.31294421139711
-4.782943688674437 4.515757828221476
1.1707657488909113 8.639575661766813
9.914667149482103 -4.153019290962272
5.42210874074472 -1.2843104580032154
-1.768531609960034 -6.361833310290789
-5.252099984224701 3.2938777520668587
4.013734126986694 0.21221237094852086
-9.705720796412935 8.260022355673936
-9.18132794986833 8.5579466589368
6.123858916556831 -7.502269236533293
7.583981331501025 0.7617031779054493
3.0900486057803676 6.325279892040253
3.2607592609461573 -0.13492023577285117
-6.802707739353922 3.3286207177884126
5.1955104742392955 2.834360665341231
9.016871384750004 8.220838324735801
2.9307895092246117 3.4636997988759877
2.6015891544471863 5.842386310930596
6.924027948465572 6.6245240163376415
-8.128386766972923 8.43598835324126
6.14960278487899 -0.03975548744562829
-6.077506539609576 8.490034981036054
7.775229760219812 -7.224317259296158
-5.929229098525952 -9.068488475423804
-8.584147833306709 7.46800540545075
6.7575184896682075 -2.299921587150142
5.914985614735821 -4.928118106637022
-9.345199003832217 2.9011290972071677
-0.6890455314982873 -6.274960069599347
-4.623528936540198 -5.661050450011791
3.6568254691755477 3.0491406752614676
-6.18794286416346 -1.398891531430987
3.2828840245362017 -4.988830016045402
9.225791701309532 5.76876249837925
6.1222151665167 -8.599987196517453
-2.9053225222364087 7.085959513242873
-4.950191657356944 5.989331874375825
7.984533708568783 5.853731994060222
4.340153959576094 9.708062237431442
0.445074251712283 -8.559444082663774
-0.057839331262655946 -1.2984674544683532
3.4484903216864797 3.8270284735368776
-6.148290576984195 7.033047523447454
-5.905447721413983 8.267127592307993
-3.529685323995513 -7.424245022290394
6.360825407435705 -9.263318447915037
1.9295548269035852 -7.280787644680582
2.7875639508234062 -0.7534584382003313
0.615872668131745 3.461800716407131
4.843067644972317 4.8538103920746565
-7.120254123525067 0.4633177334526106
5.022786151351305 2.3675703137445616
9.992470322415656 -4.167414388156168
3.128118006644847 1.589817712950392
7.777383870194971 6.432925711997729
8.448330827329215 2.719126576017871
8.663854102544512 0.30342641035838724
2.2836317912569335 7.887700373795571
3.857077727852719 0.3173080053611059
3.595373907899834 -0.24117903486095926
-3.866201084649026 2.5962131234920207
-3.0095100981512406 -0.2571949123428361
-6.2773932518115005 1.7568713135362266
6.174095753022307 -9.592702380972542
-1.1457054660442552 1.6735137788221373
-3.0673134481656517 6.225361078766031
-4.066360502247295 -0.7181129425716755
9.517192853882403 3.040947788649042
6.3428333082608965 -8.215963959896131
-7.513749644749835 7.710397319059556
0.6007840253014152 1.5985368619400084
5.723050536241654 0.3494208926075171
-7.57540138604911 -2.9851046667395265
-5.804244146082496 -0.11130516654383626
-8.524626038056544 -3.7330238710776538
-2.2989116525885844 8.71275809680235
4.726096208738095 4.863338385588348
-9.153604786086472 -8.13973914371167
7.063732060580275 -8.566487424985533
-5.383292352147613 -0.32953907784387226
-5.537578075937047 2.297076840271812
3.9165681179101988 3.2457074908774093
-5.839100028670905 9.791943480849394
-5.4247030673729775 -4.883193111164317
-9.109794995974303 4.797062050627197
8.543491682455418 2.0873148219374738
9.785415782667016 9.113570266147558
-0.6689808130578356 -0.3521161254783962
-6.92262209687385 0.6741933940569353
-2.037086459143527 6.914095631623962
4.820416875852359 -8.605583214249005
-9.05781350577663 -9.84582050270766
5.7442037251029205 7.763962335572309
-9.967080832351465 -3.9950059885150786
1.9891819206239791 0.946623388399308
-6.783025937345474 7.942931628881098
-7.404373260477257 -0.5290196641277749
-3.9728930722529743 2.2221087367138175
-3.737962716809 7.754435115566288
-5.964572920468793 9.158413658277606
6.615413858704581 -5.973639502320185
-8.602929192120294 1.9463366199170267
-2.8358719035525475 -2.6876198817392627
-2.06365117182874 2.0276670245379407
4.205571115860508 8.967063084775958
-7.14615144101063 3.8594306432569763
-3.3670949210059646 -8.627604234877937
-4.797245978998632 -7.78733956328034
-6.3296293686915295 7.214528550897544
2.5025711006889413 -9.638327011650254
-7.227846431244782 -0.9098697216133722
0.7232935762764203 -5.026647180513894
3.5826950012548924 6.081868295389306
-3.6537869389950695 -2.6580790533523047
6.4091348619118165 -3.430933801899288
-6.886942251108385 -1.775547147426666
-0.8856098383902768 -4.245488983570642
2.3370276644239407 -5.358189635158319
2.883307087346614 -2.663179327744918
-4.025483119863229 -6.69907058733167
9.996198955190803 9.942419668924195
0.09284942428794452 4.8368096151911075
4.3829521726145195 -8.167551067003462
-4.335329529332164 -7.103576680091351
9.947290293460114 9.553393627141965
3.521178802445732 -4.104842049679787
8.451375163001057 7.391684023599904
3.666791598581561 -2.2112758042180003
-4.484778065475911 8.35429755564832
-0.10374740757295875 -7.982991467914058
-0.802730497084795 -0.7986767368501297
1.0394097420468622 6.341504680332129
-6.664907394825576 6.757619593135111
-9.735041911771878 -4.747703719179404
1.0863849602298732 0.47623376938433637
-6.009816379437105 2.1461975564775937
-3.256354668364092 6.226443119794816
1.9803247042526877 4.112652645509433
7.952810551206998 -0.8346134837176287
3.758890307013683 -0.4150402826031794
-1.4385849366199892 3.5688873860138557
-2.0676752142769246 3.3253628861756095
-1.9185005113687446 -2.108872480553692
-2.7530146912715185 6.998015426185599
3.3378145140970066 -7.4142229268647375
-7.07051799015741 6.5577019077615795
-8.82558744654286 4.020553964618465
-6.017284559908623 -4.195352316241334
0.025885253659298613 9.092076912260431
-8.599727759596107 5.049490823519465
-9.31632086211444 4.377169560188554
7.62289750892236 1.3418589238453809
3.6889932935564325 7.0182150394697835
-8.251553555282282 2.7965706905726773
9.885610616470835 7.576386803400471
-4.470273430393073 3.179140091035052
7.506837849521709 5.338790942845083
-8.615531974570928 -4.9028244377228525
2.6295970400897666 7.248613656125919
9.322428462361131 6.653478196389482
6.283299648481012 -6.682503058052902
7.918653339218203 0.6313433056412201
-7.579345199674201 0.1456527244385004
-3.022125312031787 -2.0788019495273176
-3.0362739045129654 -0.5704107828197085
9.64812304299955 -3.1065912863441287
-6.0652603205021745 -3.142736362105641
6.0711798280102585 -7.953719821273777
-3.0102943757241096 -7.40406708305934
2.125909569845504 -3.777760136758457
5.637050155325131 -8.042099804467286
5.923272410304429 6.6532639208648305
3.8541731496916665 -7.950180871879981
3.430944058517804 0.3349822794390871
5.170795795352671 -5.204368200509686
0.6505916033363732 -5.332792511363622
6.506522652795791 0.9943921138073648
-5.10391978202798 8.450621797474913
-8.143939681994436 9.252161646063179
-6.194472997418767 6.697929623841151
4.9121179676495 1.8506978187628587
-5.190425418181663 6.109514515741555
6.641048324251415 -5.634681831854184
-2.8551644976712387 -7.669683015333737
-2.1709079665087767 6.891429789950806
-8.997962148384575 -3.0656801514902927
-3.0815875447266894 9.072589427433606
4.55813845445917 9.537682497380818
1.2866749191165532 6.422038719339877
-8.361430359571171 -0.3563419479789047
0.24394081236739495 5.042463900265922
1.3390303653966704 3.9846772601694624
-8.605135818946657 2.496554049305793
-1.4215495307421477 2.1465287702883487
-2.9167053542922616 5.091981024363541
-6.55001567518275 -4.631806034595698
5.92954438223571 -3.2075454320169117
3.636992581519623 -7.978555927454691
-5.650070239400944 5.983533132678094
-2.462007717194501 3.108992349734086
9.620526941485789 3.296672031909507
5.951116317745926 3.9121055918633534
0.23413940844780612 3.9786898486962237
9.474368503576727 -9.180197270035222
4.43780013151801 -5.034330157534717
6.688449174383464 0.7854151175289594
2.6745419770481043 -0.17829731789979064
7.365526389726298 -1.5225392785257608
-1.3052698260649969 -2.7752157971501017
0.41474041814730533 7.536784910602769
-2.620705624074386 -2.0085538621621986
-4.81414432488549 9.242885802291848
2.595778953139874 2.9915238777355047
3.9620263106364604 0.15021970450192512
5.8284114499167305 -3.0707102059215323
-4.962619867513213 -3.055255856813499
5.352398236125568 2.589095571552898
6.363441410903022 2.735570984661372
1.7385221630615817 7.0610225544807115
4.637944789232522 5.365333337929599
3.21556510997873 3.595454292878543
-0.36230695544032976 1.0048858369215736
-5.142054821771572 -4.883918422540909
-9.349887196953489 -9.731516217329595
4.113541292828627 0.5048648787456962
9.706670033968393 3.345467614376334
0.16258705665487483 2.5464192694583243
-6.287845956381169 -2.0000378729544703
-7.432286877889236 8.992300009403731
-5.5310878478617065 1.81186060874154
5.896691634458129 -1.4547616092053275
-7.064590270082491 5.975427636902456
7.8131480185026305 -3.0915007280949443
8.220090695350596 -7.923841367443942
-4.667727945902622 0.5301905118913037
8.876642827571537 3.7000964779006544
-7.928327263706276 6.960019093472557
-3.1721477811868004 -3.5217967282457767
5.457061378623571 1.3350274510703208
5.114875031063166 -7.110530483629873
-8.96697761570212 -7.414116109852613
-2.5381006811108424 -3.2687285757903295
-2.249563783611073 -7.5073309346470385
-3.8594755143054744 9.820195165864035
-1.6733640133844894 -6.077484860006612
0.35523190441874064 2.903386661433087
5.550493160843743 -6.2973215225128465
9.992466205094743 -3.1781184080403175
-3.5742176951132514 -6.982205396506213
6.883606236851072 -7.201257859705539
9.875574968493101 4.610240279429288
-9.645549809750056 5.545715104399523
5.012723760792607 6.872073814829584
9.85660206476226 -2.6011908564162933
-8.802471297653074 -4.847239042042588
-1.1249380524631114 0.5088616057429345
9.397276732773129 6.848233500218164
8.290878944030695 2.4767207186215057
-0.8588638313347268 -4.199672819965789
1.4380108994934186 -7.322255279026908
3.6697157650144945 5.995968299661547
-6.7541695283611 0.30035436332521925
4.487892959902149 6.116355880397165
6.169977918946827 -0.24142838003519884
-5.803444104921369 0.3950060624266367
4.465420745779351 -6.175585003732527
-2.3121120300266984 6.190228147858122
2.016461623999387 -0.6916156828912001
-9.183078112201015 7.576478873349796
-4.818567335444868 7.219131869883697
-9.82673592005371 -9.525754545035607
-2.2546587091972725 -6.618309995388292
4.7497891831407895 -4.57736908944111
-6.253062079149567 1.6469428185052735
-9.655953428510776 -7.636629331159339
5.60468358636513 2.5392476760216027
0.15043727325096512 9.082644930764584
5.586144836013528 1.392657937232899
-9.656241595306017 2.6976069103704177
9.240757208705887 6.47716839325566
-1.8736382776957132 -2.9124382607645405
-4.094527677057622 -6.527702239592827
5.845515024170318 -8.343866415122436
4.940626152375875 8.460102451192938
4.856755863779645 -6.600776559559227
-6.39729378733368 9.975968679748195
2.375057503192446 -9.571303927230542
5.7369682381561145 -2.50088515854904
-1.6083646018757687 -1.4847577365320408
-1.9526092705861249 6.831036725387232
-4.665658413892924 -5.012451881017405
-7.455230821890266 5.00390171323688
-4.27462089224232 -1.827929304932205
-2.1258266453322205 -8.657427370666435
6.146086001712064 -5.9119045598263
-2.893669343185133 -2.7157960024748835
-1.0363403510190494 4.184925530287309
-0.3876586603314962 -9.380470437730974
4.984726230438529 -1.47612193976836
3.430790951303237 -1.5855889133728223
-2.849605492008253 -8.318223930791472
7.389383515216867 -4.9205934992036156
-7.4907604763548346 8.559376351798171
-2.3204846915765938 -3.937597356325149
3.8472912714841208 -3.1544411241239434
9.375642386885364 -4.962876451860505
-7.703872129083691 -6.231784854468105
5.589613270543083 4.540127870717805
-7.040495760707479 -5.308575202111303
-3.354732079030449 0.8290224628820653
2.14683880935155 -9.017513993286588
-6.751389320000185 -6.0232354599975935
4.5417292631369826 -6.105892879098056
-7.752326579153863 -2.8042725387614027
-0.6182327635187868 7.595238258144686
1.216221560023726 -3.1058797787450976
-9.353752417853238 -5.001356527771302
-0.008597271181400856 6.583277738995012
-1.754296652515242 -9.078057074231973
-3.3379947989026615 -0.8819019403189721
6.629975806411796 -4.719144205134816
-0.48475168147064807 -4.4823511816140975
0.7965010574505165 0.6953648437225795
-8.636468463884576 3.014567347128544
6.3353120468255035 -0.8320816036801304
-5.6955041521773815 4.824671182875637
0.49706557890478287 -8.998661354867494
-6.560257242958835 5.676482297375662
-9.952758254811478 -7.0699834633173015
-1.7857122787813307 -8.72994283644702
-0.38382309190725117 -1.637662467769598
-6.077880292261451 -9.772452256332029
-6.311690621814683 -0.2887051481768097
-5.574978643904691 6.51684801860992
8.63961281817146 -2.41690193747945
1.0793604572565467 -5.269203315060114
4.206801133976537 -5.391755649194014
-9.156830753083327 2.5005704563233238
-0.6455055618783927 -6.387685995230978
0.6216235546189495 6.198586854150477
0.413379806354941 6.8254660224678005
-4.902964597049262 -2.3406842663508476
1.167183055684177 -2.7519367216947277
-5.022226627379613 0.3212877299336707
-1.0374504036033123 3.4941060513573206
9.291413254742722 -5.430226374053079
-8.500906653103081 -0.6523127854263997
6.347973027248411 -4.558990916038899
2.8069040500222258 2.2329973542329746
4.744123215352424 -2.118040121694209
0.9618401510930763 -9.664831304006476
3.1397949919027184 -8.115518268984452
9.348851638339731 8.299766483554855
-0.6306737367209756 3.196148168730611
-5.950053526138738 7.157095184220712
8.207739309755478 -0.08740456565032062
-3.618348541785399 9.489940207805837
-1.8008063506782879 0.7378288264220974
-2.235540505956724 8.62360053157683
-2.5666163917838496 1.534120642848153
-2.646831509666039 -0.7781009431473862
-4.6367334209386435 -6.873910928502838
-2.559137891633812 6.699473316106577
-3.5061884190672066 1.933069347265235
7.3735181417706634 5.715891164211142
-8.350850043639156 8.31276292135184
3.7945521722959636 -9.356638472986432
8.332013035509277 -8.045145912914238
0.16424015223495125 -6.628258374783334
-5.478264097676577 2.9334569169282005
-4.831524958064213 -7.7794022109624645
-4.797212917595026 -4.99527110620437
5.9005624730493 -1.8477172356525458
-4.087862791246051 -7.033688271435508
-3.7078602716941393 8.906033305683444
4.965090527340859 -3.4573458716481653
8.451220791784909 -0.5584185295008997
8.459344545574698 -6.833552467626667
5.2138151853390795 -9.358644811709935
8.648300540798004 -0.8847249465139555
-0.43109688163264437 -5.864146394304917
8.303464576146908 -1.6138187777347195
-0.5138728304583537 -4.070797056116724
8.007465173140442 4.681426763820674
2.406221404400865 3.5461208255804717
0.42235080009303694 5.970534579651542
8.789968131493033 -5.6492312749023395
-9.421464598901393 -8.093235364167047
0.26668655886589576 -8.81824998608276
-0.6426734359762616 8.348613340024016
4.201222075311033 -1.5601218143878786
9.338448390184766 -7.132803822529903
-7.069942159930118 0.733553656216646
3.410876006763539 7.098261122733447
4.486819156722321 -8.361508115876502
1.6133227306377762 -4.0358207623436915
-6.536864584379478 7.918303346260942
5.951734219145429 -1.1903205467642781
-2.571165683538408 1.462881839859044
-2.1531248030954035 -0.8950748650558751
-3.227134176448212 5.9917783214607
7.619214415332351 5.461112868444886
-3.727135824207486 -5.384142343835279
-0.23550375537897494 2.804674300122876
1.175601125902059 6.655572526314749
-3.021782484011526 6.481557275990671
4.5195410763227635 5.385866428034131
-1.6658651674161007 7.339224870545799
-5.578086319521449 -8.725675727581406
2.728808439800945 -0.04431771374871829
-7.96288891833502 3.9299793366975813
0.6487800886056672 -4.943670413744627
-8.285461721415984 0.12630586944832345
-9.183587351272973 3.2041530552569135
9.112073201057736 6.085786334759909
2.6566665226079333 9.587962169436224
7.979001696654404 -3.126691674256974
-8.934333651136416 2.3383874400743636
-1.3624544084624546 -4.058256384033754
-4.807292088208559 -0.8073568033838683
-8.00336253584282 -0.2616176938058352
-3.7101140868399263 -3.2522269944814175
1.0057092826052916 1.0915391104848169
-8.596234146172039 -8.784523495442762
-0.23452996130436787 8.611663985508034
-4.288098945824316 -5.145445547424883
6.899030966748359 5.616139124402711
-9.137463323000558 -3.5570758004867864
-7.062012116974394 -1.9681352041202373
7.49224360148925 -4.78239908159289
3.3671411126174355 -8.558395251039496
-0.3306938320147683 -8.326439233068717
-0.3944989376866648 -6.236715344797197
8.631001974693916 -8.689151009351301
-1.8851595290539116 -3.411493591409047
1.6303749193465613 5.096351943468992
1.760702955839788 2.627017181249048
2.159722470400883 3.3581544553433993
6.294726929546247 -9.626413393720515
8.763700133428319 8.93464900942455
3.711430786772773 2.0892839817334785
2.354125629862251 -2.7252309094800538
-9.139958335012553 -2.307846749904665
3.1716714657883553 1.6653917300277215
-9.23730213935205 -0.06511983629576612
-5.5981395435896015 6.8689880705539395
-1.098213830558464 -6.011608695293376
-0.8456527875081861 9.618799452920289
0.31184493059132734 8.939152016487185
9.5362072569054 -7.629136778737006
-4.061781468422749 5.307039147386048
-2.465331529196149 0.15112953767274817
-3.9222260195194085 6.690371139609407
2.6618761334119725 -7.634137867790997
-3.985000335801634 -1.4616138038084419
1.3394776901482395 2.7245221620201967
-9.392807444869229 3.6921872153065944
3.9636269128672996 0.4660920737198495
6.9444340355341865 7.054667567185685
9.017841131077287 -6.0585498505938595
6.38254607882531 3.051103560074015
7.805216427207931 -5.137776618123899
3.3825186617636653 0.12593425804735858
0.9647096225162564 7.360635815702793
8.039386121988848 -1.5342397142451443
1.4923917856255215 1.694659874159541
-4.149230889858771 5.129542757848638
-9.152346874102072 8.465191976902162
-6.398035765312045 6.037794834893063
7.964835595370278 7.574285476914998
7.059011075125511 -6.195403226462415
4.330746374801125 -2.243491142651579
-6.846887535301775 5.897339634552596
6.448794673143009 4.892472083339056
8.163822208948087 -2.8913759974933058
2.8451507185423353 4.181746682555492
2.938671002858575 -9.902310945396195
6.8582216202126745 5.507980123493487
1.597822163506489 3.1855955747282145
4.699109182114807 4.455060533162264
5.623491663808252 -1.9648945936786077
1.0292903221716276 8.313736083978046
9.875810340095342 8.48988716759127
2.6092791651112357 1.7946374775359413
1.7349864425499142 -8.151140571215441
-1.2895918157200406 5.428045778355479
-5.212344637203261 -3.343495591267671
-8.40432286498534 -5.489506240980544
0.49370852415743016 -7.608571855977537
5.568202404057484 -8.104945807908097
-6.552150170050009 6.829728761538291
2.9853211299907105 -0.6190401275018047
2.4659496506637613 2.5578682848125016
-3.446478173752949 -1.6833735433464128
-8.027643122461708 0.3579856650803599
-6.6542902150373395 0.9637032467843234
-4.186118515155927 -3.4289643896481747
-7.947499273758032 -8.479598802503341
-7.000334135394666 1.2690441686257152
2.467707978932756 8.82259574899421
-1.6187381191707395 6.200888765327726
-4.27854144476886 4.337510681257736
-2.9159340852300257 -7.2434261455879785
-5.532709937830138 4.337965223781897
6.509109870231523 8.50870714822926
4.515829259846555 2.550553703185333
9.344849027318666 6.011422787343175
-7.236206983648565 -5.873275678301322
1.2773245920022482 -0.9104142815532512
9.948540586523876 7.473684483687503
1.676584869889341 -7.397601736546435
-8.75710822942973 -6.136889761743987
-5.846170135087596 1.8707029366515222
-1.8336386934013476 0.1222160286323195
8.102143781618196 -2.7613188294407953
0.0698833843337443 2.515149025006396
-5.863943602029038 -5.17579917293697
0.44271711599846597 -0.15991314504819876
-3.238562083674932 -4.0757784201557135
5.712348345727264 -7.724493236067104
9.253202445154688 9.4662980066262
-4.0687605887185025 1.7029790559331168
6.716180000576184 -0.19801234210634178
-7.399572956141216 -3.7780534170260927
-0.4549183839406581 -8.098069895935854
3.500043441660594 -4.137794680515849
-5.745573708242759 -2.310583857793363
8.369580493664863 5.362327052786133
-7.213088113796355 -8.374840535908913
-2.5384249604051217 -7.223857540807654
-7.614662088080387 3.709774835062383
-1.1555121887592268 6.837417915224464
-9.301205727059774 7.980168017500418
8.069912073138251 8.06824970543348
7.733002385416334 -6.953074822562777
1.5915959634108905 1.4222831746293991
-3.338807424592469 -0.4133026354559668
4.113595653478656 -2.8631434040422654
-2.4826478472516023 -3.498695208865934
-5.099740901691625 5.492127824663315
-9.486547981490055 9.509584128543306
-2.848610271981391 0.10410226356784058
0.49732518203848386 2.911495422787878
-1.3418496844706134 7.548442608504711
3.5777573911147584 8.35539469821574
3.9492051139846946 -2.6885544174434006
-9.06384233771666 8.546107058501843
6.363714763696404 -8.932367530627658
5.358623793634061 7.811894682998254
-6.963583210570016 5.8967904987989535
0.7421165339273266 0.02828800911478524
-5.122759833525318 5.565680883049833
5.562517485143907 0.4991717431329583
2.81101009147055 0.5595944678540583
5.975450576740569 6.453136008466263
-2.2598783409846472 9.248881213633588
-2.5041327504840822 -3.581515270232016
-5.748780378936791 7.121177959941733
-1.427800619031732 -4.473187610078673
3.790642277809269 9.364918799038787
9.913622478839873 -4.094795294375347
7.453418550207552 -7.352001850133751
-6.9743842068058814 -7.125441373364161
-7.225386592583183 7.021948443587796
-5.34434634279182 -5.720866944492419
-8.889445736220932 -2.8958367207840707
-9.57020291130821 2.6317885033012587
5.7759105679477045 -5.386927191770847
6.946866705402506 9.541496138895084
9.721006096006825 4.22451868789857
6.441944872136734 2.4943623593166393
2.2454252321765207 9.232761189953052
1.0192264054831686 2.491693042500165
2.7911172559561575 -6.17970336987594
-4.066801503704401 8.376928796687942
-3.9244336618707436 5.013311457338649
-2.09134566592875 -4.708755943589196
5.017848352518136 -6.823959470789626
4.841065127023185 1.2150544795337996
5.985922531594074 0.605274667868958
-0.1816750846604105 -2.1267970688053284
7.533899920469061 1.3605383074481647
-1.295901342479615 -0.7998879665050769
-7.932795374314818 -2.142238732885124
5.370022829005476 -9.66251127201194
5.4690928880160055 7.087824445057564
-1.4863992423958745 1.9973539994431082
-6.928655271698023 -9.742975505553371
0.6359863213183665 -5.934146242134433
4.073988294331382 -5.717462931053778
-9.282938981565238 6.007955889325636
-6.573647701569736 3.6408081386513658
-1.805568525669539 4.658207856687325
-6.420084215413415 -5.584003793489323
9.799392037933174 -7.468982464682865
0.72796017253083 -6.988141440040502
-4.549737995740992 7.889187543431358
5.670220448902159 -9.736508792138917
2.251364067065815 -9.390724436348181
2.054374304321362 -1.5656759704052003
-5.189169546254009 0.6276336531407516
2.4113182242481006 7.355391433056411
2.48330657178961 -0.5555039849420833
5.929626092411418 -5.60238237559076
2.2202812391620004 6.929586434530194
-2.0380985905403026 1.8471268731449957
9.035538180721606 9.024726999621539
8.628680066637614 -5.73538100274805
6.050667509801993 -6.422564590677151
2.195289832262235 -4.931532253447397
6.856174823569411 -7.351564113404798
-9.084441980036297 6.210476088993492
-5.337772763111788 8.583167340619106
1.2603492249147568 6.0251643011879565
7.916416665711694 3.7024578000249733
-4.557798251696554 7.768489719845981
9.880060533487065 -3.3456648887907203
8.92633394056886 2.9462225112859173
-5.847133252175116 4.070258297329419
5.931668836878119 7.764695867037133
2.247176738882743 -8.839494090497128
0.30089632953037615 3.954825788501264
2.751381745163325 5.601568017353829
2.0969657091251737 -2.646747289915508
-8.759435707121492 8.893084392074478
2.7717327952936 -9.592202163401563
5.846138883139506 5.707746762233313
-0.8525233728679567 7.178162103103183
-7.458408411042539 -5.881901752506906
-9.128316281869724 -5.362052215635897
-6.826206429626415 9.792461869470479
3.941527051847764 2.580127432274516
8.256840045876636 -0.9696326742808274
-1.094461410090645 3.1567584440454723
4.031779474162512 -5.863351411452637
-3.234365689488672 -9.876294896733707
1.6696450596433579 6.401676439448082
1.6334354762801233 -3.724173201374108
6.033278771055382 5.561063600385893
7.289994288292824 2.0415250439128094
-3.705995894209215 -1.9792945634558112
-4.046924668257592 8.81677796666192
-8.124182158717852 -5.228255581394656
8.761613724754785 -7.411059918652702
-1.137317626009457 -3.512660526076388
7.274046100185302 1.638173810952523
-7.612889372780893 6.663896414174911
-5.33751517403913 -0.6156139834027936
-8.044774927037668 5.785131588438986
0.510158711232716 2.3545785178000997
-5.765514870808019 2.5132264178660453
1.5256618099284225 -8.941218794087671
7.336167478163166 -6.554700201975954
6.118093357819557 6.787086923871438
0.2285091885030397 -3.573915509238579
2.1141451510950855 3.1193503629498167
2.9175346718822297 -0.754381198606886
1.5654623682080633 3.6727422113011343
3.292389249953075 0.6894932342003628
-2.668336478776581 2.5079407540810177
6.636316592808285 9.645522316306959
-2.708276137587813 8.584067610481796
-9.719020999779904 6.911044273449502
4.349977472736626 -4.048472912495205
-8.935788502540635 -4.121201728532919
-2.185984775753351 -1.9030644546418323
4.704656256726153 -8.718374958154877
1.11435058024564 2.7071573263187787
4.676091198836204 -2.341051358207724
3.9168733437520835 7.817906471022816
-8.992318764207216 -5.728803550380663
-7.964678926995208 -4.803297056951983
2.5599365030653196 9.940377039201461
-4.091898303034078 -8.731898394259503
7.44139041541149 3.50826795762557
8.792143143997976 7.954340748920174
-3.190263006288161 6.664971981244399
1.320809857827074 5.0185929444444906
2.349316939759113 -5.17460318552626
0.9478501556718797 -8.090495315682148
-8.382615911207541 1.8897021046439662
6.504355907892318 8.853818936952049
2.8570118878009545 -3.159034675177095
0.8215086812097905 2.8697997217881888
-5.893891625236591 5.275695855977673
4.698633134050677 2.6730455337840713
-1.9611522812151438 -9.045896287464345
8.308969207101814 -3.272438099405111
-5.221803700588728 -8.131622116277725
0.4753501578054262 -6.243997121969769
6.233986287555311 -7.5881260598861155
-6.0441351041002855 -2.3154206507300064
7.244717335114096 -1.3066136463880529
5.265243972657119 -1.2638137560584983
-1.13995923893415 3.184404705276897
5.0287263259322845 1.2983202803493157
8.71486871513461 -6.341195144252801
7.139277295073505 -0.4532745831704723
5.520007181269644 4.125283374261162
-0.8575165060172107 -8.66845997373563
-2.3819510821785617 -2.4284552119231906
-4.945887511848004 -8.772997769103847
2.7296334442409744 2.3550332707223127
5.4916311029628275 1.8673857047735964
-2.7223868235551585 -8.441360149329633
8.375330737451016 7.793021196472477
-6.986406895827539 -4.223371587726124
3.3903142402442903 -5.392653358560584
-3.185189158063486 8.476116106400369
-0.11560364496841835 -2.420245844623084
-0.8604157656421574 -7.48201419974391
1.4470895071336791 7.539173193427477
0.13975694576435949 2.777392333151047
-2.883020730593633 9.251779829102652
-3.9487086791413484 -2.1613922602240665
-6.416156274413137 9.414999257244435
-8.072398900824227 8.007403112767161
-1.3048765911194788 -7.126572109019049
2.3227086224651146 -3.9623965960061147
-5.807557621167822 -9.932336146338237
-4.429130036072824 5.523841200563597
0.8458755916767497 -8.978445180464359
0.6711140455446536 4.4430359695177835
-2.852430543339799 1.2988540360702991
-3.278794721018725 9.381024308905072
4.630251822979336 6.818090254730368
0.04117091454452826 2.5662626860622346
-5.467591878329747 -1.0742170308738164
-6.145682828027801 -3.7705235333564886
5.89465927174621 -0.5336332026995656
2.6381632051125887 -4.094030397512318
-2.677754208255079 7.457688813175988
6.251396785318228 4.030785423965032
5.003825658475126 -9.885403544354652
-0.5097020194839672 4.26607982781573
6.156247705479604 -4.222462165506881
3.0793950962526786 -8.106737868479017
-9.78974327324715 0.9910823311558303
0.5948266746864856 5.735060962774572
-9.936211790374529 8.972072442827447
8.955636181486824 1.9856922886362245
-9.254349629246018 -6.030092600563193
-9.649352886335903 -4.794294056129662
2.1550582412167056 9.993453620726807
-4.779231271428297 -1.6440890525659118
-2.440647393736308 7.442140289195962
5.349828590405387 -4.464733620620656
6.844625083574531 6.4511898127630225
-3.4044956542031457 3.7650871116100326
-9.811087380197849 -9.582889785618251
-4.292701734506776 0.8831210686337663
-1.9487825180532852 5.562197102336777
-5.354735037159868 6.098385262861491
-2.3387255077083076 -8.391065953588923
0.8444686380366377 -9.292855474045174
8.439741663668897 9.342425903201057
5.713918615597413 -5.86220153820056
-4.754522076283251 -4.812093796775452
-4.767875373511766 5.908405418520875
4.287266887457129 -9.69727154005608
0.3099770208785202 -3.7067943738499114
-7.221931056861813 -8.174081380351508
-7.434582421395879 7.633527883786396
6.317408865245561 1.9355896990264974
-6.150132961962709 -8.459265957803158
-9.150181175517329 -9.863688448641438
4.166983862760825 0.3290920496417016
-6.652106173945597 6.001866209912436
-9.032256505969078 -7.707507600822172
3.209274774779141 1.6392834608228686
6.096595505724519 -9.057856305710816
9.556152230681889 6.195086543698025
7.247285288533082 6.278566168407131
3.52180418093209 1.1800506001417848
-6.8490601263456625 9.199818645464898
3.154616869545796 2.301880600793421
-5.716914268058552 -1.2826119902033923
0.7245644528710393 6.015391379496158
-8.736897697233248 -1.0245202718385045
1.2312431659333143 -1.6872537751032475
2.4976043278318834 -7.020425557278697
9.146597542697403 1.9717229204776388
2.202009464407382 -6.373100616802104
2.1946219788077155 3.4629983775003925
-8.4738106140279 3.104377998364976
-5.536423699244284 -8.786619664110983
-8.349255975072117 -0.08383354416140953
0.28598339957477137 -6.549034230265606
5.173098470349249 3.364971519056745
5.4376755429552475 0.1785986652442766
4.4539278775675015 -8.314976986609723
-6.001561173568142 4.556567304303794
-5.809683186748222 9.573159429692332
-3.9613331421219966 7.421386213277398
-5.860760292816587 -8.12656484701775
-8.233048800682639 -9.915654479194211
7.684356633645844 -7.853468918181699
-5.694260189058184 5.182740607842241
-5.954033645354439 -1.917289982270292
-6.282715618011723 1.0137771314934412
9.123109823416932 -1.7809150684370714
-9.914858605474366 -0.9452516723706683
0.38185130988384053 -5.287077874392672
9.871418714214503 -2.779315445637451
-0.04643385966520874 -5.866853206442995
3.2290810613694116 -8.748226369286598
8.184603874839983 9.041030783416183
-3.397033957146922 7.746609952842878
2.5372690817887573 8.489788961864807
4.543615100083517 -8.908531319369805
-9.735747438602498 -2.8093558852213363
-8.461453537192616 6.0575446984095365
-2.7963792996737364 1.3190235234256775
1.8221340465042797 9.97832033805254
-2.906715113408218 7.206186825680369
-5.762929870552336 2.6221873961086377
5.4027340271504425 6.626637092216125
1.9279134640572586 -3.928420877462708
-9.446558412671777 -5.074262695956362
-3.8552720312192097 0.36679638685549776
-5.889359857043832 -6.220085712328576
-2.983170284611891 0.7360337298026529
-0.4365250926907507 1.9658338681103373
-6.12757938221174 -0.579369326280009
-0.5563015530352793 -6.795163389446772
3.2123834068921315 9.651403544768542
-6.922318043222027 -1.7797021026639985
3.4286041844899557 -8.16717976783487
-6.621336176374262 -9.706512547595413
5.741726549868378 -2.524522992638209
-1.7855741165945282 -8.874217813813734
0.18746965443612496 -1.3533407991896702
-1.0930373376618547 -6.729398247190222
-6.0878770429924085 -4.269694841142108
-3.5151866464190773 -1.2225450707290975
9.820637853921603 -9.31208975048322
6.9322197909978875 9.52579881467534
-6.692373747135065 -8.499168185731945
-1.5188836452039425 -2.520266293056002
-4.862543017168434 4.621851678810106
-2.139704158946884 4.256637449002946
7.710659237201124 7.054128777887385
2.524441437047839 -4.887078638577654
-0.6860135409532209 -6.909898638983984
-0.9008875452503613 -7.266136312344593
-8.273499637216801 -0.18338044623213356
-4.51762404837438 -6.690229429128436
-0.6131055909373622 7.085102460831251
5.877523626035767 4.4219304621503
1.4948796605758918 5.774426916166611
-7.350744986975391 -8.142952086330153
6.646700796712931 -7.084097226638031
-0.8266867325136502 -8.547613201607698
0.7555831148512802 -3.1187371202462373
9.520081319293986 4.511547792395072
7.079926956128368 -6.75210622367473
-9.068932241425909 6.404672399032375
-2.861267308379338 -2.160557723059638
5.200564714887717 1.9397691736875817
9.286035447087897 -1.993637732631445
-6.427417836092157 6.93176278765749
-6.73347272831503 -6.022326232003497
-3.156297930242946 6.345071557246648
-2.7302619141571194 0.32976957483229796
4.010001361472044 1.955425148274152
8.58576192273226 7.972161982383181
-2.994561277178798 -4.348737647631475
-1.3132984329617177 -8.803854331591657
2.060652504396163 -2.0672224729393225
5.94899273005732 -6.272746287962465
3.767584881157905 8.383116133243455
8.065238495919289 2.271162635103508
-1.6756279990258278 -5.599242956964481
7.166647353779794 7.42109106325843
0.5555702691388511 -8.06625348785359
7.710854254649508 -3.354968431913443
-8.339843696866327 6.443225494186063
-5.888725151500703 9.258982280477213
2.4859376981418375 -7.800027752514936
5.062267468506185 4.594208620423961
4.0434685264066275 3.4228248756111235
2.3668841590531713 -4.660132313831236
-9.403258762827997 6.061180576562741
-1.3806065521272881 -2.2681174001729776
6.935031385579332 -1.163776129613204
1.3024941353687396 -8.82411769821685
-9.6282174599996 -5.699227221545254
1.5832243803374535 -0.30906705815949564
-1.1485097410557117 7.54547350382763
4.932042808552609 -1.111809998162423
-4.380283160920328 3.71135911662968
-5.738440245898195 -2.327494183154597
-6.906905914728667 4.182920669072683
9.524540799503953 3.714788063876888
8.450766927312454 0.9392966085356171
-7.080195232760575 1.551621823651681
7.0411825917359 -9.35928834372579
-7.358405724812648 -7.044966082106945
4.670793115958208 -1.564262279019676
-8.564967575161866 2.640226734894064
6.9314677448365245 7.0744040052184864
2.0092740958026862 -4.137139760779009
-6.4364442018785635 -0.896721788597592
8.91478964120525 -7.502918852665898
7.184176345516256 -6.532297263059439
7.180000244119821 7.112220999539996
-2.1061536530333296 1.3052340655975208
-5.02446228001385 0.17145345635058717
4.898953921349467 -8.682365256151998
-5.288703587140744 5.025291441327509
6.130508608293081 0.15376307219275454
-5.22548686917955 0.9123863480935075
-7.064554812408388 0.9056617426667639
5.120137502391348 7.185758569560836
1.2210901961787517 4.120949250723129
0.32874426508134036 -0.7225941793650392
