algorithm,pair_index,m,n,cells,runtime_s,frechet_dist,maxrss_before_mb,maxrss_after_mb,minor_faults,major_faults,block_input_ops,block_output_ops,voluntary_ctx_switches,involuntary_ctx_switches,user_time_s,sys_time_s,blocked_time_s,status,repeat
BBMSCore,0,1321,940,1241740,2.64846,558221,38.2773,38.2773,7302,0,0,0,0,11,2.63836,0.010004,9.3589e-05,ok,0
BBMSInter,0,1321,940,1241740,0.867802,558221,38.2773,69.9922,17003,0,0,0,0,3,0.847777,0.020013,1.1622e-05,ok,0
BBMSDppInstant,0,1321,940,1241740,0.27973,558221,38.2773,266.449,67728,0,0,0,0,1,0.259556,0.020171,2.938e-06,ok,0
BBMSDppStepwise,0,1321,940,1241740,0.329672,558221,38.2773,258.09,65577,0,0,0,0,1,0.228968,0.100703,1.019e-06,ok,0
DijkstraPrims,0,1321,940,1241740,0.0681576,558221,38.2773,38.2773,5574,0,0,0,0,1,0.068147,0,1.0601e-05,ok,0
BBMSCore,0,1321,940,1241740,2.64814,558221,38.2773,38.2773,7302,0,0,0,0,10,2.63793,0.010001,0.000206222,ok,1
BBMSInter,0,1321,940,1241740,0.869674,558221,38.2773,70,17003,0,0,0,0,3,0.849611,0.020057,6.484e-06,ok,1
BBMSDppInstant,0,1321,940,1241740,0.280771,558221,38.2773,266.457,67728,0,0,0,0,1,0.199783,0.080985,3.205e-06,ok,1
BBMSDppStepwise,0,1321,940,1241740,0.332452,558221,38.2773,258.07,65577,0,0,0,0,1,0.233873,0.098568,1.0895e-05,ok,1
DijkstraPrims,0,1321,940,1241740,0.0680417,558221,38.2773,38.2773,5574,0,0,0,0,1,0.06803,0,1.1674e-05,ok,1
BBMSCore,0,1321,940,1241740,2.64928,558221,38.2773,38.2773,7302,0,0,0,0,11,2.63882,0.010005,0.000454082,ok,2
BBMSInter,0,1321,940,1241740,0.869134,558221,38.2773,69.9922,17003,0,0,0,0,6,0.832174,0.036909,5.0915e-05,ok,2
BBMSDppInstant,0,1321,940,1241740,0.280764,558221,38.2773,266.441,67728,0,0,0,0,1,0.230145,0.050618,1.454e-06,ok,2
BBMSDppStepwise,0,1321,940,1241740,0.332687,558221,38.2773,258.059,65577,0,0,0,0,2,0.271689,0.060959,3.9226e-05,ok,2
DijkstraPrims,0,1321,940,1241740,0.0682291,558221,38.2773,38.2773,5574,0,0,0,0,1,0.053158,0.015038,3.3091e-05,ok,2
BBMSCore,1,1321,931,1229851,1.14702,2.57833e+06,38.2773,38.2773,7233,0,0,0,0,2,1.13685,0.010002,0.000163031,ok,0
BBMSInter,1,1321,931,1229851,0.22863,2.57833e+06,38.2773,69.3672,16841,0,0,0,0,2,0.208429,0.020187,1.4171e-05,ok,0
BBMSDppInstant,1,1321,931,1229851,0.284889,2.57833e+06,38.2773,266.16,68113,0,0,0,0,2,0.185388,0.099479,2.1995e-05,ok,0
BBMSDppStepwise,1,1321,931,1229851,0.352912,2.57833e+06,38.2773,255.719,64989,0,0,0,0,2,0.257509,0.095394,8.614e-06,ok,0
DijkstraPrims,1,1321,931,1229851,0.018798,2.57833e+06,38.2773,38.2773,1543,0,0,0,0,0,0.018806,0,-7.956e-06,ok,0
BBMSCore,1,1321,931,1229851,1.14367,2.57833e+06,38.2773,38.2773,7233,0,0,0,0,4,1.14364,0,3.3562e-05,ok,1
BBMSInter,1,1321,931,1229851,0.226547,2.57833e+06,38.2773,69.3594,16841,0,0,0,0,1,0.196435,0.030017,9.5173e-05,ok,1
BBMSDppInstant,1,1321,931,1229851,0.284078,2.57833e+06,38.2773,266.156,68113,0,0,0,0,2,0.184868,0.099182,2.83e-05,ok,1
BBMSDppStepwise,1,1321,931,1229851,0.350105,2.57833e+06,38.2773,255.828,64989,0,0,0,0,2,0.2715,0.078584,2.1069e-05,ok,1
DijkstraPrims,1,1321,931,1229851,0.018749,2.57833e+06,38.2773,38.2773,1543,0,0,0,0,0,0.018758,0,-8.985e-06,ok,1
BBMSCore,1,1321,931,1229851,1.14558,2.57833e+06,38.2773,38.2773,7233,0,0,0,0,5,1.12872,0.016625,0.000227812,ok,2
BBMSInter,1,1321,931,1229851,0.224214,2.57833e+06,38.2773,69.3398,16841,0,0,0,0,1,0.198102,0.026107,4.631e-06,ok,2
BBMSDppInstant,1,1321,931,1229851,0.282723,2.57833e+06,38.2773,266.156,68113,0,0,0,0,3,0.207259,0.075403,6.0849e-05,ok,2
BBMSDppStepwise,1,1321,931,1229851,0.350799,2.57833e+06,38.2773,255.812,64989,0,0,0,0,0,0.239432,0.111379,-1.1914e-05,ok,2
DijkstraPrims,1,1321,931,1229851,0.0186817,2.57833e+06,38.2773,38.2773,1543,0,0,0,0,0,0.011269,0.00742,-7.311e-06,ok,2
BBMSCore,2,1321,687,907527,0.968942,5.63953e+06,38.2773,38.2773,5342,0,0,0,0,5,0.968895,0,4.6516e-05,ok,0
BBMSInter,2,1321,687,907527,0.252229,5.63953e+06,38.2773,52.1172,12432,0,0,0,0,0,0.231705,0.020536,-1.1715e-05,ok,0
BBMSDppInstant,2,1321,687,907527,0.199011,5.63953e+06,38.2773,199.293,50437,0,0,0,0,3,0.117667,0.081318,2.6136e-05,ok,0
BBMSDppStepwise,2,1321,687,907527,0.272521,5.63953e+06,38.2773,189.668,47849,0,0,0,0,1,0.223074,0.049448,-1.23e-06,ok,0
DijkstraPrims,2,1321,687,907527,0.0981848,5.63953e+06,38.2773,38.2773,7238,0,0,0,0,1,0.08885,0.009326,8.793e-06,ok,0
BBMSCore,2,1321,687,907527,0.962942,5.63953e+06,38.2773,38.2773,5342,0,0,0,0,3,0.962931,0,1.1498e-05,ok,1
BBMSInter,2,1321,687,907527,0.253308,5.63953e+06,38.2773,52.1172,12432,0,0,0,0,1,0.237811,0.015484,1.3373e-05,ok,1
BBMSDppInstant,2,1321,687,907527,0.19986,5.63953e+06,38.2773,199.312,50437,0,0,0,0,1,0.141503,0.058329,2.8371e-05,ok,1
BBMSDppStepwise,2,1321,687,907527,0.269836,5.63953e+06,38.2773,189.668,47849,0,0,0,0,2,0.249511,0.020304,2.1139e-05,ok,1
DijkstraPrims,2,1321,687,907527,0.0985843,5.63953e+06,38.2773,38.2773,7238,0,0,0,0,2,0.098568,0,1.6308e-05,ok,1
BBMSCore,2,1321,687,907527,0.961811,5.63953e+06,38.2773,38.2773,5342,0,0,0,0,3,0.951834,0.009958,1.8542e-05,ok,2
BBMSInter,2,1321,687,907527,0.254423,5.63953e+06,38.2773,51.9922,12432,0,0,0,0,2,0.224538,0.029872,1.347e-05,ok,2
BBMSDppInstant,2,1321,687,907527,0.201202,5.63953e+06,38.2773,199.184,50437,0,0,0,0,4,0.170318,0.030825,5.9376e-05,ok,2
BBMSDppStepwise,2,1321,687,907527,0.269249,5.63953e+06,38.2773,189.672,47849,0,0,0,0,3,0.228704,0.040511,3.3937e-05,ok,2
DijkstraPrims,2,1321,687,907527,0.0996498,5.63953e+06,38.2773,38.2773,7238,0,0,0,0,1,0.09965,0,-2.27e-07,ok,2
BBMSCore,3,1321,1033,1364593,1.82033,1.3638e+07,38.2773,38.2773,8020,0,0,0,0,11,1.81025,0.009975,0.000102209,ok,0
BBMSInter,3,1321,1033,1364593,0.397379,1.3638e+07,38.2773,76.5,18681,0,0,0,0,5,0.38726,0.010068,5.1283e-05,ok,0
BBMSDppInstant,3,1321,1033,1364593,0.295371,1.3638e+07,38.2773,295.949,75244,0,0,0,0,3,0.174594,0.120749,2.7738e-05,ok,0
BBMSDppStepwise,3,1321,1033,1364593,0.378851,1.3638e+07,38.2773,283.281,72004,0,0,0,0,5,0.257499,0.121294,5.8351e-05,ok,0
DijkstraPrims,3,1321,1033,1364593,0.205247,1.3638e+07,38.2773,52.9648,15348,0,0,0,0,3,0.185169,0.020049,2.8703e-05,ok,0
BBMSCore,3,1321,1033,1364593,1.85486,1.3638e+07,38.2773,38.2773,8020,0,0,0,0,6,1.84473,0.01,0.000126404,ok,1
BBMSInter,3,1321,1033,1364593,0.400323,1.3638e+07,38.2773,76.5,18681,0,0,0,0,2,0.38051,0.019795,1.8015e-05,ok,1
BBMSDppInstant,3,1321,1033,1364593,0.297522,1.3638e+07,38.2773,295.945,75244,0,0,0,0,1,0.206652,0.090859,1.0803e-05,ok,1
BBMSDppStepwise,3,1321,1033,1364593,0.383573,1.3638e+07,38.2773,283.262,72004,0,0,0,0,4,0.2938,0.089727,4.605e-05,ok,1
DijkstraPrims,3,1321,1033,1364593,0.208331,1.3638e+07,38.2773,52.8789,15348,0,0,0,0,1,0.19816,0.010172,-1.209e-06,ok,1
BBMSCore,3,1321,1033,1364593,1.85193,1.3638e+07,38.2773,38.2773,8020,0,0,0,0,9,1.83192,0.01997,4.0588e-05,ok,2
BBMSInter,3,1321,1033,1364593,0.401363,1.3638e+07,38.2773,76.4922,18681,0,0,0,0,3,0.370841,0.0305,2.214e-05,ok,2
BBMSDppInstant,3,1321,1033,1364593,0.304415,1.3638e+07,38.2773,295.953,75244,0,0,0,0,2,0.209801,0.0946,1.4368e-05,ok,2
BBMSDppStepwise,3,1321,1033,1364593,0.384063,1.3638e+07,38.2773,283.266,72004,0,0,0,0,3,0.274214,0.109812,3.6904e-05,ok,2
DijkstraPrims,3,1321,1033,1364593,0.208418,1.3638e+07,38.2773,52.9453,15348,0,0,0,0,0,0.159842,0.048586,-9.604e-06,ok,2
BBMSCore,4,1321,714,943194,0.948204,1.96138e+07,38.2773,38.2773,5549,0,0,0,0,5,0.938044,0.009938,0.000221591,ok,0
BBMSInter,4,1321,714,943194,0.0993213,1.96138e+07,38.2773,53.9883,12918,0,0,0,0,0,0.088769,0.010562,-9.724e-06,ok,0
BBMSDppInstant,4,1321,714,943194,0.204965,1.96138e+07,38.2773,208.004,52557,0,0,0,0,2,0.18232,0.022636,8.537e-06,ok,0
BBMSDppStepwise,4,1321,714,943194,0.266684,1.96138e+07,38.2773,196.723,49648,0,0,0,0,1,0.206055,0.060621,7.796e-06,ok,0
DijkstraPrims,4,1321,714,943194,0.160572,1.96138e+07,38.2773,42.8203,12746,0,0,0,0,0,0.139753,0.020829,-9.808e-06,ok,0
BBMSCore,4,1321,714,943194,0.950182,1.96138e+07,38.2773,38.2773,5549,0,0,0,0,3,0.950096,0,8.6209e-05,ok,1
BBMSInter,4,1321,714,943194,0.101191,1.96138e+07,38.2773,53.9922,12918,0,0,0,0,1,0.081658,0.019535,-1.816e-06,ok,1
BBMSDppInstant,4,1321,714,943194,0.2074,1.96138e+07,38.2773,208.113,52557,0,0,0,0,1,0.110337,0.097047,1.5518e-05,ok,1
BBMSDppStepwise,4,1321,714,943194,0.263736,1.96138e+07,38.2773,196.723,49648,0,0,0,0,1,0.163762,0.099961,1.287e-05,ok,1
DijkstraPrims,4,1321,714,943194,0.161039,1.96138e+07,38.2773,42.8164,12746,0,0,0,0,1,0.161031,0,7.777e-06,ok,1
BBMSCore,4,1321,714,943194,0.949123,1.96138e+07,38.2773,38.2773,5549,0,0,0,0,4,0.939134,0.00995,3.8986e-05,ok,2
BBMSInter,4,1321,714,943194,0.100783,1.96138e+07,38.2773,53.9648,12918,0,0,0,0,1,0.081314,0.019454,1.5209e-05,ok,2
BBMSDppInstant,4,1321,714,943194,0.205485,1.96138e+07,38.2773,208.121,52557,0,0,0,0,1,0.155077,0.050394,1.4296e-05,ok,2
BBMSDppStepwise,4,1321,714,943194,0.26515,1.96138e+07,38.2773,196.723,49648,0,0,0,0,1,0.234993,0.030143,1.4348e-05,ok,2
DijkstraPrims,4,1321,714,943194,0.159974,1.96138e+07,38.2773,42.8281,12746,0,0,0,0,1,0.149585,0.01038,8.837e-06,ok,2
BBMSCore,5,1321,615,812415,1.45792,1.48926e+07,38.2773,38.2773,4783,0,0,0,0,8,1.44762,0.009963,0.000331358,ok,0
BBMSInter,5,1321,615,812415,0.193541,1.48926e+07,38.2773,47.0117,11130,0,0,0,0,2,0.173466,0.020052,2.2511e-05,ok,0
BBMSDppInstant,5,1321,615,812415,0.166278,1.48926e+07,38.2773,176.562,44485,0,0,0,0,1,0.105135,0.06113,1.3019e-05,ok,0
BBMSDppStepwise,5,1321,615,812415,0.198479,1.48926e+07,38.2773,169.934,42784,0,0,0,0,1,0.147121,0.051355,3.392e-06,ok,0
DijkstraPrims,5,1321,615,812415,0.0806491,1.48926e+07,38.2773,38.2773,6718,0,0,0,0,1,0.080638,0,1.1127e-05,ok,0
BBMSCore,5,1321,615,812415,1.45676,1.48926e+07,38.2773,38.2773,4783,0,0,0,0,9,1.45653,0,0.000234436,ok,1
BBMSInter,5,1321,615,812415,0.191991,1.48926e+07,38.2773,46.9922,11130,0,0,0,0,1,0.16912,0.022862,8.934e-06,ok,1
BBMSDppInstant,5,1321,615,812415,0.167638,1.48926e+07,38.2773,176.578,44485,0,0,0,0,1,0.126084,0.041541,1.3013e-05,ok,1
BBMSDppStepwise,5,1321,615,812415,0.199472,1.48926e+07,38.2773,169.906,42784,0,0,0,0,2,0.150267,0.049178,2.7202e-05,ok,1
DijkstraPrims,5,1321,615,812415,0.0794591,1.48926e+07,38.2773,38.2773,6718,0,0,0,0,1,0.079448,0,1.1126e-05,ok,1
BBMSCore,5,1321,615,812415,1.45627,1.48926e+07,38.2773,38.2773,4783,0,0,0,0,7,1.45294,0.003107,0.000215772,ok,2
BBMSInter,5,1321,615,812415,0.188366,1.48926e+07,38.2773,46.9922,11130,0,0,0,0,0,0.178093,0.010283,-9.924e-06,ok,2
BBMSDppInstant,5,1321,615,812415,0.168187,1.48926e+07,38.2773,176.578,44485,0,0,0,0,1,0.106382,0.061802,3.088e-06,ok,2
BBMSDppStepwise,5,1321,615,812415,0.19964,1.48926e+07,38.2773,169.922,42784,0,0,0,0,2,0.137725,0.061891,2.3908e-05,ok,2
DijkstraPrims,5,1321,615,812415,0.0801905,1.48926e+07,38.2773,38.2773,6718,0,0,0,0,1,0.077554,0.002635,1.547e-06,ok,2
BBMSCore,6,1321,3701,4889021,5.53777,1.82803e+07,38.2773,115.723,28694,0,0,0,0,25,5.50757,0.029981,0.000219069,ok,0
BBMSInter,6,1321,3701,4889021,0.935578,1.82803e+07,38.2773,264.875,66890,0,0,0,0,6,0.855115,0.080391,7.1791e-05,ok,0
BBMSDppInstant,6,1321,3701,4889021,1.20084,1.82803e+07,38.2773,1075,276479,0,0,0,0,3,0.920846,0.279974,2.3438e-05,ok,0
BBMSDppStepwise,6,1321,3701,4889021,1.80907,1.82803e+07,38.2773,1000.8,256964,0,0,0,0,5,1.5493,0.259723,5.2234e-05,ok,0
DijkstraPrims,6,1321,3701,4889021,1.21834,1.82803e+07,38.2773,194.98,60278,0,0,0,0,8,1.1484,0.069843,0.000104637,ok,0
BBMSCore,6,1321,3701,4889021,5.54313,1.82803e+07,38.2773,115.75,28694,0,0,0,0,21,5.50303,0.039943,0.000156073,ok,1
BBMSInter,6,1321,3701,4889021,0.935373,1.82803e+07,38.2773,264.863,66890,0,0,0,0,4,0.86499,0.070328,5.4944e-05,ok,1
BBMSDppInstant,6,1321,3701,4889021,1.19534,1.82803e+07,38.2773,1075.13,276479,0,0,0,0,5,0.845978,0.349297,6.4333e-05,ok,1
BBMSDppStepwise,6,1321,3701,4889021,1.78656,1.82803e+07,38.2773,1000.83,256964,0,0,0,0,7,1.42534,0.361147,7.2159e-05,ok,1
DijkstraPrims,6,1321,3701,4889021,1.19184,1.82803e+07,38.2773,194.984,60278,0,0,0,0,4,1.09166,0.10007,0.000109613,ok,1
BBMSCore,6,1321,3701,4889021,5.53974,1.82803e+07,38.2773,115.742,28694,0,0,0,0,24,5.50915,0.02999,0.000604476,ok,2
BBMSInter,6,1321,3701,4889021,0.929878,1.82803e+07,38.2773,264.871,66890,0,0,0,0,4,0.849936,0.079907,3.5101e-05,ok,2
BBMSDppInstant,6,1321,3701,4889021,1.18933,1.82803e+07,38.2773,1075.12,276479,0,0,0,0,5,0.898748,0.290533,4.9316e-05,ok,2
BBMSDppStepwise,6,1321,3701,4889021,1.79959,1.82803e+07,38.2773,1000.81,256964,0,0,0,0,6,1.49887,0.300646,6.8312e-05,ok,2
DijkstraPrims,6,1321,3701,4889021,1.18671,1.82803e+07,38.2773,194.949,60278,0,0,0,0,5,1.07688,0.109601,0.000231782,ok,2
BBMSCore,7,1321,1170,1545570,1.58099,1.06349e+07,38.2773,39.1133,9087,0,0,0,0,8,1.57049,0.010005,0.000498163,ok,0
BBMSInter,7,1321,1170,1545570,0.281909,1.06349e+07,38.2773,86.25,21161,0,0,0,0,1,0.251698,0.030199,1.1674e-05,ok,0
BBMSDppInstant,7,1321,1170,1545570,0.345638,1.06349e+07,38.2773,337.742,85961,0,0,0,0,3,0.213491,0.132112,3.4645e-05,ok,0
BBMSDppStepwise,7,1321,1170,1545570,0.465724,1.06349e+07,38.2773,320.785,81589,0,0,0,0,3,0.364453,0.101237,3.3747e-05,ok,0
DijkstraPrims,7,1321,1170,1545570,0.132268,1.06349e+07,38.2773,41.8555,11435,0,0,0,0,1,0.122085,0.01017,1.3083e-05,ok,0
BBMSCore,7,1321,1170,1545570,1.58181,1.06349e+07,38.2773,39.0898,9087,0,0,0,0,5,1.58159,0,0.000221456,ok,1
BBMSInter,7,1321,1170,1545570,0.281096,1.06349e+07,38.2773,86.25,21161,0,0,0,0,3,0.250941,0.030122,3.3107e-05,ok,1
BBMSDppInstant,7,1321,1170,1545570,0.346535,1.06349e+07,38.2773,337.75,85961,0,0,0,0,1,0.217741,0.12878,1.4238e-05,ok,1
BBMSDppStepwise,7,1321,1170,1545570,0.469778,1.06349e+07,38.2773,320.785,81589,0,0,0,0,3,0.339872,0.129818,8.7842e-05,ok,1
DijkstraPrims,7,1321,1170,1545570,0.133016,1.06349e+07,38.2773,41.8281,11435,0,0,0,0,2,0.112543,0.020444,2.9455e-05,ok,1
BBMSCore,7,1321,1170,1545570,1.57894,1.06349e+07,38.2773,39.1211,9087,0,0,0,0,8,1.56865,0.009992,0.000302674,ok,2
BBMSInter,7,1321,1170,1545570,0.277421,1.06349e+07,38.2773,86.2227,21161,0,0,0,0,2,0.25757,0.01983,2.1343e-05,ok,2
BBMSDppInstant,7,1321,1170,1545570,0.34794,1.06349e+07,38.2773,337.738,85961,0,0,0,0,1,0.208715,0.139209,1.5582e-05,ok,2
BBMSDppStepwise,7,1321,1170,1545570,0.467994,1.06349e+07,38.2773,320.797,81589,0,0,0,0,2,0.358361,0.109565,6.7777e-05,ok,2
DijkstraPrims,7,1321,1170,1545570,0.132603,1.06349e+07,38.2773,41.875,11435,0,0,0,0,2,0.1224,0.010191,1.2309e-05,ok,2
BBMSCore,8,1321,1172,1548212,2.10601,1.09329e+07,38.2773,38.9922,9102,0,0,0,0,7,2.08559,0.019968,0.000449046,ok,0
BBMSInter,8,1321,1172,1548212,0.603038,1.09329e+07,38.2773,86.3516,21197,0,0,0,0,3,0.582868,0.020135,3.5283e-05,ok,0
BBMSDppInstant,8,1321,1172,1548212,0.370085,1.09329e+07,38.2773,338.102,86312,0,0,0,0,2,0.269753,0.100307,2.4572e-05,ok,0
BBMSDppStepwise,8,1321,1172,1548212,0.49011,1.09329e+07,38.2773,321.641,81814,0,0,0,0,3,0.369788,0.120285,3.6978e-05,ok,0
DijkstraPrims,8,1321,1172,1548212,0.131876,1.09329e+07,38.2773,41.8789,11314,0,0,0,0,1,0.131876,0,4.97e-07,ok,0
BBMSCore,8,1321,1172,1548212,2.09363,1.09329e+07,38.2773,39.125,9102,0,0,0,0,10,2.09335,0,0.000281472,ok,1
BBMSInter,8,1321,1172,1548212,0.602446,1.09329e+07,38.2773,86.3477,21197,0,0,0,0,2,0.572742,0.029691,1.3316e-05,ok,1
BBMSDppInstant,8,1321,1172,1548212,0.365818,1.09329e+07,38.2773,338.133,86312,0,0,0,0,0,0.256696,0.109135,-1.2655e-05,ok,1
BBMSDppStepwise,8,1321,1172,1548212,0.48807,1.09329e+07,38.2773,321.633,81814,0,0,0,0,3,0.368252,0.119806,1.1823e-05,ok,1
DijkstraPrims,8,1321,1172,1548212,0.132919,1.09329e+07,38.2773,41.8438,11314,0,0,0,0,0,0.128908,0.00402,-9.221e-06,ok,1
BBMSCore,8,1321,1172,1548212,2.10955,1.09329e+07,38.2773,39.125,9102,0,0,0,0,5,2.09933,0.010001,0.000215169,ok,2
BBMSInter,8,1321,1172,1548212,0.604269,1.09329e+07,38.2773,86.3672,21197,0,0,0,0,2,0.573998,0.030267,3.739e-06,ok,2
BBMSDppInstant,8,1321,1172,1548212,0.370957,1.09329e+07,38.2773,338.109,86312,0,0,0,0,3,0.250275,0.120652,2.9606e-05,ok,2
BBMSDppStepwise,8,1321,1172,1548212,0.490282,1.09329e+07,38.2773,321.668,81814,0,0,0,0,3,0.358181,0.13207,3.0653e-05,ok,2
DijkstraPrims,8,1321,1172,1548212,0.132816,1.09329e+07,38.2773,41.8516,11314,0,0,0,0,2,0.12252,0.010283,1.3009e-05,ok,2
BBMSCore,9,1321,262,346102,0.095113,1.89587e+06,38.2773,38.2773,2038,0,0,0,0,1,0.095108,0,4.967e-06,ok,0
BBMSInter,9,1321,262,346102,0.0246223,1.89587e+06,38.2773,38.2773,4742,0,0,0,0,1,0.015565,0.009058,-7.03e-07,ok,0
BBMSDppInstant,9,1321,262,346102,0.0665512,1.89587e+06,38.2773,78.6602,19314,0,0,0,0,1,0.037231,0.029301,1.9169e-05,ok,0
BBMSDppStepwise,9,1321,262,346102,0.0740256,1.89587e+06,38.2773,76.5898,18763,0,0,0,0,1,0.074014,0,1.1642e-05,ok,0
DijkstraPrims,9,1321,262,346102,0.0179864,1.89587e+06,38.2773,38.2773,1505,0,0,0,0,0,0.017996,0,-9.645e-06,ok,0
BBMSCore,9,1321,262,346102,0.0953108,1.89587e+06,38.2773,38.2773,2038,0,0,0,0,2,0.095281,0,2.9825e-05,ok,1
BBMSInter,9,1321,262,346102,0.0255877,1.89587e+06,38.2773,38.2773,4742,0,0,0,0,0,0.013155,0.012441,-8.27e-06,ok,1
BBMSDppInstant,9,1321,262,346102,0.0668901,1.89587e+06,38.2773,78.6836,19314,0,0,0,0,2,0.066867,0,2.3102e-05,ok,1
BBMSDppStepwise,9,1321,262,346102,0.0744192,1.89587e+06,38.2773,76.5898,18763,0,0,0,0,2,0.063628,0.010771,2.0213e-05,ok,1
DijkstraPrims,9,1321,262,346102,0.0179572,1.89587e+06,38.2773,38.2773,1505,0,0,0,0,0,0.013947,0.004018,-7.85e-06,ok,1
BBMSCore,9,1321,262,346102,0.0955653,1.89587e+06,38.2773,38.2773,2038,0,0,0,0,2,0.095549,0,1.6306e-05,ok,2
BBMSInter,9,1321,262,346102,0.0259766,1.89587e+06,38.2773,38.2773,4742,0,0,0,0,0,0.025984,0,-7.411e-06,ok,2
BBMSDppInstant,9,1321,262,346102,0.0671553,1.89587e+06,38.2773,78.6484,19314,0,0,0,0,1,0.053264,0.013876,1.5346e-05,ok,2
BBMSDppStepwise,9,1321,262,346102,0.0739325,1.89587e+06,38.2773,76.5938,18763,0,0,0,0,1,0.060773,0.013146,1.3467e-05,ok,2
DijkstraPrims,9,1321,262,346102,0.0180559,1.89587e+06,38.2773,38.2773,1505,0,0,0,0,0,0.018065,0,-9.073e-06,ok,2
BBMSCore,10,1321,24,31704,0.00140116,9.85963e+06,38.2773,38.2773,195,0,0,0,0,0,0.00141,0,-8.84e-06,ok,0
BBMSInter,10,1321,24,31704,0.00131871,9.85963e+06,38.2773,38.2773,443,0,0,0,0,0,0.001325,0,-6.29e-06,ok,0
BBMSDppInstant,10,1321,24,31704,0.00520357,9.85963e+06,38.2773,38.2773,1704,0,0,0,0,0,0.00521,0,-6.434e-06,ok,0
BBMSDppStepwise,10,1321,24,31704,0.00540309,9.85963e+06,38.2773,38.2773,1659,0,0,0,0,0,0,0.005409,-5.912e-06,ok,0
DijkstraPrims,10,1321,24,31704,0.00436378,9.85963e+06,38.2773,38.2773,380,0,0,0,0,1,0.004347,0,1.6775e-05,ok,0
BBMSCore,10,1321,24,31704,0.00140342,9.85963e+06,38.2773,38.2773,195,0,0,0,0,0,0.001409,0,-5.585e-06,ok,1
BBMSInter,10,1321,24,31704,0.00136587,9.85963e+06,38.2773,38.2773,443,0,0,0,0,0,0,0.001371,-5.129e-06,ok,1
BBMSDppInstant,10,1321,24,31704,0.00530742,9.85963e+06,38.2773,38.2773,1704,0,0,0,0,0,0.005314,0,-6.582e-06,ok,1
BBMSDppStepwise,10,1321,24,31704,0.00537679,9.85963e+06,38.2773,38.2773,1659,0,0,0,0,0,0.002691,0.002691,-5.209e-06,ok,1
DijkstraPrims,10,1321,24,31704,0.00432907,9.85963e+06,38.2773,38.2773,380,0,0,0,0,0,0.004335,0,-5.928e-06,ok,1
BBMSCore,10,1321,24,31704,0.00140604,9.85963e+06,38.2773,38.2773,195,0,0,0,0,0,0.001412,0,-5.957e-06,ok,2
BBMSInter,10,1321,24,31704,0.00136276,9.85963e+06,38.2773,38.2773,443,0,0,0,0,0,0.000684,0.000684,-5.239e-06,ok,2
BBMSDppInstant,10,1321,24,31704,0.00575277,9.85963e+06,38.2773,38.2773,1704,0,0,0,0,0,0,0.005759,-6.233e-06,ok,2
BBMSDppStepwise,10,1321,24,31704,0.00549761,9.85963e+06,38.2773,38.2773,1659,0,0,0,0,0,0,0.005504,-6.392e-06,ok,2
DijkstraPrims,10,1321,24,31704,0.00433099,9.85963e+06,38.2773,38.2773,380,0,0,0,0,0,0.004338,0,-7.014e-06,ok,2
BBMSCore,11,1321,432,570672,2.6594,7.32471e+06,38.2773,38.2773,3354,0,0,0,0,13,2.65895,0,0.000449067,ok,0
BBMSInter,11,1321,432,570672,0.183321,7.32471e+06,38.2773,38.2773,7813,0,0,0,0,2,0.173477,0.009831,1.3117e-05,ok,0
BBMSDppInstant,11,1321,432,570672,0.115578,7.32471e+06,38.2773,123.312,30723,0,0,0,0,1,0.09578,0.019795,3.25e-06,ok,0
BBMSDppStepwise,11,1321,432,570672,0.131783,7.32471e+06,38.2773,119.309,29699,0,0,0,0,2,0.100719,0.031038,2.6298e-05,ok,0
DijkstraPrims,11,1321,432,570672,0.0360754,7.32471e+06,38.2773,38.2773,3145,0,0,0,0,1,0.036065,0,1.0439e-05,ok,0
BBMSCore,11,1321,432,570672,2.64212,7.32471e+06,38.2773,38.2773,3354,0,0,0,0,11,2.63136,0.010016,0.00074404,ok,1
BBMSInter,11,1321,432,570672,0.185735,7.32471e+06,38.2773,38.2773,7813,0,0,0,0,0,0.175277,0.01047,-1.2031e-05,ok,1
BBMSDppInstant,11,1321,432,570672,0.117852,7.32471e+06,38.2773,123.305,30723,0,0,0,0,1,0.08765,0.030199,2.622e-06,ok,1
BBMSDppStepwise,11,1321,432,570672,0.135502,7.32471e+06,38.2773,119.34,29699,0,0,0,0,0,0.105792,0.029722,-1.2349e-05,ok,1
DijkstraPrims,11,1321,432,570672,0.0369846,7.32471e+06,38.2773,38.2773,3145,0,0,0,0,0,0.026987,0.010007,-9.358e-06,ok,1
BBMSCore,11,1321,432,570672,2.65638,7.32471e+06,38.2773,38.2773,3354,0,0,0,0,8,2.656,0,0.00038672,ok,2
BBMSInter,11,1321,432,570672,0.183333,7.32471e+06,38.2773,38.2773,7813,0,0,0,0,0,0.173001,0.010343,-1.0693e-05,ok,2
BBMSDppInstant,11,1321,432,570672,0.116158,7.32471e+06,38.2773,123.32,30723,0,0,0,0,0,0.096283,0.019885,-9.945e-06,ok,2
BBMSDppStepwise,11,1321,432,570672,0.134178,7.32471e+06,38.2773,119.207,29699,0,0,0,0,1,0.092112,0.042066,-3.4e-07,ok,2
DijkstraPrims,11,1321,432,570672,0.0366546,7.32471e+06,38.2773,38.2773,3145,0,0,0,0,0,0.026721,0.009944,-1.0432e-05,ok,2
BBMSCore,12,1321,1045,1380445,2.3579,1.73711e+07,38.2773,38.2773,8119,0,0,0,0,12,2.34775,0.010007,0.000146864,ok,0
BBMSInter,12,1321,1045,1380445,0.208679,1.73711e+07,38.2773,77.4922,18904,0,0,0,0,1,0.18928,0.01937,2.927e-05,ok,0
BBMSDppInstant,12,1321,1045,1380445,0.307197,1.73711e+07,38.2773,300.48,76442,0,0,0,0,2,0.226862,0.08028,5.5092e-05,ok,0
BBMSDppStepwise,12,1321,1045,1380445,0.415258,1.73711e+07,38.2773,284.691,72354,0,0,0,0,1,0.33538,0.079862,1.619e-05,ok,0
DijkstraPrims,12,1321,1045,1380445,0.223076,1.73711e+07,38.2773,43.8555,13020,0,0,0,0,4,0.212742,0.010304,3.0413e-05,ok,0
BBMSCore,12,1321,1045,1380445,2.38601,1.73711e+07,38.2773,38.2773,8119,0,0,0,0,18,2.3753,0.009997,0.000713901,ok,1
BBMSInter,12,1321,1045,1380445,0.209368,1.73711e+07,38.2773,77.4727,18904,0,0,0,0,0,0.189061,0.020319,-1.2151e-05,ok,1
BBMSDppInstant,12,1321,1045,1380445,0.303864,1.73711e+07,38.2773,300.535,76442,0,0,0,0,1,0.191047,0.112816,7.57e-07,ok,1
BBMSDppStepwise,12,1321,1045,1380445,0.417726,1.73711e+07,38.2773,284.633,72354,0,0,0,0,2,0.327349,0.090374,2.631e-06,ok,1
DijkstraPrims,12,1321,1045,1380445,0.214015,1.73711e+07,38.2773,43.8438,13020,0,0,0,0,0,0.203665,0.010361,-1.1492e-05,ok,1
BBMSCore,12,1321,1045,1380445,2.3835,1.73711e+07,38.2773,38.2773,8119,0,0,0,0,18,2.37728,0.005928,0.000293706,ok,2
BBMSInter,12,1321,1045,1380445,0.209216,1.73711e+07,38.2773,77.4883,18904,0,0,0,0,1,0.17877,0.030448,-2.453e-06,ok,2
BBMSDppInstant,12,1321,1045,1380445,0.302216,1.73711e+07,38.2773,300.48,76442,0,0,0,0,1,0.242913,0.05929,1.3196e-05,ok,2
BBMSDppStepwise,12,1321,1045,1380445,0.412851,1.73711e+07,38.2773,284.711,72354,0,0,0,0,3,0.323392,0.08938,7.8926e-05,ok,2
DijkstraPrims,12,1321,1045,1380445,0.212844,1.73711e+07,38.2773,43.6445,13020,0,0,0,0,2,0.212826,0,1.7872e-05,ok,2
BBMSCore,13,1321,377,498017,1.61542,8.85397e+06,38.2773,38.2773,2929,0,0,0,0,8,1.61496,0,0.000457102,ok,0
BBMSInter,13,1321,377,498017,0.051576,8.85397e+06,38.2773,38.2773,6819,0,0,0,0,0,0.040527,0.011059,-9.976e-06,ok,0
BBMSDppInstant,13,1321,377,498017,0.10031,8.85397e+06,38.2773,109.723,27241,0,0,0,0,1,0.058499,0.041808,3.077e-06,ok,0
BBMSDppStepwise,13,1321,377,498017,0.122653,8.85397e+06,38.2773,104.734,25961,0,0,0,0,1,0.103014,0.019622,1.6788e-05,ok,0
DijkstraPrims,13,1321,377,498017,0.0394854,8.85397e+06,38.2773,38.2773,3303,0,0,0,0,0,0.039495,0,-9.571e-06,ok,0
BBMSCore,13,1321,377,498017,1.61359,8.85397e+06,38.2773,38.2773,2929,0,0,0,0,9,1.61316,0,0.000429696,ok,1
BBMSInter,13,1321,377,498017,0.0512779,8.85397e+06,38.2773,38.2773,6819,0,0,0,0,2,0.051256,0,2.1898e-05,ok,1
BBMSDppInstant,13,1321,377,498017,0.100238,8.85397e+06,38.2773,109.73,27241,0,0,0,0,2,0.068907,0.031306,2.5167e-05,ok,1
BBMSDppStepwise,13,1321,377,498017,0.123061,8.85397e+06,38.2773,104.73,25961,0,0,0,0,1,0.080669,0.042375,1.7127e-05,ok,1
DijkstraPrims,13,1321,377,498017,0.0394436,8.85397e+06,38.2773,38.2773,3303,0,0,0,0,1,0.039441,0,2.608e-06,ok,1
BBMSCore,13,1321,377,498017,1.61356,8.85397e+06,38.2773,38.2773,2929,0,0,0,0,6,1.61329,0,0.000264637,ok,2
BBMSInter,13,1321,377,498017,0.0515478,8.85397e+06,38.2773,38.2773,6819,0,0,0,0,1,0.042068,0.009462,1.7767e-05,ok,2
BBMSDppInstant,13,1321,377,498017,0.10056,8.85397e+06,38.2773,109.727,27241,0,0,0,0,1,0.081334,0.019214,1.2215e-05,ok,2
BBMSDppStepwise,13,1321,377,498017,0.122961,8.85397e+06,38.2773,104.73,25961,0,0,0,0,2,0.083611,0.039326,2.4163e-05,ok,2
DijkstraPrims,13,1321,377,498017,0.0397848,8.85397e+06,38.2773,38.2773,3303,0,0,0,0,1,0.039779,0,5.782e-06,ok,2
BBMSCore,14,1321,2423,3200783,4.59713,1.98724e+07,38.2773,77,18795,0,0,0,0,17,4.577,0.01997,0.00015948,ok,0
BBMSInter,14,1321,2423,3200783,0.746912,1.98724e+07,38.2773,174.75,43801,0,0,0,0,3,0.666566,0.080336,9.81e-06,ok,0
BBMSDppInstant,14,1321,2423,3200783,0.807612,1.98724e+07,38.2773,683.488,175103,0,0,0,0,6,0.6289,0.178664,4.782e-05,ok,0
BBMSDppStepwise,14,1321,2423,3200783,1.10358,1.98724e+07,38.2773,652.902,167042,0,0,0,0,4,0.903576,0.199964,3.875e-05,ok,0
DijkstraPrims,14,1321,2423,3200783,0.400857,1.98724e+07,38.2773,83.9531,26113,0,0,0,0,1,0.371065,0.029793,-1.049e-06,ok,0
BBMSCore,14,1321,2423,3200783,4.59716,1.98724e+07,38.2773,76.9922,18795,0,0,0,0,20,4.57665,0.019969,0.000543485,ok,1
BBMSInter,14,1321,2423,3200783,0.740365,1.98724e+07,38.2773,174.738,43801,0,0,0,0,1,0.689888,0.050446,3.0692e-05,ok,1
BBMSDppInstant,14,1321,2423,3200783,0.797795,1.98724e+07,38.2773,683.461,175103,0,0,0,0,2,0.576653,0.221128,1.3852e-05,ok,1
BBMSDppStepwise,14,1321,2423,3200783,1.10618,1.98724e+07,38.2773,652.738,167042,0,0,0,0,4,0.865618,0.24054,2.1775e-05,ok,1
DijkstraPrims,14,1321,2423,3200783,0.400077,1.98724e+07,38.2773,83.9453,26113,0,0,0,0,2,0.349151,0.050734,0.000191856,ok,1
BBMSCore,14,1321,2423,3200783,4.59732,1.98724e+07,38.2773,76.9922,18795,0,0,0,0,19,4.56647,0.030017,0.000832657,ok,2
BBMSInter,14,1321,2423,3200783,0.736546,1.98724e+07,38.2773,174.762,43801,0,0,0,0,0,0.667218,0.069345,-1.729e-05,ok,2
BBMSDppInstant,14,1321,2423,3200783,0.808006,1.98724e+07,38.2773,683.434,175103,0,0,0,0,6,0.627018,0.180925,6.261e-05,ok,2
BBMSDppStepwise,14,1321,2423,3200783,1.10666,1.98724e+07,38.2773,652.902,167042,0,0,0,0,1,0.917859,0.188812,-7.499e-06,ok,2
DijkstraPrims,14,1321,2423,3200783,0.405245,1.98724e+07,38.2773,83.9336,26113,0,0,0,0,3,0.385143,0.020067,3.4819e-05,ok,2
BBMSCore,15,1321,40,52840,0.0259536,1.27167e+07,38.2773,38.2773,319,0,0,0,0,1,0.02594,0,1.3581e-05,ok,0
BBMSInter,15,1321,40,52840,0.0149039,1.27167e+07,38.2773,38.2773,732,0,0,0,0,0,0.014913,0,-9.071e-06,ok,0
BBMSDppInstant,15,1321,40,52840,0.00999327,1.27167e+07,38.2773,38.2773,2810,0,0,0,0,1,0.009978,0,1.5266e-05,ok,0
BBMSDppStepwise,15,1321,40,52840,0.0104,1.27167e+07,38.2773,38.2773,2753,0,0,0,0,0,0,0.010408,-7.951e-06,ok,0
DijkstraPrims,15,1321,40,52840,0.00748022,1.27167e+07,38.2773,38.2773,713,0,0,0,0,0,0.007487,0,-6.779e-06,ok,0
BBMSCore,15,1321,40,52840,0.0258669,1.27167e+07,38.2773,38.2773,319,0,0,0,0,1,0.023534,0.002322,1.0858e-05,ok,1
BBMSInter,15,1321,40,52840,0.0148952,1.27167e+07,38.2773,38.2773,732,0,0,0,0,1,0.014885,0,1.0188e-05,ok,1
BBMSDppInstant,15,1321,40,52840,0.0100601,1.27167e+07,38.2773,38.2773,2810,0,0,0,0,0,0,0.010069,-8.852e-06,ok,1
BBMSDppStepwise,15,1321,40,52840,0.0104983,1.27167e+07,38.2773,38.2773,2753,0,0,0,0,0,0.010507,0,-8.726e-06,ok,1
DijkstraPrims,15,1321,40,52840,0.00758345,1.27167e+07,38.2773,38.2773,713,0,0,0,0,0,0.007591,0,-7.555e-06,ok,1
BBMSCore,15,1321,40,52840,0.0258714,1.27167e+07,38.2773,38.2773,319,0,0,0,0,1,0.02586,0,1.1432e-05,ok,2
BBMSInter,15,1321,40,52840,0.0149032,1.27167e+07,38.2773,38.2773,732,0,0,0,0,1,0.01489,0,1.3205e-05,ok,2
BBMSDppInstant,15,1321,40,52840,0.00998468,1.27167e+07,38.2773,38.2773,2810,0,0,0,0,0,0.009994,0,-9.321e-06,ok,2
BBMSDppStepwise,15,1321,40,52840,0.0104525,1.27167e+07,38.2773,38.2773,2753,0,0,0,0,0,0.001428,0.009033,-8.505e-06,ok,2
DijkstraPrims,15,1321,40,52840,0.00746602,1.27167e+07,38.2773,38.2773,713,0,0,0,0,0,0.007474,0,-7.985e-06,ok,2
BBMSCore,16,1321,149,196829,0.713403,4.80002e+06,38.2773,38.2773,1163,0,0,0,0,3,0.713198,0,0.000204835,ok,0
BBMSInter,16,1321,149,196829,0.0266964,4.80002e+06,38.2773,38.2773,2701,0,0,0,0,0,0.015668,0.011038,-9.578e-06,ok,0
BBMSDppInstant,16,1321,149,196829,0.035508,4.80002e+06,38.2773,45.4922,10781,0,0,0,0,0,0.035518,0,-9.991e-06,ok,0
BBMSDppStepwise,16,1321,149,196829,0.0424351,4.80002e+06,38.2773,43.3711,10203,0,0,0,0,1,0.022472,0.019946,1.7135e-05,ok,0
DijkstraPrims,16,1321,149,196829,0.00894584,4.80002e+06,38.2773,38.2773,814,0,0,0,0,0,0,0.008956,-1.0156e-05,ok,0
BBMSCore,16,1321,149,196829,0.71297,4.80002e+06,38.2773,38.2773,1163,0,0,0,0,4,0.712795,0,0.000174814,ok,1
BBMSInter,16,1321,149,196829,0.0267554,4.80002e+06,38.2773,38.2773,2701,0,0,0,0,1,0.015688,0.011051,1.6416e-05,ok,1
BBMSDppInstant,16,1321,149,196829,0.0354151,4.80002e+06,38.2773,45.4844,10781,0,0,0,0,1,0.009024,0.026376,1.5082e-05,ok,1
BBMSDppStepwise,16,1321,149,196829,0.0421304,4.80002e+06,38.2773,43.3672,10203,0,0,0,0,1,0.012356,0.029761,1.3387e-05,ok,1
DijkstraPrims,16,1321,149,196829,0.00887411,4.80002e+06,38.2773,38.2773,814,0,0,0,0,0,0.008883,0,-8.886e-06,ok,1
BBMSCore,16,1321,149,196829,0.713464,4.80002e+06,38.2773,38.2773,1163,0,0,0,0,6,0.713286,0,0.000177546,ok,2
BBMSInter,16,1321,149,196829,0.0264963,4.80002e+06,38.2773,38.2773,2701,0,0,0,0,1,0.026486,0,1.0259e-05,ok,2
BBMSDppInstant,16,1321,149,196829,0.0346751,4.80002e+06,38.2773,45.4922,10781,0,0,0,0,1,0.024281,0.010379,1.5103e-05,ok,2
BBMSDppStepwise,16,1321,149,196829,0.041109,4.80002e+06,38.2773,43.3438,10203,0,0,0,0,1,0.0294,0.011695,1.4026e-05,ok,2
DijkstraPrims,16,1321,149,196829,0.00877385,4.80002e+06,38.2773,38.2773,814,0,0,0,0,0,0.008783,0,-9.15e-06,ok,2
BBMSCore,17,1321,1009,1332889,1.73098,8.99121e+06,38.2773,38.2773,7840,0,0,0,0,10,1.71981,0.01091,0.000257935,ok,0
BBMSInter,17,1321,1009,1332889,0.520252,8.99121e+06,38.2773,74.8672,18254,0,0,0,0,1,0.49993,0.020323,-8.1e-07,ok,0
BBMSDppInstant,17,1321,1009,1332889,0.306689,8.99121e+06,38.2773,292.766,74440,0,0,0,0,1,0.205078,0.101612,-7.48e-07,ok,0
BBMSDppStepwise,17,1321,1009,1332889,0.351905,8.99121e+06,38.2773,276.887,70361,0,0,0,0,1,0.261838,0.09007,-3.464e-06,ok,0
DijkstraPrims,17,1321,1009,1332889,0.236147,8.99121e+06,38.2773,55.2812,15969,0,0,0,0,2,0.215789,0.020354,4.117e-06,ok,0
BBMSCore,17,1321,1009,1332889,1.72648,8.99121e+06,38.2773,38.2773,7840,0,0,0,0,6,1.72615,0,0.000327644,ok,1
BBMSInter,17,1321,1009,1332889,0.520599,8.99121e+06,38.2773,74.8672,18254,0,0,0,0,2,0.500617,0.01996,2.1891e-05,ok,1
BBMSDppInstant,17,1321,1009,1332889,0.3024,8.99121e+06,38.2773,292.773,74440,0,0,0,0,3,0.242199,0.060153,4.7824e-05,ok,1
BBMSDppStepwise,17,1321,1009,1332889,0.350464,8.99121e+06,38.2773,276.906,70361,0,0,0,0,1,0.319719,0.030732,1.3226e-05,ok,1
DijkstraPrims,17,1321,1009,1332889,0.237586,8.99121e+06,38.2773,55.3789,15969,0,0,0,0,3,0.206847,0.03071,2.8769e-05,ok,1
BBMSCore,17,1321,1009,1332889,1.72799,8.99121e+06,38.2773,38.2773,7840,0,0,0,0,7,1.71759,0.009977,0.000429158,ok,2
BBMSInter,17,1321,1009,1332889,0.522085,8.99121e+06,38.2773,74.8672,18254,0,0,0,0,3,0.502048,0.02002,1.6911e-05,ok,2
BBMSDppInstant,17,1321,1009,1332889,0.302843,8.99121e+06,38.2773,292.766,74440,0,0,0,0,1,0.231711,0.071121,1.1062e-05,ok,2
BBMSDppStepwise,17,1321,1009,1332889,0.352026,8.99121e+06,38.2773,276.895,70361,0,0,0,0,2,0.261926,0.090079,2.1492e-05,ok,2
DijkstraPrims,17,1321,1009,1332889,0.23731,8.99121e+06,38.2773,55.3594,15969,0,0,0,0,3,0.226673,0.010427,0.000210111,ok,2
BBMSCore,18,1321,631,833551,0.48522,1.49944e+07,38.2773,38.2773,4895,0,0,0,0,1,0.474987,0.010222,1.0826e-05,ok,0
BBMSInter,18,1321,631,833551,0.0800904,1.49944e+07,38.2773,48.1172,11407,0,0,0,0,2,0.070144,0.009917,2.9432e-05,ok,0
BBMSDppInstant,18,1321,631,833551,0.173619,1.49944e+07,38.2773,184.898,46594,0,0,0,0,1,0.102612,0.070994,1.3131e-05,ok,0
BBMSDppStepwise,18,1321,631,833551,0.229299,1.49944e+07,38.2773,173.598,43709,0,0,0,0,1,0.149795,0.079491,1.3043e-05,ok,0
DijkstraPrims,18,1321,631,833551,0.090961,1.49944e+07,38.2773,38.2773,6821,0,0,0,0,1,0.08094,0.010013,8.015e-06,ok,0
BBMSCore,18,1321,631,833551,0.486318,1.49944e+07,38.2773,38.2773,4895,0,0,0,0,5,0.48548,0.000596,0.000241999,ok,1
BBMSInter,18,1321,631,833551,0.0812519,1.49944e+07,38.2773,48.1211,11407,0,0,0,0,0,0.061179,0.020083,-1.0084e-05,ok,1
BBMSDppInstant,18,1321,631,833551,0.177302,1.49944e+07,38.2773,184.91,46594,0,0,0,0,1,0.115255,0.062032,1.5353e-05,ok,1
BBMSDppStepwise,18,1321,631,833551,0.233358,1.49944e+07,38.2773,173.621,43709,0,0,0,0,1,0.152554,0.080787,1.6682e-05,ok,1
DijkstraPrims,18,1321,631,833551,0.0923439,1.49944e+07,38.2773,38.2773,6821,0,0,0,0,1,0.082204,0.010127,1.2872e-05,ok,1
BBMSCore,18,1321,631,833551,0.48694,1.49944e+07,38.2773,38.2773,4895,0,0,0,0,2,0.476833,0.009919,0.00018763,ok,2
BBMSInter,18,1321,631,833551,0.080783,1.49944e+07,38.2773,48.125,11407,0,0,0,0,1,0.080768,0,1.5033e-05,ok,2
BBMSDppInstant,18,1321,631,833551,0.177364,1.49944e+07,38.2773,184.898,46594,0,0,0,0,1,0.088945,0.088404,1.5385e-05,ok,2
BBMSDppStepwise,18,1321,631,833551,0.233919,1.49944e+07,38.2773,173.598,43709,0,0,0,0,3,0.183292,0.050574,5.2541e-05,ok,2
DijkstraPrims,18,1321,631,833551,0.0942439,1.49944e+07,38.2773,38.2773,6821,0,0,0,0,1,0.083944,0.010295,4.857e-06,ok,2
BBMSCore,19,1321,542,715982,3.56094,7.15725e+06,38.2773,38.2773,4206,0,0,0,0,14,3.55042,0.01,0.000516244,ok,0
BBMSInter,19,1321,542,715982,0.118527,7.15725e+06,38.2773,41.8672,9799,0,0,0,0,1,0.098725,0.019784,1.8485e-05,ok,0
BBMSDppInstant,19,1321,542,715982,0.144376,7.15725e+06,38.2773,154.398,38789,0,0,0,0,2,0.08639,0.057953,3.2953e-05,ok,0
BBMSDppStepwise,19,1321,542,715982,0.170898,7.15725e+06,38.2773,148.734,37343,0,0,0,0,2,0.110614,0.060256,2.7542e-05,ok,0
DijkstraPrims,19,1321,542,715982,0.0450646,7.15725e+06,38.2773,38.2773,3464,0,0,0,0,1,0.036433,0.008629,2.606e-06,ok,0
BBMSCore,19,1321,542,715982,3.66588,7.15725e+06,38.2773,38.2773,4206,0,0,0,0,10,3.6552,0.010121,0.00056428,ok,1
BBMSInter,19,1321,542,715982,0.119543,7.15725e+06,38.2773,41.8789,9799,0,0,0,0,3,0.109361,0.009957,0.000224719,ok,1
BBMSDppInstant,19,1321,542,715982,0.143374,7.15725e+06,38.2773,154.395,38789,0,0,0,0,0,0.104957,0.038428,-1.0851e-05,ok,1
BBMSDppStepwise,19,1321,542,715982,0.17018,7.15725e+06,38.2773,148.68,37343,0,0,0,0,1,0.140161,0.030021,-2.414e-06,ok,1
DijkstraPrims,19,1321,542,715982,0.0453914,7.15725e+06,38.2773,38.2773,3464,0,0,0,0,0,0.0454,0,-8.647e-06,ok,1
BBMSCore,19,1321,542,715982,3.78152,7.15725e+06,38.2773,38.2773,4206,0,0,0,0,14,3.77128,0.010126,0.000116271,ok,2
BBMSInter,19,1321,542,715982,0.120574,7.15725e+06,38.2773,41.875,9799,0,0,0,0,0,0.110526,0.010059,-1.0608e-05,ok,2
BBMSDppInstant,19,1321,542,715982,0.144042,7.15725e+06,38.2773,154.27,38789,0,0,0,0,2,0.103069,0.040966,7.085e-06,ok,2
BBMSDppStepwise,19,1321,542,715982,0.17353,7.15725e+06,38.2773,148.742,37343,0,0,0,0,0,0.132822,0.040719,-1.1496e-05,ok,2
DijkstraPrims,19,1321,542,715982,0.0458148,7.15725e+06,38.2773,38.2773,3464,0,0,0,0,3,0.036401,0.009378,3.5843e-05,ok,2
BBMSCore,20,1321,215,284015,0.348541,1.34861e+06,38.2773,38.2773,1674,0,0,0,0,0,0.348554,0,-1.3063e-05,ok,0
BBMSInter,20,1321,215,284015,0.0545085,1.34861e+06,38.2773,38.2773,3893,0,0,0,0,0,0.043797,0.010721,-9.476e-06,ok,0
BBMSDppInstant,20,1321,215,284015,0.0704454,1.34861e+06,38.2773,64.8711,15953,0,0,0,0,1,0.050254,0.020193,-1.637e-06,ok,0
BBMSDppStepwise,20,1321,215,284015,0.0788923,1.34861e+06,38.2773,61.7266,14923,0,0,0,0,0,0.078905,0,-1.2729e-05,ok,0
DijkstraPrims,20,1321,215,284015,0.0028814,1.34861e+06,38.2773,38.2773,319,0,0,0,0,0,0.00289,0,-8.602e-06,ok,0
BBMSCore,20,1321,215,284015,0.349259,1.34861e+06,38.2773,38.2773,1674,0,0,0,0,3,0.339244,0.009988,2.7438e-05,ok,1
BBMSInter,20,1321,215,284015,0.054514,1.34861e+06,38.2773,38.2773,3893,0,0,0,0,0,0.054523,0,-9.038e-06,ok,1
BBMSDppInstant,20,1321,215,284015,0.0710677,1.34861e+06,38.2773,64.957,15953,0,0,0,0,2,0.040557,0.030472,3.867e-05,ok,1
BBMSDppStepwise,20,1321,215,284015,0.0770836,1.34861e+06,38.2773,61.7422,14923,0,0,0,0,2,0.066229,0.010843,1.1613e-05,ok,1
DijkstraPrims,20,1321,215,284015,0.00288468,1.34861e+06,38.2773,38.2773,319,0,0,0,0,0,0.002894,0,-9.32e-06,ok,1
BBMSCore,20,1321,215,284015,0.349224,1.34861e+06,38.2773,38.2773,1674,0,0,0,0,4,0.349189,0,3.5084e-05,ok,2
BBMSInter,20,1321,215,284015,0.0541536,1.34861e+06,38.2773,38.2773,3893,0,0,0,0,1,0.044793,0.009347,1.3605e-05,ok,2
BBMSDppInstant,20,1321,215,284015,0.0710634,1.34861e+06,38.2773,64.9609,15953,0,0,0,0,3,0.0507,0.020309,5.4372e-05,ok,2
BBMSDppStepwise,20,1321,215,284015,0.0766632,1.34861e+06,38.2773,61.7188,14923,0,0,0,0,1,0.066939,0.009713,1.1215e-05,ok,2
DijkstraPrims,20,1321,215,284015,0.0028598,1.34861e+06,38.2773,38.2773,319,0,0,0,0,0,0.002868,0,-8.205e-06,ok,2
BBMSCore,21,1321,1445,1908845,2.58791,1.32735e+07,38.2773,47.3672,11217,0,0,0,0,10,2.56785,0.019994,7.0531e-05,ok,0
BBMSInter,21,1321,1445,1908845,0.663121,1.32735e+07,38.2773,105.496,26130,0,0,0,0,5,0.613448,0.049623,5.0122e-05,ok,0
BBMSDppInstant,21,1321,1445,1908845,0.461984,1.32735e+07,38.2773,415.805,105959,0,0,0,0,0,0.320923,0.141076,-1.498e-05,ok,0
BBMSDppStepwise,21,1321,1445,1908845,0.603536,1.32735e+07,38.2773,395.832,100828,0,0,0,0,2,0.502687,0.100845,3.854e-06,ok,0
DijkstraPrims,21,1321,1445,1908845,0.174779,1.32735e+07,38.2773,44,13061,0,0,0,0,1,0.164952,0.009817,1.0247e-05,ok,0
BBMSCore,21,1321,1445,1908845,2.62879,1.32735e+07,38.2773,47.375,11217,0,0,0,0,9,2.6083,0.019999,0.000493842,ok,1
BBMSInter,21,1321,1445,1908845,0.664397,1.32735e+07,38.2773,105.602,26130,0,0,0,0,1,0.624627,0.039778,-8.291e-06,ok,1
BBMSDppInstant,21,1321,1445,1908845,0.459062,1.32735e+07,38.2773,415.809,105959,0,0,0,0,3,0.348869,0.110141,5.1825e-05,ok,1
BBMSDppStepwise,21,1321,1445,1908845,0.601867,1.32735e+07,38.2773,395.836,100828,0,0,0,0,5,0.48115,0.120667,4.9503e-05,ok,1
DijkstraPrims,21,1321,1445,1908845,0.181104,1.32735e+07,38.2773,44.0039,13061,0,0,0,0,0,0.181117,0,-1.3171e-05,ok,1
BBMSCore,21,1321,1445,1908845,2.75726,1.32735e+07,38.2773,47.3594,11217,0,0,0,0,9,2.74698,0.009999,0.000283521,ok,2
BBMSInter,21,1321,1445,1908845,0.658689,1.32735e+07,38.2773,105.617,26130,0,0,0,0,3,0.628654,0.030012,2.3291e-05,ok,2
BBMSDppInstant,21,1321,1445,1908845,0.456736,1.32735e+07,38.2773,415.805,105959,0,0,0,0,5,0.317153,0.139523,5.9864e-05,ok,2
BBMSDppStepwise,21,1321,1445,1908845,0.599578,1.32735e+07,38.2773,395.84,100828,0,0,0,0,2,0.468712,0.130829,3.6901e-05,ok,2
DijkstraPrims,21,1321,1445,1908845,0.178519,1.32735e+07,38.2773,44,13061,0,0,0,0,2,0.148298,0.030012,0.000209459,ok,2
BBMSCore,22,1321,1098,1450458,2.90891,1.30547e+07,38.2773,38.2773,8529,0,0,0,0,10,2.89843,0.010004,0.00047061,ok,0
BBMSInter,22,1321,1098,1450458,0.547518,1.30547e+07,38.2773,81.2461,19861,0,0,0,0,4,0.517459,0.030007,5.1945e-05,ok,0
BBMSDppInstant,22,1321,1098,1450458,0.331177,1.30547e+07,38.2773,314.262,80008,0,0,0,0,1,0.240194,0.09097,1.2757e-05,ok,0
BBMSDppStepwise,22,1321,1098,1450458,0.427307,1.30547e+07,38.2773,300.238,76326,0,0,0,0,6,0.317246,0.109964,9.7213e-05,ok,0
DijkstraPrims,22,1321,1098,1450458,0.0489762,1.30547e+07,38.2773,38.2773,3558,0,0,0,0,1,0.048966,0,1.0211e-05,ok,0
BBMSCore,22,1321,1098,1450458,2.9178,1.30547e+07,38.2773,38.2773,8529,0,0,0,0,12,2.90734,0.01,0.000463845,ok,1
BBMSInter,22,1321,1098,1450458,0.547321,1.30547e+07,38.2773,81.2344,19861,0,0,0,0,2,0.537292,0.009998,3.1048e-05,ok,1
BBMSDppInstant,22,1321,1098,1450458,0.332967,1.30547e+07,38.2773,314.285,80008,0,0,0,0,3,0.231837,0.101097,3.2529e-05,ok,1
BBMSDppStepwise,22,1321,1098,1450458,0.426979,1.30547e+07,38.2773,300.23,76326,0,0,0,0,1,0.367029,0.059938,1.1609e-05,ok,1
DijkstraPrims,22,1321,1098,1450458,0.048072,1.30547e+07,38.2773,38.2773,3558,0,0,0,0,1,0.04806,0,1.1994e-05,ok,1
BBMSCore,22,1321,1098,1450458,2.91349,1.30547e+07,38.2773,38.2773,8529,0,0,0,0,20,2.90304,0.010018,0.000435164,ok,2
BBMSInter,22,1321,1098,1450458,0.546683,1.30547e+07,38.2773,81.2266,19861,0,0,0,0,2,0.524291,0.022364,2.7628e-05,ok,2
BBMSDppInstant,22,1321,1098,1450458,0.334706,1.30547e+07,38.2773,314.289,80008,0,0,0,0,0,0.212176,0.122545,-1.524e-05,ok,2
BBMSDppStepwise,22,1321,1098,1450458,0.433258,1.30547e+07,38.2773,300.238,76326,0,0,0,0,2,0.352081,0.081021,0.00015599,ok,2
DijkstraPrims,22,1321,1098,1450458,0.0485108,1.30547e+07,38.2773,38.2773,3558,0,0,0,0,1,0.048501,0,9.76e-06,ok,2
BBMSCore,23,1321,402,531042,0.904148,3.21304e+06,38.2773,38.2773,3122,0,0,0,0,4,0.904113,0,3.4628e-05,ok,0
BBMSInter,23,1321,402,531042,0.0707444,3.21304e+06,38.2773,38.2773,7271,0,0,0,0,1,0.051905,0.018822,1.7421e-05,ok,0
BBMSDppInstant,23,1321,402,531042,0.11233,3.21304e+06,38.2773,117.641,29453,0,0,0,0,1,0.081014,0.031296,2.0066e-05,ok,0
BBMSDppStepwise,23,1321,402,531042,0.149785,3.21304e+06,38.2773,112.277,27900,0,0,0,0,1,0.119202,0.030566,1.7253e-05,ok,0
DijkstraPrims,23,1321,402,531042,0.0388235,3.21304e+06,38.2773,38.2773,3339,0,0,0,0,0,0.038834,0,-1.0457e-05,ok,0
BBMSCore,23,1321,402,531042,0.909058,3.21304e+06,38.2773,38.2773,3122,0,0,0,0,5,0.909012,0,4.5905e-05,ok,1
BBMSInter,23,1321,402,531042,0.0704754,3.21304e+06,38.2773,38.2773,7271,0,0,0,0,1,0.070463,0,1.2369e-05,ok,1
BBMSDppInstant,23,1321,402,531042,0.111169,3.21304e+06,38.2773,117.641,29453,0,0,0,0,2,0.069745,0.041394,2.9624e-05,ok,1
BBMSDppStepwise,23,1321,402,531042,0.147582,3.21304e+06,38.2773,112.27,27900,0,0,0,0,2,0.117382,0.03017,2.969e-05,ok,1
DijkstraPrims,23,1321,402,531042,0.0384281,3.21304e+06,38.2773,38.2773,3339,0,0,0,0,1,0.028082,0.010329,1.7104e-05,ok,1
BBMSCore,23,1321,402,531042,0.905962,3.21304e+06,38.2773,38.2773,3122,0,0,0,0,3,0.905922,0,4.0179e-05,ok,2
BBMSInter,23,1321,402,531042,0.0707293,3.21304e+06,38.2773,38.2773,7271,0,0,0,0,2,0.061291,0.009411,2.7292e-05,ok,2
BBMSDppInstant,23,1321,402,531042,0.112325,3.21304e+06,38.2773,117.633,29453,0,0,0,0,2,0.070564,0.04174,2.103e-05,ok,2
BBMSDppStepwise,23,1321,402,531042,0.148134,3.21304e+06,38.2773,112.27,27900,0,0,0,0,1,0.127935,0.020187,1.1852e-05,ok,2
DijkstraPrims,23,1321,402,531042,0.0381314,3.21304e+06,38.2773,38.2773,3339,0,0,0,0,1,0.038121,0,1.0365e-05,ok,2
BBMSCore,24,940,931,875140,0.57389,2.70699e+06,38.2773,38.2773,5138,0,0,0,0,3,0.563892,0.009963,3.5161e-05,ok,0
BBMSInter,24,940,931,875140,0.148469,2.70699e+06,38.2773,50.375,11975,0,0,0,0,1,0.138312,0.010147,9.835e-06,ok,0
BBMSDppInstant,24,940,931,875140,0.211427,2.70699e+06,38.2773,191.109,48686,0,0,0,0,4,0.132862,0.078502,6.2531e-05,ok,0
BBMSDppStepwise,24,940,931,875140,0.256252,2.70699e+06,38.2773,184.551,46497,0,0,0,0,2,0.196162,0.060064,2.5924e-05,ok,0
DijkstraPrims,24,940,931,875140,0.00510037,2.70699e+06,38.2773,38.2773,395,0,0,0,0,0,0.00511,0,-9.625e-06,ok,0
BBMSCore,24,940,931,875140,0.574887,2.70699e+06,38.2773,38.2773,5138,0,0,0,0,3,0.554842,0.019955,8.9871e-05,ok,1
BBMSInter,24,940,931,875140,0.149831,2.70699e+06,38.2773,50.3594,11975,0,0,0,0,1,0.129346,0.02047,1.5083e-05,ok,1
BBMSDppInstant,24,940,931,875140,0.21326,2.70699e+06,38.2773,191.082,48686,0,0,0,0,3,0.183564,0.029651,4.4787e-05,ok,1
BBMSDppStepwise,24,940,931,875140,0.255767,2.70699e+06,38.2773,184.539,46497,0,0,0,0,2,0.213821,0.041923,2.2994e-05,ok,1
DijkstraPrims,24,940,931,875140,0.00515546,2.70699e+06,38.2773,38.2773,395,0,0,0,0,0,0.005164,0,-8.539e-06,ok,1
BBMSCore,24,940,931,875140,0.575139,2.70699e+06,38.2773,38.2773,5138,0,0,0,0,5,0.55507,0.019962,0.000107047,ok,2
BBMSInter,24,940,931,875140,0.150076,2.70699e+06,38.2773,50.3398,11975,0,0,0,0,1,0.129568,0.020488,2.0499e-05,ok,2
BBMSDppInstant,24,940,931,875140,0.212481,2.70699e+06,38.2773,191.09,48686,0,0,0,0,1,0.173051,0.039423,6.602e-06,ok,2
BBMSDppStepwise,24,940,931,875140,0.256104,2.70699e+06,38.2773,184.539,46497,0,0,0,0,2,0.196013,0.060059,3.2341e-05,ok,2
DijkstraPrims,24,940,931,875140,0.00516737,2.70699e+06,38.2773,38.2773,395,0,0,0,0,0,0.005177,0,-9.631e-06,ok,2
BBMSCore,25,940,687,645780,1.09801,5.89295e+06,38.2773,38.2773,3794,0,0,0,0,6,1.08791,0.010021,7.8823e-05,ok,0
BBMSInter,25,940,687,645780,0.266589,5.89295e+06,38.2773,38.2773,8840,0,0,0,0,2,0.266567,0,2.207e-05,ok,0
BBMSDppInstant,25,940,687,645780,0.14647,5.89295e+06,38.2773,141.902,35610,0,0,0,0,3,0.085998,0.060436,3.6028e-05,ok,0
BBMSDppStepwise,25,940,687,645780,0.175685,5.89295e+06,38.2773,136.527,34213,0,0,0,0,3,0.095485,0.080155,4.4597e-05,ok,0
DijkstraPrims,25,940,687,645780,0.108002,5.89295e+06,38.2773,38.2773,7704,0,0,0,0,1,0.087807,0.020186,9.488e-06,ok,0
BBMSCore,25,940,687,645780,1.0976,5.89295e+06,38.2773,38.2773,3794,0,0,0,0,4,1.08753,0.01002,5.7189e-05,ok,1
BBMSInter,25,940,687,645780,0.266722,5.89295e+06,38.2773,38.2773,8840,0,0,0,0,1,0.24659,0.020102,3.0159e-05,ok,1
BBMSDppInstant,25,940,687,645780,0.14706,5.89295e+06,38.2773,141.918,35610,0,0,0,0,3,0.116559,0.030451,5.0185e-05,ok,1
BBMSDppStepwise,25,940,687,645780,0.177117,5.89295e+06,38.2773,136.52,34213,0,0,0,0,3,0.116564,0.060501,5.1964e-05,ok,1
DijkstraPrims,25,940,687,645780,0.107496,5.89295e+06,38.2773,38.2773,7704,0,0,0,0,1,0.098039,0.009446,1.1021e-05,ok,1
BBMSCore,25,940,687,645780,1.09946,5.89295e+06,38.2773,38.2773,3794,0,0,0,0,6,1.09767,0.001685,0.000108312,ok,2
BBMSInter,25,940,687,645780,0.267089,5.89295e+06,38.2773,38.2773,8840,0,0,0,0,1,0.246951,0.020126,1.2486e-05,ok,2
BBMSDppInstant,25,940,687,645780,0.147135,5.89295e+06,38.2773,141.922,35610,0,0,0,0,3,0.106678,0.04042,3.7172e-05,ok,2
BBMSDppStepwise,25,940,687,645780,0.17677,5.89295e+06,38.2773,136.512,34213,0,0,0,0,4,0.126211,0.050303,0.000256103,ok,2
DijkstraPrims,25,940,687,645780,0.107773,5.89295e+06,38.2773,38.2773,7704,0,0,0,0,1,0.098302,0.00946,1.1098e-05,ok,2
BBMSCore,26,940,1033,971020,1.40602,1.39188e+07,38.2773,38.2773,5700,0,0,0,0,4,1.40599,0,3.4171e-05,ok,0
BBMSInter,26,940,1033,971020,0.483897,1.39188e+07,38.2773,55.4883,13286,0,0,0,0,5,0.463871,0.019973,5.3004e-05,ok,0
BBMSDppInstant,26,940,1033,971020,0.234639,1.39188e+07,38.2773,212.094,53567,0,0,0,0,1,0.163094,0.071544,5.77e-07,ok,0
BBMSDppStepwise,26,940,1033,971020,0.274532,1.39188e+07,38.2773,203.887,51452,0,0,0,0,1,0.234527,0.039995,1.0192e-05,ok,0
DijkstraPrims,26,940,1033,971020,0.171748,1.39188e+07,38.2773,44.3477,13145,0,0,0,0,1,0.161876,0.009864,7.748e-06,ok,0
BBMSCore,26,940,1033,971020,1.40135,1.39188e+07,38.2773,38.2773,5700,0,0,0,0,9,1.40092,0,0.00043085,ok,1
BBMSInter,26,940,1033,971020,0.483036,1.39188e+07,38.2773,55.4922,13286,0,0,0,0,1,0.483025,0,1.0544e-05,ok,1
BBMSDppInstant,26,940,1033,971020,0.233599,1.39188e+07,38.2773,212.102,53567,0,0,0,0,2,0.153834,0.079732,3.298e-05,ok,1
BBMSDppStepwise,26,940,1033,971020,0.273054,1.39188e+07,38.2773,203.797,51452,0,0,0,0,2,0.21332,0.059705,2.8671e-05,ok,1
DijkstraPrims,26,940,1033,971020,0.171586,1.39188e+07,38.2773,44.3477,13145,0,0,0,0,1,0.161213,0.010374,-1.297e-06,ok,1
BBMSCore,26,940,1033,971020,1.39653,1.39188e+07,38.2773,38.2773,5700,0,0,0,0,7,1.37498,0.021296,0.000250424,ok,2
BBMSInter,26,940,1033,971020,0.485272,1.39188e+07,38.2773,55.4648,13286,0,0,0,0,3,0.465208,0.020026,3.8214e-05,ok,2
BBMSDppInstant,26,940,1033,971020,0.233346,1.39188e+07,38.2773,212.102,53567,0,0,0,0,1,0.143692,0.089641,1.3193e-05,ok,2
BBMSDppStepwise,26,940,1033,971020,0.27326,1.39188e+07,38.2773,203.859,51452,0,0,0,0,3,0.233386,0.039817,5.7099e-05,ok,2
DijkstraPrims,26,940,1033,971020,0.171242,1.39188e+07,38.2773,44.332,13145,0,0,0,0,1,0.150547,0.020696,-5.86e-07,ok,2
BBMSCore,27,940,714,671160,0.764127,1.98945e+07,38.2773,38.2773,3943,0,0,0,0,5,0.753922,0.010001,0.000203729,ok,0
BBMSInter,27,940,714,671160,0.0891415,1.98945e+07,38.2773,39.4844,9187,0,0,0,0,0,0.078665,0.010488,-1.1454e-05,ok,0
BBMSDppInstant,27,940,714,671160,0.151415,1.98945e+07,38.2773,148.898,37401,0,0,0,0,2,0.12068,0.030723,1.1532e-05,ok,0
BBMSDppStepwise,27,940,714,671160,0.182863,1.98945e+07,38.2773,142.008,35615,0,0,0,0,1,0.133017,0.049832,1.3806e-05,ok,0
DijkstraPrims,27,940,714,671160,0.110431,1.98945e+07,38.2773,38.2773,7961,0,0,0,0,1,0.089893,0.020533,5.433e-06,ok,0
BBMSCore,27,940,714,671160,0.764267,1.98945e+07,38.2773,38.2773,3943,0,0,0,0,4,0.764033,0,0.000233954,ok,1
BBMSInter,27,940,714,671160,0.0943148,1.98945e+07,38.2773,39.5,9187,0,0,0,0,1,0.074213,0.020102,-1.94e-07,ok,1
BBMSDppInstant,27,940,714,671160,0.151529,1.98945e+07,38.2773,148.961,37401,0,0,0,0,1,0.109702,0.04181,1.7378e-05,ok,1
BBMSDppStepwise,27,940,714,671160,0.184121,1.98945e+07,38.2773,141.996,35615,0,0,0,0,1,0.144054,0.04005,1.7426e-05,ok,1
DijkstraPrims,27,940,714,671160,0.113078,1.98945e+07,38.2773,38.2773,7961,0,0,0,0,2,0.093123,0.019892,6.3278e-05,ok,1
BBMSCore,27,940,714,671160,0.763913,1.98945e+07,38.2773,38.2773,3943,0,0,0,0,2,0.76389,0,2.2881e-05,ok,2
BBMSInter,27,940,714,671160,0.0887135,1.98945e+07,38.2773,39.4922,9187,0,0,0,0,1,0.069548,0.019146,1.9544e-05,ok,2
BBMSDppInstant,27,940,714,671160,0.151167,1.98945e+07,38.2773,148.961,37401,0,0,0,0,2,0.130256,0.020858,5.3126e-05,ok,2
BBMSDppStepwise,27,940,714,671160,0.183601,1.98945e+07,38.2773,141.969,35615,0,0,0,0,1,0.113658,0.06993,1.2906e-05,ok,2
DijkstraPrims,27,940,714,671160,0.110429,1.98945e+07,38.2773,38.2773,7961,0,0,0,0,2,0.110405,0,2.3731e-05,ok,2
BBMSCore,28,940,615,578100,0.812085,1.46371e+07,38.2773,38.2773,3398,0,0,0,0,5,0.811871,0,0.000213998,ok,0
BBMSInter,28,940,615,578100,0.102962,1.46371e+07,38.2773,38.2773,7914,0,0,0,0,2,0.092951,0.00999,2.1419e-05,ok,0
BBMSDppInstant,28,940,615,578100,0.121359,1.46371e+07,38.2773,125.875,31567,0,0,0,0,2,0.100647,0.020696,1.5566e-05,ok,0
BBMSDppStepwise,28,940,615,578100,0.145194,1.46371e+07,38.2773,121.5,30343,0,0,0,0,2,0.0946,0.050569,2.5124e-05,ok,0
DijkstraPrims,28,940,615,578100,0.0372894,1.46371e+07,38.2773,38.2773,3000,0,0,0,0,1,0.026593,0.010694,2.374e-06,ok,0
BBMSCore,28,940,615,578100,0.812151,1.46371e+07,38.2773,38.2773,3398,0,0,0,0,3,0.812069,0,8.2478e-05,ok,1
BBMSInter,28,940,615,578100,0.103303,1.46371e+07,38.2773,38.2773,7914,0,0,0,0,1,0.093284,0.010004,1.5174e-05,ok,1
BBMSDppInstant,28,940,615,578100,0.122413,1.46371e+07,38.2773,125.879,31567,0,0,0,0,1,0.101487,0.020915,1.0656e-05,ok,1
BBMSDppStepwise,28,940,615,578100,0.145639,1.46371e+07,38.2773,121.477,30343,0,0,0,0,3,0.125315,0.020287,3.7261e-05,ok,1
DijkstraPrims,28,940,615,578100,0.0371986,1.46371e+07,38.2773,38.2773,3000,0,0,0,0,1,0.007933,0.029254,1.1586e-05,ok,1
BBMSCore,28,940,615,578100,0.812336,1.46371e+07,38.2773,38.2773,3398,0,0,0,0,7,0.802115,0.010107,0.000113537,ok,2
BBMSInter,28,940,615,578100,0.102726,1.46371e+07,38.2773,38.2773,7914,0,0,0,0,1,0.082777,0.019931,1.8226e-05,ok,2
BBMSDppInstant,28,940,615,578100,0.122496,1.46371e+07,38.2773,125.863,31567,0,0,0,0,1,0.092628,0.029852,1.5548e-05,ok,2
BBMSDppStepwise,28,940,615,578100,0.145059,1.46371e+07,38.2773,121.5,30343,0,0,0,0,1,0.114727,0.03033,2.23e-06,ok,2
DijkstraPrims,28,940,615,578100,0.0374572,1.46371e+07,38.2773,38.2773,3000,0,0,0,0,1,0.037258,0,0.00019922,ok,2
BBMSCore,29,940,3701,3478940,5.50322,1.85647e+07,38.2773,83.3633,20431,0,0,0,0,16,5.4831,0.01997,0.000143211,ok,0
BBMSInter,29,940,3701,3478940,1.23924,1.85647e+07,38.2773,189.598,47610,0,0,0,0,5,1.17883,0.060374,3.5485e-05,ok,0
BBMSDppInstant,29,940,3701,3478940,0.873275,1.85647e+07,38.2773,759.293,194300,0,0,0,0,6,0.592612,0.280601,6.2262e-05,ok,0
BBMSDppStepwise,29,940,3701,3478940,1.07482,1.85647e+07,38.2773,719.125,184003,0,0,0,0,5,0.833986,0.240781,5.1284e-05,ok,0
DijkstraPrims,29,940,3701,3478940,0.855138,1.85647e+07,38.2773,161.301,50132,0,0,0,0,4,0.804873,0.050218,4.7004e-05,ok,0
BBMSCore,29,940,3701,3478940,5.53918,1.85647e+07,38.2773,83.3672,20431,0,0,0,0,22,5.51853,0.020025,0.000620267,ok,1
BBMSInter,29,940,3701,3478940,1.23382,1.85647e+07,38.2773,189.625,47610,0,0,0,0,8,1.17363,0.06012,6.6071e-05,ok,1
BBMSDppInstant,29,940,3701,3478940,0.872692,1.85647e+07,38.2773,759.305,194300,0,0,0,0,2,0.612268,0.260404,1.9614e-05,ok,1
BBMSDppStepwise,29,940,3701,3478940,1.06473,1.85647e+07,38.2773,719.109,184003,0,0,0,0,5,0.823922,0.24076,5.1998e-05,ok,1
DijkstraPrims,29,940,3701,3478940,0.850684,1.85647e+07,38.2773,161.297,50132,0,0,0,0,4,0.810681,0.039969,3.4357e-05,ok,1
BBMSCore,29,940,3701,3478940,5.45442,1.85647e+07,38.2773,83.3711,20431,0,0,0,0,23,5.41426,0.03995,0.000208811,ok,2
BBMSInter,29,940,3701,3478940,1.23401,1.85647e+07,38.2773,189.617,47610,0,0,0,0,6,1.16379,0.070157,5.3028e-05,ok,2
BBMSDppInstant,29,940,3701,3478940,0.867553,1.85647e+07,38.2773,759.281,194300,0,0,0,0,4,0.638472,0.229041,3.9906e-05,ok,2
BBMSDppStepwise,29,940,3701,3478940,1.06739,1.85647e+07,38.2773,719.113,184003,0,0,0,0,6,0.835551,0.231757,7.7124e-05,ok,2
DijkstraPrims,29,940,3701,3478940,0.856437,1.85647e+07,38.2773,161.309,50132,0,0,0,0,3,0.80649,0.049713,0.000234485,ok,2
BBMSCore,30,940,1170,1099800,1.11729,1.05003e+07,38.2773,38.2773,6465,0,0,0,0,6,1.11711,0,0.000181285,ok,0
BBMSInter,30,940,1170,1099800,0.20454,1.05003e+07,38.2773,62.3672,15057,0,0,0,0,2,0.194222,0.010175,0.000142945,ok,0
BBMSDppInstant,30,940,1170,1099800,0.256229,1.05003e+07,38.2773,241.043,61002,0,0,0,0,1,0.197106,0.059128,-5.124e-06,ok,0
BBMSDppStepwise,30,940,1170,1099800,0.32758,1.05003e+07,38.2773,229.824,58104,0,0,0,0,2,0.258117,0.069452,1.1119e-05,ok,0
DijkstraPrims,30,940,1170,1099800,0.194262,1.05003e+07,38.2773,47.8594,14027,0,0,0,0,0,0.194274,0,-1.2414e-05,ok,0
BBMSCore,30,940,1170,1099800,1.11584,1.05003e+07,38.2773,38.2773,6465,0,0,0,0,5,1.10566,0.009961,0.000214467,ok,1
BBMSInter,30,940,1170,1099800,0.205146,1.05003e+07,38.2773,62.3672,15057,0,0,0,0,1,0.185569,0.019568,9.462e-06,ok,1
BBMSDppInstant,30,940,1170,1099800,0.256492,1.05003e+07,38.2773,241.109,61002,0,0,0,0,1,0.195182,0.061304,5.878e-06,ok,1
BBMSDppStepwise,30,940,1170,1099800,0.327522,1.05003e+07,38.2773,229.855,58104,0,0,0,0,5,0.256019,0.071438,6.5194e-05,ok,1
DijkstraPrims,30,940,1170,1099800,0.194706,1.05003e+07,38.2773,47.875,14027,0,0,0,0,1,0.14374,0.050958,8.406e-06,ok,1
BBMSCore,30,940,1170,1099800,1.11728,1.05003e+07,38.2773,38.2773,6465,0,0,0,0,5,1.09708,0.019942,0.00026104,ok,2
BBMSInter,30,940,1170,1099800,0.204053,1.05003e+07,38.2773,62.375,15057,0,0,0,0,1,0.193871,0.010157,2.4763e-05,ok,2
BBMSDppInstant,30,940,1170,1099800,0.257449,1.05003e+07,38.2773,241.051,61002,0,0,0,0,3,0.158413,0.098998,3.8035e-05,ok,2
BBMSDppStepwise,30,940,1170,1099800,0.326227,1.05003e+07,38.2773,229.863,58104,0,0,0,0,2,0.256893,0.069168,0.000166465,ok,2
DijkstraPrims,30,940,1170,1099800,0.195783,1.05003e+07,38.2773,47.7695,14027,0,0,0,0,2,0.195765,0,1.7674e-05,ok,2
BBMSCore,31,940,1172,1101680,1.42106,1.07951e+07,38.2773,38.2773,6476,0,0,0,0,6,1.42081,0,0.000249124,ok,0
BBMSInter,31,940,1172,1101680,0.358307,1.07951e+07,38.2773,62.4922,15083,0,0,0,0,4,0.3483,0.009968,3.9398e-05,ok,0
BBMSDppInstant,31,940,1172,1101680,0.264395,1.07951e+07,38.2773,241.156,61056,0,0,0,0,1,0.156255,0.108133,6.809e-06,ok,0
BBMSDppStepwise,31,940,1172,1101680,0.328837,1.07951e+07,38.2773,230.312,58228,0,0,0,0,2,0.248811,0.07981,0.000216113,ok,0
DijkstraPrims,31,940,1172,1101680,0.191471,1.07951e+07,38.2773,46.9922,13814,0,0,0,0,0,0.17217,0.019315,-1.4329e-05,ok,0
BBMSCore,31,940,1172,1101680,1.42533,1.07951e+07,38.2773,38.2773,6476,0,0,0,0,7,1.40525,0.019941,0.000137065,ok,1
BBMSInter,31,940,1172,1101680,0.358249,1.07951e+07,38.2773,62.4961,15083,0,0,0,0,0,0.348294,0.00997,-1.4934e-05,ok,1
BBMSDppInstant,31,940,1172,1101680,0.262805,1.07951e+07,38.2773,241.156,61056,0,0,0,0,1,0.212213,0.050579,1.3076e-05,ok,1
BBMSDppStepwise,31,940,1172,1101680,0.327573,1.07951e+07,38.2773,230.305,58228,0,0,0,0,1,0.276406,0.051165,2.134e-06,ok,1
DijkstraPrims,31,940,1172,1101680,0.188928,1.07951e+07,38.2773,46.9883,13814,0,0,0,0,1,0.168976,0.019943,8.547e-06,ok,1
BBMSCore,31,940,1172,1101680,1.42099,1.07951e+07,38.2773,38.2773,6476,0,0,0,0,6,1.42093,0,5.3056e-05,ok,2
BBMSInter,31,940,1172,1101680,0.35834,1.07951e+07,38.2773,62.4922,15083,0,0,0,0,2,0.348096,0.01023,1.3509e-05,ok,2
BBMSDppInstant,31,940,1172,1101680,0.265497,1.07951e+07,38.2773,241.156,61056,0,0,0,0,1,0.214375,0.051112,1.0197e-05,ok,2
BBMSDppStepwise,31,940,1172,1101680,0.328096,1.07951e+07,38.2773,230.312,58228,0,0,0,0,1,0.238637,0.089441,1.81e-05,ok,2
DijkstraPrims,31,940,1172,1101680,0.189229,1.07951e+07,38.2773,46.9883,13814,0,0,0,0,2,0.169238,0.019968,2.269e-05,ok,2
BBMSCore,32,940,262,246280,0.0688381,2.01454e+06,38.2773,38.2773,1452,0,0,0,0,3,0.068815,0,2.3064e-05,ok,0
BBMSInter,32,940,262,246280,0.0235711,2.01454e+06,38.2773,38.2773,3376,0,0,0,0,1,0.014479,0.009071,2.1088e-05,ok,0
BBMSDppInstant,32,940,262,246280,0.0491547,2.01454e+06,38.2773,57,13701,0,0,0,0,1,0.029143,0.019997,1.4656e-05,ok,0
BBMSDppStepwise,32,940,262,246280,0.0539258,2.01454e+06,38.2773,55.7422,13381,0,0,0,0,1,0.025622,0.028291,1.2803e-05,ok,0
DijkstraPrims,32,940,262,246280,0.00174637,2.01454e+06,38.2773,38.2773,144,0,0,0,0,0,0.001171,0.000586,-1.063e-05,ok,0
BBMSCore,32,940,262,246280,0.0688387,2.01454e+06,38.2773,38.2773,1452,0,0,0,0,1,0.068831,0,7.697e-06,ok,1
BBMSInter,32,940,262,246280,0.0237482,2.01454e+06,38.2773,38.2773,3376,0,0,0,0,1,0.014625,0.009107,1.6194e-05,ok,1
BBMSDppInstant,32,940,262,246280,0.0491997,2.01454e+06,38.2773,56.9844,13701,0,0,0,0,1,0.029171,0.020014,1.4696e-05,ok,1
BBMSDppStepwise,32,940,262,246280,0.0563553,2.01454e+06,38.2773,55.6211,13381,0,0,0,0,0,0.036933,0.019433,-1.0726e-05,ok,1
DijkstraPrims,32,940,262,246280,0.00173591,2.01454e+06,38.2773,38.2773,144,0,0,0,0,0,0.001746,0,-1.0087e-05,ok,1
BBMSCore,32,940,262,246280,0.0689067,2.01454e+06,38.2773,38.2773,1452,0,0,0,0,2,0.058937,0.009963,6.711e-06,ok,2
BBMSInter,32,940,262,246280,0.0236749,2.01454e+06,38.2773,38.2773,3376,0,0,0,0,1,0.022329,0.001335,1.0908e-05,ok,2
BBMSDppInstant,32,940,262,246280,0.0492419,2.01454e+06,38.2773,57,13701,0,0,0,0,1,0.039221,0.010019,1.862e-06,ok,2
BBMSDppStepwise,32,940,262,246280,0.0544002,2.01454e+06,38.2773,55.7422,13381,0,0,0,0,1,0.044899,0.009496,5.171e-06,ok,2
DijkstraPrims,32,940,262,246280,0.00174875,2.01454e+06,38.2773,38.2773,144,0,0,0,0,0,0.00176,0,-1.1251e-05,ok,2
BBMSCore,33,940,24,22560,0.00107478,1.01395e+07,38.2773,38.2773,139,0,0,0,0,0,0.001085,0,-1.0222e-05,ok,0
BBMSInter,33,940,24,22560,0.00109831,1.01395e+07,38.2773,38.2773,315,0,0,0,0,0,0.001109,0,-1.0688e-05,ok,0
BBMSDppInstant,33,940,24,22560,0.00434367,1.01395e+07,38.2773,38.2773,1234,0,0,0,0,0,0.004354,0,-1.0329e-05,ok,0
BBMSDppStepwise,33,940,24,22560,0.00446675,1.01395e+07,38.2773,38.2773,1196,0,0,0,0,1,0.004455,0,1.1748e-05,ok,0
DijkstraPrims,33,940,24,22560,0.00315699,1.01395e+07,38.2773,38.2773,305,0,0,0,0,0,0.003167,0,-1.0006e-05,ok,0
BBMSCore,33,940,24,22560,0.00107815,1.01395e+07,38.2773,38.2773,139,0,0,0,0,0,0.001086,0,-7.853e-06,ok,1
BBMSInter,33,940,24,22560,0.00110668,1.01395e+07,38.2773,38.2773,315,0,0,0,0,0,0.001116,0,-9.325e-06,ok,1
BBMSDppInstant,33,940,24,22560,0.00437708,1.01395e+07,38.2773,38.2773,1234,0,0,0,0,1,0.004368,0,9.079e-06,ok,1
BBMSDppStepwise,33,940,24,22560,0.00454211,1.01395e+07,38.2773,38.2773,1196,0,0,0,0,0,0.004553,0,-1.0894e-05,ok,1
DijkstraPrims,33,940,24,22560,0.00319873,1.01395e+07,38.2773,38.2773,305,0,0,0,0,0,0.003209,0,-1.0268e-05,ok,1
BBMSCore,33,940,24,22560,0.00109164,1.01395e+07,38.2773,38.2773,139,0,0,0,0,0,0.001103,0,-1.1356e-05,ok,2
BBMSInter,33,940,24,22560,0.00110817,1.01395e+07,38.2773,38.2773,315,0,0,0,0,0,0.001118,0,-9.834e-06,ok,2
BBMSDppInstant,33,940,24,22560,0.00438912,1.01395e+07,38.2773,38.2773,1234,0,0,0,0,0,0.004402,0,-1.2881e-05,ok,2
BBMSDppStepwise,33,940,24,22560,0.00456714,1.01395e+07,38.2773,38.2773,1196,0,0,0,0,0,0.004577,0,-9.858e-06,ok,2
DijkstraPrims,33,940,24,22560,0.00318675,1.01395e+07,38.2773,38.2773,305,0,0,0,0,0,0.003197,0,-1.0247e-05,ok,2
BBMSCore,34,940,432,406080,1.36481,7.22872e+06,38.2773,38.2773,2389,0,0,0,0,4,1.36458,0,0.000231282,ok,0
BBMSInter,34,940,432,406080,0.0710324,7.22872e+06,38.2773,38.2773,5561,0,0,0,0,0,0.068304,0.00274,-1.1578e-05,ok,0
BBMSDppInstant,34,940,432,406080,0.07974,7.22872e+06,38.2773,87.4922,21567,0,0,0,0,1,0.059429,0.020306,5.038e-06,ok,0
BBMSDppStepwise,34,940,432,406080,0.0917137,7.22872e+06,38.2773,85.1445,20944,0,0,0,0,1,0.044135,0.047563,1.568e-05,ok,0
DijkstraPrims,34,940,432,406080,0.0522746,7.22872e+06,38.2773,38.2773,3958,0,0,0,0,1,0.041743,0.01052,1.1648e-05,ok,0
BBMSCore,34,940,432,406080,1.36833,7.22872e+06,38.2773,38.2773,2389,0,0,0,0,8,1.36777,0,0.000554523,ok,1
BBMSInter,34,940,432,406080,0.0707248,7.22872e+06,38.2773,38.2773,5561,0,0,0,0,1,0.060854,0.009858,1.2793e-05,ok,1
BBMSDppInstant,34,940,432,406080,0.0791441,7.22872e+06,38.2773,87.4922,21567,0,0,0,0,1,0.048855,0.030281,8.068e-06,ok,1
BBMSDppStepwise,34,940,432,406080,0.0905575,7.22872e+06,38.2773,85.1523,20944,0,0,0,0,1,0.070159,0.020388,1.0521e-05,ok,1
DijkstraPrims,34,940,432,406080,0.0503613,7.22872e+06,38.2773,38.2773,3958,0,0,0,0,1,0.050349,0,1.2271e-05,ok,1
BBMSCore,34,940,432,406080,1.36661,7.22872e+06,38.2773,38.2773,2389,0,0,0,0,7,1.3562,0.009985,0.000428932,ok,2
BBMSInter,34,940,432,406080,0.0711251,7.22872e+06,38.2773,38.2773,5561,0,0,0,0,1,0.060792,0.010316,1.7068e-05,ok,2
BBMSDppInstant,34,940,432,406080,0.0824211,7.22872e+06,38.2773,87.4609,21567,0,0,0,0,0,0.051127,0.031307,-1.2887e-05,ok,2
BBMSDppStepwise,34,940,432,406080,0.0921099,7.22872e+06,38.2773,85.1172,20944,0,0,0,0,1,0.07303,0.019075,4.885e-06,ok,2
DijkstraPrims,34,940,432,406080,0.0502208,7.22872e+06,38.2773,38.2773,3958,0,0,0,0,1,0.050213,0,7.774e-06,ok,2
BBMSCore,35,940,1045,982300,0.832517,1.7443e+07,38.2773,38.2773,5766,0,0,0,0,3,0.822409,0.01006,4.8395e-05,ok,0
BBMSInter,35,940,1045,982300,0.108043,1.7443e+07,38.2773,56.125,13440,0,0,0,0,0,0.078694,0.02936,-1.0888e-05,ok,0
BBMSDppInstant,35,940,1045,982300,0.219951,1.7443e+07,38.2773,213.477,54195,0,0,0,0,3,0.159254,0.06065,4.6824e-05,ok,0
BBMSDppStepwise,35,940,1045,982300,0.305318,1.7443e+07,38.2773,203.645,51406,0,0,0,0,1,0.215832,0.089473,1.3423e-05,ok,0
DijkstraPrims,35,940,1045,982300,0.192515,1.7443e+07,38.2773,43.7266,12968,0,0,0,0,1,0.17114,0.021162,0.000212724,ok,0
BBMSCore,35,940,1045,982300,0.832084,1.7443e+07,38.2773,38.2773,5766,0,0,0,0,6,0.821976,0.010054,5.3674e-05,ok,1
BBMSInter,35,940,1045,982300,0.107426,1.7443e+07,38.2773,56.1172,13440,0,0,0,0,0,0.085585,0.021852,-1.1177e-05,ok,1
BBMSDppInstant,35,940,1045,982300,0.217587,1.7443e+07,38.2773,213.484,54195,0,0,0,0,2,0.147436,0.070126,2.4969e-05,ok,1
BBMSDppStepwise,35,940,1045,982300,0.305633,1.7443e+07,38.2773,203.566,51406,0,0,0,0,4,0.20607,0.099515,4.8051e-05,ok,1
DijkstraPrims,35,940,1045,982300,0.192032,1.7443e+07,38.2773,43.7344,12968,0,0,0,0,5,0.182201,0.009771,6.0326e-05,ok,1
BBMSCore,35,940,1045,982300,0.832397,1.7443e+07,38.2773,38.2773,5766,0,0,0,0,3,0.822323,0.010062,1.202e-05,ok,2
BBMSInter,35,940,1045,982300,0.109279,1.7443e+07,38.2773,56.1211,13440,0,0,0,0,0,0.098563,0.010728,-1.2144e-05,ok,2
BBMSDppInstant,35,940,1045,982300,0.217343,1.7443e+07,38.2773,213.477,54195,0,0,0,0,1,0.157324,0.060005,1.3768e-05,ok,2
BBMSDppStepwise,35,940,1045,982300,0.298658,1.7443e+07,38.2773,203.641,51406,0,0,0,0,3,0.228337,0.070282,3.9056e-05,ok,2
DijkstraPrims,35,940,1045,982300,0.18532,1.7443e+07,38.2773,43.5234,12968,0,0,0,0,0,0.164556,0.020776,-1.2165e-05,ok,2
BBMSCore,36,940,377,354380,0.911016,9.13716e+06,38.2773,38.2773,2086,0,0,0,0,2,0.910853,0,0.000163252,ok,0
BBMSInter,36,940,377,354380,0.0268848,9.13716e+06,38.2773,38.2773,4855,0,0,0,0,1,0.016844,0.010026,1.4834e-05,ok,0
BBMSDppInstant,36,940,377,354380,0.0702434,9.13716e+06,38.2773,78.1797,19170,0,0,0,0,1,0.018537,0.051688,1.8417e-05,ok,0
BBMSDppStepwise,36,940,377,354380,0.08225,9.13716e+06,38.2773,75.375,18448,0,0,0,0,1,0.071716,0.010494,3.9952e-05,ok,0
DijkstraPrims,36,940,377,354380,0.0536986,9.13716e+06,38.2773,38.2773,4033,0,0,0,0,2,0.052315,0.001352,3.1635e-05,ok,0
BBMSCore,36,940,377,354380,0.91642,9.13716e+06,38.2773,38.2773,2086,0,0,0,0,3,0.916391,0,2.8527e-05,ok,1
BBMSInter,36,940,377,354380,0.0269594,9.13716e+06,38.2773,38.2773,4855,0,0,0,0,0,0.016925,0.010044,-9.557e-06,ok,1
BBMSDppInstant,36,940,377,354380,0.0695748,9.13716e+06,38.2773,78.1875,19170,0,0,0,0,1,0.049005,0.020557,1.2831e-05,ok,1
BBMSDppStepwise,36,940,377,354380,0.0820775,9.13716e+06,38.2773,75.3672,18448,0,0,0,0,1,0.07116,0.010906,1.1547e-05,ok,1
DijkstraPrims,36,940,377,354380,0.053459,9.13716e+06,38.2773,38.2773,4033,0,0,0,0,1,0.053446,0,1.2955e-05,ok,1
BBMSCore,36,940,377,354380,0.913197,9.13716e+06,38.2773,38.2773,2086,0,0,0,0,4,0.913149,0,4.8083e-05,ok,2
BBMSInter,36,940,377,354380,0.0270502,9.13716e+06,38.2773,38.2773,4855,0,0,0,0,0,0.016992,0.010069,-1.0848e-05,ok,2
BBMSDppInstant,36,940,377,354380,0.0705618,9.13716e+06,38.2773,78.1875,19170,0,0,0,0,0,0.061133,0.00944,-1.1205e-05,ok,2
BBMSDppStepwise,36,940,377,354380,0.0826152,9.13716e+06,38.2773,75.3789,18448,0,0,0,0,2,0.061537,0.021053,2.5248e-05,ok,2
DijkstraPrims,36,940,377,354380,0.0543315,9.13716e+06,38.2773,38.2773,4033,0,0,0,0,1,0.054312,0,1.9474e-05,ok,2
BBMSCore,37,940,2423,2277620,3.6044,1.97804e+07,38.2773,55.8672,13384,0,0,0,0,15,3.58427,0.019994,0.00013319,ok,0
BBMSInter,37,940,2423,2277620,0.628958,1.97804e+07,38.2773,125.34,31178,0,0,0,0,2,0.588682,0.040215,6.0657e-05,ok,0
BBMSDppInstant,37,940,2423,2277620,0.558994,1.97804e+07,38.2773,485.566,124186,0,0,0,0,4,0.440213,0.118738,4.323e-05,ok,0
BBMSDppStepwise,37,940,2423,2277620,0.689668,1.97804e+07,38.2773,468.031,119283,0,0,0,0,2,0.520993,0.168667,7.967e-06,ok,0
DijkstraPrims,37,940,2423,2277620,0.260342,1.97804e+07,38.2773,53.0938,15366,0,0,0,0,3,0.260159,0,0.000182529,ok,0
BBMSCore,37,940,2423,2277620,3.59991,1.97804e+07,38.2773,55.7266,13384,0,0,0,0,10,3.57832,0.021218,0.000371401,ok,1
BBMSInter,37,940,2423,2277620,0.618888,1.97804e+07,38.2773,125.359,31178,0,0,0,0,3,0.578667,0.040207,1.4317e-05,ok,1
BBMSDppInstant,37,940,2423,2277620,0.551676,1.97804e+07,38.2773,485.566,124186,0,0,0,0,1,0.392694,0.158984,-2.132e-06,ok,1
BBMSDppStepwise,37,940,2423,2277620,0.687929,1.97804e+07,38.2773,468.023,119283,0,0,0,0,4,0.537325,0.150546,5.8232e-05,ok,1
DijkstraPrims,37,940,2423,2277620,0.269524,1.97804e+07,38.2773,52.9805,15366,0,0,0,0,1,0.2391,0.030416,7.971e-06,ok,1
BBMSCore,37,940,2423,2277620,3.60224,1.97804e+07,38.2773,55.8672,13384,0,0,0,0,16,3.57155,0.029968,0.000716898,ok,2
BBMSInter,37,940,2423,2277620,0.619159,1.97804e+07,38.2773,125.367,31178,0,0,0,0,4,0.578854,0.040233,7.1673e-05,ok,2
BBMSDppInstant,37,940,2423,2277620,0.551436,1.97804e+07,38.2773,485.562,124186,0,0,0,0,3,0.371329,0.180067,3.9511e-05,ok,2
BBMSDppStepwise,37,940,2423,2277620,0.689029,1.97804e+07,38.2773,468.043,119283,0,0,0,0,2,0.537876,0.151137,1.5823e-05,ok,2
DijkstraPrims,37,940,2423,2277620,0.270413,1.97804e+07,38.2773,53.1016,15366,0,0,0,0,2,0.270398,0,1.5182e-05,ok,2
BBMSCore,38,940,40,37600,0.0169957,1.29891e+07,38.2773,38.2773,227,0,0,0,0,0,0.017006,0,-1.0273e-05,ok,0
BBMSInter,38,940,40,37600,0.00629682,1.29891e+07,38.2773,38.2773,521,0,0,0,0,0,0.006306,0,-9.184e-06,ok,0
BBMSDppInstant,38,940,40,37600,0.00696994,1.29891e+07,38.2773,38.2773,2050,0,0,0,0,1,0.006965,0,4.939e-06,ok,0
BBMSDppStepwise,38,940,40,37600,0.00781851,1.29891e+07,38.2773,38.2773,1980,0,0,0,0,0,0,0.007827,-8.487e-06,ok,0
DijkstraPrims,38,940,40,37600,0.00504767,1.29891e+07,38.2773,38.2773,423,0,0,0,0,0,0.005057,0,-9.329e-06,ok,0
BBMSCore,38,940,40,37600,0.0170264,1.29891e+07,38.2773,38.2773,227,0,0,0,0,1,0.017013,0,1.3356e-05,ok,1
BBMSInter,38,940,40,37600,0.00629227,1.29891e+07,38.2773,38.2773,521,0,0,0,0,0,0.006302,0,-9.728e-06,ok,1
BBMSDppInstant,38,940,40,37600,0.00694378,1.29891e+07,38.2773,38.2773,2050,0,0,0,0,0,0,0.006951,-7.22e-06,ok,1
BBMSDppStepwise,38,940,40,37600,0.00725376,1.29891e+07,38.2773,38.2773,1980,0,0,0,0,0,0.007262,0,-8.235e-06,ok,1
DijkstraPrims,38,940,40,37600,0.00501636,1.29891e+07,38.2773,38.2773,423,0,0,0,0,0,0.005025,0,-8.638e-06,ok,1
BBMSCore,38,940,40,37600,0.0170145,1.29891e+07,38.2773,38.2773,227,0,0,0,0,1,0.017011,0,3.55e-06,ok,2
BBMSInter,38,940,40,37600,0.00623638,1.29891e+07,38.2773,38.2773,521,0,0,0,0,0,0.006244,0,-7.619e-06,ok,2
BBMSDppInstant,38,940,40,37600,0.00680048,1.29891e+07,38.2773,38.2773,2050,0,0,0,0,0,0.006809,0,-8.52e-06,ok,2
BBMSDppStepwise,38,940,40,37600,0.00724481,1.29891e+07,38.2773,38.2773,1980,0,0,0,0,0,0.007254,0,-9.191e-06,ok,2
DijkstraPrims,38,940,40,37600,0.00505884,1.29891e+07,38.2773,38.2773,423,0,0,0,0,1,0.00505,0,8.842e-06,ok,2
BBMSCore,39,940,149,140060,0.396719,5.03472e+06,38.2773,38.2773,829,0,0,0,0,3,0.386657,0.01004,2.1523e-05,ok,0
BBMSInter,39,940,149,140060,0.0143268,5.03472e+06,38.2773,38.2773,1923,0,0,0,0,0,0.014337,0,-1.0177e-05,ok,0
BBMSDppInstant,39,940,149,140060,0.0238356,5.03472e+06,38.2773,38.2773,7467,0,0,0,0,1,0.023821,0,1.4579e-05,ok,0
BBMSDppStepwise,39,940,149,140060,0.0265431,5.03472e+06,38.2773,38.2773,7192,0,0,0,0,1,0.017679,0.00885,1.4119e-05,ok,0
DijkstraPrims,39,940,149,140060,0.0159184,5.03472e+06,38.2773,38.2773,1512,0,0,0,0,1,0.015907,0,1.1402e-05,ok,0
BBMSCore,39,940,149,140060,0.396954,5.03472e+06,38.2773,38.2773,829,0,0,0,0,2,0.396937,0,1.6825e-05,ok,1
BBMSInter,39,940,149,140060,0.0143681,5.03472e+06,38.2773,38.2773,1923,0,0,0,0,0,0.014377,0,-8.947e-06,ok,1
BBMSDppInstant,39,940,149,140060,0.0237298,5.03472e+06,38.2773,38.2773,7467,0,0,0,0,0,0.012899,0.01084,-9.186e-06,ok,1
BBMSDppStepwise,39,940,149,140060,0.027503,5.03472e+06,38.2773,38.2773,7192,0,0,0,0,0,0.018384,0.009129,-1.005e-05,ok,1
DijkstraPrims,39,940,149,140060,0.0160196,5.03472e+06,38.2773,38.2773,1512,0,0,0,0,0,0.01603,0,-1.044e-05,ok,1
BBMSCore,39,940,149,140060,0.397207,5.03472e+06,38.2773,38.2773,829,0,0,0,0,0,0.397219,0,-1.1626e-05,ok,2
BBMSInter,39,940,149,140060,0.0145381,5.03472e+06,38.2773,38.2773,1923,0,0,0,0,1,0.014537,0,1.085e-06,ok,2
BBMSDppInstant,39,940,149,140060,0.0244238,5.03472e+06,38.2773,38.2773,7467,0,0,0,0,0,0.024434,0,-1.0215e-05,ok,2
BBMSDppStepwise,39,940,149,140060,0.0263516,5.03472e+06,38.2773,38.2773,7192,0,0,0,0,0,0.026362,0,-1.0373e-05,ok,2
DijkstraPrims,39,940,149,140060,0.0160308,5.03472e+06,38.2773,38.2773,1512,0,0,0,0,1,0.016023,0,7.821e-06,ok,2
BBMSCore,40,940,1009,948460,0.959832,9.2725e+06,38.2773,38.2773,5568,0,0,0,0,5,0.949825,0.009958,4.8802e-05,ok,0
BBMSInter,40,940,1009,948460,0.243841,9.2725e+06,38.2773,54.3555,12978,0,0,0,0,0,0.233851,0.010004,-1.3587e-05,ok,0
BBMSDppInstant,40,940,1009,948460,0.22358,9.2725e+06,38.2773,210.121,53047,0,0,0,0,2,0.163612,0.059944,2.3741e-05,ok,0
BBMSDppStepwise,40,940,1009,948460,0.264108,9.2725e+06,38.2773,199.379,50316,0,0,0,0,1,0.214054,0.050044,1.0212e-05,ok,0
DijkstraPrims,40,940,1009,948460,0.178671,9.2725e+06,38.2773,43.7188,12970,0,0,0,0,1,0.168438,0.010232,7.8e-07,ok,0
BBMSCore,40,940,1009,948460,0.959529,9.2725e+06,38.2773,38.2773,5568,0,0,0,0,6,0.94843,0.01085,0.00024915,ok,1
BBMSInter,40,940,1009,948460,0.242283,9.2725e+06,38.2773,54.2422,12978,0,0,0,0,2,0.242262,0,2.0936e-05,ok,1
BBMSDppInstant,40,940,1009,948460,0.220471,9.2725e+06,38.2773,210.129,53047,0,0,0,0,1,0.141496,0.078975,2.9e-07,ok,1
BBMSDppStepwise,40,940,1009,948460,0.259206,9.2725e+06,38.2773,199.355,50316,0,0,0,0,2,0.219774,0.03941,2.2338e-05,ok,1
DijkstraPrims,40,940,1009,948460,0.176535,9.2725e+06,38.2773,43.6953,12970,0,0,0,0,1,0.125864,0.050657,1.4435e-05,ok,1
BBMSCore,40,940,1009,948460,0.958656,9.2725e+06,38.2773,38.2773,5568,0,0,0,0,5,0.948403,0.010047,0.000205982,ok,2
BBMSInter,40,940,1009,948460,0.241885,9.2725e+06,38.2773,54.2539,12978,0,0,0,0,2,0.222006,0.019869,9.994e-06,ok,2
BBMSDppInstant,40,940,1009,948460,0.222614,9.2725e+06,38.2773,210.125,53047,0,0,0,0,2,0.172761,0.04982,3.3173e-05,ok,2
BBMSDppStepwise,40,940,1009,948460,0.259582,9.2725e+06,38.2773,199.379,50316,0,0,0,0,2,0.239167,0.020394,2.1014e-05,ok,2
DijkstraPrims,40,940,1009,948460,0.17825,9.2725e+06,38.2773,43.7227,12970,0,0,0,0,1,0.157821,0.020416,1.2569e-05,ok,2
BBMSCore,41,940,631,593140,0.317592,1.4945e+07,38.2773,38.2773,3486,0,0,0,0,3,0.316836,0.000609,0.000146531,ok,0
BBMSInter,41,940,631,593140,0.0525348,1.4945e+07,38.2773,38.2773,8120,0,0,0,0,1,0.032656,0.019865,1.382e-05,ok,0
BBMSDppInstant,41,940,631,593140,0.123807,1.4945e+07,38.2773,132.867,33509,0,0,0,0,3,0.093631,0.030125,5.1298e-05,ok,0
BBMSDppStepwise,41,940,631,593140,0.166779,1.4945e+07,38.2773,124.945,31246,0,0,0,0,1,0.108621,0.058143,1.485e-05,ok,0
DijkstraPrims,41,940,631,593140,0.101322,1.4945e+07,38.2773,38.2773,7015,0,0,0,0,1,0.091449,0.009864,9.421e-06,ok,0
BBMSCore,41,940,631,593140,0.317619,1.4945e+07,38.2773,38.2773,3486,0,0,0,0,4,0.307327,0.01012,0.000172084,ok,1
BBMSInter,41,940,631,593140,0.0525014,1.4945e+07,38.2773,38.2773,8120,0,0,0,0,0,0.052513,0,-1.1562e-05,ok,1
BBMSDppInstant,41,940,631,593140,0.124978,1.4945e+07,38.2773,132.902,33509,0,0,0,0,0,0.094663,0.030326,-1.0819e-05,ok,1
BBMSDppStepwise,41,940,631,593140,0.167009,1.4945e+07,38.2773,124.953,31246,0,0,0,0,1,0.115996,0.050986,2.69e-05,ok,1
DijkstraPrims,41,940,631,593140,0.102078,1.4945e+07,38.2773,38.2773,7015,0,0,0,0,1,0.101353,0.000714,1.0646e-05,ok,1
BBMSCore,41,940,631,593140,0.318125,1.4945e+07,38.2773,38.2773,3486,0,0,0,0,5,0.317948,0,0.000177435,ok,2
BBMSInter,41,940,631,593140,0.052509,1.4945e+07,38.2773,38.2773,8120,0,0,0,0,1,0.032626,0.019857,2.5985e-05,ok,2
BBMSDppInstant,41,940,631,593140,0.123281,1.4945e+07,38.2773,132.902,33509,0,0,0,0,0,0.073243,0.05005,-1.1708e-05,ok,2
BBMSDppStepwise,41,940,631,593140,0.165323,1.4945e+07,38.2773,124.969,31246,0,0,0,0,0,0.12491,0.040424,-1.1229e-05,ok,2
DijkstraPrims,41,940,631,593140,0.100741,1.4945e+07,38.2773,38.2773,7015,0,0,0,0,2,0.100726,0,1.4517e-05,ok,2
BBMSCore,42,940,542,509480,1.80527,7.12255e+06,38.2773,38.2773,2995,0,0,0,0,10,1.80495,0,0.000317615,ok,0
BBMSInter,42,940,542,509480,0.0624481,7.12255e+06,38.2773,38.2773,6975,0,0,0,0,1,0.052442,0.010003,3.061e-06,ok,0
BBMSDppInstant,42,940,542,509480,0.0981938,7.12255e+06,38.2773,109.848,27265,0,0,0,0,1,0.046068,0.05212,5.787e-06,ok,0
BBMSDppStepwise,42,940,542,509480,0.114842,7.12255e+06,38.2773,106.164,26323,0,0,0,0,2,0.084373,0.030444,2.5047e-05,ok,0
DijkstraPrims,42,940,542,509480,0.0561395,7.12255e+06,38.2773,38.2773,4015,0,0,0,0,1,0.056137,0,2.501e-06,ok,0
BBMSCore,42,940,542,509480,1.74567,7.12255e+06,38.2773,38.2773,2995,0,0,0,0,7,1.74562,0,5.245e-05,ok,1
BBMSInter,42,940,542,509480,0.0626328,7.12255e+06,38.2773,38.2773,6975,0,0,0,0,0,0.042588,0.020055,-1.021e-05,ok,1
BBMSDppInstant,42,940,542,509480,0.102179,7.12255e+06,38.2773,109.836,27265,0,0,0,0,1,0.062246,0.039934,-7.76e-07,ok,1
BBMSDppStepwise,42,940,542,509480,0.116226,7.12255e+06,38.2773,106.16,26323,0,0,0,0,1,0.085503,0.030723,1.05e-07,ok,1
DijkstraPrims,42,940,542,509480,0.0560338,7.12255e+06,38.2773,38.2773,4015,0,0,0,0,1,0.056034,0,-1.84e-07,ok,1
BBMSCore,42,940,542,509480,1.80979,7.12255e+06,38.2773,38.2773,2995,0,0,0,0,9,1.80971,0,8.2352e-05,ok,2
BBMSInter,42,940,542,509480,0.062506,7.12255e+06,38.2773,38.2773,6975,0,0,0,0,2,0.051866,0.010616,2.399e-05,ok,2
BBMSDppInstant,42,940,542,509480,0.101329,7.12255e+06,38.2773,109.844,27265,0,0,0,0,2,0.069296,0.032008,2.4875e-05,ok,2
BBMSDppStepwise,42,940,542,509480,0.114183,7.12255e+06,38.2773,106.164,26323,0,0,0,0,2,0.083857,0.030302,2.3766e-05,ok,2
DijkstraPrims,42,940,542,509480,0.0559529,7.12255e+06,38.2773,38.2773,4015,0,0,0,0,1,0.055956,0,-3.12e-06,ok,2
BBMSCore,43,940,215,202100,0.219693,1.51519e+06,38.2773,38.2773,1193,0,0,0,0,1,0.209388,0.010304,1.471e-06,ok,0
BBMSInter,43,940,215,202100,0.0242956,1.51519e+06,38.2773,38.2773,2772,0,0,0,0,0,0.013932,0.010374,-1.0434e-05,ok,0
BBMSDppInstant,43,940,215,202100,0.0408427,1.51519e+06,38.2773,46.7617,11176,0,0,0,0,0,0.021185,0.019666,-8.348e-06,ok,0
BBMSDppStepwise,43,940,215,202100,0.0521428,1.51519e+06,38.2773,44.8867,10613,0,0,0,0,1,0.042137,0.010009,-3.198e-06,ok,0
DijkstraPrims,43,940,215,202100,0.0105132,1.51519e+06,38.2773,38.2773,908,0,0,0,0,0,0.010524,0,-1.0794e-05,ok,0
BBMSCore,43,940,215,202100,0.219773,1.51519e+06,38.2773,38.2773,1193,0,0,0,0,1,0.219762,0,1.0715e-05,ok,1
BBMSInter,43,940,215,202100,0.0243684,1.51519e+06,38.2773,38.2773,2772,0,0,0,0,0,0.024379,0,-1.0592e-05,ok,1
BBMSDppInstant,43,940,215,202100,0.0414723,1.51519e+06,38.2773,46.7539,11176,0,0,0,0,2,0.031087,0.010363,2.233e-05,ok,1
BBMSDppStepwise,43,940,215,202100,0.0527385,1.51519e+06,38.2773,44.9922,10613,0,0,0,0,1,0.052721,0,1.7487e-05,ok,1
DijkstraPrims,43,940,215,202100,0.0105043,1.51519e+06,38.2773,38.2773,908,0,0,0,0,1,0.010494,0,1.032e-05,ok,1
BBMSCore,43,940,215,202100,0.219715,1.51519e+06,38.2773,38.2773,1193,0,0,0,0,0,0.219728,0,-1.2679e-05,ok,2
BBMSInter,43,940,215,202100,0.0245836,1.51519e+06,38.2773,38.2773,2772,0,0,0,0,0,0.024596,0,-1.2429e-05,ok,2
BBMSDppInstant,43,940,215,202100,0.0429409,1.51519e+06,38.2773,46.7617,11176,0,0,0,0,0,0.032836,0.01012,-1.508e-05,ok,2
BBMSDppStepwise,43,940,215,202100,0.0539751,1.51519e+06,38.2773,44.9922,10613,0,0,0,0,0,0.043773,0.010215,-1.2909e-05,ok,2
DijkstraPrims,43,940,215,202100,0.010548,1.51519e+06,38.2773,38.2773,908,0,0,0,0,0,0.010561,0,-1.3044e-05,ok,2
BBMSCore,44,940,1445,1358300,1.47411,1.31327e+07,38.2773,38.2773,7989,0,0,0,0,7,1.46401,0.010019,8.1648e-05,ok,0
BBMSInter,44,940,1445,1358300,0.35146,1.31327e+07,38.2773,76.1211,18601,0,0,0,0,3,0.331236,0.02001,0.000213509,ok,0
BBMSDppInstant,44,940,1445,1358300,0.326411,1.31327e+07,38.2773,297.148,75692,0,0,0,0,0,0.198071,0.128353,-1.3286e-05,ok,0
BBMSDppStepwise,44,940,1445,1358300,0.396869,1.31327e+07,38.2773,284.039,72205,0,0,0,0,1,0.317656,0.079212,1.177e-06,ok,0
DijkstraPrims,44,940,1445,1358300,0.24353,1.31327e+07,38.2773,54.0078,15610,0,0,0,0,3,0.223305,0.020186,3.8852e-05,ok,0
BBMSCore,44,940,1445,1358300,1.41477,1.31327e+07,38.2773,38.2773,7989,0,0,0,0,7,1.39466,0.020048,6.4871e-05,ok,1
BBMSInter,44,940,1445,1358300,0.351322,1.31327e+07,38.2773,76.2344,18601,0,0,0,0,2,0.331292,0.020023,7.469e-06,ok,1
BBMSDppInstant,44,940,1445,1358300,0.322589,1.31327e+07,38.2773,297.156,75692,0,0,0,0,2,0.262314,0.060254,2.1172e-05,ok,1
BBMSDppStepwise,44,940,1445,1358300,0.397001,1.31327e+07,38.2773,284.02,72205,0,0,0,0,1,0.336168,0.060839,-6.22e-06,ok,1
DijkstraPrims,44,940,1445,1358300,0.242643,1.31327e+07,38.2773,54.0078,15610,0,0,0,0,4,0.2426,0,4.2747e-05,ok,1
BBMSCore,44,940,1445,1358300,1.41537,1.31327e+07,38.2773,38.2773,7989,0,0,0,0,5,1.39517,0.020157,4.2442e-05,ok,2
BBMSInter,44,940,1445,1358300,0.353355,1.31327e+07,38.2773,76.2148,18601,0,0,0,0,2,0.333223,0.020109,2.2754e-05,ok,2
BBMSDppInstant,44,940,1445,1358300,0.32394,1.31327e+07,38.2773,297.145,75692,0,0,0,0,0,0.22317,0.100783,-1.3436e-05,ok,2
BBMSDppStepwise,44,940,1445,1358300,0.398824,1.31327e+07,38.2773,284.016,72205,0,0,0,0,1,0.319212,0.079587,2.4902e-05,ok,2
DijkstraPrims,44,940,1445,1358300,0.244254,1.31327e+07,38.2773,53.9062,15610,0,0,0,0,2,0.224003,0.020211,3.9548e-05,ok,2
BBMSCore,45,940,1098,1032120,1.30151,1.28932e+07,38.2773,38.2773,6058,0,0,0,0,5,1.29126,0.010007,0.000245883,ok,0
BBMSInter,45,940,1098,1032120,0.211632,1.28932e+07,38.2773,58.7422,14122,0,0,0,0,0,0.201591,0.010053,-1.2171e-05,ok,0
BBMSDppInstant,45,940,1098,1032120,0.242132,1.28932e+07,38.2773,225.559,57396,0,0,0,0,1,0.161587,0.080544,6.43e-07,ok,0
BBMSDppStepwise,45,940,1098,1032120,0.329012,1.28932e+07,38.2773,215.75,54499,0,0,0,0,0,0.249323,0.079702,-1.2994e-05,ok,0
DijkstraPrims,45,940,1098,1032120,0.0229935,1.28932e+07,38.2773,38.2773,1762,0,0,0,0,1,0.022979,0,1.4511e-05,ok,0
BBMSCore,45,940,1098,1032120,1.30103,1.28932e+07,38.2773,38.2773,6058,0,0,0,0,6,1.29097,0.010004,5.4194e-05,ok,1
BBMSInter,45,940,1098,1032120,0.211281,1.28932e+07,38.2773,58.7422,14122,0,0,0,0,1,0.19121,0.020069,2.347e-06,ok,1
BBMSDppInstant,45,940,1098,1032120,0.243656,1.28932e+07,38.2773,225.547,57396,0,0,0,0,1,0.173403,0.07024,1.2924e-05,ok,1
BBMSDppStepwise,45,940,1098,1032120,0.328596,1.28932e+07,38.2773,215.758,54499,0,0,0,0,1,0.268849,0.059717,2.9507e-05,ok,1
DijkstraPrims,45,940,1098,1032120,0.0230556,1.28932e+07,38.2773,38.2773,1762,0,0,0,0,0,0.023065,0,-9.445e-06,ok,1
BBMSCore,45,940,1098,1032120,1.30286,1.28932e+07,38.2773,38.2773,6058,0,0,0,0,6,1.29263,0.010016,0.00021743,ok,2
BBMSInter,45,940,1098,1032120,0.212103,1.28932e+07,38.2773,58.7422,14122,0,0,0,0,0,0.212115,0,-1.2252e-05,ok,2
BBMSDppInstant,45,940,1098,1032120,0.243389,1.28932e+07,38.2773,225.539,57396,0,0,0,0,0,0.192838,0.050565,-1.3736e-05,ok,2
BBMSDppStepwise,45,940,1098,1032120,0.32866,1.28932e+07,38.2773,215.758,54499,0,0,0,0,3,0.28769,0.040916,5.4228e-05,ok,2
DijkstraPrims,45,940,1098,1032120,0.0232037,1.28932e+07,38.2773,38.2773,1762,0,0,0,0,0,0.023213,0,-9.348e-06,ok,2
BBMSCore,46,940,402,377880,0.356714,2.94466e+06,38.2773,38.2773,2224,0,0,0,0,3,0.356693,0,2.0987e-05,ok,0
BBMSInter,46,940,402,377880,0.0437787,2.94466e+06,38.2773,38.2773,5176,0,0,0,0,1,0.043776,0,2.713e-06,ok,0
BBMSDppInstant,46,940,402,377880,0.0800367,2.94466e+06,38.2773,84.4922,20825,0,0,0,0,0,0.049976,0.030071,-1.0305e-05,ok,0
BBMSDppStepwise,46,940,402,377880,0.101662,2.94466e+06,38.2773,80.9414,19877,0,0,0,0,1,0.08273,0.018924,7.818e-06,ok,0
DijkstraPrims,46,940,402,377880,0.0605604,2.94466e+06,38.2773,38.2773,5540,0,0,0,0,0,0.060572,0,-1.1587e-05,ok,0
BBMSCore,46,940,402,377880,0.35718,2.94466e+06,38.2773,38.2773,2224,0,0,0,0,1,0.347237,0.009935,8.02e-06,ok,1
BBMSInter,46,940,402,377880,0.0434684,2.94466e+06,38.2773,38.2773,5176,0,0,0,0,0,0.034168,0.009312,-1.1621e-05,ok,1
BBMSDppInstant,46,940,402,377880,0.0795603,2.94466e+06,38.2773,84.4844,20825,0,0,0,0,1,0.049627,0.029922,1.129e-05,ok,1
BBMSDppStepwise,46,940,402,377880,0.102115,2.94466e+06,38.2773,80.9648,19877,0,0,0,0,2,0.091923,0.010171,2.079e-05,ok,1
DijkstraPrims,46,940,402,377880,0.0622159,2.94466e+06,38.2773,38.2773,5540,0,0,0,0,1,0.053647,0.008567,1.89e-06,ok,1
BBMSCore,46,940,402,377880,0.35798,2.94466e+06,38.2773,38.2773,2224,0,0,0,0,3,0.357952,0,2.7898e-05,ok,2
BBMSInter,46,940,402,377880,0.0433064,2.94466e+06,38.2773,38.2773,5176,0,0,0,0,0,0.032884,0.010432,-9.613e-06,ok,2
BBMSDppInstant,46,940,402,377880,0.079262,2.94466e+06,38.2773,84.4922,20825,0,0,0,0,1,0.049389,0.029858,1.5011e-05,ok,2
BBMSDppStepwise,46,940,402,377880,0.10138,2.94466e+06,38.2773,80.9609,19877,0,0,0,0,1,0.081121,0.020249,1.0438e-05,ok,2
DijkstraPrims,46,940,402,377880,0.0599904,2.94466e+06,38.2773,38.2773,5540,0,0,0,0,1,0.059977,0,1.3388e-05,ok,2
BBMSCore,47,931,687,639597,0.922869,7.15002e+06,38.2773,38.2773,3758,0,0,0,0,6,0.912749,0.010038,8.1894e-05,ok,0
BBMSInter,47,931,687,639597,0.267203,7.15002e+06,38.2773,38.2773,8755,0,0,0,0,3,0.256907,0.010273,2.2946e-05,ok,0
BBMSDppInstant,47,931,687,639597,0.151937,7.15002e+06,38.2773,141.934,35735,0,0,0,0,0,0.091083,0.060865,-1.1425e-05,ok,0
BBMSDppStepwise,47,931,687,639597,0.212692,7.15002e+06,38.2773,135.738,34029,0,0,0,0,0,0.172123,0.040583,-1.4085e-05,ok,0
DijkstraPrims,47,931,687,639597,0.041782,7.15002e+06,38.2773,38.2773,3166,0,0,0,0,1,0.021119,0.020657,5.977e-06,ok,0
BBMSCore,47,931,687,639597,0.922705,7.15002e+06,38.2773,38.2773,3758,0,0,0,0,4,0.919191,0.003498,1.593e-05,ok,1
BBMSInter,47,931,687,639597,0.26388,7.15002e+06,38.2773,38.2773,8755,0,0,0,0,0,0.253736,0.010157,-1.3177e-05,ok,1
BBMSDppInstant,47,931,687,639597,0.149407,7.15002e+06,38.2773,141.754,35735,0,0,0,0,1,0.099527,0.04988,-1.32e-07,ok,1
BBMSDppStepwise,47,931,687,639597,0.212468,7.15002e+06,38.2773,135.742,34029,0,0,0,0,0,0.171941,0.04054,-1.2667e-05,ok,1
DijkstraPrims,47,931,687,639597,0.0418805,7.15002e+06,38.2773,38.2773,3166,0,0,0,0,1,0.031661,0.010216,3.531e-06,ok,1
BBMSCore,47,931,687,639597,0.920229,7.15002e+06,38.2773,38.2773,3758,0,0,0,0,4,0.910183,0.010016,3.0414e-05,ok,2
BBMSInter,47,931,687,639597,0.266384,7.15002e+06,38.2773,38.2773,8755,0,0,0,0,0,0.256151,0.010247,-1.3722e-05,ok,2
BBMSDppInstant,47,931,687,639597,0.150041,7.15002e+06,38.2773,141.938,35735,0,0,0,0,2,0.091364,0.05865,2.6725e-05,ok,2
BBMSDppStepwise,47,931,687,639597,0.21282,7.15002e+06,38.2773,135.742,34029,0,0,0,0,2,0.192488,0.020304,2.7654e-05,ok,2
DijkstraPrims,47,931,687,639597,0.041806,7.15002e+06,38.2773,38.2773,3166,0,0,0,0,0,0.041817,0,-1.0978e-05,ok,2
BBMSCore,48,931,1033,961723,1.84621,1.47618e+07,38.2773,38.2773,5646,0,0,0,0,2,1.8462,0,1.2459e-05,ok,0
BBMSInter,48,931,1033,961723,0.577644,1.47618e+07,38.2773,54.9961,13159,0,0,0,0,2,0.567486,0.010157,1.128e-06,ok,0
BBMSDppInstant,48,931,1033,961723,0.252815,1.47618e+07,38.2773,210.773,53482,0,0,0,0,2,0.202029,0.050782,4.152e-06,ok,0
BBMSDppStepwise,48,931,1033,961723,0.336772,1.47618e+07,38.2773,201.516,50842,0,0,0,0,2,0.25546,0.081308,3.938e-06,ok,0
DijkstraPrims,48,931,1033,961723,0.0396591,1.47618e+07,38.2773,38.2773,3133,0,0,0,0,2,0.029726,0.009909,2.4145e-05,ok,0
BBMSCore,48,931,1033,961723,1.83765,1.47618e+07,38.2773,38.2773,5646,0,0,0,0,6,1.82744,0.009994,0.000210653,ok,1
BBMSInter,48,931,1033,961723,0.578375,1.47618e+07,38.2773,54.9688,13159,0,0,0,0,1,0.568379,0.010003,-7.062e-06,ok,1
BBMSDppInstant,48,931,1033,961723,0.251946,1.47618e+07,38.2773,210.793,53482,0,0,0,0,3,0.201256,0.050654,3.5638e-05,ok,1
BBMSDppStepwise,48,931,1033,961723,0.337324,1.47618e+07,38.2773,201.52,50842,0,0,0,0,0,0.28583,0.051509,-1.453e-05,ok,1
DijkstraPrims,48,931,1033,961723,0.0396693,1.47618e+07,38.2773,38.2773,3133,0,0,0,0,1,0.029503,0.010152,1.433e-05,ok,1
BBMSCore,48,931,1033,961723,1.84317,1.47618e+07,38.2773,38.2773,5646,0,0,0,0,6,1.83291,0.009971,0.00029038,ok,2
BBMSInter,48,931,1033,961723,0.578417,1.47618e+07,38.2773,54.9883,13159,0,0,0,0,3,0.558778,0.019592,4.7295e-05,ok,2
BBMSDppInstant,48,931,1033,961723,0.253519,1.47618e+07,38.2773,210.793,53482,0,0,0,0,3,0.204298,0.049184,3.6828e-05,ok,2
BBMSDppStepwise,48,931,1033,961723,0.337253,1.47618e+07,38.2773,201.52,50842,0,0,0,0,2,0.267426,0.0698,2.6859e-05,ok,2
DijkstraPrims,48,931,1033,961723,0.0391584,1.47618e+07,38.2773,38.2773,3133,0,0,0,0,0,0.039167,0,-8.579e-06,ok,2
BBMSCore,49,931,714,664734,1.0848,2.0322e+07,38.2773,38.2773,3905,0,0,0,0,6,1.08455,0,0.000246438,ok,0
BBMSInter,49,931,714,664734,0.20006,2.0322e+07,38.2773,39.1367,9099,0,0,0,0,0,0.180659,0.019399,1.703e-06,ok,0
BBMSDppInstant,49,931,714,664734,0.156064,2.0322e+07,38.2773,147.176,36936,0,0,0,0,1,0.106452,0.049594,1.7907e-05,ok,0
BBMSDppStepwise,49,931,714,664734,0.207493,2.0322e+07,38.2773,139.949,35090,0,0,0,0,2,0.147536,0.059935,2.1514e-05,ok,0
DijkstraPrims,49,931,714,664734,0.0597394,2.0322e+07,38.2773,38.2773,4003,0,0,0,0,1,0.059731,0,8.372e-06,ok,0
BBMSCore,49,931,714,664734,1.0835,2.0322e+07,38.2773,38.2773,3905,0,0,0,0,7,1.07343,0.009962,0.000103284,ok,1
BBMSInter,49,931,714,664734,0.200333,2.0322e+07,38.2773,39.1172,9099,0,0,0,0,0,0.190233,0.010113,-1.3147e-05,ok,1
BBMSDppInstant,49,931,714,664734,0.157386,2.0322e+07,38.2773,147.18,36936,0,0,0,0,0,0.108067,0.049316,2.679e-06,ok,1
BBMSDppStepwise,49,931,714,664734,0.210028,2.0322e+07,38.2773,139.949,35090,0,0,0,0,1,0.131153,0.078878,-2.698e-06,ok,1
DijkstraPrims,49,931,714,664734,0.05959,2.0322e+07,38.2773,38.2773,4003,0,0,0,0,0,0.059603,0,-1.3007e-05,ok,1
BBMSCore,49,931,714,664734,1.08312,2.0322e+07,38.2773,38.2773,3905,0,0,0,0,5,1.07299,0.010046,8.6255e-05,ok,2
BBMSInter,49,931,714,664734,0.199592,2.0322e+07,38.2773,39.125,9099,0,0,0,0,1,0.198393,0.001204,-5.26e-06,ok,2
BBMSDppInstant,49,931,714,664734,0.153045,2.0322e+07,38.2773,147.188,36936,0,0,0,0,0,0.11188,0.041178,-1.3257e-05,ok,2
BBMSDppStepwise,49,931,714,664734,0.208828,2.0322e+07,38.2773,139.945,35090,0,0,0,0,3,0.178688,0.030124,1.606e-05,ok,2
DijkstraPrims,49,931,714,664734,0.0599449,2.0322e+07,38.2773,38.2773,4003,0,0,0,0,0,0.059957,0,-1.2076e-05,ok,2
BBMSCore,50,931,615,572565,0.954748,1.59158e+07,38.2773,38.2773,3365,0,0,0,0,2,0.954754,0,-5.856e-06,ok,0
BBMSInter,50,931,615,572565,0.176471,1.59158e+07,38.2773,38.2773,7839,0,0,0,0,3,0.16648,0.009977,1.4411e-05,ok,0
BBMSDppInstant,50,931,615,572565,0.129244,1.59158e+07,38.2773,126.488,31571,0,0,0,0,0,0.081438,0.047821,-1.4506e-05,ok,0
BBMSDppStepwise,50,931,615,572565,0.170207,1.59158e+07,38.2773,121.367,30240,0,0,0,0,1,0.139762,0.030427,1.8359e-05,ok,0
DijkstraPrims,50,931,615,572565,0.0722125,1.59158e+07,38.2773,38.2773,6032,0,0,0,0,0,0.071214,0.001009,-1.0512e-05,ok,0
BBMSCore,50,931,615,572565,0.954714,1.59158e+07,38.2773,38.2773,3365,0,0,0,0,5,0.954684,0,2.9768e-05,ok,1
BBMSInter,50,931,615,572565,0.176363,1.59158e+07,38.2773,38.2773,7839,0,0,0,0,1,0.165011,0.011353,-1.483e-06,ok,1
BBMSDppInstant,50,931,615,572565,0.128618,1.59158e+07,38.2773,126.348,31571,0,0,0,0,0,0.07816,0.050471,-1.2555e-05,ok,1
BBMSDppStepwise,50,931,615,572565,0.169974,1.59158e+07,38.2773,121.359,30240,0,0,0,0,1,0.150302,0.019675,-2.989e-06,ok,1
DijkstraPrims,50,931,615,572565,0.0727879,1.59158e+07,38.2773,38.2773,6032,0,0,0,0,1,0.062272,0.010506,9.909e-06,ok,1
BBMSCore,50,931,615,572565,0.955505,1.59158e+07,38.2773,38.2773,3365,0,0,0,0,1,0.945515,0.009983,6.986e-06,ok,2
BBMSInter,50,931,615,572565,0.175868,1.59158e+07,38.2773,38.2773,7839,0,0,0,0,2,0.165897,0.009946,2.5139e-05,ok,2
BBMSDppInstant,50,931,615,572565,0.129725,1.59158e+07,38.2773,126.492,31571,0,0,0,0,0,0.109436,0.020301,-1.2453e-05,ok,2
BBMSDppStepwise,50,931,615,572565,0.170188,1.59158e+07,38.2773,121.367,30240,0,0,0,0,1,0.110978,0.059207,2.591e-06,ok,2
DijkstraPrims,50,931,615,572565,0.0717594,1.59158e+07,38.2773,38.2773,6032,0,0,0,0,1,0.07175,0,9.448e-06,ok,2
BBMSCore,51,931,3701,3445631,6.98333,1.92531e+07,38.2773,82.6172,20236,0,0,0,0,30,6.97203,0.011009,0.000292234,ok,0
BBMSInter,51,931,3701,3445631,1.22925,1.92531e+07,38.2773,187.867,47155,0,0,0,0,3,1.15954,0.069691,2.0817e-05,ok,0
BBMSDppInstant,51,931,3701,3445631,0.908424,1.92531e+07,38.2773,754.633,193094,0,0,0,0,4,0.667543,0.240837,4.4092e-05,ok,0
BBMSDppStepwise,51,931,3701,3445631,1.26448,1.92531e+07,38.2773,710.348,181756,0,0,0,0,6,1.03455,0.229867,6.3823e-05,ok,0
DijkstraPrims,51,931,3701,3445631,0.722799,1.92531e+07,38.2773,161.426,47670,0,0,0,0,3,0.652998,0.069778,2.2557e-05,ok,0
BBMSCore,51,931,3701,3445631,6.67975,1.92531e+07,38.2773,82.6172,20236,0,0,0,0,27,6.65871,0.02001,0.00102457,ok,1
BBMSInter,51,931,3701,3445631,1.2204,1.92531e+07,38.2773,187.871,47155,0,0,0,0,4,1.17056,0.049822,1.5661e-05,ok,1
BBMSDppInstant,51,931,3701,3445631,0.896682,1.92531e+07,38.2773,754.617,193094,0,0,0,0,3,0.626173,0.270442,6.7317e-05,ok,1
BBMSDppStepwise,51,931,3701,3445631,1.2561,1.92531e+07,38.2773,710.328,181756,0,0,0,0,4,1.02586,0.230157,7.9521e-05,ok,1
DijkstraPrims,51,931,3701,3445631,0.715915,1.92531e+07,38.2773,161.426,47670,0,0,0,0,6,0.665761,0.050045,0.000109111,ok,1
BBMSCore,51,931,3701,3445631,6.48954,1.92531e+07,38.2773,82.6289,20236,0,0,0,0,22,6.45881,0.030017,0.000712485,ok,2
BBMSInter,51,931,3701,3445631,1.22348,1.92531e+07,38.2773,187.863,47155,0,0,0,0,5,1.15352,0.06991,5.1782e-05,ok,2
BBMSDppInstant,51,931,3701,3445631,0.904629,1.92531e+07,38.2773,754.656,193094,0,0,0,0,4,0.69476,0.209835,3.403e-05,ok,2
BBMSDppStepwise,51,931,3701,3445631,1.2571,1.92531e+07,38.2773,710.27,181756,0,0,0,0,8,1.0267,0.230329,6.8077e-05,ok,2
DijkstraPrims,51,931,3701,3445631,0.712698,1.92531e+07,38.2773,161.426,47670,0,0,0,0,1,0.632943,0.07975,5.431e-06,ok,2
BBMSCore,52,931,1170,1089270,1.07073,1.19382e+07,38.2773,38.2773,6403,0,0,0,0,3,1.06063,0.009966,0.000132579,ok,0
BBMSInter,52,931,1170,1089270,0.290238,1.19382e+07,38.2773,61.8594,14913,0,0,0,0,1,0.260598,0.029636,3.705e-06,ok,0
BBMSDppInstant,52,931,1170,1089270,0.271028,1.19382e+07,38.2773,239.508,60879,0,0,0,0,2,0.199437,0.071571,2.0072e-05,ok,0
BBMSDppStepwise,52,931,1170,1089270,0.373472,1.19382e+07,38.2773,228.363,57742,0,0,0,0,1,0.313579,0.059894,-9.36e-07,ok,0
DijkstraPrims,52,931,1170,1089270,0.0514037,1.19382e+07,38.2773,38.2773,3883,0,0,0,0,0,0.050833,0.000582,-1.1312e-05,ok,0
BBMSCore,52,931,1170,1089270,1.069,1.19382e+07,38.2773,38.2773,6403,0,0,0,0,2,1.05894,0.009949,0.000107281,ok,1
BBMSInter,52,931,1170,1089270,0.290102,1.19382e+07,38.2773,61.8672,14913,0,0,0,0,2,0.279923,0.010173,6.112e-06,ok,1
BBMSDppInstant,52,931,1170,1089270,0.272323,1.19382e+07,38.2773,239.508,60879,0,0,0,0,1,0.18208,0.090244,-1.107e-06,ok,1
BBMSDppStepwise,52,931,1170,1089270,0.379439,1.19382e+07,38.2773,228.359,57742,0,0,0,0,3,0.288324,0.091082,3.2676e-05,ok,1
DijkstraPrims,52,931,1170,1089270,0.0522802,1.19382e+07,38.2773,38.2773,3883,0,0,0,0,0,0.041401,0.010891,-1.1795e-05,ok,1
BBMSCore,52,931,1170,1089270,1.06941,1.19382e+07,38.2773,38.2773,6403,0,0,0,0,4,1.05935,0.010045,9.421e-06,ok,2
BBMSInter,52,931,1170,1089270,0.2877,1.19382e+07,38.2773,61.8711,14913,0,0,0,0,1,0.277246,0.010453,1.068e-06,ok,2
BBMSDppInstant,52,931,1170,1089270,0.271771,1.19382e+07,38.2773,239.508,60879,0,0,0,0,2,0.202352,0.069404,1.5473e-05,ok,2
BBMSDppStepwise,52,931,1170,1089270,0.37222,1.19382e+07,38.2773,228.363,57742,0,0,0,0,2,0.29263,0.079568,2.178e-05,ok,2
DijkstraPrims,52,931,1170,1089270,0.0513785,1.19382e+07,38.2773,38.2773,3883,0,0,0,0,0,0.051389,0,-1.0517e-05,ok,2
BBMSCore,53,931,1172,1091132,1.06416,1.23208e+07,38.2773,38.2773,6414,0,0,0,0,4,1.05402,0.010003,0.000132871,ok,0
BBMSInter,53,931,1172,1091132,0.347608,1.23208e+07,38.2773,61.9766,14938,0,0,0,0,0,0.327415,0.020206,-1.2926e-05,ok,0
BBMSDppInstant,53,931,1172,1091132,0.279069,1.23208e+07,38.2773,239.871,60965,0,0,0,0,1,0.219308,0.059762,-1.486e-06,ok,0
BBMSDppStepwise,53,931,1172,1091132,0.376801,1.23208e+07,38.2773,229.242,57971,0,0,0,0,1,0.317204,0.059591,6.083e-06,ok,0
DijkstraPrims,53,931,1172,1091132,0.0859188,1.23208e+07,38.2773,38.2773,6580,0,0,0,0,0,0.07648,0.009449,-1.0238e-05,ok,0
BBMSCore,53,931,1172,1091132,1.06245,1.23208e+07,38.2773,38.2773,6414,0,0,0,0,4,1.05243,0.009989,3.3463e-05,ok,1
BBMSInter,53,931,1172,1091132,0.348757,1.23208e+07,38.2773,61.9844,14938,0,0,0,0,1,0.328996,0.019766,-4.879e-06,ok,1
BBMSDppInstant,53,931,1172,1091132,0.28475,1.23208e+07,38.2773,239.863,60965,0,0,0,0,1,0.204461,0.080284,4.521e-06,ok,1
BBMSDppStepwise,53,931,1172,1091132,0.37906,1.23208e+07,38.2773,229.266,57971,0,0,0,0,2,0.318223,0.060832,4.574e-06,ok,1
DijkstraPrims,53,931,1172,1091132,0.0895342,1.23208e+07,38.2773,38.2773,6580,0,0,0,0,0,0.089546,0,-1.183e-05,ok,1
BBMSCore,53,931,1172,1091132,1.06362,1.23208e+07,38.2773,38.2773,6414,0,0,0,0,5,1.05339,0.009998,0.000235702,ok,2
BBMSInter,53,931,1172,1091132,0.348973,1.23208e+07,38.2773,61.9805,14938,0,0,0,0,1,0.329211,0.019767,-5.406e-06,ok,2
BBMSDppInstant,53,931,1172,1091132,0.282944,1.23208e+07,38.2773,239.875,60965,0,0,0,0,4,0.20272,0.07999,0.000234363,ok,2
BBMSDppStepwise,53,931,1172,1091132,0.382447,1.23208e+07,38.2773,229.371,57971,0,0,0,0,2,0.321165,0.061272,1.034e-05,ok,2
DijkstraPrims,53,931,1172,1091132,0.0916216,1.23208e+07,38.2773,38.2773,6580,0,0,0,0,1,0.091618,0,3.632e-06,ok,2
BBMSCore,54,931,262,243922,0.300685,834914,38.2773,38.2773,1438,0,0,0,0,0,0.300701,0,-1.5881e-05,ok,0
BBMSInter,54,931,262,243922,0.0865063,834914,38.2773,38.2773,3343,0,0,0,0,0,0.086519,0,-1.272e-05,ok,0
BBMSDppInstant,54,931,262,243922,0.055973,834914,38.2773,56.2422,13508,0,0,0,0,0,0.044788,0.011197,-1.2028e-05,ok,0
BBMSDppStepwise,54,931,262,243922,0.0672656,834914,38.2773,54.9922,13169,0,0,0,0,0,0.015389,0.05189,-1.3426e-05,ok,0
DijkstraPrims,54,931,262,243922,0.0276168,834914,38.2773,38.2773,1978,0,0,0,0,1,0.018306,0.009309,1.839e-06,ok,0
BBMSCore,54,931,262,243922,0.301056,834914,38.2773,38.2773,1438,0,0,0,0,1,0.30106,0,-3.928e-06,ok,1
BBMSInter,54,931,262,243922,0.0862701,834914,38.2773,38.2773,3343,0,0,0,0,0,0.085418,0.000864,-1.1926e-05,ok,1
BBMSDppInstant,54,931,262,243922,0.0570222,834914,38.2773,56.2422,13508,0,0,0,0,0,0.047518,0.009516,-1.184e-05,ok,1
BBMSDppStepwise,54,931,262,243922,0.0681388,834914,38.2773,54.9805,13169,0,0,0,0,2,0.039389,0.028725,2.4798e-05,ok,1
DijkstraPrims,54,931,262,243922,0.027691,834914,38.2773,38.2773,1978,0,0,0,0,1,0.017026,0.010654,1.1016e-05,ok,1
BBMSCore,54,931,262,243922,0.301574,834914,38.2773,38.2773,1438,0,0,0,0,1,0.301568,0,6.156e-06,ok,2
BBMSInter,54,931,262,243922,0.0860533,834914,38.2773,38.2773,3343,0,0,0,0,1,0.075812,0.010238,3.276e-06,ok,2
BBMSDppInstant,54,931,262,243922,0.0569668,834914,38.2773,56.2422,13508,0,0,0,0,0,0.046578,0.010402,-1.3164e-05,ok,2
BBMSDppStepwise,54,931,262,243922,0.0682184,834914,38.2773,54.9922,13169,0,0,0,0,0,0.068233,0,-1.4559e-05,ok,2
DijkstraPrims,54,931,262,243922,0.0276353,834914,38.2773,38.2773,1978,0,0,0,0,1,0.027621,0,1.4274e-05,ok,2
BBMSCore,55,931,24,22344,0.00202296,1.05015e+07,38.2773,38.2773,137,0,0,0,0,0,0.002034,0,-1.1041e-05,ok,0
BBMSInter,55,931,24,22344,0.00186279,1.05015e+07,38.2773,38.2773,312,0,0,0,0,0,0.001871,0,-8.205e-06,ok,0
BBMSDppInstant,55,931,24,22344,0.00414509,1.05015e+07,38.2773,38.2773,1217,0,0,0,0,0,0.004154,0,-8.906e-06,ok,0
BBMSDppStepwise,55,931,24,22344,0.00447491,1.05015e+07,38.2773,38.2773,1183,0,0,0,0,0,0.004483,0,-8.091e-06,ok,0
DijkstraPrims,55,931,24,22344,0.00347953,1.05015e+07,38.2773,38.2773,301,0,0,0,0,0,0.003487,0,-7.466e-06,ok,0
BBMSCore,55,931,24,22344,0.00203404,1.05015e+07,38.2773,38.2773,137,0,0,0,0,0,0.002042,0,-7.959e-06,ok,1
BBMSInter,55,931,24,22344,0.00188387,1.05015e+07,38.2773,38.2773,312,0,0,0,0,0,0.001892,0,-8.131e-06,ok,1
BBMSDppInstant,55,931,24,22344,0.00426018,1.05015e+07,38.2773,38.2773,1217,0,0,0,0,1,0.004248,0,1.2178e-05,ok,1
BBMSDppStepwise,55,931,24,22344,0.00443957,1.05015e+07,38.2773,38.2773,1183,0,0,0,0,0,0.003558,0.00089,-8.435e-06,ok,1
DijkstraPrims,55,931,24,22344,0.00348173,1.05015e+07,38.2773,38.2773,301,0,0,0,0,0,0.00349,0,-8.274e-06,ok,1
BBMSCore,55,931,24,22344,0.00202845,1.05015e+07,38.2773,38.2773,137,0,0,0,0,0,0.002036,0,-7.55e-06,ok,2
BBMSInter,55,931,24,22344,0.00188005,1.05015e+07,38.2773,38.2773,312,0,0,0,0,0,0.001888,0,-7.947e-06,ok,2
BBMSDppInstant,55,931,24,22344,0.00430921,1.05015e+07,38.2773,38.2773,1217,0,0,0,0,0,0.004319,0,-9.787e-06,ok,2
BBMSDppStepwise,55,931,24,22344,0.0045134,1.05015e+07,38.2773,38.2773,1183,0,0,0,0,0,0.004522,0,-8.598e-06,ok,2
DijkstraPrims,55,931,24,22344,0.00348766,1.05015e+07,38.2773,38.2773,301,0,0,0,0,0,0.003496,0,-8.343e-06,ok,2
BBMSCore,56,931,432,402192,0.873833,9.40305e+06,38.2773,38.2773,2366,0,0,0,0,3,0.863606,0.01001,0.000217489,ok,0
BBMSInter,56,931,432,402192,0.0643619,9.40305e+06,38.2773,38.2773,5508,0,0,0,0,0,0.054178,0.010194,-1.0107e-05,ok,0
BBMSDppInstant,56,931,432,402192,0.0868542,9.40305e+06,38.2773,88.832,22018,0,0,0,0,0,0.058016,0.028848,-9.779e-06,ok,0
BBMSDppStepwise,56,931,432,402192,0.127813,9.40305e+06,38.2773,85.4375,21046,0,0,0,0,0,0.108311,0.019514,-1.1613e-05,ok,0
DijkstraPrims,56,931,432,402192,0.00659024,9.40305e+06,38.2773,38.2773,640,0,0,0,0,0,0.006596,0,-5.758e-06,ok,0
BBMSCore,56,931,432,402192,0.873791,9.40305e+06,38.2773,38.2773,2366,0,0,0,0,3,0.863469,0.010297,2.5404e-05,ok,1
BBMSInter,56,931,432,402192,0.0653443,9.40305e+06,38.2773,38.2773,5508,0,0,0,0,0,0.065355,0,-1.0733e-05,ok,1
BBMSDppInstant,56,931,432,402192,0.0861582,9.40305e+06,38.2773,88.8359,22018,0,0,0,0,0,0.057492,0.028676,-9.816e-06,ok,1
BBMSDppStepwise,56,931,432,402192,0.128381,9.40305e+06,38.2773,85.4531,21046,0,0,0,0,1,0.097288,0.031085,7.744e-06,ok,1
DijkstraPrims,56,931,432,402192,0.00661362,9.40305e+06,38.2773,38.2773,640,0,0,0,0,0,0.006624,0,-1.0378e-05,ok,1
BBMSCore,56,931,432,402192,0.873066,9.40305e+06,38.2773,38.2773,2366,0,0,0,0,6,0.873023,0,4.2838e-05,ok,2
BBMSInter,56,931,432,402192,0.0640508,9.40305e+06,38.2773,38.2773,5508,0,0,0,0,0,0.05498,0.009081,-1.0222e-05,ok,2
BBMSDppInstant,56,931,432,402192,0.0865361,9.40305e+06,38.2773,88.8398,22018,0,0,0,0,0,0.065866,0.020682,-1.1856e-05,ok,2
BBMSDppStepwise,56,931,432,402192,0.128574,9.40305e+06,38.2773,85.4336,21046,0,0,0,0,1,0.098943,0.029633,-1.887e-06,ok,2
DijkstraPrims,56,931,432,402192,0.00656708,9.40305e+06,38.2773,38.2773,640,0,0,0,0,0,0.006577,0,-9.925e-06,ok,2
BBMSCore,57,931,1045,972895,1.23043,1.91256e+07,38.2773,38.2773,5711,0,0,0,0,4,1.23042,0,1.726e-05,ok,0
BBMSInter,57,931,1045,972895,0.145793,1.91256e+07,38.2773,55.6016,13312,0,0,0,0,0,0.116648,0.029155,-1.0419e-05,ok,0
BBMSDppInstant,57,931,1045,972895,0.233259,1.91256e+07,38.2773,215.738,54850,0,0,0,0,2,0.152763,0.080478,1.771e-05,ok,0
BBMSDppStepwise,57,931,1045,972895,0.372167,1.91256e+07,38.2773,203.336,51325,0,0,0,0,2,0.322068,0.050094,4.654e-06,ok,0
DijkstraPrims,57,931,1045,972895,0.106689,1.91256e+07,38.2773,38.2773,7458,0,0,0,0,0,0.1067,0,-1.1109e-05,ok,0
BBMSCore,57,931,1045,972895,1.23092,1.91256e+07,38.2773,38.2773,5711,0,0,0,0,5,1.22082,0.010073,2.7559e-05,ok,1
BBMSInter,57,931,1045,972895,0.147086,1.91256e+07,38.2773,55.6094,13312,0,0,0,0,0,0.126487,0.0206,-1.105e-06,ok,1
BBMSDppInstant,57,931,1045,972895,0.232171,1.91256e+07,38.2773,215.762,54850,0,0,0,0,1,0.161972,0.070195,4.093e-06,ok,1
BBMSDppStepwise,57,931,1045,972895,0.36691,1.91256e+07,38.2773,203.332,51325,0,0,0,0,1,0.295926,0.07097,1.4189e-05,ok,1
DijkstraPrims,57,931,1045,972895,0.1063,1.91256e+07,38.2773,38.2773,7458,0,0,0,0,0,0.106311,0,-1.0889e-05,ok,1
BBMSCore,57,931,1045,972895,1.23109,1.91256e+07,38.2773,38.2773,5711,0,0,0,0,6,1.22103,0.009997,6.1097e-05,ok,2
BBMSInter,57,931,1045,972895,0.145361,1.91256e+07,38.2773,55.625,13312,0,0,0,0,1,0.135683,0.009673,4.862e-06,ok,2
BBMSDppInstant,57,931,1045,972895,0.230877,1.91256e+07,38.2773,215.75,54850,0,0,0,0,0,0.151092,0.079798,-1.2921e-05,ok,2
BBMSDppStepwise,57,931,1045,972895,0.369296,1.91256e+07,38.2773,203.316,51325,0,0,0,0,1,0.299658,0.069643,-5.076e-06,ok,2
DijkstraPrims,57,931,1045,972895,0.106943,1.91256e+07,38.2773,38.2773,7458,0,0,0,0,1,0.106943,2e-06,-2.183e-06,ok,2
BBMSCore,58,931,377,350987,1.0881,1.00809e+07,38.2773,38.2773,2066,0,0,0,0,3,1.0881,0,1.786e-06,ok,0
BBMSInter,58,931,377,350987,0.0435952,1.00809e+07,38.2773,38.2773,4808,0,0,0,0,0,0.033315,0.010291,-1.0819e-05,ok,0
BBMSDppInstant,58,931,377,350987,0.071102,1.00809e+07,38.2773,77.3008,18952,0,0,0,0,0,0.050889,0.020224,-1.1031e-05,ok,0
BBMSDppStepwise,58,931,377,350987,0.0945206,1.00809e+07,38.2773,74.1523,18173,0,0,0,0,1,0.07403,0.020493,-2.401e-06,ok,0
DijkstraPrims,58,931,377,350987,0.0226378,1.00809e+07,38.2773,38.2773,1833,0,0,0,0,0,0.022648,0,-1.0207e-05,ok,0
BBMSCore,58,931,377,350987,1.08682,1.00809e+07,38.2773,38.2773,2066,0,0,0,0,5,1.08676,0,5.3958e-05,ok,1
BBMSInter,58,931,377,350987,0.0431167,1.00809e+07,38.2773,38.2773,4808,0,0,0,0,0,0.034501,0.008626,-1.0253e-05,ok,1
BBMSDppInstant,58,931,377,350987,0.0717801,1.00809e+07,38.2773,77.2969,18952,0,0,0,0,0,0.061733,0.010058,-1.094e-05,ok,1
BBMSDppStepwise,58,931,377,350987,0.0954371,1.00809e+07,38.2773,74.2344,18173,0,0,0,0,1,0.07635,0.019088,-8.55e-07,ok,1
DijkstraPrims,58,931,377,350987,0.0226114,1.00809e+07,38.2773,38.2773,1833,0,0,0,0,0,0.022621,0,-9.578e-06,ok,1
BBMSCore,58,931,377,350987,1.08764,1.00809e+07,38.2773,38.2773,2066,0,0,0,0,7,1.08753,0,0.000106236,ok,2
BBMSInter,58,931,377,350987,0.0428129,1.00809e+07,38.2773,38.2773,4808,0,0,0,0,1,0.042814,0,-1.129e-06,ok,2
BBMSDppInstant,58,931,377,350987,0.070122,1.00809e+07,38.2773,77.2891,18952,0,0,0,0,0,0.040321,0.029812,-1.1037e-05,ok,2
BBMSDppStepwise,58,931,377,350987,0.0939238,1.00809e+07,38.2773,74.2422,18173,0,0,0,0,1,0.07514,0.018785,-1.212e-06,ok,2
DijkstraPrims,58,931,377,350987,0.0225316,1.00809e+07,38.2773,38.2773,1833,0,0,0,0,0,0.022544,0,-1.2399e-05,ok,2
BBMSCore,59,931,2423,2255813,3.97817,2.07957e+07,38.2773,55.375,13256,0,0,0,0,16,3.96799,0.01002,0.000161735,ok,0
BBMSInter,59,931,2423,2255813,0.912115,2.07957e+07,38.2773,124.219,30880,0,0,0,0,2,0.861933,0.050171,1.0806e-05,ok,0
BBMSDppInstant,59,931,2423,2255813,0.61743,2.07957e+07,38.2773,488.875,124730,0,0,0,0,1,0.477845,0.139578,6.538e-06,ok,0
BBMSDppStepwise,59,931,2423,2255813,0.766448,2.07957e+07,38.2773,468.348,119380,0,0,0,0,4,0.635354,0.131055,3.8928e-05,ok,0
DijkstraPrims,59,931,2423,2255813,0.329657,2.07957e+07,38.2773,81.2617,24291,0,0,0,0,0,0.299654,0.030017,-1.3675e-05,ok,0
BBMSCore,59,931,2423,2255813,4.03698,2.07957e+07,38.2773,55.3438,13256,0,0,0,0,13,4.0065,0.029976,0.000494201,ok,1
BBMSInter,59,931,2423,2255813,0.909393,2.07957e+07,38.2773,124.25,30880,0,0,0,0,4,0.869376,0.039984,3.3286e-05,ok,1
BBMSDppInstant,59,931,2423,2255813,0.617825,2.07957e+07,38.2773,488.844,124730,0,0,0,0,3,0.458245,0.159547,3.2621e-05,ok,1
BBMSDppStepwise,59,931,2423,2255813,0.773758,2.07957e+07,38.2773,468.367,119380,0,0,0,0,4,0.623241,0.150463,5.4121e-05,ok,1
DijkstraPrims,59,931,2423,2255813,0.332059,2.07957e+07,38.2773,81.2578,24291,0,0,0,0,0,0.311948,0.020126,-1.4815e-05,ok,1
BBMSCore,59,931,2423,2255813,3.95808,2.07957e+07,38.2773,55.3555,13256,0,0,0,0,16,3.93793,0.019991,0.000151841,ok,2
BBMSInter,59,931,2423,2255813,0.907989,2.07957e+07,38.2773,124.246,30880,0,0,0,0,5,0.858019,0.049915,5.4566e-05,ok,2
BBMSDppInstant,59,931,2423,2255813,0.617855,2.07957e+07,38.2773,488.871,124730,0,0,0,0,2,0.468192,0.149643,2.0067e-05,ok,2
BBMSDppStepwise,59,931,2423,2255813,0.770105,2.07957e+07,38.2773,468.375,119380,0,0,0,0,2,0.660013,0.110064,2.767e-05,ok,2
DijkstraPrims,59,931,2423,2255813,0.327659,2.07957e+07,38.2773,81.2695,24291,0,0,0,0,0,0.268,0.059672,-1.2735e-05,ok,2
BBMSCore,60,931,40,37240,0.00559718,1.31698e+07,38.2773,38.2773,225,0,0,0,0,0,0.005607,0,-9.817e-06,ok,0
BBMSInter,60,931,40,37240,0.00340685,1.31698e+07,38.2773,38.2773,516,0,0,0,0,0,0.003416,0,-9.153e-06,ok,0
BBMSDppInstant,60,931,40,37240,0.00708423,1.31698e+07,38.2773,38.2773,2003,0,0,0,0,0,0.007093,0,-8.766e-06,ok,0
BBMSDppStepwise,60,931,40,37240,0.00742928,1.31698e+07,38.2773,38.2773,1953,0,0,0,0,0,0.007438,0,-8.717e-06,ok,0
DijkstraPrims,60,931,40,37240,0.0058745,1.31698e+07,38.2773,38.2773,420,0,0,0,0,0,0.005883,0,-8.5e-06,ok,0
BBMSCore,60,931,40,37240,0.00559552,1.31698e+07,38.2773,38.2773,225,0,0,0,0,0,0.005608,0,-1.2479e-05,ok,1
BBMSInter,60,931,40,37240,0.00339039,1.31698e+07,38.2773,38.2773,516,0,0,0,0,0,0.003399,0,-8.613e-06,ok,1
BBMSDppInstant,60,931,40,37240,0.00718582,1.31698e+07,38.2773,38.2773,2003,0,0,0,0,0,0.007196,0,-1.0177e-05,ok,1
BBMSDppStepwise,60,931,40,37240,0.00788219,1.31698e+07,38.2773,38.2773,1953,0,0,0,0,1,0.007733,0,0.000149194,ok,1
DijkstraPrims,60,931,40,37240,0.00587426,1.31698e+07,38.2773,38.2773,420,0,0,0,0,0,0.005884,0,-9.737e-06,ok,1
BBMSCore,60,931,40,37240,0.00560645,1.31698e+07,38.2773,38.2773,225,0,0,0,0,0,0.005619,0,-1.2545e-05,ok,2
BBMSInter,60,931,40,37240,0.00341176,1.31698e+07,38.2773,38.2773,516,0,0,0,0,0,0.002852,0.00057,-1.0241e-05,ok,2
BBMSDppInstant,60,931,40,37240,0.007217,1.31698e+07,38.2773,38.2773,2003,0,0,0,0,0,0.007227,0,-9.996e-06,ok,2
BBMSDppStepwise,60,931,40,37240,0.00746953,1.31698e+07,38.2773,38.2773,1953,0,0,0,0,0,0.007479,0,-9.473e-06,ok,2
DijkstraPrims,60,931,40,37240,0.00579595,1.31698e+07,38.2773,38.2773,420,0,0,0,0,0,0.005806,0,-1.0046e-05,ok,2
BBMSCore,61,931,149,138719,0.29601,6.3621e+06,38.2773,38.2773,821,0,0,0,0,1,0.296004,0,6.196e-06,ok,0
BBMSInter,61,931,149,138719,0.0219817,6.3621e+06,38.2773,38.2773,1905,0,0,0,0,0,0.021993,0,-1.126e-05,ok,0
BBMSDppInstant,61,931,149,138719,0.0274882,6.3621e+06,38.2773,38.2773,7645,0,0,0,0,1,0.016224,0.011079,0.000185215,ok,0
BBMSDppStepwise,61,931,149,138719,0.0445966,6.3621e+06,38.2773,38.2773,7195,0,0,0,0,1,0.033945,0.010636,1.5569e-05,ok,0
DijkstraPrims,61,931,149,138719,0.00878039,6.3621e+06,38.2773,38.2773,704,0,0,0,0,0,0.008793,0,-1.261e-05,ok,0
BBMSCore,61,931,149,138719,0.295804,6.3621e+06,38.2773,38.2773,821,0,0,0,0,1,0.294377,0.00142,7.291e-06,ok,1
BBMSInter,61,931,149,138719,0.0218388,6.3621e+06,38.2773,38.2773,1905,0,0,0,0,0,0.021849,0,-1.025e-05,ok,1
BBMSDppInstant,61,931,149,138719,0.0266937,6.3621e+06,38.2773,38.2773,7645,0,0,0,0,1,0.026678,0,1.5662e-05,ok,1
BBMSDppStepwise,61,931,149,138719,0.0438229,6.3621e+06,38.2773,38.2773,7195,0,0,0,0,0,0.043834,0,-1.1146e-05,ok,1
DijkstraPrims,61,931,149,138719,0.00884918,6.3621e+06,38.2773,38.2773,704,0,0,0,0,0,0.00886,0,-1.0824e-05,ok,1
BBMSCore,61,931,149,138719,0.296594,6.3621e+06,38.2773,38.2773,821,0,0,0,0,1,0.294981,0.001411,0.000202111,ok,2
BBMSInter,61,931,149,138719,0.0219022,6.3621e+06,38.2773,38.2773,1905,0,0,0,0,0,0.012731,0.009182,-1.084e-05,ok,2
BBMSDppInstant,61,931,149,138719,0.0268075,6.3621e+06,38.2773,38.2773,7645,0,0,0,0,0,0.026818,0,-1.0474e-05,ok,2
BBMSDppStepwise,61,931,149,138719,0.0450818,6.3621e+06,38.2773,38.2773,7195,0,0,0,0,1,0.023688,0.021383,1.0785e-05,ok,2
DijkstraPrims,61,931,149,138719,0.00884851,6.3621e+06,38.2773,38.2773,704,0,0,0,0,0,0.00886,0,-1.1492e-05,ok,2
BBMSCore,62,931,1009,939379,1.40767,9.89789e+06,38.2773,38.2773,5515,0,0,0,0,5,1.40746,0,0.000207651,ok,0
BBMSInter,62,931,1009,939379,0.411867,9.89789e+06,38.2773,53.8633,12854,0,0,0,0,3,0.382235,0.029613,1.8989e-05,ok,0
BBMSDppInstant,62,931,1009,939379,0.226275,9.89789e+06,38.2773,207.441,52359,0,0,0,0,0,0.136906,0.089382,-1.2669e-05,ok,0
BBMSDppStepwise,62,931,1009,939379,0.29056,9.89789e+06,38.2773,196.746,49630,0,0,0,0,3,0.240154,0.050378,2.8311e-05,ok,0
DijkstraPrims,62,931,1009,939379,0.177364,9.89789e+06,38.2773,43.2344,12864,0,0,0,0,2,0.146131,0.031222,1.0964e-05,ok,0
BBMSCore,62,931,1009,939379,1.40764,9.89789e+06,38.2773,38.2773,5515,0,0,0,0,3,1.39751,0.009996,0.000128887,ok,1
BBMSInter,62,931,1009,939379,0.411281,9.89789e+06,38.2773,53.875,12854,0,0,0,0,2,0.391111,0.020148,2.1909e-05,ok,1
BBMSDppInstant,62,931,1009,939379,0.226812,9.89789e+06,38.2773,207.418,52359,0,0,0,0,2,0.164883,0.061911,1.7622e-05,ok,1
BBMSDppStepwise,62,931,1009,939379,0.291018,9.89789e+06,38.2773,196.746,49630,0,0,0,0,1,0.220388,0.07062,9.711e-06,ok,1
DijkstraPrims,62,931,1009,939379,0.183116,9.89789e+06,38.2773,43.2617,12864,0,0,0,0,1,0.172177,0.010935,3.699e-06,ok,1
BBMSCore,62,931,1009,939379,1.40905,9.89789e+06,38.2773,38.2773,5515,0,0,0,0,7,1.39885,0.010007,0.00019392,ok,2
BBMSInter,62,931,1009,939379,0.415774,9.89789e+06,38.2773,53.8672,12854,0,0,0,0,0,0.395888,0.019902,-1.6398e-05,ok,2
BBMSDppInstant,62,931,1009,939379,0.231138,9.89789e+06,38.2773,207.426,52359,0,0,0,0,0,0.180603,0.050549,-1.4157e-05,ok,2
BBMSDppStepwise,62,931,1009,939379,0.292967,9.89789e+06,38.2773,196.738,49630,0,0,0,0,2,0.20307,0.089885,1.1531e-05,ok,2
DijkstraPrims,62,931,1009,939379,0.177153,9.89789e+06,38.2773,43.2539,12864,0,0,0,0,1,0.167183,0.009956,1.3924e-05,ok,2
BBMSCore,63,931,631,587461,0.382078,1.65103e+07,38.2773,38.2773,3453,0,0,0,0,2,0.380984,0.001089,5.259e-06,ok,0
BBMSInter,63,931,631,587461,0.0665528,1.65103e+07,38.2773,38.2773,8042,0,0,0,0,0,0.056644,0.009919,-1.0158e-05,ok,0
BBMSDppInstant,63,931,631,587461,0.130059,1.65103e+07,38.2773,131.371,32921,0,0,0,0,1,0.089495,0.040559,4.821e-06,ok,0
BBMSDppStepwise,63,931,631,587461,0.173201,1.65103e+07,38.2773,124.203,31048,0,0,0,0,0,0.132046,0.041167,-1.1557e-05,ok,0
DijkstraPrims,63,931,631,587461,0.053859,1.65103e+07,38.2773,38.2773,3852,0,0,0,0,0,0.043228,0.010642,-1.0951e-05,ok,0
BBMSCore,63,931,631,587461,0.381673,1.65103e+07,38.2773,38.2773,3453,0,0,0,0,2,0.381649,0,2.3593e-05,ok,1
BBMSInter,63,931,631,587461,0.0663886,1.65103e+07,38.2773,38.2773,8042,0,0,0,0,0,0.056485,0.009914,-1.0427e-05,ok,1
BBMSDppInstant,63,931,631,587461,0.1297,1.65103e+07,38.2773,131.352,32921,0,0,0,0,0,0.080906,0.048807,-1.3168e-05,ok,1
BBMSDppStepwise,63,931,631,587461,0.17391,1.65103e+07,38.2773,124.188,31048,0,0,0,0,0,0.134554,0.039367,-1.1202e-05,ok,1
DijkstraPrims,63,931,631,587461,0.0537995,1.65103e+07,38.2773,38.2773,3852,0,0,0,0,0,0.043168,0.010642,-1.0536e-05,ok,1
BBMSCore,63,931,631,587461,0.38096,1.65103e+07,38.2773,38.2773,3453,0,0,0,0,1,0.380964,0,-3.901e-06,ok,2
BBMSInter,63,931,631,587461,0.0663304,1.65103e+07,38.2773,38.2773,8042,0,0,0,0,0,0.046394,0.019947,-1.0565e-05,ok,2
BBMSDppInstant,63,931,631,587461,0.128005,1.65103e+07,38.2773,131.301,32921,0,0,0,0,1,0.077903,0.050106,-3.65e-06,ok,2
BBMSDppStepwise,63,931,631,587461,0.172129,1.65103e+07,38.2773,124.199,31048,0,0,0,0,0,0.152614,0.019528,-1.2972e-05,ok,2
DijkstraPrims,63,931,631,587461,0.0540883,1.65103e+07,38.2773,38.2773,3852,0,0,0,0,0,0.054099,0,-1.0664e-05,ok,2
BBMSCore,64,931,542,504602,1.07025,9.61123e+06,38.2773,38.2773,2966,0,0,0,0,5,1.0601,0.010027,0.000127111,ok,0
BBMSInter,64,931,542,504602,0.0622403,9.61123e+06,38.2773,38.2773,6908,0,0,0,0,0,0.052637,0.009613,-9.693e-06,ok,0
BBMSDppInstant,64,931,542,504602,0.108296,9.61123e+06,38.2773,111.047,27973,0,0,0,0,0,0.07803,0.030278,-1.2108e-05,ok,0
BBMSDppStepwise,64,931,542,504602,0.164534,9.61123e+06,38.2773,106.367,26399,0,0,0,0,0,0.153635,0.010911,-1.1699e-05,ok,0
DijkstraPrims,64,931,542,504602,0.0210485,9.61123e+06,38.2773,38.2773,1684,0,0,0,0,0,0.020646,0.000413,-1.0485e-05,ok,0
BBMSCore,64,931,542,504602,1.06824,9.61123e+06,38.2773,38.2773,2966,0,0,0,0,6,1.0681,0,0.000140957,ok,1
BBMSInter,64,931,542,504602,0.0622727,9.61123e+06,38.2773,38.2773,6908,0,0,0,0,0,0.061529,0.000753,-9.338e-06,ok,1
BBMSDppInstant,64,931,542,504602,0.110178,9.61123e+06,38.2773,110.855,27973,0,0,0,0,0,0.081371,0.02882,-1.2698e-05,ok,1
BBMSDppStepwise,64,931,542,504602,0.165117,9.61123e+06,38.2773,106.367,26399,0,0,0,0,0,0.135378,0.029753,-1.3714e-05,ok,1
DijkstraPrims,64,931,542,504602,0.0211963,9.61123e+06,38.2773,38.2773,1684,0,0,0,0,1,0.0212,0,-3.712e-06,ok,1
BBMSCore,64,931,542,504602,1.06895,9.61123e+06,38.2773,38.2773,2966,0,0,0,0,3,1.06892,0,2.8027e-05,ok,2
BBMSInter,64,931,542,504602,0.0616958,9.61123e+06,38.2773,38.2773,6908,0,0,0,0,0,0.051262,0.010445,-1.1181e-05,ok,2
BBMSDppInstant,64,931,542,504602,0.110974,9.61123e+06,38.2773,110.91,27973,0,0,0,0,0,0.071595,0.039391,-1.1927e-05,ok,2
BBMSDppStepwise,64,931,542,504602,0.163018,9.61123e+06,38.2773,106.344,26399,0,0,0,0,0,0.143375,0.019657,-1.4274e-05,ok,2
DijkstraPrims,64,931,542,504602,0.0210105,9.61123e+06,38.2773,38.2773,1684,0,0,0,0,0,0.010423,0.010597,-9.462e-06,ok,2
BBMSCore,65,931,215,200165,0.104333,1.54365e+06,38.2773,38.2773,1181,0,0,0,0,2,0.104314,0,1.8501e-05,ok,0
BBMSInter,65,931,215,200165,0.03598,1.54365e+06,38.2773,38.2773,2745,0,0,0,0,1,0.035983,0,-3.008e-06,ok,0
BBMSDppInstant,65,931,215,200165,0.0432171,1.54365e+06,38.2773,47.3672,11236,0,0,0,0,2,0.023888,0.019311,1.8107e-05,ok,0
BBMSDppStepwise,65,931,215,200165,0.0525342,1.54365e+06,38.2773,44.9922,10638,0,0,0,0,1,0.033273,0.019266,-4.84e-06,ok,0
DijkstraPrims,65,931,215,200165,0.0339719,1.54365e+06,38.2773,38.2773,2849,0,0,0,0,1,0.033963,0,8.855e-06,ok,0
BBMSCore,65,931,215,200165,0.104281,1.54365e+06,38.2773,38.2773,1181,0,0,0,0,0,0.104291,0,-1.0288e-05,ok,1
BBMSInter,65,931,215,200165,0.0355627,1.54365e+06,38.2773,38.2773,2745,0,0,0,0,0,0.035572,0,-9.262e-06,ok,1
BBMSDppInstant,65,931,215,200165,0.0434272,1.54365e+06,38.2773,47.3672,11236,0,0,0,0,1,0.02193,0.021484,1.3181e-05,ok,1
BBMSDppStepwise,65,931,215,200165,0.0541185,1.54365e+06,38.2773,45,10638,0,0,0,0,0,0.054131,0,-1.2504e-05,ok,1
DijkstraPrims,65,931,215,200165,0.0337607,1.54365e+06,38.2773,38.2773,2849,0,0,0,0,0,0.033773,0,-1.2252e-05,ok,1
BBMSCore,65,931,215,200165,0.103942,1.54365e+06,38.2773,38.2773,1181,0,0,0,0,1,0.103939,0,3.452e-06,ok,2
BBMSInter,65,931,215,200165,0.0358528,1.54365e+06,38.2773,38.2773,2745,0,0,0,0,0,0.035862,0,-9.16e-06,ok,2
BBMSDppInstant,65,931,215,200165,0.0439419,1.54365e+06,38.2773,47.3594,11236,0,0,0,0,0,0.022342,0.021609,-9.135e-06,ok,2
BBMSDppStepwise,65,931,215,200165,0.0533514,1.54365e+06,38.2773,45,10638,0,0,0,0,0,0.042846,0.010515,-9.613e-06,ok,2
DijkstraPrims,65,931,215,200165,0.0339227,1.54365e+06,38.2773,38.2773,2849,0,0,0,0,1,0.033914,0,8.673e-06,ok,2
BBMSCore,66,931,1445,1345295,1.44215,1.45603e+07,38.2773,38.2773,7913,0,0,0,0,7,1.44119,0.000899,5.5909e-05,ok,0
BBMSInter,66,931,1445,1345295,0.458658,1.45603e+07,38.2773,75.6172,18423,0,0,0,0,1,0.438928,0.019732,-1.596e-06,ok,0
BBMSDppInstant,66,931,1445,1345295,0.348447,1.45603e+07,38.2773,294.848,75008,0,0,0,0,3,0.227542,0.120857,4.7859e-05,ok,0
BBMSDppStepwise,66,931,1445,1345295,0.427453,1.45603e+07,38.2773,281.465,71540,0,0,0,0,0,0.318508,0.108963,-1.7665e-05,ok,0
DijkstraPrims,66,931,1445,1345295,0.117132,1.45603e+07,38.2773,38.2773,7722,0,0,0,0,0,0.10706,0.010084,-1.1941e-05,ok,0
BBMSCore,66,931,1445,1345295,1.43876,1.45603e+07,38.2773,38.2773,7913,0,0,0,0,6,1.42845,0.009953,0.00036297,ok,1
BBMSInter,66,931,1445,1345295,0.459002,1.45603e+07,38.2773,75.6172,18423,0,0,0,0,0,0.428813,0.030202,-1.3379e-05,ok,1
BBMSDppInstant,66,931,1445,1345295,0.34618,1.45603e+07,38.2773,294.855,75008,0,0,0,0,9,0.235881,0.110121,0.000177891,ok,1
BBMSDppStepwise,66,931,1445,1345295,0.427619,1.45603e+07,38.2773,281.473,71540,0,0,0,0,1,0.337229,0.090385,4.909e-06,ok,1
DijkstraPrims,66,931,1445,1345295,0.117032,1.45603e+07,38.2773,38.2773,7722,0,0,0,0,2,0.116866,0,0.000166124,ok,1
BBMSCore,66,931,1445,1345295,1.45323,1.45603e+07,38.2773,38.2773,7913,0,0,0,0,5,1.45321,0,2.7343e-05,ok,2
BBMSInter,66,931,1445,1345295,0.460991,1.45603e+07,38.2773,75.6133,18423,0,0,0,0,3,0.430665,0.030309,1.7404e-05,ok,2
BBMSDppInstant,66,931,1445,1345295,0.347425,1.45603e+07,38.2773,294.676,75008,0,0,0,0,0,0.236895,0.110544,-1.4237e-05,ok,2
BBMSDppStepwise,66,931,1445,1345295,0.428807,1.45603e+07,38.2773,281.469,71540,0,0,0,0,0,0.280898,0.147924,-1.4921e-05,ok,2
DijkstraPrims,66,931,1445,1345295,0.117583,1.45603e+07,38.2773,38.2773,7722,0,0,0,0,2,0.108194,0.009352,3.6927e-05,ok,2
BBMSCore,67,931,1098,1022238,0.986786,1.45683e+07,38.2773,38.2773,6000,0,0,0,0,1,0.986602,0,0.000183563,ok,0
BBMSInter,67,931,1098,1022238,0.228024,1.45683e+07,38.2773,58.2227,13986,0,0,0,0,1,0.198725,0.029295,3.738e-06,ok,0
BBMSDppInstant,67,931,1098,1022238,0.248419,1.45683e+07,38.2773,222.605,56386,0,0,0,0,0,0.188623,0.059809,-1.2811e-05,ok,0
BBMSDppStepwise,67,931,1098,1022238,0.323498,1.45683e+07,38.2773,213.004,53802,0,0,0,0,4,0.252926,0.070513,5.8958e-05,ok,0
DijkstraPrims,67,931,1098,1022238,0.0786061,1.45683e+07,38.2773,38.2773,6255,0,0,0,0,1,0.078595,0,1.1142e-05,ok,0
BBMSCore,67,931,1098,1022238,0.984565,1.45683e+07,38.2773,38.2773,6000,0,0,0,0,3,0.974462,0.009998,0.000104647,ok,1
BBMSInter,67,931,1098,1022238,0.230939,1.45683e+07,38.2773,58.1172,13986,0,0,0,0,2,0.200669,0.030267,2.88e-06,ok,1
BBMSDppInstant,67,931,1098,1022238,0.253235,1.45683e+07,38.2773,222.633,56386,0,0,0,0,2,0.165875,0.087351,9.216e-06,ok,1
BBMSDppStepwise,67,931,1098,1022238,0.325899,1.45683e+07,38.2773,212.996,53802,0,0,0,0,1,0.265734,0.060169,-3.698e-06,ok,1
DijkstraPrims,67,931,1098,1022238,0.0787306,1.45683e+07,38.2773,38.2773,6255,0,0,0,0,1,0.078723,0,7.613e-06,ok,1
BBMSCore,67,931,1098,1022238,0.983963,1.45683e+07,38.2773,38.2773,6000,0,0,0,0,4,0.983725,0.00011,0.00012751,ok,2
BBMSInter,67,931,1098,1022238,0.227775,1.45683e+07,38.2773,58.2422,13986,0,0,0,0,0,0.208149,0.019639,-1.3239e-05,ok,2
BBMSDppInstant,67,931,1098,1022238,0.249965,1.45683e+07,38.2773,222.625,56386,0,0,0,0,4,0.168464,0.081439,6.1863e-05,ok,2
BBMSDppStepwise,67,931,1098,1022238,0.322933,1.45683e+07,38.2773,212.988,53802,0,0,0,0,1,0.21346,0.109474,-1.091e-06,ok,2
DijkstraPrims,67,931,1098,1022238,0.0780877,1.45683e+07,38.2773,38.2773,6255,0,0,0,0,1,0.067828,0.01025,9.734e-06,ok,2
BBMSCore,68,931,402,374262,0.468196,4.46573e+06,38.2773,38.2773,2202,0,0,0,0,4,0.467959,0,0.000236797,ok,0
BBMSInter,68,931,402,374262,0.0637741,4.46573e+06,38.2773,38.2773,5126,0,0,0,0,0,0.053824,0.009962,-1.1911e-05,ok,0
BBMSDppInstant,68,931,402,374262,0.0802957,4.46573e+06,38.2773,83.4922,20625,0,0,0,0,0,0.060874,0.019433,-1.1286e-05,ok,0
BBMSDppStepwise,68,931,402,374262,0.111064,4.46573e+06,38.2773,80.1172,19668,0,0,0,0,1,0.071807,0.039249,8.428e-06,ok,0
DijkstraPrims,68,931,402,374262,0.0263073,4.46573e+06,38.2773,38.2773,1943,0,0,0,0,0,0.026317,0,-9.724e-06,ok,0
BBMSCore,68,931,402,374262,0.468644,4.46573e+06,38.2773,38.2773,2202,0,0,0,0,1,0.468651,0,-7.126e-06,ok,1
BBMSInter,68,931,402,374262,0.0643801,4.46573e+06,38.2773,38.2773,5126,0,0,0,0,0,0.054381,0.010009,-9.901e-06,ok,1
BBMSDppInstant,68,931,402,374262,0.0797722,4.46573e+06,38.2773,83.5117,20625,0,0,0,0,0,0.0314,0.048383,-1.0795e-05,ok,1
BBMSDppStepwise,68,931,402,374262,0.107454,4.46573e+06,38.2773,80.1172,19668,0,0,0,0,1,0.087026,0.020427,6.5e-07,ok,1
DijkstraPrims,68,931,402,374262,0.0265792,4.46573e+06,38.2773,38.2773,1943,0,0,0,0,0,0.026591,0,-1.1783e-05,ok,1
BBMSCore,68,931,402,374262,0.467387,4.46573e+06,38.2773,38.2773,2202,0,0,0,0,3,0.467351,0,3.5577e-05,ok,2
BBMSInter,68,931,402,374262,0.064295,4.46573e+06,38.2773,38.2773,5126,0,0,0,0,0,0.052882,0.011422,-9.009e-06,ok,2
BBMSDppInstant,68,931,402,374262,0.0812825,4.46573e+06,38.2773,83.4883,20625,0,0,0,0,0,0.070753,0.01054,-1.0454e-05,ok,2
BBMSDppStepwise,68,931,402,374262,0.108302,4.46573e+06,38.2773,80.125,19668,0,0,0,0,0,0.098314,0.01,-1.2217e-05,ok,2
DijkstraPrims,68,931,402,374262,0.0264642,4.46573e+06,38.2773,38.2773,1943,0,0,0,0,0,0.026475,0,-1.0812e-05,ok,2
BBMSCore,69,687,1033,709671,0.691678,8.22491e+06,38.2773,38.2773,4169,0,0,0,0,3,0.691656,0,2.1513e-05,ok,0
BBMSInter,69,687,1033,709671,0.13311,8.22491e+06,38.2773,41.4727,9713,0,0,0,0,2,0.123121,0.009982,6.569e-06,ok,0
BBMSDppInstant,69,687,1033,709671,0.14959,8.22491e+06,38.2773,153.246,38503,0,0,0,0,1,0.100516,0.049075,-1.07e-06,ok,0
BBMSDppStepwise,69,687,1033,709671,0.171389,8.22491e+06,38.2773,148.48,37283,0,0,0,0,0,0.121862,0.049539,-1.1885e-05,ok,0
DijkstraPrims,69,687,1033,709671,0.0842894,8.22491e+06,38.2773,38.2773,6465,0,0,0,0,0,0.084301,0,-1.1618e-05,ok,0
BBMSCore,69,687,1033,709671,0.693646,8.22491e+06,38.2773,38.2773,4169,0,0,0,0,3,0.693556,0,8.9807e-05,ok,1
BBMSInter,69,687,1033,709671,0.133146,8.22491e+06,38.2773,41.4922,9713,0,0,0,0,1,0.123128,0.010013,5.104e-06,ok,1
BBMSDppInstant,69,687,1033,709671,0.150149,8.22491e+06,38.2773,153.254,38503,0,0,0,0,0,0.100527,0.049622,3.93e-07,ok,1
BBMSDppStepwise,69,687,1033,709671,0.173314,8.22491e+06,38.2773,148.484,37283,0,0,0,0,1,0.122755,0.050525,3.4288e-05,ok,1
DijkstraPrims,69,687,1033,709671,0.085036,8.22491e+06,38.2773,38.2773,6465,0,0,0,0,1,0.08504,0,-3.996e-06,ok,1
BBMSCore,69,687,1033,709671,0.690929,8.22491e+06,38.2773,38.2773,4169,0,0,0,0,1,0.680838,0.010098,-6.569e-06,ok,2
BBMSInter,69,687,1033,709671,0.133218,8.22491e+06,38.2773,41.4844,9713,0,0,0,0,1,0.103276,0.029942,-8.5e-08,ok,2
BBMSDppInstant,69,687,1033,709671,0.150123,8.22491e+06,38.2773,153.242,38503,0,0,0,0,0,0.108826,0.041309,-1.1671e-05,ok,2
BBMSDppStepwise,69,687,1033,709671,0.172478,8.22491e+06,38.2773,148.465,37283,0,0,0,0,3,0.122694,0.049742,4.2022e-05,ok,2
DijkstraPrims,69,687,1033,709671,0.0871682,8.22491e+06,38.2773,38.2773,6465,0,0,0,0,0,0.08718,0,-1.1803e-05,ok,2
BBMSCore,70,687,714,490518,0.311753,1.51654e+07,38.2773,38.2773,2884,0,0,0,0,2,0.311752,0,1.384e-06,ok,0
BBMSInter,70,687,714,490518,0.0513498,1.51654e+07,38.2773,38.2773,6716,0,0,0,0,0,0.051361,0,-1.122e-05,ok,0
BBMSDppInstant,70,687,714,490518,0.101515,1.51654e+07,38.2773,107.484,26703,0,0,0,0,0,0.071758,0.029771,-1.3548e-05,ok,0
BBMSDppStepwise,70,687,714,490518,0.116645,1.51654e+07,38.2773,104.117,25812,0,0,0,0,1,0.058581,0.058038,2.5906e-05,ok,0
DijkstraPrims,70,687,714,490518,0.0182987,1.51654e+07,38.2773,38.2773,1499,0,0,0,0,0,0.018309,0,-1.0305e-05,ok,0
BBMSCore,70,687,714,490518,0.312675,1.51654e+07,38.2773,38.2773,2884,0,0,0,0,1,0.312681,0,-5.71e-06,ok,1
BBMSInter,70,687,714,490518,0.0512071,1.51654e+07,38.2773,38.2773,6716,0,0,0,0,0,0.041385,0.009831,-8.938e-06,ok,1
BBMSDppInstant,70,687,714,490518,0.10066,1.51654e+07,38.2773,107.5,26703,0,0,0,0,0,0.071119,0.029553,-1.2257e-05,ok,1
BBMSDppStepwise,70,687,714,490518,0.11753,1.51654e+07,38.2773,104.125,25812,0,0,0,0,0,0.10727,0.010271,-1.0766e-05,ok,1
DijkstraPrims,70,687,714,490518,0.0186007,1.51654e+07,38.2773,38.2773,1499,0,0,0,0,1,0.01859,0,1.0714e-05,ok,1
BBMSCore,70,687,714,490518,0.31275,1.51654e+07,38.2773,38.2773,2884,0,0,0,0,1,0.302277,0.010478,-5.414e-06,ok,2
BBMSInter,70,687,714,490518,0.0519351,1.51654e+07,38.2773,38.2773,6716,0,0,0,0,0,0.041048,0.010898,-1.0874e-05,ok,2
BBMSDppInstant,70,687,714,490518,0.101033,1.51654e+07,38.2773,107.48,26703,0,0,0,0,0,0.058881,0.042163,-1.1483e-05,ok,2
BBMSDppStepwise,70,687,714,490518,0.119036,1.51654e+07,38.2773,104.07,25812,0,0,0,0,1,0.087947,0.031093,-3.865e-06,ok,2
DijkstraPrims,70,687,714,490518,0.0184557,1.51654e+07,38.2773,38.2773,1499,0,0,0,0,0,0.018467,0,-1.1282e-05,ok,2
BBMSCore,71,687,615,422505,0.492807,1.43116e+07,38.2773,38.2773,2485,0,0,0,0,1,0.492816,0,-8.672e-06,ok,0
BBMSInter,71,687,615,422505,0.0710574,1.43116e+07,38.2773,38.2773,5786,0,0,0,0,0,0.061166,0.009903,-1.1616e-05,ok,0
BBMSDppInstant,71,687,615,422505,0.0925123,1.43116e+07,38.2773,94.207,23302,0,0,0,0,0,0.072499,0.020027,-1.3698e-05,ok,0
BBMSDppStepwise,71,687,615,422505,0.109217,1.43116e+07,38.2773,90.2227,22249,0,0,0,0,0,0.088337,0.020892,-1.2191e-05,ok,0
DijkstraPrims,71,687,615,422505,0.0700701,1.43116e+07,38.2773,38.2773,5982,0,0,0,0,0,0.060039,0.010043,-1.1945e-05,ok,0
BBMSCore,71,687,615,422505,0.492108,1.43116e+07,38.2773,38.2773,2485,0,0,0,0,2,0.492111,0,-2.707e-06,ok,1
BBMSInter,71,687,615,422505,0.0704355,1.43116e+07,38.2773,38.2773,5786,0,0,0,0,0,0.070447,0,-1.1531e-05,ok,1
BBMSDppInstant,71,687,615,422505,0.0917268,1.43116e+07,38.2773,94.2383,23302,0,0,0,0,0,0.081786,0.009951,-1.0246e-05,ok,1
BBMSDppStepwise,71,687,615,422505,0.108585,1.43116e+07,38.2773,90.2266,22249,0,0,0,0,1,0.079277,0.029308,1.68e-07,ok,1
DijkstraPrims,71,687,615,422505,0.0704866,1.43116e+07,38.2773,38.2773,5982,0,0,0,0,0,0.070499,0,-1.2446e-05,ok,1
BBMSCore,71,687,615,422505,0.491999,1.43116e+07,38.2773,38.2773,2485,0,0,0,0,3,0.491988,0,1.1146e-05,ok,2
BBMSInter,71,687,615,422505,0.0707406,1.43116e+07,38.2773,38.2773,5786,0,0,0,0,1,0.060881,0.00986,-3.83e-07,ok,2
BBMSDppInstant,71,687,615,422505,0.0918687,1.43116e+07,38.2773,94.2109,23302,0,0,0,0,0,0.062002,0.029879,-1.2347e-05,ok,2
BBMSDppStepwise,71,687,615,422505,0.110647,1.43116e+07,38.2773,90.0742,22249,0,0,0,0,1,0.047425,0.063217,5.332e-06,ok,2
DijkstraPrims,71,687,615,422505,0.0705666,1.43116e+07,38.2773,38.2773,5982,0,0,0,0,1,0.059906,0.010665,-4.449e-06,ok,2
BBMSCore,72,687,3701,2542587,6.48063,1.34091e+07,38.2773,61.9922,14943,0,0,0,0,24,6.4604,0.019998,0.000224131,ok,0
BBMSInter,72,687,3701,2542587,0.682434,1.34091e+07,38.2773,139.602,34807,0,0,0,0,5,0.6323,0.050107,2.7347e-05,ok,0
BBMSDppInstant,72,687,3701,2542587,0.584332,1.34091e+07,38.2773,541.164,138646,0,0,0,0,3,0.376274,0.208011,4.7274e-05,ok,0
BBMSDppStepwise,72,687,3701,2542587,0.72387,1.34091e+07,38.2773,520.844,133259,0,0,0,0,3,0.555284,0.168565,2.1199e-05,ok,0
DijkstraPrims,72,687,3701,2542587,0.384091,1.34091e+07,38.2773,84.6836,26294,0,0,0,0,1,0.334832,0.049255,3.978e-06,ok,0
BBMSCore,72,687,3701,2542587,6.47818,1.34091e+07,38.2773,61.9922,14943,0,0,0,0,20,6.45706,0.020103,0.0010113,ok,1
BBMSInter,72,687,3701,2542587,0.67844,1.34091e+07,38.2773,139.617,34807,0,0,0,0,2,0.648518,0.029914,7.644e-06,ok,1
BBMSDppInstant,72,687,3701,2542587,0.57798,1.34091e+07,38.2773,541.172,138646,0,0,0,0,4,0.428567,0.149355,5.8131e-05,ok,1
BBMSDppStepwise,72,687,3701,2542587,0.730266,1.34091e+07,38.2773,520.848,133259,0,0,0,0,4,0.580319,0.149886,6.053e-05,ok,1
DijkstraPrims,72,687,3701,2542587,0.385099,1.34091e+07,38.2773,84.6797,26294,0,0,0,0,2,0.355459,0.029626,1.3998e-05,ok,1
BBMSCore,72,687,3701,2542587,6.48037,1.34091e+07,38.2773,61.9883,14943,0,0,0,0,26,6.44879,0.029991,0.00158737,ok,2
BBMSInter,72,687,3701,2542587,0.676883,1.34091e+07,38.2773,139.625,34807,0,0,0,0,0,0.656722,0.020179,-1.8457e-05,ok,2
BBMSDppInstant,72,687,3701,2542587,0.575825,1.34091e+07,38.2773,541.086,138646,0,0,0,0,5,0.374109,0.20165,6.6201e-05,ok,2
BBMSDppStepwise,72,687,3701,2542587,0.724111,1.34091e+07,38.2773,520.863,133259,0,0,0,0,2,0.533225,0.190877,9.254e-06,ok,2
DijkstraPrims,72,687,3701,2542587,0.382427,1.34091e+07,38.2773,84.6328,26294,0,0,0,0,1,0.35229,0.030128,9.059e-06,ok,2
BBMSCore,73,687,1170,803790,1.10063,6.13681e+06,38.2773,38.2773,4720,0,0,0,0,4,1.09042,0.010004,0.000205516,ok,0
BBMSInter,73,687,1170,803790,0.208483,6.13681e+06,38.2773,46.6094,11000,0,0,0,0,0,0.188499,0.0199,8.4124e-05,ok,0
BBMSDppInstant,73,687,1170,803790,0.174557,6.13681e+06,38.2773,173.211,43632,0,0,0,0,1,0.135443,0.039117,-3.136e-06,ok,0
BBMSDppStepwise,73,687,1170,803790,0.202294,6.13681e+06,38.2773,167.543,42148,0,0,0,0,3,0.161913,0.040355,2.6286e-05,ok,0
DijkstraPrims,73,687,1170,803790,0.0432004,6.13681e+06,38.2773,38.2773,3283,0,0,0,0,0,0.022242,0.020969,-1.0618e-05,ok,0
BBMSCore,73,687,1170,803790,1.09889,6.13681e+06,38.2773,38.2773,4720,0,0,0,0,3,1.09875,0,0.000137068,ok,1
BBMSInter,73,687,1170,803790,0.208577,6.13681e+06,38.2773,46.5898,11000,0,0,0,0,1,0.198242,0.010337,-2.093e-06,ok,1
BBMSDppInstant,73,687,1170,803790,0.175367,6.13681e+06,38.2773,173.191,43632,0,0,0,0,0,0.144652,0.030727,-1.1865e-05,ok,1
BBMSDppStepwise,73,687,1170,803790,0.203064,6.13681e+06,38.2773,167.363,42148,0,0,0,0,0,0.134757,0.068319,-1.1557e-05,ok,1
DijkstraPrims,73,687,1170,803790,0.0436124,6.13681e+06,38.2773,38.2773,3283,0,0,0,0,0,0.033222,0.010401,-1.0553e-05,ok,1
BBMSCore,73,687,1170,803790,1.10073,6.13681e+06,38.2773,38.2773,4720,0,0,0,0,3,1.10054,0,0.000197695,ok,2
BBMSInter,73,687,1170,803790,0.205636,6.13681e+06,38.2773,46.625,11000,0,0,0,0,1,0.185888,0.01968,6.8233e-05,ok,2
BBMSDppInstant,73,687,1170,803790,0.176194,6.13681e+06,38.2773,173.207,43632,0,0,0,0,0,0.145389,0.03082,-1.4826e-05,ok,2
BBMSDppStepwise,73,687,1170,803790,0.204008,6.13681e+06,38.2773,167.398,42148,0,0,0,0,0,0.163313,0.040709,-1.3616e-05,ok,2
DijkstraPrims,73,687,1170,803790,0.0436582,6.13681e+06,38.2773,38.2773,3283,0,0,0,0,0,0.043669,0,-1.0783e-05,ok,2
BBMSCore,74,687,1172,805164,1.12206,6.42163e+06,38.2773,38.2773,4728,0,0,0,0,3,1.11196,0.00994,0.000159859,ok,0
BBMSInter,74,687,1172,805164,0.270208,6.42163e+06,38.2773,46.625,11019,0,0,0,0,1,0.260176,0.010034,-1.942e-06,ok,0
BBMSDppInstant,74,687,1172,805164,0.179915,6.42163e+06,38.2773,173.543,43724,0,0,0,0,2,0.149808,0.0301,6.761e-06,ok,0
BBMSDppStepwise,74,687,1172,805164,0.20775,6.42163e+06,38.2773,168.023,42292,0,0,0,0,1,0.176648,0.0311,2.189e-06,ok,0
DijkstraPrims,74,687,1172,805164,0.0400824,6.42163e+06,38.2773,38.2773,3153,0,0,0,0,0,0.040094,0,-1.1637e-05,ok,0
BBMSCore,74,687,1172,805164,1.12283,6.42163e+06,38.2773,38.2773,4728,0,0,0,0,4,1.10276,0.019891,0.000181112,ok,1
BBMSInter,74,687,1172,805164,0.270652,6.42163e+06,38.2773,46.6172,11019,0,0,0,0,1,0.270633,0,1.9033e-05,ok,1
BBMSDppInstant,74,687,1172,805164,0.179644,6.42163e+06,38.2773,173.562,43724,0,0,0,0,1,0.139674,0.039968,1.581e-06,ok,1
BBMSDppStepwise,74,687,1172,805164,0.209159,6.42163e+06,38.2773,168.02,42292,0,0,0,0,2,0.149142,0.060006,1.0808e-05,ok,1
DijkstraPrims,74,687,1172,805164,0.0402122,6.42163e+06,38.2773,38.2773,3153,0,0,0,0,0,0.030073,0.010149,-9.848e-06,ok,1
BBMSCore,74,687,1172,805164,1.12324,6.42163e+06,38.2773,38.2773,4728,0,0,0,0,5,1.11309,0.009947,0.000203007,ok,2
BBMSInter,74,687,1172,805164,0.271868,6.42163e+06,38.2773,46.6172,11019,0,0,0,0,3,0.26159,0.010073,0.000204931,ok,2
BBMSDppInstant,74,687,1172,805164,0.183531,6.42163e+06,38.2773,173.562,43724,0,0,0,0,1,0.095559,0.087968,3.579e-06,ok,2
BBMSDppStepwise,74,687,1172,805164,0.211239,6.42163e+06,38.2773,167.941,42292,0,0,0,0,1,0.160825,0.050417,-2.672e-06,ok,2
DijkstraPrims,74,687,1172,805164,0.0408628,6.42163e+06,38.2773,38.2773,3153,0,0,0,0,0,0.030691,0.010182,-1.0202e-05,ok,2
BBMSCore,75,687,262,179994,0.0511653,6.46643e+06,38.2773,38.2773,1061,0,0,0,0,0,0.051178,0,-1.2682e-05,ok,0
BBMSInter,75,687,262,179994,0.0287352,6.46643e+06,38.2773,38.2773,2467,0,0,0,0,0,0.018738,0.010009,-1.1788e-05,ok,0
BBMSDppInstant,75,687,262,179994,0.0385897,6.46643e+06,38.2773,43.1172,10137,0,0,0,0,0,0.028626,0.009975,-1.1258e-05,ok,0
BBMSDppStepwise,75,687,262,179994,0.0435089,6.46643e+06,38.2773,41.875,9815,0,0,0,0,0,0.033915,0.009605,-1.1127e-05,ok,0
DijkstraPrims,75,687,262,179994,0.0180974,6.46643e+06,38.2773,38.2773,1518,0,0,0,0,0,0.008197,0.009912,-1.1598e-05,ok,0
BBMSCore,75,687,262,179994,0.051277,6.46643e+06,38.2773,38.2773,1061,0,0,0,0,0,0.041919,0.00937,-1.1951e-05,ok,1
BBMSInter,75,687,262,179994,0.0287742,6.46643e+06,38.2773,38.2773,2467,0,0,0,0,1,0.028761,0,1.3212e-05,ok,1
BBMSDppInstant,75,687,262,179994,0.0387406,6.46643e+06,38.2773,43.1211,10137,0,0,0,0,0,0.038751,0,-1.0439e-05,ok,1
BBMSDppStepwise,75,687,262,179994,0.0438628,6.46643e+06,38.2773,41.8672,9815,0,0,0,0,0,0.043875,0,-1.2225e-05,ok,1
DijkstraPrims,75,687,262,179994,0.0181946,6.46643e+06,38.2773,38.2773,1518,0,0,0,0,2,0.018022,0,0.000172558,ok,1
BBMSCore,75,687,262,179994,0.051174,6.46643e+06,38.2773,38.2773,1061,0,0,0,0,1,0.051166,0,7.984e-06,ok,2
BBMSInter,75,687,262,179994,0.0291165,6.46643e+06,38.2773,38.2773,2467,0,0,0,0,1,0.029105,0,1.1479e-05,ok,2
BBMSDppInstant,75,687,262,179994,0.0388163,6.46643e+06,38.2773,43.1172,10137,0,0,0,0,1,0.018766,0.020042,8.269e-06,ok,2
BBMSDppStepwise,75,687,262,179994,0.0454509,6.46643e+06,38.2773,41.8711,9815,0,0,0,0,0,0.024115,0.021348,-1.2061e-05,ok,2
DijkstraPrims,75,687,262,179994,0.0182724,6.46643e+06,38.2773,38.2773,1518,0,0,0,0,0,0.018255,3e-05,-1.2558e-05,ok,2
BBMSCore,76,687,24,16488,0.000738563,6.20629e+06,38.2773,38.2773,99,0,0,0,0,0,0.000748,0,-9.437e-06,ok,0
BBMSInter,76,687,24,16488,0.000694245,6.20629e+06,38.2773,38.2773,228,0,0,0,0,0,0.000701,0,-6.755e-06,ok,0
BBMSDppInstant,76,687,24,16488,0.00293952,6.20629e+06,38.2773,38.2773,880,0,0,0,0,0,0.002948,0,-8.482e-06,ok,0
BBMSDppStepwise,76,687,24,16488,0.00300686,6.20629e+06,38.2773,38.2773,859,0,0,0,0,1,0.002997,0,9.86e-06,ok,0
DijkstraPrims,76,687,24,16488,0.000946723,6.20629e+06,38.2773,38.2773,70,0,0,0,0,0,0.000955,0,-8.277e-06,ok,0
BBMSCore,76,687,24,16488,0.000764779,6.20629e+06,38.2773,38.2773,99,0,0,0,0,0,0.000778,0,-1.3221e-05,ok,1
BBMSInter,76,687,24,16488,0.000731736,6.20629e+06,38.2773,38.2773,228,0,0,0,0,0,0.000743,0,-1.1264e-05,ok,1
BBMSDppInstant,76,687,24,16488,0.00296796,6.20629e+06,38.2773,38.2773,880,0,0,0,0,0,0.002976,0,-8.035e-06,ok,1
BBMSDppStepwise,76,687,24,16488,0.00291684,6.20629e+06,38.2773,38.2773,859,0,0,0,0,0,0.002507,0.000418,-8.163e-06,ok,1
DijkstraPrims,76,687,24,16488,0.000948415,6.20629e+06,38.2773,38.2773,70,0,0,0,0,0,0.000958,0,-9.585e-06,ok,1
BBMSCore,76,687,24,16488,0.000713175,6.20629e+06,38.2773,38.2773,99,0,0,0,0,0,0.000722,0,-8.825e-06,ok,2
BBMSInter,76,687,24,16488,0.000720774,6.20629e+06,38.2773,38.2773,228,0,0,0,0,0,0.000729,0,-8.226e-06,ok,2
BBMSDppInstant,76,687,24,16488,0.00293089,6.20629e+06,38.2773,38.2773,880,0,0,0,0,0,0.002939,0,-8.106e-06,ok,2
BBMSDppStepwise,76,687,24,16488,0.00298159,6.20629e+06,38.2773,38.2773,859,0,0,0,0,0,0.002992,0,-1.0408e-05,ok,2
DijkstraPrims,76,687,24,16488,0.000944126,6.20629e+06,38.2773,38.2773,70,0,0,0,0,0,0.000952,0,-7.874e-06,ok,2
BBMSCore,77,687,432,296784,0.390654,2.82726e+06,38.2773,38.2773,1747,0,0,0,0,2,0.3806,0.01005,4.282e-06,ok,0
BBMSInter,77,687,432,296784,0.0199704,2.82726e+06,38.2773,38.2773,4066,0,0,0,0,0,0.019981,0,-1.0591e-05,ok,0
BBMSDppInstant,77,687,432,296784,0.055578,2.82726e+06,38.2773,65.8594,16009,0,0,0,0,0,0.026228,0.029359,-9.041e-06,ok,0
BBMSDppStepwise,77,687,432,296784,0.0641548,2.82726e+06,38.2773,63.5,15405,0,0,0,0,1,0.053636,0.010503,1.5816e-05,ok,0
DijkstraPrims,77,687,432,296784,0.0349605,2.82726e+06,38.2773,38.2773,2923,0,0,0,0,0,0.024183,0.010789,-1.1513e-05,ok,0
BBMSCore,77,687,432,296784,0.390629,2.82726e+06,38.2773,38.2773,1747,0,0,0,0,2,0.39061,0,1.8994e-05,ok,1
BBMSInter,77,687,432,296784,0.0197471,2.82726e+06,38.2773,38.2773,4066,0,0,0,0,0,0.009543,0.010213,-8.92e-06,ok,1
BBMSDppInstant,77,687,432,296784,0.0558535,2.82726e+06,38.2773,65.8672,16009,0,0,0,0,0,0.0549,0.000964,-1.0519e-05,ok,1
BBMSDppStepwise,77,687,432,296784,0.0640102,2.82726e+06,38.2773,63.4805,15405,0,0,0,0,0,0.063187,0.000834,-1.0834e-05,ok,1
DijkstraPrims,77,687,432,296784,0.0344129,2.82726e+06,38.2773,38.2773,2923,0,0,0,0,0,0.034425,0,-1.2074e-05,ok,1
BBMSCore,77,687,432,296784,0.391047,2.82726e+06,38.2773,38.2773,1747,0,0,0,0,4,0.381162,0.009846,3.9204e-05,ok,2
BBMSInter,77,687,432,296784,0.019986,2.82726e+06,38.2773,38.2773,4066,0,0,0,0,0,0.019998,0,-1.2018e-05,ok,2
BBMSDppInstant,77,687,432,296784,0.0559905,2.82726e+06,38.2773,65.8516,16009,0,0,0,0,0,0.056002,0,-1.1477e-05,ok,2
BBMSDppStepwise,77,687,432,296784,0.0654514,2.82726e+06,38.2773,63.4922,15405,0,0,0,0,0,0.065464,0,-1.2616e-05,ok,2
DijkstraPrims,77,687,432,296784,0.0349048,2.82726e+06,38.2773,38.2773,2923,0,0,0,0,0,0.034916,0,-1.1212e-05,ok,2
BBMSCore,78,687,1045,717915,0.754245,1.58242e+07,38.2773,38.2773,4217,0,0,0,0,3,0.734305,0.019925,1.5002e-05,ok,0
BBMSInter,78,687,1045,717915,0.0854104,1.58242e+07,38.2773,41.9922,9826,0,0,0,0,0,0.074825,0.010597,-1.1573e-05,ok,0
BBMSDppInstant,78,687,1045,717915,0.15759,1.58242e+07,38.2773,157.125,39559,0,0,0,0,0,0.117513,0.04009,-1.2941e-05,ok,0
BBMSDppStepwise,78,687,1045,717915,0.180956,1.58242e+07,38.2773,148.961,37418,0,0,0,0,0,0.11998,0.060989,-1.283e-05,ok,0
DijkstraPrims,78,687,1045,717915,0.0800464,1.58242e+07,38.2773,38.2773,5905,0,0,0,0,0,0.080057,0,-1.058e-05,ok,0
BBMSCore,78,687,1045,717915,0.754524,1.58242e+07,38.2773,38.2773,4217,0,0,0,0,5,0.734529,0.019925,7.0352e-05,ok,1
BBMSInter,78,687,1045,717915,0.085092,1.58242e+07,38.2773,42.0117,9826,0,0,0,0,0,0.085104,0,-1.2017e-05,ok,1
BBMSDppInstant,78,687,1045,717915,0.156619,1.58242e+07,38.2773,157.125,39559,0,0,0,0,2,0.116726,0.03986,3.3049e-05,ok,1
BBMSDppStepwise,78,687,1045,717915,0.182134,1.58242e+07,38.2773,148.965,37418,0,0,0,0,0,0.131145,0.051003,-1.3797e-05,ok,1
DijkstraPrims,78,687,1045,717915,0.0789067,1.58242e+07,38.2773,38.2773,5905,0,0,0,0,0,0.078918,0,-1.1321e-05,ok,1
BBMSCore,78,687,1045,717915,0.753448,1.58242e+07,38.2773,38.2773,4217,0,0,0,0,2,0.743377,0.010075,-3.772e-06,ok,2
BBMSInter,78,687,1045,717915,0.0840513,1.58242e+07,38.2773,41.9844,9826,0,0,0,0,0,0.073578,0.010483,-9.658e-06,ok,2
BBMSDppInstant,78,687,1045,717915,0.15248,1.58242e+07,38.2773,156.902,39559,0,0,0,0,0,0.113371,0.03912,-1.1255e-05,ok,2
BBMSDppStepwise,78,687,1045,717915,0.177281,1.58242e+07,38.2773,148.969,37418,0,0,0,0,0,0.117183,0.06011,-1.2422e-05,ok,2
DijkstraPrims,78,687,1045,717915,0.078464,1.58242e+07,38.2773,38.2773,5905,0,0,0,0,0,0.068608,0.009866,-1.0009e-05,ok,2
BBMSCore,79,687,377,258999,0.174718,5.59277e+06,38.2773,38.2773,1526,0,0,0,0,0,0.164824,0.009906,-1.2228e-05,ok,0
BBMSInter,79,687,377,258999,0.0275723,5.59277e+06,38.2773,38.2773,3550,0,0,0,0,0,0.017511,0.010073,-1.1659e-05,ok,0
BBMSDppInstant,79,687,377,258999,0.0487332,5.59277e+06,38.2773,57.9922,13935,0,0,0,0,0,0.038478,0.010268,-1.2778e-05,ok,0
BBMSDppStepwise,79,687,377,258999,0.0560777,5.59277e+06,38.2773,56.3672,13527,0,0,0,0,0,0.016379,0.039711,-1.233e-05,ok,0
DijkstraPrims,79,687,377,258999,0.00358699,5.59277e+06,38.2773,38.2773,318,0,0,0,0,0,0.003599,0,-1.2012e-05,ok,0
BBMSCore,79,687,377,258999,0.176055,5.59277e+06,38.2773,38.2773,1526,0,0,0,0,0,0.166107,0.009961,-1.2995e-05,ok,1
BBMSInter,79,687,377,258999,0.0274709,5.59277e+06,38.2773,38.2773,3550,0,0,0,0,0,0.027482,0,-1.1085e-05,ok,1
BBMSDppInstant,79,687,377,258999,0.0488247,5.59277e+06,38.2773,58,13935,0,0,0,0,0,0.028459,0.020378,-1.2343e-05,ok,1
BBMSDppStepwise,79,687,377,258999,0.0571683,5.59277e+06,38.2773,56.1094,13527,0,0,0,0,0,0.037105,0.020076,-1.2699e-05,ok,1
DijkstraPrims,79,687,377,258999,0.00357116,5.59277e+06,38.2773,38.2773,318,0,0,0,0,0,0.003582,0,-1.0838e-05,ok,1
BBMSCore,79,687,377,258999,0.175125,5.59277e+06,38.2773,38.2773,1526,0,0,0,0,1,0.175113,0,1.1754e-05,ok,2
BBMSInter,79,687,377,258999,0.0277107,5.59277e+06,38.2773,38.2773,3550,0,0,0,0,0,0.027723,0,-1.2331e-05,ok,2
BBMSDppInstant,79,687,377,258999,0.0491561,5.59277e+06,38.2773,57.9922,13935,0,0,0,0,1,0.038931,0.010219,6.094e-06,ok,2
BBMSDppStepwise,79,687,377,258999,0.0558402,5.59277e+06,38.2773,56.3789,13527,0,0,0,0,1,0.026129,0.029712,-7.87e-07,ok,2
DijkstraPrims,79,687,377,258999,0.00353322,5.59277e+06,38.2773,38.2773,318,0,0,0,0,0,0.003542,0,-8.782e-06,ok,2
BBMSCore,80,687,2423,1664601,2.3971,2.03248e+07,38.2773,41.8398,9790,0,0,0,0,9,2.38699,0.010004,0.000107535,ok,0
BBMSInter,80,687,2423,1664601,0.426118,2.03248e+07,38.2773,92.6172,22795,0,0,0,0,1,0.396817,0.029302,-1.036e-06,ok,0
BBMSDppInstant,80,687,2423,1664601,0.406479,2.03248e+07,38.2773,359,91800,0,0,0,0,3,0.326234,0.080189,5.6306e-05,ok,0
BBMSDppStepwise,80,687,2423,1664601,0.481332,2.03248e+07,38.2773,341.578,86969,0,0,0,0,2,0.370143,0.111181,8.384e-06,ok,0
DijkstraPrims,80,687,2423,1664601,0.220849,2.03248e+07,38.2773,47.1133,13839,0,0,0,0,0,0.220861,0,-1.2201e-05,ok,0
BBMSCore,80,687,2423,1664601,2.40203,2.03248e+07,38.2773,41.8633,9790,0,0,0,0,9,2.39162,0.010024,0.000386878,ok,1
BBMSInter,80,687,2423,1664601,0.425125,2.03248e+07,38.2773,92.6172,22795,0,0,0,0,2,0.394353,0.030745,2.6844e-05,ok,1
BBMSDppInstant,80,687,2423,1664601,0.406852,2.03248e+07,38.2773,359.07,91800,0,0,0,0,1,0.308034,0.098818,3.94e-07,ok,1
BBMSDppStepwise,80,687,2423,1664601,0.483313,2.03248e+07,38.2773,341.762,86969,0,0,0,0,4,0.413589,0.06968,4.3897e-05,ok,1
DijkstraPrims,80,687,2423,1664601,0.225866,2.03248e+07,38.2773,47.1055,13839,0,0,0,0,1,0.214913,0.010809,0.000143807,ok,1
BBMSCore,80,687,2423,1664601,2.39587,2.03248e+07,38.2773,41.8672,9790,0,0,0,0,8,2.3856,0.01,0.000267723,ok,2
BBMSInter,80,687,2423,1664601,0.424083,2.03248e+07,38.2773,92.6172,22795,0,0,0,0,3,0.394148,0.029907,2.7935e-05,ok,2
BBMSDppInstant,80,687,2423,1664601,0.409194,2.03248e+07,38.2773,359.062,91800,0,0,0,0,3,0.308427,0.100725,4.1782e-05,ok,2
BBMSDppStepwise,80,687,2423,1664601,0.482624,2.03248e+07,38.2773,341.746,86969,0,0,0,0,2,0.393089,0.089521,1.3716e-05,ok,2
DijkstraPrims,80,687,2423,1664601,0.223177,2.03248e+07,38.2773,47.0781,13839,0,0,0,0,1,0.213266,0.009913,-2.083e-06,ok,2
BBMSCore,81,687,40,27480,0.021268,9.32285e+06,38.2773,38.2773,164,0,0,0,0,0,0.020974,0.000303,-8.986e-06,ok,0
BBMSInter,81,687,40,27480,0.00112108,9.32285e+06,38.2773,38.2773,378,0,0,0,0,0,0.001129,0,-7.92e-06,ok,0
BBMSDppInstant,81,687,40,27480,0.00439285,9.32285e+06,38.2773,38.2773,1454,0,0,0,0,0,0.0044,0,-7.147e-06,ok,0
BBMSDppStepwise,81,687,40,27480,0.00431079,9.32285e+06,38.2773,38.2773,1417,0,0,0,0,0,0.004319,0,-8.206e-06,ok,0
DijkstraPrims,81,687,40,27480,0.00115952,9.32285e+06,38.2773,38.2773,81,0,0,0,0,0,0.001167,0,-7.479e-06,ok,0
BBMSCore,81,687,40,27480,0.0212285,9.32285e+06,38.2773,38.2773,164,0,0,0,0,0,0.021236,0,-7.535e-06,ok,1
BBMSInter,81,687,40,27480,0.00115461,9.32285e+06,38.2773,38.2773,378,0,0,0,0,0,0,0.001162,-7.393e-06,ok,1
BBMSDppInstant,81,687,40,27480,0.00461989,9.32285e+06,38.2773,38.2773,1454,0,0,0,0,0,0,0.004626,-6.107e-06,ok,1
BBMSDppStepwise,81,687,40,27480,0.00438837,9.32285e+06,38.2773,38.2773,1417,0,0,0,0,0,0.004397,0,-8.632e-06,ok,1
DijkstraPrims,81,687,40,27480,0.0011513,9.32285e+06,38.2773,38.2773,81,0,0,0,0,0,0.001159,0,-7.701e-06,ok,1
BBMSCore,81,687,40,27480,0.0212328,9.32285e+06,38.2773,38.2773,164,0,0,0,0,0,0.021241,0,-8.164e-06,ok,2
BBMSInter,81,687,40,27480,0.00113053,9.32285e+06,38.2773,38.2773,378,0,0,0,0,0,0.001138,0,-7.468e-06,ok,2
BBMSDppInstant,81,687,40,27480,0.00434849,9.32285e+06,38.2773,38.2773,1454,0,0,0,0,0,0.004356,0,-7.514e-06,ok,2
BBMSDppStepwise,81,687,40,27480,0.0043801,9.32285e+06,38.2773,38.2773,1417,0,0,0,0,0,0.00376,0.000627,-6.901e-06,ok,2
DijkstraPrims,81,687,40,27480,0.00115092,9.32285e+06,38.2773,38.2773,81,0,0,0,0,0,0.000994,0.000166,-9.078e-06,ok,2
BBMSCore,82,687,149,102363,0.0912133,2.92218e+06,38.2773,38.2773,606,0,0,0,0,0,0.091224,0,-1.0711e-05,ok,0
BBMSInter,82,687,149,102363,0.00911428,2.92218e+06,38.2773,38.2773,1406,0,0,0,0,0,0,0.009123,-8.715e-06,ok,0
BBMSDppInstant,82,687,149,102363,0.0179866,2.92218e+06,38.2773,38.2773,5527,0,0,0,0,0,0.017995,0,-8.364e-06,ok,0
BBMSDppStepwise,82,687,149,102363,0.0201527,2.92218e+06,38.2773,38.2773,5364,0,0,0,0,0,0.009553,0.01061,-1.0322e-05,ok,0
DijkstraPrims,82,687,149,102363,0.00268003,2.92218e+06,38.2773,38.2773,185,0,0,0,0,0,0.002304,0.000384,-7.971e-06,ok,0
BBMSCore,82,687,149,102363,0.091311,2.92218e+06,38.2773,38.2773,606,0,0,0,0,2,0.091135,0,0.000175959,ok,1
BBMSInter,82,687,149,102363,0.00912883,2.92218e+06,38.2773,38.2773,1406,0,0,0,0,0,0.009138,0,-9.171e-06,ok,1
BBMSDppInstant,82,687,149,102363,0.0180324,2.92218e+06,38.2773,38.2773,5527,0,0,0,0,0,0.007703,0.010337,-7.642e-06,ok,1
BBMSDppStepwise,82,687,149,102363,0.020056,2.92218e+06,38.2773,38.2773,5364,0,0,0,0,0,0.020066,0,-1.0006e-05,ok,1
DijkstraPrims,82,687,149,102363,0.00270355,2.92218e+06,38.2773,38.2773,185,0,0,0,0,0,0.002712,0,-8.447e-06,ok,1
BBMSCore,82,687,149,102363,0.0911533,2.92218e+06,38.2773,38.2773,606,0,0,0,0,1,0.090644,0.000503,6.269e-06,ok,2
BBMSInter,82,687,149,102363,0.00911256,2.92218e+06,38.2773,38.2773,1406,0,0,0,0,1,0.009103,0,9.559e-06,ok,2
BBMSDppInstant,82,687,149,102363,0.018066,2.92218e+06,38.2773,38.2773,5527,0,0,0,0,0,0.00775,0.010325,-8.97e-06,ok,2
BBMSDppStepwise,82,687,149,102363,0.0198563,2.92218e+06,38.2773,38.2773,5364,0,0,0,0,0,0.018537,0.001328,-8.695e-06,ok,2
DijkstraPrims,82,687,149,102363,0.00270658,2.92218e+06,38.2773,38.2773,185,0,0,0,0,0,0.002715,0,-8.423e-06,ok,2
BBMSCore,83,687,1009,693183,0.6152,3.94873e+06,38.2773,38.2773,4072,0,0,0,0,2,0.605187,0.010006,6.565e-06,ok,0
BBMSInter,83,687,1009,693183,0.0936339,3.94873e+06,38.2773,40.5,9488,0,0,0,0,1,0.083675,0.009963,-4.068e-06,ok,0
BBMSDppInstant,83,687,1009,693183,0.141626,3.94873e+06,38.2773,150.266,37776,0,0,0,0,0,0.092295,0.049343,-1.1932e-05,ok,0
BBMSDppStepwise,83,687,1009,693183,0.161361,3.94873e+06,38.2773,144.836,36330,0,0,0,0,0,0.13177,0.029603,-1.1876e-05,ok,0
DijkstraPrims,83,687,1009,693183,0.0979312,3.94873e+06,38.2773,38.2773,7498,0,0,0,0,0,0.077502,0.020441,-1.1822e-05,ok,0
BBMSCore,83,687,1009,693183,0.615406,3.94873e+06,38.2773,38.2773,4072,0,0,0,0,1,0.615259,0,0.00014714,ok,1
BBMSInter,83,687,1009,693183,0.0914423,3.94873e+06,38.2773,40.6172,9488,0,0,0,0,0,0.091005,0.000447,-9.659e-06,ok,1
BBMSDppInstant,83,687,1009,693183,0.142472,3.94873e+06,38.2773,150.273,37776,0,0,0,0,0,0.12264,0.019829,2.573e-06,ok,1
BBMSDppStepwise,83,687,1009,693183,0.162719,3.94873e+06,38.2773,144.836,36330,0,0,0,0,3,0.122939,0.039747,3.3472e-05,ok,1
DijkstraPrims,83,687,1009,693183,0.099501,3.94873e+06,38.2773,38.2773,7498,0,0,0,0,0,0.068479,0.031034,-1.2039e-05,ok,1
BBMSCore,83,687,1009,693183,0.614995,3.94873e+06,38.2773,38.2773,4072,0,0,0,0,2,0.614994,0,1.189e-06,ok,2
BBMSInter,83,687,1009,693183,0.0926955,3.94873e+06,38.2773,40.6055,9488,0,0,0,0,0,0.082806,0.009901,-1.1517e-05,ok,2
BBMSDppInstant,83,687,1009,693183,0.143024,3.94873e+06,38.2773,150.082,37776,0,0,0,0,1,0.113206,0.029823,-5.284e-06,ok,2
BBMSDppStepwise,83,687,1009,693183,0.163429,3.94873e+06,38.2773,144.848,36330,0,0,0,0,1,0.112966,0.050461,1.708e-06,ok,2
DijkstraPrims,83,687,1009,693183,0.0972304,3.94873e+06,38.2773,38.2773,7498,0,0,0,0,0,0.097241,0,-1.0601e-05,ok,2
BBMSCore,84,687,631,433497,0.365674,1.25989e+07,38.2773,38.2773,2550,0,0,0,0,0,0.365688,0,-1.4199e-05,ok,0
BBMSInter,84,687,631,433497,0.0480428,1.25989e+07,38.2773,38.2773,5936,0,0,0,0,0,0.038466,0.009588,-1.1174e-05,ok,0
BBMSDppInstant,84,687,631,433497,0.0884675,1.25989e+07,38.2773,97.1289,24036,0,0,0,0,0,0.057533,0.030945,-1.0534e-05,ok,0
BBMSDppStepwise,84,687,631,433497,0.103365,1.25989e+07,38.2773,92.0898,22750,0,0,0,0,1,0.063435,0.039901,2.9425e-05,ok,0
DijkstraPrims,84,687,631,433497,0.0721193,1.25989e+07,38.2773,38.2773,5700,0,0,0,0,0,0.062253,0.009878,-1.1657e-05,ok,0
BBMSCore,84,687,631,433497,0.365835,1.25989e+07,38.2773,38.2773,2550,0,0,0,0,1,0.365469,0.000373,-7.013e-06,ok,1
BBMSInter,84,687,631,433497,0.0484652,1.25989e+07,38.2773,38.2773,5936,0,0,0,0,0,0.038066,0.01041,-1.0751e-05,ok,1
BBMSDppInstant,84,687,631,433497,0.0885633,1.25989e+07,38.2773,97.125,24036,0,0,0,0,0,0.049845,0.03873,-1.1708e-05,ok,1
BBMSDppStepwise,84,687,631,433497,0.104166,1.25989e+07,38.2773,92.1172,22750,0,0,0,0,1,0.084086,0.02008,-2.47e-07,ok,1
DijkstraPrims,84,687,631,433497,0.072008,1.25989e+07,38.2773,38.2773,5700,0,0,0,0,0,0.062128,0.00989,-9.969e-06,ok,1
BBMSCore,84,687,631,433497,0.366218,1.25989e+07,38.2773,38.2773,2550,0,0,0,0,0,0.366233,0,-1.4731e-05,ok,2
BBMSInter,84,687,631,433497,0.04832,1.25989e+07,38.2773,38.2773,5936,0,0,0,0,0,0.038694,0.009638,-1.201e-05,ok,2
BBMSDppInstant,84,687,631,433497,0.0879501,1.25989e+07,38.2773,97.125,24036,0,0,0,0,0,0.057088,0.030873,-1.0932e-05,ok,2
BBMSDppStepwise,84,687,631,433497,0.10579,1.25989e+07,38.2773,92.0898,22750,0,0,0,0,1,0.085517,0.020276,-2.549e-06,ok,2
DijkstraPrims,84,687,631,433497,0.0724193,1.25989e+07,38.2773,38.2773,5700,0,0,0,0,0,0.052555,0.019874,-9.731e-06,ok,2
BBMSCore,85,687,542,372354,0.498712,2.94088e+06,38.2773,38.2773,2190,0,0,0,0,0,0.498717,0,-4.741e-06,ok,0
BBMSInter,85,687,542,372354,0.0320501,2.94088e+06,38.2773,38.2773,5099,0,0,0,0,1,0.032052,0,-1.853e-06,ok,0
BBMSDppInstant,85,687,542,372354,0.0696877,2.94088e+06,38.2773,81.7539,20073,0,0,0,0,1,0.028401,0.041283,3.702e-06,ok,0
BBMSDppStepwise,85,687,542,372354,0.0802624,2.94088e+06,38.2773,79.1523,19413,0,0,0,0,0,0.069754,0.010519,-1.0609e-05,ok,0
DijkstraPrims,85,687,542,372354,0.025595,2.94088e+06,38.2773,38.2773,1811,0,0,0,0,0,0.025605,0,-1.003e-05,ok,0
BBMSCore,85,687,542,372354,0.498086,2.94088e+06,38.2773,38.2773,2190,0,0,0,0,1,0.49809,0,-4.135e-06,ok,1
BBMSInter,85,687,542,372354,0.0321884,2.94088e+06,38.2773,38.2773,5099,0,0,0,0,0,0.022291,0.009907,-9.604e-06,ok,1
BBMSDppInstant,85,687,542,372354,0.0697636,2.94088e+06,38.2773,81.7422,20073,0,0,0,0,1,0.038329,0.031438,-3.361e-06,ok,1
BBMSDppStepwise,85,687,542,372354,0.0800973,2.94088e+06,38.2773,79.1172,19413,0,0,0,0,0,0.048583,0.031526,-1.1725e-05,ok,1
DijkstraPrims,85,687,542,372354,0.0255855,2.94088e+06,38.2773,38.2773,1811,0,0,0,0,0,0.025597,0,-1.1505e-05,ok,1
BBMSCore,85,687,542,372354,0.498868,2.94088e+06,38.2773,38.2773,2190,0,0,0,0,0,0.498814,0,5.4106e-05,ok,2
BBMSInter,85,687,542,372354,0.0325642,2.94088e+06,38.2773,38.2773,5099,0,0,0,0,2,0.032552,0,1.2163e-05,ok,2
BBMSDppInstant,85,687,542,372354,0.0704582,2.94088e+06,38.2773,81.7344,20073,0,0,0,0,1,0.040786,0.029659,1.3185e-05,ok,2
BBMSDppStepwise,85,687,542,372354,0.0809995,2.94088e+06,38.2773,79.1016,19413,0,0,0,0,0,0.05145,0.029561,-1.1535e-05,ok,2
DijkstraPrims,85,687,542,372354,0.0256559,2.94088e+06,38.2773,38.2773,1811,0,0,0,0,0,0.025666,0,-1.013e-05,ok,2
BBMSCore,86,687,215,147705,0.236227,5.76878e+06,38.2773,38.2773,872,0,0,0,0,1,0.236218,0,8.676e-06,ok,0
BBMSInter,86,687,215,147705,0.0345144,5.76878e+06,38.2773,38.2773,2026,0,0,0,0,0,0.034526,0,-1.1553e-05,ok,0
BBMSDppInstant,86,687,215,147705,0.0302522,5.76878e+06,38.2773,38.2773,8001,0,0,0,0,0,0.020541,0.009724,-1.2789e-05,ok,0
BBMSDppStepwise,86,687,215,147705,0.0341913,5.76878e+06,38.2773,38.2773,7759,0,0,0,0,0,0.034204,0,-1.2744e-05,ok,0
DijkstraPrims,86,687,215,147705,0.00681304,5.76878e+06,38.2773,38.2773,661,0,0,0,0,0,0.006825,0,-1.1956e-05,ok,0
BBMSCore,86,687,215,147705,0.236089,5.76878e+06,38.2773,38.2773,872,0,0,0,0,0,0.235587,0.000514,-1.2444e-05,ok,1
BBMSInter,86,687,215,147705,0.034522,5.76878e+06,38.2773,38.2773,2026,0,0,0,0,0,0.034531,0,-9.023e-06,ok,1
BBMSDppInstant,86,687,215,147705,0.0298489,5.76878e+06,38.2773,38.2773,8001,0,0,0,0,0,0.008374,0.021487,-1.2108e-05,ok,1
BBMSDppStepwise,86,687,215,147705,0.0341119,5.76878e+06,38.2773,38.2773,7759,0,0,0,0,0,0.034124,0,-1.214e-05,ok,1
DijkstraPrims,86,687,215,147705,0.00692174,5.76878e+06,38.2773,38.2773,661,0,0,0,0,0,0.006932,0,-1.0256e-05,ok,1
BBMSCore,86,687,215,147705,0.236894,5.76878e+06,38.2773,38.2773,872,0,0,0,0,3,0.236586,0.000251,5.652e-05,ok,2
BBMSInter,86,687,215,147705,0.0345826,5.76878e+06,38.2773,38.2773,2026,0,0,0,0,0,0.034594,0,-1.1395e-05,ok,2
BBMSDppInstant,86,687,215,147705,0.0297886,5.76878e+06,38.2773,38.2773,8001,0,0,0,0,0,0.010231,0.019569,-1.1406e-05,ok,2
BBMSDppStepwise,86,687,215,147705,0.0337887,5.76878e+06,38.2773,38.2773,7759,0,0,0,0,0,0.023718,0.010082,-1.1331e-05,ok,2
DijkstraPrims,86,687,215,147705,0.0068779,5.76878e+06,38.2773,38.2773,661,0,0,0,0,0,0.006889,0,-1.1099e-05,ok,2
BBMSCore,87,687,1445,992715,0.96344,1.24837e+07,38.2773,38.2773,5837,0,0,0,0,5,0.963394,0,4.5759e-05,ok,0
BBMSInter,87,687,1445,992715,0.260959,1.24837e+07,38.2773,56.7383,13593,0,0,0,0,0,0.241032,0.019941,-1.396e-05,ok,0
BBMSDppInstant,87,687,1445,992715,0.246586,1.24837e+07,38.2773,220.094,55625,0,0,0,0,0,0.197416,0.049171,-1.173e-06,ok,0
BBMSDppStepwise,87,687,1445,992715,0.282479,1.24837e+07,38.2773,207.395,52348,0,0,0,0,2,0.202361,0.080077,4.141e-05,ok,0
DijkstraPrims,87,687,1445,992715,0.199241,1.24837e+07,38.2773,44.9727,13314,0,0,0,0,0,0.18916,0.010094,-1.2706e-05,ok,0
BBMSCore,87,687,1445,992715,0.961505,1.24837e+07,38.2773,38.2773,5837,0,0,0,0,5,0.961021,0.000283,0.000201204,ok,1
BBMSInter,87,687,1445,992715,0.261017,1.24837e+07,38.2773,56.7383,13593,0,0,0,0,0,0.251066,0.009965,-1.4364e-05,ok,1
BBMSDppInstant,87,687,1445,992715,0.244592,1.24837e+07,38.2773,220.105,55625,0,0,0,0,3,0.214304,0.030245,4.2857e-05,ok,1
BBMSDppStepwise,87,687,1445,992715,0.283205,1.24837e+07,38.2773,207.371,52348,0,0,0,0,0,0.192922,0.090296,-1.2572e-05,ok,1
DijkstraPrims,87,687,1445,992715,0.199495,1.24837e+07,38.2773,44.9922,13314,0,0,0,0,2,0.189584,0.009903,7.755e-06,ok,1
BBMSCore,87,687,1445,992715,0.957047,1.24837e+07,38.2773,38.2773,5837,0,0,0,0,0,0.94702,0.010048,-2.1407e-05,ok,2
BBMSInter,87,687,1445,992715,0.261698,1.24837e+07,38.2773,56.7383,13593,0,0,0,0,2,0.251687,0.010006,5.378e-06,ok,2
BBMSDppInstant,87,687,1445,992715,0.244138,1.24837e+07,38.2773,220.117,55625,0,0,0,0,0,0.156326,0.087824,-1.243e-05,ok,2
BBMSDppStepwise,87,687,1445,992715,0.283222,1.24837e+07,38.2773,207.398,52348,0,0,0,0,2,0.253105,0.030103,1.429e-05,ok,2
DijkstraPrims,87,687,1445,992715,0.203988,1.24837e+07,38.2773,44.9883,13314,0,0,0,0,2,0.183758,0.020117,0.000112593,ok,2
BBMSCore,88,687,1098,754326,1.09633,1.16528e+07,38.2773,38.2773,4430,0,0,0,0,7,1.0863,0.009957,7.7999e-05,ok,0
BBMSInter,88,687,1098,754326,0.159531,1.16528e+07,38.2773,43.7266,10324,0,0,0,0,1,0.149608,0.009924,-9.5e-07,ok,0
BBMSDppInstant,88,687,1098,754326,0.170511,1.16528e+07,38.2773,163.156,41044,0,0,0,0,1,0.090718,0.079797,-3.911e-06,ok,0
BBMSDppStepwise,88,687,1098,754326,0.197871,1.16528e+07,38.2773,156.578,39342,0,0,0,0,0,0.148509,0.049375,-1.335e-05,ok,0
DijkstraPrims,88,687,1098,754326,0.033513,1.16528e+07,38.2773,38.2773,2797,0,0,0,0,0,0.033524,0,-1.0962e-05,ok,0
BBMSCore,88,687,1098,754326,1.09558,1.16528e+07,38.2773,38.2773,4430,0,0,0,0,5,1.09543,0,0.000153709,ok,1
BBMSInter,88,687,1098,754326,0.159697,1.16528e+07,38.2773,43.9922,10324,0,0,0,0,1,0.139818,0.019878,1.133e-06,ok,1
BBMSDppInstant,88,687,1098,754326,0.170456,1.16528e+07,38.2773,163.16,41044,0,0,0,0,1,0.130578,0.039875,3.291e-06,ok,1
BBMSDppStepwise,88,687,1098,754326,0.197637,1.16528e+07,38.2773,156.574,39342,0,0,0,0,0,0.125975,0.071674,-1.2116e-05,ok,1
DijkstraPrims,88,687,1098,754326,0.0333775,1.16528e+07,38.2773,38.2773,2797,0,0,0,0,0,0.033388,0,-1.052e-05,ok,1
BBMSCore,88,687,1098,754326,1.09416,1.16528e+07,38.2773,38.2773,4430,0,0,0,0,3,1.07418,0.019874,0.000104353,ok,2
BBMSInter,88,687,1098,754326,0.159595,1.16528e+07,38.2773,43.9922,10324,0,0,0,0,2,0.149207,0.010374,1.3773e-05,ok,2
BBMSDppInstant,88,687,1098,754326,0.170765,1.16528e+07,38.2773,163.16,41044,0,0,0,0,1,0.140824,0.029931,1.0283e-05,ok,2
BBMSDppStepwise,88,687,1098,754326,0.197719,1.16528e+07,38.2773,156.574,39342,0,0,0,0,0,0.158293,0.03944,-1.39e-05,ok,2
DijkstraPrims,88,687,1098,754326,0.0337695,1.16528e+07,38.2773,38.2773,2797,0,0,0,0,0,0.033781,0,-1.1549e-05,ok,2
BBMSCore,89,687,402,276174,0.136114,3.86661e+06,38.2773,38.2773,1627,0,0,0,0,0,0.136116,0,-2.475e-06,ok,0
BBMSInter,89,687,402,276174,0.0358273,3.86661e+06,38.2773,38.2773,3784,0,0,0,0,0,0.026624,0.009215,-1.1727e-05,ok,0
BBMSDppInstant,89,687,402,276174,0.0601385,3.86661e+06,38.2773,63.3516,15317,0,0,0,0,2,0.050157,0.009956,2.5502e-05,ok,0
BBMSDppStepwise,89,687,402,276174,0.0703145,3.86661e+06,38.2773,60.4922,14603,0,0,0,0,1,0.060375,0.009939,5.2e-07,ok,0
DijkstraPrims,89,687,402,276174,0.0438598,3.86661e+06,38.2773,38.2773,3395,0,0,0,0,0,0.034914,0.008958,-1.2178e-05,ok,0
BBMSCore,89,687,402,276174,0.136186,3.86661e+06,38.2773,38.2773,1627,0,0,0,0,1,0.136179,0,7.463e-06,ok,1
BBMSInter,89,687,402,276174,0.0356767,3.86661e+06,38.2773,38.2773,3784,0,0,0,0,0,0.035082,0.000607,-1.2285e-05,ok,1
BBMSDppInstant,89,687,402,276174,0.0599529,3.86661e+06,38.2773,63.3672,15317,0,0,0,0,0,0.030163,0.029802,-1.2137e-05,ok,1
BBMSDppStepwise,89,687,402,276174,0.0714542,3.86661e+06,38.2773,60.4844,14603,0,0,0,0,1,0.043831,0.027624,-7.93e-07,ok,1
DijkstraPrims,89,687,402,276174,0.0438899,3.86661e+06,38.2773,38.2773,3395,0,0,0,0,0,0.043902,0,-1.2052e-05,ok,1
BBMSCore,89,687,402,276174,0.136498,3.86661e+06,38.2773,38.2773,1627,0,0,0,0,1,0.126217,0.010286,-4.747e-06,ok,2
BBMSInter,89,687,402,276174,0.0359686,3.86661e+06,38.2773,38.2773,3784,0,0,0,0,0,0.026417,0.009564,-1.2393e-05,ok,2
BBMSDppInstant,89,687,402,276174,0.0600672,3.86661e+06,38.2773,63.3672,15317,0,0,0,0,1,0.040205,0.019861,1.188e-06,ok,2
BBMSDppStepwise,89,687,402,276174,0.0708411,3.86661e+06,38.2773,60.5117,14603,0,0,0,0,0,0.060836,0.010017,-1.192e-05,ok,2
DijkstraPrims,89,687,402,276174,0.0440954,3.86661e+06,38.2773,38.2773,3395,0,0,0,0,0,0.044108,0,-1.2612e-05,ok,2
BBMSCore,90,1033,714,737562,0.716538,8.66901e+06,38.2773,38.2773,4332,0,0,0,0,6,0.716508,0,2.9847e-05,ok,0
BBMSInter,90,1033,714,737562,0.144684,8.66901e+06,38.2773,43.0039,10094,0,0,0,0,0,0.125184,0.019512,-1.238e-05,ok,0
BBMSDppInstant,90,1033,714,737562,0.146022,8.66901e+06,38.2773,156.594,39356,0,0,0,0,0,0.067499,0.078536,-1.3368e-05,ok,0
BBMSDppStepwise,90,1033,714,737562,0.15485,8.66901e+06,38.2773,154.359,38794,0,0,0,0,0,0.114007,0.040856,-1.2553e-05,ok,0
DijkstraPrims,90,1033,714,737562,0.00140539,8.66901e+06,38.2773,38.2773,109,0,0,0,0,0,0.001417,0,-1.1607e-05,ok,0
BBMSCore,90,1033,714,737562,0.717648,8.66901e+06,38.2773,38.2773,4332,0,0,0,0,2,0.707679,0.009966,3.408e-06,ok,1
BBMSInter,90,1033,714,737562,0.14486,8.66901e+06,38.2773,42.9727,10094,0,0,0,0,1,0.134641,0.010222,-3.229e-06,ok,1
BBMSDppInstant,90,1033,714,737562,0.145654,8.66901e+06,38.2773,156.594,39356,0,0,0,0,1,0.106479,0.039179,-3.648e-06,ok,1
BBMSDppStepwise,90,1033,714,737562,0.156871,8.66901e+06,38.2773,154.383,38794,0,0,0,0,1,0.107606,0.049263,1.559e-06,ok,1
DijkstraPrims,90,1033,714,737562,0.00142667,8.66901e+06,38.2773,38.2773,109,0,0,0,0,0,0.00144,0,-1.3334e-05,ok,1
BBMSCore,90,1033,714,737562,0.717996,8.66901e+06,38.2773,38.2773,4332,0,0,0,0,4,0.707879,0.009943,0.000173808,ok,2
BBMSInter,90,1033,714,737562,0.144275,8.66901e+06,38.2773,42.9883,10094,0,0,0,0,0,0.125065,0.019223,-1.3441e-05,ok,2
BBMSDppInstant,90,1033,714,737562,0.144753,8.66901e+06,38.2773,156.598,39356,0,0,0,0,1,0.093663,0.051088,1.546e-06,ok,2
BBMSDppStepwise,90,1033,714,737562,0.155019,8.66901e+06,38.2773,154.383,38794,0,0,0,0,2,0.114123,0.040887,9.412e-06,ok,2
DijkstraPrims,90,1033,714,737562,0.00142735,8.66901e+06,38.2773,38.2773,109,0,0,0,0,0,0.001437,0,-9.647e-06,ok,2
BBMSCore,91,1033,615,635295,1.48903,1.93796e+07,38.2773,38.2773,3733,0,0,0,0,7,1.47864,0.009993,0.000394494,ok,0
BBMSInter,91,1033,615,635295,0.267343,1.93796e+07,38.2773,38.2773,8696,0,0,0,0,2,0.257529,0.009809,4.52e-06,ok,0
BBMSDppInstant,91,1033,615,635295,0.151205,1.93796e+07,38.2773,141.59,35501,0,0,0,0,0,0.100826,0.050393,-1.4408e-05,ok,0
BBMSDppStepwise,91,1033,615,635295,0.19719,1.93796e+07,38.2773,134.68,33742,0,0,0,0,1,0.166279,0.030912,-1.316e-06,ok,0
DijkstraPrims,91,1033,615,635295,0.107259,1.93796e+07,38.2773,38.2773,7685,0,0,0,0,1,0.10709,0,0.000169405,ok,0
BBMSCore,91,1033,615,635295,1.48866,1.93796e+07,38.2773,38.2773,3733,0,0,0,0,3,1.47866,0.009995,1.0544e-05,ok,1
BBMSInter,91,1033,615,635295,0.260513,1.93796e+07,38.2773,38.2773,8696,0,0,0,0,2,0.250527,0.009982,4.336e-06,ok,1
BBMSDppInstant,91,1033,615,635295,0.151666,1.93796e+07,38.2773,141.52,35501,0,0,0,0,1,0.080927,0.070743,-3.603e-06,ok,1
BBMSDppStepwise,91,1033,615,635295,0.199653,1.93796e+07,38.2773,134.684,33742,0,0,0,0,0,0.169665,0.030001,-1.3327e-05,ok,1
DijkstraPrims,91,1033,615,635295,0.108311,1.93796e+07,38.2773,38.2773,7685,0,0,0,0,0,0.08729,0.021033,-1.2191e-05,ok,1
BBMSCore,91,1033,615,635295,1.49047,1.93796e+07,38.2773,38.2773,3733,0,0,0,0,9,1.48023,0.010003,0.000241262,ok,2
BBMSInter,91,1033,615,635295,0.262742,1.93796e+07,38.2773,38.2773,8696,0,0,0,0,0,0.243427,0.01933,-1.5086e-05,ok,2
BBMSDppInstant,91,1033,615,635295,0.152276,1.93796e+07,38.2773,141.598,35501,0,0,0,0,0,0.132023,0.020252,8.18e-07,ok,2
BBMSDppStepwise,91,1033,615,635295,0.197587,1.93796e+07,38.2773,134.684,33742,0,0,0,0,1,0.166682,0.030907,-2.328e-06,ok,2
DijkstraPrims,91,1033,615,635295,0.107606,1.93796e+07,38.2773,38.2773,7685,0,0,0,0,2,0.107598,0,8.155e-06,ok,2
BBMSCore,92,1033,3701,3823133,18.646,5.97503e+06,38.2773,91.2422,22448,0,0,0,0,64,18.6048,0.039994,0.0012226,ok,0
BBMSInter,92,1033,3701,3823133,2.67296,5.97503e+06,38.2773,207.863,52316,0,0,0,0,11,2.593,0.079865,9.6994e-05,ok,0
BBMSDppInstant,92,1033,3701,3823133,0.905724,5.97503e+06,38.2773,784.445,200775,0,0,0,0,4,0.67605,0.229643,3.0818e-05,ok,0
BBMSDppStepwise,92,1033,3701,3823133,1.06957,5.97503e+06,38.2773,771.441,197391,0,0,0,0,5,0.829438,0.240081,5.4235e-05,ok,0
DijkstraPrims,92,1033,3701,3823133,0.48743,5.97503e+06,38.2773,91.8438,28132,0,0,0,0,4,0.467392,0.019999,3.8659e-05,ok,0
BBMSCore,92,1033,3701,3823133,18.6428,5.97503e+06,38.2773,91.2422,22448,0,0,0,0,74,18.6121,0.029991,0.000647354,ok,1
BBMSInter,92,1033,3701,3823133,2.66377,5.97503e+06,38.2773,207.973,52316,0,0,0,0,13,2.60353,0.060139,9.4041e-05,ok,1
BBMSDppInstant,92,1033,3701,3823133,0.891972,5.97503e+06,38.2773,784.484,200775,0,0,0,0,3,0.691032,0.200914,2.5508e-05,ok,1
BBMSDppStepwise,92,1033,3701,3823133,1.05713,5.97503e+06,38.2773,771.445,197391,0,0,0,0,5,0.807171,0.249907,4.8985e-05,ok,1
DijkstraPrims,92,1033,3701,3823133,0.492819,5.97503e+06,38.2773,91.8906,28132,0,0,0,0,1,0.452428,0.040391,3.26e-07,ok,1
BBMSCore,92,1033,3701,3823133,18.6453,5.97503e+06,38.2773,91.2305,22448,0,0,0,0,75,18.603,0.03999,0.00234073,ok,2
BBMSInter,92,1033,3701,3823133,2.66512,5.97503e+06,38.2773,207.992,52316,0,0,0,0,12,2.59508,0.069932,0.000110433,ok,2
BBMSDppInstant,92,1033,3701,3823133,0.900607,5.97503e+06,38.2773,784.477,200775,0,0,0,0,3,0.689938,0.210639,3.0296e-05,ok,2
BBMSDppStepwise,92,1033,3701,3823133,1.06055,5.97503e+06,38.2773,771.441,197391,0,0,0,0,4,0.870033,0.190479,4.1005e-05,ok,2
DijkstraPrims,92,1033,3701,3823133,0.482746,5.97503e+06,38.2773,91.8789,28132,0,0,0,0,4,0.452728,0.029796,0.000222336,ok,2
BBMSCore,93,1033,1170,1208610,4.76994,8.55801e+06,38.2773,38.2773,7102,0,0,0,0,16,4.75859,0.010799,0.00055142,ok,0
BBMSInter,93,1033,1170,1208610,0.894009,8.55801e+06,38.2773,68.2422,16544,0,0,0,0,5,0.863959,0.029919,0.000131092,ok,0
BBMSDppInstant,93,1033,1170,1208610,0.29654,8.55801e+06,38.2773,261.934,66546,0,0,0,0,1,0.216567,0.079975,-2.29e-06,ok,0
BBMSDppStepwise,93,1033,1170,1208610,0.364787,8.55801e+06,38.2773,252.484,64120,0,0,0,0,3,0.29558,0.069176,3.0612e-05,ok,0
DijkstraPrims,93,1033,1170,1208610,0.129391,8.55801e+06,38.2773,38.2773,7888,0,0,0,0,0,0.12892,0.000483,-1.1511e-05,ok,0
BBMSCore,93,1033,1170,1208610,4.77549,8.55801e+06,38.2773,38.2773,7102,0,0,0,0,19,4.76483,0.009996,0.000659645,ok,1
BBMSInter,93,1033,1170,1208610,0.893434,8.55801e+06,38.2773,68.2461,16544,0,0,0,0,1,0.863517,0.029903,1.4313e-05,ok,1
BBMSDppInstant,93,1033,1170,1208610,0.298441,8.55801e+06,38.2773,261.934,66546,0,0,0,0,2,0.218078,0.080348,1.5268e-05,ok,1
BBMSDppStepwise,93,1033,1170,1208610,0.370048,8.55801e+06,38.2773,252.492,64120,0,0,0,0,1,0.249162,0.120891,-5.415e-06,ok,1
DijkstraPrims,93,1033,1170,1208610,0.132496,8.55801e+06,38.2773,38.2773,7888,0,0,0,0,1,0.132497,0,-9.02e-07,ok,1
BBMSCore,93,1033,1170,1208610,4.77404,8.55801e+06,38.2773,38.2773,7102,0,0,0,0,19,4.77388,0,0.000160381,ok,2
BBMSInter,93,1033,1170,1208610,0.895063,8.55801e+06,38.2773,68.2422,16544,0,0,0,0,3,0.885071,0.009982,9.831e-06,ok,2
BBMSDppInstant,93,1033,1170,1208610,0.301415,8.55801e+06,38.2773,261.914,66546,0,0,0,0,2,0.212658,0.088739,1.765e-05,ok,2
BBMSDppStepwise,93,1033,1170,1208610,0.366357,8.55801e+06,38.2773,252.492,64120,0,0,0,0,2,0.296355,0.069978,2.3815e-05,ok,2
DijkstraPrims,93,1033,1170,1208610,0.12813,8.55801e+06,38.2773,38.2773,7888,0,0,0,0,0,0.108009,0.020136,-1.5249e-05,ok,2
BBMSCore,94,1033,1172,1210676,4.91874,8.3204e+06,38.2773,38.2773,7114,0,0,0,0,19,4.90715,0.010742,0.000849792,ok,0
BBMSInter,94,1033,1172,1210676,1.05734,8.3204e+06,38.2773,68.3672,16573,0,0,0,0,2,1.04732,0.010015,4.812e-06,ok,0
BBMSDppInstant,94,1033,1172,1210676,0.308516,8.3204e+06,38.2773,262.039,66552,0,0,0,0,2,0.238041,0.070465,9.848e-06,ok,0
BBMSDppStepwise,94,1033,1172,1210676,0.387897,8.3204e+06,38.2773,253.188,64292,0,0,0,0,2,0.317562,0.070323,1.1671e-05,ok,0
DijkstraPrims,94,1033,1172,1210676,0.163579,8.3204e+06,38.2773,41.8555,11350,0,0,0,0,0,0.153681,0.009912,-1.3975e-05,ok,0
BBMSCore,94,1033,1172,1210676,4.94391,8.3204e+06,38.2773,38.2773,7114,0,0,0,0,23,4.92301,0.019989,0.000913935,ok,1
BBMSInter,94,1033,1172,1210676,1.05324,8.3204e+06,38.2773,68.3672,16573,0,0,0,0,2,1.03365,0.01958,5.247e-06,ok,1
BBMSDppInstant,94,1033,1172,1210676,0.311912,8.3204e+06,38.2773,262.031,66552,0,0,0,0,1,0.240708,0.071205,-5.15e-07,ok,1
BBMSDppStepwise,94,1033,1172,1210676,0.386302,8.3204e+06,38.2773,253.18,64292,0,0,0,0,0,0.266158,0.120158,-1.4186e-05,ok,1
DijkstraPrims,94,1033,1172,1210676,0.171104,8.3204e+06,38.2773,41.8359,11350,0,0,0,0,1,0.150928,0.020162,1.3676e-05,ok,1
BBMSCore,94,1033,1172,1210676,4.97976,8.3204e+06,38.2773,38.2773,7114,0,0,0,0,20,4.97815,0.000656,0.000954741,ok,2
BBMSInter,94,1033,1172,1210676,1.05553,8.3204e+06,38.2773,68.3594,16573,0,0,0,0,7,1.02547,0.029992,6.7286e-05,ok,2
BBMSDppInstant,94,1033,1172,1210676,0.310352,8.3204e+06,38.2773,262.035,66552,0,0,0,0,1,0.221577,0.088771,4.325e-06,ok,2
BBMSDppStepwise,94,1033,1172,1210676,0.387909,8.3204e+06,38.2773,253.184,64292,0,0,0,0,0,0.327672,0.060253,-1.5538e-05,ok,2
DijkstraPrims,94,1033,1172,1210676,0.171024,8.3204e+06,38.2773,41.8281,11350,0,0,0,0,1,0.140367,0.030658,-7.16e-07,ok,2
BBMSCore,95,1033,262,270646,0.0674331,1.42969e+07,38.2773,38.2773,1595,0,0,0,0,1,0.06743,0,3.113e-06,ok,0
BBMSInter,95,1033,262,270646,0.0348354,1.42969e+07,38.2773,38.2773,3710,0,0,0,0,0,0.034847,0,-1.1573e-05,ok,0
BBMSDppInstant,95,1033,262,270646,0.0605372,1.42969e+07,38.2773,63,15224,0,0,0,0,0,0.041241,0.019307,-1.0809e-05,ok,0
BBMSDppStepwise,95,1033,262,270646,0.0675542,1.42969e+07,38.2773,60.9648,14733,0,0,0,0,1,0.057387,0.01016,7.179e-06,ok,0
DijkstraPrims,95,1033,262,270646,0.0431819,1.42969e+07,38.2773,38.2773,3307,0,0,0,0,0,0.032872,0.01032,-1.0072e-05,ok,0
BBMSCore,95,1033,262,270646,0.0673971,1.42969e+07,38.2773,38.2773,1595,0,0,0,0,0,0.06741,0,-1.2879e-05,ok,1
BBMSInter,95,1033,262,270646,0.0348936,1.42969e+07,38.2773,38.2773,3710,0,0,0,0,0,0.024943,0.009962,-1.1411e-05,ok,1
BBMSDppInstant,95,1033,262,270646,0.0589215,1.42969e+07,38.2773,62.7227,15224,0,0,0,0,0,0.048653,0.01028,-1.1491e-05,ok,1
BBMSDppStepwise,95,1033,262,270646,0.0682193,1.42969e+07,38.2773,61.0039,14733,0,0,0,0,1,0.047769,0.020452,-1.673e-06,ok,1
DijkstraPrims,95,1033,262,270646,0.043276,1.42969e+07,38.2773,38.2773,3307,0,0,0,0,0,0.043288,0,-1.1957e-05,ok,1
BBMSCore,95,1033,262,270646,0.067184,1.42969e+07,38.2773,38.2773,1595,0,0,0,0,0,0.067066,0.000127,-9.014e-06,ok,2
BBMSInter,95,1033,262,270646,0.0352197,1.42969e+07,38.2773,38.2773,3710,0,0,0,0,0,0.025238,0.009995,-1.3322e-05,ok,2
BBMSDppInstant,95,1033,262,270646,0.0598237,1.42969e+07,38.2773,62.9922,15224,0,0,0,0,0,0.028817,0.031019,-1.2274e-05,ok,2
BBMSDppStepwise,95,1033,262,270646,0.0673155,1.42969e+07,38.2773,61.0117,14733,0,0,0,0,0,0.047029,0.020298,-1.149e-05,ok,2
DijkstraPrims,95,1033,262,270646,0.043383,1.42969e+07,38.2773,38.2773,3307,0,0,0,0,0,0.043394,0,-1.1049e-05,ok,2
BBMSCore,96,1033,24,24792,0.00470542,6.47562e+06,38.2773,38.2773,154,0,0,0,0,0,0.004716,0,-1.0583e-05,ok,0
BBMSInter,96,1033,24,24792,0.00103093,6.47562e+06,38.2773,38.2773,347,0,0,0,0,0,0.001041,0,-1.0069e-05,ok,0
BBMSDppInstant,96,1033,24,24792,0.00414748,6.47562e+06,38.2773,38.2773,1313,0,0,0,0,0,0.004157,0,-9.524e-06,ok,0
BBMSDppStepwise,96,1033,24,24792,0.00441651,6.47562e+06,38.2773,38.2773,1289,0,0,0,0,0,0.004426,0,-9.49e-06,ok,0
DijkstraPrims,96,1033,24,24792,0.000677154,6.47562e+06,38.2773,38.2773,59,0,0,0,0,0,0.000686,0,-8.846e-06,ok,0
BBMSCore,96,1033,24,24792,0.00473204,6.47562e+06,38.2773,38.2773,154,0,0,0,0,0,0.004741,0,-8.96e-06,ok,1
BBMSInter,96,1033,24,24792,0.00107055,6.47562e+06,38.2773,38.2773,347,0,0,0,0,0,0.001082,0,-1.1445e-05,ok,1
BBMSDppInstant,96,1033,24,24792,0.00421869,6.47562e+06,38.2773,38.2773,1313,0,0,0,0,0,0,0.004227,-8.307e-06,ok,1
BBMSDppStepwise,96,1033,24,24792,0.00444798,6.47562e+06,38.2773,38.2773,1289,0,0,0,0,0,0.004458,0,-1.0015e-05,ok,1
DijkstraPrims,96,1033,24,24792,0.000677707,6.47562e+06,38.2773,38.2773,59,0,0,0,0,0,0.000686,0,-8.293e-06,ok,1
BBMSCore,96,1033,24,24792,0.00475044,6.47562e+06,38.2773,38.2773,154,0,0,0,0,0,0.004164,0.000595,-8.557e-06,ok,2
BBMSInter,96,1033,24,24792,0.00105337,6.47562e+06,38.2773,38.2773,347,0,0,0,0,0,0.001062,0,-8.627e-06,ok,2
BBMSDppInstant,96,1033,24,24792,0.0042083,6.47562e+06,38.2773,38.2773,1313,0,0,0,0,0,0.004216,0,-7.7e-06,ok,2
BBMSDppStepwise,96,1033,24,24792,0.004358,6.47562e+06,38.2773,38.2773,1289,0,0,0,0,0,0.004367,0,-9.003e-06,ok,2
DijkstraPrims,96,1033,24,24792,0.000683689,6.47562e+06,38.2773,38.2773,59,0,0,0,0,0,0.000693,0,-9.311e-06,ok,2
BBMSCore,97,1033,432,446256,0.653788,8.36875e+06,38.2773,38.2773,2624,0,0,0,0,2,0.653786,0,2.285e-06,ok,0
BBMSInter,97,1033,432,446256,0.0503703,8.36875e+06,38.2773,38.2773,6111,0,0,0,0,0,0.050382,0,-1.1651e-05,ok,0
BBMSDppInstant,97,1033,432,446256,0.0921362,8.36875e+06,38.2773,99.1875,24550,0,0,0,0,1,0.06344,0.028699,-2.76e-06,ok,0
BBMSDppStepwise,97,1033,432,446256,0.104494,8.36875e+06,38.2773,94.1172,23267,0,0,0,0,0,0.084465,0.020041,-1.2182e-05,ok,0
DijkstraPrims,97,1033,432,446256,0.0827434,8.36875e+06,38.2773,38.2773,6208,0,0,0,0,0,0.06294,0.019815,-1.1638e-05,ok,0
BBMSCore,97,1033,432,446256,0.653191,8.36875e+06,38.2773,38.2773,2624,0,0,0,0,1,0.653182,0,8.637e-06,ok,1
BBMSInter,97,1033,432,446256,0.0501032,8.36875e+06,38.2773,38.2773,6111,0,0,0,0,1,0.040425,0.009676,2.215e-06,ok,1
BBMSDppInstant,97,1033,432,446256,0.092286,8.36875e+06,38.2773,99.2109,24550,0,0,0,0,0,0.071291,0.021008,-1.2963e-05,ok,1
BBMSDppStepwise,97,1033,432,446256,0.104835,8.36875e+06,38.2773,94.1172,23267,0,0,0,0,1,0.084774,0.020049,1.1696e-05,ok,1
DijkstraPrims,97,1033,432,446256,0.0830691,8.36875e+06,38.2773,38.2773,6208,0,0,0,0,0,0.072697,0.010385,-1.2857e-05,ok,1
BBMSCore,97,1033,432,446256,0.654892,8.36875e+06,38.2773,38.2773,2624,0,0,0,0,3,0.644838,0.010009,4.5309e-05,ok,2
BBMSInter,97,1033,432,446256,0.0500842,8.36875e+06,38.2773,38.2773,6111,0,0,0,0,0,0.040416,0.009679,-1.0783e-05,ok,2
BBMSDppInstant,97,1033,432,446256,0.0919143,8.36875e+06,38.2773,99.1992,24550,0,0,0,0,0,0.039533,0.052394,-1.2709e-05,ok,2
BBMSDppStepwise,97,1033,432,446256,0.104363,8.36875e+06,38.2773,94.125,23267,0,0,0,0,0,0.074349,0.030028,-1.3744e-05,ok,2
DijkstraPrims,97,1033,432,446256,0.0822116,8.36875e+06,38.2773,38.2773,6208,0,0,0,0,0,0.082224,0,-1.2401e-05,ok,2
BBMSCore,98,1033,1045,1079485,3.32553,1.88101e+07,38.2773,38.2773,6346,0,0,0,0,13,3.31593,0.009079,0.000524611,ok,0
BBMSInter,98,1033,1045,1079485,0.471538,1.88101e+07,38.2773,61.3672,14779,0,0,0,0,3,0.45159,0.019936,1.1915e-05,ok,0
BBMSDppInstant,98,1033,1045,1079485,0.266931,1.88101e+07,38.2773,239.562,60609,0,0,0,0,0,0.165846,0.101098,-1.2935e-05,ok,0
BBMSDppStepwise,98,1033,1045,1079485,0.323359,1.88101e+07,38.2773,225.059,56892,0,0,0,0,0,0.23337,0.090003,-1.3976e-05,ok,0
DijkstraPrims,98,1033,1045,1079485,0.124363,1.88101e+07,38.2773,38.2773,7475,0,0,0,0,1,0.114315,0.010047,1.228e-06,ok,0
BBMSCore,98,1033,1045,1079485,3.33458,1.88101e+07,38.2773,38.2773,6346,0,0,0,0,11,3.32425,0.010002,0.00032612,ok,1
BBMSInter,98,1033,1045,1079485,0.472689,1.88101e+07,38.2773,61.3672,14779,0,0,0,0,2,0.45269,0.019984,1.464e-05,ok,1
BBMSDppInstant,98,1033,1045,1079485,0.265027,1.88101e+07,38.2773,239.562,60609,0,0,0,0,1,0.184607,0.080406,1.392e-05,ok,1
BBMSDppStepwise,98,1033,1045,1079485,0.324601,1.88101e+07,38.2773,225.055,56892,0,0,0,0,2,0.224232,0.100348,2.1198e-05,ok,1
DijkstraPrims,98,1033,1045,1079485,0.127357,1.88101e+07,38.2773,38.2773,7475,0,0,0,0,1,0.117645,0.009717,-5.238e-06,ok,1
BBMSCore,98,1033,1045,1079485,3.32303,1.88101e+07,38.2773,38.2773,6346,0,0,0,0,11,3.31238,0.009997,0.000652709,ok,2
BBMSInter,98,1033,1045,1079485,0.470581,1.88101e+07,38.2773,61.3516,14779,0,0,0,0,3,0.450645,0.0199,3.553e-05,ok,2
BBMSDppInstant,98,1033,1045,1079485,0.263227,1.88101e+07,38.2773,239.562,60609,0,0,0,0,1,0.213273,0.049944,1.0182e-05,ok,2
BBMSDppStepwise,98,1033,1045,1079485,0.322447,1.88101e+07,38.2773,225.047,56892,0,0,0,0,1,0.273532,0.048914,1.159e-06,ok,2
DijkstraPrims,98,1033,1045,1079485,0.123806,1.88101e+07,38.2773,38.2773,7475,0,0,0,0,1,0.103598,0.020018,0.000189506,ok,2
BBMSCore,99,1033,377,389441,0.158329,6.15423e+06,38.2773,38.2773,2291,0,0,0,0,0,0.158342,0,-1.2505e-05,ok,0
BBMSInter,99,1033,377,389441,0.0372168,6.15423e+06,38.2773,38.2773,5334,0,0,0,0,0,0.026825,0.010404,-1.2183e-05,ok,0
BBMSDppInstant,99,1033,377,389441,0.0748202,6.15423e+06,38.2773,85,20960,0,0,0,0,0,0.054082,0.02075,-1.1796e-05,ok,0
BBMSDppStepwise,99,1033,377,389441,0.0876875,6.15423e+06,38.2773,82.7148,20343,0,0,0,0,0,0.055969,0.031729,-1.0507e-05,ok,0
DijkstraPrims,99,1033,377,389441,0.016702,6.15423e+06,38.2773,38.2773,1438,0,0,0,0,0,0.016713,0,-1.0961e-05,ok,0
BBMSCore,99,1033,377,389441,0.158773,6.15423e+06,38.2773,38.2773,2291,0,0,0,0,1,0.158574,0,0.000198715,ok,1
BBMSInter,99,1033,377,389441,0.037114,6.15423e+06,38.2773,38.2773,5334,0,0,0,0,0,0.037124,0,-1.0016e-05,ok,1
BBMSDppInstant,99,1033,377,389441,0.0752295,6.15423e+06,38.2773,84.9922,20960,0,0,0,0,0,0.037178,0.038064,-1.2508e-05,ok,1
BBMSDppStepwise,99,1033,377,389441,0.0877271,6.15423e+06,38.2773,82.7109,20343,0,0,0,0,0,0.068326,0.019413,-1.1926e-05,ok,1
DijkstraPrims,99,1033,377,389441,0.0167214,6.15423e+06,38.2773,38.2773,1438,0,0,0,0,0,0.006292,0.010439,-9.558e-06,ok,1
BBMSCore,99,1033,377,389441,0.158531,6.15423e+06,38.2773,38.2773,2291,0,0,0,0,1,0.158527,0,3.744e-06,ok,2
BBMSInter,99,1033,377,389441,0.0375867,6.15423e+06,38.2773,38.2773,5334,0,0,0,0,0,0.028045,0.009553,-1.1286e-05,ok,2
BBMSDppInstant,99,1033,377,389441,0.074482,6.15423e+06,38.2773,84.9883,20960,0,0,0,0,1,0.054102,0.020217,0.000163026,ok,2
BBMSDppStepwise,99,1033,377,389441,0.0880548,6.15423e+06,38.2773,82.7148,20343,0,0,0,0,0,0.058917,0.029152,-1.4178e-05,ok,2
DijkstraPrims,99,1033,377,389441,0.0167534,6.15423e+06,38.2773,38.2773,1438,0,0,0,0,0,0.016764,0,-1.0632e-05,ok,2
BBMSCore,100,1033,2423,2502959,11.4532,2.50599e+07,38.2773,61,14704,0,0,0,0,40,11.4309,0.019998,0.00236654,ok,0
BBMSInter,100,1033,2423,2502959,1.94134,2.50599e+07,38.2773,137.5,34259,0,0,0,0,7,1.91124,0.029999,0.000110241,ok,0
BBMSDppInstant,100,1033,2423,2502959,0.674197,2.50599e+07,38.2773,545.293,139511,0,0,0,0,3,0.505698,0.168448,5.1147e-05,ok,0
BBMSDppStepwise,100,1033,2423,2502959,0.80912,2.50599e+07,38.2773,519.051,132783,0,0,0,0,2,0.649366,0.15972,3.4466e-05,ok,0
DijkstraPrims,100,1033,2423,2502959,0.31411,2.50599e+07,38.2773,54.8594,15812,0,0,0,0,0,0.2736,0.040524,-1.4331e-05,ok,0
BBMSCore,100,1033,2423,2502959,11.2756,2.50599e+07,38.2773,60.9922,14704,0,0,0,0,39,11.2451,0.030171,0.000286715,ok,1
BBMSInter,100,1033,2423,2502959,1.94568,2.50599e+07,38.2773,137.371,34259,0,0,0,0,10,1.90553,0.040085,6.4338e-05,ok,1
BBMSDppInstant,100,1033,2423,2502959,0.672526,2.50599e+07,38.2773,545.312,139511,0,0,0,0,0,0.47225,0.200296,-2.0031e-05,ok,1
BBMSDppStepwise,100,1033,2423,2502959,0.807535,2.50599e+07,38.2773,518.918,132783,0,0,0,0,4,0.667722,0.139599,0.000214206,ok,1
DijkstraPrims,100,1033,2423,2502959,0.323479,2.50599e+07,38.2773,54.8594,15812,0,0,0,0,3,0.303192,0.020087,0.000199587,ok,1
BBMSCore,100,1033,2423,2502959,11.5187,2.50599e+07,38.2773,61,14704,0,0,0,0,45,11.4871,0.029988,0.00157462,ok,2
BBMSInter,100,1033,2423,2502959,1.93758,2.50599e+07,38.2773,137.496,34259,0,0,0,0,8,1.90744,0.030098,4.949e-05,ok,2
BBMSDppInstant,100,1033,2423,2502959,0.669087,2.50599e+07,38.2773,545.312,139511,0,0,0,0,3,0.47822,0.190844,2.2594e-05,ok,2
BBMSDppStepwise,100,1033,2423,2502959,0.806636,2.50599e+07,38.2773,519.035,132783,0,0,0,0,3,0.667358,0.139238,4.0358e-05,ok,2
DijkstraPrims,100,1033,2423,2502959,0.322371,2.50599e+07,38.2773,54.8594,15812,0,0,0,0,0,0.312358,0.010027,-1.4491e-05,ok,2
BBMSCore,101,1033,40,41320,0.157971,7.73167e+06,38.2773,38.2773,251,0,0,0,0,0,0.157984,0,-1.2953e-05,ok,0
BBMSInter,101,1033,40,41320,0.00145882,7.73167e+06,38.2773,38.2773,573,0,0,0,0,0,0.001467,0,-8.177e-06,ok,0
BBMSDppInstant,101,1033,40,41320,0.00521821,7.73167e+06,38.2773,38.2773,2062,0,0,0,0,0,0.005226,0,-7.791e-06,ok,0
BBMSDppStepwise,101,1033,40,41320,0.00556682,7.73167e+06,38.2773,38.2773,2062,0,0,0,0,0,0.005581,0,-1.4183e-05,ok,0
DijkstraPrims,101,1033,40,41320,0.000161186,7.73167e+06,38.2773,38.2773,19,0,0,0,0,0,0.000173,0,-1.1814e-05,ok,0
BBMSCore,101,1033,40,41320,0.158328,7.73167e+06,38.2773,38.2773,251,0,0,0,0,1,0.158215,0,0.000112815,ok,1
BBMSInter,101,1033,40,41320,0.00151402,7.73167e+06,38.2773,38.2773,573,0,0,0,0,0,0.001525,0,-1.0983e-05,ok,1
BBMSDppInstant,101,1033,40,41320,0.00541772,7.73167e+06,38.2773,38.2773,2062,0,0,0,0,0,0.00543,0,-1.228e-05,ok,1
BBMSDppStepwise,101,1033,40,41320,0.00494321,7.73167e+06,38.2773,38.2773,2062,0,0,0,0,0,0.004952,0,-8.789e-06,ok,1
DijkstraPrims,101,1033,40,41320,0.000138718,7.73167e+06,38.2773,38.2773,19,0,0,0,0,0,0.000147,0,-8.282e-06,ok,1
BBMSCore,101,1033,40,41320,0.157999,7.73167e+06,38.2773,38.2773,251,0,0,0,0,0,0.158013,0,-1.4386e-05,ok,2
BBMSInter,101,1033,40,41320,0.00151845,7.73167e+06,38.2773,38.2773,573,0,0,0,0,0,0.001528,0,-9.552e-06,ok,2
BBMSDppInstant,101,1033,40,41320,0.00534562,7.73167e+06,38.2773,38.2773,2062,0,0,0,0,0,0.005356,0,-1.0377e-05,ok,2
BBMSDppStepwise,101,1033,40,41320,0.00524174,7.73167e+06,38.2773,38.2773,2062,0,0,0,0,0,0.005251,0,-9.256e-06,ok,2
DijkstraPrims,101,1033,40,41320,0.000145833,7.73167e+06,38.2773,38.2773,19,0,0,0,0,0,0.000136,2e-05,-1.0167e-05,ok,2
BBMSCore,102,1033,149,153917,0.322945,9.12622e+06,38.2773,38.2773,910,0,0,0,0,0,0.32282,0.000139,-1.3562e-05,ok,0
BBMSInter,102,1033,149,153917,0.0298795,9.12622e+06,38.2773,38.2773,2113,0,0,0,0,0,0.029891,0,-1.152e-05,ok,0
BBMSDppInstant,102,1033,149,153917,0.0268175,9.12622e+06,38.2773,38.2773,8149,0,0,0,0,0,0.007522,0.019305,-9.503e-06,ok,0
BBMSDppStepwise,102,1033,149,153917,0.0279146,9.12622e+06,38.2773,38.2773,7986,0,0,0,0,0,0,0.027926,-1.1362e-05,ok,0
DijkstraPrims,102,1033,149,153917,0.0224943,9.12622e+06,38.2773,38.2773,1825,0,0,0,0,0,0.022504,0,-9.74e-06,ok,0
BBMSCore,102,1033,149,153917,0.323193,9.12622e+06,38.2773,38.2773,910,0,0,0,0,0,0.323196,0,-3.208e-06,ok,1
BBMSInter,102,1033,149,153917,0.0298979,9.12622e+06,38.2773,38.2773,2113,0,0,0,0,0,0.029907,3e-06,-1.2131e-05,ok,1
BBMSDppInstant,102,1033,149,153917,0.0269896,9.12622e+06,38.2773,38.2773,8149,0,0,0,0,0,0.016347,0.010653,-1.0416e-05,ok,1
BBMSDppStepwise,102,1033,149,153917,0.0285327,9.12622e+06,38.2773,38.2773,7986,0,0,0,0,1,0.017723,0.0108,9.723e-06,ok,1
DijkstraPrims,102,1033,149,153917,0.022474,9.12622e+06,38.2773,38.2773,1825,0,0,0,0,0,0.022485,0,-1.1019e-05,ok,1
BBMSCore,102,1033,149,153917,0.323308,9.12622e+06,38.2773,38.2773,910,0,0,0,0,0,0.323322,0,-1.4183e-05,ok,2
BBMSInter,102,1033,149,153917,0.0298256,9.12622e+06,38.2773,38.2773,2113,0,0,0,0,0,0.02983,7e-06,-1.1359e-05,ok,2
BBMSDppInstant,102,1033,149,153917,0.0269009,9.12622e+06,38.2773,38.2773,8149,0,0,0,0,0,0.026912,0,-1.1118e-05,ok,2
BBMSDppStepwise,102,1033,149,153917,0.0278584,9.12622e+06,38.2773,38.2773,7986,0,0,0,0,0,0.008358,0.01951,-9.626e-06,ok,2
DijkstraPrims,102,1033,149,153917,0.0225123,9.12622e+06,38.2773,38.2773,1825,0,0,0,0,0,0.012038,0.010485,-1.0711e-05,ok,2
BBMSCore,103,1033,1009,1042297,0.945843,5.5494e+06,38.2773,38.2773,6118,0,0,0,0,2,0.945824,0,1.9e-05,ok,0
BBMSInter,103,1033,1009,1042297,0.172828,5.5494e+06,38.2773,59.3672,14261,0,0,0,0,0,0.163102,0.009738,-1.1585e-05,ok,0
BBMSDppInstant,103,1033,1009,1042297,0.222698,5.5494e+06,38.2773,222.891,56464,0,0,0,0,1,0.162099,0.060599,-2.66e-07,ok,0
BBMSDppStepwise,103,1033,1009,1042297,0.275986,5.5494e+06,38.2773,215.926,54546,0,0,0,0,0,0.196947,0.079054,-1.4664e-05,ok,0
DijkstraPrims,103,1033,1009,1042297,0.0408577,5.5494e+06,38.2773,38.2773,2995,0,0,0,0,1,0.02221,0.018617,3.0683e-05,ok,0
BBMSCore,103,1033,1009,1042297,0.946958,5.5494e+06,38.2773,38.2773,6118,0,0,0,0,2,0.936813,0.009971,0.000174443,ok,1
BBMSInter,103,1033,1009,1042297,0.172268,5.5494e+06,38.2773,59.3789,14261,0,0,0,0,0,0.152042,0.020239,-1.3475e-05,ok,1
BBMSDppInstant,103,1033,1009,1042297,0.221768,5.5494e+06,38.2773,222.879,56464,0,0,0,0,2,0.141224,0.080535,9.062e-06,ok,1
BBMSDppStepwise,103,1033,1009,1042297,0.27712,5.5494e+06,38.2773,215.93,54546,0,0,0,0,0,0.227474,0.04966,-1.3735e-05,ok,1
DijkstraPrims,103,1033,1009,1042297,0.040947,5.5494e+06,38.2773,38.2773,2995,0,0,0,0,1,0.040868,0,7.9029e-05,ok,1
BBMSCore,103,1033,1009,1042297,0.945982,5.5494e+06,38.2773,38.2773,6118,0,0,0,0,1,0.935931,0.010065,-1.4263e-05,ok,2
BBMSInter,103,1033,1009,1042297,0.173368,5.5494e+06,38.2773,59.3672,14261,0,0,0,0,0,0.162795,0.010585,-1.2204e-05,ok,2
BBMSDppInstant,103,1033,1009,1042297,0.224247,5.5494e+06,38.2773,222.891,56464,0,0,0,0,1,0.153143,0.071106,-1.604e-06,ok,2
BBMSDppStepwise,103,1033,1009,1042297,0.278887,5.5494e+06,38.2773,215.93,54546,0,0,0,0,1,0.229028,0.049863,-4.317e-06,ok,2
DijkstraPrims,103,1033,1009,1042297,0.0405622,5.5494e+06,38.2773,38.2773,2995,0,0,0,0,0,0.040574,0,-1.182e-05,ok,2
BBMSCore,104,1033,631,651823,1.5325,1.54717e+07,38.2773,38.2773,3830,0,0,0,0,5,1.53132,0.00095,0.000234493,ok,0
BBMSInter,104,1033,631,651823,0.213985,1.54717e+07,38.2773,38.5,8922,0,0,0,0,2,0.203805,0.010168,1.1901e-05,ok,0
BBMSDppInstant,104,1033,631,651823,0.151369,1.54717e+07,38.2773,147.406,36988,0,0,0,0,0,0.110964,0.040418,-1.2515e-05,ok,0
BBMSDppStepwise,104,1033,631,651823,0.20755,1.54717e+07,38.2773,137.105,34371,0,0,0,0,0,0.187661,0.019903,-1.3974e-05,ok,0
DijkstraPrims,104,1033,631,651823,0.119703,1.54717e+07,38.2773,38.2773,7802,0,0,0,0,0,0.099657,0.020058,-1.2078e-05,ok,0
BBMSCore,104,1033,631,651823,1.53267,1.54717e+07,38.2773,38.2773,3830,0,0,0,0,9,1.52242,0.009959,0.000293453,ok,1
BBMSInter,104,1033,631,651823,0.212879,1.54717e+07,38.2773,38.4922,8922,0,0,0,0,1,0.202746,0.010135,-2.297e-06,ok,1
BBMSDppInstant,104,1033,631,651823,0.150324,1.54717e+07,38.2773,147.406,36988,0,0,0,0,1,0.102146,0.048174,3.885e-06,ok,1
BBMSDppStepwise,104,1033,631,651823,0.208906,1.54717e+07,38.2773,137.129,34371,0,0,0,0,0,0.148865,0.060055,-1.3993e-05,ok,1
DijkstraPrims,104,1033,631,651823,0.121449,1.54717e+07,38.2773,38.2773,7802,0,0,0,0,1,0.091086,0.030362,9.89e-07,ok,1
BBMSCore,104,1033,631,651823,1.53312,1.54717e+07,38.2773,38.2773,3830,0,0,0,0,3,1.53195,0.000934,0.000234674,ok,2
BBMSInter,104,1033,631,651823,0.212205,1.54717e+07,38.2773,38.5117,8922,0,0,0,0,0,0.202131,0.010088,-1.4325e-05,ok,2
BBMSDppInstant,104,1033,631,651823,0.150833,1.54717e+07,38.2773,147.418,36988,0,0,0,0,0,0.101881,0.048965,-1.3475e-05,ok,2
BBMSDppStepwise,104,1033,631,651823,0.209756,1.54717e+07,38.2773,137.129,34371,0,0,0,0,3,0.1494,0.060324,3.1929e-05,ok,2
DijkstraPrims,104,1033,631,651823,0.120701,1.54717e+07,38.2773,38.2773,7802,0,0,0,0,0,0.091251,0.029462,-1.2423e-05,ok,2
BBMSCore,105,1033,542,559886,1.03803,8.17762e+06,38.2773,38.2773,3291,0,0,0,0,8,1.03794,0,8.362e-05,ok,0
BBMSInter,105,1033,542,559886,0.0632181,8.17762e+06,38.2773,38.2773,7665,0,0,0,0,0,0.052874,0.010356,-1.1921e-05,ok,0
BBMSDppInstant,105,1033,542,559886,0.116274,8.17762e+06,38.2773,123.234,30775,0,0,0,0,0,0.095423,0.020863,-1.2282e-05,ok,0
BBMSDppStepwise,105,1033,542,559886,0.139506,8.17762e+06,38.2773,117.676,29290,0,0,0,0,0,0.119383,0.020136,-1.3487e-05,ok,0
DijkstraPrims,105,1033,542,559886,0.104234,8.17762e+06,38.2773,38.2773,7097,0,0,0,0,0,0.104247,0,-1.2757e-05,ok,0
BBMSCore,105,1033,542,559886,1.02823,8.17762e+06,38.2773,38.2773,3291,0,0,0,0,4,1.02819,0,3.7862e-05,ok,1
BBMSInter,105,1033,542,559886,0.0629112,8.17762e+06,38.2773,38.2773,7665,0,0,0,0,0,0.052587,0.010335,-1.0821e-05,ok,1
BBMSDppInstant,105,1033,542,559886,0.117338,8.17762e+06,38.2773,123.262,30775,0,0,0,0,1,0.086602,0.03074,-4.39e-06,ok,1
BBMSDppStepwise,105,1033,542,559886,0.138419,8.17762e+06,38.2773,117.676,29290,0,0,0,0,0,0.09844,0.039992,-1.2607e-05,ok,1
DijkstraPrims,105,1033,542,559886,0.10513,8.17762e+06,38.2773,38.2773,7097,0,0,0,0,0,0.095316,0.009828,-1.3564e-05,ok,1
BBMSCore,105,1033,542,559886,0.98791,8.17762e+06,38.2773,38.2773,3291,0,0,0,0,4,0.987826,0,8.3907e-05,ok,2
BBMSInter,105,1033,542,559886,0.0629048,8.17762e+06,38.2773,38.2773,7665,0,0,0,0,0,0.05247,0.010446,-1.115e-05,ok,2
BBMSDppInstant,105,1033,542,559886,0.115021,8.17762e+06,38.2773,123.414,30775,0,0,0,0,2,0.074945,0.040061,1.5232e-05,ok,2
BBMSDppStepwise,105,1033,542,559886,0.139689,8.17762e+06,38.2773,117.656,29290,0,0,0,0,1,0.101222,0.038451,1.5878e-05,ok,2
DijkstraPrims,105,1033,542,559886,0.10403,8.17762e+06,38.2773,38.2773,7097,0,0,0,0,0,0.104041,0,-1.0856e-05,ok,2
BBMSCore,106,1033,215,222095,0.631018,1.33845e+07,38.2773,38.2773,1310,0,0,0,0,2,0.621117,0.009905,-4.247e-06,ok,0
BBMSInter,106,1033,215,222095,0.10389,1.33845e+07,38.2773,38.2773,3045,0,0,0,0,0,0.103902,0,-1.1592e-05,ok,0
BBMSDppInstant,106,1033,215,222095,0.045369,1.33845e+07,38.2773,49.6172,11847,0,0,0,0,0,0.034392,0.010989,-1.2026e-05,ok,0
BBMSDppStepwise,106,1033,215,222095,0.0502981,1.33845e+07,38.2773,48.6172,11549,0,0,0,0,0,0.031393,0.018916,-1.0938e-05,ok,0
DijkstraPrims,106,1033,215,222095,0.00435549,1.33845e+07,38.2773,38.2773,382,0,0,0,0,0,0.004366,0,-1.0507e-05,ok,0
BBMSCore,106,1033,215,222095,0.629147,1.33845e+07,38.2773,38.2773,1310,0,0,0,0,5,0.628951,0,0.000195827,ok,1
BBMSInter,106,1033,215,222095,0.103009,1.33845e+07,38.2773,38.2773,3045,0,0,0,0,0,0.092738,0.010283,-1.2059e-05,ok,1
BBMSDppInstant,106,1033,215,222095,0.0454501,1.33845e+07,38.2773,49.6172,11847,0,0,0,0,0,0.03482,0.010641,-1.0873e-05,ok,1
BBMSDppStepwise,106,1033,215,222095,0.0499431,1.33845e+07,38.2773,48.625,11549,0,0,0,0,0,0.049956,0,-1.2878e-05,ok,1
DijkstraPrims,106,1033,215,222095,0.00436365,1.33845e+07,38.2773,38.2773,382,0,0,0,0,0,0.004375,0,-1.1354e-05,ok,1
BBMSCore,106,1033,215,222095,0.628234,1.33845e+07,38.2773,38.2773,1310,0,0,0,0,3,0.628102,0,0.000132211,ok,2
BBMSInter,106,1033,215,222095,0.102513,1.33845e+07,38.2773,38.2773,3045,0,0,0,0,0,0.102512,0,1.347e-06,ok,2
BBMSDppInstant,106,1033,215,222095,0.0458273,1.33845e+07,38.2773,49.6133,11847,0,0,0,0,0,0.024702,0.021138,-1.2655e-05,ok,2
BBMSDppStepwise,106,1033,215,222095,0.0494699,1.33845e+07,38.2773,48.6367,11549,0,0,0,0,1,0.039796,0.009675,-1.09e-06,ok,2
DijkstraPrims,106,1033,215,222095,0.00436163,1.33845e+07,38.2773,38.2773,382,0,0,0,0,0,0.004373,0,-1.137e-05,ok,2
BBMSCore,107,1033,1445,1492685,3.36658,1.73369e+07,38.2773,38.2773,8777,0,0,0,0,9,3.35654,0.009997,4.0123e-05,ok,0
BBMSInter,107,1033,1445,1492685,0.825981,1.73369e+07,38.2773,83.2422,20438,0,0,0,0,2,0.805424,0.020564,-6.886e-06,ok,0
BBMSDppInstant,107,1033,1445,1492685,0.394336,1.73369e+07,38.2773,331.828,84429,0,0,0,0,2,0.275022,0.119308,5.51e-06,ok,0
BBMSDppStepwise,107,1033,1445,1492685,0.512267,1.73369e+07,38.2773,310.965,79091,0,0,0,0,1,0.401287,0.110987,-6.685e-06,ok,0
DijkstraPrims,107,1033,1445,1492685,0.328013,1.73369e+07,38.2773,81.2227,22968,0,0,0,0,3,0.287879,0.040119,1.5096e-05,ok,0
BBMSCore,107,1033,1445,1492685,3.37975,1.73369e+07,38.2773,38.2773,8777,0,0,0,0,14,3.36817,0.011447,0.000126088,ok,1
BBMSInter,107,1033,1445,1492685,0.826304,1.73369e+07,38.2773,83.4883,20438,0,0,0,0,5,0.806264,0.019994,4.6055e-05,ok,1
BBMSDppInstant,107,1033,1445,1492685,0.392107,1.73369e+07,38.2773,331.828,84429,0,0,0,0,2,0.312927,0.079171,8.987e-06,ok,1
BBMSDppStepwise,107,1033,1445,1492685,0.514735,1.73369e+07,38.2773,310.922,79091,0,0,0,0,2,0.425005,0.089713,1.7198e-05,ok,1
DijkstraPrims,107,1033,1445,1492685,0.329238,1.73369e+07,38.2773,81.2344,22968,0,0,0,0,1,0.299061,0.030174,3.137e-06,ok,1
BBMSCore,107,1033,1445,1492685,3.40656,1.73369e+07,38.2773,38.2773,8777,0,0,0,0,13,3.38646,0.019998,0.000100648,ok,2
BBMSInter,107,1033,1445,1492685,0.824017,1.73369e+07,38.2773,83.3633,20438,0,0,0,0,2,0.803853,0.020154,9.646e-06,ok,2
BBMSDppInstant,107,1033,1445,1492685,0.393002,1.73369e+07,38.2773,331.828,84429,0,0,0,0,2,0.291942,0.101052,8.18e-06,ok,2
BBMSDppStepwise,107,1033,1445,1492685,0.515425,1.73369e+07,38.2773,310.973,79091,0,0,0,0,8,0.385991,0.129345,8.922e-05,ok,2
DijkstraPrims,107,1033,1445,1492685,0.327983,1.73369e+07,38.2773,81.2109,22968,0,0,0,0,1,0.297864,0.030052,6.7166e-05,ok,2
BBMSCore,108,1033,1098,1134234,4.07869,1.55917e+07,38.2773,38.2773,6666,0,0,0,0,19,4.07785,0,0.000835641,ok,0
BBMSInter,108,1033,1098,1134234,0.644849,1.55917e+07,38.2773,64.2422,15528,0,0,0,0,2,0.624595,0.020251,2.867e-06,ok,0
BBMSDppInstant,108,1033,1098,1134234,0.283215,1.55917e+07,38.2773,247.117,62591,0,0,0,0,1,0.201551,0.081667,-2.947e-06,ok,0
BBMSDppStepwise,108,1033,1098,1134234,0.350211,1.55917e+07,38.2773,236.348,59787,0,0,0,0,2,0.239037,0.111169,5.313e-06,ok,0
DijkstraPrims,108,1033,1098,1134234,0.100858,1.55917e+07,38.2773,38.2773,6726,0,0,0,0,0,0.10087,0,-1.1906e-05,ok,0
BBMSCore,108,1033,1098,1134234,4.07952,1.55917e+07,38.2773,38.2773,6666,0,0,0,0,13,4.06885,0.009982,0.000683481,ok,1
BBMSInter,108,1033,1098,1134234,0.649221,1.55917e+07,38.2773,64.2383,15528,0,0,0,0,1,0.629144,0.02009,-1.2545e-05,ok,1
BBMSDppInstant,108,1033,1098,1134234,0.285381,1.55917e+07,38.2773,247.121,62591,0,0,0,0,0,0.185567,0.09983,-1.6465e-05,ok,1
BBMSDppStepwise,108,1033,1098,1134234,0.357797,1.55917e+07,38.2773,236.371,59787,0,0,0,0,3,0.287469,0.070293,3.4514e-05,ok,1
DijkstraPrims,108,1033,1098,1134234,0.103078,1.55917e+07,38.2773,38.2773,6726,0,0,0,0,0,0.103091,0,-1.3256e-05,ok,1
BBMSCore,108,1033,1098,1134234,4.11383,1.55917e+07,38.2773,38.2773,6666,0,0,0,0,19,4.10367,0.009472,0.000690736,ok,2
BBMSInter,108,1033,1098,1134234,0.645931,1.55917e+07,38.2773,64.2188,15528,0,0,0,0,1,0.625939,0.019999,-7.313e-06,ok,2
BBMSDppInstant,108,1033,1098,1134234,0.282123,1.55917e+07,38.2773,247.211,62591,0,0,0,0,3,0.212829,0.069271,2.3141e-05,ok,2
BBMSDppStepwise,108,1033,1098,1134234,0.361058,1.55917e+07,38.2773,236.375,59787,0,0,0,0,2,0.252272,0.108775,1.0999e-05,ok,2
DijkstraPrims,108,1033,1098,1134234,0.103073,1.55917e+07,38.2773,38.2773,6726,0,0,0,0,0,0.103085,0,-1.2011e-05,ok,2
BBMSCore,109,1033,402,415266,0.293775,1.19798e+07,38.2773,38.2773,2443,0,0,0,0,0,0.283832,0.009958,-1.4953e-05,ok,0
BBMSInter,109,1033,402,415266,0.0625441,1.19798e+07,38.2773,38.2773,5687,0,0,0,0,0,0.052048,0.010509,-1.2927e-05,ok,0
BBMSDppInstant,109,1033,402,415266,0.0903779,1.19798e+07,38.2773,93.207,23039,0,0,0,0,0,0.059514,0.030877,-1.3084e-05,ok,0
BBMSDppStepwise,109,1033,402,415266,0.105964,1.19798e+07,38.2773,89.2188,22019,0,0,0,0,3,0.075849,0.030092,2.3397e-05,ok,0
DijkstraPrims,109,1033,402,415266,0.0767391,1.19798e+07,38.2773,38.2773,5970,0,0,0,0,0,0.076751,0,-1.1878e-05,ok,0
BBMSCore,109,1033,402,415266,0.293293,1.19798e+07,38.2773,38.2773,2443,0,0,0,0,1,0.292774,0.000522,-3.06e-06,ok,1
BBMSInter,109,1033,402,415266,0.0629238,1.19798e+07,38.2773,38.2773,5687,0,0,0,0,0,0.052666,0.010273,-1.5234e-05,ok,1
BBMSDppInstant,109,1033,402,415266,0.0900234,1.19798e+07,38.2773,93.2227,23039,0,0,0,0,0,0.060951,0.029084,-1.1619e-05,ok,1
BBMSDppStepwise,109,1033,402,415266,0.10546,1.19798e+07,38.2773,89.2305,22019,0,0,0,0,0,0.085434,0.020039,-1.3022e-05,ok,1
DijkstraPrims,109,1033,402,415266,0.0759014,1.19798e+07,38.2773,38.2773,5970,0,0,0,0,0,0.065877,0.010037,-1.2621e-05,ok,1
BBMSCore,109,1033,402,415266,0.293811,1.19798e+07,38.2773,38.2773,2443,0,0,0,0,0,0.293826,0,-1.484e-05,ok,2
BBMSInter,109,1033,402,415266,0.0627576,1.19798e+07,38.2773,38.2773,5687,0,0,0,0,0,0.052951,0.009818,-1.1422e-05,ok,2
BBMSDppInstant,109,1033,402,415266,0.0898329,1.19798e+07,38.2773,93.2344,23039,0,0,0,0,1,0.048841,0.04099,1.941e-06,ok,2
BBMSDppStepwise,109,1033,402,415266,0.105601,1.19798e+07,38.2773,89.2188,22019,0,0,0,0,0,0.065612,0.040002,-1.3002e-05,ok,2
DijkstraPrims,109,1033,402,415266,0.0759239,1.19798e+07,38.2773,38.2773,5970,0,0,0,0,0,0.065904,0.010032,-1.2116e-05,ok,2
BBMSCore,110,714,615,439110,0.361948,2.66764e+07,38.2773,38.2773,2582,0,0,0,0,1,0.342087,0.019857,3.738e-06,ok,0
BBMSInter,110,714,615,439110,0.0571756,2.66764e+07,38.2773,38.2773,6013,0,0,0,0,0,0.047034,0.010152,-1.0432e-05,ok,0
BBMSDppInstant,110,714,615,439110,0.0937382,2.66764e+07,38.2773,97.9648,24224,0,0,0,0,0,0.063938,0.029814,-1.3792e-05,ok,0
BBMSDppStepwise,110,714,615,439110,0.107672,2.66764e+07,38.2773,94.5,23343,0,0,0,0,0,0.087394,0.020291,-1.2514e-05,ok,0
DijkstraPrims,110,714,615,439110,0.0662101,2.66764e+07,38.2773,38.2773,5744,0,0,0,0,0,0.066222,0,-1.1906e-05,ok,0
BBMSCore,110,714,615,439110,0.361932,2.66764e+07,38.2773,38.2773,2582,0,0,0,0,2,0.36193,0,2.028e-06,ok,1
BBMSInter,110,714,615,439110,0.057446,2.66764e+07,38.2773,38.2773,6013,0,0,0,0,0,0.057461,0,-1.5001e-05,ok,1
BBMSDppInstant,110,714,615,439110,0.0939337,2.66764e+07,38.2773,97.9531,24224,0,0,0,0,0,0.05412,0.039827,-1.3266e-05,ok,1
BBMSDppStepwise,110,714,615,439110,0.108063,2.66764e+07,38.2773,94.5,23343,0,0,0,0,0,0.08773,0.020348,-1.4991e-05,ok,1
DijkstraPrims,110,714,615,439110,0.0656126,2.66764e+07,38.2773,38.2773,5744,0,0,0,0,0,0.045513,0.02011,-1.0391e-05,ok,1
BBMSCore,110,714,615,439110,0.362706,2.66764e+07,38.2773,38.2773,2582,0,0,0,0,3,0.362694,0,1.2481e-05,ok,2
BBMSInter,110,714,615,439110,0.0572661,2.66764e+07,38.2773,38.2773,6013,0,0,0,0,0,0.047083,0.010195,-1.1934e-05,ok,2
BBMSDppInstant,110,714,615,439110,0.0941093,2.66764e+07,38.2773,97.9336,24224,0,0,0,0,0,0.053809,0.040313,-1.273e-05,ok,2
BBMSDppStepwise,110,714,615,439110,0.107675,2.66764e+07,38.2773,94.4922,23343,0,0,0,0,1,0.046852,0.060822,5.62e-07,ok,2
DijkstraPrims,110,714,615,439110,0.066141,2.66764e+07,38.2773,38.2773,5744,0,0,0,0,0,0.065527,0.000626,-1.2049e-05,ok,2
BBMSCore,111,714,3701,2642514,7.01173,4.2469e+06,38.2773,64.2266,15529,0,0,0,0,30,6.99141,0.02,0.000318084,ok,0
BBMSInter,111,714,3701,2642514,0.950662,4.2469e+06,38.2773,144.875,36174,0,0,0,0,2,0.910127,0.040535,2.05e-07,ok,0
BBMSDppInstant,111,714,3701,2642514,0.625598,4.2469e+06,38.2773,557.996,142759,0,0,0,0,0,0.447532,0.178084,-1.7843e-05,ok,0
BBMSDppStepwise,111,714,3701,2642514,0.698417,4.2469e+06,38.2773,541.852,138617,0,0,0,0,1,0.529397,0.169021,-6.75e-07,ok,0
DijkstraPrims,111,714,3701,2642514,0.160662,4.2469e+06,38.2773,41.8594,11810,0,0,0,0,0,0.15052,0.010154,-1.2466e-05,ok,0
BBMSCore,111,714,3701,2642514,6.89767,4.2469e+06,38.2773,64.2422,15529,0,0,0,0,27,6.86667,0.029971,0.00103069,ok,1
BBMSInter,111,714,3701,2642514,0.948179,4.2469e+06,38.2773,144.867,36174,0,0,0,0,2,0.897929,0.05025,-1e-09,ok,1
BBMSDppInstant,111,714,3701,2642514,0.624307,4.2469e+06,38.2773,558.012,142759,0,0,0,0,2,0.433921,0.190354,3.1526e-05,ok,1
BBMSDppStepwise,111,714,3701,2642514,0.693647,4.2469e+06,38.2773,541.805,138617,0,0,0,0,2,0.513553,0.180083,1.0987e-05,ok,1
DijkstraPrims,111,714,3701,2642514,0.161038,4.2469e+06,38.2773,41.8828,11810,0,0,0,0,0,0.151134,0.009915,-1.1424e-05,ok,1
BBMSCore,111,714,3701,2642514,6.95621,4.2469e+06,38.2773,64.2188,15529,0,0,0,0,21,6.92539,0.029966,0.000860297,ok,2
BBMSInter,111,714,3701,2642514,0.948562,4.2469e+06,38.2773,144.863,36174,0,0,0,0,4,0.898262,0.05025,5.039e-05,ok,2
BBMSDppInstant,111,714,3701,2642514,0.624371,4.2469e+06,38.2773,558.016,142759,0,0,0,0,4,0.426525,0.197805,4.1236e-05,ok,2
BBMSDppStepwise,111,714,3701,2642514,0.704341,4.2469e+06,38.2773,541.875,138617,0,0,0,0,3,0.584142,0.120184,1.5087e-05,ok,2
DijkstraPrims,111,714,3701,2642514,0.162495,4.2469e+06,38.2773,41.875,11810,0,0,0,0,0,0.152532,0.009975,-1.165e-05,ok,2
BBMSCore,112,714,1170,835380,0.762828,1.6677e+07,38.2773,38.2773,4905,0,0,0,0,2,0.762749,0,7.8522e-05,ok,0
BBMSInter,112,714,1170,835380,0.153108,1.6677e+07,38.2773,48.2188,11432,0,0,0,0,1,0.143074,0.010027,7.476e-06,ok,0
BBMSDppInstant,112,714,1170,835380,0.18658,1.6677e+07,38.2773,180.672,45606,0,0,0,0,1,0.156082,0.0305,-1.801e-06,ok,0
BBMSDppStepwise,112,714,1170,835380,0.22058,1.6677e+07,38.2773,174.715,44013,0,0,0,0,0,0.141051,0.079542,-1.3084e-05,ok,0
DijkstraPrims,112,714,1170,835380,0.00817574,1.6677e+07,38.2773,38.2773,696,0,0,0,0,0,0.008185,0,-9.257e-06,ok,0
BBMSCore,112,714,1170,835380,0.763664,1.6677e+07,38.2773,38.2773,4905,0,0,0,0,4,0.763517,0,0.000146638,ok,1
BBMSInter,112,714,1170,835380,0.15221,1.6677e+07,38.2773,48.25,11432,0,0,0,0,0,0.142231,0.009993,-1.3581e-05,ok,1
BBMSDppInstant,112,714,1170,835380,0.186615,1.6677e+07,38.2773,180.691,45606,0,0,0,0,1,0.156126,0.030458,3.0605e-05,ok,1
BBMSDppStepwise,112,714,1170,835380,0.220401,1.6677e+07,38.2773,174.754,44013,0,0,0,0,0,0.170747,0.049668,-1.4168e-05,ok,1
DijkstraPrims,112,714,1170,835380,0.00819757,1.6677e+07,38.2773,38.2773,696,0,0,0,0,0,0.008208,0,-1.043e-05,ok,1
BBMSCore,112,714,1170,835380,0.764208,1.6677e+07,38.2773,38.2773,4905,0,0,0,0,4,0.764012,0,0.000195626,ok,2
BBMSInter,112,714,1170,835380,0.151185,1.6677e+07,38.2773,48.2539,11432,0,0,0,0,0,0.151196,0,-1.0657e-05,ok,2
BBMSDppInstant,112,714,1170,835380,0.185532,1.6677e+07,38.2773,180.68,45606,0,0,0,0,0,0.155199,0.030345,-1.1741e-05,ok,2
BBMSDppStepwise,112,714,1170,835380,0.219847,1.6677e+07,38.2773,174.738,44013,0,0,0,0,4,0.170171,0.049613,6.3011e-05,ok,2
DijkstraPrims,112,714,1170,835380,0.00811958,1.6677e+07,38.2773,38.2773,696,0,0,0,0,0,0.008129,0,-9.419e-06,ok,2
BBMSCore,113,714,1172,836808,0.650007,1.65881e+07,38.2773,38.2773,4914,0,0,0,0,3,0.649996,0,1.0617e-05,ok,0
BBMSInter,113,714,1172,836808,0.147942,1.65881e+07,38.2773,48.3711,11451,0,0,0,0,1,0.137647,0.010272,2.3072e-05,ok,0
BBMSDppInstant,113,714,1172,836808,0.188154,1.65881e+07,38.2773,181.07,45778,0,0,0,0,0,0.136733,0.051433,-1.1735e-05,ok,0
BBMSDppStepwise,113,714,1172,836808,0.220248,1.65881e+07,38.2773,175.328,44162,0,0,0,0,0,0.160524,0.059736,-1.174e-05,ok,0
DijkstraPrims,113,714,1172,836808,0.0116155,1.65881e+07,38.2773,38.2773,853,0,0,0,0,0,0.001575,0.01005,-9.527e-06,ok,0
BBMSCore,113,714,1172,836808,0.651862,1.65881e+07,38.2773,38.2773,4914,0,0,0,0,4,0.641811,0.010001,4.9791e-05,ok,1
BBMSInter,113,714,1172,836808,0.148089,1.65881e+07,38.2773,48.3672,11451,0,0,0,0,0,0.138195,0.009907,-1.3371e-05,ok,1
BBMSDppInstant,113,714,1172,836808,0.189712,1.65881e+07,38.2773,181.258,45778,0,0,0,0,1,0.149974,0.039736,2.191e-06,ok,1
BBMSDppStepwise,113,714,1172,836808,0.224494,1.65881e+07,38.2773,175.309,44162,0,0,0,0,3,0.145848,0.078594,5.1938e-05,ok,1
DijkstraPrims,113,714,1172,836808,0.0116355,1.65881e+07,38.2773,38.2773,853,0,0,0,0,0,0.011646,0,-1.0483e-05,ok,1
BBMSCore,113,714,1172,836808,0.652226,1.65881e+07,38.2773,38.2773,4914,0,0,0,0,1,0.641982,0.010228,1.635e-05,ok,2
BBMSInter,113,714,1172,836808,0.14788,1.65881e+07,38.2773,48.3398,11451,0,0,0,0,0,0.127341,0.020552,-1.2518e-05,ok,2
BBMSDppInstant,113,714,1172,836808,0.190084,1.65881e+07,38.2773,181.273,45778,0,0,0,0,1,0.120474,0.069604,6.407e-06,ok,2
BBMSDppStepwise,113,714,1172,836808,0.224104,1.65881e+07,38.2773,175.223,44162,0,0,0,0,7,0.123212,0.100803,8.9347e-05,ok,2
DijkstraPrims,113,714,1172,836808,0.0117703,1.65881e+07,38.2773,38.2773,853,0,0,0,0,0,0.01178,0,-9.703e-06,ok,2
BBMSCore,114,714,262,187068,0.0363763,2.00948e+07,38.2773,38.2773,1103,0,0,0,0,1,0.025937,0.010439,2.64e-07,ok,0
BBMSInter,114,714,262,187068,0.0139522,2.00948e+07,38.2773,38.2773,2564,0,0,0,0,0,0.01396,0,-7.774e-06,ok,0
BBMSDppInstant,114,714,262,187068,0.0389039,2.00948e+07,38.2773,44.7422,10571,0,0,0,0,0,0.028244,0.010668,-8.059e-06,ok,0
BBMSDppStepwise,114,714,262,187068,0.0437123,2.00948e+07,38.2773,43.2422,10183,0,0,0,0,0,0.023344,0.020378,-9.668e-06,ok,0
DijkstraPrims,114,714,262,187068,0.0240564,2.00948e+07,38.2773,38.2773,1782,0,0,0,0,1,0.024047,0,9.403e-06,ok,0
BBMSCore,114,714,262,187068,0.0361579,2.00948e+07,38.2773,38.2773,1103,0,0,0,0,0,0.036167,0,-9.141e-06,ok,1
BBMSInter,114,714,262,187068,0.013776,2.00948e+07,38.2773,38.2773,2564,0,0,0,0,0,0.004274,0.009509,-6.96e-06,ok,1
BBMSDppInstant,114,714,262,187068,0.0395524,2.00948e+07,38.2773,44.7422,10571,0,0,0,0,1,0.039541,0,1.1403e-05,ok,1
BBMSDppStepwise,114,714,262,187068,0.0441946,2.00948e+07,38.2773,43.25,10183,0,0,0,0,1,0.043825,0.00036,9.625e-06,ok,1
DijkstraPrims,114,714,262,187068,0.0240163,2.00948e+07,38.2773,38.2773,1782,0,0,0,0,1,0.005219,0.018798,-6.65e-07,ok,1
BBMSCore,114,714,262,187068,0.0361329,2.00948e+07,38.2773,38.2773,1103,0,0,0,0,0,0.035598,0.000542,-7.137e-06,ok,2
BBMSInter,114,714,262,187068,0.0144622,2.00948e+07,38.2773,38.2773,2564,0,0,0,0,0,0.00558,0.00889,-7.755e-06,ok,2
BBMSDppInstant,114,714,262,187068,0.0403396,2.00948e+07,38.2773,44.7305,10571,0,0,0,0,0,0.030438,0.009912,-1.0431e-05,ok,2
BBMSDppStepwise,114,714,262,187068,0.0441986,2.00948e+07,38.2773,43.25,10183,0,0,0,0,0,0.03396,0.01025,-1.1389e-05,ok,2
DijkstraPrims,114,714,262,187068,0.0241352,2.00948e+07,38.2773,38.2773,1782,0,0,0,0,0,0.024145,0,-9.838e-06,ok,2
BBMSCore,115,714,24,17136,0.028312,9.91979e+06,38.2773,38.2773,103,0,0,0,0,0,0.028323,0,-1.098e-05,ok,0
BBMSInter,115,714,24,17136,0.00421391,9.91979e+06,38.2773,38.2773,237,0,0,0,0,0,0.004222,0,-8.089e-06,ok,0
BBMSDppInstant,115,714,24,17136,0.00280486,9.91979e+06,38.2773,38.2773,891,0,0,0,0,0,0.002813,0,-8.141e-06,ok,0
BBMSDppStepwise,115,714,24,17136,0.00274306,9.91979e+06,38.2773,38.2773,884,0,0,0,0,0,0.00275,0,-6.939e-06,ok,0
DijkstraPrims,115,714,24,17136,0.000346046,9.91979e+06,38.2773,38.2773,34,0,0,0,0,0,0.000353,0,-6.954e-06,ok,0
BBMSCore,115,714,24,17136,0.0283252,9.91979e+06,38.2773,38.2773,103,0,0,0,0,0,0.028335,0,-9.803e-06,ok,1
BBMSInter,115,714,24,17136,0.00423875,9.91979e+06,38.2773,38.2773,237,0,0,0,0,0,0.003778,0.000472,-1.1246e-05,ok,1
BBMSDppInstant,115,714,24,17136,0.00289434,9.91979e+06,38.2773,38.2773,891,0,0,0,0,0,0.002903,0,-8.66e-06,ok,1
BBMSDppStepwise,115,714,24,17136,0.00307895,9.91979e+06,38.2773,38.2773,884,0,0,0,0,0,0.003087,0,-8.048e-06,ok,1
DijkstraPrims,115,714,24,17136,0.000344618,9.91979e+06,38.2773,38.2773,34,0,0,0,0,0,0.000353,0,-8.382e-06,ok,1
BBMSCore,115,714,24,17136,0.0282873,9.91979e+06,38.2773,38.2773,103,0,0,0,0,0,0.028294,0,-6.708e-06,ok,2
BBMSInter,115,714,24,17136,0.00421674,9.91979e+06,38.2773,38.2773,237,0,0,0,0,0,0.004226,0,-9.264e-06,ok,2
BBMSDppInstant,115,714,24,17136,0.00289902,9.91979e+06,38.2773,38.2773,891,0,0,0,0,0,0.00291,0,-1.0979e-05,ok,2
BBMSDppStepwise,115,714,24,17136,0.00293952,9.91979e+06,38.2773,38.2773,884,0,0,0,0,0,0,0.002949,-9.485e-06,ok,2
DijkstraPrims,115,714,24,17136,0.000341006,9.91979e+06,38.2773,38.2773,34,0,0,0,0,0,0.00035,0,-8.994e-06,ok,2
BBMSCore,116,714,432,308448,0.38266,1.54498e+07,38.2773,38.2773,1816,0,0,0,0,0,0.382675,0,-1.4577e-05,ok,0
BBMSInter,116,714,432,308448,0.0288118,1.54498e+07,38.2773,38.2773,4226,0,0,0,0,0,0.028822,0,-1.0184e-05,ok,0
BBMSDppInstant,116,714,432,308448,0.0577321,1.54498e+07,38.2773,69.1133,16844,0,0,0,0,0,0.047928,0.009814,-9.891e-06,ok,0
BBMSDppStepwise,116,714,432,308448,0.0637444,1.54498e+07,38.2773,66.4844,16190,0,0,0,0,1,0.043232,0.020512,3.54e-07,ok,0
DijkstraPrims,116,714,432,308448,0.047576,1.54498e+07,38.2773,38.2773,3719,0,0,0,0,0,0.037942,0.009646,-1.1952e-05,ok,0
BBMSCore,116,714,432,308448,0.382443,1.54498e+07,38.2773,38.2773,1816,0,0,0,0,0,0.382382,7.4e-05,-1.2822e-05,ok,1
BBMSInter,116,714,432,308448,0.0286627,1.54498e+07,38.2773,38.2773,4226,0,0,0,0,0,0.028673,0,-1.0265e-05,ok,1
BBMSDppInstant,116,714,432,308448,0.057177,1.54498e+07,38.2773,69.1016,16844,0,0,0,0,1,0.037637,0.019539,9.83e-07,ok,1
BBMSDppStepwise,116,714,432,308448,0.0636671,1.54498e+07,38.2773,66.4883,16190,0,0,0,0,0,0.043227,0.02045,-9.945e-06,ok,1
DijkstraPrims,116,714,432,308448,0.0473318,1.54498e+07,38.2773,38.2773,3719,0,0,0,0,0,0.037548,0.009794,-1.0187e-05,ok,1
BBMSCore,116,714,432,308448,0.382718,1.54498e+07,38.2773,38.2773,1816,0,0,0,0,1,0.37268,0.010045,-7.326e-06,ok,2
BBMSInter,116,714,432,308448,0.0286789,1.54498e+07,38.2773,38.2773,4226,0,0,0,0,0,0.028688,0,-9.089e-06,ok,2
BBMSDppInstant,116,714,432,308448,0.056947,1.54498e+07,38.2773,69.125,16844,0,0,0,0,1,0.036032,0.020912,2.963e-06,ok,2
BBMSDppStepwise,116,714,432,308448,0.063409,1.54498e+07,38.2773,66.4648,16190,0,0,0,0,1,0.05321,0.010198,1.008e-06,ok,2
DijkstraPrims,116,714,432,308448,0.0473898,1.54498e+07,38.2773,38.2773,3719,0,0,0,0,0,0.037614,0.009786,-1.0215e-05,ok,2
BBMSCore,117,714,1045,746130,0.494528,2.69398e+07,38.2773,38.2773,4382,0,0,0,0,0,0.494533,0,-4.536e-06,ok,0
BBMSInter,117,714,1045,746130,0.0885954,2.69398e+07,38.2773,43.4922,10211,0,0,0,0,0,0.078667,0.009939,-1.0634e-05,ok,0
BBMSDppInstant,117,714,1045,746130,0.158165,2.69398e+07,38.2773,164.203,41295,0,0,0,0,0,0.088507,0.069669,-1.1325e-05,ok,0
BBMSDppStepwise,117,714,1045,746130,0.17964,2.69398e+07,38.2773,156.809,39424,0,0,0,0,0,0.129655,0.049997,-1.223e-05,ok,0
DijkstraPrims,117,714,1045,746130,0.087652,2.69398e+07,38.2773,38.2773,6500,0,0,0,0,0,0.077201,0.010461,-9.963e-06,ok,0
BBMSCore,117,714,1045,746130,0.495778,2.69398e+07,38.2773,38.2773,4382,0,0,0,0,2,0.485848,0.009935,-5.052e-06,ok,1
BBMSInter,117,714,1045,746130,0.0877843,2.69398e+07,38.2773,43.4922,10211,0,0,0,0,0,0.077904,0.00989,-9.66e-06,ok,1
BBMSDppInstant,117,714,1045,746130,0.155618,2.69398e+07,38.2773,164.219,41295,0,0,0,0,0,0.096612,0.059017,-1.1162e-05,ok,1
BBMSDppStepwise,117,714,1045,746130,0.17777,2.69398e+07,38.2773,156.805,39424,0,0,0,0,2,0.118287,0.059449,3.4289e-05,ok,1
DijkstraPrims,117,714,1045,746130,0.0921744,2.69398e+07,38.2773,38.2773,6500,0,0,0,0,0,0.092188,0,-1.3591e-05,ok,1
BBMSCore,117,714,1045,746130,0.495586,2.69398e+07,38.2773,38.2773,4382,0,0,0,0,1,0.485778,0.009816,-7.954e-06,ok,2
BBMSInter,117,714,1045,746130,0.0891802,2.69398e+07,38.2773,43.4727,10211,0,0,0,0,1,0.069259,0.019893,2.817e-05,ok,2
BBMSDppInstant,117,714,1045,746130,0.156939,2.69398e+07,38.2773,164.215,41295,0,0,0,0,0,0.097559,0.059393,-1.3111e-05,ok,2
BBMSDppStepwise,117,714,1045,746130,0.179152,2.69398e+07,38.2773,156.805,39424,0,0,0,0,0,0.139208,0.039957,-1.312e-05,ok,2
DijkstraPrims,117,714,1045,746130,0.092665,2.69398e+07,38.2773,38.2773,6500,0,0,0,0,0,0.082505,0.010173,-1.299e-05,ok,2
BBMSCore,118,714,377,269178,0.11553,1.0806e+07,38.2773,38.2773,1586,0,0,0,0,0,0.115541,0,-1.09e-05,ok,0
BBMSInter,118,714,377,269178,0.0218019,1.0806e+07,38.2773,38.2773,3689,0,0,0,0,0,0.021507,0.000306,-1.1145e-05,ok,0
BBMSDppInstant,118,714,377,269178,0.0561333,1.0806e+07,38.2773,62.4922,15130,0,0,0,0,0,0.046368,0.009781,-1.574e-05,ok,0
BBMSDppStepwise,118,714,377,269178,0.0702153,1.0806e+07,38.2773,58.4922,14070,0,0,0,0,0,0.060165,0.010061,-1.0654e-05,ok,0
DijkstraPrims,118,714,377,269178,0.0401091,1.0806e+07,38.2773,38.2773,3099,0,0,0,0,0,0.030055,0.010065,-1.0855e-05,ok,0
BBMSCore,118,714,377,269178,0.115872,1.0806e+07,38.2773,38.2773,1586,0,0,0,0,1,0.115875,0,-3.08e-06,ok,1
BBMSInter,118,714,377,269178,0.0214681,1.0806e+07,38.2773,38.2773,3689,0,0,0,0,0,0.012874,0.008604,-9.926e-06,ok,1
BBMSDppInstant,118,714,377,269178,0.0549509,1.0806e+07,38.2773,62.4922,15130,0,0,0,0,0,0.044568,0.010393,-1.0094e-05,ok,1
BBMSDppStepwise,118,714,377,269178,0.0709646,1.0806e+07,38.2773,58.4883,14070,0,0,0,0,0,0.051903,0.019075,-1.3398e-05,ok,1
DijkstraPrims,118,714,377,269178,0.0399157,1.0806e+07,38.2773,38.2773,3099,0,0,0,0,0,0.039927,0,-1.1349e-05,ok,1
BBMSCore,118,714,377,269178,0.115559,1.0806e+07,38.2773,38.2773,1586,0,0,0,0,1,0.105991,0.00957,-2.11e-06,ok,2
BBMSInter,118,714,377,269178,0.0222269,1.0806e+07,38.2773,38.2773,3689,0,0,0,0,0,0.011955,0.010281,-9.069e-06,ok,2
BBMSDppInstant,118,714,377,269178,0.0555976,1.0806e+07,38.2773,62.5,15130,0,0,0,0,0,0.025676,0.029932,-1.0447e-05,ok,2
BBMSDppStepwise,118,714,377,269178,0.0719895,1.0806e+07,38.2773,58.4727,14070,0,0,0,0,1,0.062326,0.009666,-2.54e-06,ok,2
DijkstraPrims,118,714,377,269178,0.0402569,1.0806e+07,38.2773,38.2773,3099,0,0,0,0,0,0.030196,0.010072,-1.1127e-05,ok,2
BBMSCore,119,714,2423,1730022,2.19151,3.32252e+07,38.2773,43.3594,10173,0,0,0,0,7,2.18144,0.010015,5.7411e-05,ok,0
BBMSInter,119,714,2423,1730022,0.469643,3.32252e+07,38.2773,96.1211,23689,0,0,0,0,3,0.429576,0.040056,1.1059e-05,ok,0
BBMSDppInstant,119,714,2423,1730022,0.437679,3.32252e+07,38.2773,370.734,94582,0,0,0,0,0,0.337719,0.099976,-1.5773e-05,ok,0
BBMSDppStepwise,119,714,2423,1730022,0.523727,3.32252e+07,38.2773,356.648,90832,0,0,0,0,4,0.414337,0.109212,0.000177681,ok,0
DijkstraPrims,119,714,2423,1730022,0.175528,3.32252e+07,38.2773,42.5938,12694,0,0,0,0,0,0.135177,0.040365,-1.3807e-05,ok,0
BBMSCore,119,714,2423,1730022,2.19026,3.32252e+07,38.2773,43.375,10173,0,0,0,0,8,2.18019,0.01001,6.3393e-05,ok,1
BBMSInter,119,714,2423,1730022,0.465573,3.32252e+07,38.2773,96.125,23689,0,0,0,0,0,0.435276,0.030316,-1.8613e-05,ok,1
BBMSDppInstant,119,714,2423,1730022,0.430984,3.32252e+07,38.2773,370.703,94582,0,0,0,0,1,0.282165,0.148807,1.182e-05,ok,1
BBMSDppStepwise,119,714,2423,1730022,0.521116,3.32252e+07,38.2773,356.809,90832,0,0,0,0,2,0.401752,0.119358,6.369e-06,ok,1
DijkstraPrims,119,714,2423,1730022,0.17669,3.32252e+07,38.2773,42.582,12694,0,0,0,0,0,0.15707,0.019634,-1.4492e-05,ok,1
BBMSCore,119,714,2423,1730022,2.19134,3.32252e+07,38.2773,43.125,10173,0,0,0,0,12,2.16135,0.029912,7.335e-05,ok,2
BBMSInter,119,714,2423,1730022,0.469356,3.32252e+07,38.2773,96.1172,23689,0,0,0,0,0,0.429275,0.040099,-1.7995e-05,ok,2
BBMSDppInstant,119,714,2423,1730022,0.437971,3.32252e+07,38.2773,370.715,94582,0,0,0,0,2,0.308167,0.129757,4.6619e-05,ok,2
BBMSDppStepwise,119,714,2423,1730022,0.518336,3.32252e+07,38.2773,356.801,90832,0,0,0,0,1,0.417485,0.100852,-1.311e-06,ok,2
DijkstraPrims,119,714,2423,1730022,0.177957,3.32252e+07,38.2773,42.5938,12694,0,0,0,0,1,0.157807,0.019984,0.000166395,ok,2
BBMSCore,120,714,40,28560,0.0722933,7.73378e+06,38.2773,38.2773,170,0,0,0,0,0,0.072272,3.5e-05,-1.3666e-05,ok,0
BBMSInter,120,714,40,28560,0.00100263,7.73378e+06,38.2773,38.2773,393,0,0,0,0,0,0.001011,0,-8.372e-06,ok,0
BBMSDppInstant,120,714,40,28560,0.00361331,7.73378e+06,38.2773,38.2773,1450,0,0,0,0,0,0.003622,0,-8.693e-06,ok,0
BBMSDppStepwise,120,714,40,28560,0.00351549,7.73378e+06,38.2773,38.2773,1450,0,0,0,0,0,0.003525,0,-9.509e-06,ok,0
DijkstraPrims,120,714,40,28560,0.000468197,7.73378e+06,38.2773,38.2773,45,0,0,0,0,0,0,0.000493,-2.4803e-05,ok,0
BBMSCore,120,714,40,28560,0.0723193,7.73378e+06,38.2773,38.2773,170,0,0,0,0,0,0.072331,0,-1.1674e-05,ok,1
BBMSInter,120,714,40,28560,0.00108633,7.73378e+06,38.2773,38.2773,393,0,0,0,0,0,0,0.001097,-1.0666e-05,ok,1
BBMSDppInstant,120,714,40,28560,0.00370759,7.73378e+06,38.2773,38.2773,1450,0,0,0,0,0,0.003718,0,-1.0408e-05,ok,1
BBMSDppStepwise,120,714,40,28560,0.00341427,7.73378e+06,38.2773,38.2773,1450,0,0,0,0,0,0.00308,0.000343,-8.734e-06,ok,1
DijkstraPrims,120,714,40,28560,0.000446055,7.73378e+06,38.2773,38.2773,45,0,0,0,0,0,0.000456,0,-9.945e-06,ok,1
BBMSCore,120,714,40,28560,0.0723107,7.73378e+06,38.2773,38.2773,170,0,0,0,0,0,0.071855,0.000465,-9.348e-06,ok,2
BBMSInter,120,714,40,28560,0.000994277,7.73378e+06,38.2773,38.2773,393,0,0,0,0,0,0.001002,0,-7.723e-06,ok,2
BBMSDppInstant,120,714,40,28560,0.00366581,7.73378e+06,38.2773,38.2773,1450,0,0,0,0,0,0.003675,0,-9.188e-06,ok,2
BBMSDppStepwise,120,714,40,28560,0.00336867,7.73378e+06,38.2773,38.2773,1450,0,0,0,0,1,0.003371,0,-2.331e-06,ok,2
DijkstraPrims,120,714,40,28560,0.00044019,7.73378e+06,38.2773,38.2773,45,0,0,0,0,0,0.000449,0,-8.81e-06,ok,2
BBMSCore,121,714,149,106386,0.113886,1.48598e+07,38.2773,38.2773,630,0,0,0,0,0,0.113897,0,-1.0684e-05,ok,0
BBMSInter,121,714,149,106386,0.00633161,1.48598e+07,38.2773,38.2773,1461,0,0,0,0,0,0.006342,0,-1.0385e-05,ok,0
BBMSDppInstant,121,714,149,106386,0.0188586,1.48598e+07,38.2773,38.2773,5737,0,0,0,0,0,0.018868,0,-9.382e-06,ok,0
BBMSDppStepwise,121,714,149,106386,0.0206585,1.48598e+07,38.2773,38.2773,5547,0,0,0,0,0,0.020487,0.000181,-9.537e-06,ok,0
DijkstraPrims,121,714,149,106386,0.0164905,1.48598e+07,38.2773,38.2773,1462,0,0,0,0,0,0.016501,0,-1.0514e-05,ok,0
BBMSCore,121,714,149,106386,0.113895,1.48598e+07,38.2773,38.2773,630,0,0,0,0,0,0.113906,0,-1.1024e-05,ok,1
BBMSInter,121,714,149,106386,0.0062642,1.48598e+07,38.2773,38.2773,1461,0,0,0,0,0,0.006273,0,-8.799e-06,ok,1
BBMSDppInstant,121,714,149,106386,0.0190685,1.48598e+07,38.2773,38.2773,5737,0,0,0,0,0,0.019078,0,-9.486e-06,ok,1
BBMSDppStepwise,121,714,149,106386,0.020652,1.48598e+07,38.2773,38.2773,5547,0,0,0,0,0,0.010358,0.010303,-9.038e-06,ok,1
DijkstraPrims,121,714,149,106386,0.0164601,1.48598e+07,38.2773,38.2773,1462,0,0,0,0,0,0.01647,0,-9.895e-06,ok,1
BBMSCore,121,714,149,106386,0.113869,1.48598e+07,38.2773,38.2773,630,0,0,0,0,0,0.113881,0,-1.1602e-05,ok,2
BBMSInter,121,714,149,106386,0.00632283,1.48598e+07,38.2773,38.2773,1461,0,0,0,0,0,0.005701,0.000633,-1.1171e-05,ok,2
BBMSDppInstant,121,714,149,106386,0.0190669,1.48598e+07,38.2773,38.2773,5737,0,0,0,0,0,0.009776,0.009301,-1.0102e-05,ok,2
BBMSDppStepwise,121,714,149,106386,0.0216823,1.48598e+07,38.2773,38.2773,5547,0,0,0,0,0,0.011294,0.0104,-1.1749e-05,ok,2
DijkstraPrims,121,714,149,106386,0.0164253,1.48598e+07,38.2773,38.2773,1462,0,0,0,0,0,0.016435,0,-9.746e-06,ok,2
BBMSCore,122,714,1009,720426,0.557512,1.15331e+07,38.2773,38.2773,4232,0,0,0,0,1,0.547287,0.010005,0.00022012,ok,0
BBMSInter,122,714,1009,720426,0.118043,1.15331e+07,38.2773,42.125,9860,0,0,0,0,0,0.107986,0.01007,-1.2642e-05,ok,0
BBMSDppInstant,122,714,1009,720426,0.160956,1.15331e+07,38.2773,156.941,39830,0,0,0,0,0,0.131621,0.029348,-1.2622e-05,ok,0
BBMSDppStepwise,122,714,1009,720426,0.22446,1.15331e+07,38.2773,150.582,37815,0,0,0,0,0,0.184758,0.039705,-2.914e-06,ok,0
DijkstraPrims,122,714,1009,720426,0.00572039,1.15331e+07,38.2773,38.2773,430,0,0,0,0,0,0.005731,0,-1.061e-05,ok,0
BBMSCore,122,714,1009,720426,0.558572,1.15331e+07,38.2773,38.2773,4232,0,0,0,0,3,0.548426,0.010026,0.000120383,ok,1
BBMSInter,122,714,1009,720426,0.118182,1.15331e+07,38.2773,42.1172,9860,0,0,0,0,0,0.098677,0.019519,-1.4003e-05,ok,1
BBMSDppInstant,122,714,1009,720426,0.16203,1.15331e+07,38.2773,156.898,39830,0,0,0,0,1,0.080296,0.081724,9.837e-06,ok,1
BBMSDppStepwise,122,714,1009,720426,0.225469,1.15331e+07,38.2773,150.562,37815,0,0,0,0,0,0.194629,0.030853,-1.3126e-05,ok,1
DijkstraPrims,122,714,1009,720426,0.00573231,1.15331e+07,38.2773,38.2773,430,0,0,0,0,0,0.005744,0,-1.1693e-05,ok,1
BBMSCore,122,714,1009,720426,0.558217,1.15331e+07,38.2773,38.2773,4232,0,0,0,0,2,0.54813,0.010019,6.8111e-05,ok,2
BBMSInter,122,714,1009,720426,0.118306,1.15331e+07,38.2773,42.125,9860,0,0,0,0,0,0.098145,0.020175,-1.4244e-05,ok,2
BBMSDppInstant,122,714,1009,720426,0.165745,1.15331e+07,38.2773,156.742,39830,0,0,0,0,1,0.125803,0.039948,-5.953e-06,ok,2
BBMSDppStepwise,122,714,1009,720426,0.227661,1.15331e+07,38.2773,150.578,37815,0,0,0,0,0,0.177526,0.050149,-1.3848e-05,ok,2
DijkstraPrims,122,714,1009,720426,0.00570616,1.15331e+07,38.2773,38.2773,430,0,0,0,0,0,0.005717,0,-1.0842e-05,ok,2
BBMSCore,123,714,631,450534,0.193836,2.24822e+07,38.2773,38.2773,2649,0,0,0,0,0,0.193301,0.000548,-1.302e-05,ok,0
BBMSInter,123,714,631,450534,0.0466006,2.24822e+07,38.2773,38.2773,6169,0,0,0,0,1,0.036571,0.010032,-2.356e-06,ok,0
BBMSDppInstant,123,714,631,450534,0.0925473,2.24822e+07,38.2773,100.926,24993,0,0,0,0,0,0.052865,0.039695,-1.272e-05,ok,0
BBMSDppStepwise,123,714,631,450534,0.109579,2.24822e+07,38.2773,96.4336,23850,0,0,0,0,0,0.080543,0.029048,-1.2378e-05,ok,0
DijkstraPrims,123,714,631,450534,0.0582634,2.24822e+07,38.2773,38.2773,3961,0,0,0,0,1,0.058265,0,-1.63e-06,ok,0
BBMSCore,123,714,631,450534,0.19379,2.24822e+07,38.2773,38.2773,2649,0,0,0,0,0,0.183889,0.009912,-1.1005e-05,ok,1
BBMSInter,123,714,631,450534,0.0459541,2.24822e+07,38.2773,38.2773,6169,0,0,0,0,0,0.036423,0.009543,-1.1881e-05,ok,1
BBMSDppInstant,123,714,631,450534,0.0930993,2.24822e+07,38.2773,100.902,24993,0,0,0,0,0,0.053699,0.039411,-1.0748e-05,ok,1
BBMSDppStepwise,123,714,631,450534,0.110186,2.24822e+07,38.2773,96.4492,23850,0,0,0,0,0,0.079597,0.030602,-1.2978e-05,ok,1
DijkstraPrims,123,714,631,450534,0.0591596,2.24822e+07,38.2773,38.2773,3961,0,0,0,0,1,0.04891,0.010249,5.57e-07,ok,1
BBMSCore,123,714,631,450534,0.193745,2.24822e+07,38.2773,38.2773,2649,0,0,0,0,2,0.193724,0,2.0949e-05,ok,2
BBMSInter,123,714,631,450534,0.0463085,2.24822e+07,38.2773,38.2773,6169,0,0,0,0,0,0.04632,0,-1.1464e-05,ok,2
BBMSDppInstant,123,714,631,450534,0.0936534,2.24822e+07,38.2773,100.934,24993,0,0,0,0,1,0.05417,0.039485,-1.582e-06,ok,2
BBMSDppStepwise,123,714,631,450534,0.110581,2.24822e+07,38.2773,96.4297,23850,0,0,0,0,0,0.079826,0.030766,-1.1358e-05,ok,2
DijkstraPrims,123,714,631,450534,0.0578441,2.24822e+07,38.2773,38.2773,3961,0,0,0,0,0,0.057854,0,-9.926e-06,ok,2
BBMSCore,124,714,542,386988,0.163988,1.52173e+07,38.2773,38.2773,2276,0,0,0,0,0,0.163999,0,-1.0811e-05,ok,0
BBMSInter,124,714,542,386988,0.037154,1.52173e+07,38.2773,38.2773,5299,0,0,0,0,1,0.037156,0,-2.029e-06,ok,0
BBMSDppInstant,124,714,542,386988,0.0785789,1.52173e+07,38.2773,86.5625,21362,0,0,0,0,0,0.058259,0.020333,-1.3135e-05,ok,0
BBMSDppStepwise,124,714,542,386988,0.0941356,1.52173e+07,38.2773,83.1172,20433,0,0,0,0,1,0.054143,0.039994,-1.356e-06,ok,0
DijkstraPrims,124,714,542,386988,0.0649812,1.52173e+07,38.2773,38.2773,5633,0,0,0,0,0,0.064991,0,-9.788e-06,ok,0
BBMSCore,124,714,542,386988,0.164139,1.52173e+07,38.2773,38.2773,2276,0,0,0,0,0,0.154203,0.009949,-1.2557e-05,ok,1
BBMSInter,124,714,542,386988,0.0380797,1.52173e+07,38.2773,38.2773,5299,0,0,0,0,0,0.027882,0.010213,-1.5335e-05,ok,1
BBMSDppInstant,124,714,542,386988,0.0790543,1.52173e+07,38.2773,86.543,21362,0,0,0,0,0,0.040523,0.038546,-1.4694e-05,ok,1
BBMSDppStepwise,124,714,542,386988,0.0952269,1.52173e+07,38.2773,83.1289,20433,0,0,0,0,0,0.085241,0.010001,-1.5075e-05,ok,1
DijkstraPrims,124,714,542,386988,0.0646164,1.52173e+07,38.2773,38.2773,5633,0,0,0,0,0,0.064628,0,-1.1581e-05,ok,1
BBMSCore,124,714,542,386988,0.164243,1.52173e+07,38.2773,38.2773,2276,0,0,0,0,1,0.164249,0,-6.203e-06,ok,2
BBMSInter,124,714,542,386988,0.0373248,1.52173e+07,38.2773,38.2773,5299,0,0,0,0,0,0.027209,0.010126,-1.0198e-05,ok,2
BBMSDppInstant,124,714,542,386988,0.0772151,1.52173e+07,38.2773,86.5625,21362,0,0,0,0,0,0.046905,0.03032,-9.896e-06,ok,2
BBMSDppStepwise,124,714,542,386988,0.0937813,1.52173e+07,38.2773,83.1289,20433,0,0,0,0,0,0.064067,0.029725,-1.0657e-05,ok,2
DijkstraPrims,124,714,542,386988,0.0649042,1.52173e+07,38.2773,38.2773,5633,0,0,0,0,0,0.064413,0.000502,-1.077e-05,ok,2
BBMSCore,125,714,215,153510,0.347591,1.90363e+07,38.2773,38.2773,906,0,0,0,0,2,0.347587,0,3.972e-06,ok,0
BBMSInter,125,714,215,153510,0.0457399,1.90363e+07,38.2773,38.2773,2105,0,0,0,0,0,0.04575,0,-1.0115e-05,ok,0
BBMSDppInstant,125,714,215,153510,0.0298779,1.90363e+07,38.2773,38.2773,8264,0,0,0,0,0,0.019516,0.010372,-1.0088e-05,ok,0
BBMSDppStepwise,125,714,215,153510,0.0339394,1.90363e+07,38.2773,38.2773,8053,0,0,0,0,0,0.014056,0.019896,-1.2554e-05,ok,0
DijkstraPrims,125,714,215,153510,0.00109017,1.90363e+07,38.2773,38.2773,84,0,0,0,0,0,0.00099,0.00011,-9.828e-06,ok,0
BBMSCore,125,714,215,153510,0.347775,1.90363e+07,38.2773,38.2773,906,0,0,0,0,0,0.347789,0,-1.372e-05,ok,1
BBMSInter,125,714,215,153510,0.0460623,1.90363e+07,38.2773,38.2773,2105,0,0,0,0,0,0.046075,0,-1.2735e-05,ok,1
BBMSDppInstant,125,714,215,153510,0.0302388,1.90363e+07,38.2773,38.2773,8264,0,0,0,0,0,0.009411,0.02084,-1.218e-05,ok,1
BBMSDppStepwise,125,714,215,153510,0.0341343,1.90363e+07,38.2773,38.2773,8053,0,0,0,0,0,0.023385,0.010764,-1.4682e-05,ok,1
DijkstraPrims,125,714,215,153510,0.00111672,1.90363e+07,38.2773,38.2773,84,0,0,0,0,0,0.001131,0,-1.4281e-05,ok,1
BBMSCore,125,714,215,153510,0.347493,1.90363e+07,38.2773,38.2773,906,0,0,0,0,2,0.347496,0,-2.834e-06,ok,2
BBMSInter,125,714,215,153510,0.0459925,1.90363e+07,38.2773,38.2773,2105,0,0,0,0,0,0.046007,0,-1.4455e-05,ok,2
BBMSDppInstant,125,714,215,153510,0.0299464,1.90363e+07,38.2773,38.2773,8264,0,0,0,0,0,0.019567,0.01039,-1.065e-05,ok,2
BBMSDppStepwise,125,714,215,153510,0.0332809,1.90363e+07,38.2773,38.2773,8053,0,0,0,0,0,0.033291,0,-1.0097e-05,ok,2
DijkstraPrims,125,714,215,153510,0.00109101,1.90363e+07,38.2773,38.2773,84,0,0,0,0,0,0.001101,0,-9.987e-06,ok,2
BBMSCore,126,714,1445,1031730,0.859023,2.45785e+07,38.2773,38.2773,6066,0,0,0,0,4,0.859008,0,1.5403e-05,ok,0
BBMSInter,126,714,1445,1031730,0.179357,2.45785e+07,38.2773,58.6172,14126,0,0,0,0,6,0.158883,0.020401,7.2595e-05,ok,0
BBMSDppInstant,126,714,1445,1031730,0.237551,2.45785e+07,38.2773,225.441,56998,0,0,0,0,0,0.159035,0.078528,-1.2353e-05,ok,0
BBMSDppStepwise,126,714,1445,1031730,0.273203,2.45785e+07,38.2773,215.68,54493,0,0,0,0,0,0.17305,0.100167,-1.4194e-05,ok,0
DijkstraPrims,126,714,1445,1031730,0.19025,2.45785e+07,38.2773,44.9023,13334,0,0,0,0,1,0.189963,0.000261,2.5951e-05,ok,0
BBMSCore,126,714,1445,1031730,0.858788,2.45785e+07,38.2773,38.2773,6066,0,0,0,0,4,0.848621,0.010049,0.000118427,ok,1
BBMSInter,126,714,1445,1031730,0.178803,2.45785e+07,38.2773,58.7422,14126,0,0,0,0,0,0.159171,0.019643,-1.0647e-05,ok,1
BBMSDppInstant,126,714,1445,1031730,0.235214,2.45785e+07,38.2773,225.449,56998,0,0,0,0,1,0.164979,0.070228,7.457e-06,ok,1
BBMSDppStepwise,126,714,1445,1031730,0.275656,2.45785e+07,38.2773,215.684,54493,0,0,0,0,3,0.205401,0.070228,2.6888e-05,ok,1
DijkstraPrims,126,714,1445,1031730,0.190299,2.45785e+07,38.2773,45.0898,13334,0,0,0,0,0,0.190313,0,-1.3582e-05,ok,1
BBMSCore,126,714,1445,1031730,0.866029,2.45785e+07,38.2773,38.2773,6066,0,0,0,0,2,0.856007,0.010017,4.749e-06,ok,2
BBMSInter,126,714,1445,1031730,0.179356,2.45785e+07,38.2773,58.7422,14126,0,0,0,0,0,0.1788,0.000568,-1.2265e-05,ok,2
BBMSDppInstant,126,714,1445,1031730,0.235739,2.45785e+07,38.2773,225.445,56998,0,0,0,0,2,0.165374,0.070326,3.8634e-05,ok,2
BBMSDppStepwise,126,714,1445,1031730,0.2763,2.45785e+07,38.2773,215.652,54493,0,0,0,0,0,0.246157,0.030161,-1.8296e-05,ok,2
DijkstraPrims,126,714,1445,1031730,0.189091,2.45785e+07,38.2773,44.9961,13334,0,0,0,0,1,0.158545,0.030549,-2.792e-06,ok,2
BBMSCore,127,714,1098,783972,0.530115,2.36132e+07,38.2773,38.2773,4604,0,0,0,0,3,0.52979,0.000316,8.518e-06,ok,0
BBMSInter,127,714,1098,783972,0.127267,2.36132e+07,38.2773,45.4922,10729,0,0,0,0,0,0.117099,0.010181,-1.2555e-05,ok,0
BBMSDppInstant,127,714,1098,783972,0.176079,2.36132e+07,38.2773,170.34,42983,0,0,0,0,3,0.117645,0.058412,2.2007e-05,ok,0
BBMSDppStepwise,127,714,1098,783972,0.210522,2.36132e+07,38.2773,164.207,41312,0,0,0,0,0,0.161046,0.049489,-1.2885e-05,ok,0
DijkstraPrims,127,714,1098,783972,0.0271169,2.36132e+07,38.2773,38.2773,1929,0,0,0,0,0,0.02713,0,-1.3147e-05,ok,0
BBMSCore,127,714,1098,783972,0.531085,2.36132e+07,38.2773,38.2773,4604,0,0,0,0,2,0.511123,0.019945,1.7229e-05,ok,1
BBMSInter,127,714,1098,783972,0.128057,2.36132e+07,38.2773,45.5,10729,0,0,0,0,0,0.107622,0.020447,-1.1538e-05,ok,1
BBMSDppInstant,127,714,1098,783972,0.176657,2.36132e+07,38.2773,170.309,42983,0,0,0,0,0,0.06923,0.107441,-1.4382e-05,ok,1
BBMSDppStepwise,127,714,1098,783972,0.212483,2.36132e+07,38.2773,164.215,41312,0,0,0,0,1,0.122829,0.089646,7.828e-06,ok,1
DijkstraPrims,127,714,1098,783972,0.0271613,2.36132e+07,38.2773,38.2773,1929,0,0,0,0,0,0.027172,0,-1.0734e-05,ok,1
BBMSCore,127,714,1098,783972,0.530292,2.36132e+07,38.2773,38.2773,4604,0,0,0,0,2,0.530282,0,9.578e-06,ok,2
BBMSInter,127,714,1098,783972,0.128362,2.36132e+07,38.2773,45.4922,10729,0,0,0,0,1,0.1079,0.020435,2.6948e-05,ok,2
BBMSDppInstant,127,714,1098,783972,0.178448,2.36132e+07,38.2773,170.344,42983,0,0,0,0,1,0.119556,0.05888,1.1605e-05,ok,2
BBMSDppStepwise,127,714,1098,783972,0.213248,2.36132e+07,38.2773,164.234,41312,0,0,0,0,0,0.183293,0.02997,-1.4557e-05,ok,2
DijkstraPrims,127,714,1098,783972,0.0291811,2.36132e+07,38.2773,38.2773,1929,0,0,0,0,0,0.018707,0.010485,-1.0899e-05,ok,2
BBMSCore,128,714,402,287028,0.104429,1.85194e+07,38.2773,38.2773,1690,0,0,0,0,0,0.104441,0,-1.216e-05,ok,0
BBMSInter,128,714,402,287028,0.0247348,1.85194e+07,38.2773,38.2773,3933,0,0,0,0,0,0.024744,0,-9.178e-06,ok,0
BBMSDppInstant,128,714,402,287028,0.0576045,1.85194e+07,38.2773,64.9805,15790,0,0,0,0,0,0.047957,0.009645,2.475e-06,ok,0
BBMSDppStepwise,128,714,402,287028,0.0700394,1.85194e+07,38.2773,62.4727,15105,0,0,0,0,0,0.049173,0.02088,-1.365e-05,ok,0
DijkstraPrims,128,714,402,287028,0.0444864,1.85194e+07,38.2773,38.2773,3437,0,0,0,0,1,0.024175,0.020208,0.000103417,ok,0
BBMSCore,128,714,402,287028,0.104543,1.85194e+07,38.2773,38.2773,1690,0,0,0,0,0,0.104557,0,-1.352e-05,ok,1
BBMSInter,128,714,402,287028,0.0246402,1.85194e+07,38.2773,38.2773,3933,0,0,0,0,0,0.014521,0.010128,-8.8e-06,ok,1
BBMSDppInstant,128,714,402,287028,0.0574487,1.85194e+07,38.2773,64.8633,15790,0,0,0,0,0,0.04656,0.010901,-1.2326e-05,ok,1
BBMSDppStepwise,128,714,402,287028,0.0712246,1.85194e+07,38.2773,62.4922,15105,0,0,0,0,0,0.050208,0.021029,-1.241e-05,ok,1
DijkstraPrims,128,714,402,287028,0.0446123,1.85194e+07,38.2773,38.2773,3437,0,0,0,0,0,0.03452,0.010102,-9.712e-06,ok,1
BBMSCore,128,714,402,287028,0.105031,1.85194e+07,38.2773,38.2773,1690,0,0,0,0,1,0.104633,0.000403,-4.679e-06,ok,2
BBMSInter,128,714,402,287028,0.0250729,1.85194e+07,38.2773,38.2773,3933,0,0,0,0,1,0.016009,0.009066,-2.066e-06,ok,2
BBMSDppInstant,128,714,402,287028,0.0594174,1.85194e+07,38.2773,65,15790,0,0,0,0,0,0.017749,0.041682,-1.3611e-05,ok,2
BBMSDppStepwise,128,714,402,287028,0.0707725,1.85194e+07,38.2773,62.4844,15105,0,0,0,0,0,0.060874,0.009911,-1.2532e-05,ok,2
DijkstraPrims,128,714,402,287028,0.0444567,1.85194e+07,38.2773,38.2773,3437,0,0,0,0,0,0.044468,0,-1.1323e-05,ok,2
BBMSCore,129,615,3701,2276115,3.73147,2.50769e+07,38.2773,55.875,13381,0,0,0,0,17,3.73127,0,0.000193651,ok,0
BBMSInter,129,615,3701,2276115,0.576364,2.50769e+07,38.2773,125.367,31163,0,0,0,0,3,0.526693,0.049619,5.1632e-05,ok,0
BBMSDppInstant,129,615,3701,2276115,0.537443,2.50769e+07,38.2773,491.086,125200,0,0,0,0,3,0.406042,0.131373,2.8346e-05,ok,0
BBMSDppStepwise,129,615,3701,2276115,0.692285,2.50769e+07,38.2773,467.883,119248,0,0,0,0,1,0.541955,0.150313,1.7134e-05,ok,0
DijkstraPrims,129,615,3701,2276115,0.410958,2.50769e+07,38.2773,93.4258,28544,0,0,0,0,1,0.370865,0.040097,-3.614e-06,ok,0
BBMSCore,129,615,3701,2276115,3.73228,2.50769e+07,38.2773,55.8672,13381,0,0,0,0,13,3.70195,0.030022,0.000313827,ok,1
BBMSInter,129,615,3701,2276115,0.576917,2.50769e+07,38.2773,125.367,31163,0,0,0,0,2,0.536557,0.04036,-4.75e-07,ok,1
BBMSDppInstant,129,615,3701,2276115,0.531465,2.50769e+07,38.2773,491.086,125200,0,0,0,0,2,0.411281,0.120177,7.328e-06,ok,1
BBMSDppStepwise,129,615,3701,2276115,0.693695,2.50769e+07,38.2773,467.879,119248,0,0,0,0,1,0.533206,0.160488,9.34e-07,ok,1
DijkstraPrims,129,615,3701,2276115,0.421524,2.50769e+07,38.2773,93.4336,28544,0,0,0,0,4,0.391476,0.030022,2.5527e-05,ok,1
BBMSCore,129,615,3701,2276115,3.73421,2.50769e+07,38.2773,55.8594,13381,0,0,0,0,11,3.72415,0.010007,5.2137e-05,ok,2
BBMSInter,129,615,3701,2276115,0.576835,2.50769e+07,38.2773,125.355,31163,0,0,0,0,0,0.526996,0.049857,-1.7627e-05,ok,2
BBMSDppInstant,129,615,3701,2276115,0.533934,2.50769e+07,38.2773,491.074,125200,0,0,0,0,2,0.383292,0.150632,9.965e-06,ok,2
BBMSDppStepwise,129,615,3701,2276115,0.70878,2.50769e+07,38.2773,467.887,119248,0,0,0,0,4,0.569198,0.139531,5.1209e-05,ok,2
DijkstraPrims,129,615,3701,2276115,0.41328,2.50769e+07,38.2773,93.3438,28544,0,0,0,0,0,0.37391,0.039387,-1.7251e-05,ok,2
BBMSCore,130,615,1170,719550,0.603529,1.08236e+07,38.2773,38.2773,4227,0,0,0,0,3,0.593304,0.010044,0.000181217,ok,0
BBMSInter,130,615,1170,719550,0.132867,1.08236e+07,38.2773,42.1211,9848,0,0,0,0,2,0.113759,0.019095,1.3335e-05,ok,0
BBMSDppInstant,130,615,1170,719550,0.157153,1.08236e+07,38.2773,158.965,40021,0,0,0,0,0,0.117663,0.039502,-1.232e-05,ok,0
BBMSDppStepwise,130,615,1170,719550,0.203654,1.08236e+07,38.2773,151.398,38009,0,0,0,0,1,0.153152,0.050504,-1.507e-06,ok,0
DijkstraPrims,130,615,1170,719550,0.142093,1.08236e+07,38.2773,41.8633,11175,0,0,0,0,0,0.132727,0.00938,-1.3619e-05,ok,0
BBMSCore,130,615,1170,719550,0.600579,1.08236e+07,38.2773,38.2773,4227,0,0,0,0,2,0.600579,0,2.59e-07,ok,1
BBMSInter,130,615,1170,719550,0.132827,1.08236e+07,38.2773,42.0977,9848,0,0,0,0,0,0.12272,0.010121,-1.412e-05,ok,1
BBMSDppInstant,130,615,1170,719550,0.157021,1.08236e+07,38.2773,159,40021,0,0,0,0,2,0.127499,0.02951,1.1869e-05,ok,1
BBMSDppStepwise,130,615,1170,719550,0.204476,1.08236e+07,38.2773,151.379,38009,0,0,0,0,0,0.145657,0.058825,-5.597e-06,ok,1
DijkstraPrims,130,615,1170,719550,0.145501,1.08236e+07,38.2773,41.8359,11175,0,0,0,0,0,0.145516,0,-1.4612e-05,ok,1
BBMSCore,130,615,1170,719550,0.602445,1.08236e+07,38.2773,38.2773,4227,0,0,0,0,1,0.60244,0,4.797e-06,ok,2
BBMSInter,130,615,1170,719550,0.131925,1.08236e+07,38.2773,42.125,9848,0,0,0,0,0,0.121872,0.010066,-1.3332e-05,ok,2
BBMSDppInstant,130,615,1170,719550,0.157358,1.08236e+07,38.2773,158.984,40021,0,0,0,0,1,0.137665,0.019685,8.488e-06,ok,2
BBMSDppStepwise,130,615,1170,719550,0.204516,1.08236e+07,38.2773,151.391,38009,0,0,0,0,2,0.175231,0.029273,1.1784e-05,ok,2
DijkstraPrims,130,615,1170,719550,0.143861,1.08236e+07,38.2773,41.8633,11175,0,0,0,0,0,0.143875,0,-1.4101e-05,ok,2
BBMSCore,131,615,1172,720780,0.534586,1.10772e+07,38.2773,38.2773,4234,0,0,0,0,1,0.534553,0,3.2838e-05,ok,0
BBMSInter,131,615,1172,720780,0.088391,1.10772e+07,38.2773,42.1172,9865,0,0,0,0,0,0.068544,0.019859,-1.2037e-05,ok,0
BBMSDppInstant,131,615,1172,720780,0.157036,1.10772e+07,38.2773,159.57,40109,0,0,0,0,0,0.117481,0.039569,-1.4116e-05,ok,0
BBMSDppStepwise,131,615,1172,720780,0.200136,1.10772e+07,38.2773,151.531,38062,0,0,0,0,1,0.140037,0.060091,7.861e-06,ok,0
DijkstraPrims,131,615,1172,720780,0.133631,1.10772e+07,38.2773,41.8438,11181,0,0,0,0,1,0.092933,0.040703,-4.866e-06,ok,0
BBMSCore,131,615,1172,720780,0.534544,1.10772e+07,38.2773,38.2773,4234,0,0,0,0,2,0.524465,0.010075,4.076e-06,ok,1
BBMSInter,131,615,1172,720780,0.0898361,1.10772e+07,38.2773,42.125,9865,0,0,0,0,2,0.069822,0.020008,6.089e-06,ok,1
BBMSDppInstant,131,615,1172,720780,0.160242,1.10772e+07,38.2773,159.566,40109,0,0,0,0,0,0.120096,0.04016,-1.358e-05,ok,1
BBMSDppStepwise,131,615,1172,720780,0.203609,1.10772e+07,38.2773,151.523,38062,0,0,0,0,0,0.144849,0.058774,-1.3857e-05,ok,1
DijkstraPrims,131,615,1172,720780,0.132995,1.10772e+07,38.2773,41.8203,11181,0,0,0,0,0,0.122873,0.010135,-1.2678e-05,ok,1
BBMSCore,131,615,1172,720780,0.534747,1.10772e+07,38.2773,38.2773,4234,0,0,0,0,3,0.524808,0.009924,1.5089e-05,ok,2
BBMSInter,131,615,1172,720780,0.088623,1.10772e+07,38.2773,42.1211,9865,0,0,0,0,0,0.078669,0.009966,-1.197e-05,ok,2
BBMSDppInstant,131,615,1172,720780,0.16029,1.10772e+07,38.2773,159.574,40109,0,0,0,0,0,0.100189,0.060115,-1.3973e-05,ok,2
BBMSDppStepwise,131,615,1172,720780,0.20312,1.10772e+07,38.2773,151.535,38062,0,0,0,0,0,0.163937,0.039196,-1.3145e-05,ok,2
DijkstraPrims,131,615,1172,720780,0.132665,1.10772e+07,38.2773,41.8203,11181,0,0,0,0,0,0.122558,0.01012,-1.2608e-05,ok,2
BBMSCore,132,615,262,161130,0.0451308,1.52219e+07,38.2773,38.2773,951,0,0,0,0,0,0.035402,0.009741,-1.2244e-05,ok,0
BBMSInter,132,615,262,161130,0.0180052,1.52219e+07,38.2773,38.2773,2209,0,0,0,0,0,0.018017,0,-1.1818e-05,ok,0
BBMSDppInstant,132,615,262,161130,0.0334673,1.52219e+07,38.2773,38.4648,8952,0,0,0,0,0,0.03348,0,-1.2664e-05,ok,0
BBMSDppStepwise,132,615,262,161130,0.0398317,1.52219e+07,38.2773,38.2773,8685,0,0,0,0,0,0.039844,0,-1.23e-05,ok,0
DijkstraPrims,132,615,262,161130,0.0181866,1.52219e+07,38.2773,38.2773,1538,0,0,0,0,0,0.018199,0,-1.2423e-05,ok,0
BBMSCore,132,615,262,161130,0.0455561,1.52219e+07,38.2773,38.2773,951,0,0,0,0,1,0.04535,0,0.000206125,ok,1
BBMSInter,132,615,262,161130,0.018607,1.52219e+07,38.2773,38.2773,2209,0,0,0,0,0,0.018616,0,-8.971e-06,ok,1
BBMSDppInstant,132,615,262,161130,0.0358979,1.52219e+07,38.2773,38.2773,8952,0,0,0,0,2,0.025896,0.009975,2.6858e-05,ok,1
BBMSDppStepwise,132,615,262,161130,0.0397986,1.52219e+07,38.2773,38.2773,8685,0,0,0,0,0,0.019732,0.02008,-1.3424e-05,ok,1
DijkstraPrims,132,615,262,161130,0.0180483,1.52219e+07,38.2773,38.2773,1538,0,0,0,0,0,0.01806,0,-1.1716e-05,ok,1
BBMSCore,132,615,262,161130,0.0452938,1.52219e+07,38.2773,38.2773,951,0,0,0,0,0,0.045306,0,-1.22e-05,ok,2
BBMSInter,132,615,262,161130,0.01848,1.52219e+07,38.2773,38.2773,2209,0,0,0,0,0,0.018492,0,-1.1986e-05,ok,2
BBMSDppInstant,132,615,262,161130,0.0338427,1.52219e+07,38.2773,38.5,8952,0,0,0,0,0,0.014684,0.019169,-1.0293e-05,ok,2
BBMSDppStepwise,132,615,262,161130,0.0389548,1.52219e+07,38.2773,38.2773,8685,0,0,0,0,0,0.028979,0.009989,-1.3151e-05,ok,2
DijkstraPrims,132,615,262,161130,0.0180796,1.52219e+07,38.2773,38.2773,1538,0,0,0,0,0,0.018091,0,-1.1357e-05,ok,2
BBMSCore,133,615,24,14760,0.00072866,1.97733e+07,38.2773,38.2773,89,0,0,0,0,0,0.000741,0,-1.234e-05,ok,0
BBMSInter,133,615,24,14760,0.000675818,1.97733e+07,38.2773,38.2773,204,0,0,0,0,0,0.000688,0,-1.2182e-05,ok,0
BBMSDppInstant,133,615,24,14760,0.00284396,1.97733e+07,38.2773,38.2773,800,0,0,0,0,0,0.002856,0,-1.2041e-05,ok,0
BBMSDppStepwise,133,615,24,14760,0.00308501,1.97733e+07,38.2773,38.2773,775,0,0,0,0,0,0.003099,0,-1.3994e-05,ok,0
DijkstraPrims,133,615,24,14760,0.00215435,1.97733e+07,38.2773,38.2773,157,0,0,0,0,0,0.002168,0,-1.3646e-05,ok,0
BBMSCore,133,615,24,14760,0.000731959,1.97733e+07,38.2773,38.2773,89,0,0,0,0,0,0.000743,0,-1.1041e-05,ok,1
BBMSInter,133,615,24,14760,0.000697562,1.97733e+07,38.2773,38.2773,204,0,0,0,0,0,0.00071,0,-1.2438e-05,ok,1
BBMSDppInstant,133,615,24,14760,0.00284812,1.97733e+07,38.2773,38.2773,800,0,0,0,0,0,0.00286,0,-1.1884e-05,ok,1
BBMSDppStepwise,133,615,24,14760,0.00298798,1.97733e+07,38.2773,38.2773,775,0,0,0,0,0,0.003001,0,-1.3022e-05,ok,1
DijkstraPrims,133,615,24,14760,0.00215045,1.97733e+07,38.2773,38.2773,157,0,0,0,0,0,0.002163,0,-1.2554e-05,ok,1
BBMSCore,133,615,24,14760,0.000733569,1.97733e+07,38.2773,38.2773,89,0,0,0,0,0,0.000744,0,-1.0431e-05,ok,2
BBMSInter,133,615,24,14760,0.000682745,1.97733e+07,38.2773,38.2773,204,0,0,0,0,0,0.000695,0,-1.2255e-05,ok,2
BBMSDppInstant,133,615,24,14760,0.00281324,1.97733e+07,38.2773,38.2773,800,0,0,0,0,0,0.002568,0.000257,-1.1757e-05,ok,2
BBMSDppStepwise,133,615,24,14760,0.00291949,1.97733e+07,38.2773,38.2773,775,0,0,0,0,0,0,0.00293,-1.0513e-05,ok,2
DijkstraPrims,133,615,24,14760,0.002124,1.97733e+07,38.2773,38.2773,157,0,0,0,0,0,0.002135,0,-1.1001e-05,ok,2
BBMSCore,134,615,432,265680,0.331893,1.35329e+07,38.2773,38.2773,1565,0,0,0,0,1,0.331773,0,0.000119511,ok,0
BBMSInter,134,615,432,265680,0.0198411,1.35329e+07,38.2773,38.2773,3641,0,0,0,0,0,0.009738,0.010114,-1.094e-05,ok,0
BBMSDppInstant,134,615,432,265680,0.0489515,1.35329e+07,38.2773,58.4648,14089,0,0,0,0,0,0.02081,0.028153,-1.1545e-05,ok,0
BBMSDppStepwise,134,615,432,265680,0.0575634,1.35329e+07,38.2773,56.7422,13628,0,0,0,0,0,0.037724,0.019852,-1.2596e-05,ok,0
DijkstraPrims,134,615,432,265680,0.0122759,1.35329e+07,38.2773,38.2773,911,0,0,0,0,0,0.012288,0,-1.2099e-05,ok,0
BBMSCore,134,615,432,265680,0.331796,1.35329e+07,38.2773,38.2773,1565,0,0,0,0,0,0.331811,0,-1.4531e-05,ok,1
BBMSInter,134,615,432,265680,0.0197512,1.35329e+07,38.2773,38.2773,3641,0,0,0,0,0,0.019763,0,-1.1823e-05,ok,1
BBMSDppInstant,134,615,432,265680,0.0488231,1.35329e+07,38.2773,58.4727,14089,0,0,0,0,0,0.028826,0.02001,-1.2931e-05,ok,1
BBMSDppStepwise,134,615,432,265680,0.0575622,1.35329e+07,38.2773,56.7422,13628,0,0,0,0,0,0.037716,0.019859,-1.2832e-05,ok,1
DijkstraPrims,134,615,432,265680,0.0123015,1.35329e+07,38.2773,38.2773,911,0,0,0,0,0,0.012314,0,-1.2522e-05,ok,1
BBMSCore,134,615,432,265680,0.331881,1.35329e+07,38.2773,38.2773,1565,0,0,0,0,1,0.331881,0,-2.15e-07,ok,2
BBMSInter,134,615,432,265680,0.0197536,1.35329e+07,38.2773,38.2773,3641,0,0,0,0,0,0.019766,0,-1.2448e-05,ok,2
BBMSDppInstant,134,615,432,265680,0.0486563,1.35329e+07,38.2773,58.4922,14089,0,0,0,0,0,0.038673,0.009994,-1.0689e-05,ok,2
BBMSDppStepwise,134,615,432,265680,0.0578189,1.35329e+07,38.2773,56.7422,13628,0,0,0,0,0,0.047879,0.009952,-1.2112e-05,ok,2
DijkstraPrims,134,615,432,265680,0.0123247,1.35329e+07,38.2773,38.2773,911,0,0,0,0,0,0.012338,0,-1.3304e-05,ok,2
BBMSCore,135,615,1045,642675,0.887295,2.09041e+07,38.2773,38.2773,3776,0,0,0,0,3,0.887288,0,7.312e-06,ok,0
BBMSInter,135,615,1045,642675,0.0702147,2.09041e+07,38.2773,38.2773,8797,0,0,0,0,1,0.060069,0.010143,2.681e-06,ok,0
BBMSDppInstant,135,615,1045,642675,0.139284,2.09041e+07,38.2773,141.434,35549,0,0,0,0,0,0.119197,0.020099,-1.1827e-05,ok,0
BBMSDppStepwise,135,615,1045,642675,0.167558,2.09041e+07,38.2773,135.555,33956,0,0,0,0,0,0.125947,0.041625,-1.4463e-05,ok,0
DijkstraPrims,135,615,1045,642675,0.0868061,2.09041e+07,38.2773,38.2773,6356,0,0,0,0,0,0.086819,0,-1.286e-05,ok,0
BBMSCore,135,615,1045,642675,0.886392,2.09041e+07,38.2773,38.2773,3776,0,0,0,0,7,0.886331,0,6.1437e-05,ok,1
BBMSInter,135,615,1045,642675,0.069659,2.09041e+07,38.2773,38.2773,8797,0,0,0,0,0,0.069672,0,-1.2972e-05,ok,1
BBMSDppInstant,135,615,1045,642675,0.139004,2.09041e+07,38.2773,141.219,35549,0,0,0,0,1,0.068745,0.070262,-2.82e-06,ok,1
BBMSDppStepwise,135,615,1045,642675,0.168909,2.09041e+07,38.2773,135.559,33956,0,0,0,0,1,0.138784,0.030127,-1.71e-06,ok,1
DijkstraPrims,135,615,1045,642675,0.088812,2.09041e+07,38.2773,38.2773,6356,0,0,0,0,0,0.078783,0.010041,-1.2044e-05,ok,1
BBMSCore,135,615,1045,642675,0.887109,2.09041e+07,38.2773,38.2773,3776,0,0,0,0,8,0.876927,0.010001,0.000180925,ok,2
BBMSInter,135,615,1045,642675,0.0691701,2.09041e+07,38.2773,38.2773,8797,0,0,0,0,0,0.059119,0.010051,5.9e-08,ok,2
BBMSDppInstant,135,615,1045,642675,0.138447,2.09041e+07,38.2773,141.438,35549,0,0,0,0,1,0.108355,0.030058,3.3788e-05,ok,2
BBMSDppStepwise,135,615,1045,642675,0.168595,2.09041e+07,38.2773,135.551,33956,0,0,0,0,0,0.128536,0.040071,-1.1731e-05,ok,2
DijkstraPrims,135,615,1045,642675,0.0882632,2.09041e+07,38.2773,38.2773,6356,0,0,0,0,0,0.088276,0,-1.2768e-05,ok,2
BBMSCore,136,615,377,231855,0.208126,1.90924e+07,38.2773,38.2773,1365,0,0,0,0,0,0.20814,0,-1.421e-05,ok,0
BBMSInter,136,615,377,231855,0.0182911,1.90924e+07,38.2773,38.2773,3176,0,0,0,0,0,0.018302,0,-1.0915e-05,ok,0
BBMSDppInstant,136,615,377,231855,0.0441721,1.90924e+07,38.2773,52.6172,12569,0,0,0,0,0,0.024693,0.01949,-1.0899e-05,ok,0
BBMSDppStepwise,136,615,377,231855,0.0525747,1.90924e+07,38.2773,50.6172,12064,0,0,0,0,0,0.031955,0.020631,-1.1321e-05,ok,0
DijkstraPrims,136,615,377,231855,0.00838423,1.90924e+07,38.2773,38.2773,694,0,0,0,0,0,0.008397,0,-1.2774e-05,ok,0
BBMSCore,136,615,377,231855,0.207644,1.90924e+07,38.2773,38.2773,1365,0,0,0,0,2,0.207641,0,2.519e-06,ok,1
BBMSInter,136,615,377,231855,0.0184012,1.90924e+07,38.2773,38.2773,3176,0,0,0,0,0,0.018412,0,-1.0827e-05,ok,1
BBMSDppInstant,136,615,377,231855,0.0442055,1.90924e+07,38.2773,52.6172,12569,0,0,0,0,0,0.044218,0,-1.2455e-05,ok,1
BBMSDppStepwise,136,615,377,231855,0.0524795,1.90924e+07,38.2773,50.6055,12064,0,0,0,0,0,0.052492,0,-1.2462e-05,ok,1
DijkstraPrims,136,615,377,231855,0.00869538,1.90924e+07,38.2773,38.2773,694,0,0,0,0,1,0.008511,0,0.000184381,ok,1
BBMSCore,136,615,377,231855,0.207939,1.90924e+07,38.2773,38.2773,1365,0,0,0,0,0,0.207952,0,-1.3086e-05,ok,2
BBMSInter,136,615,377,231855,0.0182326,1.90924e+07,38.2773,38.2773,3176,0,0,0,0,0,0.008153,0.01009,-1.0368e-05,ok,2
BBMSDppInstant,136,615,377,231855,0.0442586,1.90924e+07,38.2773,52.6211,12569,0,0,0,0,0,0.034501,0.009769,-1.1389e-05,ok,2
BBMSDppStepwise,136,615,377,231855,0.0541794,1.90924e+07,38.2773,50.4844,12064,0,0,0,0,1,0.054186,0,-6.633e-06,ok,2
DijkstraPrims,136,615,377,231855,0.00842141,1.90924e+07,38.2773,38.2773,694,0,0,0,0,0,0.008433,0,-1.1587e-05,ok,2
BBMSCore,137,615,2423,1490145,1.85756,6.94209e+06,38.2773,38.2773,8766,0,0,0,0,6,1.84749,0.010003,6.6176e-05,ok,0
BBMSInter,137,615,2423,1490145,0.311439,6.94209e+06,38.2773,83.3672,20408,0,0,0,0,1,0.291678,0.019759,2.071e-06,ok,0
BBMSDppInstant,137,615,2423,1490145,0.394233,6.94209e+06,38.2773,326.422,83566,0,0,0,0,0,0.324556,0.069693,-1.5843e-05,ok,0
BBMSDppStepwise,137,615,2423,1490145,0.591767,6.94209e+06,38.2773,309.484,78709,0,0,0,0,2,0.472498,0.119256,1.2994e-05,ok,0
DijkstraPrims,137,615,2423,1490145,0.179741,6.94209e+06,38.2773,41.6875,12462,0,0,0,0,2,0.169958,0.009768,1.5048e-05,ok,0
BBMSCore,137,615,2423,1490145,1.86736,6.94209e+06,38.2773,38.2773,8766,0,0,0,0,7,1.84736,0.019644,0.00036336,ok,1
BBMSInter,137,615,2423,1490145,0.311249,6.94209e+06,38.2773,83.375,20408,0,0,0,0,1,0.280878,0.030344,2.7037e-05,ok,1
BBMSDppInstant,137,615,2423,1490145,0.39269,6.94209e+06,38.2773,326.441,83566,0,0,0,0,1,0.2531,0.139586,4.126e-06,ok,1
BBMSDppStepwise,137,615,2423,1490145,0.592231,6.94209e+06,38.2773,309.492,78709,0,0,0,0,4,0.53168,0.060488,6.3476e-05,ok,1
DijkstraPrims,137,615,2423,1490145,0.181006,6.94209e+06,38.2773,41.8281,12462,0,0,0,0,2,0.170798,0.010171,3.6512e-05,ok,1
BBMSCore,137,615,2423,1490145,1.86537,6.94209e+06,38.2773,38.2773,8766,0,0,0,0,5,1.85507,0.009992,0.00030401,ok,2
BBMSInter,137,615,2423,1490145,0.310838,6.94209e+06,38.2773,83.375,20408,0,0,0,0,1,0.281223,0.029605,1.0331e-05,ok,2
BBMSDppInstant,137,615,2423,1490145,0.391181,6.94209e+06,38.2773,326.246,83566,0,0,0,0,1,0.310389,0.080793,-1.075e-06,ok,2
BBMSDppStepwise,137,615,2423,1490145,0.593794,6.94209e+06,38.2773,309.465,78709,0,0,0,0,3,0.452277,0.141496,2.1405e-05,ok,2
DijkstraPrims,137,615,2423,1490145,0.176763,6.94209e+06,38.2773,41.8242,12462,0,0,0,0,1,0.156724,0.02004,-5.3e-07,ok,2
BBMSCore,138,615,40,24600,0.0176916,2.28042e+07,38.2773,38.2773,147,0,0,0,0,0,0.017703,0,-1.1395e-05,ok,0
BBMSInter,138,615,40,24600,0.00174239,2.28042e+07,38.2773,38.2773,339,0,0,0,0,0,0.001752,0,-9.609e-06,ok,0
BBMSDppInstant,138,615,40,24600,0.00420571,2.28042e+07,38.2773,38.2773,1311,0,0,0,0,0,0.003833,0.000383,-1.0294e-05,ok,0
BBMSDppStepwise,138,615,40,24600,0.00444389,2.28042e+07,38.2773,38.2773,1285,0,0,0,0,0,0.004051,0.000405,-1.2114e-05,ok,0
DijkstraPrims,138,615,40,24600,0.00272956,2.28042e+07,38.2773,38.2773,204,0,0,0,0,0,0.002739,0,-9.437e-06,ok,0
BBMSCore,138,615,40,24600,0.0176653,2.28042e+07,38.2773,38.2773,147,0,0,0,0,0,0.017676,0,-1.0741e-05,ok,1
BBMSInter,138,615,40,24600,0.00175793,2.28042e+07,38.2773,38.2773,339,0,0,0,0,0,0.001767,0,-9.075e-06,ok,1
BBMSDppInstant,138,615,40,24600,0.00420903,2.28042e+07,38.2773,38.2773,1311,0,0,0,0,0,0,0.004218,-8.969e-06,ok,1
BBMSDppStepwise,138,615,40,24600,0.00449455,2.28042e+07,38.2773,38.2773,1285,0,0,0,0,0,0.004505,0,-1.0454e-05,ok,1
DijkstraPrims,138,615,40,24600,0.00279497,2.28042e+07,38.2773,38.2773,204,0,0,0,0,0,0,0.002805,-1.0026e-05,ok,1
BBMSCore,138,615,40,24600,0.0177006,2.28042e+07,38.2773,38.2773,147,0,0,0,0,0,0.017712,0,-1.1424e-05,ok,2
BBMSInter,138,615,40,24600,0.00176583,2.28042e+07,38.2773,38.2773,339,0,0,0,0,0,0.001777,0,-1.1167e-05,ok,2
BBMSDppInstant,138,615,40,24600,0.00419753,2.28042e+07,38.2773,38.2773,1311,0,0,0,0,0,0.004208,0,-1.0471e-05,ok,2
BBMSDppStepwise,138,615,40,24600,0.00460683,2.28042e+07,38.2773,38.2773,1285,0,0,0,0,0,0.004618,0,-1.1173e-05,ok,2
DijkstraPrims,138,615,40,24600,0.00276014,2.28042e+07,38.2773,38.2773,204,0,0,0,0,0,0.00252,0.000252,-1.1863e-05,ok,2
BBMSCore,139,615,149,91635,0.0699071,1.66111e+07,38.2773,38.2773,539,0,0,0,0,0,0.069909,0,-1.865e-06,ok,0
BBMSInter,139,615,149,91635,0.00822596,1.66111e+07,38.2773,38.2773,1255,0,0,0,0,0,0.008237,0,-1.1044e-05,ok,0
BBMSDppInstant,139,615,149,91635,0.0169106,1.66111e+07,38.2773,38.2773,4924,0,0,0,0,0,0.007783,0.00914,-1.2354e-05,ok,0
BBMSDppStepwise,139,615,149,91635,0.0199608,1.66111e+07,38.2773,38.2773,4750,0,0,0,0,0,0,0.019972,-1.1228e-05,ok,0
DijkstraPrims,139,615,149,91635,0.00317094,1.66111e+07,38.2773,38.2773,292,0,0,0,0,0,0.003182,0,-1.1063e-05,ok,0
BBMSCore,139,615,149,91635,0.06996,1.66111e+07,38.2773,38.2773,539,0,0,0,0,0,0.069972,0,-1.1971e-05,ok,1
BBMSInter,139,615,149,91635,0.00816945,1.66111e+07,38.2773,38.2773,1255,0,0,0,0,0,0.00818,0,-1.0547e-05,ok,1
BBMSDppInstant,139,615,149,91635,0.0163106,1.66111e+07,38.2773,38.2773,4924,0,0,0,0,0,0,0.016321,-1.0355e-05,ok,1
BBMSDppStepwise,139,615,149,91635,0.0206932,1.66111e+07,38.2773,38.2773,4750,0,0,0,0,0,0.020704,0,-1.0791e-05,ok,1
DijkstraPrims,139,615,149,91635,0.00327313,1.66111e+07,38.2773,38.2773,292,0,0,0,0,0,0.003287,0,-1.3866e-05,ok,1
BBMSCore,139,615,149,91635,0.0700391,1.66111e+07,38.2773,38.2773,539,0,0,0,0,1,0.070003,0,3.6084e-05,ok,2
BBMSInter,139,615,149,91635,0.00835383,1.66111e+07,38.2773,38.2773,1255,0,0,0,0,0,0.008367,0,-1.317e-05,ok,2
BBMSDppInstant,139,615,149,91635,0.0164596,1.66111e+07,38.2773,38.2773,4924,0,0,0,0,0,0.006416,0.010057,-1.344e-05,ok,2
BBMSDppStepwise,139,615,149,91635,0.0195601,1.66111e+07,38.2773,38.2773,4750,0,0,0,0,0,0.019572,0,-1.1861e-05,ok,2
DijkstraPrims,139,615,149,91635,0.00317558,1.66111e+07,38.2773,38.2773,292,0,0,0,0,0,0.002897,0.00029,-1.1415e-05,ok,2
BBMSCore,140,615,1009,620535,0.461215,1.75466e+07,38.2773,38.2773,3646,0,0,0,0,0,0.461236,0,-2.0837e-05,ok,0
BBMSInter,140,615,1009,620535,0.0803038,1.75466e+07,38.2773,38.2773,8494,0,0,0,0,0,0.070584,0.009732,-1.2158e-05,ok,0
BBMSDppInstant,140,615,1009,620535,0.133419,1.75466e+07,38.2773,136.219,34140,0,0,0,0,0,0.063908,0.069526,-1.4787e-05,ok,0
BBMSDppStepwise,140,615,1009,620535,0.164266,1.75466e+07,38.2773,130.168,32605,0,0,0,0,1,0.134381,0.02989,-5.254e-06,ok,0
DijkstraPrims,140,615,1009,620535,0.112967,1.75466e+07,38.2773,38.2773,7573,0,0,0,0,0,0.093178,0.019804,-1.4805e-05,ok,0
BBMSCore,140,615,1009,620535,0.462531,1.75466e+07,38.2773,38.2773,3646,0,0,0,0,2,0.462351,0,0.000179914,ok,1
BBMSInter,140,615,1009,620535,0.0810907,1.75466e+07,38.2773,38.2773,8494,0,0,0,0,0,0.052429,0.028676,-1.4333e-05,ok,1
BBMSDppInstant,140,615,1009,620535,0.131613,1.75466e+07,38.2773,136.211,34140,0,0,0,0,0,0.08027,0.051357,-1.3707e-05,ok,1
BBMSDppStepwise,140,615,1009,620535,0.16109,1.75466e+07,38.2773,130.164,32605,0,0,0,0,0,0.1409,0.020203,-1.2673e-05,ok,1
DijkstraPrims,140,615,1009,620535,0.106146,1.75466e+07,38.2773,38.2773,7573,0,0,0,0,1,0.106027,0,0.000118572,ok,1
BBMSCore,140,615,1009,620535,0.461666,1.75466e+07,38.2773,38.2773,3646,0,0,0,0,1,0.461573,0,9.3237e-05,ok,2
BBMSInter,140,615,1009,620535,0.0801157,1.75466e+07,38.2773,38.2773,8494,0,0,0,0,0,0.070193,0.009936,-1.3334e-05,ok,2
BBMSDppInstant,140,615,1009,620535,0.131698,1.75466e+07,38.2773,136.227,34140,0,0,0,0,0,0.072302,0.059411,-1.4896e-05,ok,2
BBMSDppStepwise,140,615,1009,620535,0.160401,1.75466e+07,38.2773,130.168,32605,0,0,0,0,0,0.121133,0.039279,-1.1233e-05,ok,2
DijkstraPrims,140,615,1009,620535,0.106342,1.75466e+07,38.2773,38.2773,7573,0,0,0,0,0,0.106354,0,-1.2154e-05,ok,2
BBMSCore,141,615,631,388065,0.556972,6.02758e+06,38.2773,38.2773,2282,0,0,0,0,0,0.556526,0.000464,-1.7954e-05,ok,0
BBMSInter,141,615,631,388065,0.064215,6.02758e+06,38.2773,38.2773,5314,0,0,0,0,1,0.05384,0.010378,-2.963e-06,ok,0
BBMSDppInstant,141,615,631,388065,0.0799066,6.02758e+06,38.2773,86.582,21358,0,0,0,0,1,0.059297,0.020612,-2.416e-06,ok,0
BBMSDppStepwise,141,615,631,388065,0.0928231,6.02758e+06,38.2773,83.6953,20570,0,0,0,0,0,0.072865,0.019973,-1.4928e-05,ok,0
DijkstraPrims,141,615,631,388065,0.0364862,6.02758e+06,38.2773,38.2773,3009,0,0,0,0,0,0.036498,0,-1.1808e-05,ok,0
BBMSCore,141,615,631,388065,0.557565,6.02758e+06,38.2773,38.2773,2282,0,0,0,0,3,0.557358,0,0.000206901,ok,1
BBMSInter,141,615,631,388065,0.067422,6.02758e+06,38.2773,38.2773,5314,0,0,0,0,0,0.057278,0.010155,-1.1047e-05,ok,1
BBMSDppInstant,141,615,631,388065,0.0793875,6.02758e+06,38.2773,86.7188,21358,0,0,0,0,0,0.079401,0,-1.347e-05,ok,1
BBMSDppStepwise,141,615,631,388065,0.0920038,6.02758e+06,38.2773,83.6914,20570,0,0,0,0,0,0.081632,0.010384,-1.2234e-05,ok,1
DijkstraPrims,141,615,631,388065,0.0364276,6.02758e+06,38.2773,38.2773,3009,0,0,0,0,0,0.026307,0.010132,-1.1395e-05,ok,1
BBMSCore,141,615,631,388065,0.558152,6.02758e+06,38.2773,38.2773,2282,0,0,0,0,2,0.557953,0,0.000198595,ok,2
BBMSInter,141,615,631,388065,0.0646526,6.02758e+06,38.2773,38.2773,5314,0,0,0,0,0,0.05465,0.010014,-1.1435e-05,ok,2
BBMSDppInstant,141,615,631,388065,0.079738,6.02758e+06,38.2812,86.7422,21358,0,0,0,0,0,0.038654,0.041099,-1.4979e-05,ok,2
BBMSDppStepwise,141,615,631,388065,0.091867,6.02758e+06,38.2812,83.6992,20570,0,0,0,0,0,0.050347,0.041534,-1.3994e-05,ok,2
DijkstraPrims,141,615,631,388065,0.036428,6.02758e+06,38.2812,38.2812,3009,0,0,0,0,0,0.036441,0,-1.3006e-05,ok,2
BBMSCore,142,615,542,333330,0.570076,1.42827e+07,38.2812,38.2812,1962,0,0,0,0,3,0.559942,0.010086,4.7762e-05,ok,0
BBMSInter,142,615,542,333330,0.0253578,1.42827e+07,38.2852,38.2852,4566,0,0,0,0,0,0.016216,0.009153,-1.1213e-05,ok,0
BBMSDppInstant,142,615,542,333330,0.0600545,1.42827e+07,38.2852,72.3438,17694,0,0,0,0,0,0.049701,0.010364,-1.0455e-05,ok,0
BBMSDppStepwise,142,615,542,333330,0.0711994,1.42827e+07,38.2852,70.4922,17195,0,0,0,0,1,0.071202,0,-2.594e-06,ok,0
DijkstraPrims,142,615,542,333330,0.0194382,1.42827e+07,38.2852,38.2852,1682,0,0,0,0,0,0.019439,1.2e-05,-1.2792e-05,ok,0
BBMSCore,142,615,542,333330,0.569498,1.42827e+07,38.2852,38.2852,1962,0,0,0,0,3,0.569488,0,9.59e-06,ok,1
BBMSInter,142,615,542,333330,0.0252997,1.42827e+07,38.2852,38.2852,4566,0,0,0,0,0,0.0253,0,-2.61e-07,ok,1
BBMSDppInstant,142,615,542,333330,0.0602272,1.42827e+07,38.2852,72.375,17694,0,0,0,0,0,0.050475,0.009766,-1.3788e-05,ok,1
BBMSDppStepwise,142,615,542,333330,0.0711203,1.42827e+07,38.2852,70.207,17195,0,0,0,0,0,0.061282,0.009851,-1.2655e-05,ok,1
DijkstraPrims,142,615,542,333330,0.0194571,1.42827e+07,38.2852,38.2852,1682,0,0,0,0,0,0.009789,0.009679,-1.0889e-05,ok,1
BBMSCore,142,615,542,333330,0.56759,1.42827e+07,38.2852,38.2852,1962,0,0,0,0,0,0.557562,0.010045,-1.6845e-05,ok,2
BBMSInter,142,615,542,333330,0.0253736,1.42827e+07,38.2852,38.2852,4566,0,0,0,0,0,0.025384,0,-1.0415e-05,ok,2
BBMSDppInstant,142,615,542,333330,0.0602246,1.42827e+07,38.2852,72.3633,17694,0,0,0,0,0,0.030807,0.02943,-1.2359e-05,ok,2
BBMSDppStepwise,142,615,542,333330,0.070081,1.42827e+07,38.2852,70.4922,17195,0,0,0,0,0,0.060289,0.009804,-1.2032e-05,ok,2
DijkstraPrims,142,615,542,333330,0.019487,1.42827e+07,38.2852,38.2852,1682,0,0,0,0,0,0.0195,0,-1.3048e-05,ok,2
BBMSCore,143,615,215,132225,0.0504493,1.55688e+07,38.2891,38.2891,781,0,0,0,0,0,0.050313,0.000147,-1.0706e-05,ok,0
BBMSInter,143,615,215,132225,0.0114199,1.55688e+07,38.2891,38.2891,1814,0,0,0,0,1,0.000699,0.010721,-1.16e-07,ok,0
BBMSDppInstant,143,615,215,132225,0.0251588,1.55688e+07,38.2891,38.2891,7256,0,0,0,0,0,0.015105,0.010062,-8.242e-06,ok,0
BBMSDppStepwise,143,615,215,132225,0.0303557,1.55688e+07,38.2891,38.2891,6909,0,0,0,0,0,0.009381,0.020985,-1.0339e-05,ok,0
DijkstraPrims,143,615,215,132225,0.00990993,1.55688e+07,38.2891,38.2891,791,0,0,0,0,0,0.009921,0,-1.1069e-05,ok,0
BBMSCore,143,615,215,132225,0.050616,1.55688e+07,38.2891,38.2891,781,0,0,0,0,0,0.050467,0.000158,-8.974e-06,ok,1
BBMSInter,143,615,215,132225,0.0117333,1.55688e+07,38.2891,38.2891,1814,0,0,0,0,0,0.011569,0.000176,-1.1684e-05,ok,1
BBMSDppInstant,143,615,215,132225,0.0256616,1.55688e+07,38.2891,38.2891,7256,0,0,0,0,0,0.025675,0,-1.3398e-05,ok,1
BBMSDppStepwise,143,615,215,132225,0.0309654,1.55688e+07,38.2891,38.2891,6909,0,0,0,0,0,0.021188,0.009789,-1.1599e-05,ok,1
DijkstraPrims,143,615,215,132225,0.00994477,1.55688e+07,38.2891,38.2891,791,0,0,0,0,0,0.009955,0,-1.0226e-05,ok,1
BBMSCore,143,615,215,132225,0.0504711,1.55688e+07,38.2891,38.2891,781,0,0,0,0,0,0.05048,0,-8.904e-06,ok,2
BBMSInter,143,615,215,132225,0.0113151,1.55688e+07,38.2891,38.2891,1814,0,0,0,0,0,0.011258,6.7e-05,-9.939e-06,ok,2
BBMSDppInstant,143,615,215,132225,0.0255082,1.55688e+07,38.2891,38.2891,7256,0,0,0,0,0,0.015894,0.009625,-1.0754e-05,ok,2
BBMSDppStepwise,143,615,215,132225,0.0317631,1.55688e+07,38.293,38.293,6909,0,0,0,0,0,0.02192,0.009854,-1.0872e-05,ok,2
DijkstraPrims,143,615,215,132225,0.00995798,1.55688e+07,38.2969,38.2969,791,0,0,0,0,0,0,0.009969,-1.1018e-05,ok,2
BBMSCore,144,615,1445,888675,1.4756,3.29426e+06,38.2969,38.2969,5218,0,0,0,0,5,1.4552,0.020382,2.5348e-05,ok,0
BBMSInter,144,615,1445,888675,0.28568,3.29426e+06,38.3008,51.1172,12160,0,0,0,0,0,0.275629,0.010065,-1.3696e-05,ok,0
BBMSDppInstant,144,615,1445,888675,0.206856,3.29426e+06,38.3008,192.367,48517,0,0,0,0,0,0.135583,0.071276,-3.33e-06,ok,0
BBMSDppStepwise,144,615,1445,888675,0.241901,3.29426e+06,38.3008,185.965,46924,0,0,0,0,2,0.202016,0.039874,1.084e-05,ok,0
DijkstraPrims,144,615,1445,888675,0.0185338,3.29426e+06,38.3008,38.3008,1406,0,0,0,0,0,0.008861,0.009687,-1.4157e-05,ok,0
BBMSCore,144,615,1445,888675,1.48556,3.29426e+06,38.3008,38.3008,5218,0,0,0,0,9,1.48527,0,0.000291443,ok,1
BBMSInter,144,615,1445,888675,0.285452,3.29426e+06,38.3008,51.1211,12160,0,0,0,0,1,0.265748,0.019707,-3.383e-06,ok,1
BBMSDppInstant,144,615,1445,888675,0.206812,3.29426e+06,38.3008,192.363,48517,0,0,0,0,0,0.156267,0.050558,-1.305e-05,ok,1
BBMSDppStepwise,144,615,1445,888675,0.239532,3.29426e+06,38.3008,185.953,46924,0,0,0,0,0,0.178392,0.061152,-1.195e-05,ok,1
DijkstraPrims,144,615,1445,888675,0.0184614,3.29426e+06,38.3008,38.3008,1406,0,0,0,0,0,0.018473,0,-1.1623e-05,ok,1
BBMSCore,144,615,1445,888675,1.5039,3.29426e+06,38.3008,38.3008,5218,0,0,0,0,3,1.48346,0.020331,0.000108984,ok,2
BBMSInter,144,615,1445,888675,0.286079,3.29426e+06,38.3008,51.1172,12160,0,0,0,0,0,0.276017,0.010078,-1.6171e-05,ok,2
BBMSDppInstant,144,615,1445,888675,0.20694,3.29426e+06,38.3008,192.367,48517,0,0,0,0,2,0.128498,0.078428,1.4365e-05,ok,2
BBMSDppStepwise,144,615,1445,888675,0.241533,3.29426e+06,38.3008,186.113,46924,0,0,0,0,1,0.141974,0.09956,-5.98e-07,ok,2
DijkstraPrims,144,615,1445,888675,0.0184154,3.29426e+06,38.3008,38.3008,1406,0,0,0,0,0,0.008788,0.009639,-1.1634e-05,ok,2
BBMSCore,145,615,1098,675270,0.792299,3.78853e+06,38.3047,38.3047,3967,0,0,0,0,4,0.792092,0,0.000206896,ok,0
BBMSInter,145,615,1098,675270,0.106256,3.78853e+06,38.3047,39.75,9243,0,0,0,0,0,0.095682,0.010588,-1.3759e-05,ok,0
BBMSDppInstant,145,615,1098,675270,0.149483,3.78853e+06,38.3047,148.883,37397,0,0,0,0,1,0.080128,0.069361,-5.891e-06,ok,0
BBMSDppStepwise,145,615,1098,675270,0.181297,3.78853e+06,38.3047,142.488,35800,0,0,0,0,1,0.150313,0.030989,-4.614e-06,ok,0
DijkstraPrims,145,615,1098,675270,0.113616,3.78853e+06,38.3047,38.3047,7905,0,0,0,0,0,0.103583,0.010046,-1.333e-05,ok,0
BBMSCore,145,615,1098,675270,0.791586,3.78853e+06,38.3047,38.3047,3967,0,0,0,0,4,0.791559,0,2.6547e-05,ok,1
BBMSInter,145,615,1098,675270,0.105043,3.78853e+06,38.3047,39.75,9243,0,0,0,0,0,0.09493,0.010127,-1.3827e-05,ok,1
BBMSDppInstant,145,615,1098,675270,0.150246,3.78853e+06,38.3047,148.648,37397,0,0,0,0,2,0.120505,0.029732,8.851e-06,ok,1
BBMSDppStepwise,145,615,1098,675270,0.180917,3.78853e+06,38.3047,142.664,35800,0,0,0,0,1,0.12934,0.05158,-3.017e-06,ok,1
DijkstraPrims,145,615,1098,675270,0.109213,3.78853e+06,38.3047,38.3047,7905,0,0,0,0,0,0.108675,0.000551,-1.2995e-05,ok,1
BBMSCore,145,615,1098,675270,0.790597,3.78853e+06,38.3047,38.3047,3967,0,0,0,0,3,0.78046,0.010091,4.5941e-05,ok,2
BBMSInter,145,615,1098,675270,0.107018,3.78853e+06,38.3047,39.7422,9243,0,0,0,0,0,0.0973,0.00973,-1.2052e-05,ok,2
BBMSDppInstant,145,615,1098,675270,0.148741,3.78853e+06,38.3047,148.867,37397,0,0,0,0,1,0.089421,0.059317,3.125e-06,ok,2
BBMSDppStepwise,145,615,1098,675270,0.181163,3.78853e+06,38.3047,142.68,35800,0,0,0,0,3,0.14134,0.039802,2.1249e-05,ok,2
DijkstraPrims,145,615,1098,675270,0.109221,3.78853e+06,38.3047,38.3047,7905,0,0,0,0,0,0.099384,0.009847,-1.0457e-05,ok,2
BBMSCore,146,615,402,247230,0.143483,1.26171e+07,38.3086,38.3086,1455,0,0,0,0,0,0.143495,0,-1.1797e-05,ok,0
BBMSInter,146,615,402,247230,0.0196174,1.26171e+07,38.3125,38.3125,3387,0,0,0,0,0,0.019627,0,-9.615e-06,ok,0
BBMSDppInstant,146,615,402,247230,0.0476241,1.26171e+07,38.3125,56.1172,13456,0,0,0,0,0,0.037237,0.010397,-9.903e-06,ok,0
BBMSDppStepwise,146,615,402,247230,0.055737,1.26171e+07,38.3125,53.8711,12900,0,0,0,0,0,0.045527,0.010221,-1.104e-05,ok,0
DijkstraPrims,146,615,402,247230,0.0235528,1.26171e+07,38.3125,38.3125,1734,0,0,0,0,0,0.023563,0,-1.0162e-05,ok,0
BBMSCore,146,615,402,247230,0.143774,1.26171e+07,38.3125,38.3125,1455,0,0,0,0,1,0.143779,0,-5.489e-06,ok,1
BBMSInter,146,615,402,247230,0.0197329,1.26171e+07,38.3125,38.3125,3387,0,0,0,0,0,0.019743,0,-1.0123e-05,ok,1
BBMSDppInstant,146,615,402,247230,0.0481862,1.26171e+07,38.3125,56.1211,13456,0,0,0,0,0,0.038499,0.009698,-1.0777e-05,ok,1
BBMSDppStepwise,146,615,402,247230,0.057242,1.26171e+07,38.3125,53.7422,12900,0,0,0,0,0,0.036596,0.020657,-1.0977e-05,ok,1
DijkstraPrims,146,615,402,247230,0.0229678,1.26171e+07,38.3125,38.3125,1734,0,0,0,0,0,0.012869,0.010111,-1.2246e-05,ok,1
BBMSCore,146,615,402,247230,0.143593,1.26171e+07,38.3125,38.3125,1455,0,0,0,0,2,0.14343,0,0.000163014,ok,2
BBMSInter,146,615,402,247230,0.0195165,1.26171e+07,38.3125,38.3125,3387,0,0,0,0,0,0.009679,0.009845,-7.544e-06,ok,2
BBMSDppInstant,146,615,402,247230,0.0486812,1.26171e+07,38.3125,56.125,13456,0,0,0,0,0,0.038887,0.009805,-1.0752e-05,ok,2
BBMSDppStepwise,146,615,402,247230,0.0564264,1.26171e+07,38.3125,53.8672,12900,0,0,0,0,0,0.046172,0.010267,-1.2606e-05,ok,2
DijkstraPrims,146,615,402,247230,0.0227888,1.26171e+07,38.3125,38.3125,1734,0,0,0,0,0,0.022799,0,-1.0199e-05,ok,2
BBMSCore,147,3701,1170,4330170,71.3502,1.4506e+07,38.3164,102.992,25433,0,0,0,0,264,71.3073,0.040007,0.00293446,ok,0
BBMSInter,147,3701,1170,4330170,13.6234,1.4506e+07,38.3164,235.117,59262,0,0,0,0,53,13.5327,0.09003,0.000612724,ok,0
BBMSDppInstant,147,3701,1170,4330170,1.2301,1.4506e+07,38.3164,921.215,235736,0,0,0,0,5,0.910026,0.320022,5.5193e-05,ok,0
BBMSDppStepwise,147,3701,1170,4330170,1.59325,1.4506e+07,38.3164,883.148,225985,0,0,0,0,5,1.28451,0.308711,3.6912e-05,ok,0
DijkstraPrims,147,3701,1170,4330170,0.557648,1.4506e+07,38.3203,108.453,32390,0,0,0,0,5,0.507628,0.049801,0.000219345,ok,0
BBMSCore,147,3701,1170,4330170,70.3613,1.4506e+07,38.3203,102.875,25433,0,0,0,0,284,70.3208,0.029996,0.0104653,ok,1
BBMSInter,147,3701,1170,4330170,13.3222,1.4506e+07,38.3203,235.113,59262,0,0,0,0,60,13.2315,0.089962,0.00074844,ok,1
BBMSDppInstant,147,3701,1170,4330170,1.23536,1.4506e+07,38.3203,921.207,235736,0,0,0,0,4,1.01442,0.220928,1.8915e-05,ok,1
BBMSDppStepwise,147,3701,1170,4330170,1.59059,1.4506e+07,38.3203,883.125,225985,0,0,0,0,4,1.30046,0.290116,1.9627e-05,ok,1
DijkstraPrims,147,3701,1170,4330170,0.565201,1.4506e+07,38.3203,108.547,32390,0,0,0,0,2,0.535227,0.029793,0.000180696,ok,1
BBMSCore,147,3701,1170,4330170,71.2656,1.4506e+07,38.3203,102.863,25433,0,0,0,0,275,71.2338,0.019995,0.011788,ok,2
BBMSInter,147,3701,1170,4330170,13.566,1.4506e+07,38.3203,235.117,59262,0,0,0,0,56,13.4951,0.070026,0.000846801,ok,2
BBMSDppInstant,147,3701,1170,4330170,1.23418,1.4506e+07,38.3203,921.098,235736,0,0,0,0,4,0.963132,0.27093,0.000113905,ok,2
BBMSDppStepwise,147,3701,1170,4330170,1.60169,1.4506e+07,38.3203,883.145,225985,0,0,0,0,4,1.30229,0.29936,3.7661e-05,ok,2
DijkstraPrims,147,3701,1170,4330170,0.563911,1.4506e+07,38.3203,108.367,32390,0,0,0,0,0,0.532718,0.031212,-1.8876e-05,ok,2
BBMSCore,148,3701,1172,4337572,73.3782,1.42145e+07,38.3242,103.109,25476,0,0,0,0,285,73.3538,0.019998,0.00438237,ok,0
BBMSInter,148,3701,1172,4337572,13.3299,1.42145e+07,38.3242,235.512,59363,0,0,0,0,53,13.2597,0.069806,0.000420027,ok,0
BBMSDppInstant,148,3701,1172,4337572,1.22693,1.42145e+07,38.3281,920.254,235494,0,0,0,0,2,0.905874,0.321054,1.462e-06,ok,0
BBMSDppStepwise,148,3701,1172,4337572,1.52944,1.42145e+07,38.3281,884.77,226397,0,0,0,0,3,1.33976,0.18965,3.2e-05,ok,0
DijkstraPrims,148,3701,1172,4337572,0.600399,1.42145e+07,38.3281,115.453,34153,0,0,0,0,4,0.570108,0.030099,0.000191882,ok,0
BBMSCore,148,3701,1172,4337572,74.7532,1.42145e+07,38.3281,103.125,25476,0,0,0,0,299,74.7145,0.029994,0.0086437,ok,1
BBMSInter,148,3701,1172,4337572,13.3686,1.42145e+07,38.3281,235.484,59363,0,0,0,0,64,13.2882,0.079805,0.00054134,ok,1
BBMSDppInstant,148,3701,1172,4337572,1.23274,1.42145e+07,38.3281,920.254,235494,0,0,0,0,4,0.931648,0.30105,4.2266e-05,ok,1
BBMSDppStepwise,148,3701,1172,4337572,1.531,1.42145e+07,38.3281,884.727,226397,0,0,0,0,6,1.23111,0.299829,6.1453e-05,ok,1
DijkstraPrims,148,3701,1172,4337572,0.593517,1.42145e+07,38.3281,115.453,34153,0,0,0,0,2,0.553302,0.040215,4.39e-07,ok,1
BBMSCore,148,3701,1172,4337572,74.5336,1.42145e+07,38.3281,103.129,25476,0,0,0,0,283,74.4728,0.04999,0.0108152,ok,2
BBMSInter,148,3701,1172,4337572,13.9698,1.42145e+07,38.3281,235.496,59363,0,0,0,0,47,13.899,0.070006,0.000737918,ok,2
BBMSDppInstant,148,3701,1172,4337572,1.24386,1.42145e+07,38.3281,920.238,235494,0,0,0,0,2,0.984572,0.259254,3.0485e-05,ok,2
BBMSDppStepwise,148,3701,1172,4337572,1.53945,1.42145e+07,38.3281,884.758,226397,0,0,0,0,6,1.21913,0.320272,5.1037e-05,ok,2
DijkstraPrims,148,3701,1172,4337572,0.61067,1.42145e+07,38.3281,115.438,34153,0,0,0,0,5,0.550455,0.060062,0.000152585,ok,2
BBMSCore,149,3701,262,969662,0.395414,1.88413e+07,38.332,38.332,5723,0,0,0,0,2,0.395409,0,4.92e-06,ok,0
BBMSInter,149,3701,262,969662,0.243371,1.88413e+07,38.332,55.3672,13299,0,0,0,0,2,0.243203,0,0.000168261,ok,0
BBMSDppInstant,149,3701,262,969662,0.230731,1.88413e+07,38.332,217.559,54986,0,0,0,0,0,0.13235,0.098396,-1.5484e-05,ok,0
BBMSDppStepwise,149,3701,262,969662,0.271385,1.88413e+07,38.332,208.895,52730,0,0,0,0,2,0.190352,0.081017,1.633e-05,ok,0
DijkstraPrims,149,3701,262,969662,0.145528,1.88413e+07,38.332,41.8477,12403,0,0,0,0,1,0.135439,0.00997,0.000118751,ok,0
BBMSCore,149,3701,262,969662,0.387308,1.88413e+07,38.332,38.332,5723,0,0,0,0,3,0.387296,0,1.2291e-05,ok,1
BBMSInter,149,3701,262,969662,0.255236,1.88413e+07,38.332,55.6172,13299,0,0,0,0,0,0.255249,0,-1.3093e-05,ok,1
BBMSDppInstant,149,3701,262,969662,0.23092,1.88413e+07,38.332,217.562,54986,0,0,0,0,0,0.161988,0.068947,-1.5161e-05,ok,1
BBMSDppStepwise,149,3701,262,969662,0.271492,1.88413e+07,38.332,208.891,52730,0,0,0,0,1,0.153036,0.118458,-2.44e-06,ok,1
DijkstraPrims,149,3701,262,969662,0.145071,1.88413e+07,38.332,41.8516,12403,0,0,0,0,0,0.125183,0.019902,-1.4047e-05,ok,1
BBMSCore,149,3701,262,969662,0.383386,1.88413e+07,38.332,38.332,5723,0,0,0,0,2,0.363491,0.019879,1.6444e-05,ok,2
BBMSInter,149,3701,262,969662,0.244308,1.88413e+07,38.332,55.6172,13299,0,0,0,0,0,0.234357,0.009966,-1.4959e-05,ok,2
BBMSDppInstant,149,3701,262,969662,0.230587,1.88413e+07,38.332,217.559,54986,0,0,0,0,1,0.169853,0.060736,-1.792e-06,ok,2
BBMSDppStepwise,149,3701,262,969662,0.270574,1.88413e+07,38.332,208.898,52730,0,0,0,0,1,0.209916,0.060663,-5.238e-06,ok,2
DijkstraPrims,149,3701,262,969662,0.146615,1.88413e+07,38.332,41.8516,12403,0,0,0,0,0,0.106602,0.040025,-1.2211e-05,ok,2
BBMSCore,150,3701,24,88824,0.815008,8.90493e+06,38.3359,38.3359,562,0,0,0,0,5,0.814801,0,0.00020736,ok,0
BBMSInter,150,3701,24,88824,0.0622859,8.90493e+06,38.3359,38.3359,1256,0,0,0,0,0,0.052435,0.009862,-1.1082e-05,ok,0
BBMSDppInstant,150,3701,24,88824,0.0181124,8.90493e+06,38.3359,38.3359,4636,0,0,0,0,0,0.007791,0.010332,-1.0635e-05,ok,0
BBMSDppStepwise,150,3701,24,88824,0.0214935,8.90493e+06,38.3398,38.3398,4508,0,0,0,0,0,0.011575,0.009929,-1.0473e-05,ok,0
DijkstraPrims,150,3701,24,88824,0.00749663,8.90493e+06,38.3398,38.3398,823,0,0,0,0,0,0.007508,0,-1.137e-05,ok,0
BBMSCore,150,3701,24,88824,0.828927,8.90493e+06,38.3398,38.3398,562,0,0,0,0,4,0.828745,0,0.00018175,ok,1
BBMSInter,150,3701,24,88824,0.0622994,8.90493e+06,38.3398,38.3398,1256,0,0,0,0,1,0.062302,0,-2.633e-06,ok,1
BBMSDppInstant,150,3701,24,88824,0.0181968,8.90493e+06,38.3398,38.3398,4636,0,0,0,0,0,0.008172,0.010036,-1.1172e-05,ok,1
BBMSDppStepwise,150,3701,24,88824,0.0218677,8.90493e+06,38.3398,38.3398,4508,0,0,0,0,0,0.011909,0.009969,-1.0302e-05,ok,1
DijkstraPrims,150,3701,24,88824,0.00761701,8.90493e+06,38.3438,38.3438,823,0,0,0,0,0,0.007628,0,-1.0993e-05,ok,1
BBMSCore,150,3701,24,88824,0.823804,8.90493e+06,38.3438,38.3438,562,0,0,0,0,1,0.823645,0,0.000159283,ok,2
BBMSInter,150,3701,24,88824,0.0628306,8.90493e+06,38.3438,38.3438,1256,0,0,0,0,0,0.053534,0.009309,-1.2408e-05,ok,2
BBMSDppInstant,150,3701,24,88824,0.018816,8.90493e+06,38.3438,38.3438,4636,0,0,0,0,0,0.008673,0.010157,-1.4002e-05,ok,2
BBMSDppStepwise,150,3701,24,88824,0.0217951,8.90493e+06,38.3438,38.3438,4508,0,0,0,0,0,0.021807,0,-1.1867e-05,ok,2
DijkstraPrims,150,3701,24,88824,0.00762502,8.90493e+06,38.3438,38.3438,823,0,0,0,0,0,0.007,0.000636,-1.0975e-05,ok,2
BBMSCore,151,3701,432,1598832,16.4239,1.39346e+07,38.3477,40.4766,9420,0,0,0,0,66,16.3909,0.029996,0.00297005,ok,0
BBMSInter,151,3701,432,1598832,0.530113,1.39346e+07,38.3477,89.2422,21911,0,0,0,0,4,0.510161,0.019916,3.5784e-05,ok,0
BBMSDppInstant,151,3701,432,1598832,0.340435,1.39346e+07,38.3477,356.465,90805,0,0,0,0,0,0.238769,0.101682,-1.5823e-05,ok,0
BBMSDppStepwise,151,3701,432,1598832,0.378301,1.39346e+07,38.3477,327.02,83193,0,0,0,0,2,0.299098,0.079188,1.4807e-05,ok,0
DijkstraPrims,151,3701,432,1598832,0.357021,1.39346e+07,38.3477,81.2695,23785,0,0,0,0,1,0.31669,0.040338,-7.36e-06,ok,0
BBMSCore,151,3701,432,1598832,16.3662,1.39346e+07,38.3477,40.375,9420,0,0,0,0,63,16.3449,0.020002,0.00132586,ok,1
BBMSInter,151,3701,432,1598832,0.530883,1.39346e+07,38.3477,89.2422,21911,0,0,0,0,1,0.50077,0.03012,-6.511e-06,ok,1
BBMSDppInstant,151,3701,432,1598832,0.339525,1.39346e+07,38.3477,356.465,90805,0,0,0,0,1,0.240255,0.099264,5.71e-06,ok,1
BBMSDppStepwise,151,3701,432,1598832,0.378129,1.39346e+07,38.3477,327.023,83193,0,0,0,0,0,0.277129,0.101015,-1.4972e-05,ok,1
DijkstraPrims,151,3701,432,1598832,0.347597,1.39346e+07,38.3477,81.2578,23785,0,0,0,0,2,0.31778,0.029788,2.9357e-05,ok,1
BBMSCore,151,3701,432,1598832,16.3572,1.39346e+07,38.3477,40.4805,9420,0,0,0,0,58,16.3446,0.009994,0.002671,ok,2
BBMSInter,151,3701,432,1598832,0.526389,1.39346e+07,38.3477,89.25,21911,0,0,0,0,1,0.496242,0.030146,1.482e-06,ok,2
BBMSDppInstant,151,3701,432,1598832,0.335822,1.39346e+07,38.3477,356.488,90805,0,0,0,0,2,0.20503,0.130738,5.4104e-05,ok,2
BBMSDppStepwise,151,3701,432,1598832,0.378277,1.39346e+07,38.3477,327.02,83193,0,0,0,0,2,0.307485,0.070779,1.3492e-05,ok,2
DijkstraPrims,151,3701,432,1598832,0.353269,1.39346e+07,38.3477,81.2812,23785,0,0,0,0,1,0.333266,0.020001,2.382e-06,ok,2
BBMSCore,152,3701,1045,3867545,8.56512,2.34008e+07,38.3516,92.3672,22720,0,0,0,0,35,8.53394,0.030009,0.00116446,ok,0
BBMSInter,152,3701,1045,3867545,1.46157,2.34008e+07,38.3516,210.367,52935,0,0,0,0,6,1.44152,0.020004,4.7345e-05,ok,0
BBMSDppInstant,152,3701,1045,3867545,1.19335,2.34008e+07,38.3516,863.047,221343,0,0,0,0,3,0.90278,0.290552,1.7476e-05,ok,0
BBMSDppStepwise,152,3701,1045,3867545,1.33455,2.34008e+07,38.3516,793.789,203123,0,0,0,0,7,1.11394,0.220534,6.9993e-05,ok,0
DijkstraPrims,152,3701,1045,3867545,0.480698,2.34008e+07,38.3555,83.3672,25945,0,0,0,0,1,0.44073,0.03997,-2.464e-06,ok,0
BBMSCore,152,3701,1045,3867545,8.52514,2.34008e+07,38.3555,92.1172,22720,0,0,0,0,32,8.5049,0.020009,0.000224259,ok,1
BBMSInter,152,3701,1045,3867545,1.45892,2.34008e+07,38.3555,210.387,52935,0,0,0,0,7,1.39897,0.059915,3.538e-05,ok,1
BBMSDppInstant,152,3701,1045,3867545,1.19806,2.34008e+07,38.3555,863.035,221343,0,0,0,0,4,0.878785,0.31925,2.6778e-05,ok,1
BBMSDppStepwise,152,3701,1045,3867545,1.34043,2.34008e+07,38.3555,793.859,203123,0,0,0,0,5,1.11045,0.229945,3.98e-05,ok,1
DijkstraPrims,152,3701,1045,3867545,0.474005,2.34008e+07,38.3555,83.3672,25945,0,0,0,0,0,0.453915,0.020107,-1.6972e-05,ok,1
BBMSCore,152,3701,1045,3867545,8.54113,2.34008e+07,38.3555,92.3516,22720,0,0,0,0,28,8.53075,0.010078,0.000294456,ok,2
BBMSInter,152,3701,1045,3867545,1.46396,2.34008e+07,38.3555,210.375,52935,0,0,0,0,8,1.39376,0.070124,7.0222e-05,ok,2
BBMSDppInstant,152,3701,1045,3867545,1.19944,2.34008e+07,38.3555,863.051,221343,0,0,0,0,6,0.859851,0.339521,7.0793e-05,ok,2
BBMSDppStepwise,152,3701,1045,3867545,1.34189,2.34008e+07,38.3555,793.855,203123,0,0,0,0,4,1.07174,0.270105,4.5574e-05,ok,2
DijkstraPrims,152,3701,1045,3867545,0.49614,2.34008e+07,38.3555,83.3711,25945,0,0,0,0,3,0.475962,0.020163,1.4837e-05,ok,2
BBMSCore,153,3701,377,1395277,2.53201,9.60686e+06,38.3594,38.3594,8218,0,0,0,0,11,2.52184,0.010009,0.000159293,ok,0
BBMSInter,153,3701,377,1395277,0.276866,9.60686e+06,38.3594,78.3477,19119,0,0,0,0,1,0.257006,0.019867,-6.807e-06,ok,0
BBMSDppInstant,153,3701,377,1395277,0.307475,9.60686e+06,38.3594,309.242,78641,0,0,0,0,1,0.207945,0.099535,-5.173e-06,ok,0
BBMSDppStepwise,153,3701,377,1395277,0.453534,9.60686e+06,38.3594,287.355,73020,0,0,0,0,3,0.334691,0.118825,1.8071e-05,ok,0
DijkstraPrims,153,3701,377,1395277,0.246373,9.60686e+06,38.3594,56.1562,16141,0,0,0,0,0,0.226554,0.019833,-1.3836e-05,ok,0
BBMSCore,153,3701,377,1395277,2.53277,9.60686e+06,38.3594,38.3594,8218,0,0,0,0,9,2.52238,0.010011,0.000382545,ok,1
BBMSInter,153,3701,377,1395277,0.27373,9.60686e+06,38.3594,78.3711,19119,0,0,0,0,0,0.272764,0.000969,-3.171e-06,ok,1
BBMSDppInstant,153,3701,377,1395277,0.304892,9.60686e+06,38.3594,309.07,78641,0,0,0,0,3,0.176263,0.128604,2.4643e-05,ok,1
BBMSDppStepwise,153,3701,377,1395277,0.453539,9.60686e+06,38.3594,287.344,73020,0,0,0,0,0,0.372926,0.080628,-1.4807e-05,ok,1
DijkstraPrims,153,3701,377,1395277,0.248006,9.60686e+06,38.3594,56.1602,16141,0,0,0,0,0,0.208166,0.039853,-1.3004e-05,ok,1
BBMSCore,153,3701,377,1395277,2.53256,9.60686e+06,38.3594,38.3594,8218,0,0,0,0,11,2.52226,0.010011,0.000288004,ok,2
BBMSInter,153,3701,377,1395277,0.279177,9.60686e+06,38.3594,78.2344,19119,0,0,0,0,3,0.24918,0.02998,1.6848e-05,ok,2
BBMSDppInstant,153,3701,377,1395277,0.306214,9.60686e+06,38.3594,309.23,78641,0,0,0,0,0,0.196026,0.110203,-1.4692e-05,ok,2
BBMSDppStepwise,153,3701,377,1395277,0.454733,9.60686e+06,38.3594,287.34,73020,0,0,0,0,3,0.343623,0.111091,1.8964e-05,ok,2
DijkstraPrims,153,3701,377,1395277,0.242881,9.60686e+06,38.3633,56.1328,16141,0,0,0,0,1,0.212589,0.030296,-3.511e-06,ok,2
BBMSCore,154,3701,2423,8967523,111.982,2.95725e+07,38.3672,209.109,52619,0,0,0,0,403,111.917,0.059994,0.00547693,ok,0
BBMSInter,154,3701,2423,8967523,9.53464,2.95725e+07,38.3672,482.742,122677,0,0,0,0,40,9.35428,0.179949,0.000409178,ok,0
BBMSDppInstant,154,3701,2423,8967523,2.43152,2.95725e+07,38.3672,1945.89,499924,0,0,0,0,10,1.81034,0.621078,0.000104211,ok,0
BBMSDppStepwise,154,3701,2423,8967523,3.73284,2.95725e+07,38.3672,1826.19,468239,0,0,0,0,22,3.1732,0.559394,0.000242383,ok,0
DijkstraPrims,154,3701,2423,8967523,0.626026,2.95725e+07,38.3672,96.2305,29219,0,0,0,0,3,0.595869,0.029963,0.000194052,ok,0
BBMSCore,154,3701,2423,8967523,115.861,2.95725e+07,38.3711,209.117,52619,0,0,0,0,475,115.788,0.059995,0.0129616,ok,1
BBMSInter,154,3701,2423,8967523,9.61242,2.95725e+07,38.3711,482.746,122677,0,0,0,0,42,9.47211,0.139934,0.000379694,ok,1
BBMSDppInstant,154,3701,2423,8967523,2.44733,2.95725e+07,38.3711,1945.91,499924,0,0,0,0,12,1.82706,0.620137,0.000131698,ok,1
BBMSDppStepwise,154,3701,2423,8967523,3.72624,2.95725e+07,38.3711,1826.18,468239,0,0,0,0,11,3.12576,0.600398,8.092e-05,ok,1
DijkstraPrims,154,3701,2423,8967523,0.638723,2.95725e+07,38.3711,96.2227,29219,0,0,0,0,2,0.618503,0.020053,0.000166659,ok,1
BBMSCore,154,3701,2423,8967523,114.617,2.95725e+07,38.3711,209.117,52619,0,0,0,0,451,114.546,0.059994,0.0111628,ok,2
BBMSInter,154,3701,2423,8967523,9.53234,2.95725e+07,38.3711,482.746,122677,0,0,0,0,42,9.36192,0.170084,0.000336555,ok,2
BBMSDppInstant,154,3701,2423,8967523,2.43444,2.95725e+07,38.3711,1945.9,499924,0,0,0,0,11,1.82381,0.610456,0.000178497,ok,2
BBMSDppStepwise,154,3701,2423,8967523,3.75155,2.95725e+07,38.3711,1826.17,468239,0,0,0,0,14,3.22063,0.530716,0.000203344,ok,2
DijkstraPrims,154,3701,2423,8967523,0.608589,2.95725e+07,38.3711,96.2344,29219,0,0,0,0,2,0.588513,0.02006,1.6105e-05,ok,2
BBMSCore,155,3701,40,148040,2.28394,7.24799e+06,38.375,38.375,909,0,0,0,0,10,2.28268,0.0008,0.000459768,ok,0
BBMSInter,155,3701,40,148040,0.00553953,7.24799e+06,38.375,38.375,2065,0,0,0,0,0,0.005124,0.000427,-1.1471e-05,ok,0
BBMSDppInstant,155,3701,40,148040,0.019617,7.24799e+06,38.375,38.375,7340,0,0,0,0,0,0,0.019628,-1.0994e-05,ok,0
BBMSDppStepwise,155,3701,40,148040,0.0198122,7.24799e+06,38.375,38.375,7340,0,0,0,0,0,0.019785,3.7e-05,-9.763e-06,ok,0
DijkstraPrims,155,3701,40,148040,0.0106803,7.24799e+06,38.375,38.375,1476,0,0,0,0,0,0.010691,0,-1.068e-05,ok,0
BBMSCore,155,3701,40,148040,2.28905,7.24799e+06,38.375,38.375,909,0,0,0,0,11,2.28843,0.000353,0.000264512,ok,1
BBMSInter,155,3701,40,148040,0.00575537,7.24799e+06,38.375,38.375,2065,0,0,0,0,0,0.005766,0,-1.0629e-05,ok,1
BBMSDppInstant,155,3701,40,148040,0.0195792,7.24799e+06,38.375,38.375,7340,0,0,0,0,0,0.019589,0,-9.755e-06,ok,1
BBMSDppStepwise,155,3701,40,148040,0.0198453,7.24799e+06,38.375,38.375,7340,0,0,0,0,0,0.009544,0.010315,-1.3732e-05,ok,1
DijkstraPrims,155,3701,40,148040,0.0106196,7.24799e+06,38.375,38.375,1476,0,0,0,0,0,0.010557,7.4e-05,-1.1357e-05,ok,1
BBMSCore,155,3701,40,148040,2.28385,7.24799e+06,38.375,38.375,909,0,0,0,0,13,2.28349,0,0.000359169,ok,2
BBMSInter,155,3701,40,148040,0.00559654,7.24799e+06,38.375,38.375,2065,0,0,0,0,0,0.005607,0,-1.0464e-05,ok,2
BBMSDppInstant,155,3701,40,148040,0.0199935,7.24799e+06,38.375,38.375,7340,0,0,0,0,0,0.010388,0.009616,-1.0535e-05,ok,2
BBMSDppStepwise,155,3701,40,148040,0.0198069,7.24799e+06,38.375,38.375,7340,0,0,0,0,0,0.019819,0,-1.2109e-05,ok,2
DijkstraPrims,155,3701,40,148040,0.0106738,7.24799e+06,38.375,38.375,1476,0,0,0,0,0,0.010685,0,-1.1162e-05,ok,2
BBMSCore,156,3701,149,551449,5.39179,1.35361e+07,38.3789,38.3789,3273,0,0,0,0,21,5.39102,0.00032,0.000450935,ok,0
BBMSInter,156,3701,149,551449,0.0416129,1.35361e+07,38.3789,38.3789,7581,0,0,0,0,0,0.031728,0.009898,-1.3058e-05,ok,0
BBMSDppInstant,156,3701,149,551449,0.109548,1.35361e+07,38.3789,121.25,30196,0,0,0,0,0,0.060418,0.049144,-1.411e-05,ok,0
BBMSDppStepwise,156,3701,149,551449,0.125491,1.35361e+07,38.3789,115.109,28614,0,0,0,0,0,0.105361,0.020143,-1.33e-05,ok,0
DijkstraPrims,156,3701,149,551449,0.0894489,1.35361e+07,38.3789,38.3789,7017,0,0,0,0,1,0.068917,0.020534,-2.131e-06,ok,0
BBMSCore,156,3701,149,551449,5.37804,1.35361e+07,38.3789,38.3789,3273,0,0,0,0,23,5.36713,0.010006,0.000909341,ok,1
BBMSInter,156,3701,149,551449,0.0403015,1.35361e+07,38.3789,38.3789,7581,0,0,0,0,0,0.030509,0.009791,1.489e-06,ok,1
BBMSDppInstant,156,3701,149,551449,0.109035,1.35361e+07,38.3789,121.25,30196,0,0,0,0,0,0.069855,0.039193,-1.3298e-05,ok,1
BBMSDppStepwise,156,3701,149,551449,0.12579,1.35361e+07,38.3789,115.105,28614,0,0,0,0,0,0.105639,0.020162,-1.1046e-05,ok,1
DijkstraPrims,156,3701,149,551449,0.0893756,1.35361e+07,38.3789,38.3789,7017,0,0,0,0,1,0.079488,0.00989,-2.436e-06,ok,1
BBMSCore,156,3701,149,551449,5.37736,1.35361e+07,38.3828,38.3828,3273,0,0,0,0,14,5.36624,0.010004,0.00111411,ok,2
BBMSInter,156,3701,149,551449,0.0403533,1.35361e+07,38.3828,38.3828,7581,0,0,0,0,1,0.03054,0.009816,-2.664e-06,ok,2
BBMSDppInstant,156,3701,149,551449,0.11003,1.35361e+07,38.3828,121.242,30196,0,0,0,0,1,0.060788,0.04924,2.499e-06,ok,2
BBMSDppStepwise,156,3701,149,551449,0.126229,1.35361e+07,38.3828,115.117,28614,0,0,0,0,0,0.106032,0.020209,-1.1929e-05,ok,2
DijkstraPrims,156,3701,149,551449,0.0893632,1.35361e+07,38.3828,38.3828,7017,0,0,0,0,0,0.089285,9e-05,-1.1834e-05,ok,2
BBMSCore,157,3701,1009,3734309,53.4346,9.63279e+06,38.3828,89.2422,21939,0,0,0,0,171,53.4031,0.030151,0.00132932,ok,0
BBMSInter,157,3701,1009,3734309,8.3537,9.63279e+06,38.3867,202.992,51114,0,0,0,0,33,8.27345,0.080017,0.000235791,ok,0
BBMSDppInstant,157,3701,1009,3734309,0.992953,9.63279e+06,38.3867,795.344,203514,0,0,0,0,2,0.702464,0.290493,-3.631e-06,ok,0
BBMSDppStepwise,157,3701,1009,3734309,1.34689,9.63279e+06,38.3867,762.199,195030,0,0,0,0,3,1.10761,0.239282,3.693e-06,ok,0
DijkstraPrims,157,3701,1009,3734309,0.341631,9.63279e+06,38.3906,81.2539,24533,0,0,0,0,2,0.301489,0.040129,1.2878e-05,ok,0
BBMSCore,157,3701,1009,3734309,52.0807,9.63279e+06,38.3906,89.2422,21939,0,0,0,0,185,52.0528,0.019996,0.00794391,ok,1
BBMSInter,157,3701,1009,3734309,8.51058,9.63279e+06,38.3906,203.262,51114,0,0,0,0,37,8.44012,0.070134,0.000329715,ok,1
BBMSDppInstant,157,3701,1009,3734309,0.991031,9.63279e+06,38.3906,795.285,203514,0,0,0,0,5,0.740905,0.250099,2.7489e-05,ok,1
BBMSDppStepwise,157,3701,1009,3734309,1.36082,9.63279e+06,38.3906,762.184,195030,0,0,0,0,5,1.10103,0.259749,3.8705e-05,ok,1
DijkstraPrims,157,3701,1009,3734309,0.351941,9.63279e+06,38.3906,81.1992,24533,0,0,0,0,3,0.331915,0.020015,1.1076e-05,ok,1
BBMSCore,157,3701,1009,3734309,51.4846,9.63279e+06,38.3906,89.3672,21939,0,0,0,0,189,51.4387,0.039989,0.00582635,ok,2
BBMSInter,157,3701,1009,3734309,8.38823,9.63279e+06,38.3906,202.973,51114,0,0,0,0,28,8.32798,0.060043,0.000207943,ok,2
BBMSDppInstant,157,3701,1009,3734309,0.989573,9.63279e+06,38.3906,795.43,203514,0,0,0,0,4,0.679963,0.309572,3.8255e-05,ok,2
BBMSDppStepwise,157,3701,1009,3734309,1.34738,9.63279e+06,38.3906,762.184,195030,0,0,0,0,5,1.09796,0.249347,6.8636e-05,ok,2
DijkstraPrims,157,3701,1009,3734309,0.344281,9.63279e+06,38.3906,81.2617,24533,0,0,0,0,2,0.314132,0.030141,8.118e-06,ok,2
BBMSCore,158,3701,631,2335331,9.82965,2.09909e+07,38.3945,57.2305,13737,0,0,0,0,39,9.80809,0.019996,0.00156487,ok,0
BBMSInter,158,3701,631,2335331,1.15571,2.09909e+07,38.3945,128.492,31982,0,0,0,0,3,1.09583,0.059874,1.1564e-05,ok,0
BBMSDppInstant,158,3701,631,2335331,0.52943,2.09909e+07,38.3945,517.516,132627,0,0,0,0,4,0.369186,0.160212,3.1751e-05,ok,0
BBMSDppStepwise,158,3701,631,2335331,0.720947,2.09909e+07,38.3945,478.656,122432,0,0,0,0,2,0.600808,0.120136,3.077e-06,ok,0
DijkstraPrims,158,3701,631,2335331,0.508565,2.09909e+07,38.3945,94.293,28769,0,0,0,0,4,0.498536,0.009988,4.0729e-05,ok,0
BBMSCore,158,3701,631,2335331,9.82749,2.09909e+07,38.3945,57.2461,13737,0,0,0,0,49,9.81579,0.010005,0.00169527,ok,1
BBMSInter,158,3701,631,2335331,1.16128,2.09909e+07,38.3945,128.492,31982,0,0,0,0,7,1.10158,0.059594,0.000110212,ok,1
BBMSDppInstant,158,3701,631,2335331,0.529541,2.09909e+07,38.3945,517.496,132627,0,0,0,0,0,0.419604,0.109941,-4.351e-06,ok,1
BBMSDppStepwise,158,3701,631,2335331,0.71992,2.09909e+07,38.3945,478.633,122432,0,0,0,0,4,0.589863,0.130028,2.891e-05,ok,1
DijkstraPrims,158,3701,631,2335331,0.494338,2.09909e+07,38.3945,94.4727,28769,0,0,0,0,1,0.463985,0.030174,0.000179487,ok,1
BBMSCore,158,3701,631,2335331,9.82658,2.09909e+07,38.3945,57.2305,13737,0,0,0,0,38,9.81485,0.009993,0.00172934,ok,2
BBMSInter,158,3701,631,2335331,1.14691,2.09909e+07,38.3984,128.617,31982,0,0,0,0,4,1.08704,0.059846,2.8998e-05,ok,2
BBMSDppInstant,158,3701,631,2335331,0.527516,2.09909e+07,38.3984,517.516,132627,0,0,0,0,1,0.378038,0.149475,2.764e-06,ok,2
BBMSDppStepwise,158,3701,631,2335331,0.715141,2.09909e+07,38.3984,478.578,122432,0,0,0,0,3,0.57602,0.139112,8.535e-06,ok,2
DijkstraPrims,158,3701,631,2335331,0.491358,2.09909e+07,38.3984,94.4766,28769,0,0,0,0,2,0.452039,0.039314,5.195e-06,ok,2
BBMSCore,159,3701,542,2005942,17.3337,1.37077e+07,38.3984,49.7422,11806,0,0,0,0,59,17.3107,0.019842,0.00315229,ok,0
BBMSInter,159,3701,542,2005942,0.288116,1.37077e+07,38.4023,110.992,27477,0,0,0,0,3,0.268117,0.01998,1.9033e-05,ok,0
BBMSDppInstant,159,3701,542,2005942,0.425901,1.37077e+07,38.4023,443.09,113198,0,0,0,0,4,0.276481,0.149374,4.6248e-05,ok,0
BBMSDppStepwise,159,3701,542,2005942,0.552543,1.37077e+07,38.4023,409.387,104267,0,0,0,0,3,0.451943,0.100586,1.3806e-05,ok,0
DijkstraPrims,159,3701,542,2005942,0.483392,1.37077e+07,38.4023,86.7422,26812,0,0,0,0,0,0.453148,0.030248,-3.662e-06,ok,0
BBMSCore,159,3701,542,2005942,17.5052,1.37077e+07,38.4023,49.7422,11806,0,0,0,0,60,17.4723,0.02999,0.0029079,ok,1
BBMSInter,159,3701,542,2005942,0.281861,1.37077e+07,38.4023,110.977,27477,0,0,0,0,2,0.241482,0.040374,4.864e-06,ok,1
BBMSDppInstant,159,3701,542,2005942,0.420622,1.37077e+07,38.4023,442.91,113198,0,0,0,0,0,0.302295,0.118342,-1.5091e-05,ok,1
BBMSDppStepwise,159,3701,542,2005942,0.548484,1.37077e+07,38.4023,409.379,104267,0,0,0,0,3,0.408455,0.140013,1.6386e-05,ok,1
DijkstraPrims,159,3701,542,2005942,0.480885,1.37077e+07,38.4023,86.7305,26812,0,0,0,0,0,0.430714,0.050186,-1.4572e-05,ok,1
BBMSCore,159,3701,542,2005942,17.5126,1.37077e+07,38.4023,49.4883,11806,0,0,0,0,69,17.4991,0.01,0.00349035,ok,2
BBMSInter,159,3701,542,2005942,0.279742,1.37077e+07,38.4023,110.988,27477,0,0,0,0,2,0.240549,0.039189,3.59e-06,ok,2
BBMSDppInstant,159,3701,542,2005942,0.423749,1.37077e+07,38.4023,443.086,113198,0,0,0,0,1,0.272302,0.151453,-5.873e-06,ok,2
BBMSDppStepwise,159,3701,542,2005942,0.552327,1.37077e+07,38.4023,409.379,104267,0,0,0,0,1,0.411502,0.140833,-7.617e-06,ok,2
DijkstraPrims,159,3701,542,2005942,0.4908,1.37077e+07,38.4023,86.7344,26812,0,0,0,0,2,0.450606,0.040175,1.9177e-05,ok,2
BBMSCore,160,3701,215,795715,16.4825,1.77922e+07,38.4062,38.4062,4704,0,0,0,0,69,16.4713,0.009731,0.00145421,ok,0
BBMSInter,160,3701,215,795715,2.27279,1.77922e+07,38.4062,46.3672,10920,0,0,0,0,8,2.25242,0.020302,6.2656e-05,ok,0
BBMSDppInstant,160,3701,215,795715,0.194753,1.77922e+07,38.4062,169.477,42627,0,0,0,0,2,0.105085,0.08962,4.7885e-05,ok,0
BBMSDppStepwise,160,3701,215,795715,0.233388,1.77922e+07,38.4062,164.227,41301,0,0,0,0,0,0.192677,0.040726,-1.4558e-05,ok,0
DijkstraPrims,160,3701,215,795715,0.0904261,1.77922e+07,38.4062,38.4062,7826,0,0,0,0,0,0.08026,0.010166,8.6e-08,ok,0
BBMSCore,160,3701,215,795715,16.4044,1.77922e+07,38.4062,38.4062,4704,0,0,0,0,55,16.394,0.009999,0.000421006,ok,1
BBMSInter,160,3701,215,795715,2.27989,1.77922e+07,38.4062,46.2422,10920,0,0,0,0,10,2.2698,0.010013,7.8176e-05,ok,1
BBMSDppInstant,160,3701,215,795715,0.1983,1.77922e+07,38.4062,169.496,42627,0,0,0,0,1,0.139688,0.058592,2.0198e-05,ok,1
BBMSDppStepwise,160,3701,215,795715,0.235844,1.77922e+07,38.4062,164.227,41301,0,0,0,0,1,0.176033,0.059807,3.64e-06,ok,1
DijkstraPrims,160,3701,215,795715,0.0909084,1.77922e+07,38.4102,38.4102,7826,0,0,0,0,0,0.090921,0,-1.2569e-05,ok,1
BBMSCore,160,3701,215,795715,16.5075,1.77922e+07,38.4102,38.4102,4704,0,0,0,0,68,16.506,0,0.00151233,ok,2
BBMSInter,160,3701,215,795715,2.28052,1.77922e+07,38.4102,46.375,10920,0,0,0,0,10,2.27044,0.010015,6.455e-05,ok,2
BBMSDppInstant,160,3701,215,795715,0.198222,1.77922e+07,38.4102,169.359,42627,0,0,0,0,1,0.158077,0.040149,-3.688e-06,ok,2
BBMSDppStepwise,160,3701,215,795715,0.237442,1.77922e+07,38.4141,164.234,41301,0,0,0,0,2,0.187339,0.05009,1.3308e-05,ok,2
DijkstraPrims,160,3701,215,795715,0.0917551,1.77922e+07,38.4141,38.4141,7826,0,0,0,0,0,0.081998,0.00977,-1.292e-05,ok,2
BBMSCore,161,3701,1445,5347945,15.8732,2.3033e+07,38.4141,126.219,31399,0,0,0,0,70,15.8226,0.049993,0.000514938,ok,0
BBMSInter,161,3701,1445,5347945,2.64626,2.3033e+07,38.418,289.512,73180,0,0,0,0,12,2.56611,0.080034,0.000115762,ok,0
BBMSDppInstant,161,3701,1445,5347945,1.34275,2.3033e+07,38.418,1172.73,301470,0,0,0,0,5,0.9433,0.399403,4.5471e-05,ok,0
BBMSDppStepwise,161,3701,1445,5347945,1.78451,2.3033e+07,38.418,1098.16,281895,0,0,0,0,8,1.40413,0.380211,0.000168977,ok,0
DijkstraPrims,161,3701,1445,5347945,1.26175,2.3033e+07,38.418,211.152,64389,0,0,0,0,4,1.16122,0.100491,4.3447e-05,ok,0
BBMSCore,161,3701,1445,5347945,15.9781,2.3033e+07,38.418,126.242,31399,0,0,0,0,63,15.9351,0.039976,0.00294327,ok,1
BBMSInter,161,3701,1445,5347945,2.65058,2.3033e+07,38.418,289.492,73180,0,0,0,0,15,2.55056,0.099877,0.000134607,ok,1
BBMSDppInstant,161,3701,1445,5347945,1.33215,2.3033e+07,38.418,1172.68,301470,0,0,0,0,6,0.970212,0.361872,6.6786e-05,ok,1
BBMSDppStepwise,161,3701,1445,5347945,1.78986,2.3033e+07,38.418,1098.01,281895,0,0,0,0,4,1.40863,0.380999,0.000228678,ok,1
DijkstraPrims,161,3701,1445,5347945,1.26861,2.3033e+07,38.418,211.152,64389,0,0,0,0,6,1.18818,0.0802,0.000229476,ok,1
BBMSCore,161,3701,1445,5347945,16.0805,2.3033e+07,38.418,126.242,31399,0,0,0,0,61,16.05,0.029991,0.000514555,ok,2
BBMSInter,161,3701,1445,5347945,2.63878,2.3033e+07,38.418,289.367,73180,0,0,0,0,12,2.5582,0.080125,0.000458832,ok,2
BBMSDppInstant,161,3701,1445,5347945,1.34686,2.3033e+07,38.418,1172.72,301470,0,0,0,0,5,0.956271,0.39053,6.3876e-05,ok,2
BBMSDppStepwise,161,3701,1445,5347945,1.77978,2.3033e+07,38.418,1098.16,281895,0,0,0,0,10,1.36076,0.418934,8.9589e-05,ok,2
DijkstraPrims,161,3701,1445,5347945,1.26491,2.3033e+07,38.418,211.133,64389,0,0,0,0,6,1.17469,0.089994,0.000230657,ok,2
BBMSCore,162,3701,1098,4063698,37.4921,2.1396e+07,38.4219,96.8672,23869,0,0,0,0,152,37.4645,0.020201,0.00738655,ok,0
BBMSInter,162,3701,1098,4063698,3.69844,2.1396e+07,38.4219,220.863,55617,0,0,0,0,12,3.6083,0.089903,0.000232218,ok,0
BBMSDppInstant,162,3701,1098,4063698,1.0386,2.1396e+07,38.4219,875.02,224412,0,0,0,0,5,0.689045,0.349517,3.6057e-05,ok,0
BBMSDppStepwise,162,3701,1098,4063698,1.56973,2.1396e+07,38.4219,830.324,212470,0,0,0,0,4,1.35007,0.219614,3.6925e-05,ok,0
DijkstraPrims,162,3701,1098,4063698,0.476815,2.1396e+07,38.4219,84.2695,26174,0,0,0,0,3,0.436525,0.040284,5.524e-06,ok,0
BBMSCore,162,3701,1098,4063698,36.9191,2.1396e+07,38.4219,96.8555,23869,0,0,0,0,154,36.8738,0.03999,0.00526675,ok,1
BBMSInter,162,3701,1098,4063698,3.67486,2.1396e+07,38.4219,220.867,55617,0,0,0,0,12,3.61467,0.060033,0.000163668,ok,1
BBMSDppInstant,162,3701,1098,4063698,1.03502,2.1396e+07,38.4219,875.02,224412,0,0,0,0,6,0.704293,0.330658,6.7192e-05,ok,1
BBMSDppStepwise,162,3701,1098,4063698,1.54689,2.1396e+07,38.4219,830.34,212470,0,0,0,0,5,1.2777,0.269082,0.000109222,ok,1
DijkstraPrims,162,3701,1098,4063698,0.448195,2.1396e+07,38.4219,84.3281,26174,0,0,0,0,0,0.398475,0.049735,-1.5284e-05,ok,1
BBMSCore,162,3701,1098,4063698,37.1623,2.1396e+07,38.4219,96.6172,23869,0,0,0,0,163,37.1408,0.019999,0.00156475,ok,2
BBMSInter,162,3701,1098,4063698,3.67871,2.1396e+07,38.4219,220.867,55617,0,0,0,0,17,3.61863,0.059939,0.000138457,ok,2
BBMSDppInstant,162,3701,1098,4063698,1.04318,2.1396e+07,38.4219,875.023,224412,0,0,0,0,5,0.812987,0.230137,5.1238e-05,ok,2
BBMSDppStepwise,162,3701,1098,4063698,1.5685,2.1396e+07,38.4219,830.121,212470,0,0,0,0,4,1.34901,0.219453,3.3127e-05,ok,2
DijkstraPrims,162,3701,1098,4063698,0.474468,2.1396e+07,38.4219,84.2578,26174,0,0,0,0,1,0.444389,0.030091,-1.2094e-05,ok,2
BBMSCore,163,3701,402,1487802,5.98405,1.7093e+07,38.4258,38.4258,8769,0,0,0,0,24,5.9829,7.4e-05,0.00107758,ok,0
BBMSInter,163,3701,402,1487802,1.37856,1.7093e+07,38.4297,83.25,20393,0,0,0,0,7,1.35821,0.020047,0.000301705,ok,0
BBMSDppInstant,163,3701,402,1487802,0.3361,1.7093e+07,38.4297,327.625,83340,0,0,0,0,2,0.237128,0.09897,1.558e-06,ok,0
BBMSDppStepwise,163,3701,402,1487802,0.441092,1.7093e+07,38.4297,309.695,78740,0,0,0,0,2,0.370987,0.070094,1.0707e-05,ok,0
DijkstraPrims,163,3701,402,1487802,0.257244,1.7093e+07,38.4297,58.6562,16796,0,0,0,0,0,0.236932,0.020315,-3.33e-06,ok,0
BBMSCore,163,3701,402,1487802,6.01469,1.7093e+07,38.4297,38.4297,8769,0,0,0,0,24,6.00408,0.010005,0.000606284,ok,1
BBMSInter,163,3701,402,1487802,1.37505,1.7093e+07,38.4297,83.2422,20393,0,0,0,0,5,1.35511,0.019918,2.2319e-05,ok,1
BBMSDppInstant,163,3701,402,1487802,0.335928,1.7093e+07,38.4297,327.629,83340,0,0,0,0,2,0.285212,0.050691,2.5225e-05,ok,1
BBMSDppStepwise,163,3701,402,1487802,0.43968,1.7093e+07,38.4297,309.668,78740,0,0,0,0,2,0.338141,0.10153,9.44e-06,ok,1
DijkstraPrims,163,3701,402,1487802,0.258163,1.7093e+07,38.4297,58.6445,16796,0,0,0,0,3,0.248214,0.009928,2.0868e-05,ok,1
BBMSCore,163,3701,402,1487802,5.99622,1.7093e+07,38.4297,38.4297,8769,0,0,0,0,22,5.98532,0.010172,0.00072646,ok,2
BBMSInter,163,3701,402,1487802,1.37963,1.7093e+07,38.4297,83.2539,20393,0,0,0,0,2,1.3496,0.030017,5.77e-06,ok,2
BBMSDppInstant,163,3701,402,1487802,0.338977,1.7093e+07,38.4297,327.594,83340,0,0,0,0,3,0.219511,0.119448,1.7638e-05,ok,2
BBMSDppStepwise,163,3701,402,1487802,0.448469,1.7093e+07,38.4297,309.676,78740,0,0,0,0,0,0.328918,0.119569,-1.7759e-05,ok,2
DijkstraPrims,163,3701,402,1487802,0.260609,1.7093e+07,38.4336,58.6445,16796,0,0,0,0,2,0.24063,0.019976,2.967e-06,ok,2
BBMSCore,164,1170,1172,1371240,1.05686,504196,38.4375,38.4375,8064,0,0,0,0,3,1.04671,0.010058,9.1347e-05,ok,0
BBMSInter,164,1170,1172,1371240,0.177862,504196,38.4375,76.9844,18777,0,0,0,0,0,0.157371,0.020504,-1.2702e-05,ok,0
BBMSDppInstant,164,1170,1172,1371240,0.307502,504196,38.4375,296.938,75558,0,0,0,0,1,0.205624,0.101883,-5.431e-06,ok,0
BBMSDppStepwise,164,1170,1172,1371240,0.40315,504196,38.4375,284.805,72421,0,0,0,0,0,0.312627,0.09054,-1.7337e-05,ok,0
DijkstraPrims,164,1170,1172,1371240,0.0903081,504196,38.4375,38.4375,6268,0,0,0,0,1,0.090302,0,6.085e-06,ok,0
BBMSCore,164,1170,1172,1371240,1.05932,504196,38.4375,38.4375,8064,0,0,0,0,4,1.04926,0.009995,5.9023e-05,ok,1
BBMSInter,164,1170,1172,1371240,0.178345,504196,38.4375,76.9922,18777,0,0,0,0,0,0.148525,0.029833,-1.2911e-05,ok,1
BBMSDppInstant,164,1170,1172,1371240,0.308531,504196,38.4375,296.977,75558,0,0,0,0,2,0.149058,0.159453,2.0202e-05,ok,1
BBMSDppStepwise,164,1170,1172,1371240,0.394496,504196,38.4375,284.984,72421,0,0,0,0,2,0.315271,0.079216,9.116e-06,ok,1
DijkstraPrims,164,1170,1172,1371240,0.10337,504196,38.4375,38.4375,6268,0,0,0,0,0,0.093246,0.010136,-1.2146e-05,ok,1
BBMSCore,164,1170,1172,1371240,1.0566,504196,38.4375,38.4375,8064,0,0,0,0,7,1.04633,0.009969,0.000302682,ok,2
BBMSInter,164,1170,1172,1371240,0.178597,504196,38.4375,77.0117,18777,0,0,0,0,2,0.148725,0.029861,1.1149e-05,ok,2
BBMSDppInstant,164,1170,1172,1371240,0.30855,504196,38.4375,296.977,75558,0,0,0,0,1,0.198855,0.109699,-4.344e-06,ok,2
BBMSDppStepwise,164,1170,1172,1371240,0.396589,504196,38.4375,284.906,72421,0,0,0,0,1,0.317144,0.079449,-4.13e-06,ok,2
DijkstraPrims,164,1170,1172,1371240,0.0901012,504196,38.4375,38.4375,6268,0,0,0,0,0,0.08011,0.010006,-1.4784e-05,ok,2
BBMSCore,165,1170,262,306540,0.0665551,1.12048e+07,38.4414,38.4414,1806,0,0,0,0,0,0.066568,0,-1.2852e-05,ok,0
BBMSInter,165,1170,262,306540,0.0295372,1.12048e+07,38.4414,38.4414,4200,0,0,0,0,0,0.019453,0.010096,-1.185e-05,ok,0
BBMSDppInstant,165,1170,262,306540,0.0687305,1.12048e+07,38.4453,70.793,17280,0,0,0,0,1,0.048171,0.02056,-4.77e-07,ok,0
BBMSDppStepwise,165,1170,262,306540,0.0781385,1.12048e+07,38.4453,68.5,16685,0,0,0,0,0,0.058262,0.019888,-1.1495e-05,ok,0
DijkstraPrims,165,1170,262,306540,0.0179457,1.12048e+07,38.4453,38.4453,1440,0,0,0,0,0,0.017958,0,-1.2326e-05,ok,0
BBMSCore,165,1170,262,306540,0.0672035,1.12048e+07,38.4453,38.4453,1806,0,0,0,0,0,0.067217,0,-1.3505e-05,ok,1
BBMSInter,165,1170,262,306540,0.0298823,1.12048e+07,38.4453,38.4453,4200,0,0,0,0,1,0.029885,0,-2.671e-06,ok,1
BBMSDppInstant,165,1170,262,306540,0.0680617,1.12048e+07,38.4453,70.793,17280,0,0,0,0,0,0.04823,0.019843,-1.1272e-05,ok,1
BBMSDppStepwise,165,1170,262,306540,0.0781994,1.12048e+07,38.4453,68.5781,16685,0,0,0,0,0,0.048472,0.02974,-1.2577e-05,ok,1
DijkstraPrims,165,1170,262,306540,0.0178504,1.12048e+07,38.4453,38.4453,1440,0,0,0,0,0,0.017863,0,-1.2597e-05,ok,1
BBMSCore,165,1170,262,306540,0.0665547,1.12048e+07,38.4453,38.4453,1806,0,0,0,0,0,0.056702,0.009863,-1.0252e-05,ok,2
BBMSInter,165,1170,262,306540,0.0297866,1.12048e+07,38.4453,38.4453,4200,0,0,0,0,0,0.019797,0.010002,-1.2354e-05,ok,2
BBMSDppInstant,165,1170,262,306540,0.0686406,1.12048e+07,38.4453,70.7891,17280,0,0,0,0,0,0.048748,0.019905,-1.2392e-05,ok,2
BBMSDppStepwise,165,1170,262,306540,0.0785203,1.12048e+07,38.4453,68.5703,16685,0,0,0,0,0,0.049459,0.029075,-1.3667e-05,ok,2
DijkstraPrims,165,1170,262,306540,0.0178479,1.12048e+07,38.4453,38.4453,1440,0,0,0,0,0,0.007933,0.009925,-1.013e-05,ok,2
BBMSCore,166,1170,24,28080,0.00146189,1.05754e+07,38.4492,38.4492,173,0,0,0,0,0,0.001376,9.8e-05,-1.2111e-05,ok,0
BBMSInter,166,1170,24,28080,0.00132953,1.05754e+07,38.4492,38.4492,392,0,0,0,0,0,0.001245,9.6e-05,-1.147e-05,ok,0
BBMSDppInstant,166,1170,24,28080,0.00532687,1.05754e+07,38.4492,38.4492,1514,0,0,0,0,0,0.005337,0,-1.0127e-05,ok,0
BBMSDppStepwise,166,1170,24,28080,0.00562717,1.05754e+07,38.4492,38.4492,1470,0,0,0,0,0,0.005639,0,-1.1832e-05,ok,0
DijkstraPrims,166,1170,24,28080,0.00182273,1.05754e+07,38.4492,38.4492,144,0,0,0,0,0,0.001834,0,-1.1268e-05,ok,0
BBMSCore,166,1170,24,28080,0.00145935,1.05754e+07,38.4492,38.4492,173,0,0,0,0,0,0.001473,0,-1.3649e-05,ok,1
BBMSInter,166,1170,24,28080,0.00131455,1.05754e+07,38.4492,38.4492,392,0,0,0,0,0,0.001324,0,-9.454e-06,ok,1
BBMSDppInstant,166,1170,24,28080,0.00532503,1.05754e+07,38.4492,38.4492,1514,0,0,0,0,0,0.005336,0,-1.0965e-05,ok,1
BBMSDppStepwise,166,1170,24,28080,0.00554926,1.05754e+07,38.4492,38.4492,1470,0,0,0,0,0,0.005561,0,-1.1736e-05,ok,1
DijkstraPrims,166,1170,24,28080,0.00182457,1.05754e+07,38.4492,38.4492,144,0,0,0,0,0,0.001838,0,-1.3426e-05,ok,1
BBMSCore,166,1170,24,28080,0.00145816,1.05754e+07,38.4492,38.4492,173,0,0,0,0,0,0.00147,0,-1.1837e-05,ok,2
BBMSInter,166,1170,24,28080,0.00134791,1.05754e+07,38.4492,38.4492,392,0,0,0,0,0,0,0.001357,-9.094e-06,ok,2
BBMSDppInstant,166,1170,24,28080,0.00526542,1.05754e+07,38.4492,38.4492,1514,0,0,0,0,0,0.005277,0,-1.1584e-05,ok,2
BBMSDppStepwise,166,1170,24,28080,0.00548379,1.05754e+07,38.4492,38.4492,1470,0,0,0,0,0,0.005129,0.000367,-1.2208e-05,ok,2
DijkstraPrims,166,1170,24,28080,0.00178539,1.05754e+07,38.4492,38.4492,144,0,0,0,0,0,0.001796,0,-1.0611e-05,ok,2
BBMSCore,167,1170,432,505440,0.234168,4.11706e+06,38.4531,38.4531,2971,0,0,0,0,0,0.234183,0,-1.4534e-05,ok,0
BBMSInter,167,1170,432,505440,0.049239,4.11706e+06,38.4531,38.4531,6920,0,0,0,0,0,0.049252,0,-1.3009e-05,ok,0
BBMSDppInstant,167,1170,432,505440,0.105038,4.11706e+06,38.4531,110.652,27537,0,0,0,0,2,0.065589,0.039439,1.0023e-05,ok,0
BBMSDppStepwise,167,1170,432,505440,0.135281,4.11706e+06,38.457,106.488,26402,0,0,0,0,0,0.075926,0.059368,-1.3381e-05,ok,0
DijkstraPrims,167,1170,432,505440,0.0191448,4.11706e+06,38.4609,38.4609,1509,0,0,0,0,0,0.009168,0.009989,-1.2156e-05,ok,0
BBMSCore,167,1170,432,505440,0.233756,4.11706e+06,38.4609,38.4609,2971,0,0,0,0,2,0.233749,0,7.294e-06,ok,1
BBMSInter,167,1170,432,505440,0.0494403,4.11706e+06,38.4609,38.4609,6920,0,0,0,0,2,0.039353,0.010055,3.2299e-05,ok,1
BBMSDppInstant,167,1170,432,505440,0.105492,4.11706e+06,38.4609,110.645,27537,0,0,0,0,0,0.075856,0.02965,-1.3681e-05,ok,1
BBMSDppStepwise,167,1170,432,505440,0.136022,4.11706e+06,38.4609,106.488,26402,0,0,0,0,0,0.086404,0.049631,-1.3071e-05,ok,1
DijkstraPrims,167,1170,432,505440,0.0191679,4.11706e+06,38.4609,38.4609,1509,0,0,0,0,0,0.01917,0,-2.059e-06,ok,1
BBMSCore,167,1170,432,505440,0.234236,4.11706e+06,38.4609,38.4609,2971,0,0,0,0,1,0.234097,0,0.00013852,ok,2
BBMSInter,167,1170,432,505440,0.049199,4.11706e+06,38.4609,38.4609,6920,0,0,0,0,0,0.039655,0.009557,-1.2982e-05,ok,2
BBMSDppInstant,167,1170,432,505440,0.104787,4.11706e+06,38.4609,110.617,27537,0,0,0,0,0,0.063575,0.041226,-1.354e-05,ok,2
BBMSDppStepwise,167,1170,432,505440,0.134064,4.11706e+06,38.4609,106.48,26402,0,0,0,0,0,0.113648,0.020427,-1.1444e-05,ok,2
DijkstraPrims,167,1170,432,505440,0.0190577,4.11706e+06,38.4609,38.4609,1509,0,0,0,0,0,0.01847,0.0006,-1.2251e-05,ok,2
BBMSCore,168,1170,1045,1222650,1.63824,1.12941e+07,38.4648,38.4648,7184,0,0,0,0,3,1.62823,0.010004,5.669e-06,ok,0
BBMSInter,168,1170,1045,1222650,0.159108,1.12941e+07,38.4648,68.9922,16736,0,0,0,0,1,0.139127,0.019983,-2.237e-06,ok,0
BBMSDppInstant,168,1170,1045,1222650,0.283353,1.12941e+07,38.4648,266.164,67718,0,0,0,0,0,0.173832,0.109534,-1.3236e-05,ok,0
BBMSDppStepwise,168,1170,1045,1222650,0.348863,1.12941e+07,38.4648,251.922,63951,0,0,0,0,2,0.270055,0.078754,5.4221e-05,ok,0
DijkstraPrims,168,1170,1045,1222650,0.179389,1.12941e+07,38.4648,41.8867,11218,0,0,0,0,0,0.179402,0,-1.2881e-05,ok,0
BBMSCore,168,1170,1045,1222650,1.64034,1.12941e+07,38.4648,38.4648,7184,0,0,0,0,8,1.62981,0.010398,0.000129572,ok,1
BBMSInter,168,1170,1045,1222650,0.159487,1.12941e+07,38.4648,69,16736,0,0,0,0,0,0.139359,0.02014,-1.2222e-05,ok,1
BBMSDppInstant,168,1170,1045,1222650,0.28322,1.12941e+07,38.4648,266.152,67718,0,0,0,0,1,0.193892,0.089333,-4.568e-06,ok,1
BBMSDppStepwise,168,1170,1045,1222650,0.349946,1.12941e+07,38.4648,251.914,63951,0,0,0,0,2,0.251351,0.098585,1.0382e-05,ok,1
DijkstraPrims,168,1170,1045,1222650,0.184216,1.12941e+07,38.4648,41.6875,11218,0,0,0,0,2,0.154488,0.029716,1.2395e-05,ok,1
BBMSCore,168,1170,1045,1222650,1.64218,1.12941e+07,38.4648,38.4648,7184,0,0,0,0,5,1.64216,0,1.3742e-05,ok,2
BBMSInter,168,1170,1045,1222650,0.161702,1.12941e+07,38.4648,69.0117,16736,0,0,0,0,1,0.141417,0.02029,-4.83e-06,ok,2
BBMSDppInstant,168,1170,1045,1222650,0.281719,1.12941e+07,38.4648,266.133,67718,0,0,0,0,0,0.163309,0.118424,-1.4033e-05,ok,2
BBMSDppStepwise,168,1170,1045,1222650,0.348598,1.12941e+07,38.4648,251.891,63951,0,0,0,0,2,0.248253,0.100325,2.0291e-05,ok,2
DijkstraPrims,168,1170,1045,1222650,0.183715,1.12941e+07,38.4648,41.8672,11218,0,0,0,0,0,0.16331,0.02042,-1.4738e-05,ok,2
BBMSCore,169,1170,377,441090,0.328749,9.91777e+06,38.4688,38.4688,2594,0,0,0,0,1,0.328254,0.000495,1e-07,ok,0
BBMSInter,169,1170,377,441090,0.04313,9.91777e+06,38.4688,38.4688,6040,0,0,0,0,0,0.032769,0.010374,-1.299e-05,ok,0
BBMSDppInstant,169,1170,377,441090,0.0902263,9.91777e+06,38.4688,97.0625,24091,0,0,0,0,1,0.070566,0.019662,-1.694e-06,ok,0
BBMSDppStepwise,169,1170,377,441090,0.117614,9.91777e+06,38.4688,93.6367,23095,0,0,0,0,0,0.087532,0.030095,-1.2806e-05,ok,0
DijkstraPrims,169,1170,377,441090,0.00418272,9.91777e+06,38.4727,38.4727,336,0,0,0,0,0,0.004195,0,-1.2279e-05,ok,0
BBMSCore,169,1170,377,441090,0.328617,9.91777e+06,38.4727,38.4727,2594,0,0,0,0,1,0.318798,0.009821,-1.56e-06,ok,1
BBMSInter,169,1170,377,441090,0.0401242,9.91777e+06,38.4727,38.4727,6040,0,0,0,0,0,0.040136,0,-1.1761e-05,ok,1
BBMSDppInstant,169,1170,377,441090,0.0902743,9.91777e+06,38.4727,97.043,24091,0,0,0,0,0,0.049733,0.040554,-1.2687e-05,ok,1
BBMSDppStepwise,169,1170,377,441090,0.116642,9.91777e+06,38.4727,93.6367,23095,0,0,0,0,0,0.086824,0.02983,-1.1914e-05,ok,1
DijkstraPrims,169,1170,377,441090,0.00413586,9.91777e+06,38.4727,38.4727,336,0,0,0,0,0,0.00385,0.000296,-1.0143e-05,ok,1
BBMSCore,169,1170,377,441090,0.328174,9.91777e+06,38.4727,38.4727,2594,0,0,0,0,1,0.328176,0,-1.656e-06,ok,2
BBMSInter,169,1170,377,441090,0.0405098,9.91777e+06,38.4727,38.4727,6040,0,0,0,0,0,0.030286,0.010238,-1.4152e-05,ok,2
BBMSDppInstant,169,1170,377,441090,0.0903993,9.91777e+06,38.4727,97.0781,24091,0,0,0,0,1,0.051231,0.039171,-2.742e-06,ok,2
BBMSDppStepwise,169,1170,377,441090,0.116461,9.91777e+06,38.4727,93.625,23095,0,0,0,0,0,0.096508,0.019967,-1.4277e-05,ok,2
DijkstraPrims,169,1170,377,441090,0.00418184,9.91777e+06,38.4727,38.4727,336,0,0,0,0,0,0.004193,0,-1.116e-05,ok,2
BBMSCore,170,1170,2423,2834910,9.22921,1.702e+07,38.4766,68.7461,16650,0,0,0,0,37,9.20774,0.020005,0.00146794,ok,0
BBMSInter,170,1170,2423,2834910,1.39257,1.702e+07,38.4766,154.992,38798,0,0,0,0,4,1.33265,0.059894,2.6763e-05,ok,0
BBMSDppInstant,170,1170,2423,2834910,0.720641,1.702e+07,38.4766,618.305,158237,0,0,0,0,2,0.521706,0.198931,3.958e-06,ok,0
BBMSDppStepwise,170,1170,2423,2834910,0.902039,1.702e+07,38.4766,585.23,149713,0,0,0,0,3,0.702307,0.199714,1.834e-05,ok,0
DijkstraPrims,170,1170,2423,2834910,0.434565,1.702e+07,38.4766,82.9492,25829,0,0,0,0,2,0.414418,0.019958,0.000189136,ok,0
BBMSCore,170,1170,2423,2834910,8.96918,1.702e+07,38.4766,68.7422,16650,0,0,0,0,42,8.94869,0.019985,0.000500829,ok,1
BBMSInter,170,1170,2423,2834910,1.3976,1.702e+07,38.4766,155.242,38798,0,0,0,0,3,1.34751,0.050067,1.5133e-05,ok,1
BBMSDppInstant,170,1170,2423,2834910,0.715702,1.702e+07,38.4766,618.289,158237,0,0,0,0,3,0.475337,0.240322,4.2686e-05,ok,1
BBMSDppStepwise,170,1170,2423,2834910,0.898857,1.702e+07,38.4766,585.242,149713,0,0,0,0,2,0.739787,0.159068,2.423e-06,ok,1
DijkstraPrims,170,1170,2423,2834910,0.429293,1.702e+07,38.4805,82.9688,25829,0,0,0,0,3,0.379793,0.049487,1.2782e-05,ok,1
BBMSCore,170,1170,2423,2834910,9.06076,1.702e+07,38.4805,68.75,16650,0,0,0,0,38,9.0402,0.019988,0.000574462,ok,2
BBMSInter,170,1170,2423,2834910,1.39426,1.702e+07,38.4805,155.246,38798,0,0,0,0,4,1.32427,0.069967,1.6652e-05,ok,2
BBMSDppInstant,170,1170,2423,2834910,0.713206,1.702e+07,38.4805,618.406,158237,0,0,0,0,6,0.523611,0.189537,5.8196e-05,ok,2
BBMSDppStepwise,170,1170,2423,2834910,0.902814,1.702e+07,38.4805,585.242,149713,0,0,0,0,1,0.721818,0.181005,-9.424e-06,ok,2
DijkstraPrims,170,1170,2423,2834910,0.423676,1.702e+07,38.4805,82.9531,25829,0,0,0,0,1,0.393765,0.029918,-6.559e-06,ok,2
BBMSCore,171,1170,40,46800,0.121682,1.33655e+07,38.4844,38.4844,283,0,0,0,0,0,0.121698,0,-1.5588e-05,ok,0
BBMSInter,171,1170,40,46800,0.0185194,1.33655e+07,38.4844,38.4844,648,0,0,0,0,0,0.01853,0,-1.0638e-05,ok,0
BBMSDppInstant,171,1170,40,46800,0.00886019,1.33655e+07,38.4844,38.4844,2481,0,0,0,0,0,0,0.00887,-9.808e-06,ok,0
BBMSDppStepwise,171,1170,40,46800,0.00955322,1.33655e+07,38.4844,38.4844,2427,0,0,0,0,0,0.009566,0,-1.2784e-05,ok,0
DijkstraPrims,171,1170,40,46800,0.000691526,1.33655e+07,38.4844,38.4844,63,0,0,0,0,0,0.000703,0,-1.1474e-05,ok,0
BBMSCore,171,1170,40,46800,0.121618,1.33655e+07,38.4844,38.4844,283,0,0,0,0,0,0.121631,0,-1.3124e-05,ok,1
BBMSInter,171,1170,40,46800,0.0184955,1.33655e+07,38.4844,38.4844,648,0,0,0,0,0,0.018506,0,-1.0483e-05,ok,1
BBMSDppInstant,171,1170,40,46800,0.00894483,1.33655e+07,38.4883,38.4883,2481,0,0,0,0,0,0.008957,0,-1.2168e-05,ok,1
BBMSDppStepwise,171,1170,40,46800,0.00947949,1.33655e+07,38.4883,38.4883,2427,0,0,0,0,0,0.009494,0,-1.4508e-05,ok,1
DijkstraPrims,171,1170,40,46800,0.000701079,1.33655e+07,38.4883,38.4883,63,0,0,0,0,0,0.000711,0,-9.921e-06,ok,1
BBMSCore,171,1170,40,46800,0.122095,1.33655e+07,38.4883,38.4883,283,0,0,0,0,1,0.121959,0,0.00013576,ok,2
BBMSInter,171,1170,40,46800,0.0184984,1.33655e+07,38.4883,38.4883,648,0,0,0,0,0,0.01851,0,-1.1641e-05,ok,2
BBMSDppInstant,171,1170,40,46800,0.00868356,1.33655e+07,38.4883,38.4883,2481,0,0,0,0,0,0.008696,0,-1.2443e-05,ok,2
BBMSDppStepwise,171,1170,40,46800,0.00929505,1.33655e+07,38.4883,38.4883,2427,0,0,0,0,0,0.009309,0,-1.3946e-05,ok,2
DijkstraPrims,171,1170,40,46800,0.000700832,1.33655e+07,38.4883,38.4883,63,0,0,0,0,0,0.000667,4.8e-05,-1.4168e-05,ok,2
BBMSCore,172,1170,149,174330,0.388952,8.86165e+06,38.4922,38.4922,1030,0,0,0,0,3,0.388941,0,1.1208e-05,ok,0
BBMSInter,172,1170,149,174330,0.0224536,8.86165e+06,38.4922,38.4922,2392,0,0,0,0,0,0.022106,0.00036,-1.2401e-05,ok,0
BBMSDppInstant,172,1170,149,174330,0.0353401,8.86165e+06,38.4922,40.2383,9410,0,0,0,0,0,0.02494,0.010412,-1.1865e-05,ok,0
BBMSDppStepwise,172,1170,149,174330,0.0389905,8.86165e+06,38.4922,39.25,9142,0,0,0,0,0,0.028745,0.010259,-1.3527e-05,ok,0
DijkstraPrims,172,1170,149,174330,0.00247793,8.86165e+06,38.4922,38.4922,176,0,0,0,0,0,0.00249,0,-1.2071e-05,ok,0
BBMSCore,172,1170,149,174330,0.389328,8.86165e+06,38.4922,38.4922,1030,0,0,0,0,1,0.389334,0,-6.158e-06,ok,1
BBMSInter,172,1170,149,174330,0.0224952,8.86165e+06,38.4922,38.4922,2392,0,0,0,0,0,0.012606,0.009901,-1.1837e-05,ok,1
BBMSDppInstant,172,1170,149,174330,0.0346977,8.86165e+06,38.4922,40.2422,9410,0,0,0,0,1,0.014623,0.020066,8.73e-06,ok,1
BBMSDppStepwise,172,1170,149,174330,0.0378113,8.86165e+06,38.4922,39.25,9142,0,0,0,0,0,0.027601,0.010221,-1.0724e-05,ok,1
DijkstraPrims,172,1170,149,174330,0.00249656,8.86165e+06,38.4922,38.4922,176,0,0,0,0,0,0.002508,0,-1.1439e-05,ok,1
BBMSCore,172,1170,149,174330,0.38964,8.86165e+06,38.4922,38.4922,1030,0,0,0,0,2,0.389626,0,1.3626e-05,ok,2
BBMSInter,172,1170,149,174330,0.0225601,8.86165e+06,38.4922,38.4922,2392,0,0,0,0,0,0.022572,0,-1.1882e-05,ok,2
BBMSDppInstant,172,1170,149,174330,0.034722,8.86165e+06,38.4922,40.25,9410,0,0,0,0,0,0.014693,0.020042,-1.296e-05,ok,2
BBMSDppStepwise,172,1170,149,174330,0.0383454,8.86165e+06,38.4922,39.2227,9142,0,0,0,0,0,0.028671,0.009689,-1.4558e-05,ok,2
DijkstraPrims,172,1170,149,174330,0.00249007,8.86165e+06,38.4922,38.4922,176,0,0,0,0,0,0.002502,0,-1.1931e-05,ok,2
BBMSCore,173,1170,1009,1180530,0.96098,7.72873e+06,38.4961,38.4961,6937,0,0,0,0,2,0.950985,0.009998,-3.198e-06,ok,0
BBMSInter,173,1170,1009,1180530,0.190268,7.72873e+06,38.4961,66.7422,16160,0,0,0,0,1,0.160538,0.029734,-3.541e-06,ok,0
BBMSDppInstant,173,1170,1009,1180530,0.253981,7.72873e+06,38.4961,253.199,64280,0,0,0,0,1,0.143694,0.110224,6.2733e-05,ok,0
BBMSDppStepwise,173,1170,1009,1180530,0.310702,7.72873e+06,38.4961,243.898,61916,0,0,0,0,0,0.221293,0.089424,-1.4546e-05,ok,0
DijkstraPrims,173,1170,1009,1180530,0.0432123,7.72873e+06,38.4961,38.4961,3303,0,0,0,0,1,0.043214,0,-1.692e-06,ok,0
BBMSCore,173,1170,1009,1180530,0.96107,7.72873e+06,38.4961,38.4961,6937,0,0,0,0,3,0.941,0.01996,0.000109616,ok,1
BBMSInter,173,1170,1009,1180530,0.187118,7.72873e+06,38.4961,66.7188,16160,0,0,0,0,1,0.166866,0.020255,-2.597e-06,ok,1
BBMSDppInstant,173,1170,1009,1180530,0.25226,7.72873e+06,38.5,253.211,64280,0,0,0,0,0,0.162546,0.089714,-2.4e-08,ok,1
BBMSDppStepwise,173,1170,1009,1180530,0.311514,7.72873e+06,38.5,243.82,61916,0,0,0,0,1,0.261344,0.050168,1.737e-06,ok,1
DijkstraPrims,173,1170,1009,1180530,0.0432777,7.72873e+06,38.5,38.5,3303,0,0,0,0,0,0.033298,0.009993,-1.3321e-05,ok,1
BBMSCore,173,1170,1009,1180530,0.960457,7.72873e+06,38.5,38.5,6937,0,0,0,0,9,0.950425,0.009973,5.8534e-05,ok,2
BBMSInter,173,1170,1009,1180530,0.189759,7.72873e+06,38.5,66.7461,16160,0,0,0,0,0,0.159955,0.02982,-1.5678e-05,ok,2
BBMSDppInstant,173,1170,1009,1180530,0.252943,7.72873e+06,38.5,253.195,64280,0,0,0,0,0,0.152805,0.100153,-1.4698e-05,ok,2
BBMSDppStepwise,173,1170,1009,1180530,0.312962,7.72873e+06,38.5,243.895,61916,0,0,0,0,2,0.232994,0.079962,5.709e-06,ok,2
DijkstraPrims,173,1170,1009,1180530,0.0442954,7.72873e+06,38.5039,38.5039,3303,0,0,0,0,0,0.034269,0.010037,-1.0565e-05,ok,2
BBMSCore,174,1170,631,738270,0.803299,7.3196e+06,38.5039,38.5039,4336,0,0,0,0,2,0.783267,0.020008,2.4258e-05,ok,0
BBMSInter,174,1170,631,738270,0.111745,7.3196e+06,38.5078,43.0977,10104,0,0,0,0,0,0.091812,0.019945,-1.2377e-05,ok,0
BBMSDppInstant,174,1170,631,738270,0.163752,7.3196e+06,38.5078,165.371,41629,0,0,0,0,1,0.143664,0.020087,1.163e-06,ok,0
BBMSDppStepwise,174,1170,631,738270,0.213176,7.3196e+06,38.5078,154.781,38939,0,0,0,0,1,0.183113,0.030067,-3.662e-06,ok,0
DijkstraPrims,174,1170,631,738270,0.143432,7.3196e+06,38.5078,41.8906,11277,0,0,0,0,0,0.113355,0.030077,-2.49e-07,ok,0
BBMSCore,174,1170,631,738270,0.804296,7.3196e+06,38.5078,38.5078,4336,0,0,0,0,1,0.804249,0,4.6586e-05,ok,1
BBMSInter,174,1170,631,738270,0.112413,7.3196e+06,38.5078,43.1172,10104,0,0,0,0,1,0.102429,0.009989,-4.964e-06,ok,1
BBMSDppInstant,174,1170,631,738270,0.164365,7.3196e+06,38.5078,165.371,41629,0,0,0,0,2,0.144939,0.019403,2.2877e-05,ok,1
BBMSDppStepwise,174,1170,631,738270,0.214683,7.3196e+06,38.5078,154.883,38939,0,0,0,0,2,0.154251,0.06042,1.1868e-05,ok,1
DijkstraPrims,174,1170,631,738270,0.143709,7.3196e+06,38.5078,41.8711,11277,0,0,0,0,0,0.11353,0.030191,-1.1761e-05,ok,1
BBMSCore,174,1170,631,738270,0.803099,7.3196e+06,38.5078,38.5078,4336,0,0,0,0,3,0.803092,0,7.43e-06,ok,2
BBMSInter,174,1170,631,738270,0.113455,7.3196e+06,38.5078,42.8672,10104,0,0,0,0,0,0.113468,0,-1.3467e-05,ok,2
BBMSDppInstant,174,1170,631,738270,0.163322,7.3196e+06,38.5078,165.363,41629,0,0,0,0,0,0.105159,0.058178,-1.4978e-05,ok,2
BBMSDppStepwise,174,1170,631,738270,0.214394,7.3196e+06,38.5078,154.973,38939,0,0,0,0,0,0.16418,0.05023,-1.5838e-05,ok,2
DijkstraPrims,174,1170,631,738270,0.14415,7.3196e+06,38.5078,41.8906,11277,0,0,0,0,1,0.114905,0.029236,8.738e-06,ok,2
BBMSCore,175,1170,542,634140,0.75459,4.66834e+06,38.5117,38.5117,3726,0,0,0,0,3,0.754462,9.9e-05,2.9012e-05,ok,0
BBMSInter,175,1170,542,634140,0.0731915,4.66834e+06,38.5117,38.5117,8680,0,0,0,0,0,0.04408,0.029125,-1.3549e-05,ok,0
BBMSDppInstant,175,1170,542,634140,0.129866,4.66834e+06,38.5117,136.574,34348,0,0,0,0,1,0.080199,0.049647,1.9964e-05,ok,0
BBMSDppStepwise,175,1170,542,634140,0.172711,4.66834e+06,38.5117,132.242,33116,0,0,0,0,1,0.132595,0.040118,-1.617e-06,ok,0
DijkstraPrims,175,1170,542,634140,0.0366985,4.66834e+06,38.5117,38.5117,2779,0,0,0,0,0,0.03671,0,-1.1486e-05,ok,0
BBMSCore,175,1170,542,634140,0.731275,4.66834e+06,38.5117,38.5117,3726,0,0,0,0,3,0.721275,0.009991,8.737e-06,ok,1
BBMSInter,175,1170,542,634140,0.0725257,4.66834e+06,38.5117,38.5117,8680,0,0,0,0,0,0.062499,0.010039,-1.232e-05,ok,1
BBMSDppInstant,175,1170,542,634140,0.13004,4.66834e+06,38.5117,136.695,34348,0,0,0,0,0,0.09915,0.030904,-1.3773e-05,ok,1
BBMSDppStepwise,175,1170,542,634140,0.172966,4.66834e+06,38.5117,132.219,33116,0,0,0,0,1,0.122771,0.050189,6.488e-06,ok,1
DijkstraPrims,175,1170,542,634140,0.0372604,4.66834e+06,38.5156,38.5156,2779,0,0,0,0,0,0.037274,0,-1.3577e-05,ok,1
BBMSCore,175,1170,542,634140,0.760738,4.66834e+06,38.5156,38.5156,3726,0,0,0,0,2,0.750756,0.009985,-3.468e-06,ok,2
BBMSInter,175,1170,542,634140,0.0728745,4.66834e+06,38.5156,38.5156,8680,0,0,0,0,0,0.062822,0.010066,-1.3518e-05,ok,2
BBMSDppInstant,175,1170,542,634140,0.129881,4.66834e+06,38.5156,136.711,34348,0,0,0,0,2,0.080115,0.049757,8.731e-06,ok,2
BBMSDppStepwise,175,1170,542,634140,0.17144,4.66834e+06,38.5156,132.242,33116,0,0,0,0,0,0.121515,0.049939,-1.356e-05,ok,2
DijkstraPrims,175,1170,542,634140,0.0365644,4.66834e+06,38.5156,38.5156,2779,0,0,0,0,0,0.036576,0,-1.1632e-05,ok,2
BBMSCore,176,1170,215,251550,0.482831,1.08848e+07,38.5195,38.5195,1482,0,0,0,0,1,0.482726,0.00011,-5.14e-06,ok,0
BBMSInter,176,1170,215,251550,0.108471,1.08848e+07,38.5195,38.5195,3448,0,0,0,0,1,0.108474,0,-3.038e-06,ok,0
BBMSDppInstant,176,1170,215,251550,0.0539629,1.08848e+07,38.5195,57.375,13798,0,0,0,0,0,0.023487,0.030487,-1.1112e-05,ok,0
BBMSDppStepwise,176,1170,215,251550,0.0656065,1.08848e+07,38.5195,55.3633,13260,0,0,0,0,0,0.046101,0.019518,-1.2484e-05,ok,0
DijkstraPrims,176,1170,215,251550,0.00263922,1.08848e+07,38.5195,38.5195,195,0,0,0,0,0,0.00265,0,-1.0781e-05,ok,0
BBMSCore,176,1170,215,251550,0.483286,1.08848e+07,38.5195,38.5195,1482,0,0,0,0,2,0.483231,0,5.5023e-05,ok,1
BBMSInter,176,1170,215,251550,0.109683,1.08848e+07,38.5195,38.5195,3448,0,0,0,0,0,0.099739,0.009957,-1.2834e-05,ok,1
BBMSDppInstant,176,1170,215,251550,0.0531249,1.08848e+07,38.5195,57.3672,13798,0,0,0,0,0,0.014681,0.038456,-1.2081e-05,ok,1
BBMSDppStepwise,176,1170,215,251550,0.0652492,1.08848e+07,38.5195,55.3711,13260,0,0,0,0,0,0.055068,0.010193,-1.1838e-05,ok,1
DijkstraPrims,176,1170,215,251550,0.00260796,1.08848e+07,38.5195,38.5195,195,0,0,0,0,0,0.002619,0,-1.1036e-05,ok,1
BBMSCore,176,1170,215,251550,0.48328,1.08848e+07,38.5195,38.5195,1482,0,0,0,0,2,0.473807,0.009467,6.374e-06,ok,2
BBMSInter,176,1170,215,251550,0.110149,1.08848e+07,38.5195,38.5195,3448,0,0,0,0,0,0.110162,0,-1.3111e-05,ok,2
BBMSDppInstant,176,1170,215,251550,0.0531558,1.08848e+07,38.5195,57.3867,13798,0,0,0,0,2,0.043058,0.010091,6.78e-06,ok,2
BBMSDppStepwise,176,1170,215,251550,0.0654559,1.08848e+07,38.5195,55.3594,13260,0,0,0,0,0,0.055914,0.009554,-1.2122e-05,ok,2
DijkstraPrims,176,1170,215,251550,0.00263671,1.08848e+07,38.5195,38.5195,195,0,0,0,0,0,0.002647,0,-1.0287e-05,ok,2
BBMSCore,177,1170,1445,1690650,1.71327,8.78015e+06,38.5234,42.4922,9938,0,0,0,0,6,1.69333,0.019887,5.8032e-05,ok,0
BBMSInter,177,1170,1445,1690650,0.497642,8.78015e+06,38.5234,94.1211,23146,0,0,0,0,2,0.467266,0.030345,3.0982e-05,ok,0
BBMSDppInstant,177,1170,1445,1690650,0.414839,8.78015e+06,38.5234,372.879,95008,0,0,0,0,2,0.263492,0.151331,1.5929e-05,ok,0
BBMSDppStepwise,177,1170,1445,1690650,0.531727,8.78015e+06,38.5234,351.066,89342,0,0,0,0,1,0.431513,0.10021,3.859e-06,ok,0
DijkstraPrims,177,1170,1445,1690650,0.378753,8.78015e+06,38.5273,81.2734,24514,0,0,0,0,1,0.368781,0.009975,-3.09e-06,ok,0
BBMSCore,177,1170,1445,1690650,1.73969,8.78015e+06,38.5273,42.3555,9938,0,0,0,0,7,1.7196,0.019993,9.7563e-05,ok,1
BBMSInter,177,1170,1445,1690650,0.492018,8.78015e+06,38.5273,94.1211,23146,0,0,0,0,1,0.461903,0.03012,-4.552e-06,ok,1
BBMSDppInstant,177,1170,1445,1690650,0.407107,8.78015e+06,38.5273,372.941,95008,0,0,0,0,2,0.277902,0.129172,3.2681e-05,ok,1
BBMSDppStepwise,177,1170,1445,1690650,0.530106,8.78015e+06,38.5273,351.031,89342,0,0,0,0,2,0.438792,0.091295,1.9302e-05,ok,1
DijkstraPrims,177,1170,1445,1690650,0.377046,8.78015e+06,38.5273,81.2812,24514,0,0,0,0,0,0.347218,0.029844,-1.6147e-05,ok,1
BBMSCore,177,1170,1445,1690650,1.74078,8.78015e+06,38.5312,42.2305,9938,0,0,0,0,10,1.73045,0.010001,0.000328939,ok,2
BBMSInter,177,1170,1445,1690650,0.496288,8.78015e+06,38.5312,94.0039,23146,0,0,0,0,1,0.466511,0.029771,6.433e-06,ok,2
BBMSDppInstant,177,1170,1445,1690650,0.410293,8.78015e+06,38.5312,372.984,95008,0,0,0,0,1,0.260205,0.150089,-1.276e-06,ok,2
BBMSDppStepwise,177,1170,1445,1690650,0.530953,8.78015e+06,38.5312,351.066,89342,0,0,0,0,1,0.40077,0.130193,-1.0295e-05,ok,2
DijkstraPrims,177,1170,1445,1690650,0.394136,8.78015e+06,38.5312,81.2773,24514,0,0,0,0,0,0.374371,0.019782,-1.7003e-05,ok,2
BBMSCore,178,1170,1098,1284660,3.43568,7.43618e+06,38.5312,38.5312,7548,0,0,0,0,15,3.43502,0,0.000664499,ok,0
BBMSInter,178,1170,1098,1284660,0.369483,7.43618e+06,38.5352,72.1094,17584,0,0,0,0,1,0.33946,0.030018,5.042e-06,ok,0
BBMSDppInstant,178,1170,1098,1284660,0.300463,7.43618e+06,38.5352,279.391,71057,0,0,0,0,2,0.182265,0.11819,7.953e-06,ok,0
BBMSDppStepwise,178,1170,1098,1284660,0.372413,7.43618e+06,38.5352,266.742,67757,0,0,0,0,0,0.273687,0.098743,-1.6646e-05,ok,0
DijkstraPrims,178,1170,1098,1284660,0.115545,7.43618e+06,38.5352,38.5352,7431,0,0,0,0,0,0.105699,0.009858,-1.2289e-05,ok,0
BBMSCore,178,1170,1098,1284660,3.44683,7.43618e+06,38.5352,38.5352,7548,0,0,0,0,17,3.43645,0.009991,0.000392543,ok,1
BBMSInter,178,1170,1098,1284660,0.369805,7.43618e+06,38.5352,72.3672,17584,0,0,0,0,0,0.35977,0.01005,-1.5138e-05,ok,1
BBMSDppInstant,178,1170,1098,1284660,0.305646,7.43618e+06,38.5352,279.43,71057,0,0,0,0,2,0.206409,0.099201,3.5664e-05,ok,1
BBMSDppStepwise,178,1170,1098,1284660,0.371939,7.43618e+06,38.5352,266.746,67757,0,0,0,0,1,0.283162,0.088765,1.2143e-05,ok,1
DijkstraPrims,178,1170,1098,1284660,0.116849,7.43618e+06,38.5352,38.5352,7431,0,0,0,0,1,0.116663,0,0.000185562,ok,1
BBMSCore,178,1170,1098,1284660,3.44149,7.43618e+06,38.5352,38.5352,7548,0,0,0,0,8,3.42109,0.019955,0.000448229,ok,2
BBMSInter,178,1170,1098,1284660,0.369906,7.43618e+06,38.5352,72.1172,17584,0,0,0,0,1,0.349878,0.020026,1.653e-06,ok,2
BBMSDppInstant,178,1170,1098,1284660,0.307051,7.43618e+06,38.5352,279.434,71057,0,0,0,0,0,0.18772,0.119345,-1.4046e-05,ok,2
BBMSDppStepwise,178,1170,1098,1284660,0.367253,7.43618e+06,38.5352,266.59,67757,0,0,0,0,4,0.267437,0.099616,0.000200252,ok,2
DijkstraPrims,178,1170,1098,1284660,0.114815,7.43618e+06,38.5352,38.5352,7431,0,0,0,0,0,0.094416,0.020413,-1.3531e-05,ok,2
BBMSCore,179,1170,402,470340,0.298465,7.57956e+06,38.5391,38.5391,2765,0,0,0,0,1,0.298275,0,0.000190057,ok,0
BBMSInter,179,1170,402,470340,0.0434555,7.57956e+06,38.5391,38.5391,6440,0,0,0,0,0,0.024011,0.019457,-1.2528e-05,ok,0
BBMSDppInstant,179,1170,402,470340,0.0973282,7.57956e+06,38.5391,104.312,25953,0,0,0,0,1,0.047586,0.04974,2.184e-06,ok,0
BBMSDppStepwise,179,1170,402,470340,0.117114,7.57956e+06,38.5391,99.8555,24720,0,0,0,0,0,0.097249,0.019877,-1.1701e-05,ok,0
DijkstraPrims,179,1170,402,470340,0.0752752,7.57956e+06,38.5391,38.5391,5734,0,0,0,0,0,0.064775,0.010514,-1.3836e-05,ok,0
BBMSCore,179,1170,402,470340,0.297939,7.57956e+06,38.5391,38.5391,2765,0,0,0,0,0,0.287972,0.009981,-1.3639e-05,ok,1
BBMSInter,179,1170,402,470340,0.0433819,7.57956e+06,38.5391,38.5391,6440,0,0,0,0,0,0.033661,0.009733,-1.2137e-05,ok,1
BBMSDppInstant,179,1170,402,470340,0.0983715,7.57956e+06,38.5391,104.309,25953,0,0,0,0,1,0.068421,0.02995,4.59e-07,ok,1
BBMSDppStepwise,179,1170,402,470340,0.118172,7.57956e+06,38.5391,99.8516,24720,0,0,0,0,0,0.088328,0.029856,-1.2367e-05,ok,1
DijkstraPrims,179,1170,402,470340,0.0751532,7.57956e+06,38.5391,38.5391,5734,0,0,0,0,0,0.055471,0.019694,-1.1791e-05,ok,1
BBMSCore,179,1170,402,470340,0.299135,7.57956e+06,38.5391,38.5391,2765,0,0,0,0,3,0.298964,0,0.000170717,ok,2
BBMSInter,179,1170,402,470340,0.0433797,7.57956e+06,38.5391,38.5391,6440,0,0,0,0,0,0.043237,0.000156,-1.3344e-05,ok,2
BBMSDppInstant,179,1170,402,470340,0.0989378,7.57956e+06,38.543,104.32,25953,0,0,0,0,0,0.060273,0.038676,-1.1229e-05,ok,2
BBMSDppStepwise,179,1170,402,470340,0.118033,7.57956e+06,38.543,99.6641,24720,0,0,0,0,1,0.098086,0.019948,-1.266e-06,ok,2
DijkstraPrims,179,1170,402,470340,0.0770428,7.57956e+06,38.543,38.543,5734,0,0,0,0,1,0.076832,0,0.000210793,ok,2
BBMSCore,180,1172,262,307064,0.0659723,1.15738e+07,38.543,38.543,1809,0,0,0,0,0,0.065619,0.000365,-1.1699e-05,ok,0
BBMSInter,180,1172,262,307064,0.0297474,1.15738e+07,38.5469,38.5469,4208,0,0,0,0,0,0.029758,0,-1.0572e-05,ok,0
BBMSDppInstant,180,1172,262,307064,0.0666451,1.15738e+07,38.5469,70.7422,17286,0,0,0,0,1,0.026909,0.039736,1.39e-07,ok,0
BBMSDppStepwise,180,1172,262,307064,0.076412,1.15738e+07,38.5469,68.6914,16728,0,0,0,0,0,0.066497,0.009927,-1.1992e-05,ok,0
DijkstraPrims,180,1172,262,307064,0.0206599,1.15738e+07,38.5469,38.5469,1635,0,0,0,0,0,0.010503,0.010169,-1.2125e-05,ok,0
BBMSCore,180,1172,262,307064,0.0659818,1.15738e+07,38.5469,38.5469,1809,0,0,0,0,0,0.065992,0,-1.0202e-05,ok,1
BBMSInter,180,1172,262,307064,0.0299216,1.15738e+07,38.5469,38.5469,4208,0,0,0,0,0,0.029933,0,-1.1371e-05,ok,1
BBMSDppInstant,180,1172,262,307064,0.067697,1.15738e+07,38.5469,70.8164,17286,0,0,0,0,0,0.047905,0.019805,-1.2957e-05,ok,1
BBMSDppStepwise,180,1172,262,307064,0.0758394,1.15738e+07,38.5469,68.6992,16728,0,0,0,0,0,0.046125,0.029727,-1.256e-05,ok,1
DijkstraPrims,180,1172,262,307064,0.020839,1.15738e+07,38.5508,38.5508,1635,0,0,0,0,0,0.000526,0.020325,-1.2011e-05,ok,1
BBMSCore,180,1172,262,307064,0.0658606,1.15738e+07,38.5508,38.5508,1809,0,0,0,0,0,0.065871,0,-1.0371e-05,ok,2
BBMSInter,180,1172,262,307064,0.0297553,1.15738e+07,38.5508,38.5508,4208,0,0,0,0,0,0.029697,7e-05,-1.1662e-05,ok,2
BBMSDppInstant,180,1172,262,307064,0.0664038,1.15738e+07,38.5508,70.8203,17286,0,0,0,0,0,0.026706,0.03971,-1.2184e-05,ok,2
BBMSDppStepwise,180,1172,262,307064,0.0752941,1.15738e+07,38.5508,68.6992,16728,0,0,0,0,0,0.055571,0.019737,-1.3862e-05,ok,2
DijkstraPrims,180,1172,262,307064,0.0207883,1.15738e+07,38.5508,38.5508,1635,0,0,0,0,0,0.0208,0,-1.172e-05,ok,2
BBMSCore,181,1172,24,28128,0.00135225,1.06736e+07,38.5547,38.5547,173,0,0,0,0,0,0.001365,0,-1.2753e-05,ok,0
BBMSInter,181,1172,24,28128,0.00134759,1.06736e+07,38.5547,38.5547,393,0,0,0,0,0,0.001361,0,-1.3411e-05,ok,0
BBMSDppInstant,181,1172,24,28128,0.00503127,1.06736e+07,38.5547,38.5547,1516,0,0,0,0,0,0.005042,0,-1.0728e-05,ok,0
BBMSDppStepwise,181,1172,24,28128,0.00539976,1.06736e+07,38.5547,38.5547,1474,0,0,0,0,0,0.005413,0,-1.3241e-05,ok,0
DijkstraPrims,181,1172,24,28128,0.00144,1.06736e+07,38.5547,38.5547,96,0,0,0,0,0,0.001361,9.1e-05,-1.1997e-05,ok,0
BBMSCore,181,1172,24,28128,0.00132019,1.06736e+07,38.5547,38.5547,173,0,0,0,0,0,0.00133,0,-9.808e-06,ok,1
BBMSInter,181,1172,24,28128,0.00126884,1.06736e+07,38.5547,38.5547,393,0,0,0,0,0,0.001198,8e-05,-9.157e-06,ok,1
BBMSDppInstant,181,1172,24,28128,0.00510924,1.06736e+07,38.5547,38.5547,1516,0,0,0,0,0,0.00512,0,-1.0764e-05,ok,1
BBMSDppStepwise,181,1172,24,28128,0.00545585,1.06736e+07,38.5547,38.5547,1474,0,0,0,0,0,0.005467,0,-1.1147e-05,ok,1
DijkstraPrims,181,1172,24,28128,0.00145053,1.06736e+07,38.5547,38.5547,96,0,0,0,0,0,0.001464,0,-1.3473e-05,ok,1
BBMSCore,181,1172,24,28128,0.00136306,1.06736e+07,38.5547,38.5547,173,0,0,0,0,0,0.001376,0,-1.2935e-05,ok,2
BBMSInter,181,1172,24,28128,0.00133664,1.06736e+07,38.5547,38.5547,393,0,0,0,0,0,0.001349,0,-1.2357e-05,ok,2
BBMSDppInstant,181,1172,24,28128,0.00516683,1.06736e+07,38.5547,38.5547,1516,0,0,0,0,0,0,0.005178,-1.1167e-05,ok,2
BBMSDppStepwise,181,1172,24,28128,0.00515729,1.06736e+07,38.5547,38.5547,1474,0,0,0,0,0,0,0.005168,-1.0712e-05,ok,2
DijkstraPrims,181,1172,24,28128,0.0014467,1.06736e+07,38.5586,38.5586,96,0,0,0,0,0,0.001457,0,-1.0301e-05,ok,2
BBMSCore,182,1172,432,506304,0.16948,4.18252e+06,38.5586,38.5586,2976,0,0,0,0,1,0.159707,0.009768,5.145e-06,ok,0
BBMSInter,182,1172,432,506304,0.0463453,4.18252e+06,38.5625,38.5625,6932,0,0,0,0,0,0.036383,0.009973,-1.0681e-05,ok,0
BBMSDppInstant,182,1172,432,506304,0.103496,4.18252e+06,38.5625,111.238,27637,0,0,0,0,0,0.052233,0.051275,-1.206e-05,ok,0
BBMSDppStepwise,182,1172,432,506304,0.127456,4.18252e+06,38.5625,106.723,26475,0,0,0,0,0,0.087421,0.040049,-1.415e-05,ok,0
DijkstraPrims,182,1172,432,506304,0.0184547,4.18252e+06,38.5625,38.5625,1472,0,0,0,0,0,0.018465,0,-1.0278e-05,ok,0
BBMSCore,182,1172,432,506304,0.168668,4.18252e+06,38.5625,38.5625,2976,0,0,0,0,0,0.168505,0.000175,-1.2394e-05,ok,1
BBMSInter,182,1172,432,506304,0.046404,4.18252e+06,38.5625,38.5625,6932,0,0,0,0,0,0.046416,0,-1.203e-05,ok,1
BBMSDppInstant,182,1172,432,506304,0.103298,4.18252e+06,38.5625,111.242,27637,0,0,0,0,0,0.051922,0.051389,-1.3287e-05,ok,1
BBMSDppStepwise,182,1172,432,506304,0.12782,4.18252e+06,38.5625,106.734,26475,0,0,0,0,2,0.097679,0.030133,8.227e-06,ok,1
DijkstraPrims,182,1172,432,506304,0.0184313,4.18252e+06,38.5625,38.5625,1472,0,0,0,0,0,0.018444,0,-1.2746e-05,ok,1
BBMSCore,182,1172,432,506304,0.168923,4.18252e+06,38.5625,38.5625,2976,0,0,0,0,1,0.168923,0,-2.4e-08,ok,2
BBMSInter,182,1172,432,506304,0.0462967,4.18252e+06,38.5625,38.5625,6932,0,0,0,0,0,0.036349,0.009959,-1.1289e-05,ok,2
BBMSDppInstant,182,1172,432,506304,0.103111,4.18252e+06,38.5625,111.219,27637,0,0,0,0,0,0.043927,0.059196,-1.1939e-05,ok,2
BBMSDppStepwise,182,1172,432,506304,0.127568,4.18252e+06,38.5625,106.613,26475,0,0,0,0,1,0.087581,0.03999,-3.307e-06,ok,2
DijkstraPrims,182,1172,432,506304,0.018274,4.18252e+06,38.5625,38.5625,1472,0,0,0,0,0,0.018285,0,-1.1024e-05,ok,2
BBMSCore,183,1172,1045,1224740,3.38261,1.11913e+07,38.5664,38.5664,7196,0,0,0,0,14,3.37209,0.009989,0.000531825,ok,0
BBMSInter,183,1172,1045,1224740,0.217722,1.11913e+07,38.5664,69.1172,16764,0,0,0,0,0,0.207693,0.010043,-1.4471e-05,ok,0
BBMSDppInstant,183,1172,1045,1224740,0.287464,1.11913e+07,38.5664,267.801,68048,0,0,0,0,1,0.179308,0.108158,-1.847e-06,ok,0
BBMSDppStepwise,183,1172,1045,1224740,0.328143,1.11913e+07,38.5664,253.586,64464,0,0,0,0,0,0.237305,0.090856,-1.7577e-05,ok,0
DijkstraPrims,183,1172,1045,1224740,0.140611,1.11913e+07,38.5664,38.5664,7782,0,0,0,0,0,0.130573,0.010053,-1.4835e-05,ok,0
BBMSCore,183,1172,1045,1224740,3.38112,1.11913e+07,38.5664,38.5664,7196,0,0,0,0,12,3.37045,0.010013,0.000656684,ok,1
BBMSInter,183,1172,1045,1224740,0.212698,1.11913e+07,38.5664,69.1172,16764,0,0,0,0,0,0.1923,0.020412,-1.3657e-05,ok,1
BBMSDppInstant,183,1172,1045,1224740,0.286133,1.11913e+07,38.5664,267.617,68048,0,0,0,0,3,0.176345,0.109765,2.3149e-05,ok,1
BBMSDppStepwise,183,1172,1045,1224740,0.323821,1.11913e+07,38.5664,253.824,64464,0,0,0,0,0,0.214322,0.109515,-1.619e-05,ok,1
DijkstraPrims,183,1172,1045,1224740,0.13783,1.11913e+07,38.5664,38.5664,7782,0,0,0,0,0,0.137844,0,-1.4017e-05,ok,1
BBMSCore,183,1172,1045,1224740,3.38101,1.11913e+07,38.5664,38.5664,7196,0,0,0,0,13,3.37063,0.009985,0.000393159,ok,2
BBMSInter,183,1172,1045,1224740,0.218717,1.11913e+07,38.5664,69.1172,16764,0,0,0,0,0,0.198776,0.019958,-1.7176e-05,ok,2
BBMSDppInstant,183,1172,1045,1224740,0.282671,1.11913e+07,38.5664,267.75,68048,0,0,0,0,2,0.212382,0.070278,1.1043e-05,ok,2
BBMSDppStepwise,183,1172,1045,1224740,0.324427,1.11913e+07,38.5664,253.844,64464,0,0,0,0,0,0.27485,0.049593,-1.6024e-05,ok,2
DijkstraPrims,183,1172,1045,1224740,0.142346,1.11913e+07,38.5703,38.5703,7782,0,0,0,0,2,0.122576,0.019771,-5.71e-07,ok,2
BBMSCore,184,1172,377,441844,0.166979,1.00328e+07,38.5742,38.5742,2598,0,0,0,0,0,0.156937,0.010057,-1.4732e-05,ok,0
BBMSInter,184,1172,377,441844,0.0377732,1.00328e+07,38.5781,38.5781,6050,0,0,0,0,0,0.037785,0,-1.177e-05,ok,0
BBMSDppInstant,184,1172,377,441844,0.0900617,1.00328e+07,38.5781,96.4727,23932,0,0,0,0,1,0.05948,0.030581,6.82e-07,ok,0
BBMSDppStepwise,184,1172,377,441844,0.111071,1.00328e+07,38.5781,93.0703,22988,0,0,0,0,0,0.101248,0.009835,-1.189e-05,ok,0
DijkstraPrims,184,1172,377,441844,0.00692801,1.00328e+07,38.5781,38.5781,629,0,0,0,0,0,0.006941,0,-1.2986e-05,ok,0
BBMSCore,184,1172,377,441844,0.166987,1.00328e+07,38.5781,38.5781,2598,0,0,0,0,0,0.167001,0,-1.3647e-05,ok,1
BBMSInter,184,1172,377,441844,0.0379109,1.00328e+07,38.5781,38.5781,6050,0,0,0,0,0,0.037925,0,-1.4089e-05,ok,1
BBMSDppInstant,184,1172,377,441844,0.0873554,1.00328e+07,38.5781,96.6484,23932,0,0,0,0,1,0.067188,0.02016,7.383e-06,ok,1
BBMSDppStepwise,184,1172,377,441844,0.110454,1.00328e+07,38.5781,93.0742,22988,0,0,0,0,0,0.090043,0.020424,-1.2991e-05,ok,1
DijkstraPrims,184,1172,377,441844,0.0069149,1.00328e+07,38.5781,38.5781,629,0,0,0,0,0,0.006926,0,-1.1102e-05,ok,1
BBMSCore,184,1172,377,441844,0.167591,1.00328e+07,38.5781,38.5781,2598,0,0,0,0,2,0.167414,0,0.000177382,ok,2
BBMSInter,184,1172,377,441844,0.0375839,1.00328e+07,38.5781,38.5781,6050,0,0,0,0,0,0.037144,0.000452,-1.2089e-05,ok,2
BBMSDppInstant,184,1172,377,441844,0.0871163,1.00328e+07,38.5781,96.6523,23932,0,0,0,0,0,0.077474,0.009655,-1.2717e-05,ok,2
BBMSDppStepwise,184,1172,377,441844,0.109716,1.00328e+07,38.5781,93.082,22988,0,0,0,0,0,0.079378,0.030352,-1.3584e-05,ok,2
DijkstraPrims,184,1172,377,441844,0.00693204,1.00328e+07,38.5781,38.5781,629,0,0,0,0,0,0.006943,0,-1.096e-05,ok,2
BBMSCore,185,1172,2423,2839756,8.17084,1.7091e+07,38.582,68.7461,16679,0,0,0,0,28,8.1496,0.020247,0.000999044,ok,0
BBMSInter,185,1172,2423,2839756,1.39319,1.7091e+07,38.582,155.5,38864,0,0,0,0,4,1.33296,0.060205,2.7099e-05,ok,0
BBMSDppInstant,185,1172,2423,2839756,0.725018,1.7091e+07,38.582,618.84,158473,0,0,0,0,2,0.477283,0.247717,1.7743e-05,ok,0
BBMSDppStepwise,185,1172,2423,2839756,0.932323,1.7091e+07,38.582,584.918,149640,0,0,0,0,5,0.802411,0.129864,4.8294e-05,ok,0
DijkstraPrims,185,1172,2423,2839756,0.375233,1.7091e+07,38.582,81.2812,23166,0,0,0,0,0,0.325486,0.049763,-1.6496e-05,ok,0
BBMSCore,185,1172,2423,2839756,8.47784,1.7091e+07,38.582,68.8516,16679,0,0,0,0,40,8.45628,0.020006,0.00155399,ok,1
BBMSInter,185,1172,2423,2839756,1.38813,1.7091e+07,38.582,155.492,38864,0,0,0,0,4,1.34798,0.040107,4.4514e-05,ok,1
BBMSDppInstant,185,1172,2423,2839756,0.715116,1.7091e+07,38.582,618.938,158473,0,0,0,0,3,0.53489,0.18021,1.6102e-05,ok,1
BBMSDppStepwise,185,1172,2423,2839756,0.933907,1.7091e+07,38.582,584.902,149640,0,0,0,0,5,0.713911,0.219957,3.895e-05,ok,1
DijkstraPrims,185,1172,2423,2839756,0.376893,1.7091e+07,38.582,81.2734,23166,0,0,0,0,2,0.306489,0.070372,3.2246e-05,ok,1
BBMSCore,185,1172,2423,2839756,8.34937,1.7091e+07,38.582,68.8867,16679,0,0,0,0,32,8.32751,0.019984,0.00187689,ok,2
BBMSInter,185,1172,2423,2839756,1.38772,1.7091e+07,38.582,155.492,38864,0,0,0,0,6,1.3575,0.030072,0.000147751,ok,2
BBMSDppInstant,185,1172,2423,2839756,0.718831,1.7091e+07,38.582,618.926,158473,0,0,0,0,4,0.50755,0.211155,0.000125968,ok,2
BBMSDppStepwise,185,1172,2423,2839756,0.936384,1.7091e+07,38.582,584.902,149640,0,0,0,0,1,0.725916,0.210473,-5.478e-06,ok,2
DijkstraPrims,185,1172,2423,2839756,0.390416,1.7091e+07,38.582,81.2812,23166,0,0,0,0,0,0.380462,0.009969,-1.5053e-05,ok,2
BBMSCore,186,1172,40,46880,0.151148,1.3446e+07,38.5859,38.5859,283,0,0,0,0,1,0.151151,0,-2.795e-06,ok,0
BBMSInter,186,1172,40,46880,0.0106298,1.3446e+07,38.5859,38.5859,649,0,0,0,0,0,0.01064,0,-1.0235e-05,ok,0
BBMSDppInstant,186,1172,40,46880,0.00758035,1.3446e+07,38.5898,38.5898,2439,0,0,0,0,0,0.00759,0,-9.648e-06,ok,0
BBMSDppStepwise,186,1172,40,46880,0.00777724,1.3446e+07,38.5898,38.5898,2415,0,0,0,0,0,0.007789,0,-1.1757e-05,ok,0
DijkstraPrims,186,1172,40,46880,0.000356385,1.3446e+07,38.5898,38.5898,33,0,0,0,0,0,0.000367,0,-1.0615e-05,ok,0
BBMSCore,186,1172,40,46880,0.151163,1.3446e+07,38.5898,38.5898,283,0,0,0,0,1,0.151156,0,6.964e-06,ok,1
BBMSInter,186,1172,40,46880,0.010747,1.3446e+07,38.5898,38.5898,649,0,0,0,0,0,0.010759,0,-1.2042e-05,ok,1
BBMSDppInstant,186,1172,40,46880,0.00770598,1.3446e+07,38.5898,38.5898,2439,0,0,0,0,0,0,0.007719,-1.302e-05,ok,1
BBMSDppStepwise,186,1172,40,46880,0.00820997,1.3446e+07,38.5898,38.5898,2415,0,0,0,0,0,0.008222,0,-1.2028e-05,ok,1
DijkstraPrims,186,1172,40,46880,0.000350195,1.3446e+07,38.5898,38.5898,33,0,0,0,0,0,0.000362,0,-1.1805e-05,ok,1
BBMSCore,186,1172,40,46880,0.151242,1.3446e+07,38.5898,38.5898,283,0,0,0,0,0,0.151254,0,-1.2008e-05,ok,2
BBMSInter,186,1172,40,46880,0.0106426,1.3446e+07,38.5898,38.5898,649,0,0,0,0,0,0.010612,4.2e-05,-1.1415e-05,ok,2
BBMSDppInstant,186,1172,40,46880,0.00768617,1.3446e+07,38.5898,38.5898,2439,0,0,0,0,0,0,0.007697,-1.0829e-05,ok,2
BBMSDppStepwise,186,1172,40,46880,0.00779379,1.3446e+07,38.5898,38.5898,2415,0,0,0,0,0,0.007806,0,-1.2206e-05,ok,2
DijkstraPrims,186,1172,40,46880,0.000354011,1.3446e+07,38.5898,38.5898,33,0,0,0,0,0,0.000365,0,-1.0989e-05,ok,2
BBMSCore,187,1172,149,174628,0.377396,9.08901e+06,38.5938,38.5938,1032,0,0,0,0,1,0.367324,0.010074,-2.409e-06,ok,0
BBMSInter,187,1172,149,174628,0.0199165,9.08901e+06,38.5938,38.5938,2396,0,0,0,0,0,0.019928,0,-1.1549e-05,ok,0
BBMSDppInstant,187,1172,149,174628,0.0332134,9.08901e+06,38.5938,40.4766,9467,0,0,0,0,0,0.023118,0.010108,-1.2568e-05,ok,0
BBMSDppStepwise,187,1172,149,174628,0.0362746,9.08901e+06,38.5938,39.1172,9164,0,0,0,0,0,0.026766,0.009521,-1.2398e-05,ok,0
DijkstraPrims,187,1172,149,174628,0.00254728,9.08901e+06,38.5977,38.5977,176,0,0,0,0,0,0.002559,0,-1.1724e-05,ok,0
BBMSCore,187,1172,149,174628,0.377211,9.08901e+06,38.5977,38.5977,1032,0,0,0,0,0,0.377226,0,-1.497e-05,ok,1
BBMSInter,187,1172,149,174628,0.0199871,9.08901e+06,38.5977,38.5977,2396,0,0,0,0,0,0.009579,0.01042,-1.1867e-05,ok,1
BBMSDppInstant,187,1172,149,174628,0.0337252,9.08901e+06,38.5977,40.4922,9467,0,0,0,0,0,0.014872,0.018867,-1.3808e-05,ok,1
BBMSDppStepwise,187,1172,149,174628,0.0363268,9.08901e+06,38.5977,39.375,9164,0,0,0,0,0,0.015989,0.020349,-1.1159e-05,ok,1
DijkstraPrims,187,1172,149,174628,0.00256815,9.08901e+06,38.5977,38.5977,176,0,0,0,0,0,0.002579,0,-1.0853e-05,ok,1
BBMSCore,187,1172,149,174628,0.376831,9.08901e+06,38.5977,38.5977,1032,0,0,0,0,1,0.376642,4e-06,0.000184822,ok,2
BBMSInter,187,1172,149,174628,0.0200025,9.08901e+06,38.5977,38.5977,2396,0,0,0,0,1,0.020003,0,-5.17e-07,ok,2
BBMSDppInstant,187,1172,149,174628,0.0335493,9.08901e+06,38.5977,40.4961,9467,0,0,0,0,0,0.013483,0.020077,-1.0682e-05,ok,2
BBMSDppStepwise,187,1172,149,174628,0.036366,9.08901e+06,38.5977,39.3438,9164,0,0,0,0,0,0.026191,0.010187,-1.201e-05,ok,2
DijkstraPrims,187,1172,149,174628,0.0025594,9.08901e+06,38.5977,38.5977,176,0,0,0,0,0,0,0.00257,-1.0601e-05,ok,2
BBMSCore,188,1172,1009,1182548,0.925333,7.85443e+06,38.6016,38.6016,6948,0,0,0,0,4,0.915143,0.009998,0.000191518,ok,0
BBMSInter,188,1172,1009,1182548,0.204596,7.85443e+06,38.6016,66.8672,16187,0,0,0,0,0,0.184486,0.020124,-1.35e-05,ok,0
BBMSDppInstant,188,1172,1009,1182548,0.25293,7.85443e+06,38.6016,253.672,64405,0,0,0,0,1,0.192733,0.060197,-9.1e-08,ok,0
BBMSDppStepwise,188,1172,1009,1182548,0.306837,7.85443e+06,38.6055,244.258,62001,0,0,0,0,2,0.226003,0.080823,1.1254e-05,ok,0
DijkstraPrims,188,1172,1009,1182548,0.0449441,7.85443e+06,38.6055,38.6055,3429,0,0,0,0,0,0.044957,0,-1.2878e-05,ok,0
BBMSCore,188,1172,1009,1182548,0.925211,7.85443e+06,38.6055,38.6055,6948,0,0,0,0,4,0.915013,0.010038,0.000160234,ok,1
BBMSInter,188,1172,1009,1182548,0.205436,7.85443e+06,38.6055,66.8672,16187,0,0,0,0,2,0.185729,0.019701,5.697e-06,ok,1
BBMSDppInstant,188,1172,1009,1182548,0.252049,7.85443e+06,38.6055,253.684,64405,0,0,0,0,2,0.192051,0.059982,1.5968e-05,ok,1
BBMSDppStepwise,188,1172,1009,1182548,0.301307,7.85443e+06,38.6055,244.258,62001,0,0,0,0,0,0.251167,0.050155,-1.527e-05,ok,1
DijkstraPrims,188,1172,1009,1182548,0.0448934,7.85443e+06,38.6055,38.6055,3429,0,0,0,0,1,0.0351,0.009665,0.0001284,ok,1
BBMSCore,188,1172,1009,1182548,0.924722,7.85443e+06,38.6055,38.6055,6948,0,0,0,0,4,0.91457,0.010025,0.000127193,ok,2
BBMSInter,188,1172,1009,1182548,0.20654,7.85443e+06,38.6055,66.8672,16187,0,0,0,0,1,0.176107,0.030438,-4.771e-06,ok,2
BBMSDppInstant,188,1172,1009,1182548,0.249938,7.85443e+06,38.6055,253.688,64405,0,0,0,0,0,0.180311,0.069641,-1.3692e-05,ok,2
BBMSDppStepwise,188,1172,1009,1182548,0.299277,7.85443e+06,38.6055,244.266,62001,0,0,0,0,0,0.229597,0.069696,-1.5779e-05,ok,2
DijkstraPrims,188,1172,1009,1182548,0.0449237,7.85443e+06,38.6055,38.6055,3429,0,0,0,0,0,0.044936,0,-1.2342e-05,ok,2
BBMSCore,189,1172,631,739532,0.850461,7.42333e+06,38.6094,38.6094,4344,0,0,0,0,3,0.830275,0.019993,0.000193051,ok,0
BBMSInter,189,1172,631,739532,0.103361,7.42333e+06,38.6094,43.2344,10121,0,0,0,0,0,0.093293,0.010081,-1.256e-05,ok,0
BBMSDppInstant,189,1172,631,739532,0.162883,7.42333e+06,38.6094,165.949,41730,0,0,0,0,1,0.122623,0.040263,-3.342e-06,ok,0
BBMSDppStepwise,189,1172,631,739532,0.221116,7.42333e+06,38.6094,154.941,38912,0,0,0,0,1,0.151082,0.070037,-2.969e-06,ok,0
DijkstraPrims,189,1172,631,739532,0.148774,7.42333e+06,38.6094,41.6289,11164,0,0,0,0,1,0.148775,0,-7.34e-07,ok,0
BBMSCore,189,1172,631,739532,0.850542,7.42333e+06,38.6094,38.6094,4344,0,0,0,0,1,0.850439,0,0.000102956,ok,1
BBMSInter,189,1172,631,739532,0.104238,7.42333e+06,38.6094,43.2617,10121,0,0,0,0,1,0.093919,0.01031,9.303e-06,ok,1
BBMSDppInstant,189,1172,631,739532,0.162159,7.42333e+06,38.6094,165.941,41730,0,0,0,0,1,0.091843,0.070311,4.895e-06,ok,1
BBMSDppStepwise,189,1172,631,739532,0.219138,7.42333e+06,38.6094,154.863,38912,0,0,0,0,2,0.149438,0.069684,1.6233e-05,ok,1
DijkstraPrims,189,1172,631,739532,0.141487,7.42333e+06,38.6094,41.8828,11164,0,0,0,0,0,0.111458,0.030043,-1.363e-05,ok,1
BBMSCore,189,1172,631,739532,0.85257,7.42333e+06,38.6094,38.6094,4344,0,0,0,0,3,0.842548,0.010013,8.544e-06,ok,2
BBMSInter,189,1172,631,739532,0.105036,7.42333e+06,38.6094,43.2383,10121,0,0,0,0,2,0.095252,0.009768,1.6489e-05,ok,2
BBMSDppInstant,189,1172,631,739532,0.162943,7.42333e+06,38.6094,165.84,41730,0,0,0,0,1,0.132646,0.030285,1.2158e-05,ok,2
BBMSDppStepwise,189,1172,631,739532,0.221246,7.42333e+06,38.6094,154.84,38912,0,0,0,0,0,0.201221,0.02004,-1.4598e-05,ok,2
DijkstraPrims,189,1172,631,739532,0.143317,7.42333e+06,38.6094,41.8828,11164,0,0,0,0,1,0.133241,0.01008,-4.01e-06,ok,2
BBMSCore,190,1172,542,635224,0.658049,4.68964e+06,38.6133,38.6133,3733,0,0,0,0,6,0.657971,0,7.8132e-05,ok,0
BBMSInter,190,1172,542,635224,0.0625887,4.68964e+06,38.6133,38.6133,8695,0,0,0,0,0,0.062601,0,-1.2256e-05,ok,0
BBMSDppInstant,190,1172,542,635224,0.12794,4.68964e+06,38.6133,136.801,34276,0,0,0,0,0,0.07829,0.049665,-1.4792e-05,ok,0
BBMSDppStepwise,190,1172,542,635224,0.15813,4.68964e+06,38.6133,132.254,33100,0,0,0,0,1,0.118455,0.039675,1.86e-07,ok,0
DijkstraPrims,190,1172,542,635224,0.0371027,4.68964e+06,38.6172,38.6172,2769,0,0,0,0,0,0.026746,0.010369,-1.2293e-05,ok,0
BBMSCore,190,1172,542,635224,0.645712,4.68964e+06,38.6172,38.6172,3733,0,0,0,0,3,0.645523,0.000119,7.035e-05,ok,1
BBMSInter,190,1172,542,635224,0.0624686,4.68964e+06,38.6172,38.6172,8695,0,0,0,0,0,0.062482,0,-1.3442e-05,ok,1
BBMSDppInstant,190,1172,542,635224,0.128257,4.68964e+06,38.6172,136.816,34276,0,0,0,0,0,0.076716,0.051555,-1.3617e-05,ok,1
BBMSDppStepwise,190,1172,542,635224,0.157939,4.68964e+06,38.6172,132.281,33100,0,0,0,0,0,0.088506,0.069446,-1.3301e-05,ok,1
DijkstraPrims,190,1172,542,635224,0.0369769,4.68964e+06,38.6211,38.6211,2769,0,0,0,0,0,0.03699,0,-1.3127e-05,ok,1
BBMSCore,190,1172,542,635224,0.641492,4.68964e+06,38.6211,38.6211,3733,0,0,0,0,2,0.641499,0,-6.657e-06,ok,2
BBMSInter,190,1172,542,635224,0.062261,4.68964e+06,38.6211,38.6211,8695,0,0,0,0,0,0.052178,0.010093,-9.982e-06,ok,2
BBMSDppInstant,190,1172,542,635224,0.128477,4.68964e+06,38.6211,136.805,34276,0,0,0,0,1,0.097548,0.03093,-9.13e-07,ok,2
BBMSDppStepwise,190,1172,542,635224,0.157236,4.68964e+06,38.6211,132.258,33100,0,0,0,0,0,0.136832,0.020416,-1.1634e-05,ok,2
DijkstraPrims,190,1172,542,635224,0.0367131,4.68964e+06,38.6211,38.6211,2769,0,0,0,0,0,0.036725,0,-1.1918e-05,ok,2
BBMSCore,191,1172,215,251980,0.4657,1.12137e+07,38.625,38.625,1485,0,0,0,0,1,0.465707,0,-7.374e-06,ok,0
BBMSInter,191,1172,215,251980,0.08745,1.12137e+07,38.625,38.625,3454,0,0,0,0,1,0.087455,0,-4.977e-06,ok,0
BBMSDppInstant,191,1172,215,251980,0.0529005,1.12137e+07,38.625,57.5703,13892,0,0,0,0,0,0.024228,0.028682,-9.5e-06,ok,0
BBMSDppStepwise,191,1172,215,251980,0.0655778,1.12137e+07,38.625,55.6133,13314,0,0,0,0,0,0.06559,0,-1.2184e-05,ok,0
DijkstraPrims,191,1172,215,251980,0.0102322,1.12137e+07,38.625,38.625,875,0,0,0,0,0,0.010244,0,-1.1779e-05,ok,0
BBMSCore,191,1172,215,251980,0.468206,1.12137e+07,38.625,38.625,1485,0,0,0,0,1,0.468211,0,-4.852e-06,ok,1
BBMSInter,191,1172,215,251980,0.0866233,1.12137e+07,38.625,38.625,3454,0,0,0,0,1,0.086619,0,4.28e-06,ok,1
BBMSDppInstant,191,1172,215,251980,0.0529733,1.12137e+07,38.625,57.5703,13892,0,0,0,0,0,0.042817,0.010166,-9.737e-06,ok,1
BBMSDppStepwise,191,1172,215,251980,0.064699,1.12137e+07,38.625,55.6055,13314,0,0,0,0,0,0.044914,0.019796,-1.1049e-05,ok,1
DijkstraPrims,191,1172,215,251980,0.0102834,1.12137e+07,38.625,38.625,875,0,0,0,0,0,0.00027,0.010024,-1.0644e-05,ok,1
BBMSCore,191,1172,215,251980,0.467893,1.12137e+07,38.625,38.625,1485,0,0,0,0,2,0.457779,0.009935,0.000178704,ok,2
BBMSInter,191,1172,215,251980,0.0884951,1.12137e+07,38.625,38.625,3454,0,0,0,0,0,0.078626,0.009879,-9.89e-06,ok,2
BBMSDppInstant,191,1172,215,251980,0.0525687,1.12137e+07,38.625,57.5703,13892,0,0,0,0,0,0.033286,0.019294,-1.1294e-05,ok,2
BBMSDppStepwise,191,1172,215,251980,0.0647455,1.12137e+07,38.625,55.625,13314,0,0,0,0,1,0.064742,0,3.463e-06,ok,2
DijkstraPrims,191,1172,215,251980,0.01025,1.12137e+07,38.625,38.625,875,0,0,0,0,0,0.010244,1.6e-05,-9.951e-06,ok,2
BBMSCore,192,1172,1445,1693540,1.84046,9.03315e+06,38.6289,42.4922,9955,0,0,0,0,5,1.83043,0.010006,2.6426e-05,ok,0
BBMSInter,192,1172,1445,1693540,0.42244,9.03315e+06,38.6289,94.25,23185,0,0,0,0,1,0.392247,0.030195,-1.531e-06,ok,0
BBMSDppInstant,192,1172,1445,1693540,0.410136,9.03315e+06,38.6289,373.586,95119,0,0,0,0,2,0.289871,0.120244,2.0939e-05,ok,0
BBMSDppStepwise,192,1172,1445,1693540,0.524708,9.03315e+06,38.6289,351.449,89446,0,0,0,0,2,0.41537,0.109335,2.986e-06,ok,0
DijkstraPrims,192,1172,1445,1693540,0.376731,9.03315e+06,38.6289,81.2852,24519,0,0,0,0,2,0.325919,0.050809,2.946e-06,ok,0
BBMSCore,192,1172,1445,1693540,1.82996,9.03315e+06,38.6289,42.5,9955,0,0,0,0,6,1.81968,0.010003,0.000275911,ok,1
BBMSInter,192,1172,1445,1693540,0.418639,9.03315e+06,38.6328,94.2461,23185,0,0,0,0,2,0.388653,0.029974,1.1933e-05,ok,1
BBMSDppInstant,192,1172,1445,1693540,0.407423,9.03315e+06,38.6328,373.559,95119,0,0,0,0,3,0.307757,0.099637,2.8603e-05,ok,1
BBMSDppStepwise,192,1172,1445,1693540,0.522678,9.03315e+06,38.6328,351.426,89446,0,0,0,0,2,0.422106,0.100564,8.48e-06,ok,1
DijkstraPrims,192,1172,1445,1693540,0.369461,9.03315e+06,38.6328,81.2852,24519,0,0,0,0,1,0.339395,0.030068,-1.728e-06,ok,1
BBMSCore,192,1172,1445,1693540,1.85239,9.03315e+06,38.6328,42.3672,9955,0,0,0,0,3,1.84236,0.010018,6.589e-06,ok,2
BBMSInter,192,1172,1445,1693540,0.421762,9.03315e+06,38.6328,93.9961,23185,0,0,0,0,3,0.381676,0.039902,0.00018374,ok,2
BBMSDppInstant,192,1172,1445,1693540,0.409793,9.03315e+06,38.6328,373.578,95119,0,0,0,0,2,0.309582,0.100202,8.526e-06,ok,2
BBMSDppStepwise,192,1172,1445,1693540,0.525586,9.03315e+06,38.6328,351.445,89446,0,0,0,0,1,0.424603,0.100988,-5.233e-06,ok,2
DijkstraPrims,192,1172,1445,1693540,0.399362,9.03315e+06,38.6328,81.2812,24519,0,0,0,0,3,0.379309,0.02002,3.2629e-05,ok,2
BBMSCore,193,1172,1098,1286856,3.22756,7.48027e+06,38.6367,38.6367,7561,0,0,0,0,18,3.21674,0.009998,0.000813452,ok,0
BBMSInter,193,1172,1098,1286856,0.329774,7.48027e+06,38.6367,72.4922,17614,0,0,0,0,1,0.299638,0.030133,3.489e-06,ok,0
BBMSDppInstant,193,1172,1098,1286856,0.293541,7.48027e+06,38.6367,280.969,71425,0,0,0,0,1,0.263822,0.029723,-4.438e-06,ok,0
BBMSDppStepwise,193,1172,1098,1286856,0.376367,7.48027e+06,38.6367,267.082,67843,0,0,0,0,0,0.266518,0.109865,-1.6188e-05,ok,0
DijkstraPrims,193,1172,1098,1286856,0.0842737,7.48027e+06,38.6367,38.6367,6254,0,0,0,0,0,0.063754,0.020531,-1.1306e-05,ok,0
BBMSCore,193,1172,1098,1286856,3.23492,7.48027e+06,38.6367,38.6367,7561,0,0,0,0,14,3.22371,0.010419,0.000793993,ok,1
BBMSInter,193,1172,1098,1286856,0.328132,7.48027e+06,38.6367,72.4727,17614,0,0,0,0,1,0.308133,0.020003,-4.337e-06,ok,1
BBMSDppInstant,193,1172,1098,1286856,0.296396,7.48027e+06,38.6367,280.996,71425,0,0,0,0,3,0.25604,0.040326,3.0484e-05,ok,1
BBMSDppStepwise,193,1172,1098,1286856,0.38092,7.48027e+06,38.6367,267.098,67843,0,0,0,0,3,0.260309,0.120595,1.6241e-05,ok,1
DijkstraPrims,193,1172,1098,1286856,0.0851927,7.48027e+06,38.6367,38.6367,6254,0,0,0,0,0,0.074904,0.010302,-1.3294e-05,ok,1
BBMSCore,193,1172,1098,1286856,3.23086,7.48027e+06,38.6367,38.6367,7561,0,0,0,0,10,3.20991,0.01995,0.00100376,ok,2
BBMSInter,193,1172,1098,1286856,0.330991,7.48027e+06,38.6367,72.4922,17614,0,0,0,0,2,0.320998,0.009985,7.624e-06,ok,2
BBMSDppInstant,193,1172,1098,1286856,0.297306,7.48027e+06,38.6367,280.996,71425,0,0,0,0,1,0.247504,0.04977,3.1634e-05,ok,2
BBMSDppStepwise,193,1172,1098,1286856,0.38394,7.48027e+06,38.6367,267.094,67843,0,0,0,0,0,0.303096,0.080861,-1.6639e-05,ok,2
DijkstraPrims,193,1172,1098,1286856,0.0854933,7.48027e+06,38.6406,38.6406,6254,0,0,0,0,1,0.085309,0.00019,-5.738e-06,ok,2
BBMSCore,194,1172,402,471144,0.291767,7.88467e+06,38.6445,38.6445,2770,0,0,0,0,1,0.291775,0,-8.363e-06,ok,0
BBMSInter,194,1172,402,471144,0.0431502,7.88467e+06,38.6445,38.6445,6451,0,0,0,0,0,0.033278,0.009885,-1.2836e-05,ok,0
BBMSDppInstant,194,1172,402,471144,0.102455,7.88467e+06,38.6445,104.934,26019,0,0,0,0,1,0.072966,0.029485,4.237e-06,ok,0
BBMSDppStepwise,194,1172,402,471144,0.123714,7.88467e+06,38.6445,100.719,24938,0,0,0,0,0,0.064523,0.059205,-1.3564e-05,ok,0
DijkstraPrims,194,1172,402,471144,0.0395015,7.88467e+06,38.6445,38.6445,2991,0,0,0,0,0,0.029371,0.010145,-1.4486e-05,ok,0
BBMSCore,194,1172,402,471144,0.290225,7.88467e+06,38.6445,38.6445,2770,0,0,0,0,1,0.290231,0,-6.057e-06,ok,1
BBMSInter,194,1172,402,471144,0.0438816,7.88467e+06,38.6445,38.6445,6451,0,0,0,0,0,0.034062,0.009832,-1.2384e-05,ok,1
BBMSDppInstant,194,1172,402,471144,0.0993903,7.88467e+06,38.6445,104.93,26019,0,0,0,0,0,0.079261,0.020143,-1.3687e-05,ok,1
BBMSDppStepwise,194,1172,402,471144,0.122172,7.88467e+06,38.6484,100.762,24938,0,0,0,0,0,0.102451,0.019736,-1.5232e-05,ok,1
DijkstraPrims,194,1172,402,471144,0.0387441,7.88467e+06,38.6484,38.6484,2991,0,0,0,0,0,0.028692,0.010063,-1.0914e-05,ok,1
BBMSCore,194,1172,402,471144,0.291077,7.88467e+06,38.6484,38.6484,2770,0,0,0,0,0,0.291093,0,-1.5958e-05,ok,2
BBMSInter,194,1172,402,471144,0.0431772,7.88467e+06,38.6484,38.6484,6451,0,0,0,0,0,0.033155,0.010037,-1.4768e-05,ok,2
BBMSDppInstant,194,1172,402,471144,0.0994053,7.88467e+06,38.6484,104.93,26019,0,0,0,0,0,0.049048,0.05037,-1.266e-05,ok,2
BBMSDppStepwise,194,1172,402,471144,0.12174,7.88467e+06,38.6484,100.742,24938,0,0,0,0,0,0.091276,0.030479,-1.4718e-05,ok,2
DijkstraPrims,194,1172,402,471144,0.0394081,7.88467e+06,38.6484,38.6484,2991,0,0,0,0,0,0.029809,0.00961,-1.0924e-05,ok,2
BBMSCore,195,262,24,6288,0.000316646,1.02838e+07,38.6523,38.6523,39,0,0,0,0,0,0.00033,0,-1.3354e-05,ok,0
BBMSInter,195,262,24,6288,0.000348623,1.02838e+07,38.6523,38.6523,88,0,0,0,0,0,0.000361,0,-1.2377e-05,ok,0
BBMSDppInstant,195,262,24,6288,0.00123357,1.02838e+07,38.6523,38.6523,338,0,0,0,0,0,0.001246,0,-1.2432e-05,ok,0
BBMSDppStepwise,195,262,24,6288,0.00128177,1.02838e+07,38.6523,38.6523,332,0,0,0,0,0,0.001217,7.6e-05,-1.1225e-05,ok,0
DijkstraPrims,195,262,24,6288,0.00095472,1.02838e+07,38.6523,38.6523,62,0,0,0,0,0,0.000966,0,-1.128e-05,ok,0
BBMSCore,195,262,24,6288,0.00029596,1.02838e+07,38.6523,38.6523,39,0,0,0,0,0,0.000307,0,-1.104e-05,ok,1
BBMSInter,195,262,24,6288,0.00034398,1.02838e+07,38.6523,38.6523,88,0,0,0,0,0,0.000332,2.2e-05,-1.002e-05,ok,1
BBMSDppInstant,195,262,24,6288,0.00125224,1.02838e+07,38.6523,38.6523,338,0,0,0,0,0,0.001264,0,-1.1755e-05,ok,1
BBMSDppStepwise,195,262,24,6288,0.00127807,1.02838e+07,38.6523,38.6523,332,0,0,0,0,0,0.001289,0,-1.0927e-05,ok,1
DijkstraPrims,195,262,24,6288,0.000959726,1.02838e+07,38.6523,38.6523,62,0,0,0,0,0,0.000972,0,-1.2274e-05,ok,1
BBMSCore,195,262,24,6288,0.000296569,1.02838e+07,38.6523,38.6523,39,0,0,0,0,0,0.000309,0,-1.2431e-05,ok,2
BBMSInter,195,262,24,6288,0.000343641,1.02838e+07,38.6523,38.6523,88,0,0,0,0,0,0.000356,0,-1.2359e-05,ok,2
BBMSDppInstant,195,262,24,6288,0.00122384,1.02838e+07,38.6523,38.6523,338,0,0,0,0,0,0.001235,0,-1.1158e-05,ok,2
BBMSDppStepwise,195,262,24,6288,0.0012792,1.02838e+07,38.6523,38.6523,332,0,0,0,0,0,0.001291,0,-1.1802e-05,ok,2
DijkstraPrims,195,262,24,6288,0.000956282,1.02838e+07,38.6523,38.6523,62,0,0,0,0,0,0.000968,0,-1.1718e-05,ok,2
BBMSCore,196,262,432,113184,0.105166,8.63374e+06,38.6562,38.6562,666,0,0,0,0,0,0.10518,0,-1.4129e-05,ok,0
BBMSInter,196,262,432,113184,0.00953037,8.63374e+06,38.6562,38.6562,1550,0,0,0,0,0,0.009545,0,-1.4627e-05,ok,0
BBMSDppInstant,196,262,432,113184,0.0216481,8.63374e+06,38.6562,38.6562,6186,0,0,0,0,0,0.011409,0.010251,-1.1914e-05,ok,0
BBMSDppStepwise,196,262,432,113184,0.0226915,8.63374e+06,38.6562,38.6562,6062,0,0,0,0,0,0.012909,0.009794,-1.1522e-05,ok,0
DijkstraPrims,196,262,432,113184,0.00440324,8.63374e+06,38.6562,38.6562,339,0,0,0,0,0,0.004416,0,-1.2764e-05,ok,0
BBMSCore,196,262,432,113184,0.104727,8.63374e+06,38.6562,38.6562,666,0,0,0,0,0,0.104742,0,-1.4538e-05,ok,1
BBMSInter,196,262,432,113184,0.00943265,8.63374e+06,38.6562,38.6562,1550,0,0,0,0,0,0.009445,0,-1.2351e-05,ok,1
BBMSDppInstant,196,262,432,113184,0.0213568,8.63374e+06,38.6562,38.6562,6186,0,0,0,0,0,0.011664,0.009705,-1.216e-05,ok,1
BBMSDppStepwise,196,262,432,113184,0.0227923,8.63374e+06,38.6562,38.6562,6062,0,0,0,0,0,0.012497,0.010309,-1.3702e-05,ok,1
DijkstraPrims,196,262,432,113184,0.00440865,8.63374e+06,38.6602,38.6602,339,0,0,0,0,0,0.004145,0.000276,-1.2349e-05,ok,1
BBMSCore,196,262,432,113184,0.105039,8.63374e+06,38.6602,38.6602,666,0,0,0,0,0,0.104714,0.000338,-1.2998e-05,ok,2
BBMSInter,196,262,432,113184,0.00961916,8.63374e+06,38.6602,38.6602,1550,0,0,0,0,0,0.009631,1e-06,-1.2842e-05,ok,2
BBMSDppInstant,196,262,432,113184,0.021574,8.63374e+06,38.6602,38.6602,6186,0,0,0,0,0,0.011274,0.010314,-1.3999e-05,ok,2
BBMSDppStepwise,196,262,432,113184,0.0230239,8.63374e+06,38.6602,38.6602,6062,0,0,0,0,0,0.022834,0.000204,-1.4055e-05,ok,2
DijkstraPrims,196,262,432,113184,0.00441608,8.63374e+06,38.6602,38.6602,339,0,0,0,0,0,0.004429,0,-1.2924e-05,ok,2
BBMSCore,197,262,1045,273790,0.172378,1.8517e+07,38.6641,38.6641,1613,0,0,0,0,1,0.172379,0,-6.44e-07,ok,0
BBMSInter,197,262,1045,273790,0.0278094,1.8517e+07,38.6641,38.6641,3752,0,0,0,0,1,0.027812,0,-2.601e-06,ok,0
BBMSDppInstant,197,262,1045,273790,0.0577039,1.8517e+07,38.6641,63.2422,15273,0,0,0,0,0,0.03761,0.020108,-1.4055e-05,ok,0
BBMSDppStepwise,197,262,1045,273790,0.065499,1.8517e+07,38.6641,61.1211,14728,0,0,0,0,0,0.045557,0.019955,-1.2988e-05,ok,0
DijkstraPrims,197,262,1045,273790,0.0320823,1.8517e+07,38.668,38.668,2752,0,0,0,0,0,0.022271,0.009823,-1.1745e-05,ok,0
BBMSCore,197,262,1045,273790,0.172398,1.8517e+07,38.668,38.668,1613,0,0,0,0,0,0.172414,0,-1.5954e-05,ok,1
BBMSInter,197,262,1045,273790,0.0278887,1.8517e+07,38.668,38.668,3752,0,0,0,0,0,0.018116,0.009785,-1.2294e-05,ok,1
BBMSDppInstant,197,262,1045,273790,0.0577985,1.8517e+07,38.668,62.9922,15273,0,0,0,0,1,0.037658,0.020143,-2.482e-06,ok,1
BBMSDppStepwise,197,262,1045,273790,0.0648863,1.8517e+07,38.668,61.1172,14728,0,0,0,0,0,0.044972,0.019929,-1.4676e-05,ok,1
DijkstraPrims,197,262,1045,273790,0.0318186,1.8517e+07,38.668,38.668,2752,0,0,0,0,0,0.021488,0.010345,-1.4379e-05,ok,1
BBMSCore,197,262,1045,273790,0.173269,1.8517e+07,38.668,38.668,1613,0,0,0,0,1,0.17327,0,-9.15e-07,ok,2
BBMSInter,197,262,1045,273790,0.0284636,1.8517e+07,38.668,38.668,3752,0,0,0,0,0,0.028478,0,-1.4363e-05,ok,2
BBMSDppInstant,197,262,1045,273790,0.0589002,1.8517e+07,38.668,63.2422,15273,0,0,0,0,0,0.048754,0.010119,2.7169e-05,ok,2
BBMSDppStepwise,197,262,1045,273790,0.065459,1.8517e+07,38.668,60.8672,14728,0,0,0,0,0,0.035602,0.02987,-1.3014e-05,ok,2
DijkstraPrims,197,262,1045,273790,0.0317978,1.8517e+07,38.668,38.668,2752,0,0,0,0,0,0.022031,0.00978,-1.3165e-05,ok,2
BBMSCore,198,262,377,98774,0.0697357,9.67451e+06,38.6719,38.6719,581,0,0,0,0,1,0.069614,0,0.000121658,ok,0
BBMSInter,198,262,377,98774,0.00618261,9.67451e+06,38.6719,38.6719,1353,0,0,0,0,0,0.006194,0,-1.1386e-05,ok,0
BBMSDppInstant,198,262,377,98774,0.0192322,9.67451e+06,38.6719,38.6719,5449,0,0,0,0,1,0.009053,0.010172,7.179e-06,ok,0
BBMSDppStepwise,198,262,377,98774,0.0203721,9.67451e+06,38.6719,38.6719,5297,0,0,0,0,0,0.020383,0,-1.0854e-05,ok,0
DijkstraPrims,198,262,377,98774,0.0058875,9.67451e+06,38.6719,38.6719,416,0,0,0,0,0,0.0059,0,-1.2499e-05,ok,0
BBMSCore,198,262,377,98774,0.0695151,9.67451e+06,38.6719,38.6719,581,0,0,0,0,1,0.06952,0,-4.927e-06,ok,1
BBMSInter,198,262,377,98774,0.0061803,9.67451e+06,38.6719,38.6719,1353,0,0,0,0,0,0.006193,0,-1.2703e-05,ok,1
BBMSDppInstant,198,262,377,98774,0.0190756,9.67451e+06,38.6719,38.6719,5449,0,0,0,0,0,0.008932,0.010156,-1.2357e-05,ok,1
BBMSDppStepwise,198,262,377,98774,0.0204718,9.67451e+06,38.6719,38.6719,5297,0,0,0,0,0,0.020484,0,-1.2195e-05,ok,1
DijkstraPrims,198,262,377,98774,0.0058655,9.67451e+06,38.6719,38.6719,416,0,0,0,0,0,0.00588,0,-1.4498e-05,ok,1
BBMSCore,198,262,377,98774,0.069197,9.67451e+06,38.6719,38.6719,581,0,0,0,0,1,0.069176,0,2.1047e-05,ok,2
BBMSInter,198,262,377,98774,0.00612566,9.67451e+06,38.6758,38.6758,1353,0,0,0,0,0,0.006137,0,-1.1344e-05,ok,2
BBMSDppInstant,198,262,377,98774,0.0191223,9.67451e+06,38.6758,38.6758,5449,0,0,0,0,0,0,0.019134,-1.1705e-05,ok,2
BBMSDppStepwise,198,262,377,98774,0.0209643,9.67451e+06,38.6758,38.6758,5297,0,0,0,0,0,0.011247,0.009734,-1.6666e-05,ok,2
DijkstraPrims,198,262,377,98774,0.0058712,9.67451e+06,38.6758,38.6758,416,0,0,0,0,0,0.005885,0,-1.3803e-05,ok,2
BBMSCore,199,262,2423,634826,0.30677,2.03412e+07,38.6758,38.6758,3751,0,0,0,0,1,0.306416,0.000352,1.77e-06,ok,0
BBMSInter,199,262,2423,634826,0.16552,2.03412e+07,38.6797,38.6797,8711,0,0,0,0,0,0.146062,0.019475,-1.7026e-05,ok,0
BBMSDppInstant,199,262,2423,634826,0.186335,2.03412e+07,38.6797,140.445,35394,0,0,0,0,0,0.15621,0.030127,-1.662e-06,ok,0
BBMSDppStepwise,199,262,2423,634826,0.212879,2.03412e+07,38.6797,135.957,34060,0,0,0,0,2,0.183012,0.029849,1.798e-05,ok,0
DijkstraPrims,199,262,2423,634826,0.0741486,2.03412e+07,38.6797,38.6797,6217,0,0,0,0,0,0.074163,0,-1.4437e-05,ok,0
BBMSCore,199,262,2423,634826,0.306793,2.03412e+07,38.6797,38.6797,3751,0,0,0,0,2,0.296754,0.010032,7.459e-06,ok,1
BBMSInter,199,262,2423,634826,0.165125,2.03412e+07,38.6797,38.6797,8711,0,0,0,0,0,0.15514,0.009999,-1.4066e-05,ok,1
BBMSDppInstant,199,262,2423,634826,0.183945,2.03412e+07,38.6797,140.449,35394,0,0,0,0,0,0.153713,0.030174,5.7581e-05,ok,1
BBMSDppStepwise,199,262,2423,634826,0.209004,2.03412e+07,38.6797,135.953,34060,0,0,0,0,2,0.198895,0.0101,8.741e-06,ok,1
DijkstraPrims,199,262,2423,634826,0.0738912,2.03412e+07,38.6797,38.6797,6217,0,0,0,0,0,0.054001,0.019904,-1.384e-05,ok,1
BBMSCore,199,262,2423,634826,0.306842,2.03412e+07,38.6797,38.6797,3751,0,0,0,0,0,0.296816,0.010042,-1.5618e-05,ok,2
BBMSInter,199,262,2423,634826,0.166603,2.03412e+07,38.6797,38.6797,8711,0,0,0,0,1,0.156528,0.010074,1.099e-06,ok,2
BBMSDppInstant,199,262,2423,634826,0.185446,2.03412e+07,38.6797,140.473,35394,0,0,0,0,0,0.125344,0.060114,-1.2397e-05,ok,2
BBMSDppStepwise,199,262,2423,634826,0.213342,2.03412e+07,38.6797,135.953,34060,0,0,0,0,0,0.143738,0.069621,-1.6814e-05,ok,2
DijkstraPrims,199,262,2423,634826,0.0750038,2.03412e+07,38.6797,38.6797,6217,0,0,0,0,1,0.064981,0.010024,-1.219e-06,ok,2
BBMSCore,200,262,40,10480,0.000842952,1.3044e+07,38.6836,38.6836,64,0,0,0,0,0,0.000856,0,-1.3048e-05,ok,0
BBMSInter,200,262,40,10480,0.0010482,1.3044e+07,38.6836,38.6836,146,0,0,0,0,0,0.001058,0,-9.803e-06,ok,0
BBMSDppInstant,200,262,40,10480,0.00200595,1.3044e+07,38.6836,38.6836,570,0,0,0,0,0,0.002016,0,-1.0046e-05,ok,0
BBMSDppStepwise,200,262,40,10480,0.00205121,1.3044e+07,38.6836,38.6836,562,0,0,0,0,0,0.002062,0,-1.0786e-05,ok,0
DijkstraPrims,200,262,40,10480,0.0015569,1.3044e+07,38.6836,38.6836,130,0,0,0,0,0,0.001567,0,-1.0102e-05,ok,0
BBMSCore,200,262,40,10480,0.000854062,1.3044e+07,38.6836,38.6836,64,0,0,0,0,0,0.000865,0,-1.0938e-05,ok,1
BBMSInter,200,262,40,10480,0.00103736,1.3044e+07,38.6836,38.6836,146,0,0,0,0,0,0.001048,0,-1.0638e-05,ok,1
BBMSDppInstant,200,262,40,10480,0.00201136,1.3044e+07,38.6836,38.6836,570,0,0,0,0,0,0.001903,0.000119,-1.0642e-05,ok,1
BBMSDppStepwise,200,262,40,10480,0.00209456,1.3044e+07,38.6836,38.6836,562,0,0,0,0,0,0.002108,0,-1.3439e-05,ok,1
DijkstraPrims,200,262,40,10480,0.00155403,1.3044e+07,38.6875,38.6875,130,0,0,0,0,0,0.001568,0,-1.3966e-05,ok,1
BBMSCore,200,262,40,10480,0.000842645,1.3044e+07,38.6875,38.6875,64,0,0,0,0,0,0.000854,0,-1.1355e-05,ok,2
BBMSInter,200,262,40,10480,0.00104883,1.3044e+07,38.6875,38.6875,146,0,0,0,0,0,0.001063,0,-1.4167e-05,ok,2
BBMSDppInstant,200,262,40,10480,0.00203886,1.3044e+07,38.6875,38.6875,570,0,0,0,0,0,0.002052,0,-1.3144e-05,ok,2
BBMSDppStepwise,200,262,40,10480,0.00209346,1.3044e+07,38.6914,38.6914,562,0,0,0,0,0,0,0.002105,-1.1542e-05,ok,2
DijkstraPrims,200,262,40,10480,0.00154391,1.3044e+07,38.6914,38.6914,130,0,0,0,0,0,0.001555,0,-1.1087e-05,ok,2
BBMSCore,201,262,149,39038,0.0276012,5.90424e+06,38.6914,38.6914,231,0,0,0,0,0,0.027614,0,-1.2802e-05,ok,0
BBMSInter,201,262,149,39038,0.00306897,5.90424e+06,38.6953,38.6953,536,0,0,0,0,0,0.003081,0,-1.203e-05,ok,0
BBMSDppInstant,201,262,149,39038,0.00718065,5.90424e+06,38.6953,38.6953,2141,0,0,0,0,0,0.007192,0,-1.1348e-05,ok,0
BBMSDppStepwise,201,262,149,39038,0.00762343,5.90424e+06,38.6953,38.6953,2090,0,0,0,0,0,0.007637,0,-1.3569e-05,ok,0
DijkstraPrims,201,262,149,39038,0.000592786,5.90424e+06,38.6953,38.6953,39,0,0,0,0,0,0.000535,7.1e-05,-1.3214e-05,ok,0
BBMSCore,201,262,149,39038,0.0276426,5.90424e+06,38.6953,38.6953,231,0,0,0,0,0,0.027655,0,-1.2396e-05,ok,1
BBMSInter,201,262,149,39038,0.00314382,5.90424e+06,38.6953,38.6953,536,0,0,0,0,0,0.003155,0,-1.1175e-05,ok,1
BBMSDppInstant,201,262,149,39038,0.00719093,5.90424e+06,38.6953,38.6953,2141,0,0,0,0,0,0.007203,0,-1.2072e-05,ok,1
BBMSDppStepwise,201,262,149,39038,0.00765498,5.90424e+06,38.6953,38.6953,2090,0,0,0,0,0,0.007666,0,-1.1024e-05,ok,1
DijkstraPrims,201,262,149,39038,0.000581964,5.90424e+06,38.6953,38.6953,39,0,0,0,0,0,0.000593,0,-1.1036e-05,ok,1
BBMSCore,201,262,149,39038,0.0276073,5.90424e+06,38.6953,38.6953,231,0,0,0,0,0,0.02762,0,-1.2731e-05,ok,2
BBMSInter,201,262,149,39038,0.00309318,5.90424e+06,38.6953,38.6953,536,0,0,0,0,0,0.003105,0,-1.1822e-05,ok,2
BBMSDppInstant,201,262,149,39038,0.00709695,5.90424e+06,38.6953,38.6953,2141,0,0,0,0,0,0,0.007108,-1.1052e-05,ok,2
BBMSDppStepwise,201,262,149,39038,0.00747912,5.90424e+06,38.6953,38.6953,2090,0,0,0,0,0,0.007491,0,-1.1882e-05,ok,2
DijkstraPrims,201,262,149,39038,0.000586457,5.90424e+06,38.6953,38.6953,39,0,0,0,0,0,0.000598,0,-1.1543e-05,ok,2
BBMSCore,202,262,1009,264358,0.0931802,9.58055e+06,38.6992,38.6992,1557,0,0,0,0,0,0.083247,0.009946,-1.276e-05,ok,0
BBMSInter,202,262,1009,264358,0.0316783,9.58055e+06,38.6992,38.6992,3623,0,0,0,0,0,0.031691,0,-1.2682e-05,ok,0
BBMSDppInstant,202,262,1009,264358,0.0602811,9.58055e+06,38.6992,61.9922,14972,0,0,0,0,0,0.039793,0.020502,-1.3897e-05,ok,0
BBMSDppStepwise,202,262,1009,264358,0.0684322,9.58055e+06,38.6992,59.4805,14372,0,0,0,0,0,0.048075,0.02037,-1.2808e-05,ok,0
DijkstraPrims,202,262,1009,264358,0.0452904,9.58055e+06,38.6992,38.6992,3386,0,0,0,0,0,0.045303,0,-1.2609e-05,ok,0
BBMSCore,202,262,1009,264358,0.0928141,9.58055e+06,38.6992,38.6992,1557,0,0,0,0,1,0.092794,0,2.0059e-05,ok,1
BBMSInter,202,262,1009,264358,0.0313026,9.58055e+06,38.6992,38.6992,3623,0,0,0,0,0,0.031315,0,-1.2407e-05,ok,1
BBMSDppInstant,202,262,1009,264358,0.0612811,9.58055e+06,38.6992,61.9922,14972,0,0,0,0,0,0.030312,0.030983,-1.393e-05,ok,1
BBMSDppStepwise,202,262,1009,264358,0.068221,9.58055e+06,38.6992,59.7422,14372,0,0,0,0,1,0.037696,0.030527,-2.011e-06,ok,1
DijkstraPrims,202,262,1009,264358,0.0462834,9.58055e+06,38.6992,38.6992,3386,0,0,0,0,0,0.046297,0,-1.3588e-05,ok,1
BBMSCore,202,262,1009,264358,0.0932567,9.58055e+06,38.6992,38.6992,1557,0,0,0,0,0,0.093271,0,-1.432e-05,ok,2
BBMSInter,202,262,1009,264358,0.0315338,9.58055e+06,38.6992,38.6992,3623,0,0,0,0,0,0.031547,0,-1.3248e-05,ok,2
BBMSDppInstant,202,262,1009,264358,0.0612472,9.58055e+06,38.6992,61.8672,14972,0,0,0,0,0,0.041518,0.019734,-4.758e-06,ok,2
BBMSDppStepwise,202,262,1009,264358,0.0683923,9.58055e+06,38.6992,59.7422,14372,0,0,0,0,0,0.047949,0.020458,-1.4734e-05,ok,2
DijkstraPrims,202,262,1009,264358,0.0456979,9.58055e+06,38.7031,38.7031,3386,0,0,0,0,1,0.0457,0,-2.129e-06,ok,2
BBMSCore,203,262,631,165322,0.0689379,1.58045e+07,38.7031,38.7031,971,0,0,0,0,1,0.068943,0,-5.115e-06,ok,0
BBMSInter,203,262,631,165322,0.0152192,1.58045e+07,38.707,38.707,2263,0,0,0,0,0,0.014928,0.000304,-1.2752e-05,ok,0
BBMSDppInstant,203,262,631,165322,0.0345188,1.58045e+07,38.707,39.6172,9241,0,0,0,0,0,0.034532,0,-1.3182e-05,ok,0
BBMSDppStepwise,203,262,631,165322,0.0389291,1.58045e+07,38.707,38.707,8889,0,0,0,0,0,0.038943,0,-1.3887e-05,ok,0
DijkstraPrims,203,262,631,165322,0.0125405,1.58045e+07,38.707,38.707,921,0,0,0,0,0,0.002041,0.010511,-1.1532e-05,ok,0
BBMSCore,203,262,631,165322,0.0688298,1.58045e+07,38.707,38.707,971,0,0,0,0,0,0.068844,0,-1.4234e-05,ok,1
BBMSInter,203,262,631,165322,0.0152588,1.58045e+07,38.707,38.707,2263,0,0,0,0,0,0.005936,0.009336,-1.3175e-05,ok,1
BBMSDppInstant,203,262,631,165322,0.0345539,1.58045e+07,38.707,39.6172,9241,0,0,0,0,0,0.004305,0.03026,-1.1103e-05,ok,1
BBMSDppStepwise,203,262,631,165322,0.0393081,1.58045e+07,38.707,38.707,8889,0,0,0,0,0,0.019767,0.019555,-1.3919e-05,ok,1
DijkstraPrims,203,262,631,165322,0.0124685,1.58045e+07,38.707,38.707,921,0,0,0,0,0,0.012481,0,-1.2452e-05,ok,1
BBMSCore,203,262,631,165322,0.0687423,1.58045e+07,38.707,38.707,971,0,0,0,0,0,0.068755,0,-1.2696e-05,ok,2
BBMSInter,203,262,631,165322,0.0151465,1.58045e+07,38.707,38.707,2263,0,0,0,0,0,0.015159,0,-1.2497e-05,ok,2
BBMSDppInstant,203,262,631,165322,0.034167,1.58045e+07,38.707,39.6133,9241,0,0,0,0,0,0.024541,0.009638,-1.1988e-05,ok,2
BBMSDppStepwise,203,262,631,165322,0.0400284,1.58045e+07,38.707,38.707,8889,0,0,0,0,1,0.029741,0.010291,-3.61e-06,ok,2
DijkstraPrims,203,262,631,165322,0.0125083,1.58045e+07,38.7109,38.7109,921,0,0,0,0,0,0.012519,0,-1.0656e-05,ok,2
BBMSCore,204,262,542,142004,0.128619,8.86953e+06,38.7148,38.7148,835,0,0,0,0,0,0.128636,0,-1.6741e-05,ok,0
BBMSInter,204,262,542,142004,0.0106498,8.86953e+06,38.7148,38.7148,1944,0,0,0,0,0,0.010663,0,-1.3202e-05,ok,0
BBMSDppInstant,204,262,542,142004,0.0277584,8.86953e+06,38.7148,38.7148,7808,0,0,0,0,1,0.027331,0.00043,-2.573e-06,ok,0
BBMSDppStepwise,204,262,542,142004,0.0298096,8.86953e+06,38.7148,38.7148,7611,0,0,0,0,0,0.029824,0,-1.4409e-05,ok,0
DijkstraPrims,204,262,542,142004,0.0100084,8.86953e+06,38.7148,38.7148,778,0,0,0,0,0,0.010008,1.3e-05,-1.2597e-05,ok,0
BBMSCore,204,262,542,142004,0.128636,8.86953e+06,38.7148,38.7148,835,0,0,0,0,0,0.12865,0,-1.4023e-05,ok,1
BBMSInter,204,262,542,142004,0.0105591,8.86953e+06,38.7148,38.7148,1944,0,0,0,0,1,0.010518,4.3e-05,-1.861e-06,ok,1
BBMSDppInstant,204,262,542,142004,0.0273584,8.86953e+06,38.7148,38.7148,7808,0,0,0,0,0,0.017173,0.010199,-1.3571e-05,ok,1
BBMSDppStepwise,204,262,542,142004,0.03003,8.86953e+06,38.7148,38.7148,7611,0,0,0,0,0,0.010379,0.019666,-1.4996e-05,ok,1
DijkstraPrims,204,262,542,142004,0.00991393,8.86953e+06,38.7148,38.7148,778,0,0,0,0,0,0.009921,5e-06,-1.2073e-05,ok,1
BBMSCore,204,262,542,142004,0.128601,8.86953e+06,38.7148,38.7148,835,0,0,0,0,0,0.128602,0,-7.68e-07,ok,2
BBMSInter,204,262,542,142004,0.0105772,8.86953e+06,38.7148,38.7148,1944,0,0,0,0,0,0.000213,0.010375,-1.0823e-05,ok,2
BBMSDppInstant,204,262,542,142004,0.027693,8.86953e+06,38.7148,38.7148,7808,0,0,0,0,0,0.017489,0.010216,-1.2034e-05,ok,2
BBMSDppStepwise,204,262,542,142004,0.0295368,8.86953e+06,38.7148,38.7148,7611,0,0,0,0,0,0.009976,0.019573,-1.2158e-05,ok,2
DijkstraPrims,204,262,542,142004,0.00997923,8.86953e+06,38.7148,38.7148,778,0,0,0,0,0,0.009991,0,-1.1774e-05,ok,2
BBMSCore,205,262,215,56330,0.00743344,1.30614e+06,38.7188,38.7188,333,0,0,0,0,0,0.007446,0,-1.2565e-05,ok,0
BBMSInter,205,262,215,56330,0.00541357,1.30614e+06,38.7227,38.7227,773,0,0,0,0,0,0.005107,0.000319,-1.2431e-05,ok,0
BBMSDppInstant,205,262,215,56330,0.0124256,1.30614e+06,38.7227,38.7227,3214,0,0,0,0,0,0.012147,0.000292,-1.3371e-05,ok,0
BBMSDppStepwise,205,262,215,56330,0.0141453,1.30614e+06,38.7227,38.7227,3059,0,0,0,0,0,0.014158,0,-1.2694e-05,ok,0
DijkstraPrims,205,262,215,56330,0.00926413,1.30614e+06,38.7227,38.7227,727,0,0,0,0,0,0.009277,0,-1.287e-05,ok,0
BBMSCore,205,262,215,56330,0.0074456,1.30614e+06,38.7227,38.7227,333,0,0,0,0,0,0.007457,0,-1.1401e-05,ok,1
BBMSInter,205,262,215,56330,0.00548492,1.30614e+06,38.7227,38.7227,773,0,0,0,0,0,0.005498,0,-1.3076e-05,ok,1
BBMSDppInstant,205,262,215,56330,0.012551,1.30614e+06,38.7227,38.7227,3214,0,0,0,0,0,0.012563,0,-1.2025e-05,ok,1
BBMSDppStepwise,205,262,215,56330,0.0140038,1.30614e+06,38.7227,38.7227,3059,0,0,0,0,0,0.003973,0.010043,-1.2158e-05,ok,1
DijkstraPrims,205,262,215,56330,0.00922664,1.30614e+06,38.7227,38.7227,727,0,0,0,0,0,0.009239,0,-1.2363e-05,ok,1
BBMSCore,205,262,215,56330,0.00747147,1.30614e+06,38.7227,38.7227,333,0,0,0,0,0,0.007483,0,-1.1532e-05,ok,2
BBMSInter,205,262,215,56330,0.00543933,1.30614e+06,38.7227,38.7227,773,0,0,0,0,0,0.005451,0,-1.1672e-05,ok,2
BBMSDppInstant,205,262,215,56330,0.0125687,1.30614e+06,38.7227,38.7227,3214,0,0,0,0,0,0.012428,0.000154,-1.3282e-05,ok,2
BBMSDppStepwise,205,262,215,56330,0.013869,1.30614e+06,38.7227,38.7227,3059,0,0,0,0,0,0.013881,0,-1.1982e-05,ok,2
DijkstraPrims,205,262,215,56330,0.0092427,1.30614e+06,38.7227,38.7227,727,0,0,0,0,0,0.009257,0,-1.4305e-05,ok,2
BBMSCore,206,262,1445,378590,0.19575,1.3913e+07,38.7266,38.7266,2229,0,0,0,0,0,0.185951,0.009814,-1.4635e-05,ok,0
BBMSInter,206,262,1445,378590,0.0774903,1.3913e+07,38.7266,38.7266,5187,0,0,0,0,0,0.067312,0.01019,-1.1749e-05,ok,0
BBMSDppInstant,206,262,1445,378590,0.0904621,1.3913e+07,38.7266,86.5625,21305,0,0,0,0,0,0.060678,0.029799,-1.4929e-05,ok,0
BBMSDppStepwise,206,262,1445,378590,0.101295,1.3913e+07,38.7266,83.5898,20567,0,0,0,0,0,0.071392,0.029918,-1.4971e-05,ok,0
DijkstraPrims,206,262,1445,378590,0.0582551,1.3913e+07,38.7266,38.7266,3949,0,0,0,0,0,0.058269,0,-1.3891e-05,ok,0
BBMSCore,206,262,1445,378590,0.196249,1.3913e+07,38.7266,38.7266,2229,0,0,0,0,0,0.196263,0,-1.424e-05,ok,1
BBMSInter,206,262,1445,378590,0.077655,1.3913e+07,38.7266,38.7266,5187,0,0,0,0,1,0.067857,0.0098,-1.98e-06,ok,1
BBMSDppInstant,206,262,1445,378590,0.0903135,1.3913e+07,38.7266,86.5508,21305,0,0,0,0,0,0.050598,0.039729,-1.3523e-05,ok,1
BBMSDppStepwise,206,262,1445,378590,0.100877,1.3913e+07,38.7266,83.4297,20567,0,0,0,0,0,0.06112,0.039769,-1.2268e-05,ok,1
DijkstraPrims,206,262,1445,378590,0.0581204,1.3913e+07,38.7266,38.7266,3949,0,0,0,0,0,0.047475,0.010657,-1.1649e-05,ok,1
BBMSCore,206,262,1445,378590,0.194959,1.3913e+07,38.7266,38.7266,2229,0,0,0,0,0,0.194974,0,-1.4935e-05,ok,2
BBMSInter,206,262,1445,378590,0.0775499,1.3913e+07,38.7266,38.7266,5187,0,0,0,0,0,0.067325,0.010238,-1.3077e-05,ok,2
BBMSDppInstant,206,262,1445,378590,0.0899708,1.3913e+07,38.7266,86.5391,21305,0,0,0,0,0,0.080091,0.009892,-1.2206e-05,ok,2
BBMSDppStepwise,206,262,1445,378590,0.100778,1.3913e+07,38.7266,83.7461,20567,0,0,0,0,1,0.071015,0.029772,-9.151e-06,ok,2
DijkstraPrims,206,262,1445,378590,0.0579884,1.3913e+07,38.7266,38.7266,3949,0,0,0,0,0,0.058002,0,-1.3623e-05,ok,2
BBMSCore,207,262,1098,287676,0.209973,1.39287e+07,38.7305,38.7305,1694,0,0,0,0,1,0.209918,6.2e-05,-6.536e-06,ok,0
BBMSInter,207,262,1098,287676,0.0307309,1.39287e+07,38.7305,38.7305,3942,0,0,0,0,0,0.020794,0.009949,-1.2109e-05,ok,0
BBMSDppInstant,207,262,1098,287676,0.0636627,1.39287e+07,38.7344,65.9688,15993,0,0,0,0,0,0.03348,0.030196,-1.3284e-05,ok,0
BBMSDppStepwise,207,262,1098,287676,0.0700066,1.39287e+07,38.7344,63.9883,15477,0,0,0,0,0,0.049334,0.020685,-1.2356e-05,ok,0
DijkstraPrims,207,262,1098,287676,0.0212151,1.39287e+07,38.7383,38.7383,1666,0,0,0,0,0,0.021228,0,-1.288e-05,ok,0
BBMSCore,207,262,1098,287676,0.209962,1.39287e+07,38.7383,38.7383,1694,0,0,0,0,0,0.209977,0,-1.4927e-05,ok,1
BBMSInter,207,262,1098,287676,0.0312999,1.39287e+07,38.7383,38.7383,3942,0,0,0,0,0,0.021359,0.009955,-1.4117e-05,ok,1
BBMSDppInstant,207,262,1098,287676,0.0628443,1.39287e+07,38.7383,65.9844,15993,0,0,0,0,0,0.062858,0,-1.3745e-05,ok,1
BBMSDppStepwise,207,262,1098,287676,0.0696328,1.39287e+07,38.7383,64,15477,0,0,0,0,0,0.049866,0.019781,-1.4182e-05,ok,1
DijkstraPrims,207,262,1098,287676,0.0209916,1.39287e+07,38.7383,38.7383,1666,0,0,0,0,0,0.021006,0,-1.4394e-05,ok,1
BBMSCore,207,262,1098,287676,0.209886,1.39287e+07,38.7383,38.7383,1694,0,0,0,0,0,0.209901,0,-1.5102e-05,ok,2
BBMSInter,207,262,1098,287676,0.0309661,1.39287e+07,38.7383,38.7383,3942,0,0,0,0,0,0.030979,0,-1.2867e-05,ok,2
BBMSDppInstant,207,262,1098,287676,0.0629983,1.39287e+07,38.7383,65.9648,15993,0,0,0,0,0,0.052818,0.010194,-1.3674e-05,ok,2
BBMSDppStepwise,207,262,1098,287676,0.0698778,1.39287e+07,38.7383,64,15477,0,0,0,0,0,0.030204,0.039688,-1.4169e-05,ok,2
DijkstraPrims,207,262,1098,287676,0.0211244,1.39287e+07,38.7383,38.7383,1666,0,0,0,0,1,0.021058,7e-05,-3.614e-06,ok,2
BBMSCore,208,262,402,105324,0.0600828,3.71738e+06,38.7422,38.7422,620,0,0,0,0,0,0.060097,0,-1.4167e-05,ok,0
BBMSInter,208,262,402,105324,0.0103269,3.71738e+06,38.7422,38.7422,1442,0,0,0,0,0,0.010338,0,-1.1135e-05,ok,0
BBMSDppInstant,208,262,402,105324,0.0214584,3.71738e+06,38.7422,38.7422,5843,0,0,0,0,0,0.011485,0.009986,-1.2585e-05,ok,0
BBMSDppStepwise,208,262,402,105324,0.0238067,3.71738e+06,38.7422,38.7422,5664,0,0,0,0,0,0.014223,0.009595,-1.1317e-05,ok,0
DijkstraPrims,208,262,402,105324,0.00411239,3.71738e+06,38.7422,38.7422,352,0,0,0,0,0,0.003882,0.000243,-1.2606e-05,ok,0
BBMSCore,208,262,402,105324,0.0601848,3.71738e+06,38.7422,38.7422,620,0,0,0,0,0,0.060197,0,-1.2238e-05,ok,1
BBMSInter,208,262,402,105324,0.0103119,3.71738e+06,38.7422,38.7422,1442,0,0,0,0,1,0.010309,0,2.917e-06,ok,1
BBMSDppInstant,208,262,402,105324,0.0212681,3.71738e+06,38.7422,38.7422,5843,0,0,0,0,0,0.011319,0.009961,-1.1862e-05,ok,1
BBMSDppStepwise,208,262,402,105324,0.0239028,3.71738e+06,38.7422,38.7422,5664,0,0,0,0,0,0.013791,0.010125,-1.3154e-05,ok,1
DijkstraPrims,208,262,402,105324,0.00415239,3.71738e+06,38.7422,38.7422,352,0,0,0,0,0,0.004165,0,-1.2607e-05,ok,1
BBMSCore,208,262,402,105324,0.0602423,3.71738e+06,38.7422,38.7422,620,0,0,0,0,0,0.060255,0,-1.2749e-05,ok,2
BBMSInter,208,262,402,105324,0.0103431,3.71738e+06,38.7422,38.7422,1442,0,0,0,0,0,0.010327,2.7e-05,-1.0861e-05,ok,2
BBMSDppInstant,208,262,402,105324,0.0213062,3.71738e+06,38.7422,38.7422,5843,0,0,0,0,0,0.021318,0,-1.1808e-05,ok,2
BBMSDppStepwise,208,262,402,105324,0.0234414,3.71738e+06,38.7422,38.7422,5664,0,0,0,0,0,0.00324,0.020213,-1.1604e-05,ok,2
DijkstraPrims,208,262,402,105324,0.00417412,3.71738e+06,38.7422,38.7422,352,0,0,0,0,0,0.004188,0,-1.3878e-05,ok,2
BBMSCore,209,24,432,10368,0.000702044,7.63467e+06,38.7461,38.7461,63,0,0,0,0,0,0.000713,0,-1.0956e-05,ok,0
BBMSInter,209,24,432,10368,0.00055907,7.63467e+06,38.7461,38.7461,144,0,0,0,0,0,0.000537,3.3e-05,-1.093e-05,ok,0
BBMSDppInstant,209,24,432,10368,0.00184976,7.63467e+06,38.7461,38.7461,553,0,0,0,0,0,0.001863,0,-1.3238e-05,ok,0
BBMSDppStepwise,209,24,432,10368,0.00197984,7.63467e+06,38.75,38.75,535,0,0,0,0,0,0.001991,0,-1.1165e-05,ok,0
DijkstraPrims,209,24,432,10368,0.00144463,7.63467e+06,38.75,38.75,129,0,0,0,0,0,0.001371,8.6e-05,-1.2373e-05,ok,0
BBMSCore,209,24,432,10368,0.00070744,7.63467e+06,38.75,38.75,63,0,0,0,0,0,0.000718,0,-1.056e-05,ok,1
BBMSInter,209,24,432,10368,0.000557448,7.63467e+06,38.75,38.75,144,0,0,0,0,0,0.000567,0,-9.552e-06,ok,1
BBMSDppInstant,209,24,432,10368,0.00186029,7.63467e+06,38.75,38.75,553,0,0,0,0,0,0.001872,0,-1.1714e-05,ok,1
BBMSDppStepwise,209,24,432,10368,0.0019702,7.63467e+06,38.75,38.75,535,0,0,0,0,0,0.001981,0,-1.0801e-05,ok,1
DijkstraPrims,209,24,432,10368,0.0014323,7.63467e+06,38.75,38.75,129,0,0,0,0,0,0.001444,0,-1.1705e-05,ok,1
BBMSCore,209,24,432,10368,0.000717358,7.63467e+06,38.75,38.75,63,0,0,0,0,0,0.000729,0,-1.1642e-05,ok,2
BBMSInter,209,24,432,10368,0.000570852,7.63467e+06,38.75,38.75,144,0,0,0,0,0,0.000583,0,-1.2148e-05,ok,2
BBMSDppInstant,209,24,432,10368,0.00186233,7.63467e+06,38.75,38.75,553,0,0,0,0,0,0.001875,0,-1.2669e-05,ok,2
BBMSDppStepwise,209,24,432,10368,0.00197899,7.63467e+06,38.75,38.75,535,0,0,0,0,0,0.001875,0.000117,-1.3009e-05,ok,2
DijkstraPrims,209,24,432,10368,0.00143912,7.63467e+06,38.75,38.75,129,0,0,0,0,0,0.001364,8.5e-05,-9.88e-06,ok,2
BBMSCore,210,24,1045,25080,0.00183701,2.14423e+07,38.7539,38.7539,154,0,0,0,0,0,0.00185,0,-1.2989e-05,ok,0
BBMSInter,210,24,1045,25080,0.00130929,2.14423e+07,38.7539,38.7539,350,0,0,0,0,0,0.001323,0,-1.3714e-05,ok,0
BBMSDppInstant,210,24,1045,25080,0.00479417,2.14423e+07,38.7539,38.7539,1358,0,0,0,0,0,0.004806,0,-1.1832e-05,ok,0
BBMSDppStepwise,210,24,1045,25080,0.00508828,2.14423e+07,38.7539,38.7539,1311,0,0,0,0,0,0.005099,0,-1.0722e-05,ok,0
DijkstraPrims,210,24,1045,25080,0.00230057,2.14423e+07,38.7539,38.7539,174,0,0,0,0,0,0.002311,0,-1.0432e-05,ok,0
BBMSCore,210,24,1045,25080,0.00187169,2.14423e+07,38.7539,38.7539,154,0,0,0,0,0,0.001882,0,-1.0306e-05,ok,1
BBMSInter,210,24,1045,25080,0.00129345,2.14423e+07,38.7539,38.7539,350,0,0,0,0,0,0.001304,0,-1.0555e-05,ok,1
BBMSDppInstant,210,24,1045,25080,0.00476847,2.14423e+07,38.7539,38.7539,1358,0,0,0,0,0,0.004779,0,-1.0528e-05,ok,1
BBMSDppStepwise,210,24,1045,25080,0.00506601,2.14423e+07,38.7539,38.7539,1311,0,0,0,0,0,0.005077,0,-1.0986e-05,ok,1
DijkstraPrims,210,24,1045,25080,0.00230219,2.14423e+07,38.7578,38.7578,174,0,0,0,0,0,0.002176,0.000136,-9.811e-06,ok,1
BBMSCore,210,24,1045,25080,0.00184979,2.14423e+07,38.7578,38.7578,154,0,0,0,0,0,0.001863,0,-1.321e-05,ok,2
BBMSInter,210,24,1045,25080,0.00134482,2.14423e+07,38.7578,38.7578,350,0,0,0,0,0,0.001356,0,-1.1177e-05,ok,2
BBMSDppInstant,210,24,1045,25080,0.00476816,2.14423e+07,38.7578,38.7578,1358,0,0,0,0,1,0.00477,0,-1.843e-06,ok,2
BBMSDppStepwise,210,24,1045,25080,0.00510334,2.14423e+07,38.7578,38.7578,1311,0,0,0,0,0,0.005116,0,-1.2662e-05,ok,2
DijkstraPrims,210,24,1045,25080,0.00232373,2.14423e+07,38.7578,38.7578,174,0,0,0,0,0,0.002337,0,-1.3273e-05,ok,2
BBMSCore,211,24,377,9048,0.00051128,1.44873e+06,38.7617,38.7617,56,0,0,0,0,0,0.000523,0,-1.172e-05,ok,0
BBMSInter,211,24,377,9048,0.000442224,1.44873e+06,38.7617,38.7617,126,0,0,0,0,0,0.000454,0,-1.1776e-05,ok,0
BBMSDppInstant,211,24,377,9048,0.00166361,1.44873e+06,38.7617,38.7617,484,0,0,0,0,0,0.001676,0,-1.2387e-05,ok,0
BBMSDppStepwise,211,24,377,9048,0.00173066,1.44873e+06,38.7617,38.7617,464,0,0,0,0,0,0.001742,0,-1.1342e-05,ok,0
DijkstraPrims,211,24,377,9048,0.00119119,1.44873e+06,38.7617,38.7617,79,0,0,0,0,0,0.001204,0,-1.2814e-05,ok,0
BBMSCore,211,24,377,9048,0.000523711,1.44873e+06,38.7656,38.7656,56,0,0,0,0,0,0.000536,0,-1.2289e-05,ok,1
BBMSInter,211,24,377,9048,0.000461893,1.44873e+06,38.7656,38.7656,126,0,0,0,0,0,0.000444,2.9e-05,-1.1107e-05,ok,1
BBMSDppInstant,211,24,377,9048,0.00170111,1.44873e+06,38.7656,38.7656,484,0,0,0,0,0,0,0.001711,-9.886e-06,ok,1
BBMSDppStepwise,211,24,377,9048,0.00173071,1.44873e+06,38.7656,38.7656,464,0,0,0,0,0,0.001639,0.000102,-1.0288e-05,ok,1
DijkstraPrims,211,24,377,9048,0.00119124,1.44873e+06,38.7656,38.7656,79,0,0,0,0,0,0.001133,7e-05,-1.1757e-05,ok,1
BBMSCore,211,24,377,9048,0.00052003,1.44873e+06,38.7656,38.7656,56,0,0,0,0,0,0.000531,0,-1.097e-05,ok,2
BBMSInter,211,24,377,9048,0.000435925,1.44873e+06,38.7656,38.7656,126,0,0,0,0,0,0.000447,0,-1.1075e-05,ok,2
BBMSDppInstant,211,24,377,9048,0.00167891,1.44873e+06,38.7656,38.7656,484,0,0,0,0,0,0.001692,0,-1.309e-05,ok,2
BBMSDppStepwise,211,24,377,9048,0.00170356,1.44873e+06,38.7656,38.7656,464,0,0,0,0,0,0.001714,0,-1.0436e-05,ok,2
DijkstraPrims,211,24,377,9048,0.00119823,1.44873e+06,38.7656,38.7656,79,0,0,0,0,0,0.001141,7.1e-05,-1.3768e-05,ok,2
BBMSCore,212,24,2423,58152,0.00311013,2.6413e+07,38.7695,38.7695,372,0,0,0,0,0,0.003124,0,-1.3874e-05,ok,0
BBMSInter,212,24,2423,58152,0.0028782,2.6413e+07,38.7695,38.7695,827,0,0,0,0,0,0.002893,0,-1.4795e-05,ok,0
BBMSDppInstant,212,24,2423,58152,0.0119016,2.6413e+07,38.7695,38.7695,3139,0,0,0,0,0,0.011914,0,-1.2359e-05,ok,0
BBMSDppStepwise,212,24,2423,58152,0.0121382,2.6413e+07,38.7695,38.7695,3054,0,0,0,0,0,0.012151,0,-1.2753e-05,ok,0
DijkstraPrims,212,24,2423,58152,0.00715758,2.6413e+07,38.7695,38.7695,661,0,0,0,0,0,0.00717,0,-1.242e-05,ok,0
BBMSCore,212,24,2423,58152,0.00310503,2.6413e+07,38.7695,38.7695,372,0,0,0,0,0,0.003117,0,-1.1966e-05,ok,1
BBMSInter,212,24,2423,58152,0.00287658,2.6413e+07,38.7695,38.7695,827,0,0,0,0,0,0.002887,0,-1.0417e-05,ok,1
BBMSDppInstant,212,24,2423,58152,0.0116982,2.6413e+07,38.7695,38.7695,3139,0,0,0,0,0,0.01171,0,-1.18e-05,ok,1
BBMSDppStepwise,212,24,2423,58152,0.0119496,2.6413e+07,38.7695,38.7695,3054,0,0,0,0,0,0.00185,0.010112,-1.2357e-05,ok,1
DijkstraPrims,212,24,2423,58152,0.00709828,2.6413e+07,38.7695,38.7695,661,0,0,0,0,0,0.00711,0,-1.1722e-05,ok,1
BBMSCore,212,24,2423,58152,0.00307879,2.6413e+07,38.7695,38.7695,372,0,0,0,0,0,0.00309,0,-1.1212e-05,ok,2
BBMSInter,212,24,2423,58152,0.00277694,2.6413e+07,38.7695,38.7695,827,0,0,0,0,0,0.002788,0,-1.1056e-05,ok,2
BBMSDppInstant,212,24,2423,58152,0.0115682,2.6413e+07,38.7695,38.7695,3139,0,0,0,0,0,0.001433,0.010146,-1.0844e-05,ok,2
BBMSDppStepwise,212,24,2423,58152,0.0119535,2.6413e+07,38.7695,38.7695,3054,0,0,0,0,0,0.002413,0.009552,-1.1543e-05,ok,2
DijkstraPrims,212,24,2423,58152,0.00724695,2.6413e+07,38.7695,38.7695,661,0,0,0,0,0,0.007261,0,-1.405e-05,ok,2
BBMSCore,213,24,40,960,5.8967e-05,3.13904e+06,38.7734,38.7734,2,0,0,0,0,0,7e-05,0,-1.1033e-05,ok,0
BBMSInter,213,24,40,960,6.1291e-05,3.13904e+06,38.7734,38.7734,15,0,0,0,0,0,7.2e-05,0,-1.0709e-05,ok,0
BBMSDppInstant,213,24,40,960,0.000139719,3.13904e+06,38.7734,38.7734,37,0,0,0,0,0,0.00015,0,-1.0281e-05,ok,0
BBMSDppStepwise,213,24,40,960,0.000158649,3.13904e+06,38.7734,38.7734,36,0,0,0,0,0,0.00016,1e-05,-1.1351e-05,ok,0
DijkstraPrims,213,24,40,960,7.0884e-05,3.13904e+06,38.7734,38.7734,2,0,0,0,0,0,8.3e-05,0,-1.2116e-05,ok,0
BBMSCore,213,24,40,960,5.8591e-05,3.13904e+06,38.7734,38.7734,2,0,0,0,0,0,6.6e-05,4e-06,-1.1409e-05,ok,1
BBMSInter,213,24,40,960,5.9731e-05,3.13904e+06,38.7734,38.7734,15,0,0,0,0,0,7.2e-05,0,-1.2269e-05,ok,1
BBMSDppInstant,213,24,40,960,0.000149469,3.13904e+06,38.7773,38.7773,37,0,0,0,0,0,0.000162,0,-1.2531e-05,ok,1
BBMSDppStepwise,213,24,40,960,0.00014483,3.13904e+06,38.7773,38.7773,36,0,0,0,0,0,0.000158,0,-1.317e-05,ok,1
DijkstraPrims,213,24,40,960,7.27e-05,3.13904e+06,38.7773,38.7773,2,0,0,0,0,0,8e-05,5e-06,-1.23e-05,ok,1
BBMSCore,213,24,40,960,5.7865e-05,3.13904e+06,38.7773,38.7773,2,0,0,0,0,0,6.9e-05,0,-1.1135e-05,ok,2
BBMSInter,213,24,40,960,7.5898e-05,3.13904e+06,38.7773,38.7773,15,0,0,0,0,0,8.7e-05,0,-1.1102e-05,ok,2
BBMSDppInstant,213,24,40,960,0.000155702,3.13904e+06,38.7773,38.7773,37,0,0,0,0,0,0.000167,0,-1.1298e-05,ok,2
BBMSDppStepwise,213,24,40,960,0.000141427,3.13904e+06,38.7773,38.7773,36,0,0,0,0,0,0.000153,0,-1.1573e-05,ok,2
DijkstraPrims,213,24,40,960,7.4299e-05,3.13904e+06,38.7812,38.7812,2,0,0,0,0,0,8.7e-05,0,-1.2701e-05,ok,2
BBMSCore,214,24,149,3576,0.000196986,5.14784e+06,38.7812,38.7812,23,0,0,0,0,0,0.000209,0,-1.2014e-05,ok,0
BBMSInter,214,24,149,3576,0.000197158,5.14784e+06,38.7852,38.7852,51,0,0,0,0,0,0.000218,0,-2.0842e-05,ok,0
BBMSDppInstant,214,24,149,3576,0.000643249,5.14784e+06,38.7852,38.7852,181,0,0,0,0,0,0.000654,0,-1.0751e-05,ok,0
BBMSDppStepwise,214,24,149,3576,0.000681662,5.14784e+06,38.7852,38.7852,177,0,0,0,0,0,0.000694,0,-1.2338e-05,ok,0
DijkstraPrims,214,24,149,3576,0.000458395,5.14784e+06,38.7852,38.7852,27,0,0,0,0,0,0.000443,2.7e-05,-1.1605e-05,ok,0
BBMSCore,214,24,149,3576,0.00020063,5.14784e+06,38.7852,38.7852,23,0,0,0,0,0,0.000211,0,-1.037e-05,ok,1
BBMSInter,214,24,149,3576,0.000202123,5.14784e+06,38.7852,38.7852,51,0,0,0,0,0,0.000201,1.3e-05,-1.1877e-05,ok,1
BBMSDppInstant,214,24,149,3576,0.000636939,5.14784e+06,38.7852,38.7852,181,0,0,0,0,0,0.000648,0,-1.1061e-05,ok,1
BBMSDppStepwise,214,24,149,3576,0.000694521,5.14784e+06,38.7852,38.7852,177,0,0,0,0,0,0.000664,4.2e-05,-1.1479e-05,ok,1
DijkstraPrims,214,24,149,3576,0.000458657,5.14784e+06,38.7852,38.7852,27,0,0,0,0,0,0.000471,0,-1.2343e-05,ok,1
BBMSCore,214,24,149,3576,0.000202075,5.14784e+06,38.7852,38.7852,23,0,0,0,0,0,0.000214,0,-1.1925e-05,ok,2
BBMSInter,214,24,149,3576,0.000188486,5.14784e+06,38.7852,38.7852,51,0,0,0,0,0,0.000199,0,-1.0514e-05,ok,2
BBMSDppInstant,214,24,149,3576,0.000642435,5.14784e+06,38.7852,38.7852,181,0,0,0,0,0,0.000656,0,-1.3565e-05,ok,2
BBMSDppStepwise,214,24,149,3576,0.000714204,5.14784e+06,38.7852,38.7852,177,0,0,0,0,0,0.000729,0,-1.4796e-05,ok,2
DijkstraPrims,214,24,149,3576,0.000463224,5.14784e+06,38.7852,38.7852,27,0,0,0,0,0,0.000476,0,-1.2776e-05,ok,2
BBMSCore,215,24,1009,24216,0.00124362,2.91897e+06,38.7891,38.7891,149,0,0,0,0,0,0.001255,0,-1.1378e-05,ok,0
BBMSInter,215,24,1009,24216,0.00119499,2.91897e+06,38.7891,38.7891,339,0,0,0,0,0,0.001206,0,-1.1014e-05,ok,0
BBMSDppInstant,215,24,1009,24216,0.00471673,2.91897e+06,38.7891,38.7891,1299,0,0,0,0,0,0.004729,0,-1.2273e-05,ok,0
BBMSDppStepwise,215,24,1009,24216,0.00484874,2.91897e+06,38.7891,38.7891,1267,0,0,0,0,0,0.004575,0.000286,-1.2263e-05,ok,0
DijkstraPrims,215,24,1009,24216,0.00176752,2.91897e+06,38.7891,38.7891,137,0,0,0,0,0,0.001778,0,-1.0482e-05,ok,0
BBMSCore,215,24,1009,24216,0.0012313,2.91897e+06,38.7891,38.7891,149,0,0,0,0,0,0.001243,0,-1.1698e-05,ok,1
BBMSInter,215,24,1009,24216,0.00117705,2.91897e+06,38.7891,38.7891,339,0,0,0,0,0,0.001189,0,-1.1946e-05,ok,1
BBMSDppInstant,215,24,1009,24216,0.00483137,2.91897e+06,38.7891,38.7891,1299,0,0,0,0,0,0.004846,0,-1.463e-05,ok,1
BBMSDppStepwise,215,24,1009,24216,0.00485012,2.91897e+06,38.793,38.793,1267,0,0,0,0,0,0.004862,0,-1.1883e-05,ok,1
DijkstraPrims,215,24,1009,24216,0.00179422,2.91897e+06,38.793,38.793,137,0,0,0,0,0,0.001805,0,-1.0778e-05,ok,1
BBMSCore,215,24,1009,24216,0.00125534,2.91897e+06,38.793,38.793,149,0,0,0,0,0,0.001267,0,-1.1658e-05,ok,2
BBMSInter,215,24,1009,24216,0.00119718,2.91897e+06,38.793,38.793,339,0,0,0,0,0,0.001216,0,-1.8823e-05,ok,2
BBMSDppInstant,215,24,1009,24216,0.00467852,2.91897e+06,38.793,38.793,1299,0,0,0,0,0,0,0.004691,-1.248e-05,ok,2
BBMSDppStepwise,215,24,1009,24216,0.00491893,2.91897e+06,38.793,38.793,1267,0,0,0,0,0,0.004931,0,-1.2071e-05,ok,2
DijkstraPrims,215,24,1009,24216,0.00177755,2.91897e+06,38.793,38.793,137,0,0,0,0,0,0.001788,0,-1.0448e-05,ok,2
BBMSCore,216,24,631,15144,0.00088475,1.72842e+07,38.7969,38.7969,91,0,0,0,0,0,0.000897,0,-1.225e-05,ok,0
BBMSInter,216,24,631,15144,0.000777946,1.72842e+07,38.7969,38.7969,210,0,0,0,0,0,0.000742,4.6e-05,-1.0054e-05,ok,0
BBMSDppInstant,216,24,631,15144,0.00291832,1.72842e+07,38.7969,38.7969,819,0,0,0,0,0,0.002932,0,-1.3683e-05,ok,0
BBMSDppStepwise,216,24,631,15144,0.00304714,1.72842e+07,38.7969,38.7969,789,0,0,0,0,0,0.003059,0,-1.1858e-05,ok,0
DijkstraPrims,216,24,631,15144,0.00184616,1.72842e+07,38.7969,38.7969,136,0,0,0,0,0,0.001748,0.000109,-1.0842e-05,ok,0
BBMSCore,216,24,631,15144,0.000866414,1.72842e+07,38.7969,38.7969,91,0,0,0,0,0,0.000827,5.1e-05,-1.1586e-05,ok,1
BBMSInter,216,24,631,15144,0.000786966,1.72842e+07,38.7969,38.7969,210,0,0,0,0,0,0.000799,0,-1.2034e-05,ok,1
BBMSDppInstant,216,24,631,15144,0.00289857,1.72842e+07,38.7969,38.7969,819,0,0,0,0,0,0.00291,0,-1.1432e-05,ok,1
BBMSDppStepwise,216,24,631,15144,0.00304481,1.72842e+07,38.7969,38.7969,789,0,0,0,0,0,0.003057,0,-1.2194e-05,ok,1
DijkstraPrims,216,24,631,15144,0.00183365,1.72842e+07,38.7969,38.7969,136,0,0,0,0,0,0.001846,0,-1.2346e-05,ok,1
BBMSCore,216,24,631,15144,0.000875698,1.72842e+07,38.7969,38.7969,91,0,0,0,0,0,0.000887,0,-1.1302e-05,ok,2
BBMSInter,216,24,631,15144,0.000765422,1.72842e+07,38.7969,38.7969,210,0,0,0,0,0,0.000732,4.6e-05,-1.2578e-05,ok,2
BBMSDppInstant,216,24,631,15144,0.00292056,1.72842e+07,38.7969,38.7969,819,0,0,0,0,0,0,0.002931,-1.0436e-05,ok,2
BBMSDppStepwise,216,24,631,15144,0.00300623,1.72842e+07,38.7969,38.7969,789,0,0,0,0,0,0.002841,0.000177,-1.1765e-05,ok,2
DijkstraPrims,216,24,631,15144,0.00184451,1.72842e+07,38.7969,38.7969,136,0,0,0,0,0,0.001856,0,-1.1487e-05,ok,2
BBMSCore,217,24,542,13008,0.00109679,7.30198e+06,38.8008,38.8008,79,0,0,0,0,0,0.001108,0,-1.1212e-05,ok,0
BBMSInter,217,24,542,13008,0.0007876,7.30198e+06,38.8008,38.8008,180,0,0,0,0,0,0.000798,0,-1.04e-05,ok,0
BBMSDppInstant,217,24,542,13008,0.00240202,7.30198e+06,38.8008,38.8008,699,0,0,0,0,0,0.002412,0,-9.976e-06,ok,0
BBMSDppStepwise,217,24,542,13008,0.00263984,7.30198e+06,38.8008,38.8008,673,0,0,0,0,0,0.002505,0.000147,-1.2159e-05,ok,0
DijkstraPrims,217,24,542,13008,0.00182527,7.30198e+06,38.8047,38.8047,137,0,0,0,0,0,0.001837,0,-1.1728e-05,ok,0
BBMSCore,217,24,542,13008,0.0010918,7.30198e+06,38.8047,38.8047,79,0,0,0,0,0,0.001102,0,-1.0202e-05,ok,1
BBMSInter,217,24,542,13008,0.000789147,7.30198e+06,38.8047,38.8047,180,0,0,0,0,0,0.000801,0,-1.1853e-05,ok,1
BBMSDppInstant,217,24,542,13008,0.00247762,7.30198e+06,38.8047,38.8047,699,0,0,0,0,0,0.002489,0,-1.1382e-05,ok,1
BBMSDppStepwise,217,24,542,13008,0.00273144,7.30198e+06,38.8047,38.8047,673,0,0,0,0,0,0.002743,0,-1.1559e-05,ok,1
DijkstraPrims,217,24,542,13008,0.00183367,7.30198e+06,38.8047,38.8047,137,0,0,0,0,0,0.001845,0,-1.1334e-05,ok,1
BBMSCore,217,24,542,13008,0.00108642,7.30198e+06,38.8086,38.8086,79,0,0,0,0,0,0.0011,0,-1.3577e-05,ok,2
BBMSInter,217,24,542,13008,0.000799585,7.30198e+06,38.8086,38.8086,180,0,0,0,0,0,0.000811,0,-1.1415e-05,ok,2
BBMSDppInstant,217,24,542,13008,0.00244429,7.30198e+06,38.8086,38.8086,699,0,0,0,0,0,0.002456,0,-1.1715e-05,ok,2
BBMSDppStepwise,217,24,542,13008,0.00260309,7.30198e+06,38.8086,38.8086,673,0,0,0,0,0,0,0.002614,-1.0906e-05,ok,2
DijkstraPrims,217,24,542,13008,0.00183385,7.30198e+06,38.8086,38.8086,137,0,0,0,0,0,0.001847,0,-1.3145e-05,ok,2
BBMSCore,218,24,215,5160,0.000279197,9.23124e+06,38.8125,38.8125,32,0,0,0,0,0,0.000291,0,-1.1803e-05,ok,0
BBMSInter,218,24,215,5160,0.000261003,9.23124e+06,38.8125,38.8125,73,0,0,0,0,0,0.000272,0,-1.0997e-05,ok,0
BBMSDppInstant,218,24,215,5160,0.000899112,9.23124e+06,38.8125,38.8125,264,0,0,0,0,0,0.000856,5.1e-05,-7.888e-06,ok,0
BBMSDppStepwise,218,24,215,5160,0.000932125,9.23124e+06,38.8125,38.8125,261,0,0,0,0,0,0.000944,0,-1.1875e-05,ok,0
DijkstraPrims,218,24,215,5160,0.000198324,9.23124e+06,38.8125,38.8125,7,0,0,0,0,0,0.000209,0,-1.0676e-05,ok,0
BBMSCore,218,24,215,5160,0.000278381,9.23124e+06,38.8125,38.8125,32,0,0,0,0,0,0.000289,0,-1.0619e-05,ok,1
BBMSInter,218,24,215,5160,0.000260285,9.23124e+06,38.8125,38.8125,73,0,0,0,0,0,0.000271,0,-1.0715e-05,ok,1
BBMSDppInstant,218,24,215,5160,0.000916084,9.23124e+06,38.8125,38.8125,264,0,0,0,0,0,0.000872,5.5e-05,-1.0916e-05,ok,1
BBMSDppStepwise,218,24,215,5160,0.00092935,9.23124e+06,38.8125,38.8125,261,0,0,0,0,0,0.00094,0,-1.065e-05,ok,1
DijkstraPrims,218,24,215,5160,0.000200451,9.23124e+06,38.8125,38.8125,7,0,0,0,0,0,0.0002,1.3e-05,-1.2549e-05,ok,1
BBMSCore,218,24,215,5160,0.000281521,9.23124e+06,38.8125,38.8125,32,0,0,0,0,0,0.000276,1.7e-05,-1.1479e-05,ok,2
BBMSInter,218,24,215,5160,0.000268719,9.23124e+06,38.8125,38.8125,73,0,0,0,0,0,0.000282,0,-1.3281e-05,ok,2
BBMSDppInstant,218,24,215,5160,0.000951224,9.23124e+06,38.8125,38.8125,264,0,0,0,0,0,0.000963,0,-1.1776e-05,ok,2
BBMSDppStepwise,218,24,215,5160,0.00091516,9.23124e+06,38.8125,38.8125,261,0,0,0,0,0,0.000926,0,-1.084e-05,ok,2
DijkstraPrims,218,24,215,5160,0.000200774,9.23124e+06,38.8125,38.8125,7,0,0,0,0,0,0.000212,0,-1.1226e-05,ok,2
BBMSCore,219,24,1445,34680,0.00186568,1.78435e+07,38.8164,38.8164,213,0,0,0,0,0,0.001876,0,-1.0325e-05,ok,0
BBMSInter,219,24,1445,34680,0.00187907,1.78435e+07,38.8164,38.8164,484,0,0,0,0,0,0.00189,0,-1.0926e-05,ok,0
BBMSDppInstant,219,24,1445,34680,0.00706841,1.78435e+07,38.8164,38.8164,1908,0,0,0,0,0,0.007079,0,-1.059e-05,ok,0
BBMSDppStepwise,219,24,1445,34680,0.00762954,1.78435e+07,38.8164,38.8164,1832,0,0,0,0,0,0,0.007641,-1.146e-05,ok,0
DijkstraPrims,219,24,1445,34680,0.00516995,1.78435e+07,38.8164,38.8164,398,0,0,0,0,0,0.005182,0,-1.2054e-05,ok,0
BBMSCore,219,24,1445,34680,0.00184995,1.78435e+07,38.8164,38.8164,213,0,0,0,0,0,0.001757,0.000103,-1.0045e-05,ok,1
BBMSInter,219,24,1445,34680,0.00176892,1.78435e+07,38.8164,38.8164,484,0,0,0,0,0,0.001779,0,-1.0076e-05,ok,1
BBMSDppInstant,219,24,1445,34680,0.00710996,1.78435e+07,38.8164,38.8164,1908,0,0,0,0,0,0.007121,0,-1.1037e-05,ok,1
BBMSDppStepwise,219,24,1445,34680,0.00740065,1.78435e+07,38.8164,38.8164,1832,0,0,0,0,0,0.007414,0,-1.3348e-05,ok,1
DijkstraPrims,219,24,1445,34680,0.00515549,1.78435e+07,38.8164,38.8164,398,0,0,0,0,0,0.005166,0,-1.0509e-05,ok,1
BBMSCore,219,24,1445,34680,0.00186296,1.78435e+07,38.8164,38.8164,213,0,0,0,0,0,0.001873,0,-1.0042e-05,ok,2
BBMSInter,219,24,1445,34680,0.00179497,1.78435e+07,38.8203,38.8203,484,0,0,0,0,0,0.001701,0.000106,-1.2031e-05,ok,2
BBMSDppInstant,219,24,1445,34680,0.0071146,1.78435e+07,38.8203,38.8203,1908,0,0,0,0,0,0,0.007126,-1.1403e-05,ok,2
BBMSDppStepwise,219,24,1445,34680,0.00738356,1.78435e+07,38.8203,38.8203,1832,0,0,0,0,0,0.007395,0,-1.1439e-05,ok,2
DijkstraPrims,219,24,1445,34680,0.00520001,1.78435e+07,38.8203,38.8203,398,0,0,0,0,0,0.005212,0,-1.1986e-05,ok,2
BBMSCore,220,24,1098,26352,0.0013138,1.74168e+07,38.8203,38.8203,162,0,0,0,0,0,0.001251,7.4e-05,-1.1204e-05,ok,0
BBMSInter,220,24,1098,26352,0.00129086,1.74168e+07,38.8242,38.8242,368,0,0,0,0,0,0.001301,0,-1.0135e-05,ok,0
BBMSDppInstant,220,24,1098,26352,0.00501178,1.74168e+07,38.8242,38.8242,1420,0,0,0,0,0,0.004432,0.000591,-1.1222e-05,ok,0
BBMSDppStepwise,220,24,1098,26352,0.00522894,1.74168e+07,38.8242,38.8242,1380,0,0,0,0,0,0,0.005241,-1.2062e-05,ok,0
DijkstraPrims,220,24,1098,26352,0.00219793,1.74168e+07,38.8242,38.8242,163,0,0,0,0,0,0.002078,0.00013,-1.0072e-05,ok,0
BBMSCore,220,24,1098,26352,0.00132119,1.74168e+07,38.8242,38.8242,162,0,0,0,0,0,0.001332,0,-1.0807e-05,ok,1
BBMSInter,220,24,1098,26352,0.00124759,1.74168e+07,38.8242,38.8242,368,0,0,0,0,0,0.001259,0,-1.1414e-05,ok,1
BBMSDppInstant,220,24,1098,26352,0.00517858,1.74168e+07,38.8242,38.8242,1420,0,0,0,0,0,0.005191,0,-1.2417e-05,ok,1
BBMSDppStepwise,220,24,1098,26352,0.00545021,1.74168e+07,38.8242,38.8242,1380,0,0,0,0,0,0.005463,0,-1.2794e-05,ok,1
DijkstraPrims,220,24,1098,26352,0.00218651,1.74168e+07,38.8281,38.8281,163,0,0,0,0,0,0.002075,0.000122,-1.0494e-05,ok,1
BBMSCore,220,24,1098,26352,0.00130903,1.74168e+07,38.8281,38.8281,162,0,0,0,0,0,0.00132,0,-1.0966e-05,ok,2
BBMSInter,220,24,1098,26352,0.00133265,1.74168e+07,38.8281,38.8281,368,0,0,0,0,0,0.001345,0,-1.2351e-05,ok,2
BBMSDppInstant,220,24,1098,26352,0.00500625,1.74168e+07,38.8281,38.8281,1420,0,0,0,0,0,0.005018,0,-1.1746e-05,ok,2
BBMSDppStepwise,220,24,1098,26352,0.00533472,1.74168e+07,38.8281,38.8281,1380,0,0,0,0,0,0.005347,0,-1.228e-05,ok,2
DijkstraPrims,220,24,1098,26352,0.00219808,1.74168e+07,38.8281,38.8281,163,0,0,0,0,0,0.002086,0.000123,-1.0923e-05,ok,2
BBMSCore,221,24,402,9648,0.000558501,9.22259e+06,38.832,38.832,59,0,0,0,0,0,0.000571,0,-1.2499e-05,ok,0
BBMSInter,221,24,402,9648,0.000515991,9.22259e+06,38.832,38.832,134,0,0,0,0,0,0.000529,0,-1.3009e-05,ok,0
BBMSDppInstant,221,24,402,9648,0.00181568,9.22259e+06,38.832,38.832,511,0,0,0,0,0,0.001829,0,-1.3318e-05,ok,0
BBMSDppStepwise,221,24,402,9648,0.00193272,9.22259e+06,38.832,38.832,501,0,0,0,0,0,0.001945,0,-1.2275e-05,ok,0
DijkstraPrims,221,24,402,9648,0.00142172,9.22259e+06,38.832,38.832,88,0,0,0,0,0,0.001265,0.000169,-1.2278e-05,ok,0
BBMSCore,221,24,402,9648,0.000557334,9.22259e+06,38.832,38.832,59,0,0,0,0,0,0.000569,0,-1.1666e-05,ok,1
BBMSInter,221,24,402,9648,0.000515784,9.22259e+06,38.832,38.832,134,0,0,0,0,0,0.000527,0,-1.1216e-05,ok,1
BBMSDppInstant,221,24,402,9648,0.00185635,9.22259e+06,38.832,38.832,511,0,0,0,0,0,0.001869,0,-1.2652e-05,ok,1
BBMSDppStepwise,221,24,402,9648,0.00197006,9.22259e+06,38.832,38.832,501,0,0,0,0,0,0.001982,0,-1.1943e-05,ok,1
DijkstraPrims,221,24,402,9648,0.00142512,9.22259e+06,38.832,38.832,88,0,0,0,0,0,0.001436,0,-1.0878e-05,ok,1
BBMSCore,221,24,402,9648,0.000548154,9.22259e+06,38.832,38.832,59,0,0,0,0,0,0.000559,0,-1.0846e-05,ok,2
BBMSInter,221,24,402,9648,0.000497198,9.22259e+06,38.832,38.832,134,0,0,0,0,0,0.000478,3e-05,-1.0802e-05,ok,2
BBMSDppInstant,221,24,402,9648,0.00183102,9.22259e+06,38.8359,38.8359,511,0,0,0,0,0,0.001841,0,-9.981e-06,ok,2
BBMSDppStepwise,221,24,402,9648,0.00194074,9.22259e+06,38.8359,38.8359,501,0,0,0,0,0,0.001952,0,-1.1256e-05,ok,2
DijkstraPrims,221,24,402,9648,0.00142285,9.22259e+06,38.8359,38.8359,88,0,0,0,0,0,0.001348,8.4e-05,-9.148e-06,ok,2
BBMSCore,222,432,1045,451440,0.555329,1.39701e+07,38.8359,38.8359,2655,0,0,0,0,5,0.545681,0.009602,4.6e-05,ok,0
BBMSInter,222,432,1045,451440,0.04493,1.39701e+07,38.8398,38.8398,6182,0,0,0,0,0,0.044942,0,-1.2009e-05,ok,0
BBMSDppInstant,222,432,1045,451440,0.0975018,1.39701e+07,38.8398,100.277,25089,0,0,0,0,0,0.057401,0.040114,-1.3218e-05,ok,0
BBMSDppStepwise,222,432,1045,451440,0.148173,1.39701e+07,38.8398,95.3359,23558,0,0,0,0,0,0.118067,0.03012,-1.3519e-05,ok,0
DijkstraPrims,222,432,1045,451440,0.0289093,1.39701e+07,38.8398,38.8398,2773,0,0,0,0,0,0.018738,0.010185,-1.3715e-05,ok,0
BBMSCore,222,432,1045,451440,0.555304,1.39701e+07,38.8398,38.8398,2655,0,0,0,0,2,0.555302,0,2.166e-06,ok,1
BBMSInter,222,432,1045,451440,0.0444693,1.39701e+07,38.8398,38.8398,6182,0,0,0,0,0,0.044482,0,-1.2711e-05,ok,1
BBMSDppInstant,222,432,1045,451440,0.0983845,1.39701e+07,38.8398,100.289,25089,0,0,0,0,1,0.068368,0.03001,6.495e-06,ok,1
BBMSDppStepwise,222,432,1045,451440,0.148155,1.39701e+07,38.8398,95.3359,23558,0,0,0,0,0,0.109118,0.039051,-1.3978e-05,ok,1
DijkstraPrims,222,432,1045,451440,0.0289453,1.39701e+07,38.8398,38.8398,2773,0,0,0,0,0,0.018868,0.010091,-1.373e-05,ok,1
BBMSCore,222,432,1045,451440,0.554897,1.39701e+07,38.8398,38.8398,2655,0,0,0,0,1,0.554543,0.000364,-9.672e-06,ok,2
BBMSInter,222,432,1045,451440,0.0449322,1.39701e+07,38.8398,38.8398,6182,0,0,0,0,0,0.035049,0.009898,-1.4816e-05,ok,2
BBMSDppInstant,222,432,1045,451440,0.0980874,1.39701e+07,38.8398,100.281,25089,0,0,0,0,1,0.057923,0.040166,-1.648e-06,ok,2
BBMSDppStepwise,222,432,1045,451440,0.150798,1.39701e+07,38.8398,95.332,23558,0,0,0,0,0,0.140675,0.010137,-1.4333e-05,ok,2
DijkstraPrims,222,432,1045,451440,0.0291826,1.39701e+07,38.8398,38.8398,2773,0,0,0,0,0,0.029195,0,-1.2429e-05,ok,2
BBMSCore,223,432,377,162864,0.124029,6.38851e+06,38.8438,38.8438,957,0,0,0,0,0,0.124045,0,-1.6476e-05,ok,0
BBMSInter,223,432,377,162864,0.0112717,6.38851e+06,38.8438,38.8438,2229,0,0,0,0,0,0.011107,0.000176,-1.1328e-05,ok,0
BBMSDppInstant,223,432,377,162864,0.0296954,6.38851e+06,38.8438,38.8438,8792,0,0,0,0,0,0.009455,0.020253,-1.2592e-05,ok,0
BBMSDppStepwise,223,432,377,162864,0.0321559,6.38851e+06,38.8438,38.8438,8465,0,0,0,0,0,0.022227,0.009941,-1.2073e-05,ok,0
DijkstraPrims,223,432,377,162864,0.0214883,6.38851e+06,38.8438,38.8438,1816,0,0,0,0,0,0.001925,0.019576,-1.2691e-05,ok,0
BBMSCore,223,432,377,162864,0.124771,6.38851e+06,38.8438,38.8438,957,0,0,0,0,2,0.124692,0,7.9243e-05,ok,1
BBMSInter,223,432,377,162864,0.0113499,6.38851e+06,38.8438,38.8438,2229,0,0,0,0,0,0.001041,0.010323,-1.4071e-05,ok,1
BBMSDppInstant,223,432,377,162864,0.029577,6.38851e+06,38.8438,38.8438,8792,0,0,0,0,0,0.019907,0.009683,-1.3046e-05,ok,1
BBMSDppStepwise,223,432,377,162864,0.0321771,6.38851e+06,38.8438,38.8438,8465,0,0,0,0,0,0.02191,0.010282,-1.4896e-05,ok,1
DijkstraPrims,223,432,377,162864,0.021534,6.38851e+06,38.8438,38.8438,1816,0,0,0,0,0,0.011315,0.01023,-1.103e-05,ok,1
BBMSCore,223,432,377,162864,0.124123,6.38851e+06,38.8438,38.8438,957,0,0,0,0,0,0.124136,0,-1.2901e-05,ok,2
BBMSInter,223,432,377,162864,0.0111671,6.38851e+06,38.8438,38.8438,2229,0,0,0,0,0,0.011098,8.1e-05,-1.1914e-05,ok,2
BBMSDppInstant,223,432,377,162864,0.0294724,6.38851e+06,38.8438,38.8438,8792,0,0,0,0,0,0.019406,0.010081,-1.4576e-05,ok,2
BBMSDppStepwise,223,432,377,162864,0.0325122,6.38851e+06,38.8477,38.8477,8465,0,0,0,0,0,0.022741,0.009783,-1.1819e-05,ok,2
DijkstraPrims,223,432,377,162864,0.0215255,6.38851e+06,38.8516,38.8516,1816,0,0,0,0,0,0.02154,0,-1.4513e-05,ok,2
BBMSCore,224,432,2423,1046736,2.17124,1.88844e+07,38.8516,38.8516,6167,0,0,0,0,8,2.16123,0.00998,3.016e-05,ok,0
BBMSInter,224,432,2423,1046736,0.130258,1.88844e+07,38.8555,59.7227,14344,0,0,0,0,2,0.10997,0.020285,3.133e-06,ok,0
BBMSDppInstant,224,432,2423,1046736,0.233047,1.88844e+07,38.8555,222.129,56632,0,0,0,0,1,0.151552,0.08147,2.4857e-05,ok,0
BBMSDppStepwise,224,432,2423,1046736,0.338816,1.88844e+07,38.8555,212.93,53748,0,0,0,0,2,0.258292,0.080518,5.586e-06,ok,0
DijkstraPrims,224,432,2423,1046736,0.0375893,1.88844e+07,38.8555,38.8555,3214,0,0,0,0,0,0.037602,0,-1.266e-05,ok,0
BBMSCore,224,432,2423,1046736,2.17109,1.88844e+07,38.8555,38.8555,6167,0,0,0,0,8,2.17076,0,0.000329595,ok,1
BBMSInter,224,432,2423,1046736,0.13003,1.88844e+07,38.8555,59.75,14344,0,0,0,0,0,0.109716,0.020328,-1.3975e-05,ok,1
BBMSDppInstant,224,432,2423,1046736,0.231928,1.88844e+07,38.8555,222.07,56632,0,0,0,0,0,0.150687,0.081256,-1.526e-05,ok,1
BBMSDppStepwise,224,432,2423,1046736,0.33725,1.88844e+07,38.8555,212.734,53748,0,0,0,0,3,0.267041,0.07018,2.9176e-05,ok,1
DijkstraPrims,224,432,2423,1046736,0.03731,1.88844e+07,38.8555,38.8555,3214,0,0,0,0,0,0.037325,0,-1.4958e-05,ok,1
BBMSCore,224,432,2423,1046736,2.17074,1.88844e+07,38.8555,38.8555,6167,0,0,0,0,5,2.1607,0.010021,1.8467e-05,ok,2
BBMSInter,224,432,2423,1046736,0.129326,1.88844e+07,38.8555,59.7344,14344,0,0,0,0,0,0.109741,0.019597,-1.2036e-05,ok,2
BBMSDppInstant,224,432,2423,1046736,0.23183,1.88844e+07,38.8555,222.125,56632,0,0,0,0,1,0.152548,0.079278,3.631e-06,ok,2
BBMSDppStepwise,224,432,2423,1046736,0.339376,1.88844e+07,38.8555,212.906,53748,0,0,0,0,1,0.289028,0.050349,-6.49e-07,ok,2
DijkstraPrims,224,432,2423,1046736,0.0372924,1.88844e+07,38.8555,38.8555,3214,0,0,0,0,0,0.037306,0,-1.3612e-05,ok,2
BBMSCore,225,432,40,17280,0.00806821,1.06503e+07,38.8594,38.8594,104,0,0,0,0,0,0.008079,0,-1.079e-05,ok,0
BBMSInter,225,432,40,17280,0.00108785,1.06503e+07,38.8594,38.8594,239,0,0,0,0,0,0.001099,0,-1.1152e-05,ok,0
BBMSDppInstant,225,432,40,17280,0.00295362,1.06503e+07,38.8594,38.8594,893,0,0,0,0,0,0.002965,0,-1.1376e-05,ok,0
BBMSDppStepwise,225,432,40,17280,0.00321015,1.06503e+07,38.8594,38.8594,877,0,0,0,0,0,0.003043,0.000179,-1.1846e-05,ok,0
DijkstraPrims,225,432,40,17280,0.00204535,1.06503e+07,38.8594,38.8594,169,0,0,0,0,0,0.002057,0,-1.1653e-05,ok,0
BBMSCore,225,432,40,17280,0.00808434,1.06503e+07,38.8594,38.8594,104,0,0,0,0,0,0,0.008095,-1.066e-05,ok,1
BBMSInter,225,432,40,17280,0.0010867,1.06503e+07,38.8594,38.8594,239,0,0,0,0,0,0.001035,6.1e-05,-9.304e-06,ok,1
BBMSDppInstant,225,432,40,17280,0.00296375,1.06503e+07,38.8594,38.8594,893,0,0,0,0,0,0.002809,0.000165,-1.0246e-05,ok,1
BBMSDppStepwise,225,432,40,17280,0.00326997,1.06503e+07,38.8594,38.8594,877,0,0,0,0,0,0.00328,0,-1.0031e-05,ok,1
DijkstraPrims,225,432,40,17280,0.00234031,1.06503e+07,38.8594,38.8594,169,0,0,0,0,1,0.002129,0,0.000211312,ok,1
BBMSCore,225,432,40,17280,0.00808068,1.06503e+07,38.8594,38.8594,104,0,0,0,0,0,0.00809,0,-9.323e-06,ok,2
BBMSInter,225,432,40,17280,0.00112881,1.06503e+07,38.8594,38.8594,239,0,0,0,0,0,0,0.001138,-9.189e-06,ok,2
BBMSDppInstant,225,432,40,17280,0.00298647,1.06503e+07,38.8594,38.8594,893,0,0,0,0,0,0.002997,0,-1.0534e-05,ok,2
BBMSDppStepwise,225,432,40,17280,0.00322289,1.06503e+07,38.8594,38.8594,877,0,0,0,0,0,0.003234,0,-1.1112e-05,ok,2
DijkstraPrims,225,432,40,17280,0.00205139,1.06503e+07,38.8594,38.8594,169,0,0,0,0,0,0.002063,0,-1.161e-05,ok,2
BBMSCore,226,432,149,64368,0.0396406,5.16319e+06,38.8633,38.8633,380,0,0,0,0,0,0.039654,0,-1.3405e-05,ok,0
BBMSInter,226,432,149,64368,0.00327825,5.16319e+06,38.8672,38.8672,883,0,0,0,0,0,0.00329,0,-1.1749e-05,ok,0
BBMSDppInstant,226,432,149,64368,0.0113015,5.16319e+06,38.8672,38.8672,3449,0,0,0,0,0,0.011313,0,-1.1495e-05,ok,0
BBMSDppStepwise,226,432,149,64368,0.01207,5.16319e+06,38.8672,38.8672,3331,0,0,0,0,0,0.012082,0,-1.1976e-05,ok,0
DijkstraPrims,226,432,149,64368,0.00574834,5.16319e+06,38.8672,38.8672,447,0,0,0,0,0,0.005761,0,-1.2656e-05,ok,0
BBMSCore,226,432,149,64368,0.0396026,5.16319e+06,38.8672,38.8672,380,0,0,0,0,0,0.039614,0,-1.1382e-05,ok,1
BBMSInter,226,432,149,64368,0.00317084,5.16319e+06,38.8672,38.8672,883,0,0,0,0,0,0.003004,0.000177,-1.0161e-05,ok,1
BBMSDppInstant,226,432,149,64368,0.01137,5.16319e+06,38.8672,38.8672,3449,0,0,0,0,0,0.011381,0,-1.0971e-05,ok,1
BBMSDppStepwise,226,432,149,64368,0.0120442,5.16319e+06,38.8672,38.8672,3331,0,0,0,0,0,0.001971,0.010084,-1.08e-05,ok,1
DijkstraPrims,226,432,149,64368,0.00568467,5.16319e+06,38.8672,38.8672,447,0,0,0,0,0,0.005696,0,-1.1332e-05,ok,1
BBMSCore,226,432,149,64368,0.0396249,5.16319e+06,38.8672,38.8672,380,0,0,0,0,0,0.039621,1.5e-05,-1.1057e-05,ok,2
BBMSInter,226,432,149,64368,0.00319797,5.16319e+06,38.8672,38.8672,883,0,0,0,0,0,0.00303,0.000179,-1.1031e-05,ok,2
BBMSDppInstant,226,432,149,64368,0.0114593,5.16319e+06,38.8672,38.8672,3449,0,0,0,0,0,0.011472,0,-1.2718e-05,ok,2
BBMSDppStepwise,226,432,149,64368,0.012118,5.16319e+06,38.8672,38.8672,3331,0,0,0,0,0,0.012129,0,-1.1019e-05,ok,2
DijkstraPrims,226,432,149,64368,0.0057398,5.16319e+06,38.8672,38.8672,447,0,0,0,0,0,0.005752,0,-1.2196e-05,ok,2
BBMSCore,227,432,1009,435888,0.38498,5.42612e+06,38.8711,38.8711,2564,0,0,0,0,3,0.384891,0,8.8778e-05,ok,0
BBMSInter,227,432,1009,435888,0.0417429,5.42612e+06,38.8711,38.8711,5969,0,0,0,0,0,0.031887,0.009868,-1.2131e-05,ok,0
BBMSDppInstant,227,432,1009,435888,0.0912491,5.42612e+06,38.8711,97.3672,24055,0,0,0,0,0,0.041959,0.049303,-1.2924e-05,ok,0
BBMSDppStepwise,227,432,1009,435888,0.103113,5.42612e+06,38.8711,91.5664,22600,0,0,0,0,0,0.053446,0.049683,-1.6096e-05,ok,0
DijkstraPrims,227,432,1009,435888,0.0730312,5.42612e+06,38.875,38.875,6121,0,0,0,0,0,0.062983,0.010062,-1.3757e-05,ok,0
BBMSCore,227,432,1009,435888,0.383974,5.42612e+06,38.875,38.875,2564,0,0,0,0,1,0.373994,0.009987,-6.599e-06,ok,1
BBMSInter,227,432,1009,435888,0.0414691,5.42612e+06,38.875,38.875,5969,0,0,0,0,0,0.031148,0.010334,-1.2942e-05,ok,1
BBMSDppInstant,227,432,1009,435888,0.0925561,5.42612e+06,38.875,97.3672,24055,0,0,0,0,0,0.061643,0.030925,-1.1873e-05,ok,1
BBMSDppStepwise,227,432,1009,435888,0.103065,5.42612e+06,38.875,91.5664,22600,0,0,0,0,0,0.033228,0.06985,-1.2896e-05,ok,1
DijkstraPrims,227,432,1009,435888,0.0737588,5.42612e+06,38.875,38.875,6121,0,0,0,0,0,0.073772,0,-1.3194e-05,ok,1
BBMSCore,227,432,1009,435888,0.382796,5.42612e+06,38.875,38.875,2564,0,0,0,0,2,0.372613,0.010144,3.8626e-05,ok,2
BBMSInter,227,432,1009,435888,0.0414868,5.42612e+06,38.875,38.875,5969,0,0,0,0,0,0.031171,0.010328,-1.2153e-05,ok,2
BBMSDppInstant,227,432,1009,435888,0.0923115,5.42612e+06,38.875,97.3672,24055,0,0,0,0,0,0.072148,0.020163,4.79e-07,ok,2
BBMSDppStepwise,227,432,1009,435888,0.103481,5.42612e+06,38.875,91.5781,22600,0,0,0,0,0,0.073398,0.030099,-1.6154e-05,ok,2
DijkstraPrims,227,432,1009,435888,0.072659,5.42612e+06,38.875,38.875,6121,0,0,0,0,1,0.072655,0,3.955e-06,ok,2
BBMSCore,228,432,631,272592,0.14799,1.04552e+07,38.8789,38.8789,1605,0,0,0,0,0,0.148004,0,-1.4271e-05,ok,0
BBMSInter,228,432,631,272592,0.0203863,1.04552e+07,38.8789,38.8789,3734,0,0,0,0,0,0.010092,0.010305,-1.0655e-05,ok,0
BBMSDppInstant,228,432,631,272592,0.0510401,1.04552e+07,38.8828,61.2383,14789,0,0,0,0,0,0.040762,0.010292,-1.3859e-05,ok,0
BBMSDppStepwise,228,432,631,272592,0.0622447,1.04552e+07,38.8828,58.2461,13987,0,0,0,0,0,0.052343,0.009914,-1.2281e-05,ok,0
DijkstraPrims,228,432,631,272592,0.00770424,1.04552e+07,38.8828,38.8828,647,0,0,0,0,0,0.007716,0,-1.176e-05,ok,0
BBMSCore,228,432,631,272592,0.14815,1.04552e+07,38.8828,38.8828,1605,0,0,0,0,0,0.148162,0,-1.2138e-05,ok,1
BBMSInter,228,432,631,272592,0.0203722,1.04552e+07,38.8828,38.8828,3734,0,0,0,0,0,0.010535,0.009849,-1.1816e-05,ok,1
BBMSDppInstant,228,432,631,272592,0.0510539,1.04552e+07,38.8828,61.2461,14789,0,0,0,0,1,0.031318,0.019737,-1.107e-06,ok,1
BBMSDppStepwise,228,432,631,272592,0.0610404,1.04552e+07,38.8828,58,13987,0,0,0,0,1,0.041045,0.019996,-5.93e-07,ok,1
DijkstraPrims,228,432,631,272592,0.00768027,1.04552e+07,38.8828,38.8828,647,0,0,0,0,0,0,0.007692,-1.1732e-05,ok,1
BBMSCore,228,432,631,272592,0.148034,1.04552e+07,38.8828,38.8828,1605,0,0,0,0,0,0.148045,0,-1.1457e-05,ok,2
BBMSInter,228,432,631,272592,0.0205114,1.04552e+07,38.8828,38.8828,3734,0,0,0,0,0,0.020525,0,-1.3645e-05,ok,2
BBMSDppInstant,228,432,631,272592,0.051325,1.04552e+07,38.8828,61.2383,14789,0,0,0,0,0,0.051337,0,-1.1996e-05,ok,2
BBMSDppStepwise,228,432,631,272592,0.0615875,1.04552e+07,38.8828,58.2344,13987,0,0,0,0,0,0.05172,0.00988,-1.2523e-05,ok,2
DijkstraPrims,228,432,631,272592,0.00764227,1.04552e+07,38.8828,38.8828,647,0,0,0,0,0,0.007653,0,-1.0726e-05,ok,2
BBMSCore,229,432,542,234144,0.191437,776596,38.8867,38.8867,1374,0,0,0,0,2,0.191014,0.000308,0.000115302,ok,0
BBMSInter,229,432,542,234144,0.0109282,776596,38.8867,38.8867,3204,0,0,0,0,0,0.010943,0,-1.4831e-05,ok,0
BBMSDppInstant,229,432,542,234144,0.0435431,776596,38.8867,54.1172,12933,0,0,0,0,0,0.043557,0,-1.3945e-05,ok,0
BBMSDppStepwise,229,432,542,234144,0.0492913,776596,38.8867,50.5938,12061,0,0,0,0,0,0.029731,0.019575,-1.465e-05,ok,0
DijkstraPrims,229,432,542,234144,0.00899887,776596,38.8867,38.8867,749,0,0,0,0,0,0.009013,0,-1.4129e-05,ok,0
BBMSCore,229,432,542,234144,0.191327,776596,38.8867,38.8867,1374,0,0,0,0,2,0.181118,0.010206,2.987e-06,ok,1
BBMSInter,229,432,542,234144,0.011146,776596,38.8867,38.8867,3204,0,0,0,0,0,0.000751,0.01041,-1.4994e-05,ok,1
BBMSDppInstant,229,432,542,234144,0.0447557,776596,38.8867,54.1172,12933,0,0,0,0,0,0.025657,0.019113,-1.4329e-05,ok,1
BBMSDppStepwise,229,432,542,234144,0.0507605,776596,38.8867,50.6367,12061,0,0,0,0,0,0.030993,0.019781,-1.3539e-05,ok,1
DijkstraPrims,229,432,542,234144,0.00893398,776596,38.8867,38.8867,749,0,0,0,0,0,0.008946,0,-1.2016e-05,ok,1
BBMSCore,229,432,542,234144,0.191218,776596,38.8867,38.8867,1374,0,0,0,0,1,0.191224,0,-6.365e-06,ok,2
BBMSInter,229,432,542,234144,0.0111507,776596,38.8867,38.8867,3204,0,0,0,0,0,0.001151,0.010013,-1.3276e-05,ok,2
BBMSDppInstant,229,432,542,234144,0.0435752,776596,38.8867,54.0938,12933,0,0,0,0,0,0.013623,0.029965,-1.2822e-05,ok,2
BBMSDppStepwise,229,432,542,234144,0.0494836,776596,38.8867,50.6094,12061,0,0,0,0,0,0.049498,0,-1.4426e-05,ok,2
DijkstraPrims,229,432,542,234144,0.00892232,776596,38.8867,38.8867,749,0,0,0,0,0,0.008936,0,-1.3683e-05,ok,2
BBMSCore,230,432,215,92880,0.0735,8.20328e+06,38.8906,38.8906,547,0,0,0,0,1,0.073504,0,-4.016e-06,ok,0
BBMSInter,230,432,215,92880,0.0124505,8.20328e+06,38.8906,38.8906,1272,0,0,0,0,0,0.012181,0.000281,-1.1466e-05,ok,0
BBMSDppInstant,230,432,215,92880,0.0174296,8.20328e+06,38.8906,38.8906,4902,0,0,0,0,0,0,0.017442,-1.2412e-05,ok,0
BBMSDppStepwise,230,432,215,92880,0.0193574,8.20328e+06,38.8945,38.8945,4782,0,0,0,0,0,0.019371,0,-1.3557e-05,ok,0
DijkstraPrims,230,432,215,92880,0.000395245,8.20328e+06,38.8945,38.8945,27,0,0,0,0,0,0.000406,0,-1.0755e-05,ok,0
BBMSCore,230,432,215,92880,0.0736574,8.20328e+06,38.8945,38.8945,547,0,0,0,0,0,0.073669,0,-1.1554e-05,ok,1
BBMSInter,230,432,215,92880,0.0123864,8.20328e+06,38.8945,38.8945,1272,0,0,0,0,0,0.012398,0,-1.1611e-05,ok,1
BBMSDppInstant,230,432,215,92880,0.017518,8.20328e+06,38.8945,38.8945,4902,0,0,0,0,0,0.007495,0.010035,-1.1996e-05,ok,1
BBMSDppStepwise,230,432,215,92880,0.019336,8.20328e+06,38.8945,38.8945,4782,0,0,0,0,0,0.019349,0,-1.2978e-05,ok,1
DijkstraPrims,230,432,215,92880,0.000404207,8.20328e+06,38.8984,38.8984,27,0,0,0,0,0,0.000416,0,-1.1793e-05,ok,1
BBMSCore,230,432,215,92880,0.073594,8.20328e+06,38.8984,38.8984,547,0,0,0,0,1,0.073597,0,-3.02e-06,ok,2
BBMSInter,230,432,215,92880,0.0124403,8.20328e+06,38.8984,38.8984,1272,0,0,0,0,0,0.012452,0,-1.1743e-05,ok,2
BBMSDppInstant,230,432,215,92880,0.0174012,8.20328e+06,38.8984,38.8984,4902,0,0,0,0,0,0.017414,0,-1.2755e-05,ok,2
BBMSDppStepwise,230,432,215,92880,0.0193562,8.20328e+06,38.8984,38.8984,4782,0,0,0,0,0,0.009594,0.009773,-1.0787e-05,ok,2
DijkstraPrims,230,432,215,92880,0.000410409,8.20328e+06,38.8984,38.8984,27,0,0,0,0,0,0.000422,0,-1.1591e-05,ok,2
BBMSCore,231,432,1445,624240,0.958357,1.07423e+07,38.9023,38.9023,3668,0,0,0,0,5,0.958302,0,5.5159e-05,ok,0
BBMSInter,231,432,1445,624240,0.0640602,1.07423e+07,38.9023,38.9023,8545,0,0,0,0,0,0.054033,0.010041,-1.382e-05,ok,0
BBMSDppInstant,231,432,1445,624240,0.124531,1.07423e+07,38.9023,134.641,33829,0,0,0,0,0,0.084227,0.040318,-1.3505e-05,ok,0
BBMSDppStepwise,231,432,1445,624240,0.143414,1.07423e+07,38.9023,129.496,32397,0,0,0,0,0,0.093174,0.050254,-1.3922e-05,ok,0
DijkstraPrims,231,432,1445,624240,0.036008,1.07423e+07,38.9023,38.9023,2986,0,0,0,0,3,0.025849,0.010133,2.5976e-05,ok,0
BBMSCore,231,432,1445,624240,0.956458,1.07423e+07,38.9023,38.9023,3668,0,0,0,0,4,0.946385,0.009963,0.000110299,ok,1
BBMSInter,231,432,1445,624240,0.0645508,1.07423e+07,38.9023,38.9023,8545,0,0,0,0,1,0.045037,0.019517,-3.247e-06,ok,1
BBMSDppInstant,231,432,1445,624240,0.125228,1.07423e+07,38.9023,134.828,33829,0,0,0,0,0,0.094987,0.030256,-1.501e-05,ok,1
BBMSDppStepwise,231,432,1445,624240,0.143798,1.07423e+07,38.9023,129.5,32397,0,0,0,0,0,0.103684,0.04013,-1.5705e-05,ok,1
DijkstraPrims,231,432,1445,624240,0.0361664,1.07423e+07,38.9023,38.9023,2986,0,0,0,0,0,0.02604,0.010139,-1.2588e-05,ok,1
BBMSCore,231,432,1445,624240,0.960871,1.07423e+07,38.9023,38.9023,3668,0,0,0,0,6,0.950701,0.010125,4.4693e-05,ok,2
BBMSInter,231,432,1445,624240,0.0633704,1.07423e+07,38.9023,38.9023,8545,0,0,0,0,0,0.063205,0.000179,-1.3625e-05,ok,2
BBMSDppInstant,231,432,1445,624240,0.123313,1.07423e+07,38.9023,134.809,33829,0,0,0,0,0,0.033137,0.090191,-1.4963e-05,ok,2
BBMSDppStepwise,231,432,1445,624240,0.14268,1.07423e+07,38.9023,129.496,32397,0,0,0,0,1,0.092699,0.049981,-3.67e-07,ok,2
DijkstraPrims,231,432,1445,624240,0.035945,1.07423e+07,38.9023,38.9023,2986,0,0,0,0,0,0.026125,0.009833,-1.2962e-05,ok,2
BBMSCore,232,432,1098,474336,0.509063,1.06074e+07,38.9062,38.9062,2789,0,0,0,0,1,0.508948,0,0.000115039,ok,0
BBMSInter,232,432,1098,474336,0.0498555,1.06074e+07,38.9062,38.9062,6495,0,0,0,0,0,0.039937,0.009932,-1.3548e-05,ok,0
BBMSDppInstant,232,432,1098,474336,0.101636,1.06074e+07,38.9062,103.281,26104,0,0,0,0,0,0.061712,0.039937,-1.2966e-05,ok,0
BBMSDppStepwise,232,432,1098,474336,0.150524,1.06074e+07,38.9062,99.2148,24528,0,0,0,0,0,0.1207,0.029841,-1.6575e-05,ok,0
DijkstraPrims,232,432,1098,474336,0.0120837,1.06074e+07,38.9102,38.9102,880,0,0,0,0,0,0.012097,0,-1.3341e-05,ok,0
BBMSCore,232,432,1098,474336,0.508352,1.06074e+07,38.9102,38.9102,2789,0,0,0,0,2,0.498262,0.010088,2.246e-06,ok,1
BBMSInter,232,432,1098,474336,0.049924,1.06074e+07,38.9102,38.9102,6495,0,0,0,0,1,0.040013,0.009911,-9e-09,ok,1
BBMSDppInstant,232,432,1098,474336,0.102081,1.06074e+07,38.9102,103.312,26104,0,0,0,0,0,0.07211,0.029985,-1.3782e-05,ok,1
BBMSDppStepwise,232,432,1098,474336,0.150866,1.06074e+07,38.9102,99.2188,24528,0,0,0,0,0,0.120918,0.029963,-1.5474e-05,ok,1
DijkstraPrims,232,432,1098,474336,0.0119079,1.06074e+07,38.9102,38.9102,880,0,0,0,0,1,0.011914,0,-6.104e-06,ok,1
BBMSCore,232,432,1098,474336,0.506903,1.06074e+07,38.9102,38.9102,2789,0,0,0,0,2,0.506902,0,7.44e-07,ok,2
BBMSInter,232,432,1098,474336,0.0504395,1.06074e+07,38.9102,38.9102,6495,0,0,0,0,0,0.040463,0.009991,-1.4513e-05,ok,2
BBMSDppInstant,232,432,1098,474336,0.102296,1.06074e+07,38.9102,103.324,26104,0,0,0,0,1,0.042271,0.060031,-5.866e-06,ok,2
BBMSDppStepwise,232,432,1098,474336,0.150723,1.06074e+07,38.9102,99.2148,24528,0,0,0,0,0,0.110849,0.039887,-1.3295e-05,ok,2
DijkstraPrims,232,432,1098,474336,0.0118796,1.06074e+07,38.9102,38.9102,880,0,0,0,0,0,0.011892,0,-1.2426e-05,ok,2
BBMSCore,233,432,402,173664,0.0727148,5.35008e+06,38.9141,38.9141,1020,0,0,0,0,0,0.07273,0,-1.5243e-05,ok,0
BBMSInter,233,432,402,173664,0.0123553,5.35008e+06,38.9141,38.9141,2377,0,0,0,0,0,0.01237,0,-1.4716e-05,ok,0
BBMSDppInstant,233,432,402,173664,0.0321094,5.35008e+06,38.9141,40.125,9392,0,0,0,0,0,0.032125,0,-1.5642e-05,ok,0
BBMSDppStepwise,233,432,402,173664,0.0357862,5.35008e+06,38.9141,39.1172,9119,0,0,0,0,0,0.016525,0.019274,-1.2759e-05,ok,0
DijkstraPrims,233,432,402,173664,0.00346565,5.35008e+06,38.9141,38.9141,301,0,0,0,0,0,0.003479,0,-1.3348e-05,ok,0
BBMSCore,233,432,402,173664,0.0730282,5.35008e+06,38.9141,38.9141,1020,0,0,0,0,1,0.073034,0,-5.826e-06,ok,1
BBMSInter,233,432,402,173664,0.0120301,5.35008e+06,38.9141,38.9141,2377,0,0,0,0,0,0.001928,0.010115,-1.2929e-05,ok,1
BBMSDppInstant,233,432,402,173664,0.0312988,5.35008e+06,38.9141,40.1133,9392,0,0,0,0,0,0.001396,0.029914,-1.1174e-05,ok,1
BBMSDppStepwise,233,432,402,173664,0.0362314,5.35008e+06,38.9141,38.9922,9119,0,0,0,0,0,0.026007,0.010237,-1.2604e-05,ok,1
DijkstraPrims,233,432,402,173664,0.00346106,5.35008e+06,38.9141,38.9141,301,0,0,0,0,0,0.003473,0,-1.1942e-05,ok,1
BBMSCore,233,432,402,173664,0.0727573,5.35008e+06,38.9141,38.9141,1020,0,0,0,0,0,0.072769,0,-1.1697e-05,ok,2
BBMSInter,233,432,402,173664,0.0119591,5.35008e+06,38.9141,38.9141,2377,0,0,0,0,0,0.011971,0,-1.189e-05,ok,2
BBMSDppInstant,233,432,402,173664,0.0319532,5.35008e+06,38.9141,39.8672,9392,0,0,0,0,0,0.011975,0.01999,-1.1846e-05,ok,2
BBMSDppStepwise,233,432,402,173664,0.0357683,5.35008e+06,38.9141,39.1172,9119,0,0,0,0,0,0.016328,0.019454,-1.3678e-05,ok,2
DijkstraPrims,233,432,402,173664,0.00346643,5.35008e+06,38.918,38.918,301,0,0,0,0,0,0.003286,0.000193,-1.257e-05,ok,2
BBMSCore,234,1045,377,393965,0.91635,2.00694e+07,38.9219,38.9219,2317,0,0,0,0,3,0.906339,0.009998,1.2576e-05,ok,0
BBMSInter,234,1045,377,393965,0.0536962,2.00694e+07,38.9219,38.9219,5395,0,0,0,0,0,0.04359,0.010119,-1.282e-05,ok,0
BBMSDppInstant,234,1045,377,393965,0.0862121,2.00694e+07,38.9219,87.9258,21810,0,0,0,0,1,0.0667,0.019517,-4.881e-06,ok,0
BBMSDppStepwise,234,1045,377,393965,0.110037,2.00694e+07,38.9219,83.5742,20548,0,0,0,0,0,0.090147,0.019902,-1.2398e-05,ok,0
DijkstraPrims,234,1045,377,393965,0.0313362,2.00694e+07,38.9219,38.9219,2850,0,0,0,0,0,0.021368,0.00998,-1.1797e-05,ok,0
BBMSCore,234,1045,377,393965,0.915396,2.00694e+07,38.9219,38.9219,2317,0,0,0,0,6,0.915335,0,6.0923e-05,ok,1
BBMSInter,234,1045,377,393965,0.0529058,2.00694e+07,38.9258,38.9258,5395,0,0,0,0,0,0.052918,0,-1.2212e-05,ok,1
BBMSDppInstant,234,1045,377,393965,0.0832374,2.00694e+07,38.9258,87.9258,21810,0,0,0,0,0,0.054353,0.028898,-1.3606e-05,ok,1
BBMSDppStepwise,234,1045,377,393965,0.110091,2.00694e+07,38.9258,83.5977,20548,0,0,0,0,1,0.070266,0.039828,-3.264e-06,ok,1
DijkstraPrims,234,1045,377,393965,0.0311803,2.00694e+07,38.9258,38.9258,2850,0,0,0,0,0,0.031194,0,-1.3655e-05,ok,1
BBMSCore,234,1045,377,393965,0.916515,2.00694e+07,38.9258,38.9258,2317,0,0,0,0,6,0.91647,0,4.4815e-05,ok,2
BBMSInter,234,1045,377,393965,0.0529909,2.00694e+07,38.9258,38.9258,5395,0,0,0,0,1,0.042911,0.010051,2.8872e-05,ok,2
BBMSDppInstant,234,1045,377,393965,0.0836103,2.00694e+07,38.9258,87.957,21810,0,0,0,0,0,0.063474,0.020149,-1.2695e-05,ok,2
BBMSDppStepwise,234,1045,377,393965,0.109297,2.00694e+07,38.9258,83.5938,20548,0,0,0,0,0,0.088774,0.020535,-1.2469e-05,ok,2
DijkstraPrims,234,1045,377,393965,0.0314098,2.00694e+07,38.9258,38.9258,2850,0,0,0,0,0,0.031423,0,-1.3192e-05,ok,2
BBMSCore,235,1045,2423,2532035,5.40819,2.55513e+07,38.9297,61.75,14874,0,0,0,0,20,5.38804,0.019992,0.000152484,ok,0
BBMSInter,235,1045,2423,2532035,0.427677,2.55513e+07,38.9297,138.863,34655,0,0,0,0,3,0.367697,0.059764,0.000215803,ok,0
BBMSDppInstant,235,1045,2423,2532035,0.544041,2.55513e+07,38.9297,531.539,136637,0,0,0,0,4,0.373087,0.170897,5.7492e-05,ok,0
BBMSDppStepwise,235,1045,2423,2532035,0.791861,2.55513e+07,38.9297,512.352,131062,0,0,0,0,1,0.611388,0.180305,0.000168366,ok,0
DijkstraPrims,235,1045,2423,2532035,0.285385,2.55513e+07,38.9297,81.2773,23538,0,0,0,0,0,0.265459,0.019942,-1.6381e-05,ok,0
BBMSCore,235,1045,2423,2532035,5.40866,2.55513e+07,38.9297,61.7148,14874,0,0,0,0,16,5.38798,0.020028,0.000656849,ok,1
BBMSInter,235,1045,2423,2532035,0.424496,2.55513e+07,38.9297,138.992,34655,0,0,0,0,0,0.394269,0.030244,-1.7082e-05,ok,1
BBMSDppInstant,235,1045,2423,2532035,0.5428,2.55513e+07,38.9297,531.523,136637,0,0,0,0,3,0.364448,0.178283,6.9176e-05,ok,1
BBMSDppStepwise,235,1045,2423,2532035,0.789016,2.55513e+07,38.9297,512.336,131062,0,0,0,0,4,0.629084,0.159868,6.4397e-05,ok,1
DijkstraPrims,235,1045,2423,2532035,0.282155,2.55513e+07,38.9297,81.2773,23538,0,0,0,0,2,0.272093,0.010048,1.3577e-05,ok,1
BBMSCore,235,1045,2423,2532035,5.40975,2.55513e+07,38.9297,61.75,14874,0,0,0,0,15,5.38918,0.020005,0.00056372,ok,2
BBMSInter,235,1045,2423,2532035,0.424725,2.55513e+07,38.9297,138.992,34655,0,0,0,0,2,0.365271,0.059455,-1.105e-06,ok,2
BBMSDppInstant,235,1045,2423,2532035,0.544928,2.55513e+07,38.9297,531.562,136637,0,0,0,0,0,0.375373,0.169575,-2.0083e-05,ok,2
BBMSDppStepwise,235,1045,2423,2532035,0.794947,2.55513e+07,38.9297,512.316,131062,0,0,0,0,1,0.62589,0.169068,-1.0615e-05,ok,2
DijkstraPrims,235,1045,2423,2532035,0.280658,2.55513e+07,38.9297,81.2656,23538,0,0,0,0,2,0.24161,0.039013,3.517e-05,ok,2
BBMSCore,236,1045,40,41800,0.0823734,2.43523e+07,38.9336,38.9336,252,0,0,0,0,0,0.082388,0,-1.4607e-05,ok,0
BBMSInter,236,1045,40,41800,0.0045621,2.43523e+07,38.9336,38.9336,579,0,0,0,0,0,0.004573,0,-1.09e-05,ok,0
BBMSDppInstant,236,1045,40,41800,0.0068846,2.43523e+07,38.9336,38.9336,2203,0,0,0,0,0,0,0.006895,-1.0404e-05,ok,0
BBMSDppStepwise,236,1045,40,41800,0.00740782,2.43523e+07,38.9336,38.9336,2167,0,0,0,0,0,0,0.007418,-1.0184e-05,ok,0
DijkstraPrims,236,1045,40,41800,0.0031162,2.43523e+07,38.9336,38.9336,327,0,0,0,0,0,0.003128,0,-1.1796e-05,ok,0
BBMSCore,236,1045,40,41800,0.0823349,2.43523e+07,38.9336,38.9336,252,0,0,0,0,1,0.082334,0,9.03e-07,ok,1
BBMSInter,236,1045,40,41800,0.00448931,2.43523e+07,38.9336,38.9336,579,0,0,0,0,0,0.004501,0,-1.1688e-05,ok,1
BBMSDppInstant,236,1045,40,41800,0.00679363,2.43523e+07,38.9336,38.9336,2203,0,0,0,0,0,0.006804,0,-1.0366e-05,ok,1
BBMSDppStepwise,236,1045,40,41800,0.0074202,2.43523e+07,38.9375,38.9375,2167,0,0,0,0,0,0.007039,0.000392,-1.0799e-05,ok,1
DijkstraPrims,236,1045,40,41800,0.00312617,2.43523e+07,38.9375,38.9375,327,0,0,0,0,0,0.003139,0,-1.2828e-05,ok,1
BBMSCore,236,1045,40,41800,0.082306,2.43523e+07,38.9375,38.9375,252,0,0,0,0,0,0.082318,0,-1.202e-05,ok,2
BBMSInter,236,1045,40,41800,0.00448508,2.43523e+07,38.9375,38.9375,579,0,0,0,0,0,0.004496,0,-1.092e-05,ok,2
BBMSDppInstant,236,1045,40,41800,0.00681665,2.43523e+07,38.9375,38.9375,2203,0,0,0,0,0,0,0.006827,-1.0348e-05,ok,2
BBMSDppStepwise,236,1045,40,41800,0.0074384,2.43523e+07,38.9375,38.9375,2167,0,0,0,0,0,0.00745,0,-1.1599e-05,ok,2
DijkstraPrims,236,1045,40,41800,0.00307833,2.43523e+07,38.9375,38.9375,327,0,0,0,0,0,0.00309,0,-1.1673e-05,ok,2
BBMSCore,237,1045,149,155705,0.341761,1.83735e+07,38.9414,38.9414,921,0,0,0,0,3,0.341751,0,9.858e-06,ok,0
BBMSInter,237,1045,149,155705,0.0197456,1.83735e+07,38.9414,38.9414,2137,0,0,0,0,0,0.009743,0.010018,-1.5399e-05,ok,0
BBMSDppInstant,237,1045,149,155705,0.0284935,1.83735e+07,38.9414,38.9414,8516,0,0,0,0,0,0.028506,0,-1.2475e-05,ok,0
BBMSDppStepwise,237,1045,149,155705,0.033675,1.83735e+07,38.9414,38.9414,8130,0,0,0,0,0,0.023471,0.010217,-1.2969e-05,ok,0
DijkstraPrims,237,1045,149,155705,0.0136698,1.83735e+07,38.9453,38.9453,1351,0,0,0,0,1,0.003949,0.009725,-4.177e-06,ok,0
BBMSCore,237,1045,149,155705,0.341849,1.83735e+07,38.9453,38.9453,921,0,0,0,0,1,0.341849,0,8.5e-08,ok,1
BBMSInter,237,1045,149,155705,0.0196041,1.83735e+07,38.9453,38.9453,2137,0,0,0,0,0,0.009602,0.010014,-1.1903e-05,ok,1
BBMSDppInstant,237,1045,149,155705,0.028461,1.83735e+07,38.9453,38.9453,8516,0,0,0,0,0,0.028473,0,-1.1963e-05,ok,1
BBMSDppStepwise,237,1045,149,155705,0.0329694,1.83735e+07,38.9453,38.9453,8130,0,0,0,0,1,0.022605,0.010369,-4.636e-06,ok,1
DijkstraPrims,237,1045,149,155705,0.0136322,1.83735e+07,38.9453,38.9453,1351,0,0,0,0,0,0.013645,0,-1.2837e-05,ok,1
BBMSCore,237,1045,149,155705,0.341635,1.83735e+07,38.9453,38.9453,921,0,0,0,0,1,0.34164,3e-06,-8.301e-06,ok,2
BBMSInter,237,1045,149,155705,0.0199373,1.83735e+07,38.9453,38.9453,2137,0,0,0,0,1,0.019884,3.1e-05,2.2317e-05,ok,2
BBMSDppInstant,237,1045,149,155705,0.0291852,1.83735e+07,38.9453,38.9453,8516,0,0,0,0,0,0.019252,0.009948,-1.4828e-05,ok,2
BBMSDppStepwise,237,1045,149,155705,0.033346,1.83735e+07,38.9453,38.9453,8130,0,0,0,0,0,0.002768,0.03059,-1.1984e-05,ok,2
DijkstraPrims,237,1045,149,155705,0.0136697,1.83735e+07,38.9453,38.9453,1351,0,0,0,0,0,0.013492,0.000192,-1.4275e-05,ok,2
BBMSCore,238,1045,1009,1054405,1.2499,1.85257e+07,38.9492,38.9492,6198,0,0,0,0,4,1.24989,0,5.767e-06,ok,0
BBMSInter,238,1045,1009,1054405,0.183164,1.85257e+07,38.9492,59.9766,14435,0,0,0,0,1,0.163655,0.019503,6.498e-06,ok,0
BBMSDppInstant,238,1045,1009,1054405,0.239068,1.85257e+07,38.9492,229.273,57936,0,0,0,0,1,0.148854,0.090218,-3.559e-06,ok,0
BBMSDppStepwise,238,1045,1009,1054405,0.283429,1.85257e+07,38.9492,216.773,54756,0,0,0,0,1,0.213825,0.0696,4.013e-06,ok,0
DijkstraPrims,238,1045,1009,1054405,0.100904,1.85257e+07,38.9492,38.9492,7297,0,0,0,0,1,0.100907,0,-3.154e-06,ok,0
BBMSCore,238,1045,1009,1054405,1.25135,1.85257e+07,38.9492,38.9492,6198,0,0,0,0,6,1.25118,0,0.000173515,ok,1
BBMSInter,238,1045,1009,1054405,0.182729,1.85257e+07,38.9492,59.9844,14435,0,0,0,0,0,0.182742,3e-06,-1.5965e-05,ok,1
BBMSDppInstant,238,1045,1009,1054405,0.237574,1.85257e+07,38.9492,229.273,57936,0,0,0,0,3,0.16728,0.070244,4.9504e-05,ok,1
BBMSDppStepwise,238,1045,1009,1054405,0.2885,1.85257e+07,38.9492,216.648,54756,0,0,0,0,1,0.208531,0.079971,-2.063e-06,ok,1
DijkstraPrims,238,1045,1009,1054405,0.102316,1.85257e+07,38.9531,38.9531,7297,0,0,0,0,0,0.092305,0.010024,-1.2618e-05,ok,1
BBMSCore,238,1045,1009,1054405,1.25045,1.85257e+07,38.9531,38.9531,6198,0,0,0,0,4,1.24041,0.010014,2.9721e-05,ok,2
BBMSInter,238,1045,1009,1054405,0.182718,1.85257e+07,38.9531,60,14435,0,0,0,0,0,0.162458,0.020275,-1.4541e-05,ok,2
BBMSDppInstant,238,1045,1009,1054405,0.238832,1.85257e+07,38.9531,229.297,57936,0,0,0,0,2,0.158713,0.080108,1.1142e-05,ok,2
BBMSDppStepwise,238,1045,1009,1054405,0.285256,1.85257e+07,38.9531,216.781,54756,0,0,0,0,0,0.205811,0.079462,-1.6534e-05,ok,2
DijkstraPrims,238,1045,1009,1054405,0.102339,1.85257e+07,38.9531,38.9531,7297,0,0,0,0,1,0.102335,0,3.787e-06,ok,2
BBMSCore,239,1045,631,659395,0.665705,1.56044e+07,38.957,38.957,3873,0,0,0,0,1,0.665351,0.000364,-9.804e-06,ok,0
BBMSInter,239,1045,631,659395,0.0651058,1.56044e+07,38.957,38.957,9025,0,0,0,0,0,0.054883,0.010234,-1.1158e-05,ok,0
BBMSDppInstant,239,1045,631,659395,0.132299,1.56044e+07,38.957,142.727,35926,0,0,0,0,0,0.092703,0.039613,-1.6778e-05,ok,0
BBMSDppStepwise,239,1045,631,659395,0.180354,1.56044e+07,38.957,135.906,34042,0,0,0,0,1,0.141153,0.039204,-3.094e-06,ok,0
DijkstraPrims,239,1045,631,659395,0.0770547,1.56044e+07,38.957,38.957,6517,0,0,0,0,1,0.057009,0.020052,-6.269e-06,ok,0
BBMSCore,239,1045,631,659395,0.666242,1.56044e+07,38.957,38.957,3873,0,0,0,0,0,0.666262,0,-2.047e-05,ok,1
BBMSInter,239,1045,631,659395,0.0643675,1.56044e+07,38.957,38.957,9025,0,0,0,0,0,0.054094,0.010286,-1.2528e-05,ok,1
BBMSDppInstant,239,1045,631,659395,0.131409,1.56044e+07,38.957,142.723,35926,0,0,0,0,0,0.101802,0.029621,-1.3745e-05,ok,1
BBMSDppStepwise,239,1045,631,659395,0.179065,1.56044e+07,38.957,135.91,34042,0,0,0,0,0,0.169047,0.010033,-1.473e-05,ok,1
DijkstraPrims,239,1045,631,659395,0.077207,1.56044e+07,38.957,38.957,6517,0,0,0,0,1,0.076048,0.000735,0.000423974,ok,1
BBMSCore,239,1045,631,659395,0.66591,1.56044e+07,38.957,38.957,3873,0,0,0,0,1,0.655933,0.009984,-7.354e-06,ok,2
BBMSInter,239,1045,631,659395,0.064722,1.56044e+07,38.957,38.957,9025,0,0,0,0,1,0.044958,0.019755,8.986e-06,ok,2
BBMSDppInstant,239,1045,631,659395,0.131064,1.56044e+07,38.957,142.727,35926,0,0,0,0,0,0.100743,0.030335,-1.4219e-05,ok,2
BBMSDppStepwise,239,1045,631,659395,0.179211,1.56044e+07,38.957,135.883,34042,0,0,0,0,1,0.139144,0.040049,1.7536e-05,ok,2
DijkstraPrims,239,1045,631,659395,0.0774293,1.56044e+07,38.957,38.957,6517,0,0,0,0,1,0.067287,0.00999,0.00015232,ok,2
BBMSCore,240,1045,542,566390,1.93655,1.44777e+07,38.9609,38.9609,3328,0,0,0,0,10,1.92628,0.009995,0.000273801,ok,0
BBMSInter,240,1045,542,566390,0.0900341,1.44777e+07,38.9609,38.9609,7753,0,0,0,0,0,0.070526,0.019521,-1.2903e-05,ok,0
BBMSDppInstant,240,1045,542,566390,0.12527,1.44777e+07,38.9609,127.613,32163,0,0,0,0,0,0.105347,0.019937,-1.376e-05,ok,0
BBMSDppStepwise,240,1045,542,566390,0.180943,1.44777e+07,38.9609,118.938,29612,0,0,0,0,2,0.140519,0.04041,1.376e-05,ok,0
DijkstraPrims,240,1045,542,566390,0.0341002,1.44777e+07,38.9609,38.9609,3119,0,0,0,0,0,0.034113,0,-1.2789e-05,ok,0
BBMSCore,240,1045,542,566390,1.89639,1.44777e+07,38.9609,38.9609,3328,0,0,0,0,8,1.88615,0.010001,0.000245214,ok,1
BBMSInter,240,1045,542,566390,0.0907272,1.44777e+07,38.9609,38.9609,7753,0,0,0,0,0,0.080608,0.010131,-1.179e-05,ok,1
BBMSDppInstant,240,1045,542,566390,0.125533,1.44777e+07,38.9609,127.621,32163,0,0,0,0,1,0.085364,0.040168,1.075e-06,ok,1
BBMSDppStepwise,240,1045,542,566390,0.180829,1.44777e+07,38.9609,118.965,29612,0,0,0,0,0,0.150534,0.03031,-1.4534e-05,ok,1
DijkstraPrims,240,1045,542,566390,0.033956,1.44777e+07,38.9648,38.9648,3119,0,0,0,0,0,0.033741,0.000228,-1.3015e-05,ok,1
BBMSCore,240,1045,542,566390,1.93633,1.44777e+07,38.9688,38.9688,3328,0,0,0,0,5,1.93574,0.000323,0.000265508,ok,2
BBMSInter,240,1045,542,566390,0.091069,1.44777e+07,38.9688,38.9688,7753,0,0,0,0,0,0.080934,0.010151,-1.5979e-05,ok,2
BBMSDppInstant,240,1045,542,566390,0.126745,1.44777e+07,38.9688,127.613,32163,0,0,0,0,1,0.066734,0.06001,6.33e-07,ok,2
BBMSDppStepwise,240,1045,542,566390,0.182525,1.44777e+07,38.9688,118.965,29612,0,0,0,0,0,0.162238,0.020303,-1.6009e-05,ok,2
DijkstraPrims,240,1045,542,566390,0.0342007,1.44777e+07,38.9688,38.9688,3119,0,0,0,0,0,0.034214,0,-1.3332e-05,ok,2
BBMSCore,241,1045,215,224675,0.125487,1.82944e+07,38.9688,38.9688,1325,0,0,0,0,0,0.125501,0,-1.3716e-05,ok,0
BBMSInter,241,1045,215,224675,0.0155591,1.82944e+07,38.9727,38.9727,3080,0,0,0,0,0,0.005616,0.009953,-9.918e-06,ok,0
BBMSDppInstant,241,1045,215,224675,0.0437794,1.82944e+07,38.9727,51.3672,12272,0,0,0,0,1,0.013985,0.029794,3.6e-07,ok,0
BBMSDppStepwise,241,1045,215,224675,0.0514635,1.82944e+07,38.9727,49.2422,11688,0,0,0,0,0,0.031835,0.019638,-9.507e-06,ok,0
DijkstraPrims,241,1045,215,224675,0.0181467,1.82944e+07,38.9727,38.9727,1619,0,0,0,0,0,0.018158,0,-1.1255e-05,ok,0
BBMSCore,241,1045,215,224675,0.125629,1.82944e+07,38.9727,38.9727,1325,0,0,0,0,0,0.115683,0.009959,-1.274e-05,ok,1
BBMSInter,241,1045,215,224675,0.015771,1.82944e+07,38.9727,38.9727,3080,0,0,0,0,0,0.015783,0,-1.2007e-05,ok,1
BBMSDppInstant,241,1045,215,224675,0.0427472,1.82944e+07,38.9727,51.2422,12272,0,0,0,0,0,0.032741,0.010017,-1.0787e-05,ok,1
BBMSDppStepwise,241,1045,215,224675,0.0522303,1.82944e+07,38.9727,48.9922,11688,0,0,0,0,0,0.032944,0.019301,-1.4661e-05,ok,1
DijkstraPrims,241,1045,215,224675,0.0182737,1.82944e+07,38.9727,38.9727,1619,0,0,0,0,0,0.018285,0,-1.1309e-05,ok,1
BBMSCore,241,1045,215,224675,0.125735,1.82944e+07,38.9727,38.9727,1325,0,0,0,0,3,0.12572,0,1.52e-05,ok,2
BBMSInter,241,1045,215,224675,0.0160687,1.82944e+07,38.9727,38.9727,3080,0,0,0,0,0,0.016081,0,-1.2328e-05,ok,2
BBMSDppInstant,241,1045,215,224675,0.0427056,1.82944e+07,38.9727,51.4922,12272,0,0,0,0,0,0.022856,0.019864,-1.4389e-05,ok,2
BBMSDppStepwise,241,1045,215,224675,0.0516414,1.82944e+07,38.9727,49.2422,11688,0,0,0,0,0,0.041842,0.009811,-1.1563e-05,ok,2
DijkstraPrims,241,1045,215,224675,0.0183648,1.82944e+07,38.9727,38.9727,1619,0,0,0,0,0,0.008287,0.010089,-1.1193e-05,ok,2
BBMSCore,242,1045,1445,1510025,2.45867,1.82656e+07,38.9766,38.9766,8879,0,0,0,0,6,2.44885,0.009785,2.6737e-05,ok,0
BBMSInter,242,1045,1445,1510025,0.29652,1.82656e+07,38.9766,84.5,20676,0,0,0,0,0,0.266456,0.03008,-1.5993e-05,ok,0
BBMSDppInstant,242,1045,1445,1510025,0.336662,1.82656e+07,38.9766,326.199,83264,0,0,0,0,0,0.228312,0.108363,-1.332e-05,ok,0
BBMSDppStepwise,242,1045,1445,1510025,0.445833,1.82656e+07,38.9766,310.691,79016,0,0,0,0,2,0.335722,0.110102,9.119e-06,ok,0
DijkstraPrims,242,1045,1445,1510025,0.230087,1.82656e+07,38.9766,57.7578,16544,0,0,0,0,1,0.209884,0.020207,-4.216e-06,ok,0
BBMSCore,242,1045,1445,1510025,2.45022,1.82656e+07,38.9766,38.9766,8879,0,0,0,0,11,2.43966,0.010014,0.000545657,ok,1
BBMSInter,242,1045,1445,1510025,0.290813,1.82656e+07,38.9766,84.4805,20676,0,0,0,0,0,0.270661,0.020168,-1.5505e-05,ok,1
BBMSDppInstant,242,1045,1445,1510025,0.329651,1.82656e+07,38.9766,326.387,83264,0,0,0,0,1,0.280033,0.049624,-6.237e-06,ok,1
BBMSDppStepwise,242,1045,1445,1510025,0.442041,1.82656e+07,38.9766,310.711,79016,0,0,0,0,1,0.372415,0.06963,-4.011e-06,ok,1
DijkstraPrims,242,1045,1445,1510025,0.229019,1.82656e+07,38.9766,57.7578,16544,0,0,0,0,1,0.199505,0.029512,1.734e-06,ok,1
BBMSCore,242,1045,1445,1510025,2.42655,1.82656e+07,38.9766,38.9766,8879,0,0,0,0,8,2.42606,6.5e-05,0.000426211,ok,2
BBMSInter,242,1045,1445,1510025,0.291126,1.82656e+07,38.9766,84.5,20676,0,0,0,0,0,0.271325,0.019816,-1.4742e-05,ok,2
BBMSDppInstant,242,1045,1445,1510025,0.331627,1.82656e+07,38.9805,326.387,83264,0,0,0,0,2,0.25064,0.080933,5.4217e-05,ok,2
BBMSDppStepwise,242,1045,1445,1510025,0.445661,1.82656e+07,38.9805,310.703,79016,0,0,0,0,2,0.3559,0.089753,7.849e-06,ok,2
DijkstraPrims,242,1045,1445,1510025,0.231694,1.82656e+07,38.9805,57.7656,16544,0,0,0,0,2,0.221344,0.010303,4.6743e-05,ok,2
BBMSCore,243,1045,1098,1147410,1.29356,1.72866e+07,38.9805,38.9805,6743,0,0,0,0,5,1.28352,0.009999,3.4901e-05,ok,0
BBMSInter,243,1045,1098,1147410,0.123088,1.72866e+07,38.9844,64.9922,15707,0,0,0,0,0,0.102995,0.020106,-1.2529e-05,ok,0
BBMSDppInstant,243,1045,1098,1147410,0.266527,1.72866e+07,38.9844,253.113,64352,0,0,0,0,0,0.138784,0.127758,-1.4865e-05,ok,0
BBMSDppStepwise,243,1045,1098,1147410,0.400802,1.72866e+07,38.9844,236.535,59800,0,0,0,0,2,0.321293,0.079497,1.2158e-05,ok,0
DijkstraPrims,243,1045,1098,1147410,0.13444,1.72866e+07,38.9844,41.8672,11155,0,0,0,0,2,0.134435,0,5.093e-06,ok,0
BBMSCore,243,1045,1098,1147410,1.29299,1.72866e+07,38.9844,38.9844,6743,0,0,0,0,3,1.29298,0,1.3486e-05,ok,1
BBMSInter,243,1045,1098,1147410,0.122861,1.72866e+07,38.9844,65,15707,0,0,0,0,0,0.102948,0.019927,-1.3544e-05,ok,1
BBMSDppInstant,243,1045,1098,1147410,0.267143,1.72866e+07,38.9844,253.117,64352,0,0,0,0,3,0.226886,0.040208,4.9164e-05,ok,1
BBMSDppStepwise,243,1045,1098,1147410,0.401635,1.72866e+07,38.9844,236.535,59800,0,0,0,0,1,0.311444,0.090191,-3.91e-07,ok,1
DijkstraPrims,243,1045,1098,1147410,0.133699,1.72866e+07,38.9844,41.8594,11155,0,0,0,0,0,0.133712,0,-1.3195e-05,ok,1
BBMSCore,243,1045,1098,1147410,1.29512,1.72866e+07,38.9844,38.9844,6743,0,0,0,0,6,1.28483,0.01024,5.4302e-05,ok,2
BBMSInter,243,1045,1098,1147410,0.123964,1.72866e+07,38.9844,64.9844,15707,0,0,0,0,1,0.103994,0.019946,2.38e-05,ok,2
BBMSDppInstant,243,1045,1098,1147410,0.267708,1.72866e+07,38.9844,253.121,64352,0,0,0,0,1,0.169078,0.098631,-1.121e-06,ok,2
BBMSDppStepwise,243,1045,1098,1147410,0.404144,1.72866e+07,38.9844,236.535,59800,0,0,0,0,1,0.344175,0.05996,8.898e-06,ok,2
DijkstraPrims,243,1045,1098,1147410,0.134889,1.72866e+07,38.9883,41.6797,11155,0,0,0,0,0,0.12488,0.010023,-1.4463e-05,ok,2
BBMSCore,244,1045,402,420090,0.284787,1.56955e+07,38.9922,38.9922,2471,0,0,0,0,2,0.284407,0.000186,0.00019399,ok,0
BBMSInter,244,1045,402,420090,0.0514068,1.56955e+07,38.9922,38.9922,5753,0,0,0,0,0,0.04112,0.0103,-1.3242e-05,ok,0
BBMSDppInstant,244,1045,402,420090,0.0837771,1.56955e+07,38.9922,93.6836,23127,0,0,0,0,0,0.063603,0.020187,-1.293e-05,ok,0
BBMSDppStepwise,244,1045,402,420090,0.111203,1.56955e+07,38.9922,89.4492,22050,0,0,0,0,0,0.0908,0.020416,-1.2512e-05,ok,0
DijkstraPrims,244,1045,402,420090,0.0443718,1.56955e+07,38.9922,38.9922,3577,0,0,0,0,0,0.044384,0,-1.2168e-05,ok,0
BBMSCore,244,1045,402,420090,0.284735,1.56955e+07,38.9922,38.9922,2471,0,0,0,0,2,0.284724,0,1.0868e-05,ok,1
BBMSInter,244,1045,402,420090,0.0512193,1.56955e+07,38.9922,38.9922,5753,0,0,0,0,0,0.041245,0.009986,-1.1704e-05,ok,1
BBMSDppInstant,244,1045,402,420090,0.083498,1.56955e+07,38.9922,93.6797,23127,0,0,0,0,1,0.063323,0.020147,2.8011e-05,ok,1
BBMSDppStepwise,244,1045,402,420090,0.110963,1.56955e+07,38.9922,89.4219,22050,0,0,0,0,0,0.080242,0.030735,-1.3683e-05,ok,1
DijkstraPrims,244,1045,402,420090,0.044186,1.56955e+07,38.9922,38.9922,3577,0,0,0,0,0,0.033979,0.010219,-1.2048e-05,ok,1
BBMSCore,244,1045,402,420090,0.284287,1.56955e+07,38.9922,38.9922,2471,0,0,0,0,2,0.274276,0.010005,6.267e-06,ok,2
BBMSInter,244,1045,402,420090,0.0514763,1.56955e+07,38.9922,38.9922,5753,0,0,0,0,0,0.051491,0,-1.4734e-05,ok,2
BBMSDppInstant,244,1045,402,420090,0.0844639,1.56955e+07,38.9922,93.6797,23127,0,0,0,0,0,0.064203,0.020275,-1.4129e-05,ok,2
BBMSDppStepwise,244,1045,402,420090,0.113597,1.56955e+07,38.9922,89.4414,22050,0,0,0,0,0,0.07362,0.03999,-1.3372e-05,ok,2
DijkstraPrims,244,1045,402,420090,0.0446018,1.56955e+07,38.9961,38.9961,3577,0,0,0,0,1,0.044604,0,-2.167e-06,ok,2
BBMSCore,245,377,2423,913471,1.52157,2.497e+07,38.9961,38.9961,5386,0,0,0,0,5,1.52134,0.000136,9.0139e-05,ok,0
BBMSInter,245,377,2423,913471,0.101267,2.497e+07,39,52.625,12522,0,0,0,0,1,0.091309,0.009956,2.087e-06,ok,0
BBMSDppInstant,245,377,2423,913471,0.205127,2.497e+07,39,196.496,49813,0,0,0,0,1,0.114559,0.090551,1.6573e-05,ok,0
BBMSDppStepwise,245,377,2423,913471,0.275838,2.497e+07,39,187.648,47306,0,0,0,0,1,0.195334,0.080508,-4.24e-06,ok,0
DijkstraPrims,245,377,2423,913471,0.0825969,2.497e+07,39,39,6060,0,0,0,0,0,0.082469,0.000145,-1.7138e-05,ok,0
BBMSCore,245,377,2423,913471,1.52184,2.497e+07,39,39,5386,0,0,0,0,7,1.51165,0.009996,0.00019296,ok,1
BBMSInter,245,377,2423,913471,0.102559,2.497e+07,39,52.6172,12522,0,0,0,0,0,0.082461,0.020114,-1.5562e-05,ok,1
BBMSDppInstant,245,377,2423,913471,0.206109,2.497e+07,39,196.297,49813,0,0,0,0,4,0.145542,0.060518,4.9329e-05,ok,1
BBMSDppStepwise,245,377,2423,913471,0.276983,2.497e+07,39,187.66,47306,0,0,0,0,2,0.178253,0.09872,9.997e-06,ok,1
DijkstraPrims,245,377,2423,913471,0.07242,2.497e+07,39,39,6060,0,0,0,0,0,0.072435,0,-1.5018e-05,ok,1
BBMSCore,245,377,2423,913471,1.52172,2.497e+07,39,39,5386,0,0,0,0,6,1.52156,0.000142,1.5615e-05,ok,2
BBMSInter,245,377,2423,913471,0.102273,2.497e+07,39,52.6172,12522,0,0,0,0,0,0.082287,0.019998,-1.2074e-05,ok,2
BBMSDppInstant,245,377,2423,913471,0.207255,2.497e+07,39,196.48,49813,0,0,0,0,2,0.157678,0.049565,1.2181e-05,ok,2
BBMSDppStepwise,245,377,2423,913471,0.275929,2.497e+07,39,187.652,47306,0,0,0,0,0,0.187284,0.08866,-1.4963e-05,ok,2
DijkstraPrims,245,377,2423,913471,0.0729211,2.497e+07,39,39,6060,0,0,0,0,1,0.072759,0,0.000162086,ok,2
BBMSCore,246,377,40,15080,0.00518931,4.55818e+06,39.0039,39.0039,91,0,0,0,0,0,0.005201,0,-1.1687e-05,ok,0
BBMSInter,246,377,40,15080,0.000622453,4.55818e+06,39.0078,39.0078,209,0,0,0,0,0,0.000599,3.4e-05,-1.0547e-05,ok,0
BBMSDppInstant,246,377,40,15080,0.00258441,4.55818e+06,39.0078,39.0078,801,0,0,0,0,0,0,0.002595,-1.0587e-05,ok,0
BBMSDppStepwise,246,377,40,15080,0.00262691,4.55818e+06,39.0078,39.0078,766,0,0,0,0,0,0.002639,0,-1.209e-05,ok,0
DijkstraPrims,246,377,40,15080,0.00179324,4.55818e+06,39.0078,39.0078,144,0,0,0,0,0,0.001806,0,-1.2755e-05,ok,0
BBMSCore,246,377,40,15080,0.00516962,4.55818e+06,39.0078,39.0078,91,0,0,0,0,0,0.005182,0,-1.2382e-05,ok,1
BBMSInter,246,377,40,15080,0.000632202,4.55818e+06,39.0078,39.0078,209,0,0,0,0,0,0.000645,0,-1.2798e-05,ok,1
BBMSDppInstant,246,377,40,15080,0.00260365,4.55818e+06,39.0078,39.0078,801,0,0,0,0,0,0.002478,0.000138,-1.2347e-05,ok,1
BBMSDppStepwise,246,377,40,15080,0.00272068,4.55818e+06,39.0078,39.0078,766,0,0,0,0,0,0.002733,0,-1.2322e-05,ok,1
DijkstraPrims,246,377,40,15080,0.00181458,4.55818e+06,39.0078,39.0078,144,0,0,0,0,0,0.001827,0,-1.2418e-05,ok,1
BBMSCore,246,377,40,15080,0.00516852,4.55818e+06,39.0078,39.0078,91,0,0,0,0,0,0.00518,0,-1.1481e-05,ok,2
BBMSInter,246,377,40,15080,0.000645236,4.55818e+06,39.0078,39.0078,209,0,0,0,0,0,0.000655,0,-9.764e-06,ok,2
BBMSDppInstant,246,377,40,15080,0.00252775,4.55818e+06,39.0078,39.0078,801,0,0,0,0,0,0.002404,0.000133,-9.247e-06,ok,2
BBMSDppStepwise,246,377,40,15080,0.00262465,4.55818e+06,39.0078,39.0078,766,0,0,0,0,0,0.002634,0,-9.349e-06,ok,2
DijkstraPrims,246,377,40,15080,0.00179235,4.55818e+06,39.0078,39.0078,144,0,0,0,0,0,0.001802,0,-9.655e-06,ok,2
BBMSCore,247,377,149,56173,0.0295721,4.10328e+06,39.0117,39.0117,332,0,0,0,0,0,0.029583,0,-1.0918e-05,ok,0
BBMSInter,247,377,149,56173,0.00279278,4.10328e+06,39.0117,39.0117,770,0,0,0,0,0,0.002803,0,-1.0218e-05,ok,0
BBMSDppInstant,247,377,149,56173,0.00930248,4.10328e+06,39.0156,39.0156,2967,0,0,0,0,0,0.009314,0,-1.1519e-05,ok,0
BBMSDppStepwise,247,377,149,56173,0.00991622,4.10328e+06,39.0156,39.0156,2892,0,0,0,0,0,0.009923,4e-06,-1.0782e-05,ok,0
DijkstraPrims,247,377,149,56173,0.00736559,4.10328e+06,39.0156,39.0156,683,0,0,0,0,0,0.006988,0.000388,-1.0407e-05,ok,0
BBMSCore,247,377,149,56173,0.0295631,4.10328e+06,39.0156,39.0156,332,0,0,0,0,0,0.029575,0,-1.1863e-05,ok,1
BBMSInter,247,377,149,56173,0.00282062,4.10328e+06,39.0195,39.0195,770,0,0,0,0,0,0,0.002832,-1.1378e-05,ok,1
BBMSDppInstant,247,377,149,56173,0.00930256,4.10328e+06,39.0195,39.0195,2967,0,0,0,0,1,0,0.009304,-1.442e-06,ok,1
BBMSDppStepwise,247,377,149,56173,0.0100593,4.10328e+06,39.0195,39.0195,2892,0,0,0,0,0,0.010074,0,-1.4676e-05,ok,1
DijkstraPrims,247,377,149,56173,0.00737247,4.10328e+06,39.0195,39.0195,683,0,0,0,0,0,0.007384,0,-1.1534e-05,ok,1
BBMSCore,247,377,149,56173,0.0296486,4.10328e+06,39.0195,39.0195,332,0,0,0,0,0,0.029662,0,-1.3351e-05,ok,2
BBMSInter,247,377,149,56173,0.00288885,4.10328e+06,39.0195,39.0195,770,0,0,0,0,0,0.0029,0,-1.1153e-05,ok,2
BBMSDppInstant,247,377,149,56173,0.00928298,4.10328e+06,39.0195,39.0195,2967,0,0,0,0,0,0,0.009294,-1.1019e-05,ok,2
BBMSDppStepwise,247,377,149,56173,0.00971954,4.10328e+06,39.0195,39.0195,2892,0,0,0,0,0,0.00973,0,-1.0455e-05,ok,2
DijkstraPrims,247,377,149,56173,0.00738141,4.10328e+06,39.0195,39.0195,683,0,0,0,0,0,0.007394,0,-1.2591e-05,ok,2
BBMSCore,248,377,1009,380393,0.271552,2.26865e+06,39.0234,39.0234,2237,0,0,0,0,2,0.271551,0,5.89e-07,ok,0
BBMSInter,248,377,1009,380393,0.0341318,2.26865e+06,39.0234,39.0234,5209,0,0,0,0,0,0.034143,0,-1.1193e-05,ok,0
BBMSDppInstant,248,377,1009,380393,0.0749442,2.26865e+06,39.0234,83.7305,20652,0,0,0,0,1,0.016414,0.058531,-8.2e-07,ok,0
BBMSDppStepwise,248,377,1009,380393,0.0911157,2.26865e+06,39.0234,80.3398,19719,0,0,0,0,0,0.051297,0.039831,-1.2318e-05,ok,0
DijkstraPrims,248,377,1009,380393,0.00410637,2.26865e+06,39.0234,39.0234,330,0,0,0,0,0,0.0039,0.000216,-9.631e-06,ok,0
BBMSCore,248,377,1009,380393,0.27194,2.26865e+06,39.0234,39.0234,2237,0,0,0,0,1,0.271934,0,5.679e-06,ok,1
BBMSInter,248,377,1009,380393,0.0347403,2.26865e+06,39.0234,39.0234,5209,0,0,0,0,0,0.025271,0.009482,-1.275e-05,ok,1
BBMSDppInstant,248,377,1009,380393,0.0774535,2.26865e+06,39.0234,83.5938,20652,0,0,0,0,1,0.067238,0.01022,-4.512e-06,ok,1
BBMSDppStepwise,248,377,1009,380393,0.0928611,2.26865e+06,39.0234,80.3672,19719,0,0,0,0,0,0.072817,0.020058,-1.3942e-05,ok,1
DijkstraPrims,248,377,1009,380393,0.00412385,2.26865e+06,39.0234,39.0234,330,0,0,0,0,0,0.004135,0,-1.1147e-05,ok,1
BBMSCore,248,377,1009,380393,0.272405,2.26865e+06,39.0234,39.0234,2237,0,0,0,0,0,0.26241,0.01001,-1.5038e-05,ok,2
BBMSInter,248,377,1009,380393,0.0349799,2.26865e+06,39.0234,39.0234,5209,0,0,0,0,0,0.034508,0.000484,-1.2108e-05,ok,2
BBMSDppInstant,248,377,1009,380393,0.0774295,2.26865e+06,39.0234,83.7461,20652,0,0,0,0,0,0.05779,0.019653,-1.3489e-05,ok,2
BBMSDppStepwise,248,377,1009,380393,0.094423,2.26865e+06,39.0234,80.3672,19719,0,0,0,0,0,0.064148,0.030288,-1.2994e-05,ok,2
DijkstraPrims,248,377,1009,380393,0.00418556,2.26865e+06,39.0234,39.0234,330,0,0,0,0,0,0.004199,0,-1.3439e-05,ok,2
BBMSCore,249,377,631,237887,0.10329,1.60696e+07,39.0273,39.0273,1396,0,0,0,0,0,0.103303,0,-1.2602e-05,ok,0
BBMSInter,249,377,631,237887,0.0166708,1.60696e+07,39.0273,39.0273,3255,0,0,0,0,1,0.016673,0,-2.166e-06,ok,0
BBMSDppInstant,249,377,631,237887,0.0458853,1.60696e+07,39.0312,54.125,12948,0,0,0,0,0,0.045899,0,-1.3726e-05,ok,0
BBMSDppStepwise,249,377,631,237887,0.0562558,1.60696e+07,39.0312,51.4844,12262,0,0,0,0,0,0.007471,0.048799,-1.4181e-05,ok,0
DijkstraPrims,249,377,631,237887,0.016183,1.60696e+07,39.0312,39.0312,1418,0,0,0,0,0,0.016195,0,-1.1986e-05,ok,0
BBMSCore,249,377,631,237887,0.10345,1.60696e+07,39.0312,39.0312,1396,0,0,0,0,0,0.103462,0,-1.1916e-05,ok,1
BBMSInter,249,377,631,237887,0.0168084,1.60696e+07,39.0312,39.0312,3255,0,0,0,0,0,0.01682,0,-1.16e-05,ok,1
BBMSDppInstant,249,377,631,237887,0.0458595,1.60696e+07,39.0312,53.9922,12948,0,0,0,0,0,0.045873,0,-1.3522e-05,ok,1
BBMSDppStepwise,249,377,631,237887,0.0565587,1.60696e+07,39.0312,51.4922,12262,0,0,0,0,0,0.027307,0.029266,-1.43e-05,ok,1
DijkstraPrims,249,377,631,237887,0.016251,1.60696e+07,39.0312,39.0312,1418,0,0,0,0,0,0.016263,0,-1.2041e-05,ok,1
BBMSCore,249,377,631,237887,0.103341,1.60696e+07,39.0312,39.0312,1396,0,0,0,0,0,0.103353,0,-1.1992e-05,ok,2
BBMSInter,249,377,631,237887,0.0167571,1.60696e+07,39.0312,39.0312,3255,0,0,0,0,0,0.016771,0,-1.3877e-05,ok,2
BBMSDppInstant,249,377,631,237887,0.0449617,1.60696e+07,39.0312,54.1172,12948,0,0,0,0,0,0.044973,0,-1.1268e-05,ok,2
BBMSDppStepwise,249,377,631,237887,0.0568532,1.60696e+07,39.0312,51.25,12262,0,0,0,0,0,0.037218,0.019647,-1.1798e-05,ok,2
DijkstraPrims,249,377,631,237887,0.0164071,1.60696e+07,39.0312,39.0312,1418,0,0,0,0,0,0.016419,0,-1.1899e-05,ok,2
BBMSCore,250,377,542,204334,0.110527,6.05291e+06,39.0352,39.0352,1200,0,0,0,0,0,0.11054,0,-1.2805e-05,ok,0
BBMSInter,250,377,542,204334,0.0111182,6.05291e+06,39.0352,39.0352,2796,0,0,0,0,0,0.01113,0,-1.1831e-05,ok,0
BBMSDppInstant,250,377,542,204334,0.0368781,6.05291e+06,39.0352,46.9922,11141,0,0,0,0,0,0.03689,0,-1.1873e-05,ok,0
BBMSDppStepwise,250,377,542,204334,0.0451261,6.05291e+06,39.0352,45.1094,10637,0,0,0,0,0,0.03497,0.010169,-1.2918e-05,ok,0
DijkstraPrims,250,377,542,204334,0.0277922,6.05291e+06,39.0352,39.0352,2674,0,0,0,0,1,0.027795,0,-2.787e-06,ok,0
BBMSCore,250,377,542,204334,0.110577,6.05291e+06,39.0352,39.0352,1200,0,0,0,0,1,0.110581,0,-3.583e-06,ok,1
BBMSInter,250,377,542,204334,0.0110369,6.05291e+06,39.0352,39.0352,2796,0,0,0,0,0,0.011049,0,-1.2096e-05,ok,1
BBMSDppInstant,250,377,542,204334,0.0380822,6.05291e+06,39.0352,46.9922,11141,0,0,0,0,1,0.008459,0.029623,2.43e-07,ok,1
BBMSDppStepwise,250,377,542,204334,0.0462253,6.05291e+06,39.0352,45.1172,10637,0,0,0,0,0,0.035999,0.01024,-1.3696e-05,ok,1
DijkstraPrims,250,377,542,204334,0.0280072,6.05291e+06,39.0352,39.0352,2674,0,0,0,0,0,0.018253,0.009767,-1.2847e-05,ok,1
BBMSCore,250,377,542,204334,0.110741,6.05291e+06,39.0391,39.0391,1200,0,0,0,0,0,0.110575,0.000181,-1.5292e-05,ok,2
BBMSInter,250,377,542,204334,0.0111403,6.05291e+06,39.0391,39.0391,2796,0,0,0,0,0,0.011151,0,-1.0746e-05,ok,2
BBMSDppInstant,250,377,542,204334,0.0372939,6.05291e+06,39.0391,46.9844,11141,0,0,0,0,0,0.026689,0.010617,-1.2122e-05,ok,2
BBMSDppStepwise,250,377,542,204334,0.0457433,6.05291e+06,39.0391,45.1094,10637,0,0,0,0,0,0.035555,0.010204,-1.5672e-05,ok,2
DijkstraPrims,250,377,542,204334,0.0278229,6.05291e+06,39.0391,39.0391,2674,0,0,0,0,0,0.027835,0,-1.2143e-05,ok,2
BBMSCore,251,377,215,81055,0.0768193,8.90252e+06,39.043,39.043,477,0,0,0,0,0,0.076832,0,-1.2672e-05,ok,0
BBMSInter,251,377,215,81055,0.0128467,8.90252e+06,39.043,39.043,1111,0,0,0,0,0,0.012858,0,-1.1337e-05,ok,0
BBMSDppInstant,251,377,215,81055,0.0148167,8.90252e+06,39.043,39.043,4292,0,0,0,0,2,0.005126,0.009682,8.736e-06,ok,0
BBMSDppStepwise,251,377,215,81055,0.0161847,8.90252e+06,39.0469,39.0469,4192,0,0,0,0,0,0.016195,0,-1.0296e-05,ok,0
DijkstraPrims,251,377,215,81055,0.000208547,8.90252e+06,39.0469,39.0469,10,0,0,0,0,0,0.00022,0,-1.1453e-05,ok,0
BBMSCore,251,377,215,81055,0.0767839,8.90252e+06,39.0469,39.0469,477,0,0,0,0,0,0.076794,0,-1.0146e-05,ok,1
BBMSInter,251,377,215,81055,0.0129505,8.90252e+06,39.0469,39.0469,1111,0,0,0,0,0,0.002836,0.010126,-1.147e-05,ok,1
BBMSDppInstant,251,377,215,81055,0.0149318,8.90252e+06,39.0469,39.0469,4292,0,0,0,0,0,0.014944,0,-1.2166e-05,ok,1
BBMSDppStepwise,251,377,215,81055,0.0162555,8.90252e+06,39.0469,39.0469,4192,0,0,0,0,0,0.006007,0.010261,-1.2474e-05,ok,1
DijkstraPrims,251,377,215,81055,0.000208297,8.90252e+06,39.0469,39.0469,10,0,0,0,0,0,0.000208,1.2e-05,-1.1703e-05,ok,1
BBMSCore,251,377,215,81055,0.0769248,8.90252e+06,39.0469,39.0469,477,0,0,0,0,1,0.076918,0,6.844e-06,ok,2
BBMSInter,251,377,215,81055,0.0128746,8.90252e+06,39.0469,39.0469,1111,0,0,0,0,0,0.012886,0,-1.1418e-05,ok,2
BBMSDppInstant,251,377,215,81055,0.0149417,8.90252e+06,39.0469,39.0469,4292,0,0,0,0,1,0.014944,0,-2.337e-06,ok,2
BBMSDppStepwise,251,377,215,81055,0.0161494,8.90252e+06,39.0469,39.0469,4192,0,0,0,0,0,0.005867,0.010296,-1.3562e-05,ok,2
DijkstraPrims,251,377,215,81055,0.00021717,8.90252e+06,39.0469,39.0469,10,0,0,0,0,0,0.000216,1.2e-05,-1.083e-05,ok,2
BBMSCore,252,377,1445,544765,0.482773,1.66004e+07,39.0508,39.0508,3202,0,0,0,0,4,0.472964,0.009788,2.1112e-05,ok,0
BBMSInter,252,377,1445,544765,0.0472117,1.66004e+07,39.0508,39.0508,7458,0,0,0,0,0,0.027474,0.019752,-1.4309e-05,ok,0
BBMSDppInstant,252,377,1445,544765,0.115509,1.66004e+07,39.0508,119.527,29752,0,0,0,0,0,0.084976,0.030547,-1.396e-05,ok,0
BBMSDppStepwise,252,377,1445,544765,0.135858,1.66004e+07,39.0508,114.367,28427,0,0,0,0,0,0.105333,0.030539,-1.4127e-05,ok,0
DijkstraPrims,252,377,1445,544765,0.0775692,1.66004e+07,39.0508,39.0508,6316,0,0,0,0,0,0.077582,0,-1.2756e-05,ok,0
BBMSCore,252,377,1445,544765,0.483293,1.66004e+07,39.0508,39.0508,3202,0,0,0,0,3,0.483253,0,3.9526e-05,ok,1
BBMSInter,252,377,1445,544765,0.0469393,1.66004e+07,39.0508,39.0508,7458,0,0,0,0,0,0.037072,0.009881,-1.3743e-05,ok,1
BBMSDppInstant,252,377,1445,544765,0.114128,1.66004e+07,39.0508,119.531,29752,0,0,0,0,1,0.074899,0.039229,-1.71e-07,ok,1
BBMSDppStepwise,252,377,1445,544765,0.135448,1.66004e+07,39.0508,114.367,28427,0,0,0,0,0,0.11514,0.020321,-1.3414e-05,ok,1
DijkstraPrims,252,377,1445,544765,0.0774761,1.66004e+07,39.0508,39.0508,6316,0,0,0,0,0,0.07749,0,-1.3943e-05,ok,1
BBMSCore,252,377,1445,544765,0.482514,1.66004e+07,39.0508,39.0508,3202,0,0,0,0,2,0.47262,0.009895,-1.261e-06,ok,2
BBMSInter,252,377,1445,544765,0.0466294,1.66004e+07,39.0508,39.0508,7458,0,0,0,0,0,0.03635,0.010293,-1.3643e-05,ok,2
BBMSDppInstant,252,377,1445,544765,0.114188,1.66004e+07,39.0508,119.527,29752,0,0,0,0,2,0.093922,0.020256,1.0418e-05,ok,2
BBMSDppStepwise,252,377,1445,544765,0.135596,1.66004e+07,39.0508,114.367,28427,0,0,0,0,0,0.10605,0.029559,-1.3116e-05,ok,2
DijkstraPrims,252,377,1445,544765,0.0766899,1.66004e+07,39.0508,39.0508,6316,0,0,0,0,1,0.076664,0,2.5927e-05,ok,2
BBMSCore,253,377,1098,413946,0.340005,1.62485e+07,39.0547,39.0547,2435,0,0,0,0,0,0.34002,0,-1.5446e-05,ok,0
BBMSInter,253,377,1098,413946,0.0347058,1.62485e+07,39.0547,39.0547,5669,0,0,0,0,0,0.015146,0.019574,-1.4188e-05,ok,0
BBMSDppInstant,253,377,1098,413946,0.087187,1.62485e+07,39.0547,91.2031,22674,0,0,0,0,0,0.046098,0.041102,-1.303e-05,ok,0
BBMSDppStepwise,253,377,1098,413946,0.113208,1.62485e+07,39.0547,87.4414,21534,0,0,0,0,0,0.082686,0.030537,-1.4802e-05,ok,0
DijkstraPrims,253,377,1098,413946,0.00532438,1.62485e+07,39.0586,39.0586,415,0,0,0,0,0,0.005068,0.000267,-1.0621e-05,ok,0
BBMSCore,253,377,1098,413946,0.34035,1.62485e+07,39.0586,39.0586,2435,0,0,0,0,0,0.340365,0,-1.5188e-05,ok,1
BBMSInter,253,377,1098,413946,0.0368414,1.62485e+07,39.0586,39.0586,5669,0,0,0,0,0,0.026519,0.010334,-1.1594e-05,ok,1
BBMSDppInstant,253,377,1098,413946,0.0865489,1.62485e+07,39.0586,91.2148,22674,0,0,0,0,0,0.076286,0.010276,-1.3087e-05,ok,1
BBMSDppStepwise,253,377,1098,413946,0.113564,1.62485e+07,39.0586,87.4219,21534,0,0,0,0,1,0.093283,0.020275,5.723e-06,ok,1
DijkstraPrims,253,377,1098,413946,0.00542545,1.62485e+07,39.0586,39.0586,415,0,0,0,0,0,0.00544,0,-1.4548e-05,ok,1
BBMSCore,253,377,1098,413946,0.340242,1.62485e+07,39.0586,39.0586,2435,0,0,0,0,2,0.340239,0,3.261e-06,ok,2
BBMSInter,253,377,1098,413946,0.0344137,1.62485e+07,39.0586,39.0586,5669,0,0,0,0,0,0.024597,0.009827,-1.0274e-05,ok,2
BBMSDppInstant,253,377,1098,413946,0.0869693,1.62485e+07,39.0586,91.1953,22674,0,0,0,0,1,0.067068,0.019899,2.294e-06,ok,2
BBMSDppStepwise,253,377,1098,413946,0.113536,1.62485e+07,39.0586,87.4141,21534,0,0,0,0,0,0.084111,0.029439,-1.3549e-05,ok,2
DijkstraPrims,253,377,1098,413946,0.00541699,1.62485e+07,39.0586,39.0586,415,0,0,0,0,0,0.005429,0,-1.2005e-05,ok,2
BBMSCore,254,377,402,151554,0.0619585,8.37256e+06,39.0664,39.0664,891,0,0,0,0,0,0.061972,0,-1.3479e-05,ok,0
BBMSInter,254,377,402,151554,0.0145572,8.37256e+06,39.0664,39.0664,2075,0,0,0,0,0,0.004794,0.009776,-1.2803e-05,ok,0
BBMSDppInstant,254,377,402,151554,0.0282366,8.37256e+06,39.0664,39.0664,8221,0,0,0,0,0,0.018306,0.009943,-1.239e-05,ok,0
BBMSDppStepwise,254,377,402,151554,0.0311502,8.37256e+06,39.0664,39.0664,7951,0,0,0,0,0,0.021036,0.010126,-1.1796e-05,ok,0
DijkstraPrims,254,377,402,151554,0.00502146,8.37256e+06,39.0664,39.0664,377,0,0,0,0,0,0.005034,0,-1.2545e-05,ok,0
BBMSCore,254,377,402,151554,0.06171,8.37256e+06,39.0664,39.0664,891,0,0,0,0,1,0.061714,0,-4.01e-06,ok,1
BBMSInter,254,377,402,151554,0.0141019,8.37256e+06,39.0664,39.0664,2075,0,0,0,0,0,0.004946,0.009166,-1.0145e-05,ok,1
BBMSDppInstant,254,377,402,151554,0.0281162,8.37256e+06,39.0664,39.0664,8221,0,0,0,0,0,0.018047,0.010079,-9.824e-06,ok,1
BBMSDppStepwise,254,377,402,151554,0.0310905,8.37256e+06,39.0664,39.0664,7951,0,0,0,0,0,0.021443,0.009659,-1.1469e-05,ok,1
DijkstraPrims,254,377,402,151554,0.00502487,8.37256e+06,39.0664,39.0664,377,0,0,0,0,0,0.005036,0,-1.1134e-05,ok,1
BBMSCore,254,377,402,151554,0.0617216,8.37256e+06,39.0664,39.0664,891,0,0,0,0,0,0.061732,0,-1.0396e-05,ok,2
BBMSInter,254,377,402,151554,0.01404,8.37256e+06,39.0664,39.0664,2075,0,0,0,0,1,0.014041,0,-9.72e-07,ok,2
BBMSDppInstant,254,377,402,151554,0.0278212,8.37256e+06,39.0664,39.0664,8221,0,0,0,0,0,0.007976,0.019856,-1.0796e-05,ok,2
BBMSDppStepwise,254,377,402,151554,0.0313615,8.37256e+06,39.0664,39.0664,7951,0,0,0,0,0,0.021251,0.010124,-1.3513e-05,ok,2
DijkstraPrims,254,377,402,151554,0.00503229,8.37256e+06,39.0664,39.0664,377,0,0,0,0,0,0.005043,0,-1.0708e-05,ok,2
BBMSCore,255,2423,40,96920,0.29923,2.94914e+07,39.0703,39.0703,599,0,0,0,0,2,0.299092,0,0.000138274,ok,0
BBMSInter,255,2423,40,96920,0.00433394,2.94914e+07,39.0703,39.0703,1357,0,0,0,0,0,0,0.004345,-1.1062e-05,ok,0
BBMSDppInstant,255,2423,40,96920,0.0166989,2.94914e+07,39.0703,39.0703,5105,0,0,0,0,0,0.006974,0.009736,-1.1065e-05,ok,0
BBMSDppStepwise,255,2423,40,96920,0.0180902,2.94914e+07,39.0703,39.0703,4994,0,0,0,0,0,0.008127,0.009977,-1.3789e-05,ok,0
DijkstraPrims,255,2423,40,96920,0.00963615,2.94914e+07,39.0703,39.0703,878,0,0,0,0,0,0.009648,0,-1.1852e-05,ok,0
BBMSCore,255,2423,40,96920,0.2994,2.94914e+07,39.0703,39.0703,599,0,0,0,0,1,0.289386,0.010019,-4.715e-06,ok,1
BBMSInter,255,2423,40,96920,0.00430963,2.94914e+07,39.0742,39.0742,1357,0,0,0,0,0,0.004318,0,-8.373e-06,ok,1
BBMSDppInstant,255,2423,40,96920,0.0167409,2.94914e+07,39.0742,39.0742,5105,0,0,0,0,0,0,0.016752,-1.1078e-05,ok,1
BBMSDppStepwise,255,2423,40,96920,0.0179785,2.94914e+07,39.0742,39.0742,4994,0,0,0,0,0,0.008024,0.009966,-1.1473e-05,ok,1
DijkstraPrims,255,2423,40,96920,0.00958188,2.94914e+07,39.0742,39.0742,878,0,0,0,0,0,0.009593,0,-1.1123e-05,ok,1
BBMSCore,255,2423,40,96920,0.298332,2.94914e+07,39.0742,39.0742,599,0,0,0,0,4,0.298183,0.000137,1.2015e-05,ok,2
BBMSInter,255,2423,40,96920,0.00441965,2.94914e+07,39.0742,39.0742,1357,0,0,0,0,0,0.004437,0,-1.7347e-05,ok,2
BBMSDppInstant,255,2423,40,96920,0.0169127,2.94914e+07,39.0742,39.0742,5105,0,0,0,0,0,0.016925,0,-1.2274e-05,ok,2
BBMSDppStepwise,255,2423,40,96920,0.0183166,2.94914e+07,39.0742,39.0742,4994,0,0,0,0,0,0,0.018331,-1.4398e-05,ok,2
DijkstraPrims,255,2423,40,96920,0.00963041,2.94914e+07,39.0742,39.0742,878,0,0,0,0,0,0.009642,0,-1.1587e-05,ok,2
BBMSCore,256,2423,149,361027,2.12903,2.24355e+07,39.0781,39.0781,2147,0,0,0,0,7,2.12897,0,5.9001e-05,ok,0
BBMSInter,256,2423,149,361027,0.136665,2.24355e+07,39.0781,39.0781,4967,0,0,0,0,2,0.126326,0.010334,4.922e-06,ok,0
BBMSDppInstant,256,2423,149,361027,0.0764357,2.24355e+07,39.0781,79.5352,19655,0,0,0,0,0,0.03646,0.039986,-1.0311e-05,ok,0
BBMSDppStepwise,256,2423,149,361027,0.101202,2.24355e+07,39.0781,76.6016,18760,0,0,0,0,1,0.060631,0.040573,-1.972e-06,ok,0
DijkstraPrims,256,2423,149,361027,0.026846,2.24355e+07,39.0781,39.0781,2813,0,0,0,0,0,0.026511,0.000346,-1.1039e-05,ok,0
BBMSCore,256,2423,149,361027,2.12161,2.24355e+07,39.0781,39.0781,2147,0,0,0,0,11,2.12125,0,0.000359756,ok,1
BBMSInter,256,2423,149,361027,0.136218,2.24355e+07,39.0781,39.0781,4967,0,0,0,0,0,0.136234,0,-1.6423e-05,ok,1
BBMSDppInstant,256,2423,149,361027,0.0761107,2.24355e+07,39.0781,79.7461,19655,0,0,0,0,0,0.066151,0.009971,-1.1335e-05,ok,1
BBMSDppStepwise,256,2423,149,361027,0.100945,2.24355e+07,39.0781,76.5977,18760,0,0,0,0,0,0.060429,0.040529,-1.302e-05,ok,1
DijkstraPrims,256,2423,149,361027,0.0269301,2.24355e+07,39.0781,39.0781,2813,0,0,0,0,0,0.026941,0,-1.0947e-05,ok,1
BBMSCore,256,2423,149,361027,2.12232,2.24355e+07,39.0781,39.0781,2147,0,0,0,0,9,2.1213,0.00067,0.000347808,ok,2
BBMSInter,256,2423,149,361027,0.136644,2.24355e+07,39.0781,39.0781,4967,0,0,0,0,0,0.13666,0,-1.6301e-05,ok,2
BBMSDppInstant,256,2423,149,361027,0.0758041,2.24355e+07,39.0781,79.7461,19655,0,0,0,0,0,0.036011,0.039805,-1.1924e-05,ok,2
BBMSDppStepwise,256,2423,149,361027,0.101803,2.24355e+07,39.0781,76.6055,18760,0,0,0,0,0,0.062252,0.039563,-1.2032e-05,ok,2
DijkstraPrims,256,2423,149,361027,0.0271782,2.24355e+07,39.0781,39.0781,2813,0,0,0,0,0,0.01719,0.01,-1.1767e-05,ok,2
BBMSCore,257,2423,1009,2444807,4.21774,2.35506e+07,39.082,59.7422,14363,0,0,0,0,18,4.19765,0.019961,0.000131861,ok,0
BBMSInter,257,2423,1009,2444807,0.91998,2.35506e+07,39.082,134.262,33463,0,0,0,0,3,0.879814,0.040148,1.8014e-05,ok,0
BBMSDppInstant,257,2423,1009,2444807,0.515186,2.35506e+07,39.082,523.371,133860,0,0,0,0,1,0.315453,0.199739,-6.209e-06,ok,0
BBMSDppStepwise,257,2423,1009,2444807,0.6122,2.35506e+07,39.082,499.543,127804,0,0,0,0,2,0.400552,0.21165,-2.16e-06,ok,0
DijkstraPrims,257,2423,1009,2444807,0.340665,2.35506e+07,39.0859,81.2656,24560,0,0,0,0,3,0.291144,0.049499,2.2327e-05,ok,0
BBMSCore,257,2423,1009,2444807,4.17129,2.35506e+07,39.0859,59.7422,14363,0,0,0,0,17,4.15108,0.020025,0.000188729,ok,1
BBMSInter,257,2423,1009,2444807,0.922693,2.35506e+07,39.0859,134.125,33463,0,0,0,0,2,0.892746,0.029914,3.2523e-05,ok,1
BBMSDppInstant,257,2423,1009,2444807,0.515664,2.35506e+07,39.0898,523.348,133860,0,0,0,0,3,0.365987,0.149663,1.4469e-05,ok,1
BBMSDppStepwise,257,2423,1009,2444807,0.610059,2.35506e+07,39.0898,499.602,127804,0,0,0,0,4,0.499506,0.110528,2.4933e-05,ok,1
DijkstraPrims,257,2423,1009,2444807,0.33141,2.35506e+07,39.0898,81.3008,24560,0,0,0,0,0,0.301067,0.030359,-1.5619e-05,ok,1
BBMSCore,257,2423,1009,2444807,4.16093,2.35506e+07,39.0898,59.7422,14363,0,0,0,0,18,4.13019,0.029968,0.000776033,ok,2
BBMSInter,257,2423,1009,2444807,0.922087,2.35506e+07,39.0898,134.375,33463,0,0,0,0,3,0.862285,0.059786,1.557e-05,ok,2
BBMSDppInstant,257,2423,1009,2444807,0.517793,2.35506e+07,39.0898,523.355,133860,0,0,0,0,0,0.347566,0.170247,-1.9549e-05,ok,2
BBMSDppStepwise,257,2423,1009,2444807,0.609636,2.35506e+07,39.0898,499.426,127804,0,0,0,0,3,0.400946,0.208672,1.8416e-05,ok,2
DijkstraPrims,257,2423,1009,2444807,0.327892,2.35506e+07,39.0898,81.1953,24560,0,0,0,0,1,0.29818,0.029721,-9.202e-06,ok,2
BBMSCore,258,2423,631,1528913,8.1996,1.18923e+07,39.0938,39.0938,8994,0,0,0,0,34,8.17817,0.019984,0.00144198,ok,0
BBMSInter,258,2423,631,1528913,1.16117,1.18923e+07,39.0938,85.4922,20939,0,0,0,0,5,1.15105,0.010047,6.8183e-05,ok,0
BBMSDppInstant,258,2423,631,1528913,0.342546,1.18923e+07,39.0938,329.633,83951,0,0,0,0,2,0.232959,0.109574,1.2612e-05,ok,0
BBMSDppStepwise,258,2423,631,1528913,0.445164,1.18923e+07,39.0938,315.402,80231,0,0,0,0,0,0.315268,0.1299,-3.634e-06,ok,0
DijkstraPrims,258,2423,631,1528913,0.128,1.18923e+07,39.0938,41.8594,11411,0,0,0,0,0,0.108419,0.019595,-1.3573e-05,ok,0
BBMSCore,258,2423,631,1528913,8.21168,1.18923e+07,39.0938,39.0938,8994,0,0,0,0,33,8.20016,0.010006,0.00151052,ok,1
BBMSInter,258,2423,631,1528913,1.17166,1.18923e+07,39.0938,85.5,20939,0,0,0,0,4,1.15153,0.020102,2.753e-05,ok,1
BBMSDppInstant,258,2423,631,1528913,0.347762,1.18923e+07,39.0938,329.574,83951,0,0,0,0,2,0.268732,0.079021,9.158e-06,ok,1
BBMSDppStepwise,258,2423,631,1528913,0.451319,1.18923e+07,39.0938,315.414,80231,0,0,0,0,2,0.351747,0.099563,9.27e-06,ok,1
DijkstraPrims,258,2423,631,1528913,0.131066,1.18923e+07,39.0938,41.8633,11411,0,0,0,0,0,0.121061,0.010017,-1.2167e-05,ok,1
BBMSCore,258,2423,631,1528913,8.18739,1.18923e+07,39.0938,39.0938,8994,0,0,0,0,30,8.16619,0.01998,0.00121396,ok,2
BBMSInter,258,2423,631,1528913,1.16034,1.18923e+07,39.0938,85.4883,20939,0,0,0,0,5,1.13018,0.030137,2.074e-05,ok,2
BBMSDppInstant,258,2423,631,1528913,0.349338,1.18923e+07,39.0938,329.629,83951,0,0,0,0,0,0.21061,0.138744,-1.5958e-05,ok,2
BBMSDppStepwise,258,2423,631,1528913,0.454831,1.18923e+07,39.0938,315.406,80231,0,0,0,0,4,0.356072,0.098725,3.3884e-05,ok,2
DijkstraPrims,258,2423,631,1528913,0.129659,1.18923e+07,39.0938,41.8867,11411,0,0,0,0,1,0.12966,0,-1.026e-06,ok,2
BBMSCore,259,2423,542,1313266,12.3654,1.96239e+07,39.0977,39.0977,7730,0,0,0,0,42,12.3545,0.01015,0.00074571,ok,0
BBMSInter,259,2423,542,1313266,0.507729,1.96239e+07,39.0977,74,17990,0,0,0,0,4,0.487575,0.020138,1.6321e-05,ok,0
BBMSDppInstant,259,2423,542,1313266,0.292348,1.96239e+07,39.0977,280.266,71840,0,0,0,0,0,0.154691,0.137659,-1.552e-06,ok,0
BBMSDppStepwise,259,2423,542,1313266,0.453748,1.96239e+07,39.0977,268.246,68205,0,0,0,0,2,0.363694,0.090046,8.496e-06,ok,0
DijkstraPrims,259,2423,542,1313266,0.0558445,1.96239e+07,39.0977,39.0977,4052,0,0,0,0,1,0.055848,0,-3.501e-06,ok,0
BBMSCore,259,2423,542,1313266,12.295,1.96239e+07,39.0977,39.0977,7730,0,0,0,0,51,12.283,0.009999,0.00191106,ok,1
BBMSInter,259,2423,542,1313266,0.509089,1.96239e+07,39.0977,73.9922,17990,0,0,0,0,0,0.479277,0.029829,-1.7042e-05,ok,1
BBMSDppInstant,259,2423,542,1313266,0.295782,1.96239e+07,39.0977,280.258,71840,0,0,0,0,1,0.165144,0.130639,-9.39e-07,ok,1
BBMSDppStepwise,259,2423,542,1313266,0.457283,1.96239e+07,39.0977,268.477,68205,0,0,0,0,1,0.367956,0.089336,-9.384e-06,ok,1
DijkstraPrims,259,2423,542,1313266,0.0555146,1.96239e+07,39.1016,39.1016,4052,0,0,0,0,0,0.05527,0.000256,-1.1416e-05,ok,1
BBMSCore,259,2423,542,1313266,12.5057,1.96239e+07,39.1016,39.1016,7730,0,0,0,0,52,12.4934,0.009999,0.00231436,ok,2
BBMSInter,259,2423,542,1313266,0.506339,1.96239e+07,39.1016,73.9844,17990,0,0,0,0,2,0.47652,0.02982,-8.53e-07,ok,2
BBMSDppInstant,259,2423,542,1313266,0.285907,1.96239e+07,39.1016,280.242,71840,0,0,0,0,0,0.165234,0.120688,-1.4937e-05,ok,2
BBMSDppStepwise,259,2423,542,1313266,0.44927,1.96239e+07,39.1016,268.488,68205,0,0,0,0,2,0.398801,0.050465,3.947e-06,ok,2
DijkstraPrims,259,2423,542,1313266,0.0547208,1.96239e+07,39.1016,39.1016,4052,0,0,0,0,0,0.044981,0.009749,-9.16e-06,ok,2
BBMSCore,260,2423,215,520945,0.140482,2.09046e+07,39.1055,39.1055,3084,0,0,0,0,1,0.130245,0.01024,-2.587e-06,ok,0
BBMSInter,260,2423,215,520945,0.0340358,2.09046e+07,39.1055,39.1055,7154,0,0,0,0,0,0.024611,0.009438,-1.3169e-05,ok,0
BBMSDppInstant,260,2423,215,520945,0.099392,2.09046e+07,39.1055,114.191,28370,0,0,0,0,0,0.069701,0.029705,-1.4026e-05,ok,0
BBMSDppStepwise,260,2423,215,520945,0.115696,2.09046e+07,39.1055,109.418,27142,0,0,0,0,0,0.064847,0.050861,-1.2402e-05,ok,0
DijkstraPrims,260,2423,215,520945,0.0597148,2.09046e+07,39.1055,39.1055,5586,0,0,0,0,0,0.059727,0,-1.2169e-05,ok,0
BBMSCore,260,2423,215,520945,0.141167,2.09046e+07,39.1055,39.1055,3084,0,0,0,0,1,0.141173,0,-6.088e-06,ok,1
BBMSInter,260,2423,215,520945,0.0354728,2.09046e+07,39.1055,39.1055,7154,0,0,0,0,1,0.025168,0.010136,0.000168796,ok,1
BBMSDppInstant,260,2423,215,520945,0.0995896,2.09046e+07,39.1055,114.199,28370,0,0,0,0,1,0.068985,0.030605,-4.12e-07,ok,1
BBMSDppStepwise,260,2423,215,520945,0.116595,2.09046e+07,39.1055,109.422,27142,0,0,0,0,0,0.065932,0.050676,-1.3136e-05,ok,1
DijkstraPrims,260,2423,215,520945,0.0600698,2.09046e+07,39.1094,39.1094,5586,0,0,0,0,0,0.060082,0,-1.2169e-05,ok,1
BBMSCore,260,2423,215,520945,0.141433,2.09046e+07,39.1094,39.1094,3084,0,0,0,0,1,0.131171,0.010271,-8.576e-06,ok,2
BBMSInter,260,2423,215,520945,0.0347439,2.09046e+07,39.1094,39.1094,7154,0,0,0,0,0,0.024671,0.010086,-1.3091e-05,ok,2
BBMSDppInstant,260,2423,215,520945,0.100319,2.09046e+07,39.1094,114.203,28370,0,0,0,0,0,0.070261,0.030074,-1.6408e-05,ok,2
BBMSDppStepwise,260,2423,215,520945,0.116434,2.09046e+07,39.1094,109.426,27142,0,0,0,0,2,0.077263,0.039159,1.1693e-05,ok,2
DijkstraPrims,260,2423,215,520945,0.0605934,2.09046e+07,39.1094,39.1094,5586,0,0,0,0,1,0.050599,0.009997,-2.648e-06,ok,2
BBMSCore,261,2423,1445,3501235,37.6132,8.97863e+06,39.1133,83.9961,20557,0,0,0,0,117,37.5822,0.030001,0.00104173,ok,0
BBMSInter,261,2423,1445,3501235,4.49093,8.97863e+06,39.1133,190.859,47910,0,0,0,0,15,4.42078,0.07003,0.000120498,ok,0
BBMSDppInstant,261,2423,1445,3501235,0.922103,8.97863e+06,39.1133,743.383,190213,0,0,0,0,3,0.701782,0.22031,1.137e-05,ok,0
BBMSDppStepwise,261,2423,1445,3501235,1.11131,8.97863e+06,39.1133,716,183205,0,0,0,0,4,0.871128,0.240144,3.3398e-05,ok,0
DijkstraPrims,261,2423,1445,3501235,0.241892,8.97863e+06,39.1133,55.7734,16042,0,0,0,0,0,0.232428,0.009478,-1.4186e-05,ok,0
BBMSCore,261,2423,1445,3501235,38.4926,8.97863e+06,39.1133,84.0117,20557,0,0,0,0,151,38.4496,0.039989,0.00304341,ok,1
BBMSInter,261,2423,1445,3501235,4.7251,8.97863e+06,39.1133,190.859,47910,0,0,0,0,16,4.67492,0.050041,0.000137056,ok,1
BBMSDppInstant,261,2423,1445,3501235,0.949608,8.97863e+06,39.1133,743.051,190213,0,0,0,0,3,0.679835,0.26976,1.2924e-05,ok,1
BBMSDppStepwise,261,2423,1445,3501235,1.12951,8.97863e+06,39.1133,716.016,183205,0,0,0,0,5,0.919612,0.209862,3.7896e-05,ok,1
DijkstraPrims,261,2423,1445,3501235,0.243966,8.97863e+06,39.1133,55.7734,16042,0,0,0,0,0,0.233914,0.010067,-1.4609e-05,ok,1
BBMSCore,261,2423,1445,3501235,37.0955,8.97863e+06,39.1172,84,20557,0,0,0,0,141,37.0705,0.020001,0.00499932,ok,2
BBMSInter,261,2423,1445,3501235,4.69442,8.97863e+06,39.1172,190.738,47910,0,0,0,0,20,4.62401,0.070046,0.000368677,ok,2
BBMSDppInstant,261,2423,1445,3501235,0.952968,8.97863e+06,39.1172,743.328,190213,0,0,0,0,4,0.692336,0.260515,0.000116802,ok,2
BBMSDppStepwise,261,2423,1445,3501235,1.13406,8.97863e+06,39.1172,715.98,183205,0,0,0,0,3,0.945003,0.189041,1.6488e-05,ok,2
DijkstraPrims,261,2423,1445,3501235,0.244335,8.97863e+06,39.1172,55.7773,16042,0,0,0,0,1,0.214879,0.029457,-5.15e-07,ok,2
BBMSCore,262,2423,1098,2660454,11.9433,9.63752e+06,39.1172,64.7461,15628,0,0,0,0,50,11.9329,0.009953,0.000522065,ok,0
BBMSInter,262,2423,1098,2660454,2.11942,9.63752e+06,39.1211,145.867,36413,0,0,0,0,10,2.06934,0.049974,0.000100451,ok,0
BBMSDppInstant,262,2423,1098,2660454,0.627314,9.63752e+06,39.1211,572.953,146575,0,0,0,0,5,0.467703,0.159546,6.5288e-05,ok,0
BBMSDppStepwise,262,2423,1098,2660454,0.740173,9.63752e+06,39.1211,546.301,139754,0,0,0,0,4,0.539978,0.200134,6.1213e-05,ok,0
DijkstraPrims,262,2423,1098,2660454,0.341891,9.63752e+06,39.1211,81.2734,23256,0,0,0,0,1,0.312181,0.029684,2.6132e-05,ok,0
BBMSCore,262,2423,1098,2660454,11.928,9.63752e+06,39.1211,64.7422,15628,0,0,0,0,53,11.905,0.020435,0.00257205,ok,1
BBMSInter,262,2423,1098,2660454,2.12254,9.63752e+06,39.1211,145.887,36413,0,0,0,0,11,2.08254,0.039826,0.000170573,ok,1
BBMSDppInstant,262,2423,1098,2660454,0.627228,9.63752e+06,39.1211,572.953,146575,0,0,0,0,1,0.437816,0.189415,-3.119e-06,ok,1
BBMSDppStepwise,262,2423,1098,2660454,0.742258,9.63752e+06,39.1211,546.27,139754,0,0,0,0,3,0.5637,0.178519,3.8704e-05,ok,1
DijkstraPrims,262,2423,1098,2660454,0.3414,9.63752e+06,39.1211,81.2656,23256,0,0,0,0,0,0.311862,0.029555,-1.6672e-05,ok,1
BBMSCore,262,2423,1098,2660454,11.9652,9.63752e+06,39.1211,64.4727,15628,0,0,0,0,47,11.9549,0.009996,0.000338124,ok,2
BBMSInter,262,2423,1098,2660454,2.11082,9.63752e+06,39.1211,145.887,36413,0,0,0,0,13,2.0607,0.050038,8.1023e-05,ok,2
BBMSDppInstant,262,2423,1098,2660454,0.618299,9.63752e+06,39.1211,572.957,146575,0,0,0,0,3,0.448516,0.169754,2.8828e-05,ok,2
BBMSDppStepwise,262,2423,1098,2660454,0.733724,9.63752e+06,39.1211,546.297,139754,0,0,0,0,3,0.593088,0.140608,2.7727e-05,ok,2
DijkstraPrims,262,2423,1098,2660454,0.340072,9.63752e+06,39.1211,81.2656,23256,0,0,0,0,0,0.290057,0.050032,-1.7009e-05,ok,2
BBMSCore,263,2423,402,974046,4.15858,1.83516e+07,39.125,39.125,5741,0,0,0,0,17,4.14806,0.009999,0.000513355,ok,0
BBMSInter,263,2423,402,974046,0.194263,1.83516e+07,39.125,55.8594,13351,0,0,0,0,1,0.1644,0.029754,0.000108925,ok,0
BBMSDppInstant,263,2423,402,974046,0.227323,1.83516e+07,39.125,210.098,53507,0,0,0,0,0,0.177379,0.049958,-1.4428e-05,ok,0
BBMSDppStepwise,263,2423,402,974046,0.275527,1.83516e+07,39.125,201.391,50806,0,0,0,0,2,0.215831,0.059683,1.2985e-05,ok,0
DijkstraPrims,263,2423,402,974046,0.103601,1.83516e+07,39.125,39.125,8044,0,0,0,0,0,0.09376,0.009854,-1.2544e-05,ok,0
BBMSCore,263,2423,402,974046,4.16632,1.83516e+07,39.125,39.125,5741,0,0,0,0,19,4.16574,0,0.000575361,ok,1
BBMSInter,263,2423,402,974046,0.193135,1.83516e+07,39.125,55.8672,13351,0,0,0,0,2,0.182982,0.010139,1.3971e-05,ok,1
BBMSDppInstant,263,2423,402,974046,0.226923,1.83516e+07,39.125,210.098,53507,0,0,0,0,1,0.147324,0.079602,-2.909e-06,ok,1
BBMSDppStepwise,263,2423,402,974046,0.274896,1.83516e+07,39.125,201.406,50806,0,0,0,0,3,0.20518,0.069693,2.3162e-05,ok,1
DijkstraPrims,263,2423,402,974046,0.102698,1.83516e+07,39.125,39.125,8044,0,0,0,0,1,0.102274,0.000427,-3.46e-06,ok,1
BBMSCore,263,2423,402,974046,4.17339,1.83516e+07,39.125,39.125,5741,0,0,0,0,14,4.16293,0.01001,0.000450295,ok,2
BBMSInter,263,2423,402,974046,0.19514,1.83516e+07,39.1289,55.875,13351,0,0,0,0,1,0.184586,0.010554,-2.7e-08,ok,2
BBMSDppInstant,263,2423,402,974046,0.228499,1.83516e+07,39.1289,210.094,53507,0,0,0,0,0,0.138466,0.090046,-1.2857e-05,ok,2
BBMSDppStepwise,263,2423,402,974046,0.276164,1.83516e+07,39.1289,201.387,50806,0,0,0,0,2,0.196408,0.079748,8.101e-06,ok,2
DijkstraPrims,263,2423,402,974046,0.102965,1.83516e+07,39.1328,39.1328,8044,0,0,0,0,2,0.082624,0.020316,2.4662e-05,ok,2
BBMSCore,264,40,149,5960,0.000716069,8.12354e+06,39.1328,39.1328,37,0,0,0,0,0,0,0.000728,-1.1931e-05,ok,0
BBMSInter,264,40,149,5960,0.000319228,8.12354e+06,39.1367,39.1367,84,0,0,0,0,0,0.000329,0,-9.772e-06,ok,0
BBMSDppInstant,264,40,149,5960,0.000998394,8.12354e+06,39.1367,39.1367,319,0,0,0,0,0,0.00096,5.1e-05,-1.2606e-05,ok,0
BBMSDppStepwise,264,40,149,5960,0.000999258,8.12354e+06,39.1367,39.1367,301,0,0,0,0,0,0.001013,0,-1.3742e-05,ok,0
DijkstraPrims,264,40,149,5960,0.000837801,8.12354e+06,39.1367,39.1367,57,0,0,0,0,0,0.000848,0,-1.0199e-05,ok,0
BBMSCore,264,40,149,5960,0.000724114,8.12354e+06,39.1367,39.1367,37,0,0,0,0,0,0.000737,0,-1.2886e-05,ok,1
BBMSInter,264,40,149,5960,0.000343435,8.12354e+06,39.1367,39.1367,84,0,0,0,0,0,0.000338,1.8e-05,-1.2565e-05,ok,1
BBMSDppInstant,264,40,149,5960,0.00100537,8.12354e+06,39.1367,39.1367,319,0,0,0,0,0,0.001017,0,-1.163e-05,ok,1
BBMSDppStepwise,264,40,149,5960,0.000970659,8.12354e+06,39.1367,39.1367,301,0,0,0,0,0,0.000981,0,-1.0341e-05,ok,1
DijkstraPrims,264,40,149,5960,0.000841036,8.12354e+06,39.1367,39.1367,57,0,0,0,0,0,0.000852,0,-1.0964e-05,ok,1
BBMSCore,264,40,149,5960,0.000705241,8.12354e+06,39.1367,39.1367,37,0,0,0,0,0,0.000683,3.4e-05,-1.1759e-05,ok,2
BBMSInter,264,40,149,5960,0.000326983,8.12354e+06,39.1367,39.1367,84,0,0,0,0,0,0.000337,0,-1.0017e-05,ok,2
BBMSDppInstant,264,40,149,5960,0.000980749,8.12354e+06,39.1367,39.1367,319,0,0,0,0,0,0.000991,0,-1.0251e-05,ok,2
BBMSDppStepwise,264,40,149,5960,0.000972499,8.12354e+06,39.1367,39.1367,301,0,0,0,0,0,0.000984,0,-1.1501e-05,ok,2
DijkstraPrims,264,40,149,5960,0.000835482,8.12354e+06,39.1367,39.1367,57,0,0,0,0,0,0.000845,0,-9.518e-06,ok,2
BBMSCore,265,40,1009,40360,0.0274839,5.94343e+06,39.1406,39.1406,244,0,0,0,0,0,0.027496,0,-1.2056e-05,ok,0
BBMSInter,265,40,1009,40360,0.00222297,5.94343e+06,39.1406,39.1406,559,0,0,0,0,0,0.002232,0,-9.032e-06,ok,0
BBMSDppInstant,265,40,1009,40360,0.0069785,5.94343e+06,39.1406,39.1406,2111,0,0,0,0,0,0,0.006988,-9.505e-06,ok,0
BBMSDppStepwise,265,40,1009,40360,0.00714,5.94343e+06,39.1406,39.1406,2067,0,0,0,0,0,0.007151,0,-1.0998e-05,ok,0
DijkstraPrims,265,40,1009,40360,0.0021786,5.94343e+06,39.1406,39.1406,151,0,0,0,0,0,0.00219,0,-1.1404e-05,ok,0
BBMSCore,265,40,1009,40360,0.0274794,5.94343e+06,39.1406,39.1406,244,0,0,0,0,0,0.027133,0.000358,-1.1555e-05,ok,1
BBMSInter,265,40,1009,40360,0.00227186,5.94343e+06,39.1406,39.1406,559,0,0,0,0,0,0.002283,0,-1.1141e-05,ok,1
BBMSDppInstant,265,40,1009,40360,0.00707356,5.94343e+06,39.1406,39.1406,2111,0,0,0,0,0,0.007086,0,-1.2437e-05,ok,1
BBMSDppStepwise,265,40,1009,40360,0.00697728,5.94343e+06,39.1406,39.1406,2067,0,0,0,0,0,0.006988,0,-1.0721e-05,ok,1
DijkstraPrims,265,40,1009,40360,0.00219139,5.94343e+06,39.1406,39.1406,151,0,0,0,0,0,0.002204,0,-1.2612e-05,ok,1
BBMSCore,265,40,1009,40360,0.0274875,5.94343e+06,39.1406,39.1406,244,0,0,0,0,0,0.027497,0,-9.527e-06,ok,2
BBMSInter,265,40,1009,40360,0.00220901,5.94343e+06,39.1406,39.1406,559,0,0,0,0,0,0.002108,0.000111,-9.992e-06,ok,2
BBMSDppInstant,265,40,1009,40360,0.0070681,5.94343e+06,39.1406,39.1406,2111,0,0,0,0,0,0,0.00708,-1.1895e-05,ok,2
BBMSDppStepwise,265,40,1009,40360,0.00732071,5.94343e+06,39.1406,39.1406,2067,0,0,0,0,0,0.007332,0,-1.1295e-05,ok,2
DijkstraPrims,265,40,1009,40360,0.00217364,5.94343e+06,39.1445,39.1445,151,0,0,0,0,0,0.002186,0,-1.2358e-05,ok,2
BBMSCore,266,40,631,25240,0.0227641,2.00372e+07,39.1445,39.1445,150,0,0,0,0,0,0.022776,0,-1.1921e-05,ok,0
BBMSInter,266,40,631,25240,0.00269914,2.00372e+07,39.1484,39.1484,348,0,0,0,0,0,0.002709,0,-9.862e-06,ok,0
BBMSDppInstant,266,40,631,25240,0.00414767,2.00372e+07,39.1484,39.1484,1323,0,0,0,0,0,0.00396,0.000198,-1.0331e-05,ok,0
BBMSDppStepwise,266,40,631,25240,0.00445858,2.00372e+07,39.1484,39.1484,1305,0,0,0,0,0,0,0.00447,-1.1421e-05,ok,0
DijkstraPrims,266,40,631,25240,0.002172,2.00372e+07,39.1484,39.1484,190,0,0,0,0,0,0.002184,0,-1.2002e-05,ok,0
BBMSCore,266,40,631,25240,0.0227544,2.00372e+07,39.1484,39.1484,150,0,0,0,0,0,0.022614,0.000151,-1.0585e-05,ok,1
BBMSInter,266,40,631,25240,0.00278857,2.00372e+07,39.1484,39.1484,348,0,0,0,0,0,0.002801,0,-1.2427e-05,ok,1
BBMSDppInstant,266,40,631,25240,0.00407112,2.00372e+07,39.1484,39.1484,1323,0,0,0,0,0,0.004082,0,-1.0876e-05,ok,1
BBMSDppStepwise,266,40,631,25240,0.00440346,2.00372e+07,39.1484,39.1484,1305,0,0,0,0,0,0.004415,0,-1.1542e-05,ok,1
DijkstraPrims,266,40,631,25240,0.00216248,2.00372e+07,39.1484,39.1484,190,0,0,0,0,0,0.00207,0.000103,-1.0521e-05,ok,1
BBMSCore,266,40,631,25240,0.022801,2.00372e+07,39.1484,39.1484,150,0,0,0,0,0,0.022815,0,-1.4044e-05,ok,2
BBMSInter,266,40,631,25240,0.00270214,2.00372e+07,39.1484,39.1484,348,0,0,0,0,0,0.002714,0,-1.1855e-05,ok,2
BBMSDppInstant,266,40,631,25240,0.00409443,2.00372e+07,39.1484,39.1484,1323,0,0,0,0,0,0.004105,0,-1.0572e-05,ok,2
BBMSDppStepwise,266,40,631,25240,0.00433077,2.00372e+07,39.1484,39.1484,1305,0,0,0,0,0,0.004341,0,-1.0227e-05,ok,2
DijkstraPrims,266,40,631,25240,0.0021643,2.00372e+07,39.1484,39.1484,190,0,0,0,0,0,0.002174,0,-9.704e-06,ok,2
BBMSCore,267,40,542,21680,0.0094485,1.03272e+07,39.1523,39.1523,130,0,0,0,0,0,0.009457,0,-8.496e-06,ok,0
BBMSInter,267,40,542,21680,0.00144152,1.03272e+07,39.1523,39.1523,299,0,0,0,0,0,0.001452,0,-1.0481e-05,ok,0
BBMSDppInstant,267,40,542,21680,0.00368276,1.03272e+07,39.1523,39.1523,1161,0,0,0,0,0,0.003517,0.000175,-9.241e-06,ok,0
BBMSDppStepwise,267,40,542,21680,0.00412768,1.03272e+07,39.1523,39.1523,1125,0,0,0,0,0,0.004142,0,-1.4323e-05,ok,0
DijkstraPrims,267,40,542,21680,0.00279894,1.03272e+07,39.1562,39.1562,288,0,0,0,0,0,0.002809,0,-1.006e-05,ok,0
BBMSCore,267,40,542,21680,0.00945593,1.03272e+07,39.1562,39.1562,130,0,0,0,0,0,0.009467,0,-1.1072e-05,ok,1
BBMSInter,267,40,542,21680,0.00141913,1.03272e+07,39.1562,39.1562,299,0,0,0,0,0,0.001429,0,-9.874e-06,ok,1
BBMSDppInstant,267,40,542,21680,0.00370343,1.03272e+07,39.1562,39.1562,1161,0,0,0,0,0,0.003714,0,-1.0569e-05,ok,1
BBMSDppStepwise,267,40,542,21680,0.00402441,1.03272e+07,39.1562,39.1562,1125,0,0,0,0,0,0.004036,0,-1.1585e-05,ok,1
DijkstraPrims,267,40,542,21680,0.00282054,1.03272e+07,39.1562,39.1562,288,0,0,0,0,0,0,0.002832,-1.1455e-05,ok,1
BBMSCore,267,40,542,21680,0.00945017,1.03272e+07,39.1562,39.1562,130,0,0,0,0,0,0.00946,0,-9.828e-06,ok,2
BBMSInter,267,40,542,21680,0.00144947,1.03272e+07,39.1562,39.1562,299,0,0,0,0,0,0.001321,0.000139,-1.053e-05,ok,2
BBMSDppInstant,267,40,542,21680,0.00376659,1.03272e+07,39.1562,39.1562,1161,0,0,0,0,0,0.003779,0,-1.2406e-05,ok,2
BBMSDppStepwise,267,40,542,21680,0.00402075,1.03272e+07,39.1562,39.1562,1125,0,0,0,0,0,0.00403,0,-9.254e-06,ok,2
DijkstraPrims,267,40,542,21680,0.00276098,1.03272e+07,39.1562,39.1562,288,0,0,0,0,0,0.002641,0.000132,-1.2023e-05,ok,2
BBMSCore,268,40,215,8600,0.000667244,1.18863e+07,39.1602,39.1602,53,0,0,0,0,0,0.000644,3.4e-05,-1.0756e-05,ok,0
BBMSInter,268,40,215,8600,0.000578044,1.18863e+07,39.1641,39.1641,120,0,0,0,0,0,0.000561,2.8e-05,-1.0956e-05,ok,0
BBMSDppInstant,268,40,215,8600,0.00146691,1.18863e+07,39.1641,39.1641,449,0,0,0,0,0,0.001403,7.4e-05,-1.009e-05,ok,0
BBMSDppStepwise,268,40,215,8600,0.00147608,1.18863e+07,39.1641,39.1641,445,0,0,0,0,0,0.001485,0,-8.923e-06,ok,0
DijkstraPrims,268,40,215,8600,0.00050875,1.18863e+07,39.1641,39.1641,29,0,0,0,0,0,0.000492,2.6e-05,-9.25e-06,ok,0
BBMSCore,268,40,215,8600,0.000676944,1.18863e+07,39.1641,39.1641,53,0,0,0,0,0,0.000686,0,-9.056e-06,ok,1
BBMSInter,268,40,215,8600,0.000560153,1.18863e+07,39.1641,39.1641,120,0,0,0,0,0,0.000569,0,-8.847e-06,ok,1
BBMSDppInstant,268,40,215,8600,0.00147544,1.18863e+07,39.1641,39.1641,449,0,0,0,0,0,0.001485,0,-9.555e-06,ok,1
BBMSDppStepwise,268,40,215,8600,0.00148706,1.18863e+07,39.1641,39.1641,445,0,0,0,0,0,0.001496,0,-8.936e-06,ok,1
DijkstraPrims,268,40,215,8600,0.000505933,1.18863e+07,39.1641,39.1641,29,0,0,0,0,0,0.000515,0,-9.067e-06,ok,1
BBMSCore,268,40,215,8600,0.000684646,1.18863e+07,39.1641,39.1641,53,0,0,0,0,0,0.000696,0,-1.1354e-05,ok,2
BBMSInter,268,40,215,8600,0.000572781,1.18863e+07,39.1641,39.1641,120,0,0,0,0,0,0.000583,0,-1.0219e-05,ok,2
BBMSDppInstant,268,40,215,8600,0.00148378,1.18863e+07,39.1641,39.1641,449,0,0,0,0,0,0.001423,7.1e-05,-1.0221e-05,ok,2
BBMSDppStepwise,268,40,215,8600,0.0014983,1.18863e+07,39.1641,39.1641,445,0,0,0,0,0,0.001508,0,-9.701e-06,ok,2
DijkstraPrims,268,40,215,8600,0.000510481,1.18863e+07,39.1641,39.1641,29,0,0,0,0,0,0.00052,0,-9.519e-06,ok,2
BBMSCore,269,40,1445,57800,0.0594739,2.0824e+07,39.168,39.168,348,0,0,0,0,0,0.059061,0.000425,-1.2146e-05,ok,0
BBMSInter,269,40,1445,57800,0.00530594,2.0824e+07,39.168,39.168,800,0,0,0,0,0,0.005051,0.000266,-1.1059e-05,ok,0
BBMSDppInstant,269,40,1445,57800,0.0107415,2.0824e+07,39.168,39.168,3096,0,0,0,0,0,0.010753,0,-1.1507e-05,ok,0
BBMSDppStepwise,269,40,1445,57800,0.0116765,2.0824e+07,39.168,39.168,3015,0,0,0,0,1,0.001893,0.009783,4.52e-07,ok,0
DijkstraPrims,269,40,1445,57800,0.00760887,2.0824e+07,39.168,39.168,742,0,0,0,0,0,0.00762,0,-1.113e-05,ok,0
BBMSCore,269,40,1445,57800,0.0594082,2.0824e+07,39.168,39.168,348,0,0,0,0,0,0.059419,0,-1.0767e-05,ok,1
BBMSInter,269,40,1445,57800,0.00530016,2.0824e+07,39.168,39.168,800,0,0,0,0,0,0.005311,0,-1.0839e-05,ok,1
BBMSDppInstant,269,40,1445,57800,0.0107389,2.0824e+07,39.168,39.168,3096,0,0,0,0,0,0.000515,0.010234,-1.0079e-05,ok,1
BBMSDppStepwise,269,40,1445,57800,0.0116047,2.0824e+07,39.168,39.168,3015,0,0,0,0,0,0.011618,0,-1.3317e-05,ok,1
DijkstraPrims,269,40,1445,57800,0.00762628,2.0824e+07,39.168,39.168,742,0,0,0,0,0,0.007637,0,-1.072e-05,ok,1
BBMSCore,269,40,1445,57800,0.0594197,2.0824e+07,39.168,39.168,348,0,0,0,0,0,0.059431,0,-1.1303e-05,ok,2
BBMSInter,269,40,1445,57800,0.00525727,2.0824e+07,39.168,39.168,800,0,0,0,0,0,0.005017,0.000251,-1.0727e-05,ok,2
BBMSDppInstant,269,40,1445,57800,0.0105668,2.0824e+07,39.168,39.168,3096,0,0,0,0,0,0.00073,0.009848,-1.1188e-05,ok,2
BBMSDppStepwise,269,40,1445,57800,0.01119,2.0824e+07,39.168,39.168,3015,0,0,0,0,0,0.011132,6.8e-05,-9.96e-06,ok,2
DijkstraPrims,269,40,1445,57800,0.00771434,2.0824e+07,39.168,39.168,742,0,0,0,0,0,0.007724,0,-9.661e-06,ok,2
BBMSCore,270,40,1098,43920,0.0343345,2.03967e+07,39.1719,39.1719,265,0,0,0,0,0,0.03386,0.000486,-1.1499e-05,ok,0
BBMSInter,270,40,1098,43920,0.00420583,2.03967e+07,39.1719,39.1719,608,0,0,0,0,0,0.004219,0,-1.3172e-05,ok,0
BBMSDppInstant,270,40,1098,43920,0.00805875,2.03967e+07,39.1758,39.1758,2327,0,0,0,0,0,0.008073,0,-1.4253e-05,ok,0
BBMSDppStepwise,270,40,1098,43920,0.00818251,2.03967e+07,39.1758,39.1758,2285,0,0,0,0,0,0.008195,0,-1.2494e-05,ok,0
DijkstraPrims,270,40,1098,43920,0.00324294,2.03967e+07,39.1758,39.1758,305,0,0,0,0,0,0.003254,0,-1.1058e-05,ok,0
BBMSCore,270,40,1098,43920,0.0347671,2.03967e+07,39.1758,39.1758,265,0,0,0,0,1,0.034761,0,6.059e-06,ok,1
BBMSInter,270,40,1098,43920,0.00413638,2.03967e+07,39.1758,39.1758,608,0,0,0,0,0,0.004145,0,-8.618e-06,ok,1
BBMSDppInstant,270,40,1098,43920,0.00777067,2.03967e+07,39.1758,39.1758,2327,0,0,0,0,0,0.007781,0,-1.0332e-05,ok,1
BBMSDppStepwise,270,40,1098,43920,0.00837455,2.03967e+07,39.1758,39.1758,2285,0,0,0,0,0,0,0.008386,-1.1448e-05,ok,1
DijkstraPrims,270,40,1098,43920,0.00320473,2.03967e+07,39.1797,39.1797,305,0,0,0,0,0,0.003215,0,-1.027e-05,ok,1
BBMSCore,270,40,1098,43920,0.034328,2.03967e+07,39.1797,39.1797,265,0,0,0,0,0,0.034338,0,-1.0035e-05,ok,2
BBMSInter,270,40,1098,43920,0.00410807,2.03967e+07,39.1797,39.1797,608,0,0,0,0,0,0,0.004118,-9.934e-06,ok,2
BBMSDppInstant,270,40,1098,43920,0.00793331,2.03967e+07,39.1797,39.1797,2327,0,0,0,0,0,0,0.007945,-1.1689e-05,ok,2
BBMSDppStepwise,270,40,1098,43920,0.00857651,2.03967e+07,39.1797,39.1797,2285,0,0,0,0,0,0.00859,0,-1.3487e-05,ok,2
DijkstraPrims,270,40,1098,43920,0.00324379,2.03967e+07,39.1797,39.1797,305,0,0,0,0,0,0.003258,0,-1.4214e-05,ok,2
BBMSCore,271,40,402,16080,0.00450848,1.2303e+07,39.1836,39.1836,97,0,0,0,0,0,0.00452,0,-1.1516e-05,ok,0
BBMSInter,271,40,402,16080,0.00114067,1.2303e+07,39.1836,39.1836,222,0,0,0,0,0,0.001152,0,-1.1334e-05,ok,0
BBMSDppInstant,271,40,402,16080,0.00282836,1.2303e+07,39.1836,39.1836,856,0,0,0,0,0,0.002704,0.000135,-1.0638e-05,ok,0
BBMSDppStepwise,271,40,402,16080,0.00302091,1.2303e+07,39.1836,39.1836,822,0,0,0,0,0,0.003033,0,-1.2088e-05,ok,0
DijkstraPrims,271,40,402,16080,0.00216593,1.2303e+07,39.1836,39.1836,159,0,0,0,0,0,0.002176,0,-1.0072e-05,ok,0
BBMSCore,271,40,402,16080,0.00449636,1.2303e+07,39.1836,39.1836,97,0,0,0,0,0,0.004506,0,-9.641e-06,ok,1
BBMSInter,271,40,402,16080,0.00113904,1.2303e+07,39.1836,39.1836,222,0,0,0,0,0,0.001152,0,-1.2955e-05,ok,1
BBMSDppInstant,271,40,402,16080,0.00284943,1.2303e+07,39.1836,39.1836,856,0,0,0,0,0,0.00286,0,-1.0568e-05,ok,1
BBMSDppStepwise,271,40,402,16080,0.00294363,1.2303e+07,39.1836,39.1836,822,0,0,0,0,0,0.002815,0.000141,-1.2369e-05,ok,1
DijkstraPrims,271,40,402,16080,0.00213615,1.2303e+07,39.1836,39.1836,159,0,0,0,0,0,0.002147,0,-1.0854e-05,ok,1
BBMSCore,271,40,402,16080,0.00448377,1.2303e+07,39.1836,39.1836,97,0,0,0,0,0,0.004494,0,-1.0232e-05,ok,2
BBMSInter,271,40,402,16080,0.00112933,1.2303e+07,39.1836,39.1836,222,0,0,0,0,0,0.001141,0,-1.1672e-05,ok,2
BBMSDppInstant,271,40,402,16080,0.002842,1.2303e+07,39.1836,39.1836,856,0,0,0,0,0,0.002851,0,-9e-06,ok,2
BBMSDppStepwise,271,40,402,16080,0.00290832,1.2303e+07,39.1836,39.1836,822,0,0,0,0,0,0.002641,0.000278,-1.0677e-05,ok,2
DijkstraPrims,271,40,402,16080,0.00217975,1.2303e+07,39.1836,39.1836,159,0,0,0,0,0,0.002192,0,-1.2248e-05,ok,2
BBMSCore,272,149,1009,150341,0.128836,4.3336e+06,39.1875,39.1875,888,0,0,0,0,0,0.128849,0,-1.3259e-05,ok,0
BBMSInter,272,149,1009,150341,0.0143062,4.3336e+06,39.1875,39.1875,2063,0,0,0,0,0,0.013902,0.000416,-1.1823e-05,ok,0
BBMSDppInstant,272,149,1009,150341,0.0287504,4.3336e+06,39.1875,39.1875,8035,0,0,0,0,0,0.009334,0.019428,-1.1575e-05,ok,0
BBMSDppStepwise,272,149,1009,150341,0.0309443,4.3336e+06,39.1914,39.1914,7759,0,0,0,0,0,0.010305,0.02065,-1.0707e-05,ok,0
DijkstraPrims,272,149,1009,150341,0.0213685,4.3336e+06,39.1914,39.1914,1809,0,0,0,0,0,0.021382,0,-1.352e-05,ok,0
BBMSCore,272,149,1009,150341,0.128783,4.3336e+06,39.1914,39.1914,888,0,0,0,0,0,0.128796,0,-1.3372e-05,ok,1
BBMSInter,272,149,1009,150341,0.0145067,4.3336e+06,39.1914,39.1914,2063,0,0,0,0,0,0.004572,0.009946,-1.1333e-05,ok,1
BBMSDppInstant,272,149,1009,150341,0.0284831,4.3336e+06,39.1914,39.1914,8035,0,0,0,0,0,0.018362,0.010132,-1.0872e-05,ok,1
BBMSDppStepwise,272,149,1009,150341,0.0309863,4.3336e+06,39.1914,39.1914,7759,0,0,0,0,0,0.020739,0.01026,-1.2705e-05,ok,1
DijkstraPrims,272,149,1009,150341,0.0215057,4.3336e+06,39.1914,39.1914,1809,0,0,0,0,0,0.011686,0.009832,-1.2339e-05,ok,1
BBMSCore,272,149,1009,150341,0.128936,4.3336e+06,39.1914,39.1914,888,0,0,0,0,1,0.12854,0.000374,2.2e-05,ok,2
BBMSInter,272,149,1009,150341,0.0142198,4.3336e+06,39.1914,39.1914,2063,0,0,0,0,0,0.014231,0,-1.1164e-05,ok,2
BBMSDppInstant,272,149,1009,150341,0.0282932,4.3336e+06,39.1914,39.1914,8035,0,0,0,0,0,0.018175,0.010132,-1.3823e-05,ok,2
BBMSDppStepwise,272,149,1009,150341,0.0313508,4.3336e+06,39.1914,39.1914,7759,0,0,0,0,0,0.021936,0.009428,-1.3162e-05,ok,2
DijkstraPrims,272,149,1009,150341,0.02153,4.3336e+06,39.1914,39.1914,1809,0,0,0,0,0,0.021494,4.9e-05,-1.3022e-05,ok,2
BBMSCore,273,149,631,94019,0.0324625,1.48436e+07,39.1953,39.1953,553,0,0,0,0,0,0.03234,0.000134,-1.149e-05,ok,0
BBMSInter,273,149,631,94019,0.00570566,1.48436e+07,39.1953,39.1953,1288,0,0,0,0,0,0,0.005717,-1.1342e-05,ok,0
BBMSDppInstant,273,149,631,94019,0.0173535,1.48436e+07,39.1953,39.1953,5057,0,0,0,0,0,0.017021,0.000346,-1.3479e-05,ok,0
BBMSDppStepwise,273,149,631,94019,0.0199652,1.48436e+07,39.1953,39.1953,4830,0,0,0,0,0,0.009747,0.010234,-1.5764e-05,ok,0
DijkstraPrims,273,149,631,94019,0.00663772,1.48436e+07,39.1953,39.1953,633,0,0,0,0,0,0.006333,0.000316,-1.1282e-05,ok,0
BBMSCore,273,149,631,94019,0.0323663,1.48436e+07,39.1953,39.1953,553,0,0,0,0,0,0.032378,0,-1.1676e-05,ok,1
BBMSInter,273,149,631,94019,0.00570548,1.48436e+07,39.1953,39.1953,1288,0,0,0,0,0,0.005717,0,-1.152e-05,ok,1
BBMSDppInstant,273,149,631,94019,0.0176404,1.48436e+07,39.1953,39.1953,5057,0,0,0,0,0,0.007655,0.009999,-1.36e-05,ok,1
BBMSDppStepwise,273,149,631,94019,0.0200763,1.48436e+07,39.1953,39.1953,4830,0,0,0,0,0,0.00987,0.010218,-1.165e-05,ok,1
DijkstraPrims,273,149,631,94019,0.00667738,1.48436e+07,39.1953,39.1953,633,0,0,0,0,0,0.00669,0,-1.2624e-05,ok,1
BBMSCore,273,149,631,94019,0.0324143,1.48436e+07,39.1953,39.1953,553,0,0,0,0,0,0.032416,0,-1.716e-06,ok,2
BBMSInter,273,149,631,94019,0.00578477,1.48436e+07,39.1953,39.1953,1288,0,0,0,0,0,0.005796,0,-1.123e-05,ok,2
BBMSDppInstant,273,149,631,94019,0.0172561,1.48436e+07,39.1953,39.1953,5057,0,0,0,0,0,0.017269,0,-1.2873e-05,ok,2
BBMSDppStepwise,273,149,631,94019,0.0199939,1.48436e+07,39.1953,39.1953,4830,0,0,0,0,0,0.010199,0.009808,-1.3124e-05,ok,2
DijkstraPrims,273,149,631,94019,0.00670343,1.48436e+07,39.1992,39.1992,633,0,0,0,0,0,0.006716,0,-1.257e-05,ok,2
BBMSCore,274,149,542,80758,0.0351697,4.99877e+06,39.2031,39.2031,476,0,0,0,0,0,0.035184,0,-1.4332e-05,ok,0
BBMSInter,274,149,542,80758,0.0041599,4.99877e+06,39.2031,39.2031,1107,0,0,0,0,1,0,0.004161,-1.102e-06,ok,0
BBMSDppInstant,274,149,542,80758,0.0149609,4.99877e+06,39.2031,39.2031,4422,0,0,0,0,0,0.014975,0,-1.412e-05,ok,0
BBMSDppStepwise,274,149,542,80758,0.0164843,4.99877e+06,39.2031,39.2031,4228,0,0,0,0,0,0.00643,0.010067,-1.2663e-05,ok,0
DijkstraPrims,274,149,542,80758,0.0035695,4.99877e+06,39.2031,39.2031,290,0,0,0,0,0,0.00341,0.000171,-1.1498e-05,ok,0
BBMSCore,274,149,542,80758,0.0351538,4.99877e+06,39.207,39.207,476,0,0,0,0,1,0.035157,0,-3.232e-06,ok,1
BBMSInter,274,149,542,80758,0.00407474,4.99877e+06,39.207,39.207,1107,0,0,0,0,0,0.004087,0,-1.2256e-05,ok,1
BBMSDppInstant,274,149,542,80758,0.015088,4.99877e+06,39.207,39.207,4422,0,0,0,0,0,0,0.0151,-1.2005e-05,ok,1
BBMSDppStepwise,274,149,542,80758,0.0165257,4.99877e+06,39.207,39.207,4228,0,0,0,0,0,0.006462,0.010075,-1.1259e-05,ok,1
DijkstraPrims,274,149,542,80758,0.00357796,4.99877e+06,39.207,39.207,290,0,0,0,0,0,0.00359,0,-1.2044e-05,ok,1
BBMSCore,274,149,542,80758,0.0351833,4.99877e+06,39.207,39.207,476,0,0,0,0,1,0.03518,0,3.292e-06,ok,2
BBMSInter,274,149,542,80758,0.00403765,4.99877e+06,39.207,39.207,1107,0,0,0,0,0,0.004051,0,-1.3352e-05,ok,2
BBMSDppInstant,274,149,542,80758,0.0150722,4.99877e+06,39.207,39.207,4422,0,0,0,0,0,0.005074,0.010009,-1.0838e-05,ok,2
BBMSDppStepwise,274,149,542,80758,0.0162168,4.99877e+06,39.207,39.207,4228,0,0,0,0,0,0.016229,0,-1.2209e-05,ok,2
DijkstraPrims,274,149,542,80758,0.0035921,4.99877e+06,39.207,39.207,290,0,0,0,0,0,0.003604,0,-1.1904e-05,ok,2
BBMSCore,275,149,215,32035,0.0111539,4.95828e+06,39.2109,39.2109,190,0,0,0,0,0,0.011101,6.4e-05,-1.1087e-05,ok,0
BBMSInter,275,149,215,32035,0.00294868,4.95828e+06,39.2109,39.2109,440,0,0,0,0,0,0.002961,0,-1.2316e-05,ok,0
BBMSDppInstant,275,149,215,32035,0.00577103,4.95828e+06,39.2109,39.2109,1706,0,0,0,0,0,0.005233,0.000551,-1.2969e-05,ok,0
BBMSDppStepwise,275,149,215,32035,0.00640428,4.95828e+06,39.2109,39.2109,1669,0,0,0,0,0,0.006416,0,-1.172e-05,ok,0
DijkstraPrims,275,149,215,32035,0.000943943,4.95828e+06,39.2109,39.2109,63,0,0,0,0,0,0.000955,0,-1.1057e-05,ok,0
BBMSCore,275,149,215,32035,0.0111752,4.95828e+06,39.2109,39.2109,190,0,0,0,0,0,0.011189,0,-1.3818e-05,ok,1
BBMSInter,275,149,215,32035,0.00293726,4.95828e+06,39.2109,39.2109,440,0,0,0,0,0,0.002949,0,-1.1736e-05,ok,1
BBMSDppInstant,275,149,215,32035,0.00582886,4.95828e+06,39.2109,39.2109,1706,0,0,0,0,0,0.005842,0,-1.3143e-05,ok,1
BBMSDppStepwise,275,149,215,32035,0.00637791,4.95828e+06,39.2109,39.2109,1669,0,0,0,0,0,0.006389,0,-1.1087e-05,ok,1
DijkstraPrims,275,149,215,32035,0.000944244,4.95828e+06,39.2109,39.2109,63,0,0,0,0,0,0.000956,0,-1.1756e-05,ok,1
BBMSCore,275,149,215,32035,0.0111766,4.95828e+06,39.2109,39.2109,190,0,0,0,0,0,0.011189,0,-1.239e-05,ok,2
BBMSInter,275,149,215,32035,0.00296313,4.95828e+06,39.2109,39.2109,440,0,0,0,0,0,0.002826,0.000149,-1.1874e-05,ok,2
BBMSDppInstant,275,149,215,32035,0.00593717,4.95828e+06,39.2109,39.2109,1706,0,0,0,0,0,0.005953,0,-1.583e-05,ok,2
BBMSDppStepwise,275,149,215,32035,0.00655321,4.95828e+06,39.2109,39.2109,1669,0,0,0,0,0,0,0.006565,-1.1788e-05,ok,2
DijkstraPrims,275,149,215,32035,0.000930294,4.95828e+06,39.2109,39.2109,63,0,0,0,0,0,0.000898,4.5e-05,-1.2706e-05,ok,2
BBMSCore,276,149,1445,215305,0.198727,1.44002e+07,39.2148,39.2148,1271,0,0,0,0,1,0.188605,0.010127,-4.994e-06,ok,0
BBMSInter,276,149,1445,215305,0.0147243,1.44002e+07,39.2148,39.2148,2953,0,0,0,0,0,0.005348,0.009389,-1.2689e-05,ok,0
BBMSDppInstant,276,149,1445,215305,0.0435118,1.44002e+07,39.2148,49.2422,11682,0,0,0,0,0,0.033548,0.009978,-1.4216e-05,ok,0
BBMSDppStepwise,276,149,1445,215305,0.0504973,1.44002e+07,39.2148,47.2617,11196,0,0,0,0,0,0.040249,0.010261,-1.2738e-05,ok,0
DijkstraPrims,276,149,1445,215305,0.020232,1.44002e+07,39.2148,39.2148,1713,0,0,0,0,0,0.009965,0.010281,-1.3962e-05,ok,0
BBMSCore,276,149,1445,215305,0.199232,1.44002e+07,39.2148,39.2148,1271,0,0,0,0,2,0.199201,0,3.1263e-05,ok,1
BBMSInter,276,149,1445,215305,0.014782,1.44002e+07,39.2188,39.2188,2953,0,0,0,0,0,0.014794,0,-1.1992e-05,ok,1
BBMSDppInstant,276,149,1445,215305,0.042621,1.44002e+07,39.2188,48.9844,11682,0,0,0,0,0,0.022578,0.020056,-1.2957e-05,ok,1
BBMSDppStepwise,276,149,1445,215305,0.0510914,1.44002e+07,39.2188,47.2227,11196,0,0,0,0,1,0.030533,0.020558,3.52e-07,ok,1
DijkstraPrims,276,149,1445,215305,0.0202554,1.44002e+07,39.2188,39.2188,1713,0,0,0,0,0,0.020268,0,-1.2645e-05,ok,1
BBMSCore,276,149,1445,215305,0.198523,1.44002e+07,39.2188,39.2188,1271,0,0,0,0,0,0.198494,4.4e-05,-1.4693e-05,ok,2
BBMSInter,276,149,1445,215305,0.0145829,1.44002e+07,39.2188,39.2188,2953,0,0,0,0,0,0.014596,0,-1.3132e-05,ok,2
BBMSDppInstant,276,149,1445,215305,0.0430682,1.44002e+07,39.2188,49.2227,11682,0,0,0,0,0,0.033115,0.009966,-1.2807e-05,ok,2
BBMSDppStepwise,276,149,1445,215305,0.0516016,1.44002e+07,39.2188,47.1836,11196,0,0,0,0,1,0.041681,0.009925,-4.399e-06,ok,2
DijkstraPrims,276,149,1445,215305,0.0203941,1.44002e+07,39.2188,39.2188,1713,0,0,0,0,0,0.020408,0,-1.3944e-05,ok,2
BBMSCore,277,149,1098,163602,0.123079,1.41733e+07,39.2227,39.2227,967,0,0,0,0,0,0.123095,0,-1.5651e-05,ok,0
BBMSInter,277,149,1098,163602,0.0113653,1.41733e+07,39.2227,39.2227,2245,0,0,0,0,0,0.011377,0,-1.1709e-05,ok,0
BBMSDppInstant,277,149,1098,163602,0.0315213,1.41733e+07,39.2227,39.2227,8824,0,0,0,0,0,0.021611,0.009925,-1.4686e-05,ok,0
BBMSDppStepwise,277,149,1098,163602,0.0385046,1.41733e+07,39.2227,39.2227,8458,0,0,0,0,1,0.018863,0.019645,-3.428e-06,ok,0
DijkstraPrims,277,149,1098,163602,0.00471406,1.41733e+07,39.2266,39.2266,382,0,0,0,0,0,0.004727,0,-1.294e-05,ok,0
BBMSCore,277,149,1098,163602,0.123093,1.41733e+07,39.2266,39.2266,967,0,0,0,0,0,0.123107,0,-1.3907e-05,ok,1
BBMSInter,277,149,1098,163602,0.0114473,1.41733e+07,39.2266,39.2266,2245,0,0,0,0,0,0.011461,0,-1.3734e-05,ok,1
BBMSDppInstant,277,149,1098,163602,0.0318929,1.41733e+07,39.2266,39.2266,8824,0,0,0,0,0,0.011652,0.020255,-1.4092e-05,ok,1
BBMSDppStepwise,277,149,1098,163602,0.0379108,1.41733e+07,39.2266,39.2266,8458,0,0,0,0,0,0.02812,0.009804,-1.3248e-05,ok,1
DijkstraPrims,277,149,1098,163602,0.00469521,1.41733e+07,39.2266,39.2266,382,0,0,0,0,0,0.004707,0,-1.1786e-05,ok,1
BBMSCore,277,149,1098,163602,0.123023,1.41733e+07,39.2266,39.2266,967,0,0,0,0,0,0.123038,0,-1.5264e-05,ok,2
BBMSInter,277,149,1098,163602,0.0114151,1.41733e+07,39.2266,39.2266,2245,0,0,0,0,0,0.011427,0,-1.192e-05,ok,2
BBMSDppInstant,277,149,1098,163602,0.0322327,1.41733e+07,39.2266,39.2266,8824,0,0,0,0,0,0.02227,0.009975,-1.2343e-05,ok,2
BBMSDppStepwise,277,149,1098,163602,0.0382956,1.41733e+07,39.2266,39.2266,8458,0,0,0,0,0,0.018762,0.019548,-1.4441e-05,ok,2
DijkstraPrims,277,149,1098,163602,0.00470785,1.41733e+07,39.2266,39.2266,382,0,0,0,0,0,0.00472,0,-1.2149e-05,ok,2
BBMSCore,278,149,402,59898,0.0212852,4.79331e+06,39.2305,39.2305,353,0,0,0,0,0,0.021298,0,-1.2772e-05,ok,0
BBMSInter,278,149,402,59898,0.00426883,4.79331e+06,39.2305,39.2305,821,0,0,0,0,0,0.004282,0,-1.3172e-05,ok,0
BBMSDppInstant,278,149,402,59898,0.0105377,4.79331e+06,39.2305,39.2305,3230,0,0,0,0,0,0.000232,0.010319,-1.3326e-05,ok,0
BBMSDppStepwise,278,149,402,59898,0.0115703,4.79331e+06,39.2305,39.2305,3127,0,0,0,0,0,0.011523,5.9e-05,-1.1666e-05,ok,0
DijkstraPrims,278,149,402,59898,0.00118734,4.79331e+06,39.2305,39.2305,80,0,0,0,0,0,0.001142,5.7e-05,-1.1661e-05,ok,0
BBMSCore,278,149,402,59898,0.0212825,4.79331e+06,39.2305,39.2305,353,0,0,0,0,0,0.021152,0.000142,-1.1494e-05,ok,1
BBMSInter,278,149,402,59898,0.00426089,4.79331e+06,39.2305,39.2305,821,0,0,0,0,0,0.004069,0.000203,-1.1108e-05,ok,1
BBMSDppInstant,278,149,402,59898,0.0105807,4.79331e+06,39.2344,39.2344,3230,0,0,0,0,0,0.000669,0.009925,-1.3255e-05,ok,1
BBMSDppStepwise,278,149,402,59898,0.0115858,4.79331e+06,39.2344,39.2344,3127,0,0,0,0,0,0.01152,7.9e-05,-1.3173e-05,ok,1
DijkstraPrims,278,149,402,59898,0.00119835,4.79331e+06,39.2344,39.2344,80,0,0,0,0,0,0.001152,5.8e-05,-1.1647e-05,ok,1
BBMSCore,278,149,402,59898,0.0212995,4.79331e+06,39.2344,39.2344,353,0,0,0,0,0,0.021312,0,-1.2509e-05,ok,2
BBMSInter,278,149,402,59898,0.00425187,4.79331e+06,39.2344,39.2344,821,0,0,0,0,0,0.004261,0,-9.132e-06,ok,2
BBMSDppInstant,278,149,402,59898,0.0104128,4.79331e+06,39.2344,39.2344,3230,0,0,0,0,0,0.010426,0,-1.3247e-05,ok,2
BBMSDppStepwise,278,149,402,59898,0.0116092,4.79331e+06,39.2344,39.2344,3127,0,0,0,0,0,0.011622,0,-1.2798e-05,ok,2
DijkstraPrims,278,149,402,59898,0.00119609,4.79331e+06,39.2344,39.2344,80,0,0,0,0,0,0.001208,0,-1.191e-05,ok,2
BBMSCore,279,1009,631,636679,0.436411,1.48697e+07,39.2383,39.2383,3740,0,0,0,0,0,0.436427,0,-1.6408e-05,ok,0
BBMSInter,279,1009,631,636679,0.0741581,1.48697e+07,39.2383,39.2383,8714,0,0,0,0,1,0.053987,0.020163,8.105e-06,ok,0
BBMSDppInstant,279,1009,631,636679,0.139652,1.48697e+07,39.2383,141.926,35612,0,0,0,0,1,0.090038,0.049618,-3.61e-06,ok,0
BBMSDppStepwise,279,1009,631,636679,0.173707,1.48697e+07,39.2383,133.508,33431,0,0,0,0,1,0.153669,0.020041,-3.279e-06,ok,0
DijkstraPrims,279,1009,631,636679,0.11534,1.48697e+07,39.2383,39.2383,7596,0,0,0,0,1,0.115339,0,1.198e-06,ok,0
BBMSCore,279,1009,631,636679,0.436192,1.48697e+07,39.2383,39.2383,3740,0,0,0,0,0,0.426156,0.010054,-1.8131e-05,ok,1
BBMSInter,279,1009,631,636679,0.0732431,1.48697e+07,39.2383,39.2383,8714,0,0,0,0,0,0.063241,0.010015,-1.2873e-05,ok,1
BBMSDppInstant,279,1009,631,636679,0.141231,1.48697e+07,39.2383,141.93,35612,0,0,0,0,1,0.111356,0.029879,-3.702e-06,ok,1
BBMSDppStepwise,279,1009,631,636679,0.174431,1.48697e+07,39.2383,133.504,33431,0,0,0,0,0,0.11418,0.060265,-1.4185e-05,ok,1
DijkstraPrims,279,1009,631,636679,0.116496,1.48697e+07,39.2383,39.2383,7596,0,0,0,0,1,0.106362,0.010138,-4.46e-06,ok,1
BBMSCore,279,1009,631,636679,0.435227,1.48697e+07,39.2383,39.2383,3740,0,0,0,0,0,0.425203,0.010041,-1.7161e-05,ok,2
BBMSInter,279,1009,631,636679,0.073698,1.48697e+07,39.2383,39.2383,8714,0,0,0,0,1,0.063496,0.010207,-5.007e-06,ok,2
BBMSDppInstant,279,1009,631,636679,0.138798,1.48697e+07,39.2383,141.902,35612,0,0,0,0,1,0.099248,0.039554,-3.579e-06,ok,2
BBMSDppStepwise,279,1009,631,636679,0.173815,1.48697e+07,39.2383,133.484,33431,0,0,0,0,0,0.153765,0.020065,-1.4732e-05,ok,2
DijkstraPrims,279,1009,631,636679,0.114833,1.48697e+07,39.2383,39.2383,7596,0,0,0,0,1,0.094694,0.020137,1.659e-06,ok,2
BBMSCore,280,1009,542,546878,1.00689,5.10841e+06,39.2422,39.2422,3214,0,0,0,0,4,1.0068,0,8.6923e-05,ok,0
BBMSInter,280,1009,542,546878,0.039118,5.10841e+06,39.2422,39.2422,7486,0,0,0,0,1,0.029259,0.00986,-1.014e-06,ok,0
BBMSDppInstant,280,1009,542,546878,0.11158,5.10841e+06,39.2422,121.16,30161,0,0,0,0,0,0.061662,0.049932,-1.4308e-05,ok,0
BBMSDppStepwise,280,1009,542,546878,0.131655,5.10841e+06,39.2422,114.195,28384,0,0,0,0,0,0.083299,0.04837,-1.3612e-05,ok,0
DijkstraPrims,280,1009,542,546878,0.100294,5.10841e+06,39.2422,39.2422,6990,0,0,0,0,0,0.100309,0,-1.4534e-05,ok,0
BBMSCore,280,1009,542,546878,1.01327,5.10841e+06,39.2422,39.2422,3214,0,0,0,0,6,1.00302,0.010007,0.000238714,ok,1
BBMSInter,280,1009,542,546878,0.0396984,5.10841e+06,39.2422,39.2422,7486,0,0,0,0,1,0.019873,0.019821,4.383e-06,ok,1
BBMSDppInstant,280,1009,542,546878,0.111433,5.10841e+06,39.2422,121.172,30161,0,0,0,0,0,0.061507,0.04994,-1.3515e-05,ok,1
BBMSDppStepwise,280,1009,542,546878,0.131229,5.10841e+06,39.2422,113.992,28384,0,0,0,0,0,0.101305,0.029939,-1.4816e-05,ok,1
DijkstraPrims,280,1009,542,546878,0.100301,5.10841e+06,39.25,39.25,6990,0,0,0,0,1,0.100285,1.7e-05,-1.192e-06,ok,1
BBMSCore,280,1009,542,546878,1.01449,5.10841e+06,39.25,39.25,3214,0,0,0,0,4,1.01416,0.000118,0.000207285,ok,2
BBMSInter,280,1009,542,546878,0.0395698,5.10841e+06,39.25,39.25,7486,0,0,0,0,0,0.029271,0.010312,-1.3168e-05,ok,2
BBMSDppInstant,280,1009,542,546878,0.11173,5.10841e+06,39.25,121.18,30161,0,0,0,0,0,0.061613,0.050133,-1.6128e-05,ok,2
BBMSDppStepwise,280,1009,542,546878,0.130615,5.10841e+06,39.25,114.176,28384,0,0,0,0,0,0.080833,0.049795,-1.3151e-05,ok,2
DijkstraPrims,280,1009,542,546878,0.099399,5.10841e+06,39.25,39.25,6990,0,0,0,0,0,0.089504,0.009907,-1.1973e-05,ok,2
BBMSCore,281,1009,215,216935,0.523985,8.35425e+06,39.2539,39.2539,1280,0,0,0,0,0,0.514103,0.009899,-1.7258e-05,ok,0
BBMSInter,281,1009,215,216935,0.0498596,8.35425e+06,39.2539,39.2539,2974,0,0,0,0,0,0.039544,0.010327,-1.1436e-05,ok,0
BBMSDppInstant,281,1009,215,216935,0.0433867,8.35425e+06,39.2539,49.125,11654,0,0,0,0,0,0.023594,0.019806,-1.3348e-05,ok,0
BBMSDppStepwise,281,1009,215,216935,0.0486013,8.35425e+06,39.2539,47.4922,11292,0,0,0,0,1,0.01892,0.029681,2.69e-07,ok,0
DijkstraPrims,281,1009,215,216935,0.0287888,8.35425e+06,39.2539,39.2539,2880,0,0,0,0,0,0.028802,0,-1.3182e-05,ok,0
BBMSCore,281,1009,215,216935,0.52393,8.35425e+06,39.2539,39.2539,1280,0,0,0,0,2,0.523787,0,0.000143357,ok,1
BBMSInter,281,1009,215,216935,0.049649,8.35425e+06,39.2539,39.2539,2974,0,0,0,0,0,0.039742,0.00992,-1.2996e-05,ok,1
BBMSDppInstant,281,1009,215,216935,0.0432218,8.35425e+06,39.2539,49.1172,11654,0,0,0,0,0,0.024067,0.019169,-1.422e-05,ok,1
BBMSDppStepwise,281,1009,215,216935,0.0485186,8.35425e+06,39.2539,47.5898,11292,0,0,0,0,0,0.048531,0,-1.2435e-05,ok,1
DijkstraPrims,281,1009,215,216935,0.028732,8.35425e+06,39.2539,39.2539,2880,0,0,0,0,1,0.028736,0,-4.002e-06,ok,1
BBMSCore,281,1009,215,216935,0.523639,8.35425e+06,39.2539,39.2539,1280,0,0,0,0,2,0.52347,0.000112,5.7093e-05,ok,2
BBMSInter,281,1009,215,216935,0.0495817,8.35425e+06,39.2539,39.2539,2974,0,0,0,0,0,0.049594,0,-1.2336e-05,ok,2
BBMSDppInstant,281,1009,215,216935,0.043327,8.35425e+06,39.2539,49.1367,11654,0,0,0,0,0,0.043329,0,-2.038e-06,ok,2
BBMSDppStepwise,281,1009,215,216935,0.0479943,8.35425e+06,39.2539,47.6172,11292,0,0,0,0,0,0.048007,0,-1.268e-05,ok,2
DijkstraPrims,281,1009,215,216935,0.0289295,8.35425e+06,39.2539,39.2539,2880,0,0,0,0,0,0.019045,0.009896,-1.1495e-05,ok,2
BBMSCore,282,1009,1445,1458005,1.30781,1.55921e+07,39.2578,39.2578,8575,0,0,0,0,4,1.29779,0.00998,3.9104e-05,ok,0
BBMSInter,282,1009,1445,1458005,0.336206,1.55921e+07,39.2578,81.6211,19965,0,0,0,0,1,0.296491,0.039716,-8.45e-07,ok,0
BBMSDppInstant,282,1009,1445,1458005,0.353356,1.55921e+07,39.2578,320.156,81421,0,0,0,0,2,0.222749,0.130596,1.1327e-05,ok,0
BBMSDppStepwise,282,1009,1445,1458005,0.433034,1.55921e+07,39.2578,302.996,77039,0,0,0,0,7,0.324277,0.108664,9.3258e-05,ok,0
DijkstraPrims,282,1009,1445,1458005,0.321001,1.55921e+07,39.2578,81.2812,22696,0,0,0,0,0,0.300965,0.020052,-1.6104e-05,ok,0
BBMSCore,282,1009,1445,1458005,1.28503,1.55921e+07,39.2578,39.2578,8575,0,0,0,0,5,1.27486,0.010074,0.000100041,ok,1
BBMSInter,282,1009,1445,1458005,0.335086,1.55921e+07,39.2578,81.6172,19965,0,0,0,0,0,0.305536,0.029556,-5.811e-06,ok,1
BBMSDppInstant,282,1009,1445,1458005,0.347871,1.55921e+07,39.2578,319.91,81421,0,0,0,0,1,0.258297,0.089578,-3.938e-06,ok,1
BBMSDppStepwise,282,1009,1445,1458005,0.437418,1.55921e+07,39.2578,302.984,77039,0,0,0,0,1,0.347879,0.08953,8.929e-06,ok,1
DijkstraPrims,282,1009,1445,1458005,0.320148,1.55921e+07,39.2578,81.3125,22696,0,0,0,0,0,0.260178,0.059987,-1.6536e-05,ok,1
BBMSCore,282,1009,1445,1458005,1.32468,1.55921e+07,39.2617,39.2617,8575,0,0,0,0,8,1.31455,0.010061,6.2995e-05,ok,2
BBMSInter,282,1009,1445,1458005,0.333854,1.55921e+07,39.2617,81.6094,19965,0,0,0,0,0,0.323809,0.01006,-1.5336e-05,ok,2
BBMSDppInstant,282,1009,1445,1458005,0.346865,1.55921e+07,39.2617,320.156,81421,0,0,0,0,2,0.247554,0.099301,9.728e-06,ok,2
BBMSDppStepwise,282,1009,1445,1458005,0.426532,1.55921e+07,39.2617,302.984,77039,0,0,0,0,1,0.346996,0.079542,-6.246e-06,ok,2
DijkstraPrims,282,1009,1445,1458005,0.318681,1.55921e+07,39.2617,81.2812,22696,0,0,0,0,1,0.2788,0.039883,-2.034e-06,ok,2
BBMSCore,283,1009,1098,1107882,2.43124,1.44995e+07,39.2617,39.2617,6511,0,0,0,0,8,2.42084,0.010005,0.000400542,ok,0
BBMSInter,283,1009,1098,1107882,0.330788,1.44995e+07,39.2656,62.7422,15166,0,0,0,0,1,0.300723,0.030069,-3.865e-06,ok,0
BBMSDppInstant,283,1009,1098,1107882,0.250826,1.44995e+07,39.2656,238.422,60295,0,0,0,0,0,0.190722,0.060118,-1.4089e-05,ok,0
BBMSDppStepwise,283,1009,1098,1107882,0.303098,1.44995e+07,39.2656,228.5,57742,0,0,0,0,2,0.22408,0.079004,1.3858e-05,ok,0
DijkstraPrims,283,1009,1098,1107882,0.0897523,1.44995e+07,39.2656,39.2656,6345,0,0,0,0,0,0.069767,0.019998,-1.266e-05,ok,0
BBMSCore,283,1009,1098,1107882,2.44263,1.44995e+07,39.2656,39.2656,6511,0,0,0,0,6,2.44227,0,0.000361644,ok,1
BBMSInter,283,1009,1098,1107882,0.333125,1.44995e+07,39.2656,62.8672,15166,0,0,0,0,2,0.323055,0.010067,2.92e-06,ok,1
BBMSDppInstant,283,1009,1098,1107882,0.251889,1.44995e+07,39.2656,238.43,60295,0,0,0,0,2,0.16116,0.090726,2.509e-06,ok,1
BBMSDppStepwise,283,1009,1098,1107882,0.303725,1.44995e+07,39.2656,228.477,57742,0,0,0,0,0,0.243115,0.060627,-1.6628e-05,ok,1
DijkstraPrims,283,1009,1098,1107882,0.0891733,1.44995e+07,39.2656,39.2656,6345,0,0,0,0,0,0.079206,0.009981,-1.3653e-05,ok,1
BBMSCore,283,1009,1098,1107882,2.43543,1.44995e+07,39.2656,39.2656,6511,0,0,0,0,8,2.42517,0.010019,0.000241536,ok,2
BBMSInter,283,1009,1098,1107882,0.329061,1.44995e+07,39.2656,62.8438,15166,0,0,0,0,2,0.308639,0.02041,1.201e-05,ok,2
BBMSDppInstant,283,1009,1098,1107882,0.247682,1.44995e+07,39.2656,238.422,60295,0,0,0,0,0,0.186617,0.06108,-1.532e-05,ok,2
BBMSDppStepwise,283,1009,1098,1107882,0.303348,1.44995e+07,39.2656,228.445,57742,0,0,0,0,0,0.242823,0.060541,-1.6222e-05,ok,2
DijkstraPrims,283,1009,1098,1107882,0.090987,1.44995e+07,39.2695,39.2695,6345,0,0,0,0,0,0.080959,0.010041,-1.2965e-05,ok,2
BBMSCore,284,1009,402,405618,0.310174,7.75489e+06,39.2734,39.2734,2385,0,0,0,0,0,0.31019,0,-1.5814e-05,ok,0
BBMSInter,284,1009,402,405618,0.0600162,7.75489e+06,39.2734,39.2734,5554,0,0,0,0,0,0.050008,0.010021,-1.2815e-05,ok,0
BBMSDppInstant,284,1009,402,405618,0.0849864,7.75489e+06,39.2734,90.625,22340,0,0,0,0,0,0.055132,0.029867,-1.2624e-05,ok,0
BBMSDppStepwise,284,1009,402,405618,0.100663,7.75489e+06,39.2734,86.7305,21342,0,0,0,0,1,0.070528,0.030135,-4.71e-07,ok,0
DijkstraPrims,284,1009,402,405618,0.0715485,7.75489e+06,39.2734,39.2734,5884,0,0,0,0,0,0.071561,0,-1.252e-05,ok,0
BBMSCore,284,1009,402,405618,0.310843,7.75489e+06,39.2734,39.2734,2385,0,0,0,0,2,0.310351,0.000491,1.198e-06,ok,1
BBMSInter,284,1009,402,405618,0.0603863,7.75489e+06,39.2734,39.2734,5554,0,0,0,0,0,0.050359,0.010039,-1.1716e-05,ok,1
BBMSDppInstant,284,1009,402,405618,0.0855281,7.75489e+06,39.2734,90.625,22340,0,0,0,0,2,0.065782,0.019743,3.087e-06,ok,1
BBMSDppStepwise,284,1009,402,405618,0.102753,7.75489e+06,39.2734,86.707,21342,0,0,0,0,0,0.092649,0.010117,-1.3278e-05,ok,1
DijkstraPrims,284,1009,402,405618,0.0716957,7.75489e+06,39.2734,39.2734,5884,0,0,0,0,1,0.061567,0.010132,-3.345e-06,ok,1
BBMSCore,284,1009,402,405618,0.311364,7.75489e+06,39.2734,39.2734,2385,0,0,0,0,1,0.311358,0,5.838e-06,ok,2
BBMSInter,284,1009,402,405618,0.060344,7.75489e+06,39.2734,39.2734,5554,0,0,0,0,0,0.050316,0.010041,-1.3006e-05,ok,2
BBMSDppInstant,284,1009,402,405618,0.0857248,7.75489e+06,39.2773,90.5938,22340,0,0,0,0,0,0.065898,0.019828,-1.224e-06,ok,2
BBMSDppStepwise,284,1009,402,405618,0.101165,7.75489e+06,39.2773,86.7305,21342,0,0,0,0,1,0.060773,0.040369,2.3302e-05,ok,2
DijkstraPrims,284,1009,402,405618,0.0722518,7.75489e+06,39.2773,39.2773,5884,0,0,0,0,0,0.06213,0.010135,-1.3162e-05,ok,2
BBMSCore,285,631,542,342002,0.579097,1.10778e+07,39.2773,39.2773,2012,0,0,0,0,2,0.579089,0,7.756e-06,ok,0
BBMSInter,285,631,542,342002,0.0287101,1.10778e+07,39.2812,39.2812,4684,0,0,0,0,0,0.01866,0.010059,-8.935e-06,ok,0
BBMSDppInstant,285,631,542,342002,0.0664081,1.10778e+07,39.2812,76.6016,18799,0,0,0,0,0,0.056137,0.010284,-1.2893e-05,ok,0
BBMSDppStepwise,285,631,542,342002,0.077204,1.10778e+07,39.2812,72.0898,17584,0,0,0,0,0,0.056599,0.020618,-1.3047e-05,ok,0
DijkstraPrims,285,631,542,342002,0.0162773,1.10778e+07,39.2812,39.2812,1452,0,0,0,0,0,0.016292,0,-1.4698e-05,ok,0
BBMSCore,285,631,542,342002,0.577,1.10778e+07,39.2812,39.2812,2012,0,0,0,0,2,0.577002,0,-1.719e-06,ok,1
BBMSInter,285,631,542,342002,0.0279175,1.10778e+07,39.2812,39.2812,4684,0,0,0,0,0,0.02793,0,-1.2494e-05,ok,1
BBMSDppInstant,285,631,542,342002,0.0648303,1.10778e+07,39.2812,76.4336,18799,0,0,0,0,0,0.054606,0.010236,-1.1695e-05,ok,1
BBMSDppStepwise,285,631,542,342002,0.0772677,1.10778e+07,39.2812,72.0742,17584,0,0,0,0,0,0.0474,0.029879,-1.1313e-05,ok,1
DijkstraPrims,285,631,542,342002,0.0164521,1.10778e+07,39.2812,39.2812,1452,0,0,0,0,0,0.016465,0,-1.2881e-05,ok,1
BBMSCore,285,631,542,342002,0.578392,1.10778e+07,39.2812,39.2812,2012,0,0,0,0,2,0.578353,0,3.9194e-05,ok,2
BBMSInter,285,631,542,342002,0.0282822,1.10778e+07,39.2812,39.2812,4684,0,0,0,0,0,0.018292,0.010003,-1.2787e-05,ok,2
BBMSDppInstant,285,631,542,342002,0.0654529,1.10778e+07,39.2812,76.5938,18799,0,0,0,0,1,0.035785,0.029657,1.0873e-05,ok,2
BBMSDppStepwise,285,631,542,342002,0.0773666,1.10778e+07,39.2812,72.082,17584,0,0,0,0,1,0.067404,0.009956,6.62e-06,ok,2
DijkstraPrims,285,631,542,342002,0.0164061,1.10778e+07,39.2812,39.2812,1452,0,0,0,0,0,0.016418,0,-1.1943e-05,ok,2
BBMSCore,286,631,215,135665,0.0543055,1.58465e+07,39.2852,39.2852,797,0,0,0,0,1,0.0543,0,5.457e-06,ok,0
BBMSInter,286,631,215,135665,0.0123714,1.58465e+07,39.2852,39.2852,1857,0,0,0,0,0,0.012383,0,-1.1576e-05,ok,0
BBMSDppInstant,286,631,215,135665,0.0265831,1.58465e+07,39.2852,39.2852,7484,0,0,0,0,0,0.007415,0.01918,-1.1913e-05,ok,0
BBMSDppStepwise,286,631,215,135665,0.0337141,1.58465e+07,39.2852,39.2852,7063,0,0,0,0,0,0.023508,0.010218,-1.1925e-05,ok,0
DijkstraPrims,286,631,215,135665,0.00918114,1.58465e+07,39.2852,39.2852,799,0,0,0,0,0,0.008775,0.000418,-1.1862e-05,ok,0
BBMSCore,286,631,215,135665,0.0542013,1.58465e+07,39.2852,39.2852,797,0,0,0,0,0,0.054213,0,-1.167e-05,ok,1
BBMSInter,286,631,215,135665,0.0126037,1.58465e+07,39.2852,39.2852,1857,0,0,0,0,1,0.012568,0,3.5707e-05,ok,1
BBMSDppInstant,286,631,215,135665,0.0262538,1.58465e+07,39.2852,39.2852,7484,0,0,0,0,1,0.006401,0.019853,-2.25e-07,ok,1
BBMSDppStepwise,286,631,215,135665,0.0332975,1.58465e+07,39.2852,39.2852,7063,0,0,0,0,0,0.023087,0.010222,-1.1515e-05,ok,1
DijkstraPrims,286,631,215,135665,0.0092724,1.58465e+07,39.2852,39.2852,799,0,0,0,0,0,0.009285,0,-1.2599e-05,ok,1
BBMSCore,286,631,215,135665,0.0544071,1.58465e+07,39.2852,39.2852,797,0,0,0,0,1,0.044544,0.009868,-4.884e-06,ok,2
BBMSInter,286,631,215,135665,0.0121739,1.58465e+07,39.2852,39.2852,1857,0,0,0,0,0,0.012088,9.6e-05,-1.0103e-05,ok,2
BBMSDppInstant,286,631,215,135665,0.025708,1.58465e+07,39.2852,39.2852,7484,0,0,0,0,0,0.025719,0,-1.1025e-05,ok,2
BBMSDppStepwise,286,631,215,135665,0.0337869,1.58465e+07,39.2852,39.2852,7063,0,0,0,0,0,0.023992,0.009808,-1.3138e-05,ok,2
DijkstraPrims,286,631,215,135665,0.00923986,1.58465e+07,39.2891,39.2891,799,0,0,0,0,0,0.009251,0,-1.1142e-05,ok,2
BBMSCore,287,631,1445,911795,0.866334,4.07819e+06,39.2891,39.2891,5362,0,0,0,0,9,0.866232,0,0.000101622,ok,0
BBMSInter,287,631,1445,911795,0.116552,4.07819e+06,39.293,52.4648,12485,0,0,0,0,0,0.106597,0.009968,-1.3216e-05,ok,0
BBMSDppInstant,287,631,1445,911795,0.197062,4.07819e+06,39.293,200.258,50582,0,0,0,0,1,0.116586,0.080442,3.435e-05,ok,0
BBMSDppStepwise,287,631,1445,911795,0.235817,4.07819e+06,39.293,189.742,47827,0,0,0,0,0,0.176038,0.059793,-1.3898e-05,ok,0
DijkstraPrims,287,631,1445,911795,0.144984,4.07819e+06,39.2969,41.8672,11263,0,0,0,0,0,0.135246,0.009753,-1.5261e-05,ok,0
BBMSCore,287,631,1445,911795,0.866076,4.07819e+06,39.2969,39.2969,5362,0,0,0,0,3,0.865764,0.000303,8.704e-06,ok,1
BBMSInter,287,631,1445,911795,0.115774,4.07819e+06,39.2969,52.4922,12485,0,0,0,0,1,0.105522,0.010253,-7.63e-07,ok,1
BBMSDppInstant,287,631,1445,911795,0.196077,4.07819e+06,39.2969,200.262,50582,0,0,0,0,1,0.13569,0.060384,2.889e-06,ok,1
BBMSDppStepwise,287,631,1445,911795,0.236675,4.07819e+06,39.2969,189.738,47827,0,0,0,0,1,0.146821,0.089857,-2.84e-06,ok,1
DijkstraPrims,287,631,1445,911795,0.143144,4.07819e+06,39.2969,41.8477,11263,0,0,0,0,1,0.13375,0.009397,-3.451e-06,ok,1
BBMSCore,287,631,1445,911795,0.868969,4.07819e+06,39.2969,39.2969,5362,0,0,0,0,1,0.858902,0.010014,5.3439e-05,ok,2
BBMSInter,287,631,1445,911795,0.11609,4.07819e+06,39.2969,52.4922,12485,0,0,0,0,0,0.106154,0.009949,-1.259e-05,ok,2
BBMSDppInstant,287,631,1445,911795,0.196658,4.07819e+06,39.2969,200.059,50582,0,0,0,0,1,0.16671,0.029948,-3.01e-07,ok,2
BBMSDppStepwise,287,631,1445,911795,0.234186,4.07819e+06,39.2969,189.496,47827,0,0,0,0,0,0.173254,0.060947,-1.5138e-05,ok,2
DijkstraPrims,287,631,1445,911795,0.142248,4.07819e+06,39.2969,41.8711,11263,0,0,0,0,0,0.101706,0.040556,-1.3712e-05,ok,2
BBMSCore,288,631,1098,692838,0.582347,3.43335e+06,39.3008,39.3008,4070,0,0,0,0,4,0.582066,0.000242,3.9223e-05,ok,0
BBMSInter,288,631,1098,692838,0.0878433,3.43335e+06,39.3008,40.75,9483,0,0,0,0,0,0.077819,0.010039,-1.4718e-05,ok,0
BBMSDppInstant,288,631,1098,692838,0.148691,3.43335e+06,39.3008,152.883,38642,0,0,0,0,1,0.080161,0.068534,-4.168e-06,ok,0
BBMSDppStepwise,288,631,1098,692838,0.19245,3.43335e+06,39.3008,144.98,36378,0,0,0,0,0,0.133122,0.059341,-1.3347e-05,ok,0
DijkstraPrims,288,631,1098,692838,0.0336686,3.43335e+06,39.3008,39.3008,3083,0,0,0,0,0,0.033681,0,-1.2419e-05,ok,0
BBMSCore,288,631,1098,692838,0.582215,3.43335e+06,39.3008,39.3008,4070,0,0,0,0,3,0.562538,0.019676,9.42e-07,ok,1
BBMSInter,288,631,1098,692838,0.0885141,3.43335e+06,39.3008,40.7422,9483,0,0,0,0,1,0.078468,0.010046,1.02e-07,ok,1
BBMSDppInstant,288,631,1098,692838,0.150579,3.43335e+06,39.3008,152.883,38642,0,0,0,0,1,0.100039,0.050531,8.666e-06,ok,1
BBMSDppStepwise,288,631,1098,692838,0.196194,3.43335e+06,39.3008,144.969,36378,0,0,0,0,2,0.116302,0.079876,1.6067e-05,ok,1
DijkstraPrims,288,631,1098,692838,0.0336832,3.43335e+06,39.3008,39.3008,3083,0,0,0,0,0,0.0238,0.009896,-1.2766e-05,ok,1
BBMSCore,288,631,1098,692838,0.582563,3.43335e+06,39.3008,39.3008,4070,0,0,0,0,2,0.572614,0.009949,7.9e-08,ok,2
BBMSInter,288,631,1098,692838,0.0904718,3.43335e+06,39.3008,40.7422,9483,0,0,0,0,1,0.090473,0,-1.234e-06,ok,2
BBMSDppInstant,288,631,1098,692838,0.151624,3.43335e+06,39.3008,152.887,38642,0,0,0,0,0,0.082446,0.069192,-1.365e-05,ok,2
BBMSDppStepwise,288,631,1098,692838,0.19608,3.43335e+06,39.3008,144.977,36378,0,0,0,0,1,0.156189,0.039888,2.522e-06,ok,2
DijkstraPrims,288,631,1098,692838,0.0336729,3.43335e+06,39.3008,39.3008,3083,0,0,0,0,0,0.033685,0,-1.2083e-05,ok,2
BBMSCore,289,631,402,253662,0.132013,1.2319e+07,39.3047,39.3047,1494,0,0,0,0,0,0.132026,0,-1.2937e-05,ok,0
BBMSInter,289,631,402,253662,0.030174,1.2319e+07,39.3086,39.3086,3476,0,0,0,0,0,0.020023,0.010163,-1.2041e-05,ok,0
BBMSDppInstant,289,631,402,253662,0.0515391,1.2319e+07,39.3086,58.3594,14140,0,0,0,0,0,0.051551,0,-1.186e-05,ok,0
BBMSDppStepwise,289,631,402,253662,0.061809,1.2319e+07,39.3086,55.2422,13272,0,0,0,0,0,0.051989,0.009834,-1.4013e-05,ok,0
DijkstraPrims,289,631,402,253662,0.0209693,1.2319e+07,39.3086,39.3086,1700,0,0,0,0,1,0.020963,0,6.308e-06,ok,0
BBMSCore,289,631,402,253662,0.132114,1.2319e+07,39.3086,39.3086,1494,0,0,0,0,2,0.131925,0,0.000189406,ok,1
BBMSInter,289,631,402,253662,0.0300126,1.2319e+07,39.3086,39.3086,3476,0,0,0,0,0,0.030025,0,-1.2404e-05,ok,1
BBMSDppInstant,289,631,402,253662,0.051225,1.2319e+07,39.3086,58.625,14140,0,0,0,0,0,0.010504,0.040732,-1.1043e-05,ok,1
BBMSDppStepwise,289,631,402,253662,0.0615936,1.2319e+07,39.3086,55.3594,13272,0,0,0,0,0,0.041167,0.020438,-1.1391e-05,ok,1
DijkstraPrims,289,631,402,253662,0.0208209,1.2319e+07,39.3086,39.3086,1700,0,0,0,0,0,0.020834,0,-1.3139e-05,ok,1
BBMSCore,289,631,402,253662,0.131896,1.2319e+07,39.3086,39.3086,1494,0,0,0,0,0,0.122033,0.009875,-1.2483e-05,ok,2
BBMSInter,289,631,402,253662,0.0300142,1.2319e+07,39.3086,39.3086,3476,0,0,0,0,0,0.030024,0,-9.803e-06,ok,2
BBMSDppInstant,289,631,402,253662,0.0511513,1.2319e+07,39.3086,58.6133,14140,0,0,0,0,0,0.031549,0.019614,-1.1697e-05,ok,2
BBMSDppStepwise,289,631,402,253662,0.0609723,1.2319e+07,39.3086,55.3672,13272,0,0,0,0,0,0.030409,0.030574,-1.0729e-05,ok,2
DijkstraPrims,289,631,402,253662,0.0208712,1.2319e+07,39.3086,39.3086,1700,0,0,0,0,0,0.020884,0,-1.2836e-05,ok,2
BBMSCore,290,542,215,116530,0.118043,8.38653e+06,39.3125,39.3125,685,0,0,0,0,0,0.118056,0,-1.3219e-05,ok,0
BBMSInter,290,542,215,116530,0.0208873,8.38653e+06,39.3125,39.3125,1596,0,0,0,0,1,0.020834,5.4e-05,-7.34e-07,ok,0
BBMSDppInstant,290,542,215,116530,0.0216376,8.38653e+06,39.3125,39.3125,6177,0,0,0,0,0,0.002076,0.019571,-9.371e-06,ok,0
BBMSDppStepwise,290,542,215,116530,0.0247045,8.38653e+06,39.3125,39.3125,6009,0,0,0,0,0,0.01492,0.009798,-1.347e-05,ok,0
DijkstraPrims,290,542,215,116530,0.0020563,8.38653e+06,39.3125,39.3125,158,0,0,0,0,0,0.002067,0,-1.0699e-05,ok,0
BBMSCore,290,542,215,116530,0.118471,8.38653e+06,39.3125,39.3125,685,0,0,0,0,0,0.118484,0,-1.3494e-05,ok,1
BBMSInter,290,542,215,116530,0.0208177,8.38653e+06,39.3125,39.3125,1596,0,0,0,0,0,0.02077,5.8e-05,-1.0306e-05,ok,1
BBMSDppInstant,290,542,215,116530,0.0222161,8.38653e+06,39.3125,39.3125,6177,0,0,0,0,0,0.011891,0.010339,-1.3928e-05,ok,1
BBMSDppStepwise,290,542,215,116530,0.0245909,8.38653e+06,39.3125,39.3125,6009,0,0,0,0,0,0.014424,0.010181,-1.4108e-05,ok,1
DijkstraPrims,290,542,215,116530,0.00202441,8.38653e+06,39.3164,39.3164,158,0,0,0,0,0,0.002036,0,-1.1594e-05,ok,1
BBMSCore,290,542,215,116530,0.118515,8.38653e+06,39.3164,39.3164,685,0,0,0,0,0,0.118466,6e-05,-1.061e-05,ok,2
BBMSInter,290,542,215,116530,0.0210256,8.38653e+06,39.3164,39.3164,1596,0,0,0,0,0,0.021009,2.8e-05,-1.144e-05,ok,2
BBMSDppInstant,290,542,215,116530,0.0218659,8.38653e+06,39.3164,39.3164,6177,0,0,0,0,0,0.021879,0,-1.3143e-05,ok,2
BBMSDppStepwise,290,542,215,116530,0.0247099,8.38653e+06,39.3164,39.3164,6009,0,0,0,0,0,0.014779,0.009945,-1.4129e-05,ok,2
DijkstraPrims,290,542,215,116530,0.00201956,8.38653e+06,39.3164,39.3164,158,0,0,0,0,0,0.002032,0,-1.2443e-05,ok,2
BBMSCore,291,542,1445,783190,1.32407,1.14681e+07,39.3203,39.3203,4600,0,0,0,0,7,1.31404,0.009993,4.0577e-05,ok,0
BBMSInter,291,542,1445,783190,0.0801314,1.14681e+07,39.3203,45.5,10718,0,0,0,0,0,0.05982,0.020324,-1.2642e-05,ok,0
BBMSDppInstant,291,542,1445,783190,0.152154,1.14681e+07,39.3242,167.664,42161,0,0,0,0,2,0.072637,0.079491,2.6298e-05,ok,0
BBMSDppStepwise,291,542,1445,783190,0.172657,1.14681e+07,39.3242,161.34,40562,0,0,0,0,0,0.122859,0.049812,-1.3753e-05,ok,0
DijkstraPrims,291,542,1445,783190,0.0641717,1.14681e+07,39.3242,39.3242,5698,0,0,0,0,1,0.053805,0.010369,-2.338e-06,ok,0
BBMSCore,291,542,1445,783190,1.32932,1.14681e+07,39.3242,39.3242,4600,0,0,0,0,3,1.31932,0.009962,4.1059e-05,ok,1
BBMSInter,291,542,1445,783190,0.0827061,1.14681e+07,39.3242,45.4805,10718,0,0,0,0,0,0.072466,0.010253,-1.2912e-05,ok,1
BBMSDppInstant,291,542,1445,783190,0.152979,1.14681e+07,39.3242,167.469,42161,0,0,0,0,1,0.122316,0.030668,-4.501e-06,ok,1
BBMSDppStepwise,291,542,1445,783190,0.174016,1.14681e+07,39.3242,161.336,40562,0,0,0,0,1,0.124145,0.049875,-3.525e-06,ok,1
DijkstraPrims,291,542,1445,783190,0.0669561,1.14681e+07,39.3242,39.3242,5698,0,0,0,0,0,0.056901,0.010068,-1.295e-05,ok,1
BBMSCore,291,542,1445,783190,1.3239,1.14681e+07,39.3242,39.3242,4600,0,0,0,0,5,1.31411,0.009745,4.7998e-05,ok,2
BBMSInter,291,542,1445,783190,0.081959,1.14681e+07,39.3242,45.4648,10718,0,0,0,0,1,0.052221,0.029733,5.046e-06,ok,2
BBMSDppInstant,291,542,1445,783190,0.154242,1.14681e+07,39.3242,167.633,42161,0,0,0,0,0,0.094737,0.059519,-1.4269e-05,ok,2
BBMSDppStepwise,291,542,1445,783190,0.172615,1.14681e+07,39.3242,161.336,40562,0,0,0,0,0,0.092903,0.079728,-1.5546e-05,ok,2
DijkstraPrims,291,542,1445,783190,0.0644647,1.14681e+07,39.3242,39.3242,5698,0,0,0,0,1,0.064469,0,-4.327e-06,ok,2
BBMSCore,292,542,1098,595116,0.754761,1.09089e+07,39.3281,39.3281,3497,0,0,0,0,1,0.744549,0.009989,0.000222523,ok,0
BBMSInter,292,542,1098,595116,0.0613491,1.09089e+07,39.3281,39.3281,8146,0,0,0,0,0,0.051105,0.010256,-1.193e-05,ok,0
BBMSDppInstant,292,542,1098,595116,0.12502,1.09089e+07,39.3281,127.738,32400,0,0,0,0,1,0.086095,0.038892,3.2753e-05,ok,0
BBMSDppStepwise,292,542,1098,595116,0.174026,1.09089e+07,39.3281,123.355,30819,0,0,0,0,0,0.154072,0.01997,-1.6493e-05,ok,0
DijkstraPrims,292,542,1098,595116,0.0155766,1.09089e+07,39.3281,39.3281,1362,0,0,0,0,0,0.015588,0,-1.1363e-05,ok,0
BBMSCore,292,542,1098,595116,0.754052,1.09089e+07,39.3281,39.3281,3497,0,0,0,0,2,0.744402,0.009636,1.4366e-05,ok,1
BBMSInter,292,542,1098,595116,0.0621389,1.09089e+07,39.3281,39.3281,8146,0,0,0,0,1,0.062136,0,2.902e-06,ok,1
BBMSDppInstant,292,542,1098,595116,0.125786,1.09089e+07,39.3281,127.703,32400,0,0,0,0,0,0.075638,0.050162,-1.353e-05,ok,1
BBMSDppStepwise,292,542,1098,595116,0.174704,1.09089e+07,39.3281,123.344,30819,0,0,0,0,2,0.154641,0.02005,1.3394e-05,ok,1
DijkstraPrims,292,542,1098,595116,0.0157744,1.09089e+07,39.3281,39.3281,1362,0,0,0,0,0,0.015788,0,-1.3575e-05,ok,1
BBMSCore,292,542,1098,595116,0.75423,1.09089e+07,39.3281,39.3281,3497,0,0,0,0,1,0.754237,0,-6.989e-06,ok,2
BBMSInter,292,542,1098,595116,0.0624316,1.09089e+07,39.3281,39.3281,8146,0,0,0,0,0,0.052513,0.009932,-1.345e-05,ok,2
BBMSDppInstant,292,542,1098,595116,0.125084,1.09089e+07,39.3281,127.723,32400,0,0,0,0,0,0.074789,0.050311,-1.5645e-05,ok,2
BBMSDppStepwise,292,542,1098,595116,0.174118,1.09089e+07,39.3281,123.352,30819,0,0,0,0,0,0.133986,0.040146,-1.3519e-05,ok,2
DijkstraPrims,292,542,1098,595116,0.0160709,1.09089e+07,39.3281,39.3281,1362,0,0,0,0,0,0.016084,0,-1.3098e-05,ok,2
BBMSCore,293,542,402,217884,0.103676,5.85323e+06,39.332,39.332,1279,0,0,0,0,1,0.103503,0.000176,-3.002e-06,ok,0
BBMSInter,293,542,402,217884,0.0165361,5.85323e+06,39.332,39.332,2981,0,0,0,0,0,0.016549,0,-1.2913e-05,ok,0
BBMSDppInstant,293,542,402,217884,0.0413756,5.85323e+06,39.332,50.1367,11948,0,0,0,0,0,0.0314,0.009988,-1.2388e-05,ok,0
BBMSDppStepwise,293,542,402,217884,0.0467919,5.85323e+06,39.3359,48.2422,11423,0,0,0,0,1,0.046795,0,-3.117e-06,ok,0
DijkstraPrims,293,542,402,217884,0.0153612,5.85323e+06,39.3359,39.3359,1351,0,0,0,0,0,0.005325,0.010048,-1.1786e-05,ok,0
BBMSCore,293,542,402,217884,0.104387,5.85323e+06,39.3359,39.3359,1279,0,0,0,0,2,0.104291,0,9.5881e-05,ok,1
BBMSInter,293,542,402,217884,0.0163602,5.85323e+06,39.3359,39.3359,2981,0,0,0,0,0,0.016373,0,-1.285e-05,ok,1
BBMSDppInstant,293,542,402,217884,0.0410554,5.85323e+06,39.3359,50.0977,11948,0,0,0,0,0,0.010263,0.030806,-1.3598e-05,ok,1
BBMSDppStepwise,293,542,402,217884,0.0470181,5.85323e+06,39.3359,48.1016,11423,0,0,0,0,0,0.047031,0,-1.2921e-05,ok,1
DijkstraPrims,293,542,402,217884,0.0153669,5.85323e+06,39.3359,39.3359,1351,0,0,0,0,0,0.01538,0,-1.3139e-05,ok,1
BBMSCore,293,542,402,217884,0.10361,5.85323e+06,39.3359,39.3359,1279,0,0,0,0,0,0.103623,0,-1.3157e-05,ok,2
BBMSInter,293,542,402,217884,0.0160839,5.85323e+06,39.3359,39.3359,2981,0,0,0,0,0,0.006216,0.00988,-1.215e-05,ok,2
BBMSDppInstant,293,542,402,217884,0.0413075,5.85323e+06,39.3359,50.1133,11948,0,0,0,0,0,0.041321,0,-1.3508e-05,ok,2
BBMSDppStepwise,293,542,402,217884,0.0468833,5.85323e+06,39.3359,48.2422,11423,0,0,0,0,0,0.036772,0.010124,-1.2653e-05,ok,2
DijkstraPrims,293,542,402,217884,0.0153766,5.85323e+06,39.3398,39.3398,1351,0,0,0,0,0,0.01539,0,-1.3384e-05,ok,2
BBMSCore,294,215,1445,310675,0.156226,1.41415e+07,39.3438,39.3438,1830,0,0,0,0,2,0.156198,0,2.8296e-05,ok,0
BBMSInter,294,215,1445,310675,0.0419141,1.41415e+07,39.3438,39.3438,4257,0,0,0,0,0,0.041838,9e-05,-1.3861e-05,ok,0
BBMSDppInstant,294,215,1445,310675,0.0702616,1.41415e+07,39.3438,70.8086,17283,0,0,0,0,0,0.029355,0.040919,-1.2442e-05,ok,0
BBMSDppStepwise,294,215,1445,310675,0.0821171,1.41415e+07,39.3438,67.4961,16427,0,0,0,0,0,0.062074,0.020055,-1.1894e-05,ok,0
DijkstraPrims,294,215,1445,310675,0.0434659,1.41415e+07,39.3438,39.3438,3313,0,0,0,0,0,0.043479,0,-1.3062e-05,ok,0
BBMSCore,294,215,1445,310675,0.156056,1.41415e+07,39.3438,39.3438,1830,0,0,0,0,0,0.15607,0,-1.4092e-05,ok,1
BBMSInter,294,215,1445,310675,0.0424147,1.41415e+07,39.3438,39.3438,4257,0,0,0,0,1,0.032072,0.010336,6.658e-06,ok,1
BBMSDppInstant,294,215,1445,310675,0.0696833,1.41415e+07,39.3438,70.8125,17283,0,0,0,0,1,0.069605,0,7.8257e-05,ok,1
BBMSDppStepwise,294,215,1445,310675,0.0820715,1.41415e+07,39.3438,67.4922,16427,0,0,0,0,0,0.052226,0.029859,-1.3523e-05,ok,1
DijkstraPrims,294,215,1445,310675,0.0434337,1.41415e+07,39.3438,39.3438,3313,0,0,0,0,0,0.043447,0,-1.3292e-05,ok,1
BBMSCore,294,215,1445,310675,0.156035,1.41415e+07,39.3438,39.3438,1830,0,0,0,0,1,0.156038,0,-3.345e-06,ok,2
BBMSInter,294,215,1445,310675,0.0422796,1.41415e+07,39.3438,39.3438,4257,0,0,0,0,0,0.042294,0,-1.4372e-05,ok,2
BBMSDppInstant,294,215,1445,310675,0.069639,1.41415e+07,39.3438,70.8047,17283,0,0,0,0,0,0.04884,0.020814,-1.4963e-05,ok,2
BBMSDppStepwise,294,215,1445,310675,0.0832442,1.41415e+07,39.3438,67.2422,16427,0,0,0,0,0,0.053295,0.029963,-1.3754e-05,ok,2
DijkstraPrims,294,215,1445,310675,0.0431473,1.41415e+07,39.3438,39.3438,3313,0,0,0,0,0,0.04316,0,-1.2734e-05,ok,2
BBMSCore,295,215,1098,236070,0.144729,1.41482e+07,39.3477,39.3477,1392,0,0,0,0,0,0.144744,0,-1.4955e-05,ok,0
BBMSInter,295,215,1098,236070,0.0234355,1.41482e+07,39.3477,39.3477,3236,0,0,0,0,0,0.023293,0.000155,-1.2486e-05,ok,0
BBMSDppInstant,295,215,1098,236070,0.0484824,1.41482e+07,39.3477,53.7305,12849,0,0,0,0,0,0.038669,0.009825,-1.1625e-05,ok,0
BBMSDppStepwise,295,215,1098,236070,0.0571167,1.41482e+07,39.3477,51.5977,12300,0,0,0,0,0,0.026111,0.031019,-1.3289e-05,ok,0
DijkstraPrims,295,215,1098,236070,0.0147096,1.41482e+07,39.3516,39.3516,1320,0,0,0,0,0,0.014724,0,-1.4423e-05,ok,0
BBMSCore,295,215,1098,236070,0.143893,1.41482e+07,39.3516,39.3516,1392,0,0,0,0,0,0.143748,0.000158,-1.2798e-05,ok,1
BBMSInter,295,215,1098,236070,0.0235247,1.41482e+07,39.3516,39.3516,3236,0,0,0,0,0,0.023538,0,-1.3313e-05,ok,1
BBMSDppInstant,295,215,1098,236070,0.04872,1.41482e+07,39.3516,53.7461,12849,0,0,0,0,0,0.038913,0.00982,-1.2968e-05,ok,1
BBMSDppStepwise,295,215,1098,236070,0.0569603,1.41482e+07,39.3516,51.3438,12300,0,0,0,0,0,0.03748,0.019493,-1.2697e-05,ok,1
DijkstraPrims,295,215,1098,236070,0.0146751,1.41482e+07,39.3516,39.3516,1320,0,0,0,0,0,0.014688,0,-1.289e-05,ok,1
BBMSCore,295,215,1098,236070,0.145211,1.41482e+07,39.3516,39.3516,1392,0,0,0,0,0,0.145225,0,-1.3568e-05,ok,2
BBMSInter,295,215,1098,236070,0.0234536,1.41482e+07,39.3516,39.3516,3236,0,0,0,0,0,0.013437,0.010029,-1.2378e-05,ok,2
BBMSDppInstant,295,215,1098,236070,0.0496549,1.41482e+07,39.3516,53.7422,12849,0,0,0,0,0,0.039786,0.009883,-1.4088e-05,ok,2
BBMSDppStepwise,295,215,1098,236070,0.0569383,1.41482e+07,39.3516,51.6172,12300,0,0,0,0,0,0.046813,0.010138,-1.2697e-05,ok,2
DijkstraPrims,295,215,1098,236070,0.0146107,1.41482e+07,39.3516,39.3516,1320,0,0,0,0,1,0.014202,0.000414,-5.255e-06,ok,2
BBMSCore,296,215,402,86430,0.0364449,3.5629e+06,39.3555,39.3555,509,0,0,0,0,0,0.036458,0,-1.3088e-05,ok,0
BBMSInter,296,215,402,86430,0.00764348,3.5629e+06,39.3555,39.3555,1184,0,0,0,0,0,0,0.007654,-1.0523e-05,ok,0
BBMSDppInstant,296,215,402,86430,0.0171242,3.5629e+06,39.3555,39.3555,4769,0,0,0,0,0,0.017135,0,-1.0753e-05,ok,0
BBMSDppStepwise,296,215,402,86430,0.0228186,3.5629e+06,39.3555,39.3555,4506,0,0,0,0,0,0.022831,0,-1.2408e-05,ok,0
DijkstraPrims,296,215,402,86430,0.00338385,3.5629e+06,39.3555,39.3555,305,0,0,0,0,0,0.003395,0,-1.1149e-05,ok,0
BBMSCore,296,215,402,86430,0.036388,3.5629e+06,39.3555,39.3555,509,0,0,0,0,0,0.0364,0,-1.2024e-05,ok,1
BBMSInter,296,215,402,86430,0.00761568,3.5629e+06,39.3555,39.3555,1184,0,0,0,0,0,0.007627,0,-1.1318e-05,ok,1
BBMSDppInstant,296,215,402,86430,0.0171463,3.5629e+06,39.3555,39.3555,4769,0,0,0,0,0,0.006983,0.010174,-1.0696e-05,ok,1
BBMSDppStepwise,296,215,402,86430,0.0227567,3.5629e+06,39.3555,39.3555,4506,0,0,0,0,1,0.022758,0,-1.286e-06,ok,1
DijkstraPrims,296,215,402,86430,0.00339841,3.5629e+06,39.3555,39.3555,305,0,0,0,0,0,0.003255,0.000155,-1.1594e-05,ok,1
BBMSCore,296,215,402,86430,0.0365461,3.5629e+06,39.3555,39.3555,509,0,0,0,0,1,0.03655,0,-3.922e-06,ok,2
BBMSInter,296,215,402,86430,0.00779581,3.5629e+06,39.3555,39.3555,1184,0,0,0,0,1,0.007799,0,-3.191e-06,ok,2
BBMSDppInstant,296,215,402,86430,0.017415,3.5629e+06,39.3555,39.3555,4769,0,0,0,0,0,0.01743,0,-1.4992e-05,ok,2
BBMSDppStepwise,296,215,402,86430,0.0228954,3.5629e+06,39.3555,39.3555,4506,0,0,0,0,0,0.013223,0.009685,-1.2558e-05,ok,2
DijkstraPrims,296,215,402,86430,0.00340685,3.5629e+06,39.3555,39.3555,305,0,0,0,0,0,0.00342,0,-1.3151e-05,ok,2
BBMSCore,297,1445,1098,1586610,1.86475,1.7486e+06,39.3594,40.1172,9328,0,0,0,0,4,1.86463,9.6e-05,2.146e-05,ok,0
BBMSInter,297,1445,1098,1586610,0.183773,1.7486e+06,39.3594,88.5,21723,0,0,0,0,0,0.154478,0.029311,-1.6451e-05,ok,0
BBMSDppInstant,297,1445,1098,1586610,0.381224,1.7486e+06,39.3594,348.664,89169,0,0,0,0,0,0.261341,0.119899,-1.6254e-05,ok,0
BBMSDppStepwise,297,1445,1098,1586610,0.492566,1.7486e+06,39.3594,328.152,83471,0,0,0,0,0,0.402498,0.090086,-1.7948e-05,ok,0
DijkstraPrims,297,1445,1098,1586610,0.339204,1.7486e+06,39.3633,81.125,23565,0,0,0,0,2,0.259582,0.079605,1.6723e-05,ok,0
BBMSCore,297,1445,1098,1586610,1.86193,1.7486e+06,39.3633,40.1133,9328,0,0,0,0,6,1.8519,0.010004,2.7405e-05,ok,1
BBMSInter,297,1445,1098,1586610,0.18243,1.7486e+06,39.3672,88.5,21723,0,0,0,0,1,0.162385,0.020044,1.195e-06,ok,1
BBMSDppInstant,297,1445,1098,1586610,0.375365,1.7486e+06,39.3672,348.672,89169,0,0,0,0,2,0.286348,0.089,1.6571e-05,ok,1
BBMSDppStepwise,297,1445,1098,1586610,0.488255,1.7486e+06,39.3672,328.152,83471,0,0,0,0,4,0.37821,0.110008,3.7349e-05,ok,1
DijkstraPrims,297,1445,1098,1586610,0.330695,1.7486e+06,39.3672,81.2969,23565,0,0,0,0,0,0.310687,0.020024,-1.6383e-05,ok,1
BBMSCore,297,1445,1098,1586610,1.8689,1.7486e+06,39.3672,40.1172,9328,0,0,0,0,7,1.85919,0.009661,4.5767e-05,ok,2
BBMSInter,297,1445,1098,1586610,0.184502,1.7486e+06,39.3672,88.4922,21723,0,0,0,0,3,0.145388,0.039089,2.4897e-05,ok,2
BBMSDppInstant,297,1445,1098,1586610,0.377251,1.7486e+06,39.3672,348.656,89169,0,0,0,0,0,0.276354,0.100912,-1.5126e-05,ok,2
BBMSDppStepwise,297,1445,1098,1586610,0.491144,1.7486e+06,39.3672,328.141,83471,0,0,0,0,2,0.391173,0.099964,6.807e-06,ok,2
DijkstraPrims,297,1445,1098,1586610,0.331682,1.7486e+06,39.3672,81.2812,23565,0,0,0,0,1,0.301683,0.029991,8.492e-06,ok,2
BBMSCore,298,1445,402,580890,0.823736,1.08769e+07,39.3711,39.3711,3414,0,0,0,0,3,0.823548,0,0.000187611,ok,0
BBMSInter,298,1445,402,580890,0.142789,1.08769e+07,39.3711,39.3711,7952,0,0,0,0,0,0.142803,0,-1.4443e-05,ok,0
BBMSDppInstant,298,1445,402,580890,0.130372,1.08769e+07,39.3711,128.789,32339,0,0,0,0,2,0.111125,0.019047,0.000200176,ok,0
BBMSDppStepwise,298,1445,402,580890,0.152942,1.08769e+07,39.3711,122.938,30711,0,0,0,0,1,0.132627,0.020311,3.678e-06,ok,0
DijkstraPrims,298,1445,402,580890,0.0891834,1.08769e+07,39.3711,39.3711,6979,0,0,0,0,1,0.069256,0.019932,-4.638e-06,ok,0
BBMSCore,298,1445,402,580890,0.829725,1.08769e+07,39.3711,39.3711,3414,0,0,0,0,0,0.82971,3.7e-05,-2.1992e-05,ok,1
BBMSInter,298,1445,402,580890,0.142828,1.08769e+07,39.3711,39.3711,7952,0,0,0,0,0,0.132788,0.010055,-1.5004e-05,ok,1
BBMSDppInstant,298,1445,402,580890,0.128164,1.08769e+07,39.3711,128.973,32339,0,0,0,0,1,0.078625,0.049542,-2.837e-06,ok,1
BBMSDppStepwise,298,1445,402,580890,0.149803,1.08769e+07,39.3711,122.711,30711,0,0,0,0,1,0.099969,0.049838,-3.616e-06,ok,1
DijkstraPrims,298,1445,402,580890,0.0881657,1.08769e+07,39.3711,39.3711,6979,0,0,0,0,0,0.078219,0.009959,-1.2336e-05,ok,1
BBMSCore,298,1445,402,580890,0.83326,1.08769e+07,39.3711,39.3711,3414,0,0,0,0,1,0.823254,0.010018,-1.1776e-05,ok,2
BBMSInter,298,1445,402,580890,0.141703,1.08769e+07,39.3711,39.3711,7952,0,0,0,0,0,0.131625,0.010092,-1.4336e-05,ok,2
BBMSDppInstant,298,1445,402,580890,0.126995,1.08769e+07,39.3711,128.969,32339,0,0,0,0,1,0.126989,0,6.095e-06,ok,2
BBMSDppStepwise,298,1445,402,580890,0.148926,1.08769e+07,39.3711,122.941,30711,0,0,0,0,0,0.10916,0.03978,-1.422e-05,ok,2
DijkstraPrims,298,1445,402,580890,0.0884515,1.08769e+07,39.3711,39.3711,6979,0,0,0,0,0,0.088465,0,-1.3472e-05,ok,2
BBMSCore,299,1098,402,441396,0.455639,1.08168e+07,39.375,39.375,2596,0,0,0,0,2,0.455639,0,-3e-09,ok,0
BBMSInter,299,1098,402,441396,0.0985241,1.08168e+07,39.375,39.375,6044,0,0,0,0,0,0.088632,0.009905,-1.2873e-05,ok,0
BBMSDppInstant,299,1098,402,441396,0.0960333,1.08168e+07,39.375,97.6602,24293,0,0,0,0,0,0.056622,0.039426,-1.4663e-05,ok,0
BBMSDppStepwise,299,1098,402,441396,0.11232,1.08168e+07,39.375,93.7773,23137,0,0,0,0,0,0.092213,0.020121,-1.4229e-05,ok,0
DijkstraPrims,299,1098,402,441396,0.0240824,1.08168e+07,39.375,39.375,1812,0,0,0,0,0,0.024095,0,-1.2603e-05,ok,0
BBMSCore,299,1098,402,441396,0.456593,1.08168e+07,39.375,39.375,2596,0,0,0,0,3,0.446635,0.009947,1.1356e-05,ok,1
BBMSInter,299,1098,402,441396,0.0995653,1.08168e+07,39.375,39.375,6044,0,0,0,0,0,0.089602,0.009977,-1.3673e-05,ok,1
BBMSDppInstant,299,1098,402,441396,0.0972227,1.08168e+07,39.3789,97.6445,24293,0,0,0,0,0,0.047625,0.049612,-1.4312e-05,ok,1
BBMSDppStepwise,299,1098,402,441396,0.111596,1.08168e+07,39.3789,93.7969,23137,0,0,0,0,0,0.091486,0.020124,-1.4464e-05,ok,1
DijkstraPrims,299,1098,402,441396,0.0239197,1.08168e+07,39.3789,39.3789,1812,0,0,0,0,0,0.023604,0.000329,-1.3322e-05,ok,1
BBMSCore,299,1098,402,441396,0.456246,1.08168e+07,39.3789,39.3789,2596,0,0,0,0,0,0.446301,0.009961,-1.6317e-05,ok,2
BBMSInter,299,1098,402,441396,0.0995811,1.08168e+07,39.3789,39.3789,6044,0,0,0,0,3,0.089579,0.009981,2.1081e-05,ok,2
BBMSDppInstant,299,1098,402,441396,0.0967476,1.08168e+07,39.3789,97.6562,24293,0,0,0,0,0,0.067112,0.029648,-1.241e-05,ok,2
BBMSDppStepwise,299,1098,402,441396,0.11428,1.08168e+07,39.3789,93.7734,23137,0,0,0,0,0,0.085004,0.029291,-1.5201e-05,ok,2
DijkstraPrims,299,1098,402,441396,0.0238401,1.08168e+07,39.3789,39.3789,1812,0,0,0,0,0,0.023853,0,-1.2909e-05,ok,2
