5
830
0.6503540529639225 0.37082082459999754
0.2160742826873423 0.6249250005454758
-0.8651889952054721 -0.4255035652042478
0.09583546600694692 -0.32956639711587954
-0.292085048717889 0.06718546886530952
-0.11260455645024048 0.5334699409185382
0.28513452037946574 0.5383939126100057
-0.2471253780447611 -0.04092163057755194
-0.8857769911071101 0.3990393853083112
-0.5670797509648697 -0.32749042619233704
0.48008118827620505 -0.5980460277223254
0.8270954961583494 -0.18339544410931174
0.14709733464511743 0.974401748440217
-0.412433336785629 -0.6709515676641569
0.9815141674416146 0.030084943896223626
-0.23088392367994137 0.7460709877573435
-0.17079840291797255 -0.07073599024996291
0.6090614942093364 0.2801466909046815
0.15295158267860987 0.6812647319513212
-0.34631153998832453 -0.7014623214037488
-0.7982531929340859 0.48452943822563976
0.33219594531057206 0.057264903822666025
-0.20555828339468785 -0.5998772913014458
-0.33127155530007624 -0.7552759319187872
0.2208130821065375 -0.10575410751664083
-0.06509448750970326 0.7416376808514837
0.8262159446711415 -0.015311793569123822
-0.10326251565116218 0.9892577333644481
0.17279025128761738 0.544791370536889
0.4633718589410878 -0.8223904453437618
-0.6110499448376487 -0.0706527385869613
0.24997760987658935 -0.34124939489575645
0.5847536369005817 0.24946977583095165
0.3680029008568433 0.006073041600914042
-0.598440657654332 -0.6449531914299331
0.4157917560784603 0.30384127197257116
0.2486434802272064 0.9208094722343056
0.9168843084740614 -0.28996862694930114
0.32694110419330613 0.552905329227285
0.5793287471716333 -0.09009719801019878
-0.14078160021072872 -0.4255289929248447
-0.32403256889492105 0.7945933185996013
0.44292561773887296 -0.3408372535806612
-0.7769922150524189 -0.42112080051723266
-0.4540227141854212 0.1917700575556811
-0.35405354859389293 0.35824969543319685
0.38758970927762304 -0.7647703368766805
-0.7026257601831238 -0.10744182888184417
0.2638012082133385 -0.5340011529731357
-0.20115179772424363 -0.024478318887164452
-0.12235734213412308 0.9306032781472471
-0.2932150155551463 -0.40537215170821694
0.616421815308736 -0.4678657393937582
-0.7852788874757293 -0.45712982563208904
-0.09056947506162172 0.4486481987736366
0.3737478370536078 -0.00012508703032243496
0.07740672804861681 -0.5677142245280704
0.2806921355390588 -0.5154817463862771
-0.059393907249874145 -0.8064249617422716
0.9047730564206293 0.18021528158451972
0.5563455216917554 0.028110793082255725
0.4302766994539873 -0.5573866227478055
-0.7577104904734167 0.305308926000065
-0.050218535807010634 0.2651612160650618
0.862408425241326 0.4233233113901167
0.18880826534084894 -0.4913243663703859
0.10734106914231623 -0.09755594470808382
0.608327518642342 -0.5799314867450851
-0.8688495455620109 -0.36378472370379367
-0.10906363331074709 -0.45235155429509266
-0.3752659503519986 -0.3218042800731691
-0.15698737738659507 0.3638845319998085
-0.8080866785402943 -0.2902727048357321
0.5473998345723934 0.3316202565043802
-0.527633393180579 -0.8434674382752307
0.2533471582710862 -0.7751535978591078
0.4637825625363743 -0.2775260903713679
-0.0092282764705085 0.7977157719087433
0.35075850874322767 0.8647924174553374
0.05853601781556539 -0.7680400398587051
-0.8213916847249265 0.1762148570229889
0.7068823423067141 0.08673589573903562
-0.9340467224720512 -0.014080206595684652
0.006340789333989072 0.30129331087272315
0.9302318921018726 0.12918434622517916
0.5949451828504844 0.716822473799759
0.05713748703421606 -0.7454316416804379
-0.669829000296776 0.25108532572268105
0.2993806595716604 0.07561808994511421
0.23919884953134152 -0.3621139957738806
-0.6192587992178062 0.44792710725918305
0.9618944711030328 -0.02482841926090762
0.149494981715798 0.3668202185037108
0.2227041267083516 0.2756902721706287
0.5369116784848182 -0.7827559194629496
-0.018209209353504674 -0.7582790671633552
-0.4714355766010503 0.3309136465263818
0.5477174118155421 -0.6421235314519333
-0.7867821534302648 -0.15966765610442457
-0.2656954984317905 0.06021957445037174
-0.5310143275561234 0.7152825107507934
-0.17367076906419698 -0.30178700891743127
-0.1521284553555895 -0.579608487418672
0.008918443326636494 -0.838066596219551
-0.7294542028762476 -0.5310072596376469
0.23682971561455135 -0.46439175324065674
0.1771107600625823 -0.007724746470925137
0.46314528971696634 0.09939063733053422
0.39710607742472726 -0.2929307237595804
-0.3808383324084157 0.39560075834149755
-0.31350687026754365 -0.4414831852618064
-0.41695156136499434 -0.13219984371046056
0.2894954212945766 0.5378608259961333
-0.2799708837496182 -0.04259897458187334
0.6336495358428398 0.17707573525132148
0.17334142118206097 -0.9408355188060002
0.501553506808259 0.6373904787315143
-0.5709347850965805 0.28965099583705234
-0.9613477172731226 0.21323927717726865
-0.6908701352205495 -0.047362276828751604
0.44082974941792763 0.02111977723806291
0.0736923637772291 0.5434223534815523
0.6036431327374698 0.2671835969836114
-0.09051262340639621 0.6370159607951413
-0.2044165502363966 -0.46711109489812874
0.0714432170042405 -0.10378636290130716
0.2586806435397184 -0.3491836799259127
0.8492340653246198 0.4658186099535533
0.579981374816257 0.6190948061565091
-0.7594675194894862 -0.24988234785491192
0.4751538486539091 0.8225499235141791
0.5275334315062101 0.040453914274539704
0.639530818575853 0.0548086792590905
-0.36664838879452666 -0.647598215911972
-0.20202408613457656 0.20921061852239387
0.44865674149838974 -0.30888306537051546
-0.9445945875520991 -0.07270207444656873
-0.2777030031387051 -0.1233951219293965
0.37272125411086554 -0.15589895119421016
-0.019899232459171357 0.44197184205648266
0.49295583680775046 0.43968226184330583
-0.9820146713678557 -0.17064827485134004
0.14944984840875364 -0.5541425884013815
0.03467447705525184 0.8140648409910323
0.034035564400120455 -0.9357618689624463
0.628423555086848 0.12184061903982268
0.2753341785124761 0.10989069925583062
0.6522815059484224 -0.177052045995594
0.29412298615566623 0.7651621516411233
0.0519206240510941 -0.28609426504629365
0.36148144396245896 0.7967148016508274
-0.26680127426193456 -0.25365261147001616
0.21089372053906597 0.34103777543670244
-0.11774153990617386 -0.8565697444012808
-0.08836011435190971 0.7283610449264677
-0.6836312202473349 0.5100835175142793
-0.6560191106926856 0.1842539058189916
-0.7664779410174773 0.11121914419812473
-0.8093112079213365 -0.3962301784624773
0.6990149773230216 -0.6489578549330555
-0.7132554790011314 -0.16995222221081607
-0.6174775924569771 -0.6138092130281214
-0.34048376618302867 -0.2015826166357202
0.36046845103253133 0.6793724387786855
0.11683795750269144 0.8266076567628093
0.3471996463685716 0.5100483678290844
0.05834388811197111 0.7969617552465524
0.24946049838027573 0.7896648245393596
0.04620957331307496 -0.14767779089220978
-0.6157641359111548 0.7435886841375705
-0.7908122658608283 -0.31890247546994854
-0.41732232214314147 -0.14924077086766663
-0.7250044473680781 -0.26313730425389537
-0.2832379183535154 -0.4507179117954696
0.7369806017793685 -0.32701688285018404
-0.7499591987367229 -0.4571653579135353
-0.438200275469943 0.6514056853284442
-0.334282809883915 0.41068069998221657
0.6657579505855022 -0.6903408520490573
-0.7944385680476918 -0.07553488084533089
0.005713555355804978 0.1940330044903178
0.2525174214521544 -0.015916278296257413
0.22507011939324983 0.25562835126741157
0.37450389285693175 0.5617672546427155
-0.12111567081726338 0.48523427970565414
-0.4818639496537427 0.05066666831782318
-0.3351498628311158 0.09912185144259045
0.4036641222158961 0.1238343106337616
-0.7604531603105165 -0.6323339668872681
-0.4754259144516586 0.8062106958108886
0.3166516609688048 0.5105132665137115
0.6187106527287058 -0.6833043076540355
-0.8873504895181701 0.3461089528024728
0.4440437706535638 0.7199754783983672
-0.3249374564294403 0.8871098082498268
0.19773390927349643 -0.9779158092696398
0.9077012884108147 -0.40560372889858987
-0.11859721711228999 0.1508606934807799
0.015920648738676046 -0.24135894157907312
0.7629928078840444 0.45894039788113394
-0.5324918672245327 0.7105247945998838
-0.9778270056612126 0.08318693064861526
-0.31494309016482536 0.1791789947187521
0.2670921810761535 0.03863757029708581
0.07963648611473473 -0.4068583773214727
0.13947452654323422 0.28143336252026674
-0.35476718161381604 -0.8772314210526082
0.2148955057701185 -0.2822140949960166
-0.3366163703899543 0.7067238932686155
0.8088696722996631 -0.36237866044045464
0.5915758814168179 0.2568727231097776
0.4138376720290331 0.5549818824580652
0.03362099196594781 0.2138161884047054
0.25993877648485175 -0.12908237692830915
0.2521034404942353 0.4570346379420196
-0.07325843633118678 -0.9289963217764641
0.1493214802641294 -0.13595965845123814
0.4040337645798713 0.7141595881229403
-0.830566106057623 0.43210860952643926
-0.31455033007039823 0.047832085625129084
-0.6830648974217002 -0.32239485614734376
0.1875563015441999 0.5055761009823039
0.026960121861310915 -0.7521846419904805
0.8407466206916363 0.15573574127466094
0.010733024680686931 -0.293554593702825
0.34616970834876026 -0.558024738745093
-0.40548569461839756 0.03529051776732217
-0.3375636402805142 -0.2482771541903821
0.815042424065274 0.23086327720862032
0.1673124153660921 0.043819904698373824
0.30429423472419215 -0.1790238932064676
-0.4205542068113688 0.7359058804314851
-0.049128006837971805 0.5783937083202297
0.03316779590891139 -0.36654762377712835
0.06709155155552082 -0.3255654254809015
0.09629888910657525 0.5618513372657667
-0.4345175253384015 0.6526788928776228
0.15149558137238084 -0.906751240982955
-0.09223394453647993 -0.49463661518345337
-0.2005499345324111 0.6944824164602692
-0.09415376425091515 -0.20668326277538562
-0.653702972738873 -0.4013738098832875
-0.6017566192051966 -0.2696807629411966
-0.5682741807950056 -0.38725040342692973
0.06754384614886866 -0.8390054535634257
-0.9781860014992321 0.031204008329682065
0.2999212835922904 -0.011460344128585875
0.9065824523938741 -0.21228575998948096
0.5078682068857292 -0.6594650674151268
-0.8673228589820035 -0.15707868542333747
0.9050946254834207 0.35343325174233686
0.3658124882525502 -0.8034021234605508
-0.3611382384228745 0.629699327163094
-0.27810279446913055 -0.7971169119608028
0.8189455882067118 -0.20506163422536083
0.5548382399647527 -0.056759333152601954
0.2088911053402589 -0.8028198009472665
0.02724570465350551 0.551772194744917
0.32306487314914856 -0.6315794793315372
-0.45711876542246577 -0.8201618096467989
0.21480311295519527 0.04145573371323885
-0.12548243421466165 0.4327308939538006
0.7674232415795166 0.3616002650883585
-0.3144040409581117 -0.3852945889521038
-0.7275802120795043 -0.22704539140098134
0.36381111373768804 -0.20682038166950178
0.5390931945013155 -0.5614410379977748
0.11804705519737646 0.06606720214042605
-0.17232843108678986 -0.5349630435733737
0.12473933720035646 0.8582008767958893
-0.1044428659312997 0.426757035059232
0.9864722449139687 -0.1611059502237484
-0.13274399368512335 -0.4159082350201526
0.22733753258625167 0.24809543198006523
0.6874164766117734 0.5321993566697398
-0.32048046029881005 -0.29180589038801075
0.6758135294169141 0.3278755812150287
0.5846450564124559 0.30386957263500913
-0.3096512261330817 0.24374004980865882
-0.05504178278616867 -0.6874070968680672
0.111426679223245 0.9219023437787435
0.5740286074956602 0.7657682825981877
-0.43995027378172225 0.2317429267621609
-0.07768412847412898 0.744018651470052
-0.9860867657318444 0.012340185075286447
0.13258202877443126 0.9712989716600633
0.14312251065941384 0.15185473772109503
0.35301502010581176 -0.7587317527864537
0.5827091348324369 0.4360060719083505
-0.208235597826254 -0.25471440885028285
-0.39947547401259476 -0.41427168615580645
-0.31133754950406534 -0.5794105169153105
0.2574255469501552 0.03041370146770106
0.7333838913406583 -0.6653378148562146
-0.15469712418219572 -0.31983111299284506
0.5114979673069961 -0.2105692233045291
0.03882422050812018 0.4008744495360135
0.2694553616862623 -0.07179794788055283
0.3394908515201356 0.15584171210614994
0.006782223027162582 -0.44711913711137674
-0.4842494848932162 0.7022173690062263
-0.005646255146886547 0.34453913661534274
-0.0843195833116519 -0.24856554571602296
-0.5630336055048177 0.039237785992726426
0.4059220241683319 0.35363874400970663
-0.8695993616142395 -0.07417843834038806
-0.4694050397360412 0.2855202734584732
-0.7382217286293717 -0.6725057996432022
-0.7130372085282124 -0.11690332552117622
0.20666237407615062 0.3324167503868942
-0.58341574200685 -0.5328207386202768
-0.484210304607424 -0.6355694681726733
-0.5902332865519102 0.35606731751744514
-0.7294130311160447 -0.4425996225053792
0.07461492673500025 -0.9529636761773608
0.7643527195726276 -0.4153405744754357
0.10531246764064606 0.48102296148086876
0.8996657263930752 -0.4052657810942357
-0.1390604063099634 -0.589383362846335
-0.9130329891818367 -0.23689404377384093
-0.3619398239049183 0.35602158783702786
-0.530281064908315 0.38315456074477683
-0.09607516906259583 -0.12716438455864765
-0.7957229822655705 -0.097569579401934
0.659575728450299 0.31532256577607587
0.34094427752768364 0.06266698327533393
0.10388953889805919 -0.9535756065239358
-0.8833844144915557 0.19034955772362294
-0.03418392872601106 -0.6710698253264569
0.14671055624185292 0.9840882215773783
-0.9010371728945819 -0.30292274125340435
-0.06223081281803422 -0.52466143859069
0.8300402638347031 -0.10003420953612174
-0.031185368263190627 -0.9434802196346237
0.6835409994614776 -0.05998096954929699
-0.7016914053364385 0.4069288496083876
-0.05231085619807674 -0.5938008547676776
-0.9205735300865587 -0.1955242552368106
-0.5201454366270777 -0.18377605344634929
-0.8111690373123133 0.3934588275321429
0.5412771780034569 -0.035015668192700966
0.39609531547190757 -0.07792525354251945
-0.8326683462766966 -0.5442942385558824
0.5041340674994363 0.8442814434423198
-0.3642964129294868 -0.478939726339328
-0.25985940599523305 -0.8964120040494041
-0.005255193329532171 -0.5043261557968781
0.33638042042241323 -0.4029803519495181
-0.14710116775221294 -0.23662940273173816
0.8136109678043495 0.178533043711413
0.5298500868115277 0.5576534016432568
0.11077490385090227 -0.1882679476367004
-0.8537949423261526 -0.4165372834842651
0.11889432220045903 0.9589166845157822
0.3650035286454003 -0.47332290936622634
-0.05887148734266501 0.9240281230249563
-0.9852100713038707 0.10489739943218712
0.024645424547004247 -0.8684220823777611
0.15297182128886577 0.6501560136473494
0.08685529765937483 -0.968809456521295
0.22158426564342992 0.6203988256086415
-0.6300778795473552 -0.5966174148601893
-0.38651524536741544 0.5052751829479056
-0.47687537433634586 0.7637833646866745
0.3838105481755585 -0.43446160360765806
-0.44560662531049733 -0.2086425888428045
-0.18878105548876523 -0.27231978894593434
-0.2882527399935113 0.31963573715465254
-0.5286398189266883 0.37543717849522773
0.16510262121727615 0.8412708476738355
-0.7058634463372735 0.5027368896439468
0.26312541916022547 0.42824301924153674
0.674532635840003 -0.1448743813424589
0.5306860863869012 0.7793484601118765
0.5148058180768631 -0.4550377487956603
-0.23299325820496453 0.2026037404390033
0.5312825541843247 -0.42919013293648356
-0.5653806629417579 0.5364841131138374
0.39173676959486503 -0.11514469268078531
0.2436404670846557 0.8756638673602146
-0.2457449695984284 -0.31069132279920164
-0.5425004925603516 -0.5988613960190623
0.11195920366622225 0.2658696234462339
0.4675673518090555 -0.11834437891633232
-0.8527846774030614 0.12567748679448365
-0.4345508307658248 -0.014466592481236829
-0.7855203446374714 0.10425243441332022
-0.20443458636145184 0.22630151168219848
-0.43949194090117216 0.021456740225140658
-0.3545630885704232 -0.7402078477968714
0.13278829888442112 0.4243579636064321
-0.3697109756402108 -0.23410949104313783
0.7469866569907198 -0.38969676130783615
0.08466450857356178 0.5891736666118386
-0.46986805455702396 -0.39449291945062503
0.4586915426158156 -0.2637645935083468
-0.43154976088676444 0.361555131513392
0.7166643283017302 0.23724748520788275
0.06600788639947663 -0.8753307741911633
-0.8166018190677842 0.24568682910738127
0.17119734359094774 0.2074769698210146
-0.4459308596353595 0.6402746057969899
-0.2503494675186637 0.7592887984481191
-0.4096720998597889 -0.7478863640788762
0.3184179526134434 -0.5394263007594748
-0.3641249740713757 -0.2743070456988732
-0.19691786811061274 -0.8346196987912544
0.9587201562868786 0.2149576027398703
0.3007878323187616 -0.4356884427348351
0.4377079690195651 0.15030516609102196
-0.1889605958070566 0.43183173752967763
0.5351882771807543 0.5673189871589837
0.890948215701703 -0.2283493322655763
0.3631435637692515 -0.7666632610750008
0.08002085422905303 -0.18484283962728232
-0.16403180948351626 0.15783777140005228
0.813144329250824 0.027456204926150862
-0.06128296126130883 0.6900053388595853
-0.6295176624648682 0.13302468350388752
0.4981796312431419 0.4445174376982257
0.22097104300036352 -0.9259264730119423
-0.620171131849315 -0.5901814086811816
-0.04885400987775701 0.5733588457490995
0.5821465336192233 -0.654743631116441
0.10269817128774594 -0.23926898592937484
0.5472498518796234 0.27755282698263306
0.7402792577892479 0.044752480990811305
-0.7452797088119512 0.27876714465977104
0.1463274658744027 -0.7982355981521458
-0.33542439803558866 -0.30559525008152355
0.20627233856556026 -0.17034483100851627
0.19582342770899697 0.6459492618600542
0.029274796125300817 0.3344731400948002
-0.6881495251151206 -0.07653698241812967
0.1570203205404943 -0.8821095019894916
0.16352164571783456 0.05550566487583852
0.004232405893823232 0.865792575813336
0.1946570998106012 0.9430660725790279
-0.23621744186681326 -0.20815934264640146
0.4498916067077312 0.1726613257210745
-0.4418048640370633 -0.1008749658508521
-0.2956908447437099 -0.8832150963960934
0.6850852495374076 0.45678069567215873
0.2330994655987153 -0.7920263643940186
-0.4824073205936594 -0.05343936446413777
0.391739645388004 0.35057761263936094
-0.5556519646531701 0.0689571769978714
0.06735953291221164 0.8700753058835824
0.11346720800835919 0.7018054823745161
0.6612908602003154 0.7469814758309603
0.3089720809567955 -0.9057891610236564
0.47623296665975756 -0.7880966953482516
0.3105486233369539 -0.6145175319596139
0.26142896488430756 -0.2072096145915303
0.20260857471945615 0.36601262393634215
0.1287744770953294 -0.31881159309145923
0.41882040228545137 -0.6952619346510789
-0.42341842536341034 0.7050168383936251
-0.6040307758880323 -0.007039458043118563
-0.06659588372217096 -0.41139679579415
0.8089231897109697 -0.4347383528006272
0.5779075977776802 0.19845719337501522
0.08374797882449236 -0.3270861924985051
-0.5897476269070108 -0.6624841153316201
-0.7654470563601177 -0.25271923315904976
-0.04312173463047553 -0.39702783467477953
-0.10632807975336656 0.4092512002937403
-0.8925915083672022 0.13517943796591725
0.9393996745154671 -0.25289339091341967
0.5742186283012087 0.7078115847205522
0.48678065904061607 0.04649738279266158
-0.03202353437315719 -0.6313501578272764
0.46549773569849595 0.21935267376479817
-0.719313705824973 -0.32413939942150183
0.47267716342270005 0.5315413991436704
0.019961566006008846 0.34780673820992547
0.8623637393093557 0.3703973760663293
-0.54552526211218 0.3577227759575683
0.0679150709712395 0.8921158121064012
-0.21199308939316652 -0.2783521183069111
0.06792881745966328 0.3491913531616708
-0.2844713533757721 0.724884723325492
0.7163574328325357 0.37212936722035184
-0.7327427246160536 0.6788918810260314
-0.9658349543255251 -0.19291916198226677
0.6729278270653989 -0.41724831584404076
-0.8209458726450976 -0.11967871757827653
0.7283364810703545 0.4518023889478957
-0.3372680125238485 0.24488565354644298
0.7324341540819312 -0.49931399249458663
-0.600148895249407 0.08408706069371408
0.24727249622388592 -0.19797600829685202
0.24847398416482425 -0.7512563005898658
0.17353204057153993 -0.7104486530255432
-0.2705883268754672 0.6758820616467061
0.44809594046845014 -0.3869251507592799
0.27059560878048994 0.6516514363067432
0.26876517417050927 -0.1863205116708968
-0.877904516387565 -0.3031413135135017
0.5108776130559787 0.5075269849879986
-0.37680200094921834 -0.06761743454642377
-0.59418291307668 -0.61031004390464
-0.2046568371694888 -0.48568451655492173
-0.4938023203379871 -0.35808581062399125
-0.7146224680058235 -0.3606454921758939
0.0735063832747549 0.39420280123764795
0.7165664649367716 0.2828597601290477
-0.16437578200054448 -0.1264518043746201
0.7595137415102078 0.3381319022292133
-0.3562766222328404 -0.8570871830289004
-0.38998246827979033 -0.21640205392272427
-0.5446374407555541 0.626518656653704
-0.050541364007584244 0.46833135284448413
-0.20028091071089293 -0.3768026730201264
-0.047817645319753854 -0.8786209797036784
-0.9391025152468628 -0.1066450613506933
0.4974151276600278 0.6926436043577269
0.8808059082950435 0.1847485553747119
0.8052219167044379 0.2739311301706917
-0.6138130993301869 0.14866151075408052
-0.41271639212740263 0.8273390334194071
-0.141052447658222 -0.9822671864532373
-0.0880233538169477 -0.9509450726611353
0.8656250053492363 -0.4177426566626905
0.14199084945063012 -0.15242157789342548
-0.5621047045254695 0.29881540481759306
-0.14928430483257338 0.03924465628977103
0.17139589468699157 0.6928179225699713
-0.046363096139098836 -0.4587823307952268
-0.09943547633962191 -0.007424616180860655
-0.18100404919295077 0.19844718256643
0.6671020730375496 -0.06295086961934993
-0.7536255013689159 -0.5433554328950376
0.34345085558878163 0.822613553171256
0.3294289094693317 0.19592030996351917
0.13265719116537777 -0.11845387141452712
0.6837775511689708 0.060249946086449846
0.09263744027823329 0.6872813961848805
-0.41354834535162865 -0.8126402225643738
0.41563274259783056 0.725903162714322
0.5982802553515003 -0.6789476884690628
-0.5605595915415102 -0.41447838747302757
0.1410984876865249 -0.3370702914782153
-0.5153655725881612 -0.7911559373457251
-0.15342215755254185 0.7644858226167568
0.1362616296102419 0.9409439860305087
0.556295140257445 -0.26433708863841376
-0.7905530960335976 -0.048362604468809245
0.9280816899021205 -0.09355824789966216
0.798617352971076 0.06728401828297903
0.3550204843022424 -0.3198992256319255
0.21862985150355518 0.15306786327429855
0.7967665524899972 -0.18128350489671363
0.34669403167044255 -0.1788805762077863
0.4556967920384851 -0.14808882082499153
-0.28156807925868077 0.7671965346472429
-0.011031597810931437 -0.8468201381123841
0.6900967299133134 0.15341570256428683
-0.4145944746802255 -0.32839801319620077
0.7255456812539414 -0.12897983031141713
0.7012762502514169 -0.5948849942619316
0.8075037239550464 -0.07889081056494329
-0.7559698453279176 -0.5510577433481447
-0.5328946791293396 -0.016216694557609213
-0.1575357540595872 0.19250208569997973
-0.6234051067931823 -0.5237396967974288
0.4340407695553994 0.3497480634840049
-0.007230051919270286 0.5710745776496473
-0.04108890613058924 0.9492864009873327
0.23058958399674556 -0.1621661766933502
-0.5591843737897599 0.053547218563867016
-0.08690895434011914 -0.1866229127068184
-0.8442161966841795 -0.2263734675765383
-0.009548338334794737 0.5062658241973839
-0.26111092061564745 -0.719919487300867
0.5707128541009303 -0.24263356781718937
0.26031236502041377 0.25044980808658956
0.34828205504542264 0.4274306246220474
-0.9335617991290774 0.3261160915587389
0.7094198665510618 -0.543990993966663
-0.7411492232648558 -0.12392743803903228
0.49921894260090105 -0.1980180256450388
0.328713657871299 0.6597862755756609
0.05682593397883062 -0.187018655239932
0.3340262666580476 -0.584358895567251
0.8405066904917591 0.4383026250048869
-0.1315068739407501 -0.7601736278339684
0.8536891677974563 0.0830731449434643
0.5427140218785989 0.027816533094257467
-0.5898658235617822 -0.06314517623974947
0.00596081838364193 -0.015322232223672794
-0.4252480810869199 0.2667649965647001
0.3340896063201324 0.17324553612033333
-0.3935971734505759 -0.6279782802762564
0.3039908941299092 -0.2680851517402061
-0.9389705054449997 -0.1687611124644841
-0.39265785863927904 0.330014193009857
0.21519731121838914 -0.43593283076370826
0.842468056705828 0.3400812495050656
0.4647072232625489 -0.12242772546382552
-0.7641000200410213 -0.109613114893099
-0.28382091050175107 0.5350972962158438
0.45527682651527246 -0.3497639142426823
0.1038543626712054 0.2848811606876893
-0.5666015218890541 0.20983572516498916
0.42457030940672746 -0.9050350585900571
-0.5579859183391953 0.5105589638730053
0.5229763484053294 0.09988772189705508
-0.41490179710726593 -0.11185362956642497
-0.5405988933972035 0.7068194365535092
0.349292119802463 0.6523748843793111
-0.11244133906717013 0.12267326830095304
-0.28868533741611624 -0.3588926035831208
-0.6349380499002659 -0.13583537079063857
-0.16431242028864768 0.4637053940982854
0.9224263189264128 0.35985676967172986
0.24665743116465366 -0.7400526962661698
-0.6183097001215188 0.36571978455330223
-0.9522484833693097 -0.26507861931483667
-0.5505694780686765 0.4900710600088296
0.18296171253251026 -0.18117808219135467
-0.7133006941766271 -0.49624206201138454
-0.10718826752768451 0.5239645701972317
-0.4265920387273947 0.3563022160278291
-0.21657904547322282 -0.9118071475064613
0.3756235399594794 0.1468754630033886
0.6405695911944551 0.668995692147532
-0.3604530528083085 -0.6136139273813739
0.38115346323532884 0.22237971670257006
0.38472290659432695 0.6576315028356674
-0.2855596491937349 -0.5958240101557313
-0.5675205710790561 0.6951605732269552
0.6201173725089613 0.1759790605660536
0.2226577083017358 0.18307532698461748
-0.741485406774179 0.05827932555768678
-0.7666639677556748 -0.21691033516545977
0.40231145633778764 0.8252958823304868
-0.4772162235016577 -0.7189137374781447
0.21662904853184073 -0.5191155964738869
-0.6843771270540011 -0.6330422919265837
0.7004647033706961 -0.707053503072069
0.4510304129048681 -0.7883217805442719
0.7096122749889333 0.6553339499933359
-0.16845735587820365 -0.06957632486590382
-0.8173426981696648 0.20377321631705803
-0.9277279958648597 -0.34456384547323826
0.9980846217464137 0.010417829730642536
-0.2672766157351216 -0.04004281285983691
-0.18689941653621478 -0.922080136484611
-0.6000897486551835 -0.47319947845598387
-0.3754224155644139 -0.28337626483701084
-0.5206990035682884 0.36418104237949933
0.618496169994059 -0.7401753351961793
-0.6682953059840435 0.08016236807065247
0.3269813181072836 0.4222737419915985
0.4697722751193558 0.39249075096986985
-0.6858529423605839 0.07285011178728196
-0.19672865495258773 -0.4984100146687862
-0.9197517519766574 0.33574461485359364
0.2425684768803953 -0.4285383116374979
-0.09797532284995936 0.8136387419861706
0.5285131290636629 0.5525181157007302
-0.6848307469667263 -0.3915320210664939
-0.5256470322106335 -0.2434042630177169
-0.753028384949229 0.3524069689813423
0.6334292445950758 0.747915692342624
0.3653377321240876 -0.147046872546031
-0.4137601224609395 -0.19306817471752669
0.4072544757723744 -0.1514594293695377
0.9765827798436624 -0.16184264587707964
-0.008787736781485478 -0.09549791429852728
0.6175415695130151 -0.6104810862343206
-0.14534410135331788 0.24320178610204835
-0.3708644540279462 -0.40425070541409736
0.5896847376400598 0.07725098985361267
0.2202592374952439 0.2208418194615196
0.32534654241168703 0.6051983150400391
-0.9072830971410226 -0.3773872408020049
-0.43143304088859646 -0.8743610217749878
0.044159949342002625 -0.22289184942816798
0.05845157774639165 -0.28454179196461604
-0.30403754904910296 0.6577960046764078
0.4104764518842281 0.8606108357345246
-0.251416944684429 0.09351043536392822
-0.3205573994658826 0.1993976881009305
0.7968109339640244 -0.4979368679699425
0.13054245905660977 0.06730840850897435
-0.5702929973583142 -0.43548653823081973
0.0012996690316928738 0.7033920676026801
0.5326808339791256 0.7676469231380214
0.3698497493178592 0.7887115220256309
0.18177503583089094 0.6407091398056219
-0.46272869190619015 0.6120936532981109
0.82907590278962 -0.23043878055458555
-0.6037643082257209 0.38310813129254373
0.15670081497803112 -0.37060613354556593
0.26975292988534094 -0.21510018241903373
0.6721128090470523 -0.7064468292323869
0.04966571474907355 0.4844236134392188
-0.6016515331074013 0.32209697327071973
0.9257796455172598 -0.3560982319136159
0.3354490872189939 -0.7385359337433581
0.6920274196805116 0.2619977556083186
-0.23394335923256548 -0.8501047112136073
0.3591138244357115 -0.03645679081756481
0.5931167714121179 0.5258474713594505
0.5124794241696133 0.2461878814095011
-0.18480784985657994 0.1160404262763588
0.4245095839965607 0.8951736072682932
-0.01644091253341462 0.042418647709649315
0.17276177134138138 -0.824366896207777
-0.3580359542845062 0.23522681772954557
0.26575725842437325 -0.03310480067724164
-0.6920393511495544 -0.022296079820780745
-0.26318791426585686 0.4171519759186364
0.054536833969366594 0.15932422209022779
-0.14650148426613518 0.2903820067610987
-0.1581339181771475 -0.8976135438703483
0.5768682793890141 0.5177866476923905
-0.0486922607379332 0.8647220698587255
0.34626379556926135 -0.0023648756385390435
0.07776027784067097 0.8217965737332713
0.5076942182908961 -0.08640717550165089
0.8548924673777327 -0.45878375310333164
-0.4628422944917614 -0.03429894738310235
0.1820181609758318 -0.4479063196407902
-0.19941218776005232 0.6082561007358194
-0.2849053768187917 -0.02634654018578919
-0.7697461379892956 0.4681657461706632
-0.903932407925921 0.07348947125107808
0.5888154297627421 0.5593979904927151
0.7247943220586128 -0.05807689900153745
0.23580579015895942 -0.6491728411420561
0.19843025050952168 -0.32056792207085016
0.018846164418994782 -0.11282304910590768
0.33676891107861007 0.3733282398532296
-0.4219592268014405 -0.2633397549630876
-0.5399162812442226 -0.8351186699715103
0.3641932405724413 -0.38339605069811844
0.5702458647135855 0.4774707529457869
0.6435671444578881 0.6030730283083185
0.03869955127833147 -0.17961816420742616
-0.5570379189734485 -0.6193788504267024
0.2640495364824542 0.13946699136691643
0.011004161355498088 0.4221880809085947
-0.2605210593857177 0.13831119511567302
0.6313338686276331 -0.0018833491457446172
-0.30003900001119166 0.49439353429910504
-0.0031832923799084423 -0.10041795768519357
-0.8457695640668104 0.368745257672912
0.21166928641339577 0.9077018479205861
0.25348797673136825 -0.6051890526305737
-0.5486079948173621 0.4622038788760181
0.8747834847377451 0.18076725981257336
-0.0010521798037768093 0.8924595981346983
-0.36087853925895774 0.7856906328603519
-0.2754741627132602 0.5576233911735933
0.835606078545901 0.3353363314217652
0.3602874957950717 -0.577632237549127
-0.014321640068966746 -0.02778958553143096
0.24717379154188368 0.28258564321946755
0.4553698782136262 0.32961231346031994
0.06691507669658758 0.9137502150831323
-0.11195419089065095 0.19778983970621722
0.49160659295988585 0.8306260385624928
0.40003082858638694 0.7522148288415635
0.5711672579702571 -0.5636894378189321
0.5658946735561752 0.6090689944392684
0.5048368283289133 0.09174604602585679
0.3559343230693863 -0.7147297099609982
0.5979486939924763 -0.21532996802942583
0.49518463502191934 -0.2816925026408392
0.20085998491585833 -0.7149236085519639
0.7833309461294662 -0.1307035424367351
-0.44864022633667755 0.4881610901255915
0.41054903412669286 0.29109993325378025
0.5195827767082704 -0.434117114000488
-0.22898491688012435 0.49684930169971664
0.95802325124939 -0.11590233143949868
0.5691570411091011 0.2918801655633976
-0.3524608798690454 -0.06000193295202405
0.12047441846526574 0.8425976614969626
-0.30772318612755334 -0.25893200955661944
-0.5092986614836061 -0.405261771964206
0.11517610683619961 -0.6985397734961287
-0.7988198647245459 -0.2932003827903762
-0.27554069681397175 0.6833972989191861
-0.8552811442166235 0.45598038002015895
0.23762717899481478 0.0640689754770225
-0.20025548170851515 -0.1354349160279844
0.7247477780611848 0.39261781539493
0.623531076097162 -0.6025193268491913
0.3989558369036872 -0.04099937375224583
-0.20387654249171172 -0.7117902078764089
-0.028782191777983135 -0.7301115409552534
0.021207003721932738 0.4862322454467656
-0.8472222425040679 0.37309097828616955
-0.266397482787295 -0.8599364410150772
0.12333788760571696 0.9146210692582692
-0.13610396724154294 0.06773370602196671
0.8676369693806911 0.2284284038730775
0.17580086095595138 -0.3099681074486784
0.6631244711593138 -0.3910914374927541
0.2477646190378633 0.04606448171002597
0.6061645808847331 -0.606695244690109
-0.16023648740886176 0.010759969655242285
-0.9405448807147356 -0.22865476792193973
-0.44990484390745134 -0.16909746118506086
-0.15586056662924785 -0.45904934793335395
0.2588315819483229 -0.6554081905395241
-0.24406430927450273 0.7388763181394387
-0.02801664507754187 0.9828468100532788
0.24679899406241224 -0.950461703511422
-0.24468355141987153 0.8272455609178389
0.002406444088507431 -0.22969862547216247
0.934349500281739 -0.0015743953423257295
-0.2564590018763089 0.48930117903204606
-0.9299230940754082 0.0011309900163627429
-0.9117819780593293 -0.24400458982453022
-0.5389805467551558 -0.24410987409389473
0.05138419346189149 0.5890227481358503
-0.13572187480981723 -0.9691590092276974
0.8491687639767707 0.46461525523891667
0.2783860223230785 -0.37510825875903087
-0.6791318579803931 -0.025700568991162243
-0.4774571224573265 0.01453541786095025
-0.9170249052002368 0.1957353788317937
0.4897997549761406 -0.23432175324997995
-0.11989130215264487 0.15631164187475322
0.11886093250288687 0.26206463100123156
830
-0.8007090487968234 0.4336603699182706
-0.5172526352898819 -0.3741696750976724
0.4027511977845968 -0.01790793287986725
-0.6759368228271387 -0.22374043839754942
0.6295994357292278 0.5178744795484098
-0.07852941751213716 -0.41901641277624546
-0.5675159478001537 0.39106878096177633
0.5493995621036414 -0.27703846924858166
-0.22363433472906014 0.7213859924988912
0.010602630156393067 0.7230247309750479
-0.05103372475815027 -0.9468245788617178
0.9685806209455068 -0.19535432873025527
-0.03151000826438688 0.5962210779749049
0.2925697648933274 0.6534578788715266
0.2899199245608117 0.06312900306517699
-0.3221451941499254 0.8820793805275033
0.5353975145087657 -0.6058871176323557
-0.8980948645592424 -0.20121348880558076
-0.08878069792457466 0.04099361878404517
-0.4379406907853476 -0.09873820482973472
-0.08029778207636484 -0.7155817678028435
0.7492570494840143 0.31826319137278913
0.10400467250106038 0.5162742169143608
-0.3224288553368695 -0.6793603336310383
0.33169399726813875 -0.2688512592000467
-0.35094869260800343 0.8169346731861706
-0.7343157136157181 0.1275072378275377
0.3405851738196768 -0.5011121380196497
-0.28074216191018975 0.4580394804278878
-0.5380025581370476 0.046928092855726744
0.22068324274228623 -0.6882541052574305
0.24798006263828198 0.3575736007349093
0.2600407179146347 -0.3064013161374899
0.3548334975298213 -0.28149612478878594
-0.5342558140399256 -0.6225586403972281
0.2038002944049897 -0.27731038760134297
0.37946472054914393 -0.10660239253950143
-0.40111577379047936 0.8800399829505565
-0.5743884657254479 -0.6190672358312488
-0.12979029915239693 0.91163710708912
-0.18408572344457652 0.8408447596752777
0.28861112026895785 0.6676781730376067
0.5760989790627751 0.48756216340350944
0.7730849383843812 -0.024822337497491187
-0.0596558164476475 -0.39125104839042857
0.5528964395066056 0.2604823661438658
0.16096329365810402 -0.8622980512907181
0.13806834426179249 -0.7123233794859876
-0.4759300955565102 0.2303926892021897
-0.8259959626441109 -0.12003694452748692
0.6094702278669715 -0.638010396272989
0.661085890189627 0.06814530273574038
0.5978417984984963 0.19797162620289765
-0.6504132536064444 0.16352399926845207
0.4859446148191229 0.6312706889510797
-0.08417416339195904 0.04700551827790922
-0.6003139349194713 -0.40123366244508873
-0.29264178567034516 0.47651247614034054
0.7386921237883177 -0.1472655507686833
0.07353445140565684 -0.8714940754775893
0.43510499392319346 0.20336370176343288
0.415241140217971 0.003736667342819855
-0.6415179826572497 -0.6914703613206554
-0.38588493731816476 -0.7309606143661711
-0.4144280889302523 -0.07740589504120066
-0.08068887285646453 0.5875973609252219
-0.35804089856849863 -0.6334221399280926
0.2512190425371208 0.04708577129770131
-0.5635631277488595 0.6843680497074682
-0.35891570287431307 -0.7214705634527645
0.33733353108316533 0.28017299635086923
0.2654944297412827 0.21040427002780482
0.8196040105205178 0.0873345690071734
0.7675210990309649 0.4067079999351786
0.15410694838268335 -0.8410427159428218
0.8353348441461539 0.16766044129308844
0.41699800167159085 -0.34531247663564857
-0.9085684988356457 -0.303339378755344
0.15863211096877206 -0.4672238779163769
-0.6873269069845003 0.36588777171111064
-0.5058366892050286 -0.7765077002384435
-0.43875865939104974 -0.10110156256239677
0.9082933486636637 -0.4062477581200863
0.8571849116213541 -0.39989402935784435
-0.42110953274893403 0.13528075760962355
-0.5221089218864177 -0.5760181882672173
-0.5938411091966636 -0.6642806836860811
0.864727113650017 0.4023745758610575
0.3619374265403432 -0.43957707299264603
-0.5833989966121971 0.11042925559181871
-0.04361203820896642 -0.8279219041141532
0.3704613003193238 -0.26730175308651294
-0.7215945964335235 -0.09755334488141365
0.4552764606698283 -0.1911451484071105
-0.22837023544022728 -0.855945647916234
-0.7947250315205996 0.20718077012347513
0.25812337457811907 0.6275066973609411
-0.7132829423829541 0.6516230088792208
-0.3569707706069103 -0.02006432009177872
-0.5948405298619861 -0.0755284457273997
0.1833532576366057 0.7767095704314628
0.0005654516877879878 -0.7673966034982294
0.6483776571462319 0.1924951250152076
-0.5049355067192804 -0.1974887062983346
-0.40493744030473144 0.27285505355669826
-0.6032120888093526 0.5065135137614316
-0.1683226653587302 0.2063657877727103
-0.02277593209737705 0.8773051328867862
-0.24845654899618164 -0.813334927895609
-0.318858871574492 0.20814275542899163
-0.09555919455490858 0.18025013639774157
0.9090598242616148 -0.321596517786396
0.24978786661238206 -0.17926066897293347
-0.0691741849897749 -0.17573972524000636
0.4932646392968669 -0.8497064706064474
-0.21672361625037295 -0.08394314666656055
-0.4787937007571603 -0.1495107938923781
0.6336293836841018 0.1195543564881063
0.47972413792138946 0.6409179525823796
-0.5316724089828802 0.5906553512771853
0.20642641654305183 0.6612156033742727
0.4761086851909939 -0.2319822511013565
0.08051431866988179 0.9850440776143619
0.8883999359803176 -0.4503166633620539
-0.14949552913565944 -0.5422075843504353
-0.20759923051802542 0.8590345751819484
0.20117688471729878 0.327063741085055
0.4008224105032925 0.704445632090879
-0.25653177149853734 -0.6281342865495079
0.5178807260334617 -0.7269325267335685
-0.4322160872435543 -0.8169509260704468
0.040437654056465044 -0.645666051413968
0.6281267763623593 -0.599246536804084
0.29735781402979966 -0.3052668889321515
0.18287056565065218 -0.00687826516178025
0.6377724242328693 0.013557697839013727
0.32956414232250486 -0.5438234123954526
-0.03788105035377454 -0.49078129446752516
-0.05606817499197425 0.24584376389748397
-0.011608643337285285 -0.6140581127475979
-0.1550984768421786 0.33905467355442487
0.8311625357259049 0.47007964952254855
-0.41057526861691573 0.20187076853116603
0.7473581829216711 -0.5348931772502887
0.7449865782369813 0.012080763452138488
0.12022162870247222 -0.6415266806190267
-0.4335086497681555 0.2331554888345142
0.16212835152699312 0.33086071205154943
-0.34158815368476647 -0.9322017832205363
-0.3588326734661844 0.5485565100126533
0.6454464364358818 -0.21453292736831386
-0.43652067336581135 -0.5701608731182026
-0.2348975572914871 -0.38545199771191885
-0.56073939329583 -0.8149776873488765
-0.3224782420704142 0.9237531748883461
-0.1562378716415338 0.4758566787583185
0.6228595129079477 0.740900226862176
-0.12255121443819061 0.6455317838578127
-0.042529612660934246 0.24632166082530027
0.08679489624620507 -0.057828658931494026
-0.6631687899248211 0.2778236259000679
-0.4939470939757209 -0.6615766144277582
0.6631466728380173 0.3611894039766903
-0.27765993197349803 0.6465594366256258
0.2305827819314279 0.25402022475953845
-0.4066156932159961 -0.7481375350197086
0.08787572512619368 -0.18056886290016627
0.06651366146658844 -0.5738020890371696
0.5041676179018963 -0.1614328937888232
-0.739641069730326 -0.3797875165724873
-0.3080399145597452 0.4762313840415964
-0.2752668995803236 0.5615962195036186
0.0997035263044328 0.20262628559789375
-0.1911201294815852 -0.7065343702939562
-0.6050389105573855 0.28937225733849137
0.7607373162321851 -0.4021574454806305
0.31622759375450826 0.18462148410967494
-0.10267922518940065 0.7501936896969361
0.5884417949385627 0.5925445462656806
0.32091398563518636 -0.47878678882315695
0.2570953295437317 0.14131946936784812
-0.4718423249616419 -0.09168415285814091
0.8808768353443366 -0.2933058250163174
0.03273987228343733 0.9043643168851663
0.088173163419627 -0.27621473332969937
0.4646089809982217 -0.5926329373794075
-0.30175504800451414 0.40949157444730155
0.36498965867743616 0.17802739694992398
-0.18268905855437878 0.7043643477164381
0.5744986264098084 -0.4071062678192885
-0.26194380908303905 0.590093656963685
0.7115810719268305 -0.4184857768906063
-0.6067723784147769 -0.4510759737192138
0.9622993401026769 0.06460266963447792
0.3526199817218234 0.8958281913599391
-0.2796237175970091 0.4530463711642292
0.7087907006312144 0.5032612463513402
-0.22205215648634336 0.7223316078325488
0.2793337425595597 -0.2031526152487111
0.2703063260686891 -0.4890047576928942
0.054260028029416985 0.6700753389581506
-0.6758660853729208 0.7337298893578725
-0.0797811803477011 0.6631034229905732
0.766871121554912 -0.1437634466436426
0.548868967555652 -0.744862412916256
-0.6858520729063382 0.35131212854009264
0.1601281689152394 -0.025176235217253096
-0.1667892196970029 0.7827537036662604
-0.522652655895607 0.708850242885726
0.9238167934444899 0.3118976506086213
0.7588579074964521 -0.5596433594485428
0.005777026700460652 -0.8961054093157785
-0.17525360938480983 -0.4165298699987596
-0.1437166169030708 0.7464826322186391
0.832950719098136 0.0022107495218470774
0.44302165226808765 0.13072662746329256
0.34818401993607995 -0.5410801025605863
0.49485589765027305 -0.14624949802519915
-0.2270162738432664 0.4906787843128879
0.450025094553159 -0.2640731889459438
0.6127637264169068 -0.16437541423953173
0.2849566700159176 0.3061106598397434
-0.08574806946234337 -0.3595893476206995
0.246524663408056 0.18660923928115358
-0.6887113549003601 0.3722514533282848
0.5643428760029292 -0.4011106518871801
-0.006820356597676769 0.9426587459035922
-0.6571349644471538 -0.6588846525197571
0.3514638667915271 -0.43941169373054945
-0.02552174627321424 0.7906943962431052
0.3839784549515697 0.8712756367011654
-0.03826582616233587 -0.5021399244829647
0.2877168303385562 -0.6919010691720247
0.29695690770781735 0.8100905609074156
-0.3096705154018089 -0.3859920689205185
-0.8261382592849975 -0.183709194459295
0.20503873002250916 0.5765187170664263
-0.1367480598842996 -0.721698440971537
-0.5503867494997181 0.5744588893637113
0.5685215833576203 -0.4114945637457077
-0.14473633810661202 -0.7869562487064783
-0.69142343667593 0.6696443090184605
-0.1571284491211491 0.07098092562080938
0.13732911419841098 -0.9143442078621737
0.8499650173141777 0.17577278906743676
0.43353863397388315 0.8248259215178477
-0.4190929934852954 -0.7067732066206938
0.10492506125914658 0.5470682557889084
-0.5367544400883466 -0.2802487700549914
0.42001344043122346 -0.2609060462487036
-0.34826024551873247 -0.642020426732056
0.46586650676071306 0.3097385204473524
0.20340851663941018 0.025761325003538893
-0.4593865227958944 -0.32930403370310524
-0.2441182911829951 0.3816027986127899
-0.49649339606729725 0.4161944739477259
-0.6672852182958107 -0.0911900958960905
-0.7261883134369693 -0.21229832107963897
0.8850531011024603 0.22992337356393544
-0.41218383258086333 0.24694753055497198
0.21692705232664578 0.13645167301090955
-0.8401828521369374 -0.15690581405247905
-0.47368907125118986 0.54224918514893
-0.0693357242931596 0.3557064628130142
-0.7921789403857291 -0.21259719288701495
0.31936353610293544 -0.8774625512502789
-0.7783160966533216 0.5274116585515471
-0.9668776988424899 -0.12906526708657728
-0.17878873365671422 -0.5413295992103364
0.8229362317412661 -0.2940196676172788
-0.17026099857405907 0.5174656027610334
-0.8553155355908759 0.4761556126489721
-0.4945946118674329 -0.5522983747166024
0.6301352532845239 0.4724849053550264
-0.47545922575881705 -0.14206283180726786
-0.041516939065459946 -0.10619320013966327
-0.34294471939231386 0.638442825737312
0.6594110601461602 0.6083526634124126
-0.27600343543531713 -0.042525004678163114
0.40246009651338177 0.2828397279791386
0.7753688663263629 0.24271522864577055
-0.3162398548988854 0.658345866132698
0.014328436695876912 0.5768115980226498
-0.492712349156204 -0.4122527597011594
0.29889117431207013 0.14540504414605948
0.42775142921743314 -0.6769347833223689
0.52581096621684 -0.6627932611911167
-0.014484991179487983 -0.08142415620751597
0.16997879242485703 -0.6917133783782583
0.22596278286027482 -0.1277814278754601
0.6684868694967858 0.37358308086873127
0.5458193473059534 -0.4721569941702153
-0.8633928107419353 -0.03176451972882299
0.22702448302615097 -0.8502876251052807
-0.2436194457230798 0.414598980886592
-0.05721623319868341 0.3286598702744006
0.15035399500815405 -0.058891599383101845
-0.5638462420536239 0.5009948198279948
-0.581473833632929 0.08565251195563328
-0.21300234672767204 -0.9735247689405508
0.4396696377918883 0.7759019882063574
0.1532381066940769 -0.07859933710044187
-0.2157366355935697 -0.9106351220735949
0.6387682947648547 0.07936052657126602
0.8937554169759081 0.0856100707012093
0.5635422738649225 0.6115707745564898
0.2879036892431108 -0.5330255140227709
-0.2720336777215939 -0.07133052010288066
0.11432108059047774 -0.6457486310886302
-0.6227057259236335 0.5168638892788249
0.5674743646977198 0.01065164626221038
-0.07753201850976921 -0.5019526261520753
-0.9027439647409319 -0.1962899773858704
0.4050374331955824 -0.7110945198833185
-0.11148681684330519 -0.030480648542252187
-0.23822024974437506 0.33028092628216665
-0.22024307788781017 0.4781765310205053
-0.7317406158722715 0.2938713731254847
-0.04209935776834728 -0.609354149325295
-0.09286275183382897 0.3074349244073262
-0.022108532282126392 0.2937508599621823
-0.7634105266154951 0.2611790027799119
0.07635131301472531 0.9575315773477724
0.32887276609201166 0.6673875092752202
-0.826836780316355 -0.28225267199245563
-0.3461688014983506 -0.7021872993511378
-0.44500748115513655 -0.8194371025116396
0.39338656637340197 0.4457144886864912
-0.04418428123774687 -0.7761670146480506
-0.6102311816946457 -0.6026911853712362
-0.5744524047413151 0.6390109036197757
0.017759094981031343 -0.8573973120229283
-0.6443483335545372 -0.7148431411539002
0.7422132313806804 -0.47642484379975913
0.33495370539711833 0.05613508804566991
0.26398056713557594 0.8146341668599146
-0.818186954998819 0.09146701417394443
0.8559092993362045 -0.343413148451466
-0.4688441456030632 0.7274608779436809
0.15036568336977751 0.5075321956222756
-0.10166468713260501 -0.1676178925129448
0.22220176168921735 -0.15440593085782361
-0.1884619190690875 0.4411847684582415
0.32648304366876313 -0.5250924502565935
0.42312142880257597 -0.4983832613018142
0.7764802943806008 -0.09783618000883187
0.7870891797245201 -0.3322309399305883
0.4721689737053869 0.37180145958562316
-0.21385981624086203 -0.30109427750202133
0.22595760181955904 0.44270790793655856
0.05462262183594846 -0.1802827918874188
-0.4322077787849079 -0.4695852530855964
-0.8344231641621229 -0.4200434033982485
0.34838825666800877 0.7456383375292501
-0.4205695761215653 -0.5927220791480485
-0.029477870738076284 0.7177605922008927
-0.44253764144100427 -0.14254425291506978
0.3308374487066179 -0.17392082893758531
0.12318859652763403 0.5223146701831791
0.07591502169647368 0.38358530249839595
-0.28934630185024246 0.8771139814267339
-0.501870052527335 -0.6210779345254018
0.5868425023590478 0.39861275192424817
-0.6342840426724119 -0.5920327085209263
-0.7794088773567531 -0.24139354217947906
0.2538716692365681 0.15362922981257654
-0.9258777109277474 0.2563052185863248
-0.009935644746472683 0.32656849488925577
0.22379909262860798 0.8936193293959804
-0.2999233666618877 0.707839592177121
-0.742355143702282 0.187853049140297
0.7368355602681469 -0.436637932256112
0.9256885512585267 0.0016514037193580133
-0.03035903257139383 0.03334768511904351
0.16034053368318624 -0.5996734494746379
-0.5786362714576909 0.5103900140822895
-0.8178292521754467 -0.12478556613334502
-0.836914787092043 0.22158536185958289
-0.5598394181432966 -0.7198953853969412
0.8072541926853545 -0.5756333433480605
0.43457904987278817 0.5321281675115754
-0.018179505858282097 -0.8455021304708281
-0.42113986039718965 -0.19938662602368518
-0.3326625726113246 0.34103355437678795
0.7524578907122272 -0.12232017615101265
0.3106923419428522 0.40894085189916196
0.23507151784720381 0.34498930077765455
-0.36293003426471726 -0.6434194769502128
0.2661075209242063 0.2968179393047006
0.5703490607314305 0.5989751646916468
0.10138261323531106 -0.7172845854213443
0.7510030267910799 -0.6335438600016021
0.6862208691692948 -0.5840341442443577
-0.6273460211792927 0.49755839994524664
-0.303060618085369 0.4742321347782137
0.3441302554315304 -0.01935168331344972
0.41950779936858407 0.14731495984751164
0.1197690270322247 -0.6645902360753109
0.45285823573777617 0.7961061129855258
0.6728658803131058 -0.07150986486562605
-0.12023369068741219 0.4075289715826087
-0.5168984303956927 -0.7205873930633697
-0.5143824816988256 0.4438942961140575
0.13369414669423585 -0.27203720995084013
-0.21327926898200422 0.746143353836658
-0.28082257039692626 0.6926983731401739
0.597336745199496 0.04810066886291553
0.6738759703882968 0.1297246725388319
0.2717709665851098 0.5892115585699509
-0.5555884831696452 -0.32119109293128
-0.5460236977714903 0.23690783822797323
0.040403912468979675 0.926476714979314
0.45903779897097907 0.5646621491682797
-0.4253082096329328 -0.44038301476618336
-0.5239592297119096 -0.592932426560596
0.8935186836614875 0.13876050460157408
0.24357129330807292 0.42417385596246504
-0.05539255027902579 0.7808235904780021
0.17243829797798305 0.23662557214645763
-0.48218279779170903 -0.6997495206881117
0.822706744262371 -0.12659422314902602
-0.3095431543653251 -0.5433566050653371
0.8418622204425457 0.22073453132214604
-0.49347672086173433 0.8058924160794247
0.39058366141770406 0.6116752136178516
0.2855782698079845 0.5792655492599335
-0.623926347446826 0.7750228354169626
0.5415107045104177 -0.3108093678887196
0.2667369525840837 -0.7788118399149788
-0.25564290730644346 -0.8482461639924945
-0.8743386407284799 0.42351270594829415
0.39884838809303846 0.5965350098058142
-0.6083174906180762 0.18651101187335928
0.9002817567023256 -0.1492345593324793
0.18256434541440103 -0.2767358749665314
0.3058575558843819 -0.09061092964843054
-0.6845843023698384 -0.14301527726770868
0.06359691560468073 0.35800327312740143
-0.642584303239869 -0.4798293003030565
-0.2506541472143542 0.7230933993546651
0.5952971280178756 0.6047296147220953
0.00918087643580967 0.15937922999914655
0.21165409620379338 0.24639704711567734
-0.39996496185537045 -0.4480262224516247
-0.07274342359610753 0.7008761148898439
-0.46914226653280156 -0.5564802322092592
-0.7842337705533347 -0.10518712067025326
-0.04838747966645984 -0.10943919034676419
-0.5733235415907352 -0.5049124448862934
-0.07560906897887265 0.6327724392846275
0.02375580427374091 0.7799919535921866
0.5256263805558596 -0.3477205991727068
-0.7309283703182836 -0.3908866151250965
-0.6548927123598247 -0.2989342057937161
-0.354589965757506 -0.048885029132206714
0.33275676729932346 0.26651710207277635
-0.3313917932720529 0.18217496458383975
0.6494481778240968 0.5540462347886883
0.8053826141140592 -0.05843066054610757
-0.19320977946910056 -0.07758354917410992
0.18270322809697848 0.7772162514815046
-0.2622911604149567 -0.31372692457929685
-0.05801008342406644 -0.7816868637182104
0.013644825246133196 0.011508100199061788
0.8544521724871403 -0.20913193141725617
0.04057008496156067 -0.1974723764953379
0.6128215615410149 0.3311840572517055
0.23126258025883617 -0.440955685765708
-0.6229369502168909 -0.574552299524538
-0.9004663428010415 -0.3971288987593058
0.6249764356533158 -0.23446878465133425
-0.5251721859422127 0.526844270020888
0.05191187989632762 -0.49237226088272434
-0.8599348642120213 -0.3403005534803569
0.890072168870117 0.2907034602479528
0.7165990037691843 0.20898162380977214
0.6183503296711519 -0.5428842490293264
0.6873237085658628 0.5716193620086303
0.6613595304140334 0.5740645518559258
-0.5268810679677676 0.15272832083603083
0.7890372222183974 0.0018529691133672976
-0.3593034273075364 0.6130437826348303
0.025365161978728512 0.8667651579002467
-0.16230835127472965 -0.4474851395918744
-0.09779815481181164 -0.36730614314897525
-0.2816317810350013 0.8864092626665714
-0.6182388943880739 -0.4249632435112294
-0.011191657998713245 -0.585512205554733
-0.4642856836088367 0.552500015571411
0.4305263212152073 -0.8310534207407485
-0.7483968164752774 0.28354413787892696
-0.488554922685392 -0.7693020941146365
0.4501197166535398 -0.6039263212596975
0.3056511408613236 0.19127951895388629
-0.17939881955752623 0.7095430587522766
-0.09031249177730438 -0.9572325926162604
-0.9559485117531568 -0.24538389014272344
-0.9319867874699514 0.2537811708225266
0.10064404084287082 -0.2931719306627032
0.4216394287792249 -0.599600117242858
-0.6285662013814639 0.45455033812643464
0.5758046100290641 0.17370462222121885
-0.7220486092074989 0.13810411004754575
0.2358689375980345 -0.9256002234430489
-0.28200894487913253 0.5337072011839645
-0.2832815792169787 -0.5104893272652937
0.14748815781996827 0.7411210568129576
0.22303335143051073 -0.446906701844602
-0.14753898433300106 -0.5672192065932524
-0.6496095906465318 -0.42078588447549614
0.2804118382319081 0.885722829881344
-0.21642222854206183 0.09928834850210211
-0.49946787964924777 -0.4403406276838877
0.4593141640646976 -0.8830530060355677
0.6879516677511552 0.06961214593174248
-0.266608389155206 0.04463891101737261
0.2420430808607954 0.565907658556384
0.029316644796318903 -0.998286055957609
0.6695363784942503 -0.3782614148025454
-0.013679885188699226 0.18931270945045386
-0.8147638024704538 0.4110961027611866
-0.6980001827499744 -0.25179951427449576
0.3654623733857236 -0.026014626782582928
-0.36364203913821536 0.29596814008427486
0.009135751278134263 -0.1471465001859582
0.4540544137134064 -0.03149093074334197
0.6370008510882958 -0.6317358764285448
-0.2915624308533702 0.9287286962920536
-0.6095874504824164 -0.5058644299757438
-0.38850172653786386 -0.4930217914962902
0.018843496128344794 -0.6207065440535078
0.1357770136670695 0.4336335820644781
-0.4615512501031689 -0.3783478436280192
-0.14790796618196866 -0.9881461127371798
-0.6518459824163676 0.3154074896358312
0.06589668078081434 -0.42616108778422657
0.23765512207405992 0.3788339711683717
0.32020017105578025 -0.8317072229776363
0.49733566946464713 -0.7558792801799363
0.6269771052904358 -0.1413631368434909
-0.10315021463585183 -0.26741836349988257
-0.6412040148882687 0.7473413920459544
0.8772401559980438 0.327000661656383
0.09301682186340599 0.12876246794287982
-0.6746359434101681 0.570708920589468
-0.5775668980366802 -0.7921978656346482
0.3262969863247338 0.7239145289790541
-0.022841700564470768 -0.8848886152367965
-0.4617562072217496 0.8830205782283804
-0.822519095390398 -0.046768988253609534
0.08280837092448246 0.48548162326037514
-0.026230308377206857 0.1706188292023687
0.8238927412233741 0.5115943503897873
0.27868198249234344 0.8791161436893318
-0.1813491537648242 0.6376097105821628
-0.9071967390308722 0.011959649764128555
0.3717022553834197 0.22525512161317707
0.8995107826421009 0.2205166427352887
0.07008925221370443 -0.06818301113629044
-0.44403709061697083 -0.6836681924197132
-0.23601931851801106 0.10888645220353776
0.2571399306366162 0.699596491778669
0.3643054934208769 -0.8501522354924238
-0.1031257979082072 -0.17894256846883572
0.19761956862967378 -0.3892161190465455
-0.38947720645048545 -0.6825257971767174
-0.3673116055011638 0.07511442176400918
0.7252878583117637 0.3991971243801278
0.2755315584331848 -0.13171601518902265
0.3659678727796498 0.03865899418535679
0.057355632542653634 0.19265416215830378
-0.9188077185184964 -0.37923505950827985
-0.41729304092120567 -0.8482851699057885
-0.43183272409822737 -0.28252358962783464
0.03144858714585719 -0.1403165544134135
0.28668310145738807 -0.17037597318168807
-0.3889488994634904 -0.11559569085287724
0.18749442311578846 -0.13735331001882156
-0.14750072275740123 0.799579216662252
0.43018235513137615 -0.2746867355760152
0.45106925680951226 0.8081976430298068
0.14282983890444756 0.9809795794059732
0.05688891664817053 0.5682566606511765
-0.728537045026215 0.04397948655761352
0.4786431329586749 -0.7961555002193783
-0.5216303345510929 -0.6356731285843042
-0.6862607793650908 0.37516980301503833
0.8749122704106274 -0.10149413671084728
-0.6492060527733698 0.7359881909790826
-0.04944454422777511 0.5758421643589642
-0.6994212586862179 -0.010214547553610176
0.40490095489813216 0.7862095360402017
0.5852508007078838 0.6560582159902411
-0.21292378037895587 -0.7456200310309438
0.7317480911709888 0.35801642866063776
0.2787560975104093 -0.7293706140532068
0.5126366654724466 0.3489053236212942
0.5300184443109912 -0.5882184942505551
0.14302664915342622 -0.6289296821523347
0.1188861934458103 -0.17354699392044548
0.25765163860503404 -0.27444056610586043
0.5437284572048746 -0.2466829092915872
0.5668160311797394 -0.3693123765871982
-0.13593955770746335 0.015642244358415436
0.31453395131131345 0.07969529970980171
0.7640940402106751 0.40757173740207264
-0.2913725519914938 -0.6483851215420158
0.2235620233572091 -0.2840865029621824
-0.5458723707386315 0.017407366716956973
-0.543560190451928 -0.01710587143624953
0.7674052825815354 0.22910487725045936
-0.27727581009522506 -0.2392061244385446
0.41480164697212785 -0.016386788094889804
-0.8315180455592335 0.4933780791402569
-0.737471704953951 -0.23030118602020977
0.536778887322465 -0.15731837153542538
0.31287682898967795 0.5452257126850251
0.26519500127239515 0.6482747101711721
-0.33297350218085175 -0.47936466445943493
-0.07103620983442283 -0.13632753099686945
0.8493532235581582 -0.2162932879530064
-0.42140276765271745 0.6963484676787381
-0.7666075982247118 -0.25539185039558343
-0.10187126773131361 0.4114440240252424
-0.3977880897440782 0.009534017163646658
-0.46989776915495085 -0.020163011699352307
-0.6704921858046189 -0.3708222020735874
0.7090686972798368 -0.6219473286940955
0.11953206757195645 0.23844159249983643
-0.18283495734580568 0.44739789759837767
0.38609548355465173 -0.47581633920362165
-0.3494689531210664 0.6950535657636154
-0.2160066701747798 -0.7992958924911966
-0.09236498014023464 -0.281887485564025
-0.48666239762375896 0.06428038479801068
0.09149084002512353 -0.5293345477739608
-0.7154005070394776 0.13712716434320726
-0.5329745335198202 0.4379382925841515
0.3819840489314932 -0.8461580804077038
-0.6701429974563216 0.3741302826010442
-0.8830996613005739 -0.0959956254748
-0.19546874497209266 -0.09731637799382975
0.06704367035672298 0.8327087132322801
0.1944102489493793 0.4366567288920289
-0.18213718692272418 0.057099041566501585
0.12281276212419834 -0.7289891466826401
0.5288395850383811 -0.6175377702519729
0.024379058059749603 -0.30051800635352066
-0.2325922902750488 0.05441013683231821
0.4633512465983103 0.4699002348350185
0.2952836898907678 -0.6476764308942686
0.0622390474472172 -0.9241932879014132
0.4372822208892151 -0.7737677865254355
0.2914305253998539 -0.38911421789098144
0.11980105633099725 0.47380598030380683
0.5943289957525066 -0.16686534245527995
-0.4302498661048011 -0.42846867545381606
-0.5160077705216146 -0.8372880286966053
-0.3245682003484087 -0.08858695871694278
-0.5521843781136269 0.18617093919885064
0.3541925676017055 -0.25519346984792324
-0.45447829050225197 0.4908662222931284
0.8706311193773497 -0.2551550088322456
0.6243579107850892 0.6825965503551195
-0.550559247238696 -0.7704742582043849
-0.4041045374841832 -0.32052853102981294
-0.05411630029783998 0.045827785748604466
0.4518088315455191 0.5310728051021587
-0.13883303959331061 -0.8522901004019059
-0.34850247291506564 0.12812840786871726
-0.09482796793659531 0.40551122032762943
0.018331253635224254 0.16899682382718884
-0.19364791774571444 -0.38925382796813857
0.8576031626240741 0.32464616450909567
0.26067847180195436 -0.6927129058547006
-0.6551774858234334 0.45238015691305344
-0.5708270894082799 -0.5884949819487872
0.6962847820187155 0.13968352027801823
-0.33539481507909197 -0.6567990772506442
0.9760494141712737 0.05759812469831016
-0.7069053139963988 -0.24940219636865235
-0.5249832453448049 -0.24626161964442428
0.36806562586889635 0.8153949086130847
0.4047137740272253 -0.025643871468097545
-0.58688592470778 -0.43815131917402006
0.22944080700500558 -0.7580354729958316
0.3306460997169951 0.20286924781402327
-0.45917534179896125 -0.12105242028964658
-0.43781508464416286 -0.7611644796212436
-0.14394529494582287 0.7085729072637708
-0.1277455156030034 0.02595537041785212
-0.7145644606073054 -0.4091664033461573
0.8827587726175228 -0.12749519165634315
0.16986654924443045 0.5349791406372351
-0.2615725482599438 -0.2820722079606235
-0.2580721641163346 -0.9180036026586433
-0.24145099190888208 -0.17364996694030888
-0.45900946053586766 -0.5437450977109883
-0.17166527922581043 0.42481204035859466
-0.9118029753754291 0.22280991867851352
-0.4516302790144484 0.45694297531007844
-0.30127949098909546 0.5873375256082818
-0.7777205945400159 -0.26914866847996577
-0.27802481921678934 0.5887964784606439
-0.5288199840048655 -0.6640304636234233
-0.4193236341709612 -0.2914504216788796
0.8831899175779203 -0.1889649755894547
-0.9725959544267673 -0.04628017513344873
0.08878552612265977 0.5812783239189194
-0.15833426068238232 -0.29647898951631113
0.12073188488590847 0.3701441165476924
0.4335211192681421 0.03263835204985721
-0.30205926495854474 0.5348300923677678
0.29265590343922887 0.1994618551778764
-0.00438943265449554 -0.4411370301485156
0.3923557407203029 0.2412246986398554
-0.003030187940675555 0.48718873265606266
0.7838656061407732 0.4514669002743641
0.2489903918116012 -0.21213013457589724
0.2127407272046662 0.21180075477790972
-0.7585603343470062 0.5571175493062333
-0.04592530226675828 0.5245414895452472
0.7768003175258367 0.2552298698172659
0.2821282777950185 -0.14087154500400279
0.44815052938287825 0.18996592957687164
0.7147071827898119 0.11511959702870311
-0.25349002147961075 0.5210339168273341
-0.7789328186676405 0.19588388019106273
0.07377694099550602 0.18423652053253536
-0.23668828450250468 0.2789109779767942
-0.06901707520674094 -0.28166752646945103
-0.7286564627038532 -0.5809499322541545
0.04015349488717468 -0.5744565707316276
0.3081344989118291 0.9100387710547408
0.5308278062343077 -0.8226670494033927
-0.934388738826839 0.24952641233043082
0.21664414575989266 -0.19098554290323433
-0.6782898732657614 0.12171439376612048
-0.27378336398114667 -0.1743561059932195
0.8135216399537417 -0.3471644722174967
-0.49605849528795476 0.30688889275608
0.05134453288176566 -0.5140034817547192
0.4172692650077374 -0.3306073788228432
0.02035082938394983 -0.07087426863642166
-0.48612569877715206 0.6183261574015368
-0.32143195124869983 0.3760908072478504
-0.17111785088023423 0.7228489706022148
-0.49938567120154986 -0.34864651859271323
0.354083163082086 -0.7617644818801723
-0.03258953669007747 -0.24091423331461348
0.30720251624870865 -0.8442224098295221
-0.07094233959200436 0.41874809853784245
-0.6639168779255538 -0.1850543061179899
0.24032132992080513 0.004424521681364535
0.09439934429929009 0.2659921822569158
0.045089013410685164 0.08031243255027909
0.29830470043161794 0.2947557051579639
-0.5880543924092458 -0.2985610241967587
-0.07271538209694106 -0.21316115462772234
-0.6353326063789193 -0.13563173639847048
-0.37678889659733117 -0.7001580767539086
-0.12275074544980002 -0.1788484451293022
-0.25029063344183333 0.8942216474087978
0.662426484551194 -0.7418738241329541
0.2358673661868671 0.5439781704758406
0.4582250237319556 0.5641936849580707
-0.37555946952120745 -0.22793738327246404
-0.14561930875310503 -0.9892586921965252
0.27535777785036575 0.40281627776233186
0.18782048926766426 0.19137191171490797
-0.25292079779875243 -0.04158824419814833
0.5340346493574466 -0.5251822408349454
-0.7290670931966738 -0.41421112334781407
0.09893490890877454 0.24582076623996518
0.8178151127083315 0.5524589145269378
-0.6882187669951583 0.6573654326189529
-0.5104733514132347 0.10007841784847726
-0.47958593182157006 0.45863166786733767
0.8210385127918363 0.3704752414400563
0.4098979979540216 -0.5039526978946292
0.4124859321616754 0.7035199365088975
-0.8983463134050027 -0.13994174353939814
-0.43222546211476587 -0.1655218224872026
-0.891321139589754 0.1578242471133544
0.46339896099168243 -0.3818681995333908
-0.7327201016737874 -0.23659897895452175
-0.6733766878908116 0.14326612383039805
-0.3387083713209076 -0.8582016552155722
0.11133272103758696 0.9348646543969592
0.4807690670289886 -0.5649675344381522
0.5114944630579517 -0.34517251358694745
-0.7536057277425188 -0.03505399430781275
-0.16128433897538996 0.49515781899248523
-0.1045950619036371 -0.7876858153356365
-0.7317645337925731 0.49876621552136036
-0.0840954715779636 -0.5573437125862433
-0.21437005737473558 -0.6174878745329877
0.36704860689624685 -0.17981946838408747
-0.8177633576843093 0.49251689622611017
0.6984589616770567 0.3834803865465708
-0.8266554532247699 0.4168149154977079
-0.34634062778734265 -0.4997094499778303
0.5094252139626867 0.5426606571637156
0.9262051758253713 -0.01610797721103374
-0.3127271285248143 0.30132090340866324
-0.11455412261638265 0.4101108329486869
-0.9532436183902957 0.04503783321103416
-0.30080243780204863 -0.10219511798139647
0.7470052893500223 0.5136499344898442
-0.585336790322925 -0.37551491513434065
-0.8235579870324636 -0.2964580786005049
-0.07770325202720918 0.3240864377528283
0.21957274119361214 -0.17759227007246503
0.5912425615105255 0.09246481098862702
-0.07758942497945864 0.5439199785958
0.7212010464100111 0.27164556139199947
0.8415060755326316 0.030059905724139968
0.5861701757971058 0.7276665757105603
0.3413813328729276 -0.7013699952484811
0.8191598173609842 0.010433532358262276
-0.21234585254751814 -0.683355864281763
0.6805726720784455 -0.016693353905112174
0.0015623271002513928 0.5056629612549637
0.36657394934609555 0.8564853627439468
-0.998759424001624 -0.015484416675161539
0.6718865516565651 -0.6426742334156119
0.6941458280927655 -0.16503216575522983
-0.694305207424113 0.0018781872257584986
0.1375799255522141 -0.4293645009645166
1000.0 0.0
830
0.13360739154542234 -0.7801716903658915
-0.6694741909720894 -0.5036937180966992
0.21023626601586565 -0.7333896088848515
-0.6470451406990783 0.26767461641874557
-0.749170442565908 -0.536723105059856
-0.5615820042400514 0.03464610597696338
-0.44382612781721664 0.363865840083502
-0.5486719464957652 -0.37547968496306106
-0.29337490470093175 0.9281167040855085
-0.6158933649354776 -0.5447507393196116
0.552649194598698 0.7326194830280579
0.3056765731258595 0.025227238805654473
-0.6202224111523393 -0.1598313301163885
-0.3263277557331292 0.15148959473119228
0.06093226453268641 -0.7478874296847928
0.787507860292 0.25471045854456253
0.5110699839767163 -0.41293217304731633
-0.5791395222515754 -0.4939279755488182
0.8660635221609672 -0.29242345442808815
-0.2409498671319945 0.00010865895943901194
-0.690940117589028 -0.6450105039190426
-0.9020752328621442 0.28473548116129477
0.1857447241893777 -0.8874059892184294
-0.5672835857643432 -0.20314589297053498
-0.4709349862366081 -0.8142142339831382
0.5563056324364515 -0.5909518242398266
-0.06151374680116373 0.5374359371119155
0.6599784535363034 -0.004718960991187515
0.4326557864137439 -0.2681003697199027
0.5817417800731146 -0.3876685624505045
0.41682591385086387 -0.5200486199767904
0.16390589615536255 -0.5448311903933729
-0.6577901146618605 -0.6923484077799185
0.34285993229683687 -0.8096120225319143
-0.7442318206014695 0.6189155852345978
-0.41571910613928575 -0.03063724029540582
-0.13044610234459575 -0.963188813590355
0.3349590909329574 0.22227032991238338
0.8200573303764029 0.23531520808534045
0.3239881564984861 0.04508899922317022
-0.5740982905395839 -0.2560681241735363
-0.41348685650648176 0.05438344045844268
0.9041065433743012 -0.3743125859015215
-0.3641583919843654 0.8402990429731751
-0.7206170034142623 -0.44321515823125024
-0.2519802355703482 0.9530123825139998
-0.3348379878674175 -0.8274520118581643
0.42320318547991387 0.6926251948104556
0.12406376863145807 -0.07200369273853302
0.2578037114242333 -0.2304528647915547
0.002971158328264556 -0.06290152013152017
0.41208316032363257 -0.7234942254367973
0.3784710060019336 0.4398227599442628
0.13759065129219028 -0.4791038336143252
-0.088630526832149 0.3363526298254593
0.14408121083692338 -0.47526467607968725
-0.34273146286960965 -0.8402165146250775
-0.7339165396876381 -0.10778880859210305
0.7148774834783498 0.004843554574323949
-0.6305103213991281 -0.5458233249993845
-0.5827044422280734 0.6572745218400198
-0.5912669601179241 -0.7634724363127232
0.23058293377091577 -0.7575805082587574
0.8345046041184649 0.134326729057493
-0.7025172671507984 -0.5051174017728575
-0.011260644224160288 0.6396349160553412
-0.1267864786266808 -0.6824115039624283
0.30591441126183994 0.08247433194850973
0.1435302139919401 -0.06875360289123922
0.658695998415056 0.07815131989765867
-0.08023225727250782 0.3353236899069352
-0.11610247012598873 0.7385544683349983
0.5497698976328398 -0.22626334326104947
-0.6004734443746886 0.5769988557767063
-0.03432301588732778 0.3703906786540052
0.5930093362394049 0.50097625562764
0.016163234589982478 -0.5819242446708748
0.2683450756402228 0.7263446110836762
0.7505048338808598 -0.3340645856810731
-0.9489881293170079 -0.24916899903048506
0.362362188210003 -0.434916352996892
0.9144705562392421 0.026134013046720694
0.7753854438348791 0.2796396614286998
-0.06638949350019052 0.31240540345457246
0.7640769422628559 -0.1540399064120448
-0.09539336042747659 -0.6241276250618673
-0.6142728139956555 -0.3090161812263643
0.4162665895254656 -0.7970899857901339
0.33020157828900265 -0.08404107971123209
0.4929037806676386 -0.1767192815420584
0.7837109625043261 -0.23199514418237221
-0.051139227184381575 0.4045927293528697
0.060858221385617695 -0.5590887717767967
0.217973431402118 0.5243838064951047
0.05514546672953391 0.13334675621819048
0.5556716250246743 0.28792327025095865
-0.8856034218103317 -0.22386111893444838
-0.9370910140221607 -0.16646256415632932
0.32386946849605924 0.2465112578604658
-0.41608349931916977 0.4942900730602229
0.5448684008724016 -0.12275863868341452
-0.32149111533904295 -0.4075536956787589
0.8554383195424289 0.3244598518410926
0.8611630678195432 0.43493340575798234
-0.38550328348918295 -0.7901434939140077
0.13469438747914064 -0.05976557219894785
-0.3943652946272018 0.6658369788653364
0.44518639922198355 0.816624886031889
0.1728161842212066 -0.6232254005637952
-0.3787750561611236 -0.333567226027053
-0.4512952950755038 -0.6240909083290425
0.5146947874568559 0.7216878792846104
0.8070773835128486 -0.23736777573073575
-0.3397411063813114 0.6120804682985417
0.05696688014218787 -0.471992265154215
-0.5617989192387831 -0.5863452417568522
-0.8029520764056797 -0.5314733059356445
0.36035127969337055 -0.8412588962748087
-0.8436343263990012 -0.2984298269120793
-0.9340310336693465 0.11255715442309189
0.2475540371702194 -0.47752423044737147
0.6974217804751783 0.4567103429464383
-0.5206994382928378 -0.5122436762648077
-0.19994520733466015 0.9262298904038422
0.27734911614858215 0.4786671829907623
-0.23393224103776733 -0.5743836919489973
0.7784327319530733 -0.22147911384135743
0.0480550269747797 -0.37790701810934046
0.06361432766003738 0.6697082388133233
0.22023788702373248 -0.1515263770449966
0.629032904551106 -0.3508375925289402
0.5086702457496952 -0.42697914456283903
-0.7372367578547923 0.5468952993039919
0.307341208847012 0.8916860737407699
0.46338953314747666 0.5725751617616532
-0.09046076946716664 -0.1720456234537464
-0.7862310334362659 0.4676107037153223
-0.268165987631126 0.7054835970762805
0.5180643352186249 -0.5442975942716055
0.05546390249917521 0.9620752849927607
0.18423952200992377 -0.789891931305089
0.9776602966686327 0.0622332868870894
0.2530214196270053 0.3138814725104522
0.928245380564781 -0.36833456170123524
-0.20288411402911355 0.10956036944459724
0.5114759811352176 0.3908921113438084
0.7562069691488893 -0.2513171139682
0.732245702816934 -0.6058156536888157
0.7891585149546743 0.10045875387453007
-0.3288963077896281 0.08248126901010289
0.7027230144357668 -0.15119045448877966
0.0847136759617273 0.07269537887242827
0.7749790831088716 -0.042281175868732035
-0.6383921241178678 -0.21971187855683172
0.14797763625710347 -0.66932358974957
-0.8695513801219226 -0.010572848336065865
0.21796359117528774 0.19491562151282715
0.6945415921648643 -0.6650779347258322
0.6817626300261344 -0.2822873148053502
-0.7607918384440473 0.4697446415939588
-0.38627580247228765 -0.36451590889300145
-0.46316754754489686 -0.7218359737082369
0.9283214782259355 0.20339044858603206
0.85685604265088 0.20931456244506697
-0.5306121457737509 -0.12877168093811986
0.37904695432705826 -0.011908916341358822
0.3890205116881673 -0.5589813971414717
0.6770903384133309 -0.4083357296668546
-0.2536717523273815 0.2080144887203048
-0.5586471492120126 -0.3688609271482075
0.9427030969055172 -0.11257865722370974
-0.12460693244874732 -0.21899851106411417
-0.5016360818067958 0.552413357639171
0.435525762228659 0.8870758862615513
-0.014859883041377975 -0.3607046849114619
-0.2604452316611636 0.009857567181132731
-0.25936492884025575 0.4486717410288117
-0.8685600613320881 0.4122374683618113
-0.45788607982573337 0.04765300354629076
0.3763621216406432 -0.0547306078009373
0.44321625310224033 -0.757401464546194
0.8618607034896009 -0.05917801365664177
0.02852676670998866 -0.9007685368295577
0.3288996959001147 0.24706525157273385
-0.08813849276532171 -0.2880454491387572
-0.6516617916436356 -0.30253792856987993
-0.39005912136482745 -0.27254627655364927
-0.06503914150396373 0.24357557531140595
0.31994088714345437 -0.4766766011596235
0.09624674595044014 0.7929724247065706
-0.048945277801337506 0.6758137667700999
0.6789754030225794 0.46661493813225086
0.391457417839139 0.30187455241349803
0.5743408216706085 -0.7303977647022739
0.5403962609108102 0.14972673600392117
0.38823768517157164 -0.8961714726603993
-0.8691641632686846 -0.2931261569577577
-0.062061688860792774 -0.17096056872666754
0.41882627494853497 0.48356277001021186
0.8788501067506889 -0.4535476166270942
-0.012387459792496225 -0.7707554640650671
-0.809961696987844 0.5027310295911072
-0.23783395188444167 0.9321957798204088
-0.8857388764754519 0.44544375361086286
0.29028241010777944 -0.6335504924705895
-0.3780756532646088 0.5169726647496753
0.7589862463657047 0.08640524763459756
-0.7085794943067674 -0.5472191481870514
0.6355830498913839 -0.33435770442086565
0.36744380005665933 -0.2929135958903637
0.08128785020080964 0.5325927677904212
0.6511202251760115 0.47203072274941915
-0.788471795042758 0.1671501519469223
-0.38020217958349356 -0.7565875870642726
-0.2515422008160433 0.8522784206199605
0.6449817762475585 0.3924281627998265
0.12142973171942306 -0.5496704509983237
0.019416572340379634 -0.05372738808441491
-0.5966411728120469 -0.12415242790468395
0.30782180918128677 -0.6909676424206233
0.06017548187059685 -0.6762720263285118
-0.222419343830615 0.7846415251381897
-0.8152679665541953 0.31480792319474515
0.5109211929200319 -0.48423549221366624
-0.5516941650421203 -0.7919369359358595
-0.8813077733469199 0.39090384252669064
0.2238681371849407 0.7426093840198149
-0.05236169733855922 -0.6676416193929089
-0.782010018216158 -0.5727053452086102
0.5052444583031801 -0.016449977305240004
-0.5420050044704374 -0.5991730687995314
-0.7830787831343691 0.3603526898362692
-0.9715584618546944 0.21030174809396307
-0.05695761087787665 0.5890121806896094
0.5715231991624172 0.6297663833964506
0.46919374307035566 0.021317255320761008
0.2354376858126601 -0.7145043181886728
-0.20434765060098048 -0.6244099014316038
0.48229354872680585 -0.8212044873685953
0.30829716253885575 0.07088312888706771
0.31876090026530557 0.2243230298110508
0.5016633799205186 0.04552561880236938
-0.3169482351422521 0.12927952603634285
-0.5262724460620396 0.5710984722087153
-0.23353225587901982 -0.2321253085489885
0.4054013227127604 0.829693678373232
0.41098545107064877 0.17632344880831474
0.20942540032534196 -0.10380705303716375
0.9024641513647833 -0.32484190125916124
-0.6270082067512766 -0.046439365828656154
-0.7099142433327694 0.4926834018467352
0.14402837831285975 0.40971451809728565
0.5103017110582859 0.07220396551469888
-0.10982402558300564 -0.6885372395542328
0.5145078884644065 0.07959486513645264
-0.8680868827701453 0.04832714830220164
0.43482395739953605 0.556225401628043
0.4657116750481929 0.7636608445068935
-0.4835945217308719 0.673889095121307
0.44858077308545363 -0.6003523002759081
0.27049675785527105 0.39586973888650956
-0.9394182812737535 -0.26816167247191225
0.4471211499756913 -0.7283956908481763
-0.19401773030907465 0.9098872436233647
0.7322394436161097 0.6044775703701222
-0.10123538388141462 0.5107040893538775
-0.8530945989466807 0.07111370291345542
-0.4914540473171496 -0.318377602060282
-0.18361964834165811 -0.18365212186921465
0.6062367284959034 -0.5901908638718962
0.20740752373922589 0.5271901201550679
0.2939551986998634 -0.6168172474883249
0.29990705129914086 -0.40098284020215
-0.0870870329511857 0.9228109691539466
0.3101946388315593 0.19759644305042423
0.42862977044050155 0.8152558552966023
-0.40347484216802143 0.8418417006084138
-0.09544038122545406 -0.473567836945181
0.05642349808689784 -0.26029981037560623
0.7293758325578981 0.45459497066062404
-0.46095682898980783 0.2850056528833387
0.3821647093448646 0.6759387833537251
0.675081635577031 -0.6556007898494745
-0.0031357911332130506 -0.15506184837490578
0.19832325171169707 -0.422820553041505
0.2169267364787817 -0.5649446698051923
0.13311227975790785 0.7165566812621644
0.041553329746170986 0.3674199178989479
0.464808392385607 -0.7758334361391199
-0.4364605395506638 0.12791350521035239
-0.17856667808235138 0.32787667592468295
0.0802057033552166 0.7210451038376529
0.8302547901748174 0.12278959648068777
0.17366077502026922 -0.5381050578624325
-0.394946307884362 -0.09499224443535903
0.20218071699077433 0.6359754603725976
-0.2727110338531782 0.33509504042207916
-0.9664054941881259 0.20211948751928577
0.5345316151524888 -0.605424004361987
0.822091614163424 0.49290300032632905
0.06038750902137169 -0.3094485943109495
-0.17934060311877276 -0.5599845239855543
0.5020907233348719 -0.3439083235234066
0.9747148550152207 -0.07880251050342868
-0.4982998237855887 0.7188948122744696
-0.6192880375625562 0.35416344873499606
-0.665768036971552 -0.6446409080172326
0.667901116992984 -0.7006246665572293
-0.37968132813355027 0.40656201234046496
-0.920278483742992 -0.17030951066751143
-0.14576548472496365 -0.1769480827084975
0.4487748370873128 0.35168263559365065
0.8890721485246997 -0.24696854267822066
-0.1621357359975848 0.940830568115854
-0.09549098156333802 -0.6683605984516217
-0.32271742845014484 0.555625650951405
0.3767579243536616 -0.3173284950168733
-0.775907414314271 0.048067260962749714
-0.1684365996253756 -0.0514406528074034
-0.7089238616977973 0.3495206554400705
0.869310077419654 0.19598619483867008
0.1401921767109613 -0.13001502872589987
0.04322010193820902 -0.6680686228159525
0.2444994827625082 -0.04018377408471441
0.8123062871604589 0.36709180342321335
0.5627905902299344 -0.6761164398424173
0.27709019064576323 -0.13485935032110308
-0.16339439618343077 -0.1797240553315187
0.1526935653290591 0.8924195790050788
-0.4365003351562424 0.1624034624311661
0.6385009961387149 -0.6734476574302599
0.5935811762887682 0.09339567008021654
0.7613345139936512 -0.09722600609150067
0.6235687907208765 -0.5034904424591926
0.3972930691211829 -0.9111732800256418
0.14737147188259136 0.03133536659628744
0.7112482791800006 0.2546933764200765
0.7954986069298866 0.010875710482062928
0.3283173604898857 -0.08299255428988062
0.17761752304762846 -0.4032259591099532
0.0035274382249108616 0.10392675554499453
-0.8558451622282457 -0.4320752143417079
-0.5502094211569897 -0.39754803377171677
-0.1698425209643506 0.0904526850308578
-0.3548480846668369 -0.552649266482637
-0.9217900490122135 -0.36496038927565677
0.4589434964224408 0.6354822051245579
-0.43769395968964053 0.39733053808360985
-0.36878731577658486 0.057875982966575146
-0.6515040211446212 0.7432607343700381
-0.4204453261414909 -0.5355607389461929
-0.9386784397995507 0.20592761262515302
-0.830418792735661 0.5346424785729933
0.34801408606602413 0.21941183561627997
-0.18782529375533064 0.4207462141938765
0.7109545150377188 0.5953968067629283
-0.2486456272869939 -0.3627838302162836
-0.12543930422951055 -0.4735983393688108
0.007942601169026453 0.524056748361067
0.18204217307906645 0.17425487117254534
0.3392220486505044 0.9223697450120159
0.015677780949916897 -0.21010143249366942
-0.2475804203359382 0.5424539006271656
0.29908770950722174 -0.3248111671050804
0.9079294388703478 0.3734670272428975
-0.16924237308299594 -0.7794011828830087
-0.5240803094500137 -0.3652562464437179
0.35710212139882613 -0.6712344957571041
-0.2304129428968471 0.2565480988323319
-0.4580665328234692 0.6391501022902226
0.384840365648091 0.0571648367795754
-0.5666224895686371 0.5120541799852802
-0.7234996217349772 0.619756307740275
0.02755761262989931 -0.6893367431907187
0.5143663571695944 -0.15421425053627447
-0.3161782050299806 -0.2672492523657928
-0.8296950449814327 0.11103150025978592
-0.30317146389084915 0.518108179325337
0.3196220823338016 0.6844088841067666
0.07230353871872142 0.6509229135199999
0.09555064236714661 -0.11007748803472972
-0.7030870116050638 0.13296804367723758
0.4076902981380317 0.8061301565040144
-0.5163328260140629 -0.02883128083745623
0.7396170842322949 -0.1255199214073368
0.744978216992489 -0.23704488829380788
-0.850537753952262 0.3618105285909907
-0.4387706520575301 -0.04690413647447933
0.3548903316972434 0.21182574326138726
0.5381900529050154 0.8043953609064947
0.7343938041749623 -0.6086994713013547
0.16340848576229616 -0.45609726731382416
0.0156639095500537 -0.5452770093421766
0.9116702231659384 -0.1437048244940491
-0.3503982581238563 0.19466982276738953
-0.2965825134736946 -0.7857130843832918
0.5752288804625219 0.18994411872103045
0.1533146555485605 0.531976689665075
0.7165297662885131 0.3328446513037604
-0.014472983752900292 0.060136178772321136
0.3689650891637084 0.8712922200266031
0.7740111322483982 0.4566977152058449
-0.0511363445049966 -0.17955056028999805
0.9839158282360294 0.110702037732473
0.11004897028370286 0.7041277959797505
0.39849426322801884 -0.3585660780140627
-0.6887158127335273 0.7111203307516509
0.19200773287842887 0.5089837871525713
-0.3503313459196731 -0.19916884537811974
0.6848776307093847 -0.672775009011503
0.09009490806297493 0.6879485880319625
-0.43173890029241746 0.6900023914519309
-0.14082818863530644 -0.5870104051611609
-0.17862219339829277 0.18602618323264175
0.619212349367261 0.7539436143388167
-0.16014113218103776 0.16748522657100273
-0.3917865371863569 0.7812376897537696
-0.6311886876746096 -0.6230642038314542
0.7095761101244948 0.6258063750038712
-0.4663422132869588 0.6129935630861467
-0.23756769038735626 -0.7899926940431479
-0.8140401367308334 -0.5590961006986741
-0.7855678205706613 -0.1252889171621676
0.9295455958390579 0.11951582602588662
-0.6075148961327306 -0.17956900567897183
0.8502133823484754 0.0842224807650922
0.06767525305479505 0.45498209735151995
-0.09480644139146044 -0.9305737412496784
0.2622995444404044 0.8011647189627247
-0.11763326288132037 0.47555885052238756
-0.6200364546726445 0.3104618319086949
-0.41943048600077826 0.08090419681385508
-0.05678628984865841 0.9604903858328473
0.4247784071687255 0.2390169468105403
-0.3444388620967165 0.7392800381378513
0.12497298252994438 0.6879581703555022
-0.07803434023387723 -0.6583230663338788
0.11661245731193493 0.49744404949466214
0.6534912043343839 -0.7554260027759392
0.3315889680456421 -0.031900879313985
0.6686929007002251 -0.4105347632957057
0.5165633257125848 -0.3345750933676235
-0.2591154666123485 0.5151093371080049
-0.3751619644989299 -0.6038136659352009
0.6833474599568816 0.4568207540366711
0.2126078842348662 -0.706776892676596
0.2045693841745928 -0.4627014085202108
-0.3476997752175359 -0.3062238709239897
-0.2669492673979377 0.032261557911271055
-0.09975164359592203 -0.32620856598447
-0.29732896236569206 0.47830329653982173
-0.3190624199454437 -0.500157211018796
-0.717740081759507 0.6064585365283379
-0.19059444845522422 -0.17285707270678108
-0.16130809679631986 -0.8331160513859641
0.8602607653124026 -0.05743267540899466
-0.9033997252174684 -0.19674065121885742
0.4109199379142787 -0.7746371710220421
0.014653492077078889 -0.8582222489904379
0.18333276892887018 -0.0010694166520051063
0.0029884556072139468 -0.9049871048951048
-0.5179030218260539 -0.11055387467361544
0.8390563873791683 -0.33277378766586896
-0.44344399437253124 0.013311902354823824
-0.0934724373036786 0.31930634390107393
0.5628779119625829 -0.7961367691332795
0.9047103965204197 -0.20952574988085249
-0.0700307559639739 0.4880864432961256
0.7389208720525682 -0.013877034813971179
0.876939273792972 -0.13580485640936635
-0.5903800213050014 -0.13423481038587104
-0.0003068379161075274 -0.5792929658124797
-0.09942016541588505 0.37503106830320276
0.7147188279713395 0.1590926404654427
0.45161240083368326 0.4548812182713935
0.561004461273098 -0.2515967927960914
-0.3315608601225306 -0.6834832218202316
0.12409449841937659 -0.4372799142420323
0.6726531496748118 0.2542300434728437
0.31365053297872203 0.8748203850062946
-0.06958178278586491 0.6067057926593742
-0.1375225622017897 -0.8928844194083898
0.09611222402712816 -0.5038528022622544
0.20894111749418331 0.10563687551784984
0.0264515724226142 -0.9023454661288279
0.1874471420777588 -0.17887969310327367
-0.41746168392907257 -0.5917754684033096
-0.4802631451255641 0.08471380190670863
0.5194564059870115 0.6473688187279887
0.5481160215992833 0.15104925911325373
-0.6063108176748297 0.3578858871652404
-0.7435644263423946 -0.04135818496412602
0.16068990386100723 0.41306140049819495
-0.24977180837452329 0.08274205941604018
0.23539670801678025 0.2326798330122437
-0.6729711115462169 -0.6136443304802237
0.1802134348118909 0.9173993013944717
0.35632849997236105 0.8374495867704357
0.2574655735182594 0.14204235354600225
0.5813576028368257 -0.14339720592813032
-0.08318274192778996 0.46771951754197216
-0.4900915201100604 0.7266402482684828
0.26517787712534435 -0.18202776630732154
-0.6776413912924579 -0.0016651193679653176
0.2428508622862462 -0.3314465854577957
0.28461089000075845 -0.00019631877778292228
-0.008269472623456453 0.2391211863539171
0.6596048834352475 -0.2497639548336945
0.48647484829948584 -0.5057617191745503
0.6731329614967638 -0.4826380517855138
-0.3579756494665174 0.691535265500629
0.5725250583212025 0.6282152233314242
0.8828937078717793 0.17448471264610155
-0.7702628627927728 0.16640944651788692
-0.5658793767245585 -0.7599001853613812
-0.6482879581362329 0.04855900096214283
-0.34811104943485205 -0.20025750411186038
0.24041619893772892 0.7172581089386194
0.34678768875047106 -0.8589554350323017
-0.025934027837704265 0.4497041043530916
-0.3851055130621599 0.922646615797152
0.050323231153032166 0.009385116071403354
0.4832895164801272 0.4499622245331789
-0.5940265483781215 -0.04686834257271433
0.4896614609743768 0.21859395911963975
0.3405713825256229 -0.6138777472353107
-0.2772953714206441 -0.8481443759871881
-0.7604695085236812 0.5731602963974394
-0.35740420837127407 0.9011689910780156
-0.40923042604372784 -0.7869492377714857
-0.9305728064111916 -0.13618068567394626
0.4197812853479548 0.37843642728020765
0.8426536527182535 0.5227677082727216
0.10805864927865194 0.5432413838951733
-0.5427404905695883 0.7307848162662067
-0.21523525746873795 0.35724485655396343
0.3320280384272736 -0.20571308300729174
-0.11320987231296087 0.41373841628017227
-0.34873857305767353 -0.33915360803697414
-0.7600267251689816 0.1369765808700678
0.01345086035715548 0.3097538603460077
-0.6945627259239737 -0.10273259970785875
-0.2871027147118974 0.8533949274284147
-0.49321315150289613 -0.5710188887432821
0.7327297683927747 -0.05290484951784502
0.09339571921383527 0.6644000615143204
-0.4712367819730745 0.774353303319326
-0.5506474558724246 0.5955396101490633
-0.5757168822842191 -0.28016253663557467
0.8137895381367763 0.2178755977119009
0.1126911309168801 -0.7637343945836796
0.6667352722009707 -0.707766119734178
0.12938686448649217 -0.032486448886870134
-0.18563823196073725 0.6347927995672957
0.37950306757525487 0.1308664740972234
0.9471932823967795 -0.1786732981256498
0.8528002751727637 0.37381670125266564
0.06982877273042809 0.016227768361533057
0.3429906213953138 -0.9252968860342803
-0.2841097831244772 -0.8304486032431868
0.3968628106114429 0.23240063746058026
-0.31809446659271057 0.545132529170691
-0.5524401834564137 0.7106550893440156
0.21259746029879567 0.39690650466569877
-0.3954513995832938 -0.29485949306972414
0.3268537200842534 -0.32255740631845087
0.6780851357342081 -0.4171442605120841
-0.5761054101397256 0.3292435409947543
-0.5509543683296476 0.5496470489819374
0.252605253246285 -0.42221030843457075
0.14993461005791486 -0.5790190571849092
-0.6700798499409664 0.07291504774863955
-0.19539505152613534 0.606867379099971
0.28388603631279974 0.7697187161265293
-0.17906560222137813 0.8302193688137691
-0.3109989570486855 0.08359350822215328
0.6490079452706723 0.23458172128456378
0.8483293783399515 0.021367131246706306
0.09058041691951835 0.7785787131691682
-0.6930004676820976 -0.6183870064195569
-0.6585687841217032 0.43524709340692525
0.10803337187490025 -0.9445063229032646
0.452607302832589 -0.5837783683571358
0.3967874967567697 0.5973274447756431
0.7238230530369134 0.32043082771853615
-0.30333674918592446 0.7063370413374195
0.4942022101163117 0.3608291300468278
0.8129078534619232 -0.4837706732305749
-0.7275908661910409 -0.38365877701834683
-0.6885021440646832 -0.09534494612887157
0.701853468343564 -0.35138901276469103
0.3357873508262421 -0.7179820096937841
0.11333914759476693 0.2441952214274723
-0.2567995802076579 0.3657481227648369
-0.08702356343704754 -0.43216859848011446
-0.32379109227214764 0.14594151845281922
-0.43243839743528234 0.7741488045983589
0.07091600450924407 0.8218098954208093
-0.0286025769711018 0.5771604264910268
-0.2561039340735305 0.05980611773659206
0.9206000315904515 -0.07051447308333314
-0.7395913195717756 -0.5500039485081023
-0.5183924472743224 -0.5086761994275288
-0.057157268142430384 0.1768145032301347
-0.581585682008344 -0.12970781587738411
0.41279309470589776 0.044550066247080355
-0.08438798295049676 0.12864592846547263
-0.714158015223403 -0.08708142151597231
-0.17911233235415636 -0.7291850810224045
0.6315635680487206 0.4426389787163192
0.7766149018827473 0.13520189403415706
-0.08875232729902804 -0.8862670874861103
-0.35193897791454054 0.4960825547441976
0.03011016570324232 0.12235070796398584
-0.9141283432178651 -0.25985315618112015
0.1608039049266785 0.511897062221468
0.3646796389267215 0.675755737850954
-0.6783742197907714 0.6160600876020144
0.43926912825308806 -0.763520061931332
-0.5178674041852398 -0.10718773533616655
-0.4325705963781592 0.2806180684088353
0.6599768300671076 -0.1681283121082109
0.2331411305233424 0.7043368349609891
0.09525532394959235 0.9789417559612958
0.644151964255911 0.1652588615311854
0.7933148604754914 0.5807860737003638
0.30115488187185324 0.5779978197822186
-0.3865924725186889 0.49220760649960416
-0.4952688352743897 0.20265259095835697
-0.7456984145303338 0.5808800295382168
0.947510735372749 -0.2659551975508445
-0.13966298205038896 -0.5125482186818215
-0.3876802032810793 -0.3985520628929229
0.5071364360057578 -0.22135311887719644
-0.37650601762302305 -0.7866516148836784
0.5276893734245638 -0.1375423213613869
-0.8145851286841612 -0.5563837742469329
0.991416767323372 -0.06258419490074107
0.14814557241458393 -0.34888717263146996
-0.8761255767355491 -0.33096370363080196
0.8137711636199312 -0.3379301414842355
-0.34458171100592794 -0.5487121696731541
-0.3900094203901654 -0.5488142297924417
-0.3376510143679663 0.40431870093254507
-0.6511207116335695 -0.5435475628081059
-0.02102565248070798 -0.16219597648611073
-0.11180542308501407 -0.3554275721280826
0.42902057851411146 0.6744441733939859
0.6211725951445388 0.32081512353936814
-0.4999241510050272 -0.13781007298172576
0.16730892409710596 -0.8206047338595766
0.6052286392632178 -0.6935722079389166
0.11371244838252514 -0.5572245684750117
0.645660180015327 -0.4352798465289025
-0.20045921017757506 0.33067998884945027
0.4949873575942261 0.5892993614071911
0.7403701614242251 0.06353083139381654
0.06694317799397131 -0.511124868317558
-0.8797610245260865 -0.37745904134182573
-0.2373812904999859 -0.19570226089179288
0.44386169038128953 -0.4806135439337036
0.540628478928233 -0.8364784704719244
-0.2635541333890721 0.6669424821778924
-0.9035735864036569 0.337703142789026
-0.44332051024508123 0.43873243326176325
-0.16602164944783082 0.3779928132801502
0.41262286427436967 0.2751891479071231
-0.07487702789411155 0.9622866526532743
-0.700191154096589 -0.42675350232517384
0.2793963941452364 -0.44922890593151155
-0.2476894447259279 -0.2561158372288186
-0.3633898000743596 0.051936665038211594
0.4209283998760831 0.8384532699215552
0.2778947146960802 0.41547758345951924
-0.2730228051078023 -0.16608752032875596
-0.13691177120041864 -0.6640179801251807
0.5824521794043718 -0.10651498045211483
0.6914750943384713 -0.283086247370941
-0.06901168543520564 0.17188729033179118
0.23778517079520833 -0.6163895601765397
-0.02564912870254621 -0.6937682445893594
0.885749543159928 -0.10332929644752276
-0.04954794714970734 -0.8938940252727627
-0.7708425627139053 -0.19980844912995832
0.2473838454516264 -0.18573206089480898
-0.5195464936906555 -0.5866840761540224
-0.41291454044850706 -0.7349923141704939
-0.38514346551676315 0.2566833026289834
0.7382966296670481 0.3905747331200857
0.29633037037392773 0.7516131719038621
-0.6008851965004238 0.43176590821431193
0.0767949403394228 0.3606929731116635
-0.3902339305434339 0.8418648679825786
-0.3529191253085848 -0.6766671154814059
-0.3300742535162198 0.8223131073191932
0.1546776883041967 0.5929402689073948
0.08710494838445748 -0.9671498957633771
0.09677127107475902 0.4900532320987563
0.7544054301449119 0.5439598255297442
0.15252344274862017 -0.7061650209133483
0.04559267710983472 0.513264251354085
-0.36543761223603766 0.17944585253962808
0.6009066208601328 0.6002546456620725
0.10945552328339114 0.47929980163316777
-0.3175857682087382 0.45410864998174527
0.6955246169807794 -0.25537959292075163
-0.22512948518879194 -0.030786419334142057
0.04564303984910012 -0.2565266940414759
-0.5471939186048502 -0.15511240367935608
0.10904637024609953 -0.13702510027650883
0.7725708750456219 0.007789432700400445
-0.517127790447264 -0.2204450110557601
0.7119603221970479 -0.016151764185768247
-0.21667087301226884 0.9720376416588965
-0.6239346450318854 0.0680955886967205
-0.7120110415125493 0.38364803808190984
0.7191091168911508 -0.1357298759573935
-0.27357740779601847 0.10636784398807952
0.3646570461766028 -0.6001619497211879
0.8234583905816131 -0.5120350675490448
-0.18543551114391676 -0.6829914677150744
-0.1852250954801602 -0.16487778455723223
0.8549294839092283 -0.4893418161378673
0.9510902520714921 0.02959843664155759
0.3715848040235219 0.0509951434189404
-0.13291500137072254 0.6897230285267988
0.6107623890878653 0.7179431362493474
-0.005041476671991729 0.8755196563061267
-0.11955010226210683 -0.20146114696657058
-0.3921379207715845 0.6772408123434126
-0.4999838383004358 -0.5163490891704421
0.6160967523380692 0.4937780405947567
0.7599348878328325 -0.17361951732622316
-0.4819770635090981 0.4733614239604145
-0.2602950670959099 -0.025577700495367894
-0.17534772198233783 -0.8510321582884701
0.025021257518069495 0.16495738822523043
0.11429140360609824 0.27462275603311537
0.044532711377227585 0.6514924314017496
0.3367964328307391 0.13740316197146418
-0.12484043655279065 0.5505617180588109
0.1368371911775943 0.1670063235840089
0.47602353315502643 -0.3741588669626168
0.3881923148604529 0.9110213521063668
0.014013210293075673 -0.8363780744348697
-0.1363792074953356 0.6678885335816895
0.4951326430010048 0.13533210854756184
0.7193287791667142 -0.47650498188814483
0.1395235064543494 -0.013925849471217333
-0.0433769534881423 -0.9738364259501733
0.3301101320536155 0.5458333309606285
-0.6191103738330783 -0.3777258804470054
-0.6981912782261446 0.34153681081646603
-0.7718556249091788 0.35053688358224466
0.8862701074379202 -0.14600696202935892
-0.1293068147983869 -0.2607940497062926
0.06717735493536825 -0.16035534629043702
-0.18547270087592893 -0.7603163377175501
0.2889848094303855 0.7952503947464722
-0.4909720434191214 -0.28857554934424723
0.23403088231982383 0.03715112663359044
0.21683089689404556 0.19862974513156395
-0.20163284772989543 0.5302755800073886
0.44035112185222314 -0.529278689697738
-0.057244085655028254 0.5623912348213538
-0.5182281232853965 -0.1779227183938732
0.32332848105213663 0.4472996692066764
0.3469450200122908 0.6255955167485205
-0.48355792121835317 -0.7630402329491719
-0.9632248436141686 0.24673735596188529
0.1999676391637346 0.7767126146162089
0.43684270510577616 0.43675354136476274
-0.8066026469190097 -0.170807161385643
-0.6817713512172325 0.16824133840633992
0.31068386783155066 -0.5222989516703391
0.16758196392386115 -0.5443198606462167
-0.5761059752756339 0.31379960586246924
0.7486063328222463 0.14208331774377014
0.2138916766179173 -0.19333767858677509
-0.20221977340490427 0.5655657379277064
-0.7916780333836446 0.05824981790704076
-0.4179264326926919 -0.1486003188193401
-0.6323229138079209 -0.10973336164318859
-0.7192946958347191 -0.34941039483810776
0.19610647457863606 0.735354142596438
0.15019865935953147 0.5578841326469404
0.38923402638332516 0.6675353458191196
0.8134966989720447 -0.238951784328151
0.5892421995234483 0.40826829699451017
0.295968316707391 -0.8611947115183507
0.8266697405282237 0.506492751930183
-0.7482414865476363 -0.04492976618670075
0.8417738803842776 0.5165026838781288
-0.37201663441466426 0.5228149927625618
0.5802121467367973 -0.5699113683725241
-0.16429234398811032 0.030288323537646322
0.719894374268127 -0.07131902599928419
0.6958274507173838 0.5907819454326759
0.9288237902859457 0.09824683742690277
0.9106876885133146 0.03181086303691183
-0.3979958232044991 -0.12555282930989353
0.3528735841106243 0.8229384662607373
0.7665207718658891 -0.4141941362910502
-0.9069494587639864 -0.09198917393996342
-0.8875808450970328 -0.28998047454697473
-0.24657005275745503 -0.011170493772248102
-0.6703170667169196 0.526412523749739
-0.3048877157409997 0.15015653890159286
0.45296143560135627 0.8435301464168545
-0.04711085132209991 -0.0731471027479127
0.7205257432831682 -0.6229336745714855
-0.3657982823481343 -0.10107806801523433
0.6280562548787509 -0.5467378591926697
-0.661472712282343 0.6732390649585478
-0.3849028552824949 0.7256091124819537
-0.21074990585403874 0.028088134554870914
0.8049878229393461 0.3283896127411918
0.667001002877198 0.6186992866694152
-0.813565206068293 -0.456017098372542
-0.8586333402533797 0.14060752113077335
-0.009497220468727363 -0.19094759796483807
-0.07247717796174324 -0.6870157851614835
0.014484077514945293 0.0883330201499688
-0.4990255467037321 0.7777183430970502
-0.6792840066164294 0.301569760264057
-0.48462168294455843 0.052181239428929826
-0.19791453378625334 0.2469381191811426
0.2730384908469059 0.3401814417810638
0.8877241656264743 0.1544785385975045
-0.36558116974884824 -0.2855783998861423
830
0.432132290560002 -0.5183652049598353
-0.17848289682555096 -0.36640533758802163
0.49511536130640943 -0.46333782182168304
0.34370481453040114 -0.04043393303928777
0.9152226152827052 -0.09383753786277738
0.6147544886791505 0.23694839939798307
0.4196655331231869 -0.46055790896034465
-0.4421546519649018 -0.061846341890265055
-0.46325866527698145 0.5042113465137421
-0.14983806692006763 0.6304639829496972
0.5826349125002539 0.19035949386525952
-0.8740944721277799 0.27515461592442336
-0.0349726067607099 0.30338030948751693
-0.8039665147172146 0.1872088134714247
-0.05163428288461591 -0.998498779022811
0.13506471619917182 -0.6893961192233089
-0.14914288795399488 -0.46287758678512736
0.1006841000263976 0.36382894698636536
0.13854806418489263 -0.37330138880985575
-0.818918221869682 -0.05486249396492804
-0.23123951512227614 0.7444432855853365
-0.8153056562943288 -0.4564712843285208
-0.2768698331635817 0.06414305841618395
-0.26205642295596965 -0.10435822353964541
0.8527908149033037 -0.4812615221600074
0.5471904397443619 -0.4293876583919283
0.23004754505465907 -0.49224414715951736
-0.7444518540196965 -0.38906291264850656
0.28913156569540877 -0.8553613219078069
0.25652221432135214 0.782490492040405
0.2389688049079246 0.9484003181943792
0.7958955946459532 -0.4290295923008509
-0.03486323007907144 -0.3676250950044493
0.27884825081663234 -0.6744399893447726
0.5620616605980615 0.2508746862381266
-0.9650392402237431 -0.14284975018990087
0.5152939484492722 -0.5886318485297288
0.2098076359011618 -0.059832763449939375
0.46317546840140733 -0.1881986169767258
-0.9343259067370213 -0.2989840099950529
0.13206716256199735 -0.5672304889958291
-0.749339044788458 -0.5029715735641977
-0.9576711955481951 -0.0933560347519411
0.1781919347249219 0.1581139004032639
-0.12559354177524895 0.48933161442978923
-0.062189236724249586 -0.7056076574818884
-0.17460956888164691 -0.46611210656325897
0.2571857001495752 0.19948030579619314
0.5621868914441956 -0.5050757899473839
-0.318173232578125 -0.45192536765504565
0.5793073014765147 -0.025961719095482838
-0.2121202440951344 -0.5714396951951064
0.01996711095680337 0.30589451850706273
-0.7707135592569745 0.5228687350682326
0.07781973738555714 0.9320313653817585
0.29243506925521245 0.7848879265201005
-0.4815167273905909 -0.050711901040003005
-0.7096949710483893 -0.35927687350054494
0.3420359793464054 0.923274071131267
0.2226937848744932 0.7074805385453271
-0.7503629096182882 -0.4750130164686335
-0.8560074294513635 0.16281118222093705
-0.5610116738020443 -0.30291808007942134
-0.3291921424438622 -0.3296504655340575
-0.5416341350800968 -0.7957724236838986
-0.3815031963093567 0.8024326146760474
0.20232699545611554 0.7061606412925241
-0.35042860982334245 -0.5096322959066766
0.3758869549140811 0.6335550920081043
0.7918951617678127 0.20613802600637854
0.14672529038125592 -0.8978690146437518
-0.11286227384351188 -0.9145527373273152
0.5253074372579776 -0.5041398120581386
0.2074297222409669 0.4701088603780432
0.0689419166985803 -0.7350220407661183
-0.34176771801622197 0.026802166856427556
0.5338371731584368 -0.05469021339822189
0.06689267757243145 -0.6935013556667824
-0.17677013783283724 -0.7130248290160215
-0.20585493477086492 -0.11002916462825008
-0.30747949977984734 0.3615128092351416
-0.4472406942234801 0.1008868224777213
-0.511929378167902 -0.75552666609887
-0.12710654117133258 -0.21924505904434577
-0.04611162042870798 0.3719935347933201
-0.5710146239330405 -0.6402874698375625
0.0991925110117422 -0.7551867249012492
-0.4297711774299018 0.09583655648011313
-0.21953013905136087 0.06835518923021833
-0.29725892573144486 -0.5150450533952573
-0.5393625619480875 0.6371586626096932
0.2362384368694932 0.6270683393228507
-0.34967131302208654 0.20860895783167543
0.42586814917917715 0.4666356644760046
-0.1843689550475105 0.7266537148211174
0.8658909259303529 -0.2866892579154565
-0.2742650697282287 -0.22403115794137118
-0.6397498891430116 0.6510027714105651
-0.42449454818344723 -0.8298982564609194
0.39429281572939523 0.7644761204302162
0.45927385355220296 -0.02901155636791386
-0.6440356413745354 0.2333831405670761
0.10852762810166872 -0.36860333481129115
-0.5160622762383136 0.000655671043155337
-0.11369079010818384 -0.6140606912493081
0.5166156228035241 0.8346417852204451
0.416308081845179 0.40248155488355475
0.17935868099414765 0.5450096271785854
-0.2701829852922564 -0.35195160585628305
0.10290287471618331 0.1027621038660298
-0.5120716419417892 0.5971204383854469
0.6686936454600227 0.447833257595764
-0.49503904886499406 -0.3376729386942421
0.28757047087767984 0.025639972079106066
0.25621961820647754 0.9472191275732931
-0.5233247255016626 0.49233714873136347
-0.4232338946396177 0.10057348902190832
-0.8991574355424163 -0.3366370929667568
-0.19305883828970472 0.543326472469627
-0.5861851021294471 0.11751776570356443
-0.4556994194896631 0.4598661325269553
0.06255573456893226 0.9041135951729082
-0.05332339356315052 0.4056637345640346
0.5861176975980986 0.7252146363551526
0.009559278598729293 0.03985595409389342
-0.3073445742994245 0.11870020191636077
0.27758788785499067 -0.19239672306590805
0.13573536335748115 0.05478124636529125
0.8801599702345833 0.339349829223794
0.7567323511591328 -0.4069421853564601
0.8905197907063811 0.24174967535359682
-0.2729708447430508 0.043623465776880144
0.715935632401252 -0.6082240764265403
-0.6665906979271439 -0.5417273607071242
0.1715399655409695 0.8426749212324429
-0.469076767944939 -0.2998525424190155
0.24381653400880432 0.2779726693940636
-0.27623811668651155 -0.40998708364140324
-0.4044944742749792 0.8485711013168704
0.39882655812945345 0.18732490962178439
-0.8697999004076136 -0.13286478715531413
-0.3028831479405767 -0.17616262835237073
0.1837444983654799 0.5125278418805659
0.027201140211054353 0.8408265079895605
-0.060718265307678765 0.3333744536603487
0.3932831928184284 0.026755188787026984
-0.8196342688386624 -0.24361632486300544
0.030175374396676835 0.0292833912468613
-0.3259561412323726 -0.05931926142949884
-0.32410452300861303 0.945932907253878
-0.0946266065847381 0.0881848013167772
0.3347083660205892 -0.08962275065442671
0.059227793683891417 0.23289190212462318
-0.5354384357764761 0.6476217968455653
-0.7055073174678885 0.6274522029400085
0.7929280801218526 -0.24787170706644268
-0.29817398858653044 -0.5561634876641732
-0.17382229792381598 -0.38225485162272865
0.7460842403620085 0.017139809207747714
0.5837203974284175 0.20913010558646872
-0.2798752459530429 -0.5289240394235808
0.5795429992812866 0.6940933045758053
0.6901916793914014 0.5769356266974763
-0.1929868094109468 0.540875876714596
0.23835864660182682 0.7382456748053507
-0.19072229563901577 0.23592129171073362
0.5594021766470736 0.4429974930788758
-0.9430023865811983 -0.3018584451865398
-0.3219607518851719 0.6598620965018751
0.9095673242848423 -0.06525090696550251
0.27418913526600397 -0.79866003942116
-0.04768058832463873 0.1819160480280706
0.836769728932798 -0.1962143142248225
-0.7012917375378427 0.15498698044396675
-0.3800758462091809 -0.11763201086518205
-0.3056811112308562 -0.3457654833414916
-0.21014941546485333 0.4113588670953585
0.506266692331147 0.28627410839527
-0.10834335138701445 0.658462485109037
0.31209418819864165 -0.2418983968469961
-0.6886889971365777 -0.4914515088445135
0.6889798143693764 0.18717322984124074
-0.2472096240602717 -0.6053647502557646
0.20196964174966014 0.5079589998937746
-0.08283908223669001 -0.19752245885370057
0.42267661389680233 -0.8116093753635008
0.5616969753244738 0.7763847537483968
-0.018363219736542424 -0.11955722168487437
-0.7035238135962698 -0.40010490397637044
0.6686321725210498 0.5971704723465505
0.06482231673050753 0.9266733017323825
0.33218456134274144 0.7048988390638691
0.4823655583672417 -0.35768831741375084
-0.3136601373156882 0.49999871107006255
0.5018711543398371 -0.7414017182405832
0.776007535729822 -0.12415596250116989
-0.07380773723345646 0.04947462529673019
-0.04285361810835964 -0.5315257007611822
0.5127059081564063 0.6125705518215776
0.30722879328174035 -0.23023214667318181
-0.58533804598998 -0.6451318765475731
0.6038111552966037 -0.029776724331820326
0.23021011560586468 -0.6044450782494044
0.6043445555164431 -0.7496983461473963
0.833795548461336 -0.28657496106563696
0.3309377534183615 0.07562609377035656
-0.18764242618284865 0.1357913274307525
-0.42626571060951335 0.08272648607279653
0.07865778523658506 0.714442736976046
-0.8892902804026854 0.21704636268659527
-0.5559787909154661 0.25482483285661117
-0.0741503249465747 0.6126913204863145
-0.287630446968155 -0.3560943836782555
-0.5584802370153665 -0.7572607657317845
0.47053252471571017 -0.7508053276772761
0.13376848651933804 0.11772584386957297
0.19841746379078118 -0.2378093979369944
-0.4058004381787699 -0.49193949078651444
0.4244516263406879 0.11444056208358777
-0.06768226984818648 0.7320446710137207
-0.18370269259204308 0.9112849997148631
0.7226050359870302 0.4028532321497964
0.29718228301674965 -0.8291291869267758
-0.6916072607286934 0.5246854340911813
0.08049591347778917 0.7823019818379897
-0.4225721184441671 0.8691999233221157
-0.7966550023143706 -0.5267732209930593
-0.10118276296838946 -0.23356580880314803
-0.16822383745461322 0.6837261753725212
-0.3740252938676216 0.185071107181479
-0.09149560868833007 0.585371400929362
0.5703077624543182 0.5204333882260457
-0.22828425446938083 -0.18355285091030327
0.06238645366245921 0.18174417672974186
-0.40610716150787174 -0.42798242621837135
0.002595962494461812 0.4337427855446232
0.9239417836595611 -0.11592202232030391
0.4108579217871642 -0.6742905383979332
-0.0074018095651160465 -0.691199642684412
0.005377578644494507 0.01787133756424031
0.7020398877530134 -0.4317930420209015
0.1809880273868203 0.29365609573283646
-0.3812694713848366 -0.398131905333146
0.07055216918458451 -0.6988484940595312
0.34274700479251474 -0.6590935940684186
0.6690241793494061 0.4237902803183442
-0.706624539439987 -0.62779748149446
-0.13465840352924396 -0.08175535849718485
-0.5822661970193299 0.20710661209489523
-0.30749245166288497 0.06720913677775675
0.9935794267560047 0.014956085104717909
-0.8533350616656286 -0.0207866188000434
-0.47218346566277103 0.04832280655064691
-0.16225912294294798 0.4788700285814993
-0.5927723309062909 -0.08182810904091875
-0.6492233585940943 0.3398129458343515
-0.36151942425649475 0.7042310807998127
-0.22264452538071122 -0.9587893555581621
0.3475818821695762 0.4832048584941
0.6153759862487993 -0.2808571792349146
0.5625366203684237 -0.7297834165324051
-0.5101981603523751 0.5907150850983076
-0.02245786780961878 -0.8896180196554864
-0.6360323147092293 -0.4980875438668151
0.7096946560964081 0.6090390850538812
-0.2967921626514187 -0.9285642393917859
-0.6074479303022571 -0.500240445271984
-0.3406057347725311 -0.890899541082756
0.52601158736028 0.225983727173235
0.9530156698041985 0.061163119297624524
0.331090071932699 0.4357709084084642
0.5563427584145613 0.3528873443705729
-0.7084404769486312 0.7014422570698104
0.014817965337951211 -0.5580389901756613
-0.17500756147433938 -0.6924038136577249
0.044595954318938924 0.9500619636456624
-0.46260233234379 -0.5454336350431828
-0.0348055023226399 0.2517193049960711
-0.7003910731809497 -0.6336464104220976
0.20102368924290714 0.6533876805543488
0.2977346077595526 -0.5693941262869389
-0.5629617545431163 0.07394171243044467
-0.41886814465288436 -0.07591959905197987
0.6252121608798196 -0.4497211811678412
-0.529790298512737 0.04501342758848348
0.7420030554154704 -0.04906590344103523
0.6973031575784066 -0.535911684195574
-0.5553604808428465 -0.5553592906382576
-0.4029400900303146 0.3055459203141251
-0.8672333823030705 -0.31983171144652744
-0.4120320763956766 -0.044270371762503036
-0.8790192425589425 -0.3312024419196842
-0.20369802358765843 -0.5885677403626182
0.6640165722761033 -0.11726387397344595
-0.7186010946177146 0.4573726621270251
0.2728769678419518 -0.2279267543048904
0.1920023177534187 -0.8523358333637672
-0.05646099655330872 0.7520335290952571
0.2550170917782779 0.07494577140315961
-0.31146612293067255 0.011628915338163903
-0.08323176228994011 0.9615103413791508
-0.19349713225344956 -0.32255560427813723
-0.02559524377250577 -0.2094211841838527
0.06470831479882277 -0.9436269688130934
0.29692618446525554 0.8277504522682086
0.23288009334007387 0.5040328558787082
-0.39712564308528786 0.4703774402414853
0.47281701079766547 -0.17696431667705737
-0.4572470534919526 0.10315390433396399
0.4083658177440468 0.3603869355745526
-0.8906822546424717 -0.3178851527198967
-0.3726321532976702 0.6770343456747707
-0.4555332490941735 0.7598938840810798
0.47174535756039204 0.8494879942275588
0.3416347490350746 0.28813886681077094
0.2856416162203972 -0.4359474209193488
0.3157960507395765 -0.19178827136497079
-0.29181781589015054 0.052673032086850924
-0.5706373850563584 0.6663024861843427
-0.38500678603800154 -0.35271104841052514
-0.1578652042073494 -0.5415673261355611
0.3596540218164219 0.7067897872086315
0.6935278948236367 -0.3006180621798138
-0.9256968358998063 0.016805310851498056
0.30205106327700415 0.17918489711556895
-0.4310253996152271 0.7789824940992645
0.774291481400762 0.3475804906352622
-0.3684804313512233 0.08055101404219966
-0.48404253781722884 -0.3560131927152139
0.23749859138238327 -0.9590872235572172
-0.14387623597299615 -0.29136958482869657
-0.5841696713134179 -0.3476316558048631
0.7102168943827065 0.2943461937404419
0.20182978750614722 0.10275715636849525
-0.7981550306078495 -0.4836007577498074
0.8993350558593607 -0.31109529243014866
-0.4638133127612494 -0.6697507128438611
0.4860949470412126 -0.2946995771148817
-0.9764297910335709 -0.19964368706701463
-0.25537298543623255 -0.028764637808138094
-0.26128062464585877 0.707961645543554
-0.6526174143196568 0.4149093695948831
-0.2788052222098161 -0.3046205380474438
-0.2013712573042985 0.7822125024354591
-0.692392743536471 -0.6260601185965917
-0.14718183907861415 -0.9153212876312449
0.39152596627001746 -0.758231384573917
0.10651143560896359 -0.17716201259426856
0.2834529494473277 -0.7947486828768078
-0.29375055719939325 0.9040981514887669
0.7962553341699328 0.06103187988988368
0.3054017520031691 -0.37363597636567025
0.24758011970600946 -0.17181837132075395
-0.2881475506225797 -0.1176343567589857
0.7589941086117047 0.22710196851999398
-0.4090326062404861 -0.6553975452334548
-0.6875846276781541 -0.12443648958415365
0.16023938318623432 -0.22008407489188242
-0.7974565665174844 0.2702188468849718
-0.9472462664404142 0.27532543853729075
0.16603308581152065 -0.04156077524604895
-0.2687178474115337 0.5265905540696372
0.5746058916306911 0.4717132044857957
-0.9276317954611419 0.18777758051455695
-0.3868828078674149 -0.6507068109815841
-0.851688072665117 -0.09809697097463
0.54073697181232 -0.5476325841415726
-0.6604478271332646 -0.6973112712499707
0.8031922648751497 0.33569552814854786
0.5120030038029277 -0.07954355836979854
-0.31420675827426603 -0.05264257489821911
0.7830487226029743 -0.4459356042328604
-0.43049175192395994 -0.19052147928675067
-0.7776885875391242 -0.03721904900088724
-0.21327621777356986 0.323572746029791
0.96032746086824 -0.24879787582565904
-0.9292215081096111 0.0034635380151291084
0.1367383074523545 0.6546868526542369
0.01917473581812601 -0.8445080248734109
-0.02280386344346752 -0.05899167089938695
0.5268160487350741 -0.1443096694417425
0.6734554644061066 0.30599735217026836
-0.7575187082377874 -0.13402201148498438
-0.5674751652994086 0.6917449691846347
-0.03739830378169162 -0.9027594370384775
0.6936076873314194 0.7093801675593041
0.47015778187885693 0.62077687458391
0.3899851657163722 0.5627915583636143
0.5272733656864457 -0.24255040143141682
-0.7862459035305329 0.5315051727592033
-0.4178239412512297 0.6536038954618557
-0.37454957713920023 0.43015712384864013
0.39914570953887396 0.17538513776989784
-0.5450522481629079 -0.7841023668949565
0.5944125241058058 -0.056801124220015264
-0.44256487294016655 0.7259202997212415
-0.7176821774157849 0.42129297001134014
-0.20214302936400275 0.5136846156694865
-0.6031576486983312 0.15208969251220172
0.6673239296851807 -0.48241855362187436
-0.6492977193865708 0.15542564936196102
0.4961007587762225 -0.3832352525451119
0.6296194556290076 0.6348570963352567
0.153636373275559 -0.6801137210883139
0.3308554956813843 0.9436740607967549
0.9099576130516946 -0.038836144862399946
0.37895459292457523 -0.5847084996862499
-0.7496088802976746 0.11510651701746166
-0.18921041589133303 -0.9382887860944558
0.7683520844346385 0.6225588507198669
-0.7299214888182324 -0.00879596191478993
-0.7517719069279905 0.1248859478301223
-0.6092766635625912 -0.11425279868539429
0.32195290199066573 0.6537950928357832
-0.6066401198346518 -0.3812166426016157
0.39703187686178354 0.9077558703746729
0.016384975268538993 -0.15644593434393905
0.14548477239559254 -0.6122936337375626
0.8143066820152229 -0.5235510062503601
-0.12474281150976729 0.40161331806816847
-0.7857942602699501 0.30772341892443245
0.2993018418564388 0.9472717995604258
0.1961333768862612 -0.7563068525642744
-0.6350187351548933 -0.5626012508507832
0.6758681997770721 0.04724281001400521
0.1874674695633256 0.06981376291764274
0.7417427876574392 -0.11946337928180295
0.1528740606883261 -0.4906677715996808
-0.5532913628819476 -0.8019105418302073
-0.6967725221439776 -0.3011224492404474
0.062373038822533866 0.14539133196861687
-0.4971805300893195 -0.6654702190779129
0.37488040245032583 0.2678892618259754
-0.7768554430741137 -0.44661676222262336
0.49837848365612647 -0.2107926043274735
-0.5379564644861667 -0.2632647693255783
-0.8052635815926827 0.57076992553223
0.5259654229830892 -0.1350908826444428
0.6848084651912671 -0.08025268817040421
0.44177404047011715 -0.7025033341075766
0.14779611336874532 -0.5004909039325975
-0.7075009412566531 0.40499814990967176
-0.009793679584186643 0.7819615280308194
-0.5862115040742577 -0.28234428217071406
-0.8110629903550985 0.46448483830922194
-0.5387409124419145 0.7486493433795105
-0.057869792273868015 -0.6066382253658547
0.11184734947370756 0.5921637947974852
0.6763937983365143 0.36175923948829447
0.7251251475945015 -0.07218280309581848
-0.305958126949593 0.5287031573559533
-0.47644226863069217 -0.1577933566146772
-0.4536524447362491 0.4395022032599776
-0.6888217308483902 0.6458129891921811
0.7804150162370362 -0.5026318219145123
0.8379903887204734 -0.5252996174145275
-0.5445680506673987 -0.7826368079289843
-0.3996242104111767 0.622714308845391
-0.3796285798590564 -0.9073402409924844
0.14321126265900652 0.6513763315225711
-0.8746980684431955 -0.11124982039918829
0.1822585944128028 -0.7161083410414997
-0.08448596176867063 0.9695728042965466
0.23723060187342782 0.08190989347116995
-0.6975959602537996 -0.23819963995956073
-0.28333494079540955 0.7798346295315823
-0.2150760717202569 -0.24218013406145533
0.27145119157187314 0.6253474628059972
0.7257898762533397 -0.34380429364671916
0.2145194720982624 0.38327573334227827
-0.36459753058406497 0.21240370958713206
0.42842180561295273 -0.4369127766554659
-0.947687150959575 0.19916513079828113
-0.6074536947417737 0.06103046616989616
-0.12036785620315604 -0.3067394772455512
0.8175264928152839 -0.43396575427075157
0.523056854773511 0.06047547345311144
-0.3675656056969454 0.2625301649780689
0.40625200277815265 -0.02105247821543066
-0.3000431994701753 -0.3842025361818222
0.1519819974593024 0.5702344216488977
-0.6660837833442688 0.5893329147049129
-0.2666725109457948 0.2733095955386222
0.6167218903500167 0.1816420273338304
0.23926473126169 -0.24178521364121686
0.3083357662851929 -0.3884943594347532
0.9104323380740122 0.2349373948693405
0.14194005762432615 -0.3632468785853875
-0.1902864513139093 -0.5869068352394957
-0.8786181764478711 -0.11600293744520163
-0.07741714437659741 0.31168434137428247
0.34612304610372413 0.1193937443675337
-0.5067269950423232 0.6023538900252283
-0.44504655697731543 0.31221417634480453
-0.13716496594884542 0.8147111039006996
-0.7491515366743011 0.09031638885080318
-0.9135720482494318 -0.08577822045183137
-0.88203397818604 -0.29928186320772143
0.9192297014242159 0.25160366154718017
-0.8023508714295458 0.507800088074378
0.38727636322304604 0.5246621084191871
0.7687608893123423 0.37112991913188953
0.3130637533912928 0.3324640377201682
0.08260494176814004 -0.11187700550205504
-0.10039685114205321 0.7431911780631468
0.7569069791052134 0.40215973629036306
0.3441541317759378 -0.7542287643442702
0.6882425644691867 -0.34955519406645963
0.48927729297466094 -0.3054913560279082
-0.8687761902237048 -0.18732652119212734
-0.018178932983484497 -0.7588096080716791
-0.20141905786589764 0.33415004135392734
-0.0022732525234676615 0.7488011670307353
0.2529117884944516 0.330201400947183
-0.9542635465248113 -0.23579860073080905
0.6590077272645927 -0.1960520811361286
-0.8158422058023946 0.35433055793154367
-0.5933653034407786 0.5858754687092593
0.31301284444203037 -0.29430476408217077
-0.5735093411247951 0.23945554209572428
-0.31563169020242055 -0.21132036259636133
0.24473546582014194 -0.6714581389592731
0.7618185943347227 -0.429450843514835
0.00048601864763653246 -0.6010683764772204
-0.021294375369678153 -0.5916794502650202
0.1642336210256865 -0.11360050368659547
-0.6090286534927694 0.35366256485138203
-0.19105126564016373 -0.868850664173447
-0.6939822879406103 -0.15004905901738952
-0.31014755045858666 -0.8439536310290878
-0.04231811581481271 0.3234401291691038
0.7115694169373246 -0.43872915606141216
-0.159449484647608 0.24965707977802643
-0.3945952369155916 -0.20706799025012246
0.3968187778670722 0.7193122259078069
0.18397757606484322 0.25472170832931784
0.8606640045506477 0.23786922599962868
0.3616745176655878 0.6905020612633439
0.11407870865430736 0.6616358704629564
0.3489979776828267 0.6342800702235911
0.46239456935720424 -0.6842431254341821
-0.30920960399562447 -0.44607865903099886
-0.8910479143172305 0.32798782624548073
-0.6751018937910069 0.542939409849269
-0.47742598461787766 0.2281619356768998
-0.13933178890524545 0.5442688247220473
-0.8932735918533379 -0.17916663227815288
0.4109739345933443 -0.7741922278567541
-0.5265804651304422 -0.3534784528156951
-0.7512302409402063 0.6409230530331691
-0.4836706113966469 0.11773213554655193
-0.3111504179043636 0.8779767074727289
-0.771215910281104 0.13680289521748512
-0.0992575207083175 -0.36046136680126306
-0.3519290669518005 0.7623648182031242
0.6935441721475681 0.6388628330203592
0.3567744198492586 -0.8751483075890762
-0.20448355337390955 0.07294980947368912
0.17477811172816127 0.9743384627938172
-0.32081123268539247 -0.07340185580356984
-0.022833232910331347 -0.014113857633532456
0.3151193164837385 0.018024826605046895
-0.18495899074990274 0.7885494283843131
-0.03452897249966158 0.526971205559384
-0.3101384196832071 0.45515096276789446
0.9048375304523186 0.40596632709942493
0.38829365761069234 -0.20497980801878768
-0.8742585193422565 0.36943310942629193
0.4889288917954189 -0.6886260869834449
-0.21508889738197223 -0.0844431624521711
-0.519688643692332 -0.48412559251257314
0.5873632520822765 0.5796302618085047
-0.8432081904471183 0.0951385647816887
-0.3315691990595355 0.4694725538361655
0.11892830831083012 -0.02946228519333749
0.897416683163142 -0.3958802755050024
0.4624030887082087 0.7225189071692435
0.12611399343285568 0.9064079533941114
-0.6613905655121042 0.45633780427512094
0.03675866612938172 -0.9831779054342558
0.8575268431390317 -0.2192230572113989
0.2539191667319656 0.2471861620354192
-0.27517503913875574 -0.29629291103768196
-0.7277771164602267 0.653602742935548
0.7644120475751865 0.2817409654187566
-0.4609579301729194 0.7445908363574041
-0.9308579175618252 -0.2578459253087959
-0.8771885443276937 0.2823919273283606
-0.22180719653621472 -0.5176856266307521
0.16892726231912847 -0.8035453818222722
0.32943848388800734 0.4847548295323256
-0.2921479332471977 0.6907399688656883
0.2321098117413436 -0.2573119442843428
-0.33871590274215624 -0.8413729378171926
-0.1182897418559905 0.20407957945846733
-0.057317463731927365 0.7920786511766449
-0.5558403432846144 -0.10924057963686185
0.7417911881852168 0.5030122871648768
-0.003818206202062635 0.7275316161068732
-0.29804587715307784 -0.6477498132284716
0.5475231036656019 -0.24259929724599938
-0.0016454178410290066 -0.1499028987100932
0.2791735052756157 -0.45644582985082827
-0.2540236917355465 -0.8417481715008603
-0.32023524782314494 -0.6487995093021084
0.333250038629034 0.17669408301877687
-0.3221060348956879 -0.6659497147318676
0.48971857905658456 0.8299049404083856
-0.14207186027672658 -0.3394181140746446
-0.7784796069548818 0.40212960123723773
-0.2682586494237911 -0.2004995258815685
0.4205583551674881 0.29728599305846637
0.1450043006808075 0.6553887277329602
-0.33002986298295456 -0.7159516687344787
0.22953538182819666 0.5391798391186355
0.8048957759435982 -0.5696000418460805
-0.3863566748913527 0.5219049234405544
0.4858950630396197 -0.8238540684886051
0.5719338675124606 0.429295539489144
-0.6626484560227834 -0.0356174346784075
0.472972792026094 0.5483939752803322
0.35782769088212163 0.7167184281441705
0.31230262666618835 -0.1465296636793294
0.5190831597085162 0.1442226752313862
0.3501580364885841 0.13087753096717658
-0.7945029606341882 -0.16427495088808675
-0.7378671515734707 0.38199096262359644
0.32504208947041247 -0.10911445648390772
0.40597067587283897 0.9103620815718496
-0.4000432766384767 0.427990811718189
0.474021902368154 -0.592592079937222
0.6304480645746866 -0.0090754304040217
0.9028414350843228 0.261553432349501
0.22075595996997932 0.6016566028334809
0.06148762565043553 0.08957318315519758
0.5431039976390213 0.460304621532168
0.19300610387263206 0.17241569102167298
-0.8614810603834535 0.498444418504165
0.10209066913155085 -0.6788435818832792
0.8985570219807058 -0.07226374992607454
-0.27228079771014246 0.35135522080364057
0.376289036469476 -0.17222227374712795
0.30393949560425915 -0.31100789121406636
0.5531040435822621 0.32135016315238407
0.13766372647885827 0.5561867350780803
0.00411828584308549 -0.5002614352989303
0.17117055446004836 0.5106876000957943
-0.4932156306818114 -0.32043246309919327
-0.6421988543408859 0.047576432451119643
0.2975990879205699 -0.47981029524746144
0.03431098192063686 -0.3397483408760418
0.25796576286405504 -0.5045356129838787
0.12075283771645284 0.6543771995454384
0.8265257587167236 -0.5501661244534781
0.2987024176671762 0.9163140149786109
-0.7027606609640213 0.26495570910941657
0.054693588996907794 0.1456024042825088
-0.06847862367614277 0.07847097526400515
-0.05660360389693042 -0.6268298277219579
-0.8914798641690567 0.1838522550699051
-0.7918841415861253 -0.49080885796899376
0.5478115686287508 -0.14731596833853988
0.0478821482257068 -0.6491461555941282
0.7287456475782601 0.10757118629773443
0.33239838448416736 0.8134477835926104
0.9030980235508808 -0.3893621685858526
-0.3993279676194592 -0.7390932340140999
-0.16759366909384021 -0.5739623824937259
0.36872148147403805 0.12139130677923982
-0.13697881588466254 0.32628241015186776
0.2280955182749873 -0.9585313163996523
-0.4886456157505408 0.1850582975573838
-0.007021237427929483 -0.8112253830826077
0.3253258611421197 -0.05426822574465606
0.16165662280595328 0.06289047456321883
-0.04142985791205467 0.8719555726076571
-0.2791055814567267 -0.16672329470776215
-0.20669372642479766 0.9269571139259134
0.34801166635219216 -0.7689358640947532
0.03565575701709922 -0.7736933581452692
-0.3741646709897568 -0.13893668659139524
-0.5839594182635479 -0.35737870610146794
-0.4446013735853518 -0.6384224905861811
0.6905986624159912 -0.41379597504121834
0.9361866583684528 -0.04389234545408649
0.506149389038975 -0.36782080663672256
-0.6556272157766934 0.21611686189230972
-0.40803130029372703 0.6779376604745071
0.3863352915040137 -0.10625971072593376
0.01308066763815674 0.34877484180691876
-0.5211931262874745 -0.6510605534397071
0.10533729097422784 0.2291527910147646
0.14509395761419408 -0.4972017904412154
0.6333177454706898 -0.6817733398505685
-0.029763080295597488 0.4068440761787766
0.5835949190705807 0.22455900826477726
-0.8437838232263029 0.24836286026404686
-0.14562557705040557 0.8660350685895857
-0.10359759773044508 -0.8995196292616356
-0.22235445439724555 0.044495264819985
-0.4277881019290295 -0.8187129149931387
-0.49077248313981814 0.4028219958911754
0.2849240584179624 -0.2016332069729363
-0.0024973107208454692 0.037531501561060665
-0.3019305908479617 0.9088774216543765
0.9113996918947935 0.22366006457019227
-0.39879738284622457 -0.8600007409676147
0.377505814723228 -0.4741059633904072
0.9618589417294687 0.2299045110997744
-0.11136893014894245 -0.16443919245958782
-0.34775253669169026 0.21809859436743295
-0.4455430053895324 0.3457438899060026
0.516675219950107 -0.1755033316488641
-0.9648276512094749 -0.05756931971039614
-0.03276977013772919 0.0734762645467768
-0.09115825870539607 0.3138738967353034
0.38422328454325627 0.3652406152907479
0.04418929907365654 0.5363807102751119
0.008747404869178466 0.45729228502114694
-0.8250276783164783 -0.5228851369185916
-0.21558212430076162 -0.6707998395237018
0.11557779341485164 0.9644431507552977
0.5921522494579976 0.12566500203617403
0.8003322576820926 0.3733777915472172
0.24356266038089247 0.030503546516147173
-0.3709352652107185 -0.03708116138503481
-0.5315908959697078 0.7595842312683949
-0.023073243576778646 -0.804349020143051
0.10182132712786807 -0.5563533734156865
-0.8013898700829583 0.448312561669326
0.4807827926164594 -0.18687651651411885
-0.7874983279914427 0.1703619794282729
-0.5799571851974796 0.6147451785190361
-0.46616103693603095 0.42201398440359017
0.07331150958943544 -0.8959157662908108
-0.38482482266448836 0.2738188860514863
0.24127096907804213 0.5746461578124209
-0.644171979886623 0.4539452993221862
-0.5189861071745163 -0.5303641583522636
0.5044924774680806 0.34420133097440453
-0.06552682896016426 -0.20508966480746071
0.46744310391079114 0.411920585044786
0.7612502846833351 -0.5196513535252771
0.6934590608606741 -0.5276460526407387
-0.576422214165514 -0.2326149872328449
-0.8278567812795379 -0.3197323956980074
-0.8156394802979563 0.3639780923494105
-0.4772009926068299 -0.791555466912861
0.5480284269507036 0.6052202355778884
-0.043341375480675515 -0.6375930713080868
0.44610397379978917 0.7991250581046894
0.06356834467158201 0.8514177135981178
-0.14123826562136688 0.896084896378607
0.9910411040508635 -0.0008450521134493183
0.1826871185958603 0.5861290180712206
0.5940572746426964 -0.7674788655762541
0.8415335724436743 -0.29279974935565534
0.6988336035299987 0.6797364783177087
-0.2668389727163065 -0.7626139848088938
0.4271516509135729 -0.22667691955335645
0.3116717214451328 -0.669561900521966
-0.05408533735385945 -0.74692124063701
0.7859378427851091 -0.16953130584041531
-0.08063862080332229 -0.29943107553730397
0.03429121509550259 0.07253100335477658
-0.617287528428478 -0.5285177177038674
-0.7550857838269645 0.6369185825841805
-0.2203795250448921 0.7384609648007472
-0.054312220218290186 0.5596138525824805
-0.6482000693057834 -0.3268865966414234
0.27082362905535295 0.4829303872430897
-0.6522007838095325 -0.4346902700874904
0.1692197344680091 -0.12454682569806974
-0.5821737962434579 0.5475944094949334
0.6188529502694564 0.5985560334867766
-0.2647958590502655 0.2784684031454483
0.33892017310776956 -0.48422881848175847
-0.47569901458449104 -0.28848865527448164
0.9114146024186498 0.10113760908815506
0.3618806698424466 0.27346767898698077
-0.38507074148453646 -0.7122288433519999
-0.7823648408985018 0.6093950908214363
-0.44016297211698596 -0.37732297290359473
0.2509994156060551 0.059648328777284876
-0.06438849607957153 -0.6973064470536854
-0.19025718182256246 -0.6377384135844566
0.22351707632182327 -0.20388911439622692
-0.9108878005214021 -0.12001467071961458
0.32917983132942275 -0.7692997227775149
0.21567787639745872 0.28980181442634056
-0.3962471685867206 0.8493264274814345
-0.6157820191213257 0.7299085141078399
0.5651184608655242 -0.6673518309453985
-0.4039318530557763 -0.5959550975836327
-0.672684245434602 0.2678998320385777
-0.8566841971545021 0.4394763535195967
-0.6699790057159767 -0.26773534993811454
-0.39109642592084004 0.04010303540362159
-0.49000249474247504 -0.10079476540131571
-0.2213396315451004 -0.1864649678663206
0.04487323215237593 -0.5808542997465043
-0.25789604942300204 0.3902267478434269
0.7330364716641393 0.005478278781352763
-0.07583691626552524 -0.8433566645601447
-0.3557443328622838 -0.24359210448251
-0.14610050634596905 0.2441492712517923
-0.38161945330989777 0.6712359598199313
-0.2514626664658588 0.8822258058590475
0.6330956937351548 0.19033694139622637
-0.17434718717388575 0.8491221968184908
-0.4689696855506722 -0.049026384480184815
-0.24290573240881908 0.616241741955913
-0.7144431552387114 0.2638806872875039
0.3606574499356032 -0.012918350706266901
0.44676193895230343 -0.8301566051038141
0.3563138919492672 0.20647634102960755
-0.7417013241291461 0.3106985447732791
0.11834894717401423 0.8219632396588021
-0.2085464582912786 -0.4166036169367875
0.27392450100983834 0.08115102206598812
0.49186578048279683 -0.29480642672852486
-0.4400421888562911 -0.8079413507031039
-0.4160696061072793 0.4830014187352438
-0.07539733661555004 -0.1437818100264694
0.2429992032691044 0.3466276689746217
0.46064152131353286 -0.7219520470096721
-0.7865072670632007 0.03165784910911018
-0.8228594190640428 0.19040630886928867
-0.7176862869404135 0.20040671578324676
1000.0 0.0
830
-0.1364154912343425 0.5962619269616258
-0.591345589647821 -0.7326343700221105
-0.2384256347960394 0.8214586014200171
-0.034887135919229983 -0.8960235546095852
0.5590560067978594 -0.0823788177405318
0.7485502163502085 0.23420198175701978
0.7812176730789169 -0.6185363353575306
-0.09239680884488966 -0.3811627415419745
0.3358113039211812 -0.10672082547465234
-0.8721525412562543 -0.07427791098521275
-0.048790438516802315 0.7555328882964791
-0.24847811540637377 -0.7817222250140259
0.15438513560773526 0.5756655447963028
-0.303898175330924 0.9208897967617591
-0.7445801695830858 -0.5848526746221265
-0.23455976750129248 -0.12979010392261925
-0.48956197564375836 0.8601368273506966
-0.27448868407628035 0.0517070756999265
-0.4336147441731233 -0.3370604410293041
0.25395293954096587 -0.06343749528929998
-0.3620371657775363 -0.15375327747729672
0.8442076254674116 -0.06192012574342254
0.17807326093034193 -0.8310628074556259
-0.29389500029629456 0.2312197041316253
0.736527105160182 -0.0948409327010451
0.44352739425472754 0.44922446991323284
-0.5554139791457455 0.28167879151660746
-0.25469427780978826 -0.4357719437629348
-0.7112055709573235 -0.282638122535243
0.6724325204849435 -0.46088700820119444
-0.16682515028069766 0.05521164646052634
0.10483721466694029 -0.2768561373175795
0.7278806114992333 0.629260603779771
0.16706942044920936 0.6402721299170184
0.13630811993035352 -0.6742463727451615
-0.8569619527346697 -0.18494366430976683
-0.8148084758978085 0.07559457412636195
0.022816574917906562 -0.01772896714539396
0.15640328989869556 0.254823209015977
0.8048434712140855 0.1375992231636025
0.43602961334684465 -0.8182365839137109
-0.3822563819717453 0.498400465863301
0.23442304924531077 -0.39687429582880496
0.15179244554477944 -0.4748878567652792
0.7887304058750517 0.21332960835898462
-0.455520526253542 -0.3241538892658258
-0.13588572867937998 0.6306056094740895
0.22380065897335766 0.08819960115393433
0.30725963966044256 -0.08451251331691978
-0.41667667360315574 0.6190672955003562
0.15050789209869997 -0.9875835485015905
-0.8337206864331037 0.5381200880638346
0.3298568822969985 0.13616758927322903
-0.22913463531404554 0.5212134716329866
0.2775240073287275 -0.8435128003210575
0.12051424510873421 0.8079953053004303
0.9602455620730195 0.02645746297263285
0.008583498919363608 -0.6848804570713571
-0.07039585440817397 -0.3169102577484859
-0.661672881095897 0.38862990062878433
0.09741111011195236 -0.1142951472701288
0.12810743293606075 -0.02607307111794399
0.18558190173229305 -0.14344561466837735
0.11893780159531753 0.9050736548834895
0.43071894841207103 -0.8365611288165711
-0.04954833784149759 0.7017084451534539
-0.9120730642517836 -0.06584262628876925
-0.7729289900874368 -0.003921080120652398
-0.8469317600025053 0.34970451395624624
-0.327320066364543 -0.17219236775908664
0.5456124165292402 0.24008179359660486
-0.18607708075225537 -0.849784487858261
-0.25037913489416175 -0.5773511772162156
-0.33572095588232465 0.4158940863668532
0.4786734298935451 -0.06968185362902046
0.2409062686187602 0.6556383389484355
0.5185557886624104 -0.13439202447548793
0.3963513097013478 -0.6739502001113546
-0.42722424944993675 -0.06476531094487425
-0.5779087314213911 -0.555267425270044
-0.4951794606317119 0.4258076367350445
-0.8354117610199656 0.36686385591744464
-0.8941360215290788 0.0673101720988658
-0.5417111710340525 0.43187608055901294
-0.9305918454980122 0.14094976877037957
-0.429247950649017 0.17100923113601318
0.5587659521658386 0.1761012849677237
-0.0628622248190236 -0.7388732018534212
0.17897593607418982 0.08272495074813846
-0.5341417449911108 0.07019303757248574
-0.4160259809477582 0.39107000096244815
0.7207517022613348 0.1053251694477928
0.785311075309868 0.18403914383981612
-0.01459355495387471 0.8014445442573606
0.29635522234469036 0.5574686705727745
0.9468039960022001 -0.18124728465472129
0.5203655990618237 0.26919825631637795
0.609540089307254 0.19827534882040454
-0.5358413708369738 0.7960665087042234
0.4285010490903376 0.8977226124329469
0.5283721131477845 -0.674959309931429
-0.36187796540670836 0.7360620396511885
0.6759292874972394 0.6395883140480669
-0.4694885810727689 0.250670137189561
0.8133277736202618 -0.43675505725047326
-0.8059603993138713 0.34194378043651596
-0.5684889404145061 0.06664921282557734
-0.7686752675286874 0.2821321866851898
-0.7121048516076594 -0.06000759891099117
-0.15136155580115407 -0.957616243481642
-0.6137050588762303 0.5719618256465806
0.15409165827306315 -0.14051420410688564
-0.7774784526591612 -0.5714829951616873
-0.2546612059283382 -0.7231741096438442
0.6086197311737345 0.5250292205127316
-0.14285933990216204 -0.6418098523766447
-0.15840745175711612 0.410878446290853
-0.09616762953917957 -0.5986803806383267
0.2678124236634869 -0.4409605620537673
-0.23393665079181347 -0.2328654383814055
0.8260107658473193 -0.45686196158377346
-0.12257408832754235 -0.793937655880512
0.8988186002411973 0.304522596621992
0.6313466834001418 -0.5616412974405407
-0.3395139645682599 -0.18621765747473895
-0.0007599409384910771 -0.34474615127662567
0.0396720542641269 -0.9122443488979244
-0.5626650516631615 -0.3511979200726121
0.5672180651334671 -0.4094753360632428
-0.5789666611749626 -0.5267714562072339
0.20629101052509236 0.4587844678293411
-0.35275835596537175 0.1514776069636794
0.40106232679401077 -0.5100204401036539
0.06831381561474692 -0.7071357591889409
-0.48580351255477683 -0.6004182097045911
0.6007844179242814 0.027600847734863043
-0.3750315901091201 0.023106992147404526
0.9820894514847887 0.1475425281706828
0.5668767295790484 0.4431663912490216
0.5972872006109795 0.13055066070186983
-0.320073463480268 -0.813886156464358
-0.14046181406389424 0.5405064047940031
-0.13452557625210493 -0.3640938536183238
0.19320036657975526 0.8278890279129063
0.7111907064531551 -0.582307986966002
0.30890906821444974 -0.25889616147078964
-0.2991411892290836 -0.6326212948557792
0.20095537487603732 -0.6890010205461059
0.8503600927297021 0.2389727946744553
-0.6880396388288434 -0.11165139396874957
-0.03573299683041675 -0.7399589700729956
-0.16618428122292173 0.44847145306143266
-0.5797968753479692 -0.40843405807211
-0.2759150980927423 0.7772938417331521
-0.0727029356201443 -0.6957389060036403
0.28429641654978055 -0.047141849948689085
-0.25273387185740903 0.03682256778368154
0.7346638681032984 -0.08894122996801412
-0.08684637470798218 0.08140835030748939
-0.7732481339323685 -0.5720620076351481
-0.40159406375077245 -0.01637962020820183
-0.20135297230436588 0.2339015036861305
-0.37409089271221063 -0.5863054050928036
-0.7269090228245063 0.2618802259769022
-0.016373515493954605 0.3218322268406417
0.8842464521889599 0.17425206183514264
-0.441389464091305 0.8596613966199891
-0.718147737551873 0.18038435514207207
0.4189074285205481 -0.40370289587054753
0.15375899780922309 0.8009206819636381
0.298725107936447 0.2239758381063528
0.09319933705483163 -0.3038585731140562
0.8304769723521963 0.1367940231492042
0.48663201068235473 -0.35257865854386194
0.8861680171799573 -0.08637799746470498
0.09265885797234907 -0.6137955052748889
0.23171370439094408 0.8985128838833714
-0.32978241781446416 -0.1622396543929987
0.8513423669988822 0.5023027654743268
-0.03790527379769282 -0.6053903652245121
0.7394170834216593 0.6700986062782972
-0.5239538773887913 0.3892747926766138
0.557342719944194 -0.7941568577327913
-0.0349990314685793 -0.5901656958098973
-0.33077553200396914 0.5906496379624666
-0.32755950033731795 -0.4287665904220106
-0.546574340106444 0.42113863680997055
-0.18332799565475733 0.9691124140436262
-0.2725675635734859 -0.6930852488302315
0.7280769433961711 0.4953729349893179
-0.0561307920645886 -0.4814884109704116
-0.9469806167365051 -0.28254393614261986
0.49062853947247653 0.202734458390881
-0.9195032135759227 -0.3163224479591151
-0.33490461851974795 -0.11459504547873212
0.9581772425250505 -0.19098531657584972
-0.09668321260521906 0.7343669967844979
0.4263062769451915 -0.1851392239329026
0.7235049501557065 0.2544746597187604
-0.7757311641032076 0.513284951268326
0.41386687745334405 0.8407416725063828
0.3146526622102348 0.7064411447464714
-0.183533429644837 -0.2295730559344593
0.5098091009410193 0.3343900549587939
0.030427492428787284 -0.3866793711392513
-0.15371816340945665 0.15797642268947265
-0.6546004897999773 0.34904728750742
0.25754725193783434 0.2055865170974427
-0.651171472697047 -0.2362108665891589
-0.3708519765036693 -0.44646387496474915
-0.07548555882339891 0.278859996313489
-0.14248304104013432 0.14300948384084933
0.19324775725769006 -0.35812914395792195
0.31255967841692844 -0.6923559391554375
-0.4570300562730445 0.4407162380633478
0.11399058790856587 0.5611390133834886
0.8666964340422307 -0.22062599591272214
0.6465366460410835 -0.5467367420406681
-0.5473023631447282 0.2595826744702294
0.3215688561316794 0.4327446407760862
-0.926399620085028 0.16670349560774889
0.5131101572938195 0.16225980161861142
0.5121382293581203 0.1546893883119207
-0.2768904036472861 -0.5744084850446738
-0.3265154642289665 0.41371144162500406
0.7748280138562744 0.36504137777913126
0.48178848745896885 0.7166158763076458
-0.5298652280273428 0.161265605915615
-0.20934548513480733 0.5594496388735639
0.8190454876131719 0.26858572868120634
-0.5947981706381777 -0.5645520706492821
0.7632628532456629 -0.5053601908115457
0.12419774700926833 0.9206314208590138
0.6806851484100847 -0.6546133324189674
-0.373859220797115 -0.4487903864157785
0.6977226117484763 0.6895667957300091
0.8960387405797288 0.04371777098819263
-0.07167913201537846 0.188304571642397
-0.4780224049659265 -0.67279689532984
0.19740835677286284 0.05580525597950858
-0.27227282286032417 0.7574556160480861
0.5886393731539881 0.5490088357579292
-0.05519184043447223 0.9205830442403853
-0.016485984551333432 -0.8388988509442312
-0.7644410689641761 0.45806401137240793
0.13600510189587145 0.8027357166560622
0.21940639380792937 0.6482154068025674
-0.8378539221237078 -0.39404851798377627
-0.8012407733290672 -0.3019486525642481
-0.9760052036827627 0.112534801912344
0.2966760135148143 -0.7415055450146197
0.13007574813788692 -0.8069452502958379
-0.6255327158304897 0.720685117624172
-0.18653758165033985 -0.009703921273595428
-0.329180163825596 -0.3308238769712344
-0.5764660758324542 0.4545916278134259
0.37285193252556503 0.21450141598550787
0.02522492568202206 -0.13055742942624637
0.7710296688738598 -0.15361442753449017
0.6590289537306511 -0.15664847953312844
0.23163469686987193 0.9629926153793555
-0.07066761682172551 -0.8495171967528183
-0.37512284105623106 0.4276376014747334
0.3100688207580513 -0.882268388587504
-0.7923992936650555 -0.2791301600676612
0.27258461233079445 0.8956098358399123
0.7204540869240996 -0.16900560832600275
-0.06844905574068316 0.8343812236539108
-0.7132456510296206 0.34145654402246306
-0.8543481168447846 -0.08319325821294599
-0.36395384613153703 0.15774219009671864
0.7961544898948982 0.021661961609157565
0.12231102645116243 -0.5042458836708488
0.5132287231147685 0.772393891833534
0.634084964624555 -0.12985207402400523
-0.9587316639854757 0.12049469909557975
0.2634738277279949 0.09972252916588387
0.3780410628703077 -0.22119470268101527
-0.46711340310663263 0.3604886448087221
-0.8878212678638968 0.041465401003190294
-0.6053027610081125 0.3038022230046995
0.8558424785259608 0.08341931534684788
0.6301988199008524 0.1440960059328158
0.6353826122163655 0.4250984692373061
-0.8842162571354999 0.4179225051210107
0.5009443937687736 0.7751986566236122
-0.2899997688098568 -0.7660094503469745
0.29062922380243106 -0.09806132891286956
0.639498507449729 -0.0999428032368328
-0.6715129134070397 -0.10761977611331308
-0.16949773474717356 0.8467629288328484
-0.2176731448174174 -0.35341548084267504
-0.351605077689193 0.39159932287751875
0.4664082293637897 0.1486930187392288
-0.13464693583032528 -0.49028745570408194
-0.31900544643021367 -0.004122497504498446
-0.3893374556152793 0.38549923002428366
0.6178284548725903 -0.030292993187804873
0.9021311408440231 -0.018261559101077074
0.03293246576576769 0.7270673551672509
0.4734135302787701 0.3974909890482876
0.4519211203791935 -0.46614164310030537
-0.5337143309617334 0.4713100824469747
-0.6910335012557349 -0.5259007679913605
-0.03119811467108491 -0.09330114556154645
0.26601953790687904 -0.021575474976200715
-0.6913362379517476 -0.16204138434956272
-0.31704519759554683 0.4915848091943098
0.6483934200854622 0.4690963129969319
-0.014755387499543637 0.19548835797145103
-0.49363489360304724 -0.5642847081416476
-0.7898147689926367 0.18954706816620326
-0.0283349656878511 0.0899767017756341
0.7060806762005989 0.49716556873745543
-0.3278920103679579 -0.6617563979663486
-0.5970664727117401 0.3566561949829026
0.3468821345064106 -0.5349239000553991
-0.8099688184999063 -0.13404508907735524
-0.059441619030887516 -0.38519315045561164
-0.45648478980610574 0.7375497333926673
0.14861940814370356 -0.6313342263819983
0.4700720234847213 0.4345435419841044
0.6388951365399289 -0.012794505088425057
-0.7468923601741035 -0.25641646574717614
-0.5338577506101192 0.7056136391155108
-0.4263861945369214 -0.5107160869816194
0.12265783110184247 0.5569232438251255
-0.38284047961786194 -0.85696822587718
0.5049364187377618 -0.6938173791151829
0.7438839193210816 0.16316706716978624
-0.6155729029506052 -0.39808953526590174
0.5255504770235373 0.31226977546443857
0.7341279473765325 -0.6031385160592175
-0.0978371663195654 0.2642609501615405
-0.41412190667771376 0.8867273959867754
-0.18070022623802795 -0.4987235197174005
0.10198371431492381 0.8211360429531864
-0.41758116171290705 0.380496440231771
-0.5161206029667189 -0.4480789639196481
-0.6894406589054878 -0.35839367375664755
0.7480918821319675 0.10398777283452487
0.21806968053014164 0.9559697176241313
-0.7184596105715944 -0.01993639867450936
0.7265782346766587 -0.0074644634307801105
-0.058096132557200475 0.3511207167865993
-0.22180692720915718 -0.7920988653377967
0.6680660986329039 0.6387177939168347
0.09591387960066533 -0.6045265973727816
0.7594036260276034 -0.24961687747676997
0.8733033061234612 0.31765368980871145
0.13510895487454722 -0.4693427088016766
0.8023467597453873 0.396045902706043
-0.70474803384399 0.2563240649549283
-0.6542730875379885 -0.047965959055567886
-0.5512204505985696 0.32242849573666743
0.17512414977593838 0.594134314306404
0.11082428072456207 0.49199231048907666
0.91742696780438 0.00957694770199713
-0.6892833482576048 -0.5829925556693976
0.6737641236786291 0.16358382611822875
-0.9013675835737509 0.3517556448419501
-0.6106267131678469 -0.6564438405615141
0.22212836606896325 0.026650913639511886
0.07786193840225275 -0.40207504964115626
0.023684472878295004 0.18833822171979375
0.3703516570906804 0.7301504747641305
-0.3495246615593792 -0.19898030772540776
0.6994558433181408 -0.6910587912644282
-0.846980210926505 0.22345487486521898
-0.18447778179692143 0.9516584346957491
-0.5365444467251392 -0.68219188662626
-0.5614682709522378 -0.40939922136448237
0.20929501101481307 0.18964260017570878
-0.21327956073754328 0.43010554715907956
-0.048118570675911965 0.7910369317345669
0.3974026196734046 -0.8830739381200476
0.6162619329261199 0.43439903008613734
0.22485480238548572 0.01189514376274503
0.10713806594346487 -0.043205950839045215
-0.1374077883130096 0.9816330012482462
0.6308711788352002 0.6056338929262151
0.1712234830141517 0.32310043479015227
-0.8178060557465234 -0.22049772884447782
0.30352302713801094 0.5717487582308476
0.3577812012834751 -0.20430090410920698
0.35363566302522487 0.785137291795206
0.22904679919955329 0.5675134053612538
-0.8816657684789171 -0.12978227913477425
-0.24036613425359676 -0.737130686552601
-0.6056915459922001 0.6727451439379155
-0.6076429225155873 0.04564611489536752
-0.001169018494902252 -0.4401647693261801
0.441068613093643 0.021821909934663264
-0.2740328275468431 0.1910988397342157
0.15240493348614637 -0.5014151079133791
-0.3970837619996468 0.13807013801950152
-0.718285917082524 0.5896739353648228
-0.5298766478792143 -0.7670399897952251
-0.3934888508448975 -0.34062171334170266
0.4855646663971709 0.7857984073421582
-0.16893066711278282 0.36397678045071613
0.21598897155788976 -0.7632148436230288
-0.6377253315729285 0.13308527800180614
0.020687739371648473 -0.8463145704855091
-0.9423303531730847 -0.22095224536676117
-0.6387611855609225 0.42335051079701946
0.4895190304839432 -0.6497576308556072
-0.15150704829323303 -0.5887466419584795
-0.16916354725583282 0.7984456140727871
-0.3375948826754842 -0.8998892121655222
-0.40554038180946117 -0.8347426858214189
-0.19854638508861377 -0.781926424676838
-0.2711521752294952 -0.5812295409662775
0.23544062482192873 0.5396677671945831
0.5426259810410707 0.09830939560441743
0.8910352142151081 0.05365669584875454
0.30443369461641656 0.10803863958267956
-0.8964577150277808 -0.2715585903683171
0.4954410189381411 -0.7823017361437623
0.5592300746880552 -0.47590005843087235
-0.5972827445134226 0.41513047223802313
-0.4686354115879636 0.09204416997260378
-0.3361455157453468 0.7596563602522646
0.9321837955442396 -0.2085153110129092
-0.0699501252965693 -0.2457392573222532
0.721976534335788 -0.09500169932696578
-0.47305776788303655 0.30665350315235473
-0.7078777996393171 -0.6907227054266558
0.17209349138894248 -0.7421438534836333
-0.2531146558284951 0.6226048991350333
-0.8733177311488634 0.4656761520967616
0.7050570375022538 0.47230283124830796
0.5971506990569455 -0.14522807618512368
-0.4276601213911819 -0.7024546400860536
0.4373065487223029 -0.08752435933591873
-0.3360300933932223 0.7389890019674583
0.15016926289905763 -0.042025372670812855
-0.4096528145069256 -0.6813774076821273
-0.6600771132995105 0.6927879685888267
0.34744545575898655 -0.336871252384765
-0.6025383456066917 0.24103129927403866
0.3999770532070519 -0.3892950896164662
-0.22545596731993256 0.17494833274539912
-0.5307955840415415 -0.16251933091355664
-0.2568495580167305 0.5379991079566384
-0.34841895475568574 -0.49780665924101
-0.3733691430063708 -0.2761902524358786
-0.15721024474967527 0.03707709197881015
0.03166005153671514 -0.4544602381845899
-0.35820405202350414 0.18159331609406415
-0.4712686842961977 0.2083102964195056
0.5262378184946677 0.4327105901327133
0.5430092641996933 0.4202737218990342
0.41170534202579256 -0.7947700136716616
-0.8125654373055868 0.5651470972203625
-0.7604280112257924 0.12996280595491272
-0.144290342720782 -0.7365205087881965
0.22387459455084335 -0.21018052295026624
0.3172075850259348 -0.16789121873391455
-0.2142858522356692 0.4225394611342088
-0.4933628020498333 -0.7691680000591128
0.5884757941833554 0.20376593925309328
0.5626938060812041 0.7051072526390119
-0.3276780987780372 -0.5651754290180351
0.38648011746468924 -0.7076361079186364
-0.8322894492892117 -0.2785092027310523
-0.16031637832771328 0.9765045935743284
-0.287153155929992 0.803270623863122
-0.04948211799189228 0.4710510434796211
-0.9845468304375731 0.09106760372541056
0.28271740690446645 -0.650036549463193
-0.5959291012132286 0.7880229696089616
0.33426562246770497 -0.10448994469223338
0.55948444231256 -0.21019908588008596
-0.47635646058764824 0.3827578893852659
-0.3035002305419958 -0.8678955862211832
-0.4816931823196686 -0.2968480538953575
0.48033026147189095 -0.24698337317024732
-0.24629457089106577 0.8292819796028015
-0.12493481363953562 0.20430158954198774
-0.3065179867297987 -0.6816670302250445
-0.8119246456362268 0.09735521075633535
0.22974733623125765 -0.6599354241933484
-0.36259754933194777 -0.1763139720758078
0.3416450934735238 0.3313657142875961
-0.14896109677483826 -0.5309211109151415
0.6439484581847745 -0.06246310535711297
-0.5259932418457984 -0.6452308226514212
0.8753687126928731 0.28746694701739384
0.0003328707882563897 -0.2021158803209937
0.6493417529181822 -0.6781111739110308
0.23633730502253614 -0.5782985291416125
-0.508289397785199 -0.011652810524722002
-0.8792202582906903 0.14326009990667798
0.3850698724671675 0.6428922051761976
-0.19543386490011727 0.2020842367115736
-0.07211697089459812 0.9289142465479918
-0.07330703568666652 0.880682882304693
-0.48409487313594224 0.43814869319180594
-0.48337289163585795 0.20498876847434921
-0.05904436915466116 -0.3469834339559923
-0.13343263332195776 0.5035498975879402
-0.7418106150665507 -0.3827337990431683
0.5241237213310732 0.7434307712189479
0.7581804010502264 0.03281491245371604
0.4630142494890175 0.5146805550643425
-0.19016044950619904 0.7395517514886674
0.09607097158975231 0.26298046819117515
-0.2546250351641497 -0.8256221098479386
0.8663764848109134 0.43543497871775383
0.06006402540260947 0.27536887796792286
-0.33008314636012726 -0.24201766571322403
0.04181964560630669 0.6779707430762416
-0.6411091407684562 0.4305972912754581
0.27679003272122094 -0.49715956291920715
-0.7181888077210641 -0.3660938432614811
-0.31077781153635264 -0.619955571182156
-0.8446611374770137 -0.396705918449199
0.9261085459549647 -0.31061554371185185
-0.2634597375844039 0.08180866077713489
-0.8197227136662739 0.05496101740034787
-0.2446449383381084 -0.6541422904737293
0.6812191122737963 0.3539427380707838
0.34485761415967087 0.824871906978172
0.3501881563343858 0.38245842125070095
-0.026350857675131234 -0.5492460222038142
-0.2731881089917616 0.15867857896465054
0.3426748602690586 0.3612782720805352
0.2687905806753472 -0.5139120551744087
-0.11127314702004742 -0.7135812646913138
0.7713131208504322 -0.15303644200022704
0.035619728266846895 -0.15011431189981228
0.4527141886195456 0.6501733793358635
0.9066346371635903 -0.271210815787321
-0.10413644256043297 0.7784727088694019
0.14916311039457808 -0.6816292874770173
0.5965534061837277 0.4007367747148678
-0.6117142101140243 0.034868755607639246
0.9220770789226358 -0.09739885052149866
-0.3334099852023067 -0.1629246546397045
-0.8977489882307672 0.13728742910241465
0.19550007735710162 -0.38929754776571235
0.6396915173077631 0.5661052749769373
0.13026097442141182 0.452116884485368
0.07428591538548401 0.9601858297521242
-0.13720887946297533 0.23903684268390468
0.6141596832525835 0.029709556457873765
-0.4660237152717879 -0.49507203625732754
0.4530513223387924 -0.2934125234284941
0.2587991947028372 0.27103890280289145
-0.3677590200879606 -0.7488504548148118
0.7375139368518395 0.6197000899467029
0.36420719781798017 0.8271727940817377
-0.50378198709667 0.781439793704553
-0.28416574618253576 0.4606776551739169
0.33495281240126396 -0.1665553006285494
0.396265937211572 -0.6374540558176314
0.015148991371349174 -0.5613290749709419
0.5272230456591505 0.5653673765777925
0.1389223629783234 -0.35856695383658055
0.14380875891036626 -0.12749829328209472
0.7859842542246536 -0.14217813075111185
0.25203952711186406 0.28452655797071214
0.3556218521951773 0.07714164553217162
0.04120213881748214 0.28210908267510204
-0.032857070333004446 -0.004314140373370412
-0.09182858457109844 0.6694729105300148
-0.099810071424278 0.1909255370622649
-0.43696522886282185 0.7526645743719436
0.6143741341081945 -0.5580725161998548
-0.4634927168914149 0.8498156749024706
0.44030760187792906 0.7703891840065389
-0.19887165834358878 -0.7101077644396636
-0.8238161556084833 0.21420089522778496
-0.5352746230291485 0.8420288351157492
0.46854812924833356 0.2555338116287871
0.17507659817538435 -0.8289786268071173
0.06166849808006525 0.2904375577439642
-0.6372692843875947 -0.7345106333793157
0.703680811733671 -0.4800846741867857
-0.3463927712453825 0.17681744923065756
-0.5741047994168045 -0.32995948355657445
-0.600623364036202 0.14115089287469984
0.4172773542306816 -0.7050237103910804
-0.30138835060771063 0.24150610909399273
0.7387415432049738 -0.24697503809775867
0.2812373681724465 0.21176313774230882
0.96811972702661 0.22052011180000264
-0.12963227103537123 -0.2847619909591941
-0.24360538135347176 0.09659817958328176
0.568507984603636 -0.19403745657165672
-0.625458089717146 0.3917679025047498
0.46976587287022387 -0.8387860400323592
0.46708815002147763 0.021415844360404446
-0.8276102394511844 0.12577784469577113
-0.2954074059797003 0.6715687623420792
-0.291906528166213 0.6060644307952998
0.06655090542452213 -0.832907641108821
0.03490999843951115 0.27203121783428696
0.062330978854242325 0.6043684708017516
-0.33534320746698754 -0.5367589685862262
0.127592003459021 -0.2504703951484837
-0.10739653840054997 -0.0534094239338303
-0.035447710181674585 -0.27211753194155985
-0.7675231628973289 0.06957640766958328
0.1495497430239605 -0.2224419515530469
0.49545026774029743 -0.0720693877173646
0.39898477049943537 -0.36639122677262725
-0.12105462027438318 -0.915206813105425
-0.557424535944367 0.4550743288294341
-0.464854952967521 -0.09235110902895394
-0.3316103291656014 0.5395074841214438
-0.3357234668491822 -0.5244967562720095
-0.7075358677659214 -0.5500551326875509
-0.09556638556537167 0.3709367328803901
0.12799634376887248 -0.739984245087953
0.6308417955206926 0.14409012588130077
-0.5495707018591587 0.5159268717246417
-0.010334613783282043 0.33668879949436303
-0.16775107620177976 -0.40557208687660595
-0.6847173456703228 -0.30921805011081016
0.06718338665202439 -0.16128499182515577
-0.47993636404335116 0.607664089777646
0.40213448945858277 0.8856958771601853
-0.025979827600916883 -0.9144559641158871
-0.011557945088338739 -0.7336277860711473
-0.6478910956834754 0.5579734560694203
0.3419278144903424 -0.01892484855229637
-0.6615812198532858 -0.5735542301352194
0.2485070075847693 0.1978224128593884
0.08134877324519696 0.0272833683358209
0.9393696247807632 0.08738449212102695
-0.530901483937253 0.4157934737996991
-0.059430658936225234 0.3550439951446893
-0.9657041374072382 -0.23462984449543534
0.5589547815230471 0.4932564507168544
0.06702540416728198 0.10929307508429287
-0.3140069388026274 -0.5016067081867273
0.8173131867180681 0.17180567292626114
-0.3651046562211222 -0.6605397398264017
0.355056774110881 0.14453525910000842
-0.0568663986238358 0.8829536613123898
0.5201782423688632 0.7878261903983987
-0.5936492221296095 0.051298235739496656
0.5211865502268906 0.23288636631855542
-0.5857668942270293 0.36422902788759637
0.3762257231870072 0.7786632158177718
0.6217366049345987 -0.48361185168606813
-0.7163263595229186 -0.1199515330614167
0.2216271188480312 -0.3688383242129927
0.07480751996909829 0.47445836533296104
-0.28279169019929906 -0.30810843168123503
0.32362101332238313 0.33952398668651274
0.2839139699557167 0.908831920123172
-0.11051670106967482 0.06482860705849403
-0.2561019379782854 0.005703245873107443
-0.3687745409598713 0.15181427091366007
-0.30236521968971664 -0.3477463975508084
0.23484242137727263 -0.9483825651604258
0.3595745233130887 -0.19633896878934065
0.775865509452969 0.590958855034543
0.10667859599609963 0.8556914173967454
-0.10475113506854239 -0.12178396101603362
-0.30059672149557626 0.3624544935056331
-0.7118130285600963 -0.014465198148487568
-0.3425798781196083 -0.7531817459785626
0.643441006215729 0.7282472546570651
0.5009367046375697 0.699583288896181
-0.10653979557595972 -0.808002629329287
0.9920987053784169 -0.036211832698960666
-0.21434346502819146 -0.8955916711897371
-0.16943834975180438 0.06871796587763757
-0.14019729384320345 -0.8310076963403161
-0.4337666988263862 -0.7108490979662376
-0.8585716946959141 -0.13832925491244374
-0.10192489276742789 0.9573536333766135
-0.544467908558361 0.547806634782557
0.6876545269245895 -0.6149014400467334
-0.8716453248763962 -0.23159626411588508
0.12867325012785003 -0.4972498031144439
-0.9689758470828422 0.11325122432633195
0.5631487697176245 0.21705487911426213
-0.9130244766837698 0.21632791317167666
-0.03825139402304889 0.6375697687201127
-0.5561008710697171 0.29119807463445935
-0.5458820524814187 -0.16223871058699224
0.14177454514467258 0.7501869092465061
0.06176556484182405 0.4208042799937797
-0.14363230746186018 -0.040498939554212354
0.050442578473676836 -0.6714386163620583
0.5583741970528824 -0.5476270274037971
0.02291305110753683 -0.8987861701772355
-0.7886916160067685 -0.14036384103656152
0.2812263521069762 0.9368632152902105
-0.5372365467824165 -0.3766292013146222
-0.5470904460544017 0.23255744151856828
-0.1318308167398139 0.9349979424450734
0.21285549230036738 0.3174214588991222
-0.008369155252643923 0.28856218685257495
0.12696540104104415 -0.6969877547658083
-0.35761760834144884 0.17184674054901206
0.1659372135101298 0.06349016319483725
0.6731430570447883 0.6566893397481994
0.8521420792423673 -0.3480278824700269
0.331794375820208 -0.39352091434896197
0.7994653853169909 0.19664316487354783
0.3709315086508074 0.6675621903705131
0.29258933895430816 0.47832473383613383
-0.026220591192521514 0.18803065477878889
0.28335366889762503 0.002168408359144003
-0.8486971882762901 0.08445111167190045
-0.7261906805716469 0.6239928909532737
0.6795415650899084 -0.19460688527669223
0.3487038425057911 -0.8928865384701732
0.31781880302248244 0.5804632063562638
0.22291936549636016 0.7396689438106039
-0.06586598311829506 0.06918638943541588
-0.025606891172332613 -0.16826900171349757
0.374416428409859 0.3120982811800712
-0.5910914118983912 0.14629756184339904
0.5606866590837281 -0.7224100376991778
-0.2309450738374179 -0.6004528779375804
-0.20442516420908396 -0.16905120207641278
-0.2221208431061239 -0.22919243027080216
-0.15641909665642273 -0.1704082209094926
-0.04119676180134668 0.25142083156748174
0.12474963226840208 -0.22605817685010754
0.36291681564377076 -0.387855671027995
-0.3227990486313854 -0.049414650487938916
-0.8467273691976358 0.1438968525243618
0.597658425748679 -0.6912659393546938
-0.4693730400845866 0.007151137030228849
0.5484938170763696 -0.7069979965796589
0.5411067170243149 -0.614457762747864
-0.2611928983062206 0.6816129612606763
-0.42979332138525894 -0.14311642703336402
0.3902694248098375 -0.1670816467172589
0.012853131185369016 0.8270790100927634
-0.9193003225023155 -0.10609398084017374
0.2442049666328343 -0.6819675703218484
-0.29492472366650335 -0.28662122036621773
-0.45709094817516216 -0.732679180682958
-0.716865880413609 -0.5251494054442645
-0.09279481249663535 -0.07769662085224027
-0.22633603106329248 0.6358534903295072
0.7332645831328635 -0.43866283566849273
0.8208339716912667 -0.12602027371025226
0.3108822732450771 -0.650909643483174
0.7029547997611576 0.679433283989455
-0.6616597373389412 -0.09593490481256772
-0.7836847759071828 0.29575362652595283
-0.4233659480886456 -0.1585431811378757
0.07431164254246081 0.09910100322722792
0.5803374969955413 0.8050861032740573
0.38268810233533435 -0.1766493506437754
-0.011219877371452913 0.29006595189735274
-0.0714320806007438 -0.08241222366917422
0.3898915382694128 -0.38762651692474925
0.5605656057350392 -0.45486389776923275
0.16438457323332178 -0.019378656623124213
0.39613173900073995 0.6952701926166176
0.36496167198608 -0.49246793076623674
0.0963806601803554 0.19984159594775885
-0.507802898064452 -0.6822825806169139
-0.5917049448325744 0.29644230946114103
-0.8588081111387524 -0.3142642916545195
0.810706432434793 0.3310515238939673
0.5452270820276799 -0.2917116673096223
-0.17566604268143426 -0.07692682932724626
-0.6245196582386561 -0.609116444286653
-0.6714336822348563 -0.7275441020659306
0.6975394465939952 -0.46604540265083405
-0.5506392001385056 0.1724316806667603
-0.30289355677087926 -0.38760005828358524
-0.8204269961853032 -0.010844607685806862
-0.48839035291255195 0.24025581921734185
-0.11178017563160791 0.3330141274693228
-0.1507157153134362 0.9246133570001218
0.4142483959914782 0.5493131603787855
-0.22012814759539423 -0.9697841723390295
0.729386978650528 -0.08789095942717662
0.6168384375902773 0.35363742560251765
-0.6415363685015827 -0.6454446722231677
-0.6540106952977585 -0.09240574015763259
-0.7261330978860934 -0.0004677247999140821
0.7840741428023601 0.30562400421246005
0.42639404636638933 0.8998983581682669
0.04540308760341061 -0.8755124743227776
-0.4635551820267938 0.11967152603766662
0.5147398427933849 0.7110338071812876
0.23163821676667196 0.7331990638500037
0.6020913340221414 0.24530646878946705
0.9390197748221365 -0.215257646276374
0.49488301190185346 0.683234217728194
-0.8422732176243999 0.4060588272211265
-0.620657737195264 -0.37221879581110984
0.7697039619790711 -0.24125379246959322
-0.7367186732325821 -0.6504447896672876
0.7744555113892253 -0.03388043882357206
0.4930346056122048 -0.590893513826493
0.33488084864208045 -0.7227488038700007
0.4979044741652876 0.539418977637766
-0.35040750372056406 0.5783391580530537
-0.43127903840172577 -0.44897827619686725
-0.7818063243994162 -0.11489988982757415
-0.2971744902928295 -0.4289720112330291
0.18569531151688645 -0.2738662114653776
0.7809529850605337 0.006867471106139611
0.10455828852723537 -0.6434785377919698
0.021190432222011113 -0.9232948948734927
0.07475806823657472 0.13327933726554897
0.6177469769480428 -0.25386805836118875
0.7233236255002715 -0.6524483602982578
-0.6121166482943243 -0.11656310462155539
0.7682621250561263 0.3895079240609465
-0.7378750814524422 0.5942103510832899
0.3821414171680724 0.3101216966235685
-0.5132126398743067 -0.3522618955123875
-0.19733480433938677 0.7040737627622162
0.5474570471935594 -0.7096168278895416
-0.15189074788502133 -0.6335794555746803
-0.7354355197852216 0.245683006537031
-0.4268728605141925 -0.4939277159190987
-0.9740545261385898 -0.1382271364303942
-0.733950216558483 0.32295132153103
0.16282878905755838 -0.6664276174800694
0.053946877153313144 0.3564263054765491
-0.2658789547967859 -0.6462888950714873
-0.38312899521123533 -0.2618457259776896
-0.3868655656606421 -0.7974632861762998
830
0.289516735183746 -0.7914270183001393
-0.09358151376229129 0.9122944995839286
-0.6018410513578039 0.22635257113683482
0.6736809186884025 -0.3989630496819172
0.1515653804272603 -0.8298004118400075
0.37604468525045065 0.5016060489041487
0.2556757904056126 0.9629971548434857
0.8332350915890383 0.3023453033313923
-0.4206735098788683 0.3022346691296267
0.05283973956613908 -0.9435269437061753
-0.09714486745109663 -0.990177444860213
0.03103134554478948 -0.36671889809953995
-0.4893969896463386 0.18397834765664545
0.40179518362185473 -0.25867649965186823
-0.6333591426604579 0.4336209919184708
-0.706104106370028 0.18267083853621657
0.365375128933225 -0.18859481081026064
-0.5159524409004812 0.16754850854548264
0.9626728909449056 0.0026840069885292195
0.3947438897777489 -0.6159666953311322
-0.08350627483968687 0.6340896458433272
0.6351716177066737 -0.08918213523469509
0.5461999672252924 -0.14245703019464817
-0.5417609822746317 0.23661373361129412
-0.08939786422706919 0.3913456704008509
0.8032473199087369 -0.2724904897864606
0.12107072881461911 -0.29378729527182035
0.43847428917552334 -0.5383822932616948
-0.30389570257415843 -0.7929848330778144
-0.15858889006164723 -0.7477609641888088
-0.3765297608739213 0.3824331555615974
0.33721480138137805 0.12708021342368503
0.2594650803642351 -0.36149872598706945
-0.4373704085015955 -0.6314185547101212
-0.3823590202413416 -0.08525949223920604
0.07644500916780772 0.3547522301978203
-0.026324146059957254 -0.018700564771056083
-0.4541349644305248 0.4174513060036822
-0.19405232848169862 -0.430091217118427
0.16734809406255824 -0.5714659002214224
0.19706401972575804 -0.27167474662564306
0.8889183312620019 -0.20088092919039435
-0.12871708598672904 -0.9586678369250314
-0.7670724841576901 -0.03320281077494314
0.3847330009631962 -0.2576670602192481
-0.31581486928966696 -0.7345982598465375
0.8868325440999478 -0.0778172059295914
0.3767015939419174 0.7950252859272959
0.7489477836236085 -0.21018449227666824
0.0047332508449178246 0.5625780606075126
0.8410559601619443 0.04939993169045387
-0.5959380531212009 -0.3544811213042147
-0.32091197613125066 0.5129188821857793
-0.9080427826484538 0.04515656346106178
0.8435527567182948 -0.2723159466778924
0.5697270340086664 0.2716697477886869
0.4960491141734036 -0.2862835813856208
0.5888037197342257 0.7164132370522622
-0.2363691015373821 -0.3612251230481298
0.08499436100430202 0.3258586411601243
-0.09084432020318634 -0.6789177263177029
-0.6099426715705789 0.6243829866466055
0.5752584278458963 0.580087531940755
0.5868379433309125 -0.16183319819527364
0.03567824782501927 0.1314393210380802
-0.6386852603686717 -0.107513289076419
0.12438749739441213 -0.4126697372209658
0.16075933712513502 0.12138426349477593
0.8546366559395204 -0.09683916483426835
0.32960309349805383 0.491864015052371
0.14770907271818623 0.7171941715354215
-0.03832224649476612 0.8114274132742252
0.08728955134255578 -0.4862696181526389
0.67451683254715 -0.6965884401894245
-0.1706623148941011 0.34086767221654646
0.43322533717031564 -0.775954366054409
-0.8026473504936387 -0.5255891397618431
0.314821462567906 -0.5084102903258949
0.9155681486439906 -0.16156924367942715
0.4898283042258582 0.8672321450660936
-0.7953092331822462 -0.5493639815010192
-0.6584822307821225 0.6678399518066478
0.2814440129215654 -0.44076708912193574
0.11988587897223613 -0.4944807699081737
0.3912183770980868 -0.9148041278722236
-0.7299985877889952 -0.3130537971083065
-0.16178185757780517 -0.7140024502853224
-0.12267311621589294 -0.9573820478342554
-0.057493553672698816 0.2122488052205953
-0.0008762709046967743 -0.5541372955144128
0.8394304729608324 0.23516256854928375
-0.38125740088427174 -0.26159124914266374
-0.6574858175647409 -0.45302319849825157
0.5793549700702305 0.36672143368216403
0.24745845255885346 -0.9021079250210915
-0.621168847880355 0.01332805221121025
0.4048580759709124 -0.7220741809410907
0.5496912117788124 0.7360678597814503
-0.22372350998270618 -0.25527246245596236
0.30289028774332527 0.23503039672330983
-0.7997203646830209 0.5109229550968242
0.7902175866815613 0.42532390172939927
0.2786470238626677 -0.9327429346282246
-0.7524223654556323 0.6302652063239056
-0.31026853131536125 0.06234698913484227
-0.6476899374534748 0.41820837008886436
0.3042791606995505 -0.5734788681729945
0.4253781103869838 0.3266796612194516
0.5000802348396227 -0.33998693038894356
-0.38149401220830104 -0.4939347199768027
0.20710565291422633 -0.05987522258470679
-0.37783028449937484 0.8125472516158068
-0.033288052545906055 -0.45847572193370634
0.6858264997029409 0.5270326119873918
-0.7006723003224968 0.7038608167308951
0.9402674622475822 -0.16723282976680598
0.33656604466222917 -0.8254460160691133
-0.0845139528243275 0.3864513196532511
-0.8028374169312478 0.34137005814529764
0.020813059192987815 0.9762058896919867
0.32339185566649675 0.4045683403823854
-0.6582100577690881 0.25811722894187583
-0.2906346675957947 0.33040683691544803
-0.3165316191129379 -0.8061518166829102
0.11433257144646514 0.4735874538818734
-0.46722415489486036 -0.08832076528838106
-0.16019525328350293 -0.9562119532069056
0.24027592702305922 0.6539905482567985
0.5512103660383152 0.2058570915982081
-0.0883511509877819 -0.38344732757738287
-0.6936221136622476 -0.35486997791217445
0.7378844265471995 0.4611215433470395
-0.07471143801880009 -0.06485356655475605
-0.5777121865389103 0.7222693701255858
0.4547288489731971 -0.15216427188862092
-0.6284162626264693 0.24542621098626638
-0.4608791196550859 0.33989549517751483
-0.3362298720758685 0.5836651376435085
-0.5767218429636216 0.16558857717365938
-0.8667313918846944 -0.23789914495953246
-0.7239738728892278 0.4415407033380525
0.38674474087881405 -0.17400649737805018
-0.0024198487521083223 -0.4103082334498993
0.2124820998591328 -0.2730721985483133
-0.2989165082020999 -0.46194658823368573
0.779834444078112 0.04814688028626657
-0.605314929147496 0.4396738650211145
0.16407799286799674 -0.608020338164563
0.6395755223867203 -0.6931624321010716
0.17221058999212802 -0.5837933658716112
-0.23125210401710183 -0.5168399549921732
0.1259710668819709 0.115584793746075
-0.4284070458945297 -0.2774467431189156
-0.5401660485907389 -0.7140640987994673
0.10439573673919433 -0.3251340008395178
0.08977753763247387 -0.2731246150526496
0.5936161631531247 -0.030906953330510634
0.2213686274730302 -0.6013386671761494
0.03372381281084946 -0.3236877087234258
-0.7098430512713634 -0.10507780284276036
0.5843930130406687 -0.40149470285206723
0.21720166798133445 -0.6862432954072484
-0.9091809177559316 0.1839926007962258
-0.27901585317339017 0.4466978995190918
0.2532042971227082 -0.4858654340983233
-0.7710383297337535 0.5544110322357254
0.9184085944910014 -0.2735273312195774
-0.5567970278152408 0.7340003785287461
-0.5508750829020264 -0.6961060116529982
-0.13518473055145885 0.8184191853798388
0.9629782885222229 0.2524553466858561
0.3093487564402717 -0.7034618947869467
-0.00661410965794329 -0.582899261118188
0.01920189351580115 0.6440853752208542
-0.5255382821338379 -0.8420017570565175
-0.6003706386009802 0.3300182253267028
0.659002092289283 0.22771920094081177
0.8248387305736424 0.19073981214985714
0.7243921212167819 0.5833927586244356
0.5686524570226761 -0.8113676491469994
0.06410321084825288 -0.8214714424809655
0.35813914210373854 0.8485139014960941
-0.17756406454008156 0.8731405210171317
0.32661626126819576 0.7267390242060425
0.19223887479430934 0.34562159258244773
-0.1716113949654987 0.418240959526722
0.18214684690513838 0.005965934195199418
0.6941742612417747 -0.1637573268156114
-0.537714847161519 -0.5824139724888919
0.6453010828878278 -0.585379886458913
0.46105997878801763 0.8628986099725626
-0.03646469264453489 0.6899962919231191
-0.2986279864909156 0.9245543364320343
0.724662496624465 -0.5992636869949421
-0.09501748711636915 0.7440984118804845
-0.8526986208834526 0.13990939509949296
-0.11865092545345846 -0.7829260840296886
-0.9422548786051557 0.21883962652406286
0.5171309743156927 -0.296752877995083
-0.010097326594442846 0.593118990852872
0.23757520129981935 -0.7649980790482451
-0.8659581467524389 -0.11234507356477885
0.16065778344941362 -0.8342909522899458
0.585936463955216 0.49834877140153977
-0.5850861324923917 -0.7162353007166067
-0.24038740514224521 -0.3331167063030418
-0.5065692696452226 -0.22435315857617133
0.9072167597413399 -0.2327146038609762
-0.3037630642022908 0.18618846025680824
0.05658786576815 -0.014318641457172543
0.884522052144642 0.3972611918095328
-0.39332648995833086 -0.4694882006159229
-0.021713529528318398 -0.8893301252788544
-0.5144854908598657 0.029341719143977762
-0.6604753889055572 -0.5372238240082694
-0.23847531462188298 0.19243128041424162
0.6289407153239883 0.0850129586580215
-0.5833450192212795 0.07017613160646552
-0.7183737054568438 -0.5671335465060996
0.43020771046393147 -0.3709849669064542
-0.6988072442807243 -0.45995256574282384
-0.5759697030650297 -0.7184215027405652
0.6514064136685658 -0.45839422435465615
0.39764584431227035 0.235936448536183
-0.38450056005808686 0.4268988689566615
0.09863472987787958 -0.7482715403239137
-0.8624651037260174 -0.3837216435509634
0.31316575537228153 -0.15135185838098453
0.30369570311737215 -0.18264599591535768
0.16823809206207563 0.43341236561492535
-0.18492529148525128 -0.1630363555776615
-0.01996763386948608 0.5164989974277872
0.28088361734009837 -0.728159926439764
-0.21612349745269177 -0.1174824036494202
0.970616566668316 -0.18611650789581358
-0.28687118537072953 0.070080937610151
0.5527082050736363 -0.2471785500233994
0.13242547447805753 -0.08561762971105957
0.11300373007603493 -0.5853011450781558
0.7502251732873202 0.4703428026561447
-0.06739063601045348 -0.8712705164331991
0.4735005062350037 0.752209305092367
0.7481469193266541 0.1650075394621544
-0.48452113593865276 -0.25257231234506183
-0.0053834848881180175 -0.6585105569663905
0.5607508463108828 0.2713187746160668
0.08268874564923245 0.834476304041053
-0.5583915201708325 0.5180380939978528
0.5735490471847629 -0.7053787602263502
0.7716467977635346 0.4252080360937658
0.12511539451935128 -0.0783750191484549
0.8866335231233584 -0.34266558948154646
0.10462438630198667 0.816614930048509
-0.03051442871420762 -0.06626164826127168
-0.46964034321646997 0.2208619966167611
0.2594092598378328 0.2691947569089297
0.463664828899222 0.700034163475836
0.72045010136364 0.5482108085475668
-0.18997489123549283 -0.050309950349634036
0.7744740328545414 0.4926720955857009
-0.2372809223674066 -0.43653854225730204
0.5733193836894901 -0.2341622989441483
-0.8862675161329232 -0.3741389877396579
-0.4996251616899148 0.08655372953714724
0.09239443382170287 -0.06943815295149958
0.06552076727260081 -0.8825004464829536
-0.02325849193375129 0.3317661480337364
0.5527172490668701 0.21372058339111977
0.45005262376539945 0.4595790371295445
0.870501748647738 -0.3838574176919538
0.12697092572487834 0.9518719479125828
0.131419558226042 -0.5112415952093854
0.36312952701937085 0.2951774701387049
0.7280638133311947 -0.3953806060083511
-0.3525450660952616 -0.5589391765530576
0.02817567867096815 0.04100996355581721
0.5897796020234118 0.6198520923364228
0.5531026412979378 0.08030534944237222
-0.38480475238236855 0.33240284649528307
0.5664748979908434 -0.3527624722335698
0.18518535516600743 -0.3116812744111659
0.861012645579162 -0.14020067478162068
0.2969574973820006 0.23262784279982052
-0.35055676930982216 -0.20619341374800704
0.9444786437729278 -0.3000437493546184
-0.8565011995689933 -0.502075777839899
0.45593545228263843 -0.5391726752470432
0.6055131573992028 -0.587739589222035
0.044806579022630855 -0.6744121479858447
0.4680164284866246 -0.7035887277696922
0.45165497669116905 -0.35084772135884057
0.4105647694424648 -0.03600689655591505
-0.8241571659025095 0.2655580512408975
-0.8787724270129518 -0.4749456952070319
0.3207659338244482 -0.0034612712687600578
0.013364083516401282 -0.5038699478149709
-0.12681665243729046 0.5947512927799057
-0.8269456722061432 0.11320119783560156
-0.28418749962777023 0.6997344961852787
-0.5313963146862906 -0.5214015850683058
0.9489993986194414 -0.07099428453428636
0.9517953508653192 -0.2929536590130255
-0.24984841145575687 -0.7191352660007526
0.33140916208679694 0.6944039451297432
-0.6098811542737197 -0.14574071949118927
0.31315122050413846 -0.8735823349884326
-0.6322276724894136 0.30944759056780713
-0.10447886135630258 -0.4495703283396262
-0.8812828376932889 0.2644943318593278
0.2827476786874452 -0.7229921804341144
-0.5379044993255186 -0.040026683445329336
-0.19896314206726573 -0.6269313061249142
-0.37082290370150783 -0.2257102317749473
-0.011910427168785764 0.0970277795657104
0.16520268678236838 0.8736203870736263
-0.4434235888200344 0.7119252221430241
-0.5967654944825529 -0.44685757976286
-0.5344959952407746 -0.5342339847169433
-0.6630225688849538 -0.0855043260567252
-0.9390390017223265 0.17543126591933578
-0.6991608230157047 -0.6227572591004635
0.9509844978276727 -0.12388482992616345
-0.4099665999843358 0.772730936875158
-0.40788540287847375 -0.7926796600020789
0.5873386894138086 -0.0905046865244592
-0.05650131258338087 0.8088503720946336
-0.3926476341619838 -0.495871962585537
-0.09838316018970095 -0.66469729806818
-0.6981859264350145 -0.002211985601650923
-0.27986602822361006 -0.41825223929931576
0.4024131150497272 -0.6689543344899025
0.49768611539002405 -0.29527199745219357
0.6878878244904865 -0.02887583923166015
-0.2726663554022717 -0.6781318786302759
-0.20582859068579573 0.9479487960117274
-0.6133231186991865 -0.6078866617397578
-0.8570165268077712 -0.30971973266317554
-0.15885682422728964 0.2684649614046273
-0.7510607510471774 0.6460841635958992
-0.8796318762182653 0.24307694491178222
-0.39123073449775303 -0.35972578583316794
0.022299811842403594 0.7037693700324776
0.5040569698367272 -0.5448846088390131
-0.07650157958126824 0.9491187369776974
0.3595777374428131 0.3398251051651746
-0.48018884876980406 -0.13086935389835785
0.46948302159706823 0.23717580516966197
-0.6347687937134234 0.417149059950626
0.5240225771373901 -0.7941497730875107
0.07796528489366628 0.5758905111232602
-0.2948359140465986 -0.03972006473974443
0.7247999383732495 0.2583305524426225
0.9103583863410145 -0.3316240437174922
-0.7473976799645599 0.19486809976623398
-0.8854913701671869 -0.2138758937171592
-0.06188207701972126 -0.15391329804318565
-0.051520501537920094 0.06555768269699258
0.30226941379760164 -0.7774031551921099
0.29913819855549306 0.22551411259440446
-0.8122989039324588 -0.5166462852476303
-0.34619611237860837 0.6589664839627316
-0.5475967022867765 -0.26739406224893636
0.61049209709839 -0.0729157173706747
-0.26691495574954693 -0.36717464687694346
-0.7453638309735566 -0.12637575330825257
0.8497868584922981 0.21049382368927927
0.765552946721844 0.1823380434958164
0.2211808883786559 0.3160524761986032
0.3748397701337276 -0.9052574253364856
0.42189328519036184 0.080087177143916
-0.9678565319682721 0.0971414123481269
-0.7364705323725262 0.18755727654737742
0.1835011546767813 0.42563424686590134
0.48272844829432593 -0.8166553345483298
0.12142083849643792 0.28141078614666526
0.823399630033387 -0.5669498292275617
0.16712757446558357 -0.8386011208830435
-0.33824530113939844 0.4708261691047624
-0.6580180136721452 -0.7174978799594887
0.24950095948626094 0.2951097629981474
-0.08659025305981438 -0.7032083346918305
0.1666997565451891 -0.7790438481421591
0.6147135546540672 -0.20776168796658578
-0.8320906885172472 -0.3503179582050113
-0.6199662210591004 0.14163155995759213
0.063558599437197 0.4893812193752647
0.527641401525007 -0.23132082296135192
0.6159684156474179 -0.12782683135917083
-0.3082625232204519 0.33167145745409243
-0.8073113079902199 0.33945463058304903
0.10678163295510013 0.34713091269887086
-0.3544558755418037 -0.8394794916337585
-0.4830834430529525 -0.699260264941084
-0.32834951450337746 0.23503015286332518
-0.10791573967846957 -0.017633252025425872
-0.6375267356071728 -0.4347176478628878
0.5312177660536848 0.7117291302935143
0.6562146828371829 0.5409734566144673
-0.2405969860787096 0.41921455093415894
0.2729650545754754 0.8634213430880628
0.4484721297987351 0.48002064464379224
-0.04530614017669876 -0.20827530194769928
0.24784266579978276 -0.32508964630526793
-0.6286682012180089 0.46069373284412163
0.4975238122910297 0.19355255862480814
0.47233838724187005 -0.5093907796724606
-0.7434681890226651 0.520898769561249
-0.03566047191881183 -0.8898010906182952
-0.0030890138327737127 0.3562794530992788
0.7882635066373986 0.11512643720206905
0.9897541777068115 -0.12778368772542148
-0.32503414215364645 -0.38488759393363003
0.07864053242163682 -0.7491012258817826
0.07083746116524647 -0.8850065415379198
-0.4478530847205153 -0.11665310210566715
0.2054003274167855 0.3672499955336157
-0.3511488202208559 0.8366841626745436
-0.4178819331456123 0.06461818551273701
0.19488182539010235 -0.41372567741356225
0.6278203651173921 -0.6822031093109013
-0.20218493648906488 0.12485656463550288
-0.8810592923807101 0.060159745420801825
-0.27973846437739835 0.5238628268674832
-0.571832547980234 -0.045932228246334805
0.20082570542653855 0.6950450888903603
-0.8763002404509448 0.2590299707114887
0.5396952273142375 0.0541127862200288
-0.07524557152089373 0.0967434035521959
0.2649566933253933 0.27123962453624495
-0.7089440414525809 0.13325934108252624
0.4656352426438215 0.48791579710639255
0.22507263993533555 0.32516918081039803
0.40659941684415335 -0.11517088601915915
-0.24999723704958732 -0.5216534573026703
-0.6653590764208461 0.39526425826765776
0.12682415543959413 -0.006271698878542509
0.33841623569648593 -0.44623983653764054
0.814406193593675 -0.5167033510914776
0.44636646547938175 -0.8469341123735321
-0.034125317206097794 0.7076315930358725
0.007705857535799554 0.5940060540614309
-0.7419530471370923 -0.37221585330623697
-0.7996312033621051 0.05763778779320283
0.5460373545524888 -0.6409073169441948
-0.08131345673151569 -0.31635972602222995
-0.20165706024681196 -0.7622587831215288
0.3180400161047232 -0.4935138660360092
0.5935680490835564 -0.6327737317442332
0.12012853193455886 -0.004121998500151491
0.6739453885006599 0.06208815056563877
0.04624380746585288 -0.9154952517353105
0.6701452956741933 -0.2960626674778646
-0.781897164368694 -0.4729155540627883
0.43299931885035847 0.6134607105017891
0.6831421190303142 -0.004964018581332885
-0.5256734052519871 0.30916122554263925
0.18802587495772505 0.21017497752266134
0.07601416969883812 0.9841747140077302
0.09071703959611654 0.19337509418996213
0.6796026752808584 0.02572022481297731
-0.21836842836341863 0.9077684825456047
-0.3244211110355917 0.6162832807599277
-0.22935219036358512 0.6011932123225414
0.48184164938484453 -0.7873885122987136
-0.7077023744176048 0.16921780457271662
0.4308693803191974 -0.037106780589718946
-0.7215166014561871 0.684479173840495
-0.3034921344907424 -0.1916735101508351
-0.6692433350713265 0.027890779144461808
-0.4414496413063622 -0.2021465183484088
0.6847027255313238 -0.12251108253194354
-0.8246553425453171 -0.13710490774640371
-0.25045977669387076 -0.4818077247940862
0.019609735181917554 0.0069826207640129034
-0.5515401422589865 -0.5698618181714448
-0.09161564558704471 0.3177797871952843
0.45337035842192974 0.5093996740341897
-0.1646922389084502 -0.7204659674863467
0.2576073333293758 -0.5243450106632384
0.017747782664068845 0.7258601446664146
0.12137744597091804 0.3645840981776507
-0.7468642577480409 0.5299060249057925
-0.7948882101026451 -0.3618588632074844
0.9070320076398704 0.17662582362746249
0.5636384080754826 -0.7941002547268754
-0.4159682777605689 0.36173408623310843
-0.37844983480710637 -0.44295086263292704
0.41841739584852 0.45858827741358144
0.09820646648786724 0.49490277411298655
0.7425491299479927 -0.013780515144527161
0.18413335994535807 -0.33119052779794633
0.55961582334135 0.6343683234700954
0.3735059373644505 -0.43616737965372576
0.029011347566956003 -0.42807560291188995
0.949837673725789 -0.19966389881869628
-0.44840365493923273 -0.6602925021866513
0.37808045097306775 -0.825550166176223
-0.32485628471470007 0.2659685882454601
-0.2460553493037605 -0.922761344841311
0.7519742671360099 -0.5277662017907339
-0.37865088653386647 0.6668935890580887
-0.5240466161823936 0.5517770137409725
-0.8032637409290349 -0.43024738737341184
-0.2824300592743334 0.45110865905249264
0.4171268453639534 0.33015829984261647
0.1758284475247076 -0.36324321640233026
-0.6516592978646567 0.5928125558488784
-0.1552257851125305 -0.9653682188848722
-0.27180197316915655 -0.47019471895338905
-0.27550121565035024 -0.24664844210082193
0.30202341971450575 0.9037428795636726
-0.4928904805687926 0.8461815052388386
-0.7326328590195577 0.22936545990820068
0.12099661790295668 -0.311395194760006
0.19552145282197375 -0.8926524691355895
0.46167597985368136 0.6878822689088235
-0.46990524787560894 0.5658836345036271
0.5949268840824 0.702618925555317
0.4183057921418232 -0.5475858541221097
0.39820423837466845 0.0025885836884105284
0.7419266161461251 -0.34394284388306073
-0.10263976313867129 -0.944277905981384
0.003009007632739369 0.4744862037208797
-0.4929206335150311 0.12940979194793334
-0.8346349933266797 -0.08392534220402537
-0.5339296382061771 -0.6105166810388405
-0.4777089290683809 -0.5464557300593882
-0.3966938318924469 0.29191655157638263
-0.35880417159430467 -0.11260520437159371
-0.1566235568882297 -0.8362195653854354
0.7109429994856109 0.448624435110788
-0.35793696127577634 0.2492115271449704
0.17746882465731662 0.176787626372914
-0.5235365776817644 -0.5956764984050469
-0.31456293427047344 0.21957859160596804
-0.25424393852810545 -0.5293070977050978
-0.5102872782272019 -0.827953451946702
-0.048277170251646684 -0.6137150650466194
0.7625411107810061 -0.3009532651067839
0.0019431314006348455 0.15518580327217135
0.2829229738480108 0.6305945634633014
0.7677746325780594 0.004680829246948903
0.6132922169945103 0.7222264779681136
0.701630625560095 0.10718730007549548
0.8312263300488709 -0.20350902308638297
0.7292472465973552 0.5101776975159071
0.5911117845186176 -0.7645138486074214
-0.07457130999867756 0.3541764521161437
-0.39260733546373205 0.6326870442483381
-0.4186421629289314 -0.6111483577054111
-0.8715142365649153 -0.29303679504774505
0.5704883329352843 0.7426871577877037
-0.2386824826610574 -0.5168520173219755
-0.6739946889881123 -0.6433426339327111
-0.4913422528082705 -0.10086055374568392
-0.9349945247414371 -0.2868134159714202
0.9461884870158939 0.004562118855392372
0.2632427023459434 0.13629065706197063
-0.45499518907079306 0.16001857538066933
0.8231429238665982 0.519138298089687
-0.8681130522811673 0.12491532566340768
0.4838974252457431 -0.5681804206871992
0.19760292065332852 -0.05908569748482151
0.1585979144456484 0.8166850052817505
0.2375323080842453 0.23803673611393195
-0.587340275043222 -0.3266574413258232
0.12040374962738287 -0.7528046928640229
0.6693722943666784 0.49664000889081295
-0.3060176539269437 0.7239329368520726
0.9382917684548486 -0.26005588880292985
0.24454035113362504 -0.6021878076261418
0.340387977419067 -0.5160761380752215
-0.5957831926893002 0.6071797640147818
0.676623562787005 0.4865399560854162
-0.4146621177743943 -0.20145320681124423
-0.27567764521263993 -0.01475569070461602
-0.9600237546681116 -0.16168424758802602
0.550305078326264 -0.00036024513645549483
0.14521755286685378 0.6324143709416763
0.7051029340447039 -0.20330705044629793
-0.2818831965461748 -0.39477924482669646
-0.561051078455717 -0.5996421804090775
0.01036370987715407 0.8342664776805329
0.09311989694279799 -0.09499894727677982
0.10648212454842021 -0.8941467122251991
0.1928949666122075 -0.5645314813932314
0.07470654612824967 0.47149596996729004
-0.35555157166396434 0.8136425529205888
0.08699177797433855 0.6694557040665263
0.32913465720703305 0.6150632151355104
0.4667569852779805 0.6402763686279127
-0.9199773777170248 -0.07944944248144004
0.2841820000316142 0.6857876774336613
-0.24839388682890373 0.7130599988887301
-0.19271047982279899 -0.3212894295288744
-0.07319105156699846 -0.6954960056952109
-0.05743668071500907 0.056108150964008674
-0.6410284777431379 0.35495189518668524
0.3400759320356497 0.10562085817043365
0.7871908657169868 0.11862162645558927
0.030607893924439633 -0.3198713145799763
0.28360422468861457 0.7533548590344468
0.08791478411441367 -0.4062330016579718
0.1168231510306934 0.5870329302278718
-0.24045913396610974 0.09910290989937565
-0.5401518760267277 -0.7598993006754973
-0.4965773511809881 -0.06927522013157228
-0.013496806576378528 -0.41122257820631125
-0.8868308318032068 -0.3541592875778097
-0.31261547911956966 0.10538096033556732
-0.07765420185051619 -0.39985377277278644
0.4647721132161424 0.7218749849451305
0.24917644084098045 -0.3931267004257599
0.5438329292830579 0.07552083206702864
-0.3099946821375439 0.7213014687972028
-0.590284266278633 0.06542642496923112
0.24444152583401668 -0.14346700697938242
0.3672171429549147 -0.89308297484245
-0.2277094250705609 0.42778319999736625
-0.18480078342321904 -0.9494943979926194
0.33549236197683774 0.3131880169092436
-0.6410600118041705 0.6386598196849065
-0.5060500240788024 0.4354002017154237
0.15873083794213771 -0.144622918101325
-0.3987633178968206 -0.0204403959292756
-0.06088341126560626 0.9419914062140264
-0.652787077403812 0.2509505143770152
-0.16262585849587174 -0.12609783393875973
-0.24033385994789302 0.001968165056803972
-0.9475661719619035 -0.21181746500244047
0.5692333313515923 -0.31878065504820796
0.026114683307573827 -0.5623854219704161
-0.585140521087518 0.2508992613782448
-0.5021781794343858 0.8169463922832816
-0.7145584676651979 0.4253722748918365
-0.1771301359413917 0.2882241949094504
0.9596968350146264 0.27279504776701025
0.6596361030097404 -0.6980701303591865
-0.13560664347568507 -0.23678981557170964
0.4441423125638022 0.8426166918940012
-0.3323767966140547 -0.0897740055042695
0.653105853964983 0.4686315053665635
-0.9486589682449165 -0.07892835135985798
-0.9775450592262485 -0.10373664303513119
0.08204633572189923 -0.8891811152543119
0.6978866291877512 -0.30997864599293345
-0.2832023219651343 0.7371981054993391
-0.060163631266847206 -0.27776454574062326
0.6866959569600057 0.6029627586976056
0.7006055001822966 -0.19955379913116156
0.0743494486648344 -0.034079121715752336
-0.17690936370929222 -0.38327170677405786
-0.8266738150885433 -0.35025411796416006
-0.4504895872242447 0.3323841149228741
-0.041540345105972376 -0.4244374764238392
-0.16487073692122145 0.26744435581182624
0.27959495489385966 0.16222489810398932
0.4273367618687016 0.6681278862627085
-0.015634017191168192 0.3153766611981088
-0.21504151962536366 0.4309462367025272
-0.7212863488663965 0.38781361483878696
0.7428851929295359 0.07981020888100288
0.5526117891855598 0.5711962062991387
-0.08663616744585356 0.07172693416811815
-0.2603564731431036 -0.07159637499653515
-0.030032782524671564 -0.47718723710273725
-0.6756282628409482 -0.28666354378035064
-0.7161321855514595 -0.42116752459443796
-0.6110060100796257 0.4925364987758656
-0.046147797902414966 0.20174225379876454
-0.9009695955127972 0.06684369727141193
0.4110171929944981 0.6812376622761522
0.45993671481316367 0.4463420248062666
-0.1704083311608875 0.07692452086664003
0.23814867134502804 -0.36876047754840124
0.2658751733037761 -0.41720603751019913
-0.1141966741959266 -0.32638860586386875
-0.41620848105435093 -0.8239729052537446
0.6217246761410384 0.7682777041203028
0.4755540224003578 -0.11237648855714011
-0.6272913596067411 0.0410504265333107
0.43982404125791197 -0.298095721733286
-0.3543075140002785 0.6753799969571612
-0.1693452927207144 -0.1535882574771963
0.35168837463406977 -0.22408143620430132
-0.7133932968820345 -0.21501851103676572
0.7975708843505174 0.5981046368008627
0.16711716945965183 0.24773128684851087
-0.6166617103559477 -0.022370764081864225
-0.5727005676957844 0.5488111418586954
-0.4049247761816286 0.6925502843211504
-0.08048499922117136 0.7893104261571178
0.2510423519308693 -0.41058216610456455
0.4602975458106813 0.27908624669408844
-0.5711270428896875 0.24842652679360167
-0.2489687229131914 -0.6595376038265559
-0.025359257789083767 -0.5486619741401468
-0.319262910175534 -0.8223788337154603
0.8734768065455916 -0.2834748285637114
-0.2955323359715867 0.29145988240378506
0.2391661240365257 0.13531621568219232
-0.603499103818429 -0.45810123429238825
0.5949206971724468 -0.2865683319631358
0.612230818141051 0.7092068717971949
-0.5153183117912401 0.08928120925930605
0.4987450917200087 0.12666841819286367
-0.3596526823763708 0.28466730126644846
-0.6497629890063079 0.20765807730647268
0.13279091898417628 0.4236574765020149
0.6915157644455558 0.3921625248956617
-0.6871744785903562 0.6427760914340581
0.5062025644755566 0.6272356587779517
0.06448433433132261 0.9275071909522392
-0.24499519064037 -0.5020012021441438
-0.36981769180451285 -0.6893527599199045
-0.8215414101539344 0.034488299151634205
0.1019657046868856 0.007155995415683458
-0.2134985697338323 0.5357110250382582
-0.5182694326965327 0.529295700483642
-0.7946192507014527 -0.5068239321213717
0.8267485518826105 -0.5441011250444927
-0.3648393402788337 -0.004204296395085461
-0.21547684476577267 -0.7731637422807021
0.4901894290835376 -0.4250126672180903
-0.36606249559599013 -0.6733102511953879
-0.44072180296333796 0.7984225148305151
0.43197071055073155 -0.6524656807137017
-0.13718944535192135 0.0681834042182552
0.10393715428831785 0.17483273451603565
0.7559874127965056 0.3194344629949175
0.0066570306825166625 0.1393073480085456
-0.5649984982659528 0.02929794734999014
0.6590821244520924 0.09942851713855472
-0.027704597716551982 0.653273585249438
0.8515562312114162 -0.10395321126450097
-0.6653350641800606 -0.4506464021366914
-0.35078793184106116 -0.835780369387346
-0.16591926844962002 -0.01625759786231251
0.3318369085022699 -0.42053154590030895
-0.9622964556250233 0.27180607053739525
0.40358486727547205 0.6047657982666732
0.39870633172523817 -0.8682819859708408
-0.82106349912102 -0.4465861480713933
-0.9442265802575753 0.21532324423005988
0.586564197563576 -0.6848601334862376
0.16599445501046106 -0.45688679568745405
0.07126744387653416 -0.272974298516826
0.3517850382779315 0.6431118624806849
-0.7972736652479846 0.211092740301408
-0.6563544734229516 0.028132237760819523
-0.5580612905400455 0.6110852064016941
0.028277387607714255 -0.4523720767777575
0.8099633518693494 -0.25643100890524617
0.2936061851834193 0.057206346950274156
-0.054080177972346544 0.2506668467309856
-0.2140538941197332 0.3362023317133942
0.5164613686254207 0.4593008745245346
-0.5195395266007863 0.3296386613399249
-0.4375084591256033 0.1560995568383725
0.8203669959182911 -0.3260630629613521
-0.8148718631463021 -0.2136574070769397
0.2905762816595261 0.4805992157812262
-0.18814476796085966 0.889681473310153
-0.026491887866304964 -0.5390723168672953
0.32437227906102795 -0.3431971791132076
-0.4956111301234072 -0.760328283752095
-0.4579110373676918 -0.27445243682460174
0.4661678783171077 -0.03490158724674086
0.9558013765233475 -0.0017719507611060337
0.8550044121615503 0.37050616897734634
-0.141209427424414 -0.27766952955340907
0.5308819484714644 0.750949226741001
-0.38422755479187987 0.36261489502233
0.0016364393647512188 0.7390906127013592
0.03346292076211932 -0.9133892065133149
0.6706729800038147 -0.2700973809864866
0.5355064033005799 0.2993272159692335
0.7591600990097556 0.24477137159494955
0.25518997304978597 -0.5949988245921496
-0.501423952144135 0.25253787922269977
0.4204760643960854 0.1584184650005669
-0.1259429846390765 -0.9589168875751604
-0.8077183418644931 -0.18352708408861296
0.24842827016493763 0.7304773671376408
0.3199410897797623 -0.30797351926659844
0.31951609008335424 -0.08835232135602711
-0.12125387146208699 -0.20261928727289913
0.2231744235683475 0.8843050681094426
-0.09280731445972679 0.5628605773420847
-0.04149314308034402 -0.8255312933729098
0.5429949876681532 0.006456199265601592
0.6676583037184809 0.4049638759229024
-0.11860925204159867 0.7730474405746661
-0.41075655646813547 0.6075007883589205
-0.663388071124444 0.34262453642640045
-0.10072117741342446 0.2120859782327451
-0.3728615814131613 -0.3353699614099479
0.08123566003995109 -0.6873662820624951
-0.6376202023362034 0.33596695459819825
-0.8716736459477386 -0.371163577699007
-0.3028521524232295 -0.8300103958635785
0.6798762913940926 -0.28298092401384056
0.5960529895447595 -0.5655721390990418
-0.8860116999556418 0.0028956641537161154
0.6571940587021985 0.46905721491575614
0.8493020960184834 -0.45048186953742353
0.38358604646406014 0.7227534720201059
0.8801986560442219 0.17290889891764594
0.864774412121504 -0.4993170976178527
-0.17489913983850713 0.12310475137586319
-0.2922547677714338 0.7645070242084415
-0.6581895431375586 -0.7308137370986953
0.7047713839628145 -0.4063657146809416
-0.023720172179065413 -0.5215104427774799
-0.39106413894990055 -0.33382124282322256
-0.00566598162158094 0.9168556993602714
0.03918065337318666 0.33141779237173896
-0.17112176759577058 0.9499109315519569
0.75127803314721 0.02046180631510941
0.6515475700359648 0.0008522466877145529
-0.38063817278336365 0.2776997198716544
0.043436076429519854 0.008720593567290713
-0.17011633056968378 -0.2913499165192708
0.1738175141379621 -0.64059004760384
-0.6240637988449178 -0.07388664546025758
-0.1435499543427432 -0.6099144433745451
-0.3237405223700318 0.6740172191166904
0.6142745815245951 -0.5317661321152376
-0.13621767155028386 -0.5541083391662487
1000.0 0.0
830
-0.34830465486970374 0.6263503759594775
0.8026212789610037 -0.5603975752755184
-0.6689458054021271 0.6121770234854955
-0.4473280315684718 0.6689268555438008
-0.72688424554582 -0.2346495382575211
-0.3810110963555713 0.2333170737007635
0.19908692635017844 0.44196694370501866
0.9164310707781167 -0.30257562730717
0.16014478705533852 -0.9137089962262417
0.1393656863332795 0.2978932701367234
0.38011965936797765 0.49950453423428853
-0.42527965647808474 0.6409347604630116
-0.1272707977063594 -0.5443049706185534
-0.15587341813778965 -0.1425540759321582
-0.6563599815932522 0.013855834969146219
0.27538188516985995 0.7339670453709457
0.28313395623377535 0.614377308455408
0.13348260005869528 -0.45858912827532916
0.4153720983157252 0.11969240712212126
0.3227874407293865 -0.011324119665496069
-0.1492970617464946 0.9307497885463385
0.01080846860571727 0.10622688070267916
-0.5952425529300887 0.3066824770403611
-0.09184152426407488 0.9904991193446717
0.14678552926227662 0.26868787011793804
-0.047053126631607434 0.11539092150406516
-0.0738333992983915 0.424638151848465
-0.4931149788193139 -0.1478684741439693
0.04984114388578331 0.34110046995333776
0.6880405119966686 0.20694701670079274
-0.2048832774908087 0.719295143141877
-0.4239563097928467 0.6852389751034662
-0.7439459341737731 -0.32852098524048845
0.6151835339645539 -0.7864773304814785
-0.5820846665604111 0.47813391394828053
0.24121077073801955 -0.2539509864754703
-0.3672964280044848 0.44283528378865666
-0.057720806328644514 -0.12764720348669734
0.09069539247513858 0.8459233211037511
-0.2865796665409994 -0.9180436660562192
0.12824248657612958 -0.8034899014763561
0.8595080601802434 -0.15849136714046375
-0.16590845695053869 0.5770881873056701
0.017644153348084446 -0.7144911375925895
0.9370920370818785 0.09566054904473709
0.6346160069506019 -0.7679208938973392
0.01636646053882118 0.004279584306446926
-0.05467783074915 0.43094756209320173
-0.8818591285524158 0.43149863555891255
-0.5260937463533695 0.5470655079236266
0.09351765369107423 -0.2285304835852282
0.4517289415552177 -0.0673909950977718
-0.057439272578521994 -0.6708424549313081
0.050026560596657 0.42216622045710395
-0.2612127967891056 -0.13179414681876778
-0.42140002831407086 0.33758130935032726
0.11795310289292038 -0.14451336944488835
-0.31089722975693324 -0.8283711666984026
-0.58056855875693 0.05885799792745394
-0.4712309996705122 0.7615386981874885
0.16694311193414424 -0.33203251285705915
0.4668959025825683 0.317680013734271
-0.7236606635810559 -0.028121330115207455
-0.2327490605821667 0.8333532086470716
-0.20828705292632033 -0.27909081665883795
0.4623473098098023 0.6148424809524138
0.7668153497953976 0.4213384651184897
-0.7325022371393739 -0.41481471476674026
0.8668699268958839 -0.04495666779340568
0.11148917975123118 -0.3215034751333541
-0.17765975299545866 -0.3540137311496485
-0.3181458072740979 -0.13616762177706931
-0.9237228146831731 0.24344159025319168
-0.38635092967766504 0.8072365643614314
-0.051709738484729595 0.7602500257859806
0.6151059352360773 -0.6896852508759903
-0.7818953506232811 -0.3627772251019319
-0.22614055857886783 -0.17390126540306938
0.07780017207720347 -0.9873369457029921
-0.5376090671269076 0.11263909168111863
-0.3392879501089805 -0.8789604066363803
-0.32503562166225786 -0.021148303523328638
-0.12260462920559201 -0.4182953096375597
-0.04092243846186916 -0.7477621294849293
0.651292753980981 -0.5332419855611408
-0.18086259936592475 -0.8981483285073764
0.21124085359207956 0.7085404740352323
0.04577917355372629 -0.8923108829465991
0.2598803062464117 -0.12288755774296489
-0.7622171241800757 -0.5315853155333479
-0.9746343203632728 -0.18810169787393582
-0.7416866496425571 -0.1210729553394505
-0.6180116205879984 0.37299954911679833
0.6888923328774414 -0.5569997450391055
-0.29788155164630226 -0.8438735945196405
-0.889652995408089 0.45029017630008816
0.44896132623337226 -0.06332176078770635
0.1211578338142334 0.4024728447197581
0.11588834776841295 -0.25733618334264197
-0.6027116918265449 0.1189539382505258
-0.7211777613550316 -0.37994000711938036
0.2845805704697837 0.7176612298748488
0.5031242187357141 -0.4599747646197785
0.3935172221724488 0.22838484642323809
0.5771534695118632 0.48691187707531247
0.45832446940077665 -0.20591090975941873
-0.6833742688743114 0.1092207930982656
-0.12082387612368284 0.5302161856609626
-0.7483743438659118 -0.03788558425492372
0.3317738919806703 0.2590633110368432
-0.6273168930359136 0.22610601037954603
-0.21057418871541334 -0.439241470726927
0.15934409573161523 0.009409110959864853
-0.19216308945168503 -0.9733509506518017
0.5857367925591965 -0.5245209217074416
0.018325995937084505 0.35185812194858834
-0.3128431206764306 -0.8345564845991784
0.14337589977917942 -0.8644937980395375
0.7731917622112465 -0.0869443652045847
-0.23839660852813283 0.2078859517781304
-0.579726657858675 0.432993794835111
0.6265027324338113 -0.06050240149252151
-0.8350862196768065 0.12345312360009197
-0.264069939409979 0.6719848559024775
-0.19012820962449517 -0.24887100836365272
0.2817767529814226 0.48996426069977006
-0.10416580062353997 0.10540521296265637
-0.915411073479675 0.08548288476402877
0.49285352744690347 0.8113309487623934
-0.01075620982342862 0.8643983815697893
-0.9380009782794343 -0.05212109798894904
0.28189956568851593 -0.6595930064543567
-0.09375978011091513 0.006304300962993947
0.046185297398099845 -0.1000936236956127
-0.16996939545155887 0.23758039898213812
-0.4514617717381284 0.712595068015832
0.9479869170482349 -0.08976172309756558
-0.21018484017741268 0.69138646479738
-0.037944237112130796 -0.08143615726077869
0.7649327626520182 -0.593182084297998
0.964737859618704 0.11524677193337562
-0.4412811916610928 -0.41376033564288517
-0.5268315694484429 -0.37913258263425687
0.2318973867347014 -0.3444157536987402
0.0376625455305728 0.3671856848788275
-0.3718027376548705 -0.30921795514770656
0.6427071177028247 -0.35027622423767957
-0.4678443717389549 0.3734074920074528
-0.39150123259026315 -0.0021298854570650505
0.7465143988941463 -0.32221944041566775
-0.4354619882617847 0.8187178060350015
-0.6165994378834276 0.051423907698533
-0.897566917942249 0.1978551678238254
-0.0604900953276204 0.5509513325247439
-0.6454538373572096 -0.749467470999094
-0.425249516165628 -0.740965390253733
-0.4030407002745411 0.373472531669206
-0.510378685570489 -0.2779970121981936
-0.6025079415487518 0.7852807614321455
0.5710260936651381 0.06682304051751387
-0.14019638851930138 -0.3102686348260417
-0.21713385012032815 0.5633926015859307
-0.25980316003837856 0.12287680143410196
-0.17605180581091262 0.44785800616232296
0.7886763405670218 0.20462714770709822
-0.5791936524679508 -0.2718155391035295
-0.978562588865971 0.20367242421540066
-0.4544719789437339 0.2986863015896415
0.6677379507117889 -0.1153177974979025
-0.013694931736804916 -0.1391292040879062
-0.026501027340991135 0.10275998214150439
0.8959512404801295 -0.259799458084643
-0.823300605672612 -0.4082133063364908
0.6052443304043129 0.5609572871366129
-0.0005131505390412183 -0.4493848761807533
-0.17820655737482416 0.7957713136253255
-0.24503230801279718 -0.462824494152166
-0.7161334768467462 0.5510762295216269
0.03745957454951254 0.7990741765692833
0.5547777099084741 0.5790733861063158
-0.9366975510105946 0.1350296257937611
0.5146892165449162 0.21936241633583542
-0.07880531629308596 -0.5785193684819709
-0.6413943946048 0.2026346547991127
-0.06937125063426652 0.8964709599743974
0.22960577931859483 -0.5631073103818443
0.6028624396209294 -0.11765881082429641
0.44873683657752994 -0.5006355794042985
0.2385750350684006 -0.28181879591913184
0.9389564581677483 -0.1413012876083839
-0.844450077825365 -0.12989276945164807
-0.8089554799382768 -0.5474311472755635
-0.3455025880148792 0.5081100668874068
-0.4103640802236783 0.041960730040563554
-0.7744353184485218 -0.27998810392055207
-0.567246999177589 -0.376480058687094
-0.518268765666364 0.07709088512364448
0.12923819266962666 -0.7620311653171472
0.007737512070299379 0.3420080839506614
0.47916550262966773 -0.4814850248719491
-0.64749203559222 -0.40143071566891786
-0.6399059637575581 0.13518696283526266
0.7265178412488151 -0.4171325085268265
-0.15259933810583592 0.7621703968553897
0.6118926289572013 -0.4252674136440755
-0.650486516934855 -0.07091961268771674
-0.5287176626150427 0.2664738067532204
-0.6770398719821469 0.4487652211411992
0.4273557226006266 -0.8641128393957658
0.49699619102319126 0.16914451659206575
-0.5566287690327121 0.15681542030817397
0.5335810399273344 0.4168486480130542
-0.29817648038047695 0.4328288850143378
0.5959382504815591 -0.4535264182241552
0.9696715031934879 0.0242827428036263
-0.0709369449150461 -0.0871657529292238
0.2768207072779989 -0.8945055132198148
0.7398310416575837 0.5460424286941341
0.019152676540975966 -0.42230399292913945
0.24597176686804967 -0.18240828761557526
0.5550867820880634 -0.4426390217072791
-0.4708737434328276 -0.08011682498884598
0.746608949755903 -0.6424472843581197
-0.02188582228433056 -0.6930617270361059
0.29065313798760606 -0.2121707517727769
-0.412417108035642 0.2636346913535017
0.12666846473581161 0.01493136213973778
-0.5395877608925985 -0.15379738792750097
-0.7275958655252297 0.5886632968949308
-0.2968346534412605 0.07601722633397912
-0.1084321937174253 -0.5343520826320163
0.19219221243350848 -0.7898996447103501
-0.47098442896940895 -0.17842980225629002
0.473934335251875 -0.12212358655719968
0.02380181551083349 -0.7938178853449223
0.3439325384663683 -0.1973371142926641
-0.5240522667341456 0.45858889358097166
-0.5009896967179777 -0.20425933945097863
-0.6327453214014089 -0.431206424740066
0.7188154990717366 0.17346067104046448
-0.9558119293868594 0.012341600181716483
-0.28825314562193083 -0.06864102966180297
0.6110200707175486 -0.7176851084737976
-0.1345205567783463 -0.10976591318842255
-0.3871399049306945 -0.18725019157139355
0.6695105521732927 -0.05301033250087239
0.5991093504305052 0.3946046548870905
-0.08703037545262804 -0.6258591704483187
-0.5075744268540876 -0.2987590401512541
-0.09597898190204024 -0.11769754593584714
0.6637869178687015 -0.22907069548440617
-0.6330843392703096 -0.4298031396257269
-0.5121780952058115 0.26591356763054175
-0.3296389690638457 -0.0043694206996032214
0.6877605595572884 -0.15622121560536373
-0.9621641865271575 -0.06359864731310894
-0.5410853724311244 -0.6807986839591407
-0.3344890943419596 -0.8914279990340037
-0.7669191075843531 -0.2256042049539897
0.3104968915032318 -0.7604559003897262
0.3389021600351143 0.1178691791014308
-0.10630806411339355 0.6250728972881463
0.24096575507491935 -0.809579843509205
-0.6799255338417487 -0.4760733241234598
0.821560940975985 -0.03892153562123446
0.6000842877459429 0.3687251659021529
-0.03587532814207539 0.4169254396949378
0.6489468232918889 -0.4010446719158882
0.2915174919347343 0.00022787878567487319
-0.41191807701865235 0.38718081805842064
0.4975017025203936 -0.2808319803903685
-0.11036760514701793 0.1354381478328195
0.3023862032929734 0.3161303814477898
0.4344423536669135 -0.8796112836932901
0.4191021121654528 -0.7221321062606616
0.8612768628096512 0.47606144795389205
-0.46932984056405225 0.42946161036032326
-0.11287073268396264 -0.6493088283162554
-0.09941065830896156 0.9217810178589092
-0.28803476151280916 -0.7252314706209488
0.3918232172293161 -0.25674566245324515
-0.3232051263478726 0.20440027727873278
0.001976795289062583 0.6769044952173284
0.23786382101378933 0.7643994725689991
-0.004922633056123615 0.8735771725522505
0.36086108029902775 -0.07328952841968728
-0.4360575417346497 -0.11584590466026246
-0.7781214969374894 -0.1157602633143171
0.689752036298052 -0.11902826504557007
-0.2991656393492552 -0.8341868108316615
-0.9623024330713308 0.09598073821304154
0.6626245217221773 -0.613065214217525
0.7849213076614892 0.6086225291342311
-0.2578337419519583 -0.9439112970180106
-0.8317115774124175 -0.09060630720667828
0.3808535071768968 0.27828838587212457
0.45406455796896283 -0.7955775888548955
-0.8087543773985568 0.5225575534072573
-0.5132950958953622 -0.5314566479680918
-0.03546332855382639 -0.2380316810999783
-0.3204990783806323 0.16775904818509946
-0.9374342122623527 -0.31634534340824016
-0.40386624467676 -0.3334142424940296
-0.09439656628977744 -0.21879511128123896
0.31319502186193593 -0.5446353776342543
0.7903255685165302 -0.15621429341440018
-0.2288185874080242 -0.969856895458096
-0.13770301945472108 0.27590216532516143
-0.5743616838129404 0.5152640080115558
0.39218124377054386 0.004519870506212609
-0.9262369540679707 -0.16209604512923614
-0.511779911078333 -0.8504114997481651
0.5036832288891986 0.03186053781390363
-0.7925682077575413 -0.19908355958755797
0.3235830439746967 -0.3177056277118089
0.8696670552219075 0.20238937972892646
-0.0195108198702576 -0.20795136163348804
0.5928733264439818 0.5502622891912208
0.007588223004710182 -0.7911364584007099
0.6193615349117891 0.17572434931641423
0.1050398565360402 -0.9035634456378978
-0.1838633502216378 -0.5206578380724842
-0.18288067855119783 -0.5649878295978852
-0.0783150294829753 0.22542576192875474
0.2116116514295734 -0.6230042509996634
-0.4605780057991984 -0.8139071063609635
-0.1533220156712638 -0.6310291857975852
0.1152367512905943 -0.44431237872328544
0.19692880748731612 0.2438433429143152
-0.7391011160867103 0.009339837240864624
0.48506204336117653 -0.4003934050944573
0.3371293719670889 0.20200114552327753
-0.2590232308013056 0.2830155435164272
0.3700759565446119 -0.7654970966679009
0.23104388134586262 -0.7354828291559825
0.03408746341181779 -0.6353161433864827
-0.7925827497456703 -0.41675633984580274
-0.8775231287595087 0.2669284040375055
0.6393000176666186 -0.11847459075082512
-0.7704442018398099 0.5952139511382872
-0.6300290529804067 -0.45555065384196913
-0.3544020236135268 0.6217802499677552
0.5563612096513482 -0.18091524232993383
0.10181452975725036 0.27891760278631494
0.24324598115564888 0.7131817355261645
0.41968460862126555 -0.31460056018654736
-0.40573275555019706 -0.5064326501448573
-0.8057957101783657 -0.16013493083273245
-0.5741520986726794 -0.07009563039929634
-0.7335832070597552 -0.479875936201448
-0.36548659726760646 0.24435497525309313
-0.6901225994313149 -0.6261178426953578
0.249205126804255 -0.7774219357333851
0.6275973961580119 0.17349010981050528
-0.16031549799171252 0.34062440789342485
0.12762584904932472 -0.3213595603465189
0.7627571055469871 0.16398696882665464
-0.9317394718651131 0.19660702608874137
-0.05649402033005302 0.15755956393842574
0.047281701543789634 0.5498328738246481
0.30044691851517036 -0.42233877571615874
-0.6831784336890765 -0.4672808509876558
0.34172270569900465 0.18590665424526098
-0.8093608237505263 -0.4562804360588586
0.3196622126522457 0.1352110712786676
0.004337810436365608 -0.04774959708618698
0.6222322896761721 0.6577767686285103
0.23885899072905725 -0.35257241698196173
-0.8448138694825851 0.41417650046238474
0.40113055154595534 0.7554697496352396
-0.5356576600182561 0.3765696347849401
-0.714902570547473 -0.2786054178050261
0.3789522687496867 0.19392990323081483
0.008666229430952965 0.42570481299352414
-0.7073627172301085 0.38099126969930985
0.8324521024860787 -0.5200146538629209
0.11949306780034719 0.010002907907808112
-0.42733039147659047 -0.800936606253905
0.31521375325965484 -0.21095830006401983
0.028057520762848176 -0.32218417492286733
-0.06189215726955033 0.8216258776799197
0.07874344447490533 0.1377041094118867
-0.15979488467257186 -0.9254895805756247
-0.7762085705624455 0.2040648516528707
0.3343300096398545 0.027907653060351034
-0.07365457667171538 -0.31166529460748915
-0.3806944606018634 -0.12764354612112605
-0.9263121107191279 0.22216941990833572
-0.8194942859157484 -0.40292564569516043
0.4453104141379274 -0.6993751880375698
-0.5371954334772466 -0.1835925393042186
-0.16003702054878066 -0.262422504294743
0.47296746732329353 -0.3289359578390165
-0.9593788554654115 0.22113922737043934
0.6369817923248864 -0.2856959388522573
0.1373119111500063 -0.023052401002297662
0.4103377422313874 0.9040579278877678
0.18567406832210898 0.7689542497557642
0.9210163005996119 0.025107417607735938
-0.07860961027251134 -0.2299743713000384
0.6984629058024676 -0.5384282500890418
-0.32028390401030404 -0.00044184407763792066
-0.09167136775060003 -0.06930023006100883
0.3124546571410769 -0.6576971741022672
-0.6591007977498049 0.716122512576943
-0.27994159986343403 0.3087344500702025
0.3897970591344535 0.20217126127196927
-0.5840013668090775 0.6222844056520054
-0.5133706237640085 0.3321490231545363
0.8903921811820994 0.17900309764241973
-0.5211843703419705 0.8036977981027731
0.5347227498174769 -0.5163378222118928
-0.05769757563565703 0.0652000540514146
0.9701252439066614 0.042605921364628596
0.12645285574376341 -0.13362758680521458
-0.4758785897678548 0.8203787388610124
0.38265214993292673 -0.2322293720795363
0.74090702625597 0.31944680102796275
-0.11664209415967708 0.6289443875186804
0.5713629133239129 -0.46183930701160625
-0.21399202352408508 -0.8630954150677934
-0.47412307098004547 0.16628009833183266
-0.14066612426272695 -0.47987477749996055
-0.5367883968242402 -0.1917229506248157
0.9703825514110567 -0.03559783888106516
-0.3203566893834928 0.6714088771397333
-0.5878905067180877 0.4678524812810816
-0.06870175950949875 0.3553937218005825
-0.22370915770940014 -0.4436301648294827
-0.5375474683303698 -0.16561938387642217
-0.8207974190112672 0.029811329692247757
0.2126376851766112 -0.5930467828254073
0.35068333581122957 -0.6977788322854714
0.31961047508668083 0.830153867398632
0.787331541593355 -0.550856519713929
-0.4201326479490788 0.7806874343272001
-0.15602832550750745 -0.01841328416081911
0.5407685462089948 0.23941279393598447
0.7305656458768828 -0.17148212021206555
0.8775041248311661 0.10886553839480673
0.5796721800275346 0.004109196400090553
0.27861347367158285 0.4067255208968701
0.6744755790702293 0.07092463893346124
-0.057018327155794024 -0.759990736705441
-0.5122647007366616 0.10256498162251515
0.7579618277480076 -0.412408351035058
0.6765564307359482 -0.19961949295523862
-0.32774663358866185 -0.32563951992442286
0.14014479591721973 0.3242204328528453
-0.2993692804546475 0.8046064614139392
-0.31812057461453747 0.4248357652206689
0.3717284565865897 -0.7638336487367614
-0.46228298968123305 -0.2945058046748106
0.021664874876187623 -0.2213058151994307
0.26991498812086934 0.7461822872514674
-0.39641415180839457 0.3826778420115273
-0.11037702028784913 0.05563696010116992
0.8737343757003013 -0.3335763567826793
-0.07135021319076285 -0.26429951557513554
0.34883993526451773 0.4244697667227806
-0.3957361601738403 -0.04091299728221087
-0.1605785360718599 0.054738312161068725
-0.038584934435858864 -0.23712477534820708
0.9732496505185171 0.10997330733797783
-0.4390256426384773 -0.30118436802652004
-0.8827071092295007 0.2232437905481124
-0.4932344035275944 -0.672787407401543
-0.21628343746749068 -0.47099637479424317
-0.08120302077123931 0.9251303772899482
-0.02074157711736735 0.7067913027219745
-0.2712971713297927 -0.36746951598088406
-0.06660367128250466 -0.016000095692611405
0.8312393846385491 0.020858247520609607
0.8340484184913084 0.20581380151249906
-0.8073456860655375 -0.09468809906598485
0.5370255593328714 -0.5204581694179695
-0.15349305514584688 0.007536147386417058
0.20234264929469625 -0.19756637667654364
-0.5220609611544591 0.12094619514081284
0.3397347516493727 -0.5476019311418803
0.6615878281287659 0.22134260800108585
-0.1250261014051679 -0.664755299250128
0.7473836808082435 0.6137053412031934
0.2436682983919487 -0.5876991369448203
0.04821856327383567 0.5719536191597159
0.16419434809040245 -0.22822781284180427
-0.5462244948791848 0.7936705582420156
-0.8865492005796889 -0.12327701672360392
-0.42794582644910495 -0.24344190855308478
0.08196983147701009 0.19792842548979261
0.2510880881840134 -0.4221932477094821
0.38664789311984804 -0.20803469136464936
-0.27062542370246145 0.1920364458789423
-0.29941429734362335 0.5246516088880444
-0.3138187136798791 0.9160296002991901
0.6491562383538321 0.6412699704942397
0.6962858603799267 0.08374413356638466
0.31265347052459824 0.84710416726711
0.07885446188931211 -0.15966374135174122
0.6388486627116179 0.2696503165073556
0.08789934880114747 -0.43698077818114744
0.2968148914286701 0.4271883582909475
0.8804589828691909 -0.13760259595627056
0.381207442168515 0.5128932950336593
-0.059744177339464244 -0.8086700193646188
0.5779327794079105 0.1095388968129225
0.29632998292516644 0.01159723687660974
-0.39975392805724863 0.013822176101783601
-0.07034335035003036 -0.72649251454642
0.7194284316488835 0.5932807060102201
-0.43345549356619206 0.5344064732866354
-0.3319271773947463 0.33369399975348557
-0.33941810836734465 0.2265310091563577
0.14857987511085047 -0.4775396031688217
-0.25088557281888746 0.7990306985887718
-0.47059878100787134 -0.23018402462930476
0.7502148352341234 0.2481203392369058
-0.3781800302697915 0.5630676879124685
-0.8387778003575832 -0.27403687946537714
-0.6106624835955063 -0.5335222806688666
-0.679944238005022 0.48236127774952897
-0.242538650307639 -0.02997586524643303
-0.6133832285118317 0.2090459480866591
-0.3547706732022893 0.7743922491288178
0.9564663319023166 0.11648287186056905
-0.16675042434723664 0.9578268923828286
-0.508578475953029 0.11484015188461028
-0.12572473326811862 -0.16283641025874274
0.6397504763121304 -0.16957111159405258
-0.1745711747536529 -0.18158356817831645
0.21620333369275646 -0.20867940685291542
0.2819536085290377 -0.6384536632304205
-0.3960163536731529 -0.6027033928437293
-0.4186073224890312 -0.1244765025985417
0.16110832656517515 0.39909950682296613
0.7878817131033524 -0.360690502743648
-0.6140380331201751 0.05534065228079421
-0.07665918571521813 0.6029215253096982
0.8952046619824652 0.12833857835979945
0.33678324678066396 -0.6942535278128734
-0.5726137098636159 -0.027520852462821432
-0.23905381112945334 -0.3579595327946923
-0.8683990969179283 -0.2975220082393295
0.09960066247924959 -0.11119624190262423
0.2773181423665605 -0.31620120114486294
0.04931203580272303 0.8313261460506451
-0.6354623735413356 0.41185821539547063
0.7510202321999624 -0.43247712958695606
-0.7412514902537115 0.0037325410081119337
-0.9563621791506245 -0.27523905110037483
-0.4408012313256213 -0.09694108936626189
-0.25989903387034397 -0.2654996592618275
0.7728209031061621 0.5945834496716098
0.3712530461494312 0.05540361225006696
-0.5269626381488617 0.536998380241571
-0.017643864156298594 -0.017711273942353944
0.6144775628417627 0.6901792899875641
-0.5251193622583428 0.473658047852596
0.5929247362069341 -0.13869037357327096
0.8674642776361168 0.23302014232298718
-0.4704493106688705 -0.39967023642661026
-0.8851383150412544 0.2663940551611452
0.24090300178634205 -0.25504299712021083
0.6725223920054924 0.363243140674945
0.13785458668627615 -0.25792864571157037
0.4270128436093821 -0.06517416644402818
-0.5077544990502012 0.7839791209912232
-0.30274596141738686 0.04959962914506377
-0.09361944709161496 0.04303697761697389
-0.6419848157602301 0.1623053295525254
-0.18520552266313572 0.22381123369042522
0.20231920268922687 -0.27719915902993497
0.28674825561778916 0.5552857116302985
0.8401506567541914 -0.023861930801976516
0.07186348151811917 0.11644151098726452
-0.044990972959998876 0.42536904549662324
0.6172166626835727 -0.2513931739664814
0.2013708024627825 -0.9393270909979561
-0.40595928543000936 -0.830590629607382
0.13303072297338736 -0.931531509307441
-0.04104309057163702 0.8454758059378433
-0.5839172145402005 -0.5421835554179577
-0.8210626218778054 0.32757028507049335
0.5875040428494491 0.698040268277176
0.5357431206673686 -0.7223471827412489
-0.22125213566662993 0.8167905325492832
0.46346027207432017 -0.634843919982736
0.23922261414564483 -0.27979394173489824
0.4962226292646408 -0.26106839574991025
-0.8314938877054732 0.2173799406172825
0.5430939001811002 0.2620419533745062
0.024808953318075533 -0.5126358220515095
0.25374764792350146 0.027608556378425853
-0.9822456090656191 -0.13644891864057151
0.5362725085969682 0.03065862764247984
-0.6769623464915313 -0.45738692682808835
0.07196710947253049 -0.31515702013245206
-0.3437852416239475 -0.6721847695478069
-0.8433499724385309 0.17321325942312438
-0.25172246219008443 -0.3835263383629117
0.32021436522693936 0.22221663802857328
-0.0882281898837527 -0.051082894006681645
0.17944414792230812 0.3562774094507912
0.23921658899202414 0.4639934085044324
-0.1996914038045381 0.6490226059844231
-0.39968495284771755 0.09262967330670557
0.18138310448988992 0.149283707163679
0.41888660441932113 -0.5643237928455727
-0.1482849550100882 0.5683892296186013
0.7412631516767603 0.2570390109557381
0.9059791730786899 -0.3917442711796957
0.2330238088918435 -0.6173418669132797
0.10739440812335643 -0.3756188289001088
-0.17268339211236894 -0.2192912184055793
0.8488384902239057 -0.3887217820697211
0.9846375412313857 -0.0657294620508515
-0.8792450291702967 0.3107994925664792
-0.24358978918310425 -0.3639127594813252
0.011664629696984008 -0.7556557338337129
-0.7869796130738289 0.30876771574112927
-0.06981928413761418 -0.32406887944465845
0.006491110743366946 0.556232176172843
-0.6142170464526471 -0.6429604023714903
0.345789261144122 0.7485525679585112
-0.06705114409407598 0.9492563293814291
0.6786661974087445 0.528196120913035
0.27261910337385675 -0.09761367117876962
-0.10910785151516889 0.017367032057491905
-0.02853935686223008 -0.35412986394285473
0.17897754500929208 0.13459565698015608
0.4901111472635924 -0.35286452323850814
0.09148874378642224 0.5928409645537416
-0.8838787554354728 0.2823147768554921
0.41485221053792 0.0834012813091638
0.0700213885562797 0.3316525898124667
0.8578013068098165 0.19577676358660145
0.5483600194482865 -0.6518586621687366
-0.13479803553175307 0.808137041246356
0.6339020766648948 0.23049218902905366
-0.03287730219185514 0.6054267454462161
0.4071269955362564 0.44387576118778393
-0.5123864851102529 -0.10598099923217252
0.5904486588799684 0.2836081701063937
0.36442278405677686 0.0037276139479021086
-0.010949229228515822 -0.29046225137197923
0.4591570096183748 0.45571847993260284
0.6687550095616066 -0.2808726861553279
0.4549735998726714 -0.08974206807829965
0.07954531209597615 0.5619832815126713
-0.3623120725559763 0.6587832560749827
0.24353570697347582 0.1041410670164844
-0.6800008972721818 -0.30980962785461097
0.09772891207982126 -0.3891649607917578
-0.4072469509732195 -0.27602518750960536
0.04834063226958274 0.8486298712335831
0.4698450261705991 -0.4940731786090402
0.2944209127309325 -0.30241085357834097
0.32696274664847547 -0.18968054505721854
-0.2973107327375084 -0.3681885846089574
0.010612923980905409 -0.9964666058014522
0.05925642695277222 -0.3644072861020611
-0.16947072691093346 -0.39375943408272107
-0.22529388933078054 -0.7187333376250662
-0.8430710895475622 -0.061856988015196235
0.18914618057336297 0.8082072428517857
-0.33469352828977783 0.5457209822415172
-0.6520400405894033 -0.28231753659886505
-0.7286381381743154 0.6654756809361626
0.5244411636607735 -0.26073798503249423
-0.4842748302658584 -0.0763466195672573
0.07854096897187812 0.8309195788671251
0.3284059265716528 -0.7183711280493805
0.854939529841928 0.01249986335966935
0.438368464211655 -0.3315889904781646
0.301215836130603 0.6454392675671676
0.323224142174515 -0.8131914915405711
-0.4470472505351133 0.48770735915745056
-0.2246986419788537 -0.2648458412719299
-0.42585992271763984 -0.571345689444748
-0.7840870523219392 -0.29855883228170454
-0.4662088427127151 -0.08491680986901518
-0.032245365801025994 -0.9596470623252102
0.25883556440619215 -0.30348482401319776
0.9824352793052178 -0.06179343271495874
-0.24006527666406274 -0.39051732682671236
-0.016013687069766913 -0.9583456336154506
0.9233929273539743 -0.34544390631179933
-0.07553254619132321 -0.03143384912636593
-0.5888646642814117 -0.34553454354805746
-0.7932277286976888 0.32228363675466976
0.6957326776107482 0.7018702959374414
-0.46239735719031594 -0.2529683940786014
-0.7122089505496874 0.22805870086830482
0.8363638530286399 0.3307573955302874
-0.29753600280457504 0.5311798226857845
0.5562216487895668 0.3941395901997129
0.7374696549362396 0.4184156932595371
0.144005736711031 0.015548030900591536
0.43632803470262616 0.5351721666301832
0.7503986409444341 -0.4314480854396445
0.374793009533011 0.5064709516279342
0.2643666994065481 -0.8621792123195093
0.6943825722494659 -0.2794250697476923
0.0709838025785694 -0.07497978884021061
0.23527189169616047 0.057398649054506645
0.5823073832544186 -0.6771516912050848
0.3947977900566093 -0.8166131490736861
0.4215586719198601 -0.7538315190479414
0.13593744757793425 -0.026893982532453453
-0.38582998530845125 0.6669054469997877
0.15054770133802298 0.33669140180874124
0.2547509170996598 0.21727445502052856
0.7155732220493505 -0.3580846960603208
0.2660250462135414 -0.830026589630126
0.22266719528449008 -0.0006595339225978769
0.4340413579427409 -0.48319850818698273
-0.41418428444815225 -0.0391324696144546
-0.5271540479017649 -0.5984092595583743
-0.5674779503285781 0.2775630626376071
-0.04493711430752967 0.513123566081187
0.8547688802339406 0.1687630589560336
0.030530685149653847 0.6485947939321424
0.9101132169705188 0.11982230238373859
0.5013232375078238 -0.5723785659913543
0.31578425062177296 -0.4242555873833205
0.2044867756051736 -0.02427174132668153
0.5275847815730486 0.16119944508257267
0.6640861811545895 0.6431975638819212
-0.7713187030664568 0.39060432027724246
-0.0536761234555978 0.33989964555198804
0.40115939727701444 -0.8158525853642924
-0.5068787867351037 0.6749185041074446
0.27958611593312344 -0.4870143902807116
-0.9400539976437328 0.15228859904760084
-0.4975986763475668 -0.15956383778214134
-0.03329812161463286 -0.06608865023383426
-0.5834934005633272 -0.45482846251613096
-0.8667339646169889 -0.2896757427173269
-0.02192030691998581 -0.008866125296850047
0.3025115656635138 0.4800067264445016
-0.45176599273576623 0.5495175607784224
0.02126125305302784 -0.6151349361694285
0.3946475610418747 -0.6096689471365804
-0.5209852311830119 -0.12781135737333105
-0.5286818929074837 -0.1506995152875843
-0.8599463041906716 0.21829816807144775
0.2831483956189813 0.38005756986224504
-0.9007863975425252 -0.34847788053094075
-0.02365228885804327 -0.21153049553680248
0.28926594972649133 0.3068001955739328
0.7683921842376009 0.5333281746738834
-0.8386876461953081 -0.3687733390282881
-0.7561699166601263 -0.5563762876375229
0.059099401404710816 0.011366794506670663
-0.6195814351283953 0.23181389057425572
0.010684723104353866 0.41390566520251837
-0.3143556426345435 0.7595308168506107
-0.6110651781092216 0.719972182513104
0.03189079948888329 0.03409575362619255
-0.4233344697498427 0.29800794225418015
-0.7163351182736193 -0.25973622993458556
-0.19130386658194332 -0.28800195963312825
-0.6041351566260411 0.4387859680404691
-0.0707380854067996 0.7539519119781486
0.4810198146918949 -0.13971724610882053
0.3908214612376457 -0.1890095524444908
0.4195072040365453 0.8872433060775822
0.4875283483689832 -0.21471128765309566
-0.8268386019504848 -0.35962849443204403
0.1896983705699926 -0.16582266222011532
0.45113099777199395 -0.4005121208431175
0.6832642982910424 0.4584084056793556
0.19129365826595035 0.40745984675535496
-0.7862517554596067 0.5672460145430289
0.14891312414400937 -0.6705805138579126
-0.47798631650224355 -0.8562267651289093
0.12797245223378861 -0.4825180931728674
0.8568653952180092 -0.21770509426821016
0.7618828373693265 0.2743801751602446
0.27745942464786055 0.3570491527345576
0.24539659933112556 -0.8872789306167115
-0.1298496390160162 0.29157627717706736
0.8459890716264791 0.09735431736513456
-0.05480167141709136 0.31834256865713084
-0.20833154544648425 -0.4399621402650835
0.6978480622679388 0.36514004706685577
-0.5057539566505918 0.18223197329243002
0.3322426974801571 0.00460428148648373
0.18686972431591142 0.9256836338736567
-0.10381440646670215 -0.6912248707473283
-0.512648562551894 0.37070708951701814
-0.24261440364507547 0.06117504844636956
-0.034605610264317965 -0.6009991159532011
0.45156853639683847 -0.3040643759341819
-0.4951916544350454 -0.3687447576920775
0.14513461657546078 0.6959452071118482
0.4566328571528322 0.7830258244297037
-0.703052175471099 -0.5854450818134562
-0.39453206444320776 0.10894153411950258
0.7755626380487086 -0.0871849739760644
0.19729699955762103 -0.10389460329206712
0.7730463379711401 0.5809135356138164
-0.8183249911524937 0.3433485568321195
-0.5986862915160613 0.2400507570120305
-0.3429355077731584 -0.7293689461360782
0.2905503141776955 -0.3717591497857218
0.09125813030193286 -0.8593471824054386
0.2098651298977421 -0.07036362723903
-0.011069133693497157 0.23771983092219418
-0.2924586703304801 0.7538363084125599
0.445417122836139 -0.6988891195036824
-0.3792134027570042 0.6602065921050095
-0.6165232675781211 0.4339165827712055
0.31105708186536063 0.5324637965013199
0.40685320185937 -0.8520220127512284
-0.7545727445703072 -0.27064598523254646
-0.568764946665447 -0.5953822169404701
-0.9230754072816074 0.1275321780779779
0.6037137547459543 0.3003516712505603
0.00692400855559594 0.02076856846772368
0.24613175516062658 -0.10652082598101043
-0.026597768047232018 -0.019398041575005687
-0.6891038710452004 -0.11361780814160394
-0.9771787726507433 0.13289451200696734
-0.05024921804359428 -0.9953236085831305
-0.6373029175427916 -0.24562478336835492
0.29827409772695224 -0.8561342981947209
0.2555203182082899 -0.12196990539524566
-0.46712689448860756 0.3078464878315972
-0.8063141965677014 -0.20581859071853414
830
-0.2757489533708204 0.12042964001509016
0.5933065512285169 0.43146536125592694
0.18995100360580564 0.8849927423105988
-0.12095049518047785 0.8472483319375617
0.6924141450773715 -0.1452161089025874
0.39737037582500423 0.41313000213345674
-0.25197410820030397 -0.15549391114538547
0.5922961537075331 -0.5717487071909104
-0.002287876839599301 -0.7027938430797931
-0.44412956228102507 -0.07910084499676162
-0.36493881448215526 -0.7069651820694232
0.5337490986991811 0.45013672145716277
0.744821735100546 -0.2461281147503669
0.8541350251043458 -0.05761326066917327
-0.6315132007317559 -0.44281083392059295
0.27402159409225546 -0.7177147105943449
0.8356953523371902 -0.12397647646840171
0.8731224484539155 -0.03938497797003304
-0.6477550827882097 0.19131917208857874
-0.3146643646105387 0.22252966324252066
0.13172018659370877 -0.03810254458900575
0.21620333595789698 -0.22273478591447615
-0.332549100414272 -0.44338119381300056
-0.8230709454730272 -0.29695886185234355
-0.5204172814275749 -0.7253260833060453
0.6076844584792054 0.4533229307945865
0.028644211139183362 -0.3851333315429488
0.3814764586843604 -0.7193959002887673
0.30864959495315025 0.5136720786968989
0.3722686800911079 -0.12013237256495746
-0.5574648772583757 0.022209630538519542
-0.2841347681758637 -0.5697580033580734
0.292713651841086 -0.4594231963418882
0.564493384455447 0.01643451918145633
-0.6310100550317488 0.626781712796926
-0.5603626020563317 -0.39923244841743455
-0.12480226352727142 -0.749336263507627
-0.02699195477812233 0.5792582054634743
-0.8679152032834938 -0.10966813951616428
-0.2566384703119273 0.47645854639013785
0.789752016714109 0.2093048816571017
0.6293693190276053 0.40366341711266207
-0.43603078997600897 -0.41406720759780913
-0.05585535118775109 -0.001792553115027129
0.4253882061884102 0.6742714563633709
-0.8076393126878447 0.18006989714451382
0.7822485620553654 0.5827143471544336
-0.7378217292625011 0.6255617781456595
0.3734459033924449 0.20486132626619025
0.5820164513094792 -0.20238347954563718
-0.04775399164224492 -0.1937190506244315
0.025729333316834024 -0.3977060684691063
-0.733740087065148 0.10697887475960921
-0.005962299179611108 0.7096034132570304
0.5523263989600169 -0.3167779842314995
-0.4070456760997019 -0.639057996977159
-0.5027094817801148 -0.2912548095342713
-0.3607764761488881 -0.639862583677504
0.5157501964895526 -0.6473720963709837
0.09779917484550715 -0.7693338331553208
-0.1373618533299532 0.789570372718752
-0.6325256216462061 -0.38714687168377426
-0.2254556330574482 -0.32714679573126815
-0.19741920318038075 -0.008358264494535694
-0.6790132129460593 -0.47976357957652316
0.0644317043381637 0.5288295980819846
-0.5281265608370027 0.8036208233737112
-0.7892955204019063 0.44451175169202606
-0.3320986297307986 0.8668960863706647
-0.6543632017853205 0.07832670172911893
-0.8821349920691808 -0.10729102560998416
0.4883582797399142 0.5197883716426626
0.4290738317174225 0.7211472785955602
0.30114821447212914 -0.7686106221204141
-0.15942129667039318 0.785981353800169
0.004917845041040092 -0.0587684494310996
0.9274813702930922 0.27765205540643856
-0.579394105577762 0.5464162957312564
0.007258145872480082 0.7375154177572802
-0.44363427379513665 -0.25405903452648504
0.16915395076489093 0.5024897779275554
0.2693019796866505 -0.6832560470768256
0.5573118156811381 0.6731260575731604
-0.9182919278593151 0.25211612348461454
0.49055802492284384 -0.35407006065292346
-0.39197273864073323 -0.8117424060035439
-0.2292361556647351 0.08549104049649303
-0.3154540120631615 0.8665774135552138
0.514513782791431 0.840393041040693
0.21330878149565113 -0.5015792063546838
0.41447096195753996 -0.24816112957890102
-0.8819596814803137 0.09014104416143587
-0.3842341581204791 0.20044661937113628
-0.2611414948751749 0.7775488777261468
-0.12627782081654293 -0.3979595655919368
-0.6773696765948625 0.6363705335112606
0.5742953655871399 -0.26083179610812435
-0.2864254915314046 -0.7739094702579328
-0.32755883098980076 0.9133308329695102
-0.0676934567183669 -0.35465393922822663
0.22314800150047498 0.10750431608643773
-0.548709172740274 0.33728076011304076
-0.18857053403043067 0.20786678278360382
-0.5716508625158923 -0.7487773300424834
-0.9190485949644196 -0.17524202243356535
0.4526159758434891 -0.08826996876960713
-0.1265279386893996 -0.35989342441835204
0.16346227522102375 0.23699053153394178
0.4238435083048049 0.8344361545934702
-0.0823168697555765 0.6963222064179935
-0.36443246078920977 0.06858448814032547
0.22496382887104116 -0.9696941586029655
-0.3759080087781661 0.6380705139825769
0.05405846710770623 0.48244442788102737
-0.1285205639110587 0.0709216014195655
-0.39491869368922017 0.5286778692545953
-0.6633409122813592 0.24057379687243308
-0.4710682881619861 -0.6721073664511048
-0.8476199900140398 0.34067375357169816
-0.2901856823362907 -0.2888480683025656
-0.5370538128566211 -0.4904340330065451
0.6788906882401571 -0.7312609019827201
-0.359327373889063 -0.9220982499478652
0.13849942493762413 0.9115670563718812
0.7714887946955955 -0.5253837674969424
0.1318427227259611 -0.5755671651394716
0.47920798032532486 0.4979608761902743
0.6207531934842452 0.581141015562795
0.8331735158169029 -0.3100434356485444
0.03945321412157621 -0.1993570626902319
0.4058402364247651 0.15784355296767338
-0.9398546635453158 0.32655892448376345
0.25174953860418126 0.7035805002326143
-0.5709619376845738 0.07800200245610744
-0.5751081412684513 -0.3503314077323254
-0.7646304666557342 -0.616361618345346
0.040410501933248355 -0.27158648678672304
-0.4812323509896368 -0.07591714635027791
0.22980800625741638 0.8237423251818754
-0.023496735602453578 0.08535668487382408
-0.07239738876765855 -0.9680907173964408
-0.004455632262404752 -0.9433783945134804
0.6089044435990039 -0.34814208079707765
-0.001619708729886149 0.42516284359194545
-0.5255887600558888 -0.6675803989550857
-0.09172713547784417 -0.41507723726822987
0.11268887755885038 0.09193866944118567
0.07690669945866646 -0.029198361914744453
0.5039948233306766 0.2712134022361432
0.5838615032534922 0.06474406707102753
-0.12074818491481953 -0.20131891549699188
0.026156566479096366 0.08761847535719447
-0.3592963246314922 0.7780742427347513
0.08481462351017388 -0.9401328062359959
0.08014013034074052 -0.7279869693963439
0.4365612957060465 -0.6135740404342855
0.7538799490911037 0.03663375717046735
-0.26502721404086604 0.7237804249402027
-0.1369494084313576 -0.34154208553998244
-0.778952256926666 -0.5237854649863893
0.35060327391740875 -0.9182677443970872
0.32330815564322934 -0.8167172583613798
-0.6592385667045755 -0.48034795486896287
-0.11206710194972236 0.6133482153785614
-0.8152422261470205 0.12589288627896256
-0.33635900558227805 0.4378495347395117
-0.1766337306365644 -0.4946509949916127
-0.8312470089096726 0.3640597918278736
0.15594767688640765 0.3330997662385313
-0.7817320580847342 -0.404776867108527
0.438616789662591 -0.06148130799096174
0.1076868209843842 0.06264435402554436
0.11819914557723488 -0.10148027851382091
0.2074539562587221 0.7863884540584187
-0.12345405584590363 0.44167728087283153
-0.43078131660792685 -0.717745506623013
-0.8292929477555162 -0.12722081055433554
0.41700399896445517 -0.10971443138767478
0.7828505004955606 -0.10929401915033155
0.6738307818778708 -0.10932987286873996
-0.07739657077881601 -0.7040075686999645
0.3011049746551715 -0.5915352433033851
0.14234021692470678 -0.08620480681720122
0.9110622232664345 -0.02035150083912085
0.14243329003043015 0.5117419531461249
0.47414659391835356 -0.5764872407232879
-0.854197833664315 -0.03569261394426948
-0.5111452571765271 -0.2860260643520427
-0.6892684693774809 -0.27915087913754877
0.9715548809551304 -0.049166315700061025
-0.10273264063696286 -0.3428399044291355
0.5218295983573173 -0.1498663617144893
-0.3794833397711719 0.619235931353946
-0.23514966887467637 -0.37439140700127593
-0.9125435940969635 0.09160676862266248
-0.6136000718052093 0.5608827229402722
0.371250175712043 -0.18256382538588545
-0.6738673097364536 0.5873402787352375
0.49915584771584465 0.19659280896618636
-0.48917061442534426 0.1598099972899878
0.5268566748779149 0.7325570975126297
-0.8181990105573118 -0.4461173913339316
0.31019891543245537 -0.8670556036381498
0.46493747996463464 -0.7288040665817805
-0.8681989418818659 -0.09222431377963702
0.6367304573069676 -0.3038469923409466
0.37916398936183215 0.765942421115523
-0.18620237003476636 0.4521727009358265
-0.3756823043502857 0.8517828018811444
0.27478026593966876 -0.240617792015279
-0.17351193748479976 -0.037587408092012
0.88006356737319 0.23089563157812587
-0.14643482910568317 0.692912496792462
-0.915737881817791 -0.10804051794726321
0.6506897585399256 -0.27080300142256464
-0.151434685400623 0.14450943211997203
0.47931098624584667 -0.5265214195280741
0.8425268530564007 -0.4804138578468298
-0.7385600959413381 -0.530911190345164
-0.2110385666840029 -0.08384337750739035
-0.1115689643588591 -0.547590961958111
0.2480912965380817 0.50861706874331
0.9271240270303989 0.17187594192111222
0.49141487219485214 0.7818195490219726
0.30681864128428726 0.4656480781573795
-0.10584206362531456 0.08155439608616777
-0.9169008859082752 -0.3105321859801238
-0.7710304774202548 0.5134096378000368
-0.5676402903042277 -0.29678306978614377
0.3693151930125478 -0.4836733646099427
0.06166057065665975 -0.7509124361997517
0.7106875764078249 0.18334278356065847
0.5858690963397273 -0.0838135028546636
-0.3834137277671321 -0.13624106304104844
0.5325987395979264 0.2283761317252695
0.0448021503795899 -0.9549066109482616
0.8874601111822142 0.32694613025686503
0.37050043295591006 -0.5386035419517547
0.09263384622232684 -0.41501118288232264
0.5069286518493565 0.6969849488714814
-0.5963092347984815 0.27402889131492025
0.5674222815482548 -0.5884617137289798
-0.18249872845355575 0.25515889895164423
-0.2846239736188365 0.03181217699887107
-0.2976649373191165 -0.1295377066476635
0.5234358650872408 -0.15070209453574646
-0.8729584318761785 -0.08294592645894583
-0.004298892049552805 -0.952976207090009
-0.06400828459264729 0.7017856724662046
0.8212426983290331 -0.05186607142122157
-0.040422634756747344 -0.3696476243847051
0.04398860390647363 -0.3118217147041271
0.7538459937684439 0.3300657241808669
-0.05773204251226094 0.7926784500752102
0.3991054180492968 -0.6607655072574068
0.3823319115616399 -0.3899766496538477
-0.38110960730178456 -0.27016873763264515
0.161846070109551 -0.5591941300255177
-0.0377400427135115 -0.640857474058915
-0.4712593097400586 -0.6072000125312143
-0.27747366282738994 0.7039447500259013
-0.1882669615743886 0.9211092259947746
-0.1530987983786678 0.2096973513603244
0.36976149988094775 -0.5622194491054524
0.9275708010429473 -0.06713313207496929
0.031966138871738936 0.8854846969133219
0.15430138726104525 0.9234157681929636
-0.5329050160691473 0.3647833565116163
0.4631797183779527 0.6001689147629878
-0.3588642234283468 -0.2980453344855032
-0.2853952757406133 -0.770621296099578
0.3795936448952075 -0.687209164215393
-0.14793661603672592 -0.9213607919318905
-0.3281180859692465 -0.850123828828045
0.7191240233300575 0.1887328450622232
0.8520645191288416 -0.0789925834767522
-0.09570667675216837 0.2898757942728314
-0.664696431631701 0.3183991306945637
-0.15543375334389653 0.9523058269389872
-0.06100081417220049 0.9553493690518153
0.3845827361251868 -0.47363643861353366
-0.4530361391304707 0.6707285882841474
0.7572829500789071 -0.2730973258954861
-0.3330397928002511 -0.4319527180308371
0.19403477758253884 -0.3253560304190317
0.06166931801647002 0.6404209718551512
0.31531221958774736 0.6761344448503499
-0.0846960013099407 -0.9016017205429081
-0.8751458297604038 0.3963211470983474
0.6955295316513439 0.5581373186962537
-0.6586425395258939 -0.3378896650636811
-0.3562305954014726 -0.7095026724981839
0.8134489400206879 -0.2274332970253794
0.07181899302161687 -0.31985030973759687
0.6082957157214064 -0.09035800593236787
-0.3750817742317285 -0.7696599107338542
0.4471510155650875 -0.1937994819943103
0.5057047150892391 0.6555004172643226
0.6122242433923168 -0.404855404167868
0.16566673575344715 -0.0006967985000199128
0.5479570113591292 0.20457002982509032
-0.18832402455220465 0.13877981581142218
0.8069298122063404 0.3338224748760166
-0.43050919981326685 -0.46353734192791585
-0.08414297747233568 -0.7516254474293613
0.7360170562996708 0.3787554062782652
-0.024326684422101064 -0.43086412008648156
-0.13329425590780253 -0.44487654203195826
-0.10410151549832114 0.20014568600492155
0.1502439044387387 -0.3526226905420329
0.3812777788640529 0.8934316247830203
-0.41299414279184865 -0.6085088390979319
0.8947975245821829 -0.2738556800063532
0.5484378862206545 -0.068419046411476
0.6610423406611634 -0.1376294387468655
-0.3472300898610521 0.45772782257969635
-0.108983629008921 -0.08820168094194525
-0.5978528262017244 -0.7557062590101931
-0.36389380386406955 -0.7969470023455809
0.43929450636292033 0.04152258206246073
-0.011989905565654713 0.9949536689521377
-0.715700320154268 -0.4596544588829792
-0.1696128799834189 -0.5600073216343013
0.5404323953970609 -0.11684395452884955
-0.8480191990371948 -0.49512015977935664
-0.6374236361141488 -0.5422596488765676
-0.1300559030790378 -0.6121036920391687
0.6276490244277628 0.19139313641872802
-0.7082872746625413 -0.65995151060998
0.8705743628398173 -0.20854277463408044
-0.5273634948788917 0.34189982847371136
-0.6901594518801133 -0.15108288496368516
-0.3748692878032871 0.6020133228108384
-0.16874655169304553 -0.8531645693987027
-0.10028631009693423 -0.822000955972555
-0.4340214359267225 -0.34275823122885507
-0.7703280440714095 -0.0714172207174335
-0.9550447028204916 0.1374767848799161
0.5071632448331853 -0.6539382084218481
-0.6320500997127572 -0.08632246645981168
-0.8285962739055093 -0.2607118282461056
0.36670870455697213 -0.5353065153032857
-0.7583637705449271 -0.46993414720129856
-0.875649547834104 -0.30339225648196333
0.4609403061722539 -0.43934589892789533
-0.19143694033672953 -0.582636041466998
0.33406221810801995 -0.25787481626387887
-0.6386353798684439 0.183900847376828
-0.5885005644804333 0.09675151856821684
-0.029815104261937897 -0.8892816487645574
-0.5644211270234796 0.3762004785739723
-0.6331667653470854 0.4210863924158661
-0.22743545418830058 -0.6506527772002018
0.7736827052071165 0.4269832355677472
-0.8457534804740223 0.5047028842491001
-0.7271189837859773 0.27161738227110166
-0.3690684648977678 -0.7970714212943497
0.4022339659796559 0.3206742335423538
-0.7781837091049888 -0.4976701799668697
-0.4519324972086478 0.5592534858795417
0.8819232225635869 -0.39770143402565106
0.6356614641714464 -0.0931005532732716
0.10705697166469408 0.39099519895533286
0.16526922312574466 0.044825042036255036
0.6036237003653167 0.725251812481452
-0.2031599396249466 -0.8926375612265391
0.08890114781420166 0.21723470944012835
-0.5873639770804908 0.15637220662382378
0.41314323990670787 -0.039618947584349584
-0.569548608300384 0.22374303920367966
0.10108809066613644 -0.6876203842576394
0.4655553463179236 0.02503517365377861
0.7857522568547477 0.3839072841132718
-0.8371355484617642 -0.2356224228840924
-0.3094920610347298 0.7106373315690149
0.03428475572788514 -0.14653959617908718
-0.21326051067376195 0.8572053382045761
-0.22608041872404994 0.364193496170899
0.7248882363692912 0.07868486886072223
0.492618290243634 -0.5607720451516873
0.332811866879664 0.3914155533528987
0.13691863823167005 -0.6342017140870113
0.406907854409168 -0.010201010670061184
0.5108667593772156 -0.8410267544340262
0.5538738872247124 -0.30230414491562185
-0.09569717604543682 0.29560415576355337
0.47132739006465574 0.8362776547053026
0.6847709652201941 -0.4790402707950898
0.10895483176126697 0.4297392797285593
-0.019018439024952594 0.5628929008387613
-0.1458627945518638 -0.8710825898419996
0.5456168166517059 -0.7629319756110995
-0.7535500742081205 0.4731566254017825
0.45698146821594143 0.8522906588690029
0.4234841939298488 0.5243116221037947
-0.45030323237649195 0.7472315704926633
-0.5428107357835414 -0.44485012543900027
-0.7686647315108399 0.10149734871703897
0.9384869033059813 0.052284063842605644
0.6486566789420742 -0.08581513552016151
0.3041775858313185 0.15839834682740817
0.8156426932338692 -0.10664871172034762
0.5135169408258551 0.6024886948172912
0.7371254729051848 -0.6477317978944637
0.3077773711231735 -0.4011117136238833
-0.7094188150446594 -0.44214235617326936
0.7511379489716659 0.02447788790003025
0.018334765663675867 -0.007640440606178078
-0.7223516168338089 0.4279344716441582
-0.5114978075799845 -0.3441476502056702
-0.5762528191056318 0.7473647249911888
0.05445962543665761 -0.9035359217132304
0.08207277815153735 -0.17463551801263377
-0.2557346016603115 -0.15362778155121548
-0.025297592090119503 -0.005523201543335965
0.04031235781755593 -0.773045802966696
0.10150021293029843 -0.9584552937005248
0.7532169257591241 -0.10902295826728503
0.4742284898912412 0.2995654577107829
-0.8107639043002002 0.23895522027718163
0.9658158532381378 0.2231717790220018
-0.6913425271072022 -0.3866638811963645
-0.3431181177721023 0.015981586025218153
0.8285471153661683 -0.2334631784090837
-0.7857763467324892 -0.5185898453191811
-0.2478459533530759 0.9628071166623549
-0.6556528893877325 -0.7023635763568692
-0.11102572069968208 -0.8917644962725921
0.39191494052262077 -0.41587258273249916
0.23899447329281398 0.4724282621289615
0.7717258585230891 -0.005042961887529174
0.2056428335992122 -0.22851878761240219
-0.1321646469338129 -0.6116962983197263
-0.2090642258961768 0.40273721043470534
0.37136958364529105 0.028459579608453467
-0.4357298332999133 -0.509493846899334
-0.9600286768574053 0.04907924099841443
0.16845736408079537 0.5257839995595963
-0.6036355083159637 -0.7054539869379566
0.8113730447527878 -0.19475033604484948
0.004900814856053648 0.5815251572126587
0.8508451589580988 0.4426261131845053
0.0644699987786217 0.31388096839860813
0.004485627300974349 -0.3523164192135222
0.11206100263661001 -0.03181672326978591
0.5148793735093329 -0.6546116760007439
0.8524455569810088 -0.3729249554136309
-0.6332443893925601 0.6695365488147897
-0.40665541897810575 -0.12228782771340074
0.23975643412535752 0.5899368821155118
0.21655296707959626 -0.14574508064111225
0.43366295388346043 -0.1152463306428484
0.1758209860215625 0.6025569129547479
0.0978073107459303 0.5932517812072271
-0.550163196600467 -0.10477311389374955
0.0006561011228591873 0.6478146667264819
-0.374827665531307 0.722011793655736
-0.22029254556405076 0.09690919138099319
-0.2698210150210869 0.30090428383541123
0.2534306825363626 -0.6122273825951252
-0.25980433710880435 0.48686186392521713
-0.3144339069230073 -0.4712200419174304
-0.3534947355361029 0.5606008834216767
0.6973140668442936 -0.07500098045874504
-0.6425007114063006 -0.5666079016569281
-0.4717960369052392 0.19512849898632734
-0.628464782667405 0.11709516708260526
-0.19516393551355815 0.7737456220680277
-0.3976789344167839 -0.6588080290666545
0.3192605434722915 -0.5619590210210474
-0.3835103009570253 -0.17414291531347148
0.2490548713480778 -0.9021733310856499
-0.16528562799919233 0.7681831116239015
0.7688993794857486 -0.1094906730777625
-0.9087754693293464 -0.4148632504512342
-0.5233643532835928 0.028135297482088317
0.3957866383819457 0.44833431640277954
-0.5053511019424286 0.05962873494406318
-0.5697479850084286 0.4220915078971672
-0.23815388808673976 0.8647153290454823
-0.9945507778562801 -0.07153750565240125
0.18076595275624574 -0.23727425751690068
-0.24028413731592635 0.8254510492825005
-0.11173082134220857 -0.19179842153698545
0.08536195237626543 -0.0235174192909704
0.5142993207359794 0.4668654018724725
-0.1356281952578271 0.20030294341886234
-0.8201778420124275 -0.36548103408340094
0.48450157677658434 -0.04289996243042005
-0.38812138874212887 -0.0481060825162789
0.35574546974071186 -0.3498091906066878
0.4087809950197616 -0.06262043770037917
0.5047323778444803 -0.554505279310108
-0.2690401562707152 -0.1539179189703428
0.06960137610422179 -0.06935619342873167
0.8920846150845843 0.17484355304819132
0.8050273136726549 -0.22512380419707423
0.649235383220516 0.7303335668533681
-0.734846046517458 -0.3309033682867357
-0.7222276976394775 0.2914028295344908
-0.5280376655997079 0.8179451477779323
-0.8312769546071992 -0.5181706548651728
-0.37341059839034574 0.10629732720462104
-0.23229138696585716 -0.47399715807609666
-0.4706626043714166 -0.7203326929290148
-0.6152947922423131 0.009986048402070846
-0.5907445983895754 -0.667297479209966
-0.5924510734409989 -0.30389434964608575
-0.0397655860859516 0.667073227973803
0.28530839774507255 -0.528769276453323
-0.04989749446965419 0.9150933875477798
0.3049896346456604 -0.2981702461835005
-0.6605025919061405 0.05885372471402461
0.626855426396703 -0.6992362681774209
0.5381074567633923 0.6618508903563498
-0.4709516212380236 0.5253212724801246
0.6205593320571865 -0.006989713748222215
0.01010462710907234 -0.4307635782697046
0.16192730128577293 -0.5624558679504363
0.9434269204180217 -0.16286516529469264
0.13433395608599463 -0.21003890238286282
0.2955424163160476 0.8473483843330656
0.08615043777677256 0.8140793844672274
-0.7917978570007267 -0.35681993137686896
0.676047163651734 -0.5226041422083887
0.052106313294219664 0.5870972642147254
0.06552641936878945 0.7714465104121642
-0.7493630376647522 -0.042384386818834274
-0.4962348301979027 -0.4945536894245883
-0.18238811419554635 -0.2124113247586752
-0.4303118765309679 -0.522914019591451
-0.7588091317397416 -0.11920093087246042
0.41309649882453003 -0.6312037163623432
-0.18035895924618406 0.4348036065635026
0.6851211451037194 -0.5095105089572529
-0.3925063700632454 -0.5733953937587124
0.6049077285168798 -0.6643777963725845
0.4322542177252424 0.033742321312486556
-0.12676217266802525 0.12742699820080983
0.0956168083463953 0.09503185149080795
-0.560607930731365 0.09457833762438739
0.03734986304600629 0.9498434698889953
0.08435817438028193 0.4531468523859701
-0.4978115789602766 0.7160924284935419
0.2584791093487646 0.886448884037941
0.5499895577140721 -0.5498101737519852
-0.9149901022360079 0.09397880788095803
-0.6006729401103057 -0.36484947900794884
0.42917087766578277 -0.17756108072022037
0.43031871602839167 -0.0546469492474464
0.8975776125179404 0.15164196579380085
-0.368100179800243 0.7039311287053767
-0.4609150643008628 0.36319405382871883
-0.32600369262124285 0.08981560082661133
0.4939920853460664 0.18862522545590377
-0.23262734531733642 -0.5246193893697155
-0.14089927937217328 -0.31536528079353165
0.13666862108383837 -0.2974912633921363
-0.4304066795884911 0.8578830079973068
-0.16194522379313248 -0.11939004336522907
-0.30783094157171687 -0.04246018621036529
0.585027959061027 0.45274636037627314
-0.047278528825687616 -0.9129983107297563
-0.7730272938918472 0.047464043023952796
-0.3834716929624291 -0.5348100333515524
0.7592930303932084 0.5139197855919697
-0.12209537933328174 -0.9142176268926185
0.7212491352112982 0.27143220176952965
0.37708639717394155 0.21155303309521023
0.36987349466660224 -0.7580694904950054
-0.6659246524068101 -0.25435399388571733
0.2767493346726617 -0.03933426645747007
0.039681650384294054 0.8540018831878333
-0.8804049263112137 0.17428771883441518
0.4267765130021408 -0.2983072121269674
0.582511777557837 -0.07232297001925025
0.21029670928007493 0.8374251729824853
-0.05932999029394592 -0.3103185373886772
-0.10541172272109556 -0.5002030941065561
-0.5340184159965362 -0.5454039616803261
-0.44246101202730337 -0.21559578124799472
-0.21842115915094462 0.1397089613789193
-0.41668864118457827 0.07551983736377088
-0.10978086033611967 -0.2791589381899635
0.937468786084769 0.034742005674191834
-0.5281338340384347 -0.6405639121188709
-0.5580359392532048 -0.46001688368608007
0.28061821847757806 0.7757030686258817
-0.9739918262168104 -0.029304196948847006
-0.2042195016805708 0.1325401666863868
0.034244522259729626 -0.784449660128897
0.8027691812750806 0.5205739855309175
-0.3049575631049337 -0.2989946893880664
-0.5011888436876923 0.09441548242234954
-0.7675598343905787 -0.6249756748216615
0.5021200983957703 0.7848800357996466
-0.3666440597223797 0.782681680721989
0.5457600750733378 0.42587982481252795
0.17992872722787334 0.36199309817006586
0.41143450458053055 0.4310041185737217
-0.34462876292009526 0.8811401239191856
-0.8830513576550418 -0.19968768205964693
-0.08527184084256101 -0.5031651710500336
-0.35825943532357796 -0.4960458891091122
0.21756880025487746 0.580450749357379
0.12615604180604767 -0.5184443608935887
0.11917939302535285 -0.0972551459184181
0.501901677081309 -0.5405736510427042
-0.28376795109436115 0.44903970724838094
0.42445584277594484 -0.783575712391851
-0.31344305403259676 0.5902166049487887
-0.36974068775800695 0.5965501579393846
0.49968698137472956 -0.8291419616344098
-0.6955206450515685 0.27349259049642916
-0.47380787025666304 0.6428364955655885
-0.6802464207160543 -0.0113314440298109
0.7190785602789347 0.09818870881484543
0.03440022536797849 -0.35379364314655515
-0.2525947686718102 0.45230887999390457
-0.051004375083349984 -0.608983701588206
0.12287886758645472 -0.2181606537140237
0.5150564668775912 0.2292000707669879
0.6586340807172939 -0.26214088839908034
0.6956006069616669 -0.13119258157988822
-0.042837153974756736 0.2700095923331072
0.36499150061975305 -0.4628528323024157
-0.829564845769946 -0.26285741799221074
0.39436055861351704 -0.47218707937494897
-0.06272300739610293 -0.7437093231174323
0.653697032370812 0.20474428041363013
-0.024089518670896704 0.9750349922307502
-0.2383550600375448 0.5254880640127189
-0.8901698069607262 -0.23379746693084447
0.4122475892255284 0.608435174038938
0.5197009560629584 -0.8338134946537972
-0.4925609934960833 -0.2474338970615313
-0.3160442316452938 0.4909137693286483
-0.47474721818491417 -0.4629087819966431
0.32874118806894326 0.6483880814779424
-0.2852563985868919 0.27037025582057206
0.8635244359930214 -0.1976409029003181
0.1749531152935604 0.8148073030917784
-0.06610092432958847 0.6961184951854258
-0.5273231784518067 0.7464717882744591
0.023029192942077614 -0.8520740077151387
-0.7292828956502606 0.12237214109405614
-0.6742503252053744 -0.6573811338701574
-0.6844606126930224 0.12593662489952173
-4.312374589376944e-05 0.16123743396968782
0.24271483478420475 -0.21547832983318127
0.6082310132948434 0.3959847228025055
0.8842468962050269 -0.11682297298674205
-0.1647079911996332 -0.8588629516206923
-0.584038988584594 -0.5089272351526359
0.1457966595924738 0.8392734291201236
0.6738555920749227 -0.0037539224215290545
0.38963943407758883 0.24898274904463813
-0.5841267141725723 -0.6339973493179747
-0.11727755878185442 -0.2205162047389495
0.18246918838709725 0.5227615724077983
-0.5626734659103818 0.34293722917360014
-0.517392406416423 0.07706963431764291
0.37075090747964756 0.32312841771273404
0.31719889151598757 -0.8180290287407137
-0.6679088995939624 0.7284202892720584
0.38819828867973594 -0.2911437991956394
-0.14954774050337227 -0.8404905938371285
0.32144416801861575 0.6262696382258852
-0.448845673029058 -0.7248752797684892
-0.25791400287970556 -0.30249207222705565
0.9181416775757001 0.26883678900616137
-0.7909333216391603 0.11084169569196223
-0.10250638968778358 0.2677744477101631
0.7958633709564094 0.2715734943102397
-0.8751129896820735 -0.13706205538230032
0.7385670118217482 0.4574116572821143
-0.4578910519192134 0.25447416620290175
-0.24399439549498148 0.23494551859104829
-0.3642666832353676 -0.8762847233500033
-0.45826130585130365 0.46471628562397416
0.8618822291002461 -0.02139234232703613
-0.5057224055151095 -0.7780544610080498
0.7166741759695587 -0.023662400566602626
-0.08143110419671062 0.07370383646418399
0.08652042832069795 0.23397429590896013
0.928733341895051 0.07978488445956033
0.737295220850271 0.2535659223847768
0.07755541755114836 -0.09962740968688522
-0.15333564761020346 -0.1425898345135994
0.03801527736581778 -0.013751977226444723
-0.333575007085654 0.095070810745437
-0.7254742405867778 0.5362109465219034
-0.022171612195788226 -0.757905727537121
0.11533277448784496 -0.07849174619632149
-0.368599673641097 0.7839969451950197
-0.4913861642390043 0.562163201803201
0.25891207235779756 -0.9578961282850225
-0.037194541779264956 -0.4988427126626849
-0.5037209844148416 -0.6338559929297456
-0.5158535307189964 0.7181436124017109
0.4188093248059104 0.5262673382589131
-0.23298697324444118 0.33104249083614623
-0.48587385587746024 0.8248144328475222
-0.36374164901480066 0.441285337159105
-0.9786020120013847 0.09605025708925585
-0.7647161443195005 -0.6091472976581389
0.8831635719437543 -0.08660461846994161
-0.10520242504127264 0.0418971004785651
-0.025385865549566455 -0.44056867302670977
-0.7444089193297145 -0.6629728260107679
-0.13710560512401226 0.9282803192906259
0.44111946691789794 -0.7038336456957179
0.2743673977229957 0.2574778383922802
0.26012039907872353 0.06063924015223665
0.39315185440082123 -0.11591150444147136
0.8774412341717006 0.2886224738219356
0.6604137759996369 -0.3176584629024226
-0.884193524791069 -0.4269734198484927
-0.6779338130417589 0.5425768931855968
0.12665657749920212 -0.466944517290631
-0.0036438963080227538 0.9223393219832383
0.4918539789875238 0.03421987131606663
-0.14215001277073558 0.6481632017664172
-0.3203024781919772 0.2189918674387532
0.5964556894989315 -0.44741587764277413
0.3957361356093494 -0.002890996312545191
-0.9203276222418997 0.0254413541206453
0.11058514313386847 -0.8863367142724545
-0.08763135647106979 0.6938340242170238
-0.16305101372899933 -0.5976032445290866
0.9671514114225368 -0.20049990641872784
-0.18525409676725135 0.05384339921961723
-0.8843034867459088 -0.05729578931912349
-0.6457820464571218 -0.2068181923375898
-0.21703699089143513 0.4903781243460781
-0.20771779834717385 -0.5021287073575618
0.5270785523608494 0.45946286823450255
0.4840671591914525 0.6168410164510854
0.38043807709135224 -0.33613490899144294
-0.29695208792703043 0.23429429979993377
0.943665832864635 -0.31784642212159264
0.5541194594132077 0.5039746507202967
-0.9015054383155248 0.33349535735253055
0.7117739198237985 0.6477355613432827
0.017429693144194403 -0.09508754572070588
0.12348413827040439 0.15985742645531031
0.3695396796168493 -0.6950442020830081
0.5327952221378713 -0.49461184429664184
-0.5016670288443708 -0.07988511038962454
-0.3996458820652433 -0.3508377069124118
-0.0796962835384718 0.3081432118181775
-0.282060901332595 -0.6833920210320388
-0.9914887160712826 -0.07563787624481044
0.7541147613093271 0.016963002402758942
0.7954767632536592 -0.048424819301094546
0.4382231822599367 -0.596622207945412
-0.9025718865906192 -0.16191998271298025
-0.673998664410411 -0.6139086073452416
0.00982648080617099 -0.45093103850934657
0.41973598547937296 0.05780132418219042
-0.4734544986209921 -0.2535026497992299
-0.16230044366196794 0.012749077295399314
-0.47255608059971244 0.2508318269370884
-0.9219467169489937 -0.3283331329560464
0.311668918766548 0.09447112036811789
-0.27916457617221635 0.011662847672007759
0.8185302415423834 -0.14696308809296865
0.6836148331865453 -0.6054186836012614
0.469991852122396 -0.22588686643184075
0.6972806249645533 -0.4086853697199926
0.9374857947496602 0.13322073088748487
0.17694654904191598 0.7524952171141479
0.8546436405448301 -0.3717570622296933
0.46560012316493116 -0.4469581123020503
-0.18068673805015 -0.20957149633753547
0.16592410337800634 -0.40527631199117486
-0.06676373156284332 0.042750305778168185
0.11789726076626539 0.7062308648727074
0.47164152743246657 -0.8282806264509739
0.1279018445458735 0.4827789840172365
-0.09486563220223876 0.5690005936542504
-0.07938890171592838 0.29512029707520737
0.6216991988949239 -0.03459004558272416
0.1850167265583189 0.5618921193739694
-0.5196734235036944 0.5959290273887163
0.042132091888718026 0.8375707254817029
-0.36000382867459013 0.0058191098942932395
-0.10453899708563319 -0.5321118896829566
-0.8359703549817952 0.1843319046569989
0.8980644353967018 -0.18507601254119543
0.3122528871370709 0.4377905765737846
-0.7751368497727911 0.4803161871563759
0.038131952357991716 -0.7180281277422409
0.226181993555588 0.26034224120266325
-0.8288676134802759 -0.46642121836426154
0.2589358458381519 -0.7553780046096439
-0.4595631452227056 -0.7100895535093159
0.3770603220036428 -0.22004834060898038
0.08588498178928683 -0.01870677790825992
0.6004438377205636 -0.2100403958970125
0.9496447937931569 -0.27995501293544556
0.5854130688465493 0.2601451222048574
-0.29637531894366265 0.288732259470303
0.2083583890499645 -0.31320899940919666
-0.2081775326651325 0.907898674105462
0.779287284347739 -0.6159463928353281
-0.38766460171808403 0.26397928174405094
0.6884870379998989 -0.2405515068698758
-0.45601062512583246 -0.07204004085043247
0.46454940027900027 -0.48209771776025523
-0.5244129790284306 0.6620666776360615
-0.11048666625466508 -0.47721658670563283
0.7773208449988613 0.1579868044234003
0.42888009013658457 -0.5122802724337854
-0.8288009747783687 -0.3391930125185574
-0.4059249653171315 -0.6354986238616913
-0.3869695799051327 -0.37064897963334364
0.41441838399601005 0.5753057413116058
0.7976759480381683 -0.5644421036605698
-0.24320356714848645 -0.5969344558350835
-0.007334642663466395 0.4614362217115664
0.30016994150107856 -0.00020230163016399239
-0.6666065714231244 0.43716738689790313
0.0030182435138537134 -0.5350674854636699
0.10408988042244105 -0.9244947825742391
0.36873405726229147 0.36444099556483045
0.8524969283011776 -0.2646810950193468
-0.3715300177031642 0.2920853824076397
-0.4153891109892487 -0.6992559479040621
1000.0 0.0
830
-0.222589166312817 -0.16287886094219806
-0.1814587102027223 -0.3227729945365285
-0.010577747832778206 0.29584925386015826
-0.09045186276599848 -0.05054268584270294
0.9763457805659141 -0.015057526112219222
-0.26842352850299545 0.6729053660169069
-0.38628558000757485 0.3407805063133318
0.7106930290807838 -0.6278047794619568
-0.37170905460731785 -0.8880492905492756
-0.5092660926104877 0.8173443627893777
0.699394699230675 -0.6527510914630656
-0.6540748830320875 0.5008225378673363
-0.3159073715950631 0.6083000715804818
-0.7144187339808898 0.5166059497052342
-0.8493630181038392 0.1761148549429552
0.12455303655605432 0.9526982488249309
-0.3967215054887274 -0.6874156019323276
-0.16790048838269245 0.30343959208632687
-0.3723469943790947 -0.11824243537982104
0.37391302853123265 -0.6299098237767347
0.8552677805533542 0.014980335820294233
0.9081018042861762 -0.143710156307991
-0.556592096583612 -0.7549813554715825
0.7762443495835094 0.33078138908620214
-0.9101902700881561 0.36979956552714355
-0.39952006457767775 0.08174362846869743
-0.6871817557172033 -0.0388831710502997
-0.3604845756308601 -0.15266876661460382
-0.8733979838954375 -0.2116963021587026
0.19495639943338539 -0.16128851344527084
0.3041017778031567 -0.21078272264500053
-0.1572593717267805 0.4882596868384417
0.18917193284633305 -0.34041788349721114
0.4757343157307663 -0.0003091255888709732
0.1992540142262209 -0.2665763461494157
0.002812065172938638 0.7622525012849399
-0.24015669445845322 0.9180551853441512
0.14605207496924244 -0.42052470013073595
0.6940172652649441 0.455121165186787
0.0885458824280303 -0.5633511326605287
-0.5018334858997189 0.46380908993533465
-0.3774467849901999 0.3601512647578635
0.5801390822122505 0.6733474429883317
-0.8618616956215461 0.024285245372836384
0.17387927919585877 0.2763816945426114
-0.24954542869943208 -0.6805564123683936
0.13683633528504302 0.4202915463823609
-0.7930686995827765 0.26537278909911777
0.5575087840463482 0.6571455526715917
-0.9166199700583377 -0.2982637730006503
-0.9583947080863398 -0.14071102676584268
0.4434879001377674 0.7973275112128206
0.20306042144978065 -0.7291030529940223
0.016349050291150302 0.1304252766238605
0.19196209169089307 0.5359148948263739
-0.6815509270541869 -0.6394428741181337
0.5913376663547918 0.4430124606600727
0.8411859857861306 0.052491830819771934
-0.3697923765492708 -0.7554799133278627
0.13595628453394681 -0.8971197776782778
-0.39481466262002907 0.31335224418880925
0.11106643604684052 -0.00531110381902522
-0.31536758138552834 -0.6543541151219288
-0.020807493047826586 0.3117986718113661
-0.07483417326437225 0.41337980862638357
-0.3508707319241109 -0.9355076295616997
-0.3618724324070166 -0.8488960047349041
-0.8276733301817047 -0.24770700066509588
0.3041669850686728 -0.684758940597042
0.08632955578368673 -0.7320814824780575
0.8677799085267204 -0.18088116222749195
-0.6933527230552965 -0.2777949234625392
-0.5515279389896119 -0.6924958458284878
0.40112857179747885 -0.8545571412325359
0.20525180172738788 -0.944765246521186
0.2962600691086308 0.35417432453902187
-0.7700776330201362 0.18805959175510378
-0.888164643326419 -0.22023172206955732
0.7446699907885268 -0.4001863056478754
-0.49510498675927206 -0.39810796002024285
-0.7213926344079129 -0.5967194622655958
0.007158900323662731 -0.6087915670001829
-0.4093070616029171 -0.4224256335925891
-0.3831566709483962 0.1823310375702989
0.06969572833831905 0.5120701775044627
0.25252337767189115 -0.06775241384533537
0.009809384858159964 0.9427267543025251
-0.39150217916054686 -0.519067927079019
-0.030581683935614334 -0.7340778990582244
0.03520494062403645 -0.06232418371920612
0.03624356566072828 0.3253359253984853
0.0528739593356613 0.8223566293555433
0.042813873978757355 -0.8329536148421623
-0.31999951643314817 0.8778500596235104
-0.28617044517663226 0.02596511218322961
-0.7038356172575404 -0.09737321346194916
-0.677978196158189 0.44123911324336995
0.5562382459938702 0.7527209534832482
-0.932524002981177 0.24130672804551345
0.12464899235205751 -0.8854221050319087
0.012070188252408354 0.9095804489008874
0.24833536187617655 -0.8206498112226674
-0.3706724230764027 -0.07173266374680409
0.6082758424861878 -0.19702145877314603
-0.3989615897515155 -0.5324073053229761
0.7651298954015853 -0.6327719472506987
0.5194226611486774 0.23592240954830612
0.1349384096873465 -0.9070197549085812
0.17319931331583516 -0.1586085627732281
0.6500009971021927 0.31788018442068644
0.45808560279303245 -0.17063187642107147
0.5104827364547593 0.8361578950405459
0.6809385343687211 -0.6368179782106964
-0.34765164174474505 0.37036225665820877
0.6036005877623942 0.5196646658278496
0.6059576924345385 0.31937251424875734
0.1489193812405516 -0.9366006457478762
0.6408281651291616 -0.3546316762730415
-0.03640863788387705 0.6264403162070844
-0.0712603707952919 0.8598225759683398
0.24788675981645691 -0.8618882342445604
0.7276464785034933 -0.42905828212722263
-0.6923951683224328 -0.6005914424475949
-0.10553678391808341 0.6758918104552778
-0.6677995782377861 -0.09562902934987116
-0.5472864134441704 0.8069820578019018
-0.22156922419399128 -0.8852548672060332
-0.9222065935266508 -0.2339289556579136
0.48091145619818865 -0.1364888031838527
0.4867364711198525 0.3487159292462949
0.9505813158018084 0.30597797426022866
0.1393106008905105 0.6081247806210823
0.8791751831862902 -0.35443233142219044
0.28423645215854854 0.5324022896619494
-0.08891919320724773 0.9462807607099761
0.5113801149506494 -0.3126645631188629
-0.1267964983243628 -0.28088119058825445
-0.7155174705291307 -0.5430107511765792
0.7436055695966719 -0.1866070031391842
0.5192428192360579 0.13478443889196057
-0.05469076961039265 -0.3209476507646849
0.41502134015003933 -0.13504893340332869
-0.7599560083512682 0.4606622784803365
0.5271170089835613 0.054580861928908986
0.08528850525722698 -0.22448342944545252
0.0998671332763561 0.035785215443914664
0.1881858741624176 -0.11770737667029585
0.07920355217100727 0.8459264083477631
-0.3206518744756961 0.1397338676016906
0.04691302688491383 -0.5966961263763826
0.43899866133082655 -0.1467898272506658
0.33359249289980797 0.35799252669875004
-0.2921706195743403 -0.47898206567419366
-0.01614472567928371 -0.42936960812286307
-0.300059066075425 -0.3284465666024605
0.26503396920090183 0.893310775943881
-0.41669237580665985 -0.6124963844789673
-0.12339642760575154 0.9694545422945058
0.6435068929066114 -0.7259834607027125
-0.7647929567961922 0.4874704973893176
0.7352568057111828 -0.06788999987109645
-0.15663115797504634 -0.28782678621923896
0.288933515413184 -0.7792145338017418
0.8593723779262932 -0.05098921300711057
-0.6477458234400666 -0.2534132606113464
-0.09510792621011421 -0.7315707083329555
0.21189120330639422 -0.7212542076601378
0.3372867103889938 0.3844861289110413
-0.14033621896911308 -0.17878440638036586
0.25296748084023135 -0.5764436180355648
-0.7498237645002732 0.4810815278350231
0.5871046948541718 0.5880869346608466
0.337513993005252 0.8463874646008078
-0.28534246563888166 -0.27713379163544105
-0.8769494964141475 0.40078189981450496
0.14121535402136343 0.4856771030183753
0.2675172406697457 0.10738689739097107
-0.5322054596115828 -0.014497094384644749
0.13987523814894876 0.9091471688535553
-0.25061046284162636 -0.6946781639677342
-0.003672745816601264 -0.7108146182549762
0.7991383775500538 -0.004894600222416612
-0.4336479613046167 -0.27400754723907594
0.22858832700985277 -0.1272591201617077
0.6616904756988651 0.5923154871146641
-0.2591079271630339 0.021072046207929684
0.0785307224576488 0.6329666444446918
-0.7474994923090199 -0.4687236634417089
0.42920808527886534 -0.6511813557713209
0.521210277188072 0.7977756219145762
-0.663496144278866 -0.6393752425546761
-0.3700022319331546 -0.53160054043386
-0.09657336308450382 -0.1624736039969703
0.389312176667332 0.42896194190502035
0.5664384421990176 -0.4548854253052952
0.6761919500303322 -0.4475163984908701
-0.6333757424721016 0.4441889755886024
0.2341511632915858 0.8034566454247856
0.4615736774064285 -0.22378854725541175
0.5441411975112924 -0.30044821212885475
-0.15478649497754748 0.6875655608234761
0.5927509791856638 -0.3096765019894776
0.38778913835360984 0.6421052812940251
-0.3963297873137037 0.025826353077202935
-0.11597839487765049 0.4512614657516114
-0.4322142717006068 -0.12660667740931797
-0.2920279079443959 0.25128242079558283
-0.5569391651660822 -0.04972617110948785
0.3553231085386519 -0.25795761254792304
-0.023376238622429435 0.5351778175524209
0.1731011749092397 -0.5646367700435264
0.10889073417350703 -0.30402575469990434
-0.04118447932324587 0.5767077919417414
-0.5303608973509661 0.4840577482419375
0.3354099273758755 -0.34931640458695723
0.6863901386558402 0.5171821435108002
-0.301305490554864 -0.5292824048424054
-0.15100049641036728 -0.419441251181208
0.09080375891204406 0.5773518446946315
-0.4555413390747043 -0.5145578955779673
0.7462025228270781 0.48758183784290354
0.04920479349823448 -0.023943438590816823
-0.4772885032798515 -0.3375718734624653
-0.033546875019507816 0.703326804711722
0.2354289329045307 0.0642068257678865
0.026230528763501404 -0.33479922733465806
0.8197981016005957 0.4624864756140694
0.1675610636446736 -0.32992801092648505
0.22473685970855284 0.35800303956294965
-0.7557635930109403 -0.41829071753197855
-0.34938675370651806 0.4745279717005477
0.3082474538872042 0.618313531912333
-0.3791849426412004 -0.8661581007515231
-0.6699645080280276 -0.00021791331027531946
0.06202129232992615 0.7711231853855518
-0.02833199303093359 0.07889610302891881
-0.2091786787267358 0.9186462047550761
-0.1785501788971935 0.15395945547219503
0.9415995958725618 0.19921906167836223
-0.619845709067304 -0.31800065477436434
0.8175692203189702 0.2982872413662294
0.43296612887994845 0.2603814470345851
-0.808404316396188 -0.34591613711379376
-0.6662761951329417 -0.5057449400834566
-0.6572990106949979 -0.6765086766941348
0.2895550554410131 0.18504628583516958
0.7254605414678998 -0.3419751169804217
0.7745898075831734 -0.40328541275389407
0.8195955220227391 -0.3392700776296793
-0.22995115515660425 -0.37273851091431154
-0.5907164472977529 -0.46141800599874605
-0.9837036590729922 -0.09820610188277268
0.12150030757291086 0.7148568314456394
-0.6413864244834668 -0.7325318556647922
0.5592675584576752 -0.21237160152857038
0.10977619226982349 0.0056596836710109955
-0.23718394373892848 -0.8880961719151537
0.4371043427130039 -0.4347872914276223
-0.039596459869633005 -0.3274129626955369
0.44888539240354386 -0.2557073212646954
0.15312773983719818 0.19438125722574395
0.441467551771886 0.8142671646718584
0.43628930213328143 -0.5353746459503939
-0.0529485573333035 -0.18785228195270753
-0.3426847760575964 0.5050610893754335
-0.4250420958817145 0.11128022489114664
0.9594990608568124 0.091424611059304
0.06930509994312617 0.6757675712405207
0.2837965397933524 0.7808491366068269
0.5087628899125376 -0.2566034029736455
-0.1285055222421314 -0.3147829056686158
-0.7121483091588383 -0.6357946313947638
-0.43886020167668494 0.8462449316729506
-0.8447151892946989 -0.4366647184151444
-0.2295075859356288 -0.5043482299069841
0.39562603223340087 -0.49220069023118485
-0.6357193243789778 0.10290227662885343
0.22596653001485012 -0.46763558756158674
0.6876145029052498 0.33283642846127637
0.256861532180348 0.5943861335801686
0.5041104893598587 0.14305910553488843
0.33936197881508745 0.8204111557292257
-0.4112523119738307 0.11727222510946866
0.8462399278489234 0.21676648768932472
-0.23496667587333886 -0.007551253504668898
-0.7849420613160694 -0.6052919129889729
0.3866644080595243 -0.5065919962089458
-0.5316668267152436 0.13334700381457298
-0.885187137863916 -0.11888228501907117
-0.507143807569473 0.46866408790224945
0.44636752872077423 0.417830718867757
-0.7792817819981714 -0.5090500649526641
0.4632718953312316 0.34800426386309313
-0.02717741800237805 0.0795854653312622
0.3436920834212276 -0.7202388873542589
-0.35206652968039887 -0.21432692208560966
0.026458583146045322 0.9159323637337919
-0.7011404703026407 0.21776409211769931
0.5447242611373935 -0.595974964659421
0.6703241055983844 -0.4219387294301591
-0.07118141842993775 -0.09406094566643874
-0.3332062405775791 -0.24590230005658698
-0.0711071187647705 -0.5461272297482851
-0.7276319324685556 0.3720062840160123
0.0318984363799113 0.9562908594452872
0.5855226536606832 0.06834847351811679
-0.4307646844692632 -0.7813563289171099
-0.5747632864342704 0.44150613546735595
0.2528204660157538 -0.2957369735644353
-0.29333254093227823 -0.7795783895252337
0.760352659723569 -0.27621087883306994
-0.17028660095305614 -0.07239773420540097
0.003941417547393522 -0.5675205268897003
0.13779750682260405 -0.8999602564984359
0.10173605248319828 0.1180017094961725
0.6052035150663564 -0.5296572633795751
0.3398642688270477 0.8944371630319474
0.4207617456439019 0.8981534059037886
0.22230350467053972 -0.028368174040984684
-0.35784228549663033 -0.6140474559950604
0.9800797507397816 0.05550011958195622
-0.04476935363738188 0.8798393740657535
0.5561652396870678 0.6398235335290239
0.7375649866327632 -0.49055188702825947
0.1915223024350654 -0.8068564768730613
-0.5328192162917633 -0.12019537837884631
-0.37307797037194756 0.4284235082803831
-0.6759930552190887 0.29388984421230946
0.8224364249397931 0.26932758030096915
0.00969273001882942 -0.6379696560947303
-0.41361680205079177 -0.11524852437206312
0.34952081402507895 -0.7036737045316097
-0.3315064234886034 0.5518390011574017
0.6249001728550603 0.4914783495539998
-0.710660327981115 0.6109549913899681
0.16174699903979817 -0.42705403526456553
0.24611421279880696 -0.8398058676970162
-0.30755725889048247 0.37680313235603324
-0.47122832251594815 0.4944708782262828
0.3116427015656793 -0.46871111847578995
0.7231522272759181 0.6807006374516085
-0.5630495728345761 0.14474114827104478
-0.6047893261764958 -0.6557584035075241
-0.05688432157621004 0.814553177608589
0.6053039229308106 -0.4412140812433145
0.639757975403894 -0.2827564257187001
0.12294013771521284 0.6055200464685611
0.47444601545609677 0.2870323847202816
0.14007751825687653 0.37449630264358436
-0.08707335258676552 0.9304963319180903
0.5065027217369293 -0.857318829906776
-0.5282474671868198 0.06596725881691778
-0.2530539018626625 -0.8926818706722244
0.1921974235878643 0.19976970537095817
-0.21533563642689213 -0.8644200993821163
-0.255944470068052 0.5267541313746
0.9689406784606616 0.13345455717909993
-0.14787321266256415 0.555479658314179
0.3132942536140886 0.7768347356257039
-0.21983028244721492 0.795808545533873
-0.27441665808894466 0.5324162254190059
0.6597618909033487 0.4896629605141325
-0.5565782434769622 0.47461578047250197
-0.6173259864889282 0.5912858513314829
0.7208914593199351 0.14029614810074031
-0.6745555830604437 0.6989381965435053
0.179164452337085 -0.9431416455747028
0.4591268118871785 0.2810440289968934
0.882982191415024 -0.22343085404781404
-0.354750810556798 0.9164461613207373
0.6859077275649728 0.5552660869647164
0.155330888957522 0.8387146290459326
0.2976559086756756 -0.5242605744473989
0.5481597772301865 0.5368660011369442
0.06316650918201216 0.010754371690341102
-0.16498326723514212 0.13777606431251477
-0.47619236184342717 0.2998775087320651
-0.624972904220207 0.23879094509880305
-0.7099401409092141 0.39247018798000055
0.771614100565716 -0.262473402780677
-0.740567510007057 -0.20232733906678302
0.5389313877269888 -0.18144038991177291
0.8282236044630025 0.48929257659740744
0.10663620903838611 -0.5066986422552504
-0.7654766291217068 0.36321840625535295
0.503146755522613 0.2449283715387902
-0.6334873429553753 0.16791125521832684
0.07751151924906119 -0.535619519744627
0.7852158129373368 -0.5666408361355111
0.2873844452216914 -0.588209622818237
0.569271647167813 -0.15343712669501586
-0.2830150035693457 0.6616621143814558
0.34366186129924614 0.7799346173597499
-0.6891228778620964 0.2878821627331205
0.3335044131318121 0.03443793803777262
-0.25253920544925323 -0.9673470469665533
-0.38718010977204376 0.23080617786457425
0.7270426225753499 0.37885129369638304
-0.7191624042197378 -0.23222214254126827
-0.0336793772024222 0.26639678959985447
-0.6793374098501772 -0.15938893988301017
-0.2927260553620219 0.626852210674272
-0.12809474559200007 0.14828606433459757
-0.25387352792034457 0.2242246538214545
-0.49010448840581633 -0.5503973107380076
0.07180783461044982 0.11355091252610228
-0.7941487908529852 -0.17016045636240396
0.2880511834158075 0.518866811761604
0.6720128865489994 0.3923540211036791
-0.01266768259447737 0.18181038979301833
0.7741267069225122 0.18186064064600393
0.3005481254424165 -0.1641933901178474
0.31977679222157085 -0.2687352284111455
-0.2751558633880218 0.1506021116476126
-0.3688045141604952 -0.23251354862781515
-0.37771096903104495 -0.38993399520871397
-0.1862500888936307 0.9238235004507171
-0.3267133651655183 -0.4102088781134732
-0.02555074244829525 0.7981315454125886
-0.3214585339887255 -0.9246434150967682
-0.6245051038283471 -0.20532347581359978
-0.4757530713483906 0.26482291051377715
0.22798908961560027 -0.13962916290834948
0.0028340319887847354 0.09175625794967401
0.2987650507370525 -0.08065769921902355
-0.41729032520600406 0.4332841410316737
-0.5899193847998712 0.4519373059761611
-0.6428118621958707 -0.727865343090949
0.3337363822166668 -0.5489730233296388
0.4016160603635748 -0.9088709668581605
-0.4836531812421756 0.7619389437290791
-0.47023685206448773 0.20299540323688525
0.9775701409076218 -0.05425070325945569
-0.9410982746592005 0.10226387055787423
0.3129465437990928 -0.6702568151620816
-0.4097759084559942 -0.08245511841694997
0.8156580268848994 0.18112121347737564
-0.430069523821613 0.25229686737287094
0.054593192308856286 -0.6941872636968087
0.20512219190361392 0.9376915296066992
0.6981498402414161 -0.2018872556508733
-0.6288396924867037 0.7540674714674382
0.4300191664930548 -0.7921871382660466
-0.636349699581489 0.7699991742154291
-0.6497314394932099 0.03499199140079923
-0.8793539133080177 0.3585257682940799
-0.13471818682861292 0.8741408169732718
-0.2938259870878661 0.40554472460773483
0.38653504042578435 -0.8601551114043235
-0.31830493213022826 0.40237351995363535
0.7344790518605173 -0.17065005568107305
-0.4933303573996253 -0.8523298055925881
0.4439671773778924 -0.5370467216660626
-0.9276029384795696 -0.17655870658769035
0.26242099127333507 0.0892482993571102
0.14900012155408215 0.534089462003358
0.625740497581087 0.11253357438362421
0.31103490196241634 0.5500989369156213
-0.03268893946811491 0.6450831701520423
0.48375712492156886 -0.8465701007791386
-0.1270541327194019 0.79544549605576
0.23998532457876842 -0.09613198911514376
0.23073677894975342 0.465507403805862
0.41926390053972384 -0.467914559228769
0.17297300379966596 -0.8407131322050287
0.13495585134867571 -0.11068979200633033
0.7948626113269286 0.21878460109528786
0.26767332728707127 0.16652221198077166
-0.27289611965364746 0.6787914558081811
0.1368319751985363 -0.961922088411133
0.4364272097650632 0.6243079662750877
0.7946753431082016 -0.5642594670982752
0.2742010698662547 -0.0116872334583209
0.35898991641487976 -0.7474589469579485
0.6438100028010565 -0.721043109804961
0.5675171706309305 0.2529279487951954
-0.21765045212023204 0.1053027009819727
-0.49598036243522414 -0.7180308424730988
0.6735594833660328 -0.5066449980952277
-0.4460184004894181 -0.23016844190478603
-0.3621571955374461 -0.45253166676908263
0.2407929411282419 0.8464267237103973
0.20477675732987666 -0.6153915200599465
0.6894233015784228 0.3736610454700575
0.08438217519811797 -0.6229622555567957
0.2985783391683181 -0.44949734708245614
0.02535345915737941 -0.19479591946043606
-0.41864902486360345 -0.6704247878967535
0.015011567990692365 -0.5564669576262129
-0.5307768955296848 0.6801294115974634
-0.2859890885037131 -0.5956882307348237
-0.44246987198250265 0.7530485422713695
-0.06549479224972221 -0.5526341264158412
0.27936924435959654 -0.37622572656524467
-0.5280127426649417 -0.6360866310893856
-0.35841109043808883 0.13611616701852092
-0.07355309312509384 0.15803521483898697
0.5070555629503537 0.3728271914330543
-0.7050646462176233 0.003092114214721331
0.32109287314900725 0.20432204091505812
-0.3223081516123498 0.5837653611436773
-0.7233050683346343 -0.016977853191845194
-0.8196115494173561 -0.4377989250273018
0.2144155145272968 -0.5155582314235676
-0.5571473674533218 0.0771880470236761
-0.5760003774438993 -0.07680281183310278
0.21672020738628817 0.7574639876036784
-0.6339584024239993 0.6009503783532597
-0.39988060123819547 0.853869928773773
-0.7331097300023108 0.4734953324942761
-0.23473443122089832 0.5815256900954733
-0.5858142431798277 -0.4458623066093135
0.9559421421360328 0.12550183286834216
0.5497654553260438 -0.32322455853400545
0.6723618140807428 0.613314648715287
-0.6166459754884162 0.04123708132992143
0.8310533245139815 0.06297639556560619
0.41257330639112433 -0.8889014480285939
-0.34521505299584065 -0.07178954980537244
-0.2222999505041725 0.35210928009459597
-0.3339379255145911 -0.9347795254855928
-0.8863393297907978 0.0035737996997970978
-0.4189434307471629 -0.5975306529011943
0.3121265326734637 -0.6016358309667633
0.10800921312428335 0.3710903211283032
0.24085727970015447 0.4845745788538587
-0.08122139206362755 -0.7149674442038019
0.7586530103667701 0.022993057443401188
-0.7193780613897085 0.4477055707426689
-0.25841896185030966 0.5311755390813735
0.008000559321772238 -0.9429470617410289
-0.5564852497809418 0.4242003104403438
0.822075848014975 -0.5008301699218864
0.017473771218367018 0.8174474183753992
0.4366691661048938 -0.7488244288532002
-0.014621681195300162 -0.14104205102657175
0.6845597714032599 -0.13397071876029099
0.06936872884143663 -0.596043026826784
-0.40618515572357716 0.6004779436465291
0.14083891102438062 -0.5098176708355173
0.3684513126079523 0.3243071427733355
-0.2671843355409995 0.15053479345643317
-0.14142557562204705 0.892004923370997
-0.8622854276592797 0.14813090825045894
0.5637299108659635 -0.2875672919808254
0.5409786919376665 -0.25032653983637876
0.3163712104141534 -0.43641616743789435
-0.12527559274002908 0.9391308379418419
0.7537403339284245 -0.04715389470504805
-0.8906602682841798 0.44660360026141066
-0.403696551950131 0.4575403238492659
-0.17530809471375686 0.43805086845981656
0.6660026111559609 0.07662843685451137
0.02750610147386756 -0.6615520343597312
0.4142505333451938 -0.9070953132092521
0.36066536835035024 0.4412132960646884
-0.3868014541170717 -0.6075003535641377
-0.17406569525761273 -0.17864545133975507
0.7967257514143098 0.28605804825568293
-0.7105197007954926 0.00537204529074975
0.6151554063081641 -0.13067811467310309
0.6532680746640953 0.6190354758289198
0.5026779336824054 0.37261254358193274
-0.6884035028461075 0.2361676264798671
0.7432754926970662 -0.34009888186410997
0.45366496538194423 -0.13796505305516504
-0.0578322685409165 -0.8828734577051536
-0.46074043991292624 0.2569777934332451
0.6619835148366895 0.1718576835992709
0.8317848299518966 0.3813726292583475
-0.4084066811626701 -0.4211148464354568
0.2882949788398925 -0.5034177216498523
0.6435408719833251 0.5573471878026877
0.12556095231246434 -0.3808167514089493
-0.2670476718545838 0.29250677645731393
-0.23850891449575795 0.029966728326030534
-0.29667544823944936 -0.16126048553986627
-0.7158601412285215 0.5293533015194094
-0.14687808026695448 -0.3598055762048278
0.6008573052868289 0.038377643245733895
-0.5795263160949624 0.5983287664301553
-0.16651487372448792 -0.12085843101587512
-0.6642383244788403 0.048490138498213486
-0.5950206997119738 -0.7822966028489564
0.4417855731341256 -0.5494064201323394
0.9579780365503661 -0.17405842563093676
-0.415154445843817 -0.4683076198265552
-0.15845449670109257 0.8297361167821895
-0.3042801674237303 -0.06533195752053023
-0.18997321585061755 0.9391280871781749
-0.09668256420741361 0.6962960170249144
-0.368510453207777 -0.3571036376652663
0.017592856666007073 -0.8224189847273373
0.47586642176892036 -0.8566512493497931
-0.11813887358073583 0.7802362151637434
-0.7692110417520204 0.08989741133378182
-0.041308698000042776 -0.1633121155306787
-0.6050648403326606 0.3199457876292793
0.18893246132773234 0.9497957598599702
-0.30983055693920747 -0.018419518583024708
0.9136243188596755 -0.2027914509631017
0.21953483705476629 -0.6329721964213559
0.21257614721262685 0.523963236374182
0.27510709937444 -0.7610507554459789
-0.3230427751791598 0.9012074708355107
-0.19035242832110288 0.602030531931812
-0.9453592516381173 0.281694206408474
-0.20256230073306547 0.18115162857367162
0.10187296726401018 0.8076996231711984
0.7777405266530222 0.5204471337113643
0.5862904900712032 0.6183726604229376
-0.6143476803978085 0.41501104226666086
-0.11447821579972794 0.6176959558976183
-0.2012149102509726 -0.14555445790088717
0.7979303681243568 0.4771601898392457
-0.5445595283018994 0.09900024593734713
-0.7456630846622034 0.3217589714961384
0.37823078580474245 -0.324648773000622
0.5691344484537493 0.47822895871740845
-0.07141934302415609 0.727983188227403
0.7016758183973117 0.12931261758233226
-0.6406936282617721 0.29903122808601235
0.22126584919967351 -0.6856491675552274
0.5036413473615897 -0.5571552704794955
-0.4676568717656784 0.2839158985882346
0.8157625513342912 -0.09585395814295872
-0.78962128711236 0.27204568121990547
0.324070009025506 -0.7112059442568457
-0.7498036785315751 -0.3005934929973917
-0.27109749328893007 -0.3896124332604143
-0.05786171438653054 0.2570910335791945
-0.018979483370868522 -0.2217710323428259
0.14882611495828257 -0.7456116977976421
-0.23932806490586533 -0.8687709719059624
-0.703718948954666 0.5130920483942158
0.7070207933170494 0.6800548417132206
0.38804457762898226 0.10089645513712697
-0.618390939238376 0.3443446504172738
-0.6490752774357231 0.4708621186916784
-0.5249938273579171 -0.665178482011519
0.7139798706380416 -0.11896950306211895
0.3529482727686237 -0.4792715828534604
0.17660082849680925 -0.010266311634887337
0.38904438768665806 0.8079706808616096
0.43644714184371414 -0.09731093382187317
-0.5060155152561583 -0.3280156988998437
-0.4011030076201425 0.03423293639155123
0.08527813768167936 0.3515485408306953
-0.2995913791324867 0.45934716007312093
0.4245363833874227 -0.8597546761891315
0.04559572161390024 -0.7184495407244988
-0.40281726780773663 0.15008813430898438
0.10308728294281733 -0.2874282743990968
0.45724028038030196 0.2027421666783713
-0.24634081943196673 -0.4599420205641287
0.2886108508326153 -0.711438666468404
0.01547435960823007 0.7374539428791618
-0.5219962997427336 -0.7557629132130739
-0.3051406448437859 0.04856380866523402
0.760663855787024 0.620820543323158
-0.7758338781133785 -0.1331734371945157
0.21308426222958254 -0.9665208015163753
0.011349149959575477 -0.37791424634689297
0.8327048881190251 -0.4720890167220453
0.6375647183795725 0.2917151349808531
0.2499045205054462 0.6757708837074103
0.19923550406661117 0.2943001932042
0.9321326599155542 0.06735460713904806
-0.03920836813109574 0.9336013852009084
0.05825865688890386 -0.5346717149258771
0.5439278928275166 -0.49479869068919324
-0.09549708684403035 0.27609379444615656
-0.662281790725685 0.5446946936294146
-0.18883610502133852 -0.8754427479472484
-0.618620023950889 0.36412023060778154
0.5157977307434847 -0.09478219301541935
0.15981655996962862 -0.7898939461756953
-0.4370480173389688 0.11969732529835864
0.07275452020378381 0.4501980056172499
-0.6890572805530621 -0.4210107555660283
0.6361023849018563 -0.48642410860312846
0.3140100581820797 -0.722932945567861
-0.06494165770688465 -0.09665632533801594
0.6948163042417919 -0.346052180325618
0.5734476141016562 -0.18944813815820072
-0.8925426027767811 0.3271051074528848
0.2649768614429009 -0.39775386408025937
-0.17484243516694842 0.305765752899126
-0.7160076262112269 -0.3181342828553406
0.5116455706804293 0.5181384316824187
0.23185921429930922 -0.3870688293598443
0.21892954827143463 0.3347376261069901
0.059868238321850065 -0.43473834401400535
-0.017225518990925393 -0.12929158096974902
0.8578514181145003 0.28098246783585124
-0.09278431589781722 0.2193606801966843
0.34225000054778776 -0.6857259942571183
-0.469293223717258 -0.18134416604083814
0.17318865221916946 0.22373119019235754
-0.2586898623272471 0.3600632340735619
0.4383275941212612 -0.2595983190074953
0.5060535530187269 -0.8016384388473181
0.7935040424249582 0.27747824146716815
0.8427513039466792 -0.39690286672138897
-0.5954274009559894 0.31817030670460356
-0.46893800805095 0.32743871939893854
-0.7828602052033646 -0.37703657015987546
0.6982538999511374 0.341722378916691
-0.3857562587739507 0.7598995840470906
-0.5244026146884415 -0.40888873027275463
0.6362395311341147 0.2506761378188398
0.371305213916981 -0.4004185832278999
0.6452416885311023 -0.478009368649573
0.7065708166325295 -0.34016486642757227
0.3126046115982579 0.6697440272091277
-0.257026585670574 -0.18823432138340435
0.09660575549783346 -0.7504080951954843
0.7533408150708614 -0.10294506685045834
-0.6874694516149791 -0.4747879906297152
0.11907356379860978 0.01888780937888468
-0.550184202735666 0.3757201081049082
-0.39031993889979577 -0.7523746022017193
0.6111650355500471 -0.49903999341707617
-0.9034927691837229 -0.3810573779166031
-0.5262133649901624 0.754812668140689
0.8040422146099757 -0.5442845703394474
0.24521601423820472 0.25378386078018433
-0.48542614005376516 0.4540981362808072
-0.6569793756718714 0.746103839067344
0.3037045262708715 0.2743269263504018
-0.9186579561649009 -0.27164934185114653
-0.8331684582009027 0.46811288400521756
-0.013479023905191623 0.832388768488139
-0.6950506452990641 -0.4164881110278895
0.09533649354950002 0.5290181607605453
-0.7062876833278502 -0.5596847828851252
0.012012066692379753 -0.5858496968426552
-0.8869788517082431 0.39239976791409337
-0.4140128423432443 0.05262952337985882
0.42732689771921706 -0.4849173652753087
0.1964122827317174 -0.35323234753399424
-0.040344132698172386 -0.29460665556807153
0.17824457717597952 -0.03719177006335217
0.6653670464157218 -0.6926645401778171
-0.4822783555393877 -0.27846848129646706
-0.4997740256059815 -0.7717002870870668
0.2599788992887686 -0.007158667102146632
-0.43606164042210516 -0.6947500621508462
0.0358061998758572 -0.19597889610452834
0.7769452209818601 0.41234768953434453
0.5160483546004835 -0.021249422885014413
0.09000923267767558 0.7660452468815542
0.7404330498522325 0.3109504595388932
-0.15101594622835024 -0.25568408386632147
-0.5788455336291971 0.33695230531539244
0.7812633707243533 -0.13758603662624003
0.7504175212963178 -0.27580804705053064
-0.06915646299285227 0.6294275970624328
-0.5126189788751729 -0.5793763338621845
0.3091761507528332 0.08917589959247185
0.5015937138318092 0.47021633890929215
0.8982080987060532 0.3253272295292464
0.1549422428149605 0.4482027825474817
0.1353881901312839 0.9126865963908566
0.4752828754372391 0.4768937315578108
0.48202185252641083 -0.746488171605127
-0.7892272530414535 0.05345947278926255
-0.6939455095762794 0.2859330651405474
0.4871305465008875 -0.7370542694929396
0.5838831057908409 0.20136339210736098
-0.06497947107483348 0.06742518460929636
0.3345646861387266 0.22919113941679115
0.7457757712882129 -0.294612040981886
0.04779436737289178 0.13074114988115193
-0.0937111898161791 0.32933619621453003
-0.8042875419506323 -0.5568152371673327
-0.27019031759396195 -0.6853926416699998
-0.9399809664909466 0.3210396452674871
0.415167376475154 -0.6668848953642721
0.6982395679356879 0.46981780065628453
0.6516919580458194 0.047279640016647084
0.18626129245337153 0.3203003938418931
-0.06207431057906021 0.3957836203844385
0.327153080594927 0.41095371444108175
-0.48790496695234853 -0.5451632850720012
-0.7701027119019073 -0.19723687794339995
0.5194720050804493 -0.2576925794844225
-0.6004119557829914 -0.575181223604533
0.02378845059286938 0.5066054933612081
0.6681755200912729 -0.25011572492457157
0.21063104831846613 0.8065641537206292
-0.24078628366185417 0.20387009327017336
-0.10236137427549741 -0.3826500104950905
0.6199343360004981 0.020077501035460354
0.541862526136232 0.6174002211988532
-0.782393644320148 -0.3542383399391009
-0.04488599813855321 0.41838887749061127
-0.21767407625957813 -0.36542401043105466
0.13586541296840893 -0.9085346327913486
0.11756121995356161 0.791669261265082
-0.1865317810036351 0.1351309620577259
-0.6458480235969444 0.46283715604295694
-0.33053256574404233 0.8565832012797292
-0.7492644449249737 0.6520384793989731
0.9489545335689822 -0.08180790089589562
0.5792900714571767 -0.36534745119684175
-0.46779226453279477 -0.8351911375803815
-0.43239179590892785 0.3573199532214375
0.11363753996413739 0.6117360390852424
0.8398579817754444 0.11023798794249617
0.5046147614096561 -0.41505126540250514
-0.545783017286245 0.18063257696806811
0.9324708934718604 -0.32412207162625917
-0.5823727332385669 0.006311130775329854
-0.29429074125247134 -0.9159148095757994
-0.4095644851433047 0.7938110414542578
0.30152590841928295 0.05341551364353281
-0.29270197264481457 0.3882698302182137
-0.47754076306591187 -0.8361186054800838
0.2482840610697794 0.9117569691653984
0.5508461471583495 -0.8021894699356273
-0.7281716974273054 0.4611721762789345
-0.43872000469120054 -0.7740363515849256
-0.5728583892959203 -0.360829547918154
-0.8770406674925892 0.09976896801474866
0.07573170305748622 0.7769322407732409
-0.635055544438097 -0.5936822437593228
-0.49369590133770247 -0.48322390580737906
0.4098204098714575 -0.038781944017953984
-0.4581472763082546 -0.5824135074767143
830
0.37063204083148116 -0.5074978591909698
0.6769805325906724 -0.3009980375444581
-0.9553877003938662 0.007038676963971424
0.28141645340396737 -0.9029567159032315
0.46805630908441187 -0.7279183310988471
-0.31891345237757074 0.5985024076765244
0.5674272857569911 -0.35407295963045704
0.6169024724817875 0.5782348763176244
-0.8520517904726943 0.02356332761023583
0.0870313517694441 0.8732827727437333
-0.6402748634800848 -0.5037129520238461
0.920985916285268 -0.20532869448953162
0.42428343723516004 0.5165486993595159
0.539100689643655 0.06288359976571245
0.009545506762627332 -0.16636699821577383
-0.7936925845677691 0.5605267548637647
0.34629839032964216 0.41703521581953207
0.3554665161355026 -0.26073811946519765
-0.18114244876113217 -0.9438788643815745
-0.08032581565442865 0.4446889676768866
-0.14899356187822077 0.4134909539034699
0.3633418954421648 -0.2231704280079707
-0.18094152678906195 0.4772652135233828
0.7579474645014364 -0.28702301493557925
-0.8237437222627877 -0.5028928004320072
-0.29712762217834254 0.4138477719669196
0.13211930779217895 -0.7998589769341389
-0.26587884521498295 0.11641066396868904
0.7044453401824247 -0.05122287691995675
0.31440773698220803 0.8257844880841545
0.18240145238659755 0.6113694865694801
0.043106078993131236 -0.4777058759008739
0.8976939639091059 0.37717872950537346
-0.03717547128259757 0.1938976176306606
0.663927764902726 0.5646418280362193
-0.8122654957837547 -0.07042980329338122
0.6630606564415382 -0.5669828189125106
-0.3409562814499234 -0.3829134013403872
-0.4827456426846293 -0.33045265026731196
-0.2981795070548938 -0.6900080408382931
-0.0842243558293212 0.7188350791269942
0.0669248419498274 -0.3344439352990398
0.037670442345077104 -0.4672676739651076
-0.1252304646513429 0.5455527736236256
0.29872221123266973 0.2708500737804791
0.7232406583991442 -0.13632780796716304
-0.5501086762639669 -0.470365171487823
-0.28674534046999134 0.29290520855840496
-0.47155319045508715 0.6328516421112131
-0.8438932410289719 0.24011020889343038
-0.17307974597548048 -0.048209396984003616
0.684788038905285 -0.3840227416517725
-0.10286533906130146 0.1773358370446516
-0.5945334236893447 0.6998511116600701
0.8692816754802712 -0.24765174433545178
-0.2773150518139842 0.1701061055978279
-0.22456741637389133 0.3326303134053006
-0.2975230416976318 0.034432254207694024
0.26401576934115667 0.040685408492836084
0.8097909720657808 -0.5368411904836532
-0.29188460304529107 0.06737476216103722
-0.1438051863201344 0.3537431524633381
0.7245526698631461 -0.544350160928283
-0.21965066086642127 -0.4929531196622501
0.15928049530338306 0.4634667265894785
-0.116127650735661 -0.9925746482159867
-0.3755621611874531 -0.19497658019877973
0.41551582915634455 0.6162106067804964
0.12946969816364895 0.0689571720992892
-0.11075122366931289 0.2315641432362474
0.6767517605767528 -0.1791727859902117
0.4441572387389807 -0.2748929185851472
-0.8054813971187398 -0.46775254986119963
0.014110374172363382 0.9759316934531941
-0.07558721556399584 0.17758694441118172
-0.3885614353910225 0.40500794718109434
-0.2909373600222376 -0.8815412164209246
-0.6223839374400264 -0.3169090838480084
-0.3427778359917748 0.7650789147756107
0.4405534029120879 -0.6296566303070299
0.7308329529523125 -0.5065075857829653
0.33957880794528617 0.6455186224389442
-0.022448658779950392 -0.6310163084699854
0.5705649012172112 -0.6407255597799661
-0.7340795492606984 0.30803616431720915
0.5280965119979266 0.5202840191168641
-0.166965106705663 -0.5957096926413412
-0.08501974845577731 -0.9376614099796985
-0.5344316801650928 -0.6283723080504344
-0.14278250196516695 0.5599035061642514
0.47240136559880574 -0.45292893976765614
0.4894247365428017 0.015388892360542084
0.1983990488572216 -0.03612258463203921
0.022719975167274642 0.1299445497008791
-0.761916574800819 0.19262738340842267
-0.7924484157493814 -0.01529475093787025
-0.41128018403911315 0.09385794439790218
-0.22123205255656786 -0.8975284906358225
0.6212201734714964 0.2719239065861965
0.693159201975394 0.12678052764129188
-0.4642181089062958 0.11534445778718405
0.6212588190093926 -0.6167719769063593
-0.8388670941300547 0.436548680402463
-0.22487348103836902 -0.6028616957157504
0.6031981811757974 0.5712467237304506
0.6337400442153491 0.3692117978216791
0.453489801068528 -0.3804743812867972
-0.7496380701625422 0.4682897740506238
-0.34970970565145443 0.07486071132065164
0.16775063984481386 0.5306660304627813
-0.36573244970688146 -0.8795260148957207
-0.4711521797839886 -0.3428598422957341
0.05421825618415199 -0.9586683377280767
-0.5349024926357915 -0.5892182518328566
-0.1716904232525127 0.6010705462426944
-0.5310781706075269 -0.41011989747053246
0.7848103478027892 0.1949341126796651
-0.15095595398000783 -0.4209727083600694
0.11554951842819894 -0.31223056771166235
0.5034106815524175 0.2871832975071906
0.4211781092113349 0.6797606211955953
-0.5055815826278607 0.23503040365948014
-0.15416500961635782 0.8596223420671136
-0.8322534441499705 0.5354945439631908
-0.6815828667859818 0.49364714505395724
0.7845610023756928 -0.4231952228350777
-0.221352935819902 -0.21656648422460245
-0.08885000169216162 0.6458528746865346
-0.058601420435984375 0.5182922077966527
-0.8979732106317095 0.05910823833954093
-0.11910910971057875 0.13467826044929687
0.7639611155171484 -0.39886263308590686
0.7458502534601601 -0.16207039473522422
-0.349258384385168 0.24977269038404204
0.43485233834326764 0.8542481480429545
-0.48745446359786326 -0.7694303103762987
0.3661875421457079 0.5509637206232509
0.8537316903164456 0.2733543854876541
0.3165676068829557 -0.634570614276188
0.5387118209954693 0.7576977119455326
0.8035314820695696 -0.37103510627342184
0.45467480861043175 -0.737446286154116
-0.076492398340964 -0.479706353485188
0.402128508101542 0.0403233867264412
-0.4021880109648994 -0.3956722271088593
0.5252191762351628 -0.15551986740533796
-0.4934623319635061 0.5236985510869967
0.4567283225590397 0.7598053049437106
-0.9403276542242294 -0.19452360415783088
0.17989009051037508 0.9106705582500318
0.5575349182741716 0.7482167917334717
0.16461301028700603 -0.7159864878622013
-0.8231681048098642 0.47686943240572144
0.767424452160745 -0.0052552174415751995
-0.020706511637022418 0.5963605672026142
0.6663517035316922 0.1952450805587982
-0.7741590122408943 -0.2395968354682827
0.4598669025754025 -0.32149835712480934
-0.4988858595673462 0.17603848011072176
0.33847493279190144 -0.10401592058177056
0.6232000790934009 0.05266101479541807
0.23178225691712928 -0.7702374379240708
-0.6984203908583786 0.4566697945765239
-0.8913845582390736 0.33523117499795974
0.2629340796595283 -0.6162189022125515
0.5639006761649528 0.3007383985343315
0.3548323799234223 0.011310436211593
-0.5541349329860812 -0.38916542273190946
0.9015595563064023 -0.07364086857548391
0.3822248624561757 0.3071397954567221
-0.5062806981397732 -0.2052724390730738
0.33567525207015714 0.6047547347485536
0.6467657375474103 0.17557301743328524
0.2980755369610921 0.32366779703540405
0.6446824812707399 -0.4229677479251319
-0.43117817582831974 -0.4909649720067488
0.11457948238625493 -0.7167874217628327
-0.286442751326091 0.48617294536167543
0.6914928955388016 0.6625697618909494
0.6837819594443133 -0.4657492394157483
-0.45437933010520215 0.09817308675394631
0.5699470420742299 -0.7470860056980706
0.6567942952765506 0.16756651430092284
-0.1829870851133275 -0.8792074786647908
-0.30839235723013125 -0.5867941051982206
-0.40495161896121434 -0.8577513047328136
-0.6774670552900259 -0.03686924029190419
0.4492820843154235 0.5303095091776
0.6493888649247008 -0.4673639034107513
-0.574133225244509 -0.5942616518023616
0.11935785026428869 0.8455189096050264
-0.7034001885287078 -0.2554341172917387
-0.733239832640393 -0.3333654312367942
0.6371558786065865 0.2072788866317612
-0.7993406158222565 -0.5848766018131939
0.9723897361900524 0.13427199388646716
0.9645740825160738 0.07996004297997983
-0.7607194002367572 0.4513688082034786
0.08863509829836014 0.6097451673161152
0.337442147776597 -0.9130202192665411
-0.07989670723306475 0.5893097887901453
-0.059474881046452266 -0.05667215474773979
-0.04883055628831534 0.023345577754112723
0.06834995759170548 0.5583427787521387
0.4105417097998556 0.8259658355531616
-0.9101961323083141 -0.1464496020306878
-0.4818335456050846 -0.6048352623266524
0.2373274184288916 -0.17655180015955274
-0.9298383752774981 0.3192428251356956
0.6297570205359451 -0.03942607177391966
0.9522387585121279 0.16386778980604833
0.7637130632298312 -0.2744981719907267
0.2027598271490929 0.3341155817388597
-0.5862704513033112 -0.3652998634858782
0.8285152525240065 -0.24168956444356993
0.822498127179452 0.3652594200536927
0.4044887355242903 0.2669192536830334
-0.20253532084571413 -0.7794391527562192
0.20618363850615506 -0.7824813770077164
0.7258778099689096 -0.23443290591379506
-0.4437673298300753 0.33435524455108534
-0.4405767989128937 -0.1272131355997166
0.025122369547671664 -0.7177548529055748
0.19423490692629053 0.4779742423556872
0.6106247342002253 0.23900384219115733
-0.4687373892351858 0.8708757904883979
-0.11144090233642578 -0.024063212597802197
-0.2912672188086298 0.019684739072193924
-0.9760575062837924 0.04978273981357151
-0.0171985081013295 0.6177079312785407
-0.87216425343643 0.08270540789633563
-0.3063742593111929 -0.688712137846123
-0.09407011204107008 0.5314336671999298
0.43503937290329553 -0.49108053141380714
-0.45977437003881083 -0.8642629879177461
-0.5894998736529045 -0.31121312707716653
0.813508823910758 -0.4368460213304901
-0.5425755026881343 0.07093627869437658
0.8200029915001039 -0.27820037304498135
-0.30266892377432386 0.011544211672528837
-0.040591493996426475 -0.6763049710340576
-0.015617138329166558 0.14977262603956754
0.5808656158435725 -0.20972144450399743
0.45350103750168125 0.718078054196168
0.6146373303518056 0.24575834920804351
-0.46820852039405025 0.8231053236918104
0.08666138212686425 -0.3716447036997603
-0.644905054261161 0.41033506613478865
0.6591928008871932 -0.6808663423371946
-0.4786120476115432 -0.25473475127428635
0.07510706188002869 0.2371752151108657
0.48057532504019496 0.5221816842000462
0.02127481837591727 -0.6104559470871134
-0.6723559517344262 0.73362472927578
-0.7559768576572767 0.6506977214070715
-0.471283379321755 0.7057325121527522
-0.39123138390279766 -0.6270871829056444
-0.6000789647523967 0.4314571971631036
-0.3125357941459561 0.6472663584336731
-0.3676798943741191 0.8567475953938879
0.23382754287637342 -0.27486368404674755
0.2720456274922398 -0.2743319074961794
0.1737790662831058 0.3698730951806939
-0.5290416471832258 -0.5781181959081139
0.21579128825681382 -0.5709716050067768
0.04965257906435183 0.3817146833542804
0.8200234442876859 -0.12752317488678622
-0.6463488032718252 -0.6350840679720675
0.6404058030884561 -0.07419214285439635
-0.9055770492851543 0.24951740315300053
-0.5829697196124646 -0.07038030704667708
0.6325473214729807 -0.09829889847916462
0.05636878749598351 -0.7229387264562199
0.48148276949366964 0.669424333675289
0.43099092588365906 -0.6967275126122772
0.8508209618247482 -0.43611946854753647
-0.15045497759770687 -0.42508628422889605
-0.364461055427288 0.26125823989550856
0.8566690660570144 0.2804359785150774
0.46212931211497144 0.769601085234872
0.4811508128612543 -0.12798838600442441
-0.9896659838633781 0.0027519082638338688
-0.5511130885216862 -0.1729591585003114
0.15653523026392313 -0.030184872367750692
0.1351526800749392 -0.13044628294671812
0.45195569346677433 0.6129628408316481
0.462086375963463 0.00658579719818464
-0.6502933932510886 0.3544984606642805
0.03114427768266337 0.4826439751397531
-0.0679705997553659 -0.936850865531857
-0.1209592124855694 -0.9402472509482749
0.4635505798508819 0.26812636133676615
-0.9802994157154503 0.0032569653437348745
-0.3923559099473699 -0.11510844395568331
0.5271753168677911 0.5037544381404409
-0.6803002543815173 -0.40466501759137374
-0.1909179042267921 0.6904645706115333
0.722930696996837 0.48448750840676325
-0.9431617662639609 0.22082942770366043
-0.023561592044543556 -0.6185535259993089
0.37852757257352443 -0.3324578197288137
0.7134049807260008 -0.2526234204689495
0.8057907606492347 0.13501192985947164
-0.5041293297460627 -0.1671717812427833
-0.7721828752035302 0.22907895911094256
0.05127979576802577 0.7629904503107174
0.1039790804507772 0.9878857530511651
-0.23452101670805914 -0.1986377479988053
-0.562538272385438 0.3617800501816901
0.03452311723312973 -0.21553893523987577
-0.2932385213969013 0.6087443617175068
0.42679979223777864 -0.3879508712919897
0.2316040177182972 0.41573460317976707
0.0822303078138602 0.007505073608954804
-0.7940670740032674 -0.23504628099384717
-0.5804488348633063 0.5125500933378386
-0.3540442266446724 -0.7898229858077266
0.6715151096972305 -0.5040391922983931
0.7432150850579837 0.2679543602115626
-0.06966861521016732 -0.7151850871586243
0.3164944523618243 0.399160940493702
0.24535757539456737 0.5476719184115257
-0.05573551224255335 -0.21509413718819204
0.2898942856896287 0.7605976426449694
0.3327386860117676 -0.40881836464031895
0.103102059995402 0.25548579360670254
-0.5207825475012968 0.8202422453093028
-0.2432561003447058 0.7642889120632463
0.24206487983448688 0.27633413405149443
0.22991498226059104 0.39546969732559223
0.8744402876961987 0.1115590543314533
0.6515265600164051 -0.5800338768291995
-0.6335076883470534 0.48338794259738016
-0.03079423980531759 -0.9390791567005845
-0.5480786292537996 -0.515958105919317
-0.5090955636223242 -0.44906252764059373
0.18068926206816172 -0.9325286343463437
-0.5741979846573311 -0.6117392134062722
-0.049208997817569156 -0.61708071977621
0.9254823160331602 0.2476858193301179
0.6258725645417964 0.6440280039324546
-0.4587793821157855 0.23876710090965503
0.5192297234407475 -0.39220177821489455
-0.040578819895358276 0.12341785538088756
-0.037192956906636265 -0.8628647159791165
-0.2490744917550436 -0.519118009974709
0.19971794320573255 -0.6493100526032396
0.5698923251563022 -0.7873734126066838
-0.3283918689230394 0.009005125193441765
-0.029917403046933133 0.5004937286972584
-0.13167946314357293 -0.11178833837846147
-0.5798964039518801 -0.02899852008688919
0.013956776727855225 -0.0683194750996321
0.5063255234556201 0.5014692292102003
0.24294236437837924 0.23760835159712657
0.33726693015202613 0.1749815407083486
-0.07911285977358418 0.16185280446952843
0.2985098552507277 -0.6304541816629687
0.4628730861362669 0.723727997833171
-0.7895306314023247 -0.4571126119453566
0.03221353367635116 0.1381123626773706
-0.09679647153076676 0.23576835666112084
0.10804420781488355 -0.980318580629284
-0.708542848407405 -0.5407659893006243
0.26856858437117515 0.845915568648935
0.7940945468342815 0.22486176263025093
0.6115225351642548 0.643388541577234
0.768710242045928 0.5002117985365793
0.5997666995818904 0.524918740658527
0.4169603252123051 -0.1412307309851395
-0.9444783573839357 0.09269917681387341
-0.6573917466750865 -0.4013536390319805
0.12701286519684674 0.2268663094179888
-0.32006818065832987 -0.8707240481630449
0.023288193315823325 0.6556698872062001
-0.05634411912130877 -0.5235892145579446
0.34677907344335024 0.3370860156789055
0.7766492018660682 0.12855748796980193
-0.7008065882744399 0.5640759290365136
-0.11236964016829032 0.09652483541688595
-0.1414481431379757 0.5132365115044244
-0.29123869266828106 -0.28821322546836114
0.49209394653324634 -0.24321572733938446
-0.8948516309882344 -0.3244011651247629
-0.11200207099095105 0.7498773319152283
0.9621366608109829 -0.007229449377240238
0.4201631243603674 -0.726643493122427
-0.15244457777304032 -0.5542690793875797
-0.7596622811506186 -0.16836358285642183
-0.3399499388756897 0.1048223492084086
0.20046426233055947 0.3102546009827627
-0.13574474909653866 0.7822194937561688
0.18801918635405168 -0.2613111835836843
-0.7206342577064337 0.6047225053450289
-0.3489698222256221 -0.5341138304031514
-0.41552891513995216 0.5948500857100922
-0.7382061147604282 -0.4420322702154442
-0.05100029000037365 0.44362631959684107
-0.17739023047618607 0.21208694705512898
0.6348331053946106 0.27986369456771776
0.6010762567911063 0.2387258393702405
0.24821375133448753 0.2966009998182977
0.21981843798585388 0.08198671287540327
0.21796799761146524 0.553542566230464
0.5483473469508489 -0.5944765209574974
0.6147060891525882 0.15327470383763386
0.47315202620877206 0.7526242977271873
-0.6956101232446279 0.5363587724903123
-0.48090901041686296 0.00598917316102332
-0.3610274065878898 0.4152078438350659
-0.7043191719236497 0.278396226022273
-0.7428272832540717 -0.020892387118349953
0.6315554383143209 0.26605031347201225
-0.6626731192599673 0.17133613146181803
0.0439753046696616 -0.6459958380723054
-0.8073438938159747 0.07964726678199563
0.0781704499195488 -0.8422345725610265
0.2986429663705161 -0.41678753716584116
-0.22114672060164153 0.03712677154671584
0.45866643661308326 -0.7398816717494294
0.32409067094511546 -0.7953126733372349
0.16303671664062658 -0.13229887260620754
-0.3598754097169681 -0.2442858067284981
0.7565936590947788 -0.43841783512817156
0.627861971729615 -0.31475055595962664
0.10518161616649735 0.2833338527936562
-0.6923689640899919 -0.45440796300337194
-0.6893343296528454 -0.4404107080150024
-0.5323689901234754 0.669887336808753
0.5849271527287541 -0.40225021061284716
-0.9246607569179142 0.362435841723765
0.32209879861625335 0.14932896690069875
0.03716234562957288 -0.8704495879546872
-0.8960750617864943 0.3662712811611397
0.1346604723497853 0.9868996740311065
0.5624529290737046 0.04247637563128315
0.2835844566161436 0.07881590722216747
-0.43722106110080716 -0.5473168763977929
-0.6268004215768395 -0.31905899320904196
-0.00153824147390913 -0.5152457645274604
-0.2903413679191731 0.18637226528991313
0.11167848122069901 0.5950382650937645
-0.009934065798691272 0.21619274113937026
0.14606383348188356 0.6800323615569577
-0.08295500627931118 -0.16666688848836597
-0.44180398354469674 0.16540881239662775
0.5597005135959445 0.5003163269473698
0.12692600796973386 -0.6497344990569571
0.5662978067018596 0.01813169352994981
-0.6038546791173984 0.25294168036390885
0.1638866985105254 0.39033957868329594
0.5357560983493306 -0.5172764400725318
-0.705238081523516 -0.38932010812794204
0.5586506423177635 0.19844723515939555
-0.12670890661037748 -0.06213980773743355
0.32536032058312014 -0.21134115348122484
0.15286916574983245 0.1704999462892045
-0.18857382268313527 -0.17060827533641154
0.1117000458673656 -0.6443660540400984
0.5541470571489666 0.5285728630809159
0.23394598682600032 0.7555964597141109
0.06266707688174011 0.4949677737599405
0.8325490341898398 -0.09663386887993397
0.16921253937689062 -0.3209387615400261
-0.7984762465549748 -0.14295261590716724
-0.37420472423368945 -0.11264412032389393
0.6473751441513691 0.00512137564806725
0.5366183267458162 0.5282829465212464
0.29727743246463545 0.15691366163674658
-0.5155945766058359 0.04722800915050418
-0.07074853868983855 0.7601591851783087
-0.32188407014152864 -0.41698629589966374
0.5937040525499677 -0.7183773488532423
-0.558147292141058 -0.7984275415635131
0.18029003085024198 0.3367190271471088
0.005220695815907561 -0.7953566357561987
0.15592287359331958 -0.25603581192597424
-0.28227804388160527 -0.8610333080169501
-0.5583932485919174 0.32124584372420917
0.514012303588095 0.208909372279239
0.3426784419820732 0.15480039587150363
0.29438668886116304 0.8031355870118659
-0.8903626319117606 -0.11366032614162758
0.026230741293066018 0.15999566038253366
-0.3904428402856204 -0.12783995582853747
-0.13273483835175393 0.5452474164837722
-0.09985008046567656 -0.23787378186574992
-0.6648079221919385 -0.0195614101227628
-0.4497365205733068 -0.24861729041698188
0.5515308541223214 0.7553940793712166
-0.6518148207203962 0.6162258777061929
-0.477252917781976 -0.1710680679086829
-0.8844035721246835 -0.16722647041006256
0.3642524783331187 -0.2507939573645215
0.485955169971265 0.2275352289080792
0.5022689555494622 -0.6364179444259854
-0.7975515206143899 0.3344974735529258
-0.4553997199345776 0.2837752603091461
-0.13965173397218855 -0.23421519419658443
0.7415127865989422 -0.4624263079494053
-0.28032810667604435 0.3408116930346756
-0.6965351077910693 -0.3267796995224741
-0.5664513658767245 -0.6872247560507998
0.4764257112946584 0.780226181900787
-0.1454973906893724 -0.42880232857025047
-0.6832410436746879 0.203006116129419
0.671632563281003 0.6922410025093559
0.21656816749379293 0.04791359100754322
-0.33578925754969036 -0.6389052897638452
0.4558582985926931 0.009612990452771086
-0.3874015706393841 -0.884576396357001
0.6738707563211148 0.24911128294294738
0.25596092153342354 -0.7068137920820234
-0.702996793711907 0.0584263413426398
0.46789188512548674 -0.3115784054778572
-0.1272837493644854 -0.4919935933873403
-0.6661447392684647 0.5055342948324191
-0.8800973117280779 0.27905696683483106
-0.21280135379696374 0.1078578238374952
-0.6529360905631876 -0.48005283808019317
-0.3082709808668054 -0.733213214823371
0.41688571480187164 0.11093253797698743
-0.42666304146334655 -0.23488381266912728
0.3489781355897268 -0.3130303831214163
0.9741802463142504 -0.18825732327508415
0.5324048469078793 0.41016356750789273
0.8803221869203919 0.4288399613278373
0.58793437313248 -0.028265081746839726
0.708683454218767 0.4135495241345948
-0.6381916463962385 -0.24837545945697648
0.3793689657326298 0.8506900106469859
0.18126094874226495 0.17607330560342294
-0.19224246214685126 -0.677283880968391
0.7474270389345239 0.06283961943870398
-0.8374650813082076 -0.3735366011497545
-0.06351576173641504 -0.7959227145064967
-0.5849002400431889 0.10118446777731638
-0.5265961499715739 -0.09855929866021151
0.9539848670094724 -0.10463782437357283
-0.19083630003684937 -0.06077896727417942
0.68461440609541 -0.34243634248237176
-0.5459582156280145 -0.6160737716018299
0.5978955016171199 -0.1778892397358658
-0.22966532905130377 -0.7927883301109622
-0.14012285541837155 0.8100645888364983
-0.6591126088656776 0.5602208351147668
0.4874516573882326 -0.10558656406937894
-0.7824769437894454 0.4086318090179979
0.15278661095690893 -0.9755423317403118
-0.04922107110935792 0.27904574086520384
0.45768235708010097 -0.6922318987937841
0.30748802400738784 0.6203450743538654
-0.36931162240194326 -0.773021881389615
-0.033268805503625876 0.3996211606026907
0.7563248995669396 -0.27033243042345934
-0.5062967364835622 0.021768299630420485
0.6900402444670171 -0.0349581244049979
-0.05730633782693073 0.6422501614267462
0.22457635291427525 -0.4800954352173705
-0.45855491762362655 0.7542319204916061
0.6878832160104966 -0.21291910854035256
0.2637918456137034 -0.14121205224123767
-0.04496224657415304 -0.8746306614895205
0.8644238252721608 -0.280216014166365
-0.4867275211689097 -0.4234912178413144
-0.39049161478321737 0.034874173785076845
0.018254778238063762 0.2135477742877514
0.6440936464962621 -0.03750789958643219
0.37359119091511905 0.25489815617077793
0.32980254954363475 -0.05263347113831651
0.6968962487722783 0.23396194484246657
0.46323509540874186 0.29504513169250846
-0.18578744361568256 0.762454775683064
-0.13047159889009952 -0.8507381921680977
0.48580426491791484 0.42319714822735754
-0.30095336875649714 0.8469834355800119
-0.9179598059606464 -0.04402584316741831
-0.3624743106828392 0.016963861790665558
0.8009396225974434 0.39868593842178823
0.9070768126577935 0.2330643534540584
-0.1363207120073846 -0.42742773878658236
-0.6026798875728079 -0.45596642856019476
-0.14568744488377416 0.024106021396897104
-0.5883655530809195 -0.4750578632044742
-0.8709340984754659 -0.11333678012424486
-0.2420509827835442 -0.534344963495476
0.16990082049379218 0.7914536821629476
0.24273801199620326 0.7354560328383515
0.02297571108618457 -0.593293154316475
0.4288806134644205 -0.8654960070542856
0.5144721590103001 0.23461413978118983
0.29768389380011295 -0.26996274577573165
-0.2067236718978922 -0.7928639713291523
-0.03077748138129044 -0.9145968373291791
-0.0792994225975121 0.8392926173822024
-0.36830745037755164 -0.3188578642450901
-0.3041210519665922 -0.5502146075497232
-0.07247457331478224 -0.07916033306469616
-0.6927151967571126 0.4671499528752281
-0.6920165509923071 0.00230585582995535
0.7146962512463166 -0.02200612992480755
-0.1395450919135417 -0.25107660022849276
0.8507024957806149 0.040841713916040856
0.45944247866703347 0.31774727297092387
-0.421345906378918 -0.2141705502022646
-0.16851627535084002 0.21900574150801666
-0.10555732668143603 -0.725759015800566
-0.39916229641980894 -0.715512377481953
0.7003164159936366 -0.1697385477442197
0.12345585373566159 0.09795691752065583
-0.8012852393279057 0.011849157056505133
0.22643995860853372 -0.9677818651452679
0.23950577976338794 -0.5156356755337514
0.5002600717079007 9.592476379705062e-05
0.8706961980755057 -0.41612728969940793
-0.553285817397263 0.10172675163670397
-0.7591909597086579 -0.5273470879935782
0.4493525649216157 0.16237639275538207
-0.22807365161465198 -0.12994274502823644
-0.047644441925826175 -0.0779860403557957
-0.41511564165144965 0.4884695152791354
-0.009873452805707617 0.606127425088469
-0.06799848240417727 0.8892226203490945
0.06580248533921207 0.08532991087822572
0.6102012900911475 0.5648938943307948
0.008297596924408124 -0.6136271050625537
-0.7496078876220746 0.47301136908555774
-0.344563873199498 -0.05467444657560527
0.7486581691944136 -0.2192650852671938
0.1546182624532828 -0.6077559141268853
0.2580786019062835 0.0455401438294718
-0.5315971343967933 0.7420843250329776
0.8684945246697957 -0.12344693566961729
0.6008215473786385 0.659340689397885
0.22007158484530542 -0.5031564988571311
0.23505715660731608 -0.34657881769623344
-0.49592463344660476 0.6340633342240987
-0.5481279476014262 0.6503707471436648
0.0237862582063888 0.9043385767705914
-0.15963989220248553 0.24798322363165104
-0.7389254147440067 0.00019425735628120222
-0.45062751310040783 -0.694945576094482
0.30182732825284764 0.5965000358632337
-0.9053128637974956 -0.3531689733615444
0.23429736173373694 0.641363380846866
-0.44630542645474014 -0.7953209580367162
-0.3984286822500944 0.4669380911423202
-0.34382150907815334 0.41327331412345814
-0.3847600555920838 -0.5141861354738106
0.06400445636113572 0.4345934298899281
0.7585522819826198 0.5463683154860894
-0.2309984060220427 -0.1952833980572517
0.7645564120384267 0.20679828848306436
0.725754240534507 -0.040163644489357164
0.8785509142425987 0.034104648324668974
-0.2773673421033209 -0.01575410845813585
0.9525711529092278 -0.023097068029448664
0.34388666820087654 0.3642695231190567
-0.8435532754337987 -0.2705870402164483
-0.5982579068897391 -0.10114437833059053
0.26980668915283235 -0.0990772607053998
-0.894799322733342 -0.08367051065165221
-0.3207670758630161 -0.4655686275916462
0.3565929034247488 0.10730381044480275
-0.36838153007708163 0.15987640799143588
-0.02139957330201958 0.9330289370016618
-0.11363957371926037 0.42025654246353916
-0.7486695935807557 -0.13778560910883275
0.07183201696131514 -0.7691790294990193
0.15844216768340913 0.48685557675378677
0.6598875429152322 0.602405322566782
0.8720220148473143 -0.03521098699952363
0.6232607115784305 -0.7560962342069733
-0.5257314851505197 -0.08754096600796935
0.7022231237338026 0.04510510913604371
-0.7269169859089515 0.4382161114039289
-0.4283794491128312 -0.28581050476179337
0.008629308798862922 0.2690194729117372
-0.13709827303805477 -0.3127671782010186
0.0031404797162450926 -0.09295686877549048
0.13444398181661077 -0.43664977082947765
0.5556473408434921 0.3039199475411276
0.09151202172128348 -0.2834566967917129
-0.1422900340630584 0.23991751886974955
0.673269548594847 0.6295459848083074
-0.6514769882200291 0.008680601199200444
-0.631889382365308 -0.7518584680418261
0.7894288946814676 -0.5092787077066507
0.19565531556194715 -0.8210091471091872
-0.034280856992735975 -0.46269888289709216
-0.07720347774152003 0.8033384710659146
0.03990581975193486 -0.9337130141529746
0.45054524841731136 -0.6109739513657988
0.24424471045575435 -0.34173394872429497
0.876540831878432 -0.31848688355249943
-0.446447518595537 0.7352447136307216
-0.6121464158621988 -0.3637564013814474
0.10890072299946385 -0.7434873132559712
0.04125196231022987 -0.28762961017897215
-0.29416163474275625 0.11579976642844092
-0.4490546670128224 -0.26627223937716726
-0.717527379287596 0.1281940762116367
0.034060369751648834 0.8318130036032436
-0.09887684635795235 0.04513230366043386
-0.3652401281047708 0.05575045893484898
-0.5775277201512594 -0.3015760740573534
-0.051992102624661474 0.9894493904182926
-0.9000834024445519 -0.0800774882860027
-0.8654871137825815 0.46382970322308514
-0.05948045755264464 -0.04173903899536069
0.6998925809933576 0.31100958085677166
-0.9020802248729114 -0.07347203050349216
0.717631008859813 0.5962540555959857
0.28865457745655476 -0.7441197740023695
0.6776035923733661 -0.6328621123607623
-0.6890944737611926 -0.5785230429597519
0.7682873697058321 0.009861868737575774
0.23115358538788233 0.4744474940169101
0.24967298843816987 0.38114021161014766
-0.1708261592628968 -0.46565418217144594
0.697297096789796 -1.0150923706930826e-05
-0.16730890679363264 0.8437853757095024
-0.17085683527312523 0.6023740871386436
0.3578525714293117 0.4704995838837649
0.2746970783694549 0.7076734103903481
-0.25502523073923 -0.4883127283592812
-0.3205326240706241 0.514704420592607
-0.20267421166124322 0.7881609692124423
0.6670573972348597 0.49968037160681855
0.13880834130055475 0.07890711331223432
-0.09665039215572668 0.4976775933014612
-0.37043421138081456 0.7973885265629306
-0.3245029605527321 0.6411429151606249
0.7487042161194963 -0.303261414833363
0.03889543421316355 0.6590480930158609
-0.26458676560185124 0.8344997925382771
-0.4579679436346531 0.1538742967914406
0.8577934418227888 -0.1064064969885894
-0.38068181227911957 0.34878486230669403
0.6859984789376488 0.2859413354278353
-0.5773233824774735 -0.08814955869698271
-0.5754286595271074 -0.4645334554915348
-0.28527889554557917 -0.846035545559725
0.7953305292954154 -0.5696144724453818
-0.6433841117946764 0.44184966274310855
0.6061601719831313 0.22220381450683235
0.7624070263830824 0.25460158906573405
-0.65230911957051 -0.719051652521691
-0.25243660678808943 0.740611553353822
0.3340387508057321 0.5105962987247918
-0.37827780689088386 0.586100496648434
0.20772017171087898 -0.6826083743219518
-0.21148141882400529 -0.16850752032860794
-0.8108100786053274 -0.17482135103348306
0.26576362988952895 -0.020455049532854597
-0.7972937734777839 0.3058587519928062
0.35471564014752155 -0.9132075211160993
0.9300683977744215 -0.19459644711903268
0.4026947108849497 -0.41839747640360403
0.14789923251078263 0.6241072435872299
0.34996255765676154 -0.7316751733342659
0.6519753996126683 -0.026153705713678255
0.9003452743564377 -0.0682485364578389
-0.21568468667139307 -0.07501306463174529
-0.19256263194900436 -0.6264047388099558
0.09723713530786937 -0.5433524775046914
-0.433797175085749 -0.341245802356263
-0.7602848671272648 0.19051901335242039
-0.23004979538093373 0.4766315810910353
0.8176809334554491 -0.25021026291052495
-0.24675011231223531 0.7599168761991828
0.4411230607898067 -0.5418331080405594
0.5757795531055487 -0.09455121967314195
-0.607340556797827 -0.6184325182288433
0.1874763423459629 -0.7750162851705789
0.7959359702632802 0.4993094315973483
0.02296335461537069 0.697347482333931
-0.8199879493584705 0.07804154902171367
-0.7548996678977535 0.3003445598479211
0.348857113058878 -0.17587732919091303
-0.2631122135433308 0.3142610633946423
-0.4352708745868352 0.510462501550802
-0.9309577704410128 -0.12716939375339553
-0.04391295867450129 0.3431400977565089
-0.477281261498246 0.41315922160110397
0.10232348916382117 -0.38094405421241184
0.6967554475520736 -0.3167864628791057
-0.4833487729835919 -0.32239062068761504
0.15449120521193782 0.45894952524311083
-0.06335458494701518 -0.7845964848562643
-0.3586143178336276 -0.06426705216166773
0.5287481386357322 -0.032953730007950766
0.48972238157784354 -0.013774439034345054
0.12626320318980722 -0.2875898955087757
0.30734394355940764 -0.6536631786414888
0.6507934405036986 -0.32482415557862065
-0.20723782196621676 -0.13724636552979996
0.9008255217155825 0.29720335148561916
0.376620719051846 0.05686916322288682
-0.9805638942665555 0.18829122651143404
0.7609254399774046 -0.05555809648760701
-0.48244612615468285 0.6602227268451679
0.24702398312806606 0.37163629998258285
0.776802846176575 0.21702821883683998
0.7998594130382561 -0.30264232491142407
0.608139971662111 -0.6229981879336706
-0.41127695728289404 -0.1960857863884813
0.76605125536403 -0.371016288474433
0.3388464891787468 0.6811735064203182
0.7549827478726352 -0.25545099717172204
-0.5788849192685901 -0.7826862972927691
0.733915264113165 0.6150938155470638
0.7158721674354678 -0.6624453457622637
0.605550842009789 0.5663799683515041
0.7529332424718831 -0.32854425703875645
0.48249217121827526 0.4438427105463436
-0.04284086173815549 0.25771981451800174
-0.3845069055462804 -0.896451290451153
-0.5684753917605359 0.6632783317181854
0.7265785754708345 0.12039664286963436
0.4435320259733928 0.836318146422578
-0.8705474688665027 0.2974938415271702
-0.4221854641477869 -0.0999720699040656
-0.05825751848367178 -0.8931271359269111
-0.008718450206399497 0.6066169666849337
-0.11830514852303264 -0.3823473664550803
0.302065800454401 -0.4750286257852603
0.42889968851753113 -0.5364979297141388
0.4101848775878154 -0.5215498899092446
1000.0 0.0
