2026-07-27 23:54:57 CEST  Starting run.
2026-07-27 23:54:57 CEST  Discovered 3 dataset(s): identical, outlier, random
2026-07-27 23:54:57 CEST  Grid (10 points): [500, 830, 1400, 2300, 3900, 6500, 11000, 18000, 30000, 50000]
2026-07-27 23:54:57 CEST    identical: K=5 for every N
2026-07-27 23:54:57 CEST    outlier: K=5 for every N
2026-07-27 23:54:57 CEST    random: K=10 for every N
2026-07-27 23:54:57 CEST  Existing results: 0 timing row(s), 0 op-count row(s), 0 existing wall(s)
2026-07-27 23:54:57 CEST  === dataset: identical ===
2026-07-27 23:54:57 CEST  --- N=500 ---
2026-07-27 23:54:57 CEST  sample=0
2026-07-27 23:54:57 CEST  runtime/memory pass
2026-07-27 23:54:57 CEST    repeat=0 BBMSCore: running...
2026-07-27 23:54:57 CEST    repeat=0 BBMSCore: status=ok
2026-07-27 23:54:57 CEST    repeat=0 BBMSInter: running...
2026-07-27 23:54:57 CEST    repeat=0 BBMSInter: status=ok
2026-07-27 23:54:57 CEST    repeat=0 BBMSDppInstant: running...
2026-07-27 23:54:57 CEST    repeat=0 BBMSDppInstant: status=ok
2026-07-27 23:54:57 CEST    repeat=0 BBMSDppStepwise: running...
2026-07-27 23:54:57 CEST    repeat=0 BBMSDppStepwise: status=ok
2026-07-27 23:54:57 CEST    repeat=0 DijkstraPrims: running...
2026-07-27 23:54:57 CEST    repeat=0 DijkstraPrims: status=ok
2026-07-27 23:54:57 CEST    repeat=1 BBMSCore: running...
2026-07-27 23:54:57 CEST    repeat=1 BBMSCore: status=ok
2026-07-27 23:54:57 CEST    repeat=1 BBMSInter: running...
2026-07-27 23:54:57 CEST    repeat=1 BBMSInter: status=ok
2026-07-27 23:54:57 CEST    repeat=1 BBMSDppInstant: running...
2026-07-27 23:54:57 CEST    repeat=1 BBMSDppInstant: status=ok
2026-07-27 23:54:57 CEST    repeat=1 BBMSDppStepwise: running...
2026-07-27 23:54:57 CEST    repeat=1 BBMSDppStepwise: status=ok
2026-07-27 23:54:57 CEST    repeat=1 DijkstraPrims: running...
2026-07-27 23:54:57 CEST    repeat=1 DijkstraPrims: status=ok
2026-07-27 23:54:57 CEST    repeat=2 BBMSCore: running...
2026-07-27 23:54:57 CEST    repeat=2 BBMSCore: status=ok
2026-07-27 23:54:57 CEST    repeat=2 BBMSInter: running...
2026-07-27 23:54:58 CEST    repeat=2 BBMSInter: status=ok
2026-07-27 23:54:58 CEST    repeat=2 BBMSDppInstant: running...
2026-07-27 23:54:58 CEST    repeat=2 BBMSDppInstant: status=ok
2026-07-27 23:54:58 CEST    repeat=2 BBMSDppStepwise: running...
2026-07-27 23:54:58 CEST    repeat=2 BBMSDppStepwise: status=ok
2026-07-27 23:54:58 CEST    repeat=2 DijkstraPrims: running...
2026-07-27 23:54:58 CEST    repeat=2 DijkstraPrims: status=ok
2026-07-27 23:54:58 CEST  op-count pass
2026-07-27 23:54:58 CEST    BBMSCore: running...
2026-07-27 23:54:58 CEST    BBMSCore: status=ok
2026-07-27 23:54:58 CEST    BBMSInter: running...
2026-07-27 23:54:58 CEST    BBMSInter: status=ok
2026-07-27 23:54:58 CEST    BBMSDppInstant: running...
2026-07-27 23:54:58 CEST    BBMSDppInstant: status=ok
2026-07-27 23:54:58 CEST    BBMSDppStepwise: running...
2026-07-27 23:54:58 CEST    BBMSDppStepwise: status=ok
2026-07-27 23:54:58 CEST    DijkstraPrims: running...
2026-07-27 23:54:58 CEST    DijkstraPrims: status=ok
2026-07-27 23:54:58 CEST  cross-algorithm agreement: ok
2026-07-27 23:54:58 CEST  sample=1
2026-07-27 23:54:58 CEST  runtime/memory pass
2026-07-27 23:54:58 CEST    repeat=0 BBMSCore: running...
2026-07-27 23:54:58 CEST    repeat=0 BBMSCore: status=ok
2026-07-27 23:54:58 CEST    repeat=0 BBMSInter: running...
2026-07-27 23:54:58 CEST    repeat=0 BBMSInter: status=ok
2026-07-27 23:54:58 CEST    repeat=0 BBMSDppInstant: running...
2026-07-27 23:54:58 CEST    repeat=0 BBMSDppInstant: status=ok
2026-07-27 23:54:58 CEST    repeat=0 BBMSDppStepwise: running...
2026-07-27 23:54:58 CEST    repeat=0 BBMSDppStepwise: status=ok
2026-07-27 23:54:58 CEST    repeat=0 DijkstraPrims: running...
2026-07-27 23:54:58 CEST    repeat=0 DijkstraPrims: status=ok
2026-07-27 23:54:58 CEST    repeat=1 BBMSCore: running...
2026-07-27 23:54:58 CEST    repeat=1 BBMSCore: status=ok
2026-07-27 23:54:58 CEST    repeat=1 BBMSInter: running...
2026-07-27 23:54:58 CEST    repeat=1 BBMSInter: status=ok
2026-07-27 23:54:58 CEST    repeat=1 BBMSDppInstant: running...
2026-07-27 23:54:58 CEST    repeat=1 BBMSDppInstant: status=ok
2026-07-27 23:54:58 CEST    repeat=1 BBMSDppStepwise: running...
2026-07-27 23:54:58 CEST    repeat=1 BBMSDppStepwise: status=ok
2026-07-27 23:54:58 CEST    repeat=1 DijkstraPrims: running...
2026-07-27 23:54:58 CEST    repeat=1 DijkstraPrims: status=ok
2026-07-27 23:54:58 CEST    repeat=2 BBMSCore: running...
2026-07-27 23:54:58 CEST    repeat=2 BBMSCore: status=ok
2026-07-27 23:54:58 CEST    repeat=2 BBMSInter: running...
2026-07-27 23:54:58 CEST    repeat=2 BBMSInter: status=ok
2026-07-27 23:54:58 CEST    repeat=2 BBMSDppInstant: running...
2026-07-27 23:54:59 CEST    repeat=2 BBMSDppInstant: status=ok
2026-07-27 23:54:59 CEST    repeat=2 BBMSDppStepwise: running...
2026-07-27 23:54:59 CEST    repeat=2 BBMSDppStepwise: status=ok
2026-07-27 23:54:59 CEST    repeat=2 DijkstraPrims: running...
2026-07-27 23:54:59 CEST    repeat=2 DijkstraPrims: status=ok
2026-07-27 23:54:59 CEST  op-count pass
2026-07-27 23:54:59 CEST    BBMSCore: running...
2026-07-27 23:54:59 CEST    BBMSCore: status=ok
2026-07-27 23:54:59 CEST    BBMSInter: running...
2026-07-27 23:54:59 CEST    BBMSInter: status=ok
2026-07-27 23:54:59 CEST    BBMSDppInstant: running...
2026-07-27 23:54:59 CEST    BBMSDppInstant: status=ok
2026-07-27 23:54:59 CEST    BBMSDppStepwise: running...
2026-07-27 23:54:59 CEST    BBMSDppStepwise: status=ok
2026-07-27 23:54:59 CEST    DijkstraPrims: running...
2026-07-27 23:54:59 CEST    DijkstraPrims: status=ok
2026-07-27 23:54:59 CEST  cross-algorithm agreement: ok
2026-07-27 23:54:59 CEST  sample=2
2026-07-27 23:54:59 CEST  runtime/memory pass
2026-07-27 23:54:59 CEST    repeat=0 BBMSCore: running...
2026-07-27 23:54:59 CEST    repeat=0 BBMSCore: status=ok
2026-07-27 23:54:59 CEST    repeat=0 BBMSInter: running...
2026-07-27 23:54:59 CEST    repeat=0 BBMSInter: status=ok
2026-07-27 23:54:59 CEST    repeat=0 BBMSDppInstant: running...
2026-07-27 23:54:59 CEST    repeat=0 BBMSDppInstant: status=ok
2026-07-27 23:54:59 CEST    repeat=0 BBMSDppStepwise: running...
2026-07-27 23:54:59 CEST    repeat=0 BBMSDppStepwise: status=ok
2026-07-27 23:54:59 CEST    repeat=0 DijkstraPrims: running...
2026-07-27 23:54:59 CEST    repeat=0 DijkstraPrims: status=ok
2026-07-27 23:54:59 CEST    repeat=1 BBMSCore: running...
2026-07-27 23:54:59 CEST    repeat=1 BBMSCore: status=ok
2026-07-27 23:54:59 CEST    repeat=1 BBMSInter: running...
2026-07-27 23:54:59 CEST    repeat=1 BBMSInter: status=ok
2026-07-27 23:54:59 CEST    repeat=1 BBMSDppInstant: running...
2026-07-27 23:54:59 CEST    repeat=1 BBMSDppInstant: status=ok
2026-07-27 23:54:59 CEST    repeat=1 BBMSDppStepwise: running...
2026-07-27 23:54:59 CEST    repeat=1 BBMSDppStepwise: status=ok
2026-07-27 23:54:59 CEST    repeat=1 DijkstraPrims: running...
2026-07-27 23:54:59 CEST    repeat=1 DijkstraPrims: status=ok
2026-07-27 23:54:59 CEST    repeat=2 BBMSCore: running...
2026-07-27 23:54:59 CEST    repeat=2 BBMSCore: status=ok
2026-07-27 23:54:59 CEST    repeat=2 BBMSInter: running...
2026-07-27 23:54:59 CEST    repeat=2 BBMSInter: status=ok
2026-07-27 23:54:59 CEST    repeat=2 BBMSDppInstant: running...
2026-07-27 23:54:59 CEST    repeat=2 BBMSDppInstant: status=ok
2026-07-27 23:54:59 CEST    repeat=2 BBMSDppStepwise: running...
2026-07-27 23:55:00 CEST    repeat=2 BBMSDppStepwise: status=ok
2026-07-27 23:55:00 CEST    repeat=2 DijkstraPrims: running...
2026-07-27 23:55:00 CEST    repeat=2 DijkstraPrims: status=ok
2026-07-27 23:55:00 CEST  op-count pass
2026-07-27 23:55:00 CEST    BBMSCore: running...
2026-07-27 23:55:00 CEST    BBMSCore: status=ok
2026-07-27 23:55:00 CEST    BBMSInter: running...
2026-07-27 23:55:00 CEST    BBMSInter: status=ok
2026-07-27 23:55:00 CEST    BBMSDppInstant: running...
2026-07-27 23:55:00 CEST    BBMSDppInstant: status=ok
2026-07-27 23:55:00 CEST    BBMSDppStepwise: running...
2026-07-27 23:55:00 CEST    BBMSDppStepwise: status=ok
2026-07-27 23:55:00 CEST    DijkstraPrims: running...
2026-07-27 23:55:00 CEST    DijkstraPrims: status=ok
2026-07-27 23:55:00 CEST  cross-algorithm agreement: ok
2026-07-27 23:55:00 CEST  sample=3
2026-07-27 23:55:00 CEST  runtime/memory pass
2026-07-27 23:55:00 CEST    repeat=0 BBMSCore: running...
2026-07-27 23:55:00 CEST    repeat=0 BBMSCore: status=ok
2026-07-27 23:55:00 CEST    repeat=0 BBMSInter: running...
2026-07-27 23:55:00 CEST    repeat=0 BBMSInter: status=ok
2026-07-27 23:55:00 CEST    repeat=0 BBMSDppInstant: running...
2026-07-27 23:55:00 CEST    repeat=0 BBMSDppInstant: status=ok
2026-07-27 23:55:00 CEST    repeat=0 BBMSDppStepwise: running...
2026-07-27 23:55:00 CEST    repeat=0 BBMSDppStepwise: status=ok
2026-07-27 23:55:00 CEST    repeat=0 DijkstraPrims: running...
2026-07-27 23:55:00 CEST    repeat=0 DijkstraPrims: status=ok
2026-07-27 23:55:00 CEST    repeat=1 BBMSCore: running...
2026-07-27 23:55:00 CEST    repeat=1 BBMSCore: status=ok
2026-07-27 23:55:00 CEST    repeat=1 BBMSInter: running...
2026-07-27 23:55:00 CEST    repeat=1 BBMSInter: status=ok
2026-07-27 23:55:00 CEST    repeat=1 BBMSDppInstant: running...
2026-07-27 23:55:00 CEST    repeat=1 BBMSDppInstant: status=ok
2026-07-27 23:55:00 CEST    repeat=1 BBMSDppStepwise: running...
2026-07-27 23:55:00 CEST    repeat=1 BBMSDppStepwise: status=ok
2026-07-27 23:55:00 CEST    repeat=1 DijkstraPrims: running...
2026-07-27 23:55:00 CEST    repeat=1 DijkstraPrims: status=ok
2026-07-27 23:55:00 CEST    repeat=2 BBMSCore: running...
2026-07-27 23:55:00 CEST    repeat=2 BBMSCore: status=ok
2026-07-27 23:55:00 CEST    repeat=2 BBMSInter: running...
2026-07-27 23:55:00 CEST    repeat=2 BBMSInter: status=ok
2026-07-27 23:55:00 CEST    repeat=2 BBMSDppInstant: running...
2026-07-27 23:55:00 CEST    repeat=2 BBMSDppInstant: status=ok
2026-07-27 23:55:00 CEST    repeat=2 BBMSDppStepwise: running...
2026-07-27 23:55:00 CEST    repeat=2 BBMSDppStepwise: status=ok
2026-07-27 23:55:00 CEST    repeat=2 DijkstraPrims: running...
2026-07-27 23:55:00 CEST    repeat=2 DijkstraPrims: status=ok
2026-07-27 23:55:00 CEST  op-count pass
2026-07-27 23:55:00 CEST    BBMSCore: running...
2026-07-27 23:55:00 CEST    BBMSCore: status=ok
2026-07-27 23:55:00 CEST    BBMSInter: running...
2026-07-27 23:55:01 CEST    BBMSInter: status=ok
2026-07-27 23:55:01 CEST    BBMSDppInstant: running...
2026-07-27 23:55:01 CEST    BBMSDppInstant: status=ok
2026-07-27 23:55:01 CEST    BBMSDppStepwise: running...
2026-07-27 23:55:01 CEST    BBMSDppStepwise: status=ok
2026-07-27 23:55:01 CEST    DijkstraPrims: running...
2026-07-27 23:55:01 CEST    DijkstraPrims: status=ok
2026-07-27 23:55:01 CEST  cross-algorithm agreement: ok
2026-07-27 23:55:01 CEST  sample=4
2026-07-27 23:55:01 CEST  runtime/memory pass
2026-07-27 23:55:01 CEST    repeat=0 BBMSCore: running...
2026-07-27 23:55:01 CEST    repeat=0 BBMSCore: status=ok
2026-07-27 23:55:01 CEST    repeat=0 BBMSInter: running...
2026-07-27 23:55:01 CEST    repeat=0 BBMSInter: status=ok
2026-07-27 23:55:01 CEST    repeat=0 BBMSDppInstant: running...
2026-07-27 23:55:01 CEST    repeat=0 BBMSDppInstant: status=ok
2026-07-27 23:55:01 CEST    repeat=0 BBMSDppStepwise: running...
2026-07-27 23:55:01 CEST    repeat=0 BBMSDppStepwise: status=ok
2026-07-27 23:55:01 CEST    repeat=0 DijkstraPrims: running...
2026-07-27 23:55:01 CEST    repeat=0 DijkstraPrims: status=ok
2026-07-27 23:55:01 CEST    repeat=1 BBMSCore: running...
2026-07-27 23:55:01 CEST    repeat=1 BBMSCore: status=ok
2026-07-27 23:55:01 CEST    repeat=1 BBMSInter: running...
2026-07-27 23:55:01 CEST    repeat=1 BBMSInter: status=ok
2026-07-27 23:55:01 CEST    repeat=1 BBMSDppInstant: running...
2026-07-27 23:55:01 CEST    repeat=1 BBMSDppInstant: status=ok
2026-07-27 23:55:01 CEST    repeat=1 BBMSDppStepwise: running...
2026-07-27 23:55:01 CEST    repeat=1 BBMSDppStepwise: status=ok
2026-07-27 23:55:01 CEST    repeat=1 DijkstraPrims: running...
2026-07-27 23:55:01 CEST    repeat=1 DijkstraPrims: status=ok
2026-07-27 23:55:01 CEST    repeat=2 BBMSCore: running...
2026-07-27 23:55:01 CEST    repeat=2 BBMSCore: status=ok
2026-07-27 23:55:01 CEST    repeat=2 BBMSInter: running...
2026-07-27 23:55:01 CEST    repeat=2 BBMSInter: status=ok
2026-07-27 23:55:01 CEST    repeat=2 BBMSDppInstant: running...
2026-07-27 23:55:01 CEST    repeat=2 BBMSDppInstant: status=ok
2026-07-27 23:55:01 CEST    repeat=2 BBMSDppStepwise: running...
2026-07-27 23:55:01 CEST    repeat=2 BBMSDppStepwise: status=ok
2026-07-27 23:55:01 CEST    repeat=2 DijkstraPrims: running...
2026-07-27 23:55:01 CEST    repeat=2 DijkstraPrims: status=ok
2026-07-27 23:55:01 CEST  op-count pass
2026-07-27 23:55:01 CEST    BBMSCore: running...
2026-07-27 23:55:01 CEST    BBMSCore: status=ok
2026-07-27 23:55:01 CEST    BBMSInter: running...
2026-07-27 23:55:01 CEST    BBMSInter: status=ok
2026-07-27 23:55:01 CEST    BBMSDppInstant: running...
2026-07-27 23:55:02 CEST    BBMSDppInstant: status=ok
2026-07-27 23:55:02 CEST    BBMSDppStepwise: running...
2026-07-27 23:55:02 CEST    BBMSDppStepwise: status=ok
2026-07-27 23:55:02 CEST    DijkstraPrims: running...
2026-07-27 23:55:02 CEST    DijkstraPrims: status=ok
2026-07-27 23:55:02 CEST  cross-algorithm agreement: ok
2026-07-27 23:55:02 CEST  --- N=830 ---
2026-07-27 23:55:02 CEST  sample=0
2026-07-27 23:55:02 CEST  runtime/memory pass
2026-07-27 23:55:02 CEST    repeat=0 BBMSCore: running...
2026-07-27 23:55:02 CEST    repeat=0 BBMSCore: status=ok
2026-07-27 23:55:02 CEST    repeat=0 BBMSInter: running...
2026-07-27 23:55:02 CEST    repeat=0 BBMSInter: status=ok
2026-07-27 23:55:02 CEST    repeat=0 BBMSDppInstant: running...
2026-07-27 23:55:02 CEST    repeat=0 BBMSDppInstant: status=ok
2026-07-27 23:55:02 CEST    repeat=0 BBMSDppStepwise: running...
2026-07-27 23:55:02 CEST    repeat=0 BBMSDppStepwise: status=ok
2026-07-27 23:55:02 CEST    repeat=0 DijkstraPrims: running...
2026-07-27 23:55:02 CEST    repeat=0 DijkstraPrims: status=ok
2026-07-27 23:55:02 CEST    repeat=1 BBMSCore: running...
2026-07-27 23:55:03 CEST    repeat=1 BBMSCore: status=ok
2026-07-27 23:55:03 CEST    repeat=1 BBMSInter: running...
2026-07-27 23:55:03 CEST    repeat=1 BBMSInter: status=ok
2026-07-27 23:55:03 CEST    repeat=1 BBMSDppInstant: running...
2026-07-27 23:55:03 CEST    repeat=1 BBMSDppInstant: status=ok
2026-07-27 23:55:03 CEST    repeat=1 BBMSDppStepwise: running...
2026-07-27 23:55:03 CEST    repeat=1 BBMSDppStepwise: status=ok
2026-07-27 23:55:03 CEST    repeat=1 DijkstraPrims: running...
2026-07-27 23:55:03 CEST    repeat=1 DijkstraPrims: status=ok
2026-07-27 23:55:03 CEST    repeat=2 BBMSCore: running...
2026-07-27 23:55:03 CEST    repeat=2 BBMSCore: status=ok
2026-07-27 23:55:03 CEST    repeat=2 BBMSInter: running...
2026-07-27 23:55:03 CEST    repeat=2 BBMSInter: status=ok
2026-07-27 23:55:03 CEST    repeat=2 BBMSDppInstant: running...
2026-07-27 23:55:04 CEST    repeat=2 BBMSDppInstant: status=ok
2026-07-27 23:55:04 CEST    repeat=2 BBMSDppStepwise: running...
2026-07-27 23:55:04 CEST    repeat=2 BBMSDppStepwise: status=ok
2026-07-27 23:55:04 CEST    repeat=2 DijkstraPrims: running...
2026-07-27 23:55:04 CEST    repeat=2 DijkstraPrims: status=ok
2026-07-27 23:55:04 CEST  op-count pass
2026-07-27 23:55:04 CEST    BBMSCore: running...
2026-07-27 23:55:04 CEST    BBMSCore: status=ok
2026-07-27 23:55:04 CEST    BBMSInter: running...
2026-07-27 23:55:04 CEST    BBMSInter: status=ok
2026-07-27 23:55:04 CEST    BBMSDppInstant: running...
2026-07-27 23:55:04 CEST    BBMSDppInstant: status=ok
2026-07-27 23:55:04 CEST    BBMSDppStepwise: running...
2026-07-27 23:55:05 CEST    BBMSDppStepwise: status=ok
2026-07-27 23:55:05 CEST    DijkstraPrims: running...
2026-07-27 23:55:05 CEST    DijkstraPrims: status=ok
2026-07-27 23:55:05 CEST  cross-algorithm agreement: ok
2026-07-27 23:55:05 CEST  sample=1
2026-07-27 23:55:05 CEST  runtime/memory pass
2026-07-27 23:55:05 CEST    repeat=0 BBMSCore: running...
2026-07-27 23:55:05 CEST    repeat=0 BBMSCore: status=ok
2026-07-27 23:55:05 CEST    repeat=0 BBMSInter: running...
2026-07-27 23:55:05 CEST    repeat=0 BBMSInter: status=ok
2026-07-27 23:55:05 CEST    repeat=0 BBMSDppInstant: running...
2026-07-27 23:55:05 CEST    repeat=0 BBMSDppInstant: status=ok
2026-07-27 23:55:05 CEST    repeat=0 BBMSDppStepwise: running...
2026-07-27 23:55:05 CEST    repeat=0 BBMSDppStepwise: status=ok
2026-07-27 23:55:05 CEST    repeat=0 DijkstraPrims: running...
2026-07-27 23:55:05 CEST    repeat=0 DijkstraPrims: status=ok
2026-07-27 23:55:05 CEST    repeat=1 BBMSCore: running...
2026-07-27 23:55:06 CEST    repeat=1 BBMSCore: status=ok
2026-07-27 23:55:06 CEST    repeat=1 BBMSInter: running...
2026-07-27 23:55:06 CEST    repeat=1 BBMSInter: status=ok
2026-07-27 23:55:06 CEST    repeat=1 BBMSDppInstant: running...
2026-07-27 23:55:06 CEST    repeat=1 BBMSDppInstant: status=ok
2026-07-27 23:55:06 CEST    repeat=1 BBMSDppStepwise: running...
2026-07-27 23:55:06 CEST    repeat=1 BBMSDppStepwise: status=ok
2026-07-27 23:55:06 CEST    repeat=1 DijkstraPrims: running...
2026-07-27 23:55:06 CEST    repeat=1 DijkstraPrims: status=ok
2026-07-27 23:55:06 CEST    repeat=2 BBMSCore: running...
2026-07-27 23:55:06 CEST    repeat=2 BBMSCore: status=ok
2026-07-27 23:55:06 CEST    repeat=2 BBMSInter: running...
2026-07-27 23:55:06 CEST    repeat=2 BBMSInter: status=ok
2026-07-27 23:55:06 CEST    repeat=2 BBMSDppInstant: running...
2026-07-27 23:55:07 CEST    repeat=2 BBMSDppInstant: status=ok
2026-07-27 23:55:07 CEST    repeat=2 BBMSDppStepwise: running...
2026-07-27 23:55:07 CEST    repeat=2 BBMSDppStepwise: status=ok
2026-07-27 23:55:07 CEST    repeat=2 DijkstraPrims: running...
2026-07-27 23:55:07 CEST    repeat=2 DijkstraPrims: status=ok
2026-07-27 23:55:07 CEST  op-count pass
2026-07-27 23:55:07 CEST    BBMSCore: running...
2026-07-27 23:55:07 CEST    BBMSCore: status=ok
2026-07-27 23:55:07 CEST    BBMSInter: running...
2026-07-27 23:55:07 CEST    BBMSInter: status=ok
2026-07-27 23:55:07 CEST    BBMSDppInstant: running...
2026-07-27 23:55:07 CEST    BBMSDppInstant: status=ok
2026-07-27 23:55:07 CEST    BBMSDppStepwise: running...
2026-07-27 23:55:08 CEST    BBMSDppStepwise: status=ok
2026-07-27 23:55:08 CEST    DijkstraPrims: running...
2026-07-27 23:55:08 CEST    DijkstraPrims: status=ok
2026-07-27 23:55:08 CEST  cross-algorithm agreement: ok
2026-07-27 23:55:08 CEST  sample=2
2026-07-27 23:55:08 CEST  runtime/memory pass
2026-07-27 23:55:08 CEST    repeat=0 BBMSCore: running...
2026-07-27 23:55:08 CEST    repeat=0 BBMSCore: status=ok
2026-07-27 23:55:08 CEST    repeat=0 BBMSInter: running...
2026-07-27 23:55:08 CEST    repeat=0 BBMSInter: status=ok
2026-07-27 23:55:08 CEST    repeat=0 BBMSDppInstant: running...
2026-07-27 23:55:08 CEST    repeat=0 BBMSDppInstant: status=ok
2026-07-27 23:55:08 CEST    repeat=0 BBMSDppStepwise: running...
2026-07-27 23:55:08 CEST    repeat=0 BBMSDppStepwise: status=ok
2026-07-27 23:55:08 CEST    repeat=0 DijkstraPrims: running...
2026-07-27 23:55:08 CEST    repeat=0 DijkstraPrims: status=ok
2026-07-27 23:55:08 CEST    repeat=1 BBMSCore: running...
2026-07-27 23:55:08 CEST    repeat=1 BBMSCore: status=ok
2026-07-27 23:55:08 CEST    repeat=1 BBMSInter: running...
2026-07-27 23:55:09 CEST    repeat=1 BBMSInter: status=ok
2026-07-27 23:55:09 CEST    repeat=1 BBMSDppInstant: running...
2026-07-27 23:55:09 CEST    repeat=1 BBMSDppInstant: status=ok
2026-07-27 23:55:09 CEST    repeat=1 BBMSDppStepwise: running...
2026-07-27 23:55:09 CEST    repeat=1 BBMSDppStepwise: status=ok
2026-07-27 23:55:09 CEST    repeat=1 DijkstraPrims: running...
2026-07-27 23:55:09 CEST    repeat=1 DijkstraPrims: status=ok
2026-07-27 23:55:09 CEST    repeat=2 BBMSCore: running...
2026-07-27 23:55:09 CEST    repeat=2 BBMSCore: status=ok
2026-07-27 23:55:09 CEST    repeat=2 BBMSInter: running...
2026-07-27 23:55:09 CEST    repeat=2 BBMSInter: status=ok
2026-07-27 23:55:09 CEST    repeat=2 BBMSDppInstant: running...
2026-07-27 23:55:09 CEST    repeat=2 BBMSDppInstant: status=ok
2026-07-27 23:55:09 CEST    repeat=2 BBMSDppStepwise: running...
2026-07-27 23:55:10 CEST    repeat=2 BBMSDppStepwise: status=ok
2026-07-27 23:55:10 CEST    repeat=2 DijkstraPrims: running...
2026-07-27 23:55:10 CEST    repeat=2 DijkstraPrims: status=ok
2026-07-27 23:55:10 CEST  op-count pass
2026-07-27 23:55:10 CEST    BBMSCore: running...
2026-07-27 23:55:10 CEST    BBMSCore: status=ok
2026-07-27 23:55:10 CEST    BBMSInter: running...
2026-07-27 23:55:10 CEST    BBMSInter: status=ok
2026-07-27 23:55:10 CEST    BBMSDppInstant: running...
2026-07-27 23:55:10 CEST    BBMSDppInstant: status=ok
2026-07-27 23:55:10 CEST    BBMSDppStepwise: running...
2026-07-27 23:55:10 CEST    BBMSDppStepwise: status=ok
2026-07-27 23:55:10 CEST    DijkstraPrims: running...
2026-07-27 23:55:10 CEST    DijkstraPrims: status=ok
2026-07-27 23:55:10 CEST  cross-algorithm agreement: ok
2026-07-27 23:55:10 CEST  sample=3
2026-07-27 23:55:10 CEST  runtime/memory pass
2026-07-27 23:55:10 CEST    repeat=0 BBMSCore: running...
2026-07-27 23:55:11 CEST    repeat=0 BBMSCore: status=ok
2026-07-27 23:55:11 CEST    repeat=0 BBMSInter: running...
2026-07-27 23:55:11 CEST    repeat=0 BBMSInter: status=ok
2026-07-27 23:55:11 CEST    repeat=0 BBMSDppInstant: running...
2026-07-27 23:55:11 CEST    repeat=0 BBMSDppInstant: status=ok
2026-07-27 23:55:11 CEST    repeat=0 BBMSDppStepwise: running...
2026-07-27 23:55:11 CEST    repeat=0 BBMSDppStepwise: status=ok
2026-07-27 23:55:11 CEST    repeat=0 DijkstraPrims: running...
2026-07-27 23:55:11 CEST    repeat=0 DijkstraPrims: status=ok
2026-07-27 23:55:11 CEST    repeat=1 BBMSCore: running...
2026-07-27 23:55:11 CEST    repeat=1 BBMSCore: status=ok
2026-07-27 23:55:11 CEST    repeat=1 BBMSInter: running...
2026-07-27 23:55:11 CEST    repeat=1 BBMSInter: status=ok
2026-07-27 23:55:11 CEST    repeat=1 BBMSDppInstant: running...
2026-07-27 23:55:12 CEST    repeat=1 BBMSDppInstant: status=ok
2026-07-27 23:55:12 CEST    repeat=1 BBMSDppStepwise: running...
2026-07-27 23:55:12 CEST    repeat=1 BBMSDppStepwise: status=ok
2026-07-27 23:55:12 CEST    repeat=1 DijkstraPrims: running...
2026-07-27 23:55:12 CEST    repeat=1 DijkstraPrims: status=ok
2026-07-27 23:55:12 CEST    repeat=2 BBMSCore: running...
2026-07-27 23:55:12 CEST    repeat=2 BBMSCore: status=ok
2026-07-27 23:55:12 CEST    repeat=2 BBMSInter: running...
2026-07-27 23:55:12 CEST    repeat=2 BBMSInter: status=ok
2026-07-27 23:55:12 CEST    repeat=2 BBMSDppInstant: running...
2026-07-27 23:55:12 CEST    repeat=2 BBMSDppInstant: status=ok
2026-07-27 23:55:12 CEST    repeat=2 BBMSDppStepwise: running...
2026-07-27 23:55:13 CEST    repeat=2 BBMSDppStepwise: status=ok
2026-07-27 23:55:13 CEST    repeat=2 DijkstraPrims: running...
2026-07-27 23:55:13 CEST    repeat=2 DijkstraPrims: status=ok
2026-07-27 23:55:13 CEST  op-count pass
2026-07-27 23:55:13 CEST    BBMSCore: running...
2026-07-27 23:55:13 CEST    BBMSCore: status=ok
2026-07-27 23:55:13 CEST    BBMSInter: running...
2026-07-27 23:55:13 CEST    BBMSInter: status=ok
2026-07-27 23:55:13 CEST    BBMSDppInstant: running...
2026-07-27 23:55:13 CEST    BBMSDppInstant: status=ok
2026-07-27 23:55:13 CEST    BBMSDppStepwise: running...
2026-07-27 23:55:13 CEST    BBMSDppStepwise: status=ok
2026-07-27 23:55:13 CEST    DijkstraPrims: running...
2026-07-27 23:55:13 CEST    DijkstraPrims: status=ok
2026-07-27 23:55:13 CEST  cross-algorithm agreement: ok
2026-07-27 23:55:13 CEST  sample=4
2026-07-27 23:55:13 CEST  runtime/memory pass
2026-07-27 23:55:13 CEST    repeat=0 BBMSCore: running...
2026-07-27 23:55:14 CEST    repeat=0 BBMSCore: status=ok
2026-07-27 23:55:14 CEST    repeat=0 BBMSInter: running...
2026-07-27 23:55:14 CEST    repeat=0 BBMSInter: status=ok
2026-07-27 23:55:14 CEST    repeat=0 BBMSDppInstant: running...
2026-07-27 23:55:14 CEST    repeat=0 BBMSDppInstant: status=ok
2026-07-27 23:55:14 CEST    repeat=0 BBMSDppStepwise: running...
2026-07-27 23:55:14 CEST    repeat=0 BBMSDppStepwise: status=ok
2026-07-27 23:55:14 CEST    repeat=0 DijkstraPrims: running...
2026-07-27 23:55:14 CEST    repeat=0 DijkstraPrims: status=ok
2026-07-27 23:55:14 CEST    repeat=1 BBMSCore: running...
2026-07-27 23:55:14 CEST    repeat=1 BBMSCore: status=ok
2026-07-27 23:55:14 CEST    repeat=1 BBMSInter: running...
2026-07-27 23:55:14 CEST    repeat=1 BBMSInter: status=ok
2026-07-27 23:55:14 CEST    repeat=1 BBMSDppInstant: running...
2026-07-27 23:55:15 CEST    repeat=1 BBMSDppInstant: status=ok
2026-07-27 23:55:15 CEST    repeat=1 BBMSDppStepwise: running...
2026-07-27 23:55:15 CEST    repeat=1 BBMSDppStepwise: status=ok
2026-07-27 23:55:15 CEST    repeat=1 DijkstraPrims: running...
2026-07-27 23:55:15 CEST    repeat=1 DijkstraPrims: status=ok
2026-07-27 23:55:15 CEST    repeat=2 BBMSCore: running...
2026-07-27 23:55:15 CEST    repeat=2 BBMSCore: status=ok
2026-07-27 23:55:15 CEST    repeat=2 BBMSInter: running...
2026-07-27 23:55:15 CEST    repeat=2 BBMSInter: status=ok
2026-07-27 23:55:15 CEST    repeat=2 BBMSDppInstant: running...
2026-07-27 23:55:15 CEST    repeat=2 BBMSDppInstant: status=ok
2026-07-27 23:55:15 CEST    repeat=2 BBMSDppStepwise: running...
2026-07-27 23:55:16 CEST    repeat=2 BBMSDppStepwise: status=ok
2026-07-27 23:55:16 CEST    repeat=2 DijkstraPrims: running...
2026-07-27 23:55:16 CEST    repeat=2 DijkstraPrims: status=ok
2026-07-27 23:55:16 CEST  op-count pass
2026-07-27 23:55:16 CEST    BBMSCore: running...
2026-07-27 23:55:16 CEST    BBMSCore: status=ok
2026-07-27 23:55:16 CEST    BBMSInter: running...
2026-07-27 23:55:16 CEST    BBMSInter: status=ok
2026-07-27 23:55:16 CEST    BBMSDppInstant: running...
2026-07-27 23:55:16 CEST    BBMSDppInstant: status=ok
2026-07-27 23:55:16 CEST    BBMSDppStepwise: running...
2026-07-27 23:55:16 CEST    BBMSDppStepwise: status=ok
2026-07-27 23:55:16 CEST    DijkstraPrims: running...
2026-07-27 23:55:16 CEST    DijkstraPrims: status=ok
2026-07-27 23:55:16 CEST  cross-algorithm agreement: ok
2026-07-27 23:55:16 CEST  --- N=1400 ---
2026-07-27 23:55:16 CEST  sample=0
2026-07-27 23:55:16 CEST  runtime/memory pass
2026-07-27 23:55:16 CEST    repeat=0 BBMSCore: running...
2026-07-27 23:55:17 CEST    repeat=0 BBMSCore: status=ok
2026-07-27 23:55:17 CEST    repeat=0 BBMSInter: running...
2026-07-27 23:55:18 CEST    repeat=0 BBMSInter: status=ok
2026-07-27 23:55:18 CEST    repeat=0 BBMSDppInstant: running...
2026-07-27 23:55:18 CEST    repeat=0 BBMSDppInstant: status=ok
2026-07-27 23:55:18 CEST    repeat=0 BBMSDppStepwise: running...
2026-07-27 23:55:19 CEST    repeat=0 BBMSDppStepwise: status=ok
2026-07-27 23:55:19 CEST    repeat=0 DijkstraPrims: running...
2026-07-27 23:55:19 CEST    repeat=0 DijkstraPrims: status=ok
2026-07-27 23:55:19 CEST    repeat=1 BBMSCore: running...
2026-07-27 23:55:20 CEST    repeat=1 BBMSCore: status=ok
2026-07-27 23:55:20 CEST    repeat=1 BBMSInter: running...
2026-07-27 23:55:20 CEST    repeat=1 BBMSInter: status=ok
2026-07-27 23:55:20 CEST    repeat=1 BBMSDppInstant: running...
2026-07-27 23:55:21 CEST    repeat=1 BBMSDppInstant: status=ok
2026-07-27 23:55:21 CEST    repeat=1 BBMSDppStepwise: running...
2026-07-27 23:55:22 CEST    repeat=1 BBMSDppStepwise: status=ok
2026-07-27 23:55:22 CEST    repeat=1 DijkstraPrims: running...
2026-07-27 23:55:22 CEST    repeat=1 DijkstraPrims: status=ok
2026-07-27 23:55:22 CEST    repeat=2 BBMSCore: running...
2026-07-27 23:55:23 CEST    repeat=2 BBMSCore: status=ok
2026-07-27 23:55:23 CEST    repeat=2 BBMSInter: running...
2026-07-27 23:55:23 CEST    repeat=2 BBMSInter: status=ok
2026-07-27 23:55:23 CEST    repeat=2 BBMSDppInstant: running...
2026-07-27 23:55:24 CEST    repeat=2 BBMSDppInstant: status=ok
2026-07-27 23:55:24 CEST    repeat=2 BBMSDppStepwise: running...
2026-07-27 23:55:24 CEST    repeat=2 BBMSDppStepwise: status=ok
2026-07-27 23:55:24 CEST    repeat=2 DijkstraPrims: running...
2026-07-27 23:55:24 CEST    repeat=2 DijkstraPrims: status=ok
2026-07-27 23:55:24 CEST  op-count pass
2026-07-27 23:55:24 CEST    BBMSCore: running...
2026-07-27 23:55:25 CEST    BBMSCore: status=ok
2026-07-27 23:55:25 CEST    BBMSInter: running...
2026-07-27 23:55:26 CEST    BBMSInter: status=ok
2026-07-27 23:55:26 CEST    BBMSDppInstant: running...
2026-07-27 23:55:26 CEST    BBMSDppInstant: status=ok
2026-07-27 23:55:26 CEST    BBMSDppStepwise: running...
2026-07-27 23:55:27 CEST    BBMSDppStepwise: status=ok
2026-07-27 23:55:27 CEST    DijkstraPrims: running...
2026-07-27 23:55:27 CEST    DijkstraPrims: status=ok
2026-07-27 23:55:27 CEST  cross-algorithm agreement: ok
2026-07-27 23:55:27 CEST  sample=1
2026-07-27 23:55:27 CEST  runtime/memory pass
2026-07-27 23:55:27 CEST    repeat=0 BBMSCore: running...
2026-07-27 23:55:28 CEST    repeat=0 BBMSCore: status=ok
2026-07-27 23:55:28 CEST    repeat=0 BBMSInter: running...
2026-07-27 23:55:28 CEST    repeat=0 BBMSInter: status=ok
2026-07-27 23:55:28 CEST    repeat=0 BBMSDppInstant: running...
2026-07-27 23:55:29 CEST    repeat=0 BBMSDppInstant: status=ok
2026-07-27 23:55:29 CEST    repeat=0 BBMSDppStepwise: running...
2026-07-27 23:55:30 CEST    repeat=0 BBMSDppStepwise: status=ok
2026-07-27 23:55:30 CEST    repeat=0 DijkstraPrims: running...
2026-07-27 23:55:30 CEST    repeat=0 DijkstraPrims: status=ok
2026-07-27 23:55:30 CEST    repeat=1 BBMSCore: running...
2026-07-27 23:55:31 CEST    repeat=1 BBMSCore: status=ok
2026-07-27 23:55:31 CEST    repeat=1 BBMSInter: running...
2026-07-27 23:55:31 CEST    repeat=1 BBMSInter: status=ok
2026-07-27 23:55:31 CEST    repeat=1 BBMSDppInstant: running...
2026-07-27 23:55:32 CEST    repeat=1 BBMSDppInstant: status=ok
2026-07-27 23:55:32 CEST    repeat=1 BBMSDppStepwise: running...
2026-07-27 23:55:32 CEST    repeat=1 BBMSDppStepwise: status=ok
2026-07-27 23:55:32 CEST    repeat=1 DijkstraPrims: running...
2026-07-27 23:55:32 CEST    repeat=1 DijkstraPrims: status=ok
2026-07-27 23:55:32 CEST    repeat=2 BBMSCore: running...
2026-07-27 23:55:33 CEST    repeat=2 BBMSCore: status=ok
2026-07-27 23:55:33 CEST    repeat=2 BBMSInter: running...
2026-07-27 23:55:34 CEST    repeat=2 BBMSInter: status=ok
2026-07-27 23:55:34 CEST    repeat=2 BBMSDppInstant: running...
2026-07-27 23:55:34 CEST    repeat=2 BBMSDppInstant: status=ok
2026-07-27 23:55:34 CEST    repeat=2 BBMSDppStepwise: running...
2026-07-27 23:55:35 CEST    repeat=2 BBMSDppStepwise: status=ok
2026-07-27 23:55:35 CEST    repeat=2 DijkstraPrims: running...
2026-07-27 23:55:35 CEST    repeat=2 DijkstraPrims: status=ok
2026-07-27 23:55:35 CEST  op-count pass
2026-07-27 23:55:35 CEST    BBMSCore: running...
2026-07-27 23:55:36 CEST    BBMSCore: status=ok
2026-07-27 23:55:36 CEST    BBMSInter: running...
2026-07-27 23:55:36 CEST    BBMSInter: status=ok
2026-07-27 23:55:36 CEST    BBMSDppInstant: running...
2026-07-27 23:55:37 CEST    BBMSDppInstant: status=ok
2026-07-27 23:55:37 CEST    BBMSDppStepwise: running...
2026-07-27 23:55:38 CEST    BBMSDppStepwise: status=ok
2026-07-27 23:55:38 CEST    DijkstraPrims: running...
2026-07-27 23:55:38 CEST    DijkstraPrims: status=ok
2026-07-27 23:55:38 CEST  cross-algorithm agreement: ok
2026-07-27 23:55:38 CEST  sample=2
2026-07-27 23:55:38 CEST  runtime/memory pass
2026-07-27 23:55:38 CEST    repeat=0 BBMSCore: running...
2026-07-27 23:55:39 CEST    repeat=0 BBMSCore: status=ok
2026-07-27 23:55:39 CEST    repeat=0 BBMSInter: running...
2026-07-27 23:55:39 CEST    repeat=0 BBMSInter: status=ok
2026-07-27 23:55:39 CEST    repeat=0 BBMSDppInstant: running...
2026-07-27 23:55:40 CEST    repeat=0 BBMSDppInstant: status=ok
2026-07-27 23:55:40 CEST    repeat=0 BBMSDppStepwise: running...
2026-07-27 23:55:40 CEST    repeat=0 BBMSDppStepwise: status=ok
2026-07-27 23:55:40 CEST    repeat=0 DijkstraPrims: running...
2026-07-27 23:55:40 CEST    repeat=0 DijkstraPrims: status=ok
2026-07-27 23:55:40 CEST    repeat=1 BBMSCore: running...
2026-07-27 23:55:41 CEST    repeat=1 BBMSCore: status=ok
2026-07-27 23:55:41 CEST    repeat=1 BBMSInter: running...
2026-07-27 23:55:42 CEST    repeat=1 BBMSInter: status=ok
2026-07-27 23:55:42 CEST    repeat=1 BBMSDppInstant: running...
2026-07-27 23:55:42 CEST    repeat=1 BBMSDppInstant: status=ok
2026-07-27 23:55:42 CEST    repeat=1 BBMSDppStepwise: running...
2026-07-27 23:55:43 CEST    repeat=1 BBMSDppStepwise: status=ok
2026-07-27 23:55:43 CEST    repeat=1 DijkstraPrims: running...
2026-07-27 23:55:43 CEST    repeat=1 DijkstraPrims: status=ok
2026-07-27 23:55:43 CEST    repeat=2 BBMSCore: running...
2026-07-27 23:55:44 CEST    repeat=2 BBMSCore: status=ok
2026-07-27 23:55:44 CEST    repeat=2 BBMSInter: running...
2026-07-27 23:55:44 CEST    repeat=2 BBMSInter: status=ok
2026-07-27 23:55:44 CEST    repeat=2 BBMSDppInstant: running...
2026-07-27 23:55:45 CEST    repeat=2 BBMSDppInstant: status=ok
2026-07-27 23:55:45 CEST    repeat=2 BBMSDppStepwise: running...
2026-07-27 23:55:46 CEST    repeat=2 BBMSDppStepwise: status=ok
2026-07-27 23:55:46 CEST    repeat=2 DijkstraPrims: running...
2026-07-27 23:55:46 CEST    repeat=2 DijkstraPrims: status=ok
2026-07-27 23:55:46 CEST  op-count pass
2026-07-27 23:55:46 CEST    BBMSCore: running...
2026-07-27 23:55:47 CEST    BBMSCore: status=ok
2026-07-27 23:55:47 CEST    BBMSInter: running...
2026-07-27 23:55:47 CEST    BBMSInter: status=ok
2026-07-27 23:55:47 CEST    BBMSDppInstant: running...
2026-07-27 23:55:48 CEST    BBMSDppInstant: status=ok
2026-07-27 23:55:48 CEST    BBMSDppStepwise: running...
2026-07-27 23:55:48 CEST    BBMSDppStepwise: status=ok
2026-07-27 23:55:48 CEST    DijkstraPrims: running...
2026-07-27 23:55:48 CEST    DijkstraPrims: status=ok
2026-07-27 23:55:48 CEST  cross-algorithm agreement: ok
2026-07-27 23:55:48 CEST  sample=3
2026-07-27 23:55:48 CEST  runtime/memory pass
2026-07-27 23:55:48 CEST    repeat=0 BBMSCore: running...
2026-07-27 23:55:49 CEST    repeat=0 BBMSCore: status=ok
2026-07-27 23:55:49 CEST    repeat=0 BBMSInter: running...
2026-07-27 23:55:50 CEST    repeat=0 BBMSInter: status=ok
2026-07-27 23:55:50 CEST    repeat=0 BBMSDppInstant: running...
2026-07-27 23:55:50 CEST    repeat=0 BBMSDppInstant: status=ok
2026-07-27 23:55:50 CEST    repeat=0 BBMSDppStepwise: running...
2026-07-27 23:55:51 CEST    repeat=0 BBMSDppStepwise: status=ok
2026-07-27 23:55:51 CEST    repeat=0 DijkstraPrims: running...
2026-07-27 23:55:51 CEST    repeat=0 DijkstraPrims: status=ok
2026-07-27 23:55:51 CEST    repeat=1 BBMSCore: running...
2026-07-27 23:55:52 CEST    repeat=1 BBMSCore: status=ok
2026-07-27 23:55:52 CEST    repeat=1 BBMSInter: running...
2026-07-27 23:55:52 CEST    repeat=1 BBMSInter: status=ok
2026-07-27 23:55:52 CEST    repeat=1 BBMSDppInstant: running...
2026-07-27 23:55:53 CEST    repeat=1 BBMSDppInstant: status=ok
2026-07-27 23:55:53 CEST    repeat=1 BBMSDppStepwise: running...
2026-07-27 23:55:54 CEST    repeat=1 BBMSDppStepwise: status=ok
2026-07-27 23:55:54 CEST    repeat=1 DijkstraPrims: running...
2026-07-27 23:55:54 CEST    repeat=1 DijkstraPrims: status=ok
2026-07-27 23:55:54 CEST    repeat=2 BBMSCore: running...
2026-07-27 23:55:55 CEST    repeat=2 BBMSCore: status=ok
2026-07-27 23:55:55 CEST    repeat=2 BBMSInter: running...
2026-07-27 23:55:55 CEST    repeat=2 BBMSInter: status=ok
2026-07-27 23:55:55 CEST    repeat=2 BBMSDppInstant: running...
2026-07-27 23:55:56 CEST    repeat=2 BBMSDppInstant: status=ok
2026-07-27 23:55:56 CEST    repeat=2 BBMSDppStepwise: running...
2026-07-27 23:55:57 CEST    repeat=2 BBMSDppStepwise: status=ok
2026-07-27 23:55:57 CEST    repeat=2 DijkstraPrims: running...
2026-07-27 23:55:57 CEST    repeat=2 DijkstraPrims: status=ok
2026-07-27 23:55:57 CEST  op-count pass
2026-07-27 23:55:57 CEST    BBMSCore: running...
2026-07-27 23:55:58 CEST    BBMSCore: status=ok
2026-07-27 23:55:58 CEST    BBMSInter: running...
2026-07-27 23:55:58 CEST    BBMSInter: status=ok
2026-07-27 23:55:58 CEST    BBMSDppInstant: running...
2026-07-27 23:55:59 CEST    BBMSDppInstant: status=ok
2026-07-27 23:55:59 CEST    BBMSDppStepwise: running...
2026-07-27 23:55:59 CEST    BBMSDppStepwise: status=ok
2026-07-27 23:55:59 CEST    DijkstraPrims: running...
2026-07-27 23:55:59 CEST    DijkstraPrims: status=ok
2026-07-27 23:55:59 CEST  cross-algorithm agreement: ok
2026-07-27 23:55:59 CEST  sample=4
2026-07-27 23:55:59 CEST  runtime/memory pass
2026-07-27 23:55:59 CEST    repeat=0 BBMSCore: running...
2026-07-27 23:56:00 CEST    repeat=0 BBMSCore: status=ok
2026-07-27 23:56:00 CEST    repeat=0 BBMSInter: running...
2026-07-27 23:56:01 CEST    repeat=0 BBMSInter: status=ok
2026-07-27 23:56:01 CEST    repeat=0 BBMSDppInstant: running...
2026-07-27 23:56:01 CEST    repeat=0 BBMSDppInstant: status=ok
2026-07-27 23:56:01 CEST    repeat=0 BBMSDppStepwise: running...
2026-07-27 23:56:02 CEST    repeat=0 BBMSDppStepwise: status=ok
2026-07-27 23:56:02 CEST    repeat=0 DijkstraPrims: running...
2026-07-27 23:56:02 CEST    repeat=0 DijkstraPrims: status=ok
2026-07-27 23:56:02 CEST    repeat=1 BBMSCore: running...
2026-07-27 23:56:03 CEST    repeat=1 BBMSCore: status=ok
2026-07-27 23:56:03 CEST    repeat=1 BBMSInter: running...
2026-07-27 23:56:03 CEST    repeat=1 BBMSInter: status=ok
2026-07-27 23:56:03 CEST    repeat=1 BBMSDppInstant: running...
2026-07-27 23:56:04 CEST    repeat=1 BBMSDppInstant: status=ok
2026-07-27 23:56:04 CEST    repeat=1 BBMSDppStepwise: running...
2026-07-27 23:56:05 CEST    repeat=1 BBMSDppStepwise: status=ok
2026-07-27 23:56:05 CEST    repeat=1 DijkstraPrims: running...
2026-07-27 23:56:05 CEST    repeat=1 DijkstraPrims: status=ok
2026-07-27 23:56:05 CEST    repeat=2 BBMSCore: running...
2026-07-27 23:56:06 CEST    repeat=2 BBMSCore: status=ok
2026-07-27 23:56:06 CEST    repeat=2 BBMSInter: running...
2026-07-27 23:56:06 CEST    repeat=2 BBMSInter: status=ok
2026-07-27 23:56:06 CEST    repeat=2 BBMSDppInstant: running...
2026-07-27 23:56:07 CEST    repeat=2 BBMSDppInstant: status=ok
2026-07-27 23:56:07 CEST    repeat=2 BBMSDppStepwise: running...
2026-07-27 23:56:07 CEST    repeat=2 BBMSDppStepwise: status=ok
2026-07-27 23:56:07 CEST    repeat=2 DijkstraPrims: running...
2026-07-27 23:56:07 CEST    repeat=2 DijkstraPrims: status=ok
2026-07-27 23:56:07 CEST  op-count pass
2026-07-27 23:56:07 CEST    BBMSCore: running...
2026-07-27 23:56:08 CEST    BBMSCore: status=ok
2026-07-27 23:56:08 CEST    BBMSInter: running...
2026-07-27 23:56:09 CEST    BBMSInter: status=ok
2026-07-27 23:56:09 CEST    BBMSDppInstant: running...
2026-07-27 23:56:09 CEST    BBMSDppInstant: status=ok
2026-07-27 23:56:09 CEST    BBMSDppStepwise: running...
2026-07-27 23:56:10 CEST    BBMSDppStepwise: status=ok
2026-07-27 23:56:10 CEST    DijkstraPrims: running...
2026-07-27 23:56:10 CEST    DijkstraPrims: status=ok
2026-07-27 23:56:10 CEST  cross-algorithm agreement: ok
2026-07-27 23:56:10 CEST  --- N=2300 ---
2026-07-27 23:56:10 CEST  sample=0
2026-07-27 23:56:10 CEST  runtime/memory pass
2026-07-27 23:56:10 CEST    repeat=0 BBMSCore: running...
2026-07-27 23:56:14 CEST    repeat=0 BBMSCore: status=ok
2026-07-27 23:56:14 CEST    repeat=0 BBMSInter: running...
2026-07-27 23:56:16 CEST    repeat=0 BBMSInter: status=ok
2026-07-27 23:56:16 CEST    repeat=0 BBMSDppInstant: running...
2026-07-27 23:56:17 CEST    repeat=0 BBMSDppInstant: status=ok
2026-07-27 23:56:17 CEST    repeat=0 BBMSDppStepwise: running...
2026-07-27 23:56:19 CEST    repeat=0 BBMSDppStepwise: status=ok
2026-07-27 23:56:19 CEST    repeat=0 DijkstraPrims: running...
2026-07-27 23:56:19 CEST    repeat=0 DijkstraPrims: status=ok
2026-07-27 23:56:19 CEST    repeat=1 BBMSCore: running...
2026-07-27 23:56:24 CEST    repeat=1 BBMSCore: status=ok
2026-07-27 23:56:24 CEST    repeat=1 BBMSInter: running...
2026-07-27 23:56:25 CEST    repeat=1 BBMSInter: status=ok
2026-07-27 23:56:25 CEST    repeat=1 BBMSDppInstant: running...
2026-07-27 23:56:27 CEST    repeat=1 BBMSDppInstant: status=ok
2026-07-27 23:56:27 CEST    repeat=1 BBMSDppStepwise: running...
2026-07-27 23:56:28 CEST    repeat=1 BBMSDppStepwise: status=ok
2026-07-27 23:56:28 CEST    repeat=1 DijkstraPrims: running...
2026-07-27 23:56:28 CEST    repeat=1 DijkstraPrims: status=ok
2026-07-27 23:56:28 CEST    repeat=2 BBMSCore: running...
2026-07-27 23:56:33 CEST    repeat=2 BBMSCore: status=ok
2026-07-27 23:56:33 CEST    repeat=2 BBMSInter: running...
2026-07-27 23:56:34 CEST    repeat=2 BBMSInter: status=ok
2026-07-27 23:56:34 CEST    repeat=2 BBMSDppInstant: running...
2026-07-27 23:56:36 CEST    repeat=2 BBMSDppInstant: status=ok
2026-07-27 23:56:36 CEST    repeat=2 BBMSDppStepwise: running...
2026-07-27 23:56:38 CEST    repeat=2 BBMSDppStepwise: status=ok
2026-07-27 23:56:38 CEST    repeat=2 DijkstraPrims: running...
2026-07-27 23:56:38 CEST    repeat=2 DijkstraPrims: status=ok
2026-07-27 23:56:38 CEST  op-count pass
2026-07-27 23:56:38 CEST    BBMSCore: running...
2026-07-27 23:56:42 CEST    BBMSCore: status=ok
2026-07-27 23:56:42 CEST    BBMSInter: running...
2026-07-27 23:56:43 CEST    BBMSInter: status=ok
2026-07-27 23:56:43 CEST    BBMSDppInstant: running...
2026-07-27 23:56:45 CEST    BBMSDppInstant: status=ok
2026-07-27 23:56:45 CEST    BBMSDppStepwise: running...
2026-07-27 23:56:47 CEST    BBMSDppStepwise: status=ok
2026-07-27 23:56:47 CEST    DijkstraPrims: running...
2026-07-27 23:56:47 CEST    DijkstraPrims: status=ok
2026-07-27 23:56:47 CEST  cross-algorithm agreement: ok
2026-07-27 23:56:47 CEST  sample=1
2026-07-27 23:56:47 CEST  runtime/memory pass
2026-07-27 23:56:47 CEST    repeat=0 BBMSCore: running...
2026-07-27 23:56:52 CEST    repeat=0 BBMSCore: status=ok
2026-07-27 23:56:52 CEST    repeat=0 BBMSInter: running...
2026-07-27 23:56:53 CEST    repeat=0 BBMSInter: status=ok
2026-07-27 23:56:53 CEST    repeat=0 BBMSDppInstant: running...
2026-07-27 23:56:55 CEST    repeat=0 BBMSDppInstant: status=ok
2026-07-27 23:56:55 CEST    repeat=0 BBMSDppStepwise: running...
2026-07-27 23:56:57 CEST    repeat=0 BBMSDppStepwise: status=ok
2026-07-27 23:56:57 CEST    repeat=0 DijkstraPrims: running...
2026-07-27 23:56:57 CEST    repeat=0 DijkstraPrims: status=ok
2026-07-27 23:56:57 CEST    repeat=1 BBMSCore: running...
2026-07-27 23:57:02 CEST    repeat=1 BBMSCore: status=ok
2026-07-27 23:57:02 CEST    repeat=1 BBMSInter: running...
2026-07-27 23:57:03 CEST    repeat=1 BBMSInter: status=ok
2026-07-27 23:57:03 CEST    repeat=1 BBMSDppInstant: running...
2026-07-27 23:57:05 CEST    repeat=1 BBMSDppInstant: status=ok
2026-07-27 23:57:05 CEST    repeat=1 BBMSDppStepwise: running...
2026-07-27 23:57:07 CEST    repeat=1 BBMSDppStepwise: status=ok
2026-07-27 23:57:07 CEST    repeat=1 DijkstraPrims: running...
2026-07-27 23:57:07 CEST    repeat=1 DijkstraPrims: status=ok
2026-07-27 23:57:07 CEST    repeat=2 BBMSCore: running...
2026-07-27 23:57:12 CEST    repeat=2 BBMSCore: status=ok
2026-07-27 23:57:12 CEST    repeat=2 BBMSInter: running...
2026-07-27 23:57:13 CEST    repeat=2 BBMSInter: status=ok
2026-07-27 23:57:13 CEST    repeat=2 BBMSDppInstant: running...
2026-07-27 23:57:15 CEST    repeat=2 BBMSDppInstant: status=ok
2026-07-27 23:57:15 CEST    repeat=2 BBMSDppStepwise: running...
2026-07-27 23:57:17 CEST    repeat=2 BBMSDppStepwise: status=ok
2026-07-27 23:57:17 CEST    repeat=2 DijkstraPrims: running...
2026-07-27 23:57:17 CEST    repeat=2 DijkstraPrims: status=ok
2026-07-27 23:57:17 CEST  op-count pass
2026-07-27 23:57:17 CEST    BBMSCore: running...
2026-07-27 23:57:21 CEST    BBMSCore: status=ok
2026-07-27 23:57:21 CEST    BBMSInter: running...
2026-07-27 23:57:23 CEST    BBMSInter: status=ok
2026-07-27 23:57:23 CEST    BBMSDppInstant: running...
2026-07-27 23:57:25 CEST    BBMSDppInstant: status=ok
2026-07-27 23:57:25 CEST    BBMSDppStepwise: running...
2026-07-27 23:57:26 CEST    BBMSDppStepwise: status=ok
2026-07-27 23:57:26 CEST    DijkstraPrims: running...
2026-07-27 23:57:26 CEST    DijkstraPrims: status=ok
2026-07-27 23:57:26 CEST  cross-algorithm agreement: ok
2026-07-27 23:57:26 CEST  sample=2
2026-07-27 23:57:26 CEST  runtime/memory pass
2026-07-27 23:57:26 CEST    repeat=0 BBMSCore: running...
2026-07-27 23:57:30 CEST    repeat=0 BBMSCore: status=ok
2026-07-27 23:57:30 CEST    repeat=0 BBMSInter: running...
2026-07-27 23:57:31 CEST    repeat=0 BBMSInter: status=ok
2026-07-27 23:57:31 CEST    repeat=0 BBMSDppInstant: running...
2026-07-27 23:57:33 CEST    repeat=0 BBMSDppInstant: status=ok
2026-07-27 23:57:33 CEST    repeat=0 BBMSDppStepwise: running...
2026-07-27 23:57:35 CEST    repeat=0 BBMSDppStepwise: status=ok
2026-07-27 23:57:35 CEST    repeat=0 DijkstraPrims: running...
2026-07-27 23:57:35 CEST    repeat=0 DijkstraPrims: status=ok
2026-07-27 23:57:35 CEST    repeat=1 BBMSCore: running...
2026-07-27 23:57:39 CEST    repeat=1 BBMSCore: status=ok
2026-07-27 23:57:39 CEST    repeat=1 BBMSInter: running...
2026-07-27 23:57:40 CEST    repeat=1 BBMSInter: status=ok
2026-07-27 23:57:40 CEST    repeat=1 BBMSDppInstant: running...
2026-07-27 23:57:42 CEST    repeat=1 BBMSDppInstant: status=ok
2026-07-27 23:57:42 CEST    repeat=1 BBMSDppStepwise: running...
2026-07-27 23:57:44 CEST    repeat=1 BBMSDppStepwise: status=ok
2026-07-27 23:57:44 CEST    repeat=1 DijkstraPrims: running...
2026-07-27 23:57:44 CEST    repeat=1 DijkstraPrims: status=ok
2026-07-27 23:57:44 CEST    repeat=2 BBMSCore: running...
2026-07-27 23:57:48 CEST    repeat=2 BBMSCore: status=ok
2026-07-27 23:57:48 CEST    repeat=2 BBMSInter: running...
2026-07-27 23:57:49 CEST    repeat=2 BBMSInter: status=ok
2026-07-27 23:57:49 CEST    repeat=2 BBMSDppInstant: running...
2026-07-27 23:57:51 CEST    repeat=2 BBMSDppInstant: status=ok
2026-07-27 23:57:51 CEST    repeat=2 BBMSDppStepwise: running...
2026-07-27 23:57:52 CEST    repeat=2 BBMSDppStepwise: status=ok
2026-07-27 23:57:52 CEST    repeat=2 DijkstraPrims: running...
2026-07-27 23:57:52 CEST    repeat=2 DijkstraPrims: status=ok
2026-07-27 23:57:52 CEST  op-count pass
2026-07-27 23:57:52 CEST    BBMSCore: running...
2026-07-27 23:57:56 CEST    BBMSCore: status=ok
2026-07-27 23:57:56 CEST    BBMSInter: running...
2026-07-27 23:57:57 CEST    BBMSInter: status=ok
2026-07-27 23:57:57 CEST    BBMSDppInstant: running...
2026-07-27 23:57:59 CEST    BBMSDppInstant: status=ok
2026-07-27 23:57:59 CEST    BBMSDppStepwise: running...
2026-07-27 23:58:01 CEST    BBMSDppStepwise: status=ok
2026-07-27 23:58:01 CEST    DijkstraPrims: running...
2026-07-27 23:58:01 CEST    DijkstraPrims: status=ok
2026-07-27 23:58:01 CEST  cross-algorithm agreement: ok
2026-07-27 23:58:01 CEST  sample=3
2026-07-27 23:58:01 CEST  runtime/memory pass
2026-07-27 23:58:01 CEST    repeat=0 BBMSCore: running...
2026-07-27 23:58:06 CEST    repeat=0 BBMSCore: status=ok
2026-07-27 23:58:06 CEST    repeat=0 BBMSInter: running...
2026-07-27 23:58:07 CEST    repeat=0 BBMSInter: status=ok
2026-07-27 23:58:07 CEST    repeat=0 BBMSDppInstant: running...
2026-07-27 23:58:09 CEST    repeat=0 BBMSDppInstant: status=ok
2026-07-27 23:58:09 CEST    repeat=0 BBMSDppStepwise: running...
2026-07-27 23:58:11 CEST    repeat=0 BBMSDppStepwise: status=ok
2026-07-27 23:58:11 CEST    repeat=0 DijkstraPrims: running...
2026-07-27 23:58:11 CEST    repeat=0 DijkstraPrims: status=ok
2026-07-27 23:58:11 CEST    repeat=1 BBMSCore: running...
2026-07-27 23:58:16 CEST    repeat=1 BBMSCore: status=ok
2026-07-27 23:58:16 CEST    repeat=1 BBMSInter: running...
2026-07-27 23:58:17 CEST    repeat=1 BBMSInter: status=ok
2026-07-27 23:58:17 CEST    repeat=1 BBMSDppInstant: running...
2026-07-27 23:58:19 CEST    repeat=1 BBMSDppInstant: status=ok
2026-07-27 23:58:19 CEST    repeat=1 BBMSDppStepwise: running...
2026-07-27 23:58:21 CEST    repeat=1 BBMSDppStepwise: status=ok
2026-07-27 23:58:21 CEST    repeat=1 DijkstraPrims: running...
2026-07-27 23:58:21 CEST    repeat=1 DijkstraPrims: status=ok
2026-07-27 23:58:21 CEST    repeat=2 BBMSCore: running...
2026-07-27 23:58:25 CEST    repeat=2 BBMSCore: status=ok
2026-07-27 23:58:25 CEST    repeat=2 BBMSInter: running...
2026-07-27 23:58:27 CEST    repeat=2 BBMSInter: status=ok
2026-07-27 23:58:27 CEST    repeat=2 BBMSDppInstant: running...
2026-07-27 23:58:28 CEST    repeat=2 BBMSDppInstant: status=ok
2026-07-27 23:58:28 CEST    repeat=2 BBMSDppStepwise: running...
2026-07-27 23:58:30 CEST    repeat=2 BBMSDppStepwise: status=ok
2026-07-27 23:58:30 CEST    repeat=2 DijkstraPrims: running...
2026-07-27 23:58:30 CEST    repeat=2 DijkstraPrims: status=ok
2026-07-27 23:58:30 CEST  op-count pass
2026-07-27 23:58:30 CEST    BBMSCore: running...
2026-07-27 23:58:35 CEST    BBMSCore: status=ok
2026-07-27 23:58:35 CEST    BBMSInter: running...
2026-07-27 23:58:36 CEST    BBMSInter: status=ok
2026-07-27 23:58:36 CEST    BBMSDppInstant: running...
2026-07-27 23:58:38 CEST    BBMSDppInstant: status=ok
2026-07-27 23:58:38 CEST    BBMSDppStepwise: running...
2026-07-27 23:58:40 CEST    BBMSDppStepwise: status=ok
2026-07-27 23:58:40 CEST    DijkstraPrims: running...
2026-07-27 23:58:40 CEST    DijkstraPrims: status=ok
2026-07-27 23:58:40 CEST  cross-algorithm agreement: ok
2026-07-27 23:58:40 CEST  sample=4
2026-07-27 23:58:40 CEST  runtime/memory pass
2026-07-27 23:58:40 CEST    repeat=0 BBMSCore: running...
2026-07-27 23:58:44 CEST    repeat=0 BBMSCore: status=ok
2026-07-27 23:58:44 CEST    repeat=0 BBMSInter: running...
2026-07-27 23:58:45 CEST    repeat=0 BBMSInter: status=ok
2026-07-27 23:58:45 CEST    repeat=0 BBMSDppInstant: running...
2026-07-27 23:58:47 CEST    repeat=0 BBMSDppInstant: status=ok
2026-07-27 23:58:47 CEST    repeat=0 BBMSDppStepwise: running...
2026-07-27 23:58:49 CEST    repeat=0 BBMSDppStepwise: status=ok
2026-07-27 23:58:49 CEST    repeat=0 DijkstraPrims: running...
2026-07-27 23:58:49 CEST    repeat=0 DijkstraPrims: status=ok
2026-07-27 23:58:49 CEST    repeat=1 BBMSCore: running...
2026-07-27 23:58:53 CEST    repeat=1 BBMSCore: status=ok
2026-07-27 23:58:53 CEST    repeat=1 BBMSInter: running...
2026-07-27 23:58:54 CEST    repeat=1 BBMSInter: status=ok
2026-07-27 23:58:54 CEST    repeat=1 BBMSDppInstant: running...
2026-07-27 23:58:55 CEST    repeat=1 BBMSDppInstant: status=ok
2026-07-27 23:58:55 CEST    repeat=1 BBMSDppStepwise: running...
2026-07-27 23:58:57 CEST    repeat=1 BBMSDppStepwise: status=ok
2026-07-27 23:58:57 CEST    repeat=1 DijkstraPrims: running...
2026-07-27 23:58:57 CEST    repeat=1 DijkstraPrims: status=ok
2026-07-27 23:58:57 CEST    repeat=2 BBMSCore: running...
2026-07-27 23:59:01 CEST    repeat=2 BBMSCore: status=ok
2026-07-27 23:59:01 CEST    repeat=2 BBMSInter: running...
2026-07-27 23:59:02 CEST    repeat=2 BBMSInter: status=ok
2026-07-27 23:59:02 CEST    repeat=2 BBMSDppInstant: running...
2026-07-27 23:59:04 CEST    repeat=2 BBMSDppInstant: status=ok
2026-07-27 23:59:04 CEST    repeat=2 BBMSDppStepwise: running...
2026-07-27 23:59:06 CEST    repeat=2 BBMSDppStepwise: status=ok
2026-07-27 23:59:06 CEST    repeat=2 DijkstraPrims: running...
2026-07-27 23:59:06 CEST    repeat=2 DijkstraPrims: status=ok
2026-07-27 23:59:06 CEST  op-count pass
2026-07-27 23:59:06 CEST    BBMSCore: running...
2026-07-27 23:59:10 CEST    BBMSCore: status=ok
2026-07-27 23:59:10 CEST    BBMSInter: running...
2026-07-27 23:59:11 CEST    BBMSInter: status=ok
2026-07-27 23:59:11 CEST    BBMSDppInstant: running...
2026-07-27 23:59:13 CEST    BBMSDppInstant: status=ok
2026-07-27 23:59:13 CEST    BBMSDppStepwise: running...
2026-07-27 23:59:15 CEST    BBMSDppStepwise: status=ok
2026-07-27 23:59:15 CEST    DijkstraPrims: running...
2026-07-27 23:59:15 CEST    DijkstraPrims: status=ok
2026-07-27 23:59:15 CEST  cross-algorithm agreement: ok
2026-07-27 23:59:15 CEST  --- N=3900 ---
2026-07-27 23:59:15 CEST  sample=0
2026-07-27 23:59:15 CEST  runtime/memory pass
2026-07-27 23:59:15 CEST    repeat=0 BBMSCore: running...
2026-07-27 23:59:32 CEST    repeat=0 BBMSCore: status=ok
2026-07-27 23:59:32 CEST    repeat=0 BBMSInter: running...
2026-07-27 23:59:36 CEST    repeat=0 BBMSInter: status=ok
2026-07-27 23:59:36 CEST    repeat=0 BBMSDppInstant: running...
2026-07-27 23:59:41 CEST    repeat=0 BBMSDppInstant: status=ok
2026-07-27 23:59:41 CEST    repeat=0 BBMSDppStepwise: running...
2026-07-27 23:59:47 CEST    repeat=0 BBMSDppStepwise: status=ok
2026-07-27 23:59:47 CEST    repeat=0 DijkstraPrims: running...
2026-07-27 23:59:47 CEST    repeat=0 DijkstraPrims: status=ok
2026-07-27 23:59:47 CEST    repeat=1 BBMSCore: running...
2026-07-28 00:00:04 CEST    repeat=1 BBMSCore: status=ok
2026-07-28 00:00:04 CEST    repeat=1 BBMSInter: running...
2026-07-28 00:00:09 CEST    repeat=1 BBMSInter: status=ok
2026-07-28 00:00:09 CEST    repeat=1 BBMSDppInstant: running...
2026-07-28 00:00:14 CEST    repeat=1 BBMSDppInstant: status=ok
2026-07-28 00:00:14 CEST    repeat=1 BBMSDppStepwise: running...
2026-07-28 00:00:20 CEST    repeat=1 BBMSDppStepwise: status=ok
2026-07-28 00:00:20 CEST    repeat=1 DijkstraPrims: running...
2026-07-28 00:00:20 CEST    repeat=1 DijkstraPrims: status=ok
2026-07-28 00:00:20 CEST    repeat=2 BBMSCore: running...
2026-07-28 00:00:37 CEST    repeat=2 BBMSCore: status=ok
2026-07-28 00:00:37 CEST    repeat=2 BBMSInter: running...
2026-07-28 00:00:41 CEST    repeat=2 BBMSInter: status=ok
2026-07-28 00:00:41 CEST    repeat=2 BBMSDppInstant: running...
2026-07-28 00:00:46 CEST    repeat=2 BBMSDppInstant: status=ok
2026-07-28 00:00:46 CEST    repeat=2 BBMSDppStepwise: running...
2026-07-28 00:00:52 CEST    repeat=2 BBMSDppStepwise: status=ok
2026-07-28 00:00:52 CEST    repeat=2 DijkstraPrims: running...
2026-07-28 00:00:52 CEST    repeat=2 DijkstraPrims: status=ok
2026-07-28 00:00:52 CEST  op-count pass
2026-07-28 00:00:52 CEST    BBMSCore: running...
2026-07-28 00:01:09 CEST    BBMSCore: status=ok
2026-07-28 00:01:09 CEST    BBMSInter: running...
2026-07-28 00:01:13 CEST    BBMSInter: status=ok
2026-07-28 00:01:13 CEST    BBMSDppInstant: running...
2026-07-28 00:01:19 CEST    BBMSDppInstant: status=ok
2026-07-28 00:01:19 CEST    BBMSDppStepwise: running...
2026-07-28 00:01:25 CEST    BBMSDppStepwise: status=ok
2026-07-28 00:01:25 CEST    DijkstraPrims: running...
2026-07-28 00:01:25 CEST    DijkstraPrims: status=ok
2026-07-28 00:01:25 CEST  cross-algorithm agreement: ok
2026-07-28 00:01:25 CEST  sample=1
2026-07-28 00:01:25 CEST  runtime/memory pass
2026-07-28 00:01:25 CEST    repeat=0 BBMSCore: running...
2026-07-28 00:01:41 CEST    repeat=0 BBMSCore: status=ok
2026-07-28 00:01:41 CEST    repeat=0 BBMSInter: running...
2026-07-28 00:01:45 CEST    repeat=0 BBMSInter: status=ok
2026-07-28 00:01:45 CEST    repeat=0 BBMSDppInstant: running...
2026-07-28 00:01:50 CEST    repeat=0 BBMSDppInstant: status=ok
2026-07-28 00:01:50 CEST    repeat=0 BBMSDppStepwise: running...
2026-07-28 00:01:56 CEST    repeat=0 BBMSDppStepwise: status=ok
2026-07-28 00:01:56 CEST    repeat=0 DijkstraPrims: running...
2026-07-28 00:01:56 CEST    repeat=0 DijkstraPrims: status=ok
2026-07-28 00:01:56 CEST    repeat=1 BBMSCore: running...
2026-07-28 00:02:12 CEST    repeat=1 BBMSCore: status=ok
2026-07-28 00:02:12 CEST    repeat=1 BBMSInter: running...
2026-07-28 00:02:17 CEST    repeat=1 BBMSInter: status=ok
2026-07-28 00:02:17 CEST    repeat=1 BBMSDppInstant: running...
2026-07-28 00:02:22 CEST    repeat=1 BBMSDppInstant: status=ok
2026-07-28 00:02:22 CEST    repeat=1 BBMSDppStepwise: running...
2026-07-28 00:02:28 CEST    repeat=1 BBMSDppStepwise: status=ok
2026-07-28 00:02:28 CEST    repeat=1 DijkstraPrims: running...
2026-07-28 00:02:28 CEST    repeat=1 DijkstraPrims: status=ok
2026-07-28 00:02:28 CEST    repeat=2 BBMSCore: running...
2026-07-28 00:02:44 CEST    repeat=2 BBMSCore: status=ok
2026-07-28 00:02:44 CEST    repeat=2 BBMSInter: running...
2026-07-28 00:02:48 CEST    repeat=2 BBMSInter: status=ok
2026-07-28 00:02:48 CEST    repeat=2 BBMSDppInstant: running...
2026-07-28 00:02:53 CEST    repeat=2 BBMSDppInstant: status=ok
2026-07-28 00:02:53 CEST    repeat=2 BBMSDppStepwise: running...
2026-07-28 00:02:59 CEST    repeat=2 BBMSDppStepwise: status=ok
2026-07-28 00:02:59 CEST    repeat=2 DijkstraPrims: running...
2026-07-28 00:02:59 CEST    repeat=2 DijkstraPrims: status=ok
2026-07-28 00:02:59 CEST  op-count pass
2026-07-28 00:02:59 CEST    BBMSCore: running...
2026-07-28 00:03:15 CEST    BBMSCore: status=ok
2026-07-28 00:03:15 CEST    BBMSInter: running...
2026-07-28 00:03:19 CEST    BBMSInter: status=ok
2026-07-28 00:03:19 CEST    BBMSDppInstant: running...
2026-07-28 00:03:25 CEST    BBMSDppInstant: status=ok
2026-07-28 00:03:25 CEST    BBMSDppStepwise: running...
2026-07-28 00:03:31 CEST    BBMSDppStepwise: status=ok
2026-07-28 00:03:31 CEST    DijkstraPrims: running...
2026-07-28 00:03:31 CEST    DijkstraPrims: status=ok
2026-07-28 00:03:31 CEST  cross-algorithm agreement: ok
2026-07-28 00:03:31 CEST  sample=2
2026-07-28 00:03:31 CEST  runtime/memory pass
2026-07-28 00:03:31 CEST    repeat=0 BBMSCore: running...
2026-07-28 00:03:47 CEST    repeat=0 BBMSCore: status=ok
2026-07-28 00:03:48 CEST    repeat=0 BBMSInter: running...
2026-07-28 00:03:52 CEST    repeat=0 BBMSInter: status=ok
2026-07-28 00:03:52 CEST    repeat=0 BBMSDppInstant: running...
2026-07-28 00:03:58 CEST    repeat=0 BBMSDppInstant: status=ok
2026-07-28 00:03:58 CEST    repeat=0 BBMSDppStepwise: running...
2026-07-28 00:04:03 CEST    repeat=0 BBMSDppStepwise: status=ok
2026-07-28 00:04:03 CEST    repeat=0 DijkstraPrims: running...
2026-07-28 00:04:03 CEST    repeat=0 DijkstraPrims: status=ok
2026-07-28 00:04:03 CEST    repeat=1 BBMSCore: running...
2026-07-28 00:04:20 CEST    repeat=1 BBMSCore: status=ok
2026-07-28 00:04:20 CEST    repeat=1 BBMSInter: running...
2026-07-28 00:04:24 CEST    repeat=1 BBMSInter: status=ok
2026-07-28 00:04:24 CEST    repeat=1 BBMSDppInstant: running...
2026-07-28 00:04:30 CEST    repeat=1 BBMSDppInstant: status=ok
2026-07-28 00:04:30 CEST    repeat=1 BBMSDppStepwise: running...
2026-07-28 00:04:36 CEST    repeat=1 BBMSDppStepwise: status=ok
2026-07-28 00:04:36 CEST    repeat=1 DijkstraPrims: running...
2026-07-28 00:04:36 CEST    repeat=1 DijkstraPrims: status=ok
2026-07-28 00:04:36 CEST    repeat=2 BBMSCore: running...
2026-07-28 00:04:52 CEST    repeat=2 BBMSCore: status=ok
2026-07-28 00:04:52 CEST    repeat=2 BBMSInter: running...
2026-07-28 00:04:57 CEST    repeat=2 BBMSInter: status=ok
2026-07-28 00:04:57 CEST    repeat=2 BBMSDppInstant: running...
2026-07-28 00:05:02 CEST    repeat=2 BBMSDppInstant: status=ok
2026-07-28 00:05:02 CEST    repeat=2 BBMSDppStepwise: running...
2026-07-28 00:05:08 CEST    repeat=2 BBMSDppStepwise: status=ok
2026-07-28 00:05:08 CEST    repeat=2 DijkstraPrims: running...
2026-07-28 00:05:08 CEST    repeat=2 DijkstraPrims: status=ok
2026-07-28 00:05:08 CEST  op-count pass
2026-07-28 00:05:08 CEST    BBMSCore: running...
2026-07-28 00:05:25 CEST    BBMSCore: status=ok
2026-07-28 00:05:25 CEST    BBMSInter: running...
2026-07-28 00:05:29 CEST    BBMSInter: status=ok
2026-07-28 00:05:29 CEST    BBMSDppInstant: running...
2026-07-28 00:05:35 CEST    BBMSDppInstant: status=ok
2026-07-28 00:05:35 CEST    BBMSDppStepwise: running...
2026-07-28 00:05:41 CEST    BBMSDppStepwise: status=ok
2026-07-28 00:05:41 CEST    DijkstraPrims: running...
2026-07-28 00:05:41 CEST    DijkstraPrims: status=ok
2026-07-28 00:05:41 CEST  cross-algorithm agreement: ok
2026-07-28 00:05:41 CEST  sample=3
2026-07-28 00:05:41 CEST  runtime/memory pass
2026-07-28 00:05:41 CEST    repeat=0 BBMSCore: running...
2026-07-28 00:05:56 CEST    repeat=0 BBMSCore: status=ok
2026-07-28 00:05:56 CEST    repeat=0 BBMSInter: running...
2026-07-28 00:06:01 CEST    repeat=0 BBMSInter: status=ok
2026-07-28 00:06:01 CEST    repeat=0 BBMSDppInstant: running...
2026-07-28 00:06:06 CEST    repeat=0 BBMSDppInstant: status=ok
2026-07-28 00:06:06 CEST    repeat=0 BBMSDppStepwise: running...
2026-07-28 00:06:12 CEST    repeat=0 BBMSDppStepwise: status=ok
2026-07-28 00:06:12 CEST    repeat=0 DijkstraPrims: running...
2026-07-28 00:06:12 CEST    repeat=0 DijkstraPrims: status=ok
2026-07-28 00:06:12 CEST    repeat=1 BBMSCore: running...
2026-07-28 00:06:27 CEST    repeat=1 BBMSCore: status=ok
2026-07-28 00:06:27 CEST    repeat=1 BBMSInter: running...
2026-07-28 00:06:32 CEST    repeat=1 BBMSInter: status=ok
2026-07-28 00:06:32 CEST    repeat=1 BBMSDppInstant: running...
2026-07-28 00:06:37 CEST    repeat=1 BBMSDppInstant: status=ok
2026-07-28 00:06:37 CEST    repeat=1 BBMSDppStepwise: running...
2026-07-28 00:06:43 CEST    repeat=1 BBMSDppStepwise: status=ok
2026-07-28 00:06:43 CEST    repeat=1 DijkstraPrims: running...
2026-07-28 00:06:43 CEST    repeat=1 DijkstraPrims: status=ok
2026-07-28 00:06:43 CEST    repeat=2 BBMSCore: running...
2026-07-28 00:06:58 CEST    repeat=2 BBMSCore: status=ok
2026-07-28 00:06:58 CEST    repeat=2 BBMSInter: running...
2026-07-28 00:07:02 CEST    repeat=2 BBMSInter: status=ok
2026-07-28 00:07:02 CEST    repeat=2 BBMSDppInstant: running...
2026-07-28 00:07:08 CEST    repeat=2 BBMSDppInstant: status=ok
2026-07-28 00:07:08 CEST    repeat=2 BBMSDppStepwise: running...
2026-07-28 00:07:14 CEST    repeat=2 BBMSDppStepwise: status=ok
2026-07-28 00:07:14 CEST    repeat=2 DijkstraPrims: running...
2026-07-28 00:07:14 CEST    repeat=2 DijkstraPrims: status=ok
2026-07-28 00:07:14 CEST  op-count pass
2026-07-28 00:07:14 CEST    BBMSCore: running...
2026-07-28 00:07:29 CEST    BBMSCore: status=ok
2026-07-28 00:07:29 CEST    BBMSInter: running...
2026-07-28 00:07:33 CEST    BBMSInter: status=ok
2026-07-28 00:07:33 CEST    BBMSDppInstant: running...
2026-07-28 00:07:39 CEST    BBMSDppInstant: status=ok
2026-07-28 00:07:39 CEST    BBMSDppStepwise: running...
2026-07-28 00:07:45 CEST    BBMSDppStepwise: status=ok
2026-07-28 00:07:45 CEST    DijkstraPrims: running...
2026-07-28 00:07:45 CEST    DijkstraPrims: status=ok
2026-07-28 00:07:45 CEST  cross-algorithm agreement: ok
2026-07-28 00:07:45 CEST  sample=4
2026-07-28 00:07:45 CEST  runtime/memory pass
2026-07-28 00:07:45 CEST    repeat=0 BBMSCore: running...
2026-07-28 00:08:02 CEST    repeat=0 BBMSCore: status=ok
2026-07-28 00:08:02 CEST    repeat=0 BBMSInter: running...
2026-07-28 00:08:06 CEST    repeat=0 BBMSInter: status=ok
2026-07-28 00:08:06 CEST    repeat=0 BBMSDppInstant: running...
2026-07-28 00:08:12 CEST    repeat=0 BBMSDppInstant: status=ok
2026-07-28 00:08:12 CEST    repeat=0 BBMSDppStepwise: running...
2026-07-28 00:08:18 CEST    repeat=0 BBMSDppStepwise: status=ok
2026-07-28 00:08:18 CEST    repeat=0 DijkstraPrims: running...
2026-07-28 00:08:18 CEST    repeat=0 DijkstraPrims: status=ok
2026-07-28 00:08:18 CEST    repeat=1 BBMSCore: running...
2026-07-28 00:08:35 CEST    repeat=1 BBMSCore: status=ok
2026-07-28 00:08:35 CEST    repeat=1 BBMSInter: running...
2026-07-28 00:08:39 CEST    repeat=1 BBMSInter: status=ok
2026-07-28 00:08:39 CEST    repeat=1 BBMSDppInstant: running...
2026-07-28 00:08:45 CEST    repeat=1 BBMSDppInstant: status=ok
2026-07-28 00:08:45 CEST    repeat=1 BBMSDppStepwise: running...
2026-07-28 00:08:50 CEST    repeat=1 BBMSDppStepwise: status=ok
2026-07-28 00:08:50 CEST    repeat=1 DijkstraPrims: running...
2026-07-28 00:08:50 CEST    repeat=1 DijkstraPrims: status=ok
2026-07-28 00:08:50 CEST    repeat=2 BBMSCore: running...
2026-07-28 00:09:08 CEST    repeat=2 BBMSCore: status=ok
2026-07-28 00:09:08 CEST    repeat=2 BBMSInter: running...
2026-07-28 00:09:12 CEST    repeat=2 BBMSInter: status=ok
2026-07-28 00:09:12 CEST    repeat=2 BBMSDppInstant: running...
2026-07-28 00:09:18 CEST    repeat=2 BBMSDppInstant: status=ok
2026-07-28 00:09:18 CEST    repeat=2 BBMSDppStepwise: running...
2026-07-28 00:09:23 CEST    repeat=2 BBMSDppStepwise: status=ok
2026-07-28 00:09:23 CEST    repeat=2 DijkstraPrims: running...
2026-07-28 00:09:23 CEST    repeat=2 DijkstraPrims: status=ok
2026-07-28 00:09:23 CEST  op-count pass
2026-07-28 00:09:23 CEST    BBMSCore: running...
2026-07-28 00:09:41 CEST    BBMSCore: status=ok
2026-07-28 00:09:41 CEST    BBMSInter: running...
2026-07-28 00:09:45 CEST    BBMSInter: status=ok
2026-07-28 00:09:45 CEST    BBMSDppInstant: running...
2026-07-28 00:09:51 CEST    BBMSDppInstant: status=ok
2026-07-28 00:09:51 CEST    BBMSDppStepwise: running...
2026-07-28 00:09:57 CEST    BBMSDppStepwise: status=ok
2026-07-28 00:09:57 CEST    DijkstraPrims: running...
2026-07-28 00:09:57 CEST    DijkstraPrims: status=ok
2026-07-28 00:09:57 CEST  cross-algorithm agreement: ok
2026-07-28 00:09:57 CEST  --- N=6500 ---
2026-07-28 00:09:57 CEST  sample=0
2026-07-28 00:09:57 CEST  runtime/memory pass
2026-07-28 00:09:57 CEST    repeat=0 BBMSCore: running...
2026-07-28 00:11:01 CEST    repeat=0 BBMSCore: status=ok
2026-07-28 00:11:01 CEST    repeat=0 BBMSInter: running...
2026-07-28 00:11:16 CEST    repeat=0 BBMSInter: status=ok
2026-07-28 00:11:16 CEST    repeat=0 BBMSDppInstant: running...
2026-07-28 00:11:34 CEST    repeat=0 BBMSDppInstant: status=ok
2026-07-28 00:11:34 CEST    repeat=0 BBMSDppStepwise: running...
2026-07-28 00:11:51 CEST    repeat=0 BBMSDppStepwise: status=ok
2026-07-28 00:11:51 CEST    repeat=0 DijkstraPrims: running...
2026-07-28 00:11:51 CEST    repeat=0 DijkstraPrims: status=ok
2026-07-28 00:11:51 CEST    repeat=1 BBMSCore: running...
2026-07-28 00:12:55 CEST    repeat=1 BBMSCore: status=ok
2026-07-28 00:12:55 CEST    repeat=1 BBMSInter: running...
2026-07-28 00:13:11 CEST    repeat=1 BBMSInter: status=ok
2026-07-28 00:13:11 CEST    repeat=1 BBMSDppInstant: running...
2026-07-28 00:13:28 CEST    repeat=1 BBMSDppInstant: status=ok
2026-07-28 00:13:28 CEST    repeat=1 BBMSDppStepwise: running...
2026-07-28 00:13:45 CEST    repeat=1 BBMSDppStepwise: status=ok
2026-07-28 00:13:45 CEST    repeat=1 DijkstraPrims: running...
2026-07-28 00:13:45 CEST    repeat=1 DijkstraPrims: status=ok
2026-07-28 00:13:45 CEST    repeat=2 BBMSCore: running...
2026-07-28 00:14:50 CEST    repeat=2 BBMSCore: status=ok
2026-07-28 00:14:50 CEST    repeat=2 BBMSInter: running...
2026-07-28 00:15:05 CEST    repeat=2 BBMSInter: status=ok
2026-07-28 00:15:05 CEST    repeat=2 BBMSDppInstant: running...
2026-07-28 00:15:23 CEST    repeat=2 BBMSDppInstant: status=ok
2026-07-28 00:15:23 CEST    repeat=2 BBMSDppStepwise: running...
2026-07-28 00:15:40 CEST    repeat=2 BBMSDppStepwise: status=ok
2026-07-28 00:15:40 CEST    repeat=2 DijkstraPrims: running...
2026-07-28 00:15:40 CEST    repeat=2 DijkstraPrims: status=ok
2026-07-28 00:15:40 CEST  op-count pass
2026-07-28 00:15:40 CEST    BBMSCore: running...
2026-07-28 00:16:44 CEST    BBMSCore: status=ok
2026-07-28 00:16:44 CEST    BBMSInter: running...
2026-07-28 00:17:00 CEST    BBMSInter: status=ok
2026-07-28 00:17:00 CEST    BBMSDppInstant: running...
2026-07-28 00:17:18 CEST    BBMSDppInstant: status=ok
2026-07-28 00:17:18 CEST    BBMSDppStepwise: running...
2026-07-28 00:17:35 CEST    BBMSDppStepwise: status=ok
2026-07-28 00:17:35 CEST    DijkstraPrims: running...
2026-07-28 00:17:35 CEST    DijkstraPrims: status=ok
2026-07-28 00:17:35 CEST  cross-algorithm agreement: ok
2026-07-28 00:17:35 CEST  sample=1
2026-07-28 00:17:35 CEST  runtime/memory pass
2026-07-28 00:17:35 CEST    repeat=0 BBMSCore: running...
2026-07-28 00:18:41 CEST    repeat=0 BBMSCore: status=ok
2026-07-28 00:18:41 CEST    repeat=0 BBMSInter: running...
2026-07-28 00:18:56 CEST    repeat=0 BBMSInter: status=ok
2026-07-28 00:18:56 CEST    repeat=0 BBMSDppInstant: running...
2026-07-28 00:19:14 CEST    repeat=0 BBMSDppInstant: status=ok
2026-07-28 00:19:14 CEST    repeat=0 BBMSDppStepwise: running...
2026-07-28 00:19:31 CEST    repeat=0 BBMSDppStepwise: status=ok
2026-07-28 00:19:31 CEST    repeat=0 DijkstraPrims: running...
2026-07-28 00:19:31 CEST    repeat=0 DijkstraPrims: status=ok
2026-07-28 00:19:31 CEST    repeat=1 BBMSCore: running...
2026-07-28 00:20:37 CEST    repeat=1 BBMSCore: status=ok
2026-07-28 00:20:37 CEST    repeat=1 BBMSInter: running...
2026-07-28 00:20:52 CEST    repeat=1 BBMSInter: status=ok
2026-07-28 00:20:52 CEST    repeat=1 BBMSDppInstant: running...
2026-07-28 00:21:09 CEST    repeat=1 BBMSDppInstant: status=ok
2026-07-28 00:21:09 CEST    repeat=1 BBMSDppStepwise: running...
2026-07-28 00:21:26 CEST    repeat=1 BBMSDppStepwise: status=ok
2026-07-28 00:21:26 CEST    repeat=1 DijkstraPrims: running...
2026-07-28 00:21:26 CEST    repeat=1 DijkstraPrims: status=ok
2026-07-28 00:21:26 CEST    repeat=2 BBMSCore: running...
2026-07-28 00:22:32 CEST    repeat=2 BBMSCore: status=ok
2026-07-28 00:22:32 CEST    repeat=2 BBMSInter: running...
2026-07-28 00:22:47 CEST    repeat=2 BBMSInter: status=ok
2026-07-28 00:22:47 CEST    repeat=2 BBMSDppInstant: running...
2026-07-28 00:23:05 CEST    repeat=2 BBMSDppInstant: status=ok
2026-07-28 00:23:05 CEST    repeat=2 BBMSDppStepwise: running...
2026-07-28 00:23:22 CEST    repeat=2 BBMSDppStepwise: status=ok
2026-07-28 00:23:22 CEST    repeat=2 DijkstraPrims: running...
2026-07-28 00:23:22 CEST    repeat=2 DijkstraPrims: status=ok
2026-07-28 00:23:22 CEST  op-count pass
2026-07-28 00:23:22 CEST    BBMSCore: running...
2026-07-28 00:24:28 CEST    BBMSCore: status=ok
2026-07-28 00:24:28 CEST    BBMSInter: running...
2026-07-28 00:24:44 CEST    BBMSInter: status=ok
2026-07-28 00:24:44 CEST    BBMSDppInstant: running...
2026-07-28 00:25:02 CEST    BBMSDppInstant: status=ok
2026-07-28 00:25:02 CEST    BBMSDppStepwise: running...
2026-07-28 00:25:19 CEST    BBMSDppStepwise: status=ok
2026-07-28 00:25:19 CEST    DijkstraPrims: running...
2026-07-28 00:25:19 CEST    DijkstraPrims: status=ok
2026-07-28 00:25:19 CEST  cross-algorithm agreement: ok
2026-07-28 00:25:19 CEST  sample=2
2026-07-28 00:25:19 CEST  runtime/memory pass
2026-07-28 00:25:19 CEST    repeat=0 BBMSCore: running...
2026-07-28 00:26:22 CEST    repeat=0 BBMSCore: status=ok
2026-07-28 00:26:22 CEST    repeat=0 BBMSInter: running...
2026-07-28 00:26:37 CEST    repeat=0 BBMSInter: status=ok
2026-07-28 00:26:37 CEST    repeat=0 BBMSDppInstant: running...
2026-07-28 00:26:55 CEST    repeat=0 BBMSDppInstant: status=ok
2026-07-28 00:26:55 CEST    repeat=0 BBMSDppStepwise: running...
2026-07-28 00:27:12 CEST    repeat=0 BBMSDppStepwise: status=ok
2026-07-28 00:27:12 CEST    repeat=0 DijkstraPrims: running...
2026-07-28 00:27:12 CEST    repeat=0 DijkstraPrims: status=ok
2026-07-28 00:27:12 CEST    repeat=1 BBMSCore: running...
2026-07-28 00:28:15 CEST    repeat=1 BBMSCore: status=ok
2026-07-28 00:28:15 CEST    repeat=1 BBMSInter: running...
2026-07-28 00:28:30 CEST    repeat=1 BBMSInter: status=ok
2026-07-28 00:28:30 CEST    repeat=1 BBMSDppInstant: running...
2026-07-28 00:28:47 CEST    repeat=1 BBMSDppInstant: status=ok
2026-07-28 00:28:47 CEST    repeat=1 BBMSDppStepwise: running...
2026-07-28 00:29:04 CEST    repeat=1 BBMSDppStepwise: status=ok
2026-07-28 00:29:04 CEST    repeat=1 DijkstraPrims: running...
2026-07-28 00:29:04 CEST    repeat=1 DijkstraPrims: status=ok
2026-07-28 00:29:04 CEST    repeat=2 BBMSCore: running...
2026-07-28 00:30:08 CEST    repeat=2 BBMSCore: status=ok
2026-07-28 00:30:08 CEST    repeat=2 BBMSInter: running...
2026-07-28 00:30:22 CEST    repeat=2 BBMSInter: status=ok
2026-07-28 00:30:22 CEST    repeat=2 BBMSDppInstant: running...
2026-07-28 00:30:40 CEST    repeat=2 BBMSDppInstant: status=ok
2026-07-28 00:30:40 CEST    repeat=2 BBMSDppStepwise: running...
2026-07-28 00:30:57 CEST    repeat=2 BBMSDppStepwise: status=ok
2026-07-28 00:30:57 CEST    repeat=2 DijkstraPrims: running...
2026-07-28 00:30:57 CEST    repeat=2 DijkstraPrims: status=ok
2026-07-28 00:30:57 CEST  op-count pass
2026-07-28 00:30:57 CEST    BBMSCore: running...
2026-07-28 00:32:01 CEST    BBMSCore: status=ok
2026-07-28 00:32:01 CEST    BBMSInter: running...
2026-07-28 00:32:17 CEST    BBMSInter: status=ok
2026-07-28 00:32:17 CEST    BBMSDppInstant: running...
2026-07-28 00:32:35 CEST    BBMSDppInstant: status=ok
2026-07-28 00:32:35 CEST    BBMSDppStepwise: running...
2026-07-28 00:32:52 CEST    BBMSDppStepwise: status=ok
2026-07-28 00:32:52 CEST    DijkstraPrims: running...
2026-07-28 00:32:52 CEST    DijkstraPrims: status=ok
2026-07-28 00:32:52 CEST  cross-algorithm agreement: ok
2026-07-28 00:32:52 CEST  sample=3
2026-07-28 00:32:52 CEST  runtime/memory pass
2026-07-28 00:32:52 CEST    repeat=0 BBMSCore: running...
2026-07-28 00:34:03 CEST    repeat=0 BBMSCore: status=ok
2026-07-28 00:34:03 CEST    repeat=0 BBMSInter: running...
2026-07-28 00:34:18 CEST    repeat=0 BBMSInter: status=ok
2026-07-28 00:34:18 CEST    repeat=0 BBMSDppInstant: running...
2026-07-28 00:34:36 CEST    repeat=0 BBMSDppInstant: status=ok
2026-07-28 00:34:36 CEST    repeat=0 BBMSDppStepwise: running...
2026-07-28 00:34:53 CEST    repeat=0 BBMSDppStepwise: status=ok
2026-07-28 00:34:53 CEST    repeat=0 DijkstraPrims: running...
2026-07-28 00:34:53 CEST    repeat=0 DijkstraPrims: status=ok
2026-07-28 00:34:53 CEST    repeat=1 BBMSCore: running...
2026-07-28 00:36:03 CEST    repeat=1 BBMSCore: status=ok
2026-07-28 00:36:03 CEST    repeat=1 BBMSInter: running...
2026-07-28 00:36:18 CEST    repeat=1 BBMSInter: status=ok
2026-07-28 00:36:18 CEST    repeat=1 BBMSDppInstant: running...
2026-07-28 00:36:36 CEST    repeat=1 BBMSDppInstant: status=ok
2026-07-28 00:36:36 CEST    repeat=1 BBMSDppStepwise: running...
2026-07-28 00:36:53 CEST    repeat=1 BBMSDppStepwise: status=ok
2026-07-28 00:36:53 CEST    repeat=1 DijkstraPrims: running...
2026-07-28 00:36:53 CEST    repeat=1 DijkstraPrims: status=ok
2026-07-28 00:36:53 CEST    repeat=2 BBMSCore: running...
2026-07-28 00:38:00 CEST    repeat=2 BBMSCore: status=ok
2026-07-28 00:38:00 CEST    repeat=2 BBMSInter: running...
2026-07-28 00:38:14 CEST    repeat=2 BBMSInter: status=ok
2026-07-28 00:38:14 CEST    repeat=2 BBMSDppInstant: running...
2026-07-28 00:38:32 CEST    repeat=2 BBMSDppInstant: status=ok
2026-07-28 00:38:32 CEST    repeat=2 BBMSDppStepwise: running...
2026-07-28 00:38:48 CEST    repeat=2 BBMSDppStepwise: status=ok
2026-07-28 00:38:48 CEST    repeat=2 DijkstraPrims: running...
2026-07-28 00:38:49 CEST    repeat=2 DijkstraPrims: status=ok
2026-07-28 00:38:49 CEST  op-count pass
2026-07-28 00:38:49 CEST    BBMSCore: running...
2026-07-28 00:39:56 CEST    BBMSCore: status=ok
2026-07-28 00:39:56 CEST    BBMSInter: running...
2026-07-28 00:40:11 CEST    BBMSInter: status=ok
2026-07-28 00:40:11 CEST    BBMSDppInstant: running...
2026-07-28 00:40:29 CEST    BBMSDppInstant: status=ok
2026-07-28 00:40:29 CEST    BBMSDppStepwise: running...
2026-07-28 00:40:46 CEST    BBMSDppStepwise: status=ok
2026-07-28 00:40:46 CEST    DijkstraPrims: running...
2026-07-28 00:40:46 CEST    DijkstraPrims: status=ok
2026-07-28 00:40:46 CEST  cross-algorithm agreement: ok
2026-07-28 00:40:46 CEST  sample=4
2026-07-28 00:40:46 CEST  runtime/memory pass
2026-07-28 00:40:46 CEST    repeat=0 BBMSCore: running...
2026-07-28 00:42:00 CEST    repeat=0 BBMSCore: status=ok
2026-07-28 00:42:00 CEST    repeat=0 BBMSInter: running...
2026-07-28 00:42:16 CEST    repeat=0 BBMSInter: status=ok
2026-07-28 00:42:16 CEST    repeat=0 BBMSDppInstant: running...
2026-07-28 00:42:34 CEST    repeat=0 BBMSDppInstant: status=ok
2026-07-28 00:42:34 CEST    repeat=0 BBMSDppStepwise: running...
2026-07-28 00:42:51 CEST    repeat=0 BBMSDppStepwise: status=ok
2026-07-28 00:42:51 CEST    repeat=0 DijkstraPrims: running...
2026-07-28 00:42:51 CEST    repeat=0 DijkstraPrims: status=ok
2026-07-28 00:42:51 CEST    repeat=1 BBMSCore: running...
2026-07-28 00:44:05 CEST    repeat=1 BBMSCore: status=ok
2026-07-28 00:44:05 CEST    repeat=1 BBMSInter: running...
2026-07-28 00:44:22 CEST    repeat=1 BBMSInter: status=ok
2026-07-28 00:44:22 CEST    repeat=1 BBMSDppInstant: running...
2026-07-28 00:44:39 CEST    repeat=1 BBMSDppInstant: status=ok
2026-07-28 00:44:39 CEST    repeat=1 BBMSDppStepwise: running...
2026-07-28 00:44:56 CEST    repeat=1 BBMSDppStepwise: status=ok
2026-07-28 00:44:56 CEST    repeat=1 DijkstraPrims: running...
2026-07-28 00:44:56 CEST    repeat=1 DijkstraPrims: status=ok
2026-07-28 00:44:56 CEST    repeat=2 BBMSCore: running...
2026-07-28 00:46:11 CEST    repeat=2 BBMSCore: status=ok
2026-07-28 00:46:11 CEST    repeat=2 BBMSInter: running...
2026-07-28 00:46:28 CEST    repeat=2 BBMSInter: status=ok
2026-07-28 00:46:28 CEST    repeat=2 BBMSDppInstant: running...
2026-07-28 00:46:46 CEST    repeat=2 BBMSDppInstant: status=ok
2026-07-28 00:46:46 CEST    repeat=2 BBMSDppStepwise: running...
2026-07-28 00:47:03 CEST    repeat=2 BBMSDppStepwise: status=ok
2026-07-28 00:47:03 CEST    repeat=2 DijkstraPrims: running...
2026-07-28 00:47:03 CEST    repeat=2 DijkstraPrims: status=ok
2026-07-28 00:47:03 CEST  op-count pass
2026-07-28 00:47:03 CEST    BBMSCore: running...
2026-07-28 00:48:17 CEST    BBMSCore: status=ok
2026-07-28 00:48:17 CEST    BBMSInter: running...
2026-07-28 00:48:34 CEST    BBMSInter: status=ok
2026-07-28 00:48:34 CEST    BBMSDppInstant: running...
2026-07-28 00:48:52 CEST    BBMSDppInstant: status=ok
2026-07-28 00:48:52 CEST    BBMSDppStepwise: running...
2026-07-28 00:49:09 CEST    BBMSDppStepwise: status=ok
2026-07-28 00:49:09 CEST    DijkstraPrims: running...
2026-07-28 00:49:09 CEST    DijkstraPrims: status=ok
2026-07-28 00:49:09 CEST  cross-algorithm agreement: ok
2026-07-28 00:49:09 CEST  --- N=11000 ---
2026-07-28 00:49:09 CEST  sample=0
2026-07-28 00:49:09 CEST  runtime/memory pass
2026-07-28 00:49:09 CEST    repeat=0 BBMSCore: running...
2026-07-28 00:52:09 CEST    repeat=0 BBMSCore: status=timeout
2026-07-28 00:52:09 CEST    repeat=0 BBMSInter: running...
2026-07-28 00:53:13 CEST    repeat=0 BBMSInter: status=ok
2026-07-28 00:53:13 CEST    repeat=0 BBMSDppInstant: running...
2026-07-28 00:54:24 CEST    repeat=0 BBMSDppInstant: status=ok
2026-07-28 00:54:24 CEST    repeat=0 BBMSDppStepwise: running...
2026-07-28 00:55:18 CEST    repeat=0 BBMSDppStepwise: status=ok
2026-07-28 00:55:18 CEST    repeat=0 DijkstraPrims: running...
2026-07-28 00:55:18 CEST    repeat=0 DijkstraPrims: status=ok
2026-07-28 00:55:18 CEST    repeat=1 BBMSCore: SKIP (walled at N=11000)
2026-07-28 00:55:18 CEST    repeat=1 BBMSInter: running...
2026-07-28 00:56:21 CEST    repeat=1 BBMSInter: status=ok
2026-07-28 00:56:21 CEST    repeat=1 BBMSDppInstant: running...
2026-07-28 00:57:33 CEST    repeat=1 BBMSDppInstant: status=ok
2026-07-28 00:57:33 CEST    repeat=1 BBMSDppStepwise: running...
2026-07-28 00:58:26 CEST    repeat=1 BBMSDppStepwise: status=ok
2026-07-28 00:58:26 CEST    repeat=1 DijkstraPrims: running...
2026-07-28 00:58:26 CEST    repeat=1 DijkstraPrims: status=ok
2026-07-28 00:58:26 CEST    repeat=2 BBMSCore: SKIP (walled at N=11000)
2026-07-28 00:58:26 CEST    repeat=2 BBMSInter: running...
2026-07-28 00:59:29 CEST    repeat=2 BBMSInter: status=ok
2026-07-28 00:59:29 CEST    repeat=2 BBMSDppInstant: running...
2026-07-28 01:00:41 CEST    repeat=2 BBMSDppInstant: status=ok
2026-07-28 01:00:41 CEST    repeat=2 BBMSDppStepwise: running...
2026-07-28 01:01:34 CEST    repeat=2 BBMSDppStepwise: status=ok
2026-07-28 01:01:34 CEST    repeat=2 DijkstraPrims: running...
2026-07-28 01:01:34 CEST    repeat=2 DijkstraPrims: status=ok
2026-07-28 01:01:34 CEST  op-count pass
2026-07-28 01:01:34 CEST    BBMSCore: SKIP (walled at N=11000)
2026-07-28 01:01:34 CEST    BBMSInter: running...
2026-07-28 01:02:38 CEST    BBMSInter: status=ok
2026-07-28 01:02:38 CEST    BBMSDppInstant: running...
2026-07-28 01:03:50 CEST    BBMSDppInstant: status=ok
2026-07-28 01:03:50 CEST    BBMSDppStepwise: running...
2026-07-28 01:04:44 CEST    BBMSDppStepwise: status=ok
2026-07-28 01:04:44 CEST    DijkstraPrims: running...
2026-07-28 01:04:44 CEST    DijkstraPrims: status=ok
2026-07-28 01:04:44 CEST  cross-algorithm agreement: ok
2026-07-28 01:04:44 CEST  sample=1
2026-07-28 01:04:44 CEST  runtime/memory pass
2026-07-28 01:04:44 CEST    repeat=0 BBMSCore: SKIP (walled at N=11000)
2026-07-28 01:04:44 CEST    repeat=0 BBMSInter: running...
2026-07-28 01:05:50 CEST    repeat=0 BBMSInter: status=ok
2026-07-28 01:05:50 CEST    repeat=0 BBMSDppInstant: running...
2026-07-28 01:07:02 CEST    repeat=0 BBMSDppInstant: status=ok
2026-07-28 01:07:02 CEST    repeat=0 BBMSDppStepwise: running...
2026-07-28 01:07:55 CEST    repeat=0 BBMSDppStepwise: status=ok
2026-07-28 01:07:55 CEST    repeat=0 DijkstraPrims: running...
2026-07-28 01:07:55 CEST    repeat=0 DijkstraPrims: status=ok
2026-07-28 01:07:55 CEST    repeat=1 BBMSCore: SKIP (walled at N=11000)
2026-07-28 01:07:55 CEST    repeat=1 BBMSInter: running...
2026-07-28 01:09:01 CEST    repeat=1 BBMSInter: status=ok
2026-07-28 01:09:01 CEST    repeat=1 BBMSDppInstant: running...
2026-07-28 01:10:13 CEST    repeat=1 BBMSDppInstant: status=ok
2026-07-28 01:10:13 CEST    repeat=1 BBMSDppStepwise: running...
2026-07-28 01:11:06 CEST    repeat=1 BBMSDppStepwise: status=ok
2026-07-28 01:11:06 CEST    repeat=1 DijkstraPrims: running...
2026-07-28 01:11:06 CEST    repeat=1 DijkstraPrims: status=ok
2026-07-28 01:11:06 CEST    repeat=2 BBMSCore: SKIP (walled at N=11000)
2026-07-28 01:11:06 CEST    repeat=2 BBMSInter: running...
2026-07-28 01:12:12 CEST    repeat=2 BBMSInter: status=ok
2026-07-28 01:12:12 CEST    repeat=2 BBMSDppInstant: running...
2026-07-28 01:13:24 CEST    repeat=2 BBMSDppInstant: status=ok
2026-07-28 01:13:24 CEST    repeat=2 BBMSDppStepwise: running...
2026-07-28 01:14:17 CEST    repeat=2 BBMSDppStepwise: status=ok
2026-07-28 01:14:17 CEST    repeat=2 DijkstraPrims: running...
2026-07-28 01:14:17 CEST    repeat=2 DijkstraPrims: status=ok
2026-07-28 01:14:17 CEST  op-count pass
2026-07-28 01:14:17 CEST    BBMSCore: SKIP (walled at N=11000)
2026-07-28 01:14:17 CEST    BBMSInter: running...
2026-07-28 01:15:24 CEST    BBMSInter: status=ok
2026-07-28 01:15:24 CEST    BBMSDppInstant: running...
2026-07-28 01:16:37 CEST    BBMSDppInstant: status=ok
2026-07-28 01:16:37 CEST    BBMSDppStepwise: running...
2026-07-28 01:17:31 CEST    BBMSDppStepwise: status=ok
2026-07-28 01:17:31 CEST    DijkstraPrims: running...
2026-07-28 01:17:31 CEST    DijkstraPrims: status=ok
2026-07-28 01:17:31 CEST  cross-algorithm agreement: ok
2026-07-28 01:17:31 CEST  sample=2
2026-07-28 01:17:31 CEST  runtime/memory pass
2026-07-28 01:17:31 CEST    repeat=0 BBMSCore: SKIP (walled at N=11000)
2026-07-28 01:17:31 CEST    repeat=0 BBMSInter: running...
2026-07-28 01:18:25 CEST    repeat=0 BBMSInter: status=ok
2026-07-28 01:18:25 CEST    repeat=0 BBMSDppInstant: running...
2026-07-28 01:19:35 CEST    repeat=0 BBMSDppInstant: status=ok
2026-07-28 01:19:35 CEST    repeat=0 BBMSDppStepwise: running...
2026-07-28 01:20:28 CEST    repeat=0 BBMSDppStepwise: status=ok
2026-07-28 01:20:28 CEST    repeat=0 DijkstraPrims: running...
2026-07-28 01:20:28 CEST    repeat=0 DijkstraPrims: status=ok
2026-07-28 01:20:28 CEST    repeat=1 BBMSCore: SKIP (walled at N=11000)
2026-07-28 01:20:28 CEST    repeat=1 BBMSInter: running...
2026-07-28 01:21:23 CEST    repeat=1 BBMSInter: status=ok
2026-07-28 01:21:23 CEST    repeat=1 BBMSDppInstant: running...
2026-07-28 01:22:33 CEST    repeat=1 BBMSDppInstant: status=ok
2026-07-28 01:22:33 CEST    repeat=1 BBMSDppStepwise: running...
2026-07-28 01:23:25 CEST    repeat=1 BBMSDppStepwise: status=ok
2026-07-28 01:23:25 CEST    repeat=1 DijkstraPrims: running...
2026-07-28 01:23:25 CEST    repeat=1 DijkstraPrims: status=ok
2026-07-28 01:23:25 CEST    repeat=2 BBMSCore: SKIP (walled at N=11000)
2026-07-28 01:23:25 CEST    repeat=2 BBMSInter: running...
2026-07-28 01:24:20 CEST    repeat=2 BBMSInter: status=ok
2026-07-28 01:24:20 CEST    repeat=2 BBMSDppInstant: running...
2026-07-28 01:25:30 CEST    repeat=2 BBMSDppInstant: status=ok
2026-07-28 01:25:30 CEST    repeat=2 BBMSDppStepwise: running...
2026-07-28 01:26:22 CEST    repeat=2 BBMSDppStepwise: status=ok
2026-07-28 01:26:22 CEST    repeat=2 DijkstraPrims: running...
2026-07-28 01:26:22 CEST    repeat=2 DijkstraPrims: status=ok
2026-07-28 01:26:22 CEST  op-count pass
2026-07-28 01:26:22 CEST    BBMSCore: SKIP (walled at N=11000)
2026-07-28 01:26:22 CEST    BBMSInter: running...
2026-07-28 01:27:18 CEST    BBMSInter: status=ok
2026-07-28 01:27:18 CEST    BBMSDppInstant: running...
2026-07-28 01:28:30 CEST    BBMSDppInstant: status=ok
2026-07-28 01:28:30 CEST    BBMSDppStepwise: running...
2026-07-28 01:29:23 CEST    BBMSDppStepwise: status=ok
2026-07-28 01:29:23 CEST    DijkstraPrims: running...
2026-07-28 01:29:23 CEST    DijkstraPrims: status=ok
2026-07-28 01:29:23 CEST  cross-algorithm agreement: ok
2026-07-28 01:29:23 CEST  sample=3
2026-07-28 01:29:23 CEST  runtime/memory pass
2026-07-28 01:29:23 CEST    repeat=0 BBMSCore: SKIP (walled at N=11000)
2026-07-28 01:29:23 CEST    repeat=0 BBMSInter: running...
2026-07-28 01:30:18 CEST    repeat=0 BBMSInter: status=ok
2026-07-28 01:30:18 CEST    repeat=0 BBMSDppInstant: running...
2026-07-28 01:31:29 CEST    repeat=0 BBMSDppInstant: status=ok
2026-07-28 01:31:29 CEST    repeat=0 BBMSDppStepwise: running...
2026-07-28 01:32:22 CEST    repeat=0 BBMSDppStepwise: status=ok
2026-07-28 01:32:22 CEST    repeat=0 DijkstraPrims: running...
2026-07-28 01:32:22 CEST    repeat=0 DijkstraPrims: status=ok
2026-07-28 01:32:22 CEST    repeat=1 BBMSCore: SKIP (walled at N=11000)
2026-07-28 01:32:22 CEST    repeat=1 BBMSInter: running...
2026-07-28 01:33:17 CEST    repeat=1 BBMSInter: status=ok
2026-07-28 01:33:17 CEST    repeat=1 BBMSDppInstant: running...
2026-07-28 01:34:28 CEST    repeat=1 BBMSDppInstant: status=ok
2026-07-28 01:34:28 CEST    repeat=1 BBMSDppStepwise: running...
2026-07-28 01:35:20 CEST    repeat=1 BBMSDppStepwise: status=ok
2026-07-28 01:35:20 CEST    repeat=1 DijkstraPrims: running...
2026-07-28 01:35:21 CEST    repeat=1 DijkstraPrims: status=ok
2026-07-28 01:35:21 CEST    repeat=2 BBMSCore: SKIP (walled at N=11000)
2026-07-28 01:35:21 CEST    repeat=2 BBMSInter: running...
2026-07-28 01:36:15 CEST    repeat=2 BBMSInter: status=ok
2026-07-28 01:36:15 CEST    repeat=2 BBMSDppInstant: running...
2026-07-28 01:37:27 CEST    repeat=2 BBMSDppInstant: status=ok
2026-07-28 01:37:27 CEST    repeat=2 BBMSDppStepwise: running...
2026-07-28 01:38:19 CEST    repeat=2 BBMSDppStepwise: status=ok
2026-07-28 01:38:19 CEST    repeat=2 DijkstraPrims: running...
2026-07-28 01:38:19 CEST    repeat=2 DijkstraPrims: status=ok
2026-07-28 01:38:19 CEST  op-count pass
2026-07-28 01:38:19 CEST    BBMSCore: SKIP (walled at N=11000)
2026-07-28 01:38:19 CEST    BBMSInter: running...
2026-07-28 01:39:15 CEST    BBMSInter: status=ok
2026-07-28 01:39:15 CEST    BBMSDppInstant: running...
2026-07-28 01:40:27 CEST    BBMSDppInstant: status=ok
2026-07-28 01:40:27 CEST    BBMSDppStepwise: running...
2026-07-28 01:41:20 CEST    BBMSDppStepwise: status=ok
2026-07-28 01:41:20 CEST    DijkstraPrims: running...
2026-07-28 01:41:20 CEST    DijkstraPrims: status=ok
2026-07-28 01:41:20 CEST  cross-algorithm agreement: ok
2026-07-28 01:41:20 CEST  sample=4
2026-07-28 01:41:20 CEST  runtime/memory pass
2026-07-28 01:41:20 CEST    repeat=0 BBMSCore: SKIP (walled at N=11000)
2026-07-28 01:41:20 CEST    repeat=0 BBMSInter: running...
2026-07-28 01:42:12 CEST    repeat=0 BBMSInter: status=ok
2026-07-28 01:42:12 CEST    repeat=0 BBMSDppInstant: running...
2026-07-28 01:43:21 CEST    repeat=0 BBMSDppInstant: status=ok
2026-07-28 01:43:21 CEST    repeat=0 BBMSDppStepwise: running...
2026-07-28 01:44:13 CEST    repeat=0 BBMSDppStepwise: status=ok
2026-07-28 01:44:13 CEST    repeat=0 DijkstraPrims: running...
2026-07-28 01:44:13 CEST    repeat=0 DijkstraPrims: status=ok
2026-07-28 01:44:13 CEST    repeat=1 BBMSCore: SKIP (walled at N=11000)
2026-07-28 01:44:13 CEST    repeat=1 BBMSInter: running...
2026-07-28 01:45:06 CEST    repeat=1 BBMSInter: status=ok
2026-07-28 01:45:06 CEST    repeat=1 BBMSDppInstant: running...
2026-07-28 01:46:15 CEST    repeat=1 BBMSDppInstant: status=ok
2026-07-28 01:46:15 CEST    repeat=1 BBMSDppStepwise: running...
2026-07-28 01:47:07 CEST    repeat=1 BBMSDppStepwise: status=ok
2026-07-28 01:47:07 CEST    repeat=1 DijkstraPrims: running...
2026-07-28 01:47:07 CEST    repeat=1 DijkstraPrims: status=ok
2026-07-28 01:47:07 CEST    repeat=2 BBMSCore: SKIP (walled at N=11000)
2026-07-28 01:47:07 CEST    repeat=2 BBMSInter: running...
2026-07-28 01:47:58 CEST    repeat=2 BBMSInter: status=ok
2026-07-28 01:47:58 CEST    repeat=2 BBMSDppInstant: running...
2026-07-28 01:49:07 CEST    repeat=2 BBMSDppInstant: status=ok
2026-07-28 01:49:07 CEST    repeat=2 BBMSDppStepwise: running...
2026-07-28 01:49:59 CEST    repeat=2 BBMSDppStepwise: status=ok
2026-07-28 01:49:59 CEST    repeat=2 DijkstraPrims: running...
2026-07-28 01:49:59 CEST    repeat=2 DijkstraPrims: status=ok
2026-07-28 01:49:59 CEST  op-count pass
2026-07-28 01:49:59 CEST    BBMSCore: SKIP (walled at N=11000)
2026-07-28 01:49:59 CEST    BBMSInter: running...
2026-07-28 01:50:52 CEST    BBMSInter: status=ok
2026-07-28 01:50:52 CEST    BBMSDppInstant: running...
2026-07-28 01:52:01 CEST    BBMSDppInstant: status=ok
2026-07-28 01:52:01 CEST    BBMSDppStepwise: running...
2026-07-28 01:52:54 CEST    BBMSDppStepwise: status=ok
2026-07-28 01:52:54 CEST    DijkstraPrims: running...
2026-07-28 01:52:54 CEST    DijkstraPrims: status=ok
2026-07-28 01:52:54 CEST  cross-algorithm agreement: ok
2026-07-28 01:52:54 CEST  --- N=18000 ---
2026-07-28 01:52:54 CEST  sample=0
2026-07-28 01:52:54 CEST  runtime/memory pass
2026-07-28 01:52:54 CEST    repeat=0 BBMSCore: SKIP (walled at N=11000)
2026-07-28 01:52:54 CEST    repeat=0 BBMSInter: running...
2026-07-28 01:55:55 CEST    repeat=0 BBMSInter: status=timeout
2026-07-28 01:55:55 CEST    repeat=0 BBMSDppInstant: running...
2026-07-28 01:58:56 CEST    repeat=0 BBMSDppInstant: status=timeout
2026-07-28 01:58:56 CEST    repeat=0 BBMSDppStepwise: running...
2026-07-28 02:01:35 CEST    repeat=0 BBMSDppStepwise: status=ok
2026-07-28 02:01:35 CEST    repeat=0 DijkstraPrims: running...
2026-07-28 02:01:35 CEST    repeat=0 DijkstraPrims: status=ok
2026-07-28 02:01:35 CEST    repeat=1 BBMSCore: SKIP (walled at N=11000)
2026-07-28 02:01:35 CEST    repeat=1 BBMSInter: SKIP (walled at N=18000)
2026-07-28 02:01:35 CEST    repeat=1 BBMSDppInstant: SKIP (walled at N=18000)
2026-07-28 02:01:35 CEST    repeat=1 BBMSDppStepwise: running...
2026-07-28 02:04:13 CEST    repeat=1 BBMSDppStepwise: status=ok
2026-07-28 02:04:13 CEST    repeat=1 DijkstraPrims: running...
2026-07-28 02:04:13 CEST    repeat=1 DijkstraPrims: status=ok
2026-07-28 02:04:13 CEST    repeat=2 BBMSCore: SKIP (walled at N=11000)
2026-07-28 02:04:13 CEST    repeat=2 BBMSInter: SKIP (walled at N=18000)
2026-07-28 02:04:13 CEST    repeat=2 BBMSDppInstant: SKIP (walled at N=18000)
2026-07-28 02:04:13 CEST    repeat=2 BBMSDppStepwise: running...
2026-07-28 02:06:51 CEST    repeat=2 BBMSDppStepwise: status=ok
2026-07-28 02:06:51 CEST    repeat=2 DijkstraPrims: running...
2026-07-28 02:06:51 CEST    repeat=2 DijkstraPrims: status=ok
2026-07-28 02:06:51 CEST  op-count pass
2026-07-28 02:06:51 CEST    BBMSCore: SKIP (walled at N=11000)
2026-07-28 02:06:51 CEST    BBMSInter: SKIP (walled at N=18000)
2026-07-28 02:06:51 CEST    BBMSDppInstant: SKIP (walled at N=18000)
2026-07-28 02:06:51 CEST    BBMSDppStepwise: running...
2026-07-28 02:09:30 CEST    BBMSDppStepwise: status=ok
2026-07-28 02:09:30 CEST    DijkstraPrims: running...
2026-07-28 02:09:30 CEST    DijkstraPrims: status=ok
2026-07-28 02:09:30 CEST  cross-algorithm agreement: ok
2026-07-28 02:09:30 CEST  sample=1
2026-07-28 02:09:30 CEST  runtime/memory pass
2026-07-28 02:09:30 CEST    repeat=0 BBMSCore: SKIP (walled at N=11000)
2026-07-28 02:09:30 CEST    repeat=0 BBMSInter: SKIP (walled at N=18000)
2026-07-28 02:09:30 CEST    repeat=0 BBMSDppInstant: SKIP (walled at N=18000)
2026-07-28 02:09:30 CEST    repeat=0 BBMSDppStepwise: running...
2026-07-28 02:12:07 CEST    repeat=0 BBMSDppStepwise: status=ok
2026-07-28 02:12:07 CEST    repeat=0 DijkstraPrims: running...
2026-07-28 02:12:07 CEST    repeat=0 DijkstraPrims: status=ok
2026-07-28 02:12:07 CEST    repeat=1 BBMSCore: SKIP (walled at N=11000)
2026-07-28 02:12:07 CEST    repeat=1 BBMSInter: SKIP (walled at N=18000)
2026-07-28 02:12:07 CEST    repeat=1 BBMSDppInstant: SKIP (walled at N=18000)
2026-07-28 02:12:07 CEST    repeat=1 BBMSDppStepwise: running...
2026-07-28 02:14:44 CEST    repeat=1 BBMSDppStepwise: status=ok
2026-07-28 02:14:44 CEST    repeat=1 DijkstraPrims: running...
2026-07-28 02:14:44 CEST    repeat=1 DijkstraPrims: status=ok
2026-07-28 02:14:44 CEST    repeat=2 BBMSCore: SKIP (walled at N=11000)
2026-07-28 02:14:44 CEST    repeat=2 BBMSInter: SKIP (walled at N=18000)
2026-07-28 02:14:44 CEST    repeat=2 BBMSDppInstant: SKIP (walled at N=18000)
2026-07-28 02:14:44 CEST    repeat=2 BBMSDppStepwise: running...
2026-07-28 02:17:21 CEST    repeat=2 BBMSDppStepwise: status=ok
2026-07-28 02:17:21 CEST    repeat=2 DijkstraPrims: running...
2026-07-28 02:17:21 CEST    repeat=2 DijkstraPrims: status=ok
2026-07-28 02:17:21 CEST  op-count pass
2026-07-28 02:17:21 CEST    BBMSCore: SKIP (walled at N=11000)
2026-07-28 02:17:21 CEST    BBMSInter: SKIP (walled at N=18000)
2026-07-28 02:17:21 CEST    BBMSDppInstant: SKIP (walled at N=18000)
2026-07-28 02:17:21 CEST    BBMSDppStepwise: running...
2026-07-28 02:19:59 CEST    BBMSDppStepwise: status=ok
2026-07-28 02:19:59 CEST    DijkstraPrims: running...
2026-07-28 02:19:59 CEST    DijkstraPrims: status=ok
2026-07-28 02:19:59 CEST  cross-algorithm agreement: ok
2026-07-28 02:19:59 CEST  sample=2
2026-07-28 02:19:59 CEST  runtime/memory pass
2026-07-28 02:19:59 CEST    repeat=0 BBMSCore: SKIP (walled at N=11000)
2026-07-28 02:19:59 CEST    repeat=0 BBMSInter: SKIP (walled at N=18000)
2026-07-28 02:19:59 CEST    repeat=0 BBMSDppInstant: SKIP (walled at N=18000)
2026-07-28 02:19:59 CEST    repeat=0 BBMSDppStepwise: running...
2026-07-28 02:22:38 CEST    repeat=0 BBMSDppStepwise: status=ok
2026-07-28 02:22:38 CEST    repeat=0 DijkstraPrims: running...
2026-07-28 02:22:38 CEST    repeat=0 DijkstraPrims: status=ok
2026-07-28 02:22:38 CEST    repeat=1 BBMSCore: SKIP (walled at N=11000)
2026-07-28 02:22:38 CEST    repeat=1 BBMSInter: SKIP (walled at N=18000)
2026-07-28 02:22:38 CEST    repeat=1 BBMSDppInstant: SKIP (walled at N=18000)
2026-07-28 02:22:38 CEST    repeat=1 BBMSDppStepwise: running...
2026-07-28 02:25:17 CEST    repeat=1 BBMSDppStepwise: status=ok
2026-07-28 02:25:17 CEST    repeat=1 DijkstraPrims: running...
2026-07-28 02:25:17 CEST    repeat=1 DijkstraPrims: status=ok
2026-07-28 02:25:17 CEST    repeat=2 BBMSCore: SKIP (walled at N=11000)
2026-07-28 02:25:17 CEST    repeat=2 BBMSInter: SKIP (walled at N=18000)
2026-07-28 02:25:17 CEST    repeat=2 BBMSDppInstant: SKIP (walled at N=18000)
2026-07-28 02:25:17 CEST    repeat=2 BBMSDppStepwise: running...
2026-07-28 02:27:56 CEST    repeat=2 BBMSDppStepwise: status=ok
2026-07-28 02:27:56 CEST    repeat=2 DijkstraPrims: running...
2026-07-28 02:27:56 CEST    repeat=2 DijkstraPrims: status=ok
2026-07-28 02:27:56 CEST  op-count pass
2026-07-28 02:27:56 CEST    BBMSCore: SKIP (walled at N=11000)
2026-07-28 02:27:56 CEST    BBMSInter: SKIP (walled at N=18000)
2026-07-28 02:27:56 CEST    BBMSDppInstant: SKIP (walled at N=18000)
2026-07-28 02:27:56 CEST    BBMSDppStepwise: running...
2026-07-28 02:30:37 CEST    BBMSDppStepwise: status=ok
2026-07-28 02:30:37 CEST    DijkstraPrims: running...
2026-07-28 02:30:37 CEST    DijkstraPrims: status=ok
2026-07-28 02:30:37 CEST  cross-algorithm agreement: ok
2026-07-28 02:30:37 CEST  sample=3
2026-07-28 02:30:37 CEST  runtime/memory pass
2026-07-28 02:30:37 CEST    repeat=0 BBMSCore: SKIP (walled at N=11000)
2026-07-28 02:30:37 CEST    repeat=0 BBMSInter: SKIP (walled at N=18000)
2026-07-28 02:30:37 CEST    repeat=0 BBMSDppInstant: SKIP (walled at N=18000)
2026-07-28 02:30:37 CEST    repeat=0 BBMSDppStepwise: running...
2026-07-28 02:33:14 CEST    repeat=0 BBMSDppStepwise: status=ok
2026-07-28 02:33:14 CEST    repeat=0 DijkstraPrims: running...
2026-07-28 02:33:14 CEST    repeat=0 DijkstraPrims: status=ok
2026-07-28 02:33:14 CEST    repeat=1 BBMSCore: SKIP (walled at N=11000)
2026-07-28 02:33:14 CEST    repeat=1 BBMSInter: SKIP (walled at N=18000)
2026-07-28 02:33:14 CEST    repeat=1 BBMSDppInstant: SKIP (walled at N=18000)
2026-07-28 02:33:14 CEST    repeat=1 BBMSDppStepwise: running...
2026-07-28 02:35:51 CEST    repeat=1 BBMSDppStepwise: status=ok
2026-07-28 02:35:51 CEST    repeat=1 DijkstraPrims: running...
2026-07-28 02:35:51 CEST    repeat=1 DijkstraPrims: status=ok
2026-07-28 02:35:51 CEST    repeat=2 BBMSCore: SKIP (walled at N=11000)
2026-07-28 02:35:51 CEST    repeat=2 BBMSInter: SKIP (walled at N=18000)
2026-07-28 02:35:51 CEST    repeat=2 BBMSDppInstant: SKIP (walled at N=18000)
2026-07-28 02:35:51 CEST    repeat=2 BBMSDppStepwise: running...
2026-07-28 02:38:28 CEST    repeat=2 BBMSDppStepwise: status=ok
2026-07-28 02:38:28 CEST    repeat=2 DijkstraPrims: running...
2026-07-28 02:38:28 CEST    repeat=2 DijkstraPrims: status=ok
2026-07-28 02:38:28 CEST  op-count pass
2026-07-28 02:38:28 CEST    BBMSCore: SKIP (walled at N=11000)
2026-07-28 02:38:28 CEST    BBMSInter: SKIP (walled at N=18000)
2026-07-28 02:38:28 CEST    BBMSDppInstant: SKIP (walled at N=18000)
2026-07-28 02:38:28 CEST    BBMSDppStepwise: running...
2026-07-28 02:41:07 CEST    BBMSDppStepwise: status=ok
2026-07-28 02:41:07 CEST    DijkstraPrims: running...
2026-07-28 02:41:07 CEST    DijkstraPrims: status=ok
2026-07-28 02:41:07 CEST  cross-algorithm agreement: ok
2026-07-28 02:41:07 CEST  sample=4
2026-07-28 02:41:07 CEST  runtime/memory pass
2026-07-28 02:41:07 CEST    repeat=0 BBMSCore: SKIP (walled at N=11000)
2026-07-28 02:41:07 CEST    repeat=0 BBMSInter: SKIP (walled at N=18000)
2026-07-28 02:41:07 CEST    repeat=0 BBMSDppInstant: SKIP (walled at N=18000)
2026-07-28 02:41:07 CEST    repeat=0 BBMSDppStepwise: running...
2026-07-28 02:43:43 CEST    repeat=0 BBMSDppStepwise: status=ok
2026-07-28 02:43:43 CEST    repeat=0 DijkstraPrims: running...
2026-07-28 02:43:43 CEST    repeat=0 DijkstraPrims: status=ok
2026-07-28 02:43:43 CEST    repeat=1 BBMSCore: SKIP (walled at N=11000)
2026-07-28 02:43:43 CEST    repeat=1 BBMSInter: SKIP (walled at N=18000)
2026-07-28 02:43:43 CEST    repeat=1 BBMSDppInstant: SKIP (walled at N=18000)
2026-07-28 02:43:43 CEST    repeat=1 BBMSDppStepwise: running...
2026-07-28 02:46:19 CEST    repeat=1 BBMSDppStepwise: status=ok
2026-07-28 02:46:19 CEST    repeat=1 DijkstraPrims: running...
2026-07-28 02:46:19 CEST    repeat=1 DijkstraPrims: status=ok
2026-07-28 02:46:19 CEST    repeat=2 BBMSCore: SKIP (walled at N=11000)
2026-07-28 02:46:19 CEST    repeat=2 BBMSInter: SKIP (walled at N=18000)
2026-07-28 02:46:19 CEST    repeat=2 BBMSDppInstant: SKIP (walled at N=18000)
2026-07-28 02:46:19 CEST    repeat=2 BBMSDppStepwise: running...
2026-07-28 02:48:54 CEST    repeat=2 BBMSDppStepwise: status=ok
2026-07-28 02:48:54 CEST    repeat=2 DijkstraPrims: running...
2026-07-28 02:48:54 CEST    repeat=2 DijkstraPrims: status=ok
2026-07-28 02:48:54 CEST  op-count pass
2026-07-28 02:48:54 CEST    BBMSCore: SKIP (walled at N=11000)
2026-07-28 02:48:54 CEST    BBMSInter: SKIP (walled at N=18000)
2026-07-28 02:48:54 CEST    BBMSDppInstant: SKIP (walled at N=18000)
2026-07-28 02:48:54 CEST    BBMSDppStepwise: running...
2026-07-28 02:51:32 CEST    BBMSDppStepwise: status=ok
2026-07-28 02:51:32 CEST    DijkstraPrims: running...
2026-07-28 02:51:32 CEST    DijkstraPrims: status=ok
2026-07-28 02:51:32 CEST  cross-algorithm agreement: ok
2026-07-28 02:51:32 CEST  --- N=30000 ---
2026-07-28 02:51:32 CEST  sample=0
2026-07-28 02:51:32 CEST  runtime/memory pass
2026-07-28 02:51:32 CEST    repeat=0 BBMSCore: SKIP (walled at N=11000)
2026-07-28 02:51:32 CEST    repeat=0 BBMSInter: SKIP (walled at N=18000)
2026-07-28 02:51:32 CEST    repeat=0 BBMSDppInstant: SKIP (walled at N=18000)
2026-07-28 02:51:32 CEST    repeat=0 BBMSDppStepwise: running...
2026-07-28 02:51:32 CEST    repeat=0 BBMSDppStepwise: status=oom
2026-07-28 02:51:32 CEST    repeat=0 DijkstraPrims: running...
2026-07-28 02:51:32 CEST    repeat=0 DijkstraPrims: status=ok
2026-07-28 02:51:32 CEST    repeat=1 BBMSCore: SKIP (walled at N=11000)
2026-07-28 02:51:32 CEST    repeat=1 BBMSInter: SKIP (walled at N=18000)
2026-07-28 02:51:32 CEST    repeat=1 BBMSDppInstant: SKIP (walled at N=18000)
2026-07-28 02:51:32 CEST    repeat=1 BBMSDppStepwise: SKIP (walled at N=30000)
2026-07-28 02:51:32 CEST    repeat=1 DijkstraPrims: running...
2026-07-28 02:51:32 CEST    repeat=1 DijkstraPrims: status=ok
2026-07-28 02:51:32 CEST    repeat=2 BBMSCore: SKIP (walled at N=11000)
2026-07-28 02:51:32 CEST    repeat=2 BBMSInter: SKIP (walled at N=18000)
2026-07-28 02:51:32 CEST    repeat=2 BBMSDppInstant: SKIP (walled at N=18000)
2026-07-28 02:51:32 CEST    repeat=2 BBMSDppStepwise: SKIP (walled at N=30000)
2026-07-28 02:51:32 CEST    repeat=2 DijkstraPrims: running...
2026-07-28 02:51:32 CEST    repeat=2 DijkstraPrims: status=ok
2026-07-28 02:51:32 CEST  op-count pass
2026-07-28 02:51:32 CEST    BBMSCore: SKIP (walled at N=11000)
2026-07-28 02:51:32 CEST    BBMSInter: SKIP (walled at N=18000)
2026-07-28 02:51:32 CEST    BBMSDppInstant: SKIP (walled at N=18000)
2026-07-28 02:51:32 CEST    BBMSDppStepwise: SKIP (walled at N=30000)
2026-07-28 02:51:32 CEST    DijkstraPrims: running...
2026-07-28 02:51:32 CEST    DijkstraPrims: status=ok
2026-07-28 02:51:32 CEST  cross-algorithm agreement: ok
2026-07-28 02:51:32 CEST  sample=1
2026-07-28 02:51:32 CEST  runtime/memory pass
2026-07-28 02:51:32 CEST    repeat=0 BBMSCore: SKIP (walled at N=11000)
2026-07-28 02:51:32 CEST    repeat=0 BBMSInter: SKIP (walled at N=18000)
2026-07-28 02:51:32 CEST    repeat=0 BBMSDppInstant: SKIP (walled at N=18000)
2026-07-28 02:51:32 CEST    repeat=0 BBMSDppStepwise: SKIP (walled at N=30000)
2026-07-28 02:51:32 CEST    repeat=0 DijkstraPrims: running...
2026-07-28 02:51:32 CEST    repeat=0 DijkstraPrims: status=ok
2026-07-28 02:51:32 CEST    repeat=1 BBMSCore: SKIP (walled at N=11000)
2026-07-28 02:51:32 CEST    repeat=1 BBMSInter: SKIP (walled at N=18000)
2026-07-28 02:51:32 CEST    repeat=1 BBMSDppInstant: SKIP (walled at N=18000)
2026-07-28 02:51:32 CEST    repeat=1 BBMSDppStepwise: SKIP (walled at N=30000)
2026-07-28 02:51:32 CEST    repeat=1 DijkstraPrims: running...
2026-07-28 02:51:32 CEST    repeat=1 DijkstraPrims: status=ok
2026-07-28 02:51:32 CEST    repeat=2 BBMSCore: SKIP (walled at N=11000)
2026-07-28 02:51:32 CEST    repeat=2 BBMSInter: SKIP (walled at N=18000)
2026-07-28 02:51:32 CEST    repeat=2 BBMSDppInstant: SKIP (walled at N=18000)
2026-07-28 02:51:32 CEST    repeat=2 BBMSDppStepwise: SKIP (walled at N=30000)
2026-07-28 02:51:32 CEST    repeat=2 DijkstraPrims: running...
2026-07-28 02:51:32 CEST    repeat=2 DijkstraPrims: status=ok
2026-07-28 02:51:32 CEST  op-count pass
2026-07-28 02:51:32 CEST    BBMSCore: SKIP (walled at N=11000)
2026-07-28 02:51:32 CEST    BBMSInter: SKIP (walled at N=18000)
2026-07-28 02:51:32 CEST    BBMSDppInstant: SKIP (walled at N=18000)
2026-07-28 02:51:32 CEST    BBMSDppStepwise: SKIP (walled at N=30000)
2026-07-28 02:51:32 CEST    DijkstraPrims: running...
2026-07-28 02:51:32 CEST    DijkstraPrims: status=ok
2026-07-28 02:51:32 CEST  cross-algorithm agreement: ok
2026-07-28 02:51:32 CEST  sample=2
2026-07-28 02:51:32 CEST  runtime/memory pass
2026-07-28 02:51:32 CEST    repeat=0 BBMSCore: SKIP (walled at N=11000)
2026-07-28 02:51:32 CEST    repeat=0 BBMSInter: SKIP (walled at N=18000)
2026-07-28 02:51:32 CEST    repeat=0 BBMSDppInstant: SKIP (walled at N=18000)
2026-07-28 02:51:32 CEST    repeat=0 BBMSDppStepwise: SKIP (walled at N=30000)
2026-07-28 02:51:32 CEST    repeat=0 DijkstraPrims: running...
2026-07-28 02:51:32 CEST    repeat=0 DijkstraPrims: status=ok
2026-07-28 02:51:32 CEST    repeat=1 BBMSCore: SKIP (walled at N=11000)
2026-07-28 02:51:32 CEST    repeat=1 BBMSInter: SKIP (walled at N=18000)
2026-07-28 02:51:32 CEST    repeat=1 BBMSDppInstant: SKIP (walled at N=18000)
2026-07-28 02:51:32 CEST    repeat=1 BBMSDppStepwise: SKIP (walled at N=30000)
2026-07-28 02:51:32 CEST    repeat=1 DijkstraPrims: running...
2026-07-28 02:51:32 CEST    repeat=1 DijkstraPrims: status=ok
2026-07-28 02:51:32 CEST    repeat=2 BBMSCore: SKIP (walled at N=11000)
2026-07-28 02:51:32 CEST    repeat=2 BBMSInter: SKIP (walled at N=18000)
2026-07-28 02:51:32 CEST    repeat=2 BBMSDppInstant: SKIP (walled at N=18000)
2026-07-28 02:51:32 CEST    repeat=2 BBMSDppStepwise: SKIP (walled at N=30000)
2026-07-28 02:51:32 CEST    repeat=2 DijkstraPrims: running...
2026-07-28 02:51:33 CEST    repeat=2 DijkstraPrims: status=ok
2026-07-28 02:51:33 CEST  op-count pass
2026-07-28 02:51:33 CEST    BBMSCore: SKIP (walled at N=11000)
2026-07-28 02:51:33 CEST    BBMSInter: SKIP (walled at N=18000)
2026-07-28 02:51:33 CEST    BBMSDppInstant: SKIP (walled at N=18000)
2026-07-28 02:51:33 CEST    BBMSDppStepwise: SKIP (walled at N=30000)
2026-07-28 02:51:33 CEST    DijkstraPrims: running...
2026-07-28 02:51:33 CEST    DijkstraPrims: status=ok
2026-07-28 02:51:33 CEST  cross-algorithm agreement: ok
2026-07-28 02:51:33 CEST  sample=3
2026-07-28 02:51:33 CEST  runtime/memory pass
2026-07-28 02:51:33 CEST    repeat=0 BBMSCore: SKIP (walled at N=11000)
2026-07-28 02:51:33 CEST    repeat=0 BBMSInter: SKIP (walled at N=18000)
2026-07-28 02:51:33 CEST    repeat=0 BBMSDppInstant: SKIP (walled at N=18000)
2026-07-28 02:51:33 CEST    repeat=0 BBMSDppStepwise: SKIP (walled at N=30000)
2026-07-28 02:51:33 CEST    repeat=0 DijkstraPrims: running...
2026-07-28 02:51:33 CEST    repeat=0 DijkstraPrims: status=ok
2026-07-28 02:51:33 CEST    repeat=1 BBMSCore: SKIP (walled at N=11000)
2026-07-28 02:51:33 CEST    repeat=1 BBMSInter: SKIP (walled at N=18000)
2026-07-28 02:51:33 CEST    repeat=1 BBMSDppInstant: SKIP (walled at N=18000)
2026-07-28 02:51:33 CEST    repeat=1 BBMSDppStepwise: SKIP (walled at N=30000)
2026-07-28 02:51:33 CEST    repeat=1 DijkstraPrims: running...
2026-07-28 02:51:33 CEST    repeat=1 DijkstraPrims: status=ok
2026-07-28 02:51:33 CEST    repeat=2 BBMSCore: SKIP (walled at N=11000)
2026-07-28 02:51:33 CEST    repeat=2 BBMSInter: SKIP (walled at N=18000)
2026-07-28 02:51:33 CEST    repeat=2 BBMSDppInstant: SKIP (walled at N=18000)
2026-07-28 02:51:33 CEST    repeat=2 BBMSDppStepwise: SKIP (walled at N=30000)
2026-07-28 02:51:33 CEST    repeat=2 DijkstraPrims: running...
2026-07-28 02:51:33 CEST    repeat=2 DijkstraPrims: status=ok
2026-07-28 02:51:33 CEST  op-count pass
2026-07-28 02:51:33 CEST    BBMSCore: SKIP (walled at N=11000)
2026-07-28 02:51:33 CEST    BBMSInter: SKIP (walled at N=18000)
2026-07-28 02:51:33 CEST    BBMSDppInstant: SKIP (walled at N=18000)
2026-07-28 02:51:33 CEST    BBMSDppStepwise: SKIP (walled at N=30000)
2026-07-28 02:51:33 CEST    DijkstraPrims: running...
2026-07-28 02:51:33 CEST    DijkstraPrims: status=ok
2026-07-28 02:51:33 CEST  cross-algorithm agreement: ok
2026-07-28 02:51:33 CEST  sample=4
2026-07-28 02:51:33 CEST  runtime/memory pass
2026-07-28 02:51:33 CEST    repeat=0 BBMSCore: SKIP (walled at N=11000)
2026-07-28 02:51:33 CEST    repeat=0 BBMSInter: SKIP (walled at N=18000)
2026-07-28 02:51:33 CEST    repeat=0 BBMSDppInstant: SKIP (walled at N=18000)
2026-07-28 02:51:33 CEST    repeat=0 BBMSDppStepwise: SKIP (walled at N=30000)
2026-07-28 02:51:33 CEST    repeat=0 DijkstraPrims: running...
2026-07-28 02:51:33 CEST    repeat=0 DijkstraPrims: status=ok
2026-07-28 02:51:33 CEST    repeat=1 BBMSCore: SKIP (walled at N=11000)
2026-07-28 02:51:33 CEST    repeat=1 BBMSInter: SKIP (walled at N=18000)
2026-07-28 02:51:33 CEST    repeat=1 BBMSDppInstant: SKIP (walled at N=18000)
2026-07-28 02:51:33 CEST    repeat=1 BBMSDppStepwise: SKIP (walled at N=30000)
2026-07-28 02:51:33 CEST    repeat=1 DijkstraPrims: running...
2026-07-28 02:51:34 CEST    repeat=1 DijkstraPrims: status=ok
2026-07-28 02:51:34 CEST    repeat=2 BBMSCore: SKIP (walled at N=11000)
2026-07-28 02:51:34 CEST    repeat=2 BBMSInter: SKIP (walled at N=18000)
2026-07-28 02:51:34 CEST    repeat=2 BBMSDppInstant: SKIP (walled at N=18000)
2026-07-28 02:51:34 CEST    repeat=2 BBMSDppStepwise: SKIP (walled at N=30000)
2026-07-28 02:51:34 CEST    repeat=2 DijkstraPrims: running...
2026-07-28 02:51:34 CEST    repeat=2 DijkstraPrims: status=ok
2026-07-28 02:51:34 CEST  op-count pass
2026-07-28 02:51:34 CEST    BBMSCore: SKIP (walled at N=11000)
2026-07-28 02:51:34 CEST    BBMSInter: SKIP (walled at N=18000)
2026-07-28 02:51:34 CEST    BBMSDppInstant: SKIP (walled at N=18000)
2026-07-28 02:51:34 CEST    BBMSDppStepwise: SKIP (walled at N=30000)
2026-07-28 02:51:34 CEST    DijkstraPrims: running...
2026-07-28 02:51:34 CEST    DijkstraPrims: status=ok
2026-07-28 02:51:34 CEST  cross-algorithm agreement: ok
2026-07-28 02:51:34 CEST  --- N=50000 ---
2026-07-28 02:51:34 CEST  sample=0
2026-07-28 02:51:34 CEST  runtime/memory pass
2026-07-28 02:51:34 CEST    repeat=0 BBMSCore: SKIP (walled at N=11000)
2026-07-28 02:51:34 CEST    repeat=0 BBMSInter: SKIP (walled at N=18000)
2026-07-28 02:51:34 CEST    repeat=0 BBMSDppInstant: SKIP (walled at N=18000)
2026-07-28 02:51:34 CEST    repeat=0 BBMSDppStepwise: SKIP (walled at N=30000)
2026-07-28 02:51:34 CEST    repeat=0 DijkstraPrims: running...
2026-07-28 02:51:34 CEST    repeat=0 DijkstraPrims: status=ok
2026-07-28 02:51:34 CEST    repeat=1 BBMSCore: SKIP (walled at N=11000)
2026-07-28 02:51:34 CEST    repeat=1 BBMSInter: SKIP (walled at N=18000)
2026-07-28 02:51:34 CEST    repeat=1 BBMSDppInstant: SKIP (walled at N=18000)
2026-07-28 02:51:34 CEST    repeat=1 BBMSDppStepwise: SKIP (walled at N=30000)
2026-07-28 02:51:34 CEST    repeat=1 DijkstraPrims: running...
2026-07-28 02:51:34 CEST    repeat=1 DijkstraPrims: status=ok
2026-07-28 02:51:34 CEST    repeat=2 BBMSCore: SKIP (walled at N=11000)
2026-07-28 02:51:34 CEST    repeat=2 BBMSInter: SKIP (walled at N=18000)
2026-07-28 02:51:34 CEST    repeat=2 BBMSDppInstant: SKIP (walled at N=18000)
2026-07-28 02:51:34 CEST    repeat=2 BBMSDppStepwise: SKIP (walled at N=30000)
2026-07-28 02:51:34 CEST    repeat=2 DijkstraPrims: running...
2026-07-28 02:51:34 CEST    repeat=2 DijkstraPrims: status=ok
2026-07-28 02:51:34 CEST  op-count pass
2026-07-28 02:51:34 CEST    BBMSCore: SKIP (walled at N=11000)
2026-07-28 02:51:34 CEST    BBMSInter: SKIP (walled at N=18000)
2026-07-28 02:51:34 CEST    BBMSDppInstant: SKIP (walled at N=18000)
2026-07-28 02:51:34 CEST    BBMSDppStepwise: SKIP (walled at N=30000)
2026-07-28 02:51:34 CEST    DijkstraPrims: running...
2026-07-28 02:51:34 CEST    DijkstraPrims: status=ok
2026-07-28 02:51:34 CEST  cross-algorithm agreement: ok
2026-07-28 02:51:34 CEST  sample=1
2026-07-28 02:51:34 CEST  runtime/memory pass
2026-07-28 02:51:34 CEST    repeat=0 BBMSCore: SKIP (walled at N=11000)
2026-07-28 02:51:34 CEST    repeat=0 BBMSInter: SKIP (walled at N=18000)
2026-07-28 02:51:34 CEST    repeat=0 BBMSDppInstant: SKIP (walled at N=18000)
2026-07-28 02:51:34 CEST    repeat=0 BBMSDppStepwise: SKIP (walled at N=30000)
2026-07-28 02:51:34 CEST    repeat=0 DijkstraPrims: running...
2026-07-28 02:51:34 CEST    repeat=0 DijkstraPrims: status=ok
2026-07-28 02:51:34 CEST    repeat=1 BBMSCore: SKIP (walled at N=11000)
2026-07-28 02:51:34 CEST    repeat=1 BBMSInter: SKIP (walled at N=18000)
2026-07-28 02:51:34 CEST    repeat=1 BBMSDppInstant: SKIP (walled at N=18000)
2026-07-28 02:51:34 CEST    repeat=1 BBMSDppStepwise: SKIP (walled at N=30000)
2026-07-28 02:51:34 CEST    repeat=1 DijkstraPrims: running...
2026-07-28 02:51:34 CEST    repeat=1 DijkstraPrims: status=ok
2026-07-28 02:51:34 CEST    repeat=2 BBMSCore: SKIP (walled at N=11000)
2026-07-28 02:51:34 CEST    repeat=2 BBMSInter: SKIP (walled at N=18000)
2026-07-28 02:51:34 CEST    repeat=2 BBMSDppInstant: SKIP (walled at N=18000)
2026-07-28 02:51:34 CEST    repeat=2 BBMSDppStepwise: SKIP (walled at N=30000)
2026-07-28 02:51:34 CEST    repeat=2 DijkstraPrims: running...
2026-07-28 02:51:34 CEST    repeat=2 DijkstraPrims: status=ok
2026-07-28 02:51:34 CEST  op-count pass
2026-07-28 02:51:34 CEST    BBMSCore: SKIP (walled at N=11000)
2026-07-28 02:51:34 CEST    BBMSInter: SKIP (walled at N=18000)
2026-07-28 02:51:34 CEST    BBMSDppInstant: SKIP (walled at N=18000)
2026-07-28 02:51:34 CEST    BBMSDppStepwise: SKIP (walled at N=30000)
2026-07-28 02:51:34 CEST    DijkstraPrims: running...
2026-07-28 02:51:35 CEST    DijkstraPrims: status=ok
2026-07-28 02:51:35 CEST  cross-algorithm agreement: ok
2026-07-28 02:51:35 CEST  sample=2
2026-07-28 02:51:35 CEST  runtime/memory pass
2026-07-28 02:51:35 CEST    repeat=0 BBMSCore: SKIP (walled at N=11000)
2026-07-28 02:51:35 CEST    repeat=0 BBMSInter: SKIP (walled at N=18000)
2026-07-28 02:51:35 CEST    repeat=0 BBMSDppInstant: SKIP (walled at N=18000)
2026-07-28 02:51:35 CEST    repeat=0 BBMSDppStepwise: SKIP (walled at N=30000)
2026-07-28 02:51:35 CEST    repeat=0 DijkstraPrims: running...
2026-07-28 02:51:35 CEST    repeat=0 DijkstraPrims: status=ok
2026-07-28 02:51:35 CEST    repeat=1 BBMSCore: SKIP (walled at N=11000)
2026-07-28 02:51:35 CEST    repeat=1 BBMSInter: SKIP (walled at N=18000)
2026-07-28 02:51:35 CEST    repeat=1 BBMSDppInstant: SKIP (walled at N=18000)
2026-07-28 02:51:35 CEST    repeat=1 BBMSDppStepwise: SKIP (walled at N=30000)
2026-07-28 02:51:35 CEST    repeat=1 DijkstraPrims: running...
2026-07-28 02:51:35 CEST    repeat=1 DijkstraPrims: status=ok
2026-07-28 02:51:35 CEST    repeat=2 BBMSCore: SKIP (walled at N=11000)
2026-07-28 02:51:35 CEST    repeat=2 BBMSInter: SKIP (walled at N=18000)
2026-07-28 02:51:35 CEST    repeat=2 BBMSDppInstant: SKIP (walled at N=18000)
2026-07-28 02:51:35 CEST    repeat=2 BBMSDppStepwise: SKIP (walled at N=30000)
2026-07-28 02:51:35 CEST    repeat=2 DijkstraPrims: running...
2026-07-28 02:51:35 CEST    repeat=2 DijkstraPrims: status=ok
2026-07-28 02:51:35 CEST  op-count pass
2026-07-28 02:51:35 CEST    BBMSCore: SKIP (walled at N=11000)
2026-07-28 02:51:35 CEST    BBMSInter: SKIP (walled at N=18000)
2026-07-28 02:51:35 CEST    BBMSDppInstant: SKIP (walled at N=18000)
2026-07-28 02:51:35 CEST    BBMSDppStepwise: SKIP (walled at N=30000)
2026-07-28 02:51:35 CEST    DijkstraPrims: running...
2026-07-28 02:51:35 CEST    DijkstraPrims: status=ok
2026-07-28 02:51:35 CEST  cross-algorithm agreement: ok
2026-07-28 02:51:35 CEST  sample=3
2026-07-28 02:51:35 CEST  runtime/memory pass
2026-07-28 02:51:35 CEST    repeat=0 BBMSCore: SKIP (walled at N=11000)
2026-07-28 02:51:35 CEST    repeat=0 BBMSInter: SKIP (walled at N=18000)
2026-07-28 02:51:35 CEST    repeat=0 BBMSDppInstant: SKIP (walled at N=18000)
2026-07-28 02:51:35 CEST    repeat=0 BBMSDppStepwise: SKIP (walled at N=30000)
2026-07-28 02:51:35 CEST    repeat=0 DijkstraPrims: running...
2026-07-28 02:51:35 CEST    repeat=0 DijkstraPrims: status=ok
2026-07-28 02:51:35 CEST    repeat=1 BBMSCore: SKIP (walled at N=11000)
2026-07-28 02:51:35 CEST    repeat=1 BBMSInter: SKIP (walled at N=18000)
2026-07-28 02:51:35 CEST    repeat=1 BBMSDppInstant: SKIP (walled at N=18000)
2026-07-28 02:51:35 CEST    repeat=1 BBMSDppStepwise: SKIP (walled at N=30000)
2026-07-28 02:51:35 CEST    repeat=1 DijkstraPrims: running...
2026-07-28 02:51:36 CEST    repeat=1 DijkstraPrims: status=ok
2026-07-28 02:51:36 CEST    repeat=2 BBMSCore: SKIP (walled at N=11000)
2026-07-28 02:51:36 CEST    repeat=2 BBMSInter: SKIP (walled at N=18000)
2026-07-28 02:51:36 CEST    repeat=2 BBMSDppInstant: SKIP (walled at N=18000)
2026-07-28 02:51:36 CEST    repeat=2 BBMSDppStepwise: SKIP (walled at N=30000)
2026-07-28 02:51:36 CEST    repeat=2 DijkstraPrims: running...
2026-07-28 02:51:36 CEST    repeat=2 DijkstraPrims: status=ok
2026-07-28 02:51:36 CEST  op-count pass
2026-07-28 02:51:36 CEST    BBMSCore: SKIP (walled at N=11000)
2026-07-28 02:51:36 CEST    BBMSInter: SKIP (walled at N=18000)
2026-07-28 02:51:36 CEST    BBMSDppInstant: SKIP (walled at N=18000)
2026-07-28 02:51:36 CEST    BBMSDppStepwise: SKIP (walled at N=30000)
2026-07-28 02:51:36 CEST    DijkstraPrims: running...
2026-07-28 02:51:36 CEST    DijkstraPrims: status=ok
2026-07-28 02:51:36 CEST  cross-algorithm agreement: ok
2026-07-28 02:51:36 CEST  sample=4
2026-07-28 02:51:36 CEST  runtime/memory pass
2026-07-28 02:51:36 CEST    repeat=0 BBMSCore: SKIP (walled at N=11000)
2026-07-28 02:51:36 CEST    repeat=0 BBMSInter: SKIP (walled at N=18000)
2026-07-28 02:51:36 CEST    repeat=0 BBMSDppInstant: SKIP (walled at N=18000)
2026-07-28 02:51:36 CEST    repeat=0 BBMSDppStepwise: SKIP (walled at N=30000)
2026-07-28 02:51:36 CEST    repeat=0 DijkstraPrims: running...
2026-07-28 02:51:36 CEST    repeat=0 DijkstraPrims: status=ok
2026-07-28 02:51:36 CEST    repeat=1 BBMSCore: SKIP (walled at N=11000)
2026-07-28 02:51:36 CEST    repeat=1 BBMSInter: SKIP (walled at N=18000)
2026-07-28 02:51:36 CEST    repeat=1 BBMSDppInstant: SKIP (walled at N=18000)
2026-07-28 02:51:36 CEST    repeat=1 BBMSDppStepwise: SKIP (walled at N=30000)
2026-07-28 02:51:36 CEST    repeat=1 DijkstraPrims: running...
2026-07-28 02:51:37 CEST    repeat=1 DijkstraPrims: status=ok
2026-07-28 02:51:37 CEST    repeat=2 BBMSCore: SKIP (walled at N=11000)
2026-07-28 02:51:37 CEST    repeat=2 BBMSInter: SKIP (walled at N=18000)
2026-07-28 02:51:37 CEST    repeat=2 BBMSDppInstant: SKIP (walled at N=18000)
2026-07-28 02:51:37 CEST    repeat=2 BBMSDppStepwise: SKIP (walled at N=30000)
2026-07-28 02:51:37 CEST    repeat=2 DijkstraPrims: running...
2026-07-28 02:51:37 CEST    repeat=2 DijkstraPrims: status=ok
2026-07-28 02:51:37 CEST  op-count pass
2026-07-28 02:51:37 CEST    BBMSCore: SKIP (walled at N=11000)
2026-07-28 02:51:37 CEST    BBMSInter: SKIP (walled at N=18000)
2026-07-28 02:51:37 CEST    BBMSDppInstant: SKIP (walled at N=18000)
2026-07-28 02:51:37 CEST    BBMSDppStepwise: SKIP (walled at N=30000)
2026-07-28 02:51:37 CEST    DijkstraPrims: running...
2026-07-28 02:51:37 CEST    DijkstraPrims: status=ok
2026-07-28 02:51:37 CEST  cross-algorithm agreement: ok
2026-07-28 02:51:37 CEST  === dataset: outlier ===
2026-07-28 02:51:37 CEST  --- N=500 ---
2026-07-28 02:51:37 CEST  sample=0
2026-07-28 02:51:37 CEST  runtime/memory pass
2026-07-28 02:51:37 CEST    repeat=0 BBMSCore: running...
2026-07-28 02:51:37 CEST    repeat=0 BBMSCore: status=ok
2026-07-28 02:51:37 CEST    repeat=0 BBMSInter: running...
2026-07-28 02:51:37 CEST    repeat=0 BBMSInter: status=ok
2026-07-28 02:51:37 CEST    repeat=0 BBMSDppInstant: running...
2026-07-28 02:51:37 CEST    repeat=0 BBMSDppInstant: status=ok
2026-07-28 02:51:37 CEST    repeat=0 BBMSDppStepwise: running...
2026-07-28 02:51:37 CEST    repeat=0 BBMSDppStepwise: status=ok
2026-07-28 02:51:37 CEST    repeat=0 DijkstraPrims: running...
2026-07-28 02:51:37 CEST    repeat=0 DijkstraPrims: status=ok
2026-07-28 02:51:37 CEST    repeat=1 BBMSCore: running...
2026-07-28 02:51:38 CEST    repeat=1 BBMSCore: status=ok
2026-07-28 02:51:38 CEST    repeat=1 BBMSInter: running...
2026-07-28 02:51:38 CEST    repeat=1 BBMSInter: status=ok
2026-07-28 02:51:38 CEST    repeat=1 BBMSDppInstant: running...
2026-07-28 02:51:38 CEST    repeat=1 BBMSDppInstant: status=ok
2026-07-28 02:51:38 CEST    repeat=1 BBMSDppStepwise: running...
2026-07-28 02:51:38 CEST    repeat=1 BBMSDppStepwise: status=ok
2026-07-28 02:51:38 CEST    repeat=1 DijkstraPrims: running...
2026-07-28 02:51:38 CEST    repeat=1 DijkstraPrims: status=ok
2026-07-28 02:51:38 CEST    repeat=2 BBMSCore: running...
2026-07-28 02:51:38 CEST    repeat=2 BBMSCore: status=ok
2026-07-28 02:51:38 CEST    repeat=2 BBMSInter: running...
2026-07-28 02:51:38 CEST    repeat=2 BBMSInter: status=ok
2026-07-28 02:51:38 CEST    repeat=2 BBMSDppInstant: running...
2026-07-28 02:51:38 CEST    repeat=2 BBMSDppInstant: status=ok
2026-07-28 02:51:38 CEST    repeat=2 BBMSDppStepwise: running...
2026-07-28 02:51:38 CEST    repeat=2 BBMSDppStepwise: status=ok
2026-07-28 02:51:38 CEST    repeat=2 DijkstraPrims: running...
2026-07-28 02:51:38 CEST    repeat=2 DijkstraPrims: status=ok
2026-07-28 02:51:38 CEST  op-count pass
2026-07-28 02:51:38 CEST    BBMSCore: running...
2026-07-28 02:51:38 CEST    BBMSCore: status=ok
2026-07-28 02:51:38 CEST    BBMSInter: running...
2026-07-28 02:51:38 CEST    BBMSInter: status=ok
2026-07-28 02:51:38 CEST    BBMSDppInstant: running...
2026-07-28 02:51:38 CEST    BBMSDppInstant: status=ok
2026-07-28 02:51:38 CEST    BBMSDppStepwise: running...
2026-07-28 02:51:38 CEST    BBMSDppStepwise: status=ok
2026-07-28 02:51:38 CEST    DijkstraPrims: running...
2026-07-28 02:51:38 CEST    DijkstraPrims: status=ok
2026-07-28 02:51:38 CEST  cross-algorithm agreement: ok
2026-07-28 02:51:38 CEST  sample=1
2026-07-28 02:51:38 CEST  runtime/memory pass
2026-07-28 02:51:38 CEST    repeat=0 BBMSCore: running...
2026-07-28 02:51:38 CEST    repeat=0 BBMSCore: status=ok
2026-07-28 02:51:38 CEST    repeat=0 BBMSInter: running...
2026-07-28 02:51:38 CEST    repeat=0 BBMSInter: status=ok
2026-07-28 02:51:38 CEST    repeat=0 BBMSDppInstant: running...
2026-07-28 02:51:38 CEST    repeat=0 BBMSDppInstant: status=ok
2026-07-28 02:51:38 CEST    repeat=0 BBMSDppStepwise: running...
2026-07-28 02:51:39 CEST    repeat=0 BBMSDppStepwise: status=ok
2026-07-28 02:51:39 CEST    repeat=0 DijkstraPrims: running...
2026-07-28 02:51:39 CEST    repeat=0 DijkstraPrims: status=ok
2026-07-28 02:51:39 CEST    repeat=1 BBMSCore: running...
2026-07-28 02:51:39 CEST    repeat=1 BBMSCore: status=ok
2026-07-28 02:51:39 CEST    repeat=1 BBMSInter: running...
2026-07-28 02:51:39 CEST    repeat=1 BBMSInter: status=ok
2026-07-28 02:51:39 CEST    repeat=1 BBMSDppInstant: running...
2026-07-28 02:51:39 CEST    repeat=1 BBMSDppInstant: status=ok
2026-07-28 02:51:39 CEST    repeat=1 BBMSDppStepwise: running...
2026-07-28 02:51:39 CEST    repeat=1 BBMSDppStepwise: status=ok
2026-07-28 02:51:39 CEST    repeat=1 DijkstraPrims: running...
2026-07-28 02:51:39 CEST    repeat=1 DijkstraPrims: status=ok
2026-07-28 02:51:39 CEST    repeat=2 BBMSCore: running...
2026-07-28 02:51:39 CEST    repeat=2 BBMSCore: status=ok
2026-07-28 02:51:39 CEST    repeat=2 BBMSInter: running...
2026-07-28 02:51:39 CEST    repeat=2 BBMSInter: status=ok
2026-07-28 02:51:39 CEST    repeat=2 BBMSDppInstant: running...
2026-07-28 02:51:39 CEST    repeat=2 BBMSDppInstant: status=ok
2026-07-28 02:51:39 CEST    repeat=2 BBMSDppStepwise: running...
2026-07-28 02:51:39 CEST    repeat=2 BBMSDppStepwise: status=ok
2026-07-28 02:51:39 CEST    repeat=2 DijkstraPrims: running...
2026-07-28 02:51:39 CEST    repeat=2 DijkstraPrims: status=ok
2026-07-28 02:51:39 CEST  op-count pass
2026-07-28 02:51:39 CEST    BBMSCore: running...
2026-07-28 02:51:39 CEST    BBMSCore: status=ok
2026-07-28 02:51:39 CEST    BBMSInter: running...
2026-07-28 02:51:39 CEST    BBMSInter: status=ok
2026-07-28 02:51:39 CEST    BBMSDppInstant: running...
2026-07-28 02:51:39 CEST    BBMSDppInstant: status=ok
2026-07-28 02:51:39 CEST    BBMSDppStepwise: running...
2026-07-28 02:51:39 CEST    BBMSDppStepwise: status=ok
2026-07-28 02:51:39 CEST    DijkstraPrims: running...
2026-07-28 02:51:39 CEST    DijkstraPrims: status=ok
2026-07-28 02:51:39 CEST  cross-algorithm agreement: ok
2026-07-28 02:51:39 CEST  sample=2
2026-07-28 02:51:39 CEST  runtime/memory pass
2026-07-28 02:51:39 CEST    repeat=0 BBMSCore: running...
2026-07-28 02:51:40 CEST    repeat=0 BBMSCore: status=ok
2026-07-28 02:51:40 CEST    repeat=0 BBMSInter: running...
2026-07-28 02:51:40 CEST    repeat=0 BBMSInter: status=ok
2026-07-28 02:51:40 CEST    repeat=0 BBMSDppInstant: running...
2026-07-28 02:51:40 CEST    repeat=0 BBMSDppInstant: status=ok
2026-07-28 02:51:40 CEST    repeat=0 BBMSDppStepwise: running...
2026-07-28 02:51:40 CEST    repeat=0 BBMSDppStepwise: status=ok
2026-07-28 02:51:40 CEST    repeat=0 DijkstraPrims: running...
2026-07-28 02:51:40 CEST    repeat=0 DijkstraPrims: status=ok
2026-07-28 02:51:40 CEST    repeat=1 BBMSCore: running...
2026-07-28 02:51:40 CEST    repeat=1 BBMSCore: status=ok
2026-07-28 02:51:40 CEST    repeat=1 BBMSInter: running...
2026-07-28 02:51:40 CEST    repeat=1 BBMSInter: status=ok
2026-07-28 02:51:40 CEST    repeat=1 BBMSDppInstant: running...
2026-07-28 02:51:40 CEST    repeat=1 BBMSDppInstant: status=ok
2026-07-28 02:51:40 CEST    repeat=1 BBMSDppStepwise: running...
2026-07-28 02:51:40 CEST    repeat=1 BBMSDppStepwise: status=ok
2026-07-28 02:51:40 CEST    repeat=1 DijkstraPrims: running...
2026-07-28 02:51:40 CEST    repeat=1 DijkstraPrims: status=ok
2026-07-28 02:51:40 CEST    repeat=2 BBMSCore: running...
2026-07-28 02:51:40 CEST    repeat=2 BBMSCore: status=ok
2026-07-28 02:51:40 CEST    repeat=2 BBMSInter: running...
2026-07-28 02:51:40 CEST    repeat=2 BBMSInter: status=ok
2026-07-28 02:51:40 CEST    repeat=2 BBMSDppInstant: running...
2026-07-28 02:51:40 CEST    repeat=2 BBMSDppInstant: status=ok
2026-07-28 02:51:40 CEST    repeat=2 BBMSDppStepwise: running...
2026-07-28 02:51:40 CEST    repeat=2 BBMSDppStepwise: status=ok
2026-07-28 02:51:40 CEST    repeat=2 DijkstraPrims: running...
2026-07-28 02:51:40 CEST    repeat=2 DijkstraPrims: status=ok
2026-07-28 02:51:40 CEST  op-count pass
2026-07-28 02:51:40 CEST    BBMSCore: running...
2026-07-28 02:51:40 CEST    BBMSCore: status=ok
2026-07-28 02:51:40 CEST    BBMSInter: running...
2026-07-28 02:51:40 CEST    BBMSInter: status=ok
2026-07-28 02:51:40 CEST    BBMSDppInstant: running...
2026-07-28 02:51:40 CEST    BBMSDppInstant: status=ok
2026-07-28 02:51:40 CEST    BBMSDppStepwise: running...
2026-07-28 02:51:41 CEST    BBMSDppStepwise: status=ok
2026-07-28 02:51:41 CEST    DijkstraPrims: running...
2026-07-28 02:51:41 CEST    DijkstraPrims: status=ok
2026-07-28 02:51:41 CEST  cross-algorithm agreement: ok
2026-07-28 02:51:41 CEST  sample=3
2026-07-28 02:51:41 CEST  runtime/memory pass
2026-07-28 02:51:41 CEST    repeat=0 BBMSCore: running...
2026-07-28 02:51:41 CEST    repeat=0 BBMSCore: status=ok
2026-07-28 02:51:41 CEST    repeat=0 BBMSInter: running...
2026-07-28 02:51:41 CEST    repeat=0 BBMSInter: status=ok
2026-07-28 02:51:41 CEST    repeat=0 BBMSDppInstant: running...
2026-07-28 02:51:41 CEST    repeat=0 BBMSDppInstant: status=ok
2026-07-28 02:51:41 CEST    repeat=0 BBMSDppStepwise: running...
2026-07-28 02:51:41 CEST    repeat=0 BBMSDppStepwise: status=ok
2026-07-28 02:51:41 CEST    repeat=0 DijkstraPrims: running...
2026-07-28 02:51:41 CEST    repeat=0 DijkstraPrims: status=ok
2026-07-28 02:51:41 CEST    repeat=1 BBMSCore: running...
2026-07-28 02:51:41 CEST    repeat=1 BBMSCore: status=ok
2026-07-28 02:51:41 CEST    repeat=1 BBMSInter: running...
2026-07-28 02:51:41 CEST    repeat=1 BBMSInter: status=ok
2026-07-28 02:51:41 CEST    repeat=1 BBMSDppInstant: running...
2026-07-28 02:51:41 CEST    repeat=1 BBMSDppInstant: status=ok
2026-07-28 02:51:41 CEST    repeat=1 BBMSDppStepwise: running...
2026-07-28 02:51:41 CEST    repeat=1 BBMSDppStepwise: status=ok
2026-07-28 02:51:41 CEST    repeat=1 DijkstraPrims: running...
2026-07-28 02:51:41 CEST    repeat=1 DijkstraPrims: status=ok
2026-07-28 02:51:41 CEST    repeat=2 BBMSCore: running...
2026-07-28 02:51:41 CEST    repeat=2 BBMSCore: status=ok
2026-07-28 02:51:41 CEST    repeat=2 BBMSInter: running...
2026-07-28 02:51:41 CEST    repeat=2 BBMSInter: status=ok
2026-07-28 02:51:41 CEST    repeat=2 BBMSDppInstant: running...
2026-07-28 02:51:41 CEST    repeat=2 BBMSDppInstant: status=ok
2026-07-28 02:51:41 CEST    repeat=2 BBMSDppStepwise: running...
2026-07-28 02:51:41 CEST    repeat=2 BBMSDppStepwise: status=ok
2026-07-28 02:51:41 CEST    repeat=2 DijkstraPrims: running...
2026-07-28 02:51:41 CEST    repeat=2 DijkstraPrims: status=ok
2026-07-28 02:51:41 CEST  op-count pass
2026-07-28 02:51:41 CEST    BBMSCore: running...
2026-07-28 02:51:42 CEST    BBMSCore: status=ok
2026-07-28 02:51:42 CEST    BBMSInter: running...
2026-07-28 02:51:42 CEST    BBMSInter: status=ok
2026-07-28 02:51:42 CEST    BBMSDppInstant: running...
2026-07-28 02:51:42 CEST    BBMSDppInstant: status=ok
2026-07-28 02:51:42 CEST    BBMSDppStepwise: running...
2026-07-28 02:51:42 CEST    BBMSDppStepwise: status=ok
2026-07-28 02:51:42 CEST    DijkstraPrims: running...
2026-07-28 02:51:42 CEST    DijkstraPrims: status=ok
2026-07-28 02:51:42 CEST  cross-algorithm agreement: ok
2026-07-28 02:51:42 CEST  sample=4
2026-07-28 02:51:42 CEST  runtime/memory pass
2026-07-28 02:51:42 CEST    repeat=0 BBMSCore: running...
2026-07-28 02:51:42 CEST    repeat=0 BBMSCore: status=ok
2026-07-28 02:51:42 CEST    repeat=0 BBMSInter: running...
2026-07-28 02:51:42 CEST    repeat=0 BBMSInter: status=ok
2026-07-28 02:51:42 CEST    repeat=0 BBMSDppInstant: running...
2026-07-28 02:51:42 CEST    repeat=0 BBMSDppInstant: status=ok
2026-07-28 02:51:42 CEST    repeat=0 BBMSDppStepwise: running...
2026-07-28 02:51:42 CEST    repeat=0 BBMSDppStepwise: status=ok
2026-07-28 02:51:42 CEST    repeat=0 DijkstraPrims: running...
2026-07-28 02:51:42 CEST    repeat=0 DijkstraPrims: status=ok
2026-07-28 02:51:42 CEST    repeat=1 BBMSCore: running...
2026-07-28 02:51:42 CEST    repeat=1 BBMSCore: status=ok
2026-07-28 02:51:42 CEST    repeat=1 BBMSInter: running...
2026-07-28 02:51:42 CEST    repeat=1 BBMSInter: status=ok
2026-07-28 02:51:42 CEST    repeat=1 BBMSDppInstant: running...
2026-07-28 02:51:42 CEST    repeat=1 BBMSDppInstant: status=ok
2026-07-28 02:51:42 CEST    repeat=1 BBMSDppStepwise: running...
2026-07-28 02:51:42 CEST    repeat=1 BBMSDppStepwise: status=ok
2026-07-28 02:51:42 CEST    repeat=1 DijkstraPrims: running...
2026-07-28 02:51:42 CEST    repeat=1 DijkstraPrims: status=ok
2026-07-28 02:51:42 CEST    repeat=2 BBMSCore: running...
2026-07-28 02:51:42 CEST    repeat=2 BBMSCore: status=ok
2026-07-28 02:51:42 CEST    repeat=2 BBMSInter: running...
2026-07-28 02:51:42 CEST    repeat=2 BBMSInter: status=ok
2026-07-28 02:51:42 CEST    repeat=2 BBMSDppInstant: running...
2026-07-28 02:51:43 CEST    repeat=2 BBMSDppInstant: status=ok
2026-07-28 02:51:43 CEST    repeat=2 BBMSDppStepwise: running...
2026-07-28 02:51:43 CEST    repeat=2 BBMSDppStepwise: status=ok
2026-07-28 02:51:43 CEST    repeat=2 DijkstraPrims: running...
2026-07-28 02:51:43 CEST    repeat=2 DijkstraPrims: status=ok
2026-07-28 02:51:43 CEST  op-count pass
2026-07-28 02:51:43 CEST    BBMSCore: running...
2026-07-28 02:51:43 CEST    BBMSCore: status=ok
2026-07-28 02:51:43 CEST    BBMSInter: running...
2026-07-28 02:51:43 CEST    BBMSInter: status=ok
2026-07-28 02:51:43 CEST    BBMSDppInstant: running...
2026-07-28 02:51:43 CEST    BBMSDppInstant: status=ok
2026-07-28 02:51:43 CEST    BBMSDppStepwise: running...
2026-07-28 02:51:43 CEST    BBMSDppStepwise: status=ok
2026-07-28 02:51:43 CEST    DijkstraPrims: running...
2026-07-28 02:51:43 CEST    DijkstraPrims: status=ok
2026-07-28 02:51:43 CEST  cross-algorithm agreement: ok
2026-07-28 02:51:43 CEST  --- N=830 ---
2026-07-28 02:51:43 CEST  sample=0
2026-07-28 02:51:43 CEST  runtime/memory pass
2026-07-28 02:51:43 CEST    repeat=0 BBMSCore: running...
2026-07-28 02:51:43 CEST    repeat=0 BBMSCore: status=ok
2026-07-28 02:51:43 CEST    repeat=0 BBMSInter: running...
2026-07-28 02:51:43 CEST    repeat=0 BBMSInter: status=ok
2026-07-28 02:51:43 CEST    repeat=0 BBMSDppInstant: running...
2026-07-28 02:51:43 CEST    repeat=0 BBMSDppInstant: status=ok
2026-07-28 02:51:43 CEST    repeat=0 BBMSDppStepwise: running...
2026-07-28 02:51:44 CEST    repeat=0 BBMSDppStepwise: status=ok
2026-07-28 02:51:44 CEST    repeat=0 DijkstraPrims: running...
2026-07-28 02:51:44 CEST    repeat=0 DijkstraPrims: status=ok
2026-07-28 02:51:44 CEST    repeat=1 BBMSCore: running...
2026-07-28 02:51:44 CEST    repeat=1 BBMSCore: status=ok
2026-07-28 02:51:44 CEST    repeat=1 BBMSInter: running...
2026-07-28 02:51:44 CEST    repeat=1 BBMSInter: status=ok
2026-07-28 02:51:44 CEST    repeat=1 BBMSDppInstant: running...
2026-07-28 02:51:44 CEST    repeat=1 BBMSDppInstant: status=ok
2026-07-28 02:51:44 CEST    repeat=1 BBMSDppStepwise: running...
2026-07-28 02:51:45 CEST    repeat=1 BBMSDppStepwise: status=ok
2026-07-28 02:51:45 CEST    repeat=1 DijkstraPrims: running...
2026-07-28 02:51:45 CEST    repeat=1 DijkstraPrims: status=ok
2026-07-28 02:51:45 CEST    repeat=2 BBMSCore: running...
2026-07-28 02:51:45 CEST    repeat=2 BBMSCore: status=ok
2026-07-28 02:51:45 CEST    repeat=2 BBMSInter: running...
2026-07-28 02:51:45 CEST    repeat=2 BBMSInter: status=ok
2026-07-28 02:51:45 CEST    repeat=2 BBMSDppInstant: running...
2026-07-28 02:51:45 CEST    repeat=2 BBMSDppInstant: status=ok
2026-07-28 02:51:45 CEST    repeat=2 BBMSDppStepwise: running...
2026-07-28 02:51:45 CEST    repeat=2 BBMSDppStepwise: status=ok
2026-07-28 02:51:45 CEST    repeat=2 DijkstraPrims: running...
2026-07-28 02:51:46 CEST    repeat=2 DijkstraPrims: status=ok
2026-07-28 02:51:46 CEST  op-count pass
2026-07-28 02:51:46 CEST    BBMSCore: running...
2026-07-28 02:51:46 CEST    BBMSCore: status=ok
2026-07-28 02:51:46 CEST    BBMSInter: running...
2026-07-28 02:51:46 CEST    BBMSInter: status=ok
2026-07-28 02:51:46 CEST    BBMSDppInstant: running...
2026-07-28 02:51:46 CEST    BBMSDppInstant: status=ok
2026-07-28 02:51:46 CEST    BBMSDppStepwise: running...
2026-07-28 02:51:46 CEST    BBMSDppStepwise: status=ok
2026-07-28 02:51:46 CEST    DijkstraPrims: running...
2026-07-28 02:51:47 CEST    DijkstraPrims: status=ok
2026-07-28 02:51:47 CEST  cross-algorithm agreement: ok
2026-07-28 02:51:47 CEST  sample=1
2026-07-28 02:51:47 CEST  runtime/memory pass
2026-07-28 02:51:47 CEST    repeat=0 BBMSCore: running...
2026-07-28 02:51:47 CEST    repeat=0 BBMSCore: status=ok
2026-07-28 02:51:47 CEST    repeat=0 BBMSInter: running...
2026-07-28 02:51:47 CEST    repeat=0 BBMSInter: status=ok
2026-07-28 02:51:47 CEST    repeat=0 BBMSDppInstant: running...
2026-07-28 02:51:47 CEST    repeat=0 BBMSDppInstant: status=ok
2026-07-28 02:51:47 CEST    repeat=0 BBMSDppStepwise: running...
2026-07-28 02:51:47 CEST    repeat=0 BBMSDppStepwise: status=ok
2026-07-28 02:51:47 CEST    repeat=0 DijkstraPrims: running...
2026-07-28 02:51:47 CEST    repeat=0 DijkstraPrims: status=ok
2026-07-28 02:51:47 CEST    repeat=1 BBMSCore: running...
2026-07-28 02:51:48 CEST    repeat=1 BBMSCore: status=ok
2026-07-28 02:51:48 CEST    repeat=1 BBMSInter: running...
2026-07-28 02:51:48 CEST    repeat=1 BBMSInter: status=ok
2026-07-28 02:51:48 CEST    repeat=1 BBMSDppInstant: running...
2026-07-28 02:51:48 CEST    repeat=1 BBMSDppInstant: status=ok
2026-07-28 02:51:48 CEST    repeat=1 BBMSDppStepwise: running...
2026-07-28 02:51:48 CEST    repeat=1 BBMSDppStepwise: status=ok
2026-07-28 02:51:48 CEST    repeat=1 DijkstraPrims: running...
2026-07-28 02:51:48 CEST    repeat=1 DijkstraPrims: status=ok
2026-07-28 02:51:48 CEST    repeat=2 BBMSCore: running...
2026-07-28 02:51:49 CEST    repeat=2 BBMSCore: status=ok
2026-07-28 02:51:49 CEST    repeat=2 BBMSInter: running...
2026-07-28 02:51:49 CEST    repeat=2 BBMSInter: status=ok
2026-07-28 02:51:49 CEST    repeat=2 BBMSDppInstant: running...
2026-07-28 02:51:49 CEST    repeat=2 BBMSDppInstant: status=ok
2026-07-28 02:51:49 CEST    repeat=2 BBMSDppStepwise: running...
2026-07-28 02:51:49 CEST    repeat=2 BBMSDppStepwise: status=ok
2026-07-28 02:51:49 CEST    repeat=2 DijkstraPrims: running...
2026-07-28 02:51:49 CEST    repeat=2 DijkstraPrims: status=ok
2026-07-28 02:51:49 CEST  op-count pass
2026-07-28 02:51:49 CEST    BBMSCore: running...
2026-07-28 02:51:50 CEST    BBMSCore: status=ok
2026-07-28 02:51:50 CEST    BBMSInter: running...
2026-07-28 02:51:50 CEST    BBMSInter: status=ok
2026-07-28 02:51:50 CEST    BBMSDppInstant: running...
2026-07-28 02:51:50 CEST    BBMSDppInstant: status=ok
2026-07-28 02:51:50 CEST    BBMSDppStepwise: running...
2026-07-28 02:51:50 CEST    BBMSDppStepwise: status=ok
2026-07-28 02:51:50 CEST    DijkstraPrims: running...
2026-07-28 02:51:50 CEST    DijkstraPrims: status=ok
2026-07-28 02:51:50 CEST  cross-algorithm agreement: ok
2026-07-28 02:51:50 CEST  sample=2
2026-07-28 02:51:50 CEST  runtime/memory pass
2026-07-28 02:51:50 CEST    repeat=0 BBMSCore: running...
2026-07-28 02:51:50 CEST    repeat=0 BBMSCore: status=ok
2026-07-28 02:51:50 CEST    repeat=0 BBMSInter: running...
2026-07-28 02:51:50 CEST    repeat=0 BBMSInter: status=ok
2026-07-28 02:51:50 CEST    repeat=0 BBMSDppInstant: running...
2026-07-28 02:51:51 CEST    repeat=0 BBMSDppInstant: status=ok
2026-07-28 02:51:51 CEST    repeat=0 BBMSDppStepwise: running...
2026-07-28 02:51:51 CEST    repeat=0 BBMSDppStepwise: status=ok
2026-07-28 02:51:51 CEST    repeat=0 DijkstraPrims: running...
2026-07-28 02:51:51 CEST    repeat=0 DijkstraPrims: status=ok
2026-07-28 02:51:51 CEST    repeat=1 BBMSCore: running...
2026-07-28 02:51:51 CEST    repeat=1 BBMSCore: status=ok
2026-07-28 02:51:51 CEST    repeat=1 BBMSInter: running...
2026-07-28 02:51:51 CEST    repeat=1 BBMSInter: status=ok
2026-07-28 02:51:51 CEST    repeat=1 BBMSDppInstant: running...
2026-07-28 02:51:52 CEST    repeat=1 BBMSDppInstant: status=ok
2026-07-28 02:51:52 CEST    repeat=1 BBMSDppStepwise: running...
2026-07-28 02:51:52 CEST    repeat=1 BBMSDppStepwise: status=ok
2026-07-28 02:51:52 CEST    repeat=1 DijkstraPrims: running...
2026-07-28 02:51:52 CEST    repeat=1 DijkstraPrims: status=ok
2026-07-28 02:51:52 CEST    repeat=2 BBMSCore: running...
2026-07-28 02:51:52 CEST    repeat=2 BBMSCore: status=ok
2026-07-28 02:51:52 CEST    repeat=2 BBMSInter: running...
2026-07-28 02:51:52 CEST    repeat=2 BBMSInter: status=ok
2026-07-28 02:51:52 CEST    repeat=2 BBMSDppInstant: running...
2026-07-28 02:51:52 CEST    repeat=2 BBMSDppInstant: status=ok
2026-07-28 02:51:52 CEST    repeat=2 BBMSDppStepwise: running...
2026-07-28 02:51:53 CEST    repeat=2 BBMSDppStepwise: status=ok
2026-07-28 02:51:53 CEST    repeat=2 DijkstraPrims: running...
2026-07-28 02:51:53 CEST    repeat=2 DijkstraPrims: status=ok
2026-07-28 02:51:53 CEST  op-count pass
2026-07-28 02:51:53 CEST    BBMSCore: running...
2026-07-28 02:51:53 CEST    BBMSCore: status=ok
2026-07-28 02:51:53 CEST    BBMSInter: running...
2026-07-28 02:51:53 CEST    BBMSInter: status=ok
2026-07-28 02:51:53 CEST    BBMSDppInstant: running...
2026-07-28 02:51:53 CEST    BBMSDppInstant: status=ok
2026-07-28 02:51:53 CEST    BBMSDppStepwise: running...
2026-07-28 02:51:53 CEST    BBMSDppStepwise: status=ok
2026-07-28 02:51:53 CEST    DijkstraPrims: running...
2026-07-28 02:51:54 CEST    DijkstraPrims: status=ok
2026-07-28 02:51:54 CEST  cross-algorithm agreement: ok
2026-07-28 02:51:54 CEST  sample=3
2026-07-28 02:51:54 CEST  runtime/memory pass
2026-07-28 02:51:54 CEST    repeat=0 BBMSCore: running...
2026-07-28 02:51:54 CEST    repeat=0 BBMSCore: status=ok
2026-07-28 02:51:54 CEST    repeat=0 BBMSInter: running...
2026-07-28 02:51:54 CEST    repeat=0 BBMSInter: status=ok
2026-07-28 02:51:54 CEST    repeat=0 BBMSDppInstant: running...
2026-07-28 02:51:54 CEST    repeat=0 BBMSDppInstant: status=ok
2026-07-28 02:51:54 CEST    repeat=0 BBMSDppStepwise: running...
2026-07-28 02:51:54 CEST    repeat=0 BBMSDppStepwise: status=ok
2026-07-28 02:51:54 CEST    repeat=0 DijkstraPrims: running...
2026-07-28 02:51:55 CEST    repeat=0 DijkstraPrims: status=ok
2026-07-28 02:51:55 CEST    repeat=1 BBMSCore: running...
2026-07-28 02:51:55 CEST    repeat=1 BBMSCore: status=ok
2026-07-28 02:51:55 CEST    repeat=1 BBMSInter: running...
2026-07-28 02:51:55 CEST    repeat=1 BBMSInter: status=ok
2026-07-28 02:51:55 CEST    repeat=1 BBMSDppInstant: running...
2026-07-28 02:51:55 CEST    repeat=1 BBMSDppInstant: status=ok
2026-07-28 02:51:55 CEST    repeat=1 BBMSDppStepwise: running...
2026-07-28 02:51:55 CEST    repeat=1 BBMSDppStepwise: status=ok
2026-07-28 02:51:55 CEST    repeat=1 DijkstraPrims: running...
2026-07-28 02:51:55 CEST    repeat=1 DijkstraPrims: status=ok
2026-07-28 02:51:55 CEST    repeat=2 BBMSCore: running...
2026-07-28 02:51:56 CEST    repeat=2 BBMSCore: status=ok
2026-07-28 02:51:56 CEST    repeat=2 BBMSInter: running...
2026-07-28 02:51:56 CEST    repeat=2 BBMSInter: status=ok
2026-07-28 02:51:56 CEST    repeat=2 BBMSDppInstant: running...
2026-07-28 02:51:56 CEST    repeat=2 BBMSDppInstant: status=ok
2026-07-28 02:51:56 CEST    repeat=2 BBMSDppStepwise: running...
2026-07-28 02:51:56 CEST    repeat=2 BBMSDppStepwise: status=ok
2026-07-28 02:51:56 CEST    repeat=2 DijkstraPrims: running...
2026-07-28 02:51:56 CEST    repeat=2 DijkstraPrims: status=ok
2026-07-28 02:51:56 CEST  op-count pass
2026-07-28 02:51:56 CEST    BBMSCore: running...
2026-07-28 02:51:56 CEST    BBMSCore: status=ok
2026-07-28 02:51:56 CEST    BBMSInter: running...
2026-07-28 02:51:57 CEST    BBMSInter: status=ok
2026-07-28 02:51:57 CEST    BBMSDppInstant: running...
2026-07-28 02:51:57 CEST    BBMSDppInstant: status=ok
2026-07-28 02:51:57 CEST    BBMSDppStepwise: running...
2026-07-28 02:51:57 CEST    BBMSDppStepwise: status=ok
2026-07-28 02:51:57 CEST    DijkstraPrims: running...
2026-07-28 02:51:57 CEST    DijkstraPrims: status=ok
2026-07-28 02:51:57 CEST  cross-algorithm agreement: ok
2026-07-28 02:51:57 CEST  sample=4
2026-07-28 02:51:57 CEST  runtime/memory pass
2026-07-28 02:51:57 CEST    repeat=0 BBMSCore: running...
2026-07-28 02:51:57 CEST    repeat=0 BBMSCore: status=ok
2026-07-28 02:51:57 CEST    repeat=0 BBMSInter: running...
2026-07-28 02:51:58 CEST    repeat=0 BBMSInter: status=ok
2026-07-28 02:51:58 CEST    repeat=0 BBMSDppInstant: running...
2026-07-28 02:51:58 CEST    repeat=0 BBMSDppInstant: status=ok
2026-07-28 02:51:58 CEST    repeat=0 BBMSDppStepwise: running...
2026-07-28 02:51:58 CEST    repeat=0 BBMSDppStepwise: status=ok
2026-07-28 02:51:58 CEST    repeat=0 DijkstraPrims: running...
2026-07-28 02:51:58 CEST    repeat=0 DijkstraPrims: status=ok
2026-07-28 02:51:58 CEST    repeat=1 BBMSCore: running...
2026-07-28 02:51:58 CEST    repeat=1 BBMSCore: status=ok
2026-07-28 02:51:58 CEST    repeat=1 BBMSInter: running...
2026-07-28 02:51:58 CEST    repeat=1 BBMSInter: status=ok
2026-07-28 02:51:58 CEST    repeat=1 BBMSDppInstant: running...
2026-07-28 02:51:59 CEST    repeat=1 BBMSDppInstant: status=ok
2026-07-28 02:51:59 CEST    repeat=1 BBMSDppStepwise: running...
2026-07-28 02:51:59 CEST    repeat=1 BBMSDppStepwise: status=ok
2026-07-28 02:51:59 CEST    repeat=1 DijkstraPrims: running...
2026-07-28 02:51:59 CEST    repeat=1 DijkstraPrims: status=ok
2026-07-28 02:51:59 CEST    repeat=2 BBMSCore: running...
2026-07-28 02:51:59 CEST    repeat=2 BBMSCore: status=ok
2026-07-28 02:51:59 CEST    repeat=2 BBMSInter: running...
2026-07-28 02:51:59 CEST    repeat=2 BBMSInter: status=ok
2026-07-28 02:51:59 CEST    repeat=2 BBMSDppInstant: running...
2026-07-28 02:52:00 CEST    repeat=2 BBMSDppInstant: status=ok
2026-07-28 02:52:00 CEST    repeat=2 BBMSDppStepwise: running...
2026-07-28 02:52:00 CEST    repeat=2 BBMSDppStepwise: status=ok
2026-07-28 02:52:00 CEST    repeat=2 DijkstraPrims: running...
2026-07-28 02:52:00 CEST    repeat=2 DijkstraPrims: status=ok
2026-07-28 02:52:00 CEST  op-count pass
2026-07-28 02:52:00 CEST    BBMSCore: running...
2026-07-28 02:52:00 CEST    BBMSCore: status=ok
2026-07-28 02:52:00 CEST    BBMSInter: running...
2026-07-28 02:52:00 CEST    BBMSInter: status=ok
2026-07-28 02:52:00 CEST    BBMSDppInstant: running...
2026-07-28 02:52:00 CEST    BBMSDppInstant: status=ok
2026-07-28 02:52:00 CEST    BBMSDppStepwise: running...
2026-07-28 02:52:01 CEST    BBMSDppStepwise: status=ok
2026-07-28 02:52:01 CEST    DijkstraPrims: running...
2026-07-28 02:52:01 CEST    DijkstraPrims: status=ok
2026-07-28 02:52:01 CEST  cross-algorithm agreement: ok
2026-07-28 02:52:01 CEST  --- N=1400 ---
2026-07-28 02:52:01 CEST  sample=0
2026-07-28 02:52:01 CEST  runtime/memory pass
2026-07-28 02:52:01 CEST    repeat=0 BBMSCore: running...
2026-07-28 02:52:02 CEST    repeat=0 BBMSCore: status=ok
2026-07-28 02:52:02 CEST    repeat=0 BBMSInter: running...
2026-07-28 02:52:02 CEST    repeat=0 BBMSInter: status=ok
2026-07-28 02:52:02 CEST    repeat=0 BBMSDppInstant: running...
2026-07-28 02:52:03 CEST    repeat=0 BBMSDppInstant: status=ok
2026-07-28 02:52:03 CEST    repeat=0 BBMSDppStepwise: running...
2026-07-28 02:52:03 CEST    repeat=0 BBMSDppStepwise: status=ok
2026-07-28 02:52:03 CEST    repeat=0 DijkstraPrims: running...
2026-07-28 02:52:04 CEST    repeat=0 DijkstraPrims: status=ok
2026-07-28 02:52:04 CEST    repeat=1 BBMSCore: running...
2026-07-28 02:52:05 CEST    repeat=1 BBMSCore: status=ok
2026-07-28 02:52:05 CEST    repeat=1 BBMSInter: running...
2026-07-28 02:52:05 CEST    repeat=1 BBMSInter: status=ok
2026-07-28 02:52:05 CEST    repeat=1 BBMSDppInstant: running...
2026-07-28 02:52:06 CEST    repeat=1 BBMSDppInstant: status=ok
2026-07-28 02:52:06 CEST    repeat=1 BBMSDppStepwise: running...
2026-07-28 02:52:06 CEST    repeat=1 BBMSDppStepwise: status=ok
2026-07-28 02:52:06 CEST    repeat=1 DijkstraPrims: running...
2026-07-28 02:52:07 CEST    repeat=1 DijkstraPrims: status=ok
2026-07-28 02:52:07 CEST    repeat=2 BBMSCore: running...
2026-07-28 02:52:08 CEST    repeat=2 BBMSCore: status=ok
2026-07-28 02:52:08 CEST    repeat=2 BBMSInter: running...
2026-07-28 02:52:08 CEST    repeat=2 BBMSInter: status=ok
2026-07-28 02:52:08 CEST    repeat=2 BBMSDppInstant: running...
2026-07-28 02:52:09 CEST    repeat=2 BBMSDppInstant: status=ok
2026-07-28 02:52:09 CEST    repeat=2 BBMSDppStepwise: running...
2026-07-28 02:52:09 CEST    repeat=2 BBMSDppStepwise: status=ok
2026-07-28 02:52:09 CEST    repeat=2 DijkstraPrims: running...
2026-07-28 02:52:10 CEST    repeat=2 DijkstraPrims: status=ok
2026-07-28 02:52:10 CEST  op-count pass
2026-07-28 02:52:10 CEST    BBMSCore: running...
2026-07-28 02:52:11 CEST    BBMSCore: status=ok
2026-07-28 02:52:11 CEST    BBMSInter: running...
2026-07-28 02:52:11 CEST    BBMSInter: status=ok
2026-07-28 02:52:11 CEST    BBMSDppInstant: running...
2026-07-28 02:52:12 CEST    BBMSDppInstant: status=ok
2026-07-28 02:52:12 CEST    BBMSDppStepwise: running...
2026-07-28 02:52:13 CEST    BBMSDppStepwise: status=ok
2026-07-28 02:52:13 CEST    DijkstraPrims: running...
2026-07-28 02:52:13 CEST    DijkstraPrims: status=ok
2026-07-28 02:52:13 CEST  cross-algorithm agreement: ok
2026-07-28 02:52:13 CEST  sample=1
2026-07-28 02:52:13 CEST  runtime/memory pass
2026-07-28 02:52:13 CEST    repeat=0 BBMSCore: running...
2026-07-28 02:52:14 CEST    repeat=0 BBMSCore: status=ok
2026-07-28 02:52:14 CEST    repeat=0 BBMSInter: running...
2026-07-28 02:52:14 CEST    repeat=0 BBMSInter: status=ok
2026-07-28 02:52:14 CEST    repeat=0 BBMSDppInstant: running...
2026-07-28 02:52:15 CEST    repeat=0 BBMSDppInstant: status=ok
2026-07-28 02:52:15 CEST    repeat=0 BBMSDppStepwise: running...
2026-07-28 02:52:16 CEST    repeat=0 BBMSDppStepwise: status=ok
2026-07-28 02:52:16 CEST    repeat=0 DijkstraPrims: running...
2026-07-28 02:52:16 CEST    repeat=0 DijkstraPrims: status=ok
2026-07-28 02:52:16 CEST    repeat=1 BBMSCore: running...
2026-07-28 02:52:17 CEST    repeat=1 BBMSCore: status=ok
2026-07-28 02:52:17 CEST    repeat=1 BBMSInter: running...
2026-07-28 02:52:18 CEST    repeat=1 BBMSInter: status=ok
2026-07-28 02:52:18 CEST    repeat=1 BBMSDppInstant: running...
2026-07-28 02:52:18 CEST    repeat=1 BBMSDppInstant: status=ok
2026-07-28 02:52:18 CEST    repeat=1 BBMSDppStepwise: running...
2026-07-28 02:52:19 CEST    repeat=1 BBMSDppStepwise: status=ok
2026-07-28 02:52:19 CEST    repeat=1 DijkstraPrims: running...
2026-07-28 02:52:20 CEST    repeat=1 DijkstraPrims: status=ok
2026-07-28 02:52:20 CEST    repeat=2 BBMSCore: running...
2026-07-28 02:52:21 CEST    repeat=2 BBMSCore: status=ok
2026-07-28 02:52:21 CEST    repeat=2 BBMSInter: running...
2026-07-28 02:52:21 CEST    repeat=2 BBMSInter: status=ok
2026-07-28 02:52:21 CEST    repeat=2 BBMSDppInstant: running...
2026-07-28 02:52:22 CEST    repeat=2 BBMSDppInstant: status=ok
2026-07-28 02:52:22 CEST    repeat=2 BBMSDppStepwise: running...
2026-07-28 02:52:22 CEST    repeat=2 BBMSDppStepwise: status=ok
2026-07-28 02:52:22 CEST    repeat=2 DijkstraPrims: running...
2026-07-28 02:52:23 CEST    repeat=2 DijkstraPrims: status=ok
2026-07-28 02:52:23 CEST  op-count pass
2026-07-28 02:52:23 CEST    BBMSCore: running...
2026-07-28 02:52:24 CEST    BBMSCore: status=ok
2026-07-28 02:52:24 CEST    BBMSInter: running...
2026-07-28 02:52:24 CEST    BBMSInter: status=ok
2026-07-28 02:52:24 CEST    BBMSDppInstant: running...
2026-07-28 02:52:25 CEST    BBMSDppInstant: status=ok
2026-07-28 02:52:25 CEST    BBMSDppStepwise: running...
2026-07-28 02:52:26 CEST    BBMSDppStepwise: status=ok
2026-07-28 02:52:26 CEST    DijkstraPrims: running...
2026-07-28 02:52:26 CEST    DijkstraPrims: status=ok
2026-07-28 02:52:26 CEST  cross-algorithm agreement: ok
2026-07-28 02:52:26 CEST  sample=2
2026-07-28 02:52:26 CEST  runtime/memory pass
2026-07-28 02:52:26 CEST    repeat=0 BBMSCore: running...
2026-07-28 02:52:27 CEST    repeat=0 BBMSCore: status=ok
2026-07-28 02:52:27 CEST    repeat=0 BBMSInter: running...
2026-07-28 02:52:27 CEST    repeat=0 BBMSInter: status=ok
2026-07-28 02:52:27 CEST    repeat=0 BBMSDppInstant: running...
2026-07-28 02:52:28 CEST    repeat=0 BBMSDppInstant: status=ok
2026-07-28 02:52:28 CEST    repeat=0 BBMSDppStepwise: running...
2026-07-28 02:52:29 CEST    repeat=0 BBMSDppStepwise: status=ok
2026-07-28 02:52:29 CEST    repeat=0 DijkstraPrims: running...
2026-07-28 02:52:29 CEST    repeat=0 DijkstraPrims: status=ok
2026-07-28 02:52:29 CEST    repeat=1 BBMSCore: running...
2026-07-28 02:52:30 CEST    repeat=1 BBMSCore: status=ok
2026-07-28 02:52:30 CEST    repeat=1 BBMSInter: running...
2026-07-28 02:52:31 CEST    repeat=1 BBMSInter: status=ok
2026-07-28 02:52:31 CEST    repeat=1 BBMSDppInstant: running...
2026-07-28 02:52:31 CEST    repeat=1 BBMSDppInstant: status=ok
2026-07-28 02:52:31 CEST    repeat=1 BBMSDppStepwise: running...
2026-07-28 02:52:32 CEST    repeat=1 BBMSDppStepwise: status=ok
2026-07-28 02:52:32 CEST    repeat=1 DijkstraPrims: running...
2026-07-28 02:52:33 CEST    repeat=1 DijkstraPrims: status=ok
2026-07-28 02:52:33 CEST    repeat=2 BBMSCore: running...
2026-07-28 02:52:34 CEST    repeat=2 BBMSCore: status=ok
2026-07-28 02:52:34 CEST    repeat=2 BBMSInter: running...
2026-07-28 02:52:34 CEST    repeat=2 BBMSInter: status=ok
2026-07-28 02:52:34 CEST    repeat=2 BBMSDppInstant: running...
2026-07-28 02:52:35 CEST    repeat=2 BBMSDppInstant: status=ok
2026-07-28 02:52:35 CEST    repeat=2 BBMSDppStepwise: running...
2026-07-28 02:52:35 CEST    repeat=2 BBMSDppStepwise: status=ok
2026-07-28 02:52:35 CEST    repeat=2 DijkstraPrims: running...
2026-07-28 02:52:36 CEST    repeat=2 DijkstraPrims: status=ok
2026-07-28 02:52:36 CEST  op-count pass
2026-07-28 02:52:36 CEST    BBMSCore: running...
2026-07-28 02:52:37 CEST    BBMSCore: status=ok
2026-07-28 02:52:37 CEST    BBMSInter: running...
2026-07-28 02:52:37 CEST    BBMSInter: status=ok
2026-07-28 02:52:37 CEST    BBMSDppInstant: running...
2026-07-28 02:52:38 CEST    BBMSDppInstant: status=ok
2026-07-28 02:52:38 CEST    BBMSDppStepwise: running...
2026-07-28 02:52:39 CEST    BBMSDppStepwise: status=ok
2026-07-28 02:52:39 CEST    DijkstraPrims: running...
2026-07-28 02:52:39 CEST    DijkstraPrims: status=ok
2026-07-28 02:52:39 CEST  cross-algorithm agreement: ok
2026-07-28 02:52:39 CEST  sample=3
2026-07-28 02:52:39 CEST  runtime/memory pass
2026-07-28 02:52:39 CEST    repeat=0 BBMSCore: running...
2026-07-28 02:52:40 CEST    repeat=0 BBMSCore: status=ok
2026-07-28 02:52:40 CEST    repeat=0 BBMSInter: running...
2026-07-28 02:52:41 CEST    repeat=0 BBMSInter: status=ok
2026-07-28 02:52:41 CEST    repeat=0 BBMSDppInstant: running...
2026-07-28 02:52:41 CEST    repeat=0 BBMSDppInstant: status=ok
2026-07-28 02:52:41 CEST    repeat=0 BBMSDppStepwise: running...
2026-07-28 02:52:42 CEST    repeat=0 BBMSDppStepwise: status=ok
2026-07-28 02:52:42 CEST    repeat=0 DijkstraPrims: running...
2026-07-28 02:52:43 CEST    repeat=0 DijkstraPrims: status=ok
2026-07-28 02:52:43 CEST    repeat=1 BBMSCore: running...
2026-07-28 02:52:44 CEST    repeat=1 BBMSCore: status=ok
2026-07-28 02:52:44 CEST    repeat=1 BBMSInter: running...
2026-07-28 02:52:44 CEST    repeat=1 BBMSInter: status=ok
2026-07-28 02:52:44 CEST    repeat=1 BBMSDppInstant: running...
2026-07-28 02:52:45 CEST    repeat=1 BBMSDppInstant: status=ok
2026-07-28 02:52:45 CEST    repeat=1 BBMSDppStepwise: running...
2026-07-28 02:52:45 CEST    repeat=1 BBMSDppStepwise: status=ok
2026-07-28 02:52:45 CEST    repeat=1 DijkstraPrims: running...
2026-07-28 02:52:46 CEST    repeat=1 DijkstraPrims: status=ok
2026-07-28 02:52:46 CEST    repeat=2 BBMSCore: running...
2026-07-28 02:52:47 CEST    repeat=2 BBMSCore: status=ok
2026-07-28 02:52:47 CEST    repeat=2 BBMSInter: running...
2026-07-28 02:52:47 CEST    repeat=2 BBMSInter: status=ok
2026-07-28 02:52:47 CEST    repeat=2 BBMSDppInstant: running...
2026-07-28 02:52:48 CEST    repeat=2 BBMSDppInstant: status=ok
2026-07-28 02:52:48 CEST    repeat=2 BBMSDppStepwise: running...
2026-07-28 02:52:48 CEST    repeat=2 BBMSDppStepwise: status=ok
2026-07-28 02:52:48 CEST    repeat=2 DijkstraPrims: running...
2026-07-28 02:52:49 CEST    repeat=2 DijkstraPrims: status=ok
2026-07-28 02:52:49 CEST  op-count pass
2026-07-28 02:52:49 CEST    BBMSCore: running...
2026-07-28 02:52:50 CEST    BBMSCore: status=ok
2026-07-28 02:52:50 CEST    BBMSInter: running...
2026-07-28 02:52:50 CEST    BBMSInter: status=ok
2026-07-28 02:52:50 CEST    BBMSDppInstant: running...
2026-07-28 02:52:51 CEST    BBMSDppInstant: status=ok
2026-07-28 02:52:51 CEST    BBMSDppStepwise: running...
2026-07-28 02:52:52 CEST    BBMSDppStepwise: status=ok
2026-07-28 02:52:52 CEST    DijkstraPrims: running...
2026-07-28 02:52:52 CEST    DijkstraPrims: status=ok
2026-07-28 02:52:52 CEST  cross-algorithm agreement: ok
2026-07-28 02:52:52 CEST  sample=4
2026-07-28 02:52:52 CEST  runtime/memory pass
2026-07-28 02:52:52 CEST    repeat=0 BBMSCore: running...
2026-07-28 02:52:53 CEST    repeat=0 BBMSCore: status=ok
2026-07-28 02:52:53 CEST    repeat=0 BBMSInter: running...
2026-07-28 02:52:54 CEST    repeat=0 BBMSInter: status=ok
2026-07-28 02:52:54 CEST    repeat=0 BBMSDppInstant: running...
2026-07-28 02:52:54 CEST    repeat=0 BBMSDppInstant: status=ok
2026-07-28 02:52:54 CEST    repeat=0 BBMSDppStepwise: running...
2026-07-28 02:52:55 CEST    repeat=0 BBMSDppStepwise: status=ok
2026-07-28 02:52:55 CEST    repeat=0 DijkstraPrims: running...
2026-07-28 02:52:56 CEST    repeat=0 DijkstraPrims: status=ok
2026-07-28 02:52:56 CEST    repeat=1 BBMSCore: running...
2026-07-28 02:52:57 CEST    repeat=1 BBMSCore: status=ok
2026-07-28 02:52:57 CEST    repeat=1 BBMSInter: running...
2026-07-28 02:52:57 CEST    repeat=1 BBMSInter: status=ok
2026-07-28 02:52:57 CEST    repeat=1 BBMSDppInstant: running...
2026-07-28 02:52:58 CEST    repeat=1 BBMSDppInstant: status=ok
2026-07-28 02:52:58 CEST    repeat=1 BBMSDppStepwise: running...
2026-07-28 02:52:58 CEST    repeat=1 BBMSDppStepwise: status=ok
2026-07-28 02:52:58 CEST    repeat=1 DijkstraPrims: running...
2026-07-28 02:52:59 CEST    repeat=1 DijkstraPrims: status=ok
2026-07-28 02:52:59 CEST    repeat=2 BBMSCore: running...
2026-07-28 02:53:00 CEST    repeat=2 BBMSCore: status=ok
2026-07-28 02:53:00 CEST    repeat=2 BBMSInter: running...
2026-07-28 02:53:00 CEST    repeat=2 BBMSInter: status=ok
2026-07-28 02:53:00 CEST    repeat=2 BBMSDppInstant: running...
2026-07-28 02:53:01 CEST    repeat=2 BBMSDppInstant: status=ok
2026-07-28 02:53:01 CEST    repeat=2 BBMSDppStepwise: running...
2026-07-28 02:53:02 CEST    repeat=2 BBMSDppStepwise: status=ok
2026-07-28 02:53:02 CEST    repeat=2 DijkstraPrims: running...
2026-07-28 02:53:02 CEST    repeat=2 DijkstraPrims: status=ok
2026-07-28 02:53:02 CEST  op-count pass
2026-07-28 02:53:02 CEST    BBMSCore: running...
2026-07-28 02:53:03 CEST    BBMSCore: status=ok
2026-07-28 02:53:03 CEST    BBMSInter: running...
2026-07-28 02:53:04 CEST    BBMSInter: status=ok
2026-07-28 02:53:04 CEST    BBMSDppInstant: running...
2026-07-28 02:53:04 CEST    BBMSDppInstant: status=ok
2026-07-28 02:53:04 CEST    BBMSDppStepwise: running...
2026-07-28 02:53:05 CEST    BBMSDppStepwise: status=ok
2026-07-28 02:53:05 CEST    DijkstraPrims: running...
2026-07-28 02:53:06 CEST    DijkstraPrims: status=ok
2026-07-28 02:53:06 CEST  cross-algorithm agreement: ok
2026-07-28 02:53:06 CEST  --- N=2300 ---
2026-07-28 02:53:06 CEST  sample=0
2026-07-28 02:53:06 CEST  runtime/memory pass
2026-07-28 02:53:06 CEST    repeat=0 BBMSCore: running...
2026-07-28 02:53:10 CEST    repeat=0 BBMSCore: status=ok
2026-07-28 02:53:10 CEST    repeat=0 BBMSInter: running...
2026-07-28 02:53:11 CEST    repeat=0 BBMSInter: status=ok
2026-07-28 02:53:11 CEST    repeat=0 BBMSDppInstant: running...
2026-07-28 02:53:13 CEST    repeat=0 BBMSDppInstant: status=ok
2026-07-28 02:53:13 CEST    repeat=0 BBMSDppStepwise: running...
2026-07-28 02:53:15 CEST    repeat=0 BBMSDppStepwise: status=ok
2026-07-28 02:53:15 CEST    repeat=0 DijkstraPrims: running...
2026-07-28 02:53:17 CEST    repeat=0 DijkstraPrims: status=ok
2026-07-28 02:53:17 CEST    repeat=1 BBMSCore: running...
2026-07-28 02:53:21 CEST    repeat=1 BBMSCore: status=ok
2026-07-28 02:53:21 CEST    repeat=1 BBMSInter: running...
2026-07-28 02:53:22 CEST    repeat=1 BBMSInter: status=ok
2026-07-28 02:53:22 CEST    repeat=1 BBMSDppInstant: running...
2026-07-28 02:53:24 CEST    repeat=1 BBMSDppInstant: status=ok
2026-07-28 02:53:24 CEST    repeat=1 BBMSDppStepwise: running...
2026-07-28 02:53:26 CEST    repeat=1 BBMSDppStepwise: status=ok
2026-07-28 02:53:26 CEST    repeat=1 DijkstraPrims: running...
2026-07-28 02:53:28 CEST    repeat=1 DijkstraPrims: status=ok
2026-07-28 02:53:28 CEST    repeat=2 BBMSCore: running...
2026-07-28 02:53:32 CEST    repeat=2 BBMSCore: status=ok
2026-07-28 02:53:32 CEST    repeat=2 BBMSInter: running...
2026-07-28 02:53:33 CEST    repeat=2 BBMSInter: status=ok
2026-07-28 02:53:33 CEST    repeat=2 BBMSDppInstant: running...
2026-07-28 02:53:35 CEST    repeat=2 BBMSDppInstant: status=ok
2026-07-28 02:53:35 CEST    repeat=2 BBMSDppStepwise: running...
2026-07-28 02:53:37 CEST    repeat=2 BBMSDppStepwise: status=ok
2026-07-28 02:53:37 CEST    repeat=2 DijkstraPrims: running...
2026-07-28 02:53:39 CEST    repeat=2 DijkstraPrims: status=ok
2026-07-28 02:53:39 CEST  op-count pass
2026-07-28 02:53:39 CEST    BBMSCore: running...
2026-07-28 02:53:43 CEST    BBMSCore: status=ok
2026-07-28 02:53:43 CEST    BBMSInter: running...
2026-07-28 02:53:45 CEST    BBMSInter: status=ok
2026-07-28 02:53:45 CEST    BBMSDppInstant: running...
2026-07-28 02:53:46 CEST    BBMSDppInstant: status=ok
2026-07-28 02:53:46 CEST    BBMSDppStepwise: running...
2026-07-28 02:53:48 CEST    BBMSDppStepwise: status=ok
2026-07-28 02:53:48 CEST    DijkstraPrims: running...
2026-07-28 02:53:50 CEST    DijkstraPrims: status=ok
2026-07-28 02:53:50 CEST  cross-algorithm agreement: ok
2026-07-28 02:53:50 CEST  sample=1
2026-07-28 02:53:50 CEST  runtime/memory pass
2026-07-28 02:53:50 CEST    repeat=0 BBMSCore: running...
2026-07-28 02:53:55 CEST    repeat=0 BBMSCore: status=ok
2026-07-28 02:53:55 CEST    repeat=0 BBMSInter: running...
2026-07-28 02:53:56 CEST    repeat=0 BBMSInter: status=ok
2026-07-28 02:53:56 CEST    repeat=0 BBMSDppInstant: running...
2026-07-28 02:53:58 CEST    repeat=0 BBMSDppInstant: status=ok
2026-07-28 02:53:58 CEST    repeat=0 BBMSDppStepwise: running...
2026-07-28 02:53:59 CEST    repeat=0 BBMSDppStepwise: status=ok
2026-07-28 02:53:59 CEST    repeat=0 DijkstraPrims: running...
2026-07-28 02:54:01 CEST    repeat=0 DijkstraPrims: status=ok
2026-07-28 02:54:01 CEST    repeat=1 BBMSCore: running...
2026-07-28 02:54:06 CEST    repeat=1 BBMSCore: status=ok
2026-07-28 02:54:06 CEST    repeat=1 BBMSInter: running...
2026-07-28 02:54:07 CEST    repeat=1 BBMSInter: status=ok
2026-07-28 02:54:07 CEST    repeat=1 BBMSDppInstant: running...
2026-07-28 02:54:09 CEST    repeat=1 BBMSDppInstant: status=ok
2026-07-28 02:54:09 CEST    repeat=1 BBMSDppStepwise: running...
2026-07-28 02:54:11 CEST    repeat=1 BBMSDppStepwise: status=ok
2026-07-28 02:54:11 CEST    repeat=1 DijkstraPrims: running...
2026-07-28 02:54:13 CEST    repeat=1 DijkstraPrims: status=ok
2026-07-28 02:54:13 CEST    repeat=2 BBMSCore: running...
2026-07-28 02:54:17 CEST    repeat=2 BBMSCore: status=ok
2026-07-28 02:54:17 CEST    repeat=2 BBMSInter: running...
2026-07-28 02:54:18 CEST    repeat=2 BBMSInter: status=ok
2026-07-28 02:54:18 CEST    repeat=2 BBMSDppInstant: running...
2026-07-28 02:54:20 CEST    repeat=2 BBMSDppInstant: status=ok
2026-07-28 02:54:20 CEST    repeat=2 BBMSDppStepwise: running...
2026-07-28 02:54:22 CEST    repeat=2 BBMSDppStepwise: status=ok
2026-07-28 02:54:22 CEST    repeat=2 DijkstraPrims: running...
2026-07-28 02:54:24 CEST    repeat=2 DijkstraPrims: status=ok
2026-07-28 02:54:24 CEST  op-count pass
2026-07-28 02:54:24 CEST    BBMSCore: running...
2026-07-28 02:54:28 CEST    BBMSCore: status=ok
2026-07-28 02:54:28 CEST    BBMSInter: running...
2026-07-28 02:54:29 CEST    BBMSInter: status=ok
2026-07-28 02:54:29 CEST    BBMSDppInstant: running...
2026-07-28 02:54:31 CEST    BBMSDppInstant: status=ok
2026-07-28 02:54:31 CEST    BBMSDppStepwise: running...
2026-07-28 02:54:33 CEST    BBMSDppStepwise: status=ok
2026-07-28 02:54:33 CEST    DijkstraPrims: running...
2026-07-28 02:54:35 CEST    DijkstraPrims: status=ok
2026-07-28 02:54:35 CEST  cross-algorithm agreement: ok
2026-07-28 02:54:35 CEST  sample=2
2026-07-28 02:54:35 CEST  runtime/memory pass
2026-07-28 02:54:35 CEST    repeat=0 BBMSCore: running...
2026-07-28 02:54:39 CEST    repeat=0 BBMSCore: status=ok
2026-07-28 02:54:39 CEST    repeat=0 BBMSInter: running...
2026-07-28 02:54:40 CEST    repeat=0 BBMSInter: status=ok
2026-07-28 02:54:40 CEST    repeat=0 BBMSDppInstant: running...
2026-07-28 02:54:42 CEST    repeat=0 BBMSDppInstant: status=ok
2026-07-28 02:54:42 CEST    repeat=0 BBMSDppStepwise: running...
2026-07-28 02:54:44 CEST    repeat=0 BBMSDppStepwise: status=ok
2026-07-28 02:54:44 CEST    repeat=0 DijkstraPrims: running...
2026-07-28 02:54:46 CEST    repeat=0 DijkstraPrims: status=ok
2026-07-28 02:54:46 CEST    repeat=1 BBMSCore: running...
2026-07-28 02:54:49 CEST    repeat=1 BBMSCore: status=ok
2026-07-28 02:54:49 CEST    repeat=1 BBMSInter: running...
2026-07-28 02:54:51 CEST    repeat=1 BBMSInter: status=ok
2026-07-28 02:54:51 CEST    repeat=1 BBMSDppInstant: running...
2026-07-28 02:54:52 CEST    repeat=1 BBMSDppInstant: status=ok
2026-07-28 02:54:52 CEST    repeat=1 BBMSDppStepwise: running...
2026-07-28 02:54:54 CEST    repeat=1 BBMSDppStepwise: status=ok
2026-07-28 02:54:54 CEST    repeat=1 DijkstraPrims: running...
2026-07-28 02:54:56 CEST    repeat=1 DijkstraPrims: status=ok
2026-07-28 02:54:56 CEST    repeat=2 BBMSCore: running...
2026-07-28 02:55:00 CEST    repeat=2 BBMSCore: status=ok
2026-07-28 02:55:00 CEST    repeat=2 BBMSInter: running...
2026-07-28 02:55:01 CEST    repeat=2 BBMSInter: status=ok
2026-07-28 02:55:01 CEST    repeat=2 BBMSDppInstant: running...
2026-07-28 02:55:03 CEST    repeat=2 BBMSDppInstant: status=ok
2026-07-28 02:55:03 CEST    repeat=2 BBMSDppStepwise: running...
2026-07-28 02:55:05 CEST    repeat=2 BBMSDppStepwise: status=ok
2026-07-28 02:55:05 CEST    repeat=2 DijkstraPrims: running...
2026-07-28 02:55:07 CEST    repeat=2 DijkstraPrims: status=ok
2026-07-28 02:55:07 CEST  op-count pass
2026-07-28 02:55:07 CEST    BBMSCore: running...
2026-07-28 02:55:11 CEST    BBMSCore: status=ok
2026-07-28 02:55:11 CEST    BBMSInter: running...
2026-07-28 02:55:12 CEST    BBMSInter: status=ok
2026-07-28 02:55:12 CEST    BBMSDppInstant: running...
2026-07-28 02:55:14 CEST    BBMSDppInstant: status=ok
2026-07-28 02:55:14 CEST    BBMSDppStepwise: running...
2026-07-28 02:55:16 CEST    BBMSDppStepwise: status=ok
2026-07-28 02:55:16 CEST    DijkstraPrims: running...
2026-07-28 02:55:18 CEST    DijkstraPrims: status=ok
2026-07-28 02:55:18 CEST  cross-algorithm agreement: ok
2026-07-28 02:55:18 CEST  sample=3
2026-07-28 02:55:18 CEST  runtime/memory pass
2026-07-28 02:55:18 CEST    repeat=0 BBMSCore: running...
2026-07-28 02:55:22 CEST    repeat=0 BBMSCore: status=ok
2026-07-28 02:55:22 CEST    repeat=0 BBMSInter: running...
2026-07-28 02:55:23 CEST    repeat=0 BBMSInter: status=ok
2026-07-28 02:55:23 CEST    repeat=0 BBMSDppInstant: running...
2026-07-28 02:55:25 CEST    repeat=0 BBMSDppInstant: status=ok
2026-07-28 02:55:25 CEST    repeat=0 BBMSDppStepwise: running...
2026-07-28 02:55:26 CEST    repeat=0 BBMSDppStepwise: status=ok
2026-07-28 02:55:26 CEST    repeat=0 DijkstraPrims: running...
2026-07-28 02:55:28 CEST    repeat=0 DijkstraPrims: status=ok
2026-07-28 02:55:28 CEST    repeat=1 BBMSCore: running...
2026-07-28 02:55:32 CEST    repeat=1 BBMSCore: status=ok
2026-07-28 02:55:32 CEST    repeat=1 BBMSInter: running...
2026-07-28 02:55:34 CEST    repeat=1 BBMSInter: status=ok
2026-07-28 02:55:34 CEST    repeat=1 BBMSDppInstant: running...
2026-07-28 02:55:35 CEST    repeat=1 BBMSDppInstant: status=ok
2026-07-28 02:55:35 CEST    repeat=1 BBMSDppStepwise: running...
2026-07-28 02:55:37 CEST    repeat=1 BBMSDppStepwise: status=ok
2026-07-28 02:55:37 CEST    repeat=1 DijkstraPrims: running...
2026-07-28 02:55:39 CEST    repeat=1 DijkstraPrims: status=ok
2026-07-28 02:55:39 CEST    repeat=2 BBMSCore: running...
2026-07-28 02:55:43 CEST    repeat=2 BBMSCore: status=ok
2026-07-28 02:55:43 CEST    repeat=2 BBMSInter: running...
2026-07-28 02:55:44 CEST    repeat=2 BBMSInter: status=ok
2026-07-28 02:55:44 CEST    repeat=2 BBMSDppInstant: running...
2026-07-28 02:55:46 CEST    repeat=2 BBMSDppInstant: status=ok
2026-07-28 02:55:46 CEST    repeat=2 BBMSDppStepwise: running...
2026-07-28 02:55:48 CEST    repeat=2 BBMSDppStepwise: status=ok
2026-07-28 02:55:48 CEST    repeat=2 DijkstraPrims: running...
2026-07-28 02:55:50 CEST    repeat=2 DijkstraPrims: status=ok
2026-07-28 02:55:50 CEST  op-count pass
2026-07-28 02:55:50 CEST    BBMSCore: running...
2026-07-28 02:55:54 CEST    BBMSCore: status=ok
2026-07-28 02:55:54 CEST    BBMSInter: running...
2026-07-28 02:55:55 CEST    BBMSInter: status=ok
2026-07-28 02:55:55 CEST    BBMSDppInstant: running...
2026-07-28 02:55:57 CEST    BBMSDppInstant: status=ok
2026-07-28 02:55:57 CEST    BBMSDppStepwise: running...
2026-07-28 02:55:59 CEST    BBMSDppStepwise: status=ok
2026-07-28 02:55:59 CEST    DijkstraPrims: running...
2026-07-28 02:56:01 CEST    DijkstraPrims: status=ok
2026-07-28 02:56:01 CEST  cross-algorithm agreement: ok
2026-07-28 02:56:01 CEST  sample=4
2026-07-28 02:56:01 CEST  runtime/memory pass
2026-07-28 02:56:01 CEST    repeat=0 BBMSCore: running...
2026-07-28 02:56:05 CEST    repeat=0 BBMSCore: status=ok
2026-07-28 02:56:05 CEST    repeat=0 BBMSInter: running...
2026-07-28 02:56:06 CEST    repeat=0 BBMSInter: status=ok
2026-07-28 02:56:06 CEST    repeat=0 BBMSDppInstant: running...
2026-07-28 02:56:08 CEST    repeat=0 BBMSDppInstant: status=ok
2026-07-28 02:56:08 CEST    repeat=0 BBMSDppStepwise: running...
2026-07-28 02:56:10 CEST    repeat=0 BBMSDppStepwise: status=ok
2026-07-28 02:56:10 CEST    repeat=0 DijkstraPrims: running...
2026-07-28 02:56:12 CEST    repeat=0 DijkstraPrims: status=ok
2026-07-28 02:56:12 CEST    repeat=1 BBMSCore: running...
2026-07-28 02:56:16 CEST    repeat=1 BBMSCore: status=ok
2026-07-28 02:56:16 CEST    repeat=1 BBMSInter: running...
2026-07-28 02:56:17 CEST    repeat=1 BBMSInter: status=ok
2026-07-28 02:56:17 CEST    repeat=1 BBMSDppInstant: running...
2026-07-28 02:56:19 CEST    repeat=1 BBMSDppInstant: status=ok
2026-07-28 02:56:19 CEST    repeat=1 BBMSDppStepwise: running...
2026-07-28 02:56:21 CEST    repeat=1 BBMSDppStepwise: status=ok
2026-07-28 02:56:21 CEST    repeat=1 DijkstraPrims: running...
2026-07-28 02:56:23 CEST    repeat=1 DijkstraPrims: status=ok
2026-07-28 02:56:23 CEST    repeat=2 BBMSCore: running...
2026-07-28 02:56:27 CEST    repeat=2 BBMSCore: status=ok
2026-07-28 02:56:27 CEST    repeat=2 BBMSInter: running...
2026-07-28 02:56:28 CEST    repeat=2 BBMSInter: status=ok
2026-07-28 02:56:28 CEST    repeat=2 BBMSDppInstant: running...
2026-07-28 02:56:30 CEST    repeat=2 BBMSDppInstant: status=ok
2026-07-28 02:56:30 CEST    repeat=2 BBMSDppStepwise: running...
2026-07-28 02:56:32 CEST    repeat=2 BBMSDppStepwise: status=ok
2026-07-28 02:56:32 CEST    repeat=2 DijkstraPrims: running...
2026-07-28 02:56:34 CEST    repeat=2 DijkstraPrims: status=ok
2026-07-28 02:56:34 CEST  op-count pass
2026-07-28 02:56:34 CEST    BBMSCore: running...
2026-07-28 02:56:38 CEST    BBMSCore: status=ok
2026-07-28 02:56:38 CEST    BBMSInter: running...
2026-07-28 02:56:39 CEST    BBMSInter: status=ok
2026-07-28 02:56:39 CEST    BBMSDppInstant: running...
2026-07-28 02:56:41 CEST    BBMSDppInstant: status=ok
2026-07-28 02:56:41 CEST    BBMSDppStepwise: running...
2026-07-28 02:56:43 CEST    BBMSDppStepwise: status=ok
2026-07-28 02:56:43 CEST    DijkstraPrims: running...
2026-07-28 02:56:45 CEST    DijkstraPrims: status=ok
2026-07-28 02:56:45 CEST  cross-algorithm agreement: ok
2026-07-28 02:56:45 CEST  --- N=3900 ---
2026-07-28 02:56:45 CEST  sample=0
2026-07-28 02:56:45 CEST  runtime/memory pass
2026-07-28 02:56:45 CEST    repeat=0 BBMSCore: running...
2026-07-28 02:57:02 CEST    repeat=0 BBMSCore: status=ok
2026-07-28 02:57:02 CEST    repeat=0 BBMSInter: running...
2026-07-28 02:57:07 CEST    repeat=0 BBMSInter: status=ok
2026-07-28 02:57:07 CEST    repeat=0 BBMSDppInstant: running...
2026-07-28 02:57:12 CEST    repeat=0 BBMSDppInstant: status=ok
2026-07-28 02:57:12 CEST    repeat=0 BBMSDppStepwise: running...
2026-07-28 02:57:18 CEST    repeat=0 BBMSDppStepwise: status=ok
2026-07-28 02:57:18 CEST    repeat=0 DijkstraPrims: running...
2026-07-28 02:57:25 CEST    repeat=0 DijkstraPrims: status=ok
2026-07-28 02:57:25 CEST    repeat=1 BBMSCore: running...
2026-07-28 02:57:42 CEST    repeat=1 BBMSCore: status=ok
2026-07-28 02:57:42 CEST    repeat=1 BBMSInter: running...
2026-07-28 02:57:47 CEST    repeat=1 BBMSInter: status=ok
2026-07-28 02:57:47 CEST    repeat=1 BBMSDppInstant: running...
2026-07-28 02:57:53 CEST    repeat=1 BBMSDppInstant: status=ok
2026-07-28 02:57:53 CEST    repeat=1 BBMSDppStepwise: running...
2026-07-28 02:57:59 CEST    repeat=1 BBMSDppStepwise: status=ok
2026-07-28 02:57:59 CEST    repeat=1 DijkstraPrims: running...
2026-07-28 02:58:05 CEST    repeat=1 DijkstraPrims: status=ok
2026-07-28 02:58:05 CEST    repeat=2 BBMSCore: running...
2026-07-28 02:58:23 CEST    repeat=2 BBMSCore: status=ok
2026-07-28 02:58:23 CEST    repeat=2 BBMSInter: running...
2026-07-28 02:58:27 CEST    repeat=2 BBMSInter: status=ok
2026-07-28 02:58:27 CEST    repeat=2 BBMSDppInstant: running...
2026-07-28 02:58:33 CEST    repeat=2 BBMSDppInstant: status=ok
2026-07-28 02:58:33 CEST    repeat=2 BBMSDppStepwise: running...
2026-07-28 02:58:39 CEST    repeat=2 BBMSDppStepwise: status=ok
2026-07-28 02:58:39 CEST    repeat=2 DijkstraPrims: running...
2026-07-28 02:58:46 CEST    repeat=2 DijkstraPrims: status=ok
2026-07-28 02:58:46 CEST  op-count pass
2026-07-28 02:58:46 CEST    BBMSCore: running...
2026-07-28 02:59:03 CEST    BBMSCore: status=ok
2026-07-28 02:59:03 CEST    BBMSInter: running...
2026-07-28 02:59:08 CEST    BBMSInter: status=ok
2026-07-28 02:59:08 CEST    BBMSDppInstant: running...
2026-07-28 02:59:14 CEST    BBMSDppInstant: status=ok
2026-07-28 02:59:14 CEST    BBMSDppStepwise: running...
2026-07-28 02:59:19 CEST    BBMSDppStepwise: status=ok
2026-07-28 02:59:19 CEST    DijkstraPrims: running...
2026-07-28 02:59:26 CEST    DijkstraPrims: status=ok
2026-07-28 02:59:26 CEST  cross-algorithm agreement: ok
2026-07-28 02:59:26 CEST  sample=1
2026-07-28 02:59:26 CEST  runtime/memory pass
2026-07-28 02:59:26 CEST    repeat=0 BBMSCore: running...
2026-07-28 02:59:43 CEST    repeat=0 BBMSCore: status=ok
2026-07-28 02:59:43 CEST    repeat=0 BBMSInter: running...
2026-07-28 02:59:48 CEST    repeat=0 BBMSInter: status=ok
2026-07-28 02:59:48 CEST    repeat=0 BBMSDppInstant: running...
2026-07-28 02:59:53 CEST    repeat=0 BBMSDppInstant: status=ok
2026-07-28 02:59:53 CEST    repeat=0 BBMSDppStepwise: running...
2026-07-28 02:59:59 CEST    repeat=0 BBMSDppStepwise: status=ok
2026-07-28 02:59:59 CEST    repeat=0 DijkstraPrims: running...
2026-07-28 03:00:06 CEST    repeat=0 DijkstraPrims: status=ok
2026-07-28 03:00:06 CEST    repeat=1 BBMSCore: running...
2026-07-28 03:00:23 CEST    repeat=1 BBMSCore: status=ok
2026-07-28 03:00:23 CEST    repeat=1 BBMSInter: running...
2026-07-28 03:00:27 CEST    repeat=1 BBMSInter: status=ok
2026-07-28 03:00:27 CEST    repeat=1 BBMSDppInstant: running...
2026-07-28 03:00:33 CEST    repeat=1 BBMSDppInstant: status=ok
2026-07-28 03:00:33 CEST    repeat=1 BBMSDppStepwise: running...
2026-07-28 03:00:39 CEST    repeat=1 BBMSDppStepwise: status=ok
2026-07-28 03:00:39 CEST    repeat=1 DijkstraPrims: running...
2026-07-28 03:00:46 CEST    repeat=1 DijkstraPrims: status=ok
2026-07-28 03:00:46 CEST    repeat=2 BBMSCore: running...
2026-07-28 03:01:03 CEST    repeat=2 BBMSCore: status=ok
2026-07-28 03:01:03 CEST    repeat=2 BBMSInter: running...
2026-07-28 03:01:07 CEST    repeat=2 BBMSInter: status=ok
2026-07-28 03:01:07 CEST    repeat=2 BBMSDppInstant: running...
2026-07-28 03:01:13 CEST    repeat=2 BBMSDppInstant: status=ok
2026-07-28 03:01:13 CEST    repeat=2 BBMSDppStepwise: running...
2026-07-28 03:01:19 CEST    repeat=2 BBMSDppStepwise: status=ok
2026-07-28 03:01:19 CEST    repeat=2 DijkstraPrims: running...
2026-07-28 03:01:25 CEST    repeat=2 DijkstraPrims: status=ok
2026-07-28 03:01:25 CEST  op-count pass
2026-07-28 03:01:25 CEST    BBMSCore: running...
2026-07-28 03:01:42 CEST    BBMSCore: status=ok
2026-07-28 03:01:42 CEST    BBMSInter: running...
2026-07-28 03:01:47 CEST    BBMSInter: status=ok
2026-07-28 03:01:47 CEST    BBMSDppInstant: running...
2026-07-28 03:01:53 CEST    BBMSDppInstant: status=ok
2026-07-28 03:01:53 CEST    BBMSDppStepwise: running...
2026-07-28 03:01:59 CEST    BBMSDppStepwise: status=ok
2026-07-28 03:01:59 CEST    DijkstraPrims: running...
2026-07-28 03:02:06 CEST    DijkstraPrims: status=ok
2026-07-28 03:02:06 CEST  cross-algorithm agreement: ok
2026-07-28 03:02:06 CEST  sample=2
2026-07-28 03:02:06 CEST  runtime/memory pass
2026-07-28 03:02:06 CEST    repeat=0 BBMSCore: running...
2026-07-28 03:02:22 CEST    repeat=0 BBMSCore: status=ok
2026-07-28 03:02:22 CEST    repeat=0 BBMSInter: running...
2026-07-28 03:02:27 CEST    repeat=0 BBMSInter: status=ok
2026-07-28 03:02:27 CEST    repeat=0 BBMSDppInstant: running...
2026-07-28 03:02:32 CEST    repeat=0 BBMSDppInstant: status=ok
2026-07-28 03:02:32 CEST    repeat=0 BBMSDppStepwise: running...
2026-07-28 03:02:38 CEST    repeat=0 BBMSDppStepwise: status=ok
2026-07-28 03:02:38 CEST    repeat=0 DijkstraPrims: running...
2026-07-28 03:02:45 CEST    repeat=0 DijkstraPrims: status=ok
2026-07-28 03:02:45 CEST    repeat=1 BBMSCore: running...
2026-07-28 03:03:02 CEST    repeat=1 BBMSCore: status=ok
2026-07-28 03:03:02 CEST    repeat=1 BBMSInter: running...
2026-07-28 03:03:06 CEST    repeat=1 BBMSInter: status=ok
2026-07-28 03:03:06 CEST    repeat=1 BBMSDppInstant: running...
2026-07-28 03:03:12 CEST    repeat=1 BBMSDppInstant: status=ok
2026-07-28 03:03:12 CEST    repeat=1 BBMSDppStepwise: running...
2026-07-28 03:03:18 CEST    repeat=1 BBMSDppStepwise: status=ok
2026-07-28 03:03:18 CEST    repeat=1 DijkstraPrims: running...
2026-07-28 03:03:25 CEST    repeat=1 DijkstraPrims: status=ok
2026-07-28 03:03:25 CEST    repeat=2 BBMSCore: running...
2026-07-28 03:03:41 CEST    repeat=2 BBMSCore: status=ok
2026-07-28 03:03:41 CEST    repeat=2 BBMSInter: running...
2026-07-28 03:03:46 CEST    repeat=2 BBMSInter: status=ok
2026-07-28 03:03:46 CEST    repeat=2 BBMSDppInstant: running...
2026-07-28 03:03:51 CEST    repeat=2 BBMSDppInstant: status=ok
2026-07-28 03:03:51 CEST    repeat=2 BBMSDppStepwise: running...
2026-07-28 03:03:57 CEST    repeat=2 BBMSDppStepwise: status=ok
2026-07-28 03:03:57 CEST    repeat=2 DijkstraPrims: running...
2026-07-28 03:04:04 CEST    repeat=2 DijkstraPrims: status=ok
2026-07-28 03:04:04 CEST  op-count pass
2026-07-28 03:04:04 CEST    BBMSCore: running...
2026-07-28 03:04:21 CEST    BBMSCore: status=ok
2026-07-28 03:04:21 CEST    BBMSInter: running...
2026-07-28 03:04:25 CEST    BBMSInter: status=ok
2026-07-28 03:04:25 CEST    BBMSDppInstant: running...
2026-07-28 03:04:31 CEST    BBMSDppInstant: status=ok
2026-07-28 03:04:31 CEST    BBMSDppStepwise: running...
2026-07-28 03:04:37 CEST    BBMSDppStepwise: status=ok
2026-07-28 03:04:37 CEST    DijkstraPrims: running...
2026-07-28 03:04:44 CEST    DijkstraPrims: status=ok
2026-07-28 03:04:44 CEST  cross-algorithm agreement: ok
2026-07-28 03:04:44 CEST  sample=3
2026-07-28 03:04:44 CEST  runtime/memory pass
2026-07-28 03:04:44 CEST    repeat=0 BBMSCore: running...
2026-07-28 03:05:01 CEST    repeat=0 BBMSCore: status=ok
2026-07-28 03:05:01 CEST    repeat=0 BBMSInter: running...
2026-07-28 03:05:05 CEST    repeat=0 BBMSInter: status=ok
2026-07-28 03:05:05 CEST    repeat=0 BBMSDppInstant: running...
2026-07-28 03:05:11 CEST    repeat=0 BBMSDppInstant: status=ok
2026-07-28 03:05:11 CEST    repeat=0 BBMSDppStepwise: running...
2026-07-28 03:05:17 CEST    repeat=0 BBMSDppStepwise: status=ok
2026-07-28 03:05:17 CEST    repeat=0 DijkstraPrims: running...
2026-07-28 03:05:24 CEST    repeat=0 DijkstraPrims: status=ok
2026-07-28 03:05:24 CEST    repeat=1 BBMSCore: running...
2026-07-28 03:05:41 CEST    repeat=1 BBMSCore: status=ok
2026-07-28 03:05:41 CEST    repeat=1 BBMSInter: running...
2026-07-28 03:05:45 CEST    repeat=1 BBMSInter: status=ok
2026-07-28 03:05:45 CEST    repeat=1 BBMSDppInstant: running...
2026-07-28 03:05:51 CEST    repeat=1 BBMSDppInstant: status=ok
2026-07-28 03:05:51 CEST    repeat=1 BBMSDppStepwise: running...
2026-07-28 03:05:57 CEST    repeat=1 BBMSDppStepwise: status=ok
2026-07-28 03:05:57 CEST    repeat=1 DijkstraPrims: running...
2026-07-28 03:06:04 CEST    repeat=1 DijkstraPrims: status=ok
2026-07-28 03:06:04 CEST    repeat=2 BBMSCore: running...
2026-07-28 03:06:21 CEST    repeat=2 BBMSCore: status=ok
2026-07-28 03:06:21 CEST    repeat=2 BBMSInter: running...
2026-07-28 03:06:25 CEST    repeat=2 BBMSInter: status=ok
2026-07-28 03:06:25 CEST    repeat=2 BBMSDppInstant: running...
2026-07-28 03:06:31 CEST    repeat=2 BBMSDppInstant: status=ok
2026-07-28 03:06:31 CEST    repeat=2 BBMSDppStepwise: running...
2026-07-28 03:06:37 CEST    repeat=2 BBMSDppStepwise: status=ok
2026-07-28 03:06:37 CEST    repeat=2 DijkstraPrims: running...
2026-07-28 03:06:44 CEST    repeat=2 DijkstraPrims: status=ok
2026-07-28 03:06:44 CEST  op-count pass
2026-07-28 03:06:44 CEST    BBMSCore: running...
2026-07-28 03:07:01 CEST    BBMSCore: status=ok
2026-07-28 03:07:01 CEST    BBMSInter: running...
2026-07-28 03:07:06 CEST    BBMSInter: status=ok
2026-07-28 03:07:06 CEST    BBMSDppInstant: running...
2026-07-28 03:07:12 CEST    BBMSDppInstant: status=ok
2026-07-28 03:07:12 CEST    BBMSDppStepwise: running...
2026-07-28 03:07:17 CEST    BBMSDppStepwise: status=ok
2026-07-28 03:07:17 CEST    DijkstraPrims: running...
2026-07-28 03:07:24 CEST    DijkstraPrims: status=ok
2026-07-28 03:07:24 CEST  cross-algorithm agreement: ok
2026-07-28 03:07:24 CEST  sample=4
2026-07-28 03:07:24 CEST  runtime/memory pass
2026-07-28 03:07:24 CEST    repeat=0 BBMSCore: running...
2026-07-28 03:07:41 CEST    repeat=0 BBMSCore: status=ok
2026-07-28 03:07:41 CEST    repeat=0 BBMSInter: running...
2026-07-28 03:07:45 CEST    repeat=0 BBMSInter: status=ok
2026-07-28 03:07:45 CEST    repeat=0 BBMSDppInstant: running...
2026-07-28 03:07:51 CEST    repeat=0 BBMSDppInstant: status=ok
2026-07-28 03:07:51 CEST    repeat=0 BBMSDppStepwise: running...
2026-07-28 03:07:57 CEST    repeat=0 BBMSDppStepwise: status=ok
2026-07-28 03:07:57 CEST    repeat=0 DijkstraPrims: running...
2026-07-28 03:08:04 CEST    repeat=0 DijkstraPrims: status=ok
2026-07-28 03:08:04 CEST    repeat=1 BBMSCore: running...
2026-07-28 03:08:21 CEST    repeat=1 BBMSCore: status=ok
2026-07-28 03:08:21 CEST    repeat=1 BBMSInter: running...
2026-07-28 03:08:25 CEST    repeat=1 BBMSInter: status=ok
2026-07-28 03:08:25 CEST    repeat=1 BBMSDppInstant: running...
2026-07-28 03:08:31 CEST    repeat=1 BBMSDppInstant: status=ok
2026-07-28 03:08:31 CEST    repeat=1 BBMSDppStepwise: running...
2026-07-28 03:08:36 CEST    repeat=1 BBMSDppStepwise: status=ok
2026-07-28 03:08:36 CEST    repeat=1 DijkstraPrims: running...
2026-07-28 03:08:43 CEST    repeat=1 DijkstraPrims: status=ok
2026-07-28 03:08:43 CEST    repeat=2 BBMSCore: running...
2026-07-28 03:09:00 CEST    repeat=2 BBMSCore: status=ok
2026-07-28 03:09:00 CEST    repeat=2 BBMSInter: running...
2026-07-28 03:09:04 CEST    repeat=2 BBMSInter: status=ok
2026-07-28 03:09:04 CEST    repeat=2 BBMSDppInstant: running...
2026-07-28 03:09:10 CEST    repeat=2 BBMSDppInstant: status=ok
2026-07-28 03:09:10 CEST    repeat=2 BBMSDppStepwise: running...
2026-07-28 03:09:16 CEST    repeat=2 BBMSDppStepwise: status=ok
2026-07-28 03:09:16 CEST    repeat=2 DijkstraPrims: running...
2026-07-28 03:09:23 CEST    repeat=2 DijkstraPrims: status=ok
2026-07-28 03:09:23 CEST  op-count pass
2026-07-28 03:09:23 CEST    BBMSCore: running...
2026-07-28 03:09:40 CEST    BBMSCore: status=ok
2026-07-28 03:09:40 CEST    BBMSInter: running...
2026-07-28 03:09:44 CEST    BBMSInter: status=ok
2026-07-28 03:09:44 CEST    BBMSDppInstant: running...
2026-07-28 03:09:50 CEST    BBMSDppInstant: status=ok
2026-07-28 03:09:50 CEST    BBMSDppStepwise: running...
2026-07-28 03:09:56 CEST    BBMSDppStepwise: status=ok
2026-07-28 03:09:56 CEST    DijkstraPrims: running...
2026-07-28 03:10:02 CEST    DijkstraPrims: status=ok
2026-07-28 03:10:02 CEST  cross-algorithm agreement: ok
2026-07-28 03:10:02 CEST  --- N=6500 ---
2026-07-28 03:10:02 CEST  sample=0
2026-07-28 03:10:02 CEST  runtime/memory pass
2026-07-28 03:10:02 CEST    repeat=0 BBMSCore: running...
2026-07-28 03:11:12 CEST    repeat=0 BBMSCore: status=ok
2026-07-28 03:11:12 CEST    repeat=0 BBMSInter: running...
2026-07-28 03:11:27 CEST    repeat=0 BBMSInter: status=ok
2026-07-28 03:11:27 CEST    repeat=0 BBMSDppInstant: running...
2026-07-28 03:11:45 CEST    repeat=0 BBMSDppInstant: status=ok
2026-07-28 03:11:45 CEST    repeat=0 BBMSDppStepwise: running...
2026-07-28 03:12:02 CEST    repeat=0 BBMSDppStepwise: status=ok
2026-07-28 03:12:02 CEST    repeat=0 DijkstraPrims: running...
2026-07-28 03:12:22 CEST    repeat=0 DijkstraPrims: status=ok
2026-07-28 03:12:22 CEST    repeat=1 BBMSCore: running...
2026-07-28 03:13:31 CEST    repeat=1 BBMSCore: status=ok
2026-07-28 03:13:31 CEST    repeat=1 BBMSInter: running...
2026-07-28 03:13:46 CEST    repeat=1 BBMSInter: status=ok
2026-07-28 03:13:46 CEST    repeat=1 BBMSDppInstant: running...
2026-07-28 03:14:04 CEST    repeat=1 BBMSDppInstant: status=ok
2026-07-28 03:14:04 CEST    repeat=1 BBMSDppStepwise: running...
2026-07-28 03:14:21 CEST    repeat=1 BBMSDppStepwise: status=ok
2026-07-28 03:14:21 CEST    repeat=1 DijkstraPrims: running...
2026-07-28 03:14:41 CEST    repeat=1 DijkstraPrims: status=ok
2026-07-28 03:14:41 CEST    repeat=2 BBMSCore: running...
2026-07-28 03:15:50 CEST    repeat=2 BBMSCore: status=ok
2026-07-28 03:15:50 CEST    repeat=2 BBMSInter: running...
2026-07-28 03:16:05 CEST    repeat=2 BBMSInter: status=ok
2026-07-28 03:16:05 CEST    repeat=2 BBMSDppInstant: running...
2026-07-28 03:16:23 CEST    repeat=2 BBMSDppInstant: status=ok
2026-07-28 03:16:23 CEST    repeat=2 BBMSDppStepwise: running...
2026-07-28 03:16:40 CEST    repeat=2 BBMSDppStepwise: status=ok
2026-07-28 03:16:40 CEST    repeat=2 DijkstraPrims: running...
2026-07-28 03:17:00 CEST    repeat=2 DijkstraPrims: status=ok
2026-07-28 03:17:00 CEST  op-count pass
2026-07-28 03:17:00 CEST    BBMSCore: running...
2026-07-28 03:18:09 CEST    BBMSCore: status=ok
2026-07-28 03:18:09 CEST    BBMSInter: running...
2026-07-28 03:18:24 CEST    BBMSInter: status=ok
2026-07-28 03:18:24 CEST    BBMSDppInstant: running...
2026-07-28 03:18:43 CEST    BBMSDppInstant: status=ok
2026-07-28 03:18:43 CEST    BBMSDppStepwise: running...
2026-07-28 03:19:00 CEST    BBMSDppStepwise: status=ok
2026-07-28 03:19:00 CEST    DijkstraPrims: running...
2026-07-28 03:19:20 CEST    DijkstraPrims: status=ok
2026-07-28 03:19:20 CEST  cross-algorithm agreement: ok
2026-07-28 03:19:20 CEST  sample=1
2026-07-28 03:19:20 CEST  runtime/memory pass
2026-07-28 03:19:20 CEST    repeat=0 BBMSCore: running...
2026-07-28 03:20:31 CEST    repeat=0 BBMSCore: status=ok
2026-07-28 03:20:31 CEST    repeat=0 BBMSInter: running...
2026-07-28 03:20:46 CEST    repeat=0 BBMSInter: status=ok
2026-07-28 03:20:46 CEST    repeat=0 BBMSDppInstant: running...
2026-07-28 03:21:05 CEST    repeat=0 BBMSDppInstant: status=ok
2026-07-28 03:21:05 CEST    repeat=0 BBMSDppStepwise: running...
2026-07-28 03:21:22 CEST    repeat=0 BBMSDppStepwise: status=ok
2026-07-28 03:21:22 CEST    repeat=0 DijkstraPrims: running...
2026-07-28 03:21:41 CEST    repeat=0 DijkstraPrims: status=ok
2026-07-28 03:21:41 CEST    repeat=1 BBMSCore: running...
2026-07-28 03:22:54 CEST    repeat=1 BBMSCore: status=ok
2026-07-28 03:22:54 CEST    repeat=1 BBMSInter: running...
2026-07-28 03:23:09 CEST    repeat=1 BBMSInter: status=ok
2026-07-28 03:23:09 CEST    repeat=1 BBMSDppInstant: running...
2026-07-28 03:23:28 CEST    repeat=1 BBMSDppInstant: status=ok
2026-07-28 03:23:28 CEST    repeat=1 BBMSDppStepwise: running...
2026-07-28 03:23:45 CEST    repeat=1 BBMSDppStepwise: status=ok
2026-07-28 03:23:45 CEST    repeat=1 DijkstraPrims: running...
2026-07-28 03:24:04 CEST    repeat=1 DijkstraPrims: status=ok
2026-07-28 03:24:04 CEST    repeat=2 BBMSCore: running...
2026-07-28 03:25:16 CEST    repeat=2 BBMSCore: status=ok
2026-07-28 03:25:16 CEST    repeat=2 BBMSInter: running...
2026-07-28 03:25:32 CEST    repeat=2 BBMSInter: status=ok
2026-07-28 03:25:32 CEST    repeat=2 BBMSDppInstant: running...
2026-07-28 03:25:50 CEST    repeat=2 BBMSDppInstant: status=ok
2026-07-28 03:25:50 CEST    repeat=2 BBMSDppStepwise: running...
2026-07-28 03:26:07 CEST    repeat=2 BBMSDppStepwise: status=ok
2026-07-28 03:26:07 CEST    repeat=2 DijkstraPrims: running...
2026-07-28 03:26:27 CEST    repeat=2 DijkstraPrims: status=ok
2026-07-28 03:26:27 CEST  op-count pass
2026-07-28 03:26:27 CEST    BBMSCore: running...
2026-07-28 03:27:39 CEST    BBMSCore: status=ok
2026-07-28 03:27:39 CEST    BBMSInter: running...
2026-07-28 03:27:55 CEST    BBMSInter: status=ok
2026-07-28 03:27:55 CEST    BBMSDppInstant: running...
2026-07-28 03:28:13 CEST    BBMSDppInstant: status=ok
2026-07-28 03:28:13 CEST    BBMSDppStepwise: running...
2026-07-28 03:28:30 CEST    BBMSDppStepwise: status=ok
2026-07-28 03:28:30 CEST    DijkstraPrims: running...
2026-07-28 03:28:50 CEST    DijkstraPrims: status=ok
2026-07-28 03:28:50 CEST  cross-algorithm agreement: ok
2026-07-28 03:28:50 CEST  sample=2
2026-07-28 03:28:50 CEST  runtime/memory pass
2026-07-28 03:28:50 CEST    repeat=0 BBMSCore: running...
2026-07-28 03:30:00 CEST    repeat=0 BBMSCore: status=ok
2026-07-28 03:30:00 CEST    repeat=0 BBMSInter: running...
2026-07-28 03:30:15 CEST    repeat=0 BBMSInter: status=ok
2026-07-28 03:30:15 CEST    repeat=0 BBMSDppInstant: running...
2026-07-28 03:30:33 CEST    repeat=0 BBMSDppInstant: status=ok
2026-07-28 03:30:33 CEST    repeat=0 BBMSDppStepwise: running...
2026-07-28 03:30:50 CEST    repeat=0 BBMSDppStepwise: status=ok
2026-07-28 03:30:50 CEST    repeat=0 DijkstraPrims: running...
2026-07-28 03:31:10 CEST    repeat=0 DijkstraPrims: status=ok
2026-07-28 03:31:10 CEST    repeat=1 BBMSCore: running...
2026-07-28 03:32:20 CEST    repeat=1 BBMSCore: status=ok
2026-07-28 03:32:20 CEST    repeat=1 BBMSInter: running...
2026-07-28 03:32:35 CEST    repeat=1 BBMSInter: status=ok
2026-07-28 03:32:35 CEST    repeat=1 BBMSDppInstant: running...
2026-07-28 03:32:53 CEST    repeat=1 BBMSDppInstant: status=ok
2026-07-28 03:32:53 CEST    repeat=1 BBMSDppStepwise: running...
2026-07-28 03:33:11 CEST    repeat=1 BBMSDppStepwise: status=ok
2026-07-28 03:33:11 CEST    repeat=1 DijkstraPrims: running...
2026-07-28 03:33:30 CEST    repeat=1 DijkstraPrims: status=ok
2026-07-28 03:33:30 CEST    repeat=2 BBMSCore: running...
2026-07-28 03:34:41 CEST    repeat=2 BBMSCore: status=ok
2026-07-28 03:34:41 CEST    repeat=2 BBMSInter: running...
2026-07-28 03:34:55 CEST    repeat=2 BBMSInter: status=ok
2026-07-28 03:34:55 CEST    repeat=2 BBMSDppInstant: running...
2026-07-28 03:35:14 CEST    repeat=2 BBMSDppInstant: status=ok
2026-07-28 03:35:14 CEST    repeat=2 BBMSDppStepwise: running...
2026-07-28 03:35:31 CEST    repeat=2 BBMSDppStepwise: status=ok
2026-07-28 03:35:31 CEST    repeat=2 DijkstraPrims: running...
2026-07-28 03:35:50 CEST    repeat=2 DijkstraPrims: status=ok
2026-07-28 03:35:50 CEST  op-count pass
2026-07-28 03:35:50 CEST    BBMSCore: running...
2026-07-28 03:37:01 CEST    BBMSCore: status=ok
2026-07-28 03:37:01 CEST    BBMSInter: running...
2026-07-28 03:37:16 CEST    BBMSInter: status=ok
2026-07-28 03:37:16 CEST    BBMSDppInstant: running...
2026-07-28 03:37:35 CEST    BBMSDppInstant: status=ok
2026-07-28 03:37:35 CEST    BBMSDppStepwise: running...
2026-07-28 03:37:53 CEST    BBMSDppStepwise: status=ok
2026-07-28 03:37:53 CEST    DijkstraPrims: running...
2026-07-28 03:38:12 CEST    DijkstraPrims: status=ok
2026-07-28 03:38:12 CEST  cross-algorithm agreement: ok
2026-07-28 03:38:12 CEST  sample=3
2026-07-28 03:38:12 CEST  runtime/memory pass
2026-07-28 03:38:12 CEST    repeat=0 BBMSCore: running...
2026-07-28 03:39:21 CEST    repeat=0 BBMSCore: status=ok
2026-07-28 03:39:21 CEST    repeat=0 BBMSInter: running...
2026-07-28 03:39:37 CEST    repeat=0 BBMSInter: status=ok
2026-07-28 03:39:37 CEST    repeat=0 BBMSDppInstant: running...
2026-07-28 03:39:55 CEST    repeat=0 BBMSDppInstant: status=ok
2026-07-28 03:39:55 CEST    repeat=0 BBMSDppStepwise: running...
2026-07-28 03:40:13 CEST    repeat=0 BBMSDppStepwise: status=ok
2026-07-28 03:40:13 CEST    repeat=0 DijkstraPrims: running...
2026-07-28 03:40:32 CEST    repeat=0 DijkstraPrims: status=ok
2026-07-28 03:40:32 CEST    repeat=1 BBMSCore: running...
2026-07-28 03:41:41 CEST    repeat=1 BBMSCore: status=ok
2026-07-28 03:41:41 CEST    repeat=1 BBMSInter: running...
2026-07-28 03:41:57 CEST    repeat=1 BBMSInter: status=ok
2026-07-28 03:41:57 CEST    repeat=1 BBMSDppInstant: running...
2026-07-28 03:42:15 CEST    repeat=1 BBMSDppInstant: status=ok
2026-07-28 03:42:15 CEST    repeat=1 BBMSDppStepwise: running...
2026-07-28 03:42:33 CEST    repeat=1 BBMSDppStepwise: status=ok
2026-07-28 03:42:33 CEST    repeat=1 DijkstraPrims: running...
2026-07-28 03:42:52 CEST    repeat=1 DijkstraPrims: status=ok
2026-07-28 03:42:52 CEST    repeat=2 BBMSCore: running...
2026-07-28 03:44:01 CEST    repeat=2 BBMSCore: status=ok
2026-07-28 03:44:01 CEST    repeat=2 BBMSInter: running...
2026-07-28 03:44:16 CEST    repeat=2 BBMSInter: status=ok
2026-07-28 03:44:16 CEST    repeat=2 BBMSDppInstant: running...
2026-07-28 03:44:34 CEST    repeat=2 BBMSDppInstant: status=ok
2026-07-28 03:44:34 CEST    repeat=2 BBMSDppStepwise: running...
2026-07-28 03:44:51 CEST    repeat=2 BBMSDppStepwise: status=ok
2026-07-28 03:44:51 CEST    repeat=2 DijkstraPrims: running...
2026-07-28 03:45:10 CEST    repeat=2 DijkstraPrims: status=ok
2026-07-28 03:45:10 CEST  op-count pass
2026-07-28 03:45:10 CEST    BBMSCore: running...
2026-07-28 03:46:17 CEST    BBMSCore: status=ok
2026-07-28 03:46:17 CEST    BBMSInter: running...
2026-07-28 03:46:33 CEST    BBMSInter: status=ok
2026-07-28 03:46:33 CEST    BBMSDppInstant: running...
2026-07-28 03:46:51 CEST    BBMSDppInstant: status=ok
2026-07-28 03:46:51 CEST    BBMSDppStepwise: running...
2026-07-28 03:47:08 CEST    BBMSDppStepwise: status=ok
2026-07-28 03:47:08 CEST    DijkstraPrims: running...
2026-07-28 03:47:27 CEST    DijkstraPrims: status=ok
2026-07-28 03:47:27 CEST  cross-algorithm agreement: ok
2026-07-28 03:47:27 CEST  sample=4
2026-07-28 03:47:27 CEST  runtime/memory pass
2026-07-28 03:47:27 CEST    repeat=0 BBMSCore: running...
2026-07-28 03:48:40 CEST    repeat=0 BBMSCore: status=ok
2026-07-28 03:48:40 CEST    repeat=0 BBMSInter: running...
2026-07-28 03:48:55 CEST    repeat=0 BBMSInter: status=ok
2026-07-28 03:48:55 CEST    repeat=0 BBMSDppInstant: running...
2026-07-28 03:49:13 CEST    repeat=0 BBMSDppInstant: status=ok
2026-07-28 03:49:13 CEST    repeat=0 BBMSDppStepwise: running...
2026-07-28 03:49:30 CEST    repeat=0 BBMSDppStepwise: status=ok
2026-07-28 03:49:30 CEST    repeat=0 DijkstraPrims: running...
2026-07-28 03:49:50 CEST    repeat=0 DijkstraPrims: status=ok
2026-07-28 03:49:50 CEST    repeat=1 BBMSCore: running...
2026-07-28 03:51:03 CEST    repeat=1 BBMSCore: status=ok
2026-07-28 03:51:03 CEST    repeat=1 BBMSInter: running...
2026-07-28 03:51:17 CEST    repeat=1 BBMSInter: status=ok
2026-07-28 03:51:17 CEST    repeat=1 BBMSDppInstant: running...
2026-07-28 03:51:35 CEST    repeat=1 BBMSDppInstant: status=ok
2026-07-28 03:51:35 CEST    repeat=1 BBMSDppStepwise: running...
2026-07-28 03:51:52 CEST    repeat=1 BBMSDppStepwise: status=ok
2026-07-28 03:51:52 CEST    repeat=1 DijkstraPrims: running...
2026-07-28 03:52:12 CEST    repeat=1 DijkstraPrims: status=ok
2026-07-28 03:52:12 CEST    repeat=2 BBMSCore: running...
2026-07-28 03:53:26 CEST    repeat=2 BBMSCore: status=ok
2026-07-28 03:53:26 CEST    repeat=2 BBMSInter: running...
2026-07-28 03:53:40 CEST    repeat=2 BBMSInter: status=ok
2026-07-28 03:53:40 CEST    repeat=2 BBMSDppInstant: running...
2026-07-28 03:53:58 CEST    repeat=2 BBMSDppInstant: status=ok
2026-07-28 03:53:58 CEST    repeat=2 BBMSDppStepwise: running...
2026-07-28 03:54:15 CEST    repeat=2 BBMSDppStepwise: status=ok
2026-07-28 03:54:15 CEST    repeat=2 DijkstraPrims: running...
2026-07-28 03:54:35 CEST    repeat=2 DijkstraPrims: status=ok
2026-07-28 03:54:35 CEST  op-count pass
2026-07-28 03:54:35 CEST    BBMSCore: running...
2026-07-28 03:55:48 CEST    BBMSCore: status=ok
2026-07-28 03:55:48 CEST    BBMSInter: running...
2026-07-28 03:56:03 CEST    BBMSInter: status=ok
2026-07-28 03:56:03 CEST    BBMSDppInstant: running...
2026-07-28 03:56:21 CEST    BBMSDppInstant: status=ok
2026-07-28 03:56:21 CEST    BBMSDppStepwise: running...
2026-07-28 03:56:39 CEST    BBMSDppStepwise: status=ok
2026-07-28 03:56:39 CEST    DijkstraPrims: running...
2026-07-28 03:56:59 CEST    DijkstraPrims: status=ok
2026-07-28 03:56:59 CEST  cross-algorithm agreement: ok
2026-07-28 03:56:59 CEST  --- N=11000 ---
2026-07-28 03:56:59 CEST  sample=0
2026-07-28 03:56:59 CEST  runtime/memory pass
2026-07-28 03:56:59 CEST    repeat=0 BBMSCore: running...
2026-07-28 03:59:59 CEST    repeat=0 BBMSCore: status=timeout
2026-07-28 03:59:59 CEST    repeat=0 BBMSInter: running...
2026-07-28 04:00:56 CEST    repeat=0 BBMSInter: status=ok
2026-07-28 04:00:56 CEST    repeat=0 BBMSDppInstant: running...
2026-07-28 04:02:08 CEST    repeat=0 BBMSDppInstant: status=ok
2026-07-28 04:02:08 CEST    repeat=0 BBMSDppStepwise: running...
2026-07-28 04:03:01 CEST    repeat=0 BBMSDppStepwise: status=ok
2026-07-28 04:03:01 CEST    repeat=0 DijkstraPrims: running...
2026-07-28 04:04:02 CEST    repeat=0 DijkstraPrims: status=ok
2026-07-28 04:04:02 CEST    repeat=1 BBMSCore: SKIP (walled at N=11000)
2026-07-28 04:04:02 CEST    repeat=1 BBMSInter: running...
2026-07-28 04:05:00 CEST    repeat=1 BBMSInter: status=ok
2026-07-28 04:05:00 CEST    repeat=1 BBMSDppInstant: running...
2026-07-28 04:06:11 CEST    repeat=1 BBMSDppInstant: status=ok
2026-07-28 04:06:11 CEST    repeat=1 BBMSDppStepwise: running...
2026-07-28 04:07:05 CEST    repeat=1 BBMSDppStepwise: status=ok
2026-07-28 04:07:05 CEST    repeat=1 DijkstraPrims: running...
2026-07-28 04:08:06 CEST    repeat=1 DijkstraPrims: status=ok
2026-07-28 04:08:06 CEST    repeat=2 BBMSCore: SKIP (walled at N=11000)
2026-07-28 04:08:06 CEST    repeat=2 BBMSInter: running...
2026-07-28 04:09:05 CEST    repeat=2 BBMSInter: status=ok
2026-07-28 04:09:05 CEST    repeat=2 BBMSDppInstant: running...
2026-07-28 04:10:16 CEST    repeat=2 BBMSDppInstant: status=ok
2026-07-28 04:10:16 CEST    repeat=2 BBMSDppStepwise: running...
2026-07-28 04:11:10 CEST    repeat=2 BBMSDppStepwise: status=ok
2026-07-28 04:11:10 CEST    repeat=2 DijkstraPrims: running...
2026-07-28 04:12:11 CEST    repeat=2 DijkstraPrims: status=ok
2026-07-28 04:12:11 CEST  op-count pass
2026-07-28 04:12:11 CEST    BBMSCore: SKIP (walled at N=11000)
2026-07-28 04:12:11 CEST    BBMSInter: running...
2026-07-28 04:13:11 CEST    BBMSInter: status=ok
2026-07-28 04:13:11 CEST    BBMSDppInstant: running...
2026-07-28 04:14:24 CEST    BBMSDppInstant: status=ok
2026-07-28 04:14:24 CEST    BBMSDppStepwise: running...
2026-07-28 04:15:18 CEST    BBMSDppStepwise: status=ok
2026-07-28 04:15:18 CEST    DijkstraPrims: running...
2026-07-28 04:16:19 CEST    DijkstraPrims: status=ok
2026-07-28 04:16:19 CEST  cross-algorithm agreement: ok
2026-07-28 04:16:19 CEST  sample=1
2026-07-28 04:16:19 CEST  runtime/memory pass
2026-07-28 04:16:19 CEST    repeat=0 BBMSCore: SKIP (walled at N=11000)
2026-07-28 04:16:19 CEST    repeat=0 BBMSInter: running...
2026-07-28 04:17:22 CEST    repeat=0 BBMSInter: status=ok
2026-07-28 04:17:22 CEST    repeat=0 BBMSDppInstant: running...
2026-07-28 04:18:35 CEST    repeat=0 BBMSDppInstant: status=ok
2026-07-28 04:18:35 CEST    repeat=0 BBMSDppStepwise: running...
2026-07-28 04:19:29 CEST    repeat=0 BBMSDppStepwise: status=ok
2026-07-28 04:19:29 CEST    repeat=0 DijkstraPrims: running...
2026-07-28 04:20:29 CEST    repeat=0 DijkstraPrims: status=ok
2026-07-28 04:20:29 CEST    repeat=1 BBMSCore: SKIP (walled at N=11000)
2026-07-28 04:20:29 CEST    repeat=1 BBMSInter: running...
2026-07-28 04:21:32 CEST    repeat=1 BBMSInter: status=ok
2026-07-28 04:21:32 CEST    repeat=1 BBMSDppInstant: running...
2026-07-28 04:22:46 CEST    repeat=1 BBMSDppInstant: status=ok
2026-07-28 04:22:46 CEST    repeat=1 BBMSDppStepwise: running...
2026-07-28 04:23:40 CEST    repeat=1 BBMSDppStepwise: status=ok
2026-07-28 04:23:40 CEST    repeat=1 DijkstraPrims: running...
2026-07-28 04:24:41 CEST    repeat=1 DijkstraPrims: status=ok
2026-07-28 04:24:41 CEST    repeat=2 BBMSCore: SKIP (walled at N=11000)
2026-07-28 04:24:41 CEST    repeat=2 BBMSInter: running...
2026-07-28 04:25:43 CEST    repeat=2 BBMSInter: status=ok
2026-07-28 04:25:43 CEST    repeat=2 BBMSDppInstant: running...
2026-07-28 04:26:56 CEST    repeat=2 BBMSDppInstant: status=ok
2026-07-28 04:26:56 CEST    repeat=2 BBMSDppStepwise: running...
2026-07-28 04:27:50 CEST    repeat=2 BBMSDppStepwise: status=ok
2026-07-28 04:27:50 CEST    repeat=2 DijkstraPrims: running...
2026-07-28 04:28:51 CEST    repeat=2 DijkstraPrims: status=ok
2026-07-28 04:28:51 CEST  op-count pass
2026-07-28 04:28:51 CEST    BBMSCore: SKIP (walled at N=11000)
2026-07-28 04:28:51 CEST    BBMSInter: running...
2026-07-28 04:29:55 CEST    BBMSInter: status=ok
2026-07-28 04:29:55 CEST    BBMSDppInstant: running...
2026-07-28 04:31:09 CEST    BBMSDppInstant: status=ok
2026-07-28 04:31:09 CEST    BBMSDppStepwise: running...
2026-07-28 04:32:03 CEST    BBMSDppStepwise: status=ok
2026-07-28 04:32:03 CEST    DijkstraPrims: running...
2026-07-28 04:33:03 CEST    DijkstraPrims: status=ok
2026-07-28 04:33:03 CEST  cross-algorithm agreement: ok
2026-07-28 04:33:03 CEST  sample=2
2026-07-28 04:33:03 CEST  runtime/memory pass
2026-07-28 04:33:03 CEST    repeat=0 BBMSCore: SKIP (walled at N=11000)
2026-07-28 04:33:03 CEST    repeat=0 BBMSInter: running...
2026-07-28 04:34:04 CEST    repeat=0 BBMSInter: status=ok
2026-07-28 04:34:04 CEST    repeat=0 BBMSDppInstant: running...
2026-07-28 04:35:17 CEST    repeat=0 BBMSDppInstant: status=ok
2026-07-28 04:35:17 CEST    repeat=0 BBMSDppStepwise: running...
2026-07-28 04:36:10 CEST    repeat=0 BBMSDppStepwise: status=ok
2026-07-28 04:36:10 CEST    repeat=0 DijkstraPrims: running...
2026-07-28 04:37:12 CEST    repeat=0 DijkstraPrims: status=ok
2026-07-28 04:37:12 CEST    repeat=1 BBMSCore: SKIP (walled at N=11000)
2026-07-28 04:37:12 CEST    repeat=1 BBMSInter: running...
2026-07-28 04:38:15 CEST    repeat=1 BBMSInter: status=ok
2026-07-28 04:38:15 CEST    repeat=1 BBMSDppInstant: running...
2026-07-28 04:39:27 CEST    repeat=1 BBMSDppInstant: status=ok
2026-07-28 04:39:27 CEST    repeat=1 BBMSDppStepwise: running...
2026-07-28 04:40:21 CEST    repeat=1 BBMSDppStepwise: status=ok
2026-07-28 04:40:21 CEST    repeat=1 DijkstraPrims: running...
2026-07-28 04:41:23 CEST    repeat=1 DijkstraPrims: status=ok
2026-07-28 04:41:23 CEST    repeat=2 BBMSCore: SKIP (walled at N=11000)
2026-07-28 04:41:23 CEST    repeat=2 BBMSInter: running...
2026-07-28 04:42:25 CEST    repeat=2 BBMSInter: status=ok
2026-07-28 04:42:25 CEST    repeat=2 BBMSDppInstant: running...
2026-07-28 04:43:38 CEST    repeat=2 BBMSDppInstant: status=ok
2026-07-28 04:43:38 CEST    repeat=2 BBMSDppStepwise: running...
2026-07-28 04:44:31 CEST    repeat=2 BBMSDppStepwise: status=ok
2026-07-28 04:44:31 CEST    repeat=2 DijkstraPrims: running...
2026-07-28 04:45:33 CEST    repeat=2 DijkstraPrims: status=ok
2026-07-28 04:45:33 CEST  op-count pass
2026-07-28 04:45:33 CEST    BBMSCore: SKIP (walled at N=11000)
2026-07-28 04:45:33 CEST    BBMSInter: running...
2026-07-28 04:46:36 CEST    BBMSInter: status=ok
2026-07-28 04:46:36 CEST    BBMSDppInstant: running...
2026-07-28 04:47:49 CEST    BBMSDppInstant: status=ok
2026-07-28 04:47:49 CEST    BBMSDppStepwise: running...
2026-07-28 04:48:43 CEST    BBMSDppStepwise: status=ok
2026-07-28 04:48:43 CEST    DijkstraPrims: running...
2026-07-28 04:49:45 CEST    DijkstraPrims: status=ok
2026-07-28 04:49:45 CEST  cross-algorithm agreement: ok
2026-07-28 04:49:45 CEST  sample=3
2026-07-28 04:49:45 CEST  runtime/memory pass
2026-07-28 04:49:45 CEST    repeat=0 BBMSCore: SKIP (walled at N=11000)
2026-07-28 04:49:45 CEST    repeat=0 BBMSInter: running...
2026-07-28 04:50:41 CEST    repeat=0 BBMSInter: status=ok
2026-07-28 04:50:41 CEST    repeat=0 BBMSDppInstant: running...
2026-07-28 04:51:52 CEST    repeat=0 BBMSDppInstant: status=ok
2026-07-28 04:51:52 CEST    repeat=0 BBMSDppStepwise: running...
2026-07-28 04:52:45 CEST    repeat=0 BBMSDppStepwise: status=ok
2026-07-28 04:52:45 CEST    repeat=0 DijkstraPrims: running...
2026-07-28 04:53:45 CEST    repeat=0 DijkstraPrims: status=ok
2026-07-28 04:53:45 CEST    repeat=1 BBMSCore: SKIP (walled at N=11000)
2026-07-28 04:53:45 CEST    repeat=1 BBMSInter: running...
2026-07-28 04:54:41 CEST    repeat=1 BBMSInter: status=ok
2026-07-28 04:54:41 CEST    repeat=1 BBMSDppInstant: running...
2026-07-28 04:55:52 CEST    repeat=1 BBMSDppInstant: status=ok
2026-07-28 04:55:52 CEST    repeat=1 BBMSDppStepwise: running...
2026-07-28 04:56:45 CEST    repeat=1 BBMSDppStepwise: status=ok
2026-07-28 04:56:45 CEST    repeat=1 DijkstraPrims: running...
2026-07-28 04:57:46 CEST    repeat=1 DijkstraPrims: status=ok
2026-07-28 04:57:46 CEST    repeat=2 BBMSCore: SKIP (walled at N=11000)
2026-07-28 04:57:46 CEST    repeat=2 BBMSInter: running...
2026-07-28 04:58:42 CEST    repeat=2 BBMSInter: status=ok
2026-07-28 04:58:42 CEST    repeat=2 BBMSDppInstant: running...
2026-07-28 04:59:53 CEST    repeat=2 BBMSDppInstant: status=ok
2026-07-28 04:59:53 CEST    repeat=2 BBMSDppStepwise: running...
2026-07-28 05:00:46 CEST    repeat=2 BBMSDppStepwise: status=ok
2026-07-28 05:00:46 CEST    repeat=2 DijkstraPrims: running...
2026-07-28 05:01:47 CEST    repeat=2 DijkstraPrims: status=ok
2026-07-28 05:01:47 CEST  op-count pass
2026-07-28 05:01:47 CEST    BBMSCore: SKIP (walled at N=11000)
2026-07-28 05:01:47 CEST    BBMSInter: running...
2026-07-28 05:02:44 CEST    BBMSInter: status=ok
2026-07-28 05:02:44 CEST    BBMSDppInstant: running...
2026-07-28 05:03:55 CEST    BBMSDppInstant: status=ok
2026-07-28 05:03:55 CEST    BBMSDppStepwise: running...
2026-07-28 05:04:49 CEST    BBMSDppStepwise: status=ok
2026-07-28 05:04:49 CEST    DijkstraPrims: running...
2026-07-28 05:05:49 CEST    DijkstraPrims: status=ok
2026-07-28 05:05:49 CEST  cross-algorithm agreement: ok
2026-07-28 05:05:49 CEST  sample=4
2026-07-28 05:05:49 CEST  runtime/memory pass
2026-07-28 05:05:49 CEST    repeat=0 BBMSCore: SKIP (walled at N=11000)
2026-07-28 05:05:49 CEST    repeat=0 BBMSInter: running...
2026-07-28 05:06:49 CEST    repeat=0 BBMSInter: status=ok
2026-07-28 05:06:49 CEST    repeat=0 BBMSDppInstant: running...
2026-07-28 05:08:00 CEST    repeat=0 BBMSDppInstant: status=ok
2026-07-28 05:08:00 CEST    repeat=0 BBMSDppStepwise: running...
2026-07-28 05:08:54 CEST    repeat=0 BBMSDppStepwise: status=ok
2026-07-28 05:08:54 CEST    repeat=0 DijkstraPrims: running...
2026-07-28 05:09:54 CEST    repeat=0 DijkstraPrims: status=ok
2026-07-28 05:09:54 CEST    repeat=1 BBMSCore: SKIP (walled at N=11000)
2026-07-28 05:09:54 CEST    repeat=1 BBMSInter: running...
2026-07-28 05:10:54 CEST    repeat=1 BBMSInter: status=ok
2026-07-28 05:10:54 CEST    repeat=1 BBMSDppInstant: running...
2026-07-28 05:12:05 CEST    repeat=1 BBMSDppInstant: status=ok
2026-07-28 05:12:05 CEST    repeat=1 BBMSDppStepwise: running...
2026-07-28 05:12:58 CEST    repeat=1 BBMSDppStepwise: status=ok
2026-07-28 05:12:58 CEST    repeat=1 DijkstraPrims: running...
2026-07-28 05:13:58 CEST    repeat=1 DijkstraPrims: status=ok
2026-07-28 05:13:58 CEST    repeat=2 BBMSCore: SKIP (walled at N=11000)
2026-07-28 05:13:58 CEST    repeat=2 BBMSInter: running...
2026-07-28 05:14:58 CEST    repeat=2 BBMSInter: status=ok
2026-07-28 05:14:58 CEST    repeat=2 BBMSDppInstant: running...
2026-07-28 05:16:09 CEST    repeat=2 BBMSDppInstant: status=ok
2026-07-28 05:16:09 CEST    repeat=2 BBMSDppStepwise: running...
2026-07-28 05:17:02 CEST    repeat=2 BBMSDppStepwise: status=ok
2026-07-28 05:17:02 CEST    repeat=2 DijkstraPrims: running...
2026-07-28 05:18:02 CEST    repeat=2 DijkstraPrims: status=ok
2026-07-28 05:18:02 CEST  op-count pass
2026-07-28 05:18:02 CEST    BBMSCore: SKIP (walled at N=11000)
2026-07-28 05:18:02 CEST    BBMSInter: running...
2026-07-28 05:19:03 CEST    BBMSInter: status=ok
2026-07-28 05:19:03 CEST    BBMSDppInstant: running...
2026-07-28 05:20:14 CEST    BBMSDppInstant: status=ok
2026-07-28 05:20:14 CEST    BBMSDppStepwise: running...
2026-07-28 05:21:08 CEST    BBMSDppStepwise: status=ok
2026-07-28 05:21:08 CEST    DijkstraPrims: running...
2026-07-28 05:22:08 CEST    DijkstraPrims: status=ok
2026-07-28 05:22:08 CEST  cross-algorithm agreement: ok
2026-07-28 05:22:08 CEST  --- N=18000 ---
2026-07-28 05:22:08 CEST  sample=0
2026-07-28 05:22:08 CEST  runtime/memory pass
2026-07-28 05:22:08 CEST    repeat=0 BBMSCore: SKIP (walled at N=11000)
2026-07-28 05:22:08 CEST    repeat=0 BBMSInter: running...
2026-07-28 05:25:08 CEST    repeat=0 BBMSInter: status=timeout
2026-07-28 05:25:08 CEST    repeat=0 BBMSDppInstant: running...
2026-07-28 05:28:10 CEST    repeat=0 BBMSDppInstant: status=timeout
2026-07-28 05:28:10 CEST    repeat=0 BBMSDppStepwise: running...
2026-07-28 05:30:47 CEST    repeat=0 BBMSDppStepwise: status=ok
2026-07-28 05:30:47 CEST    repeat=0 DijkstraPrims: running...
2026-07-28 05:33:48 CEST    repeat=0 DijkstraPrims: status=timeout
2026-07-28 05:33:48 CEST    repeat=1 BBMSCore: SKIP (walled at N=11000)
2026-07-28 05:33:48 CEST    repeat=1 BBMSInter: SKIP (walled at N=18000)
2026-07-28 05:33:48 CEST    repeat=1 BBMSDppInstant: SKIP (walled at N=18000)
2026-07-28 05:33:48 CEST    repeat=1 BBMSDppStepwise: running...
2026-07-28 05:36:25 CEST    repeat=1 BBMSDppStepwise: status=ok
2026-07-28 05:36:25 CEST    repeat=1 DijkstraPrims: SKIP (walled at N=18000)
2026-07-28 05:36:25 CEST    repeat=2 BBMSCore: SKIP (walled at N=11000)
2026-07-28 05:36:25 CEST    repeat=2 BBMSInter: SKIP (walled at N=18000)
2026-07-28 05:36:25 CEST    repeat=2 BBMSDppInstant: SKIP (walled at N=18000)
2026-07-28 05:36:25 CEST    repeat=2 BBMSDppStepwise: running...
2026-07-28 05:39:01 CEST    repeat=2 BBMSDppStepwise: status=ok
2026-07-28 05:39:01 CEST    repeat=2 DijkstraPrims: SKIP (walled at N=18000)
2026-07-28 05:39:01 CEST  op-count pass
2026-07-28 05:39:01 CEST    BBMSCore: SKIP (walled at N=11000)
2026-07-28 05:39:01 CEST    BBMSInter: SKIP (walled at N=18000)
2026-07-28 05:39:01 CEST    BBMSDppInstant: SKIP (walled at N=18000)
2026-07-28 05:39:01 CEST    BBMSDppStepwise: running...
2026-07-28 05:41:40 CEST    BBMSDppStepwise: status=ok
2026-07-28 05:41:40 CEST    DijkstraPrims: SKIP (walled at N=18000)
2026-07-28 05:41:40 CEST  cross-algorithm agreement: ok
2026-07-28 05:41:40 CEST  sample=1
2026-07-28 05:41:40 CEST  runtime/memory pass
2026-07-28 05:41:40 CEST    repeat=0 BBMSCore: SKIP (walled at N=11000)
2026-07-28 05:41:40 CEST    repeat=0 BBMSInter: SKIP (walled at N=18000)
2026-07-28 05:41:40 CEST    repeat=0 BBMSDppInstant: SKIP (walled at N=18000)
2026-07-28 05:41:40 CEST    repeat=0 BBMSDppStepwise: running...
2026-07-28 05:44:17 CEST    repeat=0 BBMSDppStepwise: status=ok
2026-07-28 05:44:17 CEST    repeat=0 DijkstraPrims: SKIP (walled at N=18000)
2026-07-28 05:44:17 CEST    repeat=1 BBMSCore: SKIP (walled at N=11000)
2026-07-28 05:44:17 CEST    repeat=1 BBMSInter: SKIP (walled at N=18000)
2026-07-28 05:44:17 CEST    repeat=1 BBMSDppInstant: SKIP (walled at N=18000)
2026-07-28 05:44:17 CEST    repeat=1 BBMSDppStepwise: running...
2026-07-28 05:46:55 CEST    repeat=1 BBMSDppStepwise: status=ok
2026-07-28 05:46:55 CEST    repeat=1 DijkstraPrims: SKIP (walled at N=18000)
2026-07-28 05:46:55 CEST    repeat=2 BBMSCore: SKIP (walled at N=11000)
2026-07-28 05:46:55 CEST    repeat=2 BBMSInter: SKIP (walled at N=18000)
2026-07-28 05:46:55 CEST    repeat=2 BBMSDppInstant: SKIP (walled at N=18000)
2026-07-28 05:46:55 CEST    repeat=2 BBMSDppStepwise: running...
2026-07-28 05:49:33 CEST    repeat=2 BBMSDppStepwise: status=ok
2026-07-28 05:49:33 CEST    repeat=2 DijkstraPrims: SKIP (walled at N=18000)
2026-07-28 05:49:33 CEST  op-count pass
2026-07-28 05:49:33 CEST    BBMSCore: SKIP (walled at N=11000)
2026-07-28 05:49:33 CEST    BBMSInter: SKIP (walled at N=18000)
2026-07-28 05:49:33 CEST    BBMSDppInstant: SKIP (walled at N=18000)
2026-07-28 05:49:33 CEST    BBMSDppStepwise: running...
2026-07-28 05:52:12 CEST    BBMSDppStepwise: status=ok
2026-07-28 05:52:12 CEST    DijkstraPrims: SKIP (walled at N=18000)
2026-07-28 05:52:12 CEST  cross-algorithm agreement: ok
2026-07-28 05:52:12 CEST  sample=2
2026-07-28 05:52:12 CEST  runtime/memory pass
2026-07-28 05:52:12 CEST    repeat=0 BBMSCore: SKIP (walled at N=11000)
2026-07-28 05:52:12 CEST    repeat=0 BBMSInter: SKIP (walled at N=18000)
2026-07-28 05:52:12 CEST    repeat=0 BBMSDppInstant: SKIP (walled at N=18000)
2026-07-28 05:52:12 CEST    repeat=0 BBMSDppStepwise: running...
2026-07-28 05:54:48 CEST    repeat=0 BBMSDppStepwise: status=ok
2026-07-28 05:54:48 CEST    repeat=0 DijkstraPrims: SKIP (walled at N=18000)
2026-07-28 05:54:48 CEST    repeat=1 BBMSCore: SKIP (walled at N=11000)
2026-07-28 05:54:48 CEST    repeat=1 BBMSInter: SKIP (walled at N=18000)
2026-07-28 05:54:48 CEST    repeat=1 BBMSDppInstant: SKIP (walled at N=18000)
2026-07-28 05:54:48 CEST    repeat=1 BBMSDppStepwise: running...
2026-07-28 05:57:24 CEST    repeat=1 BBMSDppStepwise: status=ok
2026-07-28 05:57:24 CEST    repeat=1 DijkstraPrims: SKIP (walled at N=18000)
2026-07-28 05:57:24 CEST    repeat=2 BBMSCore: SKIP (walled at N=11000)
2026-07-28 05:57:24 CEST    repeat=2 BBMSInter: SKIP (walled at N=18000)
2026-07-28 05:57:24 CEST    repeat=2 BBMSDppInstant: SKIP (walled at N=18000)
2026-07-28 05:57:24 CEST    repeat=2 BBMSDppStepwise: running...
2026-07-28 06:00:01 CEST    repeat=2 BBMSDppStepwise: status=ok
2026-07-28 06:00:01 CEST    repeat=2 DijkstraPrims: SKIP (walled at N=18000)
2026-07-28 06:00:01 CEST  op-count pass
2026-07-28 06:00:01 CEST    BBMSCore: SKIP (walled at N=11000)
2026-07-28 06:00:01 CEST    BBMSInter: SKIP (walled at N=18000)
2026-07-28 06:00:01 CEST    BBMSDppInstant: SKIP (walled at N=18000)
2026-07-28 06:00:01 CEST    BBMSDppStepwise: running...
2026-07-28 06:02:41 CEST    BBMSDppStepwise: status=ok
2026-07-28 06:02:41 CEST    DijkstraPrims: SKIP (walled at N=18000)
2026-07-28 06:02:41 CEST  cross-algorithm agreement: ok
2026-07-28 06:02:41 CEST  sample=3
2026-07-28 06:02:41 CEST  runtime/memory pass
2026-07-28 06:02:41 CEST    repeat=0 BBMSCore: SKIP (walled at N=11000)
2026-07-28 06:02:41 CEST    repeat=0 BBMSInter: SKIP (walled at N=18000)
2026-07-28 06:02:41 CEST    repeat=0 BBMSDppInstant: SKIP (walled at N=18000)
2026-07-28 06:02:41 CEST    repeat=0 BBMSDppStepwise: running...
2026-07-28 06:05:20 CEST    repeat=0 BBMSDppStepwise: status=ok
2026-07-28 06:05:20 CEST    repeat=0 DijkstraPrims: SKIP (walled at N=18000)
2026-07-28 06:05:20 CEST    repeat=1 BBMSCore: SKIP (walled at N=11000)
2026-07-28 06:05:20 CEST    repeat=1 BBMSInter: SKIP (walled at N=18000)
2026-07-28 06:05:20 CEST    repeat=1 BBMSDppInstant: SKIP (walled at N=18000)
2026-07-28 06:05:20 CEST    repeat=1 BBMSDppStepwise: running...
2026-07-28 06:07:59 CEST    repeat=1 BBMSDppStepwise: status=ok
2026-07-28 06:07:59 CEST    repeat=1 DijkstraPrims: SKIP (walled at N=18000)
2026-07-28 06:07:59 CEST    repeat=2 BBMSCore: SKIP (walled at N=11000)
2026-07-28 06:07:59 CEST    repeat=2 BBMSInter: SKIP (walled at N=18000)
2026-07-28 06:07:59 CEST    repeat=2 BBMSDppInstant: SKIP (walled at N=18000)
2026-07-28 06:07:59 CEST    repeat=2 BBMSDppStepwise: running...
2026-07-28 06:10:38 CEST    repeat=2 BBMSDppStepwise: status=ok
2026-07-28 06:10:38 CEST    repeat=2 DijkstraPrims: SKIP (walled at N=18000)
2026-07-28 06:10:38 CEST  op-count pass
2026-07-28 06:10:38 CEST    BBMSCore: SKIP (walled at N=11000)
2026-07-28 06:10:38 CEST    BBMSInter: SKIP (walled at N=18000)
2026-07-28 06:10:38 CEST    BBMSDppInstant: SKIP (walled at N=18000)
2026-07-28 06:10:38 CEST    BBMSDppStepwise: running...
2026-07-28 06:13:18 CEST    BBMSDppStepwise: status=ok
2026-07-28 06:13:18 CEST    DijkstraPrims: SKIP (walled at N=18000)
2026-07-28 06:13:18 CEST  cross-algorithm agreement: ok
2026-07-28 06:13:18 CEST  sample=4
2026-07-28 06:13:18 CEST  runtime/memory pass
2026-07-28 06:13:18 CEST    repeat=0 BBMSCore: SKIP (walled at N=11000)
2026-07-28 06:13:18 CEST    repeat=0 BBMSInter: SKIP (walled at N=18000)
2026-07-28 06:13:18 CEST    repeat=0 BBMSDppInstant: SKIP (walled at N=18000)
2026-07-28 06:13:18 CEST    repeat=0 BBMSDppStepwise: running...
2026-07-28 06:15:56 CEST    repeat=0 BBMSDppStepwise: status=ok
2026-07-28 06:15:56 CEST    repeat=0 DijkstraPrims: SKIP (walled at N=18000)
2026-07-28 06:15:56 CEST    repeat=1 BBMSCore: SKIP (walled at N=11000)
2026-07-28 06:15:56 CEST    repeat=1 BBMSInter: SKIP (walled at N=18000)
2026-07-28 06:15:56 CEST    repeat=1 BBMSDppInstant: SKIP (walled at N=18000)
2026-07-28 06:15:56 CEST    repeat=1 BBMSDppStepwise: running...
2026-07-28 06:18:35 CEST    repeat=1 BBMSDppStepwise: status=ok
2026-07-28 06:18:35 CEST    repeat=1 DijkstraPrims: SKIP (walled at N=18000)
2026-07-28 06:18:35 CEST    repeat=2 BBMSCore: SKIP (walled at N=11000)
2026-07-28 06:18:35 CEST    repeat=2 BBMSInter: SKIP (walled at N=18000)
2026-07-28 06:18:35 CEST    repeat=2 BBMSDppInstant: SKIP (walled at N=18000)
2026-07-28 06:18:35 CEST    repeat=2 BBMSDppStepwise: running...
2026-07-28 06:21:13 CEST    repeat=2 BBMSDppStepwise: status=ok
2026-07-28 06:21:13 CEST    repeat=2 DijkstraPrims: SKIP (walled at N=18000)
2026-07-28 06:21:13 CEST  op-count pass
2026-07-28 06:21:13 CEST    BBMSCore: SKIP (walled at N=11000)
2026-07-28 06:21:13 CEST    BBMSInter: SKIP (walled at N=18000)
2026-07-28 06:21:13 CEST    BBMSDppInstant: SKIP (walled at N=18000)
2026-07-28 06:21:13 CEST    BBMSDppStepwise: running...
2026-07-28 06:23:54 CEST    BBMSDppStepwise: status=ok
2026-07-28 06:23:54 CEST    DijkstraPrims: SKIP (walled at N=18000)
2026-07-28 06:23:54 CEST  cross-algorithm agreement: ok
2026-07-28 06:23:54 CEST  --- N=30000 ---
2026-07-28 06:23:54 CEST  sample=0
2026-07-28 06:23:54 CEST  runtime/memory pass
2026-07-28 06:23:54 CEST    repeat=0 BBMSCore: SKIP (walled at N=11000)
2026-07-28 06:23:54 CEST    repeat=0 BBMSInter: SKIP (walled at N=18000)
2026-07-28 06:23:54 CEST    repeat=0 BBMSDppInstant: SKIP (walled at N=18000)
2026-07-28 06:23:54 CEST    repeat=0 BBMSDppStepwise: running...
2026-07-28 06:23:54 CEST    repeat=0 BBMSDppStepwise: status=oom
2026-07-28 06:23:54 CEST    repeat=0 DijkstraPrims: SKIP (walled at N=18000)
2026-07-28 06:23:54 CEST    repeat=1 BBMSCore: SKIP (walled at N=11000)
2026-07-28 06:23:54 CEST    repeat=1 BBMSInter: SKIP (walled at N=18000)
2026-07-28 06:23:54 CEST    repeat=1 BBMSDppInstant: SKIP (walled at N=18000)
2026-07-28 06:23:54 CEST    repeat=1 BBMSDppStepwise: SKIP (walled at N=30000)
2026-07-28 06:23:54 CEST    repeat=1 DijkstraPrims: SKIP (walled at N=18000)
2026-07-28 06:23:54 CEST    repeat=2 BBMSCore: SKIP (walled at N=11000)
2026-07-28 06:23:54 CEST    repeat=2 BBMSInter: SKIP (walled at N=18000)
2026-07-28 06:23:54 CEST    repeat=2 BBMSDppInstant: SKIP (walled at N=18000)
2026-07-28 06:23:54 CEST    repeat=2 BBMSDppStepwise: SKIP (walled at N=30000)
2026-07-28 06:23:54 CEST    repeat=2 DijkstraPrims: SKIP (walled at N=18000)
2026-07-28 06:23:54 CEST  op-count pass
2026-07-28 06:23:54 CEST    BBMSCore: SKIP (walled at N=11000)
2026-07-28 06:23:54 CEST    BBMSInter: SKIP (walled at N=18000)
2026-07-28 06:23:54 CEST    BBMSDppInstant: SKIP (walled at N=18000)
2026-07-28 06:23:54 CEST    BBMSDppStepwise: SKIP (walled at N=30000)
2026-07-28 06:23:54 CEST    DijkstraPrims: SKIP (walled at N=18000)
2026-07-28 06:23:54 CEST  cross-algorithm agreement: ok
2026-07-28 06:23:54 CEST  sample=1
2026-07-28 06:23:54 CEST  runtime/memory pass
2026-07-28 06:23:54 CEST    repeat=0 BBMSCore: SKIP (walled at N=11000)
2026-07-28 06:23:54 CEST    repeat=0 BBMSInter: SKIP (walled at N=18000)
2026-07-28 06:23:54 CEST    repeat=0 BBMSDppInstant: SKIP (walled at N=18000)
2026-07-28 06:23:54 CEST    repeat=0 BBMSDppStepwise: SKIP (walled at N=30000)
2026-07-28 06:23:54 CEST    repeat=0 DijkstraPrims: SKIP (walled at N=18000)
2026-07-28 06:23:54 CEST    repeat=1 BBMSCore: SKIP (walled at N=11000)
2026-07-28 06:23:54 CEST    repeat=1 BBMSInter: SKIP (walled at N=18000)
2026-07-28 06:23:54 CEST    repeat=1 BBMSDppInstant: SKIP (walled at N=18000)
2026-07-28 06:23:54 CEST    repeat=1 BBMSDppStepwise: SKIP (walled at N=30000)
2026-07-28 06:23:54 CEST    repeat=1 DijkstraPrims: SKIP (walled at N=18000)
2026-07-28 06:23:54 CEST    repeat=2 BBMSCore: SKIP (walled at N=11000)
2026-07-28 06:23:54 CEST    repeat=2 BBMSInter: SKIP (walled at N=18000)
2026-07-28 06:23:54 CEST    repeat=2 BBMSDppInstant: SKIP (walled at N=18000)
2026-07-28 06:23:54 CEST    repeat=2 BBMSDppStepwise: SKIP (walled at N=30000)
2026-07-28 06:23:54 CEST    repeat=2 DijkstraPrims: SKIP (walled at N=18000)
2026-07-28 06:23:54 CEST  op-count pass
2026-07-28 06:23:54 CEST    BBMSCore: SKIP (walled at N=11000)
2026-07-28 06:23:54 CEST    BBMSInter: SKIP (walled at N=18000)
2026-07-28 06:23:54 CEST    BBMSDppInstant: SKIP (walled at N=18000)
2026-07-28 06:23:54 CEST    BBMSDppStepwise: SKIP (walled at N=30000)
2026-07-28 06:23:54 CEST    DijkstraPrims: SKIP (walled at N=18000)
2026-07-28 06:23:54 CEST  cross-algorithm agreement: ok
2026-07-28 06:23:54 CEST  sample=2
2026-07-28 06:23:54 CEST  runtime/memory pass
2026-07-28 06:23:54 CEST    repeat=0 BBMSCore: SKIP (walled at N=11000)
2026-07-28 06:23:54 CEST    repeat=0 BBMSInter: SKIP (walled at N=18000)
2026-07-28 06:23:54 CEST    repeat=0 BBMSDppInstant: SKIP (walled at N=18000)
2026-07-28 06:23:54 CEST    repeat=0 BBMSDppStepwise: SKIP (walled at N=30000)
2026-07-28 06:23:54 CEST    repeat=0 DijkstraPrims: SKIP (walled at N=18000)
2026-07-28 06:23:54 CEST    repeat=1 BBMSCore: SKIP (walled at N=11000)
2026-07-28 06:23:54 CEST    repeat=1 BBMSInter: SKIP (walled at N=18000)
2026-07-28 06:23:54 CEST    repeat=1 BBMSDppInstant: SKIP (walled at N=18000)
2026-07-28 06:23:54 CEST    repeat=1 BBMSDppStepwise: SKIP (walled at N=30000)
2026-07-28 06:23:54 CEST    repeat=1 DijkstraPrims: SKIP (walled at N=18000)
2026-07-28 06:23:54 CEST    repeat=2 BBMSCore: SKIP (walled at N=11000)
2026-07-28 06:23:54 CEST    repeat=2 BBMSInter: SKIP (walled at N=18000)
2026-07-28 06:23:54 CEST    repeat=2 BBMSDppInstant: SKIP (walled at N=18000)
2026-07-28 06:23:54 CEST    repeat=2 BBMSDppStepwise: SKIP (walled at N=30000)
2026-07-28 06:23:54 CEST    repeat=2 DijkstraPrims: SKIP (walled at N=18000)
2026-07-28 06:23:54 CEST  op-count pass
2026-07-28 06:23:54 CEST    BBMSCore: SKIP (walled at N=11000)
2026-07-28 06:23:54 CEST    BBMSInter: SKIP (walled at N=18000)
2026-07-28 06:23:54 CEST    BBMSDppInstant: SKIP (walled at N=18000)
2026-07-28 06:23:54 CEST    BBMSDppStepwise: SKIP (walled at N=30000)
2026-07-28 06:23:54 CEST    DijkstraPrims: SKIP (walled at N=18000)
2026-07-28 06:23:54 CEST  cross-algorithm agreement: ok
2026-07-28 06:23:54 CEST  sample=3
2026-07-28 06:23:54 CEST  runtime/memory pass
2026-07-28 06:23:54 CEST    repeat=0 BBMSCore: SKIP (walled at N=11000)
2026-07-28 06:23:54 CEST    repeat=0 BBMSInter: SKIP (walled at N=18000)
2026-07-28 06:23:54 CEST    repeat=0 BBMSDppInstant: SKIP (walled at N=18000)
2026-07-28 06:23:54 CEST    repeat=0 BBMSDppStepwise: SKIP (walled at N=30000)
2026-07-28 06:23:54 CEST    repeat=0 DijkstraPrims: SKIP (walled at N=18000)
2026-07-28 06:23:54 CEST    repeat=1 BBMSCore: SKIP (walled at N=11000)
2026-07-28 06:23:54 CEST    repeat=1 BBMSInter: SKIP (walled at N=18000)
2026-07-28 06:23:54 CEST    repeat=1 BBMSDppInstant: SKIP (walled at N=18000)
2026-07-28 06:23:54 CEST    repeat=1 BBMSDppStepwise: SKIP (walled at N=30000)
2026-07-28 06:23:54 CEST    repeat=1 DijkstraPrims: SKIP (walled at N=18000)
2026-07-28 06:23:54 CEST    repeat=2 BBMSCore: SKIP (walled at N=11000)
2026-07-28 06:23:54 CEST    repeat=2 BBMSInter: SKIP (walled at N=18000)
2026-07-28 06:23:54 CEST    repeat=2 BBMSDppInstant: SKIP (walled at N=18000)
2026-07-28 06:23:54 CEST    repeat=2 BBMSDppStepwise: SKIP (walled at N=30000)
2026-07-28 06:23:54 CEST    repeat=2 DijkstraPrims: SKIP (walled at N=18000)
2026-07-28 06:23:54 CEST  op-count pass
2026-07-28 06:23:54 CEST    BBMSCore: SKIP (walled at N=11000)
2026-07-28 06:23:54 CEST    BBMSInter: SKIP (walled at N=18000)
2026-07-28 06:23:54 CEST    BBMSDppInstant: SKIP (walled at N=18000)
2026-07-28 06:23:54 CEST    BBMSDppStepwise: SKIP (walled at N=30000)
2026-07-28 06:23:54 CEST    DijkstraPrims: SKIP (walled at N=18000)
2026-07-28 06:23:54 CEST  cross-algorithm agreement: ok
2026-07-28 06:23:54 CEST  sample=4
2026-07-28 06:23:54 CEST  runtime/memory pass
2026-07-28 06:23:54 CEST    repeat=0 BBMSCore: SKIP (walled at N=11000)
2026-07-28 06:23:54 CEST    repeat=0 BBMSInter: SKIP (walled at N=18000)
2026-07-28 06:23:54 CEST    repeat=0 BBMSDppInstant: SKIP (walled at N=18000)
2026-07-28 06:23:54 CEST    repeat=0 BBMSDppStepwise: SKIP (walled at N=30000)
2026-07-28 06:23:54 CEST    repeat=0 DijkstraPrims: SKIP (walled at N=18000)
2026-07-28 06:23:54 CEST    repeat=1 BBMSCore: SKIP (walled at N=11000)
2026-07-28 06:23:54 CEST    repeat=1 BBMSInter: SKIP (walled at N=18000)
2026-07-28 06:23:54 CEST    repeat=1 BBMSDppInstant: SKIP (walled at N=18000)
2026-07-28 06:23:54 CEST    repeat=1 BBMSDppStepwise: SKIP (walled at N=30000)
2026-07-28 06:23:54 CEST    repeat=1 DijkstraPrims: SKIP (walled at N=18000)
2026-07-28 06:23:54 CEST    repeat=2 BBMSCore: SKIP (walled at N=11000)
2026-07-28 06:23:54 CEST    repeat=2 BBMSInter: SKIP (walled at N=18000)
2026-07-28 06:23:54 CEST    repeat=2 BBMSDppInstant: SKIP (walled at N=18000)
2026-07-28 06:23:54 CEST    repeat=2 BBMSDppStepwise: SKIP (walled at N=30000)
2026-07-28 06:23:54 CEST    repeat=2 DijkstraPrims: SKIP (walled at N=18000)
2026-07-28 06:23:54 CEST  op-count pass
2026-07-28 06:23:54 CEST    BBMSCore: SKIP (walled at N=11000)
2026-07-28 06:23:54 CEST    BBMSInter: SKIP (walled at N=18000)
2026-07-28 06:23:54 CEST    BBMSDppInstant: SKIP (walled at N=18000)
2026-07-28 06:23:54 CEST    BBMSDppStepwise: SKIP (walled at N=30000)
2026-07-28 06:23:54 CEST    DijkstraPrims: SKIP (walled at N=18000)
2026-07-28 06:23:54 CEST  cross-algorithm agreement: ok
2026-07-28 06:23:54 CEST  --- N=50000 ---
2026-07-28 06:23:54 CEST  sample=0
2026-07-28 06:23:54 CEST  runtime/memory pass
2026-07-28 06:23:54 CEST    repeat=0 BBMSCore: SKIP (walled at N=11000)
2026-07-28 06:23:54 CEST    repeat=0 BBMSInter: SKIP (walled at N=18000)
2026-07-28 06:23:54 CEST    repeat=0 BBMSDppInstant: SKIP (walled at N=18000)
2026-07-28 06:23:54 CEST    repeat=0 BBMSDppStepwise: SKIP (walled at N=30000)
2026-07-28 06:23:54 CEST    repeat=0 DijkstraPrims: SKIP (walled at N=18000)
2026-07-28 06:23:54 CEST    repeat=1 BBMSCore: SKIP (walled at N=11000)
2026-07-28 06:23:54 CEST    repeat=1 BBMSInter: SKIP (walled at N=18000)
2026-07-28 06:23:54 CEST    repeat=1 BBMSDppInstant: SKIP (walled at N=18000)
2026-07-28 06:23:54 CEST    repeat=1 BBMSDppStepwise: SKIP (walled at N=30000)
2026-07-28 06:23:54 CEST    repeat=1 DijkstraPrims: SKIP (walled at N=18000)
2026-07-28 06:23:54 CEST    repeat=2 BBMSCore: SKIP (walled at N=11000)
2026-07-28 06:23:54 CEST    repeat=2 BBMSInter: SKIP (walled at N=18000)
2026-07-28 06:23:54 CEST    repeat=2 BBMSDppInstant: SKIP (walled at N=18000)
2026-07-28 06:23:54 CEST    repeat=2 BBMSDppStepwise: SKIP (walled at N=30000)
2026-07-28 06:23:54 CEST    repeat=2 DijkstraPrims: SKIP (walled at N=18000)
2026-07-28 06:23:54 CEST  op-count pass
2026-07-28 06:23:54 CEST    BBMSCore: SKIP (walled at N=11000)
2026-07-28 06:23:54 CEST    BBMSInter: SKIP (walled at N=18000)
2026-07-28 06:23:54 CEST    BBMSDppInstant: SKIP (walled at N=18000)
2026-07-28 06:23:54 CEST    BBMSDppStepwise: SKIP (walled at N=30000)
2026-07-28 06:23:54 CEST    DijkstraPrims: SKIP (walled at N=18000)
2026-07-28 06:23:54 CEST  cross-algorithm agreement: ok
2026-07-28 06:23:54 CEST  sample=1
2026-07-28 06:23:54 CEST  runtime/memory pass
2026-07-28 06:23:54 CEST    repeat=0 BBMSCore: SKIP (walled at N=11000)
2026-07-28 06:23:54 CEST    repeat=0 BBMSInter: SKIP (walled at N=18000)
2026-07-28 06:23:54 CEST    repeat=0 BBMSDppInstant: SKIP (walled at N=18000)
2026-07-28 06:23:54 CEST    repeat=0 BBMSDppStepwise: SKIP (walled at N=30000)
2026-07-28 06:23:54 CEST    repeat=0 DijkstraPrims: SKIP (walled at N=18000)
2026-07-28 06:23:54 CEST    repeat=1 BBMSCore: SKIP (walled at N=11000)
2026-07-28 06:23:54 CEST    repeat=1 BBMSInter: SKIP (walled at N=18000)
2026-07-28 06:23:54 CEST    repeat=1 BBMSDppInstant: SKIP (walled at N=18000)
2026-07-28 06:23:54 CEST    repeat=1 BBMSDppStepwise: SKIP (walled at N=30000)
2026-07-28 06:23:54 CEST    repeat=1 DijkstraPrims: SKIP (walled at N=18000)
2026-07-28 06:23:54 CEST    repeat=2 BBMSCore: SKIP (walled at N=11000)
2026-07-28 06:23:54 CEST    repeat=2 BBMSInter: SKIP (walled at N=18000)
2026-07-28 06:23:54 CEST    repeat=2 BBMSDppInstant: SKIP (walled at N=18000)
2026-07-28 06:23:54 CEST    repeat=2 BBMSDppStepwise: SKIP (walled at N=30000)
2026-07-28 06:23:54 CEST    repeat=2 DijkstraPrims: SKIP (walled at N=18000)
2026-07-28 06:23:54 CEST  op-count pass
2026-07-28 06:23:54 CEST    BBMSCore: SKIP (walled at N=11000)
2026-07-28 06:23:54 CEST    BBMSInter: SKIP (walled at N=18000)
2026-07-28 06:23:54 CEST    BBMSDppInstant: SKIP (walled at N=18000)
2026-07-28 06:23:54 CEST    BBMSDppStepwise: SKIP (walled at N=30000)
2026-07-28 06:23:54 CEST    DijkstraPrims: SKIP (walled at N=18000)
2026-07-28 06:23:54 CEST  cross-algorithm agreement: ok
2026-07-28 06:23:54 CEST  sample=2
2026-07-28 06:23:54 CEST  runtime/memory pass
2026-07-28 06:23:54 CEST    repeat=0 BBMSCore: SKIP (walled at N=11000)
2026-07-28 06:23:54 CEST    repeat=0 BBMSInter: SKIP (walled at N=18000)
2026-07-28 06:23:54 CEST    repeat=0 BBMSDppInstant: SKIP (walled at N=18000)
2026-07-28 06:23:54 CEST    repeat=0 BBMSDppStepwise: SKIP (walled at N=30000)
2026-07-28 06:23:54 CEST    repeat=0 DijkstraPrims: SKIP (walled at N=18000)
2026-07-28 06:23:54 CEST    repeat=1 BBMSCore: SKIP (walled at N=11000)
2026-07-28 06:23:54 CEST    repeat=1 BBMSInter: SKIP (walled at N=18000)
2026-07-28 06:23:54 CEST    repeat=1 BBMSDppInstant: SKIP (walled at N=18000)
2026-07-28 06:23:54 CEST    repeat=1 BBMSDppStepwise: SKIP (walled at N=30000)
2026-07-28 06:23:54 CEST    repeat=1 DijkstraPrims: SKIP (walled at N=18000)
2026-07-28 06:23:54 CEST    repeat=2 BBMSCore: SKIP (walled at N=11000)
2026-07-28 06:23:54 CEST    repeat=2 BBMSInter: SKIP (walled at N=18000)
2026-07-28 06:23:54 CEST    repeat=2 BBMSDppInstant: SKIP (walled at N=18000)
2026-07-28 06:23:54 CEST    repeat=2 BBMSDppStepwise: SKIP (walled at N=30000)
2026-07-28 06:23:54 CEST    repeat=2 DijkstraPrims: SKIP (walled at N=18000)
2026-07-28 06:23:54 CEST  op-count pass
2026-07-28 06:23:54 CEST    BBMSCore: SKIP (walled at N=11000)
2026-07-28 06:23:54 CEST    BBMSInter: SKIP (walled at N=18000)
2026-07-28 06:23:54 CEST    BBMSDppInstant: SKIP (walled at N=18000)
2026-07-28 06:23:54 CEST    BBMSDppStepwise: SKIP (walled at N=30000)
2026-07-28 06:23:54 CEST    DijkstraPrims: SKIP (walled at N=18000)
2026-07-28 06:23:54 CEST  cross-algorithm agreement: ok
2026-07-28 06:23:54 CEST  sample=3
2026-07-28 06:23:54 CEST  runtime/memory pass
2026-07-28 06:23:54 CEST    repeat=0 BBMSCore: SKIP (walled at N=11000)
2026-07-28 06:23:54 CEST    repeat=0 BBMSInter: SKIP (walled at N=18000)
2026-07-28 06:23:54 CEST    repeat=0 BBMSDppInstant: SKIP (walled at N=18000)
2026-07-28 06:23:54 CEST    repeat=0 BBMSDppStepwise: SKIP (walled at N=30000)
2026-07-28 06:23:54 CEST    repeat=0 DijkstraPrims: SKIP (walled at N=18000)
2026-07-28 06:23:54 CEST    repeat=1 BBMSCore: SKIP (walled at N=11000)
2026-07-28 06:23:54 CEST    repeat=1 BBMSInter: SKIP (walled at N=18000)
2026-07-28 06:23:54 CEST    repeat=1 BBMSDppInstant: SKIP (walled at N=18000)
2026-07-28 06:23:54 CEST    repeat=1 BBMSDppStepwise: SKIP (walled at N=30000)
2026-07-28 06:23:54 CEST    repeat=1 DijkstraPrims: SKIP (walled at N=18000)
2026-07-28 06:23:54 CEST    repeat=2 BBMSCore: SKIP (walled at N=11000)
2026-07-28 06:23:54 CEST    repeat=2 BBMSInter: SKIP (walled at N=18000)
2026-07-28 06:23:54 CEST    repeat=2 BBMSDppInstant: SKIP (walled at N=18000)
2026-07-28 06:23:54 CEST    repeat=2 BBMSDppStepwise: SKIP (walled at N=30000)
2026-07-28 06:23:54 CEST    repeat=2 DijkstraPrims: SKIP (walled at N=18000)
2026-07-28 06:23:54 CEST  op-count pass
2026-07-28 06:23:54 CEST    BBMSCore: SKIP (walled at N=11000)
2026-07-28 06:23:54 CEST    BBMSInter: SKIP (walled at N=18000)
2026-07-28 06:23:54 CEST    BBMSDppInstant: SKIP (walled at N=18000)
2026-07-28 06:23:54 CEST    BBMSDppStepwise: SKIP (walled at N=30000)
2026-07-28 06:23:54 CEST    DijkstraPrims: SKIP (walled at N=18000)
2026-07-28 06:23:54 CEST  cross-algorithm agreement: ok
2026-07-28 06:23:54 CEST  sample=4
2026-07-28 06:23:54 CEST  runtime/memory pass
2026-07-28 06:23:54 CEST    repeat=0 BBMSCore: SKIP (walled at N=11000)
2026-07-28 06:23:54 CEST    repeat=0 BBMSInter: SKIP (walled at N=18000)
2026-07-28 06:23:54 CEST    repeat=0 BBMSDppInstant: SKIP (walled at N=18000)
2026-07-28 06:23:54 CEST    repeat=0 BBMSDppStepwise: SKIP (walled at N=30000)
2026-07-28 06:23:54 CEST    repeat=0 DijkstraPrims: SKIP (walled at N=18000)
2026-07-28 06:23:54 CEST    repeat=1 BBMSCore: SKIP (walled at N=11000)
2026-07-28 06:23:54 CEST    repeat=1 BBMSInter: SKIP (walled at N=18000)
2026-07-28 06:23:54 CEST    repeat=1 BBMSDppInstant: SKIP (walled at N=18000)
2026-07-28 06:23:54 CEST    repeat=1 BBMSDppStepwise: SKIP (walled at N=30000)
2026-07-28 06:23:54 CEST    repeat=1 DijkstraPrims: SKIP (walled at N=18000)
2026-07-28 06:23:54 CEST    repeat=2 BBMSCore: SKIP (walled at N=11000)
2026-07-28 06:23:54 CEST    repeat=2 BBMSInter: SKIP (walled at N=18000)
2026-07-28 06:23:54 CEST    repeat=2 BBMSDppInstant: SKIP (walled at N=18000)
2026-07-28 06:23:54 CEST    repeat=2 BBMSDppStepwise: SKIP (walled at N=30000)
2026-07-28 06:23:54 CEST    repeat=2 DijkstraPrims: SKIP (walled at N=18000)
2026-07-28 06:23:54 CEST  op-count pass
2026-07-28 06:23:54 CEST    BBMSCore: SKIP (walled at N=11000)
2026-07-28 06:23:54 CEST    BBMSInter: SKIP (walled at N=18000)
2026-07-28 06:23:54 CEST    BBMSDppInstant: SKIP (walled at N=18000)
2026-07-28 06:23:54 CEST    BBMSDppStepwise: SKIP (walled at N=30000)
2026-07-28 06:23:54 CEST    DijkstraPrims: SKIP (walled at N=18000)
2026-07-28 06:23:54 CEST  cross-algorithm agreement: ok
2026-07-28 06:23:54 CEST  === dataset: random ===
2026-07-28 06:23:54 CEST  --- N=500 ---
2026-07-28 06:23:54 CEST  sample=0
2026-07-28 06:23:54 CEST  runtime/memory pass
2026-07-28 06:23:54 CEST    repeat=0 BBMSCore: running...
2026-07-28 06:23:54 CEST    repeat=0 BBMSCore: status=ok
2026-07-28 06:23:54 CEST    repeat=0 BBMSInter: running...
2026-07-28 06:23:54 CEST    repeat=0 BBMSInter: status=ok
2026-07-28 06:23:54 CEST    repeat=0 BBMSDppInstant: running...
2026-07-28 06:23:54 CEST    repeat=0 BBMSDppInstant: status=ok
2026-07-28 06:23:54 CEST    repeat=0 BBMSDppStepwise: running...
2026-07-28 06:23:54 CEST    repeat=0 BBMSDppStepwise: status=ok
2026-07-28 06:23:54 CEST    repeat=0 DijkstraPrims: running...
2026-07-28 06:23:54 CEST    repeat=0 DijkstraPrims: status=ok
2026-07-28 06:23:54 CEST    repeat=1 BBMSCore: running...
2026-07-28 06:23:54 CEST    repeat=1 BBMSCore: status=ok
2026-07-28 06:23:54 CEST    repeat=1 BBMSInter: running...
2026-07-28 06:23:54 CEST    repeat=1 BBMSInter: status=ok
2026-07-28 06:23:54 CEST    repeat=1 BBMSDppInstant: running...
2026-07-28 06:23:54 CEST    repeat=1 BBMSDppInstant: status=ok
2026-07-28 06:23:54 CEST    repeat=1 BBMSDppStepwise: running...
2026-07-28 06:23:54 CEST    repeat=1 BBMSDppStepwise: status=ok
2026-07-28 06:23:54 CEST    repeat=1 DijkstraPrims: running...
2026-07-28 06:23:54 CEST    repeat=1 DijkstraPrims: status=ok
2026-07-28 06:23:54 CEST    repeat=2 BBMSCore: running...
2026-07-28 06:23:54 CEST    repeat=2 BBMSCore: status=ok
2026-07-28 06:23:54 CEST    repeat=2 BBMSInter: running...
2026-07-28 06:23:54 CEST    repeat=2 BBMSInter: status=ok
2026-07-28 06:23:54 CEST    repeat=2 BBMSDppInstant: running...
2026-07-28 06:23:54 CEST    repeat=2 BBMSDppInstant: status=ok
2026-07-28 06:23:54 CEST    repeat=2 BBMSDppStepwise: running...
2026-07-28 06:23:54 CEST    repeat=2 BBMSDppStepwise: status=ok
2026-07-28 06:23:54 CEST    repeat=2 DijkstraPrims: running...
2026-07-28 06:23:54 CEST    repeat=2 DijkstraPrims: status=ok
2026-07-28 06:23:54 CEST  op-count pass
2026-07-28 06:23:54 CEST    BBMSCore: running...
2026-07-28 06:23:54 CEST    BBMSCore: status=ok
2026-07-28 06:23:54 CEST    BBMSInter: running...
2026-07-28 06:23:54 CEST    BBMSInter: status=ok
2026-07-28 06:23:54 CEST    BBMSDppInstant: running...
2026-07-28 06:23:54 CEST    BBMSDppInstant: status=ok
2026-07-28 06:23:54 CEST    BBMSDppStepwise: running...
2026-07-28 06:23:55 CEST    BBMSDppStepwise: status=ok
2026-07-28 06:23:55 CEST    DijkstraPrims: running...
2026-07-28 06:23:55 CEST    DijkstraPrims: status=ok
2026-07-28 06:23:55 CEST  cross-algorithm agreement: ok
2026-07-28 06:23:55 CEST  sample=1
2026-07-28 06:23:55 CEST  runtime/memory pass
2026-07-28 06:23:55 CEST    repeat=0 BBMSCore: running...
2026-07-28 06:23:55 CEST    repeat=0 BBMSCore: status=ok
2026-07-28 06:23:55 CEST    repeat=0 BBMSInter: running...
2026-07-28 06:23:55 CEST    repeat=0 BBMSInter: status=ok
2026-07-28 06:23:55 CEST    repeat=0 BBMSDppInstant: running...
2026-07-28 06:23:55 CEST    repeat=0 BBMSDppInstant: status=ok
2026-07-28 06:23:55 CEST    repeat=0 BBMSDppStepwise: running...
2026-07-28 06:23:55 CEST    repeat=0 BBMSDppStepwise: status=ok
2026-07-28 06:23:55 CEST    repeat=0 DijkstraPrims: running...
2026-07-28 06:23:55 CEST    repeat=0 DijkstraPrims: status=ok
2026-07-28 06:23:55 CEST    repeat=1 BBMSCore: running...
2026-07-28 06:23:55 CEST    repeat=1 BBMSCore: status=ok
2026-07-28 06:23:55 CEST    repeat=1 BBMSInter: running...
2026-07-28 06:23:55 CEST    repeat=1 BBMSInter: status=ok
2026-07-28 06:23:55 CEST    repeat=1 BBMSDppInstant: running...
2026-07-28 06:23:55 CEST    repeat=1 BBMSDppInstant: status=ok
2026-07-28 06:23:55 CEST    repeat=1 BBMSDppStepwise: running...
2026-07-28 06:23:55 CEST    repeat=1 BBMSDppStepwise: status=ok
2026-07-28 06:23:55 CEST    repeat=1 DijkstraPrims: running...
2026-07-28 06:23:55 CEST    repeat=1 DijkstraPrims: status=ok
2026-07-28 06:23:55 CEST    repeat=2 BBMSCore: running...
2026-07-28 06:23:55 CEST    repeat=2 BBMSCore: status=ok
2026-07-28 06:23:55 CEST    repeat=2 BBMSInter: running...
2026-07-28 06:23:55 CEST    repeat=2 BBMSInter: status=ok
2026-07-28 06:23:55 CEST    repeat=2 BBMSDppInstant: running...
2026-07-28 06:23:55 CEST    repeat=2 BBMSDppInstant: status=ok
2026-07-28 06:23:55 CEST    repeat=2 BBMSDppStepwise: running...
2026-07-28 06:23:55 CEST    repeat=2 BBMSDppStepwise: status=ok
2026-07-28 06:23:55 CEST    repeat=2 DijkstraPrims: running...
2026-07-28 06:23:55 CEST    repeat=2 DijkstraPrims: status=ok
2026-07-28 06:23:55 CEST  op-count pass
2026-07-28 06:23:55 CEST    BBMSCore: running...
2026-07-28 06:23:55 CEST    BBMSCore: status=ok
2026-07-28 06:23:55 CEST    BBMSInter: running...
2026-07-28 06:23:55 CEST    BBMSInter: status=ok
2026-07-28 06:23:55 CEST    BBMSDppInstant: running...
2026-07-28 06:23:55 CEST    BBMSDppInstant: status=ok
2026-07-28 06:23:55 CEST    BBMSDppStepwise: running...
2026-07-28 06:23:56 CEST    BBMSDppStepwise: status=ok
2026-07-28 06:23:56 CEST    DijkstraPrims: running...
2026-07-28 06:23:56 CEST    DijkstraPrims: status=ok
2026-07-28 06:23:56 CEST  cross-algorithm agreement: ok
2026-07-28 06:23:56 CEST  sample=2
2026-07-28 06:23:56 CEST  runtime/memory pass
2026-07-28 06:23:56 CEST    repeat=0 BBMSCore: running...
2026-07-28 06:23:56 CEST    repeat=0 BBMSCore: status=ok
2026-07-28 06:23:56 CEST    repeat=0 BBMSInter: running...
2026-07-28 06:23:56 CEST    repeat=0 BBMSInter: status=ok
2026-07-28 06:23:56 CEST    repeat=0 BBMSDppInstant: running...
2026-07-28 06:23:56 CEST    repeat=0 BBMSDppInstant: status=ok
2026-07-28 06:23:56 CEST    repeat=0 BBMSDppStepwise: running...
2026-07-28 06:23:56 CEST    repeat=0 BBMSDppStepwise: status=ok
2026-07-28 06:23:56 CEST    repeat=0 DijkstraPrims: running...
2026-07-28 06:23:56 CEST    repeat=0 DijkstraPrims: status=ok
2026-07-28 06:23:56 CEST    repeat=1 BBMSCore: running...
2026-07-28 06:23:56 CEST    repeat=1 BBMSCore: status=ok
2026-07-28 06:23:56 CEST    repeat=1 BBMSInter: running...
2026-07-28 06:23:56 CEST    repeat=1 BBMSInter: status=ok
2026-07-28 06:23:56 CEST    repeat=1 BBMSDppInstant: running...
2026-07-28 06:23:56 CEST    repeat=1 BBMSDppInstant: status=ok
2026-07-28 06:23:56 CEST    repeat=1 BBMSDppStepwise: running...
2026-07-28 06:23:56 CEST    repeat=1 BBMSDppStepwise: status=ok
2026-07-28 06:23:56 CEST    repeat=1 DijkstraPrims: running...
2026-07-28 06:23:56 CEST    repeat=1 DijkstraPrims: status=ok
2026-07-28 06:23:56 CEST    repeat=2 BBMSCore: running...
2026-07-28 06:23:56 CEST    repeat=2 BBMSCore: status=ok
2026-07-28 06:23:56 CEST    repeat=2 BBMSInter: running...
2026-07-28 06:23:56 CEST    repeat=2 BBMSInter: status=ok
2026-07-28 06:23:56 CEST    repeat=2 BBMSDppInstant: running...
2026-07-28 06:23:56 CEST    repeat=2 BBMSDppInstant: status=ok
2026-07-28 06:23:56 CEST    repeat=2 BBMSDppStepwise: running...
2026-07-28 06:23:56 CEST    repeat=2 BBMSDppStepwise: status=ok
2026-07-28 06:23:56 CEST    repeat=2 DijkstraPrims: running...
2026-07-28 06:23:56 CEST    repeat=2 DijkstraPrims: status=ok
2026-07-28 06:23:56 CEST  op-count pass
2026-07-28 06:23:56 CEST    BBMSCore: running...
2026-07-28 06:23:56 CEST    BBMSCore: status=ok
2026-07-28 06:23:56 CEST    BBMSInter: running...
2026-07-28 06:23:56 CEST    BBMSInter: status=ok
2026-07-28 06:23:56 CEST    BBMSDppInstant: running...
2026-07-28 06:23:56 CEST    BBMSDppInstant: status=ok
2026-07-28 06:23:56 CEST    BBMSDppStepwise: running...
2026-07-28 06:23:57 CEST    BBMSDppStepwise: status=ok
2026-07-28 06:23:57 CEST    DijkstraPrims: running...
2026-07-28 06:23:57 CEST    DijkstraPrims: status=ok
2026-07-28 06:23:57 CEST  cross-algorithm agreement: ok
2026-07-28 06:23:57 CEST  sample=3
2026-07-28 06:23:57 CEST  runtime/memory pass
2026-07-28 06:23:57 CEST    repeat=0 BBMSCore: running...
2026-07-28 06:23:57 CEST    repeat=0 BBMSCore: status=ok
2026-07-28 06:23:57 CEST    repeat=0 BBMSInter: running...
2026-07-28 06:23:57 CEST    repeat=0 BBMSInter: status=ok
2026-07-28 06:23:57 CEST    repeat=0 BBMSDppInstant: running...
2026-07-28 06:23:57 CEST    repeat=0 BBMSDppInstant: status=ok
2026-07-28 06:23:57 CEST    repeat=0 BBMSDppStepwise: running...
2026-07-28 06:23:57 CEST    repeat=0 BBMSDppStepwise: status=ok
2026-07-28 06:23:57 CEST    repeat=0 DijkstraPrims: running...
2026-07-28 06:23:57 CEST    repeat=0 DijkstraPrims: status=ok
2026-07-28 06:23:57 CEST    repeat=1 BBMSCore: running...
2026-07-28 06:23:57 CEST    repeat=1 BBMSCore: status=ok
2026-07-28 06:23:57 CEST    repeat=1 BBMSInter: running...
2026-07-28 06:23:57 CEST    repeat=1 BBMSInter: status=ok
2026-07-28 06:23:57 CEST    repeat=1 BBMSDppInstant: running...
2026-07-28 06:23:57 CEST    repeat=1 BBMSDppInstant: status=ok
2026-07-28 06:23:57 CEST    repeat=1 BBMSDppStepwise: running...
2026-07-28 06:23:57 CEST    repeat=1 BBMSDppStepwise: status=ok
2026-07-28 06:23:57 CEST    repeat=1 DijkstraPrims: running...
2026-07-28 06:23:57 CEST    repeat=1 DijkstraPrims: status=ok
2026-07-28 06:23:57 CEST    repeat=2 BBMSCore: running...
2026-07-28 06:23:57 CEST    repeat=2 BBMSCore: status=ok
2026-07-28 06:23:57 CEST    repeat=2 BBMSInter: running...
2026-07-28 06:23:57 CEST    repeat=2 BBMSInter: status=ok
2026-07-28 06:23:57 CEST    repeat=2 BBMSDppInstant: running...
2026-07-28 06:23:57 CEST    repeat=2 BBMSDppInstant: status=ok
2026-07-28 06:23:57 CEST    repeat=2 BBMSDppStepwise: running...
2026-07-28 06:23:57 CEST    repeat=2 BBMSDppStepwise: status=ok
2026-07-28 06:23:57 CEST    repeat=2 DijkstraPrims: running...
2026-07-28 06:23:57 CEST    repeat=2 DijkstraPrims: status=ok
2026-07-28 06:23:57 CEST  op-count pass
2026-07-28 06:23:57 CEST    BBMSCore: running...
2026-07-28 06:23:57 CEST    BBMSCore: status=ok
2026-07-28 06:23:57 CEST    BBMSInter: running...
2026-07-28 06:23:57 CEST    BBMSInter: status=ok
2026-07-28 06:23:57 CEST    BBMSDppInstant: running...
2026-07-28 06:23:57 CEST    BBMSDppInstant: status=ok
2026-07-28 06:23:57 CEST    BBMSDppStepwise: running...
2026-07-28 06:23:58 CEST    BBMSDppStepwise: status=ok
2026-07-28 06:23:58 CEST    DijkstraPrims: running...
2026-07-28 06:23:58 CEST    DijkstraPrims: status=ok
2026-07-28 06:23:58 CEST  cross-algorithm agreement: ok
2026-07-28 06:23:58 CEST  sample=4
2026-07-28 06:23:58 CEST  runtime/memory pass
2026-07-28 06:23:58 CEST    repeat=0 BBMSCore: running...
2026-07-28 06:23:58 CEST    repeat=0 BBMSCore: status=ok
2026-07-28 06:23:58 CEST    repeat=0 BBMSInter: running...
2026-07-28 06:23:58 CEST    repeat=0 BBMSInter: status=ok
2026-07-28 06:23:58 CEST    repeat=0 BBMSDppInstant: running...
2026-07-28 06:23:58 CEST    repeat=0 BBMSDppInstant: status=ok
2026-07-28 06:23:58 CEST    repeat=0 BBMSDppStepwise: running...
2026-07-28 06:23:58 CEST    repeat=0 BBMSDppStepwise: status=ok
2026-07-28 06:23:58 CEST    repeat=0 DijkstraPrims: running...
2026-07-28 06:23:58 CEST    repeat=0 DijkstraPrims: status=ok
2026-07-28 06:23:58 CEST    repeat=1 BBMSCore: running...
2026-07-28 06:23:58 CEST    repeat=1 BBMSCore: status=ok
2026-07-28 06:23:58 CEST    repeat=1 BBMSInter: running...
2026-07-28 06:23:58 CEST    repeat=1 BBMSInter: status=ok
2026-07-28 06:23:58 CEST    repeat=1 BBMSDppInstant: running...
2026-07-28 06:23:58 CEST    repeat=1 BBMSDppInstant: status=ok
2026-07-28 06:23:58 CEST    repeat=1 BBMSDppStepwise: running...
2026-07-28 06:23:58 CEST    repeat=1 BBMSDppStepwise: status=ok
2026-07-28 06:23:58 CEST    repeat=1 DijkstraPrims: running...
2026-07-28 06:23:58 CEST    repeat=1 DijkstraPrims: status=ok
2026-07-28 06:23:58 CEST    repeat=2 BBMSCore: running...
2026-07-28 06:23:58 CEST    repeat=2 BBMSCore: status=ok
2026-07-28 06:23:58 CEST    repeat=2 BBMSInter: running...
2026-07-28 06:23:58 CEST    repeat=2 BBMSInter: status=ok
2026-07-28 06:23:58 CEST    repeat=2 BBMSDppInstant: running...
2026-07-28 06:23:58 CEST    repeat=2 BBMSDppInstant: status=ok
2026-07-28 06:23:58 CEST    repeat=2 BBMSDppStepwise: running...
2026-07-28 06:23:58 CEST    repeat=2 BBMSDppStepwise: status=ok
2026-07-28 06:23:58 CEST    repeat=2 DijkstraPrims: running...
2026-07-28 06:23:58 CEST    repeat=2 DijkstraPrims: status=ok
2026-07-28 06:23:58 CEST  op-count pass
2026-07-28 06:23:58 CEST    BBMSCore: running...
2026-07-28 06:23:58 CEST    BBMSCore: status=ok
2026-07-28 06:23:58 CEST    BBMSInter: running...
2026-07-28 06:23:58 CEST    BBMSInter: status=ok
2026-07-28 06:23:58 CEST    BBMSDppInstant: running...
2026-07-28 06:23:59 CEST    BBMSDppInstant: status=ok
2026-07-28 06:23:59 CEST    BBMSDppStepwise: running...
2026-07-28 06:23:59 CEST    BBMSDppStepwise: status=ok
2026-07-28 06:23:59 CEST    DijkstraPrims: running...
2026-07-28 06:23:59 CEST    DijkstraPrims: status=ok
2026-07-28 06:23:59 CEST  cross-algorithm agreement: ok
2026-07-28 06:23:59 CEST  sample=5
2026-07-28 06:23:59 CEST  runtime/memory pass
2026-07-28 06:23:59 CEST    repeat=0 BBMSCore: running...
2026-07-28 06:23:59 CEST    repeat=0 BBMSCore: status=ok
2026-07-28 06:23:59 CEST    repeat=0 BBMSInter: running...
2026-07-28 06:23:59 CEST    repeat=0 BBMSInter: status=ok
2026-07-28 06:23:59 CEST    repeat=0 BBMSDppInstant: running...
2026-07-28 06:23:59 CEST    repeat=0 BBMSDppInstant: status=ok
2026-07-28 06:23:59 CEST    repeat=0 BBMSDppStepwise: running...
2026-07-28 06:23:59 CEST    repeat=0 BBMSDppStepwise: status=ok
2026-07-28 06:23:59 CEST    repeat=0 DijkstraPrims: running...
2026-07-28 06:23:59 CEST    repeat=0 DijkstraPrims: status=ok
2026-07-28 06:23:59 CEST    repeat=1 BBMSCore: running...
2026-07-28 06:23:59 CEST    repeat=1 BBMSCore: status=ok
2026-07-28 06:23:59 CEST    repeat=1 BBMSInter: running...
2026-07-28 06:23:59 CEST    repeat=1 BBMSInter: status=ok
2026-07-28 06:23:59 CEST    repeat=1 BBMSDppInstant: running...
2026-07-28 06:23:59 CEST    repeat=1 BBMSDppInstant: status=ok
2026-07-28 06:23:59 CEST    repeat=1 BBMSDppStepwise: running...
2026-07-28 06:23:59 CEST    repeat=1 BBMSDppStepwise: status=ok
2026-07-28 06:23:59 CEST    repeat=1 DijkstraPrims: running...
2026-07-28 06:23:59 CEST    repeat=1 DijkstraPrims: status=ok
2026-07-28 06:23:59 CEST    repeat=2 BBMSCore: running...
2026-07-28 06:23:59 CEST    repeat=2 BBMSCore: status=ok
2026-07-28 06:23:59 CEST    repeat=2 BBMSInter: running...
2026-07-28 06:23:59 CEST    repeat=2 BBMSInter: status=ok
2026-07-28 06:23:59 CEST    repeat=2 BBMSDppInstant: running...
2026-07-28 06:23:59 CEST    repeat=2 BBMSDppInstant: status=ok
2026-07-28 06:23:59 CEST    repeat=2 BBMSDppStepwise: running...
2026-07-28 06:23:59 CEST    repeat=2 BBMSDppStepwise: status=ok
2026-07-28 06:23:59 CEST    repeat=2 DijkstraPrims: running...
2026-07-28 06:23:59 CEST    repeat=2 DijkstraPrims: status=ok
2026-07-28 06:23:59 CEST  op-count pass
2026-07-28 06:23:59 CEST    BBMSCore: running...
2026-07-28 06:24:00 CEST    BBMSCore: status=ok
2026-07-28 06:24:00 CEST    BBMSInter: running...
2026-07-28 06:24:00 CEST    BBMSInter: status=ok
2026-07-28 06:24:00 CEST    BBMSDppInstant: running...
2026-07-28 06:24:00 CEST    BBMSDppInstant: status=ok
2026-07-28 06:24:00 CEST    BBMSDppStepwise: running...
2026-07-28 06:24:00 CEST    BBMSDppStepwise: status=ok
2026-07-28 06:24:00 CEST    DijkstraPrims: running...
2026-07-28 06:24:00 CEST    DijkstraPrims: status=ok
2026-07-28 06:24:00 CEST  cross-algorithm agreement: ok
2026-07-28 06:24:00 CEST  sample=6
2026-07-28 06:24:00 CEST  runtime/memory pass
2026-07-28 06:24:00 CEST    repeat=0 BBMSCore: running...
2026-07-28 06:24:00 CEST    repeat=0 BBMSCore: status=ok
2026-07-28 06:24:00 CEST    repeat=0 BBMSInter: running...
2026-07-28 06:24:00 CEST    repeat=0 BBMSInter: status=ok
2026-07-28 06:24:00 CEST    repeat=0 BBMSDppInstant: running...
2026-07-28 06:24:00 CEST    repeat=0 BBMSDppInstant: status=ok
2026-07-28 06:24:00 CEST    repeat=0 BBMSDppStepwise: running...
2026-07-28 06:24:00 CEST    repeat=0 BBMSDppStepwise: status=ok
2026-07-28 06:24:00 CEST    repeat=0 DijkstraPrims: running...
2026-07-28 06:24:00 CEST    repeat=0 DijkstraPrims: status=ok
2026-07-28 06:24:00 CEST    repeat=1 BBMSCore: running...
2026-07-28 06:24:00 CEST    repeat=1 BBMSCore: status=ok
2026-07-28 06:24:00 CEST    repeat=1 BBMSInter: running...
2026-07-28 06:24:00 CEST    repeat=1 BBMSInter: status=ok
2026-07-28 06:24:00 CEST    repeat=1 BBMSDppInstant: running...
2026-07-28 06:24:00 CEST    repeat=1 BBMSDppInstant: status=ok
2026-07-28 06:24:00 CEST    repeat=1 BBMSDppStepwise: running...
2026-07-28 06:24:00 CEST    repeat=1 BBMSDppStepwise: status=ok
2026-07-28 06:24:00 CEST    repeat=1 DijkstraPrims: running...
2026-07-28 06:24:00 CEST    repeat=1 DijkstraPrims: status=ok
2026-07-28 06:24:00 CEST    repeat=2 BBMSCore: running...
2026-07-28 06:24:00 CEST    repeat=2 BBMSCore: status=ok
2026-07-28 06:24:00 CEST    repeat=2 BBMSInter: running...
2026-07-28 06:24:00 CEST    repeat=2 BBMSInter: status=ok
2026-07-28 06:24:00 CEST    repeat=2 BBMSDppInstant: running...
2026-07-28 06:24:00 CEST    repeat=2 BBMSDppInstant: status=ok
2026-07-28 06:24:00 CEST    repeat=2 BBMSDppStepwise: running...
2026-07-28 06:24:01 CEST    repeat=2 BBMSDppStepwise: status=ok
2026-07-28 06:24:01 CEST    repeat=2 DijkstraPrims: running...
2026-07-28 06:24:01 CEST    repeat=2 DijkstraPrims: status=ok
2026-07-28 06:24:01 CEST  op-count pass
2026-07-28 06:24:01 CEST    BBMSCore: running...
2026-07-28 06:24:01 CEST    BBMSCore: status=ok
2026-07-28 06:24:01 CEST    BBMSInter: running...
2026-07-28 06:24:01 CEST    BBMSInter: status=ok
2026-07-28 06:24:01 CEST    BBMSDppInstant: running...
2026-07-28 06:24:01 CEST    BBMSDppInstant: status=ok
2026-07-28 06:24:01 CEST    BBMSDppStepwise: running...
2026-07-28 06:24:01 CEST    BBMSDppStepwise: status=ok
2026-07-28 06:24:01 CEST    DijkstraPrims: running...
2026-07-28 06:24:01 CEST    DijkstraPrims: status=ok
2026-07-28 06:24:01 CEST  cross-algorithm agreement: ok
2026-07-28 06:24:01 CEST  sample=7
2026-07-28 06:24:01 CEST  runtime/memory pass
2026-07-28 06:24:01 CEST    repeat=0 BBMSCore: running...
2026-07-28 06:24:01 CEST    repeat=0 BBMSCore: status=ok
2026-07-28 06:24:01 CEST    repeat=0 BBMSInter: running...
2026-07-28 06:24:01 CEST    repeat=0 BBMSInter: status=ok
2026-07-28 06:24:01 CEST    repeat=0 BBMSDppInstant: running...
2026-07-28 06:24:01 CEST    repeat=0 BBMSDppInstant: status=ok
2026-07-28 06:24:01 CEST    repeat=0 BBMSDppStepwise: running...
2026-07-28 06:24:01 CEST    repeat=0 BBMSDppStepwise: status=ok
2026-07-28 06:24:01 CEST    repeat=0 DijkstraPrims: running...
2026-07-28 06:24:01 CEST    repeat=0 DijkstraPrims: status=ok
2026-07-28 06:24:01 CEST    repeat=1 BBMSCore: running...
2026-07-28 06:24:01 CEST    repeat=1 BBMSCore: status=ok
2026-07-28 06:24:01 CEST    repeat=1 BBMSInter: running...
2026-07-28 06:24:01 CEST    repeat=1 BBMSInter: status=ok
2026-07-28 06:24:01 CEST    repeat=1 BBMSDppInstant: running...
2026-07-28 06:24:01 CEST    repeat=1 BBMSDppInstant: status=ok
2026-07-28 06:24:01 CEST    repeat=1 BBMSDppStepwise: running...
2026-07-28 06:24:01 CEST    repeat=1 BBMSDppStepwise: status=ok
2026-07-28 06:24:01 CEST    repeat=1 DijkstraPrims: running...
2026-07-28 06:24:01 CEST    repeat=1 DijkstraPrims: status=ok
2026-07-28 06:24:01 CEST    repeat=2 BBMSCore: running...
2026-07-28 06:24:01 CEST    repeat=2 BBMSCore: status=ok
2026-07-28 06:24:01 CEST    repeat=2 BBMSInter: running...
2026-07-28 06:24:01 CEST    repeat=2 BBMSInter: status=ok
2026-07-28 06:24:01 CEST    repeat=2 BBMSDppInstant: running...
2026-07-28 06:24:02 CEST    repeat=2 BBMSDppInstant: status=ok
2026-07-28 06:24:02 CEST    repeat=2 BBMSDppStepwise: running...
2026-07-28 06:24:02 CEST    repeat=2 BBMSDppStepwise: status=ok
2026-07-28 06:24:02 CEST    repeat=2 DijkstraPrims: running...
2026-07-28 06:24:02 CEST    repeat=2 DijkstraPrims: status=ok
2026-07-28 06:24:02 CEST  op-count pass
2026-07-28 06:24:02 CEST    BBMSCore: running...
2026-07-28 06:24:02 CEST    BBMSCore: status=ok
2026-07-28 06:24:02 CEST    BBMSInter: running...
2026-07-28 06:24:02 CEST    BBMSInter: status=ok
2026-07-28 06:24:02 CEST    BBMSDppInstant: running...
2026-07-28 06:24:02 CEST    BBMSDppInstant: status=ok
2026-07-28 06:24:02 CEST    BBMSDppStepwise: running...
2026-07-28 06:24:02 CEST    BBMSDppStepwise: status=ok
2026-07-28 06:24:02 CEST    DijkstraPrims: running...
2026-07-28 06:24:02 CEST    DijkstraPrims: status=ok
2026-07-28 06:24:02 CEST  cross-algorithm agreement: ok
2026-07-28 06:24:02 CEST  sample=8
2026-07-28 06:24:02 CEST  runtime/memory pass
2026-07-28 06:24:02 CEST    repeat=0 BBMSCore: running...
2026-07-28 06:24:02 CEST    repeat=0 BBMSCore: status=ok
2026-07-28 06:24:02 CEST    repeat=0 BBMSInter: running...
2026-07-28 06:24:02 CEST    repeat=0 BBMSInter: status=ok
2026-07-28 06:24:02 CEST    repeat=0 BBMSDppInstant: running...
2026-07-28 06:24:02 CEST    repeat=0 BBMSDppInstant: status=ok
2026-07-28 06:24:02 CEST    repeat=0 BBMSDppStepwise: running...
2026-07-28 06:24:02 CEST    repeat=0 BBMSDppStepwise: status=ok
2026-07-28 06:24:02 CEST    repeat=0 DijkstraPrims: running...
2026-07-28 06:24:02 CEST    repeat=0 DijkstraPrims: status=ok
2026-07-28 06:24:02 CEST    repeat=1 BBMSCore: running...
2026-07-28 06:24:02 CEST    repeat=1 BBMSCore: status=ok
2026-07-28 06:24:02 CEST    repeat=1 BBMSInter: running...
2026-07-28 06:24:02 CEST    repeat=1 BBMSInter: status=ok
2026-07-28 06:24:02 CEST    repeat=1 BBMSDppInstant: running...
2026-07-28 06:24:02 CEST    repeat=1 BBMSDppInstant: status=ok
2026-07-28 06:24:02 CEST    repeat=1 BBMSDppStepwise: running...
2026-07-28 06:24:02 CEST    repeat=1 BBMSDppStepwise: status=ok
2026-07-28 06:24:02 CEST    repeat=1 DijkstraPrims: running...
2026-07-28 06:24:02 CEST    repeat=1 DijkstraPrims: status=ok
2026-07-28 06:24:02 CEST    repeat=2 BBMSCore: running...
2026-07-28 06:24:03 CEST    repeat=2 BBMSCore: status=ok
2026-07-28 06:24:03 CEST    repeat=2 BBMSInter: running...
2026-07-28 06:24:03 CEST    repeat=2 BBMSInter: status=ok
2026-07-28 06:24:03 CEST    repeat=2 BBMSDppInstant: running...
2026-07-28 06:24:03 CEST    repeat=2 BBMSDppInstant: status=ok
2026-07-28 06:24:03 CEST    repeat=2 BBMSDppStepwise: running...
2026-07-28 06:24:03 CEST    repeat=2 BBMSDppStepwise: status=ok
2026-07-28 06:24:03 CEST    repeat=2 DijkstraPrims: running...
2026-07-28 06:24:03 CEST    repeat=2 DijkstraPrims: status=ok
2026-07-28 06:24:03 CEST  op-count pass
2026-07-28 06:24:03 CEST    BBMSCore: running...
2026-07-28 06:24:03 CEST    BBMSCore: status=ok
2026-07-28 06:24:03 CEST    BBMSInter: running...
2026-07-28 06:24:03 CEST    BBMSInter: status=ok
2026-07-28 06:24:03 CEST    BBMSDppInstant: running...
2026-07-28 06:24:03 CEST    BBMSDppInstant: status=ok
2026-07-28 06:24:03 CEST    BBMSDppStepwise: running...
2026-07-28 06:24:03 CEST    BBMSDppStepwise: status=ok
2026-07-28 06:24:03 CEST    DijkstraPrims: running...
2026-07-28 06:24:03 CEST    DijkstraPrims: status=ok
2026-07-28 06:24:03 CEST  cross-algorithm agreement: ok
2026-07-28 06:24:03 CEST  sample=9
2026-07-28 06:24:03 CEST  runtime/memory pass
2026-07-28 06:24:03 CEST    repeat=0 BBMSCore: running...
2026-07-28 06:24:03 CEST    repeat=0 BBMSCore: status=ok
2026-07-28 06:24:03 CEST    repeat=0 BBMSInter: running...
2026-07-28 06:24:03 CEST    repeat=0 BBMSInter: status=ok
2026-07-28 06:24:03 CEST    repeat=0 BBMSDppInstant: running...
2026-07-28 06:24:03 CEST    repeat=0 BBMSDppInstant: status=ok
2026-07-28 06:24:03 CEST    repeat=0 BBMSDppStepwise: running...
2026-07-28 06:24:03 CEST    repeat=0 BBMSDppStepwise: status=ok
2026-07-28 06:24:03 CEST    repeat=0 DijkstraPrims: running...
2026-07-28 06:24:03 CEST    repeat=0 DijkstraPrims: status=ok
2026-07-28 06:24:03 CEST    repeat=1 BBMSCore: running...
2026-07-28 06:24:03 CEST    repeat=1 BBMSCore: status=ok
2026-07-28 06:24:03 CEST    repeat=1 BBMSInter: running...
2026-07-28 06:24:03 CEST    repeat=1 BBMSInter: status=ok
2026-07-28 06:24:03 CEST    repeat=1 BBMSDppInstant: running...
2026-07-28 06:24:03 CEST    repeat=1 BBMSDppInstant: status=ok
2026-07-28 06:24:03 CEST    repeat=1 BBMSDppStepwise: running...
2026-07-28 06:24:04 CEST    repeat=1 BBMSDppStepwise: status=ok
2026-07-28 06:24:04 CEST    repeat=1 DijkstraPrims: running...
2026-07-28 06:24:04 CEST    repeat=1 DijkstraPrims: status=ok
2026-07-28 06:24:04 CEST    repeat=2 BBMSCore: running...
2026-07-28 06:24:04 CEST    repeat=2 BBMSCore: status=ok
2026-07-28 06:24:04 CEST    repeat=2 BBMSInter: running...
2026-07-28 06:24:04 CEST    repeat=2 BBMSInter: status=ok
2026-07-28 06:24:04 CEST    repeat=2 BBMSDppInstant: running...
2026-07-28 06:24:04 CEST    repeat=2 BBMSDppInstant: status=ok
2026-07-28 06:24:04 CEST    repeat=2 BBMSDppStepwise: running...
2026-07-28 06:24:04 CEST    repeat=2 BBMSDppStepwise: status=ok
2026-07-28 06:24:04 CEST    repeat=2 DijkstraPrims: running...
2026-07-28 06:24:04 CEST    repeat=2 DijkstraPrims: status=ok
2026-07-28 06:24:04 CEST  op-count pass
2026-07-28 06:24:04 CEST    BBMSCore: running...
2026-07-28 06:24:04 CEST    BBMSCore: status=ok
2026-07-28 06:24:04 CEST    BBMSInter: running...
2026-07-28 06:24:04 CEST    BBMSInter: status=ok
2026-07-28 06:24:04 CEST    BBMSDppInstant: running...
2026-07-28 06:24:04 CEST    BBMSDppInstant: status=ok
2026-07-28 06:24:04 CEST    BBMSDppStepwise: running...
2026-07-28 06:24:04 CEST    BBMSDppStepwise: status=ok
2026-07-28 06:24:04 CEST    DijkstraPrims: running...
2026-07-28 06:24:04 CEST    DijkstraPrims: status=ok
2026-07-28 06:24:04 CEST  cross-algorithm agreement: ok
2026-07-28 06:24:04 CEST  --- N=830 ---
2026-07-28 06:24:04 CEST  sample=0
2026-07-28 06:24:04 CEST  runtime/memory pass
2026-07-28 06:24:04 CEST    repeat=0 BBMSCore: running...
2026-07-28 06:24:04 CEST    repeat=0 BBMSCore: status=ok
2026-07-28 06:24:04 CEST    repeat=0 BBMSInter: running...
2026-07-28 06:24:04 CEST    repeat=0 BBMSInter: status=ok
2026-07-28 06:24:04 CEST    repeat=0 BBMSDppInstant: running...
2026-07-28 06:24:05 CEST    repeat=0 BBMSDppInstant: status=ok
2026-07-28 06:24:05 CEST    repeat=0 BBMSDppStepwise: running...
2026-07-28 06:24:05 CEST    repeat=0 BBMSDppStepwise: status=ok
2026-07-28 06:24:05 CEST    repeat=0 DijkstraPrims: running...
2026-07-28 06:24:05 CEST    repeat=0 DijkstraPrims: status=ok
2026-07-28 06:24:05 CEST    repeat=1 BBMSCore: running...
2026-07-28 06:24:05 CEST    repeat=1 BBMSCore: status=ok
2026-07-28 06:24:05 CEST    repeat=1 BBMSInter: running...
2026-07-28 06:24:05 CEST    repeat=1 BBMSInter: status=ok
2026-07-28 06:24:05 CEST    repeat=1 BBMSDppInstant: running...
2026-07-28 06:24:05 CEST    repeat=1 BBMSDppInstant: status=ok
2026-07-28 06:24:05 CEST    repeat=1 BBMSDppStepwise: running...
2026-07-28 06:24:06 CEST    repeat=1 BBMSDppStepwise: status=ok
2026-07-28 06:24:06 CEST    repeat=1 DijkstraPrims: running...
2026-07-28 06:24:06 CEST    repeat=1 DijkstraPrims: status=ok
2026-07-28 06:24:06 CEST    repeat=2 BBMSCore: running...
2026-07-28 06:24:06 CEST    repeat=2 BBMSCore: status=ok
2026-07-28 06:24:06 CEST    repeat=2 BBMSInter: running...
2026-07-28 06:24:06 CEST    repeat=2 BBMSInter: status=ok
2026-07-28 06:24:06 CEST    repeat=2 BBMSDppInstant: running...
2026-07-28 06:24:06 CEST    repeat=2 BBMSDppInstant: status=ok
2026-07-28 06:24:06 CEST    repeat=2 BBMSDppStepwise: running...
2026-07-28 06:24:06 CEST    repeat=2 BBMSDppStepwise: status=ok
2026-07-28 06:24:06 CEST    repeat=2 DijkstraPrims: running...
2026-07-28 06:24:06 CEST    repeat=2 DijkstraPrims: status=ok
2026-07-28 06:24:06 CEST  op-count pass
2026-07-28 06:24:06 CEST    BBMSCore: running...
2026-07-28 06:24:06 CEST    BBMSCore: status=ok
2026-07-28 06:24:06 CEST    BBMSInter: running...
2026-07-28 06:24:07 CEST    BBMSInter: status=ok
2026-07-28 06:24:07 CEST    BBMSDppInstant: running...
2026-07-28 06:24:07 CEST    BBMSDppInstant: status=ok
2026-07-28 06:24:07 CEST    BBMSDppStepwise: running...
2026-07-28 06:24:07 CEST    BBMSDppStepwise: status=ok
2026-07-28 06:24:07 CEST    DijkstraPrims: running...
2026-07-28 06:24:07 CEST    DijkstraPrims: status=ok
2026-07-28 06:24:07 CEST  cross-algorithm agreement: ok
2026-07-28 06:24:07 CEST  sample=1
2026-07-28 06:24:07 CEST  runtime/memory pass
2026-07-28 06:24:07 CEST    repeat=0 BBMSCore: running...
2026-07-28 06:24:07 CEST    repeat=0 BBMSCore: status=ok
2026-07-28 06:24:07 CEST    repeat=0 BBMSInter: running...
2026-07-28 06:24:07 CEST    repeat=0 BBMSInter: status=ok
2026-07-28 06:24:07 CEST    repeat=0 BBMSDppInstant: running...
2026-07-28 06:24:07 CEST    repeat=0 BBMSDppInstant: status=ok
2026-07-28 06:24:07 CEST    repeat=0 BBMSDppStepwise: running...
2026-07-28 06:24:08 CEST    repeat=0 BBMSDppStepwise: status=ok
2026-07-28 06:24:08 CEST    repeat=0 DijkstraPrims: running...
2026-07-28 06:24:08 CEST    repeat=0 DijkstraPrims: status=ok
2026-07-28 06:24:08 CEST    repeat=1 BBMSCore: running...
2026-07-28 06:24:08 CEST    repeat=1 BBMSCore: status=ok
2026-07-28 06:24:08 CEST    repeat=1 BBMSInter: running...
2026-07-28 06:24:08 CEST    repeat=1 BBMSInter: status=ok
2026-07-28 06:24:08 CEST    repeat=1 BBMSDppInstant: running...
2026-07-28 06:24:08 CEST    repeat=1 BBMSDppInstant: status=ok
2026-07-28 06:24:08 CEST    repeat=1 BBMSDppStepwise: running...
2026-07-28 06:24:08 CEST    repeat=1 BBMSDppStepwise: status=ok
2026-07-28 06:24:08 CEST    repeat=1 DijkstraPrims: running...
2026-07-28 06:24:08 CEST    repeat=1 DijkstraPrims: status=ok
2026-07-28 06:24:08 CEST    repeat=2 BBMSCore: running...
2026-07-28 06:24:09 CEST    repeat=2 BBMSCore: status=ok
2026-07-28 06:24:09 CEST    repeat=2 BBMSInter: running...
2026-07-28 06:24:09 CEST    repeat=2 BBMSInter: status=ok
2026-07-28 06:24:09 CEST    repeat=2 BBMSDppInstant: running...
2026-07-28 06:24:09 CEST    repeat=2 BBMSDppInstant: status=ok
2026-07-28 06:24:09 CEST    repeat=2 BBMSDppStepwise: running...
2026-07-28 06:24:09 CEST    repeat=2 BBMSDppStepwise: status=ok
2026-07-28 06:24:09 CEST    repeat=2 DijkstraPrims: running...
2026-07-28 06:24:09 CEST    repeat=2 DijkstraPrims: status=ok
2026-07-28 06:24:09 CEST  op-count pass
2026-07-28 06:24:09 CEST    BBMSCore: running...
2026-07-28 06:24:09 CEST    BBMSCore: status=ok
2026-07-28 06:24:09 CEST    BBMSInter: running...
2026-07-28 06:24:09 CEST    BBMSInter: status=ok
2026-07-28 06:24:09 CEST    BBMSDppInstant: running...
2026-07-28 06:24:10 CEST    BBMSDppInstant: status=ok
2026-07-28 06:24:10 CEST    BBMSDppStepwise: running...
2026-07-28 06:24:10 CEST    BBMSDppStepwise: status=ok
2026-07-28 06:24:10 CEST    DijkstraPrims: running...
2026-07-28 06:24:10 CEST    DijkstraPrims: status=ok
2026-07-28 06:24:10 CEST  cross-algorithm agreement: ok
2026-07-28 06:24:10 CEST  sample=2
2026-07-28 06:24:10 CEST  runtime/memory pass
2026-07-28 06:24:10 CEST    repeat=0 BBMSCore: running...
2026-07-28 06:24:10 CEST    repeat=0 BBMSCore: status=ok
2026-07-28 06:24:10 CEST    repeat=0 BBMSInter: running...
2026-07-28 06:24:10 CEST    repeat=0 BBMSInter: status=ok
2026-07-28 06:24:10 CEST    repeat=0 BBMSDppInstant: running...
2026-07-28 06:24:10 CEST    repeat=0 BBMSDppInstant: status=ok
2026-07-28 06:24:10 CEST    repeat=0 BBMSDppStepwise: running...
2026-07-28 06:24:11 CEST    repeat=0 BBMSDppStepwise: status=ok
2026-07-28 06:24:11 CEST    repeat=0 DijkstraPrims: running...
2026-07-28 06:24:11 CEST    repeat=0 DijkstraPrims: status=ok
2026-07-28 06:24:11 CEST    repeat=1 BBMSCore: running...
2026-07-28 06:24:11 CEST    repeat=1 BBMSCore: status=ok
2026-07-28 06:24:11 CEST    repeat=1 BBMSInter: running...
2026-07-28 06:24:11 CEST    repeat=1 BBMSInter: status=ok
2026-07-28 06:24:11 CEST    repeat=1 BBMSDppInstant: running...
2026-07-28 06:24:11 CEST    repeat=1 BBMSDppInstant: status=ok
2026-07-28 06:24:11 CEST    repeat=1 BBMSDppStepwise: running...
2026-07-28 06:24:11 CEST    repeat=1 BBMSDppStepwise: status=ok
2026-07-28 06:24:11 CEST    repeat=1 DijkstraPrims: running...
2026-07-28 06:24:11 CEST    repeat=1 DijkstraPrims: status=ok
2026-07-28 06:24:11 CEST    repeat=2 BBMSCore: running...
2026-07-28 06:24:12 CEST    repeat=2 BBMSCore: status=ok
2026-07-28 06:24:12 CEST    repeat=2 BBMSInter: running...
2026-07-28 06:24:12 CEST    repeat=2 BBMSInter: status=ok
2026-07-28 06:24:12 CEST    repeat=2 BBMSDppInstant: running...
2026-07-28 06:24:12 CEST    repeat=2 BBMSDppInstant: status=ok
2026-07-28 06:24:12 CEST    repeat=2 BBMSDppStepwise: running...
2026-07-28 06:24:12 CEST    repeat=2 BBMSDppStepwise: status=ok
2026-07-28 06:24:12 CEST    repeat=2 DijkstraPrims: running...
2026-07-28 06:24:12 CEST    repeat=2 DijkstraPrims: status=ok
2026-07-28 06:24:12 CEST  op-count pass
2026-07-28 06:24:12 CEST    BBMSCore: running...
2026-07-28 06:24:12 CEST    BBMSCore: status=ok
2026-07-28 06:24:12 CEST    BBMSInter: running...
2026-07-28 06:24:12 CEST    BBMSInter: status=ok
2026-07-28 06:24:12 CEST    BBMSDppInstant: running...
2026-07-28 06:24:13 CEST    BBMSDppInstant: status=ok
2026-07-28 06:24:13 CEST    BBMSDppStepwise: running...
2026-07-28 06:24:13 CEST    BBMSDppStepwise: status=ok
2026-07-28 06:24:13 CEST    DijkstraPrims: running...
2026-07-28 06:24:13 CEST    DijkstraPrims: status=ok
2026-07-28 06:24:13 CEST  cross-algorithm agreement: ok
2026-07-28 06:24:13 CEST  sample=3
2026-07-28 06:24:13 CEST  runtime/memory pass
2026-07-28 06:24:13 CEST    repeat=0 BBMSCore: running...
2026-07-28 06:24:13 CEST    repeat=0 BBMSCore: status=ok
2026-07-28 06:24:13 CEST    repeat=0 BBMSInter: running...
2026-07-28 06:24:13 CEST    repeat=0 BBMSInter: status=ok
2026-07-28 06:24:13 CEST    repeat=0 BBMSDppInstant: running...
2026-07-28 06:24:13 CEST    repeat=0 BBMSDppInstant: status=ok
2026-07-28 06:24:13 CEST    repeat=0 BBMSDppStepwise: running...
2026-07-28 06:24:14 CEST    repeat=0 BBMSDppStepwise: status=ok
2026-07-28 06:24:14 CEST    repeat=0 DijkstraPrims: running...
2026-07-28 06:24:14 CEST    repeat=0 DijkstraPrims: status=ok
2026-07-28 06:24:14 CEST    repeat=1 BBMSCore: running...
2026-07-28 06:24:14 CEST    repeat=1 BBMSCore: status=ok
2026-07-28 06:24:14 CEST    repeat=1 BBMSInter: running...
2026-07-28 06:24:14 CEST    repeat=1 BBMSInter: status=ok
2026-07-28 06:24:14 CEST    repeat=1 BBMSDppInstant: running...
2026-07-28 06:24:14 CEST    repeat=1 BBMSDppInstant: status=ok
2026-07-28 06:24:14 CEST    repeat=1 BBMSDppStepwise: running...
2026-07-28 06:24:14 CEST    repeat=1 BBMSDppStepwise: status=ok
2026-07-28 06:24:14 CEST    repeat=1 DijkstraPrims: running...
2026-07-28 06:24:15 CEST    repeat=1 DijkstraPrims: status=ok
2026-07-28 06:24:15 CEST    repeat=2 BBMSCore: running...
2026-07-28 06:24:15 CEST    repeat=2 BBMSCore: status=ok
2026-07-28 06:24:15 CEST    repeat=2 BBMSInter: running...
2026-07-28 06:24:15 CEST    repeat=2 BBMSInter: status=ok
2026-07-28 06:24:15 CEST    repeat=2 BBMSDppInstant: running...
2026-07-28 06:24:15 CEST    repeat=2 BBMSDppInstant: status=ok
2026-07-28 06:24:15 CEST    repeat=2 BBMSDppStepwise: running...
2026-07-28 06:24:15 CEST    repeat=2 BBMSDppStepwise: status=ok
2026-07-28 06:24:15 CEST    repeat=2 DijkstraPrims: running...
2026-07-28 06:24:15 CEST    repeat=2 DijkstraPrims: status=ok
2026-07-28 06:24:15 CEST  op-count pass
2026-07-28 06:24:15 CEST    BBMSCore: running...
2026-07-28 06:24:16 CEST    BBMSCore: status=ok
2026-07-28 06:24:16 CEST    BBMSInter: running...
2026-07-28 06:24:16 CEST    BBMSInter: status=ok
2026-07-28 06:24:16 CEST    BBMSDppInstant: running...
2026-07-28 06:24:16 CEST    BBMSDppInstant: status=ok
2026-07-28 06:24:16 CEST    BBMSDppStepwise: running...
2026-07-28 06:24:16 CEST    BBMSDppStepwise: status=ok
2026-07-28 06:24:16 CEST    DijkstraPrims: running...
2026-07-28 06:24:16 CEST    DijkstraPrims: status=ok
2026-07-28 06:24:16 CEST  cross-algorithm agreement: ok
2026-07-28 06:24:16 CEST  sample=4
2026-07-28 06:24:16 CEST  runtime/memory pass
2026-07-28 06:24:16 CEST    repeat=0 BBMSCore: running...
2026-07-28 06:24:16 CEST    repeat=0 BBMSCore: status=ok
2026-07-28 06:24:16 CEST    repeat=0 BBMSInter: running...
2026-07-28 06:24:17 CEST    repeat=0 BBMSInter: status=ok
2026-07-28 06:24:17 CEST    repeat=0 BBMSDppInstant: running...
2026-07-28 06:24:17 CEST    repeat=0 BBMSDppInstant: status=ok
2026-07-28 06:24:17 CEST    repeat=0 BBMSDppStepwise: running...
2026-07-28 06:24:17 CEST    repeat=0 BBMSDppStepwise: status=ok
2026-07-28 06:24:17 CEST    repeat=0 DijkstraPrims: running...
2026-07-28 06:24:17 CEST    repeat=0 DijkstraPrims: status=ok
2026-07-28 06:24:17 CEST    repeat=1 BBMSCore: running...
2026-07-28 06:24:17 CEST    repeat=1 BBMSCore: status=ok
2026-07-28 06:24:17 CEST    repeat=1 BBMSInter: running...
2026-07-28 06:24:17 CEST    repeat=1 BBMSInter: status=ok
2026-07-28 06:24:17 CEST    repeat=1 BBMSDppInstant: running...
2026-07-28 06:24:18 CEST    repeat=1 BBMSDppInstant: status=ok
2026-07-28 06:24:18 CEST    repeat=1 BBMSDppStepwise: running...
2026-07-28 06:24:18 CEST    repeat=1 BBMSDppStepwise: status=ok
2026-07-28 06:24:18 CEST    repeat=1 DijkstraPrims: running...
2026-07-28 06:24:18 CEST    repeat=1 DijkstraPrims: status=ok
2026-07-28 06:24:18 CEST    repeat=2 BBMSCore: running...
2026-07-28 06:24:18 CEST    repeat=2 BBMSCore: status=ok
2026-07-28 06:24:18 CEST    repeat=2 BBMSInter: running...
2026-07-28 06:24:18 CEST    repeat=2 BBMSInter: status=ok
2026-07-28 06:24:18 CEST    repeat=2 BBMSDppInstant: running...
2026-07-28 06:24:18 CEST    repeat=2 BBMSDppInstant: status=ok
2026-07-28 06:24:18 CEST    repeat=2 BBMSDppStepwise: running...
2026-07-28 06:24:19 CEST    repeat=2 BBMSDppStepwise: status=ok
2026-07-28 06:24:19 CEST    repeat=2 DijkstraPrims: running...
2026-07-28 06:24:19 CEST    repeat=2 DijkstraPrims: status=ok
2026-07-28 06:24:19 CEST  op-count pass
2026-07-28 06:24:19 CEST    BBMSCore: running...
2026-07-28 06:24:19 CEST    BBMSCore: status=ok
2026-07-28 06:24:19 CEST    BBMSInter: running...
2026-07-28 06:24:19 CEST    BBMSInter: status=ok
2026-07-28 06:24:19 CEST    BBMSDppInstant: running...
2026-07-28 06:24:19 CEST    BBMSDppInstant: status=ok
2026-07-28 06:24:19 CEST    BBMSDppStepwise: running...
2026-07-28 06:24:19 CEST    BBMSDppStepwise: status=ok
2026-07-28 06:24:19 CEST    DijkstraPrims: running...
2026-07-28 06:24:20 CEST    DijkstraPrims: status=ok
2026-07-28 06:24:20 CEST  cross-algorithm agreement: ok
2026-07-28 06:24:20 CEST  sample=5
2026-07-28 06:24:20 CEST  runtime/memory pass
2026-07-28 06:24:20 CEST    repeat=0 BBMSCore: running...
2026-07-28 06:24:20 CEST    repeat=0 BBMSCore: status=ok
2026-07-28 06:24:20 CEST    repeat=0 BBMSInter: running...
2026-07-28 06:24:20 CEST    repeat=0 BBMSInter: status=ok
2026-07-28 06:24:20 CEST    repeat=0 BBMSDppInstant: running...
2026-07-28 06:24:20 CEST    repeat=0 BBMSDppInstant: status=ok
2026-07-28 06:24:20 CEST    repeat=0 BBMSDppStepwise: running...
2026-07-28 06:24:20 CEST    repeat=0 BBMSDppStepwise: status=ok
2026-07-28 06:24:20 CEST    repeat=0 DijkstraPrims: running...
2026-07-28 06:24:20 CEST    repeat=0 DijkstraPrims: status=ok
2026-07-28 06:24:20 CEST    repeat=1 BBMSCore: running...
2026-07-28 06:24:21 CEST    repeat=1 BBMSCore: status=ok
2026-07-28 06:24:21 CEST    repeat=1 BBMSInter: running...
2026-07-28 06:24:21 CEST    repeat=1 BBMSInter: status=ok
2026-07-28 06:24:21 CEST    repeat=1 BBMSDppInstant: running...
2026-07-28 06:24:21 CEST    repeat=1 BBMSDppInstant: status=ok
2026-07-28 06:24:21 CEST    repeat=1 BBMSDppStepwise: running...
2026-07-28 06:24:21 CEST    repeat=1 BBMSDppStepwise: status=ok
2026-07-28 06:24:21 CEST    repeat=1 DijkstraPrims: running...
2026-07-28 06:24:21 CEST    repeat=1 DijkstraPrims: status=ok
2026-07-28 06:24:21 CEST    repeat=2 BBMSCore: running...
2026-07-28 06:24:21 CEST    repeat=2 BBMSCore: status=ok
2026-07-28 06:24:21 CEST    repeat=2 BBMSInter: running...
2026-07-28 06:24:21 CEST    repeat=2 BBMSInter: status=ok
2026-07-28 06:24:21 CEST    repeat=2 BBMSDppInstant: running...
2026-07-28 06:24:22 CEST    repeat=2 BBMSDppInstant: status=ok
2026-07-28 06:24:22 CEST    repeat=2 BBMSDppStepwise: running...
2026-07-28 06:24:22 CEST    repeat=2 BBMSDppStepwise: status=ok
2026-07-28 06:24:22 CEST    repeat=2 DijkstraPrims: running...
2026-07-28 06:24:22 CEST    repeat=2 DijkstraPrims: status=ok
2026-07-28 06:24:22 CEST  op-count pass
2026-07-28 06:24:22 CEST    BBMSCore: running...
2026-07-28 06:24:22 CEST    BBMSCore: status=ok
2026-07-28 06:24:22 CEST    BBMSInter: running...
2026-07-28 06:24:22 CEST    BBMSInter: status=ok
2026-07-28 06:24:22 CEST    BBMSDppInstant: running...
2026-07-28 06:24:22 CEST    BBMSDppInstant: status=ok
2026-07-28 06:24:22 CEST    BBMSDppStepwise: running...
2026-07-28 06:24:23 CEST    BBMSDppStepwise: status=ok
2026-07-28 06:24:23 CEST    DijkstraPrims: running...
2026-07-28 06:24:23 CEST    DijkstraPrims: status=ok
2026-07-28 06:24:23 CEST  cross-algorithm agreement: ok
2026-07-28 06:24:23 CEST  sample=6
2026-07-28 06:24:23 CEST  runtime/memory pass
2026-07-28 06:24:23 CEST    repeat=0 BBMSCore: running...
2026-07-28 06:24:23 CEST    repeat=0 BBMSCore: status=ok
2026-07-28 06:24:23 CEST    repeat=0 BBMSInter: running...
2026-07-28 06:24:23 CEST    repeat=0 BBMSInter: status=ok
2026-07-28 06:24:23 CEST    repeat=0 BBMSDppInstant: running...
2026-07-28 06:24:23 CEST    repeat=0 BBMSDppInstant: status=ok
2026-07-28 06:24:23 CEST    repeat=0 BBMSDppStepwise: running...
2026-07-28 06:24:23 CEST    repeat=0 BBMSDppStepwise: status=ok
2026-07-28 06:24:23 CEST    repeat=0 DijkstraPrims: running...
2026-07-28 06:24:23 CEST    repeat=0 DijkstraPrims: status=ok
2026-07-28 06:24:23 CEST    repeat=1 BBMSCore: running...
2026-07-28 06:24:24 CEST    repeat=1 BBMSCore: status=ok
2026-07-28 06:24:24 CEST    repeat=1 BBMSInter: running...
2026-07-28 06:24:24 CEST    repeat=1 BBMSInter: status=ok
2026-07-28 06:24:24 CEST    repeat=1 BBMSDppInstant: running...
2026-07-28 06:24:24 CEST    repeat=1 BBMSDppInstant: status=ok
2026-07-28 06:24:24 CEST    repeat=1 BBMSDppStepwise: running...
2026-07-28 06:24:24 CEST    repeat=1 BBMSDppStepwise: status=ok
2026-07-28 06:24:24 CEST    repeat=1 DijkstraPrims: running...
2026-07-28 06:24:24 CEST    repeat=1 DijkstraPrims: status=ok
2026-07-28 06:24:24 CEST    repeat=2 BBMSCore: running...
2026-07-28 06:24:24 CEST    repeat=2 BBMSCore: status=ok
2026-07-28 06:24:24 CEST    repeat=2 BBMSInter: running...
2026-07-28 06:24:25 CEST    repeat=2 BBMSInter: status=ok
2026-07-28 06:24:25 CEST    repeat=2 BBMSDppInstant: running...
2026-07-28 06:24:25 CEST    repeat=2 BBMSDppInstant: status=ok
2026-07-28 06:24:25 CEST    repeat=2 BBMSDppStepwise: running...
2026-07-28 06:24:25 CEST    repeat=2 BBMSDppStepwise: status=ok
2026-07-28 06:24:25 CEST    repeat=2 DijkstraPrims: running...
2026-07-28 06:24:25 CEST    repeat=2 DijkstraPrims: status=ok
2026-07-28 06:24:25 CEST  op-count pass
2026-07-28 06:24:25 CEST    BBMSCore: running...
2026-07-28 06:24:25 CEST    BBMSCore: status=ok
2026-07-28 06:24:25 CEST    BBMSInter: running...
2026-07-28 06:24:25 CEST    BBMSInter: status=ok
2026-07-28 06:24:25 CEST    BBMSDppInstant: running...
2026-07-28 06:24:26 CEST    BBMSDppInstant: status=ok
2026-07-28 06:24:26 CEST    BBMSDppStepwise: running...
2026-07-28 06:24:26 CEST    BBMSDppStepwise: status=ok
2026-07-28 06:24:26 CEST    DijkstraPrims: running...
2026-07-28 06:24:26 CEST    DijkstraPrims: status=ok
2026-07-28 06:24:26 CEST  cross-algorithm agreement: ok
2026-07-28 06:24:26 CEST  sample=7
2026-07-28 06:24:26 CEST  runtime/memory pass
2026-07-28 06:24:26 CEST    repeat=0 BBMSCore: running...
2026-07-28 06:24:26 CEST    repeat=0 BBMSCore: status=ok
2026-07-28 06:24:26 CEST    repeat=0 BBMSInter: running...
2026-07-28 06:24:26 CEST    repeat=0 BBMSInter: status=ok
2026-07-28 06:24:26 CEST    repeat=0 BBMSDppInstant: running...
2026-07-28 06:24:26 CEST    repeat=0 BBMSDppInstant: status=ok
2026-07-28 06:24:26 CEST    repeat=0 BBMSDppStepwise: running...
2026-07-28 06:24:27 CEST    repeat=0 BBMSDppStepwise: status=ok
2026-07-28 06:24:27 CEST    repeat=0 DijkstraPrims: running...
2026-07-28 06:24:27 CEST    repeat=0 DijkstraPrims: status=ok
2026-07-28 06:24:27 CEST    repeat=1 BBMSCore: running...
2026-07-28 06:24:27 CEST    repeat=1 BBMSCore: status=ok
2026-07-28 06:24:27 CEST    repeat=1 BBMSInter: running...
2026-07-28 06:24:27 CEST    repeat=1 BBMSInter: status=ok
2026-07-28 06:24:27 CEST    repeat=1 BBMSDppInstant: running...
2026-07-28 06:24:27 CEST    repeat=1 BBMSDppInstant: status=ok
2026-07-28 06:24:27 CEST    repeat=1 BBMSDppStepwise: running...
2026-07-28 06:24:27 CEST    repeat=1 BBMSDppStepwise: status=ok
2026-07-28 06:24:27 CEST    repeat=1 DijkstraPrims: running...
2026-07-28 06:24:28 CEST    repeat=1 DijkstraPrims: status=ok
2026-07-28 06:24:28 CEST    repeat=2 BBMSCore: running...
2026-07-28 06:24:28 CEST    repeat=2 BBMSCore: status=ok
2026-07-28 06:24:28 CEST    repeat=2 BBMSInter: running...
2026-07-28 06:24:28 CEST    repeat=2 BBMSInter: status=ok
2026-07-28 06:24:28 CEST    repeat=2 BBMSDppInstant: running...
2026-07-28 06:24:28 CEST    repeat=2 BBMSDppInstant: status=ok
2026-07-28 06:24:28 CEST    repeat=2 BBMSDppStepwise: running...
2026-07-28 06:24:28 CEST    repeat=2 BBMSDppStepwise: status=ok
2026-07-28 06:24:28 CEST    repeat=2 DijkstraPrims: running...
2026-07-28 06:24:28 CEST    repeat=2 DijkstraPrims: status=ok
2026-07-28 06:24:28 CEST  op-count pass
2026-07-28 06:24:28 CEST    BBMSCore: running...
2026-07-28 06:24:29 CEST    BBMSCore: status=ok
2026-07-28 06:24:29 CEST    BBMSInter: running...
2026-07-28 06:24:29 CEST    BBMSInter: status=ok
2026-07-28 06:24:29 CEST    BBMSDppInstant: running...
2026-07-28 06:24:29 CEST    BBMSDppInstant: status=ok
2026-07-28 06:24:29 CEST    BBMSDppStepwise: running...
2026-07-28 06:24:29 CEST    BBMSDppStepwise: status=ok
2026-07-28 06:24:29 CEST    DijkstraPrims: running...
2026-07-28 06:24:29 CEST    DijkstraPrims: status=ok
2026-07-28 06:24:29 CEST  cross-algorithm agreement: ok
2026-07-28 06:24:29 CEST  sample=8
2026-07-28 06:24:29 CEST  runtime/memory pass
2026-07-28 06:24:29 CEST    repeat=0 BBMSCore: running...
2026-07-28 06:24:29 CEST    repeat=0 BBMSCore: status=ok
2026-07-28 06:24:29 CEST    repeat=0 BBMSInter: running...
2026-07-28 06:24:30 CEST    repeat=0 BBMSInter: status=ok
2026-07-28 06:24:30 CEST    repeat=0 BBMSDppInstant: running...
2026-07-28 06:24:30 CEST    repeat=0 BBMSDppInstant: status=ok
2026-07-28 06:24:30 CEST    repeat=0 BBMSDppStepwise: running...
2026-07-28 06:24:30 CEST    repeat=0 BBMSDppStepwise: status=ok
2026-07-28 06:24:30 CEST    repeat=0 DijkstraPrims: running...
2026-07-28 06:24:30 CEST    repeat=0 DijkstraPrims: status=ok
2026-07-28 06:24:30 CEST    repeat=1 BBMSCore: running...
2026-07-28 06:24:30 CEST    repeat=1 BBMSCore: status=ok
2026-07-28 06:24:30 CEST    repeat=1 BBMSInter: running...
2026-07-28 06:24:30 CEST    repeat=1 BBMSInter: status=ok
2026-07-28 06:24:30 CEST    repeat=1 BBMSDppInstant: running...
2026-07-28 06:24:31 CEST    repeat=1 BBMSDppInstant: status=ok
2026-07-28 06:24:31 CEST    repeat=1 BBMSDppStepwise: running...
2026-07-28 06:24:31 CEST    repeat=1 BBMSDppStepwise: status=ok
2026-07-28 06:24:31 CEST    repeat=1 DijkstraPrims: running...
2026-07-28 06:24:31 CEST    repeat=1 DijkstraPrims: status=ok
2026-07-28 06:24:31 CEST    repeat=2 BBMSCore: running...
2026-07-28 06:24:31 CEST    repeat=2 BBMSCore: status=ok
2026-07-28 06:24:31 CEST    repeat=2 BBMSInter: running...
2026-07-28 06:24:31 CEST    repeat=2 BBMSInter: status=ok
2026-07-28 06:24:31 CEST    repeat=2 BBMSDppInstant: running...
2026-07-28 06:24:31 CEST    repeat=2 BBMSDppInstant: status=ok
2026-07-28 06:24:31 CEST    repeat=2 BBMSDppStepwise: running...
2026-07-28 06:24:32 CEST    repeat=2 BBMSDppStepwise: status=ok
2026-07-28 06:24:32 CEST    repeat=2 DijkstraPrims: running...
2026-07-28 06:24:32 CEST    repeat=2 DijkstraPrims: status=ok
2026-07-28 06:24:32 CEST  op-count pass
2026-07-28 06:24:32 CEST    BBMSCore: running...
2026-07-28 06:24:32 CEST    BBMSCore: status=ok
2026-07-28 06:24:32 CEST    BBMSInter: running...
2026-07-28 06:24:32 CEST    BBMSInter: status=ok
2026-07-28 06:24:32 CEST    BBMSDppInstant: running...
2026-07-28 06:24:32 CEST    BBMSDppInstant: status=ok
2026-07-28 06:24:32 CEST    BBMSDppStepwise: running...
2026-07-28 06:24:32 CEST    BBMSDppStepwise: status=ok
2026-07-28 06:24:32 CEST    DijkstraPrims: running...
2026-07-28 06:24:32 CEST    DijkstraPrims: status=ok
2026-07-28 06:24:32 CEST  cross-algorithm agreement: ok
2026-07-28 06:24:32 CEST  sample=9
2026-07-28 06:24:32 CEST  runtime/memory pass
2026-07-28 06:24:32 CEST    repeat=0 BBMSCore: running...
2026-07-28 06:24:33 CEST    repeat=0 BBMSCore: status=ok
2026-07-28 06:24:33 CEST    repeat=0 BBMSInter: running...
2026-07-28 06:24:33 CEST    repeat=0 BBMSInter: status=ok
2026-07-28 06:24:33 CEST    repeat=0 BBMSDppInstant: running...
2026-07-28 06:24:33 CEST    repeat=0 BBMSDppInstant: status=ok
2026-07-28 06:24:33 CEST    repeat=0 BBMSDppStepwise: running...
2026-07-28 06:24:33 CEST    repeat=0 BBMSDppStepwise: status=ok
2026-07-28 06:24:33 CEST    repeat=0 DijkstraPrims: running...
2026-07-28 06:24:33 CEST    repeat=0 DijkstraPrims: status=ok
2026-07-28 06:24:33 CEST    repeat=1 BBMSCore: running...
2026-07-28 06:24:33 CEST    repeat=1 BBMSCore: status=ok
2026-07-28 06:24:33 CEST    repeat=1 BBMSInter: running...
2026-07-28 06:24:33 CEST    repeat=1 BBMSInter: status=ok
2026-07-28 06:24:33 CEST    repeat=1 BBMSDppInstant: running...
2026-07-28 06:24:34 CEST    repeat=1 BBMSDppInstant: status=ok
2026-07-28 06:24:34 CEST    repeat=1 BBMSDppStepwise: running...
2026-07-28 06:24:34 CEST    repeat=1 BBMSDppStepwise: status=ok
2026-07-28 06:24:34 CEST    repeat=1 DijkstraPrims: running...
2026-07-28 06:24:34 CEST    repeat=1 DijkstraPrims: status=ok
2026-07-28 06:24:34 CEST    repeat=2 BBMSCore: running...
2026-07-28 06:24:34 CEST    repeat=2 BBMSCore: status=ok
2026-07-28 06:24:34 CEST    repeat=2 BBMSInter: running...
2026-07-28 06:24:34 CEST    repeat=2 BBMSInter: status=ok
2026-07-28 06:24:34 CEST    repeat=2 BBMSDppInstant: running...
2026-07-28 06:24:34 CEST    repeat=2 BBMSDppInstant: status=ok
2026-07-28 06:24:34 CEST    repeat=2 BBMSDppStepwise: running...
2026-07-28 06:24:35 CEST    repeat=2 BBMSDppStepwise: status=ok
2026-07-28 06:24:35 CEST    repeat=2 DijkstraPrims: running...
2026-07-28 06:24:35 CEST    repeat=2 DijkstraPrims: status=ok
2026-07-28 06:24:35 CEST  op-count pass
2026-07-28 06:24:35 CEST    BBMSCore: running...
2026-07-28 06:24:35 CEST    BBMSCore: status=ok
2026-07-28 06:24:35 CEST    BBMSInter: running...
2026-07-28 06:24:35 CEST    BBMSInter: status=ok
2026-07-28 06:24:35 CEST    BBMSDppInstant: running...
2026-07-28 06:24:35 CEST    BBMSDppInstant: status=ok
2026-07-28 06:24:35 CEST    BBMSDppStepwise: running...
2026-07-28 06:24:35 CEST    BBMSDppStepwise: status=ok
2026-07-28 06:24:35 CEST    DijkstraPrims: running...
2026-07-28 06:24:35 CEST    DijkstraPrims: status=ok
2026-07-28 06:24:35 CEST  cross-algorithm agreement: ok
2026-07-28 06:24:35 CEST  --- N=1400 ---
2026-07-28 06:24:35 CEST  sample=0
2026-07-28 06:24:35 CEST  runtime/memory pass
2026-07-28 06:24:35 CEST    repeat=0 BBMSCore: running...
2026-07-28 06:24:36 CEST    repeat=0 BBMSCore: status=ok
2026-07-28 06:24:36 CEST    repeat=0 BBMSInter: running...
2026-07-28 06:24:37 CEST    repeat=0 BBMSInter: status=ok
2026-07-28 06:24:37 CEST    repeat=0 BBMSDppInstant: running...
2026-07-28 06:24:37 CEST    repeat=0 BBMSDppInstant: status=ok
2026-07-28 06:24:37 CEST    repeat=0 BBMSDppStepwise: running...
2026-07-28 06:24:38 CEST    repeat=0 BBMSDppStepwise: status=ok
2026-07-28 06:24:38 CEST    repeat=0 DijkstraPrims: running...
2026-07-28 06:24:38 CEST    repeat=0 DijkstraPrims: status=ok
2026-07-28 06:24:38 CEST    repeat=1 BBMSCore: running...
2026-07-28 06:24:39 CEST    repeat=1 BBMSCore: status=ok
2026-07-28 06:24:39 CEST    repeat=1 BBMSInter: running...
2026-07-28 06:24:39 CEST    repeat=1 BBMSInter: status=ok
2026-07-28 06:24:39 CEST    repeat=1 BBMSDppInstant: running...
2026-07-28 06:24:40 CEST    repeat=1 BBMSDppInstant: status=ok
2026-07-28 06:24:40 CEST    repeat=1 BBMSDppStepwise: running...
2026-07-28 06:24:41 CEST    repeat=1 BBMSDppStepwise: status=ok
2026-07-28 06:24:41 CEST    repeat=1 DijkstraPrims: running...
2026-07-28 06:24:41 CEST    repeat=1 DijkstraPrims: status=ok
2026-07-28 06:24:41 CEST    repeat=2 BBMSCore: running...
2026-07-28 06:24:41 CEST    repeat=2 BBMSCore: status=ok
2026-07-28 06:24:41 CEST    repeat=2 BBMSInter: running...
2026-07-28 06:24:42 CEST    repeat=2 BBMSInter: status=ok
2026-07-28 06:24:42 CEST    repeat=2 BBMSDppInstant: running...
2026-07-28 06:24:42 CEST    repeat=2 BBMSDppInstant: status=ok
2026-07-28 06:24:42 CEST    repeat=2 BBMSDppStepwise: running...
2026-07-28 06:24:43 CEST    repeat=2 BBMSDppStepwise: status=ok
2026-07-28 06:24:43 CEST    repeat=2 DijkstraPrims: running...
2026-07-28 06:24:43 CEST    repeat=2 DijkstraPrims: status=ok
2026-07-28 06:24:43 CEST  op-count pass
2026-07-28 06:24:43 CEST    BBMSCore: running...
2026-07-28 06:24:44 CEST    BBMSCore: status=ok
2026-07-28 06:24:44 CEST    BBMSInter: running...
2026-07-28 06:24:44 CEST    BBMSInter: status=ok
2026-07-28 06:24:44 CEST    BBMSDppInstant: running...
2026-07-28 06:24:45 CEST    BBMSDppInstant: status=ok
2026-07-28 06:24:45 CEST    BBMSDppStepwise: running...
2026-07-28 06:24:46 CEST    BBMSDppStepwise: status=ok
2026-07-28 06:24:46 CEST    DijkstraPrims: running...
2026-07-28 06:24:46 CEST    DijkstraPrims: status=ok
2026-07-28 06:24:46 CEST  cross-algorithm agreement: ok
2026-07-28 06:24:46 CEST  sample=1
2026-07-28 06:24:46 CEST  runtime/memory pass
2026-07-28 06:24:46 CEST    repeat=0 BBMSCore: running...
2026-07-28 06:24:47 CEST    repeat=0 BBMSCore: status=ok
2026-07-28 06:24:47 CEST    repeat=0 BBMSInter: running...
2026-07-28 06:24:47 CEST    repeat=0 BBMSInter: status=ok
2026-07-28 06:24:47 CEST    repeat=0 BBMSDppInstant: running...
2026-07-28 06:24:47 CEST    repeat=0 BBMSDppInstant: status=ok
2026-07-28 06:24:47 CEST    repeat=0 BBMSDppStepwise: running...
2026-07-28 06:24:48 CEST    repeat=0 BBMSDppStepwise: status=ok
2026-07-28 06:24:48 CEST    repeat=0 DijkstraPrims: running...
2026-07-28 06:24:48 CEST    repeat=0 DijkstraPrims: status=ok
2026-07-28 06:24:48 CEST    repeat=1 BBMSCore: running...
2026-07-28 06:24:49 CEST    repeat=1 BBMSCore: status=ok
2026-07-28 06:24:49 CEST    repeat=1 BBMSInter: running...
2026-07-28 06:24:49 CEST    repeat=1 BBMSInter: status=ok
2026-07-28 06:24:49 CEST    repeat=1 BBMSDppInstant: running...
2026-07-28 06:24:50 CEST    repeat=1 BBMSDppInstant: status=ok
2026-07-28 06:24:50 CEST    repeat=1 BBMSDppStepwise: running...
2026-07-28 06:24:51 CEST    repeat=1 BBMSDppStepwise: status=ok
2026-07-28 06:24:51 CEST    repeat=1 DijkstraPrims: running...
2026-07-28 06:24:51 CEST    repeat=1 DijkstraPrims: status=ok
2026-07-28 06:24:51 CEST    repeat=2 BBMSCore: running...
2026-07-28 06:24:52 CEST    repeat=2 BBMSCore: status=ok
2026-07-28 06:24:52 CEST    repeat=2 BBMSInter: running...
2026-07-28 06:24:52 CEST    repeat=2 BBMSInter: status=ok
2026-07-28 06:24:52 CEST    repeat=2 BBMSDppInstant: running...
2026-07-28 06:24:52 CEST    repeat=2 BBMSDppInstant: status=ok
2026-07-28 06:24:52 CEST    repeat=2 BBMSDppStepwise: running...
2026-07-28 06:24:53 CEST    repeat=2 BBMSDppStepwise: status=ok
2026-07-28 06:24:53 CEST    repeat=2 DijkstraPrims: running...
2026-07-28 06:24:53 CEST    repeat=2 DijkstraPrims: status=ok
2026-07-28 06:24:53 CEST  op-count pass
2026-07-28 06:24:53 CEST    BBMSCore: running...
2026-07-28 06:24:54 CEST    BBMSCore: status=ok
2026-07-28 06:24:54 CEST    BBMSInter: running...
2026-07-28 06:24:54 CEST    BBMSInter: status=ok
2026-07-28 06:24:54 CEST    BBMSDppInstant: running...
2026-07-28 06:24:55 CEST    BBMSDppInstant: status=ok
2026-07-28 06:24:55 CEST    BBMSDppStepwise: running...
2026-07-28 06:24:56 CEST    BBMSDppStepwise: status=ok
2026-07-28 06:24:56 CEST    DijkstraPrims: running...
2026-07-28 06:24:56 CEST    DijkstraPrims: status=ok
2026-07-28 06:24:56 CEST  cross-algorithm agreement: ok
2026-07-28 06:24:56 CEST  sample=2
2026-07-28 06:24:56 CEST  runtime/memory pass
2026-07-28 06:24:56 CEST    repeat=0 BBMSCore: running...
2026-07-28 06:24:57 CEST    repeat=0 BBMSCore: status=ok
2026-07-28 06:24:57 CEST    repeat=0 BBMSInter: running...
2026-07-28 06:24:57 CEST    repeat=0 BBMSInter: status=ok
2026-07-28 06:24:57 CEST    repeat=0 BBMSDppInstant: running...
2026-07-28 06:24:58 CEST    repeat=0 BBMSDppInstant: status=ok
2026-07-28 06:24:58 CEST    repeat=0 BBMSDppStepwise: running...
2026-07-28 06:24:59 CEST    repeat=0 BBMSDppStepwise: status=ok
2026-07-28 06:24:59 CEST    repeat=0 DijkstraPrims: running...
2026-07-28 06:24:59 CEST    repeat=0 DijkstraPrims: status=ok
2026-07-28 06:24:59 CEST    repeat=1 BBMSCore: running...
2026-07-28 06:25:00 CEST    repeat=1 BBMSCore: status=ok
2026-07-28 06:25:00 CEST    repeat=1 BBMSInter: running...
2026-07-28 06:25:00 CEST    repeat=1 BBMSInter: status=ok
2026-07-28 06:25:00 CEST    repeat=1 BBMSDppInstant: running...
2026-07-28 06:25:01 CEST    repeat=1 BBMSDppInstant: status=ok
2026-07-28 06:25:01 CEST    repeat=1 BBMSDppStepwise: running...
2026-07-28 06:25:01 CEST    repeat=1 BBMSDppStepwise: status=ok
2026-07-28 06:25:01 CEST    repeat=1 DijkstraPrims: running...
2026-07-28 06:25:01 CEST    repeat=1 DijkstraPrims: status=ok
2026-07-28 06:25:01 CEST    repeat=2 BBMSCore: running...
2026-07-28 06:25:02 CEST    repeat=2 BBMSCore: status=ok
2026-07-28 06:25:02 CEST    repeat=2 BBMSInter: running...
2026-07-28 06:25:03 CEST    repeat=2 BBMSInter: status=ok
2026-07-28 06:25:03 CEST    repeat=2 BBMSDppInstant: running...
2026-07-28 06:25:03 CEST    repeat=2 BBMSDppInstant: status=ok
2026-07-28 06:25:03 CEST    repeat=2 BBMSDppStepwise: running...
2026-07-28 06:25:04 CEST    repeat=2 BBMSDppStepwise: status=ok
2026-07-28 06:25:04 CEST    repeat=2 DijkstraPrims: running...
2026-07-28 06:25:04 CEST    repeat=2 DijkstraPrims: status=ok
2026-07-28 06:25:04 CEST  op-count pass
2026-07-28 06:25:04 CEST    BBMSCore: running...
2026-07-28 06:25:05 CEST    BBMSCore: status=ok
2026-07-28 06:25:05 CEST    BBMSInter: running...
2026-07-28 06:25:06 CEST    BBMSInter: status=ok
2026-07-28 06:25:06 CEST    BBMSDppInstant: running...
2026-07-28 06:25:06 CEST    BBMSDppInstant: status=ok
2026-07-28 06:25:06 CEST    BBMSDppStepwise: running...
2026-07-28 06:25:07 CEST    BBMSDppStepwise: status=ok
2026-07-28 06:25:07 CEST    DijkstraPrims: running...
2026-07-28 06:25:07 CEST    DijkstraPrims: status=ok
2026-07-28 06:25:07 CEST  cross-algorithm agreement: ok
2026-07-28 06:25:07 CEST  sample=3
2026-07-28 06:25:07 CEST  runtime/memory pass
2026-07-28 06:25:07 CEST    repeat=0 BBMSCore: running...
2026-07-28 06:25:08 CEST    repeat=0 BBMSCore: status=ok
2026-07-28 06:25:08 CEST    repeat=0 BBMSInter: running...
2026-07-28 06:25:08 CEST    repeat=0 BBMSInter: status=ok
2026-07-28 06:25:08 CEST    repeat=0 BBMSDppInstant: running...
2026-07-28 06:25:09 CEST    repeat=0 BBMSDppInstant: status=ok
2026-07-28 06:25:09 CEST    repeat=0 BBMSDppStepwise: running...
2026-07-28 06:25:10 CEST    repeat=0 BBMSDppStepwise: status=ok
2026-07-28 06:25:10 CEST    repeat=0 DijkstraPrims: running...
2026-07-28 06:25:10 CEST    repeat=0 DijkstraPrims: status=ok
2026-07-28 06:25:10 CEST    repeat=1 BBMSCore: running...
2026-07-28 06:25:11 CEST    repeat=1 BBMSCore: status=ok
2026-07-28 06:25:11 CEST    repeat=1 BBMSInter: running...
2026-07-28 06:25:12 CEST    repeat=1 BBMSInter: status=ok
2026-07-28 06:25:12 CEST    repeat=1 BBMSDppInstant: running...
2026-07-28 06:25:12 CEST    repeat=1 BBMSDppInstant: status=ok
2026-07-28 06:25:12 CEST    repeat=1 BBMSDppStepwise: running...
2026-07-28 06:25:13 CEST    repeat=1 BBMSDppStepwise: status=ok
2026-07-28 06:25:13 CEST    repeat=1 DijkstraPrims: running...
2026-07-28 06:25:14 CEST    repeat=1 DijkstraPrims: status=ok
2026-07-28 06:25:14 CEST    repeat=2 BBMSCore: running...
2026-07-28 06:25:15 CEST    repeat=2 BBMSCore: status=ok
2026-07-28 06:25:15 CEST    repeat=2 BBMSInter: running...
2026-07-28 06:25:15 CEST    repeat=2 BBMSInter: status=ok
2026-07-28 06:25:15 CEST    repeat=2 BBMSDppInstant: running...
2026-07-28 06:25:16 CEST    repeat=2 BBMSDppInstant: status=ok
2026-07-28 06:25:16 CEST    repeat=2 BBMSDppStepwise: running...
2026-07-28 06:25:16 CEST    repeat=2 BBMSDppStepwise: status=ok
2026-07-28 06:25:16 CEST    repeat=2 DijkstraPrims: running...
2026-07-28 06:25:17 CEST    repeat=2 DijkstraPrims: status=ok
2026-07-28 06:25:17 CEST  op-count pass
2026-07-28 06:25:17 CEST    BBMSCore: running...
2026-07-28 06:25:18 CEST    BBMSCore: status=ok
2026-07-28 06:25:18 CEST    BBMSInter: running...
2026-07-28 06:25:18 CEST    BBMSInter: status=ok
2026-07-28 06:25:18 CEST    BBMSDppInstant: running...
2026-07-28 06:25:19 CEST    BBMSDppInstant: status=ok
2026-07-28 06:25:19 CEST    BBMSDppStepwise: running...
2026-07-28 06:25:20 CEST    BBMSDppStepwise: status=ok
2026-07-28 06:25:20 CEST    DijkstraPrims: running...
2026-07-28 06:25:20 CEST    DijkstraPrims: status=ok
2026-07-28 06:25:20 CEST  cross-algorithm agreement: ok
2026-07-28 06:25:20 CEST  sample=4
2026-07-28 06:25:20 CEST  runtime/memory pass
2026-07-28 06:25:20 CEST    repeat=0 BBMSCore: running...
2026-07-28 06:25:21 CEST    repeat=0 BBMSCore: status=ok
2026-07-28 06:25:21 CEST    repeat=0 BBMSInter: running...
2026-07-28 06:25:22 CEST    repeat=0 BBMSInter: status=ok
2026-07-28 06:25:22 CEST    repeat=0 BBMSDppInstant: running...
2026-07-28 06:25:22 CEST    repeat=0 BBMSDppInstant: status=ok
2026-07-28 06:25:22 CEST    repeat=0 BBMSDppStepwise: running...
2026-07-28 06:25:23 CEST    repeat=0 BBMSDppStepwise: status=ok
2026-07-28 06:25:23 CEST    repeat=0 DijkstraPrims: running...
2026-07-28 06:25:23 CEST    repeat=0 DijkstraPrims: status=ok
2026-07-28 06:25:23 CEST    repeat=1 BBMSCore: running...
2026-07-28 06:25:24 CEST    repeat=1 BBMSCore: status=ok
2026-07-28 06:25:24 CEST    repeat=1 BBMSInter: running...
2026-07-28 06:25:25 CEST    repeat=1 BBMSInter: status=ok
2026-07-28 06:25:25 CEST    repeat=1 BBMSDppInstant: running...
2026-07-28 06:25:25 CEST    repeat=1 BBMSDppInstant: status=ok
2026-07-28 06:25:25 CEST    repeat=1 BBMSDppStepwise: running...
2026-07-28 06:25:26 CEST    repeat=1 BBMSDppStepwise: status=ok
2026-07-28 06:25:26 CEST    repeat=1 DijkstraPrims: running...
2026-07-28 06:25:27 CEST    repeat=1 DijkstraPrims: status=ok
2026-07-28 06:25:27 CEST    repeat=2 BBMSCore: running...
2026-07-28 06:25:28 CEST    repeat=2 BBMSCore: status=ok
2026-07-28 06:25:28 CEST    repeat=2 BBMSInter: running...
2026-07-28 06:25:28 CEST    repeat=2 BBMSInter: status=ok
2026-07-28 06:25:28 CEST    repeat=2 BBMSDppInstant: running...
2026-07-28 06:25:29 CEST    repeat=2 BBMSDppInstant: status=ok
2026-07-28 06:25:29 CEST    repeat=2 BBMSDppStepwise: running...
2026-07-28 06:25:29 CEST    repeat=2 BBMSDppStepwise: status=ok
2026-07-28 06:25:29 CEST    repeat=2 DijkstraPrims: running...
2026-07-28 06:25:30 CEST    repeat=2 DijkstraPrims: status=ok
2026-07-28 06:25:30 CEST  op-count pass
2026-07-28 06:25:30 CEST    BBMSCore: running...
2026-07-28 06:25:31 CEST    BBMSCore: status=ok
2026-07-28 06:25:31 CEST    BBMSInter: running...
2026-07-28 06:25:31 CEST    BBMSInter: status=ok
2026-07-28 06:25:31 CEST    BBMSDppInstant: running...
2026-07-28 06:25:32 CEST    BBMSDppInstant: status=ok
2026-07-28 06:25:32 CEST    BBMSDppStepwise: running...
2026-07-28 06:25:33 CEST    BBMSDppStepwise: status=ok
2026-07-28 06:25:33 CEST    DijkstraPrims: running...
2026-07-28 06:25:33 CEST    DijkstraPrims: status=ok
2026-07-28 06:25:33 CEST  cross-algorithm agreement: ok
2026-07-28 06:25:33 CEST  sample=5
2026-07-28 06:25:33 CEST  runtime/memory pass
2026-07-28 06:25:33 CEST    repeat=0 BBMSCore: running...
2026-07-28 06:25:34 CEST    repeat=0 BBMSCore: status=ok
2026-07-28 06:25:34 CEST    repeat=0 BBMSInter: running...
2026-07-28 06:25:34 CEST    repeat=0 BBMSInter: status=ok
2026-07-28 06:25:34 CEST    repeat=0 BBMSDppInstant: running...
2026-07-28 06:25:35 CEST    repeat=0 BBMSDppInstant: status=ok
2026-07-28 06:25:35 CEST    repeat=0 BBMSDppStepwise: running...
2026-07-28 06:25:36 CEST    repeat=0 BBMSDppStepwise: status=ok
2026-07-28 06:25:36 CEST    repeat=0 DijkstraPrims: running...
2026-07-28 06:25:36 CEST    repeat=0 DijkstraPrims: status=ok
2026-07-28 06:25:36 CEST    repeat=1 BBMSCore: running...
2026-07-28 06:25:37 CEST    repeat=1 BBMSCore: status=ok
2026-07-28 06:25:37 CEST    repeat=1 BBMSInter: running...
2026-07-28 06:25:37 CEST    repeat=1 BBMSInter: status=ok
2026-07-28 06:25:37 CEST    repeat=1 BBMSDppInstant: running...
2026-07-28 06:25:38 CEST    repeat=1 BBMSDppInstant: status=ok
2026-07-28 06:25:38 CEST    repeat=1 BBMSDppStepwise: running...
2026-07-28 06:25:39 CEST    repeat=1 BBMSDppStepwise: status=ok
2026-07-28 06:25:39 CEST    repeat=1 DijkstraPrims: running...
2026-07-28 06:25:39 CEST    repeat=1 DijkstraPrims: status=ok
2026-07-28 06:25:39 CEST    repeat=2 BBMSCore: running...
2026-07-28 06:25:40 CEST    repeat=2 BBMSCore: status=ok
2026-07-28 06:25:40 CEST    repeat=2 BBMSInter: running...
2026-07-28 06:25:40 CEST    repeat=2 BBMSInter: status=ok
2026-07-28 06:25:40 CEST    repeat=2 BBMSDppInstant: running...
2026-07-28 06:25:41 CEST    repeat=2 BBMSDppInstant: status=ok
2026-07-28 06:25:41 CEST    repeat=2 BBMSDppStepwise: running...
2026-07-28 06:25:41 CEST    repeat=2 BBMSDppStepwise: status=ok
2026-07-28 06:25:41 CEST    repeat=2 DijkstraPrims: running...
2026-07-28 06:25:42 CEST    repeat=2 DijkstraPrims: status=ok
2026-07-28 06:25:42 CEST  op-count pass
2026-07-28 06:25:42 CEST    BBMSCore: running...
2026-07-28 06:25:43 CEST    BBMSCore: status=ok
2026-07-28 06:25:43 CEST    BBMSInter: running...
2026-07-28 06:25:43 CEST    BBMSInter: status=ok
2026-07-28 06:25:43 CEST    BBMSDppInstant: running...
2026-07-28 06:25:44 CEST    BBMSDppInstant: status=ok
2026-07-28 06:25:44 CEST    BBMSDppStepwise: running...
2026-07-28 06:25:44 CEST    BBMSDppStepwise: status=ok
2026-07-28 06:25:44 CEST    DijkstraPrims: running...
2026-07-28 06:25:44 CEST    DijkstraPrims: status=ok
2026-07-28 06:25:44 CEST  cross-algorithm agreement: ok
2026-07-28 06:25:44 CEST  sample=6
2026-07-28 06:25:44 CEST  runtime/memory pass
2026-07-28 06:25:44 CEST    repeat=0 BBMSCore: running...
2026-07-28 06:25:45 CEST    repeat=0 BBMSCore: status=ok
2026-07-28 06:25:45 CEST    repeat=0 BBMSInter: running...
2026-07-28 06:25:46 CEST    repeat=0 BBMSInter: status=ok
2026-07-28 06:25:46 CEST    repeat=0 BBMSDppInstant: running...
2026-07-28 06:25:46 CEST    repeat=0 BBMSDppInstant: status=ok
2026-07-28 06:25:46 CEST    repeat=0 BBMSDppStepwise: running...
2026-07-28 06:25:47 CEST    repeat=0 BBMSDppStepwise: status=ok
2026-07-28 06:25:47 CEST    repeat=0 DijkstraPrims: running...
2026-07-28 06:25:47 CEST    repeat=0 DijkstraPrims: status=ok
2026-07-28 06:25:47 CEST    repeat=1 BBMSCore: running...
2026-07-28 06:25:48 CEST    repeat=1 BBMSCore: status=ok
2026-07-28 06:25:48 CEST    repeat=1 BBMSInter: running...
2026-07-28 06:25:49 CEST    repeat=1 BBMSInter: status=ok
2026-07-28 06:25:49 CEST    repeat=1 BBMSDppInstant: running...
2026-07-28 06:25:49 CEST    repeat=1 BBMSDppInstant: status=ok
2026-07-28 06:25:49 CEST    repeat=1 BBMSDppStepwise: running...
2026-07-28 06:25:50 CEST    repeat=1 BBMSDppStepwise: status=ok
2026-07-28 06:25:50 CEST    repeat=1 DijkstraPrims: running...
2026-07-28 06:25:50 CEST    repeat=1 DijkstraPrims: status=ok
2026-07-28 06:25:50 CEST    repeat=2 BBMSCore: running...
2026-07-28 06:25:51 CEST    repeat=2 BBMSCore: status=ok
2026-07-28 06:25:51 CEST    repeat=2 BBMSInter: running...
2026-07-28 06:25:52 CEST    repeat=2 BBMSInter: status=ok
2026-07-28 06:25:52 CEST    repeat=2 BBMSDppInstant: running...
2026-07-28 06:25:52 CEST    repeat=2 BBMSDppInstant: status=ok
2026-07-28 06:25:52 CEST    repeat=2 BBMSDppStepwise: running...
2026-07-28 06:25:53 CEST    repeat=2 BBMSDppStepwise: status=ok
2026-07-28 06:25:53 CEST    repeat=2 DijkstraPrims: running...
2026-07-28 06:25:53 CEST    repeat=2 DijkstraPrims: status=ok
2026-07-28 06:25:53 CEST  op-count pass
2026-07-28 06:25:53 CEST    BBMSCore: running...
2026-07-28 06:25:54 CEST    BBMSCore: status=ok
2026-07-28 06:25:54 CEST    BBMSInter: running...
2026-07-28 06:25:55 CEST    BBMSInter: status=ok
2026-07-28 06:25:55 CEST    BBMSDppInstant: running...
2026-07-28 06:25:55 CEST    BBMSDppInstant: status=ok
2026-07-28 06:25:55 CEST    BBMSDppStepwise: running...
2026-07-28 06:25:56 CEST    BBMSDppStepwise: status=ok
2026-07-28 06:25:56 CEST    DijkstraPrims: running...
2026-07-28 06:25:56 CEST    DijkstraPrims: status=ok
2026-07-28 06:25:56 CEST  cross-algorithm agreement: ok
2026-07-28 06:25:56 CEST  sample=7
2026-07-28 06:25:56 CEST  runtime/memory pass
2026-07-28 06:25:56 CEST    repeat=0 BBMSCore: running...
2026-07-28 06:25:57 CEST    repeat=0 BBMSCore: status=ok
2026-07-28 06:25:57 CEST    repeat=0 BBMSInter: running...
2026-07-28 06:25:57 CEST    repeat=0 BBMSInter: status=ok
2026-07-28 06:25:57 CEST    repeat=0 BBMSDppInstant: running...
2026-07-28 06:25:58 CEST    repeat=0 BBMSDppInstant: status=ok
2026-07-28 06:25:58 CEST    repeat=0 BBMSDppStepwise: running...
2026-07-28 06:25:59 CEST    repeat=0 BBMSDppStepwise: status=ok
2026-07-28 06:25:59 CEST    repeat=0 DijkstraPrims: running...
2026-07-28 06:25:59 CEST    repeat=0 DijkstraPrims: status=ok
2026-07-28 06:25:59 CEST    repeat=1 BBMSCore: running...
2026-07-28 06:26:00 CEST    repeat=1 BBMSCore: status=ok
2026-07-28 06:26:00 CEST    repeat=1 BBMSInter: running...
2026-07-28 06:26:00 CEST    repeat=1 BBMSInter: status=ok
2026-07-28 06:26:00 CEST    repeat=1 BBMSDppInstant: running...
2026-07-28 06:26:01 CEST    repeat=1 BBMSDppInstant: status=ok
2026-07-28 06:26:01 CEST    repeat=1 BBMSDppStepwise: running...
2026-07-28 06:26:02 CEST    repeat=1 BBMSDppStepwise: status=ok
2026-07-28 06:26:02 CEST    repeat=1 DijkstraPrims: running...
2026-07-28 06:26:02 CEST    repeat=1 DijkstraPrims: status=ok
2026-07-28 06:26:02 CEST    repeat=2 BBMSCore: running...
2026-07-28 06:26:03 CEST    repeat=2 BBMSCore: status=ok
2026-07-28 06:26:03 CEST    repeat=2 BBMSInter: running...
2026-07-28 06:26:03 CEST    repeat=2 BBMSInter: status=ok
2026-07-28 06:26:03 CEST    repeat=2 BBMSDppInstant: running...
2026-07-28 06:26:04 CEST    repeat=2 BBMSDppInstant: status=ok
2026-07-28 06:26:04 CEST    repeat=2 BBMSDppStepwise: running...
2026-07-28 06:26:05 CEST    repeat=2 BBMSDppStepwise: status=ok
2026-07-28 06:26:05 CEST    repeat=2 DijkstraPrims: running...
2026-07-28 06:26:05 CEST    repeat=2 DijkstraPrims: status=ok
2026-07-28 06:26:05 CEST  op-count pass
2026-07-28 06:26:05 CEST    BBMSCore: running...
2026-07-28 06:26:06 CEST    BBMSCore: status=ok
2026-07-28 06:26:06 CEST    BBMSInter: running...
2026-07-28 06:26:06 CEST    BBMSInter: status=ok
2026-07-28 06:26:06 CEST    BBMSDppInstant: running...
2026-07-28 06:26:07 CEST    BBMSDppInstant: status=ok
2026-07-28 06:26:07 CEST    BBMSDppStepwise: running...
2026-07-28 06:26:08 CEST    BBMSDppStepwise: status=ok
2026-07-28 06:26:08 CEST    DijkstraPrims: running...
2026-07-28 06:26:08 CEST    DijkstraPrims: status=ok
2026-07-28 06:26:08 CEST  cross-algorithm agreement: ok
2026-07-28 06:26:08 CEST  sample=8
2026-07-28 06:26:08 CEST  runtime/memory pass
2026-07-28 06:26:08 CEST    repeat=0 BBMSCore: running...
2026-07-28 06:26:09 CEST    repeat=0 BBMSCore: status=ok
2026-07-28 06:26:09 CEST    repeat=0 BBMSInter: running...
2026-07-28 06:26:09 CEST    repeat=0 BBMSInter: status=ok
2026-07-28 06:26:09 CEST    repeat=0 BBMSDppInstant: running...
2026-07-28 06:26:10 CEST    repeat=0 BBMSDppInstant: status=ok
2026-07-28 06:26:10 CEST    repeat=0 BBMSDppStepwise: running...
2026-07-28 06:26:11 CEST    repeat=0 BBMSDppStepwise: status=ok
2026-07-28 06:26:11 CEST    repeat=0 DijkstraPrims: running...
2026-07-28 06:26:11 CEST    repeat=0 DijkstraPrims: status=ok
2026-07-28 06:26:11 CEST    repeat=1 BBMSCore: running...
2026-07-28 06:26:12 CEST    repeat=1 BBMSCore: status=ok
2026-07-28 06:26:12 CEST    repeat=1 BBMSInter: running...
2026-07-28 06:26:12 CEST    repeat=1 BBMSInter: status=ok
2026-07-28 06:26:12 CEST    repeat=1 BBMSDppInstant: running...
2026-07-28 06:26:13 CEST    repeat=1 BBMSDppInstant: status=ok
2026-07-28 06:26:13 CEST    repeat=1 BBMSDppStepwise: running...
2026-07-28 06:26:14 CEST    repeat=1 BBMSDppStepwise: status=ok
2026-07-28 06:26:14 CEST    repeat=1 DijkstraPrims: running...
2026-07-28 06:26:14 CEST    repeat=1 DijkstraPrims: status=ok
2026-07-28 06:26:14 CEST    repeat=2 BBMSCore: running...
2026-07-28 06:26:15 CEST    repeat=2 BBMSCore: status=ok
2026-07-28 06:26:15 CEST    repeat=2 BBMSInter: running...
2026-07-28 06:26:15 CEST    repeat=2 BBMSInter: status=ok
2026-07-28 06:26:15 CEST    repeat=2 BBMSDppInstant: running...
2026-07-28 06:26:16 CEST    repeat=2 BBMSDppInstant: status=ok
2026-07-28 06:26:16 CEST    repeat=2 BBMSDppStepwise: running...
2026-07-28 06:26:16 CEST    repeat=2 BBMSDppStepwise: status=ok
2026-07-28 06:26:16 CEST    repeat=2 DijkstraPrims: running...
2026-07-28 06:26:16 CEST    repeat=2 DijkstraPrims: status=ok
2026-07-28 06:26:16 CEST  op-count pass
2026-07-28 06:26:16 CEST    BBMSCore: running...
2026-07-28 06:26:18 CEST    BBMSCore: status=ok
2026-07-28 06:26:18 CEST    BBMSInter: running...
2026-07-28 06:26:18 CEST    BBMSInter: status=ok
2026-07-28 06:26:18 CEST    BBMSDppInstant: running...
2026-07-28 06:26:19 CEST    BBMSDppInstant: status=ok
2026-07-28 06:26:19 CEST    BBMSDppStepwise: running...
2026-07-28 06:26:19 CEST    BBMSDppStepwise: status=ok
2026-07-28 06:26:19 CEST    DijkstraPrims: running...
2026-07-28 06:26:19 CEST    DijkstraPrims: status=ok
2026-07-28 06:26:19 CEST  cross-algorithm agreement: ok
2026-07-28 06:26:19 CEST  sample=9
2026-07-28 06:26:19 CEST  runtime/memory pass
2026-07-28 06:26:19 CEST    repeat=0 BBMSCore: running...
2026-07-28 06:26:20 CEST    repeat=0 BBMSCore: status=ok
2026-07-28 06:26:20 CEST    repeat=0 BBMSInter: running...
2026-07-28 06:26:21 CEST    repeat=0 BBMSInter: status=ok
2026-07-28 06:26:21 CEST    repeat=0 BBMSDppInstant: running...
2026-07-28 06:26:21 CEST    repeat=0 BBMSDppInstant: status=ok
2026-07-28 06:26:21 CEST    repeat=0 BBMSDppStepwise: running...
2026-07-28 06:26:22 CEST    repeat=0 BBMSDppStepwise: status=ok
2026-07-28 06:26:22 CEST    repeat=0 DijkstraPrims: running...
2026-07-28 06:26:22 CEST    repeat=0 DijkstraPrims: status=ok
2026-07-28 06:26:22 CEST    repeat=1 BBMSCore: running...
2026-07-28 06:26:23 CEST    repeat=1 BBMSCore: status=ok
2026-07-28 06:26:23 CEST    repeat=1 BBMSInter: running...
2026-07-28 06:26:23 CEST    repeat=1 BBMSInter: status=ok
2026-07-28 06:26:23 CEST    repeat=1 BBMSDppInstant: running...
2026-07-28 06:26:24 CEST    repeat=1 BBMSDppInstant: status=ok
2026-07-28 06:26:24 CEST    repeat=1 BBMSDppStepwise: running...
2026-07-28 06:26:24 CEST    repeat=1 BBMSDppStepwise: status=ok
2026-07-28 06:26:24 CEST    repeat=1 DijkstraPrims: running...
2026-07-28 06:26:24 CEST    repeat=1 DijkstraPrims: status=ok
2026-07-28 06:26:24 CEST    repeat=2 BBMSCore: running...
2026-07-28 06:26:25 CEST    repeat=2 BBMSCore: status=ok
2026-07-28 06:26:25 CEST    repeat=2 BBMSInter: running...
2026-07-28 06:26:26 CEST    repeat=2 BBMSInter: status=ok
2026-07-28 06:26:26 CEST    repeat=2 BBMSDppInstant: running...
2026-07-28 06:26:26 CEST    repeat=2 BBMSDppInstant: status=ok
2026-07-28 06:26:26 CEST    repeat=2 BBMSDppStepwise: running...
2026-07-28 06:26:27 CEST    repeat=2 BBMSDppStepwise: status=ok
2026-07-28 06:26:27 CEST    repeat=2 DijkstraPrims: running...
2026-07-28 06:26:27 CEST    repeat=2 DijkstraPrims: status=ok
2026-07-28 06:26:27 CEST  op-count pass
2026-07-28 06:26:27 CEST    BBMSCore: running...
2026-07-28 06:26:28 CEST    BBMSCore: status=ok
2026-07-28 06:26:28 CEST    BBMSInter: running...
2026-07-28 06:26:28 CEST    BBMSInter: status=ok
2026-07-28 06:26:28 CEST    BBMSDppInstant: running...
2026-07-28 06:26:29 CEST    BBMSDppInstant: status=ok
2026-07-28 06:26:29 CEST    BBMSDppStepwise: running...
2026-07-28 06:26:30 CEST    BBMSDppStepwise: status=ok
2026-07-28 06:26:30 CEST    DijkstraPrims: running...
2026-07-28 06:26:30 CEST    DijkstraPrims: status=ok
2026-07-28 06:26:30 CEST  cross-algorithm agreement: ok
2026-07-28 06:26:30 CEST  --- N=2300 ---
2026-07-28 06:26:30 CEST  sample=0
2026-07-28 06:26:30 CEST  runtime/memory pass
2026-07-28 06:26:30 CEST    repeat=0 BBMSCore: running...
2026-07-28 06:26:34 CEST    repeat=0 BBMSCore: status=ok
2026-07-28 06:26:34 CEST    repeat=0 BBMSInter: running...
2026-07-28 06:26:35 CEST    repeat=0 BBMSInter: status=ok
2026-07-28 06:26:35 CEST    repeat=0 BBMSDppInstant: running...
2026-07-28 06:26:37 CEST    repeat=0 BBMSDppInstant: status=ok
2026-07-28 06:26:37 CEST    repeat=0 BBMSDppStepwise: running...
2026-07-28 06:26:39 CEST    repeat=0 BBMSDppStepwise: status=ok
2026-07-28 06:26:39 CEST    repeat=0 DijkstraPrims: running...
2026-07-28 06:26:39 CEST    repeat=0 DijkstraPrims: status=ok
2026-07-28 06:26:39 CEST    repeat=1 BBMSCore: running...
2026-07-28 06:26:43 CEST    repeat=1 BBMSCore: status=ok
2026-07-28 06:26:43 CEST    repeat=1 BBMSInter: running...
2026-07-28 06:26:44 CEST    repeat=1 BBMSInter: status=ok
2026-07-28 06:26:44 CEST    repeat=1 BBMSDppInstant: running...
2026-07-28 06:26:46 CEST    repeat=1 BBMSDppInstant: status=ok
2026-07-28 06:26:46 CEST    repeat=1 BBMSDppStepwise: running...
2026-07-28 06:26:48 CEST    repeat=1 BBMSDppStepwise: status=ok
2026-07-28 06:26:48 CEST    repeat=1 DijkstraPrims: running...
2026-07-28 06:26:49 CEST    repeat=1 DijkstraPrims: status=ok
2026-07-28 06:26:49 CEST    repeat=2 BBMSCore: running...
2026-07-28 06:26:53 CEST    repeat=2 BBMSCore: status=ok
2026-07-28 06:26:53 CEST    repeat=2 BBMSInter: running...
2026-07-28 06:26:54 CEST    repeat=2 BBMSInter: status=ok
2026-07-28 06:26:54 CEST    repeat=2 BBMSDppInstant: running...
2026-07-28 06:26:56 CEST    repeat=2 BBMSDppInstant: status=ok
2026-07-28 06:26:56 CEST    repeat=2 BBMSDppStepwise: running...
2026-07-28 06:26:58 CEST    repeat=2 BBMSDppStepwise: status=ok
2026-07-28 06:26:58 CEST    repeat=2 DijkstraPrims: running...
2026-07-28 06:26:59 CEST    repeat=2 DijkstraPrims: status=ok
2026-07-28 06:26:59 CEST  op-count pass
2026-07-28 06:26:59 CEST    BBMSCore: running...
2026-07-28 06:27:03 CEST    BBMSCore: status=ok
2026-07-28 06:27:03 CEST    BBMSInter: running...
2026-07-28 06:27:04 CEST    BBMSInter: status=ok
2026-07-28 06:27:04 CEST    BBMSDppInstant: running...
2026-07-28 06:27:06 CEST    BBMSDppInstant: status=ok
2026-07-28 06:27:06 CEST    BBMSDppStepwise: running...
2026-07-28 06:27:08 CEST    BBMSDppStepwise: status=ok
2026-07-28 06:27:08 CEST    DijkstraPrims: running...
2026-07-28 06:27:08 CEST    DijkstraPrims: status=ok
2026-07-28 06:27:08 CEST  cross-algorithm agreement: ok
2026-07-28 06:27:08 CEST  sample=1
2026-07-28 06:27:08 CEST  runtime/memory pass
2026-07-28 06:27:08 CEST    repeat=0 BBMSCore: running...
2026-07-28 06:27:12 CEST    repeat=0 BBMSCore: status=ok
2026-07-28 06:27:12 CEST    repeat=0 BBMSInter: running...
2026-07-28 06:27:13 CEST    repeat=0 BBMSInter: status=ok
2026-07-28 06:27:13 CEST    repeat=0 BBMSDppInstant: running...
2026-07-28 06:27:15 CEST    repeat=0 BBMSDppInstant: status=ok
2026-07-28 06:27:15 CEST    repeat=0 BBMSDppStepwise: running...
2026-07-28 06:27:17 CEST    repeat=0 BBMSDppStepwise: status=ok
2026-07-28 06:27:17 CEST    repeat=0 DijkstraPrims: running...
2026-07-28 06:27:17 CEST    repeat=0 DijkstraPrims: status=ok
2026-07-28 06:27:17 CEST    repeat=1 BBMSCore: running...
2026-07-28 06:27:21 CEST    repeat=1 BBMSCore: status=ok
2026-07-28 06:27:21 CEST    repeat=1 BBMSInter: running...
2026-07-28 06:27:23 CEST    repeat=1 BBMSInter: status=ok
2026-07-28 06:27:23 CEST    repeat=1 BBMSDppInstant: running...
2026-07-28 06:27:24 CEST    repeat=1 BBMSDppInstant: status=ok
2026-07-28 06:27:24 CEST    repeat=1 BBMSDppStepwise: running...
2026-07-28 06:27:26 CEST    repeat=1 BBMSDppStepwise: status=ok
2026-07-28 06:27:26 CEST    repeat=1 DijkstraPrims: running...
2026-07-28 06:27:26 CEST    repeat=1 DijkstraPrims: status=ok
2026-07-28 06:27:26 CEST    repeat=2 BBMSCore: running...
2026-07-28 06:27:30 CEST    repeat=2 BBMSCore: status=ok
2026-07-28 06:27:30 CEST    repeat=2 BBMSInter: running...
2026-07-28 06:27:32 CEST    repeat=2 BBMSInter: status=ok
2026-07-28 06:27:32 CEST    repeat=2 BBMSDppInstant: running...
2026-07-28 06:27:33 CEST    repeat=2 BBMSDppInstant: status=ok
2026-07-28 06:27:33 CEST    repeat=2 BBMSDppStepwise: running...
2026-07-28 06:27:35 CEST    repeat=2 BBMSDppStepwise: status=ok
2026-07-28 06:27:35 CEST    repeat=2 DijkstraPrims: running...
2026-07-28 06:27:36 CEST    repeat=2 DijkstraPrims: status=ok
2026-07-28 06:27:36 CEST  op-count pass
2026-07-28 06:27:36 CEST    BBMSCore: running...
2026-07-28 06:27:39 CEST    BBMSCore: status=ok
2026-07-28 06:27:39 CEST    BBMSInter: running...
2026-07-28 06:27:41 CEST    BBMSInter: status=ok
2026-07-28 06:27:41 CEST    BBMSDppInstant: running...
2026-07-28 06:27:43 CEST    BBMSDppInstant: status=ok
2026-07-28 06:27:43 CEST    BBMSDppStepwise: running...
2026-07-28 06:27:45 CEST    BBMSDppStepwise: status=ok
2026-07-28 06:27:45 CEST    DijkstraPrims: running...
2026-07-28 06:27:45 CEST    DijkstraPrims: status=ok
2026-07-28 06:27:45 CEST  cross-algorithm agreement: ok
2026-07-28 06:27:45 CEST  sample=2
2026-07-28 06:27:45 CEST  runtime/memory pass
2026-07-28 06:27:45 CEST    repeat=0 BBMSCore: running...
2026-07-28 06:27:49 CEST    repeat=0 BBMSCore: status=ok
2026-07-28 06:27:49 CEST    repeat=0 BBMSInter: running...
2026-07-28 06:27:50 CEST    repeat=0 BBMSInter: status=ok
2026-07-28 06:27:50 CEST    repeat=0 BBMSDppInstant: running...
2026-07-28 06:27:52 CEST    repeat=0 BBMSDppInstant: status=ok
2026-07-28 06:27:52 CEST    repeat=0 BBMSDppStepwise: running...
2026-07-28 06:27:53 CEST    repeat=0 BBMSDppStepwise: status=ok
2026-07-28 06:27:53 CEST    repeat=0 DijkstraPrims: running...
2026-07-28 06:27:55 CEST    repeat=0 DijkstraPrims: status=ok
2026-07-28 06:27:55 CEST    repeat=1 BBMSCore: running...
2026-07-28 06:27:59 CEST    repeat=1 BBMSCore: status=ok
2026-07-28 06:27:59 CEST    repeat=1 BBMSInter: running...
2026-07-28 06:28:00 CEST    repeat=1 BBMSInter: status=ok
2026-07-28 06:28:00 CEST    repeat=1 BBMSDppInstant: running...
2026-07-28 06:28:02 CEST    repeat=1 BBMSDppInstant: status=ok
2026-07-28 06:28:02 CEST    repeat=1 BBMSDppStepwise: running...
2026-07-28 06:28:04 CEST    repeat=1 BBMSDppStepwise: status=ok
2026-07-28 06:28:04 CEST    repeat=1 DijkstraPrims: running...
2026-07-28 06:28:06 CEST    repeat=1 DijkstraPrims: status=ok
2026-07-28 06:28:06 CEST    repeat=2 BBMSCore: running...
2026-07-28 06:28:10 CEST    repeat=2 BBMSCore: status=ok
2026-07-28 06:28:10 CEST    repeat=2 BBMSInter: running...
2026-07-28 06:28:11 CEST    repeat=2 BBMSInter: status=ok
2026-07-28 06:28:11 CEST    repeat=2 BBMSDppInstant: running...
2026-07-28 06:28:12 CEST    repeat=2 BBMSDppInstant: status=ok
2026-07-28 06:28:12 CEST    repeat=2 BBMSDppStepwise: running...
2026-07-28 06:28:14 CEST    repeat=2 BBMSDppStepwise: status=ok
2026-07-28 06:28:14 CEST    repeat=2 DijkstraPrims: running...
2026-07-28 06:28:16 CEST    repeat=2 DijkstraPrims: status=ok
2026-07-28 06:28:16 CEST  op-count pass
2026-07-28 06:28:16 CEST    BBMSCore: running...
2026-07-28 06:28:20 CEST    BBMSCore: status=ok
2026-07-28 06:28:20 CEST    BBMSInter: running...
2026-07-28 06:28:21 CEST    BBMSInter: status=ok
2026-07-28 06:28:21 CEST    BBMSDppInstant: running...
2026-07-28 06:28:23 CEST    BBMSDppInstant: status=ok
2026-07-28 06:28:23 CEST    BBMSDppStepwise: running...
2026-07-28 06:28:25 CEST    BBMSDppStepwise: status=ok
2026-07-28 06:28:25 CEST    DijkstraPrims: running...
2026-07-28 06:28:27 CEST    DijkstraPrims: status=ok
2026-07-28 06:28:27 CEST  cross-algorithm agreement: ok
2026-07-28 06:28:27 CEST  sample=3
2026-07-28 06:28:27 CEST  runtime/memory pass
2026-07-28 06:28:27 CEST    repeat=0 BBMSCore: running...
2026-07-28 06:28:31 CEST    repeat=0 BBMSCore: status=ok
2026-07-28 06:28:31 CEST    repeat=0 BBMSInter: running...
2026-07-28 06:28:32 CEST    repeat=0 BBMSInter: status=ok
2026-07-28 06:28:32 CEST    repeat=0 BBMSDppInstant: running...
2026-07-28 06:28:34 CEST    repeat=0 BBMSDppInstant: status=ok
2026-07-28 06:28:34 CEST    repeat=0 BBMSDppStepwise: running...
2026-07-28 06:28:36 CEST    repeat=0 BBMSDppStepwise: status=ok
2026-07-28 06:28:36 CEST    repeat=0 DijkstraPrims: running...
2026-07-28 06:28:36 CEST    repeat=0 DijkstraPrims: status=ok
2026-07-28 06:28:36 CEST    repeat=1 BBMSCore: running...
2026-07-28 06:28:40 CEST    repeat=1 BBMSCore: status=ok
2026-07-28 06:28:40 CEST    repeat=1 BBMSInter: running...
2026-07-28 06:28:41 CEST    repeat=1 BBMSInter: status=ok
2026-07-28 06:28:41 CEST    repeat=1 BBMSDppInstant: running...
2026-07-28 06:28:43 CEST    repeat=1 BBMSDppInstant: status=ok
2026-07-28 06:28:43 CEST    repeat=1 BBMSDppStepwise: running...
2026-07-28 06:28:45 CEST    repeat=1 BBMSDppStepwise: status=ok
2026-07-28 06:28:45 CEST    repeat=1 DijkstraPrims: running...
2026-07-28 06:28:45 CEST    repeat=1 DijkstraPrims: status=ok
2026-07-28 06:28:45 CEST    repeat=2 BBMSCore: running...
2026-07-28 06:28:49 CEST    repeat=2 BBMSCore: status=ok
2026-07-28 06:28:49 CEST    repeat=2 BBMSInter: running...
2026-07-28 06:28:50 CEST    repeat=2 BBMSInter: status=ok
2026-07-28 06:28:50 CEST    repeat=2 BBMSDppInstant: running...
2026-07-28 06:28:52 CEST    repeat=2 BBMSDppInstant: status=ok
2026-07-28 06:28:52 CEST    repeat=2 BBMSDppStepwise: running...
2026-07-28 06:28:54 CEST    repeat=2 BBMSDppStepwise: status=ok
2026-07-28 06:28:54 CEST    repeat=2 DijkstraPrims: running...
2026-07-28 06:28:54 CEST    repeat=2 DijkstraPrims: status=ok
2026-07-28 06:28:54 CEST  op-count pass
2026-07-28 06:28:54 CEST    BBMSCore: running...
2026-07-28 06:28:58 CEST    BBMSCore: status=ok
2026-07-28 06:28:58 CEST    BBMSInter: running...
2026-07-28 06:28:59 CEST    BBMSInter: status=ok
2026-07-28 06:28:59 CEST    BBMSDppInstant: running...
2026-07-28 06:29:01 CEST    BBMSDppInstant: status=ok
2026-07-28 06:29:01 CEST    BBMSDppStepwise: running...
2026-07-28 06:29:03 CEST    BBMSDppStepwise: status=ok
2026-07-28 06:29:03 CEST    DijkstraPrims: running...
2026-07-28 06:29:03 CEST    DijkstraPrims: status=ok
2026-07-28 06:29:03 CEST  cross-algorithm agreement: ok
2026-07-28 06:29:03 CEST  sample=4
2026-07-28 06:29:03 CEST  runtime/memory pass
2026-07-28 06:29:03 CEST    repeat=0 BBMSCore: running...
2026-07-28 06:29:07 CEST    repeat=0 BBMSCore: status=ok
2026-07-28 06:29:07 CEST    repeat=0 BBMSInter: running...
2026-07-28 06:29:09 CEST    repeat=0 BBMSInter: status=ok
2026-07-28 06:29:09 CEST    repeat=0 BBMSDppInstant: running...
2026-07-28 06:29:10 CEST    repeat=0 BBMSDppInstant: status=ok
2026-07-28 06:29:10 CEST    repeat=0 BBMSDppStepwise: running...
2026-07-28 06:29:12 CEST    repeat=0 BBMSDppStepwise: status=ok
2026-07-28 06:29:12 CEST    repeat=0 DijkstraPrims: running...
2026-07-28 06:29:12 CEST    repeat=0 DijkstraPrims: status=ok
2026-07-28 06:29:12 CEST    repeat=1 BBMSCore: running...
2026-07-28 06:29:16 CEST    repeat=1 BBMSCore: status=ok
2026-07-28 06:29:16 CEST    repeat=1 BBMSInter: running...
2026-07-28 06:29:18 CEST    repeat=1 BBMSInter: status=ok
2026-07-28 06:29:18 CEST    repeat=1 BBMSDppInstant: running...
2026-07-28 06:29:19 CEST    repeat=1 BBMSDppInstant: status=ok
2026-07-28 06:29:19 CEST    repeat=1 BBMSDppStepwise: running...
2026-07-28 06:29:21 CEST    repeat=1 BBMSDppStepwise: status=ok
2026-07-28 06:29:21 CEST    repeat=1 DijkstraPrims: running...
2026-07-28 06:29:21 CEST    repeat=1 DijkstraPrims: status=ok
2026-07-28 06:29:21 CEST    repeat=2 BBMSCore: running...
2026-07-28 06:29:26 CEST    repeat=2 BBMSCore: status=ok
2026-07-28 06:29:26 CEST    repeat=2 BBMSInter: running...
2026-07-28 06:29:27 CEST    repeat=2 BBMSInter: status=ok
2026-07-28 06:29:27 CEST    repeat=2 BBMSDppInstant: running...
2026-07-28 06:29:28 CEST    repeat=2 BBMSDppInstant: status=ok
2026-07-28 06:29:28 CEST    repeat=2 BBMSDppStepwise: running...
2026-07-28 06:29:30 CEST    repeat=2 BBMSDppStepwise: status=ok
2026-07-28 06:29:30 CEST    repeat=2 DijkstraPrims: running...
2026-07-28 06:29:30 CEST    repeat=2 DijkstraPrims: status=ok
2026-07-28 06:29:30 CEST  op-count pass
2026-07-28 06:29:30 CEST    BBMSCore: running...
2026-07-28 06:29:35 CEST    BBMSCore: status=ok
2026-07-28 06:29:35 CEST    BBMSInter: running...
2026-07-28 06:29:36 CEST    BBMSInter: status=ok
2026-07-28 06:29:36 CEST    BBMSDppInstant: running...
2026-07-28 06:29:38 CEST    BBMSDppInstant: status=ok
2026-07-28 06:29:38 CEST    BBMSDppStepwise: running...
2026-07-28 06:29:40 CEST    BBMSDppStepwise: status=ok
2026-07-28 06:29:40 CEST    DijkstraPrims: running...
2026-07-28 06:29:40 CEST    DijkstraPrims: status=ok
2026-07-28 06:29:40 CEST  cross-algorithm agreement: ok
2026-07-28 06:29:40 CEST  sample=5
2026-07-28 06:29:40 CEST  runtime/memory pass
2026-07-28 06:29:40 CEST    repeat=0 BBMSCore: running...
2026-07-28 06:29:44 CEST    repeat=0 BBMSCore: status=ok
2026-07-28 06:29:44 CEST    repeat=0 BBMSInter: running...
2026-07-28 06:29:45 CEST    repeat=0 BBMSInter: status=ok
2026-07-28 06:29:45 CEST    repeat=0 BBMSDppInstant: running...
2026-07-28 06:29:47 CEST    repeat=0 BBMSDppInstant: status=ok
2026-07-28 06:29:47 CEST    repeat=0 BBMSDppStepwise: running...
2026-07-28 06:29:49 CEST    repeat=0 BBMSDppStepwise: status=ok
2026-07-28 06:29:49 CEST    repeat=0 DijkstraPrims: running...
2026-07-28 06:29:50 CEST    repeat=0 DijkstraPrims: status=ok
2026-07-28 06:29:50 CEST    repeat=1 BBMSCore: running...
2026-07-28 06:29:54 CEST    repeat=1 BBMSCore: status=ok
2026-07-28 06:29:54 CEST    repeat=1 BBMSInter: running...
2026-07-28 06:29:55 CEST    repeat=1 BBMSInter: status=ok
2026-07-28 06:29:55 CEST    repeat=1 BBMSDppInstant: running...
2026-07-28 06:29:57 CEST    repeat=1 BBMSDppInstant: status=ok
2026-07-28 06:29:57 CEST    repeat=1 BBMSDppStepwise: running...
2026-07-28 06:29:59 CEST    repeat=1 BBMSDppStepwise: status=ok
2026-07-28 06:29:59 CEST    repeat=1 DijkstraPrims: running...
2026-07-28 06:30:00 CEST    repeat=1 DijkstraPrims: status=ok
2026-07-28 06:30:00 CEST    repeat=2 BBMSCore: running...
2026-07-28 06:30:04 CEST    repeat=2 BBMSCore: status=ok
2026-07-28 06:30:04 CEST    repeat=2 BBMSInter: running...
2026-07-28 06:30:05 CEST    repeat=2 BBMSInter: status=ok
2026-07-28 06:30:05 CEST    repeat=2 BBMSDppInstant: running...
2026-07-28 06:30:07 CEST    repeat=2 BBMSDppInstant: status=ok
2026-07-28 06:30:07 CEST    repeat=2 BBMSDppStepwise: running...
2026-07-28 06:30:09 CEST    repeat=2 BBMSDppStepwise: status=ok
2026-07-28 06:30:09 CEST    repeat=2 DijkstraPrims: running...
2026-07-28 06:30:10 CEST    repeat=2 DijkstraPrims: status=ok
2026-07-28 06:30:10 CEST  op-count pass
2026-07-28 06:30:10 CEST    BBMSCore: running...
2026-07-28 06:30:14 CEST    BBMSCore: status=ok
2026-07-28 06:30:14 CEST    BBMSInter: running...
2026-07-28 06:30:15 CEST    BBMSInter: status=ok
2026-07-28 06:30:15 CEST    BBMSDppInstant: running...
2026-07-28 06:30:17 CEST    BBMSDppInstant: status=ok
2026-07-28 06:30:17 CEST    BBMSDppStepwise: running...
2026-07-28 06:30:19 CEST    BBMSDppStepwise: status=ok
2026-07-28 06:30:19 CEST    DijkstraPrims: running...
2026-07-28 06:30:20 CEST    DijkstraPrims: status=ok
2026-07-28 06:30:20 CEST  cross-algorithm agreement: ok
2026-07-28 06:30:20 CEST  sample=6
2026-07-28 06:30:20 CEST  runtime/memory pass
2026-07-28 06:30:20 CEST    repeat=0 BBMSCore: running...
2026-07-28 06:30:25 CEST    repeat=0 BBMSCore: status=ok
2026-07-28 06:30:25 CEST    repeat=0 BBMSInter: running...
2026-07-28 06:30:26 CEST    repeat=0 BBMSInter: status=ok
2026-07-28 06:30:26 CEST    repeat=0 BBMSDppInstant: running...
2026-07-28 06:30:28 CEST    repeat=0 BBMSDppInstant: status=ok
2026-07-28 06:30:28 CEST    repeat=0 BBMSDppStepwise: running...
2026-07-28 06:30:30 CEST    repeat=0 BBMSDppStepwise: status=ok
2026-07-28 06:30:30 CEST    repeat=0 DijkstraPrims: running...
2026-07-28 06:30:30 CEST    repeat=0 DijkstraPrims: status=ok
2026-07-28 06:30:30 CEST    repeat=1 BBMSCore: running...
2026-07-28 06:30:34 CEST    repeat=1 BBMSCore: status=ok
2026-07-28 06:30:34 CEST    repeat=1 BBMSInter: running...
2026-07-28 06:30:35 CEST    repeat=1 BBMSInter: status=ok
2026-07-28 06:30:35 CEST    repeat=1 BBMSDppInstant: running...
2026-07-28 06:30:37 CEST    repeat=1 BBMSDppInstant: status=ok
2026-07-28 06:30:37 CEST    repeat=1 BBMSDppStepwise: running...
2026-07-28 06:30:39 CEST    repeat=1 BBMSDppStepwise: status=ok
2026-07-28 06:30:39 CEST    repeat=1 DijkstraPrims: running...
2026-07-28 06:30:39 CEST    repeat=1 DijkstraPrims: status=ok
2026-07-28 06:30:39 CEST    repeat=2 BBMSCore: running...
2026-07-28 06:30:44 CEST    repeat=2 BBMSCore: status=ok
2026-07-28 06:30:44 CEST    repeat=2 BBMSInter: running...
2026-07-28 06:30:45 CEST    repeat=2 BBMSInter: status=ok
2026-07-28 06:30:45 CEST    repeat=2 BBMSDppInstant: running...
2026-07-28 06:30:47 CEST    repeat=2 BBMSDppInstant: status=ok
2026-07-28 06:30:47 CEST    repeat=2 BBMSDppStepwise: running...
2026-07-28 06:30:49 CEST    repeat=2 BBMSDppStepwise: status=ok
2026-07-28 06:30:49 CEST    repeat=2 DijkstraPrims: running...
2026-07-28 06:30:49 CEST    repeat=2 DijkstraPrims: status=ok
2026-07-28 06:30:49 CEST  op-count pass
2026-07-28 06:30:49 CEST    BBMSCore: running...
2026-07-28 06:30:53 CEST    BBMSCore: status=ok
2026-07-28 06:30:53 CEST    BBMSInter: running...
2026-07-28 06:30:55 CEST    BBMSInter: status=ok
2026-07-28 06:30:55 CEST    BBMSDppInstant: running...
2026-07-28 06:30:56 CEST    BBMSDppInstant: status=ok
2026-07-28 06:30:56 CEST    BBMSDppStepwise: running...
2026-07-28 06:30:58 CEST    BBMSDppStepwise: status=ok
2026-07-28 06:30:58 CEST    DijkstraPrims: running...
2026-07-28 06:30:59 CEST    DijkstraPrims: status=ok
2026-07-28 06:30:59 CEST  cross-algorithm agreement: ok
2026-07-28 06:30:59 CEST  sample=7
2026-07-28 06:30:59 CEST  runtime/memory pass
2026-07-28 06:30:59 CEST    repeat=0 BBMSCore: running...
2026-07-28 06:31:03 CEST    repeat=0 BBMSCore: status=ok
2026-07-28 06:31:03 CEST    repeat=0 BBMSInter: running...
2026-07-28 06:31:04 CEST    repeat=0 BBMSInter: status=ok
2026-07-28 06:31:04 CEST    repeat=0 BBMSDppInstant: running...
2026-07-28 06:31:06 CEST    repeat=0 BBMSDppInstant: status=ok
2026-07-28 06:31:06 CEST    repeat=0 BBMSDppStepwise: running...
2026-07-28 06:31:08 CEST    repeat=0 BBMSDppStepwise: status=ok
2026-07-28 06:31:08 CEST    repeat=0 DijkstraPrims: running...
2026-07-28 06:31:08 CEST    repeat=0 DijkstraPrims: status=ok
2026-07-28 06:31:08 CEST    repeat=1 BBMSCore: running...
2026-07-28 06:31:13 CEST    repeat=1 BBMSCore: status=ok
2026-07-28 06:31:13 CEST    repeat=1 BBMSInter: running...
2026-07-28 06:31:14 CEST    repeat=1 BBMSInter: status=ok
2026-07-28 06:31:14 CEST    repeat=1 BBMSDppInstant: running...
2026-07-28 06:31:16 CEST    repeat=1 BBMSDppInstant: status=ok
2026-07-28 06:31:16 CEST    repeat=1 BBMSDppStepwise: running...
2026-07-28 06:31:17 CEST    repeat=1 BBMSDppStepwise: status=ok
2026-07-28 06:31:17 CEST    repeat=1 DijkstraPrims: running...
2026-07-28 06:31:18 CEST    repeat=1 DijkstraPrims: status=ok
2026-07-28 06:31:18 CEST    repeat=2 BBMSCore: running...
2026-07-28 06:31:22 CEST    repeat=2 BBMSCore: status=ok
2026-07-28 06:31:22 CEST    repeat=2 BBMSInter: running...
2026-07-28 06:31:23 CEST    repeat=2 BBMSInter: status=ok
2026-07-28 06:31:23 CEST    repeat=2 BBMSDppInstant: running...
2026-07-28 06:31:25 CEST    repeat=2 BBMSDppInstant: status=ok
2026-07-28 06:31:25 CEST    repeat=2 BBMSDppStepwise: running...
2026-07-28 06:31:27 CEST    repeat=2 BBMSDppStepwise: status=ok
2026-07-28 06:31:27 CEST    repeat=2 DijkstraPrims: running...
2026-07-28 06:31:28 CEST    repeat=2 DijkstraPrims: status=ok
2026-07-28 06:31:28 CEST  op-count pass
2026-07-28 06:31:28 CEST    BBMSCore: running...
2026-07-28 06:31:32 CEST    BBMSCore: status=ok
2026-07-28 06:31:32 CEST    BBMSInter: running...
2026-07-28 06:31:33 CEST    BBMSInter: status=ok
2026-07-28 06:31:33 CEST    BBMSDppInstant: running...
2026-07-28 06:31:35 CEST    BBMSDppInstant: status=ok
2026-07-28 06:31:35 CEST    BBMSDppStepwise: running...
2026-07-28 06:31:37 CEST    BBMSDppStepwise: status=ok
2026-07-28 06:31:37 CEST    DijkstraPrims: running...
2026-07-28 06:31:37 CEST    DijkstraPrims: status=ok
2026-07-28 06:31:37 CEST  cross-algorithm agreement: ok
2026-07-28 06:31:37 CEST  sample=8
2026-07-28 06:31:37 CEST  runtime/memory pass
2026-07-28 06:31:37 CEST    repeat=0 BBMSCore: running...
2026-07-28 06:31:42 CEST    repeat=0 BBMSCore: status=ok
2026-07-28 06:31:42 CEST    repeat=0 BBMSInter: running...
2026-07-28 06:31:43 CEST    repeat=0 BBMSInter: status=ok
2026-07-28 06:31:43 CEST    repeat=0 BBMSDppInstant: running...
2026-07-28 06:31:45 CEST    repeat=0 BBMSDppInstant: status=ok
2026-07-28 06:31:45 CEST    repeat=0 BBMSDppStepwise: running...
2026-07-28 06:31:47 CEST    repeat=0 BBMSDppStepwise: status=ok
2026-07-28 06:31:47 CEST    repeat=0 DijkstraPrims: running...
2026-07-28 06:31:47 CEST    repeat=0 DijkstraPrims: status=ok
2026-07-28 06:31:47 CEST    repeat=1 BBMSCore: running...
2026-07-28 06:31:51 CEST    repeat=1 BBMSCore: status=ok
2026-07-28 06:31:51 CEST    repeat=1 BBMSInter: running...
2026-07-28 06:31:52 CEST    repeat=1 BBMSInter: status=ok
2026-07-28 06:31:52 CEST    repeat=1 BBMSDppInstant: running...
2026-07-28 06:31:54 CEST    repeat=1 BBMSDppInstant: status=ok
2026-07-28 06:31:54 CEST    repeat=1 BBMSDppStepwise: running...
2026-07-28 06:31:56 CEST    repeat=1 BBMSDppStepwise: status=ok
2026-07-28 06:31:56 CEST    repeat=1 DijkstraPrims: running...
2026-07-28 06:31:56 CEST    repeat=1 DijkstraPrims: status=ok
2026-07-28 06:31:56 CEST    repeat=2 BBMSCore: running...
2026-07-28 06:32:00 CEST    repeat=2 BBMSCore: status=ok
2026-07-28 06:32:00 CEST    repeat=2 BBMSInter: running...
2026-07-28 06:32:01 CEST    repeat=2 BBMSInter: status=ok
2026-07-28 06:32:01 CEST    repeat=2 BBMSDppInstant: running...
2026-07-28 06:32:03 CEST    repeat=2 BBMSDppInstant: status=ok
2026-07-28 06:32:03 CEST    repeat=2 BBMSDppStepwise: running...
2026-07-28 06:32:05 CEST    repeat=2 BBMSDppStepwise: status=ok
2026-07-28 06:32:05 CEST    repeat=2 DijkstraPrims: running...
2026-07-28 06:32:05 CEST    repeat=2 DijkstraPrims: status=ok
2026-07-28 06:32:05 CEST  op-count pass
2026-07-28 06:32:05 CEST    BBMSCore: running...
2026-07-28 06:32:09 CEST    BBMSCore: status=ok
2026-07-28 06:32:09 CEST    BBMSInter: running...
2026-07-28 06:32:11 CEST    BBMSInter: status=ok
2026-07-28 06:32:11 CEST    BBMSDppInstant: running...
2026-07-28 06:32:13 CEST    BBMSDppInstant: status=ok
2026-07-28 06:32:13 CEST    BBMSDppStepwise: running...
2026-07-28 06:32:14 CEST    BBMSDppStepwise: status=ok
2026-07-28 06:32:14 CEST    DijkstraPrims: running...
2026-07-28 06:32:15 CEST    DijkstraPrims: status=ok
2026-07-28 06:32:15 CEST  cross-algorithm agreement: ok
2026-07-28 06:32:15 CEST  sample=9
2026-07-28 06:32:15 CEST  runtime/memory pass
2026-07-28 06:32:15 CEST    repeat=0 BBMSCore: running...
2026-07-28 06:32:19 CEST    repeat=0 BBMSCore: status=ok
2026-07-28 06:32:19 CEST    repeat=0 BBMSInter: running...
2026-07-28 06:32:20 CEST    repeat=0 BBMSInter: status=ok
2026-07-28 06:32:20 CEST    repeat=0 BBMSDppInstant: running...
2026-07-28 06:32:22 CEST    repeat=0 BBMSDppInstant: status=ok
2026-07-28 06:32:22 CEST    repeat=0 BBMSDppStepwise: running...
2026-07-28 06:32:24 CEST    repeat=0 BBMSDppStepwise: status=ok
2026-07-28 06:32:24 CEST    repeat=0 DijkstraPrims: running...
2026-07-28 06:32:25 CEST    repeat=0 DijkstraPrims: status=ok
2026-07-28 06:32:25 CEST    repeat=1 BBMSCore: running...
2026-07-28 06:32:30 CEST    repeat=1 BBMSCore: status=ok
2026-07-28 06:32:30 CEST    repeat=1 BBMSInter: running...
2026-07-28 06:32:31 CEST    repeat=1 BBMSInter: status=ok
2026-07-28 06:32:31 CEST    repeat=1 BBMSDppInstant: running...
2026-07-28 06:32:33 CEST    repeat=1 BBMSDppInstant: status=ok
2026-07-28 06:32:33 CEST    repeat=1 BBMSDppStepwise: running...
2026-07-28 06:32:35 CEST    repeat=1 BBMSDppStepwise: status=ok
2026-07-28 06:32:35 CEST    repeat=1 DijkstraPrims: running...
2026-07-28 06:32:36 CEST    repeat=1 DijkstraPrims: status=ok
2026-07-28 06:32:36 CEST    repeat=2 BBMSCore: running...
2026-07-28 06:32:40 CEST    repeat=2 BBMSCore: status=ok
2026-07-28 06:32:40 CEST    repeat=2 BBMSInter: running...
2026-07-28 06:32:42 CEST    repeat=2 BBMSInter: status=ok
2026-07-28 06:32:42 CEST    repeat=2 BBMSDppInstant: running...
2026-07-28 06:32:43 CEST    repeat=2 BBMSDppInstant: status=ok
2026-07-28 06:32:43 CEST    repeat=2 BBMSDppStepwise: running...
2026-07-28 06:32:45 CEST    repeat=2 BBMSDppStepwise: status=ok
2026-07-28 06:32:45 CEST    repeat=2 DijkstraPrims: running...
2026-07-28 06:32:46 CEST    repeat=2 DijkstraPrims: status=ok
2026-07-28 06:32:46 CEST  op-count pass
2026-07-28 06:32:46 CEST    BBMSCore: running...
2026-07-28 06:32:51 CEST    BBMSCore: status=ok
2026-07-28 06:32:51 CEST    BBMSInter: running...
2026-07-28 06:32:52 CEST    BBMSInter: status=ok
2026-07-28 06:32:52 CEST    BBMSDppInstant: running...
2026-07-28 06:32:54 CEST    BBMSDppInstant: status=ok
2026-07-28 06:32:54 CEST    BBMSDppStepwise: running...
2026-07-28 06:32:56 CEST    BBMSDppStepwise: status=ok
2026-07-28 06:32:56 CEST    DijkstraPrims: running...
2026-07-28 06:32:57 CEST    DijkstraPrims: status=ok
2026-07-28 06:32:57 CEST  cross-algorithm agreement: ok
2026-07-28 06:32:57 CEST  --- N=3900 ---
2026-07-28 06:32:57 CEST  sample=0
2026-07-28 06:32:57 CEST  runtime/memory pass
2026-07-28 06:32:57 CEST    repeat=0 BBMSCore: running...
2026-07-28 06:33:15 CEST    repeat=0 BBMSCore: status=ok
2026-07-28 06:33:15 CEST    repeat=0 BBMSInter: running...
2026-07-28 06:33:20 CEST    repeat=0 BBMSInter: status=ok
2026-07-28 06:33:20 CEST    repeat=0 BBMSDppInstant: running...
2026-07-28 06:33:26 CEST    repeat=0 BBMSDppInstant: status=ok
2026-07-28 06:33:26 CEST    repeat=0 BBMSDppStepwise: running...
2026-07-28 06:33:32 CEST    repeat=0 BBMSDppStepwise: status=ok
2026-07-28 06:33:32 CEST    repeat=0 DijkstraPrims: running...
2026-07-28 06:33:34 CEST    repeat=0 DijkstraPrims: status=ok
2026-07-28 06:33:34 CEST    repeat=1 BBMSCore: running...
2026-07-28 06:33:52 CEST    repeat=1 BBMSCore: status=ok
2026-07-28 06:33:52 CEST    repeat=1 BBMSInter: running...
2026-07-28 06:33:57 CEST    repeat=1 BBMSInter: status=ok
2026-07-28 06:33:57 CEST    repeat=1 BBMSDppInstant: running...
2026-07-28 06:34:03 CEST    repeat=1 BBMSDppInstant: status=ok
2026-07-28 06:34:03 CEST    repeat=1 BBMSDppStepwise: running...
2026-07-28 06:34:09 CEST    repeat=1 BBMSDppStepwise: status=ok
2026-07-28 06:34:09 CEST    repeat=1 DijkstraPrims: running...
2026-07-28 06:34:12 CEST    repeat=1 DijkstraPrims: status=ok
2026-07-28 06:34:12 CEST    repeat=2 BBMSCore: running...
2026-07-28 06:34:30 CEST    repeat=2 BBMSCore: status=ok
2026-07-28 06:34:30 CEST    repeat=2 BBMSInter: running...
2026-07-28 06:34:35 CEST    repeat=2 BBMSInter: status=ok
2026-07-28 06:34:35 CEST    repeat=2 BBMSDppInstant: running...
2026-07-28 06:34:40 CEST    repeat=2 BBMSDppInstant: status=ok
2026-07-28 06:34:40 CEST    repeat=2 BBMSDppStepwise: running...
2026-07-28 06:34:46 CEST    repeat=2 BBMSDppStepwise: status=ok
2026-07-28 06:34:46 CEST    repeat=2 DijkstraPrims: running...
2026-07-28 06:34:49 CEST    repeat=2 DijkstraPrims: status=ok
2026-07-28 06:34:49 CEST  op-count pass
2026-07-28 06:34:49 CEST    BBMSCore: running...
2026-07-28 06:35:07 CEST    BBMSCore: status=ok
2026-07-28 06:35:07 CEST    BBMSInter: running...
2026-07-28 06:35:12 CEST    BBMSInter: status=ok
2026-07-28 06:35:12 CEST    BBMSDppInstant: running...
2026-07-28 06:35:18 CEST    BBMSDppInstant: status=ok
2026-07-28 06:35:18 CEST    BBMSDppStepwise: running...
2026-07-28 06:35:24 CEST    BBMSDppStepwise: status=ok
2026-07-28 06:35:24 CEST    DijkstraPrims: running...
2026-07-28 06:35:26 CEST    DijkstraPrims: status=ok
2026-07-28 06:35:26 CEST  cross-algorithm agreement: ok
2026-07-28 06:35:26 CEST  sample=1
2026-07-28 06:35:26 CEST  runtime/memory pass
2026-07-28 06:35:26 CEST    repeat=0 BBMSCore: running...
2026-07-28 06:35:43 CEST    repeat=0 BBMSCore: status=ok
2026-07-28 06:35:43 CEST    repeat=0 BBMSInter: running...
2026-07-28 06:35:48 CEST    repeat=0 BBMSInter: status=ok
2026-07-28 06:35:48 CEST    repeat=0 BBMSDppInstant: running...
2026-07-28 06:35:54 CEST    repeat=0 BBMSDppInstant: status=ok
2026-07-28 06:35:54 CEST    repeat=0 BBMSDppStepwise: running...
2026-07-28 06:36:00 CEST    repeat=0 BBMSDppStepwise: status=ok
2026-07-28 06:36:00 CEST    repeat=0 DijkstraPrims: running...
2026-07-28 06:36:04 CEST    repeat=0 DijkstraPrims: status=ok
2026-07-28 06:36:04 CEST    repeat=1 BBMSCore: running...
2026-07-28 06:36:21 CEST    repeat=1 BBMSCore: status=ok
2026-07-28 06:36:21 CEST    repeat=1 BBMSInter: running...
2026-07-28 06:36:26 CEST    repeat=1 BBMSInter: status=ok
2026-07-28 06:36:26 CEST    repeat=1 BBMSDppInstant: running...
2026-07-28 06:36:32 CEST    repeat=1 BBMSDppInstant: status=ok
2026-07-28 06:36:32 CEST    repeat=1 BBMSDppStepwise: running...
2026-07-28 06:36:38 CEST    repeat=1 BBMSDppStepwise: status=ok
2026-07-28 06:36:38 CEST    repeat=1 DijkstraPrims: running...
2026-07-28 06:36:42 CEST    repeat=1 DijkstraPrims: status=ok
2026-07-28 06:36:42 CEST    repeat=2 BBMSCore: running...
2026-07-28 06:36:59 CEST    repeat=2 BBMSCore: status=ok
2026-07-28 06:36:59 CEST    repeat=2 BBMSInter: running...
2026-07-28 06:37:04 CEST    repeat=2 BBMSInter: status=ok
2026-07-28 06:37:04 CEST    repeat=2 BBMSDppInstant: running...
2026-07-28 06:37:10 CEST    repeat=2 BBMSDppInstant: status=ok
2026-07-28 06:37:10 CEST    repeat=2 BBMSDppStepwise: running...
2026-07-28 06:37:15 CEST    repeat=2 BBMSDppStepwise: status=ok
2026-07-28 06:37:15 CEST    repeat=2 DijkstraPrims: running...
2026-07-28 06:37:20 CEST    repeat=2 DijkstraPrims: status=ok
2026-07-28 06:37:20 CEST  op-count pass
2026-07-28 06:37:20 CEST    BBMSCore: running...
2026-07-28 06:37:37 CEST    BBMSCore: status=ok
2026-07-28 06:37:37 CEST    BBMSInter: running...
2026-07-28 06:37:42 CEST    BBMSInter: status=ok
2026-07-28 06:37:42 CEST    BBMSDppInstant: running...
2026-07-28 06:37:48 CEST    BBMSDppInstant: status=ok
2026-07-28 06:37:48 CEST    BBMSDppStepwise: running...
2026-07-28 06:37:54 CEST    BBMSDppStepwise: status=ok
2026-07-28 06:37:54 CEST    DijkstraPrims: running...
2026-07-28 06:37:58 CEST    DijkstraPrims: status=ok
2026-07-28 06:37:58 CEST  cross-algorithm agreement: ok
2026-07-28 06:37:58 CEST  sample=2
2026-07-28 06:37:58 CEST  runtime/memory pass
2026-07-28 06:37:58 CEST    repeat=0 BBMSCore: running...
2026-07-28 06:38:15 CEST    repeat=0 BBMSCore: status=ok
2026-07-28 06:38:15 CEST    repeat=0 BBMSInter: running...
2026-07-28 06:38:21 CEST    repeat=0 BBMSInter: status=ok
2026-07-28 06:38:21 CEST    repeat=0 BBMSDppInstant: running...
2026-07-28 06:38:26 CEST    repeat=0 BBMSDppInstant: status=ok
2026-07-28 06:38:26 CEST    repeat=0 BBMSDppStepwise: running...
2026-07-28 06:38:32 CEST    repeat=0 BBMSDppStepwise: status=ok
2026-07-28 06:38:32 CEST    repeat=0 DijkstraPrims: running...
2026-07-28 06:38:32 CEST    repeat=0 DijkstraPrims: status=ok
2026-07-28 06:38:32 CEST    repeat=1 BBMSCore: running...
2026-07-28 06:38:49 CEST    repeat=1 BBMSCore: status=ok
2026-07-28 06:38:49 CEST    repeat=1 BBMSInter: running...
2026-07-28 06:38:54 CEST    repeat=1 BBMSInter: status=ok
2026-07-28 06:38:54 CEST    repeat=1 BBMSDppInstant: running...
2026-07-28 06:39:00 CEST    repeat=1 BBMSDppInstant: status=ok
2026-07-28 06:39:00 CEST    repeat=1 BBMSDppStepwise: running...
2026-07-28 06:39:06 CEST    repeat=1 BBMSDppStepwise: status=ok
2026-07-28 06:39:06 CEST    repeat=1 DijkstraPrims: running...
2026-07-28 06:39:06 CEST    repeat=1 DijkstraPrims: status=ok
2026-07-28 06:39:06 CEST    repeat=2 BBMSCore: running...
2026-07-28 06:39:23 CEST    repeat=2 BBMSCore: status=ok
2026-07-28 06:39:23 CEST    repeat=2 BBMSInter: running...
2026-07-28 06:39:28 CEST    repeat=2 BBMSInter: status=ok
2026-07-28 06:39:28 CEST    repeat=2 BBMSDppInstant: running...
2026-07-28 06:39:34 CEST    repeat=2 BBMSDppInstant: status=ok
2026-07-28 06:39:34 CEST    repeat=2 BBMSDppStepwise: running...
2026-07-28 06:39:40 CEST    repeat=2 BBMSDppStepwise: status=ok
2026-07-28 06:39:40 CEST    repeat=2 DijkstraPrims: running...
2026-07-28 06:39:40 CEST    repeat=2 DijkstraPrims: status=ok
2026-07-28 06:39:40 CEST  op-count pass
2026-07-28 06:39:40 CEST    BBMSCore: running...
2026-07-28 06:39:57 CEST    BBMSCore: status=ok
2026-07-28 06:39:57 CEST    BBMSInter: running...
2026-07-28 06:40:02 CEST    BBMSInter: status=ok
2026-07-28 06:40:02 CEST    BBMSDppInstant: running...
2026-07-28 06:40:08 CEST    BBMSDppInstant: status=ok
2026-07-28 06:40:08 CEST    BBMSDppStepwise: running...
2026-07-28 06:40:14 CEST    BBMSDppStepwise: status=ok
2026-07-28 06:40:14 CEST    DijkstraPrims: running...
2026-07-28 06:40:14 CEST    DijkstraPrims: status=ok
2026-07-28 06:40:14 CEST  cross-algorithm agreement: ok
2026-07-28 06:40:14 CEST  sample=3
2026-07-28 06:40:14 CEST  runtime/memory pass
2026-07-28 06:40:14 CEST    repeat=0 BBMSCore: running...
2026-07-28 06:40:30 CEST    repeat=0 BBMSCore: status=ok
2026-07-28 06:40:30 CEST    repeat=0 BBMSInter: running...
2026-07-28 06:40:34 CEST    repeat=0 BBMSInter: status=ok
2026-07-28 06:40:34 CEST    repeat=0 BBMSDppInstant: running...
2026-07-28 06:40:40 CEST    repeat=0 BBMSDppInstant: status=ok
2026-07-28 06:40:40 CEST    repeat=0 BBMSDppStepwise: running...
2026-07-28 06:40:45 CEST    repeat=0 BBMSDppStepwise: status=ok
2026-07-28 06:40:45 CEST    repeat=0 DijkstraPrims: running...
2026-07-28 06:40:46 CEST    repeat=0 DijkstraPrims: status=ok
2026-07-28 06:40:46 CEST    repeat=1 BBMSCore: running...
2026-07-28 06:41:02 CEST    repeat=1 BBMSCore: status=ok
2026-07-28 06:41:02 CEST    repeat=1 BBMSInter: running...
2026-07-28 06:41:06 CEST    repeat=1 BBMSInter: status=ok
2026-07-28 06:41:06 CEST    repeat=1 BBMSDppInstant: running...
2026-07-28 06:41:12 CEST    repeat=1 BBMSDppInstant: status=ok
2026-07-28 06:41:12 CEST    repeat=1 BBMSDppStepwise: running...
2026-07-28 06:41:17 CEST    repeat=1 BBMSDppStepwise: status=ok
2026-07-28 06:41:17 CEST    repeat=1 DijkstraPrims: running...
2026-07-28 06:41:18 CEST    repeat=1 DijkstraPrims: status=ok
2026-07-28 06:41:18 CEST    repeat=2 BBMSCore: running...
2026-07-28 06:41:34 CEST    repeat=2 BBMSCore: status=ok
2026-07-28 06:41:34 CEST    repeat=2 BBMSInter: running...
2026-07-28 06:41:38 CEST    repeat=2 BBMSInter: status=ok
2026-07-28 06:41:38 CEST    repeat=2 BBMSDppInstant: running...
2026-07-28 06:41:44 CEST    repeat=2 BBMSDppInstant: status=ok
2026-07-28 06:41:44 CEST    repeat=2 BBMSDppStepwise: running...
2026-07-28 06:41:49 CEST    repeat=2 BBMSDppStepwise: status=ok
2026-07-28 06:41:49 CEST    repeat=2 DijkstraPrims: running...
2026-07-28 06:41:50 CEST    repeat=2 DijkstraPrims: status=ok
2026-07-28 06:41:50 CEST  op-count pass
2026-07-28 06:41:50 CEST    BBMSCore: running...
2026-07-28 06:42:06 CEST    BBMSCore: status=ok
2026-07-28 06:42:06 CEST    BBMSInter: running...
2026-07-28 06:42:10 CEST    BBMSInter: status=ok
2026-07-28 06:42:10 CEST    BBMSDppInstant: running...
2026-07-28 06:42:16 CEST    BBMSDppInstant: status=ok
2026-07-28 06:42:16 CEST    BBMSDppStepwise: running...
2026-07-28 06:42:22 CEST    BBMSDppStepwise: status=ok
2026-07-28 06:42:22 CEST    DijkstraPrims: running...
2026-07-28 06:42:22 CEST    DijkstraPrims: status=ok
2026-07-28 06:42:22 CEST  cross-algorithm agreement: ok
2026-07-28 06:42:22 CEST  sample=4
2026-07-28 06:42:22 CEST  runtime/memory pass
2026-07-28 06:42:22 CEST    repeat=0 BBMSCore: running...
2026-07-28 06:42:39 CEST    repeat=0 BBMSCore: status=ok
2026-07-28 06:42:39 CEST    repeat=0 BBMSInter: running...
2026-07-28 06:42:44 CEST    repeat=0 BBMSInter: status=ok
2026-07-28 06:42:44 CEST    repeat=0 BBMSDppInstant: running...
2026-07-28 06:42:49 CEST    repeat=0 BBMSDppInstant: status=ok
2026-07-28 06:42:49 CEST    repeat=0 BBMSDppStepwise: running...
2026-07-28 06:42:55 CEST    repeat=0 BBMSDppStepwise: status=ok
2026-07-28 06:42:55 CEST    repeat=0 DijkstraPrims: running...
2026-07-28 06:42:57 CEST    repeat=0 DijkstraPrims: status=ok
2026-07-28 06:42:57 CEST    repeat=1 BBMSCore: running...
2026-07-28 06:43:14 CEST    repeat=1 BBMSCore: status=ok
2026-07-28 06:43:14 CEST    repeat=1 BBMSInter: running...
2026-07-28 06:43:18 CEST    repeat=1 BBMSInter: status=ok
2026-07-28 06:43:18 CEST    repeat=1 BBMSDppInstant: running...
2026-07-28 06:43:24 CEST    repeat=1 BBMSDppInstant: status=ok
2026-07-28 06:43:24 CEST    repeat=1 BBMSDppStepwise: running...
2026-07-28 06:43:30 CEST    repeat=1 BBMSDppStepwise: status=ok
2026-07-28 06:43:30 CEST    repeat=1 DijkstraPrims: running...
2026-07-28 06:43:32 CEST    repeat=1 DijkstraPrims: status=ok
2026-07-28 06:43:32 CEST    repeat=2 BBMSCore: running...
2026-07-28 06:43:48 CEST    repeat=2 BBMSCore: status=ok
2026-07-28 06:43:48 CEST    repeat=2 BBMSInter: running...
2026-07-28 06:43:53 CEST    repeat=2 BBMSInter: status=ok
2026-07-28 06:43:53 CEST    repeat=2 BBMSDppInstant: running...
2026-07-28 06:43:58 CEST    repeat=2 BBMSDppInstant: status=ok
2026-07-28 06:43:58 CEST    repeat=2 BBMSDppStepwise: running...
2026-07-28 06:44:04 CEST    repeat=2 BBMSDppStepwise: status=ok
2026-07-28 06:44:04 CEST    repeat=2 DijkstraPrims: running...
2026-07-28 06:44:06 CEST    repeat=2 DijkstraPrims: status=ok
2026-07-28 06:44:06 CEST  op-count pass
2026-07-28 06:44:06 CEST    BBMSCore: running...
2026-07-28 06:44:23 CEST    BBMSCore: status=ok
2026-07-28 06:44:23 CEST    BBMSInter: running...
2026-07-28 06:44:27 CEST    BBMSInter: status=ok
2026-07-28 06:44:27 CEST    BBMSDppInstant: running...
2026-07-28 06:44:33 CEST    BBMSDppInstant: status=ok
2026-07-28 06:44:33 CEST    BBMSDppStepwise: running...
2026-07-28 06:44:39 CEST    BBMSDppStepwise: status=ok
2026-07-28 06:44:39 CEST    DijkstraPrims: running...
2026-07-28 06:44:41 CEST    DijkstraPrims: status=ok
2026-07-28 06:44:41 CEST  cross-algorithm agreement: ok
2026-07-28 06:44:41 CEST  sample=5
2026-07-28 06:44:41 CEST  runtime/memory pass
2026-07-28 06:44:41 CEST    repeat=0 BBMSCore: running...
2026-07-28 06:44:58 CEST    repeat=0 BBMSCore: status=ok
2026-07-28 06:44:58 CEST    repeat=0 BBMSInter: running...
2026-07-28 06:45:03 CEST    repeat=0 BBMSInter: status=ok
2026-07-28 06:45:03 CEST    repeat=0 BBMSDppInstant: running...
2026-07-28 06:45:08 CEST    repeat=0 BBMSDppInstant: status=ok
2026-07-28 06:45:08 CEST    repeat=0 BBMSDppStepwise: running...
2026-07-28 06:45:14 CEST    repeat=0 BBMSDppStepwise: status=ok
2026-07-28 06:45:14 CEST    repeat=0 DijkstraPrims: running...
2026-07-28 06:45:15 CEST    repeat=0 DijkstraPrims: status=ok
2026-07-28 06:45:15 CEST    repeat=1 BBMSCore: running...
2026-07-28 06:45:32 CEST    repeat=1 BBMSCore: status=ok
2026-07-28 06:45:32 CEST    repeat=1 BBMSInter: running...
2026-07-28 06:45:37 CEST    repeat=1 BBMSInter: status=ok
2026-07-28 06:45:37 CEST    repeat=1 BBMSDppInstant: running...
2026-07-28 06:45:42 CEST    repeat=1 BBMSDppInstant: status=ok
2026-07-28 06:45:42 CEST    repeat=1 BBMSDppStepwise: running...
2026-07-28 06:45:48 CEST    repeat=1 BBMSDppStepwise: status=ok
2026-07-28 06:45:48 CEST    repeat=1 DijkstraPrims: running...
2026-07-28 06:45:49 CEST    repeat=1 DijkstraPrims: status=ok
2026-07-28 06:45:49 CEST    repeat=2 BBMSCore: running...
2026-07-28 06:46:06 CEST    repeat=2 BBMSCore: status=ok
2026-07-28 06:46:06 CEST    repeat=2 BBMSInter: running...
2026-07-28 06:46:11 CEST    repeat=2 BBMSInter: status=ok
2026-07-28 06:46:11 CEST    repeat=2 BBMSDppInstant: running...
2026-07-28 06:46:17 CEST    repeat=2 BBMSDppInstant: status=ok
2026-07-28 06:46:17 CEST    repeat=2 BBMSDppStepwise: running...
2026-07-28 06:46:22 CEST    repeat=2 BBMSDppStepwise: status=ok
2026-07-28 06:46:22 CEST    repeat=2 DijkstraPrims: running...
2026-07-28 06:46:23 CEST    repeat=2 DijkstraPrims: status=ok
2026-07-28 06:46:23 CEST  op-count pass
2026-07-28 06:46:23 CEST    BBMSCore: running...
2026-07-28 06:46:41 CEST    BBMSCore: status=ok
2026-07-28 06:46:41 CEST    BBMSInter: running...
2026-07-28 06:46:45 CEST    BBMSInter: status=ok
2026-07-28 06:46:45 CEST    BBMSDppInstant: running...
2026-07-28 06:46:51 CEST    BBMSDppInstant: status=ok
2026-07-28 06:46:51 CEST    BBMSDppStepwise: running...
2026-07-28 06:46:57 CEST    BBMSDppStepwise: status=ok
2026-07-28 06:46:57 CEST    DijkstraPrims: running...
2026-07-28 06:46:58 CEST    DijkstraPrims: status=ok
2026-07-28 06:46:58 CEST  cross-algorithm agreement: ok
2026-07-28 06:46:58 CEST  sample=6
2026-07-28 06:46:58 CEST  runtime/memory pass
2026-07-28 06:46:58 CEST    repeat=0 BBMSCore: running...
2026-07-28 06:47:15 CEST    repeat=0 BBMSCore: status=ok
2026-07-28 06:47:15 CEST    repeat=0 BBMSInter: running...
2026-07-28 06:47:19 CEST    repeat=0 BBMSInter: status=ok
2026-07-28 06:47:19 CEST    repeat=0 BBMSDppInstant: running...
2026-07-28 06:47:24 CEST    repeat=0 BBMSDppInstant: status=ok
2026-07-28 06:47:24 CEST    repeat=0 BBMSDppStepwise: running...
2026-07-28 06:47:30 CEST    repeat=0 BBMSDppStepwise: status=ok
2026-07-28 06:47:30 CEST    repeat=0 DijkstraPrims: running...
2026-07-28 06:47:31 CEST    repeat=0 DijkstraPrims: status=ok
2026-07-28 06:47:31 CEST    repeat=1 BBMSCore: running...
2026-07-28 06:47:47 CEST    repeat=1 BBMSCore: status=ok
2026-07-28 06:47:47 CEST    repeat=1 BBMSInter: running...
2026-07-28 06:47:51 CEST    repeat=1 BBMSInter: status=ok
2026-07-28 06:47:51 CEST    repeat=1 BBMSDppInstant: running...
2026-07-28 06:47:57 CEST    repeat=1 BBMSDppInstant: status=ok
2026-07-28 06:47:57 CEST    repeat=1 BBMSDppStepwise: running...
2026-07-28 06:48:03 CEST    repeat=1 BBMSDppStepwise: status=ok
2026-07-28 06:48:03 CEST    repeat=1 DijkstraPrims: running...
2026-07-28 06:48:03 CEST    repeat=1 DijkstraPrims: status=ok
2026-07-28 06:48:03 CEST    repeat=2 BBMSCore: running...
2026-07-28 06:48:20 CEST    repeat=2 BBMSCore: status=ok
2026-07-28 06:48:20 CEST    repeat=2 BBMSInter: running...
2026-07-28 06:48:24 CEST    repeat=2 BBMSInter: status=ok
2026-07-28 06:48:24 CEST    repeat=2 BBMSDppInstant: running...
2026-07-28 06:48:29 CEST    repeat=2 BBMSDppInstant: status=ok
2026-07-28 06:48:29 CEST    repeat=2 BBMSDppStepwise: running...
2026-07-28 06:48:35 CEST    repeat=2 BBMSDppStepwise: status=ok
2026-07-28 06:48:35 CEST    repeat=2 DijkstraPrims: running...
2026-07-28 06:48:36 CEST    repeat=2 DijkstraPrims: status=ok
2026-07-28 06:48:36 CEST  op-count pass
2026-07-28 06:48:36 CEST    BBMSCore: running...
2026-07-28 06:48:53 CEST    BBMSCore: status=ok
2026-07-28 06:48:53 CEST    BBMSInter: running...
2026-07-28 06:48:57 CEST    BBMSInter: status=ok
2026-07-28 06:48:57 CEST    BBMSDppInstant: running...
2026-07-28 06:49:02 CEST    BBMSDppInstant: status=ok
2026-07-28 06:49:02 CEST    BBMSDppStepwise: running...
2026-07-28 06:49:08 CEST    BBMSDppStepwise: status=ok
2026-07-28 06:49:08 CEST    DijkstraPrims: running...
2026-07-28 06:49:09 CEST    DijkstraPrims: status=ok
2026-07-28 06:49:09 CEST  cross-algorithm agreement: ok
2026-07-28 06:49:09 CEST  sample=7
2026-07-28 06:49:09 CEST  runtime/memory pass
2026-07-28 06:49:09 CEST    repeat=0 BBMSCore: running...
2026-07-28 06:49:26 CEST    repeat=0 BBMSCore: status=ok
2026-07-28 06:49:26 CEST    repeat=0 BBMSInter: running...
2026-07-28 06:49:30 CEST    repeat=0 BBMSInter: status=ok
2026-07-28 06:49:30 CEST    repeat=0 BBMSDppInstant: running...
2026-07-28 06:49:36 CEST    repeat=0 BBMSDppInstant: status=ok
2026-07-28 06:49:36 CEST    repeat=0 BBMSDppStepwise: running...
2026-07-28 06:49:41 CEST    repeat=0 BBMSDppStepwise: status=ok
2026-07-28 06:49:41 CEST    repeat=0 DijkstraPrims: running...
2026-07-28 06:49:48 CEST    repeat=0 DijkstraPrims: status=ok
2026-07-28 06:49:48 CEST    repeat=1 BBMSCore: running...
2026-07-28 06:50:05 CEST    repeat=1 BBMSCore: status=ok
2026-07-28 06:50:05 CEST    repeat=1 BBMSInter: running...
2026-07-28 06:50:09 CEST    repeat=1 BBMSInter: status=ok
2026-07-28 06:50:09 CEST    repeat=1 BBMSDppInstant: running...
2026-07-28 06:50:15 CEST    repeat=1 BBMSDppInstant: status=ok
2026-07-28 06:50:15 CEST    repeat=1 BBMSDppStepwise: running...
2026-07-28 06:50:20 CEST    repeat=1 BBMSDppStepwise: status=ok
2026-07-28 06:50:20 CEST    repeat=1 DijkstraPrims: running...
2026-07-28 06:50:27 CEST    repeat=1 DijkstraPrims: status=ok
2026-07-28 06:50:27 CEST    repeat=2 BBMSCore: running...
2026-07-28 06:50:44 CEST    repeat=2 BBMSCore: status=ok
2026-07-28 06:50:44 CEST    repeat=2 BBMSInter: running...
2026-07-28 06:50:48 CEST    repeat=2 BBMSInter: status=ok
2026-07-28 06:50:48 CEST    repeat=2 BBMSDppInstant: running...
2026-07-28 06:50:54 CEST    repeat=2 BBMSDppInstant: status=ok
2026-07-28 06:50:54 CEST    repeat=2 BBMSDppStepwise: running...
2026-07-28 06:50:59 CEST    repeat=2 BBMSDppStepwise: status=ok
2026-07-28 06:50:59 CEST    repeat=2 DijkstraPrims: running...
2026-07-28 06:51:05 CEST    repeat=2 DijkstraPrims: status=ok
2026-07-28 06:51:05 CEST  op-count pass
2026-07-28 06:51:05 CEST    BBMSCore: running...
2026-07-28 06:51:23 CEST    BBMSCore: status=ok
2026-07-28 06:51:23 CEST    BBMSInter: running...
2026-07-28 06:51:27 CEST    BBMSInter: status=ok
2026-07-28 06:51:27 CEST    BBMSDppInstant: running...
2026-07-28 06:51:33 CEST    BBMSDppInstant: status=ok
2026-07-28 06:51:33 CEST    BBMSDppStepwise: running...
2026-07-28 06:51:38 CEST    BBMSDppStepwise: status=ok
2026-07-28 06:51:38 CEST    DijkstraPrims: running...
2026-07-28 06:51:45 CEST    DijkstraPrims: status=ok
2026-07-28 06:51:45 CEST  cross-algorithm agreement: ok
2026-07-28 06:51:45 CEST  sample=8
2026-07-28 06:51:45 CEST  runtime/memory pass
2026-07-28 06:51:45 CEST    repeat=0 BBMSCore: running...
2026-07-28 06:52:02 CEST    repeat=0 BBMSCore: status=ok
2026-07-28 06:52:02 CEST    repeat=0 BBMSInter: running...
2026-07-28 06:52:06 CEST    repeat=0 BBMSInter: status=ok
2026-07-28 06:52:06 CEST    repeat=0 BBMSDppInstant: running...
2026-07-28 06:52:12 CEST    repeat=0 BBMSDppInstant: status=ok
2026-07-28 06:52:12 CEST    repeat=0 BBMSDppStepwise: running...
2026-07-28 06:52:18 CEST    repeat=0 BBMSDppStepwise: status=ok
2026-07-28 06:52:18 CEST    repeat=0 DijkstraPrims: running...
2026-07-28 06:52:22 CEST    repeat=0 DijkstraPrims: status=ok
2026-07-28 06:52:22 CEST    repeat=1 BBMSCore: running...
2026-07-28 06:52:39 CEST    repeat=1 BBMSCore: status=ok
2026-07-28 06:52:39 CEST    repeat=1 BBMSInter: running...
2026-07-28 06:52:44 CEST    repeat=1 BBMSInter: status=ok
2026-07-28 06:52:44 CEST    repeat=1 BBMSDppInstant: running...
2026-07-28 06:52:49 CEST    repeat=1 BBMSDppInstant: status=ok
2026-07-28 06:52:49 CEST    repeat=1 BBMSDppStepwise: running...
2026-07-28 06:52:55 CEST    repeat=1 BBMSDppStepwise: status=ok
2026-07-28 06:52:55 CEST    repeat=1 DijkstraPrims: running...
2026-07-28 06:53:00 CEST    repeat=1 DijkstraPrims: status=ok
2026-07-28 06:53:00 CEST    repeat=2 BBMSCore: running...
2026-07-28 06:53:17 CEST    repeat=2 BBMSCore: status=ok
2026-07-28 06:53:17 CEST    repeat=2 BBMSInter: running...
2026-07-28 06:53:21 CEST    repeat=2 BBMSInter: status=ok
2026-07-28 06:53:21 CEST    repeat=2 BBMSDppInstant: running...
2026-07-28 06:53:27 CEST    repeat=2 BBMSDppInstant: status=ok
2026-07-28 06:53:27 CEST    repeat=2 BBMSDppStepwise: running...
2026-07-28 06:53:33 CEST    repeat=2 BBMSDppStepwise: status=ok
2026-07-28 06:53:33 CEST    repeat=2 DijkstraPrims: running...
2026-07-28 06:53:37 CEST    repeat=2 DijkstraPrims: status=ok
2026-07-28 06:53:37 CEST  op-count pass
2026-07-28 06:53:37 CEST    BBMSCore: running...
2026-07-28 06:53:54 CEST    BBMSCore: status=ok
2026-07-28 06:53:54 CEST    BBMSInter: running...
2026-07-28 06:53:59 CEST    BBMSInter: status=ok
2026-07-28 06:53:59 CEST    BBMSDppInstant: running...
2026-07-28 06:54:05 CEST    BBMSDppInstant: status=ok
2026-07-28 06:54:05 CEST    BBMSDppStepwise: running...
2026-07-28 06:54:10 CEST    BBMSDppStepwise: status=ok
2026-07-28 06:54:10 CEST    DijkstraPrims: running...
2026-07-28 06:54:15 CEST    DijkstraPrims: status=ok
2026-07-28 06:54:15 CEST  cross-algorithm agreement: ok
2026-07-28 06:54:15 CEST  sample=9
2026-07-28 06:54:15 CEST  runtime/memory pass
2026-07-28 06:54:15 CEST    repeat=0 BBMSCore: running...
2026-07-28 06:54:31 CEST    repeat=0 BBMSCore: status=ok
2026-07-28 06:54:31 CEST    repeat=0 BBMSInter: running...
2026-07-28 06:54:35 CEST    repeat=0 BBMSInter: status=ok
2026-07-28 06:54:35 CEST    repeat=0 BBMSDppInstant: running...
2026-07-28 06:54:40 CEST    repeat=0 BBMSDppInstant: status=ok
2026-07-28 06:54:40 CEST    repeat=0 BBMSDppStepwise: running...
2026-07-28 06:54:46 CEST    repeat=0 BBMSDppStepwise: status=ok
2026-07-28 06:54:46 CEST    repeat=0 DijkstraPrims: running...
2026-07-28 06:54:46 CEST    repeat=0 DijkstraPrims: status=ok
2026-07-28 06:54:46 CEST    repeat=1 BBMSCore: running...
2026-07-28 06:55:02 CEST    repeat=1 BBMSCore: status=ok
2026-07-28 06:55:02 CEST    repeat=1 BBMSInter: running...
2026-07-28 06:55:06 CEST    repeat=1 BBMSInter: status=ok
2026-07-28 06:55:06 CEST    repeat=1 BBMSDppInstant: running...
2026-07-28 06:55:12 CEST    repeat=1 BBMSDppInstant: status=ok
2026-07-28 06:55:12 CEST    repeat=1 BBMSDppStepwise: running...
2026-07-28 06:55:17 CEST    repeat=1 BBMSDppStepwise: status=ok
2026-07-28 06:55:17 CEST    repeat=1 DijkstraPrims: running...
2026-07-28 06:55:18 CEST    repeat=1 DijkstraPrims: status=ok
2026-07-28 06:55:18 CEST    repeat=2 BBMSCore: running...
2026-07-28 06:55:33 CEST    repeat=2 BBMSCore: status=ok
2026-07-28 06:55:33 CEST    repeat=2 BBMSInter: running...
2026-07-28 06:55:37 CEST    repeat=2 BBMSInter: status=ok
2026-07-28 06:55:37 CEST    repeat=2 BBMSDppInstant: running...
2026-07-28 06:55:43 CEST    repeat=2 BBMSDppInstant: status=ok
2026-07-28 06:55:43 CEST    repeat=2 BBMSDppStepwise: running...
2026-07-28 06:55:49 CEST    repeat=2 BBMSDppStepwise: status=ok
2026-07-28 06:55:49 CEST    repeat=2 DijkstraPrims: running...
2026-07-28 06:55:49 CEST    repeat=2 DijkstraPrims: status=ok
2026-07-28 06:55:49 CEST  op-count pass
2026-07-28 06:55:49 CEST    BBMSCore: running...
2026-07-28 06:56:04 CEST    BBMSCore: status=ok
2026-07-28 06:56:04 CEST    BBMSInter: running...
2026-07-28 06:56:09 CEST    BBMSInter: status=ok
2026-07-28 06:56:09 CEST    BBMSDppInstant: running...
2026-07-28 06:56:14 CEST    BBMSDppInstant: status=ok
2026-07-28 06:56:14 CEST    BBMSDppStepwise: running...
2026-07-28 06:56:20 CEST    BBMSDppStepwise: status=ok
2026-07-28 06:56:20 CEST    DijkstraPrims: running...
2026-07-28 06:56:20 CEST    DijkstraPrims: status=ok
2026-07-28 06:56:20 CEST  cross-algorithm agreement: ok
2026-07-28 06:56:20 CEST  --- N=6500 ---
2026-07-28 06:56:20 CEST  sample=0
2026-07-28 06:56:20 CEST  runtime/memory pass
2026-07-28 06:56:20 CEST    repeat=0 BBMSCore: running...
2026-07-28 06:57:29 CEST    repeat=0 BBMSCore: status=ok
2026-07-28 06:57:29 CEST    repeat=0 BBMSInter: running...
2026-07-28 06:57:43 CEST    repeat=0 BBMSInter: status=ok
2026-07-28 06:57:43 CEST    repeat=0 BBMSDppInstant: running...
2026-07-28 06:58:01 CEST    repeat=0 BBMSDppInstant: status=ok
2026-07-28 06:58:01 CEST    repeat=0 BBMSDppStepwise: running...
2026-07-28 06:58:17 CEST    repeat=0 BBMSDppStepwise: status=ok
2026-07-28 06:58:17 CEST    repeat=0 DijkstraPrims: running...
2026-07-28 06:58:32 CEST    repeat=0 DijkstraPrims: status=ok
2026-07-28 06:58:32 CEST    repeat=1 BBMSCore: running...
2026-07-28 06:59:40 CEST    repeat=1 BBMSCore: status=ok
2026-07-28 06:59:40 CEST    repeat=1 BBMSInter: running...
2026-07-28 06:59:53 CEST    repeat=1 BBMSInter: status=ok
2026-07-28 06:59:53 CEST    repeat=1 BBMSDppInstant: running...
2026-07-28 07:00:11 CEST    repeat=1 BBMSDppInstant: status=ok
2026-07-28 07:00:11 CEST    repeat=1 BBMSDppStepwise: running...
2026-07-28 07:00:28 CEST    repeat=1 BBMSDppStepwise: status=ok
2026-07-28 07:00:28 CEST    repeat=1 DijkstraPrims: running...
2026-07-28 07:00:43 CEST    repeat=1 DijkstraPrims: status=ok
2026-07-28 07:00:43 CEST    repeat=2 BBMSCore: running...
2026-07-28 07:01:50 CEST    repeat=2 BBMSCore: status=ok
2026-07-28 07:01:50 CEST    repeat=2 BBMSInter: running...
2026-07-28 07:02:04 CEST    repeat=2 BBMSInter: status=ok
2026-07-28 07:02:04 CEST    repeat=2 BBMSDppInstant: running...
2026-07-28 07:02:22 CEST    repeat=2 BBMSDppInstant: status=ok
2026-07-28 07:02:22 CEST    repeat=2 BBMSDppStepwise: running...
2026-07-28 07:02:39 CEST    repeat=2 BBMSDppStepwise: status=ok
2026-07-28 07:02:39 CEST    repeat=2 DijkstraPrims: running...
2026-07-28 07:02:53 CEST    repeat=2 DijkstraPrims: status=ok
2026-07-28 07:02:53 CEST  op-count pass
2026-07-28 07:02:53 CEST    BBMSCore: running...
2026-07-28 07:04:01 CEST    BBMSCore: status=ok
2026-07-28 07:04:01 CEST    BBMSInter: running...
2026-07-28 07:04:15 CEST    BBMSInter: status=ok
2026-07-28 07:04:15 CEST    BBMSDppInstant: running...
2026-07-28 07:04:33 CEST    BBMSDppInstant: status=ok
2026-07-28 07:04:33 CEST    BBMSDppStepwise: running...
2026-07-28 07:04:50 CEST    BBMSDppStepwise: status=ok
2026-07-28 07:04:50 CEST    DijkstraPrims: running...
2026-07-28 07:05:04 CEST    DijkstraPrims: status=ok
2026-07-28 07:05:04 CEST  cross-algorithm agreement: ok
2026-07-28 07:05:04 CEST  sample=1
2026-07-28 07:05:04 CEST  runtime/memory pass
2026-07-28 07:05:04 CEST    repeat=0 BBMSCore: running...
2026-07-28 07:06:18 CEST    repeat=0 BBMSCore: status=ok
2026-07-28 07:06:18 CEST    repeat=0 BBMSInter: running...
2026-07-28 07:06:33 CEST    repeat=0 BBMSInter: status=ok
2026-07-28 07:06:33 CEST    repeat=0 BBMSDppInstant: running...
2026-07-28 07:06:51 CEST    repeat=0 BBMSDppInstant: status=ok
2026-07-28 07:06:51 CEST    repeat=0 BBMSDppStepwise: running...
2026-07-28 07:07:08 CEST    repeat=0 BBMSDppStepwise: status=ok
2026-07-28 07:07:08 CEST    repeat=0 DijkstraPrims: running...
2026-07-28 07:07:10 CEST    repeat=0 DijkstraPrims: status=ok
2026-07-28 07:07:10 CEST    repeat=1 BBMSCore: running...
2026-07-28 07:08:24 CEST    repeat=1 BBMSCore: status=ok
2026-07-28 07:08:24 CEST    repeat=1 BBMSInter: running...
2026-07-28 07:08:38 CEST    repeat=1 BBMSInter: status=ok
2026-07-28 07:08:38 CEST    repeat=1 BBMSDppInstant: running...
2026-07-28 07:08:56 CEST    repeat=1 BBMSDppInstant: status=ok
2026-07-28 07:08:56 CEST    repeat=1 BBMSDppStepwise: running...
2026-07-28 07:09:13 CEST    repeat=1 BBMSDppStepwise: status=ok
2026-07-28 07:09:13 CEST    repeat=1 DijkstraPrims: running...
2026-07-28 07:09:15 CEST    repeat=1 DijkstraPrims: status=ok
2026-07-28 07:09:15 CEST    repeat=2 BBMSCore: running...
2026-07-28 07:10:29 CEST    repeat=2 BBMSCore: status=ok
2026-07-28 07:10:29 CEST    repeat=2 BBMSInter: running...
2026-07-28 07:10:43 CEST    repeat=2 BBMSInter: status=ok
2026-07-28 07:10:43 CEST    repeat=2 BBMSDppInstant: running...
2026-07-28 07:11:01 CEST    repeat=2 BBMSDppInstant: status=ok
2026-07-28 07:11:01 CEST    repeat=2 BBMSDppStepwise: running...
2026-07-28 07:11:18 CEST    repeat=2 BBMSDppStepwise: status=ok
2026-07-28 07:11:18 CEST    repeat=2 DijkstraPrims: running...
2026-07-28 07:11:20 CEST    repeat=2 DijkstraPrims: status=ok
2026-07-28 07:11:20 CEST  op-count pass
2026-07-28 07:11:20 CEST    BBMSCore: running...
2026-07-28 07:12:34 CEST    BBMSCore: status=ok
2026-07-28 07:12:34 CEST    BBMSInter: running...
2026-07-28 07:12:49 CEST    BBMSInter: status=ok
2026-07-28 07:12:49 CEST    BBMSDppInstant: running...
2026-07-28 07:13:07 CEST    BBMSDppInstant: status=ok
2026-07-28 07:13:07 CEST    BBMSDppStepwise: running...
2026-07-28 07:13:24 CEST    BBMSDppStepwise: status=ok
2026-07-28 07:13:24 CEST    DijkstraPrims: running...
2026-07-28 07:13:26 CEST    DijkstraPrims: status=ok
2026-07-28 07:13:26 CEST  cross-algorithm agreement: ok
2026-07-28 07:13:26 CEST  sample=2
2026-07-28 07:13:26 CEST  runtime/memory pass
2026-07-28 07:13:26 CEST    repeat=0 BBMSCore: running...
2026-07-28 07:14:31 CEST    repeat=0 BBMSCore: status=ok
2026-07-28 07:14:31 CEST    repeat=0 BBMSInter: running...
2026-07-28 07:14:46 CEST    repeat=0 BBMSInter: status=ok
2026-07-28 07:14:46 CEST    repeat=0 BBMSDppInstant: running...
2026-07-28 07:15:04 CEST    repeat=0 BBMSDppInstant: status=ok
2026-07-28 07:15:04 CEST    repeat=0 BBMSDppStepwise: running...
2026-07-28 07:15:21 CEST    repeat=0 BBMSDppStepwise: status=ok
2026-07-28 07:15:21 CEST    repeat=0 DijkstraPrims: running...
2026-07-28 07:15:24 CEST    repeat=0 DijkstraPrims: status=ok
2026-07-28 07:15:24 CEST    repeat=1 BBMSCore: running...
2026-07-28 07:16:30 CEST    repeat=1 BBMSCore: status=ok
2026-07-28 07:16:30 CEST    repeat=1 BBMSInter: running...
2026-07-28 07:16:45 CEST    repeat=1 BBMSInter: status=ok
2026-07-28 07:16:45 CEST    repeat=1 BBMSDppInstant: running...
2026-07-28 07:17:03 CEST    repeat=1 BBMSDppInstant: status=ok
2026-07-28 07:17:03 CEST    repeat=1 BBMSDppStepwise: running...
2026-07-28 07:17:20 CEST    repeat=1 BBMSDppStepwise: status=ok
2026-07-28 07:17:20 CEST    repeat=1 DijkstraPrims: running...
2026-07-28 07:17:24 CEST    repeat=1 DijkstraPrims: status=ok
2026-07-28 07:17:24 CEST    repeat=2 BBMSCore: running...
2026-07-28 07:18:32 CEST    repeat=2 BBMSCore: status=ok
2026-07-28 07:18:32 CEST    repeat=2 BBMSInter: running...
2026-07-28 07:18:47 CEST    repeat=2 BBMSInter: status=ok
2026-07-28 07:18:47 CEST    repeat=2 BBMSDppInstant: running...
2026-07-28 07:19:05 CEST    repeat=2 BBMSDppInstant: status=ok
2026-07-28 07:19:05 CEST    repeat=2 BBMSDppStepwise: running...
2026-07-28 07:19:22 CEST    repeat=2 BBMSDppStepwise: status=ok
2026-07-28 07:19:22 CEST    repeat=2 DijkstraPrims: running...
2026-07-28 07:19:26 CEST    repeat=2 DijkstraPrims: status=ok
2026-07-28 07:19:26 CEST  op-count pass
2026-07-28 07:19:26 CEST    BBMSCore: running...
2026-07-28 07:20:34 CEST    BBMSCore: status=ok
2026-07-28 07:20:34 CEST    BBMSInter: running...
2026-07-28 07:20:50 CEST    BBMSInter: status=ok
2026-07-28 07:20:50 CEST    BBMSDppInstant: running...
2026-07-28 07:21:08 CEST    BBMSDppInstant: status=ok
2026-07-28 07:21:08 CEST    BBMSDppStepwise: running...
2026-07-28 07:21:26 CEST    BBMSDppStepwise: status=ok
2026-07-28 07:21:26 CEST    DijkstraPrims: running...
2026-07-28 07:21:29 CEST    DijkstraPrims: status=ok
2026-07-28 07:21:29 CEST  cross-algorithm agreement: ok
2026-07-28 07:21:29 CEST  sample=3
2026-07-28 07:21:29 CEST  runtime/memory pass
2026-07-28 07:21:29 CEST    repeat=0 BBMSCore: running...
2026-07-28 07:22:50 CEST    repeat=0 BBMSCore: status=ok
2026-07-28 07:22:50 CEST    repeat=0 BBMSInter: running...
2026-07-28 07:23:05 CEST    repeat=0 BBMSInter: status=ok
2026-07-28 07:23:05 CEST    repeat=0 BBMSDppInstant: running...
2026-07-28 07:23:23 CEST    repeat=0 BBMSDppInstant: status=ok
2026-07-28 07:23:23 CEST    repeat=0 BBMSDppStepwise: running...
2026-07-28 07:23:41 CEST    repeat=0 BBMSDppStepwise: status=ok
2026-07-28 07:23:41 CEST    repeat=0 DijkstraPrims: running...
2026-07-28 07:23:59 CEST    repeat=0 DijkstraPrims: status=ok
2026-07-28 07:23:59 CEST    repeat=1 BBMSCore: running...
2026-07-28 07:25:17 CEST    repeat=1 BBMSCore: status=ok
2026-07-28 07:25:17 CEST    repeat=1 BBMSInter: running...
2026-07-28 07:25:32 CEST    repeat=1 BBMSInter: status=ok
2026-07-28 07:25:32 CEST    repeat=1 BBMSDppInstant: running...
2026-07-28 07:25:51 CEST    repeat=1 BBMSDppInstant: status=ok
2026-07-28 07:25:51 CEST    repeat=1 BBMSDppStepwise: running...
2026-07-28 07:26:08 CEST    repeat=1 BBMSDppStepwise: status=ok
2026-07-28 07:26:08 CEST    repeat=1 DijkstraPrims: running...
2026-07-28 07:26:26 CEST    repeat=1 DijkstraPrims: status=ok
2026-07-28 07:26:26 CEST    repeat=2 BBMSCore: running...
2026-07-28 07:27:44 CEST    repeat=2 BBMSCore: status=ok
2026-07-28 07:27:44 CEST    repeat=2 BBMSInter: running...
2026-07-28 07:27:59 CEST    repeat=2 BBMSInter: status=ok
2026-07-28 07:27:59 CEST    repeat=2 BBMSDppInstant: running...
2026-07-28 07:28:18 CEST    repeat=2 BBMSDppInstant: status=ok
2026-07-28 07:28:18 CEST    repeat=2 BBMSDppStepwise: running...
2026-07-28 07:28:35 CEST    repeat=2 BBMSDppStepwise: status=ok
2026-07-28 07:28:35 CEST    repeat=2 DijkstraPrims: running...
2026-07-28 07:28:54 CEST    repeat=2 DijkstraPrims: status=ok
2026-07-28 07:28:54 CEST  op-count pass
2026-07-28 07:28:54 CEST    BBMSCore: running...
2026-07-28 07:30:12 CEST    BBMSCore: status=ok
2026-07-28 07:30:12 CEST    BBMSInter: running...
2026-07-28 07:30:27 CEST    BBMSInter: status=ok
2026-07-28 07:30:27 CEST    BBMSDppInstant: running...
2026-07-28 07:30:46 CEST    BBMSDppInstant: status=ok
2026-07-28 07:30:46 CEST    BBMSDppStepwise: running...
2026-07-28 07:31:03 CEST    BBMSDppStepwise: status=ok
2026-07-28 07:31:03 CEST    DijkstraPrims: running...
2026-07-28 07:31:22 CEST    DijkstraPrims: status=ok
2026-07-28 07:31:22 CEST  cross-algorithm agreement: ok
2026-07-28 07:31:22 CEST  sample=4
2026-07-28 07:31:22 CEST  runtime/memory pass
2026-07-28 07:31:22 CEST    repeat=0 BBMSCore: running...
2026-07-28 07:32:29 CEST    repeat=0 BBMSCore: status=ok
2026-07-28 07:32:29 CEST    repeat=0 BBMSInter: running...
2026-07-28 07:32:44 CEST    repeat=0 BBMSInter: status=ok
2026-07-28 07:32:44 CEST    repeat=0 BBMSDppInstant: running...
2026-07-28 07:33:02 CEST    repeat=0 BBMSDppInstant: status=ok
2026-07-28 07:33:02 CEST    repeat=0 BBMSDppStepwise: running...
2026-07-28 07:33:19 CEST    repeat=0 BBMSDppStepwise: status=ok
2026-07-28 07:33:19 CEST    repeat=0 DijkstraPrims: running...
2026-07-28 07:33:22 CEST    repeat=0 DijkstraPrims: status=ok
2026-07-28 07:33:22 CEST    repeat=1 BBMSCore: running...
2026-07-28 07:34:30 CEST    repeat=1 BBMSCore: status=ok
2026-07-28 07:34:30 CEST    repeat=1 BBMSInter: running...
2026-07-28 07:34:44 CEST    repeat=1 BBMSInter: status=ok
2026-07-28 07:34:44 CEST    repeat=1 BBMSDppInstant: running...
2026-07-28 07:35:03 CEST    repeat=1 BBMSDppInstant: status=ok
2026-07-28 07:35:03 CEST    repeat=1 BBMSDppStepwise: running...
2026-07-28 07:35:20 CEST    repeat=1 BBMSDppStepwise: status=ok
2026-07-28 07:35:20 CEST    repeat=1 DijkstraPrims: running...
2026-07-28 07:35:23 CEST    repeat=1 DijkstraPrims: status=ok
2026-07-28 07:35:23 CEST    repeat=2 BBMSCore: running...
2026-07-28 07:36:30 CEST    repeat=2 BBMSCore: status=ok
2026-07-28 07:36:30 CEST    repeat=2 BBMSInter: running...
2026-07-28 07:36:45 CEST    repeat=2 BBMSInter: status=ok
2026-07-28 07:36:45 CEST    repeat=2 BBMSDppInstant: running...
2026-07-28 07:37:03 CEST    repeat=2 BBMSDppInstant: status=ok
2026-07-28 07:37:03 CEST    repeat=2 BBMSDppStepwise: running...
2026-07-28 07:37:20 CEST    repeat=2 BBMSDppStepwise: status=ok
2026-07-28 07:37:20 CEST    repeat=2 DijkstraPrims: running...
2026-07-28 07:37:24 CEST    repeat=2 DijkstraPrims: status=ok
2026-07-28 07:37:24 CEST  op-count pass
2026-07-28 07:37:24 CEST    BBMSCore: running...
2026-07-28 07:38:32 CEST    BBMSCore: status=ok
2026-07-28 07:38:32 CEST    BBMSInter: running...
2026-07-28 07:38:47 CEST    BBMSInter: status=ok
2026-07-28 07:38:47 CEST    BBMSDppInstant: running...
2026-07-28 07:39:06 CEST    BBMSDppInstant: status=ok
2026-07-28 07:39:06 CEST    BBMSDppStepwise: running...
2026-07-28 07:39:23 CEST    BBMSDppStepwise: status=ok
2026-07-28 07:39:23 CEST    DijkstraPrims: running...
2026-07-28 07:39:26 CEST    DijkstraPrims: status=ok
2026-07-28 07:39:26 CEST  cross-algorithm agreement: ok
2026-07-28 07:39:26 CEST  sample=5
2026-07-28 07:39:26 CEST  runtime/memory pass
2026-07-28 07:39:26 CEST    repeat=0 BBMSCore: running...
2026-07-28 07:40:44 CEST    repeat=0 BBMSCore: status=ok
2026-07-28 07:40:44 CEST    repeat=0 BBMSInter: running...
2026-07-28 07:40:59 CEST    repeat=0 BBMSInter: status=ok
2026-07-28 07:40:59 CEST    repeat=0 BBMSDppInstant: running...
2026-07-28 07:41:18 CEST    repeat=0 BBMSDppInstant: status=ok
2026-07-28 07:41:18 CEST    repeat=0 BBMSDppStepwise: running...
2026-07-28 07:41:35 CEST    repeat=0 BBMSDppStepwise: status=ok
2026-07-28 07:41:35 CEST    repeat=0 DijkstraPrims: running...
2026-07-28 07:41:37 CEST    repeat=0 DijkstraPrims: status=ok
2026-07-28 07:41:37 CEST    repeat=1 BBMSCore: running...
2026-07-28 07:42:55 CEST    repeat=1 BBMSCore: status=ok
2026-07-28 07:42:55 CEST    repeat=1 BBMSInter: running...
2026-07-28 07:43:10 CEST    repeat=1 BBMSInter: status=ok
2026-07-28 07:43:10 CEST    repeat=1 BBMSDppInstant: running...
2026-07-28 07:43:29 CEST    repeat=1 BBMSDppInstant: status=ok
2026-07-28 07:43:29 CEST    repeat=1 BBMSDppStepwise: running...
2026-07-28 07:43:47 CEST    repeat=1 BBMSDppStepwise: status=ok
2026-07-28 07:43:47 CEST    repeat=1 DijkstraPrims: running...
2026-07-28 07:43:48 CEST    repeat=1 DijkstraPrims: status=ok
2026-07-28 07:43:48 CEST    repeat=2 BBMSCore: running...
2026-07-28 07:45:07 CEST    repeat=2 BBMSCore: status=ok
2026-07-28 07:45:07 CEST    repeat=2 BBMSInter: running...
2026-07-28 07:45:22 CEST    repeat=2 BBMSInter: status=ok
2026-07-28 07:45:22 CEST    repeat=2 BBMSDppInstant: running...
2026-07-28 07:45:41 CEST    repeat=2 BBMSDppInstant: status=ok
2026-07-28 07:45:41 CEST    repeat=2 BBMSDppStepwise: running...
2026-07-28 07:45:59 CEST    repeat=2 BBMSDppStepwise: status=ok
2026-07-28 07:45:59 CEST    repeat=2 DijkstraPrims: running...
2026-07-28 07:46:00 CEST    repeat=2 DijkstraPrims: status=ok
2026-07-28 07:46:00 CEST  op-count pass
2026-07-28 07:46:00 CEST    BBMSCore: running...
2026-07-28 07:47:18 CEST    BBMSCore: status=ok
2026-07-28 07:47:18 CEST    BBMSInter: running...
2026-07-28 07:47:33 CEST    BBMSInter: status=ok
2026-07-28 07:47:33 CEST    BBMSDppInstant: running...
2026-07-28 07:47:52 CEST    BBMSDppInstant: status=ok
2026-07-28 07:47:52 CEST    BBMSDppStepwise: running...
2026-07-28 07:48:10 CEST    BBMSDppStepwise: status=ok
2026-07-28 07:48:10 CEST    DijkstraPrims: running...
2026-07-28 07:48:11 CEST    DijkstraPrims: status=ok
2026-07-28 07:48:11 CEST  cross-algorithm agreement: ok
2026-07-28 07:48:11 CEST  sample=6
2026-07-28 07:48:11 CEST  runtime/memory pass
2026-07-28 07:48:11 CEST    repeat=0 BBMSCore: running...
2026-07-28 07:49:23 CEST    repeat=0 BBMSCore: status=ok
2026-07-28 07:49:23 CEST    repeat=0 BBMSInter: running...
2026-07-28 07:49:38 CEST    repeat=0 BBMSInter: status=ok
2026-07-28 07:49:38 CEST    repeat=0 BBMSDppInstant: running...
2026-07-28 07:49:56 CEST    repeat=0 BBMSDppInstant: status=ok
2026-07-28 07:49:56 CEST    repeat=0 BBMSDppStepwise: running...
2026-07-28 07:50:13 CEST    repeat=0 BBMSDppStepwise: status=ok
2026-07-28 07:50:13 CEST    repeat=0 DijkstraPrims: running...
2026-07-28 07:50:26 CEST    repeat=0 DijkstraPrims: status=ok
2026-07-28 07:50:26 CEST    repeat=1 BBMSCore: running...
2026-07-28 07:51:38 CEST    repeat=1 BBMSCore: status=ok
2026-07-28 07:51:38 CEST    repeat=1 BBMSInter: running...
2026-07-28 07:51:53 CEST    repeat=1 BBMSInter: status=ok
2026-07-28 07:51:53 CEST    repeat=1 BBMSDppInstant: running...
2026-07-28 07:52:11 CEST    repeat=1 BBMSDppInstant: status=ok
2026-07-28 07:52:11 CEST    repeat=1 BBMSDppStepwise: running...
2026-07-28 07:52:28 CEST    repeat=1 BBMSDppStepwise: status=ok
2026-07-28 07:52:28 CEST    repeat=1 DijkstraPrims: running...
2026-07-28 07:52:41 CEST    repeat=1 DijkstraPrims: status=ok
2026-07-28 07:52:41 CEST    repeat=2 BBMSCore: running...
2026-07-28 07:53:53 CEST    repeat=2 BBMSCore: status=ok
2026-07-28 07:53:53 CEST    repeat=2 BBMSInter: running...
2026-07-28 07:54:08 CEST    repeat=2 BBMSInter: status=ok
2026-07-28 07:54:08 CEST    repeat=2 BBMSDppInstant: running...
2026-07-28 07:54:26 CEST    repeat=2 BBMSDppInstant: status=ok
2026-07-28 07:54:26 CEST    repeat=2 BBMSDppStepwise: running...
2026-07-28 07:54:43 CEST    repeat=2 BBMSDppStepwise: status=ok
2026-07-28 07:54:43 CEST    repeat=2 DijkstraPrims: running...
2026-07-28 07:54:55 CEST    repeat=2 DijkstraPrims: status=ok
2026-07-28 07:54:55 CEST  op-count pass
2026-07-28 07:54:55 CEST    BBMSCore: running...
2026-07-28 07:56:06 CEST    BBMSCore: status=ok
2026-07-28 07:56:06 CEST    BBMSInter: running...
2026-07-28 07:56:21 CEST    BBMSInter: status=ok
2026-07-28 07:56:21 CEST    BBMSDppInstant: running...
2026-07-28 07:56:39 CEST    BBMSDppInstant: status=ok
2026-07-28 07:56:39 CEST    BBMSDppStepwise: running...
2026-07-28 07:56:56 CEST    BBMSDppStepwise: status=ok
2026-07-28 07:56:56 CEST    DijkstraPrims: running...
2026-07-28 07:57:09 CEST    DijkstraPrims: status=ok
2026-07-28 07:57:09 CEST  cross-algorithm agreement: ok
2026-07-28 07:57:09 CEST  sample=7
2026-07-28 07:57:09 CEST  runtime/memory pass
2026-07-28 07:57:09 CEST    repeat=0 BBMSCore: running...
2026-07-28 07:58:19 CEST    repeat=0 BBMSCore: status=ok
2026-07-28 07:58:19 CEST    repeat=0 BBMSInter: running...
2026-07-28 07:58:32 CEST    repeat=0 BBMSInter: status=ok
2026-07-28 07:58:32 CEST    repeat=0 BBMSDppInstant: running...
2026-07-28 07:58:50 CEST    repeat=0 BBMSDppInstant: status=ok
2026-07-28 07:58:50 CEST    repeat=0 BBMSDppStepwise: running...
2026-07-28 07:59:07 CEST    repeat=0 BBMSDppStepwise: status=ok
2026-07-28 07:59:07 CEST    repeat=0 DijkstraPrims: running...
2026-07-28 07:59:08 CEST    repeat=0 DijkstraPrims: status=ok
2026-07-28 07:59:08 CEST    repeat=1 BBMSCore: running...
2026-07-28 08:00:18 CEST    repeat=1 BBMSCore: status=ok
2026-07-28 08:00:18 CEST    repeat=1 BBMSInter: running...
2026-07-28 08:00:32 CEST    repeat=1 BBMSInter: status=ok
2026-07-28 08:00:32 CEST    repeat=1 BBMSDppInstant: running...
2026-07-28 08:00:50 CEST    repeat=1 BBMSDppInstant: status=ok
2026-07-28 08:00:50 CEST    repeat=1 BBMSDppStepwise: running...
2026-07-28 08:01:07 CEST    repeat=1 BBMSDppStepwise: status=ok
2026-07-28 08:01:07 CEST    repeat=1 DijkstraPrims: running...
2026-07-28 08:01:07 CEST    repeat=1 DijkstraPrims: status=ok
2026-07-28 08:01:07 CEST    repeat=2 BBMSCore: running...
2026-07-28 08:02:17 CEST    repeat=2 BBMSCore: status=ok
2026-07-28 08:02:17 CEST    repeat=2 BBMSInter: running...
2026-07-28 08:02:31 CEST    repeat=2 BBMSInter: status=ok
2026-07-28 08:02:31 CEST    repeat=2 BBMSDppInstant: running...
2026-07-28 08:02:48 CEST    repeat=2 BBMSDppInstant: status=ok
2026-07-28 08:02:48 CEST    repeat=2 BBMSDppStepwise: running...
2026-07-28 08:03:05 CEST    repeat=2 BBMSDppStepwise: status=ok
2026-07-28 08:03:05 CEST    repeat=2 DijkstraPrims: running...
2026-07-28 08:03:06 CEST    repeat=2 DijkstraPrims: status=ok
2026-07-28 08:03:06 CEST  op-count pass
2026-07-28 08:03:06 CEST    BBMSCore: running...
2026-07-28 08:04:16 CEST    BBMSCore: status=ok
2026-07-28 08:04:16 CEST    BBMSInter: running...
2026-07-28 08:04:30 CEST    BBMSInter: status=ok
2026-07-28 08:04:30 CEST    BBMSDppInstant: running...
2026-07-28 08:04:48 CEST    BBMSDppInstant: status=ok
2026-07-28 08:04:48 CEST    BBMSDppStepwise: running...
2026-07-28 08:05:05 CEST    BBMSDppStepwise: status=ok
2026-07-28 08:05:05 CEST    DijkstraPrims: running...
2026-07-28 08:05:06 CEST    DijkstraPrims: status=ok
2026-07-28 08:05:06 CEST  cross-algorithm agreement: ok
2026-07-28 08:05:06 CEST  sample=8
2026-07-28 08:05:06 CEST  runtime/memory pass
2026-07-28 08:05:06 CEST    repeat=0 BBMSCore: running...
2026-07-28 08:06:14 CEST    repeat=0 BBMSCore: status=ok
2026-07-28 08:06:14 CEST    repeat=0 BBMSInter: running...
2026-07-28 08:06:29 CEST    repeat=0 BBMSInter: status=ok
2026-07-28 08:06:29 CEST    repeat=0 BBMSDppInstant: running...
2026-07-28 08:06:47 CEST    repeat=0 BBMSDppInstant: status=ok
2026-07-28 08:06:47 CEST    repeat=0 BBMSDppStepwise: running...
2026-07-28 08:07:04 CEST    repeat=0 BBMSDppStepwise: status=ok
2026-07-28 08:07:04 CEST    repeat=0 DijkstraPrims: running...
2026-07-28 08:07:06 CEST    repeat=0 DijkstraPrims: status=ok
2026-07-28 08:07:06 CEST    repeat=1 BBMSCore: running...
2026-07-28 08:08:15 CEST    repeat=1 BBMSCore: status=ok
2026-07-28 08:08:15 CEST    repeat=1 BBMSInter: running...
2026-07-28 08:08:30 CEST    repeat=1 BBMSInter: status=ok
2026-07-28 08:08:30 CEST    repeat=1 BBMSDppInstant: running...
2026-07-28 08:08:48 CEST    repeat=1 BBMSDppInstant: status=ok
2026-07-28 08:08:48 CEST    repeat=1 BBMSDppStepwise: running...
2026-07-28 08:09:04 CEST    repeat=1 BBMSDppStepwise: status=ok
2026-07-28 08:09:04 CEST    repeat=1 DijkstraPrims: running...
2026-07-28 08:09:06 CEST    repeat=1 DijkstraPrims: status=ok
2026-07-28 08:09:06 CEST    repeat=2 BBMSCore: running...
2026-07-28 08:10:15 CEST    repeat=2 BBMSCore: status=ok
2026-07-28 08:10:15 CEST    repeat=2 BBMSInter: running...
2026-07-28 08:10:30 CEST    repeat=2 BBMSInter: status=ok
2026-07-28 08:10:30 CEST    repeat=2 BBMSDppInstant: running...
2026-07-28 08:10:48 CEST    repeat=2 BBMSDppInstant: status=ok
2026-07-28 08:10:48 CEST    repeat=2 BBMSDppStepwise: running...
2026-07-28 08:11:05 CEST    repeat=2 BBMSDppStepwise: status=ok
2026-07-28 08:11:05 CEST    repeat=2 DijkstraPrims: running...
2026-07-28 08:11:07 CEST    repeat=2 DijkstraPrims: status=ok
2026-07-28 08:11:07 CEST  op-count pass
2026-07-28 08:11:07 CEST    BBMSCore: running...
2026-07-28 08:12:16 CEST    BBMSCore: status=ok
2026-07-28 08:12:16 CEST    BBMSInter: running...
2026-07-28 08:12:31 CEST    BBMSInter: status=ok
2026-07-28 08:12:31 CEST    BBMSDppInstant: running...
2026-07-28 08:12:49 CEST    BBMSDppInstant: status=ok
2026-07-28 08:12:49 CEST    BBMSDppStepwise: running...
2026-07-28 08:13:06 CEST    BBMSDppStepwise: status=ok
2026-07-28 08:13:06 CEST    DijkstraPrims: running...
2026-07-28 08:13:08 CEST    DijkstraPrims: status=ok
2026-07-28 08:13:08 CEST  cross-algorithm agreement: ok
2026-07-28 08:13:08 CEST  sample=9
2026-07-28 08:13:08 CEST  runtime/memory pass
2026-07-28 08:13:08 CEST    repeat=0 BBMSCore: running...
2026-07-28 08:14:19 CEST    repeat=0 BBMSCore: status=ok
2026-07-28 08:14:19 CEST    repeat=0 BBMSInter: running...
2026-07-28 08:14:34 CEST    repeat=0 BBMSInter: status=ok
2026-07-28 08:14:34 CEST    repeat=0 BBMSDppInstant: running...
2026-07-28 08:14:52 CEST    repeat=0 BBMSDppInstant: status=ok
2026-07-28 08:14:52 CEST    repeat=0 BBMSDppStepwise: running...
2026-07-28 08:15:09 CEST    repeat=0 BBMSDppStepwise: status=ok
2026-07-28 08:15:09 CEST    repeat=0 DijkstraPrims: running...
2026-07-28 08:15:10 CEST    repeat=0 DijkstraPrims: status=ok
2026-07-28 08:15:10 CEST    repeat=1 BBMSCore: running...
2026-07-28 08:16:20 CEST    repeat=1 BBMSCore: status=ok
2026-07-28 08:16:20 CEST    repeat=1 BBMSInter: running...
2026-07-28 08:16:35 CEST    repeat=1 BBMSInter: status=ok
2026-07-28 08:16:35 CEST    repeat=1 BBMSDppInstant: running...
2026-07-28 08:16:53 CEST    repeat=1 BBMSDppInstant: status=ok
2026-07-28 08:16:53 CEST    repeat=1 BBMSDppStepwise: running...
2026-07-28 08:17:10 CEST    repeat=1 BBMSDppStepwise: status=ok
2026-07-28 08:17:10 CEST    repeat=1 DijkstraPrims: running...
2026-07-28 08:17:11 CEST    repeat=1 DijkstraPrims: status=ok
2026-07-28 08:17:11 CEST    repeat=2 BBMSCore: running...
2026-07-28 08:18:20 CEST    repeat=2 BBMSCore: status=ok
2026-07-28 08:18:20 CEST    repeat=2 BBMSInter: running...
2026-07-28 08:18:36 CEST    repeat=2 BBMSInter: status=ok
2026-07-28 08:18:36 CEST    repeat=2 BBMSDppInstant: running...
2026-07-28 08:18:54 CEST    repeat=2 BBMSDppInstant: status=ok
2026-07-28 08:18:54 CEST    repeat=2 BBMSDppStepwise: running...
2026-07-28 08:19:11 CEST    repeat=2 BBMSDppStepwise: status=ok
2026-07-28 08:19:11 CEST    repeat=2 DijkstraPrims: running...
2026-07-28 08:19:11 CEST    repeat=2 DijkstraPrims: status=ok
2026-07-28 08:19:11 CEST  op-count pass
2026-07-28 08:19:11 CEST    BBMSCore: running...
2026-07-28 08:20:21 CEST    BBMSCore: status=ok
2026-07-28 08:20:21 CEST    BBMSInter: running...
2026-07-28 08:20:37 CEST    BBMSInter: status=ok
2026-07-28 08:20:37 CEST    BBMSDppInstant: running...
2026-07-28 08:20:55 CEST    BBMSDppInstant: status=ok
2026-07-28 08:20:55 CEST    BBMSDppStepwise: running...
2026-07-28 08:21:12 CEST    BBMSDppStepwise: status=ok
2026-07-28 08:21:12 CEST    DijkstraPrims: running...
2026-07-28 08:21:13 CEST    DijkstraPrims: status=ok
2026-07-28 08:21:13 CEST  cross-algorithm agreement: ok
2026-07-28 08:21:13 CEST  --- N=11000 ---
2026-07-28 08:21:13 CEST  sample=0
2026-07-28 08:21:13 CEST  runtime/memory pass
2026-07-28 08:21:13 CEST    repeat=0 BBMSCore: running...
2026-07-28 08:24:13 CEST    repeat=0 BBMSCore: status=timeout
2026-07-28 08:24:13 CEST    repeat=0 BBMSInter: running...
2026-07-28 08:25:07 CEST    repeat=0 BBMSInter: status=ok
2026-07-28 08:25:07 CEST    repeat=0 BBMSDppInstant: running...
2026-07-28 08:26:17 CEST    repeat=0 BBMSDppInstant: status=ok
2026-07-28 08:26:17 CEST    repeat=0 BBMSDppStepwise: running...
2026-07-28 08:27:10 CEST    repeat=0 BBMSDppStepwise: status=ok
2026-07-28 08:27:10 CEST    repeat=0 DijkstraPrims: running...
2026-07-28 08:27:49 CEST    repeat=0 DijkstraPrims: status=ok
2026-07-28 08:27:49 CEST    repeat=1 BBMSCore: SKIP (walled at N=11000)
2026-07-28 08:27:49 CEST    repeat=1 BBMSInter: running...
2026-07-28 08:28:44 CEST    repeat=1 BBMSInter: status=ok
2026-07-28 08:28:44 CEST    repeat=1 BBMSDppInstant: running...
2026-07-28 08:29:54 CEST    repeat=1 BBMSDppInstant: status=ok
2026-07-28 08:29:54 CEST    repeat=1 BBMSDppStepwise: running...
2026-07-28 08:30:46 CEST    repeat=1 BBMSDppStepwise: status=ok
2026-07-28 08:30:46 CEST    repeat=1 DijkstraPrims: running...
2026-07-28 08:31:26 CEST    repeat=1 DijkstraPrims: status=ok
2026-07-28 08:31:26 CEST    repeat=2 BBMSCore: SKIP (walled at N=11000)
2026-07-28 08:31:26 CEST    repeat=2 BBMSInter: running...
2026-07-28 08:32:20 CEST    repeat=2 BBMSInter: status=ok
2026-07-28 08:32:20 CEST    repeat=2 BBMSDppInstant: running...
2026-07-28 08:33:30 CEST    repeat=2 BBMSDppInstant: status=ok
2026-07-28 08:33:30 CEST    repeat=2 BBMSDppStepwise: running...
2026-07-28 08:34:23 CEST    repeat=2 BBMSDppStepwise: status=ok
2026-07-28 08:34:23 CEST    repeat=2 DijkstraPrims: running...
2026-07-28 08:35:02 CEST    repeat=2 DijkstraPrims: status=ok
2026-07-28 08:35:02 CEST  op-count pass
2026-07-28 08:35:02 CEST    BBMSCore: SKIP (walled at N=11000)
2026-07-28 08:35:02 CEST    BBMSInter: running...
2026-07-28 08:35:58 CEST    BBMSInter: status=ok
2026-07-28 08:35:58 CEST    BBMSDppInstant: running...
2026-07-28 08:37:09 CEST    BBMSDppInstant: status=ok
2026-07-28 08:37:09 CEST    BBMSDppStepwise: running...
2026-07-28 08:38:02 CEST    BBMSDppStepwise: status=ok
2026-07-28 08:38:02 CEST    DijkstraPrims: running...
2026-07-28 08:38:41 CEST    DijkstraPrims: status=ok
2026-07-28 08:38:41 CEST  cross-algorithm agreement: ok
2026-07-28 08:38:41 CEST  sample=1
2026-07-28 08:38:41 CEST  runtime/memory pass
2026-07-28 08:38:41 CEST    repeat=0 BBMSCore: SKIP (walled at N=11000)
2026-07-28 08:38:41 CEST    repeat=0 BBMSInter: running...
2026-07-28 08:39:30 CEST    repeat=0 BBMSInter: status=ok
2026-07-28 08:39:30 CEST    repeat=0 BBMSDppInstant: running...
2026-07-28 08:40:39 CEST    repeat=0 BBMSDppInstant: status=ok
2026-07-28 08:40:39 CEST    repeat=0 BBMSDppStepwise: running...
2026-07-28 08:41:31 CEST    repeat=0 BBMSDppStepwise: status=ok
2026-07-28 08:41:31 CEST    repeat=0 DijkstraPrims: running...
2026-07-28 08:41:42 CEST    repeat=0 DijkstraPrims: status=ok
2026-07-28 08:41:42 CEST    repeat=1 BBMSCore: SKIP (walled at N=11000)
2026-07-28 08:41:42 CEST    repeat=1 BBMSInter: running...
2026-07-28 08:42:31 CEST    repeat=1 BBMSInter: status=ok
2026-07-28 08:42:31 CEST    repeat=1 BBMSDppInstant: running...
2026-07-28 08:43:40 CEST    repeat=1 BBMSDppInstant: status=ok
2026-07-28 08:43:40 CEST    repeat=1 BBMSDppStepwise: running...
2026-07-28 08:44:32 CEST    repeat=1 BBMSDppStepwise: status=ok
2026-07-28 08:44:32 CEST    repeat=1 DijkstraPrims: running...
2026-07-28 08:44:44 CEST    repeat=1 DijkstraPrims: status=ok
2026-07-28 08:44:44 CEST    repeat=2 BBMSCore: SKIP (walled at N=11000)
2026-07-28 08:44:44 CEST    repeat=2 BBMSInter: running...
2026-07-28 08:45:33 CEST    repeat=2 BBMSInter: status=ok
2026-07-28 08:45:33 CEST    repeat=2 BBMSDppInstant: running...
2026-07-28 08:46:42 CEST    repeat=2 BBMSDppInstant: status=ok
2026-07-28 08:46:42 CEST    repeat=2 BBMSDppStepwise: running...
2026-07-28 08:47:34 CEST    repeat=2 BBMSDppStepwise: status=ok
2026-07-28 08:47:34 CEST    repeat=2 DijkstraPrims: running...
2026-07-28 08:47:46 CEST    repeat=2 DijkstraPrims: status=ok
2026-07-28 08:47:46 CEST  op-count pass
2026-07-28 08:47:46 CEST    BBMSCore: SKIP (walled at N=11000)
2026-07-28 08:47:46 CEST    BBMSInter: running...
2026-07-28 08:48:36 CEST    BBMSInter: status=ok
2026-07-28 08:48:36 CEST    BBMSDppInstant: running...
2026-07-28 08:49:45 CEST    BBMSDppInstant: status=ok
2026-07-28 08:49:45 CEST    BBMSDppStepwise: running...
2026-07-28 08:50:38 CEST    BBMSDppStepwise: status=ok
2026-07-28 08:50:38 CEST    DijkstraPrims: running...
2026-07-28 08:50:50 CEST    DijkstraPrims: status=ok
2026-07-28 08:50:50 CEST  cross-algorithm agreement: ok
2026-07-28 08:50:50 CEST  sample=2
2026-07-28 08:50:50 CEST  runtime/memory pass
2026-07-28 08:50:50 CEST    repeat=0 BBMSCore: SKIP (walled at N=11000)
2026-07-28 08:50:50 CEST    repeat=0 BBMSInter: running...
2026-07-28 08:51:45 CEST    repeat=0 BBMSInter: status=ok
2026-07-28 08:51:45 CEST    repeat=0 BBMSDppInstant: running...
2026-07-28 08:52:55 CEST    repeat=0 BBMSDppInstant: status=ok
2026-07-28 08:52:55 CEST    repeat=0 BBMSDppStepwise: running...
2026-07-28 08:53:48 CEST    repeat=0 BBMSDppStepwise: status=ok
2026-07-28 08:53:48 CEST    repeat=0 DijkstraPrims: running...
2026-07-28 08:54:10 CEST    repeat=0 DijkstraPrims: status=ok
2026-07-28 08:54:10 CEST    repeat=1 BBMSCore: SKIP (walled at N=11000)
2026-07-28 08:54:10 CEST    repeat=1 BBMSInter: running...
2026-07-28 08:55:07 CEST    repeat=1 BBMSInter: status=ok
2026-07-28 08:55:07 CEST    repeat=1 BBMSDppInstant: running...
2026-07-28 08:56:23 CEST    repeat=1 BBMSDppInstant: status=ok
2026-07-28 08:56:23 CEST    repeat=1 BBMSDppStepwise: running...
2026-07-28 08:57:16 CEST    repeat=1 BBMSDppStepwise: status=ok
2026-07-28 08:57:16 CEST    repeat=1 DijkstraPrims: running...
2026-07-28 08:57:38 CEST    repeat=1 DijkstraPrims: status=ok
2026-07-28 08:57:38 CEST    repeat=2 BBMSCore: SKIP (walled at N=11000)
2026-07-28 08:57:38 CEST    repeat=2 BBMSInter: running...
2026-07-28 08:58:35 CEST    repeat=2 BBMSInter: status=ok
2026-07-28 08:58:35 CEST    repeat=2 BBMSDppInstant: running...
2026-07-28 08:59:46 CEST    repeat=2 BBMSDppInstant: status=ok
2026-07-28 08:59:46 CEST    repeat=2 BBMSDppStepwise: running...
2026-07-28 09:00:39 CEST    repeat=2 BBMSDppStepwise: status=ok
2026-07-28 09:00:39 CEST    repeat=2 DijkstraPrims: running...
2026-07-28 09:01:01 CEST    repeat=2 DijkstraPrims: status=ok
2026-07-28 09:01:01 CEST  op-count pass
2026-07-28 09:01:01 CEST    BBMSCore: SKIP (walled at N=11000)
2026-07-28 09:01:01 CEST    BBMSInter: running...
2026-07-28 09:01:57 CEST    BBMSInter: status=ok
2026-07-28 09:01:57 CEST    BBMSDppInstant: running...
2026-07-28 09:03:08 CEST    BBMSDppInstant: status=ok
2026-07-28 09:03:08 CEST    BBMSDppStepwise: running...
2026-07-28 09:04:01 CEST    BBMSDppStepwise: status=ok
2026-07-28 09:04:01 CEST    DijkstraPrims: running...
2026-07-28 09:04:23 CEST    DijkstraPrims: status=ok
2026-07-28 09:04:23 CEST  cross-algorithm agreement: ok
2026-07-28 09:04:23 CEST  sample=3
2026-07-28 09:04:23 CEST  runtime/memory pass
2026-07-28 09:04:23 CEST    repeat=0 BBMSCore: SKIP (walled at N=11000)
2026-07-28 09:04:23 CEST    repeat=0 BBMSInter: running...
2026-07-28 09:05:25 CEST    repeat=0 BBMSInter: status=ok
2026-07-28 09:05:25 CEST    repeat=0 BBMSDppInstant: running...
2026-07-28 09:06:37 CEST    repeat=0 BBMSDppInstant: status=ok
2026-07-28 09:06:37 CEST    repeat=0 BBMSDppStepwise: running...
2026-07-28 09:07:29 CEST    repeat=0 BBMSDppStepwise: status=ok
2026-07-28 09:07:29 CEST    repeat=0 DijkstraPrims: running...
2026-07-28 09:07:34 CEST    repeat=0 DijkstraPrims: status=ok
2026-07-28 09:07:34 CEST    repeat=1 BBMSCore: SKIP (walled at N=11000)
2026-07-28 09:07:34 CEST    repeat=1 BBMSInter: running...
2026-07-28 09:08:37 CEST    repeat=1 BBMSInter: status=ok
2026-07-28 09:08:37 CEST    repeat=1 BBMSDppInstant: running...
2026-07-28 09:09:48 CEST    repeat=1 BBMSDppInstant: status=ok
2026-07-28 09:09:48 CEST    repeat=1 BBMSDppStepwise: running...
2026-07-28 09:10:41 CEST    repeat=1 BBMSDppStepwise: status=ok
2026-07-28 09:10:41 CEST    repeat=1 DijkstraPrims: running...
2026-07-28 09:10:46 CEST    repeat=1 DijkstraPrims: status=ok
2026-07-28 09:10:46 CEST    repeat=2 BBMSCore: SKIP (walled at N=11000)
2026-07-28 09:10:46 CEST    repeat=2 BBMSInter: running...
2026-07-28 09:11:48 CEST    repeat=2 BBMSInter: status=ok
2026-07-28 09:11:48 CEST    repeat=2 BBMSDppInstant: running...
2026-07-28 09:13:00 CEST    repeat=2 BBMSDppInstant: status=ok
2026-07-28 09:13:00 CEST    repeat=2 BBMSDppStepwise: running...
2026-07-28 09:13:52 CEST    repeat=2 BBMSDppStepwise: status=ok
2026-07-28 09:13:52 CEST    repeat=2 DijkstraPrims: running...
2026-07-28 09:13:57 CEST    repeat=2 DijkstraPrims: status=ok
2026-07-28 09:13:57 CEST  op-count pass
2026-07-28 09:13:57 CEST    BBMSCore: SKIP (walled at N=11000)
2026-07-28 09:13:57 CEST    BBMSInter: running...
2026-07-28 09:15:01 CEST    BBMSInter: status=ok
2026-07-28 09:15:01 CEST    BBMSDppInstant: running...
2026-07-28 09:16:13 CEST    BBMSDppInstant: status=ok
2026-07-28 09:16:13 CEST    BBMSDppStepwise: running...
2026-07-28 09:17:07 CEST    BBMSDppStepwise: status=ok
2026-07-28 09:17:07 CEST    DijkstraPrims: running...
2026-07-28 09:17:12 CEST    DijkstraPrims: status=ok
2026-07-28 09:17:12 CEST  cross-algorithm agreement: ok
2026-07-28 09:17:12 CEST  sample=4
2026-07-28 09:17:12 CEST  runtime/memory pass
2026-07-28 09:17:12 CEST    repeat=0 BBMSCore: SKIP (walled at N=11000)
2026-07-28 09:17:12 CEST    repeat=0 BBMSInter: running...
2026-07-28 09:18:08 CEST    repeat=0 BBMSInter: status=ok
2026-07-28 09:18:08 CEST    repeat=0 BBMSDppInstant: running...
2026-07-28 09:19:19 CEST    repeat=0 BBMSDppInstant: status=ok
2026-07-28 09:19:19 CEST    repeat=0 BBMSDppStepwise: running...
2026-07-28 09:20:12 CEST    repeat=0 BBMSDppStepwise: status=ok
2026-07-28 09:20:12 CEST    repeat=0 DijkstraPrims: running...
2026-07-28 09:21:12 CEST    repeat=0 DijkstraPrims: status=ok
2026-07-28 09:21:12 CEST    repeat=1 BBMSCore: SKIP (walled at N=11000)
2026-07-28 09:21:12 CEST    repeat=1 BBMSInter: running...
2026-07-28 09:22:09 CEST    repeat=1 BBMSInter: status=ok
2026-07-28 09:22:09 CEST    repeat=1 BBMSDppInstant: running...
2026-07-28 09:23:21 CEST    repeat=1 BBMSDppInstant: status=ok
2026-07-28 09:23:21 CEST    repeat=1 BBMSDppStepwise: running...
2026-07-28 09:24:14 CEST    repeat=1 BBMSDppStepwise: status=ok
2026-07-28 09:24:14 CEST    repeat=1 DijkstraPrims: running...
2026-07-28 09:25:14 CEST    repeat=1 DijkstraPrims: status=ok
2026-07-28 09:25:14 CEST    repeat=2 BBMSCore: SKIP (walled at N=11000)
2026-07-28 09:25:14 CEST    repeat=2 BBMSInter: running...
2026-07-28 09:26:11 CEST    repeat=2 BBMSInter: status=ok
2026-07-28 09:26:11 CEST    repeat=2 BBMSDppInstant: running...
2026-07-28 09:27:22 CEST    repeat=2 BBMSDppInstant: status=ok
2026-07-28 09:27:22 CEST    repeat=2 BBMSDppStepwise: running...
2026-07-28 09:28:16 CEST    repeat=2 BBMSDppStepwise: status=ok
2026-07-28 09:28:16 CEST    repeat=2 DijkstraPrims: running...
2026-07-28 09:29:16 CEST    repeat=2 DijkstraPrims: status=ok
2026-07-28 09:29:16 CEST  op-count pass
2026-07-28 09:29:16 CEST    BBMSCore: SKIP (walled at N=11000)
2026-07-28 09:29:16 CEST    BBMSInter: running...
2026-07-28 09:30:13 CEST    BBMSInter: status=ok
2026-07-28 09:30:13 CEST    BBMSDppInstant: running...
2026-07-28 09:31:26 CEST    BBMSDppInstant: status=ok
2026-07-28 09:31:26 CEST    BBMSDppStepwise: running...
2026-07-28 09:32:20 CEST    BBMSDppStepwise: status=ok
2026-07-28 09:32:20 CEST    DijkstraPrims: running...
2026-07-28 09:33:19 CEST    DijkstraPrims: status=ok
2026-07-28 09:33:19 CEST  cross-algorithm agreement: ok
2026-07-28 09:33:19 CEST  sample=5
2026-07-28 09:33:19 CEST  runtime/memory pass
2026-07-28 09:33:19 CEST    repeat=0 BBMSCore: SKIP (walled at N=11000)
2026-07-28 09:33:19 CEST    repeat=0 BBMSInter: running...
2026-07-28 09:34:10 CEST    repeat=0 BBMSInter: status=ok
2026-07-28 09:34:10 CEST    repeat=0 BBMSDppInstant: running...
2026-07-28 09:35:18 CEST    repeat=0 BBMSDppInstant: status=ok
2026-07-28 09:35:18 CEST    repeat=0 BBMSDppStepwise: running...
2026-07-28 09:36:10 CEST    repeat=0 BBMSDppStepwise: status=ok
2026-07-28 09:36:10 CEST    repeat=0 DijkstraPrims: running...
2026-07-28 09:36:11 CEST    repeat=0 DijkstraPrims: status=ok
2026-07-28 09:36:11 CEST    repeat=1 BBMSCore: SKIP (walled at N=11000)
2026-07-28 09:36:11 CEST    repeat=1 BBMSInter: running...
2026-07-28 09:37:02 CEST    repeat=1 BBMSInter: status=ok
2026-07-28 09:37:02 CEST    repeat=1 BBMSDppInstant: running...
2026-07-28 09:38:10 CEST    repeat=1 BBMSDppInstant: status=ok
2026-07-28 09:38:10 CEST    repeat=1 BBMSDppStepwise: running...
2026-07-28 09:39:02 CEST    repeat=1 BBMSDppStepwise: status=ok
2026-07-28 09:39:02 CEST    repeat=1 DijkstraPrims: running...
2026-07-28 09:39:03 CEST    repeat=1 DijkstraPrims: status=ok
2026-07-28 09:39:03 CEST    repeat=2 BBMSCore: SKIP (walled at N=11000)
2026-07-28 09:39:03 CEST    repeat=2 BBMSInter: running...
2026-07-28 09:39:54 CEST    repeat=2 BBMSInter: status=ok
2026-07-28 09:39:54 CEST    repeat=2 BBMSDppInstant: running...
2026-07-28 09:41:02 CEST    repeat=2 BBMSDppInstant: status=ok
2026-07-28 09:41:02 CEST    repeat=2 BBMSDppStepwise: running...
2026-07-28 09:41:55 CEST    repeat=2 BBMSDppStepwise: status=ok
2026-07-28 09:41:55 CEST    repeat=2 DijkstraPrims: running...
2026-07-28 09:41:56 CEST    repeat=2 DijkstraPrims: status=ok
2026-07-28 09:41:56 CEST  op-count pass
2026-07-28 09:41:56 CEST    BBMSCore: SKIP (walled at N=11000)
2026-07-28 09:41:56 CEST    BBMSInter: running...
2026-07-28 09:42:47 CEST    BBMSInter: status=ok
2026-07-28 09:42:47 CEST    BBMSDppInstant: running...
2026-07-28 09:43:56 CEST    BBMSDppInstant: status=ok
2026-07-28 09:43:56 CEST    BBMSDppStepwise: running...
2026-07-28 09:44:48 CEST    BBMSDppStepwise: status=ok
2026-07-28 09:44:48 CEST    DijkstraPrims: running...
2026-07-28 09:44:49 CEST    DijkstraPrims: status=ok
2026-07-28 09:44:49 CEST  cross-algorithm agreement: ok
2026-07-28 09:44:49 CEST  sample=6
2026-07-28 09:44:49 CEST  runtime/memory pass
2026-07-28 09:44:49 CEST    repeat=0 BBMSCore: SKIP (walled at N=11000)
2026-07-28 09:44:49 CEST    repeat=0 BBMSInter: running...
2026-07-28 09:45:47 CEST    repeat=0 BBMSInter: status=ok
2026-07-28 09:45:47 CEST    repeat=0 BBMSDppInstant: running...
2026-07-28 09:46:59 CEST    repeat=0 BBMSDppInstant: status=ok
2026-07-28 09:46:59 CEST    repeat=0 BBMSDppStepwise: running...
2026-07-28 09:47:52 CEST    repeat=0 BBMSDppStepwise: status=ok
2026-07-28 09:47:52 CEST    repeat=0 DijkstraPrims: running...
2026-07-28 09:48:05 CEST    repeat=0 DijkstraPrims: status=ok
2026-07-28 09:48:05 CEST    repeat=1 BBMSCore: SKIP (walled at N=11000)
2026-07-28 09:48:05 CEST    repeat=1 BBMSInter: running...
2026-07-28 09:49:02 CEST    repeat=1 BBMSInter: status=ok
2026-07-28 09:49:02 CEST    repeat=1 BBMSDppInstant: running...
2026-07-28 09:50:13 CEST    repeat=1 BBMSDppInstant: status=ok
2026-07-28 09:50:13 CEST    repeat=1 BBMSDppStepwise: running...
2026-07-28 09:51:05 CEST    repeat=1 BBMSDppStepwise: status=ok
2026-07-28 09:51:05 CEST    repeat=1 DijkstraPrims: running...
2026-07-28 09:51:18 CEST    repeat=1 DijkstraPrims: status=ok
2026-07-28 09:51:18 CEST    repeat=2 BBMSCore: SKIP (walled at N=11000)
2026-07-28 09:51:18 CEST    repeat=2 BBMSInter: running...
2026-07-28 09:52:16 CEST    repeat=2 BBMSInter: status=ok
2026-07-28 09:52:16 CEST    repeat=2 BBMSDppInstant: running...
2026-07-28 09:53:26 CEST    repeat=2 BBMSDppInstant: status=ok
2026-07-28 09:53:26 CEST    repeat=2 BBMSDppStepwise: running...
2026-07-28 09:54:19 CEST    repeat=2 BBMSDppStepwise: status=ok
2026-07-28 09:54:19 CEST    repeat=2 DijkstraPrims: running...
2026-07-28 09:54:32 CEST    repeat=2 DijkstraPrims: status=ok
2026-07-28 09:54:32 CEST  op-count pass
2026-07-28 09:54:32 CEST    BBMSCore: SKIP (walled at N=11000)
2026-07-28 09:54:32 CEST    BBMSInter: running...
2026-07-28 09:55:30 CEST    BBMSInter: status=ok
2026-07-28 09:55:30 CEST    BBMSDppInstant: running...
2026-07-28 09:56:41 CEST    BBMSDppInstant: status=ok
2026-07-28 09:56:41 CEST    BBMSDppStepwise: running...
2026-07-28 09:57:35 CEST    BBMSDppStepwise: status=ok
2026-07-28 09:57:35 CEST    DijkstraPrims: running...
2026-07-28 09:57:47 CEST    DijkstraPrims: status=ok
2026-07-28 09:57:47 CEST  cross-algorithm agreement: ok
2026-07-28 09:57:47 CEST  sample=7
2026-07-28 09:57:47 CEST  runtime/memory pass
2026-07-28 09:57:47 CEST    repeat=0 BBMSCore: SKIP (walled at N=11000)
2026-07-28 09:57:47 CEST    repeat=0 BBMSInter: running...
2026-07-28 09:58:41 CEST    repeat=0 BBMSInter: status=ok
2026-07-28 09:58:41 CEST    repeat=0 BBMSDppInstant: running...
2026-07-28 09:59:52 CEST    repeat=0 BBMSDppInstant: status=ok
2026-07-28 09:59:52 CEST    repeat=0 BBMSDppStepwise: running...
2026-07-28 10:00:46 CEST    repeat=0 BBMSDppStepwise: status=ok
2026-07-28 10:00:46 CEST    repeat=0 DijkstraPrims: running...
2026-07-28 10:01:33 CEST    repeat=0 DijkstraPrims: status=ok
2026-07-28 10:01:33 CEST    repeat=1 BBMSCore: SKIP (walled at N=11000)
2026-07-28 10:01:33 CEST    repeat=1 BBMSInter: running...
2026-07-28 10:02:47 CEST    repeat=1 BBMSInter: status=ok
2026-07-28 10:02:47 CEST    repeat=1 BBMSDppInstant: running...
2026-07-28 10:04:04 CEST    repeat=1 BBMSDppInstant: status=ok
2026-07-28 10:04:04 CEST    repeat=1 BBMSDppStepwise: running...
2026-07-28 10:05:00 CEST    repeat=1 BBMSDppStepwise: status=ok
2026-07-28 10:05:00 CEST    repeat=1 DijkstraPrims: running...
2026-07-28 10:05:47 CEST    repeat=1 DijkstraPrims: status=ok
2026-07-28 10:05:47 CEST    repeat=2 BBMSCore: SKIP (walled at N=11000)
2026-07-28 10:05:47 CEST    repeat=2 BBMSInter: running...
2026-07-28 10:07:00 CEST    repeat=2 BBMSInter: status=ok
2026-07-28 10:07:00 CEST    repeat=2 BBMSDppInstant: running...
2026-07-28 10:08:16 CEST    repeat=2 BBMSDppInstant: status=ok
2026-07-28 10:08:16 CEST    repeat=2 BBMSDppStepwise: running...
2026-07-28 10:09:12 CEST    repeat=2 BBMSDppStepwise: status=ok
2026-07-28 10:09:12 CEST    repeat=2 DijkstraPrims: running...
2026-07-28 10:09:59 CEST    repeat=2 DijkstraPrims: status=ok
2026-07-28 10:09:59 CEST  op-count pass
2026-07-28 10:09:59 CEST    BBMSCore: SKIP (walled at N=11000)
2026-07-28 10:09:59 CEST    BBMSInter: running...
2026-07-28 10:11:12 CEST    BBMSInter: status=ok
2026-07-28 10:11:12 CEST    BBMSDppInstant: running...
2026-07-28 10:12:29 CEST    BBMSDppInstant: status=ok
2026-07-28 10:12:29 CEST    BBMSDppStepwise: running...
2026-07-28 10:13:25 CEST    BBMSDppStepwise: status=ok
2026-07-28 10:13:25 CEST    DijkstraPrims: running...
2026-07-28 10:14:11 CEST    DijkstraPrims: status=ok
2026-07-28 10:14:11 CEST  cross-algorithm agreement: ok
2026-07-28 10:14:11 CEST  sample=8
2026-07-28 10:14:11 CEST  runtime/memory pass
2026-07-28 10:14:11 CEST    repeat=0 BBMSCore: SKIP (walled at N=11000)
2026-07-28 10:14:11 CEST    repeat=0 BBMSInter: running...
2026-07-28 10:15:30 CEST    repeat=0 BBMSInter: status=ok
2026-07-28 10:15:30 CEST    repeat=0 BBMSDppInstant: running...
2026-07-28 10:16:43 CEST    repeat=0 BBMSDppInstant: status=ok
2026-07-28 10:16:43 CEST    repeat=0 BBMSDppStepwise: running...
2026-07-28 10:17:38 CEST    repeat=0 BBMSDppStepwise: status=ok
2026-07-28 10:17:38 CEST    repeat=0 DijkstraPrims: running...
2026-07-28 10:17:41 CEST    repeat=0 DijkstraPrims: status=ok
2026-07-28 10:17:41 CEST    repeat=1 BBMSCore: SKIP (walled at N=11000)
2026-07-28 10:17:41 CEST    repeat=1 BBMSInter: running...
2026-07-28 10:18:52 CEST    repeat=1 BBMSInter: status=ok
2026-07-28 10:18:52 CEST    repeat=1 BBMSDppInstant: running...
2026-07-28 10:20:02 CEST    repeat=1 BBMSDppInstant: status=ok
2026-07-28 10:20:02 CEST    repeat=1 BBMSDppStepwise: running...
2026-07-28 10:20:54 CEST    repeat=1 BBMSDppStepwise: status=ok
2026-07-28 10:20:54 CEST    repeat=1 DijkstraPrims: running...
2026-07-28 10:20:57 CEST    repeat=1 DijkstraPrims: status=ok
2026-07-28 10:20:57 CEST    repeat=2 BBMSCore: SKIP (walled at N=11000)
2026-07-28 10:20:57 CEST    repeat=2 BBMSInter: running...
2026-07-28 10:21:58 CEST    repeat=2 BBMSInter: status=ok
2026-07-28 10:21:58 CEST    repeat=2 BBMSDppInstant: running...
2026-07-28 10:23:09 CEST    repeat=2 BBMSDppInstant: status=ok
2026-07-28 10:23:09 CEST    repeat=2 BBMSDppStepwise: running...
2026-07-28 10:24:02 CEST    repeat=2 BBMSDppStepwise: status=ok
2026-07-28 10:24:02 CEST    repeat=2 DijkstraPrims: running...
2026-07-28 10:24:04 CEST    repeat=2 DijkstraPrims: status=ok
2026-07-28 10:24:04 CEST  op-count pass
2026-07-28 10:24:04 CEST    BBMSCore: SKIP (walled at N=11000)
2026-07-28 10:24:04 CEST    BBMSInter: running...
2026-07-28 10:25:07 CEST    BBMSInter: status=ok
2026-07-28 10:25:07 CEST    BBMSDppInstant: running...
2026-07-28 10:26:18 CEST    BBMSDppInstant: status=ok
2026-07-28 10:26:18 CEST    BBMSDppStepwise: running...
2026-07-28 10:27:12 CEST    BBMSDppStepwise: status=ok
2026-07-28 10:27:12 CEST    DijkstraPrims: running...
2026-07-28 10:27:14 CEST    DijkstraPrims: status=ok
2026-07-28 10:27:14 CEST  cross-algorithm agreement: ok
2026-07-28 10:27:14 CEST  sample=9
2026-07-28 10:27:14 CEST  runtime/memory pass
2026-07-28 10:27:14 CEST    repeat=0 BBMSCore: SKIP (walled at N=11000)
2026-07-28 10:27:14 CEST    repeat=0 BBMSInter: running...
2026-07-28 10:28:11 CEST    repeat=0 BBMSInter: status=ok
2026-07-28 10:28:11 CEST    repeat=0 BBMSDppInstant: running...
2026-07-28 10:29:21 CEST    repeat=0 BBMSDppInstant: status=ok
2026-07-28 10:29:21 CEST    repeat=0 BBMSDppStepwise: running...
2026-07-28 10:30:15 CEST    repeat=0 BBMSDppStepwise: status=ok
2026-07-28 10:30:15 CEST    repeat=0 DijkstraPrims: running...
2026-07-28 10:30:20 CEST    repeat=0 DijkstraPrims: status=ok
2026-07-28 10:30:20 CEST    repeat=1 BBMSCore: SKIP (walled at N=11000)
2026-07-28 10:30:20 CEST    repeat=1 BBMSInter: running...
2026-07-28 10:31:17 CEST    repeat=1 BBMSInter: status=ok
2026-07-28 10:31:17 CEST    repeat=1 BBMSDppInstant: running...
2026-07-28 10:32:28 CEST    repeat=1 BBMSDppInstant: status=ok
2026-07-28 10:32:28 CEST    repeat=1 BBMSDppStepwise: running...
2026-07-28 10:33:21 CEST    repeat=1 BBMSDppStepwise: status=ok
2026-07-28 10:33:21 CEST    repeat=1 DijkstraPrims: running...
2026-07-28 10:33:27 CEST    repeat=1 DijkstraPrims: status=ok
2026-07-28 10:33:27 CEST    repeat=2 BBMSCore: SKIP (walled at N=11000)
2026-07-28 10:33:27 CEST    repeat=2 BBMSInter: running...
2026-07-28 10:34:27 CEST    repeat=2 BBMSInter: status=ok
2026-07-28 10:34:27 CEST    repeat=2 BBMSDppInstant: running...
2026-07-28 10:35:37 CEST    repeat=2 BBMSDppInstant: status=ok
2026-07-28 10:35:37 CEST    repeat=2 BBMSDppStepwise: running...
2026-07-28 10:36:30 CEST    repeat=2 BBMSDppStepwise: status=ok
2026-07-28 10:36:30 CEST    repeat=2 DijkstraPrims: running...
2026-07-28 10:36:36 CEST    repeat=2 DijkstraPrims: status=ok
2026-07-28 10:36:36 CEST  op-count pass
2026-07-28 10:36:36 CEST    BBMSCore: SKIP (walled at N=11000)
2026-07-28 10:36:36 CEST    BBMSInter: running...
2026-07-28 10:37:34 CEST    BBMSInter: status=ok
2026-07-28 10:37:34 CEST    BBMSDppInstant: running...
2026-07-28 10:38:45 CEST    BBMSDppInstant: status=ok
2026-07-28 10:38:45 CEST    BBMSDppStepwise: running...
2026-07-28 10:39:38 CEST    BBMSDppStepwise: status=ok
2026-07-28 10:39:38 CEST    DijkstraPrims: running...
2026-07-28 10:39:44 CEST    DijkstraPrims: status=ok
2026-07-28 10:39:44 CEST  cross-algorithm agreement: ok
2026-07-28 10:39:44 CEST  --- N=18000 ---
2026-07-28 10:39:44 CEST  sample=0
2026-07-28 10:39:44 CEST  runtime/memory pass
2026-07-28 10:39:44 CEST    repeat=0 BBMSCore: SKIP (walled at N=11000)
2026-07-28 10:39:44 CEST    repeat=0 BBMSInter: running...
2026-07-28 10:42:45 CEST    repeat=0 BBMSInter: status=timeout
2026-07-28 10:42:45 CEST    repeat=0 BBMSDppInstant: running...
2026-07-28 10:45:47 CEST    repeat=0 BBMSDppInstant: status=timeout
2026-07-28 10:45:47 CEST    repeat=0 BBMSDppStepwise: running...
2026-07-28 10:48:22 CEST    repeat=0 BBMSDppStepwise: status=ok
2026-07-28 10:48:22 CEST    repeat=0 DijkstraPrims: running...
2026-07-28 10:48:25 CEST    repeat=0 DijkstraPrims: status=ok
2026-07-28 10:48:25 CEST    repeat=1 BBMSCore: SKIP (walled at N=11000)
2026-07-28 10:48:25 CEST    repeat=1 BBMSInter: SKIP (walled at N=18000)
2026-07-28 10:48:25 CEST    repeat=1 BBMSDppInstant: SKIP (walled at N=18000)
2026-07-28 10:48:25 CEST    repeat=1 BBMSDppStepwise: running...
2026-07-28 10:51:01 CEST    repeat=1 BBMSDppStepwise: status=ok
2026-07-28 10:51:01 CEST    repeat=1 DijkstraPrims: running...
2026-07-28 10:51:04 CEST    repeat=1 DijkstraPrims: status=ok
2026-07-28 10:51:04 CEST    repeat=2 BBMSCore: SKIP (walled at N=11000)
2026-07-28 10:51:04 CEST    repeat=2 BBMSInter: SKIP (walled at N=18000)
2026-07-28 10:51:04 CEST    repeat=2 BBMSDppInstant: SKIP (walled at N=18000)
2026-07-28 10:51:04 CEST    repeat=2 BBMSDppStepwise: running...
2026-07-28 10:53:40 CEST    repeat=2 BBMSDppStepwise: status=ok
2026-07-28 10:53:40 CEST    repeat=2 DijkstraPrims: running...
2026-07-28 10:53:43 CEST    repeat=2 DijkstraPrims: status=ok
2026-07-28 10:53:43 CEST  op-count pass
2026-07-28 10:53:43 CEST    BBMSCore: SKIP (walled at N=11000)
2026-07-28 10:53:43 CEST    BBMSInter: SKIP (walled at N=18000)
2026-07-28 10:53:43 CEST    BBMSDppInstant: SKIP (walled at N=18000)
2026-07-28 10:53:43 CEST    BBMSDppStepwise: running...
2026-07-28 10:56:20 CEST    BBMSDppStepwise: status=ok
2026-07-28 10:56:20 CEST    DijkstraPrims: running...
2026-07-28 10:56:23 CEST    DijkstraPrims: status=ok
2026-07-28 10:56:23 CEST  cross-algorithm agreement: ok
2026-07-28 10:56:23 CEST  sample=1
2026-07-28 10:56:23 CEST  runtime/memory pass
2026-07-28 10:56:23 CEST    repeat=0 BBMSCore: SKIP (walled at N=11000)
2026-07-28 10:56:23 CEST    repeat=0 BBMSInter: SKIP (walled at N=18000)
2026-07-28 10:56:23 CEST    repeat=0 BBMSDppInstant: SKIP (walled at N=18000)
2026-07-28 10:56:23 CEST    repeat=0 BBMSDppStepwise: running...
2026-07-28 10:58:58 CEST    repeat=0 BBMSDppStepwise: status=ok
2026-07-28 10:58:58 CEST    repeat=0 DijkstraPrims: running...
2026-07-28 11:01:33 CEST    repeat=0 DijkstraPrims: status=ok
2026-07-28 11:01:33 CEST    repeat=1 BBMSCore: SKIP (walled at N=11000)
2026-07-28 11:01:33 CEST    repeat=1 BBMSInter: SKIP (walled at N=18000)
2026-07-28 11:01:33 CEST    repeat=1 BBMSDppInstant: SKIP (walled at N=18000)
2026-07-28 11:01:33 CEST    repeat=1 BBMSDppStepwise: running...
2026-07-28 11:04:09 CEST    repeat=1 BBMSDppStepwise: status=ok
2026-07-28 11:04:09 CEST    repeat=1 DijkstraPrims: running...
2026-07-28 11:06:43 CEST    repeat=1 DijkstraPrims: status=ok
2026-07-28 11:06:43 CEST    repeat=2 BBMSCore: SKIP (walled at N=11000)
2026-07-28 11:06:43 CEST    repeat=2 BBMSInter: SKIP (walled at N=18000)
2026-07-28 11:06:43 CEST    repeat=2 BBMSDppInstant: SKIP (walled at N=18000)
2026-07-28 11:06:43 CEST    repeat=2 BBMSDppStepwise: running...
2026-07-28 11:09:18 CEST    repeat=2 BBMSDppStepwise: status=ok
2026-07-28 11:09:18 CEST    repeat=2 DijkstraPrims: running...
2026-07-28 11:11:53 CEST    repeat=2 DijkstraPrims: status=ok
2026-07-28 11:11:53 CEST  op-count pass
2026-07-28 11:11:53 CEST    BBMSCore: SKIP (walled at N=11000)
2026-07-28 11:11:53 CEST    BBMSInter: SKIP (walled at N=18000)
2026-07-28 11:11:53 CEST    BBMSDppInstant: SKIP (walled at N=18000)
2026-07-28 11:11:53 CEST    BBMSDppStepwise: running...
2026-07-28 11:14:30 CEST    BBMSDppStepwise: status=ok
2026-07-28 11:14:30 CEST    DijkstraPrims: running...
2026-07-28 11:17:03 CEST    DijkstraPrims: status=ok
2026-07-28 11:17:03 CEST  cross-algorithm agreement: ok
2026-07-28 11:17:03 CEST  sample=2
2026-07-28 11:17:03 CEST  runtime/memory pass
2026-07-28 11:17:03 CEST    repeat=0 BBMSCore: SKIP (walled at N=11000)
2026-07-28 11:17:03 CEST    repeat=0 BBMSInter: SKIP (walled at N=18000)
2026-07-28 11:17:03 CEST    repeat=0 BBMSDppInstant: SKIP (walled at N=18000)
2026-07-28 11:17:03 CEST    repeat=0 BBMSDppStepwise: running...
2026-07-28 11:19:39 CEST    repeat=0 BBMSDppStepwise: status=ok
2026-07-28 11:19:39 CEST    repeat=0 DijkstraPrims: running...
2026-07-28 11:22:14 CEST    repeat=0 DijkstraPrims: status=ok
2026-07-28 11:22:14 CEST    repeat=1 BBMSCore: SKIP (walled at N=11000)
2026-07-28 11:22:14 CEST    repeat=1 BBMSInter: SKIP (walled at N=18000)
2026-07-28 11:22:14 CEST    repeat=1 BBMSDppInstant: SKIP (walled at N=18000)
2026-07-28 11:22:14 CEST    repeat=1 BBMSDppStepwise: running...
2026-07-28 11:24:52 CEST    repeat=1 BBMSDppStepwise: status=ok
2026-07-28 11:24:52 CEST    repeat=1 DijkstraPrims: running...
2026-07-28 11:27:27 CEST    repeat=1 DijkstraPrims: status=ok
2026-07-28 11:27:27 CEST    repeat=2 BBMSCore: SKIP (walled at N=11000)
2026-07-28 11:27:27 CEST    repeat=2 BBMSInter: SKIP (walled at N=18000)
2026-07-28 11:27:27 CEST    repeat=2 BBMSDppInstant: SKIP (walled at N=18000)
2026-07-28 11:27:27 CEST    repeat=2 BBMSDppStepwise: running...
2026-07-28 11:30:04 CEST    repeat=2 BBMSDppStepwise: status=ok
2026-07-28 11:30:04 CEST    repeat=2 DijkstraPrims: running...
2026-07-28 11:32:39 CEST    repeat=2 DijkstraPrims: status=ok
2026-07-28 11:32:39 CEST  op-count pass
2026-07-28 11:32:39 CEST    BBMSCore: SKIP (walled at N=11000)
2026-07-28 11:32:39 CEST    BBMSInter: SKIP (walled at N=18000)
2026-07-28 11:32:39 CEST    BBMSDppInstant: SKIP (walled at N=18000)
2026-07-28 11:32:39 CEST    BBMSDppStepwise: running...
2026-07-28 11:35:19 CEST    BBMSDppStepwise: status=ok
2026-07-28 11:35:19 CEST    DijkstraPrims: running...
2026-07-28 11:37:52 CEST    DijkstraPrims: status=ok
2026-07-28 11:37:52 CEST  cross-algorithm agreement: ok
2026-07-28 11:37:52 CEST  sample=3
2026-07-28 11:37:52 CEST  runtime/memory pass
2026-07-28 11:37:52 CEST    repeat=0 BBMSCore: SKIP (walled at N=11000)
2026-07-28 11:37:52 CEST    repeat=0 BBMSInter: SKIP (walled at N=18000)
2026-07-28 11:37:52 CEST    repeat=0 BBMSDppInstant: SKIP (walled at N=18000)
2026-07-28 11:37:52 CEST    repeat=0 BBMSDppStepwise: running...
2026-07-28 11:40:28 CEST    repeat=0 BBMSDppStepwise: status=ok
2026-07-28 11:40:28 CEST    repeat=0 DijkstraPrims: running...
2026-07-28 11:41:39 CEST    repeat=0 DijkstraPrims: status=ok
2026-07-28 11:41:39 CEST    repeat=1 BBMSCore: SKIP (walled at N=11000)
2026-07-28 11:41:39 CEST    repeat=1 BBMSInter: SKIP (walled at N=18000)
2026-07-28 11:41:39 CEST    repeat=1 BBMSDppInstant: SKIP (walled at N=18000)
2026-07-28 11:41:39 CEST    repeat=1 BBMSDppStepwise: running...
2026-07-28 11:47:28 CEST  Starting run.
2026-07-28 11:47:28 CEST  Discovered 3 dataset(s): identical, outlier, random
2026-07-28 11:47:28 CEST  Grid (10 points): [500, 830, 1400, 2300, 3900, 6500, 11000, 18000, 30000, 50000]
2026-07-28 11:47:28 CEST    identical: K=5 for every N
2026-07-28 11:47:28 CEST    outlier: K=5 for every N
2026-07-28 11:47:28 CEST    random: K=10 for every N
2026-07-28 11:47:28 CEST  Existing results: 2141 timing row(s), 711 op-count row(s), 6 existing wall(s)
2026-07-28 11:47:28 CEST    wall: identical/BBMSCore already failed at N=11000 (or smaller) -- skipping N>=11000
2026-07-28 11:47:28 CEST    wall: identical/BBMSDppStepwise already failed at N=30000 (or smaller) -- skipping N>=30000
2026-07-28 11:47:28 CEST    wall: outlier/BBMSCore already failed at N=11000 (or smaller) -- skipping N>=11000
2026-07-28 11:47:28 CEST    wall: outlier/BBMSDppStepwise already failed at N=30000 (or smaller) -- skipping N>=30000
2026-07-28 11:47:28 CEST    wall: outlier/DijkstraPrims already failed at N=18000 (or smaller) -- skipping N>=18000
2026-07-28 11:47:28 CEST    wall: random/BBMSCore already failed at N=11000 (or smaller) -- skipping N>=11000
2026-07-28 11:47:28 CEST  === dataset: identical ===
2026-07-28 11:47:28 CEST  --- N=500 ---
2026-07-28 11:47:28 CEST  sample=0
2026-07-28 11:47:28 CEST  runtime/memory pass
2026-07-28 11:47:28 CEST    repeat=0 BBMSCore: SKIP (already completed)
2026-07-28 11:47:28 CEST    repeat=0 BBMSInter: SKIP (already completed)
2026-07-28 11:47:28 CEST    repeat=0 BBMSDppInstant: SKIP (already completed)
2026-07-28 11:47:28 CEST    repeat=0 BBMSDppStepwise: SKIP (already completed)
2026-07-28 11:47:28 CEST    repeat=0 DijkstraPrims: SKIP (already completed)
2026-07-28 11:47:28 CEST    repeat=1 BBMSCore: SKIP (already completed)
2026-07-28 11:47:28 CEST    repeat=1 BBMSInter: SKIP (already completed)
2026-07-28 11:47:28 CEST    repeat=1 BBMSDppInstant: SKIP (already completed)
2026-07-28 11:47:28 CEST    repeat=1 BBMSDppStepwise: SKIP (already completed)
2026-07-28 11:47:28 CEST    repeat=1 DijkstraPrims: SKIP (already completed)
2026-07-28 11:47:28 CEST    repeat=2 BBMSCore: SKIP (already completed)
2026-07-28 11:47:28 CEST    repeat=2 BBMSInter: SKIP (already completed)
2026-07-28 11:47:28 CEST    repeat=2 BBMSDppInstant: SKIP (already completed)
2026-07-28 11:47:28 CEST    repeat=2 BBMSDppStepwise: SKIP (already completed)
2026-07-28 11:47:28 CEST    repeat=2 DijkstraPrims: SKIP (already completed)
2026-07-28 11:47:28 CEST  op-count pass
2026-07-28 11:47:28 CEST    BBMSCore: SKIP (already completed)
2026-07-28 11:47:28 CEST    BBMSInter: SKIP (already completed)
2026-07-28 11:47:28 CEST    BBMSDppInstant: SKIP (already completed)
2026-07-28 11:47:28 CEST    BBMSDppStepwise: SKIP (already completed)
2026-07-28 11:47:28 CEST    DijkstraPrims: SKIP (already completed)
2026-07-28 11:47:28 CEST  cross-algorithm agreement: ok
2026-07-28 11:47:28 CEST  sample=1
2026-07-28 11:47:28 CEST  runtime/memory pass
2026-07-28 11:47:28 CEST    repeat=0 BBMSCore: SKIP (already completed)
2026-07-28 11:47:28 CEST    repeat=0 BBMSInter: SKIP (already completed)
2026-07-28 11:47:28 CEST    repeat=0 BBMSDppInstant: SKIP (already completed)
2026-07-28 11:47:28 CEST    repeat=0 BBMSDppStepwise: SKIP (already completed)
2026-07-28 11:47:28 CEST    repeat=0 DijkstraPrims: SKIP (already completed)
2026-07-28 11:47:28 CEST    repeat=1 BBMSCore: SKIP (already completed)
2026-07-28 11:47:28 CEST    repeat=1 BBMSInter: SKIP (already completed)
2026-07-28 11:47:28 CEST    repeat=1 BBMSDppInstant: SKIP (already completed)
2026-07-28 11:47:28 CEST    repeat=1 BBMSDppStepwise: SKIP (already completed)
2026-07-28 11:47:28 CEST    repeat=1 DijkstraPrims: SKIP (already completed)
2026-07-28 11:47:28 CEST    repeat=2 BBMSCore: SKIP (already completed)
2026-07-28 11:47:28 CEST    repeat=2 BBMSInter: SKIP (already completed)
2026-07-28 11:47:28 CEST    repeat=2 BBMSDppInstant: SKIP (already completed)
2026-07-28 11:47:28 CEST    repeat=2 BBMSDppStepwise: SKIP (already completed)
2026-07-28 11:47:28 CEST    repeat=2 DijkstraPrims: SKIP (already completed)
2026-07-28 11:47:28 CEST  op-count pass
2026-07-28 11:47:28 CEST    BBMSCore: SKIP (already completed)
2026-07-28 11:47:28 CEST    BBMSInter: SKIP (already completed)
2026-07-28 11:47:28 CEST    BBMSDppInstant: SKIP (already completed)
2026-07-28 11:47:28 CEST    BBMSDppStepwise: SKIP (already completed)
2026-07-28 11:47:28 CEST    DijkstraPrims: SKIP (already completed)
2026-07-28 11:47:28 CEST  cross-algorithm agreement: ok
2026-07-28 11:47:28 CEST  sample=2
2026-07-28 11:47:28 CEST  runtime/memory pass
2026-07-28 11:47:28 CEST    repeat=0 BBMSCore: SKIP (already completed)
2026-07-28 11:47:28 CEST    repeat=0 BBMSInter: SKIP (already completed)
2026-07-28 11:47:28 CEST    repeat=0 BBMSDppInstant: SKIP (already completed)
2026-07-28 11:47:28 CEST    repeat=0 BBMSDppStepwise: SKIP (already completed)
2026-07-28 11:47:28 CEST    repeat=0 DijkstraPrims: SKIP (already completed)
2026-07-28 11:47:28 CEST    repeat=1 BBMSCore: SKIP (already completed)
2026-07-28 11:47:28 CEST    repeat=1 BBMSInter: SKIP (already completed)
2026-07-28 11:47:28 CEST    repeat=1 BBMSDppInstant: SKIP (already completed)
2026-07-28 11:47:28 CEST    repeat=1 BBMSDppStepwise: SKIP (already completed)
2026-07-28 11:47:28 CEST    repeat=1 DijkstraPrims: SKIP (already completed)
2026-07-28 11:47:28 CEST    repeat=2 BBMSCore: SKIP (already completed)
2026-07-28 11:47:28 CEST    repeat=2 BBMSInter: SKIP (already completed)
2026-07-28 11:47:28 CEST    repeat=2 BBMSDppInstant: SKIP (already completed)
2026-07-28 11:47:28 CEST    repeat=2 BBMSDppStepwise: SKIP (already completed)
2026-07-28 11:47:28 CEST    repeat=2 DijkstraPrims: SKIP (already completed)
2026-07-28 11:47:28 CEST  op-count pass
2026-07-28 11:47:28 CEST    BBMSCore: SKIP (already completed)
2026-07-28 11:47:28 CEST    BBMSInter: SKIP (already completed)
2026-07-28 11:47:28 CEST    BBMSDppInstant: SKIP (already completed)
2026-07-28 11:47:28 CEST    BBMSDppStepwise: SKIP (already completed)
2026-07-28 11:47:28 CEST    DijkstraPrims: SKIP (already completed)
2026-07-28 11:47:28 CEST  cross-algorithm agreement: ok
2026-07-28 11:47:28 CEST  sample=3
2026-07-28 11:47:28 CEST  runtime/memory pass
2026-07-28 11:47:28 CEST    repeat=0 BBMSCore: SKIP (already completed)
2026-07-28 11:47:28 CEST    repeat=0 BBMSInter: SKIP (already completed)
2026-07-28 11:47:28 CEST    repeat=0 BBMSDppInstant: SKIP (already completed)
2026-07-28 11:47:28 CEST    repeat=0 BBMSDppStepwise: SKIP (already completed)
2026-07-28 11:47:28 CEST    repeat=0 DijkstraPrims: SKIP (already completed)
2026-07-28 11:47:28 CEST    repeat=1 BBMSCore: SKIP (already completed)
2026-07-28 11:47:28 CEST    repeat=1 BBMSInter: SKIP (already completed)
2026-07-28 11:47:28 CEST    repeat=1 BBMSDppInstant: SKIP (already completed)
2026-07-28 11:47:28 CEST    repeat=1 BBMSDppStepwise: SKIP (already completed)
2026-07-28 11:47:28 CEST    repeat=1 DijkstraPrims: SKIP (already completed)
2026-07-28 11:47:28 CEST    repeat=2 BBMSCore: SKIP (already completed)
2026-07-28 11:47:28 CEST    repeat=2 BBMSInter: SKIP (already completed)
2026-07-28 11:47:28 CEST    repeat=2 BBMSDppInstant: SKIP (already completed)
2026-07-28 11:47:28 CEST    repeat=2 BBMSDppStepwise: SKIP (already completed)
2026-07-28 11:47:28 CEST    repeat=2 DijkstraPrims: SKIP (already completed)
2026-07-28 11:47:28 CEST  op-count pass
2026-07-28 11:47:28 CEST    BBMSCore: SKIP (already completed)
2026-07-28 11:47:28 CEST    BBMSInter: SKIP (already completed)
2026-07-28 11:47:28 CEST    BBMSDppInstant: SKIP (already completed)
2026-07-28 11:47:28 CEST    BBMSDppStepwise: SKIP (already completed)
2026-07-28 11:47:28 CEST    DijkstraPrims: SKIP (already completed)
2026-07-28 11:47:28 CEST  cross-algorithm agreement: ok
2026-07-28 11:47:28 CEST  sample=4
2026-07-28 11:47:28 CEST  runtime/memory pass
2026-07-28 11:47:28 CEST    repeat=0 BBMSCore: SKIP (already completed)
2026-07-28 11:47:28 CEST    repeat=0 BBMSInter: SKIP (already completed)
2026-07-28 11:47:28 CEST    repeat=0 BBMSDppInstant: SKIP (already completed)
2026-07-28 11:47:28 CEST    repeat=0 BBMSDppStepwise: SKIP (already completed)
2026-07-28 11:47:28 CEST    repeat=0 DijkstraPrims: SKIP (already completed)
2026-07-28 11:47:28 CEST    repeat=1 BBMSCore: SKIP (already completed)
2026-07-28 11:47:28 CEST    repeat=1 BBMSInter: SKIP (already completed)
2026-07-28 11:47:28 CEST    repeat=1 BBMSDppInstant: SKIP (already completed)
2026-07-28 11:47:28 CEST    repeat=1 BBMSDppStepwise: SKIP (already completed)
2026-07-28 11:47:28 CEST    repeat=1 DijkstraPrims: SKIP (already completed)
2026-07-28 11:47:28 CEST    repeat=2 BBMSCore: SKIP (already completed)
2026-07-28 11:47:28 CEST    repeat=2 BBMSInter: SKIP (already completed)
2026-07-28 11:47:28 CEST    repeat=2 BBMSDppInstant: SKIP (already completed)
2026-07-28 11:47:28 CEST    repeat=2 BBMSDppStepwise: SKIP (already completed)
2026-07-28 11:47:28 CEST    repeat=2 DijkstraPrims: SKIP (already completed)
2026-07-28 11:47:28 CEST  op-count pass
2026-07-28 11:47:28 CEST    BBMSCore: SKIP (already completed)
2026-07-28 11:47:28 CEST    BBMSInter: SKIP (already completed)
2026-07-28 11:47:28 CEST    BBMSDppInstant: SKIP (already completed)
2026-07-28 11:47:28 CEST    BBMSDppStepwise: SKIP (already completed)
2026-07-28 11:47:28 CEST    DijkstraPrims: SKIP (already completed)
2026-07-28 11:47:28 CEST  cross-algorithm agreement: ok
2026-07-28 11:47:28 CEST  --- N=830 ---
2026-07-28 11:47:28 CEST  sample=0
2026-07-28 11:47:28 CEST  runtime/memory pass
2026-07-28 11:47:28 CEST    repeat=0 BBMSCore: SKIP (already completed)
2026-07-28 11:47:28 CEST    repeat=0 BBMSInter: SKIP (already completed)
2026-07-28 11:47:28 CEST    repeat=0 BBMSDppInstant: SKIP (already completed)
2026-07-28 11:47:28 CEST    repeat=0 BBMSDppStepwise: SKIP (already completed)
2026-07-28 11:47:28 CEST    repeat=0 DijkstraPrims: SKIP (already completed)
2026-07-28 11:47:28 CEST    repeat=1 BBMSCore: SKIP (already completed)
2026-07-28 11:47:28 CEST    repeat=1 BBMSInter: SKIP (already completed)
2026-07-28 11:47:28 CEST    repeat=1 BBMSDppInstant: SKIP (already completed)
2026-07-28 11:47:28 CEST    repeat=1 BBMSDppStepwise: SKIP (already completed)
2026-07-28 11:47:28 CEST    repeat=1 DijkstraPrims: SKIP (already completed)
2026-07-28 11:47:28 CEST    repeat=2 BBMSCore: SKIP (already completed)
2026-07-28 11:47:28 CEST    repeat=2 BBMSInter: SKIP (already completed)
2026-07-28 11:47:28 CEST    repeat=2 BBMSDppInstant: SKIP (already completed)
2026-07-28 11:47:28 CEST    repeat=2 BBMSDppStepwise: SKIP (already completed)
2026-07-28 11:47:28 CEST    repeat=2 DijkstraPrims: SKIP (already completed)
2026-07-28 11:47:28 CEST  op-count pass
2026-07-28 11:47:28 CEST    BBMSCore: SKIP (already completed)
2026-07-28 11:47:28 CEST    BBMSInter: SKIP (already completed)
2026-07-28 11:47:28 CEST    BBMSDppInstant: SKIP (already completed)
2026-07-28 11:47:28 CEST    BBMSDppStepwise: SKIP (already completed)
2026-07-28 11:47:28 CEST    DijkstraPrims: SKIP (already completed)
2026-07-28 11:47:28 CEST  cross-algorithm agreement: ok
2026-07-28 11:47:28 CEST  sample=1
2026-07-28 11:47:28 CEST  runtime/memory pass
2026-07-28 11:47:28 CEST    repeat=0 BBMSCore: SKIP (already completed)
2026-07-28 11:47:28 CEST    repeat=0 BBMSInter: SKIP (already completed)
2026-07-28 11:47:28 CEST    repeat=0 BBMSDppInstant: SKIP (already completed)
2026-07-28 11:47:28 CEST    repeat=0 BBMSDppStepwise: SKIP (already completed)
2026-07-28 11:47:28 CEST    repeat=0 DijkstraPrims: SKIP (already completed)
2026-07-28 11:47:28 CEST    repeat=1 BBMSCore: SKIP (already completed)
2026-07-28 11:47:28 CEST    repeat=1 BBMSInter: SKIP (already completed)
2026-07-28 11:47:28 CEST    repeat=1 BBMSDppInstant: SKIP (already completed)
2026-07-28 11:47:28 CEST    repeat=1 BBMSDppStepwise: SKIP (already completed)
2026-07-28 11:47:28 CEST    repeat=1 DijkstraPrims: SKIP (already completed)
2026-07-28 11:47:28 CEST    repeat=2 BBMSCore: SKIP (already completed)
2026-07-28 11:47:28 CEST    repeat=2 BBMSInter: SKIP (already completed)
2026-07-28 11:47:28 CEST    repeat=2 BBMSDppInstant: SKIP (already completed)
2026-07-28 11:47:28 CEST    repeat=2 BBMSDppStepwise: SKIP (already completed)
2026-07-28 11:47:28 CEST    repeat=2 DijkstraPrims: SKIP (already completed)
2026-07-28 11:47:28 CEST  op-count pass
2026-07-28 11:47:28 CEST    BBMSCore: SKIP (already completed)
2026-07-28 11:47:28 CEST    BBMSInter: SKIP (already completed)
2026-07-28 11:47:28 CEST    BBMSDppInstant: SKIP (already completed)
2026-07-28 11:47:28 CEST    BBMSDppStepwise: SKIP (already completed)
2026-07-28 11:47:28 CEST    DijkstraPrims: SKIP (already completed)
2026-07-28 11:47:28 CEST  cross-algorithm agreement: ok
2026-07-28 11:47:28 CEST  sample=2
2026-07-28 11:47:28 CEST  runtime/memory pass
2026-07-28 11:47:28 CEST    repeat=0 BBMSCore: SKIP (already completed)
2026-07-28 11:47:28 CEST    repeat=0 BBMSInter: SKIP (already completed)
2026-07-28 11:47:28 CEST    repeat=0 BBMSDppInstant: SKIP (already completed)
2026-07-28 11:47:28 CEST    repeat=0 BBMSDppStepwise: SKIP (already completed)
2026-07-28 11:47:28 CEST    repeat=0 DijkstraPrims: SKIP (already completed)
2026-07-28 11:47:28 CEST    repeat=1 BBMSCore: SKIP (already completed)
2026-07-28 11:47:28 CEST    repeat=1 BBMSInter: SKIP (already completed)
2026-07-28 11:47:28 CEST    repeat=1 BBMSDppInstant: SKIP (already completed)
2026-07-28 11:47:28 CEST    repeat=1 BBMSDppStepwise: SKIP (already completed)
2026-07-28 11:47:28 CEST    repeat=1 DijkstraPrims: SKIP (already completed)
2026-07-28 11:47:28 CEST    repeat=2 BBMSCore: SKIP (already completed)
2026-07-28 11:47:28 CEST    repeat=2 BBMSInter: SKIP (already completed)
2026-07-28 11:47:28 CEST    repeat=2 BBMSDppInstant: SKIP (already completed)
2026-07-28 11:47:28 CEST    repeat=2 BBMSDppStepwise: SKIP (already completed)
2026-07-28 11:47:28 CEST    repeat=2 DijkstraPrims: SKIP (already completed)
2026-07-28 11:47:28 CEST  op-count pass
2026-07-28 11:47:28 CEST    BBMSCore: SKIP (already completed)
2026-07-28 11:47:28 CEST    BBMSInter: SKIP (already completed)
2026-07-28 11:47:28 CEST    BBMSDppInstant: SKIP (already completed)
2026-07-28 11:47:28 CEST    BBMSDppStepwise: SKIP (already completed)
2026-07-28 11:47:28 CEST    DijkstraPrims: SKIP (already completed)
2026-07-28 11:47:28 CEST  cross-algorithm agreement: ok
2026-07-28 11:47:28 CEST  sample=3
2026-07-28 11:47:28 CEST  runtime/memory pass
2026-07-28 11:47:28 CEST    repeat=0 BBMSCore: SKIP (already completed)
2026-07-28 11:47:28 CEST    repeat=0 BBMSInter: SKIP (already completed)
2026-07-28 11:47:28 CEST    repeat=0 BBMSDppInstant: SKIP (already completed)
2026-07-28 11:47:28 CEST    repeat=0 BBMSDppStepwise: SKIP (already completed)
2026-07-28 11:47:28 CEST    repeat=0 DijkstraPrims: SKIP (already completed)
2026-07-28 11:47:28 CEST    repeat=1 BBMSCore: SKIP (already completed)
2026-07-28 11:47:28 CEST    repeat=1 BBMSInter: SKIP (already completed)
2026-07-28 11:47:28 CEST    repeat=1 BBMSDppInstant: SKIP (already completed)
2026-07-28 11:47:28 CEST    repeat=1 BBMSDppStepwise: SKIP (already completed)
2026-07-28 11:47:28 CEST    repeat=1 DijkstraPrims: SKIP (already completed)
2026-07-28 11:47:28 CEST    repeat=2 BBMSCore: SKIP (already completed)
2026-07-28 11:47:28 CEST    repeat=2 BBMSInter: SKIP (already completed)
2026-07-28 11:47:28 CEST    repeat=2 BBMSDppInstant: SKIP (already completed)
2026-07-28 11:47:28 CEST    repeat=2 BBMSDppStepwise: SKIP (already completed)
2026-07-28 11:47:28 CEST    repeat=2 DijkstraPrims: SKIP (already completed)
2026-07-28 11:47:28 CEST  op-count pass
2026-07-28 11:47:28 CEST    BBMSCore: SKIP (already completed)
2026-07-28 11:47:28 CEST    BBMSInter: SKIP (already completed)
2026-07-28 11:47:28 CEST    BBMSDppInstant: SKIP (already completed)
2026-07-28 11:47:28 CEST    BBMSDppStepwise: SKIP (already completed)
2026-07-28 11:47:28 CEST    DijkstraPrims: SKIP (already completed)
2026-07-28 11:47:28 CEST  cross-algorithm agreement: ok
2026-07-28 11:47:28 CEST  sample=4
2026-07-28 11:47:28 CEST  runtime/memory pass
2026-07-28 11:47:28 CEST    repeat=0 BBMSCore: SKIP (already completed)
2026-07-28 11:47:28 CEST    repeat=0 BBMSInter: SKIP (already completed)
2026-07-28 11:47:28 CEST    repeat=0 BBMSDppInstant: SKIP (already completed)
2026-07-28 11:47:28 CEST    repeat=0 BBMSDppStepwise: SKIP (already completed)
2026-07-28 11:47:28 CEST    repeat=0 DijkstraPrims: SKIP (already completed)
2026-07-28 11:47:28 CEST    repeat=1 BBMSCore: SKIP (already completed)
2026-07-28 11:47:28 CEST    repeat=1 BBMSInter: SKIP (already completed)
2026-07-28 11:47:28 CEST    repeat=1 BBMSDppInstant: SKIP (already completed)
2026-07-28 11:47:28 CEST    repeat=1 BBMSDppStepwise: SKIP (already completed)
2026-07-28 11:47:28 CEST    repeat=1 DijkstraPrims: SKIP (already completed)
2026-07-28 11:47:28 CEST    repeat=2 BBMSCore: SKIP (already completed)
2026-07-28 11:47:28 CEST    repeat=2 BBMSInter: SKIP (already completed)
2026-07-28 11:47:28 CEST    repeat=2 BBMSDppInstant: SKIP (already completed)
2026-07-28 11:47:28 CEST    repeat=2 BBMSDppStepwise: SKIP (already completed)
2026-07-28 11:47:28 CEST    repeat=2 DijkstraPrims: SKIP (already completed)
2026-07-28 11:47:28 CEST  op-count pass
2026-07-28 11:47:28 CEST    BBMSCore: SKIP (already completed)
2026-07-28 11:47:28 CEST    BBMSInter: SKIP (already completed)
2026-07-28 11:47:28 CEST    BBMSDppInstant: SKIP (already completed)
2026-07-28 11:47:28 CEST    BBMSDppStepwise: SKIP (already completed)
2026-07-28 11:47:28 CEST    DijkstraPrims: SKIP (already completed)
2026-07-28 11:47:28 CEST  cross-algorithm agreement: ok
2026-07-28 11:47:28 CEST  --- N=1400 ---
2026-07-28 11:47:28 CEST  sample=0
2026-07-28 11:47:28 CEST  runtime/memory pass
2026-07-28 11:47:28 CEST    repeat=0 BBMSCore: SKIP (already completed)
2026-07-28 11:47:28 CEST    repeat=0 BBMSInter: SKIP (already completed)
2026-07-28 11:47:28 CEST    repeat=0 BBMSDppInstant: SKIP (already completed)
2026-07-28 11:47:28 CEST    repeat=0 BBMSDppStepwise: SKIP (already completed)
2026-07-28 11:47:28 CEST    repeat=0 DijkstraPrims: SKIP (already completed)
2026-07-28 11:47:28 CEST    repeat=1 BBMSCore: SKIP (already completed)
2026-07-28 11:47:28 CEST    repeat=1 BBMSInter: SKIP (already completed)
2026-07-28 11:47:28 CEST    repeat=1 BBMSDppInstant: SKIP (already completed)
2026-07-28 11:47:28 CEST    repeat=1 BBMSDppStepwise: SKIP (already completed)
2026-07-28 11:47:28 CEST    repeat=1 DijkstraPrims: SKIP (already completed)
2026-07-28 11:47:28 CEST    repeat=2 BBMSCore: SKIP (already completed)
2026-07-28 11:47:28 CEST    repeat=2 BBMSInter: SKIP (already completed)
2026-07-28 11:47:28 CEST    repeat=2 BBMSDppInstant: SKIP (already completed)
2026-07-28 11:47:28 CEST    repeat=2 BBMSDppStepwise: SKIP (already completed)
2026-07-28 11:47:28 CEST    repeat=2 DijkstraPrims: SKIP (already completed)
2026-07-28 11:47:28 CEST  op-count pass
2026-07-28 11:47:28 CEST    BBMSCore: SKIP (already completed)
2026-07-28 11:47:28 CEST    BBMSInter: SKIP (already completed)
2026-07-28 11:47:28 CEST    BBMSDppInstant: SKIP (already completed)
2026-07-28 11:47:28 CEST    BBMSDppStepwise: SKIP (already completed)
2026-07-28 11:47:28 CEST    DijkstraPrims: SKIP (already completed)
2026-07-28 11:47:28 CEST  cross-algorithm agreement: ok
2026-07-28 11:47:28 CEST  sample=1
2026-07-28 11:47:28 CEST  runtime/memory pass
2026-07-28 11:47:28 CEST    repeat=0 BBMSCore: SKIP (already completed)
2026-07-28 11:47:28 CEST    repeat=0 BBMSInter: SKIP (already completed)
2026-07-28 11:47:28 CEST    repeat=0 BBMSDppInstant: SKIP (already completed)
2026-07-28 11:47:28 CEST    repeat=0 BBMSDppStepwise: SKIP (already completed)
2026-07-28 11:47:28 CEST    repeat=0 DijkstraPrims: SKIP (already completed)
2026-07-28 11:47:28 CEST    repeat=1 BBMSCore: SKIP (already completed)
2026-07-28 11:47:28 CEST    repeat=1 BBMSInter: SKIP (already completed)
2026-07-28 11:47:28 CEST    repeat=1 BBMSDppInstant: SKIP (already completed)
2026-07-28 11:47:28 CEST    repeat=1 BBMSDppStepwise: SKIP (already completed)
2026-07-28 11:47:28 CEST    repeat=1 DijkstraPrims: SKIP (already completed)
2026-07-28 11:47:28 CEST    repeat=2 BBMSCore: SKIP (already completed)
2026-07-28 11:47:28 CEST    repeat=2 BBMSInter: SKIP (already completed)
2026-07-28 11:47:28 CEST    repeat=2 BBMSDppInstant: SKIP (already completed)
2026-07-28 11:47:28 CEST    repeat=2 BBMSDppStepwise: SKIP (already completed)
2026-07-28 11:47:28 CEST    repeat=2 DijkstraPrims: SKIP (already completed)
2026-07-28 11:47:28 CEST  op-count pass
2026-07-28 11:47:28 CEST    BBMSCore: SKIP (already completed)
2026-07-28 11:47:28 CEST    BBMSInter: SKIP (already completed)
2026-07-28 11:47:28 CEST    BBMSDppInstant: SKIP (already completed)
2026-07-28 11:47:28 CEST    BBMSDppStepwise: SKIP (already completed)
2026-07-28 11:47:28 CEST    DijkstraPrims: SKIP (already completed)
2026-07-28 11:47:28 CEST  cross-algorithm agreement: ok
2026-07-28 11:47:28 CEST  sample=2
2026-07-28 11:47:28 CEST  runtime/memory pass
2026-07-28 11:47:28 CEST    repeat=0 BBMSCore: SKIP (already completed)
2026-07-28 11:47:28 CEST    repeat=0 BBMSInter: SKIP (already completed)
2026-07-28 11:47:28 CEST    repeat=0 BBMSDppInstant: SKIP (already completed)
2026-07-28 11:47:28 CEST    repeat=0 BBMSDppStepwise: SKIP (already completed)
2026-07-28 11:47:28 CEST    repeat=0 DijkstraPrims: SKIP (already completed)
2026-07-28 11:47:28 CEST    repeat=1 BBMSCore: SKIP (already completed)
2026-07-28 11:47:28 CEST    repeat=1 BBMSInter: SKIP (already completed)
2026-07-28 11:47:28 CEST    repeat=1 BBMSDppInstant: SKIP (already completed)
2026-07-28 11:47:28 CEST    repeat=1 BBMSDppStepwise: SKIP (already completed)
2026-07-28 11:47:28 CEST    repeat=1 DijkstraPrims: SKIP (already completed)
2026-07-28 11:47:28 CEST    repeat=2 BBMSCore: SKIP (already completed)
2026-07-28 11:47:28 CEST    repeat=2 BBMSInter: SKIP (already completed)
2026-07-28 11:47:28 CEST    repeat=2 BBMSDppInstant: SKIP (already completed)
2026-07-28 11:47:28 CEST    repeat=2 BBMSDppStepwise: SKIP (already completed)
2026-07-28 11:47:28 CEST    repeat=2 DijkstraPrims: SKIP (already completed)
2026-07-28 11:47:28 CEST  op-count pass
2026-07-28 11:47:28 CEST    BBMSCore: SKIP (already completed)
2026-07-28 11:47:28 CEST    BBMSInter: SKIP (already completed)
2026-07-28 11:47:28 CEST    BBMSDppInstant: SKIP (already completed)
2026-07-28 11:47:28 CEST    BBMSDppStepwise: SKIP (already completed)
2026-07-28 11:47:28 CEST    DijkstraPrims: SKIP (already completed)
2026-07-28 11:47:28 CEST  cross-algorithm agreement: ok
2026-07-28 11:47:28 CEST  sample=3
2026-07-28 11:47:28 CEST  runtime/memory pass
2026-07-28 11:47:28 CEST    repeat=0 BBMSCore: SKIP (already completed)
2026-07-28 11:47:28 CEST    repeat=0 BBMSInter: SKIP (already completed)
2026-07-28 11:47:28 CEST    repeat=0 BBMSDppInstant: SKIP (already completed)
2026-07-28 11:47:28 CEST    repeat=0 BBMSDppStepwise: SKIP (already completed)
2026-07-28 11:47:28 CEST    repeat=0 DijkstraPrims: SKIP (already completed)
2026-07-28 11:47:28 CEST    repeat=1 BBMSCore: SKIP (already completed)
2026-07-28 11:47:28 CEST    repeat=1 BBMSInter: SKIP (already completed)
2026-07-28 11:47:28 CEST    repeat=1 BBMSDppInstant: SKIP (already completed)
2026-07-28 11:47:28 CEST    repeat=1 BBMSDppStepwise: SKIP (already completed)
2026-07-28 11:47:28 CEST    repeat=1 DijkstraPrims: SKIP (already completed)
2026-07-28 11:47:28 CEST    repeat=2 BBMSCore: SKIP (already completed)
2026-07-28 11:47:28 CEST    repeat=2 BBMSInter: SKIP (already completed)
2026-07-28 11:47:28 CEST    repeat=2 BBMSDppInstant: SKIP (already completed)
2026-07-28 11:47:28 CEST    repeat=2 BBMSDppStepwise: SKIP (already completed)
2026-07-28 11:47:28 CEST    repeat=2 DijkstraPrims: SKIP (already completed)
2026-07-28 11:47:28 CEST  op-count pass
2026-07-28 11:47:28 CEST    BBMSCore: SKIP (already completed)
2026-07-28 11:47:28 CEST    BBMSInter: SKIP (already completed)
2026-07-28 11:47:28 CEST    BBMSDppInstant: SKIP (already completed)
2026-07-28 11:47:28 CEST    BBMSDppStepwise: SKIP (already completed)
2026-07-28 11:47:28 CEST    DijkstraPrims: SKIP (already completed)
2026-07-28 11:47:28 CEST  cross-algorithm agreement: ok
2026-07-28 11:47:28 CEST  sample=4
2026-07-28 11:47:28 CEST  runtime/memory pass
2026-07-28 11:47:28 CEST    repeat=0 BBMSCore: SKIP (already completed)
2026-07-28 11:47:28 CEST    repeat=0 BBMSInter: SKIP (already completed)
2026-07-28 11:47:28 CEST    repeat=0 BBMSDppInstant: SKIP (already completed)
2026-07-28 11:47:28 CEST    repeat=0 BBMSDppStepwise: SKIP (already completed)
2026-07-28 11:47:28 CEST    repeat=0 DijkstraPrims: SKIP (already completed)
2026-07-28 11:47:28 CEST    repeat=1 BBMSCore: SKIP (already completed)
2026-07-28 11:47:28 CEST    repeat=1 BBMSInter: SKIP (already completed)
2026-07-28 11:47:28 CEST    repeat=1 BBMSDppInstant: SKIP (already completed)
2026-07-28 11:47:28 CEST    repeat=1 BBMSDppStepwise: SKIP (already completed)
2026-07-28 11:47:28 CEST    repeat=1 DijkstraPrims: SKIP (already completed)
2026-07-28 11:47:28 CEST    repeat=2 BBMSCore: SKIP (already completed)
2026-07-28 11:47:28 CEST    repeat=2 BBMSInter: SKIP (already completed)
2026-07-28 11:47:28 CEST    repeat=2 BBMSDppInstant: SKIP (already completed)
2026-07-28 11:47:28 CEST    repeat=2 BBMSDppStepwise: SKIP (already completed)
2026-07-28 11:47:28 CEST    repeat=2 DijkstraPrims: SKIP (already completed)
2026-07-28 11:47:28 CEST  op-count pass
2026-07-28 11:47:28 CEST    BBMSCore: SKIP (already completed)
2026-07-28 11:47:28 CEST    BBMSInter: SKIP (already completed)
2026-07-28 11:47:28 CEST    BBMSDppInstant: SKIP (already completed)
2026-07-28 11:47:28 CEST    BBMSDppStepwise: SKIP (already completed)
2026-07-28 11:47:28 CEST    DijkstraPrims: SKIP (already completed)
2026-07-28 11:47:28 CEST  cross-algorithm agreement: ok
2026-07-28 11:47:28 CEST  --- N=2300 ---
2026-07-28 11:47:28 CEST  sample=0
2026-07-28 11:47:28 CEST  runtime/memory pass
2026-07-28 11:47:28 CEST    repeat=0 BBMSCore: SKIP (already completed)
2026-07-28 11:47:28 CEST    repeat=0 BBMSInter: SKIP (already completed)
2026-07-28 11:47:28 CEST    repeat=0 BBMSDppInstant: SKIP (already completed)
2026-07-28 11:47:28 CEST    repeat=0 BBMSDppStepwise: SKIP (already completed)
2026-07-28 11:47:28 CEST    repeat=0 DijkstraPrims: SKIP (already completed)
2026-07-28 11:47:28 CEST    repeat=1 BBMSCore: SKIP (already completed)
2026-07-28 11:47:28 CEST    repeat=1 BBMSInter: SKIP (already completed)
2026-07-28 11:47:28 CEST    repeat=1 BBMSDppInstant: SKIP (already completed)
2026-07-28 11:47:28 CEST    repeat=1 BBMSDppStepwise: SKIP (already completed)
2026-07-28 11:47:28 CEST    repeat=1 DijkstraPrims: SKIP (already completed)
2026-07-28 11:47:28 CEST    repeat=2 BBMSCore: SKIP (already completed)
2026-07-28 11:47:28 CEST    repeat=2 BBMSInter: SKIP (already completed)
2026-07-28 11:47:28 CEST    repeat=2 BBMSDppInstant: SKIP (already completed)
2026-07-28 11:47:28 CEST    repeat=2 BBMSDppStepwise: SKIP (already completed)
2026-07-28 11:47:28 CEST    repeat=2 DijkstraPrims: SKIP (already completed)
2026-07-28 11:47:28 CEST  op-count pass
2026-07-28 11:47:28 CEST    BBMSCore: SKIP (already completed)
2026-07-28 11:47:28 CEST    BBMSInter: SKIP (already completed)
2026-07-28 11:47:28 CEST    BBMSDppInstant: SKIP (already completed)
2026-07-28 11:47:28 CEST    BBMSDppStepwise: SKIP (already completed)
2026-07-28 11:47:28 CEST    DijkstraPrims: SKIP (already completed)
2026-07-28 11:47:28 CEST  cross-algorithm agreement: ok
2026-07-28 11:47:28 CEST  sample=1
2026-07-28 11:47:28 CEST  runtime/memory pass
2026-07-28 11:47:28 CEST    repeat=0 BBMSCore: SKIP (already completed)
2026-07-28 11:47:28 CEST    repeat=0 BBMSInter: SKIP (already completed)
2026-07-28 11:47:28 CEST    repeat=0 BBMSDppInstant: SKIP (already completed)
2026-07-28 11:47:28 CEST    repeat=0 BBMSDppStepwise: SKIP (already completed)
2026-07-28 11:47:28 CEST    repeat=0 DijkstraPrims: SKIP (already completed)
2026-07-28 11:47:28 CEST    repeat=1 BBMSCore: SKIP (already completed)
2026-07-28 11:47:28 CEST    repeat=1 BBMSInter: SKIP (already completed)
2026-07-28 11:47:28 CEST    repeat=1 BBMSDppInstant: SKIP (already completed)
2026-07-28 11:47:28 CEST    repeat=1 BBMSDppStepwise: SKIP (already completed)
2026-07-28 11:47:28 CEST    repeat=1 DijkstraPrims: SKIP (already completed)
2026-07-28 11:47:28 CEST    repeat=2 BBMSCore: SKIP (already completed)
2026-07-28 11:47:28 CEST    repeat=2 BBMSInter: SKIP (already completed)
2026-07-28 11:47:28 CEST    repeat=2 BBMSDppInstant: SKIP (already completed)
2026-07-28 11:47:28 CEST    repeat=2 BBMSDppStepwise: SKIP (already completed)
2026-07-28 11:47:28 CEST    repeat=2 DijkstraPrims: SKIP (already completed)
2026-07-28 11:47:28 CEST  op-count pass
2026-07-28 11:47:28 CEST    BBMSCore: SKIP (already completed)
2026-07-28 11:47:28 CEST    BBMSInter: SKIP (already completed)
2026-07-28 11:47:28 CEST    BBMSDppInstant: SKIP (already completed)
2026-07-28 11:47:28 CEST    BBMSDppStepwise: SKIP (already completed)
2026-07-28 11:47:28 CEST    DijkstraPrims: SKIP (already completed)
2026-07-28 11:47:28 CEST  cross-algorithm agreement: ok
2026-07-28 11:47:28 CEST  sample=2
2026-07-28 11:47:28 CEST  runtime/memory pass
2026-07-28 11:47:28 CEST    repeat=0 BBMSCore: SKIP (already completed)
2026-07-28 11:47:28 CEST    repeat=0 BBMSInter: SKIP (already completed)
2026-07-28 11:47:28 CEST    repeat=0 BBMSDppInstant: SKIP (already completed)
2026-07-28 11:47:28 CEST    repeat=0 BBMSDppStepwise: SKIP (already completed)
2026-07-28 11:47:28 CEST    repeat=0 DijkstraPrims: SKIP (already completed)
2026-07-28 11:47:28 CEST    repeat=1 BBMSCore: SKIP (already completed)
2026-07-28 11:47:28 CEST    repeat=1 BBMSInter: SKIP (already completed)
2026-07-28 11:47:28 CEST    repeat=1 BBMSDppInstant: SKIP (already completed)
2026-07-28 11:47:28 CEST    repeat=1 BBMSDppStepwise: SKIP (already completed)
2026-07-28 11:47:28 CEST    repeat=1 DijkstraPrims: SKIP (already completed)
2026-07-28 11:47:28 CEST    repeat=2 BBMSCore: SKIP (already completed)
2026-07-28 11:47:28 CEST    repeat=2 BBMSInter: SKIP (already completed)
2026-07-28 11:47:28 CEST    repeat=2 BBMSDppInstant: SKIP (already completed)
2026-07-28 11:47:28 CEST    repeat=2 BBMSDppStepwise: SKIP (already completed)
2026-07-28 11:47:28 CEST    repeat=2 DijkstraPrims: SKIP (already completed)
2026-07-28 11:47:28 CEST  op-count pass
2026-07-28 11:47:28 CEST    BBMSCore: SKIP (already completed)
2026-07-28 11:47:28 CEST    BBMSInter: SKIP (already completed)
2026-07-28 11:47:28 CEST    BBMSDppInstant: SKIP (already completed)
2026-07-28 11:47:28 CEST    BBMSDppStepwise: SKIP (already completed)
2026-07-28 11:47:28 CEST    DijkstraPrims: SKIP (already completed)
2026-07-28 11:47:28 CEST  cross-algorithm agreement: ok
2026-07-28 11:47:28 CEST  sample=3
2026-07-28 11:47:28 CEST  runtime/memory pass
2026-07-28 11:47:28 CEST    repeat=0 BBMSCore: SKIP (already completed)
2026-07-28 11:47:28 CEST    repeat=0 BBMSInter: SKIP (already completed)
2026-07-28 11:47:28 CEST    repeat=0 BBMSDppInstant: SKIP (already completed)
2026-07-28 11:47:28 CEST    repeat=0 BBMSDppStepwise: SKIP (already completed)
2026-07-28 11:47:28 CEST    repeat=0 DijkstraPrims: SKIP (already completed)
2026-07-28 11:47:28 CEST    repeat=1 BBMSCore: SKIP (already completed)
2026-07-28 11:47:28 CEST    repeat=1 BBMSInter: SKIP (already completed)
2026-07-28 11:47:28 CEST    repeat=1 BBMSDppInstant: SKIP (already completed)
2026-07-28 11:47:28 CEST    repeat=1 BBMSDppStepwise: SKIP (already completed)
2026-07-28 11:47:28 CEST    repeat=1 DijkstraPrims: SKIP (already completed)
2026-07-28 11:47:28 CEST    repeat=2 BBMSCore: SKIP (already completed)
2026-07-28 11:47:28 CEST    repeat=2 BBMSInter: SKIP (already completed)
2026-07-28 11:47:28 CEST    repeat=2 BBMSDppInstant: SKIP (already completed)
2026-07-28 11:47:28 CEST    repeat=2 BBMSDppStepwise: SKIP (already completed)
2026-07-28 11:47:28 CEST    repeat=2 DijkstraPrims: SKIP (already completed)
2026-07-28 11:47:28 CEST  op-count pass
2026-07-28 11:47:28 CEST    BBMSCore: SKIP (already completed)
2026-07-28 11:47:28 CEST    BBMSInter: SKIP (already completed)
2026-07-28 11:47:28 CEST    BBMSDppInstant: SKIP (already completed)
2026-07-28 11:47:28 CEST    BBMSDppStepwise: SKIP (already completed)
2026-07-28 11:47:28 CEST    DijkstraPrims: SKIP (already completed)
2026-07-28 11:47:28 CEST  cross-algorithm agreement: ok
2026-07-28 11:47:28 CEST  sample=4
2026-07-28 11:47:28 CEST  runtime/memory pass
2026-07-28 11:47:28 CEST    repeat=0 BBMSCore: SKIP (already completed)
2026-07-28 11:47:28 CEST    repeat=0 BBMSInter: SKIP (already completed)
2026-07-28 11:47:28 CEST    repeat=0 BBMSDppInstant: SKIP (already completed)
2026-07-28 11:47:28 CEST    repeat=0 BBMSDppStepwise: SKIP (already completed)
2026-07-28 11:47:28 CEST    repeat=0 DijkstraPrims: SKIP (already completed)
2026-07-28 11:47:28 CEST    repeat=1 BBMSCore: SKIP (already completed)
2026-07-28 11:47:28 CEST    repeat=1 BBMSInter: SKIP (already completed)
2026-07-28 11:47:28 CEST    repeat=1 BBMSDppInstant: SKIP (already completed)
2026-07-28 11:47:28 CEST    repeat=1 BBMSDppStepwise: SKIP (already completed)
2026-07-28 11:47:28 CEST    repeat=1 DijkstraPrims: SKIP (already completed)
2026-07-28 11:47:28 CEST    repeat=2 BBMSCore: SKIP (already completed)
2026-07-28 11:47:28 CEST    repeat=2 BBMSInter: SKIP (already completed)
2026-07-28 11:47:28 CEST    repeat=2 BBMSDppInstant: SKIP (already completed)
2026-07-28 11:47:28 CEST    repeat=2 BBMSDppStepwise: SKIP (already completed)
2026-07-28 11:47:28 CEST    repeat=2 DijkstraPrims: SKIP (already completed)
2026-07-28 11:47:28 CEST  op-count pass
2026-07-28 11:47:28 CEST    BBMSCore: SKIP (already completed)
2026-07-28 11:47:28 CEST    BBMSInter: SKIP (already completed)
2026-07-28 11:47:28 CEST    BBMSDppInstant: SKIP (already completed)
2026-07-28 11:47:28 CEST    BBMSDppStepwise: SKIP (already completed)
2026-07-28 11:47:28 CEST    DijkstraPrims: SKIP (already completed)
2026-07-28 11:47:28 CEST  cross-algorithm agreement: ok
2026-07-28 11:47:28 CEST  --- N=3900 ---
2026-07-28 11:47:28 CEST  sample=0
2026-07-28 11:47:28 CEST  runtime/memory pass
2026-07-28 11:47:28 CEST    repeat=0 BBMSCore: SKIP (already completed)
2026-07-28 11:47:28 CEST    repeat=0 BBMSInter: SKIP (already completed)
2026-07-28 11:47:28 CEST    repeat=0 BBMSDppInstant: SKIP (already completed)
2026-07-28 11:47:28 CEST    repeat=0 BBMSDppStepwise: SKIP (already completed)
2026-07-28 11:47:28 CEST    repeat=0 DijkstraPrims: SKIP (already completed)
2026-07-28 11:47:28 CEST    repeat=1 BBMSCore: SKIP (already completed)
2026-07-28 11:47:28 CEST    repeat=1 BBMSInter: SKIP (already completed)
2026-07-28 11:47:28 CEST    repeat=1 BBMSDppInstant: SKIP (already completed)
2026-07-28 11:47:28 CEST    repeat=1 BBMSDppStepwise: SKIP (already completed)
2026-07-28 11:47:28 CEST    repeat=1 DijkstraPrims: SKIP (already completed)
2026-07-28 11:47:28 CEST    repeat=2 BBMSCore: SKIP (already completed)
2026-07-28 11:47:28 CEST    repeat=2 BBMSInter: SKIP (already completed)
2026-07-28 11:47:28 CEST    repeat=2 BBMSDppInstant: SKIP (already completed)
2026-07-28 11:47:28 CEST    repeat=2 BBMSDppStepwise: SKIP (already completed)
2026-07-28 11:47:28 CEST    repeat=2 DijkstraPrims: SKIP (already completed)
2026-07-28 11:47:28 CEST  op-count pass
2026-07-28 11:47:28 CEST    BBMSCore: SKIP (already completed)
2026-07-28 11:47:28 CEST    BBMSInter: SKIP (already completed)
2026-07-28 11:47:28 CEST    BBMSDppInstant: SKIP (already completed)
2026-07-28 11:47:28 CEST    BBMSDppStepwise: SKIP (already completed)
2026-07-28 11:47:28 CEST    DijkstraPrims: SKIP (already completed)
2026-07-28 11:47:28 CEST  cross-algorithm agreement: ok
2026-07-28 11:47:28 CEST  sample=1
2026-07-28 11:47:28 CEST  runtime/memory pass
2026-07-28 11:47:28 CEST    repeat=0 BBMSCore: SKIP (already completed)
2026-07-28 11:47:28 CEST    repeat=0 BBMSInter: SKIP (already completed)
2026-07-28 11:47:28 CEST    repeat=0 BBMSDppInstant: SKIP (already completed)
2026-07-28 11:47:28 CEST    repeat=0 BBMSDppStepwise: SKIP (already completed)
2026-07-28 11:47:28 CEST    repeat=0 DijkstraPrims: SKIP (already completed)
2026-07-28 11:47:28 CEST    repeat=1 BBMSCore: SKIP (already completed)
2026-07-28 11:47:28 CEST    repeat=1 BBMSInter: SKIP (already completed)
2026-07-28 11:47:28 CEST    repeat=1 BBMSDppInstant: SKIP (already completed)
2026-07-28 11:47:28 CEST    repeat=1 BBMSDppStepwise: SKIP (already completed)
2026-07-28 11:47:28 CEST    repeat=1 DijkstraPrims: SKIP (already completed)
2026-07-28 11:47:28 CEST    repeat=2 BBMSCore: SKIP (already completed)
2026-07-28 11:47:28 CEST    repeat=2 BBMSInter: SKIP (already completed)
2026-07-28 11:47:28 CEST    repeat=2 BBMSDppInstant: SKIP (already completed)
2026-07-28 11:47:28 CEST    repeat=2 BBMSDppStepwise: SKIP (already completed)
2026-07-28 11:47:28 CEST    repeat=2 DijkstraPrims: SKIP (already completed)
2026-07-28 11:47:28 CEST  op-count pass
2026-07-28 11:47:28 CEST    BBMSCore: SKIP (already completed)
2026-07-28 11:47:28 CEST    BBMSInter: SKIP (already completed)
2026-07-28 11:47:28 CEST    BBMSDppInstant: SKIP (already completed)
2026-07-28 11:47:28 CEST    BBMSDppStepwise: SKIP (already completed)
2026-07-28 11:47:28 CEST    DijkstraPrims: SKIP (already completed)
2026-07-28 11:47:28 CEST  cross-algorithm agreement: ok
2026-07-28 11:47:28 CEST  sample=2
2026-07-28 11:47:28 CEST  runtime/memory pass
2026-07-28 11:47:28 CEST    repeat=0 BBMSCore: SKIP (already completed)
2026-07-28 11:47:28 CEST    repeat=0 BBMSInter: SKIP (already completed)
2026-07-28 11:47:28 CEST    repeat=0 BBMSDppInstant: SKIP (already completed)
2026-07-28 11:47:28 CEST    repeat=0 BBMSDppStepwise: SKIP (already completed)
2026-07-28 11:47:28 CEST    repeat=0 DijkstraPrims: SKIP (already completed)
2026-07-28 11:47:28 CEST    repeat=1 BBMSCore: SKIP (already completed)
2026-07-28 11:47:28 CEST    repeat=1 BBMSInter: SKIP (already completed)
2026-07-28 11:47:28 CEST    repeat=1 BBMSDppInstant: SKIP (already completed)
2026-07-28 11:47:28 CEST    repeat=1 BBMSDppStepwise: SKIP (already completed)
2026-07-28 11:47:28 CEST    repeat=1 DijkstraPrims: SKIP (already completed)
2026-07-28 11:47:28 CEST    repeat=2 BBMSCore: SKIP (already completed)
2026-07-28 11:47:28 CEST    repeat=2 BBMSInter: SKIP (already completed)
2026-07-28 11:47:28 CEST    repeat=2 BBMSDppInstant: SKIP (already completed)
2026-07-28 11:47:28 CEST    repeat=2 BBMSDppStepwise: SKIP (already completed)
2026-07-28 11:47:28 CEST    repeat=2 DijkstraPrims: SKIP (already completed)
2026-07-28 11:47:28 CEST  op-count pass
2026-07-28 11:47:28 CEST    BBMSCore: SKIP (already completed)
2026-07-28 11:47:28 CEST    BBMSInter: SKIP (already completed)
2026-07-28 11:47:28 CEST    BBMSDppInstant: SKIP (already completed)
2026-07-28 11:47:28 CEST    BBMSDppStepwise: SKIP (already completed)
2026-07-28 11:47:28 CEST    DijkstraPrims: SKIP (already completed)
2026-07-28 11:47:28 CEST  cross-algorithm agreement: ok
2026-07-28 11:47:28 CEST  sample=3
2026-07-28 11:47:28 CEST  runtime/memory pass
2026-07-28 11:47:28 CEST    repeat=0 BBMSCore: SKIP (already completed)
2026-07-28 11:47:28 CEST    repeat=0 BBMSInter: SKIP (already completed)
2026-07-28 11:47:28 CEST    repeat=0 BBMSDppInstant: SKIP (already completed)
2026-07-28 11:47:28 CEST    repeat=0 BBMSDppStepwise: SKIP (already completed)
2026-07-28 11:47:28 CEST    repeat=0 DijkstraPrims: SKIP (already completed)
2026-07-28 11:47:28 CEST    repeat=1 BBMSCore: SKIP (already completed)
2026-07-28 11:47:28 CEST    repeat=1 BBMSInter: SKIP (already completed)
2026-07-28 11:47:28 CEST    repeat=1 BBMSDppInstant: SKIP (already completed)
2026-07-28 11:47:28 CEST    repeat=1 BBMSDppStepwise: SKIP (already completed)
2026-07-28 11:47:28 CEST    repeat=1 DijkstraPrims: SKIP (already completed)
2026-07-28 11:47:28 CEST    repeat=2 BBMSCore: SKIP (already completed)
2026-07-28 11:47:28 CEST    repeat=2 BBMSInter: SKIP (already completed)
2026-07-28 11:47:28 CEST    repeat=2 BBMSDppInstant: SKIP (already completed)
2026-07-28 11:47:28 CEST    repeat=2 BBMSDppStepwise: SKIP (already completed)
2026-07-28 11:47:28 CEST    repeat=2 DijkstraPrims: SKIP (already completed)
2026-07-28 11:47:28 CEST  op-count pass
2026-07-28 11:47:28 CEST    BBMSCore: SKIP (already completed)
2026-07-28 11:47:28 CEST    BBMSInter: SKIP (already completed)
2026-07-28 11:47:28 CEST    BBMSDppInstant: SKIP (already completed)
2026-07-28 11:47:28 CEST    BBMSDppStepwise: SKIP (already completed)
2026-07-28 11:47:28 CEST    DijkstraPrims: SKIP (already completed)
2026-07-28 11:47:28 CEST  cross-algorithm agreement: ok
2026-07-28 11:47:28 CEST  sample=4
2026-07-28 11:47:28 CEST  runtime/memory pass
2026-07-28 11:47:28 CEST    repeat=0 BBMSCore: SKIP (already completed)
2026-07-28 11:47:28 CEST    repeat=0 BBMSInter: SKIP (already completed)
2026-07-28 11:47:28 CEST    repeat=0 BBMSDppInstant: SKIP (already completed)
2026-07-28 11:47:28 CEST    repeat=0 BBMSDppStepwise: SKIP (already completed)
2026-07-28 11:47:28 CEST    repeat=0 DijkstraPrims: SKIP (already completed)
2026-07-28 11:47:28 CEST    repeat=1 BBMSCore: SKIP (already completed)
2026-07-28 11:47:28 CEST    repeat=1 BBMSInter: SKIP (already completed)
2026-07-28 11:47:28 CEST    repeat=1 BBMSDppInstant: SKIP (already completed)
2026-07-28 11:47:28 CEST    repeat=1 BBMSDppStepwise: SKIP (already completed)
2026-07-28 11:47:28 CEST    repeat=1 DijkstraPrims: SKIP (already completed)
2026-07-28 11:47:28 CEST    repeat=2 BBMSCore: SKIP (already completed)
2026-07-28 11:47:28 CEST    repeat=2 BBMSInter: SKIP (already completed)
2026-07-28 11:47:28 CEST    repeat=2 BBMSDppInstant: SKIP (already completed)
2026-07-28 11:47:28 CEST    repeat=2 BBMSDppStepwise: SKIP (already completed)
2026-07-28 11:47:28 CEST    repeat=2 DijkstraPrims: SKIP (already completed)
2026-07-28 11:47:28 CEST  op-count pass
2026-07-28 11:47:28 CEST    BBMSCore: SKIP (already completed)
2026-07-28 11:47:28 CEST    BBMSInter: SKIP (already completed)
2026-07-28 11:47:28 CEST    BBMSDppInstant: SKIP (already completed)
2026-07-28 11:47:28 CEST    BBMSDppStepwise: SKIP (already completed)
2026-07-28 11:47:28 CEST    DijkstraPrims: SKIP (already completed)
2026-07-28 11:47:28 CEST  cross-algorithm agreement: ok
2026-07-28 11:47:28 CEST  --- N=6500 ---
2026-07-28 11:47:28 CEST  sample=0
2026-07-28 11:47:28 CEST  runtime/memory pass
2026-07-28 11:47:28 CEST    repeat=0 BBMSCore: SKIP (already completed)
2026-07-28 11:47:28 CEST    repeat=0 BBMSInter: SKIP (already completed)
2026-07-28 11:47:28 CEST    repeat=0 BBMSDppInstant: SKIP (already completed)
2026-07-28 11:47:28 CEST    repeat=0 BBMSDppStepwise: SKIP (already completed)
2026-07-28 11:47:28 CEST    repeat=0 DijkstraPrims: SKIP (already completed)
2026-07-28 11:47:28 CEST    repeat=1 BBMSCore: SKIP (already completed)
2026-07-28 11:47:28 CEST    repeat=1 BBMSInter: SKIP (already completed)
2026-07-28 11:47:28 CEST    repeat=1 BBMSDppInstant: SKIP (already completed)
2026-07-28 11:47:28 CEST    repeat=1 BBMSDppStepwise: SKIP (already completed)
2026-07-28 11:47:28 CEST    repeat=1 DijkstraPrims: SKIP (already completed)
2026-07-28 11:47:28 CEST    repeat=2 BBMSCore: SKIP (already completed)
2026-07-28 11:47:28 CEST    repeat=2 BBMSInter: SKIP (already completed)
2026-07-28 11:47:28 CEST    repeat=2 BBMSDppInstant: SKIP (already completed)
2026-07-28 11:47:28 CEST    repeat=2 BBMSDppStepwise: SKIP (already completed)
2026-07-28 11:47:28 CEST    repeat=2 DijkstraPrims: SKIP (already completed)
2026-07-28 11:47:28 CEST  op-count pass
2026-07-28 11:47:28 CEST    BBMSCore: SKIP (already completed)
2026-07-28 11:47:28 CEST    BBMSInter: SKIP (already completed)
2026-07-28 11:47:28 CEST    BBMSDppInstant: SKIP (already completed)
2026-07-28 11:47:28 CEST    BBMSDppStepwise: SKIP (already completed)
2026-07-28 11:47:28 CEST    DijkstraPrims: SKIP (already completed)
2026-07-28 11:47:28 CEST  cross-algorithm agreement: ok
2026-07-28 11:47:28 CEST  sample=1
2026-07-28 11:47:28 CEST  runtime/memory pass
2026-07-28 11:47:28 CEST    repeat=0 BBMSCore: SKIP (already completed)
2026-07-28 11:47:28 CEST    repeat=0 BBMSInter: SKIP (already completed)
2026-07-28 11:47:28 CEST    repeat=0 BBMSDppInstant: SKIP (already completed)
2026-07-28 11:47:28 CEST    repeat=0 BBMSDppStepwise: SKIP (already completed)
2026-07-28 11:47:28 CEST    repeat=0 DijkstraPrims: SKIP (already completed)
2026-07-28 11:47:28 CEST    repeat=1 BBMSCore: SKIP (already completed)
2026-07-28 11:47:28 CEST    repeat=1 BBMSInter: SKIP (already completed)
2026-07-28 11:47:28 CEST    repeat=1 BBMSDppInstant: SKIP (already completed)
2026-07-28 11:47:28 CEST    repeat=1 BBMSDppStepwise: SKIP (already completed)
2026-07-28 11:47:28 CEST    repeat=1 DijkstraPrims: SKIP (already completed)
2026-07-28 11:47:28 CEST    repeat=2 BBMSCore: SKIP (already completed)
2026-07-28 11:47:28 CEST    repeat=2 BBMSInter: SKIP (already completed)
2026-07-28 11:47:28 CEST    repeat=2 BBMSDppInstant: SKIP (already completed)
2026-07-28 11:47:28 CEST    repeat=2 BBMSDppStepwise: SKIP (already completed)
2026-07-28 11:47:28 CEST    repeat=2 DijkstraPrims: SKIP (already completed)
2026-07-28 11:47:28 CEST  op-count pass
2026-07-28 11:47:28 CEST    BBMSCore: SKIP (already completed)
2026-07-28 11:47:28 CEST    BBMSInter: SKIP (already completed)
2026-07-28 11:47:28 CEST    BBMSDppInstant: SKIP (already completed)
2026-07-28 11:47:28 CEST    BBMSDppStepwise: SKIP (already completed)
2026-07-28 11:47:28 CEST    DijkstraPrims: SKIP (already completed)
2026-07-28 11:47:28 CEST  cross-algorithm agreement: ok
2026-07-28 11:47:28 CEST  sample=2
2026-07-28 11:47:28 CEST  runtime/memory pass
2026-07-28 11:47:28 CEST    repeat=0 BBMSCore: SKIP (already completed)
2026-07-28 11:47:28 CEST    repeat=0 BBMSInter: SKIP (already completed)
2026-07-28 11:47:28 CEST    repeat=0 BBMSDppInstant: SKIP (already completed)
2026-07-28 11:47:28 CEST    repeat=0 BBMSDppStepwise: SKIP (already completed)
2026-07-28 11:47:28 CEST    repeat=0 DijkstraPrims: SKIP (already completed)
2026-07-28 11:47:28 CEST    repeat=1 BBMSCore: SKIP (already completed)
2026-07-28 11:47:28 CEST    repeat=1 BBMSInter: SKIP (already completed)
2026-07-28 11:47:28 CEST    repeat=1 BBMSDppInstant: SKIP (already completed)
2026-07-28 11:47:28 CEST    repeat=1 BBMSDppStepwise: SKIP (already completed)
2026-07-28 11:47:28 CEST    repeat=1 DijkstraPrims: SKIP (already completed)
2026-07-28 11:47:28 CEST    repeat=2 BBMSCore: SKIP (already completed)
2026-07-28 11:47:28 CEST    repeat=2 BBMSInter: SKIP (already completed)
2026-07-28 11:47:28 CEST    repeat=2 BBMSDppInstant: SKIP (already completed)
2026-07-28 11:47:28 CEST    repeat=2 BBMSDppStepwise: SKIP (already completed)
2026-07-28 11:47:28 CEST    repeat=2 DijkstraPrims: SKIP (already completed)
2026-07-28 11:47:28 CEST  op-count pass
2026-07-28 11:47:28 CEST    BBMSCore: SKIP (already completed)
2026-07-28 11:47:28 CEST    BBMSInter: SKIP (already completed)
2026-07-28 11:47:28 CEST    BBMSDppInstant: SKIP (already completed)
2026-07-28 11:47:28 CEST    BBMSDppStepwise: SKIP (already completed)
2026-07-28 11:47:28 CEST    DijkstraPrims: SKIP (already completed)
2026-07-28 11:47:28 CEST  cross-algorithm agreement: ok
2026-07-28 11:47:28 CEST  sample=3
2026-07-28 11:47:28 CEST  runtime/memory pass
2026-07-28 11:47:28 CEST    repeat=0 BBMSCore: SKIP (already completed)
2026-07-28 11:47:28 CEST    repeat=0 BBMSInter: SKIP (already completed)
2026-07-28 11:47:28 CEST    repeat=0 BBMSDppInstant: SKIP (already completed)
2026-07-28 11:47:28 CEST    repeat=0 BBMSDppStepwise: SKIP (already completed)
2026-07-28 11:47:28 CEST    repeat=0 DijkstraPrims: SKIP (already completed)
2026-07-28 11:47:28 CEST    repeat=1 BBMSCore: SKIP (already completed)
2026-07-28 11:47:28 CEST    repeat=1 BBMSInter: SKIP (already completed)
2026-07-28 11:47:28 CEST    repeat=1 BBMSDppInstant: SKIP (already completed)
2026-07-28 11:47:28 CEST    repeat=1 BBMSDppStepwise: SKIP (already completed)
2026-07-28 11:47:28 CEST    repeat=1 DijkstraPrims: SKIP (already completed)
2026-07-28 11:47:28 CEST    repeat=2 BBMSCore: SKIP (already completed)
2026-07-28 11:47:28 CEST    repeat=2 BBMSInter: SKIP (already completed)
2026-07-28 11:47:28 CEST    repeat=2 BBMSDppInstant: SKIP (already completed)
2026-07-28 11:47:28 CEST    repeat=2 BBMSDppStepwise: SKIP (already completed)
2026-07-28 11:47:28 CEST    repeat=2 DijkstraPrims: SKIP (already completed)
2026-07-28 11:47:28 CEST  op-count pass
2026-07-28 11:47:28 CEST    BBMSCore: SKIP (already completed)
2026-07-28 11:47:28 CEST    BBMSInter: SKIP (already completed)
2026-07-28 11:47:28 CEST    BBMSDppInstant: SKIP (already completed)
2026-07-28 11:47:28 CEST    BBMSDppStepwise: SKIP (already completed)
2026-07-28 11:47:28 CEST    DijkstraPrims: SKIP (already completed)
2026-07-28 11:47:28 CEST  cross-algorithm agreement: ok
2026-07-28 11:47:28 CEST  sample=4
2026-07-28 11:47:28 CEST  runtime/memory pass
2026-07-28 11:47:28 CEST    repeat=0 BBMSCore: SKIP (already completed)
2026-07-28 11:47:28 CEST    repeat=0 BBMSInter: SKIP (already completed)
2026-07-28 11:47:28 CEST    repeat=0 BBMSDppInstant: SKIP (already completed)
2026-07-28 11:47:28 CEST    repeat=0 BBMSDppStepwise: SKIP (already completed)
2026-07-28 11:47:28 CEST    repeat=0 DijkstraPrims: SKIP (already completed)
2026-07-28 11:47:28 CEST    repeat=1 BBMSCore: SKIP (already completed)
2026-07-28 11:47:28 CEST    repeat=1 BBMSInter: SKIP (already completed)
2026-07-28 11:47:28 CEST    repeat=1 BBMSDppInstant: SKIP (already completed)
2026-07-28 11:47:28 CEST    repeat=1 BBMSDppStepwise: SKIP (already completed)
2026-07-28 11:47:28 CEST    repeat=1 DijkstraPrims: SKIP (already completed)
2026-07-28 11:47:28 CEST    repeat=2 BBMSCore: SKIP (already completed)
2026-07-28 11:47:28 CEST    repeat=2 BBMSInter: SKIP (already completed)
2026-07-28 11:47:28 CEST    repeat=2 BBMSDppInstant: SKIP (already completed)
2026-07-28 11:47:28 CEST    repeat=2 BBMSDppStepwise: SKIP (already completed)
2026-07-28 11:47:28 CEST    repeat=2 DijkstraPrims: SKIP (already completed)
2026-07-28 11:47:28 CEST  op-count pass
2026-07-28 11:47:28 CEST    BBMSCore: SKIP (already completed)
2026-07-28 11:47:28 CEST    BBMSInter: SKIP (already completed)
2026-07-28 11:47:28 CEST    BBMSDppInstant: SKIP (already completed)
2026-07-28 11:47:28 CEST    BBMSDppStepwise: SKIP (already completed)
2026-07-28 11:47:28 CEST    DijkstraPrims: SKIP (already completed)
2026-07-28 11:47:28 CEST  cross-algorithm agreement: ok
2026-07-28 11:47:28 CEST  --- N=11000 ---
2026-07-28 11:47:28 CEST  sample=0
2026-07-28 11:47:28 CEST  runtime/memory pass
2026-07-28 11:47:28 CEST    repeat=0 BBMSCore: SKIP (walled at N=11000)
2026-07-28 11:47:28 CEST    repeat=0 BBMSInter: SKIP (already completed)
2026-07-28 11:47:28 CEST    repeat=0 BBMSDppInstant: SKIP (already completed)
2026-07-28 11:47:28 CEST    repeat=0 BBMSDppStepwise: SKIP (already completed)
2026-07-28 11:47:28 CEST    repeat=0 DijkstraPrims: SKIP (already completed)
2026-07-28 11:47:28 CEST    repeat=1 BBMSCore: SKIP (walled at N=11000)
2026-07-28 11:47:28 CEST    repeat=1 BBMSInter: SKIP (already completed)
2026-07-28 11:47:28 CEST    repeat=1 BBMSDppInstant: SKIP (already completed)
2026-07-28 11:47:28 CEST    repeat=1 BBMSDppStepwise: SKIP (already completed)
2026-07-28 11:47:28 CEST    repeat=1 DijkstraPrims: SKIP (already completed)
2026-07-28 11:47:28 CEST    repeat=2 BBMSCore: SKIP (walled at N=11000)
2026-07-28 11:47:28 CEST    repeat=2 BBMSInter: SKIP (already completed)
2026-07-28 11:47:28 CEST    repeat=2 BBMSDppInstant: SKIP (already completed)
2026-07-28 11:47:28 CEST    repeat=2 BBMSDppStepwise: SKIP (already completed)
2026-07-28 11:47:28 CEST    repeat=2 DijkstraPrims: SKIP (already completed)
2026-07-28 11:47:28 CEST  op-count pass
2026-07-28 11:47:28 CEST    BBMSCore: SKIP (walled at N=11000)
2026-07-28 11:47:28 CEST    BBMSInter: SKIP (already completed)
2026-07-28 11:47:28 CEST    BBMSDppInstant: SKIP (already completed)
2026-07-28 11:47:28 CEST    BBMSDppStepwise: SKIP (already completed)
2026-07-28 11:47:28 CEST    DijkstraPrims: SKIP (already completed)
2026-07-28 11:47:28 CEST  cross-algorithm agreement: ok
2026-07-28 11:47:28 CEST  sample=1
2026-07-28 11:47:28 CEST  runtime/memory pass
2026-07-28 11:47:28 CEST    repeat=0 BBMSCore: SKIP (walled at N=11000)
2026-07-28 11:47:28 CEST    repeat=0 BBMSInter: SKIP (already completed)
2026-07-28 11:47:28 CEST    repeat=0 BBMSDppInstant: SKIP (already completed)
2026-07-28 11:47:28 CEST    repeat=0 BBMSDppStepwise: SKIP (already completed)
2026-07-28 11:47:28 CEST    repeat=0 DijkstraPrims: SKIP (already completed)
2026-07-28 11:47:28 CEST    repeat=1 BBMSCore: SKIP (walled at N=11000)
2026-07-28 11:47:28 CEST    repeat=1 BBMSInter: SKIP (already completed)
2026-07-28 11:47:28 CEST    repeat=1 BBMSDppInstant: SKIP (already completed)
2026-07-28 11:47:28 CEST    repeat=1 BBMSDppStepwise: SKIP (already completed)
2026-07-28 11:47:28 CEST    repeat=1 DijkstraPrims: SKIP (already completed)
2026-07-28 11:47:28 CEST    repeat=2 BBMSCore: SKIP (walled at N=11000)
2026-07-28 11:47:28 CEST    repeat=2 BBMSInter: SKIP (already completed)
2026-07-28 11:47:28 CEST    repeat=2 BBMSDppInstant: SKIP (already completed)
2026-07-28 11:47:28 CEST    repeat=2 BBMSDppStepwise: SKIP (already completed)
2026-07-28 11:47:28 CEST    repeat=2 DijkstraPrims: SKIP (already completed)
2026-07-28 11:47:28 CEST  op-count pass
2026-07-28 11:47:28 CEST    BBMSCore: SKIP (walled at N=11000)
2026-07-28 11:47:28 CEST    BBMSInter: SKIP (already completed)
2026-07-28 11:47:28 CEST    BBMSDppInstant: SKIP (already completed)
2026-07-28 11:47:28 CEST    BBMSDppStepwise: SKIP (already completed)
2026-07-28 11:47:28 CEST    DijkstraPrims: SKIP (already completed)
2026-07-28 11:47:28 CEST  cross-algorithm agreement: ok
2026-07-28 11:47:28 CEST  sample=2
2026-07-28 11:47:28 CEST  runtime/memory pass
2026-07-28 11:47:28 CEST    repeat=0 BBMSCore: SKIP (walled at N=11000)
2026-07-28 11:47:28 CEST    repeat=0 BBMSInter: SKIP (already completed)
2026-07-28 11:47:28 CEST    repeat=0 BBMSDppInstant: SKIP (already completed)
2026-07-28 11:47:28 CEST    repeat=0 BBMSDppStepwise: SKIP (already completed)
2026-07-28 11:47:28 CEST    repeat=0 DijkstraPrims: SKIP (already completed)
2026-07-28 11:47:28 CEST    repeat=1 BBMSCore: SKIP (walled at N=11000)
2026-07-28 11:47:28 CEST    repeat=1 BBMSInter: SKIP (already completed)
2026-07-28 11:47:28 CEST    repeat=1 BBMSDppInstant: SKIP (already completed)
2026-07-28 11:47:28 CEST    repeat=1 BBMSDppStepwise: SKIP (already completed)
2026-07-28 11:47:28 CEST    repeat=1 DijkstraPrims: SKIP (already completed)
2026-07-28 11:47:28 CEST    repeat=2 BBMSCore: SKIP (walled at N=11000)
2026-07-28 11:47:28 CEST    repeat=2 BBMSInter: SKIP (already completed)
2026-07-28 11:47:28 CEST    repeat=2 BBMSDppInstant: SKIP (already completed)
2026-07-28 11:47:28 CEST    repeat=2 BBMSDppStepwise: SKIP (already completed)
2026-07-28 11:47:28 CEST    repeat=2 DijkstraPrims: SKIP (already completed)
2026-07-28 11:47:28 CEST  op-count pass
2026-07-28 11:47:28 CEST    BBMSCore: SKIP (walled at N=11000)
2026-07-28 11:47:28 CEST    BBMSInter: SKIP (already completed)
2026-07-28 11:47:28 CEST    BBMSDppInstant: SKIP (already completed)
2026-07-28 11:47:28 CEST    BBMSDppStepwise: SKIP (already completed)
2026-07-28 11:47:28 CEST    DijkstraPrims: SKIP (already completed)
2026-07-28 11:47:28 CEST  cross-algorithm agreement: ok
2026-07-28 11:47:28 CEST  sample=3
2026-07-28 11:47:28 CEST  runtime/memory pass
2026-07-28 11:47:28 CEST    repeat=0 BBMSCore: SKIP (walled at N=11000)
2026-07-28 11:47:28 CEST    repeat=0 BBMSInter: SKIP (already completed)
2026-07-28 11:47:28 CEST    repeat=0 BBMSDppInstant: SKIP (already completed)
2026-07-28 11:47:28 CEST    repeat=0 BBMSDppStepwise: SKIP (already completed)
2026-07-28 11:47:28 CEST    repeat=0 DijkstraPrims: SKIP (already completed)
2026-07-28 11:47:28 CEST    repeat=1 BBMSCore: SKIP (walled at N=11000)
2026-07-28 11:47:28 CEST    repeat=1 BBMSInter: SKIP (already completed)
2026-07-28 11:47:28 CEST    repeat=1 BBMSDppInstant: SKIP (already completed)
2026-07-28 11:47:28 CEST    repeat=1 BBMSDppStepwise: SKIP (already completed)
2026-07-28 11:47:28 CEST    repeat=1 DijkstraPrims: SKIP (already completed)
2026-07-28 11:47:28 CEST    repeat=2 BBMSCore: SKIP (walled at N=11000)
2026-07-28 11:47:28 CEST    repeat=2 BBMSInter: SKIP (already completed)
2026-07-28 11:47:28 CEST    repeat=2 BBMSDppInstant: SKIP (already completed)
2026-07-28 11:47:28 CEST    repeat=2 BBMSDppStepwise: SKIP (already completed)
2026-07-28 11:47:28 CEST    repeat=2 DijkstraPrims: SKIP (already completed)
2026-07-28 11:47:28 CEST  op-count pass
2026-07-28 11:47:28 CEST    BBMSCore: SKIP (walled at N=11000)
2026-07-28 11:47:28 CEST    BBMSInter: SKIP (already completed)
2026-07-28 11:47:28 CEST    BBMSDppInstant: SKIP (already completed)
2026-07-28 11:47:28 CEST    BBMSDppStepwise: SKIP (already completed)
2026-07-28 11:47:28 CEST    DijkstraPrims: SKIP (already completed)
2026-07-28 11:47:28 CEST  cross-algorithm agreement: ok
2026-07-28 11:47:28 CEST  sample=4
2026-07-28 11:47:28 CEST  runtime/memory pass
2026-07-28 11:47:28 CEST    repeat=0 BBMSCore: SKIP (walled at N=11000)
2026-07-28 11:47:28 CEST    repeat=0 BBMSInter: SKIP (already completed)
2026-07-28 11:47:28 CEST    repeat=0 BBMSDppInstant: SKIP (already completed)
2026-07-28 11:47:28 CEST    repeat=0 BBMSDppStepwise: SKIP (already completed)
2026-07-28 11:47:28 CEST    repeat=0 DijkstraPrims: SKIP (already completed)
2026-07-28 11:47:28 CEST    repeat=1 BBMSCore: SKIP (walled at N=11000)
2026-07-28 11:47:28 CEST    repeat=1 BBMSInter: SKIP (already completed)
2026-07-28 11:47:28 CEST    repeat=1 BBMSDppInstant: SKIP (already completed)
2026-07-28 11:47:28 CEST    repeat=1 BBMSDppStepwise: SKIP (already completed)
2026-07-28 11:47:28 CEST    repeat=1 DijkstraPrims: SKIP (already completed)
2026-07-28 11:47:28 CEST    repeat=2 BBMSCore: SKIP (walled at N=11000)
2026-07-28 11:47:28 CEST    repeat=2 BBMSInter: SKIP (already completed)
2026-07-28 11:47:28 CEST    repeat=2 BBMSDppInstant: SKIP (already completed)
2026-07-28 11:47:28 CEST    repeat=2 BBMSDppStepwise: SKIP (already completed)
2026-07-28 11:47:28 CEST    repeat=2 DijkstraPrims: SKIP (already completed)
2026-07-28 11:47:28 CEST  op-count pass
2026-07-28 11:47:28 CEST    BBMSCore: SKIP (walled at N=11000)
2026-07-28 11:47:28 CEST    BBMSInter: SKIP (already completed)
2026-07-28 11:47:28 CEST    BBMSDppInstant: SKIP (already completed)
2026-07-28 11:47:28 CEST    BBMSDppStepwise: SKIP (already completed)
2026-07-28 11:47:28 CEST    DijkstraPrims: SKIP (already completed)
2026-07-28 11:47:28 CEST  cross-algorithm agreement: ok
2026-07-28 11:47:28 CEST  --- N=18000 ---
2026-07-28 11:47:28 CEST  sample=0
2026-07-28 11:47:28 CEST  runtime/memory pass
2026-07-28 11:47:28 CEST    repeat=0 BBMSCore: SKIP (walled at N=11000)
2026-07-28 11:47:28 CEST    repeat=0 BBMSInter: running...
2026-07-28 11:51:38 CEST    repeat=0 BBMSInter: status=ok
2026-07-28 11:51:38 CEST    repeat=0 BBMSDppInstant: running...
2026-07-28 11:58:03 CEST  Starting run.
2026-07-28 11:58:03 CEST  Discovered 3 dataset(s): identical, outlier, random
2026-07-28 11:58:03 CEST  Grid (10 points): [500, 830, 1400, 2300, 3900, 6500, 11000, 18000, 30000, 50000]
2026-07-28 11:58:03 CEST    identical: K=5 for every N
2026-07-28 11:58:03 CEST    outlier: K=5 for every N
2026-07-28 11:58:03 CEST    random: K=10 for every N
2026-07-28 11:58:03 CEST  Existing results: 2141 timing row(s), 711 op-count row(s), 5 existing wall(s)
2026-07-28 11:58:03 CEST    wall: identical/BBMSCore already failed at N=11000 (or smaller) -- skipping N>=11000
2026-07-28 11:58:03 CEST    wall: identical/BBMSDppStepwise already failed at N=30000 (or smaller) -- skipping N>=30000
2026-07-28 11:58:03 CEST    wall: outlier/BBMSCore already failed at N=11000 (or smaller) -- skipping N>=11000
2026-07-28 11:58:03 CEST    wall: outlier/BBMSDppStepwise already failed at N=30000 (or smaller) -- skipping N>=30000
2026-07-28 11:58:03 CEST    wall: random/BBMSCore already failed at N=11000 (or smaller) -- skipping N>=11000
2026-07-28 11:58:03 CEST  === dataset: identical ===
2026-07-28 11:58:03 CEST  --- N=500 ---
2026-07-28 11:58:03 CEST  sample=0
2026-07-28 11:58:03 CEST  runtime/memory pass
2026-07-28 11:58:03 CEST    repeat=0 BBMSCore: SKIP (already completed)
2026-07-28 11:58:03 CEST    repeat=0 BBMSInter: SKIP (already completed)
2026-07-28 11:58:03 CEST    repeat=0 BBMSDppInstant: SKIP (already completed)
2026-07-28 11:58:03 CEST    repeat=0 BBMSDppStepwise: SKIP (already completed)
2026-07-28 11:58:03 CEST    repeat=0 DijkstraPrims: SKIP (already completed)
2026-07-28 11:58:03 CEST    repeat=1 BBMSCore: SKIP (already completed)
2026-07-28 11:58:03 CEST    repeat=1 BBMSInter: SKIP (already completed)
2026-07-28 11:58:03 CEST    repeat=1 BBMSDppInstant: SKIP (already completed)
2026-07-28 11:58:03 CEST    repeat=1 BBMSDppStepwise: SKIP (already completed)
2026-07-28 11:58:03 CEST    repeat=1 DijkstraPrims: SKIP (already completed)
2026-07-28 11:58:03 CEST    repeat=2 BBMSCore: SKIP (already completed)
2026-07-28 11:58:03 CEST    repeat=2 BBMSInter: SKIP (already completed)
2026-07-28 11:58:03 CEST    repeat=2 BBMSDppInstant: SKIP (already completed)
2026-07-28 11:58:03 CEST    repeat=2 BBMSDppStepwise: SKIP (already completed)
2026-07-28 11:58:03 CEST    repeat=2 DijkstraPrims: SKIP (already completed)
2026-07-28 11:58:03 CEST  op-count pass
2026-07-28 11:58:03 CEST    BBMSCore: SKIP (already completed)
2026-07-28 11:58:03 CEST    BBMSInter: SKIP (already completed)
2026-07-28 11:58:03 CEST    BBMSDppInstant: SKIP (already completed)
2026-07-28 11:58:03 CEST    BBMSDppStepwise: SKIP (already completed)
2026-07-28 11:58:03 CEST    DijkstraPrims: SKIP (already completed)
2026-07-28 11:58:03 CEST  cross-algorithm agreement: ok
2026-07-28 11:58:03 CEST  sample=1
2026-07-28 11:58:03 CEST  runtime/memory pass
2026-07-28 11:58:03 CEST    repeat=0 BBMSCore: SKIP (already completed)
2026-07-28 11:58:03 CEST    repeat=0 BBMSInter: SKIP (already completed)
2026-07-28 11:58:03 CEST    repeat=0 BBMSDppInstant: SKIP (already completed)
2026-07-28 11:58:03 CEST    repeat=0 BBMSDppStepwise: SKIP (already completed)
2026-07-28 11:58:03 CEST    repeat=0 DijkstraPrims: SKIP (already completed)
2026-07-28 11:58:03 CEST    repeat=1 BBMSCore: SKIP (already completed)
2026-07-28 11:58:03 CEST    repeat=1 BBMSInter: SKIP (already completed)
2026-07-28 11:58:03 CEST    repeat=1 BBMSDppInstant: SKIP (already completed)
2026-07-28 11:58:03 CEST    repeat=1 BBMSDppStepwise: SKIP (already completed)
2026-07-28 11:58:03 CEST    repeat=1 DijkstraPrims: SKIP (already completed)
2026-07-28 11:58:03 CEST    repeat=2 BBMSCore: SKIP (already completed)
2026-07-28 11:58:03 CEST    repeat=2 BBMSInter: SKIP (already completed)
2026-07-28 11:58:03 CEST    repeat=2 BBMSDppInstant: SKIP (already completed)
2026-07-28 11:58:03 CEST    repeat=2 BBMSDppStepwise: SKIP (already completed)
2026-07-28 11:58:03 CEST    repeat=2 DijkstraPrims: SKIP (already completed)
2026-07-28 11:58:03 CEST  op-count pass
2026-07-28 11:58:03 CEST    BBMSCore: SKIP (already completed)
2026-07-28 11:58:03 CEST    BBMSInter: SKIP (already completed)
2026-07-28 11:58:03 CEST    BBMSDppInstant: SKIP (already completed)
2026-07-28 11:58:03 CEST    BBMSDppStepwise: SKIP (already completed)
2026-07-28 11:58:03 CEST    DijkstraPrims: SKIP (already completed)
2026-07-28 11:58:03 CEST  cross-algorithm agreement: ok
2026-07-28 11:58:03 CEST  sample=2
2026-07-28 11:58:03 CEST  runtime/memory pass
2026-07-28 11:58:03 CEST    repeat=0 BBMSCore: SKIP (already completed)
2026-07-28 11:58:03 CEST    repeat=0 BBMSInter: SKIP (already completed)
2026-07-28 11:58:03 CEST    repeat=0 BBMSDppInstant: SKIP (already completed)
2026-07-28 11:58:03 CEST    repeat=0 BBMSDppStepwise: SKIP (already completed)
2026-07-28 11:58:03 CEST    repeat=0 DijkstraPrims: SKIP (already completed)
2026-07-28 11:58:03 CEST    repeat=1 BBMSCore: SKIP (already completed)
2026-07-28 11:58:03 CEST    repeat=1 BBMSInter: SKIP (already completed)
2026-07-28 11:58:03 CEST    repeat=1 BBMSDppInstant: SKIP (already completed)
2026-07-28 11:58:03 CEST    repeat=1 BBMSDppStepwise: SKIP (already completed)
2026-07-28 11:58:03 CEST    repeat=1 DijkstraPrims: SKIP (already completed)
2026-07-28 11:58:03 CEST    repeat=2 BBMSCore: SKIP (already completed)
2026-07-28 11:58:03 CEST    repeat=2 BBMSInter: SKIP (already completed)
2026-07-28 11:58:03 CEST    repeat=2 BBMSDppInstant: SKIP (already completed)
2026-07-28 11:58:03 CEST    repeat=2 BBMSDppStepwise: SKIP (already completed)
2026-07-28 11:58:03 CEST    repeat=2 DijkstraPrims: SKIP (already completed)
2026-07-28 11:58:03 CEST  op-count pass
2026-07-28 11:58:03 CEST    BBMSCore: SKIP (already completed)
2026-07-28 11:58:03 CEST    BBMSInter: SKIP (already completed)
2026-07-28 11:58:03 CEST    BBMSDppInstant: SKIP (already completed)
2026-07-28 11:58:03 CEST    BBMSDppStepwise: SKIP (already completed)
2026-07-28 11:58:03 CEST    DijkstraPrims: SKIP (already completed)
2026-07-28 11:58:03 CEST  cross-algorithm agreement: ok
2026-07-28 11:58:03 CEST  sample=3
2026-07-28 11:58:03 CEST  runtime/memory pass
2026-07-28 11:58:03 CEST    repeat=0 BBMSCore: SKIP (already completed)
2026-07-28 11:58:03 CEST    repeat=0 BBMSInter: SKIP (already completed)
2026-07-28 11:58:03 CEST    repeat=0 BBMSDppInstant: SKIP (already completed)
2026-07-28 11:58:03 CEST    repeat=0 BBMSDppStepwise: SKIP (already completed)
2026-07-28 11:58:03 CEST    repeat=0 DijkstraPrims: SKIP (already completed)
2026-07-28 11:58:03 CEST    repeat=1 BBMSCore: SKIP (already completed)
2026-07-28 11:58:03 CEST    repeat=1 BBMSInter: SKIP (already completed)
2026-07-28 11:58:03 CEST    repeat=1 BBMSDppInstant: SKIP (already completed)
2026-07-28 11:58:03 CEST    repeat=1 BBMSDppStepwise: SKIP (already completed)
2026-07-28 11:58:03 CEST    repeat=1 DijkstraPrims: SKIP (already completed)
2026-07-28 11:58:03 CEST    repeat=2 BBMSCore: SKIP (already completed)
2026-07-28 11:58:03 CEST    repeat=2 BBMSInter: SKIP (already completed)
2026-07-28 11:58:03 CEST    repeat=2 BBMSDppInstant: SKIP (already completed)
2026-07-28 11:58:03 CEST    repeat=2 BBMSDppStepwise: SKIP (already completed)
2026-07-28 11:58:03 CEST    repeat=2 DijkstraPrims: SKIP (already completed)
2026-07-28 11:58:03 CEST  op-count pass
2026-07-28 11:58:03 CEST    BBMSCore: SKIP (already completed)
2026-07-28 11:58:03 CEST    BBMSInter: SKIP (already completed)
2026-07-28 11:58:03 CEST    BBMSDppInstant: SKIP (already completed)
2026-07-28 11:58:03 CEST    BBMSDppStepwise: SKIP (already completed)
2026-07-28 11:58:03 CEST    DijkstraPrims: SKIP (already completed)
2026-07-28 11:58:03 CEST  cross-algorithm agreement: ok
2026-07-28 11:58:03 CEST  sample=4
2026-07-28 11:58:03 CEST  runtime/memory pass
2026-07-28 11:58:03 CEST    repeat=0 BBMSCore: SKIP (already completed)
2026-07-28 11:58:03 CEST    repeat=0 BBMSInter: SKIP (already completed)
2026-07-28 11:58:03 CEST    repeat=0 BBMSDppInstant: SKIP (already completed)
2026-07-28 11:58:03 CEST    repeat=0 BBMSDppStepwise: SKIP (already completed)
2026-07-28 11:58:03 CEST    repeat=0 DijkstraPrims: SKIP (already completed)
2026-07-28 11:58:03 CEST    repeat=1 BBMSCore: SKIP (already completed)
2026-07-28 11:58:03 CEST    repeat=1 BBMSInter: SKIP (already completed)
2026-07-28 11:58:03 CEST    repeat=1 BBMSDppInstant: SKIP (already completed)
2026-07-28 11:58:03 CEST    repeat=1 BBMSDppStepwise: SKIP (already completed)
2026-07-28 11:58:03 CEST    repeat=1 DijkstraPrims: SKIP (already completed)
2026-07-28 11:58:03 CEST    repeat=2 BBMSCore: SKIP (already completed)
2026-07-28 11:58:03 CEST    repeat=2 BBMSInter: SKIP (already completed)
2026-07-28 11:58:03 CEST    repeat=2 BBMSDppInstant: SKIP (already completed)
2026-07-28 11:58:03 CEST    repeat=2 BBMSDppStepwise: SKIP (already completed)
2026-07-28 11:58:03 CEST    repeat=2 DijkstraPrims: SKIP (already completed)
2026-07-28 11:58:03 CEST  op-count pass
2026-07-28 11:58:03 CEST    BBMSCore: SKIP (already completed)
2026-07-28 11:58:03 CEST    BBMSInter: SKIP (already completed)
2026-07-28 11:58:03 CEST    BBMSDppInstant: SKIP (already completed)
2026-07-28 11:58:03 CEST    BBMSDppStepwise: SKIP (already completed)
2026-07-28 11:58:03 CEST    DijkstraPrims: SKIP (already completed)
2026-07-28 11:58:03 CEST  cross-algorithm agreement: ok
2026-07-28 11:58:03 CEST  --- N=830 ---
2026-07-28 11:58:03 CEST  sample=0
2026-07-28 11:58:03 CEST  runtime/memory pass
2026-07-28 11:58:03 CEST    repeat=0 BBMSCore: SKIP (already completed)
2026-07-28 11:58:03 CEST    repeat=0 BBMSInter: SKIP (already completed)
2026-07-28 11:58:03 CEST    repeat=0 BBMSDppInstant: SKIP (already completed)
2026-07-28 11:58:03 CEST    repeat=0 BBMSDppStepwise: SKIP (already completed)
2026-07-28 11:58:03 CEST    repeat=0 DijkstraPrims: SKIP (already completed)
2026-07-28 11:58:03 CEST    repeat=1 BBMSCore: SKIP (already completed)
2026-07-28 11:58:03 CEST    repeat=1 BBMSInter: SKIP (already completed)
2026-07-28 11:58:03 CEST    repeat=1 BBMSDppInstant: SKIP (already completed)
2026-07-28 11:58:03 CEST    repeat=1 BBMSDppStepwise: SKIP (already completed)
2026-07-28 11:58:03 CEST    repeat=1 DijkstraPrims: SKIP (already completed)
2026-07-28 11:58:03 CEST    repeat=2 BBMSCore: SKIP (already completed)
2026-07-28 11:58:03 CEST    repeat=2 BBMSInter: SKIP (already completed)
2026-07-28 11:58:03 CEST    repeat=2 BBMSDppInstant: SKIP (already completed)
2026-07-28 11:58:03 CEST    repeat=2 BBMSDppStepwise: SKIP (already completed)
2026-07-28 11:58:03 CEST    repeat=2 DijkstraPrims: SKIP (already completed)
2026-07-28 11:58:03 CEST  op-count pass
2026-07-28 11:58:03 CEST    BBMSCore: SKIP (already completed)
2026-07-28 11:58:03 CEST    BBMSInter: SKIP (already completed)
2026-07-28 11:58:03 CEST    BBMSDppInstant: SKIP (already completed)
2026-07-28 11:58:03 CEST    BBMSDppStepwise: SKIP (already completed)
2026-07-28 11:58:03 CEST    DijkstraPrims: SKIP (already completed)
2026-07-28 11:58:03 CEST  cross-algorithm agreement: ok
2026-07-28 11:58:03 CEST  sample=1
2026-07-28 11:58:03 CEST  runtime/memory pass
2026-07-28 11:58:03 CEST    repeat=0 BBMSCore: SKIP (already completed)
2026-07-28 11:58:03 CEST    repeat=0 BBMSInter: SKIP (already completed)
2026-07-28 11:58:03 CEST    repeat=0 BBMSDppInstant: SKIP (already completed)
2026-07-28 11:58:03 CEST    repeat=0 BBMSDppStepwise: SKIP (already completed)
2026-07-28 11:58:03 CEST    repeat=0 DijkstraPrims: SKIP (already completed)
2026-07-28 11:58:03 CEST    repeat=1 BBMSCore: SKIP (already completed)
2026-07-28 11:58:03 CEST    repeat=1 BBMSInter: SKIP (already completed)
2026-07-28 11:58:03 CEST    repeat=1 BBMSDppInstant: SKIP (already completed)
2026-07-28 11:58:03 CEST    repeat=1 BBMSDppStepwise: SKIP (already completed)
2026-07-28 11:58:03 CEST    repeat=1 DijkstraPrims: SKIP (already completed)
2026-07-28 11:58:03 CEST    repeat=2 BBMSCore: SKIP (already completed)
2026-07-28 11:58:03 CEST    repeat=2 BBMSInter: SKIP (already completed)
2026-07-28 11:58:03 CEST    repeat=2 BBMSDppInstant: SKIP (already completed)
2026-07-28 11:58:03 CEST    repeat=2 BBMSDppStepwise: SKIP (already completed)
2026-07-28 11:58:03 CEST    repeat=2 DijkstraPrims: SKIP (already completed)
2026-07-28 11:58:03 CEST  op-count pass
2026-07-28 11:58:03 CEST    BBMSCore: SKIP (already completed)
2026-07-28 11:58:03 CEST    BBMSInter: SKIP (already completed)
2026-07-28 11:58:03 CEST    BBMSDppInstant: SKIP (already completed)
2026-07-28 11:58:03 CEST    BBMSDppStepwise: SKIP (already completed)
2026-07-28 11:58:03 CEST    DijkstraPrims: SKIP (already completed)
2026-07-28 11:58:03 CEST  cross-algorithm agreement: ok
2026-07-28 11:58:03 CEST  sample=2
2026-07-28 11:58:03 CEST  runtime/memory pass
2026-07-28 11:58:03 CEST    repeat=0 BBMSCore: SKIP (already completed)
2026-07-28 11:58:03 CEST    repeat=0 BBMSInter: SKIP (already completed)
2026-07-28 11:58:03 CEST    repeat=0 BBMSDppInstant: SKIP (already completed)
2026-07-28 11:58:03 CEST    repeat=0 BBMSDppStepwise: SKIP (already completed)
2026-07-28 11:58:03 CEST    repeat=0 DijkstraPrims: SKIP (already completed)
2026-07-28 11:58:03 CEST    repeat=1 BBMSCore: SKIP (already completed)
2026-07-28 11:58:03 CEST    repeat=1 BBMSInter: SKIP (already completed)
2026-07-28 11:58:03 CEST    repeat=1 BBMSDppInstant: SKIP (already completed)
2026-07-28 11:58:03 CEST    repeat=1 BBMSDppStepwise: SKIP (already completed)
2026-07-28 11:58:03 CEST    repeat=1 DijkstraPrims: SKIP (already completed)
2026-07-28 11:58:03 CEST    repeat=2 BBMSCore: SKIP (already completed)
2026-07-28 11:58:03 CEST    repeat=2 BBMSInter: SKIP (already completed)
2026-07-28 11:58:03 CEST    repeat=2 BBMSDppInstant: SKIP (already completed)
2026-07-28 11:58:03 CEST    repeat=2 BBMSDppStepwise: SKIP (already completed)
2026-07-28 11:58:03 CEST    repeat=2 DijkstraPrims: SKIP (already completed)
2026-07-28 11:58:03 CEST  op-count pass
2026-07-28 11:58:03 CEST    BBMSCore: SKIP (already completed)
2026-07-28 11:58:03 CEST    BBMSInter: SKIP (already completed)
2026-07-28 11:58:03 CEST    BBMSDppInstant: SKIP (already completed)
2026-07-28 11:58:03 CEST    BBMSDppStepwise: SKIP (already completed)
2026-07-28 11:58:03 CEST    DijkstraPrims: SKIP (already completed)
2026-07-28 11:58:03 CEST  cross-algorithm agreement: ok
2026-07-28 11:58:03 CEST  sample=3
2026-07-28 11:58:03 CEST  runtime/memory pass
2026-07-28 11:58:03 CEST    repeat=0 BBMSCore: SKIP (already completed)
2026-07-28 11:58:03 CEST    repeat=0 BBMSInter: SKIP (already completed)
2026-07-28 11:58:03 CEST    repeat=0 BBMSDppInstant: SKIP (already completed)
2026-07-28 11:58:03 CEST    repeat=0 BBMSDppStepwise: SKIP (already completed)
2026-07-28 11:58:03 CEST    repeat=0 DijkstraPrims: SKIP (already completed)
2026-07-28 11:58:03 CEST    repeat=1 BBMSCore: SKIP (already completed)
2026-07-28 11:58:03 CEST    repeat=1 BBMSInter: SKIP (already completed)
2026-07-28 11:58:03 CEST    repeat=1 BBMSDppInstant: SKIP (already completed)
2026-07-28 11:58:03 CEST    repeat=1 BBMSDppStepwise: SKIP (already completed)
2026-07-28 11:58:03 CEST    repeat=1 DijkstraPrims: SKIP (already completed)
2026-07-28 11:58:03 CEST    repeat=2 BBMSCore: SKIP (already completed)
2026-07-28 11:58:03 CEST    repeat=2 BBMSInter: SKIP (already completed)
2026-07-28 11:58:03 CEST    repeat=2 BBMSDppInstant: SKIP (already completed)
2026-07-28 11:58:03 CEST    repeat=2 BBMSDppStepwise: SKIP (already completed)
2026-07-28 11:58:03 CEST    repeat=2 DijkstraPrims: SKIP (already completed)
2026-07-28 11:58:03 CEST  op-count pass
2026-07-28 11:58:03 CEST    BBMSCore: SKIP (already completed)
2026-07-28 11:58:03 CEST    BBMSInter: SKIP (already completed)
2026-07-28 11:58:03 CEST    BBMSDppInstant: SKIP (already completed)
2026-07-28 11:58:03 CEST    BBMSDppStepwise: SKIP (already completed)
2026-07-28 11:58:03 CEST    DijkstraPrims: SKIP (already completed)
2026-07-28 11:58:03 CEST  cross-algorithm agreement: ok
2026-07-28 11:58:03 CEST  sample=4
2026-07-28 11:58:03 CEST  runtime/memory pass
2026-07-28 11:58:03 CEST    repeat=0 BBMSCore: SKIP (already completed)
2026-07-28 11:58:03 CEST    repeat=0 BBMSInter: SKIP (already completed)
2026-07-28 11:58:03 CEST    repeat=0 BBMSDppInstant: SKIP (already completed)
2026-07-28 11:58:03 CEST    repeat=0 BBMSDppStepwise: SKIP (already completed)
2026-07-28 11:58:03 CEST    repeat=0 DijkstraPrims: SKIP (already completed)
2026-07-28 11:58:03 CEST    repeat=1 BBMSCore: SKIP (already completed)
2026-07-28 11:58:03 CEST    repeat=1 BBMSInter: SKIP (already completed)
2026-07-28 11:58:03 CEST    repeat=1 BBMSDppInstant: SKIP (already completed)
2026-07-28 11:58:03 CEST    repeat=1 BBMSDppStepwise: SKIP (already completed)
2026-07-28 11:58:03 CEST    repeat=1 DijkstraPrims: SKIP (already completed)
2026-07-28 11:58:03 CEST    repeat=2 BBMSCore: SKIP (already completed)
2026-07-28 11:58:03 CEST    repeat=2 BBMSInter: SKIP (already completed)
2026-07-28 11:58:03 CEST    repeat=2 BBMSDppInstant: SKIP (already completed)
2026-07-28 11:58:03 CEST    repeat=2 BBMSDppStepwise: SKIP (already completed)
2026-07-28 11:58:03 CEST    repeat=2 DijkstraPrims: SKIP (already completed)
2026-07-28 11:58:03 CEST  op-count pass
2026-07-28 11:58:03 CEST    BBMSCore: SKIP (already completed)
2026-07-28 11:58:03 CEST    BBMSInter: SKIP (already completed)
2026-07-28 11:58:03 CEST    BBMSDppInstant: SKIP (already completed)
2026-07-28 11:58:03 CEST    BBMSDppStepwise: SKIP (already completed)
2026-07-28 11:58:03 CEST    DijkstraPrims: SKIP (already completed)
2026-07-28 11:58:03 CEST  cross-algorithm agreement: ok
2026-07-28 11:58:03 CEST  --- N=1400 ---
2026-07-28 11:58:03 CEST  sample=0
2026-07-28 11:58:03 CEST  runtime/memory pass
2026-07-28 11:58:03 CEST    repeat=0 BBMSCore: SKIP (already completed)
2026-07-28 11:58:03 CEST    repeat=0 BBMSInter: SKIP (already completed)
2026-07-28 11:58:03 CEST    repeat=0 BBMSDppInstant: SKIP (already completed)
2026-07-28 11:58:03 CEST    repeat=0 BBMSDppStepwise: SKIP (already completed)
2026-07-28 11:58:03 CEST    repeat=0 DijkstraPrims: SKIP (already completed)
2026-07-28 11:58:03 CEST    repeat=1 BBMSCore: SKIP (already completed)
2026-07-28 11:58:03 CEST    repeat=1 BBMSInter: SKIP (already completed)
2026-07-28 11:58:03 CEST    repeat=1 BBMSDppInstant: SKIP (already completed)
2026-07-28 11:58:03 CEST    repeat=1 BBMSDppStepwise: SKIP (already completed)
2026-07-28 11:58:03 CEST    repeat=1 DijkstraPrims: SKIP (already completed)
2026-07-28 11:58:03 CEST    repeat=2 BBMSCore: SKIP (already completed)
2026-07-28 11:58:03 CEST    repeat=2 BBMSInter: SKIP (already completed)
2026-07-28 11:58:03 CEST    repeat=2 BBMSDppInstant: SKIP (already completed)
2026-07-28 11:58:03 CEST    repeat=2 BBMSDppStepwise: SKIP (already completed)
2026-07-28 11:58:03 CEST    repeat=2 DijkstraPrims: SKIP (already completed)
2026-07-28 11:58:03 CEST  op-count pass
2026-07-28 11:58:03 CEST    BBMSCore: SKIP (already completed)
2026-07-28 11:58:03 CEST    BBMSInter: SKIP (already completed)
2026-07-28 11:58:03 CEST    BBMSDppInstant: SKIP (already completed)
2026-07-28 11:58:03 CEST    BBMSDppStepwise: SKIP (already completed)
2026-07-28 11:58:03 CEST    DijkstraPrims: SKIP (already completed)
2026-07-28 11:58:03 CEST  cross-algorithm agreement: ok
2026-07-28 11:58:03 CEST  sample=1
2026-07-28 11:58:03 CEST  runtime/memory pass
2026-07-28 11:58:03 CEST    repeat=0 BBMSCore: SKIP (already completed)
2026-07-28 11:58:03 CEST    repeat=0 BBMSInter: SKIP (already completed)
2026-07-28 11:58:03 CEST    repeat=0 BBMSDppInstant: SKIP (already completed)
2026-07-28 11:58:03 CEST    repeat=0 BBMSDppStepwise: SKIP (already completed)
2026-07-28 11:58:03 CEST    repeat=0 DijkstraPrims: SKIP (already completed)
2026-07-28 11:58:03 CEST    repeat=1 BBMSCore: SKIP (already completed)
2026-07-28 11:58:03 CEST    repeat=1 BBMSInter: SKIP (already completed)
2026-07-28 11:58:03 CEST    repeat=1 BBMSDppInstant: SKIP (already completed)
2026-07-28 11:58:03 CEST    repeat=1 BBMSDppStepwise: SKIP (already completed)
2026-07-28 11:58:03 CEST    repeat=1 DijkstraPrims: SKIP (already completed)
2026-07-28 11:58:03 CEST    repeat=2 BBMSCore: SKIP (already completed)
2026-07-28 11:58:03 CEST    repeat=2 BBMSInter: SKIP (already completed)
2026-07-28 11:58:03 CEST    repeat=2 BBMSDppInstant: SKIP (already completed)
2026-07-28 11:58:03 CEST    repeat=2 BBMSDppStepwise: SKIP (already completed)
2026-07-28 11:58:03 CEST    repeat=2 DijkstraPrims: SKIP (already completed)
2026-07-28 11:58:03 CEST  op-count pass
2026-07-28 11:58:03 CEST    BBMSCore: SKIP (already completed)
2026-07-28 11:58:03 CEST    BBMSInter: SKIP (already completed)
2026-07-28 11:58:03 CEST    BBMSDppInstant: SKIP (already completed)
2026-07-28 11:58:03 CEST    BBMSDppStepwise: SKIP (already completed)
2026-07-28 11:58:03 CEST    DijkstraPrims: SKIP (already completed)
2026-07-28 11:58:03 CEST  cross-algorithm agreement: ok
2026-07-28 11:58:03 CEST  sample=2
2026-07-28 11:58:03 CEST  runtime/memory pass
2026-07-28 11:58:03 CEST    repeat=0 BBMSCore: SKIP (already completed)
2026-07-28 11:58:03 CEST    repeat=0 BBMSInter: SKIP (already completed)
2026-07-28 11:58:03 CEST    repeat=0 BBMSDppInstant: SKIP (already completed)
2026-07-28 11:58:03 CEST    repeat=0 BBMSDppStepwise: SKIP (already completed)
2026-07-28 11:58:03 CEST    repeat=0 DijkstraPrims: SKIP (already completed)
2026-07-28 11:58:03 CEST    repeat=1 BBMSCore: SKIP (already completed)
2026-07-28 11:58:03 CEST    repeat=1 BBMSInter: SKIP (already completed)
2026-07-28 11:58:03 CEST    repeat=1 BBMSDppInstant: SKIP (already completed)
2026-07-28 11:58:03 CEST    repeat=1 BBMSDppStepwise: SKIP (already completed)
2026-07-28 11:58:03 CEST    repeat=1 DijkstraPrims: SKIP (already completed)
2026-07-28 11:58:03 CEST    repeat=2 BBMSCore: SKIP (already completed)
2026-07-28 11:58:03 CEST    repeat=2 BBMSInter: SKIP (already completed)
2026-07-28 11:58:03 CEST    repeat=2 BBMSDppInstant: SKIP (already completed)
2026-07-28 11:58:03 CEST    repeat=2 BBMSDppStepwise: SKIP (already completed)
2026-07-28 11:58:03 CEST    repeat=2 DijkstraPrims: SKIP (already completed)
2026-07-28 11:58:03 CEST  op-count pass
2026-07-28 11:58:03 CEST    BBMSCore: SKIP (already completed)
2026-07-28 11:58:03 CEST    BBMSInter: SKIP (already completed)
2026-07-28 11:58:03 CEST    BBMSDppInstant: SKIP (already completed)
2026-07-28 11:58:03 CEST    BBMSDppStepwise: SKIP (already completed)
2026-07-28 11:58:03 CEST    DijkstraPrims: SKIP (already completed)
2026-07-28 11:58:03 CEST  cross-algorithm agreement: ok
2026-07-28 11:58:03 CEST  sample=3
2026-07-28 11:58:03 CEST  runtime/memory pass
2026-07-28 11:58:03 CEST    repeat=0 BBMSCore: SKIP (already completed)
2026-07-28 11:58:03 CEST    repeat=0 BBMSInter: SKIP (already completed)
2026-07-28 11:58:03 CEST    repeat=0 BBMSDppInstant: SKIP (already completed)
2026-07-28 11:58:03 CEST    repeat=0 BBMSDppStepwise: SKIP (already completed)
2026-07-28 11:58:03 CEST    repeat=0 DijkstraPrims: SKIP (already completed)
2026-07-28 11:58:03 CEST    repeat=1 BBMSCore: SKIP (already completed)
2026-07-28 11:58:03 CEST    repeat=1 BBMSInter: SKIP (already completed)
2026-07-28 11:58:03 CEST    repeat=1 BBMSDppInstant: SKIP (already completed)
2026-07-28 11:58:03 CEST    repeat=1 BBMSDppStepwise: SKIP (already completed)
2026-07-28 11:58:03 CEST    repeat=1 DijkstraPrims: SKIP (already completed)
2026-07-28 11:58:03 CEST    repeat=2 BBMSCore: SKIP (already completed)
2026-07-28 11:58:03 CEST    repeat=2 BBMSInter: SKIP (already completed)
2026-07-28 11:58:03 CEST    repeat=2 BBMSDppInstant: SKIP (already completed)
2026-07-28 11:58:03 CEST    repeat=2 BBMSDppStepwise: SKIP (already completed)
2026-07-28 11:58:03 CEST    repeat=2 DijkstraPrims: SKIP (already completed)
2026-07-28 11:58:03 CEST  op-count pass
2026-07-28 11:58:03 CEST    BBMSCore: SKIP (already completed)
2026-07-28 11:58:03 CEST    BBMSInter: SKIP (already completed)
2026-07-28 11:58:03 CEST    BBMSDppInstant: SKIP (already completed)
2026-07-28 11:58:03 CEST    BBMSDppStepwise: SKIP (already completed)
2026-07-28 11:58:03 CEST    DijkstraPrims: SKIP (already completed)
2026-07-28 11:58:03 CEST  cross-algorithm agreement: ok
2026-07-28 11:58:03 CEST  sample=4
2026-07-28 11:58:03 CEST  runtime/memory pass
2026-07-28 11:58:03 CEST    repeat=0 BBMSCore: SKIP (already completed)
2026-07-28 11:58:03 CEST    repeat=0 BBMSInter: SKIP (already completed)
2026-07-28 11:58:03 CEST    repeat=0 BBMSDppInstant: SKIP (already completed)
2026-07-28 11:58:03 CEST    repeat=0 BBMSDppStepwise: SKIP (already completed)
2026-07-28 11:58:03 CEST    repeat=0 DijkstraPrims: SKIP (already completed)
2026-07-28 11:58:03 CEST    repeat=1 BBMSCore: SKIP (already completed)
2026-07-28 11:58:03 CEST    repeat=1 BBMSInter: SKIP (already completed)
2026-07-28 11:58:03 CEST    repeat=1 BBMSDppInstant: SKIP (already completed)
2026-07-28 11:58:03 CEST    repeat=1 BBMSDppStepwise: SKIP (already completed)
2026-07-28 11:58:03 CEST    repeat=1 DijkstraPrims: SKIP (already completed)
2026-07-28 11:58:03 CEST    repeat=2 BBMSCore: SKIP (already completed)
2026-07-28 11:58:03 CEST    repeat=2 BBMSInter: SKIP (already completed)
2026-07-28 11:58:03 CEST    repeat=2 BBMSDppInstant: SKIP (already completed)
2026-07-28 11:58:03 CEST    repeat=2 BBMSDppStepwise: SKIP (already completed)
2026-07-28 11:58:03 CEST    repeat=2 DijkstraPrims: SKIP (already completed)
2026-07-28 11:58:03 CEST  op-count pass
2026-07-28 11:58:03 CEST    BBMSCore: SKIP (already completed)
2026-07-28 11:58:03 CEST    BBMSInter: SKIP (already completed)
2026-07-28 11:58:03 CEST    BBMSDppInstant: SKIP (already completed)
2026-07-28 11:58:03 CEST    BBMSDppStepwise: SKIP (already completed)
2026-07-28 11:58:03 CEST    DijkstraPrims: SKIP (already completed)
2026-07-28 11:58:03 CEST  cross-algorithm agreement: ok
2026-07-28 11:58:03 CEST  --- N=2300 ---
2026-07-28 11:58:03 CEST  sample=0
2026-07-28 11:58:03 CEST  runtime/memory pass
2026-07-28 11:58:03 CEST    repeat=0 BBMSCore: SKIP (already completed)
2026-07-28 11:58:03 CEST    repeat=0 BBMSInter: SKIP (already completed)
2026-07-28 11:58:03 CEST    repeat=0 BBMSDppInstant: SKIP (already completed)
2026-07-28 11:58:03 CEST    repeat=0 BBMSDppStepwise: SKIP (already completed)
2026-07-28 11:58:03 CEST    repeat=0 DijkstraPrims: SKIP (already completed)
2026-07-28 11:58:03 CEST    repeat=1 BBMSCore: SKIP (already completed)
2026-07-28 11:58:03 CEST    repeat=1 BBMSInter: SKIP (already completed)
2026-07-28 11:58:03 CEST    repeat=1 BBMSDppInstant: SKIP (already completed)
2026-07-28 11:58:03 CEST    repeat=1 BBMSDppStepwise: SKIP (already completed)
2026-07-28 11:58:03 CEST    repeat=1 DijkstraPrims: SKIP (already completed)
2026-07-28 11:58:03 CEST    repeat=2 BBMSCore: SKIP (already completed)
2026-07-28 11:58:03 CEST    repeat=2 BBMSInter: SKIP (already completed)
2026-07-28 11:58:03 CEST    repeat=2 BBMSDppInstant: SKIP (already completed)
2026-07-28 11:58:03 CEST    repeat=2 BBMSDppStepwise: SKIP (already completed)
2026-07-28 11:58:03 CEST    repeat=2 DijkstraPrims: SKIP (already completed)
2026-07-28 11:58:03 CEST  op-count pass
2026-07-28 11:58:03 CEST    BBMSCore: SKIP (already completed)
2026-07-28 11:58:03 CEST    BBMSInter: SKIP (already completed)
2026-07-28 11:58:03 CEST    BBMSDppInstant: SKIP (already completed)
2026-07-28 11:58:03 CEST    BBMSDppStepwise: SKIP (already completed)
2026-07-28 11:58:03 CEST    DijkstraPrims: SKIP (already completed)
2026-07-28 11:58:03 CEST  cross-algorithm agreement: ok
2026-07-28 11:58:03 CEST  sample=1
2026-07-28 11:58:03 CEST  runtime/memory pass
2026-07-28 11:58:03 CEST    repeat=0 BBMSCore: SKIP (already completed)
2026-07-28 11:58:03 CEST    repeat=0 BBMSInter: SKIP (already completed)
2026-07-28 11:58:03 CEST    repeat=0 BBMSDppInstant: SKIP (already completed)
2026-07-28 11:58:03 CEST    repeat=0 BBMSDppStepwise: SKIP (already completed)
2026-07-28 11:58:03 CEST    repeat=0 DijkstraPrims: SKIP (already completed)
2026-07-28 11:58:03 CEST    repeat=1 BBMSCore: SKIP (already completed)
2026-07-28 11:58:03 CEST    repeat=1 BBMSInter: SKIP (already completed)
2026-07-28 11:58:03 CEST    repeat=1 BBMSDppInstant: SKIP (already completed)
2026-07-28 11:58:03 CEST    repeat=1 BBMSDppStepwise: SKIP (already completed)
2026-07-28 11:58:03 CEST    repeat=1 DijkstraPrims: SKIP (already completed)
2026-07-28 11:58:03 CEST    repeat=2 BBMSCore: SKIP (already completed)
2026-07-28 11:58:03 CEST    repeat=2 BBMSInter: SKIP (already completed)
2026-07-28 11:58:03 CEST    repeat=2 BBMSDppInstant: SKIP (already completed)
2026-07-28 11:58:03 CEST    repeat=2 BBMSDppStepwise: SKIP (already completed)
2026-07-28 11:58:03 CEST    repeat=2 DijkstraPrims: SKIP (already completed)
2026-07-28 11:58:03 CEST  op-count pass
2026-07-28 11:58:03 CEST    BBMSCore: SKIP (already completed)
2026-07-28 11:58:03 CEST    BBMSInter: SKIP (already completed)
2026-07-28 11:58:03 CEST    BBMSDppInstant: SKIP (already completed)
2026-07-28 11:58:03 CEST    BBMSDppStepwise: SKIP (already completed)
2026-07-28 11:58:03 CEST    DijkstraPrims: SKIP (already completed)
2026-07-28 11:58:03 CEST  cross-algorithm agreement: ok
2026-07-28 11:58:03 CEST  sample=2
2026-07-28 11:58:03 CEST  runtime/memory pass
2026-07-28 11:58:03 CEST    repeat=0 BBMSCore: SKIP (already completed)
2026-07-28 11:58:03 CEST    repeat=0 BBMSInter: SKIP (already completed)
2026-07-28 11:58:03 CEST    repeat=0 BBMSDppInstant: SKIP (already completed)
2026-07-28 11:58:03 CEST    repeat=0 BBMSDppStepwise: SKIP (already completed)
2026-07-28 11:58:03 CEST    repeat=0 DijkstraPrims: SKIP (already completed)
2026-07-28 11:58:03 CEST    repeat=1 BBMSCore: SKIP (already completed)
2026-07-28 11:58:03 CEST    repeat=1 BBMSInter: SKIP (already completed)
2026-07-28 11:58:03 CEST    repeat=1 BBMSDppInstant: SKIP (already completed)
2026-07-28 11:58:03 CEST    repeat=1 BBMSDppStepwise: SKIP (already completed)
2026-07-28 11:58:03 CEST    repeat=1 DijkstraPrims: SKIP (already completed)
2026-07-28 11:58:03 CEST    repeat=2 BBMSCore: SKIP (already completed)
2026-07-28 11:58:03 CEST    repeat=2 BBMSInter: SKIP (already completed)
2026-07-28 11:58:03 CEST    repeat=2 BBMSDppInstant: SKIP (already completed)
2026-07-28 11:58:03 CEST    repeat=2 BBMSDppStepwise: SKIP (already completed)
2026-07-28 11:58:03 CEST    repeat=2 DijkstraPrims: SKIP (already completed)
2026-07-28 11:58:03 CEST  op-count pass
2026-07-28 11:58:03 CEST    BBMSCore: SKIP (already completed)
2026-07-28 11:58:03 CEST    BBMSInter: SKIP (already completed)
2026-07-28 11:58:03 CEST    BBMSDppInstant: SKIP (already completed)
2026-07-28 11:58:03 CEST    BBMSDppStepwise: SKIP (already completed)
2026-07-28 11:58:03 CEST    DijkstraPrims: SKIP (already completed)
2026-07-28 11:58:03 CEST  cross-algorithm agreement: ok
2026-07-28 11:58:03 CEST  sample=3
2026-07-28 11:58:03 CEST  runtime/memory pass
2026-07-28 11:58:03 CEST    repeat=0 BBMSCore: SKIP (already completed)
2026-07-28 11:58:03 CEST    repeat=0 BBMSInter: SKIP (already completed)
2026-07-28 11:58:03 CEST    repeat=0 BBMSDppInstant: SKIP (already completed)
2026-07-28 11:58:03 CEST    repeat=0 BBMSDppStepwise: SKIP (already completed)
2026-07-28 11:58:03 CEST    repeat=0 DijkstraPrims: SKIP (already completed)
2026-07-28 11:58:03 CEST    repeat=1 BBMSCore: SKIP (already completed)
2026-07-28 11:58:03 CEST    repeat=1 BBMSInter: SKIP (already completed)
2026-07-28 11:58:03 CEST    repeat=1 BBMSDppInstant: SKIP (already completed)
2026-07-28 11:58:03 CEST    repeat=1 BBMSDppStepwise: SKIP (already completed)
2026-07-28 11:58:03 CEST    repeat=1 DijkstraPrims: SKIP (already completed)
2026-07-28 11:58:03 CEST    repeat=2 BBMSCore: SKIP (already completed)
2026-07-28 11:58:03 CEST    repeat=2 BBMSInter: SKIP (already completed)
2026-07-28 11:58:03 CEST    repeat=2 BBMSDppInstant: SKIP (already completed)
2026-07-28 11:58:03 CEST    repeat=2 BBMSDppStepwise: SKIP (already completed)
2026-07-28 11:58:03 CEST    repeat=2 DijkstraPrims: SKIP (already completed)
2026-07-28 11:58:03 CEST  op-count pass
2026-07-28 11:58:03 CEST    BBMSCore: SKIP (already completed)
2026-07-28 11:58:03 CEST    BBMSInter: SKIP (already completed)
2026-07-28 11:58:03 CEST    BBMSDppInstant: SKIP (already completed)
2026-07-28 11:58:03 CEST    BBMSDppStepwise: SKIP (already completed)
2026-07-28 11:58:03 CEST    DijkstraPrims: SKIP (already completed)
2026-07-28 11:58:03 CEST  cross-algorithm agreement: ok
2026-07-28 11:58:03 CEST  sample=4
2026-07-28 11:58:03 CEST  runtime/memory pass
2026-07-28 11:58:03 CEST    repeat=0 BBMSCore: SKIP (already completed)
2026-07-28 11:58:03 CEST    repeat=0 BBMSInter: SKIP (already completed)
2026-07-28 11:58:03 CEST    repeat=0 BBMSDppInstant: SKIP (already completed)
2026-07-28 11:58:03 CEST    repeat=0 BBMSDppStepwise: SKIP (already completed)
2026-07-28 11:58:03 CEST    repeat=0 DijkstraPrims: SKIP (already completed)
2026-07-28 11:58:03 CEST    repeat=1 BBMSCore: SKIP (already completed)
2026-07-28 11:58:03 CEST    repeat=1 BBMSInter: SKIP (already completed)
2026-07-28 11:58:03 CEST    repeat=1 BBMSDppInstant: SKIP (already completed)
2026-07-28 11:58:03 CEST    repeat=1 BBMSDppStepwise: SKIP (already completed)
2026-07-28 11:58:03 CEST    repeat=1 DijkstraPrims: SKIP (already completed)
2026-07-28 11:58:03 CEST    repeat=2 BBMSCore: SKIP (already completed)
2026-07-28 11:58:03 CEST    repeat=2 BBMSInter: SKIP (already completed)
2026-07-28 11:58:03 CEST    repeat=2 BBMSDppInstant: SKIP (already completed)
2026-07-28 11:58:03 CEST    repeat=2 BBMSDppStepwise: SKIP (already completed)
2026-07-28 11:58:03 CEST    repeat=2 DijkstraPrims: SKIP (already completed)
2026-07-28 11:58:03 CEST  op-count pass
2026-07-28 11:58:03 CEST    BBMSCore: SKIP (already completed)
2026-07-28 11:58:03 CEST    BBMSInter: SKIP (already completed)
2026-07-28 11:58:03 CEST    BBMSDppInstant: SKIP (already completed)
2026-07-28 11:58:03 CEST    BBMSDppStepwise: SKIP (already completed)
2026-07-28 11:58:03 CEST    DijkstraPrims: SKIP (already completed)
2026-07-28 11:58:03 CEST  cross-algorithm agreement: ok
2026-07-28 11:58:03 CEST  --- N=3900 ---
2026-07-28 11:58:03 CEST  sample=0
2026-07-28 11:58:03 CEST  runtime/memory pass
2026-07-28 11:58:03 CEST    repeat=0 BBMSCore: SKIP (already completed)
2026-07-28 11:58:03 CEST    repeat=0 BBMSInter: SKIP (already completed)
2026-07-28 11:58:03 CEST    repeat=0 BBMSDppInstant: SKIP (already completed)
2026-07-28 11:58:03 CEST    repeat=0 BBMSDppStepwise: SKIP (already completed)
2026-07-28 11:58:03 CEST    repeat=0 DijkstraPrims: SKIP (already completed)
2026-07-28 11:58:03 CEST    repeat=1 BBMSCore: SKIP (already completed)
2026-07-28 11:58:03 CEST    repeat=1 BBMSInter: SKIP (already completed)
2026-07-28 11:58:03 CEST    repeat=1 BBMSDppInstant: SKIP (already completed)
2026-07-28 11:58:03 CEST    repeat=1 BBMSDppStepwise: SKIP (already completed)
2026-07-28 11:58:03 CEST    repeat=1 DijkstraPrims: SKIP (already completed)
2026-07-28 11:58:03 CEST    repeat=2 BBMSCore: SKIP (already completed)
2026-07-28 11:58:03 CEST    repeat=2 BBMSInter: SKIP (already completed)
2026-07-28 11:58:03 CEST    repeat=2 BBMSDppInstant: SKIP (already completed)
2026-07-28 11:58:03 CEST    repeat=2 BBMSDppStepwise: SKIP (already completed)
2026-07-28 11:58:03 CEST    repeat=2 DijkstraPrims: SKIP (already completed)
2026-07-28 11:58:03 CEST  op-count pass
2026-07-28 11:58:03 CEST    BBMSCore: SKIP (already completed)
2026-07-28 11:58:03 CEST    BBMSInter: SKIP (already completed)
2026-07-28 11:58:03 CEST    BBMSDppInstant: SKIP (already completed)
2026-07-28 11:58:03 CEST    BBMSDppStepwise: SKIP (already completed)
2026-07-28 11:58:03 CEST    DijkstraPrims: SKIP (already completed)
2026-07-28 11:58:03 CEST  cross-algorithm agreement: ok
2026-07-28 11:58:03 CEST  sample=1
2026-07-28 11:58:03 CEST  runtime/memory pass
2026-07-28 11:58:03 CEST    repeat=0 BBMSCore: SKIP (already completed)
2026-07-28 11:58:03 CEST    repeat=0 BBMSInter: SKIP (already completed)
2026-07-28 11:58:03 CEST    repeat=0 BBMSDppInstant: SKIP (already completed)
2026-07-28 11:58:03 CEST    repeat=0 BBMSDppStepwise: SKIP (already completed)
2026-07-28 11:58:03 CEST    repeat=0 DijkstraPrims: SKIP (already completed)
2026-07-28 11:58:03 CEST    repeat=1 BBMSCore: SKIP (already completed)
2026-07-28 11:58:03 CEST    repeat=1 BBMSInter: SKIP (already completed)
2026-07-28 11:58:03 CEST    repeat=1 BBMSDppInstant: SKIP (already completed)
2026-07-28 11:58:03 CEST    repeat=1 BBMSDppStepwise: SKIP (already completed)
2026-07-28 11:58:03 CEST    repeat=1 DijkstraPrims: SKIP (already completed)
2026-07-28 11:58:03 CEST    repeat=2 BBMSCore: SKIP (already completed)
2026-07-28 11:58:03 CEST    repeat=2 BBMSInter: SKIP (already completed)
2026-07-28 11:58:03 CEST    repeat=2 BBMSDppInstant: SKIP (already completed)
2026-07-28 11:58:03 CEST    repeat=2 BBMSDppStepwise: SKIP (already completed)
2026-07-28 11:58:03 CEST    repeat=2 DijkstraPrims: SKIP (already completed)
2026-07-28 11:58:03 CEST  op-count pass
2026-07-28 11:58:03 CEST    BBMSCore: SKIP (already completed)
2026-07-28 11:58:03 CEST    BBMSInter: SKIP (already completed)
2026-07-28 11:58:03 CEST    BBMSDppInstant: SKIP (already completed)
2026-07-28 11:58:03 CEST    BBMSDppStepwise: SKIP (already completed)
2026-07-28 11:58:03 CEST    DijkstraPrims: SKIP (already completed)
2026-07-28 11:58:03 CEST  cross-algorithm agreement: ok
2026-07-28 11:58:03 CEST  sample=2
2026-07-28 11:58:03 CEST  runtime/memory pass
2026-07-28 11:58:03 CEST    repeat=0 BBMSCore: SKIP (already completed)
2026-07-28 11:58:03 CEST    repeat=0 BBMSInter: SKIP (already completed)
2026-07-28 11:58:03 CEST    repeat=0 BBMSDppInstant: SKIP (already completed)
2026-07-28 11:58:03 CEST    repeat=0 BBMSDppStepwise: SKIP (already completed)
2026-07-28 11:58:03 CEST    repeat=0 DijkstraPrims: SKIP (already completed)
2026-07-28 11:58:03 CEST    repeat=1 BBMSCore: SKIP (already completed)
2026-07-28 11:58:03 CEST    repeat=1 BBMSInter: SKIP (already completed)
2026-07-28 11:58:03 CEST    repeat=1 BBMSDppInstant: SKIP (already completed)
2026-07-28 11:58:03 CEST    repeat=1 BBMSDppStepwise: SKIP (already completed)
2026-07-28 11:58:03 CEST    repeat=1 DijkstraPrims: SKIP (already completed)
2026-07-28 11:58:03 CEST    repeat=2 BBMSCore: SKIP (already completed)
2026-07-28 11:58:03 CEST    repeat=2 BBMSInter: SKIP (already completed)
2026-07-28 11:58:03 CEST    repeat=2 BBMSDppInstant: SKIP (already completed)
2026-07-28 11:58:03 CEST    repeat=2 BBMSDppStepwise: SKIP (already completed)
2026-07-28 11:58:03 CEST    repeat=2 DijkstraPrims: SKIP (already completed)
2026-07-28 11:58:03 CEST  op-count pass
2026-07-28 11:58:03 CEST    BBMSCore: SKIP (already completed)
2026-07-28 11:58:03 CEST    BBMSInter: SKIP (already completed)
2026-07-28 11:58:03 CEST    BBMSDppInstant: SKIP (already completed)
2026-07-28 11:58:03 CEST    BBMSDppStepwise: SKIP (already completed)
2026-07-28 11:58:03 CEST    DijkstraPrims: SKIP (already completed)
2026-07-28 11:58:03 CEST  cross-algorithm agreement: ok
2026-07-28 11:58:03 CEST  sample=3
2026-07-28 11:58:03 CEST  runtime/memory pass
2026-07-28 11:58:03 CEST    repeat=0 BBMSCore: SKIP (already completed)
2026-07-28 11:58:03 CEST    repeat=0 BBMSInter: SKIP (already completed)
2026-07-28 11:58:03 CEST    repeat=0 BBMSDppInstant: SKIP (already completed)
2026-07-28 11:58:03 CEST    repeat=0 BBMSDppStepwise: SKIP (already completed)
2026-07-28 11:58:03 CEST    repeat=0 DijkstraPrims: SKIP (already completed)
2026-07-28 11:58:03 CEST    repeat=1 BBMSCore: SKIP (already completed)
2026-07-28 11:58:03 CEST    repeat=1 BBMSInter: SKIP (already completed)
2026-07-28 11:58:03 CEST    repeat=1 BBMSDppInstant: SKIP (already completed)
2026-07-28 11:58:03 CEST    repeat=1 BBMSDppStepwise: SKIP (already completed)
2026-07-28 11:58:03 CEST    repeat=1 DijkstraPrims: SKIP (already completed)
2026-07-28 11:58:03 CEST    repeat=2 BBMSCore: SKIP (already completed)
2026-07-28 11:58:03 CEST    repeat=2 BBMSInter: SKIP (already completed)
2026-07-28 11:58:03 CEST    repeat=2 BBMSDppInstant: SKIP (already completed)
2026-07-28 11:58:03 CEST    repeat=2 BBMSDppStepwise: SKIP (already completed)
2026-07-28 11:58:03 CEST    repeat=2 DijkstraPrims: SKIP (already completed)
2026-07-28 11:58:03 CEST  op-count pass
2026-07-28 11:58:03 CEST    BBMSCore: SKIP (already completed)
2026-07-28 11:58:03 CEST    BBMSInter: SKIP (already completed)
2026-07-28 11:58:03 CEST    BBMSDppInstant: SKIP (already completed)
2026-07-28 11:58:03 CEST    BBMSDppStepwise: SKIP (already completed)
2026-07-28 11:58:03 CEST    DijkstraPrims: SKIP (already completed)
2026-07-28 11:58:03 CEST  cross-algorithm agreement: ok
2026-07-28 11:58:03 CEST  sample=4
2026-07-28 11:58:03 CEST  runtime/memory pass
2026-07-28 11:58:03 CEST    repeat=0 BBMSCore: SKIP (already completed)
2026-07-28 11:58:03 CEST    repeat=0 BBMSInter: SKIP (already completed)
2026-07-28 11:58:03 CEST    repeat=0 BBMSDppInstant: SKIP (already completed)
2026-07-28 11:58:03 CEST    repeat=0 BBMSDppStepwise: SKIP (already completed)
2026-07-28 11:58:03 CEST    repeat=0 DijkstraPrims: SKIP (already completed)
2026-07-28 11:58:03 CEST    repeat=1 BBMSCore: SKIP (already completed)
2026-07-28 11:58:03 CEST    repeat=1 BBMSInter: SKIP (already completed)
2026-07-28 11:58:03 CEST    repeat=1 BBMSDppInstant: SKIP (already completed)
2026-07-28 11:58:03 CEST    repeat=1 BBMSDppStepwise: SKIP (already completed)
2026-07-28 11:58:03 CEST    repeat=1 DijkstraPrims: SKIP (already completed)
2026-07-28 11:58:03 CEST    repeat=2 BBMSCore: SKIP (already completed)
2026-07-28 11:58:03 CEST    repeat=2 BBMSInter: SKIP (already completed)
2026-07-28 11:58:03 CEST    repeat=2 BBMSDppInstant: SKIP (already completed)
2026-07-28 11:58:03 CEST    repeat=2 BBMSDppStepwise: SKIP (already completed)
2026-07-28 11:58:03 CEST    repeat=2 DijkstraPrims: SKIP (already completed)
2026-07-28 11:58:03 CEST  op-count pass
2026-07-28 11:58:03 CEST    BBMSCore: SKIP (already completed)
2026-07-28 11:58:03 CEST    BBMSInter: SKIP (already completed)
2026-07-28 11:58:03 CEST    BBMSDppInstant: SKIP (already completed)
2026-07-28 11:58:03 CEST    BBMSDppStepwise: SKIP (already completed)
2026-07-28 11:58:03 CEST    DijkstraPrims: SKIP (already completed)
2026-07-28 11:58:03 CEST  cross-algorithm agreement: ok
2026-07-28 11:58:03 CEST  --- N=6500 ---
2026-07-28 11:58:03 CEST  sample=0
2026-07-28 11:58:03 CEST  runtime/memory pass
2026-07-28 11:58:03 CEST    repeat=0 BBMSCore: SKIP (already completed)
2026-07-28 11:58:03 CEST    repeat=0 BBMSInter: SKIP (already completed)
2026-07-28 11:58:03 CEST    repeat=0 BBMSDppInstant: SKIP (already completed)
2026-07-28 11:58:03 CEST    repeat=0 BBMSDppStepwise: SKIP (already completed)
2026-07-28 11:58:03 CEST    repeat=0 DijkstraPrims: SKIP (already completed)
2026-07-28 11:58:03 CEST    repeat=1 BBMSCore: SKIP (already completed)
2026-07-28 11:58:03 CEST    repeat=1 BBMSInter: SKIP (already completed)
2026-07-28 11:58:03 CEST    repeat=1 BBMSDppInstant: SKIP (already completed)
2026-07-28 11:58:03 CEST    repeat=1 BBMSDppStepwise: SKIP (already completed)
2026-07-28 11:58:03 CEST    repeat=1 DijkstraPrims: SKIP (already completed)
2026-07-28 11:58:03 CEST    repeat=2 BBMSCore: SKIP (already completed)
2026-07-28 11:58:03 CEST    repeat=2 BBMSInter: SKIP (already completed)
2026-07-28 11:58:03 CEST    repeat=2 BBMSDppInstant: SKIP (already completed)
2026-07-28 11:58:03 CEST    repeat=2 BBMSDppStepwise: SKIP (already completed)
2026-07-28 11:58:03 CEST    repeat=2 DijkstraPrims: SKIP (already completed)
2026-07-28 11:58:03 CEST  op-count pass
2026-07-28 11:58:03 CEST    BBMSCore: SKIP (already completed)
2026-07-28 11:58:03 CEST    BBMSInter: SKIP (already completed)
2026-07-28 11:58:03 CEST    BBMSDppInstant: SKIP (already completed)
2026-07-28 11:58:03 CEST    BBMSDppStepwise: SKIP (already completed)
2026-07-28 11:58:03 CEST    DijkstraPrims: SKIP (already completed)
2026-07-28 11:58:03 CEST  cross-algorithm agreement: ok
2026-07-28 11:58:03 CEST  sample=1
2026-07-28 11:58:03 CEST  runtime/memory pass
2026-07-28 11:58:03 CEST    repeat=0 BBMSCore: SKIP (already completed)
2026-07-28 11:58:03 CEST    repeat=0 BBMSInter: SKIP (already completed)
2026-07-28 11:58:03 CEST    repeat=0 BBMSDppInstant: SKIP (already completed)
2026-07-28 11:58:03 CEST    repeat=0 BBMSDppStepwise: SKIP (already completed)
2026-07-28 11:58:03 CEST    repeat=0 DijkstraPrims: SKIP (already completed)
2026-07-28 11:58:03 CEST    repeat=1 BBMSCore: SKIP (already completed)
2026-07-28 11:58:03 CEST    repeat=1 BBMSInter: SKIP (already completed)
2026-07-28 11:58:03 CEST    repeat=1 BBMSDppInstant: SKIP (already completed)
2026-07-28 11:58:03 CEST    repeat=1 BBMSDppStepwise: SKIP (already completed)
2026-07-28 11:58:03 CEST    repeat=1 DijkstraPrims: SKIP (already completed)
2026-07-28 11:58:03 CEST    repeat=2 BBMSCore: SKIP (already completed)
2026-07-28 11:58:03 CEST    repeat=2 BBMSInter: SKIP (already completed)
2026-07-28 11:58:03 CEST    repeat=2 BBMSDppInstant: SKIP (already completed)
2026-07-28 11:58:03 CEST    repeat=2 BBMSDppStepwise: SKIP (already completed)
2026-07-28 11:58:03 CEST    repeat=2 DijkstraPrims: SKIP (already completed)
2026-07-28 11:58:03 CEST  op-count pass
2026-07-28 11:58:03 CEST    BBMSCore: SKIP (already completed)
2026-07-28 11:58:03 CEST    BBMSInter: SKIP (already completed)
2026-07-28 11:58:03 CEST    BBMSDppInstant: SKIP (already completed)
2026-07-28 11:58:03 CEST    BBMSDppStepwise: SKIP (already completed)
2026-07-28 11:58:03 CEST    DijkstraPrims: SKIP (already completed)
2026-07-28 11:58:03 CEST  cross-algorithm agreement: ok
2026-07-28 11:58:03 CEST  sample=2
2026-07-28 11:58:03 CEST  runtime/memory pass
2026-07-28 11:58:03 CEST    repeat=0 BBMSCore: SKIP (already completed)
2026-07-28 11:58:03 CEST    repeat=0 BBMSInter: SKIP (already completed)
2026-07-28 11:58:03 CEST    repeat=0 BBMSDppInstant: SKIP (already completed)
2026-07-28 11:58:03 CEST    repeat=0 BBMSDppStepwise: SKIP (already completed)
2026-07-28 11:58:03 CEST    repeat=0 DijkstraPrims: SKIP (already completed)
2026-07-28 11:58:03 CEST    repeat=1 BBMSCore: SKIP (already completed)
2026-07-28 11:58:03 CEST    repeat=1 BBMSInter: SKIP (already completed)
2026-07-28 11:58:03 CEST    repeat=1 BBMSDppInstant: SKIP (already completed)
2026-07-28 11:58:03 CEST    repeat=1 BBMSDppStepwise: SKIP (already completed)
2026-07-28 11:58:03 CEST    repeat=1 DijkstraPrims: SKIP (already completed)
2026-07-28 11:58:03 CEST    repeat=2 BBMSCore: SKIP (already completed)
2026-07-28 11:58:03 CEST    repeat=2 BBMSInter: SKIP (already completed)
2026-07-28 11:58:03 CEST    repeat=2 BBMSDppInstant: SKIP (already completed)
2026-07-28 11:58:03 CEST    repeat=2 BBMSDppStepwise: SKIP (already completed)
2026-07-28 11:58:03 CEST    repeat=2 DijkstraPrims: SKIP (already completed)
2026-07-28 11:58:03 CEST  op-count pass
2026-07-28 11:58:03 CEST    BBMSCore: SKIP (already completed)
2026-07-28 11:58:03 CEST    BBMSInter: SKIP (already completed)
2026-07-28 11:58:03 CEST    BBMSDppInstant: SKIP (already completed)
2026-07-28 11:58:03 CEST    BBMSDppStepwise: SKIP (already completed)
2026-07-28 11:58:03 CEST    DijkstraPrims: SKIP (already completed)
2026-07-28 11:58:03 CEST  cross-algorithm agreement: ok
2026-07-28 11:58:03 CEST  sample=3
2026-07-28 11:58:03 CEST  runtime/memory pass
2026-07-28 11:58:03 CEST    repeat=0 BBMSCore: SKIP (already completed)
2026-07-28 11:58:03 CEST    repeat=0 BBMSInter: SKIP (already completed)
2026-07-28 11:58:03 CEST    repeat=0 BBMSDppInstant: SKIP (already completed)
2026-07-28 11:58:03 CEST    repeat=0 BBMSDppStepwise: SKIP (already completed)
2026-07-28 11:58:03 CEST    repeat=0 DijkstraPrims: SKIP (already completed)
2026-07-28 11:58:03 CEST    repeat=1 BBMSCore: SKIP (already completed)
2026-07-28 11:58:03 CEST    repeat=1 BBMSInter: SKIP (already completed)
2026-07-28 11:58:03 CEST    repeat=1 BBMSDppInstant: SKIP (already completed)
2026-07-28 11:58:03 CEST    repeat=1 BBMSDppStepwise: SKIP (already completed)
2026-07-28 11:58:03 CEST    repeat=1 DijkstraPrims: SKIP (already completed)
2026-07-28 11:58:03 CEST    repeat=2 BBMSCore: SKIP (already completed)
2026-07-28 11:58:03 CEST    repeat=2 BBMSInter: SKIP (already completed)
2026-07-28 11:58:03 CEST    repeat=2 BBMSDppInstant: SKIP (already completed)
2026-07-28 11:58:03 CEST    repeat=2 BBMSDppStepwise: SKIP (already completed)
2026-07-28 11:58:03 CEST    repeat=2 DijkstraPrims: SKIP (already completed)
2026-07-28 11:58:03 CEST  op-count pass
2026-07-28 11:58:03 CEST    BBMSCore: SKIP (already completed)
2026-07-28 11:58:03 CEST    BBMSInter: SKIP (already completed)
2026-07-28 11:58:03 CEST    BBMSDppInstant: SKIP (already completed)
2026-07-28 11:58:03 CEST    BBMSDppStepwise: SKIP (already completed)
2026-07-28 11:58:03 CEST    DijkstraPrims: SKIP (already completed)
2026-07-28 11:58:03 CEST  cross-algorithm agreement: ok
2026-07-28 11:58:03 CEST  sample=4
2026-07-28 11:58:03 CEST  runtime/memory pass
2026-07-28 11:58:03 CEST    repeat=0 BBMSCore: SKIP (already completed)
2026-07-28 11:58:03 CEST    repeat=0 BBMSInter: SKIP (already completed)
2026-07-28 11:58:03 CEST    repeat=0 BBMSDppInstant: SKIP (already completed)
2026-07-28 11:58:03 CEST    repeat=0 BBMSDppStepwise: SKIP (already completed)
2026-07-28 11:58:03 CEST    repeat=0 DijkstraPrims: SKIP (already completed)
2026-07-28 11:58:03 CEST    repeat=1 BBMSCore: SKIP (already completed)
2026-07-28 11:58:03 CEST    repeat=1 BBMSInter: SKIP (already completed)
2026-07-28 11:58:03 CEST    repeat=1 BBMSDppInstant: SKIP (already completed)
2026-07-28 11:58:03 CEST    repeat=1 BBMSDppStepwise: SKIP (already completed)
2026-07-28 11:58:03 CEST    repeat=1 DijkstraPrims: SKIP (already completed)
2026-07-28 11:58:03 CEST    repeat=2 BBMSCore: SKIP (already completed)
2026-07-28 11:58:03 CEST    repeat=2 BBMSInter: SKIP (already completed)
2026-07-28 11:58:03 CEST    repeat=2 BBMSDppInstant: SKIP (already completed)
2026-07-28 11:58:03 CEST    repeat=2 BBMSDppStepwise: SKIP (already completed)
2026-07-28 11:58:03 CEST    repeat=2 DijkstraPrims: SKIP (already completed)
2026-07-28 11:58:03 CEST  op-count pass
2026-07-28 11:58:03 CEST    BBMSCore: SKIP (already completed)
2026-07-28 11:58:03 CEST    BBMSInter: SKIP (already completed)
2026-07-28 11:58:03 CEST    BBMSDppInstant: SKIP (already completed)
2026-07-28 11:58:03 CEST    BBMSDppStepwise: SKIP (already completed)
2026-07-28 11:58:03 CEST    DijkstraPrims: SKIP (already completed)
2026-07-28 11:58:03 CEST  cross-algorithm agreement: ok
2026-07-28 11:58:03 CEST  --- N=11000 ---
2026-07-28 11:58:03 CEST  sample=0
2026-07-28 11:58:03 CEST  runtime/memory pass
2026-07-28 11:58:03 CEST    repeat=0 BBMSCore: SKIP (walled at N=11000)
2026-07-28 11:58:03 CEST    repeat=0 BBMSInter: SKIP (already completed)
2026-07-28 11:58:03 CEST    repeat=0 BBMSDppInstant: SKIP (already completed)
2026-07-28 11:58:03 CEST    repeat=0 BBMSDppStepwise: SKIP (already completed)
2026-07-28 11:58:03 CEST    repeat=0 DijkstraPrims: SKIP (already completed)
2026-07-28 11:58:03 CEST    repeat=1 BBMSCore: SKIP (walled at N=11000)
2026-07-28 11:58:03 CEST    repeat=1 BBMSInter: SKIP (already completed)
2026-07-28 11:58:03 CEST    repeat=1 BBMSDppInstant: SKIP (already completed)
2026-07-28 11:58:03 CEST    repeat=1 BBMSDppStepwise: SKIP (already completed)
2026-07-28 11:58:03 CEST    repeat=1 DijkstraPrims: SKIP (already completed)
2026-07-28 11:58:03 CEST    repeat=2 BBMSCore: SKIP (walled at N=11000)
2026-07-28 11:58:03 CEST    repeat=2 BBMSInter: SKIP (already completed)
2026-07-28 11:58:03 CEST    repeat=2 BBMSDppInstant: SKIP (already completed)
2026-07-28 11:58:03 CEST    repeat=2 BBMSDppStepwise: SKIP (already completed)
2026-07-28 11:58:03 CEST    repeat=2 DijkstraPrims: SKIP (already completed)
2026-07-28 11:58:03 CEST  op-count pass
2026-07-28 11:58:03 CEST    BBMSCore: SKIP (walled at N=11000)
2026-07-28 11:58:03 CEST    BBMSInter: SKIP (already completed)
2026-07-28 11:58:03 CEST    BBMSDppInstant: SKIP (already completed)
2026-07-28 11:58:03 CEST    BBMSDppStepwise: SKIP (already completed)
2026-07-28 11:58:03 CEST    DijkstraPrims: SKIP (already completed)
2026-07-28 11:58:03 CEST  cross-algorithm agreement: ok
2026-07-28 11:58:03 CEST  sample=1
2026-07-28 11:58:03 CEST  runtime/memory pass
2026-07-28 11:58:03 CEST    repeat=0 BBMSCore: SKIP (walled at N=11000)
2026-07-28 11:58:03 CEST    repeat=0 BBMSInter: SKIP (already completed)
2026-07-28 11:58:03 CEST    repeat=0 BBMSDppInstant: SKIP (already completed)
2026-07-28 11:58:03 CEST    repeat=0 BBMSDppStepwise: SKIP (already completed)
2026-07-28 11:58:03 CEST    repeat=0 DijkstraPrims: SKIP (already completed)
2026-07-28 11:58:03 CEST    repeat=1 BBMSCore: SKIP (walled at N=11000)
2026-07-28 11:58:03 CEST    repeat=1 BBMSInter: SKIP (already completed)
2026-07-28 11:58:03 CEST    repeat=1 BBMSDppInstant: SKIP (already completed)
2026-07-28 11:58:03 CEST    repeat=1 BBMSDppStepwise: SKIP (already completed)
2026-07-28 11:58:03 CEST    repeat=1 DijkstraPrims: SKIP (already completed)
2026-07-28 11:58:03 CEST    repeat=2 BBMSCore: SKIP (walled at N=11000)
2026-07-28 11:58:03 CEST    repeat=2 BBMSInter: SKIP (already completed)
2026-07-28 11:58:03 CEST    repeat=2 BBMSDppInstant: SKIP (already completed)
2026-07-28 11:58:03 CEST    repeat=2 BBMSDppStepwise: SKIP (already completed)
2026-07-28 11:58:03 CEST    repeat=2 DijkstraPrims: SKIP (already completed)
2026-07-28 11:58:03 CEST  op-count pass
2026-07-28 11:58:03 CEST    BBMSCore: SKIP (walled at N=11000)
2026-07-28 11:58:03 CEST    BBMSInter: SKIP (already completed)
2026-07-28 11:58:03 CEST    BBMSDppInstant: SKIP (already completed)
2026-07-28 11:58:03 CEST    BBMSDppStepwise: SKIP (already completed)
2026-07-28 11:58:03 CEST    DijkstraPrims: SKIP (already completed)
2026-07-28 11:58:03 CEST  cross-algorithm agreement: ok
2026-07-28 11:58:03 CEST  sample=2
2026-07-28 11:58:03 CEST  runtime/memory pass
2026-07-28 11:58:03 CEST    repeat=0 BBMSCore: SKIP (walled at N=11000)
2026-07-28 11:58:03 CEST    repeat=0 BBMSInter: SKIP (already completed)
2026-07-28 11:58:03 CEST    repeat=0 BBMSDppInstant: SKIP (already completed)
2026-07-28 11:58:03 CEST    repeat=0 BBMSDppStepwise: SKIP (already completed)
2026-07-28 11:58:03 CEST    repeat=0 DijkstraPrims: SKIP (already completed)
2026-07-28 11:58:03 CEST    repeat=1 BBMSCore: SKIP (walled at N=11000)
2026-07-28 11:58:03 CEST    repeat=1 BBMSInter: SKIP (already completed)
2026-07-28 11:58:03 CEST    repeat=1 BBMSDppInstant: SKIP (already completed)
2026-07-28 11:58:03 CEST    repeat=1 BBMSDppStepwise: SKIP (already completed)
2026-07-28 11:58:03 CEST    repeat=1 DijkstraPrims: SKIP (already completed)
2026-07-28 11:58:03 CEST    repeat=2 BBMSCore: SKIP (walled at N=11000)
2026-07-28 11:58:03 CEST    repeat=2 BBMSInter: SKIP (already completed)
2026-07-28 11:58:03 CEST    repeat=2 BBMSDppInstant: SKIP (already completed)
2026-07-28 11:58:03 CEST    repeat=2 BBMSDppStepwise: SKIP (already completed)
2026-07-28 11:58:03 CEST    repeat=2 DijkstraPrims: SKIP (already completed)
2026-07-28 11:58:03 CEST  op-count pass
2026-07-28 11:58:03 CEST    BBMSCore: SKIP (walled at N=11000)
2026-07-28 11:58:03 CEST    BBMSInter: SKIP (already completed)
2026-07-28 11:58:03 CEST    BBMSDppInstant: SKIP (already completed)
2026-07-28 11:58:03 CEST    BBMSDppStepwise: SKIP (already completed)
2026-07-28 11:58:03 CEST    DijkstraPrims: SKIP (already completed)
2026-07-28 11:58:03 CEST  cross-algorithm agreement: ok
2026-07-28 11:58:03 CEST  sample=3
2026-07-28 11:58:03 CEST  runtime/memory pass
2026-07-28 11:58:03 CEST    repeat=0 BBMSCore: SKIP (walled at N=11000)
2026-07-28 11:58:03 CEST    repeat=0 BBMSInter: SKIP (already completed)
2026-07-28 11:58:03 CEST    repeat=0 BBMSDppInstant: SKIP (already completed)
2026-07-28 11:58:03 CEST    repeat=0 BBMSDppStepwise: SKIP (already completed)
2026-07-28 11:58:03 CEST    repeat=0 DijkstraPrims: SKIP (already completed)
2026-07-28 11:58:03 CEST    repeat=1 BBMSCore: SKIP (walled at N=11000)
2026-07-28 11:58:03 CEST    repeat=1 BBMSInter: SKIP (already completed)
2026-07-28 11:58:03 CEST    repeat=1 BBMSDppInstant: SKIP (already completed)
2026-07-28 11:58:03 CEST    repeat=1 BBMSDppStepwise: SKIP (already completed)
2026-07-28 11:58:03 CEST    repeat=1 DijkstraPrims: SKIP (already completed)
2026-07-28 11:58:03 CEST    repeat=2 BBMSCore: SKIP (walled at N=11000)
2026-07-28 11:58:03 CEST    repeat=2 BBMSInter: SKIP (already completed)
2026-07-28 11:58:03 CEST    repeat=2 BBMSDppInstant: SKIP (already completed)
2026-07-28 11:58:03 CEST    repeat=2 BBMSDppStepwise: SKIP (already completed)
2026-07-28 11:58:03 CEST    repeat=2 DijkstraPrims: SKIP (already completed)
2026-07-28 11:58:03 CEST  op-count pass
2026-07-28 11:58:03 CEST    BBMSCore: SKIP (walled at N=11000)
2026-07-28 11:58:03 CEST    BBMSInter: SKIP (already completed)
2026-07-28 11:58:03 CEST    BBMSDppInstant: SKIP (already completed)
2026-07-28 11:58:03 CEST    BBMSDppStepwise: SKIP (already completed)
2026-07-28 11:58:03 CEST    DijkstraPrims: SKIP (already completed)
2026-07-28 11:58:03 CEST  cross-algorithm agreement: ok
2026-07-28 11:58:03 CEST  sample=4
2026-07-28 11:58:03 CEST  runtime/memory pass
2026-07-28 11:58:03 CEST    repeat=0 BBMSCore: SKIP (walled at N=11000)
2026-07-28 11:58:03 CEST    repeat=0 BBMSInter: SKIP (already completed)
2026-07-28 11:58:03 CEST    repeat=0 BBMSDppInstant: SKIP (already completed)
2026-07-28 11:58:03 CEST    repeat=0 BBMSDppStepwise: SKIP (already completed)
2026-07-28 11:58:03 CEST    repeat=0 DijkstraPrims: SKIP (already completed)
2026-07-28 11:58:03 CEST    repeat=1 BBMSCore: SKIP (walled at N=11000)
2026-07-28 11:58:03 CEST    repeat=1 BBMSInter: SKIP (already completed)
2026-07-28 11:58:03 CEST    repeat=1 BBMSDppInstant: SKIP (already completed)
2026-07-28 11:58:03 CEST    repeat=1 BBMSDppStepwise: SKIP (already completed)
2026-07-28 11:58:03 CEST    repeat=1 DijkstraPrims: SKIP (already completed)
2026-07-28 11:58:03 CEST    repeat=2 BBMSCore: SKIP (walled at N=11000)
2026-07-28 11:58:03 CEST    repeat=2 BBMSInter: SKIP (already completed)
2026-07-28 11:58:03 CEST    repeat=2 BBMSDppInstant: SKIP (already completed)
2026-07-28 11:58:03 CEST    repeat=2 BBMSDppStepwise: SKIP (already completed)
2026-07-28 11:58:03 CEST    repeat=2 DijkstraPrims: SKIP (already completed)
2026-07-28 11:58:03 CEST  op-count pass
2026-07-28 11:58:03 CEST    BBMSCore: SKIP (walled at N=11000)
2026-07-28 11:58:03 CEST    BBMSInter: SKIP (already completed)
2026-07-28 11:58:03 CEST    BBMSDppInstant: SKIP (already completed)
2026-07-28 11:58:03 CEST    BBMSDppStepwise: SKIP (already completed)
2026-07-28 11:58:03 CEST    DijkstraPrims: SKIP (already completed)
2026-07-28 11:58:03 CEST  cross-algorithm agreement: ok
2026-07-28 11:58:03 CEST  --- N=18000 ---
2026-07-28 11:58:03 CEST  sample=0
2026-07-28 11:58:03 CEST  runtime/memory pass
2026-07-28 11:58:03 CEST    repeat=0 BBMSCore: SKIP (walled at N=11000)
2026-07-28 11:58:03 CEST    repeat=0 BBMSInter: SKIP (already completed)
2026-07-28 11:58:03 CEST    repeat=0 BBMSDppInstant: running...
2026-07-28 12:02:25 CEST    repeat=0 BBMSDppInstant: status=ok
2026-07-28 12:02:25 CEST    repeat=0 BBMSDppStepwise: SKIP (already completed)
2026-07-28 12:02:25 CEST    repeat=0 DijkstraPrims: SKIP (already completed)
2026-07-28 12:02:25 CEST    repeat=1 BBMSCore: SKIP (walled at N=11000)
2026-07-28 12:02:25 CEST    repeat=1 BBMSInter: running...
2026-07-28 12:06:28 CEST    repeat=1 BBMSInter: status=ok
2026-07-28 12:06:28 CEST    repeat=1 BBMSDppInstant: running...
2026-07-28 12:10:50 CEST    repeat=1 BBMSDppInstant: status=ok
2026-07-28 12:10:50 CEST    repeat=1 BBMSDppStepwise: SKIP (already completed)
2026-07-28 12:10:50 CEST    repeat=1 DijkstraPrims: SKIP (already completed)
2026-07-28 12:10:50 CEST    repeat=2 BBMSCore: SKIP (walled at N=11000)
2026-07-28 12:10:50 CEST    repeat=2 BBMSInter: running...
2026-07-28 12:14:51 CEST    repeat=2 BBMSInter: status=ok
2026-07-28 12:14:51 CEST    repeat=2 BBMSDppInstant: running...
2026-07-28 12:19:13 CEST    repeat=2 BBMSDppInstant: status=ok
2026-07-28 12:19:13 CEST    repeat=2 BBMSDppStepwise: SKIP (already completed)
2026-07-28 12:19:13 CEST    repeat=2 DijkstraPrims: SKIP (already completed)
2026-07-28 12:19:13 CEST  op-count pass
2026-07-28 12:19:13 CEST    BBMSCore: SKIP (walled at N=11000)
2026-07-28 12:19:13 CEST    BBMSInter: running...
2026-07-28 12:23:33 CEST    BBMSInter: status=ok
2026-07-28 12:23:33 CEST    BBMSDppInstant: running...
2026-07-28 12:27:59 CEST    BBMSDppInstant: status=ok
2026-07-28 12:27:59 CEST    BBMSDppStepwise: SKIP (already completed)
2026-07-28 12:27:59 CEST    DijkstraPrims: SKIP (already completed)
2026-07-28 12:27:59 CEST  cross-algorithm agreement: ok
2026-07-28 12:27:59 CEST  sample=1
2026-07-28 12:27:59 CEST  runtime/memory pass
2026-07-28 12:27:59 CEST    repeat=0 BBMSCore: SKIP (walled at N=11000)
2026-07-28 12:27:59 CEST    repeat=0 BBMSInter: running...
2026-07-28 12:32:02 CEST    repeat=0 BBMSInter: status=ok
2026-07-28 12:32:02 CEST    repeat=0 BBMSDppInstant: running...
2026-07-28 12:36:26 CEST    repeat=0 BBMSDppInstant: status=ok
2026-07-28 12:36:26 CEST    repeat=0 BBMSDppStepwise: SKIP (already completed)
2026-07-28 12:36:26 CEST    repeat=0 DijkstraPrims: SKIP (already completed)
2026-07-28 12:36:26 CEST    repeat=1 BBMSCore: SKIP (walled at N=11000)
2026-07-28 12:36:26 CEST    repeat=1 BBMSInter: running...
2026-07-28 12:40:32 CEST    repeat=1 BBMSInter: status=ok
2026-07-28 12:40:32 CEST    repeat=1 BBMSDppInstant: running...
2026-07-28 12:44:55 CEST    repeat=1 BBMSDppInstant: status=ok
2026-07-28 12:44:55 CEST    repeat=1 BBMSDppStepwise: SKIP (already completed)
2026-07-28 12:44:55 CEST    repeat=1 DijkstraPrims: SKIP (already completed)
2026-07-28 12:44:55 CEST    repeat=2 BBMSCore: SKIP (walled at N=11000)
2026-07-28 12:44:55 CEST    repeat=2 BBMSInter: running...
2026-07-28 12:48:52 CEST    repeat=2 BBMSInter: status=ok
2026-07-28 12:48:52 CEST    repeat=2 BBMSDppInstant: running...
2026-07-28 12:53:16 CEST    repeat=2 BBMSDppInstant: status=ok
2026-07-28 12:53:16 CEST    repeat=2 BBMSDppStepwise: SKIP (already completed)
2026-07-28 12:53:16 CEST    repeat=2 DijkstraPrims: SKIP (already completed)
2026-07-28 12:53:16 CEST  op-count pass
2026-07-28 12:53:16 CEST    BBMSCore: SKIP (walled at N=11000)
2026-07-28 12:53:16 CEST    BBMSInter: running...
2026-07-28 12:57:18 CEST    BBMSInter: status=ok
2026-07-28 12:57:18 CEST    BBMSDppInstant: running...
2026-07-28 13:01:44 CEST    BBMSDppInstant: status=ok
2026-07-28 13:01:44 CEST    BBMSDppStepwise: SKIP (already completed)
2026-07-28 13:01:44 CEST    DijkstraPrims: SKIP (already completed)
2026-07-28 13:01:44 CEST  cross-algorithm agreement: ok
2026-07-28 13:01:44 CEST  sample=2
2026-07-28 13:01:44 CEST  runtime/memory pass
2026-07-28 13:01:44 CEST    repeat=0 BBMSCore: SKIP (walled at N=11000)
2026-07-28 13:01:44 CEST    repeat=0 BBMSInter: running...
2026-07-28 13:05:58 CEST    repeat=0 BBMSInter: status=ok
2026-07-28 13:05:58 CEST    repeat=0 BBMSDppInstant: running...
2026-07-28 13:10:23 CEST    repeat=0 BBMSDppInstant: status=ok
2026-07-28 13:10:23 CEST    repeat=0 BBMSDppStepwise: SKIP (already completed)
2026-07-28 13:10:23 CEST    repeat=0 DijkstraPrims: SKIP (already completed)
2026-07-28 13:10:23 CEST    repeat=1 BBMSCore: SKIP (walled at N=11000)
2026-07-28 13:10:23 CEST    repeat=1 BBMSInter: running...
2026-07-28 13:14:15 CEST    repeat=1 BBMSInter: status=ok
2026-07-28 13:14:15 CEST    repeat=1 BBMSDppInstant: running...
2026-07-28 13:18:41 CEST    repeat=1 BBMSDppInstant: status=ok
2026-07-28 13:18:41 CEST    repeat=1 BBMSDppStepwise: SKIP (already completed)
2026-07-28 13:18:41 CEST    repeat=1 DijkstraPrims: SKIP (already completed)
2026-07-28 13:18:41 CEST    repeat=2 BBMSCore: SKIP (walled at N=11000)
2026-07-28 13:18:41 CEST    repeat=2 BBMSInter: running...
2026-07-28 13:22:39 CEST    repeat=2 BBMSInter: status=ok
2026-07-28 13:22:39 CEST    repeat=2 BBMSDppInstant: running...
2026-07-28 13:27:06 CEST    repeat=2 BBMSDppInstant: status=ok
2026-07-28 13:27:06 CEST    repeat=2 BBMSDppStepwise: SKIP (already completed)
2026-07-28 13:27:06 CEST    repeat=2 DijkstraPrims: SKIP (already completed)
2026-07-28 13:27:06 CEST  op-count pass
2026-07-28 13:27:06 CEST    BBMSCore: SKIP (walled at N=11000)
2026-07-28 13:27:06 CEST    BBMSInter: running...
2026-07-28 13:31:07 CEST    BBMSInter: status=ok
2026-07-28 13:31:07 CEST    BBMSDppInstant: running...
2026-07-28 13:35:37 CEST    BBMSDppInstant: status=ok
2026-07-28 13:35:37 CEST    BBMSDppStepwise: SKIP (already completed)
2026-07-28 13:35:37 CEST    DijkstraPrims: SKIP (already completed)
2026-07-28 13:35:37 CEST  cross-algorithm agreement: ok
2026-07-28 13:35:37 CEST  sample=3
2026-07-28 13:35:37 CEST  runtime/memory pass
2026-07-28 13:35:37 CEST    repeat=0 BBMSCore: SKIP (walled at N=11000)
2026-07-28 13:35:37 CEST    repeat=0 BBMSInter: running...
2026-07-28 13:39:15 CEST    repeat=0 BBMSInter: status=ok
2026-07-28 13:39:15 CEST    repeat=0 BBMSDppInstant: running...
2026-07-28 13:43:37 CEST    repeat=0 BBMSDppInstant: status=ok
2026-07-28 13:43:37 CEST    repeat=0 BBMSDppStepwise: SKIP (already completed)
2026-07-28 13:43:37 CEST    repeat=0 DijkstraPrims: SKIP (already completed)
2026-07-28 13:43:37 CEST    repeat=1 BBMSCore: SKIP (walled at N=11000)
2026-07-28 13:43:37 CEST    repeat=1 BBMSInter: running...
2026-07-28 13:47:15 CEST    repeat=1 BBMSInter: status=ok
2026-07-28 13:47:15 CEST    repeat=1 BBMSDppInstant: running...
2026-07-28 13:51:41 CEST    repeat=1 BBMSDppInstant: status=ok
2026-07-28 13:51:41 CEST    repeat=1 BBMSDppStepwise: SKIP (already completed)
2026-07-28 13:51:41 CEST    repeat=1 DijkstraPrims: SKIP (already completed)
2026-07-28 13:51:41 CEST    repeat=2 BBMSCore: SKIP (walled at N=11000)
2026-07-28 13:51:41 CEST    repeat=2 BBMSInter: running...
2026-07-28 13:55:17 CEST    repeat=2 BBMSInter: status=ok
2026-07-28 13:55:17 CEST    repeat=2 BBMSDppInstant: running...
2026-07-28 13:59:40 CEST    repeat=2 BBMSDppInstant: status=ok
2026-07-28 13:59:40 CEST    repeat=2 BBMSDppStepwise: SKIP (already completed)
2026-07-28 13:59:40 CEST    repeat=2 DijkstraPrims: SKIP (already completed)
2026-07-28 13:59:40 CEST  op-count pass
2026-07-28 13:59:40 CEST    BBMSCore: SKIP (walled at N=11000)
2026-07-28 13:59:40 CEST    BBMSInter: running...
2026-07-28 14:03:18 CEST    BBMSInter: status=ok
2026-07-28 14:03:18 CEST    BBMSDppInstant: running...
2026-07-28 14:07:43 CEST    BBMSDppInstant: status=ok
2026-07-28 14:07:43 CEST    BBMSDppStepwise: SKIP (already completed)
2026-07-28 14:07:43 CEST    DijkstraPrims: SKIP (already completed)
2026-07-28 14:07:43 CEST  cross-algorithm agreement: ok
2026-07-28 14:07:43 CEST  sample=4
2026-07-28 14:07:43 CEST  runtime/memory pass
2026-07-28 14:07:43 CEST    repeat=0 BBMSCore: SKIP (walled at N=11000)
2026-07-28 14:07:43 CEST    repeat=0 BBMSInter: running...
2026-07-28 14:11:37 CEST    repeat=0 BBMSInter: status=ok
2026-07-28 14:11:37 CEST    repeat=0 BBMSDppInstant: running...
2026-07-28 14:15:53 CEST    repeat=0 BBMSDppInstant: status=ok
2026-07-28 14:15:53 CEST    repeat=0 BBMSDppStepwise: SKIP (already completed)
2026-07-28 14:15:53 CEST    repeat=0 DijkstraPrims: SKIP (already completed)
2026-07-28 14:15:53 CEST    repeat=1 BBMSCore: SKIP (walled at N=11000)
2026-07-28 14:15:53 CEST    repeat=1 BBMSInter: running...
2026-07-28 14:19:45 CEST    repeat=1 BBMSInter: status=ok
2026-07-28 14:19:45 CEST    repeat=1 BBMSDppInstant: running...
2026-07-28 14:24:02 CEST    repeat=1 BBMSDppInstant: status=ok
2026-07-28 14:24:02 CEST    repeat=1 BBMSDppStepwise: SKIP (already completed)
2026-07-28 14:24:02 CEST    repeat=1 DijkstraPrims: SKIP (already completed)
2026-07-28 14:24:02 CEST    repeat=2 BBMSCore: SKIP (walled at N=11000)
2026-07-28 14:24:02 CEST    repeat=2 BBMSInter: running...
2026-07-28 14:28:01 CEST    repeat=2 BBMSInter: status=ok
2026-07-28 14:28:01 CEST    repeat=2 BBMSDppInstant: running...
2026-07-28 14:32:18 CEST    repeat=2 BBMSDppInstant: status=ok
2026-07-28 14:32:18 CEST    repeat=2 BBMSDppStepwise: SKIP (already completed)
2026-07-28 14:32:18 CEST    repeat=2 DijkstraPrims: SKIP (already completed)
2026-07-28 14:32:18 CEST  op-count pass
2026-07-28 14:32:18 CEST    BBMSCore: SKIP (walled at N=11000)
2026-07-28 14:32:18 CEST    BBMSInter: running...
2026-07-28 14:36:18 CEST    BBMSInter: status=ok
2026-07-28 14:36:18 CEST    BBMSDppInstant: running...
2026-07-28 14:40:37 CEST    BBMSDppInstant: status=ok
2026-07-28 14:40:37 CEST    BBMSDppStepwise: SKIP (already completed)
2026-07-28 14:40:37 CEST    DijkstraPrims: SKIP (already completed)
2026-07-28 14:40:37 CEST  cross-algorithm agreement: ok
2026-07-28 14:40:37 CEST  --- N=30000 ---
2026-07-28 14:40:37 CEST  sample=0
2026-07-28 14:40:37 CEST  runtime/memory pass
2026-07-28 14:40:37 CEST    repeat=0 BBMSCore: SKIP (walled at N=11000)
2026-07-28 14:40:37 CEST    repeat=0 BBMSInter: running...
2026-07-28 14:45:39 CEST    repeat=0 BBMSInter: status=timeout
2026-07-28 14:45:39 CEST    repeat=0 BBMSDppInstant: running...
2026-07-28 14:45:39 CEST    repeat=0 BBMSDppInstant: status=oom
2026-07-28 14:45:39 CEST    repeat=0 BBMSDppStepwise: SKIP (walled at N=30000)
2026-07-28 14:45:39 CEST    repeat=0 DijkstraPrims: SKIP (already completed)
2026-07-28 14:45:39 CEST    repeat=1 BBMSCore: SKIP (walled at N=11000)
2026-07-28 14:45:39 CEST    repeat=1 BBMSInter: SKIP (walled at N=30000)
2026-07-28 14:45:39 CEST    repeat=1 BBMSDppInstant: SKIP (walled at N=30000)
2026-07-28 14:45:39 CEST    repeat=1 BBMSDppStepwise: SKIP (walled at N=30000)
2026-07-28 14:45:39 CEST    repeat=1 DijkstraPrims: SKIP (already completed)
2026-07-28 14:45:39 CEST    repeat=2 BBMSCore: SKIP (walled at N=11000)
2026-07-28 14:45:39 CEST    repeat=2 BBMSInter: SKIP (walled at N=30000)
2026-07-28 14:45:39 CEST    repeat=2 BBMSDppInstant: SKIP (walled at N=30000)
2026-07-28 14:45:39 CEST    repeat=2 BBMSDppStepwise: SKIP (walled at N=30000)
2026-07-28 14:45:39 CEST    repeat=2 DijkstraPrims: SKIP (already completed)
2026-07-28 14:45:39 CEST  op-count pass
2026-07-28 14:45:39 CEST    BBMSCore: SKIP (walled at N=11000)
2026-07-28 14:45:39 CEST    BBMSInter: SKIP (walled at N=30000)
2026-07-28 14:45:39 CEST    BBMSDppInstant: SKIP (walled at N=30000)
2026-07-28 14:45:39 CEST    BBMSDppStepwise: SKIP (walled at N=30000)
2026-07-28 14:45:39 CEST    DijkstraPrims: SKIP (already completed)
2026-07-28 14:45:39 CEST  cross-algorithm agreement: ok
2026-07-28 14:45:39 CEST  sample=1
2026-07-28 14:45:39 CEST  runtime/memory pass
2026-07-28 14:45:39 CEST    repeat=0 BBMSCore: SKIP (walled at N=11000)
2026-07-28 14:45:39 CEST    repeat=0 BBMSInter: SKIP (walled at N=30000)
2026-07-28 14:45:39 CEST    repeat=0 BBMSDppInstant: SKIP (walled at N=30000)
2026-07-28 14:45:39 CEST    repeat=0 BBMSDppStepwise: SKIP (walled at N=30000)
2026-07-28 14:45:39 CEST    repeat=0 DijkstraPrims: SKIP (already completed)
2026-07-28 14:45:39 CEST    repeat=1 BBMSCore: SKIP (walled at N=11000)
2026-07-28 14:45:39 CEST    repeat=1 BBMSInter: SKIP (walled at N=30000)
2026-07-28 14:45:39 CEST    repeat=1 BBMSDppInstant: SKIP (walled at N=30000)
2026-07-28 14:45:39 CEST    repeat=1 BBMSDppStepwise: SKIP (walled at N=30000)
2026-07-28 14:45:39 CEST    repeat=1 DijkstraPrims: SKIP (already completed)
2026-07-28 14:45:39 CEST    repeat=2 BBMSCore: SKIP (walled at N=11000)
2026-07-28 14:45:39 CEST    repeat=2 BBMSInter: SKIP (walled at N=30000)
2026-07-28 14:45:39 CEST    repeat=2 BBMSDppInstant: SKIP (walled at N=30000)
2026-07-28 14:45:39 CEST    repeat=2 BBMSDppStepwise: SKIP (walled at N=30000)
2026-07-28 14:45:39 CEST    repeat=2 DijkstraPrims: SKIP (already completed)
2026-07-28 14:45:39 CEST  op-count pass
2026-07-28 14:45:39 CEST    BBMSCore: SKIP (walled at N=11000)
2026-07-28 14:45:39 CEST    BBMSInter: SKIP (walled at N=30000)
2026-07-28 14:45:39 CEST    BBMSDppInstant: SKIP (walled at N=30000)
2026-07-28 14:45:39 CEST    BBMSDppStepwise: SKIP (walled at N=30000)
2026-07-28 14:45:39 CEST    DijkstraPrims: SKIP (already completed)
2026-07-28 14:45:39 CEST  cross-algorithm agreement: ok
2026-07-28 14:45:39 CEST  sample=2
2026-07-28 14:45:39 CEST  runtime/memory pass
2026-07-28 14:45:39 CEST    repeat=0 BBMSCore: SKIP (walled at N=11000)
2026-07-28 14:45:39 CEST    repeat=0 BBMSInter: SKIP (walled at N=30000)
2026-07-28 14:45:39 CEST    repeat=0 BBMSDppInstant: SKIP (walled at N=30000)
2026-07-28 14:45:39 CEST    repeat=0 BBMSDppStepwise: SKIP (walled at N=30000)
2026-07-28 14:45:39 CEST    repeat=0 DijkstraPrims: SKIP (already completed)
2026-07-28 14:45:39 CEST    repeat=1 BBMSCore: SKIP (walled at N=11000)
2026-07-28 14:45:39 CEST    repeat=1 BBMSInter: SKIP (walled at N=30000)
2026-07-28 14:45:39 CEST    repeat=1 BBMSDppInstant: SKIP (walled at N=30000)
2026-07-28 14:45:39 CEST    repeat=1 BBMSDppStepwise: SKIP (walled at N=30000)
2026-07-28 14:45:39 CEST    repeat=1 DijkstraPrims: SKIP (already completed)
2026-07-28 14:45:39 CEST    repeat=2 BBMSCore: SKIP (walled at N=11000)
2026-07-28 14:45:39 CEST    repeat=2 BBMSInter: SKIP (walled at N=30000)
2026-07-28 14:45:39 CEST    repeat=2 BBMSDppInstant: SKIP (walled at N=30000)
2026-07-28 14:45:39 CEST    repeat=2 BBMSDppStepwise: SKIP (walled at N=30000)
2026-07-28 14:45:39 CEST    repeat=2 DijkstraPrims: SKIP (already completed)
2026-07-28 14:45:39 CEST  op-count pass
2026-07-28 14:45:39 CEST    BBMSCore: SKIP (walled at N=11000)
2026-07-28 14:45:39 CEST    BBMSInter: SKIP (walled at N=30000)
2026-07-28 14:45:39 CEST    BBMSDppInstant: SKIP (walled at N=30000)
2026-07-28 14:45:39 CEST    BBMSDppStepwise: SKIP (walled at N=30000)
2026-07-28 14:45:39 CEST    DijkstraPrims: SKIP (already completed)
2026-07-28 14:45:39 CEST  cross-algorithm agreement: ok
2026-07-28 14:45:39 CEST  sample=3
2026-07-28 14:45:39 CEST  runtime/memory pass
2026-07-28 14:45:39 CEST    repeat=0 BBMSCore: SKIP (walled at N=11000)
2026-07-28 14:45:39 CEST    repeat=0 BBMSInter: SKIP (walled at N=30000)
2026-07-28 14:45:39 CEST    repeat=0 BBMSDppInstant: SKIP (walled at N=30000)
2026-07-28 14:45:39 CEST    repeat=0 BBMSDppStepwise: SKIP (walled at N=30000)
2026-07-28 14:45:39 CEST    repeat=0 DijkstraPrims: SKIP (already completed)
2026-07-28 14:45:39 CEST    repeat=1 BBMSCore: SKIP (walled at N=11000)
2026-07-28 14:45:39 CEST    repeat=1 BBMSInter: SKIP (walled at N=30000)
2026-07-28 14:45:39 CEST    repeat=1 BBMSDppInstant: SKIP (walled at N=30000)
2026-07-28 14:45:39 CEST    repeat=1 BBMSDppStepwise: SKIP (walled at N=30000)
2026-07-28 14:45:39 CEST    repeat=1 DijkstraPrims: SKIP (already completed)
2026-07-28 14:45:39 CEST    repeat=2 BBMSCore: SKIP (walled at N=11000)
2026-07-28 14:45:39 CEST    repeat=2 BBMSInter: SKIP (walled at N=30000)
2026-07-28 14:45:39 CEST    repeat=2 BBMSDppInstant: SKIP (walled at N=30000)
2026-07-28 14:45:39 CEST    repeat=2 BBMSDppStepwise: SKIP (walled at N=30000)
2026-07-28 14:45:39 CEST    repeat=2 DijkstraPrims: SKIP (already completed)
2026-07-28 14:45:39 CEST  op-count pass
2026-07-28 14:45:39 CEST    BBMSCore: SKIP (walled at N=11000)
2026-07-28 14:45:39 CEST    BBMSInter: SKIP (walled at N=30000)
2026-07-28 14:45:39 CEST    BBMSDppInstant: SKIP (walled at N=30000)
2026-07-28 14:45:39 CEST    BBMSDppStepwise: SKIP (walled at N=30000)
2026-07-28 14:45:39 CEST    DijkstraPrims: SKIP (already completed)
2026-07-28 14:45:39 CEST  cross-algorithm agreement: ok
2026-07-28 14:45:39 CEST  sample=4
2026-07-28 14:45:39 CEST  runtime/memory pass
2026-07-28 14:45:39 CEST    repeat=0 BBMSCore: SKIP (walled at N=11000)
2026-07-28 14:45:39 CEST    repeat=0 BBMSInter: SKIP (walled at N=30000)
2026-07-28 14:45:39 CEST    repeat=0 BBMSDppInstant: SKIP (walled at N=30000)
2026-07-28 14:45:39 CEST    repeat=0 BBMSDppStepwise: SKIP (walled at N=30000)
2026-07-28 14:45:39 CEST    repeat=0 DijkstraPrims: SKIP (already completed)
2026-07-28 14:45:39 CEST    repeat=1 BBMSCore: SKIP (walled at N=11000)
2026-07-28 14:45:39 CEST    repeat=1 BBMSInter: SKIP (walled at N=30000)
2026-07-28 14:45:39 CEST    repeat=1 BBMSDppInstant: SKIP (walled at N=30000)
2026-07-28 14:45:39 CEST    repeat=1 BBMSDppStepwise: SKIP (walled at N=30000)
2026-07-28 14:45:39 CEST    repeat=1 DijkstraPrims: SKIP (already completed)
2026-07-28 14:45:39 CEST    repeat=2 BBMSCore: SKIP (walled at N=11000)
2026-07-28 14:45:39 CEST    repeat=2 BBMSInter: SKIP (walled at N=30000)
2026-07-28 14:45:39 CEST    repeat=2 BBMSDppInstant: SKIP (walled at N=30000)
2026-07-28 14:45:39 CEST    repeat=2 BBMSDppStepwise: SKIP (walled at N=30000)
2026-07-28 14:45:39 CEST    repeat=2 DijkstraPrims: SKIP (already completed)
2026-07-28 14:45:39 CEST  op-count pass
2026-07-28 14:45:39 CEST    BBMSCore: SKIP (walled at N=11000)
2026-07-28 14:45:39 CEST    BBMSInter: SKIP (walled at N=30000)
2026-07-28 14:45:39 CEST    BBMSDppInstant: SKIP (walled at N=30000)
2026-07-28 14:45:39 CEST    BBMSDppStepwise: SKIP (walled at N=30000)
2026-07-28 14:45:39 CEST    DijkstraPrims: SKIP (already completed)
2026-07-28 14:45:39 CEST  cross-algorithm agreement: ok
2026-07-28 14:45:39 CEST  --- N=50000 ---
2026-07-28 14:45:39 CEST  sample=0
2026-07-28 14:45:39 CEST  runtime/memory pass
2026-07-28 14:45:39 CEST    repeat=0 BBMSCore: SKIP (walled at N=11000)
2026-07-28 14:45:39 CEST    repeat=0 BBMSInter: SKIP (walled at N=30000)
2026-07-28 14:45:39 CEST    repeat=0 BBMSDppInstant: SKIP (walled at N=30000)
2026-07-28 14:45:39 CEST    repeat=0 BBMSDppStepwise: SKIP (walled at N=30000)
2026-07-28 14:45:39 CEST    repeat=0 DijkstraPrims: SKIP (already completed)
2026-07-28 14:45:39 CEST    repeat=1 BBMSCore: SKIP (walled at N=11000)
2026-07-28 14:45:39 CEST    repeat=1 BBMSInter: SKIP (walled at N=30000)
2026-07-28 14:45:39 CEST    repeat=1 BBMSDppInstant: SKIP (walled at N=30000)
2026-07-28 14:45:39 CEST    repeat=1 BBMSDppStepwise: SKIP (walled at N=30000)
2026-07-28 14:45:39 CEST    repeat=1 DijkstraPrims: SKIP (already completed)
2026-07-28 14:45:39 CEST    repeat=2 BBMSCore: SKIP (walled at N=11000)
2026-07-28 14:45:39 CEST    repeat=2 BBMSInter: SKIP (walled at N=30000)
2026-07-28 14:45:39 CEST    repeat=2 BBMSDppInstant: SKIP (walled at N=30000)
2026-07-28 14:45:39 CEST    repeat=2 BBMSDppStepwise: SKIP (walled at N=30000)
2026-07-28 14:45:39 CEST    repeat=2 DijkstraPrims: SKIP (already completed)
2026-07-28 14:45:39 CEST  op-count pass
2026-07-28 14:45:39 CEST    BBMSCore: SKIP (walled at N=11000)
2026-07-28 14:45:39 CEST    BBMSInter: SKIP (walled at N=30000)
2026-07-28 14:45:39 CEST    BBMSDppInstant: SKIP (walled at N=30000)
2026-07-28 14:45:39 CEST    BBMSDppStepwise: SKIP (walled at N=30000)
2026-07-28 14:45:39 CEST    DijkstraPrims: SKIP (already completed)
2026-07-28 14:45:39 CEST  cross-algorithm agreement: ok
2026-07-28 14:45:39 CEST  sample=1
2026-07-28 14:45:39 CEST  runtime/memory pass
2026-07-28 14:45:39 CEST    repeat=0 BBMSCore: SKIP (walled at N=11000)
2026-07-28 14:45:39 CEST    repeat=0 BBMSInter: SKIP (walled at N=30000)
2026-07-28 14:45:39 CEST    repeat=0 BBMSDppInstant: SKIP (walled at N=30000)
2026-07-28 14:45:39 CEST    repeat=0 BBMSDppStepwise: SKIP (walled at N=30000)
2026-07-28 14:45:39 CEST    repeat=0 DijkstraPrims: SKIP (already completed)
2026-07-28 14:45:39 CEST    repeat=1 BBMSCore: SKIP (walled at N=11000)
2026-07-28 14:45:39 CEST    repeat=1 BBMSInter: SKIP (walled at N=30000)
2026-07-28 14:45:39 CEST    repeat=1 BBMSDppInstant: SKIP (walled at N=30000)
2026-07-28 14:45:39 CEST    repeat=1 BBMSDppStepwise: SKIP (walled at N=30000)
2026-07-28 14:45:39 CEST    repeat=1 DijkstraPrims: SKIP (already completed)
2026-07-28 14:45:39 CEST    repeat=2 BBMSCore: SKIP (walled at N=11000)
2026-07-28 14:45:39 CEST    repeat=2 BBMSInter: SKIP (walled at N=30000)
2026-07-28 14:45:39 CEST    repeat=2 BBMSDppInstant: SKIP (walled at N=30000)
2026-07-28 14:45:39 CEST    repeat=2 BBMSDppStepwise: SKIP (walled at N=30000)
2026-07-28 14:45:39 CEST    repeat=2 DijkstraPrims: SKIP (already completed)
2026-07-28 14:45:39 CEST  op-count pass
2026-07-28 14:45:39 CEST    BBMSCore: SKIP (walled at N=11000)
2026-07-28 14:45:39 CEST    BBMSInter: SKIP (walled at N=30000)
2026-07-28 14:45:39 CEST    BBMSDppInstant: SKIP (walled at N=30000)
2026-07-28 14:45:39 CEST    BBMSDppStepwise: SKIP (walled at N=30000)
2026-07-28 14:45:39 CEST    DijkstraPrims: SKIP (already completed)
2026-07-28 14:45:39 CEST  cross-algorithm agreement: ok
2026-07-28 14:45:39 CEST  sample=2
2026-07-28 14:45:39 CEST  runtime/memory pass
2026-07-28 14:45:39 CEST    repeat=0 BBMSCore: SKIP (walled at N=11000)
2026-07-28 14:45:39 CEST    repeat=0 BBMSInter: SKIP (walled at N=30000)
2026-07-28 14:45:39 CEST    repeat=0 BBMSDppInstant: SKIP (walled at N=30000)
2026-07-28 14:45:39 CEST    repeat=0 BBMSDppStepwise: SKIP (walled at N=30000)
2026-07-28 14:45:39 CEST    repeat=0 DijkstraPrims: SKIP (already completed)
2026-07-28 14:45:39 CEST    repeat=1 BBMSCore: SKIP (walled at N=11000)
2026-07-28 14:45:39 CEST    repeat=1 BBMSInter: SKIP (walled at N=30000)
2026-07-28 14:45:39 CEST    repeat=1 BBMSDppInstant: SKIP (walled at N=30000)
2026-07-28 14:45:39 CEST    repeat=1 BBMSDppStepwise: SKIP (walled at N=30000)
2026-07-28 14:45:39 CEST    repeat=1 DijkstraPrims: SKIP (already completed)
2026-07-28 14:45:39 CEST    repeat=2 BBMSCore: SKIP (walled at N=11000)
2026-07-28 14:45:39 CEST    repeat=2 BBMSInter: SKIP (walled at N=30000)
2026-07-28 14:45:39 CEST    repeat=2 BBMSDppInstant: SKIP (walled at N=30000)
2026-07-28 14:45:39 CEST    repeat=2 BBMSDppStepwise: SKIP (walled at N=30000)
2026-07-28 14:45:39 CEST    repeat=2 DijkstraPrims: SKIP (already completed)
2026-07-28 14:45:39 CEST  op-count pass
2026-07-28 14:45:39 CEST    BBMSCore: SKIP (walled at N=11000)
2026-07-28 14:45:39 CEST    BBMSInter: SKIP (walled at N=30000)
2026-07-28 14:45:39 CEST    BBMSDppInstant: SKIP (walled at N=30000)
2026-07-28 14:45:39 CEST    BBMSDppStepwise: SKIP (walled at N=30000)
2026-07-28 14:45:39 CEST    DijkstraPrims: SKIP (already completed)
2026-07-28 14:45:39 CEST  cross-algorithm agreement: ok
2026-07-28 14:45:39 CEST  sample=3
2026-07-28 14:45:39 CEST  runtime/memory pass
2026-07-28 14:45:39 CEST    repeat=0 BBMSCore: SKIP (walled at N=11000)
2026-07-28 14:45:39 CEST    repeat=0 BBMSInter: SKIP (walled at N=30000)
2026-07-28 14:45:39 CEST    repeat=0 BBMSDppInstant: SKIP (walled at N=30000)
2026-07-28 14:45:39 CEST    repeat=0 BBMSDppStepwise: SKIP (walled at N=30000)
2026-07-28 14:45:39 CEST    repeat=0 DijkstraPrims: SKIP (already completed)
2026-07-28 14:45:39 CEST    repeat=1 BBMSCore: SKIP (walled at N=11000)
2026-07-28 14:45:39 CEST    repeat=1 BBMSInter: SKIP (walled at N=30000)
2026-07-28 14:45:39 CEST    repeat=1 BBMSDppInstant: SKIP (walled at N=30000)
2026-07-28 14:45:39 CEST    repeat=1 BBMSDppStepwise: SKIP (walled at N=30000)
2026-07-28 14:45:39 CEST    repeat=1 DijkstraPrims: SKIP (already completed)
2026-07-28 14:45:39 CEST    repeat=2 BBMSCore: SKIP (walled at N=11000)
2026-07-28 14:45:39 CEST    repeat=2 BBMSInter: SKIP (walled at N=30000)
2026-07-28 14:45:39 CEST    repeat=2 BBMSDppInstant: SKIP (walled at N=30000)
2026-07-28 14:45:39 CEST    repeat=2 BBMSDppStepwise: SKIP (walled at N=30000)
2026-07-28 14:45:39 CEST    repeat=2 DijkstraPrims: SKIP (already completed)
2026-07-28 14:45:39 CEST  op-count pass
2026-07-28 14:45:39 CEST    BBMSCore: SKIP (walled at N=11000)
2026-07-28 14:45:39 CEST    BBMSInter: SKIP (walled at N=30000)
2026-07-28 14:45:39 CEST    BBMSDppInstant: SKIP (walled at N=30000)
2026-07-28 14:45:39 CEST    BBMSDppStepwise: SKIP (walled at N=30000)
2026-07-28 14:45:39 CEST    DijkstraPrims: SKIP (already completed)
2026-07-28 14:45:39 CEST  cross-algorithm agreement: ok
2026-07-28 14:45:39 CEST  sample=4
2026-07-28 14:45:39 CEST  runtime/memory pass
2026-07-28 14:45:39 CEST    repeat=0 BBMSCore: SKIP (walled at N=11000)
2026-07-28 14:45:39 CEST    repeat=0 BBMSInter: SKIP (walled at N=30000)
2026-07-28 14:45:39 CEST    repeat=0 BBMSDppInstant: SKIP (walled at N=30000)
2026-07-28 14:45:39 CEST    repeat=0 BBMSDppStepwise: SKIP (walled at N=30000)
2026-07-28 14:45:39 CEST    repeat=0 DijkstraPrims: SKIP (already completed)
2026-07-28 14:45:39 CEST    repeat=1 BBMSCore: SKIP (walled at N=11000)
2026-07-28 14:45:39 CEST    repeat=1 BBMSInter: SKIP (walled at N=30000)
2026-07-28 14:45:39 CEST    repeat=1 BBMSDppInstant: SKIP (walled at N=30000)
2026-07-28 14:45:39 CEST    repeat=1 BBMSDppStepwise: SKIP (walled at N=30000)
2026-07-28 14:45:39 CEST    repeat=1 DijkstraPrims: SKIP (already completed)
2026-07-28 14:45:39 CEST    repeat=2 BBMSCore: SKIP (walled at N=11000)
2026-07-28 14:45:39 CEST    repeat=2 BBMSInter: SKIP (walled at N=30000)
2026-07-28 14:45:39 CEST    repeat=2 BBMSDppInstant: SKIP (walled at N=30000)
2026-07-28 14:45:39 CEST    repeat=2 BBMSDppStepwise: SKIP (walled at N=30000)
2026-07-28 14:45:39 CEST    repeat=2 DijkstraPrims: SKIP (already completed)
2026-07-28 14:45:39 CEST  op-count pass
2026-07-28 14:45:39 CEST    BBMSCore: SKIP (walled at N=11000)
2026-07-28 14:45:39 CEST    BBMSInter: SKIP (walled at N=30000)
2026-07-28 14:45:39 CEST    BBMSDppInstant: SKIP (walled at N=30000)
2026-07-28 14:45:39 CEST    BBMSDppStepwise: SKIP (walled at N=30000)
2026-07-28 14:45:39 CEST    DijkstraPrims: SKIP (already completed)
2026-07-28 14:45:39 CEST  cross-algorithm agreement: ok
2026-07-28 14:45:39 CEST  === dataset: outlier ===
2026-07-28 14:45:39 CEST  --- N=500 ---
2026-07-28 14:45:39 CEST  sample=0
2026-07-28 14:45:39 CEST  runtime/memory pass
2026-07-28 14:45:39 CEST    repeat=0 BBMSCore: SKIP (already completed)
2026-07-28 14:45:39 CEST    repeat=0 BBMSInter: SKIP (already completed)
2026-07-28 14:45:39 CEST    repeat=0 BBMSDppInstant: SKIP (already completed)
2026-07-28 14:45:39 CEST    repeat=0 BBMSDppStepwise: SKIP (already completed)
2026-07-28 14:45:39 CEST    repeat=0 DijkstraPrims: SKIP (already completed)
2026-07-28 14:45:39 CEST    repeat=1 BBMSCore: SKIP (already completed)
2026-07-28 14:45:39 CEST    repeat=1 BBMSInter: SKIP (already completed)
2026-07-28 14:45:39 CEST    repeat=1 BBMSDppInstant: SKIP (already completed)
2026-07-28 14:45:39 CEST    repeat=1 BBMSDppStepwise: SKIP (already completed)
2026-07-28 14:45:39 CEST    repeat=1 DijkstraPrims: SKIP (already completed)
2026-07-28 14:45:39 CEST    repeat=2 BBMSCore: SKIP (already completed)
2026-07-28 14:45:39 CEST    repeat=2 BBMSInter: SKIP (already completed)
2026-07-28 14:45:39 CEST    repeat=2 BBMSDppInstant: SKIP (already completed)
2026-07-28 14:45:39 CEST    repeat=2 BBMSDppStepwise: SKIP (already completed)
2026-07-28 14:45:39 CEST    repeat=2 DijkstraPrims: SKIP (already completed)
2026-07-28 14:45:39 CEST  op-count pass
2026-07-28 14:45:39 CEST    BBMSCore: SKIP (already completed)
2026-07-28 14:45:39 CEST    BBMSInter: SKIP (already completed)
2026-07-28 14:45:39 CEST    BBMSDppInstant: SKIP (already completed)
2026-07-28 14:45:39 CEST    BBMSDppStepwise: SKIP (already completed)
2026-07-28 14:45:39 CEST    DijkstraPrims: SKIP (already completed)
2026-07-28 14:45:39 CEST  cross-algorithm agreement: ok
2026-07-28 14:45:39 CEST  sample=1
2026-07-28 14:45:39 CEST  runtime/memory pass
2026-07-28 14:45:39 CEST    repeat=0 BBMSCore: SKIP (already completed)
2026-07-28 14:45:39 CEST    repeat=0 BBMSInter: SKIP (already completed)
2026-07-28 14:45:39 CEST    repeat=0 BBMSDppInstant: SKIP (already completed)
2026-07-28 14:45:39 CEST    repeat=0 BBMSDppStepwise: SKIP (already completed)
2026-07-28 14:45:39 CEST    repeat=0 DijkstraPrims: SKIP (already completed)
2026-07-28 14:45:39 CEST    repeat=1 BBMSCore: SKIP (already completed)
2026-07-28 14:45:39 CEST    repeat=1 BBMSInter: SKIP (already completed)
2026-07-28 14:45:39 CEST    repeat=1 BBMSDppInstant: SKIP (already completed)
2026-07-28 14:45:39 CEST    repeat=1 BBMSDppStepwise: SKIP (already completed)
2026-07-28 14:45:39 CEST    repeat=1 DijkstraPrims: SKIP (already completed)
2026-07-28 14:45:39 CEST    repeat=2 BBMSCore: SKIP (already completed)
2026-07-28 14:45:39 CEST    repeat=2 BBMSInter: SKIP (already completed)
2026-07-28 14:45:39 CEST    repeat=2 BBMSDppInstant: SKIP (already completed)
2026-07-28 14:45:39 CEST    repeat=2 BBMSDppStepwise: SKIP (already completed)
2026-07-28 14:45:39 CEST    repeat=2 DijkstraPrims: SKIP (already completed)
2026-07-28 14:45:39 CEST  op-count pass
2026-07-28 14:45:39 CEST    BBMSCore: SKIP (already completed)
2026-07-28 14:45:39 CEST    BBMSInter: SKIP (already completed)
2026-07-28 14:45:39 CEST    BBMSDppInstant: SKIP (already completed)
2026-07-28 14:45:39 CEST    BBMSDppStepwise: SKIP (already completed)
2026-07-28 14:45:39 CEST    DijkstraPrims: SKIP (already completed)
2026-07-28 14:45:39 CEST  cross-algorithm agreement: ok
2026-07-28 14:45:39 CEST  sample=2
2026-07-28 14:45:39 CEST  runtime/memory pass
2026-07-28 14:45:39 CEST    repeat=0 BBMSCore: SKIP (already completed)
2026-07-28 14:45:39 CEST    repeat=0 BBMSInter: SKIP (already completed)
2026-07-28 14:45:39 CEST    repeat=0 BBMSDppInstant: SKIP (already completed)
2026-07-28 14:45:39 CEST    repeat=0 BBMSDppStepwise: SKIP (already completed)
2026-07-28 14:45:39 CEST    repeat=0 DijkstraPrims: SKIP (already completed)
2026-07-28 14:45:39 CEST    repeat=1 BBMSCore: SKIP (already completed)
2026-07-28 14:45:39 CEST    repeat=1 BBMSInter: SKIP (already completed)
2026-07-28 14:45:39 CEST    repeat=1 BBMSDppInstant: SKIP (already completed)
2026-07-28 14:45:39 CEST    repeat=1 BBMSDppStepwise: SKIP (already completed)
2026-07-28 14:45:39 CEST    repeat=1 DijkstraPrims: SKIP (already completed)
2026-07-28 14:45:39 CEST    repeat=2 BBMSCore: SKIP (already completed)
2026-07-28 14:45:39 CEST    repeat=2 BBMSInter: SKIP (already completed)
2026-07-28 14:45:39 CEST    repeat=2 BBMSDppInstant: SKIP (already completed)
2026-07-28 14:45:39 CEST    repeat=2 BBMSDppStepwise: SKIP (already completed)
2026-07-28 14:45:39 CEST    repeat=2 DijkstraPrims: SKIP (already completed)
2026-07-28 14:45:39 CEST  op-count pass
2026-07-28 14:45:39 CEST    BBMSCore: SKIP (already completed)
2026-07-28 14:45:39 CEST    BBMSInter: SKIP (already completed)
2026-07-28 14:45:39 CEST    BBMSDppInstant: SKIP (already completed)
2026-07-28 14:45:39 CEST    BBMSDppStepwise: SKIP (already completed)
2026-07-28 14:45:39 CEST    DijkstraPrims: SKIP (already completed)
2026-07-28 14:45:39 CEST  cross-algorithm agreement: ok
2026-07-28 14:45:39 CEST  sample=3
2026-07-28 14:45:39 CEST  runtime/memory pass
2026-07-28 14:45:39 CEST    repeat=0 BBMSCore: SKIP (already completed)
2026-07-28 14:45:39 CEST    repeat=0 BBMSInter: SKIP (already completed)
2026-07-28 14:45:39 CEST    repeat=0 BBMSDppInstant: SKIP (already completed)
2026-07-28 14:45:39 CEST    repeat=0 BBMSDppStepwise: SKIP (already completed)
2026-07-28 14:45:39 CEST    repeat=0 DijkstraPrims: SKIP (already completed)
2026-07-28 14:45:39 CEST    repeat=1 BBMSCore: SKIP (already completed)
2026-07-28 14:45:39 CEST    repeat=1 BBMSInter: SKIP (already completed)
2026-07-28 14:45:39 CEST    repeat=1 BBMSDppInstant: SKIP (already completed)
2026-07-28 14:45:39 CEST    repeat=1 BBMSDppStepwise: SKIP (already completed)
2026-07-28 14:45:39 CEST    repeat=1 DijkstraPrims: SKIP (already completed)
2026-07-28 14:45:39 CEST    repeat=2 BBMSCore: SKIP (already completed)
2026-07-28 14:45:39 CEST    repeat=2 BBMSInter: SKIP (already completed)
2026-07-28 14:45:39 CEST    repeat=2 BBMSDppInstant: SKIP (already completed)
2026-07-28 14:45:39 CEST    repeat=2 BBMSDppStepwise: SKIP (already completed)
2026-07-28 14:45:39 CEST    repeat=2 DijkstraPrims: SKIP (already completed)
2026-07-28 14:45:39 CEST  op-count pass
2026-07-28 14:45:39 CEST    BBMSCore: SKIP (already completed)
2026-07-28 14:45:39 CEST    BBMSInter: SKIP (already completed)
2026-07-28 14:45:39 CEST    BBMSDppInstant: SKIP (already completed)
2026-07-28 14:45:39 CEST    BBMSDppStepwise: SKIP (already completed)
2026-07-28 14:45:39 CEST    DijkstraPrims: SKIP (already completed)
2026-07-28 14:45:39 CEST  cross-algorithm agreement: ok
2026-07-28 14:45:39 CEST  sample=4
2026-07-28 14:45:39 CEST  runtime/memory pass
2026-07-28 14:45:39 CEST    repeat=0 BBMSCore: SKIP (already completed)
2026-07-28 14:45:39 CEST    repeat=0 BBMSInter: SKIP (already completed)
2026-07-28 14:45:39 CEST    repeat=0 BBMSDppInstant: SKIP (already completed)
2026-07-28 14:45:39 CEST    repeat=0 BBMSDppStepwise: SKIP (already completed)
2026-07-28 14:45:39 CEST    repeat=0 DijkstraPrims: SKIP (already completed)
2026-07-28 14:45:39 CEST    repeat=1 BBMSCore: SKIP (already completed)
2026-07-28 14:45:39 CEST    repeat=1 BBMSInter: SKIP (already completed)
2026-07-28 14:45:39 CEST    repeat=1 BBMSDppInstant: SKIP (already completed)
2026-07-28 14:45:39 CEST    repeat=1 BBMSDppStepwise: SKIP (already completed)
2026-07-28 14:45:39 CEST    repeat=1 DijkstraPrims: SKIP (already completed)
2026-07-28 14:45:39 CEST    repeat=2 BBMSCore: SKIP (already completed)
2026-07-28 14:45:39 CEST    repeat=2 BBMSInter: SKIP (already completed)
2026-07-28 14:45:39 CEST    repeat=2 BBMSDppInstant: SKIP (already completed)
2026-07-28 14:45:39 CEST    repeat=2 BBMSDppStepwise: SKIP (already completed)
2026-07-28 14:45:39 CEST    repeat=2 DijkstraPrims: SKIP (already completed)
2026-07-28 14:45:39 CEST  op-count pass
2026-07-28 14:45:39 CEST    BBMSCore: SKIP (already completed)
2026-07-28 14:45:39 CEST    BBMSInter: SKIP (already completed)
2026-07-28 14:45:39 CEST    BBMSDppInstant: SKIP (already completed)
2026-07-28 14:45:39 CEST    BBMSDppStepwise: SKIP (already completed)
2026-07-28 14:45:39 CEST    DijkstraPrims: SKIP (already completed)
2026-07-28 14:45:39 CEST  cross-algorithm agreement: ok
2026-07-28 14:45:39 CEST  --- N=830 ---
2026-07-28 14:45:39 CEST  sample=0
2026-07-28 14:45:39 CEST  runtime/memory pass
2026-07-28 14:45:39 CEST    repeat=0 BBMSCore: SKIP (already completed)
2026-07-28 14:45:39 CEST    repeat=0 BBMSInter: SKIP (already completed)
2026-07-28 14:45:39 CEST    repeat=0 BBMSDppInstant: SKIP (already completed)
2026-07-28 14:45:39 CEST    repeat=0 BBMSDppStepwise: SKIP (already completed)
2026-07-28 14:45:39 CEST    repeat=0 DijkstraPrims: SKIP (already completed)
2026-07-28 14:45:39 CEST    repeat=1 BBMSCore: SKIP (already completed)
2026-07-28 14:45:39 CEST    repeat=1 BBMSInter: SKIP (already completed)
2026-07-28 14:45:39 CEST    repeat=1 BBMSDppInstant: SKIP (already completed)
2026-07-28 14:45:39 CEST    repeat=1 BBMSDppStepwise: SKIP (already completed)
2026-07-28 14:45:39 CEST    repeat=1 DijkstraPrims: SKIP (already completed)
2026-07-28 14:45:39 CEST    repeat=2 BBMSCore: SKIP (already completed)
2026-07-28 14:45:39 CEST    repeat=2 BBMSInter: SKIP (already completed)
2026-07-28 14:45:39 CEST    repeat=2 BBMSDppInstant: SKIP (already completed)
2026-07-28 14:45:39 CEST    repeat=2 BBMSDppStepwise: SKIP (already completed)
2026-07-28 14:45:39 CEST    repeat=2 DijkstraPrims: SKIP (already completed)
2026-07-28 14:45:39 CEST  op-count pass
2026-07-28 14:45:39 CEST    BBMSCore: SKIP (already completed)
2026-07-28 14:45:39 CEST    BBMSInter: SKIP (already completed)
2026-07-28 14:45:39 CEST    BBMSDppInstant: SKIP (already completed)
2026-07-28 14:45:39 CEST    BBMSDppStepwise: SKIP (already completed)
2026-07-28 14:45:39 CEST    DijkstraPrims: SKIP (already completed)
2026-07-28 14:45:39 CEST  cross-algorithm agreement: ok
2026-07-28 14:45:39 CEST  sample=1
2026-07-28 14:45:39 CEST  runtime/memory pass
2026-07-28 14:45:39 CEST    repeat=0 BBMSCore: SKIP (already completed)
2026-07-28 14:45:39 CEST    repeat=0 BBMSInter: SKIP (already completed)
2026-07-28 14:45:39 CEST    repeat=0 BBMSDppInstant: SKIP (already completed)
2026-07-28 14:45:39 CEST    repeat=0 BBMSDppStepwise: SKIP (already completed)
2026-07-28 14:45:39 CEST    repeat=0 DijkstraPrims: SKIP (already completed)
2026-07-28 14:45:39 CEST    repeat=1 BBMSCore: SKIP (already completed)
2026-07-28 14:45:39 CEST    repeat=1 BBMSInter: SKIP (already completed)
2026-07-28 14:45:39 CEST    repeat=1 BBMSDppInstant: SKIP (already completed)
2026-07-28 14:45:39 CEST    repeat=1 BBMSDppStepwise: SKIP (already completed)
2026-07-28 14:45:39 CEST    repeat=1 DijkstraPrims: SKIP (already completed)
2026-07-28 14:45:39 CEST    repeat=2 BBMSCore: SKIP (already completed)
2026-07-28 14:45:39 CEST    repeat=2 BBMSInter: SKIP (already completed)
2026-07-28 14:45:39 CEST    repeat=2 BBMSDppInstant: SKIP (already completed)
2026-07-28 14:45:39 CEST    repeat=2 BBMSDppStepwise: SKIP (already completed)
2026-07-28 14:45:39 CEST    repeat=2 DijkstraPrims: SKIP (already completed)
2026-07-28 14:45:39 CEST  op-count pass
2026-07-28 14:45:39 CEST    BBMSCore: SKIP (already completed)
2026-07-28 14:45:39 CEST    BBMSInter: SKIP (already completed)
2026-07-28 14:45:39 CEST    BBMSDppInstant: SKIP (already completed)
2026-07-28 14:45:39 CEST    BBMSDppStepwise: SKIP (already completed)
2026-07-28 14:45:39 CEST    DijkstraPrims: SKIP (already completed)
2026-07-28 14:45:39 CEST  cross-algorithm agreement: ok
2026-07-28 14:45:39 CEST  sample=2
2026-07-28 14:45:39 CEST  runtime/memory pass
2026-07-28 14:45:39 CEST    repeat=0 BBMSCore: SKIP (already completed)
2026-07-28 14:45:39 CEST    repeat=0 BBMSInter: SKIP (already completed)
2026-07-28 14:45:39 CEST    repeat=0 BBMSDppInstant: SKIP (already completed)
2026-07-28 14:45:39 CEST    repeat=0 BBMSDppStepwise: SKIP (already completed)
2026-07-28 14:45:39 CEST    repeat=0 DijkstraPrims: SKIP (already completed)
2026-07-28 14:45:39 CEST    repeat=1 BBMSCore: SKIP (already completed)
2026-07-28 14:45:39 CEST    repeat=1 BBMSInter: SKIP (already completed)
2026-07-28 14:45:39 CEST    repeat=1 BBMSDppInstant: SKIP (already completed)
2026-07-28 14:45:39 CEST    repeat=1 BBMSDppStepwise: SKIP (already completed)
2026-07-28 14:45:39 CEST    repeat=1 DijkstraPrims: SKIP (already completed)
2026-07-28 14:45:39 CEST    repeat=2 BBMSCore: SKIP (already completed)
2026-07-28 14:45:39 CEST    repeat=2 BBMSInter: SKIP (already completed)
2026-07-28 14:45:39 CEST    repeat=2 BBMSDppInstant: SKIP (already completed)
2026-07-28 14:45:39 CEST    repeat=2 BBMSDppStepwise: SKIP (already completed)
2026-07-28 14:45:39 CEST    repeat=2 DijkstraPrims: SKIP (already completed)
2026-07-28 14:45:39 CEST  op-count pass
2026-07-28 14:45:39 CEST    BBMSCore: SKIP (already completed)
2026-07-28 14:45:39 CEST    BBMSInter: SKIP (already completed)
2026-07-28 14:45:39 CEST    BBMSDppInstant: SKIP (already completed)
2026-07-28 14:45:39 CEST    BBMSDppStepwise: SKIP (already completed)
2026-07-28 14:45:39 CEST    DijkstraPrims: SKIP (already completed)
2026-07-28 14:45:39 CEST  cross-algorithm agreement: ok
2026-07-28 14:45:39 CEST  sample=3
2026-07-28 14:45:39 CEST  runtime/memory pass
2026-07-28 14:45:39 CEST    repeat=0 BBMSCore: SKIP (already completed)
2026-07-28 14:45:39 CEST    repeat=0 BBMSInter: SKIP (already completed)
2026-07-28 14:45:39 CEST    repeat=0 BBMSDppInstant: SKIP (already completed)
2026-07-28 14:45:39 CEST    repeat=0 BBMSDppStepwise: SKIP (already completed)
2026-07-28 14:45:39 CEST    repeat=0 DijkstraPrims: SKIP (already completed)
2026-07-28 14:45:39 CEST    repeat=1 BBMSCore: SKIP (already completed)
2026-07-28 14:45:39 CEST    repeat=1 BBMSInter: SKIP (already completed)
2026-07-28 14:45:39 CEST    repeat=1 BBMSDppInstant: SKIP (already completed)
2026-07-28 14:45:39 CEST    repeat=1 BBMSDppStepwise: SKIP (already completed)
2026-07-28 14:45:39 CEST    repeat=1 DijkstraPrims: SKIP (already completed)
2026-07-28 14:45:39 CEST    repeat=2 BBMSCore: SKIP (already completed)
2026-07-28 14:45:39 CEST    repeat=2 BBMSInter: SKIP (already completed)
2026-07-28 14:45:39 CEST    repeat=2 BBMSDppInstant: SKIP (already completed)
2026-07-28 14:45:39 CEST    repeat=2 BBMSDppStepwise: SKIP (already completed)
2026-07-28 14:45:39 CEST    repeat=2 DijkstraPrims: SKIP (already completed)
2026-07-28 14:45:39 CEST  op-count pass
2026-07-28 14:45:39 CEST    BBMSCore: SKIP (already completed)
2026-07-28 14:45:39 CEST    BBMSInter: SKIP (already completed)
2026-07-28 14:45:39 CEST    BBMSDppInstant: SKIP (already completed)
2026-07-28 14:45:39 CEST    BBMSDppStepwise: SKIP (already completed)
2026-07-28 14:45:39 CEST    DijkstraPrims: SKIP (already completed)
2026-07-28 14:45:39 CEST  cross-algorithm agreement: ok
2026-07-28 14:45:39 CEST  sample=4
2026-07-28 14:45:39 CEST  runtime/memory pass
2026-07-28 14:45:39 CEST    repeat=0 BBMSCore: SKIP (already completed)
2026-07-28 14:45:39 CEST    repeat=0 BBMSInter: SKIP (already completed)
2026-07-28 14:45:39 CEST    repeat=0 BBMSDppInstant: SKIP (already completed)
2026-07-28 14:45:39 CEST    repeat=0 BBMSDppStepwise: SKIP (already completed)
2026-07-28 14:45:39 CEST    repeat=0 DijkstraPrims: SKIP (already completed)
2026-07-28 14:45:39 CEST    repeat=1 BBMSCore: SKIP (already completed)
2026-07-28 14:45:39 CEST    repeat=1 BBMSInter: SKIP (already completed)
2026-07-28 14:45:39 CEST    repeat=1 BBMSDppInstant: SKIP (already completed)
2026-07-28 14:45:39 CEST    repeat=1 BBMSDppStepwise: SKIP (already completed)
2026-07-28 14:45:39 CEST    repeat=1 DijkstraPrims: SKIP (already completed)
2026-07-28 14:45:39 CEST    repeat=2 BBMSCore: SKIP (already completed)
2026-07-28 14:45:39 CEST    repeat=2 BBMSInter: SKIP (already completed)
2026-07-28 14:45:39 CEST    repeat=2 BBMSDppInstant: SKIP (already completed)
2026-07-28 14:45:39 CEST    repeat=2 BBMSDppStepwise: SKIP (already completed)
2026-07-28 14:45:39 CEST    repeat=2 DijkstraPrims: SKIP (already completed)
2026-07-28 14:45:39 CEST  op-count pass
2026-07-28 14:45:39 CEST    BBMSCore: SKIP (already completed)
2026-07-28 14:45:39 CEST    BBMSInter: SKIP (already completed)
2026-07-28 14:45:39 CEST    BBMSDppInstant: SKIP (already completed)
2026-07-28 14:45:39 CEST    BBMSDppStepwise: SKIP (already completed)
2026-07-28 14:45:39 CEST    DijkstraPrims: SKIP (already completed)
2026-07-28 14:45:39 CEST  cross-algorithm agreement: ok
2026-07-28 14:45:39 CEST  --- N=1400 ---
2026-07-28 14:45:39 CEST  sample=0
2026-07-28 14:45:39 CEST  runtime/memory pass
2026-07-28 14:45:39 CEST    repeat=0 BBMSCore: SKIP (already completed)
2026-07-28 14:45:39 CEST    repeat=0 BBMSInter: SKIP (already completed)
2026-07-28 14:45:39 CEST    repeat=0 BBMSDppInstant: SKIP (already completed)
2026-07-28 14:45:39 CEST    repeat=0 BBMSDppStepwise: SKIP (already completed)
2026-07-28 14:45:39 CEST    repeat=0 DijkstraPrims: SKIP (already completed)
2026-07-28 14:45:39 CEST    repeat=1 BBMSCore: SKIP (already completed)
2026-07-28 14:45:39 CEST    repeat=1 BBMSInter: SKIP (already completed)
2026-07-28 14:45:39 CEST    repeat=1 BBMSDppInstant: SKIP (already completed)
2026-07-28 14:45:39 CEST    repeat=1 BBMSDppStepwise: SKIP (already completed)
2026-07-28 14:45:39 CEST    repeat=1 DijkstraPrims: SKIP (already completed)
2026-07-28 14:45:39 CEST    repeat=2 BBMSCore: SKIP (already completed)
2026-07-28 14:45:39 CEST    repeat=2 BBMSInter: SKIP (already completed)
2026-07-28 14:45:39 CEST    repeat=2 BBMSDppInstant: SKIP (already completed)
2026-07-28 14:45:39 CEST    repeat=2 BBMSDppStepwise: SKIP (already completed)
2026-07-28 14:45:39 CEST    repeat=2 DijkstraPrims: SKIP (already completed)
2026-07-28 14:45:39 CEST  op-count pass
2026-07-28 14:45:39 CEST    BBMSCore: SKIP (already completed)
2026-07-28 14:45:39 CEST    BBMSInter: SKIP (already completed)
2026-07-28 14:45:39 CEST    BBMSDppInstant: SKIP (already completed)
2026-07-28 14:45:39 CEST    BBMSDppStepwise: SKIP (already completed)
2026-07-28 14:45:39 CEST    DijkstraPrims: SKIP (already completed)
2026-07-28 14:45:39 CEST  cross-algorithm agreement: ok
2026-07-28 14:45:39 CEST  sample=1
2026-07-28 14:45:39 CEST  runtime/memory pass
2026-07-28 14:45:39 CEST    repeat=0 BBMSCore: SKIP (already completed)
2026-07-28 14:45:39 CEST    repeat=0 BBMSInter: SKIP (already completed)
2026-07-28 14:45:39 CEST    repeat=0 BBMSDppInstant: SKIP (already completed)
2026-07-28 14:45:39 CEST    repeat=0 BBMSDppStepwise: SKIP (already completed)
2026-07-28 14:45:39 CEST    repeat=0 DijkstraPrims: SKIP (already completed)
2026-07-28 14:45:39 CEST    repeat=1 BBMSCore: SKIP (already completed)
2026-07-28 14:45:39 CEST    repeat=1 BBMSInter: SKIP (already completed)
2026-07-28 14:45:39 CEST    repeat=1 BBMSDppInstant: SKIP (already completed)
2026-07-28 14:45:39 CEST    repeat=1 BBMSDppStepwise: SKIP (already completed)
2026-07-28 14:45:39 CEST    repeat=1 DijkstraPrims: SKIP (already completed)
2026-07-28 14:45:39 CEST    repeat=2 BBMSCore: SKIP (already completed)
2026-07-28 14:45:39 CEST    repeat=2 BBMSInter: SKIP (already completed)
2026-07-28 14:45:39 CEST    repeat=2 BBMSDppInstant: SKIP (already completed)
2026-07-28 14:45:39 CEST    repeat=2 BBMSDppStepwise: SKIP (already completed)
2026-07-28 14:45:39 CEST    repeat=2 DijkstraPrims: SKIP (already completed)
2026-07-28 14:45:39 CEST  op-count pass
2026-07-28 14:45:39 CEST    BBMSCore: SKIP (already completed)
2026-07-28 14:45:39 CEST    BBMSInter: SKIP (already completed)
2026-07-28 14:45:39 CEST    BBMSDppInstant: SKIP (already completed)
2026-07-28 14:45:39 CEST    BBMSDppStepwise: SKIP (already completed)
2026-07-28 14:45:39 CEST    DijkstraPrims: SKIP (already completed)
2026-07-28 14:45:39 CEST  cross-algorithm agreement: ok
2026-07-28 14:45:39 CEST  sample=2
2026-07-28 14:45:39 CEST  runtime/memory pass
2026-07-28 14:45:39 CEST    repeat=0 BBMSCore: SKIP (already completed)
2026-07-28 14:45:39 CEST    repeat=0 BBMSInter: SKIP (already completed)
2026-07-28 14:45:39 CEST    repeat=0 BBMSDppInstant: SKIP (already completed)
2026-07-28 14:45:39 CEST    repeat=0 BBMSDppStepwise: SKIP (already completed)
2026-07-28 14:45:39 CEST    repeat=0 DijkstraPrims: SKIP (already completed)
2026-07-28 14:45:39 CEST    repeat=1 BBMSCore: SKIP (already completed)
2026-07-28 14:45:39 CEST    repeat=1 BBMSInter: SKIP (already completed)
2026-07-28 14:45:39 CEST    repeat=1 BBMSDppInstant: SKIP (already completed)
2026-07-28 14:45:39 CEST    repeat=1 BBMSDppStepwise: SKIP (already completed)
2026-07-28 14:45:39 CEST    repeat=1 DijkstraPrims: SKIP (already completed)
2026-07-28 14:45:39 CEST    repeat=2 BBMSCore: SKIP (already completed)
2026-07-28 14:45:39 CEST    repeat=2 BBMSInter: SKIP (already completed)
2026-07-28 14:45:39 CEST    repeat=2 BBMSDppInstant: SKIP (already completed)
2026-07-28 14:45:39 CEST    repeat=2 BBMSDppStepwise: SKIP (already completed)
2026-07-28 14:45:39 CEST    repeat=2 DijkstraPrims: SKIP (already completed)
2026-07-28 14:45:39 CEST  op-count pass
2026-07-28 14:45:39 CEST    BBMSCore: SKIP (already completed)
2026-07-28 14:45:39 CEST    BBMSInter: SKIP (already completed)
2026-07-28 14:45:39 CEST    BBMSDppInstant: SKIP (already completed)
2026-07-28 14:45:39 CEST    BBMSDppStepwise: SKIP (already completed)
2026-07-28 14:45:39 CEST    DijkstraPrims: SKIP (already completed)
2026-07-28 14:45:39 CEST  cross-algorithm agreement: ok
2026-07-28 14:45:39 CEST  sample=3
2026-07-28 14:45:39 CEST  runtime/memory pass
2026-07-28 14:45:39 CEST    repeat=0 BBMSCore: SKIP (already completed)
2026-07-28 14:45:39 CEST    repeat=0 BBMSInter: SKIP (already completed)
2026-07-28 14:45:39 CEST    repeat=0 BBMSDppInstant: SKIP (already completed)
2026-07-28 14:45:39 CEST    repeat=0 BBMSDppStepwise: SKIP (already completed)
2026-07-28 14:45:39 CEST    repeat=0 DijkstraPrims: SKIP (already completed)
2026-07-28 14:45:39 CEST    repeat=1 BBMSCore: SKIP (already completed)
2026-07-28 14:45:39 CEST    repeat=1 BBMSInter: SKIP (already completed)
2026-07-28 14:45:39 CEST    repeat=1 BBMSDppInstant: SKIP (already completed)
2026-07-28 14:45:39 CEST    repeat=1 BBMSDppStepwise: SKIP (already completed)
2026-07-28 14:45:39 CEST    repeat=1 DijkstraPrims: SKIP (already completed)
2026-07-28 14:45:39 CEST    repeat=2 BBMSCore: SKIP (already completed)
2026-07-28 14:45:39 CEST    repeat=2 BBMSInter: SKIP (already completed)
2026-07-28 14:45:39 CEST    repeat=2 BBMSDppInstant: SKIP (already completed)
2026-07-28 14:45:39 CEST    repeat=2 BBMSDppStepwise: SKIP (already completed)
2026-07-28 14:45:39 CEST    repeat=2 DijkstraPrims: SKIP (already completed)
2026-07-28 14:45:39 CEST  op-count pass
2026-07-28 14:45:39 CEST    BBMSCore: SKIP (already completed)
2026-07-28 14:45:39 CEST    BBMSInter: SKIP (already completed)
2026-07-28 14:45:39 CEST    BBMSDppInstant: SKIP (already completed)
2026-07-28 14:45:39 CEST    BBMSDppStepwise: SKIP (already completed)
2026-07-28 14:45:39 CEST    DijkstraPrims: SKIP (already completed)
2026-07-28 14:45:39 CEST  cross-algorithm agreement: ok
2026-07-28 14:45:39 CEST  sample=4
2026-07-28 14:45:39 CEST  runtime/memory pass
2026-07-28 14:45:39 CEST    repeat=0 BBMSCore: SKIP (already completed)
2026-07-28 14:45:39 CEST    repeat=0 BBMSInter: SKIP (already completed)
2026-07-28 14:45:39 CEST    repeat=0 BBMSDppInstant: SKIP (already completed)
2026-07-28 14:45:39 CEST    repeat=0 BBMSDppStepwise: SKIP (already completed)
2026-07-28 14:45:39 CEST    repeat=0 DijkstraPrims: SKIP (already completed)
2026-07-28 14:45:39 CEST    repeat=1 BBMSCore: SKIP (already completed)
2026-07-28 14:45:39 CEST    repeat=1 BBMSInter: SKIP (already completed)
2026-07-28 14:45:39 CEST    repeat=1 BBMSDppInstant: SKIP (already completed)
2026-07-28 14:45:39 CEST    repeat=1 BBMSDppStepwise: SKIP (already completed)
2026-07-28 14:45:39 CEST    repeat=1 DijkstraPrims: SKIP (already completed)
2026-07-28 14:45:39 CEST    repeat=2 BBMSCore: SKIP (already completed)
2026-07-28 14:45:39 CEST    repeat=2 BBMSInter: SKIP (already completed)
2026-07-28 14:45:39 CEST    repeat=2 BBMSDppInstant: SKIP (already completed)
2026-07-28 14:45:39 CEST    repeat=2 BBMSDppStepwise: SKIP (already completed)
2026-07-28 14:45:39 CEST    repeat=2 DijkstraPrims: SKIP (already completed)
2026-07-28 14:45:39 CEST  op-count pass
2026-07-28 14:45:39 CEST    BBMSCore: SKIP (already completed)
2026-07-28 14:45:39 CEST    BBMSInter: SKIP (already completed)
2026-07-28 14:45:39 CEST    BBMSDppInstant: SKIP (already completed)
2026-07-28 14:45:39 CEST    BBMSDppStepwise: SKIP (already completed)
2026-07-28 14:45:39 CEST    DijkstraPrims: SKIP (already completed)
2026-07-28 14:45:39 CEST  cross-algorithm agreement: ok
2026-07-28 14:45:39 CEST  --- N=2300 ---
2026-07-28 14:45:39 CEST  sample=0
2026-07-28 14:45:39 CEST  runtime/memory pass
2026-07-28 14:45:39 CEST    repeat=0 BBMSCore: SKIP (already completed)
2026-07-28 14:45:39 CEST    repeat=0 BBMSInter: SKIP (already completed)
2026-07-28 14:45:39 CEST    repeat=0 BBMSDppInstant: SKIP (already completed)
2026-07-28 14:45:39 CEST    repeat=0 BBMSDppStepwise: SKIP (already completed)
2026-07-28 14:45:39 CEST    repeat=0 DijkstraPrims: SKIP (already completed)
2026-07-28 14:45:39 CEST    repeat=1 BBMSCore: SKIP (already completed)
2026-07-28 14:45:39 CEST    repeat=1 BBMSInter: SKIP (already completed)
2026-07-28 14:45:39 CEST    repeat=1 BBMSDppInstant: SKIP (already completed)
2026-07-28 14:45:39 CEST    repeat=1 BBMSDppStepwise: SKIP (already completed)
2026-07-28 14:45:39 CEST    repeat=1 DijkstraPrims: SKIP (already completed)
2026-07-28 14:45:39 CEST    repeat=2 BBMSCore: SKIP (already completed)
2026-07-28 14:45:39 CEST    repeat=2 BBMSInter: SKIP (already completed)
2026-07-28 14:45:39 CEST    repeat=2 BBMSDppInstant: SKIP (already completed)
2026-07-28 14:45:39 CEST    repeat=2 BBMSDppStepwise: SKIP (already completed)
2026-07-28 14:45:39 CEST    repeat=2 DijkstraPrims: SKIP (already completed)
2026-07-28 14:45:39 CEST  op-count pass
2026-07-28 14:45:39 CEST    BBMSCore: SKIP (already completed)
2026-07-28 14:45:39 CEST    BBMSInter: SKIP (already completed)
2026-07-28 14:45:39 CEST    BBMSDppInstant: SKIP (already completed)
2026-07-28 14:45:39 CEST    BBMSDppStepwise: SKIP (already completed)
2026-07-28 14:45:39 CEST    DijkstraPrims: SKIP (already completed)
2026-07-28 14:45:39 CEST  cross-algorithm agreement: ok
2026-07-28 14:45:39 CEST  sample=1
2026-07-28 14:45:39 CEST  runtime/memory pass
2026-07-28 14:45:39 CEST    repeat=0 BBMSCore: SKIP (already completed)
2026-07-28 14:45:39 CEST    repeat=0 BBMSInter: SKIP (already completed)
2026-07-28 14:45:39 CEST    repeat=0 BBMSDppInstant: SKIP (already completed)
2026-07-28 14:45:39 CEST    repeat=0 BBMSDppStepwise: SKIP (already completed)
2026-07-28 14:45:39 CEST    repeat=0 DijkstraPrims: SKIP (already completed)
2026-07-28 14:45:39 CEST    repeat=1 BBMSCore: SKIP (already completed)
2026-07-28 14:45:39 CEST    repeat=1 BBMSInter: SKIP (already completed)
2026-07-28 14:45:39 CEST    repeat=1 BBMSDppInstant: SKIP (already completed)
2026-07-28 14:45:39 CEST    repeat=1 BBMSDppStepwise: SKIP (already completed)
2026-07-28 14:45:39 CEST    repeat=1 DijkstraPrims: SKIP (already completed)
2026-07-28 14:45:39 CEST    repeat=2 BBMSCore: SKIP (already completed)
2026-07-28 14:45:39 CEST    repeat=2 BBMSInter: SKIP (already completed)
2026-07-28 14:45:39 CEST    repeat=2 BBMSDppInstant: SKIP (already completed)
2026-07-28 14:45:39 CEST    repeat=2 BBMSDppStepwise: SKIP (already completed)
2026-07-28 14:45:39 CEST    repeat=2 DijkstraPrims: SKIP (already completed)
2026-07-28 14:45:39 CEST  op-count pass
2026-07-28 14:45:39 CEST    BBMSCore: SKIP (already completed)
2026-07-28 14:45:39 CEST    BBMSInter: SKIP (already completed)
2026-07-28 14:45:39 CEST    BBMSDppInstant: SKIP (already completed)
2026-07-28 14:45:39 CEST    BBMSDppStepwise: SKIP (already completed)
2026-07-28 14:45:39 CEST    DijkstraPrims: SKIP (already completed)
2026-07-28 14:45:39 CEST  cross-algorithm agreement: ok
2026-07-28 14:45:39 CEST  sample=2
2026-07-28 14:45:39 CEST  runtime/memory pass
2026-07-28 14:45:39 CEST    repeat=0 BBMSCore: SKIP (already completed)
2026-07-28 14:45:39 CEST    repeat=0 BBMSInter: SKIP (already completed)
2026-07-28 14:45:39 CEST    repeat=0 BBMSDppInstant: SKIP (already completed)
2026-07-28 14:45:39 CEST    repeat=0 BBMSDppStepwise: SKIP (already completed)
2026-07-28 14:45:39 CEST    repeat=0 DijkstraPrims: SKIP (already completed)
2026-07-28 14:45:39 CEST    repeat=1 BBMSCore: SKIP (already completed)
2026-07-28 14:45:39 CEST    repeat=1 BBMSInter: SKIP (already completed)
2026-07-28 14:45:39 CEST    repeat=1 BBMSDppInstant: SKIP (already completed)
2026-07-28 14:45:39 CEST    repeat=1 BBMSDppStepwise: SKIP (already completed)
2026-07-28 14:45:39 CEST    repeat=1 DijkstraPrims: SKIP (already completed)
2026-07-28 14:45:39 CEST    repeat=2 BBMSCore: SKIP (already completed)
2026-07-28 14:45:39 CEST    repeat=2 BBMSInter: SKIP (already completed)
2026-07-28 14:45:39 CEST    repeat=2 BBMSDppInstant: SKIP (already completed)
2026-07-28 14:45:39 CEST    repeat=2 BBMSDppStepwise: SKIP (already completed)
2026-07-28 14:45:39 CEST    repeat=2 DijkstraPrims: SKIP (already completed)
2026-07-28 14:45:39 CEST  op-count pass
2026-07-28 14:45:39 CEST    BBMSCore: SKIP (already completed)
2026-07-28 14:45:39 CEST    BBMSInter: SKIP (already completed)
2026-07-28 14:45:39 CEST    BBMSDppInstant: SKIP (already completed)
2026-07-28 14:45:39 CEST    BBMSDppStepwise: SKIP (already completed)
2026-07-28 14:45:39 CEST    DijkstraPrims: SKIP (already completed)
2026-07-28 14:45:39 CEST  cross-algorithm agreement: ok
2026-07-28 14:45:39 CEST  sample=3
2026-07-28 14:45:39 CEST  runtime/memory pass
2026-07-28 14:45:39 CEST    repeat=0 BBMSCore: SKIP (already completed)
2026-07-28 14:45:39 CEST    repeat=0 BBMSInter: SKIP (already completed)
2026-07-28 14:45:39 CEST    repeat=0 BBMSDppInstant: SKIP (already completed)
2026-07-28 14:45:39 CEST    repeat=0 BBMSDppStepwise: SKIP (already completed)
2026-07-28 14:45:39 CEST    repeat=0 DijkstraPrims: SKIP (already completed)
2026-07-28 14:45:39 CEST    repeat=1 BBMSCore: SKIP (already completed)
2026-07-28 14:45:39 CEST    repeat=1 BBMSInter: SKIP (already completed)
2026-07-28 14:45:39 CEST    repeat=1 BBMSDppInstant: SKIP (already completed)
2026-07-28 14:45:39 CEST    repeat=1 BBMSDppStepwise: SKIP (already completed)
2026-07-28 14:45:39 CEST    repeat=1 DijkstraPrims: SKIP (already completed)
2026-07-28 14:45:39 CEST    repeat=2 BBMSCore: SKIP (already completed)
2026-07-28 14:45:39 CEST    repeat=2 BBMSInter: SKIP (already completed)
2026-07-28 14:45:39 CEST    repeat=2 BBMSDppInstant: SKIP (already completed)
2026-07-28 14:45:39 CEST    repeat=2 BBMSDppStepwise: SKIP (already completed)
2026-07-28 14:45:39 CEST    repeat=2 DijkstraPrims: SKIP (already completed)
2026-07-28 14:45:39 CEST  op-count pass
2026-07-28 14:45:39 CEST    BBMSCore: SKIP (already completed)
2026-07-28 14:45:39 CEST    BBMSInter: SKIP (already completed)
2026-07-28 14:45:39 CEST    BBMSDppInstant: SKIP (already completed)
2026-07-28 14:45:39 CEST    BBMSDppStepwise: SKIP (already completed)
2026-07-28 14:45:39 CEST    DijkstraPrims: SKIP (already completed)
2026-07-28 14:45:39 CEST  cross-algorithm agreement: ok
2026-07-28 14:45:39 CEST  sample=4
2026-07-28 14:45:39 CEST  runtime/memory pass
2026-07-28 14:45:39 CEST    repeat=0 BBMSCore: SKIP (already completed)
2026-07-28 14:45:39 CEST    repeat=0 BBMSInter: SKIP (already completed)
2026-07-28 14:45:39 CEST    repeat=0 BBMSDppInstant: SKIP (already completed)
2026-07-28 14:45:39 CEST    repeat=0 BBMSDppStepwise: SKIP (already completed)
2026-07-28 14:45:39 CEST    repeat=0 DijkstraPrims: SKIP (already completed)
2026-07-28 14:45:39 CEST    repeat=1 BBMSCore: SKIP (already completed)
2026-07-28 14:45:39 CEST    repeat=1 BBMSInter: SKIP (already completed)
2026-07-28 14:45:39 CEST    repeat=1 BBMSDppInstant: SKIP (already completed)
2026-07-28 14:45:39 CEST    repeat=1 BBMSDppStepwise: SKIP (already completed)
2026-07-28 14:45:39 CEST    repeat=1 DijkstraPrims: SKIP (already completed)
2026-07-28 14:45:39 CEST    repeat=2 BBMSCore: SKIP (already completed)
2026-07-28 14:45:39 CEST    repeat=2 BBMSInter: SKIP (already completed)
2026-07-28 14:45:39 CEST    repeat=2 BBMSDppInstant: SKIP (already completed)
2026-07-28 14:45:39 CEST    repeat=2 BBMSDppStepwise: SKIP (already completed)
2026-07-28 14:45:39 CEST    repeat=2 DijkstraPrims: SKIP (already completed)
2026-07-28 14:45:39 CEST  op-count pass
2026-07-28 14:45:39 CEST    BBMSCore: SKIP (already completed)
2026-07-28 14:45:39 CEST    BBMSInter: SKIP (already completed)
2026-07-28 14:45:39 CEST    BBMSDppInstant: SKIP (already completed)
2026-07-28 14:45:39 CEST    BBMSDppStepwise: SKIP (already completed)
2026-07-28 14:45:39 CEST    DijkstraPrims: SKIP (already completed)
2026-07-28 14:45:39 CEST  cross-algorithm agreement: ok
2026-07-28 14:45:39 CEST  --- N=3900 ---
2026-07-28 14:45:39 CEST  sample=0
2026-07-28 14:45:39 CEST  runtime/memory pass
2026-07-28 14:45:39 CEST    repeat=0 BBMSCore: SKIP (already completed)
2026-07-28 14:45:39 CEST    repeat=0 BBMSInter: SKIP (already completed)
2026-07-28 14:45:39 CEST    repeat=0 BBMSDppInstant: SKIP (already completed)
2026-07-28 14:45:39 CEST    repeat=0 BBMSDppStepwise: SKIP (already completed)
2026-07-28 14:45:39 CEST    repeat=0 DijkstraPrims: SKIP (already completed)
2026-07-28 14:45:39 CEST    repeat=1 BBMSCore: SKIP (already completed)
2026-07-28 14:45:39 CEST    repeat=1 BBMSInter: SKIP (already completed)
2026-07-28 14:45:39 CEST    repeat=1 BBMSDppInstant: SKIP (already completed)
2026-07-28 14:45:39 CEST    repeat=1 BBMSDppStepwise: SKIP (already completed)
2026-07-28 14:45:39 CEST    repeat=1 DijkstraPrims: SKIP (already completed)
2026-07-28 14:45:39 CEST    repeat=2 BBMSCore: SKIP (already completed)
2026-07-28 14:45:39 CEST    repeat=2 BBMSInter: SKIP (already completed)
2026-07-28 14:45:39 CEST    repeat=2 BBMSDppInstant: SKIP (already completed)
2026-07-28 14:45:39 CEST    repeat=2 BBMSDppStepwise: SKIP (already completed)
2026-07-28 14:45:39 CEST    repeat=2 DijkstraPrims: SKIP (already completed)
2026-07-28 14:45:39 CEST  op-count pass
2026-07-28 14:45:39 CEST    BBMSCore: SKIP (already completed)
2026-07-28 14:45:39 CEST    BBMSInter: SKIP (already completed)
2026-07-28 14:45:39 CEST    BBMSDppInstant: SKIP (already completed)
2026-07-28 14:45:39 CEST    BBMSDppStepwise: SKIP (already completed)
2026-07-28 14:45:39 CEST    DijkstraPrims: SKIP (already completed)
2026-07-28 14:45:39 CEST  cross-algorithm agreement: ok
2026-07-28 14:45:39 CEST  sample=1
2026-07-28 14:45:39 CEST  runtime/memory pass
2026-07-28 14:45:39 CEST    repeat=0 BBMSCore: SKIP (already completed)
2026-07-28 14:45:39 CEST    repeat=0 BBMSInter: SKIP (already completed)
2026-07-28 14:45:39 CEST    repeat=0 BBMSDppInstant: SKIP (already completed)
2026-07-28 14:45:39 CEST    repeat=0 BBMSDppStepwise: SKIP (already completed)
2026-07-28 14:45:39 CEST    repeat=0 DijkstraPrims: SKIP (already completed)
2026-07-28 14:45:39 CEST    repeat=1 BBMSCore: SKIP (already completed)
2026-07-28 14:45:39 CEST    repeat=1 BBMSInter: SKIP (already completed)
2026-07-28 14:45:39 CEST    repeat=1 BBMSDppInstant: SKIP (already completed)
2026-07-28 14:45:39 CEST    repeat=1 BBMSDppStepwise: SKIP (already completed)
2026-07-28 14:45:39 CEST    repeat=1 DijkstraPrims: SKIP (already completed)
2026-07-28 14:45:39 CEST    repeat=2 BBMSCore: SKIP (already completed)
2026-07-28 14:45:39 CEST    repeat=2 BBMSInter: SKIP (already completed)
2026-07-28 14:45:39 CEST    repeat=2 BBMSDppInstant: SKIP (already completed)
2026-07-28 14:45:39 CEST    repeat=2 BBMSDppStepwise: SKIP (already completed)
2026-07-28 14:45:39 CEST    repeat=2 DijkstraPrims: SKIP (already completed)
2026-07-28 14:45:39 CEST  op-count pass
2026-07-28 14:45:39 CEST    BBMSCore: SKIP (already completed)
2026-07-28 14:45:39 CEST    BBMSInter: SKIP (already completed)
2026-07-28 14:45:39 CEST    BBMSDppInstant: SKIP (already completed)
2026-07-28 14:45:39 CEST    BBMSDppStepwise: SKIP (already completed)
2026-07-28 14:45:39 CEST    DijkstraPrims: SKIP (already completed)
2026-07-28 14:45:39 CEST  cross-algorithm agreement: ok
2026-07-28 14:45:39 CEST  sample=2
2026-07-28 14:45:39 CEST  runtime/memory pass
2026-07-28 14:45:39 CEST    repeat=0 BBMSCore: SKIP (already completed)
2026-07-28 14:45:39 CEST    repeat=0 BBMSInter: SKIP (already completed)
2026-07-28 14:45:39 CEST    repeat=0 BBMSDppInstant: SKIP (already completed)
2026-07-28 14:45:39 CEST    repeat=0 BBMSDppStepwise: SKIP (already completed)
2026-07-28 14:45:39 CEST    repeat=0 DijkstraPrims: SKIP (already completed)
2026-07-28 14:45:39 CEST    repeat=1 BBMSCore: SKIP (already completed)
2026-07-28 14:45:39 CEST    repeat=1 BBMSInter: SKIP (already completed)
2026-07-28 14:45:39 CEST    repeat=1 BBMSDppInstant: SKIP (already completed)
2026-07-28 14:45:39 CEST    repeat=1 BBMSDppStepwise: SKIP (already completed)
2026-07-28 14:45:39 CEST    repeat=1 DijkstraPrims: SKIP (already completed)
2026-07-28 14:45:39 CEST    repeat=2 BBMSCore: SKIP (already completed)
2026-07-28 14:45:39 CEST    repeat=2 BBMSInter: SKIP (already completed)
2026-07-28 14:45:39 CEST    repeat=2 BBMSDppInstant: SKIP (already completed)
2026-07-28 14:45:39 CEST    repeat=2 BBMSDppStepwise: SKIP (already completed)
2026-07-28 14:45:39 CEST    repeat=2 DijkstraPrims: SKIP (already completed)
2026-07-28 14:45:39 CEST  op-count pass
2026-07-28 14:45:39 CEST    BBMSCore: SKIP (already completed)
2026-07-28 14:45:39 CEST    BBMSInter: SKIP (already completed)
2026-07-28 14:45:39 CEST    BBMSDppInstant: SKIP (already completed)
2026-07-28 14:45:39 CEST    BBMSDppStepwise: SKIP (already completed)
2026-07-28 14:45:39 CEST    DijkstraPrims: SKIP (already completed)
2026-07-28 14:45:39 CEST  cross-algorithm agreement: ok
2026-07-28 14:45:39 CEST  sample=3
2026-07-28 14:45:39 CEST  runtime/memory pass
2026-07-28 14:45:39 CEST    repeat=0 BBMSCore: SKIP (already completed)
2026-07-28 14:45:39 CEST    repeat=0 BBMSInter: SKIP (already completed)
2026-07-28 14:45:39 CEST    repeat=0 BBMSDppInstant: SKIP (already completed)
2026-07-28 14:45:39 CEST    repeat=0 BBMSDppStepwise: SKIP (already completed)
2026-07-28 14:45:39 CEST    repeat=0 DijkstraPrims: SKIP (already completed)
2026-07-28 14:45:39 CEST    repeat=1 BBMSCore: SKIP (already completed)
2026-07-28 14:45:39 CEST    repeat=1 BBMSInter: SKIP (already completed)
2026-07-28 14:45:39 CEST    repeat=1 BBMSDppInstant: SKIP (already completed)
2026-07-28 14:45:39 CEST    repeat=1 BBMSDppStepwise: SKIP (already completed)
2026-07-28 14:45:39 CEST    repeat=1 DijkstraPrims: SKIP (already completed)
2026-07-28 14:45:39 CEST    repeat=2 BBMSCore: SKIP (already completed)
2026-07-28 14:45:39 CEST    repeat=2 BBMSInter: SKIP (already completed)
2026-07-28 14:45:39 CEST    repeat=2 BBMSDppInstant: SKIP (already completed)
2026-07-28 14:45:39 CEST    repeat=2 BBMSDppStepwise: SKIP (already completed)
2026-07-28 14:45:39 CEST    repeat=2 DijkstraPrims: SKIP (already completed)
2026-07-28 14:45:39 CEST  op-count pass
2026-07-28 14:45:39 CEST    BBMSCore: SKIP (already completed)
2026-07-28 14:45:39 CEST    BBMSInter: SKIP (already completed)
2026-07-28 14:45:39 CEST    BBMSDppInstant: SKIP (already completed)
2026-07-28 14:45:39 CEST    BBMSDppStepwise: SKIP (already completed)
2026-07-28 14:45:39 CEST    DijkstraPrims: SKIP (already completed)
2026-07-28 14:45:39 CEST  cross-algorithm agreement: ok
2026-07-28 14:45:39 CEST  sample=4
2026-07-28 14:45:39 CEST  runtime/memory pass
2026-07-28 14:45:39 CEST    repeat=0 BBMSCore: SKIP (already completed)
2026-07-28 14:45:39 CEST    repeat=0 BBMSInter: SKIP (already completed)
2026-07-28 14:45:39 CEST    repeat=0 BBMSDppInstant: SKIP (already completed)
2026-07-28 14:45:39 CEST    repeat=0 BBMSDppStepwise: SKIP (already completed)
2026-07-28 14:45:39 CEST    repeat=0 DijkstraPrims: SKIP (already completed)
2026-07-28 14:45:39 CEST    repeat=1 BBMSCore: SKIP (already completed)
2026-07-28 14:45:39 CEST    repeat=1 BBMSInter: SKIP (already completed)
2026-07-28 14:45:39 CEST    repeat=1 BBMSDppInstant: SKIP (already completed)
2026-07-28 14:45:39 CEST    repeat=1 BBMSDppStepwise: SKIP (already completed)
2026-07-28 14:45:39 CEST    repeat=1 DijkstraPrims: SKIP (already completed)
2026-07-28 14:45:39 CEST    repeat=2 BBMSCore: SKIP (already completed)
2026-07-28 14:45:39 CEST    repeat=2 BBMSInter: SKIP (already completed)
2026-07-28 14:45:39 CEST    repeat=2 BBMSDppInstant: SKIP (already completed)
2026-07-28 14:45:39 CEST    repeat=2 BBMSDppStepwise: SKIP (already completed)
2026-07-28 14:45:39 CEST    repeat=2 DijkstraPrims: SKIP (already completed)
2026-07-28 14:45:39 CEST  op-count pass
2026-07-28 14:45:39 CEST    BBMSCore: SKIP (already completed)
2026-07-28 14:45:39 CEST    BBMSInter: SKIP (already completed)
2026-07-28 14:45:39 CEST    BBMSDppInstant: SKIP (already completed)
2026-07-28 14:45:39 CEST    BBMSDppStepwise: SKIP (already completed)
2026-07-28 14:45:39 CEST    DijkstraPrims: SKIP (already completed)
2026-07-28 14:45:39 CEST  cross-algorithm agreement: ok
2026-07-28 14:45:39 CEST  --- N=6500 ---
2026-07-28 14:45:39 CEST  sample=0
2026-07-28 14:45:39 CEST  runtime/memory pass
2026-07-28 14:45:39 CEST    repeat=0 BBMSCore: SKIP (already completed)
2026-07-28 14:45:39 CEST    repeat=0 BBMSInter: SKIP (already completed)
2026-07-28 14:45:39 CEST    repeat=0 BBMSDppInstant: SKIP (already completed)
2026-07-28 14:45:39 CEST    repeat=0 BBMSDppStepwise: SKIP (already completed)
2026-07-28 14:45:39 CEST    repeat=0 DijkstraPrims: SKIP (already completed)
2026-07-28 14:45:39 CEST    repeat=1 BBMSCore: SKIP (already completed)
2026-07-28 14:45:39 CEST    repeat=1 BBMSInter: SKIP (already completed)
2026-07-28 14:45:39 CEST    repeat=1 BBMSDppInstant: SKIP (already completed)
2026-07-28 14:45:39 CEST    repeat=1 BBMSDppStepwise: SKIP (already completed)
2026-07-28 14:45:39 CEST    repeat=1 DijkstraPrims: SKIP (already completed)
2026-07-28 14:45:39 CEST    repeat=2 BBMSCore: SKIP (already completed)
2026-07-28 14:45:39 CEST    repeat=2 BBMSInter: SKIP (already completed)
2026-07-28 14:45:39 CEST    repeat=2 BBMSDppInstant: SKIP (already completed)
2026-07-28 14:45:39 CEST    repeat=2 BBMSDppStepwise: SKIP (already completed)
2026-07-28 14:45:39 CEST    repeat=2 DijkstraPrims: SKIP (already completed)
2026-07-28 14:45:39 CEST  op-count pass
2026-07-28 14:45:39 CEST    BBMSCore: SKIP (already completed)
2026-07-28 14:45:39 CEST    BBMSInter: SKIP (already completed)
2026-07-28 14:45:39 CEST    BBMSDppInstant: SKIP (already completed)
2026-07-28 14:45:39 CEST    BBMSDppStepwise: SKIP (already completed)
2026-07-28 14:45:39 CEST    DijkstraPrims: SKIP (already completed)
2026-07-28 14:45:39 CEST  cross-algorithm agreement: ok
2026-07-28 14:45:39 CEST  sample=1
2026-07-28 14:45:39 CEST  runtime/memory pass
2026-07-28 14:45:39 CEST    repeat=0 BBMSCore: SKIP (already completed)
2026-07-28 14:45:39 CEST    repeat=0 BBMSInter: SKIP (already completed)
2026-07-28 14:45:39 CEST    repeat=0 BBMSDppInstant: SKIP (already completed)
2026-07-28 14:45:39 CEST    repeat=0 BBMSDppStepwise: SKIP (already completed)
2026-07-28 14:45:39 CEST    repeat=0 DijkstraPrims: SKIP (already completed)
2026-07-28 14:45:39 CEST    repeat=1 BBMSCore: SKIP (already completed)
2026-07-28 14:45:39 CEST    repeat=1 BBMSInter: SKIP (already completed)
2026-07-28 14:45:39 CEST    repeat=1 BBMSDppInstant: SKIP (already completed)
2026-07-28 14:45:39 CEST    repeat=1 BBMSDppStepwise: SKIP (already completed)
2026-07-28 14:45:39 CEST    repeat=1 DijkstraPrims: SKIP (already completed)
2026-07-28 14:45:39 CEST    repeat=2 BBMSCore: SKIP (already completed)
2026-07-28 14:45:39 CEST    repeat=2 BBMSInter: SKIP (already completed)
2026-07-28 14:45:39 CEST    repeat=2 BBMSDppInstant: SKIP (already completed)
2026-07-28 14:45:39 CEST    repeat=2 BBMSDppStepwise: SKIP (already completed)
2026-07-28 14:45:39 CEST    repeat=2 DijkstraPrims: SKIP (already completed)
2026-07-28 14:45:39 CEST  op-count pass
2026-07-28 14:45:39 CEST    BBMSCore: SKIP (already completed)
2026-07-28 14:45:39 CEST    BBMSInter: SKIP (already completed)
2026-07-28 14:45:39 CEST    BBMSDppInstant: SKIP (already completed)
2026-07-28 14:45:39 CEST    BBMSDppStepwise: SKIP (already completed)
2026-07-28 14:45:39 CEST    DijkstraPrims: SKIP (already completed)
2026-07-28 14:45:39 CEST  cross-algorithm agreement: ok
2026-07-28 14:45:39 CEST  sample=2
2026-07-28 14:45:39 CEST  runtime/memory pass
2026-07-28 14:45:39 CEST    repeat=0 BBMSCore: SKIP (already completed)
2026-07-28 14:45:39 CEST    repeat=0 BBMSInter: SKIP (already completed)
2026-07-28 14:45:39 CEST    repeat=0 BBMSDppInstant: SKIP (already completed)
2026-07-28 14:45:39 CEST    repeat=0 BBMSDppStepwise: SKIP (already completed)
2026-07-28 14:45:39 CEST    repeat=0 DijkstraPrims: SKIP (already completed)
2026-07-28 14:45:39 CEST    repeat=1 BBMSCore: SKIP (already completed)
2026-07-28 14:45:39 CEST    repeat=1 BBMSInter: SKIP (already completed)
2026-07-28 14:45:39 CEST    repeat=1 BBMSDppInstant: SKIP (already completed)
2026-07-28 14:45:39 CEST    repeat=1 BBMSDppStepwise: SKIP (already completed)
2026-07-28 14:45:39 CEST    repeat=1 DijkstraPrims: SKIP (already completed)
2026-07-28 14:45:39 CEST    repeat=2 BBMSCore: SKIP (already completed)
2026-07-28 14:45:39 CEST    repeat=2 BBMSInter: SKIP (already completed)
2026-07-28 14:45:39 CEST    repeat=2 BBMSDppInstant: SKIP (already completed)
2026-07-28 14:45:39 CEST    repeat=2 BBMSDppStepwise: SKIP (already completed)
2026-07-28 14:45:39 CEST    repeat=2 DijkstraPrims: SKIP (already completed)
2026-07-28 14:45:39 CEST  op-count pass
2026-07-28 14:45:39 CEST    BBMSCore: SKIP (already completed)
2026-07-28 14:45:39 CEST    BBMSInter: SKIP (already completed)
2026-07-28 14:45:39 CEST    BBMSDppInstant: SKIP (already completed)
2026-07-28 14:45:39 CEST    BBMSDppStepwise: SKIP (already completed)
2026-07-28 14:45:39 CEST    DijkstraPrims: SKIP (already completed)
2026-07-28 14:45:39 CEST  cross-algorithm agreement: ok
2026-07-28 14:45:39 CEST  sample=3
2026-07-28 14:45:39 CEST  runtime/memory pass
2026-07-28 14:45:39 CEST    repeat=0 BBMSCore: SKIP (already completed)
2026-07-28 14:45:39 CEST    repeat=0 BBMSInter: SKIP (already completed)
2026-07-28 14:45:39 CEST    repeat=0 BBMSDppInstant: SKIP (already completed)
2026-07-28 14:45:39 CEST    repeat=0 BBMSDppStepwise: SKIP (already completed)
2026-07-28 14:45:39 CEST    repeat=0 DijkstraPrims: SKIP (already completed)
2026-07-28 14:45:39 CEST    repeat=1 BBMSCore: SKIP (already completed)
2026-07-28 14:45:39 CEST    repeat=1 BBMSInter: SKIP (already completed)
2026-07-28 14:45:39 CEST    repeat=1 BBMSDppInstant: SKIP (already completed)
2026-07-28 14:45:39 CEST    repeat=1 BBMSDppStepwise: SKIP (already completed)
2026-07-28 14:45:39 CEST    repeat=1 DijkstraPrims: SKIP (already completed)
2026-07-28 14:45:39 CEST    repeat=2 BBMSCore: SKIP (already completed)
2026-07-28 14:45:39 CEST    repeat=2 BBMSInter: SKIP (already completed)
2026-07-28 14:45:39 CEST    repeat=2 BBMSDppInstant: SKIP (already completed)
2026-07-28 14:45:39 CEST    repeat=2 BBMSDppStepwise: SKIP (already completed)
2026-07-28 14:45:39 CEST    repeat=2 DijkstraPrims: SKIP (already completed)
2026-07-28 14:45:39 CEST  op-count pass
2026-07-28 14:45:39 CEST    BBMSCore: SKIP (already completed)
2026-07-28 14:45:39 CEST    BBMSInter: SKIP (already completed)
2026-07-28 14:45:39 CEST    BBMSDppInstant: SKIP (already completed)
2026-07-28 14:45:39 CEST    BBMSDppStepwise: SKIP (already completed)
2026-07-28 14:45:39 CEST    DijkstraPrims: SKIP (already completed)
2026-07-28 14:45:39 CEST  cross-algorithm agreement: ok
2026-07-28 14:45:39 CEST  sample=4
2026-07-28 14:45:39 CEST  runtime/memory pass
2026-07-28 14:45:39 CEST    repeat=0 BBMSCore: SKIP (already completed)
2026-07-28 14:45:39 CEST    repeat=0 BBMSInter: SKIP (already completed)
2026-07-28 14:45:39 CEST    repeat=0 BBMSDppInstant: SKIP (already completed)
2026-07-28 14:45:39 CEST    repeat=0 BBMSDppStepwise: SKIP (already completed)
2026-07-28 14:45:39 CEST    repeat=0 DijkstraPrims: SKIP (already completed)
2026-07-28 14:45:39 CEST    repeat=1 BBMSCore: SKIP (already completed)
2026-07-28 14:45:39 CEST    repeat=1 BBMSInter: SKIP (already completed)
2026-07-28 14:45:39 CEST    repeat=1 BBMSDppInstant: SKIP (already completed)
2026-07-28 14:45:39 CEST    repeat=1 BBMSDppStepwise: SKIP (already completed)
2026-07-28 14:45:39 CEST    repeat=1 DijkstraPrims: SKIP (already completed)
2026-07-28 14:45:39 CEST    repeat=2 BBMSCore: SKIP (already completed)
2026-07-28 14:45:39 CEST    repeat=2 BBMSInter: SKIP (already completed)
2026-07-28 14:45:39 CEST    repeat=2 BBMSDppInstant: SKIP (already completed)
2026-07-28 14:45:39 CEST    repeat=2 BBMSDppStepwise: SKIP (already completed)
2026-07-28 14:45:39 CEST    repeat=2 DijkstraPrims: SKIP (already completed)
2026-07-28 14:45:39 CEST  op-count pass
2026-07-28 14:45:39 CEST    BBMSCore: SKIP (already completed)
2026-07-28 14:45:39 CEST    BBMSInter: SKIP (already completed)
2026-07-28 14:45:39 CEST    BBMSDppInstant: SKIP (already completed)
2026-07-28 14:45:39 CEST    BBMSDppStepwise: SKIP (already completed)
2026-07-28 14:45:39 CEST    DijkstraPrims: SKIP (already completed)
2026-07-28 14:45:39 CEST  cross-algorithm agreement: ok
2026-07-28 14:45:39 CEST  --- N=11000 ---
2026-07-28 14:45:39 CEST  sample=0
2026-07-28 14:45:39 CEST  runtime/memory pass
2026-07-28 14:45:39 CEST    repeat=0 BBMSCore: SKIP (walled at N=11000)
2026-07-28 14:45:39 CEST    repeat=0 BBMSInter: SKIP (already completed)
2026-07-28 14:45:39 CEST    repeat=0 BBMSDppInstant: SKIP (already completed)
2026-07-28 14:45:39 CEST    repeat=0 BBMSDppStepwise: SKIP (already completed)
2026-07-28 14:45:39 CEST    repeat=0 DijkstraPrims: SKIP (already completed)
2026-07-28 14:45:39 CEST    repeat=1 BBMSCore: SKIP (walled at N=11000)
2026-07-28 14:45:39 CEST    repeat=1 BBMSInter: SKIP (already completed)
2026-07-28 14:45:39 CEST    repeat=1 BBMSDppInstant: SKIP (already completed)
2026-07-28 14:45:39 CEST    repeat=1 BBMSDppStepwise: SKIP (already completed)
2026-07-28 14:45:39 CEST    repeat=1 DijkstraPrims: SKIP (already completed)
2026-07-28 14:45:39 CEST    repeat=2 BBMSCore: SKIP (walled at N=11000)
2026-07-28 14:45:39 CEST    repeat=2 BBMSInter: SKIP (already completed)
2026-07-28 14:45:39 CEST    repeat=2 BBMSDppInstant: SKIP (already completed)
2026-07-28 14:45:39 CEST    repeat=2 BBMSDppStepwise: SKIP (already completed)
2026-07-28 14:45:39 CEST    repeat=2 DijkstraPrims: SKIP (already completed)
2026-07-28 14:45:39 CEST  op-count pass
2026-07-28 14:45:39 CEST    BBMSCore: SKIP (walled at N=11000)
2026-07-28 14:45:39 CEST    BBMSInter: SKIP (already completed)
2026-07-28 14:45:39 CEST    BBMSDppInstant: SKIP (already completed)
2026-07-28 14:45:39 CEST    BBMSDppStepwise: SKIP (already completed)
2026-07-28 14:45:39 CEST    DijkstraPrims: SKIP (already completed)
2026-07-28 14:45:39 CEST  cross-algorithm agreement: ok
2026-07-28 14:45:39 CEST  sample=1
2026-07-28 14:45:39 CEST  runtime/memory pass
2026-07-28 14:45:39 CEST    repeat=0 BBMSCore: SKIP (walled at N=11000)
2026-07-28 14:45:39 CEST    repeat=0 BBMSInter: SKIP (already completed)
2026-07-28 14:45:39 CEST    repeat=0 BBMSDppInstant: SKIP (already completed)
2026-07-28 14:45:39 CEST    repeat=0 BBMSDppStepwise: SKIP (already completed)
2026-07-28 14:45:39 CEST    repeat=0 DijkstraPrims: SKIP (already completed)
2026-07-28 14:45:39 CEST    repeat=1 BBMSCore: SKIP (walled at N=11000)
2026-07-28 14:45:39 CEST    repeat=1 BBMSInter: SKIP (already completed)
2026-07-28 14:45:39 CEST    repeat=1 BBMSDppInstant: SKIP (already completed)
2026-07-28 14:45:39 CEST    repeat=1 BBMSDppStepwise: SKIP (already completed)
2026-07-28 14:45:39 CEST    repeat=1 DijkstraPrims: SKIP (already completed)
2026-07-28 14:45:39 CEST    repeat=2 BBMSCore: SKIP (walled at N=11000)
2026-07-28 14:45:39 CEST    repeat=2 BBMSInter: SKIP (already completed)
2026-07-28 14:45:39 CEST    repeat=2 BBMSDppInstant: SKIP (already completed)
2026-07-28 14:45:39 CEST    repeat=2 BBMSDppStepwise: SKIP (already completed)
2026-07-28 14:45:39 CEST    repeat=2 DijkstraPrims: SKIP (already completed)
2026-07-28 14:45:39 CEST  op-count pass
2026-07-28 14:45:39 CEST    BBMSCore: SKIP (walled at N=11000)
2026-07-28 14:45:39 CEST    BBMSInter: SKIP (already completed)
2026-07-28 14:45:39 CEST    BBMSDppInstant: SKIP (already completed)
2026-07-28 14:45:39 CEST    BBMSDppStepwise: SKIP (already completed)
2026-07-28 14:45:39 CEST    DijkstraPrims: SKIP (already completed)
2026-07-28 14:45:39 CEST  cross-algorithm agreement: ok
2026-07-28 14:45:39 CEST  sample=2
2026-07-28 14:45:39 CEST  runtime/memory pass
2026-07-28 14:45:39 CEST    repeat=0 BBMSCore: SKIP (walled at N=11000)
2026-07-28 14:45:39 CEST    repeat=0 BBMSInter: SKIP (already completed)
2026-07-28 14:45:39 CEST    repeat=0 BBMSDppInstant: SKIP (already completed)
2026-07-28 14:45:39 CEST    repeat=0 BBMSDppStepwise: SKIP (already completed)
2026-07-28 14:45:39 CEST    repeat=0 DijkstraPrims: SKIP (already completed)
2026-07-28 14:45:39 CEST    repeat=1 BBMSCore: SKIP (walled at N=11000)
2026-07-28 14:45:39 CEST    repeat=1 BBMSInter: SKIP (already completed)
2026-07-28 14:45:39 CEST    repeat=1 BBMSDppInstant: SKIP (already completed)
2026-07-28 14:45:39 CEST    repeat=1 BBMSDppStepwise: SKIP (already completed)
2026-07-28 14:45:39 CEST    repeat=1 DijkstraPrims: SKIP (already completed)
2026-07-28 14:45:39 CEST    repeat=2 BBMSCore: SKIP (walled at N=11000)
2026-07-28 14:45:39 CEST    repeat=2 BBMSInter: SKIP (already completed)
2026-07-28 14:45:39 CEST    repeat=2 BBMSDppInstant: SKIP (already completed)
2026-07-28 14:45:39 CEST    repeat=2 BBMSDppStepwise: SKIP (already completed)
2026-07-28 14:45:39 CEST    repeat=2 DijkstraPrims: SKIP (already completed)
2026-07-28 14:45:39 CEST  op-count pass
2026-07-28 14:45:39 CEST    BBMSCore: SKIP (walled at N=11000)
2026-07-28 14:45:39 CEST    BBMSInter: SKIP (already completed)
2026-07-28 14:45:39 CEST    BBMSDppInstant: SKIP (already completed)
2026-07-28 14:45:39 CEST    BBMSDppStepwise: SKIP (already completed)
2026-07-28 14:45:39 CEST    DijkstraPrims: SKIP (already completed)
2026-07-28 14:45:39 CEST  cross-algorithm agreement: ok
2026-07-28 14:45:39 CEST  sample=3
2026-07-28 14:45:39 CEST  runtime/memory pass
2026-07-28 14:45:39 CEST    repeat=0 BBMSCore: SKIP (walled at N=11000)
2026-07-28 14:45:39 CEST    repeat=0 BBMSInter: SKIP (already completed)
2026-07-28 14:45:39 CEST    repeat=0 BBMSDppInstant: SKIP (already completed)
2026-07-28 14:45:39 CEST    repeat=0 BBMSDppStepwise: SKIP (already completed)
2026-07-28 14:45:39 CEST    repeat=0 DijkstraPrims: SKIP (already completed)
2026-07-28 14:45:39 CEST    repeat=1 BBMSCore: SKIP (walled at N=11000)
2026-07-28 14:45:39 CEST    repeat=1 BBMSInter: SKIP (already completed)
2026-07-28 14:45:39 CEST    repeat=1 BBMSDppInstant: SKIP (already completed)
2026-07-28 14:45:39 CEST    repeat=1 BBMSDppStepwise: SKIP (already completed)
2026-07-28 14:45:39 CEST    repeat=1 DijkstraPrims: SKIP (already completed)
2026-07-28 14:45:39 CEST    repeat=2 BBMSCore: SKIP (walled at N=11000)
2026-07-28 14:45:39 CEST    repeat=2 BBMSInter: SKIP (already completed)
2026-07-28 14:45:39 CEST    repeat=2 BBMSDppInstant: SKIP (already completed)
2026-07-28 14:45:39 CEST    repeat=2 BBMSDppStepwise: SKIP (already completed)
2026-07-28 14:45:39 CEST    repeat=2 DijkstraPrims: SKIP (already completed)
2026-07-28 14:45:39 CEST  op-count pass
2026-07-28 14:45:39 CEST    BBMSCore: SKIP (walled at N=11000)
2026-07-28 14:45:39 CEST    BBMSInter: SKIP (already completed)
2026-07-28 14:45:39 CEST    BBMSDppInstant: SKIP (already completed)
2026-07-28 14:45:39 CEST    BBMSDppStepwise: SKIP (already completed)
2026-07-28 14:45:39 CEST    DijkstraPrims: SKIP (already completed)
2026-07-28 14:45:39 CEST  cross-algorithm agreement: ok
2026-07-28 14:45:39 CEST  sample=4
2026-07-28 14:45:39 CEST  runtime/memory pass
2026-07-28 14:45:39 CEST    repeat=0 BBMSCore: SKIP (walled at N=11000)
2026-07-28 14:45:39 CEST    repeat=0 BBMSInter: SKIP (already completed)
2026-07-28 14:45:39 CEST    repeat=0 BBMSDppInstant: SKIP (already completed)
2026-07-28 14:45:39 CEST    repeat=0 BBMSDppStepwise: SKIP (already completed)
2026-07-28 14:45:39 CEST    repeat=0 DijkstraPrims: SKIP (already completed)
2026-07-28 14:45:39 CEST    repeat=1 BBMSCore: SKIP (walled at N=11000)
2026-07-28 14:45:39 CEST    repeat=1 BBMSInter: SKIP (already completed)
2026-07-28 14:45:39 CEST    repeat=1 BBMSDppInstant: SKIP (already completed)
2026-07-28 14:45:39 CEST    repeat=1 BBMSDppStepwise: SKIP (already completed)
2026-07-28 14:45:39 CEST    repeat=1 DijkstraPrims: SKIP (already completed)
2026-07-28 14:45:39 CEST    repeat=2 BBMSCore: SKIP (walled at N=11000)
2026-07-28 14:45:39 CEST    repeat=2 BBMSInter: SKIP (already completed)
2026-07-28 14:45:39 CEST    repeat=2 BBMSDppInstant: SKIP (already completed)
2026-07-28 14:45:39 CEST    repeat=2 BBMSDppStepwise: SKIP (already completed)
2026-07-28 14:45:39 CEST    repeat=2 DijkstraPrims: SKIP (already completed)
2026-07-28 14:45:39 CEST  op-count pass
2026-07-28 14:45:39 CEST    BBMSCore: SKIP (walled at N=11000)
2026-07-28 14:45:39 CEST    BBMSInter: SKIP (already completed)
2026-07-28 14:45:39 CEST    BBMSDppInstant: SKIP (already completed)
2026-07-28 14:45:39 CEST    BBMSDppStepwise: SKIP (already completed)
2026-07-28 14:45:39 CEST    DijkstraPrims: SKIP (already completed)
2026-07-28 14:45:39 CEST  cross-algorithm agreement: ok
2026-07-28 14:45:39 CEST  --- N=18000 ---
2026-07-28 14:45:39 CEST  sample=0
2026-07-28 14:45:39 CEST  runtime/memory pass
2026-07-28 14:45:39 CEST    repeat=0 BBMSCore: SKIP (walled at N=11000)
2026-07-28 14:45:39 CEST    repeat=0 BBMSInter: running...
2026-07-28 14:49:25 CEST    repeat=0 BBMSInter: status=ok
2026-07-28 14:49:25 CEST    repeat=0 BBMSDppInstant: running...
2026-07-28 14:53:42 CEST    repeat=0 BBMSDppInstant: status=ok
2026-07-28 14:53:42 CEST    repeat=0 BBMSDppStepwise: SKIP (already completed)
2026-07-28 14:53:42 CEST    repeat=0 DijkstraPrims: running...
2026-07-28 14:56:47 CEST    repeat=0 DijkstraPrims: status=ok
2026-07-28 14:56:47 CEST    repeat=1 BBMSCore: SKIP (walled at N=11000)
2026-07-28 14:56:47 CEST    repeat=1 BBMSInter: running...
2026-07-28 15:00:35 CEST    repeat=1 BBMSInter: status=ok
2026-07-28 15:00:35 CEST    repeat=1 BBMSDppInstant: running...
2026-07-28 15:04:53 CEST    repeat=1 BBMSDppInstant: status=ok
2026-07-28 15:04:53 CEST    repeat=1 BBMSDppStepwise: SKIP (already completed)
2026-07-28 15:04:53 CEST    repeat=1 DijkstraPrims: running...
2026-07-28 15:07:57 CEST    repeat=1 DijkstraPrims: status=ok
2026-07-28 15:07:57 CEST    repeat=2 BBMSCore: SKIP (walled at N=11000)
2026-07-28 15:07:57 CEST    repeat=2 BBMSInter: running...
2026-07-28 15:11:42 CEST    repeat=2 BBMSInter: status=ok
2026-07-28 15:11:42 CEST    repeat=2 BBMSDppInstant: running...
2026-07-28 15:16:00 CEST    repeat=2 BBMSDppInstant: status=ok
2026-07-28 15:16:00 CEST    repeat=2 BBMSDppStepwise: SKIP (already completed)
2026-07-28 15:16:00 CEST    repeat=2 DijkstraPrims: running...
2026-07-28 15:19:04 CEST    repeat=2 DijkstraPrims: status=ok
2026-07-28 15:19:04 CEST  op-count pass
2026-07-28 15:19:04 CEST    BBMSCore: SKIP (walled at N=11000)
2026-07-28 15:19:04 CEST    BBMSInter: running...
2026-07-28 15:22:57 CEST    BBMSInter: status=ok
2026-07-28 15:22:57 CEST    BBMSDppInstant: running...
2026-07-28 15:27:19 CEST    BBMSDppInstant: status=ok
2026-07-28 15:27:19 CEST    BBMSDppStepwise: SKIP (already completed)
2026-07-28 15:27:19 CEST    DijkstraPrims: running...
2026-07-28 15:30:22 CEST    DijkstraPrims: status=ok
2026-07-28 15:30:22 CEST  cross-algorithm agreement: ok
2026-07-28 15:30:22 CEST  sample=1
2026-07-28 15:30:22 CEST  runtime/memory pass
2026-07-28 15:30:22 CEST    repeat=0 BBMSCore: SKIP (walled at N=11000)
2026-07-28 15:30:22 CEST    repeat=0 BBMSInter: running...
2026-07-28 15:34:39 CEST    repeat=0 BBMSInter: status=ok
2026-07-28 15:34:39 CEST    repeat=0 BBMSDppInstant: running...
2026-07-28 15:39:04 CEST    repeat=0 BBMSDppInstant: status=ok
2026-07-28 15:39:04 CEST    repeat=0 BBMSDppStepwise: SKIP (already completed)
2026-07-28 15:39:04 CEST    repeat=0 DijkstraPrims: running...
2026-07-28 15:42:10 CEST    repeat=0 DijkstraPrims: status=ok
2026-07-28 15:42:10 CEST    repeat=1 BBMSCore: SKIP (walled at N=11000)
2026-07-28 15:42:10 CEST    repeat=1 BBMSInter: running...
2026-07-28 15:46:26 CEST    repeat=1 BBMSInter: status=ok
2026-07-28 15:46:26 CEST    repeat=1 BBMSDppInstant: running...
2026-07-28 15:50:50 CEST    repeat=1 BBMSDppInstant: status=ok
2026-07-28 15:50:50 CEST    repeat=1 BBMSDppStepwise: SKIP (already completed)
2026-07-28 15:50:50 CEST    repeat=1 DijkstraPrims: running...
2026-07-28 15:53:56 CEST    repeat=1 DijkstraPrims: status=ok
2026-07-28 15:53:56 CEST    repeat=2 BBMSCore: SKIP (walled at N=11000)
2026-07-28 15:53:56 CEST    repeat=2 BBMSInter: running...
2026-07-28 15:58:13 CEST    repeat=2 BBMSInter: status=ok
2026-07-28 15:58:13 CEST    repeat=2 BBMSDppInstant: running...
