algorithm,pair_index,m,n,cells,frechet_dist,nca_regular_hops,nca_shortcut_hops,total_nca_steps,shortcuts_written,dead_paths_pruned,shortcuts_extended,dead_path_walk_steps,heap_pushes,heap_pops,max_heap_size,avg_heap_size,cells_processed,pct_cells_explored,status
BBMSCore,0,799,2201,1758599,2729.88,1999163494,0,1999163494,0,0,0,0,0,0,0,-1,1758599,100,ok
BBMSInter,0,799,2201,1758599,2729.88,1738766,38609472,40348238,3514198,0,0,0,0,0,0,-1,1758599,100,ok
BBMSDppInstant,0,799,2201,1758599,2729.88,1738766,9681032,11419798,3514198,85076,7365806,85076,0,0,0,-1,1758599,100,ok
BBMSDppStepwise,0,799,2201,1758599,2729.88,1738766,9681032,11419798,3514198,85076,1470653,1256122,0,0,0,-1,1758599,100,ok
DijkstraPrims,0,799,2201,1758599,2729.88,0,0,0,0,0,0,0,1751128,1750881,4410,2209.1,1750881,99.5611,ok
BBMSCore,1,799,53,42347,4411.78,51323310,0,51323310,0,0,0,0,0,0,0,-1,42347,100,ok
BBMSInter,1,799,53,42347,4411.78,65792,2986965,3052757,83047,0,0,0,0,0,0,-1,42347,100,ok
BBMSDppInstant,1,799,53,42347,4411.78,65792,191782,257574,83047,4059,16796,4059,0,0,0,-1,42347,100,ok
BBMSDppStepwise,1,799,53,42347,4411.78,65792,191782,257574,83047,4059,16065,11863,0,0,0,-1,42347,100,ok
DijkstraPrims,1,799,53,42347,4411.78,0,0,0,0,0,0,0,11685,11620,75,65.7116,11620,27.44,ok
BBMSCore,2,799,846,675954,16090.1,468577398,0,468577398,0,0,0,0,0,0,0,-1,675954,100,ok
BBMSInter,2,799,846,675954,16090.1,976050,17118747,18094797,1349976,0,0,0,0,0,0,-1,675954,100,ok
BBMSDppInstant,2,799,846,675954,16090.1,976050,3256081,4232131,1349976,47896,432409,47896,0,0,0,-1,675954,100,ok
BBMSDppStepwise,2,799,846,675954,16090.1,976050,3256081,4232131,1349976,47896,329941,269292,0,0,0,-1,675954,100,ok
DijkstraPrims,2,799,846,675954,16090.1,0,0,0,0,0,0,0,516344,515245,3626,2361.46,515245,76.2249,ok
BBMSCore,3,799,903,721497,15919.1,706694520,0,706694520,0,0,0,0,0,0,0,-1,721497,100,ok
BBMSInter,3,799,903,721497,15919.1,808498,6630995,7439493,1440497,0,0,0,0,0,0,-1,721497,100,ok
BBMSDppInstant,3,799,903,721497,15919.1,808498,3825823,4634321,1440497,11404,5404275,11404,0,0,0,-1,721497,100,ok
BBMSDppStepwise,3,799,903,721497,15919.1,808498,3825823,4634321,1440497,11404,444381,343969,0,0,0,-1,721497,100,ok
DijkstraPrims,3,799,903,721497,15919.1,0,0,0,0,0,0,0,458877,457559,1800,1496.95,457559,63.418,ok
BBMSCore,4,799,199,159001,16625,64607706,0,64607706,0,0,0,0,0,0,0,-1,159001,100,ok
BBMSInter,4,799,199,159001,16625,86708,9506751,9593459,317004,0,0,0,0,0,0,-1,159001,100,ok
BBMSDppInstant,4,799,199,159001,16625,86708,975965,1062673,317004,16497,495955,16497,0,0,0,-1,159001,100,ok
BBMSDppStepwise,4,799,199,159001,16625,86708,975965,1062673,317004,16497,173444,141445,0,0,0,-1,159001,100,ok
DijkstraPrims,4,799,199,159001,16625,0,0,0,0,0,0,0,158951,158922,926,670.38,158922,99.9503,ok
BBMSCore,5,799,223,178177,12420.5,61241984,0,61241984,0,0,0,0,0,0,0,-1,178177,100,ok
BBMSInter,5,799,223,178177,12420.5,105012,4069549,4174561,355332,0,0,0,0,0,0,-1,178177,100,ok
BBMSDppInstant,5,799,223,178177,12420.5,105012,1082569,1187581,355332,13600,385536,13600,0,0,0,-1,178177,100,ok
BBMSDppStepwise,5,799,223,178177,12420.5,105012,1082569,1187581,355332,13600,180881,152844,0,0,0,-1,178177,100,ok
DijkstraPrims,5,799,223,178177,12420.5,0,0,0,0,0,0,0,173607,173453,591,436.553,173453,97.3487,ok
BBMSCore,6,799,154,123046,2645.03,37097908,0,37097908,0,0,0,0,0,0,0,-1,123046,100,ok
BBMSInter,6,799,154,123046,2645.03,238070,1212955,1451025,245042,0,0,0,0,0,0,-1,123046,100,ok
BBMSDppInstant,6,799,154,123046,2645.03,238070,497538,735608,245042,2274,15401,2274,0,0,0,-1,123046,100,ok
BBMSDppStepwise,6,799,154,123046,2645.03,238070,497538,735608,245042,2274,13727,11393,0,0,0,-1,123046,100,ok
DijkstraPrims,6,799,154,123046,2645.03,0,0,0,0,0,0,0,8919,8092,851,776.81,8092,6.5764,ok
BBMSCore,7,799,1128,901272,28210.1,1328190602,0,1328190602,0,0,0,0,0,0,0,-1,901272,100,ok
BBMSInter,7,799,1128,901272,28210.1,1672882,5941396,7614278,1800617,0,0,0,0,0,0,-1,901272,100,ok
BBMSDppInstant,7,799,1128,901272,28210.1,1672882,3786094,5458976,1800617,6282,195323,6282,0,0,0,-1,901272,100,ok
BBMSDppStepwise,7,799,1128,901272,28210.1,1672882,3786094,5458976,1800617,6282,83639,69229,0,0,0,-1,901272,100,ok
DijkstraPrims,7,799,1128,901272,28210.1,0,0,0,0,0,0,0,142522,141530,1387,1256.11,141530,15.7034,ok
BBMSCore,8,799,1191,951609,24803.8,1293597658,0,1293597658,0,0,0,0,0,0,0,-1,951609,100,ok
BBMSInter,8,799,1191,951609,24803.8,1663104,8062668,9725772,1901228,0,0,0,0,0,0,-1,951609,100,ok
BBMSDppInstant,8,799,1191,951609,24803.8,1663104,4152665,5815769,1901228,9864,287580,9864,0,0,0,-1,951609,100,ok
BBMSDppStepwise,8,799,1191,951609,24803.8,1663104,4152665,5815769,1901228,9864,143187,124081,0,0,0,-1,951609,100,ok
DijkstraPrims,8,799,1191,951609,24803.8,0,0,0,0,0,0,0,180976,179808,1690,1484.4,179808,18.8952,ok
BBMSCore,9,799,185,147815,13552.7,69136530,0,69136530,0,0,0,0,0,0,0,-1,147815,100,ok
BBMSInter,9,799,185,147815,13552.7,279692,863293,1142985,294429,0,0,0,0,0,0,-1,147815,100,ok
BBMSDppInstant,9,799,185,147815,13552.7,279692,608285,887977,294429,3563,21956,3563,0,0,0,-1,147815,100,ok
BBMSDppStepwise,9,799,185,147815,13552.7,279692,608285,887977,294429,3563,19990,16066,0,0,0,-1,147815,100,ok
DijkstraPrims,9,799,185,147815,13552.7,0,0,0,0,0,0,0,85593,84717,909,805.742,84717,57.3129,ok
BBMSCore,10,799,313,250087,17531.4,142834508,0,142834508,0,0,0,0,0,0,0,-1,250087,100,ok
BBMSInter,10,799,313,250087,17531.4,471934,1935205,2407139,498755,0,0,0,0,0,0,-1,250087,100,ok
BBMSDppInstant,10,799,313,250087,17531.4,471934,1034928,1506862,498755,6670,40066,6670,0,0,0,-1,250087,100,ok
BBMSDppStepwise,10,799,313,250087,17531.4,471934,1034928,1506862,498755,6670,31569,23602,0,0,0,-1,250087,100,ok
DijkstraPrims,10,799,313,250087,17531.4,0,0,0,0,0,0,0,72716,71935,874,823.474,71935,28.764,ok
BBMSCore,11,799,1380,1102620,12140.7,2767859516,0,2767859516,0,0,0,0,0,0,0,-1,1102620,100,ok
BBMSInter,11,799,1380,1102620,12140.7,2111378,13398525,15509903,2202023,0,0,0,0,0,0,-1,1102620,100,ok
BBMSDppInstant,11,799,1380,1102620,12140.7,2111378,4536026,6647404,2202023,21628,122100,21628,0,0,0,-1,1102620,100,ok
BBMSDppStepwise,11,799,1380,1102620,12140.7,2111378,4536026,6647404,2202023,21628,99213,75907,0,0,0,-1,1102620,100,ok
DijkstraPrims,11,799,1380,1102620,12140.7,0,0,0,0,0,0,0,619910,619133,1218,817.422,619133,56.1511,ok
BBMSCore,12,799,1118,893282,113660,953482406,0,953482406,0,0,0,0,0,0,0,-1,893282,100,ok
BBMSInter,12,799,1118,893282,113660,1475756,37472523,38948279,1784261,0,0,0,0,0,0,-1,893282,100,ok
BBMSDppInstant,12,799,1118,893282,113660,1475756,4025927,5501683,1784261,109478,724350,109478,0,0,0,-1,893282,100,ok
BBMSDppStepwise,12,799,1118,893282,113660,1475756,4025927,5501683,1784261,109478,574156,452148,0,0,0,-1,893282,100,ok
DijkstraPrims,12,799,1118,893282,113660,0,0,0,0,0,0,0,112209,109988,2394,1213.38,109988,12.3128,ok
BBMSCore,13,799,58,46342,6703.84,9325908,0,9325908,0,0,0,0,0,0,0,-1,46342,100,ok
BBMSInter,13,799,58,46342,6703.84,29200,1139906,1169106,91827,0,0,0,0,0,0,-1,46342,100,ok
BBMSDppInstant,13,799,58,46342,6703.84,29200,274600,303800,91827,4417,69428,4417,0,0,0,-1,46342,100,ok
BBMSDppStepwise,13,799,58,46342,6703.84,29200,274600,303800,91827,4417,42668,35065,0,0,0,-1,46342,100,ok
DijkstraPrims,13,799,58,46342,6703.84,0,0,0,0,0,0,0,46331,46323,479,299.922,46323,99.959,ok
BBMSCore,14,799,1917,1531683,8143.69,1368312460,0,1368312460,0,0,0,0,0,0,0,-1,1531683,100,ok
BBMSInter,14,799,1917,1531683,8143.69,2268530,54784128,57052658,3059855,0,0,0,0,0,0,-1,1531683,100,ok
BBMSDppInstant,14,799,1917,1531683,8143.69,2268530,7299972,9568502,3059855,127190,1594810,127190,0,0,0,-1,1531683,100,ok
BBMSDppStepwise,14,799,1917,1531683,8143.69,2268530,7299972,9568502,3059855,127190,1110944,959714,0,0,0,-1,1531683,100,ok
DijkstraPrims,14,799,1917,1531683,8143.69,0,0,0,0,0,0,0,437539,435302,2612,2298.14,435302,28.4198,ok
BBMSCore,15,799,249,198951,23879.6,267640230,0,267640230,0,0,0,0,0,0,0,-1,198951,100,ok
BBMSInter,15,799,249,198951,23879.6,345602,9688232,10033834,396059,0,0,0,0,0,0,-1,198951,100,ok
BBMSDppInstant,15,799,249,198951,23879.6,345602,866923,1212525,396059,13574,66459,13574,0,0,0,-1,198951,100,ok
BBMSDppStepwise,15,799,249,198951,23879.6,345602,866923,1212525,396059,13574,64407,50526,0,0,0,-1,198951,100,ok
DijkstraPrims,15,799,249,198951,23879.6,0,0,0,0,0,0,0,164922,164608,380,298.392,164608,82.738,ok
BBMSCore,16,799,455,363545,11247.2,252051604,0,252051604,0,0,0,0,0,0,0,-1,363545,100,ok
BBMSInter,16,799,455,363545,11247.2,318010,11371704,11689714,725836,0,0,0,0,0,0,-1,363545,100,ok
BBMSDppInstant,16,799,455,363545,11247.2,318010,2059028,2377038,725836,23113,728273,23113,0,0,0,-1,363545,100,ok
BBMSDppStepwise,16,799,455,363545,11247.2,318010,2059028,2377038,725836,23113,271180,236149,0,0,0,-1,363545,100,ok
DijkstraPrims,16,799,455,363545,11247.2,0,0,0,0,0,0,0,360322,359867,1431,954.444,359867,98.9883,ok
BBMSCore,17,799,20006,15984794,1.51197e+06,18222625184,0,18222625184,0,0,0,0,0,0,0,-1,15984794,100,ok
BBMSInter,17,799,20006,15984794,1.51197e+06,17149320,519387720,536537040,31947988,0,0,0,0,0,0,-1,15984794,100,ok
BBMSDppInstant,17,799,20006,15984794,1.51197e+06,17149320,86023948,103173268,31947988,620022,88635395,620022,0,0,0,-1,15984794,100,ok
BBMSDppStepwise,17,799,20006,15984794,1.51197e+06,17149320,86023948,103173268,31947988,620022,10962686,9036119,0,0,0,-1,15984794,100,ok
DijkstraPrims,17,799,20006,15984794,1.51197e+06,0,0,0,0,0,0,0,7955831,7942361,13476,4047.27,7942361,49.687,ok
BBMSCore,18,799,1899,1517301,2.08544e+07,5143573756,0,5143573756,0,0,0,0,0,0,0,-1,1517301,100,ok
BBMSInter,18,799,1899,1517301,2.08544e+07,2885718,32577427,35463145,3029975,0,0,0,0,0,0,-1,1517301,100,ok
BBMSDppInstant,18,799,1899,1517301,2.08544e+07,2885718,6273649,9159367,3029975,38006,264568,38006,0,0,0,-1,1517301,100,ok
BBMSDppStepwise,18,799,1899,1517301,2.08544e+07,2885718,6273649,9159367,3029975,38006,206606,165409,0,0,0,-1,1517301,100,ok
DijkstraPrims,18,799,1899,1517301,2.08544e+07,0,0,0,0,0,0,0,1413823,1413010,1161,813.74,1413010,93.1265,ok
BBMSCore,19,799,63,50337,2749.31,32567528,0,32567528,0,0,0,0,0,0,0,-1,50337,100,ok
BBMSInter,19,799,63,50337,2749.31,94056,1083033,1177089,99742,0,0,0,0,0,0,-1,50337,100,ok
BBMSDppInstant,19,799,63,50337,2749.31,94056,205247,299303,99742,1869,7820,1869,0,0,0,-1,50337,100,ok
BBMSDppStepwise,19,799,63,50337,2749.31,94056,205247,299303,99742,1869,7449,5390,0,0,0,-1,50337,100,ok
DijkstraPrims,19,799,63,50337,2749.31,0,0,0,0,0,0,0,2876,2027,857,668.42,2027,4.02686,ok
BBMSCore,20,799,2142,1711458,10678.1,1931917272,0,1931917272,0,0,0,0,0,0,0,-1,1711458,100,ok
BBMSInter,20,799,2142,1711458,10678.1,2842532,20905199,23747731,3419832,0,0,0,0,0,0,-1,1711458,100,ok
BBMSDppInstant,20,799,2142,1711458,10678.1,2842532,7695718,10538250,3419832,45730,1387229,45730,0,0,0,-1,1711458,100,ok
BBMSDppStepwise,20,799,2142,1711458,10678.1,2842532,7695718,10538250,3419832,45730,492747,413419,0,0,0,-1,1711458,100,ok
DijkstraPrims,20,799,2142,1711458,10678.1,0,0,0,0,0,0,0,463840,460755,3279,2597.97,460755,26.9218,ok
BBMSCore,21,2201,53,116653,6206.43,277459546,0,277459546,0,0,0,0,0,0,0,-1,116653,100,ok
BBMSInter,21,2201,53,116653,6206.43,208550,15451277,15659827,229113,0,0,0,0,0,0,-1,116653,100,ok
BBMSDppInstant,21,2201,53,116653,6206.43,208550,487973,696523,229113,9323,42070,9323,0,0,0,-1,116653,100,ok
BBMSDppStepwise,21,2201,53,116653,6206.43,208550,487973,696523,229113,9323,39803,30164,0,0,0,-1,116653,100,ok
DijkstraPrims,21,2201,53,116653,6206.43,0,0,0,0,0,0,0,4563,2991,1695,979.856,2991,2.56401,ok
BBMSCore,22,2201,846,1862046,16832.5,2418458854,0,2418458854,0,0,0,0,0,0,0,-1,1862046,100,ok
BBMSInter,22,2201,846,1862046,16832.5,3501138,20942847,24443985,3720277,0,0,0,0,0,0,-1,1862046,100,ok
BBMSDppInstant,22,2201,846,1862046,16832.5,3501138,7760971,11262109,3720277,65825,794065,65825,0,0,0,-1,1862046,100,ok
BBMSDppStepwise,22,2201,846,1862046,16832.5,3501138,7760971,11262109,3720277,65825,582260,504916,0,0,0,-1,1862046,100,ok
DijkstraPrims,22,2201,846,1862046,16832.5,0,0,0,0,0,0,0,322160,319110,3376,2820.49,319110,17.1376,ok
BBMSCore,23,2201,903,1987503,16721.6,2548002368,0,2548002368,0,0,0,0,0,0,0,-1,1987503,100,ok
BBMSInter,23,2201,903,1987503,16721.6,3560552,42142258,45702810,3970952,0,0,0,0,0,0,-1,1987503,100,ok
BBMSDppInstant,23,2201,903,1987503,16721.6,3560552,8549969,12110521,3970952,66188,779328,66188,0,0,0,-1,1987503,100,ok
BBMSDppStepwise,23,2201,903,1987503,16721.6,3560552,8549969,12110521,3970952,66188,635631,558405,0,0,0,-1,1987503,100,ok
DijkstraPrims,23,2201,903,1987503,16721.6,0,0,0,0,0,0,0,241388,238683,2869,2456.53,238683,12.0092,ok
BBMSCore,24,2201,199,437999,15226.9,129595300,0,129595300,0,0,0,0,0,0,0,-1,437999,100,ok
BBMSInter,24,2201,199,437999,15226.9,736444,4393838,5130282,873428,0,0,0,0,0,0,-1,437999,100,ok
BBMSDppInstant,24,2201,199,437999,15226.9,736444,1944527,2680971,873428,28543,240418,28543,0,0,0,-1,437999,100,ok
BBMSDppStepwise,24,2201,199,437999,15226.9,736444,1944527,2680971,873428,28543,177193,141109,0,0,0,-1,437999,100,ok
DijkstraPrims,24,2201,199,437999,15226.9,0,0,0,0,0,0,0,196118,194069,2902,2389.99,194069,44.3081,ok
BBMSCore,25,2201,223,490823,11405.1,202909542,0,202909542,0,0,0,0,0,0,0,-1,490823,100,ok
BBMSInter,25,2201,223,490823,11405.1,899634,3971595,4871229,979016,0,0,0,0,0,0,-1,490823,100,ok
BBMSDppInstant,25,2201,223,490823,11405.1,899634,2069345,2968979,979016,19653,148052,19653,0,0,0,-1,490823,100,ok
BBMSDppStepwise,25,2201,223,490823,11405.1,899634,2069345,2968979,979016,19653,124812,102612,0,0,0,-1,490823,100,ok
DijkstraPrims,25,2201,223,490823,11405.1,0,0,0,0,0,0,0,98027,95623,2406,2226.99,95623,19.4822,ok
BBMSCore,26,2201,154,338954,2460.44,803024780,0,803024780,0,0,0,0,0,0,0,-1,338954,100,ok
BBMSInter,26,2201,154,338954,2460.44,456974,23912718,24369692,673487,0,0,0,0,0,0,-1,338954,100,ok
BBMSDppInstant,26,2201,154,338954,2460.44,456974,1670731,2127705,673487,25538,278080,25538,0,0,0,-1,338954,100,ok
BBMSDppStepwise,26,2201,154,338954,2460.44,456974,1670731,2127705,673487,25538,193482,160236,0,0,0,-1,338954,100,ok
DijkstraPrims,26,2201,154,338954,2460.44,0,0,0,0,0,0,0,273071,272464,864,576.25,272464,80.3838,ok
BBMSCore,27,2201,1128,2482728,29963.7,10089374470,0,10089374470,0,0,0,0,0,0,0,-1,2482728,100,ok
BBMSInter,27,2201,1128,2482728,29963.7,4916236,22381291,27297527,4962054,0,0,0,0,0,0,-1,2482728,100,ok
BBMSDppInstant,27,2201,1128,2482728,29963.7,4916236,9981435,14897671,4962054,13624,53045,13624,0,0,0,-1,2482728,100,ok
BBMSDppStepwise,27,2201,1128,2482728,29963.7,4916236,9981435,14897671,4962054,13624,44530,28898,0,0,0,-1,2482728,100,ok
DijkstraPrims,27,2201,1128,2482728,29963.7,0,0,0,0,0,0,0,49701,46427,3516,2979.18,46427,1.87,ok
BBMSCore,28,2201,1191,2621391,26549.2,5193046274,0,5193046274,0,0,0,0,0,0,0,-1,2621391,100,ok
BBMSInter,28,2201,1191,2621391,26549.2,5141828,32222331,37364159,5239220,0,0,0,0,0,0,-1,2621391,100,ok
BBMSDppInstant,28,2201,1191,2621391,26549.2,5141828,10613103,15754931,5239220,35440,331730,35440,0,0,0,-1,2621391,100,ok
BBMSDppStepwise,28,2201,1191,2621391,26549.2,5141828,10613103,15754931,5239220,35440,319290,281679,0,0,0,-1,2621391,100,ok
DijkstraPrims,28,2201,1191,2621391,26549.2,0,0,0,0,0,0,0,23447,19928,3553,2445.66,19928,0.760207,ok
BBMSCore,29,2201,185,407185,15005.3,523603720,0,523603720,0,0,0,0,0,0,0,-1,407185,100,ok
BBMSInter,29,2201,185,407185,15005.3,374940,11650045,12024985,810138,0,0,0,0,0,0,-1,407185,100,ok
BBMSDppInstant,29,2201,185,407185,15005.3,374940,2271189,2646129,810138,25169,1774052,25169,0,0,0,-1,407185,100,ok
BBMSDppStepwise,29,2201,185,407185,15005.3,374940,2271189,2646129,810138,25169,366979,283649,0,0,0,-1,407185,100,ok
DijkstraPrims,29,2201,185,407185,15005.3,0,0,0,0,0,0,0,370307,368554,2659,2109.95,368554,90.5127,ok
BBMSCore,30,2201,313,688913,18427.7,167567712,0,167567712,0,0,0,0,0,0,0,-1,688913,100,ok
BBMSInter,30,2201,313,688913,18427.7,436600,19622701,20059301,1375312,0,0,0,0,0,0,-1,688913,100,ok
BBMSDppInstant,30,2201,313,688913,18427.7,436600,4149893,4586493,1375312,75326,1525290,75326,0,0,0,-1,688913,100,ok
BBMSDppStepwise,30,2201,313,688913,18427.7,436600,4149893,4586493,1375312,75326,751093,590577,0,0,0,-1,688913,100,ok
DijkstraPrims,30,2201,313,688913,18427.7,0,0,0,0,0,0,0,686010,685686,1583,1065.17,685686,99.5316,ok
BBMSCore,31,2201,1380,3037380,14755.7,3273643732,0,3273643732,0,0,0,0,0,0,0,-1,3037380,100,ok
BBMSInter,31,2201,1380,3037380,14755.7,2305270,106313811,108619081,6071179,0,0,0,0,0,0,-1,3037380,100,ok
BBMSDppInstant,31,2201,1380,3037380,14755.7,2305270,17778691,20083961,6071179,194582,11228974,194582,0,0,0,-1,3037380,100,ok
BBMSDppStepwise,31,2201,1380,3037380,14755.7,2305270,17778691,20083961,6071179,194582,2876998,2400943,0,0,0,-1,3037380,100,ok
DijkstraPrims,31,2201,1380,3037380,14755.7,0,0,0,0,0,0,0,3037056,3036866,8197,4725.76,3036866,99.9831,ok
BBMSCore,32,2201,1118,2460718,113857,2055416346,0,2055416346,0,0,0,0,0,0,0,-1,2460718,100,ok
BBMSInter,32,2201,1118,2460718,113857,3728776,97159220,100887996,4915364,0,0,0,0,0,0,-1,2460718,100,ok
BBMSDppInstant,32,2201,1118,2460718,113857,3728776,11608635,15337411,4915364,401396,3987341,401396,0,0,0,-1,2460718,100,ok
BBMSDppStepwise,32,2201,1118,2460718,113857,3728776,11608635,15337411,4915364,401396,2658323,2215169,0,0,0,-1,2460718,100,ok
DijkstraPrims,32,2201,1118,2460718,113857,0,0,0,0,0,0,0,285814,281061,4977,3251.25,281061,11.4219,ok
BBMSCore,33,2201,58,127658,6303.26,38368024,0,38368024,0,0,0,0,0,0,0,-1,127658,100,ok
BBMSInter,33,2201,58,127658,6303.26,195920,5602531,5798451,253005,0,0,0,0,0,0,-1,127658,100,ok
BBMSDppInstant,33,2201,58,127658,6303.26,195920,583913,779833,253005,13813,77360,13813,0,0,0,-1,127658,100,ok
BBMSDppStepwise,33,2201,58,127658,6303.26,195920,583913,779833,253005,13813,58153,41480,0,0,0,-1,127658,100,ok
DijkstraPrims,33,2201,58,127658,6303.26,0,0,0,0,0,0,0,31293,29077,2301,1085.15,29077,22.7773,ok
BBMSCore,34,2201,1917,4219317,9257.53,6963479950,0,6963479950,0,0,0,0,0,0,0,-1,4219317,100,ok
BBMSInter,34,2201,1917,4219317,9257.53,7676946,117816813,125493759,8433598,0,0,0,0,0,0,-1,4219317,100,ok
BBMSDppInstant,34,2201,1917,4219317,9257.53,7676946,17990941,25667887,8433598,246908,2443086,246908,0,0,0,-1,4219317,100,ok
BBMSDppStepwise,34,2201,1917,4219317,9257.53,7676946,17990941,25667887,8433598,246908,1996598,1718987,0,0,0,-1,4219317,100,ok
DijkstraPrims,34,2201,1917,4219317,9257.53,0,0,0,0,0,0,0,355055,349251,6396,4052.73,349251,8.27743,ok
BBMSCore,35,2201,249,548049,23962.3,1283575510,0,1283575510,0,0,0,0,0,0,0,-1,548049,100,ok
BBMSInter,35,2201,249,548049,23962.3,1027758,32846886,33874644,1093205,0,0,0,0,0,0,-1,548049,100,ok
BBMSDppInstant,35,2201,249,548049,23962.3,1027758,2277559,3305317,1093205,29110,158055,29110,0,0,0,-1,548049,100,ok
BBMSDppStepwise,35,2201,249,548049,23962.3,1027758,2277559,3305317,1093205,29110,152926,123102,0,0,0,-1,548049,100,ok
DijkstraPrims,35,2201,249,548049,23962.3,0,0,0,0,0,0,0,11491,9154,2600,1857,9154,1.67029,ok
BBMSCore,36,2201,455,1001455,10135.5,1196595442,0,1196595442,0,0,0,0,0,0,0,-1,1001455,100,ok
BBMSInter,36,2201,455,1001455,10135.5,1863846,20154185,22018031,1999931,0,0,0,0,0,0,-1,1001455,100,ok
BBMSDppInstant,36,2201,455,1001455,10135.5,1863846,4195828,6059674,1999931,38286,241243,38286,0,0,0,-1,1001455,100,ok
BBMSDppStepwise,36,2201,455,1001455,10135.5,1863846,4195828,6059674,1999931,38286,214057,173107,0,0,0,-1,1001455,100,ok
DijkstraPrims,36,2201,455,1001455,10135.5,0,0,0,0,0,0,0,202050,199615,2530,2335.56,199615,19.9325,ok
BBMSInter,37,2201,20006,44033206,1.51164e+06,77747766,18407594162,18485341928,88032991,0,0,0,0,0,0,-1,44033206,100,ok
BBMSDppInstant,37,2201,20006,44033206,1.51164e+06,77747766,191455347,269203113,88032991,2073883,21495856,2073883,0,0,0,-1,44033206,100,ok
BBMSDppStepwise,37,2201,20006,44033206,1.51164e+06,77747766,191455347,269203113,88032991,2073883,16419485,14078644,0,0,0,-1,44033206,100,ok
DijkstraPrims,37,2201,20006,44033206,1.51164e+06,0,0,0,0,0,0,0,20051003,20039221,11788,2859.26,20039221,45.5093,ok
BBMSCore,38,2201,1899,4179699,2.08571e+07,3578841284,0,3578841284,0,0,0,0,0,0,0,-1,4179699,100,ok
BBMSInter,38,2201,1899,4179699,2.08571e+07,2820320,134167961,136988281,8353379,0,0,0,0,0,0,-1,4179699,100,ok
BBMSDppInstant,38,2201,1899,4179699,2.08571e+07,2820320,24998718,27819038,8353379,318731,14329807,318731,0,0,0,-1,4179699,100,ok
BBMSDppStepwise,38,2201,1899,4179699,2.08571e+07,2820320,24998718,27819038,8353379,318731,4422992,3666312,0,0,0,-1,4179699,100,ok
DijkstraPrims,38,2201,1899,4179699,2.08571e+07,0,0,0,0,0,0,0,4177966,4177790,3935,2876.29,4177790,99.9543,ok
BBMSCore,39,2201,63,138663,3077.91,272441500,0,272441500,0,0,0,0,0,0,0,-1,138663,100,ok
BBMSInter,39,2201,63,138663,3077.91,180738,8907196,9087934,273917,0,0,0,0,0,0,-1,138663,100,ok
BBMSDppInstant,39,2201,63,138663,3077.91,180738,683682,864420,273917,12214,155363,12214,0,0,0,-1,138663,100,ok
BBMSDppStepwise,39,2201,63,138663,3077.91,180738,683682,864420,273917,12214,100041,84619,0,0,0,-1,138663,100,ok
DijkstraPrims,39,2201,63,138663,3077.91,0,0,0,0,0,0,0,127714,127365,463,219.392,127365,91.8522,ok
BBMSCore,40,2201,2142,4714542,11471.9,11879326230,0,11879326230,0,0,0,0,0,0,0,-1,4714542,100,ok
BBMSInter,40,2201,2142,4714542,11471.9,8904422,112389853,121294275,9424249,0,0,0,0,0,0,-1,4714542,100,ok
BBMSDppInstant,40,2201,2142,4714542,11471.9,8904422,19614576,28518998,9424249,127700,2867184,127700,0,0,0,-1,4714542,100,ok
BBMSDppStepwise,40,2201,2142,4714542,11471.9,8904422,19614576,28518998,9424249,127700,1408673,1273201,0,0,0,-1,4714542,100,ok
DijkstraPrims,40,2201,2142,4714542,11471.9,0,0,0,0,0,0,0,915634,912142,4185,3609.95,912142,19.3474,ok
BBMSCore,41,53,846,44838,14173.4,22135516,0,22135516,0,0,0,0,0,0,0,-1,44838,100,ok
BBMSInter,41,53,846,44838,14173.4,67794,362217,430011,88755,0,0,0,0,0,0,-1,44838,100,ok
BBMSDppInstant,41,53,846,44838,14173.4,67794,205857,273651,88755,3561,76113,3561,0,0,0,-1,44838,100,ok
BBMSDppStepwise,41,53,846,44838,14173.4,67794,205857,273651,88755,3561,30840,25695,0,0,0,-1,44838,100,ok
DijkstraPrims,41,53,846,44838,14173.4,0,0,0,0,0,0,0,24594,24467,1015,483.422,24467,54.5676,ok
BBMSCore,42,53,903,47859,13841.8,26001808,0,26001808,0,0,0,0,0,0,0,-1,47859,100,ok
BBMSInter,42,53,903,47859,13841.8,69088,440688,509776,94727,0,0,0,0,0,0,-1,47859,100,ok
BBMSDppInstant,42,53,903,47859,13841.8,69088,224691,293779,94727,1429,26047,1429,0,0,0,-1,47859,100,ok
BBMSDppStepwise,42,53,903,47859,13841.8,69088,224691,293779,94727,1429,18719,16559,0,0,0,-1,47859,100,ok
DijkstraPrims,42,53,903,47859,13841.8,0,0,0,0,0,0,0,42216,41691,794,603.047,41691,87.1121,ok
BBMSCore,43,53,199,10547,14065.2,1490948,0,1490948,0,0,0,0,0,0,0,-1,10547,100,ok
BBMSInter,43,53,199,10547,14065.2,10544,87124,97668,20842,0,0,0,0,0,0,-1,10547,100,ok
BBMSDppInstant,43,53,199,10547,14065.2,10544,56255,66799,20842,1038,13080,1038,0,0,0,-1,10547,100,ok
BBMSDppStepwise,43,53,199,10547,14065.2,10544,56255,66799,20842,1038,8172,6457,0,0,0,-1,10547,100,ok
DijkstraPrims,43,53,199,10547,14065.2,0,0,0,0,0,0,0,10547,10547,278,195.274,10547,100,ok
BBMSCore,44,53,223,11819,9591.15,983162,0,983162,0,0,0,0,0,0,0,-1,11819,100,ok
BBMSInter,44,53,223,11819,9591.15,8532,153254,161786,23362,0,0,0,0,0,0,-1,11819,100,ok
BBMSDppInstant,44,53,223,11819,9591.15,8532,68009,76541,23362,1392,22941,1392,0,0,0,-1,11819,100,ok
BBMSDppStepwise,44,53,223,11819,9591.15,8532,68009,76541,23362,1392,9266,6354,0,0,0,-1,11819,100,ok
DijkstraPrims,44,53,223,11819,9591.15,0,0,0,0,0,0,0,11750,11679,266,205.621,11679,98.8155,ok
BBMSCore,45,53,154,8162,7043.39,1683680,0,1683680,0,0,0,0,0,0,0,-1,8162,100,ok
BBMSInter,45,53,154,8162,7043.39,13904,115624,129528,16107,0,0,0,0,0,0,-1,8162,100,ok
BBMSDppInstant,45,53,154,8162,7043.39,13904,34835,48739,16107,767,3381,767,0,0,0,-1,8162,100,ok
BBMSDppStepwise,45,53,154,8162,7043.39,13904,34835,48739,16107,767,3101,2250,0,0,0,-1,8162,100,ok
DijkstraPrims,45,53,154,8162,7043.39,0,0,0,0,0,0,0,414,303,118,80.0891,303,3.71233,ok
BBMSCore,46,53,1128,59784,23888.7,32045402,0,32045402,0,0,0,0,0,0,0,-1,59784,100,ok
BBMSInter,46,53,1128,59784,23888.7,112732,249717,362449,118384,0,0,0,0,0,0,-1,59784,100,ok
BBMSDppInstant,46,53,1128,59784,23888.7,112732,241116,353848,118384,309,7125,309,0,0,0,-1,59784,100,ok
BBMSDppStepwise,46,53,1128,59784,23888.7,112732,241116,353848,118384,309,2682,1880,0,0,0,-1,59784,100,ok
DijkstraPrims,46,53,1128,59784,23888.7,0,0,0,0,0,0,0,9392,8385,1162,1063.24,8385,14.0255,ok
BBMSCore,47,53,1191,63123,20505,42323668,0,42323668,0,0,0,0,0,0,0,-1,63123,100,ok
BBMSInter,47,53,1191,63123,20505,116730,618726,735456,125002,0,0,0,0,0,0,-1,63123,100,ok
BBMSDppInstant,47,53,1191,63123,20505,116730,258043,374773,125002,1264,10067,1264,0,0,0,-1,63123,100,ok
BBMSDppStepwise,47,53,1191,63123,20505,116730,258043,374773,125002,1264,5741,3801,0,0,0,-1,63123,100,ok
DijkstraPrims,47,53,1191,63123,20505,0,0,0,0,0,0,0,4874,3729,1147,705.193,3729,5.90751,ok
BBMSCore,48,53,185,9805,15815.7,1827724,0,1827724,0,0,0,0,0,0,0,-1,9805,100,ok
BBMSInter,48,53,185,9805,15815.7,14934,85136,100070,19354,0,0,0,0,0,0,-1,9805,100,ok
BBMSDppInstant,48,53,185,9805,15815.7,14934,44573,59507,19354,589,5589,589,0,0,0,-1,9805,100,ok
BBMSDppStepwise,48,53,185,9805,15815.7,14934,44573,59507,19354,589,4099,3234,0,0,0,-1,9805,100,ok
DijkstraPrims,48,53,185,9805,15815.7,0,0,0,0,0,0,0,5236,5157,82,64.1437,5157,52.5956,ok
BBMSCore,49,53,313,16589,21454.4,6431124,0,6431124,0,0,0,0,0,0,0,-1,16589,100,ok
BBMSInter,49,53,313,16589,21454.4,22774,391759,414533,32812,0,0,0,0,0,0,-1,16589,100,ok
BBMSDppInstant,49,53,313,16589,21454.4,22774,79393,102167,32812,1659,14706,1659,0,0,0,-1,16589,100,ok
BBMSDppStepwise,49,53,313,16589,21454.4,22774,79393,102167,32812,1659,8870,6102,0,0,0,-1,16589,100,ok
DijkstraPrims,49,53,313,16589,21454.4,0,0,0,0,0,0,0,971,880,100,78.0102,880,5.30472,ok
BBMSCore,50,53,1380,73140,14972,125295678,0,125295678,0,0,0,0,0,0,0,-1,73140,100,ok
BBMSInter,50,53,1380,73140,14972,109336,4370902,4480238,144847,0,0,0,0,0,0,-1,73140,100,ok
BBMSDppInstant,50,53,1380,73140,14972,109336,337938,447274,144847,5271,41564,5271,0,0,0,-1,73140,100,ok
BBMSDppStepwise,50,53,1380,73140,14972,109336,337938,447274,144847,5271,31564,25583,0,0,0,-1,73140,100,ok
DijkstraPrims,50,53,1380,73140,14972,0,0,0,0,0,0,0,25397,25338,255,65.9764,25338,34.6432,ok
BBMSCore,51,53,1118,59254,114315,32477432,0,32477432,0,0,0,0,0,0,0,-1,59254,100,ok
BBMSInter,51,53,1118,59254,114315,84088,3289531,3373619,117303,0,0,0,0,0,0,-1,59254,100,ok
BBMSDppInstant,51,53,1118,59254,114315,84088,280455,364543,117303,10206,62355,10206,0,0,0,-1,59254,100,ok
BBMSDppStepwise,51,53,1118,59254,114315,84088,280455,364543,117303,10206,53883,41958,0,0,0,-1,59254,100,ok
DijkstraPrims,51,53,1118,59254,114315,0,0,0,0,0,0,0,9484,8380,1106,360.916,8380,14.1425,ok
BBMSCore,52,53,58,3074,6895.05,210818,0,210818,0,0,0,0,0,0,0,-1,3074,100,ok
BBMSInter,52,53,58,3074,6895.05,4928,17277,22205,6037,0,0,0,0,0,0,-1,3074,100,ok
BBMSDppInstant,52,53,58,3074,6895.05,4928,13355,18283,6037,236,1244,236,0,0,0,-1,3074,100,ok
BBMSDppStepwise,52,53,58,3074,6895.05,4928,13355,18283,6037,236,1135,850,0,0,0,-1,3074,100,ok
DijkstraPrims,52,53,58,3074,6895.05,0,0,0,0,0,0,0,595,528,110,75.5019,528,17.1763,ok
BBMSCore,53,53,1917,101601,5945.64,116675816,0,116675816,0,0,0,0,0,0,0,-1,101601,100,ok
BBMSInter,53,53,1917,101601,5945.64,165380,4373919,4539299,201197,0,0,0,0,0,0,-1,101601,100,ok
BBMSDppInstant,53,53,1917,101601,5945.64,165380,449352,614732,201197,8281,76350,8281,0,0,0,-1,101601,100,ok
BBMSDppStepwise,53,53,1917,101601,5945.64,165380,449352,614732,201197,8281,51813,41104,0,0,0,-1,101601,100,ok
DijkstraPrims,53,53,1917,101601,5945.64,0,0,0,0,0,0,0,27327,25579,1957,1482.34,25579,25.1759,ok
BBMSCore,54,53,249,13197,21003.7,2285542,0,2285542,0,0,0,0,0,0,0,-1,13197,100,ok
BBMSInter,54,53,249,13197,21003.7,23558,71603,95161,26054,0,0,0,0,0,0,-1,13197,100,ok
BBMSDppInstant,54,53,249,13197,21003.7,23558,54932,78490,26054,621,1818,621,0,0,0,-1,13197,100,ok
BBMSDppStepwise,54,53,249,13197,21003.7,23558,54932,78490,26054,621,1816,1202,0,0,0,-1,13197,100,ok
DijkstraPrims,54,53,249,13197,21003.7,0,0,0,0,0,0,0,12967,12735,274,250.852,12735,96.4992,ok
BBMSCore,55,53,455,24115,8398.49,2265596,0,2265596,0,0,0,0,0,0,0,-1,24115,100,ok
BBMSInter,55,53,455,24115,8398.49,22000,305380,327380,47706,0,0,0,0,0,0,-1,24115,100,ok
BBMSDppInstant,55,53,455,24115,8398.49,22000,132254,154254,47706,2063,24307,2063,0,0,0,-1,24115,100,ok
BBMSDppStepwise,55,53,455,24115,8398.49,22000,132254,154254,47706,2063,12415,8880,0,0,0,-1,24115,100,ok
DijkstraPrims,55,53,455,24115,8398.49,0,0,0,0,0,0,0,24011,23901,561,422.181,23901,99.1126,ok
BBMSCore,56,53,20006,1060318,1.50824e+06,10746661996,0,10746661996,0,0,0,0,0,0,0,-1,1060318,100,ok
BBMSInter,56,53,20006,1060318,1.50824e+06,1428622,55277945,56706567,2100539,0,0,0,0,0,0,-1,1060318,100,ok
BBMSDppInstant,56,53,20006,1060318,1.50824e+06,1428622,5138885,6567507,2100539,41241,834983,41241,0,0,0,-1,1060318,100,ok
BBMSDppStepwise,56,53,20006,1060318,1.50824e+06,1428622,5138885,6567507,2100539,41241,485705,411994,0,0,0,-1,1060318,100,ok
DijkstraPrims,56,53,20006,1060318,1.50824e+06,0,0,0,0,0,0,0,546358,534320,12101,3626.48,534320,50.3924,ok
BBMSCore,57,53,1899,100647,2.08573e+07,260763790,0,260763790,0,0,0,0,0,0,0,-1,100647,100,ok
BBMSInter,57,53,1899,100647,2.08573e+07,164856,12157963,12322819,199338,0,0,0,0,0,0,-1,100647,100,ok
BBMSDppInstant,57,53,1899,100647,2.08573e+07,164856,443587,608443,199338,11145,47634,11145,0,0,0,-1,100647,100,ok
BBMSDppStepwise,57,53,1899,100647,2.08573e+07,164856,443587,608443,199338,11145,37438,25870,0,0,0,-1,100647,100,ok
DijkstraPrims,57,53,1899,100647,2.08573e+07,0,0,0,0,0,0,0,81692,81638,285,106.345,81638,81.1132,ok
BBMSCore,58,53,63,3339,7120.06,251390,0,251390,0,0,0,0,0,0,0,-1,3339,100,ok
BBMSInter,58,53,63,3339,7120.06,5764,18789,24553,6562,0,0,0,0,0,0,-1,3339,100,ok
BBMSDppInstant,58,53,63,3339,7120.06,5764,13919,19683,6562,196,843,196,0,0,0,-1,3339,100,ok
BBMSDppStepwise,58,53,63,3339,7120.06,5764,13919,19683,6562,196,792,563,0,0,0,-1,3339,100,ok
DijkstraPrims,58,53,63,3339,7120.06,0,0,0,0,0,0,0,298,200,101,58.395,200,5.98982,ok
BBMSCore,59,53,2142,113526,10216.3,55841476,0,55841476,0,0,0,0,0,0,0,-1,113526,100,ok
BBMSInter,59,53,2142,113526,10216.3,183306,2659772,2843078,224857,0,0,0,0,0,0,-1,113526,100,ok
BBMSDppInstant,59,53,2142,113526,10216.3,183306,504294,687600,224857,6824,71594,6824,0,0,0,-1,113526,100,ok
BBMSDppStepwise,59,53,2142,113526,10216.3,183306,504294,687600,224857,6824,42574,35213,0,0,0,-1,113526,100,ok
DijkstraPrims,59,53,2142,113526,10216.3,0,0,0,0,0,0,0,77770,77108,1774,1194.99,77108,67.921,ok
BBMSCore,60,846,903,763938,27087.4,500731002,0,500731002,0,0,0,0,0,0,0,-1,763938,100,ok
BBMSInter,60,846,903,763938,27087.4,1072026,10733272,11805298,1524993,0,0,0,0,0,0,-1,763938,100,ok
BBMSDppInstant,60,846,903,763938,27087.4,1072026,3727279,4799305,1524993,37380,1913900,37380,0,0,0,-1,763938,100,ok
BBMSDppStepwise,60,846,903,763938,27087.4,1072026,3727279,4799305,1524993,37380,560678,492083,0,0,0,-1,763938,100,ok
DijkstraPrims,60,846,903,763938,27087.4,0,0,0,0,0,0,0,708906,708065,2269,1406.68,708065,92.6862,ok
BBMSCore,61,846,199,168354,26531.9,21957430,0,21957430,0,0,0,0,0,0,0,-1,168354,100,ok
BBMSInter,61,846,199,168354,26531.9,161902,2171786,2333688,335498,0,0,0,0,0,0,-1,168354,100,ok
BBMSDppInstant,61,846,199,168354,26531.9,161902,928299,1090201,335498,22272,345895,22272,0,0,0,-1,168354,100,ok
BBMSDppStepwise,61,846,199,168354,26531.9,161902,928299,1090201,335498,22272,180303,143277,0,0,0,-1,168354,100,ok
DijkstraPrims,61,846,199,168354,26531.9,0,0,0,0,0,0,0,165942,165694,1346,615.414,165694,98.42,ok
BBMSCore,62,846,223,188658,19801.2,114179544,0,114179544,0,0,0,0,0,0,0,-1,188658,100,ok
BBMSInter,62,846,223,188658,19801.2,296526,2850404,3146930,376134,0,0,0,0,0,0,-1,188658,100,ok
BBMSDppInstant,62,846,223,188658,19801.2,296526,868335,1164861,376134,14042,323222,14042,0,0,0,-1,188658,100,ok
BBMSDppStepwise,62,846,223,188658,19801.2,296526,868335,1164861,376134,14042,161168,142207,0,0,0,-1,188658,100,ok
DijkstraPrims,62,846,223,188658,19801.2,0,0,0,0,0,0,0,153385,153043,480,310.008,153043,81.1219,ok
BBMSCore,63,846,154,130284,17319,106007426,0,106007426,0,0,0,0,0,0,0,-1,130284,100,ok
BBMSInter,63,846,154,130284,17319,225156,2070645,2295801,259251,0,0,0,0,0,0,-1,130284,100,ok
BBMSDppInstant,63,846,154,130284,17319,225156,567254,792410,259251,8578,220881,8578,0,0,0,-1,130284,100,ok
BBMSDppStepwise,63,846,154,130284,17319,225156,567254,792410,259251,8578,85838,74328,0,0,0,-1,130284,100,ok
DijkstraPrims,63,846,154,130284,17319,0,0,0,0,0,0,0,82416,82033,704,334.249,82033,62.9648,ok
BBMSCore,64,846,1128,954288,21255.8,1354246642,0,1354246642,0,0,0,0,0,0,0,-1,954288,100,ok
BBMSInter,64,846,1128,954288,21255.8,1808560,5532329,7340889,1906499,0,0,0,0,0,0,-1,954288,100,ok
BBMSDppInstant,64,846,1128,954288,21255.8,1808560,3953287,5761847,1906499,11174,193735,11174,0,0,0,-1,954288,100,ok
BBMSDppStepwise,64,846,1128,954288,21255.8,1808560,3953287,5761847,1906499,11174,90493,70017,0,0,0,-1,954288,100,ok
DijkstraPrims,64,846,1128,954288,21255.8,0,0,0,0,0,0,0,384128,382891,2119,1334.83,382891,40.1232,ok
BBMSCore,65,846,1191,1007586,18205.7,955510718,0,955510718,0,0,0,0,0,0,0,-1,1007586,100,ok
BBMSInter,65,846,1191,1007586,18205.7,1606608,11226026,12832634,2012448,0,0,0,0,0,0,-1,1007586,100,ok
BBMSDppInstant,65,846,1191,1007586,18205.7,1606608,4628783,6235391,2012448,41027,840363,41027,0,0,0,-1,1007586,100,ok
BBMSDppStepwise,65,846,1191,1007586,18205.7,1606608,4628783,6235391,2012448,41027,467273,402878,0,0,0,-1,1007586,100,ok
DijkstraPrims,65,846,1191,1007586,18205.7,0,0,0,0,0,0,0,585385,584038,2494,1695.84,584038,57.9641,ok
BBMSCore,66,846,185,156510,21609.1,70656434,0,70656434,0,0,0,0,0,0,0,-1,156510,100,ok
BBMSInter,66,846,185,156510,21609.1,242764,1220960,1463724,311570,0,0,0,0,0,0,-1,156510,100,ok
BBMSDppInstant,66,846,185,156510,21609.1,242764,724166,966930,311570,8398,144176,8398,0,0,0,-1,156510,100,ok
BBMSDppStepwise,66,846,185,156510,21609.1,242764,724166,966930,311570,8398,81960,67708,0,0,0,-1,156510,100,ok
DijkstraPrims,66,846,185,156510,21609.1,0,0,0,0,0,0,0,13852,12863,1107,877.19,12863,8.21864,ok
BBMSCore,67,846,313,264798,32706.4,87040172,0,87040172,0,0,0,0,0,0,0,-1,264798,100,ok
BBMSInter,67,846,313,264798,32706.4,361536,3634609,3996145,528437,0,0,0,0,0,0,-1,264798,100,ok
BBMSDppInstant,67,846,313,264798,32706.4,361536,1303167,1664703,528437,31782,261718,31782,0,0,0,-1,264798,100,ok
BBMSDppStepwise,67,846,313,264798,32706.4,361536,1303167,1664703,528437,31782,179872,133641,0,0,0,-1,264798,100,ok
DijkstraPrims,67,846,313,264798,32706.4,0,0,0,0,0,0,0,104151,102423,2497,1717.54,102423,38.6797,ok
BBMSCore,68,846,1380,1167480,24596.6,1254589536,0,1254589536,0,0,0,0,0,0,0,-1,1167480,100,ok
BBMSInter,68,846,1380,1167480,24596.6,1517732,30547433,32065165,2331919,0,0,0,0,0,0,-1,1167480,100,ok
BBMSDppInstant,68,846,1380,1167480,24596.6,1517732,5880174,7397906,2331919,89058,1422481,89058,0,0,0,-1,1167480,100,ok
BBMSDppStepwise,68,846,1380,1167480,24596.6,1517732,5880174,7397906,2331919,89058,872585,739482,0,0,0,-1,1167480,100,ok
DijkstraPrims,68,846,1380,1167480,24596.6,0,0,0,0,0,0,0,371920,371123,2347,1598.99,371123,31.7884,ok
BBMSCore,69,846,1118,945828,126411,890028386,0,890028386,0,0,0,0,0,0,0,-1,945828,100,ok
BBMSInter,69,846,1118,945828,126411,1580344,24859672,26440016,1889291,0,0,0,0,0,0,-1,945828,100,ok
BBMSDppInstant,69,846,1118,945828,126411,1580344,4236538,5816882,1889291,107179,977599,107179,0,0,0,-1,945828,100,ok
BBMSDppStepwise,69,846,1118,945828,126411,1580344,4236538,5816882,1889291,107179,753872,630718,0,0,0,-1,945828,100,ok
DijkstraPrims,69,846,1118,945828,126411,0,0,0,0,0,0,0,32455,30298,2168,920.6,30298,3.20333,ok
BBMSCore,70,846,58,49068,20812.1,48489606,0,48489606,0,0,0,0,0,0,0,-1,49068,100,ok
BBMSInter,70,846,58,49068,20812.1,85758,680374,766132,96973,0,0,0,0,0,0,-1,49068,100,ok
BBMSDppInstant,70,846,58,49068,20812.1,85758,208503,294261,96973,2038,24058,2038,0,0,0,-1,49068,100,ok
BBMSDppStepwise,70,846,58,49068,20812.1,85758,208503,294261,96973,2038,21613,18891,0,0,0,-1,49068,100,ok
DijkstraPrims,70,846,58,49068,20812.1,0,0,0,0,0,0,0,6402,6241,465,280.253,6241,12.7191,ok
BBMSCore,71,846,1917,1621782,15978.9,1167772500,0,1167772500,0,0,0,0,0,0,0,-1,1621782,100,ok
BBMSInter,71,846,1917,1621782,15978.9,2622686,22424138,25046824,3239221,0,0,0,0,0,0,-1,1621782,100,ok
BBMSDppInstant,71,846,1917,1621782,15978.9,2622686,7399038,10021724,3239221,149197,1695803,149197,0,0,0,-1,1621782,100,ok
BBMSDppStepwise,71,846,1917,1621782,15978.9,2622686,7399038,10021724,3239221,149197,1191609,1004856,0,0,0,-1,1621782,100,ok
DijkstraPrims,71,846,1917,1621782,15978.9,0,0,0,0,0,0,0,1286563,1284141,4635,2461.58,1284141,79.1809,ok
BBMSCore,72,846,249,210654,32381.4,243381376,0,243381376,0,0,0,0,0,0,0,-1,210654,100,ok
BBMSInter,72,846,249,210654,32381.4,382580,4721316,5103896,419631,0,0,0,0,0,0,-1,210654,100,ok
BBMSDppInstant,72,846,249,210654,32381.4,382580,893044,1275624,419631,12686,58301,12686,0,0,0,-1,210654,100,ok
BBMSDppStepwise,72,846,249,210654,32381.4,382580,893044,1275624,419631,12686,55241,42023,0,0,0,-1,210654,100,ok
DijkstraPrims,72,846,249,210654,32381.4,0,0,0,0,0,0,0,171009,170609,497,270.309,170609,80.9902,ok
BBMSCore,73,846,455,384930,18303.2,283644228,0,283644228,0,0,0,0,0,0,0,-1,384930,100,ok
BBMSInter,73,846,455,384930,18303.2,600500,7069217,7669717,768173,0,0,0,0,0,0,-1,384930,100,ok
BBMSDppInstant,73,846,455,384930,18303.2,600500,1784654,2385154,768173,29900,806661,29900,0,0,0,-1,384930,100,ok
BBMSDppStepwise,73,846,455,384930,18303.2,600500,1784654,2385154,768173,29900,396297,354566,0,0,0,-1,384930,100,ok
DijkstraPrims,73,846,455,384930,18303.2,0,0,0,0,0,0,0,374547,373984,1129,627.445,373984,97.1564,ok
BBMSCore,74,846,20006,16925076,1.50197e+06,37169495796,0,37169495796,0,0,0,0,0,0,0,-1,16925076,100,ok
BBMSInter,74,846,20006,16925076,1.50197e+06,22552038,2740941293,2763493331,33817817,0,0,0,0,0,0,-1,16925076,100,ok
BBMSDppInstant,74,846,20006,16925076,1.50197e+06,22552038,84501514,107053552,33817817,1062682,28874102,1062682,0,0,0,-1,16925076,100,ok
BBMSDppStepwise,74,846,20006,16925076,1.50197e+06,22552038,84501514,107053552,33817817,1062682,13400931,11826564,0,0,0,-1,16925076,100,ok
DijkstraPrims,74,846,20006,16925076,1.50197e+06,0,0,0,0,0,0,0,9834901,9813741,28180,17362,9813741,57.9834,ok
BBMSCore,75,846,1899,1606554,2.08572e+07,1751959524,0,1751959524,0,0,0,0,0,0,0,-1,1606554,100,ok
BBMSInter,75,846,1899,1606554,2.08572e+07,1980996,48179537,50160533,3209993,0,0,0,0,0,0,-1,1606554,100,ok
BBMSDppInstant,75,846,1899,1606554,2.08572e+07,1980996,8255174,10236170,3209993,141272,3006030,141272,0,0,0,-1,1606554,100,ok
BBMSDppStepwise,75,846,1899,1606554,2.08572e+07,1980996,8255174,10236170,3209993,141272,1297532,1024455,0,0,0,-1,1606554,100,ok
DijkstraPrims,75,846,1899,1606554,2.08572e+07,0,0,0,0,0,0,0,452508,449907,3992,2947.27,449907,28.0045,ok
BBMSCore,76,846,63,53298,17959.9,42395656,0,42395656,0,0,0,0,0,0,0,-1,53298,100,ok
BBMSInter,76,846,63,53298,17959.9,83084,1622919,1706003,104827,0,0,0,0,0,0,-1,53298,100,ok
BBMSDppInstant,76,846,63,53298,17959.9,83084,242089,325173,104827,4217,41641,4217,0,0,0,-1,53298,100,ok
BBMSDppStepwise,76,846,63,53298,17959.9,83084,242089,325173,104827,4217,31789,25180,0,0,0,-1,53298,100,ok
DijkstraPrims,76,846,63,53298,17959.9,0,0,0,0,0,0,0,1683,1620,88,66.0383,1620,3.03951,ok
BBMSCore,77,846,2142,1812132,24242.9,2084613866,0,2084613866,0,0,0,0,0,0,0,-1,1812132,100,ok
BBMSInter,77,846,2142,1812132,24242.9,3154940,25533176,28688116,3620816,0,0,0,0,0,0,-1,1812132,100,ok
BBMSDppInstant,77,846,2142,1812132,24242.9,3154940,7931571,11086511,3620816,70057,1779374,70057,0,0,0,-1,1812132,100,ok
BBMSDppStepwise,77,846,2142,1812132,24242.9,3154940,7931571,11086511,3620816,70057,753178,663289,0,0,0,-1,1812132,100,ok
DijkstraPrims,77,846,2142,1812132,24242.9,0,0,0,0,0,0,0,633218,631081,4406,3113.26,631081,34.8253,ok
BBMSCore,78,903,199,179697,6315.7,64093574,0,64093574,0,0,0,0,0,0,0,-1,179697,100,ok
BBMSInter,78,903,199,179697,6315.7,242042,4616146,4858188,358032,0,0,0,0,0,0,-1,179697,100,ok
BBMSDppInstant,78,903,199,179697,6315.7,242042,887069,1129111,358032,16242,309996,16242,0,0,0,-1,179697,100,ok
BBMSDppStepwise,78,903,199,179697,6315.7,242042,887069,1129111,358032,16242,127934,109947,0,0,0,-1,179697,100,ok
DijkstraPrims,78,903,199,179697,6315.7,0,0,0,0,0,0,0,179376,179243,694,390.625,179243,99.7474,ok
BBMSCore,79,903,223,201369,13972.7,42383238,0,42383238,0,0,0,0,0,0,0,-1,201369,100,ok
BBMSInter,79,903,223,201369,13972.7,135082,3408888,3543970,401412,0,0,0,0,0,0,-1,201369,100,ok
BBMSDppInstant,79,903,223,201369,13972.7,135082,1199084,1334166,401412,13822,401836,13822,0,0,0,-1,201369,100,ok
BBMSDppStepwise,79,903,223,201369,13972.7,135082,1199084,1334166,401412,13822,187532,160108,0,0,0,-1,201369,100,ok
DijkstraPrims,79,903,223,201369,13972.7,0,0,0,0,0,0,0,201369,201368,915,564.326,201368,99.9995,ok
BBMSCore,80,903,154,139062,17751.6,77730412,0,77730412,0,0,0,0,0,0,0,-1,139062,100,ok
BBMSInter,80,903,154,139062,17751.6,211866,5372445,5584311,276540,0,0,0,0,0,0,-1,139062,100,ok
BBMSDppInstant,80,903,154,139062,17751.6,211866,648229,860095,276540,8973,109177,8973,0,0,0,-1,139062,100,ok
BBMSDppStepwise,80,903,154,139062,17751.6,211866,648229,860095,276540,8973,91716,80723,0,0,0,-1,139062,100,ok
DijkstraPrims,80,903,154,139062,17751.6,0,0,0,0,0,0,0,46734,46165,717,426.832,46165,33.1974,ok
BBMSCore,81,903,1128,1018584,13653.5,1058571630,0,1058571630,0,0,0,0,0,0,0,-1,1018584,100,ok
BBMSInter,81,903,1128,1018584,13653.5,1403790,7421978,8825768,2034355,0,0,0,0,0,0,-1,1018584,100,ok
BBMSDppInstant,81,903,1128,1018584,13653.5,1403790,5010103,6413893,2034355,10880,2070350,10880,0,0,0,-1,1018584,100,ok
BBMSDppStepwise,81,903,1128,1018584,13653.5,1403790,5010103,6413893,2034355,10880,456241,414952,0,0,0,-1,1018584,100,ok
DijkstraPrims,81,903,1128,1018584,13653.5,0,0,0,0,0,0,0,704695,703170,2222,1653.63,703170,69.0341,ok
BBMSCore,82,903,1191,1075473,14608.7,804427248,0,804427248,0,0,0,0,0,0,0,-1,1075473,100,ok
BBMSInter,82,903,1191,1075473,14608.7,1461964,8663277,10125241,2147895,0,0,0,0,0,0,-1,1075473,100,ok
BBMSDppInstant,82,903,1191,1075473,14608.7,1461964,5320697,6782661,2147895,18241,2984963,18241,0,0,0,-1,1075473,100,ok
BBMSDppStepwise,82,903,1191,1075473,14608.7,1461964,5320697,6782661,2147895,18241,687889,608033,0,0,0,-1,1075473,100,ok
DijkstraPrims,82,903,1191,1075473,14608.7,0,0,0,0,0,0,0,539686,537576,2317,1521.55,537576,49.9851,ok
BBMSCore,83,903,185,167055,29191.9,79529378,0,79529378,0,0,0,0,0,0,0,-1,167055,100,ok
BBMSInter,83,903,185,167055,29191.9,228038,1274335,1502373,332438,0,0,0,0,0,0,-1,167055,100,ok
BBMSDppInstant,83,903,185,167055,29191.9,228038,819717,1047755,332438,2583,724080,2583,0,0,0,-1,167055,100,ok
BBMSDppStepwise,83,903,185,167055,29191.9,228038,819717,1047755,332438,2583,113822,87010,0,0,0,-1,167055,100,ok
DijkstraPrims,83,903,185,167055,29191.9,0,0,0,0,0,0,0,127456,126840,1042,879.218,126840,75.9271,ok
BBMSCore,84,903,313,282639,33440.9,107384158,0,107384158,0,0,0,0,0,0,0,-1,282639,100,ok
BBMSInter,84,903,313,282639,33440.9,339458,3122453,3461911,563751,0,0,0,0,0,0,-1,282639,100,ok
BBMSDppInstant,84,903,313,282639,33440.9,339458,1460780,1800238,563751,11303,225381,11303,0,0,0,-1,282639,100,ok
BBMSDppStepwise,84,903,313,282639,33440.9,339458,1460780,1800238,563751,11303,149829,130362,0,0,0,-1,282639,100,ok
DijkstraPrims,84,903,313,282639,33440.9,0,0,0,0,0,0,0,198341,197270,1190,897.344,197270,69.7957,ok
BBMSCore,85,903,1380,1246140,26545.8,1488972496,0,1488972496,0,0,0,0,0,0,0,-1,1246140,100,ok
BBMSInter,85,903,1380,1246140,26545.8,1619618,12260937,13880555,2488750,0,0,0,0,0,0,-1,1246140,100,ok
BBMSDppInstant,85,903,1380,1246140,26545.8,1619618,6277577,7897195,2488750,25358,5217206,25358,0,0,0,-1,1246140,100,ok
BBMSDppStepwise,85,903,1380,1246140,26545.8,1619618,6277577,7897195,2488750,25358,877215,742384,0,0,0,-1,1246140,100,ok
DijkstraPrims,85,903,1380,1246140,26545.8,0,0,0,0,0,0,0,782192,780801,2561,1899.93,780801,62.6576,ok
BBMSCore,86,903,1118,1009554,124733,891976956,0,891976956,0,0,0,0,0,0,0,-1,1009554,100,ok
BBMSInter,86,903,1118,1009554,124733,1613030,28324404,29937434,2015587,0,0,0,0,0,0,-1,1009554,100,ok
BBMSDppInstant,86,903,1118,1009554,124733,1613030,4633192,6246222,2015587,93402,1397972,93402,0,0,0,-1,1009554,100,ok
BBMSDppStepwise,86,903,1118,1009554,124733,1613030,4633192,6246222,2015587,93402,1031239,931512,0,0,0,-1,1009554,100,ok
DijkstraPrims,86,903,1118,1009554,124733,0,0,0,0,0,0,0,562684,560050,3163,2207.93,560050,55.475,ok
BBMSCore,87,903,58,52374,19237.7,60633662,0,60633662,0,0,0,0,0,0,0,-1,52374,100,ok
BBMSInter,87,903,58,52374,19237.7,90664,1155201,1245865,103763,0,0,0,0,0,0,-1,52374,100,ok
BBMSDppInstant,87,903,58,52374,19237.7,90664,223901,314565,103763,2112,20480,2112,0,0,0,-1,52374,100,ok
BBMSDppStepwise,87,903,58,52374,19237.7,90664,223901,314565,103763,2112,19442,17231,0,0,0,-1,52374,100,ok
DijkstraPrims,87,903,58,52374,19237.7,0,0,0,0,0,0,0,46319,46160,444,120.844,46160,88.1353,ok
BBMSCore,88,903,1917,1731051,12173.9,2539125470,0,2539125470,0,0,0,0,0,0,0,-1,1731051,100,ok
BBMSInter,88,903,1917,1731051,12173.9,2655242,20358151,23013393,3457416,0,0,0,0,0,0,-1,1731051,100,ok
BBMSDppInstant,88,903,1917,1731051,12173.9,2655242,8114750,10769992,3457416,75432,2036743,75432,0,0,0,-1,1731051,100,ok
BBMSDppStepwise,88,903,1917,1731051,12173.9,2655242,8114750,10769992,3457416,75432,1148436,1031416,0,0,0,-1,1731051,100,ok
DijkstraPrims,88,903,1917,1731051,12173.9,0,0,0,0,0,0,0,1710701,1710152,3048,2014.88,1710152,98.7927,ok
BBMSCore,89,903,249,224847,15815.5,48973336,0,48973336,0,0,0,0,0,0,0,-1,224847,100,ok
BBMSInter,89,903,249,224847,15815.5,111012,5675238,5786250,447653,0,0,0,0,0,0,-1,224847,100,ok
BBMSDppInstant,89,903,249,224847,15815.5,111012,1399353,1510365,447653,16267,352370,16267,0,0,0,-1,224847,100,ok
BBMSDppStepwise,89,903,249,224847,15815.5,111012,1399353,1510365,447653,16267,231102,207760,0,0,0,-1,224847,100,ok
DijkstraPrims,89,903,249,224847,15815.5,0,0,0,0,0,0,0,224835,224818,882,410.005,224818,99.9871,ok
BBMSCore,90,903,455,410865,13305.7,439271546,0,439271546,0,0,0,0,0,0,0,-1,410865,100,ok
BBMSInter,90,903,455,410865,13305.7,651980,6962239,7614219,819616,0,0,0,0,0,0,-1,410865,100,ok
BBMSDppInstant,90,903,455,410865,13305.7,651980,1888582,2540562,819616,22136,379835,22136,0,0,0,-1,410865,100,ok
BBMSDppStepwise,90,903,455,410865,13305.7,651980,1888582,2540562,819616,22136,218824,187349,0,0,0,-1,410865,100,ok
DijkstraPrims,90,903,455,410865,13305.7,0,0,0,0,0,0,0,350575,350021,1202,651.564,350021,85.1912,ok
BBMSCore,91,903,20006,18065418,1.4961e+06,189416478712,0,189416478712,0,0,0,0,0,0,0,-1,18065418,100,ok
BBMSInter,91,903,20006,18065418,1.4961e+06,26663058,721892600,748555658,36109196,0,0,0,0,0,0,-1,18065418,100,ok
BBMSDppInstant,91,903,20006,18065418,1.4961e+06,26663058,86316981,112980039,36109196,369732,62676406,369732,0,0,0,-1,18065418,100,ok
BBMSDppStepwise,91,903,20006,18065418,1.4961e+06,26663058,86316981,112980039,36109196,369732,11187302,10182559,0,0,0,-1,18065418,100,ok
DijkstraPrims,91,903,20006,18065418,1.4961e+06,0,0,0,0,0,0,0,9006338,8992673,13738,5646.34,8992673,49.7784,ok
BBMSCore,92,903,1899,1714797,2.0864e+07,4061619180,0,4061619180,0,0,0,0,0,0,0,-1,1714797,100,ok
BBMSInter,92,903,1899,1714797,2.0864e+07,2804982,26365966,29170948,3424844,0,0,0,0,0,0,-1,1714797,100,ok
BBMSDppInstant,92,903,1899,1714797,2.0864e+07,2804982,7776498,10581480,3424844,59214,2746379,59214,0,0,0,-1,1714797,100,ok
BBMSDppStepwise,92,903,1899,1714797,2.0864e+07,2804982,7776498,10581480,3424844,59214,718695,585893,0,0,0,-1,1714797,100,ok
DijkstraPrims,92,903,1899,1714797,2.0864e+07,0,0,0,0,0,0,0,1045384,1044320,1865,1285.07,1044320,60.9005,ok
BBMSCore,93,903,63,56889,18441.2,41084622,0,41084622,0,0,0,0,0,0,0,-1,56889,100,ok
BBMSInter,93,903,63,56889,18441.2,92808,1131373,1224181,112245,0,0,0,0,0,0,-1,56889,100,ok
BBMSDppInstant,93,903,63,56889,18441.2,92808,252254,345062,112245,2324,27980,2324,0,0,0,-1,56889,100,ok
BBMSDppStepwise,93,903,63,56889,18441.2,92808,252254,345062,112245,2324,25058,22397,0,0,0,-1,56889,100,ok
DijkstraPrims,93,903,63,56889,18441.2,0,0,0,0,0,0,0,28432,28185,491,252.234,28185,49.5438,ok
BBMSCore,94,903,2142,1934226,18826.4,2662806456,0,2662806456,0,0,0,0,0,0,0,-1,1934226,100,ok
BBMSInter,94,903,2142,1934226,18826.4,3077068,22462483,25539551,3864320,0,0,0,0,0,0,-1,1934226,100,ok
BBMSDppInstant,94,903,2142,1934226,18826.4,3077068,8902667,11979735,3864320,34361,8897380,34361,0,0,0,-1,1934226,100,ok
BBMSDppStepwise,94,903,2142,1934226,18826.4,3077068,8902667,11979735,3864320,34361,838920,680606,0,0,0,-1,1934226,100,ok
DijkstraPrims,94,903,2142,1934226,18826.4,0,0,0,0,0,0,0,1472057,1470766,2735,2147.46,1470766,76.039,ok
BBMSCore,95,199,223,44377,9855.04,5366286,0,5366286,0,0,0,0,0,0,0,-1,44377,100,ok
BBMSInter,95,199,223,44377,9855.04,32718,854671,887389,88180,0,0,0,0,0,0,-1,44377,100,ok
BBMSDppInstant,95,199,223,44377,9855.04,32718,258614,291332,88180,6684,61147,6684,0,0,0,-1,44377,100,ok
BBMSDppStepwise,95,199,223,44377,9855.04,32718,258614,291332,88180,6684,44676,35229,0,0,0,-1,44377,100,ok
DijkstraPrims,95,199,223,44377,9855.04,0,0,0,0,0,0,0,44377,44372,527,358.041,44372,99.9887,ok
BBMSCore,96,199,154,30646,16475.4,5724668,0,5724668,0,0,0,0,0,0,0,-1,30646,100,ok
BBMSInter,96,199,154,30646,16475.4,39078,395742,434820,60778,0,0,0,0,0,0,-1,30646,100,ok
BBMSDppInstant,96,199,154,30646,16475.4,39078,153439,192517,60778,3563,32882,3563,0,0,0,-1,30646,100,ok
BBMSDppStepwise,96,199,154,30646,16475.4,39078,153439,192517,60778,3563,23071,17882,0,0,0,-1,30646,100,ok
DijkstraPrims,96,199,154,30646,16475.4,0,0,0,0,0,0,0,27501,27261,402,295.413,27261,88.9545,ok
BBMSCore,97,199,1128,224472,15950.9,67400574,0,67400574,0,0,0,0,0,0,0,-1,224472,100,ok
BBMSInter,97,199,1128,224472,15950.9,315848,3038401,3354249,447337,0,0,0,0,0,0,-1,224472,100,ok
BBMSDppInstant,97,199,1128,224472,15950.9,315848,1088241,1404089,447337,12663,257804,12663,0,0,0,-1,224472,100,ok
BBMSDppStepwise,97,199,1128,224472,15950.9,315848,1088241,1404089,447337,12663,128745,112082,0,0,0,-1,224472,100,ok
DijkstraPrims,97,199,1128,224472,15950.9,0,0,0,0,0,0,0,189847,189278,1113,697.039,189278,84.3214,ok
BBMSCore,98,199,1191,237009,14823.7,69053678,0,69053678,0,0,0,0,0,0,0,-1,237009,100,ok
BBMSInter,98,199,1191,237009,14823.7,300340,4219136,4519476,472366,0,0,0,0,0,0,-1,237009,100,ok
BBMSDppInstant,98,199,1191,237009,14823.7,300340,1198817,1499157,472366,18009,442973,18009,0,0,0,-1,237009,100,ok
BBMSDppStepwise,98,199,1191,237009,14823.7,300340,1198817,1499157,472366,18009,187276,158465,0,0,0,-1,237009,100,ok
DijkstraPrims,98,199,1191,237009,14823.7,0,0,0,0,0,0,0,205259,204391,940,556.926,204391,86.2377,ok
BBMSCore,99,199,185,36815,29246.6,6730912,0,6730912,0,0,0,0,0,0,0,-1,36815,100,ok
BBMSInter,99,199,185,36815,29246.6,35664,359317,394981,73082,0,0,0,0,0,0,-1,36815,100,ok
BBMSDppInstant,99,199,185,36815,29246.6,35664,201527,237191,73082,2863,89681,2863,0,0,0,-1,36815,100,ok
BBMSDppStepwise,99,199,185,36815,29246.6,35664,201527,237191,73082,2863,31704,24853,0,0,0,-1,36815,100,ok
DijkstraPrims,99,199,185,36815,29246.6,0,0,0,0,0,0,0,35113,34955,419,262.513,34955,94.9477,ok
BBMSCore,100,199,313,62287,32765.9,8781954,0,8781954,0,0,0,0,0,0,0,-1,62287,100,ok
BBMSInter,100,199,313,62287,32765.9,42870,1245467,1288337,124062,0,0,0,0,0,0,-1,62287,100,ok
BBMSDppInstant,100,199,313,62287,32765.9,42870,368125,410995,124062,8954,118457,8954,0,0,0,-1,62287,100,ok
BBMSDppStepwise,100,199,313,62287,32765.9,42870,368125,410995,124062,8954,69574,52853,0,0,0,-1,62287,100,ok
DijkstraPrims,100,199,313,62287,32765.9,0,0,0,0,0,0,0,62287,62287,751,508.136,62287,100,ok
BBMSCore,101,199,1380,274620,28611.2,69024688,0,69024688,0,0,0,0,0,0,0,-1,274620,100,ok
BBMSInter,101,199,1380,274620,28611.2,236068,7444395,7680463,547661,0,0,0,0,0,0,-1,274620,100,ok
BBMSDppInstant,101,199,1380,274620,28611.2,236068,1557187,1793255,547661,26965,726651,26965,0,0,0,-1,274620,100,ok
BBMSDppStepwise,101,199,1380,274620,28611.2,236068,1557187,1793255,547661,26965,267722,214031,0,0,0,-1,274620,100,ok
DijkstraPrims,101,199,1380,274620,28611.2,0,0,0,0,0,0,0,274620,274620,1685,868.298,274620,100,ok
BBMSCore,102,199,1118,222482,123778,51602374,0,51602374,0,0,0,0,0,0,0,-1,222482,100,ok
BBMSInter,102,199,1118,222482,123778,297098,6141668,6438766,443479,0,0,0,0,0,0,-1,222482,100,ok
BBMSDppInstant,102,199,1118,222482,123778,297098,1102514,1399612,443479,41929,314362,41929,0,0,0,-1,222482,100,ok
BBMSDppStepwise,102,199,1118,222482,123778,297098,1102514,1399612,443479,41929,243106,192089,0,0,0,-1,222482,100,ok
DijkstraPrims,102,199,1118,222482,123778,0,0,0,0,0,0,0,34368,32886,1582,810.655,32886,14.7814,ok
BBMSCore,103,199,58,11542,17535.1,3110158,0,3110158,0,0,0,0,0,0,0,-1,11542,100,ok
BBMSInter,103,199,58,11542,17535.1,18800,75723,94523,22827,0,0,0,0,0,0,-1,11542,100,ok
BBMSDppInstant,103,199,58,11542,17535.1,18800,50801,69601,22827,656,4395,656,0,0,0,-1,11542,100,ok
BBMSDppStepwise,103,199,58,11542,17535.1,18800,50801,69601,22827,656,3567,2710,0,0,0,-1,11542,100,ok
DijkstraPrims,103,199,58,11542,17535.1,0,0,0,0,0,0,0,10164,10105,105,69.4215,10105,87.5498,ok
BBMSCore,104,199,1917,381483,11036.6,67911372,0,67911372,0,0,0,0,0,0,0,-1,381483,100,ok
BBMSInter,104,199,1917,381483,11036.6,439538,8747069,9186607,760850,0,0,0,0,0,0,-1,381483,100,ok
BBMSDppInstant,104,199,1917,381483,11036.6,439538,1996268,2435806,760850,58749,825926,58749,0,0,0,-1,381483,100,ok
BBMSDppStepwise,104,199,1917,381483,11036.6,439538,1996268,2435806,760850,58749,434551,347184,0,0,0,-1,381483,100,ok
DijkstraPrims,104,199,1917,381483,11036.6,0,0,0,0,0,0,0,381367,381290,2278,1003.12,381290,99.9494,ok
BBMSCore,105,199,249,49551,9700.25,10889522,0,10889522,0,0,0,0,0,0,0,-1,49551,100,ok
BBMSInter,105,199,249,49551,9700.25,61440,830729,892169,98329,0,0,0,0,0,0,-1,49551,100,ok
BBMSDppInstant,105,199,249,49551,9700.25,61440,251567,313007,98329,7888,52525,7888,0,0,0,-1,49551,100,ok
BBMSDppStepwise,105,199,249,49551,9700.25,61440,251567,313007,98329,7888,40909,31046,0,0,0,-1,49551,100,ok
DijkstraPrims,105,199,249,49551,9700.25,0,0,0,0,0,0,0,30415,29929,616,388.516,29929,60.4004,ok
BBMSCore,106,199,455,90545,10156.3,23506822,0,23506822,0,0,0,0,0,0,0,-1,90545,100,ok
BBMSInter,106,199,455,90545,10156.3,139110,794346,933456,180239,0,0,0,0,0,0,-1,90545,100,ok
BBMSDppInstant,106,199,455,90545,10156.3,139110,420578,559688,180239,7458,70773,7458,0,0,0,-1,90545,100,ok
BBMSDppStepwise,106,199,455,90545,10156.3,139110,420578,559688,180239,7458,48584,37062,0,0,0,-1,90545,100,ok
DijkstraPrims,106,199,455,90545,10156.3,0,0,0,0,0,0,0,30891,30223,980,782.834,30223,33.379,ok
BBMSCore,107,199,20006,3981194,1.49739e+06,79740189196,0,79740189196,0,0,0,0,0,0,0,-1,3981194,100,ok
BBMSInter,107,199,20006,3981194,1.49739e+06,6768032,3540070855,3546838887,7922091,0,0,0,0,0,0,-1,3981194,100,ok
BBMSDppInstant,107,199,20006,3981194,1.49739e+06,6768032,17574879,24342911,7922091,327270,2639155,327270,0,0,0,-1,3981194,100,ok
BBMSDppStepwise,107,199,20006,3981194,1.49739e+06,6768032,17574879,24342911,7922091,327270,2401432,2061312,0,0,0,-1,3981194,100,ok
DijkstraPrims,107,199,20006,3981194,1.49739e+06,0,0,0,0,0,0,0,1773548,1773083,4424,993.43,1773083,44.5365,ok
BBMSCore,108,199,1899,377901,2.08682e+07,127144104,0,127144104,0,0,0,0,0,0,0,-1,377901,100,ok
BBMSInter,108,199,1899,377901,2.08682e+07,413416,13028730,13442146,753616,0,0,0,0,0,0,-1,377901,100,ok
BBMSDppInstant,108,199,1899,377901,2.08682e+07,413416,2010503,2423919,753616,56721,652536,56721,0,0,0,-1,377901,100,ok
BBMSDppStepwise,108,199,1899,377901,2.08682e+07,413416,2010503,2423919,753616,56721,372529,291798,0,0,0,-1,377901,100,ok
DijkstraPrims,108,199,1899,377901,2.08682e+07,0,0,0,0,0,0,0,377901,377897,1590,711.758,377897,99.9989,ok
BBMSCore,109,199,63,12537,17124.1,2311918,0,2311918,0,0,0,0,0,0,0,-1,12537,100,ok
BBMSInter,109,199,63,12537,17124.1,17590,103557,121147,24623,0,0,0,0,0,0,-1,12537,100,ok
BBMSDppInstant,109,199,63,12537,17124.1,17590,59546,77136,24623,1226,11726,1226,0,0,0,-1,12537,100,ok
BBMSDppStepwise,109,199,63,12537,17124.1,17590,59546,77136,24623,1226,9137,7363,0,0,0,-1,12537,100,ok
DijkstraPrims,109,199,63,12537,17124.1,0,0,0,0,0,0,0,12237,12147,175,112.104,12147,96.8892,ok
BBMSCore,110,199,2142,426258,18974.3,148319752,0,148319752,0,0,0,0,0,0,0,-1,426258,100,ok
BBMSInter,110,199,2142,426258,18974.3,568770,9549176,10117946,850175,0,0,0,0,0,0,-1,426258,100,ok
BBMSDppInstant,110,199,2142,426258,18974.3,568770,2114270,2683040,850175,26813,553656,26813,0,0,0,-1,426258,100,ok
BBMSDppStepwise,110,199,2142,426258,18974.3,568770,2114270,2683040,850175,26813,242638,203527,0,0,0,-1,426258,100,ok
DijkstraPrims,110,199,2142,426258,18974.3,0,0,0,0,0,0,0,397637,397263,1513,1026.57,397263,93.1978,ok
BBMSCore,111,223,154,34342,12245.3,10084458,0,10084458,0,0,0,0,0,0,0,-1,34342,100,ok
BBMSInter,111,223,154,34342,12245.3,50802,437833,488635,68114,0,0,0,0,0,0,-1,34342,100,ok
BBMSDppInstant,111,223,154,34342,12245.3,50802,161558,212360,68114,2383,24148,2383,0,0,0,-1,34342,100,ok
BBMSDppStepwise,111,223,154,34342,12245.3,50802,161558,212360,68114,2383,16716,13247,0,0,0,-1,34342,100,ok
DijkstraPrims,111,223,154,34342,12245.3,0,0,0,0,0,0,0,17487,17220,294,232.16,17220,50.1427,ok
BBMSCore,112,223,1128,251544,19067.9,99595264,0,99595264,0,0,0,0,0,0,0,-1,251544,100,ok
BBMSInter,112,223,1128,251544,19067.9,452822,1413059,1865881,501586,0,0,0,0,0,0,-1,251544,100,ok
BBMSDppInstant,112,223,1128,251544,19067.9,452822,1072123,1524945,501586,4151,151120,4151,0,0,0,-1,251544,100,ok
BBMSDppStepwise,112,223,1128,251544,19067.9,452822,1072123,1524945,501586,4151,61879,54155,0,0,0,-1,251544,100,ok
DijkstraPrims,112,223,1128,251544,19067.9,0,0,0,0,0,0,0,81504,80466,1114,1021.57,80466,31.9888,ok
BBMSCore,113,223,1191,265593,15774.7,275084376,0,275084376,0,0,0,0,0,0,0,-1,265593,100,ok
BBMSInter,113,223,1191,265593,15774.7,458994,7843558,8302552,529554,0,0,0,0,0,0,-1,265593,100,ok
BBMSDppInstant,113,223,1191,265593,15774.7,458994,1160727,1619721,529554,14020,559613,14020,0,0,0,-1,265593,100,ok
BBMSDppStepwise,113,223,1191,265593,15774.7,458994,1160727,1619721,529554,14020,152841,137217,0,0,0,-1,265593,100,ok
DijkstraPrims,113,223,1191,265593,15774.7,0,0,0,0,0,0,0,101714,101001,887,604.209,101001,38.0285,ok
BBMSCore,114,223,185,41255,23153.4,8346814,0,8346814,0,0,0,0,0,0,0,-1,41255,100,ok
BBMSInter,114,223,185,41255,23153.4,48672,330627,379299,81945,0,0,0,0,0,0,-1,41255,100,ok
BBMSDppInstant,114,223,185,41255,23153.4,48672,212925,261597,81945,2316,62601,2316,0,0,0,-1,41255,100,ok
BBMSDppStepwise,114,223,185,41255,23153.4,48672,212925,261597,81945,2316,35016,30141,0,0,0,-1,41255,100,ok
DijkstraPrims,114,223,185,41255,23153.4,0,0,0,0,0,0,0,24088,23821,269,226.641,23821,57.7409,ok
BBMSCore,115,223,313,69799,26409.5,14824416,0,14824416,0,0,0,0,0,0,0,-1,69799,100,ok
BBMSInter,115,223,313,69799,26409.5,68562,836627,905189,139062,0,0,0,0,0,0,-1,69799,100,ok
BBMSDppInstant,115,223,313,69799,26409.5,68562,382003,450565,139062,8751,112676,8751,0,0,0,-1,69799,100,ok
BBMSDppStepwise,115,223,313,69799,26409.5,68562,382003,450565,139062,8751,66426,50825,0,0,0,-1,69799,100,ok
DijkstraPrims,115,223,313,69799,26409.5,0,0,0,0,0,0,0,46468,46091,488,381.732,46091,66.0339,ok
BBMSCore,116,223,1380,307740,24019.7,103693158,0,103693158,0,0,0,0,0,0,0,-1,307740,100,ok
BBMSInter,116,223,1380,307740,24019.7,303136,6736495,7039631,613877,0,0,0,0,0,0,-1,307740,100,ok
BBMSDppInstant,116,223,1380,307740,24019.7,303136,1688260,1991396,613877,18306,443711,18306,0,0,0,-1,307740,100,ok
BBMSDppStepwise,116,223,1380,307740,24019.7,303136,1688260,1991396,613877,18306,278444,246117,0,0,0,-1,307740,100,ok
DijkstraPrims,116,223,1380,307740,24019.7,0,0,0,0,0,0,0,307121,306990,1343,634.464,306990,99.7563,ok
BBMSCore,117,223,1118,249314,114783,362012948,0,362012948,0,0,0,0,0,0,0,-1,249314,100,ok
BBMSInter,117,223,1118,249314,114783,452638,7867986,8320624,497241,0,0,0,0,0,0,-1,249314,100,ok
BBMSDppInstant,117,223,1118,249314,114783,452638,1056860,1509498,497241,16882,132597,16882,0,0,0,-1,249314,100,ok
BBMSDppStepwise,117,223,1118,249314,114783,452638,1056860,1509498,497241,16882,120972,102918,0,0,0,-1,249314,100,ok
DijkstraPrims,117,223,1118,249314,114783,0,0,0,0,0,0,0,26941,26426,575,360.449,26426,10.5995,ok
BBMSCore,118,223,58,12934,10314.7,4295944,0,4295944,0,0,0,0,0,0,0,-1,12934,100,ok
BBMSInter,118,223,58,12934,10314.7,23276,91700,114976,25587,0,0,0,0,0,0,-1,12934,100,ok
BBMSDppInstant,118,223,58,12934,10314.7,23276,53663,76939,25587,556,2969,556,0,0,0,-1,12934,100,ok
BBMSDppStepwise,118,223,58,12934,10314.7,23276,53663,76939,25587,556,2461,1788,0,0,0,-1,12934,100,ok
DijkstraPrims,118,223,58,12934,10314.7,0,0,0,0,0,0,0,976,695,293,167.873,695,5.37343,ok
BBMSCore,119,223,1917,427491,7706.29,112368432,0,112368432,0,0,0,0,0,0,0,-1,427491,100,ok
BBMSInter,119,223,1917,427491,7706.29,642506,5081082,5723588,852842,0,0,0,0,0,0,-1,427491,100,ok
BBMSDppInstant,119,223,1917,427491,7706.29,642506,2013702,2656208,852842,41650,391882,41650,0,0,0,-1,427491,100,ok
BBMSDppStepwise,119,223,1917,427491,7706.29,642506,2013702,2656208,852842,41650,291780,240391,0,0,0,-1,427491,100,ok
DijkstraPrims,119,223,1917,427491,7706.29,0,0,0,0,0,0,0,78357,76214,2205,1792.43,76214,17.8282,ok
BBMSCore,120,223,249,55527,13534.2,11426986,0,11426986,0,0,0,0,0,0,0,-1,55527,100,ok
BBMSInter,120,223,249,55527,13534.2,101094,531042,632136,110418,0,0,0,0,0,0,-1,55527,100,ok
BBMSDppInstant,120,223,249,55527,13534.2,101094,233734,334828,110418,3573,25948,3573,0,0,0,-1,55527,100,ok
BBMSDppStepwise,120,223,249,55527,13534.2,101094,233734,334828,110418,3573,25312,21616,0,0,0,-1,55527,100,ok
DijkstraPrims,120,223,249,55527,13534.2,0,0,0,0,0,0,0,8675,8198,573,479.417,8198,14.764,ok
BBMSCore,121,223,455,101465,2486.95,32119742,0,32119742,0,0,0,0,0,0,0,-1,101465,100,ok
BBMSInter,121,223,455,101465,2486.95,182668,825321,1007989,202077,0,0,0,0,0,0,-1,101465,100,ok
BBMSDppInstant,121,223,455,101465,2486.95,182668,431507,614175,202077,5174,48153,5174,0,0,0,-1,101465,100,ok
BBMSDppStepwise,121,223,455,101465,2486.95,182668,431507,614175,202077,5174,39231,32959,0,0,0,-1,101465,100,ok
DijkstraPrims,121,223,455,101465,2486.95,0,0,0,0,0,0,0,5158,4584,615,535.378,4584,4.51781,ok
BBMSCore,122,223,20006,4461338,1.50421e+06,3524233756,0,3524233756,0,0,0,0,0,0,0,-1,4461338,100,ok
BBMSInter,122,223,20006,4461338,1.50421e+06,5269344,392711848,397981192,8891409,0,0,0,0,0,0,-1,4461338,100,ok
BBMSDppInstant,122,223,20006,4461338,1.50421e+06,5269344,23183751,28453095,8891409,314093,6868220,314093,0,0,0,-1,4461338,100,ok
BBMSDppStepwise,122,223,20006,4461338,1.50421e+06,5269344,23183751,28453095,8891409,314093,2933186,2429229,0,0,0,-1,4461338,100,ok
DijkstraPrims,122,223,20006,4461338,1.50421e+06,0,0,0,0,0,0,0,2760184,2749066,11169,2815,2749066,61.6198,ok
BBMSCore,123,223,1899,423477,2.08668e+07,107673116,0,107673116,0,0,0,0,0,0,0,-1,423477,100,ok
BBMSInter,123,223,1899,423477,2.08668e+07,360324,4923902,5284226,844670,0,0,0,0,0,0,-1,423477,100,ok
BBMSDppInstant,123,223,1899,423477,2.08668e+07,360324,2409005,2769329,844670,33680,979756,33680,0,0,0,-1,423477,100,ok
BBMSDppStepwise,123,223,1899,423477,2.08668e+07,360324,2409005,2769329,844670,33680,435603,351734,0,0,0,-1,423477,100,ok
DijkstraPrims,123,223,1899,423477,2.08668e+07,0,0,0,0,0,0,0,422359,422264,1150,640.587,422264,99.7136,ok
BBMSCore,124,223,63,14049,12758.3,3485502,0,3485502,0,0,0,0,0,0,0,-1,14049,100,ok
BBMSInter,124,223,63,14049,12758.3,19104,147531,166635,27812,0,0,0,0,0,0,-1,14049,100,ok
BBMSDppInstant,124,223,63,14049,12758.3,19104,67689,86793,27812,906,18724,906,0,0,0,-1,14049,100,ok
BBMSDppStepwise,124,223,63,14049,12758.3,19104,67689,86793,27812,906,8955,6917,0,0,0,-1,14049,100,ok
DijkstraPrims,124,223,63,14049,12758.3,0,0,0,0,0,0,0,10109,9948,171,98.8433,9948,70.8093,ok
BBMSCore,125,223,2142,477666,14714.3,160000542,0,160000542,0,0,0,0,0,0,0,-1,477666,100,ok
BBMSInter,125,223,2142,477666,14714.3,610130,5531582,6141712,952967,0,0,0,0,0,0,-1,477666,100,ok
BBMSDppInstant,125,223,2142,477666,14714.3,610130,2411914,3022044,952967,22213,616130,22213,0,0,0,-1,477666,100,ok
BBMSDppStepwise,125,223,2142,477666,14714.3,610130,2411914,3022044,952967,22213,314204,274753,0,0,0,-1,477666,100,ok
DijkstraPrims,125,223,2142,477666,14714.3,0,0,0,0,0,0,0,470851,470557,1442,843.124,470557,98.5117,ok
BBMSCore,126,154,1128,173712,30770.1,50632932,0,50632932,0,0,0,0,0,0,0,-1,173712,100,ok
BBMSInter,126,154,1128,173712,30770.1,336758,798031,1134789,346055,0,0,0,0,0,0,-1,173712,100,ok
BBMSDppInstant,126,154,1128,173712,30770.1,336758,701879,1038637,346055,1255,9964,1255,0,0,0,-1,173712,100,ok
BBMSDppStepwise,126,154,1128,173712,30770.1,336758,701879,1038637,346055,1255,6485,4380,0,0,0,-1,173712,100,ok
DijkstraPrims,126,154,1128,173712,30770.1,0,0,0,0,0,0,0,11339,10041,1404,1219.09,10041,5.78026,ok
BBMSCore,127,154,1191,183414,27351.5,221664362,0,221664362,0,0,0,0,0,0,0,-1,183414,100,ok
BBMSInter,127,154,1191,183414,27351.5,344992,4944438,5289430,365296,0,0,0,0,0,0,-1,183414,100,ok
BBMSDppInstant,127,154,1191,183414,27351.5,344992,756958,1101950,365296,6349,62548,6349,0,0,0,-1,183414,100,ok
BBMSDppStepwise,127,154,1191,183414,27351.5,344992,756958,1101950,365296,6349,59038,51800,0,0,0,-1,183414,100,ok
DijkstraPrims,127,154,1191,183414,27351.5,0,0,0,0,0,0,0,6143,4915,1337,728.987,4915,2.67973,ok
BBMSCore,128,154,185,28490,13453.9,4189644,0,4189644,0,0,0,0,0,0,0,-1,28490,100,ok
BBMSInter,128,154,185,28490,13453.9,36114,266666,302780,56565,0,0,0,0,0,0,-1,28490,100,ok
BBMSDppInstant,128,154,185,28490,13453.9,36114,142890,179004,56565,2030,36803,2030,0,0,0,-1,28490,100,ok
BBMSDppStepwise,128,154,185,28490,13453.9,36114,142890,179004,56565,2030,22274,18195,0,0,0,-1,28490,100,ok
DijkstraPrims,128,154,185,28490,13453.9,0,0,0,0,0,0,0,22604,22197,510,226.324,22197,77.9115,ok
BBMSCore,129,154,313,48202,16372,14059670,0,14059670,0,0,0,0,0,0,0,-1,48202,100,ok
BBMSInter,129,154,313,48202,16372,52362,873412,925774,95937,0,0,0,0,0,0,-1,48202,100,ok
BBMSDppInstant,129,154,313,48202,16372,52362,255608,307970,95937,4703,76546,4703,0,0,0,-1,48202,100,ok
BBMSDppStepwise,129,154,313,48202,16372,52362,255608,307970,95937,4703,39495,28620,0,0,0,-1,48202,100,ok
DijkstraPrims,129,154,313,48202,16372,0,0,0,0,0,0,0,47985,47909,656,505.476,47909,99.3921,ok
BBMSCore,130,154,1380,212520,12359.2,74708364,0,74708364,0,0,0,0,0,0,0,-1,212520,100,ok
BBMSInter,130,154,1380,212520,12359.2,246916,4343146,4590062,423506,0,0,0,0,0,0,-1,212520,100,ok
BBMSDppInstant,130,154,1380,212520,12359.2,246916,1106532,1353448,423506,16347,335663,16347,0,0,0,-1,212520,100,ok
BBMSDppStepwise,130,154,1380,212520,12359.2,246916,1106532,1353448,423506,16347,193916,163654,0,0,0,-1,212520,100,ok
DijkstraPrims,130,154,1380,212520,12359.2,0,0,0,0,0,0,0,212509,212483,1324,662.409,212483,99.9826,ok
BBMSCore,131,154,1118,172172,113527,113359848,0,113359848,0,0,0,0,0,0,0,-1,172172,100,ok
BBMSInter,131,154,1118,172172,113527,267416,5029324,5296740,342989,0,0,0,0,0,0,-1,172172,100,ok
BBMSDppInstant,131,154,1118,172172,113527,267416,795181,1062597,342989,22128,204618,22128,0,0,0,-1,172172,100,ok
BBMSDppStepwise,131,154,1118,172172,113527,267416,795181,1062597,342989,22128,146628,119599,0,0,0,-1,172172,100,ok
DijkstraPrims,131,154,1118,172172,113527,0,0,0,0,0,0,0,21453,20234,1266,462.208,20234,11.7522,ok
BBMSCore,132,154,58,8932,6754.36,760890,0,760890,0,0,0,0,0,0,0,-1,8932,100,ok
BBMSInter,132,154,58,8932,6754.36,11916,93800,105716,17652,0,0,0,0,0,0,-1,8932,100,ok
BBMSDppInstant,132,154,58,8932,6754.36,11916,43172,55088,17652,957,6190,957,0,0,0,-1,8932,100,ok
BBMSDppStepwise,132,154,58,8932,6754.36,11916,43172,55088,17652,957,4426,2995,0,0,0,-1,8932,100,ok
DijkstraPrims,132,154,58,8932,6754.36,0,0,0,0,0,0,0,4050,3873,236,187.176,3873,43.3609,ok
BBMSCore,133,154,1917,295218,9866,148815396,0,148815396,0,0,0,0,0,0,0,-1,295218,100,ok
BBMSInter,133,154,1917,295218,9866,489556,10961767,11451323,587283,0,0,0,0,0,0,-1,295218,100,ok
BBMSDppInstant,133,154,1917,295218,9866,489556,1317696,1807252,587283,27154,322636,27154,0,0,0,-1,295218,100,ok
BBMSDppStepwise,133,154,1917,295218,9866,489556,1317696,1807252,587283,27154,245244,210737,0,0,0,-1,295218,100,ok
DijkstraPrims,133,154,1917,295218,9866,0,0,0,0,0,0,0,49862,47617,2356,1342.04,47617,16.1294,ok
BBMSCore,134,154,249,38346,24750.7,8537430,0,8537430,0,0,0,0,0,0,0,-1,38346,100,ok
BBMSInter,134,154,249,38346,24750.7,69260,392413,461673,76188,0,0,0,0,0,0,-1,38346,100,ok
BBMSDppInstant,134,154,249,38346,24750.7,69260,161717,230977,76188,2593,13158,2593,0,0,0,-1,38346,100,ok
BBMSDppStepwise,134,154,249,38346,24750.7,69260,161717,230977,76188,2593,12186,9302,0,0,0,-1,38346,100,ok
DijkstraPrims,134,154,249,38346,24750.7,0,0,0,0,0,0,0,2151,1734,436,321.833,1734,4.52198,ok
BBMSCore,135,154,455,70070,11288.2,32455476,0,32455476,0,0,0,0,0,0,0,-1,70070,100,ok
BBMSInter,135,154,455,70070,11288.2,110868,1291492,1402360,139238,0,0,0,0,0,0,-1,70070,100,ok
BBMSDppInstant,135,154,455,70070,11288.2,110868,319930,430798,139238,4725,33857,4725,0,0,0,-1,70070,100,ok
BBMSDppStepwise,135,154,455,70070,11288.2,110868,319930,430798,139238,4725,28417,22512,0,0,0,-1,70070,100,ok
DijkstraPrims,135,154,455,70070,11288.2,0,0,0,0,0,0,0,45889,45636,337,242.978,45636,65.1292,ok
BBMSCore,136,154,20006,3080924,1.51371e+06,25526930056,0,25526930056,0,0,0,0,0,0,0,-1,3080924,100,ok
BBMSInter,136,154,20006,3080924,1.51371e+06,4537752,1885988583,1890526335,6130708,0,0,0,0,0,0,-1,3080924,100,ok
BBMSDppInstant,136,154,20006,3080924,1.51371e+06,4537752,14618726,19156478,6130708,222643,2935940,222643,0,0,0,-1,3080924,100,ok
BBMSDppStepwise,136,154,20006,3080924,1.51371e+06,4537752,14618726,19156478,6130708,222643,2410628,2141305,0,0,0,-1,3080924,100,ok
DijkstraPrims,136,154,20006,3080924,1.51371e+06,0,0,0,0,0,0,0,1570280,1561254,9029,1662.34,1561254,50.6749,ok
BBMSCore,137,154,1899,292446,2.08547e+07,89646864,0,89646864,0,0,0,0,0,0,0,-1,292446,100,ok
BBMSInter,137,154,1899,292446,2.08547e+07,286068,4985653,5271721,582742,0,0,0,0,0,0,-1,292446,100,ok
BBMSDppInstant,137,154,1899,292446,2.08547e+07,286068,1603655,1889723,582742,23104,695794,23104,0,0,0,-1,292446,100,ok
BBMSDppStepwise,137,154,1899,292446,2.08547e+07,286068,1603655,1889723,582742,23104,287173,228038,0,0,0,-1,292446,100,ok
DijkstraPrims,137,154,1899,292446,2.08547e+07,0,0,0,0,0,0,0,292324,292296,1258,627.395,292296,99.9487,ok
BBMSCore,138,154,63,9702,777.877,1316488,0,1316488,0,0,0,0,0,0,0,-1,9702,100,ok
BBMSInter,138,154,63,9702,777.877,14884,90062,104946,19040,0,0,0,0,0,0,-1,9702,100,ok
BBMSDppInstant,138,154,63,9702,777.877,14884,44072,58956,19040,920,8161,920,0,0,0,-1,9702,100,ok
BBMSDppStepwise,138,154,63,9702,777.877,14884,44072,58956,19040,920,6468,5112,0,0,0,-1,9702,100,ok
DijkstraPrims,138,154,63,9702,777.877,0,0,0,0,0,0,0,1140,1059,97,74.3975,1059,10.9153,ok
BBMSCore,139,154,2142,329868,11961.6,322132078,0,322132078,0,0,0,0,0,0,0,-1,329868,100,ok
BBMSInter,139,154,2142,329868,11961.6,603650,4294453,4898103,657042,0,0,0,0,0,0,-1,329868,100,ok
BBMSDppInstant,139,154,2142,329868,11961.6,603650,1387465,1991115,657042,11795,111638,11795,0,0,0,-1,329868,100,ok
BBMSDppStepwise,139,154,2142,329868,11961.6,603650,1387465,1991115,657042,11795,99719,86153,0,0,0,-1,329868,100,ok
DijkstraPrims,139,154,2142,329868,11961.6,0,0,0,0,0,0,0,71453,69889,1755,1127.35,69889,21.187,ok
BBMSCore,140,1128,1191,1343448,4777.21,2137719610,0,2137719610,0,0,0,0,0,0,0,-1,1343448,100,ok
BBMSInter,140,1128,1191,1343448,4777.21,2523814,19939908,22463722,2684439,0,0,0,0,0,0,-1,1343448,100,ok
BBMSDppInstant,140,1128,1191,1343448,4777.21,2523814,5602010,8125824,2684439,19629,213866,19629,0,0,0,-1,1343448,100,ok
BBMSDppStepwise,140,1128,1191,1343448,4777.21,2523814,5602010,8125824,2684439,19629,128905,104814,0,0,0,-1,1343448,100,ok
DijkstraPrims,140,1128,1191,1343448,4777.21,0,0,0,0,0,0,0,278915,276883,2092,1484.17,276883,20.6099,ok
BBMSCore,141,1128,185,208680,36518.5,117910666,0,117910666,0,0,0,0,0,0,0,-1,208680,100,ok
BBMSInter,141,1128,185,208680,36518.5,386932,1181328,1568260,415946,0,0,0,0,0,0,-1,208680,100,ok
BBMSDppInstant,141,1128,185,208680,36518.5,386932,871167,1258099,415946,2426,70862,2426,0,0,0,-1,208680,100,ok
BBMSDppStepwise,141,1128,185,208680,36518.5,386932,871167,1258099,415946,2426,18884,12764,0,0,0,-1,208680,100,ok
DijkstraPrims,141,1128,185,208680,36518.5,0,0,0,0,0,0,0,32841,31680,1314,1165.78,31680,15.1811,ok
BBMSCore,142,1128,313,353064,44997.1,199201468,0,199201468,0,0,0,0,0,0,0,-1,353064,100,ok
BBMSInter,142,1128,313,353064,44997.1,644126,2860383,3504509,704687,0,0,0,0,0,0,-1,353064,100,ok
BBMSDppInstant,142,1128,313,353064,44997.1,644126,1495178,2139304,704687,7474,57596,7474,0,0,0,-1,353064,100,ok
BBMSDppStepwise,142,1128,313,353064,44997.1,644126,1495178,2139304,704687,7474,41962,31556,0,0,0,-1,353064,100,ok
DijkstraPrims,142,1128,313,353064,44997.1,0,0,0,0,0,0,0,57258,56296,1469,1297.01,56296,15.945,ok
BBMSCore,143,1128,1380,1556640,35850,3841775196,0,3841775196,0,0,0,0,0,0,0,-1,1556640,100,ok
BBMSInter,143,1128,1380,1556640,35850,2865964,31665667,34531631,3110772,0,0,0,0,0,0,-1,1556640,100,ok
BBMSDppInstant,143,1128,1380,1556640,35850,2865964,6579984,9445948,3110772,22099,366226,22099,0,0,0,-1,1556640,100,ok
BBMSDppStepwise,143,1128,1380,1556640,35850,2865964,6579984,9445948,3110772,22099,140565,101285,0,0,0,-1,1556640,100,ok
DijkstraPrims,143,1128,1380,1556640,35850,0,0,0,0,0,0,0,305161,304180,2068,1370.92,304180,19.5408,ok
BBMSCore,144,1128,1118,1261104,124835,2453296418,0,2453296418,0,0,0,0,0,0,0,-1,1261104,100,ok
BBMSInter,144,1128,1118,1261104,124835,2382308,27230004,29612312,2519844,0,0,0,0,0,0,-1,1261104,100,ok
BBMSDppInstant,144,1128,1118,1261104,124835,2382308,5238549,7620857,2519844,41728,256458,41728,0,0,0,-1,1261104,100,ok
BBMSDppStepwise,144,1128,1118,1261104,124835,2382308,5238549,7620857,2519844,41728,179230,134032,0,0,0,-1,1261104,100,ok
DijkstraPrims,144,1128,1118,1261104,124835,0,0,0,0,0,0,0,65159,62981,2286,1389.19,62981,4.99412,ok
BBMSCore,145,1128,58,65424,29246.4,42070908,0,42070908,0,0,0,0,0,0,0,-1,65424,100,ok
BBMSInter,145,1128,58,65424,29246.4,125554,288321,413875,129662,0,0,0,0,0,0,-1,65424,100,ok
BBMSDppInstant,145,1128,58,65424,29246.4,125554,261332,386886,129662,679,2271,679,0,0,0,-1,65424,100,ok
BBMSDppStepwise,145,1128,58,65424,29246.4,125554,261332,386886,129662,679,2195,1495,0,0,0,-1,65424,100,ok
DijkstraPrims,145,1128,58,65424,29246.4,0,0,0,0,0,0,0,9011,8000,1103,973.086,8000,12.2279,ok
BBMSCore,146,1128,1917,2162376,22282.7,5709693310,0,5709693310,0,0,0,0,0,0,0,-1,2162376,100,ok
BBMSInter,146,1128,1917,2162376,22282.7,4129824,61119032,65248856,4319929,0,0,0,0,0,0,-1,2162376,100,ok
BBMSDppInstant,146,1128,1917,2162376,22282.7,4129824,8920517,13050341,4319929,55157,751077,55157,0,0,0,-1,2162376,100,ok
BBMSDppStepwise,146,1128,1917,2162376,22282.7,4129824,8920517,13050341,4319929,55157,523191,463004,0,0,0,-1,2162376,100,ok
DijkstraPrims,146,1128,1917,2162376,22282.7,0,0,0,0,0,0,0,151849,149340,2546,1540.36,149340,6.90629,ok
BBMSCore,147,1128,249,280872,17510.5,220679780,0,220679780,0,0,0,0,0,0,0,-1,280872,100,ok
BBMSInter,147,1128,249,280872,17510.5,448762,6836551,7285313,559763,0,0,0,0,0,0,-1,280872,100,ok
BBMSDppInstant,147,1128,249,280872,17510.5,448762,1283290,1732052,559763,14703,201674,14703,0,0,0,-1,280872,100,ok
BBMSDppStepwise,147,1128,249,280872,17510.5,448762,1283290,1732052,559763,14703,104256,85794,0,0,0,-1,280872,100,ok
DijkstraPrims,147,1128,249,280872,17510.5,0,0,0,0,0,0,0,246008,245633,718,391.716,245633,87.4537,ok
BBMSCore,148,1128,455,513240,21212.8,396817376,0,396817376,0,0,0,0,0,0,0,-1,513240,100,ok
BBMSInter,148,1128,455,513240,21212.8,918024,5243999,6162023,1024894,0,0,0,0,0,0,-1,513240,100,ok
BBMSDppInstant,148,1128,455,513240,21212.8,918024,2204566,3122590,1024894,10978,215356,10978,0,0,0,-1,513240,100,ok
BBMSDppStepwise,148,1128,455,513240,21212.8,918024,2204566,3122590,1024894,10978,97613,80706,0,0,0,-1,513240,100,ok
DijkstraPrims,148,1128,455,513240,21212.8,0,0,0,0,0,0,0,149221,147843,1451,1343.53,147843,28.8058,ok
BBMSInter,149,1128,20006,22566768,1.48668e+06,24926808,849455796,874382604,45096590,0,0,0,0,0,0,-1,22566768,100,ok
BBMSDppInstant,149,1128,20006,22566768,1.48668e+06,24926808,120429232,145356040,45096590,675691,674301564,675691,0,0,0,-1,22566768,100,ok
BBMSDppStepwise,149,1128,20006,22566768,1.48668e+06,24926808,120429232,145356040,45096590,675691,19612287,16584285,0,0,0,-1,22566768,100,ok
DijkstraPrims,149,1128,20006,22566768,1.48668e+06,0,0,0,0,0,0,0,13977498,13956322,21491,14868,13956322,61.8446,ok
BBMSCore,150,1128,1899,2142072,2.08776e+07,5763527696,0,5763527696,0,0,0,0,0,0,0,-1,2142072,100,ok
BBMSInter,150,1128,1899,2142072,2.08776e+07,3651576,60173673,63825249,4280916,0,0,0,0,0,0,-1,2142072,100,ok
BBMSDppInstant,150,1128,1899,2142072,2.08776e+07,3651576,9495957,13147533,4280916,64020,2069337,64020,0,0,0,-1,2142072,100,ok
BBMSDppStepwise,150,1128,1899,2142072,2.08776e+07,3651576,9495957,13147533,4280916,64020,598392,466417,0,0,0,-1,2142072,100,ok
DijkstraPrims,150,1128,1899,2142072,2.08776e+07,0,0,0,0,0,0,0,469546,468189,2094,1610.77,468189,21.8568,ok
BBMSCore,151,1128,63,71064,30958.8,44471848,0,44471848,0,0,0,0,0,0,0,-1,71064,100,ok
BBMSInter,151,1128,63,71064,30958.8,133570,335207,468777,140937,0,0,0,0,0,0,-1,71064,100,ok
BBMSDppInstant,151,1128,63,71064,30958.8,133570,288739,422309,140937,1008,11002,1008,0,0,0,-1,71064,100,ok
BBMSDppStepwise,151,1128,63,71064,30958.8,133570,288739,422309,140937,1008,5261,3376,0,0,0,-1,71064,100,ok
DijkstraPrims,151,1128,63,71064,30958.8,0,0,0,0,0,0,0,7268,6219,1180,1010.75,6219,8.75127,ok
BBMSCore,152,1128,2142,2416176,28770.9,9211982174,0,9211982174,0,0,0,0,0,0,0,-1,2416176,100,ok
BBMSInter,152,1128,2142,2416176,28770.9,4633946,68859601,73493547,4828673,0,0,0,0,0,0,-1,2416176,100,ok
BBMSDppInstant,152,1128,2142,2416176,28770.9,4633946,9939381,14573327,4828673,36951,497584,36951,0,0,0,-1,2416176,100,ok
BBMSDppStepwise,152,1128,2142,2416176,28770.9,4633946,9939381,14573327,4828673,36951,189085,146248,0,0,0,-1,2416176,100,ok
DijkstraPrims,152,1128,2142,2416176,28770.9,0,0,0,0,0,0,0,439235,438040,2177,1599.98,438040,18.1295,ok
BBMSCore,153,1191,185,220335,33093.2,121688562,0,121688562,0,0,0,0,0,0,0,-1,220335,100,ok
BBMSInter,153,1191,185,220335,33093.2,347712,1324864,1672576,438904,0,0,0,0,0,0,-1,220335,100,ok
BBMSDppInstant,153,1191,185,220335,33093.2,347712,1011124,1358836,438904,3654,225985,3654,0,0,0,-1,220335,100,ok
BBMSDppStepwise,153,1191,185,220335,33093.2,347712,1011124,1358836,438904,3654,78710,64061,0,0,0,-1,220335,100,ok
DijkstraPrims,153,1191,185,220335,33093.2,0,0,0,0,0,0,0,59404,58223,1405,1247.72,58223,26.4248,ok
BBMSCore,154,1191,313,372783,41701.9,165187478,0,165187478,0,0,0,0,0,0,0,-1,372783,100,ok
BBMSInter,154,1191,313,372783,41701.9,544524,3990213,4534737,744062,0,0,0,0,0,0,-1,372783,100,ok
BBMSDppInstant,154,1191,313,372783,41701.9,544524,1782169,2326693,744062,16800,215771,16800,0,0,0,-1,372783,100,ok
BBMSDppStepwise,154,1191,313,372783,41701.9,544524,1782169,2326693,744062,16800,144427,117538,0,0,0,-1,372783,100,ok
DijkstraPrims,154,1191,313,372783,41701.9,0,0,0,0,0,0,0,151882,150618,1808,1373.63,150618,40.4037,ok
BBMSCore,155,1191,1380,1643580,32547.5,2969867086,0,2969867086,0,0,0,0,0,0,0,-1,1643580,100,ok
BBMSInter,155,1191,1380,1643580,32547.5,2477852,27528398,30006250,3284589,0,0,0,0,0,0,-1,1643580,100,ok
BBMSDppInstant,155,1191,1380,1643580,32547.5,2477852,7770289,10248141,3284589,34041,2010042,34041,0,0,0,-1,1643580,100,ok
BBMSDppStepwise,155,1191,1380,1643580,32547.5,2477852,7770289,10248141,3284589,34041,634270,535479,0,0,0,-1,1643580,100,ok
DijkstraPrims,155,1191,1380,1643580,32547.5,0,0,0,0,0,0,0,473952,472770,2453,1628.82,472770,28.7646,ok
BBMSCore,156,1191,1118,1331538,123336,1660765624,0,1660765624,0,0,0,0,0,0,0,-1,1331538,100,ok
BBMSInter,156,1191,1118,1331538,123336,2269678,29754205,32023883,2660321,0,0,0,0,0,0,-1,1331538,100,ok
BBMSDppInstant,156,1191,1118,1331538,123336,2269678,5900091,8169769,2660321,95622,1220805,95622,0,0,0,-1,1331538,100,ok
BBMSDppStepwise,156,1191,1118,1331538,123336,2269678,5900091,8169769,2660321,95622,809013,705276,0,0,0,-1,1331538,100,ok
DijkstraPrims,156,1191,1118,1331538,123336,0,0,0,0,0,0,0,275252,273109,2494,1965.05,273109,20.5108,ok
BBMSCore,157,1191,58,69078,26025.8,117430428,0,117430428,0,0,0,0,0,0,0,-1,69078,100,ok
BBMSInter,157,1191,58,69078,26025.8,126184,1298416,1424600,136898,0,0,0,0,0,0,-1,69078,100,ok
BBMSDppInstant,157,1191,58,69078,26025.8,126184,285516,411700,136898,1578,10808,1578,0,0,0,-1,69078,100,ok
BBMSDppStepwise,157,1191,58,69078,26025.8,126184,285516,411700,136898,1578,9708,8001,0,0,0,-1,69078,100,ok
DijkstraPrims,157,1191,58,69078,26025.8,0,0,0,0,0,0,0,6573,5965,705,538.906,5965,8.63517,ok
BBMSCore,158,1191,1917,2283147,18843.9,3799848136,0,3799848136,0,0,0,0,0,0,0,-1,2283147,100,ok
BBMSInter,158,1191,1917,2283147,18843.9,4126496,42420170,46546666,4561875,0,0,0,0,0,0,-1,2283147,100,ok
BBMSDppInstant,158,1191,1917,2283147,18843.9,4126496,9770456,13896952,4561875,87938,1383510,87938,0,0,0,-1,2283147,100,ok
BBMSDppStepwise,158,1191,1917,2283147,18843.9,4126496,9770456,13896952,4561875,87938,956480,841756,0,0,0,-1,2283147,100,ok
DijkstraPrims,158,1191,1917,2283147,18843.9,0,0,0,0,0,0,0,178706,174336,4372,2848.92,174336,7.63578,ok
BBMSCore,159,1191,249,296559,22042.4,388784648,0,388784648,0,0,0,0,0,0,0,-1,296559,100,ok
BBMSInter,159,1191,249,296559,22042.4,518470,8939704,9458174,590976,0,0,0,0,0,0,-1,296559,100,ok
BBMSDppInstant,159,1191,249,296559,22042.4,518470,1288119,1806589,590976,15496,152151,15496,0,0,0,-1,296559,100,ok
BBMSDppStepwise,159,1191,249,296559,22042.4,518470,1288119,1806589,590976,15496,104363,85195,0,0,0,-1,296559,100,ok
DijkstraPrims,159,1191,249,296559,22042.4,0,0,0,0,0,0,0,254695,254295,609,303.45,254295,85.7485,ok
BBMSCore,160,1191,455,541905,17992.2,780852602,0,780852602,0,0,0,0,0,0,0,-1,541905,100,ok
BBMSInter,160,1191,455,541905,17992.2,1008130,7414527,8422657,1081977,0,0,0,0,0,0,-1,541905,100,ok
BBMSDppInstant,160,1191,455,541905,17992.2,1008130,2269582,3277712,1081977,17158,157137,17158,0,0,0,-1,541905,100,ok
BBMSDppStepwise,160,1191,455,541905,17992.2,1008130,2269582,3277712,1081977,17158,118193,99183,0,0,0,-1,541905,100,ok
DijkstraPrims,160,1191,455,541905,17992.2,0,0,0,0,0,0,0,127331,126253,1274,975.879,126253,23.298,ok
BBMSCore,161,1191,20006,23827146,1.49047e+06,88037639978,0,88037639978,0,0,0,0,0,0,0,-1,23827146,100,ok
BBMSInter,161,1191,20006,23827146,1.49047e+06,31727358,814983687,846711045,47617231,0,0,0,0,0,0,-1,23827146,100,ok
BBMSDppInstant,161,1191,20006,23827146,1.49047e+06,31727358,119050611,150777969,47617231,641619,120202544,641619,0,0,0,-1,23827146,100,ok
BBMSDppStepwise,161,1191,20006,23827146,1.49047e+06,31727358,119050611,150777969,47617231,641619,19616437,17920823,0,0,0,-1,23827146,100,ok
DijkstraPrims,161,1191,20006,23827146,1.49047e+06,0,0,0,0,0,0,0,10629819,10604084,26699,16459.7,10604084,44.5042,ok
BBMSCore,162,1191,1899,2261709,2.08742e+07,5041223034,0,5041223034,0,0,0,0,0,0,0,-1,2261709,100,ok
BBMSInter,162,1191,1899,2261709,2.08742e+07,3785552,42719700,46505252,4520118,0,0,0,0,0,0,-1,2261709,100,ok
BBMSDppInstant,162,1191,1899,2261709,2.08742e+07,3785552,10132011,13917563,4520118,104661,1630786,104661,0,0,0,-1,2261709,100,ok
BBMSDppStepwise,162,1191,1899,2261709,2.08742e+07,3785552,10132011,13917563,4520118,104661,878360,709309,0,0,0,-1,2261709,100,ok
DijkstraPrims,162,1191,1899,2261709,2.08742e+07,0,0,0,0,0,0,0,749828,748454,2750,2104.31,748454,33.0924,ok
BBMSCore,163,1191,63,75033,27553.1,74792184,0,74792184,0,0,0,0,0,0,0,-1,75033,100,ok
BBMSInter,163,1191,63,75033,27553.1,135288,1706877,1842165,148812,0,0,0,0,0,0,-1,75033,100,ok
BBMSDppInstant,163,1191,63,75033,27553.1,135288,313508,448796,148812,2689,18289,2689,0,0,0,-1,75033,100,ok
BBMSDppStepwise,163,1191,63,75033,27553.1,135288,313508,448796,148812,2689,12596,8696,0,0,0,-1,75033,100,ok
DijkstraPrims,163,1191,63,75033,27553.1,0,0,0,0,0,0,0,11147,10013,1254,903.214,10013,13.3448,ok
BBMSCore,164,1191,2142,2551122,25841.1,4812948072,0,4812948072,0,0,0,0,0,0,0,-1,2551122,100,ok
BBMSInter,164,1191,2142,2551122,25841.1,4835016,33081825,37916841,5098782,0,0,0,0,0,0,-1,2551122,100,ok
BBMSDppInstant,164,1191,2142,2551122,25841.1,4835016,10581831,15416847,5098782,41878,821031,41878,0,0,0,-1,2551122,100,ok
BBMSDppStepwise,164,1191,2142,2551122,25841.1,4835016,10581831,15416847,5098782,41878,419525,371622,0,0,0,-1,2551122,100,ok
DijkstraPrims,164,1191,2142,2551122,25841.1,0,0,0,0,0,0,0,249798,247183,3348,2858.36,247183,9.68919,ok
BBMSCore,165,185,313,57905,12669.2,21137952,0,21137952,0,0,0,0,0,0,0,-1,57905,100,ok
BBMSInter,165,185,313,57905,12669.2,85664,455648,541312,115312,0,0,0,0,0,0,-1,57905,100,ok
BBMSDppInstant,165,185,313,57905,12669.2,85664,273346,359010,115312,3290,45607,3290,0,0,0,-1,57905,100,ok
BBMSDppStepwise,165,185,313,57905,12669.2,85664,273346,359010,115312,3290,27219,20682,0,0,0,-1,57905,100,ok
DijkstraPrims,165,185,313,57905,12669.2,0,0,0,0,0,0,0,25644,24897,814,608.558,24897,42.9963,ok
BBMSCore,166,185,1380,255300,7720.36,174248334,0,174248334,0,0,0,0,0,0,0,-1,255300,100,ok
BBMSInter,166,185,1380,255300,7720.36,342594,2352512,2695106,508931,0,0,0,0,0,0,-1,255300,100,ok
BBMSDppInstant,166,185,1380,255300,7720.36,342594,1262244,1604838,508931,14644,383630,14644,0,0,0,-1,255300,100,ok
BBMSDppStepwise,166,185,1380,255300,7720.36,342594,1262244,1604838,508931,14644,185011,157987,0,0,0,-1,255300,100,ok
DijkstraPrims,166,185,1380,255300,7720.36,0,0,0,0,0,0,0,252208,251829,1982,1276.87,251829,98.6404,ok
BBMSCore,167,185,1118,206830,109534,270917062,0,270917062,0,0,0,0,0,0,0,-1,206830,100,ok
BBMSInter,167,185,1118,206830,109534,360832,2849786,3210618,412297,0,0,0,0,0,0,-1,206830,100,ok
BBMSDppInstant,167,185,1118,206830,109534,360832,897447,1258279,412297,16110,115013,16110,0,0,0,-1,206830,100,ok
BBMSDppStepwise,167,185,1118,206830,109534,360832,897447,1258279,412297,16110,88548,69938,0,0,0,-1,206830,100,ok
DijkstraPrims,167,185,1118,206830,109534,0,0,0,0,0,0,0,12280,10943,1410,571.52,10943,5.29082,ok
BBMSCore,168,185,58,10730,13093,891816,0,891816,0,0,0,0,0,0,0,-1,10730,100,ok
BBMSInter,168,185,58,10730,13093,10286,76961,87247,21051,0,0,0,0,0,0,-1,10730,100,ok
BBMSDppInstant,168,185,58,10730,13093,10286,57986,68272,21051,574,14476,574,0,0,0,-1,10730,100,ok
BBMSDppStepwise,168,185,58,10730,13093,10286,57986,68272,21051,574,8408,6810,0,0,0,-1,10730,100,ok
DijkstraPrims,168,185,58,10730,13093,0,0,0,0,0,0,0,9538,9423,183,101.617,9423,87.8192,ok
BBMSCore,169,185,1917,354645,18797.8,250851050,0,250851050,0,0,0,0,0,0,0,-1,354645,100,ok
BBMSInter,169,185,1917,354645,18797.8,574670,3503922,4078592,706053,0,0,0,0,0,0,-1,354645,100,ok
BBMSDppInstant,169,185,1917,354645,18797.8,574670,1605798,2180468,706053,22308,344626,22308,0,0,0,-1,354645,100,ok
BBMSDppStepwise,169,185,1917,354645,18797.8,574670,1605798,2180468,706053,22308,216387,186246,0,0,0,-1,354645,100,ok
DijkstraPrims,169,185,1917,354645,18797.8,0,0,0,0,0,0,0,169480,167399,2140,1907.24,167399,47.2018,ok
BBMSCore,170,185,249,46065,35686.6,13354380,0,13354380,0,0,0,0,0,0,0,-1,46065,100,ok
BBMSInter,170,185,249,46065,35686.6,84094,389515,473609,91536,0,0,0,0,0,0,-1,46065,100,ok
BBMSDppInstant,170,185,249,46065,35686.6,84094,193280,277374,91536,2158,10812,2158,0,0,0,-1,46065,100,ok
BBMSDppStepwise,170,185,249,46065,35686.6,84094,193280,277374,91536,2158,10490,8253,0,0,0,-1,46065,100,ok
DijkstraPrims,170,185,249,46065,35686.6,0,0,0,0,0,0,0,27135,26820,319,257.2,26820,58.2221,ok
BBMSCore,171,185,455,84175,21496,27009542,0,27009542,0,0,0,0,0,0,0,-1,84175,100,ok
BBMSInter,171,185,455,84175,21496,95886,839383,935269,167355,0,0,0,0,0,0,-1,84175,100,ok
BBMSDppInstant,171,185,455,84175,21496,95886,440922,536808,167355,5324,213248,5324,0,0,0,-1,84175,100,ok
BBMSDppStepwise,171,185,455,84175,21496,95886,440922,536808,167355,5324,71199,60044,0,0,0,-1,84175,100,ok
DijkstraPrims,171,185,455,84175,21496,0,0,0,0,0,0,0,75977,75557,704,502.936,75557,89.7618,ok
BBMSCore,172,185,20006,3701110,1.51702e+06,23868933018,0,23868933018,0,0,0,0,0,0,0,-1,3701110,100,ok
BBMSInter,172,185,20006,3701110,1.51702e+06,4951828,107842904,112794732,7370969,0,0,0,0,0,0,-1,3701110,100,ok
BBMSDppInstant,172,185,20006,3701110,1.51702e+06,4951828,18338693,23290521,7370969,111720,7582361,111720,0,0,0,-1,3701110,100,ok
BBMSDppStepwise,172,185,20006,3701110,1.51702e+06,4951828,18338693,23290521,7370969,111720,2461944,2151146,0,0,0,-1,3701110,100,ok
DijkstraPrims,172,185,20006,3701110,1.51702e+06,0,0,0,0,0,0,0,1840744,1826943,13820,6863.61,1826943,49.362,ok
BBMSCore,173,185,1899,351315,2.08472e+07,548168494,0,548168494,0,0,0,0,0,0,0,-1,351315,100,ok
BBMSInter,173,185,1899,351315,2.08472e+07,524070,3387659,3911729,700485,0,0,0,0,0,0,-1,351315,100,ok
BBMSDppInstant,173,185,1899,351315,2.08472e+07,524070,1658517,2182587,700485,11399,389332,11399,0,0,0,-1,351315,100,ok
BBMSDppStepwise,173,185,1899,351315,2.08472e+07,524070,1658517,2182587,700485,11399,187479,156646,0,0,0,-1,351315,100,ok
DijkstraPrims,173,185,1899,351315,2.08472e+07,0,0,0,0,0,0,0,319892,319041,2100,1376.56,319041,90.8134,ok
BBMSCore,174,185,63,11655,12919.1,1002600,0,1002600,0,0,0,0,0,0,0,-1,11655,100,ok
BBMSInter,174,185,63,11655,12919.1,12876,88757,101633,23014,0,0,0,0,0,0,-1,11655,100,ok
BBMSDppInstant,174,185,63,11655,12919.1,12876,60541,73417,23014,739,12233,739,0,0,0,-1,11655,100,ok
BBMSDppStepwise,174,185,63,11655,12919.1,12876,60541,73417,23014,739,7776,6198,0,0,0,-1,11655,100,ok
DijkstraPrims,174,185,63,11655,12919.1,0,0,0,0,0,0,0,10261,10146,234,107.611,10146,87.0528,ok
BBMSCore,175,185,2142,396270,15382.3,565476036,0,565476036,0,0,0,0,0,0,0,-1,396270,100,ok
BBMSInter,175,185,2142,396270,15382.3,598340,3495423,4093763,788986,0,0,0,0,0,0,-1,396270,100,ok
BBMSDppInstant,175,185,2142,396270,15382.3,598340,1860088,2458428,788986,9316,539129,9316,0,0,0,-1,396270,100,ok
BBMSDppStepwise,175,185,2142,396270,15382.3,598340,1860088,2458428,788986,9316,208930,178845,0,0,0,-1,396270,100,ok
DijkstraPrims,175,185,2142,396270,15382.3,0,0,0,0,0,0,0,65019,62816,2334,1853.99,62816,15.8518,ok
BBMSCore,176,313,1380,431940,9155.78,184607954,0,184607954,0,0,0,0,0,0,0,-1,431940,100,ok
BBMSInter,176,313,1380,431940,9155.78,626624,6107268,6733892,862187,0,0,0,0,0,0,-1,431940,100,ok
BBMSDppInstant,176,313,1380,431940,9155.78,626624,2071799,2698423,862187,28827,348900,28827,0,0,0,-1,431940,100,ok
BBMSDppStepwise,176,313,1380,431940,9155.78,626624,2071799,2698423,862187,28827,205609,160964,0,0,0,-1,431940,100,ok
DijkstraPrims,176,313,1380,431940,9155.78,0,0,0,0,0,0,0,306561,304951,1982,1300.41,304951,70.6003,ok
BBMSCore,177,313,1118,349934,102299,638495216,0,638495216,0,0,0,0,0,0,0,-1,349934,100,ok
BBMSInter,177,313,1118,349934,102299,637244,17898757,18536001,697280,0,0,0,0,0,0,-1,349934,100,ok
BBMSDppInstant,177,313,1118,349934,102299,637244,1483660,2120904,697280,24466,103411,24466,0,0,0,-1,349934,100,ok
BBMSDppStepwise,177,313,1118,349934,102299,637244,1483660,2120904,697280,24466,90653,64670,0,0,0,-1,349934,100,ok
DijkstraPrims,177,313,1118,349934,102299,0,0,0,0,0,0,0,31764,31449,541,327.778,31449,8.98712,ok
BBMSCore,178,313,58,18154,16852,2120792,0,2120792,0,0,0,0,0,0,0,-1,18154,100,ok
BBMSInter,178,313,58,18154,16852,12926,226937,239863,35626,0,0,0,0,0,0,-1,18154,100,ok
BBMSDppInstant,178,313,58,18154,16852,12926,105086,118012,35626,2654,34982,2654,0,0,0,-1,18154,100,ok
BBMSDppStepwise,178,313,58,18154,16852,12926,105086,118012,35626,2654,21529,16070,0,0,0,-1,18154,100,ok
DijkstraPrims,178,313,58,18154,16852,0,0,0,0,0,0,0,18136,18122,381,238.91,18122,99.8237,ok
BBMSCore,179,313,1917,600021,25476.2,198382166,0,198382166,0,0,0,0,0,0,0,-1,600021,100,ok
BBMSInter,179,313,1917,600021,25476.2,910060,7847052,8757112,1197501,0,0,0,0,0,0,-1,600021,100,ok
BBMSDppInstant,179,313,1917,600021,25476.2,910060,2819452,3729512,1197501,56759,608651,56759,0,0,0,-1,600021,100,ok
BBMSDppStepwise,179,313,1917,600021,25476.2,910060,2819452,3729512,1197501,56759,416376,334362,0,0,0,-1,600021,100,ok
DijkstraPrims,179,313,1917,600021,25476.2,0,0,0,0,0,0,0,173136,170541,2939,1952.64,170541,28.4225,ok
BBMSCore,180,313,249,77937,39367,40982952,0,40982952,0,0,0,0,0,0,0,-1,77937,100,ok
BBMSInter,180,313,249,77937,39367,140380,969532,1109912,155004,0,0,0,0,0,0,-1,77937,100,ok
BBMSDppInstant,180,313,249,77937,39367,140380,331061,471441,155004,4573,21168,4573,0,0,0,-1,77937,100,ok
BBMSDppStepwise,180,313,249,77937,39367,140380,331061,471441,155004,4573,19317,14514,0,0,0,-1,77937,100,ok
DijkstraPrims,180,313,249,77937,39367,0,0,0,0,0,0,0,26664,26379,364,327.859,26379,33.8466,ok
BBMSCore,181,313,455,142415,25533.5,31419584,0,31419584,0,0,0,0,0,0,0,-1,142415,100,ok
BBMSInter,181,313,455,142415,25533.5,132266,3378756,3511022,284062,0,0,0,0,0,0,-1,142415,100,ok
BBMSDppInstant,181,313,455,142415,25533.5,132266,793135,925401,284062,22023,185295,22023,0,0,0,-1,142415,100,ok
BBMSDppStepwise,181,313,455,142415,25533.5,132266,793135,925401,284062,22023,134714,106968,0,0,0,-1,142415,100,ok
DijkstraPrims,181,313,455,142415,25533.5,0,0,0,0,0,0,0,142058,141862,949,543.699,141862,99.6117,ok
BBMSCore,182,313,20006,6261878,1.5295e+06,3927121884,0,3927121884,0,0,0,0,0,0,0,-1,6261878,100,ok
BBMSInter,182,313,20006,6261878,1.5295e+06,7204422,485818530,493022952,12503126,0,0,0,0,0,0,-1,6261878,100,ok
BBMSDppInstant,182,313,20006,6261878,1.5295e+06,7204422,32884286,40088708,12503126,401569,6777435,401569,0,0,0,-1,6261878,100,ok
BBMSDppStepwise,182,313,20006,6261878,1.5295e+06,7204422,32884286,40088708,12503126,401569,4001249,3375252,0,0,0,-1,6261878,100,ok
DijkstraPrims,182,313,20006,6261878,1.5295e+06,0,0,0,0,0,0,0,3653073,3641379,11715,2939.14,3641379,58.1515,ok
BBMSCore,183,313,1899,594387,2.08428e+07,879723454,0,879723454,0,0,0,0,0,0,0,-1,594387,100,ok
BBMSInter,183,313,1899,594387,2.08428e+07,855344,46568297,47423641,1184626,0,0,0,0,0,0,-1,594387,100,ok
BBMSDppInstant,183,313,1899,594387,2.08428e+07,855344,2862215,3717559,1184626,89917,576664,89917,0,0,0,-1,594387,100,ok
BBMSDppStepwise,183,313,1899,594387,2.08428e+07,855344,2862215,3717559,1184626,89917,453734,359079,0,0,0,-1,594387,100,ok
DijkstraPrims,183,313,1899,594387,2.08428e+07,0,0,0,0,0,0,0,588541,588224,740,420.101,588224,98.9631,ok
BBMSCore,184,313,63,19719,15746.2,4009984,0,4009984,0,0,0,0,0,0,0,-1,19719,100,ok
BBMSInter,184,313,63,19719,15746.2,16900,306712,323612,39062,0,0,0,0,0,0,-1,19719,100,ok
BBMSDppInstant,184,313,63,19719,15746.2,16900,110045,126945,39062,2075,26916,2075,0,0,0,-1,19719,100,ok
BBMSDppStepwise,184,313,63,19719,15746.2,16900,110045,126945,39062,2075,16984,11929,0,0,0,-1,19719,100,ok
DijkstraPrims,184,313,63,19719,15746.2,0,0,0,0,0,0,0,19719,19718,235,182.248,19718,99.9949,ok
BBMSCore,185,313,2142,670446,22592.5,276051762,0,276051762,0,0,0,0,0,0,0,-1,670446,100,ok
BBMSInter,185,313,2142,670446,22592.5,790330,21556071,22346401,1338344,0,0,0,0,0,0,-1,670446,100,ok
BBMSDppInstant,185,313,2142,670446,22592.5,790330,3490447,4280777,1338344,54340,728695,54340,0,0,0,-1,670446,100,ok
BBMSDppStepwise,185,313,2142,670446,22592.5,790330,3490447,4280777,1338344,54340,454775,375712,0,0,0,-1,670446,100,ok
DijkstraPrims,185,313,2142,670446,22592.5,0,0,0,0,0,0,0,403863,402526,1759,677.538,402526,60.0385,ok
BBMSCore,186,1380,1118,1542840,106770,888706996,0,888706996,0,0,0,0,0,0,0,-1,1542840,100,ok
BBMSInter,186,1380,1118,1542840,106770,2192380,41725148,43917528,3082078,0,0,0,0,0,0,-1,1542840,100,ok
BBMSDppInstant,186,1380,1118,1542840,106770,2192380,7493828,9686208,3082078,245208,2191554,245208,0,0,0,-1,1542840,100,ok
BBMSDppStepwise,186,1380,1118,1542840,106770,2192380,7493828,9686208,3082078,245208,1628289,1343709,0,0,0,-1,1542840,100,ok
DijkstraPrims,186,1380,1118,1542840,106770,0,0,0,0,0,0,0,236876,234308,2886,1798.99,234308,15.1868,ok
BBMSCore,187,1380,58,80040,15365,11639292,0,11639292,0,0,0,0,0,0,0,-1,80040,100,ok
BBMSInter,187,1380,58,80040,15365,57722,1380605,1438327,157571,0,0,0,0,0,0,-1,80040,100,ok
BBMSDppInstant,187,1380,58,80040,15365,57722,463622,521344,157571,5292,99136,5292,0,0,0,-1,80040,100,ok
BBMSDppStepwise,187,1380,58,80040,15365,57722,463622,521344,157571,5292,69312,59792,0,0,0,-1,80040,100,ok
DijkstraPrims,187,1380,58,80040,15365,0,0,0,0,0,0,0,80040,80031,734,305.004,80031,99.9888,ok
BBMSCore,188,1380,1917,2645460,18590,3006675144,0,3006675144,0,0,0,0,0,0,0,-1,2645460,100,ok
BBMSInter,188,1380,1917,2645460,18590,4184000,75899011,80083011,5286540,0,0,0,0,0,0,-1,2645460,100,ok
BBMSDppInstant,188,1380,1917,2645460,18590,4184000,12219144,16403144,5286540,198065,2724307,198065,0,0,0,-1,2645460,100,ok
BBMSDppStepwise,188,1380,1917,2645460,18590,4184000,12219144,16403144,5286540,198065,1921920,1674503,0,0,0,-1,2645460,100,ok
DijkstraPrims,188,1380,1917,2645460,18590,0,0,0,0,0,0,0,1026938,1024999,2851,2155.03,1024999,38.7456,ok
BBMSCore,189,1380,249,343620,35963.3,730206326,0,730206326,0,0,0,0,0,0,0,-1,343620,100,ok
BBMSInter,189,1380,249,343620,35963.3,617758,15997758,16615516,684547,0,0,0,0,0,0,-1,343620,100,ok
BBMSDppInstant,189,1380,249,343620,35963.3,617758,1467306,2085064,684547,20003,107076,20003,0,0,0,-1,343620,100,ok
BBMSDppStepwise,189,1380,249,343620,35963.3,617758,1467306,2085064,684547,20003,99920,79067,0,0,0,-1,343620,100,ok
DijkstraPrims,189,1380,249,343620,35963.3,0,0,0,0,0,0,0,339060,338799,575,286.334,338799,98.597,ok
BBMSCore,190,1380,455,627900,22949.7,444931172,0,444931172,0,0,0,0,0,0,0,-1,627900,100,ok
BBMSInter,190,1380,455,627900,22949.7,654176,20522259,21176435,1253965,0,0,0,0,0,0,-1,627900,100,ok
BBMSDppInstant,190,1380,455,627900,22949.7,654176,3401194,4055370,1253965,43691,1573262,43691,0,0,0,-1,627900,100,ok
BBMSDppStepwise,190,1380,455,627900,22949.7,654176,3401194,4055370,1253965,43691,548721,469888,0,0,0,-1,627900,100,ok
DijkstraPrims,190,1380,455,627900,22949.7,0,0,0,0,0,0,0,627864,627834,2820,1454.24,627834,99.9895,ok
BBMSCore,191,1380,20006,27608280,1.52056e+06,72296140654,0,72296140654,0,0,0,0,0,0,0,-1,27608280,100,ok
BBMSInter,191,1380,20006,27608280,1.52056e+06,34927476,1839059681,1873987157,55193796,0,0,0,0,0,0,-1,27608280,100,ok
BBMSDppInstant,191,1380,20006,27608280,1.52056e+06,34927476,140717050,175644526,55193796,1140041,71729656,1140041,0,0,0,-1,27608280,100,ok
BBMSDppStepwise,191,1380,20006,27608280,1.52056e+06,34927476,140717050,175644526,55193796,1140041,21870506,19507600,0,0,0,-1,27608280,100,ok
DijkstraPrims,191,1380,20006,27608280,1.52056e+06,0,0,0,0,0,0,0,13633888,13618961,17637,8907.37,13618961,49.3293,ok
BBMSCore,192,1380,1899,2620620,2.08451e+07,6215768374,0,6215768374,0,0,0,0,0,0,0,-1,2620620,100,ok
BBMSInter,192,1380,1899,2620620,2.08451e+07,4270048,48908403,53178451,5235901,0,0,0,0,0,0,-1,2620620,100,ok
BBMSDppInstant,192,1380,1899,2620620,2.08451e+07,4270048,11916321,16186369,5235901,87155,2548869,87155,0,0,0,-1,2620620,100,ok
BBMSDppStepwise,192,1380,1899,2620620,2.08451e+07,4270048,11916321,16186369,5235901,87155,1047754,854598,0,0,0,-1,2620620,100,ok
DijkstraPrims,192,1380,1899,2620620,2.08451e+07,0,0,0,0,0,0,0,1755251,1753020,4436,2587.3,1753020,66.8933,ok
BBMSCore,193,1380,63,86940,11704.9,18913718,0,18913718,0,0,0,0,0,0,0,-1,86940,100,ok
BBMSInter,193,1380,63,86940,11704.9,90778,1247622,1338400,172371,0,0,0,0,0,0,-1,86940,100,ok
BBMSDppInstant,193,1380,63,86940,11704.9,90778,462318,553096,172371,6736,94878,6736,0,0,0,-1,86940,100,ok
BBMSDppStepwise,193,1380,63,86940,11704.9,90778,462318,553096,172371,6736,69636,58593,0,0,0,-1,86940,100,ok
DijkstraPrims,193,1380,63,86940,11704.9,0,0,0,0,0,0,0,86922,86892,598,255.733,86892,99.9448,ok
BBMSCore,194,1380,2142,2955960,13730.1,4470446602,0,4470446602,0,0,0,0,0,0,0,-1,2955960,100,ok
BBMSInter,194,1380,2142,2955960,13730.1,4311020,47577803,51888823,5907706,0,0,0,0,0,0,-1,2955960,100,ok
BBMSDppInstant,194,1380,2142,2955960,13730.1,4311020,14200498,18511518,5907706,95899,4657713,95899,0,0,0,-1,2955960,100,ok
BBMSDppStepwise,194,1380,2142,2955960,13730.1,4311020,14200498,18511518,5907706,95899,1694784,1480977,0,0,0,-1,2955960,100,ok
DijkstraPrims,194,1380,2142,2955960,13730.1,0,0,0,0,0,0,0,650551,648094,3334,1964.63,648094,21.925,ok
BBMSCore,195,1118,58,64844,108771,17913830,0,17913830,0,0,0,0,0,0,0,-1,64844,100,ok
BBMSInter,195,1118,58,64844,108771,74046,3358489,3432535,127575,0,0,0,0,0,0,-1,64844,100,ok
BBMSDppInstant,195,1118,58,64844,108771,74046,334609,408655,127575,12325,85695,12325,0,0,0,-1,64844,100,ok
BBMSDppStepwise,195,1118,58,64844,108771,74046,334609,408655,127575,12325,66982,49989,0,0,0,-1,64844,100,ok
DijkstraPrims,195,1118,58,64844,108771,0,0,0,0,0,0,0,28730,27526,1259,573.431,27526,42.4496,ok
BBMSCore,196,1118,1917,2143206,118181,1957011924,0,1957011924,0,0,0,0,0,0,0,-1,2143206,100,ok
BBMSInter,196,1118,1917,2143206,118181,3471890,51870691,55342581,4281190,0,0,0,0,0,0,-1,2143206,100,ok
BBMSDppInstant,196,1118,1917,2143206,118181,3471890,9773364,13245254,4281190,227144,2241948,227144,0,0,0,-1,2143206,100,ok
BBMSDppStepwise,196,1118,1917,2143206,118181,3471890,9773364,13245254,4281190,227144,1644719,1370663,0,0,0,-1,2143206,100,ok
DijkstraPrims,196,1118,1917,2143206,118181,0,0,0,0,0,0,0,115613,113223,2605,1691.2,113223,5.28288,ok
BBMSCore,197,1118,249,278382,123626,522569026,0,522569026,0,0,0,0,0,0,0,-1,278382,100,ok
BBMSInter,197,1118,249,278382,123626,512376,10861566,11373942,554546,0,0,0,0,0,0,-1,278382,100,ok
BBMSDppInstant,197,1118,249,278382,123626,512376,1170545,1682921,554546,17274,61311,17274,0,0,0,-1,278382,100,ok
BBMSDppStepwise,197,1118,249,278382,123626,512376,1170545,1682921,554546,17274,58275,40593,0,0,0,-1,278382,100,ok
DijkstraPrims,197,1118,249,278382,123626,0,0,0,0,0,0,0,35989,35219,987,349.301,35219,12.6513,ok
BBMSCore,198,1118,455,508690,113684,197964008,0,197964008,0,0,0,0,0,0,0,-1,508690,100,ok
BBMSInter,198,1118,455,508690,113684,577100,14885495,15462595,1015436,0,0,0,0,0,0,-1,508690,100,ok
BBMSDppInstant,198,1118,455,508690,113684,577100,2684175,3261275,1015436,72758,839262,72758,0,0,0,-1,508690,100,ok
BBMSDppStepwise,198,1118,455,508690,113684,577100,2684175,3261275,1015436,72758,555272,464842,0,0,0,-1,508690,100,ok
DijkstraPrims,198,1118,455,508690,113684,0,0,0,0,0,0,0,79634,78007,1790,931.82,78007,15.3349,ok
BBMSCore,199,1118,20006,22366708,1.59347e+06,57365973960,0,57365973960,0,0,0,0,0,0,0,-1,22366708,100,ok
BBMSInter,199,1118,20006,22366708,1.59347e+06,31321346,4321447246,4352768592,44700416,0,0,0,0,0,0,-1,22366708,100,ok
BBMSDppInstant,199,1118,20006,22366708,1.59347e+06,31321346,109437071,140758417,44700416,2034634,26113628,2034634,0,0,0,-1,22366708,100,ok
BBMSDppStepwise,199,1118,20006,22366708,1.59347e+06,31321346,109437071,140758417,44700416,2034634,18155222,15816363,0,0,0,-1,22366708,100,ok
DijkstraPrims,199,1118,20006,22366708,1.59347e+06,0,0,0,0,0,0,0,9807465,9793547,14246,3669.56,9793547,43.7863,ok
BBMSCore,200,1118,1899,2123082,2.08466e+07,1139358092,0,1139358092,0,0,0,0,0,0,0,-1,2123082,100,ok
BBMSInter,200,1118,1899,2123082,2.08466e+07,2176666,54047337,56224003,4242549,0,0,0,0,0,0,-1,2123082,100,ok
BBMSDppInstant,200,1118,1899,2123082,2.08466e+07,2176666,11575461,13752127,4242549,292444,3579683,292444,0,0,0,-1,2123082,100,ok
BBMSDppStepwise,200,1118,1899,2123082,2.08466e+07,2176666,11575461,13752127,4242549,292444,2218668,1805307,0,0,0,-1,2123082,100,ok
DijkstraPrims,200,1118,1899,2123082,2.08466e+07,0,0,0,0,0,0,0,2036459,2035239,4012,2277.99,2035239,95.8625,ok
BBMSCore,201,1118,63,70434,113121,30894000,0,30894000,0,0,0,0,0,0,0,-1,70434,100,ok
BBMSInter,201,1118,63,70434,113121,85590,3637376,3722966,139645,0,0,0,0,0,0,-1,70434,100,ok
BBMSDppInstant,201,1118,63,70434,113121,85590,356392,441982,139645,11310,79532,11310,0,0,0,-1,70434,100,ok
BBMSDppStepwise,201,1118,63,70434,113121,85590,356392,441982,139645,11310,58068,42459,0,0,0,-1,70434,100,ok
DijkstraPrims,201,1118,63,70434,113121,0,0,0,0,0,0,0,16165,14998,1262,539.642,14998,21.2937,ok
BBMSCore,202,1118,2142,2394756,114813,2600714470,0,2600714470,0,0,0,0,0,0,0,-1,2394756,100,ok
BBMSInter,202,1118,2142,2394756,114813,3151780,140583938,143735718,4784869,0,0,0,0,0,0,-1,2394756,100,ok
BBMSDppInstant,202,1118,2142,2394756,114813,3151780,12012808,15164588,4784869,263151,3351116,263151,0,0,0,-1,2394756,100,ok
BBMSDppStepwise,202,1118,2142,2394756,114813,3151780,12012808,15164588,4784869,263151,2248112,1927810,0,0,0,-1,2394756,100,ok
DijkstraPrims,202,1118,2142,2394756,114813,0,0,0,0,0,0,0,1116003,1112473,3592,1555.53,1112473,46.4545,ok
BBMSCore,203,58,1917,111186,12556.2,179660830,0,179660830,0,0,0,0,0,0,0,-1,111186,100,ok
BBMSInter,203,58,1917,111186,12556.2,190484,7265850,7456334,220376,0,0,0,0,0,0,-1,111186,100,ok
BBMSDppInstant,203,58,1917,111186,12556.2,190484,478754,669238,220376,9769,66460,9769,0,0,0,-1,111186,100,ok
BBMSDppStepwise,203,58,1917,111186,12556.2,190484,478754,669238,220376,9769,56050,45224,0,0,0,-1,111186,100,ok
DijkstraPrims,203,58,1917,111186,12556.2,0,0,0,0,0,0,0,26033,24954,1081,279.377,24954,22.4435,ok
BBMSCore,204,58,249,14442,23848.1,5170518,0,5170518,0,0,0,0,0,0,0,-1,14442,100,ok
BBMSInter,204,58,249,14442,23848.1,26702,174515,201217,28566,0,0,0,0,0,0,-1,14442,100,ok
BBMSDppInstant,204,58,249,14442,23848.1,26702,58897,85599,28566,707,2699,707,0,0,0,-1,14442,100,ok
BBMSDppStepwise,204,58,249,14442,23848.1,26702,58897,85599,28566,707,2647,1921,0,0,0,-1,14442,100,ok
DijkstraPrims,204,58,249,14442,23848.1,0,0,0,0,0,0,0,817,513,317,213.793,513,3.55214,ok
BBMSCore,205,58,455,26390,9175.45,17880594,0,17880594,0,0,0,0,0,0,0,-1,26390,100,ok
BBMSInter,205,58,455,26390,9175.45,44624,433369,477993,52267,0,0,0,0,0,0,-1,26390,100,ok
BBMSDppInstant,205,58,455,26390,9175.45,44624,114209,158833,52267,1307,6388,1307,0,0,0,-1,26390,100,ok
BBMSDppStepwise,205,58,455,26390,9175.45,44624,114209,158833,52267,1307,5237,3721,0,0,0,-1,26390,100,ok
DijkstraPrims,205,58,455,26390,9175.45,0,0,0,0,0,0,0,19873,19802,198,86.1662,19802,75.036,ok
BBMSCore,206,58,20006,1160348,1.51423e+06,32239147290,0,32239147290,0,0,0,0,0,0,0,-1,1160348,100,ok
BBMSInter,206,58,20006,1160348,1.51423e+06,2001494,919749648,921751142,2300619,0,0,0,0,0,0,-1,1160348,100,ok
BBMSDppInstant,206,58,20006,1160348,1.51423e+06,2001494,4979752,6981246,2300619,65981,289750,65981,0,0,0,-1,1160348,100,ok
BBMSDppStepwise,206,58,20006,1160348,1.51423e+06,2001494,4979752,6981246,2300619,65981,259597,189699,0,0,0,-1,1160348,100,ok
DijkstraPrims,206,58,20006,1160348,1.51423e+06,0,0,0,0,0,0,0,572682,564933,7751,451.989,564933,48.6865,ok
BBMSCore,207,58,1899,110142,2.08585e+07,15878386,0,15878386,0,0,0,0,0,0,0,-1,110142,100,ok
BBMSInter,207,58,1899,110142,2.08585e+07,82686,1253114,1335800,216657,0,0,0,0,0,0,-1,110142,100,ok
BBMSDppInstant,207,58,1899,110142,2.08585e+07,82686,633271,715957,216657,9109,268534,9109,0,0,0,-1,110142,100,ok
BBMSDppStepwise,207,58,1899,110142,2.08585e+07,82686,633271,715957,216657,9109,114852,89524,0,0,0,-1,110142,100,ok
DijkstraPrims,207,58,1899,110142,2.08585e+07,0,0,0,0,0,0,0,110087,110069,841,375.367,110069,99.9337,ok
BBMSCore,208,58,63,3654,6531.89,256664,0,256664,0,0,0,0,0,0,0,-1,3654,100,ok
BBMSInter,208,58,63,3654,6531.89,3614,26834,30448,7187,0,0,0,0,0,0,-1,3654,100,ok
BBMSDppInstant,208,58,63,3654,6531.89,3614,19316,22930,7187,256,4977,256,0,0,0,-1,3654,100,ok
BBMSDppStepwise,208,58,63,3654,6531.89,3614,19316,22930,7187,256,2645,1928,0,0,0,-1,3654,100,ok
DijkstraPrims,208,58,63,3654,6531.89,0,0,0,0,0,0,0,3654,3644,103,75.9896,3644,99.7263,ok
BBMSCore,209,58,2142,124236,9133.44,276930774,0,276930774,0,0,0,0,0,0,0,-1,124236,100,ok
BBMSInter,209,58,2142,124236,9133.44,202290,9437898,9640188,246216,0,0,0,0,0,0,-1,124236,100,ok
BBMSDppInstant,209,58,2142,124236,9133.44,202290,550817,753107,246216,7283,72028,7283,0,0,0,-1,124236,100,ok
BBMSDppStepwise,209,58,2142,124236,9133.44,202290,550817,753107,246216,7283,60503,52508,0,0,0,-1,124236,100,ok
DijkstraPrims,209,58,2142,124236,9133.44,0,0,0,0,0,0,0,75067,74783,542,136.702,74783,60.1943,ok
BBMSCore,210,1917,249,477333,17551.5,308133524,0,308133524,0,0,0,0,0,0,0,-1,477333,100,ok
BBMSInter,210,1917,249,477333,17551.5,668350,12746725,13415075,950831,0,0,0,0,0,0,-1,477333,100,ok
BBMSDppInstant,210,1917,249,477333,17551.5,668350,2323634,2991984,950831,67150,534842,67150,0,0,0,-1,477333,100,ok
BBMSDppStepwise,210,1917,249,477333,17551.5,668350,2323634,2991984,950831,67150,401901,314343,0,0,0,-1,477333,100,ok
DijkstraPrims,210,1917,249,477333,17551.5,0,0,0,0,0,0,0,416829,416353,2370,889.954,416353,87.2249,ok
BBMSCore,211,1917,455,872235,8778.79,1041700998,0,1041700998,0,0,0,0,0,0,0,-1,872235,100,ok
BBMSInter,211,1917,455,872235,8778.79,1324988,41102596,42427584,1740251,0,0,0,0,0,0,-1,872235,100,ok
BBMSDppInstant,211,1917,455,872235,8778.79,1324988,4101558,5426546,1740251,87076,961563,87076,0,0,0,-1,872235,100,ok
BBMSDppStepwise,211,1917,455,872235,8778.79,1324988,4101558,5426546,1740251,87076,720467,601034,0,0,0,-1,872235,100,ok
DijkstraPrims,211,1917,455,872235,8778.79,0,0,0,0,0,0,0,46831,44953,2183,1300.75,44953,5.15377,ok
BBMSCore,212,1917,20006,38351502,1.50406e+06,72422798178,0,72422798178,0,0,0,0,0,0,0,-1,38351502,100,ok
BBMSInter,212,1917,20006,38351502,1.50406e+06,48086774,5176701323,5224788097,76679201,0,0,0,0,0,0,-1,38351502,100,ok
BBMSDppInstant,212,1917,20006,38351502,1.50406e+06,48086774,196176898,244263672,76679201,2403069,67045487,2403069,0,0,0,-1,38351502,100,ok
BBMSDppStepwise,212,1917,20006,38351502,1.50406e+06,48086774,196176898,244263672,76679201,2403069,33579064,29795563,0,0,0,-1,38351502,100,ok
DijkstraPrims,212,1917,20006,38351502,1.50406e+06,0,0,0,0,0,0,0,19996077,19980498,17006,7510.16,19980498,52.0983,ok
BBMSCore,213,1917,1899,3640383,2.08609e+07,2127657196,0,2127657196,0,0,0,0,0,0,0,-1,3640383,100,ok
BBMSInter,213,1917,1899,3640383,2.08609e+07,3875246,124795540,128670786,7274331,0,0,0,0,0,0,-1,3640383,100,ok
BBMSDppInstant,213,1917,1899,3640383,2.08609e+07,3875246,19643105,23518351,7274331,445388,6917810,445388,0,0,0,-1,3640383,100,ok
BBMSDppStepwise,213,1917,1899,3640383,2.08609e+07,3875246,19643105,23518351,7274331,445388,3778822,3049790,0,0,0,-1,3640383,100,ok
DijkstraPrims,213,1917,1899,3640383,2.08609e+07,0,0,0,0,0,0,0,3603731,3602624,4592,2931.1,3602624,98.9628,ok
BBMSCore,214,1917,63,120771,10397,158002958,0,158002958,0,0,0,0,0,0,0,-1,120771,100,ok
BBMSInter,214,1917,63,120771,10397,189362,3850699,4040061,237697,0,0,0,0,0,0,-1,120771,100,ok
BBMSDppInstant,214,1917,63,120771,10397,189362,547499,736861,237697,10180,116946,10180,0,0,0,-1,120771,100,ok
BBMSDppStepwise,214,1917,63,120771,10397,189362,547499,736861,237697,10180,88313,73926,0,0,0,-1,120771,100,ok
DijkstraPrims,214,1917,63,120771,10397,0,0,0,0,0,0,0,55380,55186,1042,730.197,55186,45.6947,ok
BBMSCore,215,1917,2142,4106214,16120.4,8089290394,0,8089290394,0,0,0,0,0,0,0,-1,4106214,100,ok
BBMSInter,215,1917,2142,4106214,16120.4,6304492,118841463,125145955,8207525,0,0,0,0,0,0,-1,4106214,100,ok
BBMSDppInstant,215,1917,2142,4106214,16120.4,6304492,19258258,25562750,8207525,209109,2969207,209109,0,0,0,-1,4106214,100,ok
BBMSDppStepwise,215,1917,2142,4106214,16120.4,6304492,19258258,25562750,8207525,209109,1944153,1674696,0,0,0,-1,4106214,100,ok
DijkstraPrims,215,1917,2142,4106214,16120.4,0,0,0,0,0,0,0,2118174,2115068,4331,3187.39,2115068,51.509,ok
BBMSCore,216,249,455,113295,15870.7,41768366,0,41768366,0,0,0,0,0,0,0,-1,113295,100,ok
BBMSInter,216,249,455,113295,15870.7,210318,1387702,1598020,225706,0,0,0,0,0,0,-1,113295,100,ok
BBMSDppInstant,216,249,455,113295,15870.7,210318,472663,682981,225706,6158,25231,6158,0,0,0,-1,113295,100,ok
BBMSDppStepwise,216,249,455,113295,15870.7,210318,472663,682981,225706,6158,24343,17991,0,0,0,-1,113295,100,ok
DijkstraPrims,216,249,455,113295,15870.7,0,0,0,0,0,0,0,4117,3487,686,558.878,3487,3.07781,ok
BBMSCore,217,249,20006,4981494,1.49088e+06,3198151888,0,3198151888,0,0,0,0,0,0,0,-1,4981494,100,ok
BBMSInter,217,249,20006,4981494,1.49088e+06,5475206,711393259,716868465,9942488,0,0,0,0,0,0,-1,4981494,100,ok
BBMSDppInstant,217,249,20006,4981494,1.49088e+06,5475206,26515870,31991076,9942488,285530,8253880,285530,0,0,0,-1,4981494,100,ok
BBMSDppStepwise,217,249,20006,4981494,1.49088e+06,5475206,26515870,31991076,9942488,285530,3319370,2758768,0,0,0,-1,4981494,100,ok
DijkstraPrims,217,249,20006,4981494,1.49088e+06,0,0,0,0,0,0,0,2620007,2607568,12462,3118.39,2607568,52.3451,ok
BBMSCore,218,249,1899,472851,2.08775e+07,112184334,0,112184334,0,0,0,0,0,0,0,-1,472851,100,ok
BBMSInter,218,249,1899,472851,2.08775e+07,456790,10559087,11015877,941791,0,0,0,0,0,0,-1,472851,100,ok
BBMSDppInstant,218,249,1899,472851,2.08775e+07,456790,2609742,3066532,941791,67259,750719,67259,0,0,0,-1,472851,100,ok
BBMSDppStepwise,218,249,1899,472851,2.08775e+07,456790,2609742,3066532,941791,67259,489099,386912,0,0,0,-1,472851,100,ok
DijkstraPrims,218,249,1899,472851,2.08775e+07,0,0,0,0,0,0,0,472805,472782,1326,653.163,472782,99.9854,ok
BBMSCore,219,249,63,15687,24990.1,3451732,0,3451732,0,0,0,0,0,0,0,-1,15687,100,ok
BBMSInter,219,249,63,15687,24990.1,27612,165488,193100,31040,0,0,0,0,0,0,-1,15687,100,ok
BBMSDppInstant,219,249,63,15687,24990.1,27612,66212,93824,31040,1224,4894,1224,0,0,0,-1,15687,100,ok
BBMSDppStepwise,219,249,63,15687,24990.1,27612,66212,93824,31040,1224,4630,3294,0,0,0,-1,15687,100,ok
DijkstraPrims,219,249,63,15687,24990.1,0,0,0,0,0,0,0,1334,1020,319,251.814,1020,6.5022,ok
BBMSCore,220,249,2142,533358,26349.8,1778525616,0,1778525616,0,0,0,0,0,0,0,-1,533358,100,ok
BBMSInter,220,249,2142,533358,26349.8,981492,32762221,33743713,1063307,0,0,0,0,0,0,-1,533358,100,ok
BBMSDppInstant,220,249,2142,533358,26349.8,981492,2244534,3226026,1063307,26555,191636,26555,0,0,0,-1,533358,100,ok
BBMSDppStepwise,220,249,2142,533358,26349.8,981492,2244534,3226026,1063307,26555,176991,150190,0,0,0,-1,533358,100,ok
DijkstraPrims,220,249,2142,533358,26349.8,0,0,0,0,0,0,0,508766,508426,1444,391.195,508426,95.3255,ok
BBMSCore,221,455,20006,9102730,1.50511e+06,215495406340,0,215495406340,0,0,0,0,0,0,0,-1,9102730,100,ok
BBMSInter,221,455,20006,9102730,1.50511e+06,15292598,5421832395,5437124993,18171582,0,0,0,0,0,0,-1,9102730,100,ok
BBMSDppInstant,221,455,20006,9102730,1.50511e+06,15292598,40636990,55929588,18171582,589562,5066265,589562,0,0,0,-1,9102730,100,ok
BBMSDppStepwise,221,455,20006,9102730,1.50511e+06,15292598,40636990,55929588,18171582,589562,3564345,2898222,0,0,0,-1,9102730,100,ok
DijkstraPrims,221,455,20006,9102730,1.50511e+06,0,0,0,0,0,0,0,4134631,4122993,11674,1989.19,4122993,45.294,ok
BBMSCore,222,455,1899,864045,2.08657e+07,947441102,0,947441102,0,0,0,0,0,0,0,-1,864045,100,ok
BBMSInter,222,455,1899,864045,2.08657e+07,910996,34721510,35632506,1725467,0,0,0,0,0,0,-1,864045,100,ok
BBMSDppInstant,222,455,1899,864045,2.08657e+07,910996,4665348,5576344,1725467,63666,3204406,63666,0,0,0,-1,864045,100,ok
BBMSDppStepwise,222,455,1899,864045,2.08657e+07,910996,4665348,5576344,1725467,63666,711098,568825,0,0,0,-1,864045,100,ok
DijkstraPrims,222,455,1899,864045,2.08657e+07,0,0,0,0,0,0,0,863356,863189,2400,1228.3,863189,99.9009,ok
BBMSCore,223,455,63,28665,11830.7,12334806,0,12334806,0,0,0,0,0,0,0,-1,28665,100,ok
BBMSInter,223,455,63,28665,11830.7,41006,287497,328503,56812,0,0,0,0,0,0,-1,28665,100,ok
BBMSDppInstant,223,455,63,28665,11830.7,41006,135525,176531,56812,1592,21618,1592,0,0,0,-1,28665,100,ok
BBMSDppStepwise,223,455,63,28665,11830.7,41006,135525,176531,56812,1592,13772,11075,0,0,0,-1,28665,100,ok
DijkstraPrims,223,455,63,28665,11830.7,0,0,0,0,0,0,0,24240,24073,267,131.192,24073,83.9805,ok
BBMSCore,224,455,2142,974610,13431.6,773106056,0,773106056,0,0,0,0,0,0,0,-1,974610,100,ok
BBMSInter,224,455,2142,974610,13431.6,1308746,22065983,23374729,1946152,0,0,0,0,0,0,-1,974610,100,ok
BBMSDppInstant,224,455,2142,974610,13431.6,1308746,4840942,6149688,1946152,51646,4748113,51646,0,0,0,-1,974610,100,ok
BBMSDppStepwise,224,455,2142,974610,13431.6,1308746,4840942,6149688,1946152,51646,620077,486377,0,0,0,-1,974610,100,ok
DijkstraPrims,224,455,2142,974610,13431.6,0,0,0,0,0,0,0,960181,959610,1974,1206.43,959610,98.4609,ok
BBMSInter,225,20006,1899,37991394,2.20301e+07,52682336,4021333132,4074015468,75959155,0,0,0,0,0,0,-1,37991394,100,ok
BBMSDppInstant,225,20006,1899,37991394,2.20301e+07,52682336,186762924,239445260,75959155,1588231,51487376,1588231,0,0,0,-1,37991394,100,ok
BBMSDppStepwise,225,20006,1899,37991394,2.20301e+07,52682336,186762924,239445260,75959155,1588231,23792352,21391453,0,0,0,-1,37991394,100,ok
DijkstraPrims,225,20006,1899,37991394,2.20301e+07,0,0,0,0,0,0,0,37754025,37750651,23276,14938.9,37750651,99.3663,ok
BBMSCore,226,20006,63,1260378,1.51441e+06,17286478554,0,17286478554,0,0,0,0,0,0,0,-1,1260378,100,ok
BBMSInter,226,20006,63,1260378,1.51441e+06,2038194,325153539,327191733,2488914,0,0,0,0,0,0,-1,1260378,100,ok
BBMSDppInstant,226,20006,63,1260378,1.51441e+06,2038194,5624877,7663071,2488914,68848,866555,68848,0,0,0,-1,1260378,100,ok
BBMSDppStepwise,226,20006,63,1260378,1.51441e+06,2038194,5624877,7663071,2488914,68848,641262,560785,0,0,0,-1,1260378,100,ok
DijkstraPrims,226,20006,63,1260378,1.51441e+06,0,0,0,0,0,0,0,705109,696902,8211,1130.61,696902,55.2931,ok
BBMSDppInstant,227,20006,2142,42852852,1.50691e+06,67362940,198770520,266133460,85682457,1206746,55528540,1206746,0,0,0,-1,42852852,100,ok
BBMSDppStepwise,227,20006,2142,42852852,1.50691e+06,67362940,198770520,266133460,85682457,1206746,17889045,15996190,0,0,0,-1,42852852,100,ok
DijkstraPrims,227,20006,2142,42852852,1.50691e+06,0,0,0,0,0,0,0,21633068,21617302,16932,8428.91,21617302,50.4454,ok
BBMSCore,228,1899,63,119637,2.08541e+07,41068180,0,41068180,0,0,0,0,0,0,0,-1,119637,100,ok
BBMSInter,228,1899,63,119637,2.08541e+07,133914,2164748,2298662,235740,0,0,0,0,0,0,-1,119637,100,ok
BBMSDppInstant,228,1899,63,119637,2.08541e+07,133914,622859,756773,235740,9800,210869,9800,0,0,0,-1,119637,100,ok
BBMSDppStepwise,228,1899,63,119637,2.08541e+07,133914,622859,756773,235740,9800,107627,85950,0,0,0,-1,119637,100,ok
DijkstraPrims,228,1899,63,119637,2.08541e+07,0,0,0,0,0,0,0,119209,119146,738,281.44,119146,99.5896,ok
BBMSCore,229,1899,2142,4067658,2.08552e+07,8572441240,0,8572441240,0,0,0,0,0,0,0,-1,4067658,100,ok
BBMSInter,229,1899,2142,4067658,2.08552e+07,6759198,96744615,103503813,8129193,0,0,0,0,0,0,-1,4067658,100,ok
BBMSDppInstant,229,1899,2142,4067658,2.08552e+07,6759198,18306527,25065725,8129193,226430,3757358,226430,0,0,0,-1,4067658,100,ok
BBMSDppStepwise,229,1899,2142,4067658,2.08552e+07,6759198,18306527,25065725,8129193,226430,1945817,1618028,0,0,0,-1,4067658,100,ok
DijkstraPrims,229,1899,2142,4067658,2.08552e+07,0,0,0,0,0,0,0,880018,877202,3486,2813.57,877202,21.5653,ok
BBMSCore,230,63,2142,134946,11326.7,223866416,0,223866416,0,0,0,0,0,0,0,-1,134946,100,ok
BBMSInter,230,63,2142,134946,11326.7,242300,836507,1078807,267442,0,0,0,0,0,0,-1,134946,100,ok
BBMSDppInstant,230,63,2142,134946,11326.7,242300,565730,808030,267442,3750,34394,3750,0,0,0,-1,134946,100,ok
BBMSDppStepwise,230,63,2142,134946,11326.7,242300,565730,808030,267442,3750,24690,19550,0,0,0,-1,134946,100,ok
DijkstraPrims,230,63,2142,134946,11326.7,0,0,0,0,0,0,0,39969,38555,1472,951.079,38555,28.5707,ok
