algorithm,pair_index,m,n,cells,runtime_s,frechet_dist,maxrss_before_mb,maxrss_after_mb,minor_faults,major_faults,block_input_ops,block_output_ops,voluntary_ctx_switches,involuntary_ctx_switches,user_time_s,sys_time_s,blocked_time_s,status,repeat
BBMSCore,0,799,2201,1758599,3.89422,2729.88,39.3828,43.8672,10334,0,0,0,0,22,3.88392,0.010017,0.00028005,ok,0
BBMSInter,0,799,2201,1758599,0.269233,2729.88,39.3828,97.5,24073,0,0,0,0,3,0.233383,0.035818,3.1686e-05,ok,0
BBMSDppInstant,0,799,2201,1758599,0.483247,2729.88,39.3828,415.461,107022,0,0,0,0,6,0.321142,0.162051,5.3791e-05,ok,0
BBMSDppStepwise,0,799,2201,1758599,0.622471,2729.88,39.3828,355.469,90504,0,0,0,0,6,0.493373,0.129035,6.2711e-05,ok,0
DijkstraPrims,0,799,2201,1758599,0.327164,2729.88,39.3828,81.2031,25001,0,0,0,0,1,0.277141,0.050013,1.0091e-05,ok,0
BBMSCore,0,799,2201,1758599,3.86171,2729.88,39.3828,43.8672,10334,0,0,0,0,16,3.85133,0.010011,0.000371056,ok,1
BBMSInter,0,799,2201,1758599,0.264387,2729.88,39.3828,97.6055,24073,0,0,0,0,0,0.244586,0.019812,-1.1084e-05,ok,1
BBMSDppInstant,0,799,2201,1758599,0.474887,2729.88,39.3828,415.395,107022,0,0,0,0,2,0.325562,0.149321,4.468e-06,ok,1
BBMSDppStepwise,0,799,2201,1758599,0.619228,2729.88,39.3828,355.457,90504,0,0,0,0,3,0.488758,0.130451,1.9489e-05,ok,1
DijkstraPrims,0,799,2201,1758599,0.335567,2729.88,39.3867,81.2188,25001,0,0,0,0,3,0.325574,0.009954,3.9164e-05,ok,1
BBMSCore,0,799,2201,1758599,3.8381,2729.88,39.3867,43.8672,10334,0,0,0,0,19,3.82756,0.010001,0.000536611,ok,2
BBMSInter,0,799,2201,1758599,0.267302,2729.88,39.3867,97.625,24073,0,0,0,0,0,0.227259,0.040053,-9.942e-06,ok,2
BBMSDppInstant,0,799,2201,1758599,0.478162,2729.88,39.3867,415.453,107022,0,0,0,0,2,0.397966,0.080194,1.903e-06,ok,2
BBMSDppStepwise,0,799,2201,1758599,0.620938,2729.88,39.3867,355.48,90504,0,0,0,0,2,0.502093,0.118839,5.59e-06,ok,2
DijkstraPrims,0,799,2201,1758599,0.327559,2729.88,39.3867,81.2266,25001,0,0,0,0,2,0.297481,0.030047,3.0855e-05,ok,2
BBMSCore,1,799,53,42347,0.103105,4411.78,39.3906,39.3906,261,0,0,0,0,0,0.096933,0.006181,-8.805e-06,ok,0
BBMSInter,1,799,53,42347,0.0187923,4411.78,39.3906,39.3906,591,0,0,0,0,0,0.018799,0,-6.679e-06,ok,0
BBMSDppInstant,1,799,53,42347,0.00723654,4411.78,39.3906,39.3906,2193,0,0,0,0,0,0.007244,0,-7.455e-06,ok,0
BBMSDppStepwise,1,799,53,42347,0.00740788,4411.78,39.3906,39.3906,2174,0,0,0,0,1,0,0.007396,1.188e-05,ok,0
DijkstraPrims,1,799,53,42347,0.00137125,4411.78,39.3906,39.3906,142,0,0,0,0,0,0.001377,0,-5.746e-06,ok,0
BBMSCore,1,799,53,42347,0.103249,4411.78,39.3906,39.3906,261,0,0,0,0,2,0.096582,0.00662,4.6867e-05,ok,1
BBMSInter,1,799,53,42347,0.0187264,4411.78,39.3906,39.3906,591,0,0,0,0,0,0.018734,0,-7.559e-06,ok,1
BBMSDppInstant,1,799,53,42347,0.00686121,4411.78,39.3906,39.3906,2193,0,0,0,0,0,0,0.006867,-5.794e-06,ok,1
BBMSDppStepwise,1,799,53,42347,0.00708057,4411.78,39.3906,39.3906,2174,0,0,0,0,0,0,0.007086,-5.434e-06,ok,1
DijkstraPrims,1,799,53,42347,0.00138046,4411.78,39.3906,39.3906,142,0,0,0,0,0,0.001386,0,-5.539e-06,ok,1
BBMSCore,1,799,53,42347,0.103139,4411.78,39.3945,39.3945,261,0,0,0,0,3,0.103096,0,4.2578e-05,ok,2
BBMSInter,1,799,53,42347,0.0187254,4411.78,39.3945,39.3945,591,0,0,0,0,0,0.018732,0,-6.616e-06,ok,2
BBMSDppInstant,1,799,53,42347,0.00689262,4411.78,39.3945,39.3945,2193,0,0,0,0,0,0.006898,0,-5.384e-06,ok,2
BBMSDppStepwise,1,799,53,42347,0.00710001,4411.78,39.3945,39.3945,2174,0,0,0,0,0,0.007106,0,-5.995e-06,ok,2
DijkstraPrims,1,799,53,42347,0.00138198,4411.78,39.3945,39.3945,142,0,0,0,0,0,0.001388,0,-6.019e-06,ok,2
BBMSCore,2,799,846,675954,1.45021,16090.1,39.3984,39.3984,3977,0,0,0,0,7,1.45001,0,0.000203815,ok,0
BBMSInter,2,799,846,675954,0.194847,16090.1,39.3984,39.7422,9258,0,0,0,0,1,0.184897,0.009947,3.116e-06,ok,0
BBMSDppInstant,2,799,846,675954,0.138679,16090.1,39.3984,142.094,35699,0,0,0,0,2,0.118276,0.020377,2.5852e-05,ok,0
BBMSDppStepwise,2,799,846,675954,0.152571,16090.1,39.3984,139.141,34900,0,0,0,0,3,0.142097,0.010439,3.5248e-05,ok,0
DijkstraPrims,2,799,846,675954,0.1025,16090.1,39.3984,39.3984,6771,0,0,0,0,1,0.102486,0,1.4133e-05,ok,0
BBMSCore,2,799,846,675954,1.46124,16090.1,39.3984,39.3984,3977,0,0,0,0,4,1.46102,0,0.000221521,ok,1
BBMSInter,2,799,846,675954,0.194406,16090.1,39.3984,39.7344,9258,0,0,0,0,1,0.184473,0.009918,1.5055e-05,ok,1
BBMSDppInstant,2,799,846,675954,0.139015,16090.1,39.3984,142.094,35699,0,0,0,0,3,0.07771,0.061268,3.716e-05,ok,1
BBMSDppStepwise,2,799,846,675954,0.152694,16090.1,39.3984,139.145,34900,0,0,0,0,2,0.142225,0.01044,2.8561e-05,ok,1
DijkstraPrims,2,799,846,675954,0.102499,16090.1,39.3984,39.3984,6771,0,0,0,0,1,0.091849,0.010645,4.809e-06,ok,1
BBMSCore,2,799,846,675954,1.45056,16090.1,39.3984,39.3984,3977,0,0,0,0,5,1.45034,0,0.000212662,ok,2
BBMSInter,2,799,846,675954,0.194919,16090.1,39.3984,39.7422,9258,0,0,0,0,2,0.18495,0.009943,2.5508e-05,ok,2
BBMSDppInstant,2,799,846,675954,0.139718,16090.1,39.3984,142.094,35699,0,0,0,0,3,0.108883,0.03079,4.4813e-05,ok,2
BBMSDppStepwise,2,799,846,675954,0.154623,16090.1,39.3984,139.129,34900,0,0,0,0,2,0.14403,0.010568,2.5047e-05,ok,2
DijkstraPrims,2,799,846,675954,0.102032,16090.1,39.3984,39.3984,6771,0,0,0,0,1,0.080828,0.021194,1.0129e-05,ok,2
BBMSCore,3,799,903,721497,2.99844,15919.1,39.4023,39.4023,4244,0,0,0,0,18,2.98804,0.010008,0.000388397,ok,0
BBMSInter,3,799,903,721497,0.0451259,15919.1,39.4023,42.1172,9881,0,0,0,0,0,0.035137,0.009998,-9.116e-06,ok,0
BBMSDppInstant,3,799,903,721497,0.193139,15919.1,39.4023,191.293,48609,0,0,0,0,1,0.153554,0.039569,1.5847e-05,ok,0
BBMSDppStepwise,3,799,903,721497,0.182978,15919.1,39.4023,147.418,37018,0,0,0,0,3,0.133546,0.049378,5.3596e-05,ok,0
DijkstraPrims,3,799,903,721497,0.098417,15919.1,39.4023,39.4023,6316,0,0,0,0,2,0.093739,0.004659,1.898e-05,ok,0
BBMSCore,3,799,903,721497,3.10671,15919.1,39.4023,39.4023,4244,0,0,0,0,11,3.09631,0.010003,0.000404306,ok,1
BBMSInter,3,799,903,721497,0.0432632,15919.1,39.4023,42.0898,9881,0,0,0,0,1,0.043248,0,1.5238e-05,ok,1
BBMSDppInstant,3,799,903,721497,0.192484,15919.1,39.4023,191.289,48609,0,0,0,0,2,0.113622,0.078832,3.0206e-05,ok,1
BBMSDppStepwise,3,799,903,721497,0.17942,15919.1,39.4023,147.43,37018,0,0,0,0,1,0.130966,0.04845,4.015e-06,ok,1
DijkstraPrims,3,799,903,721497,0.0965504,15919.1,39.4023,39.4023,6316,0,0,0,0,1,0.096539,0,1.1418e-05,ok,1
BBMSCore,3,799,903,721497,3.01894,15919.1,39.4023,39.4023,4244,0,0,0,0,10,3.0188,0,0.000140399,ok,2
BBMSInter,3,799,903,721497,0.0432241,15919.1,39.4062,42.1094,9881,0,0,0,0,0,0.043233,0,-8.879e-06,ok,2
BBMSDppInstant,3,799,903,721497,0.192504,15919.1,39.4062,191.289,48609,0,0,0,0,0,0.130175,0.062341,-1.1613e-05,ok,2
BBMSDppStepwise,3,799,903,721497,0.179708,15919.1,39.4062,147.418,37018,0,0,0,0,2,0.138708,0.040977,2.3091e-05,ok,2
DijkstraPrims,3,799,903,721497,0.0978071,15919.1,39.4102,39.4102,6316,0,0,0,0,0,0.08757,0.010247,-9.884e-06,ok,2
BBMSCore,4,799,199,159001,0.198591,16625,39.4102,39.4102,944,0,0,0,0,2,0.198547,0,4.3936e-05,ok,0
BBMSInter,4,799,199,159001,0.0721221,16625,39.4141,39.4141,2186,0,0,0,0,1,0.072118,0,4.099e-06,ok,0
BBMSDppInstant,4,799,199,159001,0.0407003,16625,39.4141,40.2969,9529,0,0,0,0,0,0.031537,0.009173,-9.708e-06,ok,0
BBMSDppStepwise,4,799,199,159001,0.045489,16625,39.4141,39.4141,8368,0,0,0,0,2,0.045459,0,3.0004e-05,ok,0
DijkstraPrims,4,799,199,159001,0.0239127,16625,39.4141,39.4141,1887,0,0,0,0,0,0.023922,0,-9.262e-06,ok,0
BBMSCore,4,799,199,159001,0.19746,16625,39.4141,39.4141,944,0,0,0,0,2,0.192772,0.00468,7.87e-06,ok,1
BBMSInter,4,799,199,159001,0.0718899,16625,39.4141,39.4141,2186,0,0,0,0,2,0.052676,0.019199,1.494e-05,ok,1
BBMSDppInstant,4,799,199,159001,0.040123,16625,39.4141,40.3008,9529,0,0,0,0,1,0.04011,0,1.3012e-05,ok,1
BBMSDppStepwise,4,799,199,159001,0.0457206,16625,39.4141,39.4141,8368,0,0,0,0,1,0.025416,0.020289,1.5566e-05,ok,1
DijkstraPrims,4,799,199,159001,0.024039,16625,39.4141,39.4141,1887,0,0,0,0,0,0.024048,0,-9.005e-06,ok,1
BBMSCore,4,799,199,159001,0.197709,16625,39.4141,39.4141,944,0,0,0,0,1,0.197697,0,1.1518e-05,ok,2
BBMSInter,4,799,199,159001,0.0713054,16625,39.4141,39.4141,2186,0,0,0,0,2,0.071288,0,1.7385e-05,ok,2
BBMSDppInstant,4,799,199,159001,0.0401364,16625,39.4141,40.2695,9529,0,0,0,0,1,0.028876,0.011261,-5.64e-07,ok,2
BBMSDppStepwise,4,799,199,159001,0.0474546,16625,39.4141,39.4141,8368,0,0,0,0,0,0.026449,0.021013,-7.442e-06,ok,2
DijkstraPrims,4,799,199,159001,0.0243679,16625,39.4141,39.4141,1887,0,0,0,0,1,0.014542,0.009822,3.868e-06,ok,2
BBMSCore,5,799,223,178177,0.177589,12420.5,39.418,39.418,1058,0,0,0,0,3,0.167386,0.01016,4.2726e-05,ok,0
BBMSInter,5,799,223,178177,0.0272449,12420.5,39.418,39.418,2450,0,0,0,0,0,0.024506,0.002746,-7.124e-06,ok,0
BBMSDppInstant,5,799,223,178177,0.0378066,12420.5,39.418,42.9727,10163,0,0,0,0,1,0.027026,0.010771,9.641e-06,ok,0
BBMSDppStepwise,5,799,223,178177,0.0468597,12420.5,39.418,39.7422,9285,0,0,0,0,1,0.036384,0.01046,1.5685e-05,ok,0
DijkstraPrims,5,799,223,178177,0.0274666,12420.5,39.418,39.418,2686,0,0,0,0,0,0.01649,0.010985,-8.401e-06,ok,0
BBMSCore,5,799,223,178177,0.177677,12420.5,39.418,39.418,1058,0,0,0,0,3,0.177461,0,0.000215641,ok,1
BBMSInter,5,799,223,178177,0.0275395,12420.5,39.418,39.418,2450,0,0,0,0,0,0.027547,0,-7.539e-06,ok,1
BBMSDppInstant,5,799,223,178177,0.0388912,12420.5,39.418,42.9922,10163,0,0,0,0,1,0.038888,0,3.191e-06,ok,1
BBMSDppStepwise,5,799,223,178177,0.0483459,12420.5,39.418,39.7422,9285,0,0,0,0,0,0.048355,0,-9.118e-06,ok,1
DijkstraPrims,5,799,223,178177,0.0277022,12420.5,39.418,39.418,2686,0,0,0,0,0,0.016622,0.011089,-8.769e-06,ok,1
BBMSCore,5,799,223,178177,0.176962,12420.5,39.418,39.418,1058,0,0,0,0,2,0.176947,0,1.4624e-05,ok,2
BBMSInter,5,799,223,178177,0.026943,12420.5,39.418,39.418,2450,0,0,0,0,1,0.026943,0,5e-08,ok,2
BBMSDppInstant,5,799,223,178177,0.0380154,12420.5,39.418,43.0117,10163,0,0,0,0,1,0.012,0.025998,1.7447e-05,ok,2
BBMSDppStepwise,5,799,223,178177,0.0472383,12420.5,39.4219,39.7422,9285,0,0,0,0,1,0.036695,0.010542,1.324e-06,ok,2
DijkstraPrims,5,799,223,178177,0.0273933,12420.5,39.4219,39.4219,2686,0,0,0,0,1,0.02467,0.002707,1.6262e-05,ok,2
BBMSCore,6,799,154,123046,0.0476532,2645.03,39.4219,39.4219,733,0,0,0,0,4,0.047447,0,0.000206198,ok,0
BBMSInter,6,799,154,123046,0.00897912,2645.03,39.4258,39.4258,1695,0,0,0,0,0,0.007335,0.001651,-6.884e-06,ok,0
BBMSDppInstant,6,799,154,123046,0.0172483,2645.03,39.4258,39.4258,6434,0,0,0,0,0,0.005843,0.011411,-5.722e-06,ok,0
BBMSDppStepwise,6,799,154,123046,0.0179052,2645.03,39.4258,39.4258,6405,0,0,0,0,1,0.010004,0.007886,1.5246e-05,ok,0
DijkstraPrims,6,799,154,123046,0.00109259,2645.03,39.4258,39.4258,105,0,0,0,0,0,0,0.001099,-6.413e-06,ok,0
BBMSCore,6,799,154,123046,0.0476266,2645.03,39.4258,39.4258,733,0,0,0,0,2,0.047592,0,3.4602e-05,ok,1
BBMSInter,6,799,154,123046,0.00934582,2645.03,39.4258,39.4258,1695,0,0,0,0,0,0.009352,0,-6.184e-06,ok,1
BBMSDppInstant,6,799,154,123046,0.017523,2645.03,39.4258,39.4258,6434,0,0,0,0,1,0.005941,0.01158,1.978e-06,ok,1
BBMSDppStepwise,6,799,154,123046,0.0177437,2645.03,39.4258,39.4258,6405,0,0,0,0,0,0.006012,0.011739,-7.321e-06,ok,1
DijkstraPrims,6,799,154,123046,0.00105752,2645.03,39.4258,39.4258,105,0,0,0,0,0,0.001064,0,-6.478e-06,ok,1
BBMSCore,6,799,154,123046,0.0476663,2645.03,39.4258,39.4258,733,0,0,0,0,1,0.047665,0,1.297e-06,ok,2
BBMSInter,6,799,154,123046,0.00967606,2645.03,39.4258,39.4258,1695,0,0,0,0,0,0,0.009683,-6.937e-06,ok,2
BBMSDppInstant,6,799,154,123046,0.0175342,2645.03,39.4258,39.4258,6434,0,0,0,0,0,0.009776,0.007766,-7.809e-06,ok,2
BBMSDppStepwise,6,799,154,123046,0.0174433,2645.03,39.4258,39.4258,6405,0,0,0,0,0,0.005863,0.011588,-7.686e-06,ok,2
DijkstraPrims,6,799,154,123046,0.00103798,2645.03,39.4258,39.4258,105,0,0,0,0,0,0.001045,0,-7.015e-06,ok,2
BBMSCore,7,799,1128,901272,5.11235,28210.1,39.4297,39.4297,5305,0,0,0,0,23,5.10149,0.009995,0.000870749,ok,0
BBMSInter,7,799,1128,901272,0.0533617,28210.1,39.4297,51.7461,12347,0,0,0,0,0,0.053371,0,-9.311e-06,ok,0
BBMSDppInstant,7,799,1128,901272,0.155906,28210.1,39.4297,182.93,46111,0,0,0,0,1,0.094916,0.060973,1.7411e-05,ok,0
BBMSDppStepwise,7,799,1128,901272,0.16282,28210.1,39.4297,181.254,45683,0,0,0,0,1,0.073098,0.089706,1.6078e-05,ok,0
DijkstraPrims,7,799,1128,901272,0.0236988,28210.1,39.4336,39.4336,1764,0,0,0,0,1,0.023548,0,0.000150823,ok,0
BBMSCore,7,799,1128,901272,5.16758,28210.1,39.4336,39.4336,5305,0,0,0,0,17,5.15713,0.009987,0.000459264,ok,1
BBMSInter,7,799,1128,901272,0.0534731,28210.1,39.4336,51.7227,12347,0,0,0,0,0,0.043418,0.010065,-9.898e-06,ok,1
BBMSDppInstant,7,799,1128,901272,0.155886,28210.1,39.4336,182.91,46111,0,0,0,0,1,0.115233,0.040635,1.8048e-05,ok,1
BBMSDppStepwise,7,799,1128,901272,0.162602,28210.1,39.4336,181.246,45683,0,0,0,0,3,0.112794,0.049768,3.9972e-05,ok,1
DijkstraPrims,7,799,1128,901272,0.0234157,28210.1,39.4336,39.4336,1764,0,0,0,0,0,0.023423,0,-7.304e-06,ok,1
BBMSCore,7,799,1128,901272,5.15905,28210.1,39.4336,39.4336,5305,0,0,0,0,23,5.14886,0.009991,0.00019397,ok,2
BBMSInter,7,799,1128,901272,0.0533222,28210.1,39.4336,51.7227,12347,0,0,0,0,0,0.043305,0.010025,-7.812e-06,ok,2
BBMSDppInstant,7,799,1128,901272,0.157482,28210.1,39.4336,182.836,46111,0,0,0,0,1,0.085672,0.071811,-7.35e-07,ok,2
BBMSDppStepwise,7,799,1128,901272,0.163489,28210.1,39.4336,181.246,45683,0,0,0,0,1,0.123456,0.040031,2.131e-06,ok,2
DijkstraPrims,7,799,1128,901272,0.0233839,28210.1,39.4375,39.4375,1764,0,0,0,0,0,0.013327,0.010065,-8.099e-06,ok,2
BBMSCore,8,799,1191,951609,4.82401,24803.8,39.4375,39.4375,5600,0,0,0,0,21,4.81326,0.010001,0.000747806,ok,0
BBMSInter,8,799,1191,951609,0.0800622,24803.8,39.4414,54.4961,13035,0,0,0,0,1,0.06057,0.019484,8.152e-06,ok,0
BBMSDppInstant,8,799,1191,951609,0.179877,24803.8,39.4414,193.953,48939,0,0,0,0,4,0.130505,0.049307,6.5297e-05,ok,0
BBMSDppStepwise,8,799,1191,951609,0.191521,24803.8,39.4414,191.449,48306,0,0,0,0,3,0.129306,0.062176,3.9161e-05,ok,0
DijkstraPrims,8,799,1191,951609,0.029287,24803.8,39.4414,39.4414,2760,0,0,0,0,1,0.029279,0,7.986e-06,ok,0
BBMSCore,8,799,1191,951609,4.86764,24803.8,39.4414,39.4414,5600,0,0,0,0,15,4.8666,0,0.00103915,ok,1
BBMSInter,8,799,1191,951609,0.0768947,24803.8,39.4414,54.4922,13035,0,0,0,0,1,0.058115,0.018761,1.8728e-05,ok,1
BBMSDppInstant,8,799,1191,951609,0.180434,24803.8,39.4414,193.945,48939,0,0,0,0,1,0.081518,0.098899,1.7139e-05,ok,1
BBMSDppStepwise,8,799,1191,951609,0.191773,24803.8,39.4414,191.438,48306,0,0,0,0,2,0.141932,0.049807,3.392e-05,ok,1
DijkstraPrims,8,799,1191,951609,0.0297119,24803.8,39.4414,39.4414,2760,0,0,0,0,1,0.020387,0.009309,1.5919e-05,ok,1
BBMSCore,8,799,1191,951609,4.86493,24803.8,39.4414,39.4414,5600,0,0,0,0,22,4.84402,0.019964,0.000941733,ok,2
BBMSInter,8,799,1191,951609,0.0771031,24803.8,39.4414,54.4922,13035,0,0,0,0,1,0.066506,0.010593,4.087e-06,ok,2
BBMSDppInstant,8,799,1191,951609,0.179924,24803.8,39.4414,193.949,48939,0,0,0,0,1,0.120729,0.059178,1.7291e-05,ok,2
BBMSDppStepwise,8,799,1191,951609,0.192101,24803.8,39.4414,191.422,48306,0,0,0,0,2,0.122224,0.069842,3.5004e-05,ok,2
DijkstraPrims,8,799,1191,951609,0.0293664,24803.8,39.4414,39.4414,2760,0,0,0,0,0,0.029375,0,-8.619e-06,ok,2
BBMSCore,9,799,185,147815,0.148459,13552.7,39.4453,39.4453,879,0,0,0,0,2,0.148432,0,2.6607e-05,ok,0
BBMSInter,9,799,185,147815,0.00606981,13552.7,39.4453,39.4453,2033,0,0,0,0,0,0.006077,0,-7.189e-06,ok,0
BBMSDppInstant,9,799,185,147815,0.02149,13552.7,39.4453,39.4453,7703,0,0,0,0,1,0,0.021488,1.971e-06,ok,0
BBMSDppStepwise,9,799,185,147815,0.0221282,13552.7,39.4453,39.4453,7667,0,0,0,0,1,0.002135,0.019974,1.9166e-05,ok,0
DijkstraPrims,9,799,185,147815,0.0123347,13552.7,39.4453,39.4453,1313,0,0,0,0,1,0.002248,0.010084,2.703e-06,ok,0
BBMSCore,9,799,185,147815,0.148799,13552.7,39.4453,39.4453,879,0,0,0,0,3,0.148602,0,0.000196579,ok,1
BBMSInter,9,799,185,147815,0.00653039,13552.7,39.4453,39.4453,2033,0,0,0,0,1,0,0.006457,7.3386e-05,ok,1
BBMSDppInstant,9,799,185,147815,0.0212415,13552.7,39.4453,39.4453,7703,0,0,0,0,0,0.011594,0.009655,-7.546e-06,ok,1
BBMSDppStepwise,9,799,185,147815,0.0219439,13552.7,39.4453,39.4453,7667,0,0,0,0,0,0.012022,0.009932,-1.008e-05,ok,1
DijkstraPrims,9,799,185,147815,0.0123227,13552.7,39.4453,39.4453,1313,0,0,0,0,0,0.010113,0.002217,-7.26e-06,ok,1
BBMSCore,9,799,185,147815,0.148622,13552.7,39.4453,39.4453,879,0,0,0,0,3,0.148575,0,4.7028e-05,ok,2
BBMSInter,9,799,185,147815,0.00634944,13552.7,39.4453,39.4453,2033,0,0,0,0,0,0.006357,0,-7.56e-06,ok,2
BBMSDppInstant,9,799,185,147815,0.0209949,13552.7,39.4453,39.4453,7703,0,0,0,0,0,0.01143,0.009572,-7.089e-06,ok,2
BBMSDppStepwise,9,799,185,147815,0.0220725,13552.7,39.4453,39.4453,7667,0,0,0,0,0,0.022082,0,-9.474e-06,ok,2
DijkstraPrims,9,799,185,147815,0.0122954,13552.7,39.4453,39.4453,1313,0,0,0,0,0,0.012304,0,-8.646e-06,ok,2
BBMSCore,10,799,313,250087,0.152641,17531.4,39.4492,39.4492,1480,0,0,0,0,3,0.152583,0,5.8414e-05,ok,0
BBMSInter,10,799,313,250087,0.0116529,17531.4,39.4531,39.4531,3434,0,0,0,0,0,0.011661,0,-8.075e-06,ok,0
BBMSDppInstant,10,799,313,250087,0.0376004,17531.4,39.4531,54.4922,13079,0,0,0,0,0,0.026153,0.011456,-8.647e-06,ok,0
BBMSDppStepwise,10,799,313,250087,0.0385672,17531.4,39.4531,54.2227,13017,0,0,0,0,1,0.003398,0.035155,1.4245e-05,ok,0
DijkstraPrims,10,799,313,250087,0.0111681,17531.4,39.4531,39.4531,876,0,0,0,0,1,0.009767,0.001393,8.145e-06,ok,0
BBMSCore,10,799,313,250087,0.15272,17531.4,39.4531,39.4531,1480,0,0,0,0,3,0.14263,0.010055,3.4649e-05,ok,1
BBMSInter,10,799,313,250087,0.0116211,17531.4,39.4531,39.4531,3434,0,0,0,0,0,0.011629,0,-7.856e-06,ok,1
BBMSDppInstant,10,799,313,250087,0.0373554,17531.4,39.4531,54.5,13079,0,0,0,0,0,0.009996,0.027367,-7.554e-06,ok,1
BBMSDppStepwise,10,799,313,250087,0.0386463,17531.4,39.4531,54.2617,13017,0,0,0,0,1,0.026879,0.011748,1.9322e-05,ok,1
DijkstraPrims,10,799,313,250087,0.0111743,17531.4,39.457,39.457,876,0,0,0,0,1,0.011157,0,1.7264e-05,ok,1
BBMSCore,10,799,313,250087,0.152644,17531.4,39.457,39.457,1480,0,0,0,0,1,0.152627,0,1.6661e-05,ok,2
BBMSInter,10,799,313,250087,0.0116092,17531.4,39.457,39.457,3434,0,0,0,0,0,0.011617,0,-7.805e-06,ok,2
BBMSDppInstant,10,799,313,250087,0.037073,17531.4,39.457,54.5,13079,0,0,0,0,2,0.009855,0.027158,6.003e-05,ok,2
BBMSDppStepwise,10,799,313,250087,0.0383602,17531.4,39.457,54.2422,13017,0,0,0,0,1,0.026677,0.011672,1.1233e-05,ok,2
DijkstraPrims,10,799,313,250087,0.0110859,17531.4,39.457,39.457,876,0,0,0,0,0,0.011094,0,-8.096e-06,ok,2
BBMSCore,11,799,1380,1102620,2.9103,12140.7,39.4609,39.4609,6487,0,0,0,0,12,2.90021,0.009997,9.9541e-05,ok,0
BBMSInter,11,799,1380,1102620,0.0662954,12140.7,39.4609,62.4922,15101,0,0,0,0,1,0.037958,0.028329,8.412e-06,ok,0
BBMSDppInstant,11,799,1380,1102620,0.169525,12140.7,39.4609,223.395,56465,0,0,0,0,1,0.090061,0.079442,2.1755e-05,ok,0
BBMSDppStepwise,11,799,1380,1102620,0.17115,12140.7,39.4609,222.742,56292,0,0,0,0,1,0.100985,0.07015,1.4689e-05,ok,0
DijkstraPrims,11,799,1380,1102620,0.108042,12140.7,39.4609,39.4609,7581,0,0,0,0,3,0.097711,0.010293,3.807e-05,ok,0
BBMSCore,11,799,1380,1102620,2.91014,12140.7,39.4609,39.4609,6487,0,0,0,0,10,2.90917,0.000692,0.000280871,ok,1
BBMSInter,11,799,1380,1102620,0.0662087,12140.7,39.4609,62.4922,15101,0,0,0,0,1,0.047187,0.019017,4.736e-06,ok,1
BBMSDppInstant,11,799,1380,1102620,0.167819,12140.7,39.4609,223.391,56465,0,0,0,0,2,0.089111,0.078668,4.0497e-05,ok,1
BBMSDppStepwise,11,799,1380,1102620,0.172226,12140.7,39.4609,222.738,56292,0,0,0,0,2,0.111725,0.060461,3.9707e-05,ok,1
DijkstraPrims,11,799,1380,1102620,0.105361,12140.7,39.4609,39.4609,7581,0,0,0,0,1,0.105349,0,1.2153e-05,ok,1
BBMSCore,11,799,1380,1102620,2.91074,12140.7,39.4609,39.4609,6487,0,0,0,0,17,2.89955,0.010651,0.000543195,ok,2
BBMSInter,11,799,1380,1102620,0.0667085,12140.7,39.4609,62.5117,15101,0,0,0,0,0,0.044991,0.021726,-8.454e-06,ok,2
BBMSDppInstant,11,799,1380,1102620,0.170777,12140.7,39.4609,223.395,56465,0,0,0,0,2,0.100738,0.070009,2.9959e-05,ok,2
BBMSDppStepwise,11,799,1380,1102620,0.174048,12140.7,39.4609,222.734,56292,0,0,0,0,1,0.102737,0.071293,1.7937e-05,ok,2
DijkstraPrims,11,799,1380,1102620,0.105291,12140.7,39.4609,39.4609,7581,0,0,0,0,1,0.095393,0.009884,1.4031e-05,ok,2
BBMSCore,12,799,1118,893282,1.02236,113660,39.4648,39.4648,5259,0,0,0,0,4,1.01229,0.010023,5.1366e-05,ok,0
BBMSInter,12,799,1118,893282,0.124903,113660,39.4648,51.3672,12237,0,0,0,0,2,0.115698,0.009189,1.6054e-05,ok,0
BBMSDppInstant,12,799,1118,893282,0.181029,113660,39.4688,190.102,47995,0,0,0,0,2,0.130696,0.050303,3.0319e-05,ok,0
BBMSDppStepwise,12,799,1118,893282,0.205018,113660,39.4688,185.531,46785,0,0,0,0,2,0.15381,0.051198,9.991e-06,ok,0
DijkstraPrims,12,799,1118,893282,0.0171432,113660,39.4688,39.4688,1532,0,0,0,0,0,0.017152,0,-8.769e-06,ok,0
BBMSCore,12,799,1118,893282,1.02186,113660,39.4688,39.4688,5259,0,0,0,0,4,1.02183,0,3.2112e-05,ok,1
BBMSInter,12,799,1118,893282,0.124193,113660,39.4688,51.3633,12237,0,0,0,0,2,0.113836,0.010331,2.5836e-05,ok,1
BBMSDppInstant,12,799,1118,893282,0.179392,113660,39.4688,190.219,47995,0,0,0,0,1,0.129577,0.049797,1.768e-05,ok,1
BBMSDppStepwise,12,799,1118,893282,0.203557,113660,39.4688,185.523,46785,0,0,0,0,3,0.132332,0.071169,5.5518e-05,ok,1
DijkstraPrims,12,799,1118,893282,0.0171529,113660,39.4688,39.4688,1532,0,0,0,0,0,0.009061,0.0081,-8.103e-06,ok,1
BBMSCore,12,799,1118,893282,1.02235,113660,39.4688,39.4688,5259,0,0,0,0,7,1.02227,0,7.5214e-05,ok,2
BBMSInter,12,799,1118,893282,0.124651,113660,39.4688,51.3867,12237,0,0,0,0,1,0.114269,0.010362,1.9526e-05,ok,2
BBMSDppInstant,12,799,1118,893282,0.178587,113660,39.4688,190.219,47995,0,0,0,0,1,0.128937,0.049633,1.7197e-05,ok,2
BBMSDppStepwise,12,799,1118,893282,0.20368,113660,39.4688,185.535,46785,0,0,0,0,2,0.173121,0.030519,3.9845e-05,ok,2
DijkstraPrims,12,799,1118,893282,0.0171561,113660,39.4688,39.4688,1532,0,0,0,0,0,0.008107,0.009059,-9.889e-06,ok,2
BBMSCore,13,799,58,46342,0.0166661,6703.84,39.4727,39.4727,284,0,0,0,0,1,0.016657,0,9.148e-06,ok,0
BBMSInter,13,799,58,46342,0.0068328,6703.84,39.4727,39.4727,646,0,0,0,0,1,0.006829,0,3.8e-06,ok,0
BBMSDppInstant,13,799,58,46342,0.00849701,6703.84,39.4727,39.4727,2542,0,0,0,0,1,0.008487,0,1.0005e-05,ok,0
BBMSDppStepwise,13,799,58,46342,0.00968161,6703.84,39.4727,39.4727,2403,0,0,0,0,1,0.009671,0,1.0609e-05,ok,0
DijkstraPrims,13,799,58,46342,0.00676865,6703.84,39.4727,39.4727,663,0,0,0,0,1,0.006758,0,1.0647e-05,ok,0
BBMSCore,13,799,58,46342,0.0166749,6703.84,39.4727,39.4727,284,0,0,0,0,1,0.016665,0,9.87e-06,ok,1
BBMSInter,13,799,58,46342,0.00681905,6703.84,39.4727,39.4727,646,0,0,0,0,0,0.006826,0,-6.953e-06,ok,1
BBMSDppInstant,13,799,58,46342,0.00838121,6703.84,39.4727,39.4727,2542,0,0,0,0,0,0.008388,0,-6.79e-06,ok,1
BBMSDppStepwise,13,799,58,46342,0.00956993,6703.84,39.4727,39.4727,2403,0,0,0,0,0,0,0.009577,-7.072e-06,ok,1
DijkstraPrims,13,799,58,46342,0.00673143,6703.84,39.4727,39.4727,663,0,0,0,0,0,0.006739,0,-7.568e-06,ok,1
BBMSCore,13,799,58,46342,0.0168493,6703.84,39.4727,39.4727,284,0,0,0,0,1,0.016849,0,3.47e-07,ok,2
BBMSInter,13,799,58,46342,0.0069124,6703.84,39.4727,39.4727,646,0,0,0,0,0,0.006919,0,-6.603e-06,ok,2
BBMSDppInstant,13,799,58,46342,0.00853264,6703.84,39.4727,39.4727,2542,0,0,0,0,1,0.008527,0,5.64e-06,ok,2
BBMSDppStepwise,13,799,58,46342,0.00972809,6703.84,39.4727,39.4727,2403,0,0,0,0,0,0.009735,0,-6.908e-06,ok,2
DijkstraPrims,13,799,58,46342,0.0068732,6703.84,39.4766,39.4766,663,0,0,0,0,0,0.006882,0,-8.799e-06,ok,2
BBMSCore,14,799,1917,1531683,6.79497,8143.69,39.4805,39.4805,9003,0,0,0,0,29,6.78343,0.009992,0.00154617,ok,0
BBMSInter,14,799,1917,1531683,0.950796,8143.69,39.4805,85.4922,20969,0,0,0,0,4,0.92068,0.030073,4.3278e-05,ok,0
BBMSDppInstant,14,799,1917,1531683,0.395103,8143.69,39.4844,323.668,82358,0,0,0,0,4,0.31158,0.083492,3.1118e-05,ok,0
BBMSDppStepwise,14,799,1917,1531683,0.531363,8143.69,39.4844,311.703,79295,0,0,0,0,6,0.400527,0.130634,0.000202305,ok,0
DijkstraPrims,14,799,1917,1531683,0.0895315,8143.69,39.4844,39.4844,6164,0,0,0,0,1,0.076925,0.012603,3.533e-06,ok,0
BBMSCore,14,799,1917,1531683,6.46825,8143.69,39.4844,39.4844,9003,0,0,0,0,20,6.44804,0.019998,0.000211075,ok,1
BBMSInter,14,799,1917,1531683,0.950103,8143.69,39.4844,85.4922,20969,0,0,0,0,3,0.920032,0.030051,1.981e-05,ok,1
BBMSDppInstant,14,799,1917,1531683,0.391172,8143.69,39.4844,323.676,82358,0,0,0,0,0,0.250241,0.140946,-1.4589e-05,ok,1
BBMSDppStepwise,14,799,1917,1531683,0.527536,8143.69,39.4844,311.664,79295,0,0,0,0,5,0.447626,0.079866,4.393e-05,ok,1
DijkstraPrims,14,799,1917,1531683,0.0887853,8143.69,39.4844,39.4844,6164,0,0,0,0,0,0.088797,0,-1.1659e-05,ok,1
BBMSCore,14,799,1917,1531683,6.28298,8143.69,39.4844,39.4844,9003,0,0,0,0,25,6.26207,0.019979,0.000939675,ok,2
BBMSInter,14,799,1917,1531683,0.949523,8143.69,39.4844,85.4922,20969,0,0,0,0,6,0.919433,0.030032,5.7953e-05,ok,2
BBMSDppInstant,14,799,1917,1531683,0.392828,8143.69,39.4844,323.66,82358,0,0,0,0,3,0.264604,0.128185,3.9105e-05,ok,2
BBMSDppStepwise,14,799,1917,1531683,0.524624,8143.69,39.4844,311.727,79295,0,0,0,0,3,0.455091,0.069491,4.2319e-05,ok,2
DijkstraPrims,14,799,1917,1531683,0.0877963,8143.69,39.4844,39.4844,6164,0,0,0,0,1,0.077863,0.009919,1.4297e-05,ok,2
BBMSCore,15,799,249,198951,0.923793,23879.6,39.4883,39.4883,1180,0,0,0,0,6,0.923568,0,0.000225337,ok,0
BBMSInter,15,799,249,198951,0.079938,23879.6,39.4883,39.4883,2735,0,0,0,0,1,0.069721,0.010204,1.3039e-05,ok,0
BBMSDppInstant,15,799,249,198951,0.0353514,23879.6,39.4883,43.5977,10289,0,0,0,0,0,0.022418,0.012945,-1.156e-05,ok,0
BBMSDppStepwise,15,799,249,198951,0.0410094,23879.6,39.4883,43.2383,10200,0,0,0,0,1,0.03217,0.008826,1.3376e-05,ok,0
DijkstraPrims,15,799,249,198951,0.0229296,23879.6,39.4883,39.4883,1932,0,0,0,0,0,0.022939,0,-9.352e-06,ok,0
BBMSCore,15,799,249,198951,0.924417,23879.6,39.4883,39.4883,1180,0,0,0,0,5,0.924252,0,0.000164719,ok,1
BBMSInter,15,799,249,198951,0.0798827,23879.6,39.4883,39.4883,2735,0,0,0,0,2,0.070682,0.009184,1.671e-05,ok,1
BBMSDppInstant,15,799,249,198951,0.0350308,23879.6,39.4883,43.6211,10289,0,0,0,0,2,0.023187,0.011686,0.000157832,ok,1
BBMSDppStepwise,15,799,249,198951,0.04106,23879.6,39.4883,43.2539,10200,0,0,0,0,1,0.041055,0,5.011e-06,ok,1
DijkstraPrims,15,799,249,198951,0.022983,23879.6,39.4883,39.4883,1932,0,0,0,0,0,0.022992,0,-8.964e-06,ok,1
BBMSCore,15,799,249,198951,0.923733,23879.6,39.4883,39.4883,1180,0,0,0,0,8,0.923515,0,0.000218446,ok,2
BBMSInter,15,799,249,198951,0.0797942,23879.6,39.4883,39.4883,2735,0,0,0,0,1,0.076595,0.003198,1.233e-06,ok,2
BBMSDppInstant,15,799,249,198951,0.034558,23879.6,39.4883,43.6172,10289,0,0,0,0,1,0.034542,0,1.5994e-05,ok,2
BBMSDppStepwise,15,799,249,198951,0.0413941,23879.6,39.4883,43.2422,10200,0,0,0,0,1,0.009423,0.031967,4.12e-06,ok,2
DijkstraPrims,15,799,249,198951,0.0230425,23879.6,39.4883,39.4883,1932,0,0,0,0,0,0.023052,0,-9.515e-06,ok,2
BBMSCore,16,799,455,363545,0.884197,11247.2,39.4922,39.4922,2145,0,0,0,0,6,0.884136,0,6.0846e-05,ok,0
BBMSInter,16,799,455,363545,0.0930818,11247.2,39.4922,39.4922,4985,0,0,0,0,2,0.082503,0.010554,2.4761e-05,ok,0
BBMSDppInstant,16,799,455,363545,0.0842819,11247.2,39.4922,82.5352,20611,0,0,0,0,1,0.061465,0.022808,8.894e-06,ok,0
BBMSDppStepwise,16,799,455,363545,0.098557,11247.2,39.4922,76.7188,18802,0,0,0,0,1,0.068282,0.03026,1.504e-05,ok,0
DijkstraPrims,16,799,455,363545,0.0621334,11247.2,39.4961,39.4961,5543,0,0,0,0,1,0.040825,0.021293,1.5389e-05,ok,0
BBMSCore,16,799,455,363545,0.883742,11247.2,39.4961,39.4961,2145,0,0,0,0,7,0.883515,0,0.000226899,ok,1
BBMSInter,16,799,455,363545,0.0928316,11247.2,39.4961,39.4961,4985,0,0,0,0,1,0.092817,0,1.4578e-05,ok,1
BBMSDppInstant,16,799,455,363545,0.085023,11247.2,39.4961,82.543,20611,0,0,0,0,1,0.055784,0.029219,2.0004e-05,ok,1
BBMSDppStepwise,16,799,455,363545,0.0985512,11247.2,39.4961,76.7148,18802,0,0,0,0,1,0.098536,0,1.5176e-05,ok,1
DijkstraPrims,16,799,455,363545,0.0624971,11247.2,39.4961,39.4961,5543,0,0,0,0,1,0.062298,0,0.000199095,ok,1
BBMSCore,16,799,455,363545,0.883412,11247.2,39.4961,39.4961,2145,0,0,0,0,3,0.879662,0.003716,3.3805e-05,ok,2
BBMSInter,16,799,455,363545,0.0938415,11247.2,39.4961,39.4961,4985,0,0,0,0,2,0.084156,0.009657,2.8526e-05,ok,2
BBMSDppInstant,16,799,455,363545,0.0852567,11247.2,39.4961,82.5195,20611,0,0,0,0,1,0.055957,0.029282,1.7704e-05,ok,2
BBMSDppStepwise,16,799,455,363545,0.099197,11247.2,39.4961,76.7148,18802,0,0,0,0,1,0.089033,0.010146,1.7963e-05,ok,2
DijkstraPrims,16,799,455,363545,0.0646554,11247.2,39.4961,39.4961,5543,0,0,0,0,1,0.035771,0.028882,2.421e-06,ok,2
BBMSCore,17,799,20006,15984794,144.311,1.51197e+06,39.5,370.457,93997,0,0,0,0,497,144.177,0.129998,0.00439021,ok,0
BBMSInter,17,799,20006,15984794,5.53855,1.51197e+06,39.5,858.32,218879,0,0,0,0,20,5.28844,0.249984,0.000128651,ok,0
BBMSDppInstant,17,799,20006,15984794,6.01357,1.51197e+06,39.5,3917.79,1005418,0,0,0,0,25,4.7644,1.24884,0.00032502,ok,0
BBMSDppStepwise,17,799,20006,15984794,6.29371,1.51197e+06,39.5,3206.59,823371,0,0,0,0,29,5.29264,1.00073,0.000337371,ok,0
DijkstraPrims,17,799,20006,15984794,2.60704,1.51197e+06,39.5039,340.039,109008,0,0,0,0,10,2.47689,0.129917,0.000226766,ok,0
BBMSCore,17,799,20006,15984794,145.38,1.51197e+06,39.5039,370.457,93997,0,0,0,0,493,145.252,0.119987,0.00754154,ok,1
BBMSInter,17,799,20006,15984794,5.26504,1.51197e+06,39.5039,858.32,218879,0,0,0,0,22,5.00452,0.260308,0.000209879,ok,1
BBMSDppInstant,17,799,20006,15984794,6.03871,1.51197e+06,39.5039,3917.65,1005418,0,0,0,0,31,4.89553,1.14286,0.000320232,ok,1
BBMSDppStepwise,17,799,20006,15984794,6.25756,1.51197e+06,39.5039,3206.67,823371,0,0,0,0,26,5.18472,1.0726,0.000237266,ok,1
DijkstraPrims,17,799,20006,15984794,2.61508,1.51197e+06,39.5039,340.02,109008,0,0,0,0,9,2.50449,0.110259,0.000332045,ok,1
BBMSCore,17,799,20006,15984794,145.571,1.51197e+06,39.5039,370.457,93997,0,0,0,0,573,145.448,0.109985,0.0130532,ok,2
BBMSInter,17,799,20006,15984794,5.5853,1.51197e+06,39.5039,858.32,218879,0,0,0,0,20,5.34487,0.240279,0.000150044,ok,2
BBMSDppInstant,17,799,20006,15984794,6.02156,1.51197e+06,39.5039,3917.78,1005418,0,0,0,0,26,4.64066,1.38059,0.000301552,ok,2
BBMSDppStepwise,17,799,20006,15984794,6.26459,1.51197e+06,39.5039,3206.64,823371,0,0,0,0,24,5.28502,0.979319,0.000249125,ok,2
DijkstraPrims,17,799,20006,15984794,2.65908,1.51197e+06,39.5039,340.023,109008,0,0,0,0,9,2.49884,0.160016,0.000223134,ok,2
BBMSCore,18,799,1899,1517301,5.39191,2.08544e+07,39.5078,39.5078,8910,0,0,0,0,19,5.37157,0.019978,0.000363824,ok,0
BBMSInter,18,799,1899,1517301,0.124334,2.08544e+07,39.5078,84.9922,20764,0,0,0,0,3,0.09354,0.030683,0.000110857,ok,0
BBMSDppInstant,18,799,1899,1517301,0.228441,2.08544e+07,39.5078,301.262,76543,0,0,0,0,2,0.128081,0.100342,1.761e-05,ok,0
BBMSDppStepwise,18,799,1899,1517301,0.23861,2.08544e+07,39.5078,299.52,76096,0,0,0,0,2,0.158297,0.080286,2.6824e-05,ok,0
DijkstraPrims,18,799,1899,1517301,0.202225,2.08544e+07,39.5078,58.1836,16603,0,0,0,0,2,0.180388,0.021831,6.344e-06,ok,0
BBMSCore,18,799,1899,1517301,5.39312,2.08544e+07,39.5078,39.5078,8910,0,0,0,0,14,5.3728,0.019982,0.000336918,ok,1
BBMSInter,18,799,1899,1517301,0.123876,2.08544e+07,39.5117,84.9961,20764,0,0,0,0,2,0.086333,0.037529,1.3886e-05,ok,1
BBMSDppInstant,18,799,1899,1517301,0.229398,2.08544e+07,39.5117,301.266,76543,0,0,0,0,1,0.138729,0.090655,1.392e-05,ok,1
BBMSDppStepwise,18,799,1899,1517301,0.240126,2.08544e+07,39.5117,299.504,76096,0,0,0,0,1,0.160441,0.079675,9.806e-06,ok,1
DijkstraPrims,18,799,1899,1517301,0.202176,2.08544e+07,39.5117,58.1953,16603,0,0,0,0,3,0.19185,0.010203,0.000123105,ok,1
BBMSCore,18,799,1899,1517301,5.39148,2.08544e+07,39.5117,39.5117,8910,0,0,0,0,26,5.39088,0,0.000600689,ok,2
BBMSInter,18,799,1899,1517301,0.12325,2.08544e+07,39.5117,84.9922,20764,0,0,0,0,1,0.103802,0.019435,1.3158e-05,ok,2
BBMSDppInstant,18,799,1899,1517301,0.228421,2.08544e+07,39.5117,301.27,76543,0,0,0,0,3,0.158147,0.070219,5.4839e-05,ok,2
BBMSDppStepwise,18,799,1899,1517301,0.238539,2.08544e+07,39.5117,299.531,76096,0,0,0,0,1,0.158255,0.080283,1.121e-06,ok,2
DijkstraPrims,18,799,1899,1517301,0.200102,2.08544e+07,39.5117,58.2148,16603,0,0,0,0,0,0.189995,0.010119,-1.2258e-05,ok,2
BBMSCore,19,799,63,50337,0.066032,2749.31,39.5156,39.5156,298,0,0,0,0,1,0.066025,0,6.96e-06,ok,0
BBMSInter,19,799,63,50337,0.00780327,2749.31,39.5156,39.5156,692,0,0,0,0,0,0.00781,0,-6.733e-06,ok,0
BBMSDppInstant,19,799,63,50337,0.0075035,2749.31,39.5156,39.5156,2626,0,0,0,0,1,0.007495,0,8.503e-06,ok,0
BBMSDppStepwise,19,799,63,50337,0.00711218,2749.31,39.5156,39.5156,2618,0,0,0,0,0,0.00712,0,-7.823e-06,ok,0
DijkstraPrims,19,799,63,50337,0.000394507,2749.31,39.5156,39.5156,39,0,0,0,0,0,0.000401,0,-6.493e-06,ok,0
BBMSCore,19,799,63,50337,0.0660087,2749.31,39.5156,39.5156,298,0,0,0,0,1,0.06367,0.002331,7.683e-06,ok,1
BBMSInter,19,799,63,50337,0.00768527,2749.31,39.5156,39.5156,692,0,0,0,0,0,0.007691,0,-5.726e-06,ok,1
BBMSDppInstant,19,799,63,50337,0.00732122,2749.31,39.5156,39.5156,2626,0,0,0,0,0,0.004885,0.002442,-5.78e-06,ok,1
BBMSDppStepwise,19,799,63,50337,0.00801668,2749.31,39.5156,39.5156,2618,0,0,0,0,0,0.008024,0,-7.321e-06,ok,1
DijkstraPrims,19,799,63,50337,0.000401533,2749.31,39.5156,39.5156,39,0,0,0,0,0,0.000408,0,-6.467e-06,ok,1
BBMSCore,19,799,63,50337,0.0661052,2749.31,39.5156,39.5156,298,0,0,0,0,3,0.066071,0,3.4188e-05,ok,2
BBMSInter,19,799,63,50337,0.00772578,2749.31,39.5156,39.5156,692,0,0,0,0,0,0.007733,0,-7.216e-06,ok,2
BBMSDppInstant,19,799,63,50337,0.00746584,2749.31,39.5156,39.5156,2626,0,0,0,0,1,0,0.007456,9.838e-06,ok,2
BBMSDppStepwise,19,799,63,50337,0.00713965,2749.31,39.5156,39.5156,2618,0,0,0,0,0,0.007146,0,-6.345e-06,ok,2
DijkstraPrims,19,799,63,50337,0.000402638,2749.31,39.5156,39.5156,39,0,0,0,0,0,0.000409,0,-6.362e-06,ok,2
BBMSCore,20,799,2142,1711458,8.14743,10678.1,39.5195,43.125,10049,0,0,0,0,34,8.13655,0.01,0.000885204,ok,0
BBMSInter,20,799,2142,1711458,0.219415,10678.1,39.5195,95.3633,23419,0,0,0,0,4,0.188952,0.030425,3.7949e-05,ok,0
BBMSDppInstant,20,799,2142,1711458,0.365876,10678.1,39.5195,355.371,90412,0,0,0,0,4,0.235891,0.129939,4.5584e-05,ok,0
BBMSDppStepwise,20,799,2142,1711458,0.405908,10678.1,39.5195,343.961,87464,0,0,0,0,1,0.313929,0.09198,-1.243e-06,ok,0
DijkstraPrims,20,799,2142,1711458,0.0893408,10678.1,39.5195,39.5195,6363,0,0,0,0,1,0.079021,0.010307,1.2807e-05,ok,0
BBMSCore,20,799,2142,1711458,8.00119,10678.1,39.5195,43.1133,10049,0,0,0,0,35,7.99036,0.009992,0.00084548,ok,1
BBMSInter,20,799,2142,1711458,0.216959,10678.1,39.5195,95.3672,23419,0,0,0,0,0,0.186834,0.030138,-1.2609e-05,ok,1
BBMSDppInstant,20,799,2142,1711458,0.36674,10678.1,39.5234,355.461,90412,0,0,0,0,3,0.296522,0.0702,1.8128e-05,ok,1
BBMSDppStepwise,20,799,2142,1711458,0.402129,10678.1,39.5234,343.941,87464,0,0,0,0,2,0.29048,0.111632,1.6576e-05,ok,1
DijkstraPrims,20,799,2142,1711458,0.0878118,10678.1,39.5273,39.5273,6363,0,0,0,0,2,0.057322,0.03047,1.9832e-05,ok,1
BBMSCore,20,799,2142,1711458,8.08226,10678.1,39.5273,43.125,10049,0,0,0,0,31,8.06151,0.020013,0.00074287,ok,2
BBMSInter,20,799,2142,1711458,0.216867,10678.1,39.5273,95.3672,23419,0,0,0,0,0,0.186764,0.030115,-1.2271e-05,ok,2
BBMSDppInstant,20,799,2142,1711458,0.364642,10678.1,39.5273,355.379,90412,0,0,0,0,2,0.245077,0.119563,2.059e-06,ok,2
BBMSDppStepwise,20,799,2142,1711458,0.400795,10678.1,39.5273,343.93,87464,0,0,0,0,0,0.321774,0.079034,-1.3407e-05,ok,2
DijkstraPrims,20,799,2142,1711458,0.0848018,10678.1,39.5273,39.5273,6363,0,0,0,0,1,0.0749,0.009892,9.847e-06,ok,2
BBMSCore,21,2201,53,116653,0.621,6206.43,39.5312,39.5312,707,0,0,0,0,2,0.620981,0,1.9318e-05,ok,0
BBMSInter,21,2201,53,116653,0.100978,6206.43,39.5312,39.5312,1618,0,0,0,0,1,0.099474,0.001383,0.000121294,ok,0
BBMSDppInstant,21,2201,53,116653,0.023373,6206.43,39.5312,39.5312,5992,0,0,0,0,1,0.013744,0.009619,9.977e-06,ok,0
BBMSDppStepwise,21,2201,53,116653,0.0239034,6206.43,39.5312,39.5312,5912,0,0,0,0,0,0.014198,0.009714,-8.564e-06,ok,0
DijkstraPrims,21,2201,53,116653,0.000579957,6206.43,39.5312,39.5312,76,0,0,0,0,0,0.000588,0,-8.043e-06,ok,0
BBMSCore,21,2201,53,116653,0.620939,6206.43,39.5312,39.5312,707,0,0,0,0,4,0.61918,0.001729,3.0447e-05,ok,1
BBMSInter,21,2201,53,116653,0.100907,6206.43,39.5312,39.5312,1618,0,0,0,0,1,0.100905,0,1.84e-06,ok,1
BBMSDppInstant,21,2201,53,116653,0.0238163,6206.43,39.5312,39.5312,5992,0,0,0,0,0,0.023825,0,-8.702e-06,ok,1
BBMSDppStepwise,21,2201,53,116653,0.0238773,6206.43,39.5312,39.5312,5912,0,0,0,0,0,0.014167,0.00972,-9.737e-06,ok,1
DijkstraPrims,21,2201,53,116653,0.000590283,6206.43,39.5312,39.5312,76,0,0,0,0,0,0.000599,0,-8.717e-06,ok,1
BBMSCore,21,2201,53,116653,0.621597,6206.43,39.5312,39.5312,707,0,0,0,0,3,0.619865,0.001719,1.2722e-05,ok,2
BBMSInter,21,2201,53,116653,0.100832,6206.43,39.5312,39.5312,1618,0,0,0,0,1,0.100823,0,8.727e-06,ok,2
BBMSDppInstant,21,2201,53,116653,0.0234707,6206.43,39.5312,39.5312,5992,0,0,0,0,0,0.013842,0.009639,-1.0269e-05,ok,2
BBMSDppStepwise,21,2201,53,116653,0.0234657,6206.43,39.5312,39.5312,5912,0,0,0,0,1,0.0138,0.009655,1.0681e-05,ok,2
DijkstraPrims,21,2201,53,116653,0.000576737,6206.43,39.5312,39.5312,76,0,0,0,0,0,0.000584,0,-7.263e-06,ok,2
BBMSCore,22,2201,846,1862046,2.65607,16832.5,39.5352,46.6172,10937,0,0,0,0,8,2.6359,0.019938,0.000231586,ok,0
BBMSInter,22,2201,846,1862046,0.109139,16832.5,39.5352,103.371,25484,0,0,0,0,0,0.088323,0.020827,-1.1014e-05,ok,0
BBMSDppInstant,22,2201,846,1862046,0.310564,16832.5,39.5352,378.859,96405,0,0,0,0,3,0.171913,0.138628,2.2507e-05,ok,0
BBMSDppStepwise,22,2201,846,1862046,0.364318,16832.5,39.5352,373.184,94958,0,0,0,0,1,0.254167,0.110153,-2.498e-06,ok,0
DijkstraPrims,22,2201,846,1862046,0.0437683,16832.5,39.5352,39.5352,3871,0,0,0,0,0,0.04378,0,-1.1749e-05,ok,0
BBMSCore,22,2201,846,1862046,2.65666,16832.5,39.5352,46.4883,10937,0,0,0,0,13,2.63609,0.020016,0.000552622,ok,1
BBMSInter,22,2201,846,1862046,0.108912,16832.5,39.5352,103.367,25484,0,0,0,0,0,0.070322,0.038602,-1.1931e-05,ok,1
BBMSDppInstant,22,2201,846,1862046,0.317655,16832.5,39.5352,378.766,96405,0,0,0,0,3,0.20641,0.111228,1.7247e-05,ok,1
BBMSDppStepwise,22,2201,846,1862046,0.354866,16832.5,39.5352,373.191,94958,0,0,0,0,2,0.234486,0.120369,1.1066e-05,ok,1
DijkstraPrims,22,2201,846,1862046,0.0429152,16832.5,39.5391,39.5391,3871,0,0,0,0,2,0.041748,0.001146,2.1216e-05,ok,1
BBMSCore,22,2201,846,1862046,2.65501,16832.5,39.5391,46.625,10937,0,0,0,0,8,2.63482,0.020005,0.000186479,ok,2
BBMSInter,22,2201,846,1862046,0.10966,16832.5,39.5391,103.367,25484,0,0,0,0,0,0.078314,0.031356,-1.0258e-05,ok,2
BBMSDppInstant,22,2201,846,1862046,0.316806,16832.5,39.5391,378.832,96405,0,0,0,0,2,0.226043,0.09074,2.3476e-05,ok,2
BBMSDppStepwise,22,2201,846,1862046,0.361642,16832.5,39.5391,373.172,94958,0,0,0,0,2,0.201322,0.160299,2.1266e-05,ok,2
DijkstraPrims,22,2201,846,1862046,0.0423177,16832.5,39.5391,39.5391,3871,0,0,0,0,1,0.030919,0.011398,6.53e-07,ok,2
BBMSCore,23,2201,903,1987503,3.30175,16721.6,39.543,49.4961,11685,0,0,0,0,14,3.27141,0.029988,0.000346465,ok,0
BBMSInter,23,2201,903,1987503,0.1822,16721.6,39.543,110.117,27212,0,0,0,0,0,0.172225,0.009986,-1.0541e-05,ok,0
BBMSDppInstant,23,2201,903,1987503,0.343626,16721.6,39.543,401.086,102205,0,0,0,0,2,0.213286,0.130319,2.0568e-05,ok,0
BBMSDppStepwise,23,2201,903,1987503,0.397923,16721.6,39.543,395.492,100659,0,0,0,0,5,0.276329,0.121521,7.2652e-05,ok,0
DijkstraPrims,23,2201,903,1987503,0.0469282,16721.6,39.543,39.543,3239,0,0,0,0,1,0.036307,0.010613,8.221e-06,ok,0
BBMSCore,23,2201,903,1987503,3.32672,16721.6,39.543,49.4922,11685,0,0,0,0,17,3.30595,0.020018,0.000747029,ok,1
BBMSInter,23,2201,903,1987503,0.182213,16721.6,39.543,110.109,27212,0,0,0,0,1,0.142267,0.039933,1.2672e-05,ok,1
BBMSDppInstant,23,2201,903,1987503,0.33912,16721.6,39.543,400.953,102205,0,0,0,0,1,0.230161,0.10896,-5.51e-07,ok,1
BBMSDppStepwise,23,2201,903,1987503,0.399363,16721.6,39.543,395.461,100659,0,0,0,0,3,0.287592,0.111747,2.361e-05,ok,1
DijkstraPrims,23,2201,903,1987503,0.047413,16721.6,39.543,39.543,3239,0,0,0,0,0,0.047422,0,-8.991e-06,ok,1
BBMSCore,23,2201,903,1987503,3.32553,16721.6,39.543,49.5039,11685,0,0,0,0,11,3.31545,0.010008,6.7339e-05,ok,2
BBMSInter,23,2201,903,1987503,0.178924,16721.6,39.543,110.129,27212,0,0,0,0,0,0.149436,0.029499,-1.1236e-05,ok,2
BBMSDppInstant,23,2201,903,1987503,0.342307,16721.6,39.543,401.051,102205,0,0,0,0,4,0.192406,0.149863,3.8261e-05,ok,2
BBMSDppStepwise,23,2201,903,1987503,0.400536,16721.6,39.543,395.516,100659,0,0,0,0,2,0.319025,0.0815,1.1392e-05,ok,2
DijkstraPrims,23,2201,903,1987503,0.0468429,16721.6,39.5469,39.5469,3239,0,0,0,0,1,0.046832,0,1.087e-05,ok,2
BBMSCore,24,2201,199,437999,0.148878,15226.9,39.5508,39.5508,2591,0,0,0,0,1,0.148869,0,8.959e-06,ok,0
BBMSInter,24,2201,199,437999,0.0254955,15226.9,39.5508,39.5508,6013,0,0,0,0,0,0.014737,0.010769,-1.0501e-05,ok,0
BBMSDppInstant,24,2201,199,437999,0.0713478,15226.9,39.5508,93.2344,22961,0,0,0,0,1,0.030967,0.04038,7.78e-07,ok,0
BBMSDppStepwise,24,2201,199,437999,0.0788621,15226.9,39.5508,91.4727,22512,0,0,0,0,1,0.035975,0.042872,1.5145e-05,ok,0
DijkstraPrims,24,2201,199,437999,0.0332078,15226.9,39.5508,39.5508,2882,0,0,0,0,1,0.033188,0,1.9836e-05,ok,0
BBMSCore,24,2201,199,437999,0.149199,15226.9,39.5508,39.5508,2591,0,0,0,0,0,0.148763,0.000447,-1.1359e-05,ok,1
BBMSInter,24,2201,199,437999,0.0256686,15226.9,39.5508,39.5508,6013,0,0,0,0,0,0.014884,0.010793,-8.392e-06,ok,1
BBMSDppInstant,24,2201,199,437999,0.0756097,15226.9,39.5508,93.25,22961,0,0,0,0,1,0.037808,0.037792,9.722e-06,ok,1
BBMSDppStepwise,24,2201,199,437999,0.0796304,15226.9,39.5508,91.4922,22512,0,0,0,0,1,0.0698,0.009817,1.3353e-05,ok,1
DijkstraPrims,24,2201,199,437999,0.0318709,15226.9,39.5508,39.5508,2882,0,0,0,0,1,0.021808,0.010047,1.5927e-05,ok,1
BBMSCore,24,2201,199,437999,0.148479,15226.9,39.5547,39.5547,2591,0,0,0,0,1,0.13808,0.010391,8.476e-06,ok,2
BBMSInter,24,2201,199,437999,0.0256333,15226.9,39.5547,39.5547,6013,0,0,0,0,1,0.016667,0.008957,9.275e-06,ok,2
BBMSDppInstant,24,2201,199,437999,0.0725656,15226.9,39.5547,93.25,22961,0,0,0,0,2,0.032245,0.040311,9.617e-06,ok,2
BBMSDppStepwise,24,2201,199,437999,0.0798449,15226.9,39.5547,91.4922,22512,0,0,0,0,1,0.060107,0.019726,1.1941e-05,ok,2
DijkstraPrims,24,2201,199,437999,0.0320608,15226.9,39.5547,39.5547,2882,0,0,0,0,1,0.021974,0.010072,1.4781e-05,ok,2
BBMSCore,25,2201,223,490823,0.279163,11405.1,39.5547,39.5547,2900,0,0,0,0,2,0.279155,0,7.831e-06,ok,0
BBMSInter,25,2201,223,490823,0.0232292,11405.1,39.5586,39.5586,6735,0,0,0,0,1,0.012694,0.010526,9.209e-06,ok,0
BBMSDppInstant,25,2201,223,490823,0.0759212,11405.1,39.5586,101.609,25153,0,0,0,0,1,0.06539,0.010519,1.2189e-05,ok,0
BBMSDppStepwise,25,2201,223,490823,0.0822118,11405.1,39.5586,100.637,24859,0,0,0,0,1,0.045023,0.03717,1.8759e-05,ok,0
DijkstraPrims,25,2201,223,490823,0.017164,11405.1,39.5586,39.5586,1429,0,0,0,0,0,0.017172,0,-8.022e-06,ok,0
BBMSCore,25,2201,223,490823,0.279732,11405.1,39.5586,39.5586,2900,0,0,0,0,2,0.279713,0,1.9091e-05,ok,1
BBMSInter,25,2201,223,490823,0.0231618,11405.1,39.5586,39.5586,6735,0,0,0,0,1,0.023138,0,2.3798e-05,ok,1
BBMSDppInstant,25,2201,223,490823,0.0759595,11405.1,39.5586,101.59,25153,0,0,0,0,1,0.028143,0.0478,1.6456e-05,ok,1
BBMSDppStepwise,25,2201,223,490823,0.0820994,11405.1,39.5586,100.609,24859,0,0,0,0,2,0.051705,0.030367,2.7352e-05,ok,1
DijkstraPrims,25,2201,223,490823,0.0173284,11405.1,39.5586,39.5586,1429,0,0,0,0,0,0.007964,0.009373,-8.588e-06,ok,1
BBMSCore,25,2201,223,490823,0.279811,11405.1,39.5586,39.5586,2900,0,0,0,0,1,0.279795,0,1.6378e-05,ok,2
BBMSInter,25,2201,223,490823,0.0232072,11405.1,39.5586,39.5586,6735,0,0,0,0,1,0.012715,0.010486,6.249e-06,ok,2
BBMSDppInstant,25,2201,223,490823,0.0757327,11405.1,39.5586,101.617,25153,0,0,0,0,1,0.033735,0.041983,1.4677e-05,ok,2
BBMSDppStepwise,25,2201,223,490823,0.0819755,11405.1,39.5586,100.613,24859,0,0,0,0,1,0.041399,0.040478,9.8531e-05,ok,2
DijkstraPrims,25,2201,223,490823,0.0171753,11405.1,39.5586,39.5586,1429,0,0,0,0,0,0.017184,0,-8.665e-06,ok,2
BBMSCore,26,2201,154,338954,2.69948,2460.44,39.5625,39.5625,2011,0,0,0,0,10,2.68926,0.009998,0.000214696,ok,0
BBMSInter,26,2201,154,338954,0.232858,2460.44,39.5625,39.5625,4659,0,0,0,0,1,0.232859,0,-7.62e-07,ok,0
BBMSDppInstant,26,2201,154,338954,0.0751993,2460.44,39.5625,74.332,18150,0,0,0,0,1,0.046435,0.028755,9.327e-06,ok,0
BBMSDppStepwise,26,2201,154,338954,0.0949649,2460.44,39.5625,72.3516,17627,0,0,0,0,1,0.074022,0.020883,5.9912e-05,ok,0
DijkstraPrims,26,2201,154,338954,0.0435914,2460.44,39.5625,39.5625,3475,0,0,0,0,1,0.033028,0.01056,3.378e-06,ok,0
BBMSCore,26,2201,154,338954,2.70771,2460.44,39.5625,39.5625,2011,0,0,0,0,8,2.69685,0.009988,0.000870399,ok,1
BBMSInter,26,2201,154,338954,0.231851,2460.44,39.5625,39.5625,4659,0,0,0,0,3,0.221574,0.010074,0.000202892,ok,1
BBMSDppInstant,26,2201,154,338954,0.0763487,2460.44,39.5625,74.3281,18150,0,0,0,0,1,0.05501,0.021334,4.738e-06,ok,1
BBMSDppStepwise,26,2201,154,338954,0.0940252,2460.44,39.5625,72.3672,17627,0,0,0,0,1,0.082461,0.011547,1.7157e-05,ok,1
DijkstraPrims,26,2201,154,338954,0.0440712,2460.44,39.5625,39.5625,3475,0,0,0,0,0,0.03478,0.009301,-9.85e-06,ok,1
BBMSCore,26,2201,154,338954,2.70619,2460.44,39.5625,39.5625,2011,0,0,0,0,11,2.70571,0,0.00047947,ok,2
BBMSInter,26,2201,154,338954,0.231198,2460.44,39.5625,39.5625,4659,0,0,0,0,1,0.231188,0,1.003e-05,ok,2
BBMSDppInstant,26,2201,154,338954,0.0751706,2460.44,39.5664,74.3242,18150,0,0,0,0,1,0.046912,0.028244,1.4617e-05,ok,2
BBMSDppStepwise,26,2201,154,338954,0.0923614,2460.44,39.5664,72.4023,17627,0,0,0,0,1,0.051441,0.040905,1.5428e-05,ok,2
DijkstraPrims,26,2201,154,338954,0.0439121,2460.44,39.5664,39.5664,3475,0,0,0,0,0,0.043922,0,-9.93e-06,ok,2
BBMSCore,27,2201,1128,2482728,59.78,29963.7,39.5664,60.8672,14587,0,0,0,0,218,59.757,0.019999,0.00306331,ok,0
BBMSInter,27,2201,1128,2482728,0.297837,29963.7,39.5703,136.617,33983,0,0,0,0,3,0.247876,0.049928,3.3278e-05,ok,0
BBMSDppInstant,27,2201,1128,2482728,0.425026,29963.7,39.5703,502.52,128477,0,0,0,0,1,0.221996,0.202953,7.7459e-05,ok,0
BBMSDppStepwise,27,2201,1128,2482728,0.424082,29963.7,39.5703,502.188,128414,0,0,0,0,4,0.265504,0.158516,6.2298e-05,ok,0
DijkstraPrims,27,2201,1128,2482728,0.00832026,29963.7,39.5742,39.5742,720,0,0,0,0,1,0.008309,0,1.1257e-05,ok,0
BBMSCore,27,2201,1128,2482728,61.0106,29963.7,39.5742,60.875,14587,0,0,0,0,233,60.9763,0.032127,0.00221761,ok,1
BBMSInter,27,2201,1128,2482728,0.297259,29963.7,39.5742,136.625,33983,0,0,0,0,0,0.237451,0.05982,-1.2388e-05,ok,1
BBMSDppInstant,27,2201,1128,2482728,0.42112,29963.7,39.5742,502.375,128477,0,0,0,0,2,0.250055,0.171047,1.8396e-05,ok,1
BBMSDppStepwise,27,2201,1128,2482728,0.420081,29963.7,39.5742,502.215,128414,0,0,0,0,1,0.23936,0.180722,-1.5e-06,ok,1
DijkstraPrims,27,2201,1128,2482728,0.00819633,29963.7,39.5742,39.5742,720,0,0,0,0,0,0.008205,0,-8.667e-06,ok,1
BBMSCore,27,2201,1128,2482728,60.6152,29963.7,39.5742,60.8711,14587,0,0,0,0,260,60.5853,0.019998,0.00986469,ok,2
BBMSInter,27,2201,1128,2482728,0.294682,29963.7,39.5742,136.617,33983,0,0,0,0,0,0.261127,0.033568,-1.2567e-05,ok,2
BBMSDppInstant,27,2201,1128,2482728,0.417359,29963.7,39.5742,502.32,128477,0,0,0,0,2,0.267685,0.149672,2.079e-06,ok,2
BBMSDppStepwise,27,2201,1128,2482728,0.416985,29963.7,39.5742,502.203,128414,0,0,0,0,0,0.277388,0.13961,-1.3358e-05,ok,2
DijkstraPrims,27,2201,1128,2482728,0.00823839,29963.7,39.5742,39.5742,720,0,0,0,0,0,0.008247,0,-8.609e-06,ok,2
BBMSCore,28,2201,1191,2621391,7.53747,26549.2,39.5781,63.9727,15401,0,0,0,0,33,7.50659,0.029997,0.000882803,ok,0
BBMSInter,28,2201,1191,2621391,0.162157,26549.2,39.5781,143.977,35881,0,0,0,0,1,0.111533,0.050625,-5.21e-07,ok,0
BBMSDppInstant,28,2201,1191,2621391,0.426806,26549.2,39.5781,530.391,135628,0,0,0,0,0,0.275126,0.151694,-1.377e-05,ok,0
BBMSDppStepwise,28,2201,1191,2621391,0.451392,26549.2,39.5781,528.148,135064,0,0,0,0,1,0.279802,0.171578,1.2252e-05,ok,0
DijkstraPrims,28,2201,1191,2621391,0.00366841,26549.2,39.5781,39.5781,349,0,0,0,0,0,0.003678,0,-9.587e-06,ok,0
BBMSCore,28,2201,1191,2621391,7.53429,26549.2,39.5781,63.9727,15401,0,0,0,0,23,7.51409,0.019992,0.000202403,ok,1
BBMSInter,28,2201,1191,2621391,0.156707,26549.2,39.5781,144,35881,0,0,0,0,1,0.106759,0.049931,1.7025e-05,ok,1
BBMSDppInstant,28,2201,1191,2621391,0.42195,26549.2,39.5781,530.297,135628,0,0,0,0,3,0.280398,0.141516,3.551e-05,ok,1
BBMSDppStepwise,28,2201,1191,2621391,0.444081,26549.2,39.5781,528.148,135064,0,0,0,0,2,0.285035,0.159023,2.2635e-05,ok,1
DijkstraPrims,28,2201,1191,2621391,0.003599,26549.2,39.5781,39.5781,349,0,0,0,0,0,0.002706,0.000902,-9.002e-06,ok,1
BBMSCore,28,2201,1191,2621391,7.52402,26549.2,39.5781,63.9922,15401,0,0,0,0,30,7.51121,0.011796,0.00101376,ok,2
BBMSInter,28,2201,1191,2621391,0.160843,26549.2,39.5781,144,35881,0,0,0,0,0,0.109796,0.051059,-1.2187e-05,ok,2
BBMSDppInstant,28,2201,1191,2621391,0.42565,26549.2,39.5781,530.379,135628,0,0,0,0,2,0.221811,0.203815,2.4104e-05,ok,2
BBMSDppStepwise,28,2201,1191,2621391,0.452146,26549.2,39.582,528.133,135064,0,0,0,0,2,0.293599,0.158344,0.000202965,ok,2
DijkstraPrims,28,2201,1191,2621391,0.00361853,26549.2,39.582,39.582,349,0,0,0,0,0,0.003628,0,-9.473e-06,ok,2
BBMSCore,29,2201,185,407185,2.10291,15005.3,39.582,39.582,2410,0,0,0,0,9,2.10285,0,5.5831e-05,ok,0
BBMSInter,29,2201,185,407185,0.110542,15005.3,39.5859,39.5859,5591,0,0,0,0,0,0.099791,0.01076,-9.425e-06,ok,0
BBMSDppInstant,29,2201,185,407185,0.0969726,15005.3,39.5859,102.227,25481,0,0,0,0,1,0.07681,0.020159,3.578e-06,ok,0
BBMSDppStepwise,29,2201,185,407185,0.099707,15005.3,39.5859,86.4844,21228,0,0,0,0,0,0.071032,0.028686,-1.1012e-05,ok,0
DijkstraPrims,29,2201,185,407185,0.0729717,15005.3,39.5859,39.5859,5634,0,0,0,0,2,0.063232,0.009723,1.6725e-05,ok,0
BBMSCore,29,2201,185,407185,2.09286,15005.3,39.5859,39.5859,2410,0,0,0,0,8,2.09226,0,0.000593226,ok,1
BBMSInter,29,2201,185,407185,0.110603,15005.3,39.5859,39.5859,5591,0,0,0,0,0,0.110613,0,-1.0284e-05,ok,1
BBMSDppInstant,29,2201,185,407185,0.0964325,15005.3,39.5859,102.297,25481,0,0,0,0,0,0.046179,0.050267,-1.3457e-05,ok,1
BBMSDppStepwise,29,2201,185,407185,0.0999926,15005.3,39.5859,86.3711,21228,0,0,0,0,2,0.058764,0.041217,1.1639e-05,ok,1
DijkstraPrims,29,2201,185,407185,0.0740163,15005.3,39.5859,39.5859,5634,0,0,0,0,0,0.074027,0,-1.0713e-05,ok,1
BBMSCore,29,2201,185,407185,2.08808,15005.3,39.5859,39.5859,2410,0,0,0,0,7,2.08799,0,8.2687e-05,ok,2
BBMSInter,29,2201,185,407185,0.111369,15005.3,39.5859,39.5859,5591,0,0,0,0,0,0.100972,0.01041,-1.328e-05,ok,2
BBMSDppInstant,29,2201,185,407185,0.097851,15005.3,39.5859,102.176,25481,0,0,0,0,2,0.079001,0.01884,9.967e-06,ok,2
BBMSDppStepwise,29,2201,185,407185,0.100403,15005.3,39.5859,86.4766,21228,0,0,0,0,1,0.090047,0.01034,1.6117e-05,ok,2
DijkstraPrims,29,2201,185,407185,0.0741357,15005.3,39.5859,39.5859,5634,0,0,0,0,0,0.074147,0,-1.1259e-05,ok,2
BBMSCore,30,2201,313,688913,0.468891,18427.7,39.5898,39.5898,4061,0,0,0,0,0,0.467799,0.001107,-1.4933e-05,ok,0
BBMSInter,30,2201,313,688913,0.147292,18427.7,39.5938,40.7188,9443,0,0,0,0,2,0.127002,0.020271,1.899e-05,ok,0
BBMSDppInstant,30,2201,313,688913,0.167366,18427.7,39.5938,157.23,39443,0,0,0,0,0,0.119161,0.048215,-1.0247e-05,ok,0
BBMSDppStepwise,30,2201,313,688913,0.192836,18427.7,39.5938,144.465,36200,0,0,0,0,2,0.153186,0.039627,2.3273e-05,ok,0
DijkstraPrims,30,2201,313,688913,0.109852,18427.7,39.5938,39.5938,8097,0,0,0,0,1,0.109843,0,8.796e-06,ok,0
BBMSCore,30,2201,313,688913,0.468922,18427.7,39.5938,39.5938,4061,0,0,0,0,2,0.467694,0.001106,0.000121604,ok,1
BBMSInter,30,2201,313,688913,0.147985,18427.7,39.5938,40.7422,9443,0,0,0,0,3,0.137792,0.010161,3.1697e-05,ok,1
BBMSDppInstant,30,2201,313,688913,0.16727,18427.7,39.5938,157.234,39443,0,0,0,0,2,0.128701,0.038542,2.7147e-05,ok,1
BBMSDppStepwise,30,2201,313,688913,0.193204,18427.7,39.5938,144.473,36200,0,0,0,0,1,0.133668,0.059524,1.2386e-05,ok,1
DijkstraPrims,30,2201,313,688913,0.110409,18427.7,39.5938,39.5938,8097,0,0,0,0,1,0.081276,0.029121,1.1726e-05,ok,1
BBMSCore,30,2201,313,688913,0.468809,18427.7,39.5938,39.5938,4061,0,0,0,0,2,0.468798,0,1.1053e-05,ok,2
BBMSInter,30,2201,313,688913,0.147069,18427.7,39.5977,40.7422,9443,0,0,0,0,1,0.126837,0.020219,1.3125e-05,ok,2
BBMSDppInstant,30,2201,313,688913,0.167604,18427.7,39.5977,157.219,39443,0,0,0,0,1,0.109708,0.057897,-1.302e-06,ok,2
BBMSDppStepwise,30,2201,313,688913,0.19321,18427.7,39.5977,144.457,36200,0,0,0,0,1,0.153518,0.039676,1.5633e-05,ok,2
DijkstraPrims,30,2201,313,688913,0.110435,18427.7,39.5977,39.5977,8097,0,0,0,0,1,0.08965,0.020776,9.187e-06,ok,2
BBMSCore,31,2201,1380,3037380,16.3594,14755.7,39.6016,73.5,17839,0,0,0,0,64,16.3476,0.010002,0.00176446,ok,0
BBMSInter,31,2201,1380,3037380,1.64016,14755.7,39.6016,166.246,41568,0,0,0,0,10,1.58977,0.0502,0.00018396,ok,0
BBMSDppInstant,31,2201,1380,3037380,0.914296,14755.7,39.6055,712.914,182869,0,0,0,0,4,0.636166,0.278098,3.156e-05,ok,0
BBMSDppStepwise,31,2201,1380,3037380,1.04201,14755.7,39.6055,620.266,158670,0,0,0,0,3,0.812348,0.22965,1.3906e-05,ok,0
DijkstraPrims,31,2201,1380,3037380,0.768054,14755.7,39.6055,161.586,46717,0,0,0,0,4,0.668709,0.099313,3.1596e-05,ok,0
BBMSCore,31,2201,1380,3037380,16.3304,14755.7,39.6055,73.4844,17839,0,0,0,0,69,16.3065,0.020836,0.00312114,ok,1
BBMSInter,31,2201,1380,3037380,1.63546,14755.7,39.6055,166.25,41568,0,0,0,0,6,1.59536,0.040045,5.5537e-05,ok,1
BBMSDppInstant,31,2201,1380,3037380,0.901259,14755.7,39.6055,712.918,182869,0,0,0,0,3,0.641013,0.260225,2.0599e-05,ok,1
BBMSDppStepwise,31,2201,1380,3037380,1.03643,14755.7,39.6055,620.363,158670,0,0,0,0,7,0.825769,0.210548,0.000108631,ok,1
DijkstraPrims,31,2201,1380,3037380,0.780502,14755.7,39.6055,161.586,46717,0,0,0,0,3,0.720689,0.05979,2.2882e-05,ok,1
BBMSCore,31,2201,1380,3037380,16.4388,14755.7,39.6055,73.4922,17839,0,0,0,0,61,16.4067,0.030005,0.0020985,ok,2
BBMSInter,31,2201,1380,3037380,1.63121,14755.7,39.6055,166.242,41568,0,0,0,0,9,1.5704,0.060748,6.5753e-05,ok,2
BBMSDppInstant,31,2201,1380,3037380,0.902015,14755.7,39.6055,712.867,182869,0,0,0,0,6,0.681384,0.220495,0.000136164,ok,2
BBMSDppStepwise,31,2201,1380,3037380,1.0379,14755.7,39.6055,620.395,158670,0,0,0,0,5,0.857944,0.179874,7.7065e-05,ok,2
DijkstraPrims,31,2201,1380,3037380,0.778013,14755.7,39.6055,161.594,46717,0,0,0,0,4,0.697678,0.080271,6.3669e-05,ok,2
BBMSCore,32,2201,1118,2460718,7.14374,113857,39.6094,60.3672,14459,0,0,0,0,37,7.11243,0.030001,0.00130897,ok,0
BBMSInter,32,2201,1118,2460718,1.3579,113857,39.6094,135.5,33683,0,0,0,0,4,1.318,0.039884,1.5737e-05,ok,0
BBMSDppInstant,32,2201,1118,2460718,0.601521,113857,39.6094,534.852,136775,0,0,0,0,3,0.421673,0.179835,1.2699e-05,ok,0
BBMSDppStepwise,32,2201,1118,2460718,0.915181,113857,39.6094,506.602,129551,0,0,0,0,2,0.766236,0.14892,2.4981e-05,ok,0
DijkstraPrims,32,2201,1118,2460718,0.0540077,113857,39.6094,39.6094,3595,0,0,0,0,0,0.045098,0.008918,-8.253e-06,ok,0
BBMSCore,32,2201,1118,2460718,7.13363,113857,39.6094,60.3672,14459,0,0,0,0,28,7.12219,0.009999,0.00144088,ok,1
BBMSInter,32,2201,1118,2460718,1.36287,113857,39.6094,135.367,33683,0,0,0,0,1,1.32282,0.04002,2.9432e-05,ok,1
BBMSDppInstant,32,2201,1118,2460718,0.609963,113857,39.6094,534.848,136775,0,0,0,0,4,0.400551,0.209362,5.0338e-05,ok,1
BBMSDppStepwise,32,2201,1118,2460718,0.923999,113857,39.6094,506.586,129551,0,0,0,0,5,0.755314,0.168629,5.64e-05,ok,1
DijkstraPrims,32,2201,1118,2460718,0.054348,113857,39.6094,39.6094,3595,0,0,0,0,0,0.054359,0,-1.1029e-05,ok,1
BBMSCore,32,2201,1118,2460718,7.15349,113857,39.6094,60.3789,14459,0,0,0,0,29,7.14258,0.01,0.000904375,ok,2
BBMSInter,32,2201,1118,2460718,1.36597,113857,39.6094,135.367,33683,0,0,0,0,1,1.33858,0.02741,-1.8212e-05,ok,2
BBMSDppInstant,32,2201,1118,2460718,0.609386,113857,39.6094,534.852,136775,0,0,0,0,2,0.450023,0.159321,4.1596e-05,ok,2
BBMSDppStepwise,32,2201,1118,2460718,0.924539,113857,39.6094,506.598,129551,0,0,0,0,1,0.754113,0.170416,9.719e-06,ok,2
DijkstraPrims,32,2201,1118,2460718,0.054414,113857,39.6094,39.6094,3595,0,0,0,0,0,0.044154,0.010269,-8.97e-06,ok,2
BBMSCore,33,2201,58,127658,0.0736607,6303.26,39.6133,39.6133,771,0,0,0,0,1,0.073651,0,9.739e-06,ok,0
BBMSInter,33,2201,58,127658,0.0379257,6303.26,39.6133,39.6133,1769,0,0,0,0,2,0.03778,0,0.000145695,ok,0
BBMSDppInstant,33,2201,58,127658,0.0210868,6303.26,39.6172,39.6172,6721,0,0,0,0,1,0.011153,0.009916,1.7802e-05,ok,0
BBMSDppStepwise,33,2201,58,127658,0.0220746,6303.26,39.6172,39.6172,6579,0,0,0,0,0,0.022083,0,-8.448e-06,ok,0
DijkstraPrims,33,2201,58,127658,0.00450513,6303.26,39.6172,39.6172,401,0,0,0,0,0,0.004513,0,-7.87e-06,ok,0
BBMSCore,33,2201,58,127658,0.0737424,6303.26,39.6172,39.6172,771,0,0,0,0,1,0.073733,0,9.375e-06,ok,1
BBMSInter,33,2201,58,127658,0.0375979,6303.26,39.6172,39.6172,1769,0,0,0,0,0,0.037606,0,-8.114e-06,ok,1
BBMSDppInstant,33,2201,58,127658,0.0212773,6303.26,39.6172,39.6172,6721,0,0,0,0,0,0.021285,0,-7.674e-06,ok,1
BBMSDppStepwise,33,2201,58,127658,0.0220261,6303.26,39.6172,39.6172,6579,0,0,0,0,1,0.0119,0.010113,1.3127e-05,ok,1
DijkstraPrims,33,2201,58,127658,0.004499,6303.26,39.6172,39.6172,401,0,0,0,0,0,0.00338,0.001126,-7e-06,ok,1
BBMSCore,33,2201,58,127658,0.0737539,6303.26,39.6172,39.6172,771,0,0,0,0,0,0.073761,0,-7.056e-06,ok,2
BBMSInter,33,2201,58,127658,0.0375343,6303.26,39.6172,39.6172,1769,0,0,0,0,1,0.037525,0,9.305e-06,ok,2
BBMSDppInstant,33,2201,58,127658,0.0218524,6303.26,39.6172,39.6172,6721,0,0,0,0,0,0.01178,0.010083,-1.0638e-05,ok,2
BBMSDppStepwise,33,2201,58,127658,0.0220367,6303.26,39.6172,39.6172,6579,0,0,0,0,0,0.011921,0.010125,-9.347e-06,ok,2
DijkstraPrims,33,2201,58,127658,0.00449414,6303.26,39.6172,39.6172,401,0,0,0,0,0,0.002251,0.002251,-7.859e-06,ok,2
BBMSCore,34,2201,1917,4219317,10.9628,9257.53,39.6211,100.625,24769,0,0,0,0,41,10.9212,0.039968,0.00156934,ok,0
BBMSInter,34,2201,1917,4219317,0.933374,9257.53,39.625,229.359,57732,0,0,0,0,2,0.873123,0.060253,-1.769e-06,ok,0
BBMSDppInstant,34,2201,1917,4219317,0.922138,9257.53,39.625,866.117,222283,0,0,0,0,2,0.654165,0.267963,9.707e-06,ok,0
BBMSDppStepwise,34,2201,1917,4219317,0.981964,9257.53,39.625,849.246,217247,0,0,0,0,5,0.701272,0.28064,5.1753e-05,ok,0
DijkstraPrims,34,2201,1917,4219317,0.0699176,9257.53,39.625,39.625,5552,0,0,0,0,1,0.059877,0.010032,8.629e-06,ok,0
BBMSCore,34,2201,1917,4219317,10.9673,9257.53,39.625,100.617,24769,0,0,0,0,48,10.9358,0.030018,0.00142129,ok,1
BBMSInter,34,2201,1917,4219317,0.934126,9257.53,39.625,229.387,57732,0,0,0,0,5,0.86371,0.070339,7.6549e-05,ok,1
BBMSDppInstant,34,2201,1917,4219317,0.922272,9257.53,39.625,866.117,222283,0,0,0,0,3,0.614516,0.307698,5.774e-05,ok,1
BBMSDppStepwise,34,2201,1917,4219317,0.988133,9257.53,39.625,849.23,217247,0,0,0,0,4,0.716582,0.27152,3.1384e-05,ok,1
DijkstraPrims,34,2201,1917,4219317,0.0701566,9257.53,39.625,39.625,5552,0,0,0,0,1,0.07015,0,6.564e-06,ok,1
BBMSCore,34,2201,1917,4219317,10.9849,9257.53,39.625,100.59,24769,0,0,0,0,41,10.9436,0.039978,0.00136395,ok,2
BBMSInter,34,2201,1917,4219317,0.930483,9257.53,39.625,229.367,57732,0,0,0,0,3,0.880383,0.050046,5.4215e-05,ok,2
BBMSDppInstant,34,2201,1917,4219317,0.933449,9257.53,39.625,866.074,222283,0,0,0,0,4,0.622145,0.311257,4.6958e-05,ok,2
BBMSDppStepwise,34,2201,1917,4219317,0.997765,9257.53,39.625,849.25,217247,0,0,0,0,4,0.715491,0.282249,2.5192e-05,ok,2
DijkstraPrims,34,2201,1917,4219317,0.0700073,9257.53,39.625,39.625,5552,0,0,0,0,1,0.059952,0.010047,8.323e-06,ok,2
BBMSCore,35,2201,249,548049,5.05777,23962.3,39.6289,39.6289,3236,0,0,0,0,20,5.04659,0.009995,0.00118529,ok,0
BBMSInter,35,2201,249,548049,0.401154,23962.3,39.6289,39.6289,7517,0,0,0,0,2,0.39108,0.010063,1.0504e-05,ok,0
BBMSDppInstant,35,2201,249,548049,0.103841,23962.3,39.6328,112.586,27980,0,0,0,0,0,0.074792,0.029061,-1.1732e-05,ok,0
BBMSDppStepwise,35,2201,249,548049,0.108475,23962.3,39.6328,111.742,27699,0,0,0,0,1,0.088481,0.019996,-1.743e-06,ok,0
DijkstraPrims,35,2201,249,548049,0.00163601,23962.3,39.6328,39.6328,168,0,0,0,0,0,0.001645,0,-8.994e-06,ok,0
BBMSCore,35,2201,249,548049,5.03164,23962.3,39.6328,39.6328,3236,0,0,0,0,17,5.0206,0.010003,0.00103832,ok,1
BBMSInter,35,2201,249,548049,0.401459,23962.3,39.6328,39.6328,7517,0,0,0,0,2,0.390105,0.011351,3.003e-06,ok,1
BBMSDppInstant,35,2201,249,548049,0.103967,23962.3,39.6328,112.602,27980,0,0,0,0,1,0.062372,0.041597,-2.02e-06,ok,1
BBMSDppStepwise,35,2201,249,548049,0.110645,23962.3,39.6328,111.727,27699,0,0,0,0,1,0.070068,0.040559,1.7727e-05,ok,1
DijkstraPrims,35,2201,249,548049,0.00164018,23962.3,39.6328,39.6328,168,0,0,0,0,0,0.001649,0,-8.817e-06,ok,1
BBMSCore,35,2201,249,548049,5.01274,23962.3,39.6328,39.6328,3236,0,0,0,0,25,5.01253,0,0.000215921,ok,2
BBMSInter,35,2201,249,548049,0.401791,23962.3,39.6328,39.6328,7517,0,0,0,0,2,0.3917,0.010078,1.3352e-05,ok,2
BBMSDppInstant,35,2201,249,548049,0.104549,23962.3,39.6328,112.586,27980,0,0,0,0,1,0.062839,0.041707,2.89e-06,ok,2
BBMSDppStepwise,35,2201,249,548049,0.108838,23962.3,39.6328,111.742,27699,0,0,0,0,1,0.088783,0.020044,1.1317e-05,ok,2
DijkstraPrims,35,2201,249,548049,0.0016369,23962.3,39.6328,39.6328,168,0,0,0,0,0,0.001645,0,-8.096e-06,ok,2
BBMSCore,36,2201,455,1001455,3.42178,10135.5,39.6367,39.6367,5893,0,0,0,0,13,3.41114,0.01001,0.000628174,ok,0
BBMSInter,36,2201,455,1001455,0.151654,10135.5,39.6367,57.5,13717,0,0,0,0,1,0.151635,0,1.872e-05,ok,0
BBMSDppInstant,36,2201,455,1001455,0.158938,10135.5,39.6367,204.797,51648,0,0,0,0,0,0.098513,0.060437,-1.2115e-05,ok,0
BBMSDppStepwise,36,2201,455,1001455,0.169792,10135.5,39.6367,203.602,51314,0,0,0,0,2,0.102239,0.067543,1.0015e-05,ok,0
DijkstraPrims,36,2201,455,1001455,0.0385133,10135.5,39.6367,39.6367,2929,0,0,0,0,0,0.018232,0.020291,-9.694e-06,ok,0
BBMSCore,36,2201,455,1001455,3.42162,10135.5,39.6367,39.6367,5893,0,0,0,0,12,3.41151,0.010011,9.9463e-05,ok,1
BBMSInter,36,2201,455,1001455,0.14994,10135.5,39.6367,57.5,13717,0,0,0,0,0,0.129655,0.020296,-1.0872e-05,ok,1
BBMSDppInstant,36,2201,455,1001455,0.166388,10135.5,39.6367,204.609,51648,0,0,0,0,1,0.103695,0.062696,-3.184e-06,ok,1
BBMSDppStepwise,36,2201,455,1001455,0.171589,10135.5,39.6367,203.586,51314,0,0,0,0,0,0.120635,0.050968,-1.3524e-05,ok,1
DijkstraPrims,36,2201,455,1001455,0.0379832,10135.5,39.6367,39.6367,2929,0,0,0,0,1,0.027892,0.010082,9.158e-06,ok,1
BBMSCore,36,2201,455,1001455,3.42238,10135.5,39.6367,39.6367,5893,0,0,0,0,14,3.40181,0.019966,0.000607692,ok,2
BBMSInter,36,2201,455,1001455,0.149786,10135.5,39.6367,57.4922,13717,0,0,0,0,1,0.149783,0,3.18e-06,ok,2
BBMSDppInstant,36,2201,455,1001455,0.1654,10135.5,39.6367,204.918,51648,0,0,0,0,2,0.076182,0.089207,1.1159e-05,ok,2
BBMSDppStepwise,36,2201,455,1001455,0.176216,10135.5,39.6367,203.586,51314,0,0,0,0,0,0.096653,0.079575,-1.1965e-05,ok,2
DijkstraPrims,36,2201,455,1001455,0.0383003,10135.5,39.6367,39.6367,2929,0,0,0,0,0,0.038312,0,-1.1689e-05,ok,2
BBMSCore,37,2201,20006,44033206,-1,-1,-1,-1,-1,-1,-1,-1,-1,-1,-1,-1,-1,timeout,0
BBMSInter,37,2201,20006,44033206,48.4005,1.51164e+06,39.6406,2356.23,602377,0,0,0,0,187,47.6688,0.730013,0.00167542,ok,0
BBMSDppInstant,37,2201,20006,44033206,18.8982,1.51164e+06,39.6406,8792.29,2265039,0,0,0,0,70,15.9976,2.89993,0.000669445,ok,0
BBMSDppStepwise,37,2201,20006,44033206,26.0172,1.51164e+06,39.6445,8641.28,2224885,0,0,0,0,106,23.2361,2.77982,0.00131487,ok,0
DijkstraPrims,37,2201,20006,44033206,5.7087,1.51164e+06,39.6445,804.473,251567,0,0,0,0,22,5.35847,0.350042,0.00019232,ok,0
BBMSCore,37,2201,20006,44033206,-1,-1,-1,-1,-1,-1,-1,-1,-1,-1,-1,-1,-1,timeout,1
BBMSInter,37,2201,20006,44033206,48.5286,1.51164e+06,39.6484,2356.29,602377,0,0,0,0,176,47.787,0.739986,0.00162289,ok,1
BBMSDppInstant,37,2201,20006,44033206,19.2232,1.51164e+06,39.6484,8792.36,2265039,0,0,0,0,72,16.3918,2.83068,0.00069388,ok,1
BBMSDppStepwise,37,2201,20006,44033206,25.9528,1.51164e+06,39.6484,8641.3,2224885,0,0,0,0,101,23.1515,2.79998,0.00134058,ok,1
DijkstraPrims,37,2201,20006,44033206,5.70768,1.51164e+06,39.6484,804.496,251567,0,0,0,0,21,5.38725,0.319972,0.000461141,ok,1
BBMSCore,37,2201,20006,44033206,-1,-1,-1,-1,-1,-1,-1,-1,-1,-1,-1,-1,-1,timeout,2
BBMSInter,37,2201,20006,44033206,48.3826,1.51164e+06,39.6484,2356.29,602377,0,0,0,0,169,47.6909,0.690027,0.00161447,ok,2
BBMSDppInstant,37,2201,20006,44033206,18.9149,1.51164e+06,39.6484,8792.37,2265039,0,0,0,0,74,16.0931,2.82072,0.00105177,ok,2
BBMSDppStepwise,37,2201,20006,44033206,25.9332,1.51164e+06,39.6484,8641.17,2224885,0,0,0,0,113,23.2418,2.69046,0.000946805,ok,2
DijkstraPrims,37,2201,20006,44033206,5.66758,1.51164e+06,39.6484,804.484,251567,0,0,0,0,21,5.34739,0.319971,0.000220637,ok,2
BBMSCore,38,2201,1899,4179699,21.6287,2.08571e+07,39.6523,99.7422,24537,0,0,0,0,84,21.5876,0.039971,0.00116359,ok,0
BBMSInter,38,2201,1899,4179699,2.13636,2.08571e+07,39.6523,227.25,57191,0,0,0,0,7,2.04628,0.089995,8.5865e-05,ok,0
BBMSDppInstant,38,2201,1899,4179699,1.28153,2.08571e+07,39.6523,972.52,248951,0,0,0,0,4,0.990417,0.291085,3.205e-05,ok,0
BBMSDppStepwise,38,2201,1899,4179699,1.60513,2.08571e+07,39.6523,852.59,218122,0,0,0,0,10,1.3135,0.291523,0.0001062,ok,0
DijkstraPrims,38,2201,1899,4179699,1.1565,2.08571e+07,39.6523,177.172,55630,0,0,0,0,6,1.08643,0.070003,6.397e-05,ok,0
BBMSCore,38,2201,1899,4179699,20.4079,2.08571e+07,39.6523,99.7266,24537,0,0,0,0,78,20.3852,0.019999,0.00270256,ok,1
BBMSInter,38,2201,1899,4179699,2.1355,2.08571e+07,39.6523,227.219,57191,0,0,0,0,15,2.05483,0.080331,0.000335302,ok,1
BBMSDppInstant,38,2201,1899,4179699,1.25995,2.08571e+07,39.6523,972.516,248951,0,0,0,0,3,0.989192,0.270729,2.6825e-05,ok,1
BBMSDppStepwise,38,2201,1899,4179699,1.58952,2.08571e+07,39.6523,852.59,218122,0,0,0,0,5,1.31898,0.270511,2.9633e-05,ok,1
DijkstraPrims,38,2201,1899,4179699,1.12097,2.08571e+07,39.6523,177.176,55630,0,0,0,0,2,1.02041,0.100561,-2.865e-06,ok,1
BBMSCore,38,2201,1899,4179699,20.3079,2.08571e+07,39.6523,99.7422,24537,0,0,0,0,77,20.274,0.029996,0.00392719,ok,2
BBMSInter,38,2201,1899,4179699,2.13406,2.08571e+07,39.6523,227.242,57191,0,0,0,0,10,2.06295,0.070937,0.000177414,ok,2
BBMSDppInstant,38,2201,1899,4179699,1.26905,2.08571e+07,39.6523,972.5,248951,0,0,0,0,4,1.01847,0.250563,2.0529e-05,ok,2
BBMSDppStepwise,38,2201,1899,4179699,1.5907,2.08571e+07,39.6523,852.586,218122,0,0,0,0,7,1.32996,0.260673,7.0886e-05,ok,2
DijkstraPrims,38,2201,1899,4179699,1.13383,2.08571e+07,39.6523,177.176,55630,0,0,0,0,3,1.0939,0.039917,1.7545e-05,ok,2
BBMSCore,39,2201,63,138663,0.645284,3077.91,39.6562,39.6562,836,0,0,0,0,6,0.64515,0,0.000134018,ok,0
BBMSInter,39,2201,63,138663,0.0640689,3077.91,39.6562,39.6562,1919,0,0,0,0,0,0.064078,0,-9.13e-06,ok,0
BBMSDppInstant,39,2201,63,138663,0.0291022,3077.91,39.6562,39.6562,7497,0,0,0,0,0,0.018698,0.010414,-9.802e-06,ok,0
BBMSDppStepwise,39,2201,63,138663,0.0406518,3077.91,39.6562,39.6562,7199,0,0,0,0,0,0.031143,0.009519,-1.0161e-05,ok,0
DijkstraPrims,39,2201,63,138663,0.0178366,3077.91,39.6562,39.6562,1651,0,0,0,0,1,0.017826,0,1.0634e-05,ok,0
BBMSCore,39,2201,63,138663,0.65154,3077.91,39.6562,39.6562,836,0,0,0,0,3,0.650552,0.000893,9.4678e-05,ok,1
BBMSInter,39,2201,63,138663,0.0643547,3077.91,39.6562,39.6562,1919,0,0,0,0,0,0.064364,0,-9.264e-06,ok,1
BBMSDppInstant,39,2201,63,138663,0.02917,3077.91,39.6562,39.6562,7497,0,0,0,0,0,0.02918,0,-9.965e-06,ok,1
BBMSDppStepwise,39,2201,63,138663,0.040748,3077.91,39.6562,39.6562,7199,0,0,0,0,1,0.030485,0.010265,-1.952e-06,ok,1
DijkstraPrims,39,2201,63,138663,0.0178382,3077.91,39.6562,39.6562,1651,0,0,0,0,0,0.017847,0,-8.807e-06,ok,1
BBMSCore,39,2201,63,138663,0.651599,3077.91,39.6602,39.6602,836,0,0,0,0,3,0.651572,0,2.6868e-05,ok,2
BBMSInter,39,2201,63,138663,0.0643007,3077.91,39.6602,39.6602,1919,0,0,0,0,0,0.063497,0.000815,-1.1301e-05,ok,2
BBMSDppInstant,39,2201,63,138663,0.0293535,3077.91,39.6602,39.6602,7497,0,0,0,0,0,0.019816,0.009546,-8.475e-06,ok,2
BBMSDppStepwise,39,2201,63,138663,0.0400051,3077.91,39.6602,39.6602,7199,0,0,0,0,0,0.029509,0.010507,-1.0881e-05,ok,2
DijkstraPrims,39,2201,63,138663,0.0180511,3077.91,39.6602,39.6602,1651,0,0,0,0,1,0.018055,0,-3.928e-06,ok,2
BBMSCore,40,2201,2142,4714542,49.5502,11471.9,39.6602,111.867,27677,0,0,0,0,193,49.5028,0.040652,0.00676082,ok,0
BBMSInter,40,2201,2142,4714542,1.79793,11471.9,39.6641,255.855,64509,0,0,0,0,4,1.72814,0.069786,8.201e-06,ok,0
BBMSDppInstant,40,2201,2142,4714542,0.991103,11471.9,39.6641,969.949,249048,0,0,0,0,6,0.671816,0.31921,7.7365e-05,ok,0
BBMSDppStepwise,40,2201,2142,4714542,1.09995,11471.9,39.6641,948.875,243619,0,0,0,0,4,0.761002,0.338895,5.0518e-05,ok,0
DijkstraPrims,40,2201,2142,4714542,0.162408,11471.9,39.6641,43.1484,12751,0,0,0,0,2,0.151803,0.010396,0.000208531,ok,0
BBMSCore,40,2201,2142,4714542,49.6813,11471.9,39.6641,111.879,27677,0,0,0,0,150,49.6388,0.039996,0.00243898,ok,1
BBMSInter,40,2201,2142,4714542,1.80335,11471.9,39.6641,255.879,64509,0,0,0,0,10,1.73326,0.070013,7.8027e-05,ok,1
BBMSDppInstant,40,2201,2142,4714542,0.98807,11471.9,39.6641,969.902,249048,0,0,0,0,5,0.62994,0.358087,4.3221e-05,ok,1
BBMSDppStepwise,40,2201,2142,4714542,1.07413,11471.9,39.6641,948.875,243619,0,0,0,0,2,0.784045,0.290083,2.424e-06,ok,1
DijkstraPrims,40,2201,2142,4714542,0.15907,11471.9,39.668,43.1328,12751,0,0,0,0,2,0.148592,0.010289,0.000188603,ok,1
BBMSCore,40,2201,2142,4714542,49.4085,11471.9,39.668,111.875,27677,0,0,0,0,180,49.3936,0.01,0.00493597,ok,2
BBMSInter,40,2201,2142,4714542,1.80796,11471.9,39.668,255.867,64509,0,0,0,0,5,1.7177,0.090204,5.7667e-05,ok,2
BBMSDppInstant,40,2201,2142,4714542,0.995269,11471.9,39.668,969.992,249048,0,0,0,0,6,0.664629,0.330562,7.7688e-05,ok,2
BBMSDppStepwise,40,2201,2142,4714542,1.08786,11471.9,39.668,948.879,243619,0,0,0,0,4,0.858958,0.228854,4.3885e-05,ok,2
DijkstraPrims,40,2201,2142,4714542,0.171385,11471.9,39.668,43.1406,12751,0,0,0,0,1,0.141697,0.029675,1.2666e-05,ok,2
BBMSCore,41,53,846,44838,0.023713,14173.4,39.6719,39.6719,269,0,0,0,0,0,0.023723,0,-9.995e-06,ok,0
BBMSInter,41,53,846,44838,0.00215511,14173.4,39.6719,39.6719,620,0,0,0,0,1,0.002145,0,1.0108e-05,ok,0
BBMSDppInstant,41,53,846,44838,0.00776249,14173.4,39.6719,39.6719,2499,0,0,0,0,0,0.00777,0,-7.506e-06,ok,0
BBMSDppStepwise,41,53,846,44838,0.00988353,14173.4,39.6719,39.6719,2352,0,0,0,0,1,0.009872,0,1.1529e-05,ok,0
DijkstraPrims,41,53,846,44838,0.00381373,14173.4,39.6719,39.6719,325,0,0,0,0,0,0.003823,0,-9.275e-06,ok,0
BBMSCore,41,53,846,44838,0.0236994,14173.4,39.6719,39.6719,269,0,0,0,0,0,0.023099,0.000608,-7.63e-06,ok,1
BBMSInter,41,53,846,44838,0.00215035,14173.4,39.6719,39.6719,620,0,0,0,0,0,0.002158,0,-7.653e-06,ok,1
BBMSDppInstant,41,53,846,44838,0.00787834,14173.4,39.6719,39.6719,2499,0,0,0,0,0,0.007886,0,-7.656e-06,ok,1
BBMSDppStepwise,41,53,846,44838,0.00979561,14173.4,39.6719,39.6719,2352,0,0,0,0,0,0,0.009804,-8.391e-06,ok,1
DijkstraPrims,41,53,846,44838,0.00379575,14173.4,39.6719,39.6719,325,0,0,0,0,0,0.00317,0.000634,-8.248e-06,ok,1
BBMSCore,41,53,846,44838,0.023709,14173.4,39.6719,39.6719,269,0,0,0,0,1,0.023712,0,-2.973e-06,ok,2
BBMSInter,41,53,846,44838,0.00211438,14173.4,39.6719,39.6719,620,0,0,0,0,0,0.002122,0,-7.621e-06,ok,2
BBMSDppInstant,41,53,846,44838,0.00788595,14173.4,39.6758,39.6758,2499,0,0,0,0,0,0.007896,0,-1.0051e-05,ok,2
BBMSDppStepwise,41,53,846,44838,0.00995853,14173.4,39.6758,39.6758,2352,0,0,0,0,1,0.009951,0,7.531e-06,ok,2
DijkstraPrims,41,53,846,44838,0.00378588,14173.4,39.6758,39.6758,325,0,0,0,0,0,0.003795,0,-9.119e-06,ok,2
BBMSCore,42,53,903,47859,0.0285429,13841.8,39.6758,39.6758,287,0,0,0,0,0,0.028553,0,-1.011e-05,ok,0
BBMSInter,42,53,903,47859,0.00228995,13841.8,39.6797,39.6797,661,0,0,0,0,0,0.002299,0,-9.047e-06,ok,0
BBMSDppInstant,42,53,903,47859,0.0075146,13841.8,39.6797,39.6797,2533,0,0,0,0,0,0.007523,0,-8.397e-06,ok,0
BBMSDppStepwise,42,53,903,47859,0.00824477,13841.8,39.6797,39.6797,2478,0,0,0,0,0,0,0.008253,-8.229e-06,ok,0
DijkstraPrims,42,53,903,47859,0.00615802,13841.8,39.6797,39.6797,633,0,0,0,0,0,0.006168,0,-9.984e-06,ok,0
BBMSCore,42,53,903,47859,0.0285525,13841.8,39.6797,39.6797,287,0,0,0,0,1,0.028546,0,6.48e-06,ok,1
BBMSInter,42,53,903,47859,0.00225126,13841.8,39.6797,39.6797,661,0,0,0,0,0,0,0.002259,-7.74e-06,ok,1
BBMSDppInstant,42,53,903,47859,0.00758133,13841.8,39.6797,39.6797,2533,0,0,0,0,0,0,0.007591,-9.666e-06,ok,1
BBMSDppStepwise,42,53,903,47859,0.00838741,13841.8,39.6797,39.6797,2478,0,0,0,0,0,0.008395,0,-7.586e-06,ok,1
DijkstraPrims,42,53,903,47859,0.00620891,13841.8,39.6797,39.6797,633,0,0,0,0,0,0.006219,0,-1.009e-05,ok,1
BBMSCore,42,53,903,47859,0.0285367,13841.8,39.6797,39.6797,287,0,0,0,0,0,0.028545,0,-8.33e-06,ok,2
BBMSInter,42,53,903,47859,0.00229599,13841.8,39.6797,39.6797,661,0,0,0,0,0,0.002306,0,-1.0008e-05,ok,2
BBMSDppInstant,42,53,903,47859,0.0075705,13841.8,39.6797,39.6797,2533,0,0,0,0,0,0,0.007578,-7.497e-06,ok,2
BBMSDppStepwise,42,53,903,47859,0.00874754,13841.8,39.6797,39.6797,2478,0,0,0,0,0,0,0.00876,-1.2462e-05,ok,2
DijkstraPrims,42,53,903,47859,0.00629946,13841.8,39.6797,39.6797,633,0,0,0,0,0,0.006311,0,-1.1544e-05,ok,2
BBMSCore,43,53,199,10547,0.00176186,14065.2,39.6836,39.6836,64,0,0,0,0,0,0.001773,0,-1.114e-05,ok,0
BBMSInter,43,53,199,10547,0.000525787,14065.2,39.6836,39.6836,147,0,0,0,0,0,0.000535,0,-9.213e-06,ok,0
BBMSDppInstant,43,53,199,10547,0.00184958,14065.2,39.6836,39.6836,580,0,0,0,0,0,0.001861,0,-1.1422e-05,ok,0
BBMSDppStepwise,43,53,199,10547,0.00200094,14065.2,39.6836,39.6836,552,0,0,0,0,0,0.002011,0,-1.0061e-05,ok,0
DijkstraPrims,43,53,199,10547,0.00149632,14065.2,39.6836,39.6836,141,0,0,0,0,0,0.001506,0,-9.684e-06,ok,0
BBMSCore,43,53,199,10547,0.00176825,14065.2,39.6836,39.6836,64,0,0,0,0,0,0.00178,0,-1.1754e-05,ok,1
BBMSInter,43,53,199,10547,0.000541564,14065.2,39.6836,39.6836,147,0,0,0,0,0,0.000552,0,-1.0436e-05,ok,1
BBMSDppInstant,43,53,199,10547,0.00193917,14065.2,39.6836,39.6836,580,0,0,0,0,0,0.001951,0,-1.1831e-05,ok,1
BBMSDppStepwise,43,53,199,10547,0.00220676,14065.2,39.6836,39.6836,552,0,0,0,0,0,0.002219,0,-1.2237e-05,ok,1
DijkstraPrims,43,53,199,10547,0.00150944,14065.2,39.6836,39.6836,141,0,0,0,0,0,0.00152,0,-1.0557e-05,ok,1
BBMSCore,43,53,199,10547,0.00176937,14065.2,39.6836,39.6836,64,0,0,0,0,0,0.001781,0,-1.1628e-05,ok,2
BBMSInter,43,53,199,10547,0.00053404,14065.2,39.6836,39.6836,147,0,0,0,0,0,0.000547,0,-1.296e-05,ok,2
BBMSDppInstant,43,53,199,10547,0.00200525,14065.2,39.6836,39.6836,580,0,0,0,0,0,0.002016,0,-1.0752e-05,ok,2
BBMSDppStepwise,43,53,199,10547,0.00205816,14065.2,39.6836,39.6836,552,0,0,0,0,0,0.002068,0,-9.842e-06,ok,2
DijkstraPrims,43,53,199,10547,0.00150294,14065.2,39.6914,39.6914,141,0,0,0,0,0,0.001514,0,-1.1061e-05,ok,2
BBMSCore,44,53,223,11819,0.00117478,9591.15,39.6914,39.6914,72,0,0,0,0,0,0.001186,0,-1.1218e-05,ok,0
BBMSInter,44,53,223,11819,0.000699367,9591.15,39.6953,39.6953,164,0,0,0,0,0,0.00071,0,-1.0633e-05,ok,0
BBMSDppInstant,44,53,223,11819,0.00227032,9591.15,39.6953,39.6953,680,0,0,0,0,0,0.002282,0,-1.1685e-05,ok,0
BBMSDppStepwise,44,53,223,11819,0.00237129,9591.15,39.6953,39.6953,626,0,0,0,0,0,0.002382,0,-1.0712e-05,ok,0
DijkstraPrims,44,53,223,11819,0.00161003,9591.15,39.6953,39.6953,141,0,0,0,0,0,0.001621,0,-1.0965e-05,ok,0
BBMSCore,44,53,223,11819,0.00117119,9591.15,39.6953,39.6953,72,0,0,0,0,0,0.001181,0,-9.807e-06,ok,1
BBMSInter,44,53,223,11819,0.000712633,9591.15,39.6953,39.6953,164,0,0,0,0,0,0.000724,0,-1.1367e-05,ok,1
BBMSDppInstant,44,53,223,11819,0.00231941,9591.15,39.6953,39.6953,680,0,0,0,0,0,0.002331,0,-1.1595e-05,ok,1
BBMSDppStepwise,44,53,223,11819,0.00240125,9591.15,39.6953,39.6953,626,0,0,0,0,0,0.002413,0,-1.1746e-05,ok,1
DijkstraPrims,44,53,223,11819,0.00161802,9591.15,39.6953,39.6953,141,0,0,0,0,0,0.00163,0,-1.1983e-05,ok,1
BBMSCore,44,53,223,11819,0.00118745,9591.15,39.6953,39.6953,72,0,0,0,0,0,0.001198,0,-1.055e-05,ok,2
BBMSInter,44,53,223,11819,0.000711892,9591.15,39.6953,39.6953,164,0,0,0,0,0,0.000722,0,-1.0108e-05,ok,2
BBMSDppInstant,44,53,223,11819,0.00228294,9591.15,39.6953,39.6953,680,0,0,0,0,0,0.002292,0,-9.061e-06,ok,2
BBMSDppStepwise,44,53,223,11819,0.00223007,9591.15,39.6953,39.6953,626,0,0,0,0,0,0.002239,0,-8.932e-06,ok,2
DijkstraPrims,44,53,223,11819,0.00158123,9591.15,39.6953,39.6953,141,0,0,0,0,0,0.001588,0,-6.77e-06,ok,2
BBMSCore,45,53,154,8162,0.00189613,7043.39,39.6992,39.6992,50,0,0,0,0,0,0.001905,0,-8.865e-06,ok,0
BBMSInter,45,53,154,8162,0.000518803,7043.39,39.6992,39.6992,114,0,0,0,0,0,0.000528,0,-9.197e-06,ok,0
BBMSDppInstant,45,53,154,8162,0.00128673,7043.39,39.6992,39.6992,435,0,0,0,0,0,0.001295,0,-8.273e-06,ok,0
BBMSDppStepwise,45,53,154,8162,0.00129104,7043.39,39.6992,39.6992,431,0,0,0,0,0,0.001299,0,-7.958e-06,ok,0
DijkstraPrims,45,53,154,8162,6.1968e-05,7043.39,39.6992,39.6992,4,0,0,0,0,0,6.9e-05,0,-7.032e-06,ok,0
BBMSCore,45,53,154,8162,0.00189181,7043.39,39.6992,39.6992,50,0,0,0,0,0,0.001899,0,-7.186e-06,ok,1
BBMSInter,45,53,154,8162,0.000507394,7043.39,39.6992,39.6992,114,0,0,0,0,0,0.000429,8.6e-05,-7.606e-06,ok,1
BBMSDppInstant,45,53,154,8162,0.00123385,7043.39,39.6992,39.6992,435,0,0,0,0,0,0.001242,0,-8.151e-06,ok,1
BBMSDppStepwise,45,53,154,8162,0.00128862,7043.39,39.6992,39.6992,431,0,0,0,0,0,0.001298,0,-9.377e-06,ok,1
DijkstraPrims,45,53,154,8162,5.9947e-05,7043.39,39.6992,39.6992,4,0,0,0,0,0,6.8e-05,0,-8.053e-06,ok,1
BBMSCore,45,53,154,8162,0.00190607,7043.39,39.6992,39.6992,50,0,0,0,0,0,0.001913,0,-6.925e-06,ok,2
BBMSInter,45,53,154,8162,0.000527279,7043.39,39.6992,39.6992,114,0,0,0,0,0,0,0.000534,-6.721e-06,ok,2
BBMSDppInstant,45,53,154,8162,0.00123491,7043.39,39.6992,39.6992,435,0,0,0,0,0,0.001243,0,-8.094e-06,ok,2
BBMSDppStepwise,45,53,154,8162,0.00129586,7043.39,39.6992,39.6992,431,0,0,0,0,0,0.001304,0,-8.135e-06,ok,2
DijkstraPrims,45,53,154,8162,5.835e-05,7043.39,39.6992,39.6992,4,0,0,0,0,0,6.6e-05,0,-7.65e-06,ok,2
BBMSCore,46,53,1128,59784,0.033907,23888.7,39.7031,39.7031,362,0,0,0,0,0,0.033916,0,-8.96e-06,ok,0
BBMSInter,46,53,1128,59784,0.00216296,23888.7,39.707,39.707,829,0,0,0,0,0,0.002171,0,-8.041e-06,ok,0
BBMSDppInstant,46,53,1128,59784,0.00898019,23888.7,39.707,39.707,3149,0,0,0,0,0,0,0.008991,-1.0814e-05,ok,0
BBMSDppStepwise,46,53,1128,59784,0.00853492,23888.7,39.707,39.707,3130,0,0,0,0,0,0.008545,0,-1.0082e-05,ok,0
DijkstraPrims,46,53,1128,59784,0.00142875,23888.7,39.707,39.707,109,0,0,0,0,0,0.001437,0,-8.252e-06,ok,0
BBMSCore,46,53,1128,59784,0.0339195,23888.7,39.707,39.707,362,0,0,0,0,0,0.033929,0,-9.471e-06,ok,1
BBMSInter,46,53,1128,59784,0.00222497,23888.7,39.707,39.707,829,0,0,0,0,1,0.002214,0,1.0965e-05,ok,1
BBMSDppInstant,46,53,1128,59784,0.00897545,23888.7,39.707,39.707,3149,0,0,0,0,0,0,0.008985,-9.553e-06,ok,1
BBMSDppStepwise,46,53,1128,59784,0.00871152,23888.7,39.707,39.707,3130,0,0,0,0,0,0,0.00872,-8.477e-06,ok,1
DijkstraPrims,46,53,1128,59784,0.00140384,23888.7,39.707,39.707,109,0,0,0,0,0,0.001411,0,-7.164e-06,ok,1
BBMSCore,46,53,1128,59784,0.0339195,23888.7,39.707,39.707,362,0,0,0,0,0,0.033359,0.00057,-9.525e-06,ok,2
BBMSInter,46,53,1128,59784,0.00219826,23888.7,39.707,39.707,829,0,0,0,0,0,0.001471,0.000736,-8.74e-06,ok,2
BBMSDppInstant,46,53,1128,59784,0.00890068,23888.7,39.707,39.707,3149,0,0,0,0,0,0.00891,0,-9.317e-06,ok,2
BBMSDppStepwise,46,53,1128,59784,0.00861688,23888.7,39.707,39.707,3130,0,0,0,0,1,0.008607,0,9.885e-06,ok,2
DijkstraPrims,46,53,1128,59784,0.00144501,23888.7,39.707,39.707,109,0,0,0,0,0,0.001455,0,-9.986e-06,ok,2
BBMSCore,47,53,1191,63123,0.0445778,20505,39.7109,39.7109,385,0,0,0,0,0,0.044588,0,-1.0209e-05,ok,0
BBMSInter,47,53,1191,63123,0.00318982,20505,39.7109,39.7109,879,0,0,0,0,0,0.002666,0.000533,-9.183e-06,ok,0
BBMSDppInstant,47,53,1191,63123,0.00947441,20505,39.7109,39.7109,3306,0,0,0,0,0,0,0.009483,-8.589e-06,ok,0
BBMSDppStepwise,47,53,1191,63123,0.00955497,20505,39.7109,39.7109,3287,0,0,0,0,0,0.009565,0,-1.0033e-05,ok,0
DijkstraPrims,47,53,1191,63123,0.000638861,20505,39.7148,39.7148,65,0,0,0,0,0,0.000648,0,-9.139e-06,ok,0
BBMSCore,47,53,1191,63123,0.0446168,20505,39.7148,39.7148,385,0,0,0,0,0,0.044626,0,-9.206e-06,ok,1
BBMSInter,47,53,1191,63123,0.00329425,20505,39.7148,39.7148,879,0,0,0,0,1,0.003287,0,7.255e-06,ok,1
BBMSDppInstant,47,53,1191,63123,0.00941845,20505,39.7148,39.7148,3306,0,0,0,0,0,0.009428,0,-9.551e-06,ok,1
BBMSDppStepwise,47,53,1191,63123,0.00925013,20505,39.7148,39.7148,3287,0,0,0,0,0,0.009259,0,-8.874e-06,ok,1
DijkstraPrims,47,53,1191,63123,0.000643249,20505,39.7148,39.7148,65,0,0,0,0,0,0.000652,0,-8.751e-06,ok,1
BBMSCore,47,53,1191,63123,0.0446397,20505,39.7148,39.7148,385,0,0,0,0,0,0.04465,0,-1.0259e-05,ok,2
BBMSInter,47,53,1191,63123,0.00333936,20505,39.7148,39.7148,879,0,0,0,0,0,0.003348,0,-8.644e-06,ok,2
BBMSDppInstant,47,53,1191,63123,0.0099054,20505,39.7148,39.7148,3306,0,0,0,0,0,0.000199,0.009716,-9.604e-06,ok,2
BBMSDppStepwise,47,53,1191,63123,0.00999008,20505,39.7148,39.7148,3287,0,0,0,0,1,0.009993,0,-2.924e-06,ok,2
DijkstraPrims,47,53,1191,63123,0.00063718,20505,39.7148,39.7148,65,0,0,0,0,0,0.000645,0,-7.82e-06,ok,2
BBMSCore,48,53,185,9805,0.0020412,15815.7,39.7188,39.7188,60,0,0,0,0,0,0.001708,0.000341,-7.804e-06,ok,0
BBMSInter,48,53,185,9805,0.000458442,15815.7,39.7188,39.7188,137,0,0,0,0,0,0.000466,0,-7.558e-06,ok,0
BBMSDppInstant,48,53,185,9805,0.00149947,15815.7,39.7227,39.7227,520,0,0,0,0,0,0.001258,0.000252,-1.0531e-05,ok,0
BBMSDppStepwise,48,53,185,9805,0.00169849,15815.7,39.7227,39.7227,510,0,0,0,0,0,0.001706,0,-7.506e-06,ok,0
DijkstraPrims,48,53,185,9805,0.000720987,15815.7,39.7227,39.7227,68,0,0,0,0,0,0.00073,0,-9.013e-06,ok,0
BBMSCore,48,53,185,9805,0.00208656,15815.7,39.7227,39.7227,60,0,0,0,0,0,0.002097,0,-1.044e-05,ok,1
BBMSInter,48,53,185,9805,0.000458178,15815.7,39.7227,39.7227,137,0,0,0,0,0,0.000468,0,-9.822e-06,ok,1
BBMSDppInstant,48,53,185,9805,0.00155143,15815.7,39.7227,39.7227,520,0,0,0,0,0,0.00156,0,-8.574e-06,ok,1
BBMSDppStepwise,48,53,185,9805,0.00157866,15815.7,39.7227,39.7227,510,0,0,0,0,0,0.001587,0,-8.337e-06,ok,1
DijkstraPrims,48,53,185,9805,0.000678428,15815.7,39.7227,39.7227,68,0,0,0,0,0,0.000686,0,-7.572e-06,ok,1
BBMSCore,48,53,185,9805,0.00204533,15815.7,39.7227,39.7227,60,0,0,0,0,0,0.002053,0,-7.667e-06,ok,2
BBMSInter,48,53,185,9805,0.000451874,15815.7,39.7227,39.7227,137,0,0,0,0,0,0.000459,0,-7.126e-06,ok,2
BBMSDppInstant,48,53,185,9805,0.00149445,15815.7,39.7227,39.7227,520,0,0,0,0,0,0.001502,0,-7.548e-06,ok,2
BBMSDppStepwise,48,53,185,9805,0.00168201,15815.7,39.7227,39.7227,510,0,0,0,0,0,0.001691,0,-8.987e-06,ok,2
DijkstraPrims,48,53,185,9805,0.000688218,15815.7,39.7227,39.7227,68,0,0,0,0,0,0.000464,0.000232,-7.782e-06,ok,2
BBMSCore,49,53,313,16589,0.00695404,21454.4,39.7266,39.7266,100,0,0,0,0,0,0.006963,0,-8.962e-06,ok,0
BBMSInter,49,53,313,16589,0.00141262,21454.4,39.7266,39.7266,229,0,0,0,0,0,0.001421,0,-8.382e-06,ok,0
BBMSDppInstant,49,53,313,16589,0.0028499,21454.4,39.7266,39.7266,899,0,0,0,0,0,0,0.002858,-8.101e-06,ok,0
BBMSDppStepwise,49,53,313,16589,0.00282144,21454.4,39.7266,39.7266,872,0,0,0,0,0,0.00283,0,-8.562e-06,ok,0
DijkstraPrims,49,53,313,16589,0.000117516,21454.4,39.7266,39.7266,11,0,0,0,0,0,0.000129,0,-1.1484e-05,ok,0
BBMSCore,49,53,313,16589,0.00698974,21454.4,39.7266,39.7266,100,0,0,0,0,0,0.006998,0,-8.259e-06,ok,1
BBMSInter,49,53,313,16589,0.00141797,21454.4,39.7266,39.7266,229,0,0,0,0,0,0.001188,0.000238,-8.029e-06,ok,1
BBMSDppInstant,49,53,313,16589,0.0028839,21454.4,39.7266,39.7266,899,0,0,0,0,0,0,0.002892,-8.102e-06,ok,1
BBMSDppStepwise,49,53,313,16589,0.00292346,21454.4,39.7266,39.7266,872,0,0,0,0,0,0.002933,0,-9.543e-06,ok,1
DijkstraPrims,49,53,313,16589,0.000113528,21454.4,39.7266,39.7266,11,0,0,0,0,0,0.000122,0,-8.472e-06,ok,1
BBMSCore,49,53,313,16589,0.00698847,21454.4,39.7266,39.7266,100,0,0,0,0,0,0.006996,0,-7.534e-06,ok,2
BBMSInter,49,53,313,16589,0.00148874,21454.4,39.7266,39.7266,229,0,0,0,0,1,0.001477,0,1.174e-05,ok,2
BBMSDppInstant,49,53,313,16589,0.00290934,21454.4,39.7266,39.7266,899,0,0,0,0,0,0.002921,0,-1.1661e-05,ok,2
BBMSDppStepwise,49,53,313,16589,0.00303227,21454.4,39.7266,39.7266,872,0,0,0,0,0,0.002537,0.000508,-1.2726e-05,ok,2
DijkstraPrims,49,53,313,16589,0.000119613,21454.4,39.7266,39.7266,11,0,0,0,0,0,0.00013,0,-1.0387e-05,ok,2
BBMSCore,50,53,1380,73140,0.131891,14972,39.7305,39.7305,446,0,0,0,0,0,0.131901,0,-1.003e-05,ok,0
BBMSInter,50,53,1380,73140,0.0128116,14972,39.7305,39.7305,1017,0,0,0,0,0,0.012819,0,-7.404e-06,ok,0
BBMSDppInstant,50,53,1380,73140,0.0140777,14972,39.7305,39.7305,3838,0,0,0,0,0,0.014087,0,-9.31e-06,ok,0
BBMSDppStepwise,50,53,1380,73140,0.0138746,14972,39.7344,39.7344,3769,0,0,0,0,0,0.003512,0.010371,-8.386e-06,ok,0
DijkstraPrims,50,53,1380,73140,0.00350187,14972,39.7344,39.7344,335,0,0,0,0,0,0.003511,0,-9.126e-06,ok,0
BBMSCore,50,53,1380,73140,0.131942,14972,39.7344,39.7344,446,0,0,0,0,0,0.131951,0,-9.385e-06,ok,1
BBMSInter,50,53,1380,73140,0.0128698,14972,39.7344,39.7344,1017,0,0,0,0,0,0.012881,0,-1.1213e-05,ok,1
BBMSDppInstant,50,53,1380,73140,0.0143448,14972,39.7344,39.7344,3838,0,0,0,0,0,0.005848,0.008509,-1.2195e-05,ok,1
BBMSDppStepwise,50,53,1380,73140,0.0144155,14972,39.7344,39.7344,3769,0,0,0,0,0,0.003926,0.010499,-9.464e-06,ok,1
DijkstraPrims,50,53,1380,73140,0.00348835,14972,39.7383,39.7383,335,0,0,0,0,0,0,0.003499,-1.0648e-05,ok,1
BBMSCore,50,53,1380,73140,0.13186,14972,39.7383,39.7383,446,0,0,0,0,1,0.131863,0,-3.077e-06,ok,2
BBMSInter,50,53,1380,73140,0.0128126,14972,39.7383,39.7383,1017,0,0,0,0,0,0.012821,0,-8.369e-06,ok,2
BBMSDppInstant,50,53,1380,73140,0.0149913,14972,39.7383,39.7383,3838,0,0,0,0,0,0.015,0,-8.724e-06,ok,2
BBMSDppStepwise,50,53,1380,73140,0.0140108,14972,39.7383,39.7383,3769,0,0,0,0,0,0.013422,0.000599,-1.0181e-05,ok,2
DijkstraPrims,50,53,1380,73140,0.00344709,14972,39.7383,39.7383,335,0,0,0,0,0,0.003457,0,-9.907e-06,ok,2
BBMSCore,51,53,1118,59254,0.0347144,114315,39.7422,39.7422,359,0,0,0,0,0,0.024256,0.010473,-1.4617e-05,ok,0
BBMSInter,51,53,1118,59254,0.0101217,114315,39.7422,39.7422,822,0,0,0,0,0,0.010136,0,-1.4339e-05,ok,0
BBMSDppInstant,51,53,1118,59254,0.01342,114315,39.7422,39.7422,3220,0,0,0,0,0,0.013431,0,-1.0972e-05,ok,0
BBMSDppStepwise,51,53,1118,59254,0.0142145,114315,39.7422,39.7422,3127,0,0,0,0,0,0.014225,0,-1.0456e-05,ok,0
DijkstraPrims,51,53,1118,59254,0.00138365,114315,39.7422,39.7422,111,0,0,0,0,0,0.001392,0,-8.351e-06,ok,0
BBMSCore,51,53,1118,59254,0.0347473,114315,39.7422,39.7422,359,0,0,0,0,2,0.034725,0,2.2337e-05,ok,1
BBMSInter,51,53,1118,59254,0.0100239,114315,39.7422,39.7422,822,0,0,0,0,0,0.010034,0,-1.0051e-05,ok,1
BBMSDppInstant,51,53,1118,59254,0.0134081,114315,39.7422,39.7422,3220,0,0,0,0,0,0.013418,0,-9.857e-06,ok,1
BBMSDppStepwise,51,53,1118,59254,0.0142307,114315,39.7422,39.7422,3127,0,0,0,0,0,0,0.014251,-2.0346e-05,ok,1
DijkstraPrims,51,53,1118,59254,0.00137025,114315,39.7422,39.7422,111,0,0,0,0,0,0.001379,0,-8.749e-06,ok,1
BBMSCore,51,53,1118,59254,0.0347161,114315,39.7422,39.7422,359,0,0,0,0,1,0.034707,0,9.125e-06,ok,2
BBMSInter,51,53,1118,59254,0.0102476,114315,39.7422,39.7422,822,0,0,0,0,1,0.010239,0,8.639e-06,ok,2
BBMSDppInstant,51,53,1118,59254,0.0133404,114315,39.7422,39.7422,3220,0,0,0,0,0,0.002463,0.010884,-6.584e-06,ok,2
BBMSDppStepwise,51,53,1118,59254,0.0151849,114315,39.7422,39.7422,3127,0,0,0,0,0,0.0045,0.010695,-1.0139e-05,ok,2
DijkstraPrims,51,53,1118,59254,0.00138272,114315,39.7422,39.7422,111,0,0,0,0,0,0.001392,0,-9.281e-06,ok,2
BBMSCore,52,53,58,3074,0.000257247,6895.05,39.7461,39.7461,20,0,0,0,0,0,0.000266,0,-8.753e-06,ok,0
BBMSInter,52,53,58,3074,0.000141365,6895.05,39.7461,39.7461,45,0,0,0,0,0,0.00015,0,-8.635e-06,ok,0
BBMSDppInstant,52,53,58,3074,0.000487168,6895.05,39.7461,39.7461,160,0,0,0,0,0,0.000494,0,-6.832e-06,ok,0
BBMSDppStepwise,52,53,58,3074,0.000510903,6895.05,39.7461,39.7461,158,0,0,0,0,0,0.000519,0,-8.097e-06,ok,0
DijkstraPrims,52,53,58,3074,9.2689e-05,6895.05,39.7461,39.7461,6,0,0,0,0,0,9.9e-05,0,-6.311e-06,ok,0
BBMSCore,52,53,58,3074,0.000257633,6895.05,39.75,39.75,20,0,0,0,0,0,0.000265,0,-7.367e-06,ok,1
BBMSInter,52,53,58,3074,0.000143954,6895.05,39.75,39.75,45,0,0,0,0,0,0.000151,0,-7.046e-06,ok,1
BBMSDppInstant,52,53,58,3074,0.000485947,6895.05,39.75,39.75,160,0,0,0,0,0,0.000492,0,-6.053e-06,ok,1
BBMSDppStepwise,52,53,58,3074,0.000579656,6895.05,39.75,39.75,158,0,0,0,0,1,0.000562,0,1.7656e-05,ok,1
DijkstraPrims,52,53,58,3074,9.4231e-05,6895.05,39.75,39.75,6,0,0,0,0,0,8.5e-05,1.7e-05,-7.769e-06,ok,1
BBMSCore,52,53,58,3074,0.000288193,6895.05,39.75,39.75,20,0,0,0,0,0,0.000297,0,-8.807e-06,ok,2
BBMSInter,52,53,58,3074,0.000141964,6895.05,39.75,39.75,45,0,0,0,0,0,0.000148,0,-6.036e-06,ok,2
BBMSDppInstant,52,53,58,3074,0.000514429,6895.05,39.75,39.75,160,0,0,0,0,0,0.000435,8.7e-05,-7.571e-06,ok,2
BBMSDppStepwise,52,53,58,3074,0.000507575,6895.05,39.75,39.75,158,0,0,0,0,0,0.000515,0,-7.425e-06,ok,2
DijkstraPrims,52,53,58,3074,9.2387e-05,6895.05,39.75,39.75,6,0,0,0,0,0,0.0001,0,-7.613e-06,ok,2
BBMSCore,53,53,1917,101601,0.123691,5945.64,39.7539,39.7539,617,0,0,0,0,1,0.123684,0,7.421e-06,ok,0
BBMSInter,53,53,1917,101601,0.0138009,5945.64,39.7539,39.7539,1411,0,0,0,0,0,0.004534,0.009275,-8.099e-06,ok,0
BBMSDppInstant,53,53,1917,101601,0.0182467,5945.64,39.7539,39.7539,5433,0,0,0,0,0,0.018257,0,-1.0307e-05,ok,0
BBMSDppStepwise,53,53,1917,101601,0.0192122,5945.64,39.7539,39.7539,5286,0,0,0,0,0,0.00929,0.009931,-8.777e-06,ok,0
DijkstraPrims,53,53,1917,101601,0.00371764,5945.64,39.7539,39.7539,366,0,0,0,0,0,0.003727,0,-9.357e-06,ok,0
BBMSCore,53,53,1917,101601,0.123803,5945.64,39.7539,39.7539,617,0,0,0,0,1,0.123803,0,-4.5e-08,ok,1
BBMSInter,53,53,1917,101601,0.0139002,5945.64,39.7539,39.7539,1411,0,0,0,0,0,0.013909,0,-8.834e-06,ok,1
BBMSDppInstant,53,53,1917,101601,0.0181348,5945.64,39.7539,39.7539,5433,0,0,0,0,0,0.016951,0.001193,-9.19e-06,ok,1
BBMSDppStepwise,53,53,1917,101601,0.0193391,5945.64,39.7539,39.7539,5286,0,0,0,0,0,0.019348,0,-8.937e-06,ok,1
DijkstraPrims,53,53,1917,101601,0.00376964,5945.64,39.7539,39.7539,366,0,0,0,0,0,0.003779,0,-9.363e-06,ok,1
BBMSCore,53,53,1917,101601,0.123772,5945.64,39.7539,39.7539,617,0,0,0,0,1,0.123775,0,-3.097e-06,ok,2
BBMSInter,53,53,1917,101601,0.0138209,5945.64,39.7539,39.7539,1411,0,0,0,0,0,0.01383,0,-9.122e-06,ok,2
BBMSDppInstant,53,53,1917,101601,0.0184152,5945.64,39.7539,39.7539,5433,0,0,0,0,1,0.00858,0.009834,1.219e-06,ok,2
BBMSDppStepwise,53,53,1917,101601,0.0194062,5945.64,39.7539,39.7539,5286,0,0,0,0,1,0.009443,0.009949,1.421e-05,ok,2
DijkstraPrims,53,53,1917,101601,0.00373464,5945.64,39.7578,39.7578,366,0,0,0,0,0,0.003745,0,-1.0364e-05,ok,2
BBMSCore,54,53,249,13197,0.0025619,21003.7,39.7617,39.7617,80,0,0,0,0,0,0.002572,0,-1.0103e-05,ok,0
BBMSInter,54,53,249,13197,0.000548474,21003.7,39.7617,39.7617,183,0,0,0,0,0,0.000557,0,-8.526e-06,ok,0
BBMSDppInstant,54,53,249,13197,0.00200862,21003.7,39.7617,39.7617,690,0,0,0,0,0,0.002018,0,-9.377e-06,ok,0
BBMSDppStepwise,54,53,249,13197,0.00198518,21003.7,39.7617,39.7617,688,0,0,0,0,0,0.001994,0,-8.817e-06,ok,0
DijkstraPrims,54,53,249,13197,0.00154966,21003.7,39.7617,39.7617,145,0,0,0,0,0,0.001558,0,-8.343e-06,ok,0
BBMSCore,54,53,249,13197,0.00254947,21003.7,39.7617,39.7617,80,0,0,0,0,0,0.002558,0,-8.533e-06,ok,1
BBMSInter,54,53,249,13197,0.000540989,21003.7,39.7656,39.7656,183,0,0,0,0,0,0.000549,0,-8.011e-06,ok,1
BBMSDppInstant,54,53,249,13197,0.00204863,21003.7,39.7656,39.7656,690,0,0,0,0,0,0.002057,0,-8.373e-06,ok,1
BBMSDppStepwise,54,53,249,13197,0.00199243,21003.7,39.7656,39.7656,688,0,0,0,0,0,0.002001,0,-8.574e-06,ok,1
DijkstraPrims,54,53,249,13197,0.00151747,21003.7,39.7656,39.7656,145,0,0,0,0,0,0.001526,0,-8.533e-06,ok,1
BBMSCore,54,53,249,13197,0.00254024,21003.7,39.7656,39.7656,80,0,0,0,0,0,0.002183,0.000364,-6.761e-06,ok,2
BBMSInter,54,53,249,13197,0.000529739,21003.7,39.7656,39.7656,183,0,0,0,0,0,0.000536,0,-6.261e-06,ok,2
BBMSDppInstant,54,53,249,13197,0.00201064,21003.7,39.7656,39.7656,690,0,0,0,0,0,0.002018,0,-7.363e-06,ok,2
BBMSDppStepwise,54,53,249,13197,0.00208134,21003.7,39.7656,39.7656,688,0,0,0,0,0,0.002091,0,-9.656e-06,ok,2
DijkstraPrims,54,53,249,13197,0.00153141,21003.7,39.7656,39.7656,145,0,0,0,0,0,0.001282,0.000256,-6.585e-06,ok,2
BBMSCore,55,53,455,24115,0.00358239,8398.49,39.7695,39.7695,145,0,0,0,0,0,0.003592,0,-9.609e-06,ok,0
BBMSInter,55,53,455,24115,0.001439,8398.49,39.7695,39.7695,333,0,0,0,0,0,0.001449,0,-9.997e-06,ok,0
BBMSDppInstant,55,53,455,24115,0.0043073,8398.49,39.7695,39.7695,1317,0,0,0,0,0,0,0.004317,-9.698e-06,ok,0
BBMSDppStepwise,55,53,455,24115,0.00429407,8398.49,39.7695,39.7695,1266,0,0,0,0,0,0.003586,0.000718,-9.932e-06,ok,0
DijkstraPrims,55,53,455,24115,0.00346773,8398.49,39.7695,39.7695,317,0,0,0,0,0,0.003476,0,-8.272e-06,ok,0
BBMSCore,55,53,455,24115,0.00351773,8398.49,39.7695,39.7695,145,0,0,0,0,0,0.003527,0,-9.267e-06,ok,1
BBMSInter,55,53,455,24115,0.00145193,8398.49,39.7695,39.7695,333,0,0,0,0,0,0.001461,0,-9.074e-06,ok,1
BBMSDppInstant,55,53,455,24115,0.00427095,8398.49,39.7695,39.7695,1317,0,0,0,0,0,0.004281,0,-1.0052e-05,ok,1
BBMSDppStepwise,55,53,455,24115,0.00433522,8398.49,39.7695,39.7695,1266,0,0,0,0,0,0,0.004343,-7.78e-06,ok,1
DijkstraPrims,55,53,455,24115,0.00347091,8398.49,39.7695,39.7695,317,0,0,0,0,0,0.003479,0,-8.086e-06,ok,1
BBMSCore,55,53,455,24115,0.00352869,8398.49,39.7695,39.7695,145,0,0,0,0,0,0.003033,0.000506,-1.0306e-05,ok,2
BBMSInter,55,53,455,24115,0.00139526,8398.49,39.7695,39.7695,333,0,0,0,0,0,0.001404,0,-8.735e-06,ok,2
BBMSDppInstant,55,53,455,24115,0.00430113,8398.49,39.7695,39.7695,1317,0,0,0,0,0,0.00431,0,-8.874e-06,ok,2
BBMSDppStepwise,55,53,455,24115,0.00432156,8398.49,39.7695,39.7695,1266,0,0,0,0,0,0.004331,0,-9.445e-06,ok,2
DijkstraPrims,55,53,455,24115,0.00346679,8398.49,39.7695,39.7695,317,0,0,0,0,0,0.002978,0.000497,-8.207e-06,ok,2
BBMSCore,56,53,20006,1060318,11.2685,1.50824e+06,39.7734,39.7734,6549,0,0,0,0,43,11.2669,0.000108,0.00146183,ok,0
BBMSInter,56,53,20006,1060318,0.177261,1.50824e+06,39.7734,61.168,14833,0,0,0,0,2,0.157518,0.019739,3.938e-06,ok,0
BBMSDppInstant,56,53,20006,1060318,0.298193,1.50824e+06,39.7734,222.344,56477,0,0,0,0,2,0.208757,0.089423,1.2705e-05,ok,0
BBMSDppStepwise,56,53,20006,1060318,0.333359,1.50824e+06,39.7734,215.652,54467,0,0,0,0,1,0.235173,0.09819,-3.701e-06,ok,0
DijkstraPrims,56,53,20006,1060318,0.0978592,1.50824e+06,39.7734,39.7734,7228,0,0,0,0,0,0.088044,0.009827,-1.1762e-05,ok,0
BBMSCore,56,53,20006,1060318,11.2791,1.50824e+06,39.7734,39.7734,6549,0,0,0,0,47,11.2665,0.009996,0.00258567,ok,1
BBMSInter,56,53,20006,1060318,0.178777,1.50824e+06,39.7773,61.1641,14833,0,0,0,0,0,0.149012,0.029778,-1.2687e-05,ok,1
BBMSDppInstant,56,53,20006,1060318,0.299249,1.50824e+06,39.7773,222.258,56477,0,0,0,0,1,0.249454,0.049799,-4.149e-06,ok,1
BBMSDppStepwise,56,53,20006,1060318,0.333636,1.50824e+06,39.7773,215.648,54467,0,0,0,0,0,0.225249,0.108401,-1.375e-05,ok,1
DijkstraPrims,56,53,20006,1060318,0.0962082,1.50824e+06,39.7773,39.7773,7228,0,0,0,0,0,0.086644,0.009576,-1.185e-05,ok,1
BBMSCore,56,53,20006,1060318,11.2664,1.50824e+06,39.7773,39.7773,6549,0,0,0,0,50,11.2648,0,0.00154756,ok,2
BBMSInter,56,53,20006,1060318,0.17709,1.50824e+06,39.7773,61.1562,14833,0,0,0,0,1,0.167293,0.009799,-2.383e-06,ok,2
BBMSDppInstant,56,53,20006,1060318,0.298916,1.50824e+06,39.7773,222.254,56477,0,0,0,0,0,0.209326,0.089603,-1.3156e-05,ok,2
BBMSDppStepwise,56,53,20006,1060318,0.333816,1.50824e+06,39.7773,215.621,54467,0,0,0,0,0,0.235513,0.098316,-1.2866e-05,ok,2
DijkstraPrims,56,53,20006,1060318,0.0981718,1.50824e+06,39.7773,39.7773,7228,0,0,0,0,2,0.09798,0,0.000191771,ok,2
BBMSCore,57,53,1899,100647,0.273972,2.08573e+07,39.7812,39.7812,611,0,0,0,0,2,0.27397,0,2.257e-06,ok,0
BBMSInter,57,53,1899,100647,0.033276,2.08573e+07,39.7812,39.7812,1398,0,0,0,0,0,0.033287,0,-1.1037e-05,ok,0
BBMSDppInstant,57,53,1899,100647,0.0180389,2.08573e+07,39.7812,39.7812,5218,0,0,0,0,0,0,0.018049,-1.0075e-05,ok,0
BBMSDppStepwise,57,53,1899,100647,0.0183896,2.08573e+07,39.7812,39.7812,5160,0,0,0,0,0,0.008561,0.00984,-1.1396e-05,ok,0
DijkstraPrims,57,53,1899,100647,0.00909555,2.08573e+07,39.7852,39.7852,952,0,0,0,0,0,0.009108,0,-1.2451e-05,ok,0
BBMSCore,57,53,1899,100647,0.273848,2.08573e+07,39.7852,39.7852,611,0,0,0,0,0,0.27386,0,-1.1825e-05,ok,1
BBMSInter,57,53,1899,100647,0.0332491,2.08573e+07,39.7852,39.7852,1398,0,0,0,0,0,0.03326,0,-1.0874e-05,ok,1
BBMSDppInstant,57,53,1899,100647,0.0174088,2.08573e+07,39.7852,39.7852,5218,0,0,0,0,0,0.007736,0.009682,-9.244e-06,ok,1
BBMSDppStepwise,57,53,1899,100647,0.0186625,2.08573e+07,39.7852,39.7852,5160,0,0,0,0,0,0.008958,0.009718,-1.346e-05,ok,1
DijkstraPrims,57,53,1899,100647,0.00915699,2.08573e+07,39.7852,39.7852,952,0,0,0,0,0,0.009167,0,-1.0007e-05,ok,1
BBMSCore,57,53,1899,100647,0.274308,2.08573e+07,39.7852,39.7852,611,0,0,0,0,1,0.274101,0,0.000206652,ok,2
BBMSInter,57,53,1899,100647,0.0334,2.08573e+07,39.7852,39.7852,1398,0,0,0,0,0,0.03341,0,-9.975e-06,ok,2
BBMSDppInstant,57,53,1899,100647,0.0176386,2.08573e+07,39.7852,39.7852,5218,0,0,0,0,0,0,0.017649,-1.0372e-05,ok,2
BBMSDppStepwise,57,53,1899,100647,0.0184701,2.08573e+07,39.7852,39.7852,5160,0,0,0,0,0,0.008668,0.009813,-1.0947e-05,ok,2
DijkstraPrims,57,53,1899,100647,0.00911602,2.08573e+07,39.7852,39.7852,952,0,0,0,0,0,0.009127,0,-1.0984e-05,ok,2
BBMSCore,58,53,63,3339,0.000295185,7120.06,39.7891,39.7891,21,0,0,0,0,0,0.000305,0,-9.815e-06,ok,0
BBMSInter,58,53,63,3339,0.000152815,7120.06,39.7891,39.7891,48,0,0,0,0,0,0.000161,0,-8.185e-06,ok,0
BBMSDppInstant,58,53,63,3339,0.00050931,7120.06,39.7891,39.7891,173,0,0,0,0,0,0.000517,0,-7.69e-06,ok,0
BBMSDppStepwise,58,53,63,3339,0.000523543,7120.06,39.7891,39.7891,172,0,0,0,0,0,0.000532,0,-8.457e-06,ok,0
DijkstraPrims,58,53,63,3339,4.6228e-05,7120.06,39.7891,39.7891,2,0,0,0,0,0,5.8e-05,0,-1.1772e-05,ok,0
BBMSCore,58,53,63,3339,0.000305443,7120.06,39.7891,39.7891,21,0,0,0,0,0,0.000273,4.5e-05,-1.2557e-05,ok,1
BBMSInter,58,53,63,3339,0.000176709,7120.06,39.7891,39.7891,48,0,0,0,0,0,0.000161,2.7e-05,-1.1291e-05,ok,1
BBMSDppInstant,58,53,63,3339,0.000553981,7120.06,39.7891,39.7891,173,0,0,0,0,0,0.000568,0,-1.4019e-05,ok,1
BBMSDppStepwise,58,53,63,3339,0.000548746,7120.06,39.7891,39.7891,172,0,0,0,0,0,0.000559,0,-1.0254e-05,ok,1
DijkstraPrims,58,53,63,3339,4.4016e-05,7120.06,39.793,39.793,2,0,0,0,0,0,5.4e-05,0,-9.984e-06,ok,1
BBMSCore,58,53,63,3339,0.000296094,7120.06,39.793,39.793,21,0,0,0,0,0,0.000305,0,-8.906e-06,ok,2
BBMSInter,58,53,63,3339,0.000175342,7120.06,39.793,39.793,48,0,0,0,0,0,0.000187,0,-1.1658e-05,ok,2
BBMSDppInstant,58,53,63,3339,0.000619417,7120.06,39.793,39.793,173,0,0,0,0,1,0.000605,0,1.4417e-05,ok,2
BBMSDppStepwise,58,53,63,3339,0.000562973,7120.06,39.793,39.793,172,0,0,0,0,0,0.000575,0,-1.2027e-05,ok,2
DijkstraPrims,58,53,63,3339,4.5386e-05,7120.06,39.793,39.793,2,0,0,0,0,0,5.7e-05,0,-1.1614e-05,ok,2
BBMSCore,59,53,2142,113526,0.0610936,10216.3,39.7969,39.7969,689,0,0,0,0,0,0.061105,0,-1.1352e-05,ok,0
BBMSInter,59,53,2142,113526,0.00997055,10216.3,39.7969,39.7969,1576,0,0,0,0,0,0.009981,0,-1.0454e-05,ok,0
BBMSDppInstant,59,53,2142,113526,0.0199051,10216.3,39.7969,39.7969,5967,0,0,0,0,0,0.009839,0.010078,-1.1878e-05,ok,0
BBMSDppStepwise,59,53,2142,113526,0.0231963,10216.3,39.7969,39.7969,5832,0,0,0,0,1,0.013773,0.009411,1.2341e-05,ok,0
DijkstraPrims,59,53,2142,113526,0.0118688,10216.3,39.7969,39.7969,928,0,0,0,0,0,0.00151,0.010369,-1.0203e-05,ok,0
BBMSCore,59,53,2142,113526,0.0610566,10216.3,39.7969,39.7969,689,0,0,0,0,0,0.051656,0.00941,-9.429e-06,ok,1
BBMSInter,59,53,2142,113526,0.00970457,10216.3,39.7969,39.7969,1576,0,0,0,0,0,0.009715,0,-1.043e-05,ok,1
BBMSDppInstant,59,53,2142,113526,0.0199459,10216.3,39.7969,39.7969,5967,0,0,0,0,0,0.009865,0.010091,-1.0104e-05,ok,1
BBMSDppStepwise,59,53,2142,113526,0.0229504,10216.3,39.7969,39.7969,5832,0,0,0,0,0,0.012528,0.010433,-1.0617e-05,ok,1
DijkstraPrims,59,53,2142,113526,0.0118716,10216.3,39.7969,39.7969,928,0,0,0,0,0,0.011882,0,-1.0381e-05,ok,1
BBMSCore,59,53,2142,113526,0.061149,10216.3,39.7969,39.7969,689,0,0,0,0,1,0.061143,0,6.022e-06,ok,2
BBMSInter,59,53,2142,113526,0.0101373,10216.3,39.7969,39.7969,1576,0,0,0,0,0,0.010147,0,-9.709e-06,ok,2
BBMSDppInstant,59,53,2142,113526,0.0203306,10216.3,39.7969,39.7969,5967,0,0,0,0,0,0.010194,0.010146,-9.393e-06,ok,2
BBMSDppStepwise,59,53,2142,113526,0.0228832,10216.3,39.7969,39.7969,5832,0,0,0,0,0,0.012445,0.010449,-1.0792e-05,ok,2
DijkstraPrims,59,53,2142,113526,0.0118424,10216.3,39.7969,39.7969,928,0,0,0,0,0,0.011521,0.000331,-9.565e-06,ok,2
BBMSCore,60,846,903,763938,1.94965,27087.4,39.8008,39.8008,4496,0,0,0,0,6,1.94962,0,3.3955e-05,ok,0
BBMSInter,60,846,903,763938,0.0492609,27087.4,39.8008,44.7305,10464,0,0,0,0,0,0.029114,0.020158,-1.1088e-05,ok,0
BBMSDppInstant,60,846,903,763938,0.160266,27087.4,39.8008,171.992,43299,0,0,0,0,0,0.069581,0.090697,-1.2387e-05,ok,0
BBMSDppStepwise,60,846,903,763938,0.200828,27087.4,39.8008,156.422,39263,0,0,0,0,0,0.150085,0.050756,-1.2673e-05,ok,0
DijkstraPrims,60,846,903,763938,0.107425,27087.4,39.8008,39.8008,8268,0,0,0,0,1,0.096478,0.010939,7.994e-06,ok,0
BBMSCore,60,846,903,763938,1.96367,27087.4,39.8008,39.8008,4496,0,0,0,0,7,1.96261,0.000829,0.000227208,ok,1
BBMSInter,60,846,903,763938,0.049093,27087.4,39.8008,44.7344,10464,0,0,0,0,0,0.029,0.020104,-1.0978e-05,ok,1
BBMSDppInstant,60,846,903,763938,0.160012,27087.4,39.8008,171.984,43299,0,0,0,0,1,0.111694,0.048314,4.309e-06,ok,1
BBMSDppStepwise,60,846,903,763938,0.202158,27087.4,39.8008,156.414,39263,0,0,0,0,0,0.161572,0.040601,-1.4597e-05,ok,1
DijkstraPrims,60,846,903,763938,0.109387,27087.4,39.8047,39.8047,8268,0,0,0,0,0,0.099344,0.010055,-1.2183e-05,ok,1
BBMSCore,60,846,903,763938,1.88864,27087.4,39.8086,39.8086,4496,0,0,0,0,5,1.87848,0.010004,0.000147624,ok,2
BBMSInter,60,846,903,763938,0.0515629,27087.4,39.8086,44.7188,10464,0,0,0,0,0,0.032606,0.018968,-1.1141e-05,ok,2
BBMSDppInstant,60,846,903,763938,0.160091,27087.4,39.8086,172.004,43299,0,0,0,0,2,0.089544,0.070538,9.302e-06,ok,2
BBMSDppStepwise,60,846,903,763938,0.201535,27087.4,39.8086,156.434,39263,0,0,0,0,3,0.152719,0.048791,2.5292e-05,ok,2
DijkstraPrims,60,846,903,763938,0.108193,27087.4,39.8086,39.8086,8268,0,0,0,0,0,0.108205,0,-1.203e-05,ok,2
BBMSCore,61,846,199,168354,0.0325485,26531.9,39.8086,39.8086,998,0,0,0,0,0,0.03256,0,-1.1476e-05,ok,0
BBMSInter,61,846,199,168354,0.01213,26531.9,39.8125,39.8125,2313,0,0,0,0,0,0.01214,0,-9.996e-06,ok,0
BBMSDppInstant,61,846,199,168354,0.0350486,26531.9,39.8125,41.1055,9576,0,0,0,0,1,0.025304,0.009728,1.6576e-05,ok,0
BBMSDppStepwise,61,846,199,168354,0.040762,26531.9,39.8125,39.8125,8840,0,0,0,0,0,0.040774,0,-1.2012e-05,ok,0
DijkstraPrims,61,846,199,168354,0.0239961,26531.9,39.8125,39.8125,1942,0,0,0,0,0,0.024008,0,-1.1912e-05,ok,0
BBMSCore,61,846,199,168354,0.0325214,26531.9,39.8125,39.8125,998,0,0,0,0,1,0.032525,0,-3.579e-06,ok,1
BBMSInter,61,846,199,168354,0.0121561,26531.9,39.8125,39.8125,2313,0,0,0,0,0,0.01193,0.000236,-9.934e-06,ok,1
BBMSDppInstant,61,846,199,168354,0.0347175,26531.9,39.8125,41.1172,9576,0,0,0,0,0,0.034028,0.0007,-1.0482e-05,ok,1
BBMSDppStepwise,61,846,199,168354,0.0412109,26531.9,39.8125,39.8125,8840,0,0,0,0,0,0.031734,0.009489,-1.2138e-05,ok,1
DijkstraPrims,61,846,199,168354,0.0241882,26531.9,39.8125,39.8125,1942,0,0,0,0,0,0.024199,0,-1.0783e-05,ok,1
BBMSCore,61,846,199,168354,0.032572,26531.9,39.8125,39.8125,998,0,0,0,0,0,0.032583,0,-1.1005e-05,ok,2
BBMSInter,61,846,199,168354,0.0120396,26531.9,39.8125,39.8125,2313,0,0,0,0,0,0.012049,0,-9.351e-06,ok,2
BBMSDppInstant,61,846,199,168354,0.0350974,26531.9,39.8125,41.1172,9576,0,0,0,0,0,0.025355,0.009755,-1.2618e-05,ok,2
BBMSDppStepwise,61,846,199,168354,0.0406036,26531.9,39.8125,39.8125,8840,0,0,0,0,0,0.03037,0.010244,-1.0444e-05,ok,2
DijkstraPrims,61,846,199,168354,0.0240068,26531.9,39.8125,39.8125,1942,0,0,0,0,0,0.024019,0,-1.2216e-05,ok,2
BBMSCore,62,846,223,188658,0.33382,19801.2,39.8164,39.8164,1117,0,0,0,0,0,0.323899,0.009934,-1.3474e-05,ok,0
BBMSInter,62,846,223,188658,0.0198244,19801.2,39.8164,39.8164,2591,0,0,0,0,0,0.019835,0,-1.0561e-05,ok,0
BBMSDppInstant,62,846,223,188658,0.0371905,19801.2,39.8164,44.457,10511,0,0,0,0,0,0.017245,0.019956,-1.0521e-05,ok,0
BBMSDppStepwise,62,846,223,188658,0.054798,19801.2,39.8164,41.8867,9756,0,0,0,0,0,0.045012,0.009797,-1.1031e-05,ok,0
DijkstraPrims,62,846,223,188658,0.0195343,19801.2,39.8164,39.8164,1839,0,0,0,0,0,0.019546,0,-1.1739e-05,ok,0
BBMSCore,62,846,223,188658,0.334015,19801.2,39.8164,39.8164,1117,0,0,0,0,0,0.334029,0,-1.4149e-05,ok,1
BBMSInter,62,846,223,188658,0.0198192,19801.2,39.8164,39.8164,2591,0,0,0,0,0,0.019668,0.000161,-9.805e-06,ok,1
BBMSDppInstant,62,846,223,188658,0.0366899,19801.2,39.8164,44.4375,10511,0,0,0,0,1,0.027174,0.009508,7.879e-06,ok,1
BBMSDppStepwise,62,846,223,188658,0.054763,19801.2,39.8164,41.8711,9756,0,0,0,0,1,0.044941,0.009811,1.0971e-05,ok,1
DijkstraPrims,62,846,223,188658,0.0193594,19801.2,39.8164,39.8164,1839,0,0,0,0,1,0.009139,0.010207,1.3365e-05,ok,1
BBMSCore,62,846,223,188658,0.333825,19801.2,39.8164,39.8164,1117,0,0,0,0,2,0.332094,0.001716,1.482e-05,ok,2
BBMSInter,62,846,223,188658,0.0198404,19801.2,39.8203,39.8203,2591,0,0,0,0,1,0.009563,0.010262,1.5367e-05,ok,2
BBMSDppInstant,62,846,223,188658,0.0371098,19801.2,39.8203,44.4609,10511,0,0,0,0,0,0.026151,0.01097,-1.1206e-05,ok,2
BBMSDppStepwise,62,846,223,188658,0.0553525,19801.2,39.8203,41.8672,9756,0,0,0,0,0,0.055076,0.000289,-1.2524e-05,ok,2
DijkstraPrims,62,846,223,188658,0.019311,19801.2,39.8203,39.8203,1839,0,0,0,0,0,0.009095,0.010229,-1.2998e-05,ok,2
BBMSCore,63,846,154,130284,0.298806,17319,39.8203,39.8203,770,0,0,0,0,0,0.298131,0.000689,-1.4495e-05,ok,0
BBMSInter,63,846,154,130284,0.0155257,17319,39.8242,39.8242,1788,0,0,0,0,0,0.015537,0,-1.1293e-05,ok,0
BBMSDppInstant,63,846,154,130284,0.0241191,17319,39.8242,39.8242,7194,0,0,0,0,0,0.004517,0.019612,-9.855e-06,ok,0
BBMSDppStepwise,63,846,154,130284,0.0328054,17319,39.8242,39.8242,6758,0,0,0,0,0,0.022222,0.010595,-1.1631e-05,ok,0
DijkstraPrims,63,846,154,130284,0.00956647,17319,39.8242,39.8242,947,0,0,0,0,0,0.000367,0.009211,-1.1526e-05,ok,0
BBMSCore,63,846,154,130284,0.298873,17319,39.8242,39.8242,770,0,0,0,0,3,0.298845,0,2.8146e-05,ok,1
BBMSInter,63,846,154,130284,0.0154891,17319,39.8242,39.8242,1788,0,0,0,0,0,0.0155,0,-1.0934e-05,ok,1
BBMSDppInstant,63,846,154,130284,0.0239585,17319,39.8242,39.8242,7194,0,0,0,0,0,0.02397,0,-1.1543e-05,ok,1
BBMSDppStepwise,63,846,154,130284,0.0322813,17319,39.8242,39.8242,6758,0,0,0,0,0,0.022722,0.00957,-1.0661e-05,ok,1
DijkstraPrims,63,846,154,130284,0.00954044,17319,39.8242,39.8242,947,0,0,0,0,0,0.009554,0,-1.3562e-05,ok,1
BBMSCore,63,846,154,130284,0.298504,17319,39.8242,39.8242,770,0,0,0,0,0,0.298517,0,-1.3229e-05,ok,2
BBMSInter,63,846,154,130284,0.0156081,17319,39.8242,39.8242,1788,0,0,0,0,0,0.015621,0,-1.2948e-05,ok,2
BBMSDppInstant,63,846,154,130284,0.0245433,17319,39.8242,39.8242,7194,0,0,0,0,0,0.013697,0.010858,-1.1676e-05,ok,2
BBMSDppStepwise,63,846,154,130284,0.0338481,17319,39.8242,39.8242,6758,0,0,0,0,0,0.03386,0,-1.1882e-05,ok,2
DijkstraPrims,63,846,154,130284,0.00950456,17319,39.8281,39.8281,947,0,0,0,0,0,0.009473,4.3e-05,-1.1435e-05,ok,2
BBMSCore,64,846,1128,954288,4.96367,21255.8,39.832,39.832,5613,0,0,0,0,21,4.9634,0,0.0002743,ok,0
BBMSInter,64,846,1128,954288,0.0460508,21255.8,39.832,54.8672,13068,0,0,0,0,0,0.046063,0,-1.2179e-05,ok,0
BBMSDppInstant,64,846,1128,954288,0.166123,21255.8,39.832,194.199,48924,0,0,0,0,0,0.125363,0.040772,-1.1828e-05,ok,0
BBMSDppStepwise,64,846,1128,954288,0.170149,21255.8,39.832,192.527,48496,0,0,0,0,2,0.1295,0.040634,1.4943e-05,ok,0
DijkstraPrims,64,846,1128,954288,0.0613946,21255.8,39.832,39.832,5731,0,0,0,0,0,0.041667,0.019739,-1.142e-05,ok,0
BBMSCore,64,846,1128,954288,4.96749,21255.8,39.832,39.832,5613,0,0,0,0,19,4.95764,0.009466,0.000384503,ok,1
BBMSInter,64,846,1128,954288,0.0459804,21255.8,39.832,54.8711,13068,0,0,0,0,0,0.02589,0.020102,-1.1615e-05,ok,1
BBMSDppInstant,64,846,1128,954288,0.165321,21255.8,39.832,194.008,48924,0,0,0,0,0,0.095614,0.069719,-1.1993e-05,ok,1
BBMSDppStepwise,64,846,1128,954288,0.168867,21255.8,39.832,192.543,48496,0,0,0,0,0,0.091179,0.077702,-1.3533e-05,ok,1
DijkstraPrims,64,846,1128,954288,0.0604058,21255.8,39.832,39.832,5731,0,0,0,0,0,0.050104,0.010314,-1.218e-05,ok,1
BBMSCore,64,846,1128,954288,4.99091,21255.8,39.832,39.832,5613,0,0,0,0,18,4.96971,0.019973,0.00123028,ok,2
BBMSInter,64,846,1128,954288,0.0448313,21255.8,39.832,54.8672,13068,0,0,0,0,0,0.015168,0.029674,-1.0704e-05,ok,2
BBMSDppInstant,64,846,1128,954288,0.166874,21255.8,39.8359,194.176,48924,0,0,0,0,1,0.07669,0.090182,1.877e-06,ok,2
BBMSDppStepwise,64,846,1128,954288,0.168589,21255.8,39.8359,192.539,48496,0,0,0,0,0,0.118053,0.050547,-1.1372e-05,ok,2
DijkstraPrims,64,846,1128,954288,0.0604611,21255.8,39.8359,39.8359,5731,0,0,0,0,0,0.050144,0.010328,-1.0946e-05,ok,2
BBMSCore,65,846,1191,1007586,2.72556,18205.7,39.8359,39.8359,5925,0,0,0,0,14,2.72533,0,0.000225801,ok,0
BBMSInter,65,846,1191,1007586,0.0595051,18205.7,39.8398,57.6172,13797,0,0,0,0,0,0.049916,0.009602,-1.2876e-05,ok,0
BBMSDppInstant,65,846,1191,1007586,0.194255,18205.7,39.8398,211.984,53483,0,0,0,0,2,0.114534,0.079704,1.6585e-05,ok,0
BBMSDppStepwise,65,846,1191,1007586,0.224432,18205.7,39.8398,205.129,51730,0,0,0,0,0,0.154672,0.069773,-1.2661e-05,ok,0
DijkstraPrims,65,846,1191,1007586,0.0963846,18205.7,39.8398,39.8398,7304,0,0,0,0,0,0.077214,0.019181,-1.0441e-05,ok,0
BBMSCore,65,846,1191,1007586,2.72407,18205.7,39.8398,39.8398,5925,0,0,0,0,17,2.71338,0.010027,0.000665873,ok,1
BBMSInter,65,846,1191,1007586,0.0599664,18205.7,39.8398,57.7422,13797,0,0,0,0,0,0.059977,0,-1.0602e-05,ok,1
BBMSDppInstant,65,846,1191,1007586,0.194442,18205.7,39.8398,211.816,53483,0,0,0,0,1,0.124713,0.069733,-3.625e-06,ok,1
BBMSDppStepwise,65,846,1191,1007586,0.227079,18205.7,39.8398,205.152,51730,0,0,0,0,1,0.158434,0.06865,-4.655e-06,ok,1
DijkstraPrims,65,846,1191,1007586,0.0977968,18205.7,39.8398,39.8398,7304,0,0,0,0,0,0.087677,0.010132,-1.2191e-05,ok,1
BBMSCore,65,846,1191,1007586,2.7261,18205.7,39.8398,39.8398,5925,0,0,0,0,7,2.70498,0.020569,0.000560437,ok,2
BBMSInter,65,846,1191,1007586,0.0586435,18205.7,39.8398,57.7422,13797,0,0,0,0,0,0.038546,0.020108,-1.0511e-05,ok,2
BBMSDppInstant,65,846,1191,1007586,0.192542,18205.7,39.8398,211.984,53483,0,0,0,0,1,0.103514,0.089027,5.47e-07,ok,2
BBMSDppStepwise,65,846,1191,1007586,0.225638,18205.7,39.8398,205.152,51730,0,0,0,0,0,0.155604,0.070035,-1.215e-06,ok,2
DijkstraPrims,65,846,1191,1007586,0.0972698,18205.7,39.8398,39.8398,7304,0,0,0,0,1,0.097276,0,-6.165e-06,ok,2
BBMSCore,66,846,185,156510,0.189562,21609.1,39.8438,39.8438,924,0,0,0,0,0,0.179396,0.010179,-1.2575e-05,ok,0
BBMSInter,66,846,185,156510,0.00766161,21609.1,39.8438,39.8438,2146,0,0,0,0,0,0.007672,0,-1.039e-05,ok,0
BBMSDppInstant,66,846,185,156510,0.025839,21609.1,39.8438,39.8438,8411,0,0,0,0,0,0.015753,0.010096,-1.0028e-05,ok,0
BBMSDppStepwise,66,846,185,156510,0.0298348,21609.1,39.8438,39.8438,8106,0,0,0,0,0,0.020295,0.00955,-1.022e-05,ok,0
DijkstraPrims,66,846,185,156510,0.00211724,21609.1,39.8438,39.8438,164,0,0,0,0,0,0.002127,0,-9.761e-06,ok,0
BBMSCore,66,846,185,156510,0.189507,21609.1,39.8438,39.8438,924,0,0,0,0,0,0.189517,0,-9.95e-06,ok,1
BBMSInter,66,846,185,156510,0.00753656,21609.1,39.8438,39.8438,2146,0,0,0,0,0,0.007546,0,-9.438e-06,ok,1
BBMSDppInstant,66,846,185,156510,0.0255791,21609.1,39.8438,39.8438,8411,0,0,0,0,0,0.007331,0.018256,-7.856e-06,ok,1
BBMSDppStepwise,66,846,185,156510,0.0293525,21609.1,39.8438,39.8438,8106,0,0,0,0,0,0.018934,0.010428,-9.484e-06,ok,1
DijkstraPrims,66,846,185,156510,0.00212651,21609.1,39.8438,39.8438,164,0,0,0,0,0,0.002136,0,-9.486e-06,ok,1
BBMSCore,66,846,185,156510,0.189613,21609.1,39.8438,39.8438,924,0,0,0,0,1,0.18917,0.000446,-3.198e-06,ok,2
BBMSInter,66,846,185,156510,0.00759976,21609.1,39.8438,39.8438,2146,0,0,0,0,0,0.00761,0,-1.0244e-05,ok,2
BBMSDppInstant,66,846,185,156510,0.0259147,21609.1,39.8438,39.8438,8411,0,0,0,0,0,0.025925,0,-1.0317e-05,ok,2
BBMSDppStepwise,66,846,185,156510,0.0294761,21609.1,39.8438,39.8438,8106,0,0,0,0,1,0.019858,0.009607,1.1119e-05,ok,2
DijkstraPrims,66,846,185,156510,0.00213699,21609.1,39.8438,39.8438,164,0,0,0,0,0,0.001878,0.000268,-9.007e-06,ok,2
BBMSCore,67,846,313,264798,0.096554,32706.4,39.8477,39.8477,1563,0,0,0,0,1,0.096556,0,-2.036e-06,ok,0
BBMSInter,67,846,313,264798,0.0171718,32706.4,39.8516,39.8516,3632,0,0,0,0,0,0.017181,0,-9.228e-06,ok,0
BBMSDppInstant,67,846,313,264798,0.0504092,32706.4,39.8516,60.1289,14417,0,0,0,0,0,0.008728,0.041694,-1.2849e-05,ok,0
BBMSDppStepwise,67,846,313,264798,0.0548668,32706.4,39.8516,58.2617,13943,0,0,0,0,0,0.036288,0.018592,-1.3173e-05,ok,0
DijkstraPrims,67,846,313,264798,0.0186558,32706.4,39.8555,39.8555,1464,0,0,0,0,0,0.018666,0,-1.0203e-05,ok,0
BBMSCore,67,846,313,264798,0.0967721,32706.4,39.8555,39.8555,1563,0,0,0,0,0,0.096782,0,-9.918e-06,ok,1
BBMSInter,67,846,313,264798,0.0170876,32706.4,39.8555,39.8555,3632,0,0,0,0,0,0.017097,0,-9.393e-06,ok,1
BBMSDppInstant,67,846,313,264798,0.0501106,32706.4,39.8555,60.1172,14417,0,0,0,0,1,0.050103,0,7.628e-06,ok,1
BBMSDppStepwise,67,846,313,264798,0.0547619,32706.4,39.8555,58.2383,13943,0,0,0,0,0,0.034762,0.02001,-1.0115e-05,ok,1
DijkstraPrims,67,846,313,264798,0.0187311,32706.4,39.8555,39.8555,1464,0,0,0,0,0,0.018743,0,-1.1879e-05,ok,1
BBMSCore,67,846,313,264798,0.0965163,32706.4,39.8555,39.8555,1563,0,0,0,0,0,0.086419,0.010107,-9.737e-06,ok,2
BBMSInter,67,846,313,264798,0.0168705,32706.4,39.8555,39.8555,3632,0,0,0,0,0,0.016886,0,-1.5536e-05,ok,2
BBMSDppInstant,67,846,313,264798,0.0496702,32706.4,39.8555,60.125,14417,0,0,0,0,0,0.03928,0.010399,-8.75e-06,ok,2
BBMSDppStepwise,67,846,313,264798,0.0542248,32706.4,39.8555,58.2422,13943,0,0,0,0,1,0.044243,0.009981,8.1e-07,ok,2
DijkstraPrims,67,846,313,264798,0.0187121,32706.4,39.8555,39.8555,1464,0,0,0,0,0,0.018722,0,-9.93e-06,ok,2
BBMSCore,68,846,1380,1167480,1.41071,24596.6,39.8594,39.8594,6864,0,0,0,0,7,1.40046,0.009976,0.000272946,ok,0
BBMSInter,68,846,1380,1167480,0.111538,24596.6,39.8594,66.2461,15985,0,0,0,0,0,0.090688,0.020862,-1.1906e-05,ok,0
BBMSDppInstant,68,846,1380,1167480,0.241284,24596.6,39.8594,250.551,63568,0,0,0,0,0,0.138695,0.102602,-1.2989e-05,ok,0
BBMSDppStepwise,68,846,1380,1167480,0.304457,24596.6,39.8594,239.688,60764,0,0,0,0,1,0.174062,0.130395,3.97e-07,ok,0
DijkstraPrims,68,846,1380,1167480,0.0682848,24596.6,39.8594,39.8594,5646,0,0,0,0,1,0.058641,0.009644,-1.67e-07,ok,0
BBMSCore,68,846,1380,1167480,1.40762,24596.6,39.8594,39.8594,6864,0,0,0,0,2,1.39726,0.010371,-3.977e-06,ok,1
BBMSInter,68,846,1380,1167480,0.111073,24596.6,39.8594,66.2422,15985,0,0,0,0,0,0.091206,0.019878,-1.0835e-05,ok,1
BBMSDppInstant,68,846,1380,1167480,0.234039,24596.6,39.8594,250.566,63568,0,0,0,0,1,0.173976,0.060056,6.876e-06,ok,1
BBMSDppStepwise,68,846,1380,1167480,0.301201,24596.6,39.8594,239.684,60764,0,0,0,0,1,0.22132,0.079885,-4.22e-06,ok,1
DijkstraPrims,68,846,1380,1167480,0.0685164,24596.6,39.8594,39.8594,5646,0,0,0,0,0,0.068528,0,-1.1598e-05,ok,1
BBMSCore,68,846,1380,1167480,1.40776,24596.6,39.8594,39.8594,6864,0,0,0,0,8,1.40757,0,0.000185031,ok,2
BBMSInter,68,846,1380,1167480,0.110612,24596.6,39.8594,66.2422,15985,0,0,0,0,1,0.100474,0.01014,-1.954e-06,ok,2
BBMSDppInstant,68,846,1380,1167480,0.234651,24596.6,39.8594,250.555,63568,0,0,0,0,0,0.143883,0.090765,2.646e-06,ok,2
BBMSDppStepwise,68,846,1380,1167480,0.302296,24596.6,39.8594,239.688,60764,0,0,0,0,3,0.202547,0.099711,3.815e-05,ok,2
DijkstraPrims,68,846,1380,1167480,0.0676763,24596.6,39.8594,39.8594,5646,0,0,0,0,0,0.058083,0.009604,-1.0675e-05,ok,2
BBMSCore,69,846,1118,945828,1.07101,126411,39.8633,39.8633,5563,0,0,0,0,3,1.07096,0,5.2261e-05,ok,0
BBMSInter,69,846,1118,945828,0.105196,126411,39.8633,54.4922,12953,0,0,0,0,1,0.095063,0.010133,-3.01e-07,ok,0
BBMSDppInstant,69,846,1118,945828,0.187864,126411,39.8672,202.355,51011,0,0,0,0,0,0.109357,0.078517,-1.0047e-05,ok,0
BBMSDppStepwise,69,846,1118,945828,0.256362,126411,39.8672,195.75,49316,0,0,0,0,1,0.18715,0.069207,4.667e-06,ok,0
DijkstraPrims,69,846,1118,945828,0.0047814,126411,39.8672,39.8672,408,0,0,0,0,0,0.004791,0,-9.598e-06,ok,0
BBMSCore,69,846,1118,945828,1.06983,126411,39.8672,39.8672,5563,0,0,0,0,7,1.05981,0.009984,3.3302e-05,ok,1
BBMSInter,69,846,1118,945828,0.105549,126411,39.8672,54.5,12953,0,0,0,0,1,0.08635,0.019203,-3.79e-06,ok,1
BBMSDppInstant,69,846,1118,945828,0.1877,126411,39.8672,202.371,51011,0,0,0,0,0,0.136767,0.050945,-1.2298e-05,ok,1
BBMSDppStepwise,69,846,1118,945828,0.255391,126411,39.8672,195.75,49316,0,0,0,0,0,0.174802,0.080602,-1.2627e-05,ok,1
DijkstraPrims,69,846,1118,945828,0.00481539,126411,39.8672,39.8672,408,0,0,0,0,0,0.004825,0,-9.613e-06,ok,1
BBMSCore,69,846,1118,945828,1.06992,126411,39.8672,39.8672,5563,0,0,0,0,6,1.0598,0.010057,6.1685e-05,ok,2
BBMSInter,69,846,1118,945828,0.104985,126411,39.8672,54.4648,12953,0,0,0,0,0,0.085877,0.019119,-1.1114e-05,ok,2
BBMSDppInstant,69,846,1118,945828,0.189799,126411,39.8672,202.191,51011,0,0,0,0,0,0.100834,0.088978,-1.2605e-05,ok,2
BBMSDppStepwise,69,846,1118,945828,0.257381,126411,39.8672,195.754,49316,0,0,0,0,1,0.185929,0.071452,-3.24e-07,ok,2
DijkstraPrims,69,846,1118,945828,0.00478351,126411,39.8672,39.8672,408,0,0,0,0,0,0.004193,0.000599,-8.494e-06,ok,2
BBMSCore,70,846,58,49068,0.0961412,20812.1,39.8711,39.8711,294,0,0,0,0,1,0.095955,0,0.000186179,ok,0
BBMSInter,70,846,58,49068,0.00448407,20812.1,39.8711,39.8711,677,0,0,0,0,0,0.004492,0,-7.934e-06,ok,0
BBMSDppInstant,70,846,58,49068,0.00826527,20812.1,39.8711,39.8711,2530,0,0,0,0,0,0.008273,0,-7.733e-06,ok,0
BBMSDppStepwise,70,846,58,49068,0.00929328,20812.1,39.8711,39.8711,2491,0,0,0,0,0,0.009301,0,-7.724e-06,ok,0
DijkstraPrims,70,846,58,49068,0.000967936,20812.1,39.8711,39.8711,77,0,0,0,0,0,0.000975,0,-7.064e-06,ok,0
BBMSCore,70,846,58,49068,0.0957743,20812.1,39.8711,39.8711,294,0,0,0,0,0,0.095783,0,-8.694e-06,ok,1
BBMSInter,70,846,58,49068,0.00451888,20812.1,39.8711,39.8711,677,0,0,0,0,0,0.004526,0,-7.117e-06,ok,1
BBMSDppInstant,70,846,58,49068,0.00821049,20812.1,39.8711,39.8711,2530,0,0,0,0,0,0.008218,0,-7.511e-06,ok,1
BBMSDppStepwise,70,846,58,49068,0.00941451,20812.1,39.8711,39.8711,2491,0,0,0,0,0,0.009422,0,-7.489e-06,ok,1
DijkstraPrims,70,846,58,49068,0.000980101,20812.1,39.875,39.875,77,0,0,0,0,0,0.000988,0,-7.899e-06,ok,1
BBMSCore,70,846,58,49068,0.0958079,20812.1,39.875,39.875,294,0,0,0,0,0,0.095816,0,-8.115e-06,ok,2
BBMSInter,70,846,58,49068,0.00448691,20812.1,39.875,39.875,677,0,0,0,0,0,0.004494,0,-7.089e-06,ok,2
BBMSDppInstant,70,846,58,49068,0.0086618,20812.1,39.875,39.875,2530,0,0,0,0,0,0,0.008669,-7.198e-06,ok,2
BBMSDppStepwise,70,846,58,49068,0.0100089,20812.1,39.875,39.875,2491,0,0,0,0,0,0.010017,0,-8.088e-06,ok,2
DijkstraPrims,70,846,58,49068,0.000979944,20812.1,39.875,39.875,77,0,0,0,0,0,0.000987,0,-7.056e-06,ok,2
BBMSCore,71,846,1917,1621782,3.71616,15978.9,39.8789,41.1172,9528,0,0,0,0,13,3.70569,0.010011,0.000459445,ok,0
BBMSInter,71,846,1917,1621782,0.222529,15978.9,39.8789,90.4922,22198,0,0,0,0,2,0.202275,0.02009,0.000163638,ok,0
BBMSDppInstant,71,846,1917,1621782,0.372994,15978.9,39.8828,344.445,87613,0,0,0,0,2,0.22243,0.150545,1.8664e-05,ok,0
BBMSDppStepwise,71,846,1917,1621782,0.433937,15978.9,39.8828,331.645,84335,0,0,0,0,2,0.323356,0.110568,1.2543e-05,ok,0
DijkstraPrims,71,846,1917,1621782,0.221935,15978.9,39.8828,54.3711,15629,0,0,0,0,2,0.211916,0.010007,1.2346e-05,ok,0
BBMSCore,71,846,1917,1621782,3.71299,15978.9,39.8828,40.9961,9528,0,0,0,0,19,3.70234,0.010178,0.000465982,ok,1
BBMSInter,71,846,1917,1621782,0.217458,15978.9,39.8828,90.6133,22198,0,0,0,0,1,0.197012,0.020446,-3.32e-07,ok,1
BBMSDppInstant,71,846,1917,1621782,0.367276,15978.9,39.8828,344.445,87613,0,0,0,0,0,0.258215,0.109074,-1.3064e-05,ok,1
BBMSDppStepwise,71,846,1917,1621782,0.431989,15978.9,39.8828,331.629,84335,0,0,0,0,1,0.321887,0.110102,-6.4e-08,ok,1
DijkstraPrims,71,846,1917,1621782,0.225854,15978.9,39.8828,54.3398,15629,0,0,0,0,0,0.216076,0.00978,-1.615e-06,ok,1
BBMSCore,71,846,1917,1621782,3.71682,15978.9,39.8828,40.9922,9528,0,0,0,0,14,3.69656,0.020027,0.000233972,ok,2
BBMSInter,71,846,1917,1621782,0.215832,15978.9,39.8828,90.625,22198,0,0,0,0,0,0.186363,0.029481,-1.2113e-05,ok,2
BBMSDppInstant,71,846,1917,1621782,0.366102,15978.9,39.8828,344.449,87613,0,0,0,0,1,0.264984,0.101119,-1.245e-06,ok,2
BBMSDppStepwise,71,846,1917,1621782,0.428452,15978.9,39.8828,331.656,84335,0,0,0,0,1,0.338939,0.089512,1.3e-06,ok,2
DijkstraPrims,71,846,1917,1621782,0.218998,15978.9,39.8828,54.2266,15629,0,0,0,0,3,0.21896,0,3.7651e-05,ok,2
BBMSCore,72,846,249,210654,0.83122,32381.4,39.8867,39.8867,1246,0,0,0,0,3,0.82104,0.010001,0.000178632,ok,0
BBMSInter,72,846,249,210654,0.0391933,32381.4,39.8867,39.8867,2892,0,0,0,0,0,0.029344,0.009858,-8.733e-06,ok,0
BBMSDppInstant,72,846,249,210654,0.0344353,32381.4,39.8867,46.2422,10870,0,0,0,0,0,0.01382,0.020624,-8.742e-06,ok,0
BBMSDppStepwise,72,846,249,210654,0.0370584,32381.4,39.8867,45.8672,10790,0,0,0,0,0,0.027387,0.009683,-1.1576e-05,ok,0
DijkstraPrims,72,846,249,210654,0.0203362,32381.4,39.8867,39.8867,1977,0,0,0,0,0,0.020348,0,-1.1762e-05,ok,0
BBMSCore,72,846,249,210654,0.831041,32381.4,39.8867,39.8867,1246,0,0,0,0,3,0.830952,7.9e-05,9.887e-06,ok,1
BBMSInter,72,846,249,210654,0.0408657,32381.4,39.8867,39.8867,2892,0,0,0,0,0,0.03087,0.010004,-8.343e-06,ok,1
BBMSDppInstant,72,846,249,210654,0.0339069,32381.4,39.8867,46.2422,10870,0,0,0,0,0,0.024523,0.009392,-8.084e-06,ok,1
BBMSDppStepwise,72,846,249,210654,0.0365279,32381.4,39.8867,45.875,10790,0,0,0,0,0,0.035911,0.000627,-1.007e-05,ok,1
DijkstraPrims,72,846,249,210654,0.0201298,32381.4,39.8867,39.8867,1977,0,0,0,0,0,0.020139,0,-9.171e-06,ok,1
BBMSCore,72,846,249,210654,0.830956,32381.4,39.8867,39.8867,1246,0,0,0,0,8,0.830696,0,0.000259751,ok,2
BBMSInter,72,846,249,210654,0.0382581,32381.4,39.8867,39.8867,2892,0,0,0,0,0,0.038266,0,-7.865e-06,ok,2
BBMSDppInstant,72,846,249,210654,0.033606,32381.4,39.8867,46.2461,10870,0,0,0,0,0,0.033615,0,-9.022e-06,ok,2
BBMSDppStepwise,72,846,249,210654,0.0360387,32381.4,39.8867,45.8789,10790,0,0,0,0,0,0.026464,0.009585,-1.0331e-05,ok,2
DijkstraPrims,72,846,249,210654,0.020127,32381.4,39.8867,39.8867,1977,0,0,0,0,0,0.020137,0,-1.0017e-05,ok,2
BBMSCore,73,846,455,384930,0.964334,18303.2,39.8906,39.8906,2273,0,0,0,0,3,0.954173,0.00994,0.000221066,ok,0
BBMSInter,73,846,455,384930,0.0510908,18303.2,39.8906,39.8906,5280,0,0,0,0,0,0.041068,0.010032,-9.158e-06,ok,0
BBMSDppInstant,73,846,455,384930,0.0852068,18303.2,39.8906,87.9648,22022,0,0,0,0,0,0.027113,0.058104,-1.0202e-05,ok,0
BBMSDppStepwise,73,846,455,384930,0.140516,18303.2,39.8906,81.6953,20017,0,0,0,0,2,0.130487,0.01002,9.446e-06,ok,0
DijkstraPrims,73,846,455,384930,0.0519015,18303.2,39.8945,39.8945,5650,0,0,0,0,0,0.031622,0.02029,-1.049e-05,ok,0
BBMSCore,73,846,455,384930,0.962916,18303.2,39.8945,39.8945,2273,0,0,0,0,6,0.962557,0.000105,0.000253557,ok,1
BBMSInter,73,846,455,384930,0.0521109,18303.2,39.8945,39.8945,5280,0,0,0,0,0,0.041974,0.010151,-1.4099e-05,ok,1
BBMSDppInstant,73,846,455,384930,0.0907083,18303.2,39.8945,87.7227,22022,0,0,0,0,0,0.070598,0.020124,-1.3693e-05,ok,1
BBMSDppStepwise,73,846,455,384930,0.145358,18303.2,39.8945,81.6953,20017,0,0,0,0,0,0.124877,0.020495,-1.4313e-05,ok,1
DijkstraPrims,73,846,455,384930,0.0527123,18303.2,39.8945,39.8945,5650,0,0,0,0,0,0.043764,0.00896,-1.1682e-05,ok,1
BBMSCore,73,846,455,384930,0.965391,18303.2,39.8945,39.8945,2273,0,0,0,0,3,0.955422,0.009955,1.3629e-05,ok,2
BBMSInter,73,846,455,384930,0.0522465,18303.2,39.8945,39.8945,5280,0,0,0,0,0,0.041917,0.010339,-9.492e-06,ok,2
BBMSDppInstant,73,846,455,384930,0.0872437,18303.2,39.8945,87.9609,22022,0,0,0,0,0,0.057874,0.02938,-1.0296e-05,ok,2
BBMSDppStepwise,73,846,455,384930,0.142998,18303.2,39.8945,81.6992,20017,0,0,0,0,0,0.112607,0.030402,-1.0705e-05,ok,2
DijkstraPrims,73,846,455,384930,0.0522723,18303.2,39.8984,39.8984,5650,0,0,0,0,0,0.052102,0.000183,-1.2742e-05,ok,2
BBMSCore,74,846,20006,16925076,115.51,1.50197e+06,39.9023,392.047,99516,0,0,0,0,470,115.386,0.120004,0.00411172,ok,0
BBMSInter,74,846,20006,16925076,8.50447,1.50197e+06,39.9023,908.434,231743,0,0,0,0,40,8.24416,0.259946,0.000357845,ok,0
BBMSDppInstant,74,846,20006,16925076,6.4376,1.50197e+06,39.9023,3624.46,931375,0,0,0,0,16,5.17627,1.26115,0.00017916,ok,0
BBMSDppStepwise,74,846,20006,16925076,9.65317,1.50197e+06,39.9023,3393.9,871330,0,0,0,0,40,8.71338,0.939306,0.000486737,ok,0
DijkstraPrims,74,846,20006,16925076,3.20993,1.50197e+06,39.9023,397.738,123751,0,0,0,0,15,3.06945,0.139911,0.000566912,ok,0
BBMSCore,74,846,20006,16925076,117.836,1.50197e+06,39.9023,392.031,99516,0,0,0,0,470,117.701,0.129988,0.00539305,ok,1
BBMSInter,74,846,20006,16925076,8.53845,1.50197e+06,39.9023,908.559,231743,0,0,0,0,35,8.26825,0.269904,0.000300326,ok,1
BBMSDppInstant,74,846,20006,16925076,6.3993,1.50197e+06,39.9023,3624.37,931375,0,0,0,0,23,5.12947,1.26961,0.00022498,ok,1
BBMSDppStepwise,74,846,20006,16925076,9.73712,1.50197e+06,39.9023,3393.87,871330,0,0,0,0,33,8.66601,1.07056,0.000543012,ok,1
DijkstraPrims,74,846,20006,16925076,3.23142,1.50197e+06,39.9023,397.707,123751,0,0,0,0,10,3.09118,0.140152,8.2397e-05,ok,1
BBMSCore,74,846,20006,16925076,116.148,1.50197e+06,39.9023,391.98,99516,0,0,0,0,466,116.03,0.109989,0.00795649,ok,2
BBMSInter,74,846,20006,16925076,8.4299,1.50197e+06,39.9023,908.535,231743,0,0,0,0,34,8.15968,0.269941,0.000274567,ok,2
BBMSDppInstant,74,846,20006,16925076,6.36597,1.50197e+06,39.9023,3624.34,931375,0,0,0,0,24,5.34507,1.02063,0.000269668,ok,2
BBMSDppStepwise,74,846,20006,16925076,9.66304,1.50197e+06,39.9023,3393.93,871330,0,0,0,0,44,8.5624,1.10013,0.000519475,ok,2
DijkstraPrims,74,846,20006,16925076,3.18276,1.50197e+06,39.9023,397.648,123751,0,0,0,0,13,3.03241,0.150062,0.000282286,ok,2
BBMSCore,75,846,1899,1606554,2.53432,2.08572e+07,39.9062,40.5039,9439,0,0,0,0,9,2.52423,0.010015,8.0983e-05,ok,0
BBMSInter,75,846,1899,1606554,0.178952,2.08572e+07,39.9062,89.75,21990,0,0,0,0,0,0.159058,0.019907,-1.2781e-05,ok,0
BBMSDppInstant,75,846,1899,1606554,0.341229,2.08572e+07,39.9062,353.168,89887,0,0,0,0,2,0.220991,0.120212,2.5571e-05,ok,0
BBMSDppStepwise,75,846,1899,1606554,0.398679,2.08572e+07,39.9062,328.074,83417,0,0,0,0,0,0.289033,0.109661,-1.5125e-05,ok,0
DijkstraPrims,75,846,1899,1606554,0.0893403,2.08572e+07,39.9062,39.9062,6283,0,0,0,0,0,0.079409,0.009945,-1.3685e-05,ok,0
BBMSCore,75,846,1899,1606554,2.53385,2.08572e+07,39.9102,40.6172,9439,0,0,0,0,13,2.5236,0.010011,0.00023686,ok,1
BBMSInter,75,846,1899,1606554,0.179014,2.08572e+07,39.9102,89.75,21990,0,0,0,0,0,0.149177,0.02985,-1.2856e-05,ok,1
BBMSDppInstant,75,846,1899,1606554,0.341128,2.08572e+07,39.9102,353.168,89887,0,0,0,0,3,0.220885,0.12022,2.2528e-05,ok,1
BBMSDppStepwise,75,846,1899,1606554,0.399235,2.08572e+07,39.9102,328.066,83417,0,0,0,0,3,0.329338,0.069845,5.1861e-05,ok,1
DijkstraPrims,75,846,1899,1606554,0.0888138,2.08572e+07,39.9102,39.9102,6283,0,0,0,0,0,0.07892,0.009906,-1.2172e-05,ok,1
BBMSCore,75,846,1899,1606554,2.53532,2.08572e+07,39.9102,40.7617,9439,0,0,0,0,7,2.51516,0.01996,0.000200491,ok,2
BBMSInter,75,846,1899,1606554,0.17881,2.08572e+07,39.9102,89.75,21990,0,0,0,0,0,0.158183,0.020638,-1.114e-05,ok,2
BBMSDppInstant,75,846,1899,1606554,0.341738,2.08572e+07,39.9102,353.164,89887,0,0,0,0,2,0.261462,0.080238,3.782e-05,ok,2
BBMSDppStepwise,75,846,1899,1606554,0.398257,2.08572e+07,39.9102,328.07,83417,0,0,0,0,0,0.308661,0.089614,-1.8361e-05,ok,2
DijkstraPrims,75,846,1899,1606554,0.0884035,2.08572e+07,39.9102,39.9102,6283,0,0,0,0,0,0.068696,0.01972,-1.2462e-05,ok,2
BBMSCore,76,846,63,53298,0.0877324,17959.9,39.9141,39.9141,319,0,0,0,0,0,0.087744,0,-1.1552e-05,ok,0
BBMSInter,76,846,63,53298,0.0116619,17959.9,39.9141,39.9141,735,0,0,0,0,0,0.011674,0,-1.2134e-05,ok,0
BBMSDppInstant,76,846,63,53298,0.0107863,17959.9,39.9141,39.9141,2797,0,0,0,0,0,0,0.010797,-1.07e-05,ok,0
BBMSDppStepwise,76,846,63,53298,0.0103943,17959.9,39.9141,39.9141,2723,0,0,0,0,0,0.010407,0,-1.2698e-05,ok,0
DijkstraPrims,76,846,63,53298,0.000226831,17959.9,39.9141,39.9141,27,0,0,0,0,0,0.000237,0,-1.0169e-05,ok,0
BBMSCore,76,846,63,53298,0.0877477,17959.9,39.9141,39.9141,319,0,0,0,0,0,0.087759,0,-1.1311e-05,ok,1
BBMSInter,76,846,63,53298,0.0117271,17959.9,39.9141,39.9141,735,0,0,0,0,0,0.011559,0.000178,-9.89e-06,ok,1
BBMSDppInstant,76,846,63,53298,0.0107958,17959.9,39.9141,39.9141,2797,0,0,0,0,0,0.00075,0.010057,-1.1196e-05,ok,1
BBMSDppStepwise,76,846,63,53298,0.0108142,17959.9,39.9141,39.9141,2723,0,0,0,0,0,0.000665,0.010161,-1.1786e-05,ok,1
DijkstraPrims,76,846,63,53298,0.000223671,17959.9,39.9141,39.9141,27,0,0,0,0,0,0.00021,2.6e-05,-1.2329e-05,ok,1
BBMSCore,76,846,63,53298,0.0877857,17959.9,39.9141,39.9141,319,0,0,0,0,1,0.087791,0,-5.341e-06,ok,2
BBMSInter,76,846,63,53298,0.011668,17959.9,39.9141,39.9141,735,0,0,0,0,0,0.003961,0.007718,-1.1013e-05,ok,2
BBMSDppInstant,76,846,63,53298,0.0107565,17959.9,39.9141,39.9141,2797,0,0,0,0,0,0.000699,0.010068,-1.052e-05,ok,2
BBMSDppStepwise,76,846,63,53298,0.0104753,17959.9,39.9141,39.9141,2723,0,0,0,0,0,0.010487,0,-1.1732e-05,ok,2
DijkstraPrims,76,846,63,53298,0.000219796,17959.9,39.9141,39.9141,27,0,0,0,0,0,0.000229,0,-9.204e-06,ok,2
BBMSCore,77,846,2142,1812132,8.80176,24242.9,39.918,45.4883,10644,0,0,0,0,37,8.7905,0.010001,0.00126043,ok,0
BBMSInter,77,846,2142,1812132,0.183053,24242.9,39.918,100.742,24802,0,0,0,0,1,0.143856,0.039193,3.544e-06,ok,0
BBMSDppInstant,77,846,2142,1812132,0.394761,24242.9,39.918,377.844,96163,0,0,0,0,1,0.273281,0.12145,2.9764e-05,ok,0
BBMSDppStepwise,77,846,2142,1812132,0.476609,24242.9,39.918,364.508,92725,0,0,0,0,0,0.337213,0.139412,-1.5918e-05,ok,0
DijkstraPrims,77,846,2142,1812132,0.124324,24242.9,39.9219,39.9219,7697,0,0,0,0,2,0.124317,0,6.763e-06,ok,0
BBMSCore,77,846,2142,1812132,8.46469,24242.9,39.9219,45.3672,10644,0,0,0,0,37,8.44288,0.019986,0.00182569,ok,1
BBMSInter,77,846,2142,1812132,0.184905,24242.9,39.9219,100.617,24802,0,0,0,0,2,0.155271,0.029626,7.912e-06,ok,1
BBMSDppInstant,77,846,2142,1812132,0.396521,24242.9,39.9258,377.844,96163,0,0,0,0,2,0.277168,0.119337,1.5977e-05,ok,1
BBMSDppStepwise,77,846,2142,1812132,0.475788,24242.9,39.9258,364.512,92725,0,0,0,0,0,0.366584,0.10922,-1.5882e-05,ok,1
DijkstraPrims,77,846,2142,1812132,0.122297,24242.9,39.9258,39.9258,7697,0,0,0,0,0,0.122309,0,-1.1734e-05,ok,1
BBMSCore,77,846,2142,1812132,8.36466,24242.9,39.9258,45.3672,10644,0,0,0,0,29,8.33341,0.029981,0.0012726,ok,2
BBMSInter,77,846,2142,1812132,0.186211,24242.9,39.9258,100.617,24802,0,0,0,0,2,0.14655,0.039634,2.7254e-05,ok,2
BBMSDppInstant,77,846,2142,1812132,0.39643,24242.9,39.9258,377.656,96163,0,0,0,0,1,0.294854,0.101573,2.98e-06,ok,2
BBMSDppStepwise,77,846,2142,1812132,0.475884,24242.9,39.9258,364.516,92725,0,0,0,0,1,0.386717,0.089173,-5.651e-06,ok,2
DijkstraPrims,77,846,2142,1812132,0.123132,24242.9,39.9258,39.9258,7697,0,0,0,0,0,0.113405,0.00974,-1.271e-05,ok,2
BBMSCore,78,903,199,179697,0.161805,6315.7,39.9297,39.9297,1064,0,0,0,0,1,0.161618,0,0.000186956,ok,0
BBMSInter,78,903,199,179697,0.0322899,6315.7,39.9297,39.9297,2468,0,0,0,0,0,0.0323,0,-1.0112e-05,ok,0
BBMSDppInstant,78,903,199,179697,0.0356251,6315.7,39.9297,42.5938,9944,0,0,0,0,0,0.016099,0.019536,-9.859e-06,ok,0
BBMSDppStepwise,78,903,199,179697,0.0432877,6315.7,39.9297,40.2422,9328,0,0,0,0,0,0.032891,0.010409,-1.2346e-05,ok,0
DijkstraPrims,78,903,199,179697,0.0242297,6315.7,39.9297,39.9297,2730,0,0,0,0,0,0.023754,0.000487,-1.131e-05,ok,0
BBMSCore,78,903,199,179697,0.161093,6315.7,39.9297,39.9297,1064,0,0,0,0,0,0.161107,0,-1.4236e-05,ok,1
BBMSInter,78,903,199,179697,0.0321888,6315.7,39.9297,39.9297,2468,0,0,0,0,0,0.032198,0,-9.176e-06,ok,1
BBMSDppInstant,78,903,199,179697,0.0354184,6315.7,39.9297,42.625,9944,0,0,0,0,0,0.015883,0.019545,-9.634e-06,ok,1
BBMSDppStepwise,78,903,199,179697,0.0432029,6315.7,39.9297,40.2383,9328,0,0,0,0,0,0.033594,0.00962,-1.1144e-05,ok,1
DijkstraPrims,78,903,199,179697,0.0245458,6315.7,39.9297,39.9297,2730,0,0,0,0,0,0.024174,0.000383,-1.1218e-05,ok,1
BBMSCore,78,903,199,179697,0.160941,6315.7,39.9297,39.9297,1064,0,0,0,0,1,0.160944,0,-3.109e-06,ok,2
BBMSInter,78,903,199,179697,0.0334101,6315.7,39.9297,39.9297,2468,0,0,0,0,0,0.022984,0.010439,-1.2874e-05,ok,2
BBMSDppInstant,78,903,199,179697,0.0360669,6315.7,39.9297,42.6172,9944,0,0,0,0,0,0.024975,0.011103,-1.1124e-05,ok,2
BBMSDppStepwise,78,903,199,179697,0.0440601,6315.7,39.9297,40.2227,9328,0,0,0,0,1,0.044061,0,-8.96e-07,ok,2
DijkstraPrims,78,903,199,179697,0.0247662,6315.7,39.9297,39.9297,2730,0,0,0,0,0,0.015088,0.009689,-1.076e-05,ok,2
BBMSCore,79,903,223,201369,0.0695562,13972.7,39.9336,39.9336,1191,0,0,0,0,1,0.069547,0,9.238e-06,ok,0
BBMSInter,79,903,223,201369,0.0214568,13972.7,39.9336,39.9336,2765,0,0,0,0,0,0.011995,0.009473,-1.1164e-05,ok,0
BBMSDppInstant,79,903,223,201369,0.0404005,13972.7,39.9336,47.875,11311,0,0,0,0,1,0.020012,0.020386,2.531e-06,ok,0
BBMSDppStepwise,79,903,223,201369,0.0487186,13972.7,39.9336,44.4766,10422,0,0,0,0,0,0.028793,0.019938,-1.2373e-05,ok,0
DijkstraPrims,79,903,223,201369,0.0315357,13972.7,39.9336,39.9336,2902,0,0,0,0,0,0.021747,0.0098,-1.1324e-05,ok,0
BBMSCore,79,903,223,201369,0.0696427,13972.7,39.9336,39.9336,1191,0,0,0,0,0,0.059539,0.010103,6.66e-07,ok,1
BBMSInter,79,903,223,201369,0.0211535,13972.7,39.9336,39.9336,2765,0,0,0,0,0,0.020935,0.000229,-1.0485e-05,ok,1
BBMSDppInstant,79,903,223,201369,0.0411129,13972.7,39.9336,47.9922,11311,0,0,0,0,0,0.020649,0.020476,-1.2083e-05,ok,1
BBMSDppStepwise,79,903,223,201369,0.0499873,13972.7,39.9375,44.4922,10422,0,0,0,0,0,0.031032,0.018968,-1.2723e-05,ok,1
DijkstraPrims,79,903,223,201369,0.0317589,13972.7,39.9375,39.9375,2902,0,0,0,0,0,0.021446,0.010325,-1.2096e-05,ok,1
BBMSCore,79,903,223,201369,0.069532,13972.7,39.9375,39.9375,1191,0,0,0,0,1,0.069529,0,2.972e-06,ok,2
BBMSInter,79,903,223,201369,0.0213311,13972.7,39.9375,39.9375,2765,0,0,0,0,0,0.021261,8.3e-05,-1.2906e-05,ok,2
BBMSDppInstant,79,903,223,201369,0.0409378,13972.7,39.9375,47.9922,11311,0,0,0,0,0,0.021956,0.018993,-1.1186e-05,ok,2
BBMSDppStepwise,79,903,223,201369,0.0484614,13972.7,39.9375,44.4688,10422,0,0,0,0,0,0.038368,0.010104,-1.0586e-05,ok,2
DijkstraPrims,79,903,223,201369,0.0317371,13972.7,39.9375,39.9375,2902,0,0,0,0,0,0.031748,0,-1.0899e-05,ok,2
BBMSCore,80,903,154,139062,0.222037,17751.6,39.9414,39.9414,826,0,0,0,0,0,0.222051,0,-1.3628e-05,ok,0
BBMSInter,80,903,154,139062,0.0412266,17751.6,39.9414,39.9414,1913,0,0,0,0,0,0.040933,0.000305,-1.1427e-05,ok,0
BBMSDppInstant,80,903,154,139062,0.0270709,17751.6,39.9414,39.9414,7379,0,0,0,0,0,0.027085,0,-1.4082e-05,ok,0
BBMSDppStepwise,80,903,154,139062,0.031757,17751.6,39.9414,39.9414,7146,0,0,0,0,0,0.022912,0.008857,-1.2021e-05,ok,0
DijkstraPrims,80,903,154,139062,0.00711079,17751.6,39.9414,39.9414,669,0,0,0,0,0,0.007123,0,-1.2208e-05,ok,0
BBMSCore,80,903,154,139062,0.221117,17751.6,39.9414,39.9414,826,0,0,0,0,0,0.221131,0,-1.3651e-05,ok,1
BBMSInter,80,903,154,139062,0.0411786,17751.6,39.9414,39.9414,1913,0,0,0,0,0,0.041189,0,-1.0381e-05,ok,1
BBMSDppInstant,80,903,154,139062,0.0263009,17751.6,39.9414,39.9414,7379,0,0,0,0,0,0.016391,0.00992,-1.0067e-05,ok,1
BBMSDppStepwise,80,903,154,139062,0.0316843,17751.6,39.9414,39.9414,7146,0,0,0,0,0,0.021307,0.010388,-1.0679e-05,ok,1
DijkstraPrims,80,903,154,139062,0.00709725,17751.6,39.9453,39.9453,669,0,0,0,0,0,0.007108,0,-1.0754e-05,ok,1
BBMSCore,80,903,154,139062,0.221407,17751.6,39.9453,39.9453,826,0,0,0,0,2,0.221396,0,1.0701e-05,ok,2
BBMSInter,80,903,154,139062,0.0411659,17751.6,39.9453,39.9453,1913,0,0,0,0,0,0.041177,0,-1.1094e-05,ok,2
BBMSDppInstant,80,903,154,139062,0.027143,17751.6,39.9453,39.9453,7379,0,0,0,0,0,0.017199,0.009957,-1.3048e-05,ok,2
BBMSDppStepwise,80,903,154,139062,0.0318873,17751.6,39.9453,39.9453,7146,0,0,0,0,0,0.031899,0,-1.1691e-05,ok,2
DijkstraPrims,80,903,154,139062,0.0070699,17751.6,39.9453,39.9453,669,0,0,0,0,0,0.006374,0.000708,-1.2101e-05,ok,2
BBMSCore,81,903,1128,1018584,3.83912,13653.5,39.9492,39.9492,5990,0,0,0,0,14,3.82837,0.010659,8.9115e-05,ok,0
BBMSInter,81,903,1128,1018584,0.0610479,13653.5,39.9492,58.3672,13947,0,0,0,0,0,0.040461,0.020599,-1.2104e-05,ok,0
BBMSDppInstant,81,903,1128,1018584,0.220392,13653.5,39.9492,222.453,56430,0,0,0,0,1,0.161089,0.059303,2.3e-08,ok,0
BBMSDppStepwise,81,903,1128,1018584,0.264386,13653.5,39.9492,205.645,51858,0,0,0,0,0,0.194203,0.070197,-1.3669e-05,ok,0
DijkstraPrims,81,903,1128,1018584,0.138228,13653.5,39.9492,39.9492,8235,0,0,0,0,0,0.128591,0.009648,-1.143e-05,ok,0
BBMSCore,81,903,1128,1018584,3.83318,13653.5,39.9492,39.9492,5990,0,0,0,0,21,3.83245,0,0.000726629,ok,1
BBMSInter,81,903,1128,1018584,0.0594195,13653.5,39.9492,58.3633,13947,0,0,0,0,0,0.039083,0.020349,-1.2491e-05,ok,1
BBMSDppInstant,81,903,1128,1018584,0.219653,13653.5,39.9492,222.625,56430,0,0,0,0,1,0.160507,0.059139,6.776e-06,ok,1
BBMSDppStepwise,81,903,1128,1018584,0.261656,13653.5,39.9492,205.637,51858,0,0,0,0,1,0.202553,0.059106,-2.611e-06,ok,1
DijkstraPrims,81,903,1128,1018584,0.133057,13653.5,39.9492,39.9492,8235,0,0,0,0,0,0.133071,0,-1.3663e-05,ok,1
BBMSCore,81,903,1128,1018584,3.83485,13653.5,39.9531,39.9531,5990,0,0,0,0,16,3.83367,0.000662,0.00051766,ok,2
BBMSInter,81,903,1128,1018584,0.0597431,13653.5,39.9531,58.3672,13947,0,0,0,0,1,0.031018,0.02872,5.114e-06,ok,2
BBMSDppInstant,81,903,1128,1018584,0.219135,13653.5,39.9531,222.648,56430,0,0,0,0,1,0.168755,0.050373,6.861e-06,ok,2
BBMSDppStepwise,81,903,1128,1018584,0.262522,13653.5,39.9531,205.648,51858,0,0,0,0,1,0.242205,0.020322,-4.894e-06,ok,2
DijkstraPrims,81,903,1128,1018584,0.132415,13653.5,39.9531,39.9531,8235,0,0,0,0,0,0.111843,0.020583,-1.1067e-05,ok,2
BBMSCore,82,903,1191,1075473,2.31685,14608.7,39.9531,39.9531,6323,0,0,0,0,8,2.3068,0.010002,4.9211e-05,ok,0
BBMSInter,82,903,1191,1075473,0.0602531,14608.7,39.957,61.3672,14725,0,0,0,0,1,0.03968,0.020575,-1.857e-06,ok,0
BBMSDppInstant,82,903,1191,1075473,0.241963,14608.7,39.957,243.875,61943,0,0,0,0,2,0.170648,0.071304,1.0912e-05,ok,0
BBMSDppStepwise,82,903,1191,1075473,0.306897,14608.7,39.957,218.977,55270,0,0,0,0,1,0.186564,0.120309,2.4061e-05,ok,0
DijkstraPrims,82,903,1191,1075473,0.106351,14608.7,39.957,39.957,6946,0,0,0,0,0,0.096329,0.010033,-1.071e-05,ok,0
BBMSCore,82,903,1191,1075473,2.317,14608.7,39.957,39.957,6323,0,0,0,0,8,2.30694,0.010005,4.8887e-05,ok,1
BBMSInter,82,903,1191,1075473,0.0598897,14608.7,39.957,61.3438,14725,0,0,0,0,0,0.049627,0.010273,-1.0289e-05,ok,1
BBMSDppInstant,82,903,1191,1075473,0.240708,14608.7,39.957,243.852,61943,0,0,0,0,1,0.181191,0.059518,-5.29e-07,ok,1
BBMSDppStepwise,82,903,1191,1075473,0.306412,14608.7,39.957,218.973,55270,0,0,0,0,2,0.235699,0.070689,2.3706e-05,ok,1
DijkstraPrims,82,903,1191,1075473,0.107226,14608.7,39.957,39.957,6946,0,0,0,0,0,0.107237,0,-1.1124e-05,ok,1
BBMSCore,82,903,1191,1075473,2.31891,14608.7,39.957,39.957,6323,0,0,0,0,9,2.30846,0.009969,0.000487366,ok,2
BBMSInter,82,903,1191,1075473,0.0605684,14608.7,39.957,61.3672,14725,0,0,0,0,0,0.060583,0,-1.4645e-05,ok,2
BBMSDppInstant,82,903,1191,1075473,0.247438,14608.7,39.957,243.684,61943,0,0,0,0,0,0.136935,0.110518,-1.4949e-05,ok,2
BBMSDppStepwise,82,903,1191,1075473,0.305884,14608.7,39.957,218.977,55270,0,0,0,0,1,0.215889,0.089996,-9.37e-07,ok,2
DijkstraPrims,82,903,1191,1075473,0.107656,14608.7,39.957,39.957,6946,0,0,0,0,0,0.097586,0.010083,-1.2842e-05,ok,2
BBMSCore,83,903,185,167055,0.199964,29191.9,39.9609,39.9609,990,0,0,0,0,0,0.189796,0.010182,-1.3603e-05,ok,0
BBMSInter,83,903,185,167055,0.0090677,29191.9,39.9609,39.9609,2295,0,0,0,0,0,0.009078,0,-1.0296e-05,ok,0
BBMSDppInstant,83,903,185,167055,0.0310253,29191.9,39.9609,44,10335,0,0,0,0,0,0.002105,0.02893,-9.734e-06,ok,0
BBMSDppStepwise,83,903,185,167055,0.034695,29191.9,39.9609,39.9609,8651,0,0,0,0,0,0.034695,0,-3.2e-08,ok,0
DijkstraPrims,83,903,185,167055,0.0185174,29191.9,39.9609,39.9609,1640,0,0,0,0,0,0.018529,0,-1.1574e-05,ok,0
BBMSCore,83,903,185,167055,0.200305,29191.9,39.9609,39.9609,990,0,0,0,0,2,0.200052,0,0.000253198,ok,1
BBMSInter,83,903,185,167055,0.00927327,29191.9,39.9609,39.9609,2295,0,0,0,0,0,0.008355,0.000928,-9.729e-06,ok,1
BBMSDppInstant,83,903,185,167055,0.0312099,29191.9,39.9609,43.9922,10335,0,0,0,0,0,0.020758,0.010463,-1.1115e-05,ok,1
BBMSDppStepwise,83,903,185,167055,0.033861,29191.9,39.9609,39.9609,8651,0,0,0,0,1,0.023943,0.009905,1.2999e-05,ok,1
DijkstraPrims,83,903,185,167055,0.0185122,29191.9,39.9609,39.9609,1640,0,0,0,0,0,0.018523,0,-1.0804e-05,ok,1
BBMSCore,83,903,185,167055,0.19985,29191.9,39.9609,39.9609,990,0,0,0,0,0,0.199862,0,-1.2266e-05,ok,2
BBMSInter,83,903,185,167055,0.00934846,29191.9,39.9609,39.9609,2295,0,0,0,0,0,0.009357,0,-8.541e-06,ok,2
BBMSDppInstant,83,903,185,167055,0.0335435,29191.9,39.9648,43.875,10335,0,0,0,0,1,0.023619,0.00984,8.4534e-05,ok,2
BBMSDppStepwise,83,903,185,167055,0.0345648,29191.9,39.9648,39.9648,8651,0,0,0,0,0,0.014724,0.019856,-1.5233e-05,ok,2
DijkstraPrims,83,903,185,167055,0.0187698,29191.9,39.9688,39.9688,1640,0,0,0,0,0,0.018781,0,-1.1194e-05,ok,2
BBMSCore,84,903,313,282639,0.12711,33440.9,39.9688,39.9688,1672,0,0,0,0,0,0.117029,0.010094,-1.2935e-05,ok,0
BBMSInter,84,903,313,282639,0.0209911,33440.9,39.9727,39.9727,3880,0,0,0,0,0,0.021003,0,-1.1866e-05,ok,0
BBMSDppInstant,84,903,313,282639,0.0510517,33440.9,39.9727,62.8594,15126,0,0,0,0,0,0.012156,0.038907,-1.1264e-05,ok,0
BBMSDppStepwise,84,903,313,282639,0.055305,33440.9,39.9727,60.9805,14650,0,0,0,0,0,0.045284,0.010031,-9.955e-06,ok,0
DijkstraPrims,84,903,313,282639,0.0340461,33440.9,39.9727,39.9727,2881,0,0,0,0,0,0.0241,0.009957,-1.0922e-05,ok,0
BBMSCore,84,903,313,282639,0.127082,33440.9,39.9727,39.9727,1672,0,0,0,0,0,0.127093,0,-1.0784e-05,ok,1
BBMSInter,84,903,313,282639,0.0209979,33440.9,39.9727,39.9727,3880,0,0,0,0,0,0.021009,0,-1.1145e-05,ok,1
BBMSDppInstant,84,903,313,282639,0.0489377,33440.9,39.9727,62.8633,15126,0,0,0,0,0,0.029641,0.01931,-1.3253e-05,ok,1
BBMSDppStepwise,84,903,313,282639,0.0573442,33440.9,39.9727,60.9727,14650,0,0,0,0,0,0.047188,0.010169,-1.2835e-05,ok,1
DijkstraPrims,84,903,313,282639,0.0343268,33440.9,39.9727,39.9727,2881,0,0,0,0,0,0.034339,0,-1.2194e-05,ok,1
BBMSCore,84,903,313,282639,0.126949,33440.9,39.9727,39.9727,1672,0,0,0,0,0,0.116864,0.010097,-1.1555e-05,ok,2
BBMSInter,84,903,313,282639,0.020675,33440.9,39.9727,39.9727,3880,0,0,0,0,0,0.020685,0,-1.0009e-05,ok,2
BBMSDppInstant,84,903,313,282639,0.0488584,33440.9,39.9727,62.8711,15126,0,0,0,0,0,0.038598,0.01027,-9.57e-06,ok,2
BBMSDppStepwise,84,903,313,282639,0.0561938,33440.9,39.9727,60.9922,14650,0,0,0,0,0,0.036023,0.020182,-1.1168e-05,ok,2
DijkstraPrims,84,903,313,282639,0.0341971,33440.9,39.9727,39.9727,2881,0,0,0,0,0,0.034208,0,-1.0923e-05,ok,2
BBMSCore,85,903,1380,1246140,2.05433,26545.8,39.9766,39.9766,7325,0,0,0,0,7,2.03427,0.019998,5.5625e-05,ok,0
BBMSInter,85,903,1380,1246140,0.0909851,26545.8,39.9766,70.4922,17061,0,0,0,0,0,0.059818,0.031177,-9.891e-06,ok,0
BBMSDppInstant,85,903,1380,1246140,0.289174,26545.8,39.9766,296.516,75607,0,0,0,0,1,0.228294,0.060881,-9.06e-07,ok,0
BBMSDppStepwise,85,903,1380,1246140,0.351126,26545.8,39.9766,253.5,64311,0,0,0,0,0,0.280021,0.071118,-1.3422e-05,ok,0
DijkstraPrims,85,903,1380,1246140,0.153871,26545.8,39.9766,42.0977,11679,0,0,0,0,0,0.123687,0.030195,-1.0942e-05,ok,0
BBMSCore,85,903,1380,1246140,2.05675,26545.8,39.9766,39.9766,7325,0,0,0,0,7,2.04649,0.010013,0.000240123,ok,1
BBMSInter,85,903,1380,1246140,0.0915395,26545.8,39.9766,70.5,17061,0,0,0,0,1,0.071811,0.019729,-4.67e-07,ok,1
BBMSDppInstant,85,903,1380,1246140,0.286797,26545.8,39.9766,296.543,75607,0,0,0,0,1,0.226367,0.060428,2.339e-06,ok,1
BBMSDppStepwise,85,903,1380,1246140,0.350238,26545.8,39.9766,253.477,64311,0,0,0,0,3,0.28937,0.060838,2.9545e-05,ok,1
DijkstraPrims,85,903,1380,1246140,0.153361,26545.8,39.9766,42.1172,11679,0,0,0,0,1,0.133224,0.019946,0.000190639,ok,1
BBMSCore,85,903,1380,1246140,2.05509,26545.8,39.9766,39.9766,7325,0,0,0,0,11,2.03449,0.020276,0.000327593,ok,2
BBMSInter,85,903,1380,1246140,0.0935357,26545.8,39.9766,70.5039,17061,0,0,0,0,0,0.073578,0.01997,-1.2329e-05,ok,2
BBMSDppInstant,85,903,1380,1246140,0.284944,26545.8,39.9805,296.539,75607,0,0,0,0,1,0.16468,0.12027,-5.985e-06,ok,2
BBMSDppStepwise,85,903,1380,1246140,0.347475,26545.8,39.9805,253.402,64311,0,0,0,0,3,0.268296,0.079143,3.5712e-05,ok,2
DijkstraPrims,85,903,1380,1246140,0.150848,26545.8,39.9805,42.1289,11679,0,0,0,0,1,0.150848,0,-4.5e-07,ok,2
BBMSCore,86,903,1118,1009554,1.57555,124733,39.9805,39.9805,5937,0,0,0,0,7,1.56533,0.010012,0.000209368,ok,0
BBMSInter,86,903,1118,1009554,0.305938,124733,39.9844,57.8711,13824,0,0,0,0,1,0.285812,0.020125,6.22e-07,ok,0
BBMSDppInstant,86,903,1118,1009554,0.233794,124733,39.9844,215.43,55273,0,0,0,0,0,0.193724,0.040081,-1.1494e-05,ok,0
BBMSDppStepwise,86,903,1118,1009554,0.382073,124733,39.9844,205.539,51806,0,0,0,0,2,0.341868,0.040202,3.084e-06,ok,0
DijkstraPrims,86,903,1118,1009554,0.0850707,124733,39.9844,39.9844,7137,0,0,0,0,0,0.06489,0.020192,-1.1301e-05,ok,0
BBMSCore,86,903,1118,1009554,1.57783,124733,39.9844,39.9844,5937,0,0,0,0,9,1.57753,0,0.000294637,ok,1
BBMSInter,86,903,1118,1009554,0.304799,124733,39.9844,57.8672,13824,0,0,0,0,0,0.275313,0.029502,-1.5733e-05,ok,1
BBMSDppInstant,86,903,1118,1009554,0.239083,124733,39.9844,215.406,55273,0,0,0,0,0,0.157612,0.081487,-1.5967e-05,ok,1
BBMSDppStepwise,86,903,1118,1009554,0.385593,124733,39.9844,205.539,51806,0,0,0,0,0,0.295172,0.090437,-1.6077e-05,ok,1
DijkstraPrims,86,903,1118,1009554,0.0876946,124733,39.9844,39.9844,7137,0,0,0,0,1,0.077974,0.009724,-3.427e-06,ok,1
BBMSCore,86,903,1118,1009554,1.57691,124733,39.9844,39.9844,5937,0,0,0,0,5,1.56687,0.010021,2.4532e-05,ok,2
BBMSInter,86,903,1118,1009554,0.305473,124733,39.9844,57.8867,13824,0,0,0,0,2,0.276008,0.029441,2.3935e-05,ok,2
BBMSDppInstant,86,903,1118,1009554,0.239769,124733,39.9844,215.422,55273,0,0,0,0,0,0.168411,0.071372,-1.3979e-05,ok,2
BBMSDppStepwise,86,903,1118,1009554,0.389602,124733,39.9844,205.531,51806,0,0,0,0,3,0.33894,0.050639,2.3051e-05,ok,2
DijkstraPrims,86,903,1118,1009554,0.0871566,124733,39.9844,39.9844,7137,0,0,0,0,0,0.06675,0.020419,-1.2446e-05,ok,2
BBMSCore,87,903,58,52374,0.126694,19237.7,39.9883,39.9883,313,0,0,0,0,1,0.126679,0,1.4884e-05,ok,0
BBMSInter,87,903,58,52374,0.007659,19237.7,39.9883,39.9883,723,0,0,0,0,0,0.00767,0,-1.0998e-05,ok,0
BBMSDppInstant,87,903,58,52374,0.00848799,19237.7,39.9883,39.9883,2691,0,0,0,0,0,0,0.008512,-2.4012e-05,ok,0
BBMSDppStepwise,87,903,58,52374,0.010773,19237.7,39.9883,39.9883,2655,0,0,0,0,0,0.000842,0.009944,-1.2985e-05,ok,0
DijkstraPrims,87,903,58,52374,0.00530585,19237.7,39.9922,39.9922,663,0,0,0,0,0,0.005318,0,-1.2147e-05,ok,0
BBMSCore,87,903,58,52374,0.125357,19237.7,39.9922,39.9922,313,0,0,0,0,0,0.125369,0,-1.2188e-05,ok,1
BBMSInter,87,903,58,52374,0.0076947,19237.7,39.9922,39.9922,723,0,0,0,0,0,0.007706,0,-1.13e-05,ok,1
BBMSDppInstant,87,903,58,52374,0.00851442,19237.7,39.9922,39.9922,2691,0,0,0,0,0,0.008527,0,-1.2577e-05,ok,1
BBMSDppStepwise,87,903,58,52374,0.0106455,19237.7,39.9922,39.9922,2655,0,0,0,0,0,0.010656,0,-1.0476e-05,ok,1
DijkstraPrims,87,903,58,52374,0.00530826,19237.7,39.9922,39.9922,663,0,0,0,0,0,0,0.005319,-1.0741e-05,ok,1
BBMSCore,87,903,58,52374,0.125215,19237.7,39.9922,39.9922,313,0,0,0,0,0,0.124837,0.000391,-1.3134e-05,ok,2
BBMSInter,87,903,58,52374,0.00768304,19237.7,39.9922,39.9922,723,0,0,0,0,0,0.007693,0,-9.962e-06,ok,2
BBMSDppInstant,87,903,58,52374,0.00850319,19237.7,39.9922,39.9922,2691,0,0,0,0,0,0.008514,0,-1.0808e-05,ok,2
BBMSDppStepwise,87,903,58,52374,0.0106157,19237.7,39.9922,39.9922,2655,0,0,0,0,0,0.010627,0,-1.1284e-05,ok,2
DijkstraPrims,87,903,58,52374,0.00526808,19237.7,39.9922,39.9922,663,0,0,0,0,0,0.005279,0,-1.0924e-05,ok,2
BBMSCore,88,903,1917,1731051,3.23707,12173.9,39.9961,43.6172,10169,0,0,0,0,13,3.22674,0.010014,0.00032495,ok,0
BBMSInter,88,903,1917,1731051,0.219558,12173.9,40,96.3672,23693,0,0,0,0,2,0.179718,0.039826,1.4335e-05,ok,0
BBMSDppInstant,88,903,1917,1731051,0.370861,12173.9,40,364.219,92660,0,0,0,0,4,0.261045,0.10977,4.5738e-05,ok,0
BBMSDppStepwise,88,903,1917,1731051,0.486198,12173.9,40,347.684,88422,0,0,0,0,0,0.374869,0.111347,-1.76e-05,ok,0
DijkstraPrims,88,903,1917,1731051,0.363804,12173.9,40,81.5078,24677,0,0,0,0,2,0.343489,0.020297,1.8068e-05,ok,0
BBMSCore,88,903,1917,1731051,3.23644,12173.9,40,43.6172,10169,0,0,0,0,10,3.226,0.010013,0.000431871,ok,1
BBMSInter,88,903,1917,1731051,0.220132,12173.9,40,96.3633,23693,0,0,0,0,1,0.190279,0.029848,5.278e-06,ok,1
BBMSDppInstant,88,903,1917,1731051,0.3705,12173.9,40,364.227,92660,0,0,0,0,3,0.240631,0.129828,4.0864e-05,ok,1
BBMSDppStepwise,88,903,1917,1731051,0.48933,12173.9,40,347.68,88422,0,0,0,0,4,0.399529,0.089759,4.211e-05,ok,1
DijkstraPrims,88,903,1917,1731051,0.359365,12173.9,40,81.4961,24677,0,0,0,0,1,0.33948,0.019893,-8.164e-06,ok,1
BBMSCore,88,903,1917,1731051,3.23613,12173.9,40,43.6055,10169,0,0,0,0,13,3.22584,0.010013,0.000277578,ok,2
BBMSInter,88,903,1917,1731051,0.219295,12173.9,40,96.3633,23693,0,0,0,0,0,0.199437,0.019873,-1.4757e-05,ok,2
BBMSDppInstant,88,903,1917,1731051,0.369072,12173.9,40,364.234,92660,0,0,0,0,0,0.229869,0.139219,-1.6034e-05,ok,2
BBMSDppStepwise,88,903,1917,1731051,0.480763,12173.9,40,347.562,88422,0,0,0,0,2,0.42084,0.059915,7.796e-06,ok,2
DijkstraPrims,88,903,1917,1731051,0.359471,12173.9,40,81.4688,24677,0,0,0,0,1,0.299745,0.059735,-8.637e-06,ok,2
BBMSCore,89,903,249,224847,0.117518,15815.5,40.0039,40.0039,1329,0,0,0,0,1,0.117323,0,0.000194873,ok,0
BBMSInter,89,903,249,224847,0.0384728,15815.5,40.0039,40.0039,3086,0,0,0,0,0,0.038484,0,-1.12e-05,ok,0
BBMSDppInstant,89,903,249,224847,0.0484062,15815.5,40.0039,51.7969,12395,0,0,0,0,0,0.037905,0.010513,-1.1793e-05,ok,0
BBMSDppStepwise,89,903,249,224847,0.0636171,15815.5,40.0039,48.9922,11591,0,0,0,0,0,0.03404,0.02959,-1.2917e-05,ok,0
DijkstraPrims,89,903,249,224847,0.0318633,15815.5,40.0039,40.0039,3086,0,0,0,0,0,0.031875,0,-1.1674e-05,ok,0
BBMSCore,89,903,249,224847,0.117316,15815.5,40.0039,40.0039,1329,0,0,0,0,1,0.117318,0,-2.356e-06,ok,1
BBMSInter,89,903,249,224847,0.0384512,15815.5,40.0039,40.0039,3086,0,0,0,0,0,0.038462,0,-1.0751e-05,ok,1
BBMSDppInstant,89,903,249,224847,0.0488141,15815.5,40.0039,51.7695,12395,0,0,0,0,0,0.038993,0.009833,-1.1869e-05,ok,1
BBMSDppStepwise,89,903,249,224847,0.0637862,15815.5,40.0039,48.9766,11591,0,0,0,0,0,0.053637,0.010161,-1.179e-05,ok,1
DijkstraPrims,89,903,249,224847,0.0318334,15815.5,40.0039,40.0039,3086,0,0,0,0,0,0.031671,0.000174,-1.16e-05,ok,1
BBMSCore,89,903,249,224847,0.117222,15815.5,40.0039,40.0039,1329,0,0,0,0,0,0.117233,0,-1.1401e-05,ok,2
BBMSInter,89,903,249,224847,0.0385535,15815.5,40.0039,40.0039,3086,0,0,0,0,0,0.027996,0.010568,-1.0505e-05,ok,2
BBMSDppInstant,89,903,249,224847,0.0490212,15815.5,40.0039,51.7812,12395,0,0,0,0,0,0.039185,0.009848,-1.1843e-05,ok,2
BBMSDppStepwise,89,903,249,224847,0.0646908,15815.5,40.0039,49,11591,0,0,0,0,1,0.055066,0.009623,1.767e-06,ok,2
DijkstraPrims,89,903,249,224847,0.0318382,15815.5,40.0039,40.0039,3086,0,0,0,0,0,0.031849,0,-1.0751e-05,ok,2
BBMSCore,90,903,455,410865,1.58676,13305.7,40.0078,40.0078,2425,0,0,0,0,5,1.58654,0,0.000218321,ok,0
BBMSInter,90,903,455,410865,0.0532549,13305.7,40.0078,40.0078,5635,0,0,0,0,0,0.043115,0.010151,-1.1107e-05,ok,0
BBMSDppInstant,90,903,455,410865,0.0767533,13305.7,40.0117,89.0391,21879,0,0,0,0,1,0.076732,0,2.1334e-05,ok,0
BBMSDppStepwise,90,903,455,410865,0.102293,13305.7,40.0117,86,21097,0,0,0,0,0,0.07196,0.030345,-1.1915e-05,ok,0
DijkstraPrims,90,903,455,410865,0.0475646,13305.7,40.0117,40.0117,4071,0,0,0,0,0,0.03756,0.010018,-1.3432e-05,ok,0
BBMSCore,90,903,455,410865,1.58782,13305.7,40.0117,40.0117,2425,0,0,0,0,6,1.58738,0,0.000438304,ok,1
BBMSInter,90,903,455,410865,0.0530898,13305.7,40.0117,40.0117,5635,0,0,0,0,0,0.053101,0,-1.1249e-05,ok,1
BBMSDppInstant,90,903,455,410865,0.0772828,13305.7,40.0117,89.0312,21879,0,0,0,0,0,0.047826,0.029469,-1.2194e-05,ok,1
BBMSDppStepwise,90,903,455,410865,0.101217,13305.7,40.0117,85.9805,21097,0,0,0,0,0,0.061047,0.040183,-1.3216e-05,ok,1
DijkstraPrims,90,903,455,410865,0.0476604,13305.7,40.0156,40.0156,4071,0,0,0,0,0,0.047674,0,-1.3604e-05,ok,1
BBMSCore,90,903,455,410865,1.58675,13305.7,40.0156,40.0156,2425,0,0,0,0,7,1.58631,0,0.000442227,ok,2
BBMSInter,90,903,455,410865,0.053412,13305.7,40.0156,40.0156,5635,0,0,0,0,0,0.053423,0,-1.0993e-05,ok,2
BBMSDppInstant,90,903,455,410865,0.0794964,13305.7,40.0156,89.0156,21879,0,0,0,0,0,0.039725,0.039782,-1.0596e-05,ok,2
BBMSDppStepwise,90,903,455,410865,0.10028,13305.7,40.0156,85.8242,21097,0,0,0,0,1,0.090285,0.009992,2.825e-06,ok,2
DijkstraPrims,90,903,455,410865,0.0470637,13305.7,40.0156,40.0156,4071,0,0,0,0,0,0.047075,0,-1.1274e-05,ok,2
BBMSCore,91,903,20006,18065418,274.28,1.4961e+06,40.0195,418.125,106198,0,0,0,0,911,274.144,0.129996,0.00586746,ok,0
BBMSInter,91,903,20006,18065418,4.06993,1.4961e+06,40.0195,969.449,247334,0,0,0,0,22,3.75991,0.309845,0.000176334,ok,0
BBMSDppInstant,91,903,20006,18065418,7.68781,1.4961e+06,40.0195,4069.15,1049288,0,0,0,0,28,6.33811,1.34938,0.000314181,ok,0
BBMSDppStepwise,91,903,20006,18065418,13.26,1.4961e+06,40.0195,3571.93,916900,0,0,0,0,55,12.1696,1.08989,0.000557664,ok,0
DijkstraPrims,91,903,20006,18065418,2.40202,1.4961e+06,40.0195,372.062,117221,0,0,0,0,11,2.25231,0.149527,0.000176803,ok,0
BBMSCore,91,903,20006,18065418,275.484,1.4961e+06,40.0195,418.125,106198,0,0,0,0,931,275.335,0.139996,0.0092804,ok,1
BBMSInter,91,903,20006,18065418,4.27203,1.4961e+06,40.0195,969.465,247334,0,0,0,0,14,3.98189,0.289996,0.000144283,ok,1
BBMSDppInstant,91,903,20006,18065418,8.06718,1.4961e+06,40.0195,4069.05,1049288,0,0,0,0,32,6.78759,1.27925,0.000336704,ok,1
BBMSDppStepwise,91,903,20006,18065418,13.4115,1.4961e+06,40.0195,3571.88,916900,0,0,0,0,41,12.2712,1.13995,0.000317075,ok,1
DijkstraPrims,91,903,20006,18065418,2.39474,1.4961e+06,40.0195,372.121,117221,0,0,0,0,11,2.19425,0.200261,0.000236273,ok,1
BBMSCore,91,903,20006,18065418,274.707,1.4961e+06,40.0195,418.137,106198,0,0,0,0,900,274.57,0.130117,0.0068648,ok,2
BBMSInter,91,903,20006,18065418,4.08804,1.4961e+06,40.0195,969.469,247334,0,0,0,0,19,3.74819,0.339665,0.00017908,ok,2
BBMSDppInstant,91,903,20006,18065418,7.63182,1.4961e+06,40.0195,4069.11,1049288,0,0,0,0,35,6.33154,1.29992,0.00036053,ok,2
BBMSDppStepwise,91,903,20006,18065418,13.2435,1.4961e+06,40.0195,3571.92,916900,0,0,0,0,55,12.2129,1.03013,0.000486774,ok,2
DijkstraPrims,91,903,20006,18065418,2.31962,1.4961e+06,40.0195,372.07,117221,0,0,0,0,7,2.18953,0.13004,4.8388e-05,ok,2
BBMSCore,92,903,1899,1714797,4.57375,2.0864e+07,40.0234,43.2422,10073,0,0,0,0,19,4.56356,0.010006,0.000179403,ok,0
BBMSInter,92,903,1899,1714797,0.142767,2.0864e+07,40.0234,95.4922,23470,0,0,0,0,0,0.112551,0.030229,-1.2716e-05,ok,0
BBMSDppInstant,92,903,1899,1714797,0.32339,2.0864e+07,40.0273,365.691,93029,0,0,0,0,0,0.235046,0.088361,-1.6955e-05,ok,0
BBMSDppStepwise,92,903,1899,1714797,0.364674,2.0864e+07,40.0273,342.805,87194,0,0,0,0,2,0.256065,0.108601,8.362e-06,ok,0
DijkstraPrims,92,903,1899,1714797,0.192801,2.0864e+07,40.0273,46.9805,13734,0,0,0,0,0,0.182744,0.01007,-1.2955e-05,ok,0
BBMSCore,92,903,1899,1714797,4.57339,2.0864e+07,40.0273,43.2461,10073,0,0,0,0,31,4.55282,0.02001,0.000557602,ok,1
BBMSInter,92,903,1899,1714797,0.140248,2.0864e+07,40.0273,95.4922,23470,0,0,0,0,0,0.120235,0.020024,-1.0947e-05,ok,1
BBMSDppInstant,92,903,1899,1714797,0.306495,2.0864e+07,40.0273,365.52,93029,0,0,0,0,0,0.187755,0.118753,-1.3261e-05,ok,1
BBMSDppStepwise,92,903,1899,1714797,0.360507,2.0864e+07,40.0273,342.805,87194,0,0,0,0,1,0.280433,0.080078,-3.773e-06,ok,1
DijkstraPrims,92,903,1899,1714797,0.185099,2.0864e+07,40.0273,46.9766,13734,0,0,0,0,1,0.174939,0.010146,1.3823e-05,ok,1
BBMSCore,92,903,1899,1714797,4.56905,2.0864e+07,40.0273,43.2422,10073,0,0,0,0,18,4.55888,0.009995,0.000168524,ok,2
BBMSInter,92,903,1899,1714797,0.138182,2.0864e+07,40.0273,95.4922,23470,0,0,0,0,0,0.0986,0.039594,-1.2471e-05,ok,2
BBMSDppInstant,92,903,1899,1714797,0.313898,2.0864e+07,40.0273,365.691,93029,0,0,0,0,1,0.213205,0.100688,4.9e-06,ok,2
BBMSDppStepwise,92,903,1899,1714797,0.358863,2.0864e+07,40.0273,342.816,87194,0,0,0,0,1,0.269242,0.089614,7.331e-06,ok,2
DijkstraPrims,92,903,1899,1714797,0.186355,2.0864e+07,40.0273,46.9766,13734,0,0,0,0,1,0.166652,0.019704,-1.492e-06,ok,2
BBMSCore,93,903,63,56889,0.0832544,18441.2,40.0312,40.0312,340,0,0,0,0,1,0.083252,0,2.441e-06,ok,0
BBMSInter,93,903,63,56889,0.00771886,18441.2,40.0312,40.0312,784,0,0,0,0,0,0.007727,0,-8.142e-06,ok,0
BBMSDppInstant,93,903,63,56889,0.00925361,18441.2,40.0312,40.0312,2969,0,0,0,0,0,0.009262,0,-8.392e-06,ok,0
BBMSDppStepwise,93,903,63,56889,0.01075,18441.2,40.0312,40.0312,2913,0,0,0,0,0,0.010762,0,-1.1954e-05,ok,0
DijkstraPrims,93,903,63,56889,0.00373765,18441.2,40.0312,40.0312,357,0,0,0,0,0,0,0.00375,-1.2353e-05,ok,0
BBMSCore,93,903,63,56889,0.0836075,18441.2,40.0312,40.0312,340,0,0,0,0,1,0.083416,0,0.000191521,ok,1
BBMSInter,93,903,63,56889,0.00775113,18441.2,40.0312,40.0312,784,0,0,0,0,0,0.007761,0,-9.87e-06,ok,1
BBMSDppInstant,93,903,63,56889,0.0093296,18441.2,40.0312,40.0312,2969,0,0,0,0,0,0,0.009339,-9.399e-06,ok,1
BBMSDppStepwise,93,903,63,56889,0.0104297,18441.2,40.0312,40.0312,2913,0,0,0,0,0,0.000454,0.009984,-8.277e-06,ok,1
DijkstraPrims,93,903,63,56889,0.00364251,18441.2,40.0312,40.0312,357,0,0,0,0,0,0.003652,0,-9.491e-06,ok,1
BBMSCore,93,903,63,56889,0.0831986,18441.2,40.0312,40.0312,340,0,0,0,0,0,0.083009,0.000198,-8.432e-06,ok,2
BBMSInter,93,903,63,56889,0.0077011,18441.2,40.0312,40.0312,784,0,0,0,0,0,0.007709,0,-7.901e-06,ok,2
BBMSDppInstant,93,903,63,56889,0.0092646,18441.2,40.0312,40.0312,2969,0,0,0,0,0,0.009273,0,-8.399e-06,ok,2
BBMSDppStepwise,93,903,63,56889,0.0108503,18441.2,40.0312,40.0312,2913,0,0,0,0,0,0.000834,0.010025,-8.708e-06,ok,2
DijkstraPrims,93,903,63,56889,0.00367452,18441.2,40.0352,40.0352,357,0,0,0,0,0,0.003683,0,-8.485e-06,ok,2
BBMSCore,94,903,2142,1934226,8.44501,18826.4,40.0391,48.2539,11360,0,0,0,0,38,8.41347,0.029979,0.00156126,ok,0
BBMSInter,94,903,2142,1934226,0.249059,18826.4,40.0391,107.242,26471,0,0,0,0,2,0.198975,0.050056,2.7669e-05,ok,0
BBMSDppInstant,94,903,2142,1934226,0.457359,18826.4,40.0391,455.227,116301,0,0,0,0,1,0.347701,0.109649,8.649e-06,ok,0
BBMSDppStepwise,94,903,2142,1934226,0.488731,18826.4,40.0391,384.363,97818,0,0,0,0,0,0.358826,0.129921,-1.6045e-05,ok,0
DijkstraPrims,94,903,2142,1934226,0.340042,18826.4,40.043,81.4961,22812,0,0,0,0,0,0.330031,0.010026,-1.4949e-05,ok,0
BBMSCore,94,903,2142,1934226,8.6494,18826.4,40.043,48.25,11360,0,0,0,0,33,8.63801,0.009999,0.00139301,ok,1
BBMSInter,94,903,2142,1934226,0.247615,18826.4,40.043,107.262,26471,0,0,0,0,1,0.217712,0.029908,-5.083e-06,ok,1
BBMSDppInstant,94,903,2142,1934226,0.462498,18826.4,40.043,455.254,116301,0,0,0,0,1,0.353667,0.108827,3.878e-06,ok,1
BBMSDppStepwise,94,903,2142,1934226,0.513741,18826.4,40.043,384.367,97818,0,0,0,0,2,0.335338,0.178395,7.951e-06,ok,1
DijkstraPrims,94,903,2142,1934226,0.396058,18826.4,40.043,81.3086,22812,0,0,0,0,0,0.365559,0.030517,-1.8065e-05,ok,1
BBMSCore,94,903,2142,1934226,9.04195,18826.4,40.043,48.2422,11360,0,0,0,0,33,9.03076,0.010002,0.00118715,ok,2
BBMSInter,94,903,2142,1934226,0.248986,18826.4,40.043,107.234,26471,0,0,0,0,2,0.218955,0.030026,4.829e-06,ok,2
BBMSDppInstant,94,903,2142,1934226,0.453668,18826.4,40.043,455.23,116301,0,0,0,0,2,0.344637,0.10902,1.0871e-05,ok,2
BBMSDppStepwise,94,903,2142,1934226,0.495987,18826.4,40.043,384.375,97818,0,0,0,0,3,0.375809,0.120134,4.4438e-05,ok,2
DijkstraPrims,94,903,2142,1934226,0.336098,18826.4,40.043,81.5,22812,0,0,0,0,0,0.306303,0.029813,-1.7948e-05,ok,2
BBMSCore,95,199,223,44377,0.00657113,9855.04,40.0469,40.0469,264,0,0,0,0,0,0.006582,0,-1.0868e-05,ok,0
BBMSInter,95,199,223,44377,0.00325743,9855.04,40.0469,40.0469,610,0,0,0,0,0,0.003269,0,-1.1571e-05,ok,0
BBMSDppInstant,95,199,223,44377,0.00883202,9855.04,40.0469,40.0469,2441,0,0,0,0,1,0.008835,0,-2.976e-06,ok,0
BBMSDppStepwise,95,199,223,44377,0.0102431,9855.04,40.0469,40.0469,2323,0,0,0,0,0,0.010256,0,-1.2873e-05,ok,0
DijkstraPrims,95,199,223,44377,0.00703983,9855.04,40.0469,40.0469,643,0,0,0,0,0,0.007052,0,-1.2166e-05,ok,0
BBMSCore,95,199,223,44377,0.00652086,9855.04,40.0469,40.0469,264,0,0,0,0,0,0.006532,0,-1.114e-05,ok,1
BBMSInter,95,199,223,44377,0.00319076,9855.04,40.0469,40.0469,610,0,0,0,0,0,0.003202,0,-1.1236e-05,ok,1
BBMSDppInstant,95,199,223,44377,0.00872706,9855.04,40.0469,40.0469,2441,0,0,0,0,0,0.008738,0,-1.0944e-05,ok,1
BBMSDppStepwise,95,199,223,44377,0.00995426,9855.04,40.0469,40.0469,2323,0,0,0,0,0,0.009965,0,-1.0742e-05,ok,1
DijkstraPrims,95,199,223,44377,0.00716566,9855.04,40.0469,40.0469,643,0,0,0,0,0,0.007179,0,-1.3341e-05,ok,1
BBMSCore,95,199,223,44377,0.00656484,9855.04,40.0469,40.0469,264,0,0,0,0,0,0.006577,0,-1.2162e-05,ok,2
BBMSInter,95,199,223,44377,0.00324731,9855.04,40.0469,40.0469,610,0,0,0,0,0,0.003259,0,-1.1688e-05,ok,2
BBMSDppInstant,95,199,223,44377,0.00875104,9855.04,40.0469,40.0469,2441,0,0,0,0,0,0,0.008761,-9.956e-06,ok,2
BBMSDppStepwise,95,199,223,44377,0.0100293,9855.04,40.0469,40.0469,2323,0,0,0,0,0,0.00999,5.1e-05,-1.1745e-05,ok,2
DijkstraPrims,95,199,223,44377,0.00708693,9855.04,40.0469,40.0469,643,0,0,0,0,0,0.007099,0,-1.2073e-05,ok,2
BBMSCore,96,199,154,30646,0.0125249,16475.4,40.0508,40.0508,182,0,0,0,0,0,0.012536,0,-1.1102e-05,ok,0
BBMSInter,96,199,154,30646,0.00273803,16475.4,40.0508,40.0508,421,0,0,0,0,0,0.00275,0,-1.1966e-05,ok,0
BBMSDppInstant,96,199,154,30646,0.00575379,16475.4,40.0508,40.0508,1654,0,0,0,0,0,0,0.005765,-1.1205e-05,ok,0
BBMSDppStepwise,96,199,154,30646,0.00633281,16475.4,40.0508,40.0508,1592,0,0,0,0,0,0.006345,0,-1.2193e-05,ok,0
DijkstraPrims,96,199,154,30646,0.00400499,16475.4,40.0508,40.0508,342,0,0,0,0,0,0.004016,0,-1.1006e-05,ok,0
BBMSCore,96,199,154,30646,0.0125462,16475.4,40.0508,40.0508,182,0,0,0,0,0,0.01256,0,-1.3848e-05,ok,1
BBMSInter,96,199,154,30646,0.00271349,16475.4,40.0547,40.0547,421,0,0,0,0,0,0,0.002724,-1.0511e-05,ok,1
BBMSDppInstant,96,199,154,30646,0.00584592,16475.4,40.0547,40.0547,1654,0,0,0,0,0,0.005857,0,-1.1076e-05,ok,1
BBMSDppStepwise,96,199,154,30646,0.00637744,16475.4,40.0547,40.0547,1592,0,0,0,0,0,0.006388,0,-1.0559e-05,ok,1
DijkstraPrims,96,199,154,30646,0.00392512,16475.4,40.0547,40.0547,342,0,0,0,0,0,0.003937,0,-1.1879e-05,ok,1
BBMSCore,96,199,154,30646,0.0125448,16475.4,40.0547,40.0547,182,0,0,0,0,0,0.012556,0,-1.1152e-05,ok,2
BBMSInter,96,199,154,30646,0.00267716,16475.4,40.0547,40.0547,421,0,0,0,0,0,0.002687,0,-9.839e-06,ok,2
BBMSDppInstant,96,199,154,30646,0.00580987,16475.4,40.0547,40.0547,1654,0,0,0,0,0,0,0.00582,-1.0127e-05,ok,2
BBMSDppStepwise,96,199,154,30646,0.00631273,16475.4,40.0547,40.0547,1592,0,0,0,0,0,0,0.006324,-1.127e-05,ok,2
DijkstraPrims,96,199,154,30646,0.00395865,16475.4,40.0547,40.0547,342,0,0,0,0,0,0.003969,0,-1.0347e-05,ok,2
BBMSCore,97,199,1128,224472,0.169722,15950.9,40.0586,40.0586,1333,0,0,0,0,1,0.16953,0,0.000191755,ok,0
BBMSInter,97,199,1128,224472,0.0138758,15950.9,40.0586,40.0586,3086,0,0,0,0,0,0.004248,0.009639,-1.116e-05,ok,0
BBMSDppInstant,97,199,1128,224472,0.0412846,15950.9,40.0586,50.8555,12061,0,0,0,0,0,0.041297,0,-1.2361e-05,ok,0
BBMSDppStepwise,97,199,1128,224472,0.0487274,15950.9,40.0586,48.8594,11537,0,0,0,0,0,0.038693,0.010047,-1.2638e-05,ok,0
DijkstraPrims,97,199,1128,224472,0.0295605,15950.9,40.0625,40.0625,2814,0,0,0,0,1,0.029457,0.000107,-3.518e-06,ok,0
BBMSCore,97,199,1128,224472,0.169976,15950.9,40.0625,40.0625,1333,0,0,0,0,2,0.169772,0,0.000204239,ok,1
BBMSInter,97,199,1128,224472,0.013886,15950.9,40.0625,40.0625,3086,0,0,0,0,0,0.004221,0.009677,-1.1982e-05,ok,1
BBMSDppInstant,97,199,1128,224472,0.0413623,15950.9,40.0625,50.8555,12061,0,0,0,0,0,0.031174,0.0102,-1.1688e-05,ok,1
BBMSDppStepwise,97,199,1128,224472,0.0490332,15950.9,40.0625,48.7461,11537,0,0,0,0,1,0.03942,0.009615,-1.824e-06,ok,1
DijkstraPrims,97,199,1128,224472,0.0296571,15950.9,40.0625,40.0625,2814,0,0,0,0,0,0.029669,0,-1.1921e-05,ok,1
BBMSCore,97,199,1128,224472,0.1695,15950.9,40.0625,40.0625,1333,0,0,0,0,0,0.159469,0.010044,-1.3014e-05,ok,2
BBMSInter,97,199,1128,224472,0.0140055,15950.9,40.0625,40.0625,3086,0,0,0,0,0,0.014017,0,-1.1528e-05,ok,2
BBMSDppInstant,97,199,1128,224472,0.0418888,15950.9,40.0625,50.8672,12061,0,0,0,0,0,0.012999,0.028903,-1.3186e-05,ok,2
BBMSDppStepwise,97,199,1128,224472,0.0492805,15950.9,40.0625,48.6367,11537,0,0,0,0,0,0.029138,0.020153,-1.0509e-05,ok,2
DijkstraPrims,97,199,1128,224472,0.0295692,15950.9,40.0625,40.0625,2814,0,0,0,0,0,0.019454,0.010129,-1.3813e-05,ok,2
BBMSCore,98,199,1191,237009,0.129496,14823.7,40.0664,40.0664,1406,0,0,0,0,0,0.119435,0.010075,-1.3574e-05,ok,0
BBMSInter,98,199,1191,237009,0.0170894,14823.7,40.0664,40.0664,3258,0,0,0,0,0,0.016508,0.000595,-1.3562e-05,ok,0
BBMSDppInstant,98,199,1191,237009,0.0478228,14823.7,40.0664,55.3672,13238,0,0,0,0,0,0.027784,0.02005,-1.1243e-05,ok,0
BBMSDppStepwise,98,199,1191,237009,0.0576888,14823.7,40.0664,51.7188,12275,0,0,0,0,0,0.047669,0.010032,-1.2218e-05,ok,0
DijkstraPrims,98,199,1191,237009,0.0304433,14823.7,40.0664,40.0664,2934,0,0,0,0,0,0.010093,0.020362,-1.1711e-05,ok,0
BBMSCore,98,199,1191,237009,0.129871,14823.7,40.0664,40.0664,1406,0,0,0,0,0,0.129883,0,-1.1979e-05,ok,1
BBMSInter,98,199,1191,237009,0.0171558,14823.7,40.0664,40.0664,3258,0,0,0,0,0,0.007476,0.009694,-1.4175e-05,ok,1
BBMSDppInstant,98,199,1191,237009,0.0476557,14823.7,40.0703,55.375,13238,0,0,0,0,1,0.027602,0.020043,1.0687e-05,ok,1
BBMSDppStepwise,98,199,1191,237009,0.0582793,14823.7,40.0703,51.7422,12275,0,0,0,0,1,0.038118,0.020154,7.283e-06,ok,1
DijkstraPrims,98,199,1191,237009,0.0306156,14823.7,40.0703,40.0703,2934,0,0,0,0,0,0.03063,0,-1.4416e-05,ok,1
BBMSCore,98,199,1191,237009,0.130133,14823.7,40.0703,40.0703,1406,0,0,0,0,0,0.130145,0,-1.2359e-05,ok,2
BBMSInter,98,199,1191,237009,0.0173607,14823.7,40.0703,40.0703,3258,0,0,0,0,1,0.017362,0,-1.298e-06,ok,2
BBMSDppInstant,98,199,1191,237009,0.0479353,14823.7,40.0703,55.3867,13238,0,0,0,0,0,0.027927,0.020023,-1.4732e-05,ok,2
BBMSDppStepwise,98,199,1191,237009,0.0574031,14823.7,40.0703,51.7422,12275,0,0,0,0,0,0.057416,0,-1.2916e-05,ok,2
DijkstraPrims,98,199,1191,237009,0.0305813,14823.7,40.0703,40.0703,2934,0,0,0,0,0,0.030594,0,-1.2656e-05,ok,2
BBMSCore,99,199,185,36815,0.0136958,29246.6,40.0742,40.0742,218,0,0,0,0,0,0.003958,0.009749,-1.1193e-05,ok,0
BBMSInter,99,199,185,36815,0.00197117,29246.6,40.0742,40.0742,506,0,0,0,0,0,0.001984,0,-1.2826e-05,ok,0
BBMSDppInstant,99,199,185,36815,0.00693257,29246.6,40.0742,40.0742,2125,0,0,0,0,0,0.006943,0,-1.0429e-05,ok,0
BBMSDppStepwise,99,199,185,36815,0.00751258,29246.6,40.0742,40.0742,1917,0,0,0,0,0,0.007524,0,-1.1422e-05,ok,0
DijkstraPrims,99,199,185,36815,0.00501367,29246.6,40.0742,40.0742,401,0,0,0,0,0,0.005027,0,-1.3329e-05,ok,0
BBMSCore,99,199,185,36815,0.0136848,29246.6,40.0742,40.0742,218,0,0,0,0,0,0.013695,0,-1.0198e-05,ok,1
BBMSInter,99,199,185,36815,0.00183744,29246.6,40.0742,40.0742,506,0,0,0,0,0,0.001693,0.000154,-9.557e-06,ok,1
BBMSDppInstant,99,199,185,36815,0.00683541,29246.6,40.0742,40.0742,2125,0,0,0,0,0,0.006846,0,-1.0595e-05,ok,1
BBMSDppStepwise,99,199,185,36815,0.00755247,29246.6,40.0742,40.0742,1917,0,0,0,0,0,0.007563,0,-1.053e-05,ok,1
DijkstraPrims,99,199,185,36815,0.00498295,29246.6,40.0742,40.0742,401,0,0,0,0,0,0.004994,0,-1.1048e-05,ok,1
BBMSCore,99,199,185,36815,0.0136932,29246.6,40.0742,40.0742,218,0,0,0,0,0,0.013707,0,-1.3767e-05,ok,2
BBMSInter,99,199,185,36815,0.00190138,29246.6,40.0742,40.0742,506,0,0,0,0,0,0.001912,0,-1.0619e-05,ok,2
BBMSDppInstant,99,199,185,36815,0.0068445,29246.6,40.0742,40.0742,2125,0,0,0,0,0,0.005713,0.001142,-1.0502e-05,ok,2
BBMSDppStepwise,99,199,185,36815,0.00761021,29246.6,40.0742,40.0742,1917,0,0,0,0,0,0,0.007621,-1.0787e-05,ok,2
DijkstraPrims,99,199,185,36815,0.00498659,29246.6,40.0742,40.0742,401,0,0,0,0,0,0.004999,0,-1.241e-05,ok,2
BBMSCore,100,199,313,62287,0.0107317,32765.9,40.0781,40.0781,369,0,0,0,0,0,0.010743,0,-1.1336e-05,ok,0
BBMSInter,100,199,313,62287,0.00500174,32765.9,40.0781,40.0781,856,0,0,0,0,0,0,0.005012,-1.0263e-05,ok,0
BBMSDppInstant,100,199,313,62287,0.0130641,32765.9,40.0781,40.0781,3527,0,0,0,0,0,0.013076,0,-1.1877e-05,ok,0
BBMSDppStepwise,100,199,313,62287,0.0145065,32765.9,40.0781,40.0781,3281,0,0,0,0,0,0.014517,0,-1.054e-05,ok,0
DijkstraPrims,100,199,313,62287,0.00977849,32765.9,40.0781,40.0781,784,0,0,0,0,0,0.00979,0,-1.1507e-05,ok,0
BBMSCore,100,199,313,62287,0.0107638,32765.9,40.0781,40.0781,369,0,0,0,0,0,0.010776,0,-1.2226e-05,ok,1
BBMSInter,100,199,313,62287,0.00498703,32765.9,40.0781,40.0781,856,0,0,0,0,0,0.004998,0,-1.0967e-05,ok,1
BBMSDppInstant,100,199,313,62287,0.0130741,32765.9,40.0781,40.0781,3527,0,0,0,0,0,0.013086,0,-1.1929e-05,ok,1
BBMSDppStepwise,100,199,313,62287,0.0147062,32765.9,40.0781,40.0781,3281,0,0,0,0,0,0.014309,0.000409,-1.1834e-05,ok,1
DijkstraPrims,100,199,313,62287,0.00973066,32765.9,40.0859,40.0859,784,0,0,0,0,0,0,0.009743,-1.2344e-05,ok,1
BBMSCore,100,199,313,62287,0.0107323,32765.9,40.0859,40.0859,369,0,0,0,0,0,0.010743,0,-1.0654e-05,ok,2
BBMSInter,100,199,313,62287,0.00505935,32765.9,40.0859,40.0859,856,0,0,0,0,0,0.00507,0,-1.0647e-05,ok,2
BBMSDppInstant,100,199,313,62287,0.0130942,32765.9,40.0859,40.0859,3527,0,0,0,0,1,0,0.013095,-8.46e-07,ok,2
BBMSDppStepwise,100,199,313,62287,0.0149667,32765.9,40.0859,40.0859,3281,0,0,0,0,0,0.01498,0,-1.3294e-05,ok,2
DijkstraPrims,100,199,313,62287,0.0097731,32765.9,40.0859,40.0859,784,0,0,0,0,0,0,0.009785,-1.1896e-05,ok,2
BBMSCore,101,199,1380,274620,0.144415,28611.2,40.0898,40.0898,1629,0,0,0,0,0,0.143953,0.000477,-1.4662e-05,ok,0
BBMSInter,101,199,1380,274620,0.0277087,28611.2,40.0898,40.0898,3774,0,0,0,0,0,0.027092,0.000629,-1.2251e-05,ok,0
BBMSDppInstant,101,199,1380,274620,0.0641913,28611.2,40.0898,65.9922,16117,0,0,0,0,0,0.053749,0.010454,-1.1733e-05,ok,0
BBMSDppStepwise,101,199,1380,274620,0.0741689,28611.2,40.0898,59.8789,14381,0,0,0,0,0,0.042931,0.031251,-1.3124e-05,ok,0
DijkstraPrims,101,199,1380,274620,0.0485081,28611.2,40.0898,40.0898,3479,0,0,0,0,0,0.029397,0.019123,-1.1925e-05,ok,0
BBMSCore,101,199,1380,274620,0.142789,28611.2,40.0898,40.0898,1629,0,0,0,0,2,0.142784,0,5.176e-06,ok,1
BBMSInter,101,199,1380,274620,0.027603,28611.2,40.0898,40.0898,3774,0,0,0,0,0,0.017569,0.010046,-1.1957e-05,ok,1
BBMSDppInstant,101,199,1380,274620,0.0643757,28611.2,40.0898,65.9844,16117,0,0,0,0,0,0.054523,0.009864,-1.1255e-05,ok,1
BBMSDppStepwise,101,199,1380,274620,0.0747885,28611.2,40.0898,59.8672,14381,0,0,0,0,0,0.055004,0.019796,-1.1459e-05,ok,1
DijkstraPrims,101,199,1380,274620,0.0473466,28611.2,40.0898,40.0898,3479,0,0,0,0,1,0.04735,0,-3.392e-06,ok,1
BBMSCore,101,199,1380,274620,0.143174,28611.2,40.0898,40.0898,1629,0,0,0,0,0,0.133303,0.009883,-1.2059e-05,ok,2
BBMSInter,101,199,1380,274620,0.0276015,28611.2,40.0898,40.0898,3774,0,0,0,0,0,0.027614,0,-1.2462e-05,ok,2
BBMSDppInstant,101,199,1380,274620,0.0641108,28611.2,40.0898,65.9883,16117,0,0,0,0,0,0.034584,0.02954,-1.3181e-05,ok,2
BBMSDppStepwise,101,199,1380,274620,0.0747606,28611.2,40.0898,59.8438,14381,0,0,0,0,0,0.064871,0.009903,-1.3422e-05,ok,2
DijkstraPrims,101,199,1380,274620,0.047181,28611.2,40.0898,40.0898,3479,0,0,0,0,0,0.027135,0.020058,-1.1988e-05,ok,2
BBMSCore,102,199,1118,222482,0.0777012,123778,40.0938,40.0938,1321,0,0,0,0,0,0.077716,0,-1.4795e-05,ok,0
BBMSInter,102,199,1118,222482,0.0244957,123778,40.0938,40.0938,3059,0,0,0,0,0,0.02451,0,-1.4337e-05,ok,0
BBMSDppInstant,102,199,1118,222482,0.0523487,123778,40.0938,51.8672,12315,0,0,0,0,0,0.04187,0.01049,-1.1266e-05,ok,0
BBMSDppStepwise,102,199,1118,222482,0.0640457,123778,40.0938,49.7422,11769,0,0,0,0,0,0.053577,0.010482,-1.3312e-05,ok,0
DijkstraPrims,102,199,1118,222482,0.00505066,123778,40.0938,40.0938,411,0,0,0,0,0,0.005062,0,-1.1337e-05,ok,0
BBMSCore,102,199,1118,222482,0.077383,123778,40.0938,40.0938,1321,0,0,0,0,0,0.077396,0,-1.3025e-05,ok,1
BBMSInter,102,199,1118,222482,0.0295946,123778,40.0938,40.0938,3059,0,0,0,0,0,0.019338,0.010268,-1.1364e-05,ok,1
BBMSDppInstant,102,199,1118,222482,0.0523454,123778,40.0938,51.8555,12315,0,0,0,0,1,0.042573,0.009772,3.85e-07,ok,1
BBMSDppStepwise,102,199,1118,222482,0.0632047,123778,40.0938,49.75,11769,0,0,0,0,2,0.043305,0.019891,8.674e-06,ok,1
DijkstraPrims,102,199,1118,222482,0.00502089,123778,40.0938,40.0938,411,0,0,0,0,0,0.005033,0,-1.2107e-05,ok,1
BBMSCore,102,199,1118,222482,0.0772463,123778,40.0977,40.0977,1321,0,0,0,0,0,0.077257,0,-1.0738e-05,ok,2
BBMSInter,102,199,1118,222482,0.0242588,123778,40.0977,40.0977,3059,0,0,0,0,0,0.02427,0,-1.1196e-05,ok,2
BBMSDppInstant,102,199,1118,222482,0.0523253,123778,40.0977,51.8672,12315,0,0,0,0,1,0.031573,0.020754,-1.715e-06,ok,2
BBMSDppStepwise,102,199,1118,222482,0.0629573,123778,40.0977,49.75,11769,0,0,0,0,0,0.062972,0,-1.4683e-05,ok,2
DijkstraPrims,102,199,1118,222482,0.00503137,123778,40.0977,40.0977,411,0,0,0,0,0,0.004622,0.00042,-1.0634e-05,ok,2
BBMSCore,103,199,58,11542,0.00383456,17535.1,40.0977,40.0977,70,0,0,0,0,0,0.003846,0,-1.1439e-05,ok,0
BBMSInter,103,199,58,11542,0.000539729,17535.1,40.1016,40.1016,160,0,0,0,0,0,0.000504,4.6e-05,-1.0271e-05,ok,0
BBMSDppInstant,103,199,58,11542,0.00189507,17535.1,40.1016,40.1016,604,0,0,0,0,0,0.001906,0,-1.0934e-05,ok,0
BBMSDppStepwise,103,199,58,11542,0.00185862,17535.1,40.1016,40.1016,596,0,0,0,0,0,0.001869,0,-1.0376e-05,ok,0
DijkstraPrims,103,199,58,11542,0.00125991,17535.1,40.1016,40.1016,100,0,0,0,0,0,0.001163,0.000105,-8.092e-06,ok,0
BBMSCore,103,199,58,11542,0.00385488,17535.1,40.1016,40.1016,70,0,0,0,0,0,0.003864,0,-9.118e-06,ok,1
BBMSInter,103,199,58,11542,0.000553179,17535.1,40.1016,40.1016,160,0,0,0,0,0,0.000565,0,-1.1821e-05,ok,1
BBMSDppInstant,103,199,58,11542,0.0018993,17535.1,40.1016,40.1016,604,0,0,0,0,0,0.001752,0.00016,-1.2697e-05,ok,1
BBMSDppStepwise,103,199,58,11542,0.00185739,17535.1,40.1016,40.1016,596,0,0,0,0,0,0.001867,0,-9.614e-06,ok,1
DijkstraPrims,103,199,58,11542,0.00126216,17535.1,40.1016,40.1016,100,0,0,0,0,0,0.001165,0.000106,-8.835e-06,ok,1
BBMSCore,103,199,58,11542,0.00387131,17535.1,40.1016,40.1016,70,0,0,0,0,0,0.003881,0,-9.694e-06,ok,2
BBMSInter,103,199,58,11542,0.000562617,17535.1,40.1016,40.1016,160,0,0,0,0,0,0.000574,0,-1.1383e-05,ok,2
BBMSDppInstant,103,199,58,11542,0.00189547,17535.1,40.1016,40.1016,604,0,0,0,0,0,0.001747,0.000159,-1.0531e-05,ok,2
BBMSDppStepwise,103,199,58,11542,0.00188908,17535.1,40.1016,40.1016,596,0,0,0,0,0,0.001899,0,-9.915e-06,ok,2
DijkstraPrims,103,199,58,11542,0.00127817,17535.1,40.1055,40.1055,100,0,0,0,0,0,0.001287,0,-8.828e-06,ok,2
BBMSCore,104,199,1917,381483,0.120048,11036.6,40.1094,40.1094,2259,0,0,0,0,0,0.12006,0,-1.1804e-05,ok,0
BBMSInter,104,199,1917,381483,0.0369612,11036.6,40.1094,40.1094,5239,0,0,0,0,1,0.026831,0.010131,-8.24e-07,ok,0
BBMSDppInstant,104,199,1917,381483,0.0974819,11036.6,40.1094,88.9414,21873,0,0,0,0,1,0.0588,0.038684,-2.071e-06,ok,0
BBMSDppStepwise,104,199,1917,381483,0.113804,11036.6,40.1094,82.1797,20128,0,0,0,0,0,0.093945,0.019872,-1.3418e-05,ok,0
DijkstraPrims,104,199,1917,381483,0.0702064,11036.6,40.1094,40.1094,5718,0,0,0,0,1,0.059916,0.010296,-5.632e-06,ok,0
BBMSCore,104,199,1917,381483,0.119272,11036.6,40.1094,40.1094,2259,0,0,0,0,0,0.119284,0,-1.1875e-05,ok,1
BBMSInter,104,199,1917,381483,0.0372484,11036.6,40.1094,40.1094,5239,0,0,0,0,0,0.02742,0.00984,-1.1628e-05,ok,1
BBMSDppInstant,104,199,1917,381483,0.0973155,11036.6,40.1094,88.9375,21873,0,0,0,0,0,0.087211,0.010102,2.457e-06,ok,1
BBMSDppStepwise,104,199,1917,381483,0.113217,11036.6,40.1094,82.1523,20128,0,0,0,0,1,0.063308,0.049908,1.167e-06,ok,1
DijkstraPrims,104,199,1917,381483,0.0691221,11036.6,40.1094,40.1094,5718,0,0,0,0,0,0.05929,0.009844,-1.1915e-05,ok,1
BBMSCore,104,199,1917,381483,0.119032,11036.6,40.1094,40.1094,2259,0,0,0,0,0,0.119044,0,-1.2447e-05,ok,2
BBMSInter,104,199,1917,381483,0.037107,11036.6,40.1094,40.1094,5239,0,0,0,0,0,0.037118,0,-1.0961e-05,ok,2
BBMSDppInstant,104,199,1917,381483,0.0980766,11036.6,40.1133,88.9492,21873,0,0,0,0,0,0.057408,0.04068,-1.1369e-05,ok,2
BBMSDppStepwise,104,199,1917,381483,0.113762,11036.6,40.1133,82.1602,20128,0,0,0,0,0,0.093893,0.019881,-1.1919e-05,ok,2
DijkstraPrims,104,199,1917,381483,0.0694982,11036.6,40.1133,40.1133,5718,0,0,0,0,1,0.069146,0.000128,0.000224221,ok,2
BBMSCore,105,199,249,49551,0.0124399,9700.25,40.1133,40.1133,294,0,0,0,0,0,0.012452,0,-1.215e-05,ok,0
BBMSInter,105,199,249,49551,0.00350421,9700.25,40.1172,40.1172,681,0,0,0,0,0,0.003516,0,-1.1786e-05,ok,0
BBMSDppInstant,105,199,249,49551,0.00942709,9700.25,40.1172,40.1172,2672,0,0,0,0,0,0,0.009438,-1.0905e-05,ok,0
BBMSDppStepwise,105,199,249,49551,0.010751,9700.25,40.1172,40.1172,2576,0,0,0,0,0,0.001119,0.009648,-1.5962e-05,ok,0
DijkstraPrims,105,199,249,49551,0.00469381,9700.25,40.1172,40.1172,368,0,0,0,0,0,0,0.004706,-1.2192e-05,ok,0
BBMSCore,105,199,249,49551,0.0124373,9700.25,40.1172,40.1172,294,0,0,0,0,0,0.012449,0,-1.1662e-05,ok,1
BBMSInter,105,199,249,49551,0.00351775,9700.25,40.1172,40.1172,681,0,0,0,0,0,0.003531,0,-1.3254e-05,ok,1
BBMSDppInstant,105,199,249,49551,0.00952076,9700.25,40.1172,40.1172,2672,0,0,0,0,0,0,0.009533,-1.224e-05,ok,1
BBMSDppStepwise,105,199,249,49551,0.010576,9700.25,40.1172,40.1172,2576,0,0,0,0,0,0.010588,0,-1.2013e-05,ok,1
DijkstraPrims,105,199,249,49551,0.00465116,9700.25,40.1172,40.1172,368,0,0,0,0,0,0.004664,0,-1.284e-05,ok,1
BBMSCore,105,199,249,49551,0.0124073,9700.25,40.1172,40.1172,294,0,0,0,0,0,0.0122,0.000218,-1.0731e-05,ok,2
BBMSInter,105,199,249,49551,0.00342102,9700.25,40.1172,40.1172,681,0,0,0,0,0,0.003431,0,-9.983e-06,ok,2
BBMSDppInstant,105,199,249,49551,0.00937919,9700.25,40.1172,40.1172,2672,0,0,0,0,1,0.009381,0,-1.813e-06,ok,2
BBMSDppStepwise,105,199,249,49551,0.010274,9700.25,40.1172,40.1172,2576,0,0,0,0,0,0,0.010284,-9.993e-06,ok,2
DijkstraPrims,105,199,249,49551,0.0045932,9700.25,40.1172,40.1172,368,0,0,0,0,0,0.004221,0.000384,-1.1797e-05,ok,2
BBMSCore,106,199,455,90545,0.0704513,10156.3,40.1211,40.1211,536,0,0,0,0,0,0.070466,0,-1.4667e-05,ok,0
BBMSInter,106,199,455,90545,0.00562612,10156.3,40.1211,40.1211,1243,0,0,0,0,0,0.005639,0,-1.2885e-05,ok,0
BBMSDppInstant,106,199,455,90545,0.0163511,10156.3,40.1211,40.1211,4803,0,0,0,0,0,0.016362,0,-1.0904e-05,ok,0
BBMSDppStepwise,106,199,455,90545,0.0178244,10156.3,40.1211,40.1211,4667,0,0,0,0,1,0.017829,0,-4.577e-06,ok,0
DijkstraPrims,106,199,455,90545,0.00462351,10156.3,40.1211,40.1211,374,0,0,0,0,0,0.004634,0,-1.0494e-05,ok,0
BBMSCore,106,199,455,90545,0.0702352,10156.3,40.1211,40.1211,536,0,0,0,0,0,0.070246,0,-1.0766e-05,ok,1
BBMSInter,106,199,455,90545,0.00547989,10156.3,40.1211,40.1211,1243,0,0,0,0,0,0,0.005489,-9.108e-06,ok,1
BBMSDppInstant,106,199,455,90545,0.016095,10156.3,40.1211,40.1211,4803,0,0,0,0,0,0.016106,0,-1.1009e-05,ok,1
BBMSDppStepwise,106,199,455,90545,0.0175574,10156.3,40.1211,40.1211,4667,0,0,0,0,0,0.017569,0,-1.1553e-05,ok,1
DijkstraPrims,106,199,455,90545,0.00467189,10156.3,40.1211,40.1211,374,0,0,0,0,0,0.004684,0,-1.2108e-05,ok,1
BBMSCore,106,199,455,90545,0.0703233,10156.3,40.1211,40.1211,536,0,0,0,0,0,0.070336,0,-1.2745e-05,ok,2
BBMSInter,106,199,455,90545,0.00554766,10156.3,40.1211,40.1211,1243,0,0,0,0,0,0.005559,0,-1.1344e-05,ok,2
BBMSDppInstant,106,199,455,90545,0.0166063,10156.3,40.1211,40.1211,4803,0,0,0,0,0,0.006488,0.010131,-1.2665e-05,ok,2
BBMSDppStepwise,106,199,455,90545,0.0176191,10156.3,40.125,40.125,4667,0,0,0,0,0,0.017632,0,-1.2938e-05,ok,2
DijkstraPrims,106,199,455,90545,0.00470896,10156.3,40.125,40.125,374,0,0,0,0,1,0.004713,0,-4.044e-06,ok,2
BBMSCore,107,199,20006,3981194,83.6264,1.49739e+06,40.125,95.6055,23664,0,0,0,0,295,83.5946,0.029999,0.00177656,ok,0
BBMSInter,107,199,20006,3981194,9.19925,1.49739e+06,40.1289,217.168,54767,0,0,0,0,38,9.13859,0.060424,0.000245661,ok,0
BBMSDppInstant,107,199,20006,3981194,2.57274,1.49739e+06,40.1289,810.137,208229,0,0,0,0,9,2.29302,0.279637,7.5773e-05,ok,0
BBMSDppStepwise,107,199,20006,3981194,3.98234,1.49739e+06,40.1289,793.992,203169,0,0,0,0,14,3.72182,0.260404,0.000116159,ok,0
DijkstraPrims,107,199,20006,3981194,0.325467,1.49739e+06,40.1328,81.4961,25354,0,0,0,0,0,0.275567,0.049915,-1.4624e-05,ok,0
BBMSCore,107,199,20006,3981194,83.6363,1.49739e+06,40.1328,95.6016,23664,0,0,0,0,275,83.6232,0.010479,0.00257551,ok,1
BBMSInter,107,199,20006,3981194,9.19737,1.49739e+06,40.1328,217.145,54767,0,0,0,0,36,9.12744,0.069711,0.000212318,ok,1
BBMSDppInstant,107,199,20006,3981194,2.57185,1.49739e+06,40.1328,810.203,208229,0,0,0,0,10,2.36137,0.210406,7.6836e-05,ok,1
BBMSDppStepwise,107,199,20006,3981194,3.98341,1.49739e+06,40.1328,794.008,203169,0,0,0,0,13,3.82289,0.160363,0.000154785,ok,1
DijkstraPrims,107,199,20006,3981194,0.330614,1.49739e+06,40.1328,81.5195,25354,0,0,0,0,1,0.290587,0.039846,0.000181013,ok,1
BBMSCore,107,199,20006,3981194,83.6252,1.49739e+06,40.1328,95.6055,23664,0,0,0,0,318,83.5775,0.039995,0.00770947,ok,2
BBMSInter,107,199,20006,3981194,9.18478,1.49739e+06,40.1328,217.156,54767,0,0,0,0,41,9.10405,0.080442,0.000292206,ok,2
BBMSDppInstant,107,199,20006,3981194,2.5682,1.49739e+06,40.1328,810.199,208229,0,0,0,0,13,2.34792,0.220148,0.000132605,ok,2
BBMSDppStepwise,107,199,20006,3981194,3.99885,1.49739e+06,40.1328,794,203169,0,0,0,0,13,3.68925,0.309463,0.000137354,ok,2
DijkstraPrims,107,199,20006,3981194,0.321078,1.49739e+06,40.1328,81.5156,25354,0,0,0,0,0,0.310983,0.010111,-1.6196e-05,ok,2
BBMSCore,108,199,1899,377901,0.179292,2.08682e+07,40.1367,40.1367,2238,0,0,0,0,0,0.169179,0.010125,-1.2384e-05,ok,0
BBMSInter,108,199,1899,377901,0.0498043,2.08682e+07,40.1367,40.1367,5190,0,0,0,0,1,0.049806,0,-1.71e-06,ok,0
BBMSDppInstant,108,199,1899,377901,0.0834886,2.08682e+07,40.1367,86.3711,21201,0,0,0,0,0,0.043894,0.039608,-1.3388e-05,ok,0
BBMSDppStepwise,108,199,1899,377901,0.0973676,2.08682e+07,40.1367,81.2969,19917,0,0,0,0,1,0.057004,0.040368,-4.352e-06,ok,0
DijkstraPrims,108,199,1899,377901,0.0718112,2.08682e+07,40.1367,40.1367,5688,0,0,0,0,0,0.071823,0,-1.1769e-05,ok,0
BBMSCore,108,199,1899,377901,0.179891,2.08682e+07,40.1367,40.1367,2238,0,0,0,0,0,0.179906,0,-1.4543e-05,ok,1
BBMSInter,108,199,1899,377901,0.0439445,2.08682e+07,40.1367,40.1367,5190,0,0,0,0,0,0.043956,0,-1.1459e-05,ok,1
BBMSDppInstant,108,199,1899,377901,0.083322,2.08682e+07,40.1367,86.3555,21201,0,0,0,0,0,0.063527,0.019807,-1.2043e-05,ok,1
BBMSDppStepwise,108,199,1899,377901,0.0970705,2.08682e+07,40.1367,81.293,19917,0,0,0,0,1,0.076926,0.020138,6.514e-06,ok,1
DijkstraPrims,108,199,1899,377901,0.0720901,2.08682e+07,40.1367,40.1367,5688,0,0,0,0,0,0.072103,0,-1.2855e-05,ok,1
BBMSCore,108,199,1899,377901,0.179501,2.08682e+07,40.1367,40.1367,2238,0,0,0,0,0,0.179515,0,-1.3581e-05,ok,2
BBMSInter,108,199,1899,377901,0.044055,2.08682e+07,40.1367,40.1367,5190,0,0,0,0,0,0.033209,0.010858,-1.2035e-05,ok,2
BBMSDppInstant,108,199,1899,377901,0.0830081,2.08682e+07,40.1367,86.3516,21201,0,0,0,0,1,0.062244,0.020764,8.2e-08,ok,2
BBMSDppStepwise,108,199,1899,377901,0.0975056,2.08682e+07,40.1367,81.2656,19917,0,0,0,0,0,0.077189,0.020328,-1.1404e-05,ok,2
DijkstraPrims,108,199,1899,377901,0.0718959,2.08682e+07,40.1406,40.1406,5688,0,0,0,0,0,0.062063,0.009844,-1.1145e-05,ok,2
BBMSCore,109,199,63,12537,0.00298696,17124.1,40.1406,40.1406,76,0,0,0,0,0,0.002537,0.000461,-1.1036e-05,ok,0
BBMSInter,109,199,63,12537,0.000645597,17124.1,40.1445,40.1445,174,0,0,0,0,0,0.000606,5e-05,-1.0403e-05,ok,0
BBMSDppInstant,109,199,63,12537,0.00223026,17124.1,40.1445,40.1445,673,0,0,0,0,0,0,0.00224,-9.74e-06,ok,0
BBMSDppStepwise,109,199,63,12537,0.00245454,17124.1,40.1445,40.1445,650,0,0,0,0,0,0,0.002466,-1.1455e-05,ok,0
DijkstraPrims,109,199,63,12537,0.00160356,17124.1,40.1445,40.1445,140,0,0,0,0,0,0.001615,0,-1.1443e-05,ok,0
BBMSCore,109,199,63,12537,0.00297562,17124.1,40.1445,40.1445,76,0,0,0,0,0,0.002986,0,-1.0385e-05,ok,1
BBMSInter,109,199,63,12537,0.000649468,17124.1,40.1445,40.1445,174,0,0,0,0,0,0.000507,0.000152,-9.532e-06,ok,1
BBMSDppInstant,109,199,63,12537,0.00226771,17124.1,40.1445,40.1445,673,0,0,0,0,0,0,0.002279,-1.1293e-05,ok,1
BBMSDppStepwise,109,199,63,12537,0.0025199,17124.1,40.1445,40.1445,650,0,0,0,0,0,0.002529,0,-9.099e-06,ok,1
DijkstraPrims,109,199,63,12537,0.00159707,17124.1,40.1445,40.1445,140,0,0,0,0,0,0.001608,0,-1.0932e-05,ok,1
BBMSCore,109,199,63,12537,0.00300098,17124.1,40.1445,40.1445,76,0,0,0,0,0,0.003011,0,-1.0015e-05,ok,2
BBMSInter,109,199,63,12537,0.000666252,17124.1,40.1445,40.1445,174,0,0,0,0,0,0.000678,0,-1.1748e-05,ok,2
BBMSDppInstant,109,199,63,12537,0.00219298,17124.1,40.1445,40.1445,673,0,0,0,0,0,0.002204,0,-1.1018e-05,ok,2
BBMSDppStepwise,109,199,63,12537,0.00257097,17124.1,40.1445,40.1445,650,0,0,0,0,0,0.002584,0,-1.303e-05,ok,2
DijkstraPrims,109,199,63,12537,0.00161715,17124.1,40.1445,40.1445,140,0,0,0,0,0,0.001504,0.000125,-1.1848e-05,ok,2
BBMSCore,110,199,2142,426258,0.382188,18974.3,40.1484,40.1484,2522,0,0,0,0,1,0.382188,0,4.04e-07,ok,0
BBMSInter,110,199,2142,426258,0.0379031,18974.3,40.1484,40.1484,5852,0,0,0,0,0,0.028265,0.009651,-1.2882e-05,ok,0
BBMSDppInstant,110,199,2142,426258,0.090936,18974.3,40.1484,93.8203,23121,0,0,0,0,0,0.049866,0.041085,-1.4964e-05,ok,0
BBMSDppStepwise,110,199,2142,426258,0.105543,18974.3,40.1484,89.2305,21988,0,0,0,0,0,0.105558,0,-1.5014e-05,ok,0
DijkstraPrims,110,199,2142,426258,0.0706579,18974.3,40.1484,40.1484,5843,0,0,0,0,0,0.070672,0,-1.4145e-05,ok,0
BBMSCore,110,199,2142,426258,0.383892,18974.3,40.1484,40.1484,2522,0,0,0,0,1,0.383588,0.000313,-8.506e-06,ok,1
BBMSInter,110,199,2142,426258,0.0376068,18974.3,40.1484,40.1484,5852,0,0,0,0,0,0.028068,0.009551,-1.2162e-05,ok,1
BBMSDppInstant,110,199,2142,426258,0.0903866,18974.3,40.1484,93.8047,23121,0,0,0,0,0,0.041276,0.049123,-1.2376e-05,ok,1
BBMSDppStepwise,110,199,2142,426258,0.102956,18974.3,40.1484,89.4766,21988,0,0,0,0,0,0.082974,0.019995,-1.252e-05,ok,1
DijkstraPrims,110,199,2142,426258,0.0685591,18974.3,40.1523,40.1523,5843,0,0,0,0,0,0.068572,0,-1.2941e-05,ok,1
BBMSCore,110,199,2142,426258,0.381167,18974.3,40.1523,40.1523,2522,0,0,0,0,1,0.381165,0,2.027e-06,ok,2
BBMSInter,110,199,2142,426258,0.0372435,18974.3,40.1523,40.1523,5852,0,0,0,0,0,0.027083,0.010172,-1.1484e-05,ok,2
BBMSDppInstant,110,199,2142,426258,0.0894951,18974.3,40.1523,93.8086,23121,0,0,0,0,0,0.069943,0.019564,-1.186e-05,ok,2
BBMSDppStepwise,110,199,2142,426258,0.103395,18974.3,40.1523,89.4688,21988,0,0,0,0,0,0.093374,0.010034,-1.2893e-05,ok,2
DijkstraPrims,110,199,2142,426258,0.0682215,18974.3,40.1523,40.1523,5843,0,0,0,0,1,0.058494,0.009716,1.151e-05,ok,2
BBMSCore,111,223,154,34342,0.0231403,12245.3,40.1562,40.1562,204,0,0,0,0,0,0.022897,0.000254,-1.0733e-05,ok,0
BBMSInter,111,223,154,34342,0.00303373,12245.3,40.1562,40.1562,472,0,0,0,0,0,0.00281,0.000234,-1.027e-05,ok,0
BBMSDppInstant,111,223,154,34342,0.00575479,12245.3,40.1602,40.1602,1808,0,0,0,0,0,0,0.005764,-9.215e-06,ok,0
BBMSDppStepwise,111,223,154,34342,0.0061532,12245.3,40.1602,40.1602,1756,0,0,0,0,0,0.006163,0,-9.797e-06,ok,0
DijkstraPrims,111,223,154,34342,0.00238639,12245.3,40.1602,40.1602,180,0,0,0,0,0,0.002396,0,-9.609e-06,ok,0
BBMSCore,111,223,154,34342,0.0231574,12245.3,40.1602,40.1602,204,0,0,0,0,0,0.023167,0,-9.633e-06,ok,1
BBMSInter,111,223,154,34342,0.00305753,12245.3,40.1602,40.1602,472,0,0,0,0,0,0.003067,0,-9.474e-06,ok,1
BBMSDppInstant,111,223,154,34342,0.00573454,12245.3,40.1602,40.1602,1808,0,0,0,0,0,0.005302,0.000442,-9.455e-06,ok,1
BBMSDppStepwise,111,223,154,34342,0.00606716,12245.3,40.1602,40.1602,1756,0,0,0,0,0,0.005609,0.000468,-9.841e-06,ok,1
DijkstraPrims,111,223,154,34342,0.00237103,12245.3,40.1602,40.1602,180,0,0,0,0,0,0.00238,0,-8.969e-06,ok,1
BBMSCore,111,223,154,34342,0.0231566,12245.3,40.1602,40.1602,204,0,0,0,0,0,0.022913,0.000253,-9.443e-06,ok,2
BBMSInter,111,223,154,34342,0.00303515,12245.3,40.1602,40.1602,472,0,0,0,0,0,0.003044,0,-8.845e-06,ok,2
BBMSDppInstant,111,223,154,34342,0.00579898,12245.3,40.1602,40.1602,1808,0,0,0,0,0,0.005809,0,-1.0023e-05,ok,2
BBMSDppStepwise,111,223,154,34342,0.00616003,12245.3,40.1602,40.1602,1756,0,0,0,0,0,0,0.006171,-1.0974e-05,ok,2
DijkstraPrims,111,223,154,34342,0.0023709,12245.3,40.1602,40.1602,180,0,0,0,0,0,0.00238,0,-9.104e-06,ok,2
BBMSCore,112,223,1128,251544,0.313936,19067.9,40.1641,40.1641,1491,0,0,0,0,0,0.313952,0,-1.5918e-05,ok,0
BBMSInter,112,223,1128,251544,0.0107714,19067.9,40.1641,40.1641,3457,0,0,0,0,0,0.000897,0.009886,-1.1593e-05,ok,0
BBMSDppInstant,112,223,1128,251544,0.0439871,19067.9,40.1641,54.6094,13063,0,0,0,0,0,0.033977,0.010025,-1.488e-05,ok,0
BBMSDppStepwise,112,223,1128,251544,0.0471973,19067.9,40.1641,53.2422,12684,0,0,0,0,0,0.047211,0,-1.3707e-05,ok,0
DijkstraPrims,112,223,1128,251544,0.0106036,19067.9,40.1641,40.1641,944,0,0,0,0,0,0.010616,0,-1.2369e-05,ok,0
BBMSCore,112,223,1128,251544,0.31353,19067.9,40.1641,40.1641,1491,0,0,0,0,0,0.313545,0,-1.4901e-05,ok,1
BBMSInter,112,223,1128,251544,0.0107855,19067.9,40.1641,40.1641,3457,0,0,0,0,0,0.010796,0,-1.055e-05,ok,1
BBMSDppInstant,112,223,1128,251544,0.043141,19067.9,40.1641,54.6211,13063,0,0,0,0,0,0.013065,0.030089,-1.2987e-05,ok,1
BBMSDppStepwise,112,223,1128,251544,0.047063,19067.9,40.1641,53.2383,12684,0,0,0,0,0,0.018241,0.028836,-1.3958e-05,ok,1
DijkstraPrims,112,223,1128,251544,0.0107035,19067.9,40.1641,40.1641,944,0,0,0,0,0,0.010718,0,-1.4525e-05,ok,1
BBMSCore,112,223,1128,251544,0.314173,19067.9,40.1641,40.1641,1491,0,0,0,0,1,0.314178,0,-4.861e-06,ok,2
BBMSInter,112,223,1128,251544,0.0111228,19067.9,40.1641,40.1641,3457,0,0,0,0,0,0.011137,0,-1.4216e-05,ok,2
BBMSDppInstant,112,223,1128,251544,0.044856,19067.9,40.1641,54.5977,13063,0,0,0,0,0,0.024737,0.020131,-1.2034e-05,ok,2
BBMSDppStepwise,112,223,1128,251544,0.0477099,19067.9,40.1641,53.2617,12684,0,0,0,0,0,0.028308,0.019415,-1.3076e-05,ok,2
DijkstraPrims,112,223,1128,251544,0.0105608,19067.9,40.1641,40.1641,944,0,0,0,0,0,0.010572,0,-1.1228e-05,ok,2
BBMSCore,113,223,1191,265593,0.304857,15774.7,40.168,40.168,1574,0,0,0,0,2,0.304847,0,9.612e-06,ok,0
BBMSInter,113,223,1191,265593,0.027175,15774.7,40.168,40.168,3649,0,0,0,0,0,0.017226,0.00996,-1.0997e-05,ok,0
BBMSDppInstant,113,223,1191,265593,0.0523507,15774.7,40.168,61.3398,14833,0,0,0,0,0,0.052363,0,-1.2293e-05,ok,0
BBMSDppStepwise,113,223,1191,265593,0.0652873,15774.7,40.1719,57.2383,13707,0,0,0,0,0,0.055841,0.009458,-1.1672e-05,ok,0
DijkstraPrims,113,223,1191,265593,0.0135426,15774.7,40.1719,40.1719,1439,0,0,0,0,0,0.003517,0.010036,-1.0417e-05,ok,0
BBMSCore,113,223,1191,265593,0.304941,15774.7,40.1719,40.1719,1574,0,0,0,0,0,0.304956,0,-1.5233e-05,ok,1
BBMSInter,113,223,1191,265593,0.0272771,15774.7,40.1719,40.1719,3649,0,0,0,0,0,0.017775,0.009511,-8.908e-06,ok,1
BBMSDppInstant,113,223,1191,265593,0.0545808,15774.7,40.1719,61.3516,14833,0,0,0,0,0,0.034433,0.020158,-1.0213e-05,ok,1
BBMSDppStepwise,113,223,1191,265593,0.0649534,15774.7,40.1719,57.25,13707,0,0,0,0,1,0.036178,0.028776,-5.69e-07,ok,1
DijkstraPrims,113,223,1191,265593,0.0137008,15774.7,40.1719,40.1719,1439,0,0,0,0,0,0.013713,0,-1.2193e-05,ok,1
BBMSCore,113,223,1191,265593,0.305275,15774.7,40.1719,40.1719,1574,0,0,0,0,1,0.305282,0,-6.784e-06,ok,2
BBMSInter,113,223,1191,265593,0.0274089,15774.7,40.1719,40.1719,3649,0,0,0,0,0,0.017126,0.010293,-1.0102e-05,ok,2
BBMSDppInstant,113,223,1191,265593,0.0524208,15774.7,40.1719,61.3516,14833,0,0,0,0,0,0.03246,0.019972,-1.1199e-05,ok,2
BBMSDppStepwise,113,223,1191,265593,0.0651361,15774.7,40.1719,57.2344,13707,0,0,0,0,0,0.054693,0.010456,-1.2907e-05,ok,2
DijkstraPrims,113,223,1191,265593,0.0135547,15774.7,40.1758,40.1758,1439,0,0,0,0,0,0.003542,0.010025,-1.2329e-05,ok,2
BBMSCore,114,223,185,41255,0.0171361,23153.4,40.1797,40.1797,245,0,0,0,0,0,0.006859,0.010289,-1.1898e-05,ok,0
BBMSInter,114,223,185,41255,0.0019999,23153.4,40.1797,40.1797,568,0,0,0,0,0,0.002011,0,-1.1099e-05,ok,0
BBMSDppInstant,114,223,185,41255,0.00725891,23153.4,40.1797,40.1797,2271,0,0,0,0,0,0.00727,0,-1.109e-05,ok,0
BBMSDppStepwise,114,223,185,41255,0.00904046,23153.4,40.1797,40.1797,2133,0,0,0,0,0,0.008355,0.000696,-1.054e-05,ok,0
DijkstraPrims,114,223,185,41255,0.00361825,23153.4,40.1797,40.1797,317,0,0,0,0,0,0.003629,0,-1.0746e-05,ok,0
BBMSCore,114,223,185,41255,0.017151,23153.4,40.1797,40.1797,245,0,0,0,0,0,0.017161,0,-1.005e-05,ok,1
BBMSInter,114,223,185,41255,0.00200583,23153.4,40.1797,40.1797,568,0,0,0,0,0,0.002016,0,-1.0172e-05,ok,1
BBMSDppInstant,114,223,185,41255,0.0073329,23153.4,40.1797,40.1797,2271,0,0,0,0,0,0.007345,0,-1.2095e-05,ok,1
BBMSDppStepwise,114,223,185,41255,0.0086262,23153.4,40.1797,40.1797,2133,0,0,0,0,0,0.007972,0.000664,-9.795e-06,ok,1
DijkstraPrims,114,223,185,41255,0.00366323,23153.4,40.1797,40.1797,317,0,0,0,0,0,0.003677,0,-1.3774e-05,ok,1
BBMSCore,114,223,185,41255,0.0171319,23153.4,40.1797,40.1797,245,0,0,0,0,0,0.017142,0,-1.0089e-05,ok,2
BBMSInter,114,223,185,41255,0.00201431,23153.4,40.1797,40.1797,568,0,0,0,0,0,0.001869,0.000156,-1.0694e-05,ok,2
BBMSDppInstant,114,223,185,41255,0.00720525,23153.4,40.1797,40.1797,2271,0,0,0,0,0,0.007215,0,-9.749e-06,ok,2
BBMSDppStepwise,114,223,185,41255,0.00889015,23153.4,40.1797,40.1797,2133,0,0,0,0,0,0.008902,0,-1.1853e-05,ok,2
DijkstraPrims,114,223,185,41255,0.00367376,23153.4,40.1797,40.1797,317,0,0,0,0,0,0.003685,0,-1.1236e-05,ok,2
BBMSCore,115,223,313,69799,0.0185491,26409.5,40.1836,40.1836,414,0,0,0,0,0,0.018563,0,-1.3877e-05,ok,0
BBMSInter,115,223,313,69799,0.00468962,26409.5,40.1836,40.1836,960,0,0,0,0,0,0.004702,0,-1.2376e-05,ok,0
BBMSDppInstant,115,223,313,69799,0.0138964,26409.5,40.1836,40.1836,3897,0,0,0,0,0,0.013909,0,-1.2552e-05,ok,0
BBMSDppStepwise,115,223,313,69799,0.0156075,26409.5,40.1836,40.1836,3671,0,0,0,0,0,0.015203,0.000415,-1.0531e-05,ok,0
DijkstraPrims,115,223,313,69799,0.0075253,26409.5,40.1875,40.1875,660,0,0,0,0,0,0.007536,0,-1.0702e-05,ok,0
BBMSCore,115,223,313,69799,0.0184808,26409.5,40.1875,40.1875,414,0,0,0,0,0,0.018491,0,-1.0159e-05,ok,1
BBMSInter,115,223,313,69799,0.00445298,26409.5,40.1875,40.1875,960,0,0,0,0,0,0.004118,0.000344,-9.023e-06,ok,1
BBMSDppInstant,115,223,313,69799,0.0137054,26409.5,40.1875,40.1875,3897,0,0,0,0,0,0.003656,0.01006,-1.0598e-05,ok,1
BBMSDppStepwise,115,223,313,69799,0.015821,26409.5,40.1875,40.1875,3671,0,0,0,0,0,0.006313,0.009519,-1.1011e-05,ok,1
DijkstraPrims,115,223,313,69799,0.00753625,26409.5,40.1875,40.1875,660,0,0,0,0,0,0.006967,0.00058,-1.0749e-05,ok,1
BBMSCore,115,223,313,69799,0.0185257,26409.5,40.1875,40.1875,414,0,0,0,0,1,0.01853,0,-4.29e-06,ok,2
BBMSInter,115,223,313,69799,0.00446435,26409.5,40.1875,40.1875,960,0,0,0,0,0,0.004475,0,-1.0653e-05,ok,2
BBMSDppInstant,115,223,313,69799,0.0136884,26409.5,40.1875,40.1875,3897,0,0,0,0,0,0,0.013699,-1.0551e-05,ok,2
BBMSDppStepwise,115,223,313,69799,0.0155936,26409.5,40.1875,40.1875,3671,0,0,0,0,0,0.005389,0.010216,-1.1378e-05,ok,2
DijkstraPrims,115,223,313,69799,0.00760719,26409.5,40.1875,40.1875,660,0,0,0,0,0,0.00762,0,-1.2811e-05,ok,2
BBMSCore,116,223,1380,307740,0.19083,24019.7,40.1914,40.1914,1823,0,0,0,0,1,0.190834,0,-3.996e-06,ok,0
BBMSInter,116,223,1380,307740,0.0283371,24019.7,40.1914,40.1914,4227,0,0,0,0,0,0.028348,0,-1.0888e-05,ok,0
BBMSDppInstant,116,223,1380,307740,0.0673406,24019.7,40.1914,69.6602,17008,0,0,0,0,0,0.02625,0.041102,-1.137e-05,ok,0
BBMSDppStepwise,116,223,1380,307740,0.0881461,24019.7,40.1914,65.9844,16002,0,0,0,0,0,0.058634,0.029524,-1.1906e-05,ok,0
DijkstraPrims,116,223,1380,307740,0.0491469,24019.7,40.1914,40.1914,3732,0,0,0,0,0,0.049159,0,-1.2109e-05,ok,0
BBMSCore,116,223,1380,307740,0.191189,24019.7,40.1914,40.1914,1823,0,0,0,0,0,0.191187,0,1.511e-06,ok,1
BBMSInter,116,223,1380,307740,0.0284294,24019.7,40.1914,40.1914,4227,0,0,0,0,0,0.018669,0.009772,-1.1589e-05,ok,1
BBMSDppInstant,116,223,1380,307740,0.0666436,24019.7,40.1914,69.6641,17008,0,0,0,0,1,0.027726,0.038909,8.565e-06,ok,1
BBMSDppStepwise,116,223,1380,307740,0.0871259,24019.7,40.1914,65.9961,16002,0,0,0,0,0,0.076894,0.010243,-1.1088e-05,ok,1
DijkstraPrims,116,223,1380,307740,0.0485908,24019.7,40.1914,40.1914,3732,0,0,0,0,0,0.038228,0.010373,-1.0183e-05,ok,1
BBMSCore,116,223,1380,307740,0.190709,24019.7,40.1914,40.1914,1823,0,0,0,0,1,0.180763,0.009951,-4.809e-06,ok,2
BBMSInter,116,223,1380,307740,0.0283533,24019.7,40.1914,40.1914,4227,0,0,0,0,0,0.017946,0.010417,-9.702e-06,ok,2
BBMSDppInstant,116,223,1380,307740,0.0672423,24019.7,40.1914,69.6641,17008,0,0,0,0,0,0.047734,0.01952,-1.1672e-05,ok,2
BBMSDppStepwise,116,223,1380,307740,0.0877016,24019.7,40.1914,65.9922,16002,0,0,0,0,1,0.05832,0.029378,3.6e-06,ok,2
DijkstraPrims,116,223,1380,307740,0.0483791,24019.7,40.1914,40.1914,3732,0,0,0,0,0,0.048391,0,-1.1903e-05,ok,2
BBMSCore,117,223,1118,249314,0.380931,114783,40.1953,40.1953,1478,0,0,0,0,2,0.380769,0,0.000162332,ok,0
BBMSInter,117,223,1118,249314,0.0281565,114783,40.1953,40.1953,3426,0,0,0,0,0,0.018372,0.009795,-1.0452e-05,ok,0
BBMSDppInstant,117,223,1118,249314,0.0426594,114783,40.1953,54.9922,13148,0,0,0,0,0,0.04267,0,-1.0561e-05,ok,0
BBMSDppStepwise,117,223,1118,249314,0.0574353,114783,40.1953,54.1211,12899,0,0,0,0,0,0.047761,0.009688,-1.3674e-05,ok,0
DijkstraPrims,117,223,1118,249314,0.00342438,114783,40.1992,40.1992,350,0,0,0,0,0,0.003439,0,-1.4622e-05,ok,0
BBMSCore,117,223,1118,249314,0.381065,114783,40.1992,40.1992,1478,0,0,0,0,2,0.361074,0.01998,1.098e-05,ok,1
BBMSInter,117,223,1118,249314,0.0274351,114783,40.2031,40.2031,3426,0,0,0,0,0,0.027447,0,-1.1862e-05,ok,1
BBMSDppInstant,117,223,1118,249314,0.0431973,114783,40.2031,54.7461,13148,0,0,0,0,0,0.043208,0,-1.0727e-05,ok,1
BBMSDppStepwise,117,223,1118,249314,0.0552236,114783,40.2031,54.125,12899,0,0,0,0,0,0.034769,0.020467,-1.2388e-05,ok,1
DijkstraPrims,117,223,1118,249314,0.00339227,114783,40.2031,40.2031,350,0,0,0,0,0,0.003403,0,-1.0731e-05,ok,1
BBMSCore,117,223,1118,249314,0.3807,114783,40.2031,40.2031,1478,0,0,0,0,0,0.380639,7.5e-05,-1.4268e-05,ok,2
BBMSInter,117,223,1118,249314,0.027587,114783,40.2031,40.2031,3426,0,0,0,0,0,0.027598,0,-1.1019e-05,ok,2
BBMSDppInstant,117,223,1118,249314,0.043318,114783,40.2031,54.9961,13148,0,0,0,0,0,0.033171,0.010157,-9.986e-06,ok,2
BBMSDppStepwise,117,223,1118,249314,0.0556424,114783,40.2031,53.8672,12899,0,0,0,0,1,0.055638,0,4.359e-06,ok,2
DijkstraPrims,117,223,1118,249314,0.00341777,114783,40.2031,40.2031,350,0,0,0,0,0,0.003431,0,-1.3232e-05,ok,2
BBMSCore,118,223,58,12934,0.0054626,10314.7,40.207,40.207,78,0,0,0,0,0,0.005472,0,-9.398e-06,ok,0
BBMSInter,118,223,58,12934,0.000674435,10314.7,40.207,40.207,179,0,0,0,0,0,0.000685,0,-1.0565e-05,ok,0
BBMSDppInstant,118,223,58,12934,0.00205814,10314.7,40.207,40.207,664,0,0,0,0,0,0.002069,0,-1.0857e-05,ok,0
BBMSDppStepwise,118,223,58,12934,0.00197748,10314.7,40.207,40.207,660,0,0,0,0,0,0.001986,0,-8.521e-06,ok,0
DijkstraPrims,118,223,58,12934,0.000147911,10314.7,40.207,40.207,13,0,0,0,0,0,0.000157,0,-9.089e-06,ok,0
BBMSCore,118,223,58,12934,0.0054636,10314.7,40.207,40.207,78,0,0,0,0,0,0.005473,0,-9.399e-06,ok,1
BBMSInter,118,223,58,12934,0.000665152,10314.7,40.207,40.207,179,0,0,0,0,0,0.000674,0,-8.848e-06,ok,1
BBMSDppInstant,118,223,58,12934,0.00197568,10314.7,40.207,40.207,664,0,0,0,0,0,0.001986,0,-1.0316e-05,ok,1
BBMSDppStepwise,118,223,58,12934,0.00199649,10314.7,40.207,40.207,660,0,0,0,0,0,0.002005,0,-8.51e-06,ok,1
DijkstraPrims,118,223,58,12934,0.000152705,10314.7,40.207,40.207,13,0,0,0,0,0,0.000162,0,-9.295e-06,ok,1
BBMSCore,118,223,58,12934,0.00543154,10314.7,40.207,40.207,78,0,0,0,0,0,0.005441,0,-9.457e-06,ok,2
BBMSInter,118,223,58,12934,0.000651098,10314.7,40.207,40.207,179,0,0,0,0,0,0.000659,0,-7.902e-06,ok,2
BBMSDppInstant,118,223,58,12934,0.00197722,10314.7,40.207,40.207,664,0,0,0,0,0,0.001986,0,-8.777e-06,ok,2
BBMSDppStepwise,118,223,58,12934,0.00198725,10314.7,40.207,40.207,660,0,0,0,0,0,0.001998,0,-1.0754e-05,ok,2
DijkstraPrims,118,223,58,12934,0.000148559,10314.7,40.207,40.207,13,0,0,0,0,0,0.000157,0,-8.441e-06,ok,2
BBMSCore,119,223,1917,427491,0.37896,7706.29,40.2109,40.2109,2528,0,0,0,0,1,0.378966,0,-6.141e-06,ok,0
BBMSInter,119,223,1917,427491,0.0517077,7706.29,40.2109,40.2109,5868,0,0,0,0,1,0.051708,0,-3.31e-07,ok,0
BBMSDppInstant,119,223,1917,427491,0.0968355,7706.29,40.2109,92.9453,22891,0,0,0,0,2,0.057594,0.039224,1.7493e-05,ok,0
BBMSDppStepwise,119,223,1917,427491,0.111145,7706.29,40.2109,89.8281,22124,0,0,0,0,1,0.071033,0.040115,-2.947e-06,ok,0
DijkstraPrims,119,223,1917,427491,0.0132251,7706.29,40.2109,40.2109,935,0,0,0,0,0,0.013237,0,-1.1878e-05,ok,0
BBMSCore,119,223,1917,427491,0.37868,7706.29,40.2109,40.2109,2528,0,0,0,0,0,0.368731,0.009963,-1.3806e-05,ok,1
BBMSInter,119,223,1917,427491,0.0505127,7706.29,40.2109,40.2109,5868,0,0,0,0,0,0.050525,0,-1.2313e-05,ok,1
BBMSDppInstant,119,223,1917,427491,0.0953707,7706.29,40.2148,92.9453,22891,0,0,0,0,0,0.056411,0.038972,-1.2295e-05,ok,1
BBMSDppStepwise,119,223,1917,427491,0.110554,7706.29,40.2148,89.9648,22124,0,0,0,0,0,0.080533,0.030034,-1.3385e-05,ok,1
DijkstraPrims,119,223,1917,427491,0.0131974,7706.29,40.2148,40.2148,935,0,0,0,0,0,0.004141,0.009067,-1.0568e-05,ok,1
BBMSCore,119,223,1917,427491,0.378582,7706.29,40.2148,40.2148,2528,0,0,0,0,3,0.378545,0,3.7103e-05,ok,2
BBMSInter,119,223,1917,427491,0.050991,7706.29,40.2148,40.2148,5868,0,0,0,0,0,0.051002,0,-1.1012e-05,ok,2
BBMSDppInstant,119,223,1917,427491,0.0955109,7706.29,40.2148,92.9219,22891,0,0,0,0,0,0.085295,0.010228,-1.2105e-05,ok,2
BBMSDppStepwise,119,223,1917,427491,0.110995,7706.29,40.2148,89.8945,22124,0,0,0,0,0,0.100987,0.01002,-1.2213e-05,ok,2
DijkstraPrims,119,223,1917,427491,0.0131004,7706.29,40.2148,40.2148,935,0,0,0,0,0,0.012885,0.000225,-9.641e-06,ok,2
BBMSCore,120,223,249,55527,0.0195382,13534.2,40.2188,40.2188,329,0,0,0,0,0,0.019549,0,-1.0812e-05,ok,0
BBMSInter,120,223,249,55527,0.00339579,13534.2,40.2188,40.2188,763,0,0,0,0,0,0.003406,0,-1.0207e-05,ok,0
BBMSDppInstant,120,223,249,55527,0.00929316,13534.2,40.2188,40.2188,2887,0,0,0,0,0,0.009304,0,-1.0838e-05,ok,0
BBMSDppStepwise,120,223,249,55527,0.0104694,13534.2,40.2188,40.2188,2842,0,0,0,0,0,0.010481,0,-1.1586e-05,ok,0
DijkstraPrims,120,223,249,55527,0.00122827,13534.2,40.2188,40.2188,93,0,0,0,0,0,0.001239,0,-1.0727e-05,ok,0
BBMSCore,120,223,249,55527,0.0195948,13534.2,40.2188,40.2188,329,0,0,0,0,0,0.019606,0,-1.1198e-05,ok,1
BBMSInter,120,223,249,55527,0.0034086,13534.2,40.2188,40.2188,763,0,0,0,0,0,0.003419,0,-1.0404e-05,ok,1
BBMSDppInstant,120,223,249,55527,0.00937267,13534.2,40.2188,40.2188,2887,0,0,0,0,0,0,0.009384,-1.1333e-05,ok,1
BBMSDppStepwise,120,223,249,55527,0.0104824,13534.2,40.2188,40.2188,2842,0,0,0,0,0,0.010493,0,-1.0602e-05,ok,1
DijkstraPrims,120,223,249,55527,0.00122258,13534.2,40.2227,40.2227,93,0,0,0,0,0,0.001233,0,-1.0425e-05,ok,1
BBMSCore,120,223,249,55527,0.0195484,13534.2,40.2227,40.2227,329,0,0,0,0,0,0.019559,0,-1.0636e-05,ok,2
BBMSInter,120,223,249,55527,0.00354575,13534.2,40.2227,40.2227,763,0,0,0,0,0,0.003558,0,-1.2248e-05,ok,2
BBMSDppInstant,120,223,249,55527,0.00944763,13534.2,40.2227,40.2227,2887,0,0,0,0,0,0.007277,0.002183,-1.2369e-05,ok,2
BBMSDppStepwise,120,223,249,55527,0.0105581,13534.2,40.2227,40.2227,2842,0,0,0,0,0,0.010569,0,-1.0863e-05,ok,2
DijkstraPrims,120,223,249,55527,0.001211,13534.2,40.2227,40.2227,93,0,0,0,0,0,0.00122,0,-9.004e-06,ok,2
BBMSCore,121,223,455,101465,0.0923727,2486.95,40.2266,40.2266,600,0,0,0,0,1,0.08272,0.009658,-5.287e-06,ok,0
BBMSInter,121,223,455,101465,0.00591922,2486.95,40.2266,40.2266,1393,0,0,0,0,0,0.005929,0,-9.776e-06,ok,0
BBMSDppInstant,121,223,455,101465,0.0167969,2486.95,40.2266,40.2266,5265,0,0,0,0,0,0.007048,0.009759,-1.0086e-05,ok,0
BBMSDppStepwise,121,223,455,101465,0.0179985,2486.95,40.2266,40.2266,5177,0,0,0,0,1,0.008141,0.009859,-1.484e-06,ok,0
DijkstraPrims,121,223,455,101465,0.000798238,2486.95,40.2266,40.2266,71,0,0,0,0,0,0.000809,0,-1.0762e-05,ok,0
BBMSCore,121,223,455,101465,0.0923033,2486.95,40.2266,40.2266,600,0,0,0,0,1,0.092305,0,-1.749e-06,ok,1
BBMSInter,121,223,455,101465,0.00599777,2486.95,40.2266,40.2266,1393,0,0,0,0,0,0.005546,0.000462,-1.0226e-05,ok,1
BBMSDppInstant,121,223,455,101465,0.0166855,2486.95,40.2266,40.2266,5265,0,0,0,0,0,0.006924,0.009771,-9.545e-06,ok,1
BBMSDppStepwise,121,223,455,101465,0.0180304,2486.95,40.2305,40.2305,5177,0,0,0,0,0,0.008196,0.009846,-1.164e-05,ok,1
DijkstraPrims,121,223,455,101465,0.000801689,2486.95,40.2305,40.2305,71,0,0,0,0,0,0.000813,0,-1.1311e-05,ok,1
BBMSCore,121,223,455,101465,0.0922588,2486.95,40.2305,40.2305,600,0,0,0,0,0,0.09227,0,-1.12e-05,ok,2
BBMSInter,121,223,455,101465,0.00595384,2486.95,40.2305,40.2305,1393,0,0,0,0,0,0,0.005964,-1.0156e-05,ok,2
BBMSDppInstant,121,223,455,101465,0.0167337,2486.95,40.2305,40.2305,5265,0,0,0,0,1,0,0.016733,6.61e-07,ok,2
BBMSDppStepwise,121,223,455,101465,0.0179105,2486.95,40.2305,40.2305,5177,0,0,0,0,0,0.008095,0.009825,-9.457e-06,ok,2
DijkstraPrims,121,223,455,101465,0.00079829,2486.95,40.2305,40.2305,71,0,0,0,0,0,0.000809,0,-1.071e-05,ok,2
BBMSCore,122,223,20006,4461338,10.9585,1.50421e+06,40.2344,106.648,26480,0,0,0,0,39,10.9182,0.039986,0.000281562,ok,0
BBMSInter,122,223,20006,4461338,1.29045,1.50421e+06,40.2344,242.797,61334,0,0,0,0,5,1.2004,0.090017,2.8555e-05,ok,0
BBMSDppInstant,122,223,20006,4461338,1.43893,1.50421e+06,40.2344,951.141,243458,0,0,0,0,7,1.17922,0.259643,6.5079e-05,ok,0
BBMSDppStepwise,122,223,20006,4461338,1.69117,1.50421e+06,40.2344,894.93,229015,0,0,0,0,4,1.42123,0.269921,1.9146e-05,ok,0
DijkstraPrims,122,223,20006,4461338,0.53804,1.50421e+06,40.2344,111.426,33088,0,0,0,0,0,0.518108,0.019949,-1.6751e-05,ok,0
BBMSCore,122,223,20006,4461338,10.5844,1.50421e+06,40.2344,106.531,26480,0,0,0,0,40,10.5321,0.050004,0.00220674,ok,1
BBMSInter,122,223,20006,4461338,1.28122,1.50421e+06,40.2344,242.801,61334,0,0,0,0,8,1.19115,0.08997,9.6307e-05,ok,1
BBMSDppInstant,122,223,20006,4461338,1.44077,1.50421e+06,40.2344,950.949,243458,0,0,0,0,5,1.21072,0.230019,3.1819e-05,ok,1
BBMSDppStepwise,122,223,20006,4461338,1.69466,1.50421e+06,40.2344,894.875,229015,0,0,0,0,5,1.38581,0.308829,2.5154e-05,ok,1
DijkstraPrims,122,223,20006,4461338,0.549091,1.50421e+06,40.2344,111.438,33088,0,0,0,0,2,0.519194,0.029889,7.664e-06,ok,1
BBMSCore,122,223,20006,4461338,10.9322,1.50421e+06,40.2344,106.605,26480,0,0,0,0,43,10.8908,0.039996,0.00138524,ok,2
BBMSInter,122,223,20006,4461338,1.28412,1.50421e+06,40.2344,242.789,61334,0,0,0,0,4,1.21385,0.07026,9.553e-06,ok,2
BBMSDppInstant,122,223,20006,4461338,1.4488,1.50421e+06,40.2344,951.121,243458,0,0,0,0,6,1.16919,0.279554,5.6837e-05,ok,2
BBMSDppStepwise,122,223,20006,4461338,1.69624,1.50421e+06,40.2344,894.93,229015,0,0,0,0,10,1.44676,0.249382,9.7897e-05,ok,2
DijkstraPrims,122,223,20006,4461338,0.541684,1.50421e+06,40.2344,111.352,33088,0,0,0,0,3,0.501625,0.040048,1.0766e-05,ok,2
BBMSCore,123,223,1899,423477,0.207067,2.08668e+07,40.2383,40.2383,2505,0,0,0,0,1,0.206958,0,0.000109322,ok,0
BBMSInter,123,223,1899,423477,0.026378,2.08668e+07,40.2383,40.2383,5813,0,0,0,0,0,0.026391,0,-1.3046e-05,ok,0
BBMSDppInstant,123,223,1899,423477,0.10018,2.08668e+07,40.2383,98.0977,24219,0,0,0,0,0,0.070234,0.029959,-1.3147e-05,ok,0
BBMSDppStepwise,123,223,1899,423477,0.122193,2.08668e+07,40.2383,89.6172,22032,0,0,0,0,1,0.083698,0.038495,4.43e-07,ok,0
DijkstraPrims,123,223,1899,423477,0.0804403,2.08668e+07,40.2383,40.2383,6035,0,0,0,0,1,0.080405,3.5e-05,2.9e-07,ok,0
BBMSCore,123,223,1899,423477,0.206751,2.08668e+07,40.2383,40.2383,2505,0,0,0,0,1,0.206757,0,-6.358e-06,ok,1
BBMSInter,123,223,1899,423477,0.0265533,2.08668e+07,40.2383,40.2383,5813,0,0,0,0,0,0.017004,0.009562,-1.2734e-05,ok,1
BBMSDppInstant,123,223,1899,423477,0.097341,2.08668e+07,40.2383,98.1094,24219,0,0,0,0,0,0.077639,0.019714,-1.2018e-05,ok,1
BBMSDppStepwise,123,223,1899,423477,0.12099,2.08668e+07,40.2383,89.6172,22032,0,0,0,0,1,0.100875,0.020115,2.58e-07,ok,1
DijkstraPrims,123,223,1899,423477,0.0807624,2.08668e+07,40.2383,40.2383,6035,0,0,0,0,0,0.070714,0.010063,-1.4595e-05,ok,1
BBMSCore,123,223,1899,423477,0.206977,2.08668e+07,40.2422,40.2422,2505,0,0,0,0,1,0.206981,0,-4.036e-06,ok,2
BBMSInter,123,223,1899,423477,0.0263017,2.08668e+07,40.2422,40.2422,5813,0,0,0,0,0,0.016567,0.009747,-1.2291e-05,ok,2
BBMSDppInstant,123,223,1899,423477,0.0976641,2.08668e+07,40.2422,98.1289,24219,0,0,0,0,0,0.076731,0.020946,-1.295e-05,ok,2
BBMSDppStepwise,123,223,1899,423477,0.120809,2.08668e+07,40.2422,89.6367,22032,0,0,0,0,1,0.09066,0.030149,-2.16e-07,ok,2
DijkstraPrims,123,223,1899,423477,0.0800652,2.08668e+07,40.2461,40.2461,6035,0,0,0,0,0,0.080079,0,-1.3796e-05,ok,2
BBMSCore,124,223,63,14049,0.0045636,12758.3,40.2461,40.2461,85,0,0,0,0,0,0.004575,0,-1.1405e-05,ok,0
BBMSInter,124,223,63,14049,0.000893944,12758.3,40.25,40.25,195,0,0,0,0,0,0.000904,0,-1.0056e-05,ok,0
BBMSDppInstant,124,223,63,14049,0.00248028,12758.3,40.25,40.25,763,0,0,0,0,0,0.002313,0.000178,-1.0718e-05,ok,0
BBMSDppStepwise,124,223,63,14049,0.00273726,12758.3,40.25,40.25,725,0,0,0,0,0,0.002749,0,-1.1741e-05,ok,0
DijkstraPrims,124,223,63,14049,0.00132651,12758.3,40.25,40.25,101,0,0,0,0,0,0.001242,9.6e-05,-1.1487e-05,ok,0
BBMSCore,124,223,63,14049,0.00456533,12758.3,40.25,40.25,85,0,0,0,0,0,0.004576,0,-1.0672e-05,ok,1
BBMSInter,124,223,63,14049,0.000935885,12758.3,40.25,40.25,195,0,0,0,0,0,0,0.000945,-9.115e-06,ok,1
BBMSDppInstant,124,223,63,14049,0.00251239,12758.3,40.25,40.25,763,0,0,0,0,0,0.002523,0,-1.0609e-05,ok,1
BBMSDppStepwise,124,223,63,14049,0.00273317,12758.3,40.25,40.25,725,0,0,0,0,0,0.002744,0,-1.0832e-05,ok,1
DijkstraPrims,124,223,63,14049,0.00134437,12758.3,40.25,40.25,101,0,0,0,0,0,0.001354,0,-9.627e-06,ok,1
BBMSCore,124,223,63,14049,0.00456319,12758.3,40.25,40.25,85,0,0,0,0,0,0.004574,0,-1.0814e-05,ok,2
BBMSInter,124,223,63,14049,0.000913633,12758.3,40.25,40.25,195,0,0,0,0,0,0.000926,0,-1.2367e-05,ok,2
BBMSDppInstant,124,223,63,14049,0.00250488,12758.3,40.25,40.25,763,0,0,0,0,0,0.002516,0,-1.1123e-05,ok,2
BBMSDppStepwise,124,223,63,14049,0.0027083,12758.3,40.25,40.25,725,0,0,0,0,0,0.002719,0,-1.0699e-05,ok,2
DijkstraPrims,124,223,63,14049,0.00131991,12758.3,40.25,40.25,101,0,0,0,0,0,0.001331,0,-1.1091e-05,ok,2
BBMSCore,125,223,2142,477666,0.413087,14714.3,40.2539,40.2539,2823,0,0,0,0,1,0.403089,0.009882,0.000116288,ok,0
BBMSInter,125,223,2142,477666,0.0308135,14714.3,40.2539,40.2539,6555,0,0,0,0,0,0.030827,0,-1.3499e-05,ok,0
BBMSDppInstant,125,223,2142,477666,0.100823,14714.3,40.2539,104.473,25831,0,0,0,0,1,0.040416,0.06041,-3.162e-06,ok,0
BBMSDppStepwise,125,223,2142,477666,0.126113,14714.3,40.2539,99.1523,24494,0,0,0,0,0,0.105607,0.020518,-1.2202e-05,ok,0
DijkstraPrims,125,223,2142,477666,0.0731416,14714.3,40.2539,40.2539,6416,0,0,0,0,0,0.063763,0.00939,-1.1362e-05,ok,0
BBMSCore,125,223,2142,477666,0.414546,14714.3,40.2539,40.2539,2823,0,0,0,0,2,0.414541,0,5.495e-06,ok,1
BBMSInter,125,223,2142,477666,0.0305189,14714.3,40.2539,40.2539,6555,0,0,0,0,0,0.020473,0.010057,-1.1061e-05,ok,1
BBMSDppInstant,125,223,2142,477666,0.100518,14714.3,40.2539,104.504,25831,0,0,0,0,1,0.07142,0.029099,-5.6e-07,ok,1
BBMSDppStepwise,125,223,2142,477666,0.124356,14714.3,40.2539,99.1289,24494,0,0,0,0,1,0.093779,0.030575,1.524e-06,ok,1
DijkstraPrims,125,223,2142,477666,0.0731596,14714.3,40.2539,40.2539,6416,0,0,0,0,0,0.063002,0.01017,-1.2373e-05,ok,1
BBMSCore,125,223,2142,477666,0.41412,14714.3,40.2539,40.2539,2823,0,0,0,0,3,0.414043,6.2e-05,1.4696e-05,ok,2
BBMSInter,125,223,2142,477666,0.0306003,14714.3,40.2578,40.2578,6555,0,0,0,0,0,0.020554,0.010057,-1.0713e-05,ok,2
BBMSDppInstant,125,223,2142,477666,0.101519,14714.3,40.2578,104.465,25831,0,0,0,0,0,0.071245,0.030287,-1.2589e-05,ok,2
BBMSDppStepwise,125,223,2142,477666,0.125023,14714.3,40.2578,99.1562,24494,0,0,0,0,0,0.095753,0.029283,-1.3084e-05,ok,2
DijkstraPrims,125,223,2142,477666,0.0749297,14714.3,40.2578,40.2578,6416,0,0,0,0,0,0.054432,0.020511,-1.333e-05,ok,2
BBMSCore,126,154,1128,173712,0.148975,30770.1,40.2578,40.2578,1035,0,0,0,0,0,0.148989,0,-1.3781e-05,ok,0
BBMSInter,126,154,1128,173712,0.00734213,30770.1,40.2617,40.2617,2392,0,0,0,0,0,0.006864,0.00049,-1.1865e-05,ok,0
BBMSDppInstant,126,154,1128,173712,0.0277859,30770.1,40.2617,40.2617,9090,0,0,0,0,0,0.017893,0.009908,-1.511e-05,ok,0
BBMSDppStepwise,126,154,1128,173712,0.0274124,30770.1,40.2617,40.2617,9067,0,0,0,0,0,0.02692,0.000503,-1.0612e-05,ok,0
DijkstraPrims,126,154,1128,173712,0.00168356,30770.1,40.2617,40.2617,151,0,0,0,0,0,0.001582,0.000113,-1.1443e-05,ok,0
BBMSCore,126,154,1128,173712,0.147806,30770.1,40.2617,40.2617,1035,0,0,0,0,1,0.147808,0,-2.44e-06,ok,1
BBMSInter,126,154,1128,173712,0.00706367,30770.1,40.2617,40.2617,2392,0,0,0,0,0,0.007074,0,-1.0327e-05,ok,1
BBMSDppInstant,126,154,1128,173712,0.0270972,30770.1,40.2617,40.2617,9090,0,0,0,0,0,0.017252,0.009857,-1.1822e-05,ok,1
BBMSDppStepwise,126,154,1128,173712,0.0272712,30770.1,40.2617,40.2617,9067,0,0,0,0,0,0.017341,0.009941,-1.0833e-05,ok,1
DijkstraPrims,126,154,1128,173712,0.00167966,30770.1,40.2617,40.2617,151,0,0,0,0,0,0.001691,0,-1.1341e-05,ok,1
BBMSCore,126,154,1128,173712,0.148598,30770.1,40.2617,40.2617,1035,0,0,0,0,0,0.148611,0,-1.2769e-05,ok,2
BBMSInter,126,154,1128,173712,0.00711173,30770.1,40.2617,40.2617,2392,0,0,0,0,0,0,0.007122,-1.0275e-05,ok,2
BBMSDppInstant,126,154,1128,173712,0.0269317,30770.1,40.2617,40.2617,9090,0,0,0,0,0,0.007242,0.019702,-1.2285e-05,ok,2
BBMSDppStepwise,126,154,1128,173712,0.0276939,30770.1,40.2617,40.2617,9067,0,0,0,0,1,0.007688,0.01984,0.000165857,ok,2
DijkstraPrims,126,154,1128,173712,0.00169959,30770.1,40.2617,40.2617,151,0,0,0,0,0,0,0.00171,-1.0405e-05,ok,2
BBMSCore,127,154,1191,183414,0.236438,27351.5,40.2656,40.2656,1092,0,0,0,0,1,0.236442,0,-4.26e-06,ok,0
BBMSInter,127,154,1191,183414,0.0178096,27351.5,40.2656,40.2656,2525,0,0,0,0,0,0.01782,0,-1.0374e-05,ok,0
BBMSDppInstant,127,154,1191,183414,0.0328901,27351.5,40.2656,41.1367,9574,0,0,0,0,0,0.01348,0.019422,-1.1851e-05,ok,0
BBMSDppStepwise,127,154,1191,183414,0.0345194,27351.5,40.2656,40.7305,9485,0,0,0,0,0,0.013815,0.020718,-1.3613e-05,ok,0
DijkstraPrims,127,154,1191,183414,0.00097369,27351.5,40.2695,40.2695,85,0,0,0,0,0,0.00092,6.6e-05,-1.231e-05,ok,0
BBMSCore,127,154,1191,183414,0.236462,27351.5,40.2695,40.2695,1092,0,0,0,0,1,0.236468,0,-5.513e-06,ok,1
BBMSInter,127,154,1191,183414,0.0178021,27351.5,40.2695,40.2695,2525,0,0,0,0,0,0.017814,0,-1.1859e-05,ok,1
BBMSDppInstant,127,154,1191,183414,0.0330173,27351.5,40.2695,41.1094,9574,0,0,0,0,0,0.022758,0.010271,-1.1718e-05,ok,1
BBMSDppStepwise,127,154,1191,183414,0.0344086,27351.5,40.2695,40.7188,9485,0,0,0,0,0,0.013732,0.02069,-1.3357e-05,ok,1
DijkstraPrims,127,154,1191,183414,0.000984041,27351.5,40.2695,40.2695,85,0,0,0,0,0,0.000995,0,-1.0959e-05,ok,1
BBMSCore,127,154,1191,183414,0.236614,27351.5,40.2695,40.2695,1092,0,0,0,0,1,0.23662,0,-5.998e-06,ok,2
BBMSInter,127,154,1191,183414,0.0179158,27351.5,40.2695,40.2695,2525,0,0,0,0,0,0.017928,0,-1.2247e-05,ok,2
BBMSDppInstant,127,154,1191,183414,0.0327815,27351.5,40.2695,41.1016,9574,0,0,0,0,0,0.022536,0.010258,-1.2488e-05,ok,2
BBMSDppStepwise,127,154,1191,183414,0.0343435,27351.5,40.2734,40.7422,9485,0,0,0,0,0,0.024238,0.010118,-1.2473e-05,ok,2
DijkstraPrims,127,154,1191,183414,0.000968,27351.5,40.2734,40.2734,85,0,0,0,0,0,0.000979,0,-1.1e-05,ok,2
BBMSCore,128,154,185,28490,0.00717492,13453.9,40.2734,40.2734,169,0,0,0,0,0,0.007187,0,-1.2081e-05,ok,0
BBMSInter,128,154,185,28490,0.00148761,13453.9,40.2773,40.2773,392,0,0,0,0,0,0.001497,0,-9.387e-06,ok,0
BBMSDppInstant,128,154,185,28490,0.0049972,13453.9,40.2773,40.2773,1565,0,0,0,0,0,0.005008,0,-1.0797e-05,ok,0
BBMSDppStepwise,128,154,185,28490,0.00576507,13453.9,40.2773,40.2773,1483,0,0,0,0,0,0.005777,0,-1.1931e-05,ok,0
DijkstraPrims,128,154,185,28490,0.00335859,13453.9,40.2773,40.2773,303,0,0,0,0,0,0.00337,0,-1.1411e-05,ok,0
BBMSCore,128,154,185,28490,0.0071815,13453.9,40.2773,40.2773,169,0,0,0,0,0,0.007193,0,-1.1504e-05,ok,1
BBMSInter,128,154,185,28490,0.00149735,13453.9,40.2773,40.2773,392,0,0,0,0,0,0,0.001508,-1.0654e-05,ok,1
BBMSDppInstant,128,154,185,28490,0.00505881,13453.9,40.2773,40.2773,1565,0,0,0,0,0,0.005071,0,-1.2193e-05,ok,1
BBMSDppStepwise,128,154,185,28490,0.0057644,13453.9,40.2773,40.2773,1483,0,0,0,0,0,0.005006,0.00077,-1.1602e-05,ok,1
DijkstraPrims,128,154,185,28490,0.00337192,13453.9,40.2773,40.2773,303,0,0,0,0,0,0.003383,0,-1.1085e-05,ok,1
BBMSCore,128,154,185,28490,0.00718732,13453.9,40.2773,40.2773,169,0,0,0,0,0,0.007199,0,-1.1678e-05,ok,2
BBMSInter,128,154,185,28490,0.00147276,13453.9,40.2773,40.2773,392,0,0,0,0,0,0.001483,0,-1.0236e-05,ok,2
BBMSDppInstant,128,154,185,28490,0.00514173,13453.9,40.2773,40.2773,1565,0,0,0,0,0,0.005153,0,-1.1266e-05,ok,2
BBMSDppStepwise,128,154,185,28490,0.00578389,13453.9,40.2773,40.2773,1483,0,0,0,0,0,0.005795,0,-1.1109e-05,ok,2
DijkstraPrims,128,154,185,28490,0.00339394,13453.9,40.2773,40.2773,303,0,0,0,0,0,0.003404,0,-1.0061e-05,ok,2
BBMSCore,129,154,313,48202,0.0152683,16372,40.2812,40.2812,286,0,0,0,0,0,0.01528,0,-1.1674e-05,ok,0
BBMSInter,129,154,313,48202,0.00347394,16372,40.2812,40.2812,663,0,0,0,0,0,0.003484,0,-1.0056e-05,ok,0
BBMSDppInstant,129,154,313,48202,0.00901104,16372,40.2812,40.2812,2692,0,0,0,0,0,0.009023,0,-1.1964e-05,ok,0
BBMSDppStepwise,129,154,313,48202,0.00971693,16372,40.2812,40.2812,2536,0,0,0,0,0,0,0.009728,-1.1074e-05,ok,0
DijkstraPrims,129,154,313,48202,0.00802092,16372,40.2812,40.2812,672,0,0,0,0,0,0.008032,0,-1.1084e-05,ok,0
BBMSCore,129,154,313,48202,0.0152277,16372,40.2812,40.2812,286,0,0,0,0,0,0.015238,0,-1.0287e-05,ok,1
BBMSInter,129,154,313,48202,0.00342942,16372,40.2812,40.2812,663,0,0,0,0,0,0.003211,0.000229,-1.0578e-05,ok,1
BBMSDppInstant,129,154,313,48202,0.00894242,16372,40.2812,40.2812,2692,0,0,0,0,0,0,0.008953,-1.0581e-05,ok,1
BBMSDppStepwise,129,154,313,48202,0.00965697,16372,40.2812,40.2812,2536,0,0,0,0,0,0.009656,1.1e-05,-1.0034e-05,ok,1
DijkstraPrims,129,154,313,48202,0.00809823,16372,40.2812,40.2812,672,0,0,0,0,0,0.00811,0,-1.1769e-05,ok,1
BBMSCore,129,154,313,48202,0.0153004,16372,40.2812,40.2812,286,0,0,0,0,0,0.015312,0,-1.1563e-05,ok,2
BBMSInter,129,154,313,48202,0.0034998,16372,40.2812,40.2812,663,0,0,0,0,0,0.003512,0,-1.22e-05,ok,2
BBMSDppInstant,129,154,313,48202,0.00918904,16372,40.2812,40.2812,2692,0,0,0,0,0,0.009202,0,-1.2961e-05,ok,2
BBMSDppStepwise,129,154,313,48202,0.00999888,16372,40.2812,40.2812,2536,0,0,0,0,0,0,0.010009,-1.0125e-05,ok,2
DijkstraPrims,129,154,313,48202,0.00813422,16372,40.2812,40.2812,672,0,0,0,0,0,0,0.008145,-1.0779e-05,ok,2
BBMSCore,130,154,1380,212520,0.100421,12359.2,40.2852,40.2852,1265,0,0,0,0,0,0.100436,0,-1.5119e-05,ok,0
BBMSInter,130,154,1380,212520,0.0175386,12359.2,40.2891,40.2891,2925,0,0,0,0,0,0.017552,0,-1.3366e-05,ok,0
BBMSDppInstant,130,154,1380,212520,0.0451273,12359.2,40.2891,49.8672,11827,0,0,0,0,0,0.024299,0.020842,-1.3732e-05,ok,0
BBMSDppStepwise,130,154,1380,212520,0.0558853,12359.2,40.2891,47.2227,11121,0,0,0,0,1,0.045358,0.010435,9.2307e-05,ok,0
DijkstraPrims,130,154,1380,212520,0.037252,12359.2,40.2891,40.2891,2993,0,0,0,0,0,0.027284,0.00998,-1.2015e-05,ok,0
BBMSCore,130,154,1380,212520,0.10003,12359.2,40.2891,40.2891,1265,0,0,0,0,0,0.100044,0,-1.3576e-05,ok,1
BBMSInter,130,154,1380,212520,0.0173252,12359.2,40.2891,40.2891,2925,0,0,0,0,0,0.016846,0.00049,-1.0809e-05,ok,1
BBMSDppInstant,130,154,1380,212520,0.0439776,12359.2,40.2891,49.8711,11827,0,0,0,0,0,0.043677,0.000314,-1.3352e-05,ok,1
BBMSDppStepwise,130,154,1380,212520,0.0557611,12359.2,40.2891,47.25,11121,0,0,0,0,0,0.055362,0.000412,-1.2925e-05,ok,1
DijkstraPrims,130,154,1380,212520,0.0374834,12359.2,40.293,40.293,2993,0,0,0,0,0,0.036994,0.000502,-1.2576e-05,ok,1
BBMSCore,130,154,1380,212520,0.100019,12359.2,40.293,40.293,1265,0,0,0,0,1,0.100024,0,-4.745e-06,ok,2
BBMSInter,130,154,1380,212520,0.0172751,12359.2,40.293,40.293,2925,0,0,0,0,0,0.017286,0,-1.0926e-05,ok,2
BBMSDppInstant,130,154,1380,212520,0.0445252,12359.2,40.293,49.8672,11827,0,0,0,0,0,0.025513,0.019025,-1.2841e-05,ok,2
BBMSDppStepwise,130,154,1380,212520,0.0564118,12359.2,40.293,47.2422,11121,0,0,0,0,1,0.046462,0.009952,-2.178e-06,ok,2
DijkstraPrims,130,154,1380,212520,0.037493,12359.2,40.293,40.293,2993,0,0,0,0,0,0.037506,0,-1.3034e-05,ok,2
BBMSCore,131,154,1118,172172,0.120885,113527,40.2969,40.2969,1024,0,0,0,0,1,0.120889,0,-3.912e-06,ok,0
BBMSInter,131,154,1118,172172,0.0177464,113527,40.2969,40.2969,2369,0,0,0,0,0,0.017758,0,-1.1564e-05,ok,0
BBMSDppInstant,131,154,1118,172172,0.0346393,113527,40.2969,40.3672,9395,0,0,0,0,0,0.024776,0.009874,-1.0685e-05,ok,0
BBMSDppStepwise,131,154,1118,172172,0.0424753,113527,40.2969,40.2969,9020,0,0,0,0,0,0.013206,0.029282,-1.267e-05,ok,0
DijkstraPrims,131,154,1118,172172,0.00313691,113527,40.2969,40.2969,308,0,0,0,0,0,0.002923,0.000225,-1.1094e-05,ok,0
BBMSCore,131,154,1118,172172,0.120864,113527,40.2969,40.2969,1024,0,0,0,0,0,0.120639,0.000236,-1.1383e-05,ok,1
BBMSInter,131,154,1118,172172,0.0178841,113527,40.2969,40.2969,2369,0,0,0,0,0,0.017896,0,-1.1934e-05,ok,1
BBMSDppInstant,131,154,1118,172172,0.0345136,113527,40.2969,40.3711,9395,0,0,0,0,0,0.024698,0.009828,-1.2431e-05,ok,1
BBMSDppStepwise,131,154,1118,172172,0.0425525,113527,40.2969,40.2969,9020,0,0,0,0,0,0.02298,0.019585,-1.2516e-05,ok,1
DijkstraPrims,131,154,1118,172172,0.00317897,113527,40.2969,40.2969,308,0,0,0,0,0,0,0.00319,-1.1026e-05,ok,1
BBMSCore,131,154,1118,172172,0.120867,113527,40.2969,40.2969,1024,0,0,0,0,1,0.120871,0,-3.705e-06,ok,2
BBMSInter,131,154,1118,172172,0.0177166,113527,40.2969,40.2969,2369,0,0,0,0,0,0.017728,0,-1.1449e-05,ok,2
BBMSDppInstant,131,154,1118,172172,0.0345203,113527,40.2969,40.3672,9395,0,0,0,0,0,0.034532,0,-1.1745e-05,ok,2
BBMSDppStepwise,131,154,1118,172172,0.0422685,113527,40.2969,40.2969,9020,0,0,0,0,0,0.032511,0.009769,-1.1486e-05,ok,2
DijkstraPrims,131,154,1118,172172,0.00336373,113527,40.2969,40.2969,308,0,0,0,0,1,0.00321,0,0.000153727,ok,2
BBMSCore,132,154,58,8932,0.000900841,6754.36,40.3008,40.3008,55,0,0,0,0,0,0.00091,0,-9.159e-06,ok,0
BBMSInter,132,154,58,8932,0.000527538,6754.36,40.3008,40.3008,125,0,0,0,0,0,0.000538,0,-1.0462e-05,ok,0
BBMSDppInstant,132,154,58,8932,0.00148598,6754.36,40.3047,40.3047,473,0,0,0,0,0,0.001496,0,-1.0019e-05,ok,0
BBMSDppStepwise,132,154,58,8932,0.00150255,6754.36,40.3047,40.3047,464,0,0,0,0,0,0.001512,0,-9.447e-06,ok,0
DijkstraPrims,132,154,58,8932,0.000591151,6754.36,40.3047,40.3047,42,0,0,0,0,0,0.0006,0,-8.849e-06,ok,0
BBMSCore,132,154,58,8932,0.000914286,6754.36,40.3047,40.3047,55,0,0,0,0,0,0.000801,0.000123,-9.714e-06,ok,1
BBMSInter,132,154,58,8932,0.000518578,6754.36,40.3047,40.3047,125,0,0,0,0,0,0.000528,0,-9.422e-06,ok,1
BBMSDppInstant,132,154,58,8932,0.00151321,6754.36,40.3047,40.3047,473,0,0,0,0,0,0.001524,0,-1.0787e-05,ok,1
BBMSDppStepwise,132,154,58,8932,0.00152734,6754.36,40.3047,40.3047,464,0,0,0,0,0,0.001427,0.00011,-9.665e-06,ok,1
DijkstraPrims,132,154,58,8932,0.000598516,6754.36,40.3047,40.3047,42,0,0,0,0,0,0.000608,0,-9.484e-06,ok,1
BBMSCore,132,154,58,8932,0.000909498,6754.36,40.3047,40.3047,55,0,0,0,0,0,0.000854,6.6e-05,-1.0502e-05,ok,2
BBMSInter,132,154,58,8932,0.000538583,6754.36,40.3047,40.3047,125,0,0,0,0,0,0.000515,3.6e-05,-1.2417e-05,ok,2
BBMSDppInstant,132,154,58,8932,0.00151481,6754.36,40.3047,40.3047,473,0,0,0,0,0,0.001416,0.000109,-1.0188e-05,ok,2
BBMSDppStepwise,132,154,58,8932,0.00161461,6754.36,40.3047,40.3047,464,0,0,0,0,0,0.001625,0,-1.0395e-05,ok,2
DijkstraPrims,132,154,58,8932,0.000620711,6754.36,40.3047,40.3047,42,0,0,0,0,0,0,0.000633,-1.2289e-05,ok,2
BBMSCore,133,154,1917,295218,0.169818,9866,40.3086,40.3086,1753,0,0,0,0,0,0.169832,0,-1.4084e-05,ok,0
BBMSInter,133,154,1917,295218,0.0376862,9866,40.3086,40.3086,4060,0,0,0,0,0,0.037698,0,-1.1824e-05,ok,0
BBMSDppInstant,133,154,1917,295218,0.0662121,9866,40.3086,65.8008,16013,0,0,0,0,0,0.026159,0.040068,-1.4891e-05,ok,0
BBMSDppStepwise,133,154,1917,295218,0.0811362,9866,40.3086,63.4336,15342,0,0,0,0,0,0.060699,0.020451,-1.3792e-05,ok,0
DijkstraPrims,133,154,1917,295218,0.00818403,9866,40.3086,40.3086,712,0,0,0,0,0,0.008196,0,-1.1973e-05,ok,0
BBMSCore,133,154,1917,295218,0.169721,9866,40.3086,40.3086,1753,0,0,0,0,0,0.15962,0.010114,-1.2663e-05,ok,1
BBMSInter,133,154,1917,295218,0.0376114,9866,40.3086,40.3086,4060,0,0,0,0,0,0.037624,0,-1.2585e-05,ok,1
BBMSDppInstant,133,154,1917,295218,0.064346,9866,40.3086,65.793,16013,0,0,0,0,1,0.04448,0.019852,1.4011e-05,ok,1
BBMSDppStepwise,133,154,1917,295218,0.0808042,9866,40.3086,63.4336,15342,0,0,0,0,0,0.050202,0.030615,-1.2772e-05,ok,1
DijkstraPrims,133,154,1917,295218,0.00808515,9866,40.3086,40.3086,712,0,0,0,0,0,0.008098,0,-1.2851e-05,ok,1
BBMSCore,133,154,1917,295218,0.169583,9866,40.3086,40.3086,1753,0,0,0,0,0,0.169597,0,-1.353e-05,ok,2
BBMSInter,133,154,1917,295218,0.0372342,9866,40.3086,40.3086,4060,0,0,0,0,0,0.036771,0.000476,-1.278e-05,ok,2
BBMSDppInstant,133,154,1917,295218,0.0642365,9866,40.3086,65.7773,16013,0,0,0,0,0,0.032911,0.031338,-1.2522e-05,ok,2
BBMSDppStepwise,133,154,1917,295218,0.0789163,9866,40.3086,63.4297,15342,0,0,0,0,1,0.058666,0.020252,-1.694e-06,ok,2
DijkstraPrims,133,154,1917,295218,0.00806704,9866,40.3125,40.3125,712,0,0,0,0,0,0.007001,0.001077,-1.0962e-05,ok,2
BBMSCore,134,154,249,38346,0.0189502,24750.7,40.3164,40.3164,228,0,0,0,0,0,0.018959,0,-8.84e-06,ok,0
BBMSInter,134,154,249,38346,0.00251386,24750.7,40.3164,40.3164,528,0,0,0,0,0,0.002521,0,-7.141e-06,ok,0
BBMSDppInstant,134,154,249,38346,0.00598222,24750.7,40.3164,40.3164,2029,0,0,0,0,0,0.005989,0,-6.777e-06,ok,0
BBMSDppStepwise,134,154,249,38346,0.00587335,24750.7,40.3203,40.3203,2011,0,0,0,0,0,0,0.00588,-6.648e-06,ok,0
DijkstraPrims,134,154,249,38346,0.000279094,24750.7,40.3203,40.3203,26,0,0,0,0,0,0.000286,0,-6.906e-06,ok,0
BBMSCore,134,154,249,38346,0.0189812,24750.7,40.3203,40.3203,228,0,0,0,0,0,0.018401,0.000587,-6.795e-06,ok,1
BBMSInter,134,154,249,38346,0.00256778,24750.7,40.3203,40.3203,528,0,0,0,0,0,0.002574,0,-6.225e-06,ok,1
BBMSDppInstant,134,154,249,38346,0.00585538,24750.7,40.3203,40.3203,2029,0,0,0,0,0,0.005862,0,-6.62e-06,ok,1
BBMSDppStepwise,134,154,249,38346,0.00579622,24750.7,40.3203,40.3203,2011,0,0,0,0,0,0.005803,0,-6.777e-06,ok,1
DijkstraPrims,134,154,249,38346,0.000286166,24750.7,40.3203,40.3203,26,0,0,0,0,0,0.000293,0,-6.834e-06,ok,1
BBMSCore,134,154,249,38346,0.0189547,24750.7,40.3203,40.3203,228,0,0,0,0,0,0.018961,0,-6.29e-06,ok,2
BBMSInter,134,154,249,38346,0.00259133,24750.7,40.3203,40.3203,528,0,0,0,0,0,0.002597,0,-5.671e-06,ok,2
BBMSDppInstant,134,154,249,38346,0.00586996,24750.7,40.3203,40.3203,2029,0,0,0,0,0,0,0.005876,-6.037e-06,ok,2
BBMSDppStepwise,134,154,249,38346,0.00582838,24750.7,40.3203,40.3203,2011,0,0,0,0,0,0.005835,0,-6.625e-06,ok,2
DijkstraPrims,134,154,249,38346,0.000277441,24750.7,40.3203,40.3203,26,0,0,0,0,0,0.000283,0,-5.559e-06,ok,2
BBMSCore,135,154,455,70070,0.0404524,11288.2,40.3242,40.3242,416,0,0,0,0,1,0.040455,0,-2.597e-06,ok,0
BBMSInter,135,154,455,70070,0.00512193,11288.2,40.3242,40.3242,963,0,0,0,0,0,0.00513,0,-8.075e-06,ok,0
BBMSDppInstant,135,154,455,70070,0.0109363,11288.2,40.3242,40.3242,3672,0,0,0,0,0,0.000613,0.010329,-5.735e-06,ok,0
BBMSDppStepwise,135,154,455,70070,0.0126298,11288.2,40.3242,40.3242,3617,0,0,0,0,0,0.012446,0.000191,-7.173e-06,ok,0
DijkstraPrims,135,154,455,70070,0.00633853,11288.2,40.3242,40.3242,656,0,0,0,0,0,0.006345,0,-6.468e-06,ok,0
BBMSCore,135,154,455,70070,0.0408332,11288.2,40.3242,40.3242,416,0,0,0,0,0,0.04084,0,-6.842e-06,ok,1
BBMSInter,135,154,455,70070,0.00513504,11288.2,40.3242,40.3242,963,0,0,0,0,0,0.005142,0,-6.959e-06,ok,1
BBMSDppInstant,135,154,455,70070,0.0111737,11288.2,40.3242,40.3242,3672,0,0,0,0,0,0.000842,0.010339,-7.287e-06,ok,1
BBMSDppStepwise,135,154,455,70070,0.0124826,11288.2,40.3242,40.3242,3617,0,0,0,0,0,0.012347,0.000147,-1.1446e-05,ok,1
DijkstraPrims,135,154,455,70070,0.00800661,11288.2,40.3242,40.3242,656,0,0,0,0,0,0.008014,0,-7.385e-06,ok,1
BBMSCore,135,154,455,70070,0.0404752,11288.2,40.3242,40.3242,416,0,0,0,0,0,0.040485,0,-9.834e-06,ok,2
BBMSInter,135,154,455,70070,0.00524697,11288.2,40.3242,40.3242,963,0,0,0,0,0,0.004904,0.00035,-7.027e-06,ok,2
BBMSDppInstant,135,154,455,70070,0.011286,11288.2,40.3242,40.3242,3672,0,0,0,0,0,0.001492,0.009802,-7.979e-06,ok,2
BBMSDppStepwise,135,154,455,70070,0.0116201,11288.2,40.3242,40.3242,3617,0,0,0,0,0,0.011511,0.000117,-7.918e-06,ok,2
DijkstraPrims,135,154,455,70070,0.00640823,11288.2,40.3242,40.3242,656,0,0,0,0,0,0.006416,0,-7.775e-06,ok,2
BBMSCore,136,154,20006,3080924,26.808,1.51371e+06,40.3281,75.043,18389,0,0,0,0,114,26.7777,0.029855,0.000522693,ok,0
BBMSInter,136,154,20006,3080924,4.97114,1.51371e+06,40.3281,168.98,42459,0,0,0,0,17,4.91112,0.059933,8.4864e-05,ok,0
BBMSDppInstant,136,154,20006,3080924,1.90648,1.51371e+06,40.3281,639.789,164410,0,0,0,0,8,1.68647,0.219936,7.7251e-05,ok,0
BBMSDppStepwise,136,154,20006,3080924,3.04771,1.51371e+06,40.332,619.418,158484,0,0,0,0,11,2.83779,0.209845,7.6288e-05,ok,0
DijkstraPrims,136,154,20006,3080924,0.327588,1.51371e+06,40.332,81.5273,23783,0,0,0,0,1,0.287376,0.040031,0.000181285,ok,0
BBMSCore,136,154,20006,3080924,26.8215,1.51371e+06,40.332,74.9883,18389,0,0,0,0,98,26.7907,0.030003,0.000768667,ok,1
BBMSInter,136,154,20006,3080924,4.93197,1.51371e+06,40.332,168.898,42459,0,0,0,0,21,4.88176,0.050044,0.000168965,ok,1
BBMSDppInstant,136,154,20006,3080924,1.91741,1.51371e+06,40.332,639.777,164410,0,0,0,0,9,1.72684,0.190487,8.2023e-05,ok,1
BBMSDppStepwise,136,154,20006,3080924,3.04669,1.51371e+06,40.332,619.32,158484,0,0,0,0,16,2.87678,0.169779,0.000130517,ok,1
DijkstraPrims,136,154,20006,3080924,0.329046,1.51371e+06,40.332,81.5156,23783,0,0,0,0,2,0.299079,0.029963,4.193e-06,ok,1
BBMSCore,136,154,20006,3080924,26.8031,1.51371e+06,40.332,75.0469,18389,0,0,0,0,95,26.7923,0.010002,0.000783012,ok,2
BBMSInter,136,154,20006,3080924,4.90873,1.51371e+06,40.332,169.082,42459,0,0,0,0,21,4.87864,0.029951,0.000145154,ok,2
BBMSDppInstant,136,154,20006,3080924,1.91506,1.51371e+06,40.332,639.66,164410,0,0,0,0,9,1.69522,0.219753,9.0603e-05,ok,2
BBMSDppStepwise,136,154,20006,3080924,3.06219,1.51371e+06,40.332,619.379,158484,0,0,0,0,10,2.85196,0.210099,0.000130157,ok,2
DijkstraPrims,136,154,20006,3080924,0.322149,1.51371e+06,40.332,81.5078,23783,0,0,0,0,2,0.301953,0.020187,8.874e-06,ok,2
BBMSCore,137,154,1899,292446,0.121415,2.08547e+07,40.3359,40.3359,1736,0,0,0,0,1,0.111218,0.010202,-5.321e-06,ok,0
BBMSInter,137,154,1899,292446,0.0208675,2.08547e+07,40.3359,40.3359,4021,0,0,0,0,0,0.010637,0.010244,-1.3504e-05,ok,0
BBMSDppInstant,137,154,1899,292446,0.0646398,2.08547e+07,40.3359,69.3398,16848,0,0,0,0,1,0.044828,0.019813,-1.246e-06,ok,0
BBMSDppStepwise,137,154,1899,292446,0.0751623,2.08547e+07,40.3359,63.3164,15308,0,0,0,0,0,0.055249,0.019926,-1.2653e-05,ok,0
DijkstraPrims,137,154,1899,292446,0.0497657,2.08547e+07,40.3398,40.3398,3626,0,0,0,0,0,0.049779,0,-1.3279e-05,ok,0
BBMSCore,137,154,1899,292446,0.120484,2.08547e+07,40.3398,40.3398,1736,0,0,0,0,0,0.120339,0.000158,-1.2669e-05,ok,1
BBMSInter,137,154,1899,292446,0.0205599,2.08547e+07,40.3398,40.3398,4021,0,0,0,0,0,0.010328,0.010244,-1.2142e-05,ok,1
BBMSDppInstant,137,154,1899,292446,0.0639803,2.08547e+07,40.3398,69.3125,16848,0,0,0,0,0,0.043924,0.020069,-1.2698e-05,ok,1
BBMSDppStepwise,137,154,1899,292446,0.0749565,2.08547e+07,40.3398,63.3398,15308,0,0,0,0,0,0.044456,0.030514,-1.3531e-05,ok,1
DijkstraPrims,137,154,1899,292446,0.0495339,2.08547e+07,40.3398,40.3398,3626,0,0,0,0,1,0.039354,0.010183,-3.14e-06,ok,1
BBMSCore,137,154,1899,292446,0.120725,2.08547e+07,40.3398,40.3398,1736,0,0,0,0,0,0.120531,0.000207,-1.3299e-05,ok,2
BBMSInter,137,154,1899,292446,0.0207857,2.08547e+07,40.3398,40.3398,4021,0,0,0,0,0,0.01055,0.010247,-1.1291e-05,ok,2
BBMSDppInstant,137,154,1899,292446,0.065703,2.08547e+07,40.3398,69.3359,16848,0,0,0,0,0,0.044852,0.020863,-1.1996e-05,ok,2
BBMSDppStepwise,137,154,1899,292446,0.0778326,2.08547e+07,40.3398,63.332,15308,0,0,0,0,1,0.037426,0.040334,7.2616e-05,ok,2
DijkstraPrims,137,154,1899,292446,0.0494144,2.08547e+07,40.3398,40.3398,3626,0,0,0,0,0,0.039276,0.010152,-1.3578e-05,ok,2
BBMSCore,138,154,63,9702,0.00175701,777.877,40.3438,40.3438,59,0,0,0,0,0,0.001658,0.000111,-1.1989e-05,ok,0
BBMSInter,138,154,63,9702,0.000567655,777.877,40.3438,40.3438,135,0,0,0,0,0,0.000577,0,-9.345e-06,ok,0
BBMSDppInstant,138,154,63,9702,0.0016792,777.877,40.3438,40.3438,523,0,0,0,0,0,0.001689,0,-9.802e-06,ok,0
BBMSDppStepwise,138,154,63,9702,0.00184284,777.877,40.3438,40.3438,507,0,0,0,0,0,0.001621,0.000231,-9.159e-06,ok,0
DijkstraPrims,138,154,63,9702,0.000192137,777.877,40.3438,40.3438,14,0,0,0,0,0,0.000202,0,-9.863e-06,ok,0
BBMSCore,138,154,63,9702,0.00175202,777.877,40.3438,40.3438,59,0,0,0,0,0,0.001762,0,-9.975e-06,ok,1
BBMSInter,138,154,63,9702,0.000576888,777.877,40.3477,40.3477,135,0,0,0,0,0,0.00055,3.7e-05,-1.0112e-05,ok,1
BBMSDppInstant,138,154,63,9702,0.00171355,777.877,40.3477,40.3477,523,0,0,0,0,0,0.001724,0,-1.0447e-05,ok,1
BBMSDppStepwise,138,154,63,9702,0.00188827,777.877,40.3477,40.3477,507,0,0,0,0,0,0.001782,0.000119,-1.273e-05,ok,1
DijkstraPrims,138,154,63,9702,0.000198826,777.877,40.3477,40.3477,14,0,0,0,0,0,0,0.000209,-1.0174e-05,ok,1
BBMSCore,138,154,63,9702,0.00175593,777.877,40.3477,40.3477,59,0,0,0,0,0,0.001767,0,-1.1068e-05,ok,2
BBMSInter,138,154,63,9702,0.000595921,777.877,40.3477,40.3477,135,0,0,0,0,0,0.000607,0,-1.1079e-05,ok,2
BBMSDppInstant,138,154,63,9702,0.00172171,777.877,40.3477,40.3477,523,0,0,0,0,0,0.001734,0,-1.2291e-05,ok,2
BBMSDppStepwise,138,154,63,9702,0.00181792,777.877,40.3477,40.3477,507,0,0,0,0,0,0.001713,0.000114,-9.079e-06,ok,2
DijkstraPrims,138,154,63,9702,0.00017217,777.877,40.3477,40.3477,14,0,0,0,0,0,0.000183,0,-1.083e-05,ok,2
BBMSCore,139,154,2142,329868,0.401812,11961.6,40.3516,40.3516,1956,0,0,0,0,1,0.401101,0.000515,0.00019571,ok,0
BBMSInter,139,154,2142,329868,0.0211264,11961.6,40.3516,40.3516,4533,0,0,0,0,0,0.02114,0,-1.3561e-05,ok,0
BBMSDppInstant,139,154,2142,329868,0.0587755,11961.6,40.3516,71.3555,17375,0,0,0,0,0,0.03846,0.020329,-1.3496e-05,ok,0
BBMSDppStepwise,139,154,2142,329868,0.064795,11961.6,40.3516,70.582,17161,0,0,0,0,0,0.034596,0.030211,-1.1982e-05,ok,0
DijkstraPrims,139,154,2142,329868,0.00971655,11961.6,40.3516,40.3516,880,0,0,0,0,0,0.009727,0,-1.045e-05,ok,0
BBMSCore,139,154,2142,329868,0.40171,11961.6,40.3516,40.3516,1956,0,0,0,0,1,0.401712,0,-2.07e-06,ok,1
BBMSInter,139,154,2142,329868,0.0214507,11961.6,40.3516,40.3516,4533,0,0,0,0,0,0.021462,0,-1.1286e-05,ok,1
BBMSDppInstant,139,154,2142,329868,0.0604847,11961.6,40.3516,71.3555,17375,0,0,0,0,0,0.029828,0.03067,-1.3288e-05,ok,1
BBMSDppStepwise,139,154,2142,329868,0.065932,11961.6,40.3516,70.5781,17161,0,0,0,0,0,0.027679,0.038266,-1.2995e-05,ok,1
DijkstraPrims,139,154,2142,329868,0.00960234,11961.6,40.3516,40.3516,880,0,0,0,0,0,0.009614,0,-1.1657e-05,ok,1
BBMSCore,139,154,2142,329868,0.400905,11961.6,40.3516,40.3516,1956,0,0,0,0,1,0.400913,0,-8.17e-06,ok,2
BBMSInter,139,154,2142,329868,0.0221026,11961.6,40.3516,40.3516,4533,0,0,0,0,1,0.022076,0,2.6584e-05,ok,2
BBMSDppInstant,139,154,2142,329868,0.0608089,11961.6,40.3516,71.3594,17375,0,0,0,0,0,0.040321,0.020501,-1.3061e-05,ok,2
BBMSDppStepwise,139,154,2142,329868,0.0656826,11961.6,40.3516,70.582,17161,0,0,0,0,0,0.045798,0.019899,-1.4354e-05,ok,2
DijkstraPrims,139,154,2142,329868,0.00971205,11961.6,40.3516,40.3516,880,0,0,0,0,0,0.009115,0.000607,-9.95e-06,ok,2
BBMSCore,140,1128,1191,1343448,3.40527,4777.21,40.3555,40.3555,7893,0,0,0,0,12,3.39493,0.010001,0.000339913,ok,0
BBMSInter,140,1128,1191,1343448,0.098916,4777.21,40.3555,75.7305,18389,0,0,0,0,0,0.068358,0.03057,-1.1967e-05,ok,0
BBMSDppInstant,140,1128,1191,1343448,0.228847,4777.21,40.3555,270.516,68662,0,0,0,0,1,0.1499,0.078948,-1.104e-06,ok,0
BBMSDppStepwise,140,1128,1191,1343448,0.242928,4777.21,40.3555,268.984,68264,0,0,0,0,1,0.153102,0.089816,9.617e-06,ok,0
DijkstraPrims,140,1128,1191,1343448,0.0519885,4777.21,40.3555,40.3555,3516,0,0,0,0,0,0.041782,0.010218,-1.1513e-05,ok,0
BBMSCore,140,1128,1191,1343448,3.40673,4777.21,40.3555,40.3555,7893,0,0,0,0,19,3.39629,0.010005,0.000428038,ok,1
BBMSInter,140,1128,1191,1343448,0.100506,4777.21,40.3594,75.6172,18389,0,0,0,0,1,0.070953,0.029552,8.79e-07,ok,1
BBMSDppInstant,140,1128,1191,1343448,0.226029,4777.21,40.3594,270.504,68662,0,0,0,0,3,0.135669,0.090334,2.6163e-05,ok,1
BBMSDppStepwise,140,1128,1191,1343448,0.242325,4777.21,40.3594,268.859,68264,0,0,0,0,2,0.140275,0.102046,4.345e-06,ok,1
DijkstraPrims,140,1128,1191,1343448,0.0505686,4777.21,40.3633,40.3633,3516,0,0,0,0,0,0.05058,0,-1.1354e-05,ok,1
BBMSCore,140,1128,1191,1343448,3.40796,4777.21,40.3633,40.3633,7893,0,0,0,0,16,3.40781,0,0.000150912,ok,2
BBMSInter,140,1128,1191,1343448,0.099055,4777.21,40.3633,75.5,18389,0,0,0,0,1,0.089047,0.010008,0,ok,2
BBMSDppInstant,140,1128,1191,1343448,0.226829,4777.21,40.3633,270.516,68662,0,0,0,0,1,0.128412,0.09842,-2.56e-06,ok,2
BBMSDppStepwise,140,1128,1191,1343448,0.239832,4777.21,40.3633,268.961,68264,0,0,0,0,3,0.131047,0.108752,3.307e-05,ok,2
DijkstraPrims,140,1128,1191,1343448,0.0505679,4777.21,40.3633,40.3633,3516,0,0,0,0,0,0.05058,0,-1.2099e-05,ok,2
BBMSCore,141,1128,185,208680,0.283859,36518.5,40.3672,40.3672,1240,0,0,0,0,1,0.274076,0.00979,-6.719e-06,ok,0
BBMSInter,141,1128,185,208680,0.00848079,36518.5,40.3672,40.3672,2871,0,0,0,0,0,0,0.00849,-9.214e-06,ok,0
BBMSDppInstant,141,1128,185,208680,0.0314964,36518.5,40.3672,46.5977,11007,0,0,0,0,0,0.021525,0.009983,-1.1551e-05,ok,0
BBMSDppStepwise,141,1128,185,208680,0.0311915,36518.5,40.3672,46.1172,10853,0,0,0,0,0,0.031203,0,-1.1545e-05,ok,0
DijkstraPrims,141,1128,185,208680,0.00484099,36518.5,40.3672,40.3672,397,0,0,0,0,0,0.004548,0.000303,-1.0014e-05,ok,0
BBMSCore,141,1128,185,208680,0.284316,36518.5,40.3672,40.3672,1240,0,0,0,0,1,0.28432,0,-3.595e-06,ok,1
BBMSInter,141,1128,185,208680,0.0089227,36518.5,40.3672,40.3672,2871,0,0,0,0,0,0.008934,0,-1.1303e-05,ok,1
BBMSDppInstant,141,1128,185,208680,0.0302776,36518.5,40.3672,46.7422,11007,0,0,0,0,1,0.020475,0.009802,6.47e-07,ok,1
BBMSDppStepwise,141,1128,185,208680,0.0314185,36518.5,40.3672,46.1172,10853,0,0,0,0,0,0.021474,0.009956,-1.1503e-05,ok,1
DijkstraPrims,141,1128,185,208680,0.0048882,36518.5,40.3672,40.3672,397,0,0,0,0,0,0.004899,0,-1.08e-05,ok,1
BBMSCore,141,1128,185,208680,0.284511,36518.5,40.3672,40.3672,1240,0,0,0,0,1,0.284325,0,0.000186498,ok,2
BBMSInter,141,1128,185,208680,0.00876241,36518.5,40.3672,40.3672,2871,0,0,0,0,0,0.008774,0,-1.1587e-05,ok,2
BBMSDppInstant,141,1128,185,208680,0.0311772,36518.5,40.3672,46.7422,11007,0,0,0,0,0,0.021341,0.009848,-1.1819e-05,ok,2
BBMSDppStepwise,141,1128,185,208680,0.0311043,36518.5,40.3672,46.1367,10853,0,0,0,0,0,0.011381,0.019734,-1.0738e-05,ok,2
DijkstraPrims,141,1128,185,208680,0.00491248,36518.5,40.3672,40.3672,397,0,0,0,0,0,0,0.004924,-1.1516e-05,ok,2
BBMSCore,142,1128,313,353064,0.213671,44997.1,40.3711,40.3711,2086,0,0,0,0,2,0.20366,0.010004,7.13e-06,ok,0
BBMSInter,142,1128,313,353064,0.0173915,44997.1,40.3711,40.3711,4845,0,0,0,0,0,0.017405,0,-1.3466e-05,ok,0
BBMSDppInstant,142,1128,313,353064,0.0555952,44997.1,40.3711,75.5469,18498,0,0,0,0,0,0.015158,0.040449,-1.1816e-05,ok,0
BBMSDppStepwise,142,1128,313,353064,0.0555558,44997.1,40.3711,75.3438,18388,0,0,0,0,0,0.025286,0.030282,-1.2192e-05,ok,0
DijkstraPrims,142,1128,313,353064,0.00930984,44997.1,40.3711,40.3711,757,0,0,0,0,0,0.009321,0,-1.116e-05,ok,0
BBMSCore,142,1128,313,353064,0.213273,44997.1,40.3711,40.3711,2086,0,0,0,0,1,0.213276,0,-2.719e-06,ok,1
BBMSInter,142,1128,313,353064,0.017113,44997.1,40.3711,40.3711,4845,0,0,0,0,0,0.017125,0,-1.1972e-05,ok,1
BBMSDppInstant,142,1128,313,353064,0.0541508,44997.1,40.3711,75.7266,18498,0,0,0,0,0,0.024025,0.030138,-1.2206e-05,ok,1
BBMSDppStepwise,142,1128,313,353064,0.0556204,44997.1,40.3711,75.3281,18388,0,0,0,0,0,0.045527,0.010106,-1.2625e-05,ok,1
DijkstraPrims,142,1128,313,353064,0.00922405,44997.1,40.375,40.375,757,0,0,0,0,0,0.009236,0,-1.1948e-05,ok,1
BBMSCore,142,1128,313,353064,0.213423,44997.1,40.375,40.375,2086,0,0,0,0,0,0.213436,0,-1.2822e-05,ok,2
BBMSInter,142,1128,313,353064,0.0176268,44997.1,40.375,40.375,4845,0,0,0,0,0,0.007953,0.009685,-1.1155e-05,ok,2
BBMSDppInstant,142,1128,313,353064,0.0546797,44997.1,40.375,75.7305,18498,0,0,0,0,0,0.044625,0.010066,-1.1349e-05,ok,2
BBMSDppStepwise,142,1128,313,353064,0.0552064,44997.1,40.375,75.3203,18388,0,0,0,0,1,0.035059,0.020152,-4.593e-06,ok,2
DijkstraPrims,142,1128,313,353064,0.00923735,44997.1,40.375,40.375,757,0,0,0,0,0,0.009249,0,-1.1649e-05,ok,2
BBMSCore,143,1128,1380,1556640,4.05538,35850,40.3789,40.3789,9145,0,0,0,0,14,4.03464,0.02001,0.000730588,ok,0
BBMSInter,143,1128,1380,1556640,0.125895,35850,40.3789,87.1172,21307,0,0,0,0,0,0.095525,0.030384,-1.4422e-05,ok,0
BBMSDppInstant,143,1128,1380,1556640,0.24739,35850,40.3789,316.016,80322,0,0,0,0,0,0.186989,0.060415,-1.3982e-05,ok,0
BBMSDppStepwise,143,1128,1380,1556640,0.250082,35850,40.3789,313.012,79537,0,0,0,0,0,0.158327,0.09177,-1.4922e-05,ok,0
DijkstraPrims,143,1128,1380,1556640,0.0506515,35850,40.3789,40.3789,3731,0,0,0,0,0,0.050664,0,-1.2462e-05,ok,0
BBMSCore,143,1128,1380,1556640,4.05511,35850,40.3789,40.3789,9145,0,0,0,0,22,4.03434,0.01996,0.000809698,ok,1
BBMSInter,143,1128,1380,1556640,0.125669,35850,40.3789,87.1094,21307,0,0,0,0,0,0.105421,0.02026,-1.2438e-05,ok,1
BBMSDppInstant,143,1128,1380,1556640,0.245991,35850,40.3789,316.035,80322,0,0,0,0,2,0.157419,0.088556,1.5562e-05,ok,1
BBMSDppStepwise,143,1128,1380,1556640,0.249714,35850,40.3789,312.906,79537,0,0,0,0,0,0.150483,0.099243,-1.2338e-05,ok,1
DijkstraPrims,143,1128,1380,1556640,0.050122,35850,40.3789,40.3789,3731,0,0,0,0,0,0.040237,0.009896,-1.0958e-05,ok,1
BBMSCore,143,1128,1380,1556640,4.05411,35850,40.3789,40.3789,9145,0,0,0,0,18,4.03399,0.020008,0.000113681,ok,2
BBMSInter,143,1128,1380,1556640,0.128976,35850,40.3789,86.9922,21307,0,0,0,0,1,0.099285,0.029696,-4.623e-06,ok,2
BBMSDppInstant,143,1128,1380,1556640,0.244823,35850,40.3789,315.988,80322,0,0,0,0,0,0.194242,0.050596,-1.5094e-05,ok,2
BBMSDppStepwise,143,1128,1380,1556640,0.245746,35850,40.3789,312.902,79537,0,0,0,0,1,0.145374,0.100374,-2.005e-06,ok,2
DijkstraPrims,143,1128,1380,1556640,0.0509358,35850,40.3828,40.3828,3731,0,0,0,0,1,0.050755,0,0.00018076,ok,2
BBMSCore,144,1128,1118,1261104,2.57951,124835,40.3867,40.3867,7413,0,0,0,0,9,2.56908,0.009992,0.000436766,ok,0
BBMSInter,144,1128,1118,1261104,0.109369,124835,40.3867,71.1016,17265,0,0,0,0,0,0.089515,0.019868,-1.3726e-05,ok,0
BBMSDppInstant,144,1128,1118,1261104,0.202701,124835,40.3867,258.098,65495,0,0,0,0,0,0.102332,0.100383,-1.4092e-05,ok,0
BBMSDppStepwise,144,1128,1118,1261104,0.209187,124835,40.3867,256.273,65089,0,0,0,0,0,0.1296,0.079602,-1.4508e-05,ok,0
DijkstraPrims,144,1128,1118,1261104,0.00865243,124835,40.3867,40.3867,833,0,0,0,0,0,0.008665,0,-1.2567e-05,ok,0
BBMSCore,144,1128,1118,1261104,2.57918,124835,40.3867,40.3867,7413,0,0,0,0,12,2.56881,0.00999,0.000387496,ok,1
BBMSInter,144,1128,1118,1261104,0.107918,124835,40.3867,71.2188,17265,0,0,0,0,0,0.088143,0.019788,-1.269e-05,ok,1
BBMSDppInstant,144,1128,1118,1261104,0.202628,124835,40.3867,258.094,65495,0,0,0,0,0,0.11237,0.090271,-1.3184e-05,ok,1
BBMSDppStepwise,144,1128,1118,1261104,0.208674,124835,40.3867,256.312,65089,0,0,0,0,1,0.119361,0.089306,6.524e-06,ok,1
DijkstraPrims,144,1128,1118,1261104,0.0087189,124835,40.3867,40.3867,833,0,0,0,0,0,0.008731,0,-1.2097e-05,ok,1
BBMSCore,144,1128,1118,1261104,2.5795,124835,40.3906,40.3906,7413,0,0,0,0,10,2.57927,0,0.000228768,ok,2
BBMSInter,144,1128,1118,1261104,0.109791,124835,40.3906,71.2422,17265,0,0,0,0,0,0.079931,0.029876,-1.5747e-05,ok,2
BBMSDppInstant,144,1128,1118,1261104,0.202353,124835,40.3906,257.922,65495,0,0,0,0,1,0.134257,0.068101,-4.612e-06,ok,2
BBMSDppStepwise,144,1128,1118,1261104,0.210456,124835,40.3906,256.492,65089,0,0,0,0,2,0.120693,0.089746,1.6942e-05,ok,2
DijkstraPrims,144,1128,1118,1261104,0.00856037,124835,40.3906,40.3906,833,0,0,0,0,0,0.008572,0,-1.163e-05,ok,2
BBMSCore,145,1128,58,65424,0.0848972,29246.4,40.3906,40.3906,395,0,0,0,0,0,0.084909,0,-1.1797e-05,ok,0
BBMSInter,145,1128,58,65424,0.00255032,29246.4,40.3945,40.3945,906,0,0,0,0,0,0.00256,0,-9.681e-06,ok,0
BBMSDppInstant,145,1128,58,65424,0.00923527,29246.4,40.3945,40.3945,3368,0,0,0,0,0,0,0.009247,-1.1727e-05,ok,0
BBMSDppStepwise,145,1128,58,65424,0.00930568,29246.4,40.3945,40.3945,3364,0,0,0,0,0,0.009317,0,-1.1316e-05,ok,0
DijkstraPrims,145,1128,58,65424,0.00122017,29246.4,40.3945,40.3945,106,0,0,0,0,0,0.001231,0,-1.0825e-05,ok,0
BBMSCore,145,1128,58,65424,0.0849279,29246.4,40.3945,40.3945,395,0,0,0,0,0,0.084938,0,-1.0146e-05,ok,1
BBMSInter,145,1128,58,65424,0.00254223,29246.4,40.3945,40.3945,906,0,0,0,0,0,0.002552,0,-9.77e-06,ok,1
BBMSDppInstant,145,1128,58,65424,0.00924009,29246.4,40.3945,40.3945,3368,0,0,0,0,0,0.009249,0,-8.909e-06,ok,1
BBMSDppStepwise,145,1128,58,65424,0.00911922,29246.4,40.3945,40.3945,3364,0,0,0,0,0,0.009131,0,-1.1775e-05,ok,1
DijkstraPrims,145,1128,58,65424,0.00120454,29246.4,40.3945,40.3945,106,0,0,0,0,0,0.001214,0,-9.461e-06,ok,1
BBMSCore,145,1128,58,65424,0.084917,29246.4,40.3945,40.3945,395,0,0,0,0,0,0.084928,0,-1.0994e-05,ok,2
BBMSInter,145,1128,58,65424,0.00254792,29246.4,40.3945,40.3945,906,0,0,0,0,0,0.002558,0,-1.0084e-05,ok,2
BBMSDppInstant,145,1128,58,65424,0.00980818,29246.4,40.3945,40.3945,3368,0,0,0,0,0,0.009819,0,-1.0817e-05,ok,2
BBMSDppStepwise,145,1128,58,65424,0.00934788,29246.4,40.3945,40.3945,3364,0,0,0,0,0,0.00936,0,-1.2124e-05,ok,2
DijkstraPrims,145,1128,58,65424,0.00119787,29246.4,40.3945,40.3945,106,0,0,0,0,0,0.001133,7.5e-05,-1.0125e-05,ok,2
BBMSCore,146,1128,1917,2162376,6.13783,22282.7,40.3984,53.5,12697,0,0,0,0,26,6.12698,0.009997,0.000846809,ok,0
BBMSInter,146,1128,1917,2162376,0.235552,22282.7,40.3984,119.473,29590,0,0,0,0,0,0.185752,0.049814,-1.431e-05,ok,0
BBMSDppInstant,146,1128,1917,2162376,0.381591,22282.7,40.3984,435.285,110896,0,0,0,0,1,0.231189,0.150394,7.591e-06,ok,0
BBMSDppStepwise,146,1128,1917,2162376,0.412132,22282.7,40.3984,430.145,109533,0,0,0,0,1,0.241433,0.170699,-8.4e-08,ok,0
DijkstraPrims,146,1128,1917,2162376,0.0240428,22282.7,40.3984,40.3984,1852,0,0,0,0,0,0.013818,0.010236,-1.1224e-05,ok,0
BBMSCore,146,1128,1917,2162376,6.13608,22282.7,40.3984,53.4922,12697,0,0,0,0,18,6.11524,0.019986,0.00085352,ok,1
BBMSInter,146,1128,1917,2162376,0.232809,22282.7,40.3984,119.496,29590,0,0,0,0,0,0.193421,0.039404,-1.5679e-05,ok,1
BBMSDppInstant,146,1128,1917,2162376,0.379293,22282.7,40.3984,435.449,110896,0,0,0,0,3,0.259428,0.119842,2.2717e-05,ok,1
BBMSDppStepwise,146,1128,1917,2162376,0.409627,22282.7,40.3984,430.133,109533,0,0,0,0,1,0.259635,0.149979,1.3282e-05,ok,1
DijkstraPrims,146,1128,1917,2162376,0.0239475,22282.7,40.3984,40.3984,1852,0,0,0,0,0,0.023959,0,-1.1494e-05,ok,1
BBMSCore,146,1128,1917,2162376,6.13387,22282.7,40.3984,53.2422,12697,0,0,0,0,20,6.12357,0.010009,0.000296679,ok,2
BBMSInter,146,1128,1917,2162376,0.233759,22282.7,40.4023,119.504,29590,0,0,0,0,0,0.184495,0.049279,-1.4724e-05,ok,2
BBMSDppInstant,146,1128,1917,2162376,0.377103,22282.7,40.4023,435.27,110896,0,0,0,0,2,0.255426,0.121669,8.333e-06,ok,2
BBMSDppStepwise,146,1128,1917,2162376,0.403252,22282.7,40.4023,430.105,109533,0,0,0,0,0,0.282503,0.120764,-1.5186e-05,ok,2
DijkstraPrims,146,1128,1917,2162376,0.0240829,22282.7,40.4023,40.4023,1852,0,0,0,0,0,0.024095,0,-1.2081e-05,ok,2
BBMSCore,147,1128,249,280872,0.665513,17510.5,40.4023,40.4023,1663,0,0,0,0,1,0.665521,0,-7.886e-06,ok,0
BBMSInter,147,1128,249,280872,0.0505229,17510.5,40.4062,40.4062,3858,0,0,0,0,0,0.050535,0,-1.2123e-05,ok,0
BBMSDppInstant,147,1128,249,280872,0.0491595,17510.5,40.4062,61.7422,14888,0,0,0,0,0,0.029155,0.020017,-1.2533e-05,ok,0
BBMSDppStepwise,147,1128,249,280872,0.0564795,17510.5,40.4062,60.2461,14461,0,0,0,0,0,0.036685,0.019807,-1.2509e-05,ok,0
DijkstraPrims,147,1128,249,280872,0.0338179,17510.5,40.4102,40.4102,3252,0,0,0,0,0,0.024093,0.009737,-1.2055e-05,ok,0
BBMSCore,147,1128,249,280872,0.665822,17510.5,40.4102,40.4102,1663,0,0,0,0,3,0.665682,0,0.000139596,ok,1
BBMSInter,147,1128,249,280872,0.0504684,17510.5,40.4102,40.4102,3858,0,0,0,0,0,0.050482,0,-1.3586e-05,ok,1
BBMSDppInstant,147,1128,249,280872,0.0499639,17510.5,40.4102,61.7305,14888,0,0,0,0,0,0.02989,0.020088,-1.4068e-05,ok,1
BBMSDppStepwise,147,1128,249,280872,0.0571434,17510.5,40.4102,60.2344,14461,0,0,0,0,0,0.056713,0.000443,-1.2558e-05,ok,1
DijkstraPrims,147,1128,249,280872,0.0345316,17510.5,40.4102,40.4102,3252,0,0,0,0,0,0.034237,0.000308,-1.3411e-05,ok,1
BBMSCore,147,1128,249,280872,0.665855,17510.5,40.4102,40.4102,1663,0,0,0,0,4,0.655834,0.009853,0.00016819,ok,2
BBMSInter,147,1128,249,280872,0.0503312,17510.5,40.4102,40.4102,3858,0,0,0,0,0,0.04026,0.010082,-1.0752e-05,ok,2
BBMSDppInstant,147,1128,249,280872,0.0491821,17510.5,40.4102,61.7344,14888,0,0,0,0,0,0.020391,0.028802,-1.09e-05,ok,2
BBMSDppStepwise,147,1128,249,280872,0.0568461,17510.5,40.4102,60.2461,14461,0,0,0,0,0,0.035822,0.021037,-1.2878e-05,ok,2
DijkstraPrims,147,1128,249,280872,0.0338941,17510.5,40.4102,40.4102,3252,0,0,0,0,0,0.033908,0,-1.3925e-05,ok,2
BBMSCore,148,1128,455,513240,0.465095,21212.8,40.4141,40.4141,3027,0,0,0,0,4,0.464929,0,0.000165754,ok,0
BBMSInter,148,1128,455,513240,0.0292998,21212.8,40.4141,40.4141,7036,0,0,0,0,0,0.019293,0.010018,-1.1154e-05,ok,0
BBMSDppInstant,148,1128,455,513240,0.0794911,21212.8,40.4141,106.109,26263,0,0,0,0,0,0.04936,0.030147,-1.5944e-05,ok,0
BBMSDppStepwise,148,1128,455,513240,0.0854748,21212.8,40.4141,104.344,25811,0,0,0,0,0,0.045856,0.039631,-1.2214e-05,ok,0
DijkstraPrims,148,1128,455,513240,0.0196656,21212.8,40.4141,40.4141,1814,0,0,0,0,0,0.009632,0.010047,-1.3372e-05,ok,0
BBMSCore,148,1128,455,513240,0.465093,21212.8,40.4141,40.4141,3027,0,0,0,0,0,0.455159,0.009953,-1.8928e-05,ok,1
BBMSInter,148,1128,455,513240,0.0297399,21212.8,40.4141,40.4141,7036,0,0,0,0,0,0.019676,0.010077,-1.3136e-05,ok,1
BBMSDppInstant,148,1128,455,513240,0.0805361,21212.8,40.4141,106.117,26263,0,0,0,0,1,0.041638,0.038902,-3.874e-06,ok,1
BBMSDppStepwise,148,1128,455,513240,0.0864246,21212.8,40.4141,104.375,25811,0,0,0,0,0,0.056682,0.029757,-1.4394e-05,ok,1
DijkstraPrims,148,1128,455,513240,0.0196814,21212.8,40.4141,40.4141,1814,0,0,0,0,0,0.019696,0,-1.4624e-05,ok,1
BBMSCore,148,1128,455,513240,0.465285,21212.8,40.4141,40.4141,3027,0,0,0,0,2,0.464723,0.000434,0.000127897,ok,2
BBMSInter,148,1128,455,513240,0.0295324,21212.8,40.4141,40.4141,7036,0,0,0,0,0,0.019493,0.010052,-1.2582e-05,ok,2
BBMSDppInstant,148,1128,455,513240,0.0797365,21212.8,40.4141,106.109,26263,0,0,0,0,0,0.049626,0.030123,-1.2487e-05,ok,2
BBMSDppStepwise,148,1128,455,513240,0.0856496,21212.8,40.418,104.367,25811,0,0,0,0,0,0.056207,0.029456,-1.3387e-05,ok,2
DijkstraPrims,148,1128,455,513240,0.0195731,21212.8,40.418,40.418,1814,0,0,0,0,1,0.009485,0.010091,-2.891e-06,ok,2
BBMSCore,149,1128,20006,22566768,-1,-1,-1,-1,-1,-1,-1,-1,-1,-1,-1,-1,-1,timeout,0
BBMSInter,149,1128,20006,22566768,26.8474,1.48668e+06,40.418,1209.84,308879,0,0,0,0,98,26.4463,0.399959,0.00118113,ok,0
BBMSDppInstant,149,1128,20006,22566768,22.4074,1.48668e+06,40.4219,9714.31,2500959,0,0,0,0,90,19.2354,3.17091,0.00108197,ok,0
BBMSDppStepwise,149,1128,20006,22566768,15.51,1.48668e+06,40.4219,4538.61,1167702,0,0,0,0,56,14.0494,1.4599,0.000683948,ok,0
DijkstraPrims,149,1128,20006,22566768,4.77325,1.48668e+06,40.4219,654.109,204151,0,0,0,0,14,4.57277,0.200113,0.000367853,ok,0
BBMSCore,149,1128,20006,22566768,-1,-1,-1,-1,-1,-1,-1,-1,-1,-1,-1,-1,-1,timeout,1
BBMSInter,149,1128,20006,22566768,27.0543,1.48668e+06,40.4219,1209.86,308879,0,0,0,0,103,26.673,0.379904,0.00146745,ok,1
BBMSDppInstant,149,1128,20006,22566768,22.3911,1.48668e+06,40.4219,9714.38,2500959,0,0,0,0,88,19.13,3.2601,0.00100015,ok,1
BBMSDppStepwise,149,1128,20006,22566768,15.1077,1.48668e+06,40.4219,4538.61,1167702,0,0,0,0,67,13.7868,1.32001,0.000901326,ok,1
DijkstraPrims,149,1128,20006,22566768,4.63268,1.48668e+06,40.4219,654.078,204151,0,0,0,0,18,4.37232,0.260195,0.000159713,ok,1
BBMSCore,149,1128,20006,22566768,-1,-1,-1,-1,-1,-1,-1,-1,-1,-1,-1,-1,-1,timeout,2
BBMSInter,149,1128,20006,22566768,24.7316,1.48668e+06,40.4219,1209.86,308879,0,0,0,0,94,24.3305,0.400015,0.00110142,ok,2
BBMSDppInstant,149,1128,20006,22566768,22.2175,1.48668e+06,40.4219,9714.27,2500959,0,0,0,0,83,18.8068,3.40958,0.00108284,ok,2
BBMSDppStepwise,149,1128,20006,22566768,15.546,1.48668e+06,40.4219,4538.48,1167702,0,0,0,0,71,14.2149,1.33017,0.000898431,ok,2
DijkstraPrims,149,1128,20006,22566768,4.80541,1.48668e+06,40.4219,653.945,204151,0,0,0,0,21,4.61493,0.190238,0.000240991,ok,2
BBMSCore,150,1128,1899,2142072,6.49567,2.08776e+07,40.4258,52.8633,12578,0,0,0,0,26,6.47505,0.019889,0.000728756,ok,0
BBMSInter,150,1128,1899,2142072,0.226309,2.08776e+07,40.4258,118.367,29313,0,0,0,0,0,0.186492,0.039836,-1.8777e-05,ok,0
BBMSDppInstant,150,1128,1899,2142072,0.368884,2.08776e+07,40.4258,443.148,112909,0,0,0,0,2,0.24875,0.120133,1.369e-06,ok,0
BBMSDppStepwise,150,1128,1899,2142072,0.400246,2.08776e+07,40.4258,426.164,108509,0,0,0,0,0,0.261808,0.138457,-1.872e-05,ok,0
DijkstraPrims,150,1128,1899,2142072,0.0872386,2.08776e+07,40.4258,40.4258,6411,0,0,0,0,0,0.077262,0.00999,-1.3388e-05,ok,0
BBMSCore,150,1128,1899,2142072,6.49573,2.08776e+07,40.4258,52.8672,12578,0,0,0,0,20,6.47516,0.019991,0.000574551,ok,1
BBMSInter,150,1128,1899,2142072,0.231669,2.08776e+07,40.4258,118.352,29313,0,0,0,0,2,0.191344,0.040316,8.56e-06,ok,1
BBMSDppInstant,150,1128,1899,2142072,0.372041,2.08776e+07,40.4258,443.137,112909,0,0,0,0,0,0.220961,0.151097,-1.7394e-05,ok,1
BBMSDppStepwise,150,1128,1899,2142072,0.400311,2.08776e+07,40.4258,426.039,108509,0,0,0,0,2,0.222335,0.177957,1.9096e-05,ok,1
DijkstraPrims,150,1128,1899,2142072,0.0904929,2.08776e+07,40.4297,40.4297,6411,0,0,0,0,0,0.090506,0,-1.3128e-05,ok,1
BBMSCore,150,1128,1899,2142072,6.49508,2.08776e+07,40.4297,52.9922,12578,0,0,0,0,29,6.4836,0.010008,0.00147618,ok,2
BBMSInter,150,1128,1899,2142072,0.22732,2.08776e+07,40.4297,118.367,29313,0,0,0,0,0,0.207392,0.019944,-1.6467e-05,ok,2
BBMSDppInstant,150,1128,1899,2142072,0.378624,2.08776e+07,40.4297,443.129,112909,0,0,0,0,0,0.187993,0.190636,-4.555e-06,ok,2
BBMSDppStepwise,150,1128,1899,2142072,0.402718,2.08776e+07,40.4297,425.988,108509,0,0,0,0,1,0.283863,0.118861,-5.749e-06,ok,2
DijkstraPrims,150,1128,1899,2142072,0.0888502,2.08776e+07,40.4297,40.4297,6411,0,0,0,0,0,0.068754,0.020109,-1.2753e-05,ok,2
BBMSCore,151,1128,63,71064,0.0896658,30958.8,40.4336,40.4336,428,0,0,0,0,0,0.08968,0,-1.4242e-05,ok,0
BBMSInter,151,1128,63,71064,0.00287057,30958.8,40.4336,40.4336,983,0,0,0,0,0,0.002721,0.00016,-1.0433e-05,ok,0
BBMSDppInstant,151,1128,63,71064,0.0102294,30958.8,40.4336,40.4336,3697,0,0,0,0,0,6.8e-05,0.010174,-1.2608e-05,ok,0
BBMSDppStepwise,151,1128,63,71064,0.010409,30958.8,40.4375,40.4375,3660,0,0,0,0,0,0.000225,0.010196,-1.1954e-05,ok,0
DijkstraPrims,151,1128,63,71064,0.00110918,30958.8,40.4375,40.4375,92,0,0,0,0,0,0.001056,6.6e-05,-1.2817e-05,ok,0
BBMSCore,151,1128,63,71064,0.089716,30958.8,40.4375,40.4375,428,0,0,0,0,0,0.089729,0,-1.3009e-05,ok,1
BBMSInter,151,1128,63,71064,0.00289746,30958.8,40.4375,40.4375,983,0,0,0,0,0,0.002909,0,-1.154e-05,ok,1
BBMSDppInstant,151,1128,63,71064,0.0102973,30958.8,40.4375,40.4375,3697,0,0,0,0,0,0.0103,9e-06,-1.1662e-05,ok,1
BBMSDppStepwise,151,1128,63,71064,0.0103819,30958.8,40.4375,40.4375,3660,0,0,0,0,0,0.000281,0.010114,-1.3104e-05,ok,1
DijkstraPrims,151,1128,63,71064,0.00111062,30958.8,40.4375,40.4375,92,0,0,0,0,0,0.000998,0.000124,-1.1379e-05,ok,1
BBMSCore,151,1128,63,71064,0.0897372,30958.8,40.4375,40.4375,428,0,0,0,0,0,0.089751,0,-1.3831e-05,ok,2
BBMSInter,151,1128,63,71064,0.00296422,30958.8,40.4375,40.4375,983,0,0,0,0,0,0.002977,0,-1.2785e-05,ok,2
BBMSDppInstant,151,1128,63,71064,0.0103197,30958.8,40.4375,40.4375,3697,0,0,0,0,0,0.010335,0,-1.5336e-05,ok,2
BBMSDppStepwise,151,1128,63,71064,0.0102798,30958.8,40.4375,40.4375,3660,0,0,0,0,0,0.000152,0.010139,-1.125e-05,ok,2
DijkstraPrims,151,1128,63,71064,0.0011122,30958.8,40.4375,40.4375,92,0,0,0,0,0,0.001122,0,-9.803e-06,ok,2
BBMSCore,152,1128,2142,2416176,9.728,28770.9,40.4414,59.2422,14197,0,0,0,0,38,9.71714,0.01,0.00086221,ok,0
BBMSInter,152,1128,2142,2416176,0.24237,28770.9,40.4414,133,33073,0,0,0,0,0,0.202477,0.039909,-1.5518e-05,ok,0
BBMSDppInstant,152,1128,2142,2416176,0.37502,28770.9,40.4414,482.898,123471,0,0,0,0,1,0.185229,0.189794,-2.579e-06,ok,0
BBMSDppStepwise,152,1128,2142,2416176,0.390615,28770.9,40.4414,479.355,122554,0,0,0,0,1,0.229505,0.161115,-4.899e-06,ok,0
DijkstraPrims,152,1128,2142,2416176,0.0654074,28770.9,40.4414,40.4414,6175,0,0,0,0,1,0.065088,0.000315,4.434e-06,ok,0
BBMSCore,152,1128,2142,2416176,9.72693,28770.9,40.4414,59.1016,14197,0,0,0,0,38,9.70612,0.020006,0.000799692,ok,1
BBMSInter,152,1128,2142,2416176,0.242407,28770.9,40.4414,132.98,33073,0,0,0,0,0,0.201902,0.040522,-1.7201e-05,ok,1
BBMSDppInstant,152,1128,2142,2416176,0.377259,28770.9,40.4414,482.914,123471,0,0,0,0,0,0.26713,0.110147,-1.7577e-05,ok,1
BBMSDppStepwise,152,1128,2142,2416176,0.391345,28770.9,40.4414,479.332,122554,0,0,0,0,1,0.222422,0.168925,-2.22e-06,ok,1
DijkstraPrims,152,1128,2142,2416176,0.0660332,28770.9,40.4414,40.4414,6175,0,0,0,0,0,0.056079,0.009968,-1.3831e-05,ok,1
BBMSCore,152,1128,2142,2416176,9.72816,28770.9,40.4414,59.2188,14197,0,0,0,0,38,9.70682,0.020001,0.0013358,ok,2
BBMSInter,152,1128,2142,2416176,0.242862,28770.9,40.4414,132.992,33073,0,0,0,0,0,0.203107,0.039769,-1.4338e-05,ok,2
BBMSDppInstant,152,1128,2142,2416176,0.379871,28770.9,40.4414,482.73,123471,0,0,0,0,0,0.24908,0.130807,-1.5649e-05,ok,2
BBMSDppStepwise,152,1128,2142,2416176,0.395446,28770.9,40.4414,479.316,122554,0,0,0,0,2,0.215715,0.17965,8.141e-05,ok,2
DijkstraPrims,152,1128,2142,2416176,0.0657877,28770.9,40.4414,40.4414,6175,0,0,0,0,0,0.0658,0,-1.2341e-05,ok,2
BBMSCore,153,1191,185,220335,0.316071,33093.2,40.4453,40.4453,1309,0,0,0,0,1,0.316075,0,-3.99e-06,ok,0
BBMSInter,153,1191,185,220335,0.00949454,33093.2,40.4453,40.4453,3030,0,0,0,0,0,0.009506,0,-1.1462e-05,ok,0
BBMSDppInstant,153,1191,185,220335,0.0350392,33093.2,40.4453,50.3672,11920,0,0,0,0,0,0.015141,0.019909,-1.0833e-05,ok,0
BBMSDppStepwise,153,1191,185,220335,0.0395125,33093.2,40.4453,48.1055,11410,0,0,0,0,1,0.019148,0.020355,9.521e-06,ok,0
DijkstraPrims,153,1191,185,220335,0.00970575,33093.2,40.4453,40.4453,773,0,0,0,0,0,0.009719,0,-1.3251e-05,ok,0
BBMSCore,153,1191,185,220335,0.316507,33093.2,40.4492,40.4492,1309,0,0,0,0,1,0.316505,7e-06,-4.615e-06,ok,1
BBMSInter,153,1191,185,220335,0.00978229,33093.2,40.4492,40.4492,3030,0,0,0,0,0,0,0.009797,-1.4712e-05,ok,1
BBMSDppInstant,153,1191,185,220335,0.0356456,33093.2,40.4492,50.3672,11920,0,0,0,0,0,0.03566,0,-1.4401e-05,ok,1
BBMSDppStepwise,153,1191,185,220335,0.0395202,33093.2,40.4492,48.375,11410,0,0,0,0,1,0.019076,0.02045,-5.833e-06,ok,1
DijkstraPrims,153,1191,185,220335,0.00973989,33093.2,40.4492,40.4492,773,0,0,0,0,0,0.009739,1.4e-05,-1.3113e-05,ok,1
BBMSCore,153,1191,185,220335,0.316745,33093.2,40.4492,40.4492,1309,0,0,0,0,2,0.306521,0.010014,0.000209584,ok,2
BBMSInter,153,1191,185,220335,0.00960116,33093.2,40.4492,40.4492,3030,0,0,0,0,0,0.009613,0,-1.1837e-05,ok,2
BBMSDppInstant,153,1191,185,220335,0.0358748,33093.2,40.4492,50.3672,11920,0,0,0,0,0,0.026136,0.009754,-1.5164e-05,ok,2
BBMSDppStepwise,153,1191,185,220335,0.0386289,33093.2,40.4492,48.3672,11410,0,0,0,0,0,0.008181,0.030461,-1.3143e-05,ok,2
DijkstraPrims,153,1191,185,220335,0.00969274,33093.2,40.4531,40.4531,773,0,0,0,0,0,0.009698,5e-06,-1.0258e-05,ok,2
BBMSCore,154,1191,313,372783,0.186208,41701.9,40.457,40.457,2202,0,0,0,0,0,0.185896,0.000326,-1.437e-05,ok,0
BBMSInter,154,1191,313,372783,0.0243067,41701.9,40.457,40.457,5114,0,0,0,0,0,0.024319,0,-1.2338e-05,ok,0
BBMSDppInstant,154,1191,313,372783,0.0630559,41701.9,40.457,81.1406,19860,0,0,0,0,0,0.042426,0.020641,-1.1145e-05,ok,0
BBMSDppStepwise,154,1191,313,372783,0.0675337,41701.9,40.457,79.4414,19423,0,0,0,0,0,0.03743,0.030117,-1.3292e-05,ok,0
DijkstraPrims,154,1191,313,372783,0.0244817,41701.9,40.457,40.457,1835,0,0,0,0,0,0.024493,0,-1.1337e-05,ok,0
BBMSCore,154,1191,313,372783,0.186174,41701.9,40.457,40.457,2202,0,0,0,0,1,0.18618,0,-5.666e-06,ok,1
BBMSInter,154,1191,313,372783,0.0241982,41701.9,40.457,40.457,5114,0,0,0,0,0,0.014043,0.010168,-1.2765e-05,ok,1
BBMSDppInstant,154,1191,313,372783,0.0626977,41701.9,40.457,81.1445,19860,0,0,0,0,1,0.03284,0.029858,-2.95e-07,ok,1
BBMSDppStepwise,154,1191,313,372783,0.068066,41701.9,40.457,79.4648,19423,0,0,0,0,0,0.05836,0.009719,-1.3029e-05,ok,1
DijkstraPrims,154,1191,313,372783,0.0244613,41701.9,40.457,40.457,1835,0,0,0,0,0,0.024472,0,-1.0667e-05,ok,1
BBMSCore,154,1191,313,372783,0.186427,41701.9,40.457,40.457,2202,0,0,0,0,1,0.186308,0,0.000118833,ok,2
BBMSInter,154,1191,313,372783,0.0243063,41701.9,40.457,40.457,5114,0,0,0,0,0,0.024318,0,-1.1673e-05,ok,2
BBMSDppInstant,154,1191,313,372783,0.0625147,41701.9,40.457,81.168,19860,0,0,0,0,1,0.042801,0.019713,6.76e-07,ok,2
BBMSDppStepwise,154,1191,313,372783,0.0690041,41701.9,40.457,79.4492,19423,0,0,0,0,0,0.03979,0.029227,-1.2907e-05,ok,2
DijkstraPrims,154,1191,313,372783,0.0248018,41701.9,40.457,40.457,1835,0,0,0,0,0,0.014843,0.009971,-1.2163e-05,ok,2
BBMSCore,155,1191,1380,1643580,3.3574,32547.5,40.4609,41.5938,9655,0,0,0,0,16,3.34707,0.009987,0.000334044,ok,0
BBMSInter,155,1191,1380,1643580,0.121076,32547.5,40.4648,91.7422,22495,0,0,0,0,2,0.081892,0.0391,8.3685e-05,ok,0
BBMSDppInstant,155,1191,1380,1643580,0.301851,32547.5,40.4648,348.566,89020,0,0,0,0,1,0.169836,0.13202,-4.579e-06,ok,0
BBMSDppStepwise,155,1191,1380,1643580,0.35001,32547.5,40.4648,331.363,84249,0,0,0,0,4,0.220934,0.129018,5.783e-05,ok,0
DijkstraPrims,155,1191,1380,1643580,0.0870806,32547.5,40.4648,40.4648,6444,0,0,0,0,0,0.087093,0,-1.2435e-05,ok,0
BBMSCore,155,1191,1380,1643580,3.35677,32547.5,40.4648,41.5898,9655,0,0,0,0,12,3.3463,0.010005,0.000463014,ok,1
BBMSInter,155,1191,1380,1643580,0.119949,32547.5,40.4688,91.7422,22495,0,0,0,0,1,0.099585,0.020365,-5.34e-07,ok,1
BBMSDppInstant,155,1191,1380,1643580,0.302966,32547.5,40.4688,348.543,89020,0,0,0,0,0,0.160362,0.142617,-1.2956e-05,ok,1
BBMSDppStepwise,155,1191,1380,1643580,0.3511,32547.5,40.4688,331.355,84249,0,0,0,0,1,0.25133,0.099738,3.2193e-05,ok,1
DijkstraPrims,155,1191,1380,1643580,0.0876375,32547.5,40.4688,40.4688,6444,0,0,0,0,0,0.077866,0.009785,-1.3545e-05,ok,1
BBMSCore,155,1191,1380,1643580,3.35865,32547.5,40.4688,41.6172,9655,0,0,0,0,12,3.34803,0.01001,0.000610149,ok,2
BBMSInter,155,1191,1380,1643580,0.120374,32547.5,40.4688,91.7539,22495,0,0,0,0,0,0.100638,0.019749,-1.2833e-05,ok,2
BBMSDppInstant,155,1191,1380,1643580,0.303398,32547.5,40.4688,348.57,89020,0,0,0,0,3,0.213592,0.089788,1.7753e-05,ok,2
BBMSDppStepwise,155,1191,1380,1643580,0.351725,32547.5,40.4688,331.359,84249,0,0,0,0,4,0.26189,0.089798,3.7137e-05,ok,2
DijkstraPrims,155,1191,1380,1643580,0.0875318,32547.5,40.4688,40.4688,6444,0,0,0,0,0,0.087543,0,-1.1245e-05,ok,2
BBMSCore,156,1191,1118,1331538,2.11505,123336,40.4688,40.4688,7826,0,0,0,0,7,2.10444,0.010185,0.000427603,ok,0
BBMSInter,156,1191,1118,1331538,0.257722,123336,40.4727,75.125,18229,0,0,0,0,2,0.237531,0.020181,9.881e-06,ok,0
BBMSDppInstant,156,1191,1118,1331538,0.263663,123336,40.4727,280,71469,0,0,0,0,0,0.163357,0.100319,-1.2899e-05,ok,0
BBMSDppStepwise,156,1191,1118,1331538,0.352706,123336,40.4727,271.613,68937,0,0,0,0,1,0.272804,0.0799,2.461e-06,ok,0
DijkstraPrims,156,1191,1118,1331538,0.0420383,123336,40.4727,40.4727,3499,0,0,0,0,0,0.042049,0,-1.0658e-05,ok,0
BBMSCore,156,1191,1118,1331538,2.11523,123336,40.4727,40.4727,7826,0,0,0,0,10,2.10495,0.010006,0.000272476,ok,1
BBMSInter,156,1191,1118,1331538,0.258313,123336,40.4727,75.1172,18229,0,0,0,0,3,0.228626,0.029665,2.2202e-05,ok,1
BBMSDppInstant,156,1191,1118,1331538,0.264116,123336,40.4727,280.012,71469,0,0,0,0,0,0.153898,0.110232,-1.4467e-05,ok,1
BBMSDppStepwise,156,1191,1118,1331538,0.354137,123336,40.4727,271.605,68937,0,0,0,0,0,0.304105,0.050046,-1.4404e-05,ok,1
DijkstraPrims,156,1191,1118,1331538,0.0417384,123336,40.4727,40.4727,3499,0,0,0,0,1,0.031799,0.00994,-6.44e-07,ok,1
BBMSCore,156,1191,1118,1331538,2.11495,123336,40.4727,40.4727,7826,0,0,0,0,7,2.10465,0.010003,0.00029511,ok,2
BBMSInter,156,1191,1118,1331538,0.262371,123336,40.4727,75.1172,18229,0,0,0,0,1,0.232327,0.030046,-2.427e-06,ok,2
BBMSDppInstant,156,1191,1118,1331538,0.263173,123336,40.4727,280,71469,0,0,0,0,0,0.171177,0.09201,-1.3887e-05,ok,2
BBMSDppStepwise,156,1191,1118,1331538,0.352246,123336,40.4727,271.422,68937,0,0,0,0,0,0.272378,0.079883,-1.5402e-05,ok,2
DijkstraPrims,156,1191,1118,1331538,0.0421986,123336,40.4727,40.4727,3499,0,0,0,0,0,0.042213,0,-1.4444e-05,ok,2
BBMSCore,157,1191,58,69078,0.253629,26025.8,40.4766,40.4766,420,0,0,0,0,1,0.253635,0,-5.991e-06,ok,0
BBMSInter,157,1191,58,69078,0.009079,26025.8,40.4766,40.4766,960,0,0,0,0,0,0.008586,0.000505,-1.1995e-05,ok,0
BBMSDppInstant,157,1191,58,69078,0.0107967,26025.8,40.4766,40.4766,3565,0,0,0,0,0,0.010807,0,-1.0332e-05,ok,0
BBMSDppStepwise,157,1191,58,69078,0.0107746,26025.8,40.4766,40.4766,3548,0,0,0,0,0,0.000312,0.010473,-1.041e-05,ok,0
DijkstraPrims,157,1191,58,69078,0.00100796,26025.8,40.4766,40.4766,85,0,0,0,0,0,0.001019,0,-1.1039e-05,ok,0
BBMSCore,157,1191,58,69078,0.25378,26025.8,40.4766,40.4766,420,0,0,0,0,2,0.253778,0,1.844e-06,ok,1
BBMSInter,157,1191,58,69078,0.00893298,26025.8,40.4805,40.4805,960,0,0,0,0,0,0.008945,0,-1.2015e-05,ok,1
BBMSDppInstant,157,1191,58,69078,0.0106639,26025.8,40.4805,40.4805,3565,0,0,0,0,0,0.010629,4.5e-05,-1.0106e-05,ok,1
BBMSDppStepwise,157,1191,58,69078,0.01072,26025.8,40.4844,40.4844,3548,0,0,0,0,0,0.01073,0,-1.0044e-05,ok,1
DijkstraPrims,157,1191,58,69078,0.00100079,26025.8,40.4844,40.4844,85,0,0,0,0,0,0.001013,0,-1.221e-05,ok,1
BBMSCore,157,1191,58,69078,0.253557,26025.8,40.4844,40.4844,420,0,0,0,0,0,0.253571,0,-1.3562e-05,ok,2
BBMSInter,157,1191,58,69078,0.00886391,26025.8,40.4844,40.4844,960,0,0,0,0,0,0.008873,0,-9.094e-06,ok,2
BBMSDppInstant,157,1191,58,69078,0.0105772,26025.8,40.4844,40.4844,3565,0,0,0,0,0,0.010588,0,-1.0843e-05,ok,2
BBMSDppStepwise,157,1191,58,69078,0.0110902,26025.8,40.4844,40.4844,3548,0,0,0,0,0,0.011103,0,-1.2779e-05,ok,2
DijkstraPrims,157,1191,58,69078,0.0010024,26025.8,40.4844,40.4844,85,0,0,0,0,0,0.001014,0,-1.1597e-05,ok,2
BBMSCore,158,1191,1917,2283147,5.27863,18843.9,40.4844,56.2422,13417,0,0,0,0,21,5.26792,0.010011,0.0007049,ok,0
BBMSInter,158,1191,1917,2283147,0.320913,18843.9,40.4883,125.996,31254,0,0,0,0,1,0.270989,0.049927,-2.66e-06,ok,0
BBMSDppInstant,158,1191,1917,2283147,0.463077,18843.9,40.4883,469.273,119546,0,0,0,0,1,0.332799,0.130281,-2.738e-06,ok,0
BBMSDppStepwise,158,1191,1917,2283147,0.50203,18843.9,40.4883,458.48,116803,0,0,0,0,1,0.344202,0.157837,-8.554e-06,ok,0
DijkstraPrims,158,1191,1917,2283147,0.0357391,18843.9,40.4883,40.4883,2755,0,0,0,0,0,0.026001,0.009748,-9.851e-06,ok,0
BBMSCore,158,1191,1917,2283147,5.28159,18843.9,40.4883,56.25,13417,0,0,0,0,23,5.27064,0.009997,0.000949575,ok,1
BBMSInter,158,1191,1917,2283147,0.31777,18843.9,40.4883,126,31254,0,0,0,0,2,0.287963,0.029796,1.127e-05,ok,1
BBMSDppInstant,158,1191,1917,2283147,0.460438,18843.9,40.4883,469.121,119546,0,0,0,0,8,0.260888,0.199443,0.000106861,ok,1
BBMSDppStepwise,158,1191,1917,2283147,0.498947,18843.9,40.4883,458.535,116803,0,0,0,0,1,0.319759,0.179192,-4.451e-06,ok,1
DijkstraPrims,158,1191,1917,2283147,0.0356659,18843.9,40.4883,40.4883,2755,0,0,0,0,0,0.035678,0,-1.2117e-05,ok,1
BBMSCore,158,1191,1917,2283147,5.27527,18843.9,40.4883,56.2422,13417,0,0,0,0,24,5.26508,0.010005,0.000184313,ok,2
BBMSInter,158,1191,1917,2283147,0.319208,18843.9,40.4883,125.988,31254,0,0,0,0,1,0.279338,0.039869,8.81e-07,ok,2
BBMSDppInstant,158,1191,1917,2283147,0.454563,18843.9,40.4883,469.258,119546,0,0,0,0,0,0.306278,0.1483,-1.4983e-05,ok,2
BBMSDppStepwise,158,1191,1917,2283147,0.501326,18843.9,40.4883,458.504,116803,0,0,0,0,3,0.371427,0.129858,4.0977e-05,ok,2
DijkstraPrims,158,1191,1917,2283147,0.0354829,18843.9,40.4883,40.4883,2755,0,0,0,0,0,0.035215,0.000278,-1.0115e-05,ok,2
BBMSCore,159,1191,249,296559,1.35568,22042.4,40.4922,40.4922,1755,0,0,0,0,6,1.35542,6.3e-05,0.000194471,ok,0
BBMSInter,159,1191,249,296559,0.0763949,22042.4,40.4922,40.4922,4072,0,0,0,0,1,0.075972,0.000266,0.000156897,ok,0
BBMSDppInstant,159,1191,249,296559,0.0513113,22042.4,40.4922,63.4219,15326,0,0,0,0,0,0.021198,0.030127,-1.3651e-05,ok,0
BBMSDppStepwise,159,1191,249,296559,0.061371,22042.4,40.4922,62.2422,15027,0,0,0,0,1,0.051354,0.010019,-2.005e-06,ok,0
DijkstraPrims,159,1191,249,296559,0.032559,22042.4,40.4922,40.4922,3320,0,0,0,0,0,0.032572,0,-1.2996e-05,ok,0
BBMSCore,159,1191,249,296559,1.35555,22042.4,40.4922,40.4922,1755,0,0,0,0,7,1.34521,0.009963,0.000378544,ok,1
BBMSInter,159,1191,249,296559,0.079075,22042.4,40.4922,40.4922,4072,0,0,0,0,1,0.069105,0.009974,-3.951e-06,ok,1
BBMSDppInstant,159,1191,249,296559,0.0518452,22042.4,40.4922,63.4102,15326,0,0,0,0,0,0.021796,0.030064,-1.4789e-05,ok,1
BBMSDppStepwise,159,1191,249,296559,0.0621439,22042.4,40.4922,62.2422,15027,0,0,0,0,1,0.0521,0.010039,4.873e-06,ok,1
DijkstraPrims,159,1191,249,296559,0.0326847,22042.4,40.4961,40.4961,3320,0,0,0,0,0,0.032697,0,-1.2331e-05,ok,1
BBMSCore,159,1191,249,296559,1.35582,22042.4,40.4961,40.4961,1755,0,0,0,0,7,1.35557,0,0.000242418,ok,2
BBMSInter,159,1191,249,296559,0.0766121,22042.4,40.4961,40.4961,4072,0,0,0,0,1,0.076389,0,0.000223068,ok,2
BBMSDppInstant,159,1191,249,296559,0.0514387,22042.4,40.4961,63.4102,15326,0,0,0,0,1,0.021444,0.029984,1.0695e-05,ok,2
BBMSDppStepwise,159,1191,249,296559,0.0622761,22042.4,40.4961,62.2422,15027,0,0,0,0,0,0.042211,0.020077,-1.1891e-05,ok,2
DijkstraPrims,159,1191,249,296559,0.0327653,22042.4,40.4961,40.4961,3320,0,0,0,0,0,0.03278,0,-1.4673e-05,ok,2
BBMSCore,160,1191,455,541905,2.78936,17992.2,40.4961,40.4961,3195,0,0,0,0,11,2.77873,0.009994,0.000636188,ok,0
BBMSInter,160,1191,455,541905,0.0590638,17992.2,40.5,40.5,7428,0,0,0,0,0,0.049179,0.009896,-1.1189e-05,ok,0
BBMSDppInstant,160,1191,455,541905,0.0926246,17992.2,40.5,114.508,28394,0,0,0,0,0,0.053744,0.038891,-1.0447e-05,ok,0
BBMSDppStepwise,160,1191,455,541905,0.101245,17992.2,40.5,113.312,28115,0,0,0,0,2,0.071184,0.030051,9.765e-06,ok,0
DijkstraPrims,160,1191,455,541905,0.0168643,17992.2,40.5,40.5,1642,0,0,0,0,0,0.016876,0,-1.1707e-05,ok,0
BBMSCore,160,1191,455,541905,2.7925,17992.2,40.5,40.5,3195,0,0,0,0,11,2.79155,0,0.000949447,ok,1
BBMSInter,160,1191,455,541905,0.0622456,17992.2,40.5,40.5,7428,0,0,0,0,0,0.052875,0.009383,-1.2381e-05,ok,1
BBMSDppInstant,160,1191,455,541905,0.092472,17992.2,40.5,114.484,28394,0,0,0,0,0,0.062284,0.030201,-1.2973e-05,ok,1
BBMSDppStepwise,160,1191,455,541905,0.101277,17992.2,40.5,113.352,28115,0,0,0,0,1,0.051173,0.050105,-1.051e-06,ok,1
DijkstraPrims,160,1191,455,541905,0.016982,17992.2,40.5,40.5,1642,0,0,0,0,0,0.006647,0.010345,-9.972e-06,ok,1
BBMSCore,160,1191,455,541905,2.79188,17992.2,40.5039,40.5039,3195,0,0,0,0,12,2.78128,0.010002,0.000598717,ok,2
BBMSInter,160,1191,455,541905,0.0600264,17992.2,40.5039,40.5039,7428,0,0,0,0,0,0.050046,0.009995,-1.4561e-05,ok,2
BBMSDppInstant,160,1191,455,541905,0.0947039,17992.2,40.5039,114.484,28394,0,0,0,0,0,0.05414,0.040578,-1.414e-05,ok,2
BBMSDppStepwise,160,1191,455,541905,0.102406,17992.2,40.5039,113.352,28115,0,0,0,0,1,0.082169,0.020238,-5.6e-07,ok,2
DijkstraPrims,160,1191,455,541905,0.0169711,17992.2,40.5039,40.5039,1642,0,0,0,0,0,0.007145,0.009838,-1.1911e-05,ok,2
BBMSCore,161,1191,20006,23827146,282.604,1.49047e+06,40.5078,550,139961,0,0,0,0,1038,282.426,0.169996,0.00793891,ok,0
BBMSInter,161,1191,20006,23827146,6.5181,1.49047e+06,40.5078,1276.99,326110,0,0,0,0,29,6.11805,0.399822,0.000225781,ok,0
BBMSDppInstant,161,1191,20006,23827146,11.384,1.49047e+06,40.5078,5737.67,1480058,0,0,0,0,44,9.67316,1.71045,0.000420433,ok,0
BBMSDppStepwise,161,1191,20006,23827146,20.5807,1.49047e+06,40.5078,4786.65,1231223,0,0,0,0,94,19.1597,1.41993,0.00111972,ok,0
DijkstraPrims,161,1191,20006,23827146,3.56742,1.49047e+06,40.5078,421.945,129956,0,0,0,0,14,3.36743,0.199822,0.000173355,ok,0
BBMSCore,161,1191,20006,23827146,281.789,1.49047e+06,40.5078,549.98,139961,0,0,0,0,955,281.621,0.159994,0.00762774,ok,1
BBMSInter,161,1191,20006,23827146,6.77296,1.49047e+06,40.5078,1277.09,326110,0,0,0,0,23,6.37265,0.40005,0.000258396,ok,1
BBMSDppInstant,161,1191,20006,23827146,10.8038,1.49047e+06,40.5078,5737.61,1480058,0,0,0,0,46,8.83451,1.96864,0.000649509,ok,1
BBMSDppStepwise,161,1191,20006,23827146,20.21,1.49047e+06,40.5078,4786.76,1231223,0,0,0,0,74,18.6895,1.51985,0.000704003,ok,1
DijkstraPrims,161,1191,20006,23827146,3.46542,1.49047e+06,40.5078,421.766,129956,0,0,0,0,20,3.28541,0.179751,0.000258334,ok,1
BBMSCore,161,1191,20006,23827146,281.532,1.49047e+06,40.5117,549.984,139961,0,0,0,0,1135,281.363,0.159996,0.0091408,ok,2
BBMSInter,161,1191,20006,23827146,6.76113,1.49047e+06,40.5117,1277.17,326110,0,0,0,0,31,6.35088,0.409957,0.000292472,ok,2
BBMSDppInstant,161,1191,20006,23827146,10.8638,1.49047e+06,40.5117,5737.59,1480058,0,0,0,0,45,8.91288,1.95036,0.000519093,ok,2
BBMSDppStepwise,161,1191,20006,23827146,20.476,1.49047e+06,40.5117,4786.58,1231223,0,0,0,0,85,18.8553,1.61957,0.00116852,ok,2
DijkstraPrims,161,1191,20006,23827146,3.5501,1.49047e+06,40.5117,421.93,129956,0,0,0,0,13,3.33979,0.209951,0.000358502,ok,2
BBMSCore,162,1191,1899,2261709,6.54523,2.08742e+07,40.5117,55.7422,13292,0,0,0,0,30,6.52449,0.019986,0.000751359,ok,0
BBMSInter,162,1191,1899,2261709,0.210978,2.08742e+07,40.5156,124.73,30961,0,0,0,0,0,0.190964,0.020028,-1.3905e-05,ok,0
BBMSDppInstant,162,1191,1899,2261709,0.414327,2.08742e+07,40.5156,466.484,118852,0,0,0,0,2,0.275675,0.138644,8.072e-06,ok,0
BBMSDppStepwise,162,1191,1899,2261709,0.446653,2.08742e+07,40.5156,453.719,115553,0,0,0,0,2,0.337271,0.109374,7.519e-06,ok,0
DijkstraPrims,162,1191,1899,2261709,0.172584,2.08742e+07,40.5156,42.1289,11430,0,0,0,0,1,0.152433,0.020145,5.6e-06,ok,0
BBMSCore,162,1191,1899,2261709,6.52957,2.08742e+07,40.5156,55.75,13292,0,0,0,0,21,6.49822,0.02999,0.00136865,ok,1
BBMSInter,162,1191,1899,2261709,0.209428,2.08742e+07,40.5156,124.738,30961,0,0,0,0,0,0.159506,0.049938,-1.5717e-05,ok,1
BBMSDppInstant,162,1191,1899,2261709,0.412659,2.08742e+07,40.5156,466.492,118852,0,0,0,0,1,0.292065,0.120575,1.8841e-05,ok,1
BBMSDppStepwise,162,1191,1899,2261709,0.448965,2.08742e+07,40.5156,453.684,115553,0,0,0,0,3,0.279033,0.169901,3.053e-05,ok,1
DijkstraPrims,162,1191,1899,2261709,0.169339,2.08742e+07,40.5156,42.1328,11430,0,0,0,0,2,0.149379,0.019951,8.674e-06,ok,1
BBMSCore,162,1191,1899,2261709,6.5363,2.08742e+07,40.5156,55.7422,13292,0,0,0,0,25,6.51562,0.020006,0.000673404,ok,2
BBMSInter,162,1191,1899,2261709,0.215786,2.08742e+07,40.5156,124.75,30961,0,0,0,0,0,0.166309,0.049494,-1.7377e-05,ok,2
BBMSDppInstant,162,1191,1899,2261709,0.412259,2.08742e+07,40.5156,466.523,118852,0,0,0,0,2,0.251801,0.160447,1.072e-05,ok,2
BBMSDppStepwise,162,1191,1899,2261709,0.445874,2.08742e+07,40.5156,453.703,115553,0,0,0,0,1,0.284274,0.161608,-7.717e-06,ok,2
DijkstraPrims,162,1191,1899,2261709,0.173004,2.08742e+07,40.5156,42.1016,11430,0,0,0,0,1,0.172991,0,1.2936e-05,ok,2
BBMSCore,163,1191,63,75033,0.160847,27553.1,40.5195,40.5195,455,0,0,0,0,0,0.160862,0,-1.4695e-05,ok,0
BBMSInter,163,1191,63,75033,0.0124299,27553.1,40.5195,40.5195,1041,0,0,0,0,0,0.012441,0,-1.1057e-05,ok,0
BBMSDppInstant,163,1191,63,75033,0.0117545,27553.1,40.5195,40.5195,3947,0,0,0,0,0,0.002156,0.00961,-1.1483e-05,ok,0
BBMSDppStepwise,163,1191,63,75033,0.0119249,27553.1,40.5195,40.5195,3932,0,0,0,0,0,0.011937,0,-1.2127e-05,ok,0
DijkstraPrims,163,1191,63,75033,0.00169459,27553.1,40.5195,40.5195,150,0,0,0,0,0,0.001529,0.000179,-1.3408e-05,ok,0
BBMSCore,163,1191,63,75033,0.161443,27553.1,40.5195,40.5195,455,0,0,0,0,0,0.161456,0,-1.2911e-05,ok,1
BBMSInter,163,1191,63,75033,0.0125647,27553.1,40.5195,40.5195,1041,0,0,0,0,0,0.012575,0,-1.0255e-05,ok,1
BBMSDppInstant,163,1191,63,75033,0.0116397,27553.1,40.5195,40.5195,3947,0,0,0,0,0,0.01165,0,-1.0345e-05,ok,1
BBMSDppStepwise,163,1191,63,75033,0.0123686,27553.1,40.5195,40.5195,3932,0,0,0,0,1,0.012202,0,0.000166619,ok,1
DijkstraPrims,163,1191,63,75033,0.00168815,27553.1,40.5195,40.5195,150,0,0,0,0,0,0.001699,0,-1.0855e-05,ok,1
BBMSCore,163,1191,63,75033,0.161032,27553.1,40.5195,40.5195,455,0,0,0,0,0,0.161044,0,-1.1799e-05,ok,2
BBMSInter,163,1191,63,75033,0.0124685,27553.1,40.5195,40.5195,1041,0,0,0,0,0,0.012479,0,-1.0494e-05,ok,2
BBMSDppInstant,163,1191,63,75033,0.0115737,27553.1,40.5195,40.5195,3947,0,0,0,0,0,0.011505,7.9e-05,-1.0268e-05,ok,2
BBMSDppStepwise,163,1191,63,75033,0.0118729,27553.1,40.5234,40.5234,3932,0,0,0,0,0,0.002253,0.009631,-1.1108e-05,ok,2
DijkstraPrims,163,1191,63,75033,0.00170576,27553.1,40.5234,40.5234,150,0,0,0,0,0,0.001716,0,-1.024e-05,ok,2
BBMSCore,164,1191,2142,2551122,15.0864,25841.1,40.5273,62.375,14987,0,0,0,0,62,15.0637,0.019993,0.00266503,ok,0
BBMSInter,164,1191,2142,2551122,0.332391,25841.1,40.5312,140.25,34918,0,0,0,0,1,0.272925,0.059465,5.68e-07,ok,0
BBMSDppInstant,164,1191,2142,2551122,0.486039,25841.1,40.5312,516.551,132097,0,0,0,0,0,0.344519,0.141537,-1.7362e-05,ok,0
BBMSDppStepwise,164,1191,2142,2551122,0.508528,25841.1,40.5312,510.777,130596,0,0,0,0,1,0.358587,0.149942,-9.91e-07,ok,0
DijkstraPrims,164,1191,2142,2551122,0.0405714,25841.1,40.5312,40.5312,3307,0,0,0,0,1,0.03046,0.010114,-2.571e-06,ok,0
BBMSCore,164,1191,2142,2551122,15.0163,25841.1,40.5312,62.3672,14987,0,0,0,0,64,15.0029,0.01043,0.00292731,ok,1
BBMSInter,164,1191,2142,2551122,0.331769,25841.1,40.5312,140.227,34918,0,0,0,0,0,0.291988,0.039796,-1.4835e-05,ok,1
BBMSDppInstant,164,1191,2142,2551122,0.487303,25841.1,40.5312,516.566,132097,0,0,0,0,3,0.327043,0.160233,2.7407e-05,ok,1
BBMSDppStepwise,164,1191,2142,2551122,0.514617,25841.1,40.5312,510.789,130596,0,0,0,0,2,0.373156,0.141455,5.631e-06,ok,1
DijkstraPrims,164,1191,2142,2551122,0.042189,25841.1,40.5312,40.5312,3307,0,0,0,0,0,0.032448,0.009752,-1.099e-05,ok,1
BBMSCore,164,1191,2142,2551122,16.6912,25841.1,40.5312,62.3711,14987,0,0,0,0,74,16.6579,0.029984,0.00323774,ok,2
BBMSInter,164,1191,2142,2551122,0.334729,25841.1,40.5312,140.242,34918,0,0,0,0,2,0.284123,0.050599,7.36e-06,ok,2
BBMSDppInstant,164,1191,2142,2551122,0.492942,25841.1,40.5312,516.508,132097,0,0,0,0,4,0.314055,0.178845,4.1942e-05,ok,2
BBMSDppStepwise,164,1191,2142,2551122,0.522274,25841.1,40.5312,510.664,130596,0,0,0,0,2,0.34101,0.181074,0.000189805,ok,2
DijkstraPrims,164,1191,2142,2551122,0.0407122,25841.1,40.5312,40.5312,3307,0,0,0,0,0,0.040724,0,-1.185e-05,ok,2
BBMSCore,165,185,313,57905,0.0231052,12669.2,40.5352,40.5352,343,0,0,0,0,0,0.023117,0,-1.18e-05,ok,0
BBMSInter,165,185,313,57905,0.0028895,12669.2,40.5352,40.5352,795,0,0,0,0,0,0.002901,0,-1.1503e-05,ok,0
BBMSDppInstant,165,185,313,57905,0.00989137,12669.2,40.5352,40.5352,3102,0,0,0,0,0,0,0.009903,-1.1631e-05,ok,0
BBMSDppStepwise,165,185,313,57905,0.0101594,12669.2,40.5352,40.5352,3009,0,0,0,0,0,0.010171,0,-1.1606e-05,ok,0
DijkstraPrims,165,185,313,57905,0.00371627,12669.2,40.5352,40.5352,331,0,0,0,0,0,0.00373,0,-1.3729e-05,ok,0
BBMSCore,165,185,313,57905,0.0230748,12669.2,40.5352,40.5352,343,0,0,0,0,0,0.022811,0.000276,-1.2176e-05,ok,1
BBMSInter,165,185,313,57905,0.00285227,12669.2,40.5352,40.5352,795,0,0,0,0,0,0,0.002865,-1.2732e-05,ok,1
BBMSDppInstant,165,185,313,57905,0.00989782,12669.2,40.5352,40.5352,3102,0,0,0,0,0,0.009911,0,-1.318e-05,ok,1
BBMSDppStepwise,165,185,313,57905,0.0105728,12669.2,40.5352,40.5352,3009,0,0,0,0,0,0,0.010585,-1.2195e-05,ok,1
DijkstraPrims,165,185,313,57905,0.00371206,12669.2,40.5352,40.5352,331,0,0,0,0,0,0.003529,0.000197,-1.3945e-05,ok,1
BBMSCore,165,185,313,57905,0.0230789,12669.2,40.5352,40.5352,343,0,0,0,0,0,0.022916,0.000176,-1.3075e-05,ok,2
BBMSInter,165,185,313,57905,0.00296915,12669.2,40.5352,40.5352,795,0,0,0,0,0,0.002984,0,-1.4847e-05,ok,2
BBMSDppInstant,165,185,313,57905,0.0098394,12669.2,40.5352,40.5352,3102,0,0,0,0,0,0.009852,0,-1.2599e-05,ok,2
BBMSDppStepwise,165,185,313,57905,0.0104328,12669.2,40.5352,40.5352,3009,0,0,0,0,0,0.000295,0.01015,-1.2208e-05,ok,2
DijkstraPrims,165,185,313,57905,0.00373407,12669.2,40.5391,40.5391,331,0,0,0,0,0,0.003559,0.000188,-1.2931e-05,ok,2
BBMSCore,166,185,1380,255300,0.206919,7720.36,40.5391,40.5391,1515,0,0,0,0,0,0.206934,0,-1.4624e-05,ok,0
BBMSInter,166,185,1380,255300,0.0136205,7720.36,40.543,40.543,3510,0,0,0,0,0,0.003158,0.010476,-1.3542e-05,ok,0
BBMSDppInstant,166,185,1380,255300,0.0511862,7720.36,40.543,58.2422,13954,0,0,0,0,1,0.040859,0.01016,0.000167158,ok,0
BBMSDppStepwise,166,185,1380,255300,0.0631169,7720.36,40.543,54.9727,13120,0,0,0,0,0,0.053599,0.009531,-1.3134e-05,ok,0
DijkstraPrims,166,185,1380,255300,0.0396887,7720.36,40.543,40.543,3305,0,0,0,0,0,0.029596,0.010104,-1.1277e-05,ok,0
BBMSCore,166,185,1380,255300,0.207507,7720.36,40.543,40.543,1515,0,0,0,0,1,0.207511,0,-4.205e-06,ok,1
BBMSInter,166,185,1380,255300,0.0134065,7720.36,40.543,40.543,3510,0,0,0,0,0,0.013417,0,-1.0464e-05,ok,1
BBMSDppInstant,166,185,1380,255300,0.0514491,7720.36,40.543,58.2344,13954,0,0,0,0,1,0.022042,0.029408,-9.27e-07,ok,1
BBMSDppStepwise,166,185,1380,255300,0.0640009,7720.36,40.543,54.9766,13120,0,0,0,0,1,0.044282,0.019722,-3.103e-06,ok,1
DijkstraPrims,166,185,1380,255300,0.0395857,7720.36,40.543,40.543,3305,0,0,0,0,0,0.029532,0.010065,-1.1266e-05,ok,1
BBMSCore,166,185,1380,255300,0.20684,7720.36,40.543,40.543,1515,0,0,0,0,0,0.206506,0.000347,-1.3394e-05,ok,2
BBMSInter,166,185,1380,255300,0.0137327,7720.36,40.543,40.543,3510,0,0,0,0,0,0.013743,0,-1.0264e-05,ok,2
BBMSDppInstant,166,185,1380,255300,0.0504836,7720.36,40.543,58.2344,13954,0,0,0,0,1,0.031058,0.01942,5.585e-06,ok,2
BBMSDppStepwise,166,185,1380,255300,0.0637947,7720.36,40.543,55,13120,0,0,0,0,0,0.043283,0.020524,-1.2344e-05,ok,2
DijkstraPrims,166,185,1380,255300,0.0394363,7720.36,40.543,40.543,3305,0,0,0,0,0,0.02934,0.010109,-1.2694e-05,ok,2
BBMSCore,167,185,1118,206830,0.285391,109534,40.5469,40.5469,1229,0,0,0,0,5,0.285253,0,0.000138164,ok,0
BBMSInter,167,185,1118,206830,0.01366,109534,40.5469,40.5469,2845,0,0,0,0,0,0.003854,0.009817,-1.105e-05,ok,0
BBMSDppInstant,167,185,1118,206830,0.0357924,109534,40.5469,46.4648,10928,0,0,0,0,0,0.015934,0.01987,-1.1626e-05,ok,0
BBMSDppStepwise,167,185,1118,206830,0.0399524,109534,40.5469,45.6172,10733,0,0,0,0,0,0.00962,0.030346,-1.3575e-05,ok,0
DijkstraPrims,167,185,1118,206830,0.00177155,109534,40.5508,40.5508,161,0,0,0,0,0,0.001783,0,-1.1445e-05,ok,0
BBMSCore,167,185,1118,206830,0.285092,109534,40.5508,40.5508,1229,0,0,0,0,0,0.285107,0,-1.5005e-05,ok,1
BBMSInter,167,185,1118,206830,0.0136367,109534,40.5508,40.5508,2845,0,0,0,0,0,0.013647,0,-1.0271e-05,ok,1
BBMSDppInstant,167,185,1118,206830,0.0365163,109534,40.5508,46.4688,10928,0,0,0,0,0,0.007131,0.029399,-1.3657e-05,ok,1
BBMSDppStepwise,167,185,1118,206830,0.0401901,109534,40.5508,45.6172,10733,0,0,0,0,0,0.010974,0.029231,-1.4895e-05,ok,1
DijkstraPrims,167,185,1118,206830,0.00179243,109534,40.5508,40.5508,161,0,0,0,0,0,0.00171,9.5e-05,-1.2575e-05,ok,1
BBMSCore,167,185,1118,206830,0.28501,109534,40.5508,40.5508,1229,0,0,0,0,1,0.285012,0,-2.188e-06,ok,2
BBMSInter,167,185,1118,206830,0.0137582,109534,40.5508,40.5508,2845,0,0,0,0,0,0.013772,0,-1.3779e-05,ok,2
BBMSDppInstant,167,185,1118,206830,0.0365427,109534,40.5508,46.4805,10928,0,0,0,0,0,0.016783,0.019774,-1.4257e-05,ok,2
BBMSDppStepwise,167,185,1118,206830,0.0397861,109534,40.5508,45.6133,10733,0,0,0,0,0,0.020363,0.019437,-1.3891e-05,ok,2
DijkstraPrims,167,185,1118,206830,0.00177092,109534,40.5508,40.5508,161,0,0,0,0,0,0.001782,0,-1.1078e-05,ok,2
BBMSCore,168,185,58,10730,0.00102972,13093,40.5547,40.5547,65,0,0,0,0,0,0.001041,0,-1.1281e-05,ok,0
BBMSInter,168,185,58,10730,0.000469931,13093,40.5547,40.5547,149,0,0,0,0,0,0.000456,2.4e-05,-1.0069e-05,ok,0
BBMSDppInstant,168,185,58,10730,0.00193355,13093,40.5586,40.5586,589,0,0,0,0,0,0.001945,0,-1.1445e-05,ok,0
BBMSDppStepwise,168,185,58,10730,0.00217407,13093,40.5586,40.5586,551,0,0,0,0,0,0.002075,0.00011,-1.0928e-05,ok,0
DijkstraPrims,168,185,58,10730,0.00130206,13093,40.5586,40.5586,95,0,0,0,0,0,0.001312,0,-9.944e-06,ok,0
BBMSCore,168,185,58,10730,0.00102735,13093,40.5586,40.5586,65,0,0,0,0,0,0.001037,0,-9.647e-06,ok,1
BBMSInter,168,185,58,10730,0.000483842,13093,40.5586,40.5586,149,0,0,0,0,0,0.000495,0,-1.1158e-05,ok,1
BBMSDppInstant,168,185,58,10730,0.00179909,13093,40.5586,40.5586,589,0,0,0,0,0,0.00181,0,-1.0914e-05,ok,1
BBMSDppStepwise,168,185,58,10730,0.00199772,13093,40.5586,40.5586,551,0,0,0,0,0,0.002008,0,-1.0281e-05,ok,1
DijkstraPrims,168,185,58,10730,0.00129451,13093,40.5586,40.5586,95,0,0,0,0,0,0.001305,0,-1.049e-05,ok,1
BBMSCore,168,185,58,10730,0.00102878,13093,40.5586,40.5586,65,0,0,0,0,0,0.001039,0,-1.0217e-05,ok,2
BBMSInter,168,185,58,10730,0.000465761,13093,40.5586,40.5586,149,0,0,0,0,0,0.000451,2.5e-05,-1.0239e-05,ok,2
BBMSDppInstant,168,185,58,10730,0.00182023,13093,40.5586,40.5586,589,0,0,0,0,0,0.001831,0,-1.0765e-05,ok,2
BBMSDppStepwise,168,185,58,10730,0.0022326,13093,40.5586,40.5586,551,0,0,0,0,1,0,0.002231,1.6e-06,ok,2
DijkstraPrims,168,185,58,10730,0.0012917,13093,40.5586,40.5586,95,0,0,0,0,0,0.001302,0,-1.0302e-05,ok,2
BBMSCore,169,185,1917,354645,0.374398,18797.8,40.5625,40.5625,2102,0,0,0,0,0,0.374414,0,-1.5893e-05,ok,0
BBMSInter,169,185,1917,354645,0.026185,18797.8,40.5625,40.5625,4872,0,0,0,0,0,0.006203,0.019993,-1.0989e-05,ok,0
BBMSDppInstant,169,185,1917,354645,0.0730728,18797.8,40.5625,78.2227,19106,0,0,0,0,0,0.021817,0.051269,-1.3219e-05,ok,0
BBMSDppStepwise,169,185,1917,354645,0.085605,18797.8,40.5625,75.4922,18408,0,0,0,0,0,0.055627,0.029991,-1.3013e-05,ok,0
DijkstraPrims,169,185,1917,354645,0.0244714,18797.8,40.5625,40.5625,1985,0,0,0,0,0,0.024483,0,-1.1591e-05,ok,0
BBMSCore,169,185,1917,354645,0.374915,18797.8,40.5625,40.5625,2102,0,0,0,0,2,0.364737,0.009977,0.00020127,ok,1
BBMSInter,169,185,1917,354645,0.0268613,18797.8,40.5625,40.5625,4872,0,0,0,0,0,0.017005,0.009868,-1.1679e-05,ok,1
BBMSDppInstant,169,185,1917,354645,0.0721684,18797.8,40.5625,78.2266,19106,0,0,0,0,0,0.042457,0.029725,-1.3621e-05,ok,1
BBMSDppStepwise,169,185,1917,354645,0.0855569,18797.8,40.5625,75.4922,18408,0,0,0,0,1,0.055626,0.029933,-2.063e-06,ok,1
DijkstraPrims,169,185,1917,354645,0.0248582,18797.8,40.5625,40.5625,1985,0,0,0,0,0,0.014797,0.010073,-1.1804e-05,ok,1
BBMSCore,169,185,1917,354645,0.374225,18797.8,40.5625,40.5625,2102,0,0,0,0,0,0.374241,0,-1.6134e-05,ok,2
BBMSInter,169,185,1917,354645,0.0271357,18797.8,40.5625,40.5625,4872,0,0,0,0,0,0.016965,0.010185,-1.4342e-05,ok,2
BBMSDppInstant,169,185,1917,354645,0.0738327,18797.8,40.5625,78.2227,19106,0,0,0,0,1,0.063882,0.009939,1.1712e-05,ok,2
BBMSDppStepwise,169,185,1917,354645,0.0874928,18797.8,40.5625,75.5,18408,0,0,0,0,0,0.058405,0.0291,-1.2174e-05,ok,2
DijkstraPrims,169,185,1917,354645,0.0244794,18797.8,40.5625,40.5625,1985,0,0,0,0,0,0.024491,0,-1.1583e-05,ok,2
BBMSCore,170,185,249,46065,0.0272103,35686.6,40.5664,40.5664,273,0,0,0,0,0,0.027223,0,-1.2712e-05,ok,0
BBMSInter,170,185,249,46065,0.00290274,35686.6,40.5664,40.5664,633,0,0,0,0,0,0.002915,0,-1.2263e-05,ok,0
BBMSDppInstant,170,185,249,46065,0.00734457,35686.6,40.5664,40.5664,2401,0,0,0,0,0,0.007355,0,-1.0433e-05,ok,0
BBMSDppStepwise,170,185,249,46065,0.00761544,35686.6,40.5703,40.5703,2384,0,0,0,0,0,0.007627,0,-1.1562e-05,ok,0
DijkstraPrims,170,185,249,46065,0.00325613,35686.6,40.5703,40.5703,340,0,0,0,0,0,0,0.003266,-9.874e-06,ok,0
BBMSCore,170,185,249,46065,0.0272463,35686.6,40.5703,40.5703,273,0,0,0,0,0,0.027259,0,-1.2734e-05,ok,1
BBMSInter,170,185,249,46065,0.00300814,35686.6,40.5703,40.5703,633,0,0,0,0,0,0.003019,0,-1.0855e-05,ok,1
BBMSDppInstant,170,185,249,46065,0.00741741,35686.6,40.5703,40.5703,2401,0,0,0,0,0,0.007429,0,-1.1588e-05,ok,1
BBMSDppStepwise,170,185,249,46065,0.00758549,35686.6,40.5703,40.5703,2384,0,0,0,0,0,0.007598,0,-1.2509e-05,ok,1
DijkstraPrims,170,185,249,46065,0.00323264,35686.6,40.5742,40.5742,340,0,0,0,0,0,0.002919,0.000324,-1.0358e-05,ok,1
BBMSCore,170,185,249,46065,0.0272389,35686.6,40.5742,40.5742,273,0,0,0,0,0,0.02725,0,-1.1121e-05,ok,2
BBMSInter,170,185,249,46065,0.00296269,35686.6,40.5742,40.5742,633,0,0,0,0,0,0.002976,0,-1.3307e-05,ok,2
BBMSDppInstant,170,185,249,46065,0.00708775,35686.6,40.5742,40.5742,2401,0,0,0,0,0,0,0.007099,-1.1247e-05,ok,2
BBMSDppStepwise,170,185,249,46065,0.00801718,35686.6,40.5742,40.5742,2384,0,0,0,0,1,0.007809,0,0.000208184,ok,2
DijkstraPrims,170,185,249,46065,0.00320814,35686.6,40.5742,40.5742,340,0,0,0,0,0,0.003219,0,-1.0861e-05,ok,2
BBMSCore,171,185,455,84175,0.0396956,21496,40.5781,40.5781,499,0,0,0,0,0,0.039707,0,-1.1364e-05,ok,0
BBMSInter,171,185,455,84175,0.00512305,21496,40.5781,40.5781,1156,0,0,0,0,0,0.005135,0,-1.1945e-05,ok,0
BBMSDppInstant,171,185,455,84175,0.016358,21496,40.5781,40.5781,4860,0,0,0,0,0,0.00653,0.009839,-1.0977e-05,ok,0
BBMSDppStepwise,171,185,455,84175,0.0196688,21496,40.5781,40.5781,4350,0,0,0,0,0,0.019682,0,-1.3194e-05,ok,0
DijkstraPrims,171,185,455,84175,0.0103452,21496,40.5781,40.5781,893,0,0,0,0,0,0.000124,0.010233,-1.179e-05,ok,0
BBMSCore,171,185,455,84175,0.039666,21496,40.5781,40.5781,499,0,0,0,0,0,0.039643,3.5e-05,-1.197e-05,ok,1
BBMSInter,171,185,455,84175,0.00518204,21496,40.5781,40.5781,1156,0,0,0,0,0,0,0.005193,-1.0963e-05,ok,1
BBMSDppInstant,171,185,455,84175,0.0164318,21496,40.5781,40.5781,4860,0,0,0,0,0,0.006397,0.010045,-1.0222e-05,ok,1
BBMSDppStepwise,171,185,455,84175,0.0197501,21496,40.5781,40.5781,4350,0,0,0,0,0,0.019762,0,-1.19e-05,ok,1
DijkstraPrims,171,185,455,84175,0.0103156,21496,40.5781,40.5781,893,0,0,0,0,0,5.9e-05,0.010269,-1.2366e-05,ok,1
BBMSCore,171,185,455,84175,0.0396319,21496,40.5781,40.5781,499,0,0,0,0,0,0.039645,0,-1.306e-05,ok,2
BBMSInter,171,185,455,84175,0.00506302,21496,40.5781,40.5781,1156,0,0,0,0,0,0.00482,0.000253,-9.976e-06,ok,2
BBMSDppInstant,171,185,455,84175,0.0166866,21496,40.5781,40.5781,4860,0,0,0,0,0,0.016702,0,-1.537e-05,ok,2
BBMSDppStepwise,171,185,455,84175,0.0201962,21496,40.5781,40.5781,4350,0,0,0,0,0,0.02021,0,-1.3751e-05,ok,2
DijkstraPrims,171,185,455,84175,0.0103424,21496,40.5781,40.5781,893,0,0,0,0,0,0.010355,0,-1.2646e-05,ok,2
BBMSCore,172,185,20006,3701110,26.8339,1.51702e+06,40.582,89.2305,22023,0,0,0,0,92,26.7936,0.0397,0.000536855,ok,0
BBMSInter,172,185,20006,3701110,0.464363,1.51702e+06,40.582,202.199,50938,0,0,0,0,3,0.423939,0.040398,2.6173e-05,ok,0
BBMSDppInstant,172,185,20006,3701110,1.25969,1.51702e+06,40.582,811.504,208168,0,0,0,0,3,0.929139,0.330538,1.6843e-05,ok,0
BBMSDppStepwise,172,185,20006,3701110,1.71954,1.51702e+06,40.5859,745.82,190853,0,0,0,0,6,1.47923,0.240276,4.0867e-05,ok,0
DijkstraPrims,172,185,20006,3701110,0.414791,1.51702e+06,40.5859,83.3477,25915,0,0,0,0,4,0.364949,0.049785,5.7218e-05,ok,0
BBMSCore,172,185,20006,3701110,26.8763,1.51702e+06,40.5859,89.2305,22023,0,0,0,0,83,26.8454,0.029999,0.000897518,ok,1
BBMSInter,172,185,20006,3701110,0.464676,1.51702e+06,40.5859,202.199,50938,0,0,0,0,4,0.394626,0.070021,2.8815e-05,ok,1
BBMSDppInstant,172,185,20006,3701110,1.27114,1.51702e+06,40.5859,811.508,208168,0,0,0,0,3,1.01215,0.258971,1.833e-05,ok,1
BBMSDppStepwise,172,185,20006,3701110,1.73139,1.51702e+06,40.5859,745.812,190853,0,0,0,0,12,1.49171,0.239577,0.000105018,ok,1
DijkstraPrims,172,185,20006,3701110,0.42161,1.51702e+06,40.5859,83.4492,25915,0,0,0,0,2,0.371265,0.050332,1.2849e-05,ok,1
BBMSCore,172,185,20006,3701110,26.755,1.51702e+06,40.5859,89.25,22023,0,0,0,0,112,26.7142,0.039996,0.000766099,ok,2
BBMSInter,172,185,20006,3701110,0.463153,1.51702e+06,40.5859,202.195,50938,0,0,0,0,0,0.402685,0.060484,-1.6411e-05,ok,2
BBMSDppInstant,172,185,20006,3701110,1.25215,1.51702e+06,40.5859,811.512,208168,0,0,0,0,8,1.00288,0.24919,7.4976e-05,ok,2
BBMSDppStepwise,172,185,20006,3701110,1.70809,1.51702e+06,40.5859,745.832,190853,0,0,0,0,5,1.498,0.210061,3.4104e-05,ok,2
DijkstraPrims,172,185,20006,3701110,0.418345,1.51702e+06,40.5859,83.4531,25915,0,0,0,0,0,0.358263,0.060099,-1.6529e-05,ok,2
BBMSCore,173,185,1899,351315,0.595018,2.08472e+07,40.5898,40.5898,2082,0,0,0,0,2,0.594637,0,0.000381152,ok,0
BBMSInter,173,185,1899,351315,0.0191306,2.08472e+07,40.5898,40.5898,4827,0,0,0,0,0,0.009449,0.009692,-1.0369e-05,ok,0
BBMSDppInstant,173,185,1899,351315,0.0678492,2.08472e+07,40.5898,77.2422,18917,0,0,0,0,0,0.047726,0.020135,-1.1834e-05,ok,0
BBMSDppStepwise,173,185,1899,351315,0.078274,2.08472e+07,40.5898,74.0508,18062,0,0,0,0,0,0.048046,0.030242,-1.397e-05,ok,0
DijkstraPrims,173,185,1899,351315,0.0512987,2.08472e+07,40.5898,40.5898,3846,0,0,0,0,1,0.051303,0,-4.285e-06,ok,0
BBMSCore,173,185,1899,351315,0.594448,2.08472e+07,40.5898,40.5898,2082,0,0,0,0,2,0.59445,0,-1.71e-06,ok,1
BBMSInter,173,185,1899,351315,0.0190141,2.08472e+07,40.5898,40.5898,4827,0,0,0,0,0,0.008883,0.010142,-1.0942e-05,ok,1
BBMSDppInstant,173,185,1899,351315,0.0676173,2.08472e+07,40.5898,77.2539,18917,0,0,0,0,0,0.047516,0.020114,-1.2701e-05,ok,1
BBMSDppStepwise,173,185,1899,351315,0.0797666,2.08472e+07,40.5898,73.8945,18062,0,0,0,0,1,0.069985,0.009786,-4.371e-06,ok,1
DijkstraPrims,173,185,1899,351315,0.0510751,2.08472e+07,40.5898,40.5898,3846,0,0,0,0,0,0.031208,0.01988,-1.2877e-05,ok,1
BBMSCore,173,185,1899,351315,0.594581,2.08472e+07,40.5898,40.5898,2082,0,0,0,0,3,0.59415,0.000276,0.000155119,ok,2
BBMSInter,173,185,1899,351315,0.018999,2.08472e+07,40.5898,40.5898,4827,0,0,0,0,0,0.019012,0,-1.3047e-05,ok,2
BBMSDppInstant,173,185,1899,351315,0.0657412,2.08472e+07,40.5898,77.2188,18917,0,0,0,0,1,0.055969,0.009763,9.243e-06,ok,2
BBMSDppStepwise,173,185,1899,351315,0.0769595,2.08472e+07,40.5898,74.0352,18062,0,0,0,0,1,0.056916,0.020045,-1.451e-06,ok,2
DijkstraPrims,173,185,1899,351315,0.0508634,2.08472e+07,40.5938,40.5938,3846,0,0,0,0,0,0.050787,8.8e-05,-1.1555e-05,ok,2
BBMSCore,174,185,63,11655,0.00123727,12919.1,40.5977,40.5977,71,0,0,0,0,0,0.001249,0,-1.1733e-05,ok,0
BBMSInter,174,185,63,11655,0.000581367,12919.1,40.5977,40.5977,162,0,0,0,0,0,0.000564,3e-05,-1.2633e-05,ok,0
BBMSDppInstant,174,185,63,11655,0.0021232,12919.1,40.5977,40.5977,626,0,0,0,0,0,0,0.002135,-1.18e-05,ok,0
BBMSDppStepwise,174,185,63,11655,0.0023555,12919.1,40.5977,40.5977,600,0,0,0,0,0,0.002368,0,-1.2504e-05,ok,0
DijkstraPrims,174,185,63,11655,0.00135438,12919.1,40.5977,40.5977,101,0,0,0,0,0,0.001367,0,-1.2617e-05,ok,0
BBMSCore,174,185,63,11655,0.00120751,12919.1,40.5977,40.5977,71,0,0,0,0,0,0.001219,0,-1.1489e-05,ok,1
BBMSInter,174,185,63,11655,0.000559249,12919.1,40.6016,40.6016,162,0,0,0,0,0,0.000542,2.8e-05,-1.0751e-05,ok,1
BBMSDppInstant,174,185,63,11655,0.00210905,12919.1,40.6016,40.6016,626,0,0,0,0,0,0.002121,0,-1.1949e-05,ok,1
BBMSDppStepwise,174,185,63,11655,0.0023129,12919.1,40.6016,40.6016,600,0,0,0,0,0,0.002324,0,-1.1099e-05,ok,1
DijkstraPrims,174,185,63,11655,0.00134659,12919.1,40.6016,40.6016,101,0,0,0,0,0,0.001359,0,-1.241e-05,ok,1
BBMSCore,174,185,63,11655,0.00121988,12919.1,40.6016,40.6016,71,0,0,0,0,0,0.00117,6.2e-05,-1.2122e-05,ok,2
BBMSInter,174,185,63,11655,0.000567982,12919.1,40.6016,40.6016,162,0,0,0,0,0,0.000552,2.8e-05,-1.2018e-05,ok,2
BBMSDppInstant,174,185,63,11655,0.00212824,12919.1,40.6016,40.6016,626,0,0,0,0,0,0.002141,0,-1.2756e-05,ok,2
BBMSDppStepwise,174,185,63,11655,0.00235159,12919.1,40.6016,40.6016,600,0,0,0,0,0,0.002365,0,-1.3407e-05,ok,2
DijkstraPrims,174,185,63,11655,0.00135815,12919.1,40.6016,40.6016,101,0,0,0,0,0,0.001372,0,-1.3855e-05,ok,2
BBMSCore,175,185,2142,396270,0.666338,15382.3,40.6055,40.6055,2346,0,0,0,0,4,0.66619,0,0.000147591,ok,0
BBMSInter,175,185,2142,396270,0.0207725,15382.3,40.6055,40.6055,5442,0,0,0,0,0,0.010989,0.009795,-1.1526e-05,ok,0
BBMSDppInstant,175,185,2142,396270,0.0865787,15382.3,40.6055,88.6094,21863,0,0,0,0,0,0.076518,0.010074,-1.3277e-05,ok,0
BBMSDppStepwise,175,185,2142,396270,0.102652,15382.3,40.6055,83.7305,20520,0,0,0,0,1,0.082463,0.02019,-5.07e-07,ok,0
DijkstraPrims,175,185,2142,396270,0.0101727,15382.3,40.6055,40.6055,832,0,0,0,0,0,0.010185,0,-1.2256e-05,ok,0
BBMSCore,175,185,2142,396270,0.665547,15382.3,40.6055,40.6055,2346,0,0,0,0,2,0.655638,0.009912,-2.867e-06,ok,1
BBMSInter,175,185,2142,396270,0.0208051,15382.3,40.6055,40.6055,5442,0,0,0,0,0,0.020817,0,-1.1867e-05,ok,1
BBMSDppInstant,175,185,2142,396270,0.0834652,15382.3,40.6055,88.6094,21863,0,0,0,0,0,0.05366,0.029819,-1.3758e-05,ok,1
BBMSDppStepwise,175,185,2142,396270,0.102807,15382.3,40.6055,83.7344,20520,0,0,0,0,0,0.073416,0.029407,-1.5695e-05,ok,1
DijkstraPrims,175,185,2142,396270,0.0101212,15382.3,40.6055,40.6055,832,0,0,0,0,0,0.010135,0,-1.382e-05,ok,1
BBMSCore,175,185,2142,396270,0.666369,15382.3,40.6055,40.6055,2346,0,0,0,0,3,0.666364,0,5.173e-06,ok,2
BBMSInter,175,185,2142,396270,0.0206585,15382.3,40.6055,40.6055,5442,0,0,0,0,0,0.010433,0.01024,-1.4501e-05,ok,2
BBMSDppInstant,175,185,2142,396270,0.0829443,15382.3,40.6055,88.6133,21863,0,0,0,0,0,0.072674,0.010284,-1.3738e-05,ok,2
BBMSDppStepwise,175,185,2142,396270,0.102353,15382.3,40.6055,83.7148,20520,0,0,0,0,0,0.071646,0.03072,-1.3386e-05,ok,2
DijkstraPrims,175,185,2142,396270,0.0100543,15382.3,40.6055,40.6055,832,0,0,0,0,0,0.010067,0,-1.2734e-05,ok,2
BBMSCore,176,313,1380,431940,0.851733,9155.78,40.6094,40.6094,2550,0,0,0,0,2,0.851555,0.000182,-3.506e-06,ok,0
BBMSInter,176,313,1380,431940,0.0632095,9155.78,40.6094,40.6094,5925,0,0,0,0,0,0.053261,0.009962,-1.3538e-05,ok,0
BBMSDppInstant,176,313,1380,431940,0.0913406,9155.78,40.6094,94.5703,23306,0,0,0,0,0,0.061442,0.029912,-1.3435e-05,ok,0
BBMSDppStepwise,176,313,1380,431940,0.100707,9155.78,40.6094,91.8477,22614,0,0,0,0,0,0.080966,0.019756,-1.5259e-05,ok,0
DijkstraPrims,176,313,1380,431940,0.0549986,9155.78,40.6094,40.6094,3730,0,0,0,0,0,0.055013,0,-1.445e-05,ok,0
BBMSCore,176,313,1380,431940,0.858433,9155.78,40.6094,40.6094,2550,0,0,0,0,3,0.848356,0.009944,0.000133246,ok,1
BBMSInter,176,313,1380,431940,0.0634769,9155.78,40.6094,40.6094,5925,0,0,0,0,0,0.043564,0.019927,-1.4122e-05,ok,1
BBMSDppInstant,176,313,1380,431940,0.0911176,9155.78,40.6133,94.5586,23306,0,0,0,0,0,0.029697,0.061435,-1.4442e-05,ok,1
BBMSDppStepwise,176,313,1380,431940,0.100471,9155.78,40.6133,91.8438,22614,0,0,0,0,0,0.080118,0.020367,-1.367e-05,ok,1
DijkstraPrims,176,313,1380,431940,0.0549085,9155.78,40.6133,40.6133,3730,0,0,0,0,0,0.054922,0,-1.3461e-05,ok,1
BBMSCore,176,313,1380,431940,0.853907,9155.78,40.6133,40.6133,2550,0,0,0,0,4,0.853756,0,0.000151297,ok,2
BBMSInter,176,313,1380,431940,0.0637872,9155.78,40.6133,40.6133,5925,0,0,0,0,0,0.053836,0.009966,-1.4785e-05,ok,2
BBMSDppInstant,176,313,1380,431940,0.0913654,9155.78,40.6133,94.5391,23306,0,0,0,0,2,0.061715,0.029638,1.2371e-05,ok,2
BBMSDppStepwise,176,313,1380,431940,0.100692,9155.78,40.6133,91.8438,22614,0,0,0,0,0,0.100707,0,-1.493e-05,ok,2
DijkstraPrims,176,313,1380,431940,0.0543128,9155.78,40.6133,40.6133,3730,0,0,0,0,0,0.054114,0.00021,-1.1184e-05,ok,2
BBMSCore,177,313,1118,349934,0.669335,102299,40.6172,40.6172,2068,0,0,0,0,2,0.669218,0,0.000117004,ok,0
BBMSInter,177,313,1118,349934,0.0553615,102299,40.6172,40.6172,4802,0,0,0,0,0,0.055376,0,-1.4538e-05,ok,0
BBMSDppInstant,177,313,1118,349934,0.0604314,102299,40.6172,74.9922,18285,0,0,0,0,1,0.050531,0.00989,1.0351e-05,ok,0
BBMSDppStepwise,177,313,1118,349934,0.0637612,102299,40.6172,74.5,18157,0,0,0,0,0,0.043799,0.019976,-1.3768e-05,ok,0
DijkstraPrims,177,313,1118,349934,0.00349212,102299,40.6211,40.6211,387,0,0,0,0,0,0.003504,0,-1.1878e-05,ok,0
BBMSCore,177,313,1118,349934,0.669261,102299,40.6211,40.6211,2068,0,0,0,0,1,0.669104,0.000108,4.9017e-05,ok,1
BBMSInter,177,313,1118,349934,0.0553817,102299,40.6211,40.6211,4802,0,0,0,0,0,0.055153,0.000241,-1.2316e-05,ok,1
BBMSDppInstant,177,313,1118,349934,0.0614744,102299,40.6211,74.7188,18285,0,0,0,0,1,0.040848,0.02063,-3.621e-06,ok,1
BBMSDppStepwise,177,313,1118,349934,0.0646995,102299,40.6211,74.4688,18157,0,0,0,0,0,0.034629,0.030085,-1.4525e-05,ok,1
DijkstraPrims,177,313,1118,349934,0.00351915,102299,40.6211,40.6211,387,0,0,0,0,0,0.003532,0,-1.2854e-05,ok,1
BBMSCore,177,313,1118,349934,0.669141,102299,40.6211,40.6211,2068,0,0,0,0,3,0.669126,0,1.5031e-05,ok,2
BBMSInter,177,313,1118,349934,0.0558741,102299,40.6211,40.6211,4802,0,0,0,0,0,0.045778,0.010109,-1.2883e-05,ok,2
BBMSDppInstant,177,313,1118,349934,0.0607935,102299,40.6211,75.0117,18285,0,0,0,0,0,0.031177,0.029629,-1.2524e-05,ok,2
BBMSDppStepwise,177,313,1118,349934,0.0639048,102299,40.6211,74.4922,18157,0,0,0,0,0,0.043892,0.020026,-1.3196e-05,ok,2
DijkstraPrims,177,313,1118,349934,0.00349015,102299,40.6211,40.6211,387,0,0,0,0,0,0.003502,0,-1.1855e-05,ok,2
BBMSCore,178,313,58,18154,0.00308054,16852,40.625,40.625,109,0,0,0,0,1,0.003084,0,-3.456e-06,ok,0
BBMSInter,178,313,58,18154,0.0012184,16852,40.625,40.625,251,0,0,0,0,0,0.001231,0,-1.2602e-05,ok,0
BBMSDppInstant,178,313,58,18154,0.00376287,16852,40.625,40.625,1025,0,0,0,0,0,0,0.003775,-1.2132e-05,ok,0
BBMSDppStepwise,178,313,58,18154,0.00415745,16852,40.625,40.625,956,0,0,0,0,0,0.003972,0.000198,-1.2552e-05,ok,0
DijkstraPrims,178,313,58,18154,0.00261505,16852,40.625,40.625,185,0,0,0,0,0,0.002628,0,-1.2948e-05,ok,0
BBMSCore,178,313,58,18154,0.00306822,16852,40.625,40.625,109,0,0,0,0,0,0.002933,0.000147,-1.1783e-05,ok,1
BBMSInter,178,313,58,18154,0.00121437,16852,40.625,40.625,251,0,0,0,0,0,0.001226,0,-1.1635e-05,ok,1
BBMSDppInstant,178,313,58,18154,0.00377477,16852,40.625,40.625,1025,0,0,0,0,0,0.003786,0,-1.1234e-05,ok,1
BBMSDppStepwise,178,313,58,18154,0.00427694,16852,40.625,40.625,956,0,0,0,0,0,0,0.004289,-1.2056e-05,ok,1
DijkstraPrims,178,313,58,18154,0.0026252,16852,40.6289,40.6289,185,0,0,0,0,0,0.002512,0.000126,-1.2801e-05,ok,1
BBMSCore,178,313,58,18154,0.00304789,16852,40.6289,40.6289,109,0,0,0,0,0,0.00306,0,-1.2106e-05,ok,2
BBMSInter,178,313,58,18154,0.0012199,16852,40.6289,40.6289,251,0,0,0,0,0,0.001231,0,-1.1103e-05,ok,2
BBMSDppInstant,178,313,58,18154,0.00374978,16852,40.6289,40.6289,1025,0,0,0,0,0,0.003762,0,-1.2218e-05,ok,2
BBMSDppStepwise,178,313,58,18154,0.00411641,16852,40.6289,40.6289,956,0,0,0,0,0,0.004128,0,-1.1589e-05,ok,2
DijkstraPrims,178,313,58,18154,0.00259402,16852,40.6289,40.6289,185,0,0,0,0,0,0.002481,0.000124,-1.0983e-05,ok,2
BBMSCore,179,313,1917,600021,0.78288,25476.2,40.6328,40.6328,3539,0,0,0,0,3,0.782869,0,1.0966e-05,ok,0
BBMSInter,179,313,1917,600021,0.0902851,25476.2,40.6328,40.6328,8227,0,0,0,0,0,0.080282,0.010018,-1.4876e-05,ok,0
BBMSDppInstant,179,313,1917,600021,0.141215,25476.2,40.6328,131.328,32839,0,0,0,0,1,0.101239,0.039968,7.915e-06,ok,0
BBMSDppStepwise,179,313,1917,600021,0.162905,25476.2,40.6328,126.484,31613,0,0,0,0,1,0.124049,0.038861,-5.21e-06,ok,0
DijkstraPrims,179,313,1917,600021,0.0338419,25476.2,40.6328,40.6328,2703,0,0,0,0,0,0.033857,0,-1.5108e-05,ok,0
BBMSCore,179,313,1917,600021,0.786718,25476.2,40.6328,40.6328,3539,0,0,0,0,1,0.786729,0,-1.0833e-05,ok,1
BBMSInter,179,313,1917,600021,0.0919608,25476.2,40.6328,40.6328,8227,0,0,0,0,1,0.081905,0.010045,1.0751e-05,ok,1
BBMSDppInstant,179,313,1917,600021,0.138177,25476.2,40.6328,131.324,32839,0,0,0,0,0,0.088913,0.049277,-1.2777e-05,ok,1
BBMSDppStepwise,179,313,1917,600021,0.159451,25476.2,40.6328,126.645,31613,0,0,0,0,1,0.100041,0.05941,-1.54e-07,ok,1
DijkstraPrims,179,313,1917,600021,0.0337935,25476.2,40.6328,40.6328,2703,0,0,0,0,0,0.023753,0.010053,-1.2501e-05,ok,1
BBMSCore,179,313,1917,600021,0.783617,25476.2,40.6328,40.6328,3539,0,0,0,0,3,0.773597,0.010007,1.3343e-05,ok,2
BBMSInter,179,313,1917,600021,0.089845,25476.2,40.6328,40.6328,8227,0,0,0,0,0,0.089859,0,-1.3972e-05,ok,2
BBMSDppInstant,179,313,1917,600021,0.138394,25476.2,40.6328,131.297,32839,0,0,0,0,1,0.089021,0.049377,-3.513e-06,ok,2
BBMSDppStepwise,179,313,1917,600021,0.160831,25476.2,40.6328,126.637,31613,0,0,0,0,0,0.140952,0.019894,-1.4566e-05,ok,2
DijkstraPrims,179,313,1917,600021,0.0335853,25476.2,40.6328,40.6328,2703,0,0,0,0,0,0.033601,0,-1.5724e-05,ok,2
BBMSCore,180,313,249,77937,0.115293,39367,40.6367,40.6367,462,0,0,0,0,0,0.115308,0,-1.4557e-05,ok,0
BBMSInter,180,313,249,77937,0.00735986,39367,40.6367,40.6367,1071,0,0,0,0,0,0.007372,0,-1.2143e-05,ok,0
BBMSDppInstant,180,313,249,77937,0.0126723,39367,40.6367,40.6367,4096,0,0,0,0,0,0.012685,0,-1.2722e-05,ok,0
BBMSDppStepwise,180,313,249,77937,0.0133442,39367,40.6367,40.6367,4067,0,0,0,0,0,0.013358,0,-1.3821e-05,ok,0
DijkstraPrims,180,313,249,77937,0.00380971,39367,40.6367,40.6367,338,0,0,0,0,0,0.00364,0.000182,-1.2285e-05,ok,0
BBMSCore,180,313,249,77937,0.115903,39367,40.6367,40.6367,462,0,0,0,0,1,0.105594,0.010117,0.000191819,ok,1
BBMSInter,180,313,249,77937,0.0072814,39367,40.6367,40.6367,1071,0,0,0,0,0,0.007295,0,-1.3604e-05,ok,1
BBMSDppInstant,180,313,249,77937,0.0126926,39367,40.6367,40.6367,4096,0,0,0,0,0,0.012705,0,-1.2403e-05,ok,1
BBMSDppStepwise,180,313,249,77937,0.0134796,39367,40.6367,40.6367,4067,0,0,0,0,0,0.013493,0,-1.342e-05,ok,1
DijkstraPrims,180,313,249,77937,0.00382719,39367,40.6406,40.6406,338,0,0,0,0,0,0.00384,0,-1.2806e-05,ok,1
BBMSCore,180,313,249,77937,0.115491,39367,40.6445,40.6445,462,0,0,0,0,0,0.115506,0,-1.5477e-05,ok,2
BBMSInter,180,313,249,77937,0.00735641,39367,40.6445,40.6445,1071,0,0,0,0,0,0.007368,0,-1.1585e-05,ok,2
BBMSDppInstant,180,313,249,77937,0.0127772,39367,40.6445,40.6445,4096,0,0,0,0,0,0.002764,0.010026,-1.2787e-05,ok,2
BBMSDppStepwise,180,313,249,77937,0.013686,39367,40.6445,40.6445,4067,0,0,0,0,0,0.013525,0.000174,-1.2968e-05,ok,2
DijkstraPrims,180,313,249,77937,0.00384148,39367,40.6445,40.6445,338,0,0,0,0,0,0.003671,0.000183,-1.2518e-05,ok,2
BBMSCore,181,313,455,142415,0.0854582,25533.5,40.6484,40.6484,841,0,0,0,0,0,0.085471,0,-1.2794e-05,ok,0
BBMSInter,181,313,455,142415,0.0166864,25533.5,40.6484,40.6484,1954,0,0,0,0,0,0.016699,0,-1.2562e-05,ok,0
BBMSDppInstant,181,313,455,142415,0.0298284,25533.5,40.6484,40.6484,7824,0,0,0,0,0,0.019952,0.009888,-1.1553e-05,ok,0
BBMSDppStepwise,181,313,455,142415,0.0351066,25533.5,40.6484,40.6484,7494,0,0,0,0,0,0.025415,0.009704,-1.2437e-05,ok,0
DijkstraPrims,181,313,455,142415,0.0220527,25533.5,40.6484,40.6484,1748,0,0,0,0,0,0.012091,0.009977,-1.534e-05,ok,0
BBMSCore,181,313,455,142415,0.0854479,25533.5,40.6484,40.6484,841,0,0,0,0,0,0.085461,0,-1.3088e-05,ok,1
BBMSInter,181,313,455,142415,0.016615,25533.5,40.6484,40.6484,1954,0,0,0,0,0,0.016626,0,-1.0965e-05,ok,1
BBMSDppInstant,181,313,455,142415,0.0299161,25533.5,40.6484,40.6484,7824,0,0,0,0,0,0.02002,0.009909,-1.2873e-05,ok,1
BBMSDppStepwise,181,313,455,142415,0.0349758,25533.5,40.6484,40.6484,7494,0,0,0,0,1,0.034981,0,-5.204e-06,ok,1
DijkstraPrims,181,313,455,142415,0.0219555,25533.5,40.6484,40.6484,1748,0,0,0,0,1,0.021863,9.7e-05,-4.496e-06,ok,1
BBMSCore,181,313,455,142415,0.0858957,25533.5,40.6484,40.6484,841,0,0,0,0,1,0.075735,0.010129,3.1713e-05,ok,2
BBMSInter,181,313,455,142415,0.0166535,25533.5,40.6484,40.6484,1954,0,0,0,0,0,0.016665,0,-1.1493e-05,ok,2
BBMSDppInstant,181,313,455,142415,0.030276,25533.5,40.6484,40.6484,7824,0,0,0,0,0,0.000984,0.029305,-1.2988e-05,ok,2
BBMSDppStepwise,181,313,455,142415,0.0351901,25533.5,40.6484,40.6484,7494,0,0,0,0,0,0.025092,0.010111,-1.292e-05,ok,2
DijkstraPrims,181,313,455,142415,0.0221568,25533.5,40.6484,40.6484,1748,0,0,0,0,0,0.021964,0.000207,-1.4229e-05,ok,2
BBMSCore,182,313,20006,6261878,19.2997,1.5295e+06,40.6523,147.859,37030,0,0,0,0,77,19.2389,0.059987,0.000771936,ok,0
BBMSInter,182,313,20006,6261878,1.6859,1.5295e+06,40.6523,338.945,85951,0,0,0,0,5,1.56575,0.12011,3.6902e-05,ok,0
BBMSDppInstant,182,313,20006,6261878,1.97005,1.5295e+06,40.6523,1326.16,340501,0,0,0,0,5,1.58041,0.389585,5.0284e-05,ok,0
BBMSDppStepwise,182,313,20006,6261878,2.26133,1.5295e+06,40.6523,1273.5,326712,0,0,0,0,8,1.83156,0.429711,6.5753e-05,ok,0
DijkstraPrims,182,313,20006,6261878,1.00583,1.5295e+06,40.6523,161.824,51721,0,0,0,0,3,0.955585,0.050058,0.000188428,ok,0
BBMSCore,182,313,20006,6261878,17.0894,1.5295e+06,40.6523,147.879,37030,0,0,0,0,68,17.0368,0.049979,0.00256739,ok,1
BBMSInter,182,313,20006,6261878,1.67378,1.5295e+06,40.6523,338.945,85951,0,0,0,0,8,1.56371,0.110018,5.4517e-05,ok,1
BBMSDppInstant,182,313,20006,6261878,1.96708,1.5295e+06,40.6523,1326.34,340501,0,0,0,0,8,1.50637,0.460631,7.6148e-05,ok,1
BBMSDppStepwise,182,313,20006,6261878,2.25909,1.5295e+06,40.6523,1273.5,326712,0,0,0,0,9,1.85823,0.400773,8.6573e-05,ok,1
DijkstraPrims,182,313,20006,6261878,1.01315,1.5295e+06,40.6523,161.816,51721,0,0,0,0,2,0.962607,0.050343,0.000195243,ok,1
BBMSCore,182,313,20006,6261878,17.976,1.5295e+06,40.6523,147.859,37030,0,0,0,0,74,17.9136,0.060001,0.00239906,ok,2
BBMSInter,182,313,20006,6261878,1.67795,1.5295e+06,40.6562,338.859,85951,0,0,0,0,5,1.56827,0.109648,3.1489e-05,ok,2
BBMSDppInstant,182,313,20006,6261878,1.97302,1.5295e+06,40.6562,1326.3,340501,0,0,0,0,8,1.59269,0.380278,5.8799e-05,ok,2
BBMSDppStepwise,182,313,20006,6261878,2.25511,1.5295e+06,40.6562,1273.5,326712,0,0,0,0,8,1.82481,0.430235,6.613e-05,ok,2
DijkstraPrims,182,313,20006,6261878,0.995483,1.5295e+06,40.6562,161.824,51721,0,0,0,0,5,0.94521,0.050047,0.000226207,ok,2
BBMSCore,183,313,1899,594387,0.934586,2.08428e+07,40.6562,40.6562,3506,0,0,0,0,6,0.924424,0.009983,0.000179236,ok,0
BBMSInter,183,313,1899,594387,0.134142,2.08428e+07,40.6602,40.6602,8150,0,0,0,0,0,0.123951,0.010203,-1.201e-05,ok,0
BBMSDppInstant,183,313,1899,594387,0.119274,2.08428e+07,40.6602,127.613,31925,0,0,0,0,0,0.119285,0,-1.1206e-05,ok,0
BBMSDppStepwise,183,313,1899,594387,0.139618,2.08428e+07,40.6602,124.199,31011,0,0,0,0,2,0.139558,4.9e-05,1.0699e-05,ok,0
DijkstraPrims,183,313,1899,594387,0.0895207,2.08428e+07,40.6602,40.6602,7331,0,0,0,0,0,0.079609,0.009926,-1.4298e-05,ok,0
BBMSCore,183,313,1899,594387,0.934143,2.08428e+07,40.6602,40.6602,3506,0,0,0,0,4,0.933994,0,0.000149211,ok,1
BBMSInter,183,313,1899,594387,0.134085,2.08428e+07,40.6602,40.6602,8150,0,0,0,0,0,0.124078,0.01002,-1.2503e-05,ok,1
BBMSDppInstant,183,313,1899,594387,0.118914,2.08428e+07,40.6602,127.77,31925,0,0,0,0,0,0.04972,0.069206,-1.179e-05,ok,1
BBMSDppStepwise,183,313,1899,594387,0.139724,2.08428e+07,40.6602,124.223,31011,0,0,0,0,1,0.099992,0.039733,-8.55e-07,ok,1
DijkstraPrims,183,313,1899,594387,0.0916009,2.08428e+07,40.6602,40.6602,7331,0,0,0,0,1,0.091604,0,-3.112e-06,ok,1
BBMSCore,183,313,1899,594387,0.933784,2.08428e+07,40.6602,40.6602,3506,0,0,0,0,4,0.933657,0,0.000126568,ok,2
BBMSInter,183,313,1899,594387,0.133128,2.08428e+07,40.6602,40.6602,8150,0,0,0,0,0,0.133143,0,-1.5412e-05,ok,2
BBMSDppInstant,183,313,1899,594387,0.119616,2.08428e+07,40.6602,127.594,31925,0,0,0,0,1,0.109675,0.009942,-5.73e-07,ok,2
BBMSDppStepwise,183,313,1899,594387,0.140696,2.08428e+07,40.6602,124.219,31011,0,0,0,0,0,0.080952,0.059758,-1.3819e-05,ok,2
DijkstraPrims,183,313,1899,594387,0.0914585,2.08428e+07,40.6641,40.6641,7331,0,0,0,0,0,0.081497,0.009973,-1.1496e-05,ok,2
BBMSCore,184,313,63,19719,0.00600055,15746.2,40.668,40.668,118,0,0,0,0,0,0.00601,0,-9.452e-06,ok,0
BBMSInter,184,313,63,19719,0.0018506,15746.2,40.668,40.668,272,0,0,0,0,0,0.001775,8.4e-05,-8.403e-06,ok,0
BBMSDppInstant,184,313,63,19719,0.0037957,15746.2,40.668,40.668,1090,0,0,0,0,0,0.003806,0,-1.0304e-05,ok,0
BBMSDppStepwise,184,313,63,19719,0.00414579,15746.2,40.668,40.668,1040,0,0,0,0,0,0.004157,0,-1.1207e-05,ok,0
DijkstraPrims,184,313,63,19719,0.00270309,15746.2,40.668,40.668,197,0,0,0,0,0,0.002714,0,-1.0909e-05,ok,0
BBMSCore,184,313,63,19719,0.00601799,15746.2,40.668,40.668,118,0,0,0,0,0,0.006027,0,-9.005e-06,ok,1
BBMSInter,184,313,63,19719,0.00187609,15746.2,40.668,40.668,272,0,0,0,0,0,0.001887,0,-1.091e-05,ok,1
BBMSDppInstant,184,313,63,19719,0.00678127,15746.2,40.668,40.668,1090,0,0,0,0,0,0.00679,0,-8.726e-06,ok,1
BBMSDppStepwise,184,313,63,19719,0.00396873,15746.2,40.668,40.668,1040,0,0,0,0,0,0.00398,0,-1.1273e-05,ok,1
DijkstraPrims,184,313,63,19719,0.00276881,15746.2,40.668,40.668,197,0,0,0,0,0,0.002781,0,-1.2187e-05,ok,1
BBMSCore,184,313,63,19719,0.00605338,15746.2,40.668,40.668,118,0,0,0,0,0,0.006066,0,-1.2619e-05,ok,2
BBMSInter,184,313,63,19719,0.00188526,15746.2,40.668,40.668,272,0,0,0,0,0,0,0.001895,-9.742e-06,ok,2
BBMSDppInstant,184,313,63,19719,0.00385033,15746.2,40.668,40.668,1090,0,0,0,0,0,0.003861,0,-1.0671e-05,ok,2
BBMSDppStepwise,184,313,63,19719,0.00402786,15746.2,40.6719,40.6719,1040,0,0,0,0,0,0.004039,0,-1.1139e-05,ok,2
DijkstraPrims,184,313,63,19719,0.00270289,15746.2,40.6719,40.6719,197,0,0,0,0,0,0.002712,0,-9.114e-06,ok,2
BBMSCore,185,313,2142,670446,0.78476,22592.5,40.6719,40.6719,3953,0,0,0,0,2,0.784763,0,-3.429e-06,ok,0
BBMSInter,185,313,2142,670446,0.0747863,22592.5,40.6758,40.6758,9191,0,0,0,0,0,0.074799,0,-1.2701e-05,ok,0
BBMSDppInstant,185,313,2142,670446,0.151453,22592.5,40.6758,145.539,36527,0,0,0,0,1,0.111505,0.039952,-4.002e-06,ok,0
BBMSDppStepwise,185,313,2142,670446,0.175065,22592.5,40.6758,140.121,35071,0,0,0,0,5,0.144766,0.030233,6.6379e-05,ok,0
DijkstraPrims,185,313,2142,670446,0.0719348,22592.5,40.6758,40.6758,5894,0,0,0,0,0,0.071948,0,-1.3185e-05,ok,0
BBMSCore,185,313,2142,670446,0.785574,22592.5,40.6758,40.6758,3953,0,0,0,0,1,0.775286,0.009935,0.000353346,ok,1
BBMSInter,185,313,2142,670446,0.0751106,22592.5,40.6758,40.6758,9191,0,0,0,0,0,0.065014,0.010111,-1.4382e-05,ok,1
BBMSDppInstant,185,313,2142,670446,0.152035,22592.5,40.6758,145.473,36527,0,0,0,0,1,0.121961,0.03008,-6.293e-06,ok,1
BBMSDppStepwise,185,313,2142,670446,0.17399,22592.5,40.6758,139.922,35071,0,0,0,0,1,0.133653,0.040337,-2.12e-07,ok,1
DijkstraPrims,185,313,2142,670446,0.0701368,22592.5,40.6758,40.6758,5894,0,0,0,0,0,0.060184,0.009965,-1.2234e-05,ok,1
BBMSCore,185,313,2142,670446,0.784725,22592.5,40.6758,40.6758,3953,0,0,0,0,5,0.784599,0,0.000126052,ok,2
BBMSInter,185,313,2142,670446,0.0743959,22592.5,40.6758,40.6758,9191,0,0,0,0,1,0.064313,0.010082,8.63e-07,ok,2
BBMSDppInstant,185,313,2142,670446,0.14982,22592.5,40.6758,145.398,36527,0,0,0,0,1,0.119108,0.030715,-2.903e-06,ok,2
BBMSDppStepwise,185,313,2142,670446,0.172324,22592.5,40.6758,140.094,35071,0,0,0,0,1,0.102072,0.070243,9.009e-06,ok,2
DijkstraPrims,185,313,2142,670446,0.0698417,22592.5,40.6758,40.6758,5894,0,0,0,0,0,0.049997,0.019856,-1.1295e-05,ok,2
BBMSCore,186,1380,1118,1542840,2.17054,106770,40.6797,40.6797,9065,0,0,0,0,10,2.16031,0.009996,0.000238279,ok,0
BBMSInter,186,1380,1118,1542840,0.293082,106770,40.6797,86.3672,21118,0,0,0,0,1,0.272985,0.020094,3.24e-06,ok,0
BBMSDppInstant,186,1380,1118,1542840,0.353351,106770,40.6797,333.656,85364,0,0,0,0,0,0.24477,0.108598,-1.6578e-05,ok,0
BBMSDppStepwise,186,1380,1118,1542840,0.486208,106770,40.6797,318.672,81041,0,0,0,0,0,0.367003,0.119224,-1.944e-05,ok,0
DijkstraPrims,186,1380,1118,1542840,0.0416987,106770,40.6797,40.6797,3201,0,0,0,0,0,0.041641,7e-05,-1.228e-05,ok,0
BBMSCore,186,1380,1118,1542840,2.16839,106770,40.6797,40.6797,9065,0,0,0,0,7,2.15816,0.010034,0.000198364,ok,1
BBMSInter,186,1380,1118,1542840,0.287831,106770,40.6797,86.3672,21118,0,0,0,0,0,0.267551,0.020295,-1.4792e-05,ok,1
BBMSDppInstant,186,1380,1118,1542840,0.352504,106770,40.6797,333.645,85364,0,0,0,0,1,0.221893,0.130601,1.0022e-05,ok,1
BBMSDppStepwise,186,1380,1118,1542840,0.486284,106770,40.6797,318.852,81041,0,0,0,0,4,0.396832,0.089394,5.8154e-05,ok,1
DijkstraPrims,186,1380,1118,1542840,0.0416713,106770,40.6797,40.6797,3201,0,0,0,0,0,0.041567,0.000115,-1.0726e-05,ok,1
BBMSCore,186,1380,1118,1542840,2.17103,106770,40.6797,40.6797,9065,0,0,0,0,8,2.16078,0.009999,0.000256234,ok,2
BBMSInter,186,1380,1118,1542840,0.29139,106770,40.6797,86.375,21118,0,0,0,0,1,0.251382,0.040004,3.967e-06,ok,2
BBMSDppInstant,186,1380,1118,1542840,0.35485,106770,40.6797,333.641,85364,0,0,0,0,2,0.244083,0.110758,9.269e-06,ok,2
BBMSDppStepwise,186,1380,1118,1542840,0.489651,106770,40.6797,318.855,81041,0,0,0,0,2,0.359881,0.129762,8.452e-06,ok,2
DijkstraPrims,186,1380,1118,1542840,0.0415972,106770,40.6836,40.6836,3201,0,0,0,0,0,0.041609,0,-1.1808e-05,ok,2
BBMSCore,187,1380,58,80040,0.0183476,15365,40.6836,40.6836,486,0,0,0,0,0,0.018357,0,-9.388e-06,ok,0
BBMSInter,187,1380,58,80040,0.00835486,15365,40.6875,40.6875,1112,0,0,0,0,0,0.007985,0.000381,-1.1141e-05,ok,0
BBMSDppInstant,187,1380,58,80040,0.0157202,15365,40.6875,40.6875,4317,0,0,0,0,0,0,0.015731,-1.0797e-05,ok,0
BBMSDppStepwise,187,1380,58,80040,0.0180623,15365,40.6875,40.6875,4108,0,0,0,0,0,0.008094,0.009979,-1.072e-05,ok,0
DijkstraPrims,187,1380,58,80040,0.0106454,15365,40.6914,40.6914,932,0,0,0,0,0,0.010655,0,-9.576e-06,ok,0
BBMSCore,187,1380,58,80040,0.0181458,15365,40.6914,40.6914,486,0,0,0,0,0,0.018157,0,-1.1165e-05,ok,1
BBMSInter,187,1380,58,80040,0.00841747,15365,40.6914,40.6914,1112,0,0,0,0,0,0,0.008428,-1.0533e-05,ok,1
BBMSDppInstant,187,1380,58,80040,0.0156872,15365,40.6914,40.6914,4317,0,0,0,0,0,0.015698,0,-1.0829e-05,ok,1
BBMSDppStepwise,187,1380,58,80040,0.0182615,15365,40.6914,40.6914,4108,0,0,0,0,0,0.008421,0.009852,-1.1505e-05,ok,1
DijkstraPrims,187,1380,58,80040,0.0105461,15365,40.6914,40.6914,932,0,0,0,0,0,0.010557,0,-1.0908e-05,ok,1
BBMSCore,187,1380,58,80040,0.0181518,15365,40.6914,40.6914,486,0,0,0,0,0,0.018162,0,-1.0216e-05,ok,2
BBMSInter,187,1380,58,80040,0.00819085,15365,40.6914,40.6914,1112,0,0,0,0,0,0.008201,0,-1.0154e-05,ok,2
BBMSDppInstant,187,1380,58,80040,0.0154535,15365,40.6914,40.6914,4317,0,0,0,0,0,0.015464,0,-1.0548e-05,ok,2
BBMSDppStepwise,187,1380,58,80040,0.0178194,15365,40.6914,40.6914,4108,0,0,0,0,0,0.017488,0.000342,-1.063e-05,ok,2
DijkstraPrims,187,1380,58,80040,0.0105563,15365,40.6914,40.6914,932,0,0,0,0,0,0.010568,0,-1.1735e-05,ok,2
BBMSCore,188,1380,1917,2645460,13.326,18590,40.6953,64.6367,15540,0,0,0,0,52,13.3042,0.019993,0.00188918,ok,0
BBMSInter,188,1380,1917,2645460,1.32923,18590,40.6953,145.242,36208,0,0,0,0,7,1.26922,0.059962,5.1361e-05,ok,0
BBMSDppInstant,188,1380,1917,2645460,0.680063,18590,40.6953,558.328,142775,0,0,0,0,1,0.479807,0.20025,6.246e-06,ok,0
BBMSDppStepwise,188,1380,1917,2645460,0.832734,18590,40.6953,538.531,137702,0,0,0,0,5,0.63201,0.200671,5.3134e-05,ok,0
DijkstraPrims,188,1380,1917,2645460,0.214615,18590,40.6953,46.375,13596,0,0,0,0,1,0.204726,0.009892,-2.797e-06,ok,0
BBMSCore,188,1380,1917,2645460,13.2838,18590,40.6953,64.6172,15540,0,0,0,0,50,13.2513,0.029983,0.00245319,ok,1
BBMSInter,188,1380,1917,2645460,1.33228,18590,40.6953,145.234,36208,0,0,0,0,3,1.27211,0.060141,2.2972e-05,ok,1
BBMSDppInstant,188,1380,1917,2645460,0.681111,18590,40.6953,558.332,142775,0,0,0,0,2,0.490676,0.190428,6.95e-06,ok,1
BBMSDppStepwise,188,1380,1917,2645460,0.835398,18590,40.6953,538.531,137702,0,0,0,0,4,0.665933,0.169438,2.6543e-05,ok,1
DijkstraPrims,188,1380,1917,2645460,0.222169,18590,40.6953,46.1836,13596,0,0,0,0,1,0.202037,0.020137,-5.048e-06,ok,1
BBMSCore,188,1380,1917,2645460,13.249,18590,40.6953,64.3516,15540,0,0,0,0,46,13.2168,0.029995,0.00220517,ok,2
BBMSInter,188,1380,1917,2645460,1.32935,18590,40.6953,145.23,36208,0,0,0,0,4,1.29935,0.029969,2.6129e-05,ok,2
BBMSDppInstant,188,1380,1917,2645460,0.671558,18590,40.6953,558.32,142775,0,0,0,0,3,0.511044,0.160492,2.1514e-05,ok,2
BBMSDppStepwise,188,1380,1917,2645460,0.824204,18590,40.6953,538.352,137702,0,0,0,0,0,0.643284,0.180942,-2.1595e-05,ok,2
DijkstraPrims,188,1380,1917,2645460,0.209252,18590,40.6953,46.3555,13596,0,0,0,0,0,0.199257,0.010008,-1.2678e-05,ok,2
BBMSCore,189,1380,249,343620,2.66379,35963.3,40.6992,40.6992,2033,0,0,0,0,9,2.65326,0.009988,0.000546721,ok,0
BBMSInter,189,1380,249,343620,0.154416,35963.3,40.7031,40.7031,4717,0,0,0,0,2,0.144521,0.009711,0.000183524,ok,0
BBMSDppInstant,189,1380,249,343620,0.0602871,35963.3,40.7031,73.6797,17962,0,0,0,0,0,0.040163,0.020135,-1.0908e-05,ok,0
BBMSDppStepwise,189,1380,249,343620,0.0698214,35963.3,40.7031,72.9805,17787,0,0,0,0,0,0.049762,0.020073,-1.3591e-05,ok,0
DijkstraPrims,189,1380,249,343620,0.0402288,35963.3,40.7031,40.7031,3979,0,0,0,0,0,0.040117,0.000126,-1.4187e-05,ok,0
BBMSCore,189,1380,249,343620,2.66454,35963.3,40.7031,40.7031,2033,0,0,0,0,9,2.66419,0,0.000354026,ok,1
BBMSInter,189,1380,249,343620,0.15379,35963.3,40.7031,40.7031,4717,0,0,0,0,0,0.143655,0.010148,-1.2722e-05,ok,1
BBMSDppInstant,189,1380,249,343620,0.061336,35963.3,40.7031,73.7109,17962,0,0,0,0,0,0.041129,0.02022,-1.3019e-05,ok,1
BBMSDppStepwise,189,1380,249,343620,0.0697658,35963.3,40.7031,72.9844,17787,0,0,0,0,1,0.03964,0.030127,-1.18e-06,ok,1
DijkstraPrims,189,1380,249,343620,0.0396691,35963.3,40.7031,40.7031,3979,0,0,0,0,0,0.020294,0.019385,-9.859e-06,ok,1
BBMSCore,189,1380,249,343620,2.66423,35963.3,40.7031,40.7031,2033,0,0,0,0,8,2.65399,0.009847,0.000396042,ok,2
BBMSInter,189,1380,249,343620,0.153922,35963.3,40.7031,40.7031,4717,0,0,0,0,2,0.143692,0.010229,1.305e-06,ok,2
BBMSDppInstant,189,1380,249,343620,0.0612055,35963.3,40.7031,73.6992,17962,0,0,0,0,0,0.051095,0.010122,-1.1519e-05,ok,2
BBMSDppStepwise,189,1380,249,343620,0.0725106,35963.3,40.7031,72.8359,17787,0,0,0,0,1,0.052874,0.019638,-1.38e-06,ok,2
DijkstraPrims,189,1380,249,343620,0.0415485,35963.3,40.7031,40.7031,3979,0,0,0,0,2,0.021816,0.019722,1.0466e-05,ok,2
BBMSCore,190,1380,455,627900,1.49107,22949.7,40.707,40.707,3701,0,0,0,0,7,1.48078,0.010017,0.000266167,ok,0
BBMSInter,190,1380,455,627900,0.1837,22949.7,40.707,40.707,8606,0,0,0,0,0,0.173571,0.010143,-1.4263e-05,ok,0
BBMSDppInstant,190,1380,455,627900,0.141079,22949.7,40.707,143.285,36130,0,0,0,0,0,0.10182,0.039272,-1.2835e-05,ok,0
BBMSDppStepwise,190,1380,455,627900,0.188241,22949.7,40.707,130.715,32672,0,0,0,0,0,0.158283,0.029972,-1.3563e-05,ok,0
DijkstraPrims,190,1380,455,627900,0.100072,22949.7,40.707,40.707,7637,0,0,0,0,0,0.100086,0,-1.3704e-05,ok,0
BBMSCore,190,1380,455,627900,1.49324,22949.7,40.707,40.707,3701,0,0,0,0,5,1.49254,0.000289,0.00040877,ok,1
BBMSInter,190,1380,455,627900,0.184847,22949.7,40.707,40.707,8606,0,0,0,0,0,0.17466,0.0102,-1.3393e-05,ok,1
BBMSDppInstant,190,1380,455,627900,0.143774,22949.7,40.707,143.285,36130,0,0,0,0,2,0.084295,0.059474,4.697e-06,ok,1
BBMSDppStepwise,190,1380,455,627900,0.187278,22949.7,40.707,130.715,32672,0,0,0,0,0,0.167307,0.019985,-1.4289e-05,ok,1
DijkstraPrims,190,1380,455,627900,0.101633,22949.7,40.7109,40.7109,7637,0,0,0,0,0,0.101497,0.00015,-1.3683e-05,ok,1
BBMSCore,190,1380,455,627900,1.48992,22949.7,40.7109,40.7109,3701,0,0,0,0,6,1.4897,0,0.000214119,ok,2
BBMSInter,190,1380,455,627900,0.187437,22949.7,40.7109,40.7109,8606,0,0,0,0,0,0.177584,0.009866,-1.3364e-05,ok,2
BBMSDppInstant,190,1380,455,627900,0.1437,22949.7,40.7109,143.242,36130,0,0,0,0,1,0.073941,0.06976,-5.98e-07,ok,2
BBMSDppStepwise,190,1380,455,627900,0.188061,22949.7,40.7109,130.734,32672,0,0,0,0,1,0.147958,0.040101,2.462e-06,ok,2
DijkstraPrims,190,1380,455,627900,0.100888,22949.7,40.7109,40.7109,7637,0,0,0,0,1,0.100775,0.000117,-3.504e-06,ok,2
BBMSCore,191,1380,20006,27608280,291.445,1.52056e+06,40.7148,636.559,162119,0,0,0,0,968,291.207,0.229941,0.00748951,ok,0
BBMSInter,191,1380,20006,27608280,8.48631,1.52056e+06,40.7148,1479.08,377808,0,0,0,0,35,7.97611,0.509839,0.000359311,ok,0
BBMSDppInstant,191,1380,20006,27608280,11.0773,1.52056e+06,40.7188,6113.54,1574467,0,0,0,0,41,9.26715,1.80967,0.000448402,ok,0
BBMSDppStepwise,191,1380,20006,27608280,19.1799,1.52056e+06,40.7188,5531.31,1421882,0,0,0,0,79,17.5489,1.63007,0.000906089,ok,0
DijkstraPrims,191,1380,20006,27608280,4.8617,1.52056e+06,40.7188,654.121,201453,0,0,0,0,16,4.6021,0.259482,0.000113881,ok,0
BBMSCore,191,1380,20006,27608280,292.715,1.52056e+06,40.7188,636.488,162119,0,0,0,0,1066,292.517,0.189999,0.00823497,ok,1
BBMSInter,191,1380,20006,27608280,8.39393,1.52056e+06,40.7188,1479.11,377808,0,0,0,0,33,7.92389,0.469662,0.00037637,ok,1
BBMSDppInstant,191,1380,20006,27608280,10.8525,1.52056e+06,40.7188,6113.36,1574467,0,0,0,0,41,8.88134,1.97071,0.000457072,ok,1
BBMSDppStepwise,191,1380,20006,27608280,19.2066,1.52056e+06,40.7188,5531.43,1421882,0,0,0,0,81,17.4961,1.70975,0.000749714,ok,1
DijkstraPrims,191,1380,20006,27608280,4.75925,1.52056e+06,40.7188,654.094,201453,0,0,0,0,20,4.52901,0.230027,0.000210308,ok,1
BBMSCore,191,1380,20006,27608280,292.846,1.52056e+06,40.7188,636.477,162119,0,0,0,0,975,292.646,0.189977,0.00975484,ok,2
BBMSInter,191,1380,20006,27608280,8.44463,1.52056e+06,40.7188,1479.11,377808,0,0,0,0,32,8.00418,0.440193,0.00025671,ok,2
BBMSDppInstant,191,1380,20006,27608280,10.8414,1.52056e+06,40.7188,6113.5,1574467,0,0,0,0,38,8.96031,1.8804,0.000717411,ok,2
BBMSDppStepwise,191,1380,20006,27608280,19.1832,1.52056e+06,40.7188,5531.46,1421882,0,0,0,0,76,17.4619,1.72025,0.000985687,ok,2
DijkstraPrims,191,1380,20006,27608280,4.78149,1.52056e+06,40.7188,654.094,201453,0,0,0,0,17,4.51094,0.270164,0.00038254,ok,2
BBMSCore,192,1380,1899,2620620,7.28601,2.08451e+07,40.7227,63.7266,15395,0,0,0,0,30,7.26574,0.020023,0.000248532,ok,0
BBMSInter,192,1380,1899,2620620,0.227631,2.08451e+07,40.7227,143.973,35868,0,0,0,0,0,0.167526,0.06012,-1.5316e-05,ok,0
BBMSDppInstant,192,1380,1899,2620620,0.482165,2.08451e+07,40.7227,543.445,138979,0,0,0,0,2,0.310816,0.171334,1.4925e-05,ok,0
BBMSDppStepwise,192,1380,1899,2620620,0.53347,2.08451e+07,40.7227,521.969,133469,0,0,0,0,2,0.374316,0.159136,1.83e-05,ok,0
DijkstraPrims,192,1380,1899,2620620,0.364929,2.08451e+07,40.7227,81.4883,25032,0,0,0,0,0,0.325082,0.039863,-1.5721e-05,ok,0
BBMSCore,192,1380,1899,2620620,7.29064,2.08451e+07,40.7227,63.8711,15395,0,0,0,0,33,7.26933,0.019886,0.0014278,ok,1
BBMSInter,192,1380,1899,2620620,0.228821,2.08451e+07,40.7227,144.004,35868,0,0,0,0,0,0.198434,0.030402,-1.5373e-05,ok,1
BBMSDppInstant,192,1380,1899,2620620,0.480901,2.08451e+07,40.7227,543.543,138979,0,0,0,0,2,0.34018,0.140711,9.707e-06,ok,1
BBMSDppStepwise,192,1380,1899,2620620,0.536245,2.08451e+07,40.7227,521.961,133469,0,0,0,0,3,0.316528,0.219677,4.0233e-05,ok,1
DijkstraPrims,192,1380,1899,2620620,0.368956,2.08451e+07,40.7227,81.5156,25032,0,0,0,0,0,0.348586,0.020387,-1.7072e-05,ok,1
BBMSCore,192,1380,1899,2620620,7.2985,2.08451e+07,40.7227,64.0039,15395,0,0,0,0,28,7.26736,0.029966,0.0011667,ok,2
BBMSInter,192,1380,1899,2620620,0.231299,2.08451e+07,40.7227,143.969,35868,0,0,0,0,0,0.180862,0.050452,-1.4693e-05,ok,2
BBMSDppInstant,192,1380,1899,2620620,0.484456,2.08451e+07,40.7227,543.426,138979,0,0,0,0,2,0.265278,0.219173,5.182e-06,ok,2
BBMSDppStepwise,192,1380,1899,2620620,0.538294,2.08451e+07,40.7227,521.969,133469,0,0,0,0,3,0.298115,0.240166,1.2644e-05,ok,2
DijkstraPrims,192,1380,1899,2620620,0.379579,2.08451e+07,40.7227,81.5195,25032,0,0,0,0,1,0.359655,0.019932,-8.076e-06,ok,2
BBMSCore,193,1380,63,86940,0.0321625,11704.9,40.7266,40.7266,527,0,0,0,0,0,0.032176,0,-1.35e-05,ok,0
BBMSInter,193,1380,63,86940,0.0078164,11704.9,40.7266,40.7266,1206,0,0,0,0,0,0.007505,0.000326,-1.4604e-05,ok,0
BBMSDppInstant,193,1380,63,86940,0.0161967,11704.9,40.7266,40.7266,4681,0,0,0,0,0,0.015951,0.000259,-1.329e-05,ok,0
BBMSDppStepwise,193,1380,63,86940,0.0200464,11704.9,40.7305,40.7305,4497,0,0,0,0,0,0.02006,0,-1.3601e-05,ok,0
DijkstraPrims,193,1380,63,86940,0.0120361,11704.9,40.7305,40.7305,1323,0,0,0,0,0,0.012049,0,-1.2938e-05,ok,0
BBMSCore,193,1380,63,86940,0.0321645,11704.9,40.7305,40.7305,527,0,0,0,0,0,0.032177,0,-1.2513e-05,ok,1
BBMSInter,193,1380,63,86940,0.00781009,11704.9,40.7305,40.7305,1206,0,0,0,0,0,0.007822,0,-1.1912e-05,ok,1
BBMSDppInstant,193,1380,63,86940,0.0160451,11704.9,40.7305,40.7305,4681,0,0,0,0,0,0,0.016059,-1.3929e-05,ok,1
BBMSDppStepwise,193,1380,63,86940,0.0200022,11704.9,40.7305,40.7305,4497,0,0,0,0,0,0.020014,0,-1.1769e-05,ok,1
DijkstraPrims,193,1380,63,86940,0.012117,11704.9,40.7305,40.7305,1323,0,0,0,0,0,0.001911,0.010218,-1.1997e-05,ok,1
BBMSCore,193,1380,63,86940,0.0321941,11704.9,40.7305,40.7305,527,0,0,0,0,0,0.032093,0.000113,-1.1915e-05,ok,2
BBMSInter,193,1380,63,86940,0.00782967,11704.9,40.7305,40.7305,1206,0,0,0,0,0,0,0.007842,-1.2327e-05,ok,2
BBMSDppInstant,193,1380,63,86940,0.0162023,11704.9,40.7305,40.7305,4681,0,0,0,0,0,0.016215,0,-1.2706e-05,ok,2
BBMSDppStepwise,193,1380,63,86940,0.0200846,11704.9,40.7305,40.7305,4497,0,0,0,0,0,0.020098,0,-1.3369e-05,ok,2
DijkstraPrims,193,1380,63,86940,0.0121084,11704.9,40.7344,40.7344,1323,0,0,0,0,0,0.01212,0,-1.1638e-05,ok,2
BBMSCore,194,1380,2142,2955960,23.5852,13730.1,40.7383,71.6211,17362,0,0,0,0,79,23.5636,0.020458,0.00111818,ok,0
BBMSInter,194,1380,2142,2955960,0.474721,13730.1,40.7383,161.867,40455,0,0,0,0,0,0.404697,0.070042,-1.7796e-05,ok,0
BBMSDppInstant,194,1380,2142,2955960,0.717006,13730.1,40.7383,635.582,163210,0,0,0,0,4,0.526601,0.19032,8.4863e-05,ok,0
BBMSDppStepwise,194,1380,2142,2955960,0.958604,13730.1,40.7383,597.008,152699,0,0,0,0,5,0.727947,0.230593,6.3886e-05,ok,0
DijkstraPrims,194,1380,2142,2955960,0.125091,13730.1,40.7383,40.7383,7831,0,0,0,0,1,0.124901,0.000193,-2.833e-06,ok,0
BBMSCore,194,1380,2142,2955960,22.2169,13730.1,40.7383,71.6172,17362,0,0,0,0,79,22.1848,0.029999,0.00207158,ok,1
BBMSInter,194,1380,2142,2955960,0.476253,13730.1,40.7383,161.852,40455,0,0,0,0,2,0.436183,0.040065,4.788e-06,ok,1
BBMSDppInstant,194,1380,2142,2955960,0.713874,13730.1,40.7383,635.82,163210,0,0,0,0,1,0.513794,0.20009,-1.0249e-05,ok,1
BBMSDppStepwise,194,1380,2142,2955960,0.950618,13730.1,40.7383,597.02,152699,0,0,0,0,5,0.761379,0.189181,5.8061e-05,ok,1
DijkstraPrims,194,1380,2142,2955960,0.125469,13730.1,40.7383,40.7383,7831,0,0,0,0,0,0.125485,0,-1.6186e-05,ok,1
BBMSCore,194,1380,2142,2955960,20.1916,13730.1,40.7383,71.6172,17362,0,0,0,0,74,20.1571,0.030202,0.0042694,ok,2
BBMSInter,194,1380,2142,2955960,0.477826,13730.1,40.7383,161.848,40455,0,0,0,0,3,0.427615,0.050195,1.5891e-05,ok,2
BBMSDppInstant,194,1380,2142,2955960,0.714239,13730.1,40.7383,635.82,163210,0,0,0,0,1,0.534491,0.179754,-5.855e-06,ok,2
BBMSDppStepwise,194,1380,2142,2955960,0.942948,13730.1,40.7383,596.988,152699,0,0,0,0,4,0.812904,0.130011,3.3251e-05,ok,2
DijkstraPrims,194,1380,2142,2955960,0.122539,13730.1,40.7383,40.7383,7831,0,0,0,0,1,0.122538,4e-06,-3.267e-06,ok,2
BBMSCore,195,1118,58,64844,0.0353209,108771,40.7422,40.7422,391,0,0,0,0,1,0.035326,0,-5.063e-06,ok,0
BBMSInter,195,1118,58,64844,0.021388,108771,40.7422,40.7422,898,0,0,0,0,0,0.021397,0,-9.005e-06,ok,0
BBMSDppInstant,195,1118,58,64844,0.0139028,108771,40.7422,40.7422,3568,0,0,0,0,0,0.013745,0.000166,-8.219e-06,ok,0
BBMSDppStepwise,195,1118,58,64844,0.0155566,108771,40.7422,40.7422,3426,0,0,0,0,0,0.015567,0,-1.0363e-05,ok,0
DijkstraPrims,195,1118,58,64844,0.00435663,108771,40.7422,40.7422,365,0,0,0,0,0,0.004002,0.000363,-8.372e-06,ok,0
BBMSCore,195,1118,58,64844,0.0352968,108771,40.7461,40.7461,391,0,0,0,0,1,0.035299,0,-2.237e-06,ok,1
BBMSInter,195,1118,58,64844,0.0214209,108771,40.7461,40.7461,898,0,0,0,0,0,0.021429,0,-8.134e-06,ok,1
BBMSDppInstant,195,1118,58,64844,0.0141025,108771,40.7461,40.7461,3568,0,0,0,0,0,0.014112,0,-9.458e-06,ok,1
BBMSDppStepwise,195,1118,58,64844,0.0160346,108771,40.7461,40.7461,3426,0,0,0,0,0,0.016047,0,-1.2429e-05,ok,1
DijkstraPrims,195,1118,58,64844,0.00443469,108771,40.7461,40.7461,365,0,0,0,0,0,0.004263,0.000185,-1.3314e-05,ok,1
BBMSCore,195,1118,58,64844,0.0353623,108771,40.7461,40.7461,391,0,0,0,0,0,0.035375,0,-1.2653e-05,ok,2
BBMSInter,195,1118,58,64844,0.0215272,108771,40.7461,40.7461,898,0,0,0,0,0,0.021539,0,-1.1752e-05,ok,2
BBMSDppInstant,195,1118,58,64844,0.0141706,108771,40.7461,40.7461,3568,0,0,0,0,0,0.003829,0.010351,-9.363e-06,ok,2
BBMSDppStepwise,195,1118,58,64844,0.0157663,108771,40.7461,40.7461,3426,0,0,0,0,0,0.0153,0.000478,-1.1691e-05,ok,2
DijkstraPrims,195,1118,58,64844,0.00446533,108771,40.7461,40.7461,365,0,0,0,0,0,0.004102,0.000373,-9.675e-06,ok,2
BBMSCore,196,1118,1917,2143206,7.85231,118181,40.75,52.8672,12584,0,0,0,0,26,7.83166,0.020111,0.000532191,ok,0
BBMSInter,196,1118,1917,2143206,0.698614,118181,40.75,118.348,29328,0,0,0,0,4,0.658285,0.040309,2.0145e-05,ok,0
BBMSDppInstant,196,1118,1917,2143206,0.503625,118181,40.75,457.676,116680,0,0,0,0,2,0.413016,0.090605,3.883e-06,ok,0
BBMSDppStepwise,196,1118,1917,2143206,0.616406,118181,40.75,441.477,112449,0,0,0,0,2,0.465679,0.150711,1.5651e-05,ok,0
DijkstraPrims,196,1118,1917,2143206,0.0175261,118181,40.75,40.75,1570,0,0,0,0,0,0.017536,0,-9.859e-06,ok,0
BBMSCore,196,1118,1917,2143206,7.88667,118181,40.75,52.8594,12584,0,0,0,0,26,7.8763,0.010003,0.000369043,ok,1
BBMSInter,196,1118,1917,2143206,0.699666,118181,40.75,118.367,29328,0,0,0,0,3,0.669768,0.029878,1.9881e-05,ok,1
BBMSDppInstant,196,1118,1917,2143206,0.501804,118181,40.75,457.695,116680,0,0,0,0,3,0.391936,0.109846,2.2037e-05,ok,1
BBMSDppStepwise,196,1118,1917,2143206,0.61554,118181,40.75,441.48,112449,0,0,0,0,3,0.485249,0.130247,4.3829e-05,ok,1
DijkstraPrims,196,1118,1917,2143206,0.0176377,118181,40.75,40.75,1570,0,0,0,0,0,0.01765,0,-1.2288e-05,ok,1
BBMSCore,196,1118,1917,2143206,7.88855,118181,40.75,52.8516,12584,0,0,0,0,29,7.86833,0.019987,0.000225998,ok,2
BBMSInter,196,1118,1917,2143206,0.69685,118181,40.75,118.242,29328,0,0,0,0,4,0.666667,0.030112,7.1485e-05,ok,2
BBMSDppInstant,196,1118,1917,2143206,0.503403,118181,40.75,457.676,116680,0,0,0,0,4,0.403249,0.100116,3.7934e-05,ok,2
BBMSDppStepwise,196,1118,1917,2143206,0.616952,118181,40.75,441.465,112449,0,0,0,0,0,0.496557,0.120413,-1.8366e-05,ok,2
DijkstraPrims,196,1118,1917,2143206,0.017517,118181,40.75,40.75,1570,0,0,0,0,0,0.017527,0,-1.0015e-05,ok,2
BBMSCore,197,1118,249,278382,1.85456,123626,40.7539,40.7539,1649,0,0,0,0,6,1.84452,0.010006,3.828e-05,ok,0
BBMSInter,197,1118,249,278382,0.102356,123626,40.7539,40.7539,3824,0,0,0,0,0,0.102261,0.000108,-1.2678e-05,ok,0
BBMSDppInstant,197,1118,249,278382,0.0474338,123626,40.7539,60.6172,14611,0,0,0,0,0,0.027145,0.0203,-1.1239e-05,ok,0
BBMSDppStepwise,197,1118,249,278382,0.0502296,123626,40.7539,60.6172,14555,0,0,0,0,1,0.0297,0.020529,5.56e-07,ok,0
DijkstraPrims,197,1118,249,278382,0.00418653,123626,40.7578,40.7578,420,0,0,0,0,0,0.004197,0,-1.0474e-05,ok,0
BBMSCore,197,1118,249,278382,1.854,123626,40.7578,40.7578,1649,0,0,0,0,6,1.85349,0,0.000505807,ok,1
BBMSInter,197,1118,249,278382,0.102381,123626,40.7578,40.7578,3824,0,0,0,0,1,0.102383,0,-1.947e-06,ok,1
BBMSDppInstant,197,1118,249,278382,0.0477127,123626,40.7617,60.6172,14611,0,0,0,0,0,0.01829,0.029435,-1.2321e-05,ok,1
BBMSDppStepwise,197,1118,249,278382,0.0496802,123626,40.7617,60.6211,14555,0,0,0,0,0,0.039442,0.010251,-1.2801e-05,ok,1
DijkstraPrims,197,1118,249,278382,0.00418898,123626,40.7617,40.7617,420,0,0,0,0,0,0.004199,0,-1.0025e-05,ok,1
BBMSCore,197,1118,249,278382,1.85447,123626,40.7617,40.7617,1649,0,0,0,0,8,1.8539,0,0.000570155,ok,2
BBMSInter,197,1118,249,278382,0.103107,123626,40.7617,40.7617,3824,0,0,0,0,1,0.092882,0.010009,0.000216398,ok,2
BBMSDppInstant,197,1118,249,278382,0.0468936,123626,40.7617,60.8867,14611,0,0,0,0,0,0.026596,0.020308,-1.0359e-05,ok,2
BBMSDppStepwise,197,1118,249,278382,0.0488927,123626,40.7617,60.6172,14555,0,0,0,0,1,0.048887,0,5.666e-06,ok,2
DijkstraPrims,197,1118,249,278382,0.00417979,123626,40.7617,40.7617,420,0,0,0,0,0,0.004191,0,-1.1211e-05,ok,2
BBMSCore,198,1118,455,508690,0.51189,113684,40.7656,40.7656,3000,0,0,0,0,4,0.501761,0.010116,1.3297e-05,ok,0
BBMSInter,198,1118,455,508690,0.0819505,113684,40.7656,40.7656,6974,0,0,0,0,0,0.062315,0.019649,-1.3535e-05,ok,0
BBMSDppInstant,198,1118,455,508690,0.11031,113684,40.7656,113.746,28422,0,0,0,0,0,0.060523,0.049799,-1.228e-05,ok,0
BBMSDppStepwise,198,1118,455,508690,0.154879,113684,40.7656,107.598,26655,0,0,0,0,1,0.134702,0.020185,-7.944e-06,ok,0
DijkstraPrims,198,1118,455,508690,0.0114603,113684,40.7656,40.7656,933,0,0,0,0,0,0.001373,0.010098,-1.0693e-05,ok,0
BBMSCore,198,1118,455,508690,0.510534,113684,40.7656,40.7656,3000,0,0,0,0,2,0.500431,0.010105,-2.234e-06,ok,1
BBMSInter,198,1118,455,508690,0.0822767,113684,40.7656,40.7656,6974,0,0,0,0,0,0.082186,0.000102,-1.1266e-05,ok,1
BBMSDppInstant,198,1118,455,508690,0.109896,113684,40.7656,113.621,28422,0,0,0,0,0,0.089485,0.020422,-1.0565e-05,ok,1
BBMSDppStepwise,198,1118,455,508690,0.155214,113684,40.7656,107.598,26655,0,0,0,0,2,0.124992,0.030214,7.56e-06,ok,1
DijkstraPrims,198,1118,455,508690,0.0114975,113684,40.7656,40.7656,933,0,0,0,0,0,0.011379,0.000131,-1.2453e-05,ok,1
BBMSCore,198,1118,455,508690,0.511609,113684,40.7656,40.7656,3000,0,0,0,0,5,0.511424,0,0.000185168,ok,2
BBMSInter,198,1118,455,508690,0.0825007,113684,40.7656,40.7656,6974,0,0,0,0,0,0.072514,0.009999,-1.2305e-05,ok,2
BBMSDppInstant,198,1118,455,508690,0.111168,113684,40.7656,113.738,28422,0,0,0,0,0,0.061274,0.049907,-1.2887e-05,ok,2
BBMSDppStepwise,198,1118,455,508690,0.155687,113684,40.7656,107.574,26655,0,0,0,0,2,0.135425,0.020223,3.8587e-05,ok,2
DijkstraPrims,198,1118,455,508690,0.0115178,113684,40.7656,40.7656,933,0,0,0,0,0,0.011465,6.5e-05,-1.217e-05,ok,2
BBMSCore,199,1118,20006,22366708,223.948,1.59347e+06,40.7695,516.57,131403,0,0,0,0,743,223.782,0.159999,0.00596587,ok,0
BBMSInter,199,1118,20006,22366708,14.5423,1.59347e+06,40.7695,1199.08,306143,0,0,0,0,56,14.1519,0.389946,0.000491621,ok,0
BBMSDppInstant,199,1118,20006,22366708,7.60976,1.59347e+06,40.7695,4705.1,1211867,0,0,0,0,26,5.95004,1.65941,0.000306421,ok,0
BBMSDppStepwise,199,1118,20006,22366708,14.7632,1.59347e+06,40.7695,4520.25,1163064,0,0,0,0,59,13.2524,1.50996,0.000812335,ok,0
DijkstraPrims,199,1118,20006,22366708,2.50258,1.59347e+06,40.7695,396.594,123482,0,0,0,0,9,2.36254,0.139933,0.000106976,ok,0
BBMSCore,199,1118,20006,22366708,225.612,1.59347e+06,40.7695,516.598,131403,0,0,0,0,782,225.478,0.120131,0.0142628,ok,1
BBMSInter,199,1118,20006,22366708,14.2835,1.59347e+06,40.7695,1199.17,306143,0,0,0,0,58,13.953,0.33002,0.000414631,ok,1
BBMSDppInstant,199,1118,20006,22366708,7.58717,1.59347e+06,40.7734,4705.11,1211867,0,0,0,0,28,6.04813,1.53871,0.00033403,ok,1
BBMSDppStepwise,199,1118,20006,22366708,14.6645,1.59347e+06,40.7734,4520.2,1163064,0,0,0,0,58,13.2837,1.38003,0.000810173,ok,1
DijkstraPrims,199,1118,20006,22366708,2.4496,1.59347e+06,40.7734,396.391,123482,0,0,0,0,12,2.29955,0.14978,0.0002761,ok,1
BBMSCore,199,1118,20006,22366708,226.795,1.59347e+06,40.7734,516.594,131403,0,0,0,0,734,226.626,0.15999,0.00835236,ok,2
BBMSInter,199,1118,20006,22366708,14.589,1.59347e+06,40.7734,1199.18,306143,0,0,0,0,46,14.2785,0.310104,0.00038473,ok,2
BBMSDppInstant,199,1118,20006,22366708,7.6598,1.59347e+06,40.7734,4705.07,1211867,0,0,0,0,26,6.17837,1.48118,0.000248757,ok,2
BBMSDppStepwise,199,1118,20006,22366708,14.7614,1.59347e+06,40.7734,4520.09,1163064,0,0,0,0,59,13.1999,1.56069,0.000889934,ok,2
DijkstraPrims,199,1118,20006,22366708,2.46095,1.59347e+06,40.7734,396.543,123482,0,0,0,0,9,2.35085,0.109934,0.000173101,ok,2
BBMSCore,200,1118,1899,2123082,3.03097,2.08466e+07,40.7773,52.2266,12466,0,0,0,0,10,3.01069,0.019996,0.000281911,ok,0
BBMSInter,200,1118,1899,2123082,0.268599,2.08466e+07,40.7773,117.367,29053,0,0,0,0,1,0.228808,0.039789,1.994e-06,ok,0
BBMSDppInstant,200,1118,1899,2123082,0.485618,2.08466e+07,40.7773,465.57,118617,0,0,0,0,3,0.386411,0.099181,2.5595e-05,ok,0
BBMSDppStepwise,200,1118,1899,2123082,0.623919,2.08466e+07,40.7773,438.688,111717,0,0,0,0,3,0.483709,0.140181,2.9256e-05,ok,0
DijkstraPrims,200,1118,1899,2123082,0.415083,2.08466e+07,40.7773,88.5547,27225,0,0,0,0,2,0.404908,0.010044,0.000131438,ok,0
BBMSCore,200,1118,1899,2123082,3.05346,2.08466e+07,40.7773,52.5,12466,0,0,0,0,9,3.0431,0.010003,0.000357759,ok,1
BBMSInter,200,1118,1899,2123082,0.269912,2.08466e+07,40.7773,117.371,29053,0,0,0,0,1,0.240044,0.029864,4.324e-06,ok,1
BBMSDppInstant,200,1118,1899,2123082,0.4848,2.08466e+07,40.7773,465.574,118617,0,0,0,0,2,0.276471,0.208315,1.4073e-05,ok,1
BBMSDppStepwise,200,1118,1899,2123082,0.624254,2.08466e+07,40.7773,438.504,111717,0,0,0,0,2,0.503803,0.12035,0.000100658,ok,1
DijkstraPrims,200,1118,1899,2123082,0.411471,2.08466e+07,40.7812,88.5273,27225,0,0,0,0,4,0.37131,0.039911,0.000249846,ok,1
BBMSCore,200,1118,1899,2123082,3.03099,2.08466e+07,40.7812,52.4922,12466,0,0,0,0,11,3.01045,0.02005,0.000488629,ok,2
BBMSInter,200,1118,1899,2123082,0.270244,2.08466e+07,40.7812,117.367,29053,0,0,0,0,4,0.239935,0.030289,1.9731e-05,ok,2
BBMSDppInstant,200,1118,1899,2123082,0.483749,2.08466e+07,40.7812,465.598,118617,0,0,0,0,0,0.37382,0.109948,-1.926e-05,ok,2
BBMSDppStepwise,200,1118,1899,2123082,0.625305,2.08466e+07,40.7812,438.504,111717,0,0,0,0,1,0.516188,0.109128,-1.0907e-05,ok,2
DijkstraPrims,200,1118,1899,2123082,0.411959,2.08466e+07,40.7812,88.5547,27225,0,0,0,0,2,0.381876,0.030078,4.83e-06,ok,2
BBMSCore,201,1118,63,70434,0.0639611,113121,40.7852,40.7852,424,0,0,0,0,0,0.063863,0.000109,-1.091e-05,ok,0
BBMSInter,201,1118,63,70434,0.0256219,113121,40.7852,40.7852,974,0,0,0,0,0,0.015468,0.010164,-1.0074e-05,ok,0
BBMSDppInstant,201,1118,63,70434,0.0139746,113121,40.7852,40.7852,3858,0,0,0,0,0,0.013985,0,-1.039e-05,ok,0
BBMSDppStepwise,201,1118,63,70434,0.0158741,113121,40.7852,40.7852,3718,0,0,0,0,0,0.006263,0.009626,-1.4888e-05,ok,0
DijkstraPrims,201,1118,63,70434,0.00225762,113121,40.7852,40.7852,183,0,0,0,0,0,0.002268,0,-1.0377e-05,ok,0
BBMSCore,201,1118,63,70434,0.0639616,113121,40.7852,40.7852,424,0,0,0,0,0,0.063828,0.000145,-1.1413e-05,ok,1
BBMSInter,201,1118,63,70434,0.0255559,113121,40.7852,40.7852,974,0,0,0,0,0,0.025567,0,-1.1109e-05,ok,1
BBMSDppInstant,201,1118,63,70434,0.0139772,113121,40.7852,40.7852,3858,0,0,0,0,0,0.013988,0,-1.0806e-05,ok,1
BBMSDppStepwise,201,1118,63,70434,0.0157973,113121,40.7852,40.7852,3718,0,0,0,0,0,0.015811,0,-1.3651e-05,ok,1
DijkstraPrims,201,1118,63,70434,0.00226451,113121,40.7852,40.7852,183,0,0,0,0,0,0.002276,0,-1.1488e-05,ok,1
BBMSCore,201,1118,63,70434,0.0639808,113121,40.7891,40.7891,424,0,0,0,0,0,0.063852,0.000143,-1.4222e-05,ok,2
BBMSInter,201,1118,63,70434,0.0256968,113121,40.7891,40.7891,974,0,0,0,0,0,0.025709,0,-1.2195e-05,ok,2
BBMSDppInstant,201,1118,63,70434,0.0143229,113121,40.7891,40.7891,3858,0,0,0,0,0,0.014338,0,-1.5116e-05,ok,2
BBMSDppStepwise,201,1118,63,70434,0.0162254,113121,40.7891,40.7891,3718,0,0,0,0,0,0.016238,0,-1.2591e-05,ok,2
DijkstraPrims,201,1118,63,70434,0.00227484,113121,40.7891,40.7891,183,0,0,0,0,0,0.002287,0,-1.2157e-05,ok,2
BBMSCore,202,1118,2142,2394756,7.71084,114813,40.793,58.8672,14071,0,0,0,0,33,7.69009,0.019999,0.000745161,ok,0
BBMSInter,202,1118,2142,2394756,0.677806,114813,40.793,131.867,32780,0,0,0,0,3,0.627876,0.049876,5.386e-05,ok,0
BBMSDppInstant,202,1118,2142,2394756,0.594143,114813,40.793,514.836,131741,0,0,0,0,2,0.423422,0.170712,9.061e-06,ok,0
BBMSDppStepwise,202,1118,2142,2394756,0.951927,114813,40.793,490.613,125459,0,0,0,0,5,0.771783,0.180104,4.0067e-05,ok,0
DijkstraPrims,202,1118,2142,2394756,0.213953,114813,40.793,49.125,14294,0,0,0,0,0,0.193822,0.020148,-1.6849e-05,ok,0
BBMSCore,202,1118,2142,2394756,7.39751,114813,40.793,58.8398,14071,0,0,0,0,29,7.37731,0.019989,0.000211587,ok,1
BBMSInter,202,1118,2142,2394756,0.675727,114813,40.793,131.719,32780,0,0,0,0,3,0.625951,0.049763,1.2619e-05,ok,1
BBMSDppInstant,202,1118,2142,2394756,0.591236,114813,40.793,514.746,131741,0,0,0,0,4,0.41109,0.180118,2.7525e-05,ok,1
BBMSDppStepwise,202,1118,2142,2394756,0.950902,114813,40.793,490.738,125459,0,0,0,0,5,0.810949,0.139921,3.1735e-05,ok,1
DijkstraPrims,202,1118,2142,2394756,0.210661,114813,40.793,49.1172,14294,0,0,0,0,1,0.190601,0.020055,5.274e-06,ok,1
BBMSCore,202,1118,2142,2394756,7.44609,114813,40.793,58.875,14071,0,0,0,0,26,7.43458,0.009993,0.00152206,ok,2
BBMSInter,202,1118,2142,2394756,0.673619,114813,40.793,131.867,32780,0,0,0,0,3,0.633485,0.04012,1.401e-05,ok,2
BBMSDppInstant,202,1118,2142,2394756,0.591089,114813,40.793,514.805,131741,0,0,0,0,3,0.430854,0.160213,2.1801e-05,ok,2
BBMSDppStepwise,202,1118,2142,2394756,0.948417,114813,40.793,490.738,125459,0,0,0,0,5,0.777634,0.170735,4.837e-05,ok,2
DijkstraPrims,202,1118,2142,2394756,0.214029,114813,40.793,49.1133,14294,0,0,0,0,1,0.193895,0.02014,-5.938e-06,ok,2
BBMSCore,203,58,1917,111186,0.189839,12556.2,40.7969,40.7969,673,0,0,0,0,0,0.189775,0,6.4419e-05,ok,0
BBMSInter,203,58,1917,111186,0.0213979,12556.2,40.7969,40.7969,1542,0,0,0,0,0,0.021362,4.8e-05,-1.2136e-05,ok,0
BBMSDppInstant,203,58,1917,111186,0.0212856,12556.2,40.7969,40.7969,5848,0,0,0,0,0,0.011218,0.01008,-1.2416e-05,ok,0
BBMSDppStepwise,203,58,1917,111186,0.0238687,12556.2,40.7969,40.7969,5736,0,0,0,0,1,0.023721,0.000143,4.716e-06,ok,0
DijkstraPrims,203,58,1917,111186,0.00325705,12556.2,40.7969,40.7969,354,0,0,0,0,0,0.003136,0.00013,-8.947e-06,ok,0
BBMSCore,203,58,1917,111186,0.189724,12556.2,40.7969,40.7969,673,0,0,0,0,0,0.189592,0.000147,-1.4797e-05,ok,1
BBMSInter,203,58,1917,111186,0.0214755,12556.2,40.7969,40.7969,1542,0,0,0,0,0,0.021489,0,-1.3518e-05,ok,1
BBMSDppInstant,203,58,1917,111186,0.0218427,12556.2,40.7969,40.7969,5848,0,0,0,0,0,0.011788,0.010068,-1.3342e-05,ok,1
BBMSDppStepwise,203,58,1917,111186,0.0240703,12556.2,40.7969,40.7969,5736,0,0,0,0,0,0.014307,0.009776,-1.2695e-05,ok,1
DijkstraPrims,203,58,1917,111186,0.00334547,12556.2,40.7969,40.7969,354,0,0,0,0,0,0.003358,0,-1.2528e-05,ok,1
BBMSCore,203,58,1917,111186,0.189701,12556.2,40.7969,40.7969,673,0,0,0,0,2,0.179699,0.010002,1.8e-07,ok,2
BBMSInter,203,58,1917,111186,0.0214339,12556.2,40.8008,40.8008,1542,0,0,0,0,0,0.021445,0,-1.1073e-05,ok,2
BBMSDppInstant,203,58,1917,111186,0.021573,12556.2,40.8008,40.8008,5848,0,0,0,0,0,0.011448,0.010137,-1.2031e-05,ok,2
BBMSDppStepwise,203,58,1917,111186,0.024312,12556.2,40.8008,40.8008,5736,0,0,0,0,0,0.014714,0.009611,-1.2976e-05,ok,2
DijkstraPrims,203,58,1917,111186,0.00335653,12556.2,40.8047,40.8047,354,0,0,0,0,0,0.003369,0,-1.2469e-05,ok,2
BBMSCore,204,58,249,14442,0.00565704,23848.1,40.8047,40.8047,87,0,0,0,0,0,0.005668,0,-1.0958e-05,ok,0
BBMSInter,204,58,249,14442,0.000867366,23848.1,40.8086,40.8086,200,0,0,0,0,0,0.000845,3.5e-05,-1.2634e-05,ok,0
BBMSDppInstant,204,58,249,14442,0.00212589,23848.1,40.8086,40.8086,738,0,0,0,0,0,0.002051,8.5e-05,-1.0115e-05,ok,0
BBMSDppStepwise,204,58,249,14442,0.00217898,23848.1,40.8086,40.8086,734,0,0,0,0,0,0.002189,0,-1.0023e-05,ok,0
DijkstraPrims,204,58,249,14442,0.000118948,23848.1,40.8086,40.8086,11,0,0,0,0,0,0.000131,0,-1.2052e-05,ok,0
BBMSCore,204,58,249,14442,0.00565248,23848.1,40.8086,40.8086,87,0,0,0,0,0,0.005663,0,-1.0523e-05,ok,1
BBMSInter,204,58,249,14442,0.000827087,23848.1,40.8086,40.8086,200,0,0,0,0,0,0.000805,3.3e-05,-1.0913e-05,ok,1
BBMSDppInstant,204,58,249,14442,0.0021688,23848.1,40.8086,40.8086,738,0,0,0,0,0,0.002179,0,-1.0203e-05,ok,1
BBMSDppStepwise,204,58,249,14442,0.00219535,23848.1,40.8086,40.8086,734,0,0,0,0,0,0.002206,0,-1.0648e-05,ok,1
DijkstraPrims,204,58,249,14442,0.000117202,23848.1,40.8086,40.8086,11,0,0,0,0,0,0.000128,0,-1.0798e-05,ok,1
BBMSCore,204,58,249,14442,0.0056564,23848.1,40.8086,40.8086,87,0,0,0,0,0,0.005668,0,-1.1604e-05,ok,2
BBMSInter,204,58,249,14442,0.000840753,23848.1,40.8086,40.8086,200,0,0,0,0,0,0.000816,3.4e-05,-9.247e-06,ok,2
BBMSDppInstant,204,58,249,14442,0.0021956,23848.1,40.8086,40.8086,738,0,0,0,0,0,0.002208,0,-1.2399e-05,ok,2
BBMSDppStepwise,204,58,249,14442,0.00219104,23848.1,40.8086,40.8086,734,0,0,0,0,0,0.002201,0,-9.957e-06,ok,2
DijkstraPrims,204,58,249,14442,0.000116026,23848.1,40.8086,40.8086,11,0,0,0,0,0,0.000126,0,-9.974e-06,ok,2
BBMSCore,205,58,455,26390,0.0190288,9175.45,40.8125,40.8125,159,0,0,0,0,1,0.019034,0,-5.25e-06,ok,0
BBMSInter,205,58,455,26390,0.00182456,9175.45,40.8125,40.8125,365,0,0,0,0,0,0.001835,0,-1.0442e-05,ok,0
BBMSDppInstant,205,58,455,26390,0.00399714,9175.45,40.8125,40.8125,1351,0,0,0,0,0,0.00385,0.00016,-1.2857e-05,ok,0
BBMSDppStepwise,205,58,455,26390,0.00401961,9175.45,40.8125,40.8125,1345,0,0,0,0,0,0.00403,0,-1.0392e-05,ok,0
DijkstraPrims,205,58,455,26390,0.00238018,9175.45,40.8125,40.8125,200,0,0,0,0,0,0.002391,0,-1.0823e-05,ok,0
BBMSCore,205,58,455,26390,0.01905,9175.45,40.8125,40.8125,159,0,0,0,0,0,0.019061,0,-1.1018e-05,ok,1
BBMSInter,205,58,455,26390,0.00185221,9175.45,40.8125,40.8125,365,0,0,0,0,0,0.001865,0,-1.2791e-05,ok,1
BBMSDppInstant,205,58,455,26390,0.00404512,9175.45,40.8125,40.8125,1351,0,0,0,0,0,0,0.004058,-1.2885e-05,ok,1
BBMSDppStepwise,205,58,455,26390,0.00426166,9175.45,40.8125,40.8125,1345,0,0,0,0,0,0,0.004274,-1.2342e-05,ok,1
DijkstraPrims,205,58,455,26390,0.00238479,9175.45,40.8125,40.8125,200,0,0,0,0,0,0.002395,0,-1.021e-05,ok,1
BBMSCore,205,58,455,26390,0.0190679,9175.45,40.8125,40.8125,159,0,0,0,0,0,0.01908,0,-1.2136e-05,ok,2
BBMSInter,205,58,455,26390,0.00180864,9175.45,40.8125,40.8125,365,0,0,0,0,0,0.001818,0,-9.359e-06,ok,2
BBMSDppInstant,205,58,455,26390,0.00404074,9175.45,40.8125,40.8125,1351,0,0,0,0,0,0.004053,0,-1.2259e-05,ok,2
BBMSDppStepwise,205,58,455,26390,0.00417608,9175.45,40.8164,40.8164,1345,0,0,0,0,0,0.004188,0,-1.1923e-05,ok,2
DijkstraPrims,205,58,455,26390,0.00235591,9175.45,40.8164,40.8164,200,0,0,0,0,0,0.002275,9.1e-05,-1.0087e-05,ok,2
BBMSCore,206,58,20006,1160348,33.8895,1.51423e+06,40.8164,40.8164,7135,0,0,0,0,133,33.8749,0.010028,0.00457645,ok,0
BBMSInter,206,58,20006,1160348,2.44313,1.51423e+06,40.8203,66.4844,16201,0,0,0,0,8,2.42315,0.019942,3.4839e-05,ok,0
BBMSDppInstant,206,58,20006,1160348,0.412309,1.51423e+06,40.8203,233.863,59572,0,0,0,0,3,0.311965,0.100333,1.1022e-05,ok,0
BBMSDppStepwise,206,58,20006,1160348,0.515109,1.51423e+06,40.8203,232.707,59045,0,0,0,0,0,0.425881,0.089248,-1.9585e-05,ok,0
DijkstraPrims,206,58,20006,1160348,0.0810784,1.51423e+06,40.8203,40.8203,7416,0,0,0,0,1,0.061075,0.020005,-1.564e-06,ok,0
BBMSCore,206,58,20006,1160348,33.7954,1.51423e+06,40.8203,40.8203,7135,0,0,0,0,120,33.7909,0,0.00453819,ok,1
BBMSInter,206,58,20006,1160348,2.39594,1.51423e+06,40.8203,66.5156,16201,0,0,0,0,9,2.3758,0.020038,0.000109639,ok,1
BBMSDppInstant,206,58,20006,1160348,0.413294,1.51423e+06,40.8203,233.793,59572,0,0,0,0,0,0.342557,0.070756,-1.9092e-05,ok,1
BBMSDppStepwise,206,58,20006,1160348,0.512865,1.51423e+06,40.8203,232.617,59045,0,0,0,0,2,0.412638,0.100221,6.014e-06,ok,1
DijkstraPrims,206,58,20006,1160348,0.0826342,1.51423e+06,40.8203,40.8203,7416,0,0,0,0,0,0.082648,0,-1.3782e-05,ok,1
BBMSCore,206,58,20006,1160348,33.792,1.51423e+06,40.8203,40.8203,7135,0,0,0,0,135,33.7884,0,0.00358937,ok,2
BBMSInter,206,58,20006,1160348,2.38946,1.51423e+06,40.8203,66.5117,16201,0,0,0,0,11,2.35937,0.029988,9.7515e-05,ok,2
BBMSDppInstant,206,58,20006,1160348,0.41125,1.51423e+06,40.8203,233.98,59572,0,0,0,0,1,0.361073,0.050185,-7.797e-06,ok,2
BBMSDppStepwise,206,58,20006,1160348,0.514778,1.51423e+06,40.8203,232.699,59045,0,0,0,0,3,0.464531,0.050235,1.2208e-05,ok,2
DijkstraPrims,206,58,20006,1160348,0.0815939,1.51423e+06,40.8203,40.8203,7416,0,0,0,0,1,0.081599,0,-5.09e-06,ok,2
BBMSCore,207,58,1899,110142,0.0198884,2.08585e+07,40.8242,40.8242,667,0,0,0,0,0,0.019902,0,-1.3611e-05,ok,0
BBMSInter,207,58,1899,110142,0.00610985,2.08585e+07,40.8242,40.8242,1527,0,0,0,0,0,0,0.006122,-1.2146e-05,ok,0
BBMSDppInstant,207,58,1899,110142,0.0240984,2.08585e+07,40.8242,40.8242,6360,0,0,0,0,0,0.024111,0,-1.2634e-05,ok,0
BBMSDppStepwise,207,58,1899,110142,0.0276887,2.08585e+07,40.8242,40.8242,5733,0,0,0,0,0,0.007895,0.019807,-1.3297e-05,ok,0
DijkstraPrims,207,58,1899,110142,0.0177001,2.08585e+07,40.8281,40.8281,1514,0,0,0,0,0,0.017714,0,-1.3912e-05,ok,0
BBMSCore,207,58,1899,110142,0.0198854,2.08585e+07,40.8281,40.8281,667,0,0,0,0,0,0.019899,0,-1.3627e-05,ok,1
BBMSInter,207,58,1899,110142,0.00612187,2.08585e+07,40.8281,40.8281,1527,0,0,0,0,0,0.006134,0,-1.2126e-05,ok,1
BBMSDppInstant,207,58,1899,110142,0.0242261,2.08585e+07,40.8281,40.8281,6360,0,0,0,0,0,0.014097,0.010142,-1.2933e-05,ok,1
BBMSDppStepwise,207,58,1899,110142,0.027592,2.08585e+07,40.8281,40.8281,5733,0,0,0,0,0,0.027607,0,-1.4979e-05,ok,1
DijkstraPrims,207,58,1899,110142,0.0179096,2.08585e+07,40.8281,40.8281,1514,0,0,0,0,0,0.008006,0.009916,-1.236e-05,ok,1
BBMSCore,207,58,1899,110142,0.0199267,2.08585e+07,40.8281,40.8281,667,0,0,0,0,0,0.019941,0,-1.4291e-05,ok,2
BBMSInter,207,58,1899,110142,0.0060791,2.08585e+07,40.8281,40.8281,1527,0,0,0,0,0,0,0.00609,-1.0901e-05,ok,2
BBMSDppInstant,207,58,1899,110142,0.0239878,2.08585e+07,40.8281,40.8281,6360,0,0,0,0,0,0.00448,0.019536,-2.8231e-05,ok,2
BBMSDppStepwise,207,58,1899,110142,0.0273997,2.08585e+07,40.8281,40.8281,5733,0,0,0,0,0,0.017158,0.010254,-1.2283e-05,ok,2
DijkstraPrims,207,58,1899,110142,0.0175088,2.08585e+07,40.832,40.832,1514,0,0,0,0,0,0.017244,0.000278,-1.3218e-05,ok,2
BBMSCore,208,58,63,3654,0.000329215,6531.89,40.832,40.832,23,0,0,0,0,0,0.000341,0,-1.1785e-05,ok,0
BBMSInter,208,58,63,3654,0.000196073,6531.89,40.8359,40.8359,52,0,0,0,0,0,0.000206,0,-9.927e-06,ok,0
BBMSDppInstant,208,58,63,3654,0.000654245,6531.89,40.8359,40.8359,201,0,0,0,0,0,0.000666,0,-1.1755e-05,ok,0
BBMSDppStepwise,208,58,63,3654,0.000710711,6531.89,40.8359,40.8359,189,0,0,0,0,0,0.000724,0,-1.3289e-05,ok,0
DijkstraPrims,208,58,63,3654,0.000511538,6531.89,40.8359,40.8359,37,0,0,0,0,0,0.000523,0,-1.1462e-05,ok,0
BBMSCore,208,58,63,3654,0.000336159,6531.89,40.8359,40.8359,23,0,0,0,0,0,0.000349,0,-1.2841e-05,ok,1
BBMSInter,208,58,63,3654,0.000219158,6531.89,40.8359,40.8359,52,0,0,0,0,0,0.00023,0,-1.0842e-05,ok,1
BBMSDppInstant,208,58,63,3654,0.00066558,6531.89,40.8359,40.8359,201,0,0,0,0,0,0.000678,0,-1.242e-05,ok,1
BBMSDppStepwise,208,58,63,3654,0.000697399,6531.89,40.8359,40.8359,189,0,0,0,0,0,0.00071,0,-1.2601e-05,ok,1
DijkstraPrims,208,58,63,3654,0.000509467,6531.89,40.8359,40.8359,37,0,0,0,0,0,0.0005,2e-05,-1.0533e-05,ok,1
BBMSCore,208,58,63,3654,0.000332675,6531.89,40.8359,40.8359,23,0,0,0,0,0,0.000332,1.3e-05,-1.2325e-05,ok,2
BBMSInter,208,58,63,3654,0.000207329,6531.89,40.8359,40.8359,52,0,0,0,0,0,0.000219,0,-1.1671e-05,ok,2
BBMSDppInstant,208,58,63,3654,0.000649776,6531.89,40.8359,40.8359,201,0,0,0,0,0,0.000636,2.6e-05,-1.2224e-05,ok,2
BBMSDppStepwise,208,58,63,3654,0.000689231,6531.89,40.8359,40.8359,189,0,0,0,0,0,0.000673,2.7e-05,-1.0769e-05,ok,2
DijkstraPrims,208,58,63,3654,0.000508418,6531.89,40.8359,40.8359,37,0,0,0,0,0,0.000519,0,-1.0582e-05,ok,2
BBMSCore,209,58,2142,124236,0.291746,9133.44,40.8398,40.8398,751,0,0,0,0,2,0.291534,0,0.000212304,ok,0
BBMSInter,209,58,2142,124236,0.0272943,9133.44,40.7773,40.7773,1722,0,0,0,0,0,0.027049,0.00026,-1.47e-05,ok,0
BBMSDppInstant,209,58,2142,124236,0.0245715,9133.44,40.8398,40.8398,6486,0,0,0,0,0,0.024585,0,-1.3533e-05,ok,0
BBMSDppStepwise,209,58,2142,124236,0.0340275,9133.44,40.8398,40.8398,6375,0,0,0,0,0,0.033878,0.000162,-1.2509e-05,ok,0
DijkstraPrims,209,58,2142,124236,0.00835737,9133.44,40.8398,40.8398,903,0,0,0,0,0,0.008369,0,-1.163e-05,ok,0
BBMSCore,209,58,2142,124236,0.291269,9133.44,40.8398,40.8398,751,0,0,0,0,0,0.291091,0.000192,-1.4419e-05,ok,1
BBMSInter,209,58,2142,124236,0.0273818,9133.44,40.8398,40.8398,1722,0,0,0,0,0,0.027394,0,-1.2224e-05,ok,1
BBMSDppInstant,209,58,2142,124236,0.0243652,9133.44,40.8398,40.8398,6486,0,0,0,0,0,0.014206,0.010172,-1.2817e-05,ok,1
BBMSDppStepwise,209,58,2142,124236,0.0339882,9133.44,40.8398,40.8398,6375,0,0,0,0,0,0.033839,0.000162,-1.2833e-05,ok,1
DijkstraPrims,209,58,2142,124236,0.00839738,9133.44,40.8398,40.8398,903,0,0,0,0,0,0.008411,0,-1.3624e-05,ok,1
BBMSCore,209,58,2142,124236,0.291243,9133.44,40.8398,40.8398,751,0,0,0,0,1,0.281563,0.009687,-7.331e-06,ok,2
BBMSInter,209,58,2142,124236,0.0273729,9133.44,40.8398,40.8398,1722,0,0,0,0,0,0.027384,0,-1.1055e-05,ok,2
BBMSDppInstant,209,58,2142,124236,0.0245857,9133.44,40.8398,40.8398,6486,0,0,0,0,0,0.024436,0.000163,-1.3344e-05,ok,2
BBMSDppStepwise,209,58,2142,124236,0.033866,9133.44,40.8398,40.8398,6375,0,0,0,0,0,0.033718,0.000161,-1.3019e-05,ok,2
DijkstraPrims,209,58,2142,124236,0.00842773,9133.44,40.8398,40.8398,903,0,0,0,0,0,0.00844,0,-1.2266e-05,ok,2
BBMSCore,210,1917,249,477333,1.12099,17551.5,40.8438,40.8438,2820,0,0,0,0,3,1.12095,0,3.3359e-05,ok,0
BBMSInter,210,1917,249,477333,0.106782,17551.5,40.8438,40.8438,6550,0,0,0,0,1,0.096828,0.009957,-3.016e-06,ok,0
BBMSDppInstant,210,1917,249,477333,0.106314,17551.5,40.8477,105.07,26002,0,0,0,0,0,0.046631,0.059697,-1.3517e-05,ok,0
BBMSDppStepwise,210,1917,249,477333,0.120591,17551.5,40.8477,101.418,25047,0,0,0,0,0,0.070322,0.050282,-1.316e-05,ok,0
DijkstraPrims,210,1917,249,477333,0.0666162,17551.5,40.8477,40.8477,5996,0,0,0,0,0,0.066631,0,-1.4785e-05,ok,0
BBMSCore,210,1917,249,477333,1.12039,17551.5,40.8477,40.8477,2820,0,0,0,0,5,1.12032,0,7.3921e-05,ok,1
BBMSInter,210,1917,249,477333,0.106432,17551.5,40.8477,40.8477,6550,0,0,0,0,1,0.096497,0.009937,-1.537e-06,ok,1
BBMSDppInstant,210,1917,249,477333,0.105815,17551.5,40.8477,105.066,26002,0,0,0,0,0,0.076175,0.029654,-1.3951e-05,ok,1
BBMSDppStepwise,210,1917,249,477333,0.120699,17551.5,40.8477,101.426,25047,0,0,0,0,0,0.100591,0.020122,-1.4462e-05,ok,1
DijkstraPrims,210,1917,249,477333,0.0699535,17551.5,40.8516,40.8516,5996,0,0,0,0,1,0.069958,0,-4.529e-06,ok,1
BBMSCore,210,1917,249,477333,1.13584,17551.5,40.8516,40.8516,2820,0,0,0,0,3,1.13582,0,2.0739e-05,ok,2
BBMSInter,210,1917,249,477333,0.107425,17551.5,40.8516,40.8516,6550,0,0,0,0,1,0.09744,0.009991,-6.34e-06,ok,2
BBMSDppInstant,210,1917,249,477333,0.10522,17551.5,40.8516,104.875,26002,0,0,0,0,1,0.064394,0.040819,7.488e-06,ok,2
BBMSDppStepwise,210,1917,249,477333,0.120045,17551.5,40.8516,101.391,25047,0,0,0,0,3,0.089927,0.030088,2.9533e-05,ok,2
DijkstraPrims,210,1917,249,477333,0.0660133,17551.5,40.8516,40.8516,5996,0,0,0,0,0,0.056089,0.009937,-1.2652e-05,ok,2
BBMSCore,211,1917,455,872235,4.19218,8778.79,40.8555,40.8555,5135,0,0,0,0,16,4.19153,0,0.000641907,ok,0
BBMSInter,211,1917,455,872235,0.545894,8778.79,40.8555,50.3672,11950,0,0,0,0,4,0.535874,0.009985,3.4755e-05,ok,0
BBMSDppInstant,211,1917,455,872235,0.219667,8778.79,40.8555,185.484,46820,0,0,0,0,0,0.169447,0.050236,-1.5935e-05,ok,0
BBMSDppStepwise,211,1917,455,872235,0.255195,8778.79,40.8555,178.387,44892,0,0,0,0,2,0.195606,0.059584,4.767e-06,ok,0
DijkstraPrims,211,1917,455,872235,0.00776408,8778.79,40.8555,40.8555,690,0,0,0,0,0,0,0.007775,-1.0922e-05,ok,0
BBMSCore,211,1917,455,872235,4.19187,8778.79,40.8555,40.8555,5135,0,0,0,0,25,4.17161,0.019972,0.000293019,ok,1
BBMSInter,211,1917,455,872235,0.549292,8778.79,40.8555,50.4961,11950,0,0,0,0,0,0.5393,0.010019,-2.7098e-05,ok,1
BBMSDppInstant,211,1917,455,872235,0.218853,8778.79,40.8555,185.48,46820,0,0,0,0,2,0.138547,0.080295,1.1373e-05,ok,1
BBMSDppStepwise,211,1917,455,872235,0.257449,8778.79,40.8555,178.406,44892,0,0,0,0,1,0.197456,0.059986,6.561e-06,ok,1
DijkstraPrims,211,1917,455,872235,0.00773073,8778.79,40.8555,40.8555,690,0,0,0,0,0,0.007742,0,-1.1265e-05,ok,1
BBMSCore,211,1917,455,872235,4.19081,8778.79,40.8555,40.8555,5135,0,0,0,0,12,4.19018,0.00054,9.2337e-05,ok,2
BBMSInter,211,1917,455,872235,0.551364,8778.79,40.8555,50.4922,11950,0,0,0,0,4,0.521493,0.029855,1.5836e-05,ok,2
BBMSDppInstant,211,1917,455,872235,0.218149,8778.79,40.8555,185.492,46820,0,0,0,0,0,0.148003,0.07016,-1.3724e-05,ok,2
BBMSDppStepwise,211,1917,455,872235,0.253905,8778.79,40.8555,178.418,44892,0,0,0,0,1,0.184413,0.069494,-2.222e-06,ok,2
DijkstraPrims,211,1917,455,872235,0.007779,8778.79,40.8555,40.8555,690,0,0,0,0,0,0.007791,0,-1.2002e-05,ok,2
