10
500
7.267014032661731 -8.818302656106024
-8.17655537920145 -5.492770711811761
9.121583742478702 7.405511727066898
4.605430490035351 -9.081241383105116
8.897155493282185 7.384857285657887
-9.13628135523526 -8.983807162024096
-0.6791089945005666 7.374658369095059
1.9852963423322585 4.273516270912685
1.6537281158573318 -7.07162563366607
0.29983672851847487 -1.8001144714283956
1.353064144282417 -6.258065901742427
-6.721949195521304 -9.575814732815694
-7.702044954619504 3.1007457911699348
-9.815227534086326 5.8833199945577785
4.092897342966799 2.0774906157731987
-1.3636227695505028 2.5929416154036318
-6.431495010674293 -3.0358495413144437
-1.7694330181408802 5.181878114599613
-5.0033681918714095 3.8423037227463617
2.159617434117118 -0.7975279498115935
-9.204998179922281 0.9441495787818948
3.256422944473485 9.13077866533687
-6.815784054936054 6.699255081892314
4.8327871408468965 -6.425423251910245
8.57567189611212 5.2947741568998
0.4648007689291145 2.2504342329171116
4.990212699210213 -2.054178773389954
-1.1690093621166557 0.029646130016953265
8.328186517666435 5.8605581408189895
-8.963442556410051 -2.561813646784101
8.84169047744999 8.841719456374705
-3.41204475654866 -6.344303275427096
7.274108005616384 -1.669382886938788
-3.5865288940123197 5.415717977171461
2.625400618333435 -9.694021753892983
-7.1584574751637575 -4.16478339545346
-3.3115812295474463 4.763393760681861
2.43133987873415 -7.517193435034544
1.7722846643501349 -6.1757496404629215
-3.1798783535330166 -9.465785781823893
1.4066987962830773 -4.152849732386185
7.436273753647896 -2.494331725145469
-3.80927973355933 -9.844635592417916
-2.562889077937955 5.453216991150091
-9.891149172801505 1.7201770665493292
0.0971761855614659 1.7842242823831143
0.8591803450200164 -3.1028394965725
4.310597674459197 1.6576158941085346
3.623677913248729 -8.405318174213711
-3.200065982079372 2.830831176163075
-2.840171207812226 3.596190702451027
6.353742206447581 5.895364511296044
0.8900678779122302 0.8236067395007307
-4.251167428092641 -9.490092918026571
1.9581773701965375 6.497436150329733
-6.897956043861145 9.68763896245823
4.799335808396412 -6.327599510433776
4.395088251645678 9.887284580411816
-8.307401997474537 6.351641953948096
6.391171468639577 9.720549153041855
-0.9700940460537488 -7.259045575327061
-5.594197016630266 -6.074351492672639
4.894339437001513 5.111266870445013
8.059287358221233 -4.38655797752753
0.7433825529146443 3.912327908899071
5.236599232294068 -2.6810293573027604
6.112042837850709 -9.215458167984725
8.613052809873864 5.143368667847453
4.016957247942086 -1.3678520140866386
-5.03098768397934 3.4225391460804406
9.602876138573816 -8.539426961755973
7.563947172664832 9.754030018862895
-7.801385939290406 0.7188473786961769
9.554658851780378 -8.662986963760106
2.1349868002003998 -7.287071167133268
2.034618450101199 -4.241277662921201
-4.02950871041984 -8.302350619808534
6.612845150445025 -8.755810384565734
1.806083177948075 9.656182200464038
6.571198196471986 -5.585977800467918
4.502504000159156 4.776999534973223
4.59127521084589 -2.711789339016903
4.926906839177308 -3.2897534879413666
-9.286348395323557 9.446704027836056
-9.588999961608057 -5.9266618508514535
-8.020331266695832 8.76605213145335
4.87353735995306 1.9300443801229044
-3.2967063317132634 2.904448531354527
9.309204750407925 -7.027671272475599
5.012838136076411 0.21248291826711352
-2.229029228118087 7.594367153833929
-5.7776440795709245 -6.378101107847451
6.498888542167112 7.3787464875797575
3.802349938119713 7.1868076847411615
5.861069867659822 -7.280964637961185
-5.206384543782903 9.286824022055228
-1.1035861010553418 -3.1185844369191207
4.754805382358882 4.701680192621653
-9.958280472926699 3.895399306754367
-0.6804337831740028 -6.696277314423529
9.841358103733448 3.614939966432944
5.7691274635012135 -7.01147583255886
8.40462595720361 -5.597244653484141
-4.60702397317325 9.738148782338143
-0.2771104738748562 3.004058753081349
-2.579126998264572 1.5466355674334835
-5.281309661489059 -1.885597103140766
2.1652277508542674 -1.4703822164333697
-3.9718373949901453 7.389898578124999
9.145166015445632 -6.316268315514913
-6.927959432394186 -8.178756406420293
1.1724100445184789 -4.741859816246576
-5.327542378938501 -7.600958757202743
4.561376573245443 -7.847825357166638
-5.904955942153287 -7.8469734547577
6.2689955162239706 -8.701439533302448
6.93514627032058 -6.75448694237514
-6.251263218187033 -0.36338363682756025
6.598195789062174 -8.034233441449015
7.228754332040602 0.3158323774431455
-1.874992053488434 9.290059141950916
1.1836606432503487 4.831047374034377
2.7031069186921535 -9.096845496993012
8.528054275673561 7.154760825826891
4.762919020414365 3.7403562293552017
2.0873616410589513 -7.803606809329747
-5.1618853706341365 6.105075446190298
-9.230757020080002 -8.950144418799603
-7.061997932023063 -3.594039484584326
-6.1388371110796776 -8.248227101162879
-0.7532588929909174 2.701296298745852
2.138842841101404 -1.717501674864252
-4.75989002825931 0.09818458563585608
-4.203962044655745 -8.509209682921792
9.416257176068534 -8.32663282801509
-3.8356537848274908 2.9058771677573088
-6.252166452203795 3.891206612500806
-3.760092249850329 -6.781863744541123
-9.379907641108328 1.2070662266214978
-2.314161459120287 4.548197635278083
-5.564016577810542 0.23987574193915684
-2.6524236652215443 -7.672317011691359
0.8047484927088906 -0.44712691438328456
4.391722308513922 -9.538573637300793
1.8229301346708287 -2.92089284568958
-9.422817652637644 -4.369021946135541
-3.672106422064136 2.5228156866163527
5.155838180883212 -3.6201773939888326
-5.294910259420147 7.872220383219492
-9.150379437358758 9.469475709569718
-3.4824494053797146 -7.302058796792894
5.363495756404626 -9.453622153793475
5.875978157347019 -7.128145607658116
-6.299498529092304 -5.57094454522169
-7.0780621145227425 1.633886828207272
0.94901618851123 9.0603180031464
2.4646077204842243 -5.790409131041305
3.139199701037178 -0.7571359463289689
1.4620217411855467 -9.84810518069844
-0.13204140849554946 -5.672512347895595
-2.729626195129386 0.2609337286678137
-7.032294746859121 3.9242948180423998
3.106267377992202 3.9206945764046317
-0.8085222845487632 -4.209517776947518
-6.473997828754041 -0.8782280074549131
-2.567761360799752 -0.8475297424318633
6.593856825188347 5.904826871140681
3.71733405059949 -1.1071250463587035
-4.566711352211179 8.35723879486116
-7.315455297155231 -6.43710594745603
-2.346769291174226 9.786242389034367
-5.850490491604439 0.40397269202240693
-1.0257112779526416 -9.245651228682583
-2.812536517751944 -5.439711497458688
0.11015195393130739 -5.3310361957657175
6.4933316100810075 0.9729248722034036
-7.33820773493663 2.542250266285439
-7.612224998452071 5.959692269934845
-3.488156733098993 6.466012823999531
-3.2700074289792402 -3.712206989079201
5.507138384642921 -0.8079728000861071
9.694380527526675 8.394476699168283
-7.33367598362392 -7.637040293606505
7.405678259921629 6.6760101266964575
1.7813504016653035 -0.6567237245201589
7.6399085341517115 -9.071976522334207
1.8952419351154397 -9.117893741832187
6.363715102116462 9.33949302695732
9.12475933866251 -2.392077522161933
-9.15079354090157 -0.32555703921961765
3.5344703793729497 -4.254366158791192
-5.374320451442127 1.7362765565228244
-3.173526935043287 5.146171991344339
4.254872536801816 2.7061410454261754
8.543311542850919 -7.801078351021085
6.843923703300291 -8.48888421573838
-5.991138201716795 -4.161173735024251
9.20132792235852 -2.9262789722136766
-2.8167181667563064 -6.014931142297746
-8.545428130429498 4.144861661501265
3.0221406930619725 -2.4425959426663653
-6.73242103390643 -6.528962733712477
-1.974690522202998 -3.0317249433244804
-9.148490301271401 -4.915607781509319
8.611083134793546 -4.873081808557018
-5.026658731512123 5.483179227251625
3.962975465506899 3.6617631997161855
-0.07310179592740695 -2.100904008969408
-7.5000228521993195 -6.078292055009569
-6.124918512625537 -1.2467214606781756
-1.7188433377683303 7.38030370307548
9.412210366889802 5.139719034130492
-9.027388438945236 0.3015389386957281
5.841573266801925 0.9681624395103672
-2.2755853996774444 1.191848101114454
-9.316831102375012 -7.3233746874188395
-8.825574128040907 -8.497811205553607
-7.768591551148569 3.93260449371083
0.25216842864038647 -4.037517169857406
-1.9364371538107257 -1.3318541097337384
0.41258681123574803 -4.843523940141614
-5.277217040361968 2.682480775074037
-4.1888221164798844 1.041571314924683
-8.215730845834111 -5.07195955167213
4.153593801232988 4.485956758895016
-7.667101603003159 8.53306704240541
-6.6141868596999265 -6.030456450644481
8.15934194917294 -5.791345185273431
-6.802373883841948 8.005617695372287
3.4947487804260042 -8.608269264993318
-0.7496557738826901 3.4617915902205674
0.4816351343689753 -7.217000141733219
-4.183754318259152 0.1433711371173647
-2.249712245929536 -9.189876444931711
7.450294705638601 7.062271609238227
4.289963609678118 0.6230399172640322
3.8854505436159243 1.9729065164336745
8.386923652479311 -9.435623424268476
9.15832736600941 -8.367778361136562
-0.8441936699860371 -3.3226720554204032
1.9690605788221287 -7.395725559866291
-5.824848605238497 3.0953511224207126
-4.549504378594116 8.87736116710252
1.7182905350689488 1.952216756992895
-0.44083373837973383 -2.666957146232944
8.861276559429903 -4.589421665708331
-0.6588860013916786 -7.088048042734821
-7.2827825965545205 -2.5729846802446588
2.2214965534066806 -3.540747879824595
8.053108343836602 -8.778601106715197
-7.340164851558553 4.440706822947869
-4.060253443732753 -4.009759053369284
-6.520121543750836 7.626340811631554
6.119142917994999 -3.4121204325980914
-9.322820836609306 2.145772461727871
-5.695143188846088 -9.804858662179157
-6.121918667620974 -8.92560953425612
-0.823078340939464 3.5667875500566772
-3.0419745132682285 7.62085741172119
-4.915492163833184 -8.757673056381067
5.557239849384324 4.5629205926463445
7.948731439047776 -2.436283613310362
-6.103640589216434 -1.701463315606663
7.033162954676836 -9.290742073903866
3.413072894852897 -8.452494881893614
-7.789156070940688 -8.925892502872353
-4.941311773380404 -7.234513375435123
6.220271351868728 -6.131242465222044
9.29626599233718 -1.805864484862802
2.064652478763829 -5.121015621279832
3.883505487596457 6.26880364549287
8.562129935067524 9.477749795496994
-9.389720979081162 -0.10002681506929001
-2.12650768298424 -2.4936028450738252
-8.90204600907479 9.371763372190756
4.892868226594713 1.9145943260936455
-3.355268094677861 8.089190330462955
1.123046238483143 -4.387453083341857
-3.8702771112562946 2.8389657433380595
4.171094177755322 -2.1291047741253006
-9.142299541503329 -7.983235575745491
1.7960063539095632 -6.728387799403164
8.45695599743021 -8.359985089112724
-6.093808179666597 0.770110822401433
-0.7350186406116528 6.6051466429940895
9.588345629500004 7.916794070722883
-3.8254198682392637 -5.402340804090196
3.4104902182179053 7.357124095148386
-9.843096151112148 2.0781844822727393
-4.479855017220835 7.679097320874668
0.21546908988676172 0.20942117789013892
-1.9443159553153002 -9.563679318872714
0.24832111992022554 -5.266294645380334
-1.5323349465104386 8.500620724945335
-0.9029897879773081 -6.747330133979268
-8.18469930130137 -1.50138329406297
-4.235722690430679 3.3444283544728926
2.4141300445915714 -4.202101024775493
-6.160212988835876 4.413441838434608
-9.95374016607709 -8.609671138921245
8.794051984239392 -9.260134057269093
-5.798728149190644 4.002366959458456
-1.7046699704330077 6.262656729787334
0.13638716427250586 -4.634714535553033
-2.603820673328072 5.107277748590702
4.292725076739071 8.498990909614974
-0.5018028138678083 4.808788205431792
-7.672958907967404 -2.3661882668757723
0.4256464987780859 2.531048015983197
2.0065453534174775 7.676041872665451
7.308023169445665 -9.056267426336168
-1.8821013329321783 -8.05097105819124
6.388387143251691 7.8590925569883865
4.08178625281942 3.2747810930999055
-7.674858956551529 -4.662938023162453
5.251123009627509 -1.269894100102535
-4.519163620746323 -2.260522453103267
-8.122028532636845 4.237493325594542
9.94447110686546 -9.974170457871063
-8.865085118062218 -3.389696590572065
0.7439358290964648 3.552992256322444
8.46603360178728 2.581679206970568
-1.2084830700194082 8.377843314904478
6.970353046384009 -2.6691259903055453
-9.342238822383438 -2.0877028596461162
2.1478396734291483 -2.9875320682140476
-5.435999008092471 -1.7387600383669177
-2.6862478813605577 9.98638765166923
-3.2923024031146113 5.940959578720992
-5.441212618027014 -4.567754912216639
5.228089720709088 -0.6367491986566627
2.658206390176769 -1.145733584261233
-5.67285040246939 -8.612126947216412
-8.91154441513579 6.285224979822349
-5.34663194376 4.678038490003534
-9.647052971542823 7.813223968504111
-3.106579337198254 -1.4725532208328787
-4.5565297098039 -8.344453944740609
3.374322767712087 -2.6715864000848066
-6.45886619244505 -6.588635405542986
-2.234171858322213 -4.317528824142625
8.837740372892014 3.153774628210261
3.505445607880006 -3.4646811589099418
-1.9806424050014222 1.9593232946724726
2.3686640333165982 -4.209089123818391
-4.2086010836886745 -0.2401536752727207
-1.3844183098989475 -5.197837424968695
-1.8174349364674054 8.080220010779666
0.8944192768453814 6.041977384926806
2.5751311523012195 -2.0031977458340506
-4.308629747903325 7.215283370485757
7.482406669526259 9.426591722096902
1.2797434788289834 -5.715961152432662
-1.8180868700730848 1.8399993741099898
9.109594880063426 -2.9270811865931545
7.663959023750621 -6.177747121946711
-9.249857982435692 2.2401811238518032
-5.981637562971079 -3.040092191459049
-1.1523255684573606 2.456011642905496
-8.782861505691013 5.60875365509408
5.471061111452096 -3.710229499164055
-9.10993977862876 4.098341098447866
-7.393717086666243 -2.197368234850874
1.2043110704774236 -9.958493223497506
-4.820544498089172 6.887995415119224
9.671514008973585 -0.23006330426432697
4.36073383343863 0.9712471929852384
9.014380877022802 1.0919207862429836
-6.2228838348910775 1.318640474231751
4.1632778256244585 -3.3565861715267387
0.02731174030029493 3.036114285082112
-3.5532028969236285 -9.651607585567326
1.95470467646736 -4.839619161436273
0.9237768650650668 -0.4447367567870444
3.0947602261760707 8.621393277562838
-1.4418562499815675 1.4251222064954447
-8.617380015554449 2.3940493485465133
3.985780915184323 -2.802364923791581
-0.2088380610959355 0.47029666222986144
-8.571547192881665 -4.981245229156417
-4.285109225864963 3.5555618668182216
-4.385665082487433 3.5428515374820115
-2.7032262572354337 5.326403652529898
2.123655919467799 -4.237343989641471
-1.7940992212892741 -5.878990302690097
0.20994429126473158 -7.833948467353416
2.0945684996480267 -8.193339360350802
-4.659755642952241 8.359729664419085
4.8059890060054595 -5.629231335240432
-0.9405609883660926 3.761629431677152
3.285348953792088 0.7893713293036857
-1.4360777126240283 7.433903411659777
-3.117652957197274 4.009609680602395
-5.792279121772244 -8.901809177310142
6.437600941820666 -8.618054701339922
-7.785994903037725 3.019701858536772
-7.610636597178379 -9.041703205314027
5.426503283692037 -1.5160216790072916
9.006013600308115 2.793906643537383
-5.219434834713256 -4.410073497983538
-7.374606976226639 6.3072676871577755
-2.7800245881501944 -9.542537987764666
-6.55784834090682 1.1057834757846958
-0.9123578318447336 2.2636233587596095
-5.304034314087409 -3.7204095410483866
2.9462313788084575 -8.661355113002433
-6.195276814761406 -3.9283027571349045
0.06143007452934235 -8.320095955530238
0.4054162875946261 5.053387610798781
-2.017352411875139 -0.008975839713089684
-0.12994419398659574 -9.868424297711522
-2.4233450801194873 2.7920834062122637
4.313732837456373 7.614960396695672
-7.344682078953449 2.1831731434911
0.9200188138723959 2.9636153860672305
6.457304512749957 1.46568002759998
-1.2655826477984782 -3.7141653397308216
-8.270951879941498 3.2610013227623558
6.8170352252294535 2.8091145581871313
0.8393350648870666 -3.3851053651781537
7.906255985869688 -1.6445625474724768
4.469438219787614 4.624186374098333
-5.295727001114492 -2.8610154817802265
-4.617141107754497 6.198964561619388
-7.764166774463337 -7.995832251177298
-0.8084009805816432 -8.539388945129328
4.4262469167357725 9.068504993978227
-1.276202367159609 -1.8162458812687525
-3.9092885079921285 -9.585740486184847
-3.855491153728714 -9.976692012045502
4.324067105706746 -2.6657880535285505
5.624242777657054 -3.4740595391078566
-6.001092077283683 -8.144645831047463
-8.800825933796201 5.837659959201806
2.511892824080938 -0.9784792112775449
-0.17602683291504384 -1.3153516832082666
4.952494240907914 -0.7127650005415376
8.542453215049381 3.4548537674786886
-8.880591564988416 -1.585961752745515
-3.4395086839631546 -7.019781097643422
0.690467367152614 -7.7787270598218194
0.6619184236523008 8.07062073385558
-1.0906057839503536 -8.10909296282035
-5.282466159019778 5.0430410464192335
7.617130208536057 -8.727625655333977
-6.927111435387019 -6.843514730214652
-0.9631198641674121 5.0733286855230535
2.10709778746425 1.6262599957721608
-5.662619994226943 5.334706417642776
-1.5606949678318411 4.520959133741938
1.3376688423337946 -4.8757039890052845
-0.7215839339145305 2.9351317191255966
5.673862285770889 3.316203265510021
-9.866988580898612 4.249453987930201
-8.373268896768394 6.329547725912171
-4.8517094069118505 6.477795606573451
-7.950573651135253 8.7487765372571
-5.78811080308231 3.59333853123832
3.8853398188307313 -2.309298845752787
-0.9807565624128358 -9.057400731757781
4.363164687481136 -0.9156306006643771
6.444673396202333 -3.442589311888109
9.718983463433421 6.362684702885048
-1.7445683102464358 6.4980680698256705
-9.826832295133377 -1.2196830960194944
3.859115871988653 -9.611906712510265
5.664341589672425 3.3062597435964403
8.856639395703155 1.5110060252440185
2.340721651698468 5.032922178943144
0.6223259353629462 8.783952728657479
9.580487223159725 -9.95498497095587
3.0536671274025107 9.686213487329638
3.1292022363138567 9.682269167747151
-6.706023187395762 -4.4444954141381565
-9.435867686444062 3.0276690733233558
7.1391793974065685 -8.840164180343375
0.3738558933660947 1.0663351381532564
1.5976991653077661 -7.5115288263866065
4.786951231340195 3.9389707957804383
2.096652905500722 2.1706855669620655
7.84439168656133 0.4782760932795327
-6.372671388791423 -2.6805691367145013
-9.284232780935218 5.485605941150936
-0.4993293191297088 4.154060668582824
6.888986895268012 -1.4649281497122288
-9.804121444130079 -7.102138258712117
3.3042781566630435 -7.912300225199589
-3.360520811142691 -1.3872463608786827
0.9774283841102118 8.166621094447589
-3.184193164658506 2.3282570035130608
4.406423469659115 -9.409907522603005
9.799646261757776 -2.2028845237815453
-6.124214512710431 -6.016541797282271
3.442869945657476 -4.5897514114944755
5.427694332955948 -4.080287937905318
-7.292971578655745 -8.21600060208285
5.645760201231724 5.160318583819269
-9.423937309534264 5.621556932351178
-6.55977568505361 -5.599146529857553
-9.033096735471656 2.0281146860281307
500
-8.349777421201052 -2.4610773392833334
1.5822352225807172 5.274792793943943
-4.9920141712711725 1.9395694603798717
-1.2998502679168293 1.4709493743742392
-6.71886828858534 4.169081355126579
-3.2277591960039453 -2.269988479394856
3.6461555045314036 -2.091033720557136
7.59744044379422 8.539881380922608
5.960236647316277 3.57730334996635
-2.332985019243292 -4.528599123024486
-1.8012335486313837 -5.910884211575342
-2.2690079812172392 8.232727849849553
8.989576063389478 6.256413129752151
3.6443420467814605 5.895100909888706
2.7418526878915443 -8.662376047474435
3.2270088084546895 8.09620559076619
6.3737867326702045 -4.2602319166790785
1.2815663207019874 3.923251607277141
0.8518824148381814 -9.763476120760718
3.1880828556219107 -6.472257010508251
-1.60948960048 -5.772616300855777
-5.195132336464681 -4.328025064713337
2.4369318557408945 -4.82858792070415
0.8811310781292025 -2.4184474369663667
1.9617503654231356 9.564035410681448
2.583033680213207 -8.387443213061225
-4.543303114848653 2.6840901741012395
-0.16500769029777196 6.560965848797153
4.949641907688893 1.1483614782979163
5.0150928715881875 -7.090567937575109
-7.67294209911446 -0.7521484604739452
-4.737276923814669 9.008085106457322
9.352510806832914 -0.007756445682350233
4.32410503771888 8.105279972829852
1.959830516985818 2.0382886031549
3.186663257687684 -8.784901061250043
4.443295757366133 -2.8055312812531312
-3.1492158406959136 -1.9151274370751423
7.854765362643242 -3.323767661016408
-0.246275108503216 3.782310293528388
-5.25414840456536 5.86501957435531
1.559257842914647 2.4064779563040677
8.510724983950333 0.09694522740294964
9.731070922835013 -2.8507056088076883
-4.042493090737354 1.978461281660353
8.867771503048246 -1.468016831619071
2.2592971728447324 -0.4774068524141626
-5.031274071258453 -4.165269329455132
5.831419494597952 3.695925283872004
-7.900355026864318 4.258599937831288
4.261968449268252 -8.120897461403075
-6.269701429432235 -8.47220158839696
-5.026180240520115 -3.5888888287292042
-6.9083720604456715 -7.39761924093429
6.662323469131184 6.713234829710363
2.855683394874781 3.9736608199215055
3.898024488246943 -7.500292046033545
5.670725814790462 7.787694619936282
-6.695114424099511 -4.9693291170015375
-6.323990050269915 1.4082814616844423
-4.26319204356906 -1.0948957263096393
2.8092766885816456 -8.54801472000306
8.121445515132422 4.837266476018394
-7.56939224651525 0.6692440606016632
9.900148544854257 -4.792465982839545
-0.6388966615057932 2.5863530970146478
9.182455497326217 -1.208037791982015
-4.203810744140359 -7.233786371790707
-1.6153322948363353 4.118726865459912
-1.4218944678445151 -0.26615561264156895
6.374332645621447 -0.7404505177684015
4.06494497182644 0.10348969677017905
-5.975797094986117 -0.6072838149202848
-3.8454243288491607 -9.947663755277539
-7.506701688105489 -0.3319185349296827
-5.150044186133876 -6.377973250142328
-5.349121539734236 -3.9913218849084338
-3.669509764204612 0.0567027755898053
1.4930805369375868 4.596770089629267
-0.9651422332771453 -6.9123005324493185
8.457496530550376 8.914758259501191
-5.256201024826346 -8.767094733053852
0.37112107851675624 -8.307340183767929
2.9933095848274522 -5.3898451492803545
9.605905455900722 8.038522830370006
-3.369823172195261 -1.5679580669361783
-1.769279368719051 4.043790138987367
-7.344169244408702 9.010595548932955
-3.8856357326322533 -3.6049147320169794
-7.510807651001777 5.799691490218006
-5.110707749655559 -7.571755426912552
-1.697119752716869 -9.285826558157508
-6.836489864031936 -8.551490197933354
-5.595983772949433 -8.291746409489091
8.184717680226662 3.0377501992258473
-2.265546258958886 9.400336496647757
-6.40247197686625 8.578943695020335
4.472947624011706 8.233489669010211
9.906605360831342 -0.5032133837143924
-3.2844472333460084 0.16142781282102803
7.275206157654107 0.25248598145701706
-7.606666136066648 -6.714103820513532
2.8593333686725515 -3.118701924837863
-1.1375515424197005 -8.91558912709696
1.4816997617504342 -6.3904108091904055
-8.056121080156354 6.921340633925414
-2.310205312658759 7.824560048764713
-1.7467128271351697 -1.3763937479972643
-6.440280812086829 -9.579283990683367
7.434999506618034 4.3110944183946245
9.521602141459628 1.884885940236094
1.3961357910601109 -9.347256021690578
0.18937804417923587 -2.7093585233583024
-5.523478414375463 3.212469794731893
-5.073698092818113 6.623492358869079
-4.647935388263875 -7.336389702320609
-7.204563730855678 -0.7355803676318722
9.5487568360392 -7.967170950231597
7.806970590328582 4.648408177399926
-2.0204931133131865 2.564546519021558
-8.07788774687429 5.947605693194607
-3.533331457623232 -9.195245500486223
1.9378911087107582 -7.279237202292245
6.416842957354856 0.5797795206152472
5.7378023661820095 5.537818207453611
9.673658801880357 2.387166582913549
-0.07799745948299197 -3.8944169609165176
-3.1284034641552694 0.6671869613079267
0.7105196399303342 8.509726152578065
-2.4820555998096623 -5.718169513246865
9.829257597895658 -1.8003391912716555
6.658478301980516 9.633262175914776
9.218043287666578 -6.398148983158607
2.420479763410082 6.62467411498427
6.011532524993271 6.117310668710129
4.007007265017023 -5.817438115149547
9.968269065651949 5.300850182531338
-3.7194901092739663 -3.666090994269096
8.228800243994996 -7.236468291086656
7.780801574706288 -7.265797211455225
-7.453993563568697 3.3565183924552056
9.010369961749351 4.381683132983326
7.364910001524617 1.217919758078576
6.555158316329479 -2.3684618384678924
2.8206061356986822 -4.150157460747983
2.6500544053099677 -7.319888624793762
-2.9619884658893874 -0.9513999234050772
-9.555789239345298 -9.006092562990966
0.7039316276257175 7.454549926736579
-2.3457300340002902 -9.426996043198528
4.9267942065111665 -8.230188644229887
-3.4357918456433456 4.185164311410091
6.193636986141456 -5.794932696178188
9.061690928953894 -2.625702694511725
2.0488250247707125 7.119068022086999
5.585407069571806 7.690768905697091
5.754259533409261 7.653075344769412
0.7577461437261483 -3.6320097847206156
7.905413189564719 -7.247239150122605
1.88846735044784 4.827486819309952
8.98057709650557 -7.181816986496051
4.356203581943689 -0.7363695086108546
-2.2012500455409345 -1.1459772119740919
0.18425100201289624 9.045105453879913
6.987966452705038 -5.543526571170439
4.114138833015321 7.5412793007089505
5.777032458359688 1.9979244733007775
2.837355310175095 9.310838751906378
-2.758566901350279 -9.924320719970925
4.545264857502019 -3.83323748728142
-9.648375686620323 -3.0506443887432466
-2.58860915344723 -9.66193323323109
5.608366366334639 -8.284997624403001
-2.2079202905301436 -7.3112242994714505
3.463501530978979 0.11249559743909465
2.77890505579132 4.302541265926635
8.683287626877025 5.233788834402851
-5.891544909806495 -5.29930266346182
-4.440625061736732 -8.037830813201172
1.1564564392674619 3.30343334411225
9.604678958274874 8.53822180084564
-1.8395912995881893 8.229236340705636
-5.147329559943536 -9.545415513362467
7.601481693711612 3.102397230090446
-8.40408045737755 4.597052986469631
-8.940391904807086 -3.6654073690085687
-9.323919642325967 -7.885281696672122
-1.2261728655170252 0.45801182929792894
9.935013574415368 7.819902931184064
-6.290143912751409 -8.267105320438539
7.101396926100403 1.6329980127477413
2.345450018134926 -5.65863971152341
8.80817319197558 -8.739638466634354
-3.0257985665211535 9.283831559053755
8.26370820701494 2.589235982422121
-0.42871377523132814 -5.445059397783984
-9.846268135971137 -1.142907107113647
-4.088670903670193 -1.929845859706056
6.818361914116686 5.9520980918299
-0.4132715678483301 2.133427358276446
-2.810209796325786 -2.6380103056593622
1.2358489892283409 3.4930863197747826
-4.532136700802152 -5.804359214812253
-5.434091138383559 4.881853943977667
-0.3369372290101502 4.830772358516274
-3.5190566363775684 9.811062917864952
0.20607526938720255 -6.661243188906171
8.012272762451484 -8.759375183492535
9.657300659574673 0.8086448493664484
-1.5103340153333118 -4.625014338973825
7.301827619380255 0.28452332680262415
-5.801368259898634 -5.060592894611224
0.7530577324485161 2.465260216233844
-0.4260931512761861 -7.9860515742382265
-2.759556667356364 8.28630013585126
4.081989972995483 6.672600828175284
0.8459406782744736 -2.086117300821626
-5.317951203191562 7.979580272988642
-0.5698130037643079 6.278565172776183
1.3688645443985425 -8.49184144043899
2.34296809977684 5.236777064737254
-5.660347224387838 6.746908192065508
9.260397987223552 -1.23797671862582
0.9324156765752161 4.9510830440811056
-9.45132738031679 -6.070834199691626
-0.7420736137706552 -7.2637004492364365
3.874389948596386 1.5225342899667602
-8.822016246957817 -1.12046821071133
3.433723250810317 7.904351334024412
-3.7377399821591144 -7.5422483355631815
-6.941351320968565 -0.9821684762932055
2.336787424309467 6.86268243320589
2.9460765754730023 7.802137455185743
-3.0879783872309297 -5.791458522030403
-2.8957687862513426 -3.3058068553454723
2.9454128225074143 3.9048370645016295
-9.237473601092654 -6.27622016199771
8.454059194675803 5.639226889710329
-5.756342420207163 -9.165647008570648
2.648218455920441 -6.774684292251263
6.845212024576554 -6.288297479542548
5.083071764012995 -1.530300209640183
-3.3808973597614127 1.3235689677661426
5.235220244492373 -4.502603318092824
9.180731046455296 2.3771215027766956
9.426014539646715 -3.9096197507755637
-7.113380158184048 -0.41530938048541977
-6.826129864214446 6.93771835697035
-9.81198170149636 -6.045487796365876
6.8038860322859485 -0.6991168997915693
-8.649308047625528 -2.513277333262711
-7.026562616866679 -7.148168698388327
-4.877201011233419 1.2873412467454806
-3.3385138980447815 9.36880854640249
8.559763780417498 7.522938623837195
-1.7871763328822219 4.55571044390901
-8.82985316925762 8.352049290029576
-2.5674426885329034 8.948922008263402
-0.6282457442555582 -8.01240070278486
4.577764248611103 -3.595651082838895
-1.2984338980223917 -7.0327890424015145
-1.72833809543188 6.529058541058596
0.7525756142068918 3.858283452534222
-3.890257598067304 -6.130315943039797
-2.9783660469170847 4.0538185581988895
-4.510289076117817 -9.3037495052474
2.4809007763837485 9.603879505030687
-6.499479838413727 1.5472951164319486
4.127041119878719 -2.3692244976862664
4.928342503425263 -2.2151467079280174
3.1518960152333584 3.3307633969694717
-0.737894349180273 5.983033501602836
-9.839751404660177 5.203660354523196
9.120078399208595 -8.434705602033667
3.4805148183995556 4.465384669562457
6.794464613026818 -6.56823535524667
-1.8835362711689747 -4.735103804609329
4.016697951203984 -3.6105603355937195
-9.803669183146786 -2.376599316731274
2.8437886338180167 -7.2744507939868575
7.610318800950569 -6.61962700081858
-9.993461690034335 6.145205950512626
-3.500268397891915 -4.151910504105112
2.835452327858521 -6.333432811335857
-7.976149921283198 -0.6967746939398989
-2.597570587289841 -8.170013729811885
1.2163637136881462 2.720202414392567
7.874538281734292 1.6161875065181661
9.080251862751577 -6.831725675233948
4.611929570442168 -0.9240995904118563
3.8885055559753 -7.199748548602467
4.080879110529704 -2.162543040141937
-4.015350701610709 -9.288374132490818
-4.466543931362523 -8.540829274738808
-5.434725417662152 4.126545816486541
-5.183426132675413 -3.9500369916349882
4.319343199951177 9.890649339224431
5.4128300968375225 -9.208046108779174
3.809575714824817 -2.3801896262674855
-2.4956755577607437 9.573206043160667
5.813816151655972 -5.913902727062874
-8.217024884544122 -1.3020951729200512
-6.843475196795881 -0.47823606834436205
-7.327968001522001 -3.2205523845034207
6.8548449304302785 -7.157631174789909
-6.166452103297235 -7.07453092060935
-9.50145918213754 -1.4852089808330255
-3.6845847642964564 2.8981204886076544
6.131711907785306 2.2368562201504645
-2.358303664334162 2.923651173901545
-8.838096563283433 -2.494436634291173
6.090507314460162 -5.800600657344388
-2.1926875446110605 2.7761156999047145
-5.347994092999566 9.785367952402172
-2.3987097788032603 2.91558651320379
0.17875460180114544 -1.5086486858565369
1.6905167267107952 1.0804427757984456
2.239189502461354 -5.032255571303512
-8.674279144634182 2.0399412199454616
-8.095064052229775 4.181334094780896
1.2028813172096449 5.763110389816891
6.233295077269027 -8.999609988999248
3.3024084235558533 -4.278233488766174
-2.58391284392264 9.4356373143948
6.02419591145928 7.572413310686876
-7.098567707905228 1.8282164393073543
5.593100386398797 -0.750642941611602
4.2905593018953265 4.237962443128671
6.718830351473159 -2.052391791134081
-2.35404781646817 -9.104535966787235
-7.075912587288888 -5.4420350652228215
5.219970749590818 -4.448236190287971
9.839502378410536 -4.886556247100953
4.280895346378502 -4.326703730763262
4.878531993170238 5.7959362046313085
2.5300169949290883 -5.256567894596474
1.298710767564149 -2.696546335800159
-1.4876391677883944 -1.9483752889419552
-0.24192786397750687 -7.258592820647749
7.1377067841947195 -8.736794750142556
-9.682523170061108 4.18247588157524
6.870177828746385 -8.097770908051757
0.9323736589507838 8.955681223500836
8.10480468095999 9.522625318195974
-8.46158450284907 -2.2031975257762166
-1.9133589667326074 -0.17159752458128885
8.721471798087112 0.19269175931025906
-2.306154026627434 -6.743136994459347
4.402803212193513 -3.6427770191725113
5.293855632803659 1.9503137879557357
-9.042536287139129 4.060144351499208
-4.6144858012856815 8.926307879950262
-1.9961314732819133 5.642761767168032
-2.5877358078025807 3.26059683924149
7.35407083056495 -6.72084035095569
4.924243478619934 7.529035516567927
0.13408260006851513 7.704814529184702
9.859861157329895 7.971944505492118
-1.4984685715653097 4.481278666175596
-6.592560612044467 7.168828108879882
-0.49133745209566015 8.036135058082937
-2.109371512902154 6.872359879629233
5.317387764378498 1.9203571261006758
1.2066823405876121 5.765567510868584
5.868117107737678 -7.870572882265723
5.794919316123156 -6.307986518100925
9.993634973967417 -0.4348964701134239
9.737582433476359 2.9090792163002828
1.3718285805631325 -0.1403265778879863
3.5883515814079168 -0.6748194731348782
8.722564934021587 3.774187799078387
-8.877163085673011 1.9636313835362724
-1.4814868100952943 9.583549995124898
9.78738337913246 3.822905674217436
-9.411690243086188 9.736888431121745
2.4753743208640273 -9.539844432245257
4.441478221955645 -0.5441562386634669
-9.108181554086304 -9.490456551823293
-3.8258961693095532 -0.7015973123204216
5.315557521287463 -9.508999584307043
-9.735009708784737 -8.336501140411647
4.9155696410668455 -8.614628915140115
1.3550694426317111 -5.84211534939679
7.746375167182201 1.0278463202965131
0.18605343464038882 -4.853347018790181
-8.397715209185952 -9.617915859656861
7.963333524551267 7.262329942666778
-5.281512876305476 -8.218162690928892
-5.929011234671632 1.8510110168084424
6.617712590463192 -0.8202510642704226
-5.8116364558006195 8.527665976485018
-2.04427927490171 -6.570283474362489
-1.0214393865471543 -4.776166381831803
8.464205339447712 0.40463558319228454
8.046680694384275 2.8327558750188047
2.0011751740609967 -6.459533218797954
-0.3222104583556167 9.948147105144681
-6.604750465291986 -2.0788526607437374
-1.3575980521379378 -5.597633490126337
-9.283355728124391 1.273927569381474
-1.5091765243339683 -8.938198858738048
4.189731070263758 1.8656670888860045
1.6305053302144188 7.333595592895147
6.840542225401837 -2.237484936964938
2.140174770630143 -0.5180187652200985
-4.031375661042144 6.017968225292197
-9.523896612127503 3.9109574617476426
-7.150498396902158 7.767567992836572
7.617812932973468 5.87599894754212
-9.455179815839736 -9.150058186020276
0.7820574907374063 9.281744030396045
4.612614896090898 2.401961009810144
8.106993745179473 6.741489648948715
-8.463283452327644 3.1727530166483255
2.84434742431049 6.054009097877298
-0.5294649621506302 -6.925034664495017
-8.640811672710774 -1.3149174368020677
-5.942835298647731 -1.2998966322337164
1.3277799034245419 -6.391515306920985
4.17135755581117 -9.827346176562866
-7.539307064617178 -4.826028970578373
9.901085241539654 -9.631317102771595
3.9254389311688502 -4.24408927609107
-1.0152776686745497 -4.753521586361462
-6.824702817193891 0.34956430680421846
7.53428198228314 -2.692119229149485
0.8782837073085208 -3.6928425068028004
-2.1541252393177546 -0.005906755904776517
-6.884222685223373 -1.2031387187054712
-8.832398452246416 -1.1858556705537886
7.168988714529611 2.6283244426682977
4.991245374161107 -6.433541426102796
9.358566993431403 2.4628614205908406
7.660049519666792 9.80630029493786
-2.01114163967752 7.276357781352722
1.8322806917793102 -8.923246078778305
-3.599308240266703 -0.6439988380270538
8.264917808296431 -8.063144180913127
-0.4443058252685468 -6.361158260333875
-3.446034093579293 -8.266132188444828
5.675919466560943 -6.384103686847298
-8.969276703695781 7.929054989651156
5.828373919571989 -8.520221610378563
-9.204167547121472 -6.009868747219691
0.5265413527310692 -2.0729896852395697
7.080718509729213 4.790410237532775
-2.3187513055009745 -9.205993411957005
0.7829280689149094 4.149009554074528
-8.930495408845115 -8.309162578243821
-9.751305968589692 -9.773812826516437
-7.3371785471589686 -7.625552276290102
-7.577711105474146 -7.183778981994619
-8.511232977711995 4.6222299903462005
-4.0387339212519375 4.395807919059818
-0.5610751521847934 -6.737011091199578
-6.25847136010528 -9.472135396472003
-2.302735926019757 -0.7970841067245864
6.1616329580170905 1.4118889362379008
-5.930323826548632 -2.4483508273560624
1.696538972948039 8.616079837333
0.24922954814880427 7.1169842742037694
1.9819865662305922 2.8869085937017953
1.0271857790471461 -4.871545305134357
2.683166903611694 7.474137756533871
-1.6927561413207393 -4.926352067697373
5.169336037688705 -6.05951027363284
-4.064950520526409 1.7762663887765875
7.122915422098842 7.644857945599163
1.842107869956667 0.5068602023618674
2.8971419702470147 -5.352971380963572
8.365519976572596 -8.9685275207407
-2.565484981162589 -5.988874278619283
-9.767128576645064 -9.709855340370373
-3.9495990600908453 -0.13462524463470515
1.555075974502948 7.843339177502543
5.395468936890744 -1.434733820218133
6.713868436914254 9.943560893779669
0.4802784379813314 9.413214895907313
8.236282560544343 2.0191387653498047
4.441502330397313 -7.645885132868093
9.126484441057421 1.98958668188512
0.5458778107138222 8.987712305812124
-4.4402910708626875 5.224290629640095
-3.8066365947853242 -6.43174647522442
8.72909014022817 3.235778124502824
-6.0055664740959225 4.918844043813175
9.554077284797518 6.429047694448798
5.601375534057569 4.385144273525885
-9.8874094982809 7.9720729062067335
1.0365183515996534 3.0115463000934213
7.8675529448377866 -4.099723513525239
-8.313659114077092 -0.019787272680497736
8.155884316216035 -4.7405381914282
-7.405087678271746 5.241374938444572
-7.359756561248467 -0.8060365243052363
9.358453392119625 5.603695433126932
7.087734194724842 -0.32487821953174034
-5.7846905534588045 4.956799713903033
-0.5864026954340407 -9.826184773755333
-2.1380789818124697 5.656216343982852
500
6.262586133582687 -9.450604632945154
5.802286835186976 -6.268978149151662
-9.861566879600563 4.441056731931534
2.65699961900663 -3.135512706141144
5.557131305105274 -6.381622400858098
1.1469916192782552 4.223184528427154
8.533793585575989 0.2520689960931737
4.946605698980008 -4.155886991940747
-8.749995889100102 -5.284887429738896
-0.7953008816353595 9.470229543921683
-7.760309488445949 4.015402993322761
-6.704445040785898 -0.2143779059769262
-8.353658864154776 -6.54225456310777
2.571132220895148 7.4731267758929505
8.56072643266954 -9.650017043037899
9.687699595359927 4.929257020922645
-7.540049024180469 6.6917426741858606
4.512331858884313 -4.174435501817633
2.119088197266512 5.609942212801183
-8.34414836529027 -8.665781488513243
-3.781102432943582 -5.3182041650706395
1.180612387822766 5.906049000581939
9.748619727238541 0.0003962667594592517
-4.35662496876102 -8.6631011023991
8.132645194732117 4.455592418135035
-4.431371920615616 8.737367936007551
-8.637396759053164 -5.687723884682374
-6.393853669398279 0.8499172426460895
0.9561483351750368 -8.85306254997963
-5.399051751535979 5.254233071706345
-2.668753557355174 7.138615511134688
-6.536029698478167 -5.570520999929074
8.455509775478344 6.772872091171539
-4.433746141408084 -9.737121656573644
5.16303784122665 7.41133918020801
-6.982119353420215 0.2527260094108126
-1.7389772193570234 8.88711713632745
1.1042419919170818 7.289528950965526
-0.3390818574818173 7.560409130093888
5.477432897061686 -0.7396394735776788
9.014140690855154 2.9721193918435436
2.764957481900499 -2.4332892660172334
8.612916472265727 -0.9114629694230345
1.2101771379937087 -4.052541962544119
0.5812684694559955 6.341347310441307
-6.389408957728275 0.31888982540598754
4.524410902330304 0.7686599002152033
-6.520410569560397 -1.1607094371586317
7.869064435901475 -8.077248195721475
4.37942466001585 -9.680516082307637
6.465816700584504 4.564411994194192
-0.6328798614077673 3.7053708776514966
-9.864350936700214 -0.6925755727938316
-8.598127728559156 -6.2766969154793095
1.4787373443864293 3.746832928027171
6.519726800879788 3.7694086354817493
-4.369803001776013 5.893860785591443
2.2599254769137858 -0.721677290052039
-8.654850868132847 4.746594980322358
-2.6659839652701294 -7.029085281749938
-3.5324948443369326 5.296084876089209
-5.979189882970264 -0.9403432463802126
-8.633733133653035 4.715560296415333
-1.6016177823552127 -2.165432899209123
-6.257034737554128 -3.59072410022881
-7.86026690161316 -6.719177478861051
6.494108819234555 -8.731740953514928
-9.653931204229696 -6.156231672392385
-5.988061449043254 8.339967199657512
-4.65896406378667 -5.319045819842543
6.147467071766538 -8.225189816473284
-5.104208261198197 -0.6811156842651318
-9.959905084908218 -9.030808963508377
-1.2704885869622355 -8.604332633729864
5.435945754816927 -8.09051358105074
4.848638794827231 -6.907860638948722
1.8508985627071937 -9.103409255955144
1.7270207788010907 4.214986493033241
-2.6483616210259804 1.6326227365490595
9.213882936047582 5.935222890381835
3.358344783224698 7.215003983530746
-1.8218866639879376 -3.5427505544614917
-3.4835606228231857 -1.2449236040899851
-2.1876358570168986 5.246081136535443
-2.5807282879420708 2.6982090868094524
-3.118406426434759 -2.93099551863963
-8.11781125782272 -0.9057572637109388
-3.3327012134890914 -7.880679669457185
4.845588791217516 4.4209476090127335
-4.095724496601479 -9.874946992741933
-4.306650474768494 -8.179855694646182
-0.4557553215846788 -0.4410509831213698
-0.10643940078276515 -5.8826400420317215
2.3696747432137855 2.6884381370492783
8.822158307198421 -0.9140542829313318
7.015387116109764 4.433127023788996
1.0889794149707477 -8.895295983990046
-9.883272936112679 -7.186755575296444
-7.254667976574005 -6.684781380820606
2.4803157780537166 -5.536051176809254
-7.227122355422912 -6.52401913625866
6.9411498089692785 -1.1840004845770338
-8.884094425134121 7.630304104208111
1.590957884655964 -0.48505982400064696
0.2641346424407196 -4.5086236200553635
-5.4869892752083205 -9.370460254154887
-5.584059230832854 -2.232640747552754
-0.5856617718162056 8.162944724822449
6.661286648434022 -5.94928137610413
1.8492883888496952 -2.1004487653854564
2.888128091791584 2.230839352396332
3.130901868856599 -4.625229393179085
9.049564608345563 9.484227295395378
2.0494285749731844 8.357155692679797
4.8159349220110474 5.641757835342744
-5.741025590445734 -9.925428958726268
-1.2201216249488525 4.655068519320372
-8.027645187606488 8.755824596824148
-6.823093333575018 -2.6994365962580513
-4.993466942271301 -9.296662644874758
3.7670500122483563 -8.542352183943844
3.7998025796978467 -5.044484406498347
1.7004047144181698 1.7269472882072083
3.7292154062936476 4.704117289565442
-4.441504027702683 -1.037215043737227
-3.9476381227490105 2.2481325522556705
7.399984441591979 9.090883726571192
-2.7736085739811323 5.152828015778837
7.994163549779387 -7.572936661069325
6.727057225250192 -2.8389947171931578
7.571942825540496 7.811311936026865
8.605794861789509 7.706829357911303
-9.825530936742567 -3.7767955151609183
1.4902401960882 -7.191582375854169
-7.562678545983146 -3.2609274362645557
0.3422447915274489 -9.592142680862752
0.48908732671535127 -6.517338574471109
-6.72144436911897 3.8934312771046375
-2.002099682950673 -2.7585186329320788
-7.231538860129909 7.563765121305281
-9.236649247942413 7.560075285981785
-3.920749990614347 2.158352622559079
-2.8183458674720647 0.0892986311935573
-6.787107894648601 9.396892833968103
-4.185143373010725 -9.767827662259144
9.720192518944202 -7.225109238299048
5.7787712879496205 9.391565966930195
-0.7207661378008936 -4.614485394571776
-3.301972211252142 -7.863771437768841
-6.132537430441298 8.37729784097792
-5.402307228133248 -9.919061279076086
-1.5809514044911417 7.4369173401866036
-1.7974504091174879 3.3113033563247853
-1.6840529540104647 7.938377400013511
5.9762889972675755 -3.1124313045473855
-8.108975923041983 6.188061974211806
-7.833282587187296 -6.7801456225297425
-6.38993073560415 -9.234671372326401
-6.47544359517428 -9.876011761368106
4.319957003785609 -6.771046341174198
8.623641632237092 6.134348946816154
-2.7439272969912087 -1.1999643156755528
-0.7149281147600242 4.402232327839728
3.626944055212011 -3.730465525872031
-1.2435991330939373 -4.3060647903925915
5.866332460897603 -6.401863929744875
1.6820095557890369 -6.5950105799987675
-8.974620402636017 -4.191934633781402
2.140261171994272 -0.9053567816336834
8.406461977361325 -7.905507107103588
-1.100941237801905 3.161337008120082
-5.680584815976502 2.566123091087116
-0.04169667333418836 -0.23980866491904074
3.5552903547646437 -7.862665271309684
-7.072892201626928 4.013591491696349
-5.734100909651727 -6.6025129654857135
-9.71118076372661 -4.687606117689745
9.366262837038938 1.194471532070775
0.7719900202468075 -8.014075830802103
8.201703352029611 6.9038545354597645
1.4122390591612834 9.917935080606306
3.6892337419136396 6.946423383483285
-3.134580319897971 -1.7389571486009903
6.683505916190995 7.9501373846028045
6.607648769664294 0.38187515070431033
-8.872154171229688 6.559334944689745
5.966670186272012 5.415853769862428
3.681309885049039 -6.375503432920739
3.237876596087318 -4.407187087271893
-7.666019676017804 -7.098518704204118
-4.505680130530905 -5.28573119965571
-3.3799768299972577 -7.982775651720305
6.817149446049292 5.8054552146776714
2.044904436468933 0.7947668983496463
-9.711202140815768 -4.713475306890769
1.620121699820432 -2.1318285588991532
8.878402637913378 2.142455889910149
-5.034442417322563 3.3977564542771095
-3.1792149929560694 8.943125083040936
-8.204859923366838 2.7400080622797702
2.451460517435457 5.418282532395226
9.577121219638794 5.987446171544018
-1.2598403804180194 9.737488362172517
-8.511776286406922 7.73833672889225
-8.205042115336887 0.5532844638455696
9.756273771510998 5.698442029007095
4.250352607691983 -3.2562548070898707
5.300196845150209 -6.73507192377085
-2.7461889621240676 -4.972666505733711
9.781326517795293 7.68214176435189
5.806898588626719 4.107145825427397
-8.170951371954562 -1.425936028041729
-4.034154109341552 -4.906278158493911
8.315324055113933 -4.1915944038685
5.840509919804822 -3.6965799591921122
-8.749863896082227 7.879549898354455
-7.605469896845718 -3.1472636901708517
-8.109753812451888 8.485953675416205
-9.071528146981311 -9.610381326142791
-2.2769829948353326 2.645381925913153
2.7963726976418712 8.300670373345127
6.7262817453114785 -6.604084518466326
5.531897109031775 8.018300836354864
4.426414521522213 0.7225326871737998
1.9613683760183527 5.343884046790695
-2.8491386815379 -3.03429166748292
-8.3000371950146 -5.485841799789373
-1.8534425804426462 -3.8038696075877816
-0.4584162629541826 -9.898750405930748
6.410102161711773 -4.758190227700432
-4.279970464716733 9.109459652849047
-3.6839720590981795 -6.498275916013503
8.897112512585913 2.7825798769766052
5.598539899840349 1.60665954430314
-6.28929794380795 8.802349363107943
4.82775420006973 -2.827507810597247
-0.44632144614242364 -4.695527064390415
0.17242899998514005 -1.9276373857766433
-0.054284688613879695 -5.831825445767951
-6.915694988485228 6.081018301777625
8.742519012505468 -4.297028274064489
8.321879467354716 -2.469712228725058
3.8003216955339525 -0.919285185755168
6.367915575335271 2.071269156109956
-5.8574408006640315 -7.614360123941017
-4.068047538068152 2.4383706619693886
-4.526554088489085 -1.3626146657146787
-2.493591508962867 2.8388484815136046
-0.4148787170974444 3.301986459057428
7.585127186827162 4.399551522293962
-4.967505096792976 -9.573397316556209
5.3361081331585165 1.4999524565457634
5.457854632887134 7.278193266324717
-0.02014238408678537 -9.08862329635534
-8.391458658865101 7.006103245548996
-2.058638526639336 -7.661636240090335
-5.225001717933102 3.4101359615634212
7.087427372099636 2.201169310547293
0.7741094402525164 -9.835254356739615
-9.882680264298711 -7.438296402166824
-3.225871977568959 7.931636778036697
0.8678318361840311 -2.0189728025438107
-0.728988376547484 -2.1543899572644705
0.3860957361462791 4.013642864616072
4.34113089000096 -0.9767603694066125
-4.911110801356326 5.786132318152237
-2.760880225853519 9.924679230288163
-5.037403093190836 8.658970007579171
-2.3841351394835053 -3.0126462930519153
-1.3068489369050553 3.888044185765054
7.978058779940579 -4.155251847424766
-7.511492224655349 -2.0515883165991777
-9.743947433177148 -0.3764832788473349
-4.600989242948323 -8.07814150889775
-1.401390235279452 -2.5729580192271833
0.1137679044452291 4.947100697663554
-5.443328406377093 -5.988970650191973
-0.7746849713460975 -1.259335365493694
-7.16561041817303 1.2719378010654125
7.9777851744997825 9.765906867143677
1.4460182815042408 4.073476118451815
-2.7971679042576447 2.937360365343345
7.033964378282672 3.7947343493380536
-7.424654521585254 -7.496470635614248
3.3752678011215096 4.444456093329094
5.919567261317944 2.6337880965944045
0.3580221345011019 7.057170439893255
-4.693578378320355 6.5612704138263
8.275349618295781 6.501253975786106
-0.23618345310939048 6.656548067796443
-1.1145799029102967 6.960444636285317
4.79155767143215 4.26845999040458
8.980913826079359 -6.013133675559574
-9.722612752658534 -2.869733726352404
6.268357773859638 6.6544869322995694
9.24391038951628 -5.411893645779198
-9.915151063198863 0.028658435737700216
7.376752328857744 -3.4142134880526758
9.672864752663312 -9.208689599951676
-9.938500333119084 -4.231530149649614
6.280543361748357 9.47632641370432
2.848477606333841 -2.9862153992184854
6.609588164781005 -2.2136259219079584
6.477248549314517 -4.06571742266906
7.330414830609076 3.4086059183486803
3.6021162746956303 -5.8391075890407755
-3.274560242689615 -8.582169751343681
3.3647164673425003 1.1941816602074429
-4.368178505230384 -8.88675313848571
2.853117154629265 8.036071577455857
-0.6794621033611392 6.98075188660593
3.9919952493405724 9.492078177357321
3.8634796238000106 7.190795867420668
-0.4210969225579433 4.264990097713156
-6.118761954101545 -1.5309327189534372
-2.103376324381636 -8.77015953952891
5.373982920789047 7.2351004741001965
-7.576925774854637 -5.246698723850267
4.1303649069270065 -8.028199002866984
3.7277596125144097 7.262680278970926
-0.7218343030777064 -6.220262740615916
-1.1028201244848752 -1.5466093548576652
-6.891280844025913 -8.915873024980813
-7.294293046317721 -2.666396110399411
-9.054901861041229 -2.664292682295965
6.809963041073551 5.172179693679572
7.2602135019353184 -7.469270522710431
2.5866823923085995 6.656968007304339
4.381675141140164 5.163446047587909
-1.5715684072148957 9.39634812382955
-7.52724102187285 6.340316225450739
5.569973990400941 4.756787404241329
-0.9847306087060907 -2.5466179257577837
-9.12935577282132 -2.742196088055147
-1.6057558885100605 6.877881060154962
6.922582723006027 0.8332594787699854
-6.211397876190754 -2.8890982411578303
-3.6469203892261266 6.892742224760283
-7.665431178041446 8.699863856973906
8.352543653506206 -5.887767927263068
-5.434659004114371 -7.705246254386678
-2.6249062979324567 -3.950804231608041
-3.4955120927955052 -2.1435336633708264
-1.5641151016712875 8.102359314999894
2.2491257294916345 3.7790947161946082
-8.407153143211366 -3.3592486558287504
1.6950675280371836 8.331343143539268
-8.034202042488294 -8.242532386639498
9.147356536717357 -8.167128289080232
-1.163756826233195 -1.3704574006658437
5.028742074388967 3.324230754804148
2.744874387876365 9.438558144914463
2.470152396498854 -5.845583846513405
3.4321306381686796 -7.843628885468719
0.15612085767198458 -8.862400027620652
2.204431184073549 -2.7443817164853668
8.114733776271837 8.862802859195359
-0.6049482186580306 4.658970799091811
9.925697379462445 4.85011530366863
6.462935538987317 -0.0465477910337313
1.6667338702143386 -9.358704280153207
1.5794231234789518 2.0891555995017193
-6.292269374008277 2.8323225937391
-1.8719740443803268 2.913219955239569
6.839671525501849 -6.494744180522309
-1.585052822249633 3.971155137068303
3.6580887877299872 3.937800649468885
-9.958779276299856 2.7992636652829077
4.677736705846838 2.6581350600701796
8.687583526239347 -7.807385879881981
5.501747447982851 8.502581028140312
-5.924074815549318 8.283004435487143
-2.8765544104922665 1.4835491745313067
-6.000028898491429 -8.777064814110453
-4.030486530104536 4.5522446675458745
6.558688932581472 9.972926844170715
8.919115080853793 4.476373950673079
-2.3241555438846557 6.784057440349962
4.05908901599679 -9.130936958436353
8.134228476420951 8.68797981100872
3.16961397092604 -2.2584371978533095
3.5658335269761405 1.8044437878608832
-1.6039818282634428 9.596707109461928
1.1074215299588666 -8.98064996161149
4.9879620095989115 -3.990938641186819
-9.364848808698694 5.274537573166221
-0.5174973067149296 5.433372144235673
-9.858381592300844 9.994225904819313
-5.580820739338741 9.875672307365232
9.669063802683297 -4.232502051216223
4.681729090788835 -0.825329009905353
1.904961545100793 6.336490369343753
2.3299367123750585 9.67333639559547
-0.3399325033963656 2.155704732957812
-7.829234721563378 -2.2883325832871515
0.06543763992503315 3.8258979972798457
-0.22624009288160707 4.126887219804466
3.5935520614869336 -2.5534666389464222
-7.54297633715413 0.4754634956566868
-8.205128523624525 -1.0023912955847951
-3.6336770977423942 2.0762403039788886
0.929502658033103 9.36073400273714
-5.005120442833735 -0.9907812229782031
-9.978432429367592 2.6865702327808805
5.1051710473446015 1.7977345146068053
0.8888182565088023 0.022948912141178113
9.995102471103205 -9.814391887469942
-2.999823784404967 -9.482951225150087
-3.5930097995943022 -2.967362677398137
-4.838850765779417 -7.499169357871994
4.780847227083584 -6.325274754051035
-5.536569824608417 -0.8123384016459312
-4.979868628921356 7.21339161757378
9.101239529192384 5.225054683314598
8.290067414241953 -2.606429002970918
-1.1499327940083468 0.05430376278473936
8.02164913396036 7.218144118575175
-5.586144350724993 -5.435365484865368
-7.243212936057343 2.4238756376956623
4.601402236066283 -6.241526109620197
-2.296562158373243 3.403363503552523
7.7152327832056855 9.067570058267929
1.098743045369348 -7.50907947718384
-5.400101015909313 -3.0553716698974798
-2.179161423039659 -7.631991149457839
-2.6541960623110654 2.8444437673950578
-8.588785937292755 -0.5538161129429433
7.482154704190563 -8.951117328746482
-0.4498990582381879 -6.601047962829359
9.100072890677858 7.63189271165928
-4.133441964410407 6.057395507770629
-3.7701545791832096 -0.22571403200174878
-9.392658075529983 -1.9079088596092717
-0.3201339596165713 -2.2940736988072796
-2.3692810536958024 8.546610386394644
3.516288552572391 8.75225015938867
-4.829119120979284 7.822710461095532
-6.9312295586558665 -2.2155195990603023
9.832482339873401 5.020125770530825
-9.008791188651804 -4.339627950441047
-0.20835932810151014 1.9375839517854043
8.139605143149232 -6.50379888752984
-4.432017160826003 -4.154197009543417
-7.699681504161244 5.850813707853453
-1.5853616534989907 -1.7393156033169745
6.922218856296858 -1.1482755210623612
-6.861545774459321 5.883191742039761
1.8512540595040257 -8.707836225140579
-2.431373312358092 -1.6401656040362074
-2.852560041068031 9.869816692152241
-6.441355937836009 3.8677443296693816
-9.116317009046096 3.185357561598563
4.322664292057167 2.406082603618483
-7.812909599943538 -3.913802922247445
0.20772602515351224 4.879000743548316
-7.591495572567776 1.2098013506101513
2.7099837720235165 -9.022995293509497
1.5172198616984574 5.996799258972537
5.422989609949516 6.686338941892647
7.205512913061305 5.793972274313287
-7.633011198226109 -1.9981620519493575
-5.062341824516478 0.5402947681485095
-5.753650294040971 -1.8095504624460972
2.3310555316316073 3.7471699898671105
-1.4756189943804863 4.2279277608341115
0.06745098871478916 -5.346046288287127
8.919769973627837 -3.105185427015698
2.511542026694391 5.723610306207272
6.177420949734898 3.694915670635396
5.943814607192577 -5.375630807870532
-5.815401518992312 0.4919430207439124
-4.819396345675986 1.5244213077051931
8.494496141567105 3.7848824332679047
0.9336841059820387 -5.480886944404546
-8.451403655565347 -1.3903210174243732
3.8232109182139435 -3.643079843453288
-3.831267686634625 7.112710993371341
9.437747296661456 9.537231328173391
-5.54348194868739 -9.810715375099353
-3.254092264069566 8.011494837961337
3.6649095519894477 -1.4022041888597574
3.9737380949948715 5.54782257041775
-7.947219003050239 9.486961282865899
-4.915623779144685 3.906013430437433
-2.2095755523101657 -3.1844883342228414
-2.149830562636195 -2.145780234081607
-2.4999001948438826 1.4883342154076473
-9.86178705894661 -2.209788640924777
5.08384224539097 4.439950537833111
-6.887898487794228 8.047867176026443
-9.129938897627712 6.423266264200343
0.979561247796287 -5.890494177977919
-9.981266060620154 -1.3177077912206983
-2.863249911315786 -9.432996478692639
1.3005291524556473 5.190581220648934
-9.111329103482467 3.7265085698147793
-0.7091509516067838 -4.079428710405719
-5.65441208418232 -5.150035833274513
5.300257869650091 7.884621369419534
4.237405299205994 3.7597833737876414
500
-1.054532017522984 -4.1853436714592185
-7.0483259402146565 3.249620104906363
8.66140768799557 4.087152027027241
6.283046660560142 -3.7954727049135055
-9.093007048676295 -8.044007448168934
-4.276657059458522 -5.690733530799359
7.2333306034515275 -4.574306009556763
0.9908502115198736 2.097982688096467
4.963377224009475 -5.089861601450647
7.621954684446138 3.4739966288024355
0.8349789970925254 -0.5372736771362838
-9.293567103223277 -8.106002047528829
-0.9218153088202286 -8.838675232939835
-3.1822240011040392 4.053786745643373
-5.083171606110664 4.681435202468741
-4.771158393891389 -1.2130642205834476
5.434588927342636 -8.828059676728014
-8.088524588521317 5.955329708233723
-8.599836825036222 -1.5104684506431099
8.023998484646015 -2.9057065783744225
-9.970691014322153 5.416950871674203
-8.367922618987308 -2.532279416960397
5.631996482692124 9.434193335555758
7.2794709966147195 2.913237962990621
9.670396321408365 -9.462530459431287
-4.254058947570504 -3.6772536856757814
-9.66766444913562 3.683676769474168
9.474182921922576 5.828089326172011
-7.704134301421104 -3.726252398529592
6.699556982106792 -9.800070135528456
5.369355833750264 0.4744825334369729
-5.539115426164001 -1.1458071140262263
6.447411553111436 -9.904768267297444
-6.448462529902052 -5.14632740811787
-9.55334558563518 4.962485446773686
4.916749389448523 5.139028448848364
6.256142671437491 -1.5782068452029403
4.224854059146422 9.372148456837404
5.578069912026768 2.521499379362531
-6.380903310751909 6.968771781849089
-2.4046560361722786 -2.780425451818285
4.56238682964754 -4.753402075154522
-1.8266084083395757 -9.619783123840254
-6.3393136897598 -6.879693152351196
-9.97678257099071 8.385802831808832
1.7685689636865867 0.015720554523037222
4.762620759800857 -3.2962001304357624
-0.1596311568667641 7.083581486767326
-4.465096355359243 7.869178743671963
-4.444098453857672 9.94302173287354
6.05696779211133 -2.8995897156207606
9.498065156832872 -1.907585103056224
-9.402218659919585 3.8227872164587
6.03999536606015 9.398030266559996
-7.637752269964486 -4.533463061016906
2.4343636211545636 -0.7145204228420923
8.079053288769085 -3.8390159162345565
-3.2822293582460027 -3.925841147640927
-8.915190987695773 8.38990706432439
6.308124483365816 1.1794454019637275
-0.404731484019754 7.361792183044436
5.378897253002004 -5.805914518390026
2.87027723079305 -8.649781369312421
2.9525629247271716 8.174005179973843
9.693540058290854 -7.379756092667204
3.565150016561427 2.3457828273048555
-0.5834819661929398 8.676025741681318
5.0062961133093875 3.0625377672716922
4.49578243682488 5.312533742100978
-9.879268214622929 -1.7379594507384422
-2.3673112129137674 -1.1965017684390915
-1.2188149943409758 -0.04260792913637168
9.801278265409898 -9.596996595827168
-5.541971410922397 -6.692382462494953
0.8986851563789262 4.814403107442104
-2.869116973421308 2.767956525300333
-3.567598138637753 -1.379592474287353
-2.767582656681114 9.518909422919219
0.9337089550784778 2.7384319772556793
9.926179536100395 8.884806559525643
-4.089830191954684 -1.898478162930175
2.9437988134578177 6.7164689347315765
1.337352731237818 -6.632823389817122
5.7070306508131985 -6.7071485245158495
-0.565392745222411 7.895124431236194
6.377142650452111 -4.374665372028423
1.4931278464848692 -9.683183713351832
-6.986217031037587 3.3766458503838432
6.0952763933122895 6.02586813284519
-9.801012279927424 -3.6337113952197146
8.419813136529552 0.0632145131268338
-0.12234442911258192 -2.0644978821617155
-7.454731301204789 -2.3250175975045684
-1.5306256166054943 -6.561316179868348
4.803620169912534 1.6995383798159143
-8.576036089931044 -4.390240585163707
-0.5190969899934075 1.2342213070677737
8.975744533237187 8.12699394812379
8.874466601830377 -8.410669760047771
-2.638834119322815 4.253313658688853
5.537792643480744 -5.162979449534353
8.285405850197009 -4.0039843274934706
-8.095981888142612 9.931635224935384
6.638921814125343 7.34330829288351
-1.1879826500102038 3.675214507486203
6.176036653164971 6.678577889510702
3.7665836611539625 -8.340014568098526
9.621690578422161 9.358390353504277
4.503032247208283 -3.1607396890044654
-2.2834390737564236 8.904260281707945
-2.8497470531309705 7.005331405729397
1.8817548202087053 7.724220052769702
-2.065141136188884 3.718519893317289
9.773940260958277 9.577989960107768
-9.242955315732704 1.0722697166566153
-7.998361752990575 6.360158168202009
2.8358673302985142 2.8476808085956957
7.981736499164814 0.634248692685901
-2.86773091902991 -3.8089770243928545
-7.360293837602163 -0.6509851385080765
-9.386266480464517 -7.127851010136048
-9.648543663812926 9.586577409357304
-9.489229873748496 9.000005019593427
6.775020561317692 7.925160763076864
-4.712746844988695 -1.7308508771333067
-0.357147129012759 -3.4848373345527817
0.3994237131610099 -9.05814226265525
-2.9895089636045675 7.385793777040014
-0.14321012238987763 4.1118665769030684
4.677663099842915 -3.9977415281711037
2.6719887016002275 9.362486277183457
-9.288246182183084 5.707875660749735
-8.06663819493555 -4.301489748016987
8.937301598616802 6.676890404677824
-1.7850830200559749 -1.6176079343836598
-7.48707228161696 3.2959026708823007
5.610377289246477 -6.204288146033454
-1.0322781402422443 9.010388761337197
-3.704526848002123 9.841199800840851
-9.67603018400566 2.0717452608970675
-2.6548980256772747 -2.949753039310652
0.7148298792821528 6.203859858685124
4.761766629845068 8.52087966797291
7.860501397806928 -4.843382917720924
2.414030127194808 -9.28037695990241
7.624611791858008 0.8325864231923319
5.4261436650878 -4.2519345330375575
4.061275618214861 9.58637308513244
6.462739711911482 2.485055839645092
9.98698097615134 6.570764846537141
2.3884858968139415 -1.9785190427412687
-5.888140752325539 5.350748558682941
3.87701418803562 5.946614002946619
-2.321712049528961 1.9561654162921869
9.881109488795875 -5.728436039793632
0.5555144868475672 7.2723721337011895
-2.767982388369303 7.8938065639232455
7.41256522006373 2.529442820777202
5.309554422012701 -1.0536355453330017
-4.099875203350985 -2.376775690858299
6.837574365127988 -9.050596896309177
-4.507280159632456 -9.117119209919274
-3.7107861880538984 2.0690007678601408
5.041299765070065 -4.896816403724548
1.2706525058392053 0.04580597250430252
4.593251189773762 4.181918151098383
8.640816271349998 8.382286970925954
-7.742504576433227 2.6150258924477185
7.114457693922343 -1.1694370052969525
4.024092773732457 3.283874325986382
1.5098124140417397 7.936651452516127
1.1048564865961659 -2.964538088197126
-9.05235949661268 -4.436560940270827
8.395130022281737 -2.5644465842440445
2.558508649725331 -3.8116264818433176
-7.908941999974379 4.397904345386991
1.509640104155178 8.836022305590948
9.439360497049524 1.1722237513919573
-5.409211835613599 9.49623205027877
3.107922854283398 0.11975418703880081
7.533507541763441 1.1222601561174006
5.230372072051953 -4.398447274015284
1.7747795182999848 -8.666687235926446
-6.093530341018938 -0.8245841934839504
5.673424145002349 7.051851698859018
8.888498056778577 -9.131442476322118
-4.838060881016116 -2.5908677200406256
8.265929054459441 4.853064790318456
-8.941366078192184 3.238707379852695
2.7372625223407727 -8.677026178110776
-2.5885352983319194 -1.2207826761332754
8.785223897989582 -5.321997788533633
-1.915946143703156 -3.0495146909932664
5.852525291998951 -4.634886605144903
-6.809757280556994e-05 -5.208598422439539
-0.8310076837513751 0.8158969778141145
-6.1775720084771635 2.578059381840184
7.651836903020797 -3.189909975793899
-3.096358920806477 -3.888434937467407
-0.6623788863642428 0.11102209954171016
2.6035790366516594 4.162173941618189
-1.6052716124674014 -7.392436332587192
-4.849989634840737 1.103105012330193
3.9912364608922264 0.08510603190487487
1.2592435033759948 -2.621681570609457
-5.989167869085168 0.8792647749813085
0.1390754054676986 -9.521901403652883
3.141529908414789 4.672159595345672
-5.143181910153174 -9.121225533897805
-5.023073543184163 2.389109841898078
-0.47629952621117155 9.59691779494348
5.748389509081148 2.792054662040657
5.054956121212966 -3.2417328772883796
-2.117097156696053 9.844866555368352
-9.744452932701781 -0.6564887183808601
-9.886042438484786 5.797206690225842
-2.253957215525128 9.68222320651153
0.18838963506709305 -8.006958989819301
-7.12255368801443 -7.830322049050864
6.888430633975911 5.448329658013641
7.77128523209867 2.6826064481677143
-0.2601390196504756 -7.582971043951865
6.860431873734456 4.0897364945612384
-5.033564266427706 -0.6046048409824589
1.6562580911968539 2.178279637678621
-7.545521990357491 -8.909598075153504
4.8035573533945435 6.925215415021334
-0.7499952134098962 -1.0082559408905922
-5.27620953142047 -2.288770236802103
0.6377280688395555 2.557924707718769
-6.6177947132192365 -4.187443084437563
-3.204790593008859 -4.2817123651217965
-2.5062177736634634 -1.4807048819774664
0.6209853503569551 5.0049488981778865
9.536236932032708 -5.1961979915936425
1.6812488150441105 2.3840567065404645
-0.6243012602976812 -5.38790766893084
7.038898878812123 4.326624927355372
4.894324614802388 -4.711801359169323
-6.371290657857232 -1.3610664325866662
-3.9951474053242038 2.4651630929064527
3.1624654032815123 -8.392778126240938
-6.308814692775478 -5.550057901536514
-3.8645240881400795 0.9610831365920589
7.836750251322012 8.168040736971331
0.14836924437412868 -0.17106343927911283
-7.9187457251266125 -2.120255711883705
-1.6242329579909853 -1.2770671844297592
6.466457393244312 5.553013870852103
-2.9473370065548306 8.23860611072774
1.1626465602956095 -7.13759579710469
2.4342636923131327 -4.310888881404451
-8.444047499780334 3.547537170530749
4.794136761189069 -5.75394410012813
9.429595518804767 3.715265031020225
-2.6639243116475892 -4.457335833370173
8.412860131794545 1.3259748285565092
4.924246658782074 3.746516807905909
8.151234708476316 -1.2691614604785002
2.2507423123417976 0.8259124804188485
9.56117992410459 -5.544088730197638
1.8707844307089765 -5.482445972726985
-5.2966980035672435 5.160721036044944
-3.287246826730632 8.274527946647428
7.530960641781732 -8.880218350964276
0.056035982781622806 3.590953716649068
-4.894079705763231 9.859572465592365
-2.5739860367779404 -4.776755302331477
0.24565003815082243 6.82468734388236
9.575831635836757 0.4222890331729072
-7.477199693431469 -7.343871913707087
-8.423085917297222 9.18903338640989
5.106828800910719 1.418570478314198
2.090673348658189 -8.500703349368434
-4.528878555856599 -2.4499445397763857
8.1540869857674 5.546491470945135
-9.963149898506607 -9.422627350098864
-4.938476433688505 -6.31545027256961
-4.34196303259368 4.715759603269326
-0.8071329550216699 -9.69603579944096
9.280791558633872 -0.19508670680211182
-2.391346389230553 1.025760886373405
-5.654204756845383 -4.51890427878098
-7.338823299011878 -9.380185068526467
0.11966372158616956 8.526149235554474
-5.246480417377313 -1.4424402753921157
0.5079614449280729 4.057719413010826
-6.256311840371005 -4.376835670717522
-4.901081845569242 -8.937351725814507
-0.3753350924139838 2.2023918922035293
2.625697348017571 -4.017060835470348
-4.018008374276647 -9.528396858525225
-9.78242819439475 1.8441873694339819
7.059899934509108 -9.143813175926908
-3.8835407621121565 9.276800628839112
6.515970022495647 8.068998578137546
4.418288670484781 4.670881066218227
-8.91717107294185 6.499078655201053
1.0106556198384702 -9.25023568027954
-1.3155732340594497 -0.4777390339365368
7.928993137559491 -9.124598428661521
7.624387742475623 9.692034820519012
-7.804299348217512 -6.02161075702039
-9.218185040975168 -0.7788413374107694
2.834940774821444 -9.048389677498772
-6.215568876897684 8.411593740919184
-2.6395964242190484 -1.6595439703360384
7.200861916999266 -1.5225977710085168
7.370500976794684 0.6988171914765484
-8.92207313978258 -5.875420402583911
1.4476116649231852 -0.49897138825394194
3.4695978285025504 -9.265850717016315
8.996812315330502 -5.8020756742020545
-8.38113822971724 -0.1576536264846915
-3.9040841630301752 3.697498854811613
5.383140258920578 4.0630913848388435
-9.462564020494035 8.51047786767721
-4.270042112412926 -1.1558664976541415
2.105416651939933 -6.637033388797862
-0.39790133680430273 4.844620919623864
0.7187531855512574 5.358459620763849
9.479382820138834 -0.9505253987573248
1.7337701672410066 2.4498620077493243
8.52431372331986 -5.168271608471247
7.7380225857816995 -2.764381438340317
9.308018096266764 -2.707450414285752
8.971132339593808 -9.072545819346786
8.660811287525682 6.494385716873957
7.567025443908701 -0.3186779337693242
-4.392474985271962 -4.87022744645309
-6.319028243319407 -6.531004643284016
-6.937898459014404 -6.46222696475996
8.216518282423792 -9.698402797257897
-5.2204496290484865 0.7130652151385686
9.402840007112278 1.7734353740976
-5.006529423501725 -0.6829670145835465
-4.088707164651653 3.8814359517457895
8.351583933488214 8.223498696192095
-6.891535621614535 9.54046949885877
-0.18935198693921684 -5.45403508911479
5.181552747641431 0.7097860156299909
9.669673652491248 8.290208623702839
5.115321914133288 -3.6198893502956198
-7.7247014378370515 -9.652587275462885
-9.352001184849074 -1.261161365003506
4.256423348150912 -7.162978992084783
0.18598920339543845 5.682703985517325
-7.534667984976828 -7.118228491685281
5.202103200021186 7.3285798463482585
-1.0930614319745224 9.43678319866535
0.9742970879120687 7.28821483606999
-4.327218871629965 -0.041423749054445125
-9.24772577465712 -8.845796418445204
4.519255825648168 -9.276270925964415
6.21349788045017 -7.433486916277319
7.60020990481992 2.8032322933760874
-2.5055142891727122 -0.9986373979145711
1.57940596237607 4.828026500138625
7.792466096676378 7.978168359703389
-7.084764515998203 2.5938709612839155
-5.702536838596743 -5.8258778584385755
3.3562261761417673 0.6508148924781754
-8.933386069304692 2.8614885400149994
-0.5175101839281737 -3.0330546683721638
2.947338503060088 -3.884198150181433
3.672176579777979 -8.792448024738569
2.954386765384289 5.954540378721617
6.645180455961945 9.846692061005701
-2.3734735132731615 -5.736409912959141
-2.6528632909399974 -5.654583120796799
6.7116545505809455 0.20121110169069212
-0.8874234826990968 2.808871519807445
5.860242167295485 1.029055981547824
7.928093600722249 2.9424611299688372
9.984898595862607 3.1906929294356736
-3.634116488913177 4.265240243195445
-9.495300480613668 -3.994040845868345
-3.9922635676752734 -6.471152447849951
7.525564605898349 -7.622979545095765
3.175159277700372 1.4289868325795663
-5.365558870994551 -3.794952070046995
-4.429687032708792 5.676602193240626
-2.273225181204255 -6.519277993350281
-6.686820176831658 -3.7880373067165625
-7.750114679299152 -4.04223133218514
-8.687974573458908 -1.7638164177088989
-3.3323611884939908 4.25496384315673
-9.996137787076638 -5.199842203827696
1.1059200922207229 -5.640979418817209
-3.6497108949148043 -5.183495561189135
-6.453275278904915 -9.117322207506046
-8.154016486242169 -9.531444807816063
-2.415626161364461 -4.332688442517627
5.400803038914145 -9.773718654338124
-3.553811823465418 1.9600742193485488
5.865626833328053 -0.8791201618370934
4.601498244500066 5.054440000875257
-9.752410159745558 -5.127465177584618
-3.399197440214663 8.826473972833622
0.11898731981459854 -1.0229447696306533
4.31325363401416 7.945076965523199
-7.895589472009162 -7.51717417442161
-6.5725600539805455 5.853008435536964
-4.561248065965334 -5.372139757986345
-3.1248734882982454 -5.928572745341032
4.456889348828344 1.677144783943195
-9.981858076348512 -0.6413956693897411
-3.859682068311992 -4.802192373869545
9.01998342787229 -1.7187279941382592
-9.902970444130673 -4.722179891602638
-3.033959097588486 5.868006947449608
-3.217972047290914 6.76756583172795
9.040317739969012 6.868337995793237
6.257108970315485 9.304406003166527
3.7032399949536288 0.8205563655455688
-9.843810889950309 7.50669862307365
0.056300115626562786 -7.356893067071524
8.958302972429728 0.044808382607364194
-8.12983730228577 6.06266321250763
-0.8464436199851875 -9.973473139612235
-5.939966000695225 0.06260892351739145
-7.329909009987432 8.530739975812388
1.4870243173853552 6.873737043977826
-9.65254076740022 9.436925374344199
2.4632769211705927 -8.838478927480473
6.465785371508105 9.83166383990175
-8.607560052219794 -6.8349394764458005
-9.595851212880088 1.7319810463529883
-4.913314464758212 6.557851880697626
-3.306644432514556 4.725306303399069
1.1834291942356305 -3.950417785348357
6.624819725797458 4.202509957204136
-0.12937710926348167 -4.453858699667494
-7.719583199534117 -7.560831234962862
5.507844393620795 -8.524658831352887
8.109557791780194 5.881184179101108
-9.149062127753673 -1.084605269142438
9.209686509921706 -5.99229203471118
-1.7585036811729466 -3.07712812867962
-4.9868498422331475 -3.9781901326385904
-6.222547361678529 -5.581620629104059
-4.968971148300179 -4.586056049868956
7.796509134239461 2.3418699778762075
-9.056081599662411 1.1010593762934473
2.7986863157027244 -3.152208132195966
1.2761880797809315 9.870465627926276
4.736154865590482 4.809737918277939
3.819291257757394 1.7809112725157323
-7.125648701886929 -3.4552695149950097
9.167685951449617 8.303343893541303
1.9663313066556753 8.934965434312854
-7.645873536249324 9.008622343615109
-5.4437740453822725 5.660540815848911
4.918716218443803 3.257334398614802
0.4751191848793539 -4.656481736845375
8.852007728092715 -4.060499560921224
-8.259318518995807 -1.1267396050529435
-2.9393206725702514 -6.0089031644404916
4.799806025913245 -1.6820087919846305
1.9410049229979585 9.76203747073901
-8.580044504738257 8.691027290847703
-3.926197425367226 -8.672771770010815
-0.001676652829718961 3.5280129777059557
7.003544237621849 -9.916480958788414
0.5745399302807002 0.5034304288803622
-1.8270280362453661 -6.690334077845817
-9.05424321247699 -8.9776393343892
1.2016759108841732 -4.079927473868114
2.3726740774358284 -6.031072906053232
-4.75697757318313 -8.969840239730122
8.986674994086886 -2.4634725556496857
1.9410147335440513 3.8833662674443996
9.856963727033573 4.9551895990728525
-0.2913742754641717 -4.65553601817742
6.919334828560249 -6.931822129008458
-5.452993672565595 9.483513162892127
2.11540739547603 -5.560104668588284
0.45150307309491033 3.648149314519994
6.042075107835416 4.915155254272605
-6.224960502292152 -3.6745581417316604
1.1080670892933764 9.516492133497632
0.47130314100015624 -3.0269548983934396
-7.649593268051545 -9.002449121368219
-9.292842492447031 -9.72553279140186
0.406036563149879 -7.682253696941716
4.434483820207051 1.0210835629952886
-7.791374823853476 -8.344477764405198
5.424994002769104 -1.3258851914824774
-0.7921447856481283 -1.2001710852521796
2.1628007610323507 7.699582195599323
8.771113934369147 0.7671450621454916
-9.030671314334342 -2.591825445984
9.117196065597373 -0.3174518242381996
-2.747423636511572 4.348212364534794
-7.0317650067618604 3.1977323425785045
-4.8014250239854945 -5.576357371685832
-3.964306251564209 9.045856116411088
8.833051974195826 1.55246888270357
3.684488035065119 -9.55549018994125
-1.1384627325503 -9.699276598667977
500
2.3230381957572774 3.0105203006332033
-3.289462435933615 7.18948129206305
9.159822646127282 9.098940761978731
-7.222461592626727 6.787030553744536
1.8921156372652899 -0.6123107674580304
-5.011909283998746 4.638264006907285
-2.4915003074859126 8.476358861493193
-0.1645074020403552 -3.4164707260386145
-5.953892293109759 7.121218388087389
-3.68327756042299 -3.8608352357523312
-5.960811367011227 6.634528677888053
-8.677068484637358 -6.496284030377022
3.3889167327183483 -0.005102982796152844
4.428206722265365 -3.6128555474187447
-9.5595426655217 8.68549702301533
8.449787168947807 -3.1425698438718257
9.761777246749258 3.7474483776006977
-4.289604797347025 -1.6856856171777466
6.32613711728634 -8.770059856149054
9.313084290562056 -2.4946087546923383
9.57272899752489 5.962253734520191
-5.720833095288304 4.684115978610217
-1.3266033375369428 -0.22548175410170224
8.490120836975233 -3.9864298511772827
-1.3993014855970927 1.316800971512917
-2.757802203555295 -7.492988510149576
-5.769402715850845 5.636462788763508
6.722461508627198 -2.309750208482912
-3.1964280169133907 6.284682853147974
5.072183599631504 7.00842556294236
4.846972080175204 1.4812052213975626
-3.8913182367529053 2.001344558245563
-4.266586125996589 -0.6067785512591222
-4.329794445729355 0.36887176247546805
6.166216181252203 -3.210605215269478
-6.293925638536805 -6.833077927546425
-0.7145146944282228 -3.842891728734479
9.734549983550252 5.204340988591918
4.861274750148677 -0.09316967212284766
-0.3355249044729032 -7.779866444796744
-2.5838755852109045 6.751152139743478
-7.417072129995144 -4.746770889850021
-4.654365649127287 -8.340816423447775
-2.872053090858742 5.736842729497038
-8.876986867453232 5.837281722475751
-7.028888343948774 -7.052878172945771
-0.8898727192411116 1.7087330402956873
-4.963205448951933 -5.634974970546251
-4.743905826103523 1.5338915193436176
3.133054904768059 9.123573552562213
7.015720600111642 -5.555850577428774
-2.814237585595219 3.2381147083418433
-0.9320995476121681 8.305263698401866
8.006021712396652 0.4187168857429313
8.404920426680192 -5.369746011892538
3.3821503416218146 1.969313558527963
3.6891470958881563 -3.9123400880590253
-3.955389966930502 -4.964629857870486
-7.538379081958066 0.6620351395004054
-0.7558811244004424 -9.469325715331431
-8.149774079942862 -3.8689629431238366
5.8637768448517456 7.616761318632481
-7.61071549154247 5.4125506600566595
5.595800889156541 -8.500194642882622
-7.752732777783642 4.630688988402664
2.374436702308927 1.2304320360838297
4.862476517248462 -2.559958084017266
-5.820007563274324 -5.8211474607406455
1.5056750283890352 8.021901124933827
2.397332868134175 6.5434529620292565
-0.7682860157073854 -8.848398002578291
8.222131880135077 -4.882120259399956
3.50458619062727 -8.865973876309203
4.460270284538419 -7.168716924524945
0.450017277650236 5.810507657808708
-8.632904496228718 0.7155567129948928
-0.18941704350008948 1.208401360293582
-6.888783994870515 7.3588477021199346
7.463922066975666 -2.1316051041742057
4.53524104989161 -5.0640977415733595
8.001231896102105 5.9118201096404235
1.9833387848380326 6.551464251832215
4.257697348268305 9.010298803058689
9.684303196970841 1.4557655541540786
7.232778688663032 -5.775755079172291
-1.9674244970599357 -7.833649532883758
-3.053090772249485 8.043107997279083
0.18862675866550482 -7.886482291894921
-2.8203118413121526 5.624866729119217
-3.1458625605054635 -4.371159173979828
-8.017632388673931 -2.7905687540891204
-9.595253642780985 8.928915868416777
-1.9417197405593374 -4.535197261937114
-5.399719611089935 -7.029735068596081
-2.447596841756738 -2.8135586919553246
-1.7193539394358037 1.8825887316425778
7.75108980829885 9.112204597422437
-1.5081655397972433 -3.1341542359549512
2.643137548602086 -4.131447018403436
5.817640285192972 -5.380327399586459
-1.9970034108400156 3.192345968123041
6.928934398376402 3.860217319787866
-6.499449048722525 3.8459344369656616
-1.5724491023919747 -3.1847280339360022
-3.472890963356079 0.9781951129800994
5.734530606755644 4.99869091881984
-5.450569302223698 -9.074010065853278
-4.350404732216391 -1.2684474128257595
-9.01687581978477 -6.664687332056209
9.596467358965956 -9.901099198477542
-8.464217060029318 -3.681790565546752
4.273709661875873 0.7684073337195905
4.682267808048099 -9.84245843232691
1.4285477022450657 -6.8667218405473935
8.36299159310093 2.2521441146960637
-3.414292849096885 -4.4654293450681415
6.132965888317848 -0.8705517985605571
9.668867055347189 5.069436299038333
6.747146125291078 1.4151918594622277
4.569555297145513 0.37165253224104333
-0.7520262952807357 -2.886469054011278
-6.184854586608504 -3.997212373755028
9.691659742710637 0.9812470023112709
3.3730074214110424 -4.765518177094432
9.281709060353126 -4.410886542356187
9.551398499100706 9.298802020292676
-9.830252665362615 2.627714602430949
8.79927142798337 -8.272437734802345
-7.760302484602035 -1.0609495000998734
-5.382286933421465 -4.480016003537908
1.024078516727453 7.258207583049817
-1.6017954177538627 -5.623382190605229
6.620865682977062 3.322080902291116
-8.515826009222966 -6.799320594489235
-8.144695266285575 9.245535631310165
5.932616184681018 -3.563953449310697
-2.019792900595963 4.134714217988652
-0.31895775450794694 2.8085491708340165
2.441748912221895 3.4787216715595157
-8.879331783356136 9.324822696300632
8.061061136578825 3.751115915033667
1.8208285966736 -9.650703741920374
2.692737728282701 0.5807846913335055
-3.960944685348265 -5.546435087451476
-9.732013327281523 -1.8814566151795535
-6.756142707171993 0.6136510458985676
3.9496439536868895 -5.153100679746436
7.387887542172152 2.6441539721852685
-4.262378717330552 4.641069374225967
-8.779386320413863 0.23294945565034375
3.51756615577205 4.772411162903872
9.82559762139589 7.807661855916287
-5.289181064233586 -0.23604137219405352
-6.331240892776737 -2.7604567224746894
-9.443383885063348 -2.8044432950083165
1.2885129131133617 0.7526295475143954
1.2162551766669605 2.5221873182205563
4.1761257207398135 -2.7529154867410206
-3.7684997156973417 -6.305719539861807
-7.3691048455941015 -4.732305275163351
-9.57134401494508 9.960137341274109
-3.56221684788977 9.958338947397223
8.997091051198641 3.737909496983283
-6.6782054532580055 -2.8881009049157775
9.364935587936898 -2.43870096199802
-0.1593086488496791 -6.405953484911979
-5.922263698779737 2.9922655620242686
-3.835289800347434 -2.628732004932637
-1.7125733733240551 -8.655368401725145
-8.995486913840958 3.3121692202168376
4.2655136766532635 -6.894500330913386
-5.725006709660363 -7.382862719148022
-7.401834497279043 -0.955905676035826
7.876710053711921 2.258861790542788
-5.009734187092443 -2.0431425373397367
-2.953863295784811 -1.4785161790968928
-0.8994216841275247 1.6455046471648096
-1.5891367994581636 -0.39492153620046544
3.883591839991727 2.6090871454864946
6.989071776307462 -6.301911713204557
-4.295674696959271 -0.7070758993198147
-5.452499092604144 -8.477336763255067
-2.955188778848643 -8.898152813865334
-8.624156539316331 -6.5181883060327355
2.413300475225073 8.032344037501815
6.341987032488898 -9.694408108342198
3.410929308579938 4.106134777935466
-8.160954190293479 3.8906351488880997
3.859694250792952 8.362998794011915
4.03439861602225 -3.642578886545163
-2.7892294354700065 1.789317315579277
-6.834511023956891 7.104300100151146
6.121664838813658 5.212499790725282
-2.6398584645308105 -9.22629682339501
4.068073030770634 4.416845279249504
4.551690765677909 2.26070183651723
7.816706319967931 -1.5218877552965502
9.361893104002853 -5.9245469242093085
-6.544649198843848 9.950733463286682
8.123248167126413 8.60013484564837
6.863464697615591 3.837333351916657
1.3336921535690536 3.9990017362173287
8.213012357147566 -5.470270283765486
-5.971790077255026 -8.283473390865105
6.929618344693495 8.486070325220204
-7.741432779695739 -1.4518492429805558
-5.978983136122156 -1.2845647091975803
5.0517246297570715 6.711314743410565
-3.85800133323694 -2.310162199317592
9.747547012126926 -4.387816569165695
8.595540935215602 -6.046477772781101
1.5928514568065726 -7.1808595080487
-6.315781848900177 9.904655781431938
-1.4166563190602446 -5.686309134760723
-5.807430220643102 0.13178825009726935
8.877653021261754 -2.449642229893456
-8.877029289245975 -5.5768249937915915
9.042659825179431 8.611103442842953
-0.8203856041495978 4.04567529217978
-4.6151994886275265 5.157721758192439
5.8530063890540625 4.78597682976379
0.6431547286088719 6.683014397997148
9.301872967753553 -6.242640965127199
-0.5220746040669777 7.459696033322544
-8.12199802462904 7.882555507182051
3.5775586919380675 -4.086258557299567
-7.384432310876694 3.0500319839411354
-3.0574827193411336 5.93829953099311
-3.680292299571586 3.562064037092359
3.4615551984277797 2.6522774373003077
-5.745838176327174 1.03588111510353
9.66965848899083 0.8565166909815467
8.221314895264417 3.8895857750509464
-2.525872550868133 -6.049699251824723
4.834798144097084 0.5446136302974729
3.1114360729902817 -4.908936490384958
-9.210925766349076 5.401662618619685
8.780533015205897 -2.7156986492049935
-2.6243872609914547 2.2259032855057477
-2.9419831354964243 -9.417068762131592
-9.675192113116369 -3.4602342809167475
8.730851047009406 3.7929911360291833
7.436522083451596 6.439546334182648
5.344366022194025 -0.6527156317340612
3.3237879261522068 -4.687570341635907
-7.699947909697786 -8.16507622736883
9.026206516438833 0.36778228802525703
7.5857884811291925 6.72119056480852
6.3381625862769155 2.78338681626251
-2.72861408470209 5.4113346675564635
3.0733143811259893 -2.6613306317307517
-4.730600700990653 4.651787412074093
5.048982354657001 0.3882836824758922
-4.339120844014513 2.477045764207288
-4.213612836892726 -5.805938798214396
8.967602584030999 3.384880725764088
8.825488662786999 4.196406614465111
-0.17678758765783797 0.5559692638939051
-3.4389527803829845 5.460507231742099
-5.859750091448051 5.023671161782147
6.046202422496677 -7.903991665597417
-2.8708382091897615 -6.983174540575174
-6.371428907083015 8.200477809583305
-7.2514196747254545 -5.41437304272903
4.178656972663713 -6.31736140715506
4.442985020630035 5.0539411884820495
-1.7034958336426609 0.6699123628142907
7.843860931714442 -6.345518831095052
0.08336021487452605 9.77063420933693
6.178049541388738 -0.34783685354266325
2.420977834815046 8.290759526360386
-3.6766021691361566 -4.669695351760039
-5.0655765551552445 -1.6274309695060634
1.1899953100296692 -7.2028326985379465
4.2141725204296865 0.8444658655981101
5.4991874386509245 7.076637060223987
1.4681093386508053 2.4576472290029745
-7.625281986940237 -2.0219025398489343
-8.577533684205097 -3.1883284144516093
-6.621312063729232 -2.556503083795503
1.9769535438405939 5.692148814956946
7.265057128056519 -3.784058432857293
-4.079101774791591 -0.059583066316360345
8.371920319968208 4.244890955951382
0.3533968651516073 8.132188536110512
-0.9633650084436045 0.5408816663183877
-4.560425472091167 3.0014751946569813
-3.2138245703441832 5.360236878406219
-4.07970130872603 -6.198851708069098
-6.860191244580296 -6.105005292315275
-5.189668185526816 6.631782890765134
-2.69336066741711 -1.5068898325923907
-9.424232522247154 -6.118344487415987
-4.8535215729428565 -6.9553173038376865
-3.4866160149122223 0.6263822893835798
-9.429145904367227 -0.20594287592550486
6.0445471703793565 0.8910626148705596
-1.9863134623469652 4.11643400276402
-5.773815535797566 -7.283609802521466
-8.376135232440783 4.393520908213507
-4.271556475940741 1.7370204288343505
-9.464001663476695 -7.967817897568377
-4.157847548785072 -6.318491102266051
9.321833593202513 6.938062955769276
9.602527428326969 0.8310635756226148
-4.664811971763562 1.737206100093081
7.87069579887573 -5.219333991298476
-5.424557768717468 6.956535264366959
7.937615728039621 -3.304786850890271
3.8395856187507587 -4.569494726630259
-3.443537246406936 -1.4166769304575482
-0.39860935214714033 -3.3659420528990207
-4.857695636988124 6.873118026628823
5.965016819435537 9.31640684935978
-0.08100170754300429 0.12104511754236214
1.517582653237934 9.136266094738158
-1.4317338318971355 -5.986474463515887
-3.6489030948476415 -9.235635123650923
0.30186940838641263 -0.7963061162962575
-2.0066865323993692 5.460331351891892
4.008827596664801 -8.936856488342483
-1.3386723008661292 -1.9474883714045994
2.382658229267342 2.8312518235034556
0.8369628655536197 -7.845509818411118
-5.576418301079729 2.11027314995974
0.6140809396877511 -1.2784835844695746
-2.5612530132997975 -1.513455634955445
9.022273935828057 -5.048164644586171
-9.886522549863024 5.3076101071582915
-5.407145266436489 -5.324315793436778
9.755859164441539 7.358992300196331
-8.193939262159773 -5.761141525623801
5.692480991695721 6.532896070746773
0.146300565471563 -2.031053123359177
8.670624285625308 -1.3146105113428064
-5.67946782699045 -3.6802925882655257
0.947444743464029 0.8365623287375801
-8.043704887862408 8.080686699478807
-2.531942546331118 1.3274014333861732
7.987385925174884 -0.25960586130574015
8.484865218998038 -0.6171878026533939
-0.3115323460282369 5.40723287182252
-2.745534195724213 -8.22515911315715
-2.3961321362349253 -3.2549077610374315
-0.8563363874308294 -9.117440436301456
4.4529851201463515 -9.10478487380453
4.144206211383018 -8.822431049881708
4.987249968723127 6.604549349257159
0.960374395188655 -2.9237481680870347
0.23566885390068038 -9.305424052467385
1.462416801647743 -3.6847379781118246
2.7085759613118814 6.7952848016653675
-3.3362935615744433 6.144328720417157
1.2752305476667765 6.4848475522392555
6.591058644749772 8.24432234750478
5.7864614657394 -2.2480164087941663
-0.20551025773448472 5.811399474339446
9.145974813928607 -4.383822966042976
1.91579099253949 4.170008201676454
4.472593694366324 6.741132040872504
-1.806557845134364 7.512918281163682
-5.300811393347534 1.496045884462518
-9.306243538174297 -9.3905095639397
-2.6451691290390755 0.24591388853663432
-6.719759892403743 8.345076355797925
3.7323406647267596 2.841645017759287
-2.699762626638911 4.816286204702909
-9.833555776864934 -4.798545285090466
-0.14990276509368883 -3.4275640211557956
-4.300282518211418 -4.208937067238643
6.472092956554722 0.3380769172148632
0.7939775030817238 8.490575572819775
9.221699871869887 -7.973691304046293
5.514441472532605 -9.120939088813472
6.19811654637931 -7.994974063703564
4.854917607574123 8.658612663677424
-7.723457711446211 5.178701905552241
8.13023209850051 -8.475373450444577
-8.646628876406165 9.40717020364717
1.1801151403023873 9.821153269168757
7.987894856022969 -8.534068955385878
-5.155281452401312 -9.238550126754513
0.4895842206946881 6.029484402798307
1.0865898133131857 -6.5208977782012045
6.271213407912693 2.3818846194012995
8.71773355819882 -2.8381507784521354
2.0332028956791053 2.6974700661513484
-6.249501394423249 -4.6946807589667845
3.0357475997857737 -3.262518305212268
-9.666276611008584 -2.5695318640176934
-5.399286360536495 -7.845620791235499
-3.257746561403052 -9.761836458021843
-3.558787779092323 1.1099984049715488
2.507817355083578 7.99201894566993
-8.081786277331917 9.591380054942416
-7.418619921666161 0.9989626691516449
7.208920913829463 7.235824431195706
-0.3885889000692089 -0.1696408384455257
-6.906814124201601 -0.8454142864807181
-4.219729928151706 8.669521715463599
5.393383904023839 8.448153086307478
4.532559205166402 4.3314855233894605
-0.003849444389159018 -9.647132653406508
-3.7376089873888985 3.5483662856754137
-7.007148922792535 -6.208267729180426
9.543739438764153 -1.74963759068042
-9.46905181509969 -1.1697555687360683
-3.4311962850901567 5.362956656370931
4.123281130823413 -5.8699519653421
7.486974082183501 -4.915319962138396
4.49655265850007 0.6783517949401396
9.441243779744394 -2.0306985392167327
5.086478093917133 -3.8418700341749794
-8.69224108112408 8.98037550025181
7.931552396559191 -3.8909732839763915
1.3737889657667637 0.33964587030680704
-1.2270068830592464 -0.9193356825409023
0.49125960606497543 2.4384925445651344
-9.06063337037235 3.266605057983492
1.0931698722221146 3.844260307962056
-9.425933420372207 4.5141151211502795
-1.5711859328779472 -7.30743283882491
-1.1534428576117364 -6.296846691427418
-7.146599692635127 -1.588506439280481
4.084460811583121 8.931800326977203
0.5745913333409991 0.4132272306952913
2.473516977773013 9.693798160723453
-5.826610535595802 5.596853510559477
4.333026304511613 0.805258179688062
0.17106494493616609 3.837442909942439
8.657045234327732 4.622272787681753
-2.197795106781115 -3.6803606345422075
7.419168905760756 1.7618026856796138
2.6687935840755586 0.2853733865144026
1.4107671101771864 0.08733778178529406
5.503007684435172 0.05688975787002093
-7.771423223907778 3.5785810192361485
8.952079620284255 9.201221091136041
-3.7098400526561033 -3.139869734078566
-9.613016300600432 -9.528035705561368
7.059493873315155 -8.465775083565962
-5.766359777775443 -5.869675089801696
-8.858979445635086 -1.7008969036093085
5.36091470708169 -2.2609357333733904
-3.9226001234299783 6.689190942847841
-1.0069908751620353 9.71191569258908
5.579475256722343 1.8780129695152787
-6.827908476237418 -8.942348609107505
2.76390435516349 -7.11114647598353
-4.223886163242927 3.8350705537234155
6.345871147225285 -2.4462308475694217
2.287718377383122 -2.4828740458770966
-3.2693514293625476 3.614518795615041
-5.017119720207496 -0.626527028817156
-0.8777442932094317 -3.7981962680825188
-7.639312053192972 -4.654350054710738
-4.400802325444939 4.037526071297613
4.434140405921989 -3.7406232501539893
2.961615725881874 0.3847443571221181
-1.8322184890909394 6.151707828193537
-4.974205765961981 -8.369014021911278
0.4814455137011926 -6.868496972594986
8.293950125565775 -6.7663159948458045
-9.319097287831426 -0.8980657975122703
-3.3359566074929203 -2.821158442042302
-5.3861193783587 1.1006816118495433
-1.3963100402594577 -1.5214501081652791
6.400930126724166 8.352850321126741
2.3143825560575273 -9.7100319621198
6.863969038818734 -0.05217225355730193
2.4984120209828724 5.8548445116718
4.938810751996122 -2.518417611575405
1.2964046826337299 -4.213514167841339
0.3197530795949177 7.146610696509601
6.578543063184352 -0.8644113936839144
5.588507152176279 6.902838524401375
4.718242476735206 -0.1173711575344818
-3.1355093278546846 -6.725378860254365
-5.988127067755298 -8.322625907468089
7.761548827823489 9.445287645123724
1.5119437084379221 -6.827202950501688
-2.134639764232185 -1.9953615441738553
-9.93267309609025 -0.7851794120199074
7.522091465345788 8.939353339592195
-5.219248643084242 -0.9842481794683877
-0.07730179465860232 0.5829611250972171
-0.7309499728835114 -8.980958598930124
-8.640209606187707 -3.1005956976324223
-4.0188756576945295 9.384224651862578
-8.313742131659902 -9.880077128688633
6.375827155240039 -0.021237471132987906
-3.418622838020937 -4.984353948354327
-7.106907698715816 -9.208314842180965
1.467266083919263 -7.402402557604486
-2.447594111400086 7.993727107403295
-1.3064486945394371 7.513416377493847
-7.049473015545251 -4.39868841556515
8.235233165527596 -2.0422924215790843
7.161342564225603 -1.485982179226804
3.7514408504339603 7.184184540131163
500
-2.239438756911194 -2.0164361071201586
9.383991531739127 -7.103456962229668
1.471429021507955 3.025831284311325
6.390631046547423 -3.469450439111661
-8.45261661208478 8.417619418511027
-8.57065174998549 -2.174341917246016
-6.323292349323499 -5.777344631925494
-7.2846239519320255 1.7990311938482133
-9.536375382266154 -0.9001165727125198
4.242515916018331 -2.6483112981429846
-7.827816120912765 2.5596667862759723
3.8159473705621743 -0.1344749572488304
-9.374180080336803 4.199750261897684
5.584013224324629 4.894286833784012
-6.6339627828348675 -8.726339545157316
4.962321702414771 -5.091520965863168
-2.506681762133958 -3.48168692791754
6.053539698631642 -6.996179312083561
4.824898017099828 -5.2630583894876075
8.142792075881363 1.9615641738606016
-7.694789221389211 -4.5304016625980825
-9.606800579181114 -5.484116476573366
-2.944279049717096 -6.582064973982535
3.6021279704725924 -8.762773352503979
4.318370262152381 -8.767969227845228
-3.5947043373667675 -3.2799142977554796
-1.5244795357283252 4.007864129527931
-3.7282944352383707 7.390965318818306
-0.21317388474186671 3.8719429641116587
-5.440842202354004 -1.2791622422042224
-4.80167375352877 -1.7122581886895443
7.82310824418677 6.5388260722848734
3.4319778624289388 -7.7880285930729425
-5.241763607680181 -4.307092757396013
-0.2545244017891477 7.94256345164229
-0.12271488332546454 9.775615387423972
8.037788240226988 0.8343061090032116
2.1426317202526572 -8.584928441752815
-4.771409821186241 8.477645519412441
9.869761816629076 -9.776655220150621
1.7281988621063213 -7.896593033670342
5.612025775337301 -8.357917560086483
-8.805895230800775 8.170009827783645
-6.155765881685311 3.3943529284214904
7.134715499344736 -1.3366339832810752
-0.24963977314497043 -0.015519446903311973
-1.1124044635325987 -5.455930030706169
-6.3780477652783585 7.497613163199585
-0.8318214199367482 -0.37487026853466787
-8.526143015506456 2.4746414519836186
1.3861017671651403 -1.5898980755382652
8.03718992703589 -8.495843771386102
2.2736459742895843 -1.7586215528486253
3.554698505425076 -4.008559340922345
1.5964469538720536 8.654843241243718
-7.599813177622128 -6.015952523244783
-3.347022840853427 8.672037840542952
-6.923551360280302 2.407918859652229
-8.58419786823995 -4.960453541580129
-1.1421754957620873 -7.2750504213522005
-9.755703838835569 6.264514670724317
-4.827935129651277 -7.597395242863789
4.542655764193714 -1.9632539023550244
-3.154202760477041 9.118348049590942
-1.0669948501260418 -4.3410740746837835
5.920642450267293 8.771267120428757
9.887728829243404 8.159581673921515
3.525212274655459 1.4815411197718813
-0.11026127131579422 -3.633663706485992
6.998426538505129 6.303031647957521
1.6901771433360047 2.1635250157110413
8.633559715770254 -1.1208657174369883
-0.023615279806541878 -0.8250147943645025
-3.378917530569394 0.236127237758879
7.492920342458515 1.8605512223217158
0.8706577697077122 4.16282542405305
-8.709207330342668 -6.336963672056668
6.448709997119117 3.843228044060311
-7.928332187684699 2.4663820639401735
1.775555748293682 -6.610006217224418
5.109171915197777 7.921252551273664
8.110229407160311 -6.071871021084112
-3.0965526250930235 4.914382959935784
-9.674191204803686 9.225492915670433
-7.926455426139825 4.7908406958902106
-4.223368599525513 -8.524352532151877
9.035818522893187 2.191736834618844
-3.475690397995157 7.594521465235765
4.518977808816352 -5.680532854686076
-9.633428806647995 -1.9457705178254834
3.403509556290567 -5.381314448530075
5.614573450208898 -3.7754750825223375
8.734681811337236 4.691796880605928
-5.582505345770771 8.787440415885971
-5.610830367472501 -1.2863466661543015
4.879485766037684 -3.555279867244858
2.0076179736612065 8.95354724633756
-4.035101787598368 0.8067184649187258
-8.546051906588147 -3.605572739828342
5.593708621486924 2.5397727105238808
-5.0808452538415105 8.128133274173898
-8.791125528937405 -8.280125402387435
-1.4082113284248585 -0.6585403254837665
-4.002241370756838 4.6683935912534995
-6.28723569860544 -0.11584016035775413
3.1890954099619666 -5.139285349181721
5.095655917982283 9.702835767570772
-9.336383814838843 -7.096761537702552
-9.643367518109795 -1.544543554036995
-4.196325091006516 -8.185859307033411
6.099861374938179 9.9031479630995
-5.166738848181634 -7.908216522574256
2.9788847235655087 1.632367679880451
1.071687532290671 -3.103137151666939
6.52771118310617 3.3245437768009882
-3.7230544426867462 -1.2453161147356813
1.6964752987005465 7.232390789314717
-1.5590478795761875 -7.721008340291446
-5.1810628211592125 -8.071957468323887
2.118728989110764 5.689854745309045
-1.8587741989360076 -4.806720924851935
1.3503855715798352 -0.4884690842113937
0.049270169533366825 1.4435097687713174
8.199503568730112 -8.204092524081306
-1.838529428515372 -3.756192370471614
-4.644522269927547 3.1990044408890874
-5.896330657685334 4.951577179994505
-3.4464778280998747 -2.7300804921401545
-7.938156417311482 -0.16594729604547176
3.5058075086860114 8.982282141892853
-8.156944095831498 -8.921933489955743
3.0641233563751555 6.514807522944388
-7.315704678685524 3.663952338949505
-9.544878394202653 -0.4382457440099792
7.279260525600645 -6.962199741611896
-2.6362526234207673 -1.5612407397130141
-2.9311303977724945 0.6694770366572751
0.755371950969133 3.6592574114423613
-9.105945123736088 4.036555015340442
-9.964754575505797 -3.772606950290376
1.9711453040457467 -4.41828038270466
-2.0153602163092943 7.638984697727942
4.23199656712551 -7.972520861752905
-7.695617343904971 0.0036900992969020052
-8.780782317654442 0.5182883986706557
6.072563112610158 -6.565654006425882
3.1469813596696383 5.108963680331005
-1.0617056247479066 7.834135710242844
-6.081909965725593 -8.13759903442399
-8.790154508865434 -4.24047598237002
-6.094342758968024 -8.867411980509697
0.13947405223467868 -4.353755363788794
-3.36636230657692 0.9884439417573176
-0.1820236391095431 9.825666462160079
-2.5640497685870773 -2.026419656984313
-2.0169595489548087 -9.936910273782724
-9.301167468221848 0.6179340178286061
7.744994087120869 3.9151659185998167
-9.522346382598547 -6.09879899430479
-3.003456978937054 -2.530982199934777
-9.028621976653728 -1.0528180253578494
6.9504755871864425 1.2115154883853947
2.783939767617987 -7.718330477401922
5.171236236197842 4.305668761054086
1.7269708023113477 9.143294931500293
-0.09776236745000055 -1.3382363483425674
-0.05647918617253822 1.8716471795259153
-7.956161544833562 -2.238943471153725
9.769232086676773 -7.336167828948474
8.418383542722939 3.318784576318487
2.8224461541568235 -2.704511043265634
-1.6820107032336011 -7.513104570894593
-3.7890299840166346 -0.4576063401942321
-0.8782163116043762 0.6340616643631023
1.4392126433347059 0.21274823195153658
-7.596092119473732 -4.308823695404929
7.592162152507164 -0.5811694506747571
2.533007338693256 5.970025659877411
2.639178876591238 4.931755037621189
2.5697282189532658 -8.7853857149592
-4.201563851104442 -1.496609472404792
3.8331430400084727 4.383515413493633
1.2237203744395249 5.789197729038353
1.5695733917048749 -1.5496004472339813
0.5382005692708134 -0.6937463920084319
-7.914193430191756 7.495688498909303
2.5737579108633764 -0.7312666631885172
6.875402993081252 -5.259774082081188
-4.294140395595307 6.942946002629931
-5.779675215120042 9.242445778212684
4.491009151059028 -3.707164497888029
-9.471827618559445 -8.629661035342169
-0.02057700828327569 2.5204404871163515
5.025680802134563 -4.577780704575831
7.687010710549661 -4.872788651906344
-4.4667274504505095 -2.9428692309613824
8.0429298925728 2.025648049550462
5.3889325085974775 -1.637862445967773
-3.797827049011417 8.862458372326394
-1.4592105496642542 -3.786897312243518
-3.0348645422727767 -4.133408179066711
-5.627651668374092 -5.6351280528939345
-6.358227264387388 -9.907098828475139
8.77554103476999 1.758775217394593
-5.248774782642352 -7.369660680476519
-4.268328622158215 -9.361560058890909
-5.137823103941566 3.249494763512743
9.263072748850412 4.776490843240435
-5.902712140824979 -9.433654843521584
-3.7160949341071348 1.5786512001034154
9.556440897246855 -3.1615063681325957
8.684979185025263 -8.50071638074547
-8.799367087540958 -2.352334657029993
8.378994225060271 -4.1781338747241925
-5.368894088859053 8.287654257929177
-6.174014293716443 4.098769419135433
-2.233303190530373 1.9700562745156898
0.09180379325066035 -5.4865679961458795
3.849997728326656 -5.596131346685736
3.838540781183408 -3.153806695546246
8.371071653036942 -1.5555334812294568
-5.1004571675631 8.01792685251716
7.300960081031633 5.05977453988381
9.083807508112077 -1.0700533687670788
0.5752141235840398 1.5159918753476465
-1.0306600225204754 7.925634721242577
-5.634675085683183 3.231517773610417
-8.755309086261132 5.2691138053647375
2.5339447383922504 -3.7427705987342375
-3.4170458654530815 -0.4158797055877965
-4.887324086808125 -3.597317704194854
-3.483588248537468 -9.282925419105418
-4.88077673293374 2.6834899379507995
5.981314306432866 6.72539208359424
-7.30323176613102 2.0624973461747764
-1.2109815051360666 7.838296763771943
9.017936785365432 -3.3948055017968652
3.364170169339255 -9.754709873123492
-5.540540820303804 8.012999247881194
1.226080583138284 8.509227987001385
4.214910006220832 -8.603298201174967
7.22406946436649 7.747502173213526
1.247795164992148 -9.555541992389081
-5.251899924551404 7.343793648330504
-8.399112783509175 2.0111206328190363
9.402756470220336 6.30545208575376
-8.567449635231167 1.8022693910216585
9.678736470057736 -5.686978401681822
-5.869792415126012 -6.672187231182065
1.2724020934611868 0.18564299671927031
9.530019375459794 -6.493431251191084
-9.800276467162162 6.960665070589844
2.4093304725212796 -6.713630773604478
-3.786562677614529 6.3792382873739975
-5.1791363614701496 9.107155669610837
4.060408588627078 0.4018342745469301
1.6059393922109866 -3.103320498225905
-1.0940595241813345 -4.134585400735997
-9.8585227145038 -5.347153661663242
-7.688664265627025 -2.156811313024873
2.395568375619696 6.514102618085271
9.603044527778902 -3.2023257480189438
-0.9061731254966627 2.55220619760021
5.7557621035908735 6.8861562062411
1.4038717601137503 -3.516606338714676
-1.5244345035139144 5.487675985158763
-8.79429849042256 6.926195770418676
9.630772147556527 -8.549560163873199
3.9618388066570613 6.522390327623814
9.869908677268022 -0.6281080791501061
8.571990171388517 9.1963983171906
6.737169454740794 -8.647280329289087
-0.5316180478631196 -8.548367261349428
-7.743696937170532 3.1532462075132077
-4.747494726643833 9.99558118036045
6.623817607789469 -6.440288450107536
2.3019552066312716 -5.689053593952558
-9.052030563585323 4.969279276481872
-6.629357316679638 -0.7606251200037502
-6.889295473818365 9.444772770476444
-4.855044767943378 1.684770339713431
6.910792863382419 -5.931090897126603
0.09563758306298098 8.231307597097441
-1.0724026114205216 0.549181246094367
-7.925774248083657 -6.762301152636474
-3.2484220124001606 -4.965007952572675
-7.144085770095749 -1.2158687787673053
2.6790498715863578 7.267365737565829
-3.563896001106408 -6.96685565225865
3.389332054106033 5.584394932044534
-1.0294286538802577 -6.143399878817033
-1.407031536960318 6.899446507893863
9.458587929213262 -3.0650953197137865
9.625099909180165 4.411786809076251
-4.457024200203554 9.812751234396039
8.734336071581506 8.28652060305322
1.579936864766518 4.174075106198545
3.3047965098695276 3.6050898033728025
-0.5228619472177325 -3.649156919795768
1.0603074889282365 -8.734755918844872
5.832108339848396 9.371072827656246
1.1366283844541059 9.845663032007113
4.9613815256553195 -3.687560787564818
-3.5931909941293565 7.692001145148566
9.440678688723722 -4.793076628418705
-3.112136083628336 9.030334436836853
7.142263422911334 -7.466718141790787
-8.566218546666677 -6.01975775683832
-6.072156534049897 -1.3215129109194397
3.814807519538167 -3.9054360637212966
-7.369545252289152 1.1208523228137466
6.925100345890137 3.212064414668294
3.4070403672591745 -9.718799012385805
-1.1803184139740974 -2.452174636457169
9.523117579718537 -4.296295864067385
3.0074913871949267 -8.339051947491257
1.9601299991009231 0.00491223585836309
7.336158806770257 -5.191292852155205
2.8198357166347314 -1.4904911277341846
-0.25169187063321097 0.02306604754883068
4.865166659688256 -2.1560228159852173
2.9684780280178895 6.646236642536675
7.244575506891774 -9.215161709783192
7.362342403757069 -1.340244454470028
9.971530184733794 -2.1613461663519695
-3.780079578414364 -0.7428538288671511
9.615350288706537 8.25901380084105
-3.603105031537595 -0.008496216438469872
-6.24974254824453 -1.0275626217851936
-6.140417719875213 -5.497245007620579
4.88751496955288 -8.52844605532619
-5.522923051739959 8.69135612412553
-2.7875622512535836 2.292225467962945
-8.146385662959876 -2.338718395792516
5.879305374763394 -1.5387645815670936
6.190461067153954 -2.2475799340031966
7.6580175379109185 -5.313708921413831
-9.626415599798143 3.6971175798624394
0.8146409051133219 -1.487289197243344
9.778218934011779 9.786065102480311
5.9283948132655055 -8.746465628195947
-0.17619808723480013 5.2662771933377215
-4.761214145857053 2.954516979859365
2.2282605491444976 -3.46340981729859
-6.825402529144919 5.623924147956394
-7.993835744427509 4.727074451196936
1.3307213570777172 5.188346767048234
-2.1090434969394467 -8.846715955830181
2.663984914814968 5.152529716894673
-7.464292920322686 -7.255149320910041
-4.029967759759052 -6.939144948905067
8.771149246269584 8.140283390495654
-8.168391036479923 0.5027035376527067
2.168102980366964 5.795059285132243
-6.175864094774289 -8.980093072639953
-3.0757721891917473 -1.5854815544925032
4.979947264872548 -0.6932907018444254
-8.85802219476382 7.280818440911542
5.084784990976587 2.724432425329981
-6.986130755956248 0.9521570781085913
-5.718782865553049 -6.698131084812784
-1.2309816807577807 0.6784917249613507
7.091116492569814 6.647261567521085
-9.191428611112979 8.98535927513024
-5.731333269032179 -2.2271901327759513
-8.611696993437995 4.182429530804647
0.1643298528440731 2.6241775122535635
1.213164179526773 -7.48966604266559
8.690483380856701 -0.003447241921367805
-6.508625094011851 6.768594040846288
-3.8160791765946556 -3.0974582542028495
-3.1249936884340146 9.783193853949395
-9.49293942848993 -9.01788396404463
-7.368853188233064 9.547230395096001
-3.941429453262928 -8.70555469616953
-5.008053311085194 -5.555710226549804
-1.7003865937118476 5.755934161632103
-2.6886558972706753 -9.569773816206546
-1.0033877099923636 -6.166413493395735
-3.466849553856135 4.1623267885961095
-2.131136377349046 0.21363299309217432
4.760617744361099 -9.47584246537502
1.2951987582459026 -2.4136307664420524
-9.724193031864692 -0.6482278465981182
5.768165637309512 -2.9746715589253476
-1.3271400998693927 3.658663082178524
8.3118402984386 -9.148933821336723
0.5228986320719464 3.2733787126914073
3.1554608722428235 2.784416910558569
8.165899792764161 6.613783297193439
-5.000486561452215 -5.545177485412731
-2.240637072294702 -7.265672997935981
0.7719882358864858 6.76063226336484
9.192903788330295 -1.4836131511400552
-9.21063518388908 2.666748295317106
0.9551051822020895 -2.3737484481796356
8.145717443857478 8.171218988062321
0.40110846008355416 -1.7386871545689218
-1.3599552629377865 9.287197396190507
1.1883185939764225 8.605380538601104
-8.320601496009033 5.431593943559459
8.839399404777257 9.594445797943067
-8.504881386544552 3.4201422810923745
-1.6990166773012838 4.830955078384541
-3.7010795580865423 -4.493355615916519
6.676305263711338 6.823259762676784
-7.833179464923008 8.925113940844152
-4.929735190494615 1.8777351183311612
6.414895535257198 -2.994114406541863
-0.8300394449242994 -6.1164572604091845
-7.6302346138673105 5.517479489220067
8.69083896432696 8.286668750429943
-6.172800051242248 3.4441998668836433
9.224691191148501 4.763592877372041
9.95649881113885 2.296863657001225
0.4520543779564168 -1.7819999588765825
2.7536412965765074 -0.686400887840108
3.4232472169168187 -4.025870887559151
8.071590014182512 2.7243591868711707
-9.762513879484413 -5.281214753998825
-6.288019317140259 -6.6658985700492845
5.0849790059231665 3.5038430399942317
8.24308212856312 1.1573579009628805
4.021468601638517 3.244361181209463
6.882820311520813 -9.533957971688976
-2.106169627811063 -6.428202674305112
-8.783032690636357 1.799001752568623
3.514725344807104 -3.2550130435972857
1.4837122987147282 9.114200825287515
7.865708147666041 -1.490111705081647
3.4777610757999877 -8.48869542011353
4.660248232173407 9.34719033478375
-9.67837007981242 -0.23934723087074872
-3.477800751476803 -8.083183907384136
2.6118753014498175 -2.607663500687048
5.534539121376907 9.63943252416162
4.707800382906662 -4.559880958057874
-4.127941536029914 6.438327734660998
1.9311583243623769 -1.4391192609455494
-8.643711130619941 -5.05905332235532
1.1540061585660908 4.640068446020212
4.2103162727663594 -6.584132572862935
-6.648931915221645 -9.97157320209434
3.6234019274832114 4.910697575419302
-2.391080014045577 8.431252981273072
6.065366380098634 3.819805744921588
3.4986653652744604 3.7349523431376888
8.153242455527742 -1.924991410998608
9.292921646653369 -0.08877705627305055
-7.031152129022827 8.73890368163498
1.9824228231047751 -6.6936806114117475
-7.449217728691453 4.8362393653288915
1.845707567403272 3.7474251505441707
3.7918080605128566 -4.947799720904036
6.674679379996384 5.1488669749824005
-6.430449993545406 -3.5435089641281703
4.1951083711100985 -6.763052837156587
2.820438286593255 -2.950198194880551
-3.3248815332305686 -6.479331605760581
4.692641850616317 4.601960791148079
-7.904624410535757 3.984430829868584
-1.4141303888139074 0.6193614802846952
-4.30186559060719 6.785316769336756
6.989306086009989 -4.698391662857455
-3.0383391226262235 -5.175687700270018
-6.357185262704503 3.5456840542133268
-8.663329530675629 -1.4167297501411102
9.343942867808778 -4.226737664623608
-6.356357538078479 -9.594727557227001
-3.0918959480173402 8.24000150540487
-6.134984165324093 -1.1692044047471803
-2.5502821308997436 -6.8151885137419725
2.2830928811337277 -8.234609411381742
-7.489219451618494 -7.645050828444697
4.561170001222417 -9.62004191486524
4.744936211810662 -8.644955374347328
-1.1402351153119952 -2.2114720279892435
-9.778845620922347 -9.090662532677483
-1.2680953112392412 4.41005167686172
9.167857341563714 -0.34471441593253616
5.770221829443482 5.499219307364406
-9.37691891008429 1.8453438215245033
-2.738239585836915 2.1104198144105233
4.761004398556993 2.358095890053697
6.994160646142692 -9.95787662960878
-7.290242088272669 9.01183913560627
-1.4192996009953909 -5.569688302241367
1.1420297221998492 -1.1681286200783987
8.140078034639362 1.041636937039696
0.8596139934950955 -4.463131013875172
7.803380506640309 -0.6875549200463897
-9.201323787572594 -5.595982511650535
-2.2145528850891267 1.025213907058383
-2.2176953956600443 -6.175227788396307
1.6570428948060574 -0.9978502965443177
-0.3441384374589802 -1.307873201702618
4.4970824333365815 -9.559785814845881
-8.024886555004775 -2.7211955424845673
-8.150127615740217 2.006339508685386
9.257515428901442 6.647425899598648
500
-2.518328715876274 -7.485900333622146
-6.514345278243097 -7.60873489248511
-5.4976142804174 3.7689150074338187
-0.08499028967173672 3.157281177200133
-7.812059567470286 0.7285731223589202
6.012372655238217 -9.348323839560415
-7.677387883395708 8.338662516927581
0.2742960879434122 -0.6173912130304338
-4.209991998415403 -1.5582279116517679
-9.834910439313314 -2.1303443466221754
7.342991733091438 8.972677410059884
-1.885867274422468 -7.637234772914883
-7.236605945539956 4.992819348234136
8.480787715125867 -7.552765968020443
9.467776951436438 0.6364660702662732
-6.113586105325595 -8.11606349968075
-2.0952857947370322 -7.217798404107945
-5.371745485843933 0.30033433993201086
4.734180683776447 9.201695912921455
3.667395437189473 -8.580271098591696
8.492045466888023 -3.234219134287697
-7.010408741404801 9.240302566501448
-0.42226964891132646 0.1534353353559066
4.429937519962522 6.177856786757594
-1.3709110582831574 -1.8183281269681864
-5.242054784608574 -5.367102934341701
5.392024081376057 -8.831744948350357
5.0295918229277525 -5.569077551304156
2.3464068087924606 -8.329126991303006
-2.864026050755033 -5.845760480459861
8.082073323248018 1.30785025236956
-6.1353685881226365 6.424937737813213
-4.3299990634651 -7.167070971479261
3.2298206451497773 -9.200966029071003
-7.708506967779805 6.683922141082537
-0.04482495936927222 1.3467836071508117
1.8485417515592957 5.033249526301777
1.1479644289080717 -5.67897377182711
7.26951079583452 0.7848476945698479
4.527482104033325 1.5393645328456742
-7.297418955529224 -6.168433205971233
-8.410365503104755 -3.6854006264067074
9.1640917072245 5.283936097612564
0.23324549603641387 -9.283116478255993
-1.6577489914005454 1.1382042065834561
3.311702486410411 0.624571411055328
-2.035598665689024 7.457072964524091
-8.12327068118984 -8.888722390179746
6.244912454936898 -7.273979090949205
-1.538959790449578 6.0511734750642425
4.771644479095267 -9.293675241130629
0.29738153450209737 -1.5634720128912392
2.3170241038860144 -9.101719354097375
-3.29284926548981 5.298011288957552
-6.494778103136742 2.2812014084645895
6.076963628680545 -0.5666462775673935
0.9328095075294645 2.3812097260319938
8.051365086319183 -2.2138419578755464
6.819432958356618 8.376187205363287
6.475027947533334 -8.184468408381065
-7.6735301362967245 -9.761391115638979
-7.829996646815205 3.8510301255287978
-4.795530930249612 -3.9277734342398674
3.678450733210777 -2.4396772993770472
-7.885722033059219 -8.956159281022842
3.8742236150313545 -3.068931179997394
-4.008787008385919 8.41702103936586
-3.8660166728355216 4.543051478041292
-0.23905916101440106 5.566969436829709
3.6740710066838638 1.5410207824587303
1.6610958486456298 5.00132395815867
-7.47157691686954 8.27894400544223
8.7046532203922 -0.447380733474251
-6.604295740245285 5.52365447382188
6.317816150282354 -1.340921152083272
-8.701628007691864 -9.377015760537518
-5.05899377883803 6.782917999240198
5.227475393522152 9.604055863731734
0.6656357166645321 -3.283732662459327
-9.616515282007637 0.9985585581419709
-5.026036886593925 -9.20892679998792
4.7478368809389515 6.704112443280469
-0.4350704868569757 -5.9578956092676645
-4.443320094800869 -1.5431300465132054
4.056775818955142 -3.866851860192946
-6.981601109360652 0.471247167311482
7.699269777946707 7.97733856650861
9.893453160626517 9.711403988083294
5.267372289767842 9.89721108249703
-2.1920832382470357 -8.208955687716788
5.073828823616832 6.312747714255146
-2.626082404336902 3.029648137042031
9.363046482653264 1.7640998257634628
5.537897617162891 8.422615499458662
-4.263812250067449 9.208961670602498
-4.945131470575214 -3.71274656103155
3.094052900693626 -6.438852190601542
1.2283859106987638 -6.3459984328969155
6.87035951307552 4.502431835228169
-8.514332715805565 -8.172904488584265
-5.539000712773438 9.005083022266867
2.4893569189561777 2.2605980138577646
-5.77274753507278 5.295744115146126
-4.623946113333095 -3.497677502192995
2.45193296268093 3.6378506806391027
-5.687686770812381 1.477431805813115
9.43907074539251 -2.7978525361175333
8.31617120778203 -9.838350448646569
-5.213209940972736 1.1637997640496032
5.492971427667001 -4.958332594757833
7.756962965455326 -0.1437316858502573
-8.312704471705823 7.496042752360001
0.5211997535500767 5.856449184398464
-6.2815616361385125 -4.959580564079891
2.168592296825615 9.524114641496986
1.4421002204209685 6.462566152299829
9.675286536784935 -6.120279964902442
-7.203201882646281 2.1930304803840617
-7.543135891625907 7.701261527828272
2.6830723569926125 -3.87982343102923
-5.3548897573562755 8.269588671202783
0.9819234349081558 7.412439266215809
0.5573360448784026 3.250188107161428
-9.096309880140145 -4.301800130003652
-3.509923544091478 3.1559330995841766
8.731824579054116 -1.4594947305234367
-9.572493482105626 -2.3454052777154244
7.198740031573255 -1.5932403746040347
-5.591213839892813 0.4485200948994752
-7.365303947609723 -4.435731640066789
1.9256086909765955 7.8253224286345535
9.045682962011384 3.6026029065172516
9.196615787991966 4.000319360597901
8.321835218061373 -2.6954651387117634
-9.0404222047753 -7.855273049416985
-1.226614759730552 -0.41007887201192617
7.796946333002047 0.615536386392666
7.616113646485758 -4.077424322781747
-7.290434911713519 -1.6059278633819822
-6.826652847889257 -0.36762999529791607
-3.805918654909462 9.239417394241908
-5.228482143255826 1.3487038722427247
-5.607091026247599 -7.73164686889764
-4.730820777259616 -7.185323591752981
-5.26492648197034 -0.4907215050132372
-9.0421786355582 2.9669938206726805
-5.041614272270856 0.1798296627929723
1.5713636689333565 -8.34678455462199
5.039035591161856 -0.533661931150375
-7.544307567825291 -8.671664378210266
-4.192043753066375 6.517072250977623
-4.4985472714276 6.289937375064504
-6.764243023736636 1.6869626885094888
6.402822750391305 7.469956003438085
5.306876363485049 6.723650284663357
-9.639294830054123 7.976120499819274
-0.24341806841607294 -0.9845259829988606
9.584441344864999 -6.34698717942789
-2.529112294696154 4.622584699833476
-0.36515887300680205 2.4155015697992095
-3.365832262432167 7.381767573504277
-0.9572978058539832 -6.937216383031702
-0.6023316200146294 3.3512344236406637
5.915831203136737 -3.6326806582718874
-3.1554511606750673 1.3894757758575675
-3.5978521733891906 0.3363904589186788
-8.201417711555333 -9.9156471173156
-3.986897909155971 -7.8788363829143515
3.7491961493706825 8.12999762876067
-3.7041874622340565 -7.258719401005593
-7.471335081657681 -1.629011297480984
-1.9708055907178395 3.929403102973195
3.259794721706154 8.331610481763004
0.9443565572291153 3.7211740616485542
-0.6445457285717904 4.807628429383177
9.478433145024184 -5.914139868155401
-9.66710919637563 6.953488852649333
4.35595336590608 4.558254983570706
3.935722931113606 6.661448818793659
0.5739538765486927 4.0173484771678325
4.51502613224771 4.735460262572531
6.102181232128345 8.32135432940763
-0.1080789663858166 -3.731555818592483
-4.763100137705987 -2.118853521956705
9.960866554049336 -8.434356479958545
-5.145725063394682 -9.696222480279866
-9.737023343455412 -3.211878927217504
-4.710467656956658 -7.136914804895637
5.056064880938347 -5.374274155330174
-3.915151581247236 7.048387118048765
8.861933122393893 -4.3382137456416725
-0.20463055158919374 4.772736879790003
0.2872898529711261 -3.5665423213061604
1.7625785709526003 1.7179067294090302
9.924277106571036 -0.5927420704480308
-8.229001100445101 -2.6409524070434216
0.03987101562568718 3.893694330392968
9.961586106167385 6.90489075861883
2.2358145384588273 8.087921782190449
1.948189433210377 -4.459363448401474
7.056785044536959 -9.292336311547702
4.52670854547296 -0.2524264793987214
0.21640103392456034 2.0879618182823947
4.984558195846606 -4.915439309252063
3.2516285345440252 5.44698254348557
-0.012858989043918356 -2.9502216921921303
-8.261567430724096 7.680955621586037
2.3072037609507206 8.900284715828704
-0.2612143699585765 8.43635948787524
-9.100687348221093 -9.77436549164392
7.917795704189711 -9.340558892946419
0.3535200566436707 -7.565403417279004
7.4322515873807795 -6.87052296819796
-8.119994298106253 -5.573006761712868
4.922193276370077 -0.6655858508458419
-8.884151904591072 -4.430787172492343
3.5876973519323094 1.6097496394043027
8.762128626859116 -2.1876114751893265
5.206436673906875 0.5534824126652325
8.58917298812316 5.32528914219057
3.5890949406385086 -2.8801738438241875
5.595194554201839 -2.707611379434516
-8.78851360081544 -2.265113022403826
-8.124663787810732 0.9268316830532157
-6.757156996415905 -1.4319384137018005
5.023045212000916 -7.024431402011979
9.016993612241716 1.0675956385721683
8.069771660760384 -3.3369410586171604
0.3695297525783481 4.7024849900986965
6.974258305110752 -9.720872598998811
-1.4041042726367117 3.5675660774613487
-4.9367201081712375 6.317581705273184
6.036462433260066 -8.64923643946529
9.995931250068693 4.147772268421161
-6.692263941025713 1.5502832918529226
-7.6530829598074845 -6.349822836986101
-5.877977997260572 -9.510523392216907
-4.418882426546071 -1.817953911935799
8.181673024702818 6.753093831228551
-3.878370756236893 -9.747027222886546
-2.071909080426895 2.5096739444827136
-6.354295313737984 -5.815603468350368
-3.547845382425132 9.534987894498105
-9.716812708736777 1.0506790383049047
3.631938377415784 -2.4269080209789395
-9.550261845631026 5.981760200741448
-6.06380056439054 0.8908002602473921
-6.327569698016133 5.808842422260581
-2.160133077263038 -7.988259518879321
6.374964055830702 -3.361544441024609
5.170229020204038 2.675472971569473
3.534916185343153 5.289009960145801
5.384235384964686 7.877889257670937
-5.7561050422670546 7.249177277516459
-5.212486169394889 -0.2464087321060049
-8.308304306034412 2.693546071731035
7.005835557243245 -8.158815122037309
-3.407131381818063 -8.098611824431124
-5.36432517530163 -3.0217191739765514
7.823049639939871 5.827543809577447
9.399216977768027 5.368293765918352
1.800071934141453 -9.554113327305844
-0.7783468931929995 5.674668743946709
3.601916162066841 -4.209614840937741
0.44398712420429653 3.0217791475005757
5.866231704868646 7.744073718517662
8.608690736607862 -5.023624880854571
-0.9046357208696456 4.51130846027365
5.458607770431396 -6.30527012692919
3.6597630535028536 3.051918922206255
6.632440774799331 -6.7791322672424
1.9987041986290777 -9.875639862872417
1.568178976603857 6.710011060555033
-7.776363735306893 -9.45656701783321
-9.767945916386974 0.6611961839991629
-8.978433649466908 -6.1452977926335395
-4.659857892246928 -4.560633950267383
-2.5906150114040756 3.8905445911186476
4.0571032601615755 8.611320237051704
6.45599941673823 6.208368048799763
-2.6835076123560313 0.1643526091922176
-6.0994977868539895 5.391799415980259
-8.657497857478294 8.600328076965596
-1.7365274109567164 -1.8713100042151414
4.990628401061025 8.672533272606227
-4.11081808267693 0.6865314783077281
4.657958507648864 -0.5544963595009396
-2.2392961462510126 -0.9875548191357613
7.43196036167819 -7.466970170722453
6.271975543519478 -4.230096952355233
-2.1582785338250154 8.062719245172737
-1.5687131326329666 7.995801006322274
-3.07030602963896 -8.087092251674779
3.997267815526552 -5.3532920350791535
8.258677140850502 7.316195212357684
6.975144111393931 -4.277636719951714
-7.857747786037872 2.582943154631126
1.0259131345263395 -2.3208584404575134
1.476360500281391 5.2489685623069775
8.903715378095615 -8.430545825476745
7.935516886259887 7.421828655085324
8.838495623019703 -3.6220767109200303
1.1142316196301554 -6.328396907798874
-3.8165547021852086 7.922129983952683
-6.083219300365541 -9.694960201929296
7.551548334907551 5.199209553108199
-2.124305332551164 -1.5455295244501794
6.343229549649809 -5.067884356244248
3.1308858279554883 -4.997950489359633
4.119910014129696 -7.159788904906456
8.35433761071613 4.319953159568708
-8.442327917575941 -9.238556801533061
6.009696608504527 6.302628118874821
-1.013966913094933 -9.022595935943222
9.715501682777436 2.634717338609544
-0.31373009658148554 -0.013517103098150685
-0.16740390858793042 -7.171834541143509
-1.1722245788706402 -4.829493553197912
4.160899097171072 1.4260884371133216
-9.630956256722008 -9.055703656590568
-2.0408088770078425 0.7145910575255687
-0.9502831744665414 3.940587414854072
0.15354745386785495 3.2221723729166314
3.325415927478721 1.933449268447582
9.757277716966012 1.3847396354135881
8.043468004892496 9.083112433120732
-2.837876718457477 6.985125460140885
1.9454924885054385 2.18659889213027
-9.229150304198113 -3.3493736999441275
-4.45160093633016 -7.324004474786396
0.528660925641951 2.2098451788429045
5.55522101380628 5.833838573346245
2.209819583701533 -9.819107303001399
2.152817860514931 5.380156373433005
7.29965089726841 -4.301097026327305
5.248156333543058 8.985448775055179
-8.122455695240225 -9.219897151192246
-5.487480155692674 2.150027967626338
2.6948984649829164 2.2634559496283053
-1.6249718786628549 6.369109253803906
-4.374777889507988 0.4612021638082826
-3.617662727597068 6.670985096376629
7.450242450576301 1.819620855735316
2.7613861311394405 4.316228004628721
9.520191693198171 9.42824381672786
-4.446085590042578 -3.0367942712672003
6.12034025233816 -9.110791819572624
3.825652292610634 -8.906302099603817
7.663881380437058 2.9746881017845936
6.355064696920028 2.8437080683619413
2.826881430250637 8.208591107056058
4.636800604195901 -7.936659067241996
-6.645463128470852 -4.9216520584941055
-4.564573722684056 9.654345009327098
7.083030224571758 -1.2781579270861538
-2.280735686964068 6.902750421910749
-4.166426827468928 -0.9758721831900701
9.975792792824322 0.7658721072412646
4.6773955263152125 7.137060037257065
2.4016009017162627 -5.39086439402392
-0.5879579011164981 -7.512658919413884
-7.728727296129934 -9.104682067360297
7.890469236633027 9.814984635428647
7.822536656306383 -8.150104654033374
2.7814872491076166 0.37164026993441013
-3.5000297698329463 -5.005261707230715
-3.6373964993323726 -1.2023104551598038
4.44092944026214 -3.246902135048744
-1.840312911836028 -8.461849983734401
-2.046997771610175 4.564594813149903
-0.9738509190535254 7.496400757374882
-9.76304282598787 -8.701019435862754
4.489127426210766 1.6539483147373346
-1.2121566194279154 -5.211800388823253
-5.164892347810978 9.03245358236914
8.347258820852815 3.919810199731611
9.57149450970341 0.7860082455465704
-4.716027160425522 -8.485731098140521
0.5815810381042255 -2.037144609261297
-6.748411685636892 -4.48343798858067
5.836200721478587 -9.385008970066178
5.865198500809001 6.905317089310039
-6.0276103789076245 -8.023247854933535
-0.031696794115696036 -5.379255402638075
8.360925893298717 4.846884311475936
-2.56745031456596 2.6267565812273936
-1.2323200622622323 -6.187572854115735
4.174820776970803 -5.160816083474122
0.0326761202739867 -9.300012093144137
-1.0510447714915259 -1.591765523383371
-2.3440522817712246 -4.726349030275054
-5.169627794220628 8.440082785223797
-2.371216286209812 7.905339752251482
-0.10883009849716174 7.98859978984764
-5.226314452678819 -1.6642041015106912
-5.024659893618599 5.697074811086225
-6.8671438297495175 -1.583977596533101
1.9081635295735406 -3.2014149047746194
4.909809446498681 3.551303215737745
-4.1708161150611245 0.8075625040114431
3.356147605973659 -6.446011548028232
3.626610158377142 -9.531998000293967
-3.7067156922085065 0.5084219666556677
-7.139851932158409 -4.401650668928925
-6.8757216773220975 9.875394778264695
-3.424442429060292 -8.211551190746679
8.950875495444329 1.119175806980298
-2.8659807852005015 -1.9283979176699528
2.922936075700653 -2.2076822205349256
-1.2756333546415703 -1.7671934287434539
-8.441224566431549 -4.6825970658460125
-0.3531304786208196 -0.3763707579897524
-2.6064139815150895 -6.7272819646139
-7.652014203780821 -0.5765196122228886
-2.1634099852588644 -0.6166837625695631
-3.3686579516045745 7.187811361911805
-2.955648118587053 2.1154564063053023
4.29035423813839 -2.3254694378926555
-7.82610939227607 -5.307977023777017
6.729166404218095 9.583199802476777
-2.4900864572918024 3.734576037393193
7.544271341839114 -8.624598853842805
0.6686548298804453 -5.493370402965843
-3.6249462671853223 9.254872017258762
-6.369947189377212 9.413880483249212
3.5233788453766284 1.3849182687788755
-1.9053025776174852 2.8456386579972293
7.257258972383415 -9.342854639639494
8.152207280836354 8.203174798313679
-2.3825323683588895 -9.125422321415758
7.302910898286019 -1.3115049573704702
-0.6723017825632631 -0.8920273202630664
-9.964278316950018 7.868460177824289
-9.05524813811648 -3.542656404582136
2.8156346442225058 -6.269064385478651
0.06763891093416241 -0.18375389826599076
2.975910157799305 5.457659407471805
-0.5440990206373026 -1.0594433559951906
5.964118103240693 9.75087437270101
-5.341729368619577 -8.602755147216843
-6.020425514118486 -6.446672262189943
-4.240386836393717 -3.9195873563598616
4.447681252370634 8.265817555595511
0.6746255200747271 9.814872008910704
-1.6835019509818565 5.146694850625543
2.877356680093122 -6.965024812701602
7.336106016232378 -9.279825998068896
2.7763067077771773 -0.1590408059168844
-0.9666073220816394 5.371059486562126
-7.299837918286154 -7.8560745904353695
-5.4476009762194 0.682782841345853
3.1081361369870546 -8.755884602665704
9.128375430728909 2.6950661173966957
-1.2998226675841629 -9.977920248066914
-8.394229741290886 -5.124852193762015
3.401023352749693 -4.651064703723023
1.4903544292269917 -9.565023778716279
9.781416695090378 2.0931206446762793
9.691505623682449 -2.472063611237127
6.265223954191651 -6.564750385019065
3.5339322380514044 -0.9595581847238854
0.8962412246689695 -9.184610149878903
-3.5359046591079624 -4.864599043695592
1.7522829951691392 -6.3626165690652225
-9.248691559628675 -4.112917885221972
0.2927197376758546 -3.9874255270420544
-8.09732530174326 -2.219933852664391
-8.341019390076568 -6.52709633165191
2.533989033995841 2.443790772063167
-3.081188708339056 1.0552902922631162
-2.8986763344278854 5.785972969311395
6.834906269481774 -5.491059219300918
4.654928355078811 0.21196096836459333
2.237576881609023 3.5660702503934427
4.117187773549446 1.0057988541904983
4.423029545619597 1.9279913250140552
-5.6947219796143695 -4.013983347184517
-1.951606503000642 3.7573520685389177
-7.989053071155019 8.02554642041698
-1.3443267555195764 -7.4493463183820445
0.769631971145694 7.400763831447279
3.9692920647575 -5.268696095727099
2.640996611778455 1.9449616631428501
4.784679847482609 -2.4724302933532023
5.948682342234907 5.847416429087669
-3.974584600059476 -6.99695065230175
7.62316808212049 -1.6414181893431685
9.921614089010479 0.007455101918726115
8.754969838671713 5.4584189314871665
0.8128895246187113 9.627897912773335
2.296529128569908 -1.679919839043837
-9.57155684839001 7.1247446634532565
-3.712194618716296 7.231928694737167
7.206680673537182 4.454318772404022
-6.344920668119364 -3.27739135749058
1.0986990813701265 9.063149488114401
2.0453036197105607 5.327168598534211
4.9158882834242785 4.068288793700436
-4.484803966432409 -4.160047767284829
-2.400862935083703 3.6861363075606732
500
5.057244402643381 -1.7530761021160295
-0.16903294836795268 2.8905197701151213
8.473403751851269 -4.8484117841655365
1.701558950525392 9.49376784141269
-7.13562381796627 -2.895036233286752
1.6381760093348223 -9.838829661588937
7.532134002136143 3.869180831348862
-6.938791676012752 -9.810083221463831
-1.1471967315661225 -8.455901493441932
8.07169615197336 -6.9205616182588585
-0.6103878234792965 0.9285841870652849
-7.379627825386534 2.465976069102801
-6.31198031195739 -0.32979531599021605
7.024036361464336 -2.1742942183310348
8.729844688981505 2.1161357218544445
-7.064112063224803 9.84668035489264
9.568264011137959 -2.9887138284050963
-2.2820850916927915 -0.024585084610020402
2.028991452505341 4.57837872559158
3.3622049069483513 3.8684738617576304
6.058817275549526 -4.123411776557999
8.65605590151328 -2.987406622372177
-5.931652781980581 -3.7118417299550703
-9.897110616772967 5.840727394144265
-2.341565011220994 8.64791314245998
8.861088207852227 4.6059924043449545
7.7452059609270805 -7.003895133467974
-9.452248796735734 -6.204774098216483
-0.7495925703104014 7.759722210557388
9.411294738879338 1.2248338388924047
1.8999641574492863 8.676367157427393
4.227598191349728 -9.916140289622463
-1.5107438787208558 2.9884954519627716
6.274595255701989 2.6218936923080207
-0.31472450770834826 2.9943456613580857
-9.245835810268858 6.15068425596742
-9.647679850419134 -5.464353579309833
2.6872356967346747 0.29172415167586685
-5.420199824226001 -3.2939885850041755
7.643579843420991 8.827047387421644
-4.405003118023814 7.557390941709809
4.048320176809263 -5.678616471406103
3.5436837949978894 -9.74123475828818
-4.498713200621194 -3.841995307912864
3.7700739366444065 3.2343361833179163
-6.497562959018712 2.79567095237792
-0.4086151960762603 -5.071241228611916
-3.3827188265776575 5.686499611619034
-4.838211470295619 -4.1279313242191495
4.703043378555806 1.8103054535464036
-1.1649359233738608 -4.089801572544573
0.09412017468656231 -0.6563644584205228
-3.98760174059424 -6.3610885230491965
8.013854917522494 7.375094367936949
-7.26598358653437 -9.076789124610698
-3.3378011892553427 8.543137915377645
0.0795875838192277 -3.490283204233613
-5.686056953295841 -5.745310552730474
0.22798093847163692 -5.023626262459784
-5.704637268460743 -0.394612657478552
-0.9434139978432263 1.2505758292415976
1.4754834975098987 7.479194877211878
8.057485977322418 -5.644683903638608
2.4773687493176197 0.50641118340444
7.508120758143626 -0.7739929332593949
1.875688768507299 -0.8553731423334217
-9.366934295685317 -9.569273596304281
0.8409082810455644 3.9005529922678672
8.256409869555483 7.791762961362341
0.7746264901467121 -5.51903598186132
4.388350463792028 -2.7425428953746582
-9.698875476388915 3.0315296961222966
0.7632503031417741 1.1076989762094023
9.850470240225043 -8.992181858684996
4.129388953898745 5.850828176730031
3.9123811980481698 -6.520467697261294
-5.917043058248687 -5.729750224080239
6.671410266757974 -4.267545426663098
-0.07671106872153288 2.8815004468496124
-9.52331863653396 0.7408851441717808
-3.9584884955962396 9.682704019396684
2.508168938134343 5.806782283616238
9.076641426522567 5.154320181692265
4.827883102362829 2.3752877886732
2.7007232514581716 -7.818692481123288
-2.660591966578023 -9.48090033640945
9.504531195245228 -3.6276318899427213
-7.718378741924054 4.30367934096221
-0.2562539002977502 -2.620147980731775
1.4377913693651578 -5.275265579563239
0.8929212505208355 -4.401659685504993
-5.74315822428469 -8.486300291387629
-5.804366241873067 -7.841799238567717
-2.8935810428209123 6.525100757065193
-6.13660779088713 3.314487395862354
-6.7594621856729775 -1.9832742866923336
-7.617189033807035 -4.8035500772055
8.813942533545461 9.115731034538012
-2.5441007732567478 8.180003727953675
-7.058631235971815 -1.13701137751708
0.33000620503779743 -7.274971542998083
-5.773805481871799 0.8452260237634679
-9.461172863748919 0.8104111268799645
0.036644270672498536 -3.8667421308406897
-9.328235866474818 -1.651643200405184
-7.763302713113209 8.773810739510267
8.857786664021198 -8.793054784876302
8.921484746768272 -1.0497715894785546
3.5870897716431642 4.317789995218638
-5.388532828770574 4.052422816083068
-4.1479881173050215 8.647722175104164
-6.669319051643264 9.482133568633849
-2.091552060925988 -8.73453560287323
-8.913553916311937 8.026591265329522
-2.7074263962250384 -7.523429640475133
5.042996493589376 -5.380327106341165
-7.190000766177144 -3.6367909503072493
-4.148117652494088 3.232531649935593
7.831357358506516 8.824691223535119
0.4232861120006497 3.1024427470528497
-0.42263419234567934 -8.054146674434211
9.756808575180472 -7.553455768053525
-0.8135126914269435 1.2027177042266235
5.040671780348047 -7.5094401689989665
-6.542894319845716 -4.799149453476652
-3.7607459590319303 -1.9567656336032062
-4.213400908140807 -0.41203153612622145
1.9052353642470052 -1.716510279179488
6.21419410564031 -5.373413208760991
-1.954243478663713 -0.40988470289818224
4.852421506487769 -2.184799536870832
-2.5734854788788315 8.507748553087627
-8.987064493232257 8.151645491591982
0.7858489753479336 -7.537691607659321
-4.818898508180165 5.421381355721859
-9.206943694851649 -6.632364308590857
-8.712314197709157 5.932988436463306
-0.9550012142511743 -5.255874441136694
5.616690955145728 -8.851993516168125
1.2473091359430217 4.258062287956026
9.067826557016033 -7.0990810984907
3.7294536420926345 -5.451831413701749
-9.395295679702391 -6.892390287107572
4.8640574923714635 -0.6633956527186218
-2.9195634049949444 2.888991775712327
5.919268276172984 -4.157762234186551
-8.611947470082587 -5.398255414103412
-5.724039716096348 7.747672308270104
-8.045833743083051 -4.133981592794997
-3.6789161399622206 -9.013187834547075
-7.014680186899335 5.10454557341191
-4.377483030039933 -1.8840358928057022
2.6905677791462157 2.382824837175102
-9.992651167251541 5.723404111687421
-8.204699358909515 4.978461279769748
-5.344911133784949 -9.59079247618909
0.7462405546000461 -7.6565326158630835
2.311978384883485 1.807135457943783
-7.662872882038543 -1.0072442792432117
2.5024835474261558 1.2727266114818434
0.525326194103986 3.0918817329548176
4.223203633966293 5.334496144179939
8.445981343917587 9.974000370176178
8.212601493288567 -4.481366454222025
0.10376545659327618 -0.6117387868304682
-6.645445120110551 9.259640899179594
7.997799253563798 6.131705920846535
-9.990318338757833 -1.2126087051352208
9.583544755093495 3.4773854660794825
-7.981223474025576 -8.295711823474194
-3.606825559934128 8.12452265810293
5.363687589978403 -1.9555156775643834
-0.19792228828620573 -8.704322703565243
7.579106072160172 4.169584210170051
-7.752008553615495 9.651232331377976
-4.171646457751099 0.5260478768370938
-3.4198555086475935 -0.46303385028560307
7.758272842660883 -2.722921979633284
8.289026127274276 3.299724145646067
0.9538386651818946 1.136996815357465
7.24184507345737 7.9891610459104925
6.996565832602148 6.189462061058904
-4.532257690037451 2.8998621540566205
3.688373465797943 5.559238573043071
5.61476282367288 -2.942154152513112
-3.950757134014835 -7.959498679893436
3.553403471044142 -6.764075302629717
0.2932160851499468 2.6294002594415886
-3.4988747648243574 -6.025902817898771
-1.1833086751373365 1.1118352712216328
7.661851285469158 -5.35021966644778
2.1814282774117917 0.6551361857000249
-4.608191736430085 6.600967147231458
5.787707457351177 7.849534212771438
8.132111688364596 8.118695644892153
3.62332869845012 9.110805364792135
1.9698238248101099 -0.8998528439273468
-1.3114251744047696 0.6194314713671076
-4.784364539942976 -7.113714779008797
4.593059055357166 -0.19466515041800747
1.8852996637052737 6.6668384458934895
6.347974163051649 -7.0907484547934985
-3.1800118053020388 8.607282287759158
0.1251736218239312 -8.852025450709464
-9.071308540791009 8.641122488514505
3.881984727414258 1.6223629858803896
9.14031400756237 -5.025687248100523
-4.174311791946542 3.917715600156475
-0.9364580191324947 6.148405420424304
8.272314427909645 -0.13621063949589995
-8.989764994449981 2.0848201802748676
-6.971716950805629 0.9271249616619865
6.630285889537912 -9.672047267861997
-4.748523636771158 -1.0588490035901579
-6.348981569575183 8.090762191525776
7.371905715442789 6.618314301741766
-4.341776157691866 7.828902411907389
-6.753624084891658 2.6928229978398672
1.8100346222064942 -9.305995027391933
-4.040457718722439 9.127762192205381
2.909212199032156 -6.24561434050195
8.161747908984548 5.687352577210444
9.403918471131504 5.032763355949863
-2.440340101415373 2.3930879538555168
6.163747978531461 3.332956584572731
-2.6347053412081127 6.248617896290799
-8.523340271686866 4.34212884316862
-6.2684222281306035 -9.673337013965039
-3.9088310012380774 -2.525494634145014
8.708410577659425 -8.843347893932375
0.32561435625882496 -2.9196350273612026
2.991063308659591 0.48068936230838943
3.3949267654078756 -2.3677897482114556
0.05790260978565698 1.4458385759445704
-4.132245635158851 5.202482874059015
4.535734911771387 -1.828172371752327
8.869120811706463 -9.707288261882843
-6.647866476632702 -4.143496163485462
8.820935103080725 4.970640665552587
0.5237336568326985 4.186144813184207
7.306353986368393 6.089745095624281
2.035759095310283 7.170308049169098
5.523226946144025 -1.3773972148042013
3.424154506902692 -3.5044506419838095
6.745977187828387 -1.6209158481306893
-7.528985166909045 0.9411027261159113
-0.7860491569396704 -6.964313238509154
1.2506022026470447 3.2996530720932142
-9.80136990915998 7.311201922762482
-6.204441962461278 -6.172422359522769
1.4421187583539243 8.139285576970106
5.303415254576098 -3.972409674816541
-2.8295936890788536 1.8008940846415111
3.9593560855308105 -3.5403385760746815
-3.0271951895274762 2.379991045145541
-8.382300209372112 4.194250354551077
-8.267158670499086 -8.681172609858352
4.582160346908555 -6.064585502429731
0.6491875531102664 8.222604408450128
-7.214685837538788 5.863300473098059
-1.4633862994055136 3.9207237748327213
6.230254614700904 6.929557870901398
-5.617052390654629 5.8225173218616515
0.5233805378552141 7.450973574661663
9.64836501690041 -4.754419883035217
-1.417955591631511 -5.8999786204138545
4.114218392062028 4.706768968608648
2.2763688926874597 -6.685599197838523
0.8766113222857435 -1.0679231511424092
8.825588550407353 9.790738153850008
6.548240028918816 -6.7518793268801165
-4.532379337280945 2.35345409668216
0.0884951394990452 -1.837030037964535
8.621530822003262 0.5438434255645532
0.4862442566580043 -8.83809668591342
3.2032418046743256 -2.9798062601127606
-2.956752128420465 -0.5481759288093464
8.394701783480073 -8.147470381441282
-9.783826840763762 2.8727780248417787
1.1255295930735336 2.205553686501373
-8.994892565292755 -6.6890460414648345
-2.0813078062561647 -3.2340698767509775
6.15332742228102 -2.794933853285153
2.476207482609327 1.7992689535865765
1.6288029161328499 -2.9342529850772703
5.050431526316814 2.2508257733827755
-2.7818697120745934 2.3348643436830727
4.266366734924157 6.427277386296016
3.138669094847014 8.035976134836673
-5.294198438520925 5.667248978890706
-4.355089910075744 4.845409405237874
-4.997330908362216 2.988313563774586
3.6610156944279577 -2.2502773157360023
-5.335551106312364 5.32215103271901
0.4796388534315348 7.499571933061663
6.444389893860389 6.8330872505335165
-8.362175845024868 4.907721352861596
9.82706623765273 9.201222570180121
7.58674705700458 7.358817694073224
-7.128652900743287 -9.750549936673414
-3.635732092479717 -9.568085431781505
-0.14403546290511393 9.059453648063059
4.666332167232714 7.462034423090696
6.949693983737102 6.918154269958684
4.136391483197237 4.266571519260129
-9.521309917231148 8.139486351029902
-7.936213183199518 6.293941823877336
-2.069095919779347 -3.2602118371656825
-1.5549514008431267 3.051043607363031
4.7066920861186805 4.637895129755183
2.2370535291249816 8.731900003467526
-0.7937591043467975 3.608940392300969
-1.1620383491967097 -7.3131689603231775
5.778844498949349 -8.592694227665023
-7.060806308464236 -5.2082632034604615
-5.991811333046611 1.9677404770585518
-7.724453546404318 -4.387531622377132
3.4246339452293206 -9.754337044650569
-5.5636835116554355 3.9579283594912695
8.23772633980197 6.3395078403911285
9.487002187983855 3.6363815797307293
-7.151081246643853 -0.48522726495929547
-9.666728469546399 -2.1463477293171636
0.8251145613854778 4.802400890203932
3.169659550368083 -2.115905303917631
2.061179344564774 8.730457484071874
4.44567210909452 2.0019271601433637
7.185299866801017 -3.3313313861604987
-7.6979472452895115 3.5550925657061967
6.254473843006572 -8.816692329103288
-6.283249867805118 1.7808702891348798
-8.423642437589649 -3.800714440489479
-7.434754536479811 -1.2081165073238935
3.1978436687501812 -3.4158979714064497
-5.1402997994398785 4.537484992053306
-8.283122766001341 5.428698963421439
0.3806318175678154 -6.841160406043563
-1.543526960023696 -4.812110792286644
-3.502599835074138 9.699718070087478
3.7229570577209756 1.182089998907701
7.487052114341328 8.736236603160211
8.709556718897424 -2.4867339898770213
-5.731196961282574 -5.71710744664782
0.8918039233180721 -3.6958664687285196
6.131421466175571 0.8289177097905949
5.31158925498449 9.070603166710828
-2.8239323407538404 -7.586187598089786
4.442618457441734 0.9729936304844315
-5.302959813662682 -8.433078411167646
-5.0118110562370894 1.8256737075269047
3.003465764758948 -4.154968198075628
-8.972151979172837 -2.805486047945907
4.903736427030072 -7.709839165146999
-2.588420263043753 8.26074170232878
0.4798199166031818 0.6669514358085422
3.9996486775482776 -2.971942662114742
-4.16708379039547 3.8170613313303985
-8.486347072573796 0.8252526573239738
-0.4816457436348305 2.635209472171187
9.119311195054486 -6.6682060053601795
-1.5420538566506075 1.5800601129423875
6.496127567420739 2.817495244371532
4.606396354560369 -8.302224058591545
5.315799091201846 -2.103911436358919
-0.5995686745681645 1.8140754392475564
-6.976910276887072 2.3826467917735368
-6.474835100675566 -2.449551274460151
3.804451680298948 -0.14205887455846167
-8.511215796217616 -6.206428222263387
-4.894493976780092 -7.216443029093556
-9.30559700174692 2.1370970312213515
0.3051027178265642 -7.72846366260755
-8.54063404602789 -9.02479989611284
-3.558469450296034 3.279747172479091
-1.794548131153169 8.83009010003996
-4.210916329028711 5.676826650077087
7.892795836152569 4.437204787432709
-3.036825186771283 -4.99604061288228
-6.436239318695676 -8.938600562734273
-5.927442674183226 -7.20025137219257
-9.340954533572788 -4.866546913052156
-4.969821150128291 2.6452027101939706
8.517482185793678 8.352386471087986
-9.188884907529173 0.05615642265503418
0.7191979772003503 5.789847964104409
-2.600573270722717 5.83280775912897
5.022885834917023 -5.2697995560346715
5.671067986654714 -2.5618314710495005
-3.323170360272556 -9.426287879323514
-4.037612709292658 6.838160591765387
2.474828762813992 -6.645507135890547
4.324351274534614 1.3701195663104588
-2.033030784768215 -2.709590706900224
-4.800132044754671 9.009438341436002
7.3960918987369375 2.125108739381993
-5.582651035185813 -5.39530251590074
-5.923855371389766 -0.9132246354848199
8.726085122008982 8.522874287744703
3.6098766903773765 7.97188355418491
3.2701112256976383 -6.4095023657864765
-4.2082064291282855 2.0552953831860705
0.2303163763838043 -6.813338389578616
-3.4033117414935905 -8.41169835843145
5.212137891896933 -4.115621464152655
-8.497009689967108 0.4113826425895901
-2.598508627499303 2.289080299829733
2.361006394693492 -3.3222614715337606
-9.860944325888912 6.58227256336869
3.067538331339021 -3.573769279877512
-2.057305382329419 -1.1135516117671074
-8.460016432926725 1.9326875835520259
9.62929241284614 -4.805308158394352
5.436280841251264 9.923517511694776
8.787896939231125 8.993598686847257
-1.1801989003874809 2.8302454280152674
1.2769653465433688 -2.224803790872583
-1.4480984004317534 -2.7166825760151436
4.189833973721374 7.106157753178781
-2.3366561680412845 -7.7919843150936
-6.053058322422906 8.436189933798438
1.5969173084405028 9.44625112167343
-6.6861534885699925 8.609522526594986
3.467568621635859 -7.2111086705255385
1.5900374797300607 2.39986924536759
-0.5056010078885915 -4.149921044960834
-0.32201500222384283 9.500976762628031
-1.7619359131615315 -4.745830435171974
-7.819884300629967 1.3294774675855887
-5.099808374486512 -8.10775709224571
-2.640597523655148 6.186991797335931
-5.639868934096439 8.985152151533708
9.769075735975594 -3.68997526086088
3.5920719840370996 -9.572260571353535
-8.818864550579459 -7.748677011854128
-6.278741537865602 -2.3345770119361102
-4.068124040788459 -1.833104321039606
5.634283096801433 -3.4575682002964925
-1.976864402211314 -9.16089242372749
-8.085499725063428 -2.4039040484424
5.9219288097972385 -3.8635865299757066
-7.731913056822128 -2.682072843748977
0.7401661999096234 5.703652576173997
-9.608064903327612 -1.9524896707303707
-6.360797530992293 0.07903587884496588
-7.090471572015035 4.714740289243869
2.787898135739537 5.361215839285906
8.26168821491651 -8.321997943567649
-1.7342345878293859 2.437634058138851
-8.640801089028145 -9.97887982810562
-3.3175597808422292 -2.276903161665544
-4.029300154499909 2.8930230986047576
-9.218365144152212 2.3382718634477477
-7.153844821578675 -0.060132403630777986
9.209428337150282 0.18663210521864215
4.8737065296161965 9.217248195227398
7.434720448535618 1.5768880557781983
6.977594542533108 6.048228969040682
2.691016597790963 -2.9605072205702516
6.184024818999941 -3.90069451967541
-2.971250173525828 -3.5150083159503414
-5.327325674496177 -1.1708481735403282
-5.452083065877709 0.6552718838206424
8.87710079459504 -1.044653794724546
-8.869400213260922 -6.672172454455982
2.0896744586555336 -4.376263787016783
3.2687666049443074 -2.7521434504611904
9.516244004767064 -8.094721953542027
-3.661931150681383 3.151575111257692
5.978690232387953 8.014117209922144
-0.4528402606336499 7.071596985417539
5.509530220343716 8.290433162307028
5.577677045874022 1.6739206559089386
2.1970392023298793 9.346870823370569
-2.1506270766966074 2.0072634295687273
3.2905512922298445 -2.5956074649869514
-3.272804473684669 -0.24670096116567386
-8.822907612894632 -8.340845471184853
0.30727507161362055 -1.8516488497710313
6.684828930760599 1.8610416265309695
0.5634337358202259 -3.3608104990808263
-7.6515430729623235 -3.5360621409786415
8.14753584613787 -9.046712409915013
-1.8333297317798412 -6.259060708350157
3.9027448585935147 -4.63825088377777
-3.339062490776799 -0.7242113039331777
5.997491360682236 4.998519501095821
6.104351565923128 -5.795250076492724
7.069528380396484 6.685885591366972
-7.396328462752752 -2.1141996461308494
8.874108020761948 -0.3988204097291064
5.2262761737206365 -9.914912221467592
4.686092027338724 0.4307602737550358
-8.64369833717956 -0.3222656841385252
8.672021906634559 -1.1159746222408256
3.5230201773278402 3.5105370783080936
0.9773756322830263 2.5362721713225724
7.642135838512139 -3.9128549973375693
-5.366983937338292 -5.126215156081956
-3.499145161924595 3.7488431454972257
7.156749611323168 9.665469140626502
500
5.043712676160801 6.7461074011486275
6.144182953631287 -7.95676946892931
6.968575253433759 4.428898199910623
7.888818638610083 -1.6085341171406746
-2.3643644819779404 1.177461198717868
6.97742048331612 2.8864399862402657
8.293070535998112 -6.750069369573406
-7.168414929255458 1.0258644467636593
3.5360985272487397 0.1650318098574033
8.113794745363965 -5.6360827546667895
2.7769650132999466 7.690662683463426
-6.365272276416154 -6.774483051887978
6.377009889517826 0.20992565727076418
-4.495880324493912 4.466657346528004
6.251831200602982 8.879164461088553
0.32046662439134366 5.819340395820749
-3.8691072655339394 1.7230312394740022
8.174894513430843 3.414288761452422
9.422356001818258 -8.728858935634554
0.36695777735517154 -0.9830386128528588
7.9309473276021905 6.649692149229086
-4.292277641233698 4.957557672445635
2.8359929736854816 0.4566024850048489
-2.196564820650817 -1.7554909485202241
5.1434220277723774 5.365336501091706
-1.6562171136051234 -1.5090929488364413
3.9727048950143065 -1.1666441156916534
-8.680321827024768 -8.390152045138475
5.325426330895947 0.029771967836623503
3.0734285782390636 6.554348611338817
-0.08990520848500161 -5.1236647106323785
0.31742578091462903 1.039185661672784
-7.17592588116524 8.640342666827955
-1.2151898827116536 7.169850848606618
2.477452735288278 4.435992605143436
2.1797383111162976 -0.8370254360301832
-2.499674898430742 6.140231229242264
5.479453056332119 -7.782382519201905
9.078973946978802 -5.275360713820265
6.941371842010881 -1.9720631027089546
5.8266884764549935 -9.04943228001807
9.541377453500239 -6.6552753546282295
-8.009494390780015 5.222306521815286
-1.8966775729627212 4.8513586915112015
-9.973713065057579 -1.1631814084287981
4.6812334383570935 3.9861239948044975
4.509912202488131 4.090762071988223
-0.8700687060299153 5.699636126547707
8.117812475583449 8.566468153163655
1.3721110340369869 9.436278190216111
-7.3535080899332605 8.973185132483373
-4.932671889917211 5.8240444384774275
8.603182532061766 -1.2715062530267591
-3.198414255363864 3.17071287953436
-0.6943598450324124 -5.840165449470995
-0.08431056366660705 6.666708813716433
5.825125270879617 -4.113751359210871
-2.7938455952169816 -9.412447052501845
7.275675005062595 7.590652955191565
1.927875122836479 -5.111367571693655
-9.702595657747601 -7.798063066893743
-9.828856366822587 3.825283542703117
-7.8107854346612315 9.517241523439179
-4.964677216996225 -9.594580312605787
8.368014757901555 -7.838420211582633
-1.8811610493483002 6.865216136439557
3.6665884359944645 -0.043873276923061866
7.942939417781968 -8.899276917320776
1.958926490466311 5.376780086788479
1.2600581824740953 3.4769860864265
-9.920301122149354 6.453494813090472
0.5157805553766863 -1.9776908217393814
-9.58631982588794 -1.769542154949466
-5.51698022642187 -1.04525215240451
-2.7761119167551884 3.780043083461104
-8.54193571432563 -7.255522817677549
3.753913832752252 6.594863629301194
2.6679103250376492 -8.95017021536252
-3.0874088270256212 1.8474825591283413
5.606747125558826 -8.443968848980752
1.8789509922501342 -7.092148925799506
7.23223849667945 -0.34324136178539355
1.5071428812240573 0.4648580303125591
-4.703654311822696 4.725981078156284
8.117191198485074 2.995346962889645
1.3224457223708121 -7.715572128302228
-4.261539741175053 5.493581256189454
-8.672531270788875 7.379868851486144
-5.405447255076097 4.595638819563472
-1.5649838389761772 6.79764689221977
1.0867015392508996 2.140664084004385
6.969629451876358 5.542623335624246
5.897491768232095 2.7106989578033556
5.4452322284892585 -3.788553299084394
-9.185025880529928 4.1368834854433505
8.620823348581283 -7.022620080325524
7.843526391429066 6.559356432192615
8.058076100580376 -6.782524940688905
4.380412672415286 -2.462022270362425
2.7201914348182044 -2.5981005738514673
8.028491187634177 2.5381965032035065
0.27947212467875815 9.037761865107836
-1.8472674924273473 -2.5088770139661705
0.16252362931425068 -6.407438940570347
3.476412713681805 5.865507751494491
1.522957814443684 7.617800751198857
9.740426354838373 9.666259289251265
1.681964898252593 -9.628541636440403
4.5935267943823845 7.462816470466201
5.38362367427295 -5.452691380096719
6.617653360608035 -8.47413206623743
3.4823463634148517 -8.7706796191976
5.8614391294819 -3.9526937178242694
7.6168911792198095 -2.460120420115137
-1.1183803081939168 4.547552613179056
-3.513583019579176 9.992905306791506
-3.4291130835777883 3.2713448206738214
-3.5167551685704534 0.5792130299403233
1.5372159408543986 9.260103636274536
-2.105785327733689 -7.156043228398474
8.941652427461964 -4.380965425276431
3.291058566791147 -7.647963912821862
-0.18918232357204623 -2.195068353023066
2.1896302940851786 7.0982794599433525
-4.328801135156233 -1.8576690806023173
6.123724463748374 2.6783069286489347
-5.908655159789344 9.182061346230476
-8.676447612636931 8.38100004238866
5.934399505508928 2.799597083783132
1.8767683927667456 0.3707004164493135
-2.6312053767326056 2.220435103931811
-1.513298988506973 7.015928673580682
-7.433279463106121 -2.788698925103401
6.0928360955449925 -5.2868512142716035
5.0628879618102225 6.998073418675052
-8.423378619272825 6.947796452419283
4.516247538518368 -1.6242371353487641
7.1075757367309365 -1.4613457261866962
2.5106757903427344 -2.6742456174330176
-5.670357638815819 3.3382149979468263
7.93561551296396 5.821440861045344
1.2562717915068067 -6.1580577452516145
6.909381611417594 2.970190943759798
5.9852679946132525 2.7606777444477473
5.077408113369156 5.852693706884162
1.801357800445464 -6.196316000103139
1.821574404138664 9.625258885150984
-0.8645678275948381 0.4320653934819525
-3.3196815969148785 2.3294881688664617
6.700418677096106 7.835606391795515
-9.382844471202993 -6.803944854517317
-3.372580863080323 -7.272903058265219
7.587166642029764 6.905446022700609
-9.91284047041545 6.423115316469882
0.3733958496090608 8.36050062167146
3.477904254338549 -3.288784269595862
4.558041473648357 3.8626957064478713
-2.5574958065589737 6.045011460391162
-5.115187723077266 0.1701132905160847
8.622232724629136 -6.1741673281287195
0.7820684026789575 0.5325146031519186
1.3567092084208667 2.087264091248084
1.8755001594125993 7.34847459985075
9.180082870221334 -5.345028751959122
-6.979746095197534 -3.7018832252649547
-7.462504838632009 -1.826535894555775
-7.749754262867112 -7.394374044401946
6.808311680098932 -0.32930932968675286
-7.353850005620661 -5.08389806916453
4.840288311149028 -8.42944145423887
0.5495419281042899 1.7508848375832429
4.589845524680809 -7.182671043234386
8.034846653497347 -2.1241155431471537
-3.8628446816805884 -4.034730224235177
5.048488192868483 0.9690288705435535
-7.095775086996749 7.915059200440055
-1.2327064393151232 0.9172033463921014
6.807060504199065 3.4199903081100906
-2.1999035596603767 -7.319958667129686
7.010919308093801 -5.4657234738724565
-8.82578248652781 -5.101638650385376
3.984038734753062 -9.560582045473588
-8.844234809085647 6.498402684905102
1.8788550611088617 0.06340341230041524
6.487616166675171 -9.4519444403093
-9.990273065004374 3.359611764801304
-0.6854102776908828 -2.2745640182310423
0.7058299515458248 0.17074054210478806
9.782658855349368 -9.184935045628507
9.191617834092316 -0.8440618668400006
-7.443187887211229 0.10313390748762785
-1.1486020423026027 -5.764764389682289
1.2509524119705784 6.021342512099007
4.137198802906084 -9.210249895202622
2.246025748152382 9.366082570458136
8.770480772134153 -9.90920812308337
2.1020779969395953 -0.42724881448812546
-2.1693581631246346 1.2106094181608036
0.8267194075808337 4.358893860071484
-1.5151528344760674 0.746657955121286
3.283024447676322 -4.105658628701456
-7.233220142699437 -1.0501596500796744
-5.405992630914309 -3.3817738157464365
-8.79105669769369 -9.962443758248083
3.4740179626970686 1.3543741515765895
-6.888177554086107 -0.24821492538446321
-0.3696739923210419 -5.787442712746669
-3.0607197359749705 -4.480379123778302
-4.805915957019591 -5.901776644414085
5.361150990029461 4.190670385406431
1.742663348879228 4.721358263867332
5.908248458198372 -2.916340664048642
-2.3741219773795352 -9.612923146462677
-7.65664257102312 -3.7008838544155847
2.6531732256642613 0.09104109595048193
-9.590491442016413 4.196881686423646
0.041328354008044244 -5.613326017659659
-2.6438542424655527 -7.661342539986684
2.4264567813505327 8.325752619552365
-1.192725674509136 -9.604852726856691
-3.7158217684054895 -3.334759939623053
9.297194581051738 3.548369074768331
-9.697492416104643 3.901124183409104
8.39427279808503 -6.828150159239968
4.254974885039118 -9.040949519430956
5.208550960606468 -5.827210577738371
-8.4510491701317 -4.807387366781204
4.982190581972123 -0.20181171448803426
-2.1792196125652907 5.718600683754065
8.409070862957929 4.423820890260863
-1.9831428428808433 -3.0723693856793854
7.780172534739883 -9.884988591358308
-9.629777133794388 2.4218426050035795
9.435636017505079 3.527958710602416
-3.8373433922812072 -7.245022894175617
8.184841607308606 3.704340189028322
-1.61967980624798 3.7760421119808445
-1.594737689682999 9.266212896076816
2.0770187475984407 0.12867152399766368
6.989329793753548 7.344538138123369
-6.341914971530029 0.9264847486730794
-5.762029181627588 6.165001843522642
-1.1268273806543565 7.473633126902268
8.8566708384495 9.336208333578014
9.736464672054531 -6.214081852219704
-2.55211932597957 -8.89993216219975
-4.15769340508591 4.771295350811259
3.1358229571579948 5.532285480923926
0.7350673115197921 -4.657604538025355
4.215716573113628 2.3695156670514947
-5.648469358788839 5.534631300513951
-2.1671722184329 8.872752175742878
4.515424298662527 0.6617223223591289
-5.652643689004351 -2.314052810343954
-6.533672965536472 5.137509006521546
0.4690824040192716 -8.265999897235725
-1.4637533979807404 5.439451124911557
-3.511025678087643 4.831257297651215
5.128594898800445 8.73656579072765
8.291300659619122 -4.522283922171793
-6.526876107138724 7.9060903119357775
-3.4408198062531454 -6.238579851491355
7.587689786704043 4.292141903337196
-6.504375160604779 -5.914174617082919
-1.849788377378875 -9.715074900368808
7.469521708579794 -3.141548367382441
-1.0998796128230914 -4.522202655027825
-0.9132289285995459 2.60097025331093
-3.0167204013805504 -1.137365746734286
0.6851637470147409 1.514851103911866
-6.996001637649496 6.193490884227867
7.822397294176987 0.8118896912275417
7.934089573682954 0.9558865016923086
5.296326818109447 -7.026213305005589
-7.5768025419609035 -1.2504975812607633
-4.370645279672072 -9.986906505194257
-2.355938527767245 -9.741460058414278
7.439162883864661 -4.395216579815475
3.5756222893328875 1.1623567869312428
4.261888610262652 9.049620943191734
0.28938432209086073 5.450515637735753
6.84021933935454 -5.489753552943544
-0.9805600813651836 8.379060482691834
-2.6715038236135253 0.8811904019675723
-9.111613277864967 0.45289581609413077
-8.962982082865427 6.877960491465863
-0.5161861812185755 0.7223149974750207
5.100698064265586 0.5692130787728438
1.5671742729408145 -7.203136720857524
-4.230048999210892 7.000736963789937
-3.3712991666550884 4.419484221304613
9.76052972319884 -4.422947195352611
-1.6166158859073843 3.025491406115952
-8.826841139443092 -9.853331314603489
-6.257001929360159 3.7979910035293756
0.24960751780024992 8.808437369905999
0.7882679986581369 -5.23447123229716
7.742308960818125 9.696686768381884
3.3960802185277483 -8.084246192819213
0.081602775704674 -6.832650441075751
-9.406512426022056 5.051571875448008
-6.0416827910691895 -3.7225493811148684
0.03705962263345697 2.5563658986250246
3.9598907699820334 -2.6838852043707657
-2.1662802038441598 4.0738320149058715
-0.3429150360758264 -0.5797826505431214
8.523048701939931 -4.685478717733886
4.972710764051882 8.634403838583214
-8.963692474261638 -8.41468805209413
-9.922511742806128 -5.328515111383099
-4.568922640191122 8.552502915837586
-7.9944779351245066 -5.576775715359967
-1.3788140864826097 -6.517973610242538
5.350851026880594 -7.713910797384582
-1.4706767075922542 7.807773400841167
3.895467207260845 -4.658058607545934
6.4439199462319685 6.855543591781398
-8.579150331235567 8.237103158724835
-2.271884033975999 -0.8071154193663155
-5.895671799723865 3.9847730935464742
5.169738863609826 -7.324634881221284
-3.4613690472972403 6.514947642134224
-3.832941918524888 3.413232634033223
6.571348425178645 3.7005058422498305
8.724823449494032 0.29102161592862785
8.562409394078024 -9.148137096434434
-8.076448022750862 8.078265472281622
4.754079572626919 9.31384153409903
-8.542581806372924 2.2830246959086224
7.144688762495935 -4.375896591912598
4.106581616446439 -2.7226133751235437
-5.341880254427402 1.6613219088157152
-1.958503914095214 -3.777320814146899
-7.3565822351520875 7.867856351496648
0.2534808957021646 -1.8862190190469121
-7.019020322289253 -9.001798425846467
-2.881129879207016 9.176780663391416
2.7795029824221213 -7.7471979314213835
8.657965133435535 2.9135825486373186
-4.219746519876364 5.307902473256821
8.585102287499588 6.517861024821364
7.80779886680094 -9.472604400378886
3.79731844309698 2.7720762731140436
7.007038409451091 7.842385609529249
-8.63929456991783 2.3326269257362
8.886156336655194 -3.383592295543383
-4.397363149348399 -3.664740325591751
-6.789978845210665 -7.470362057449467
4.162967684431337 5.133605696692014
-7.9177309847981565 2.5697713508390407
-7.196785659801277 -3.7206841083012225
-1.9717075723608257 1.699754426565212
2.1672265287065997 -6.512205927565102
-5.893684976507831 -0.7579802279468328
-5.984176447230527 -1.4456769829823841
-2.31102609169233 0.8327205046504105
-3.5422649633166863 2.617805047262223
3.9618842648190586 6.053517603955868
3.7739377383380557 -6.522663769787567
7.018730153977245 -2.8847417219756704
-3.9522369110797424 7.422457518889523
-9.006758563978003 2.253473827932302
-2.916123799207342 9.807866461951093
6.913298940185285 8.800528002341789
6.476166079382388 -3.818582588988484
6.350873498238485 -2.2025663731395433
3.0450373454491686 3.5682373894071695
-0.09924301689138915 -5.3050988583854375
7.549623200234258 -7.235513289215822
0.7856271291366372 -6.844899840557945
6.4295598593298955 6.043296687220085
-2.3265974617911933 9.047502247248662
3.3754626919531923 0.9492840593145662
-5.430587410535006 -3.3778981851235157
-8.188832342698536 1.4032339727060226
3.3657310116933576 5.640110490150633
7.474352269733387 -9.789085581426036
-2.8628958939882416 -8.08473698308772
8.41073556720016 4.187737312697987
6.3710860817982535 -0.20005112525571533
-8.53634571817915 -0.845491798958145
-9.629235093705145 9.77751423865876
1.5389469265536775 7.694143110821809
-0.13587818802793983 8.74063523066761
4.16432047445257 -3.3228556296270018
3.38760961803354 7.480058031747671
-8.627228021745722 9.49933056795717
5.302962060691636 9.35776744462336
3.4355093230958254 9.765299921362729
9.27888995684512 -2.128949327020944
3.9465795757759423 6.302397132528132
2.1487767179408195 2.062677691607263
-4.074797172013554 7.010726186084504
5.984881420304241 -3.003448040406882
5.353294013990027 2.601563968328648
-3.1473671531093395 6.420519602840329
9.858955117666781 -8.07501965362243
-0.29069490198170733 6.799412969243026
7.118487260841448 6.743168735928158
8.623946879510612 2.667353492467484
4.187779007009031 4.768552891737885
-1.9974534440715797 -7.5527630251496785
4.665634442316664 -6.360704097597074
-7.620627801048654 7.3146449534684095
7.103982655069888 7.202144569984842
5.159341209657633 5.104063718509085
-0.43001839045091117 -9.644288063025988
5.172798394805099 8.19970992852354
1.3058912419838649 -3.4725228687202687
-5.568512125862048 1.0284567159367732
-8.673350157351305 5.926155457518224
9.53916831162028 -1.1053935083223632
6.9012258724551465 -4.10447286674305
-1.9491837151057378 7.048330780948142
-0.7396929226668032 2.0994759940601746
-4.501727474877908 -4.977666976412198
-1.2155751660292111 9.233336220055161
-9.20913943780038 6.895262767833643
-1.669905259102114 -4.917522726566579
-8.59324114408939 -1.6186568345338728
-2.4764177300966095 -3.8162265877288366
5.747619211879073 -5.696578388556926
-3.405089054707524 -7.854283353575903
2.102807724014406 -8.592072103718063
8.573742968689565 5.029334063632199
9.129823652792616 3.6375455104138243
-1.6491946853707482 2.5447116242503327
-0.4234592108478701 -4.855760148198676
-3.434438346933235 1.2419631461693843
-8.404614598416327 3.796074865827311
1.6202708644842865 -5.434894044757767
2.62774534987752 -4.639060117616857
-4.452365798357958 -1.0754063262908087
-9.421097685431569 -7.949107934802231
4.655776458835923 7.100076742135077
8.11654058298167 6.573515802086451
0.2536824195582543 -6.08501545198836
1.1444394606632962 -7.5996923477470135
-0.46134156783218927 -4.367385398931411
-0.38428284334777985 7.804423223825207
4.363977530119389 7.853493426820421
7.949136409344625 0.3637695350276555
6.681506046578203 5.7041849114196435
-7.595385689825727 -2.9799782230431564
2.9286972276617877 -6.012125535031312
-0.49760685574773333 3.760431238232499
-9.965597181806 -4.0577770255195045
-5.12248379862875 -0.8667426397787743
1.7622112621954056 1.6155920699161435
-8.368612628974454 4.551861659040943
8.743860960922301 6.312299922133743
7.822005427384351 -7.74398773037241
-0.6598107728219063 5.819678655495032
-5.529384875038785 3.409597900275166
7.910114896145476 -6.395178672798771
-4.032318519315945 -7.299179217685219
8.645865262191307 6.2482542391906115
-9.485481460403218 7.696482889835494
5.628307671980075 8.544566304430713
6.724214583338146 -0.5239468304123172
7.811436636847887 4.33078752277776
-2.4161745660914686 4.311202961407446
-1.456340558639603 9.111068608438512
-6.715739834283719 -2.0617995161931546
-4.821644015775806 -6.880727539031268
-8.948298423762326 -5.767572455282415
-1.3506611863423075 -9.445622956626792
-1.08328312240387 9.215252274912885
-6.385414754633421 -7.552085806503528
6.184905406988481 -7.285758477302801
-4.400672345798311 3.435602731457079
-6.223594851913479 -5.589373405929761
9.493108931163338 6.979244597861552
1.507834174213924 2.2499332065611988
-9.630187289295408 -8.99330989839598
-7.85725453774895 -7.195856301996663
-5.044645186466131 -2.0924630174070806
-0.33804687483041995 4.900257635959427
5.253666521282323 -9.996426829064
9.245814358891657 -7.7388963381603615
-1.5161560230412068 0.8999747630150683
3.1616813455156 -2.687976056752408
0.3544874755440848 2.4997984437332814
8.514982573794729 -2.9656526538163615
-7.161667446413849 9.235178476620554
6.882600632428044 1.1290802005752951
-5.754560712100007 -4.313315690259792
-7.054882172789871 8.361218660776405
3.656943560937231 -0.5486298169464181
7.365021374376006 2.6476701410911225
-5.25612550773626 -0.808076972569614
-2.6891972203391212 4.15975042524078
-1.2368215534916054 -9.378937168390298
8.374479376231442 -1.1552924684334762
3.9982343180219644 -9.17677114906609
-8.054666835703163 6.036799765276676
-0.8214038991178878 8.694540232242026
1.2704268678600439 -0.7719309592576629
2.213641938601267 -9.014119845959955
-5.83724183759929 -4.7936348376316396
500
-5.816958727899005 0.22231797551549093
7.180634563842677 -9.535186462927427
-6.3673501224106595 -5.892445595979532
-6.988883321234766 -0.14770062172913967
0.13065287347474452 -6.2914694470140375
-3.0726046332333574 -3.200967592723778
-1.7749980081361727 -8.398822059335874
-3.3799100549232897 -2.4665484481155575
-9.079049049530315 -5.219432995617463
-4.5585327252606085 -5.41090351216809
-9.538948540749532 -9.790213222546011
1.137820418518821 0.38006959548174635
-8.834660495022376 8.178853082670976
1.7646382742552476 -8.9394158384539
8.197290928898521 1.912101118341976
-8.83154364323274 -4.148067338688641
3.8322573663991193 -2.6756704082044935
-4.812932000994737 -6.938910816557502
-9.813781846538854 9.907793840070603
3.854007870734913 -6.506646232473983
-4.680367307300351 -9.640803204142435
-2.3473817524495155 -4.4360795438084155
3.7573763963687217 -6.545614241560715
1.8018256174153464 5.082265373774151
-4.732835975459064 -1.1097985326656872
4.493126859830266 3.67205764897815
4.839252184966012 -1.4748157223816971
5.647774096861095 -1.217209632113029
-4.770135647054106 7.764962877574668
3.6184262270601977 -2.9285286703640967
4.845469858460511 0.45682014115333125
7.506444107398217 6.66971184102459
8.495583041025661 8.137996893312941
-9.614793201431143 8.40764932686682
-4.862837613723823 -1.636456618280942
2.138284589348416 6.985442387347945
6.487216438515379 7.750524406082825
0.9400338465604889 3.7891563569398645
-4.804101409341596 6.118827564332513
-9.419146020523996 -5.146486187159605
-5.183632011345831 0.9207067538703146
-0.837243716135827 -2.750794268956258
8.60412334247414 0.8627190772742672
5.543148205168308 -4.700116264033936
8.063410610112129 0.2732693219338458
7.92338277968841 3.7998758574378826
1.1969817727878187 -0.6762109645162884
-0.4798620898231505 -5.861402445498007
-4.862161541314762 -3.148656501582794
2.1616321177734594 -9.303247131431146
2.275928094577928 6.640546950488773
3.8197564459100377 4.690731453218156
-4.1939366592541845 4.629157737540508
9.140660014355888 5.061376615998931
4.054629086541118 -2.1675188834349175
-1.2656876948761528 -0.5459277352956171
-7.524297054611333 1.1053832218949111
8.910569768843587 -2.9098825557368073
9.001669248666357 -9.931573899788571
-3.149931068731508 6.688379495012754
5.912758672646504 -3.948010778543562
-4.520392440171451 1.1725321469272725
-0.6157012909071096 7.897385225078782
5.9738348376013946 -9.812978097011367
-4.173493911978761 -6.034996175103354
2.7486181473009434 2.602791670933385
5.034040100109715 -8.926604805810467
0.9974627402123097 -2.3700602207601644
-8.50885434183346 -0.8226929813269734
-9.399859653407717 -2.8862008089507967
8.855111668052146 8.83970721978659
-5.160065801717519 0.5803356652974756
-0.5265760973081779 9.92574464691942
-4.271177907357688 -4.900082962877881
-9.561188887842905 2.5511479679384053
4.069060517062745 3.10084693375188
9.513338921193501 2.4542013171426476
7.060902610586666 -6.723854471291606
0.7410121405401462 7.713695698878237
7.442881115688024 -4.745925438254548
1.2811099147074216 -2.705225367099424
1.669071083788813 -7.920078083728783
-9.66432011449787 2.2637165145221196
4.913985396855502 3.5167706706079187
-1.9580124518693403 -5.562047793104505
-8.721891059641925 5.742582331541383
-3.1647743785915665 -6.397195009871579
8.755854221048807 -2.1866271299237283
7.240531552542851 0.47557263318075016
5.482491391661936 -7.699495551471161
6.678833149437416 -6.642301818538416
2.555409332930834 -8.232931658878936
-7.3975665189578255 0.7056247788626351
1.7729395307712164 -6.181906516841815
-6.251340959223837 -4.2485016275361325
4.90040550917422 -6.446846212640356
-7.499696210443005 -1.1392763983187422
-3.4783808674057104 -7.592744964162199
5.058485118232168 -4.297586909349425
-9.015065705203254 3.164978792602726
-8.267037952424674 -7.945494305799401
-6.754720037341202 -1.1373585986538401
-1.688589254465903 -6.400521640939183
-7.715555787038355 -6.026367371460837
5.524695167630664 -0.9353591400150556
-9.178784222868341 -7.152419043255351
2.420630356782043 3.2213945320620816
0.6432132636830907 -5.451538675629115
6.562889482689684 5.847141974059994
-9.569240774270414 8.33969926557127
2.8486428639459564 -7.421016394671451
6.720970613122304 5.740821791616785
7.381824799633382 -2.0322620651874495
-2.2903989921802204 1.9402547029714192
8.107247572455687 8.601519764483605
9.1673123269967 7.576893626086722
6.390764591169514 -5.564791452841047
-5.165919567423989 0.24178933265335267
9.74338406339216 1.2530174039423585
-0.9499882192469062 -5.330715061269542
5.210484474913532 -2.714278081272079
5.949507283210249 8.262812640178769
-4.454947712009503 -7.6368803827577025
-5.950595924443613 8.334527174559778
5.9100777701964 7.447841852195051
-4.226658429843053 3.037355313676592
-2.209787208285605 -1.9998681202717545
-9.174006030359056 -7.759212760991156
-5.140630440399461 -2.668415721955424
1.6245846706108207 -0.4686936243435973
8.97893397193969 -0.898674196462812
-7.95805968619598 -3.7623945739979376
2.6251669985159776 -0.41821513612575245
-7.284913056312307 7.3657971294354425
-7.407375606526385 -5.434830553832137
-2.8253538848152786 3.258694502272647
6.119111978977312 -6.024374065321252
-4.014744487035909 -0.758247031876973
-6.413644626780471 -6.138026237435705
-1.1404833691707754 7.245771985934464
0.402188280190785 2.7899423413081887
4.860922748740602 9.368465856030227
-3.6422982245305118 -0.820752745390001
9.078614465740301 -4.987378402884655
9.688226987945072 -2.4977696899600943
3.8499619143511428 2.3000890394173723
-7.068871525806628 -5.281012083699165
-9.132086251970492 1.012152873181444
0.8554999805418539 -9.720617185277938
-5.87372613875893 -1.8237673136949422
1.7416136467437493 -3.656364254191029
-1.0423073650699273 3.1247660654757468
-8.822205654690906 -7.749715449569862
3.8770333425157872 7.369906831006325
3.8212176034817986 2.7272339109042694
-0.8684352409026079 1.4927016480530213
-2.2566512554535016 3.9373362261777274
3.4102356213304947 -8.96449419979642
-3.0142966957584356 -1.1466032532683617
8.606853995879714 -9.534854937451435
-9.019980518500452 2.9511737589481974
9.181989482771222 5.4551479695904845
1.4442707213665624 7.437572390728242
9.64059607169397 -4.858140665630488
8.179492446823403 -7.414224793744493
-6.712900527178782 -4.070877198833205
-1.2202440765773943 -9.56354131881242
-2.2836153318545733 2.758208883608324
-8.06519839089386 8.221883921358419
5.298687169805596 -2.1328762786844058
-0.011264032980148997 3.9356585080672453
6.444790613057375 -1.8058749135746446
-8.4531830956178 -8.484291200766528
-3.766696620202687 7.481961499959127
5.415974105773348 8.706409798273185
6.37019040538593 0.3165683829057464
7.150701114161734 9.309989060759964
8.412632227252072 3.3795292026773343
7.730387102894085 6.124041725930919
-9.174529965316278 8.283000837259145
9.293467536270626 -0.12295054950487128
-3.606267028174628 -0.348671463184667
-7.887009278920171 -9.70753992142239
9.14371721893161 -8.35596958406333
-2.767797037080526 7.080480394492277
5.236883268869093 5.7239066176317515
0.2699123318274754 2.4455108467392233
-5.25436211442803 -7.142781152447402
-0.47252034848535907 -0.24104330453276823
5.7819135523486676 -7.619045412774399
5.549974131090421 5.791639312259335
7.8260663315207175 3.1412212891536235
8.61233234911867 -1.8510393823295566
-8.990720868267253 -5.332722242458718
-4.295185670534787 -2.5533481840983185
-7.544342249621547 -1.3253761674001083
-6.691160596599932 -8.65762287581099
-6.3935654759407985 1.9506937146578434
6.301115139186354 -4.235852545723953
-5.421421527162562 9.19220221768878
5.327819622244094 -5.5493782773970395
-5.743060143194885 -9.677148702142574
-8.875550759136798 -8.433334877823386
7.874398691256534 -2.9281729342860086
6.207076858705754 3.856288879080479
7.150392198413478 2.135430622204984
-5.2464590383910625 -8.167623849897598
7.714659464777615 -3.980494421643388
4.4977889148151124 -6.43074032116721
8.751697516513545 1.2258551569448102
1.624804598966369 -7.126039256914501
-0.4000799776623012 7.796792558230663
2.7342219303360533 -7.2858859591112495
-0.7731633926345527 -2.857708461088915
-0.6901128700395738 -8.128331069986611
-2.859583878832364 5.155559954855134
-6.251226257201727 8.838058918160101
0.781636679117705 6.181171778063565
8.153030056214714 -1.7354704515923913
5.371295943190217 -7.067757856341266
-8.978225650665301 9.86622149468711
6.0714092534229245 -5.236974238262466
-9.470710320895757 0.0155107079485024
-1.587598395736391 -6.355229140557368
-0.29540427832477434 -4.769862649688861
2.5731519848982813 -0.2144104309566668
4.670555221320489 -1.9132607266502113
-5.383994128242591 1.9175390450064747
7.0221161584192195 5.141945058839216
2.7221530292426905 -3.8922976069775306
4.942446577738675 9.059682080561636
-9.035554970866622 1.8643259688703537
7.854561747332582 5.223014242139396
-0.8452247954701839 3.7133455355307667
2.536997785125525 9.040636179175749
-7.663289751780202 1.4581717366785973
-6.826196469857894 -0.13126361458895452
-9.384220219870885 -5.053041515513115
7.012755029348387 -2.5709992040533773
1.4484830901130792 -9.824523929453925
-6.209524876076326 -9.695902455446673
-8.917928792112912 -2.371708761715219
0.6029360510886796 8.342683891728534
3.113755675550159 9.339123432182863
-4.849555132415033 -2.6025560844571345
0.03960244765692522 5.874142454635113
-3.49963659082531 -3.0825763617643336
-6.057114517107953 -6.3703119836756805
-3.0983437560940157 -0.42093858856751254
-9.529756972186082 -9.255320180061254
8.887188579229072 -4.235215209469157
8.076147137059568 3.40562426033782
8.605511923904306 1.5219481464747986
-4.384526272716309 5.537517395106757
-0.38811084086347414 8.62861984322613
-8.869177662591802 -9.464304554331495
-8.906537964951323 0.9340132287865615
1.78531943635255 4.225850475180927
-5.04279663369654 9.128839455904426
2.655204580084831 9.154317181340048
7.3760766521201795 0.3734523002808885
-1.518674933117019 -5.390468782102962
2.2310914230799757 9.812166199250779
6.027370395390626 -0.4187219400420954
3.6371010188271065 7.70339577676755
-7.419676466954195 -2.5928444980857
-9.57545791441516 5.9144538552690324
-7.947300129273334 -9.82579532801899
-6.1805169266816335 2.0381378626479254
9.625673987943337 8.272901616246543
-2.5097310965692454 0.8793927752268011
-5.304964926211271 -7.08557379000802
-6.319548182248127 -8.106620940121253
6.2740194428710225 5.8580352028083915
-0.00546741553722363 -6.746819783979204
2.066609659287227 0.4544382817920596
-7.25653816686012 -8.135792113741909
4.824002805327922 -3.1477690618398206
7.8408246003011435 2.946112883810594
3.6405331914981645 9.236507523564963
4.922185086393199 -1.5848590467106494
5.582836548568942 3.774862950329112
5.017254259221355 8.404083425824833
-8.540342652392487 -7.710723848843872
-6.409191014486561 3.4310637381162508
-2.102468877293104 8.288731714259352
-2.523643881864162 2.0223848268931928
-5.6303470665621695 -9.793292714362442
-3.587389096097522 3.8138744755412173
-7.119247425678803 -8.964148580338055
-9.045337335126558 7.060134700640653
5.753811223109826 6.681374168796339
-4.030475322034645 7.684358723687833
4.553429789534418 -2.3442733140595973
-6.501461180863073 -9.918485550809471
-7.83196389823464 -2.0476737855446885
-0.40187300394856607 -5.738625718171164
-7.420646140124734 1.1251195888051058
5.260711899471666 -2.934899816905661
-5.682780237560257 -0.326360550416263
2.7780025015773084 -1.8003140107953701
-3.9376423759512935 -7.51674844778786
-7.765046868746898 -0.5850110281215848
3.91553447397731 6.05953813049133
-2.7729186390340654 3.3813117431914037
6.7370346281105 -4.188685021087506
-9.496874834348434 -1.2772535161281002
0.5510063412167217 -1.3613840496677998
6.877239377707603 8.25224038852377
4.2616352633326855 -8.98876806622599
-9.94702813583589 4.478154007140613
-9.356186870895408 -5.202520161112114
6.975729926567055 -0.09185793181701207
-5.17818419609259 -2.078975943646782
9.457858529836784 -0.43354438578283805
0.20363136791378267 -8.035273504465552
-9.623489462417517 -3.4625101678539227
6.639408200638151 9.17746851795943
8.322735395827841 -9.922569460406622
-0.8207053443673402 2.2810851364661957
-4.667536722151889 -0.4091985893013934
-2.2127432957970194 2.80394938824303
1.4526796310580288 -9.142861165693375
-8.678488664058538 5.433146503355427
-8.003316832479479 -8.497603719777514
-0.20630506968654672 8.869513689567121
-6.871298342989258 -5.162254397191162
2.404481305638509 4.078356626257856
0.044016169048092024 4.669778093629326
9.430719435254296 5.343402430127471
-5.067423778750408 0.3066916935956989
2.0829686200132222 7.428930981839713
-5.822538254299438 8.526664984306109
5.994676077488009 -0.4095833819047634
6.3783871935574865 2.4214176250151187
9.047374252038523 -2.8037323226025794
2.2342014460279636 -6.777564409883161
-6.9128260439551585 8.360421935771523
-2.9904581722849137 -3.326879900842796
-0.08181652774179327 0.17256061680475554
-3.2434945316737203 1.6196062549722114
-7.772857326387559 4.33836436243309
-3.9158643435095275 -7.550885556141127
2.316983497951732 2.1366504938983653
3.770414778316816 0.9850023017525018
0.5997043214969224 -5.758539208994495
-0.9445733078427647 5.85528508071868
-8.093061685734824 5.066114644137302
-0.391078852903167 6.4142206171075635
-0.5154229470486005 8.9191333265601
6.41878107805395 -3.706859662235371
5.448452091264439 1.4862520820849348
9.210211879323861 -8.469345634963046
3.292935876223602 0.006164075526697843
-3.9260756933607315 0.7797748280627168
7.078210967826525 6.32007856886662
2.053312638771601 -6.487948175498397
-9.807882722501674 5.029301100536859
-2.842493690243657 -2.011847724327904
-6.966245687969412 2.563745336144944
1.7554206555593321 -0.7033349625611116
-5.275648366053032 6.8175534923214265
-0.2567168567585085 4.963882990126212
-3.3954262698489828 -0.9438599764000344
-7.941319900629448 4.576098072723056
7.748353328228429 2.6978376237225277
0.24531523481066309 1.4126787233227756
-8.63678875941127 -6.453324218570058
0.6190805869780451 4.699740971186266
-5.666614805267674 2.837323566902029
8.783902308968937 -3.3524129090737453
-8.866434861899751 -3.7936434585380567
-8.67506318022395 7.50675670535194
-9.849710770505054 -4.792763966280864
-5.593712415597423 -1.9169574518296102
5.409046031583809 1.5526841357968308
-5.921073662836895 8.038865917169552
-1.673431280161319 3.7446995215716825
-3.5186472412647207 -6.6746897521793365
-8.986300273804906 6.828771854077008
-3.1023254965472518 -4.43690764304308
-8.15533133335215 -0.4958365907249096
8.90478903381862 -9.21453333223968
4.601063888399219 -2.0379866136971136
2.2317126460311307 -2.9239014266169043
5.26483313953468 -1.4110830707925732
-1.1150210094633835 -2.482421135876023
3.371330361902409 -8.590538772590282
9.964830002929528 -9.3690499605231
4.299322129607814 3.9042467571528405
0.531627115054885 -2.865505194041189
-4.7569256798217445 -8.331371833778615
4.4066429353118135 6.621805366082633
-7.744064012010097 -0.33056811856571855
2.656468618970923 3.3360323850735973
5.907368712988861 8.482582168290918
7.2277158693807735 6.749948450418394
-9.176786805960335 3.482017436810466
5.730989190635105 3.561205227754664
-3.9893201139947543 9.734442895944653
3.135058720780668 3.719656551179444
-4.115811564940783 -8.226680559569237
-8.277488993529596 3.0598288532250635
2.3161229803875365 3.438996178866102
6.631309757980095 5.1734844793996455
3.883392142970898 7.892959741548221
-7.9068449934553575 -3.6909549655496265
-8.298659955219758 -8.097092232777856
-4.73001860841025 -0.4251277732558538
0.20600080754646655 -7.910665329968762
9.481469941942294 -6.03322291364522
-0.16696188787267907 -8.518900475082214
9.525620742939786 -3.23716312727782
-1.5576811010725677 -9.984219249340061
-7.217151136171031 9.882480132952093
7.783513191236111 9.452829441779077
-0.9468555247447981 2.422349019946619
6.379483965392009 -6.698441890315106
8.375193882877127 -2.6918830344030926
6.73046288960974 -1.0975747448471616
-2.5766540200897925 -2.980334800205304
6.452643149669456 -6.9020157823108175
3.6963223844849953 -3.9484674428391937
-7.4481520814331414 7.147383238956909
-3.7306208870638757 -5.202025569783688
8.155348568009831 8.81916434622805
-4.746967384872467 -5.773952432218811
4.805236064560216 1.5300101763685543
-4.574584455427688 9.005695163686983
9.109329924053423 -3.6033214414296637
-1.7308126108255788 2.529306647993561
9.163809140497385 -7.063988774997254
1.7757959818168452 -6.49194761930143
-8.972269679851074 -9.677675891706128
3.081381412462541 4.473001402302703
5.8823001222917615 -6.32651498859218
-1.9415293563482354 9.821692614537412
1.9060167736841365 -5.8757698919421175
-4.636917129247378 5.6806702887368115
-6.2502789534679515 4.095941355618251
-8.273973195201783 1.816052331633987
-1.7415604286012005 -8.900211502941174
-8.573224509946636 4.13317066357455
0.47106914917317155 -9.803139719115237
8.1871176111014 -4.260498337381193
6.89181860665331 -9.569745737221528
2.8324068122474415 -3.9162391844797
6.850547127446532 0.4202915070656683
8.359700440058589 -5.189187914517657
3.411586241706864 -7.2568357587183385
-0.2498806807289924 3.4405723011884213
6.107883339090641 0.3759312691386967
-6.057758972457599 -8.558763436015191
5.566731691453196 -6.035823545402197
-1.5951597084567464 7.619688135706301
-0.08848019332196522 0.33228832931823504
-6.3430008729757485 -1.8407371739791074
7.540207428884521 9.87780271911723
2.280042613685593 1.8080898042432931
5.053537843410268 9.35567107650586
-7.510102004113579 -7.853159951216558
6.586708700103703 8.831138296355633
-7.423379029481547 -1.9213887090497757
-2.434372250455543 0.9521667343313283
7.580197518575872 -5.7293540230344275
0.40308592315634506 -9.525925521106345
3.0510386174019803 -4.390368388402168
-2.7134511930954623 -6.9283037689839055
-2.3761126530070413 8.902522185316709
-5.381297585847373 -5.592403975995612
-2.909960860537848 0.9235423268873042
1.8202564148923486 7.498109320450098
9.988602668439867 0.03083612205438868
-5.503229529920954 0.34797744339437564
-7.771124635259856 2.01232397457974
1.406992355650253 -5.272542411511266
-2.9022030275117388 4.399248237412836
-0.6813500509279979 -1.568064829726655
5.511379662855003 -9.407682284418007
-2.9378647095171733 3.028788112030817
-3.7008217878741227 -3.682978907841557
-7.430942383618149 8.901542001814974
-6.46743943853938 4.95187066664279
-8.909362937826675 1.7125557868588182
-8.43806496380931 2.5483814514663745
-5.770184002415128 2.9391923495072962
-6.66320361081151 5.324445770565378
-5.412498246185278 -5.066661688935925
0.10910725253157771 -0.2684555692849777
1.2808308936495099 -8.08696591122282
-4.219064871124085 -0.22576871685337352
-7.046924062840098 -9.868871184521527
5.175643782833614 -5.848290821416247
7.526037807417701 -1.4331891489646242
-3.921458444058363 4.7738348813654845
-4.591682775140371 -3.1014178172540863
-1.6566117336508324 7.2363409685553535
8.465207352194255 6.800961538530842
-7.679309398758618 9.707400872566996
0.36079188030464593 8.716756703848649
500
-8.611920272947966 -7.222030635094128
-8.522044390176633 -1.2557099473642026
4.303947148672229 -2.0060803433677066
-8.191535980004442 8.428894250054
0.6155123899579724 -9.48127108507557
3.6761639896436797 -7.455871378176719
-7.518299741144565 -9.998256387762812
-8.439729552652375 -1.1493854164053232
-9.121683687042976 -5.789310249338788
2.277464381248098 -2.3024136485854907
-9.815959577857743 -8.384806736077872
-8.3180970044548 -7.175108853302088
8.604541077211646 7.956155403188262
-9.417046794834674 -3.421715514059958
8.270896881063862 -5.914672126862815
-6.308773699980275 3.7968720894744052
5.177136681997993 4.230687836909571
-1.5070760879350598 -5.006924309307481
-2.561181696994921 9.56567908264637
7.344189103581318 3.9397752273450592
-7.741022546084126 7.007740846772641
-3.1702755285126782 -2.9225170519676302
-2.3679086106046032 -1.152799618599511
-7.328782800794644 -0.19460923937318064
-3.3804265055514238 4.717460373084879
-5.40459491942295 0.06266782729292686
7.158089767588006 -0.043641172453394717
2.5519584357939262 -7.131075207716551
2.278946531816226 -9.423986285580366
-2.1468213679480534 -0.36319180251912897
-2.382933067992905 -6.79256374252907
-0.18587112582855347 3.7493311202171125
-3.601458790681158 -3.2684251023462485
-0.10929968326487938 -8.498674468077056
-0.6338044670691207 8.37276563567833
0.7268727682215665 3.0521226188926533
8.318990532059154 -6.541833057547097
-5.6364072218065875 1.5348720243269636
-2.4308749832313374 -9.312158550720241
-2.630812170090575 7.6473439007025625
9.82881074850486 3.6034015533134482
9.796814202661132 7.457191922214356
9.227370262736859 -9.58949070833661
-6.534009203815925 5.363890883703252
-1.5516315229624382 2.2664627096923056
0.974384992084623 1.6780657040840126
2.6686766084141347 -1.5453664998626344
-2.776789506012456 -3.415528705906814
4.7922456453538675 5.339323580931852
2.791797262991807 0.24141244143886098
2.797049076327454 -3.797999051759824
-3.9027519677597784 -6.108040188122496
-0.253663521280739 -7.666610816608605
8.4213931746235 -6.489410260111388
8.740517534186331 -9.310325159196664
5.769005110796787 -0.43871296804108795
5.824738547141488 -0.7976840555679772
-2.789169226941583 3.6557274459414977
9.769734122186787 5.459793758903368
0.38092507602245185 -1.286798776961568
1.6246695062617444 0.4131253522925853
-4.105533635950966 -9.172062113312634
-1.468605026481507 -5.209677430012912
-0.7948695806499391 8.983926813958082
5.990308539074096 4.613714958039974
-8.478069363088501 7.390190473495256
4.841980405947368 -8.68173962908221
-8.790673080298856 0.9913198826251168
-6.292508854282717 1.6153153738276025
-6.704140404527621 -5.637713078342479
6.375219516482481 2.3104147378980873
-2.777458821124199 -0.19058410171920315
-6.714729872152569 5.820518037826863
1.5213733265681242 4.729112983414376
6.741538570982932 -8.95632151611174
7.590103537246872 -8.766583653708748
-4.105783346069103 8.067950985198173
-8.454356940100329 7.930942304737631
-6.881742078378403 6.417774410192628
9.076046992186754 -3.609336171765685
-9.799209354637748 6.018038675790439
2.7579051345551022 9.81313998569204
3.06417198785444 -7.602508568932063
2.341838313576014 7.697720050920353
9.998739217750309 0.5595535126176543
-0.025026696163974904 -4.01202301463659
-4.607886147124482 -6.3075842181086905
-2.7358342706675343 8.493598713954906
-2.1907201477788485 9.644980625944385
1.5174569879385622 -1.2062804548520685
8.18671572666797 -7.141346498426704
3.815583526112663 -4.328673138758385
-8.038420483110986 1.4605878528315497
-3.1112516507809085 -6.297855101764778
-8.621767146827006 -7.247554139326853
2.9828753724854096 -6.158755221424988
-0.5811407537488744 -7.715279564779253
8.009698631623056 0.7937758819976519
9.117633743207524 -4.7027690737240535
7.467411663950124 -4.712347285000346
3.897577385950221 -5.371940857175861
-3.3592892149271325 -3.7879649400235422
-7.51910123176131 3.345180225761652
4.926681293419017 -9.295700391989312
-9.8976550766251 0.4192106766390058
0.5688917368639945 2.1531774491935316
8.015395213835216 -5.115799813825621
9.94591290096842 -0.8557003902863656
2.253453777433112 0.5751394276220978
9.499654204179127 -9.091261763777304
-9.403634629844127 -8.457945789189612
8.785895007934652 2.9409905033818777
-2.7989615586188226 -5.809238733778428
-4.905262430890122 -7.167323131484451
3.8892252842758737 3.385598867812371
-0.05489933609268682 -7.826676273910462
7.972459299809362 -2.6486348305595753
2.928677039851257 -7.080242505347152
-4.810296181103064 3.9415175629016694
7.269163574076416 3.7175306153500713
5.217704399832829 3.4385123550416647
-6.545989621815536 -3.5866780258413584
8.133209898669442 -3.220770283145635
-6.610299643268204 -7.781834348315455
1.239998388224084 6.4764291580478
-1.537009712014214 8.249567153854667
-2.741417584709498 -7.787957666352112
9.837781877540529 7.170862579719994
8.257879027581787 3.4584326740569775
1.1770613712677669 6.249574324878317
-6.435795011498982 5.7606449854943484
5.039192538005839 6.217395694938077
1.5471601699327557 -4.3059660267842625
2.541319721762136 -7.113767364470148
5.036074266916174 0.6652302534048555
-2.558564526873763 5.8184319415488694
3.228748075927246 2.419940968110918
-3.157638577966031 -8.109027266352314
-1.9367059826055346 -8.627387221023898
6.284719033543112 -2.5638765069947596
8.512145833044574 0.2789532684843614
0.7961447588582438 -5.710100887994121
-4.408685671171531 0.8355270453978108
-8.818876989476474 -9.936515417126854
8.353404933397456 -8.252395206327144
8.761108782965184 3.26290806744794
9.770415797918826 9.2700870718913
5.774480565921682 -2.752195345830202
-2.0283595190363 2.628827368871306
9.404567162375987 1.1597887102845874
4.252200377986984 3.0335527764169505
0.8710996080402111 -6.297258987288297
-2.919804551466589 -0.03278300751029661
-3.302418782998064 3.773644715627656
-1.2989797406242225 -0.00839364618449423
-1.5377463045580164 0.280199328311836
-4.594070786646503 -8.817692286496332
-3.074288213738079 8.330333476339248
-7.645379979852387 -5.78581564376848
-8.210700168248708 4.829098341801842
4.058748516840456 -9.545789793461864
5.712508806658867 -5.453008377644714
7.364303988450903 2.296206973749575
-9.47103647578392 4.070649407193493
-3.3504315443914496 7.48420198886474
-5.61625531586891 -8.439884864344759
0.44063946189011993 5.474404171805176
8.155431721986204 -6.310339433345231
0.37911221973661036 8.294317586596577
-9.754839565921046 -5.128684194283006
-4.617429295882172 7.189982555534474
-8.174071142037745 -8.903247141560076
-5.921303932474544 5.0481602680895
-4.729421871303687 -3.847502222675754
1.8777309903535677 -5.655963945401736
9.578052658422667 -0.15831658759789846
6.844330468153231 -3.2916595855677926
3.4710367119381385 -4.917298474000525
5.637565468552857 3.6505943188403585
4.5435136830158065 -0.6003478454104965
-1.7510488110315858 7.88826498730128
-5.152356985927556 -7.026623189164319
3.5695982688837287 -2.341598133008304
7.092944774496225 6.349958186023695
1.202938255778978 -4.12962125757574
5.059452814071722 -9.553462787305468
7.256532901229207 3.2394160853011993
-2.3055908535594654 -9.219446792225181
-9.178226907887533 -4.916931488705356
-7.752097512196558 2.9621027345106814
-7.273797247167759 4.641925224828572
-4.352850295715582 -9.417496404977772
-6.837895430500042 -5.511797179924813
-2.330619262960787 6.348980371562302
-0.387871198834155 -4.769491757874587
-1.622539239422121 7.336360682831835
-6.394802709266834 5.672222823806528
-7.389415427446336 1.4832110865065502
2.1525941413716083 -2.840485056308366
9.457297086232398 0.15887730195648153
-5.107760251980309 -3.1139027214205273
9.461101005683446 -5.1432301040338
1.3879291910637566 -5.731358773840474
-5.685950791754141 3.827868110164145
9.333982178069686 -5.717070329417826
-5.661756038686909 -2.4201375045066147
-7.67964189975165 3.7896404846732423
1.9740290551566488 5.520547532816886
-1.7108878169266823 1.0668759703226716
-9.13769541088417 -6.045854936446579
7.812078984931702 5.237122737063256
-2.4806418305626288 -6.618077725004858
-6.413275794187534 -7.22781573476799
4.387428123549846 8.578335490768097
3.3043857934761096 -3.0244735575897845
5.911159887125203 2.5953231214045154
7.4856127533291 -3.0866905115868093
2.7132083680612045 -3.6173256463025254
0.06528269127306174 7.920781884110756
-0.45562845901392635 9.885246242079496
3.3949425281495316 -3.4179251129413863
-2.6665674663968115 -7.817017523767282
-2.7218181803936865 -1.9421405693010048
4.183995771603996 7.410257796870056
9.335735976375616 -4.259889649634248
2.852386926797255 -6.657264301277177
9.805391549096704 5.620594867258113
-8.036493976772272 9.145875735843447
-9.245943993956569 -2.2358002164862505
-0.13955554580908824 -3.8589495777874205
5.490209577376238 -4.022763514877294
8.03441211514555 -0.3452120060611854
-7.547955091570959 -8.853507353788928
-5.841708580131413 -5.077781715620999
4.686640434814347 3.6142270659826448
4.133030796882238 -9.016797710670279
4.19707241472741 3.8225518659862594
-7.993117678560687 8.770032911259808
-8.335663591554246 -0.07383232142124108
-5.146860159059998 0.45301115081792354
-3.185752083430719 5.1310712593370695
-8.762547567952101 2.647572561895796
-2.378949716460623 -4.764846345397635
6.552774351319002 1.9653412189368513
-3.5009459044614815 -9.022027515994495
-4.260551295330388 9.510239980513322
8.440427807895848 6.1031584715237805
3.5754295515056995 1.9234031096162791
3.8596048325235692 -3.04887247994015
-8.39649137944489 2.2316209027947167
-1.7547325701074534 -4.404847860054721
7.10984658213944 5.487041340340987
-5.212106549226869 9.236787643767627
-0.12720510045580546 5.214759328518992
0.547686249986798 4.630023961659123
6.3106020245252274 -7.511588287323631
6.487815734434307 3.6962967838553578
-6.006622213262456 9.995527331154978
-9.79058071009414 -0.4186506991782686
-5.005357451444081 -0.3937476659137573
-7.63715883848567 0.4109898205457352
8.160912158661446 6.558211252985355
-3.9042087711179647 3.089479894122821
-2.8178274357844257 -3.3069421987309706
-8.082581514083769 -4.064268914959353
3.4298796396181395 5.268072142365405
7.936936321522147 5.548063647798989
-0.9422349157203627 4.1615080273298695
0.4894243755617449 -5.357151715521297
-6.622284532420457 2.9092028975344526
-7.467763595119852 -7.49707037346017
-1.0169088274864038 1.198826357993969
0.12328969511215604 -9.518243748457323
-3.0859607928110666 -0.6083525508915404
5.592020461418663 -1.0281882780431655
-5.322991247506801 4.464215343975619
-6.316385089275247 6.2248419829203705
-9.904017252712396 1.512169858527777
3.6713913609593174 4.490109786025627
6.961208100134705 6.43830416797115
-5.903151847140268 -1.797174425978195
2.636737095942358 -2.7896344934959334
5.728548501989067 9.335331268106462
-1.0070880509449704 8.01553336172164
2.0881036062193026 -4.840001307434187
-2.553200273572978 -3.794105568770454
-7.7675265654317815 9.689778176864387
-2.2751414581770906 -8.558555895890747
2.1060482055311702 -3.1773337657023193
-3.879189710194084 -6.437174256958846
4.580096254563788 5.674169385652846
-9.416908195590183 2.3247584601471605
0.5314415447679508 3.254522006255094
-7.028123990157249 7.397597977678473
-2.575756575400037 -8.941784013514765
-9.91877998343872 1.642910256843317
-1.7141321954535176 1.6999184273306494
0.47602766044356315 5.079860668955824
-6.2109277721365945 4.6925479982914595
0.0627256594147152 -0.8571519421443785
-4.50793085080802 -2.096721295520494
1.7953456345844039 -2.5715017360164705
-7.8222948856012735 3.7723065002232268
-0.12716588326344969 2.514430820049183
2.3401135574941794 6.068075726526267
6.736117676301454 -7.395594506729624
-0.6802761701786473 7.739610403217952
2.3265347235768985 -4.438216641641565
-0.6976358304048897 -2.3962906007708007
2.5611140235543335 7.651032433844726
6.611947590006679 1.31746349395884
1.9033564423362783 7.966328424442814
6.941707678542986 -8.525472255109293
-0.5467492071113504 2.6461061105399395
-1.1404106919520878 4.239428907454927
-6.07075230937925 -9.125302293036492
-7.569244607118399 -9.813051970021458
8.039275805661227 -7.34574049940883
3.340795659066117 -6.781237370458417
-8.035777792427828 -5.334137979267313
-0.6875912274431037 4.375868625135714
6.076952916992834 -4.238341422445016
-5.527290706135702 -4.199063967434347
7.5231739595391005 -7.348646399286536
-6.822049365902371 7.083613814697131
-9.106961498276569 9.403419078157988
-3.9383677776992343 -0.47979164082907744
-4.287350121322118 -3.3714510437898397
3.465908920681951 1.2301198302589338
9.977072865476941 -6.07082699896337
-4.885960807086525 -4.374746653594553
-7.93277793203025 8.134968583617344
0.13950444178649946 8.777312343181332
5.552890732093253 -3.3521269329864856
4.395205358386443 -8.864777003811602
0.4763278811898335 -1.8753941457570527
-2.2111687795984754 -1.9280397865208485
-4.900481748414476 4.7796496375755275
9.535114639081229 2.366621539604779
-0.5087104931689641 -3.2353161334340435
-2.509566964248025 0.16964214101608022
-3.3678813743092384 -9.694252111035295
-7.890277029661097 3.343809222640722
-0.3983962125177971 3.3372404382115644
7.846938977203834 -6.2355858593149405
-3.3365923899630445 0.2934165300190461
2.381912112904743 -2.0412350974976734
-8.92087015958781 -2.2989963087909437
9.99662100148938 4.427162559313761
-1.7797679636493697 -5.060273111743601
5.847120454086113 6.131310495381754
-3.8175978400667283 -4.464280223664057
2.8718002681614294 -6.736599009467552
-9.252787766331064 7.115479108426314
-5.302863854168686 9.474493637252593
-3.9579034395015906 1.5678312690907
6.829557520164247 3.6800717298904058
5.891480034663758 3.0878749862298527
-1.5470003582116192 9.656791991315782
1.4762351165963246 -6.528111524379485
7.097371771693176 0.9348758883869106
-9.793263828183846 -5.359176090473015
0.11738724443791781 7.940608377583796
-0.5651209033557762 -8.515197186768141
9.445363687326132 5.508377644545096
-0.8871516439199105 4.183387949312941
0.804061657192177 4.753262868772632
-3.76379923084615 -6.301609853531282
-3.3089990238752964 8.307647993732495
6.269526054075506 -5.880521500189213
8.622727211806978 -9.16968014036031
-5.366703023501067 -7.205566697257762
0.3487830282507076 -0.6837934416564746
-7.39131659034987 5.9097569780381995
1.9381784107598587 -5.8597212691915646
6.02244481212 8.468720010746416
1.5482405220508504 0.04780513190985758
5.532141923618955 2.12602329604713
-1.0349656135361922 0.4872082179790276
-1.0508437378595517 2.1251379779300557
-3.8490162561832246 -3.4260527283435334
3.6266287550387126 -4.764098288080614
-8.400411395356011 -0.3734878744515626
-2.3989494886271023 -4.701935478545469
-7.409924005864232 0.783204378737512
2.6734381476084117 -1.1933446404482666
-9.702534627399451 -9.572907910964929
2.727598383399254 7.811785472658361
-2.1947886395873013 -8.897741009061576
9.350083941166762 1.7696284045629405
8.98422047774703 -8.572842153640462
4.864467453662531 -8.358542334607515
0.2488082339450326 -3.0054356215912943
5.327951359488189 0.8847371602006717
-4.716485537505067 6.921212950777978
6.300803663889074 7.082412375824681
9.834409843692615 1.5953752983653082
-4.877252117521311 3.1186373044495124
8.714111988365879 -2.884093215758803
0.7206398113301553 -2.032828104040112
-6.260088593748452 4.242387756363081
4.027929296728372 3.852635055465857
5.219163818884628 -3.052439156447342
4.59921770463402 -5.81349587757564
8.363655848620915 -5.513615399958624
-7.697479919989618 -1.2626356775229386
-1.9507325925233658 7.680840823847422
-9.5647643218377 -7.999685063028778
-0.6770389738515128 1.2430735466169107
3.41747414774529 -9.507350681732131
-6.380898361074417 8.17827863265132
-8.840195532191157 -9.434083317808565
-6.086214159954473 9.792481538879983
-1.455189381954673 4.277651214587475
3.285177117349134 -8.9091788956439
-2.9983452734601705 4.8042548532306775
-6.210760914855178 -2.805544236566191
-3.7933039354936344 -3.2433710358497674
2.5597880670465827 -3.995071161785937
-0.965390734793651 -4.578452440248326
1.9074425546924427 6.846956851555348
-5.038231406484675 -2.98631409683688
-6.077314928365391 6.156970095952772
6.618540780515868 5.344581536818676
4.01401137508687 -1.5237835810279403
-1.5334520923050299 -9.650222343755727
0.9081151074181584 -6.941864585893032
-2.625255257949986 -3.526047612678342
-8.870058709578254 -1.6847255335647855
9.44804149354226 -3.840965210244047
8.733927574549377 -3.349190559996864
9.467920747364754 1.0008243065113263
2.6838703858257063 7.029622440565792
2.920428468068943 -3.4434965859008955
-3.5656790400332277 8.427565013481559
6.742694041492921 -7.00519389530397
-5.722895171837152 -2.683869172739895
2.9654804153535927 2.7415548005867567
-0.08654841142488578 2.650658005377542
-0.5971902900296158 -5.880115415811657
-4.414467877881085 -0.9950239004556138
9.719455661791304 5.565959689832576
2.510935683239385 -1.6027307142862455
8.150093887382106 0.34675039874175795
-5.123184703670436 8.138348992157322
-1.2526154002327665 -9.153412965177116
-3.701734961423 3.923947243830881
4.077303920012376 -8.908410050747843
-2.276270878407405 3.82648112413829
3.4005874480128107 -5.424185753654194
3.383328077923606 8.426236738844509
-8.281716303833722 -6.122390036631584
-8.203495764477903 8.581020118734017
-7.087517751064938 -8.834574761945618
-2.2232059794489416 -6.338076660739855
-9.074926262156433 -3.2673128532435918
-2.267722010717394 1.1408942645137934
3.9014707739454195 -8.199882508843604
8.92116301630054 2.610691600064836
4.7525351160899625 8.914438776756704
7.233106269581761 4.69119500782716
-8.520154063034372 -8.97226821866051
-9.849612373649192 -3.267887721898102
-7.426010321195555 2.5428097262226466
8.45952143188936 -1.4519195391712625
-6.341509572133505 -8.304668683102536
-2.1734550801993873 2.9191956295307406
-2.611030748841947 -2.5410384982775387
4.953848376753417 -1.1588573326681662
7.718743536915259 -9.383892947255582
-9.237163739243279 2.888171764725607
-4.955496614042792 0.9693441949968964
5.06237247103998 -9.085906520481172
-1.0788594857798195 9.635453893716509
6.586213337436714 3.3761771117101844
3.871930300089323 0.2863052122580996
-6.300055149656454 0.4986460659819656
1.3122735365945566 -7.192150055942652
0.9454049960697493 -5.903056403988933
-2.280097461552508 -4.857914599074955
4.7010272046112185 8.492197736520637
1.2137981464187 7.933739684382516
7.960061543873685 -5.161713486556629
8.246912490979042 1.25493244270743
7.5872192331110995 -8.194416984656028
8.658780967499315 5.3782056162591445
-0.5089185637132552 6.871589575784537
9.890007103715782 0.006600767157667775
2.2269506981877836 9.397108624323664
-8.054863035061198 9.25767872427101
-7.138426412165986 -4.515518229346069
-9.688104142447191 -7.246439977786561
8.396429654729413 3.9628091509564918
-7.538283118776439 -8.50876645076074
3.2828389624653447 3.0656987339376194
-7.962118091448371 -1.4023791050610548
-6.7508912537669685 8.878939464534305
-3.225347524831255 8.918186520537677
0.8182037687782895 0.20929742796904094
-1.462463288295524 6.893429461732268
500
-5.351446645839193 3.926538680944141
-2.495924604710382 -9.00989836515792
-2.95448257587565 3.369027241894983
7.842033935252029 -9.577728414275857
8.195370307141225 9.732963467129107
2.1257171896951768 1.2403916669312665
-0.09580355773563198 7.5799994222142
1.3800724200698724 -0.9707954185977563
-0.5009751956670723 -9.990280325058551
6.581391635227778 4.863741318546257
2.629830248503149 -1.8682097201723469
3.097477715238446 7.650472003453302
0.4995973609634614 -1.9069427291970502
7.924208430734524 -8.249730438643947
-8.29106582972847 8.43915371124713
-5.917464817955247 -2.5175777392829657
5.825333367350554 -2.7813812030602136
7.884621471041822 -2.120773780646285
-6.88343419239178 3.737523760233305
-1.6347879175971674 6.019705970762303
0.9280200810646306 -0.526805335028877
3.3238810128954555 -2.1558892982307
7.39267247538724 2.267513528559178
-6.926139618152238 7.720959757586574
-4.880805894440079 4.89385486373652
9.898795835502263 -5.885981784769543
-7.875293700015735 5.728986801905361
1.2980139229096732 -7.866647440059886
7.163153351597199 9.945324576109812
-4.909872199197107 -1.2802374580428104
0.5444441292710351 -9.698289394041348
0.7506567502055113 1.904325020891573
3.2298645335894633 4.949533983636936
-3.81323660272054 -8.692036991517638
-0.4774109254184289 -5.7602804056085155
1.6952376454991498 -4.1742494583755025
-1.6781506856183697 -0.8084234444644416
7.2409924461642134 -2.38534207856659
3.0116336757851414 -3.628855218938451
0.6057317490666065 -4.055437317661603
0.19401401710984878 -8.388090589344795
-5.437962433572745 5.63314481577738
8.126705590606132 9.229910655135953
-8.814521770547712 -4.324556102100963
4.3309892202585765 6.134201086974379
2.707763725461101 -8.271269428381967
3.557105381261856 5.485430072787592
-2.480190565812741 -3.436632987696246
4.778228972546891 -1.6407542134830493
1.283262541540683 1.0356808478250912
3.2605161418062707 1.062224701799387
7.517568297122253 6.211236853324909
-6.495659176745463 6.4674054853133285
-4.712776894833183 2.097916019832706
8.622240567676457 -2.4836478941197164
-5.553622155778413 1.8931823866831756
6.691865708279437 -7.680052439690403
-4.1140453131115144 2.095897537360237
1.240482750257021 2.9259212786682056
7.489090605137722 -7.059664823701799
-2.172540516350818 7.702102732218691
-3.2025897596580277 -0.9156485059886315
4.020781701419587 -5.221909790069987
-4.8127830165099095 -3.5328837159386044
-0.566365502626784 -4.073279835763531
-5.372200081994172 8.922663283715739
-3.701228411431819 -6.586339617176479
-2.0516825610037497 2.4877225840943993
-3.555081442524184 -2.0039369296694236
-8.30263153781529 -4.387744658743751
9.364670081459415 -7.695868201153138
2.7901810552405912 5.736691703198515
0.19655721206480337 9.052423383713762
-2.927595520909369 9.790683379692908
8.660495208227655 9.216524653064575
4.18683254233099 8.218568892109651
5.701726098068944 -2.2636667667133947
7.923663584306556 -1.1316711974349332
7.909875254428528 -7.897600695248079
-7.724673489379487 -8.182313195600415
-8.689940458754556 -5.883055096067229
1.6763654564752457 -9.056458191492961
3.6459885546956947 4.265722131147712
-3.4941580641101506 3.046396803678837
4.003479002852563 0.7251001331152231
8.503490242200638 -4.433081063502529
-9.845279518014392 -5.884414513794807
5.348404802791704 7.006378006964894
2.0085707284290812 -3.0295977941067527
-0.33650800716994667 4.464037237856536
0.6269829729289214 5.719090464277503
4.554949072541646 7.575858498601825
7.312386373241104 0.16898453990845042
0.9585820766233155 9.029017405277152
-4.031436214733701 -9.762781231181993
-2.6349863193511336 7.738200273492044
5.6858555099446555 3.036370126026817
-9.178220878005847 -7.119308596024256
-0.7006675359424914 5.289826583304
8.854859521128045 3.028734176590122
3.342558552247052 8.251168547430773
-6.289235338670762 2.3611695380632973
4.594164491017915 9.372591349467399
2.152243941935419 -6.643206793107456
-8.774184952469248 -3.938278923054545
-6.548735760131931 5.480195278175099
-0.21389321312749843 -2.5543714841781595
-8.217402890176142 -9.966191799495993
-0.23291028199307284 -6.899710020945293
-5.655711060366942 1.3559270660704126
-1.1179151842042483 -7.575592615898943
-3.2464178455330828 -3.977522420278401
-7.99713836278356 3.6937912435087554
-4.4777263450405 -5.854159109310686
1.8056163265503606 1.6679901272125015
9.183083391229733 -4.19874810684896
-4.67578856446605 1.5955289761828961
-7.52696033196708 7.8033165399677955
8.58717517570151 1.8069222277361838
8.805148728671725 4.999721813058198
-7.412353303312722 -0.017302069606198955
6.767693294642363 8.364793265130611
5.398696989290546 9.795310060450756
9.643811531326232 -4.400117743445405
-3.1314442452737845 -7.918722953000401
-3.633943633041456 -0.938126160212347
-7.697602986244638 -8.872161250098658
5.509473557722922 -6.875980388302779
0.7519789184628571 -7.24075543008399
6.81924518179056 5.486736741931251
8.210986902593692 -9.267834292501242
3.0179209137501175 5.175732265097004
-7.002307666741716 -7.745946680244304
-4.873481686860586 -1.4371403386199955
-2.230643279988098 3.553633671945395
-3.2531989909547088 3.407821422179376
7.37656966110616 6.084170971182033
1.5828072020484285 -8.041330299738036
3.2707397329054526 -4.193578988735627
-5.986223624404953 -2.041784352137004
9.647173292486066 0.05895870438007478
-4.516877905351528 9.588023771776061
8.766555076554027 8.456433651539964
-5.3903025119291055 -1.7841669208364692
0.12879917547541808 8.249108858833829
-1.1665093597561444 -7.454847596834346
-5.3255581921225055 1.7596699886898897
4.134562484294564 5.856069378932498
-8.507575970837909 4.214143630901203
3.193822374043485 6.2291180827598716
1.426536877275348 7.86517531028862
1.183217530667875 -1.5169232802813166
0.9947816549790645 2.5438838202890928
6.663036107282689 -6.203152038345181
9.533969271040071 -9.133141868279509
-7.228831610646207 2.33113142791375
-0.8837388487558417 -4.730016572294986
-5.097477133350042 -8.405687406487212
7.163872240518966 -1.012195910652384
2.5161537380767367 -8.896792405285261
-7.796423372105847 -9.76998276289108
-8.30199849858085 -1.0201790633860703
1.3184209626148444 -3.134443770893487
0.037296914485409616 5.1334493698603385
-0.3994951744682105 -2.5859177543816436
-1.5401360493592993 -1.7077160951277186
-1.7072852015029554 5.54051277419703
-3.240049238531004 3.658603345440625
3.050714115523963 6.064546577183105
0.665300337381785 4.360844214696211
1.9742373247693905 3.1171398388551026
-6.1539923251555635 6.036133458588601
5.5052829154164336 1.210354284632249
-9.639008212030255 -9.406066699828322
7.460684353256433 6.097835452867454
-8.667372103736284 1.3603012441029527
-6.113974413866758 -2.8175738397100814
7.394726257164255 8.564595438867268
-8.55874154071303 -2.6219350463705737
-3.5905919307203167 2.139042545814405
-1.8883458450101003 -9.68233235039847
8.813754042923602 3.249117111104905
7.414769607270287 -6.118487057519248
-2.7148832820496445 -9.69185287493793
4.9440179673018765 -8.000197350914771
6.028815558621957 2.4961254522846072
4.41180801457903 -0.6278094385831867
-3.675338948022291 -7.785546898030907
1.5773335421203925 -1.9246855038740502
1.0510069016915935 8.539229338922496
-5.138044551522172 -5.902083753698044
-0.34215517908702253 7.692001920914201
9.769121379147233 -5.40606717006209
9.753727144124383 -9.578200382912065
5.180511648238683 -9.192136643367812
-1.498659560760478 8.511620028576633
3.1464054667428965 6.296362288741136
-7.885064435007195 -8.253215722667896
-9.591387172408933 6.353245872411893
-6.34558909258895 1.158314688184749
4.997832241391539 -7.301625307556467
9.524776351624038 -3.126510256299593
2.8854392862288982 -4.632205283217219
5.543667431760763 6.571030059880975
-8.011895758731313 8.614215186796965
8.712789631667256 -7.098539867301962
-9.400464586969308 1.947052966811329
5.683785743122083 -4.023872041707268
9.328166945605354 -7.2287196288607625
0.5745039211967669 -6.478019851986403
0.8801352092637433 -8.674911122038637
-7.981534789206279 9.681418866931658
-6.494573188359459 -8.474940577387875
-4.245012640986738 -0.667862815779074
-6.4068150760266285 0.9812715401331911
-1.630502369446937 -0.28356609088803353
7.853156059863753 -5.85228286857528
0.6247718272225988 -0.9491085423146934
8.036440496186536 0.8136679284832589
-9.645131700862471 -7.449762431279279
2.344106921292198 -8.929237807361694
-6.139897423632323 -0.44346045815414215
1.077765341512114 -9.994019934906353
-9.562778007713282 0.36263990886906683
-5.680748989279662 -1.208026165335701
4.747241910466688 6.118594637331039
-5.746937050702683 -7.498423155100515
-2.563041530650805 -0.15079094977750884
8.216249913896661 -1.2454673228234743
0.48361520662312074 -0.18340525503677796
-5.777821186765144 5.680517322487649
-1.7523048202868257 -1.2582228852070045
-9.28784459147752 -3.9288422047976246
-8.68011527619913 -9.892240016097764
-4.9522064479650085 -0.7898852024774694
-0.35456099450561673 0.033928369663255964
-3.6219452011187725 -3.3992051010729307
1.653087294247566 -0.01989812385816947
-9.390705755323713 9.453142048615021
-3.496821215920491 5.73195026984469
-0.9640843912816681 -7.2465454672804075
1.144185974959516 -0.2648164196365208
1.4405834554154318 -0.6369247341519078
6.966484448366124 -5.822893300437915
4.529918634640293 -3.344623699011322
-5.435492145758431 2.7437154653131834
9.042256662456289 -3.094676939939367
-0.5062593814923524 4.431181691479891
-1.7105938656486366 -7.600957886102908
-4.185111129148642 8.07932782909253
0.2387179076051833 -0.4469448431921599
-6.183341923043237 8.105603774560727
5.951214704241174 5.073873789953074
-3.8346778529301373 -0.12488405308008588
-0.5364677801659887 -8.166029118553762
-6.229582152630988 7.600748577808382
7.8988345547525896 2.9923778391967026
-3.623145931594223 2.5819455511174105
-5.241811848684089 -2.1554756909441597
-8.034942237527115 4.3134354938108075
7.92968319513249 4.941991397444161
1.1836935441364442 -8.562427799060258
7.865183585466603 -0.8113456872080285
7.413568246077702 -1.7997933699704092
-0.32190592045032673 5.03015655397121
4.433457033930431 5.057478625256408
6.305714472085732 0.3838192121498061
6.934220312933313 -8.027719222928623
-5.682899200072466 9.488336293189384
1.8267217349056075 -8.28879764737119
2.3982971623434413 5.926482850058774
-5.2528068134925014 5.326634238257931
-8.63381997766659 -0.43569309633690523
8.36750434168366 1.2512965059404717
4.087053192491059 -4.00700068290976
9.87866645799565 -7.393323782091274
-8.546903672390842 4.036986233560169
3.8564537302247572 -9.19938180786806
3.67703908520814 2.309564024573575
-0.00662935858527014 4.132955581549869
3.8041713524245147 -7.830602929228032
-5.070245483047254 4.780645627496034
-2.0978963117128586 -7.1511543690275055
0.03839421994247516 4.011503447848238
3.3947651826506977 -3.1197717628821175
-0.16736403294366475 -5.429244632907519
-9.492598353074468 7.856278730808583
2.9284061080286747 -2.483237662507298
9.699960793365438 2.5923631388167045
-8.362375991638347 2.0725120219743847
-9.268754032349825 -3.008259713508103
1.103997415055618 2.9714329378092845
-0.13301524938424691 5.384970199389462
-6.022717764760948 -0.1218538395382911
6.712136208090776 2.2718589666599023
6.420491271807322 8.070320681092873
-8.475616035050775 9.786423539626966
-0.3993492468609521 4.065558701547843
6.169654681223985 2.9889731510505264
2.9930655978158676 2.235646104845417
7.9422722437218525 -3.3724903579813015
7.90957242815146 1.2168811801831136
-3.8449746113063155 -6.683545324611053
4.803214984391463 -7.082371792063904
-1.8467503877254323 -2.7051881219026015
0.30135114765622006 -0.7295754807283235
2.0072077319881565 1.3184164683092643
-2.7811322476518257 -6.46407555330295
-8.139487598127097 -3.910938730842954
3.273003588475971 -3.0160333450668446
3.165151544617885 -7.101591928231432
-7.8217196834057106 7.19324400639691
-8.494271013556345 5.4443288116958755
2.2539045810007785 3.59973421562556
-5.105080026806088 9.910702506708585
1.1365793981727528 2.3580891298702333
9.134815699819065 6.05606364336267
7.426225837250836 -7.740467993032453
-1.5448316298143112 -3.4770290450652563
-1.2774109978622121 -8.500646897380202
-2.558203771741823 -6.2856417042754575
-4.874363181503647 -5.714974709002978
2.5692932539718996 -2.0605178916616795
2.977585885333278 -3.490449703056459
4.8306660375455905 -0.3479465910041988
-7.277394519748319 -6.661992958523957
-1.4421835350068726 -2.049470818304691
8.197087734019412 -7.991340459893641
-6.055640502730042 -2.017465371236888
4.661952838669993 7.544536197190407
-7.724722741853125 0.6307549455489241
4.6628683637166475 4.7870365814872695
-4.0933375179944615 0.6959600767455765
-7.259157385149948 -8.905143936728875
-9.56856020540867 3.103847182629355
-1.2655350914103494 8.174740430036383
-5.766726833596955 8.134702155698442
-8.796295284080562 8.94788689842781
2.213920418607806 5.2715612827074505
-7.351468509921418 -9.029409380350979
8.547046807301829 9.82955932933789
3.923176508818102 2.6645679920081413
-5.189831154737292 1.105975239881536
3.7443991449475575 -9.068263718601393
-2.3744543770880533 7.861558325376674
-5.1149185101431165 1.871576352473003
-9.245341628745742 -2.9992436753882323
0.13764782884938143 -0.7509358867278966
-8.507079461668681 2.8720924158561445
8.120352711271742 -8.373900225073992
-5.505593518435239 1.7219986724692404
0.9860810242313622 2.3292741649823174
-1.2661693111119359 9.316639096278013
3.956609384373767 -3.8949470041507332
4.368381541721956 -1.6959113387462246
-5.786612606424986 -0.8840752454082299
-6.382368767165172 -4.192261459914244
7.683801469541475 -2.6915768841597547
6.405752437520466 6.11278780447655
7.336419706344483 0.009898543800442638
-9.832720062097327 -6.499720677642471
-1.7919079239353781 0.3022884348970898
-5.540066561330987 8.375680715346366
4.430288551028456 7.683632216870933
6.7450196138788705 -6.9745886569664295
8.812244753830814 2.7553249223825365
7.865734011059665 -8.524934250653697
-8.774664924031896 -7.944951116001818
4.417859843534739 -9.241131240893854
2.163177828944427 -3.4507108808572013
3.9413529833053893 8.22719235894639
0.1263960328537408 4.920888434652895
7.229780783601182 -6.464772956774107
-4.400600030210895 1.1677234558807577
-2.244291881947982 8.488911947219314
-8.93991086093584 5.269849336219776
9.06858000605137 -7.972816437283747
-3.788804714609613 -0.46712604520846845
-0.2316956977761091 -2.403055474537979
-4.770338037648514 8.70343803793044
-6.8144713966820785 -5.7357612511163065
-9.99645587692926 4.942461477566432
-0.2875288322267 -4.313320894676547
-9.47770888188977 -5.48947436281209
5.360669012164367 8.3609858170127
5.428469011981186 5.410355688969199
3.946100879496562 -1.9579725538973598
6.018938259409847 8.342476283301473
-8.291153626645029 5.713105834263066
5.983514285895486 -6.931053694487767
7.894326852326344 6.191684538728811
4.638394777749985 -0.10805267088755954
6.585005437107558 -4.197062509611731
6.6037538680376215 0.01197844834011974
-0.18821105113307723 9.278154996247665
9.580145049597132 -3.322924631096953
-1.28590477490361 3.0498633754336844
0.517509369373375 -1.8305258555049964
0.8891000148093102 -6.0305840792329235
-5.3881182196050155 8.236905901408548
-4.101588663807966 8.524653172389339
-5.2841040921857285 -1.211265033511042
-0.2963137024215623 -8.7705716718672
-2.0365496518871007 -2.9911972687639317
-9.33060645576305 7.2017089590375996
3.2428165445315837 -7.573746575070541
0.8672145528649331 -5.818123253119425
3.5562549827423595 6.584417865870265
2.925724295126205 2.320195965827116
3.6563993323982764 0.21259472223667686
-5.174748435901108 -3.3368577176166987
-4.012744577096097 -6.646071719777984
1.01984610701464 -6.113808246681465
3.9759948453967837 -3.168783081392686
-2.099123487886885 -8.874673296459974
-9.73056413893197 5.654553665502428
-7.378297409661229 7.9745192487709105
-8.39054604060266 -7.928591113037853
-4.319989428479129 -6.4838275803621
5.896241414816355 -8.734381394277143
8.187838281308586 -4.754681725673073
6.992333340054731 -7.1679259427274955
-5.985884289038759 -2.8378196999713605
-9.836782717897211 1.6890507564394035
5.567252335535722 -8.33488372494996
-5.6653045875181585 8.79355476134624
-4.339763607867109 4.25583201367181
-2.8356661099443254 -2.6453556522217836
-1.1884975174524843 3.3988879074405602
2.7869484462978527 4.129555958177981
-7.12194131687049 5.087934234653876
-7.027322710524764 -6.07437593907028
-8.335371851643929 -2.0315010364447676
-5.246374599040154 -1.8408922417763947
-8.657865874822528 7.206555478714421
5.26084756835494 -9.91843794917096
-4.336807378417817 0.941830404152185
-7.360656562061417 3.5239801909242274
7.424416132727689 3.644875085219038
-1.0062296819008694 -4.818413349835746
-4.168283696888022 2.978415988032964
2.699783141609714 9.132912194512919
-2.6404765564041277 -9.451236705166453
0.21043738429219516 -4.873333473310137
-8.56362524817641 -2.994821994914041
-7.058568812050076 1.4311191170766904
3.89934998716884 -6.966443637594586
-6.408541332819131 -9.744862878436846
-5.145579135286789 -1.1235094612193137
0.17421727291255706 -4.795184527124741
-9.171604906072165 -0.4029022451911608
-0.8699551944486217 3.4416669356752667
-7.0723873435820845 8.590554375535373
-0.2276930709196563 7.75816653995966
-8.073056816767831 -3.0187807346457474
-4.01617362957974 2.611879225847167
-1.8470674666614357 1.1598206199332175
3.218321277734562 0.12957161002864304
1.4460358108207565 2.4871120578407577
9.806978142584043 7.2199719282405574
8.588139719394011 3.1245238925944108
3.150746567989348 -3.8040637348762534
2.236596496438729 0.7953749449115577
7.105582157537228 0.24925393422589082
-9.866877479983454 7.66698219705107
9.865923612037758 0.2833171975179418
-2.532098946437646 9.610747596629736
-5.427877635252678 -9.332680858136547
-9.535453476365694 3.8537280295295524
0.7514935552051298 4.198152103461064
0.7643833970590848 -3.691372900665595
1.843843306194925 -1.137382874373996
3.5333536518924173 6.415367144283856
-8.233859614964716 4.403079082480366
7.094683391263391 -1.2000131696380159
0.8510632322973954 -3.197887280436462
-1.299636548263317 2.4852556079385746
8.984675890282038 2.893650163276737
-0.009649293166809514 -9.103316220055738
-3.2650258441068463 -4.962708380497078
2.5297713307537393 -4.405554594848143
3.881193268241706 6.736423764137825
-9.924106635211604 8.814144782023138
9.61275277246407 2.395775437456148
9.185119568767522 9.136157813848321
-7.8450907014072 -4.668454406392448
-5.746335143441403 -7.301722490844638
6.5568958655652345 0.14502006844386806
4.365063850895252 -4.16299160369431
1.7720661431988542 3.5753170990219587
9.29049961783754 -9.522777841644238
-1.1957302419875155 -8.647732034453178
-1.402946887932508 -8.057654187237574
8.600856213374122 5.938112242190012
3.7097328343826383 -1.9895534989417651
4.2049700696979535 -2.6068288066174023
6.006014006032487 3.7548417149768003
2.560485830537111 -2.79761641611673
6.368073947975034 -0.09757933300175026
-2.4293477946324344 -2.175725056471432
500
-9.602442386753223 -5.874532334021081
-5.459339918054706 8.848053509287936
-2.13506380734092 -8.55112427504351
-3.3232900723872945 9.831860551742043
2.8218674451245747 2.2891157030473135
7.794400821796998 6.880307683996676
4.177036278848977 -9.777363150496758
-2.1134818701961784 3.211244764768759
-8.765920000404039 -8.17912686849613
9.144805108631488 -4.903765192885052
-6.17446537308413 -0.706403771206725
6.393201821453424 -7.266994905580981
-5.678328705036684 -4.313070374632508
4.85737701593008 0.13357895195121472
3.6529904519865948 0.3606168601766875
-1.3163280816227818 -1.714453255047383
-4.481539147314799 -7.761142428067497
4.903137442422651 -3.7771507806050897
-0.019929026096555447 2.093351777766932
-5.564606694527255 0.5789416369638474
-9.901392741578592 -3.18291206865025
-2.2668142737836945 3.002018305165917
8.783942408635145 -4.14965530059794
-9.788305093169749 -1.0189968975934782
2.230206270404283 -1.9176530039844497
7.022298762646223 -6.848193872129027
7.941993577198488 6.795167926663147
-9.768934372133922 3.11438392824153
5.329594249980929 -2.03210015629137
3.906731663765653 -8.195368166248418
3.1181705013312673 7.347702900902149
9.729342103714188 -0.7236420833734662
-6.814489024798349 0.10565259686648609
-3.7426762384203656 -7.710863173497371
6.867802104933894 8.37209632288753
3.6479955402602275 -1.0850420106191123
3.713418538560827 -7.654047322819766
5.1820402380475485 0.22414607333407055
-8.812221795765002 0.051868616295365655
-6.461717998760181 -2.226040939196645
9.577893998416116 -3.3914565303660478
-0.8459280110046645 4.27968115106647
-2.36963447403852 -0.4764092285011916
-0.687285323230352 -4.503682153571744
-3.696893820909888 -5.374711881568124
2.372083816510507 9.624112175954942
-4.9326594634475125 -2.89403411083266
-0.783494043398365 6.25817804986648
-4.52832091924229 -5.415774761135372
-8.825165863463145 -9.718280105397792
-8.93658201973535 5.874387610019305
-1.4153472007746775 0.1740161713789874
3.1078624998421525 -5.449643756262528
8.929446962146233 -4.515957359510971
-9.409452483424634 -0.16238282381258884
7.924623085973394 2.0613848107210764
5.4408370264942185 -2.9272296195583136
6.970574111548803 -8.999658320476517
1.1426825885819092 3.355707088615336
-7.296061634217377 6.230731078937627
-4.484394936361468 4.213336413254016
-6.572107723560004 0.19387973764084165
-2.168983018720228 8.623447244124097
-4.669263104323083 4.919649147095754
5.6532497752611395 -0.7857100360936258
-6.6090991849556 6.924209506537316
-0.37252285168120736 -7.779762245395516
-1.4311187539207317 9.690500471307598
-6.46017675112978 2.3409114238792395
-7.866692260369974 7.87974708597179
7.779922627590526 2.224311090183237
-3.719127578379073 -3.5066192289148983
-9.652958678842399 -9.186016789779984
6.173353706091298 -1.9461418465967242
-8.957289107866323 0.9124034529386336
-4.49583097184923 -2.1060649101120372
-5.703512396631019 -0.018190282273460312
-7.882579501454396 0.6286624202603832
9.952559129258319 3.0885861833013113
9.14312923356038 -2.6955404497837794
-9.741073647130278 4.4970792487237965
-8.258645297533715 -7.704228188170729
9.604466480169691 5.278330081100762
5.017383208196875 -6.288487365935291
-3.115545388416696 -8.220946730102288
1.9457616828271327 0.598704873499166
-6.879796371241225 0.5001906366807933
6.46570179113634 2.2571475340676184
-2.8281909895670188 -9.109022256761158
0.33842752985432156 1.53063335589502
8.638540395685425 -3.1697208276292788
-3.8598070971840563 -3.000349833266876
7.643440592258099 -7.578398103312574
-3.9906575234097463 4.709035275154719
-9.5306339335567 6.521424847103624
3.616037765074422 -2.0521369828048197
-9.723071925901767 4.346485027357074
3.8346107037256534 -3.9267507424384647
0.3744921884636412 -0.0479272537920199
-7.361347010125288 4.04245993790015
0.4643487993280804 8.209418448314572
-8.926838276363181 8.544296940835952
4.661607441484264 -0.5760680368544975
1.3038708322185464 4.8437219695846405
-4.8110480836536045 -5.3918773766769545
2.807817620172253 3.9993785055804025
5.017204404559157 -2.548106239445895
7.322439135236031 0.2441290354725858
-3.825166837086451 8.071574924469111
7.02676508075109 -2.852799792114795
-6.185966474697668 2.9187788261908327
8.807005209853926 9.99537964919357
0.2916172420318688 1.9359881177034026
-5.993408358026442 -8.889471728206804
-8.563763999360267 3.1838953013657694
1.509192021088733 -2.722437653159961
2.5565318397866665 2.8550606075966627
-4.751089818606502 3.3606610078366224
-6.107409028410746 -9.15428118247533
4.235115836958421 5.091396141409923
1.6410125839340957 6.001983787630117
-1.1922592081609622 6.111347261640251
-9.826889626933223 8.940212747774517
-0.8855074353488046 1.2475307848315715
-1.5605378082462966 1.6417200046345553
-3.2728135315725693 0.1284313631928775
7.437434537809285 1.18035963469503
9.811201739510267 -3.989163210773972
-5.621531081165962 -9.29462361449814
-3.1029556789852952 6.886071991238353
-5.6334302880920095 -5.027031462838432
-1.4885202173951804 -2.8647608421879305
8.952937515709678 -2.2842857007659685
-8.595525979627487 6.59627358256072
6.178434782436078 4.397067923507741
-9.993860435918586 -0.2638069006930639
6.363305084365916 -2.143398347273486
-7.248721933120448 -1.5480266896200945
-3.5141739232746723 -2.9545104124658224
-9.750940865851936 1.9626190560501442
7.891802209114399 -9.608953144923678
-3.0047405988541698 6.616006973457459
-5.480212245803053 6.226853153023587
7.6554102462115345 4.34001606144011
5.848008169544247 6.917790091653565
-0.4334073828845675 0.5206557659264668
-5.942855197864658 -8.025540638316233
1.2632305184368438 -6.209796838841513
8.149097385267371 9.755937135642306
-6.495462611097331 -8.080781108046986
-9.968807542848468 -7.638477263206916
7.71941136645389 1.504713891671006
0.6245606738072578 4.499400589101807
6.36670601181169 0.13648032452999992
8.643641675095857 -9.364274104637712
5.416793223895029 -1.5220062563271384
-7.459210243361529 -5.125247788466096
-7.608583466089187 6.180551292589271
0.9315272575039195 1.68617648891429
6.040988303333819 0.40549433317944583
-9.122821794787203 -8.02996428098145
-4.730307227631625 -5.149406059858547
1.8869993689200726 -9.583828806161614
-3.2863065060503445 0.585477420866507
8.749078107731837 -7.4302837568003754
8.554445530281026 9.093987972696564
-7.380005886751595 -0.8440991539107419
-3.7741554398840176 6.1825539567532815
-7.127542816361481 9.650408617562995
4.158050614926637 -9.501775504833445
8.180494159628363 4.959693750599429
8.034802113377562 6.111855532114188
1.8325051444688594 -4.989528033664829
8.461484842347154 5.388339163727199
-4.333128167062885 -1.0286127884014835
-7.398276809181514 -7.85700606983835
8.429923236254446 9.37435929928537
-3.229326249399664 -4.233116250995179
3.774645913268845 -6.194406532119599
-2.877960539914093 -3.282972705647156
-3.209704845807506 6.622613850816791
2.8169244626755248 7.1553287968267085
6.747998505382988 -3.1630326159547684
-4.352411531738021 3.3137029814870402
-6.027762653437437 1.7697969044492456
4.238446873954757 -5.4495175269243745
2.9590164628869715 -4.218124089522737
-1.4368156354048818 -2.6473303965202426
-0.7894714944890264 -4.10115624916285
-7.584337638458145 5.999948973970389
-0.615637028399389 -4.9558069891618795
4.200165229778765 -1.258610406853137
2.8530441929435906 -5.300614455030037
-6.344371047296622 -1.2224653797220562
9.182537509278468 -3.9715310128066816
9.532792746947301 -8.6549537197649
7.216708986916146 1.6495216194188362
-5.65477194651951 5.576010833741238
-4.497412150487595 9.472068838818846
-0.15885674667276817 -6.9752206472749645
1.117659751917909 8.062090012635522
9.665077279869593 -0.49909482495148083
3.9735789187156314 -0.9246015488674324
-5.134022746714368 7.2373259962257706
7.028614892716895 -6.648320382799593
-1.2632684276271569 -4.8612262961886366
-5.268285987595302 -9.534847909096074
-2.241638211831514 7.188338188242373
6.3630335489039105 7.171382804499167
4.010548910266589 0.2775258504244693
-8.411602085284716 -6.249395125694139
5.454829760540747 -8.547983190152257
1.8270245071355333 2.363680276040478
-0.18274534159280975 -9.794253822704004
-2.260445331556067 -6.9020821313253355
6.114147785657934 -3.3169527748070804
-0.6855517080247857 0.15553193081377614
1.742140282715292 -6.2047290096032
7.034641696625339 -2.3248053292537456
3.2991057461222546 -5.077507700128523
-5.700358591437373 8.301083687840386
-3.1051839461624198 -5.746068954890873
-6.863229359096006 9.573301771625076
-5.640731180348286 0.775989133961092
5.173076854848887 -9.30073186400557
-4.391808321788817 -9.474255627363796
-4.866862767094327 5.1959600194393865
-4.8138261393892945 -0.1991025641378581
-5.736537657037289 4.53600997191449
-0.37420657852839767 -4.105667049143058
-8.212925503323223 0.17719526221242532
-8.194880100166948 9.487893589034353
-1.7309923018472837 6.732409442198616
-8.62056759072666 3.647970744429358
9.180454969005801 -5.804757766215081
2.8412270801388786 2.239318462925228
7.163524833841063 6.854704690890934
-7.750105087373111 -2.0932575343081217
-5.685073794658438 9.951849708869027
-6.295847157585102 3.489017098549825
5.45374013338251 -4.211094108555368
-1.0267082651924415 -5.046459207810936
-7.084203376757284 8.39346891978959
-4.610112625918248 -2.345204413351789
-6.817141898838848 9.252544105280023
0.8542030147793493 1.381387468880476
-2.377835771847156 -4.187386076702451
5.669691187942812 -3.224069814894177
0.7035048904660375 7.5136406482815765
0.29130600140824825 -5.924649056668397
3.416884585251614 3.473969842958171
6.828640065496643 -3.3630536845923213
3.4559742690225566 0.8972117655275049
-1.9884610716737114 -2.227641845962891
-0.37243265200253184 -5.949833994391054
7.486434766502619 -3.222642237408744
-5.933988129328864 6.23996774863555
7.545533181273669 -2.2233962352342385
-9.392251603678988 5.124948316299328
8.028138088234325 8.855390384625519
-0.13245566892890182 -1.6192484628976604
-1.830187115863291 2.943704257980933
-4.313310407809774 1.9182931403969583
-2.5354373091883087 2.7192075339699286
-1.3593906636767255 -9.145209756399337
7.120445986917822 -4.45452124781573
8.851955654357347 4.0898379143395385
8.2294030475664 0.857502802394519
-5.393117817639461 4.696962048986787
-6.9690774238835225 -1.8877168550168228
-8.160267776673551 0.9845174101711613
-1.839537826138427 -5.755392713257638
-9.57214302920171 1.260827093948805
-7.006543400552077 -4.337600640795363
-1.7835037891543681 -6.349379771619034
9.929078080625882 -0.2281203061992958
-3.5746082757558 -5.780896736672741
-4.076381814707033 -2.371539580019821
0.14077069845181 -4.042115220327583
-7.102063869661501 7.937446009798585
7.325343794740554 -7.118910370637019
6.2625744035220805 -2.5937961849170215
-9.098530442021985 -0.9935378069249516
-8.873136541275933 -2.3078069782849475
2.996069300006676 -9.927397891447686
-8.790913366314811 7.896765855231397
4.862692316574574 -1.374301627782991
7.872018851139298 -5.473465193923075
2.145363266653126 6.6606076126733065
-2.4032944609880786 -6.866207486496276
-7.885252310102466 6.3947329610948955
-3.847762313397509 -4.5583769811879815
0.0286380833580111 6.3577794117771695
-4.97752331401913 -6.749704392206038
-3.655585170060938 6.746161146277892
-8.801407210418537 -9.107743925560907
0.46259204354201877 -1.8091979994525218
7.918786370989505 -3.818339415707392
0.10231137558974268 9.544692192638394
4.7566362073694926 0.5883959488395103
-0.11808483520963797 7.0859410162213265
-5.629546566960261 5.391029612075357
-2.5713580042898077 -5.513626763614026
0.3373217599575735 -7.056894197996597
-5.547161827088329 -2.909619513595385
5.041711273571611 4.259993822828939
-0.3153011762234357 1.3896693333743428
-5.219180326356849 -5.601337128136317
2.353089024638722 -7.512777642363604
5.585315448127066 4.518899179461684
-1.6481182191352204 3.601196849043655
-0.5428250849753624 8.802759666792838
-5.677374639288384 -8.398740284302624
9.41044613352815 1.3388747804523184
2.879933758875101 3.6313120461489916
6.775782148020273 -4.94861734934708
-6.262972711609773 -0.9653480043270015
0.6858879665314372 4.223975948232173
-8.0944829237159 9.94364044637264
6.727138737922505 -2.17321697545726
6.6753891146110576 6.804987677533241
-0.6754231440889651 -8.057282492979578
0.4813027928483997 -0.6116678791595369
7.536168320982 -2.20479721624322
6.594439992546526 -3.1536881332923823
-6.658925786552525 4.807766894123599
4.785581651828801 5.770533871689327
-1.225368116022402 6.288418770959964
-7.343208354888329 -1.8176068301051167
-3.6697267545839267 4.018188693717924
-0.4089836462558196 4.321928177203514
5.930708856496928 8.713326458437464
9.971922736069654 -7.445152235077526
-3.163968696054744 3.3607283468950815
5.132803631276472 -2.50591347337894
2.3331607759119812 0.6853811045734322
4.064419982469234 -7.011099093971658
-0.9168127206786085 -6.320034775826313
4.655075051871261 6.033028898871343
2.83658883776506 -2.898319011154249
-7.227180211126045 -9.042161635137667
-8.738630655980028 4.975915260436945
-8.016631686688653 -0.2883555738894792
3.024535209443158 5.031059598946907
3.3766112560466492 8.469805298712771
-6.8303534428126795 7.146853890070712
0.03775061781454703 2.9062888717698936
-2.09994371722982 -4.4565049923324445
9.361581527696302 9.46474967264917
4.858343748052601 -3.8130079072119933
-9.54186962056405 -3.8227964279236044
-5.751302854222287 7.126205099782432
-1.8863136263825275 4.422063057163232
7.029546884663738 -7.896455467342154
-1.2147823110657718 1.6063538503085883
-7.918835727117186 -1.4928649535589713
7.340063189196442 -2.456015402159
6.377577753520725 2.2723713751039742
2.73440656228356 1.3684530904349135
-6.416135573744461 3.972268940037205
7.117244111263048 8.038726699152257
4.204155366100622 2.821514614440421
-6.8291929775930775 -2.7565190244495934
-9.064772387091452 -0.7248289190360495
1.0664271011097792 -5.11272220135131
7.546857841830285 1.1573134317719997
8.022780320414103 7.958010619438831
-0.2431994936163573 5.975126198262014
0.41656282822962787 4.570019181727433
1.9301909218712492 2.657131726519342
-3.246097126983914 6.122948285987597
-7.174811458851074 9.852425846984161
1.8670462542129673 -4.010369460515699
-8.147289754281866 -3.3944361839082866
1.9096125383352067 0.39407388940296784
0.8735146900893156 4.731417688925392
1.951319507600255 8.473138634320733
-7.786109896569915 -6.305296552102599
6.682210435064185 2.706654464172832
6.290559823871817 -3.3702912891690184
-2.051509065618566 3.7839815025556955
-8.626028816990978 4.485292528487134
-7.436586151904338 -2.320893688891063
9.53608649092918 5.587729483406985
-2.3411901965318815 -4.339886091664074
7.678803000821059 -9.447937202902168
1.2933616282536882 -2.9770030458579573
-5.553748087229384 -7.0185206541271095
7.983437273946773 -9.763437099160035
2.173708610365905 3.6963365154933943
-5.018516896565089 -6.308590749771792
9.549129181455136 -9.017116758797982
-4.608838808491058 -9.088996612381946
-0.5127908119516427 -2.0202067393252943
8.39398280947545 -3.258059061847529
-1.044921698804222 -7.596117853574549
-5.2666930239904675 9.10865835576919
-2.8310530556257536 9.911981829366905
3.326963076005704 7.7654787279224315
5.163671172519731 -9.744624133622857
4.5053065288442475 3.445196515621049
0.9636717871608287 1.0785972534648032
0.11914781188126256 -3.478794921538542
-5.946265952787679 0.8999607327434074
0.25966493383601374 6.418773982930134
8.273027990779664 6.194469080212588
-2.359201124114964 -2.8408228219962384
0.8406130287082032 -4.371070317508221
-2.1443634073000917 -6.444540312198061
5.555083969952241 2.51037960464714
1.2211665301735142 -9.76107967348759
-8.560315578853668 7.963297388629499
-0.27602027142805063 2.238992218998222
9.156331691160752 8.332716849969884
-9.945045917776405 -1.1842711724120836
-5.8336576210488005 -5.8173492684813795
0.07018786586252546 3.899360928537858
0.06656482321892376 -1.1971698069493097
-0.10579201181899478 7.514078615961882
-1.7687268554584819 8.679821341201812
-8.467715929097253 0.7572568580713668
-6.91692299273307 8.187304235224055
9.69208091247937 5.964225488086171
-6.16275823401682 0.41862313732077716
-9.04406541134178 5.640492294557109
6.650634813803173 -4.255835254823537
2.3806917401364522 -7.068220600555022
1.3316123804740876 -2.900755915750695
5.309754620102936 -3.224956069988531
-3.4301549757531147 -2.890357498754006
2.9812153988435988 -7.787756194893786
-9.168125591114038 2.0022191646770615
4.098753234516311 -0.5479363964377306
4.959279973719621 -4.815413061895592
6.178767728671698 -7.998091900559398
2.0789257264959176 -1.7729131902748279
-8.662947900257915 -1.5812554285187304
9.811332515865807 3.2385591768923128
-3.7807464502329164 -5.385039700617497
-3.8338748948429524 1.690815372942435
4.801848246337393 -6.67780458568714
-0.02646275696840661 -6.288721076557257
4.08925207283546 -6.450249382930384
-3.909432063788387 6.001762034007228
-4.073392818560055 -5.801138982321008
0.30064885481553993 2.4726765845271395
0.0025518441427347938 -9.134584184749988
-5.8066607082988035 -1.6069453764365065
-5.401243198117305 -6.163358032226478
1.8690503529724047 8.958580769552118
7.027613864352791 -8.068845635020956
1.37197378707204 9.633347450404429
-9.549429107600858 -4.113065342141951
-4.448213616255905 4.6175387862011235
0.408481673179546 5.87369642991132
-4.1850409141179545 -2.5639434967370818
1.8722966295727375 -9.02503184194295
1.3576592768420461 6.336430313098244
9.668625372813096 -2.8164373587666747
7.143215679864479 6.89079625024657
-9.783357798639575 7.514256407035269
-8.437954034894755 -2.6147816417172116
-8.233043849737458 7.832255141915642
6.229039107054895 0.24939976581562284
-3.343165139013033 5.944233129251257
-4.114814318138016 8.699361172088395
7.69848830511269 4.308788475281382
-8.118565554795165 -8.780708559581651
9.343505932209169 6.657253227771129
-7.918803217011348 3.2224868289037527
9.35532268194224 -7.196146318781134
-3.397795759720525 4.143485629010982
-1.0139993119141018 -6.891656266195709
4.298569362656243 -7.522838852602359
0.8094571884382304 -8.235828043731843
-1.7754720213914688 8.45797894921521
-5.940710326923715 0.455011739358655
1.070956066462351 3.599928889476274
9.095330998287466 -0.4369152470701394
9.096039589217018 -7.520995259664181
6.789336002072499 -2.826669528930033
-5.404198514938736 9.665393460420098
-0.41708563094949724 -8.873543243488275
-4.2115743408428425 -5.546545989028971
8.920721456652359 -8.330162557023018
6.9684805749650955 7.224416203837976
-3.9684975676533707 -8.871490557443648
6.623759114632584 6.561582426299967
0.26930979580695613 5.076331851725291
-9.302756456600036 3.5952706513134576
-7.800323562895192 -9.569106321491343
-9.748121833961843 -4.860235315783661
5.375163651555432 -8.418399694515472
-7.494098345792491 6.94809682680518
1.0997134084063536 -4.3962247449260765
1.167718690027037 0.1521228174979612
-4.850625702702227 -2.165267697567952
3.145619028887495 3.825556699422334
-1.9495385688211453 -6.02626466055349
-1.636451805613321 1.3078417713167152
500
-7.3456024224727035 -1.3839659544313818
1.6052213293387432 -1.1814922317094538
5.700059607113719 -7.7820793236580705
-4.089081543870858 -9.10416384488036
-4.633896315685422 7.287040918046326
-4.466414371369829 -6.648228751466818
6.037710821811011 0.9076301374465512
4.2688119157091275 -8.280370495403513
-8.67700605778335 -2.474868712956879
-8.344340471704289 8.060263263942645
-2.668005676402972 4.597652366467544
-7.4238516770049845 -6.226375900203771
-0.03749567748056393 8.269875127935752
3.1847656075229036 -3.6111742415159176
5.4472223821892545 -4.942388160647749
4.168659553988427 -3.3285492400144845
-8.413527938962241 2.2190183048789525
-6.307374074792476 -3.7910221957511343
-2.8457023133250425 6.879998310771626
3.255891897051889 1.5955751848025095
-5.07561417715519 1.3775569260851448
3.177882557319071 -7.677109463959684
-2.4582918511720475 -0.9097694226126034
3.5794578670188297 -5.084359094896551
4.713230708144792 -3.478508751561189
5.508252984361015 1.1757075526986522
7.392567356040118 0.8416189969109915
-2.073575067932869 9.189454599864241
4.473110202616988 -5.114913226920668
-6.7054315251918855 -1.339773554704065
0.36626354774546677 -6.595982152098603
7.032068878778453 -9.430437210738384
-1.4897933649523853 -1.679886116383507
-5.987507315688402 6.2274845176646565
0.2112630195199312 -8.154096557245861
3.83324666946519 -6.745914706050922
0.2969381871864698 9.18886638673418
-9.531514726761564 6.807794609378696
4.131802502698939 -7.775226731776527
6.261185246218794 4.699627181367179
-7.645345109124822 4.418573759297853
8.551493257829904 8.092468543903554
3.1240572130023043 -5.7835331452642595
-7.147286848370573 6.425241980921111
0.4227614669257296 6.947103701486295
-1.3195645051927425 0.06230703896628498
4.8053790657616435 3.24442613790913
-1.6085072482309464 -9.501363016384559
6.556588118505626 -2.234469265740815
5.671713411649131 -9.449523711013155
-3.163134227091766 -5.33148834848731
-1.0938668978053805 3.8388935830870903
-7.294912120004263 -7.804630401328733
-8.905444913588866 5.367858174980158
5.460953665387986 2.548301607597372
1.152163157149893 -6.3027203911692276
8.106792222800678 -9.122522924188543
-1.2734634667289075 6.411651487312465
-6.097207621438421 -2.4065226874866896
7.606191830712511 4.075625844995077
4.138422828390166 4.073456193227194
3.56361172453971 4.496627648243415
-2.873746334025606 -8.279750933744
3.087085261316304 9.544793292492152
6.367987866877776 0.6007277415136514
1.090186179274239 0.6275825645187396
-8.626661749963995 1.1830237192078954
-1.827012664199973 8.356007337839578
9.854808784759054 0.3811701100305438
5.060376968305301 1.4133394084567286
-0.8387744716625622 5.603919312442628
4.589745932269324 -9.881321630993467
4.483332649322707 -7.553109953870707
-4.632169085265767 7.0575948309773615
-6.321752596797728 4.363280788768902
-5.8882274671517205 -6.03324875168992
-5.384220342601771 -9.646075706862245
1.9847782903340025 1.4668753639049665
8.05220203912532 -4.399154421651232
0.4595567835833503 0.5430975830010176
4.972566254976629 -0.3897319386228286
-4.079348114715882 3.826087602186428
-2.444756067952083 6.4562367499822315
8.420656475395475 -3.5492038136028796
5.186042701780718 1.2888669374034087
-8.386523037720151 -5.862670019531744
-9.387754309261219 2.995492602694341
7.142137116419459 -1.1221380520945807
4.47956128263643 -1.045352499358149
-6.3098832910005465 -0.38652391806162356
-5.249796375225946 -1.7543417677910647
1.6755350205084447 -9.441358491495786
2.502825512484142 -7.036502742170643
-1.8832125114663096 3.2677989373137795
8.11443412201762 -5.099589201363588
2.9366960023588167 -2.1837931103180352
1.4411679632829077 -5.4438033864376685
1.9987166899248727 7.3678469155184665
5.914352342049856 -9.03230450080482
9.206960530147235 -6.0539575400702645
1.2937505845473538 2.09048150283763
8.533492360009898 -8.265264237147278
4.779533837435483 -1.1838298258501432
7.52819651153299 -1.443088815272871
-7.138548397488584 4.436129012617098
-0.8229731210676068 -7.450286937179231
-7.810322013414166 4.012686006587085
5.603013155107773 -8.53071755260352
-7.088615313042266 0.16531385619865802
7.68459555639917 -1.9028502304288502
-0.6379465604362125 2.8073056263107787
-2.249680923455304 -9.633703144794637
-5.057635735500307 -9.888094932058213
-5.37812250870344 2.585986593967558
-3.64930165187471 1.713768276182936
1.745432460576101 6.532865101971254
-1.6290220098610337 -5.270594420392261
6.561069222344642 1.8858289052480792
5.3902558643014835 -1.6711278702464565
0.3324212103647266 -7.130494246419639
-2.4880310212685846 0.41303421754324177
5.485305195453851 5.400179814184208
-0.26494244617468077 -7.359975887839402
-4.863876719950655 -3.31453641271485
9.861917515403327 -8.299001061453083
-1.0541775378396139 3.7924954446769377
-7.947610631462895 0.24083153002284519
3.0300981692616187 -1.615356470314639
-5.014589005649388 -6.510662622819896
2.821091459476005 3.2183309903667574
1.8067550131704042 6.872059099812713
-9.486260805545655 -7.36264140922946
-3.161340905210497 3.2497519515378492
2.884537463767792 -7.77072150953278
3.1119567743318974 8.750835342697023
-1.6176135827019493 -1.0242375239283135
-4.197189910086965 -9.039061414261093
-2.8719214521756715 2.7893418189437718
-0.2509405592528058 3.545412120428665
4.661296232427556 -0.8931311065571563
3.3495358452297452 -4.215139057100464
-7.463590640971218 -4.68467787206575
4.625563103201323 6.861627266770483
-1.423883937258685 -9.015063469321342
-8.01707168081403 -0.9106388188657384
5.823967896660335 6.725568684267973
-1.9498664575332967 8.71186783468157
3.3200276029563156 -6.536749060716649
-1.4133807089199628 -4.832127199394929
7.6179313387115215 -2.5849702676433806
-7.954272662930714 3.2902421763113647
9.393605061034517 -6.074739728655212
-5.263886368235737 -2.6491241289698575
5.267678097382483 -1.7942876993041104
-6.988538937213691 -7.3771506166276275
7.751878770506021 -5.885907802554151
-2.6190962287291564 2.9762179693521507
8.81762625311644 -2.282016520474781
7.186130648776455 9.34479215765202
-3.6508302913286705 -7.124747643447473
-1.9237743176884337 3.99784143937522
-8.435942665397235 -4.92941780748227
1.0526988843622966 5.015870241380751
-2.1275716150413064 -3.1585012633108756
8.562203361077032 -1.7744966340784636
9.477976778868548 1.8884668132542224
-3.0574050209283232 6.288594784657384
8.503471854958654 6.970292091575178
0.1760388809840503 6.034356130017937
3.398374355543508 5.583662123789701
-2.283609047643176 3.382972111157992
7.157021660462732 8.973667800521522
0.9075926451978944 9.05403104890205
-7.149629266118886 1.3009708495509074
7.446501221185553 3.6306221476586487
0.8260817570426013 5.312800468464612
-5.184086840781889 6.7734194492713655
-4.274794557503556 7.436155702357471
1.2259755461658717 -3.8375470852639566
6.677168858422192 0.0389498142174709
2.1338988643680956 6.245468973307137
-4.807217012165084 -3.0545449089892056
5.11144109647984 -6.629067940402466
1.3105694974952407 2.281745238320438
2.9264161222598872 -0.5407319979897238
-1.9680922655437172 -7.367467284862757
7.610105102232268 -4.670373676722646
0.9478640063586994 5.283678191081226
-2.8366005907699066 3.42437869616794
2.0356916411184507 -8.848431796934458
1.2222503274284087 0.9974788280031088
7.4853955775528895 5.287878562077285
-5.11898775930324 2.903570085773044
4.959962513288602 -4.209494053632412
-4.771311179444706 -2.6902871505470998
3.944549179765078 5.072607842905125
-5.983515082241684 3.6303451836890197
-7.10377417124114 3.1337329130105385
7.770581689960899 5.583687129158248
8.337169641357384 -6.446769005022079
-7.374539368157597 8.58654133146883
-1.6466773318277497 -5.1450827113772775
7.610989200319441 1.285272745464944
3.292905023215715 4.15836450756939
7.327257542213083 -5.80849919503639
-7.405970997493316 -8.18680977123108
9.30771899108067 2.7535164379738433
7.234801022615592 -8.473887479906274
-2.9546709544578587 3.732218792913269
5.554106896881606 -5.082024937612091
-6.306366910540402 1.0623034934501518
3.1247764384299437 6.6697096244839145
-8.829609244562356 5.48748772301224
-4.153229219623407 -2.446303819914963
1.0369564552200359 -4.486775602137527
-5.1319686141801135 -5.594069840748959
-8.360942319348103 8.686964306331905
4.94520355360163 -6.83107747311078
-3.022937077746941 -7.336751277273576
4.487509638077537 -7.3125612187491935
5.80748094500332 -5.2623274562000955
6.181781209371316 -0.7020926813329975
-8.924484374783464 -7.858278596413502
-4.042590606512258 6.808811611704826
8.090061255903642 0.8485451807118878
3.6904992096276974 -2.13082938638858
-6.027335605510215 5.219525332476538
2.8519970804836916 -0.3129966866971028
-9.205832475892189 -7.178702277660394
8.88790275044461 -5.642681362302704
2.1931153245440527 -9.794864453793604
4.949019164727757 7.905323538512498
1.7098869332220978 6.57187436204358
-8.858177936725314 -5.552913697298791
0.9349958834735475 -7.125116306020145
3.0163396606048174 6.7791483763129925
4.713694288449036 -0.19043080159056025
7.179742943680289 4.458350620751574
7.518773231468636 2.9691475694713727
9.381441070097733 -0.7460703662287589
-3.8636495698364204 6.332048721565936
-2.514448000703706 8.954970933971946
-7.210370149774958 4.826449339465693
-9.674433746655588 -2.406814359034108
9.929095350873869 -4.306792032051218
-5.897378670061933 -1.3912055795163916
3.2194212129447557 9.250653345946539
5.982324593956605 -4.2663846635754155
0.5354653389444923 -1.893767233389461
9.00976215468382 6.74783343538639
7.678120619618408 2.503805947781144
-3.604743100944381 1.9401387141056645
7.251663914355412 -8.029521032761092
-6.070122165696703 2.713307304466781
-5.004135708057147 -2.5656934384630308
2.8147663376066205 2.4391332887773878
-4.1352270249579215 -1.843419144775524
-1.818491265507113 1.1274009385146258
9.512281148990336 0.8252287711243262
-0.05348767233284413 1.4897535814519571
1.981334715653846 -1.3186544266117632
-8.983769794963532 -4.40630229236318
-4.145022596105856 -1.5868426886090958
3.219865562640525 3.5473086713894624
5.974642236255349 -6.6225394241383135
-7.021268215339709 3.7721454553399543
-1.0414301440056626 -0.3349745922049401
-9.416054374277401 2.4675251271836167
-7.045166285409041 3.8069077478124935
-5.770702604789757 -2.753838988153765
8.91196072870515 9.197152194362573
5.845955748545716 0.7706862304686606
-9.09262784477417 0.15652147288186669
3.2972675842879546 -0.49931973101696414
-5.377692172100561 2.1340727527485104
-8.26954375583121 4.3309554164493775
-7.63331182920602 9.482349480297067
-1.1396149632241421 1.4536733513525633
-9.892115222064374 -0.4225583883812174
4.058200431030272 4.26406157122193
5.103823857891554 8.06733008498665
-9.334191615058822 -1.3149238268115546
-6.0063225375601625 -0.029479136159649144
9.77243318500556 6.392280477831818
-0.38437237128127855 8.605200667356144
8.282134187760512 9.056533818986463
5.130773701765561 -6.456876284433115
-5.368424414798108 -3.487365121339579
-4.281763981186531 4.537186149104318
-4.670863387774052 -9.606105724012078
-2.500225802696878 -3.1796586925980748
6.125416510988561 -4.391267778830212
-8.024594298345535 -7.4110506221765
4.35686898363333 -6.4510657786617065
2.7738109231498633 5.1545392423314045
-6.200762757637747 -6.7358044554342955
-3.7676242678385723 1.5838542698295477
-0.4805737820710032 -5.726343408288647
7.017424544508213 -4.0543136098136445
9.314754666403282 4.340068325873629
0.9884478474647569 9.48472158391563
-7.016497022979342 -6.910192800262099
7.215105540282437 -9.486100773834771
-0.15720726844699584 8.275258618552709
6.333302069230015 -5.602397383809221
0.22841482088933063 1.7970289650580256
1.681034326444749 3.6187313630680364
-1.0603312935486784 1.379059071629758
-1.5800899808028195 -9.537537006137695
7.129745996583093 -9.126266595160663
-8.071579342074415 -3.6294086031020427
-2.530038389023326 4.6277996509728165
-2.2525783221157987 6.099044167802347
6.065219537142234 -3.3129302897906454
-1.2974821774968923 -9.331331864141637
-4.466992715535145 -9.608718500632317
-4.325510766962688 -8.051825538830723
-6.733297947145418 7.841697540283622
5.198223100538435 -8.543839093202761
-7.808073249005066 4.035200750472727
-0.7787962047777004 -9.026780039654481
6.183498838105905 -4.067948183398736
1.997617321819213 2.294424201283448
-0.8018808297531379 -0.49039264701184493
-9.82494310942097 -3.7372254224414796
-7.997709601297897 6.8582250570801015
-4.080080580919598 5.542826332277173
-2.156996376656126 1.6598818833847329
3.57849236095924 -7.087951249855291
-9.24454747344052 -9.601800302955413
6.819366853362418 3.650153718985047
-7.053633561626778 -6.1796713009782795
-8.65246522219304 8.197071364248036
-3.601891730705735 2.318958930642573
-0.896430667297869 -0.19757446763530595
3.188143405639053 -9.468098407715193
6.538155768571961 -1.7530389638185078
6.1392646350201545 0.2969942644093422
8.057768965695104 -0.2631395562477543
-8.524723189129066 5.6078410821620714
-3.063834278990254 1.0098557766656757
-4.353117692858886 -5.638403220812882
2.500349081126423 -3.4633740359815457
7.54993823283656 -9.50567780552496
-3.85606428384464 -7.01444452365291
-6.618168466845908 5.789558819906633
-5.979564191718012 -6.259390112067567
-9.684198207582142 2.0183024606647137
-0.5819796696420614 -3.846410037390255
8.394241413680966 3.2038480398658287
4.086996655599002 -5.7623194350278855
-8.091956356590579 -8.94340020848068
-1.4639698315506866 8.13557629596432
-8.959790581557701 4.555689437340849
-1.7147541127179355 -6.056870536976586
-3.634854505242475 -9.534059512954922
7.606668690584264 3.6250025672799957
-1.7139245709064674 -3.6644415198670526
-6.256402906348031 3.3823552309187637
-0.3719590344085546 -3.6500591553618555
5.026723687124402 -9.262387464514905
-0.746535309640608 4.00324640597518
4.809146971002265 8.05870230005105
-8.375110301180532 8.480801926097044
-4.122422201279976 3.6081557127980535
-5.701353919629666 -2.020671659538891
-4.375828081861279 -8.1512547939632
9.261919952620435 -8.12235233695805
0.4758501357617302 7.345625731378554
-7.417645739176468 3.4099358171286127
-5.701558077171662 -6.267384174348609
7.904969593199279 7.729398803405488
9.214244652165078 -3.1872676332072425
1.643733014491362 6.079991807844856
-9.538757228212402 -4.082481115666747
-1.9320220775621415 8.83212757640537
6.8491629026985805 -7.498325185145347
-6.154798927763558 -1.900076796226088
-9.587973194398216 -7.003357880638066
-2.7021001084566194 5.593807530190752
2.085707239198678 -5.527158787697117
0.0005580229715924645 -2.794790417383231
5.125844508147761 -0.8889246739465548
6.163158609208079 2.639033516615646
-6.3958275266719085 3.3755848514932865
0.11054187050872066 9.266588689047207
-3.138904961726552 5.930369242833738
0.4283052237054754 -5.4810888873840895
-2.563352477218494 -9.558827562511228
1.8073647244453994 9.174147258895598
8.879438712208689 8.987182512065484
-0.9127978417960154 -9.205385664188327
-1.5576207773273438 -9.029412879764836
0.9855401516766662 -4.223168088954479
4.492106243914071 7.933636190367331
3.334004854408697 -1.166203693694749
8.92579668501363 3.424482134531253
-8.62295923757493 1.612418010025781
8.821787769241617 1.2586890962872452
-8.642760068905657 -6.09844751843398
1.772715869235416 -4.8597660774415825
2.93118220743108 -6.733841026371328
7.084483666963422 -4.276727874143327
3.5799842072571213 0.7132352088518878
-5.087185335651736 -9.878187592238172
-2.7629740194354095 -8.36448309183093
8.095691836327553 -2.6659086624394153
2.793130583357634 4.154108979955669
3.374137854479166 0.787806642493809
-0.2229408762795586 -4.473805494523755
4.400359067580656 5.823112193381165
3.058718948140541 -4.565950167465436
6.475974019076105 3.6306629337948273
8.288062902848154 9.674836197928602
-5.652150800946176 -0.19879767286155747
-6.825751431322362 3.46173446557032
5.540711405577923 4.590875544000571
-7.069217301049557 -6.5215155569233225
-5.904114334303543 1.526060679827106
6.9429484483573205 2.5084682017259023
9.939467779745208 -2.0553091078321533
8.974001438058007 -0.22812807585293982
4.8568580387693405 -5.091659079055544
-8.506899673276738 7.4192573841577705
-5.138208628527341 -8.343356611071426
-3.275365717023777 -6.456176392126927
0.49902290786965686 -5.951703194226903
6.284698890893651 -5.720693103684136
-8.725805071095907 -4.476922222415918
-7.489100617897309 -3.02265563057526
7.783797851473018 9.682825977055384
-9.704288156228847 -7.444327623419338
6.37112001195581 0.8036474456257494
7.361912630477811 0.3608825283190935
-5.370978626835237 3.263942365126036
5.210557297771292 -3.568265789523526
-3.686875374712999 -7.330071737142799
0.533287057401477 9.333423567405546
7.609325595027986 5.492614034466282
-6.793872756176675 -7.438815188322199
7.342779019316907 6.256663103155901
-1.209177945446955 3.9710389036679032
2.52238965347226 -7.820459988326434
7.2047072000306684 6.2294866021027815
-0.45490482145458344 -4.116017089292862
0.5989532667680013 -8.959864872989641
-6.437717258595022 0.08452041580564007
-6.332140902016543 4.141542230866769
-0.9063111310100975 8.457086495630485
-8.138750558316909 -1.4063298072379116
-7.104923949444755 -6.638772885561856
-0.9704528151669951 -1.1140519981271684
7.762893930634128 -6.363710079319755
-8.583610247017027 7.369100065400794
-2.463545966990983 -4.412646170206007
-4.912992139218934 3.160048742259413
5.514144901821405 4.940344044226045
-8.7941387080045 -6.290884360837261
-1.208635420656881 8.188855076204284
-3.430916483209579 3.6483640203397307
6.146803824981198 3.833669583777004
0.2838697124696381 -6.058512677817465
4.967571832609286 -5.723915261006676
9.791354293079497 7.660312092651399
7.268586430623124 -4.848157740280223
0.7304862482717951 6.227985098907453
-2.5688179537568834 -8.768207419959815
9.846381340790554 1.509860704507993
8.259396392197594 -0.9530069019942484
-6.595506250697878 -2.91645302873712
-9.646579798951933 9.642584299369574
-9.62410412010994 -8.998930779020082
-6.281910982314052 -6.703727703502218
4.2102188009973815 -7.6530463874340615
-8.543763457684443 5.000813855747541
-1.9155420830189023 5.305607453019682
1.3276932517384346 -6.2035593476958635
5.54632969905591 -6.180736837957481
6.057509633856309 6.822256814523826
7.499343407077628 3.460314537083793
-7.512594589059988 7.61559428595843
-7.070846128341413 1.4302391300490633
5.2194044533899415 -9.653449044749983
-6.148607262301066 -2.321135354581627
0.3449018141221245 -3.147751085406645
-1.9793687011088252 -9.485801058943768
-9.270085657371396 -2.1145703241599234
-5.557941021984332 3.2522331522704633
-5.868218017722546 -7.007996444909876
-3.4953960819963577 9.310184577500905
-0.7196063413434377 4.866243865194292
8.483444902797054 -7.568764110944275
3.1016076458893505 0.4560207153074991
2.2392833316315492 4.860759881828473
-5.569086067888334 -6.807126425052347
8.325806174924356 3.3570472190796696
-0.16746810595214434 1.6716882802622166
5.3708014926465 2.806849253071187
-0.3260835429668347 4.674378679574678
4.45736887267444 -6.025407360316699
500
0.7523681843627106 -6.4288296304584325
-6.637942678375966 5.349587210831547
-7.297980183569461 -0.9877238398416672
7.666814173770696 5.037007653218126
-6.020140702865186 -1.3551429097587828
-0.38425993440308304 -3.390913206884396
3.7385239741339387 -9.906523057676486
3.516843918121399 -7.731395616023516
0.23129008557626207 1.6799483877493557
3.3992984974149785 -1.0939218245227842
-7.169022220388648 2.3245795792486756
-9.500667491692 2.6040259169551856
-5.602299411514982 -0.002972325377882612
-7.616694254656533 -8.018583156015556
-1.4158491155716764 -8.4797679859392
-7.828679002012329 -7.841055814789259
-0.9905515160677414 -4.733386356003784
-0.7991892776223324 -8.27685715293276
-4.634306105524737 -4.965483999922126
-7.578593227489572 0.3588871549589374
9.20391764541393 9.588225327575376
-4.000626236720555 7.193211909119356
2.4766597899092613 5.172400264104624
6.820303781404885 -3.4102696862266324
-8.620876740067567 -8.31960356317829
7.4086870174487345 8.62732388086624
2.8195467565316097 0.06196213489815072
-9.115433264063702 6.114498067582797
-2.5099338179596797 -0.019601556818747312
8.654629662595948 8.105455249100725
-7.879338339015112 -4.450420761305686
6.357286829001712 -3.044331003859848
-8.480589164756307 -6.458559708654594
1.7282715815688263 1.411890741235979
-1.5727018163372009 -7.481026188385728
0.596117156693774 -2.970405604878607
-6.394756665127444 -2.7502250486871915
-1.8532729375145873 1.9331598448340515
-9.23776313418723 2.6681088150163
8.016578845720929 9.25482546879865
-1.760012944444453 8.436810637692947
2.9019958253033895 0.6518942210887282
5.299219412229284 3.1033518429770943
0.1435974444784076 9.024465763503372
1.1821415425789912 -3.227910451338518
-4.675570654188452 -5.889027318549697
2.2763888898057 -9.147600746780356
-9.954090251333803 0.13569911909882748
-0.8647252179282354 -9.384968927725764
4.674925685656962 -1.8836866834729697
-9.824761377174514 -7.253479794651019
9.313529281637216 4.010869407299067
0.6781330591007411 5.204800014109118
-8.381765706236813 -2.8045307918120805
-2.435640673251447 9.914763923591202
-2.044575639983024 -2.5610873857987837
5.0127464549314755 -3.1547602944613455
0.7730516088847637 0.886217512338245
4.33718334838276 -5.7253743580997
2.546787509065286 5.040289393037053
3.77909097957815 1.6457333401809393
-9.754532059927698 6.339782234278072
7.709402605267623 -0.9996843211896227
-7.872097150943336 5.04695284396224
-8.750042281966257 -8.440632304066128
-1.9880296445137997 4.370632181671816
5.588761785095118 -8.364358031655918
4.40089090886069 -6.103240198628774
-9.633015887228574 -0.6378362479001165
0.2168141800618173 0.4938640544985127
6.750149552187651 5.7632802886845695
0.3222149685597593 -5.666501496060194
-1.5252334683044815 1.6493502754921394
-5.282909871138289 8.662121017919524
1.4950249211187625 -5.861439025475996
-3.0670048869452415 7.817721221799488
5.607864077707683 8.51116597727546
2.8673824754853428 -8.697558837494894
9.287976422598362 -8.472175822508724
-5.048904071916325 -7.945526033758479
-0.07968145701815033 4.364621273295706
-6.935023382342487 1.1877124774434638
1.3203684341709803 -6.242928096829525
-2.9926758411608922 -6.166065920657314
-3.033296495103066 -0.1740303219126016
1.5767300717177122 -7.856244472012581
4.793373132342239 5.787221965051012
4.115313017924029 5.8665402195491865
-5.392857895993293 7.52203894382637
-5.997812062851713 -0.9349604455577598
-9.042582068428011 0.9869060803088487
6.568643071532524 -6.718773285255892
-5.1712612390877215 6.521351091575205
-4.485114737855833 -0.6213424477068656
-3.4652244253042097 -8.499645910825697
-7.756321262924171 6.210057383373087
3.7253716581785508 4.1628038337506865
8.1232537410467 5.814324735948826
2.4587727520392715 -2.831210184423119
3.533687813163482 6.768207172718824
9.826827334549819 -4.0913559605203975
9.982493340235582 -8.381946057638219
8.776357437306785 3.9535480672661567
8.316649656923609 -2.3712162017697436
1.1300030272263974 -0.7648277998972439
0.28974712070526465 1.2744383293352612
8.416684852427618 -5.013936150691977
-5.32236104712047 -1.2161422569578928
6.881777280143293 0.47473649631347925
1.522947413106131 7.772158362254043
-8.416367520165839 -2.392569433727898
-2.057357266768653 5.02537368106948
8.571955072982291 -9.15290253497918
4.582165869004582 -5.33153689073572
-2.76263113175175 -1.2032062703511848
-2.7510281839450705 -8.447090566876678
-7.700337139721885 6.942712964733914
1.7515966046314162 -7.609730698800723
5.758823799933674 9.72056337798681
6.106201093589366 -4.280705811689449
4.465857477560839 8.220995382713735
-9.509358094169613 -9.362803431963735
2.059746258627392 8.061712934789156
8.291573248911398 -0.5313515067087398
-0.0976690245985985 6.101002721902773
-7.376913291068867 -5.729199455043803
-3.7284231287966563 -1.8452061054499076
-3.2463720779204337 -5.157326989301172
-4.415270649646317 4.16199694196605
-6.524347472261358 6.2788630964830325
-2.7268367911184166 0.9202634421902918
-7.292485454672679 8.273919755977705
8.459062753886407 6.844018926317418
-8.606076354356837 -5.920674483220997
4.541555131044033 -1.876724466464454
0.01857713989700649 -4.550006153709636
3.8442915127037214 -5.660705698751654
-2.1547908542657757 -2.8804827702982934
5.439279780040442 -5.076800815601434
-7.442743265419798 -4.533687373480799
3.999077570586408 -6.469779472324162
0.28873637118024753 -9.910845633876917
5.918629999553557 6.738942896973491
-5.040861799454248 -7.739789392393497
-9.727218972157686 -8.003851393349253
6.910002010520039 -5.094034926099146
0.2506658022645709 -6.448875369770645
-8.20070058809237 3.346615979312162
-5.559706852383992 0.46464936840361304
6.978947648459108 6.5904517693826605
-3.9712154288297157 -1.5562473161927386
-2.531826246964517 -7.444432149828282
1.4868386412399932 5.5916796522997565
-4.94864098812373 4.179473720040667
-6.721833185166335 -0.14708370965348827
8.402281566024492 -2.113182396331772
-6.249674154363493 -1.1510829794179287
6.42788273058467 -2.1155034083010005
0.8366123399078873 -0.015843524810492227
-5.531022387653235 -3.769097957817287
6.706321491352945 7.528027694438826
-6.9953852228366475 -0.10554227065920685
-6.06793262659999 6.128710497515659
-9.593397508497885 -9.677743602406759
7.481285322815459 -2.73697200852121
8.280023561822606 6.483418243330323
2.365565930665186 -7.012149213689298
8.214012068594418 -8.138414266729118
-0.4039477312615105 -0.9929850201189598
3.708098263385388 -1.7489538702294247
0.3762273868788313 9.634154030836829
-8.489551238740066 4.290585852213278
-0.07708832497610629 7.642764339857411
-0.34682864088690657 -3.528161266006135
-4.140241158502622 1.049846991480516
-7.971538655876909 -8.467087421892568
-5.634877730072421 -4.1398668215519585
-4.169643364812297 -6.104851826550859
-2.7742251990460653 6.085687290437551
-2.5518916575962862 3.163093753790971
-7.448686376736875 8.010907774895767
7.829294812638771 2.9029643157349945
2.724567889894132 9.47305259376169
7.91457691605676 -9.89172251045768
-4.758029498115093 8.557308992815837
4.587940462354997 -3.994263984468736
9.486192525435523 -2.2688815678891334
3.958807920759213 -3.1294954250696456
4.954876815408207 7.650778372414713
-0.32948734002238744 -7.869454151526072
1.6881123727279324 6.91937253654384
-7.248231763666119 -6.185509223491441
5.894958055998266 7.179133094578457
6.415964021692943 6.511106508017232
0.2526187182362367 7.107770324621633
1.8295522683753802 3.5694815401433395
-2.2314238224035776 9.37698688082973
7.009555236560971 7.305503552144181
7.598533651652737 -1.355312827066923
6.723025666190978 1.7975040481096443
0.8544434772883243 -2.0596365821766156
8.175713350086745 0.32423020309402695
-1.7236810954312318 -7.7648966166629325
2.5375511574201877 -9.989872607984438
-3.497036322327734 5.892930410252088
5.365899425565587 -8.537824548210256
3.9070754047557834 -4.37789476286966
-6.9272550524957595 -5.818139902055042
5.666212782517947 -3.7936914855150006
1.5880723561026464 4.303410139875661
-9.375656478586317 -1.7536820831130377
3.352195132230273 -6.480757856037018
7.120543310210376 -2.603835870374269
-9.900057419784536 4.039658622175331
8.212634763575458 9.550243652302385
-4.61863518471908 3.3521943127855724
7.152512142042447 -6.832525363326609
6.847431753781631 -0.594463007218673
6.690080401204085 -1.245131469614142
-1.0657795048820518 5.4943638932169065
7.44917064463592 -0.9776087654508796
-9.306175884107175 -4.435741087942233
-6.006449037074367 7.858931842754441
5.830025091392386 3.767099099151757
-8.831296021445588 6.012952914587409
-8.923399325370164 -3.0418536904399733
4.1926156872594 -8.554149372925831
0.07864064537147542 -4.4704376891795565
4.427511179537259 -5.092483455855639
9.199089517487774 0.5710741881437649
-1.2103124933016112 5.353456489784083
9.314224956811689 -8.257753717611829
-3.932279580136104 1.200311221937751
8.325324845824408 3.7681692614849798
-6.110203233938202 -2.4953681163261194
3.4036345855886054 6.476921862313116
-4.630354866244595 -3.6635011727257965
-6.721321881177753 -4.393388310302435
0.5517484578826615 4.922098113956219
-7.43067733054766 1.0041978856965805
-8.152218847347697 3.6550333401341657
-2.709046354741842 -7.8307880599024005
0.709434602317911 -6.150957171591154
-7.229176960265704 -4.311462789677267
4.950636850979205 -0.3508513804257962
8.76703777897016 2.1357380845763014
7.148722624990526 -2.9134207250498667
-3.846057838794154 5.685137419556504
-4.194072235612277 -1.2318929195798862
-5.9072775017770685 1.069186633051583
4.72513838272895 0.45281185328254736
3.579930303696603 -5.934499293041884
7.550883167740551 -9.269828538103875
-7.718945507169471 8.448346270509084
2.505745676653966 8.08602368739177
-7.568692295215014 1.6407753719838691
2.465497992846174 1.1065896484344506
8.569579800484192 -5.168777129146669
-9.153248508404943 -4.056870392890932
-9.565905003922484 -7.409215492024172
4.816667679408596 -2.5604890393465247
1.591465747519285 -4.55548485185523
3.7056418486795817 -2.6966807340161143
-6.826836435008643 6.147414384216354
-7.587098189267705 -3.1071810433264124
0.5768642252564131 -6.338295270132757
-9.15592174209924 9.348636535733263
7.798905332938336 -7.919409591254503
4.7378852780371155 1.0486930010380764
-6.26871989867621 -8.121003240168708
7.948660286326323 -8.618870096893726
3.4475837066945587 7.167463590421185
-9.981179681917208 8.198339235560926
-2.6271737987400083 5.672659727830711
-7.681095877235804 -7.677708260095686
1.6585642526138322 -1.1041088023726342
-5.476593324262056 9.10770162864074
5.197581195427475 -7.875341864341998
6.287674995123481 -8.582365707159829
-2.191122697287229 -8.14171060072601
-3.035923723281641 4.7320192788157165
-2.7802808912236454 0.335294831579116
5.2851270265280625 6.165707163320963
2.011591422963914 5.066792276454928
8.768059711258267 1.6683406694009122
-5.7605488539899286 -9.408479215647114
-4.096443340493794 -1.4966633644341805
6.484977172347488 -5.4670894079454495
2.4829321298669598 1.7572914276550975
6.029531763408112 -3.6426255236989746
4.68975135192183 8.058291955423442
-4.796064978720724 4.816343041891377
0.15386427539857017 3.737269826284848
1.9959980874305963 -9.517647639814943
-7.765700133456416 3.6748223162317633
3.8003242467986738 -1.6592211968453867
2.224213769106269 -1.8974565682668576
6.428629768552202 -2.702912224360647
6.489262737888854 2.99228371396347
9.889920256518675 -5.1754790812993186
2.7783428830289374 -8.793182972760631
4.953172344855028 3.1516188835508494
0.29206420845339487 6.859009415464314
-7.332850371834141 -7.261569775908994
-7.987831232587963 9.631210382626694
-3.4713595594447693 4.257532790442147
6.320935504171366 -0.053721794124699684
1.4306481755456026 -2.410299538996046
-3.2341411435005814 8.47789655887236
-3.5519455932006316 -3.8143184379036743
9.344837437998564 -5.590544017344987
8.992826472743236 -8.180844571295333
8.748945004627085 7.506711704803756
-5.616969920249937 -5.450187026426237
-1.115732600974468 1.3294509460171167
-7.380424732684374 5.806563263864357
-4.342120802909848 1.1482945110409677
-0.13884577208340332 -6.34158416596825
8.164584362322088 -9.522889213494985
-7.4511740097064205 -9.163390464916505
-0.07792384987746814 -2.812595259625099
-1.6496758139252634 -3.080900805299189
0.7382928469189558 -2.151573580707069
-1.3404285179133133 -0.6523011918365018
0.18719786361985413 0.9991609395731711
-3.016068661241402 -5.423105181388744
-8.261765790936408 -3.0080411644449594
8.845497375397443 3.032584305143631
-6.903414016715588 9.847427979939816
-7.435047643274535 6.588243572787832
6.441597287191392 -9.381302678793816
2.0539799352991466 -4.515026127796505
5.037682326940585 -9.266106463261751
-1.9053946928709316 -3.4250087114190864
7.131686187705203 3.9929516177428326
-4.226610862887615 5.232984819354439
6.559047999515656 -7.058026144156344
-7.725851506258213 -9.857836319565713
6.063526205927747 4.516298187973533
-5.470180132965496 -8.579366290501953
0.5748185068061566 -9.453629249982068
6.513403194959885 0.15554218535190856
-4.470742956109888 4.354691892985743
4.2006188042653925 -7.979445627456827
-1.3043446283122844 2.2368962703226245
-9.9673683467508 6.328794949569318
2.947375123063347 -3.169855253867744
-8.122144025698919 2.2585303354764434
2.542585167684992 -7.652979781996692
9.337906879354037 -3.027147040022351
0.19621820640060683 -3.2148214779183037
-0.6849211481785229 -0.5251599900814519
0.44955489186419406 -6.364823723100739
8.525111630391237 4.95002069733755
5.700155332818415 -4.279168868901424
-1.7971514677214646 4.528215673570063
2.294869766639188 -8.477639478783914
-4.1261229645447965 0.2650438747534434
1.0789890909438693 -0.35852500071202087
-1.1865604622049055 -1.4951825373455385
6.546619473225828 2.91394366233067
3.7203673312738808 3.2674144709073403
-5.410695752371655 8.695931869212721
-7.670272755260752 -5.442081171065958
-1.9703051299642453 6.273896437564076
-7.627321160422442 4.584822209101391
-3.906150262671277 -9.040436584897781
1.5990917226271169 5.627113713119753
1.436341723463821 1.8301475306423516
3.699588805611347 -3.598905305947337
3.3787633181972723 6.86310528505102
3.1515030042640397 -0.6141744871765713
2.4594799979774713 6.912939943796914
-0.18861056432867507 7.954039193271928
-3.2430754901769525 3.148813517547687
9.649613704630674 3.9346554236960447
5.316241911220814 -0.8542199321230921
3.8779362207273635 -6.832495073708769
4.411299235883519 -4.9250454724694865
7.544919964927761 -5.8110648105267
7.753197350753943 4.619427868858214
6.99703120312013 5.840907780537432
-7.8783644547824805 6.124411515904285
4.380872185270206 -0.8202100272513135
-2.6671222503461722 -8.977411306882168
9.525612326944032 7.42461611653394
7.733235702467368 7.232195072556202
4.570431890066228 9.257280117928389
5.831937852039921 -5.2876169413901035
-5.523250370276081 -2.07787168738286
6.581605427516479 -3.400355676958111
7.381949920130616 0.6160878358337065
-9.179553621861752 -4.833398750330787
-6.60354305179685 2.051679686902851
0.6554998454937397 -6.278339844883818
-4.856082462047735 -1.6531538955200666
-5.333764289471558 -4.23866009949267
8.402227736663207 2.6884536863038093
-5.035849007900508 -8.51003976889398
8.224162560908631 -5.811312852708033
-7.384061289430434 2.0135487588390575
-8.492830533352942 -9.532929808987678
-8.548186602356619 4.854898535631413
-1.2272884020475576 -0.7476423248877424
0.760791061161072 3.963008786182421
-4.357917217639626 -2.807894859619841
-4.966736738570003 -4.799010386190283
2.5333392018964496 -7.054109202041017
4.8134638464253925 -4.671160992346066
-3.9447504138982588 -4.810095481025245
-7.268719136382713 -6.571133354817265
1.8948817667538478 6.149639078074788
3.6969871582715683 -1.2779927912221254
-7.474006785114082 6.138848412494898
6.82309170366614 5.559502144953177
-1.5384953022091175 -1.538995082096946
-9.467441453000022 -7.864005531091831
-8.552667068466999 7.487298602358031
8.310249747632437 1.9224080205940357
-9.199265498790414 -1.1606557096727101
-5.960430279551403 -7.195203966269119
-7.229352223454583 -9.623403249158635
1.4296101220478707 3.440732373982547
1.9257639113589686 -9.173311048998109
-8.773329514860965 -9.929989865067006
-6.708097651939258 -9.228602725972902
7.6476233578534405 7.245140231694624
1.0525765305917272 1.4041562633558176
8.8327555832891 -5.473567077808146
9.34005603183056 7.616034804677156
1.094112320015526 -3.917631321141828
-0.6629725941458187 -4.917921240073683
7.262175880282797 -5.037226713656038
-3.5126455403718904 -4.992608703404522
2.4832148671369367 -9.18033397675276
-3.6949409784721947 4.515707088776148
3.03420505716881 -9.799662318556436
-8.48680298975135 6.7414331440948025
-0.28669015625790095 -3.034455261598099
8.510272829700089 3.006053873778395
-8.983118113158577 8.543226773262372
4.363582408589075 9.077124841831004
8.675680062410159 -0.18733417677096043
6.321457424634662 -5.411525801707244
-1.5562991257615604 -3.91115852384726
-5.19600303404399 -2.5702997341197946
-4.7820087001272675 1.7247511315849842
-0.6184858892939271 -8.737146342505437
-5.11211790296779 6.419453164961997
5.045589098999802 -3.5473397399675815
-2.586952484531089 -6.480307786948664
-3.715035815886485 0.058577294013510084
-3.437347000903408 2.1146791781180507
-8.142867904593349 -1.5007119496716381
1.4740387618695259 -9.510204253165986
-3.3404956723868846 -7.382459185127783
-1.938414823894984 2.8620741333501716
7.169710273351999 9.689211712178881
3.1064722400718203 -8.761663702707823
5.380451436481799 -9.782193123784458
3.190555448516596 -8.934641505662391
7.130652394492561 3.965710849321656
-7.21413441769911 -2.036533808491459
7.176441942256744 8.041376556462104
-3.412753722284883 -2.6821333742655202
2.0175371444087666 9.475295277814688
-2.349886659904657 6.551565072028023
-8.042011550598403 6.268544929704088
4.985317340640687 2.3983829272732358
4.292800021858822 8.356033636404725
5.606109485279717 -6.092407329716442
0.06339289251362779 -4.332807578559943
1.5078391424558184 0.20146094255023073
-6.441463004737374 4.809360891713402
-5.48233672568154 -6.7036384178590875
9.184139750927894 5.927330765028312
7.210796308231661 -7.236481253284377
-9.410018908653848 8.04926721257877
-5.093371476619342 -4.502881328402535
-8.584608723414535 -2.29277470439194
-0.9641915687402509 -8.059272524026051
1.3786304389194655 6.427146967681892
-3.3792169124804827 6.014203857506505
7.7509809753586865 8.836978958577252
-9.14326544933145 8.740898201490634
9.038512957201355 -5.59917620211513
5.868181179446253 2.9914797089405205
-9.979278205244558 3.877875681445973
8.496426215415948 0.6114746143263368
4.889220461170636 7.020113912396429
9.021585080088254 -7.533219133569062
-5.984372756474419 1.07878598986213
-9.501308204513265 -4.487888386973102
9.594919797932896 2.6700007558438372
0.7387459393165869 3.0027067102150475
6.6690906088898885 5.734019780063575
-3.335660290906368 -3.44225629472154
1.252849743642603 -0.10580528137749923
4.438087560888498 -2.846147909716475
-7.5576572433326294 -2.1376350380762155
500
9.407794867390194 0.7498087812979843
5.0858309365990095 6.843029711182112
9.458368016044759 -5.482482745902848
7.170136030693964 5.142506810347758
-0.6479395604817775 4.489545139189966
2.640123919394483 6.773512442550121
6.401056329920504 9.772393612180046
-5.963869875089884 -5.682059990086053
-4.27785235479946 -2.654664966112062
7.562623561411776 -5.4447954003588865
-7.847012113799321 1.6975955958733415
5.227154361216096 -9.256916561888538
3.1199211382225283 8.534439577139558
2.567927522046068 -8.027543177336936
-2.4166428415598933 8.418286931818322
-5.850560894040062 -0.9704149539487066
-0.23062409561950226 9.782986325481339
1.157792843784753 -2.6634503851796687
-4.030537087410635 -8.13490961668062
-5.537467779087326 -4.946367747648505
-2.8672169889808163 -6.437545643749198
8.172443336567166 -9.99860881477176
-0.6832961524377481 -5.5766947001639195
1.4325054694177108 4.650305623555571
-2.819115503392995 -4.283648895529546
-8.99283229968229 5.2137147346427035
-8.811334541513302 -1.685910125636962
-8.292160151882936 2.2864920340908093
7.296657542143681 -5.329333484094025
2.5822112550391356 -6.443855727980468
-5.685487695451464 6.5608392185192415
3.2013935208398863 4.960559799363134
-1.431797774164945 4.794643990285357
5.539796997892701 4.624925163113353
-2.4458893207381127 7.801460881277677
-3.1889088952970646 -7.609847994293959
-1.113392477358211 -5.272107336632517
5.3820830206243535 3.3225644865486643
5.304230796246401 8.999689002862233
-8.188805623582798 -0.2299127966865715
6.696936785600624 -7.129361965329178
5.2028568469842895 4.386434765453014
-0.12063637452713749 -2.152972320629962
-7.8889679071873235 0.07640749354361809
7.969371445796671 9.563949922333169
0.9183291896289347 1.8025034881906805
-5.127928493618703 -4.953380422593494
-5.947567398631266 -2.8688568299767
0.2734536001579624 -9.831756085638975
-6.646332788333931 -0.8995927679554221
6.651914476463418 -0.5597827464188665
-8.366544982647856 3.307451531516783
-4.528632531415391 -0.15605155760320777
-4.699985045120627 1.1570862638425545
-1.8230609763082661 6.31960555353929
4.074609109234499 1.8909866363240226
-4.316189508847572 2.0421105775278328
-9.35705781456913 -4.8137800573100105
8.052294731333117 -4.423538216900504
7.000365118614532 6.438302661287732
5.225794084364635 -4.276250183445054
9.191975307032802 2.8568782391127368
-6.226858245563376 4.985532397207335
-5.868098394244599 -7.856101637424766
-6.133606762954487 -9.582065664934634
5.669331479499142 4.22847741296442
-3.302916166681273 -8.976514899730537
6.995646895674849 -3.6653161530472627
-4.162979969487397 8.610718772083821
5.390451247457577 -6.619708644061751
5.060713902691399 8.3139486196937
-1.4384837481284372 -4.126386917316913
1.0401992091592476 8.352226762627012
2.8345475694732176 9.643060280337778
-8.786358145292066 -7.4478929999906285
-8.803082237790319 -6.9386937096793595
-0.9762918034962844 3.1165393538606025
3.2149765007287616 6.805970434426534
-6.615737967295077 -1.1720477222541348
-3.7230921643362125 0.9003662429970518
-5.175537343592749 -5.868146642697898
2.453702878612308 -5.480235100308475
2.0096990695234673 -5.021710527601844
-4.713012995097115 9.232007725714325
5.211287021936698 3.5931374746670013
-6.3135330459691374 -3.106702034371822
3.5945221676793864 -4.475330634948611
7.040357395994736 8.007696807088749
-8.215459674602602 3.258008009565433
4.467841179751407 -4.523018300703205
8.273185328970495 -0.49780714642702506
0.17932163774699106 -8.342515531098172
1.330537055124715 6.9967643010547
3.9363410952688405 9.429897750835647
-2.6468418969380174 -7.4370603837961475
7.262679994659081 8.5423658486804
4.615001396737238 -0.3229615199336209
5.310095784143387 -9.278598446484763
0.6342524581719271 -6.223551982285991
8.694371834990918 8.443945100106063
-2.7186214245894806 -9.14335308617048
5.031323444794577 4.586118841286355
-1.7397799083645396 0.11031991150404608
2.9931673431448935 -0.4547115099606991
-8.101595571330712 -5.985580225566585
-4.682245061742163 1.399806702853466
-7.050868815817337 4.445893678131863
3.166531350696655 6.534693715092036
-6.2447649957056655 8.071526390426268
-6.706762957000252 -4.076691888151931
-3.1826350857302144 -5.093326619905416
-8.058725437509304 -7.02711888156194
-7.428146157616067 6.197208642914369
-3.053915268440832 -6.452551027115694
1.5146661945160655 -5.422735838970731
8.62011105110168 -2.0680686126050274
9.590995951460524 -2.19078224433793
3.630030879574875 -3.2828219424451817
3.6572087321546665 -2.687385053697513
2.9136707913441384 -6.477202920237961
5.9980631631249 8.887797267914518
-4.977254622943612 -2.703626152157497
8.191960970213447 2.8775254955614304
5.820390407799312 -0.1767589649777257
5.052801625677613 -1.3829961767513659
-5.101620696972004 5.086128514195458
4.21993334524676 1.962194419267174
-9.469183709402957 -2.1326431789483262
5.602918650800195 3.4760293100948623
3.54293654740934 -7.369179849036809
7.875033121237248 -7.347766727848222
-5.6277642551717015 3.181275168600134
-7.978017789695844 8.68497522212014
-5.013570319402052 5.046496331316687
-5.786119415871522 -3.864853695678619
-7.444084592103703 7.451125884263398
-2.379302151307958 -1.895596415067434
6.960046140370871 -9.819033057365289
4.108885668993182 -6.741644089303023
5.720928549360213 8.470328085027795
6.9921842290224525 -6.673348651674869
-7.7406025608038 3.3021748315578883
-1.4355425691038555 1.5530302812969552
-2.6160285042240483 9.039044449368262
7.622661263515148 8.398778397839163
-5.78733215026231 -0.5422078961916341
-8.53006057466332 -3.671347548525807
-5.128228591093967 -8.567368017409215
-7.678774289894587 3.2013768805502867
4.2393870352326335 6.327128032838264
-1.849506265645985 -4.177861285376931
-7.886879284488377 -8.464612412988783
-2.1226147676625384 -1.4269566123105193
8.587365245174215 -4.057713261106768
-7.970175624105218 6.518415009432111
-3.2074979658318226 -5.358720850412668
-5.025154154431766 -8.186008605009329
8.925645544832815 -5.686941525839089
6.44521214364125 6.694630942766629
-9.590922370753761 -5.516220826736977
-2.5094028610055297 -9.784967952901278
-9.561624566841306 5.9535648299035575
9.929134103747852 3.1058631535897305
-7.167852912533292 -2.066642453262997
-2.7505124036305855 5.39611773911532
-1.0852971217627392 4.770888392484512
-6.983808524406225 1.9972094469860675
4.267821777469132 -2.141774080127437
0.3550956226631605 3.6696800375906093
-6.565914517753977 1.6959949632250542
-8.677377286601837 -8.6151306369516
5.397456406505546 5.725226424120159
0.5716809753177277 0.9689190776834735
5.872539293580372 1.9946156096626133
1.8662585805786325 8.719186898622176
4.40298951616262 -2.236814802040497
4.8704759599608 4.637364320398849
5.097550540082693 -7.985858769525471
-2.8297781157187707 8.491492382734979
-2.9265216278274604 5.736934790439305
-4.2584667144577315 8.406726284083774
0.7733262560668628 -4.574780857142635
0.4010170774952613 5.924337924973527
0.3525457643902197 5.148454109118017
-5.634974163245254 -2.220974931366282
-6.547290122354637 2.428008019700357
-3.906344187288962 4.678530549871663
-1.3186274724615892 0.6119460469120241
9.902865158341271 -7.44581328214654
-0.018508628577940556 9.48668747360735
-5.492932620663387 4.911519594550715
-7.458122993068532 -6.923828281439706
5.927024678771417 -3.961685515746149
2.9580032575822415 -7.9482104548407495
7.5225645052937615 -8.783661072137841
7.002398649709907 -9.801863053351115
2.339803775630969 -9.785749730641225
2.7457455031239775 3.4749663743212107
-1.1983947280822669 2.657306358313278
3.1035108812000303 5.067157109988267
3.442669900425086 2.847452630135944
8.88153866288786 4.292375168241165
-4.862200894732698 -2.6584562838344077
6.4041735105345445 -3.1393804919041335
0.09392951566126229 9.31637483040939
7.129814408328819 -2.3913930976564535
-8.452571154363476 9.636733974529925
5.397821564912499 -5.862639100868794
-6.249364036357861 -3.428380018374777
-1.6109460526201946 5.842165963582936
0.00017100328695107692 -2.7091062245601583
4.350991010904771 -2.5288017600284762
3.3911808909589265 1.2054488729242294
-6.671767261532533 -3.9984521163663818
1.767375503565603 6.029092531210875
-8.49793471361161 9.143634915924636
-1.2241437789684078 -2.24646127324855
6.4347029137210825 -5.016692086131793
-1.8681286656987908 -3.5619588595616536
4.905831123910989 4.509097257547241
-1.2423423050035698 -9.265819920847424
-8.452750972124337 -2.056035199334114
-6.217539193441695 2.9444866836334427
0.1705376633305491 8.50627897303196
1.1025571238169345 9.227220413532848
7.477364271126564 9.279989433464987
-3.0186773593402494 4.693885610717372
-0.06017787699436461 9.212347936423836
2.4002461143169462 8.317651678104937
0.3757279409515153 -1.7103714808606654
-7.584690626639013 -0.09819774558208927
-4.025514114547604 2.5112232362774893
-9.845953485642525 5.2810485995845795
0.5883546123926671 5.047459716823301
-3.0069400825800603 0.8744782100529136
-3.025899478300909 -1.7525767928455966
6.636672699627031 -7.5145698838034285
5.520589865101702 4.652535154173096
3.6664361935074616 -1.0498442659147162
-3.044944110337644 -0.8730023908831708
-9.44807715670539 -4.678059757915989
-6.909766648050737 -4.6320724776787925
0.7203293093317154 9.049765232664242
-1.4672078921949012 4.589102248877545
-7.86244271431908 8.904380956081383
-0.33649935649271434 -6.056513004174617
4.398974072708079 6.318948312671981
-5.875581838645292 -6.960979012658914
2.433246971188648 7.964434158609777
7.883104917457125 -4.688800302226317
9.531787058113444 3.305094677066842
6.293358833596152 9.394652588079566
6.831694203698483 -5.959009100103518
-6.170643680482684 9.494449860114813
-7.575674107252479 3.023662995911053
-7.377968890849125 -0.2291682341676733
0.30656564189028224 -8.978307937744285
6.3160855107596845 -7.827513691289276
-2.6530371070396015 -4.244529403844723
-8.082477114753491 8.436184839305977
-1.585878663111945 6.149814395714969
-0.3692649415219691 -6.88304371912245
-3.341788865230651 4.480514424710783
-5.703746515457699 -2.343175558747303
-0.7168910524295331 3.6837534143640394
-3.03429242475592 1.9658425271007047
-9.347683640102627 -3.403314643718332
6.680910650102096 0.47557898162206413
0.6230391507892836 1.5212012876404817
-6.978557290928533 6.300246124191176
-4.59308058293143 0.4348622217422715
-0.8831910482035177 -8.716976135233114
-5.755706417307291 -8.34983114422728
-7.939822606441949 -8.720367337129964
4.896732889125705 8.154435127571901
-6.927830263815851 2.283795845217096
-7.430118359310212 6.381620431544654
9.923360489303992 4.307734407931317
-0.7726005990062959 -2.0216060337659343
9.369365220759182 -3.1696054634878346
-2.638396901148072 -3.354007550983768
-1.9679018692786148 7.086135214236602
-3.9037442899684605 2.6102539940422353
-4.17569232804917 1.2793544711974256
-1.7359503145380568 8.300720296794893
4.5176331337492215 -0.45977503094088057
-8.337112907331647 -1.1124684187071878
0.30151462102706716 -4.784352386719471
5.604576332920034 -1.2179302087740602
2.489892693109823 8.654194180517123
-0.5612958119588036 0.3219954525984008
3.2805934580535894 -2.107662365968479
6.360618870424307 0.3700001113833906
9.572983156033029 4.6256349323793025
1.3386918823576348 9.92717020768178
6.683651134001746 7.510100441743738
-2.7818594942240953 8.121161944842548
8.036449249600196 -1.0984997127460687
6.342459592339701 4.803791981973651
-7.36506434931022 -6.451591245606576
-3.2366679447509172 6.294719498263802
7.044783974802439 -4.096639106037793
6.372798732204281 5.943291607537153
-4.040310251991491 -5.0895477753714395
-6.968930358313623 -4.835649930050141
9.209011370999029 -8.09732434276427
2.215413238079778 0.26004630662056627
-9.651630112688096 9.033596423651868
0.6312068816921297 -9.108256017630595
1.6184842823953787 -0.17440580344432988
-4.5419367707686025 -8.170580369268812
-4.030189353464069 9.512405001173214
4.300775004309575 6.665902381190136
-3.5939340477816746 1.5809569116569122
8.388547506111273 6.798589048431765
7.7789049627054325 3.656696026765669
-8.509745162165538 4.633908292162872
-8.578886734289073 6.019726759764108
-5.501828179675464 -6.197143117163552
0.7910338723058103 5.942447027914779
3.590918117286087 7.5339573194919005
-1.8092221333687277 -6.575266794143446
0.6249007388067103 9.417471333641206
-8.294045086684081 1.3446990773281424
-4.275993632001507 8.455249628422155
8.442062447723167 5.048959430808505
8.531902299956617 0.52602331605347
7.318766615135345 -0.23849984293120308
-4.004222000108301 0.6869159032923928
6.788569860953803 5.8598005807207
5.13405040968987 -0.4328520053644791
-0.9704826787854515 6.110951821879649
5.928522410170295 5.771090746764877
-7.746009469039303 8.680453408471113
2.489464288540626 -8.019925082715439
-5.2629018146026185 5.079312619730469
0.34909436144798534 1.1577125167396574
-8.734375933941333 9.676980195880386
0.5691362481860214 -0.6700969168924011
-7.86421149656376 9.608738450968506
4.398210837592821 -8.643098038092203
-6.256176975642647 0.7629646450960479
1.5726259191399556 8.126729798610754
-6.822719214025645 5.643346601136239
-3.0337010034709166 -2.0669955369535087
-0.9204053857073813 7.449308615713026
7.952531867790821 5.829269624482862
-7.955780271966113 3.668463761116598
7.7394535789666605 -7.605998443456736
8.410143198883386 -3.4184727067917535
8.527259924859457 -6.4359812691640155
8.715837125438796 8.37085300912183
-6.2236897973258465 1.617913993290756
4.588239896365923 -3.910935099622952
2.534121028620749 3.2101295542272634
-3.798444558270826 -3.0355511779090705
4.976278612261126 9.586758871863598
-8.002179882832639 6.21394933429967
-8.989412908994376 1.7277295328341218
2.821179138300124 -5.180664976610476
-4.230802148145727 3.2521114244286373
0.9709086567940428 3.3134149987290087
1.6516639879896111 8.270714061984382
6.253254604125033 4.925749608157819
1.980696012521829 -4.851990373306214
8.882553147860207 -9.878311186151373
1.5978074600488092 -9.896317569622418
-3.7790383492200297 7.27600972636332
-8.429583329332138 -5.5021153284670055
-0.0015118672879133044 6.372982568460568
-4.317300921587988 -3.12108894199622
-4.332958538973348 6.435251939489845
6.028083801755976 8.068764285174169
-8.833831128897362 -9.29454872237838
8.764905948835985 4.578265326312787
-0.19898539930795778 1.2699184168678794
-8.308328262840021 9.128816311578312
-0.5445058244035224 -1.265045113744618
0.969955442920929 -7.295915800794772
-9.238168061350043 5.110017582332434
-0.443523516179658 -5.915792995987104
-2.94228082580444 -6.7841283991296315
-5.855604711108975 9.951630066198458
8.109977246601773 8.93423595603073
2.7373781295947452 -3.564158206805727
2.461548224615896 7.455962499162691
-6.252914039873039 -7.590548753588211
-8.033653215721074 -4.936731201802987
-4.271973712308837 -2.10919807618116
7.478484639417676 -8.744867567965969
-8.091608033054776 -2.731971080084598
0.9369875732790156 1.7809393595631224
2.095783720361018 8.642302751485467
4.55364498377852 9.262536344667534
-0.21776846062861388 -9.144568633215687
-1.403535571367021 -4.983771728422372
-1.0963102455767135 -5.372561867513381
-7.5215194872914655 -6.465884663257011
4.801114379130794 0.95537148451373
-6.823026960103659 1.3187070014576499
-9.374139231838381 5.1687812322962134
-8.939806645244586 5.219716605366745
2.1527146491693294 1.0641085354910462
-9.204128920119544 -2.2058502593831957
2.810130263549107 6.113703964834322
-7.093282027712668 0.95482648103307
9.054923548818099 -7.910013092080459
-4.018776033173732 3.5860139614886997
-7.731516853376876 9.519168655954605
-0.08092585337546865 -5.339302153476249
1.6133440377073818 5.060775833304739
1.111464833069629 6.369659574380673
-8.667305073854784 1.4247783099468219
-8.039369155929242 -3.476001860646692
4.365025949709469 0.9749180509694817
2.752249361238409 -7.613097507534832
-8.714957746154512 1.6302836843272068
7.10459864382716 -1.1462886683465285
-3.143997168885835 -0.034291088157537786
7.843088609922482 -2.800903085741293
0.7707614534651697 -3.1600694851129845
-7.892098837317205 3.227943844111934
3.099743831583268 7.672015971179537
0.9827486750190229 9.686696835736164
8.087337515818213 5.743990089780402
0.650679485430194 -9.035264885407749
2.3691985813212284 -3.929835487697795
-6.001798692514415 7.305417105096957
-3.7858127606812015 -2.3007575905206235
-5.86988839416229 -8.109005952436615
-2.8540355346780233 -5.712102233992711
2.1870531060980234 -4.528328110307667
9.040289143366131 -9.493548502945151
-5.761292044070823 7.566190669474096
-3.9933114970891452 1.5566095426364122
-7.869098713019378 -8.233633431012368
-7.380186232085164 4.141123541455764
-9.671201750832951 0.3908346988197522
0.34342664999886097 0.06665689211620851
-2.5577078260280883 -8.887382533422496
9.90049756086258 0.40333049589645675
8.921782890816502 -7.494351092358973
-2.32224558255343 -5.290433719329373
-1.8940397000482694 8.22470570322804
-1.9157327244667144 4.15517100145491
-0.8294918827373277 0.23775318303704296
-5.434039295913921 -1.8234571581980177
5.825489973073022 -6.393076654646503
7.897264504571503 -4.610322916502739
8.534884721163408 8.63053034668209
-0.938091973005367 6.067084179202006
9.325401137199897 -9.540428029024602
-3.042281755092122 5.266743820846337
6.667953908726069 5.351745148029842
-3.7944054043880815 -4.584145257757948
3.852245154582869 -9.284835897547179
-5.781233889221797 -3.771663860846763
-5.224265576368414 9.002138101090008
0.36470359301855027 -0.607238675545636
-3.404081657294002 3.740095683633463
-7.711981939226742 3.706558797206597
6.789698466639408 -5.325555856768405
5.551815386904867 -9.962935968457984
-8.480352290329185 -9.250813310679117
-1.2435024203027023 -5.571994670314884
-6.454743108206458 5.625109845805788
-4.446456931157686 7.350167833326896
2.724452530584445 -9.446152527779073
9.30091174293273 -3.550342963644888
8.512488931311893 2.488220090926937
-3.2113072705644257 5.139705162595147
2.5628188972831385 7.889404904437779
8.767660580234992 2.829965692016172
-9.302350888069471 5.6666623106087215
-3.159269232150508 -4.23841080154403
0.010374564407268139 7.755720504317722
2.2438090243875024 7.443342936492758
-6.811104834730948 1.0844661900401658
2.7747430132824373 -7.943088373878073
-0.6577071067958684 -2.663290505276004
8.676961143012974 -7.427934179202431
-5.575797777082647 9.748063982562705
-1.5353154467638461 4.212253478645307
1.1651310535027157 -9.307301347575992
9.286599458098507 -3.0910311993624395
-2.7209424466425736 1.946899735908831
3.275741520660837 -6.2723907238204095
8.780643530764177 1.7209551284749462
-9.041804152683925 8.315569140074153
2.164117399856396 3.4652635489183137
7.299930193775499 -0.8413332033291336
-2.6720896989997804 8.330658866285532
-8.561717450643743 7.661568831462947
8.917168287837317 1.4176981164622582
9.22943113206308 0.6431953121599356
-5.446082190957233 1.402257724596108
-6.408880770075605 -7.9775983662186505
4.523311859868738 -4.451869667537163
-0.13248737220492757 -4.101802831535353
2.889149589179002 3.603941374763993
500
2.8246786414327296 3.5838870207374285
-8.041398102240638 -1.1727908885598985
3.0025433229394434 -9.277240653698108
-1.0579196927999135 -4.9808026257372
3.3578371907840143 -2.612512697582625
-1.0915498996919233 -8.689357129009975
1.0032374896618812 -0.9681562405431077
5.686022402948241 3.180411261360094
-3.2954925697909214 -0.24954650653610955
-3.5975476052011057 -7.816880015484888
-0.4989844509370922 -8.627617373637285
6.247461688118133 6.182881277422744
-3.52517910756204 -9.079811614056851
4.564825935125436 -9.225781645919087
-1.360195887609665 6.552331886392636
-0.2855720986652521 -4.787553024957962
5.867318673206448 -0.3996551170407301
7.7965651972203815 1.843812125742632
-0.3509993676076828 7.461300983384611
4.542550677573027 0.9673589538226359
-2.56902727851198 5.426551516459279
4.12344256217613 -7.4048390884610065
3.902797701048632 -7.576404718088396
4.3424435670588295 -8.127147170029401
6.372678258762626 0.5366492184189191
7.908405796419512 5.442993017478997
8.967732452823277 -2.00484488482277
3.3657472450200174 8.535854451753973
1.7902312255925956 -2.6626186770179006
4.195330894480783 2.361542038478145
-1.2881382042921192 9.422594941548404
-9.170394968923041 -8.947058348290858
-5.338179026355672 -3.1464687862140988
-9.20926101400952 1.2728533013721623
-5.93621439343563 -7.116308182012878
-9.065462940506595 -0.07553291986116939
-7.375256603548448 -6.711086767111754
4.7671978946562845 -1.2768469449587947
-8.85959957623867 -1.882969525300343
4.534724439556081 -4.077725178668061
-1.6573559786716192 -8.850495023033885
5.773783271094308 4.663951382424305
8.61471404759168 3.4461460595038567
-9.644923410805115 1.61208512857932
7.373467396342949 -6.972620138399064
-5.549165548848816 -2.3776392711875216
1.793262524684046 4.880050245926682
-6.24564546589575 -5.706387439226659
9.015050104942176 -1.8743835762694712
-6.3302978054123615 -5.7655923630990475
-9.474286838968137 2.3747553536777293
3.6966504732706476 3.6383817446378313
5.652469514900504 7.582457535154788
-5.7503836717481205 -0.6142698742948731
3.8646435045033645 -1.4672615903748714
-3.8997379672722605 4.789482480669353
-5.515232831579988 2.544398187196151
9.328955305087781 -4.811550344057136
-8.914258689595126 -0.028955665293558752
-1.3026334183131443 -5.161871688682473
8.998198158729103 -9.067228866420084
-2.654977328955872 5.895377807695873
-5.418887204615754 1.1778030478241401
-7.608723808039999 -6.734056423789509
-9.58338569838052 6.578272865147209
0.3115647471597054 -0.3092830526482171
-2.0758753030836674 2.5048521686391894
1.2547254114596829 -7.973838278216352
-9.151677393368697 -8.246082690788331
-8.281092109189192 0.8351090621686552
3.9655845317331426 -0.7311972175535821
-4.454599018808376 -5.532843018811439
9.734382677188542 0.9321316888840254
8.616423038237741 6.337516088821349
-0.6614160529350404 -6.287433974314787
2.5342349775869835 -9.452893927026944
-5.372348648773723 4.952414116596822
-6.946214384610563 7.891965182889987
0.9016043934323257 7.870621217603762
-2.055449134902556 3.2019640380504715
2.6313564868649486 6.155489953414531
-8.971559235918612 7.690169246870422
5.903412743042235 6.3685686542181905
-0.9448073756293702 9.221535259958845
4.158558748494203 -9.274962032420111
2.488482488143319 -7.588480776729416
-8.059189179223265 1.9503067915659358
3.120101531569617 1.8419130590561767
6.693315445459948 9.510238922155985
-2.476656268492789 7.989836844996741
2.3401625962913553 2.5837093823091255
6.626279045644363 -2.6075778070905837
-4.37850737231601 5.991372091365388
-1.2919991887614124 -1.2119527442510716
1.515817133429131 -1.4530586492523074
-2.100677563154722 4.84538655495227
-0.7704512465016506 2.4618290428065563
-4.625802249510045 -5.79883457916236
3.953893895952847 -9.06253768368915
8.45062460880164 0.44733498728088783
-0.42095168551406914 -8.3970896672406
9.79006045774048 2.701017074731819
-7.75346899323111 -3.399800343538269
8.543949052045395 -5.393050476163692
2.084968266639569 -3.127717325369332
-6.316527776653949 -2.484127773994489
4.390916209088191 -7.088893093195418
6.556393093995386 -4.0365768406509295
-0.5950156760415233 5.537089819473275
-8.050530979840724 -1.9420240174699455
0.5460089564134982 -8.478164061049453
-4.847706731012664 9.550886924184567
5.238418547601855 -4.921742514725789
-1.76245422685572 6.185309355769974
-5.9012859297946 -7.301423461276173
-9.426132007922071 1.3910227516650338
-5.872229665352919 0.6629786761987955
-7.0719940736764 5.617533990349523
-0.021654996312744146 4.888750496781654
4.6802874546617765 2.8318300797735763
-0.13281507730783026 2.3667855791889707
-4.982592640093806 5.089821067044104
-7.884318664614936 -1.6434001762312729
-2.7690007409109674 3.849245084335477
-2.654316219882027 -6.82453552777742
-9.986418939814566 6.945300658983669
5.929203529553266 -3.5007822329787945
2.7314302972037616 0.7918376878072522
-0.8978062015824371 -6.067305085011634
-5.222020532879381 -8.674987251959427
3.7641056121872207 0.14602870573031446
8.402046598421947 1.9640896179292469
0.646976416774276 7.516186121633371
-8.59902858688075 4.270638401153198
-2.5126736787239823 -2.294594016569162
1.6688726272078895 0.8302851525327863
0.6916806278834358 7.654121460669177
3.7175635444223936 -3.5409895169584065
1.2768410115681128 6.913048113155572
1.3728081776481442 -7.017309509071605
8.412973645698266 2.571218159795558
-5.566053286972588 -3.400908405258636
4.1959186916142155 -3.9756037984047037
-7.589882490098228 8.139810595933763
7.295304826863756 -8.48284263985535
6.594821291597594 -9.689686513985738
-6.957892299943569 3.1036781385171395
0.901733668570639 8.685536915125859
-0.634713147875754 7.780420832679827
5.63009469007007 8.142757064658007
-8.553128568832978 0.6457863316961276
5.157303853843732 -5.289899344750859
-8.06307904567287 -4.628756858725652
2.254871508284417 -8.015296637899523
-4.487789988372997 -1.2301935464197378
-8.833454175663785 -2.3633075190826025
-4.822033551071039 -0.38939775251383857
-4.634706239172132 -8.117900037849132
6.195801702675709 -7.808227675593439
9.381585653012788 6.48072941989086
4.449361749681714 -2.900572501307071
-8.710081965820002 5.375237930693647
4.284271630068675 7.4254725945875
-4.340777291129491 -2.7099374835941497
-7.499609337704096 1.7988171086302511
4.94576393704472 -8.85109178974563
3.620067931641147 9.652099369637842
9.03924385677406 -3.0905681406894203
7.522089690122126 9.943088390692687
0.22808621379293115 -7.897997958619363
-5.801710726208464 1.2052345006145835
-5.7530406193113715 -8.121077492639728
4.5536311463952845 1.2866464915597362
9.279654446062594 -9.14548730541422
1.6099767098314661 6.320028001498773
1.118461922675852 -6.5284746973806485
-2.0993611490586295 -5.002800282963165
-0.18607531582961556 1.9996178105873437
9.19175805270618 2.1907296507949408
5.78566379185996 -4.732583304112
-0.5324075369754802 9.569027633679845
2.7963428598097746 7.65552732318973
-4.050550990183394 -4.98429454651335
-5.678768745869396 -0.5106146527188322
1.4771846135732254 4.980560957903823
1.7004867181406418 1.395986355546201
-4.232415972078947 9.109872482259746
-0.6466523920818368 9.716355479408321
-7.106394630353523 -9.101028683644621
-7.726675046672698 1.042983408549098
7.655816043749894 9.191172112588482
-0.038886412891415034 5.332835998685317
9.832460064072258 3.6924499401537645
1.060590826744237 -2.11840124226931
4.15239557427995 8.06348187927054
-6.4540404389974615 -2.922193104432771
5.986739167775159 -4.11290625694545
3.2202690056089978 -6.214536493204443
0.4057290260121764 0.8600180859456419
-6.08004854233422 -4.77955719636946
-7.535490008802128 -2.7836942879700155
6.746135468511792 4.5887342420477335
-6.058238974972139 -9.88076213247098
5.30553644690494 -4.73968896392442
-9.109798780872458 -4.807827106253053
-9.938264423497369 1.7971190136936261
-2.3340553296929745 -5.265580461376693
8.913872119182603 -5.910742603166321
-1.6104653554387127 7.416830283298545
7.097483861040214 4.405413736208775
1.9300237333111063 1.3542814278335609
3.851847951710212 2.8827045598518275
3.6655765249561547 -3.519769948668186
-6.931620424924294 -5.732684967459171
-3.834939658009489 -7.131102038093868
-1.5275434051993404 -7.759920648921375
8.28288141248779 6.111524009999535
-5.301857374897228 -7.057033217943605
-9.40766726415106 -5.32334748310237
-8.622816728878304 -5.4548040152635675
9.44216613453143 7.343741457540801
-1.099689247756432 9.020406146531386
-3.5155274372148337 9.743225492557386
8.350783855330913 9.567492646538057
9.266419443236032 1.989370259110423
2.4064481309150345 -9.046272729942842
-4.226799347800849 3.4949435238664606
0.03786334789828594 -3.16009434541225
8.736742126589288 8.40055271949193
-4.145499293295041 -2.5613637601590327
9.743796295147607 -2.836689032007012
-2.9895329830013146 -9.379292319030395
3.9701545744791584 5.468459294030126
5.507506215181735 -1.1168335560015326
9.890522557478963 -0.4580925876311408
8.804397417089817 -3.3434329588632616
1.0451735909427882 0.5962942013574342
7.846003734753097 -4.7186365810617925
8.642325456718915 -6.316854993385386
1.8726159590150342 -6.8941067688462905
5.972988821334972 -0.531292239381731
-5.589623346493795 7.600636254976656
-9.538567686741455 -4.915949439097604
3.0051673037755435 -1.9253515913859616
-9.403052949091435 3.635171857704897
8.75704489077344 -0.3503529771106244
-7.467500767874126 -7.766199462925957
-2.3176228385730546 0.2877679768541501
7.952280593162637 3.2536876467642024
-9.035531204415213 -7.377334059016015
-9.917519102508574 -5.8466004665423625
8.747897972447426 -5.4463434725844735
6.2038322916212785 5.687523919858293
4.332296488283625 2.6509661561868576
6.093449491602428 8.650523449075287
1.3346430997017187 -3.096875784689317
6.019335665889379 -6.379233511526101
6.652946518305846 4.879508105690784
-2.0143899288084066 -2.8295965666784717
-5.045529930330219 -8.481903945730764
3.5505085327232795 6.744665703023504
8.983263426679088 1.6546336642975241
-2.4883488287933204 -7.6585535779365355
1.65742329452101 -6.914947160339313
-2.471863242384675 1.639378284313043
0.8554958118974412 6.212273905501565
-2.8913055386512525 -8.32501273679579
4.208404218947257 -7.897518421462911
-6.908565454253703 -6.210365568438512
-7.544857144867598 -0.3135997904345551
9.947449043855933 -3.5022927186803487
-6.065209513433558 -5.07432758108024
-7.21642970631748 -8.308652371809565
-5.478272388135839 7.4981655995948095
-6.773807706610516 6.776191140626278
8.665856204339075 -4.758749820357715
9.631448841141513 0.765141422228723
-0.159270685568071 -9.048040187642618
-9.657115396809427 -8.447949385691073
1.804031751496833 -2.302831206276128
8.708818940566584 8.063618336314853
8.965051664474984 2.5066360687156664
-2.9706349486214307 -4.115314935115868
4.636542750822073 -1.5637702979118124
-7.183425794037605 1.5322249664808254
-1.398564832762803 -7.9491448006433
7.973056020147876 -0.32826763017790483
-7.369123779548781 5.471390801980007
3.1682715569469178 9.787952033571266
4.139318804411902 -1.8829791538551568
9.958053075021255 -5.489945557376668
-6.265100447331027 -7.894451326038201
8.323014565542817 -5.6698222700229595
8.345634982107018 -1.025008866971275
4.616021677379429 -1.3815019109580096
2.529823963387866 1.5740880737264256
3.090878613113441 -7.4220158858181655
9.853860386742806 3.256056535780406
5.886345931541538 -1.30685289827532
-5.14735132838247 -5.811761849733839
-8.071874527827479 -3.125147344599217
-4.900845669425317 -4.254488651071089
3.9201214429383207 -3.402403815768256
-8.516219072904818 7.592356052241158
-0.9434648615510852 -4.792342139967662
8.58837037119195 -1.2873833056038624
3.574091397517975 -7.948920264352455
-0.2817609494702378 -2.8100313684355926
-4.576755518242919 -3.667613156355671
8.415019921678795 2.9176914918855026
-1.9180674528818464 9.518470219426106
6.465661159305341 9.027058200366906
-2.4584049090240567 1.9794894400211156
1.4167315593711667 3.68740985702612
-6.0930092924013435 9.871644024688234
5.120082235944974 7.988289418659232
3.0086692703080526 4.208590872293833
-5.214459749527802 -0.7852923469914597
6.799356355624894 -3.7623757660802815
-9.660472761360346 7.7435228787771635
2.0445274092164887 -3.2133828278161065
3.1950026507211877 -8.357165550595875
-6.689365167001336 -0.7575615556844824
-7.5254629630800585 8.060509672174678
-4.8539379017855495 6.928628292013432
9.976924649658073 2.027502287589307
-4.681308561789097 3.7961850201780614
-8.256470669714439 -0.8700586677041162
7.304270635756861 -1.9674769400206689
-2.094351271442612 9.500636991734599
5.176973863346795 7.736807821968281
4.240755604433241 9.457686785528306
8.687119631275689 -7.064616950735356
1.4783891975247894 9.845401621364402
5.177715015913982 -1.2582176987949882
-8.49087309105585 -5.509880595277545
9.705278015281081 4.4701604981000305
-6.585428892256793 8.658056375841728
-7.802259110486034 9.949191018499274
-0.6358446075323094 2.3931037004758338
3.7470894185817194 -9.765194376185137
0.45386536362925156 -4.272648112563573
8.639457434289874 -0.2360491142759642
1.5150600371795306 -1.851533086559252
0.24563989584573243 8.511675579981087
-3.5475726066534596 -0.829223069271066
2.055853536096592 5.448039093760546
-6.420435822711184 -8.636767944326591
-2.4965736264974154 -2.921574807516625
-6.072956519298343 -4.932375092138739
2.0221996974809375 1.678248678049174
4.984217575360461 -9.111005238033583
2.8790077801398795 3.5884285475464814
-2.441475838319416 -3.2822101957726506
-3.5689370226028228 -3.831092776591529
0.9232333703914897 1.2298406430580187
-1.0122816726815493 4.988494295932242
-0.011163304984442846 -2.3137610167390354
-1.3903829172934472 -8.367645224161253
-7.460343845945636 1.7835049343412752
-1.872823354334468 3.728052304047951
-7.023924064386078 7.824458976064392
7.434013967467557 7.841108913722891
-0.4827183576940186 8.179074505843221
-6.8352472394850565 -0.41604682699800577
0.81955872135714 -7.136021565882141
-7.794021367482977 3.2148172433584055
-4.798033026706694 8.383706763312333
-8.990253754798587 3.3162897202868002
-3.5209613029014637 -6.608435691533789
5.6012457318588975 3.605372047852553
8.148152061699442 8.8321803266359
8.79467860609796 -6.863702126850795
-5.2084224901145575 4.504735125339561
2.7418947312278075 -4.315542300355617
8.515778057893417 1.1092470957060225
7.960706612930771 0.20138565349837378
-3.7509440917025705 -6.8497323311835
-0.9826100965014639 -8.956087291958275
-6.039622427746965 -8.182679254191545
1.9273762076411476 -2.2890931156258336
-2.250142727042082 -3.4256741331723006
-0.8211408624280807 0.8837580896047115
-0.6294740443611797 5.725222819684792
-1.7230486507458593 -9.988309053453893
2.035344969049735 -4.837768083458749
3.5875735572990592 -2.085850234711013
6.32289372015326 6.063409355465868
3.192494859533518 -0.4988656355583938
4.201396741037904 8.254471836353563
8.871903464035405 4.023058155988039
4.742454586455402 -9.630203236271486
-3.6762849868658742 -4.454436190102924
5.174068851386394 9.589336302346403
-9.679070397553321 4.621270563898738
9.998974370851862 -4.2083971221356276
1.5575873581687674 5.059001710406619
-2.708032438276595 4.057344135458425
-2.192049260816167 5.458373408545231
3.1254244400762445 -5.010349714238216
-2.0655812973271033 1.391971711166633
9.797570105934518 8.516269777397397
-5.3909737441248184 -4.4565045152968485
-3.375243562772887 -2.392552919968736
1.50439632201447 3.76416401644515
7.256597902196567 -1.0688156366891164
-0.46675892663418317 -9.827242811291669
-9.324491704422321 -6.423135139047695
-8.48285541738189 7.1339394652344055
7.7609870479828515 -4.4585187267660675
7.877608161074367 -0.7191909180514582
-2.8087624445795 -2.435100027696504
-4.416582078509985 9.446978586659903
-7.312015855962979 -9.944525787907333
-2.47437710461168 8.449601028635566
-9.987509944231824 -3.887906094329116
1.6191818588746116 4.958011729435148
-1.8331008124665438 5.873948175390959
9.738790017870674 -5.775893018500707
3.7233209446778854 3.1683498553000167
-7.577636357333808 -8.372578852196813
-9.392524038663886 -7.3626046729491605
0.9264190410403543 -6.856494343920385
-1.7297174284324832 -6.926446782817733
-7.265326545561983 0.694811983517198
2.9016479235663635 3.3028578721914403
2.285179481877993 -3.3182763610412014
3.504409364475629 -1.845471178304285
4.675714259570771 -0.6151538197882171
-3.5030015007583053 3.4801578204976025
-9.937497266183161 -0.4226528432251371
5.069044142178727 -2.583881855133723
2.8750699464623004 0.7437077707550248
5.6207004148647535 -2.7025457035334677
-3.848084577203199 3.136610298812645
6.925825020987521 0.3775598820941273
9.660614975895523 -7.681459361282961
1.7913507085045417 5.732978601157768
-5.290763352127163 -2.24981551503941
5.049062023856665 -7.561711761218321
1.5247130488654363 1.3100598404594006
-6.192461365781896 2.7538830167806534
-4.214383806822822 3.7003173312004467
-3.9571697436355517 -5.4807994919247305
4.904695321120023 -4.536633311301317
-3.579702919514176 -9.301449749973852
6.338374687026253 7.057901148099166
9.05033076220062 -0.21930554121663626
1.5049532852680514 2.6574809544105715
-4.359204518413788 7.836760482232972
-2.9604027158809787 -3.849610500698155
5.81474678488644 8.241686291667314
1.2971726757299429 5.039234834438739
6.679475875029773 9.437249828617052
-0.8172506741414978 -6.660383912273639
0.31371971004377386 6.197013223685584
-4.559682412365563 4.655211330966926
-9.262839800122437 -7.827880065251285
9.226770894766155 8.168797638228096
5.29259305620571 -9.717801928033747
-9.347856089125504 -0.8574173419301232
5.786566967911151 -5.082017995565408
-0.5504468702290133 6.199748891624161
-2.116993827754568 0.22109681228829992
1.9067484605986564 -3.9843705416608994
-6.916105311618425 6.589258373854001
-7.3824067980034735 -1.7169481148644312
1.8498414945928516 -4.000984398232728
-8.147096279447561 5.510836815184387
4.037760875724839 2.8715756703299853
4.946819369601263 -8.154980080679728
-0.3064471209453039 -5.076358962765097
7.612186285456733 -0.15928382254617546
9.610246053328158 -8.763572803119056
-6.041259067199034 -9.942081054032506
1.129725021994009 -9.20077998608825
-1.8548573743918713 6.451201068193868
-6.5922119366378755 -2.4393943682751456
-3.415363641695601 -3.9701635007730385
8.688090134122007 1.804035615777888
7.991082614238046 2.93829148071916
5.574046428514885 0.7681061652052161
5.129024131096045 -8.796052924110096
2.7918935965390634 2.881762243968712
-6.278162159649227 7.890678727815807
8.299109272145447 7.005258661275317
0.1948388735494646 -0.10849866552738874
-6.282808101033348 2.5223103006790737
-7.744305144045372 -4.413553004300983
-9.32099647400552 -1.2153854243232232
3.8738331498174965 -5.294981059879278
8.521331435195464 -3.5853034349621797
4.984185023602459 3.8291879541086615
6.915264511083986 -5.565010297503683
-2.7990443109334473 -6.762590569561566
-0.07539860666769194 -5.454710259547468
-8.406876994809316 9.717855653001621
-9.058598714587937 -0.32625959664724924
-6.765660028751313 -2.35074792741929
3.3063665755642564 5.127764500318472
500
-6.722872207275213 -3.338483625702928
-2.6566841494284255 0.22454567860326513
0.7644749756868396 -8.804715573710833
4.678467110223449 0.8308134637459013
4.08296720253613 7.660004141160773
-0.8064255742800057 -0.38440003681680146
-3.4559049182716777 0.8849800898742544
-3.4265634277493096 2.0727453530770177
-2.8798841359713734 7.307813989498513
-9.647014168218265 -4.643977877260143
0.08937651370096766 -1.6759756854745316
-4.763678889898301 1.688315408029304
-3.836654362180152 8.952659332575216
5.447455375687708 -9.512071889659808
0.6875217622098351 3.617840595602292
-0.31216981829413903 -8.336388286675358
2.5175152374528036 1.6451665760082257
9.627236552734853 6.305388002790053
0.05655655581756136 -7.226059344392814
-6.051098168247771 1.0814122446084369
8.32295481653042 5.359465161264614
6.5241769051983205 -0.6794796621553001
4.712449994585153 5.985053292411758
9.88638859828632 4.133536888161073
2.9829084970158792 -3.348471739180705
-1.0623945360872824 8.715426659923807
5.482293906932799 3.7753911446540673
-3.363696336059043 -4.9195381577752055
5.271523224676182 -4.3257570020985625
-0.5465017868664859 -2.2576459552111805
-9.766688797699343 -2.250301066600975
-8.890361612522284 -6.75217873313046
4.27432677012095 -2.7862490332748413
-5.588160308632393 -7.05457408754625
5.31684480946565 -4.0427755748226595
-2.878995378073599 5.554112804418757
-5.5207007413231635 -7.427744655812861
-0.9585769920089682 5.332940920876684
9.171906921078413 6.684192068968894
-7.387467398955467 -8.288107057793294
4.395577879903808 -6.929380300987999
1.2244511277701804 -5.869208354343014
9.34421134604013 -7.417248101048088
-8.391793673976537 1.1168380880851654
-0.09169010065778238 -8.11875777567396
5.8678447795376005 9.061204206197097
-0.8568802848672021 3.763493358614598
-3.607468760997021 3.667691682884941
6.075888181656147 -9.88232495989977
-0.6944406112766579 6.169804791264188
2.192517147726063 -3.6900951682956906
9.594899405213475 1.6951932298780754
-7.195786732181024 8.806430457878768
3.0173517385488537 1.6138394625024244
-4.20146366854576 -7.523261373485037
-1.054435121396832 9.049527058817151
8.156545389497403 1.1367379882522162
6.984190509177143 0.35452343072508263
6.526215259770176 -9.274622336535408
-9.12517357883144 -7.382845331726231
-2.851072279845792 5.330288144204818
-1.5797860705691846 -3.435514815962666
9.116563656085063 2.6843715080422683
5.745615273118087 8.88773196839982
-5.167175782501035 9.27903724864603
-1.7139182040018497 8.895119608661172
2.4525828897654804 1.1277833702915423
-2.1328595320811994 -2.485543819794092
-9.03926355689306 -9.687097420689682
4.294157255207352 -5.687909346954294
5.964992931462811 5.838508051374646
-5.793834325143317 6.991823378851411
0.25137030022144913 5.9168367911740525
4.370626780246257 9.018960214276373
7.963657566937265 -3.5632803144968106
-8.0652797651157 2.2691235676420867
-1.1910025381259821 8.571141400225475
-6.499451800288041 7.8099597940158105
-4.236771039858443 1.3491594661961734
-8.441611868114103 1.845056693337483
-7.8809871046895115 -0.8358906555139445
-1.644734346235655 2.952918021964095
3.969605025903764 -9.525699754192381
-6.57954071942263 -6.154979613543645
-8.114747607043753 0.4190313151194065
-6.5792884854172895 -5.765736527039382
-5.7512581086531345 8.688077856523407
-8.43536529959718 -9.894088254153985
6.342990972014597 5.438610457129032
2.824643339093594 2.517258376663955
-1.6677563520057745 -8.134710643557908
-6.667009818942773 5.822818050931964
0.7965382013580893 6.8355754355572245
7.951611483437475 -3.9110652079152164
-4.503181352533179 -6.778654114298597
6.135897190873841 -5.037397736870181
9.090814490535447 0.9239668022681222
-5.540290423710228 3.660621378297469
-7.968288635387766 0.8308232492196961
-4.217500595662731 -4.606436791297144
-6.530939674615279 7.9778731930263405
2.44305681814231 7.0315255788732
8.98246365415519 -2.07455455836765
7.868525706281606 -5.932826837641326
-5.390508205037536 -6.600800866479766
7.175934343936483 5.64415628290873
7.800743237086152 -1.7881365126844777
-1.1462509126748834 -3.141085814715094
-6.736256157892648 -5.780498474777593
-7.351891237140011 4.3010455754796695
-4.763749891376429 6.260581893795319
-2.1903580995191163 8.157942660698868
-5.196402701877439 -1.6997974246297805
-9.261117573957474 -5.756538403176698
-5.751284916924524 -6.459274116390725
-8.209445586593006 0.46289448149827983
-9.482967988773272 -9.770702976288888
4.860244426942193 9.398707803675443
3.9013636543093444 -5.4171809426313615
-5.838339343457077 5.110137767399266
2.1241784515732753 -9.101089440784676
6.053337942364234 -7.479453546835733
2.3881343377847113 9.21910205145981
2.948415313854344 8.933336678279776
-2.0031032677455674 -0.20564389398030514
5.780786820259889 -7.1068263235058176
1.3322658537305454 5.134175911132452
7.678949893976693 3.79125095742846
4.53799743153872 5.816099520904894
-0.4738881190019679 -4.155935186721842
7.155653889133035 -3.4075723478828746
6.101857299437064 -9.72099205230614
9.937242003075998 0.3794830348972855
4.053809237437225 -7.764400037533186
-6.467590478994576 0.7770608005651898
-9.533675821953793 -7.930580863896686
-1.0038702353376223 5.303029084661494
1.8916842311242483 -2.0117036709994824
-5.250644579316002 -2.1059630558430893
6.269563158902329 -5.079840538130915
9.006989030887592 5.670613405776098
-2.4923329248406167 -2.7984935289800905
4.616783455645191 -7.982885141846127
7.4477162552808025 0.6326643830408827
7.5530702239779615 -3.531619701323714
-2.4945073103043196 -9.455287947396094
-4.701279927223371 9.161621641523784
6.311026968895774 -9.502251439852621
-6.670217366777685 5.518049034587435
3.8676030901657654 -3.189651187808402
7.19836027532822 2.4586021124619215
-6.08089155947053 -7.672586897589609
-4.337191045225632 8.313178707517682
-5.234720582021293 -9.715833399016047
7.838769212398308 4.942083249368656
-2.735759435506373 -1.0453540977508062
-7.317074080629196 9.856175558673307
6.6415608419987535 9.753826996413956
1.225754852618035 7.525144088616024
5.397213958437632 -6.513231605161067
9.716677676760487 -1.1913166991818258
3.182968446212861 -1.7628913106387127
6.34021829019343 -4.121574714240355
2.581307332863034 7.328831746361843
-2.012574149566615 -5.573626641205351
3.567701267013195 9.530220330850597
2.947588463878784 -3.9508249329169454
2.774752877070652 -1.9384495501193264
-8.129616948431062 9.276568044353827
-2.715972967804956 -7.971388082851101
-3.5081262481940794 8.251792050937677
-0.30323167822582775 3.6230530906209744
7.882394352779059 8.273116496463398
-3.8017509296426706 1.4524846120847599
-5.424788779742524 -1.6634939892997664
-6.627478939368285 2.4481078211904457
-0.6190068205616299 2.6364336840006217
3.0246662930909203 -0.6824999615281069
-7.77171057656253 -9.148035967426917
3.572203254327288 -5.980819231609411
9.432654077098622 -9.263011000972066
8.844728873749656 -2.2182844031553905
5.524050462735389 -2.0474066913570894
-3.231394317686778 -8.1666788176824
-4.088312987527701 -6.040937063323435
4.5520312742343965 4.076954431320923
9.423357394850488 9.21966633752573
4.437773650003255 5.726012394387421
4.125297252036958 -2.66348882380629
3.2396932619687853 9.660551866608763
-1.3608033598407854 -8.769827885152111
-9.343036244040977 -8.6743037806829
-6.184602634611118 9.617385887048936
-0.47402242549363294 -9.283438443574678
0.5707948918963641 2.2995736985528055
-9.219609224746621 9.829067878019462
-6.803852334353095 -9.205859093789277
5.6043281294348475 -4.400275683813016
-4.586823903435116 -5.89146787496831
3.235874055998769 -6.126012372524419
1.8246771270284228 -7.435394398862362
-8.051373199038752 -5.596077601665874
-6.911957263668127 7.78137327090246
-6.53173245446488 -4.814691331728762
9.083327678534012 -1.8441493552510817
8.739009378268769 4.4203002961874756
5.965644535291306 -0.7958043830128219
1.2620542978748954 -9.158828082160078
-0.38293304175009624 -7.375748748252439
-4.154310869323403 7.284575908725969
-3.3942749316216574 1.5301351128256968
7.240232950096022 -7.608567976699662
7.80966967241806 -4.291157167763398
0.29185747982699617 -8.717324967154582
-3.3989840560186586 -0.1753210891857666
2.9536306867256066 1.841374499804406
-8.619750521853328 0.5638157559348898
2.857231585908673 4.519318797889319
1.2674997726173558 9.017607802664585
4.697494292151227 -6.763572717447568
-2.6968699476415043 -1.0836985647726074
8.217891934261527 -4.231131977740114
4.457865768683222 1.76267210089906
-7.632861215064843 -4.132887741463566
2.6947122962391177 -8.190579771358074
-7.890551943796074 4.970911267382839
-2.9266657941708534 3.5142175209622266
7.681824849700881 -7.893424807329348
-5.674972088700159 0.4685624271242812
0.6189594088388475 1.7226659330400729
-7.672659670201744 -1.678769768963841
-2.6588914498170695 -7.807572335015167
0.2403067751505521 -0.578150818090089
-0.7359946878149621 -1.0546027728800453
3.355499496535348 -1.647443519871075
8.613780083297563 8.886215188310114
-6.358139726703575 3.639532724481551
5.917930895270903 5.72292061118636
0.5277641334694323 -6.334052301438719
8.372504267106883 2.2100398420312466
2.6672358829328413 6.270191285670425
0.7734145946377531 -0.5096236907389606
2.4232904663376775 4.179460570665803
1.3447373661034518 -1.2781228763971235
0.5001304140442535 7.010949655972421
-3.1866211574441516 7.057468541549184
7.163964410123782 1.1806219367463573
8.181822414477256 6.266394069771941
4.753804320087413 6.503714096773603
-7.647735625333121 2.8216241430922544
2.2756455466942356 4.258814279082092
9.135232502258209 -2.3930382582790477
8.648901062477485 9.256423493638273
-7.564136939557693 -2.1088675010964604
2.5539878569549206 -2.005734192075601
-2.6791032590774204 0.9518966051097344
7.563175562442122 -0.3132619655636901
-1.5745702136915085 2.157524271438616
-8.297327383725424 1.4572358840312543
9.667225772766859 -4.805516669358365
4.386688253894604 -6.23589979526913
0.7597002767142627 -6.8480418702661545
-2.969433440939593 1.9898692624759757
-4.894505722894866 -8.408274508088171
2.236146078007536 -2.6570435909628625
-4.5107039672490234 8.595894738318364
0.7864621844722031 6.479222449404837
8.486028302038665 -4.1186482783269955
9.142435518040681 -1.562879569732008
6.37301643980868 -7.822351732003979
4.929894443263764 8.097115335454891
-7.095763473859186 -0.8879851322660812
-5.954587715631718 0.27896484068036287
-2.920923359481657 -5.426123638019467
-1.3969378206135232 3.663550717242183
4.09086828408479 1.8475290205646981
0.8759484947137075 -9.67068477558093
-1.276917170357974 5.4594742204193025
-2.7782761576642017 1.5010356335833475
5.558792060385082 -2.9274156491020165
3.2736150303265905 -8.51026104771216
8.90788636875148 1.0814141672986253
-5.4668022600948945 9.796006527248856
3.8623227847426627 -9.565770157064641
4.276198556536762 0.9784123129032025
-9.600262803874823 -8.11107348691512
-8.584949238188766 -3.377133742098497
1.4040257060350108 4.9826774591606835
7.225031392536781 -4.260039281354739
6.482734499374413 8.860549802118808
-6.935478528994478 7.765940358837426
-4.654134094578541 1.476699500437375
-0.21699401389761874 -7.3924161020191175
-0.1131649941712567 4.4908222311415
-7.633537148767056 -4.821144331923062
2.6763910912537945 -1.837706613610461
6.90574225175218 2.2017827486028168
-8.147323776991417 -2.887278271133793
-3.389968381192996 -1.524507101052805
-2.103502591395385 3.1915279299904853
-6.712691646103146 -5.635001645145474
1.7809848225124814 -6.48374832894052
2.3119921859318797 -5.575621824140455
2.575466534406539 -6.126054798186129
-5.106929974896202 -7.113930157104191
7.243054602076999 1.889095242746082
-8.04225649526715 7.924409220467734
9.98564862996703 0.40111648615565976
2.6019088288684333 7.302520847394398
7.275341061817809 5.140416632958809
-1.4206870014287691 9.54896743650405
7.156577163851438 6.707769522900286
1.7156680805389186 -2.299259373379283
-9.629000395048317 3.9229087428229708
4.342034406815854 4.117344887743785
8.7389293921077 -9.73862290604496
7.271612191307298 1.2938731665026548
3.7260052529423753 -3.239466841675
3.5296872849147185 -2.136874219251257
-9.595746999582424 -0.6911878683614585
-9.158988852560977 -1.8810597719161066
2.6060860546571476 6.34008024527618
-5.102171550597991 7.389334930414066
2.2714322515216683 -6.079101670794254
-4.743423091591518 9.789444351321738
1.4661399732679499 -3.1105291740901153
0.9297084938950206 -7.572345015699171
-0.46087126802967937 -1.4084168688262277
4.962794497037974 8.836469113485801
8.016062206635986 -3.25092930202519
-7.283063026596006 0.6789254651055199
2.5589997219011824 -6.330712856773886
7.853104601702725 3.711542324970713
-1.6546596358494519 7.84055752691906
-7.843688851539534 -6.421737724930616
9.738353989660421 7.283506596661521
2.660304684613248 -9.988174099778611
-8.624281095160622 -5.407903870236388
-8.244540222063542 2.6531142288036147
2.1785931795099778 2.3277846888586176
6.177962850994572 6.749731218749741
4.804905578650116 5.97774069239291
-9.658089681790292 4.947352645877224
6.871492537665741 -1.2820616223693477
-6.597198627648857 -2.2191075201755677
0.24952499513678994 8.684451042601879
-1.9091968371579533 -4.119098878339004
-6.6225758698681965 -5.939402645877172
6.642651023462179 -8.143398096872637
7.9968672586076615 -4.155328506735369
0.6064448571381895 6.076522295034941
9.021831028066885 2.6833870709141685
-5.596341938236112 -9.971240426669564
4.977485450534395 7.220672001687451
-5.627338236499762 3.795586711362377
5.305257902759246 -9.55057303880949
8.853862169545987 -0.8926671308093042
-2.512437302573634 -1.8880761945574989
-2.6045006771195105 -4.599734336679253
-9.604316625812677 0.04958776635579021
0.5397318701604306 -4.406811445942605
1.4059938125679157 -9.937928785009442
-1.9338559853127961 6.598408483105672
4.424380295516734 0.23771667760084547
-2.7730469977052863 -0.7270183978315536
-4.244183159185515 -1.670631933338635
5.170923887260372 3.9195415056128873
0.6297445472734164 1.061759577931733
0.7954673094704532 -0.9079751997199459
-5.397888679817145 -3.2573868557067875
8.150335467480975 -8.669804173912175
4.325707255952512 -2.470024808497831
5.710146476569683 0.4545954751892367
-5.551790469410154 -5.393474359988122
-0.31779363675516237 2.5206727259262784
-9.206674596849158 1.3278958162796517
-0.2043426414934224 -8.947063155308792
3.5715722855023184 5.47046420912614
5.893690076364397 2.3927109891576173
-7.541302483180532 -3.751381013871809
9.647859366908243 -6.927296959644642
6.350568204623222 8.41566963761072
6.625388117685706 -0.0027421353138663562
-5.373962942437811 8.92791623849563
3.339604186435789 -8.813645796541786
-8.683216266569424 9.492996415265942
9.865933810789866 -9.517438507514782
4.575061292763735 -2.324282104065041
1.400011899186076 3.2870726482867134
0.212885172622034 7.756262603321744
-1.1547983961877701 7.179046983363644
-2.698102476348108 -3.182272775087986
2.3211295301795243 8.275583205574279
-0.7968972094706857 7.039114952917657
-5.814033105805572 2.198055983314278
-9.096985271877147 3.1560168057369697
3.818244052240038 -1.7417035143277033
9.553045832274815 2.0771743156548865
-8.810290996751641 -4.030390490081648
-7.80794423178132 4.087714580755415
-1.5157061057783032 -6.378653614117349
-6.309770432124466 -5.775116382951362
-8.152085315962944 -5.235665690830009
0.20893188914531002 7.266672012927412
-3.2986542945277053 8.733607087253418
-2.6703097751294136 8.504636414205894
3.7115844638856785 -7.2411362996041495
4.294131393936656 -5.78697166412131
-2.950070505180385 6.955357096499711
-9.767777751633407 8.576774341830863
-3.9514220225852377 -0.9615045192228795
7.335572244741421 1.151949485582385
3.302988310939634 7.536773896665007
3.2207843924086106 -4.494955902501852
6.860147113562942 -7.6056945841985275
-4.140835222010026 5.523492897451991
-5.500937229577161 4.613898134439051
5.341413865760739 0.710796362402558
-1.5441323913043536 1.4037195511370335
-1.8062975214211452 -6.53753929920123
1.1050378571693145 -4.434936808515957
-6.726255285587193 -4.162569955651665
6.6544369219091735 4.746531387306778
-4.690231648447067 8.223280619477062
-2.7037228013299908 6.119957240938188
0.2551822719258574 -0.033106521718693216
-3.2384330846936393 -8.124085728393176
-6.381884906537357 0.015481241271505297
5.350794850055731 -9.019234400220595
-0.17803910321413774 -3.529959425598987
8.025125834597073 9.012806960381507
-4.548247563523857 -0.8423491301247132
4.696268994488019 4.568535739459012
-4.077800850493441 -5.575297678384194
9.27326025366095 6.711893977030151
8.074301591806233 -7.14882812062233
1.1037814868177485 0.3451641862540562
3.1848952295709676 -5.895872485691262
-0.5647688888000459 0.8023643490160843
5.518648554443754 -8.717188575945606
1.8385452528038133 4.99129648056622
0.7025837543768443 4.668627745375797
9.009094773330055 1.482237117917979
7.572553964607206 0.7852021563466529
-1.5182275818453768 -3.862369252768798
6.254523550634602 -1.3246831865105797
1.1048699289338781 8.739449026200795
9.304198235798289 9.342747679767925
-1.077320110376295 3.34190589716445
7.983740575346971 -1.6494438998237229
4.3736138717500594 -2.0535327156018868
-7.106197990531498 8.327070698336328
-5.851119758686005 4.705537930306431
7.613939818624829 6.993705044999658
-8.58931763227677 1.9844085954363813
0.5139416353121504 8.432469622977958
-7.97005575860644 -2.9305120754568392
-9.927349071982594 3.856584753632408
2.2539448857256534 -8.429750919754117
-0.40770828607258025 -3.233110491219609
6.873125113541633 -7.945195216076497
-1.8122713047297374 9.52136008204804
1.4007181774925197 -4.839856779488699
-9.40457910708669 6.663464607840204
7.817345596388975 4.450091947825793
7.546123240273708 -5.341068868316386
2.2337462383085125 -5.936328510029599
-2.1845408827952895 8.250391049415153
8.472321581889307 5.965379794353796
2.4155806496815053 -4.069511022450055
-6.971613112630195 -6.951437012206288
1.9313410930436863 -0.9255510862548455
8.66180356913491 4.706661027362827
-1.7051423055526662 -8.736539108301425
5.734084996807354 -7.91447996256098
-2.029355521735452 2.3500397293794464
-4.9017064390393355 -4.211031511965
3.2148867511315977 8.080542017445737
1.1957179199487928 -1.7515944784781752
9.680517528124845 -7.425841396845021
1.4047519882776527 -2.383460138864959
7.9205705036297935 7.860858045906237
-9.138336327778902 -9.656100691635892
8.063386118745267 0.3706485047953514
9.43615580012763 8.488968943773788
-6.2915029074499085 -6.8227750460386005
-2.601656119068294 8.05009697689642
-2.3396189681581703 9.411163004360915
-5.655949987917134 5.845005760923691
6.704041868019125 -9.80651246884184
5.0025296361027465 -8.847383113704634
2.209038494769386 6.16524546152683
-8.635126090168745 -5.454365124903646
-8.568669122196429 -3.356653058279349
-5.073020391327649 -1.5866164602787443
4.248952555819994 7.833581243653828
-7.004911197045683 7.7731225311285606
-7.586409090859501 -6.7336145093760535
-4.754203051533674 3.541652553443832
-4.769295359103305 6.371398655149722
500
-3.277898341120416 3.7728317753262637
9.872689665203502 7.632013511708315
3.1634423610785483 -6.437850278568947
-5.497371447655515 -9.855220694899796
1.6832587808656712 3.401499566152248
7.982235812968597 -2.5481914121775118
4.625231769722237 5.133604948045971
2.0022677729709137 1.5699419935884293
7.030804145663364 -4.519291743972627
2.3156838215685696 -8.125659403831232
-6.2988052682456885 -1.1959619282614753
-6.797035666490632 -2.702322686332767
-1.6032452419726457 -1.5678009295875466
-5.749617690097299 -1.9218261089063553
1.4066473136022566 -9.679153081841136
-8.323583086072663 -8.761905844960147
7.64698128647068 1.9075093548637128
-4.428723449897238 -7.381954059881801
-5.561621075389624 -3.151196019217246
-3.812526293266611 -2.3841551998737405
-5.643637339114851 5.986863098709112
-2.140059618710131 4.945769885453338
9.789745676053954 4.128787059673138
8.779508852410647 -1.228559406072451
-2.599959544568904 -8.188552256246195
4.031420384456911 2.6970890715248963
-6.8728142947405635 -4.436881401065113
7.750401075716052 4.477054376885574
-9.903373770935413 9.843660023423528
2.7427913789795983 6.746255981600932
-3.348930812841475 8.095817193448855
0.3628948170059676 -6.69576848765977
-8.317083049491751 0.2083514384304035
-3.8704691485261407 8.59360140890545
-8.702777163533897 4.452108112675727
1.7327635711437512 -6.422921366992305
-0.9150105782143996 -0.5883683348714701
7.595928354822831 6.7710850005950896
1.718934860385847 5.66431618234817
9.90954613722674 -0.29571485597235814
3.569022231265812 8.604351946910924
6.222156820654973 -2.036167368738635
-6.923294053323592 -1.8470421070401706
2.2327449786656253 4.642117747793442
-2.80219250352149 -1.1184536698819443
-4.309233922566049 9.51476317635576
8.11707348019047 7.3578979804224645
7.289291475688003 -2.6362662808335324
3.917704126118542 3.50642541764406
-5.54919983859909 1.2466013095381445
-4.270205972260028 6.173620384394713
-2.935034813542363 0.025907015224772678
7.433783394901994 -3.987161210763091
5.610134326205248 6.539865135517875
-6.2941679635079195 1.0425060302377371
2.5178545851915395 -9.56713761122533
3.041320654899886 -5.127154558128213
-0.16905846988350248 6.3359769118573865
8.563844001200614 -9.81204376550145
-1.2415451071852885 -7.879994715361844
-5.884300346020444 9.27688910783467
-2.809918753502716 4.4896088221818164
5.479844523025726 -8.870973881303467
-5.746877999557731 3.3115675183774336
-2.6920932504787025 0.6951911571701288
8.838049442816704 8.772389048568002
-1.1340391380546304 -6.181240476919905
-0.5049115363310825 8.360325642096182
-0.15191232563491752 -7.862618930775782
8.928669258065934 -7.537227437983816
-9.289332077962605 -5.867437970923552
-0.5033241945974645 -4.28610440533488
-8.873634820077296 7.868092904213615
0.1383738360938409 3.865710311171542
-0.07238504983951621 5.467658046962612
1.3748269992199642 5.909968308154571
8.08013354220331 5.400477319361158
-8.09798216242493 -0.32576955163869314
9.039386953968044 9.367870689476192
2.802427243138265 2.1796452316475303
-6.681444531669289 6.107349968388483
4.86916722268761 6.03504002551281
-9.939629710628193 1.6480866105643486
-6.122318468666423 4.304996683879089
2.0212721883177416 8.705762659528279
-5.080415614105012 -2.3113360172547326
-3.544194569914165 6.700853599429678
-4.803087480905903 2.264391922101863
-4.644471482740045 7.819487186462833
-8.216051557006725 -0.5150104764171246
0.6173678522834294 8.886391360101797
6.236260167777704 -1.9035237886569245
-5.341819851741905 8.553381856031123
2.5354723870830256 -2.1646207858050754
-1.1842541931149793 -4.265006518514143
8.653305228449792 0.8518469289646688
-6.455255356635572 -9.849744517693575
-8.428374110946216 1.7588357493792763
-6.307046245870405 -7.9715536706386665
3.4278196715915925 2.9209164495850253
6.579020980329108 -7.255864449222489
6.713049611012234 9.142152000685599
-3.0340414768547923 5.7824162655881075
3.3735898715333494 -0.9319750221442629
-0.48552617824676503 -5.19217951218222
-3.428478201036185 -0.027510684967372967
-3.571845933243944 7.6620548806760524
-6.8485189775531286 -4.956588558061092
3.11087084823723 -0.8850354835724801
9.20914146216597 -9.677772703014103
7.890782392557025 7.103427686164451
-0.5050718666379854 1.650196121209893
2.8029929601237846 3.027450903168665
8.713567042546511 -5.7163261740688975
5.934675222130583 -1.0858764083517123
-1.9734261389808854 -9.077166897448567
-0.0032203600123033027 -1.5279410610759427
-7.404235249750113 9.333151167301466
8.97965615966946 0.7526540811698439
4.207841715509952 -8.991251982461748
4.888808422998849 6.026451781807431
-0.5171097433988887 4.475883501274314
0.6895307763864409 -8.145063902542145
-7.473228883480267 -0.9869532169786677
-0.004650298433164224 0.2956154423187307
-2.9320923298916357 -7.779689854413421
-8.613777883640804 -4.686874698916772
0.689265435639534 8.888111656325513
6.585473392625147 -7.036107128168916
2.7749805062321347 -4.197799867405179
5.158169740875964 1.2683676183323982
9.529805104387098 -9.050293194158261
-6.489479676077994 -6.422211718853921
-9.11788441088161 -0.8372146484152125
-7.730780088465849 -1.6536882190583864
6.677400916457117 -0.8147836053534476
5.835911587664533 -9.77319913920757
8.605945588313073 -0.6844330743305065
-8.028120877571226 0.9899450013337798
4.2150607088329615 8.978489545790616
4.961436549510633 5.035909626402917
5.594588223431092 6.373751945974991
-5.748907282313578 9.785216720550917
-5.865381494227773 -1.6189310778555654
-7.854428569981637 -1.0075418698757446
-0.60747942338722 -9.081718901724514
-3.9321782401103906 -2.8777038082568147
4.954673024769585 1.5767687726106558
8.673400500898147 8.465672896003426
-3.0152203878288315 -8.384827341841492
8.135947464349137 4.597032908527636
-4.862215526583238 6.503879187671739
-8.336901179363212 -1.8663451251934866
2.1372559630952477 -5.2783037671234805
9.083414925033836 3.2786398129961807
-9.313588328337008 -7.766536608516573
3.017280862022549 -7.140231632361247
-8.970618574190413 -3.647314681406783
-0.30787517336869996 -9.566275019741983
-7.3894450842257875 6.716847427097818
1.2159185684120466 2.230991000252464
-1.397934403481056 3.8005136417018104
9.415173724409513 6.484540121859801
-0.08629936294143548 6.249573070897249
0.08629989629579882 -6.461608931642731
2.52225755115375 4.020362881705022
1.3418117487535248 7.374139071149056
9.760889802301392 8.035867648048239
0.8058725374017222 3.707679108399084
-2.325176770877637 2.4761206673685248
-1.2557244345973366 8.017933986326252
-1.313387663369955 2.844107175927464
-2.8637286238365123 1.5507537728655745
-9.52215170860506 -9.573477374719904
-2.1873821642270874 8.282666684885875
1.4232873435049616 -6.846903727352915
1.4874185341634654 -9.923022083121287
0.9352750457100161 2.4997282821255435
1.0288167570459876 -5.463249326486084
6.418290832036693 9.11288732509712
-6.568623373931328 -7.88377580308225
-1.7105088273605737 -0.6819544684090459
-6.013920461260405 3.9071201946951373
-1.9288418078929563 5.988911647190733
0.3928218640431531 -1.5637137492937914
-6.103631310652638 -0.4392463416733605
-0.9593325989824883 8.455370684572959
5.025178138890325 -6.285666450207856
-8.288672587207113 -9.557543920552122
-9.620019831889493 0.9267296855649132
-6.890657261140413 9.496811353523984
0.5706885407414948 -8.73758767239606
3.4424833219193385 0.9015791093408403
-4.832371144328251 0.8872151737085332
4.421075459037443 -3.6941723601679977
-6.0110090104583636 -7.442225257256647
4.387320355210495 9.847332288645458
-1.7245126588650255 4.237208417580945
-3.3940559883683257 0.47302767662250034
-9.392540506404082 3.925430740599051
6.520687411743356 -5.931969545917024
4.237596947920695 -3.7820204422831916
-8.76230683879241 -8.88730030037638
-7.900946513352842 5.715014309360795
-8.649696512808244 5.665649400933809
4.597632847204649 -1.5252401230820531
5.361580741858225 -6.680396037011686
4.160307505706108 -5.5541295629680505
-6.790395369826269 5.786846351948178
-0.7061649039165285 1.2142447998236463
-8.642840220555266 0.22676711758224855
-1.0094193670976903 -4.653075568158551
7.760267640146793 -8.746733101463455
-4.57733246323154 7.251022937965054
3.8639940812756635 -7.515853383088009
2.863361063072773 8.608511509656992
-5.731767268955461 -8.937276110937768
-1.6083306124105263 4.80037581219592
8.588822608525312 -0.8649058810581387
9.840942604541631 3.7707959765680794
-5.7364653777205765 -6.50693813209926
9.178201287973863 3.113652880919064
-7.289564139266589 6.589046258153569
9.07694087496218 -9.430244353042895
7.280498173335424 -0.27645926112933594
-7.6375680857325285 -6.354300238112689
9.001271051175554 -0.6882303658653104
-8.254219067491427 -0.3701088694239729
-0.3984940937677113 5.085858128403357
-9.057854162458977 -4.188019624256521
0.8121611465007117 0.8028899708729753
8.688349187838742 4.81173514726051
-3.349749495429344 0.1611907346529975
-1.4235904984608467 8.315376805289272
-5.413616222859363 2.5407377547769467
-5.681137035641754 2.399261549684601
-0.8755752261235017 -7.798989004493908
-2.770154690908953 -2.2770159886131776
-1.5700076396328413 3.096806876028918
-5.977942721856245 4.693443541898974
5.769056380031772 -0.9807560317257327
3.232750229097366 6.580406192045544
-9.800192474148961 -1.1446750097073597
8.59756641964995 6.412389612442631
-1.132045057228062 -3.905173872999958
-7.547148318855523 -1.2964957270934274
-4.91367727547984 -5.051731842860166
-0.14755548444055755 3.134394986962164
2.4006685192757615 0.12392560091800853
3.6963658608182275 -6.841529832351174
-6.111985064934824 -9.345676789252549
1.0704147543611988 -9.135942596096132
1.3466323904117345 0.07820053206768307
-1.8983896576182762 2.1399497748050162
7.343837254988596 0.1579375743650484
-9.337905643835384 -2.676583091992894
1.7972679570364747 -7.374851570312389
-1.4100312861321314 -6.616747882887286
3.8104436671919544 -1.488441194484981
-7.8837339161708435 4.277046413330623
-2.080683956929839 -8.553168974538112
-6.588293451171272 -6.929309896673674
-3.784630942087075 0.13312236514633113
-9.60182661327141 3.0727535113811975
6.812690914826739 -5.731327515717622
5.550976247683884 2.606746568662368
-8.479631105351368 3.56616763755887
1.5660185169055048 0.42165686436409544
3.5400934788575924 7.595639132627312
2.2668963131960957 1.106654946528355
9.17316045592489 9.72248702200526
6.821834796873784 0.6287244662586193
3.2457619719881095 3.275901501362453
3.632444949043265 9.210850569029919
2.8905114392699804 -7.745228116212031
0.3112743052036002 1.3382031972588315
1.8402625522024092 -3.0729185871546694
3.8093081835448857 6.089823320545229
0.2868351126154529 5.981974373521217
9.89180748149796 -0.5933431048170412
4.517181856000969 9.384537541646743
4.021629339392279 0.44636985282433095
3.415996654287632 -4.422332111993452
5.061328362913521 -6.3018804045076715
0.7723499997945709 1.893015138647069
3.246304494348866 7.66015877271651
9.985181089873286 -5.826215453052209
-4.551647534051632 0.949223061301101
-0.06512058251628083 -3.506217057637886
-8.526912728530995 -9.715699117607654
-0.6232018641871555 4.048553353973185
-3.1370281347302598 1.5175027258442064
0.8504131578508449 -0.8172725651382642
3.685957204545911 2.766952740078871
3.4389097452730546 -7.76644691390093
-8.819246365604265 5.697713163565263
9.43431035659194 -3.0639728798533277
-6.365531951015728 9.841587329618047
3.628415721602993 -5.673252854215567
-2.6346568812131643 3.8774843756239186
-6.457172705677632 -7.447649423673488
5.107989348969674 -8.551189961406298
6.26574766985199 3.3060914318252355
5.950514448088878 -4.069325487721844
6.979746307722454 1.1029803607425066
1.4890353088853239 6.604967552680133
-9.059568284596256 -5.037701922795044
5.889159220654921 2.588900701752584
-0.07512466323244915 -8.791201779288198
-1.6399361684876332 -6.371330237562565
1.062810823665325 6.5724531165681235
-2.7501145662443305 -5.914389015712322
9.5801503180382 2.505754559206302
-4.938107156185623 -7.960162354991363
0.0702468788767483 -7.511764777052264
-6.090925690437203 9.780421248239744
5.8222076386872885 -6.552061757784681
5.793205607063658 -4.41634743103892
2.720735811889517 -1.3218803747791696
4.026395082422503 7.844835614286168
-6.780797989684664 1.0304886279476015
5.252506297962716 7.002046364178685
-5.018769486069505 6.547086641734893
9.218309984150505 6.828690215063343
4.312105146388326 4.067233104786718
6.80850202529464 -0.07434346556771487
-9.654024704510897 -9.55828298004243
2.5593628631893495 6.021931028404218
-9.37205796285946 -5.982904390782178
-9.477374438623741 -1.2945413220822122
7.067255914440558 -9.30274410023495
-9.40535415119559 -5.720671171881284
7.930885075890398 -7.957631697467877
6.317572264926504 -0.9844093592150074
5.658103036582787 9.017503338943019
-0.7982646825642234 -5.250082375346274
-9.06991034804831 8.343228434903615
0.5926981423230426 -1.7164584709088633
4.297935788518831 9.98221319757015
8.109073011396678 0.1627166514804319
0.3745340680379794 -9.996679597788491
-2.443275156627422 -6.577777486680036
-1.0439416964218076 8.507617465934892
2.495757670107267 -8.77858220212623
-7.347054568062205 -2.910227514043015
-1.7432890434108668 9.438429114160112
-5.887173014575467 8.34127815602712
-5.179230651863196 -9.662825584028367
9.414423700236078 -0.4058607629134059
2.4954856901679197 4.336739180719851
2.298073195261061 -8.994599074683247
-3.832784001620581 0.5111363265920321
4.2725914548817485 -1.0090620581273928
0.9786325157112596 -5.0678119588345165
2.591050335653245 8.92518118133053
1.428725106106878 8.07975180935221
4.034958727656075 4.570600860256334
-7.195505489653318 7.402785483446696
2.3641668081908414 1.7374728393411338
9.204362888827525 4.143314847464829
7.032609702387749 1.7837114197496398
4.094213255600547 2.9435805157165724
-9.682002591114905 -8.039560333261544
4.0508673778880855 4.133996766038962
-5.941850006357871 2.942619190389369
-9.11682760419556 9.920869664042776
-5.965861358732001 2.5618779587084006
1.698526557677436 8.299634896934752
-8.419070949646343 0.9417439850986487
8.149879966082697 -7.46162590785961
5.097444675674938 5.174874157729512
-5.15212704944407 9.013524125262897
1.975767749903099 8.199892128284837
1.2076503844517124 4.8650782994028
-0.8568471523512571 9.075439033859777
-4.256945476316975 -9.62350688174478
-1.0888666243099987 1.9220540268039024
-6.931548116692969 -4.999059856253403
9.563652316194972 7.856986187686768
7.990821027246547 -4.394082035031115
-4.000687223566402 0.12475450097028329
-2.3587786853999537 6.760121060956926
-1.1087386676023847 -8.955401340003577
-9.042617830148185 -3.7543403405555704
-1.706764120896624 -5.899069789538474
-9.839308106947374 -6.8199218287529035
6.43124596883716 -7.309656335350914
-9.489968052897467 -6.062960765027192
5.937290555902111 2.0703194915192586
4.9846641362294 5.35694619431672
-3.169173016944045 -0.32995833237950123
1.859031533042364 5.7854869697141
1.7982819310451976 -0.36938606487589
-5.338643308149029 3.398239963174296
2.480034860471516 -7.549521845892222
-1.1030698694295147 -8.443072175770343
-6.89651796223588 -3.1973741814766683
0.4372535784497149 7.8468453981950965
3.31658540215801 2.93715016100192
-0.25418831757210114 -1.0176258774844111
9.924457491888191 0.7562215837694257
9.530530070416077 0.6940788814380703
-2.777099991764538 -5.716024069217855
-4.165592381194982 -3.3856033309542743
4.095880021529677 8.87008032520842
7.314959515004055 -3.3656109079090673
-4.599093513735159 -7.686447036296129
-2.7971251340895193 -6.069585518270541
0.9163912937751935 6.969023795020174
7.575773007049147 -6.9106559332361766
8.814238580695054 3.9370313186356025
-3.9211978825157345 4.606659160204147
-4.476828014025058 -5.252515860110016
-3.734116875015099 -1.9505508450707332
6.380004887914247 8.51759458405305
-1.2586984550837936 2.3125749090486494
-4.5337399402935175 2.3848086351286124
-1.0333918585704893 5.570607367513883
3.576044396004729 4.5358742542951695
-8.621731990599264 8.651770044889275
3.4834693169386473 3.190911999589387
-2.6080249970054243 -7.26182053383692
-6.419828563195553 -4.97065363646187
1.3115785735633079 -1.7968719528942039
-5.434584024590139 0.19010607178622685
1.1950609368551497 0.8244354203373678
3.436412410191858 -5.725697078509249
-6.67197342176398 -6.3054517891020545
-0.35098955331887893 -2.749582789491911
-1.6687021112971951 -6.720663647570982
9.614210488545922 4.497351545305477
-5.172240657002409 1.3675566737939668
6.856266669904812 7.228724144914324
-5.281713195617719 -1.1509846110567885
6.750082378055261 -5.381786498639347
-6.15772773090971 7.205091317431169
-4.280796381119128 6.434033592856974
1.0038642456967857 -8.644560249554992
-1.9623100903948316 -4.3811586594464575
3.772262800536634 -9.431999666349613
-7.957778878067872 3.3116955933641723
-8.396791247490235 1.3235505146180522
3.2127718957727414 -4.636296813051386
4.100451668918868 7.100371138509011
-2.5789204348257444 3.413027808673492
-5.743031636268903 -4.559360955069128
-1.199661104072451 6.500280769876888
3.360264003340072 3.816276880194975
-9.441154484149084 -9.4861392534823
-1.9320677230011114 3.65364131917989
-3.042720430188826 -2.83495122160309
4.880395834434953 1.8136668043939856
-7.526888753782687 -6.3585829028182665
9.46307189947304 -4.81696312081819
9.185357076050536 -9.173207398729753
1.2391934202192232 -7.175587041163127
1.777988147891099 -0.9889513483730958
-7.665687510634502 -8.76800888807902
-6.100210677043034 -2.0857828928102258
-5.348351390014887 -2.140347055456182
7.485624064127656 3.4034418811428484
5.097060249284677 -9.390284430515583
-2.1447257305896823 6.681795787140846
-1.7888251407615954 8.323262455862231
-3.723687218490279 -1.6509470640595936
-1.3916725051050882 1.1484024362524021
0.537396454975319 -1.1731941401031953
-2.77207180170008 8.281558372450522
3.878929892123681 -0.5992887258535724
0.8389815577653525 -9.571998242314956
-3.2644567594217477 -5.2415394155789325
-8.409225282283511 -4.062164633853788
-1.7852600442287674 8.493983063712626
9.915084393970094 -4.6077824493719755
-9.34514032683736 3.0075062370157752
-0.579726020048879 1.1076682723542817
-8.062736401975702 -6.613551051240522
-0.5129109418906168 4.361992489782708
0.9468661442933506 5.305436547915946
-3.695850232425693 -1.5655842209665938
-0.862670642123577 3.1611864948562776
9.683335071334337 -1.0837741687919689
3.772727272650659 -2.0744504413106597
4.537269288201358 -8.663655050870103
1.785800576638346 3.634649150517257
6.017065640352367 1.8913801652598767
8.350847063438284 -8.552189297280183
-0.771162267509041 -4.704620783821234
-6.033401191755814 8.77887588566282
-4.955839745547152 4.946252217002929
0.2719552735761397 8.949292525686367
2.386471942150605 -2.1865237480191224
3.5963527549652454 -7.984621760214687
2.1291405699226846 -9.676320815774487
9.301193665866595 -4.414398712681324
8.639221193544245 6.525069005473611
-2.6659453942738898 -7.225558728047994
1.1428323180663327 -2.7271138183006656
-5.176920901223441 9.987728830618504
0.1744096949828382 -7.537555313477576
500
-7.3413544576472445 6.4943339258439465
5.590783006434625 3.7578451276149565
-2.728899662890873 1.114922461888721
6.392299349474499 3.3245484958280986
-8.411472532833887 5.315542706890959
-1.607723843333579 4.33567181673175
8.67663289332408 7.118728701652689
4.807912145266375 -5.360739366954068
5.251153463983837 -3.705241578129998
7.56639975607137 8.10211783873812
0.8789785660681808 -6.045290767112908
5.913513197724944 -9.41184282161556
-6.63290016045668 2.782705569261548
5.4285528142493895 -9.166602005764409
-0.8502871778446615 -8.707258286634262
-4.897366274430355 8.279185075572386
-0.14282660222574606 -9.863280506956759
-1.443754892699804 4.2590502149636915
-1.143584866466398 2.5787735889565315
-8.055110745452199 -5.821875417851514
-8.513333655645113 -7.578061050723555
-3.132620957892649 7.382287264002695
6.439287410631248 -8.368786715436292
-3.9103317845444607 -0.15033159009714225
7.252547837959792 -0.046618616002746194
-3.6416791602269116 0.40490972780741075
-8.294207991261167 -4.803857417718113
-6.143439967533302 -2.1213836932165293
-2.2502654836291525 2.8838029015334357
1.5295127665940296 6.329075406890844
-7.893650315633014 -5.367689707295424
1.1150627160605922 -2.5104623107942743
-4.6869561858355375 -4.512704399603383
-5.093836840251054 3.786862997745006
4.666533984321852 -6.117912892264532
-0.31577523151550935 0.9137300096026486
6.256589807446918 3.8491373415513443
5.559463027809404 -7.300291607648224
-9.51258204118952 -4.828219858339489
-4.202366153885402 3.1956477851100917
-4.205595728469598 -8.561381250735405
9.652484542268752 5.310213273018277
-4.750208369726135 8.088204160870674
-4.5238828895895296 0.9791222533305426
0.45103750003965537 -6.446040807517872
0.5932753223005598 8.76760828447146
-6.674518507057594 0.7200863516134763
6.816601129600912 -1.4998741971093743
-3.3684849777771646 -3.7906142199341257
-6.568165262241559 -7.772547767899891
2.1561312172093583 -5.30958856803625
1.6354235977138956 -5.069079258106002
8.121942738513201 0.2731825869179243
-4.459349630629337 -7.464409383329289
-9.329837925999222 -4.313342527480191
3.903988735958613 1.0396415596711623
-1.0229068125135257 -4.5220159038926955
-8.956073643703547 8.687110738189418
-9.300089342624942 3.079002068601609
-8.14872373227905 7.872664736635354
2.6441360052499796 1.8566608135458011
6.682837533690762 3.0731256665406796
-9.276708968515903 7.835092159378803
7.209331488957002 -4.659970267132552
3.336046928323146 9.426374305479353
-5.7726375424914504 -5.3295943868597035
4.123582876668086 1.3947215001732118
2.334269491672785 -4.167802033998365
-8.825850877416572 3.3527355201390705
-1.4636973511929448 7.383354255810751
9.713712412573383 3.538973690473803
7.476068379410833 -9.089090284241422
5.8280333771470225 -7.8855826079895515
-7.60114322393159 -2.3588701010000923
3.571692092807652 -1.9148812048529997
-0.6545238971892768 -3.840636661064682
0.15513471942577972 9.557115366291963
7.951911888900469 9.623477112868493
3.7437122931598843 5.987561781086617
-0.728889066626973 -5.9280164955437264
-3.503512814050058 -9.139413967195695
2.515659699003887 -3.548509156206075
-2.6732077168294266 -7.520377166367105
3.0057033380590497 9.423698727906068
9.616996993206868 0.020438058852263907
-3.957508908055127 -8.240599647085647
0.5676279725339413 0.37691943357564384
4.559191645923947 0.11489057076795461
7.566101034647087 5.5714380653249975
-0.9771804904134171 2.753551678665387
1.5553684012993187 8.288940035478877
0.7490615789273125 -2.9566253606787125
-6.452271682172657 -6.12086169643264
-7.6794890760660195 5.972800562264242
8.338453367813731 -5.001112999812285
-8.017469348740818 2.389325324599657
-2.0705000554654784 -7.987100275154367
-5.560499923939268 -0.1485247311036364
-6.246866005942769 8.902425720175252
6.101047175941197 -3.728406092168381
-9.872176981716269 5.9081160713123015
2.234841234294528 -8.095410772111961
-4.499766319378768 -2.671195672779046
9.370452705924123 0.3993274388181529
-7.50853166190158 5.511778846203484
-2.2788654501246945 4.033346374533743
0.9393719386503996 -2.9079721808883363
1.6729255804188785 2.1133238064914632
-9.267324903974451 7.545548097290357
3.816443050361828 -5.630872377685272
5.582298298046789 2.4043775814107917
-0.72488437342008 -2.9583679153503395
-0.054154910559917724 8.671916931802148
-0.04876586395079663 7.390443708755264
-9.264360446934337 0.004527416057227285
1.884954338889326 -0.2642141153061406
-4.629207662050461 1.4335152484262146
-7.652108791963947 4.709638098965128
1.8546892900899614 -7.044002600929986
-6.584969993200344 3.660395004147386
1.3205797397073837 -3.9673810917105756
1.6995358128001037 -0.6290488871859452
-6.221815206075918 -3.9810314293571842
6.615505751841482 -0.02309167676658319
-7.01930269056632 -2.786489919226245
3.188831888335155 2.2517126671745373
8.411201193157048 -9.20402547437382
7.05921065082784 -6.955478669908972
-8.637060413069968 5.813427624419791
1.2201263219755383 8.182831240250628
-0.3806077894324229 2.9532798996989307
-1.5324823258728664 0.7220430825864668
-1.826802002760994 -0.027752046006879638
3.5300699312326085 8.252299524347421
-2.4824638447112424 -6.878011658746008
5.660115512513983 6.8548579370457645
5.485955467012978 6.645099146089109
5.279341505700758 -0.4425275133012381
6.192569826010924 0.43646424837300124
-3.151994114112 2.53669937071561
1.374453529742814 -6.580720728156471
4.123793930071036 -0.02559657464925813
-7.7053288086166605 0.2731610550696111
-9.74895774782902 -5.123996132814026
-5.18260262496163 -3.03490821708877
-2.554174588359917 3.5110236096591603
8.737745517983676 0.43164256758396746
-4.9663216507879255 -7.456201471327315
4.104060987346935 -7.64074089172084
-1.520079762591486 7.000457380427861
-9.06858792665137 -2.0614182394334346
-2.3877127460108216 -5.676375121425048
-9.708307575533372 8.643548014653724
-5.560863414782711 3.690617588659528
-4.72992979776826 -8.4121762250469
-0.9007633360184908 -6.811345267405273
2.9339172489480525 8.173737506059126
0.0724272881061161 1.744771918265366
5.485923956155478 -2.4314686247899715
-7.091525924605668 8.498007773310633
-9.226719047317387 -1.8926120021984971
1.9814017683340435 5.691547764168996
3.2481713914078725 1.822024049312299
-9.604304569301515 -8.983350343871017
1.6826832631765356 3.0187998538308882
8.548854103416993 -4.501327786880836
-0.28350565532175764 -5.283993202691162
3.5508020546637535 7.508389550998437
8.210835219349203 -8.630498866893674
-3.1764033784936156 2.2842238196103857
7.828739566193153 -2.8394080641148145
9.375231628814507 5.030137784276318
-3.4922570673966185 3.0000377765510855
2.01462834968428 6.266821006151371
-5.3142053412040235 4.386954398988754
-9.578894524199754 4.202274862729036
-6.68632516616907 0.298914529807476
-5.041574120160719 0.966897179734147
1.197023183268069 -6.6553313544522545
-8.356052792353289 -8.183488295722466
6.7545353164156126 -1.5937305920160014
6.149124497462836 3.390447216428571
-7.160861653226005 8.020355626851789
1.152011388026228 4.004955763477167
8.559655936042716 -2.7864080063904755
6.118326517135515 8.616344970123496
6.411734406759713 2.775425284088378
-8.819044993242047 -9.613186978802332
-3.895612868970084 -5.0041963632326
-9.261236419060248 -6.67123157486448
0.7372990656532092 2.121429470912851
-2.790961899106172 0.13383296563371339
4.323792458425524 -1.4919386938280574
4.110796372706007 4.20483000248427
-3.8958426789346827 -5.144886218972056
-7.741137800905906 -1.5827304417962988
-0.05514477213983504 2.367062279855679
-1.0572140985378304 9.518155644531486
-0.1059277423670153 -2.2514760534361766
4.0481516567019415 5.267584007152529
-9.834671500035423 -9.157465156419452
-4.3794357359587766 -3.263188749681458
1.1486219725471276 8.379286305943523
5.764608606333255 0.41278368438377555
-1.834514105183347 1.259613890270213
1.760966725762362 -0.8246469539583146
-3.660397056983806 7.909895299721377
-8.709729695250523 -4.4934632606850045
-0.36401953996064407 -7.730809120815277
4.506659488279318 -3.9756673121175456
-0.690449900965362 1.2962933501216227
-1.4336993529671211 3.5360686387936653
-7.605751131523029 -5.417353838909518
4.260984266258781 -5.078237130973173
5.048094496932293 3.7535676353275207
-4.276201371319455 -4.436072230538535
7.695902195288532 -0.5035029562767956
-2.8974820639038974 7.27890577657859
-4.072714664607955 1.048955910365862
1.00599508488658 8.507699941932103
4.779306514222071 6.994882765596813
-7.331754054305344 9.598277430974004
0.9830464743147456 -4.768062759045614
-8.12839882195076 -4.708112367568724
6.738375499759037 -5.5263829639322
-8.424267417389794 7.064874005520725
-7.854352526651707 -8.358329172748268
-6.653336644383994 -3.9451919471153207
9.89898069501535 7.372654071795399
9.006257036434437 5.284603546872042
7.476512379206724 -7.651668732317178
5.001258322149409 -0.7092463878419615
-6.420592704684738 -3.462515376032722
-4.6400355816440015 8.383014651471083
4.310935534746914 2.421233163178222
-5.383870597241726 6.20033325982196
6.61681814785387 -1.2997722349791303
-2.6571788677882946 4.7954640362441925
-6.346973607417179 1.5224097006573452
-7.1696174522715435 0.8650885918449891
3.0664328676291053 0.3086548940928502
-8.300658476309371 9.223127136899219
0.41171736278605486 0.29806824308141344
-2.03682356460559 1.3460697103578312
8.060775137598942 1.465227965087779
-6.895492825544194 5.1010543829690835
-8.850423608361853 4.745443053701827
-1.3949741098571007 0.4880298276598758
-9.503269122996059 -0.32387043768692614
2.287240666751851 -7.324021764212414
3.560263084393778 4.460369732266072
5.394897765837399 9.661157115149283
5.469088667324723 -2.5339269946537684
8.45911807769301 -1.0640560609668466
-3.8475827057183825 7.98342085087776
6.039971301600065 0.09211214682457936
-6.388696936462663 -9.918647225721397
1.747785035611356 -3.377266339137579
-3.607192696579464 8.320142999840634
6.626708774661488 -1.6223273479437577
6.881903687331572 -3.5883817423351267
-8.893567959182134 8.039017055446415
-9.907295008773476 -7.3022992231843915
4.990027035918663 -3.684499238960816
2.5231481326575462 -1.6297597098766943
3.7330549244118867 6.370864496499568
3.6063124008053986 -7.895428117016159
-0.5073444593743499 1.3762690575014798
9.907950683541578 3.9053367865541784
-1.370170916554418 -9.89689373042047
-9.003108649536355 9.658636159144361
8.68054405000644 9.081165478910648
-6.765418292283767 -6.443637070984012
6.924878765396386 -3.1516372055596875
5.86458996607937 -1.4601755210162715
1.87110108546692 5.400475316700668
-5.819900610140014 6.079958568681228
8.104137474758076 9.29159304172316
0.06497044654971518 -8.061732023394486
5.484674201322356 -9.60012171266521
5.7164289142966656 5.509360421533753
-9.767072352730931 3.9490609995011443
-3.122117930084878 8.703650366556989
-8.818409558915372 1.5626474937509567
0.7205911453526976 -3.4364721477127302
7.020282287399763 8.445149569780646
-9.50497963981778 -2.7260776768216655
1.1940461445564736 0.3461031980907414
-5.82962651460607 -1.9068266261988427
1.793700718415911 -0.16280857568717622
2.4650178982022197 4.802776027957377
-0.46918293998076166 8.233697471058022
-6.170986565773409 0.5075936989814611
8.156969645347658 -3.047265218443833
-0.4676111788891184 -3.324234417422929
-5.707547287492714 -6.723639871429903
4.23761426331545 9.489077186305181
1.2089131487825213 2.269853710481609
9.752842605715003 8.594750884767063
-7.895561103937534 -9.53798072476134
8.568689347381909 -7.748880483439946
-4.927770664010795 2.9487551151135527
8.155462594324327 -4.074103716203281
5.869635449571772 -0.36507827634304135
-1.4524524923162208 -4.476713278894491
-4.747842734780958 -2.9414159859340856
3.051797199207389 4.538196580158438
5.861496688010748 6.875514220609325
9.104331849514786 3.565916637219882
5.914670887548715 -3.289713925054998
5.720403425198061 5.573181027299299
-6.910592399679308 -1.840285075176336
-6.113090076133744 -3.93550020874944
4.188970489730428 -1.8784732442223309
-8.786366542149269 2.2954939555952603
-2.890831717303051 -7.503672607976943
4.993595312739261 -6.07370175534014
8.418616518718785 -3.8022409618525472
5.310210921791448 0.6127781778092896
-3.4953661735098107 -4.2705865383899555
0.6282898619676871 -3.122757349686321
-2.460388505356226 6.261322327716975
1.7786120240097318 0.9322823643104314
2.3980640564861115 -8.933471163080526
5.888329787745052 -2.016132243662523
-5.812169947779675 -1.2485985693000838
8.808164021887713 5.517953915352585
-7.18826643905341 -8.228589294059871
2.8516166334340642 2.134496329092098
-3.089682270488514 -1.0975221207007753
-6.3392273287194705 5.792749106405356
3.484486071557411 1.4177926566444263
1.1061033492290022 -1.4355323385473984
2.012975602514169 -8.673256389084363
-9.475254849510078 6.488897441893471
-4.343758321120179 -6.247846253647829
2.690196166483908 -9.845289312927774
-3.847563589410239 8.257868505159507
9.9751021356882 7.306338340197321
-4.49960319341367 -8.24322141226941
-8.340352122997883 2.3632182876963057
-1.7437749672668659 -8.317161260956414
-4.010694805028445 -1.6345217000744388
7.431452406796403 -8.699768955500494
-8.420583868571692 -5.241062712840792
-6.512644102737983 -5.55518218159694
9.13666026824177 -7.373012181131391
-1.7653512356119894 8.920284575868319
-1.1155822917697407 9.173819298102693
-1.9074423735978367 4.3526362952516795
7.1958576031653365 -6.080753686114672
0.6440942163943149 7.685394497500376
5.07328783164445 -6.167130459239059
0.08943418010836268 9.356216385440035
9.519390319210604 -0.287813797414886
5.4330682138211746 2.8525946365624293
-6.868221684691838 -7.09521113299997
1.439654403696725 4.817631069507351
8.07118467901342 1.9837249452244023
-0.7134664385713698 -3.628424249736682
3.486146207352405 -1.7193773671205683
-1.1165111249958937 -1.9860968867882676
-3.291372002504147 6.501461145324605
7.024227032102065 4.247879277605989
7.510679717221347 7.173207631965241
-0.913952656123822 6.249383745458708
-3.7280120082711976 -7.496529790217563
-6.141166178511755 2.4296617591544827
-8.963320408763991 3.1959349075712353
7.741916924540462 1.1304952524671048
-4.8192429800550896 -6.007518739918318
-4.719532506120149 0.49937744044948573
7.9809587368601385 2.5483333596792903
-0.21157157836297458 -3.2386872265846645
-5.903684267763596 3.943940974223567
3.877216273701565 -3.1256313030769567
3.797890593997714 2.9574621451495435
9.576708293028812 2.88833687481506
4.97375162882167 -2.052159309966761
-9.17233408280847 6.530224261177654
-9.603650498975114 1.858709271352403
2.9283584358996535 7.987047755951572
-9.228797089285596 -6.245172826685479
8.78472316396519 -6.559054162888516
9.534847671808599 7.910872297396555
8.719600444410101 8.394784983174489
-6.527105186926492 6.787842405838141
-8.078549604250544 8.66846867557621
-6.602495973651199 -4.812642974238477
3.6155274067718324 -8.40314873682167
-3.5596469639094996 9.58611353302462
-7.326797073813312 6.737382155157441
-4.661427558212359 8.589058102115828
9.787418934064526 0.08449072277706371
3.6034738395786885 -8.737019697729625
7.653314524184594 7.088990955919062
-2.1128503971519397 -1.604451968912679
4.56610103107106 3.7356331089823556
3.5615935033238433 1.6749346419475764
-9.053817774458723 -1.0026746500514783
1.5049104095149488 7.7835957337657256
-7.034266044371426 0.6428431228180322
9.86048189620141 -3.2346341699010477
4.885056830991436 5.74730775849279
8.757520348567457 1.3325542906307692
1.259706436118968 1.8736342176696308
-1.5659636316676018 3.1357679238683804
-7.497137388667765 -1.121673892624722
-3.2142517904076566 6.1208934655678355
-9.25247762811663 3.4761244409542122
9.7772415173134 -7.988508513301646
5.801674685900714 7.1460489874374105
-0.12661663740653495 9.228032411954722
-6.582909283170267 3.94399282649138
-1.64316648382127 5.8607819942036254
5.282451888458153 2.377421526857649
-3.530627196859786 -2.1639829989925596
8.636433566979047 -9.602710566549879
-5.132245287027805 -1.058294847584957
4.548740857075471 5.484623234769945
-9.445071082144834 1.485696678236959
-9.402542230072484 -5.606032562516532
-9.661618351952077 9.865754387449137
7.904098667464304 -6.609267461966784
6.111063836018452 5.696161909608616
3.1300064396513445 -2.8243239526067505
-2.8861874085320327 2.7626058272428633
-6.613607688266001 -1.4235550105487764
-4.398434466290711 -0.7110755233543458
5.888793370863999 -8.370364591377923
1.694583080248389 6.005264742690024
-2.839044745065915 1.5392916505887921
-3.8654433135280613 3.0594820756639294
7.5945862524697425 -0.050902052537802334
-4.505847847572939 7.934214261048005
-1.3354738944963245 5.291711738364203
8.882642683718164 5.785813602353455
3.796370001329434 6.105982045148018
9.360466887131096 -2.83750155872643
-9.815976695879838 6.415180868857647
3.1159941543735172 -8.420511079303644
-3.3824473768147323 3.5293701170355067
-9.047935967848401 8.194591911981597
-4.3848177622728475 -0.21134186490108675
-7.9021243865672215 -4.827172931091168
8.83730832965496 -1.1912159083209755
9.686042574822224 1.3057889314130122
-9.816335489253758 5.379214249722985
6.7815290568959234 -1.5681270921162476
8.441472417203265 -6.6407959850016525
-0.850789119012628 0.33038048461010483
-9.282897933477653 -5.649281427804804
6.488870457108135 -5.594140900595857
-9.598438107279264 8.903042064227932
-2.212002534608284 -8.323657081530591
4.021547799946932 -8.821597329495667
4.829591151741813 5.708922796533882
-7.516890292376295 -7.193423750530599
1.9357172056660232 2.093950724059397
-9.442752611962192 -2.478517760388266
-0.7861345647527074 7.822385093801184
2.999565812638023 -6.823359223673804
9.991850797349752 -1.770517826938356
4.280710788932808 -4.713226048151629
4.425338787494246 0.017884468851672608
-6.845715413771545 -3.1838588678650925
-9.121429025889116 3.7563437406510367
-9.76701448783539 -0.43474730974937614
-5.601025856940773 -4.471902474192831
-2.0369655435380434 3.8116483482271697
4.078126044668437 2.0517690510433084
5.778242136278266 -3.001204194263143
5.470223015531548 -1.1953884678325046
4.460157625955501 2.2677201308681845
-5.7185504302791035 3.1134461665706503
8.215639583506263 8.38182558459566
-2.5207999858065877 -7.3226295876914165
4.9127818355319555 -9.58485474266733
-2.9476026433960474 8.244425418026783
-6.4818451739880345 -5.899102238033804
0.7081834416676962 0.09826384081295991
5.157516970791278 3.632372780183468
8.804582667780835 -5.700253318446949
-8.52495711247197 3.0340068122937485
-7.3514829414328915 2.623551098106189
8.848888041462668 -9.068563034550525
1.3581029899572439 -7.316127913810934
-8.776657673163015 -9.522306571469212
-6.8869344962143835 3.54948385088953
-8.4982536344443 9.748435831886564
2.1243260573300216 3.2496901918728867
8.72376621913547 -8.852813690519534
-8.180656593739673 2.2607844563081656
7.748492084395686 5.8284676246656275
0.027475241836562247 8.93259899137487
-3.8893693103566562 8.95408574069683
-7.166417176308018 2.100291280878455
3.0389098007445057 1.8756039345083675
-8.685134371263906 -9.10608156856764
1.33200216670115 4.501001347239633
