5
2300
0.7339380713250776 0.10355979775377477
-3.7670431553285617 -8.45710772748978
3.6151267690861957 8.527391848557645
-8.345259322861756 -7.837180747383295
3.0498097475809693 9.945055102613395
-8.612913174906268 -0.7856943814445589
-1.9937011471207775 -6.534876833466356
-3.997492923373751 5.87395452081636
9.670297885492168 3.208288657967195
6.355389437317207 7.2137250917343785
5.575169346895052 3.2715270004060653
-0.7030072461851145 1.8202473697122006
3.4609911870098724 8.599265333813356
-5.684452519984644 3.031602516721037
-5.9761084255743775 -9.126023946592564
6.915519249067579 3.5694792932046298
5.543148606260186 -7.663800534289318
2.434583068482352 -6.461514787873339
-9.982298481451572 -1.4786851121746718
-9.553648114887752 -7.401507489627354
-1.9560709956940077 -3.9577959307206996
7.328724738848788 -8.976824285187346
7.847121503581288 -4.057859877110273
9.113329808132171 9.88680813351602
-4.352783542358907 -5.052422200023521
-4.85022984598417 -5.186222950990906
-3.1145859017310062 6.99439028144684
-1.3902976890596026 2.938662724041416
-8.759047965968998 -7.2098847692972505
-1.3708897465216001 9.110144851856802
-4.129330626367189 1.5628257209828345
4.763300875926429 -1.156489511904308
-4.310303576379204 -9.994085501101155
0.05548086677151787 -9.491278620625703
-5.305538449016664 8.269467187419753
-2.427233249524125 -7.795982910722623
4.595770533507409 4.466466650380173
7.5095861929985865 -5.148807956314172
3.9744687028010155 9.367380075850363
5.583899136310963 6.861317021886844
-7.793692147082096 -0.7263313958882751
-8.638214159486184 1.632018457004449
-9.876093382639224 -1.359762698585115
-0.015209467347387928 -8.565929435734079
-7.440433560219648 3.227392875852786
-3.923035552260801 -5.376748024144577
-9.070843023803064 -3.2711592357544745
-2.8556827656545813 -4.818755164701274
7.554457026395159 -5.815091247010082
4.668289895153437 5.8288228838812035
4.934500156940526 -5.286040035279839
-4.482912098131098 7.696375389731308
-7.438774426537076 -8.797811533794109
-1.5217138040654365 -7.4200437246088295
6.485823167784432 9.187624589739258
1.7280275260425455 3.2123140630755938
1.430678781381033 3.5567765853746884
3.033839151796979 0.6859537695358036
6.548345112548567 8.29994774428124
2.365363590272393 -9.862431207229827
-2.3360527212073716 2.921904487493425
4.380878961157871 -3.155715782301856
-0.21274148171117702 -1.9574630505866324
1.707099251741882 7.639979312323053
5.2052778797273795 -7.764155641242187
-1.1129723188223455 -4.827292513159371
7.032124593519409 -1.79295033425241
-6.049571445606903 -7.21553498442513
7.334683379104959 -3.480854972047802
-2.7627428420761753 4.9510209647241705
-1.394276841944734 -0.7372232960434921
-8.018707864450551 8.24311891940081
-4.7444755572346775 -6.363724792865417
-9.964082705127712 8.504663049624444
8.079770937884668 5.721893342536431
4.336306079569869 -7.166104029958234
4.582434821647709 -1.1000541969296869
7.548824726178033 5.874871298895014
3.25306217864582 -3.492663509484151
5.320095325809223 1.3879055171430217
-9.328880215634252 -6.4898146001089
-1.2550115187541504 7.992580556236838
-2.2018061697572877 6.951461926086186
-2.1132689782900727 4.525599374472778
-7.477793198500866 -3.55922497545337
-5.258175298450565 3.074202919301406
-0.6309065897860311 -5.4253949858229555
5.74603646667825 4.914848470661923
-6.917762852653471 6.778560558074197
-3.3250405082244727 -4.61964434415008
7.153325495742621 3.080224658124987
1.6569826550351614 3.039959464741667
3.94898299440033 9.969290760564864
-9.820586248881732 6.693106396293281
-7.307061403125717 4.962034824677675
-1.8335223050062694 4.431587341160476
4.899417472125002 -4.147576951152487
-9.051315436903264 -4.90943003849079
-2.240312885068631 2.1629859555509867
1.245518158380607 -0.18088188555502605
-5.79972148448708 -4.637697494259196
-1.9951816374584794 2.4033029932700227
5.433526748253506 -1.4743730751276232
9.946799354450942 -0.5204807848310811
9.345057987318445 1.9265267832288622
0.1290660648324078 -1.1770456576311936
-8.523725487400037 3.897089684869391
3.1633952078263743 -8.403660339242144
0.85676193275809 -0.03553859500148526
1.085615373119369 2.8672422701441764
-7.847454210348439 1.043426824161207
7.524886342377648 -0.8437183997617197
-4.548132925973787 -9.786984241969714
-3.9107784916119526 -1.7779953229884953
6.934716983952939 -5.77373620401892
-5.475835387450325 2.6064389533086434
-2.828768543718363 -9.094041681110392
-1.2423952384624748 6.472967079117346
-2.3283153401598344 -6.226367708598168
-1.626327308626788 3.3331666120447494
-5.898495624965088 7.188452256876044
1.0827937352686927 7.354895416749827
2.044467572258082 5.479188084233446
4.686922293604178 -8.863474346656563
4.941602728824712 -5.681512354643424
8.196328340018514 5.238308598025085
0.4486950583798226 -4.419808367840156
4.708815264042885 -8.198775409953118
-0.9724153865419911 7.3516087190090325
3.169301753691947 6.397340967310161
9.757770438896877 6.1079819036218055
-5.4625040059025505 2.208096081359699
2.291746124217987 6.834668059697954
5.179950128753855 -4.178030106853852
-2.6673897974440735 -3.453429355092254
7.675921517216111 5.682952994340793
-2.4428475611192813 3.1630481792756733
-5.989681469613542 4.578346122510819
4.641496107308967 -1.3293410482469543
4.866967846098076 4.167230723701534
0.36937760582396173 0.6642494141736321
2.6007820774321146 -4.409657743387068
2.4434799981650244 -8.09617987628563
5.820831709584404 3.3866267036978286
-2.9898775662977473 -8.299000376565429
-4.183156550056781 0.3691062919152621
-5.695744064620243 -9.060948360764433
3.3899010248396095 -8.977108255148874
4.695160910250555 -6.831005471551828
-4.908630521567883 -1.4899367851557717
-2.3952826002883114 -2.925746957994888
-0.7865618660007456 3.7324760790102047
3.745844599889381 6.338923181253463
9.112051401656696 -9.901028732004825
9.342478227685952 4.237716365420731
-2.9306911542494607 -2.052546890321776
-1.178292377242622 -1.2805459919870632
-0.9414299351562061 6.916332855253856
-1.5779153802577994 6.668762948701708
3.8406920459708864 8.065664975257118
-8.575902559073755 -6.022580071133794
5.3563175708320525 8.589804827890582
3.317996252472863 5.576550138484524
-7.921555763821755 0.7129732664717814
-9.49663813154029 9.687625210123116
6.90137994859078 -7.483224698166843
-8.89268512596555 -4.295990929529383
-4.523069466876686 0.8244469154970346
1.8776373676765061 2.9116168104903295
6.201123863214399 6.472877864808925
2.68768212431514 4.107582332055584
-5.12439957436567 -1.108375622121681
-6.673867402627742 1.3974217097569799
-3.479824650880068 -1.1223610748024058
2.7967915120148117 2.9076083863701108
-5.20891893511952 -0.8830245229985874
-1.8909915105719737 -2.0428359122512756
-6.54342945210079 -3.6326888649909694
-6.794813030643063 -6.538640048929285
5.917784719630566 -6.779237123252127
9.150900183792942 0.1858876481742744
7.986038094594733 -6.670105943176541
1.850255855484093 8.673352624690494
-6.548266043637907 6.121955553689059
-0.538329311646617 -9.736096378480648
7.032476308861831 -3.204933792063862
-2.803221916454792 9.732970958727716
-3.6098095539486375 -0.5441491312855629
-5.038663867820241 -1.7337480797135072
6.725012330257783 -4.228066701841273
-4.542758323613459 4.09478303058258
2.27732385604253 6.963299568546049
-5.6645790311684685 -9.73903215204132
-0.8613432929456248 5.344226823971594
0.09614864663771883 8.328665952556893
7.49705332176838 0.9699171053880704
-9.110371583940085 -6.536633430536636
4.7017695922130915 -6.182689241950761
-6.31600490135267 1.9760067525615082
7.6889620472488325 -7.438797576572378
-3.0779951395700262 8.532762558410564
3.5047523060491024 1.1972037842644383
7.431733093066423 -0.4871474622942067
-9.145993674966537 -2.266749227075193
-6.798677664484327 4.715868005894615
0.09935082391043792 -8.49759289126602
-3.6586566186865817 8.71337725987446
7.099932896155831 4.417277764804858
-2.727010258548197 -4.62652948676721
9.65221411719659 4.07396705709748
3.215847514427976 -3.289823053342378
8.564998607164917 -1.2150626529307456
2.7949021819314765 0.8255503779310267
9.88099041859989 -4.6133820553295575
0.5148936795466419 -6.948859879756317
5.294405521576184 -2.5289930018297575
-0.05233664123221615 5.436478019595906
-5.345741395770791 -5.010518109793905
-9.359260158723083 2.17205406506036
-6.334556631370121 -0.9319303333898272
9.284304749835808 -7.643256002719932
-1.21103292244495 6.467114308904257
4.851695902492645 -6.246457793311986
1.9570756150941477 5.19493185128465
9.840581035182087 -7.565198877402681
-0.6285451037520122 -5.87328370252294
-3.1489565562875788 -2.4556377276349135
-6.015533405228764 9.544391957426196
3.579649874887366 -5.3234158043103275
0.3066603356561952 -0.42542337744091085
-5.218696308104091 7.752380021391282
-4.281940122286931 0.11880804969077374
5.7599596591747275 -1.8523553540830058
7.004162460420712 1.5122867336697396
-0.8954322850048495 -3.6935345946461506
-0.21542957087467585 -3.9748689158366908
-2.291558702155352 -5.476364692819626
2.5991600666103274 3.687862899169783
1.6667326540573981 5.36731447268555
-5.036077085035034 2.4455167668699023
-5.367450510707958 7.893621569075414
6.528532686971811 6.185961573902215
-9.12660639550689 -1.0373446968042686
3.300716708768732 9.8310772712978
6.531712715563199 -2.2641594951503112
-7.4559061254029935 2.986900524388922
1.983594052294034 8.579981092228333
5.164045657182212 2.850140626604091
7.966453900502977 2.405948012965231
-5.714626311653907 -6.399096176272112
-6.536233988003217 -0.5734330529005618
3.20429109341835 7.67291284447251
1.0431620725844333 -3.6435043684768136
2.376815475629142 -0.7788125483221986
1.9697168248846566 7.251040651432113
-6.581196567275576 -4.442592263294236
-3.648568950393118 7.796002076364129
-9.695830171108268 5.345591012056827
1.2713320904963616 2.1507166015224755
9.40209509975351 7.907582479831969
-7.365759992256886 9.77858096551628
8.402387541035342 -5.569744735553009
5.775399465791791 -2.4414116446075074
9.491723430660649 8.16770468575594
-0.8003341393444252 -9.48221824917924
0.19693854883288786 8.440625294021991
-0.6070778918315778 -8.454643154428611
0.6881741281706972 6.295834039373659
1.6833435283646914 -6.87054085517786
-4.578795238504199 -9.44077260735677
-9.257817236672334 -6.320649585812763
-6.6622530474908785 4.143239712054804
2.816431211857564 -3.580465457818585
1.4304248371352308 8.521952194857448
9.768786194554608 -7.7658172018085025
5.324372395462731 -5.640616298778904
-8.923853087104428 0.09164774787717178
9.746175428294627 -9.522493072200382
7.203255738563222 3.544334066739996
6.117412793735028 6.243687280812384
-8.733513672750547 -1.2375751087704714
-7.794535907381411 9.894999613471029
-7.756325645569833 8.87493732436035
-1.3933132824467052 -9.184098757722177
9.037251056576082 -0.21634163459314415
6.435231675399233 6.149711492054767
-7.949166372857334 -3.9713267468547953
-8.66541160790899 8.081130541718455
-1.1815282720077231 -8.082735693257543
-6.873799940430503 9.9696551659652
7.440202576785644 -9.820817428993475
-6.6393489125226495 7.319645513063477
1.692360220086048 2.351256374179558
-1.6565621331243374 4.776294673385763
2.3324118552036843 5.904237074990011
-5.71351426652768 -5.584547370068098
5.686533608293827 -7.4317026087459315
2.612280885537807 3.122838603326052
6.696525022425387 -9.586743595251978
4.209181109160227 9.453730696249593
-3.7502140341060723 -6.361009033210485
-8.467047332110313 -6.570872926901112
2.7421330751395487 -7.346423763820873
6.858181273460158 1.984735540073281
-9.46437979905992 -2.986921762956336
2.967247479715308 9.146393460520372
-5.935535503820757 6.830195401046801
-6.871900006270588 6.899934933755219
-0.3072057426085646 3.5478292561207034
5.2639418509586875 -4.534933553817108
7.5677850281674175 3.021553973731148
-2.907161314247708 -6.835555405293469
9.295116040416453 -0.11114529797733752
6.771199958740745 -2.7634129239278593
7.139610101131886 -1.0305219109489734
-1.1206619300083336 8.050515064832517
1.5859733539524363 -5.095614686612615
8.958966781472974 0.18192569766593003
-7.494063583183948 -7.4783683641704135
2.671291438565479 6.8735692395799255
-6.152203118056621 -3.83753921668176
-3.400565340819406 -7.187410154045848
-4.12016463691967 3.2102641895433965
-3.7814843562247136 0.6305707296527512
-0.25903627532323625 -8.009505637856421
-7.950028418193053 -0.44708537281191596
-1.1573367598265314 -1.089767462889725
-1.0597031662764067 2.4057033873727285
6.013740731962603 -4.22205226836025
-6.3329031355143695 -9.222454855769888
6.479463167258409 0.5512475969922885
4.041679678183552 7.432850889933913
-4.009521584089091 -1.8891621510930907
8.972427205487456 -7.972488922804866
-3.022663598430288 3.208147550006588
0.1645576477230115 -2.667076596562154
-0.5429011553624985 -2.965402061263596
1.0503186856717406 -5.721150507807325
-2.633784436003161 -6.271399730133121
-8.966398342056827 -6.569249808766287
-8.097565378404635 -6.715856874712882
5.91425912780184 6.447690630455128
7.408474313232926 0.534542350316098
5.059750221524871 0.7899867488098664
-1.2152084784779138 3.0012352774408395
0.2655776492811146 1.9149802054523075
1.3524633382009572 -4.338836173212595
-9.906812699016069 -6.211823579364197
3.2280159865423457 3.49746010849902
5.89265340285924 6.29791482891936
-2.9801177340524614 9.432504772176653
2.638317259804353 5.39861075150014
6.021166365440699 -7.355564112107662
7.68372172217202 -5.635377749775074
-6.269332512302803 9.440590847681591
1.1134304176614904 -0.19898612776538727
8.707065303934964 -3.899272061347241
8.980908504243956 5.4263823008027
-2.6884962458987154 3.942210830354224
3.8760686437992113 6.378024058284904
7.071811673125257 -8.957850206353106
-8.535457435080327 2.4575722402086555
4.999973666089126 2.818579640512409
9.292554833989001 3.8762092768665806
4.747031985262836 7.628289638932209
-8.706154977979901 0.6327380478928646
-6.229871624257777 -1.4138260951856125
-2.1429815695195487 5.362421290045166
6.878318157295158 -3.485359896577025
6.612504734489498 -8.099840745387418
-7.858332369465226 -3.463568888765116
-4.82133803817264 -8.322648183430273
-7.57156327826668 4.030408645032672
5.604945953867189 8.669944258993027
-9.989104415078177 6.907274175208379
-7.976340228182332 -0.9487677427528141
2.3966334490449555 -3.4768361331135456
-2.0628688651511755 7.293980565998016
9.277328374230088 7.750453965673792
1.3680883836121964 -2.2739018791028283
4.663480525717812 -3.8656724175039177
8.533502222992063 -1.2849155316484744
-0.3837213869201239 -0.7511947273512618
5.201742783057121 4.033605640150508
0.43773105008466473 -0.9660179104707396
-2.9392469079623806 3.4420846035542354
1.8066429318265733 2.798076989587077
-9.711892418417225 8.260411000076004
-2.4058640764941064 9.071977470556696
-4.11615402287415 0.5124897339835783
-0.05036479267591787 2.8706091784515415
-8.515696506304874 -8.521787258965158
-4.425311562547347 7.400274803956602
3.7457580015258785 8.660960064369078
-5.363277427063677 2.376774420738858
-6.673398741468464 -3.128311667230273
-7.432847714855577 3.6420601700121296
-4.94325363761142 -3.683299799280353
2.191467014394469 -0.6575825036604357
3.566410985632748 -1.8360878530920601
7.965471766104461 -4.351259757081909
8.254991572266096 9.43036129275555
-9.498682393196816 -1.7569381024201078
-0.4191023598218706 -5.00587867665081
5.475482036581084 1.276071149368331
-6.672943486696193 1.0853884953666437
-9.944438091927612 3.8106685671508487
6.8406497578105 -6.479646324856252
-8.551050915223728 -8.311676356475369
9.9539534547722 -1.429092325847508
-4.204733657675672 7.910197934802255
3.9985431668386777 -2.3320575399732952
4.598343562056522 -4.954901612036149
-8.545570586505695 -5.187084475561068
-1.1461561534699598 -3.8983554101366575
-6.246231682913712 1.4886838406005047
-4.580510910474988 8.149968561852404
-3.306538722520491 7.344575828553165
7.904491035791551 -5.934206902936707
-8.884377167893224 -7.183153287027569
-9.110657695279276 5.474423162372005
-9.417485223514813 2.7579330459322744
-4.352968642224868 5.425061081037871
9.027659329519476 6.698375297750513
6.122753323511265 8.44090006629456
-6.226360284938959 -3.5180959357644426
0.7333518866244155 -1.395019100444216
-5.0403203821790115 -9.846928292372215
1.041629898995799 6.125517227348158
1.2355240989304068 1.3737570565845392
4.62861773943278 -4.228216629109944
5.480169165868853 -6.072811800970827
4.141190710298972 9.563993199403335
2.2769021876491777 7.225602000848834
-2.665119413960806 -0.5091831823253052
7.754423489269126 -6.8654899052089995
-7.1224479072216695 1.6654235394030756
1.9401265726125452 6.4817088422686595
-4.4603737317071275 -8.833170738564482
8.3918112881545 0.6938901613578334
-6.151670748139986 7.133780240586248
3.343095854059392 3.344602341849379
7.46816523725893 -0.6980540390374141
-5.531072587620336 7.699133823925955
-5.451938286382926 -5.288147326101818
-3.705501281434045 -4.994170121220554
2.2379401229311426 8.57264842066309
-3.1710667372525148 -0.4443257948567094
-5.743058581094822 -0.47199476437064547
-7.76113507291019 -7.739094816622092
-2.5889913737819503 -7.071450461498589
-7.877149542729853 5.536570979783635
9.931466918903698 8.519367684227728
-2.0832418826363552 6.978373373555755
-7.740737837971407 -3.5121798309740537
4.555531319863711 -7.7942563952082455
-1.9052566061195435 2.3135894502826293
-0.4008421847828352 -0.001055755440308559
3.257117361996709 -7.692238910073783
2.6523550363409676 5.629076322520039
7.518351837649394 -1.61749788703826
9.024846695023168 8.755835026031985
8.68303165930882 -3.6031014377766946
-3.209746713114436 8.615012055133533
-3.9491888615928383 6.258842183887218
-4.504749280395131 9.059201505346934
-8.171609841018263 -9.424411538759859
-7.542207399277043 -0.6996709328587603
0.21098201475307832 6.19017932230561
3.9474665789278323 6.000601441255917
4.804069064221379 7.429710588053972
-4.359446071657391 1.1696598293009757
6.857456038585958 -3.1149194115894545
-9.049940501697078 -9.862794036146578
-9.81056325329589 9.081962660362592
-8.988305391175523 -0.04208878741134292
-0.40335322924830663 7.435100941659968
1.56530644018018 -1.0358735185720853
-7.901496632028506 3.828193938146436
-2.264316942524607 -9.510009369457652
-0.539765963529959 -0.988061935623751
-5.411774549850648 6.198312979409337
4.147238115091698 6.240941755674793
-1.384297277994019 5.800514762333915
6.191168248291071 1.7505261798082756
-0.9748014076462184 2.4650027232068705
-1.252426213668656 6.83024310437348
6.173046206910872 2.3191699305188234
5.010695693070941 2.73906402693488
-8.894640666650881 0.5278509067328514
6.702013246534552 -3.795796620867568
7.1981066574834145 5.392092741794183
4.945812937140433 5.2228073033920275
-8.598278189779098 9.300433994206749
-4.902097926085789 -4.748898451574384
2.2469153914015383 9.207513805897708
9.732250838269575 8.805249655167763
4.228979893330633 3.352433707457781
9.740928682197666 3.4485913124893344
-3.781506865650104 1.6600941192938308
2.698749277123902 -5.667374897142963
-6.563533693165375 -7.491076004603618
6.942366436893895 -7.9421387060020905
2.49862920986633 -1.7474726708923534
-5.038264436312804 -1.9394092391081053
6.302673279766665 -8.301653822764155
-8.64653996688187 -7.608806150802156
-4.907667307974988 -8.008311408490243
-5.040753880418394 7.051261306472618
3.706264840754848 -9.23175502401466
-9.448843326688936 6.1184021533613056
3.7632086848637414 9.108878594699473
-2.409536849084544 5.188636910994077
-4.460168843117234 -8.9925531537286
-8.31559013439004 5.409365785855329
9.941932597569423 9.080763012809449
-7.923513795852301 -7.385552513988484
-0.8105713115188262 9.022237557277371
2.8329811126031235 -8.078609267446113
3.9102615499465827 -3.0741772666694267
-7.104761577464272 -8.373320853198079
3.395203142192253 8.164190580230336
9.767097516430269 -1.8697002114417636
-2.7716379719372064 0.885267366012144
2.143834621569873 -4.701684856665196
-7.4374652921200095 6.593254507458223
-7.02669456368318 -5.9775769580636195
-0.1116591557613571 -0.05860612512752006
0.6089461842785315 -3.607447333798735
4.506573228724019 3.515713961968034
-1.1117819947046659 2.198483350327985
6.369238532679901 2.0813240232645835
2.832494055700611 -3.821784627173665
-4.056944376648721 -7.690293987057091
6.369974111874139 6.286327876750281
8.570184263536337 -3.327170552133061
3.823710706049626 0.7531905563305124
-5.385735641512451 -0.7685232205026153
-2.4770784670454526 7.674215405254866
7.439194306190494 2.9408218803615576
-3.0406152121468777 -3.780028256072603
0.482814487373588 -1.1263064604301434
3.8801356221309824 1.3001637820186183
8.302017979368294 -4.878800280602816
9.389899371834222 -5.868437872385403
-1.1972521231946143 -9.16616274075474
4.185418198136725 -9.824215727003828
-5.257897186288467 0.7686957577866043
5.853020487789216 9.389133564062227
9.544145491600126 9.759285954446934
-1.705074680856404 1.144522997665316
-2.6532077116519766 2.2106057092563454
6.606118345261876 6.697538450945686
1.1524882474226406 -6.845895095944234
6.7508300981108675 -1.9822751953954114
-3.2889772662886436 -1.0535422903463942
9.459466436699632 -8.714732165318981
8.58683028402925 6.252910635943977
7.578912394617149 6.284355510604897
2.001952049376589 6.770574278637774
3.376449404088955 -5.24345179095212
-7.473203975782097 4.872238744638885
1.5330560457201887 9.380572172529135
-1.966248254660858 5.441753666990742
-5.143622644929648 -0.48737895255449537
7.497666511498267 -9.90177665080353
8.999885265259241 3.8994393961336016
-9.065279484682577 3.9119956729732763
1.9546888299426985 -0.12533480867669766
-7.805917249343275 -6.026186028473612
4.675729754629467 1.6697093812880937
-4.364112772958104 1.2688625248512952
9.240840163928482 1.369875429538805
7.391226388179319 -4.866259166452915
-2.884844328348275 3.596834284041135
2.853606033073577 -1.5843315439815129
7.875752464921316 -8.286485895921793
-9.81289037433366 7.545343495764342
-2.1100979994933367 -2.7691340908284
3.6063122179494744 -8.619465779096098
-1.1901307267412164 -8.541294221048794
1.4953381059807906 0.007384875329115914
-8.215386956927587 1.432673844689635
-1.1424663422394872 9.31329700320725
3.612230603686445 7.7953601714960925
8.371131044475977 2.9645888073583535
0.7737763696947013 -9.023045589007117
7.208053541179005 3.07916575160095
6.772720419447353 6.5521790365250325
-6.494306995689749 -2.3037969347562948
-4.442246854417544 -4.89189538099104
-6.030204297362955 4.547153854301673
0.9084526355770635 6.504995751317487
-1.1919646431028035 -0.5508916239937278
-3.4526784914557584 0.1928092613450758
4.821036737939119 0.6416235506158188
-3.9864372066572873 -3.7778454961471812
8.436264035906 1.2620521422492885
6.893380611852397 8.22957110198658
-5.966045776394074 3.6167710351839304
0.22813306345886275 9.83168962979775
1.1592376396333677 -3.563642170511443
-8.97806784551604 1.0335925927306295
-3.6694278055985885 -1.4793538160195254
-9.10894967505852 -8.802384691440231
6.658834231239798 -3.295780864548627
-9.613818699279053 -4.72518842011123
-5.514380784059263 7.402066212946295
-9.852848489435004 6.4597413072154595
7.283281257474961 -3.3563958058146053
5.047777341364654 8.136901195925624
-7.096547469476759 -3.914126801195663
-2.56142043024197 -5.701718352804175
-7.58122883221271 4.69842469496381
-6.339958796586842 -5.315103979503013
0.6866359380009506 3.1322234126609096
0.8784790252777857 2.480625061703833
-7.468479003137009 -0.4600267502951425
-8.169648899226003 -4.962272180938756
4.216219721296639 -5.669619090499658
8.805157903128144 0.34478271425165197
3.229705071175747 2.808484069686287
1.5632984081396728 -9.45193359469829
9.906101145317951 9.406090777289762
-2.6932214758532114 -4.451949220659575
5.242881423559547 -2.6786805008290138
6.473818758768573 8.168485248358209
7.911983495875628 8.384546658703172
-8.170565773621822 -1.642152769076958
8.43782676728775 -4.0421477248731374
-1.4789809954446689 3.395115964965319
5.29162117694586 -4.376472059140162
7.660574124303498 -4.0357901580582585
-6.400362739427436 5.482704947451193
-6.21586936628357 -6.498066292524074
4.756058115308406 -8.696452437470242
-9.79490366277967 -2.994708529584516
9.375733115128437 -5.9103758576270105
-2.124853434922354 2.0818914566187345
-6.722873102756339 7.611361802141175
-2.2174931420525468 -8.36241806959433
0.7294297296721766 8.670969880931832
0.7548398365408175 -8.276699636794927
4.512615253409699 8.848033504775554
-9.08379086784186 -7.0928367656676965
8.663787448724293 -7.77749139526488
-1.0079866002275892 -1.601876487591083
3.9401004516110767 3.9411608469608
2.15847177750663 -9.180276690829448
4.730841874366892 -8.246200136121356
-6.170701078735474 5.264312803987536
-7.51944893010452 9.86184247968356
-3.5306620047544364 -2.7274050566753205
-1.663848032374304 -5.313152837368989
4.1130927593139255 4.6170760936429485
-0.0874371317134699 0.7719152330125532
-7.517013367715048 -1.8875366033789458
-3.4037801089321773 -5.042318058786668
-5.617996669917378 9.770702364039185
2.6100593270679724 9.868304340933918
-5.029195500735019 8.514179271836003
-1.0832451510729477 -3.5200035300367327
6.399179372534352 9.705526212992162
-0.6942374022540339 3.3720025868017185
-2.175391451946407 -4.287812940698967
-8.309787955865923 -8.045079883159453
-3.0684139919881552 -1.5601109354705418
-9.457052271707143 8.123653193930174
6.949902112175707 5.813283712846024
-1.0341529204421818 -0.7901106098446995
4.1155372914139665 -0.777241021276156
-0.024259798759015183 6.989023578264369
5.889475878380988 -6.8388308263631
5.295099425034447 9.069778892443576
-6.210894563211746 0.9956550625035394
-6.185656073012851 9.930200435313218
2.110703805001066 0.15273465271116748
8.828585490820224 -8.018797635596718
-9.499387775272723 -4.700367892001522
-6.170276799242382 -2.0330549341134425
7.893283227431798 -7.362944109965812
1.3749031160680047 -7.491432153906978
-5.318680755844117 0.050026263257954895
-9.563551437182984 0.6537902730968508
3.3846256671664285 7.661165474135629
2.2260894406704317 -9.540486165244186
-2.2445505513347053 -1.866084210764761
-8.163859082816513 -3.4746564427044824
-7.75918429991139 7.455725053026999
8.474097805550329 -8.925522972020946
-4.257375678359878 2.059198539205859
9.115504010014998 2.0475136699131653
-2.405507143022474 2.824190916352281
0.3997564534074982 -7.480667217102255
7.091763537224338 -9.735158327236018
-9.299526540625182 -4.9752041807452745
-9.297301106279455 -0.11118480985734358
1.2274418729705339 6.386744713089275
9.711063651471324 -9.100669195770447
-1.263731159754176 -9.89785234402802
-6.980489046797604 -8.637191595859637
-6.031819201834006 -0.619623574307786
4.5878412633071886 -0.8784400407172512
-5.79937573301911 5.58712002135249
2.7578169962441557 -5.548972392579675
7.346199981299744 0.009985680459985602
-9.006230247175393 -2.8840510456854984
-6.721616156172992 8.39069499695415
-7.075976185503558 -1.3230058522605592
-9.261333693087746 -3.4432793744718637
-9.859464947617493 -2.1117393037495225
3.506725924659765 -8.685987683044345
-1.6043113841338084 -7.353791020211203
-0.17041045472400818 7.438184289901049
1.8740196310584487 -5.998349492452581
4.885692732538516 -9.31818778017253
-8.119504749582799 8.409313213421072
-8.33601581983752 -8.633784653355836
-8.705928586022392 -7.506094619433135
8.119440859855171 0.04812500078795168
3.4440328625127137 -6.958946561322068
6.90699503532845 0.973784295565288
7.3540030781804475 -9.02896180660904
-0.1537172895629766 -6.4294979411285125
-6.581581405753085 -5.6442321913642495
-5.839601805283308 0.39058651807200206
1.692294678188393 8.113705327634367
-8.081223851066575 -2.3020113413647163
-8.410100661594731 -9.388250840895465
-4.9501325992699075 2.6453614172809754
8.54160421088688 -7.211949158966229
-9.75051159997908 -5.865717988240043
0.648323201255316 -4.613962206956666
-7.270112163441381 4.992214598142725
3.8026182613458115 -2.3463241219044146
3.8644543004877185 6.545580788437469
6.086131292825961 5.459759192007043
4.5831552508230615 6.05834008623496
-4.934561006373537 7.726123102029138
3.651654258310444 6.164151988853224
5.891719134889071 0.22758993915828185
5.050052664094217 -1.3066116862606805
9.521220538744004 -6.258201474057456
-1.1423479172554138 -4.361875563951843
7.672839493914683 7.257889831733653
9.981453901528067 8.43643476862329
8.921614948539606 -2.1004709063164224
-3.5751824864520154 3.666298816753086
-4.586119435311399 -7.1411001872702755
5.521629273144352 2.7654902801954293
4.090456549210197 9.576076797395686
6.68844266931956 6.05839007738204
1.1161277425668068 7.780664562658071
-6.47286200662363 0.4458317180000382
7.600202126454125 -8.607180729608917
-2.9764207037550205 -7.933014833380914
-5.5716602966128415 5.931020181935816
7.726279679663783 -6.407258131012079
-2.4088739542991577 5.872250270673982
-6.480898401641328 9.419926000212481
-1.4050458261376555 1.5841440119473944
2.2567301832563302 -5.543486441315548
3.5790108752709493 -3.438969393161104
0.4162295418291819 3.84566099376074
5.802088110286759 8.26677831315535
-8.286249397260574 -1.9919002496222546
-2.89082663176697 2.309177358815603
2.302946376926208 5.064443397732653
9.181666304499757 6.722995393232395
2.108570962266832 9.037488312169831
-4.62023971976278 1.203174171715748
5.499848653897013 -9.12631580290595
-8.14874980960299 3.7431368950838433
8.137503558315306 9.653432477074794
5.8376562381362085 -6.739614732763661
3.408174789940979 4.4393931899479355
3.6875689799444054 -5.047860398890249
-8.657658396544296 -7.999806776091027
-3.532434627609664 9.219815414126959
-3.2001686979310158 -6.632629883279884
0.4741807417182393 9.859189090017843
3.083864684271651 -8.128591167513967
-9.584752937730459 8.288133156783971
-3.110043893858057 -5.09244615560031
-7.184934544651567 5.83691685507106
0.508840824421398 -6.571449856028703
9.001480083369504 -4.820398514046651
0.6729201218685326 -3.844563743140961
8.898089288191336 4.541547794565998
-0.7725187551119905 1.3860582744164507
-0.8000142949950391 -8.666011286939879
2.602257566377615 8.776553452241036
-7.923853187892678 -3.314185813650954
-9.334579945165766 2.491619342459952
-8.047455049812628 -5.147085972180254
2.743828262873798 3.5454728150552306
8.49296035085381 2.598306025092427
0.6163903991019382 -2.605404194153211
-4.354047988713575 4.499147598693202
-8.621708821536567 6.45627839951073
-6.898662795054085 -0.37349018149862445
8.134048395529106 -7.937474203874679
-6.898453441135979 1.903461778202347
6.028993059779609 5.118433461300864
-9.760830205041227 -4.576025836170407
6.801983953832039 -3.566791317747966
7.066421204578258 8.774902170895324
-0.649852425154636 -8.890729577546805
-0.09299143807943899 -5.300689462410217
3.4241435430424083 9.417994242260114
-5.448713261084139 2.2551450750886595
4.106133809370503 -2.608546268965064
5.383173835572656 4.174888328862538
1.8630579781180465 -8.327812327827647
7.545791097397739 -2.2847640726966922
2.605620874285311 -7.995943167485811
-8.062623512556534 7.727062903956636
5.039691578653294 -0.0922663716107941
-1.9983994995540044 -9.887513149333282
7.970165709801623 9.963394075854826
-3.415381298718218 -9.582762292291262
-4.847785429133749 2.360700312186683
-3.028115652317272 -7.094423804592718
8.1365407930545 -9.672357586382406
9.126425169968527 9.757355104335726
4.8243549959724135 -7.477800339693726
1.1552874506562123 -2.1134424473851805
4.991539718912598 -0.19472906060021344
-6.504101703831866 3.5446267620457803
-0.24362163053284824 0.43614718857487844
-1.696747830057019 -7.171821722850393
-3.556855479128112 -9.310560181874884
5.415154445486882 1.9153823179823704
-2.3609824197258895 7.802202563240417
0.24148819275434974 -9.79666756298295
-5.196699348541056 7.2311101055374785
-1.5330343670091136 2.7291429542569734
8.028116592134051 2.953477560557406
7.002840208309134 4.7697290299049495
0.7801038410911652 -5.381705014342957
0.802205759504151 -2.5620609261581944
-6.09778359085306 -4.762507839927837
-9.699883022843949 -5.478791389009547
9.166827596701605 8.232442722153529
1.0644281979682084 2.8113523023576743
8.257756340511754 6.707043690164593
2.051867030177659 3.2413800858644564
-3.5159360570682825 5.269017428754932
3.1288131661680225 -5.326386518303194
2.965219448499683 4.9685967053453055
-6.88848471844959 -5.483516391705312
0.3226946519599583 -3.7751400683638643
1.6025894118564565 6.060025541467208
4.705703766002019 1.1683631489955673
9.297803832119978 6.132903433925097
1.0160910122086264 -3.685853737205427
-3.2216090526819467 -6.559708930248432
3.026865608903826 8.939797277214819
6.205507883215965 -3.0684197879593818
-8.868066948515958 -4.903439489447228
-7.630030909279705 -3.070808620307881
2.7970649419404108 -9.93541768133981
-2.8308644812790096 -0.2645755775328613
6.506121764921964 5.717528783499127
-3.956034875753285 -2.975212785264798
-4.684967449960915 0.1757059393596716
-7.214729930707902 1.887020299872642
4.843176531355319 1.1079839490127625
0.21095103935297566 7.640350859433955
5.610077467042487 -7.667864282082856
3.6246423242079757 -6.5258212165120755
-4.075512454217288 -2.348427423879807
9.15266911114146 4.979610898893034
-7.139473196888435 -9.27314641627233
3.9608648734397356 -0.16958379013846425
-9.904287528435232 3.552293363376368
9.241690414996885 -9.407335430666418
-6.1055845847055785 5.421422677535768
5.369535055943588 -6.1316877496574085
3.4580665393371177 7.843310871206004
5.855853786466369 9.510178661845625
6.849649081595761 -6.452555365106269
6.198569054326491 -6.120449025725003
6.168262071207472 2.921459255440425
-7.691644481410549 1.6439242786606307
3.7671718023338023 -5.782603125172654
4.339759794770631 -6.320683910557367
9.532430824360414 2.1105560966934984
9.2721362386586 2.010562974250403
-6.258225383752444 1.1651971156471674
8.285838871600511 -0.4482095418264471
2.2350964992042144 -4.145592795460875
-6.377359931974052 7.282612398709805
0.003164447852112673 -4.316388210739817
-3.3100767055247537 0.8646181671544166
9.793090383562177 6.416825921396921
-1.4522232763415879 3.015692535172585
1.0081878019987052 -4.714733290325766
5.117636330008084 -3.697449441930562
4.004041952682517 0.03439411738049358
4.995321132229293 3.273184086308552
-1.6039129487702972 4.75486412549677
-3.8146851852935004 -0.8453999422600926
-9.881672662377664 -8.728350777666003
-1.8644390122081216 -9.224938464361603
1.479412633459134 8.717028566772246
-7.015315804824298 2.3115935825306266
6.765164054048558 -0.36479998523172696
-1.50706601335677 6.660874731522814
-8.450810415339433 -5.857901496114637
-1.7283065716699841 -9.312778073624504
-1.187356465829394 3.8158166139668985
9.486633028949736 -6.692173542211055
-1.0013822088784625 -4.178916160274135
-5.38550449492681 -1.201137655221057
-9.22349981219661 9.893863884916854
5.392563588032729 -8.74251209849978
8.192318435956093 -3.911062487237116
0.7896516460520218 -3.631286455118534
-9.914437467060617 0.421817174254425
4.91455355201321 1.7698036517292888
-6.2267407924763685 0.42544780588056774
0.5904958275481889 -7.5483445255624275
-2.3259464738329783 -9.097338615238012
-0.409579821922021 -2.4303527384013757
8.64640655191161 2.675045462918934
-1.1992802168006218 -5.047812138890917
-2.7231991682563965 0.14324213273017428
-5.3633950601688785 9.792821851383245
-0.04927195796006956 2.879254606641746
5.64444110360796 2.692694467070851
-2.1094314574630824 0.05416398769970243
-5.019412464267385 -6.717140791099867
-2.4789159372987974 -5.993088206649291
-2.1993686135316963 -7.254226749340027
-8.766920257870797 2.42969672555029
-2.8112678268246594 5.054536508486676
9.342935027534892 5.1061873745740165
-8.230870966567927 -2.4187576214691653
-9.612990412250282 0.47411186281049744
-6.880707022073471 -5.815520007442787
-8.683596484694384 5.5855160936692805
3.0716161074378885 7.482435435236262
4.521985407345587 3.3281587498715215
-2.1131316732003835 1.158020454245003
6.3420550508876445 0.2756636568771782
-1.6729993546021404 -9.961778098341135
-2.063855371373471 1.2016568707719841
6.718227695904645 -3.734684449078154
-9.164519822270684 7.8819980779168155
-4.477964199770952 4.809061480519514
-4.179548469802626 0.9559931092666254
2.3362510673407293 -9.907730082405523
-0.7933300860510784 2.6360211092818027
-7.705222755061323 5.631740999532422
0.9485858522357216 -3.110738621931038
1.5612504465300852 9.358691905669087
-8.363262226377167 8.003135652104167
-1.9613745188764558 -3.2355338924751376
5.817551210158085 -7.89563814889922
-6.572672493515128 -0.31724165611664645
-3.084626109172377 2.778024494828969
6.829164457454603 -4.234902025219185
-1.3073975872231092 -1.0263966019071091
5.428792817239927 -5.0447931082363295
-7.7098996549267 -3.921952546717515
-0.9773221884723604 -9.408091964144823
-5.431502480140187 1.6336392802747461
5.549086401001722 -2.8872225503046938
0.23761528476151383 -2.2871332659738712
0.10136749008353618 -4.270333559003207
-4.827479127035632 5.2388664594652035
1.926969248561182 7.94782506066457
-4.37717882136808 -1.5952804799552194
-7.094231702772826 -1.1270106996022182
-6.131267593119625 -0.9764313421286808
7.362448016397238 -0.4109402322016109
1.9938130685482296 6.671033016242511
9.39972592531722 9.616521070396896
6.4746674093617855 -8.820028708538608
1.9532838063199716 -8.489088494842566
-5.371348538935099 3.131669447530978
-9.031510886802064 3.2251472431670702
6.836607586491464 5.752951575367341
9.118619945023564 -1.2464258560677361
-0.2176321618733894 3.498430265698625
1.6720596367321843 5.021750267512026
3.2865841306055614 -4.136170664741434
-6.536527655154609 -1.4887053686370315
-1.1002233928685676 -7.509984900076365
3.9994085186373667 -6.2990578213913295
9.14778201359319 -7.13585224240453
6.425434679048561 7.111855270313864
-5.10524923882977 8.370625595813127
-6.721979722655684 4.251846577526708
-6.659908298293913 6.650037072089191
3.5156923787938954 5.558699441453657
2.667516111865858 9.056682132665838
-5.503636684209193 7.585644394479019
-3.627164002982786 0.3520659526373393
-5.780937608324064 -6.112808199865949
8.54825774661737 6.572409897566267
-7.166529003527224 -4.082438837947628
-3.31256324638336 -4.95709691842597
0.9825109484588861 -9.878017099080852
2.776748146049318 -4.310085939479897
4.400287793235034 -7.153734124128799
-1.8118684039407462 1.2611482535549001
-9.651970762881492 -9.441754271970543
-9.833874916717086 -2.6776075907510544
-0.2824320825612485 4.566951193162854
-1.8939495799635981 -6.275401738403934
-5.246937974468184 1.31609868359069
-1.7988001231036819 -3.8359022807191856
-0.5491600985466434 -8.882464610105217
-5.669048053136834 -7.872962656969653
-4.050658965217768 -4.8981591865044045
8.5424563868424 -3.9804602865374044
1.735677640616256 -1.1432847005185902
-8.685695712805977 -7.822495132787317
8.157209421562527 -2.909802400407255
-5.607491891833147 -6.137827076370059
5.8321616058074195 -4.233081746933873
5.924379859947189 4.868674318709624
9.268343344650127 9.631446784936173
-4.364462744845432 8.244979307964002
-5.358768551641646 1.6778934062297886
-7.66484292187982 -5.295389678690592
-3.4398164338875548 3.433288078851529
7.654121414285523 -6.3696667440590105
-5.536930024061095 0.9689922537990352
5.838620317675057 1.0100843892555833
-7.964172451199105 -7.074439279963222
1.999084512134754 -9.333306696277505
7.174210961488509 -7.402511838345034
-1.962173591968428 -3.12711427439832
-9.111795996330281 5.91479057625161
-1.4150494075294784 -2.2171027293125345
-7.90784249068299 -2.228199558909081
-7.882217581173727 -4.684216741774046
-6.773702610125456 -2.0738733665967573
-1.3416961262010538 -6.786584912963811
-3.7576224802451925 9.930733099815793
8.425050724858295 -3.3350954181558574
-4.1180462730231016 9.419233847211178
-4.966174323109033 -8.927779823709844
1.190492197183623 8.578924338451127
1.497124720629401 -3.71136573649993
1.8582460124382507 -8.219507058461726
-8.119988744934822 9.039686875779754
5.410801698063922 9.594738678610312
1.8727916092426646 8.436764117559086
5.03234466340132 -8.381443100797867
-4.872368247210317 -4.195925975059936
7.585988380521627 -7.099096327738628
3.4484891884206785 8.286532500203453
9.59154263239472 0.5867501983330072
-8.255027457443727 -4.429355792374912
9.109365559712966 -8.119143821387869
4.505351282783057 9.459089558039459
-9.742690216395268 0.5660576624515556
5.245651688980466 -8.726882581387159
3.8706151305657617 8.16395927851848
-3.423045777752338 -1.488848681663173
5.806636058671312 0.29599187238838987
-4.2708346778807655 1.7134635454193958
-7.900883985211116 -7.422482503687869
8.21654641084465 -2.8395371463693593
-2.4565735101102852 1.0994992973744377
1.0316089138161555 7.0660664987907005
-9.909387660381059 4.210248968726818
5.4715718566384925 8.430246915895523
9.876201155002821 -0.8867260419232181
-1.9623503513408185 7.347837197124946
8.511514301818703 7.356422682478787
-8.952870621095716 4.9216806380941875
-5.284425556137915 -4.29472484538098
4.644133928345198 -1.727244359290136
-5.703950317732824 0.8091282001850235
6.490614477687924 -0.7786339665169439
-5.833849440859186 8.14313381102495
7.335089320207665 -7.795393599068829
9.581042270610588 9.521478025072497
-3.9924065986347257 -2.529583682509373
-7.545084539862803 2.4696655138794874
-7.67270385315761 -5.991192081121966
0.49974734504734286 7.8046474201442315
-9.303730149730082 -0.44126982435733453
9.308443531733307 8.087791998126722
-7.04959794610911 0.4124099584548695
2.0058560569564836 -9.777270257050672
-7.314575428755006 3.647738157936857
9.912290629655068 -9.779561774248283
1.660676475115448 -4.227889152129867
-6.041551984515712 6.261551381686882
0.9386612703826316 -1.2924115549627206
3.5690284188527173 6.7806881117952145
0.5984204536286448 6.252952095744032
9.713574763187612 6.497013827752241
2.8682434143714985 -1.1562635095341367
0.766521137995273 -4.377300772052111
-1.0977418095195368 5.263150813109716
-6.923814088127013 -1.4710983346774942
-5.377163986961488 -3.8364501870045764
5.992211254699534 -8.712691408171553
-6.3426693815465 -5.126302822991649
9.940549698203071 -3.8097462073662243
-8.453649998443137 4.804902618249386
2.1996190810790495 5.241031098288499
1.43223446938344 -4.565234946427015
-2.7403456008212697 3.968722850620061
-1.88454010782924 5.44303968313992
-1.73230328202429 -3.0408483662179897
7.668448281928349 -3.214488867744471
-6.061597152277384 9.389373356977096
7.854276482874308 2.669733688083962
-4.220217816113372 -6.084404884736985
5.4011297187531575 -2.94361318199112
9.050640241831939 -7.207946164017427
-8.37803853787647 0.7524974909165305
-7.1502331332330105 -5.659758583271559
4.19836890938171 4.55015530070218
-8.514587074236918 -0.9968729948177923
8.512801441760569 3.535693264028083
4.334078187848885 8.651494974512971
7.564820517999731 -1.0107215056658596
-6.225915412645695 -0.44854070838096405
2.481567187230782 -0.6527397866059417
3.0499417748141777 3.858132312026161
-2.7209338447829756 0.5596974486825772
0.7412527214733728 4.629001204056092
6.868555936567365 1.4436995105748345
3.3706086125112478 -4.689839881248061
2.90205499493206 -2.248156303853575
1.014322670063077 4.395458296406671
-1.7383672295770065 -5.1986222383939555
6.927898173123474 1.7563804679570545
1.1370998943417892 3.335991031979969
7.504540101014193 -3.4833487738598716
-9.034132583635818 -1.827326587235527
-5.423297161100605 -1.1095712699659561
-5.975397561267471 -2.136870951561436
0.657719939026741 9.227292427224395
-5.944921179420534 -5.142180802308502
-6.258841492508305 7.171180294015304
-2.1828630084388116 -6.879733300190254
-7.750575408665076 5.125450479557232
2.0159467170077043 -6.718377159530993
5.166513389984157 5.890539179932757
-9.202219727764502 3.051727572788147
6.965338283584725 9.39538474450455
9.11514395531697 5.1239814071748775
-9.809466684974915 5.604515028984647
-9.133969318741164 2.5380250035459326
-5.265391005744579 -7.993550534738681
-8.696367961942816 -8.626804417714826
4.078230646000549 0.27904676352912006
-7.649650130401002 -3.6820848535981394
-6.695530347019465 5.599383326373266
6.711011867524771 -3.535170486121409
2.6283227864149357 0.8524393288354908
2.8246061242142737 -1.037058925141995
7.435551279970451 -6.246285566545067
3.6549754367640297 1.1906031905656036
6.080627533036317 5.342446177641742
-6.207585710131003 -6.571113652364247
-1.648811656259607 6.207104563921607
-0.19308371668062385 -0.9022535463875663
3.734517564805145 -0.5774962303779656
9.048155858950292 4.058168294863769
4.190812860251112 -2.984793328838946
7.999757484585373 3.8742001960527723
9.47003794423781 7.920041764342031
-6.109139784086464 7.777092839200563
0.15976739860380285 -9.908196653250927
5.925117058919218 -2.787338814506864
-7.382128903987573 6.397080132483911
4.908250139341311 -1.4210849416413502
3.841975736402574 7.149023644212967
7.559285917815906 1.5571704612055228
8.090147585523042 7.259489002779414
3.2566654436508085 7.847106465686046
-2.1312071136297606 -9.288394319903484
9.225125702530075 -3.101596985275787
-3.8623706936119966 1.2943221318472204
-0.16549191058403245 -4.5299196276534985
8.44018075332189 7.372684306789036
4.045865397206089 -7.2580269231978285
-7.139443657908943 7.48622250771858
-1.6228395110332698 7.5993070567567855
-3.0596187665576835 -5.6567817776943174
-5.57844414666715 -3.1482409239996993
8.134965383797926 -2.8415714899127735
7.5955634985562455 -5.485468410990821
-0.8329906973062009 7.993472650107627
-5.88972460923503 9.166625933924529
9.871164249690288 -3.6585563256217135
-0.4450442861626325 8.763351625028694
1.3534735121018944 -1.5471938486703785
0.055273807285928456 -4.8777731804391555
-4.016192841214954 0.1564505432629737
2.020106016718188 -8.905310104311262
8.882144738233542 -7.281693561784753
-9.89054968776907 -7.754864807983415
1.8419902925482248 -9.13931069587358
-6.5760790238220945 7.152012148198466
8.636002638716459 0.2130376609244955
-5.309765059316767 7.743571143224148
8.101407119744728 -4.3861800492188525
-4.5265546144070985 2.113930044402057
5.42310638280718 -6.8533163437243445
0.6541670187185478 -8.893208507213568
-8.97402444439146 -8.002537653077491
8.78325807948503 -0.2242069297027065
-6.31947364294528 -5.823950309492513
-1.765879680459248 -6.956818766082902
-1.4024486376376117 6.669029485639157
-0.9914048070402615 0.7623444289093779
0.8526719017880957 -5.277022218671156
8.641116391448616 -7.021654415870389
8.802568327078141 -7.500806319616043
-1.5824486846473675 -0.34295031945924315
8.676587916461635 3.027390216404907
-3.4068202120021613 1.8565786656046583
-1.9181448243022619 9.589982869399957
1.1209641917198852 -9.322586622053656
9.8092060956278 -4.499269834723487
-8.541986185350547 -3.554580190730423
2.964291160630186 8.074190375405852
6.063980758609098 -0.6425154904902914
-6.532191805625606 -5.662000506801974
-7.390966227335449 -8.041133013937241
-5.5439620471304725 9.92612523509857
-6.963896599181578 -5.1066121995111935
0.9554483435580572 9.173012724992141
7.950613812197112 1.3340397577893413
3.5928361104754742 -1.4709489651484269
-1.8195211951134453 3.9201277299161585
4.179220048145593 7.435088058871589
-5.716391385854758 7.315253922448864
-4.656924368487139 5.139766418066758
1.8878510550172773 2.7272598655257703
-7.2761581822702475 0.7100991668046994
-3.367723279188823 0.41896889687414784
7.629035958984961 1.6558050318445652
-2.836012969134596 -5.550326526410756
-5.355263516596422 -6.05074481722874
7.443905261452233 8.13130798514229
-2.326166466619237 -0.6348331150610615
-5.702795709979029 -7.703024366966636
2.1579803807118747 8.353055113234934
5.569766959765738 -2.178942986390009
8.332705046165216 -8.162445351707472
-4.911495827642862 9.897005405345801
0.42085995409365395 8.722697647787765
0.288531904004687 7.018389842192228
-7.465226972191756 9.840370654445874
6.087326492396212 5.131633147537958
2.1878083077332136 6.725705683446201
-9.032331765343864 7.879873031854125
-6.276810094057128 8.44952767513135
7.825284554559243 -4.576742129288971
-8.306448845288019 8.134549354781054
6.543681810453535 -5.487707827004373
0.3685041818124333 0.19279926748757248
-0.5213548126859475 -9.72848077630615
-0.4163412011157668 -9.271829507472054
-6.521677138806703 3.0900776678605126
-4.0280582254100405 -3.6705201006911237
9.527787964607828 2.590539196019183
-2.781761315288051 -0.23899465706181644
9.952962798522943 -1.6627715841420958
8.766278471874202 -4.298598015742725
0.10112444042130697 6.632192609698759
0.9579047058952828 0.800971859010918
-1.0933714324133526 -7.5193796690311165
-9.473971732225024 9.456579780892028
4.725701006683886 -8.312801040345327
7.389526709113522 8.168818463625218
-2.4848002343413107 4.343368300094422
-1.6439505052152121 -5.348083007829962
-2.4867818417419656 -1.832894806877734
-4.5104105243319985 2.5864054964885987
7.798226554221344 1.1909412433528068
-1.2998398333527028 -0.023694604898093274
5.615549447780062 -4.777715314438604
-9.818876764099652 -3.330970735640637
-4.408541902955008 -9.655860946123836
2.034347580373934 9.996996399901626
2.939816021459791 -4.354578424137636
-0.6453659810593653 -1.4066409677654317
-0.5643381449309555 4.047255153741915
-1.0667661654641787 -9.932578276999589
9.688408374680279 -0.847608989293942
7.982466618327528 3.756693141748695
-9.848542032437003 -7.979039409124439
2.955040043230923 -0.5886443275779296
-3.6907154104399815 -4.377818383202905
2.9881671429723244 -3.377406547623525
-9.859491944575025 -3.521513856260299
-8.597710717071251 -2.4064055867674377
4.4657989748102995 4.278954152927826
-8.156510078869221 -0.505424089467752
-0.4966435400757785 -0.22704923134737598
0.36870017563672697 -6.471146853756638
3.1736338699958484 3.6495916166141935
-1.8073525010541243 -6.850459737996683
-2.606106918392916 3.117608585439795
-1.3921049404972674 -1.5358993381022437
8.737894456384169 5.273128016629439
2.742994979583573 -6.873239165057985
-4.539694429704659 -4.647531205469997
7.898862363880422 -3.9862550219150483
3.323820804796508 8.764847681695304
-4.966693190485159 -2.7170544218803787
-1.9168987924940044 -3.2466411052021567
1.2281103789604622 -5.88353310575296
7.982284975655336 1.616027969385101
9.382501306976494 -0.9101139585613147
1.5194860830621728 1.6101574934089733
7.6361200184526155 6.5403144876024975
9.217440675911561 4.811937819161383
7.931847716398895 -5.959212846009345
-7.9825921735003895 2.5480671605900156
-2.9294623858458912 3.54635548228757
6.245005367647067 -0.7278391670711777
3.9400566047461396 -5.028861001376297
7.917574779654679 5.913544656393704
-2.2371721067156347 -9.93067935997596
1.5105301884880813 -3.2076356490698483
0.5309778403917385 5.215705667713724
6.473191805284465 7.203886290684171
-6.494208870449338 -8.353631897713205
7.000883502680658 6.033898532646891
-8.435200600947585 -8.686983929789795
-3.450983097726872 1.8672972577111082
3.2360796030348222 -1.9580922319128433
-4.662767846817413 9.40075033596581
-3.7025992123157874 6.506685975363521
5.003529624371447 8.588256990022924
-1.0177325494189873 6.107086310540854
-0.3708139439174225 -7.629411579143392
-4.990704680224445 3.183014875813255
-8.465982221255256 -8.695244084433742
-2.0746481500320657 -9.422156726158166
-5.757628063030584 0.4954462733746432
-7.745111240528564 -4.15049816192242
-3.5775918010677143 6.253160681537338
-9.14078536064201 0.40811688048010275
-4.271322298553095 -9.411669113718267
-8.407868140194159 6.921774520836173
5.478834386575841 -0.4817479710983221
3.4230266292008 -4.821243944865545
-4.673231228514543 -0.817884215207993
-5.77351177773606 -0.2877062618956323
-6.644153398708756 -2.4065145327963595
6.243569257175714 -8.443895220459845
3.4122392390092884 1.5183359989517324
-1.83951994379456 5.776742631115418
2.5829259686664567 -4.74576409833475
-3.377102077311358 7.335508799784794
-0.582395337836445 5.125028301538556
-0.012034674193856176 -1.1030600534565753
3.9066941006634597 2.164981520507954
7.103265029262669 4.054504190133612
2.7799413417665857 -7.649291970912138
-5.037329986432697 5.028759074794847
-2.5420487535723613 -1.3557146651147782
-5.919932790929423 -3.686225638424583
4.392386380806403 1.5441687812554186
-8.318373279166572 7.488839519280827
-2.308798894478114 -8.516266993711358
-7.161316926485752 -6.936590116680527
7.267266548432861 -3.1178553086811984
-4.49106774691942 0.8577387818109177
5.086984322254189 -6.272677032967559
9.142731403227458 9.131269568064834
-1.2430457466316511 -1.5901377041470095
-1.6642098747579315 -5.436557307791762
5.921188485987809 5.079678396996092
9.223365388842474 -2.1892309419361116
-0.7613571835809818 -6.7592958063336495
5.572053194861951 9.967254061651062
0.9496136484164612 -1.419302099766302
0.03532363348844214 -4.8427977767116825
-6.8676165415760515 -5.972330658272654
4.616265047583088 0.5976318739373347
3.682653865028655 2.4992092412528706
2.632991950451151 6.076344151487724
7.677615867774957 -6.122535415371148
9.63351375011245 9.487756324379838
-2.350424557088777 3.095436230434146
3.456049118472656 -6.8793713172612
-7.365205486406577 9.99044153133535
-2.678828322966318 -0.51225103760558
2.6527652738384226 3.72984855641122
5.096004669235711 1.2436525827780294
-5.233206010271811 9.150671615514657
-9.533206785005566 -0.1666211018446475
-2.884939674795528 6.4861311653573175
2.9720041967463793 7.174474701807405
-3.408152770371233 6.924987939269247
-9.337621143489356 4.081657106740511
5.807320841775709 2.7840524856061837
4.0053875343975776 4.126076374548829
-2.106255535746757 3.7803914237163845
5.045317500820497 7.12084128650876
3.6348560143119784 -4.760165496206509
-7.393147654003309 4.286200043653793
-6.9229266033307235 6.625753952914316
-2.479875172515884 -0.26019178625124084
-7.630360400637084 -7.848923024684598
4.598792110425578 8.01526606670777
8.189426379278707 -6.120512206805417
3.629069371705654 -7.783359313699831
8.671480042575737 6.814509143248728
-2.065026841065201 -2.1251578428277984
-7.6255669186295005 -3.2881841497187985
1.2860828299880627 7.970388866586841
-1.7148184108734181 0.8202898223528301
9.617121137654443 6.74541563136335
-9.083538441109303 -2.472984634437072
7.604433642419156 8.5844180445024
-5.859468876854166 7.835038250399229
-6.404120105661821 -8.478397848362903
6.0913026034590025 -6.230128219384481
4.512994279778233 4.173892611841417
-5.470248704245833 2.3819835752745284
4.894874637536562 -7.442504582057219
-1.9735835000286563 3.3418613491502676
0.7861744342326702 0.268227840732127
7.15357327202026 8.991340988733384
-9.144009466861522 4.269666381104791
-6.484467768245739 9.68013185002885
7.056125384692603 5.129473578048669
2.099886323027505 -1.647912866444063
2.5910665447219614 -1.2020879709727197
-9.46961936001496 -1.7384723651800034
-7.163972961335583 1.7550081860869344
9.727535668815332 6.296463766089129
9.492129428301801 -4.322529016843704
-6.469192951694223 -3.1202530033608795
-4.303473573559799 -6.764257697232889
-8.54972718540007 4.622812382163604
6.160836516769255 -3.32874206127838
0.7039299953559137 -6.053179493838465
-1.3308377280838979 2.0258400795627054
4.639655250389756 -4.288308666720557
-1.260307279419111 3.341123372743951
-9.414762376237134 -3.9478451015711657
-1.857496327876376 6.763035070073645
-4.652064676410436 -4.3804173444711765
-5.69688057654556 -3.6272906739328725
-3.520930272233196 -5.745590824504443
-2.8365567613329006 9.919195968063036
-8.529595936864254 -0.1487029678067575
2.5695715409704185 9.76038820111119
-8.877119964346553 -2.8382908951840857
3.7515605150418896 -9.141126628795298
8.544376946303544 -4.220588160331231
-0.29610319481634306 -1.5602930107906658
3.123999548745344 -8.955393681988397
9.54815891987844 -0.7623790309811351
-0.8647008156543308 -5.413352108709
-5.932833773171648 5.839761757381975
-9.31309803929189 2.850133076676949
4.450214475028149 1.9316102399889683
1.0990072900665897 -2.4480766174879953
-5.9633945340762935 2.7942317408792494
-1.2242968771935043 9.58982529865527
-9.978842298780904 0.8229974145947203
8.997037254071756 9.82565131079447
7.706512238025837 -2.1875045811737888
0.6564554283330519 1.7016368382546236
0.9443287853756992 2.960992262337367
-5.183625328297463 -9.693830636266647
1.2920403540444667 5.270937415563052
5.8300855026483145 -8.08753059861104
2.0409583221643537 -7.924765020708331
6.201455523236675 -3.8316349880053613
1.534827634011915 1.2227325363648305
2.5303877775599197 -1.1223335438511413
-0.2527218319103639 -0.6256204406233721
3.6462428222100947 -3.764785311260937
3.510267892183398 -6.923079689039485
-2.232881058340592 -0.9000499333941434
-1.7725313167295216 -9.44455469470699
4.449094750143619 -8.882764422517832
3.848127418922651 -0.4636471585600255
0.1421730275198474 -0.8138112527990504
5.7519429467839736 -7.737945779900008
4.534811074177842 -1.5285147262600436
0.5452447626343453 -7.764609393103614
-2.2963987194684288 3.6837084099386015
8.17559782070387 4.651307900808398
2.599482138766003 -7.472049034077866
-3.250560287677491 -7.048495677162691
4.4125426484328365 -3.571179169593437
3.690799893003378 9.311911278154
7.80254135537999 0.23157672340120428
-3.3940661003566053 4.753060506707968
4.446557546148867 6.144121865731627
9.382737003102925 6.783883608558405
0.13183225377407481 1.7889240453586623
-8.532503818236695 9.983368327124293
-4.232163397982931 3.0751236364013117
-0.3811699647471798 -6.846352316145039
5.64208440646434 -1.0204605476118385
-8.717087279779879 1.0617062321895538
5.5722279869100895 4.002381377401916
7.0373368251717 7.054893276627045
-8.444299955509344 8.32200467388575
7.0389098933303735 -0.44998621673546246
-6.801409916046383 -5.164637845696873
3.7589371533201703 4.072611928792684
8.64363885662662 -9.393046420146266
0.6291467595273588 -6.434668613462618
0.8355586739646359 7.365121192675936
-5.555447423434064 1.308267719994463
-2.191955576411435 -8.632740431558775
9.435673561043426 -8.363477120821543
-6.724916099434659 -4.697806416633663
3.130343453939277 -1.2614216786000014
3.002448172587833 4.200949261260828
7.5770043233023046 6.048926322624318
-3.2766980163586723 -9.867052165526937
-5.913385551799717 5.164313478579457
-4.620927579973477 5.083080711807668
9.510986146485592 -1.9665168709026837
-7.889132087607582 -0.5362492456564389
-9.757901656894543 -4.26085243353425
-1.0664928482322296 -4.540074595183105
-7.512445771963751 -5.256170211889753
1.6292459839310531 6.8546082946936195
5.965560410047841 -6.838859781233726
-5.416719111478785 -3.802494553891174
-1.57559184351625 -6.7568431893848935
9.597065967376103 -7.156410556872165
6.3476427860571505 -5.966197835014571
-4.813985985937199 4.390472799169341
-6.499520743336673 1.331004980674697
-9.649247498993718 -3.250124629506981
8.969104613901436 1.899505799568452
9.371382502115459 5.77546302735605
5.390416890106998 2.508818592551753
4.142134299845431 6.650904775171867
2.064439558900556 -4.352308429508767
7.895685578406631 -5.8639559020940935
6.009726600169575 0.8592513839292977
5.119075036271788 5.80512726746724
8.09398372112203 -1.0477416647687896
-0.7394571692619394 7.368982482188404
0.4748169103386992 -7.4527386396089
6.449571390261969 3.0661832444308565
9.709744555089934 -8.45342286557935
-7.586769125545631 -2.1078348497463795
-6.816231711215637 -1.0849375989503685
-9.240179462337553 2.7296108342940286
-2.4143829465293347 8.422434098412225
7.9781254289895465 8.166157588064724
-0.23769459630151246 -8.782948980701555
1.1987554993978211 -5.277896167054363
5.10938220404193 -3.941883239728792
-1.8884300144117088 5.5622431352638735
1.8634128358062547 -1.937018293231107
-9.768202363214728 5.504264046847602
-3.000345098299972 -1.0814422966615407
6.374307796814222 3.2842720474405933
5.795626516230293 -2.948278423978974
7.242620330943538 0.4405743048699051
1.6857624048125999 -0.7290515984466079
1.2894169135384423 9.018972424997102
-2.006602525842913 8.847614970922251
6.282800925751857 7.127033568983975
-6.9904406173028155 -2.664849202025435
-7.831933517304536 -6.592492710948703
-2.996627080640561 -4.032779721283195
-5.382770788881137 -5.445260604156694
9.60812816210247 -4.950293844268501
5.401658485984894 9.39227017767405
2.352242711860164 -5.525541423808644
-7.071744731972984 0.28738948261111297
6.3259157984444165 -0.8663754411866194
9.672077983824373 0.8036567882471886
1.2037231564500814 1.563783720424798
7.889620019812472 -9.627848554932864
-1.4518629544881918 -7.853191617295739
-7.193874179212947 6.438475480890663
-4.6112147026871035 7.72680415889813
-2.126237670723201 -3.1594332052773755
9.910427382544164 0.14975862431295894
1.7165237535428055 5.688036971649675
-9.965395835877288 -0.9654900601483067
3.6538536402212465 7.75627525920536
7.183070610297804 -4.778687020495534
1.2527102135005528 -6.60260582897739
2.3909351255382134 -0.3888784956774103
-6.717645641209264 8.351138602377826
-7.329713505075254 5.96332645420784
1.6302476188282107 -2.2206803915707463
4.605529400419668 6.327834822339582
1.7278212207613226 2.0514957128080162
-5.446927042069428 -7.046186933551876
1.6808287272029858 -6.684779559473704
5.502701280928088 2.205744863247519
-1.2086534428938034 -1.8505198125540616
1.6406003347598528 4.463443585516995
-2.4905579932233524 -2.591871886444692
-2.855671648845604 -1.1093574973188467
0.3490019488810976 3.8936832393071708
-6.81653012880441 6.411000930126857
2.2517059285837764 3.9787420872687935
4.211195545100573 -2.621052811140676
7.301125637264075 4.931525480610581
-2.5733882424604566 -8.241146399320886
5.7420705948871 -2.541227061298854
-7.512477914689026 0.6843202757271953
-8.992559465076228 5.880403885793237
-7.00105929768587 2.3197083532605145
-3.019480719950187 2.536094116515393
0.6262887510572028 2.93471756397169
-6.172631715919488 -7.454189013152142
-0.1633479416942265 7.936359842509358
1.0159239162127456 7.6042451194170795
-7.595095764683144 5.996951793549005
0.9167904838706384 4.9077764421890215
5.964865384246538 0.027910381827025432
-4.603408351514693 0.3763656954465926
9.483742032180757 -1.4845775327701567
8.29970257759836 -5.669369126435537
-4.092231959553018 2.2034389111800294
4.789538695178951 6.700077534886372
-1.2647102049240022 2.9886549863257734
-6.557749838487563 7.813575495795519
9.184281154690186 7.645589390998605
0.8971300999445582 -0.0992233126121338
2.5466519884806225 2.561506969656307
7.955592919824927 -5.633599166595829
4.248304816245662 0.4170263937504899
1.7183449689901398 -9.09725941009804
2.6226546738651475 -4.571124399321212
8.461362907750608 -3.9107932141531965
0.1620099930247303 -1.6461417984250826
3.8723006086777154 -7.881126036090014
-3.443077374091077 -7.082795364323324
0.5676646407470862 1.7717544651219104
0.5872867125692753 5.437351713544727
-4.456421653464071 -0.10660782845722849
4.130621322722238 -2.9755775551240067
9.305198069829789 -2.166661371006846
7.4422635934117025 -8.24062258856455
-8.951473854122527 2.1678629256503186
-4.527244932330929 0.025657046741642375
-7.411288389985298 5.901381503748329
-6.05831453252611 5.496539361705604
-1.041875480705576 1.0195497293381361
-1.406566473429848 4.045770131443998
0.4192399000448255 7.347780616564229
-8.187729122807074 4.90045864474417
-3.8194961352894 2.3637768560446943
-1.2868235652836706 -2.0240667070776786
-3.3629372342214907 5.449047773351019
-5.102176319297351 -3.0896668054485454
-7.310939061527202 1.9583529326184852
0.5328623342634238 2.3785861482683046
2.12357240191176 -5.004330934136457
2.4498551935863304 -4.068508909117712
-4.297649029740462 -7.778629234215937
-6.849727255880125 -1.2623178180684196
1.4388971803581683 9.171726475721119
3.57429840628458 -2.8785292857740163
-2.1411819547258837 0.25966295068500145
-6.744698484308563 5.761586569048177
3.7344254774880437 2.2791349112640447
-1.1050854999796513 8.071899555015019
4.949665457904802 0.42999725972413927
0.9438215596342818 -5.701143165383038
2.2366168784025735 6.369092331309677
9.1954444951648 3.8349117521895195
5.000225408826379 3.9253202399760383
-6.575250788503279 7.099368435611698
-8.034067399207341 -4.414921672319552
-6.872699834648037 4.416644378975844
-6.807278424666694 1.3579574095905542
4.943510117471348 7.195855828733613
4.362879280043508 4.984620843878831
7.1235309610805295 7.440938278814713
-7.527770336563142 3.942463084508482
-8.53048733782538 -8.582704660802971
3.694545856220042 -3.3060282523042623
-1.7778374904572232 -0.31422681364152716
2.6152334368936803 4.71992094916782
8.441034512645317 4.74821726598025
-5.102927817375589 -6.940046769700505
-9.075357320059243 7.574949176144706
2.6621810986073395 8.22575326569212
2.388730029286032 -8.396513884456828
6.041649851220857 -9.822441269652426
2.440337251707998 4.180349554844231
-9.316896733086747 -2.5505091876077923
9.441671604640657 -1.5130341723593226
-9.187203378112835 1.1606157555051695
-2.9472171008276993 6.414281978065908
8.663580701130844 -6.07880839238804
0.8820473729392102 -4.70605897817967
7.638451278910011 -9.009560411788055
-0.9282635215280202 -7.040332111204773
5.8251166998542345 9.153556188243556
-3.835302081170749 -1.4340538496680892
1.649247717903373 5.693042803166586
1.575252454941399 -8.934426241236359
-1.4636017210562215 5.025301799270018
-1.1388141363373006 0.17261974655979628
-5.6006084775965626 -8.619273848545866
9.980359544160805 -2.6323345671055343
-4.918337944836542 -8.619238560061365
-4.554333524867678 6.154611473306957
-0.12751104901337484 -6.282835609853583
7.519964748088036 -7.268500032476954
-7.960483864921626 1.496852854813035
-8.078269710801155 -1.4978514274033046
-4.025761646048302 -2.751314842231518
4.876306573287801 4.70188815200995
4.994269233954485 8.38985650915508
-3.964726007035888 6.669687123906275
-8.7775625397176 -0.5565149513271486
5.789706125425171 7.287956557601554
-8.475688215698632 5.24864176480035
7.674897757812062 -8.099251215460265
1.811156902658377 0.934431899824995
-7.836893844807391 -3.761488810584403
-1.0172370710205936 0.9007388678587631
3.9560411621447464 2.795624407557195
-4.499173271517862 -8.638751163625923
6.573332917767832 9.360277844856604
8.403553315720515 -3.4827972728175975
-6.482891341274353 -8.458871807667798
-2.9991955319278425 -6.711736412051589
-4.181009305934127 3.913785468228797
-6.882123859195088 2.3948185328470686
-5.632932501013088 3.0883174550968757
-4.1627200157679685 -2.7597903999688356
-5.041048243616865 0.7470716358607241
7.919104186381244 5.548881848982122
3.7214723748290517 8.997335178415543
-2.3933295347833505 -7.307834033695948
-2.2430997485425515 4.215339487092752
8.37955238238834 -7.0219436150732095
5.47108062237395 7.726308721093005
-6.184372969879157 -6.738592083927135
-7.350428651367496 -5.041325914842276
-2.1956349754007594 0.5251803356417462
1.31354273777883 -4.634193530170507
0.772360629470807 5.289895649884128
-4.75457619208107 9.779484520551655
-1.315195824046258 4.4448076170783715
-3.4118918701912637 3.9815183231524927
3.3329494161547224 -4.118961637251266
0.2608989751375983 -7.414193759478403
-9.947958461353018 -3.111189898925513
-1.1785218319386033 -0.6270517278627974
-9.364984291650229 -9.50910343001034
-6.45076524411895 4.325943841463037
-8.940428984183038 -3.573610675598717
-3.7378845872434923 -7.568134150210573
7.158609995798429 -1.5338626125965416
6.396874440003131 1.4077191077693652
6.005479765234856 -2.5517537700693964
3.6032497604483034 4.511492174838365
-8.950667493659974 -3.2928692547806993
-3.513942309039628 -5.652929128680686
7.199099291850196 -1.8814795442959245
-4.961090238618759 -4.493125857529156
-4.396500434409585 0.10747468886262368
8.66999455091593 6.101188137485696
-1.5933463703667243 5.5250138401139495
6.112838753677128 -1.9191912609363797
-9.777879511637824 1.47835523129058
-0.020155572284405565 7.762535898320277
-8.438469063888348 6.3044663939577426
-7.7644076376888504 -1.6866496353166447
-2.959649101704249 -9.978686954965585
-2.401577400076212 -9.640500454164222
8.282944706372522 -1.8013624822841567
4.927957292982807 7.248737630906508
-4.619881901027432 -0.3025368306335192
-2.7048201771156055 5.228168046636611
-5.494722864333744 -3.8541760303811206
4.345367210600807 1.3489699459448268
-4.859662688136439 8.134027243168738
9.588126083280034 -4.2628806536710995
-0.21543517853326222 -7.346944332365393
-5.841612944425059 5.0751628120375525
7.059161547584484 3.4313676422793584
8.135175818777793 0.05907811683865738
1.1151767752181119 -8.67156284592155
-2.768381431982596 -4.0496861970272935
-1.8729872106110683 8.295994144762918
5.681818454655669 2.7858517564020033
-8.480756227673611 4.578792729551463
-0.7637886658820427 -7.3964859524646425
-5.857689807083424 -5.963602653313467
4.23104327574762 8.590738180002639
-0.3194163979646376 7.842471123280756
-0.6528603594334506 -9.288735592708278
4.0338491477699705 -5.355215677328342
-5.632239683781776 8.2798559433305
5.163977523566615 -5.0006282300776554
-6.633543116385812 -6.0027002800247775
-8.286061962860995 7.491571158129126
4.74631203087851 9.466437217364923
8.533123617543637 -8.119579786990771
-9.632453868915992 -0.7453264961258999
8.573870665177314 -2.831870928548623
-2.1513968080479735 7.762996556652219
-2.580230265400159 -3.643350615599057
4.7630021580211555 9.700657838093456
6.399758566736942 9.63705943593768
7.978420984709057 -3.820607921257566
2.3602516609992996 7.209960660875165
-1.8672655795506579 -1.118133666419535
9.942731576438298 2.373731779261398
-3.6934856300138126 -4.313963626045918
-8.774899383326611 -3.621538813596594
2.7565138282072628 2.382718515142642
1.30158525967218 1.6402841947028826
-8.486246653096456 -5.956497841298576
7.341007961141969 2.1343291153101003
3.930447117378746 4.450491323970702
1.9307726852060512 -5.878765222590976
7.527484348498355 8.740653447889922
5.1469500243416615 9.66981424622228
0.8336003578846896 -4.658384279563357
3.289166356299887 -9.67923408934465
-8.923516064735011 -1.382163796067637
-3.839933029235338 -2.92129390255327
-5.261840748247946 7.016231458891976
-5.416818257677576 -3.434859775226653
8.846180019990115 0.5333094455424519
5.456336746896046 -7.675429369775266
-9.784437402611559 -0.633487239477823
6.337672028720295 4.611521217924107
-8.077085551045705 -5.390508398436255
0.24870193337996938 -7.758779184165117
-7.034404860318997 5.351483690456433
-6.5970099256257235 -0.5870982084918666
-1.2777700107196832 -9.474150739063841
2.8169299601772018 9.983104581120852
2.188353347111949 -3.2273627913370824
-1.6110401424122767 2.7715480631202745
7.421864160609548 7.447562691737474
-9.070330286897956 -0.02444455540241819
6.1850444029121086 -8.708369285190585
-6.511669787720045 -3.8447669695810056
6.959033115120491 -5.115789173814537
6.278458389921763 -6.6425440561685
6.214134924053404 1.8392083054409003
-7.213649833809777 3.97428117277882
5.195616126133761 -4.154842574352395
2.1457476519748298 -1.5056759552058807
-8.593876950009827 5.425529452015299
-5.977955991896815 5.6945749718086915
2.237588717298621 3.3199610226363525
-6.603448123934481 -7.814491063983741
-8.245778000111395 -1.4948526727588085
6.880643534034363 9.694849188615073
-6.857297198996804 -3.5363437898815953
5.993238454725908 0.1146640700604209
0.13110928757111218 3.2235066529933363
5.040510332999055 0.7575861144702642
8.600501723111151 0.8663427725400386
0.4014385969872656 -3.095918554962971
4.018787747803771 -9.421913525575988
-3.6214430400235953 -4.280583460129996
5.638268267730449 9.773407206195884
-3.681329326140059 -0.7150272121554728
-6.357492050088414 -3.131727850920882
-9.939056381467799 3.406907538407541
-5.797145453249519 -3.865919678146872
1.3959653428232084 -9.268809569371184
-1.5266629126230669 3.530706582178416
2.0010251565030774 -2.407233128580182
0.30948364748504 -1.7550936387068532
8.39694262215605 8.373820310904293
-1.8160831701230595 -0.7846920866034619
0.0016117731994835793 -2.631346164046451
-3.9894797097966483 5.939141415307795
-7.471711324125245 -5.708360068570668
-8.90114287610176 1.5415187251887232
-7.340215944991799 -3.9243048245991785
-0.1484562132525813 -9.993502730779714
-3.7666779837777975 -3.266750654432875
-6.508383240562285 1.7388714276582817
-5.351426689820144 6.713809326230592
-4.7620481214371635 -5.3575715810600215
-1.8913185513860569 -1.4303489007978563
5.526695902411703 -5.354663076866348
8.41526343691877 2.003281078956636
-4.482984521153888 -6.158502506782635
1.3435926696047886 -4.591088658679472
-7.5839940722304 1.3203142213861483
-1.8854522828757396 9.599453254196757
-6.6733445025118705 -7.949617821895898
4.761546200707809 -0.8491527025586283
9.301618704839935 6.106896763440101
7.329808922550598 -5.919530143213989
-6.355980526108153 -7.59927199055274
7.561907900257186 -9.266407213003847
-5.743393953062128 -5.209535297387506
1.5495818086870905 -2.9585347590260884
1.9539419116618344 -7.367122698855519
9.341219676080318 -1.3239732586219883
5.433010495988293 4.028352914919713
4.02468808886659 6.407748346813559
-4.48008817223605 8.83973284934197
2.2509120275117134 9.221228326844034
-4.614429220462375 3.910492357068902
5.437915009637987 -6.910289390274862
-8.63392829235446 1.3168201751490223
-0.07867945516404085 -2.098501263221011
-3.2660200473985324 -1.0671147451756795
-1.8890990481913121 2.2501880944227075
-8.631603239747916 7.919108132255957
-2.166164376092075 9.11251542136975
-9.534479012356057 -5.404073354003347
-1.460061891357011 0.8798687524675195
6.678867845101994 -8.002296547899043
3.3538877725753906 -4.247329285498234
-8.470783214093993 -1.680048578872258
-8.225923429378515 9.37403846015761
-3.0654331989681367 9.937459308398388
4.561817868253215 3.294431131392299
5.164370065131958 -1.5218192732412525
8.172536388144621 0.9574964506416066
3.608577860014641 -9.12916794276051
-0.9444506463763354 -8.418073378201758
-4.58406224777034 4.100208313687851
-7.798201035278323 5.5767708751690375
-9.509479661983898 -0.962964429887398
2.8997454690764446 8.896377852600793
9.464275644020013 -2.7803288747316994
-9.30280468268402 0.3446713926914118
7.6086704583804305 5.831701973847736
8.029839874479162 -8.423290016151984
-1.1998165404135435 -7.210356041001025
-2.2900815307068356 4.813469604495815
-6.849531122374191 4.1802268947655286
-1.1890750745812362 9.131462245093886
5.699835999994631 0.2523399402654647
-9.806247970242001 5.790661040969399
9.526260758862378 0.12603612288150856
5.682004170115819 7.349101494127847
-0.12575483871546567 -7.640686448388556
-0.7545631079005872 0.41110857265015355
-6.415984247681468 8.85771554999133
-0.9992373121517062 -7.203089465629191
-0.41130866814499 -9.1747970364118
6.612276921639211 -6.571438145506905
-6.898861828209155 1.3572209406228186
-5.675940449214796 -6.770678711775511
-6.191412924705038 2.636584121689328
-8.190214191730941 -7.586118376960074
-6.085279412260391 -1.6003156029361687
2.9370816689714356 -6.109585953767194
9.526426403192566 -5.3949080922434645
-1.8791852475181443 3.3102955854608567
-5.228992438603979 -2.631608993270662
4.226294737826876 6.334809444740991
7.458781022769589 7.692478371541426
3.657609097969347 -5.5249004337496
-8.816551454943829 -5.894076632630975
-6.068366743334359 6.1726798280286275
-9.945796867282983 -5.285539719133904
8.131739262862187 0.8179295312598267
-3.8626003686321653 1.0700109517511613
8.90417834052402 6.326048168520394
-8.250755633364532 3.2485513191546094
-8.676061734076935 7.3058995281120005
-0.35243534122229647 -0.2648745353046209
-7.04732794329537 -2.9837964654438887
-3.6590176843742173 2.794425508528173
6.004977811697081 0.8319936975538926
1.2405943112108542 -8.391585454962286
-1.141441260712222 6.766168949065321
-1.6150308454365376 9.120190060534298
9.432350384603026 3.3846210604835143
3.993208446212254 1.4240003398596617
6.161126717279053 4.856812278482963
-6.776138262012248 5.570770839368553
-3.3221486301545706 -7.978298598814176
-6.7744651624262175 8.619736905692086
-8.10298649105803 9.14782355942313
8.1679564430754 -5.458601755791337
7.509792435711336 -6.175598002693958
6.146591066359054 3.7211003755076106
-6.050766160421713 -9.637653333593947
-5.163447581705764 4.678040829033002
-7.36853597858522 -9.981444300639543
3.2648530760637477 -6.960331927761425
2.672674532475604 6.176520169483307
-4.447095538885771 -7.017839398427148
8.531815810719724 1.1035953381613073
-3.433814500036025 2.257945659765685
-0.7305565885931582 3.5255612049100886
7.342032147060426 9.587188936107157
-2.4069316482668057 1.4466099836440343
8.035378981074938 6.47745727805864
-2.9082758213909576 -4.346697295087614
2.326016278311032 5.009811609260089
-3.977530607163944 3.6279089085946588
-1.9271807817482856 -6.826518085475428
5.42887487890942 9.842530673538342
7.682571211854672 0.1738735827926856
0.8904283729967144 1.8443583521194356
-1.7384931438127182 -9.03514950215123
9.070693271393395 -2.398831743074769
9.70231528326903 0.4859222664635947
-5.149704003078748 -6.895067369506165
0.449408022747841 4.517133269519517
-1.718772919466538 -9.292093625689725
0.9211393930159275 -6.903785432837166
1.688615374011258 8.422325482232885
1.3793784999015486 -6.752389161968839
-2.004912328678092 -5.205440744494476
0.2036229424103695 -8.87722150575075
-1.2112371882543567 9.554451758955292
3.235650864358824 -7.205089491504355
9.105208509414567 -1.2007221282056495
7.695954970900097 -3.4819857990368064
2.7919968579072822 -3.999253415962629
-8.046586896943255 -6.774803015471562
-1.3011465636411899 -4.942160896348742
-4.61863387070329 1.779797696911734
-5.236318246101151 4.742401661712034
-5.934582171883404 -2.8747363972552638
-8.860709948659872 8.446838739302184
2.4610359740000085 1.7693285562228116
-2.190139525241685 -1.1040313913425877
-4.995827342966075 1.2140485675794643
2.0749988143748865 -9.124765763059298
3.2809178206577716 3.6571462164842323
-1.7241992232729508 -9.454436487766447
-0.421184615605954 3.600085070567431
-8.862529260285969 3.848289393069951
3.8240653056281193 -5.477440617687623
5.723197406704747 -5.745479855038083
-2.5501396149502824 3.4892127490278995
3.6559244890934455 -3.1952556309354314
-4.582597487791329 -9.310460877721932
-6.2463802692023656 1.1551607773344408
1.4385678500786199 0.3540984086027734
-0.23597169553018382 -8.912043665091973
-1.9928228254071847 -1.4641822457502514
-1.7729995570707366 7.478878911834812
-2.7518520223965286 5.915140851669211
-8.465363496078876 -2.811042324083397
9.423018808810351 0.6210687992488122
-3.634145361050207 -2.9447148566812515
9.536826909437668 4.7407195432377875
5.194402775456204 -5.072220551135455
9.078898763885732 -2.0705601199992447
1.8438943616826986 -4.875178249830164
2.1266145174477558 9.270808492933426
-2.55171125568628 -2.888695953940548
-1.0878085477977368 -9.260765381096544
-5.400595702467199 -9.477241019411993
8.360550567190717 5.727708171419936
6.152785858858955 6.69840435231259
-7.985112386189417 1.5144529138152922
3.5329191851318864 -9.202849027719967
-1.3530418665090664 6.556145706272858
6.3151925679247185 -4.419547396443746
-5.25612044094129 7.19897280136842
8.298510814500485 -0.022235958898100705
8.131651548668842 4.9888592496632995
4.982871322037148 -3.1022182340821463
-5.961768298837633 -4.678242784557927
-6.774466426435001 -7.521789858930652
6.89297544577181 -1.067979413473763
1.816707719428699 -5.399268070204819
-5.458072748695447 1.3149814923530663
-1.1049197517854559 6.703345744779199
8.591811004619782 -3.1911771477766937
0.15885992248780667 -8.253175545335809
0.8255007048327361 -2.810960840758307
-0.5814807430857662 7.127185780137367
-9.220246689699934 2.7211666063819564
-8.54453612793715 -0.37989927896490805
4.3988625576618965 -3.4380606790078456
-0.07802384550059394 -3.5395472091781173
7.2295646036784476 -3.1103652887116233
-7.316485346044582 9.801914100816212
-5.034997991590828 -0.641563162734105
-6.077105962415494 0.5748747831820111
2.060277394703519 3.203809925928775
1.409022469849507 -0.8982277148690709
-7.752273207115044 9.862102680846817
1.199050529324051 1.2467960833472862
-8.294729019199249 8.94212263587412
-6.524147170621248 -2.824043563627196
-2.1506961289028492 -2.2842315264490747
-2.1339834541562475 1.9020129820805103
-1.2386331817350182 4.608022116140075
0.1279121281201423 -6.71191946072711
-6.663737159805465 -6.3456209732799795
-7.322451054399615 -6.010829392775518
3.9833241273357274 -0.965826246989943
5.967543841289515 2.5644804317795185
-9.100093449902628 -9.386021015359225
3.797446491093785 3.8853738370396123
2.7384945227656576 9.74486558489713
-2.2351430202598372 -1.7873569349077396
7.187512294717411 8.190448544164887
-8.050350983074983 0.6427742827457799
1.6388953817049394 -6.994802869399965
9.291645212033696 2.1779990655063592
-1.2789735505659117 -2.364117630328934
6.291599504301452 9.454153514956744
9.22386436651945 0.12207460492111366
-7.464946764382949 -5.845039495466102
3.9938388004746095 -7.053993663268317
9.154684172334406 7.460887782886694
2.633974523993821 -6.038697487738229
8.459886711882064 5.106258839009637
-7.555472098968464 -8.935843246746472
-8.423289194820338 1.9222155417355502
8.60094579090276 -3.023842593260011
0.7847966876200623 8.827431322912169
2.554602323216182 -5.417217735007709
-4.476852564313962 -2.7703687893560485
-7.277112814692199 -0.828483211411255
-1.8245318531413162 0.17321696040500356
-2.0036939021021265 0.43892297976571015
-1.41330257315051 3.6350005982769744
2.794653756254025 5.6762695356968695
1.3963188656249876 -5.165126722803048
9.390436109585984 -2.4825160694260795
-0.2766752618113131 -5.585917589546203
8.177451919461099 -3.66627677397497
-2.148641362585513 -0.4623621464728309
2.1411778027897803 6.465709729884036
-3.885070422918318 -3.4889341404499863
8.865824003065857 4.2842525830050455
5.47188859832932 7.547363882610611
-2.3180009803198365 3.198154237420006
6.333144637002594 5.797895972222722
-2.6221238554348787 5.393076876475396
-9.200702657870805 -2.0556393986402828
4.843472536541531 -7.3951035811985015
-6.240005262837598 0.5509241797142668
-5.052898923908833 3.507369358883084
-1.3068344942892836 7.502922440020228
-8.134376585878053 -2.4039531383322688
8.460546603116462 7.894967356072886
-9.073638123524798 3.6822387156632566
4.487012105343178 5.821703395783352
-8.453518386424987 -7.648179374657278
2.140692595001635 3.750728273754051
-1.075353507038816 -5.434181605538246
-3.1529178596613594 4.558150668682167
0.019406038386742708 -4.771138150953059
1.9192519955378007 1.4607802181065832
-1.447786184296909 -8.44517454448779
8.9953021010644 8.150099132486552
3.6498382579262696 6.047369695323145
9.503918320409436 -4.350988322994267
-1.357777860735922 -0.3572397555482638
5.628413233823693 2.2487807894357736
9.162681914002398 5.094150736694234
-9.648078358171453 1.437421181730869
6.538559633170358 8.981815697483789
-3.512855053148649 3.4454135803215955
-1.3824199007609455 9.792720301633413
-1.9237028379524617 -7.976214665590242
-3.9365309439827083 8.725809695549845
1.0383429561647723 -6.751597606004434
4.681228651877689 -6.586805926779899
-0.0021898856844373427 2.185548053898774
-5.3747980998952904 8.986670163051361
-1.85489691976227 -8.421776580663426
3.625010250663971 -6.549000018091078
1.2241409563684265 -2.105114421370306
-2.2120493227305227 9.054071856044349
-0.5701398719918416 9.290937666964286
7.667972957748162 2.555797300766274
6.089540426203904 -6.350724835260804
-4.628359066131189 -1.07111331496853
-9.372169380246278 5.625213484445997
-7.853415913801038 7.334746498923472
9.34604878540273 0.03226614012455187
0.2730277419027196 2.9185022975913526
-6.391235802501161 4.757806857671367
-2.1163331288553504 -8.840201785463757
0.7021190558477777 -3.6074986877507342
-0.27473855399226643 -0.6595194032416352
-0.3506606628368374 7.966136460528205
-0.496893803763939 -2.007913984710113
3.8142038924116033 -1.7289193926388826
-8.507065525438232 -1.3189853501419773
-9.167139805971964 -2.3628442010615096
7.850685879194579 -3.8927717876821033
-0.19178451711804456 8.437142839560963
3.4095103014379617 3.0658707207253055
-0.1839735248264862 -8.789710956419402
4.3715484069522255 3.1819006400744563
-0.312612146899081 4.853699010173344
3.1451482974913265 -8.396698938753634
-7.533331130005852 -7.6877384257495756
-7.881029730863014 -9.563865432660922
-0.0010192250778047196 4.407864976555938
-7.0739881171157375 -5.673803254162335
0.05207644017008839 -6.106726821164637
3.9315283895563518 -0.14600443322933643
9.457122407612239 -1.524444766531989
9.104999845711674 -6.146333104634756
-5.455204932354894 1.667913088790744
-8.620544530320142 -3.907064074889517
2.4540367247510844 3.4907005474195643
-7.633502806658878 -3.197262959692315
-8.974888628086173 8.6126120805291
-8.166056533346142 4.856897682937465
1.325628109741599 1.7553741541530634
9.686224420544228 -8.571377754431595
-3.7531148630379523 7.456462648347454
2.6071698136888504 -4.423982297158011
-6.445752684541402 -6.433330859498136
2.567654478548258 -7.530365334532938
4.619739935628736 4.224951981793378
-7.933946275327999 4.288619061446564
5.92288502519407 -5.468669193960229
4.835601888270213 5.351413125013485
2.2738482484553195 8.643244338538075
1.2799437769977047 -9.508853875807644
5.698807046981356 -3.9502569863072186
3.1624005317531783 0.29919559727012945
-6.679377194373273 7.050892439958105
9.339359785896772 6.206283133565016
-5.648701964046294 6.3079941164973725
-3.4749580657303847 5.555320652603136
0.588798980140604 -2.9526316894992366
-2.6021224116537134 -3.756122062392844
-9.105791947569719 -1.2748481878899334
-1.1283680750196368 -9.268885926118898
6.188726284679468 9.070393754161426
7.373665187604143 -8.37870752977424
-9.235749624475101 -3.30948306825515
-1.441850772224388 1.2001112682206632
8.955003841928722 9.664121690708317
-6.357635164348672 7.1805033707629775
-6.854165809715187 6.418491126159015
0.21568643071308458 -2.5273598144471565
-7.011279366385148 -7.963466967856718
8.701756779520544 4.060982456373495
-5.692158556824012 -4.959835493679828
0.3058107425470791 -1.3799460482722168
-3.2137190290422657 -0.9333988125246862
6.826764326775724 0.6762408484706768
-1.566268709445012 9.17356946642624
-6.586798406461824 -2.2623490430141757
8.275727221476387 2.133096466631695
0.1316593437815392 1.1898583825458058
4.592920430614576 -9.453775935794583
8.341797543016305 3.534472692186384
5.787697578577735 -1.213446465980022
7.723409674691748 4.0040496659970675
5.7906348856947165 8.402694104241611
-7.388959672590573 7.028108128643112
2.925514125798557 -7.524618325701171
-6.06504328540395 5.824300358529522
0.44195298173757 6.658278887599046
-5.381715522297361 0.0336057820065232
3.3913003771046064 0.48091509705463054
-4.954471020585016 -6.370904951766471
0.38279783157621594 0.8552255529035477
8.075497353136456 -7.898179579206435
0.3842871736411606 -3.74116452032375
-6.404598927651199 3.1144250573461214
-8.616377251684408 -3.9709980785188614
-9.699160108851835 -8.984637157223654
2.080372405303752 9.063667686777016
-4.530020044049074 -1.0320034378312108
-7.301030739787285 9.289823150715854
-3.5639547357296397 -5.077159648612359
-5.57116397506535 0.27036077759948896
7.540512100592739 0.42578902181938894
4.8107780872572565 4.011518046229998
-0.18991556874184923 -7.42287459200186
-4.1499277939889545 -4.646912155460969
4.378820760584874 8.617090132776081
-7.011578428789136 9.970233074035765
1.9727770468737145 1.8336157198707514
-4.938345580064373 5.336141915617098
2.8704803564552925 -6.6485362320632735
2.790731156145714 -1.3454975738139368
3.1479147993285146 6.506392150771603
-8.020959661005541 6.802153098839504
6.4059906304956336 1.753118496616466
-8.54809810040049 6.666652351823533
4.184682681607693 -1.1132360076451953
9.71173048594514 -0.2517901869679502
2300
0.7339380713250776 0.10355979775377477
-3.7670431553285617 -8.45710772748978
3.6151267690861957 8.527391848557645
-8.345259322861756 -7.837180747383295
3.0498097475809693 9.945055102613395
-8.612913174906268 -0.7856943814445589
-1.9937011471207775 -6.534876833466356
-3.997492923373751 5.87395452081636
9.670297885492168 3.208288657967195
6.355389437317207 7.2137250917343785
5.575169346895052 3.2715270004060653
-0.7030072461851145 1.8202473697122006
3.4609911870098724 8.599265333813356
-5.684452519984644 3.031602516721037
-5.9761084255743775 -9.126023946592564
6.915519249067579 3.5694792932046298
5.543148606260186 -7.663800534289318
2.434583068482352 -6.461514787873339
-9.982298481451572 -1.4786851121746718
-9.553648114887752 -7.401507489627354
-1.9560709956940077 -3.9577959307206996
7.328724738848788 -8.976824285187346
7.847121503581288 -4.057859877110273
9.113329808132171 9.88680813351602
-4.352783542358907 -5.052422200023521
-4.85022984598417 -5.186222950990906
-3.1145859017310062 6.99439028144684
-1.3902976890596026 2.938662724041416
-8.759047965968998 -7.2098847692972505
-1.3708897465216001 9.110144851856802
-4.129330626367189 1.5628257209828345
4.763300875926429 -1.156489511904308
-4.310303576379204 -9.994085501101155
0.05548086677151787 -9.491278620625703
-5.305538449016664 8.269467187419753
-2.427233249524125 -7.795982910722623
4.595770533507409 4.466466650380173
7.5095861929985865 -5.148807956314172
3.9744687028010155 9.367380075850363
5.583899136310963 6.861317021886844
-7.793692147082096 -0.7263313958882751
-8.638214159486184 1.632018457004449
-9.876093382639224 -1.359762698585115
-0.015209467347387928 -8.565929435734079
-7.440433560219648 3.227392875852786
-3.923035552260801 -5.376748024144577
-9.070843023803064 -3.2711592357544745
-2.8556827656545813 -4.818755164701274
7.554457026395159 -5.815091247010082
4.668289895153437 5.8288228838812035
4.934500156940526 -5.286040035279839
-4.482912098131098 7.696375389731308
-7.438774426537076 -8.797811533794109
-1.5217138040654365 -7.4200437246088295
6.485823167784432 9.187624589739258
1.7280275260425455 3.2123140630755938
1.430678781381033 3.5567765853746884
3.033839151796979 0.6859537695358036
6.548345112548567 8.29994774428124
2.365363590272393 -9.862431207229827
-2.3360527212073716 2.921904487493425
4.380878961157871 -3.155715782301856
-0.21274148171117702 -1.9574630505866324
1.707099251741882 7.639979312323053
5.2052778797273795 -7.764155641242187
-1.1129723188223455 -4.827292513159371
7.032124593519409 -1.79295033425241
-6.049571445606903 -7.21553498442513
7.334683379104959 -3.480854972047802
-2.7627428420761753 4.9510209647241705
-1.394276841944734 -0.7372232960434921
-8.018707864450551 8.24311891940081
-4.7444755572346775 -6.363724792865417
-9.964082705127712 8.504663049624444
8.079770937884668 5.721893342536431
4.336306079569869 -7.166104029958234
4.582434821647709 -1.1000541969296869
7.548824726178033 5.874871298895014
3.25306217864582 -3.492663509484151
5.320095325809223 1.3879055171430217
-9.328880215634252 -6.4898146001089
-1.2550115187541504 7.992580556236838
-2.2018061697572877 6.951461926086186
-2.1132689782900727 4.525599374472778
-7.477793198500866 -3.55922497545337
-5.258175298450565 3.074202919301406
-0.6309065897860311 -5.4253949858229555
5.74603646667825 4.914848470661923
-6.917762852653471 6.778560558074197
-3.3250405082244727 -4.61964434415008
7.153325495742621 3.080224658124987
1.6569826550351614 3.039959464741667
3.94898299440033 9.969290760564864
-9.820586248881732 6.693106396293281
-7.307061403125717 4.962034824677675
-1.8335223050062694 4.431587341160476
4.899417472125002 -4.147576951152487
-9.051315436903264 -4.90943003849079
-2.240312885068631 2.1629859555509867
1.245518158380607 -0.18088188555502605
-5.79972148448708 -4.637697494259196
-1.9951816374584794 2.4033029932700227
5.433526748253506 -1.4743730751276232
9.946799354450942 -0.5204807848310811
9.345057987318445 1.9265267832288622
0.1290660648324078 -1.1770456576311936
-8.523725487400037 3.897089684869391
3.1633952078263743 -8.403660339242144
0.85676193275809 -0.03553859500148526
1.085615373119369 2.8672422701441764
-7.847454210348439 1.043426824161207
7.524886342377648 -0.8437183997617197
-4.548132925973787 -9.786984241969714
-3.9107784916119526 -1.7779953229884953
6.934716983952939 -5.77373620401892
-5.475835387450325 2.6064389533086434
-2.828768543718363 -9.094041681110392
-1.2423952384624748 6.472967079117346
-2.3283153401598344 -6.226367708598168
-1.626327308626788 3.3331666120447494
-5.898495624965088 7.188452256876044
1.0827937352686927 7.354895416749827
2.044467572258082 5.479188084233446
4.686922293604178 -8.863474346656563
4.941602728824712 -5.681512354643424
8.196328340018514 5.238308598025085
0.4486950583798226 -4.419808367840156
4.708815264042885 -8.198775409953118
-0.9724153865419911 7.3516087190090325
3.169301753691947 6.397340967310161
9.757770438896877 6.1079819036218055
-5.4625040059025505 2.208096081359699
2.291746124217987 6.834668059697954
5.179950128753855 -4.178030106853852
-2.6673897974440735 -3.453429355092254
7.675921517216111 5.682952994340793
-2.4428475611192813 3.1630481792756733
-5.989681469613542 4.578346122510819
4.641496107308967 -1.3293410482469543
4.866967846098076 4.167230723701534
0.36937760582396173 0.6642494141736321
2.6007820774321146 -4.409657743387068
2.4434799981650244 -8.09617987628563
5.820831709584404 3.3866267036978286
-2.9898775662977473 -8.299000376565429
-4.183156550056781 0.3691062919152621
-5.695744064620243 -9.060948360764433
3.3899010248396095 -8.977108255148874
4.695160910250555 -6.831005471551828
-4.908630521567883 -1.4899367851557717
-2.3952826002883114 -2.925746957994888
-0.7865618660007456 3.7324760790102047
3.745844599889381 6.338923181253463
9.112051401656696 -9.901028732004825
9.342478227685952 4.237716365420731
-2.9306911542494607 -2.052546890321776
-1.178292377242622 -1.2805459919870632
-0.9414299351562061 6.916332855253856
-1.5779153802577994 6.668762948701708
3.8406920459708864 8.065664975257118
-8.575902559073755 -6.022580071133794
5.3563175708320525 8.589804827890582
3.317996252472863 5.576550138484524
-7.921555763821755 0.7129732664717814
-9.49663813154029 9.687625210123116
6.90137994859078 -7.483224698166843
-8.89268512596555 -4.295990929529383
-4.523069466876686 0.8244469154970346
1.8776373676765061 2.9116168104903295
6.201123863214399 6.472877864808925
2.68768212431514 4.107582332055584
-5.12439957436567 -1.108375622121681
-6.673867402627742 1.3974217097569799
-3.479824650880068 -1.1223610748024058
2.7967915120148117 2.9076083863701108
-5.20891893511952 -0.8830245229985874
-1.8909915105719737 -2.0428359122512756
-6.54342945210079 -3.6326888649909694
-6.794813030643063 -6.538640048929285
5.917784719630566 -6.779237123252127
9.150900183792942 0.1858876481742744
7.986038094594733 -6.670105943176541
1.850255855484093 8.673352624690494
-6.548266043637907 6.121955553689059
-0.538329311646617 -9.736096378480648
7.032476308861831 -3.204933792063862
-2.803221916454792 9.732970958727716
-3.6098095539486375 -0.5441491312855629
-5.038663867820241 -1.7337480797135072
6.725012330257783 -4.228066701841273
-4.542758323613459 4.09478303058258
2.27732385604253 6.963299568546049
-5.6645790311684685 -9.73903215204132
-0.8613432929456248 5.344226823971594
0.09614864663771883 8.328665952556893
7.49705332176838 0.9699171053880704
-9.110371583940085 -6.536633430536636
4.7017695922130915 -6.182689241950761
-6.31600490135267 1.9760067525615082
7.6889620472488325 -7.438797576572378
-3.0779951395700262 8.532762558410564
3.5047523060491024 1.1972037842644383
7.431733093066423 -0.4871474622942067
-9.145993674966537 -2.266749227075193
-6.798677664484327 4.715868005894615
0.09935082391043792 -8.49759289126602
-3.6586566186865817 8.71337725987446
7.099932896155831 4.417277764804858
-2.727010258548197 -4.62652948676721
9.65221411719659 4.07396705709748
3.215847514427976 -3.289823053342378
8.564998607164917 -1.2150626529307456
2.7949021819314765 0.8255503779310267
9.88099041859989 -4.6133820553295575
0.5148936795466419 -6.948859879756317
5.294405521576184 -2.5289930018297575
-0.05233664123221615 5.436478019595906
-5.345741395770791 -5.010518109793905
-9.359260158723083 2.17205406506036
-6.334556631370121 -0.9319303333898272
9.284304749835808 -7.643256002719932
-1.21103292244495 6.467114308904257
4.851695902492645 -6.246457793311986
1.9570756150941477 5.19493185128465
9.840581035182087 -7.565198877402681
-0.6285451037520122 -5.87328370252294
-3.1489565562875788 -2.4556377276349135
-6.015533405228764 9.544391957426196
3.579649874887366 -5.3234158043103275
0.3066603356561952 -0.42542337744091085
-5.218696308104091 7.752380021391282
-4.281940122286931 0.11880804969077374
5.7599596591747275 -1.8523553540830058
7.004162460420712 1.5122867336697396
-0.8954322850048495 -3.6935345946461506
-0.21542957087467585 -3.9748689158366908
-2.291558702155352 -5.476364692819626
2.5991600666103274 3.687862899169783
1.6667326540573981 5.36731447268555
-5.036077085035034 2.4455167668699023
-5.367450510707958 7.893621569075414
6.528532686971811 6.185961573902215
-9.12660639550689 -1.0373446968042686
3.300716708768732 9.8310772712978
6.531712715563199 -2.2641594951503112
-7.4559061254029935 2.986900524388922
1.983594052294034 8.579981092228333
5.164045657182212 2.850140626604091
7.966453900502977 2.405948012965231
-5.714626311653907 -6.399096176272112
-6.536233988003217 -0.5734330529005618
3.20429109341835 7.67291284447251
1.0431620725844333 -3.6435043684768136
2.376815475629142 -0.7788125483221986
1.9697168248846566 7.251040651432113
-6.581196567275576 -4.442592263294236
-3.648568950393118 7.796002076364129
-9.695830171108268 5.345591012056827
1.2713320904963616 2.1507166015224755
9.40209509975351 7.907582479831969
-7.365759992256886 9.77858096551628
8.402387541035342 -5.569744735553009
5.775399465791791 -2.4414116446075074
9.491723430660649 8.16770468575594
-0.8003341393444252 -9.48221824917924
0.19693854883288786 8.440625294021991
-0.6070778918315778 -8.454643154428611
0.6881741281706972 6.295834039373659
1.6833435283646914 -6.87054085517786
-4.578795238504199 -9.44077260735677
-9.257817236672334 -6.320649585812763
-6.6622530474908785 4.143239712054804
2.816431211857564 -3.580465457818585
1.4304248371352308 8.521952194857448
9.768786194554608 -7.7658172018085025
5.324372395462731 -5.640616298778904
-8.923853087104428 0.09164774787717178
9.746175428294627 -9.522493072200382
7.203255738563222 3.544334066739996
6.117412793735028 6.243687280812384
-8.733513672750547 -1.2375751087704714
-7.794535907381411 9.894999613471029
-7.756325645569833 8.87493732436035
-1.3933132824467052 -9.184098757722177
9.037251056576082 -0.21634163459314415
6.435231675399233 6.149711492054767
-7.949166372857334 -3.9713267468547953
-8.66541160790899 8.081130541718455
-1.1815282720077231 -8.082735693257543
-6.873799940430503 9.9696551659652
7.440202576785644 -9.820817428993475
-6.6393489125226495 7.319645513063477
1.692360220086048 2.351256374179558
-1.6565621331243374 4.776294673385763
2.3324118552036843 5.904237074990011
-5.71351426652768 -5.584547370068098
5.686533608293827 -7.4317026087459315
2.612280885537807 3.122838603326052
6.696525022425387 -9.586743595251978
4.209181109160227 9.453730696249593
-3.7502140341060723 -6.361009033210485
-8.467047332110313 -6.570872926901112
2.7421330751395487 -7.346423763820873
6.858181273460158 1.984735540073281
-9.46437979905992 -2.986921762956336
2.967247479715308 9.146393460520372
-5.935535503820757 6.830195401046801
-6.871900006270588 6.899934933755219
-0.3072057426085646 3.5478292561207034
5.2639418509586875 -4.534933553817108
7.5677850281674175 3.021553973731148
-2.907161314247708 -6.835555405293469
9.295116040416453 -0.11114529797733752
6.771199958740745 -2.7634129239278593
7.139610101131886 -1.0305219109489734
-1.1206619300083336 8.050515064832517
1.5859733539524363 -5.095614686612615
8.958966781472974 0.18192569766593003
-7.494063583183948 -7.4783683641704135
2.671291438565479 6.8735692395799255
-6.152203118056621 -3.83753921668176
-3.400565340819406 -7.187410154045848
-4.12016463691967 3.2102641895433965
-3.7814843562247136 0.6305707296527512
-0.25903627532323625 -8.009505637856421
-7.950028418193053 -0.44708537281191596
-1.1573367598265314 -1.089767462889725
-1.0597031662764067 2.4057033873727285
6.013740731962603 -4.22205226836025
-6.3329031355143695 -9.222454855769888
6.479463167258409 0.5512475969922885
4.041679678183552 7.432850889933913
-4.009521584089091 -1.8891621510930907
8.972427205487456 -7.972488922804866
-3.022663598430288 3.208147550006588
0.1645576477230115 -2.667076596562154
-0.5429011553624985 -2.965402061263596
1.0503186856717406 -5.721150507807325
-2.633784436003161 -6.271399730133121
-8.966398342056827 -6.569249808766287
-8.097565378404635 -6.715856874712882
5.91425912780184 6.447690630455128
7.408474313232926 0.534542350316098
5.059750221524871 0.7899867488098664
-1.2152084784779138 3.0012352774408395
0.2655776492811146 1.9149802054523075
1.3524633382009572 -4.338836173212595
-9.906812699016069 -6.211823579364197
3.2280159865423457 3.49746010849902
5.89265340285924 6.29791482891936
-2.9801177340524614 9.432504772176653
2.638317259804353 5.39861075150014
6.021166365440699 -7.355564112107662
7.68372172217202 -5.635377749775074
-6.269332512302803 9.440590847681591
1.1134304176614904 -0.19898612776538727
8.707065303934964 -3.899272061347241
8.980908504243956 5.4263823008027
-2.6884962458987154 3.942210830354224
3.8760686437992113 6.378024058284904
7.071811673125257 -8.957850206353106
-8.535457435080327 2.4575722402086555
4.999973666089126 2.818579640512409
9.292554833989001 3.8762092768665806
4.747031985262836 7.628289638932209
-8.706154977979901 0.6327380478928646
-6.229871624257777 -1.4138260951856125
-2.1429815695195487 5.362421290045166
6.878318157295158 -3.485359896577025
6.612504734489498 -8.099840745387418
-7.858332369465226 -3.463568888765116
-4.82133803817264 -8.322648183430273
-7.57156327826668 4.030408645032672
5.604945953867189 8.669944258993027
-9.989104415078177 6.907274175208379
-7.976340228182332 -0.9487677427528141
2.3966334490449555 -3.4768361331135456
-2.0628688651511755 7.293980565998016
9.277328374230088 7.750453965673792
1.3680883836121964 -2.2739018791028283
4.663480525717812 -3.8656724175039177
8.533502222992063 -1.2849155316484744
-0.3837213869201239 -0.7511947273512618
5.201742783057121 4.033605640150508
0.43773105008466473 -0.9660179104707396
-2.9392469079623806 3.4420846035542354
1.8066429318265733 2.798076989587077
-9.711892418417225 8.260411000076004
-2.4058640764941064 9.071977470556696
-4.11615402287415 0.5124897339835783
-0.05036479267591787 2.8706091784515415
-8.515696506304874 -8.521787258965158
-4.425311562547347 7.400274803956602
3.7457580015258785 8.660960064369078
-5.363277427063677 2.376774420738858
-6.673398741468464 -3.128311667230273
-7.432847714855577 3.6420601700121296
-4.94325363761142 -3.683299799280353
2.191467014394469 -0.6575825036604357
3.566410985632748 -1.8360878530920601
7.965471766104461 -4.351259757081909
8.254991572266096 9.43036129275555
-9.498682393196816 -1.7569381024201078
-0.4191023598218706 -5.00587867665081
5.475482036581084 1.276071149368331
-6.672943486696193 1.0853884953666437
-9.944438091927612 3.8106685671508487
6.8406497578105 -6.479646324856252
-8.551050915223728 -8.311676356475369
9.9539534547722 -1.429092325847508
-4.204733657675672 7.910197934802255
3.9985431668386777 -2.3320575399732952
4.598343562056522 -4.954901612036149
-8.545570586505695 -5.187084475561068
-1.1461561534699598 -3.8983554101366575
-6.246231682913712 1.4886838406005047
-4.580510910474988 8.149968561852404
-3.306538722520491 7.344575828553165
7.904491035791551 -5.934206902936707
-8.884377167893224 -7.183153287027569
-9.110657695279276 5.474423162372005
-9.417485223514813 2.7579330459322744
-4.352968642224868 5.425061081037871
9.027659329519476 6.698375297750513
6.122753323511265 8.44090006629456
-6.226360284938959 -3.5180959357644426
0.7333518866244155 -1.395019100444216
-5.0403203821790115 -9.846928292372215
1.041629898995799 6.125517227348158
1.2355240989304068 1.3737570565845392
4.62861773943278 -4.228216629109944
5.480169165868853 -6.072811800970827
4.141190710298972 9.563993199403335
2.2769021876491777 7.225602000848834
-2.665119413960806 -0.5091831823253052
7.754423489269126 -6.8654899052089995
-7.1224479072216695 1.6654235394030756
1.9401265726125452 6.4817088422686595
-4.4603737317071275 -8.833170738564482
8.3918112881545 0.6938901613578334
-6.151670748139986 7.133780240586248
3.343095854059392 3.344602341849379
7.46816523725893 -0.6980540390374141
-5.531072587620336 7.699133823925955
-5.451938286382926 -5.288147326101818
-3.705501281434045 -4.994170121220554
2.2379401229311426 8.57264842066309
-3.1710667372525148 -0.4443257948567094
-5.743058581094822 -0.47199476437064547
-7.76113507291019 -7.739094816622092
-2.5889913737819503 -7.071450461498589
-7.877149542729853 5.536570979783635
9.931466918903698 8.519367684227728
-2.0832418826363552 6.978373373555755
-7.740737837971407 -3.5121798309740537
4.555531319863711 -7.7942563952082455
-1.9052566061195435 2.3135894502826293
-0.4008421847828352 -0.001055755440308559
3.257117361996709 -7.692238910073783
2.6523550363409676 5.629076322520039
7.518351837649394 -1.61749788703826
9.024846695023168 8.755835026031985
8.68303165930882 -3.6031014377766946
-3.209746713114436 8.615012055133533
-3.9491888615928383 6.258842183887218
-4.504749280395131 9.059201505346934
-8.171609841018263 -9.424411538759859
-7.542207399277043 -0.6996709328587603
0.21098201475307832 6.19017932230561
3.9474665789278323 6.000601441255917
4.804069064221379 7.429710588053972
-4.359446071657391 1.1696598293009757
6.857456038585958 -3.1149194115894545
-9.049940501697078 -9.862794036146578
-9.81056325329589 9.081962660362592
-8.988305391175523 -0.04208878741134292
-0.40335322924830663 7.435100941659968
1.56530644018018 -1.0358735185720853
-7.901496632028506 3.828193938146436
-2.264316942524607 -9.510009369457652
-0.539765963529959 -0.988061935623751
-5.411774549850648 6.198312979409337
4.147238115091698 6.240941755674793
-1.384297277994019 5.800514762333915
6.191168248291071 1.7505261798082756
-0.9748014076462184 2.4650027232068705
-1.252426213668656 6.83024310437348
6.173046206910872 2.3191699305188234
5.010695693070941 2.73906402693488
-8.894640666650881 0.5278509067328514
6.702013246534552 -3.795796620867568
7.1981066574834145 5.392092741794183
4.945812937140433 5.2228073033920275
-8.598278189779098 9.300433994206749
-4.902097926085789 -4.748898451574384
2.2469153914015383 9.207513805897708
9.732250838269575 8.805249655167763
4.228979893330633 3.352433707457781
9.740928682197666 3.4485913124893344
-3.781506865650104 1.6600941192938308
2.698749277123902 -5.667374897142963
-6.563533693165375 -7.491076004603618
6.942366436893895 -7.9421387060020905
2.49862920986633 -1.7474726708923534
-5.038264436312804 -1.9394092391081053
6.302673279766665 -8.301653822764155
-8.64653996688187 -7.608806150802156
-4.907667307974988 -8.008311408490243
-5.040753880418394 7.051261306472618
3.706264840754848 -9.23175502401466
-9.448843326688936 6.1184021533613056
3.7632086848637414 9.108878594699473
-2.409536849084544 5.188636910994077
-4.460168843117234 -8.9925531537286
-8.31559013439004 5.409365785855329
9.941932597569423 9.080763012809449
-7.923513795852301 -7.385552513988484
-0.8105713115188262 9.022237557277371
2.8329811126031235 -8.078609267446113
3.9102615499465827 -3.0741772666694267
-7.104761577464272 -8.373320853198079
3.395203142192253 8.164190580230336
9.767097516430269 -1.8697002114417636
-2.7716379719372064 0.885267366012144
2.143834621569873 -4.701684856665196
-7.4374652921200095 6.593254507458223
-7.02669456368318 -5.9775769580636195
-0.1116591557613571 -0.05860612512752006
0.6089461842785315 -3.607447333798735
4.506573228724019 3.515713961968034
-1.1117819947046659 2.198483350327985
6.369238532679901 2.0813240232645835
2.832494055700611 -3.821784627173665
-4.056944376648721 -7.690293987057091
6.369974111874139 6.286327876750281
8.570184263536337 -3.327170552133061
3.823710706049626 0.7531905563305124
-5.385735641512451 -0.7685232205026153
-2.4770784670454526 7.674215405254866
7.439194306190494 2.9408218803615576
-3.0406152121468777 -3.780028256072603
0.482814487373588 -1.1263064604301434
3.8801356221309824 1.3001637820186183
8.302017979368294 -4.878800280602816
9.389899371834222 -5.868437872385403
-1.1972521231946143 -9.16616274075474
4.185418198136725 -9.824215727003828
-5.257897186288467 0.7686957577866043
5.853020487789216 9.389133564062227
9.544145491600126 9.759285954446934
-1.705074680856404 1.144522997665316
-2.6532077116519766 2.2106057092563454
6.606118345261876 6.697538450945686
1.1524882474226406 -6.845895095944234
6.7508300981108675 -1.9822751953954114
-3.2889772662886436 -1.0535422903463942
9.459466436699632 -8.714732165318981
8.58683028402925 6.252910635943977
7.578912394617149 6.284355510604897
2.001952049376589 6.770574278637774
3.376449404088955 -5.24345179095212
-7.473203975782097 4.872238744638885
1.5330560457201887 9.380572172529135
-1.966248254660858 5.441753666990742
-5.143622644929648 -0.48737895255449537
7.497666511498267 -9.90177665080353
8.999885265259241 3.8994393961336016
-9.065279484682577 3.9119956729732763
1.9546888299426985 -0.12533480867669766
-7.805917249343275 -6.026186028473612
4.675729754629467 1.6697093812880937
-4.364112772958104 1.2688625248512952
9.240840163928482 1.369875429538805
7.391226388179319 -4.866259166452915
-2.884844328348275 3.596834284041135
2.853606033073577 -1.5843315439815129
7.875752464921316 -8.286485895921793
-9.81289037433366 7.545343495764342
-2.1100979994933367 -2.7691340908284
3.6063122179494744 -8.619465779096098
-1.1901307267412164 -8.541294221048794
1.4953381059807906 0.007384875329115914
-8.215386956927587 1.432673844689635
-1.1424663422394872 9.31329700320725
3.612230603686445 7.7953601714960925
8.371131044475977 2.9645888073583535
0.7737763696947013 -9.023045589007117
7.208053541179005 3.07916575160095
6.772720419447353 6.5521790365250325
-6.494306995689749 -2.3037969347562948
-4.442246854417544 -4.89189538099104
-6.030204297362955 4.547153854301673
0.9084526355770635 6.504995751317487
-1.1919646431028035 -0.5508916239937278
-3.4526784914557584 0.1928092613450758
4.821036737939119 0.6416235506158188
-3.9864372066572873 -3.7778454961471812
8.436264035906 1.2620521422492885
6.893380611852397 8.22957110198658
-5.966045776394074 3.6167710351839304
0.22813306345886275 9.83168962979775
1.1592376396333677 -3.563642170511443
-8.97806784551604 1.0335925927306295
-3.6694278055985885 -1.4793538160195254
-9.10894967505852 -8.802384691440231
6.658834231239798 -3.295780864548627
-9.613818699279053 -4.72518842011123
-5.514380784059263 7.402066212946295
-9.852848489435004 6.4597413072154595
7.283281257474961 -3.3563958058146053
5.047777341364654 8.136901195925624
-7.096547469476759 -3.914126801195663
-2.56142043024197 -5.701718352804175
-7.58122883221271 4.69842469496381
-6.339958796586842 -5.315103979503013
0.6866359380009506 3.1322234126609096
0.8784790252777857 2.480625061703833
-7.468479003137009 -0.4600267502951425
-8.169648899226003 -4.962272180938756
4.216219721296639 -5.669619090499658
8.805157903128144 0.34478271425165197
3.229705071175747 2.808484069686287
1.5632984081396728 -9.45193359469829
9.906101145317951 9.406090777289762
-2.6932214758532114 -4.451949220659575
5.242881423559547 -2.6786805008290138
6.473818758768573 8.168485248358209
7.911983495875628 8.384546658703172
-8.170565773621822 -1.642152769076958
8.43782676728775 -4.0421477248731374
-1.4789809954446689 3.395115964965319
5.29162117694586 -4.376472059140162
7.660574124303498 -4.0357901580582585
-6.400362739427436 5.482704947451193
-6.21586936628357 -6.498066292524074
4.756058115308406 -8.696452437470242
-9.79490366277967 -2.994708529584516
9.375733115128437 -5.9103758576270105
-2.124853434922354 2.0818914566187345
-6.722873102756339 7.611361802141175
-2.2174931420525468 -8.36241806959433
0.7294297296721766 8.670969880931832
0.7548398365408175 -8.276699636794927
4.512615253409699 8.848033504775554
-9.08379086784186 -7.0928367656676965
8.663787448724293 -7.77749139526488
-1.0079866002275892 -1.601876487591083
3.9401004516110767 3.9411608469608
2.15847177750663 -9.180276690829448
4.730841874366892 -8.246200136121356
-6.170701078735474 5.264312803987536
-7.51944893010452 9.86184247968356
-3.5306620047544364 -2.7274050566753205
-1.663848032374304 -5.313152837368989
4.1130927593139255 4.6170760936429485
-0.0874371317134699 0.7719152330125532
-7.517013367715048 -1.8875366033789458
-3.4037801089321773 -5.042318058786668
-5.617996669917378 9.770702364039185
2.6100593270679724 9.868304340933918
-5.029195500735019 8.514179271836003
-1.0832451510729477 -3.5200035300367327
6.399179372534352 9.705526212992162
-0.6942374022540339 3.3720025868017185
-2.175391451946407 -4.287812940698967
-8.309787955865923 -8.045079883159453
-3.0684139919881552 -1.5601109354705418
-9.457052271707143 8.123653193930174
6.949902112175707 5.813283712846024
-1.0341529204421818 -0.7901106098446995
4.1155372914139665 -0.777241021276156
-0.024259798759015183 6.989023578264369
5.889475878380988 -6.8388308263631
5.295099425034447 9.069778892443576
-6.210894563211746 0.9956550625035394
-6.185656073012851 9.930200435313218
2.110703805001066 0.15273465271116748
8.828585490820224 -8.018797635596718
-9.499387775272723 -4.700367892001522
-6.170276799242382 -2.0330549341134425
7.893283227431798 -7.362944109965812
1.3749031160680047 -7.491432153906978
-5.318680755844117 0.050026263257954895
-9.563551437182984 0.6537902730968508
3.3846256671664285 7.661165474135629
2.2260894406704317 -9.540486165244186
-2.2445505513347053 -1.866084210764761
-8.163859082816513 -3.4746564427044824
-7.75918429991139 7.455725053026999
8.474097805550329 -8.925522972020946
-4.257375678359878 2.059198539205859
9.115504010014998 2.0475136699131653
-2.405507143022474 2.824190916352281
0.3997564534074982 -7.480667217102255
7.091763537224338 -9.735158327236018
-9.299526540625182 -4.9752041807452745
-9.297301106279455 -0.11118480985734358
1.2274418729705339 6.386744713089275
9.711063651471324 -9.100669195770447
-1.263731159754176 -9.89785234402802
-6.980489046797604 -8.637191595859637
-6.031819201834006 -0.619623574307786
4.5878412633071886 -0.8784400407172512
-5.79937573301911 5.58712002135249
2.7578169962441557 -5.548972392579675
7.346199981299744 0.009985680459985602
-9.006230247175393 -2.8840510456854984
-6.721616156172992 8.39069499695415
-7.075976185503558 -1.3230058522605592
-9.261333693087746 -3.4432793744718637
-9.859464947617493 -2.1117393037495225
3.506725924659765 -8.685987683044345
-1.6043113841338084 -7.353791020211203
-0.17041045472400818 7.438184289901049
1.8740196310584487 -5.998349492452581
4.885692732538516 -9.31818778017253
-8.119504749582799 8.409313213421072
-8.33601581983752 -8.633784653355836
-8.705928586022392 -7.506094619433135
8.119440859855171 0.04812500078795168
3.4440328625127137 -6.958946561322068
6.90699503532845 0.973784295565288
7.3540030781804475 -9.02896180660904
-0.1537172895629766 -6.4294979411285125
-6.581581405753085 -5.6442321913642495
-5.839601805283308 0.39058651807200206
1.692294678188393 8.113705327634367
-8.081223851066575 -2.3020113413647163
-8.410100661594731 -9.388250840895465
-4.9501325992699075 2.6453614172809754
8.54160421088688 -7.211949158966229
-9.75051159997908 -5.865717988240043
0.648323201255316 -4.613962206956666
-7.270112163441381 4.992214598142725
3.8026182613458115 -2.3463241219044146
3.8644543004877185 6.545580788437469
6.086131292825961 5.459759192007043
4.5831552508230615 6.05834008623496
-4.934561006373537 7.726123102029138
3.651654258310444 6.164151988853224
5.891719134889071 0.22758993915828185
5.050052664094217 -1.3066116862606805
9.521220538744004 -6.258201474057456
-1.1423479172554138 -4.361875563951843
7.672839493914683 7.257889831733653
9.981453901528067 8.43643476862329
8.921614948539606 -2.1004709063164224
-3.5751824864520154 3.666298816753086
-4.586119435311399 -7.1411001872702755
5.521629273144352 2.7654902801954293
4.090456549210197 9.576076797395686
6.68844266931956 6.05839007738204
1.1161277425668068 7.780664562658071
-6.47286200662363 0.4458317180000382
7.600202126454125 -8.607180729608917
-2.9764207037550205 -7.933014833380914
-5.5716602966128415 5.931020181935816
7.726279679663783 -6.407258131012079
-2.4088739542991577 5.872250270673982
-6.480898401641328 9.419926000212481
-1.4050458261376555 1.5841440119473944
2.2567301832563302 -5.543486441315548
3.5790108752709493 -3.438969393161104
0.4162295418291819 3.84566099376074
5.802088110286759 8.26677831315535
-8.286249397260574 -1.9919002496222546
-2.89082663176697 2.309177358815603
2.302946376926208 5.064443397732653
9.181666304499757 6.722995393232395
2.108570962266832 9.037488312169831
-4.62023971976278 1.203174171715748
5.499848653897013 -9.12631580290595
-8.14874980960299 3.7431368950838433
8.137503558315306 9.653432477074794
5.8376562381362085 -6.739614732763661
3.408174789940979 4.4393931899479355
3.6875689799444054 -5.047860398890249
-8.657658396544296 -7.999806776091027
-3.532434627609664 9.219815414126959
-3.2001686979310158 -6.632629883279884
0.4741807417182393 9.859189090017843
3.083864684271651 -8.128591167513967
-9.584752937730459 8.288133156783971
-3.110043893858057 -5.09244615560031
-7.184934544651567 5.83691685507106
0.508840824421398 -6.571449856028703
9.001480083369504 -4.820398514046651
0.6729201218685326 -3.844563743140961
8.898089288191336 4.541547794565998
-0.7725187551119905 1.3860582744164507
-0.8000142949950391 -8.666011286939879
2.602257566377615 8.776553452241036
-7.923853187892678 -3.314185813650954
-9.334579945165766 2.491619342459952
-8.047455049812628 -5.147085972180254
2.743828262873798 3.5454728150552306
8.49296035085381 2.598306025092427
0.6163903991019382 -2.605404194153211
-4.354047988713575 4.499147598693202
-8.621708821536567 6.45627839951073
-6.898662795054085 -0.37349018149862445
8.134048395529106 -7.937474203874679
-6.898453441135979 1.903461778202347
6.028993059779609 5.118433461300864
-9.760830205041227 -4.576025836170407
6.801983953832039 -3.566791317747966
7.066421204578258 8.774902170895324
-0.649852425154636 -8.890729577546805
-0.09299143807943899 -5.300689462410217
3.4241435430424083 9.417994242260114
-5.448713261084139 2.2551450750886595
4.106133809370503 -2.608546268965064
5.383173835572656 4.174888328862538
1.8630579781180465 -8.327812327827647
7.545791097397739 -2.2847640726966922
2.605620874285311 -7.995943167485811
-8.062623512556534 7.727062903956636
5.039691578653294 -0.0922663716107941
-1.9983994995540044 -9.887513149333282
7.970165709801623 9.963394075854826
-3.415381298718218 -9.582762292291262
-4.847785429133749 2.360700312186683
-3.028115652317272 -7.094423804592718
8.1365407930545 -9.672357586382406
9.126425169968527 9.757355104335726
4.8243549959724135 -7.477800339693726
1.1552874506562123 -2.1134424473851805
4.991539718912598 -0.19472906060021344
-6.504101703831866 3.5446267620457803
-0.24362163053284824 0.43614718857487844
-1.696747830057019 -7.171821722850393
-3.556855479128112 -9.310560181874884
5.415154445486882 1.9153823179823704
-2.3609824197258895 7.802202563240417
0.24148819275434974 -9.79666756298295
-5.196699348541056 7.2311101055374785
-1.5330343670091136 2.7291429542569734
8.028116592134051 2.953477560557406
7.002840208309134 4.7697290299049495
0.7801038410911652 -5.381705014342957
0.802205759504151 -2.5620609261581944
-6.09778359085306 -4.762507839927837
-9.699883022843949 -5.478791389009547
9.166827596701605 8.232442722153529
1.0644281979682084 2.8113523023576743
8.257756340511754 6.707043690164593
2.051867030177659 3.2413800858644564
-3.5159360570682825 5.269017428754932
3.1288131661680225 -5.326386518303194
2.965219448499683 4.9685967053453055
-6.88848471844959 -5.483516391705312
0.3226946519599583 -3.7751400683638643
1.6025894118564565 6.060025541467208
4.705703766002019 1.1683631489955673
9.297803832119978 6.132903433925097
1.0160910122086264 -3.685853737205427
-3.2216090526819467 -6.559708930248432
3.026865608903826 8.939797277214819
6.205507883215965 -3.0684197879593818
-8.868066948515958 -4.903439489447228
-7.630030909279705 -3.070808620307881
2.7970649419404108 -9.93541768133981
-2.8308644812790096 -0.2645755775328613
6.506121764921964 5.717528783499127
-3.956034875753285 -2.975212785264798
-4.684967449960915 0.1757059393596716
-7.214729930707902 1.887020299872642
4.843176531355319 1.1079839490127625
0.21095103935297566 7.640350859433955
5.610077467042487 -7.667864282082856
3.6246423242079757 -6.5258212165120755
-4.075512454217288 -2.348427423879807
9.15266911114146 4.979610898893034
-7.139473196888435 -9.27314641627233
3.9608648734397356 -0.16958379013846425
-9.904287528435232 3.552293363376368
9.241690414996885 -9.407335430666418
-6.1055845847055785 5.421422677535768
5.369535055943588 -6.1316877496574085
3.4580665393371177 7.843310871206004
5.855853786466369 9.510178661845625
6.849649081595761 -6.452555365106269
6.198569054326491 -6.120449025725003
6.168262071207472 2.921459255440425
-7.691644481410549 1.6439242786606307
3.7671718023338023 -5.782603125172654
4.339759794770631 -6.320683910557367
9.532430824360414 2.1105560966934984
9.2721362386586 2.010562974250403
-6.258225383752444 1.1651971156471674
8.285838871600511 -0.4482095418264471
2.2350964992042144 -4.145592795460875
-6.377359931974052 7.282612398709805
0.003164447852112673 -4.316388210739817
-3.3100767055247537 0.8646181671544166
9.793090383562177 6.416825921396921
-1.4522232763415879 3.015692535172585
1.0081878019987052 -4.714733290325766
5.117636330008084 -3.697449441930562
4.004041952682517 0.03439411738049358
4.995321132229293 3.273184086308552
-1.6039129487702972 4.75486412549677
-3.8146851852935004 -0.8453999422600926
-9.881672662377664 -8.728350777666003
-1.8644390122081216 -9.224938464361603
1.479412633459134 8.717028566772246
-7.015315804824298 2.3115935825306266
6.765164054048558 -0.36479998523172696
-1.50706601335677 6.660874731522814
-8.450810415339433 -5.857901496114637
-1.7283065716699841 -9.312778073624504
-1.187356465829394 3.8158166139668985
9.486633028949736 -6.692173542211055
-1.0013822088784625 -4.178916160274135
-5.38550449492681 -1.201137655221057
-9.22349981219661 9.893863884916854
5.392563588032729 -8.74251209849978
8.192318435956093 -3.911062487237116
0.7896516460520218 -3.631286455118534
-9.914437467060617 0.421817174254425
4.91455355201321 1.7698036517292888
-6.2267407924763685 0.42544780588056774
0.5904958275481889 -7.5483445255624275
-2.3259464738329783 -9.097338615238012
-0.409579821922021 -2.4303527384013757
8.64640655191161 2.675045462918934
-1.1992802168006218 -5.047812138890917
-2.7231991682563965 0.14324213273017428
-5.3633950601688785 9.792821851383245
-0.04927195796006956 2.879254606641746
5.64444110360796 2.692694467070851
-2.1094314574630824 0.05416398769970243
-5.019412464267385 -6.717140791099867
-2.4789159372987974 -5.993088206649291
-2.1993686135316963 -7.254226749340027
-8.766920257870797 2.42969672555029
-2.8112678268246594 5.054536508486676
9.342935027534892 5.1061873745740165
-8.230870966567927 -2.4187576214691653
-9.612990412250282 0.47411186281049744
-6.880707022073471 -5.815520007442787
-8.683596484694384 5.5855160936692805
3.0716161074378885 7.482435435236262
4.521985407345587 3.3281587498715215
-2.1131316732003835 1.158020454245003
6.3420550508876445 0.2756636568771782
-1.6729993546021404 -9.961778098341135
-2.063855371373471 1.2016568707719841
6.718227695904645 -3.734684449078154
-9.164519822270684 7.8819980779168155
-4.477964199770952 4.809061480519514
-4.179548469802626 0.9559931092666254
2.3362510673407293 -9.907730082405523
-0.7933300860510784 2.6360211092818027
-7.705222755061323 5.631740999532422
0.9485858522357216 -3.110738621931038
1.5612504465300852 9.358691905669087
-8.363262226377167 8.003135652104167
-1.9613745188764558 -3.2355338924751376
5.817551210158085 -7.89563814889922
-6.572672493515128 -0.31724165611664645
-3.084626109172377 2.778024494828969
6.829164457454603 -4.234902025219185
-1.3073975872231092 -1.0263966019071091
5.428792817239927 -5.0447931082363295
-7.7098996549267 -3.921952546717515
-0.9773221884723604 -9.408091964144823
-5.431502480140187 1.6336392802747461
5.549086401001722 -2.8872225503046938
0.23761528476151383 -2.2871332659738712
0.10136749008353618 -4.270333559003207
-4.827479127035632 5.2388664594652035
1.926969248561182 7.94782506066457
-4.37717882136808 -1.5952804799552194
-7.094231702772826 -1.1270106996022182
-6.131267593119625 -0.9764313421286808
7.362448016397238 -0.4109402322016109
1.9938130685482296 6.671033016242511
9.39972592531722 9.616521070396896
6.4746674093617855 -8.820028708538608
1.9532838063199716 -8.489088494842566
-5.371348538935099 3.131669447530978
-9.031510886802064 3.2251472431670702
6.836607586491464 5.752951575367341
9.118619945023564 -1.2464258560677361
-0.2176321618733894 3.498430265698625
1.6720596367321843 5.021750267512026
3.2865841306055614 -4.136170664741434
-6.536527655154609 -1.4887053686370315
-1.1002233928685676 -7.509984900076365
3.9994085186373667 -6.2990578213913295
9.14778201359319 -7.13585224240453
6.425434679048561 7.111855270313864
-5.10524923882977 8.370625595813127
-6.721979722655684 4.251846577526708
-6.659908298293913 6.650037072089191
3.5156923787938954 5.558699441453657
2.667516111865858 9.056682132665838
-5.503636684209193 7.585644394479019
-3.627164002982786 0.3520659526373393
-5.780937608324064 -6.112808199865949
8.54825774661737 6.572409897566267
-7.166529003527224 -4.082438837947628
-3.31256324638336 -4.95709691842597
0.9825109484588861 -9.878017099080852
2.776748146049318 -4.310085939479897
4.400287793235034 -7.153734124128799
-1.8118684039407462 1.2611482535549001
-9.651970762881492 -9.441754271970543
-9.833874916717086 -2.6776075907510544
-0.2824320825612485 4.566951193162854
-1.8939495799635981 -6.275401738403934
-5.246937974468184 1.31609868359069
-1.7988001231036819 -3.8359022807191856
-0.5491600985466434 -8.882464610105217
-5.669048053136834 -7.872962656969653
-4.050658965217768 -4.8981591865044045
8.5424563868424 -3.9804602865374044
1.735677640616256 -1.1432847005185902
-8.685695712805977 -7.822495132787317
8.157209421562527 -2.909802400407255
-5.607491891833147 -6.137827076370059
5.8321616058074195 -4.233081746933873
5.924379859947189 4.868674318709624
9.268343344650127 9.631446784936173
-4.364462744845432 8.244979307964002
-5.358768551641646 1.6778934062297886
-7.66484292187982 -5.295389678690592
-3.4398164338875548 3.433288078851529
7.654121414285523 -6.3696667440590105
-5.536930024061095 0.9689922537990352
5.838620317675057 1.0100843892555833
-7.964172451199105 -7.074439279963222
1.999084512134754 -9.333306696277505
7.174210961488509 -7.402511838345034
-1.962173591968428 -3.12711427439832
-9.111795996330281 5.91479057625161
-1.4150494075294784 -2.2171027293125345
-7.90784249068299 -2.228199558909081
-7.882217581173727 -4.684216741774046
-6.773702610125456 -2.0738733665967573
-1.3416961262010538 -6.786584912963811
-3.7576224802451925 9.930733099815793
8.425050724858295 -3.3350954181558574
-4.1180462730231016 9.419233847211178
-4.966174323109033 -8.927779823709844
1.190492197183623 8.578924338451127
1.497124720629401 -3.71136573649993
1.8582460124382507 -8.219507058461726
-8.119988744934822 9.039686875779754
5.410801698063922 9.594738678610312
1.8727916092426646 8.436764117559086
5.03234466340132 -8.381443100797867
-4.872368247210317 -4.195925975059936
7.585988380521627 -7.099096327738628
3.4484891884206785 8.286532500203453
9.59154263239472 0.5867501983330072
-8.255027457443727 -4.429355792374912
9.109365559712966 -8.119143821387869
4.505351282783057 9.459089558039459
-9.742690216395268 0.5660576624515556
5.245651688980466 -8.726882581387159
3.8706151305657617 8.16395927851848
-3.423045777752338 -1.488848681663173
5.806636058671312 0.29599187238838987
-4.2708346778807655 1.7134635454193958
-7.900883985211116 -7.422482503687869
8.21654641084465 -2.8395371463693593
-2.4565735101102852 1.0994992973744377
1.0316089138161555 7.0660664987907005
-9.909387660381059 4.210248968726818
5.4715718566384925 8.430246915895523
9.876201155002821 -0.8867260419232181
-1.9623503513408185 7.347837197124946
8.511514301818703 7.356422682478787
-8.952870621095716 4.9216806380941875
-5.284425556137915 -4.29472484538098
4.644133928345198 -1.727244359290136
-5.703950317732824 0.8091282001850235
6.490614477687924 -0.7786339665169439
-5.833849440859186 8.14313381102495
7.335089320207665 -7.795393599068829
9.581042270610588 9.521478025072497
-3.9924065986347257 -2.529583682509373
-7.545084539862803 2.4696655138794874
-7.67270385315761 -5.991192081121966
0.49974734504734286 7.8046474201442315
-9.303730149730082 -0.44126982435733453
9.308443531733307 8.087791998126722
-7.04959794610911 0.4124099584548695
2.0058560569564836 -9.777270257050672
-7.314575428755006 3.647738157936857
9.912290629655068 -9.779561774248283
1.660676475115448 -4.227889152129867
-6.041551984515712 6.261551381686882
0.9386612703826316 -1.2924115549627206
3.5690284188527173 6.7806881117952145
0.5984204536286448 6.252952095744032
9.713574763187612 6.497013827752241
2.8682434143714985 -1.1562635095341367
0.766521137995273 -4.377300772052111
-1.0977418095195368 5.263150813109716
-6.923814088127013 -1.4710983346774942
-5.377163986961488 -3.8364501870045764
5.992211254699534 -8.712691408171553
-6.3426693815465 -5.126302822991649
9.940549698203071 -3.8097462073662243
-8.453649998443137 4.804902618249386
2.1996190810790495 5.241031098288499
1.43223446938344 -4.565234946427015
-2.7403456008212697 3.968722850620061
-1.88454010782924 5.44303968313992
-1.73230328202429 -3.0408483662179897
7.668448281928349 -3.214488867744471
-6.061597152277384 9.389373356977096
7.854276482874308 2.669733688083962
-4.220217816113372 -6.084404884736985
5.4011297187531575 -2.94361318199112
9.050640241831939 -7.207946164017427
-8.37803853787647 0.7524974909165305
-7.1502331332330105 -5.659758583271559
4.19836890938171 4.55015530070218
-8.514587074236918 -0.9968729948177923
8.512801441760569 3.535693264028083
4.334078187848885 8.651494974512971
7.564820517999731 -1.0107215056658596
-6.225915412645695 -0.44854070838096405
2.481567187230782 -0.6527397866059417
3.0499417748141777 3.858132312026161
-2.7209338447829756 0.5596974486825772
0.7412527214733728 4.629001204056092
6.868555936567365 1.4436995105748345
3.3706086125112478 -4.689839881248061
2.90205499493206 -2.248156303853575
1.014322670063077 4.395458296406671
-1.7383672295770065 -5.1986222383939555
6.927898173123474 1.7563804679570545
1.1370998943417892 3.335991031979969
7.504540101014193 -3.4833487738598716
-9.034132583635818 -1.827326587235527
-5.423297161100605 -1.1095712699659561
-5.975397561267471 -2.136870951561436
0.657719939026741 9.227292427224395
-5.944921179420534 -5.142180802308502
-6.258841492508305 7.171180294015304
-2.1828630084388116 -6.879733300190254
-7.750575408665076 5.125450479557232
2.0159467170077043 -6.718377159530993
5.166513389984157 5.890539179932757
-9.202219727764502 3.051727572788147
6.965338283584725 9.39538474450455
9.11514395531697 5.1239814071748775
-9.809466684974915 5.604515028984647
-9.133969318741164 2.5380250035459326
-5.265391005744579 -7.993550534738681
-8.696367961942816 -8.626804417714826
4.078230646000549 0.27904676352912006
-7.649650130401002 -3.6820848535981394
-6.695530347019465 5.599383326373266
6.711011867524771 -3.535170486121409
2.6283227864149357 0.8524393288354908
2.8246061242142737 -1.037058925141995
7.435551279970451 -6.246285566545067
3.6549754367640297 1.1906031905656036
6.080627533036317 5.342446177641742
-6.207585710131003 -6.571113652364247
-1.648811656259607 6.207104563921607
-0.19308371668062385 -0.9022535463875663
3.734517564805145 -0.5774962303779656
9.048155858950292 4.058168294863769
4.190812860251112 -2.984793328838946
7.999757484585373 3.8742001960527723
9.47003794423781 7.920041764342031
-6.109139784086464 7.777092839200563
0.15976739860380285 -9.908196653250927
5.925117058919218 -2.787338814506864
-7.382128903987573 6.397080132483911
4.908250139341311 -1.4210849416413502
3.841975736402574 7.149023644212967
7.559285917815906 1.5571704612055228
8.090147585523042 7.259489002779414
3.2566654436508085 7.847106465686046
-2.1312071136297606 -9.288394319903484
9.225125702530075 -3.101596985275787
-3.8623706936119966 1.2943221318472204
-0.16549191058403245 -4.5299196276534985
8.44018075332189 7.372684306789036
4.045865397206089 -7.2580269231978285
-7.139443657908943 7.48622250771858
-1.6228395110332698 7.5993070567567855
-3.0596187665576835 -5.6567817776943174
-5.57844414666715 -3.1482409239996993
8.134965383797926 -2.8415714899127735
7.5955634985562455 -5.485468410990821
-0.8329906973062009 7.993472650107627
-5.88972460923503 9.166625933924529
9.871164249690288 -3.6585563256217135
-0.4450442861626325 8.763351625028694
1.3534735121018944 -1.5471938486703785
0.055273807285928456 -4.8777731804391555
-4.016192841214954 0.1564505432629737
2.020106016718188 -8.905310104311262
8.882144738233542 -7.281693561784753
-9.89054968776907 -7.754864807983415
1.8419902925482248 -9.13931069587358
-6.5760790238220945 7.152012148198466
8.636002638716459 0.2130376609244955
-5.309765059316767 7.743571143224148
8.101407119744728 -4.3861800492188525
-4.5265546144070985 2.113930044402057
5.42310638280718 -6.8533163437243445
0.6541670187185478 -8.893208507213568
-8.97402444439146 -8.002537653077491
8.78325807948503 -0.2242069297027065
-6.31947364294528 -5.823950309492513
-1.765879680459248 -6.956818766082902
-1.4024486376376117 6.669029485639157
-0.9914048070402615 0.7623444289093779
0.8526719017880957 -5.277022218671156
8.641116391448616 -7.021654415870389
8.802568327078141 -7.500806319616043
-1.5824486846473675 -0.34295031945924315
8.676587916461635 3.027390216404907
-3.4068202120021613 1.8565786656046583
-1.9181448243022619 9.589982869399957
1.1209641917198852 -9.322586622053656
9.8092060956278 -4.499269834723487
-8.541986185350547 -3.554580190730423
2.964291160630186 8.074190375405852
6.063980758609098 -0.6425154904902914
-6.532191805625606 -5.662000506801974
-7.390966227335449 -8.041133013937241
-5.5439620471304725 9.92612523509857
-6.963896599181578 -5.1066121995111935
0.9554483435580572 9.173012724992141
7.950613812197112 1.3340397577893413
3.5928361104754742 -1.4709489651484269
-1.8195211951134453 3.9201277299161585
4.179220048145593 7.435088058871589
-5.716391385854758 7.315253922448864
-4.656924368487139 5.139766418066758
1.8878510550172773 2.7272598655257703
-7.2761581822702475 0.7100991668046994
-3.367723279188823 0.41896889687414784
7.629035958984961 1.6558050318445652
-2.836012969134596 -5.550326526410756
-5.355263516596422 -6.05074481722874
7.443905261452233 8.13130798514229
-2.326166466619237 -0.6348331150610615
-5.702795709979029 -7.703024366966636
2.1579803807118747 8.353055113234934
5.569766959765738 -2.178942986390009
8.332705046165216 -8.162445351707472
-4.911495827642862 9.897005405345801
0.42085995409365395 8.722697647787765
0.288531904004687 7.018389842192228
-7.465226972191756 9.840370654445874
6.087326492396212 5.131633147537958
2.1878083077332136 6.725705683446201
-9.032331765343864 7.879873031854125
-6.276810094057128 8.44952767513135
7.825284554559243 -4.576742129288971
-8.306448845288019 8.134549354781054
6.543681810453535 -5.487707827004373
0.3685041818124333 0.19279926748757248
-0.5213548126859475 -9.72848077630615
-0.4163412011157668 -9.271829507472054
-6.521677138806703 3.0900776678605126
-4.0280582254100405 -3.6705201006911237
9.527787964607828 2.590539196019183
-2.781761315288051 -0.23899465706181644
9.952962798522943 -1.6627715841420958
8.766278471874202 -4.298598015742725
0.10112444042130697 6.632192609698759
0.9579047058952828 0.800971859010918
-1.0933714324133526 -7.5193796690311165
-9.473971732225024 9.456579780892028
4.725701006683886 -8.312801040345327
7.389526709113522 8.168818463625218
-2.4848002343413107 4.343368300094422
-1.6439505052152121 -5.348083007829962
-2.4867818417419656 -1.832894806877734
-4.5104105243319985 2.5864054964885987
7.798226554221344 1.1909412433528068
-1.2998398333527028 -0.023694604898093274
5.615549447780062 -4.777715314438604
-9.818876764099652 -3.330970735640637
-4.408541902955008 -9.655860946123836
2.034347580373934 9.996996399901626
2.939816021459791 -4.354578424137636
-0.6453659810593653 -1.4066409677654317
-0.5643381449309555 4.047255153741915
-1.0667661654641787 -9.932578276999589
9.688408374680279 -0.847608989293942
7.982466618327528 3.756693141748695
-9.848542032437003 -7.979039409124439
2.955040043230923 -0.5886443275779296
-3.6907154104399815 -4.377818383202905
2.9881671429723244 -3.377406547623525
-9.859491944575025 -3.521513856260299
-8.597710717071251 -2.4064055867674377
4.4657989748102995 4.278954152927826
-8.156510078869221 -0.505424089467752
-0.4966435400757785 -0.22704923134737598
0.36870017563672697 -6.471146853756638
3.1736338699958484 3.6495916166141935
-1.8073525010541243 -6.850459737996683
-2.606106918392916 3.117608585439795
-1.3921049404972674 -1.5358993381022437
8.737894456384169 5.273128016629439
2.742994979583573 -6.873239165057985
-4.539694429704659 -4.647531205469997
7.898862363880422 -3.9862550219150483
3.323820804796508 8.764847681695304
-4.966693190485159 -2.7170544218803787
-1.9168987924940044 -3.2466411052021567
1.2281103789604622 -5.88353310575296
7.982284975655336 1.616027969385101
9.382501306976494 -0.9101139585613147
1.5194860830621728 1.6101574934089733
7.6361200184526155 6.5403144876024975
9.217440675911561 4.811937819161383
7.931847716398895 -5.959212846009345
-7.9825921735003895 2.5480671605900156
-2.9294623858458912 3.54635548228757
6.245005367647067 -0.7278391670711777
3.9400566047461396 -5.028861001376297
7.917574779654679 5.913544656393704
-2.2371721067156347 -9.93067935997596
1.5105301884880813 -3.2076356490698483
0.5309778403917385 5.215705667713724
6.473191805284465 7.203886290684171
-6.494208870449338 -8.353631897713205
7.000883502680658 6.033898532646891
-8.435200600947585 -8.686983929789795
-3.450983097726872 1.8672972577111082
3.2360796030348222 -1.9580922319128433
-4.662767846817413 9.40075033596581
-3.7025992123157874 6.506685975363521
5.003529624371447 8.588256990022924
-1.0177325494189873 6.107086310540854
-0.3708139439174225 -7.629411579143392
-4.990704680224445 3.183014875813255
-8.465982221255256 -8.695244084433742
-2.0746481500320657 -9.422156726158166
-5.757628063030584 0.4954462733746432
-7.745111240528564 -4.15049816192242
-3.5775918010677143 6.253160681537338
-9.14078536064201 0.40811688048010275
-4.271322298553095 -9.411669113718267
-8.407868140194159 6.921774520836173
5.478834386575841 -0.4817479710983221
3.4230266292008 -4.821243944865545
-4.673231228514543 -0.817884215207993
-5.77351177773606 -0.2877062618956323
-6.644153398708756 -2.4065145327963595
6.243569257175714 -8.443895220459845
3.4122392390092884 1.5183359989517324
-1.83951994379456 5.776742631115418
2.5829259686664567 -4.74576409833475
-3.377102077311358 7.335508799784794
-0.582395337836445 5.125028301538556
-0.012034674193856176 -1.1030600534565753
3.9066941006634597 2.164981520507954
7.103265029262669 4.054504190133612
2.7799413417665857 -7.649291970912138
-5.037329986432697 5.028759074794847
-2.5420487535723613 -1.3557146651147782
-5.919932790929423 -3.686225638424583
4.392386380806403 1.5441687812554186
-8.318373279166572 7.488839519280827
-2.308798894478114 -8.516266993711358
-7.161316926485752 -6.936590116680527
7.267266548432861 -3.1178553086811984
-4.49106774691942 0.8577387818109177
5.086984322254189 -6.272677032967559
9.142731403227458 9.131269568064834
-1.2430457466316511 -1.5901377041470095
-1.6642098747579315 -5.436557307791762
5.921188485987809 5.079678396996092
9.223365388842474 -2.1892309419361116
-0.7613571835809818 -6.7592958063336495
5.572053194861951 9.967254061651062
0.9496136484164612 -1.419302099766302
0.03532363348844214 -4.8427977767116825
-6.8676165415760515 -5.972330658272654
4.616265047583088 0.5976318739373347
3.682653865028655 2.4992092412528706
2.632991950451151 6.076344151487724
7.677615867774957 -6.122535415371148
9.63351375011245 9.487756324379838
-2.350424557088777 3.095436230434146
3.456049118472656 -6.8793713172612
-7.365205486406577 9.99044153133535
-2.678828322966318 -0.51225103760558
2.6527652738384226 3.72984855641122
5.096004669235711 1.2436525827780294
-5.233206010271811 9.150671615514657
-9.533206785005566 -0.1666211018446475
-2.884939674795528 6.4861311653573175
2.9720041967463793 7.174474701807405
-3.408152770371233 6.924987939269247
-9.337621143489356 4.081657106740511
5.807320841775709 2.7840524856061837
4.0053875343975776 4.126076374548829
-2.106255535746757 3.7803914237163845
5.045317500820497 7.12084128650876
3.6348560143119784 -4.760165496206509
-7.393147654003309 4.286200043653793
-6.9229266033307235 6.625753952914316
-2.479875172515884 -0.26019178625124084
-7.630360400637084 -7.848923024684598
4.598792110425578 8.01526606670777
8.189426379278707 -6.120512206805417
3.629069371705654 -7.783359313699831
8.671480042575737 6.814509143248728
-2.065026841065201 -2.1251578428277984
-7.6255669186295005 -3.2881841497187985
1.2860828299880627 7.970388866586841
-1.7148184108734181 0.8202898223528301
9.617121137654443 6.74541563136335
-9.083538441109303 -2.472984634437072
7.604433642419156 8.5844180445024
-5.859468876854166 7.835038250399229
-6.404120105661821 -8.478397848362903
6.0913026034590025 -6.230128219384481
4.512994279778233 4.173892611841417
-5.470248704245833 2.3819835752745284
4.894874637536562 -7.442504582057219
-1.9735835000286563 3.3418613491502676
0.7861744342326702 0.268227840732127
7.15357327202026 8.991340988733384
-9.144009466861522 4.269666381104791
-6.484467768245739 9.68013185002885
7.056125384692603 5.129473578048669
2.099886323027505 -1.647912866444063
2.5910665447219614 -1.2020879709727197
-9.46961936001496 -1.7384723651800034
-7.163972961335583 1.7550081860869344
9.727535668815332 6.296463766089129
9.492129428301801 -4.322529016843704
-6.469192951694223 -3.1202530033608795
-4.303473573559799 -6.764257697232889
-8.54972718540007 4.622812382163604
6.160836516769255 -3.32874206127838
0.7039299953559137 -6.053179493838465
-1.3308377280838979 2.0258400795627054
4.639655250389756 -4.288308666720557
-1.260307279419111 3.341123372743951
-9.414762376237134 -3.9478451015711657
-1.857496327876376 6.763035070073645
-4.652064676410436 -4.3804173444711765
-5.69688057654556 -3.6272906739328725
-3.520930272233196 -5.745590824504443
-2.8365567613329006 9.919195968063036
-8.529595936864254 -0.1487029678067575
2.5695715409704185 9.76038820111119
-8.877119964346553 -2.8382908951840857
3.7515605150418896 -9.141126628795298
8.544376946303544 -4.220588160331231
-0.29610319481634306 -1.5602930107906658
3.123999548745344 -8.955393681988397
9.54815891987844 -0.7623790309811351
-0.8647008156543308 -5.413352108709
-5.932833773171648 5.839761757381975
-9.31309803929189 2.850133076676949
4.450214475028149 1.9316102399889683
1.0990072900665897 -2.4480766174879953
-5.9633945340762935 2.7942317408792494
-1.2242968771935043 9.58982529865527
-9.978842298780904 0.8229974145947203
8.997037254071756 9.82565131079447
7.706512238025837 -2.1875045811737888
0.6564554283330519 1.7016368382546236
0.9443287853756992 2.960992262337367
-5.183625328297463 -9.693830636266647
1.2920403540444667 5.270937415563052
5.8300855026483145 -8.08753059861104
2.0409583221643537 -7.924765020708331
6.201455523236675 -3.8316349880053613
1.534827634011915 1.2227325363648305
2.5303877775599197 -1.1223335438511413
-0.2527218319103639 -0.6256204406233721
3.6462428222100947 -3.764785311260937
3.510267892183398 -6.923079689039485
-2.232881058340592 -0.9000499333941434
-1.7725313167295216 -9.44455469470699
4.449094750143619 -8.882764422517832
3.848127418922651 -0.4636471585600255
0.1421730275198474 -0.8138112527990504
5.7519429467839736 -7.737945779900008
4.534811074177842 -1.5285147262600436
0.5452447626343453 -7.764609393103614
-2.2963987194684288 3.6837084099386015
8.17559782070387 4.651307900808398
2.599482138766003 -7.472049034077866
-3.250560287677491 -7.048495677162691
4.4125426484328365 -3.571179169593437
3.690799893003378 9.311911278154
7.80254135537999 0.23157672340120428
-3.3940661003566053 4.753060506707968
4.446557546148867 6.144121865731627
9.382737003102925 6.783883608558405
0.13183225377407481 1.7889240453586623
-8.532503818236695 9.983368327124293
-4.232163397982931 3.0751236364013117
-0.3811699647471798 -6.846352316145039
5.64208440646434 -1.0204605476118385
-8.717087279779879 1.0617062321895538
5.5722279869100895 4.002381377401916
7.0373368251717 7.054893276627045
-8.444299955509344 8.32200467388575
7.0389098933303735 -0.44998621673546246
-6.801409916046383 -5.164637845696873
3.7589371533201703 4.072611928792684
8.64363885662662 -9.393046420146266
0.6291467595273588 -6.434668613462618
0.8355586739646359 7.365121192675936
-5.555447423434064 1.308267719994463
-2.191955576411435 -8.632740431558775
9.435673561043426 -8.363477120821543
-6.724916099434659 -4.697806416633663
3.130343453939277 -1.2614216786000014
3.002448172587833 4.200949261260828
7.5770043233023046 6.048926322624318
-3.2766980163586723 -9.867052165526937
-5.913385551799717 5.164313478579457
-4.620927579973477 5.083080711807668
9.510986146485592 -1.9665168709026837
-7.889132087607582 -0.5362492456564389
-9.757901656894543 -4.26085243353425
-1.0664928482322296 -4.540074595183105
-7.512445771963751 -5.256170211889753
1.6292459839310531 6.8546082946936195
5.965560410047841 -6.838859781233726
-5.416719111478785 -3.802494553891174
-1.57559184351625 -6.7568431893848935
9.597065967376103 -7.156410556872165
6.3476427860571505 -5.966197835014571
-4.813985985937199 4.390472799169341
-6.499520743336673 1.331004980674697
-9.649247498993718 -3.250124629506981
8.969104613901436 1.899505799568452
9.371382502115459 5.77546302735605
5.390416890106998 2.508818592551753
4.142134299845431 6.650904775171867
2.064439558900556 -4.352308429508767
7.895685578406631 -5.8639559020940935
6.009726600169575 0.8592513839292977
5.119075036271788 5.80512726746724
8.09398372112203 -1.0477416647687896
-0.7394571692619394 7.368982482188404
0.4748169103386992 -7.4527386396089
6.449571390261969 3.0661832444308565
9.709744555089934 -8.45342286557935
-7.586769125545631 -2.1078348497463795
-6.816231711215637 -1.0849375989503685
-9.240179462337553 2.7296108342940286
-2.4143829465293347 8.422434098412225
7.9781254289895465 8.166157588064724
-0.23769459630151246 -8.782948980701555
1.1987554993978211 -5.277896167054363
5.10938220404193 -3.941883239728792
-1.8884300144117088 5.5622431352638735
1.8634128358062547 -1.937018293231107
-9.768202363214728 5.504264046847602
-3.000345098299972 -1.0814422966615407
6.374307796814222 3.2842720474405933
5.795626516230293 -2.948278423978974
7.242620330943538 0.4405743048699051
1.6857624048125999 -0.7290515984466079
1.2894169135384423 9.018972424997102
-2.006602525842913 8.847614970922251
6.282800925751857 7.127033568983975
-6.9904406173028155 -2.664849202025435
-7.831933517304536 -6.592492710948703
-2.996627080640561 -4.032779721283195
-5.382770788881137 -5.445260604156694
9.60812816210247 -4.950293844268501
5.401658485984894 9.39227017767405
2.352242711860164 -5.525541423808644
-7.071744731972984 0.28738948261111297
6.3259157984444165 -0.8663754411866194
9.672077983824373 0.8036567882471886
1.2037231564500814 1.563783720424798
7.889620019812472 -9.627848554932864
-1.4518629544881918 -7.853191617295739
-7.193874179212947 6.438475480890663
-4.6112147026871035 7.72680415889813
-2.126237670723201 -3.1594332052773755
9.910427382544164 0.14975862431295894
1.7165237535428055 5.688036971649675
-9.965395835877288 -0.9654900601483067
3.6538536402212465 7.75627525920536
7.183070610297804 -4.778687020495534
1.2527102135005528 -6.60260582897739
2.3909351255382134 -0.3888784956774103
-6.717645641209264 8.351138602377826
-7.329713505075254 5.96332645420784
1.6302476188282107 -2.2206803915707463
4.605529400419668 6.327834822339582
1.7278212207613226 2.0514957128080162
-5.446927042069428 -7.046186933551876
1.6808287272029858 -6.684779559473704
5.502701280928088 2.205744863247519
-1.2086534428938034 -1.8505198125540616
1.6406003347598528 4.463443585516995
-2.4905579932233524 -2.591871886444692
-2.855671648845604 -1.1093574973188467
0.3490019488810976 3.8936832393071708
-6.81653012880441 6.411000930126857
2.2517059285837764 3.9787420872687935
4.211195545100573 -2.621052811140676
7.301125637264075 4.931525480610581
-2.5733882424604566 -8.241146399320886
5.7420705948871 -2.541227061298854
-7.512477914689026 0.6843202757271953
-8.992559465076228 5.880403885793237
-7.00105929768587 2.3197083532605145
-3.019480719950187 2.536094116515393
0.6262887510572028 2.93471756397169
-6.172631715919488 -7.454189013152142
-0.1633479416942265 7.936359842509358
1.0159239162127456 7.6042451194170795
-7.595095764683144 5.996951793549005
0.9167904838706384 4.9077764421890215
5.964865384246538 0.027910381827025432
-4.603408351514693 0.3763656954465926
9.483742032180757 -1.4845775327701567
8.29970257759836 -5.669369126435537
-4.092231959553018 2.2034389111800294
4.789538695178951 6.700077534886372
-1.2647102049240022 2.9886549863257734
-6.557749838487563 7.813575495795519
9.184281154690186 7.645589390998605
0.8971300999445582 -0.0992233126121338
2.5466519884806225 2.561506969656307
7.955592919824927 -5.633599166595829
4.248304816245662 0.4170263937504899
1.7183449689901398 -9.09725941009804
2.6226546738651475 -4.571124399321212
8.461362907750608 -3.9107932141531965
0.1620099930247303 -1.6461417984250826
3.8723006086777154 -7.881126036090014
-3.443077374091077 -7.082795364323324
0.5676646407470862 1.7717544651219104
0.5872867125692753 5.437351713544727
-4.456421653464071 -0.10660782845722849
4.130621322722238 -2.9755775551240067
9.305198069829789 -2.166661371006846
7.4422635934117025 -8.24062258856455
-8.951473854122527 2.1678629256503186
-4.527244932330929 0.025657046741642375
-7.411288389985298 5.901381503748329
-6.05831453252611 5.496539361705604
-1.041875480705576 1.0195497293381361
-1.406566473429848 4.045770131443998
0.4192399000448255 7.347780616564229
-8.187729122807074 4.90045864474417
-3.8194961352894 2.3637768560446943
-1.2868235652836706 -2.0240667070776786
-3.3629372342214907 5.449047773351019
-5.102176319297351 -3.0896668054485454
-7.310939061527202 1.9583529326184852
0.5328623342634238 2.3785861482683046
2.12357240191176 -5.004330934136457
2.4498551935863304 -4.068508909117712
-4.297649029740462 -7.778629234215937
-6.849727255880125 -1.2623178180684196
1.4388971803581683 9.171726475721119
3.57429840628458 -2.8785292857740163
-2.1411819547258837 0.25966295068500145
-6.744698484308563 5.761586569048177
3.7344254774880437 2.2791349112640447
-1.1050854999796513 8.071899555015019
4.949665457904802 0.42999725972413927
0.9438215596342818 -5.701143165383038
2.2366168784025735 6.369092331309677
9.1954444951648 3.8349117521895195
5.000225408826379 3.9253202399760383
-6.575250788503279 7.099368435611698
-8.034067399207341 -4.414921672319552
-6.872699834648037 4.416644378975844
-6.807278424666694 1.3579574095905542
4.943510117471348 7.195855828733613
4.362879280043508 4.984620843878831
7.1235309610805295 7.440938278814713
-7.527770336563142 3.942463084508482
-8.53048733782538 -8.582704660802971
3.694545856220042 -3.3060282523042623
-1.7778374904572232 -0.31422681364152716
2.6152334368936803 4.71992094916782
8.441034512645317 4.74821726598025
-5.102927817375589 -6.940046769700505
-9.075357320059243 7.574949176144706
2.6621810986073395 8.22575326569212
2.388730029286032 -8.396513884456828
6.041649851220857 -9.822441269652426
2.440337251707998 4.180349554844231
-9.316896733086747 -2.5505091876077923
9.441671604640657 -1.5130341723593226
-9.187203378112835 1.1606157555051695
-2.9472171008276993 6.414281978065908
8.663580701130844 -6.07880839238804
0.8820473729392102 -4.70605897817967
7.638451278910011 -9.009560411788055
-0.9282635215280202 -7.040332111204773
5.8251166998542345 9.153556188243556
-3.835302081170749 -1.4340538496680892
1.649247717903373 5.693042803166586
1.575252454941399 -8.934426241236359
-1.4636017210562215 5.025301799270018
-1.1388141363373006 0.17261974655979628
-5.6006084775965626 -8.619273848545866
9.980359544160805 -2.6323345671055343
-4.918337944836542 -8.619238560061365
-4.554333524867678 6.154611473306957
-0.12751104901337484 -6.282835609853583
7.519964748088036 -7.268500032476954
-7.960483864921626 1.496852854813035
-8.078269710801155 -1.4978514274033046
-4.025761646048302 -2.751314842231518
4.876306573287801 4.70188815200995
4.994269233954485 8.38985650915508
-3.964726007035888 6.669687123906275
-8.7775625397176 -0.5565149513271486
5.789706125425171 7.287956557601554
-8.475688215698632 5.24864176480035
7.674897757812062 -8.099251215460265
1.811156902658377 0.934431899824995
-7.836893844807391 -3.761488810584403
-1.0172370710205936 0.9007388678587631
3.9560411621447464 2.795624407557195
-4.499173271517862 -8.638751163625923
6.573332917767832 9.360277844856604
8.403553315720515 -3.4827972728175975
-6.482891341274353 -8.458871807667798
-2.9991955319278425 -6.711736412051589
-4.181009305934127 3.913785468228797
-6.882123859195088 2.3948185328470686
-5.632932501013088 3.0883174550968757
-4.1627200157679685 -2.7597903999688356
-5.041048243616865 0.7470716358607241
7.919104186381244 5.548881848982122
3.7214723748290517 8.997335178415543
-2.3933295347833505 -7.307834033695948
-2.2430997485425515 4.215339487092752
8.37955238238834 -7.0219436150732095
5.47108062237395 7.726308721093005
-6.184372969879157 -6.738592083927135
-7.350428651367496 -5.041325914842276
-2.1956349754007594 0.5251803356417462
1.31354273777883 -4.634193530170507
0.772360629470807 5.289895649884128
-4.75457619208107 9.779484520551655
-1.315195824046258 4.4448076170783715
-3.4118918701912637 3.9815183231524927
3.3329494161547224 -4.118961637251266
0.2608989751375983 -7.414193759478403
-9.947958461353018 -3.111189898925513
-1.1785218319386033 -0.6270517278627974
-9.364984291650229 -9.50910343001034
-6.45076524411895 4.325943841463037
-8.940428984183038 -3.573610675598717
-3.7378845872434923 -7.568134150210573
7.158609995798429 -1.5338626125965416
6.396874440003131 1.4077191077693652
6.005479765234856 -2.5517537700693964
3.6032497604483034 4.511492174838365
-8.950667493659974 -3.2928692547806993
-3.513942309039628 -5.652929128680686
7.199099291850196 -1.8814795442959245
-4.961090238618759 -4.493125857529156
-4.396500434409585 0.10747468886262368
8.66999455091593 6.101188137485696
-1.5933463703667243 5.5250138401139495
6.112838753677128 -1.9191912609363797
-9.777879511637824 1.47835523129058
-0.020155572284405565 7.762535898320277
-8.438469063888348 6.3044663939577426
-7.7644076376888504 -1.6866496353166447
-2.959649101704249 -9.978686954965585
-2.401577400076212 -9.640500454164222
8.282944706372522 -1.8013624822841567
4.927957292982807 7.248737630906508
-4.619881901027432 -0.3025368306335192
-2.7048201771156055 5.228168046636611
-5.494722864333744 -3.8541760303811206
4.345367210600807 1.3489699459448268
-4.859662688136439 8.134027243168738
9.588126083280034 -4.2628806536710995
-0.21543517853326222 -7.346944332365393
-5.841612944425059 5.0751628120375525
7.059161547584484 3.4313676422793584
8.135175818777793 0.05907811683865738
1.1151767752181119 -8.67156284592155
-2.768381431982596 -4.0496861970272935
-1.8729872106110683 8.295994144762918
5.681818454655669 2.7858517564020033
-8.480756227673611 4.578792729551463
-0.7637886658820427 -7.3964859524646425
-5.857689807083424 -5.963602653313467
4.23104327574762 8.590738180002639
-0.3194163979646376 7.842471123280756
-0.6528603594334506 -9.288735592708278
4.0338491477699705 -5.355215677328342
-5.632239683781776 8.2798559433305
5.163977523566615 -5.0006282300776554
-6.633543116385812 -6.0027002800247775
-8.286061962860995 7.491571158129126
4.74631203087851 9.466437217364923
8.533123617543637 -8.119579786990771
-9.632453868915992 -0.7453264961258999
8.573870665177314 -2.831870928548623
-2.1513968080479735 7.762996556652219
-2.580230265400159 -3.643350615599057
4.7630021580211555 9.700657838093456
6.399758566736942 9.63705943593768
7.978420984709057 -3.820607921257566
2.3602516609992996 7.209960660875165
-1.8672655795506579 -1.118133666419535
9.942731576438298 2.373731779261398
-3.6934856300138126 -4.313963626045918
-8.774899383326611 -3.621538813596594
2.7565138282072628 2.382718515142642
1.30158525967218 1.6402841947028826
-8.486246653096456 -5.956497841298576
7.341007961141969 2.1343291153101003
3.930447117378746 4.450491323970702
1.9307726852060512 -5.878765222590976
7.527484348498355 8.740653447889922
5.1469500243416615 9.66981424622228
0.8336003578846896 -4.658384279563357
3.289166356299887 -9.67923408934465
-8.923516064735011 -1.382163796067637
-3.839933029235338 -2.92129390255327
-5.261840748247946 7.016231458891976
-5.416818257677576 -3.434859775226653
8.846180019990115 0.5333094455424519
5.456336746896046 -7.675429369775266
-9.784437402611559 -0.633487239477823
6.337672028720295 4.611521217924107
-8.077085551045705 -5.390508398436255
0.24870193337996938 -7.758779184165117
-7.034404860318997 5.351483690456433
-6.5970099256257235 -0.5870982084918666
-1.2777700107196832 -9.474150739063841
2.8169299601772018 9.983104581120852
2.188353347111949 -3.2273627913370824
-1.6110401424122767 2.7715480631202745
7.421864160609548 7.447562691737474
-9.070330286897956 -0.02444455540241819
6.1850444029121086 -8.708369285190585
-6.511669787720045 -3.8447669695810056
6.959033115120491 -5.115789173814537
6.278458389921763 -6.6425440561685
6.214134924053404 1.8392083054409003
-7.213649833809777 3.97428117277882
5.195616126133761 -4.154842574352395
2.1457476519748298 -1.5056759552058807
-8.593876950009827 5.425529452015299
-5.977955991896815 5.6945749718086915
2.237588717298621 3.3199610226363525
-6.603448123934481 -7.814491063983741
-8.245778000111395 -1.4948526727588085
6.880643534034363 9.694849188615073
-6.857297198996804 -3.5363437898815953
5.993238454725908 0.1146640700604209
0.13110928757111218 3.2235066529933363
5.040510332999055 0.7575861144702642
8.600501723111151 0.8663427725400386
0.4014385969872656 -3.095918554962971
4.018787747803771 -9.421913525575988
-3.6214430400235953 -4.280583460129996
5.638268267730449 9.773407206195884
-3.681329326140059 -0.7150272121554728
-6.357492050088414 -3.131727850920882
-9.939056381467799 3.406907538407541
-5.797145453249519 -3.865919678146872
1.3959653428232084 -9.268809569371184
-1.5266629126230669 3.530706582178416
2.0010251565030774 -2.407233128580182
0.30948364748504 -1.7550936387068532
8.39694262215605 8.373820310904293
-1.8160831701230595 -0.7846920866034619
0.0016117731994835793 -2.631346164046451
-3.9894797097966483 5.939141415307795
-7.471711324125245 -5.708360068570668
-8.90114287610176 1.5415187251887232
-7.340215944991799 -3.9243048245991785
-0.1484562132525813 -9.993502730779714
-3.7666779837777975 -3.266750654432875
-6.508383240562285 1.7388714276582817
-5.351426689820144 6.713809326230592
-4.7620481214371635 -5.3575715810600215
-1.8913185513860569 -1.4303489007978563
5.526695902411703 -5.354663076866348
8.41526343691877 2.003281078956636
-4.482984521153888 -6.158502506782635
1.3435926696047886 -4.591088658679472
-7.5839940722304 1.3203142213861483
-1.8854522828757396 9.599453254196757
-6.6733445025118705 -7.949617821895898
4.761546200707809 -0.8491527025586283
9.301618704839935 6.106896763440101
7.329808922550598 -5.919530143213989
-6.355980526108153 -7.59927199055274
7.561907900257186 -9.266407213003847
-5.743393953062128 -5.209535297387506
1.5495818086870905 -2.9585347590260884
1.9539419116618344 -7.367122698855519
9.341219676080318 -1.3239732586219883
5.433010495988293 4.028352914919713
4.02468808886659 6.407748346813559
-4.48008817223605 8.83973284934197
2.2509120275117134 9.221228326844034
-4.614429220462375 3.910492357068902
5.437915009637987 -6.910289390274862
-8.63392829235446 1.3168201751490223
-0.07867945516404085 -2.098501263221011
-3.2660200473985324 -1.0671147451756795
-1.8890990481913121 2.2501880944227075
-8.631603239747916 7.919108132255957
-2.166164376092075 9.11251542136975
-9.534479012356057 -5.404073354003347
-1.460061891357011 0.8798687524675195
6.678867845101994 -8.002296547899043
3.3538877725753906 -4.247329285498234
-8.470783214093993 -1.680048578872258
-8.225923429378515 9.37403846015761
-3.0654331989681367 9.937459308398388
4.561817868253215 3.294431131392299
5.164370065131958 -1.5218192732412525
8.172536388144621 0.9574964506416066
3.608577860014641 -9.12916794276051
-0.9444506463763354 -8.418073378201758
-4.58406224777034 4.100208313687851
-7.798201035278323 5.5767708751690375
-9.509479661983898 -0.962964429887398
2.8997454690764446 8.896377852600793
9.464275644020013 -2.7803288747316994
-9.30280468268402 0.3446713926914118
7.6086704583804305 5.831701973847736
8.029839874479162 -8.423290016151984
-1.1998165404135435 -7.210356041001025
-2.2900815307068356 4.813469604495815
-6.849531122374191 4.1802268947655286
-1.1890750745812362 9.131462245093886
5.699835999994631 0.2523399402654647
-9.806247970242001 5.790661040969399
9.526260758862378 0.12603612288150856
5.682004170115819 7.349101494127847
-0.12575483871546567 -7.640686448388556
-0.7545631079005872 0.41110857265015355
-6.415984247681468 8.85771554999133
-0.9992373121517062 -7.203089465629191
-0.41130866814499 -9.1747970364118
6.612276921639211 -6.571438145506905
-6.898861828209155 1.3572209406228186
-5.675940449214796 -6.770678711775511
-6.191412924705038 2.636584121689328
-8.190214191730941 -7.586118376960074
-6.085279412260391 -1.6003156029361687
2.9370816689714356 -6.109585953767194
9.526426403192566 -5.3949080922434645
-1.8791852475181443 3.3102955854608567
-5.228992438603979 -2.631608993270662
4.226294737826876 6.334809444740991
7.458781022769589 7.692478371541426
3.657609097969347 -5.5249004337496
-8.816551454943829 -5.894076632630975
-6.068366743334359 6.1726798280286275
-9.945796867282983 -5.285539719133904
8.131739262862187 0.8179295312598267
-3.8626003686321653 1.0700109517511613
8.90417834052402 6.326048168520394
-8.250755633364532 3.2485513191546094
-8.676061734076935 7.3058995281120005
-0.35243534122229647 -0.2648745353046209
-7.04732794329537 -2.9837964654438887
-3.6590176843742173 2.794425508528173
6.004977811697081 0.8319936975538926
1.2405943112108542 -8.391585454962286
-1.141441260712222 6.766168949065321
-1.6150308454365376 9.120190060534298
9.432350384603026 3.3846210604835143
3.993208446212254 1.4240003398596617
6.161126717279053 4.856812278482963
-6.776138262012248 5.570770839368553
-3.3221486301545706 -7.978298598814176
-6.7744651624262175 8.619736905692086
-8.10298649105803 9.14782355942313
8.1679564430754 -5.458601755791337
7.509792435711336 -6.175598002693958
6.146591066359054 3.7211003755076106
-6.050766160421713 -9.637653333593947
-5.163447581705764 4.678040829033002
-7.36853597858522 -9.981444300639543
3.2648530760637477 -6.960331927761425
2.672674532475604 6.176520169483307
-4.447095538885771 -7.017839398427148
8.531815810719724 1.1035953381613073
-3.433814500036025 2.257945659765685
-0.7305565885931582 3.5255612049100886
7.342032147060426 9.587188936107157
-2.4069316482668057 1.4466099836440343
8.035378981074938 6.47745727805864
-2.9082758213909576 -4.346697295087614
2.326016278311032 5.009811609260089
-3.977530607163944 3.6279089085946588
-1.9271807817482856 -6.826518085475428
5.42887487890942 9.842530673538342
7.682571211854672 0.1738735827926856
0.8904283729967144 1.8443583521194356
-1.7384931438127182 -9.03514950215123
9.070693271393395 -2.398831743074769
9.70231528326903 0.4859222664635947
-5.149704003078748 -6.895067369506165
0.449408022747841 4.517133269519517
-1.718772919466538 -9.292093625689725
0.9211393930159275 -6.903785432837166
1.688615374011258 8.422325482232885
1.3793784999015486 -6.752389161968839
-2.004912328678092 -5.205440744494476
0.2036229424103695 -8.87722150575075
-1.2112371882543567 9.554451758955292
3.235650864358824 -7.205089491504355
9.105208509414567 -1.2007221282056495
7.695954970900097 -3.4819857990368064
2.7919968579072822 -3.999253415962629
-8.046586896943255 -6.774803015471562
-1.3011465636411899 -4.942160896348742
-4.61863387070329 1.779797696911734
-5.236318246101151 4.742401661712034
-5.934582171883404 -2.8747363972552638
-8.860709948659872 8.446838739302184
2.4610359740000085 1.7693285562228116
-2.190139525241685 -1.1040313913425877
-4.995827342966075 1.2140485675794643
2.0749988143748865 -9.124765763059298
3.2809178206577716 3.6571462164842323
-1.7241992232729508 -9.454436487766447
-0.421184615605954 3.600085070567431
-8.862529260285969 3.848289393069951
3.8240653056281193 -5.477440617687623
5.723197406704747 -5.745479855038083
-2.5501396149502824 3.4892127490278995
3.6559244890934455 -3.1952556309354314
-4.582597487791329 -9.310460877721932
-6.2463802692023656 1.1551607773344408
1.4385678500786199 0.3540984086027734
-0.23597169553018382 -8.912043665091973
-1.9928228254071847 -1.4641822457502514
-1.7729995570707366 7.478878911834812
-2.7518520223965286 5.915140851669211
-8.465363496078876 -2.811042324083397
9.423018808810351 0.6210687992488122
-3.634145361050207 -2.9447148566812515
9.536826909437668 4.7407195432377875
5.194402775456204 -5.072220551135455
9.078898763885732 -2.0705601199992447
1.8438943616826986 -4.875178249830164
2.1266145174477558 9.270808492933426
-2.55171125568628 -2.888695953940548
-1.0878085477977368 -9.260765381096544
-5.400595702467199 -9.477241019411993
8.360550567190717 5.727708171419936
6.152785858858955 6.69840435231259
-7.985112386189417 1.5144529138152922
3.5329191851318864 -9.202849027719967
-1.3530418665090664 6.556145706272858
6.3151925679247185 -4.419547396443746
-5.25612044094129 7.19897280136842
8.298510814500485 -0.022235958898100705
8.131651548668842 4.9888592496632995
4.982871322037148 -3.1022182340821463
-5.961768298837633 -4.678242784557927
-6.774466426435001 -7.521789858930652
6.89297544577181 -1.067979413473763
1.816707719428699 -5.399268070204819
-5.458072748695447 1.3149814923530663
-1.1049197517854559 6.703345744779199
8.591811004619782 -3.1911771477766937
0.15885992248780667 -8.253175545335809
0.8255007048327361 -2.810960840758307
-0.5814807430857662 7.127185780137367
-9.220246689699934 2.7211666063819564
-8.54453612793715 -0.37989927896490805
4.3988625576618965 -3.4380606790078456
-0.07802384550059394 -3.5395472091781173
7.2295646036784476 -3.1103652887116233
-7.316485346044582 9.801914100816212
-5.034997991590828 -0.641563162734105
-6.077105962415494 0.5748747831820111
2.060277394703519 3.203809925928775
1.409022469849507 -0.8982277148690709
-7.752273207115044 9.862102680846817
1.199050529324051 1.2467960833472862
-8.294729019199249 8.94212263587412
-6.524147170621248 -2.824043563627196
-2.1506961289028492 -2.2842315264490747
-2.1339834541562475 1.9020129820805103
-1.2386331817350182 4.608022116140075
0.1279121281201423 -6.71191946072711
-6.663737159805465 -6.3456209732799795
-7.322451054399615 -6.010829392775518
3.9833241273357274 -0.965826246989943
5.967543841289515 2.5644804317795185
-9.100093449902628 -9.386021015359225
3.797446491093785 3.8853738370396123
2.7384945227656576 9.74486558489713
-2.2351430202598372 -1.7873569349077396
7.187512294717411 8.190448544164887
-8.050350983074983 0.6427742827457799
1.6388953817049394 -6.994802869399965
9.291645212033696 2.1779990655063592
-1.2789735505659117 -2.364117630328934
6.291599504301452 9.454153514956744
9.22386436651945 0.12207460492111366
-7.464946764382949 -5.845039495466102
3.9938388004746095 -7.053993663268317
9.154684172334406 7.460887782886694
2.633974523993821 -6.038697487738229
8.459886711882064 5.106258839009637
-7.555472098968464 -8.935843246746472
-8.423289194820338 1.9222155417355502
8.60094579090276 -3.023842593260011
0.7847966876200623 8.827431322912169
2.554602323216182 -5.417217735007709
-4.476852564313962 -2.7703687893560485
-7.277112814692199 -0.828483211411255
-1.8245318531413162 0.17321696040500356
-2.0036939021021265 0.43892297976571015
-1.41330257315051 3.6350005982769744
2.794653756254025 5.6762695356968695
1.3963188656249876 -5.165126722803048
9.390436109585984 -2.4825160694260795
-0.2766752618113131 -5.585917589546203
8.177451919461099 -3.66627677397497
-2.148641362585513 -0.4623621464728309
2.1411778027897803 6.465709729884036
-3.885070422918318 -3.4889341404499863
8.865824003065857 4.2842525830050455
5.47188859832932 7.547363882610611
-2.3180009803198365 3.198154237420006
6.333144637002594 5.797895972222722
-2.6221238554348787 5.393076876475396
-9.200702657870805 -2.0556393986402828
4.843472536541531 -7.3951035811985015
-6.240005262837598 0.5509241797142668
-5.052898923908833 3.507369358883084
-1.3068344942892836 7.502922440020228
-8.134376585878053 -2.4039531383322688
8.460546603116462 7.894967356072886
-9.073638123524798 3.6822387156632566
4.487012105343178 5.821703395783352
-8.453518386424987 -7.648179374657278
2.140692595001635 3.750728273754051
-1.075353507038816 -5.434181605538246
-3.1529178596613594 4.558150668682167
0.019406038386742708 -4.771138150953059
1.9192519955378007 1.4607802181065832
-1.447786184296909 -8.44517454448779
8.9953021010644 8.150099132486552
3.6498382579262696 6.047369695323145
9.503918320409436 -4.350988322994267
-1.357777860735922 -0.3572397555482638
5.628413233823693 2.2487807894357736
9.162681914002398 5.094150736694234
-9.648078358171453 1.437421181730869
6.538559633170358 8.981815697483789
-3.512855053148649 3.4454135803215955
-1.3824199007609455 9.792720301633413
-1.9237028379524617 -7.976214665590242
-3.9365309439827083 8.725809695549845
1.0383429561647723 -6.751597606004434
4.681228651877689 -6.586805926779899
-0.0021898856844373427 2.185548053898774
-5.3747980998952904 8.986670163051361
-1.85489691976227 -8.421776580663426
3.625010250663971 -6.549000018091078
1.2241409563684265 -2.105114421370306
-2.2120493227305227 9.054071856044349
-0.5701398719918416 9.290937666964286
7.667972957748162 2.555797300766274
6.089540426203904 -6.350724835260804
-4.628359066131189 -1.07111331496853
-9.372169380246278 5.625213484445997
-7.853415913801038 7.334746498923472
9.34604878540273 0.03226614012455187
0.2730277419027196 2.9185022975913526
-6.391235802501161 4.757806857671367
-2.1163331288553504 -8.840201785463757
0.7021190558477777 -3.6074986877507342
-0.27473855399226643 -0.6595194032416352
-0.3506606628368374 7.966136460528205
-0.496893803763939 -2.007913984710113
3.8142038924116033 -1.7289193926388826
-8.507065525438232 -1.3189853501419773
-9.167139805971964 -2.3628442010615096
7.850685879194579 -3.8927717876821033
-0.19178451711804456 8.437142839560963
3.4095103014379617 3.0658707207253055
-0.1839735248264862 -8.789710956419402
4.3715484069522255 3.1819006400744563
-0.312612146899081 4.853699010173344
3.1451482974913265 -8.396698938753634
-7.533331130005852 -7.6877384257495756
-7.881029730863014 -9.563865432660922
-0.0010192250778047196 4.407864976555938
-7.0739881171157375 -5.673803254162335
0.05207644017008839 -6.106726821164637
3.9315283895563518 -0.14600443322933643
9.457122407612239 -1.524444766531989
9.104999845711674 -6.146333104634756
-5.455204932354894 1.667913088790744
-8.620544530320142 -3.907064074889517
2.4540367247510844 3.4907005474195643
-7.633502806658878 -3.197262959692315
-8.974888628086173 8.6126120805291
-8.166056533346142 4.856897682937465
1.325628109741599 1.7553741541530634
9.686224420544228 -8.571377754431595
-3.7531148630379523 7.456462648347454
2.6071698136888504 -4.423982297158011
-6.445752684541402 -6.433330859498136
2.567654478548258 -7.530365334532938
4.619739935628736 4.224951981793378
-7.933946275327999 4.288619061446564
5.92288502519407 -5.468669193960229
4.835601888270213 5.351413125013485
2.2738482484553195 8.643244338538075
1.2799437769977047 -9.508853875807644
5.698807046981356 -3.9502569863072186
3.1624005317531783 0.29919559727012945
-6.679377194373273 7.050892439958105
9.339359785896772 6.206283133565016
-5.648701964046294 6.3079941164973725
-3.4749580657303847 5.555320652603136
0.588798980140604 -2.9526316894992366
-2.6021224116537134 -3.756122062392844
-9.105791947569719 -1.2748481878899334
-1.1283680750196368 -9.268885926118898
6.188726284679468 9.070393754161426
7.373665187604143 -8.37870752977424
-9.235749624475101 -3.30948306825515
-1.441850772224388 1.2001112682206632
8.955003841928722 9.664121690708317
-6.357635164348672 7.1805033707629775
-6.854165809715187 6.418491126159015
0.21568643071308458 -2.5273598144471565
-7.011279366385148 -7.963466967856718
8.701756779520544 4.060982456373495
-5.692158556824012 -4.959835493679828
0.3058107425470791 -1.3799460482722168
-3.2137190290422657 -0.9333988125246862
6.826764326775724 0.6762408484706768
-1.566268709445012 9.17356946642624
-6.586798406461824 -2.2623490430141757
8.275727221476387 2.133096466631695
0.1316593437815392 1.1898583825458058
4.592920430614576 -9.453775935794583
8.341797543016305 3.534472692186384
5.787697578577735 -1.213446465980022
7.723409674691748 4.0040496659970675
5.7906348856947165 8.402694104241611
-7.388959672590573 7.028108128643112
2.925514125798557 -7.524618325701171
-6.06504328540395 5.824300358529522
0.44195298173757 6.658278887599046
-5.381715522297361 0.0336057820065232
3.3913003771046064 0.48091509705463054
-4.954471020585016 -6.370904951766471
0.38279783157621594 0.8552255529035477
8.075497353136456 -7.898179579206435
0.3842871736411606 -3.74116452032375
-6.404598927651199 3.1144250573461214
-8.616377251684408 -3.9709980785188614
-9.699160108851835 -8.984637157223654
2.080372405303752 9.063667686777016
-4.530020044049074 -1.0320034378312108
-7.301030739787285 9.289823150715854
-3.5639547357296397 -5.077159648612359
-5.57116397506535 0.27036077759948896
7.540512100592739 0.42578902181938894
4.8107780872572565 4.011518046229998
-0.18991556874184923 -7.42287459200186
-4.1499277939889545 -4.646912155460969
4.378820760584874 8.617090132776081
-7.011578428789136 9.970233074035765
1.9727770468737145 1.8336157198707514
-4.938345580064373 5.336141915617098
2.8704803564552925 -6.6485362320632735
2.790731156145714 -1.3454975738139368
3.1479147993285146 6.506392150771603
-8.020959661005541 6.802153098839504
6.4059906304956336 1.753118496616466
-8.54809810040049 6.666652351823533
4.184682681607693 -1.1132360076451953
9.71173048594514 -0.2517901869679502
2300
-5.546631804534727 2.0010573246203993
1.8782658733070239 -0.13962073766134786
-7.993452936641874 2.707574656316293
8.459132987839759 -8.874553887816589
-2.9871467883687552 -3.623174515914025
-7.312060033379337 7.300728408044648
4.568093299536049 9.300518733939768
4.213913165890288 1.744047414584477
0.290458751841955 2.5409611946253037
-7.926906885279459 -9.482300487565174
9.762600548249736 -6.861304200379892
-5.789492639157288 9.350080118006861
8.261783403358805 9.11538418342385
-1.8464867376941374 1.127055642070447
-1.3284661824326367 7.212712476987036
-1.5058576318570829 8.05464231343182
-9.702784710052342 -5.577302614816178
-3.949335218654923 -4.426997973004088
7.7536622755117435 -5.947782928796319
-7.44143799449668 -8.904684609069644
-9.031610467387829 -3.0579583592694526
0.4021171521975866 7.513794658348409
-9.785044909163831 -6.188922308099542
-7.764803045550113 6.885343278669648
-6.246792670550367 -1.362566653187276
1.2925017177807518 -4.784362004904765
0.10984853362433356 2.931087116643356
2.1049350966045424 0.29014106546387985
1.91832885983602 -6.1107914582415095
-7.221001445557604 -8.281513148801974
-7.3310880901837265 7.522492210061994
9.900197542627197 6.396487922339503
-8.295124997816224 -5.790399754350135
6.501414781046037 -1.1359443097994202
-5.6234715980315375 3.141608506761443
-0.4397689779703846 6.701200431866333
-0.06622243063970856 7.122162204329136
-9.776113611810512 6.517545303643992
1.5737398464169772 8.464600403131925
-9.335486689015033 4.617134775301929
3.336997890100159 4.755821529023445
8.824179723729568 -5.503733580802415
9.862270620171646 5.2987005294850835
-5.094170560623166 -9.029625826606857
-3.251113133180352 3.166501653229993
-2.970406981711415 -9.076537250598289
1.3952446897813058 2.2967134169337378
7.960334447593198 0.6973116769384458
-8.210650915232742 6.37408559224405
6.0902104079326165 9.534065483418509
8.473507956263028 3.370916844335481
-3.204891026907606 -8.526074477967967
-9.389835210465057 -5.707246694720835
-6.792664699933457 -8.208584763086982
-8.375316444856221 -2.4815960880409005
-4.5102574398322375 4.462060912067788
-7.0744467907705495 8.100054411481914
-6.4205490588713925 -8.729833634189784
-9.734530772957473 -3.6012188680938007
8.309580362053065 -9.612977987315718
8.86516163565577 -3.062592569449274
9.50185659852767 8.916571301548476
1.2380458302460884 -3.8498665907184364
-0.7589382627398233 7.199077057646292
2.7246734194105855 1.6254429874396248
-2.4058734244694735 -1.7247251776179056
-0.5674932842974716 0.3114524941073
3.138302128297756 -2.939692885937193
1.4538086098808805 9.933160623322067
-5.625837018222666 -0.8806484914082233
-4.7595406109713085 0.8851010234538865
-2.9416052271353132 9.116983720927667
1.3264358233512823 5.161415414804679
-1.5936788238957682 7.673930592235372
-0.38536095974638407 8.588835033647946
8.064160264973438 -2.3074926827397757
6.1385300070433075 -1.3451588334564342
-0.038897195369013815 8.651464861600367
-3.3067738131985998 3.544204801261685
-9.016583434864817 -3.399076936231083
4.230195516854954 -7.024327327727509
4.93212529306569 5.9476193017970616
2.707236137013931 -3.2436643135790177
5.400236925131258 -9.989287957460913
6.460450874122337 -2.8258919959925795
2.5514246130926654 -3.485805057828575
-3.2974610752656597 4.169559645140588
9.299094466421373 -4.538131398781433
-0.5275525400047893 -9.45879579671017
9.812166787164394 1.8069850590754672
-2.1689010409515586 -7.106488082335303
-7.536421441157803 -2.6339176382844487
6.287329707993312 0.8705401437669913
-6.354928699106754 -2.549018183425787
2.752015873865128 0.5221811258583902
-5.505558328312032 1.245372489095228
5.941285908970919 9.991808633844371
5.096956413399884 5.31335991957979
-9.90475393969195 -6.506134818431908
9.492341057442381 8.22097540846189
6.0127204428575425 9.781873116297955
-2.5174804329811096 -8.474783628420122
-1.719401775469274 1.3500953843133896
4.631350053816178 -5.981409710312566
9.595213641470835 0.6105310256056349
8.714557472146321 6.478365066360034
8.35341226603521 7.4572789215517155
9.188959463122114 -3.452084201255177
6.510737734547721 -4.427356858233629
7.6885156141173425 1.7202138289286601
-0.05250668627551924 1.0171274941014552
-2.992930841505843 2.01042928039006
-6.212645754769639 -4.013349865940943
-3.8644033998725558 4.113291655548421
5.686840707940862 -7.526582077523278
-7.337896335879231 1.3189222249839982
8.780506061233673 1.8181448026267084
-2.0477666789778564 -0.35089430056895665
4.384936230851032 8.929055887456222
-8.727363739910208 8.381200844699105
-8.195822285594485 2.064861799664964
3.616385999709795 0.6543235730503749
-7.932744142893147 6.62941080885437
-9.70305550954169 5.878836233440687
-4.113210078477092 -2.464929668535447
0.795577066441135 -3.96156233318629
-2.706777511257501 -6.16472803478074
-8.278630432194207 3.0089417866114765
-2.4770226013028456 9.002091146579158
8.071684103774 4.161280563088813
-9.464287849160328 8.587401525893789
7.139866744937969 2.3680900387042048
9.454996381095164 -0.7222202102856219
-8.987631546276118 6.142069587311639
0.3324942491468974 -6.081756401370983
-6.604462548735306 3.232329563250884
9.646817725553603 -7.540343681509398
2.6393812575965967 -5.544360712322853
-0.08296586339436018 4.56412326314717
-7.744507568804457 6.866534682688762
-4.050537518577486 -4.259752027488199
3.986618803046113 -2.190145564148298
-0.8381369971749848 -4.53045956003402
-3.9035198778477938 3.208989536666241
-5.294464387427398 8.064608241773165
5.483934873285882 -7.667882816316491
9.395361842605976 -6.272616189827245
7.11902111579904 -5.512862088756945
-4.416939238924917 5.523396947145878
-3.9506444867419717 6.217482377555122
-9.994602001195574 9.971425044445244
9.024777352625293 -9.525183525590162
-3.6315254312111778 -9.476666832700465
-3.463489960785293 7.144867692884482
-4.221384955047281 -2.8980156158907455
-5.742783663396542 6.529348080770781
3.2259385364027118 3.912406782179353
-4.29238954922954 -3.4719790418405783
-1.589015583471987 -8.686793804434833
4.764513790727802 -4.842191966039772
8.543999710664682 -5.586264929316247
-0.5625839487190483 1.2836279010852678
6.595618564779517 5.952696297719742
5.615421908190266 -8.70401635354175
-9.37704709375602 1.722241733685145
-5.904068971236991 9.364994767352563
-5.488331468308408 8.806319058745473
-9.189093729466887 9.180109979551602
9.239684580816593 -1.995017878957377
-2.4381893417738727 1.7596931416566761
6.184537729459404 -6.869259808325765
7.628186425955988 -8.530367317780712
-0.9385402435202987 7.070569666383815
-0.26292510663787994 -1.541802605834464
3.984265066422312 -5.597689766236941
-6.67391045621359 5.615835511987363
8.687537527390589 -3.7625565084581574
-3.0673729363293933 6.917376806720114
5.853433611274742 -0.7421467446105794
4.384996857318962 4.261855884582795
-9.375552385731602 -5.162227969670017
7.614349023537535 5.663352901093477
-9.499991239429598 -1.5433838894289167
1.2530687192327061 8.581678332128895
-7.228216229220266 9.907448144951395
-2.3150172663224904 2.801342764352148
7.532146338708202 1.9576108331354583
-6.496993521327379 -4.8067026660969265
5.6820725769453055 0.609481545857463
-9.909049941246327 -2.701038469005727
0.3061233413507516 0.8611449242485651
6.6360489283783295 1.83455049770531
7.32585569652538 -4.073375244236415
1.4765866581409899 -3.7268834162237496
-6.267099163052057 2.595757042871705
7.658701616943155 9.430290527476195
3.8727467297534783 5.750590391160992
-8.787857737039007 -0.23584965455117235
6.350713546869102 7.969945124078269
-7.956984846705726 3.6206476014177014
-6.037939277653377 -2.572379491328989
2.618555206867672 7.051718685227421
-5.02045395437877 0.9482854686806483
8.16324162772856 8.212766087766482
-1.1008562109826059 5.781172947131486
-7.423893649422673 8.37482559382196
2.639274395511018 -4.1753099014888235
0.7314192266843893 -6.723135812189549
2.157385323228997 9.187947455123624
4.5130854227325194 -1.7568471038685836
7.761452724784231 -2.517722784591152
7.126315892690197 6.773401830133107
2.8535342543405697 7.385340249103322
9.483994162594946 -3.844109614092619
0.2646253548590938 8.068945832981164
0.9166912549946886 0.16806167674247163
1.0476331011128543 -4.6642032248527565
-0.6769486054575786 2.1597100475120428
-5.225376310230743 3.9940452229108914
-2.3788200169411455 2.2222538805022385
-0.17693363016808838 7.734322695728078
-3.96887307324556 3.545987893592992
5.54211998706452 -6.639097823360727
-7.72807869461952 -1.4092379671764466
4.983658719172659 4.910493542802056
6.77358188104353 -5.522393139751225
-0.2434843682859409 6.092743006402348
-0.2543455050003889 -4.900820991403087
-1.3214567786636024 9.962239399454205
5.723481312267067 2.3977839340760134
-2.5038651513640886 -5.91582059737922
-3.5948773837134436 -2.2918390149381462
-2.177513688301051 -2.0025690980751847
9.960937747991352 -2.6227112721902746
-2.4681976019825864 -4.8303873482735415
2.7638664515412117 0.04582911696199332
-5.860715952274553 -7.262840938741912
-6.262142034942071 -7.349407503747594
-8.233696607853583 3.914386857004919
-6.991680390149861 1.221440993763398
1.9066436143228849 8.195555059987495
-2.0406327480336035 5.608657590848312
-2.2071676558644864 8.730410114150846
-9.715318634285063 9.132980131775707
-1.5098735468277624 6.334039147195451
-5.219155599993648 -6.71070822385823
-1.5035213966588383 -2.473011883017609
8.600935149111852 1.0981981038732247
1.677884603950206 -0.47513896905577013
4.010502030140815 -7.030807431793371
9.947216587443226 0.7659291456422892
-9.83949577912933 1.985656441818799
4.157825637715165 5.699149633323666
-9.394537437395307 5.146574528793629
4.337923686800886 6.357394300188147
-3.1387098210685505 -0.5348786411861681
2.7122061678833713 -0.5302013160712722
-6.693082734834137 9.270381061421244
0.36084038924840733 -0.5533566871804716
-7.154810895297368 -7.197882712685589
1.6002406396738618 -1.2974596335975352
-6.363449628216502 9.799543099344149
-5.123128779458144 -9.003828742783025
9.605536251606498 -4.34360599800965
-5.028408991166855 2.5968561180107095
-2.1406309561606225 0.566970041964348
-9.047384431807936 1.265921869397701
2.32738903805493 7.783208688538551
-2.0487302029736316 -0.5117460557312885
4.398984448945571 -9.36847243204297
5.342443654972417 -1.4824935827221033
8.215234333639376 6.920823270165268
-1.4112802731024843 1.6625224459116854
-3.9050660299416258 -9.472088216467016
6.880048588478687 5.612871423565473
-0.9449564806148096 -5.016230004006951
7.89949362754728 -0.8197276697785298
6.808418921916541 4.968328158569729
-9.413054690145465 7.911665117654575
-4.619737661848051 2.0076578031575654
2.006746410848365 4.715748123128556
2.1829795306135775 -8.87998054297675
2.5918963348043516 -3.263588709009264
8.532899018986729 -1.0329460446043761
4.062346330025331 -3.442858086157856
5.5187595304400645 9.296980469337274
6.976460331742949 -1.8846861476338503
7.868933193999585 3.777828686451805
-9.440790808986169 4.337736109372354
-5.426549724252641 7.1978183395513575
8.500354381193198 -7.129620156923819
-6.092061981737462 -0.15490160317613366
9.326551757224006 9.463365661168737
-1.8125984223965972 6.498884090422234
4.646694807035292 1.6611805536622057
-4.114332132790435 1.6910013632004244
-4.335875454180371 -7.702699528402139
-2.053647089457167 -9.114831471944363
2.6660850936765037 -0.3282102296755003
-9.025085720180059 5.7152636592120984
-4.180694748510692 -1.6018667228959327
2.5957169310674892 -3.895438900479702
1.1822925329241034 -9.254106151072858
-7.144346718707519 6.0378793215696085
-6.137332925011123 -0.21874816552218057
-8.690114533757928 -4.734379764721737
5.376899732082784 -4.72916022780902
-4.977409798330776 0.47025760659690974
-2.7319877917378115 8.346543040822663
4.351051165837632 -8.323789071441647
-9.489030919927291 1.5430543886867198
-0.7350411288160092 6.356316198825883
-4.538191056383896 -8.823782156132063
1.0390929026195224 -2.2661661130180537
-6.3833370887480445 -9.464449254867908
-4.1885958105661825 9.410317833471996
6.746893838444386 4.942822337740989
-8.550204920004422 6.412034893836356
-9.098756062605627 -1.6722379132379892
-6.880200239494016 -3.405355604128708
7.578344791149124 5.400676531590305
-2.8029196059057533 -7.781230417012502
-3.0289292384573034 -3.6477962772718904
-7.458274492982508 -2.579191612631373
-5.25787788839933 4.3860739197224135
-8.255564488843 9.108589109070476
-9.535186711072427 -7.628189750355093
-3.861385481297157 0.5585161313352849
6.362842442274751 -5.586517619399551
-6.912016982026412 -4.210877743715454
-7.465121521157048 -3.9403017967973586
8.408939901847134 -4.4877843841288385
-6.917651663916027 -0.0325315424065753
-4.776505865928606 7.1952411144425525
1.1199524979164366 2.2350855896919803
-0.2002106286492733 8.152103005389744
-5.547625915197991 5.610279877928171
2.271093296086482 2.4237229546243917
0.20411302341157622 4.932165801115326
-6.132573741976848 -6.008958119548941
8.722609826574036 -9.787210385626231
9.588855362130417 -3.9210223093405254
-0.5605109683393739 -3.871323267133711
5.392535839675061 -3.541600822925166
-1.895198546376717 7.042026517425903
-3.2762404520421367 -6.354465021606462
-1.1600869448463254 -9.383691003670972
-7.277696857239313 -3.7135583732833073
-2.5499183493385225 -5.236902911692145
-1.0979628545355062 -7.7536971179301855
-0.2828304773802941 0.511270428822364
-9.068459079079096 0.39500270665186576
2.194326469761849 -2.915515448277162
-3.985265198184811 -4.340594253220324
2.8891185976021045 8.75706790782694
0.08807098043103778 2.9295430048034117
7.355691158202969 9.939306702387533
6.4369864361115425 2.2597303466315495
-1.5492275752760207 4.904603904476787
0.8776215172055952 -0.4392173761352076
-2.1507815064534235 0.10987330008814666
-7.512015467879316 -0.22831183156677248
-1.602187357770262 -3.1367546690299264
2.418863005315277 8.335588009133232
-1.9584035848899077 -0.4575116521007807
-4.702026674794835 -7.338098213915199
9.301826442412377 6.67661448858054
3.604084825481504 5.496928233528653
7.902414740224778 -5.18895622285708
3.084460073689444 -6.202684014453839
8.258098950264923 -0.7745559724362998
-7.931720262257242 5.031731736653848
-2.6926823548410113 5.6962898217430435
9.47048551973215 5.155338919129388
-2.5170883036056217 -4.780378462978161
-0.7635763576343297 2.0798488955147736
2.4944129554399286 -3.895388024036073
-8.552688135050948 5.6436158453735
-0.6970573648151639 3.5700603957062143
-7.411522734112701 -0.6736765801915112
-9.02681659092774 -6.329493010740952
-8.744061838236261 6.78105436310797
1.1716990924229957 -4.217062691514606
9.396100888873399 -3.8913238258574285
6.550802233858551 1.5272797385984322
-3.0744194345899896 -5.460407282837007
8.044494710416533 7.447345958839225
2.9583012192630047 3.8477941712021106
-8.74611703583085 6.937263371979171
-7.767681644800623 7.821507613123334
-6.173780757062229 -8.38639940345046
4.5299632304617905 4.314890362540924
-8.461458303527067 3.8003048497585663
0.6397708634232799 1.7719064434268734
1.3774109474053269 9.308750559341824
-8.247282796528836 -0.7002559271180608
6.697286651915878 5.417855730060349
2.4659624345740756 6.182946920470048
-3.3325807729005774 -9.600861588547136
-2.0571388020675307 6.4265179260493746
-9.171292593248172 -4.035429821845717
-2.8898254108339927 -2.6444785517748652
1.4718382773683878 6.23529662706774
-9.506467904916482 -4.3729164919560155
2.5662728621268975 7.0454183436446804
-5.734893258568354 2.168894175926807
-0.31899748545826156 7.951760423820666
4.526818538352796 0.40087047864294334
-9.834246894603709 -0.0023443811275729587
1.5944429776205595 -1.618507786534252
-8.486269756530355 -5.740620450882254
-3.5164349505267234 -3.8612933155620226
1.235698540392569 8.881332521114647
0.4444522252273675 3.5979413601213324
0.7515284051197071 3.3196066678892286
7.241768977475303 5.089051377251479
-3.9352138294912837 5.8229817072866314
7.9646980627017605 2.8543278806104215
3.3886278804494303 -1.0466958559031543
9.391259985194537 -7.642063310854919
-1.905624869808566 -8.950434975576705
4.3090434241382845 7.9222453956354215
-5.653873507929612 -2.454899215681399
4.110051447169303 -0.8341084798577452
-9.848892415352516 -0.6009194117916135
9.241929935755955 7.290820638526473
4.650308169144683 3.3087120337765974
-1.6979599058081352 -6.227745808917526
7.013211181935105 5.296728619067748
8.990384051714951 -5.548960972519108
0.0720241196451159 -6.485070879151538
-1.6339160059720559 -6.984768090425648
-1.693909241560906 5.48477379723243
-0.138679650868605 5.9726984316690235
-1.5059419540838999 0.218772031784912
-2.653628471445457 4.359829608145297
-8.093835886028799 -2.3975231061901425
-9.330861418025108 6.179976156754499
5.5395674752531825 6.116098788635693
-3.638057408195743 7.686455786649564
-7.733491793527188 3.2847321732296066
-1.0394664466799135 -1.627974452710383
-7.298547453282986 9.949721484291114
8.622385874036386 -2.77523127586994
1.8237585357127415 7.287718124267602
4.075201748407549 -3.804905903933431
-0.9965638042882929 -2.095991781411792
0.1521107729689568 0.7520011801512183
8.552402627101635 6.5456205512471755
-3.178644788175877 -5.850135755535155
-1.8992290435756836 -9.587023262937286
-2.0231097914256395 -8.184061200510293
-1.9656445091694525 -8.788196139866663
6.249839338356509 5.264678015165103
1.125340918389286 4.90905403511144
6.950113683306249 -8.350039171916343
-1.7163113819146592 -2.6665218988270016
4.239420461464743 -3.9882740357524327
6.380991231497276 -4.757223828941591
9.27233383648353 5.8101459143421526
1.7314878496841306 9.051881248516082
-8.14921701083145 -1.5457728693268642
-6.0682889534506 -6.005057089306485
-2.1514814993172333 -7.849761022734551
-2.3689712804111434 3.569312894438749
5.110805745650497 6.767895599442841
-1.7255304083486713 -1.211912654116805
-0.567856483589928 0.5282236206515396
7.569085754461643 3.3392986014060284
7.607129892797904 -4.368050491545146
-3.580503354143434 -4.185228960881606
9.225048322444977 -5.226257325945134
-9.578353510493262 -5.525206541546139
-0.6208557721561831 -7.171726742622349
1.8310502580328087 -6.624292657291981
4.8040125027249765 5.12895631914664
7.3443100988491885 -7.315620351777115
7.58753742555275 0.6481696619852819
8.070934400628122 3.6831990905346537
-2.480146924821211 2.3787143619846027
8.53382023217652 3.2674973533918372
-9.257687539007396 -3.8005032373905223
0.8516296752119441 -4.744075305553288
-5.09478334286295 -0.17397852216004317
8.380402463445375 -2.5086097794804774
6.805521088784104 -6.652991047519066
7.271758767581581 -5.288266726126436
-5.02693065865218 -4.357429408938067
-3.6211037898504905 -8.943775882916485
-5.718265041164017 6.492262927647417
7.360839020953545 4.137305406005696
3.2946148812472593 8.055304091996526
4.659910590129503 0.9310593144842105
-6.8461309927865805 7.542751477182854
-3.2954489064902575 -6.385378621146762
4.5319317218519455 2.19789489366571
-4.900311825955354 -9.062714474149514
9.38844968378416 6.968278011777425
-1.466572932074273 2.5420196116502876
-8.77935381928654 2.0718002626505267
7.358844506454538 4.974146396820249
-3.2320876764396633 8.57096133356421
4.175473233567065 -1.5259506808682026
-6.079026396168439 -4.847464739210099
2.551514653446322 -5.34578937672558
-1.926022201362338 -6.74023754698974
8.05549088299881 -1.294779530175692
-6.34284484969924 -7.119707860504379
3.6714389560065275 7.533825401477944
-6.675982441394828 -0.009429630146556178
2.8075696753737684 6.313434601096631
-3.0205740045254377 9.762900038844634
-7.422556724915783 -6.844045809989008
7.427116710321442 -2.7037833953224366
5.2166180481768 0.38108190447884205
-6.6240231421617635 1.3392142447523092
2.9945206883155446 -9.705819944525725
7.134407693027661 -1.4179932023516866
-4.140151830855396 0.24266901519994377
-1.537160330723541 9.61289458401055
8.566755309644012 -6.147049939236888
1.8045363285295082 0.6635202763623589
4.027655585315504 5.76097920343283
5.330736989905777 7.406402402088453
3.52183765160542 -0.7670269254406747
-9.842312227371991 -4.349885726513419
7.994330941316932 -3.253585719885863
-5.773933081054978 -7.244916263929213
-8.891509924552478 0.20032837715337415
-1.6747083186037752 -4.843362766927271
-4.575300225614695 -7.777291282957258
3.4074976996263615 9.7674662247777
-6.419143467584341 -3.898825696776534
-3.160029358820249 -0.07553715550125162
-2.0787866933728205 -5.903851294608231
1.7670812821300412 -9.640510175230725
-8.406246322246893 2.4948843310320274
-0.256388045548384 2.867533532442783
4.894464661693004 2.325142390853088
0.3170697635492843 8.501750192605964
4.747130347850796 0.15369224649444568
-4.211132107717532 1.2309855324759482
-6.560595829069962 -5.191558370637981
2.3091899796231274 -6.454162201632137
-9.4869119363772 -4.776484688746628
5.820579468267207 7.672897132901721
-9.622255661893327 6.0083972053030905
2.4769920585207927 6.627598377014479
8.479333367012813 -7.503717023906777
5.259868641977665 -1.607914513938919
4.07914222038765 8.457700098656439
6.820688944741505 3.878762291799207
8.296322882167726 6.162935418663967
2.4783205923092666 8.453648959171794
-6.9621402238402545 -7.586491426460884
4.948025368209725 2.283158283169385
-5.478865319105257 -0.902775789138099
-7.576584771389836 -8.501750775249432
9.938030760498208 1.195575488545657
-3.604893408241498 -1.0981813825987512
5.85012655577259 1.7909585601831157
1.0319281706172951 9.893911579890617
-4.683316801647872 -4.691373875804579
-4.591863250830666 -9.152745674216076
-4.055519843641299 1.1524674485758446
2.2666241104423435 1.5367790296296047
-0.6673685759825894 -0.7098346130636042
9.3038473493488 -6.073261548880584
-5.330981553058047 -9.955803629804462
9.15403510693886 -7.39555514253905
-2.811147356327277 -7.480605516824072
8.046243638368903 -6.33270393536807
3.6409574332185652 -3.2541965742862367
2.5185111149897565 -0.1907655201140468
1.4517798330758005 -0.2941450340101106
-6.856040502876373 1.8305043402829426
0.8401609455418182 5.567413772814081
-1.8057140836993426 9.507835015768652
1.3077444626891506 -7.380169884032068
0.13408452212560462 5.3657664252992205
-7.408825398271861 6.860877244055519
-7.637933846237721 -2.0364164711171533
-9.985110137012104 0.8950669966854559
2.29170642607642 -8.703960786238545
8.61461254377479 -0.25073215944853544
7.486450668919165 3.7097726101494075
4.021908550084632 0.8167635734507162
3.385537611419407 7.347478603438606
-8.31401630176427 4.694806446398079
9.748106067016785 4.7801431870111415
0.799692898287379 1.57961869505983
8.036736413578282 -3.511567529263637
5.905893705459368 9.29867384606737
-5.914790594330366 2.4733130308648743
-2.2049838071143117 -0.8557827655834913
-0.4945250152633225 -5.400710722542145
-8.27977886153903 5.202005281513262
2.706322640606217 -2.536517657681343
-5.907418758081442 9.862363724605252
8.197113393233344 -1.7287570941063457
-5.4538572528640366 6.034455311190008
-0.5782435874256286 -3.5380653655176815
2.708152602706546 4.475001089521356
0.4020817117556952 -7.149631498951012
4.606295937346157 1.5065902387569992
-2.5958665914377255 -3.250131484664596
6.905787981599033 4.401076499251815
-1.8389195580559488 1.7947415072162016
-8.732191734402225 8.212764662280744
0.6243601448201161 2.404801402502777
9.661487988338127 -5.3664283236843
-4.287517043976186 -2.2230018355681374
9.208595222067444 5.3189882313243775
-7.140871397688702 -1.8202208471229433
5.239660743031758 -5.183165793871886
6.043085849986099 -8.887304143657973
-6.864440150249873 8.23495907823164
1.264945324616658 -7.0992498504663715
2.5097909459885557 -9.682383116101272
-0.7005651546040816 -0.26223543561149754
-6.280548131410897 1.9431611757825387
1.5012246509460052 -4.97606961443055
-1.4190024027800305 1.24825223286458
-2.8477376706522346 1.671932886212577
-7.446860731413785 4.005049353421812
4.0325286986170426 -1.0113349086253152
6.550731697157744 5.984503625116314
-3.6874015827263262 -3.947771970201077
-0.6948892830489761 0.4928254181175813
1.0345316075868105 9.444790388261541
8.195210232041092 -5.045924237410649
-4.2715843293641065 -4.440548132533837
-6.171881826831407 4.902094101432786
3.272404368104464 8.381167926338353
-6.1565427407843405 -2.194648453367389
-5.567651535892373 -9.100414921828587
6.084145014274995 -7.151185149552754
0.35509001072223967 4.881287334522886
-7.512161780318303 -8.800830486655668
-5.021483762408085 -8.044487323271587
-6.8905959935571826 4.891184236825758
-8.2668372442207 5.62689329981078
5.193598929954888 1.5396664494177088
0.2781514103317111 -6.354160139369789
2.3567764327764333 6.515398439591227
-9.904423719305742 -6.543762371669713
7.2651046056335105 -8.594017359866577
-7.763726979111791 9.552595781742347
-4.2587656038846315 -4.824569064345456
-2.829899095963288 -7.397824659870354
-0.8171162061969284 8.903684155532666
-9.92903954223457 4.4591312670973124
6.185258276453702 0.19098580861971648
-6.931381084760679 3.4564059604486275
8.934038521746317 5.197241770477262
1.6758059795404083 8.822229303645372
-5.076499081333599 0.6493662796057471
-9.59612579787706 -2.6882472228079095
-1.8867452487310246 -7.048881766203041
8.585609334675599 -0.8642354976420492
-9.229099214108567 5.551933623695987
-2.0317048458602365 1.8801400964936281
-5.3947100259206815 0.014835972876126036
2.885759523335544 5.0875230998056225
-3.043123081387402 2.4763510938229434
-7.890964518475965 -3.932157162769805
-3.0604309366096194 -7.903829351626193
-8.04536625729183 2.4005244886703476
-9.258789713224404 -4.800275784552694
-3.5718891998655167 3.333253797023046
4.392393336752988 -7.2268007666379415
-2.622263980494819 -0.15401871231778763
-4.768358632704272 0.9778256543277823
3.132977822039445 -7.379608385656093
-1.2094448434167369 7.272180008933368
-0.0037656930639222708 -3.1287871269189544
1.1486827261518862 5.233543410461163
-8.185660640072328 6.843939532666528
-1.2208012605831335 4.173096197012747
4.34614285202165 0.6723021030272847
-3.8376695643952115 -9.852067418297084
-6.717175655828869 -7.736453244989878
-1.988318821254719 9.499404710753502
5.4157029907797885 2.445521453542943
-0.017268061954904823 -7.099180873872514
-4.8220867264428176 -8.938820608541933
2.082892499197648 -1.3196087026155503
-0.5829671116771493 -3.8557660490902297
4.869985318764714 6.635357318942948
7.7852573945149 -9.9205613112915
3.2230426737846507 1.1194953984959426
2.6246862267014652 9.334793955115487
7.318409716804293 -3.4418595563187875
5.2442478204827285 2.4178928102375288
3.970055224726723 7.527157888528841
-3.3837980982814724 -9.795782610667452
8.192080521455924 6.191274863423605
4.152795356500372 7.912679057872417
-3.6232034173011174 0.3201068710123689
8.529019423746867 -6.055706061349852
-0.3422618156884756 -2.096881671874118
-4.996188716549492 -7.735053371429126
-9.49003580673224 -3.433901643234327
9.154852237593794 5.907342737073673
5.90504434460798 9.09028029227008
1.8172398582787714 9.151998240600221
-2.1003315618823715 5.616017181393564
-4.33732743944333 -8.747997477996353
8.261010744507999 -5.144116642880723
3.1527814370812006 7.884371525006625
-7.0132527075737805 -3.2229686667682067
-8.554743649064626 -0.5091455709249502
-9.403093936780822 6.617724291416788
-2.959364514675631 3.561555273905304
-1.8113991469749706 2.212319493951444
0.7719933319243957 0.7174721448589789
8.2263571327439 9.5442861250262
1.4818385996295476 2.672750584234647
-6.943360392853393 7.303741039688251
-0.3711324776519227 -6.214517003926594
-3.656279698780141 -7.9729407841698645
6.941690704859557 0.2733279126213244
4.935416560389962 -9.343388395985876
-9.837987880050624 -1.1080363400251176
-3.8982967118899463 -8.592466104005593
9.38748361054709 -6.434717004519575
-0.1102147725347784 -0.09440037841943294
-6.641698246744214 -0.1528453738353619
5.742606635744 -3.0268371965036316
-2.538049511547136 9.596289894238481
6.545424404201796 -3.769750802423397
-5.689567170564221 -2.0619881832681486
-9.010460914620984 -6.618554559638142
0.5005431056992755 -2.818076337707163
-0.667623261329771 -7.2999080794256415
7.722077684336966 1.283829828448873
-8.991285997259734 -8.36825678576811
0.8461612555046933 4.717045961798929
-1.925384317213938 -0.888068798347776
3.024093223485142 0.823523280550134
6.05980785206652 -5.124235307879599
-7.769099104330284 -9.197024491604802
-4.032845788184655 6.243983157756173
7.717252232434742 8.143252675253724
1.9059838750414286 -8.157381711468876
9.791658338758495 6.013352233622086
-8.708812870301692 -0.4782856654516454
7.657913661720254 -5.369604918038702
-2.6347515702237594 5.568518389796889
-1.6166035084461399 -2.771466337927424
-4.846446558021356 8.583648695862205
3.9937325252093974 -8.862127174381488
-2.014631900488075 -1.5410113156494347
-8.877079175618302 5.30153898672469
-9.485213378471558 -6.53927798461118
4.090475110709036 -5.941154906874364
-5.961523950240835 2.004956723398921
6.10408780056871 -1.1105957526026309
7.259156857506152 -7.974262693154326
9.646085393434134 9.798178733107651
0.40931988559526644 6.22931175060949
7.902191898443796 7.964139337241562
-2.792581429259333 -2.368969578093325
-7.748478217021237 -4.796042328495478
7.2475111967323755 4.870213571586348
3.9880364520901157 -6.815162357579663
-0.9524987771518045 -3.511780539098983
-0.051657082760261375 -8.97596878870752
3.6480275220302634 5.089318271020652
5.6180540615536 -9.117731076456403
1.4150115311812996 8.321521751860065
2.1554524166294424 -7.850531698163801
-8.692635641461413 -9.377180028700279
-3.7537417580595474 7.704447275023028
8.030905298539771 -6.611455578108229
-4.3909410995594484 -5.136084256525118
6.005297820891755 6.176617804845748
-1.8774465800185105 -6.157788777129634
7.568178728554987 9.496085568816724
8.013474690113252 -9.001818685164423
5.242407318169004 -7.12512323836346
7.991603674752547 1.6443508565964677
-1.1992432094490795 -3.7032995261101735
7.524373963208539 4.511134753871806
-9.01597578616639 -3.7712982245076816
-3.1310354879696334 5.603672056805756
-3.423778978724603 -5.929068129712398
-3.8097844119903668 -1.0523903492171272
-5.438899264237628 0.7736857259867449
-1.7830039745269843 -8.934527124899144
7.478487162224209 5.382190887672099
-9.363796375695603 -5.538998681619647
-2.376868358991741 5.718895230439468
1.2200436418762113 7.89741342431784
5.8483791366692195 -5.492119635586223
9.915978984476684 5.281979873564493
7.26236866865813 2.9946001550547656
8.838871923019372 8.891930612870091
-6.441743134616793 7.191756744913949
-2.261682248980277 -4.477045879874588
1.9895971892535265 8.590169436591328
3.9309660255190533 -0.7510507731137928
1.9456349207856594 5.06563356645511
-9.8674292369921 8.779660975617311
0.267068017345478 -2.903509393313657
-3.2694333401002496 8.961000179173059
-6.03389713857756 -6.876096640421851
-9.092462592682173 -1.7850424537578196
3.3818575022461026 6.392704961578293
6.482892505734203 -9.078083027768958
8.905006775125365 -9.287879603484132
-1.6918029560309478 7.015015971448694
-0.588573778164875 -1.6268821016012431
0.4428232161585903 7.041630184110399
3.5352207746111493 8.950887333789169
4.888799894973637 3.470558662828342
3.0913554543232564 4.678643603482882
-3.4309461170419535 6.324377897992267
-4.861095884632141 1.7847507986969866
-5.685656909837109 -9.413754342202713
1.305132805391196 9.58238220555273
-1.813881339703972 5.04730544946324
5.794607660017853 7.676773087200409
-8.814393147473805 -7.398051920683955
-8.642525746084944 1.356167560745508
8.57989503652551 -6.816609222342649
2.481018284482989 -9.020200038975796
1.7887458234904976 5.949098932698515
-2.795101560526203 -6.675948396498168
-0.23770250072976573 0.853230702989709
5.736918245939094 -9.220878833362665
7.128044261595438 -0.1660841116596572
-4.028671987127009 -6.525949658112166
-6.473122803385549 -8.802262551597702
-1.6233099483899025 1.1875841110590528
-4.827644812160326 2.569753933428686
-5.644466464166962 9.951831756548199
-5.496621167529487 -7.812382024398494
2.447955773530115 -4.752002872185437
-6.7876194218003905 8.782881700614936
9.37655619544045 8.072844032503937
-0.9317171141228329 -3.2175917052251197
0.8149319769762542 -2.4601937723458533
-3.076104954126948 -4.836037694678641
2.4602149887409652 5.351892552689481
-0.8296039429069744 7.670557241108636
8.150935905628138 -2.8040232135299537
-6.14638751530908 5.338343682388366
4.033468446498517 3.3165230263122147
3.874464685674914 7.666286575969924
4.219902366435377 2.8148953499760943
8.628614975678559 7.231554888937634
7.068706540246211 -6.152472514785227
7.15015512159232 5.496226750707592
2.843334727916835 8.026022630653678
6.981972079963516 1.0688374029145855
-9.041093850652262 7.504310305649149
5.184078460015831 -1.1136591228936226
-2.898594810170154 5.29697577263396
3.49167297836102 3.8256119971433673
0.9018031930548158 -5.257888184406543
6.88227455869032 -7.320694957235823
-9.109089617128118 9.37662331165835
8.569921951237934 6.642107322348153
8.02971406503644 -3.2256646840754506
0.11675601709644035 0.09827588582868074
9.809388300617194 5.852998986763151
1.374162647944278 -8.437224263712642
1.850542215621246 -1.3950281305727241
-6.4116458988784615 -9.802558875646614
-6.288419217883467 5.057076635548841
-2.8512956035827175 -8.556970804159702
-9.599803472705497 6.340491563291337
2.282937878288891 7.936153819756132
6.417679502293513 7.146586512768515
3.419323056129489 -2.752622457518335
2.1755039564569145 -8.81330831284657
-5.765097209788133 -2.438792326624304
7.54574889009351 6.4504478428601
1.799078656246273 2.1005073463011605
5.206641393994097 0.7238720322686589
0.5537086931480157 9.585380191740285
3.594299388071045 -9.225041926710269
0.07813985743633722 -9.461920624438402
-6.94789362502676 -4.633273461864289
1.604610799177884 -7.471116158787192
-2.523725071856761 -5.622895980046492
5.626428258312959 -1.60513243702448
2.479444957154943 4.107399384854613
8.171666268906467 7.232482106585
6.1777440204555845 -6.095750914636322
9.87247617979357 -3.297513021263807
-6.47414469554427 -0.638902708546432
-7.677438606733789 -7.976516312359032
-0.28693327256037016 3.533067971290535
5.651277967628346 -8.167867498916227
-6.190691912965713 8.001702831686643
0.7733936960985428 5.250538426643468
4.704208868347353 -6.992842534174186
8.742677623452469 0.06110836933759245
-5.708997896991226 3.9140344467056565
9.11715007537956 -4.455713021977723
-4.91543210138488 -3.5248237964032665
-8.487612410236258 7.59119587185949
-7.197456531850525 -8.030106809948535
-6.063949645154684 -0.4536909195169123
7.445155241844109 -1.3454844387029947
-5.170068772031609 7.330022601969382
5.481384326244701 0.9717273764721508
-0.8307621177340696 -2.0554004558302026
-8.937411778082172 -7.66501818859777
-7.540148280587369 -1.3524282846617997
9.364333995260875 -3.8069410655911673
1.335119449296787 2.6641245885339693
-6.483000361862519 -2.516730007714301
7.515274774369207 9.860249768367634
5.418987418986793 -0.7172012893893793
-2.1756980440158173 -2.8248030237614152
-1.5011396666185668 6.925666733121574
-6.325210315712264 -9.510211969810598
1.208479218579459 -3.501976075136339
1.7361167079721227 0.08896661737292177
-4.4413184496912965 -8.136633898501698
8.581447912140028 8.346647021312066
7.7841249771954395 7.236799514631517
-7.542697787654848 -2.677074779755218
-2.6188255111533305 -7.542170024006469
3.7842777971956654 8.230771364383617
0.09826883826438504 -7.294203399418846
-6.7907001863310406 -2.0949811867183543
5.503339789125759 -9.597879761619048
-3.9657969275381415 -1.2744730188299371
8.439722672759522 -8.379846897145622
0.05178732473414094 8.937735623541283
-1.9928246272082895 6.430843832764527
-7.634402055785681 -1.5044662421390225
5.990595066753574 -3.5620038784314056
9.829067701816545 6.496976924759284
-9.205974495304032 3.368461599042911
2.7456985516875534 5.003655578393483
-5.929671178169366 -8.277869254370515
-2.8735013012257333 -3.2435380678179815
-0.2566659017345678 4.537218863746496
7.260387882695344 -3.6779125661943857
-7.546219471551108 3.8648676083806155
3.1294075224007933 -4.901578836343338
-4.90486357881103 -5.806969731855951
4.005037111523393 6.042141643432263
-5.622500836252087 6.896291609650952
3.3805339074565204 -8.346366835304197
-1.1923947443341767 -5.76168888819462
0.26097763219360104 3.9215939137965847
-1.2851781839264582 -8.29808367254217
1.8807711023298808 9.749480038952314
-2.4914156999639285 4.008866566678444
0.34297220415755625 -6.232049737954213
-4.585463679453317 8.705479079088
2.8366674761208106 -5.973483530734911
5.189307545987546 -9.801739247900606
3.24417372500198 -2.892799229772038
5.778692498818717 -4.080436735110422
1.921549794169069 -7.643065173373369
-0.33176800257211525 9.936035594288931
-0.38691628790926025 -0.41305496295758104
7.359917662089774 -6.786565726263111
2.045873684177229 -1.4348527579266737
8.120407194862551 3.123532728757505
-6.739424310604846 1.7148170915057968
2.0919086334498544 6.061051345378512
-3.827373391188953 -3.551302030835986
3.8916387792204876 4.920725356578654
3.789440480641437 -5.600687631045938
8.52455185253693 -8.334341395253862
-6.976442729833048 -1.455366196001366
4.99737713084928 0.717475946137851
0.5096634534975877 6.746639841465367
-7.259518577936941 4.725423491486245
-4.3174139527941735 -0.13729808604801264
7.801433267725326 -8.331953882018446
1.141130944277048 9.90654270604417
8.885195415202695 -1.694402831712221
4.965091669649768 -0.31178098467607107
2.371865474925892 3.930708138269811
7.006485786150424 7.121865323880819
2.6145406715357833 1.8504983723978956
-8.23860097550606 7.6992278797322875
7.709292281378271 -2.4338721241181194
-3.980278295147757 3.590756270619128
0.5516546650671579 -3.683318884184099
-8.674266203047917 5.125515538163869
5.999901608882773 0.4344204044544213
-0.47854958224132105 8.265319738427529
-6.803485646774288 0.20408024137678993
-7.8287161841137 9.272887229045065
-8.600956056341735 -0.36878194593362323
8.995169758910293 -0.8970679730399738
0.3928690581871379 2.4696785858761565
2.186540936309491 -6.305784466264597
1.857126056741329 -3.203310012333551
-8.847442218801271 3.311943227400274
-9.552754652672279 -6.497278230087082
5.78809432381674 -3.0721798840996506
-9.029670208360187 5.624863959513712
0.15586015517296659 -6.890945544925902
3.80758073655333 7.449543118036772
1.3004123783780237 -0.9033741131584527
-3.2096494631871764 1.9507054279517622
2.084803895065912 -7.006415659267842
6.418785989635424 -6.376944259017014
8.240632305244475 -9.626974694999404
3.770303353633409 -8.996168829686251
-7.8646886765424995 2.415472702088291
-7.3695593307949725 -6.589142993555339
8.77198683816967 3.9561389178422353
4.117883173798795 -2.620964986317036
-3.3407395087643987 -4.476862115914799
-9.039457659149408 -4.7098889866566696
7.939168422209516 -0.20549110928026693
-1.1517780575309295 -6.207070801310712
-8.212593301700357 -0.2652522920324536
6.731356476113813 -9.10670322209545
0.17254940740343372 5.911194430611122
7.823190304037581 -1.3646195307391729
5.198922903520156 0.39405784446108605
-3.3615356986372085 0.5876574927334293
-7.338363573376608 1.0936294222716487
0.6837678205016413 4.022169250090501
8.596423469276985 -6.050105925065474
8.97757018791387 0.24060527442581048
4.551195163669961 6.738912580882879
-6.568531026140068 8.054487863368099
3.9743149255617602 -9.933464542490146
-4.246013803431296 -5.7730113606050715
6.329538570342358 1.8131215450909028
1.2718098431974152 8.816005778213412
2.935359605576327 -4.005392103009231
3.734009680918879 -7.006544873192164
6.3155110414712325 6.8030499890751415
3.039057368922899 4.883949396060224
9.630505232735924 -7.437701008682193
3.090521993720536 -6.547866427971048
1.66583162777955 -8.0400357128775
5.50032205415334 -5.733889941260859
1.5198085997261206 0.9798147679681115
1.3438566626656154 0.37270635937627183
0.3083178741103687 1.8564659149257796
-2.817192088494642 2.122065685272151
3.1055786739941187 -7.1412892634658975
-9.985108165287336 -4.738264974298634
-9.495595055606348 -2.4803997349441254
9.776077275829518 -6.672578617053677
3.9967916729685253 4.532184370952768
2.2602561230246536 6.139403312900406
-8.618674156786879 5.220124990326456
8.986932277401966 9.721400694821533
3.8311290982986215 -4.0163840274163825
-5.314326931715236 -7.2920566913237295
1.544108755601199 -5.007056937957266
3.810431166212787 2.833139456018687
4.304741278540103 -6.9433619893487535
-1.9901007415821486 -8.593923028507733
1.9489234211278976 3.6533394733092237
-7.754259090071283 -2.8348203007519857
-0.3344628488846624 3.2481320807989373
9.099569233744113 7.710741943736675
7.464936932671279 -6.705912998345167
6.897637774876156 -6.606936058623186
-5.179217901392834 -5.471816336990032
-1.4739860934812121 5.199720129463444
-1.722515410617195 1.109484458414169
-7.338101375485584 1.2880633225000242
9.975003599462337 -8.290788474582788
9.160262090283776 7.037322472586556
3.0143449783393947 1.2793842288851813
-2.6955775428890094 1.1484353200925508
-3.4094349739626733 -9.843858619135045
1.9113306242701604 4.605780175601797
7.665763588874523 -2.268756354382109
-8.577591543617713 8.29082167208681
-1.7186155028085288 1.9213438119187902
5.468525079709579 -8.230561391420679
0.0635712896722751 8.0657687970124
-2.062351611081561 -6.305236677068626
-7.873816974923171 4.594460463748629
-9.705668678632682 -0.06281746826328138
-2.2234203485760613 -0.26946941535834057
-1.9210238517198626 -7.033626356992919
-4.236891036287814 1.2906351936836522
0.05775232800693253 0.8806600461395888
-2.6507464126221425 7.360122899598082
2.9350883994783104 1.8336315189403418
-0.8177414432933201 -4.935199302473405
-9.646495403235152 -9.730589120448592
2.3455397987849373 -4.638216450181685
-1.918003381526523 9.887903819749788
4.685654318921914 -6.360614276939187
6.489694065698103 1.8756117445743126
5.957331438272018 -3.652786418585916
-6.805978155852603 9.19218835992405
-0.33162166717265507 -6.1630840582056585
5.95719727165924 -9.123612977591911
-0.4525550890169967 9.229126556646726
-9.555025247343325 -8.074625373561297
6.083747509562482 -0.15678279022378128
1.2009265371047295 -4.22139910173385
1.3887369013614208 5.201513848529281
-4.588312207126823 3.832721864052264
-5.813096490216507 -4.3293216849641
-0.5506265201668121 9.99301864199304
4.351079296772195 2.4639611404341633
-0.10826854573469191 3.6865082974773635
-7.336652622791668 -7.521900528403414
-3.11623793234234 -2.9217928986661263
2.6370999193465146 4.028521140400429
8.502810003545552 0.2586871593376987
5.22595076410899 4.93597251722367
8.63317591093163 -6.278163749895493
-4.756854009746618 3.5111176795622345
-5.850667602440403 0.09765903045356694
-9.75708608037256 -8.875430859677296
7.058994382065798 0.5554015791199944
0.3404766145872262 1.3953261827750385
6.057033421515278 9.437538877895516
-9.489924765813502 9.272713634173105
4.672213919443866 -6.099564524287276
2.0064771177079983 8.49992494669096
-0.4425260765998864 -8.126590195705258
-4.417629320940857 8.405101789351427
5.624241690958369 -4.118788076808666
8.704273642142898 -3.64287898017923
-3.322099949607072 -0.20631246853451657
2.214667514536819 9.94919286335697
8.686422312860518 1.7058715040486199
-5.74140992829747 -1.4942864654245298
3.5811666274206733 -5.202492330135568
-3.728595729244426 -3.7399379070782457
1.0754789374494305 7.557948633540924
7.636242393926345 4.087524232529223
0.7800357943599945 -3.3119483430968932
-1.5278679908441983 -0.4076414544030271
-0.717947946126694 -9.008735794648693
-8.446841694545306 -2.631550320216345
-0.1366923101575761 -6.21325215714208
-7.861074716271858 0.27150480051267145
8.639987173995568 -8.472058783361692
0.6939073324906335 -2.0866178826405886
3.5382126659372695 2.107350129608321
-8.880711465406893 7.985738100286092
2.224760805786943 5.741015593138961
3.5517265159643365 -2.435940907190963
-0.36801645616383105 -2.7840052470400316
-4.393999375522291 6.7771572599188055
-1.2481683923732128 -3.8896487512407063
7.272696826625836 2.9143076721017884
-4.411475450015798 8.438571290738995
-7.501635444134287 -5.072199740242955
0.8618337871943069 7.371421681975317
-8.34931109623521 4.843510651322012
-1.972176609881826 3.602511879893349
7.75540531714325 -1.785161073409025
-6.476026297043653 -4.864195116735013
-3.374750286684396 1.04310673158942
0.03311140037445881 -2.7185646080866483
-0.7311436599547889 -1.5894848150256617
9.302993464961432 -5.012468125070654
9.295689416204993 6.537293382195315
8.604578835276826 -3.6286330586617854
9.404483047354475 -2.891130584469841
4.840496237882814 -4.4418660967330155
-3.0639716265042205 -4.02484687703957
-1.8688559758095842 -5.742903013228807
-2.8639702712160364 4.8493462238923435
-7.109377745033654 8.575330397048539
-4.469824592087557 4.449745249567648
5.718486615203432 -8.137167419806321
8.755178559890474 6.69664116949302
-0.45370556323688405 0.13954501950016862
4.5007116397332325 -7.861399934945876
4.129736414851395 -5.987306305910975
9.554680827545134 -4.09709575512408
2.097990523367093 3.122814815047189
0.6443451122899209 -3.2607256292331943
-1.575821134062167 -6.370762854078469
0.9042762155946455 7.453153549249535
-6.49979145543325 3.369415306639274
-8.636566069472726 1.34057143749496
3.718353355715813 -7.78647636761137
0.25554257096789357 6.262280392802598
-3.45543206855611 0.9364706360143575
2.310907736882573 1.107403961292821
8.03879258459575 -8.943171184553634
1.2124599166095873 1.6464421630039094
1.0026402817133402 -9.78601699629194
4.955935374248163 -8.335035848735533
-8.820398572151884 7.838931668604914
2.897181829440731 6.759243900534983
2.9487728868098646 4.607406603537338
-6.7107734167158295 -1.9199446688678723
9.059796562873437 4.645717449421532
-4.135104205332338 -8.437011948894487
8.70616625146182 -0.22485751487479888
-9.528044222377588 -1.9944641861434054
2.881212897168332 6.957392389332814
-6.613173488779802 -1.4389268890206708
3.3573632562415696 2.6996434661221826
-2.8589151590687267 -5.613939108788584
-0.39090921934572087 9.668603655850912
0.19835239382829428 -0.18820422183331864
-6.33500951254339 -8.047483429543075
-8.133092751302621 -7.401384033297706
-9.920417241025831 3.8982372423869727
8.046476014986496 -2.9010540790436874
-5.620354493798267 7.677592148914304
2.67107882157328 1.754797588970007
-6.566738474143381 -7.826942311144038
-8.536830600273102 5.508634817528812
3.981497958814275 8.758706355393116
-8.217280958239268 0.09977900639424675
3.6158564841038725 -3.1041427561590957
5.658506158086759 -6.427744674480649
6.837088819865002 7.262922816173575
1.8621668168387906 3.3359315544438672
8.081063942882768 8.19610949015697
6.998442942085074 1.0576840512436476
-1.743356373308746 5.328230678858382
-1.6881383810550297 -7.218309095125488
1.7016246060813085 -8.732822196795691
-9.392302277244056 6.024997885583623
8.604981850303108 9.916797453168737
-0.3596612429057302 8.31699906779206
-4.373206585723219 8.612559011728543
8.667763156390965 -9.284609583331715
-1.6824285316431808 8.129171846510264
3.24262117715708 -7.7738484845178135
-4.7774636671757875 -2.620260133194967
6.35970173460278 -9.716331562529563
-0.8432225331211622 5.757228101827458
5.408829238429494 -3.9152626047602324
4.890805882200011 9.635025234774009
5.5407623326006 1.1203032771724981
1.261197208491243 -3.2588124766488598
-8.063828705590055 2.403339734982268
3.0759784731898154 -5.360112215819179
-2.4176928067309493 -4.004388564610146
9.390835317343395 -9.843422754576515
3.0349093665740074 3.1903159183340257
5.408932747740181 4.995307182303444
-1.3566506720962508 2.5429170034616675
0.40949183630499775 6.354408486712323
-0.548728199118802 2.5961420479564623
-1.1611481376714359 3.2019668431048025
6.948117463525449 0.9805998937180362
-0.9015206906720827 1.1895254398628818
-7.80135210080342 6.373047097482335
4.267471978436202 -0.8679173713447277
-0.49904613798699415 -2.2198508696659447
-3.8013771063254325 -0.09123281615605983
-1.7276848567749443 -1.547841343293225
2.721740193596231 -2.660138373754135
0.4147674241791304 7.321201447359613
2.1941011813896676 9.111192462932667
1.908364189412616 3.3905708989162253
-7.866335084712929 -6.544806975401054
-6.406490449961755 -9.509821873236383
1.030662370173987 -4.439910762983732
1.7875551896378852 -2.5289833674223576
1.579231253020252 6.013134884433363
-9.40632170289332 3.7197222582857137
8.190417778162004 5.445817786285048
4.447206841163439 -3.1379305672500006
-7.213368797274564 7.508767884079866
6.476096843904276 -6.732257821330803
-3.799121447703005 8.680754817932105
-6.73814631165353 7.632766638265295
6.245782730513913 1.4129547339135513
-2.2463939738818173 -7.225208210602004
6.9960907985046745 3.049536543275156
9.11198120916438 -5.701293259010216
7.9189566537202225 5.058612329938191
0.8780500649948415 -0.7235992737973831
-1.583925950384888 3.16468129461947
-1.3387737882889432 -2.119327007818619
5.743127401065287 3.850363113122036
1.4423070357354533 7.042956422102783
-9.20791843644272 -3.382365596601085
-7.454104462693294 8.397150067833199
-1.2676753316157274 5.54898675726781
-5.491383453371242 -3.342544286332652
8.80884126548694 -3.931583791447359
-8.726732863057439 -8.459051650821905
-9.696409364833634 5.837477830008224
-3.796235583349077 7.617756434257139
2.533419389911778 -5.3931264684633025
-3.6901221864664606 -4.783745816041538
-7.185840885396624 -5.432303281907878
-2.0788667756090202 8.353395940678944
-5.1206364912073425 2.398096098834813
-6.702915458824499 1.0735096766662515
5.1664276839879815 -2.4935180463899
9.425989857973356 -8.20884506713134
4.451560346668877 -4.804256224555063
3.5614619487345003 -4.300098154871572
-0.07952110239999577 -8.334002089050458
3.393592153602608 -3.0852563596504616
1.3639277231813 -0.4270264072479826
-4.940041486442992 5.049248467679458
5.26791635014991 -0.13048921549724923
-7.36715492793051 -2.9499780891828493
6.38295173652849 -3.857051768927189
5.360861964244151 4.926314147621461
-7.175239494378037 2.176645940745585
8.451290015987343 -3.1255713065719632
-4.344613775126131 3.021308996768946
7.17572342802281 5.169753351076762
-4.705489384035615 -7.378706927660552
-7.795049777688929 -0.8313999679409445
-3.797770456507883 9.057569620393174
-3.7939914421036853 -8.070238364935014
-2.895276311932462 -7.828632421076005
8.65960438893742 2.551340540957547
4.162299804256534 0.727249673506023
-1.5654495720774193 -2.80599117560806
0.48225280502198764 6.251749573392601
3.1889672286354838 9.893177923135454
-3.9246439171436602 5.876289644690129
-6.055340763015109 -7.930632045565266
-5.2966524823210985 -3.487119917240264
9.213970027913657 1.269936322825858
-6.801052398547858 -4.450740040557539
4.120727022025836 2.93287360503294
-4.997021396027539 -1.5615997659902092
5.986953288266266 3.9241539840250166
5.310034897415491 -6.639286362851841
9.790133690128343 -0.5846640486855907
-9.218264723085953 -9.809049276557204
-2.3328382404595294 -9.804748783754654
-0.542594969019845 -8.322310859908026
5.173637074041132 -1.896008414861436
-7.187314428374019 1.103018361343027
7.2239318381199595 -6.392525122242625
-7.644698666265477 -5.532371033107553
8.600199384481876 -5.2872588942115994
6.072838641018205 -9.330758627062494
3.9490505142915175 8.797900602639569
3.081848317059503 3.569713461886332
9.592919047734899 -9.309763358276438
-5.7321624782584575 -8.99453024823164
-3.7383334145096097 7.018632236385574
-8.797824490147658 7.661000773331111
6.573238373646085 5.597540746961172
-7.741683127477616 -1.2823232223407537
-1.9036153629197106 -3.007480006373693
-6.519279607517294 4.9074164296626925
-5.0225184862543255 1.9238190950559293
5.824244227198996 -5.611303428434415
6.5585318419536485 -4.750181816733017
4.943698315774105 -1.247637745260615
-6.7226570586293555 -3.3356660749626954
-9.676924799588944 0.7985018964561768
0.29291797575779377 4.37166592230078
-6.407061782385282 -6.19425860461752
-8.52759357340721 8.386484228966346
3.737681311191519 8.675382175979806
-9.57756308860234 0.041663039226948584
-6.8685952994679855 -4.352676275316531
-3.3512051269642873 3.716452717062289
1.0971937239931169 7.391318587105086
5.752397210583581 9.654300119312765
-1.2761490913673832 5.2078241988112275
-0.5087748311880329 -3.797084864524214
3.0528270928412393 2.76533451782322
3.536015258669 -0.5775320300392437
-5.8397506794966265 -1.8680927561775267
-7.77138455479127 1.4557214274662904
6.434088539273585 -4.831947769001741
-0.13729776747952904 -2.530561817750301
-3.421593402145704 0.3147925298605436
-2.867143643976629 -6.713739227389981
-9.246362645638138 -2.928418569266551
-1.9976269208661144 -6.488886079639848
8.28697600005173 -7.206610075259845
-9.356956829363554 7.654097129976293
2.7615797169265743 -5.0493803989762736
-5.533033652541858 4.189168340440668
1.6284405841692937 -8.168896109725557
3.860932251760655 -2.6021561414771144
1.408770250445837 -4.903147824597869
7.247511514421774 -9.69663844715222
1.3125429017052852 5.531690239745252
8.471651676820542 8.876467415424454
-1.9473833431078376 9.088502843606424
-6.032185232535269 -4.130255301787296
7.962371571346981 2.0581457889517534
3.640362899686121 1.6274063699891848
6.820481084444523 -0.05101196529905394
-3.15285901573038 9.038404938847219
5.184177438605291 -9.165014939637675
4.251117049791093 -7.008851014569566
9.558282674263019 -9.631851062843968
6.122669648786797 -2.7803739807304932
-9.559892011699452 -6.91131290291125
-0.13335622559053917 0.4879664870331002
-7.219419425117264 -5.122559416741361
1.1166389719629137 9.289853469486857
-4.452094757499747 3.3141966632406934
-6.30257177486941 3.6561126795538677
-1.7653924667002912 -7.070430481880154
-3.9438817138493354 9.714311246671453
-3.908038989886009 -5.175843990948779
5.07652860853274 6.636277481483393
-5.764599953011638 3.0450797517797774
-3.4691000412798445 1.7512379699559588
-1.2985911315272798 -2.0209056474233833
-3.525661521723311 2.6974087077881688
-2.479862635688386 -7.548966751605118
3.2528760504329384 6.271987704719535
-2.0810110278699945 -9.163508689734087
-8.576219896219852 6.314578382042406
-8.91780231041868 -3.765696101232539
8.570899836396386 -2.422640622314831
5.222197745966559 -8.77413501196254
2.360781914371783 -4.461191785397958
-0.2748594421295554 7.53362440136193
-0.1549667776165098 -0.4105303792911741
-7.332256468836384 9.98748033797408
-6.3968539490794925 0.5221503305987838
7.067296222684604 8.315481927612229
4.049884374436662 4.7592751077339575
-9.542888496015806 -5.933195989087052
2.8027507609772186 7.049253860372531
7.0962538101164725 0.29861510075601494
8.251008551905532 2.980750920156405
0.16171140785421656 -5.316065393231401
4.9506322734421015 -3.4035244194961827
-6.2896615078552 -2.2132592520538203
-7.7925219112380795 7.6629677872002055
3.796468687610888 4.666969531700236
-7.065834561003395 9.536938987117832
-0.5704663573954285 1.0487047534732685
8.743405323289405 0.5588324444151773
-1.294447636495983 -6.968995346987173
-1.4574442126968563 -1.3223037589072977
-7.465135865649939 0.8437695580251763
-0.11523486608832556 -4.808991939418313
0.06568533852753333 -4.791993013196942
6.109867667328576 5.9564226141251915
4.223037091863128 -1.3678930829485108
-6.688138020012042 -1.1172386997632255
6.380753861295776 3.255075695679679
5.597693756996671 -8.634933903154225
1.9473304371801738 3.9089195761201
-0.8461326261479503 7.62686598987019
8.010268271263165 -8.841752853546726
-7.694923613242251 3.707803996778413
-5.412945145798556 3.830721692256077
-2.6588136753384806 -0.08538669962907974
1.931826873863633 -2.166470758326053
-9.909007169783932 6.836625435243935
9.249414288071772 -8.722060231898041
-4.039182879380736 -2.6703347589633104
-8.057791348468662 2.064702952826325
5.505226112614935 -4.635007311406632
-2.4369274985530502 9.145453689000782
7.4890429163769845 9.921463196449828
2.0270953219056196 -2.0185134925885473
-5.5184541387516255 -6.61985317346913
-9.314080794563552 -0.8980551955569105
-9.303398212756836 -1.528442599108594
9.545432774447345 8.459656315512753
-8.200661653951254 5.995684574226647
4.351623376729748 -5.614517547059828
-1.7169528381470514 6.765614615284544
-1.9996771933889796 -5.852645287993489
-4.671038382252597 -7.698874236196083
-9.040292765852767 9.76118857715478
-3.999551992924413 7.5481856623759604
-4.124490307375095 -0.9301031953023973
0.6177606544418435 -8.12800970439053
-4.904690441342041 -6.496080274926019
9.006830623834876 0.5783329640994221
-1.1879643858828182 -8.973183681311497
-8.338589094032812 -0.9035229226884205
4.120352605241527 3.7364780450810535
7.885226433986453 -4.007606531349753
-6.084321232270367 1.862828555131749
3.3706951561279297 5.352526192116896
-4.646931112752988 8.452524565995247
-3.5830463361890015 -5.589366044442268
-4.358937615541773 9.883902901472108
3.2482186631948053 6.308963342079409
5.7823105879921854 5.312942013950895
8.012535477549953 3.4477463574815648
-4.251534380738149 5.453065823686787
-1.9220762163433491 -8.212990030570243
4.352979329921492 -1.8675155678288018
4.789010564807313 7.970731075666414
-8.97328399956671 1.0257128884189939
3.206152955934545 -9.832495411528638
4.068942665145299 2.7662941293661625
4.055447336172557 5.488669428318465
-1.7671405247323886 2.092793920565674
8.404270606047902 -2.3941395824124427
-7.921820455407316 2.779403665131353
4.534502060522666 -5.7176765914236105
8.49042638737863 2.5160883220071195
1.7741062780050694 -8.917554752057077
-6.540147075283793 -8.846713650873323
-1.1168864656607909 -5.85073306709472
-9.935234673524175 4.445964238501832
5.720285493422379 3.5910094132535377
0.22437235612285988 -2.500324829536444
5.639704860898387 -1.5696899307862324
-9.16287228178519 5.722025417418784
2.2053136747049678 -8.149130078040104
-4.499236203413921 -2.498883992854946
6.92887640807821 -9.960738172289638
7.441359181225234 1.4405601872644702
6.233959361689401 9.361445931906925
8.232170290491972 8.00887879951556
2.8750632224096115 6.592889352624983
2.908474201135391 9.76008796948227
-3.989442145336664 6.3104036772621726
-7.683057900137271 -9.870040398734957
6.10503594092641 8.801474461792655
-7.511482876669482 5.885457604506296
-9.356146580732666 0.08275711267852692
8.368968655044888 6.500648137477128
1.4858767610072512 -2.2367740273226433
2.5446516018816485 -8.82688243331009
-4.908745039675464 -7.176930120282245
-6.149057882578843 8.913491485126666
-9.648184275074165 -7.763943176668047
-0.2322978641448703 1.0124955288304793
-1.6131761255989332 -5.867633546887195
-5.004963527724334 -0.916316437236496
-4.291698112906513 -0.3677795675745621
-0.8750307820763918 1.4501359276854142
5.5556485104174325 5.434556166243452
0.33407082623649487 1.53455293685289
-7.5781537516700315 9.218573169187167
0.23940588808278562 5.770098502196024
-5.383604172555668 -7.23703262669003
-2.878442582380334 -7.22142194116792
-0.8292819359437775 8.902772892036957
-8.305863696599808 -6.268654250878138
-7.609463007849211 -0.9032241974930848
-0.9147058805432646 6.990401236240686
5.512652960888502 9.295681387829461
9.123577345640594 6.8877190562266435
-2.557076648940937 0.1097286901462251
-6.21551296252933 -5.39534029700476
-8.108489247943885 4.917510641659753
-2.1608803335571007 3.431666330667886
-6.574913102625546 9.32927985444515
-9.670540202157579 2.654922288558385
-6.389354054490262 3.7361576780358003
-3.733831306405115 -4.910799101316403
2.3587046929878923 3.693729411264856
-3.8246254166252953 4.914471450983722
-0.8894848945505007 8.037312184452666
3.8508142554723754 8.73756610930839
0.2255998207540557 5.7331515270097295
2.999021521161108 -1.427041427592135
9.536038485756109 0.7012828732691911
9.646464174419947 6.632530386050984
-5.772600158414997 0.23052304831597858
-7.178952630091057 4.830331717849994
0.6105868116959083 -0.6530061908667069
-6.776663787031067 7.743720379406291
4.5694295485272605 -7.200034064598359
4.820492934374787 -5.236459401552613
-0.9076124016389127 -4.517234247943607
-7.095651230269326 4.972110435239506
4.427244933431787 3.1528171295809884
6.28028841786352 3.097164182777963
9.999451798138068 8.719486980066982
9.121329234038264 -0.5573461826851869
8.474881333533531 6.704029748096122
-0.1189409487864328 7.234682095655835
3.81999317728161 -8.95817196579269
9.450625515549362 -7.8659287727168685
-9.875370678464828 -3.2595448690440865
-5.947019787612906 -2.5815187536325386
-4.594378406615968 9.109541531353237
-0.8869926363258287 6.41628116789234
-8.831436068593078 -1.8374172972401688
-1.1828177346886033 -1.0438891997640702
-5.676472346007982 -7.092847848490116
0.8598655795945689 3.9499511365240796
-0.16697650985538992 7.661317609724449
7.956109370293916 9.025886355158704
8.086677239914415 5.519424426881798
3.090838599162266 -5.018038571912933
-5.736033027604481 -6.498701675163594
9.062636792936644 -4.58652780194456
9.133826267601904 2.517707158848303
6.062323522601673 -5.16274733196838
4.649212080491987 -7.864005907906475
-7.830873263798095 -2.4368913902893707
3.7289138152179824 -5.665358048331095
-3.718346188914696 5.5397430164985995
0.6800019818566039 -8.249499118688044
3.0750341822821667 -0.1800604424674379
-7.675199785511271 0.12170713718433035
0.9199121605647704 4.949232206534566
-3.547588993337671 -5.7129362489539215
0.8127971221340822 8.578769984014812
9.781495125872112 8.173287371360608
6.457571529246561 -7.814513533355147
7.331397239906579 3.1778416933682774
-6.890881711967078 -5.679597001627603
4.890676513400887 7.51134498178725
1.869389056515205 1.782290023231976
-0.9331061083838037 -3.056870073673559
7.434767861662049 -1.8218520244349712
8.193976524396295 8.920264868412133
-9.170454120702928 7.455569833768674
-7.849487712507921 2.9463426468922105
8.426424313890422 4.947110826182273
-6.102668659777953 0.45445082394570235
-4.167983907740038 1.1469292875415942
-5.837727501178545 6.269949293195005
9.864691368619447 2.3859914845574064
-6.76010248683 -1.3065457478015574
0.5231535472441919 5.16615693555287
6.898434158407923 -0.12778777568474275
-3.361638184243003 0.7402992946012805
-8.289536455926147 6.5848084000201474
0.5444778692004153 -4.606691063229085
2.9493051609191934 -8.678720147434495
1.193680803258097 3.7375051194461797
8.984397555501623 -7.810865124616542
-5.501174390404573 -6.143811434535779
-8.947550173853411 0.8029622241949532
2.965675127871428 8.860011828703396
2.024844452506901 -3.536520326403303
-6.465064574973319 -6.357608962233929
-7.31942727872582 -6.308153864540127
0.39351672619536693 2.64563955678317
8.344800351440366 5.4962058028922645
-0.47405442339401915 6.519103082296386
-6.913817280317769 6.511600739603907
2.4860705346610743 -4.053183770423949
2.84964373976592 7.804677620239961
-9.439445241554319 1.6377920857645023
-3.4710396171513853 4.284167080088249
6.246567232237002 7.906390121506355
4.132518418853117 5.44060334819066
3.590188631573117 5.747501143095706
5.101132648866686 -9.60051168125402
2.281883856590845 -2.0457311803874445
5.9572202965906165 -0.759888747537449
2.1618675746117653 5.153888611771569
-5.993049045122625 0.6856920158397646
-5.693014636610972 -3.5751281150282566
-7.960324964859278 -6.554562596982247
-8.051748961895417 -0.5350411073490235
0.2534907245533464 -2.266773146153314
-2.744071900064773 -7.764414968066542
-0.6142523090782248 2.5109885436030766
8.54950425638226 -4.380067976361488
-8.223198126396007 9.189898877245149
2.735793213727982 -5.981702544186335
8.378855604542316 -5.700382221331173
-5.656315118187569 -2.220450444039141
7.045933581425427 2.4722132791507185
-3.172252139235095 -6.022595004746005
-8.299049172239801 5.305643439551009
-6.188676428298601 8.508823735583697
1.8461902022209635 7.830502732818317
0.07975032914122693 -9.558562544462493
-5.8844226933203885 5.424058059333287
-4.891763474943991 6.009328003034852
-7.318275755938228 3.2176189774087582
-8.992632703140458 4.6947300091364
2.227710433403713 -1.5414582592883335
-3.250112677185042 7.220333305808921
6.492962529716092 -8.976606072540264
-0.9762110243960116 -0.26252283579888314
9.6179940406472 -0.07300469404843923
-7.2222055697609555 -8.69960941734287
7.862765904791274 -9.402083853430907
2.735291900519581 1.2843952963015468
-1.3906567633211342 -5.735572675242173
6.627548465859569 -8.059666925593458
-7.706381183206705 -2.601396445629245
-3.1968493891999428 -2.7085755832687592
-8.492594218239267 -7.322051305556975
-8.179228111580024 9.938889127841502
-7.425156716863144 -2.477774170333962
8.968054967340034 -1.6086529591702003
4.333223002058837 3.741246308229444
1.3764297346538097 -8.159718816575868
9.648985048513744 5.007426933695383
-0.9224915728653098 -2.192631805301959
-1.5129794931240212 6.633522566533085
6.977942252088255 -0.27516053459833323
-5.2688576811662085 9.450754202015585
-0.8488768407489395 -4.17105970862826
4.439946526873687 6.6773173965621275
5.274072995457768 -8.173019001450243
-1.92101044944825 9.75545622907373
-2.2470742162226713 -1.2043886543134654
-5.036742896472612 4.969592976268784
6.313173229528516 3.4012613290844484
8.58234956426005 -7.2083481694713125
-2.312542505915909 -2.8706824639964923
-6.067621409433643 -4.716672893265878
7.253081396589568 -7.31901851251491
-5.4017851928249705 9.303805782293992
7.7224210666309006 1.5226412327534753
-0.3927991778757587 3.7886784251344316
-8.944537446794289 6.433090708383059
4.571106833154136 -8.075438431174305
-7.065091400082039 -1.869883225876281
4.775806561657813 -6.116652672473326
9.936119589314572 1.856279304673695
9.285916039733074 -5.740991062167932
1.0164911069456384 9.175829081624112
6.400857662728811 2.692721262276107
2.6382562943064585 -8.35553689996453
1.020979151888719 -7.121987033806976
8.635285836875983 -6.369787226139443
-5.814718093907936 6.375624479689449
3.2656284495431507 3.802678020012797
-9.912974780503204 -3.9894517376279515
-6.123138120103051 -4.120670311127633
9.005065136576096 -2.7674133161622594
1.8409908227416967 3.2037437533380757
6.446917338112534 -1.5087033209926233
6.0285468658667405 9.861494020437117
-2.0951955397039406 -9.597086087049863
2.0083773562627343 0.6617879052441982
-3.8164592270633246 -2.560398576256862
5.451997417332848 -1.7757460014756976
-2.848732583028106 9.899729915351326
-8.783293222353343 6.203805558435619
-0.2526733926531399 5.908515810917299
-0.1714190762871084 2.6663002584972
-6.451939023873683 8.027216885078538
-6.705111829569219 5.850202135970456
3.6691197609087354 8.157271045241231
-8.414543181554592 -0.0938801779463958
-0.8147916468701837 0.057865835392876264
-0.2695526841969915 -7.387411821461967
5.554401359814259 -9.483077143540896
-4.481700404166446 7.469893622510668
1.4475641144471396 8.96938502488199
-5.676149911972894 7.4860261576241065
8.239929311454677 -8.342749783954307
-7.550073121421561 9.68041336167651
4.591016318162513 -2.275913301552446
-1.3991632594119903 -4.560914883053091
3.1733340745913967 0.1078707018715992
-7.899980563841336 -4.243836850325606
4.678912530208111 5.7309826588691255
5.599756613864166 -0.5071332496080334
9.329324576576667 -5.762081547809615
-6.556958329333682 3.279101988630803
-0.30535054148789165 1.1091933580347941
-8.850072572042935 5.101585211585583
-3.355188823589719 6.951769818093226
3.256250206811952 -7.387436012770294
8.269203660182196 -4.049531257732715
7.071754671403763 -5.932465378175744
-8.703597737052483 -6.54370422684341
5.502393270825232 -3.671465806714007
-6.426144618708878 5.021771981582408
3.7642078096803573 -9.871261534757336
-7.950661508022754 -9.983040169212256
-2.606527490418065 8.69382247112177
-6.876364312213004 -1.0866828319903465
6.33944938903149 -4.071475482239713
-3.8868226569862507 3.994881337549579
-3.2629082228630306 -5.910962125921529
-1.6296740381668364 9.260705968313179
-8.124991462760203 5.064194427854405
6.1440415846683365 3.382710891334291
-3.9368196796091537 -1.0441526623789894
0.3069626539712651 -1.0954526427812201
9.641341767893056 0.6807893089579302
4.171872515326367 -4.029643027176098
8.522553824711004 1.503052145118069
4.83606272481946 2.268092302113196
3.7781923403650737 3.4636366608582243
2.9804373585914608 -2.7195523798227716
7.980742186792419 -6.185480315780872
5.480738941247605 -6.816003258255221
7.153007491869779 -4.321769057710403
-7.878753577677937 0.8770475749420577
4.616299608116963 -1.1515185518948634
-8.891234226792564 -9.7966866666917
3.121908955256842 9.384294900659288
0.3987087987225948 0.5328534877812086
9.66096659241018 7.5087470479553104
-5.433429220040875 -5.426079368259891
5.9299348843917965 -0.7330245732050944
2.1908744446833506 0.9594986911562646
1.7670360658754447 -3.261595667369046
6.0476390862220555 -8.476805062770378
1.472715542088297 -8.383298801012389
3.7620396135638963 1.2462514423071092
8.18865991331139 3.524958783816647
-2.072315971385894 1.9893365261833633
-1.8024028659877231 -4.350174351006933
-6.256461059086651 2.640968704573819
-7.869607519586288 4.0446240940713984
-9.745442029782135 7.596447414742784
-6.300284956294144 -5.69214643680694
-6.923464349036845 -8.07269750456933
-4.49509697000318 6.78886895282864
-7.468857796783624 -8.99973399090497
-2.1059615458742336 0.6482091470077123
-3.9461624477279518 -7.11447259921131
-9.757377847566733 -8.731454663243468
-8.005734577676831 -7.066469860558799
1.4290453197014692 -6.6289961462553855
-4.093439242893613 -8.43126942637192
7.897050084848367 7.870299341803889
9.046940696293802 4.221253886406597
-9.287752587649784 8.154524455101097
6.084850212790723 -4.655740722939665
5.369753487599869 7.155393083557037
8.783852644261515 5.260239988161013
2.483159441012914 2.0361672897822096
6.3662077870010165 8.438358289232749
-9.852833453813435 7.800665987476229
6.501440001736697 -3.3127603281755675
2.1636688423170476 -8.331621520542335
-7.185811800934074 -6.98910005359175
4.4256314141720345 6.398573703285475
-1.1294480851018776 -5.010998673355509
1.9432706822026553 4.638148977541324
4.914153692980625 -7.409984172874227
-1.5673182304717077 -6.949900547511156
2.0670827880553304 0.45741387157666935
5.488749171842786 -1.7154252278836761
6.026069996214638 7.601023752712113
-2.659242407508316 5.448504503168678
2.629867778374944 -8.348635167806693
-9.19518028677334 -7.319595527394354
2.976426737063802 -0.20932801495867182
2.768141075351984 -4.5078833460764915
-5.653502620978557 8.445205657473625
8.319355548081209 -8.873136295353852
4.077863364652279 6.925426895138802
-6.842732376471023 -7.221218327923489
-8.284239725668813 6.42462764696619
0.340727166353771 4.465796024240976
7.3800814132886075 6.168274889726433
4.353929249248047 1.354686597243532
-2.6306223530205797 8.187997836262547
2.9308051932268846 -7.7470051212904
-1.4693889391657589 -6.366954615593141
8.515115283287912 -7.325447593309948
8.87970701214163 7.767037692266783
5.518746291759296 -4.866921002558904
-5.856487616377255 -9.791486524760735
5.4580891336734325 1.1058064231418143
-0.7891600980607105 7.335646026000521
4.67726147586966 8.258291216068034
-7.125039825746475 6.866020835038366
2.4808091737802265 3.976172475654703
2.502499977970885 -3.004319893879128
1.3194147910036662 3.221763828961091
2.5407920848161307 -9.575539717005658
-2.263068586922225 -6.005974430836725
-1.907675880338605 3.266299747677021
-1.057094259717676 5.794994692117836
5.8110777003631515 -1.3106668424223393
5.731629138899972 -8.334229259207913
-2.503527121950997 6.985562558444016
-3.1681806219552815 4.627558863967071
-1.220492133971078 0.8522519958507413
-7.616779860877239 7.04496974083467
6.949455879513675 -6.544642754840777
-7.48404169920682 9.877193534007734
8.934280322115956 -2.514467369949978
-3.1889417467904835 -3.262663449502446
5.88964733250023 4.560691653464271
7.258467359367536 -8.78539284655166
-8.215680800529725 2.4325386255994648
-8.284502548044903 3.950901205989677
5.704000598286456 -0.7406305986585515
1.2996675976594858 -4.800159447607943
-0.04983445039040646 6.188519636736469
4.384544446366476 5.988041150769154
2.1227880538447863 5.884327238164088
2.621832396793886 3.2384743607519084
-6.90950057243324 0.14699830989330032
0.8231879708694141 3.463900382132511
8.382132476918056 1.5296390345726714
-1.101026221912484 -2.2127628415271268
-1.4512755463017548 3.1701823231107547
-5.48865514463267 -5.9634260152215735
-5.618620964184256 4.267360414844232
-3.4894157920764224 -0.2518566339424453
-9.911120251242442 -7.823143876404146
8.567639664088642 -4.542118396658847
-7.111412829299784 -9.959557320895389
3.2962394500827745 9.886462131704686
-2.6508347088177704 -5.55146715340843
-9.02727716375419 -4.506839814307117
0.35496929522741993 -8.242483915149672
3.777441952706628 4.562158237937812
9.966441984720745 -2.9990707214600176
5.550267367123105 -6.446242033606704
9.083255453423426 5.666888811302179
-9.124300681776763 9.594699541151133
-1.8784131084609346 -9.79739696266942
-4.0076619193943515 -1.3875313606341049
-6.052452635552516 6.241034898625632
-5.189184562163145 -3.5087451940929455
1.1936417890536397 3.6088000796307576
-2.6771813455520537 8.142409311857882
-7.050195237087243 5.05966217845746
-8.451139291679779 -3.0643532053676097
-2.9349750234232648 -5.93783331866347
-3.470702395789793 9.20188328450294
-9.26284057081957 -8.653307763309028
6.320308325297656 3.182650061914508
-4.038030987244188 -2.0143741585365564
-7.023581810667194 -4.97321208057172
-8.550127399888254 -3.0632574132080936
0.0015540407036862547 3.4318953673895223
-4.72766274109741 -0.3942257894989645
7.894991973844935 -8.992919960407303
-4.333527315182108 -5.279741697833069
2.665831122942171 -3.1569016456685333
8.617501145120357 7.859270561189049
-3.162925831807244 -6.106796509656249
3.1263106092763095 -4.223793105064935
3.607842180965065 -2.2081701653765418
5.2735630095794015 -5.124815944651175
-8.71398354001113 -0.6170971901641327
-6.945960469807533 -4.534093879094037
-6.101706915741669 7.1968236346086165
8.515102475567865 -6.726419101680985
2.746253085617976 -2.9078447795859237
-8.043250576744104 -1.446330959300635
-4.4171170453724855 -1.0793745271584818
-2.6245690095244223 0.7005986743457164
8.642362798908287 0.28889412839859396
-7.368684947666894 9.152235272222732
3.236977592483715 3.3449069575061294
-9.536168500028602 -1.9741899184197642
2.2393393783904614 1.443984131157146
8.071101902933616 -5.144289570626772
1.4257806025009128 9.264991890017477
8.679053067633337 1.2991670492170986
-3.2764774815020337 0.2834319235025369
-8.80177482755421 -1.385309647919442
-4.505324094841734 -9.342710657415417
1.6129666181738163 5.370027213271362
-4.5116136874480866 7.036983004216243
-8.60548766696656 -7.116732427209507
5.1381836069813165 6.157894642262967
7.946458347389051 -8.28810448793413
7.657491007802253 3.463700832392508
1.6990792603460925 -7.0978157771428485
6.450255493575142 9.363419949804303
8.341030552640202 -7.011868994424217
7.9529499707726 -3.5696948413035017
-2.2952595952540715 -3.605694624425942
3.6468513471675514 -4.767150150634693
6.983191895207533 4.613240462451964
3.5720009621028517 -2.960282520518332
-4.035388169391865 -7.154723250562691
-7.4566370676259925 -7.417594708252633
5.415962655249583 -2.9007992277066847
4.46726312321722 -5.988543084480855
-8.188452571911562 5.3418089944157785
-3.177590844824138 -8.809548898553146
5.570502202544681 1.0492822966074637
0.04702176784289591 -2.7207693948272667
2.403407868250806 -8.676790344107701
9.924245165513167 0.7191307669234028
3.7114644125946974 1.1597294413265935
-4.846198584786599 -5.845903368078846
-1.603164959986195 -2.955614633589258
7.018847814082271 0.9483870396808918
-8.887707055280774 -0.47604986668928717
-0.6840431831045564 -1.8400931136513403
-3.608852609424007 -8.376497727901679
-1.5393205002073493 7.614215489998585
-8.53433798120151 -7.850150882725282
-2.5157717410394076 -0.8967211335677554
8.967289095459751 -0.5944736274437457
1.8018369282981777 9.647880746162528
-3.1320044086144865 -8.152656732944227
-8.142977198976629 1.9626093106133347
-7.613314906395807 -9.120029878351428
-8.891917183792819 4.7651970418878555
6.842482522493455 3.26905052206617
-2.729730903573677 -9.946345472876516
-9.977264676078937 9.719206784727973
-5.037396482238837 -1.4324162260671596
5.03297279262684 -0.8164055467267701
4.9005272085422575 0.5027146642133857
6.896625432031794 -6.090630648924229
2.6786699771161437 0.599811042234446
4.096794295682413 -2.4612456112435233
-9.42777405526318 6.616853757176671
-2.790886217045186 -5.921981918874644
7.705774789372775 5.672831751439764
9.993397212567253 4.505646071425836
-5.406666640749336 -7.612030429899866
-2.843161860938192 2.8523184729158135
-7.615564383433872 -1.297558956693031
-2.757569265146758 -0.33326368412182994
-5.694000530068304 -1.2875875043273375
-6.797244775344193 5.928922349682033
-1.0594706131863028 -1.2723487749143239
-7.308732762849468 0.8807244995964361
-8.956897503043695 -6.19556989021572
-6.637222296391094 -0.306174193290067
6.889525969286929 6.058612180503143
2.5794223603264683 4.636279239584223
7.778565348686705 2.3540925508694865
-8.717141869306547 8.957869376270303
7.986866173223284 -3.538666982698853
9.422068142006626 -9.149158986681984
7.27743453276371 5.130246269937153
-3.5024203023344676 -2.8725921639995473
-1.2911406692645606 -6.242858371138851
-1.7576700412382706 -0.9194016170134347
-7.4374494025746944 5.19913867156329
0.6216266690724819 0.3378187135024824
5.344994771466432 8.520361381165646
-0.7739994803400023 8.07502796369127
4.183451313601335 -2.8512670374059246
5.94253422440241 -7.824649325983737
1.8109995945253452 7.2488694904388105
2.282499663790654 -3.322563676725558
-0.005325041428170252 8.654961380656477
-0.14491589056954268 -5.305519704829303
1.7003982236376416 -5.8750394287036345
-5.714078658565754 -2.622890565593787
-6.738197380450817 0.8092218017395467
3.336086069533888 3.4238976581607954
-8.466519678855517 0.1437485675061918
-5.28617551297544 8.015816600106977
2.436599983081722 3.35452339490287
5.585495355571394 -5.661255437565746
6.362663067520177 7.3564988408055
-4.962880124875026 -9.935041357667647
9.213010629392613 6.210530874610157
-0.08177885194766965 3.676613940873777
2.4218411627504395 1.6732123279689866
-9.195428726775287 6.4546211623721845
-7.958600949343664 -6.636600305396694
3.589787238955541 -2.6615940824330853
-8.111740028733891 4.025927180294531
4.445022832604881 -2.6717719319598876
-6.676393424853552 -8.602516181728689
5.3224278262556375 -4.27626264399451
5.699717533075701 -1.8846134239266163
4.08667629003865 -4.541769582390101
-4.9758988376235465 4.191014824990058
-3.295959855173205 -3.0470325446311985
4.5618316872283735 7.585914136460406
-1.5497951589614765 1.610359563905579
7.777608446130753 1.9264660585347357
-9.720089250694722 -2.041946596114763
-6.179508812112655 4.177524787383797
1.346170428802715 5.68812632870705
-0.3108388349618778 -2.1319442230135577
1.346531495849577 5.127243983373271
6.7638666741455395 4.094308105386581
2.9375367165718824 -9.109151504205332
3.705706642640523 -4.52870693627977
-3.7493264316429116 -0.45985185748454427
-1.9823372431750457 0.5051161242290281
-9.340097487469038 7.126818878051697
2.2240834472458726 1.4977478227912542
3.991751164015218 9.411262258630664
2.258270980238681 -4.925699828409515
-0.7412726349963421 4.1203444100594755
-5.57316474186631 6.293019757550976
-5.32034449468423 -4.130706888658022
7.793805420260384 7.688942850458226
-2.0558579523619125 1.1222847918464396
-1.0764324840749477 8.060673604387837
4.373865307311217 8.40118424027408
0.7430025686451067 8.052706873096025
-5.843738374294198 7.2754024122996555
-3.2832462213931146 -7.435007219269394
4.339629887997356 5.959257331061497
6.45467679250271 8.507801303949599
2.9941157586241083 0.14225585150014375
0.7732640047420567 0.3004628699898486
-6.1426513581786875 -6.091986304253567
-0.022096318046681773 2.083598526437683
9.885715548000583 -9.590974440596744
-0.4167689877245433 8.264315313257889
0.6461048536540215 -9.568014024727416
5.524640888562766 -4.981958684991086
7.402079096585098 3.800771156782085
5.58893643547464 9.141469254514504
1.7482325985797473 4.485094782156686
-5.472453874433805 -3.132900478864631
6.874792213298534 6.369743354602704
-4.650421809886581 -8.619375991045594
9.14404320842965 9.447490110711144
-1.6376591465341672 9.701010987562547
3.7447453125415535 -1.439142147415886
-8.834295206194136 2.920932195966648
-4.692283607007884 7.249405131494381
6.864771071651965 -7.81427910857833
-4.962366358378743 7.142064360798216
-0.5653345354906527 -6.139499252952643
7.456641109990709 8.918964081729062
-2.9595702164351483 -6.801166913914958
0.9538227591497801 -5.833763705323931
-8.157380170628162 -7.252195360195826
-4.44447476433332 8.069309870143229
0.5459703896501882 5.549548837728892
9.566982908694047 -5.2970769460090334
-2.6730987338729584 5.6658443863416075
-7.4894744857916296 -2.61841684298199
-3.3044855407421947 0.7246253715426771
2.6508116496923577 -5.66465405737137
6.598804687881778 -4.631156828825029
-4.520790467885238 4.115178684399206
3.4310099780078307 -1.16925297448892
1.0034661673241363 -7.681176614319563
9.201444635244165 6.714842410627973
4.72398215582688 9.802027504070129
-9.636222114992849 6.823466536072363
2.2637354791775195 3.728429648086715
-9.161716248907625 3.6727912027321725
8.816435303081299 3.1446557978762453
-1.1602842357679108 2.0991258628131337
-5.510250377097705 -5.48779318724721
-5.582563741729483 2.4832459852969144
8.034700265285007 5.055701451417452
5.342187544408505 -7.252441365036577
-3.0558253018142896 6.04983645986621
0.780495486827256 -9.02311513191413
-4.493880412404598 -5.1479822607302195
-2.285143356545662 -3.316677250006501
-9.458535833937926 -5.203968259548073
3.0171612611683756 -4.84953887137177
-2.28336380583281 4.9216141056870555
7.320817692771907 5.0157425404238705
0.8431738920510661 -7.383763077581791
6.319501443998906 8.651594007972545
9.759710301472964 -7.711958403329584
1.9626355986234323 2.6535319983910632
-0.04697100285174294 -8.690056474058956
9.657792862261832 6.839685670102025
4.951748248228348 8.972546864102537
-4.768121461045327 0.1330547718058046
6.92593370637843 2.5742072277572685
-2.6346462192188973 -1.7737734249603534
-8.92088407925928 -5.280037476937349
1.1518535290981564 7.950670494661466
7.6384306923836895 2.2726515640105642
-5.663213288636673 -4.129356308636152
7.092266039486976 -7.978653912203022
7.81793719292914 -1.537853330593446
9.942342919143563 -4.935540263018354
-1.1280932948168338 4.885176585523684
8.709351716956363 -9.899317083227803
-7.318862435564233 6.294360854155254
-0.03933390812051485 8.144329191555336
-6.315690827103698 -8.416197011260248
0.8185088116376384 5.349969748531976
9.927134869050196 -9.809130230236377
-6.7433899409079645 9.44993007036976
0.7877255707618431 -8.24550891357994
2.2769720501782196 -9.247160619714164
-2.8396324110923787 -3.815396869185294
-7.352651364503647 -4.640084243720124
-9.270276737444734 -1.352181641512935
-3.9022396447328394 1.6350427062783641
-0.06969707223752053 4.5113249685446615
-4.474408859782571 7.043166900250899
-6.86946302068381 -2.9697784912619536
3.222435479564279 3.277380689022351
-0.5368562141483544 5.308121550483381
-1.5388361731071942 -5.397070428297919
9.358494902457064 -2.053505450031496
8.016294251906125 -5.9673862997695615
-1.1651215242121555 -5.55279137353117
-6.573465893721712 -6.31329977552449
9.610303941616852 -3.784119893546107
-1.2320848082303755 4.65987452293559
9.351640744370474 7.891548147418824
7.6022977005984345 -3.4975104459757684
0.611383937094022 -7.400911554833261
1.20950182736658 8.645815643412863
-2.8135527945188388 -9.464218517101493
-4.176016415284636 -9.132609337767843
-6.193596607436682 -3.680728122105636
5.015723377669172 -8.480753396406167
-5.384768740659565 -4.277788592983924
-7.6453933271809245 -5.004720253620967
-5.734692610184422 8.587622386221057
-4.275807928955084 -6.85930598885413
7.8358365105455405 -6.607556988637608
9.199035103613973 -5.656029038092596
-3.240948237429995 8.228650827704982
9.630735166668803 4.242784187786723
0.09789499879460273 -8.38558563435194
9.002348482517132 3.964007978575202
4.037581073903379 -6.0541296904532445
-8.15083957775979 -4.9320984964169545
2.501743849561027 -3.6946754440715024
-7.095634484131546 1.0350754634263915
-8.479511676408485 -6.295385610199089
-8.955448859966475 0.22097247444870405
-1.192290229315498 -2.2330309169032603
-4.548155622628434 -8.739218267597412
4.211359120385627 -6.182584914578624
8.97916014039491 -8.870434723090987
2.3245841396750926 1.143556059885551
5.240904923285781 -7.643622749815419
9.782909799549497 7.802981192896848
-3.0783854862576687 -0.07459600111219444
-1.6291604127364838 -0.11765205320734928
5.854079160635795 9.194437054219804
-0.4194240204823547 9.458830694305568
-4.961613665495865 8.35500596079266
6.371113357289769 2.2832460007104203
-5.871341823029786 -9.288544984964439
-8.496482012973555 -7.906819475975708
9.370265453532454 -8.940600616075255
-7.990344849833426 -3.4889525045395136
-0.6857158395582168 1.1329932536711436
1.7537582377306506 9.57638099852727
-7.813513094091311 0.5036143614297366
7.94928408635236 -8.968161719958434
5.173299104807359 5.914214233631627
1.432803855841179 5.502203799496012
-8.528564166242186 -0.7365042222192546
-9.181268546943063 7.185043706802805
-3.1759998215828418 1.7626772189350266
-8.588962243360667 7.988309659752527
-0.9461160041896477 2.3169122480954663
4.789551153644387 2.5767443229688762
-2.937546625444833 -3.6415942307809495
-2.0181794039453056 -7.798545325694837
-7.971954430466683 0.7442033150588152
-5.3716564548938495 1.8043234198746703
-2.476254716707052 5.9522272993895715
-4.824530520438952 8.733501765630749
6.007621782066984 8.98835431910316
-7.515538837363227 -6.168672075195037
0.8390757010247754 -9.097734888723295
-9.929655316773234 -6.65830733523854
7.40485966196373 3.0087170766941043
9.04400727927612 5.94044254906666
-7.135930217432815 0.4839184259291045
-4.4325106525017555 5.8335576689592745
-0.3715785914952008 -8.514117825108684
-5.309243123888483 4.5385116423125655
8.923646864858608 8.652326587236434
-6.71666154870759 -6.37990427225366
2.204531405347801 -2.590117768433484
-0.3190467451650765 9.384444896413246
-4.050686510928232 -5.798655189070663
5.850064301441337 -1.1065400282724607
1.2148882869192583 -6.4565458791968355
-3.9284924003370802 -4.592422706952018
-0.34174945321759154 2.7122131835070835
5.485343914859364 -8.674551732870857
-3.3548179910757696 6.6670522283443
8.10543040435175 -7.685254937955057
-4.9252394842134954 -1.4055364731904199
-3.437767428457004 5.001357933512303
-2.742285067875512 0.6072727176031005
-4.045035864961955 5.468925306889824
-2.7040307135228936 -8.485039873168319
5.444110710517055 5.324901737892871
7.423543418191244 2.9275590703994894
-6.31803405383101 -2.1955693695599487
-4.943137122546306 9.516853419962466
8.509484794346317 1.5545907650246722
-9.29253893953349 -4.459419191578274
-4.207354103024363 -1.8202582629409996
-5.107189628924473 6.831585756264097
-4.68435554055143 3.243543631961991
6.252136353205305 -7.8619393616765105
-5.733908876149439 -7.121860474227306
-1.2208758757988072 5.397486825377133
-3.198055993349236 -0.9241166002927574
0.0077333865647037925 -7.506779793570364
5.234849960774596 2.7287830056451767
-6.485359875870569 -2.2820491527169544
5.96984201465871 6.800173311377897
0.7052951186535168 -7.93986489077467
5.740415652374956 -5.750391710300358
-3.7033168056730936 -3.1158642318822194
0.7316293164903076 -0.13404905244826892
4.690837466179094 2.556797657937766
2.9632282722743337 -9.385601232425794
-9.701852178737694 7.482606029511508
-6.781471879853813 -8.157175919807989
-1.8117511605736425 -2.536864116899724
2300
-5.546631804534727 2.0010573246203993
1.8782658733070239 -0.13962073766134786
-7.993452936641874 2.707574656316293
8.459132987839759 -8.874553887816589
-2.9871467883687552 -3.623174515914025
-7.312060033379337 7.300728408044648
4.568093299536049 9.300518733939768
4.213913165890288 1.744047414584477
0.290458751841955 2.5409611946253037
-7.926906885279459 -9.482300487565174
9.762600548249736 -6.861304200379892
-5.789492639157288 9.350080118006861
8.261783403358805 9.11538418342385
-1.8464867376941374 1.127055642070447
-1.3284661824326367 7.212712476987036
-1.5058576318570829 8.05464231343182
-9.702784710052342 -5.577302614816178
-3.949335218654923 -4.426997973004088
7.7536622755117435 -5.947782928796319
-7.44143799449668 -8.904684609069644
-9.031610467387829 -3.0579583592694526
0.4021171521975866 7.513794658348409
-9.785044909163831 -6.188922308099542
-7.764803045550113 6.885343278669648
-6.246792670550367 -1.362566653187276
1.2925017177807518 -4.784362004904765
0.10984853362433356 2.931087116643356
2.1049350966045424 0.29014106546387985
1.91832885983602 -6.1107914582415095
-7.221001445557604 -8.281513148801974
-7.3310880901837265 7.522492210061994
9.900197542627197 6.396487922339503
-8.295124997816224 -5.790399754350135
6.501414781046037 -1.1359443097994202
-5.6234715980315375 3.141608506761443
-0.4397689779703846 6.701200431866333
-0.06622243063970856 7.122162204329136
-9.776113611810512 6.517545303643992
1.5737398464169772 8.464600403131925
-9.335486689015033 4.617134775301929
3.336997890100159 4.755821529023445
8.824179723729568 -5.503733580802415
9.862270620171646 5.2987005294850835
-5.094170560623166 -9.029625826606857
-3.251113133180352 3.166501653229993
-2.970406981711415 -9.076537250598289
1.3952446897813058 2.2967134169337378
7.960334447593198 0.6973116769384458
-8.210650915232742 6.37408559224405
6.0902104079326165 9.534065483418509
8.473507956263028 3.370916844335481
-3.204891026907606 -8.526074477967967
-9.389835210465057 -5.707246694720835
-6.792664699933457 -8.208584763086982
-8.375316444856221 -2.4815960880409005
-4.5102574398322375 4.462060912067788
-7.0744467907705495 8.100054411481914
-6.4205490588713925 -8.729833634189784
-9.734530772957473 -3.6012188680938007
8.309580362053065 -9.612977987315718
8.86516163565577 -3.062592569449274
9.50185659852767 8.916571301548476
1.2380458302460884 -3.8498665907184364
-0.7589382627398233 7.199077057646292
2.7246734194105855 1.6254429874396248
-2.4058734244694735 -1.7247251776179056
-0.5674932842974716 0.3114524941073
3.138302128297756 -2.939692885937193
1.4538086098808805 9.933160623322067
-5.625837018222666 -0.8806484914082233
-4.7595406109713085 0.8851010234538865
-2.9416052271353132 9.116983720927667
1.3264358233512823 5.161415414804679
-1.5936788238957682 7.673930592235372
-0.38536095974638407 8.588835033647946
8.064160264973438 -2.3074926827397757
6.1385300070433075 -1.3451588334564342
-0.038897195369013815 8.651464861600367
-3.3067738131985998 3.544204801261685
-9.016583434864817 -3.399076936231083
4.230195516854954 -7.024327327727509
4.93212529306569 5.9476193017970616
2.707236137013931 -3.2436643135790177
5.400236925131258 -9.989287957460913
6.460450874122337 -2.8258919959925795
2.5514246130926654 -3.485805057828575
-3.2974610752656597 4.169559645140588
9.299094466421373 -4.538131398781433
-0.5275525400047893 -9.45879579671017
9.812166787164394 1.8069850590754672
-2.1689010409515586 -7.106488082335303
-7.536421441157803 -2.6339176382844487
6.287329707993312 0.8705401437669913
-6.354928699106754 -2.549018183425787
2.752015873865128 0.5221811258583902
-5.505558328312032 1.245372489095228
5.941285908970919 9.991808633844371
5.096956413399884 5.31335991957979
-9.90475393969195 -6.506134818431908
9.492341057442381 8.22097540846189
6.0127204428575425 9.781873116297955
-2.5174804329811096 -8.474783628420122
-1.719401775469274 1.3500953843133896
4.631350053816178 -5.981409710312566
9.595213641470835 0.6105310256056349
8.714557472146321 6.478365066360034
8.35341226603521 7.4572789215517155
9.188959463122114 -3.452084201255177
6.510737734547721 -4.427356858233629
7.6885156141173425 1.7202138289286601
-0.05250668627551924 1.0171274941014552
-2.992930841505843 2.01042928039006
-6.212645754769639 -4.013349865940943
-3.8644033998725558 4.113291655548421
5.686840707940862 -7.526582077523278
-7.337896335879231 1.3189222249839982
8.780506061233673 1.8181448026267084
-2.0477666789778564 -0.35089430056895665
4.384936230851032 8.929055887456222
-8.727363739910208 8.381200844699105
-8.195822285594485 2.064861799664964
3.616385999709795 0.6543235730503749
-7.932744142893147 6.62941080885437
-9.70305550954169 5.878836233440687
-4.113210078477092 -2.464929668535447
0.795577066441135 -3.96156233318629
-2.706777511257501 -6.16472803478074
-8.278630432194207 3.0089417866114765
-2.4770226013028456 9.002091146579158
8.071684103774 4.161280563088813
-9.464287849160328 8.587401525893789
7.139866744937969 2.3680900387042048
9.454996381095164 -0.7222202102856219
-8.987631546276118 6.142069587311639
0.3324942491468974 -6.081756401370983
-6.604462548735306 3.232329563250884
9.646817725553603 -7.540343681509398
2.6393812575965967 -5.544360712322853
-0.08296586339436018 4.56412326314717
-7.744507568804457 6.866534682688762
-4.050537518577486 -4.259752027488199
3.986618803046113 -2.190145564148298
-0.8381369971749848 -4.53045956003402
-3.9035198778477938 3.208989536666241
-5.294464387427398 8.064608241773165
5.483934873285882 -7.667882816316491
9.395361842605976 -6.272616189827245
7.11902111579904 -5.512862088756945
-4.416939238924917 5.523396947145878
-3.9506444867419717 6.217482377555122
-9.994602001195574 9.971425044445244
9.024777352625293 -9.525183525590162
-3.6315254312111778 -9.476666832700465
-3.463489960785293 7.144867692884482
-4.221384955047281 -2.8980156158907455
-5.742783663396542 6.529348080770781
3.2259385364027118 3.912406782179353
-4.29238954922954 -3.4719790418405783
-1.589015583471987 -8.686793804434833
4.764513790727802 -4.842191966039772
8.543999710664682 -5.586264929316247
-0.5625839487190483 1.2836279010852678
6.595618564779517 5.952696297719742
5.615421908190266 -8.70401635354175
-9.37704709375602 1.722241733685145
-5.904068971236991 9.364994767352563
-5.488331468308408 8.806319058745473
-9.189093729466887 9.180109979551602
9.239684580816593 -1.995017878957377
-2.4381893417738727 1.7596931416566761
6.184537729459404 -6.869259808325765
7.628186425955988 -8.530367317780712
-0.9385402435202987 7.070569666383815
-0.26292510663787994 -1.541802605834464
3.984265066422312 -5.597689766236941
-6.67391045621359 5.615835511987363
8.687537527390589 -3.7625565084581574
-3.0673729363293933 6.917376806720114
5.853433611274742 -0.7421467446105794
4.384996857318962 4.261855884582795
-9.375552385731602 -5.162227969670017
7.614349023537535 5.663352901093477
-9.499991239429598 -1.5433838894289167
1.2530687192327061 8.581678332128895
-7.228216229220266 9.907448144951395
-2.3150172663224904 2.801342764352148
7.532146338708202 1.9576108331354583
-6.496993521327379 -4.8067026660969265
5.6820725769453055 0.609481545857463
-9.909049941246327 -2.701038469005727
0.3061233413507516 0.8611449242485651
6.6360489283783295 1.83455049770531
7.32585569652538 -4.073375244236415
1.4765866581409899 -3.7268834162237496
-6.267099163052057 2.595757042871705
7.658701616943155 9.430290527476195
3.8727467297534783 5.750590391160992
-8.787857737039007 -0.23584965455117235
6.350713546869102 7.969945124078269
-7.956984846705726 3.6206476014177014
-6.037939277653377 -2.572379491328989
2.618555206867672 7.051718685227421
-5.02045395437877 0.9482854686806483
8.16324162772856 8.212766087766482
-1.1008562109826059 5.781172947131486
-7.423893649422673 8.37482559382196
2.639274395511018 -4.1753099014888235
0.7314192266843893 -6.723135812189549
2.157385323228997 9.187947455123624
4.5130854227325194 -1.7568471038685836
7.761452724784231 -2.517722784591152
7.126315892690197 6.773401830133107
2.8535342543405697 7.385340249103322
9.483994162594946 -3.844109614092619
0.2646253548590938 8.068945832981164
0.9166912549946886 0.16806167674247163
1.0476331011128543 -4.6642032248527565
-0.6769486054575786 2.1597100475120428
-5.225376310230743 3.9940452229108914
-2.3788200169411455 2.2222538805022385
-0.17693363016808838 7.734322695728078
-3.96887307324556 3.545987893592992
5.54211998706452 -6.639097823360727
-7.72807869461952 -1.4092379671764466
4.983658719172659 4.910493542802056
6.77358188104353 -5.522393139751225
-0.2434843682859409 6.092743006402348
-0.2543455050003889 -4.900820991403087
-1.3214567786636024 9.962239399454205
5.723481312267067 2.3977839340760134
-2.5038651513640886 -5.91582059737922
-3.5948773837134436 -2.2918390149381462
-2.177513688301051 -2.0025690980751847
9.960937747991352 -2.6227112721902746
-2.4681976019825864 -4.8303873482735415
2.7638664515412117 0.04582911696199332
-5.860715952274553 -7.262840938741912
-6.262142034942071 -7.349407503747594
-8.233696607853583 3.914386857004919
-6.991680390149861 1.221440993763398
1.9066436143228849 8.195555059987495
-2.0406327480336035 5.608657590848312
-2.2071676558644864 8.730410114150846
-9.715318634285063 9.132980131775707
-1.5098735468277624 6.334039147195451
-5.219155599993648 -6.71070822385823
-1.5035213966588383 -2.473011883017609
8.600935149111852 1.0981981038732247
1.677884603950206 -0.47513896905577013
4.010502030140815 -7.030807431793371
9.947216587443226 0.7659291456422892
-9.83949577912933 1.985656441818799
4.157825637715165 5.699149633323666
-9.394537437395307 5.146574528793629
4.337923686800886 6.357394300188147
-3.1387098210685505 -0.5348786411861681
2.7122061678833713 -0.5302013160712722
-6.693082734834137 9.270381061421244
0.36084038924840733 -0.5533566871804716
-7.154810895297368 -7.197882712685589
1.6002406396738618 -1.2974596335975352
-6.363449628216502 9.799543099344149
-5.123128779458144 -9.003828742783025
9.605536251606498 -4.34360599800965
-5.028408991166855 2.5968561180107095
-2.1406309561606225 0.566970041964348
-9.047384431807936 1.265921869397701
2.32738903805493 7.783208688538551
-2.0487302029736316 -0.5117460557312885
4.398984448945571 -9.36847243204297
5.342443654972417 -1.4824935827221033
8.215234333639376 6.920823270165268
-1.4112802731024843 1.6625224459116854
-3.9050660299416258 -9.472088216467016
6.880048588478687 5.612871423565473
-0.9449564806148096 -5.016230004006951
7.89949362754728 -0.8197276697785298
6.808418921916541 4.968328158569729
-9.413054690145465 7.911665117654575
-4.619737661848051 2.0076578031575654
2.006746410848365 4.715748123128556
2.1829795306135775 -8.87998054297675
2.5918963348043516 -3.263588709009264
8.532899018986729 -1.0329460446043761
4.062346330025331 -3.442858086157856
5.5187595304400645 9.296980469337274
6.976460331742949 -1.8846861476338503
7.868933193999585 3.777828686451805
-9.440790808986169 4.337736109372354
-5.426549724252641 7.1978183395513575
8.500354381193198 -7.129620156923819
-6.092061981737462 -0.15490160317613366
9.326551757224006 9.463365661168737
-1.8125984223965972 6.498884090422234
4.646694807035292 1.6611805536622057
-4.114332132790435 1.6910013632004244
-4.335875454180371 -7.702699528402139
-2.053647089457167 -9.114831471944363
2.6660850936765037 -0.3282102296755003
-9.025085720180059 5.7152636592120984
-4.180694748510692 -1.6018667228959327
2.5957169310674892 -3.895438900479702
1.1822925329241034 -9.254106151072858
-7.144346718707519 6.0378793215696085
-6.137332925011123 -0.21874816552218057
-8.690114533757928 -4.734379764721737
5.376899732082784 -4.72916022780902
-4.977409798330776 0.47025760659690974
-2.7319877917378115 8.346543040822663
4.351051165837632 -8.323789071441647
-9.489030919927291 1.5430543886867198
-0.7350411288160092 6.356316198825883
-4.538191056383896 -8.823782156132063
1.0390929026195224 -2.2661661130180537
-6.3833370887480445 -9.464449254867908
-4.1885958105661825 9.410317833471996
6.746893838444386 4.942822337740989
-8.550204920004422 6.412034893836356
-9.098756062605627 -1.6722379132379892
-6.880200239494016 -3.405355604128708
7.578344791149124 5.400676531590305
-2.8029196059057533 -7.781230417012502
-3.0289292384573034 -3.6477962772718904
-7.458274492982508 -2.579191612631373
-5.25787788839933 4.3860739197224135
-8.255564488843 9.108589109070476
-9.535186711072427 -7.628189750355093
-3.861385481297157 0.5585161313352849
6.362842442274751 -5.586517619399551
-6.912016982026412 -4.210877743715454
-7.465121521157048 -3.9403017967973586
8.408939901847134 -4.4877843841288385
-6.917651663916027 -0.0325315424065753
-4.776505865928606 7.1952411144425525
1.1199524979164366 2.2350855896919803
-0.2002106286492733 8.152103005389744
-5.547625915197991 5.610279877928171
2.271093296086482 2.4237229546243917
0.20411302341157622 4.932165801115326
-6.132573741976848 -6.008958119548941
8.722609826574036 -9.787210385626231
9.588855362130417 -3.9210223093405254
-0.5605109683393739 -3.871323267133711
5.392535839675061 -3.541600822925166
-1.895198546376717 7.042026517425903
-3.2762404520421367 -6.354465021606462
-1.1600869448463254 -9.383691003670972
-7.277696857239313 -3.7135583732833073
-2.5499183493385225 -5.236902911692145
-1.0979628545355062 -7.7536971179301855
-0.2828304773802941 0.511270428822364
-9.068459079079096 0.39500270665186576
2.194326469761849 -2.915515448277162
-3.985265198184811 -4.340594253220324
2.8891185976021045 8.75706790782694
0.08807098043103778 2.9295430048034117
7.355691158202969 9.939306702387533
6.4369864361115425 2.2597303466315495
-1.5492275752760207 4.904603904476787
0.8776215172055952 -0.4392173761352076
-2.1507815064534235 0.10987330008814666
-7.512015467879316 -0.22831183156677248
-1.602187357770262 -3.1367546690299264
2.418863005315277 8.335588009133232
-1.9584035848899077 -0.4575116521007807
-4.702026674794835 -7.338098213915199
9.301826442412377 6.67661448858054
3.604084825481504 5.496928233528653
7.902414740224778 -5.18895622285708
3.084460073689444 -6.202684014453839
8.258098950264923 -0.7745559724362998
-7.931720262257242 5.031731736653848
-2.6926823548410113 5.6962898217430435
9.47048551973215 5.155338919129388
-2.5170883036056217 -4.780378462978161
-0.7635763576343297 2.0798488955147736
2.4944129554399286 -3.895388024036073
-8.552688135050948 5.6436158453735
-0.6970573648151639 3.5700603957062143
-7.411522734112701 -0.6736765801915112
-9.02681659092774 -6.329493010740952
-8.744061838236261 6.78105436310797
1.1716990924229957 -4.217062691514606
9.396100888873399 -3.8913238258574285
6.550802233858551 1.5272797385984322
-3.0744194345899896 -5.460407282837007
8.044494710416533 7.447345958839225
2.9583012192630047 3.8477941712021106
-8.74611703583085 6.937263371979171
-7.767681644800623 7.821507613123334
-6.173780757062229 -8.38639940345046
4.5299632304617905 4.314890362540924
-8.461458303527067 3.8003048497585663
0.6397708634232799 1.7719064434268734
1.3774109474053269 9.308750559341824
-8.247282796528836 -0.7002559271180608
6.697286651915878 5.417855730060349
2.4659624345740756 6.182946920470048
-3.3325807729005774 -9.600861588547136
-2.0571388020675307 6.4265179260493746
-9.171292593248172 -4.035429821845717
-2.8898254108339927 -2.6444785517748652
1.4718382773683878 6.23529662706774
-9.506467904916482 -4.3729164919560155
2.5662728621268975 7.0454183436446804
-5.734893258568354 2.168894175926807
-0.31899748545826156 7.951760423820666
4.526818538352796 0.40087047864294334
-9.834246894603709 -0.0023443811275729587
1.5944429776205595 -1.618507786534252
-8.486269756530355 -5.740620450882254
-3.5164349505267234 -3.8612933155620226
1.235698540392569 8.881332521114647
0.4444522252273675 3.5979413601213324
0.7515284051197071 3.3196066678892286
7.241768977475303 5.089051377251479
-3.9352138294912837 5.8229817072866314
7.9646980627017605 2.8543278806104215
3.3886278804494303 -1.0466958559031543
9.391259985194537 -7.642063310854919
-1.905624869808566 -8.950434975576705
4.3090434241382845 7.9222453956354215
-5.653873507929612 -2.454899215681399
4.110051447169303 -0.8341084798577452
-9.848892415352516 -0.6009194117916135
9.241929935755955 7.290820638526473
4.650308169144683 3.3087120337765974
-1.6979599058081352 -6.227745808917526
7.013211181935105 5.296728619067748
8.990384051714951 -5.548960972519108
0.0720241196451159 -6.485070879151538
-1.6339160059720559 -6.984768090425648
-1.693909241560906 5.48477379723243
-0.138679650868605 5.9726984316690235
-1.5059419540838999 0.218772031784912
-2.653628471445457 4.359829608145297
-8.093835886028799 -2.3975231061901425
-9.330861418025108 6.179976156754499
5.5395674752531825 6.116098788635693
-3.638057408195743 7.686455786649564
-7.733491793527188 3.2847321732296066
-1.0394664466799135 -1.627974452710383
-7.298547453282986 9.949721484291114
8.622385874036386 -2.77523127586994
1.8237585357127415 7.287718124267602
4.075201748407549 -3.804905903933431
-0.9965638042882929 -2.095991781411792
0.1521107729689568 0.7520011801512183
8.552402627101635 6.5456205512471755
-3.178644788175877 -5.850135755535155
-1.8992290435756836 -9.587023262937286
-2.0231097914256395 -8.184061200510293
-1.9656445091694525 -8.788196139866663
6.249839338356509 5.264678015165103
1.125340918389286 4.90905403511144
6.950113683306249 -8.350039171916343
-1.7163113819146592 -2.6665218988270016
4.239420461464743 -3.9882740357524327
6.380991231497276 -4.757223828941591
9.27233383648353 5.8101459143421526
1.7314878496841306 9.051881248516082
-8.14921701083145 -1.5457728693268642
-6.0682889534506 -6.005057089306485
-2.1514814993172333 -7.849761022734551
-2.3689712804111434 3.569312894438749
5.110805745650497 6.767895599442841
-1.7255304083486713 -1.211912654116805
-0.567856483589928 0.5282236206515396
7.569085754461643 3.3392986014060284
7.607129892797904 -4.368050491545146
-3.580503354143434 -4.185228960881606
9.225048322444977 -5.226257325945134
-9.578353510493262 -5.525206541546139
-0.6208557721561831 -7.171726742622349
1.8310502580328087 -6.624292657291981
4.8040125027249765 5.12895631914664
7.3443100988491885 -7.315620351777115
7.58753742555275 0.6481696619852819
8.070934400628122 3.6831990905346537
-2.480146924821211 2.3787143619846027
8.53382023217652 3.2674973533918372
-9.257687539007396 -3.8005032373905223
0.8516296752119441 -4.744075305553288
-5.09478334286295 -0.17397852216004317
8.380402463445375 -2.5086097794804774
6.805521088784104 -6.652991047519066
7.271758767581581 -5.288266726126436
-5.02693065865218 -4.357429408938067
-3.6211037898504905 -8.943775882916485
-5.718265041164017 6.492262927647417
7.360839020953545 4.137305406005696
3.2946148812472593 8.055304091996526
4.659910590129503 0.9310593144842105
-6.8461309927865805 7.542751477182854
-3.2954489064902575 -6.385378621146762
4.5319317218519455 2.19789489366571
-4.900311825955354 -9.062714474149514
9.38844968378416 6.968278011777425
-1.466572932074273 2.5420196116502876
-8.77935381928654 2.0718002626505267
7.358844506454538 4.974146396820249
-3.2320876764396633 8.57096133356421
4.175473233567065 -1.5259506808682026
-6.079026396168439 -4.847464739210099
2.551514653446322 -5.34578937672558
-1.926022201362338 -6.74023754698974
8.05549088299881 -1.294779530175692
-6.34284484969924 -7.119707860504379
3.6714389560065275 7.533825401477944
-6.675982441394828 -0.009429630146556178
2.8075696753737684 6.313434601096631
-3.0205740045254377 9.762900038844634
-7.422556724915783 -6.844045809989008
7.427116710321442 -2.7037833953224366
5.2166180481768 0.38108190447884205
-6.6240231421617635 1.3392142447523092
2.9945206883155446 -9.705819944525725
7.134407693027661 -1.4179932023516866
-4.140151830855396 0.24266901519994377
-1.537160330723541 9.61289458401055
8.566755309644012 -6.147049939236888
1.8045363285295082 0.6635202763623589
4.027655585315504 5.76097920343283
5.330736989905777 7.406402402088453
3.52183765160542 -0.7670269254406747
-9.842312227371991 -4.349885726513419
7.994330941316932 -3.253585719885863
-5.773933081054978 -7.244916263929213
-8.891509924552478 0.20032837715337415
-1.6747083186037752 -4.843362766927271
-4.575300225614695 -7.777291282957258
3.4074976996263615 9.7674662247777
-6.419143467584341 -3.898825696776534
-3.160029358820249 -0.07553715550125162
-2.0787866933728205 -5.903851294608231
1.7670812821300412 -9.640510175230725
-8.406246322246893 2.4948843310320274
-0.256388045548384 2.867533532442783
4.894464661693004 2.325142390853088
0.3170697635492843 8.501750192605964
4.747130347850796 0.15369224649444568
-4.211132107717532 1.2309855324759482
-6.560595829069962 -5.191558370637981
2.3091899796231274 -6.454162201632137
-9.4869119363772 -4.776484688746628
5.820579468267207 7.672897132901721
-9.622255661893327 6.0083972053030905
2.4769920585207927 6.627598377014479
8.479333367012813 -7.503717023906777
5.259868641977665 -1.607914513938919
4.07914222038765 8.457700098656439
6.820688944741505 3.878762291799207
8.296322882167726 6.162935418663967
2.4783205923092666 8.453648959171794
-6.9621402238402545 -7.586491426460884
4.948025368209725 2.283158283169385
-5.478865319105257 -0.902775789138099
-7.576584771389836 -8.501750775249432
9.938030760498208 1.195575488545657
-3.604893408241498 -1.0981813825987512
5.85012655577259 1.7909585601831157
1.0319281706172951 9.893911579890617
-4.683316801647872 -4.691373875804579
-4.591863250830666 -9.152745674216076
-4.055519843641299 1.1524674485758446
2.2666241104423435 1.5367790296296047
-0.6673685759825894 -0.7098346130636042
9.3038473493488 -6.073261548880584
-5.330981553058047 -9.955803629804462
9.15403510693886 -7.39555514253905
-2.811147356327277 -7.480605516824072
8.046243638368903 -6.33270393536807
3.6409574332185652 -3.2541965742862367
2.5185111149897565 -0.1907655201140468
1.4517798330758005 -0.2941450340101106
-6.856040502876373 1.8305043402829426
0.8401609455418182 5.567413772814081
-1.8057140836993426 9.507835015768652
1.3077444626891506 -7.380169884032068
0.13408452212560462 5.3657664252992205
-7.408825398271861 6.860877244055519
-7.637933846237721 -2.0364164711171533
-9.985110137012104 0.8950669966854559
2.29170642607642 -8.703960786238545
8.61461254377479 -0.25073215944853544
7.486450668919165 3.7097726101494075
4.021908550084632 0.8167635734507162
3.385537611419407 7.347478603438606
-8.31401630176427 4.694806446398079
9.748106067016785 4.7801431870111415
0.799692898287379 1.57961869505983
8.036736413578282 -3.511567529263637
5.905893705459368 9.29867384606737
-5.914790594330366 2.4733130308648743
-2.2049838071143117 -0.8557827655834913
-0.4945250152633225 -5.400710722542145
-8.27977886153903 5.202005281513262
2.706322640606217 -2.536517657681343
-5.907418758081442 9.862363724605252
8.197113393233344 -1.7287570941063457
-5.4538572528640366 6.034455311190008
-0.5782435874256286 -3.5380653655176815
2.708152602706546 4.475001089521356
0.4020817117556952 -7.149631498951012
4.606295937346157 1.5065902387569992
-2.5958665914377255 -3.250131484664596
6.905787981599033 4.401076499251815
-1.8389195580559488 1.7947415072162016
-8.732191734402225 8.212764662280744
0.6243601448201161 2.404801402502777
9.661487988338127 -5.3664283236843
-4.287517043976186 -2.2230018355681374
9.208595222067444 5.3189882313243775
-7.140871397688702 -1.8202208471229433
5.239660743031758 -5.183165793871886
6.043085849986099 -8.887304143657973
-6.864440150249873 8.23495907823164
1.264945324616658 -7.0992498504663715
2.5097909459885557 -9.682383116101272
-0.7005651546040816 -0.26223543561149754
-6.280548131410897 1.9431611757825387
1.5012246509460052 -4.97606961443055
-1.4190024027800305 1.24825223286458
-2.8477376706522346 1.671932886212577
-7.446860731413785 4.005049353421812
4.0325286986170426 -1.0113349086253152
6.550731697157744 5.984503625116314
-3.6874015827263262 -3.947771970201077
-0.6948892830489761 0.4928254181175813
1.0345316075868105 9.444790388261541
8.195210232041092 -5.045924237410649
-4.2715843293641065 -4.440548132533837
-6.171881826831407 4.902094101432786
3.272404368104464 8.381167926338353
-6.1565427407843405 -2.194648453367389
-5.567651535892373 -9.100414921828587
6.084145014274995 -7.151185149552754
0.35509001072223967 4.881287334522886
-7.512161780318303 -8.800830486655668
-5.021483762408085 -8.044487323271587
-6.8905959935571826 4.891184236825758
-8.2668372442207 5.62689329981078
5.193598929954888 1.5396664494177088
0.2781514103317111 -6.354160139369789
2.3567764327764333 6.515398439591227
-9.904423719305742 -6.543762371669713
7.2651046056335105 -8.594017359866577
-7.763726979111791 9.552595781742347
-4.2587656038846315 -4.824569064345456
-2.829899095963288 -7.397824659870354
-0.8171162061969284 8.903684155532666
-9.92903954223457 4.4591312670973124
6.185258276453702 0.19098580861971648
-6.931381084760679 3.4564059604486275
8.934038521746317 5.197241770477262
1.6758059795404083 8.822229303645372
-5.076499081333599 0.6493662796057471
-9.59612579787706 -2.6882472228079095
-1.8867452487310246 -7.048881766203041
8.585609334675599 -0.8642354976420492
-9.229099214108567 5.551933623695987
-2.0317048458602365 1.8801400964936281
-5.3947100259206815 0.014835972876126036
2.885759523335544 5.0875230998056225
-3.043123081387402 2.4763510938229434
-7.890964518475965 -3.932157162769805
-3.0604309366096194 -7.903829351626193
-8.04536625729183 2.4005244886703476
-9.258789713224404 -4.800275784552694
-3.5718891998655167 3.333253797023046
4.392393336752988 -7.2268007666379415
-2.622263980494819 -0.15401871231778763
-4.768358632704272 0.9778256543277823
3.132977822039445 -7.379608385656093
-1.2094448434167369 7.272180008933368
-0.0037656930639222708 -3.1287871269189544
1.1486827261518862 5.233543410461163
-8.185660640072328 6.843939532666528
-1.2208012605831335 4.173096197012747
4.34614285202165 0.6723021030272847
-3.8376695643952115 -9.852067418297084
-6.717175655828869 -7.736453244989878
-1.988318821254719 9.499404710753502
5.4157029907797885 2.445521453542943
-0.017268061954904823 -7.099180873872514
-4.8220867264428176 -8.938820608541933
2.082892499197648 -1.3196087026155503
-0.5829671116771493 -3.8557660490902297
4.869985318764714 6.635357318942948
7.7852573945149 -9.9205613112915
3.2230426737846507 1.1194953984959426
2.6246862267014652 9.334793955115487
7.318409716804293 -3.4418595563187875
5.2442478204827285 2.4178928102375288
3.970055224726723 7.527157888528841
-3.3837980982814724 -9.795782610667452
8.192080521455924 6.191274863423605
4.152795356500372 7.912679057872417
-3.6232034173011174 0.3201068710123689
8.529019423746867 -6.055706061349852
-0.3422618156884756 -2.096881671874118
-4.996188716549492 -7.735053371429126
-9.49003580673224 -3.433901643234327
9.154852237593794 5.907342737073673
5.90504434460798 9.09028029227008
1.8172398582787714 9.151998240600221
-2.1003315618823715 5.616017181393564
-4.33732743944333 -8.747997477996353
8.261010744507999 -5.144116642880723
3.1527814370812006 7.884371525006625
-7.0132527075737805 -3.2229686667682067
-8.554743649064626 -0.5091455709249502
-9.403093936780822 6.617724291416788
-2.959364514675631 3.561555273905304
-1.8113991469749706 2.212319493951444
0.7719933319243957 0.7174721448589789
8.2263571327439 9.5442861250262
1.4818385996295476 2.672750584234647
-6.943360392853393 7.303741039688251
-0.3711324776519227 -6.214517003926594
-3.656279698780141 -7.9729407841698645
6.941690704859557 0.2733279126213244
4.935416560389962 -9.343388395985876
-9.837987880050624 -1.1080363400251176
-3.8982967118899463 -8.592466104005593
9.38748361054709 -6.434717004519575
-0.1102147725347784 -0.09440037841943294
-6.641698246744214 -0.1528453738353619
5.742606635744 -3.0268371965036316
-2.538049511547136 9.596289894238481
6.545424404201796 -3.769750802423397
-5.689567170564221 -2.0619881832681486
-9.010460914620984 -6.618554559638142
0.5005431056992755 -2.818076337707163
-0.667623261329771 -7.2999080794256415
7.722077684336966 1.283829828448873
-8.991285997259734 -8.36825678576811
0.8461612555046933 4.717045961798929
-1.925384317213938 -0.888068798347776
3.024093223485142 0.823523280550134
6.05980785206652 -5.124235307879599
-7.769099104330284 -9.197024491604802
-4.032845788184655 6.243983157756173
7.717252232434742 8.143252675253724
1.9059838750414286 -8.157381711468876
9.791658338758495 6.013352233622086
-8.708812870301692 -0.4782856654516454
7.657913661720254 -5.369604918038702
-2.6347515702237594 5.568518389796889
-1.6166035084461399 -2.771466337927424
-4.846446558021356 8.583648695862205
3.9937325252093974 -8.862127174381488
-2.014631900488075 -1.5410113156494347
-8.877079175618302 5.30153898672469
-9.485213378471558 -6.53927798461118
4.090475110709036 -5.941154906874364
-5.961523950240835 2.004956723398921
6.10408780056871 -1.1105957526026309
7.259156857506152 -7.974262693154326
9.646085393434134 9.798178733107651
0.40931988559526644 6.22931175060949
7.902191898443796 7.964139337241562
-2.792581429259333 -2.368969578093325
-7.748478217021237 -4.796042328495478
7.2475111967323755 4.870213571586348
3.9880364520901157 -6.815162357579663
-0.9524987771518045 -3.511780539098983
-0.051657082760261375 -8.97596878870752
3.6480275220302634 5.089318271020652
5.6180540615536 -9.117731076456403
1.4150115311812996 8.321521751860065
2.1554524166294424 -7.850531698163801
-8.692635641461413 -9.377180028700279
-3.7537417580595474 7.704447275023028
8.030905298539771 -6.611455578108229
-4.3909410995594484 -5.136084256525118
6.005297820891755 6.176617804845748
-1.8774465800185105 -6.157788777129634
7.568178728554987 9.496085568816724
8.013474690113252 -9.001818685164423
5.242407318169004 -7.12512323836346
7.991603674752547 1.6443508565964677
-1.1992432094490795 -3.7032995261101735
7.524373963208539 4.511134753871806
-9.01597578616639 -3.7712982245076816
-3.1310354879696334 5.603672056805756
-3.423778978724603 -5.929068129712398
-3.8097844119903668 -1.0523903492171272
-5.438899264237628 0.7736857259867449
-1.7830039745269843 -8.934527124899144
7.478487162224209 5.382190887672099
-9.363796375695603 -5.538998681619647
-2.376868358991741 5.718895230439468
1.2200436418762113 7.89741342431784
5.8483791366692195 -5.492119635586223
9.915978984476684 5.281979873564493
7.26236866865813 2.9946001550547656
8.838871923019372 8.891930612870091
-6.441743134616793 7.191756744913949
-2.261682248980277 -4.477045879874588
1.9895971892535265 8.590169436591328
3.9309660255190533 -0.7510507731137928
1.9456349207856594 5.06563356645511
-9.8674292369921 8.779660975617311
0.267068017345478 -2.903509393313657
-3.2694333401002496 8.961000179173059
-6.03389713857756 -6.876096640421851
-9.092462592682173 -1.7850424537578196
3.3818575022461026 6.392704961578293
6.482892505734203 -9.078083027768958
8.905006775125365 -9.287879603484132
-1.6918029560309478 7.015015971448694
-0.588573778164875 -1.6268821016012431
0.4428232161585903 7.041630184110399
3.5352207746111493 8.950887333789169
4.888799894973637 3.470558662828342
3.0913554543232564 4.678643603482882
-3.4309461170419535 6.324377897992267
-4.861095884632141 1.7847507986969866
-5.685656909837109 -9.413754342202713
1.305132805391196 9.58238220555273
-1.813881339703972 5.04730544946324
5.794607660017853 7.676773087200409
-8.814393147473805 -7.398051920683955
-8.642525746084944 1.356167560745508
8.57989503652551 -6.816609222342649
2.481018284482989 -9.020200038975796
1.7887458234904976 5.949098932698515
-2.795101560526203 -6.675948396498168
-0.23770250072976573 0.853230702989709
5.736918245939094 -9.220878833362665
7.128044261595438 -0.1660841116596572
-4.028671987127009 -6.525949658112166
-6.473122803385549 -8.802262551597702
-1.6233099483899025 1.1875841110590528
-4.827644812160326 2.569753933428686
-5.644466464166962 9.951831756548199
-5.496621167529487 -7.812382024398494
2.447955773530115 -4.752002872185437
-6.7876194218003905 8.782881700614936
9.37655619544045 8.072844032503937
-0.9317171141228329 -3.2175917052251197
0.8149319769762542 -2.4601937723458533
-3.076104954126948 -4.836037694678641
2.4602149887409652 5.351892552689481
-0.8296039429069744 7.670557241108636
8.150935905628138 -2.8040232135299537
-6.14638751530908 5.338343682388366
4.033468446498517 3.3165230263122147
3.874464685674914 7.666286575969924
4.219902366435377 2.8148953499760943
8.628614975678559 7.231554888937634
7.068706540246211 -6.152472514785227
7.15015512159232 5.496226750707592
2.843334727916835 8.026022630653678
6.981972079963516 1.0688374029145855
-9.041093850652262 7.504310305649149
5.184078460015831 -1.1136591228936226
-2.898594810170154 5.29697577263396
3.49167297836102 3.8256119971433673
0.9018031930548158 -5.257888184406543
6.88227455869032 -7.320694957235823
-9.109089617128118 9.37662331165835
8.569921951237934 6.642107322348153
8.02971406503644 -3.2256646840754506
0.11675601709644035 0.09827588582868074
9.809388300617194 5.852998986763151
1.374162647944278 -8.437224263712642
1.850542215621246 -1.3950281305727241
-6.4116458988784615 -9.802558875646614
-6.288419217883467 5.057076635548841
-2.8512956035827175 -8.556970804159702
-9.599803472705497 6.340491563291337
2.282937878288891 7.936153819756132
6.417679502293513 7.146586512768515
3.419323056129489 -2.752622457518335
2.1755039564569145 -8.81330831284657
-5.765097209788133 -2.438792326624304
7.54574889009351 6.4504478428601
1.799078656246273 2.1005073463011605
5.206641393994097 0.7238720322686589
0.5537086931480157 9.585380191740285
3.594299388071045 -9.225041926710269
0.07813985743633722 -9.461920624438402
-6.94789362502676 -4.633273461864289
1.604610799177884 -7.471116158787192
-2.523725071856761 -5.622895980046492
5.626428258312959 -1.60513243702448
2.479444957154943 4.107399384854613
8.171666268906467 7.232482106585
6.1777440204555845 -6.095750914636322
9.87247617979357 -3.297513021263807
-6.47414469554427 -0.638902708546432
-7.677438606733789 -7.976516312359032
-0.28693327256037016 3.533067971290535
5.651277967628346 -8.167867498916227
-6.190691912965713 8.001702831686643
0.7733936960985428 5.250538426643468
4.704208868347353 -6.992842534174186
8.742677623452469 0.06110836933759245
-5.708997896991226 3.9140344467056565
9.11715007537956 -4.455713021977723
-4.91543210138488 -3.5248237964032665
-8.487612410236258 7.59119587185949
-7.197456531850525 -8.030106809948535
-6.063949645154684 -0.4536909195169123
7.445155241844109 -1.3454844387029947
-5.170068772031609 7.330022601969382
5.481384326244701 0.9717273764721508
-0.8307621177340696 -2.0554004558302026
-8.937411778082172 -7.66501818859777
-7.540148280587369 -1.3524282846617997
9.364333995260875 -3.8069410655911673
1.335119449296787 2.6641245885339693
-6.483000361862519 -2.516730007714301
7.515274774369207 9.860249768367634
5.418987418986793 -0.7172012893893793
-2.1756980440158173 -2.8248030237614152
-1.5011396666185668 6.925666733121574
-6.325210315712264 -9.510211969810598
1.208479218579459 -3.501976075136339
1.7361167079721227 0.08896661737292177
-4.4413184496912965 -8.136633898501698
8.581447912140028 8.346647021312066
7.7841249771954395 7.236799514631517
-7.542697787654848 -2.677074779755218
-2.6188255111533305 -7.542170024006469
3.7842777971956654 8.230771364383617
0.09826883826438504 -7.294203399418846
-6.7907001863310406 -2.0949811867183543
5.503339789125759 -9.597879761619048
-3.9657969275381415 -1.2744730188299371
8.439722672759522 -8.379846897145622
0.05178732473414094 8.937735623541283
-1.9928246272082895 6.430843832764527
-7.634402055785681 -1.5044662421390225
5.990595066753574 -3.5620038784314056
9.829067701816545 6.496976924759284
-9.205974495304032 3.368461599042911
2.7456985516875534 5.003655578393483
-5.929671178169366 -8.277869254370515
-2.8735013012257333 -3.2435380678179815
-0.2566659017345678 4.537218863746496
7.260387882695344 -3.6779125661943857
-7.546219471551108 3.8648676083806155
3.1294075224007933 -4.901578836343338
-4.90486357881103 -5.806969731855951
4.005037111523393 6.042141643432263
-5.622500836252087 6.896291609650952
3.3805339074565204 -8.346366835304197
-1.1923947443341767 -5.76168888819462
0.26097763219360104 3.9215939137965847
-1.2851781839264582 -8.29808367254217
1.8807711023298808 9.749480038952314
-2.4914156999639285 4.008866566678444
0.34297220415755625 -6.232049737954213
-4.585463679453317 8.705479079088
2.8366674761208106 -5.973483530734911
5.189307545987546 -9.801739247900606
3.24417372500198 -2.892799229772038
5.778692498818717 -4.080436735110422
1.921549794169069 -7.643065173373369
-0.33176800257211525 9.936035594288931
-0.38691628790926025 -0.41305496295758104
7.359917662089774 -6.786565726263111
2.045873684177229 -1.4348527579266737
8.120407194862551 3.123532728757505
-6.739424310604846 1.7148170915057968
2.0919086334498544 6.061051345378512
-3.827373391188953 -3.551302030835986
3.8916387792204876 4.920725356578654
3.789440480641437 -5.600687631045938
8.52455185253693 -8.334341395253862
-6.976442729833048 -1.455366196001366
4.99737713084928 0.717475946137851
0.5096634534975877 6.746639841465367
-7.259518577936941 4.725423491486245
-4.3174139527941735 -0.13729808604801264
7.801433267725326 -8.331953882018446
1.141130944277048 9.90654270604417
8.885195415202695 -1.694402831712221
4.965091669649768 -0.31178098467607107
2.371865474925892 3.930708138269811
7.006485786150424 7.121865323880819
2.6145406715357833 1.8504983723978956
-8.23860097550606 7.6992278797322875
7.709292281378271 -2.4338721241181194
-3.980278295147757 3.590756270619128
0.5516546650671579 -3.683318884184099
-8.674266203047917 5.125515538163869
5.999901608882773 0.4344204044544213
-0.47854958224132105 8.265319738427529
-6.803485646774288 0.20408024137678993
-7.8287161841137 9.272887229045065
-8.600956056341735 -0.36878194593362323
8.995169758910293 -0.8970679730399738
0.3928690581871379 2.4696785858761565
2.186540936309491 -6.305784466264597
1.857126056741329 -3.203310012333551
-8.847442218801271 3.311943227400274
-9.552754652672279 -6.497278230087082
5.78809432381674 -3.0721798840996506
-9.029670208360187 5.624863959513712
0.15586015517296659 -6.890945544925902
3.80758073655333 7.449543118036772
1.3004123783780237 -0.9033741131584527
-3.2096494631871764 1.9507054279517622
2.084803895065912 -7.006415659267842
6.418785989635424 -6.376944259017014
8.240632305244475 -9.626974694999404
3.770303353633409 -8.996168829686251
-7.8646886765424995 2.415472702088291
-7.3695593307949725 -6.589142993555339
8.77198683816967 3.9561389178422353
4.117883173798795 -2.620964986317036
-3.3407395087643987 -4.476862115914799
-9.039457659149408 -4.7098889866566696
7.939168422209516 -0.20549110928026693
-1.1517780575309295 -6.207070801310712
-8.212593301700357 -0.2652522920324536
6.731356476113813 -9.10670322209545
0.17254940740343372 5.911194430611122
7.823190304037581 -1.3646195307391729
5.198922903520156 0.39405784446108605
-3.3615356986372085 0.5876574927334293
-7.338363573376608 1.0936294222716487
0.6837678205016413 4.022169250090501
8.596423469276985 -6.050105925065474
8.97757018791387 0.24060527442581048
4.551195163669961 6.738912580882879
-6.568531026140068 8.054487863368099
3.9743149255617602 -9.933464542490146
-4.246013803431296 -5.7730113606050715
6.329538570342358 1.8131215450909028
1.2718098431974152 8.816005778213412
2.935359605576327 -4.005392103009231
3.734009680918879 -7.006544873192164
6.3155110414712325 6.8030499890751415
3.039057368922899 4.883949396060224
9.630505232735924 -7.437701008682193
3.090521993720536 -6.547866427971048
1.66583162777955 -8.0400357128775
5.50032205415334 -5.733889941260859
1.5198085997261206 0.9798147679681115
1.3438566626656154 0.37270635937627183
0.3083178741103687 1.8564659149257796
-2.817192088494642 2.122065685272151
3.1055786739941187 -7.1412892634658975
-9.985108165287336 -4.738264974298634
-9.495595055606348 -2.4803997349441254
9.776077275829518 -6.672578617053677
3.9967916729685253 4.532184370952768
2.2602561230246536 6.139403312900406
-8.618674156786879 5.220124990326456
8.986932277401966 9.721400694821533
3.8311290982986215 -4.0163840274163825
-5.314326931715236 -7.2920566913237295
1.544108755601199 -5.007056937957266
3.810431166212787 2.833139456018687
4.304741278540103 -6.9433619893487535
-1.9901007415821486 -8.593923028507733
1.9489234211278976 3.6533394733092237
-7.754259090071283 -2.8348203007519857
-0.3344628488846624 3.2481320807989373
9.099569233744113 7.710741943736675
7.464936932671279 -6.705912998345167
6.897637774876156 -6.606936058623186
-5.179217901392834 -5.471816336990032
-1.4739860934812121 5.199720129463444
-1.722515410617195 1.109484458414169
-7.338101375485584 1.2880633225000242
9.975003599462337 -8.290788474582788
9.160262090283776 7.037322472586556
3.0143449783393947 1.2793842288851813
-2.6955775428890094 1.1484353200925508
-3.4094349739626733 -9.843858619135045
1.9113306242701604 4.605780175601797
7.665763588874523 -2.268756354382109
-8.577591543617713 8.29082167208681
-1.7186155028085288 1.9213438119187902
5.468525079709579 -8.230561391420679
0.0635712896722751 8.0657687970124
-2.062351611081561 -6.305236677068626
-7.873816974923171 4.594460463748629
-9.705668678632682 -0.06281746826328138
-2.2234203485760613 -0.26946941535834057
-1.9210238517198626 -7.033626356992919
-4.236891036287814 1.2906351936836522
0.05775232800693253 0.8806600461395888
-2.6507464126221425 7.360122899598082
2.9350883994783104 1.8336315189403418
-0.8177414432933201 -4.935199302473405
-9.646495403235152 -9.730589120448592
2.3455397987849373 -4.638216450181685
-1.918003381526523 9.887903819749788
4.685654318921914 -6.360614276939187
6.489694065698103 1.8756117445743126
5.957331438272018 -3.652786418585916
-6.805978155852603 9.19218835992405
-0.33162166717265507 -6.1630840582056585
5.95719727165924 -9.123612977591911
-0.4525550890169967 9.229126556646726
-9.555025247343325 -8.074625373561297
6.083747509562482 -0.15678279022378128
1.2009265371047295 -4.22139910173385
1.3887369013614208 5.201513848529281
-4.588312207126823 3.832721864052264
-5.813096490216507 -4.3293216849641
-0.5506265201668121 9.99301864199304
4.351079296772195 2.4639611404341633
-0.10826854573469191 3.6865082974773635
-7.336652622791668 -7.521900528403414
-3.11623793234234 -2.9217928986661263
2.6370999193465146 4.028521140400429
8.502810003545552 0.2586871593376987
5.22595076410899 4.93597251722367
8.63317591093163 -6.278163749895493
-4.756854009746618 3.5111176795622345
-5.850667602440403 0.09765903045356694
-9.75708608037256 -8.875430859677296
7.058994382065798 0.5554015791199944
0.3404766145872262 1.3953261827750385
6.057033421515278 9.437538877895516
-9.489924765813502 9.272713634173105
4.672213919443866 -6.099564524287276
2.0064771177079983 8.49992494669096
-0.4425260765998864 -8.126590195705258
-4.417629320940857 8.405101789351427
5.624241690958369 -4.118788076808666
8.704273642142898 -3.64287898017923
-3.322099949607072 -0.20631246853451657
2.214667514536819 9.94919286335697
8.686422312860518 1.7058715040486199
-5.74140992829747 -1.4942864654245298
3.5811666274206733 -5.202492330135568
-3.728595729244426 -3.7399379070782457
1.0754789374494305 7.557948633540924
7.636242393926345 4.087524232529223
0.7800357943599945 -3.3119483430968932
-1.5278679908441983 -0.4076414544030271
-0.717947946126694 -9.008735794648693
-8.446841694545306 -2.631550320216345
-0.1366923101575761 -6.21325215714208
-7.861074716271858 0.27150480051267145
8.639987173995568 -8.472058783361692
0.6939073324906335 -2.0866178826405886
3.5382126659372695 2.107350129608321
-8.880711465406893 7.985738100286092
2.224760805786943 5.741015593138961
3.5517265159643365 -2.435940907190963
-0.36801645616383105 -2.7840052470400316
-4.393999375522291 6.7771572599188055
-1.2481683923732128 -3.8896487512407063
7.272696826625836 2.9143076721017884
-4.411475450015798 8.438571290738995
-7.501635444134287 -5.072199740242955
0.8618337871943069 7.371421681975317
-8.34931109623521 4.843510651322012
-1.972176609881826 3.602511879893349
7.75540531714325 -1.785161073409025
-6.476026297043653 -4.864195116735013
-3.374750286684396 1.04310673158942
0.03311140037445881 -2.7185646080866483
-0.7311436599547889 -1.5894848150256617
9.302993464961432 -5.012468125070654
9.295689416204993 6.537293382195315
8.604578835276826 -3.6286330586617854
9.404483047354475 -2.891130584469841
4.840496237882814 -4.4418660967330155
-3.0639716265042205 -4.02484687703957
-1.8688559758095842 -5.742903013228807
-2.8639702712160364 4.8493462238923435
-7.109377745033654 8.575330397048539
-4.469824592087557 4.449745249567648
5.718486615203432 -8.137167419806321
8.755178559890474 6.69664116949302
-0.45370556323688405 0.13954501950016862
4.5007116397332325 -7.861399934945876
4.129736414851395 -5.987306305910975
9.554680827545134 -4.09709575512408
2.097990523367093 3.122814815047189
0.6443451122899209 -3.2607256292331943
-1.575821134062167 -6.370762854078469
0.9042762155946455 7.453153549249535
-6.49979145543325 3.369415306639274
-8.636566069472726 1.34057143749496
3.718353355715813 -7.78647636761137
0.25554257096789357 6.262280392802598
-3.45543206855611 0.9364706360143575
2.310907736882573 1.107403961292821
8.03879258459575 -8.943171184553634
1.2124599166095873 1.6464421630039094
1.0026402817133402 -9.78601699629194
4.955935374248163 -8.335035848735533
-8.820398572151884 7.838931668604914
2.897181829440731 6.759243900534983
2.9487728868098646 4.607406603537338
-6.7107734167158295 -1.9199446688678723
9.059796562873437 4.645717449421532
-4.135104205332338 -8.437011948894487
8.70616625146182 -0.22485751487479888
-9.528044222377588 -1.9944641861434054
2.881212897168332 6.957392389332814
-6.613173488779802 -1.4389268890206708
3.3573632562415696 2.6996434661221826
-2.8589151590687267 -5.613939108788584
-0.39090921934572087 9.668603655850912
0.19835239382829428 -0.18820422183331864
-6.33500951254339 -8.047483429543075
-8.133092751302621 -7.401384033297706
-9.920417241025831 3.8982372423869727
8.046476014986496 -2.9010540790436874
-5.620354493798267 7.677592148914304
2.67107882157328 1.754797588970007
-6.566738474143381 -7.826942311144038
-8.536830600273102 5.508634817528812
3.981497958814275 8.758706355393116
-8.217280958239268 0.09977900639424675
3.6158564841038725 -3.1041427561590957
5.658506158086759 -6.427744674480649
6.837088819865002 7.262922816173575
1.8621668168387906 3.3359315544438672
8.081063942882768 8.19610949015697
6.998442942085074 1.0576840512436476
-1.743356373308746 5.328230678858382
-1.6881383810550297 -7.218309095125488
1.7016246060813085 -8.732822196795691
-9.392302277244056 6.024997885583623
8.604981850303108 9.916797453168737
-0.3596612429057302 8.31699906779206
-4.373206585723219 8.612559011728543
8.667763156390965 -9.284609583331715
-1.6824285316431808 8.129171846510264
3.24262117715708 -7.7738484845178135
-4.7774636671757875 -2.620260133194967
6.35970173460278 -9.716331562529563
-0.8432225331211622 5.757228101827458
5.408829238429494 -3.9152626047602324
4.890805882200011 9.635025234774009
5.5407623326006 1.1203032771724981
1.261197208491243 -3.2588124766488598
-8.063828705590055 2.403339734982268
3.0759784731898154 -5.360112215819179
-2.4176928067309493 -4.004388564610146
9.390835317343395 -9.843422754576515
3.0349093665740074 3.1903159183340257
5.408932747740181 4.995307182303444
-1.3566506720962508 2.5429170034616675
0.40949183630499775 6.354408486712323
-0.548728199118802 2.5961420479564623
-1.1611481376714359 3.2019668431048025
6.948117463525449 0.9805998937180362
-0.9015206906720827 1.1895254398628818
-7.80135210080342 6.373047097482335
4.267471978436202 -0.8679173713447277
-0.49904613798699415 -2.2198508696659447
-3.8013771063254325 -0.09123281615605983
-1.7276848567749443 -1.547841343293225
2.721740193596231 -2.660138373754135
0.4147674241791304 7.321201447359613
2.1941011813896676 9.111192462932667
1.908364189412616 3.3905708989162253
-7.866335084712929 -6.544806975401054
-6.406490449961755 -9.509821873236383
1.030662370173987 -4.439910762983732
1.7875551896378852 -2.5289833674223576
1.579231253020252 6.013134884433363
-9.40632170289332 3.7197222582857137
8.190417778162004 5.445817786285048
4.447206841163439 -3.1379305672500006
-7.213368797274564 7.508767884079866
6.476096843904276 -6.732257821330803
-3.799121447703005 8.680754817932105
-6.73814631165353 7.632766638265295
6.245782730513913 1.4129547339135513
-2.2463939738818173 -7.225208210602004
6.9960907985046745 3.049536543275156
9.11198120916438 -5.701293259010216
7.9189566537202225 5.058612329938191
0.8780500649948415 -0.7235992737973831
-1.583925950384888 3.16468129461947
-1.3387737882889432 -2.119327007818619
5.743127401065287 3.850363113122036
1.4423070357354533 7.042956422102783
-9.20791843644272 -3.382365596601085
-7.454104462693294 8.397150067833199
-1.2676753316157274 5.54898675726781
-5.491383453371242 -3.342544286332652
8.80884126548694 -3.931583791447359
-8.726732863057439 -8.459051650821905
-9.696409364833634 5.837477830008224
-3.796235583349077 7.617756434257139
2.533419389911778 -5.3931264684633025
-3.6901221864664606 -4.783745816041538
-7.185840885396624 -5.432303281907878
-2.0788667756090202 8.353395940678944
-5.1206364912073425 2.398096098834813
-6.702915458824499 1.0735096766662515
5.1664276839879815 -2.4935180463899
9.425989857973356 -8.20884506713134
4.451560346668877 -4.804256224555063
3.5614619487345003 -4.300098154871572
-0.07952110239999577 -8.334002089050458
3.393592153602608 -3.0852563596504616
1.3639277231813 -0.4270264072479826
-4.940041486442992 5.049248467679458
5.26791635014991 -0.13048921549724923
-7.36715492793051 -2.9499780891828493
6.38295173652849 -3.857051768927189
5.360861964244151 4.926314147621461
-7.175239494378037 2.176645940745585
8.451290015987343 -3.1255713065719632
-4.344613775126131 3.021308996768946
7.17572342802281 5.169753351076762
-4.705489384035615 -7.378706927660552
-7.795049777688929 -0.8313999679409445
-3.797770456507883 9.057569620393174
-3.7939914421036853 -8.070238364935014
-2.895276311932462 -7.828632421076005
8.65960438893742 2.551340540957547
4.162299804256534 0.727249673506023
-1.5654495720774193 -2.80599117560806
0.48225280502198764 6.251749573392601
3.1889672286354838 9.893177923135454
-3.9246439171436602 5.876289644690129
-6.055340763015109 -7.930632045565266
-5.2966524823210985 -3.487119917240264
9.213970027913657 1.269936322825858
-6.801052398547858 -4.450740040557539
4.120727022025836 2.93287360503294
-4.997021396027539 -1.5615997659902092
5.986953288266266 3.9241539840250166
5.310034897415491 -6.639286362851841
9.790133690128343 -0.5846640486855907
-9.218264723085953 -9.809049276557204
-2.3328382404595294 -9.804748783754654
-0.542594969019845 -8.322310859908026
5.173637074041132 -1.896008414861436
-7.187314428374019 1.103018361343027
7.2239318381199595 -6.392525122242625
-7.644698666265477 -5.532371033107553
8.600199384481876 -5.2872588942115994
6.072838641018205 -9.330758627062494
3.9490505142915175 8.797900602639569
3.081848317059503 3.569713461886332
9.592919047734899 -9.309763358276438
-5.7321624782584575 -8.99453024823164
-3.7383334145096097 7.018632236385574
-8.797824490147658 7.661000773331111
6.573238373646085 5.597540746961172
-7.741683127477616 -1.2823232223407537
-1.9036153629197106 -3.007480006373693
-6.519279607517294 4.9074164296626925
-5.0225184862543255 1.9238190950559293
5.824244227198996 -5.611303428434415
6.5585318419536485 -4.750181816733017
4.943698315774105 -1.247637745260615
-6.7226570586293555 -3.3356660749626954
-9.676924799588944 0.7985018964561768
0.29291797575779377 4.37166592230078
-6.407061782385282 -6.19425860461752
-8.52759357340721 8.386484228966346
3.737681311191519 8.675382175979806
-9.57756308860234 0.041663039226948584
-6.8685952994679855 -4.352676275316531
-3.3512051269642873 3.716452717062289
1.0971937239931169 7.391318587105086
5.752397210583581 9.654300119312765
-1.2761490913673832 5.2078241988112275
-0.5087748311880329 -3.797084864524214
3.0528270928412393 2.76533451782322
3.536015258669 -0.5775320300392437
-5.8397506794966265 -1.8680927561775267
-7.77138455479127 1.4557214274662904
6.434088539273585 -4.831947769001741
-0.13729776747952904 -2.530561817750301
-3.421593402145704 0.3147925298605436
-2.867143643976629 -6.713739227389981
-9.246362645638138 -2.928418569266551
-1.9976269208661144 -6.488886079639848
8.28697600005173 -7.206610075259845
-9.356956829363554 7.654097129976293
2.7615797169265743 -5.0493803989762736
-5.533033652541858 4.189168340440668
1.6284405841692937 -8.168896109725557
3.860932251760655 -2.6021561414771144
1.408770250445837 -4.903147824597869
7.247511514421774 -9.69663844715222
1.3125429017052852 5.531690239745252
8.471651676820542 8.876467415424454
-1.9473833431078376 9.088502843606424
-6.032185232535269 -4.130255301787296
7.962371571346981 2.0581457889517534
3.640362899686121 1.6274063699891848
6.820481084444523 -0.05101196529905394
-3.15285901573038 9.038404938847219
5.184177438605291 -9.165014939637675
4.251117049791093 -7.008851014569566
9.558282674263019 -9.631851062843968
6.122669648786797 -2.7803739807304932
-9.559892011699452 -6.91131290291125
-0.13335622559053917 0.4879664870331002
-7.219419425117264 -5.122559416741361
1.1166389719629137 9.289853469486857
-4.452094757499747 3.3141966632406934
-6.30257177486941 3.6561126795538677
-1.7653924667002912 -7.070430481880154
-3.9438817138493354 9.714311246671453
-3.908038989886009 -5.175843990948779
5.07652860853274 6.636277481483393
-5.764599953011638 3.0450797517797774
-3.4691000412798445 1.7512379699559588
-1.2985911315272798 -2.0209056474233833
-3.525661521723311 2.6974087077881688
-2.479862635688386 -7.548966751605118
3.2528760504329384 6.271987704719535
-2.0810110278699945 -9.163508689734087
-8.576219896219852 6.314578382042406
-8.91780231041868 -3.765696101232539
8.570899836396386 -2.422640622314831
5.222197745966559 -8.77413501196254
2.360781914371783 -4.461191785397958
-0.2748594421295554 7.53362440136193
-0.1549667776165098 -0.4105303792911741
-7.332256468836384 9.98748033797408
-6.3968539490794925 0.5221503305987838
7.067296222684604 8.315481927612229
4.049884374436662 4.7592751077339575
-9.542888496015806 -5.933195989087052
2.8027507609772186 7.049253860372531
7.0962538101164725 0.29861510075601494
8.251008551905532 2.980750920156405
0.16171140785421656 -5.316065393231401
4.9506322734421015 -3.4035244194961827
-6.2896615078552 -2.2132592520538203
-7.7925219112380795 7.6629677872002055
3.796468687610888 4.666969531700236
-7.065834561003395 9.536938987117832
-0.5704663573954285 1.0487047534732685
8.743405323289405 0.5588324444151773
-1.294447636495983 -6.968995346987173
-1.4574442126968563 -1.3223037589072977
-7.465135865649939 0.8437695580251763
-0.11523486608832556 -4.808991939418313
0.06568533852753333 -4.791993013196942
6.109867667328576 5.9564226141251915
4.223037091863128 -1.3678930829485108
-6.688138020012042 -1.1172386997632255
6.380753861295776 3.255075695679679
5.597693756996671 -8.634933903154225
1.9473304371801738 3.9089195761201
-0.8461326261479503 7.62686598987019
8.010268271263165 -8.841752853546726
-7.694923613242251 3.707803996778413
-5.412945145798556 3.830721692256077
-2.6588136753384806 -0.08538669962907974
1.931826873863633 -2.166470758326053
-9.909007169783932 6.836625435243935
9.249414288071772 -8.722060231898041
-4.039182879380736 -2.6703347589633104
-8.057791348468662 2.064702952826325
5.505226112614935 -4.635007311406632
-2.4369274985530502 9.145453689000782
7.4890429163769845 9.921463196449828
2.0270953219056196 -2.0185134925885473
-5.5184541387516255 -6.61985317346913
-9.314080794563552 -0.8980551955569105
-9.303398212756836 -1.528442599108594
9.545432774447345 8.459656315512753
-8.200661653951254 5.995684574226647
4.351623376729748 -5.614517547059828
-1.7169528381470514 6.765614615284544
-1.9996771933889796 -5.852645287993489
-4.671038382252597 -7.698874236196083
-9.040292765852767 9.76118857715478
-3.999551992924413 7.5481856623759604
-4.124490307375095 -0.9301031953023973
0.6177606544418435 -8.12800970439053
-4.904690441342041 -6.496080274926019
9.006830623834876 0.5783329640994221
-1.1879643858828182 -8.973183681311497
-8.338589094032812 -0.9035229226884205
4.120352605241527 3.7364780450810535
7.885226433986453 -4.007606531349753
-6.084321232270367 1.862828555131749
3.3706951561279297 5.352526192116896
-4.646931112752988 8.452524565995247
-3.5830463361890015 -5.589366044442268
-4.358937615541773 9.883902901472108
3.2482186631948053 6.308963342079409
5.7823105879921854 5.312942013950895
8.012535477549953 3.4477463574815648
-4.251534380738149 5.453065823686787
-1.9220762163433491 -8.212990030570243
4.352979329921492 -1.8675155678288018
4.789010564807313 7.970731075666414
-8.97328399956671 1.0257128884189939
3.206152955934545 -9.832495411528638
4.068942665145299 2.7662941293661625
4.055447336172557 5.488669428318465
-1.7671405247323886 2.092793920565674
8.404270606047902 -2.3941395824124427
-7.921820455407316 2.779403665131353
4.534502060522666 -5.7176765914236105
8.49042638737863 2.5160883220071195
1.7741062780050694 -8.917554752057077
-6.540147075283793 -8.846713650873323
-1.1168864656607909 -5.85073306709472
-9.935234673524175 4.445964238501832
5.720285493422379 3.5910094132535377
0.22437235612285988 -2.500324829536444
5.639704860898387 -1.5696899307862324
-9.16287228178519 5.722025417418784
2.2053136747049678 -8.149130078040104
-4.499236203413921 -2.498883992854946
6.92887640807821 -9.960738172289638
7.441359181225234 1.4405601872644702
6.233959361689401 9.361445931906925
8.232170290491972 8.00887879951556
2.8750632224096115 6.592889352624983
2.908474201135391 9.76008796948227
-3.989442145336664 6.3104036772621726
-7.683057900137271 -9.870040398734957
6.10503594092641 8.801474461792655
-7.511482876669482 5.885457604506296
-9.356146580732666 0.08275711267852692
8.368968655044888 6.500648137477128
1.4858767610072512 -2.2367740273226433
2.5446516018816485 -8.82688243331009
-4.908745039675464 -7.176930120282245
-6.149057882578843 8.913491485126666
-9.648184275074165 -7.763943176668047
-0.2322978641448703 1.0124955288304793
-1.6131761255989332 -5.867633546887195
-5.004963527724334 -0.916316437236496
-4.291698112906513 -0.3677795675745621
-0.8750307820763918 1.4501359276854142
5.5556485104174325 5.434556166243452
0.33407082623649487 1.53455293685289
-7.5781537516700315 9.218573169187167
0.23940588808278562 5.770098502196024
-5.383604172555668 -7.23703262669003
-2.878442582380334 -7.22142194116792
-0.8292819359437775 8.902772892036957
-8.305863696599808 -6.268654250878138
-7.609463007849211 -0.9032241974930848
-0.9147058805432646 6.990401236240686
5.512652960888502 9.295681387829461
9.123577345640594 6.8877190562266435
-2.557076648940937 0.1097286901462251
-6.21551296252933 -5.39534029700476
-8.108489247943885 4.917510641659753
-2.1608803335571007 3.431666330667886
-6.574913102625546 9.32927985444515
-9.670540202157579 2.654922288558385
-6.389354054490262 3.7361576780358003
-3.733831306405115 -4.910799101316403
2.3587046929878923 3.693729411264856
-3.8246254166252953 4.914471450983722
-0.8894848945505007 8.037312184452666
3.8508142554723754 8.73756610930839
0.2255998207540557 5.7331515270097295
2.999021521161108 -1.427041427592135
9.536038485756109 0.7012828732691911
9.646464174419947 6.632530386050984
-5.772600158414997 0.23052304831597858
-7.178952630091057 4.830331717849994
0.6105868116959083 -0.6530061908667069
-6.776663787031067 7.743720379406291
4.5694295485272605 -7.200034064598359
4.820492934374787 -5.236459401552613
-0.9076124016389127 -4.517234247943607
-7.095651230269326 4.972110435239506
4.427244933431787 3.1528171295809884
6.28028841786352 3.097164182777963
9.999451798138068 8.719486980066982
9.121329234038264 -0.5573461826851869
8.474881333533531 6.704029748096122
-0.1189409487864328 7.234682095655835
3.81999317728161 -8.95817196579269
9.450625515549362 -7.8659287727168685
-9.875370678464828 -3.2595448690440865
-5.947019787612906 -2.5815187536325386
-4.594378406615968 9.109541531353237
-0.8869926363258287 6.41628116789234
-8.831436068593078 -1.8374172972401688
-1.1828177346886033 -1.0438891997640702
-5.676472346007982 -7.092847848490116
0.8598655795945689 3.9499511365240796
-0.16697650985538992 7.661317609724449
7.956109370293916 9.025886355158704
8.086677239914415 5.519424426881798
3.090838599162266 -5.018038571912933
-5.736033027604481 -6.498701675163594
9.062636792936644 -4.58652780194456
9.133826267601904 2.517707158848303
6.062323522601673 -5.16274733196838
4.649212080491987 -7.864005907906475
-7.830873263798095 -2.4368913902893707
3.7289138152179824 -5.665358048331095
-3.718346188914696 5.5397430164985995
0.6800019818566039 -8.249499118688044
3.0750341822821667 -0.1800604424674379
-7.675199785511271 0.12170713718433035
0.9199121605647704 4.949232206534566
-3.547588993337671 -5.7129362489539215
0.8127971221340822 8.578769984014812
9.781495125872112 8.173287371360608
6.457571529246561 -7.814513533355147
7.331397239906579 3.1778416933682774
-6.890881711967078 -5.679597001627603
4.890676513400887 7.51134498178725
1.869389056515205 1.782290023231976
-0.9331061083838037 -3.056870073673559
7.434767861662049 -1.8218520244349712
8.193976524396295 8.920264868412133
-9.170454120702928 7.455569833768674
-7.849487712507921 2.9463426468922105
8.426424313890422 4.947110826182273
-6.102668659777953 0.45445082394570235
-4.167983907740038 1.1469292875415942
-5.837727501178545 6.269949293195005
9.864691368619447 2.3859914845574064
-6.76010248683 -1.3065457478015574
0.5231535472441919 5.16615693555287
6.898434158407923 -0.12778777568474275
-3.361638184243003 0.7402992946012805
-8.289536455926147 6.5848084000201474
0.5444778692004153 -4.606691063229085
2.9493051609191934 -8.678720147434495
1.193680803258097 3.7375051194461797
8.984397555501623 -7.810865124616542
-5.501174390404573 -6.143811434535779
-8.947550173853411 0.8029622241949532
2.965675127871428 8.860011828703396
2.024844452506901 -3.536520326403303
-6.465064574973319 -6.357608962233929
-7.31942727872582 -6.308153864540127
0.39351672619536693 2.64563955678317
8.344800351440366 5.4962058028922645
-0.47405442339401915 6.519103082296386
-6.913817280317769 6.511600739603907
2.4860705346610743 -4.053183770423949
2.84964373976592 7.804677620239961
-9.439445241554319 1.6377920857645023
-3.4710396171513853 4.284167080088249
6.246567232237002 7.906390121506355
4.132518418853117 5.44060334819066
3.590188631573117 5.747501143095706
5.101132648866686 -9.60051168125402
2.281883856590845 -2.0457311803874445
5.9572202965906165 -0.759888747537449
2.1618675746117653 5.153888611771569
-5.993049045122625 0.6856920158397646
-5.693014636610972 -3.5751281150282566
-7.960324964859278 -6.554562596982247
-8.051748961895417 -0.5350411073490235
0.2534907245533464 -2.266773146153314
-2.744071900064773 -7.764414968066542
-0.6142523090782248 2.5109885436030766
8.54950425638226 -4.380067976361488
-8.223198126396007 9.189898877245149
2.735793213727982 -5.981702544186335
8.378855604542316 -5.700382221331173
-5.656315118187569 -2.220450444039141
7.045933581425427 2.4722132791507185
-3.172252139235095 -6.022595004746005
-8.299049172239801 5.305643439551009
-6.188676428298601 8.508823735583697
1.8461902022209635 7.830502732818317
0.07975032914122693 -9.558562544462493
-5.8844226933203885 5.424058059333287
-4.891763474943991 6.009328003034852
-7.318275755938228 3.2176189774087582
-8.992632703140458 4.6947300091364
2.227710433403713 -1.5414582592883335
-3.250112677185042 7.220333305808921
6.492962529716092 -8.976606072540264
-0.9762110243960116 -0.26252283579888314
9.6179940406472 -0.07300469404843923
-7.2222055697609555 -8.69960941734287
7.862765904791274 -9.402083853430907
2.735291900519581 1.2843952963015468
-1.3906567633211342 -5.735572675242173
6.627548465859569 -8.059666925593458
-7.706381183206705 -2.601396445629245
-3.1968493891999428 -2.7085755832687592
-8.492594218239267 -7.322051305556975
-8.179228111580024 9.938889127841502
-7.425156716863144 -2.477774170333962
8.968054967340034 -1.6086529591702003
4.333223002058837 3.741246308229444
1.3764297346538097 -8.159718816575868
9.648985048513744 5.007426933695383
-0.9224915728653098 -2.192631805301959
-1.5129794931240212 6.633522566533085
6.977942252088255 -0.27516053459833323
-5.2688576811662085 9.450754202015585
-0.8488768407489395 -4.17105970862826
4.439946526873687 6.6773173965621275
5.274072995457768 -8.173019001450243
-1.92101044944825 9.75545622907373
-2.2470742162226713 -1.2043886543134654
-5.036742896472612 4.969592976268784
6.313173229528516 3.4012613290844484
8.58234956426005 -7.2083481694713125
-2.312542505915909 -2.8706824639964923
-6.067621409433643 -4.716672893265878
7.253081396589568 -7.31901851251491
-5.4017851928249705 9.303805782293992
7.7224210666309006 1.5226412327534753
-0.3927991778757587 3.7886784251344316
-8.944537446794289 6.433090708383059
4.571106833154136 -8.075438431174305
-7.065091400082039 -1.869883225876281
4.775806561657813 -6.116652672473326
9.936119589314572 1.856279304673695
9.285916039733074 -5.740991062167932
1.0164911069456384 9.175829081624112
6.400857662728811 2.692721262276107
2.6382562943064585 -8.35553689996453
1.020979151888719 -7.121987033806976
8.635285836875983 -6.369787226139443
-5.814718093907936 6.375624479689449
3.2656284495431507 3.802678020012797
-9.912974780503204 -3.9894517376279515
-6.123138120103051 -4.120670311127633
9.005065136576096 -2.7674133161622594
1.8409908227416967 3.2037437533380757
6.446917338112534 -1.5087033209926233
6.0285468658667405 9.861494020437117
-2.0951955397039406 -9.597086087049863
2.0083773562627343 0.6617879052441982
-3.8164592270633246 -2.560398576256862
5.451997417332848 -1.7757460014756976
-2.848732583028106 9.899729915351326
-8.783293222353343 6.203805558435619
-0.2526733926531399 5.908515810917299
-0.1714190762871084 2.6663002584972
-6.451939023873683 8.027216885078538
-6.705111829569219 5.850202135970456
3.6691197609087354 8.157271045241231
-8.414543181554592 -0.0938801779463958
-0.8147916468701837 0.057865835392876264
-0.2695526841969915 -7.387411821461967
5.554401359814259 -9.483077143540896
-4.481700404166446 7.469893622510668
1.4475641144471396 8.96938502488199
-5.676149911972894 7.4860261576241065
8.239929311454677 -8.342749783954307
-7.550073121421561 9.68041336167651
4.591016318162513 -2.275913301552446
-1.3991632594119903 -4.560914883053091
3.1733340745913967 0.1078707018715992
-7.899980563841336 -4.243836850325606
4.678912530208111 5.7309826588691255
5.599756613864166 -0.5071332496080334
9.329324576576667 -5.762081547809615
-6.556958329333682 3.279101988630803
-0.30535054148789165 1.1091933580347941
-8.850072572042935 5.101585211585583
-3.355188823589719 6.951769818093226
3.256250206811952 -7.387436012770294
8.269203660182196 -4.049531257732715
7.071754671403763 -5.932465378175744
-8.703597737052483 -6.54370422684341
5.502393270825232 -3.671465806714007
-6.426144618708878 5.021771981582408
3.7642078096803573 -9.871261534757336
-7.950661508022754 -9.983040169212256
-2.606527490418065 8.69382247112177
-6.876364312213004 -1.0866828319903465
6.33944938903149 -4.071475482239713
-3.8868226569862507 3.994881337549579
-3.2629082228630306 -5.910962125921529
-1.6296740381668364 9.260705968313179
-8.124991462760203 5.064194427854405
6.1440415846683365 3.382710891334291
-3.9368196796091537 -1.0441526623789894
0.3069626539712651 -1.0954526427812201
9.641341767893056 0.6807893089579302
4.171872515326367 -4.029643027176098
8.522553824711004 1.503052145118069
4.83606272481946 2.268092302113196
3.7781923403650737 3.4636366608582243
2.9804373585914608 -2.7195523798227716
7.980742186792419 -6.185480315780872
5.480738941247605 -6.816003258255221
7.153007491869779 -4.321769057710403
-7.878753577677937 0.8770475749420577
4.616299608116963 -1.1515185518948634
-8.891234226792564 -9.7966866666917
3.121908955256842 9.384294900659288
0.3987087987225948 0.5328534877812086
9.66096659241018 7.5087470479553104
-5.433429220040875 -5.426079368259891
5.9299348843917965 -0.7330245732050944
2.1908744446833506 0.9594986911562646
1.7670360658754447 -3.261595667369046
6.0476390862220555 -8.476805062770378
1.472715542088297 -8.383298801012389
3.7620396135638963 1.2462514423071092
8.18865991331139 3.524958783816647
-2.072315971385894 1.9893365261833633
-1.8024028659877231 -4.350174351006933
-6.256461059086651 2.640968704573819
-7.869607519586288 4.0446240940713984
-9.745442029782135 7.596447414742784
-6.300284956294144 -5.69214643680694
-6.923464349036845 -8.07269750456933
-4.49509697000318 6.78886895282864
-7.468857796783624 -8.99973399090497
-2.1059615458742336 0.6482091470077123
-3.9461624477279518 -7.11447259921131
-9.757377847566733 -8.731454663243468
-8.005734577676831 -7.066469860558799
1.4290453197014692 -6.6289961462553855
-4.093439242893613 -8.43126942637192
7.897050084848367 7.870299341803889
9.046940696293802 4.221253886406597
-9.287752587649784 8.154524455101097
6.084850212790723 -4.655740722939665
5.369753487599869 7.155393083557037
8.783852644261515 5.260239988161013
2.483159441012914 2.0361672897822096
6.3662077870010165 8.438358289232749
-9.852833453813435 7.800665987476229
6.501440001736697 -3.3127603281755675
2.1636688423170476 -8.331621520542335
-7.185811800934074 -6.98910005359175
4.4256314141720345 6.398573703285475
-1.1294480851018776 -5.010998673355509
1.9432706822026553 4.638148977541324
4.914153692980625 -7.409984172874227
-1.5673182304717077 -6.949900547511156
2.0670827880553304 0.45741387157666935
5.488749171842786 -1.7154252278836761
6.026069996214638 7.601023752712113
-2.659242407508316 5.448504503168678
2.629867778374944 -8.348635167806693
-9.19518028677334 -7.319595527394354
2.976426737063802 -0.20932801495867182
2.768141075351984 -4.5078833460764915
-5.653502620978557 8.445205657473625
8.319355548081209 -8.873136295353852
4.077863364652279 6.925426895138802
-6.842732376471023 -7.221218327923489
-8.284239725668813 6.42462764696619
0.340727166353771 4.465796024240976
7.3800814132886075 6.168274889726433
4.353929249248047 1.354686597243532
-2.6306223530205797 8.187997836262547
2.9308051932268846 -7.7470051212904
-1.4693889391657589 -6.366954615593141
8.515115283287912 -7.325447593309948
8.87970701214163 7.767037692266783
5.518746291759296 -4.866921002558904
-5.856487616377255 -9.791486524760735
5.4580891336734325 1.1058064231418143
-0.7891600980607105 7.335646026000521
4.67726147586966 8.258291216068034
-7.125039825746475 6.866020835038366
2.4808091737802265 3.976172475654703
2.502499977970885 -3.004319893879128
1.3194147910036662 3.221763828961091
2.5407920848161307 -9.575539717005658
-2.263068586922225 -6.005974430836725
-1.907675880338605 3.266299747677021
-1.057094259717676 5.794994692117836
5.8110777003631515 -1.3106668424223393
5.731629138899972 -8.334229259207913
-2.503527121950997 6.985562558444016
-3.1681806219552815 4.627558863967071
-1.220492133971078 0.8522519958507413
-7.616779860877239 7.04496974083467
6.949455879513675 -6.544642754840777
-7.48404169920682 9.877193534007734
8.934280322115956 -2.514467369949978
-3.1889417467904835 -3.262663449502446
5.88964733250023 4.560691653464271
7.258467359367536 -8.78539284655166
-8.215680800529725 2.4325386255994648
-8.284502548044903 3.950901205989677
5.704000598286456 -0.7406305986585515
1.2996675976594858 -4.800159447607943
-0.04983445039040646 6.188519636736469
4.384544446366476 5.988041150769154
2.1227880538447863 5.884327238164088
2.621832396793886 3.2384743607519084
-6.90950057243324 0.14699830989330032
0.8231879708694141 3.463900382132511
8.382132476918056 1.5296390345726714
-1.101026221912484 -2.2127628415271268
-1.4512755463017548 3.1701823231107547
-5.48865514463267 -5.9634260152215735
-5.618620964184256 4.267360414844232
-3.4894157920764224 -0.2518566339424453
-9.911120251242442 -7.823143876404146
8.567639664088642 -4.542118396658847
-7.111412829299784 -9.959557320895389
3.2962394500827745 9.886462131704686
-2.6508347088177704 -5.55146715340843
-9.02727716375419 -4.506839814307117
0.35496929522741993 -8.242483915149672
3.777441952706628 4.562158237937812
9.966441984720745 -2.9990707214600176
5.550267367123105 -6.446242033606704
9.083255453423426 5.666888811302179
-9.124300681776763 9.594699541151133
-1.8784131084609346 -9.79739696266942
-4.0076619193943515 -1.3875313606341049
-6.052452635552516 6.241034898625632
-5.189184562163145 -3.5087451940929455
1.1936417890536397 3.6088000796307576
-2.6771813455520537 8.142409311857882
-7.050195237087243 5.05966217845746
-8.451139291679779 -3.0643532053676097
-2.9349750234232648 -5.93783331866347
-3.470702395789793 9.20188328450294
-9.26284057081957 -8.653307763309028
6.320308325297656 3.182650061914508
-4.038030987244188 -2.0143741585365564
-7.023581810667194 -4.97321208057172
-8.550127399888254 -3.0632574132080936
0.0015540407036862547 3.4318953673895223
-4.72766274109741 -0.3942257894989645
7.894991973844935 -8.992919960407303
-4.333527315182108 -5.279741697833069
2.665831122942171 -3.1569016456685333
8.617501145120357 7.859270561189049
-3.162925831807244 -6.106796509656249
3.1263106092763095 -4.223793105064935
3.607842180965065 -2.2081701653765418
5.2735630095794015 -5.124815944651175
-8.71398354001113 -0.6170971901641327
-6.945960469807533 -4.534093879094037
-6.101706915741669 7.1968236346086165
8.515102475567865 -6.726419101680985
2.746253085617976 -2.9078447795859237
-8.043250576744104 -1.446330959300635
-4.4171170453724855 -1.0793745271584818
-2.6245690095244223 0.7005986743457164
8.642362798908287 0.28889412839859396
-7.368684947666894 9.152235272222732
3.236977592483715 3.3449069575061294
-9.536168500028602 -1.9741899184197642
2.2393393783904614 1.443984131157146
8.071101902933616 -5.144289570626772
1.4257806025009128 9.264991890017477
8.679053067633337 1.2991670492170986
-3.2764774815020337 0.2834319235025369
-8.80177482755421 -1.385309647919442
-4.505324094841734 -9.342710657415417
1.6129666181738163 5.370027213271362
-4.5116136874480866 7.036983004216243
-8.60548766696656 -7.116732427209507
5.1381836069813165 6.157894642262967
7.946458347389051 -8.28810448793413
7.657491007802253 3.463700832392508
1.6990792603460925 -7.0978157771428485
6.450255493575142 9.363419949804303
8.341030552640202 -7.011868994424217
7.9529499707726 -3.5696948413035017
-2.2952595952540715 -3.605694624425942
3.6468513471675514 -4.767150150634693
6.983191895207533 4.613240462451964
3.5720009621028517 -2.960282520518332
-4.035388169391865 -7.154723250562691
-7.4566370676259925 -7.417594708252633
5.415962655249583 -2.9007992277066847
4.46726312321722 -5.988543084480855
-8.188452571911562 5.3418089944157785
-3.177590844824138 -8.809548898553146
5.570502202544681 1.0492822966074637
0.04702176784289591 -2.7207693948272667
2.403407868250806 -8.676790344107701
9.924245165513167 0.7191307669234028
3.7114644125946974 1.1597294413265935
-4.846198584786599 -5.845903368078846
-1.603164959986195 -2.955614633589258
7.018847814082271 0.9483870396808918
-8.887707055280774 -0.47604986668928717
-0.6840431831045564 -1.8400931136513403
-3.608852609424007 -8.376497727901679
-1.5393205002073493 7.614215489998585
-8.53433798120151 -7.850150882725282
-2.5157717410394076 -0.8967211335677554
8.967289095459751 -0.5944736274437457
1.8018369282981777 9.647880746162528
-3.1320044086144865 -8.152656732944227
-8.142977198976629 1.9626093106133347
-7.613314906395807 -9.120029878351428
-8.891917183792819 4.7651970418878555
6.842482522493455 3.26905052206617
-2.729730903573677 -9.946345472876516
-9.977264676078937 9.719206784727973
-5.037396482238837 -1.4324162260671596
5.03297279262684 -0.8164055467267701
4.9005272085422575 0.5027146642133857
6.896625432031794 -6.090630648924229
2.6786699771161437 0.599811042234446
4.096794295682413 -2.4612456112435233
-9.42777405526318 6.616853757176671
-2.790886217045186 -5.921981918874644
7.705774789372775 5.672831751439764
9.993397212567253 4.505646071425836
-5.406666640749336 -7.612030429899866
-2.843161860938192 2.8523184729158135
-7.615564383433872 -1.297558956693031
-2.757569265146758 -0.33326368412182994
-5.694000530068304 -1.2875875043273375
-6.797244775344193 5.928922349682033
-1.0594706131863028 -1.2723487749143239
-7.308732762849468 0.8807244995964361
-8.956897503043695 -6.19556989021572
-6.637222296391094 -0.306174193290067
6.889525969286929 6.058612180503143
2.5794223603264683 4.636279239584223
7.778565348686705 2.3540925508694865
-8.717141869306547 8.957869376270303
7.986866173223284 -3.538666982698853
9.422068142006626 -9.149158986681984
7.27743453276371 5.130246269937153
-3.5024203023344676 -2.8725921639995473
-1.2911406692645606 -6.242858371138851
-1.7576700412382706 -0.9194016170134347
-7.4374494025746944 5.19913867156329
0.6216266690724819 0.3378187135024824
5.344994771466432 8.520361381165646
-0.7739994803400023 8.07502796369127
4.183451313601335 -2.8512670374059246
5.94253422440241 -7.824649325983737
1.8109995945253452 7.2488694904388105
2.282499663790654 -3.322563676725558
-0.005325041428170252 8.654961380656477
-0.14491589056954268 -5.305519704829303
1.7003982236376416 -5.8750394287036345
-5.714078658565754 -2.622890565593787
-6.738197380450817 0.8092218017395467
3.336086069533888 3.4238976581607954
-8.466519678855517 0.1437485675061918
-5.28617551297544 8.015816600106977
2.436599983081722 3.35452339490287
5.585495355571394 -5.661255437565746
6.362663067520177 7.3564988408055
-4.962880124875026 -9.935041357667647
9.213010629392613 6.210530874610157
-0.08177885194766965 3.676613940873777
2.4218411627504395 1.6732123279689866
-9.195428726775287 6.4546211623721845
-7.958600949343664 -6.636600305396694
3.589787238955541 -2.6615940824330853
-8.111740028733891 4.025927180294531
4.445022832604881 -2.6717719319598876
-6.676393424853552 -8.602516181728689
5.3224278262556375 -4.27626264399451
5.699717533075701 -1.8846134239266163
4.08667629003865 -4.541769582390101
-4.9758988376235465 4.191014824990058
-3.295959855173205 -3.0470325446311985
4.5618316872283735 7.585914136460406
-1.5497951589614765 1.610359563905579
7.777608446130753 1.9264660585347357
-9.720089250694722 -2.041946596114763
-6.179508812112655 4.177524787383797
1.346170428802715 5.68812632870705
-0.3108388349618778 -2.1319442230135577
1.346531495849577 5.127243983373271
6.7638666741455395 4.094308105386581
2.9375367165718824 -9.109151504205332
3.705706642640523 -4.52870693627977
-3.7493264316429116 -0.45985185748454427
-1.9823372431750457 0.5051161242290281
-9.340097487469038 7.126818878051697
2.2240834472458726 1.4977478227912542
3.991751164015218 9.411262258630664
2.258270980238681 -4.925699828409515
-0.7412726349963421 4.1203444100594755
-5.57316474186631 6.293019757550976
-5.32034449468423 -4.130706888658022
7.793805420260384 7.688942850458226
-2.0558579523619125 1.1222847918464396
-1.0764324840749477 8.060673604387837
4.373865307311217 8.40118424027408
0.7430025686451067 8.052706873096025
-5.843738374294198 7.2754024122996555
-3.2832462213931146 -7.435007219269394
4.339629887997356 5.959257331061497
6.45467679250271 8.507801303949599
2.9941157586241083 0.14225585150014375
0.7732640047420567 0.3004628699898486
-6.1426513581786875 -6.091986304253567
-0.022096318046681773 2.083598526437683
9.885715548000583 -9.590974440596744
-0.4167689877245433 8.264315313257889
0.6461048536540215 -9.568014024727416
5.524640888562766 -4.981958684991086
7.402079096585098 3.800771156782085
5.58893643547464 9.141469254514504
1.7482325985797473 4.485094782156686
-5.472453874433805 -3.132900478864631
6.874792213298534 6.369743354602704
-4.650421809886581 -8.619375991045594
9.14404320842965 9.447490110711144
-1.6376591465341672 9.701010987562547
3.7447453125415535 -1.439142147415886
-8.834295206194136 2.920932195966648
-4.692283607007884 7.249405131494381
6.864771071651965 -7.81427910857833
-4.962366358378743 7.142064360798216
-0.5653345354906527 -6.139499252952643
7.456641109990709 8.918964081729062
-2.9595702164351483 -6.801166913914958
0.9538227591497801 -5.833763705323931
-8.157380170628162 -7.252195360195826
-4.44447476433332 8.069309870143229
0.5459703896501882 5.549548837728892
9.566982908694047 -5.2970769460090334
-2.6730987338729584 5.6658443863416075
-7.4894744857916296 -2.61841684298199
-3.3044855407421947 0.7246253715426771
2.6508116496923577 -5.66465405737137
6.598804687881778 -4.631156828825029
-4.520790467885238 4.115178684399206
3.4310099780078307 -1.16925297448892
1.0034661673241363 -7.681176614319563
9.201444635244165 6.714842410627973
4.72398215582688 9.802027504070129
-9.636222114992849 6.823466536072363
2.2637354791775195 3.728429648086715
-9.161716248907625 3.6727912027321725
8.816435303081299 3.1446557978762453
-1.1602842357679108 2.0991258628131337
-5.510250377097705 -5.48779318724721
-5.582563741729483 2.4832459852969144
8.034700265285007 5.055701451417452
5.342187544408505 -7.252441365036577
-3.0558253018142896 6.04983645986621
0.780495486827256 -9.02311513191413
-4.493880412404598 -5.1479822607302195
-2.285143356545662 -3.316677250006501
-9.458535833937926 -5.203968259548073
3.0171612611683756 -4.84953887137177
-2.28336380583281 4.9216141056870555
7.320817692771907 5.0157425404238705
0.8431738920510661 -7.383763077581791
6.319501443998906 8.651594007972545
9.759710301472964 -7.711958403329584
1.9626355986234323 2.6535319983910632
-0.04697100285174294 -8.690056474058956
9.657792862261832 6.839685670102025
4.951748248228348 8.972546864102537
-4.768121461045327 0.1330547718058046
6.92593370637843 2.5742072277572685
-2.6346462192188973 -1.7737734249603534
-8.92088407925928 -5.280037476937349
1.1518535290981564 7.950670494661466
7.6384306923836895 2.2726515640105642
-5.663213288636673 -4.129356308636152
7.092266039486976 -7.978653912203022
7.81793719292914 -1.537853330593446
9.942342919143563 -4.935540263018354
-1.1280932948168338 4.885176585523684
8.709351716956363 -9.899317083227803
-7.318862435564233 6.294360854155254
-0.03933390812051485 8.144329191555336
-6.315690827103698 -8.416197011260248
0.8185088116376384 5.349969748531976
9.927134869050196 -9.809130230236377
-6.7433899409079645 9.44993007036976
0.7877255707618431 -8.24550891357994
2.2769720501782196 -9.247160619714164
-2.8396324110923787 -3.815396869185294
-7.352651364503647 -4.640084243720124
-9.270276737444734 -1.352181641512935
-3.9022396447328394 1.6350427062783641
-0.06969707223752053 4.5113249685446615
-4.474408859782571 7.043166900250899
-6.86946302068381 -2.9697784912619536
3.222435479564279 3.277380689022351
-0.5368562141483544 5.308121550483381
-1.5388361731071942 -5.397070428297919
9.358494902457064 -2.053505450031496
8.016294251906125 -5.9673862997695615
-1.1651215242121555 -5.55279137353117
-6.573465893721712 -6.31329977552449
9.610303941616852 -3.784119893546107
-1.2320848082303755 4.65987452293559
9.351640744370474 7.891548147418824
7.6022977005984345 -3.4975104459757684
0.611383937094022 -7.400911554833261
1.20950182736658 8.645815643412863
-2.8135527945188388 -9.464218517101493
-4.176016415284636 -9.132609337767843
-6.193596607436682 -3.680728122105636
5.015723377669172 -8.480753396406167
-5.384768740659565 -4.277788592983924
-7.6453933271809245 -5.004720253620967
-5.734692610184422 8.587622386221057
-4.275807928955084 -6.85930598885413
7.8358365105455405 -6.607556988637608
9.199035103613973 -5.656029038092596
-3.240948237429995 8.228650827704982
9.630735166668803 4.242784187786723
0.09789499879460273 -8.38558563435194
9.002348482517132 3.964007978575202
4.037581073903379 -6.0541296904532445
-8.15083957775979 -4.9320984964169545
2.501743849561027 -3.6946754440715024
-7.095634484131546 1.0350754634263915
-8.479511676408485 -6.295385610199089
-8.955448859966475 0.22097247444870405
-1.192290229315498 -2.2330309169032603
-4.548155622628434 -8.739218267597412
4.211359120385627 -6.182584914578624
8.97916014039491 -8.870434723090987
2.3245841396750926 1.143556059885551
5.240904923285781 -7.643622749815419
9.782909799549497 7.802981192896848
-3.0783854862576687 -0.07459600111219444
-1.6291604127364838 -0.11765205320734928
5.854079160635795 9.194437054219804
-0.4194240204823547 9.458830694305568
-4.961613665495865 8.35500596079266
6.371113357289769 2.2832460007104203
-5.871341823029786 -9.288544984964439
-8.496482012973555 -7.906819475975708
9.370265453532454 -8.940600616075255
-7.990344849833426 -3.4889525045395136
-0.6857158395582168 1.1329932536711436
1.7537582377306506 9.57638099852727
-7.813513094091311 0.5036143614297366
7.94928408635236 -8.968161719958434
5.173299104807359 5.914214233631627
1.432803855841179 5.502203799496012
-8.528564166242186 -0.7365042222192546
-9.181268546943063 7.185043706802805
-3.1759998215828418 1.7626772189350266
-8.588962243360667 7.988309659752527
-0.9461160041896477 2.3169122480954663
4.789551153644387 2.5767443229688762
-2.937546625444833 -3.6415942307809495
-2.0181794039453056 -7.798545325694837
-7.971954430466683 0.7442033150588152
-5.3716564548938495 1.8043234198746703
-2.476254716707052 5.9522272993895715
-4.824530520438952 8.733501765630749
6.007621782066984 8.98835431910316
-7.515538837363227 -6.168672075195037
0.8390757010247754 -9.097734888723295
-9.929655316773234 -6.65830733523854
7.40485966196373 3.0087170766941043
9.04400727927612 5.94044254906666
-7.135930217432815 0.4839184259291045
-4.4325106525017555 5.8335576689592745
-0.3715785914952008 -8.514117825108684
-5.309243123888483 4.5385116423125655
8.923646864858608 8.652326587236434
-6.71666154870759 -6.37990427225366
2.204531405347801 -2.590117768433484
-0.3190467451650765 9.384444896413246
-4.050686510928232 -5.798655189070663
5.850064301441337 -1.1065400282724607
1.2148882869192583 -6.4565458791968355
-3.9284924003370802 -4.592422706952018
-0.34174945321759154 2.7122131835070835
5.485343914859364 -8.674551732870857
-3.3548179910757696 6.6670522283443
8.10543040435175 -7.685254937955057
-4.9252394842134954 -1.4055364731904199
-3.437767428457004 5.001357933512303
-2.742285067875512 0.6072727176031005
-4.045035864961955 5.468925306889824
-2.7040307135228936 -8.485039873168319
5.444110710517055 5.324901737892871
7.423543418191244 2.9275590703994894
-6.31803405383101 -2.1955693695599487
-4.943137122546306 9.516853419962466
8.509484794346317 1.5545907650246722
-9.29253893953349 -4.459419191578274
-4.207354103024363 -1.8202582629409996
-5.107189628924473 6.831585756264097
-4.68435554055143 3.243543631961991
6.252136353205305 -7.8619393616765105
-5.733908876149439 -7.121860474227306
-1.2208758757988072 5.397486825377133
-3.198055993349236 -0.9241166002927574
0.0077333865647037925 -7.506779793570364
5.234849960774596 2.7287830056451767
-6.485359875870569 -2.2820491527169544
5.96984201465871 6.800173311377897
0.7052951186535168 -7.93986489077467
5.740415652374956 -5.750391710300358
-3.7033168056730936 -3.1158642318822194
0.7316293164903076 -0.13404905244826892
4.690837466179094 2.556797657937766
2.9632282722743337 -9.385601232425794
-9.701852178737694 7.482606029511508
-6.781471879853813 -8.157175919807989
-1.8117511605736425 -2.536864116899724
2300
1.66984289505619 1.858065827623662
-5.662701334725284 -1.0156139437193836
-4.519008361428125 2.5409520024695365
2.8790044327934865 9.653691236761222
-7.602369781655447 8.46090186167072
-5.787417690566105 7.6772185480705595
-1.3294492071986355 1.5503017410097986
-0.28046382114772506 -8.496301706124267
-1.8054499698157507 -6.081440535734666
3.4089363065688687 5.468820378289809
6.660812403261431 2.385374245073697
1.9093414218471167 -4.9174710799604355
-4.214978481338056 -3.566803456081189
1.9860551279732714 1.026429001632291
8.92987486191026 -9.545417509655413
-4.344547708308239 9.421424170506238
9.182323457353707 -4.480139882132246
4.312218536049697 1.1798086759679531
5.5524110644903715 1.5428553986454645
-3.47720903902273 -5.045620881873605
-6.867539058470118 1.7069820388062862
-0.40978328379769735 4.589593249911644
-0.9486138788707432 0.10776913089626561
8.753106968949634 5.283896590365572
2.9189714486959204 0.2678532168033403
-4.64165550318967 1.7641276388016873
0.668251245257645 3.877281533737907
2.8428037420108954 -0.6196264540829866
-3.873846268113561 7.68421801507559
-5.919946371200348 2.198121301096938
-9.51770575914055 -1.984728718254873
7.670725587724625 -2.659002383785161
6.935775655391193 -1.584967258693048
4.014146194893948 -0.5098608715524087
-3.445580469347136 -5.804737223277938
1.6960588919896757 -2.8102939048045776
-3.252088436204213 -2.1096136384695168
-0.31537937065422383 8.386720110566444
-2.6581688058590807 6.427339636428677
-9.357129747495833 -6.41656724066322
-8.758309381981457 3.0361921538253984
-5.155490221852177 -4.841084794816259
1.1380199116080831 -0.7925063435342814
7.168814344432409 -5.409270601501186
-9.181747154750797 -2.971351205336818
0.26802416714800437 -2.6691230764063807
3.213803100867157 -1.2360182279505612
-2.250252561006647 2.103625648551784
3.214611750135255 -9.758731406900063
6.7281610999887 5.427894031209972
1.265794884941723 8.234345648120424
-8.861973638629532 -4.136213949398833
-7.826073289861901 -4.3398507777094135
-6.051902122263555 -6.458873015167875
0.6188293924411994 2.944887549048687
5.474138299388596 -0.7707763505515697
-0.4455619546258216 9.052669376753947
7.76888574716223 2.821701855058569
3.658460570712162 -1.5264541865117778
7.68371792305819 -8.144585671722332
4.866540610919747 -1.9808209179725011
-7.0414251143076605 -3.9782226402252725
-8.125848273501513 7.196328434270825
-0.543197855730277 -8.506558356413507
-5.373977406400863 8.365269241318309
-4.176641396565264 -9.352863521066975
-2.4389700430938603 -7.813953922190566
-9.54756534015797 5.878644890379164
-2.15324280391229 1.8357505585192762
4.630848052961538 9.62024444422186
6.416315161003304 -7.323558870171134
4.9722671772438805 2.64451078291836
-1.6856694241995065 -2.3968384307394803
6.037711116796107 1.5181741356474632
5.979153236150321 5.723121702276659
-1.1595412539803114 8.424662692435184
-7.202448187685489 8.356188991480924
5.289115126586292 2.4457276033908197
-2.808437140419297 -1.0606112560247798
-6.440579559403794 -6.031386610969522
2.968915805413289 -6.055700794630907
-5.716275424642577 -2.1118530012814984
2.790878299577299 5.3003538780392
-3.916784696582374 -8.52434764436454
6.868297891330826 3.496271779337846
5.433807995964413 8.501776200850589
9.21487574134445 4.380639064080318
5.035434277601212 4.602667329471311
1.1964954782586297 5.282990049061869
1.3856673911513226 7.532384680604668
-6.955646736440569 -2.45060855391825
-1.9651318004950618 1.8467759823647096
0.8454934791973976 9.083062108706084
-4.22604735268012 2.6797441907770967
-5.835751903925857 8.656528027640807
5.249426305038252 2.6345733207263127
-8.51522891057784 3.2712603461117578
8.308600254267336 7.611792159250818
-9.613453878223762 -1.1587645242208193
6.258639773721409 -9.724262146900195
0.9178324835140117 -7.682179094918709
-4.931824813768156 4.160459123186431
5.118347856718138 3.2303964576630424
1.5516833979386835 -5.309928038670913
-3.018679702572862 5.371902818695251
-9.765167909122855 -2.297961975983032
-3.837055961862152 -9.913904248453733
6.624526733206981 -7.070127208993828
2.7938201517617163 1.0942400450220688
-8.037072311292867 -2.4356488519077413
-1.265152103445864 4.823969677949826
-8.106337722271393 -2.412234261228747
-6.168909139291101 2.5692809339364846
9.99385057262964 -1.124532303535073
1.009026413123994 -7.501876150976557
-3.3936313946142427 3.924541645003316
7.239311861678836 2.674287252409613
-0.00277902676913655 -5.899337166782008
-9.099039748885403 7.619196353218939
-8.758002800631147 -1.3661581210611509
-4.609191977577312 6.787138863715441
5.559571845946499 6.185187962892108
5.408813770081773 -8.915642432200048
-2.739169140970981 7.077907560983469
-2.4685346467196423 -1.7533025300401857
-5.222090647943847 5.491246043735396
9.75864446241178 5.2793099663095795
-0.23434520168293282 -6.347410588535272
-3.555476171465637 -5.235383002078027
1.346618481379128 -2.6667347940490345
-2.735238380134966 5.047448006848052
0.3794790867239506 7.094841510114879
6.758591202692273 -1.5069062397798287
-7.496678319193634 -6.027152965800802
-0.0855999262087348 7.115325506327096
-9.60237380718075 -3.2626812245467
4.289956727349901 5.15104104281054
-5.416697487431536 -1.545813199763037
6.731785665937732 -0.45892966709594596
3.419264438392716 -4.676527725764341
-9.457210235531921 5.926465118354255
6.7104706189422245 3.353210224476758
9.621971546326282 7.372417061078753
7.193004877511097 5.547189375954378
0.557253909518657 5.4187807483889845
-4.460005670398592 -8.0933551202987
2.5845280534169426 -3.704829768552271
-5.690541914438398 -4.50903272973709
5.685130449658773 1.3804125422494735
-2.6708323192556493 -7.537763134743449
-7.515650675645906 -6.3114846092697485
4.34069478887778 -1.3270139976295763
7.010214410323126 -5.596529140087028
-0.648388119038037 7.644265895671868
5.435845943305882 9.961641448412287
7.711963314348701 -9.18951985675604
4.652599994781992 -9.995522652915383
-4.119020340272794 4.67926732306594
7.320037448417924 5.8511555515925195
4.844156327381546 0.36017780270503863
-2.6713748126402326 2.2097161278562982
6.423134322136942 -3.159786206275246
-9.51805580842871 0.4713775008443406
-2.9473665040292785 1.9168665564956306
-7.0683632030911685 -6.92451038894588
2.9738166906159673 -5.233713983842582
8.735555176411602 3.3869898404611583
3.7585666046612296 1.340040189667441
9.538964675768206 -6.06938011350371
4.249977280220932 9.972814817480902
7.200816812546712 -4.3351730787749805
-7.743947879936406 -2.666541427332046
7.935446940123661 -2.7570347442179894
3.6089743058055195 -9.93144636669027
-9.795594107675 7.461816633194626
-7.215404301852477 8.834040378599735
3.4247394988082327 -2.313344976598617
-0.5896899686260078 1.195738454564399
-1.9409027739141784 -8.777774952644313
-9.641214251524339 -3.7494855430748224
0.68557577082316 8.538207789502096
6.831059364441284 1.8130270410389482
6.884477021975357 -8.431407635391196
-4.703090944639632 4.186096460947713
-8.900895854665894 8.385311523078595
5.28581936548132 2.0070667992662887
-8.921307376974335 2.1589793721062875
2.521829555958046 -5.162418865281888
-3.359542012233458 9.495033467699656
-4.172722907459927 -5.774771227571058
5.6361117324841 -2.085943664088461
-6.896695488895295 4.494490255579549
-4.636629506040462 1.0141536708309822
8.219451734307675 -2.2622611992827117
4.8681138640324875 -8.483793844568545
-0.1118444951072135 -5.194911902322756
5.502645291512618 0.015083048061967474
9.011172617831388 0.9710210371484269
1.3386722276225669 -2.813125090607138
4.878420944174957 -2.8336521693284027
-9.590878622817007 -2.9917492054938855
7.424868034212327 -9.12786030818925
4.861630885829307 -4.8823194521754605
9.575217854595028 8.532856008899962
-4.420401941967416 -8.69429243671686
4.857171146119763 -3.8160454092704743
-5.784375842281011 8.615400850109921
7.36836895203724 -2.608604215570347
-2.6274006087776636 1.4459530214172638
-3.010474857462322 2.689809917456502
0.9087514013362785 3.4066206461473048
-9.970069283238645 -0.3309380341869623
-4.029975280885689 5.918703784844691
-3.7843591108133285 8.349788536484063
3.500814722358127 -5.213287978929011
-8.241225126751921 9.006355070151557
-1.6417922562504277 1.5851762217505811
6.347230223742223 -1.9338473221333263
7.685805476808866 -5.597003154389206
8.471274016287516 5.981216210536239
7.42030760428764 2.616748830055071
-7.349648419264591 -1.296565521493367
2.675851288284486 -5.124587288464619
-4.98012776832682 0.22636584919830938
-8.980665168954543 -9.458724644210943
9.930193406306582 -3.2391689637833583
-1.8698078895397927 -3.8327334429492073
7.73038621864935 1.3995414317784878
6.461326860666571 2.6477161047819813
3.716021087850754 -1.625754846781751
-0.8890819906296663 -2.3554860607922397
8.456430041335953 -6.188239950849582
0.0953612633455414 6.294721159160947
-6.814691738467049 -3.3713263494894026
-9.319176328807252 7.172778648426629
-5.538406817979789 8.16841577172206
5.0030705327018445 4.95475586489289
9.657058028539687 -2.419906456870402
8.936536628840038 -1.0061591097930833
0.35928675772186125 -3.616283939227179
4.4601451517233865 -7.49114101879476
-8.191351596247294 -5.350355895280787
0.09819021910112724 -7.329314163977749
2.4682067948490083 8.089799869289447
4.085631440264137 -1.123258826950913
2.951239635391632 2.7800144049245077
9.93604890587265 -3.4971492870521477
7.945415320563978 -5.531655771763042
-9.549752132980664 -3.8426669572702625
9.056465250957277 0.21533479612920914
2.3712651151625614 -0.5391531663056135
-3.955343002865506 3.7019604014931335
3.0465924634831687 8.08183656952352
-8.76783375376987 -2.9904188188838248
-3.0277864437354935 -8.355772669131591
-3.1602619138477355 8.944453204376291
8.532125332840597 -3.232695126603895
4.214571700698773 -4.403808522530534
8.773912114053616 -7.1848571326249004
-2.7450346706626183 -7.662116312527029
-6.869421614825654 8.191032828941019
2.0299075220576164 4.438054815895908
-9.851407179263472 -4.120061238956367
-0.9606977925260303 -6.617884986501393
-4.109499159358121 4.536928680522225
7.826844962912283 1.740186703242907
-0.734876723296205 -7.057251398105313
0.25856700282363754 -4.929155572468478
4.67061129541751 7.620255995336034
6.1678879996076965 9.135342539997946
4.605246804144176 -8.13653031082069
-0.2179265577456455 -7.034445159778624
9.550074125362464 -8.334035013543225
7.547396597181269 -0.28933150893949033
5.519579059048054 -6.176530348335518
9.390930740059854 -5.794926682879229
-1.8895160220802367 -9.990801760958956
2.683253701025901 -5.464141942546408
-8.073777708594186 3.559247607855834
3.1201119263978345 -1.0106873928994116
-5.645407705417192 3.8874802300128444
9.45746155070017 6.315390024481861
-7.8284194952318575 -9.117353127827684
6.728136813824747 2.156780637884065
-9.686050599998604 4.288197525930631
-4.081636135332827 -8.578189642573385
5.087404151550301 1.8667882184025792
8.221263411607481 -3.174549063757091
9.853250869974637 5.517212334866395
7.095442853249068 -4.176979663392071
-9.441203025146244 -5.2912936916652615
6.38815369672502 0.5163613654319281
-3.2072787446627693 7.777473492690895
-0.43468749122884986 -4.3166681776284594
9.890830963309025 4.574777303696308
3.8121350222816943 2.042333261567899
3.2529576925015196 3.627546529140183
1.0580739758988962 -1.2372101880096782
5.007428500019113 -7.490744776913656
-4.7188033562994995 -1.6335205520507792
6.865374668304558 -3.3545332884518553
0.8113817232919054 -0.04707120536418152
-4.922063870189466 -0.7162431273196432
-7.813899904552091 -8.25756151091439
5.8973564349371 -6.787912542355123
1.3593120388434272 -5.800387590666787
-7.717674978244631 8.95906956891546
-2.8307020693832596 6.9968573190353
4.351784536574211 3.7011560579322182
6.289294424167519 -4.537277627930656
-5.54015709850876 2.1790187442288236
-3.0643434415237163 2.0086348184628218
-7.686761245479681 -2.7804706267258794
-0.006746306971223248 7.6710370359974185
-8.419202796575034 5.89712688482348
-2.059698570324735 9.731801508161716
-5.447007714283134 8.743408057236351
5.514690371315714 -7.153135335059611
8.576493005160962 -1.6353665901585153
5.230242536672122 5.877991273143346
-8.984669937293916 -9.37881319280213
3.0705606665009437 -6.505346803922267
-6.645153722198245 0.4924193928605902
-6.759696946580904 9.022686777621974
1.9403186920111377 4.412261961002585
4.4480762077993 6.722007710137138
2.1026872543947945 -3.7754605379764943
6.4269363445593015 8.862240266042495
7.08173544201026 1.1928747100557384
1.6058033605546242 6.961781361063643
3.5807693630828012 6.147196372730551
3.1795909152192294 -4.4281908024132655
3.4815259670958056 -4.086215572587502
9.907606965722596 1.287676097745054
2.675254820028103 -1.9761097199220519
0.43808032241833494 0.7141909658091254
9.029708826099178 -7.020397560772967
4.950636962787396 8.584331959255536
1.2111008596574528 -3.112186380328157
1.9439642195796303 8.307483675778172
-6.222678299842849 7.332000753808529
6.583446464736763 3.921961651876117
-2.829447897549791 -6.4026262167473735
1.4493531694439312 2.6426705988232158
8.691172313898296 9.000701109914008
0.5257676577270551 -0.7234420920957767
-6.645223371609812 -1.2306516777377308
-2.5168230892358245 -7.601456635181365
1.6909803359918492 -4.011455404935345
5.709448262131847 0.9662426843428236
4.866007733268491 9.421857303985142
6.195327992464389 -1.960404713448117
-9.607105343684232 -5.189008628799123
0.37741364328814697 -6.186609821709368
-1.9398316727949272 8.85247421331567
5.229386250753139 9.990002451277725
3.1536491747922213 -6.543376291950245
9.849339894068201 -2.508544715087602
0.865038874584803 5.241335112019732
-0.4647168567694049 -2.699514567270258
4.610855093958888 6.774260621163954
-1.396988307357141 -8.327962592723022
-7.5257794261041555 3.0665431641481113
2.6857851275583737 7.235360818025136
9.142495743997145 -8.85552693309469
7.660438056870515 -1.1041043837318494
-6.389148383442633 1.2448966732166902
-0.15223298976402688 -3.874679732174087
-7.491546318190398 -8.292790716836173
7.793164838993995 -1.3866653755989962
-9.500859247755656 8.133241616659124
4.461691127642986 -2.3657099507979034
-8.084728921599641 -6.607666800378979
6.657677817779351 -8.862120726259594
4.597420873139548 -6.095920708528317
-2.8191180050531646 7.516379178041387
-9.910889559449776 -2.3185491237595723
-2.6332239388276557 -2.214026214236668
-8.773379687202551 -9.930724443783443
5.502527832429983 2.845245381278394
7.000338554787955 4.533538964798282
-4.942139241966956 -8.085712103512662
-1.6567490933914542 6.008137202411124
-5.947739012012104 4.375274707198356
-4.616475006161423 5.471279584995941
-7.809854510865463 -2.7001029652785498
9.886481379678997 7.796559483088956
1.6352515118338058 8.25426225754914
-7.774809261736357 7.3007006694507695
-3.4512445385973383 -0.3180047250195557
-5.0992527672639625 -6.968629911889391
0.5982605809531485 -3.1308861308914544
3.647721997117479 8.902535918430189
-7.620156732200316 7.057675786819086
9.702952934590957 -9.30562626182535
-1.5225401770164666 3.95077744240613
-5.633251469550588 -0.1454848777126987
-6.774897315734401 -6.048750570987753
-5.370869067861468 6.2649492230951545
4.431720509429516 8.418532109530236
3.9873759787654315 -0.8577842517580709
-7.3330163708664875 -1.4600556994695157
-9.320674898298954 -5.761992644384122
-0.8819675940350749 -6.082011666170953
9.094853009524549 4.258709576990153
-2.1559866898023134 4.468026528096409
0.7262749369757024 2.701261388354917
2.335713521115588 6.438941125507515
-4.154426091475589 -1.4797894182181164
-5.78988136779169 9.257417590893368
4.685777871346204 4.775580567561214
2.6304304850262223 -6.3937160013969585
-5.7177462095482445 7.013186210268316
-3.7343862314454217 8.907547755271434
5.476583837228484 3.578525957806775
-4.507719800090221 -2.506040731217583
-6.441301274314486 -4.507757554546061
0.9988375492201484 -9.297659288570157
9.202799258717885 8.434671149978524
-7.268906599912519 6.2662241858353624
3.219668057704803 -1.8443067338291144
-3.5015031420802583 2.0115429382101766
-9.243367250169825 -4.909376645176069
2.4069038638465283 2.269826677867268
-5.0900013393347265 4.743972248963814
-8.421164115199812 5.011499231545372
6.086805864170405 2.2283878609335357
-4.0724190039901 4.64331939346536
-4.864116352727985 -2.6365730410288517
-7.357158493012188 5.1536795267652895
-9.702549004010057 -4.834720745451553
-3.6895459865292457 4.944861050393046
-8.279669258773625 -6.07745916545319
-3.9202774105897253 -8.068647169574529
-6.915415875991144 -2.500630257312979
-9.57832972436729 3.634282582453835
-6.471088962324338 5.378931750538349
8.27244125317328 -8.804793720355866
1.4499012397667848 2.853360560036073
1.8721775069997992 -8.52539403464583
-2.9015708222175522 8.296887601431369
-6.270947177138064 7.888556177640211
0.959357823448828 7.912563406081929
-6.962240457217181 -3.8485089911021912
-0.5772140596333486 -6.6977826806957825
7.832893106508386 5.114272641230951
8.299467498465386 4.307210404660598
5.26255094340263 -3.0870340571860755
9.580123729782471 -8.791421153035275
6.74048078429308 7.356871327135337
-0.968322309339257 -1.8730671568469308
-8.121720091403885 1.7743647099285376
-4.79619103130092 -4.4740671572181405
3.984094224664254 0.8370871814631098
-4.1043019590459355 4.3096849673312505
2.673617242963303 -4.437109285785863
-1.8626967495767595 1.94959785730941
-9.777593732407617 4.853540470196247
1.8638411134473625 -5.2462367159796415
-3.9732343410471804 -6.289844950276189
-7.005087020665799 -1.48396755210271
-8.191964144559837 4.0373973678797626
-9.862000467940872 -3.714005968510916
-1.9081471931082667 -5.116645058793694
-5.745348235680714 -9.190153691296327
-2.8960050361254037 9.33619468616848
0.16482797974695274 0.8879395354329862
-7.560471674073829 2.2563279666915896
2.1958588533559364 -4.095415562997697
5.2216988589138325 2.9988697172515817
0.343861910240463 5.145721661702076
-3.5884658525901187 4.192509322719111
-3.5860853462250226 -4.83529370351188
5.867553126186957 4.486266362265049
2.566452145905769 -5.355726792413558
5.618856600076477 -4.800020124741831
-3.732456428201134 -5.340956562933283
-8.304829785724506 8.76941288439071
-3.2694440107540856 8.217067264733618
7.515610862035771 1.9751605609384768
7.447555761611284 -1.5445754300925802
-5.5085717903898 -4.91596919494238
-0.7630823730499294 -4.92892609487207
0.15443777750451027 0.29113995705067097
-5.895882129267127 8.234468637107312
9.562085165844412 -3.1467247788221027
-4.088938843045398 -1.6311692481713145
-8.310755608591078 9.88297146621603
-4.568394882771731 2.9612838715949596
4.372753517685972 -8.223969391761358
-1.3960570180466476 -6.954181572314393
-7.400695097248871 -6.909204753289577
4.097921887732394 -1.9103160814951732
-2.107922846739701 -5.926634332891847
-8.400482441012187 5.456806230087592
-9.018329411062457 3.577868081477879
-1.2811366174684586 -1.9568488546008922
-2.51542918940663 8.948021537337176
7.010420162564792 1.2486774268239316
9.652499738949814 7.198503564856001
9.755967285946603 -3.1541703503305962
-6.8460450879881 -2.534174513933505
0.8987465439961095 0.9650344735705829
3.2801655766763655 1.1703817615100842
9.34719038790043 7.2700240628100055
-7.9566570539471755 5.279973059026888
1.7549328047042536 -7.172124030911354
1.307546815702814 -3.1699220740594347
8.005183514951781 -6.506098727755896
-3.5467113130356935 -9.96624027485
1.4408455772344944 7.512057246405128
-8.636623130606946 -4.933160266630418
3.167741819357639 3.780048508780677
-3.136417247738268 -6.59094966409331
7.992856907400608 6.287030216732493
7.901768612735051 6.063499949705957
-0.2592611449261799 0.7003532922690692
-5.4689640818527385 -9.593934127869392
-1.4149605490887005 -1.4364624462741116
-5.373403642217971 -8.657196364925877
-6.334368058096398 -1.5128026105276895
-1.3541059334293344 5.228438303425815
-7.953736090670864 -7.5808061939814735
7.301719752151513 1.9113762065732516
8.47947586090173 -8.378722083322856
-6.3802575640868415 6.351360182517208
7.068494249598068 4.312302863453892
1.2037034567780118 -3.1063603970619225
1.6675794347640593 9.35015173473101
3.9679982919263104 -1.801577313207046
-9.768104664466279 -0.5604710952182561
-4.713821419177393 0.39246428820562684
3.0816109409537233 9.838998733389847
-0.33481684772931786 3.4606676936941447
8.84149984121218 -8.641022672272227
-4.287680618290908 -7.9672687070211134
-9.763762518782276 6.893740950589134
-8.597610004491443 5.659144186449831
0.57774962932492 -3.258520721691447
2.3402926742044627 9.560892897207388
9.80215302941414 2.5358306930548213
-8.061088400847288 6.408777468887333
2.9907767036709476 -8.413291658309793
-8.405257458978788 3.4754281528137447
0.2208773338500265 -6.745247284465677
-4.169212466062142 8.572688234001543
6.833403803807364 -3.489009900064426
9.16733225826562 -8.389428856381647
-9.185244913223531 3.8450895895452035
2.272197870662824 1.2612105325665635
-7.861627441320902 6.0497754129448715
9.416811639275483 -5.766397881560201
2.344026566570383 0.0053283356765572165
-1.64312232396356 -2.8334454381610836
1.030237819205146 3.376086384797661
-2.97213479528706 3.4642575368680397
0.8512007159557058 -7.328387344689369
-8.03441550551512 -4.748514472440526
3.9742677194109266 -7.425077826735762
-8.335890989103035 6.477636493458675
1.4789197815595614 9.056328750756851
2.855140923920601 2.3637856645654676
-6.627091520560482 4.489886914963934
0.08006862302343087 3.8020317246102096
1.399168017287673 9.243742099735176
6.096439382031061 6.599837387774105
0.08406515122510427 0.9109538784255165
5.015222831586071 -8.125348718678927
-9.997378595193524 9.278998346956172
0.9776016065174264 3.611961369045746
-5.505159822573351 -7.122496957497432
-5.684486956537944 -6.198725992107301
-5.5353673628768085 -1.8797581915899109
-3.1570327988462825 -5.240837416485391
-2.1333720018759728 -5.047162536264549
-5.815052125110793 -5.305545856245093
-6.923198834765545 -2.1550064151196846
8.82717742388057 0.5708026545744822
3.5066631066888903 7.988100899439697
-3.54097154608644 -9.8716438850147
-9.730388875232292 -6.652103931631994
-5.927119888582844 3.732734557282182
-8.830589324975 -7.321192958679388
-0.7068792288945414 -5.645824388247327
-8.576680094744232 -6.777627817803702
-9.264718075544188 8.44140366566402
-3.2501884801915555 8.672065650577693
6.682517502642238 6.701293444709059
4.7626319676624895 -4.257067575990123
-7.663112138063493 -4.238200347093373
-4.131473062047748 -1.360286201471908
-4.684857544555769 5.505159432322655
8.300157140858104 -2.736046274298136
-7.978281882318495 7.501534807530675
-6.797046192052074 -7.793584959537783
0.8631539119052505 3.382960743195131
-1.6564661104479796 1.8715725473140328
-3.5978575513820443 -9.948326250907053
4.485606346926801 4.859941221434607
-5.879399418701253 3.4733374518637117
-8.288461431839009 -5.268826526046098
3.7971933715543944 -6.611479284909225
-9.825699952421107 -6.747072102814553
-3.263429002574356 -4.896029109257309
-4.667428621582268 -8.2436167995948
-0.4789297064106357 -9.666678091084384
8.835526686405146 9.275214602337098
5.876352925707195 -5.6152890696245255
0.26723153412907763 -2.9889070620294174
5.770197650843535 -1.8177381177882186
-5.85935925200716 -6.896442515561734
-9.658777667545248 -4.2035580526523475
-5.569084884677915 3.480681160826295
-2.4296267879278055 -3.350072200284142
-8.606597195202163 0.039607422455159025
3.730199181623524 -0.8304203624922764
-2.415451986303914 3.0889522543204233
-6.667031905408667 -9.685104075043888
-7.292918671457516 8.905585296919224
-1.2145668445835351 -8.618619757417436
-5.452493721897341 4.039434260932413
3.9362045538808825 -9.637882731714583
-1.7031031291388423 -9.24583074236401
6.1715129579467245 3.0517781492551848
-9.596769314625488 -4.231951496302879
-1.7582465388165573 -2.762297814867254
-9.380963686611477 -0.6003113119644397
-7.0950140927966725 -9.886845757928045
1.3989308831801406 0.7027378056290079
5.331738188310505 -9.337869144350952
-8.22469656540331 -3.7893668007832915
-5.562866523083558 -1.4894315365350952
6.378095476621972 -2.6518217176536707
-9.868758548713362 7.212957092923478
-6.977101965128869 3.727828905044966
1.5123420676666726 6.771864185065052
7.976918236275928 -4.40866646900094
0.9635388711905044 -5.171923523600372
-9.849562774990396 9.489118475841536
8.925658754068301 -1.5849605447049484
-0.7552980989417328 -8.816574006211017
0.4918446115431774 4.55996934955586
-3.5620267145907185 -9.894248875884957
-7.459294198145541 3.949026894497166
8.46328864448969 3.88491165165423
-4.644787617089985 2.3512386461463173
-9.098208727777973 1.4377617801155846
9.447531478872609 -5.782390698302928
0.9493336896389888 -5.318613256336107
-3.7077937630648883 8.151878022546878
3.2712848442275284 3.321154660751631
7.641479194970032 5.054277970887002
-4.607279272757106 3.435389673867828
-5.1507448007387175 4.202258756823509
9.62427605201848 0.6086775719867799
-4.757289634168473 -2.454963408574322
4.374066046614027 -8.48617191383138
-8.545539956583891 7.803620322803539
9.969872595305823 -1.5905310831336763
3.310426797362924 -8.110928463390739
-3.4207983810525633 6.137152554334055
-0.20072299502975 1.703343490351676
2.9627226116173446 -3.466382890591124
5.292103817743868 9.250989052585144
3.7993058934849806 -7.168646502605762
-8.425215372667974 2.8335732231728805
-4.753351791079375 -0.8942720725862046
5.96768933540335 -3.6609669135422713
0.5546996038173919 -1.853133838647139
-0.314860254607467 4.443699767885953
2.917198623425911 -5.042322648300175
-5.005409246095384 -2.688296150433878
-1.8117024121153964 4.582983514080166
1.7214246660480104 5.004321506149033
-3.073969301438762 -2.42578261456468
9.302985277448496 -1.0341439960991359
6.226804098705223 -1.3563415202228022
-8.13588256357736 -1.9951224251567812
7.54851638866128 -3.316761675494025
2.790456823948279 -1.370019826460986
-8.185050774859201 4.716750198678003
6.238240914053275 -1.9140152094665819
-1.7731217356886635 -7.214634604582879
9.226658368589888 2.743439201316921
3.7458871389850845 -9.048794260602836
-8.47453839863723 -3.316401345399771
-6.122733598356504 -9.099651812664293
3.838121972848098 7.567857421542673
-6.196642152455811 8.614972389717945
0.6216952346061984 9.268230891599053
-3.7066885187022773 -3.4776596146603183
0.1150329085748858 2.546034048509087
-1.2732900244307324 0.8590414944498121
3.4620904777017607 1.050520549710864
2.3125549030256742 -8.11359956140735
-0.796995096232564 9.763847970348905
6.426328513414802 2.5758910316046197
-8.432061831683889 -9.470307100215345
1.2651872298452034 2.8485536928517963
9.480641528439662 -1.2294123450486527
8.314115355237238 7.222186787544501
-5.911073308039199 7.0316572004561095
7.982969958979556 -0.42896383332131016
-1.5423937708439244 0.7136528316357271
7.742484852347729 -2.9594698279266662
-9.846620106824531 -5.3381351674081845
3.8092478056455352 -0.1403354655347666
-6.879314989931138 3.8443479223005266
5.357767061395819 1.5160107607622955
-4.430015910366 -8.896877430546974
-1.3841937552282264 9.103398728810511
8.93281797121643 2.2237722741419716
0.6756951558944202 8.358478895527004
-9.360357296634676 -6.196644855865136
3.752645560296642 3.108629894545258
-4.721291397415179 5.140178863314574
1.6505193081879366 3.0763511149946297
-7.274596844524332 -7.719609134702303
-7.5135690761715175 8.716652058319042
5.3550723276198315 -6.550596343172863
-9.06435781711664 9.159189800974268
-1.2575082460617502 -8.834507327078025
-2.694223429302472 -2.0705583022607517
-9.931735631021663 -6.000346252755493
6.648711021279777 -1.3560259309426144
6.874768374095861 -1.0733616701276105
7.485416298973341 -8.22234084008171
-1.1669380816826251 -6.504147047946931
5.23534621513242 8.552818536619032
0.6263049129019986 5.244458590695125
1.078804442401518 9.910075523523808
-6.239282820807707 4.933827179184497
6.943106853503398 4.042331302307655
-8.505317036155498 6.161491242686637
8.476574774530235 -6.663365810847834
-3.7193497284779635 8.568332947999338
-2.109274972864535 9.105601649471481
-9.396019501034516 3.5524472455059133
-6.679827185921081 5.51946255065406
7.531479852443461 -6.388886590983978
-2.8248068979943497 -8.953991751728864
1.9767976434109276 -6.801220440309197
-2.6683131093628294 -7.3551329693162
8.27349778823939 -8.721593996413286
5.781312069117206 -8.993519204219012
-3.5104021394772538 8.934566045194764
-3.664576793272099 -7.501542263999479
-7.928545255275634 -0.3030829482786519
8.917815273207161 2.0086575036954173
8.021254557475384 5.890206320757535
9.977400211383383 -9.646339516745206
-8.842835055760268 -2.3044106287789345
-0.8544784603053905 -8.996843052524701
8.874514425696386 -0.4450492794278098
1.6636276099355207 7.848864678921139
-3.6909015464317125 -6.017293175770186
-3.573610627558974 5.162332561860621
4.637735207409243 8.73205825519463
4.346665252323072 3.37656577048306
-9.489763575199287 -8.563257037737873
1.7384475601825748 -1.7561927645992252
5.575885520431251 -1.664666689992611
4.072986989730422 8.504411955850543
1.0638430277069162 -8.04967603410244
8.664503643864244 2.49353422953104
8.332349320783933 8.169387069516606
-9.266043159352606 -0.007813033943866898
-6.092580583980842 -5.7237559928615305
8.33720052542916 -3.0332951601753644
7.539504835358038 -4.923593047406594
-3.4127559799427694 1.36410380485869
-6.8871163051755735 -5.438138397685314
-0.590693597953253 -0.5306636578233732
-5.209833336758686 5.694743493892837
9.728180530941096 -8.719391354547835
-1.8341491160042818 -2.760164104788892
5.266355408399981 -0.6553647122896678
-1.1825831353018028 7.225809793573266
0.6489877486617512 6.261144808517368
6.283784642894773 1.263007887783722
0.6101536048409706 -8.596413171520794
-4.789407356753648 3.3700032822864383
-8.91247100352846 8.2185845828669
1.7816304726344985 2.9869984622812815
-3.908266068388344 8.271590515394053
9.387502634962168 -1.1186670764084425
-5.412539184596527 5.082665966671488
2.242556724312891 -4.746339641113108
8.641094160427386 -4.417171032632052
6.316538358600685 4.1230788811846235
8.037139519336698 -4.813677017095339
-5.076065686825095 5.753237411503786
3.1956341617317747 -4.51832058431195
-4.774573982106456 -7.163533489477134
9.125049848137351 6.777472507765005
2.458758744434718 4.734550197597693
-8.22473846925928 -9.23992773067161
-6.590288491383598 -4.132238175984117
-3.4644114628448275 -9.391100217478874
0.2501033366499925 0.7281926308678504
-1.7200798086695883 -4.224529025898043
2.1606170391015667 -1.8340871866824298
8.55336578979804 3.3366022258693047
1.2329912475916345 -7.012713890276943
-8.773759089191094 2.65818945054561
9.917266244862876 7.7359974898930055
3.160429953790336 -8.601518017887082
-6.27746027830945 -8.672221689239006
6.508366802877813 -4.268368721680602
4.915321353650068 0.8264136750262079
6.943979988489065 1.237469573504562
5.108199235554311 -1.18073714780272
8.112533810270914 -2.710456232786207
6.553143978366794 0.13236052484607974
0.30500094421158686 -0.12007653416356057
-1.182737962243582 9.61308277614135
9.746840175049464 -9.05043779759702
5.614056263190806 -0.09656368603577725
0.34714667041995106 5.41932173454364
-1.8987224676357446 -4.333692605518424
-3.3442516492253604 -7.633960275907128
-6.6775528314215205 -1.3143512725964417
9.553183464235662 -9.005564917135693
3.3574095595542186 -1.6150643736864279
2.266249314176063 -4.691982486846218
8.961155650120642 -1.3911128099107515
-5.449779219959163 -6.015063781618397
4.062531744126449 -8.25309490488581
-7.2910182318350465 3.4433670461362347
1.2724019222665213 -1.0453590112531828
6.470474213327286 -3.0555604783454555
-9.142996243491302 -3.1867439093529493
-5.782320844625386 -2.1780127550667405
2.070864889881408 3.6911254589480187
0.2786478804526453 -2.694431464628277
1.288976774252081 1.611712402300416
3.046784025219008 -5.531561321904361
-7.3778478200951 -8.548021733001232
-5.894938356116118 -4.825183612144899
-8.019605715785087 -1.348025593707531
-1.163416688938284 -3.917955099105952
-9.224588812070703 4.443316824480172
-5.155486480252145 9.0121425257765
4.685449024277304 -6.251361024952242
-1.6786497392592388 1.1253604247182913
9.422096573098656 -4.364267376513706
-0.9781566607326546 6.348408909324313
-5.238444661901749 -9.931880251690268
1.1502901294683063 -3.5245127595885677
-2.316777179421557 -3.9067539254105554
-5.53220155513735 2.227494851767224
3.526805853692709 2.7615488409501037
-5.667707844200461 -5.874232824621917
-5.9850335059221464 -5.664084035443624
5.014782409664056 -9.858162012421506
0.5832640765419193 -4.151269404373825
-9.978745058613622 9.051998735454788
5.267138719059023 1.6198272961402793
-4.611778924025407 8.019498549067727
1.5515870805684902 7.664468469485492
8.256522066793387 -2.0035356438128478
6.537276351957853 -2.458927650604677
6.044635011012755 4.361907235758018
2.4501569766106392 -3.325744317925672
0.40379089488300757 4.755285459058721
1.4366228145641458 -8.51975094718503
-1.1045796329480844 -9.915817821241998
-5.619936996453605 -1.6134211329824595
-5.985927581370111 -4.55894330057072
-4.485091363111264 0.736352709794625
1.2821492336314186 1.260705872404042
-3.351934284314291 -2.845370731271066
2.7982048645044433 -5.5646365236212265
2.046174943118803 5.542457967355595
-6.543632742462123 4.522785359643141
4.418208077253098 8.268560621331638
0.3796324238508362 -3.240634225324019
-7.135685015378009 -5.458922070949541
-4.185520845063193 -1.1232084915716172
-6.643535405925116 -1.5978357424603207
-7.050504242321316 6.0253837211066354
-0.043078890048315444 -1.6065044337945107
3.1592704226852995 -7.461000370566295
-5.021032472562288 9.89198865083269
-3.076392852465373 8.302065832455902
-0.39276254344419215 -9.993158800870335
-1.027522788569442 -7.6554986166566685
-8.096057812316706 -2.6665048238140248
3.5874106491836866 8.316137912230147
-3.744821752386236 3.7952202496203213
4.723891354940941 -6.194962516346321
-8.620368119293412 -3.331377377418594
5.1560226438602275 -3.071796807216769
1.4739377420432458 7.959268046030473
8.97546174288292 -7.069584162114825
-4.045304295349514 -2.759126914039065
7.690498938264312 8.540803553651934
1.3023767948938474 -7.745858291335814
-5.167527734233685 4.205894882993093
2.010150332086379 1.1734329621514679
-1.2500535766286767 -2.4607929129104438
-6.640183562098441 -9.033827591932255
5.7194862107715565 1.4825067872426256
9.326963173295479 7.334493072132545
8.880566147954028 -1.3435873400749614
7.440159719371383 4.390544400183401
-0.6913861233646941 -8.306671674480077
7.093333913575684 -9.808175982874594
-3.278920536903696 -5.411266983635423
4.403574138046064 -7.640319336079003
9.70151900297466 -7.44723273330446
3.5158607677166422 -8.929283515297396
-5.882971008631797 4.674053943533405
-2.0610074356435426 1.8377809612178488
-1.399740900138136 7.945757471840938
-9.049010033754627 -2.5133829158619436
6.856231558295885 -6.507391843600838
6.773554088520697 0.6249380248034804
5.948588367384938 -8.918787976248188
-5.454308395823424 -5.567922984095972
4.121429594565329 0.15488384995488502
-7.039188961078688 2.915217879598565
3.5880028224292566 -9.58017551197525
7.826268059245841 -3.2769271840248493
-3.2736599232033488 5.1153330956946
1.6816265529761587 -7.84037030779809
6.5197529372783904 -9.208321016246721
0.32365169802706006 1.9934639822977456
2.752863645174422 8.077399547170806
-9.737332296583325 -2.657700446926796
5.363343317947777 9.966165825466963
-0.24086859130934002 0.7418209932246391
8.11821955155073 -3.464332543751616
4.561793605824409 7.806664028397819
0.5956093181079343 -4.138223844612052
8.241289287615679 9.130811705256772
8.542358847671178 1.4913564285197403
-2.9101884497936954 -5.6562952564036895
-5.5281135982015694 7.1966348527811626
-5.265074281865076 -8.009444869284872
-6.58296772328987 -8.182758682202596
8.457568539611025 -8.523600974521216
2.845198643998568 4.506245689343611
-4.67574769682487 5.180917608774182
-8.380829347647982 8.821510585148541
6.412585550556756 -2.9242722506223213
-9.471888439504388 -6.424989397656442
-8.099323185080973 6.160643619685988
5.106015554082017 7.433133057223248
5.515031542200671 0.9575002840917932
4.622851721932461 -3.231760301971283
7.639840571739242 -4.630775251953418
9.070757224636772 1.839623470675452
0.42600890765352517 -4.620969546439982
5.652068366102242 -4.771117930073164
-6.385368799421869 -2.3584218377593302
-5.982790670881131 -0.22887985569941094
-9.868167404717063 3.3791342814254843
4.028961025781808 -1.8547455177867853
7.165151330809049 -7.238924903300892
-4.389050772182275 8.141489474461082
-5.502642805148518 8.95465760839948
9.214145335317788 -8.068082362626273
3.080446492623466 3.49414191501098
5.500720924256155 -7.9923766240320315
-3.504023701971912 0.9349102332169856
-0.1897592750950281 3.4667334026007968
4.76500419347081 3.9371785336243583
-7.465079026605778 4.205721131443784
-4.798838972365209 -7.405191298838892
6.761483012105423 -1.3341222634248524
9.314199468366507 -1.8260382741153958
-8.417073017754479 2.571027378692996
7.908196243071796 5.81005172781115
0.14578573739414935 -7.329878409743962
1.955506558502405 0.6567895357164986
-3.270866302731652 0.32378073388690076
0.20152442031230677 -7.439185510705952
1.6394716361866362 2.6403006726727423
-0.7265274351453002 -4.417595420167785
-8.316498386027778 6.697150271832108
-4.601522798609354 -9.405893189469088
-3.2632067676982217 -9.239318413823108
1.1274999822001348 -1.3635314658763065
-4.398707799449957 -0.06786798575561193
-2.126984386738724 9.795292262777288
7.852980252575804 -9.677938680762557
4.614954635821903 0.15862196174015253
0.06954887294156897 -8.65326043908329
-3.120703326565226 2.1552542542593027
-7.93139097974231 -3.8720987885413027
-8.048902148419042 6.532935677046115
2.193374607743735 2.212607346715231
-1.9197169220395693 7.888379459608622
7.597111869947131 -0.7758547918334244
-7.098700931344146 -8.439020018478825
5.684210482505737 4.171308297662508
4.316467898487712 -9.060802227704981
-7.720838424115453 5.171101593737026
-9.180392147217313 -2.990893375001882
-1.8109826773470044 9.441216643587953
-9.177175429573294 -7.247787773464244
4.683023793182297 5.52413771177857
-9.901671905917988 -1.6979398046129912
3.8070899707524255 9.362066999636973
-4.580613295679134 -1.8724680631076662
-3.3411153275903294 7.758498801857815
5.435833166539199 -9.419007685195055
-8.063273996794894 -4.2904748867635885
-7.3831000597781715 -3.9829399035143513
-7.063066143387713 -9.039733266829987
9.273428058692211 5.513177583909846
9.717355594800715 -9.923149493331056
5.746178067515215 -6.745028163084319
-5.959044557794694 6.99987854805325
7.408770492804379 -2.109962948335589
-7.025971944876073 7.768165177857398
-2.9690605970203254 -0.6881023226206828
4.154503283281134 -2.1130656048035483
2.55764504099567 1.7295861281921
9.498045870677668 5.106828968228022
-1.277620481358273 -9.414763025319687
-9.709439232049508 6.230672816843491
-3.0386914564194374 8.282362599106172
-9.303844020812264 -6.336286546197039
-0.19448555013853408 8.087212432345222
-8.598382690666092 -3.1367532568580847
6.779863318246157 -2.715980056308835
-5.631564090284266 -5.189809822086174
5.589066853235703 3.5604353454355895
-9.100446592949504 1.7662564150126805
2.085500277487828 -3.8243570742118287
7.7101735470385755 2.001262720686576
0.043024490469390386 4.123361681726989
2.89438426702187 8.376201123955614
8.425601127352618 2.6339495230043326
-1.8487219298137951 3.2973669773529206
-0.7169071538166989 -2.9882706932186114
3.566951492982051 7.0935425686140405
0.7021457724555447 -2.0027865690034163
-5.352450697283253 6.189426775468398
-6.423237658295287 7.829918964711521
-7.799009297831914 -8.669824428334845
-6.569861653927969 0.9459186222771621
1.8651652979447029 -6.4319529682803385
-7.284439332737181 2.99754204033146
-2.168029426399154 8.125090422749015
-2.366674455023814 -3.5627575861811334
-8.955459011855886 9.65456766951965
4.791930098540398 7.336642614449133
-8.114918153979012 5.125439626162189
0.24490222923634164 -3.131757648722731
9.763510976453464 -9.832835066142378
-8.390411065421146 5.4144294385732685
-0.3977112423517468 -5.983238399887267
4.170506309252726 -7.48647654845022
0.2792725122140638 3.2868619344406156
2.699504483092861 3.4970751354034117
2.3586701042503186 -2.218295764816565
-5.376111193757069 5.427948342607532
-0.7728787576379688 -1.765620074360573
-0.6719601833228097 9.451828419053005
-9.040235520593194 8.684399339433341
-8.021608617682139 0.96503327344257
-6.148006752908081 3.5956528936577
-8.919199623033311 -8.856971536317742
-5.52399537689803 -6.861746008585065
-7.670297380831663 0.7203236631314063
6.850009348598821 -8.217904041450947
-9.146597678597296 -7.759386916918968
-8.884099122030701 8.258657661155745
0.8543672592553442 1.297816629308139
-5.857607485472647 -2.126572369564985
0.19763869585886695 -6.358810597681033
-4.922256564948326 -0.2958848168166597
-2.4261917612720936 -7.513837522171141
-3.6673308509899467 3.847597095904403
8.214677475813975 6.681781320888621
-7.0526748166680004 1.1147329158181645
0.2313511659918035 -8.5938518403729
-9.482122629398148 -7.109801715526918
9.170533695014253 -1.9757090764077194
-9.649853638149693 -5.7217583170999635
7.261832104516824 -7.740357889837082
-4.84366116067517 -1.0924084454283616
-9.759713494344188 -7.964722625667333
-0.993930745447587 -7.961799700493957
-6.621905823858505 1.5780022954631345
-7.3664619973168115 2.833530461504715
-1.9672584157090434 5.757842760089602
-1.7896337217634066 -5.603025902953382
0.7315358159900747 -0.9511337927682852
1.9103121513908743 5.438354920329189
9.320730474254223 -7.871549764340047
-6.949943990761234 -4.515260532042921
-2.7636880163149318 7.315192533559678
-7.95500887172998 4.478047049363685
-8.038415829881094 9.771648239587282
-4.1264383340059645 -4.220488958703208
2.1416932309872436 9.895071339118914
6.019596989929056 3.8291511882055964
5.565109111813014 -9.324239232815607
-7.635863681754797 6.358898296195303
-4.366797820189909 0.9794640172009608
5.4577878623993 -7.698297857860381
-2.4491794662932476 6.104686501013081
4.298186723132996 -0.5885920788813657
-2.4380895345654956 -2.11386643625387
-2.113921506080021 -0.7550681874766383
9.580430712658153 -2.8185944576900157
-3.689806888723835 -8.706910403324226
-2.9373055406012094 8.957548691306787
6.816322580603561 -4.367510049551761
6.785149141750008 -8.262890133694281
2.919003148595472 5.732435601876944
-4.203318380912211 -0.2773655601740188
1.323054739285741 -1.3650281592736064
-6.302574974152952 -7.026377798187092
-4.466759420529045 -6.341888864140066
9.223664031727711 -8.438983989823507
6.7712740831796445 7.1342618803430575
-6.58623734937315 -9.845089817360437
-9.200267284168383 -3.4607980178971154
-7.154760287180748 3.591933402081615
-4.138240867781384 -6.221973550522106
-2.54841522372603 -2.720730976563135
-3.310095523065235 -2.8328895110562087
-9.947205262632885 4.975816045012229
-9.345946474279218 -4.145057443804195
7.027230079069199 -9.129107909265775
-0.11199336621760203 -1.1629751543251352
2.0317919243273312 -0.5296393542072213
-3.854527739682501 -4.0964877613891755
-6.105427404150516 -1.924155299744461
-9.456912233313187 -1.7799054326933383
9.025466937195091 -4.3214345031788115
-3.3793339962206552 -5.8314000611571775
2.245271441505743 -3.6606817080263117
-8.997370140746613 -8.949843258196728
8.83030290860561 5.502046625394879
-6.8461093158339565 5.325931896879531
-7.858289308135968 -9.687200230448465
-2.2033793851759764 -5.44313944491257
2.2230192053634728 -1.1979926889438612
4.438821310332486 -7.834147403517974
2.4890531059551453 0.8112916096409073
-3.841040295310365 -0.09140631877607497
3.328017862436713 4.729887530059557
-0.5643454717427367 4.514347307855534
6.832692292817789 -1.1373585314128718
-8.179054685116904 8.410641436277501
4.76199747591142 -3.533590813366489
-5.611718530483756 -2.235911211605206
9.510289453139627 7.763619759213377
-0.8034462123165227 5.681826639569298
-8.047084148515793 -5.971837322800626
7.581251287053025 6.5332864613121835
-6.3392808249802695 -3.6412513864644396
-2.957604734866135 -3.21588631770587
-9.118680774525007 -1.917494506788577
-5.485657011471517 9.927903940251639
-4.988680038501245 -0.69662568680425
-2.2611372271115737 -9.729418468021617
-2.3398480998215447 2.2222592160902455
7.146011335683141 8.7418096602538
-2.1726342198539195 -9.074281848789937
1.0348673405726174 -5.638091457957235
-6.811376832400569 -4.873066492114719
7.828068259910239 5.352458020860517
4.13158066188239 -4.262794306018229
0.7258258804312767 -5.962275377040989
-8.791673657287141 -1.5104781516561676
-1.9587886843665103 -2.083645771843412
-7.649432177067197 0.9017264519839951
-8.820117189132521 -9.860086629974214
-7.8620177300478815 -9.444538236548974
-8.107700541761378 -7.428991501483058
1.7493064241515945 -3.4706778911158516
-4.012858445159915 0.10430885605455309
8.502077594564085 5.904272761683169
-1.499193050622976 8.849593233213643
-8.017621102078568 -1.425819083772872
2.5790370388822392 0.8708261372694803
1.6458095734271758 -1.7098690017294835
-7.247320257426453 -6.296436984332033
4.8549023047942015 -6.845250348021226
-3.0628517076690436 6.323667942099171
-0.3313634353586501 -6.036588691901175
9.24019432098384 0.052281408231326765
-2.1891914708446913 2.923181407821522
-9.556904980355993 5.266957223411211
9.236485657528316 -8.600467572628087
-2.3659459230734843 3.2025541689275343
7.862907037104886 -8.074205615545353
-9.393394043853224 -2.7429337534796794
4.212204153893705 -0.7135484380898856
3.705523983513073 -9.354973636489563
-5.695820282762187 -4.768265247356731
6.053419008643598 0.14377490399270165
2.938019919351264 6.66675603137908
-4.7975033855146165 -3.649310331332809
-2.5604285483871863 7.079006993856545
-5.765046904648978 -3.127642517034297
-3.268508150554837 -1.082035495733745
-7.50782517485264 4.694968100890701
3.847685021568946 9.215566396723208
-9.95802237062044 7.50097486821263
9.066733890510534 -0.24394759347388728
4.830617969581093 3.3192852709398775
2.094497397606238 -1.9791079164165701
6.1542848433542225 3.0586974377612552
-1.1394126718168707 -0.7388781503453892
-6.136080981793599 -8.05175366592696
0.7227419782769431 -0.357721301856488
-9.599441947081726 5.576656421440427
9.06741389029494 6.701224174141704
5.10721151027326 4.112992244588071
-0.7708426221080007 8.612834839159447
-5.400963954233369 0.34664832388004996
-7.597405746059611 -5.805799092097308
6.5326369120761925 1.8513677663008785
-7.5276770815353045 -3.0883983750594046
9.975914403377924 -1.7489988210437843
4.1868815133186565 8.635245446168994
-1.1079801034671988 0.5708163994548006
9.55880457405669 -4.006547234025226
9.407669029181474 7.344840489463348
-0.02627576375065388 -5.626872556811495
-6.3282765990687695 -0.8782428385306815
4.065855634101247 -0.9243522062496208
1.8244437451353157 -3.9239708528384227
-0.48410880368535913 2.4270353300480387
-5.6159757841756015 -5.156706589206297
-4.08421817466783 -7.269307941808116
-3.6495877244668096 -8.156295183791766
1.815788567992243 -5.110053471433127
-9.415504200102955 3.18998101891928
1.6936922739920668 -5.476459522490497
-2.177775228887519 -6.046472973517332
-4.816681602611663 -4.2657860523677655
8.625205127581253 -8.877008341675236
5.7300856037239924 3.251629281257845
7.190194530265185 -6.422642896891897
9.601051597568372 9.012761061197441
4.048324348011157 -0.7677006624497036
-9.571214295087927 9.611891783919223
7.854350538414582 -6.073685849183759
-2.8809875658797086 -4.106001752460779
-5.954392637439822 -7.321419101850801
-3.9277477701152907 -5.5585108518052735
6.874517641499203 -8.235787136672803
-9.6671925102471 1.7948533644057427
2.5329524936663184 3.4109697280345728
-3.2294266222738433 -0.46449262663328206
5.96939485234534 0.26030296986610857
-5.9161816769349045 -2.2029623601843573
4.071893361063113 -0.31398082255784665
-9.965862096111408 1.7306570794757992
0.9881042154552802 0.24564538545149972
-7.103483268737476 -3.8478319295275583
-5.296930448147883 6.9912327817397575
-4.525551949725848 -9.124870748361122
-3.137665068919877 -4.565833842036506
4.3052927060949475 -6.704461938416301
7.731307012820352 -5.956778627549371
5.818658359255437 9.476031046526725
-7.706352156129279 4.427361685201705
-4.220105043165228 -7.304237020983604
-2.741368905440704 1.8394785765224313
3.0662343306816986 2.21981288503725
-3.9914119205799086 5.001520376597746
-0.5156388684154116 0.6486727864981887
6.109806858571215 -6.338190822835217
4.930595468418817 -6.312357368724326
-9.73227683000747 7.63296801596487
-9.40239020671871 -3.0497607260365562
1.3280996981001092 7.214488962396722
-0.14735751426410815 -2.334842459856727
-2.970301158648101 0.15051870709418225
-3.36243505707547 -6.414737239563668
3.099041802406976 -7.6960101980867375
4.192178378722888 0.9581256201925044
-9.130386752501847 1.317898250194542
-9.480133722641321 1.1856345997945876
-6.531376571879306 6.056948415088598
-6.1561693971186475 4.12380346646694
2.8815107066617056 -6.120075062716697
-3.5562943416837323 -2.312045214892442
-8.927684901592976 3.544490818033861
9.625270747341993 1.8461732654125953
-0.6456654527359937 -8.263438421217014
8.29450271296993 3.428421766919419
-7.8692023019529405 -6.025355787195816
7.9697997775493015 7.463845141591921
-1.7876909524740103 -9.723984706109958
-5.307893549026145 -4.960783141132776
1.9309638319622309 -2.9525493194151213
-4.583034048129278 4.578546844502192
6.224346028219006 -0.7808775863302504
-3.4500647613106477 -6.0855835069181
8.923429999427483 -8.93502605129791
1.6498348559698943 2.2039989314949455
-3.9183595260563875 -0.2902377673199936
-8.190440017688324 -9.356781831520255
-0.21518407372266957 -0.7772838487746352
5.639029231100947 -5.78617115307863
-0.5055473266893973 8.274929808891628
2.6723097499347777 -5.254782320589603
8.52414298311124 -6.293950666604573
-4.087297693417542 8.232582151386325
-3.074149648478935 8.78475853357276
8.703585662328898 2.063744604915616
0.5308918368335664 -1.3183109286757357
5.422962199804724 -3.434795673269564
5.599676118221899 8.770463148594384
-9.374996027450804 7.448160952513728
-6.408803015221229 -0.6602290128599044
-6.097416125989885 8.06575228337407
-0.7044751121047081 -6.054643909709656
-3.44822258713283 2.7656342483117164
0.6916240765084005 7.839383562887278
-6.01948688858386 1.3459130186358976
2.63939853239917 2.0015663478015746
-7.399783956991238 0.9264034592188768
2.426846460834767 -0.88787916403788
-9.787078798575921 -3.4544271660084043
7.4897451834670825 6.823665195462702
-2.3907950259516486 5.912767178261628
-2.181690190976444 2.279320699041371
1.1170440616132176 -2.5705879722147262
-4.306260244936375 8.101047948837554
-8.07912538943257 4.049067983394238
-3.1522014261281655 -5.976547349379158
6.7919469326107915 -3.9716273515707456
-7.11277271961495 9.296044242981274
-8.66277144699874 -2.6699998628889237
-4.543476468729615 -4.412804677925877
-5.8450707155775365 6.985489407592901
-0.5303700499645814 5.767467187569915
-7.510819094712651 6.043277614601351
6.220488865442686 1.7829908292119114
-0.6625550341629207 2.4587444946584505
-5.001824909875136 2.795054711420592
9.359558987650782 -2.4379505504954047
-7.537526174970351 9.858004591197602
7.6164840210244975 7.810733630185702
-7.949035894740211 0.8813317077204115
7.9733686849483725 -0.30256419306219406
-7.540730393036736 -3.6876259341943785
-4.39370371887531 -4.09469138437212
0.22642078378975228 -3.3063604541824176
7.551813840345321 2.923175057298387
-4.679921942417731 -0.4904426003866629
-2.0072100992617825 4.158575129498505
-9.937543377895848 -4.107786509353957
1.8076661129355287 -3.324475635722406
-2.950926766223281 6.840052770130722
7.417755901856534 3.088668624921368
-1.3338649790203476 -0.17975023904507026
-2.9351962093659463 1.5473967221909426
-9.333126538239995 3.8651274428589666
3.0286342042955 7.600273135232477
-9.606196913767036 4.0451562352661306
6.051111345623312 3.3487693479344074
8.322047906127711 1.437376158271526
1.5406666301836562 -2.0253306102157946
0.34593618023763284 9.277052138702324
8.996463964972115 -4.5823286103739935
-5.395035754756774 1.2439339273561068
3.6962012941779587 2.4825764671704125
-3.7661267587678626 -4.786095558412065
-6.072084926502612 -3.3361925342838976
9.484764332694962 -7.855960863068862
-7.080908598593465 7.056125173509123
-5.125909342018482 6.440930435841011
2.5910142166383583 4.326727018912425
0.9691036341340276 7.606947688922155
9.428093102893286 8.028415785069932
2.790826245947615 -1.4078344425989204
6.728082682905168 4.6345996190434136
6.4142575522161245 7.670055026865931
-0.0426084982739976 -7.975248543098314
-8.767532168901118 -4.155750862981325
-0.8604626992609568 -1.4483527162548615
-7.995077651458564 -9.972791122852424
8.018446209272774 9.251915100758492
7.82050416741421 -2.4814416250143134
-9.91950499107693 7.569291294575422
2.379617759218597 9.53138268430849
-9.780683345104958 -6.496664449228399
-9.721717001529331 5.498443841372918
7.42351856916126 -1.2065515309764692
8.468574142220106 -2.9412899073518517
-4.8808713147298555 -7.979331459079672
1.2669208537149714 8.040960100139031
-1.8528841346636238 2.080379396939957
1.3907549852495222 -2.942834262540808
7.967176501517898 -3.679437217963251
-4.214192362445877 2.8032026061469573
-8.916253206750778 6.833957022221831
6.471244724666818 9.724930573323846
1.380414929010545 -5.036330459392071
2.1336387962482544 -7.4305335244332955
1.4441958826990042 -1.7533416403242015
3.2048781651946143 -6.799146586356633
5.289959585095964 6.6346124188576034
-9.12253913172156 2.2635653372883837
-4.237453391114492 8.716774413405794
-0.6836515696044358 -9.039876103792018
-6.286337173972745 6.602828441572438
2.2945399100402604 3.224286829355938
-7.021991271923442 -8.767006841412366
-6.806365745837287 -3.6252092201530868
-1.3167386231392246 -2.8975613980208603
-1.5493497464322985 0.8220695241248137
-1.0340575688206073 -6.810505717729011
-7.337189818626138 -9.562302592845452
3.455950715345937 6.424748373389672
0.6492616274554042 -4.715455437063987
4.504365002053898 8.368552605296106
5.333549034289442 -2.252074078607727
-2.6993044981181713 7.23417943485962
-2.534347916254176 -2.939172038779498
6.810851605489923 7.915792832220358
-7.848531870390598 8.408763444574955
9.178900248642751 8.32346942527683
4.257697049281839 -2.379333877704264
9.777184518559729 3.532593955054054
0.6772972832713453 5.692860597885492
8.636103066855462 -5.672702910060734
-1.2435517364835214 -8.572466841704646
-7.063176409330012 1.095958881226629
-9.608983472016575 9.937706775658878
-8.593164826663827 -1.199776982520035
7.908542604975178 -5.5597626055806675
3.76236923112552 1.0924423129070995
1.3280786310227004 -9.811820863285526
4.036343823946796 -0.4703530036419128
-2.991836995586037 8.95314350183481
6.4620430115325895 8.771578664555303
8.776040843410545 -5.0981353545692105
-7.5656198929793455 2.5994866654819067
7.89123297638919 -5.290117079633367
-2.6716632448701176 -5.813227912353669
3.1783131206684736 2.6442794122629216
-3.759869231707322 -0.8063650545795866
-6.617379437133759 7.210667482229557
-5.162371458567375 1.560910862746363
-2.8539165797447508 6.275376614887556
7.358751425244758 -7.120375114727029
-1.3208687559168801 0.3962576278551744
6.530174324323728 4.746874900523363
-6.9135386327490504 -7.97022585906789
-5.198509940377926 5.232915717813015
-3.202426412014754 8.179106639740596
7.900017585928282 -7.896322638929442
-1.5281150969232407 1.909839207169501
9.1913387058028 -9.759785547832365
4.082318536809261 -3.979455596159001
-0.68329985894351 0.12117722038363965
0.0005425679268977746 -0.4999467683311707
-5.2849445328921085 8.086809788024954
1.0161328847586333 -9.23480212597562
2.46845635902703 3.9153454954646705
-5.893435215079823 -0.5951146787526866
-1.214017698736189 9.860894753786141
-2.9506820277862733 -6.014627473750782
9.439579321511506 -1.402159923054839
2.8568110088872256 9.806088944579553
7.888078412106612 7.143684832107329
3.829098721900028 -5.952808561477035
-3.9830807550614207 0.22506038082791946
-1.9555528350062517 -6.8323861555096155
5.902127507346904 2.883967142552706
-2.7021878243965674 6.522543036234087
5.710500882409404 3.070329129286538
7.226930307288477 3.9625987449047155
0.9926271148151837 1.9461616447663346
7.790043975576278 8.297477125563628
-9.030455447674159 6.825802615966442
5.525640345166476 -8.104879469420583
5.544791553130262 -1.9814770183745996
9.441341000193223 -1.9834883558401923
6.670115718098298 2.450888471676791
-6.118958631299627 -2.4403631322452206
-0.6823354940765807 6.327029623487004
7.502206374955705 -1.0763706847459797
-6.119793075104738 1.8353849431948177
-1.7883430194025074 4.811162958453604
-5.207065578747889 6.231586094069556
-6.463480430608692 2.4193934509154307
-2.302350507414925 5.719520521576273
-1.3957972911712062 4.243387632797088
-6.560533843255099 -4.595799493894955
-7.398224305231665 3.4562343650607357
6.670998738097104 5.952943660124477
5.489641061394973 3.0577689025023744
-3.147704145361585 -2.474709609104753
-9.867425992668156 6.834507431528195
5.320863958247148 -0.02240358861980951
5.554949858161995 -9.865471198825688
2.4645706381369354 0.04073454924898812
-7.191038283091786 -5.476162153670627
4.308906438136283 -9.935315441984702
7.20879214356113 -5.198353289585231
4.015780437878348 4.961058574261628
1.3284788929898497 -9.797915755294122
6.736699537108514 -6.881909051296833
4.230031975918941 3.5637621025323583
8.18762231567819 -1.3392798487729412
9.191146521283738 -3.5120505822344406
9.193916597265542 -8.785306610233361
2.66621978851731 -6.939535814043234
-0.8506151322519813 -5.102299111712874
-2.1185972683772807 0.033539289795509575
2.727453701622144 -0.044259209377287334
-6.191584277671154 3.4748097702655922
4.615853874899894 -5.210455649797339
-5.656199054827946 0.2256998098933689
-4.137338218357385 7.858048788149937
7.425305025869534 9.758694348468598
6.016111349850604 2.8680042514782365
-7.282911884830656 9.209017814157221
3.712042777668694 -2.604181974549647
-2.1403040567686187 -3.294971459696101
-9.472003624854803 1.7477381412803368
0.1543201563799652 -0.09931714198770791
-3.9608314452113085 -8.847035699766767
-7.3493371975144655 3.9324802829961705
7.172108580745174 9.094622642722591
-9.148834341006184 -0.07105243348951618
9.754068523597972 -1.8703732128733979
2.871846163465907 -5.378706191234912
-7.09821351070641 8.559485006321317
-8.682389427066886 -4.108854617742739
-4.225247688607956 8.679307936607326
3.2357299311214938 6.1061335171404
-7.305050914338853 4.6173171621856905
2.022133815256833 -1.4758626901204703
2.3923186746005882 -9.830233862216017
-1.924366325287643 9.802646403214244
3.4103673871384093 -2.556315412044892
-1.1004342573921537 9.833948875871538
-8.592581318243429 8.936599259215768
1.578121521912351 -0.9379446682862067
3.9070499971454176 -2.115461589025294
-4.317912021570716 -4.556493568606048
-8.905029233623168 -7.646150232242219
-4.707340395520674 -2.5211916710137405
2.2684607241915558 3.563522218760493
-3.99388802905235 -6.942497104536669
-5.295703219303762 -3.1453467124705625
-3.4098105214790824 -6.145555426559046
-0.17235459521348417 -2.7727391057472133
-6.346142986981571 9.706001452692963
-5.534560523258847 0.2620108719760097
-7.214635023885787 -7.485133655897307
3.5596802493721285 9.443171907808551
4.3402033862123 -5.255429654130235
0.46289279669744765 5.994787214951117
-7.747256042449198 9.467769201925332
-7.333669508478657 8.099058225593403
-9.583547657256211 1.9680203014839481
6.927658689317575 -9.294082769359012
-9.566862371939646 -1.4823124597225785
1.5949864519490458 -1.7693185900101618
-3.1532766279823594 -0.6276938098606539
-7.610985508712194 2.877060477071769
-7.782476215863827 9.069423184948565
2.2767370995908855 2.303915841234641
4.537924071784543 3.594954413975586
-5.733898677604447 9.54343558804458
6.702682974280915 -5.786872745651499
2.6487415173920823 8.69952993075486
-6.179844522330312 -8.722495375896651
-6.413232266531059 8.551879066725451
9.467912506012858 -5.413826252598673
8.259301249333813 -3.2562932963731805
1.8566538300180149 5.161199212082188
4.235602114795935 6.2736671909866715
3.821067300140351 -4.363948219952658
-7.4653265368328565 -4.550888028090334
-1.7726605700710607 -9.636198672278812
5.08294051886638 -0.23622301749961316
2.0641321552502703 -8.047983354641378
8.322166010084494 -9.796139233440645
-1.1198420814300682 -6.558708335547259
0.6503609812355133 -0.03521504865399372
-5.27177711179196 -3.8734997435507097
-3.284706916741884 -5.73723255784611
8.281684169382835 -5.955067981893107
-5.312642294943557 -7.086292677620724
-8.793190211608735 -3.8608002452204593
-2.7731266942995276 4.4373586076114275
-0.6487355462111299 -7.413015898770516
4.46074956231363 -7.857285662891109
-1.9567848079641852 8.188138053247304
-2.4853386430455293 3.3248293182084616
-7.42323068818523 -0.9057050495992449
7.631789128024792 7.851725747983725
8.462653597207563 -9.55095372230055
-8.856386903066207 -3.4974811748856034
3.4741686122801685 -7.636677314689448
7.300557347878492 8.121817084500812
8.252201968203178 -9.150015392745004
-1.769272001750135 4.016558548687673
-3.4207024861046653 -0.9555405596536755
-9.545946912850019 1.5238359882959394
8.396450090021347 0.049837598418264406
5.203972396668885 -6.19899041750914
-4.83502074457032 -7.997597412955566
0.148119081215782 -8.29737820348442
-5.657783749107113 3.7415792058550394
-4.105819834032984 5.546613195279544
-4.6068766540524075 2.061112311703596
-3.1200498571834645 9.008769467391847
-7.754813453294647 -5.560685396951525
8.591350820264111 -1.4260157869564054
-0.44536703227475094 2.21949113524229
5.283864593831671 4.768615479352242
-3.3558647991216706 -3.9700244823468616
0.35143932326142746 -2.619740879460826
1.035718267150905 2.930147114505143
-5.972550332468609 2.949976801561796
-7.023721479766188 3.1626983534655135
0.705208763597188 -4.229420785487115
-6.211976312318955 -4.818685049736249
2.600554963583665 -1.3349526833442802
-7.276996784288312 8.232646203056973
4.477599495689436 -5.854943017678817
4.177883969206048 3.1096982130648083
-3.7514858901709776 -0.8410297393655171
4.756723270300775 -1.1483388953594797
7.41457573423175 4.832624677476076
-7.17098903003885 4.84369292653129
-5.494845344698776 4.625978033748391
-6.590465842981095 -8.70215546400872
0.9118906968573075 4.038261065948529
-0.6965947406546853 0.06718334808679494
-7.345844001422412 -1.0893764945721713
3.8773600923463736 -2.0900279632169045
-2.624826570642651 -2.852864079379116
-1.0423629613579433 -0.9120549301763496
-9.639349062033684 -7.141504889035577
-7.6740338737596865 -4.458117838479478
-0.4856629915519548 1.3083950915567364
8.356686340399136 2.066520384284374
9.502953117337466 7.71044148425495
-0.5076554910216746 -6.32887323140112
-5.146734438078193 -7.185986903325878
3.923468527050689 -3.1254761264428765
3.335848928221621 -2.4816602106157344
1.3306380030610967 -0.9896393842168045
-2.786265577299587 7.580739307682677
1.4405013600982244 8.048565345344329
-9.053297955654678 -9.239030311327642
-9.36166712954729 3.941978882882541
-4.75966174428279 -8.252041198852268
-8.98265665067707 3.128977075660199
6.509712338482419 -7.099397516152937
-5.617885010090804 4.107686401231216
4.874063762765328 7.082428852822524
-7.7642881876580265 -3.9650403258823763
5.39644672104248 9.371516402763433
4.286433740278044 5.377123116114809
-4.878937472056664 6.937840462053742
-0.10710053529665586 -2.5257467612678504
3.2857190594400194 -5.173602713065703
-5.345201541484601 0.8738852070525471
-4.451117699975455 8.2945636098864
-2.5511589419165066 8.117969771953838
-8.058495709708126 -4.859834988916556
-0.6218393494528289 9.932101440348095
-1.943396907660393 -3.8113298396809148
4.016564009328063 1.6618913101216393
-3.314739682894679 1.2371059132162685
-4.654135565960972 6.29564047849437
-3.13082122862496 -0.9428593016647824
0.8743059152584731 -7.318607240725267
-1.4695157825850895 7.702666476441522
2.576463596655895 -8.334818871340708
-8.499209090357137 4.37332871593849
-8.72317650533889 -4.381276609852252
4.220436954047454 8.824970163897834
5.044479695788866 6.227742120853705
9.255400790444877 -3.507698406669557
9.32122202562751 -0.9911057283438574
-9.944746385410703 6.642729692394017
9.478185184856184 1.563442033320987
-1.6561712112626488 -3.9809507169376745
-1.8256964446287487 2.932958636791078
9.357937345487766 -0.2351073613475645
-3.463343626550026 1.379846031089901
-8.160768886646196 -6.661422441139251
-4.020723084272076 -8.773401230021985
-5.1805129235887915 -2.221312499888719
3.6282000049387335 -7.121802899115055
6.735439954614083 6.291636213097636
-3.613445504056969 -0.11242029244035834
9.548702877341086 -8.90129828967706
0.9168470329695388 -1.7583334418251972
5.237659213751355 1.9455636262022615
-0.5244267300177476 8.951578638874167
6.281844885880517 6.138544126056729
0.5905076385170887 -7.08594156274168
-2.147906891436655 -1.4879050836783385
0.5639413812978074 3.7739401735046414
-5.058180415664973 6.026339908898311
0.2806448742966232 -4.88641494319835
-5.6934656677504965 0.204261300185415
4.291943461099649 -7.472431647046996
8.283967345362807 6.607298936426378
-9.177216692498963 -0.7693683237060895
-6.356117293393377 9.7750361304583
3.987393911282993 -9.485493156294753
-3.906778779730475 -4.584523599972645
5.111964263198203 -4.106265153431766
5.338148899069994 9.728202110163878
5.494407437701142 -5.669310455566636
2.297809717258769 -6.446556410185025
-1.496901401650181 6.561967442856037
0.39543319454494785 2.513385265211115
2.9668600167543495 1.9039857024887503
-8.35711302340448 3.1334720639835805
-5.85293679146754 -2.5682423645735835
0.5510129431189288 6.856048521277238
4.445209401685794 1.5719763016345247
6.671745533317775 -3.1384387845737116
-9.34252411907134 5.535086548879114
0.38569700188263845 -7.696189046287463
9.540185154562831 0.9477328859303036
-8.703321334547825 -3.2368789452204183
6.909487465364197 1.1575692471143704
-7.082822498935619 -9.734020995353257
0.743060341996939 -2.299402982214911
7.9770018914797305 5.543866634703306
5.676173482872338 0.7078604992110797
4.447540626670454 -5.596815908531156
-5.1555060945569835 -7.157513175164483
3.1781832997657915 -0.23136687458220173
-3.4577472505900886 -9.502435221209089
7.177167494198546 -3.2490891903048347
5.073502074611508 8.13557667986358
8.079047702399475 -7.527856084711935
-4.893641531818571 0.32238884293762915
3.1889471932970643 -9.775005448494813
2.5647783102703023 -9.404056506824434
-6.692315466252756 7.081683115546049
-8.481741144367517 -9.606119350347344
2.064215543551617 7.56735112879376
-1.4087918425276875 -7.751223938482812
0.3059070713909122 -6.7872790373450975
7.118987451540978 -8.701242098609193
1.503222787222958 -8.940486379089291
3.276468422703811 5.406745280605243
2.1880377058177753 -9.777816593226555
-9.338359696097505 4.078710801891866
5.847302822403925 0.826967525838171
0.5415186078283689 -1.9291795541371233
9.985191839533375 -5.798559466640776
-6.594632921666368 -9.097305361366857
-6.119154366811563 -7.490163488443045
-8.423293315838954 9.850772284090063
-7.227062327060738 3.589353518032203
0.6658492690362205 -8.164141415223622
-7.900125970867977 8.088218955190062
0.2658916260763018 -1.4624586932694896
3.139678790206265 -7.342910828308902
9.918612615755308 -1.4897249927484957
4.801449257292569 5.078951654937388
-2.5245817924107588 -1.5558722451808578
6.4031290876067 0.7042618096112783
1.2475508258833727 -6.840242169950869
5.621411844424475 0.10033616412152568
4.515644514805036 -4.234202298043622
-6.360022829634393 -1.8623504366383017
6.521454434223376 0.2854897079798562
-3.2714458650499623 -5.62440928885324
4.308501799805679 9.57229045870055
3.308089021199903 8.01177402378515
1.8364482631629446 -5.786289851789981
5.230518772828098 -9.905763626341228
-5.576217175501331 -4.704267853995159
2.179079926737682 3.635990040312878
-8.034520630696198 2.0311120681558936
9.012662054308183 0.05743044565415545
3.3145260766950813 -5.5926043863341635
1.3080004632988604 5.947157263265229
2.4609639880025185 -7.750271183694036
-9.70701827928269 -1.3949361258588073
-0.3358577951844328 4.6063269746932605
-2.5893192349459904 -5.4626424877738655
2.3073344704795833 2.912238568580447
-2.3798502830849166 8.534556902232513
9.439973718767408 3.045304989040279
-7.684794964642192 2.3309408218430967
-4.226765360168885 -4.749333635302508
4.079202101649106 -1.3406671958996874
-5.057951569925246 6.216169627388979
0.06799831627122899 -8.674379158454183
-5.131274405786441 -7.804394862259962
9.724128026408195 9.225467151939437
2.4675452916820753 -2.8854602453612266
-1.1936770087469348 4.1062836849853035
5.724125937431264 8.064960026711223
-7.901128382709041 3.6070838946937744
1.26539250044776 4.62869452392348
-8.89957413196506 -7.110541536102685
3.8470634216259185 1.848122399716221
1.576608526916619 -1.4298107333006467
-3.120853111097639 6.288878303137935
-4.4938197749697295 7.190334631159033
-8.854403664338253 2.0273118421935017
-8.443695593860959 6.737682710808162
0.9197300425677586 7.594171391304332
4.502949357874613 1.782781445363268
1.8000241521023437 7.425733905020429
6.649481660113853 6.3011849087371665
-3.5033107712063387 -1.6435655759368828
-5.125006934393586 4.716723575598856
-4.342141506864738 6.070219692640997
-5.521249629429173 9.497872162300315
-5.939317050606432 9.58569774045652
-7.383059735935613 8.440462421346712
1.207679429385962 -1.6923874467483735
-6.279583203924053 4.290652133663237
8.098945633132054 3.328924200533887
-6.694791004967955 -9.532765720106248
-9.123021761824631 2.9456755456899497
-2.9717291771090393 6.814211975378154
4.441615214636489 0.41851143585003214
5.7603473081132535 9.504201812018426
2.5868121618185107 -3.5172410785199792
-4.315697119056132 -1.9258260339337774
5.609998687326192 -5.221999884860806
8.465569809655651 -2.000789035188806
-7.864039963210914 -5.04318710286438
-4.909665389822218 -1.5712199954168415
3.2679608534686917 4.062528091603708
7.290311066390892 1.5467801422856091
3.2573634290514235 6.309393134600253
-3.9097971643995644 -5.513936579355391
-6.251924681000127 -0.6359231219323451
6.7924088783553955 6.201970054423974
1.6939711687535066 6.585686162413037
-9.734566460908754 -1.1703133844409592
3.849735992150368 -4.196183797711848
-5.774303937600489 3.132548462227007
-7.710038386036406 -1.8070963556632673
-4.7328028752612505 -5.104662644164195
-2.280554576608605 3.363842376415212
-0.8364577585385629 7.265324315470245
-7.690713886101936 7.795824813984979
-6.325286571187611 -4.626095509629337
5.588136312196628 -7.7190522850754135
-9.386549585171393 -4.2926959165505085
-7.9041465297434454 -5.261466764690517
1.5644300583137927 8.983575175687278
4.162670946744276 1.5151272953995942
9.745398075376713 3.9425616599733377
-5.023732982223905 4.134055346166811
1.4962754182848954 -5.323817059364108
3.704902717329979 -2.7944527737719387
2.3367123982223887 4.153329453050299
9.998595332619782 -3.4213243418830945
9.462544362744374 -9.17610890184787
5.750061836156943 -2.2359467684568113
-6.767426390669435 -3.440816963758615
-5.982894215247089 -6.101401492595471
1.303237530942658 -6.9758201479758615
-8.105948893883548 7.934214242380339
6.768078168178068 -9.014829231345667
5.62544637968568 2.932853706019067
6.304959661706036 1.8842901622771109
1.1856572708296724 -1.0252410577285591
2.225590863984417 1.6353279194718695
-2.505939106453365 2.9950542125524766
-9.843920051718984 -5.715805755813312
3.231617445492752 -4.59113010904842
4.8839031430488316 4.6737278339283765
8.384656479849799 1.8934066047387628
8.936395575993107 8.071354789493348
0.8552419788562133 -8.884851202743187
8.104716373258462 8.03650711316173
0.9673924724768383 -3.83975131046766
0.569569773776152 -9.464803450179918
-9.067184664500177 -3.48173043920527
6.2984386310198595 -1.7383166032455648
7.2051322807439995 -7.189883186745303
-6.373657203489634 -7.792712317080346
-7.15345629208044 0.9781747366266007
4.9136125969738575 -8.352431374955211
2.634047543851551 5.505705881695771
0.45222277955948087 -0.9798995322180346
-2.7191501495599724 0.3398106913933425
4.7135235908735105 -1.7802758826030889
-7.571840338642475 -9.172647555424957
-8.10314484691503 -7.884816619511932
6.696330418973009 7.493501666689106
-3.573866352817781 8.541574206202998
-4.360507975574064 7.376461848948917
2.6723958347356067 0.6526535942650185
8.908776948357268 -7.013785987893484
-4.527309222235781 -7.598971380381901
-0.7318732028010935 -2.3494404044272894
8.944772587467526 -9.921705938453133
-9.010784863210684 -0.12624616684807144
9.948457718961517 -4.678190589595945
-6.169725043722744 -1.635294779460171
-3.925008822431977 9.70608679682131
2.147172242286569 -0.08842876649659281
3.695673797692841 4.579380685870959
5.304548916291106 -1.6177607980558033
8.644623883465414 -6.464838319816064
3.0105437078052315 -2.921158252565803
-4.977638290305313 6.460219191672067
4.8695522803757925 1.1491864292704719
0.407936054239622 -7.241001549970489
7.881377029851052 1.7773456956410083
3.921334631336471 9.546880216030772
5.538265275507992 7.164334259213916
7.572116596666934 8.529565720534013
6.387599854053413 8.106668516858562
8.918428804317958 -5.597460161815926
-0.050193662729189015 7.0538699550883415
8.420668363851696 -0.7447226635072628
-3.671187088251278 -2.6955418351025573
-2.2030499789607028 -3.063892722687558
-3.1821426314313817 -0.15985548666360927
-4.673648644459454 4.296092851268105
-8.323314819827871 -8.674258806667858
-1.8418971423093122 -1.5845662354878698
-3.4759953400545403 -4.7982413648679305
8.53069709048139 -6.744305605371705
3.1754568115437642 4.1773419343680835
2.4903820140377313 -0.10089248851082644
8.972123293305792 -4.089643065908253
-9.26519268671325 -4.208887998844471
-2.2651729297224694 8.439404487340514
6.33435827263845 0.10561532387576023
-9.304760774939535 2.7943088260654143
-8.8012235556133 3.4399607211145504
2.5985788319236924 -6.6220919750309415
-1.070123248626203 -7.012086744537431
8.925909641483841 0.6627813819041588
7.728164158026868 5.324628996353049
-0.28630330031212914 -1.3321323760902182
-7.136267711632833 -9.759141406620483
-9.29652545316179 -0.20949781834552184
3.57736562009633 5.113742948135066
-3.357546109366618 -3.0065589855949693
-6.069504413139411 9.638724061249697
0.9310987682371223 -3.5523987989208727
3.9181874155676972 2.07252308682391
-2.9471964559354413 -5.520398281965663
-8.554674498207389 -3.2117976051901316
-3.4316192732162643 2.560084470295756
-4.246450063223106 1.656661787121534
-1.537282324430203 0.4642430058436915
-9.04193069733343 -0.7460427625450645
-8.989229215986532 -5.254125915473022
-6.317082134549663 -2.3030341160505046
-3.9484833063416103 6.176261544717516
-6.719726025031383 -1.987892384097771
-1.369234217707918 3.096699304174205
-7.344191989768099 -5.016519944166342
3.694685918606151 -4.116555342222721
1.970333806088398 1.180045973399391
6.588524031353433 -0.707919363701242
8.757064713873259 -6.063989723770247
-9.287133893077337 -6.592202766364363
-6.971776632719453 2.227776553972067
0.6556950293849262 -6.046802509837946
-1.6561135614183975 -4.470641039700065
-2.4468946180264854 1.079620022376064
1.862684553599463 -2.3629273461116735
8.298703068335957 -5.419541915957737
9.193748493934109 -9.137244785069932
-0.016128359551739635 -7.769144734149203
-4.380745725508836 6.124102456003094
2.737027554187021 -6.036513585231926
-3.8879206152133143 -7.137877775239431
-8.362323077827945 -5.049375155138516
-0.5547468283316235 -1.7438715497429325
0.32217751881916357 -8.468359902422142
3.2222788572278187 -4.921003215489201
9.462832772255105 1.6598587518900487
6.670338704408174 0.524744310031922
-0.06308563236380849 -6.575757501992032
-2.2601069512889937 -8.694383162960275
7.255683129621339 -8.436546575535282
-9.770618917567049 -3.606331086240777
6.267592099414003 -0.960534453160772
-7.632511936696473 4.627597652197515
9.67339030793616 4.756604968576186
9.340242092334023 9.442841562944476
-2.424512258766627 4.989167377564904
4.837324307874798 3.20285795904104
-8.353306140464055 5.805849354154585
-6.166658677011478 -9.534003926240445
-9.72264899723715 8.16899203787888
0.8552747240560841 -6.677008410276755
0.4147954328414283 2.64944272100786
-2.5786106631305916 7.5202050407325345
-8.814332904758457 1.3455208739934186
-8.561512340672223 1.8515263655169552
-8.585162613140827 -9.93372568513468
-3.639047113793705 4.749805607650988
-0.8183683229145284 -5.934662956664008
-4.597358549307959 -3.0200589242989118
-4.827065206638636 7.467308932667297
-7.612219218809559 0.5746607850429424
2.4481791470747822 9.05568201314167
-2.020377132414546 2.2819163979575876
-0.7605326673975341 -3.301925436750963
-7.372111305708979 -6.079174384668978
1.0912971313021043 0.1531954751674114
-0.27275713192294937 5.277899489015397
5.340650859621034 -5.333089515810416
-3.058465581763663 9.903077125705636
2.42543984953409 -9.178589626011757
8.12572908083203 2.286564223820399
3.489699320734889 4.56049768908316
-5.1185854781119104 -3.505283897038119
-5.0279133033455 9.221472206094528
-8.420123471977249 -6.4898808627561895
-6.064735261002269 -8.489143512256707
5.918238067577846 -6.170972453499832
-8.75037434798455 1.732681449832418
7.254363217953891 -3.2604486113194024
4.565077319038771 2.8274368662464884
-6.218072062726165 -4.925037722277532
-2.0370545043781814 0.1643704274074338
2.998005753827897 -6.896584514738917
-3.728317909923165 9.950340093459058
-2.6692278760988604 -9.718150136482137
1.7874076873947757 3.8206062850110527
5.276100045433873 -6.58048801297147
-7.714694975565606 -4.195219010560008
5.220931473442159 3.2594796508051065
-4.6355554720495125 0.06884812722860723
6.413803636060116 -6.548519780866102
7.979727234417908 -6.236629748664752
-9.457158261614076 -4.058628067845371
9.893288024052943 -5.304954054221291
-3.3176978502181047 6.621282625269824
6.865585541654212 6.7148491846631835
7.140495409594109 3.7322075635558143
-7.24692627458106 -9.307180228314586
0.988341409128644 7.816881047631416
8.95947927790995 4.501545868942689
-7.904698004582302 6.7701492836378065
4.407191967974155 -9.069964278924449
4.972011244913476 -0.9905057652061799
-5.723216081264766 2.2703554077654235
-9.906282345710052 6.504178470890242
-3.848281671909888 0.10617395371730609
-2.7009440544086676 -2.714203894431206
8.939112982980955 0.6645474297186826
3.365977411367787 -2.51143316929332
-7.4372376426854565 -2.156079348401976
1.1591168322391212 -3.7733958053038013
7.982187459708591 -1.0086091722710595
1.262510108768499 -6.671173600735583
-3.646729677921485 -7.620442557270126
4.234544979010673 1.7972945486797585
4.259168750375986 7.097904284595241
-4.670397048949093 6.841131057698362
8.692618734999186 -9.50786681592727
1.4859835864075883 0.164703386503378
7.03137451449831 6.788737678658574
6.856460698203932 -2.5180639675975325
2.0810246709085867 3.3665968973871827
-4.1897222593634265 2.2710531557585014
3.4303192667546707 -6.829261203776673
-8.383073897858875 9.413176780133462
-9.118711741648433 1.6346294237015417
8.370887921036825 8.879617254313853
0.2393995023977098 -5.577385854319652
-1.0018527893773452 -6.923642381591064
0.21488287911138215 -1.1050296886927171
-7.166745295853674 2.635135051055535
-0.7291473836934372 -5.966815871544897
-4.442089474649031 -1.8603164405005668
8.587558020737628 8.377109472200125
2.06521671503231 0.44941648269053047
0.40532502733162445 -6.280619414626947
3.9998482821748027 0.24621258228584075
-9.102924488369244 -2.900206971270249
4.457535557013202 -8.765224157670126
5.973074857654515 -9.296233565182515
-5.461054327804897 -1.966597525561916
2.695748163164362 1.237735937724329
6.435266517160901 6.796296450608121
-8.437650532479921 -8.335178489691078
2.899320864162112 5.870405102041246
3.1513739205130538 2.8358233065789484
9.906708339977222 -3.5247580952410873
0.08021228368610345 -4.608108321672719
-2.620337819572784 -5.682692880879263
-9.682364189482648 1.7810363788116508
5.6412227699572846 -2.8797652714538398
-9.766973197867294 8.43169761965703
-2.1167844723742313 -3.738513697644761
2.268555811926902 8.57444488848962
-1.7619725545235312 -5.15734256492358
-9.547349246290974 8.399806670825054
2.436586908422262 4.548481157301671
-4.737071922321647 -1.2969799377690077
0.4841266426000246 6.5087725339140405
-1.0135789449829105 9.504252118738265
-9.023807505125498 9.006924595697587
0.02052022708646284 1.4944437672082103
-6.132225427815854 8.782047693624534
-3.9765322265264462 -2.179155607656744
-5.470043754469529 0.537663942278888
1.1333421637555823 -3.7281470500179577
-1.4326803383636388 3.586593879186996
-6.282306496176364 -9.550149056032973
-0.3160365430083125 -3.6210236010323733
5.678234185942827 8.803249300444161
6.7508891632909 5.450858336717905
-5.128596976727811 2.9031316709939308
5.560346548467363 7.471970330495328
-2.6608250458717126 -1.032962702398347
8.786628623562223 8.455838733436735
4.206251882120107 -4.65859982252584
-0.4497816954791105 8.534571777806303
-7.416546278232293 5.004103064543797
-8.20070879812115 6.800584685599485
-1.9583096691743869 4.209297161033588
-8.787054145203907 3.2563078934506624
-6.319737447682881 8.507258472998021
-3.2893419259145524 -6.9818705905332346
-9.193320159726529 -6.940731667392848
-1.8004338803947544 8.285534028231861
-1.610443294514921 2.9764062413623638
-0.6780662430493312 -9.588794955865847
9.72812678868005 -6.281500679034275
-3.73492398601498 0.4844146031366865
2.8732702842089175 -9.069791440057626
-0.38319331048760397 -6.0005811054227
-4.930266946702078 3.7807251154763044
7.239469342677815 2.881795116226794
0.7754101631613342 -1.4962609475005362
-6.30173262205804 2.756315013826992
7.095760760117418 2.163842076375584
0.9553640839556365 -4.966175110656408
-4.438333907983147 8.97807310923583
7.676232790326814 -9.689308180373377
-3.409593627077367 -0.4234373895612755
-6.568450900340574 -6.651913579228794
7.534426921586277 2.4455169484648174
5.997427170687505 8.934243340664136
6.577464777107632 -9.438434084177256
-2.792522368596617 -1.0533174444236302
0.808949598927807 -1.5916043490921687
8.964856515262948 -8.09826649352644
1.9596851408004667 -5.145043990860437
-8.481058379248568 4.280706182173882
-7.205313303811769 -0.7920160883706036
-2.539947449634761 -3.601896459476695
9.445629677501973 5.630209864623463
5.0630522057291 4.007170909349666
8.234451477931056 7.0233189587287335
-8.454421247260843 -9.991663955744965
7.279173057882129 0.37043440118287485
-6.492640400025811 2.2270873774098128
0.8185787602454688 2.928140898690099
6.000041007296094 9.149347645639917
-4.727882056366591 -8.631141139651216
4.765581429456379 2.9775862546563374
-2.59220067745356 9.978972517806149
-4.971093649810503 1.956813796074961
-8.305821216961117 4.092350197553662
-9.24791925741114 6.906898509877934
-0.43527806012292203 5.009483045320945
0.22879155887272873 6.685222970625503
-7.070840585316542 2.940142779575803
9.018515069792066 -4.039972419791473
4.067648881097455 2.278884590550426
6.961497232551288 -4.651146534319695
-5.454434112870008 1.1508921247645905
-5.949923930173309 6.531893683796575
-7.377100179547931 8.180728900088901
-6.125014898853969 0.8903709238749826
6.552558401079413 -8.750777662976839
-5.374127601825823 3.3124759395817254
6.647125823838792 -2.4550594809431647
-0.435136236221247 7.954098264777251
1.693640893320417 1.1390256272744352
6.441679053131569 5.65019822524058
4.212609099993793 -7.190985921274966
7.670970399439611 2.099432537089392
-3.6856718359589724 6.222940658337773
5.7499172903840865 7.134991715941116
4.398722145431666 -1.1496099772411341
6.149626221313561 -6.440832705780153
4.258967046612149 -2.3065896137729425
-2.3182041966113687 -4.570621809717732
5.582975013188715 -3.639182727924304
-9.78284499938865 -8.558664473415021
-2.219663865658596 -1.7009172435250974
-7.966645203595744 -7.221394313734191
-4.463649099625975 -4.648434102883812
3.424344862269841 8.747257271902487
-3.1498247968090842 -5.196541834112162
6.623010647048773 -2.0025240097407586
6.6042028455106845 3.7957125227515505
-0.1728451949471861 -5.411028246610046
8.612982837939573 -4.360921923956562
8.824532702322905 -9.55826618108725
-3.802596421973692 0.9901165407314938
-0.748960809939792 1.4266631195927353
2.772384552152822 -1.478148622189714
6.590212003245416 -7.223462909731968
-0.15873207004153755 8.824176831386467
0.605891607550511 -2.1911210076008576
4.037517759567024 4.188044495585446
-2.5995353720219994 -1.391626297463553
-8.39475704597364 1.0498229579082654
-7.1683675860497615 5.347167938338416
2.599711040047266 6.102318390489469
4.934720723394468 5.508245897544544
-5.8545451809622895 6.313575330585284
6.538542929755401 4.682180334578298
7.2315540728638865 6.439464665878148
-0.2180987748861476 -9.324708592563482
-3.155233275412586 -6.919822427538023
0.0545902440280166 -3.3676930928656397
4.278302809059447 -8.53494408421639
5.08829637503872 6.4784941937653
-7.687343294162825 -7.270163352015924
-8.291212442092275 -4.905504573578712
-7.674194125344211 -3.27285258624443
-2.1611878505023663 -3.8174440850895035
0.4318869008418105 9.184742927316833
-6.253206090447021 6.9290708362874796
2.797116692226762 5.091042668509246
9.731612554549752 -3.4289472160759544
-7.836153930678405 3.7995999477299662
-7.821051228657099 1.6587442611245535
7.488062381335116 -1.4441897819315415
5.076483049716018 7.214979878803252
1.3678286230881191 -3.5722194348790337
9.290193518431074 8.711778720551123
-7.496816393488097 -0.7966752551313796
8.005717991452798 8.071825155641225
-2.598090958651902 -2.7461589566801603
-5.603126690525222 -0.9333900474362835
8.288824977214027 6.462913849483229
2.7051756302230157 -8.380197308000918
-9.32196274867685 3.1567515328159885
9.48749129232245 4.719758628740671
-1.790272887494444 -5.144638619856458
2.0766792803683067 0.44662264608574276
-9.511273155742558 9.704358175989043
-7.253332566982149 4.317464622956525
7.636346432638444 -2.586254350126465
9.66405076967201 8.452223784316612
-3.3895458488390435 0.6956099297817975
2.6779445752577082 6.822570114813633
5.768985707345259 4.418180476113099
2.8919219679101396 -5.272914320535844
6.330725481137776 3.4823263544313114
5.818388389887092 0.24970179296561668
-3.3460375409775045 -2.199487126141313
2.3437823985079387 -2.743394462322259
-3.6618694734534625 9.502794972291667
-2.3230391145705838 0.338485565110318
-6.242626658109902 9.949881977707907
-6.677514322144338 3.474034544945594
5.896710442281336 3.8966836162194127
-2.376333989694608 -7.499895696831354
8.12114437431844 6.284291512850487
1.1642356968663243 -2.569244008779954
3.314779870586765 -9.264982276758607
-3.2544860419746975 -3.959459994648375
-3.293676447015339 9.211637951725884
6.72495193774505 -2.0924373231331916
-7.049284137870043 8.550741840725024
-9.355774525935455 0.9343441927471101
9.403089698891897 9.270187583227212
-3.076061897131135 8.876176852193257
-3.1687106964344425 9.425601494143237
8.045155226089044 3.5177101518113947
-3.6596375244957553 2.7899091125620643
1.3695066108427767 -1.531683013022814
-3.7764348723725716 7.15400987448411
-6.404448240374534 6.050745394668649
9.048313332533617 9.249112531279067
4.795072891352394 -4.950826393345187
5.990588744734284 -4.439630554132514
-8.637776547543867 -6.874014702669708
-6.710170289159754 -6.841030422847854
1.5465895239511145 -7.791406455168726
3.4653663309305003 7.621318636105499
-9.826221415761964 9.715194567196459
-9.664800479677439 -5.328872082316131
-1.6779492976759336 -3.65163160184572
2300
1.66984289505619 1.858065827623662
-5.662701334725284 -1.0156139437193836
-4.519008361428125 2.5409520024695365
2.8790044327934865 9.653691236761222
-7.602369781655447 8.46090186167072
-5.787417690566105 7.6772185480705595
-1.3294492071986355 1.5503017410097986
-0.28046382114772506 -8.496301706124267
-1.8054499698157507 -6.081440535734666
3.4089363065688687 5.468820378289809
6.660812403261431 2.385374245073697
1.9093414218471167 -4.9174710799604355
-4.214978481338056 -3.566803456081189
1.9860551279732714 1.026429001632291
8.92987486191026 -9.545417509655413
-4.344547708308239 9.421424170506238
9.182323457353707 -4.480139882132246
4.312218536049697 1.1798086759679531
5.5524110644903715 1.5428553986454645
-3.47720903902273 -5.045620881873605
-6.867539058470118 1.7069820388062862
-0.40978328379769735 4.589593249911644
-0.9486138788707432 0.10776913089626561
8.753106968949634 5.283896590365572
2.9189714486959204 0.2678532168033403
-4.64165550318967 1.7641276388016873
0.668251245257645 3.877281533737907
2.8428037420108954 -0.6196264540829866
-3.873846268113561 7.68421801507559
-5.919946371200348 2.198121301096938
-9.51770575914055 -1.984728718254873
7.670725587724625 -2.659002383785161
6.935775655391193 -1.584967258693048
4.014146194893948 -0.5098608715524087
-3.445580469347136 -5.804737223277938
1.6960588919896757 -2.8102939048045776
-3.252088436204213 -2.1096136384695168
-0.31537937065422383 8.386720110566444
-2.6581688058590807 6.427339636428677
-9.357129747495833 -6.41656724066322
-8.758309381981457 3.0361921538253984
-5.155490221852177 -4.841084794816259
1.1380199116080831 -0.7925063435342814
7.168814344432409 -5.409270601501186
-9.181747154750797 -2.971351205336818
0.26802416714800437 -2.6691230764063807
3.213803100867157 -1.2360182279505612
-2.250252561006647 2.103625648551784
3.214611750135255 -9.758731406900063
6.7281610999887 5.427894031209972
1.265794884941723 8.234345648120424
-8.861973638629532 -4.136213949398833
-7.826073289861901 -4.3398507777094135
-6.051902122263555 -6.458873015167875
0.6188293924411994 2.944887549048687
5.474138299388596 -0.7707763505515697
-0.4455619546258216 9.052669376753947
7.76888574716223 2.821701855058569
3.658460570712162 -1.5264541865117778
7.68371792305819 -8.144585671722332
4.866540610919747 -1.9808209179725011
-7.0414251143076605 -3.9782226402252725
-8.125848273501513 7.196328434270825
-0.543197855730277 -8.506558356413507
-5.373977406400863 8.365269241318309
-4.176641396565264 -9.352863521066975
-2.4389700430938603 -7.813953922190566
-9.54756534015797 5.878644890379164
-2.15324280391229 1.8357505585192762
4.630848052961538 9.62024444422186
6.416315161003304 -7.323558870171134
4.9722671772438805 2.64451078291836
-1.6856694241995065 -2.3968384307394803
6.037711116796107 1.5181741356474632
5.979153236150321 5.723121702276659
-1.1595412539803114 8.424662692435184
-7.202448187685489 8.356188991480924
5.289115126586292 2.4457276033908197
-2.808437140419297 -1.0606112560247798
-6.440579559403794 -6.031386610969522
2.968915805413289 -6.055700794630907
-5.716275424642577 -2.1118530012814984
2.790878299577299 5.3003538780392
-3.916784696582374 -8.52434764436454
6.868297891330826 3.496271779337846
5.433807995964413 8.501776200850589
9.21487574134445 4.380639064080318
5.035434277601212 4.602667329471311
1.1964954782586297 5.282990049061869
1.3856673911513226 7.532384680604668
-6.955646736440569 -2.45060855391825
-1.9651318004950618 1.8467759823647096
0.8454934791973976 9.083062108706084
-4.22604735268012 2.6797441907770967
-5.835751903925857 8.656528027640807
5.249426305038252 2.6345733207263127
-8.51522891057784 3.2712603461117578
8.308600254267336 7.611792159250818
-9.613453878223762 -1.1587645242208193
6.258639773721409 -9.724262146900195
0.9178324835140117 -7.682179094918709
-4.931824813768156 4.160459123186431
5.118347856718138 3.2303964576630424
1.5516833979386835 -5.309928038670913
-3.018679702572862 5.371902818695251
-9.765167909122855 -2.297961975983032
-3.837055961862152 -9.913904248453733
6.624526733206981 -7.070127208993828
2.7938201517617163 1.0942400450220688
-8.037072311292867 -2.4356488519077413
-1.265152103445864 4.823969677949826
-8.106337722271393 -2.412234261228747
-6.168909139291101 2.5692809339364846
9.99385057262964 -1.124532303535073
1.009026413123994 -7.501876150976557
-3.3936313946142427 3.924541645003316
7.239311861678836 2.674287252409613
-0.00277902676913655 -5.899337166782008
-9.099039748885403 7.619196353218939
-8.758002800631147 -1.3661581210611509
-4.609191977577312 6.787138863715441
5.559571845946499 6.185187962892108
5.408813770081773 -8.915642432200048
-2.739169140970981 7.077907560983469
-2.4685346467196423 -1.7533025300401857
-5.222090647943847 5.491246043735396
9.75864446241178 5.2793099663095795
-0.23434520168293282 -6.347410588535272
-3.555476171465637 -5.235383002078027
1.346618481379128 -2.6667347940490345
-2.735238380134966 5.047448006848052
0.3794790867239506 7.094841510114879
6.758591202692273 -1.5069062397798287
-7.496678319193634 -6.027152965800802
-0.0855999262087348 7.115325506327096
-9.60237380718075 -3.2626812245467
4.289956727349901 5.15104104281054
-5.416697487431536 -1.545813199763037
6.731785665937732 -0.45892966709594596
3.419264438392716 -4.676527725764341
-9.457210235531921 5.926465118354255
6.7104706189422245 3.353210224476758
9.621971546326282 7.372417061078753
7.193004877511097 5.547189375954378
0.557253909518657 5.4187807483889845
-4.460005670398592 -8.0933551202987
2.5845280534169426 -3.704829768552271
-5.690541914438398 -4.50903272973709
5.685130449658773 1.3804125422494735
-2.6708323192556493 -7.537763134743449
-7.515650675645906 -6.3114846092697485
4.34069478887778 -1.3270139976295763
7.010214410323126 -5.596529140087028
-0.648388119038037 7.644265895671868
5.435845943305882 9.961641448412287
7.711963314348701 -9.18951985675604
4.652599994781992 -9.995522652915383
-4.119020340272794 4.67926732306594
7.320037448417924 5.8511555515925195
4.844156327381546 0.36017780270503863
-2.6713748126402326 2.2097161278562982
6.423134322136942 -3.159786206275246
-9.51805580842871 0.4713775008443406
-2.9473665040292785 1.9168665564956306
-7.0683632030911685 -6.92451038894588
2.9738166906159673 -5.233713983842582
8.735555176411602 3.3869898404611583
3.7585666046612296 1.340040189667441
9.538964675768206 -6.06938011350371
4.249977280220932 9.972814817480902
7.200816812546712 -4.3351730787749805
-7.743947879936406 -2.666541427332046
7.935446940123661 -2.7570347442179894
3.6089743058055195 -9.93144636669027
-9.795594107675 7.461816633194626
-7.215404301852477 8.834040378599735
3.4247394988082327 -2.313344976598617
-0.5896899686260078 1.195738454564399
-1.9409027739141784 -8.777774952644313
-9.641214251524339 -3.7494855430748224
0.68557577082316 8.538207789502096
6.831059364441284 1.8130270410389482
6.884477021975357 -8.431407635391196
-4.703090944639632 4.186096460947713
-8.900895854665894 8.385311523078595
5.28581936548132 2.0070667992662887
-8.921307376974335 2.1589793721062875
2.521829555958046 -5.162418865281888
-3.359542012233458 9.495033467699656
-4.172722907459927 -5.774771227571058
5.6361117324841 -2.085943664088461
-6.896695488895295 4.494490255579549
-4.636629506040462 1.0141536708309822
8.219451734307675 -2.2622611992827117
4.8681138640324875 -8.483793844568545
-0.1118444951072135 -5.194911902322756
5.502645291512618 0.015083048061967474
9.011172617831388 0.9710210371484269
1.3386722276225669 -2.813125090607138
4.878420944174957 -2.8336521693284027
-9.590878622817007 -2.9917492054938855
7.424868034212327 -9.12786030818925
4.861630885829307 -4.8823194521754605
9.575217854595028 8.532856008899962
-4.420401941967416 -8.69429243671686
4.857171146119763 -3.8160454092704743
-5.784375842281011 8.615400850109921
7.36836895203724 -2.608604215570347
-2.6274006087776636 1.4459530214172638
-3.010474857462322 2.689809917456502
0.9087514013362785 3.4066206461473048
-9.970069283238645 -0.3309380341869623
-4.029975280885689 5.918703784844691
-3.7843591108133285 8.349788536484063
3.500814722358127 -5.213287978929011
-8.241225126751921 9.006355070151557
-1.6417922562504277 1.5851762217505811
6.347230223742223 -1.9338473221333263
7.685805476808866 -5.597003154389206
8.471274016287516 5.981216210536239
7.42030760428764 2.616748830055071
-7.349648419264591 -1.296565521493367
2.675851288284486 -5.124587288464619
-4.98012776832682 0.22636584919830938
-8.980665168954543 -9.458724644210943
9.930193406306582 -3.2391689637833583
-1.8698078895397927 -3.8327334429492073
7.73038621864935 1.3995414317784878
6.461326860666571 2.6477161047819813
3.716021087850754 -1.625754846781751
-0.8890819906296663 -2.3554860607922397
8.456430041335953 -6.188239950849582
0.0953612633455414 6.294721159160947
-6.814691738467049 -3.3713263494894026
-9.319176328807252 7.172778648426629
-5.538406817979789 8.16841577172206
5.0030705327018445 4.95475586489289
9.657058028539687 -2.419906456870402
8.936536628840038 -1.0061591097930833
0.35928675772186125 -3.616283939227179
4.4601451517233865 -7.49114101879476
-8.191351596247294 -5.350355895280787
0.09819021910112724 -7.329314163977749
2.4682067948490083 8.089799869289447
4.085631440264137 -1.123258826950913
2.951239635391632 2.7800144049245077
9.93604890587265 -3.4971492870521477
7.945415320563978 -5.531655771763042
-9.549752132980664 -3.8426669572702625
9.056465250957277 0.21533479612920914
2.3712651151625614 -0.5391531663056135
-3.955343002865506 3.7019604014931335
3.0465924634831687 8.08183656952352
-8.76783375376987 -2.9904188188838248
-3.0277864437354935 -8.355772669131591
-3.1602619138477355 8.944453204376291
8.532125332840597 -3.232695126603895
4.214571700698773 -4.403808522530534
8.773912114053616 -7.1848571326249004
-2.7450346706626183 -7.662116312527029
-6.869421614825654 8.191032828941019
2.0299075220576164 4.438054815895908
-9.851407179263472 -4.120061238956367
-0.9606977925260303 -6.617884986501393
-4.109499159358121 4.536928680522225
7.826844962912283 1.740186703242907
-0.734876723296205 -7.057251398105313
0.25856700282363754 -4.929155572468478
4.67061129541751 7.620255995336034
6.1678879996076965 9.135342539997946
4.605246804144176 -8.13653031082069
-0.2179265577456455 -7.034445159778624
9.550074125362464 -8.334035013543225
7.547396597181269 -0.28933150893949033
5.519579059048054 -6.176530348335518
9.390930740059854 -5.794926682879229
-1.8895160220802367 -9.990801760958956
2.683253701025901 -5.464141942546408
-8.073777708594186 3.559247607855834
3.1201119263978345 -1.0106873928994116
-5.645407705417192 3.8874802300128444
9.45746155070017 6.315390024481861
-7.8284194952318575 -9.117353127827684
6.728136813824747 2.156780637884065
-9.686050599998604 4.288197525930631
-4.081636135332827 -8.578189642573385
5.087404151550301 1.8667882184025792
8.221263411607481 -3.174549063757091
9.853250869974637 5.517212334866395
7.095442853249068 -4.176979663392071
-9.441203025146244 -5.2912936916652615
6.38815369672502 0.5163613654319281
-3.2072787446627693 7.777473492690895
-0.43468749122884986 -4.3166681776284594
9.890830963309025 4.574777303696308
3.8121350222816943 2.042333261567899
3.2529576925015196 3.627546529140183
1.0580739758988962 -1.2372101880096782
5.007428500019113 -7.490744776913656
-4.7188033562994995 -1.6335205520507792
6.865374668304558 -3.3545332884518553
0.8113817232919054 -0.04707120536418152
-4.922063870189466 -0.7162431273196432
-7.813899904552091 -8.25756151091439
5.8973564349371 -6.787912542355123
1.3593120388434272 -5.800387590666787
-7.717674978244631 8.95906956891546
-2.8307020693832596 6.9968573190353
4.351784536574211 3.7011560579322182
6.289294424167519 -4.537277627930656
-5.54015709850876 2.1790187442288236
-3.0643434415237163 2.0086348184628218
-7.686761245479681 -2.7804706267258794
-0.006746306971223248 7.6710370359974185
-8.419202796575034 5.89712688482348
-2.059698570324735 9.731801508161716
-5.447007714283134 8.743408057236351
5.514690371315714 -7.153135335059611
8.576493005160962 -1.6353665901585153
5.230242536672122 5.877991273143346
-8.984669937293916 -9.37881319280213
3.0705606665009437 -6.505346803922267
-6.645153722198245 0.4924193928605902
-6.759696946580904 9.022686777621974
1.9403186920111377 4.412261961002585
4.4480762077993 6.722007710137138
2.1026872543947945 -3.7754605379764943
6.4269363445593015 8.862240266042495
7.08173544201026 1.1928747100557384
1.6058033605546242 6.961781361063643
3.5807693630828012 6.147196372730551
3.1795909152192294 -4.4281908024132655
3.4815259670958056 -4.086215572587502
9.907606965722596 1.287676097745054
2.675254820028103 -1.9761097199220519
0.43808032241833494 0.7141909658091254
9.029708826099178 -7.020397560772967
4.950636962787396 8.584331959255536
1.2111008596574528 -3.112186380328157
1.9439642195796303 8.307483675778172
-6.222678299842849 7.332000753808529
6.583446464736763 3.921961651876117
-2.829447897549791 -6.4026262167473735
1.4493531694439312 2.6426705988232158
8.691172313898296 9.000701109914008
0.5257676577270551 -0.7234420920957767
-6.645223371609812 -1.2306516777377308
-2.5168230892358245 -7.601456635181365
1.6909803359918492 -4.011455404935345
5.709448262131847 0.9662426843428236
4.866007733268491 9.421857303985142
6.195327992464389 -1.960404713448117
-9.607105343684232 -5.189008628799123
0.37741364328814697 -6.186609821709368
-1.9398316727949272 8.85247421331567
5.229386250753139 9.990002451277725
3.1536491747922213 -6.543376291950245
9.849339894068201 -2.508544715087602
0.865038874584803 5.241335112019732
-0.4647168567694049 -2.699514567270258
4.610855093958888 6.774260621163954
-1.396988307357141 -8.327962592723022
-7.5257794261041555 3.0665431641481113
2.6857851275583737 7.235360818025136
9.142495743997145 -8.85552693309469
7.660438056870515 -1.1041043837318494
-6.389148383442633 1.2448966732166902
-0.15223298976402688 -3.874679732174087
-7.491546318190398 -8.292790716836173
7.793164838993995 -1.3866653755989962
-9.500859247755656 8.133241616659124
4.461691127642986 -2.3657099507979034
-8.084728921599641 -6.607666800378979
6.657677817779351 -8.862120726259594
4.597420873139548 -6.095920708528317
-2.8191180050531646 7.516379178041387
-9.910889559449776 -2.3185491237595723
-2.6332239388276557 -2.214026214236668
-8.773379687202551 -9.930724443783443
5.502527832429983 2.845245381278394
7.000338554787955 4.533538964798282
-4.942139241966956 -8.085712103512662
-1.6567490933914542 6.008137202411124
-5.947739012012104 4.375274707198356
-4.616475006161423 5.471279584995941
-7.809854510865463 -2.7001029652785498
9.886481379678997 7.796559483088956
1.6352515118338058 8.25426225754914
-7.774809261736357 7.3007006694507695
-3.4512445385973383 -0.3180047250195557
-5.0992527672639625 -6.968629911889391
0.5982605809531485 -3.1308861308914544
3.647721997117479 8.902535918430189
-7.620156732200316 7.057675786819086
9.702952934590957 -9.30562626182535
-1.5225401770164666 3.95077744240613
-5.633251469550588 -0.1454848777126987
-6.774897315734401 -6.048750570987753
-5.370869067861468 6.2649492230951545
4.431720509429516 8.418532109530236
3.9873759787654315 -0.8577842517580709
-7.3330163708664875 -1.4600556994695157
-9.320674898298954 -5.761992644384122
-0.8819675940350749 -6.082011666170953
9.094853009524549 4.258709576990153
-2.1559866898023134 4.468026528096409
0.7262749369757024 2.701261388354917
2.335713521115588 6.438941125507515
-4.154426091475589 -1.4797894182181164
-5.78988136779169 9.257417590893368
4.685777871346204 4.775580567561214
2.6304304850262223 -6.3937160013969585
-5.7177462095482445 7.013186210268316
-3.7343862314454217 8.907547755271434
5.476583837228484 3.578525957806775
-4.507719800090221 -2.506040731217583
-6.441301274314486 -4.507757554546061
0.9988375492201484 -9.297659288570157
9.202799258717885 8.434671149978524
-7.268906599912519 6.2662241858353624
3.219668057704803 -1.8443067338291144
-3.5015031420802583 2.0115429382101766
-9.243367250169825 -4.909376645176069
2.4069038638465283 2.269826677867268
-5.0900013393347265 4.743972248963814
-8.421164115199812 5.011499231545372
6.086805864170405 2.2283878609335357
-4.0724190039901 4.64331939346536
-4.864116352727985 -2.6365730410288517
-7.357158493012188 5.1536795267652895
-9.702549004010057 -4.834720745451553
-3.6895459865292457 4.944861050393046
-8.279669258773625 -6.07745916545319
-3.9202774105897253 -8.068647169574529
-6.915415875991144 -2.500630257312979
-9.57832972436729 3.634282582453835
-6.471088962324338 5.378931750538349
8.27244125317328 -8.804793720355866
1.4499012397667848 2.853360560036073
1.8721775069997992 -8.52539403464583
-2.9015708222175522 8.296887601431369
-6.270947177138064 7.888556177640211
0.959357823448828 7.912563406081929
-6.962240457217181 -3.8485089911021912
-0.5772140596333486 -6.6977826806957825
7.832893106508386 5.114272641230951
8.299467498465386 4.307210404660598
5.26255094340263 -3.0870340571860755
9.580123729782471 -8.791421153035275
6.74048078429308 7.356871327135337
-0.968322309339257 -1.8730671568469308
-8.121720091403885 1.7743647099285376
-4.79619103130092 -4.4740671572181405
3.984094224664254 0.8370871814631098
-4.1043019590459355 4.3096849673312505
2.673617242963303 -4.437109285785863
-1.8626967495767595 1.94959785730941
-9.777593732407617 4.853540470196247
1.8638411134473625 -5.2462367159796415
-3.9732343410471804 -6.289844950276189
-7.005087020665799 -1.48396755210271
-8.191964144559837 4.0373973678797626
-9.862000467940872 -3.714005968510916
-1.9081471931082667 -5.116645058793694
-5.745348235680714 -9.190153691296327
-2.8960050361254037 9.33619468616848
0.16482797974695274 0.8879395354329862
-7.560471674073829 2.2563279666915896
2.1958588533559364 -4.095415562997697
5.2216988589138325 2.9988697172515817
0.343861910240463 5.145721661702076
-3.5884658525901187 4.192509322719111
-3.5860853462250226 -4.83529370351188
5.867553126186957 4.486266362265049
2.566452145905769 -5.355726792413558
5.618856600076477 -4.800020124741831
-3.732456428201134 -5.340956562933283
-8.304829785724506 8.76941288439071
-3.2694440107540856 8.217067264733618
7.515610862035771 1.9751605609384768
7.447555761611284 -1.5445754300925802
-5.5085717903898 -4.91596919494238
-0.7630823730499294 -4.92892609487207
0.15443777750451027 0.29113995705067097
-5.895882129267127 8.234468637107312
9.562085165844412 -3.1467247788221027
-4.088938843045398 -1.6311692481713145
-8.310755608591078 9.88297146621603
-4.568394882771731 2.9612838715949596
4.372753517685972 -8.223969391761358
-1.3960570180466476 -6.954181572314393
-7.400695097248871 -6.909204753289577
4.097921887732394 -1.9103160814951732
-2.107922846739701 -5.926634332891847
-8.400482441012187 5.456806230087592
-9.018329411062457 3.577868081477879
-1.2811366174684586 -1.9568488546008922
-2.51542918940663 8.948021537337176
7.010420162564792 1.2486774268239316
9.652499738949814 7.198503564856001
9.755967285946603 -3.1541703503305962
-6.8460450879881 -2.534174513933505
0.8987465439961095 0.9650344735705829
3.2801655766763655 1.1703817615100842
9.34719038790043 7.2700240628100055
-7.9566570539471755 5.279973059026888
1.7549328047042536 -7.172124030911354
1.307546815702814 -3.1699220740594347
8.005183514951781 -6.506098727755896
-3.5467113130356935 -9.96624027485
1.4408455772344944 7.512057246405128
-8.636623130606946 -4.933160266630418
3.167741819357639 3.780048508780677
-3.136417247738268 -6.59094966409331
7.992856907400608 6.287030216732493
7.901768612735051 6.063499949705957
-0.2592611449261799 0.7003532922690692
-5.4689640818527385 -9.593934127869392
-1.4149605490887005 -1.4364624462741116
-5.373403642217971 -8.657196364925877
-6.334368058096398 -1.5128026105276895
-1.3541059334293344 5.228438303425815
-7.953736090670864 -7.5808061939814735
7.301719752151513 1.9113762065732516
8.47947586090173 -8.378722083322856
-6.3802575640868415 6.351360182517208
7.068494249598068 4.312302863453892
1.2037034567780118 -3.1063603970619225
1.6675794347640593 9.35015173473101
3.9679982919263104 -1.801577313207046
-9.768104664466279 -0.5604710952182561
-4.713821419177393 0.39246428820562684
3.0816109409537233 9.838998733389847
-0.33481684772931786 3.4606676936941447
8.84149984121218 -8.641022672272227
-4.287680618290908 -7.9672687070211134
-9.763762518782276 6.893740950589134
-8.597610004491443 5.659144186449831
0.57774962932492 -3.258520721691447
2.3402926742044627 9.560892897207388
9.80215302941414 2.5358306930548213
-8.061088400847288 6.408777468887333
2.9907767036709476 -8.413291658309793
-8.405257458978788 3.4754281528137447
0.2208773338500265 -6.745247284465677
-4.169212466062142 8.572688234001543
6.833403803807364 -3.489009900064426
9.16733225826562 -8.389428856381647
-9.185244913223531 3.8450895895452035
2.272197870662824 1.2612105325665635
-7.861627441320902 6.0497754129448715
9.416811639275483 -5.766397881560201
2.344026566570383 0.0053283356765572165
-1.64312232396356 -2.8334454381610836
1.030237819205146 3.376086384797661
-2.97213479528706 3.4642575368680397
0.8512007159557058 -7.328387344689369
-8.03441550551512 -4.748514472440526
3.9742677194109266 -7.425077826735762
-8.335890989103035 6.477636493458675
1.4789197815595614 9.056328750756851
2.855140923920601 2.3637856645654676
-6.627091520560482 4.489886914963934
0.08006862302343087 3.8020317246102096
1.399168017287673 9.243742099735176
6.096439382031061 6.599837387774105
0.08406515122510427 0.9109538784255165
5.015222831586071 -8.125348718678927
-9.997378595193524 9.278998346956172
0.9776016065174264 3.611961369045746
-5.505159822573351 -7.122496957497432
-5.684486956537944 -6.198725992107301
-5.5353673628768085 -1.8797581915899109
-3.1570327988462825 -5.240837416485391
-2.1333720018759728 -5.047162536264549
-5.815052125110793 -5.305545856245093
-6.923198834765545 -2.1550064151196846
8.82717742388057 0.5708026545744822
3.5066631066888903 7.988100899439697
-3.54097154608644 -9.8716438850147
-9.730388875232292 -6.652103931631994
-5.927119888582844 3.732734557282182
-8.830589324975 -7.321192958679388
-0.7068792288945414 -5.645824388247327
-8.576680094744232 -6.777627817803702
-9.264718075544188 8.44140366566402
-3.2501884801915555 8.672065650577693
6.682517502642238 6.701293444709059
4.7626319676624895 -4.257067575990123
-7.663112138063493 -4.238200347093373
-4.131473062047748 -1.360286201471908
-4.684857544555769 5.505159432322655
8.300157140858104 -2.736046274298136
-7.978281882318495 7.501534807530675
-6.797046192052074 -7.793584959537783
0.8631539119052505 3.382960743195131
-1.6564661104479796 1.8715725473140328
-3.5978575513820443 -9.948326250907053
4.485606346926801 4.859941221434607
-5.879399418701253 3.4733374518637117
-8.288461431839009 -5.268826526046098
3.7971933715543944 -6.611479284909225
-9.825699952421107 -6.747072102814553
-3.263429002574356 -4.896029109257309
-4.667428621582268 -8.2436167995948
-0.4789297064106357 -9.666678091084384
8.835526686405146 9.275214602337098
5.876352925707195 -5.6152890696245255
0.26723153412907763 -2.9889070620294174
5.770197650843535 -1.8177381177882186
-5.85935925200716 -6.896442515561734
-9.658777667545248 -4.2035580526523475
-5.569084884677915 3.480681160826295
-2.4296267879278055 -3.350072200284142
-8.606597195202163 0.039607422455159025
3.730199181623524 -0.8304203624922764
-2.415451986303914 3.0889522543204233
-6.667031905408667 -9.685104075043888
-7.292918671457516 8.905585296919224
-1.2145668445835351 -8.618619757417436
-5.452493721897341 4.039434260932413
3.9362045538808825 -9.637882731714583
-1.7031031291388423 -9.24583074236401
6.1715129579467245 3.0517781492551848
-9.596769314625488 -4.231951496302879
-1.7582465388165573 -2.762297814867254
-9.380963686611477 -0.6003113119644397
-7.0950140927966725 -9.886845757928045
1.3989308831801406 0.7027378056290079
5.331738188310505 -9.337869144350952
-8.22469656540331 -3.7893668007832915
-5.562866523083558 -1.4894315365350952
6.378095476621972 -2.6518217176536707
-9.868758548713362 7.212957092923478
-6.977101965128869 3.727828905044966
1.5123420676666726 6.771864185065052
7.976918236275928 -4.40866646900094
0.9635388711905044 -5.171923523600372
-9.849562774990396 9.489118475841536
8.925658754068301 -1.5849605447049484
-0.7552980989417328 -8.816574006211017
0.4918446115431774 4.55996934955586
-3.5620267145907185 -9.894248875884957
-7.459294198145541 3.949026894497166
8.46328864448969 3.88491165165423
-4.644787617089985 2.3512386461463173
-9.098208727777973 1.4377617801155846
9.447531478872609 -5.782390698302928
0.9493336896389888 -5.318613256336107
-3.7077937630648883 8.151878022546878
3.2712848442275284 3.321154660751631
7.641479194970032 5.054277970887002
-4.607279272757106 3.435389673867828
-5.1507448007387175 4.202258756823509
9.62427605201848 0.6086775719867799
-4.757289634168473 -2.454963408574322
4.374066046614027 -8.48617191383138
-8.545539956583891 7.803620322803539
9.969872595305823 -1.5905310831336763
3.310426797362924 -8.110928463390739
-3.4207983810525633 6.137152554334055
-0.20072299502975 1.703343490351676
2.9627226116173446 -3.466382890591124
5.292103817743868 9.250989052585144
3.7993058934849806 -7.168646502605762
-8.425215372667974 2.8335732231728805
-4.753351791079375 -0.8942720725862046
5.96768933540335 -3.6609669135422713
0.5546996038173919 -1.853133838647139
-0.314860254607467 4.443699767885953
2.917198623425911 -5.042322648300175
-5.005409246095384 -2.688296150433878
-1.8117024121153964 4.582983514080166
1.7214246660480104 5.004321506149033
-3.073969301438762 -2.42578261456468
9.302985277448496 -1.0341439960991359
6.226804098705223 -1.3563415202228022
-8.13588256357736 -1.9951224251567812
7.54851638866128 -3.316761675494025
2.790456823948279 -1.370019826460986
-8.185050774859201 4.716750198678003
6.238240914053275 -1.9140152094665819
-1.7731217356886635 -7.214634604582879
9.226658368589888 2.743439201316921
3.7458871389850845 -9.048794260602836
-8.47453839863723 -3.316401345399771
-6.122733598356504 -9.099651812664293
3.838121972848098 7.567857421542673
-6.196642152455811 8.614972389717945
0.6216952346061984 9.268230891599053
-3.7066885187022773 -3.4776596146603183
0.1150329085748858 2.546034048509087
-1.2732900244307324 0.8590414944498121
3.4620904777017607 1.050520549710864
2.3125549030256742 -8.11359956140735
-0.796995096232564 9.763847970348905
6.426328513414802 2.5758910316046197
-8.432061831683889 -9.470307100215345
1.2651872298452034 2.8485536928517963
9.480641528439662 -1.2294123450486527
8.314115355237238 7.222186787544501
-5.911073308039199 7.0316572004561095
7.982969958979556 -0.42896383332131016
-1.5423937708439244 0.7136528316357271
7.742484852347729 -2.9594698279266662
-9.846620106824531 -5.3381351674081845
3.8092478056455352 -0.1403354655347666
-6.879314989931138 3.8443479223005266
5.357767061395819 1.5160107607622955
-4.430015910366 -8.896877430546974
-1.3841937552282264 9.103398728810511
8.93281797121643 2.2237722741419716
0.6756951558944202 8.358478895527004
-9.360357296634676 -6.196644855865136
3.752645560296642 3.108629894545258
-4.721291397415179 5.140178863314574
1.6505193081879366 3.0763511149946297
-7.274596844524332 -7.719609134702303
-7.5135690761715175 8.716652058319042
5.3550723276198315 -6.550596343172863
-9.06435781711664 9.159189800974268
-1.2575082460617502 -8.834507327078025
-2.694223429302472 -2.0705583022607517
-9.931735631021663 -6.000346252755493
6.648711021279777 -1.3560259309426144
6.874768374095861 -1.0733616701276105
7.485416298973341 -8.22234084008171
-1.1669380816826251 -6.504147047946931
5.23534621513242 8.552818536619032
0.6263049129019986 5.244458590695125
1.078804442401518 9.910075523523808
-6.239282820807707 4.933827179184497
6.943106853503398 4.042331302307655
-8.505317036155498 6.161491242686637
8.476574774530235 -6.663365810847834
-3.7193497284779635 8.568332947999338
-2.109274972864535 9.105601649471481
-9.396019501034516 3.5524472455059133
-6.679827185921081 5.51946255065406
7.531479852443461 -6.388886590983978
-2.8248068979943497 -8.953991751728864
1.9767976434109276 -6.801220440309197
-2.6683131093628294 -7.3551329693162
8.27349778823939 -8.721593996413286
5.781312069117206 -8.993519204219012
-3.5104021394772538 8.934566045194764
-3.664576793272099 -7.501542263999479
-7.928545255275634 -0.3030829482786519
8.917815273207161 2.0086575036954173
8.021254557475384 5.890206320757535
9.977400211383383 -9.646339516745206
-8.842835055760268 -2.3044106287789345
-0.8544784603053905 -8.996843052524701
8.874514425696386 -0.4450492794278098
1.6636276099355207 7.848864678921139
-3.6909015464317125 -6.017293175770186
-3.573610627558974 5.162332561860621
4.637735207409243 8.73205825519463
4.346665252323072 3.37656577048306
-9.489763575199287 -8.563257037737873
1.7384475601825748 -1.7561927645992252
5.575885520431251 -1.664666689992611
4.072986989730422 8.504411955850543
1.0638430277069162 -8.04967603410244
8.664503643864244 2.49353422953104
8.332349320783933 8.169387069516606
-9.266043159352606 -0.007813033943866898
-6.092580583980842 -5.7237559928615305
8.33720052542916 -3.0332951601753644
7.539504835358038 -4.923593047406594
-3.4127559799427694 1.36410380485869
-6.8871163051755735 -5.438138397685314
-0.590693597953253 -0.5306636578233732
-5.209833336758686 5.694743493892837
9.728180530941096 -8.719391354547835
-1.8341491160042818 -2.760164104788892
5.266355408399981 -0.6553647122896678
-1.1825831353018028 7.225809793573266
0.6489877486617512 6.261144808517368
6.283784642894773 1.263007887783722
0.6101536048409706 -8.596413171520794
-4.789407356753648 3.3700032822864383
-8.91247100352846 8.2185845828669
1.7816304726344985 2.9869984622812815
-3.908266068388344 8.271590515394053
9.387502634962168 -1.1186670764084425
-5.412539184596527 5.082665966671488
2.242556724312891 -4.746339641113108
8.641094160427386 -4.417171032632052
6.316538358600685 4.1230788811846235
8.037139519336698 -4.813677017095339
-5.076065686825095 5.753237411503786
3.1956341617317747 -4.51832058431195
-4.774573982106456 -7.163533489477134
9.125049848137351 6.777472507765005
2.458758744434718 4.734550197597693
-8.22473846925928 -9.23992773067161
-6.590288491383598 -4.132238175984117
-3.4644114628448275 -9.391100217478874
0.2501033366499925 0.7281926308678504
-1.7200798086695883 -4.224529025898043
2.1606170391015667 -1.8340871866824298
8.55336578979804 3.3366022258693047
1.2329912475916345 -7.012713890276943
-8.773759089191094 2.65818945054561
9.917266244862876 7.7359974898930055
3.160429953790336 -8.601518017887082
-6.27746027830945 -8.672221689239006
6.508366802877813 -4.268368721680602
4.915321353650068 0.8264136750262079
6.943979988489065 1.237469573504562
5.108199235554311 -1.18073714780272
8.112533810270914 -2.710456232786207
6.553143978366794 0.13236052484607974
0.30500094421158686 -0.12007653416356057
-1.182737962243582 9.61308277614135
9.746840175049464 -9.05043779759702
5.614056263190806 -0.09656368603577725
0.34714667041995106 5.41932173454364
-1.8987224676357446 -4.333692605518424
-3.3442516492253604 -7.633960275907128
-6.6775528314215205 -1.3143512725964417
9.553183464235662 -9.005564917135693
3.3574095595542186 -1.6150643736864279
2.266249314176063 -4.691982486846218
8.961155650120642 -1.3911128099107515
-5.449779219959163 -6.015063781618397
4.062531744126449 -8.25309490488581
-7.2910182318350465 3.4433670461362347
1.2724019222665213 -1.0453590112531828
6.470474213327286 -3.0555604783454555
-9.142996243491302 -3.1867439093529493
-5.782320844625386 -2.1780127550667405
2.070864889881408 3.6911254589480187
0.2786478804526453 -2.694431464628277
1.288976774252081 1.611712402300416
3.046784025219008 -5.531561321904361
-7.3778478200951 -8.548021733001232
-5.894938356116118 -4.825183612144899
-8.019605715785087 -1.348025593707531
-1.163416688938284 -3.917955099105952
-9.224588812070703 4.443316824480172
-5.155486480252145 9.0121425257765
4.685449024277304 -6.251361024952242
-1.6786497392592388 1.1253604247182913
9.422096573098656 -4.364267376513706
-0.9781566607326546 6.348408909324313
-5.238444661901749 -9.931880251690268
1.1502901294683063 -3.5245127595885677
-2.316777179421557 -3.9067539254105554
-5.53220155513735 2.227494851767224
3.526805853692709 2.7615488409501037
-5.667707844200461 -5.874232824621917
-5.9850335059221464 -5.664084035443624
5.014782409664056 -9.858162012421506
0.5832640765419193 -4.151269404373825
-9.978745058613622 9.051998735454788
5.267138719059023 1.6198272961402793
-4.611778924025407 8.019498549067727
1.5515870805684902 7.664468469485492
8.256522066793387 -2.0035356438128478
6.537276351957853 -2.458927650604677
6.044635011012755 4.361907235758018
2.4501569766106392 -3.325744317925672
0.40379089488300757 4.755285459058721
1.4366228145641458 -8.51975094718503
-1.1045796329480844 -9.915817821241998
-5.619936996453605 -1.6134211329824595
-5.985927581370111 -4.55894330057072
-4.485091363111264 0.736352709794625
1.2821492336314186 1.260705872404042
-3.351934284314291 -2.845370731271066
2.7982048645044433 -5.5646365236212265
2.046174943118803 5.542457967355595
-6.543632742462123 4.522785359643141
4.418208077253098 8.268560621331638
0.3796324238508362 -3.240634225324019
-7.135685015378009 -5.458922070949541
-4.185520845063193 -1.1232084915716172
-6.643535405925116 -1.5978357424603207
-7.050504242321316 6.0253837211066354
-0.043078890048315444 -1.6065044337945107
3.1592704226852995 -7.461000370566295
-5.021032472562288 9.89198865083269
-3.076392852465373 8.302065832455902
-0.39276254344419215 -9.993158800870335
-1.027522788569442 -7.6554986166566685
-8.096057812316706 -2.6665048238140248
3.5874106491836866 8.316137912230147
-3.744821752386236 3.7952202496203213
4.723891354940941 -6.194962516346321
-8.620368119293412 -3.331377377418594
5.1560226438602275 -3.071796807216769
1.4739377420432458 7.959268046030473
8.97546174288292 -7.069584162114825
-4.045304295349514 -2.759126914039065
7.690498938264312 8.540803553651934
1.3023767948938474 -7.745858291335814
-5.167527734233685 4.205894882993093
2.010150332086379 1.1734329621514679
-1.2500535766286767 -2.4607929129104438
-6.640183562098441 -9.033827591932255
5.7194862107715565 1.4825067872426256
9.326963173295479 7.334493072132545
8.880566147954028 -1.3435873400749614
7.440159719371383 4.390544400183401
-0.6913861233646941 -8.306671674480077
7.093333913575684 -9.808175982874594
-3.278920536903696 -5.411266983635423
4.403574138046064 -7.640319336079003
9.70151900297466 -7.44723273330446
3.5158607677166422 -8.929283515297396
-5.882971008631797 4.674053943533405
-2.0610074356435426 1.8377809612178488
-1.399740900138136 7.945757471840938
-9.049010033754627 -2.5133829158619436
6.856231558295885 -6.507391843600838
6.773554088520697 0.6249380248034804
5.948588367384938 -8.918787976248188
-5.454308395823424 -5.567922984095972
4.121429594565329 0.15488384995488502
-7.039188961078688 2.915217879598565
3.5880028224292566 -9.58017551197525
7.826268059245841 -3.2769271840248493
-3.2736599232033488 5.1153330956946
1.6816265529761587 -7.84037030779809
6.5197529372783904 -9.208321016246721
0.32365169802706006 1.9934639822977456
2.752863645174422 8.077399547170806
-9.737332296583325 -2.657700446926796
5.363343317947777 9.966165825466963
-0.24086859130934002 0.7418209932246391
8.11821955155073 -3.464332543751616
4.561793605824409 7.806664028397819
0.5956093181079343 -4.138223844612052
8.241289287615679 9.130811705256772
8.542358847671178 1.4913564285197403
-2.9101884497936954 -5.6562952564036895
-5.5281135982015694 7.1966348527811626
-5.265074281865076 -8.009444869284872
-6.58296772328987 -8.182758682202596
8.457568539611025 -8.523600974521216
2.845198643998568 4.506245689343611
-4.67574769682487 5.180917608774182
-8.380829347647982 8.821510585148541
6.412585550556756 -2.9242722506223213
-9.471888439504388 -6.424989397656442
-8.099323185080973 6.160643619685988
5.106015554082017 7.433133057223248
5.515031542200671 0.9575002840917932
4.622851721932461 -3.231760301971283
7.639840571739242 -4.630775251953418
9.070757224636772 1.839623470675452
0.42600890765352517 -4.620969546439982
5.652068366102242 -4.771117930073164
-6.385368799421869 -2.3584218377593302
-5.982790670881131 -0.22887985569941094
-9.868167404717063 3.3791342814254843
4.028961025781808 -1.8547455177867853
7.165151330809049 -7.238924903300892
-4.389050772182275 8.141489474461082
-5.502642805148518 8.95465760839948
9.214145335317788 -8.068082362626273
3.080446492623466 3.49414191501098
5.500720924256155 -7.9923766240320315
-3.504023701971912 0.9349102332169856
-0.1897592750950281 3.4667334026007968
4.76500419347081 3.9371785336243583
-7.465079026605778 4.205721131443784
-4.798838972365209 -7.405191298838892
6.761483012105423 -1.3341222634248524
9.314199468366507 -1.8260382741153958
-8.417073017754479 2.571027378692996
7.908196243071796 5.81005172781115
0.14578573739414935 -7.329878409743962
1.955506558502405 0.6567895357164986
-3.270866302731652 0.32378073388690076
0.20152442031230677 -7.439185510705952
1.6394716361866362 2.6403006726727423
-0.7265274351453002 -4.417595420167785
-8.316498386027778 6.697150271832108
-4.601522798609354 -9.405893189469088
-3.2632067676982217 -9.239318413823108
1.1274999822001348 -1.3635314658763065
-4.398707799449957 -0.06786798575561193
-2.126984386738724 9.795292262777288
7.852980252575804 -9.677938680762557
4.614954635821903 0.15862196174015253
0.06954887294156897 -8.65326043908329
-3.120703326565226 2.1552542542593027
-7.93139097974231 -3.8720987885413027
-8.048902148419042 6.532935677046115
2.193374607743735 2.212607346715231
-1.9197169220395693 7.888379459608622
7.597111869947131 -0.7758547918334244
-7.098700931344146 -8.439020018478825
5.684210482505737 4.171308297662508
4.316467898487712 -9.060802227704981
-7.720838424115453 5.171101593737026
-9.180392147217313 -2.990893375001882
-1.8109826773470044 9.441216643587953
-9.177175429573294 -7.247787773464244
4.683023793182297 5.52413771177857
-9.901671905917988 -1.6979398046129912
3.8070899707524255 9.362066999636973
-4.580613295679134 -1.8724680631076662
-3.3411153275903294 7.758498801857815
5.435833166539199 -9.419007685195055
-8.063273996794894 -4.2904748867635885
-7.3831000597781715 -3.9829399035143513
-7.063066143387713 -9.039733266829987
9.273428058692211 5.513177583909846
9.717355594800715 -9.923149493331056
5.746178067515215 -6.745028163084319
-5.959044557794694 6.99987854805325
7.408770492804379 -2.109962948335589
-7.025971944876073 7.768165177857398
-2.9690605970203254 -0.6881023226206828
4.154503283281134 -2.1130656048035483
2.55764504099567 1.7295861281921
9.498045870677668 5.106828968228022
-1.277620481358273 -9.414763025319687
-9.709439232049508 6.230672816843491
-3.0386914564194374 8.282362599106172
-9.303844020812264 -6.336286546197039
-0.19448555013853408 8.087212432345222
-8.598382690666092 -3.1367532568580847
6.779863318246157 -2.715980056308835
-5.631564090284266 -5.189809822086174
5.589066853235703 3.5604353454355895
-9.100446592949504 1.7662564150126805
2.085500277487828 -3.8243570742118287
7.7101735470385755 2.001262720686576
0.043024490469390386 4.123361681726989
2.89438426702187 8.376201123955614
8.425601127352618 2.6339495230043326
-1.8487219298137951 3.2973669773529206
-0.7169071538166989 -2.9882706932186114
3.566951492982051 7.0935425686140405
0.7021457724555447 -2.0027865690034163
-5.352450697283253 6.189426775468398
-6.423237658295287 7.829918964711521
-7.799009297831914 -8.669824428334845
-6.569861653927969 0.9459186222771621
1.8651652979447029 -6.4319529682803385
-7.284439332737181 2.99754204033146
-2.168029426399154 8.125090422749015
-2.366674455023814 -3.5627575861811334
-8.955459011855886 9.65456766951965
4.791930098540398 7.336642614449133
-8.114918153979012 5.125439626162189
0.24490222923634164 -3.131757648722731
9.763510976453464 -9.832835066142378
-8.390411065421146 5.4144294385732685
-0.3977112423517468 -5.983238399887267
4.170506309252726 -7.48647654845022
0.2792725122140638 3.2868619344406156
2.699504483092861 3.4970751354034117
2.3586701042503186 -2.218295764816565
-5.376111193757069 5.427948342607532
-0.7728787576379688 -1.765620074360573
-0.6719601833228097 9.451828419053005
-9.040235520593194 8.684399339433341
-8.021608617682139 0.96503327344257
-6.148006752908081 3.5956528936577
-8.919199623033311 -8.856971536317742
-5.52399537689803 -6.861746008585065
-7.670297380831663 0.7203236631314063
6.850009348598821 -8.217904041450947
-9.146597678597296 -7.759386916918968
-8.884099122030701 8.258657661155745
0.8543672592553442 1.297816629308139
-5.857607485472647 -2.126572369564985
0.19763869585886695 -6.358810597681033
-4.922256564948326 -0.2958848168166597
-2.4261917612720936 -7.513837522171141
-3.6673308509899467 3.847597095904403
8.214677475813975 6.681781320888621
-7.0526748166680004 1.1147329158181645
0.2313511659918035 -8.5938518403729
-9.482122629398148 -7.109801715526918
9.170533695014253 -1.9757090764077194
-9.649853638149693 -5.7217583170999635
7.261832104516824 -7.740357889837082
-4.84366116067517 -1.0924084454283616
-9.759713494344188 -7.964722625667333
-0.993930745447587 -7.961799700493957
-6.621905823858505 1.5780022954631345
-7.3664619973168115 2.833530461504715
-1.9672584157090434 5.757842760089602
-1.7896337217634066 -5.603025902953382
0.7315358159900747 -0.9511337927682852
1.9103121513908743 5.438354920329189
9.320730474254223 -7.871549764340047
-6.949943990761234 -4.515260532042921
-2.7636880163149318 7.315192533559678
-7.95500887172998 4.478047049363685
-8.038415829881094 9.771648239587282
-4.1264383340059645 -4.220488958703208
2.1416932309872436 9.895071339118914
6.019596989929056 3.8291511882055964
5.565109111813014 -9.324239232815607
-7.635863681754797 6.358898296195303
-4.366797820189909 0.9794640172009608
5.4577878623993 -7.698297857860381
-2.4491794662932476 6.104686501013081
4.298186723132996 -0.5885920788813657
-2.4380895345654956 -2.11386643625387
-2.113921506080021 -0.7550681874766383
9.580430712658153 -2.8185944576900157
-3.689806888723835 -8.706910403324226
-2.9373055406012094 8.957548691306787
6.816322580603561 -4.367510049551761
6.785149141750008 -8.262890133694281
2.919003148595472 5.732435601876944
-4.203318380912211 -0.2773655601740188
1.323054739285741 -1.3650281592736064
-6.302574974152952 -7.026377798187092
-4.466759420529045 -6.341888864140066
9.223664031727711 -8.438983989823507
6.7712740831796445 7.1342618803430575
-6.58623734937315 -9.845089817360437
-9.200267284168383 -3.4607980178971154
-7.154760287180748 3.591933402081615
-4.138240867781384 -6.221973550522106
-2.54841522372603 -2.720730976563135
-3.310095523065235 -2.8328895110562087
-9.947205262632885 4.975816045012229
-9.345946474279218 -4.145057443804195
7.027230079069199 -9.129107909265775
-0.11199336621760203 -1.1629751543251352
2.0317919243273312 -0.5296393542072213
-3.854527739682501 -4.0964877613891755
-6.105427404150516 -1.924155299744461
-9.456912233313187 -1.7799054326933383
9.025466937195091 -4.3214345031788115
-3.3793339962206552 -5.8314000611571775
2.245271441505743 -3.6606817080263117
-8.997370140746613 -8.949843258196728
8.83030290860561 5.502046625394879
-6.8461093158339565 5.325931896879531
-7.858289308135968 -9.687200230448465
-2.2033793851759764 -5.44313944491257
2.2230192053634728 -1.1979926889438612
4.438821310332486 -7.834147403517974
2.4890531059551453 0.8112916096409073
-3.841040295310365 -0.09140631877607497
3.328017862436713 4.729887530059557
-0.5643454717427367 4.514347307855534
6.832692292817789 -1.1373585314128718
-8.179054685116904 8.410641436277501
4.76199747591142 -3.533590813366489
-5.611718530483756 -2.235911211605206
9.510289453139627 7.763619759213377
-0.8034462123165227 5.681826639569298
-8.047084148515793 -5.971837322800626
7.581251287053025 6.5332864613121835
-6.3392808249802695 -3.6412513864644396
-2.957604734866135 -3.21588631770587
-9.118680774525007 -1.917494506788577
-5.485657011471517 9.927903940251639
-4.988680038501245 -0.69662568680425
-2.2611372271115737 -9.729418468021617
-2.3398480998215447 2.2222592160902455
7.146011335683141 8.7418096602538
-2.1726342198539195 -9.074281848789937
1.0348673405726174 -5.638091457957235
-6.811376832400569 -4.873066492114719
7.828068259910239 5.352458020860517
4.13158066188239 -4.262794306018229
0.7258258804312767 -5.962275377040989
-8.791673657287141 -1.5104781516561676
-1.9587886843665103 -2.083645771843412
-7.649432177067197 0.9017264519839951
-8.820117189132521 -9.860086629974214
-7.8620177300478815 -9.444538236548974
-8.107700541761378 -7.428991501483058
1.7493064241515945 -3.4706778911158516
-4.012858445159915 0.10430885605455309
8.502077594564085 5.904272761683169
-1.499193050622976 8.849593233213643
-8.017621102078568 -1.425819083772872
2.5790370388822392 0.8708261372694803
1.6458095734271758 -1.7098690017294835
-7.247320257426453 -6.296436984332033
4.8549023047942015 -6.845250348021226
-3.0628517076690436 6.323667942099171
-0.3313634353586501 -6.036588691901175
9.24019432098384 0.052281408231326765
-2.1891914708446913 2.923181407821522
-9.556904980355993 5.266957223411211
9.236485657528316 -8.600467572628087
-2.3659459230734843 3.2025541689275343
7.862907037104886 -8.074205615545353
-9.393394043853224 -2.7429337534796794
4.212204153893705 -0.7135484380898856
3.705523983513073 -9.354973636489563
-5.695820282762187 -4.768265247356731
6.053419008643598 0.14377490399270165
2.938019919351264 6.66675603137908
-4.7975033855146165 -3.649310331332809
-2.5604285483871863 7.079006993856545
-5.765046904648978 -3.127642517034297
-3.268508150554837 -1.082035495733745
-7.50782517485264 4.694968100890701
3.847685021568946 9.215566396723208
-9.95802237062044 7.50097486821263
9.066733890510534 -0.24394759347388728
4.830617969581093 3.3192852709398775
2.094497397606238 -1.9791079164165701
6.1542848433542225 3.0586974377612552
-1.1394126718168707 -0.7388781503453892
-6.136080981793599 -8.05175366592696
0.7227419782769431 -0.357721301856488
-9.599441947081726 5.576656421440427
9.06741389029494 6.701224174141704
5.10721151027326 4.112992244588071
-0.7708426221080007 8.612834839159447
-5.400963954233369 0.34664832388004996
-7.597405746059611 -5.805799092097308
6.5326369120761925 1.8513677663008785
-7.5276770815353045 -3.0883983750594046
9.975914403377924 -1.7489988210437843
4.1868815133186565 8.635245446168994
-1.1079801034671988 0.5708163994548006
9.55880457405669 -4.006547234025226
9.407669029181474 7.344840489463348
-0.02627576375065388 -5.626872556811495
-6.3282765990687695 -0.8782428385306815
4.065855634101247 -0.9243522062496208
1.8244437451353157 -3.9239708528384227
-0.48410880368535913 2.4270353300480387
-5.6159757841756015 -5.156706589206297
-4.08421817466783 -7.269307941808116
-3.6495877244668096 -8.156295183791766
1.815788567992243 -5.110053471433127
-9.415504200102955 3.18998101891928
1.6936922739920668 -5.476459522490497
-2.177775228887519 -6.046472973517332
-4.816681602611663 -4.2657860523677655
8.625205127581253 -8.877008341675236
5.7300856037239924 3.251629281257845
7.190194530265185 -6.422642896891897
9.601051597568372 9.012761061197441
4.048324348011157 -0.7677006624497036
-9.571214295087927 9.611891783919223
7.854350538414582 -6.073685849183759
-2.8809875658797086 -4.106001752460779
-5.954392637439822 -7.321419101850801
-3.9277477701152907 -5.5585108518052735
6.874517641499203 -8.235787136672803
-9.6671925102471 1.7948533644057427
2.5329524936663184 3.4109697280345728
-3.2294266222738433 -0.46449262663328206
5.96939485234534 0.26030296986610857
-5.9161816769349045 -2.2029623601843573
4.071893361063113 -0.31398082255784665
-9.965862096111408 1.7306570794757992
0.9881042154552802 0.24564538545149972
-7.103483268737476 -3.8478319295275583
-5.296930448147883 6.9912327817397575
-4.525551949725848 -9.124870748361122
-3.137665068919877 -4.565833842036506
4.3052927060949475 -6.704461938416301
7.731307012820352 -5.956778627549371
5.818658359255437 9.476031046526725
-7.706352156129279 4.427361685201705
-4.220105043165228 -7.304237020983604
-2.741368905440704 1.8394785765224313
3.0662343306816986 2.21981288503725
-3.9914119205799086 5.001520376597746
-0.5156388684154116 0.6486727864981887
6.109806858571215 -6.338190822835217
4.930595468418817 -6.312357368724326
-9.73227683000747 7.63296801596487
-9.40239020671871 -3.0497607260365562
1.3280996981001092 7.214488962396722
-0.14735751426410815 -2.334842459856727
-2.970301158648101 0.15051870709418225
-3.36243505707547 -6.414737239563668
3.099041802406976 -7.6960101980867375
4.192178378722888 0.9581256201925044
-9.130386752501847 1.317898250194542
-9.480133722641321 1.1856345997945876
-6.531376571879306 6.056948415088598
-6.1561693971186475 4.12380346646694
2.8815107066617056 -6.120075062716697
-3.5562943416837323 -2.312045214892442
-8.927684901592976 3.544490818033861
9.625270747341993 1.8461732654125953
-0.6456654527359937 -8.263438421217014
8.29450271296993 3.428421766919419
-7.8692023019529405 -6.025355787195816
7.9697997775493015 7.463845141591921
-1.7876909524740103 -9.723984706109958
-5.307893549026145 -4.960783141132776
1.9309638319622309 -2.9525493194151213
-4.583034048129278 4.578546844502192
6.224346028219006 -0.7808775863302504
-3.4500647613106477 -6.0855835069181
8.923429999427483 -8.93502605129791
1.6498348559698943 2.2039989314949455
-3.9183595260563875 -0.2902377673199936
-8.190440017688324 -9.356781831520255
-0.21518407372266957 -0.7772838487746352
5.639029231100947 -5.78617115307863
-0.5055473266893973 8.274929808891628
2.6723097499347777 -5.254782320589603
8.52414298311124 -6.293950666604573
-4.087297693417542 8.232582151386325
-3.074149648478935 8.78475853357276
8.703585662328898 2.063744604915616
0.5308918368335664 -1.3183109286757357
5.422962199804724 -3.434795673269564
5.599676118221899 8.770463148594384
-9.374996027450804 7.448160952513728
-6.408803015221229 -0.6602290128599044
-6.097416125989885 8.06575228337407
-0.7044751121047081 -6.054643909709656
-3.44822258713283 2.7656342483117164
0.6916240765084005 7.839383562887278
-6.01948688858386 1.3459130186358976
2.63939853239917 2.0015663478015746
-7.399783956991238 0.9264034592188768
2.426846460834767 -0.88787916403788
-9.787078798575921 -3.4544271660084043
7.4897451834670825 6.823665195462702
-2.3907950259516486 5.912767178261628
-2.181690190976444 2.279320699041371
1.1170440616132176 -2.5705879722147262
-4.306260244936375 8.101047948837554
-8.07912538943257 4.049067983394238
-3.1522014261281655 -5.976547349379158
6.7919469326107915 -3.9716273515707456
-7.11277271961495 9.296044242981274
-8.66277144699874 -2.6699998628889237
-4.543476468729615 -4.412804677925877
-5.8450707155775365 6.985489407592901
-0.5303700499645814 5.767467187569915
-7.510819094712651 6.043277614601351
6.220488865442686 1.7829908292119114
-0.6625550341629207 2.4587444946584505
-5.001824909875136 2.795054711420592
9.359558987650782 -2.4379505504954047
-7.537526174970351 9.858004591197602
7.6164840210244975 7.810733630185702
-7.949035894740211 0.8813317077204115
7.9733686849483725 -0.30256419306219406
-7.540730393036736 -3.6876259341943785
-4.39370371887531 -4.09469138437212
0.22642078378975228 -3.3063604541824176
7.551813840345321 2.923175057298387
-4.679921942417731 -0.4904426003866629
-2.0072100992617825 4.158575129498505
-9.937543377895848 -4.107786509353957
1.8076661129355287 -3.324475635722406
-2.950926766223281 6.840052770130722
7.417755901856534 3.088668624921368
-1.3338649790203476 -0.17975023904507026
-2.9351962093659463 1.5473967221909426
-9.333126538239995 3.8651274428589666
3.0286342042955 7.600273135232477
-9.606196913767036 4.0451562352661306
6.051111345623312 3.3487693479344074
8.322047906127711 1.437376158271526
1.5406666301836562 -2.0253306102157946
0.34593618023763284 9.277052138702324
8.996463964972115 -4.5823286103739935
-5.395035754756774 1.2439339273561068
3.6962012941779587 2.4825764671704125
-3.7661267587678626 -4.786095558412065
-6.072084926502612 -3.3361925342838976
9.484764332694962 -7.855960863068862
-7.080908598593465 7.056125173509123
-5.125909342018482 6.440930435841011
2.5910142166383583 4.326727018912425
0.9691036341340276 7.606947688922155
9.428093102893286 8.028415785069932
2.790826245947615 -1.4078344425989204
6.728082682905168 4.6345996190434136
6.4142575522161245 7.670055026865931
-0.0426084982739976 -7.975248543098314
-8.767532168901118 -4.155750862981325
-0.8604626992609568 -1.4483527162548615
-7.995077651458564 -9.972791122852424
8.018446209272774 9.251915100758492
7.82050416741421 -2.4814416250143134
-9.91950499107693 7.569291294575422
2.379617759218597 9.53138268430849
-9.780683345104958 -6.496664449228399
-9.721717001529331 5.498443841372918
7.42351856916126 -1.2065515309764692
8.468574142220106 -2.9412899073518517
-4.8808713147298555 -7.979331459079672
1.2669208537149714 8.040960100139031
-1.8528841346636238 2.080379396939957
1.3907549852495222 -2.942834262540808
7.967176501517898 -3.679437217963251
-4.214192362445877 2.8032026061469573
-8.916253206750778 6.833957022221831
6.471244724666818 9.724930573323846
1.380414929010545 -5.036330459392071
2.1336387962482544 -7.4305335244332955
1.4441958826990042 -1.7533416403242015
3.2048781651946143 -6.799146586356633
5.289959585095964 6.6346124188576034
-9.12253913172156 2.2635653372883837
-4.237453391114492 8.716774413405794
-0.6836515696044358 -9.039876103792018
-6.286337173972745 6.602828441572438
2.2945399100402604 3.224286829355938
-7.021991271923442 -8.767006841412366
-6.806365745837287 -3.6252092201530868
-1.3167386231392246 -2.8975613980208603
-1.5493497464322985 0.8220695241248137
-1.0340575688206073 -6.810505717729011
-7.337189818626138 -9.562302592845452
3.455950715345937 6.424748373389672
0.6492616274554042 -4.715455437063987
4.504365002053898 8.368552605296106
5.333549034289442 -2.252074078607727
-2.6993044981181713 7.23417943485962
-2.534347916254176 -2.939172038779498
6.810851605489923 7.915792832220358
-7.848531870390598 8.408763444574955
9.178900248642751 8.32346942527683
4.257697049281839 -2.379333877704264
9.777184518559729 3.532593955054054
0.6772972832713453 5.692860597885492
8.636103066855462 -5.672702910060734
-1.2435517364835214 -8.572466841704646
-7.063176409330012 1.095958881226629
-9.608983472016575 9.937706775658878
-8.593164826663827 -1.199776982520035
7.908542604975178 -5.5597626055806675
3.76236923112552 1.0924423129070995
1.3280786310227004 -9.811820863285526
4.036343823946796 -0.4703530036419128
-2.991836995586037 8.95314350183481
6.4620430115325895 8.771578664555303
8.776040843410545 -5.0981353545692105
-7.5656198929793455 2.5994866654819067
7.89123297638919 -5.290117079633367
-2.6716632448701176 -5.813227912353669
3.1783131206684736 2.6442794122629216
-3.759869231707322 -0.8063650545795866
-6.617379437133759 7.210667482229557
-5.162371458567375 1.560910862746363
-2.8539165797447508 6.275376614887556
7.358751425244758 -7.120375114727029
-1.3208687559168801 0.3962576278551744
6.530174324323728 4.746874900523363
-6.9135386327490504 -7.97022585906789
-5.198509940377926 5.232915717813015
-3.202426412014754 8.179106639740596
7.900017585928282 -7.896322638929442
-1.5281150969232407 1.909839207169501
9.1913387058028 -9.759785547832365
4.082318536809261 -3.979455596159001
-0.68329985894351 0.12117722038363965
0.0005425679268977746 -0.4999467683311707
-5.2849445328921085 8.086809788024954
1.0161328847586333 -9.23480212597562
2.46845635902703 3.9153454954646705
-5.893435215079823 -0.5951146787526866
-1.214017698736189 9.860894753786141
-2.9506820277862733 -6.014627473750782
9.439579321511506 -1.402159923054839
2.8568110088872256 9.806088944579553
7.888078412106612 7.143684832107329
3.829098721900028 -5.952808561477035
-3.9830807550614207 0.22506038082791946
-1.9555528350062517 -6.8323861555096155
5.902127507346904 2.883967142552706
-2.7021878243965674 6.522543036234087
5.710500882409404 3.070329129286538
7.226930307288477 3.9625987449047155
0.9926271148151837 1.9461616447663346
7.790043975576278 8.297477125563628
-9.030455447674159 6.825802615966442
5.525640345166476 -8.104879469420583
5.544791553130262 -1.9814770183745996
9.441341000193223 -1.9834883558401923
6.670115718098298 2.450888471676791
-6.118958631299627 -2.4403631322452206
-0.6823354940765807 6.327029623487004
7.502206374955705 -1.0763706847459797
-6.119793075104738 1.8353849431948177
-1.7883430194025074 4.811162958453604
-5.207065578747889 6.231586094069556
-6.463480430608692 2.4193934509154307
-2.302350507414925 5.719520521576273
-1.3957972911712062 4.243387632797088
-6.560533843255099 -4.595799493894955
-7.398224305231665 3.4562343650607357
6.670998738097104 5.952943660124477
5.489641061394973 3.0577689025023744
-3.147704145361585 -2.474709609104753
-9.867425992668156 6.834507431528195
5.320863958247148 -0.02240358861980951
5.554949858161995 -9.865471198825688
2.4645706381369354 0.04073454924898812
-7.191038283091786 -5.476162153670627
4.308906438136283 -9.935315441984702
7.20879214356113 -5.198353289585231
4.015780437878348 4.961058574261628
1.3284788929898497 -9.797915755294122
6.736699537108514 -6.881909051296833
4.230031975918941 3.5637621025323583
8.18762231567819 -1.3392798487729412
9.191146521283738 -3.5120505822344406
9.193916597265542 -8.785306610233361
2.66621978851731 -6.939535814043234
-0.8506151322519813 -5.102299111712874
-2.1185972683772807 0.033539289795509575
2.727453701622144 -0.044259209377287334
-6.191584277671154 3.4748097702655922
4.615853874899894 -5.210455649797339
-5.656199054827946 0.2256998098933689
-4.137338218357385 7.858048788149937
7.425305025869534 9.758694348468598
6.016111349850604 2.8680042514782365
-7.282911884830656 9.209017814157221
3.712042777668694 -2.604181974549647
-2.1403040567686187 -3.294971459696101
-9.472003624854803 1.7477381412803368
0.1543201563799652 -0.09931714198770791
-3.9608314452113085 -8.847035699766767
-7.3493371975144655 3.9324802829961705
7.172108580745174 9.094622642722591
-9.148834341006184 -0.07105243348951618
9.754068523597972 -1.8703732128733979
2.871846163465907 -5.378706191234912
-7.09821351070641 8.559485006321317
-8.682389427066886 -4.108854617742739
-4.225247688607956 8.679307936607326
3.2357299311214938 6.1061335171404
-7.305050914338853 4.6173171621856905
2.022133815256833 -1.4758626901204703
2.3923186746005882 -9.830233862216017
-1.924366325287643 9.802646403214244
3.4103673871384093 -2.556315412044892
-1.1004342573921537 9.833948875871538
-8.592581318243429 8.936599259215768
1.578121521912351 -0.9379446682862067
3.9070499971454176 -2.115461589025294
-4.317912021570716 -4.556493568606048
-8.905029233623168 -7.646150232242219
-4.707340395520674 -2.5211916710137405
2.2684607241915558 3.563522218760493
-3.99388802905235 -6.942497104536669
-5.295703219303762 -3.1453467124705625
-3.4098105214790824 -6.145555426559046
-0.17235459521348417 -2.7727391057472133
-6.346142986981571 9.706001452692963
-5.534560523258847 0.2620108719760097
-7.214635023885787 -7.485133655897307
3.5596802493721285 9.443171907808551
4.3402033862123 -5.255429654130235
0.46289279669744765 5.994787214951117
-7.747256042449198 9.467769201925332
-7.333669508478657 8.099058225593403
-9.583547657256211 1.9680203014839481
6.927658689317575 -9.294082769359012
-9.566862371939646 -1.4823124597225785
1.5949864519490458 -1.7693185900101618
-3.1532766279823594 -0.6276938098606539
-7.610985508712194 2.877060477071769
-7.782476215863827 9.069423184948565
2.2767370995908855 2.303915841234641
4.537924071784543 3.594954413975586
-5.733898677604447 9.54343558804458
6.702682974280915 -5.786872745651499
2.6487415173920823 8.69952993075486
-6.179844522330312 -8.722495375896651
-6.413232266531059 8.551879066725451
9.467912506012858 -5.413826252598673
8.259301249333813 -3.2562932963731805
1.8566538300180149 5.161199212082188
4.235602114795935 6.2736671909866715
3.821067300140351 -4.363948219952658
-7.4653265368328565 -4.550888028090334
-1.7726605700710607 -9.636198672278812
5.08294051886638 -0.23622301749961316
2.0641321552502703 -8.047983354641378
8.322166010084494 -9.796139233440645
-1.1198420814300682 -6.558708335547259
0.6503609812355133 -0.03521504865399372
-5.27177711179196 -3.8734997435507097
-3.284706916741884 -5.73723255784611
8.281684169382835 -5.955067981893107
-5.312642294943557 -7.086292677620724
-8.793190211608735 -3.8608002452204593
-2.7731266942995276 4.4373586076114275
-0.6487355462111299 -7.413015898770516
4.46074956231363 -7.857285662891109
-1.9567848079641852 8.188138053247304
-2.4853386430455293 3.3248293182084616
-7.42323068818523 -0.9057050495992449
7.631789128024792 7.851725747983725
8.462653597207563 -9.55095372230055
-8.856386903066207 -3.4974811748856034
3.4741686122801685 -7.636677314689448
7.300557347878492 8.121817084500812
8.252201968203178 -9.150015392745004
-1.769272001750135 4.016558548687673
-3.4207024861046653 -0.9555405596536755
-9.545946912850019 1.5238359882959394
8.396450090021347 0.049837598418264406
5.203972396668885 -6.19899041750914
-4.83502074457032 -7.997597412955566
0.148119081215782 -8.29737820348442
-5.657783749107113 3.7415792058550394
-4.105819834032984 5.546613195279544
-4.6068766540524075 2.061112311703596
-3.1200498571834645 9.008769467391847
-7.754813453294647 -5.560685396951525
8.591350820264111 -1.4260157869564054
-0.44536703227475094 2.21949113524229
5.283864593831671 4.768615479352242
-3.3558647991216706 -3.9700244823468616
0.35143932326142746 -2.619740879460826
1.035718267150905 2.930147114505143
-5.972550332468609 2.949976801561796
-7.023721479766188 3.1626983534655135
0.705208763597188 -4.229420785487115
-6.211976312318955 -4.818685049736249
2.600554963583665 -1.3349526833442802
-7.276996784288312 8.232646203056973
4.477599495689436 -5.854943017678817
4.177883969206048 3.1096982130648083
-3.7514858901709776 -0.8410297393655171
4.756723270300775 -1.1483388953594797
7.41457573423175 4.832624677476076
-7.17098903003885 4.84369292653129
-5.494845344698776 4.625978033748391
-6.590465842981095 -8.70215546400872
0.9118906968573075 4.038261065948529
-0.6965947406546853 0.06718334808679494
-7.345844001422412 -1.0893764945721713
3.8773600923463736 -2.0900279632169045
-2.624826570642651 -2.852864079379116
-1.0423629613579433 -0.9120549301763496
-9.639349062033684 -7.141504889035577
-7.6740338737596865 -4.458117838479478
-0.4856629915519548 1.3083950915567364
8.356686340399136 2.066520384284374
9.502953117337466 7.71044148425495
-0.5076554910216746 -6.32887323140112
-5.146734438078193 -7.185986903325878
3.923468527050689 -3.1254761264428765
3.335848928221621 -2.4816602106157344
1.3306380030610967 -0.9896393842168045
-2.786265577299587 7.580739307682677
1.4405013600982244 8.048565345344329
-9.053297955654678 -9.239030311327642
-9.36166712954729 3.941978882882541
-4.75966174428279 -8.252041198852268
-8.98265665067707 3.128977075660199
6.509712338482419 -7.099397516152937
-5.617885010090804 4.107686401231216
4.874063762765328 7.082428852822524
-7.7642881876580265 -3.9650403258823763
5.39644672104248 9.371516402763433
4.286433740278044 5.377123116114809
-4.878937472056664 6.937840462053742
-0.10710053529665586 -2.5257467612678504
3.2857190594400194 -5.173602713065703
-5.345201541484601 0.8738852070525471
-4.451117699975455 8.2945636098864
-2.5511589419165066 8.117969771953838
-8.058495709708126 -4.859834988916556
-0.6218393494528289 9.932101440348095
-1.943396907660393 -3.8113298396809148
4.016564009328063 1.6618913101216393
-3.314739682894679 1.2371059132162685
-4.654135565960972 6.29564047849437
-3.13082122862496 -0.9428593016647824
0.8743059152584731 -7.318607240725267
-1.4695157825850895 7.702666476441522
2.576463596655895 -8.334818871340708
-8.499209090357137 4.37332871593849
-8.72317650533889 -4.381276609852252
4.220436954047454 8.824970163897834
5.044479695788866 6.227742120853705
9.255400790444877 -3.507698406669557
9.32122202562751 -0.9911057283438574
-9.944746385410703 6.642729692394017
9.478185184856184 1.563442033320987
-1.6561712112626488 -3.9809507169376745
-1.8256964446287487 2.932958636791078
9.357937345487766 -0.2351073613475645
-3.463343626550026 1.379846031089901
-8.160768886646196 -6.661422441139251
-4.020723084272076 -8.773401230021985
-5.1805129235887915 -2.221312499888719
3.6282000049387335 -7.121802899115055
6.735439954614083 6.291636213097636
-3.613445504056969 -0.11242029244035834
9.548702877341086 -8.90129828967706
0.9168470329695388 -1.7583334418251972
5.237659213751355 1.9455636262022615
-0.5244267300177476 8.951578638874167
6.281844885880517 6.138544126056729
0.5905076385170887 -7.08594156274168
-2.147906891436655 -1.4879050836783385
0.5639413812978074 3.7739401735046414
-5.058180415664973 6.026339908898311
0.2806448742966232 -4.88641494319835
-5.6934656677504965 0.204261300185415
4.291943461099649 -7.472431647046996
8.283967345362807 6.607298936426378
-9.177216692498963 -0.7693683237060895
-6.356117293393377 9.7750361304583
3.987393911282993 -9.485493156294753
-3.906778779730475 -4.584523599972645
5.111964263198203 -4.106265153431766
5.338148899069994 9.728202110163878
5.494407437701142 -5.669310455566636
2.297809717258769 -6.446556410185025
-1.496901401650181 6.561967442856037
0.39543319454494785 2.513385265211115
2.9668600167543495 1.9039857024887503
-8.35711302340448 3.1334720639835805
-5.85293679146754 -2.5682423645735835
0.5510129431189288 6.856048521277238
4.445209401685794 1.5719763016345247
6.671745533317775 -3.1384387845737116
-9.34252411907134 5.535086548879114
0.38569700188263845 -7.696189046287463
9.540185154562831 0.9477328859303036
-8.703321334547825 -3.2368789452204183
6.909487465364197 1.1575692471143704
-7.082822498935619 -9.734020995353257
0.743060341996939 -2.299402982214911
7.9770018914797305 5.543866634703306
5.676173482872338 0.7078604992110797
4.447540626670454 -5.596815908531156
-5.1555060945569835 -7.157513175164483
3.1781832997657915 -0.23136687458220173
-3.4577472505900886 -9.502435221209089
7.177167494198546 -3.2490891903048347
5.073502074611508 8.13557667986358
8.079047702399475 -7.527856084711935
-4.893641531818571 0.32238884293762915
3.1889471932970643 -9.775005448494813
2.5647783102703023 -9.404056506824434
-6.692315466252756 7.081683115546049
-8.481741144367517 -9.606119350347344
2.064215543551617 7.56735112879376
-1.4087918425276875 -7.751223938482812
0.3059070713909122 -6.7872790373450975
7.118987451540978 -8.701242098609193
1.503222787222958 -8.940486379089291
3.276468422703811 5.406745280605243
2.1880377058177753 -9.777816593226555
-9.338359696097505 4.078710801891866
5.847302822403925 0.826967525838171
0.5415186078283689 -1.9291795541371233
9.985191839533375 -5.798559466640776
-6.594632921666368 -9.097305361366857
-6.119154366811563 -7.490163488443045
-8.423293315838954 9.850772284090063
-7.227062327060738 3.589353518032203
0.6658492690362205 -8.164141415223622
-7.900125970867977 8.088218955190062
0.2658916260763018 -1.4624586932694896
3.139678790206265 -7.342910828308902
9.918612615755308 -1.4897249927484957
4.801449257292569 5.078951654937388
-2.5245817924107588 -1.5558722451808578
6.4031290876067 0.7042618096112783
1.2475508258833727 -6.840242169950869
5.621411844424475 0.10033616412152568
4.515644514805036 -4.234202298043622
-6.360022829634393 -1.8623504366383017
6.521454434223376 0.2854897079798562
-3.2714458650499623 -5.62440928885324
4.308501799805679 9.57229045870055
3.308089021199903 8.01177402378515
1.8364482631629446 -5.786289851789981
5.230518772828098 -9.905763626341228
-5.576217175501331 -4.704267853995159
2.179079926737682 3.635990040312878
-8.034520630696198 2.0311120681558936
9.012662054308183 0.05743044565415545
3.3145260766950813 -5.5926043863341635
1.3080004632988604 5.947157263265229
2.4609639880025185 -7.750271183694036
-9.70701827928269 -1.3949361258588073
-0.3358577951844328 4.6063269746932605
-2.5893192349459904 -5.4626424877738655
2.3073344704795833 2.912238568580447
-2.3798502830849166 8.534556902232513
9.439973718767408 3.045304989040279
-7.684794964642192 2.3309408218430967
-4.226765360168885 -4.749333635302508
4.079202101649106 -1.3406671958996874
-5.057951569925246 6.216169627388979
0.06799831627122899 -8.674379158454183
-5.131274405786441 -7.804394862259962
9.724128026408195 9.225467151939437
2.4675452916820753 -2.8854602453612266
-1.1936770087469348 4.1062836849853035
5.724125937431264 8.064960026711223
-7.901128382709041 3.6070838946937744
1.26539250044776 4.62869452392348
-8.89957413196506 -7.110541536102685
3.8470634216259185 1.848122399716221
1.576608526916619 -1.4298107333006467
-3.120853111097639 6.288878303137935
-4.4938197749697295 7.190334631159033
-8.854403664338253 2.0273118421935017
-8.443695593860959 6.737682710808162
0.9197300425677586 7.594171391304332
4.502949357874613 1.782781445363268
1.8000241521023437 7.425733905020429
6.649481660113853 6.3011849087371665
-3.5033107712063387 -1.6435655759368828
-5.125006934393586 4.716723575598856
-4.342141506864738 6.070219692640997
-5.521249629429173 9.497872162300315
-5.939317050606432 9.58569774045652
-7.383059735935613 8.440462421346712
1.207679429385962 -1.6923874467483735
-6.279583203924053 4.290652133663237
8.098945633132054 3.328924200533887
-6.694791004967955 -9.532765720106248
-9.123021761824631 2.9456755456899497
-2.9717291771090393 6.814211975378154
4.441615214636489 0.41851143585003214
5.7603473081132535 9.504201812018426
2.5868121618185107 -3.5172410785199792
-4.315697119056132 -1.9258260339337774
5.609998687326192 -5.221999884860806
8.465569809655651 -2.000789035188806
-7.864039963210914 -5.04318710286438
-4.909665389822218 -1.5712199954168415
3.2679608534686917 4.062528091603708
7.290311066390892 1.5467801422856091
3.2573634290514235 6.309393134600253
-3.9097971643995644 -5.513936579355391
-6.251924681000127 -0.6359231219323451
6.7924088783553955 6.201970054423974
1.6939711687535066 6.585686162413037
-9.734566460908754 -1.1703133844409592
3.849735992150368 -4.196183797711848
-5.774303937600489 3.132548462227007
-7.710038386036406 -1.8070963556632673
-4.7328028752612505 -5.104662644164195
-2.280554576608605 3.363842376415212
-0.8364577585385629 7.265324315470245
-7.690713886101936 7.795824813984979
-6.325286571187611 -4.626095509629337
5.588136312196628 -7.7190522850754135
-9.386549585171393 -4.2926959165505085
-7.9041465297434454 -5.261466764690517
1.5644300583137927 8.983575175687278
4.162670946744276 1.5151272953995942
9.745398075376713 3.9425616599733377
-5.023732982223905 4.134055346166811
1.4962754182848954 -5.323817059364108
3.704902717329979 -2.7944527737719387
2.3367123982223887 4.153329453050299
9.998595332619782 -3.4213243418830945
9.462544362744374 -9.17610890184787
5.750061836156943 -2.2359467684568113
-6.767426390669435 -3.440816963758615
-5.982894215247089 -6.101401492595471
1.303237530942658 -6.9758201479758615
-8.105948893883548 7.934214242380339
6.768078168178068 -9.014829231345667
5.62544637968568 2.932853706019067
6.304959661706036 1.8842901622771109
1.1856572708296724 -1.0252410577285591
2.225590863984417 1.6353279194718695
-2.505939106453365 2.9950542125524766
-9.843920051718984 -5.715805755813312
3.231617445492752 -4.59113010904842
4.8839031430488316 4.6737278339283765
8.384656479849799 1.8934066047387628
8.936395575993107 8.071354789493348
0.8552419788562133 -8.884851202743187
8.104716373258462 8.03650711316173
0.9673924724768383 -3.83975131046766
0.569569773776152 -9.464803450179918
-9.067184664500177 -3.48173043920527
6.2984386310198595 -1.7383166032455648
7.2051322807439995 -7.189883186745303
-6.373657203489634 -7.792712317080346
-7.15345629208044 0.9781747366266007
4.9136125969738575 -8.352431374955211
2.634047543851551 5.505705881695771
0.45222277955948087 -0.9798995322180346
-2.7191501495599724 0.3398106913933425
4.7135235908735105 -1.7802758826030889
-7.571840338642475 -9.172647555424957
-8.10314484691503 -7.884816619511932
6.696330418973009 7.493501666689106
-3.573866352817781 8.541574206202998
-4.360507975574064 7.376461848948917
2.6723958347356067 0.6526535942650185
8.908776948357268 -7.013785987893484
-4.527309222235781 -7.598971380381901
-0.7318732028010935 -2.3494404044272894
8.944772587467526 -9.921705938453133
-9.010784863210684 -0.12624616684807144
9.948457718961517 -4.678190589595945
-6.169725043722744 -1.635294779460171
-3.925008822431977 9.70608679682131
2.147172242286569 -0.08842876649659281
3.695673797692841 4.579380685870959
5.304548916291106 -1.6177607980558033
8.644623883465414 -6.464838319816064
3.0105437078052315 -2.921158252565803
-4.977638290305313 6.460219191672067
4.8695522803757925 1.1491864292704719
0.407936054239622 -7.241001549970489
7.881377029851052 1.7773456956410083
3.921334631336471 9.546880216030772
5.538265275507992 7.164334259213916
7.572116596666934 8.529565720534013
6.387599854053413 8.106668516858562
8.918428804317958 -5.597460161815926
-0.050193662729189015 7.0538699550883415
8.420668363851696 -0.7447226635072628
-3.671187088251278 -2.6955418351025573
-2.2030499789607028 -3.063892722687558
-3.1821426314313817 -0.15985548666360927
-4.673648644459454 4.296092851268105
-8.323314819827871 -8.674258806667858
-1.8418971423093122 -1.5845662354878698
-3.4759953400545403 -4.7982413648679305
8.53069709048139 -6.744305605371705
3.1754568115437642 4.1773419343680835
2.4903820140377313 -0.10089248851082644
8.972123293305792 -4.089643065908253
-9.26519268671325 -4.208887998844471
-2.2651729297224694 8.439404487340514
6.33435827263845 0.10561532387576023
-9.304760774939535 2.7943088260654143
-8.8012235556133 3.4399607211145504
2.5985788319236924 -6.6220919750309415
-1.070123248626203 -7.012086744537431
8.925909641483841 0.6627813819041588
7.728164158026868 5.324628996353049
-0.28630330031212914 -1.3321323760902182
-7.136267711632833 -9.759141406620483
-9.29652545316179 -0.20949781834552184
3.57736562009633 5.113742948135066
-3.357546109366618 -3.0065589855949693
-6.069504413139411 9.638724061249697
0.9310987682371223 -3.5523987989208727
3.9181874155676972 2.07252308682391
-2.9471964559354413 -5.520398281965663
-8.554674498207389 -3.2117976051901316
-3.4316192732162643 2.560084470295756
-4.246450063223106 1.656661787121534
-1.537282324430203 0.4642430058436915
-9.04193069733343 -0.7460427625450645
-8.989229215986532 -5.254125915473022
-6.317082134549663 -2.3030341160505046
-3.9484833063416103 6.176261544717516
-6.719726025031383 -1.987892384097771
-1.369234217707918 3.096699304174205
-7.344191989768099 -5.016519944166342
3.694685918606151 -4.116555342222721
1.970333806088398 1.180045973399391
6.588524031353433 -0.707919363701242
8.757064713873259 -6.063989723770247
-9.287133893077337 -6.592202766364363
-6.971776632719453 2.227776553972067
0.6556950293849262 -6.046802509837946
-1.6561135614183975 -4.470641039700065
-2.4468946180264854 1.079620022376064
1.862684553599463 -2.3629273461116735
8.298703068335957 -5.419541915957737
9.193748493934109 -9.137244785069932
-0.016128359551739635 -7.769144734149203
-4.380745725508836 6.124102456003094
2.737027554187021 -6.036513585231926
-3.8879206152133143 -7.137877775239431
-8.362323077827945 -5.049375155138516
-0.5547468283316235 -1.7438715497429325
0.32217751881916357 -8.468359902422142
3.2222788572278187 -4.921003215489201
9.462832772255105 1.6598587518900487
6.670338704408174 0.524744310031922
-0.06308563236380849 -6.575757501992032
-2.2601069512889937 -8.694383162960275
7.255683129621339 -8.436546575535282
-9.770618917567049 -3.606331086240777
6.267592099414003 -0.960534453160772
-7.632511936696473 4.627597652197515
9.67339030793616 4.756604968576186
9.340242092334023 9.442841562944476
-2.424512258766627 4.989167377564904
4.837324307874798 3.20285795904104
-8.353306140464055 5.805849354154585
-6.166658677011478 -9.534003926240445
-9.72264899723715 8.16899203787888
0.8552747240560841 -6.677008410276755
0.4147954328414283 2.64944272100786
-2.5786106631305916 7.5202050407325345
-8.814332904758457 1.3455208739934186
-8.561512340672223 1.8515263655169552
-8.585162613140827 -9.93372568513468
-3.639047113793705 4.749805607650988
-0.8183683229145284 -5.934662956664008
-4.597358549307959 -3.0200589242989118
-4.827065206638636 7.467308932667297
-7.612219218809559 0.5746607850429424
2.4481791470747822 9.05568201314167
-2.020377132414546 2.2819163979575876
-0.7605326673975341 -3.301925436750963
-7.372111305708979 -6.079174384668978
1.0912971313021043 0.1531954751674114
-0.27275713192294937 5.277899489015397
5.340650859621034 -5.333089515810416
-3.058465581763663 9.903077125705636
2.42543984953409 -9.178589626011757
8.12572908083203 2.286564223820399
3.489699320734889 4.56049768908316
-5.1185854781119104 -3.505283897038119
-5.0279133033455 9.221472206094528
-8.420123471977249 -6.4898808627561895
-6.064735261002269 -8.489143512256707
5.918238067577846 -6.170972453499832
-8.75037434798455 1.732681449832418
7.254363217953891 -3.2604486113194024
4.565077319038771 2.8274368662464884
-6.218072062726165 -4.925037722277532
-2.0370545043781814 0.1643704274074338
2.998005753827897 -6.896584514738917
-3.728317909923165 9.950340093459058
-2.6692278760988604 -9.718150136482137
1.7874076873947757 3.8206062850110527
5.276100045433873 -6.58048801297147
-7.714694975565606 -4.195219010560008
5.220931473442159 3.2594796508051065
-4.6355554720495125 0.06884812722860723
6.413803636060116 -6.548519780866102
7.979727234417908 -6.236629748664752
-9.457158261614076 -4.058628067845371
9.893288024052943 -5.304954054221291
-3.3176978502181047 6.621282625269824
6.865585541654212 6.7148491846631835
7.140495409594109 3.7322075635558143
-7.24692627458106 -9.307180228314586
0.988341409128644 7.816881047631416
8.95947927790995 4.501545868942689
-7.904698004582302 6.7701492836378065
4.407191967974155 -9.069964278924449
4.972011244913476 -0.9905057652061799
-5.723216081264766 2.2703554077654235
-9.906282345710052 6.504178470890242
-3.848281671909888 0.10617395371730609
-2.7009440544086676 -2.714203894431206
8.939112982980955 0.6645474297186826
3.365977411367787 -2.51143316929332
-7.4372376426854565 -2.156079348401976
1.1591168322391212 -3.7733958053038013
7.982187459708591 -1.0086091722710595
1.262510108768499 -6.671173600735583
-3.646729677921485 -7.620442557270126
4.234544979010673 1.7972945486797585
4.259168750375986 7.097904284595241
-4.670397048949093 6.841131057698362
8.692618734999186 -9.50786681592727
1.4859835864075883 0.164703386503378
7.03137451449831 6.788737678658574
6.856460698203932 -2.5180639675975325
2.0810246709085867 3.3665968973871827
-4.1897222593634265 2.2710531557585014
3.4303192667546707 -6.829261203776673
-8.383073897858875 9.413176780133462
-9.118711741648433 1.6346294237015417
8.370887921036825 8.879617254313853
0.2393995023977098 -5.577385854319652
-1.0018527893773452 -6.923642381591064
0.21488287911138215 -1.1050296886927171
-7.166745295853674 2.635135051055535
-0.7291473836934372 -5.966815871544897
-4.442089474649031 -1.8603164405005668
8.587558020737628 8.377109472200125
2.06521671503231 0.44941648269053047
0.40532502733162445 -6.280619414626947
3.9998482821748027 0.24621258228584075
-9.102924488369244 -2.900206971270249
4.457535557013202 -8.765224157670126
5.973074857654515 -9.296233565182515
-5.461054327804897 -1.966597525561916
2.695748163164362 1.237735937724329
6.435266517160901 6.796296450608121
-8.437650532479921 -8.335178489691078
2.899320864162112 5.870405102041246
3.1513739205130538 2.8358233065789484
9.906708339977222 -3.5247580952410873
0.08021228368610345 -4.608108321672719
-2.620337819572784 -5.682692880879263
-9.682364189482648 1.7810363788116508
5.6412227699572846 -2.8797652714538398
-9.766973197867294 8.43169761965703
-2.1167844723742313 -3.738513697644761
2.268555811926902 8.57444488848962
-1.7619725545235312 -5.15734256492358
-9.547349246290974 8.399806670825054
2.436586908422262 4.548481157301671
-4.737071922321647 -1.2969799377690077
0.4841266426000246 6.5087725339140405
-1.0135789449829105 9.504252118738265
-9.023807505125498 9.006924595697587
0.02052022708646284 1.4944437672082103
-6.132225427815854 8.782047693624534
-3.9765322265264462 -2.179155607656744
-5.470043754469529 0.537663942278888
1.1333421637555823 -3.7281470500179577
-1.4326803383636388 3.586593879186996
-6.282306496176364 -9.550149056032973
-0.3160365430083125 -3.6210236010323733
5.678234185942827 8.803249300444161
6.7508891632909 5.450858336717905
-5.128596976727811 2.9031316709939308
5.560346548467363 7.471970330495328
-2.6608250458717126 -1.032962702398347
8.786628623562223 8.455838733436735
4.206251882120107 -4.65859982252584
-0.4497816954791105 8.534571777806303
-7.416546278232293 5.004103064543797
-8.20070879812115 6.800584685599485
-1.9583096691743869 4.209297161033588
-8.787054145203907 3.2563078934506624
-6.319737447682881 8.507258472998021
-3.2893419259145524 -6.9818705905332346
-9.193320159726529 -6.940731667392848
-1.8004338803947544 8.285534028231861
-1.610443294514921 2.9764062413623638
-0.6780662430493312 -9.588794955865847
9.72812678868005 -6.281500679034275
-3.73492398601498 0.4844146031366865
2.8732702842089175 -9.069791440057626
-0.38319331048760397 -6.0005811054227
-4.930266946702078 3.7807251154763044
7.239469342677815 2.881795116226794
0.7754101631613342 -1.4962609475005362
-6.30173262205804 2.756315013826992
7.095760760117418 2.163842076375584
0.9553640839556365 -4.966175110656408
-4.438333907983147 8.97807310923583
7.676232790326814 -9.689308180373377
-3.409593627077367 -0.4234373895612755
-6.568450900340574 -6.651913579228794
7.534426921586277 2.4455169484648174
5.997427170687505 8.934243340664136
6.577464777107632 -9.438434084177256
-2.792522368596617 -1.0533174444236302
0.808949598927807 -1.5916043490921687
8.964856515262948 -8.09826649352644
1.9596851408004667 -5.145043990860437
-8.481058379248568 4.280706182173882
-7.205313303811769 -0.7920160883706036
-2.539947449634761 -3.601896459476695
9.445629677501973 5.630209864623463
5.0630522057291 4.007170909349666
8.234451477931056 7.0233189587287335
-8.454421247260843 -9.991663955744965
7.279173057882129 0.37043440118287485
-6.492640400025811 2.2270873774098128
0.8185787602454688 2.928140898690099
6.000041007296094 9.149347645639917
-4.727882056366591 -8.631141139651216
4.765581429456379 2.9775862546563374
-2.59220067745356 9.978972517806149
-4.971093649810503 1.956813796074961
-8.305821216961117 4.092350197553662
-9.24791925741114 6.906898509877934
-0.43527806012292203 5.009483045320945
0.22879155887272873 6.685222970625503
-7.070840585316542 2.940142779575803
9.018515069792066 -4.039972419791473
4.067648881097455 2.278884590550426
6.961497232551288 -4.651146534319695
-5.454434112870008 1.1508921247645905
-5.949923930173309 6.531893683796575
-7.377100179547931 8.180728900088901
-6.125014898853969 0.8903709238749826
6.552558401079413 -8.750777662976839
-5.374127601825823 3.3124759395817254
6.647125823838792 -2.4550594809431647
-0.435136236221247 7.954098264777251
1.693640893320417 1.1390256272744352
6.441679053131569 5.65019822524058
4.212609099993793 -7.190985921274966
7.670970399439611 2.099432537089392
-3.6856718359589724 6.222940658337773
5.7499172903840865 7.134991715941116
4.398722145431666 -1.1496099772411341
6.149626221313561 -6.440832705780153
4.258967046612149 -2.3065896137729425
-2.3182041966113687 -4.570621809717732
5.582975013188715 -3.639182727924304
-9.78284499938865 -8.558664473415021
-2.219663865658596 -1.7009172435250974
-7.966645203595744 -7.221394313734191
-4.463649099625975 -4.648434102883812
3.424344862269841 8.747257271902487
-3.1498247968090842 -5.196541834112162
6.623010647048773 -2.0025240097407586
6.6042028455106845 3.7957125227515505
-0.1728451949471861 -5.411028246610046
8.612982837939573 -4.360921923956562
8.824532702322905 -9.55826618108725
-3.802596421973692 0.9901165407314938
-0.748960809939792 1.4266631195927353
2.772384552152822 -1.478148622189714
6.590212003245416 -7.223462909731968
-0.15873207004153755 8.824176831386467
0.605891607550511 -2.1911210076008576
4.037517759567024 4.188044495585446
-2.5995353720219994 -1.391626297463553
-8.39475704597364 1.0498229579082654
-7.1683675860497615 5.347167938338416
2.599711040047266 6.102318390489469
4.934720723394468 5.508245897544544
-5.8545451809622895 6.313575330585284
6.538542929755401 4.682180334578298
7.2315540728638865 6.439464665878148
-0.2180987748861476 -9.324708592563482
-3.155233275412586 -6.919822427538023
0.0545902440280166 -3.3676930928656397
4.278302809059447 -8.53494408421639
5.08829637503872 6.4784941937653
-7.687343294162825 -7.270163352015924
-8.291212442092275 -4.905504573578712
-7.674194125344211 -3.27285258624443
-2.1611878505023663 -3.8174440850895035
0.4318869008418105 9.184742927316833
-6.253206090447021 6.9290708362874796
2.797116692226762 5.091042668509246
9.731612554549752 -3.4289472160759544
-7.836153930678405 3.7995999477299662
-7.821051228657099 1.6587442611245535
7.488062381335116 -1.4441897819315415
5.076483049716018 7.214979878803252
1.3678286230881191 -3.5722194348790337
9.290193518431074 8.711778720551123
-7.496816393488097 -0.7966752551313796
8.005717991452798 8.071825155641225
-2.598090958651902 -2.7461589566801603
-5.603126690525222 -0.9333900474362835
8.288824977214027 6.462913849483229
2.7051756302230157 -8.380197308000918
-9.32196274867685 3.1567515328159885
9.48749129232245 4.719758628740671
-1.790272887494444 -5.144638619856458
2.0766792803683067 0.44662264608574276
-9.511273155742558 9.704358175989043
-7.253332566982149 4.317464622956525
7.636346432638444 -2.586254350126465
9.66405076967201 8.452223784316612
-3.3895458488390435 0.6956099297817975
2.6779445752577082 6.822570114813633
5.768985707345259 4.418180476113099
2.8919219679101396 -5.272914320535844
6.330725481137776 3.4823263544313114
5.818388389887092 0.24970179296561668
-3.3460375409775045 -2.199487126141313
2.3437823985079387 -2.743394462322259
-3.6618694734534625 9.502794972291667
-2.3230391145705838 0.338485565110318
-6.242626658109902 9.949881977707907
-6.677514322144338 3.474034544945594
5.896710442281336 3.8966836162194127
-2.376333989694608 -7.499895696831354
8.12114437431844 6.284291512850487
1.1642356968663243 -2.569244008779954
3.314779870586765 -9.264982276758607
-3.2544860419746975 -3.959459994648375
-3.293676447015339 9.211637951725884
6.72495193774505 -2.0924373231331916
-7.049284137870043 8.550741840725024
-9.355774525935455 0.9343441927471101
9.403089698891897 9.270187583227212
-3.076061897131135 8.876176852193257
-3.1687106964344425 9.425601494143237
8.045155226089044 3.5177101518113947
-3.6596375244957553 2.7899091125620643
1.3695066108427767 -1.531683013022814
-3.7764348723725716 7.15400987448411
-6.404448240374534 6.050745394668649
9.048313332533617 9.249112531279067
4.795072891352394 -4.950826393345187
5.990588744734284 -4.439630554132514
-8.637776547543867 -6.874014702669708
-6.710170289159754 -6.841030422847854
1.5465895239511145 -7.791406455168726
3.4653663309305003 7.621318636105499
-9.826221415761964 9.715194567196459
-9.664800479677439 -5.328872082316131
-1.6779492976759336 -3.65163160184572
2300
-4.425239654296371 -4.540670639468818
2.093906419030647 -1.612176091676849
-0.4387315233016089 7.402644834966356
9.977502278632727 2.7082802630907494
9.021481566036982 -2.4481808512202408
-8.502805164635312 8.909157448785859
5.461230055002906 -4.454221460453405
6.523659212950356 -8.570543993923028
-9.416604584535058 1.427579272841843
4.945867577482289 4.800847069642364
-0.10314761045416176 -6.461610568170116
9.892022694895985 9.979332976753202
8.528846893682761 -1.2133062862259543
-6.805153535375597 -3.625329415692291
-1.9331837271970151 -0.027644457534268696
3.236060188734257 -0.5709504400236973
1.9827227195935073 -9.266661132333152
-6.49731620896006 6.238677553502715
-6.802780120837557 1.7923809643570685
0.9664206757906939 -0.8161350263217866
-5.949479220795308 6.600600472662585
1.0856383189009229 -5.722698951098599
9.081470630064398 6.811661931285542
9.380206268898789 -9.829538658213986
8.940599306304012 6.768025058642646
9.926164113009538 -6.047922887102404
-9.754199658124508 -8.734139189503043
-2.1837797883591588 9.962215272268065
-2.2020566187930317 -9.53703471385622
0.6748943152246376 3.0953904171739115
-3.523371143429099 1.8455914414128554
9.520643509969343 5.766803951446262
3.5726381572994406 -1.8680512353305403
-9.081246270782922 -2.3013865734684957
-5.773561032926169 2.3033388569665085
-2.0871100506231777 -0.7824544703061207
6.406442292252201 5.097789894373486
5.910197254122135 1.0655220353029211
-4.535602980649431 1.4795613487537054
-3.6204635413696717 -3.229636352093392
-0.6920863999251576 3.287724107001477
-2.1592606994868957 -6.686446725374164
-8.232645376237764 1.1282757671878159
-6.002578338269564 -5.605409342424483
-1.2678212531474848 3.2204473863448246
-5.460486331103254 -0.8469640490739749
8.872531033349443 7.755499580629575
-0.48080851381763523 6.977804567938129
-1.034264255529413 -7.005658321935957
-6.644010821310305 -0.6067088736488824
1.37405462553442 7.593669222818129
4.410620525477356 3.8464661566892584
0.2001821557880401 -4.382750019235038
-3.300385532694916 -9.495721454241128
-9.87284779804449 0.35969894750762066
-4.201110225823033 -2.5389670477993587
5.759220353102306 3.618102521036901
-1.3019660062116483 6.4071864235867295
1.9731895355210654 -7.346986662407966
-4.884331289043242 -8.119739075122594
-1.3603561124730987 -7.154404438619563
-6.228057086291714 -2.090767832859246
-1.2532592228072499 -9.0416453668267
0.48994058239691185 -9.159494157374192
8.338521820112195 -5.73450675274062
-8.16966526795144 -9.698732738870778
3.5220579091391144 -2.5866293544333825
7.065182681565183 -0.4228844953849702
8.195372099467445 2.4909156341749963
-5.881782254397394 6.2615524190417595
3.6208936834336374 -5.541581261269939
-3.641082222255106 5.853735806020273
4.386769419889866 9.370282925705272
-9.841907401621096 8.326749513870471
-8.67539301374591 -0.7199037541529592
4.546640897431736 -2.9299118637896937
-8.636864013880745 -4.50684569443939
-3.8232429823000675 8.235568774342909
-4.319994025010945 2.1556990313498616
-6.3648052883239465 -7.997089203690628
-1.0624848990820936 -6.281964679722272
-1.4204068234295377 -1.5462571477834697
-4.526655670246313 2.764063122143316
-9.256473099367419 -9.459968366771713
-6.170797374672139 4.65882947332261
7.477332052236992 -8.107858785822131
-7.776345824988924 -5.62440785298546
-6.550050348291599 6.028137547620204
-6.808502194531214 -5.5380128797667805
7.105078142099899 -4.4088121227617805
-1.398090841579613 -3.424926947036391
-2.64120844733601 9.647857332099896
8.7368425220353 -4.304976382327963
-8.971703303527583 -2.8661193608990736
5.520113538422196 0.10168034716035024
-3.7115759163924134 -5.686181571088291
7.6262958334754885 8.5614380999627
2.7787167855748045 6.80529531689918
-3.5293530657477774 8.89603065613197
3.8260923465351766 6.52571483312132
-9.150697888728033 2.4620728612794665
0.1112690260022724 4.263628693492624
5.06055636993419 -8.525010853957035
-1.2093363278775655 5.765722414088577
5.968543346066841 7.285579289801291
-6.977163100963477 9.791213657259902
-1.512335902360169 7.844998910191986
-0.9333950338687345 0.23294331461970863
7.333189653662291 -2.0328627490749103
-3.8297474779591596 -3.3962826308798544
-7.300227824038952 -5.180920182376044
8.605743423548546 0.7654305048724037
6.224946855269881 9.184166232069675
-3.418363285506012 -9.304830614711705
-4.43445997063606 2.482181848992999
-8.629492460879051 9.347339947651882
-3.6433253930315734 -0.7473350416933471
-6.962456525954512 -2.855578981640816
-6.492104225795298 0.5484855084344549
8.789511346996974 -6.3086245928193545
4.2697742843987285 -2.7642301069856057
4.754012783595769 -2.039451607711622
5.37672510898139 7.426424027662698
5.829476021840936 -0.35706011183481934
-0.8046502162099713 3.9942379027198065
3.7055559660723247 2.2795709064766854
-4.387119537340107 5.357588107449905
-2.857639858046694 -6.079425737830439
-6.863577745488076 -2.97066672772873
8.878881188178024 2.3119128960148707
8.919124401989116 8.806272119601608
-3.9761993003602925 7.822192470202616
0.5573345457328465 -2.7611305044360464
4.976677668197633 3.330154188138133
-5.753689198049776 -0.4771574396716982
8.343817491136662 3.3926099582752993
1.0238125027304275 -1.266738230923007
-6.537874889592732 5.6214620788802545
-2.157075071803531 -7.2010198037342406
-6.834602895637854 -8.934661332667297
-2.7813482250279513 8.516158968777336
8.965155211921026 4.825028287588008
-9.131253766301178 -7.248333278140642
3.3794106457626345 -2.8209408650370733
4.310187286146682 -1.0192589154648797
-9.791238876557976 -1.973920265618423
-7.207863270041077 -9.492664138722109
5.9504791955283025 -9.999258408238633
-2.024908025964036 -7.137344162692152
-8.72841165623485 -7.768026102799325
5.957515205394204 0.5753837868659062
-1.4932709988809165 -9.320648529579476
-1.4209755558624177 9.72623684020079
-2.6991858817471854 -5.357333580818484
-4.947522320663151 -2.9948888493319377
1.7133031612249905 4.683513244241947
-1.012978265408142 4.111151639580639
-1.2952973648523347 2.2492218435058824
-3.1335854160692955 -3.6347343642647534
5.631246713898811 2.6212286818089954
8.269291066331508 -2.8183268986400822
5.639500411762999 8.166449457050199
-9.42264689272312 -1.0241979889736754
-4.926818306835939 9.963854904977548
-4.20443462757124 -3.7573767558854554
-6.446121464237886 -3.127866505395625
5.969387181143679 3.1073697152302344
-6.790494505359885 6.8682109945753815
-3.4941259838314043 2.7830192500305984
4.066564144398807 -7.163085213824621
-1.306483904043528 -0.6234234395994758
4.766081069585898 0.655907003552727
6.5711747792703505 9.876717224573955
-9.073533367186897 5.677957588629328
-6.773863160695295 5.104737235611667
4.229796663971845 3.1789826892480377
-7.33707488332588 -9.255652098766598
-7.585102750701063 7.258219744346949
-3.9141476749326625 -6.397824566598807
-4.488780478384779 -1.4816556047354386
-7.271742124491496 5.960501132775706
-3.1668775699302447 -7.722710168886411
3.1082707146336617 5.7410582826831345
-4.751204256106789 9.640831005189192
-7.658012449059292 -3.903176753695014
-1.778179397509037 6.936292515643196
7.818110157741216 6.59043140810471
-7.850487264311996 3.5327532648150513
-8.220879682209919 8.29418215587101
-1.871151656717986 7.812243196039624
-2.363346408786997 4.433457028962444
-7.121795634512875 8.523745645527608
-6.853818225183166 -0.8461196124184909
3.8048932116856733 6.871781828674848
-8.049853213082148 5.41965409933024
9.586654919570663 5.210608116387254
-6.785589741943219 -2.607459384980382
-2.3548347780319485 -9.466756316053559
2.7553353722343026 8.699030029995075
1.4304128485334573 7.17247091099852
6.87323752521095 -8.147984367490631
-5.023132070188385 -2.116424152557503
8.02368820530419 -8.341670898526608
2.836135329732567 2.6142138817679346
4.899521265325422 7.747353701310821
-6.046087675974894 -0.4112767860100579
3.1659406586473224 4.088147370746118
-3.925491856539405 4.872597908594782
-3.5524409064128264 -3.4565552825394192
-8.635286493908943 6.961504854775981
4.314132325594894 3.9553788590808985
6.898131241661723 -1.974707753237892
9.291805983292885 -2.772691041894726
6.188411647220299 1.0196208313030635
-3.9317724014044098 9.639558619026268
-9.898070027467622 -2.250661363459452
-7.416611729844213 -5.077966838853863
-8.705827592541924 -3.356268886680411
0.1717492652382937 -8.911286697185762
-5.208452130386021 -1.8234477978021761
8.794406610934445 -5.169700696987121
-6.6780279418236255 7.37309106896085
0.7628405600392547 -1.1552995817173244
-6.545732211172939 -0.59570427425896
7.883754875335683 -7.970036712424391
-8.627438104003257 -9.026549471267959
7.384113788362981 -2.9291059634136936
-1.4047306564872546 -5.495256490230429
-8.775986129023849 -9.037430092405822
3.058192963940229 -3.9912989264965244
-6.750205052501935 -9.766941617688827
0.2908286847487105 4.423013697935243
-3.8055223177092756 -0.052803262312695054
8.991951496469248 8.640327974963085
-5.893581398606294 -7.464408882529914
0.6130515127877079 -7.36403796964489
-8.614150521080425 9.165358415044288
-8.610824611348747 1.6884501239154552
3.1200435578295522 -2.1537989762289484
0.22556505970527674 -7.362090434048952
0.5012616678766175 -4.0650912929494165
-3.135805215412284 2.979205101191802
-4.272384674534342 -2.4190632558887444
1.662083584980314 -9.658346280438161
-5.310603118129286 -9.073264842856165
-5.4514512841463425 -3.566253568995821
5.751595644624752 -2.767285418589145
8.220733765012465 -8.953494171557113
9.005340077083378 4.687881508194248
6.424128173008995 -6.545349380231871
5.114944539074461 0.8657659507273259
-2.546302599296377 1.1373538469540954
-4.5914031491783 -4.715748330505772
5.175110201159905 -5.348317147870805
5.651130003590485 4.400924542583244
-1.9138405864018928 -7.583333299558763
2.189860141862612 5.028127377959537
4.710886801752617 9.159252320696925
0.9593724548648002 -5.62684189035044
6.650686939511505 -5.564907962494388
-5.070103067427512 -7.477401123163705
-3.1657109503328007 -9.359060030313668
-9.33670130948251 0.7640136427737652
-0.510957769399262 0.14960678595892318
8.94136643416011 1.831387428598049
-4.956318163342641 -0.948175644332709
9.900098478427129 5.412950263384255
-6.719565592979144 -3.0847001571118167
-0.9516829740623134 -8.907370166953502
-1.3154923020768798 -6.266846403233246
3.05506203593243 -1.2869849140009109
-0.4615902880313012 -4.629914253008607
4.964110856384574 -0.7825671456229859
5.297642629222718 -9.621673234435873
-0.6998187432646539 7.011480446993865
6.905165091002175 -1.072563882635599
-8.050797938292519 6.860506895541075
0.33524657822366066 7.853222964212321
8.888786269623665 4.600779983746335
-2.4197488168994745 8.757585644591792
5.540841306066245 -1.8578273744388554
6.2813519445870405 8.332249170643081
-9.375763331230488 4.155189209521168
4.960143335982314 -0.3621270630311315
-0.7601531552795713 4.253651792078587
0.07302888519003048 -4.460446342419568
5.613438090789781 -3.4232310991596515
-1.7027581708972317 -5.57234512433636
-9.602083657115731 3.6829057917523063
7.3930852071623505 -2.535230394889485
8.273136834743543 -7.757785302806397
0.4376470070490086 -1.7294417411133445
-6.812400208524084 -6.062491067883631
3.5928471520849907 3.517049825376766
-9.895813223803549 -3.0283114795330635
-4.787529958913748 7.996578722837825
-8.189987209168844 -1.9505779646411359
3.740833224139802 7.476857879704024
1.454708867963097 -1.9329824610295745
0.9707389058114586 4.5746966677629874
-2.798673205309667 4.25350701891958
-6.011110680429576 -3.033307178978286
-1.3140043127265582 -6.116240092930216
-3.121705503533807 2.6630677293935996
-1.4236005524937223 8.137331368287668
1.0347049628026 -4.404966080017587
-1.396557385738049 6.1910769684659215
7.649849485233922 6.231645711940729
-5.336855942028114 -8.448439261871556
-6.872028476591792 -4.850473451464263
-3.5967670629401116 -4.344020504286226
-3.240245105229887 -9.384228892444826
2.97199866942654 4.901874367259726
1.2397071934453905 -5.246256911973564
4.42473325111119 3.178410678673826
-1.1540442444292953 7.99926178499236
4.412468188196964 1.0427022980136176
5.641765222917289 -7.600573480758781
1.3711147185268135 -9.371614939468614
1.7809156430317508 8.51686712501255
2.355467656432431 -8.069955429501906
5.812398011775503 -9.786195214238509
1.5718872659674012 -9.907407802959874
4.760573881134569 -0.6437860089734464
-1.841731336460608 -3.678188066202795
-2.653768064512496 -7.743830355682668
-1.2071478653924324 6.91515998327079
-7.420887471768632 -1.7746955505731687
5.454464359796095 -0.8726879138716086
-0.5621451290140591 -2.7095714394347485
-7.730772455949381 -3.0811134435919163
3.013065589423487 -9.413819701018674
-0.32917718837760646 0.21524104281495227
7.647313596098762 0.167696024775843
3.1696572894740704 7.0310391984524365
6.746905280063682 -3.0298709138605506
2.544694904813758 5.763942820024091
-2.6828269125062025 -4.2415411207469855
7.164315340882975 -9.0765772073365
-3.0637239566168706 0.4012629699338284
-9.426590027450843 -0.48700887908855606
6.52821676215698 0.046710109842988956
-5.709978003804441 6.205534945730381
6.7247047753413085 -9.08940682516234
-2.037031353201371 2.5774514228340344
8.055695404485487 9.869078864005076
4.585566765306883 -8.969239372569529
-7.365923479159475 -9.238662078510714
-0.5255099088583037 6.144165123431446
2.4816137279922206 -4.6791675733773275
-2.3048654820713743 -9.546946141896967
-4.913762546809393 -7.17830324080583
-8.449436455031288 -2.7102051081956935
0.18431774733663175 -9.60739934221545
4.617125768917397 9.383270077437174
0.23018856475630756 -6.974710857120754
9.25628577621168 5.82498317586114
5.963471497862454 2.2155436931710977
2.452732054497627 -8.55571228881766
-8.14745897908731 1.1067003236322943
9.187615897723354 4.757499048503295
2.999249014307434 -0.2452433240160623
-4.4010827253591405 -6.293623827077985
-4.886575466752139 9.630758071106417
-4.384542443652433 -5.44561205648278
-7.837807150413143 0.7432464791678797
-2.085639115162728 -7.180385596870145
-7.547467838543893 -2.0195746968151003
-6.074768667327639 -7.002991997548367
9.669652227082935 1.7666986008658938
-7.9613406735956165 2.4614487169911783
4.543689334451269 9.202856873015918
8.375861445288422 -5.9112145516685
1.2304655553734918 5.331165336979147
2.476490457619329 2.168802712665755
6.119642740597698 8.58679979841384
7.872393839863019 -4.833676292155413
1.9523619925590818 -0.8459714477576661
4.991691173594397 9.897858905761627
7.832331594328995 0.9401149369576718
1.476656407397801 7.308157887818865
-3.881989139241682 -5.577402772847075
-0.6448902558950582 -5.851971317175295
-7.464027231956251 9.200184069978796
-8.860483494515918 1.1799095799163553
-4.832623941847325 1.559570276065319
7.822977175537208 -1.5873116924361508
1.016929742255737 4.480534050025202
1.159440561836334 6.8035527760651675
0.5426325332320143 1.9600837740282557
6.144939062084347 -6.8220459323137845
-7.679651133742245 9.728169442923754
0.38224051568976414 2.122495930279074
-8.949226590909088 -3.629431538120727
0.15517829438476483 -2.1441626308276973
-1.1271430590434672 0.20759349097088808
6.482442003473658 2.629945282249963
6.189736954516633 1.27427173445753
-7.38021263857857 -4.371335912786012
7.408570272014991 9.774930218569779
-2.013013840958089 4.46073796510934
-4.740336243786317 8.726541237514272
5.426780891512646 3.7850699063494435
1.8464522169814614 -1.781770815755534
0.7182711482071156 -5.387115386509342
1.2066145347502388 -4.729947906292306
-9.458119807812915 9.439609854330676
-7.601807239868723 4.017538327953126
-3.9121683750705856 5.248517860314941
0.6360631601192921 4.160986777493383
7.043485078819149 -3.719534691878681
-8.91944600990653 4.345062534654465
6.968474059213886 -5.348054608196364
1.6314291053228995 -9.098935204560528
-3.6433821035674008 -3.6845155948100228
-2.044757401818087 -7.49192700427209
6.51229256536206 0.8672938237726875
8.030211202092058 4.917324369748252
-1.496091419100491 -6.18547363665331
-5.366583151446163 6.9782065881250475
9.40477878743981 3.4838510016669595
2.6709346280483004 5.929766330547839
-1.5435292452090614 2.8071144983007486
6.95804548022576 6.925238391130957
-4.143169782134793 8.727901803535087
3.16301555138239 5.208402267241713
4.7254496573695235 2.1749801078062525
2.2675715181406364 -0.525760768913873
5.50927145700825 5.293595860490177
8.377241325538286 5.852948135851413
7.67720853836925 5.7663394432018755
-2.0713793113468837 -0.7936926973684422
0.1362560432334199 9.091593283406038
-5.392254426829446 -3.1127553196414954
0.5380487498140738 3.863160063851991
-0.761287580229439 -1.1579175236818795
6.914840859581194 2.07740324291181
5.618123981670442 1.6091879378226874
7.932141775479096 3.412258912208779
3.5446320299105025 -2.1881339533405253
2.8374256001206106 9.79584915577383
8.934628146305752 8.154111149282674
-4.862684313299976 -0.7441461831387937
-1.5819657653128623 2.181129650526202
6.067255359204772 -5.90799026185943
-3.246892641814261 7.748149784491332
1.2986213853763502 2.5742036174259635
7.485184630753697 -1.5467515235895775
-9.207023049989862 6.989024398882336
8.427688146922968 -3.7630634687558846
-1.6510618676520181 9.59573617435677
-6.429701559805421 -3.7204770931013
-6.5004942871826525 -0.060544081739109856
-5.271450366634392 1.665867426199556
-5.011126572997375 6.908134542978292
-0.9382710120810973 -5.593361947004731
-7.2130945521581635 -6.531994949908613
5.924333303975066 -8.4679116984601
-4.049412968094305 -0.627478765854141
-0.3947100491034643 0.7530551018380365
0.6021507071240535 -7.508702541933518
3.2209832452150273 9.90274757298138
-3.6917816939202153 -6.0419274890112735
2.081890591601667 8.898819009179352
6.963521628476514 0.43653641282001665
5.541492007220963 5.979809628391283
-3.6133772387736895 -4.796815852866702
-0.7854308312666518 0.035030275340258044
8.429513980887023 9.862587535936381
0.9910453828421328 -6.05769355716858
6.894648458264815 2.020986871332786
-4.427842168717538 -8.368823246880975
7.132566999834296 4.374227549573593
-8.289889961236591 -2.2494802158695144
-4.979547625924134 -6.261322130497211
-8.795609720301991 0.32486494276066935
3.3866335209543834 2.901264435948974
9.262919543017375 4.6866898943902235
9.899520337231685 -0.50791784556219
7.886390085010618 -0.17623744917018236
1.635023211635735 -8.956002127685432
4.707554782995107 9.182632166354104
-3.640811040411247 -0.9939895713026701
-6.375278858440998 -3.7631118984460254
4.734786167215681 8.125281670418111
8.099775416076668 -8.854312059056578
8.164829446564443 -0.9792729969978247
1.342178200092519 -7.229623311152507
-1.8062293514645145 -0.11980729481945929
6.897129134972598 -3.5633198288290124
-2.0830596361837683 9.64741276266179
-4.97464186040105 -7.930352117760657
2.9790019056228427 -5.031852432244288
3.3728195785555926 -7.515460838714974
-6.530029688918335 -0.3965302259222554
6.8733563042607635 -7.986735590847529
2.0617391741112012 -3.4470392689063694
-8.15256008589315 2.0912310661328384
-2.339839931462957 3.782178988783201
4.0943549015225695 1.6044607235630277
-2.339123319201814 -3.1195771981231157
5.076453287488141 -2.1600830229009045
-4.183830971502522 6.515676537759031
5.327210365493682 7.836741762954233
8.761126261115567 -5.882672372964013
-1.107259128428172 7.097189824932364
-7.495007614890565 9.061492067844348
-5.681571980578257 8.17011504227197
-7.381527026813821 6.410232281837104
9.152286968577709 -2.774967898870795
-8.234673248020252 -2.0849943701941935
-9.160590639329023 8.309837291754334
5.220969217223534 -3.82504732085666
1.3252278945819018 -1.830502601712718
-5.332858729850713 7.469843940835489
5.8015885420464635 9.174591581042787
-2.9503021900863953 -4.912403424199039
-4.0483100476628575 3.625842513548875
-9.919246816923962 -4.00425408825956
-2.437124870824956 2.0276649634515724
-6.969629012185434 -3.5205800969687973
2.1048578739778705 6.187372769312159
4.414877048248469 5.357933647693905
6.8455383071203855 7.1482864995762405
3.0809601539728497 8.117047946886885
-2.298331938328455 -8.700714120736698
-1.5063880235504339 8.260756830415588
2.3136552501759784 6.312379107745777
0.3749241968940069 0.89230680567006
-1.8760211794342414 3.60627238829794
-4.007533239807348 9.6006848780851
-5.814873589657566 -7.652767222907951
3.1790689050804275 3.1308730136208247
-1.2905548664687814 -7.24120696847546
6.45307386902012 -8.979331603422839
7.941759993263812 -8.401187182410085
-4.460503386683385 -2.5133215083135134
-7.0548128889765955 4.037407184636482
-9.249627069427406 -3.184797085041282
-6.125705434322917 6.779084695066146
-7.77366123130141 -6.556546236098906
2.967454538202732 -1.0590219577214288
5.499175727119482 -0.7417139168996414
7.85603573452611 6.448419123294723
-4.549868416923342 -4.848711100081458
0.8058823223670792 2.4099833148763707
7.5503929909772225 -5.32444508558309
-5.6163207085128874 -4.462822947406922
-6.6342488623658085 -4.429020661196839
-3.751883372831461 -2.8825053231411886
2.81910049879067 -9.152136092908155
-4.420092936610409 3.151829396964562
7.636539655161371 4.240096102331359
-3.142098350347842 9.681290263361365
6.419227390376484 -9.806711502876091
4.8682544319957906 -0.8149316264543494
8.361978209227843 -1.229067085020997
6.354505719465415 -9.789911033168215
-6.498525716668659 -6.3299080529688645
-3.3772718918699507 6.397852449964962
-4.95657568559738 -5.369969462197519
5.623763646337952 -2.443290557139872
-3.4151577053394266 -0.4339630537617918
-3.515537199670349 -2.597824482002455
9.072502745608393 3.9102604559030407
-0.6762356453848781 1.6475392805191387
2.564253813545321 1.9783821765222989
8.856509883857392 5.3825612692234674
-3.3020378091627123 6.70332183653014
8.599492820642794 -8.789284115677265
-9.889664188359163 -5.975479759839892
-9.38074095927047 9.22167262366462
-6.943305447424237 -4.693330237542117
5.582520009291086 -2.140569052097838
-2.8966368233037443 -6.394471225868799
-9.332049083188087 -0.7582494679830063
-0.8265551878977888 -1.8353105928710907
-8.535504650236055 -3.6502654432639003
-3.3139477260533727 -4.196195470001689
0.7717082682774681 8.762426102132917
-6.241582474844815 1.9798256337921174
-4.597362908285687 -1.6836948879546458
3.824118345197668 -9.742628858061185
-4.14778724258694 9.937859933372295
-9.208586036958511 -3.6934536633709714
2.4800161426270897 -9.868710226125462
3.911857654674158 2.590851393834537
9.921579060520543 -1.4692627528421713
5.640539576555083 3.234593921434083
-8.8656188466245 5.447581263706384
-6.028055877465652 0.5699935696298937
0.4073224259844608 -1.9880657832509314
-1.0969034632996237 4.215835615374285
-6.364479952542965 8.6035133014196
8.893575725995415 -1.977761602459033
-1.6358828478948002 1.453134871572546
0.8315406562360845 2.7634506098282134
7.037860624488623 -7.144526181760398
9.63364812847039 2.091906915179031
-2.4021037987773735 3.3151059258274014
-1.2502138498775395 3.599391033716092
-2.4808314125387927 -0.7976461145539844
-4.5952672800565075 -6.783905206521754
8.451373731228873 -2.349322048309843
1.7155195970914683 6.797780831380614
2.5185762789343116 -9.30919061750048
-2.077242642124391 -5.773634762522306
-0.8955203048307894 -8.073907745348965
-8.20108716818634 1.5351747380451553
-9.315544758317335 3.6351906988341636
-4.042386880968314 8.417723386809474
-3.3264170586516713 -4.260228359419386
-7.36749200276641 -0.9407139176210677
7.6387658086772845 -0.8796299688548714
7.915169766188761 -9.971895595543693
5.767035543598855 4.03985083386125
-9.25432757822774 3.69615219856337
-2.313010566307298 -1.0749187517809844
6.222215962685816 1.9197993227888546
6.798705359790901 4.401982488124933
9.097053340447903 7.122379741884927
5.975614680065203 -0.10844967575523867
-3.5806971900006124 8.106219817430024
-1.4783458606914923 7.744628147527454
2.555271605662675 8.96506205621409
-2.00353171191336 9.755072063981313
-3.6317912612105125 -9.289802539296321
7.492836894504645 -2.22903615431955
-3.4757401313452547 -3.4885598996137634
-6.308764020666581 4.879280722174057
-7.3959346200532465 7.2179862909049355
9.820087470337597 -1.171179480083529
-1.6705038477580114 -7.823464833530622
6.536231945834711 -9.033962660745772
-3.8117611863764793 -9.09756955256426
-0.16260110341022127 6.517769370850431
5.715837596563993 9.85465980780933
8.288452209176548 -3.101190712807867
-5.296803657808951 5.87744607382545
-7.335548837048529 6.043209388823797
-4.580798213708017 1.326699718935373
-6.19924452495062 9.812456807999993
-1.2152435673362056 -5.731515312243928
-5.862785529976309 6.897245543250573
-2.1587580221708773 -4.451303136650258
-4.682080689724155 -7.830103685781724
6.699339486092072 1.7979153967816135
9.48312072883703 7.076022673494201
-2.088527723465436 -9.648174525635833
9.863819469972558 -4.559620296983297
-6.2101040885857035 -4.884442408262657
-6.631692890100485 -4.685695252898312
-2.8338366374202444 -4.405441684171871
5.849062261896849 4.110665420350763
-6.283258764711322 6.695249455375041
-0.8634950614880061 -1.5224327052921094
-0.242253957135647 -4.375095612139049
-9.62356934482014 -2.131543590383247
-4.291457733039898 -0.7719964878451115
6.487867436248887 6.541034551891737
1.1790858195945226 1.613831698348541
2.203526016001378 -0.1711411254346693
6.191396795139138 -4.491766344906782
9.311653335885815 9.15858541664932
1.34106755634126 -9.819701588766767
-6.556521604412698 -7.24280586403792
2.9179110778002855 7.184243884515059
-0.5500631758108625 -3.0910217089949104
-5.6275627555505565 4.260788786987579
6.192294089434544 6.172970799544437
-9.461675216700895 -7.607344857299935
7.1002496423291745 -0.8538690874433374
-2.732867826780227 2.1907383902418793
-8.584260194597853 6.508135982697262
9.647938818381395 -2.0056212327943364
8.649410939865607 2.86571829168399
3.056015346328582 4.56992195995724
-6.505440633637911 -5.80403104607748
0.832420436062522 -3.7211512618552796
8.169824277212793 1.5669570454646617
-0.3905421908562108 -9.102008152704524
-1.3308941350337395 3.9718236548550436
4.489248284800386 6.581034725651623
-0.948268985820695 -8.232631529888517
-2.6826393402854487 -6.35061650144956
3.906644705872811 6.448056507937451
5.297526053354247 -1.8138785952948986
8.7605709526785 4.782484226398548
-4.243762227633621 8.574916168036257
4.3605172902592955 -3.723463108668403
2.067377897075346 7.815275345212097
-0.7972746323495361 -4.98111490002114
-3.5008312580099243 7.064492610099325
0.9379847648216462 -7.512305750467203
-3.744942858464473 1.5505442438020651
1.9544722806480497 1.6280939101945613
4.772031708654945 3.1018820222118606
8.201045577525509 9.20082091028883
-8.089066691542184 -8.52319257955935
8.331755519668377 -3.035718347637788
7.320735506125214 -1.799556165710559
-1.8575603978132982 -2.0100772951294044
9.356130724359769 -8.527389206902624
7.39218991278041 -0.23340769050961008
-3.783472745332512 -0.8344712817364837
-5.530136883835784 6.994404728960472
1.7419262700733622 -8.188862404873614
-3.232241210365359 4.6994058791855675
6.577230898231711 -8.77825981316253
7.230554771819662 1.5724597536918203
6.756832205630246 -2.9016033992343164
-5.842784426540348 8.771941572223028
4.400301428044459 2.4015902207827207
3.699397199848388 7.765554173512122
-1.1817228296644622 5.716992337581459
-3.9914503912929185 -6.837153547889267
-2.4777681853419935 -8.291790515062933
-9.839552698616282 -2.5067915715033795
8.76810497996927 6.3540973725213235
7.363506764971767 -5.382236105837325
8.246333262230557 -6.033317960857372
-5.917961574605302 -0.8271829581578167
2.9015408815875006 3.295370254989436
0.8485406933200501 -9.581834166777979
-3.6040204958794657 -4.125803749950581
4.646242267240817 5.272627153219979
6.748020578703027 4.255086467258447
-9.634333227962289 -7.938610407514302
1.2040224458448172 7.385000673910632
8.533362043724615 -3.427041950058305
5.85846642655919 2.376017376476769
6.461566029506638 -4.2613519027137015
-0.406330761438662 5.791696555204538
8.060103437111117 -2.1461354338124945
4.438876069504392 2.5793359916845127
1.962186442753417 6.072392289152756
6.201349897284786 -7.063324835568119
-7.185044976179684 -6.128497033784182
-8.327342791936605 7.324967585558802
-8.992206542885643 -4.975976281752494
-0.7280981925350929 6.253736937620783
7.277339723695871 -1.3833617151810618
5.278352533358579 6.47971751531783
-9.272525953173389 5.922523779735137
0.8983467186737428 -2.386254511144177
7.522333648077346 1.2606648393644377
-5.782277629066557 4.4454666094141295
-2.516574090279282 -1.1085522245155506
6.873470420028305 -1.1340703874089701
-6.771776573467314 7.999643462172791
5.7796957494723085 6.009930895417128
1.9292499821892424 -0.8611076384956657
-6.125937566237893 -1.8841827564422182
-5.1911734987067915 8.88448621009847
-5.530996255669649 -8.255822091022054
-3.6396571391272037 6.265872907871291
9.867675914033526 -8.157535638605122
0.22849217224804086 7.547082284569349
0.16551597082026426 -6.383730587652239
8.667626636445362 -1.3120841261243719
-8.230000805653061 -8.746934441232899
8.18023283798659 -1.2954851563406162
9.621106138373644 -5.521567030711667
-6.254744444630321 -3.9999736451274392
6.070768085716143 -7.729749490615225
9.703966778665531 9.467262986628281
-5.25342486636899 3.7762200878703283
9.917743498059952 -5.516501870385982
-9.693241701211594 -9.314084246079826
-0.07331491710202798 -9.087878536158323
2.0480852166532735 -8.97839011511713
-8.114244345166757 3.7905740677686772
6.084969455571663 -7.316164620343322
-0.0013450793757243673 0.962551000883721
-4.226177338996077 3.170536329556331
-1.8300369969437273 -6.508688929368285
-8.848818444909178 1.8949519553037995
5.8421142680085385 6.534289800344851
-6.516292318299735 8.135907519108969
7.561290775975856 9.270360016252496
-1.6404697840359894 -1.391259740903445
1.7905977145363963 -3.176846932136539
-6.968417820724038 -1.183113306630581
-5.525237424592778 8.533526323312689
-1.2607229197556062 5.242675603274389
-9.500300271563356 -6.455028701706076
-4.947114977652363 -6.520167472983125
3.563428348506765 -9.37167138447023
5.45371324459272 -1.4905929521788899
9.515441186728097 -0.10773083544086504
4.785414270746525 -8.33315569913209
-9.056795791089375 4.935790443995137
-9.165888838024285 -2.5269573429200793
-7.810967072144033 -5.684011110841465
-3.517310817851886 8.817307568726395
6.404977332216809 3.4683756356152973
5.071365750301995 -0.5883876779281252
-3.6064003000469613 -8.241385919225381
-5.8927012877775535 -4.65463494469176
6.8628098662105685 -6.597126075319815
-2.824539391289564 6.253760739204971
-1.662010712835615 -7.79713244108309
-7.069973218512599 3.6954039645555135
2.524687238279917 1.9556717906622705
-4.136327965362248 -6.803229746701911
1.1462758616684354 4.997052043877375
-7.489197663339073 -7.957427212566963
-4.260513830282527 5.604789610737642
-4.643523682383581 5.706951250620467
9.159103036366513 -0.291367510588433
-2.4392436208755086 -2.890209135409279
-4.930308097725 5.555355620683905
2.0503970882529483 -1.8540453844873124
7.621541042589808 -6.507960827226517
-3.337837487504429 8.250972119309722
5.636606817719439 -0.4457848231971955
7.4090274837498455 1.3930078989905113
0.16313920665430004 4.7973542851866195
-1.341127785666485 3.911306963962053
-6.6254210515968825 1.1542140492548363
-2.775976387958927 -6.491693950350741
-2.5585685024550546 5.018510838045522
8.110088694436776 4.001127234755257
3.5981329940336266 -3.314394980050639
9.320745527402249 -5.261572119650351
-5.496709572309324 -3.6951404755771993
-4.367756960626377 9.439778982884327
8.58657355826168 -2.267623425247569
6.697507876303408 -9.942456669387859
-0.20275766007801188 2.6860085320386204
6.136899607287724 1.7533826250143854
-3.419977406786918 -0.5985021986279033
3.892268240085926 0.20391374387409122
-5.619793277336962 -1.0348317440789607
-7.76428720570006 0.7610188981643269
0.05193495365926282 7.055189495664859
-5.738971119811282 4.059311932178861
5.649195356441069 -7.301873712093865
5.1633664451627475 8.502387303980491
7.081234067380169 0.46814358237687514
3.8156075364945874 2.615657987555748
2.447328466489683 6.2864861078468195
5.137864660528555 5.6469583960333445
-4.301347985909927 5.647135262905294
-4.928581793121931 -2.8239523063829797
1.5102621050370537 -5.515188550136685
-2.77186324376296 -4.680690642534748
5.0228255497326675 -6.227943728849681
9.85320940462939 -3.0820790015295447
4.679548319119277 6.1055693460427385
0.22333425015230546 4.738818705362622
-5.8565920011634764 -8.522812386049377
8.66075379315101 4.124467271424443
1.8130904432622117 -0.925105870551663
-0.11576743074903639 8.384787163068133
0.6208023431308991 1.7348342229658371
-6.201663517938729 -1.5322991404573898
-5.28043806567598 -5.892156910327309
1.3408480398205302 -5.418687716665353
3.9788519004870047 1.4463771566392083
-3.9150315934988944 -2.6157071199606285
-3.521420907304167 -0.866481923342203
6.975941030367412 -2.6954045098067914
1.4435763678481983 -5.065735537359841
-2.3509849389876276 -1.1697327182721189
3.0219282204543276 6.907360840100495
-0.33395178239703327 -5.265950654848339
-6.883555036652136 7.8024504091559095
9.1624545005497 -1.0330095579109795
-2.9477268008315383 -1.4275688876975163
-9.546975970094614 9.270682484171918
-3.3241617066704165 8.90358193421186
-2.4591237550839047 7.639052872498631
-0.07585209168413698 -4.872084198626543
-5.755863509664616 6.050941310527207
-7.463852940478793 -8.82165769804807
-5.533620144671588 0.4182777273652434
6.125300170795256 -3.7664115608671818
1.2942229561381442 1.9846869288889266
5.735384803827683 -2.7029487490708455
5.8310437667407005 5.027404714973043
8.197140464848566 0.4124360368551976
-6.72899175120971 7.139173199922617
2.739207115680248 5.356897414292694
-1.856343145241663 -2.065024880259541
5.774094683333978 4.760434752994652
1.846763671034008 9.851253912010527
2.5357335167805104 9.268015035230224
-2.1429965514324545 -9.86848052513762
9.213267184358838 8.079820120460937
7.472703005935948 0.5251413150002762
7.977260453939536 9.804894615668392
-5.399756697277153 7.83600715062984
9.853952538347752 2.057739900045256
0.48032151571853277 1.8834891264189508
9.714798334457456 3.4724652010444483
-2.1594483713625934 7.129785898337268
7.81600530709785 -1.0689175935755202
7.232977580593982 -9.453307818134068
2.94203544848002 -8.01217805175831
-1.2073127160510673 -4.861831519523172
-6.569942416840258 2.1628273991050957
-0.6116403755454307 3.5274758909289172
9.776067158129187 5.2452702730422
5.180456462072714 -4.1751689113703545
8.364839053688641 -0.7311385623135163
-2.3605386666349526 7.6368916533785445
-2.4709814838221744 -6.134642658614242
-7.884913616155673 3.2625452947881843
2.164415214196911 -4.3645448961272475
-3.9771705076203663 0.14657538631676026
0.7736729205131851 -4.644135405516745
-0.8606111092238216 2.0657345761341794
6.95105439571698 9.63842951703294
-7.197444701814854 -9.62901274689372
-1.33525558388747 6.2067304836084425
-0.8124424005203146 0.9635256621701842
-0.2021585881240444 5.2638168651898845
8.706811689776835 -6.857977434396442
-2.3114138752278457 -9.44150560155039
-5.427589961651831 -6.207169366194563
-5.188060381046265 2.6148429051808684
0.7586699167622761 9.506359072395373
-8.664781621688448 5.260604890704602
5.770639674425826 -0.1247735275392472
5.100478105090287 7.556597286701411
-0.44686946159193397 9.054520832453399
2.2468367576242176 8.589081651769568
-9.02135205258596 0.34506101604655726
-0.8954801297049269 5.442982895817263
1.1346165046335202 4.090922644665911
1.2264832364036948 -7.2115679815425455
6.873006577990807 -2.5238371826480126
-5.759817739619988 -7.617713935255768
-0.8363055796698049 -9.575382042358827
-3.13036633162514 -1.4716940158112806
2.38947714722139 -8.202336733564259
-2.252895877768861 2.827053565484583
1.1329866506725956 -0.8606503408352673
8.907189530547175 -9.359022983231231
-9.409695548398304 8.959252838460095
-6.6039451102582625 4.006116966884875
9.453450873455957 0.40068267033872473
-5.888856299459153 9.350113226239746
-7.33785301174021 -4.5904988901060655
-0.5508692102334933 -5.456882492479087
7.595806161979041 5.873022872274232
-6.77738297183609 2.922711726666712
7.791391243915516 -2.2867832569991586
3.1449625567810493 -7.567260891660288
-0.35659934486431233 -6.961280166306589
-9.557752526764439 -7.6427122479434795
1.4748443216461578 1.582212980780561
-4.306722412257278 -0.7967718407641762
-9.102329656538169 5.240260299238692
-6.549128072300858 4.1188880688555045
0.822535267251709 2.83289760134911
4.374160938817083 0.6800747307950523
0.82530880512072 4.960565683572328
2.405179963205308 -7.529762150124388
7.197602636593434 9.14824217311779
0.8678371804129181 -8.081896145069983
-7.1787252893807825 -3.229823607393339
-6.984255486293347 8.993469461712206
9.904004908989723 -0.04295172955259119
6.785559610132122 5.260123652310771
9.044474169452286 1.9018471519394744
-8.112148980068861 -0.13964896599186005
-6.130639938429141 7.880088488594087
-8.306649850576653 1.145759572271448
1.5928138799128035 -7.993443854358486
-5.367532072978092 6.2916108739885885
7.416672800234522 0.8565568841664088
-2.925631659161347 -8.361629436002865
1.8056389318053903 -7.674326234095674
-6.1266201465007715 3.5840752060145853
-2.2120622447287523 1.270063311291791
0.610310333213814 2.012999759957925
-5.568060827911623 6.577441528289533
6.744766254023659 -7.354196828654467
0.43900192710114183 -8.009542041005835
-6.826158729585168 4.393142339746063
3.426125126937558 -0.7639505882587692
-8.399139222454169 8.142986172546948
0.15954096348215252 -4.312223141511213
-6.2141221825341635 -2.0534756193971067
-0.7162544909556914 9.30064711347622
-2.6335167217321853 -2.4096515148909887
8.72512834978738 -0.9232788196240023
-4.750908927684819 -2.53622390445358
-3.734587328403169 -1.8941826674511688
4.697645458384672 -6.484903953458834
1.0371635460658357 6.17004947970657
-7.675854403989629 6.109530964887863
-6.480226401798042 8.505588860421206
-3.3374504620700796 7.589617017020032
8.929414554037894 -3.566832587157238
4.845738127542861 -1.2181712837228282
5.5966754508134855 -0.5770062449463254
8.53422074718463 -8.621969517069141
2.256948528650275 3.792625323009176
-6.595251074110921 -9.854927835975214
-3.952199321241949 -0.2593389007230975
7.2729865207650555 -2.7783419660786013
-0.5641934890185052 1.0554762692465012
-5.263233618558248 -7.260366978224
-1.1886379435697982 -9.787492997830471
2.882973341835646 -3.6545862243257154
-0.7952471428284387 7.377903672357192
7.133104926389397 1.8545428183435249
-8.535961583347962 -6.076324400311903
2.674485885673519 9.391401951582669
-1.377507130121609 3.2148694693293685
4.378775535490453 0.195026387902125
2.6963806056624744 -7.004502955913708
-2.0504480119502366 3.7579814153743936
9.025108391474955 4.280584311146578
-5.491627823939638 -7.107522928664474
-2.7243975694627753 -2.6383456193443022
5.300300991189006 4.289718565155898
-5.748171006819303 2.0443370759140116
-9.799355709973748 6.690330975361917
4.916500901450808 8.813872464981984
-3.3863996602346162 -4.387591097326757
-0.040343236876637434 0.4150226256754852
5.78282788255369 3.9755090623419918
2.911723333161607 2.960678267173005
5.594064051799583 -0.6435902088397398
5.9385754582907975 7.839093926991655
9.858661233745359 8.571845903900119
-8.05171301988251 -0.40689982564042815
-6.762987719483585 0.7326706290634704
9.088195639086159 -3.1256449675278297
-6.599776106795929 -2.438616526340967
4.56450486799093 3.7189162024770788
6.045849867494326 8.019658788364573
5.593047605903443 -7.109133643498233
3.614803473625841 -4.429488116883828
5.790425831474778 -0.6070364139529065
-7.494590623132469 -4.698585942053666
-6.178917302125891 -5.237793845186021
-2.855448097617044 -1.6981355671897376
-0.3457131292087219 7.93437759126159
6.17729660269849 -0.11065727366076139
-4.9350542370339685 5.493358714971265
-9.539688745399097 -6.46900468833945
7.956608566788269 -1.518291734572692
9.338742643455287 -1.09163118956927
-4.436851514713027 -4.992251846393687
-1.1229416263610386 -2.4288135614172734
-0.7222641624552057 -0.6421908756192867
-4.850425698744236 9.3301682364905
0.6275075164142407 -4.5775733516457695
-3.0144909919417096 2.766000095152229
6.390722222057992 -7.03933567772652
-8.739476595544646 -6.193050719891833
-1.2674728803499473 -1.0419784264043823
-2.215457109865917 -8.160943816463892
-9.858716058422573 9.290611584443578
-3.2477945007456217 6.295399347409003
0.4143001962267263 -0.6474103457437117
-4.740664716807541 -2.563984675052491
4.03902301525914 4.3058023777159615
0.3437571787383682 2.166349013223666
-6.916614539240065 -7.577883804393323
6.235812214961143 9.542426675507414
4.771674410333448 -2.6384613235624066
0.6887415665674901 1.4929526421387944
4.749239184285196 -2.7050301737082822
-4.180864201446508 3.979593704668156
-9.787572956905773 1.6123466643141882
0.4773129075850058 7.426883562919016
-5.590393862896104 -9.093470284805463
0.3591876878159823 2.9883757726384594
8.067098098873242 -0.4765815660972894
9.610972071706254 -8.614983383799666
9.550156651290568 -5.86857115926618
6.5751222029250265 -6.593561837475345
8.061603114061636 -3.716097399601683
5.179808449304609 -7.157966343057409
4.1115583626547885 2.6961113671654324
7.255697619884774 5.527475005390057
-2.061692555598733 6.748772994440159
7.389019627078039 4.073735348461218
9.33005083543144 3.3884988350445653
8.199721277215964 -6.223945049723653
-9.602687781893566 -6.642830762536938
-7.118571765816213 3.3608042816043433
-4.980520008812189 -4.845492046043973
0.9507578466754616 5.686870116247803
3.090841053043821 4.234439829089089
8.739528955945431 9.583210501485699
-3.0215274477599685 -5.9973399860721095
-2.452390176093882 8.571777071643368
4.061110819327084 -3.9187911047283013
8.127288981723101 -6.63698935678064
-1.9179581721171566 1.812319872821174
1.0944045565936555 -3.969044977055436
2.9825240459619984 1.0138316732620982
6.7473308181780745 0.0052476683465574325
9.167988053484553 -3.8387421316154535
-1.4935416640802206 3.9396359910127714
-7.39001828851973 -9.029517555472129
6.012350835767222 0.4662212243182786
-2.105922251291754 9.355301956649605
6.087954511498143 1.0080807260628362
5.016758942815036 -7.009679439346163
-3.0648701741574325 5.644608517370653
-9.682075562072752 3.433932121728329
-2.6577230395596496 -5.920059903483894
-9.639510013855542 6.016255367574097
3.4325026656455435 9.941061517417374
-4.99601037893076 -5.566258395090882
-3.8801436701250402 -2.748671910516956
-9.332350979682218 -6.865045080302625
-5.279158217637267 0.09568352602936692
-5.326947066733483 -1.6335586167574938
0.013692461174979798 -3.1819058238083624
1.9938219801992147 2.731573125811096
-8.96199443660077 2.6591961997841302
9.779543942970971 3.971260336216167
4.706220754873389 -3.3291039162845415
-1.0086004940971378 -9.091036721151266
-6.482166321431285 -4.038856761409441
8.737578961118714 3.6321313931991277
-8.4978496056481 -5.024380900555336
-0.03097763597314085 5.165499539224253
-3.642208005903596 -6.400619280952626
6.626042690626544 3.6600724416300956
8.160337496450836 -4.185933955629169
5.063759474802179 -3.3335915272221506
-6.180007898894855 7.643787917562911
-4.523504895065413 -6.203770839908631
8.316470356506088 -9.563403921197654
-0.4040077402225535 0.4817415693710565
9.90873216134148 5.7684827845073166
2.4192598071096434 3.158802425749327
0.7163175624552522 4.497865291585288
4.370257000843976 5.102349075216852
2.5169241519560632 -9.615456868081814
8.86183613094903 -4.452296449474624
2.153250835922087 0.09379143408949275
-6.598328108268127 4.026496309558178
-8.825179088597299 2.536351778339432
-6.296249962852136 6.987751671107958
2.631027197542009 0.5948705925142654
-9.994702314398445 7.565503575983698
-6.643936233529297 -8.300018886423041
7.798102959963984 0.048314039346148974
1.4423374305677115 9.874293597094109
5.930423437845748 -3.4376785565942924
4.81295686779027 1.6305381041279787
-4.700930237614744 -8.924566247873315
-5.3369799349885465 7.214710995905321
8.978834059204683 -0.8160268056910969
-7.909189132252045 3.31932195516921
8.828888827163393 4.930399137286008
2.375791121258157 -4.932765951450788
-4.6232492106808865 2.2454384705286117
-1.843914569446385 5.148950636217064
-6.780864942420459 -2.131079368328084
4.5580858531893025 9.914273895575306
7.826496704585576 5.3858778843626816
5.558920254468125 -3.5591331302532154
1.0950809476546315 4.879720363664934
-5.291787703777633 -7.502750546381525
5.756618795787439 3.4869232842361626
-6.090788479710005 6.444816127157857
-8.566295424050999 -8.94350802112432
-5.558176678615856 -5.938095172571954
1.3072562210303644 1.9286261922633088
7.477451876027057 -3.793880455933243
-0.4425059606676953 0.711627529046563
-3.6963431393678725 4.901395592147006
-9.445114941763272 1.8893876185609049
-9.28164619605016 -2.8726526005515796
5.088222836941426 6.376613579872956
-7.503725166055222 -5.138076739482502
-9.75434386749916 -1.1558939708103324
6.4848433513107935 -6.678212412625449
-7.169031107326145 -8.92857884184493
1.368412294538338 8.302405039685489
9.271949301822328 -9.102739656187193
8.926791027677542 8.869786690937616
-9.545499722256409 -3.4530767345490387
7.980624326256564 -0.42907751560123586
-7.766209957632415 -5.199124796273775
6.142275485717985 2.583642064880099
-0.44587032883258004 5.2798362385612325
-1.6890047682912783 6.34828562326501
4.589220815063815 -1.122966313315004
-3.6694999333276312 1.4531970841809372
4.300102391385067 3.0034452860005736
-9.517805354168537 9.283480037726253
9.258998678460223 5.162225717035362
7.630592224694176 8.737220614064277
-6.1254661127217025 -2.7286210384860095
2.7125956673095057 0.5126660577738491
6.424441195062062 -5.408713419036026
-1.553047314515828 -8.30771239109982
5.1607549634522005 2.192350202104194
-6.545122969479424 0.628317491654089
-7.091827741236187 -8.396311237363353
-2.8657855510693375 -2.825169038188264
-9.842747393294257 -7.368071931212348
4.8935516902372385 -2.7189180286303793
-9.257176663741689 -7.2223516956504685
-9.844911921119479 -8.414260287046593
-5.6900637781862295 7.539234497675459
-0.27521173909790875 0.5925206904324742
-0.5635857324382023 -5.615452253790549
-5.769616811529343 -5.654483899073146
-5.89385317160257 4.172135551697933
6.365338899296937 6.426637084820754
-6.567574919938326 -9.891440283927473
3.109007312114178 8.455976714896217
-0.7623638356408868 -1.6882133978462157
-4.528882855556688 7.986259208843244
-8.551334421708788 -5.402986823429727
2.2153624928062037 -3.4386666958256846
3.646287657155579 -8.595391028524727
7.3439994924707435 5.988184544718546
5.972294126273317 -9.653788851449576
8.252050670183845 -5.9930519880204365
0.10518711920918022 1.542749829213987
-4.1562805799035 -9.809232541847761
7.22759644557571 -2.860360136540903
3.745210312348826 7.5729370448922175
-3.2035556317977187 -5.040593631572072
-5.649114505315698 0.5731462471559734
1.5807015116069891 -8.864427309261018
2.154753507620695 -0.6198866366226561
-3.531502996313238 6.731527277861076
8.725506213169346 -1.5593882542959605
-2.372362806499244 5.391577133819787
-4.413951944669305 -4.187228020771232
-0.43449958422192836 9.973534583711242
-0.721592398953474 -9.312128481580345
-7.395152646295806 1.0590477543701216
1.917424566584538 7.312994988656328
-5.803371242279831 8.605422100897712
0.5877417750647531 2.471790031663465
0.8501696661182265 -5.510241173759507
8.01212797558247 6.695389912487293
-2.8191213907208557 5.123797709849651
-6.568718326840854 0.7569111369126968
2.26014425603249 -9.596984745097586
3.119101966429348 4.160737511365811
-4.958944119871314 -0.5755131360722938
-2.8317275896591587 4.67675178111107
3.751716621314838 7.2032154044114165
-7.21674935359673 1.0938746907912495
-6.688861277295388 -5.284693445889401
3.9897694668475516 -7.348522665855446
-1.1195079693717513 4.575504691486813
2.913299050726497 -7.5003531449168985
5.461560908188954 1.6544173563570634
-7.233238902541636 -5.316074925607246
-7.05688572893224 6.03917974556682
9.268345009125689 7.0966438422974605
2.2823624014074912 3.604129313697161
1.2517414824446487 -1.3383018224716707
-2.135781041473628 8.575440109015172
-2.170410854273886 -4.971205327732919
0.044066873437440535 -3.6398974284478847
-1.5825466556202343 -3.0926670762576336
7.39557603401234 -0.3232666746416246
9.951811769120905 7.924054451879229
-6.943761129230726 -0.896547700812679
7.629942709448311 -1.988090896263401
1.4236798328453855 8.273841098134362
3.7242522261266267 -8.313062099848436
4.854473804083137 4.405926028717474
6.7211220908001295 8.596941941827566
6.2408098796724545 -6.384162005465736
8.689232294866539 5.825079380381634
2.7948507911681997 -7.19292462429337
-5.291462067063484 -2.3787347868467705
-4.3271340814311205 -0.4170782635153447
-0.30244989240864584 -5.846572578665466
5.906032802767502 3.257970736997791
1.3435718109470756 -5.1031082232768
6.123541140301658 0.427473735844103
3.7225160071198378 -3.4571495113567385
-5.449021257692317 -4.083335221119042
8.100029583886638 -1.8368460982217591
0.37215551335818375 9.379802126146892
6.964537784221008 4.135326177138589
-9.896574167834792 0.9719771628274394
-6.801558301345967 1.464741701237969
7.142728966048093 -3.047630013385996
-8.768771736111354 -6.77885170571404
-4.325602596505769 0.23157389578133447
3.8127628757114618 -3.570203627571815
-6.98366680036874 6.388379740677813
4.996396416342495 -0.5698035002431538
-9.871646139749233 2.0937331329670013
-6.853585319040323 8.888508999093276
1.8120934572362675 -9.667271171710645
9.64808646055575 2.641747082337462
-6.895157108565517 4.753748837548814
1.5896161545443892 4.3044677780630565
-2.8430125689202113 7.668771862496591
6.107280792929526 -9.242413624617797
1.7401815867647805 -3.4735975623413022
-1.1438417921705835 -2.692777835027398
9.46247510400935 9.80401731017922
-7.58854307162772 -5.5634461957713555
6.46394404865843 -7.897195466917055
-9.757106586507335 -1.3850134366085403
8.796353350042555 -3.61885106532913
-4.947621362686922 -1.337644859386085
-4.891650419153142 -1.0692268959027018
0.05201905284396169 -9.637995793236092
9.086803834965892 -7.010660412809557
-5.794139411009249 -0.5983150055100879
9.614707236414375 0.958567873718831
-9.216638759320027 -9.767510325389805
-4.697388698253597 -2.03911451966105
8.551696533907656 -7.855142612762151
-3.6288779041729775 -4.476919781161584
5.063220078550792 5.767284431239384
-0.3710342080238149 -9.990760859367956
6.9491434057839 7.962966823773169
3.312446975284205 6.786555780598231
4.253930144405176 7.995349704977958
3.6462268908612128 -9.784685805298142
-3.952662035062426 4.2224633059295495
-7.730699359269386 -3.223573814234479
-8.447420363481012 -8.022526134741044
-4.5242488344285325 -1.8006805361533207
-9.023940036840468 -0.22333951360543658
-4.6826737889490815 -6.10207782074037
1.0385527958500536 2.7000815932477416
-1.4849730164112849 3.874549840506848
1.0064325459182974 -6.7633554102593845
-9.222182730735817 -1.2548933436655734
-9.2853214954466 0.16666752788926686
-9.200554364615968 0.8409614911248937
-6.6120769142916735 1.5780099788864312
-1.1816017311671914 7.052664453309806
5.418254016560425 3.27277141156015
9.473876510989065 2.778256216644621
-1.2861559679147394 -7.745805144987203
-2.869054797152555 8.332696695166085
7.305493400325744 -5.9899103486504846
-2.299133803582805 9.932747167214401
7.2936975770782695 -4.538072094228827
9.257725446599917 -9.583852106148537
-8.797069005718507 -4.28209095595264
-4.658110099619308 -0.8887283292622339
-7.172339257984827 0.11154226740975659
9.409404886230565 -2.9467990650276725
2.1103155868003505 3.040311173330565
-0.9563435483313416 -0.285903298903218
9.278588185538396 8.284887476270256
-4.615281641715619 9.918277351341324
1.398757252521893 -7.806970028486044
4.6861384353874485 -3.708097003851652
-2.7693340808124445 -2.2567307315813467
6.216410426120756 -3.3153277364590767
9.26504036409299 -6.164368439591907
-7.833775697589989 -1.057896616134368
9.316337305005025 8.022062630184614
-7.157809518136586 2.8363131172841243
7.981500644341203 -0.26299229319076645
-4.493657613591919 1.2013217894255064
2.2615345646318303 8.246947943166955
-9.533284372373515 -3.025535726227549
-0.7085372161158698 1.6903975509151437
6.353353503340603 7.114513843393581
6.330135552098234 3.5602325532392864
6.972284102636856 3.3957447426959604
1.4589742834542303 0.9005875775674266
6.102618277049039 4.024777336338657
-3.986884638585442 -9.535971440213768
0.6049089649711128 -7.031904790566552
-9.627706580397744 -0.3734864244306557
7.301299573616056 -2.9708270546768656
-2.2187210978559353 -1.1891998081664905
6.246887199864169 4.494334813244297
1.183871555292832 -3.2841595590257437
8.308416238452836 -6.289842420841096
0.4134647674616527 1.6324080339881242
9.651575918293464 -2.2185769608484147
0.4900110047404773 -6.847669692505891
2.5628946002538093 9.513718359135865
-9.512021680669708 3.8299125899590276
-7.7282566875844205 -3.384931633718276
-6.576563622102272 -4.326076652224979
-0.17716132587001887 4.2554004186229495
-5.737086338657367 0.3611888111678283
-7.512008347652532 2.394117561468194
2.854262694086085 7.742528736926339
-9.49027355745085 -2.092061079488019
-9.939570153391477 3.897618310996357
7.165896819229154 1.4479127427440996
-3.761038167793032 -7.830320057022888
2.4356041065225913 7.011747883046716
1.4452687367178427 -6.458217177608072
-5.084349612347574 -7.606706552882942
-1.2697821813825385 4.229971229912708
-5.270744610699962 2.88917100564257
-5.632387395965861 -6.4537372769694334
9.707568120415136 -7.049435580015118
7.752717472500393 2.4692214008796682
-3.5075067799266924 2.041030229376732
-9.506739746526225 0.6608803730994062
7.84546618508114 -3.348760321269264
9.667854985309134 -4.484547786933217
3.6916018013783525 -8.283132941618899
-8.544574370738342 -6.952665697042
3.4960763617612756 -6.934859372888688
-3.5702944355568285 3.1928606606590613
-0.3228373659715693 -6.937973063333988
-2.64231363857194 9.274183240460026
-1.3040394971304803 5.892208573243183
-8.150204185540646 -3.6510474403149136
-3.9431479018407707 8.129859531678427
-4.137241617928245 -5.1406923822346995
-6.225131462826532 -4.472618524216161
5.014591610363846 7.2862624732203045
-6.316545637461273 -3.6389718179397557
6.544905290384605 1.8137098990594858
2.7710813171058284 -8.523981064820346
7.85009191151196 -8.869195690609226
-7.447526435424081 6.954236049547433
2.1961115947721215 -3.3506098789648693
-1.1430427543506099 9.58183346346489
-8.61990190302743 -4.741356512248807
-2.0368162894836273 -1.2346706734043984
-7.71701795937757 -2.251826928839103
-1.8736306186651053 1.6496788784943224
-4.819760753274773 -6.143656904142338
2.455435554611732 -6.047864487065791
0.7772446265428137 0.19868341784618693
-2.912935341278809 2.767782465661986
6.994025290188453 4.949946563121973
-1.9450907868843252 1.607230223106228
-4.489558375167563 -5.016626805297739
-2.8580914596774747 -2.2444716294006106
-3.867674882895056 6.460672809672637
-6.327534633317978 4.539675692753997
-7.1241500533867015 7.713110895030965
6.686672479360194 -0.2628955278163847
-0.32215729360490997 1.2563065778981404
-7.656313129527175 -5.7378579174663535
-8.782551208201411 6.769857488854765
-7.105164390127065 0.5644974856273226
8.93669377643523 -6.725901490890371
-4.56474563907345 0.6696728498189692
-3.7835531748346884 -1.5098548417421682
4.43439005621919 2.212300385530721
-3.2924067866787894 -6.935401425577126
3.530562608781512 -7.347776216804569
-6.168125419559988 6.3992281232239066
1.0529385864064196 1.6715068680684464
6.397911833712943 1.953525601190389
-0.19857803309012212 -2.8445103020052187
-9.376654926980518 1.3227722580987091
7.033733347011463 -5.322689445086577
-8.487661064841648 7.337724309042848
-9.809447969941662 3.7258869737324236
-1.7721513259005235 3.783575125527319
0.016361502040179943 3.8487143287908587
8.524255615880868 -2.2401527552067098
4.327415322664773 9.48296520058586
-0.8716120088935959 5.628307375363109
-8.31266784965511 -3.435184014613048
-4.980828860334034 4.634701931302157
3.681521449120371 -5.648513587432316
2.242420843643128 -6.728012382473669
8.775356237965262 5.244419794346493
7.118175414130668 -5.48617830154956
-9.24361598414934 7.121333982566636
-8.373488687964263 7.158184074545289
-2.8924373503473504 -4.754932992162047
0.05892781745896514 5.1373993578052115
8.634224529583477 -6.540677581735568
9.265445881685778 2.2005417580199946
9.555081899659406 6.845621741515657
2.6080692432588073 2.4418218726588528
-9.022053271364097 5.324986502399412
8.375627311208568 3.219706500842852
-6.601689589438937 -6.751451206475951
5.842082438722368 1.0225152553086208
-9.75209756306844 5.857222720664456
9.710689367593307 -1.5571931208627614
1.6699306431080139 -5.768969982766306
-3.1707317739040626 -1.6013554172806543
0.5403064329314855 -7.944093585182674
8.989850971757804 2.3960272661604627
1.9502802333596456 0.6202993876270657
-6.137191219767153 9.334672797196383
-6.66712447426717 -2.9919594859328003
-6.866983034797762 -7.864257539000894
8.747779745694405 2.335709394270598
2.12278770461789 9.828544674864713
9.499274825899406 -9.676036110994117
4.767516249377856 0.31112253382392296
0.06804192357821393 7.1954904228800025
-1.2002108420891915 4.2944410124490595
-2.827880206855811 -6.5639905264569665
3.055442944053393 -4.256055176505951
-1.683770997660547 1.6165292528560045
-9.145162037971147 8.284049601939671
-4.398009114008761 6.223365477072072
-4.803067119893798 6.638553961380435
-9.711723648517923 9.375940780402267
3.0088995802643126 9.248126944520848
7.7993712921851355 4.376760421341908
-9.702133720928183 -0.5645945964760521
0.9909635128807146 -6.750604980539247
8.473651577265677 7.9688721961789035
-8.275635576198654 8.132637168270506
-3.9376935581757806 -9.6008909738279
3.7812012111423225 7.70253765792134
6.955022246883942 -2.5666181779377295
9.621472214257068 1.4317386818089481
-9.105973530612006 -7.066430580367012
7.708245015044351 -5.373980866309466
8.465480970985372 0.5550541026633677
0.6461208131744627 4.3763362855543075
-6.40094822299557 5.004474775158421
5.683584741484173 1.5280880228629794
7.45758056673052 9.5534232146704
7.071925060257584 -6.1241495851805645
-5.3493485629883875 -9.582516978702946
-2.6214742799388713 7.827528414846906
5.71279844093354 -3.333110455320602
1.7794111493609748 -0.4898092394520841
4.410178616191585 -6.857345378974342
-8.438207400364572 -9.962494786928493
9.70324571358595 -9.325363637867811
-5.761636875240539 -8.486664602407657
-2.7972845488083298 -9.543502816164542
3.813397870648018 9.161827222257266
-7.356995898075089 -7.548624047038834
-0.3250527392764351 -9.2624505275989
-1.3820974273936066 -6.311396320715472
8.163621114194093 -4.846599909438827
-2.4257022338795142 -0.45631244384405534
-7.0508711862035 -0.4717517564429041
-9.603063992011672 -9.741690741014551
-1.4252860072895537 -8.768350183570577
8.185919712326623 7.21499548317253
9.709161863385972 -9.262439572369537
-6.650269170131143 -6.0131504709489025
-4.095441405649911 8.6637653650746
-9.754031611209218 -6.755947528635398
5.606208948375574 0.841250347943598
-2.310094164173762 3.4643590307830845
2.2806889287712355 0.17726475545761033
-0.5429864366097839 -4.453669697913803
9.185373084128685 2.567315585302655
-2.916821387464104 5.898690940763531
-1.9991697510496902 3.490076058516056
-5.282983899522398 -9.875398351775857
4.853681308220716 -7.803974358406651
8.48209049127432 0.7177935530845936
4.078068527597569 8.71920655271948
2.201925139732703 9.407761618429731
-4.060580276023376 9.847967791782192
4.555023837343409 2.5605637494002753
5.4260117520016 -6.746238948927237
-2.6307374951418883 -8.935978765558929
8.686224130349519 -2.913818437919044
-1.1547127764285303 9.890102288880172
3.528121108710323 3.4792901879537013
7.22746599877804 5.361160988384819
3.359033754677835 7.101455415367962
2.663821911240831 5.179835301212027
-2.3469207072820026 5.094769635519349
8.489874705091733 -5.749859911342288
-7.607318825254136 -4.784163573918105
-0.7937760956762538 -6.064769627945708
-5.817374449612838 1.6846964413783567
-3.582500538838236 -1.9073895677826442
3.5485364531779453 -8.380617910115314
-4.636270731469921 7.810478696827051
-6.23805109661337 -5.85737150184795
5.5198273461465845 -3.370583403572665
-6.362559999300659 -2.205235370698462
8.181335804568537 7.82221459180932
3.0872692122783683 -1.9302746191444768
-9.258294208183827 9.623529833299525
8.645389226177414 -6.254997788685566
-8.655232643374058 -4.842070455334397
6.74109703769906 1.1574890464232368
-9.994658606286539 -4.743203575231291
3.412682136669872 -5.6574816612579575
8.035661018541582 -7.1887234480041196
-2.212712573081321 -9.729758450307052
-1.457052690870741 -0.42746235188050363
-3.401492195973203 -7.404928836746148
-9.254957169695132 4.075042619224066
0.24742936237876734 8.854929980842265
5.1561086977473956 8.33905578454836
-1.8874515243473127 0.015577523789305658
3.9124133141311788 7.90490399647506
5.362417439168388 8.969422662768658
5.4988698358365475 -5.947053754915443
-2.7676974192941906 -9.5582705123619
3.9490803363178912 3.471708821659762
8.008886974506332 3.1156216465475595
5.781583156535479 -8.129281999235955
7.576789712658975 -8.152647735629683
-8.329966012075003 7.415907964661329
-3.531468255827958 -5.772300691537113
-9.03166139730538 -4.677222223769055
-1.3147366358264438 3.889794931463319
4.1328387777237765 -0.4949367270714138
4.815580106838651 -2.8484549392463094
6.129847051481171 6.000436543107131
-8.197061410881695 -2.1078702255130244
-9.662022801907339 -6.6496268003666925
-4.780602281369639 -7.757617716916552
7.555756079197913 -1.5483212742508812
2.7088804776136826 0.748941067737178
-0.287171094921737 -9.834571157326685
-9.41471889406414 -2.8347039613641067
1.9120986044273636 -7.233976236439994
8.674761757138107 -6.525710430957403
9.424047331414048 2.472423621672558
-9.005913521786308 2.131700196278265
8.205068730781427 0.4515333475404564
-0.7425664257333011 -0.6125749569322263
-5.339039028508816 -8.445989183548148
-5.499662187437688 5.488954109996758
7.2115627479246385 0.874350964852157
7.459091731365874 -5.828155482429449
4.040564395737665 -4.77792429348848
4.73855172441267 -8.425411816626404
2.8837890969992497 -2.1711502797871463
-2.3200199002441764 -6.407265737440286
-7.8159661222336885 -9.567759672760793
-4.247877154231501 2.0542602335859783
-4.648862092898598 -3.204590304187196
-5.003761754539193 -1.0034906404596668
-2.255841802981429 9.457553013350903
-2.9477656726236052 -1.5002328300612096
1.231558624136479 -4.141740173251756
-5.682912596555713 -8.890684261401205
6.320858214903492 -6.592682299336228
-0.22002067665539826 -1.837312251434021
-2.5658590499481075 -2.263970292561675
7.322780260127001 4.161279920696948
-2.1553738459552125 -0.336260317916377
-0.6696973187059729 -6.547348977873284
9.88370963635721 3.7715467116773933
-8.72010535756203 7.855466273734713
-3.3107670896684933 -6.008195824954862
3.028149514963907 -7.022448209526138
7.861173738078147 -0.9795080695941643
7.470239228959869 -7.273683152576345
-7.63260671127129 -2.2788792086175675
2.01558957971573 5.575781307636873
5.282139633094198 3.0794231817966384
-9.381115794818943 -0.18476321279219476
4.6091113993940525 -3.8912394376258996
0.2969432725361649 -6.267087733842671
-7.960564410600799 0.18034443223504937
-4.015592541560871 -8.855557691211818
8.634960710277099 -3.6849978565884056
-1.258751260175666 -2.263933978309012
-1.9343753775449724 -5.476537421986114
-1.203010292719517 4.772831994594458
-6.612978307870461 9.040331260906772
-4.526755973609506 -4.086996192044827
3.547549264341015 5.7336645411139315
-2.6129528292570248 -1.3658987511471885
-7.998324260821416 -0.48728736437901077
-3.9552616837257393 -7.575295777247593
-0.06751022183049216 -2.91918955881739
1.035415939468514 1.1201143544079422
0.4138638000407635 8.009537965424563
-3.144470673129545 8.68777174677064
2.1040065036203046 6.0959259981120475
0.3105384775033766 -1.7022318816703894
2.7238624933838445 6.7139773462743015
7.02811530375903 3.832731511480894
-2.417136407783726 9.332765324243613
-0.6488985846597153 6.115737633152001
-8.642568957980167 -8.987433960742077
5.567571846238726 -4.150068796249517
-7.498127319594374 2.265985253114202
8.550972208373992 -3.1953980082492546
2.806343627405372 -3.856401692096087
-6.973043645032925 -6.747023336456168
4.123094211230061 -0.7601827172922029
2.918458985926353 -0.5043051692473242
5.857587522333008 2.151866008946346
-2.0699597745233556 8.771131610337445
-0.6280299918124488 0.3564522936102037
-1.6006969964771791 2.4881516470157052
0.7370468700384247 4.6673659254359805
-6.503782368032962 7.746033699590484
-8.748225124074345 -9.20863696634331
2.9664288268986976 6.5821956592549675
-2.3526957162232414 7.343973881909232
4.436792178629805 1.6329429371204789
7.223560608074486 8.430458579324998
-2.228319124560157 -2.69029027369519
-4.548320316364856 -3.911919711846153
1.0295656174536667 -6.170038704031127
1.894125234076121 3.940008360365164
9.946783821830355 6.585296675684205
-1.2905380394601131 -5.152527579119328
5.301468462502948 7.926964741929364
7.332671873348719 4.586472227631887
2.8278699070191404 5.5164881102236425
9.455657219284781 0.5023142582792026
8.37128576613005 -7.509969694676945
-1.4021702063763613 -5.723695605749306
-1.4048984143671888 6.124881357900655
4.234399252801369 4.169501444317747
-8.980725869916482 6.44089413379583
-1.3608075933355153 5.767724698727061
6.429630044163993 -3.3704383121032926
-7.3145799273533285 -2.8745433615647027
2.0265914141013823 -4.233790197435223
4.2737967180441 4.76595435640656
-9.020172191160274 5.991112457227057
-1.1642408747373683 3.0291782767029787
-9.36256007635247 1.7691942505824905
-5.905459576133074 3.403528013526831
9.722734729509362 5.170044043032259
-2.2737263200127433 -3.9465439749760893
-3.3465979673160113 7.259384423329351
-1.904645965043926 8.260991848671019
-8.931836148956087 -0.3217141878255365
-7.486189081894263 -1.134073558717656
7.177191685117073 4.501472549564639
-7.564951477388928 0.7990361106842983
2.765564471493665 6.980620373099427
6.930477514955562 -1.1410417632660756
0.9568346346703436 7.079049752009322
-4.679532118744591 -7.964597078208007
0.5922801637065582 -2.564095822359274
-4.6543550699808485 2.128666047706531
3.860984256182542 3.6524159877748446
-4.115137720819693 -1.2042120320642695
5.998964036407459 -2.72262469095351
-1.5132338953967324 -6.423399140397121
2.4108469947977795 1.7185888765273454
-1.700378493713007 6.000037279365046
-2.565431280032227 5.720492198474279
-9.895930803134432 -6.4201703671650545
-2.16272392287308 0.41445703952123125
6.461583135588395 -1.7690714122246831
-1.0387432291542886 9.453228277862038
9.034335448773955 -3.2283449788262235
2.663085865084831 3.5800740063628
7.004508404808973 -3.161557892056015
2.5300012285151894 5.257155199659689
-3.469749513530096 7.360802764734444
4.2141179440759675 -3.488536001281255
4.813651401311336 -3.9057981081202353
3.6549588036918284 5.716570816973661
5.072407569962763 1.3644888030012616
-3.988959147388007 1.0549196068577764
8.390171891423506 4.810165978453282
7.745144111865741 -5.146173107666372
5.252114381778714 -8.604098603242447
2.6688545017638 -4.982882082609727
1.9389203739269316 -5.522767399238049
8.241223168360815 8.051492374095151
-4.060083569660353 -4.153404588488021
-5.30546484443243 8.476780432475916
-0.45612403273042723 9.20147297998729
-8.969920989885289 6.55065279081996
-2.302750750694975 9.242280489436297
4.096026882096027 3.8812378500365448
7.126496672868651 -9.037630140797962
-6.723257276132999 6.794127438192838
-8.785598721237815 -4.085233592344643
-4.357211648319974 4.6144882361760775
5.7384657832556645 -5.489235276054365
-7.993332589522357 4.037081161378664
7.822107808750886 -2.072930886472772
0.33636472012457475 -9.152106043854761
6.013467584768268 5.483530497178551
5.945555345303541 -5.811370065618256
4.092236100005364 -6.407942674154081
-7.800561678376983 -1.2369740344288243
-7.350013866259902 -2.23371978440343
0.5228171916129014 6.4548576846215475
-5.261198169029946 9.138138494090558
2.764572972859023 -0.28768018223618697
4.734801010628065 -8.7843830223874
8.725580063083367 -0.16101842918096843
5.637822345343505 5.38164589604429
-5.518474785414238 8.554234746438844
8.643891102373146 2.4901715977252366
9.93794807120172 -0.38060668809920273
-2.9919025406214717 4.594953228021982
0.5016064964277795 3.735792582503807
-8.63134923644557 3.590865080351456
9.060756328061807 5.006938285331486
-3.2016598457965113 5.442069680703002
-6.485272952346448 -4.006823238216879
-7.4594959460819155 2.8219937675353695
-1.871190514967548 -9.167926068750829
-9.272064105716538 -4.205510211343492
7.743135411632409 1.403049278573791
-5.816968706227628 7.5170147773518
7.582704095727834 -3.4055998249631685
9.226480749178663 2.117940521670416
8.308492868600673 -0.506702277918043
-2.8967492183195738 4.173816777419795
8.417455472011262 5.844416323082424
4.689179848070426 -9.244634046570635
7.80581375793469 -1.764866931150209
-6.6332709457938055 1.3549854637299852
-3.76839670548679 9.914757931522107
4.728344855492683 7.971769309351998
-1.1776047320110639 -5.797341678968135
5.334351488566494 6.094442418646949
-3.802447849234472 0.4202664034149102
-7.116736158723553 -9.319878978651007
-0.4672022265982889 -7.780596990720214
8.028441825758094 -9.066298082005122
6.488615093266997 9.101931043824006
-6.706496450776809 4.397898476737332
-1.2611760032640724 2.796410677294155
-4.198727174269874 -1.0067844482845008
-6.097178289538238 -0.4365915226465962
-5.545596541599527 2.1385374139223003
0.8458653508464629 -3.1240888438106644
-5.308760986067666 -1.7880652488073103
-1.6573926459495976 1.9513566301830227
-3.9033617437849895 -7.928655908351794
-0.09223734432323205 6.7385202619010265
7.077527675693435 -7.67958076687556
8.287066355465456 9.279754784560847
-0.015852385368049227 -4.463263354699974
9.66993521678399 -1.3271727272068716
3.559463666226277 -1.3651698515114354
9.670368456195288 -1.0664390513056752
3.6883457933311075 -6.390239912474831
-9.857603614942462 9.121825492531826
-3.118774271309337 -4.901894309779307
-0.3931987136088466 -4.683725507375842
-1.7869426443304253 4.709665357502901
-3.0836520077184755 -5.211269704336967
6.153720399971604 -9.160072696905083
0.6904869349544569 -8.964754177570985
-3.9888612807930794 -0.435340049551618
2.4041993391352072 -5.969823504546219
0.2679017518647253 -0.7041918731391856
3.1724590275488076 4.743926067452843
9.133025666980885 -4.684339710140632
-3.390485095909554 4.039964155200131
5.95812765877014 -7.024642237077812
-1.0156188951369227 -8.247703748427938
-1.542954355895386 2.5814162060319834
4.513960979581837 1.612231203268868
-4.263344218319595 4.4473248541254655
-2.0356155718711495 3.2061802994479756
-8.60004714999857 -9.92339247607353
9.707256358052586 -6.548407782109624
-9.314839979352074 -5.5724477465585265
5.453793944849837 -9.442687523972062
-0.8608729571621083 9.081448465540895
5.735470558737013 -7.120081353973299
3.357281478789794 5.264832239133263
-3.7563417471074922 -2.112977579012263
9.557772195141222 -5.153457926392715
-1.304899624639848 5.673632545417135
-9.526737298156043 -0.02034739210568226
-8.743395176578064 6.2771098231769145
-6.956036759528972 0.711759541711789
-1.3321261177580936 -0.3657755388060835
-9.781466792033617 1.3583649040087398
0.3944178219847867 -6.988299626777286
2.616084260063632 -8.877622513713321
-1.9979872686205962 2.335543024743261
-5.251576961478288 6.431446176802265
0.03555921903008574 -3.4293815655269118
-8.986018386395582 -0.5047391479915362
-7.247646759288859 6.756972157902311
-0.033771828873822685 8.459713824948302
-8.120716912303866 3.339117784331716
-1.7702460134339937 2.379182675503097
0.28979649084843473 3.1116731897214915
-0.6012396241086755 -5.433072222128716
5.216460397359494 -9.502913800775373
-4.020609026692641 0.2809675856650333
6.464045754097661 6.214707626697638
-3.340390789969372 -9.194795755966403
-7.660777118611781 -8.140145557521167
-3.5768683935558876 5.107669214847434
-8.498725118483375 6.3331483676837195
0.5063717422248377 2.575680144461092
-8.559340901561344 4.332064715263757
4.016729825846504 -2.2300639562337192
4.004093452258601 5.361460241332793
4.505551312838371 6.170943506208783
-4.062258881698694 -4.577610326827761
2.7774336641687807 4.7077657323497295
8.065314851858933 -4.424544671833219
5.418794491480403 3.7673449007269966
-8.892768976589242 9.226055538330026
5.209441235530868 1.3796799719494768
-7.578537694957326 4.5771512920588915
-9.14026380421144 -5.147116404772259
2.6754642958198076 5.997642958070255
7.345598866605762 -1.562891402570994
-0.43144257472657443 -5.69890162012266
0.8141783335988322 -1.1333395597002198
9.509495925378147 9.3323286905053
-5.823960492824609 -3.330757042390191
5.209474515147122 -5.529440376787855
-6.6872215228552045 -5.469317290332201
4.160779383754434 5.552084678449161
-5.904024799246326 8.019400454376303
4.130993351368113 4.764298630891542
7.433603892802907 -0.6993225606606615
-0.7338919922504097 -3.9172650702853424
-0.6565328620735595 1.9195904187407038
1.782420632831517 1.8796048597403363
6.497018913208741 0.8821018818502946
6.03485280783045 4.676775182039801
-1.0858211740004098 -7.564663133699405
-8.261920763432142 9.51449315552242
-2.178045177112187 -7.843988817060074
5.888558983639491 1.5559373855841407
-3.247656360529117 -5.428372412911622
-8.083278700474354 7.153909277818048
6.12357495505724 2.7517847138623033
6.197336303763276 -5.114503444928637
2.285401960384821 -2.23166246983463
8.82948868273174 -8.841225579070578
-1.898836444659315 4.948039284299341
-1.7692005190099298 7.64548369628033
0.31634184604637383 6.517406945220962
-1.0995930092720165 4.3804208373924425
7.25097619472638 1.124185365043564
-7.475187162710095 -3.975593309494845
0.792617968466363 5.887071479365879
-2.0515687675298473 3.9991601959983427
-0.13049991745266887 -0.6057351591772147
2.64849096829926 7.099063336982827
-9.3275539309213 0.8392719210169979
7.6762423767158126 -5.257405209019166
6.219476675872059 -3.4575660257682443
7.6319037897806155 7.466229987719192
-4.268324814254889 9.402605829023837
-8.841471414209234 4.525230841026593
-3.003213773816647 -9.443316027225091
7.35062410169628 -5.867729673812185
5.412552665525203 -3.332896766900653
-9.202820169135 -9.480071968629332
0.21509123530929486 -5.711109225991445
-3.070128763762064 -9.171753389062518
-9.846594391871783 9.565346526797153
-7.6925518343060535 8.490895490447912
1.0032383003161964 -4.778763859544261
8.86153949831538 -9.84887795829605
6.5655357287177125 7.413618073538181
-6.900485170691903 -5.292075919593189
-7.290801098785831 1.5297433207662579
3.940069023221266 0.3563903390483887
9.13252540202317 0.677998204156772
1.4055015548456034 5.873374770128377
3.7968382390735265 -7.403915833810171
-7.08704523324583 -4.098758688172646
-7.609445018834739 -5.94490537716263
-7.096296634491175 -1.2954773135170168
-2.7393938020370427 3.721598180415233
3.863625358186269 -2.989777893271941
3.1291096575758175 6.66871747199902
9.868790429660443 2.550287001602653
4.3158931034122965 -6.705104347437485
4.845367435438593 -7.165325740727542
2.505460279413894 6.474135804100566
-5.792293637177465 8.143840307831098
-8.240687710145874 3.3671148629885987
-9.152295149913751 6.393829673687801
-7.238853042618716 -6.5970399369552934
9.168750874790025 -6.928406618923091
-7.387559338860916 -2.877734483151202
6.137476183108461 3.017622212525083
2.5478950887941387 -7.713400539483645
5.435882991807812 9.103840753339231
-1.9393376565739118 2.679711164783388
8.317062284904882 9.888062274415926
-2.121176693483826 -0.21560604112464432
0.9394963503918259 -7.446252167756775
3.6578908586610126 1.478570835497779
-8.572471498457865 -1.9205135517110623
0.76488217511098 -8.026624071085113
2.8053254260957807 -3.8763434272815367
6.273123983253274 -2.87267352298538
-0.26283068047857405 8.357297784957506
-8.574670769923351 -9.214025923397726
6.309594315564276 5.678398725300394
3.210160129116332 -2.313308395148428
8.68370274023102 6.809494438776692
8.00265550159455 -2.4851869194472247
1.6021484332794422 0.605557867596481
0.3028716052124718 -5.975932948029903
-4.54761503596258 -6.925285489275764
-6.608736225425973 -0.2593259556219163
4.404491096895127 -8.270162594015629
4.560194868879428 -4.921333709156839
0.30997013292675035 8.735069034585727
9.18110061315113 8.44334474327859
-9.410560633344803 -6.129677461838239
-5.29873565488254 2.700919435864561
0.3341045849985296 -8.416569061636668
8.192905136416677 -1.6737084846139432
0.13980119715567163 -9.300087801883276
3.4816904770456265 5.587807155621762
-7.044389476558994 5.192873961423825
-8.545158438903952 -9.284498613874742
-7.913797356311485 1.9604287702432686
-5.377429511111618 4.01931678154364
-6.03251292149138 8.049577017269794
2.3547719716016253 -6.714818393856616
8.542516220804242 2.1107947838334002
-0.9584715112225872 1.5773334648354904
-3.7543373318361724 -1.3869195062291855
-5.667137664886752 -2.414908910346001
2.4341493935515235 1.4198902676013336
-2.2739516845483827 -0.5256494829398388
8.218335898809691 -2.077863618342926
-6.126855412308854 -0.21771979690619858
9.473477436747984 -1.0394858017780173
-7.814670858933499 -5.5774286724826005
-1.9393226984997014 1.9220013466963177
4.976185955310427 7.896464088132294
-7.231733877196811 -8.050770547419912
-4.82704193329659 -3.3609053019308943
8.675361484000074 6.374494905322493
-4.182401915744542 5.858967369332381
-1.3385145337830338 -8.008556050953757
5.40139154229572 4.461969763218125
3.8447909735001318 3.535090503421582
-6.622468441931337 7.637803952232069
9.02749056519945 7.471784496140636
-8.078237903912648 6.803300730674916
-5.726032284297025 -9.33622683016572
2.4609356292839646 -9.783395211941134
4.1838720554054625 -9.109961821906477
8.869087999152715 -9.61355405137078
4.686488433400598 1.5878114218851174
3.0030028013535706 6.525822925336271
8.469703184805425 -7.9336069089294625
0.9255241577794564 7.763679471075605
4.075533353278111 4.737890811506045
9.08116943431805 -6.111774394373053
-6.164155971362013 -3.6934295909699273
-7.978238716030224 -7.297527449139021
1.5326787530002477 6.137398231245669
-4.068215167778455 7.118450283024444
5.26464644508944 -8.519171343226644
7.600657527117146 0.20819493752011375
6.138171539222903 5.489252668741278
-7.9424482427538905 5.325833192402545
-9.918981900721132 -3.8487832543683957
8.036928050463036 2.703917834304864
-4.073493827558496 -1.5956261326576069
-7.329330830484175 9.486397286462335
4.266416688597722 -2.43774639227831
4.505904614223066 -8.02478781142569
-0.7421739965688303 7.330945264573117
-0.5398584336194787 1.6401193748561642
4.172868271024699 -9.800571579370402
-7.347851772184195 -9.959737645984807
-3.4217515693283325 9.422895259804239
3.9939161421073024 -3.299189002317755
-2.4174157218987258 -9.669878223706853
-2.0883502355354118 -3.8448695690567547
5.051201874505866 -0.913838564716249
7.90662969946483 0.5343208227711731
-6.350790679183714 -3.5697125983217326
5.749065791579493 -7.854965610936684
-4.60665084896462 -0.6263099032013653
-2.0131338834636026 -7.103594698569955
-0.7091311561840623 -0.2309936645252737
8.882240242077685 -2.0564145364319764
8.655255618174841 -8.307698454183212
0.8582108676543854 -3.4157380496732337
9.893330724263425 5.544102735059891
-8.992237634632549 7.918100738132004
4.003965437840488 0.34006492103575425
3.3803382606877683 -5.763406474103075
7.442820958981809 -1.5694715278681155
9.487918066312016 -1.2331235012071247
5.573767747438531 -9.682344220181138
-8.40143219755117 7.008285161754223
8.291955645743144 -8.597702297183412
6.8507176121091256 9.651232699052073
4.715358657567862 1.6745118752287382
2.177210442066116 1.3625353175714032
-4.387002044182888 -7.0887486776673665
8.762204681422755 -6.963215129053861
-1.1904067140801935 4.511981011948034
-5.115679549617691 -1.2329801907074138
-7.063365447184231 6.311968990354423
9.384680816456765 5.43143809801907
-0.9827915611732845 -0.48994199251596093
4.763898443156274 6.1643482856728475
9.334197591235839 8.34846522878405
7.1909533978250835 4.740154867813139
3.434671018361925 6.339963119093646
8.487649568440752 8.091441683432464
5.340084034728012 8.055517278442984
3.0387053330789744 5.9113385582789935
1.2846688348345339 2.9108373423135347
8.822206826087303 -2.314078534055211
-8.200545973154336 5.369005547005797
-1.9119948308296326 -9.245602142331308
-3.2702507295276035 -0.26747576440301124
-8.975111929266157 -3.352485522921212
-2.704832505395629 -0.31285358148470976
7.290464724509839 -6.186801898033043
-3.5205432183012846 -3.2432760450354126
-7.706980579850424 -8.955576831940617
-7.630825772024883 9.064113290186214
5.2911687339287035 3.5650699098038494
9.859733256412643 7.745170555581616
4.376397024214816 -0.263167614987756
3.1647710427516014 5.5056307338753445
-4.86279552415795 -2.627325693628908
-7.632718190910291 -0.2506806711829075
9.604111378774057 4.43095919431123
-6.527941577476206 0.8895658226231298
3.7872135910292464 9.411606011622478
-6.684162168764316 -0.08153050290919239
-2.416848369508866 0.006216923856053214
8.959400613032471 2.6682207063678636
1.520591389195145 -3.4741832567957758
-4.291677500584594 4.547406742680597
-4.538068299679425 4.552128602608118
-4.398005018175333 -1.5801850928698329
2.621103252396221 -5.293357894193667
6.019507706744314 3.272104743187702
-5.5938178284790085 -7.3212194048599315
2.718830367964422 -2.7836594061454285
3.8561352830663687 -4.018308159231725
4.746689173209081 -0.599676873407919
3.910449813174985 6.7455210781701815
5.98280317735648 3.747967255956773
0.5352267365382684 2.00537957918311
-0.302190663777278 4.529272476076358
-7.7622730974658705 4.839231991660341
-0.06065270786007382 -7.025159889007391
-9.903114872236937 2.084164667705732
-2.711090218244765 -9.049224663504365
3.1861798449982004 -9.262970099815913
2.1506549942098356 -1.7619633645118409
-9.287129408546077 -7.916224659368883
-7.36651307668271 0.8420990684818115
9.288074069914835 -2.072988532729192
8.82355986513042 -6.14818183442051
-6.3510773450277895 -4.81324933617805
-2.16935648011434 -7.8648832523533425
-7.6278473986637145 -0.7890093084912291
6.031244322450696 -1.5189686986856472
0.7442405944414503 2.7456520022267803
-2.82980456176457 -8.902539400860256
5.652336718378974 -5.914349254207714
3.2384672232424876 -8.942586041517444
7.8988559073397155 6.6139867402609305
0.512886018965613 4.940527434869338
0.6797519617014203 4.349156829659982
7.672265625241089 8.121044479536984
-9.425370344180791 -9.50556834316667
-8.858754979637435 -5.049827202778838
-4.2707746909743305 6.266759911995589
8.447482866225844 5.560005189238538
-7.848268882563607 -1.1978666694273805
1.2486116166089012 -0.35169766974581407
2.2149523436292657 -9.14105696149604
-0.8141914370513863 -7.211868416469283
6.855133144956085 -5.106718252359588
8.755682288877619 -6.690163146113188
9.203423334634884 0.879432953106793
2.408618563904863 6.0144751435825405
-6.253281266148251 -1.1492409715152103
-2.8069929337277433 7.360980636286573
-6.300523769968445 -2.953060004625665
0.7918509819943722 -6.126504961336153
-6.0904813558584925 1.5356418033712522
2.9106074509408053 3.797402932940912
-6.314140243819577 -8.807800414685396
-8.699245427767222 -1.5625065183535476
-2.898847597437495 7.5339421399400734
2.1463036392372263 -2.05043948523927
-3.324870895588939 1.9579875247932783
-7.847676291831725 8.199046424609037
-3.9381884234351077 7.3201689195170125
3.5331109123667037 -9.57698732323208
-2.070045848103643 -8.526441638004489
8.925690487678743 -6.2042506058090225
7.121996684101568 5.0192113230683475
-7.181885196660202 -1.0566938267304788
-4.769362730318443 1.168104252136592
6.560904310805505 -5.203467486813828
1.2983218944665698 -1.840876976350538
-9.827523914120547 1.5155128582427224
-6.776077045999134 7.576233958605588
1.0968970536062823 8.17566728932125
-9.077913330251778 9.768823064992308
-4.861345968896352 -3.70725306009017
-0.25605635007836725 -0.7910772089338955
-3.4842748388030635 1.1936581276247775
8.12293410233849 8.28521061758681
-4.241696280562628 7.367311767769149
6.594163910164255 -6.016997498797942
6.994093311310813 -6.365694173272667
-1.4166509643398388 -8.508036083862349
-2.299552316383336 -6.167431534506433
1.1227557508408843 0.42207374191162117
2.6321238865667027 7.943273005824711
1.847496293667799 2.439408906976146
1.7980983585170272 2.636057939420402
9.391537162787838 -4.088341790176562
-5.310249431326801 7.655992990857396
-0.7280189557718124 1.4383237022868727
-9.920970704299412 5.686944971831384
6.590630994112491 0.10614526939584579
-3.074849741733969 7.1400795078048205
-6.509190099775988 5.851837304143576
0.7854186329946202 6.027627644278795
-5.1307926595881925 6.792295782404018
-9.807135907707085 8.621649756738115
-1.0434566766700968 6.968971934945181
-5.837488781771032 5.142622286829109
-8.717870135491188 -8.201943247903284
-9.777027770835003 -2.6394400851673065
7.706044928836548 6.653715949700331
-1.8714687616139276 -8.780026065889441
7.084282103808913 0.9824515456580674
5.814991546107324 -6.466975648476316
2.5168299081329977 -2.0062812987123486
-7.394750331138096 -2.0755432265053564
-5.204900307983246 -1.8987287753164228
-4.9127452437108605 -2.52849723832645
7.86813668843196 -1.5258861607321776
-9.626771120074597 -7.415090364423611
6.9659190278573675 3.6346872158108035
7.5109804799774125 8.404463218595073
-1.5469812012538764 7.779697001471469
-2.00531404584164 -2.062097032957926
-5.659703807159257 6.58997872173223
-6.04951755924136 6.072900471456347
-4.042916917682804 1.406686783630322
-8.156283934348107 -3.8317244851198495
-8.277708716370393 -5.489246677313078
-7.679243633033508 1.901046356857881
-1.4921983186912158 -6.432625415561645
7.351899206090401 3.5494337549555937
-1.2828730101754573 -2.0115961706354035
3.145653408500028 8.791188964069637
8.479534967768384 8.808107791145225
8.669700097374012 -0.6762551899056941
2.017489084232638 4.719060535056649
0.25048409409886396 7.671646778441104
-4.6760977248409485 0.5700129734805479
1.1575705049221128 -8.04455013684488
-6.955975324274739 -0.3080606992643897
5.064168283786017 1.2313415099933795
6.57302876405209 0.1538467782146924
-6.948814811644562 -2.067706471582806
-1.1973594719656617 -9.57215589581159
-1.1298468682899703 5.877902328361849
-0.9520648075137821 -2.940324272871509
-5.776910232388639 6.515814711785023
-2.2608597050433765 -3.680353060427062
-1.1655044267400996 4.042896365062305
7.213999687249327 4.982711982940945
-4.543663385075531 7.4480947401220945
-5.049138737708474 -1.6790820385341814
7.674909070323849 -7.564344153698526
7.515651326093039 -2.1239591144363406
-9.727556795164256 -0.46813280781199396
2.436378823574451 2.340232965994396
4.351552859335834 7.490086302418479
-6.82349366279833 7.686968666107887
8.731328997837032 5.587005954016819
-3.8343930929491616 3.1480633651449743
-1.3840242018429016 -4.796796664032854
-3.7815187523212153 6.769907812941959
1.0296375270257574 2.16531469979679
2.6307678181046903 -4.971722629730008
-4.021084669448474 -7.591712896662443
-9.405660037390795 3.7351576180749326
-3.1225896469729815 -0.8570915548985383
2.6220009514388316 6.713293154756993
-1.3464848160794691 6.501399227638977
-4.84428214408219 4.647842042190156
-5.368794933904033 9.14631774042061
8.505075443442468 -4.859734234835704
3.15557418005589 -0.7725690731788148
-3.4032279735350457 3.3063371395967565
5.196535036590467 -5.007037376173384
-9.424851380783872 -9.192082871022622
2300
-4.425239654296371 -4.540670639468818
2.093906419030647 -1.612176091676849
-0.4387315233016089 7.402644834966356
9.977502278632727 2.7082802630907494
9.021481566036982 -2.4481808512202408
-8.502805164635312 8.909157448785859
5.461230055002906 -4.454221460453405
6.523659212950356 -8.570543993923028
-9.416604584535058 1.427579272841843
4.945867577482289 4.800847069642364
-0.10314761045416176 -6.461610568170116
9.892022694895985 9.979332976753202
8.528846893682761 -1.2133062862259543
-6.805153535375597 -3.625329415692291
-1.9331837271970151 -0.027644457534268696
3.236060188734257 -0.5709504400236973
1.9827227195935073 -9.266661132333152
-6.49731620896006 6.238677553502715
-6.802780120837557 1.7923809643570685
0.9664206757906939 -0.8161350263217866
-5.949479220795308 6.600600472662585
1.0856383189009229 -5.722698951098599
9.081470630064398 6.811661931285542
9.380206268898789 -9.829538658213986
8.940599306304012 6.768025058642646
9.926164113009538 -6.047922887102404
-9.754199658124508 -8.734139189503043
-2.1837797883591588 9.962215272268065
-2.2020566187930317 -9.53703471385622
0.6748943152246376 3.0953904171739115
-3.523371143429099 1.8455914414128554
9.520643509969343 5.766803951446262
3.5726381572994406 -1.8680512353305403
-9.081246270782922 -2.3013865734684957
-5.773561032926169 2.3033388569665085
-2.0871100506231777 -0.7824544703061207
6.406442292252201 5.097789894373486
5.910197254122135 1.0655220353029211
-4.535602980649431 1.4795613487537054
-3.6204635413696717 -3.229636352093392
-0.6920863999251576 3.287724107001477
-2.1592606994868957 -6.686446725374164
-8.232645376237764 1.1282757671878159
-6.002578338269564 -5.605409342424483
-1.2678212531474848 3.2204473863448246
-5.460486331103254 -0.8469640490739749
8.872531033349443 7.755499580629575
-0.48080851381763523 6.977804567938129
-1.034264255529413 -7.005658321935957
-6.644010821310305 -0.6067088736488824
1.37405462553442 7.593669222818129
4.410620525477356 3.8464661566892584
0.2001821557880401 -4.382750019235038
-3.300385532694916 -9.495721454241128
-9.87284779804449 0.35969894750762066
-4.201110225823033 -2.5389670477993587
5.759220353102306 3.618102521036901
-1.3019660062116483 6.4071864235867295
1.9731895355210654 -7.346986662407966
-4.884331289043242 -8.119739075122594
-1.3603561124730987 -7.154404438619563
-6.228057086291714 -2.090767832859246
-1.2532592228072499 -9.0416453668267
0.48994058239691185 -9.159494157374192
8.338521820112195 -5.73450675274062
-8.16966526795144 -9.698732738870778
3.5220579091391144 -2.5866293544333825
7.065182681565183 -0.4228844953849702
8.195372099467445 2.4909156341749963
-5.881782254397394 6.2615524190417595
3.6208936834336374 -5.541581261269939
-3.641082222255106 5.853735806020273
4.386769419889866 9.370282925705272
-9.841907401621096 8.326749513870471
-8.67539301374591 -0.7199037541529592
4.546640897431736 -2.9299118637896937
-8.636864013880745 -4.50684569443939
-3.8232429823000675 8.235568774342909
-4.319994025010945 2.1556990313498616
-6.3648052883239465 -7.997089203690628
-1.0624848990820936 -6.281964679722272
-1.4204068234295377 -1.5462571477834697
-4.526655670246313 2.764063122143316
-9.256473099367419 -9.459968366771713
-6.170797374672139 4.65882947332261
7.477332052236992 -8.107858785822131
-7.776345824988924 -5.62440785298546
-6.550050348291599 6.028137547620204
-6.808502194531214 -5.5380128797667805
7.105078142099899 -4.4088121227617805
-1.398090841579613 -3.424926947036391
-2.64120844733601 9.647857332099896
8.7368425220353 -4.304976382327963
-8.971703303527583 -2.8661193608990736
5.520113538422196 0.10168034716035024
-3.7115759163924134 -5.686181571088291
7.6262958334754885 8.5614380999627
2.7787167855748045 6.80529531689918
-3.5293530657477774 8.89603065613197
3.8260923465351766 6.52571483312132
-9.150697888728033 2.4620728612794665
0.1112690260022724 4.263628693492624
5.06055636993419 -8.525010853957035
-1.2093363278775655 5.765722414088577
5.968543346066841 7.285579289801291
-6.977163100963477 9.791213657259902
-1.512335902360169 7.844998910191986
-0.9333950338687345 0.23294331461970863
7.333189653662291 -2.0328627490749103
-3.8297474779591596 -3.3962826308798544
-7.300227824038952 -5.180920182376044
8.605743423548546 0.7654305048724037
6.224946855269881 9.184166232069675
-3.418363285506012 -9.304830614711705
-4.43445997063606 2.482181848992999
-8.629492460879051 9.347339947651882
-3.6433253930315734 -0.7473350416933471
-6.962456525954512 -2.855578981640816
-6.492104225795298 0.5484855084344549
8.789511346996974 -6.3086245928193545
4.2697742843987285 -2.7642301069856057
4.754012783595769 -2.039451607711622
5.37672510898139 7.426424027662698
5.829476021840936 -0.35706011183481934
-0.8046502162099713 3.9942379027198065
3.7055559660723247 2.2795709064766854
-4.387119537340107 5.357588107449905
-2.857639858046694 -6.079425737830439
-6.863577745488076 -2.97066672772873
8.878881188178024 2.3119128960148707
8.919124401989116 8.806272119601608
-3.9761993003602925 7.822192470202616
0.5573345457328465 -2.7611305044360464
4.976677668197633 3.330154188138133
-5.753689198049776 -0.4771574396716982
8.343817491136662 3.3926099582752993
1.0238125027304275 -1.266738230923007
-6.537874889592732 5.6214620788802545
-2.157075071803531 -7.2010198037342406
-6.834602895637854 -8.934661332667297
-2.7813482250279513 8.516158968777336
8.965155211921026 4.825028287588008
-9.131253766301178 -7.248333278140642
3.3794106457626345 -2.8209408650370733
4.310187286146682 -1.0192589154648797
-9.791238876557976 -1.973920265618423
-7.207863270041077 -9.492664138722109
5.9504791955283025 -9.999258408238633
-2.024908025964036 -7.137344162692152
-8.72841165623485 -7.768026102799325
5.957515205394204 0.5753837868659062
-1.4932709988809165 -9.320648529579476
-1.4209755558624177 9.72623684020079
-2.6991858817471854 -5.357333580818484
-4.947522320663151 -2.9948888493319377
1.7133031612249905 4.683513244241947
-1.012978265408142 4.111151639580639
-1.2952973648523347 2.2492218435058824
-3.1335854160692955 -3.6347343642647534
5.631246713898811 2.6212286818089954
8.269291066331508 -2.8183268986400822
5.639500411762999 8.166449457050199
-9.42264689272312 -1.0241979889736754
-4.926818306835939 9.963854904977548
-4.20443462757124 -3.7573767558854554
-6.446121464237886 -3.127866505395625
5.969387181143679 3.1073697152302344
-6.790494505359885 6.8682109945753815
-3.4941259838314043 2.7830192500305984
4.066564144398807 -7.163085213824621
-1.306483904043528 -0.6234234395994758
4.766081069585898 0.655907003552727
6.5711747792703505 9.876717224573955
-9.073533367186897 5.677957588629328
-6.773863160695295 5.104737235611667
4.229796663971845 3.1789826892480377
-7.33707488332588 -9.255652098766598
-7.585102750701063 7.258219744346949
-3.9141476749326625 -6.397824566598807
-4.488780478384779 -1.4816556047354386
-7.271742124491496 5.960501132775706
-3.1668775699302447 -7.722710168886411
3.1082707146336617 5.7410582826831345
-4.751204256106789 9.640831005189192
-7.658012449059292 -3.903176753695014
-1.778179397509037 6.936292515643196
7.818110157741216 6.59043140810471
-7.850487264311996 3.5327532648150513
-8.220879682209919 8.29418215587101
-1.871151656717986 7.812243196039624
-2.363346408786997 4.433457028962444
-7.121795634512875 8.523745645527608
-6.853818225183166 -0.8461196124184909
3.8048932116856733 6.871781828674848
-8.049853213082148 5.41965409933024
9.586654919570663 5.210608116387254
-6.785589741943219 -2.607459384980382
-2.3548347780319485 -9.466756316053559
2.7553353722343026 8.699030029995075
1.4304128485334573 7.17247091099852
6.87323752521095 -8.147984367490631
-5.023132070188385 -2.116424152557503
8.02368820530419 -8.341670898526608
2.836135329732567 2.6142138817679346
4.899521265325422 7.747353701310821
-6.046087675974894 -0.4112767860100579
3.1659406586473224 4.088147370746118
-3.925491856539405 4.872597908594782
-3.5524409064128264 -3.4565552825394192
-8.635286493908943 6.961504854775981
4.314132325594894 3.9553788590808985
6.898131241661723 -1.974707753237892
9.291805983292885 -2.772691041894726
6.188411647220299 1.0196208313030635
-3.9317724014044098 9.639558619026268
-9.898070027467622 -2.250661363459452
-7.416611729844213 -5.077966838853863
-8.705827592541924 -3.356268886680411
0.1717492652382937 -8.911286697185762
-5.208452130386021 -1.8234477978021761
8.794406610934445 -5.169700696987121
-6.6780279418236255 7.37309106896085
0.7628405600392547 -1.1552995817173244
-6.545732211172939 -0.59570427425896
7.883754875335683 -7.970036712424391
-8.627438104003257 -9.026549471267959
7.384113788362981 -2.9291059634136936
-1.4047306564872546 -5.495256490230429
-8.775986129023849 -9.037430092405822
3.058192963940229 -3.9912989264965244
-6.750205052501935 -9.766941617688827
0.2908286847487105 4.423013697935243
-3.8055223177092756 -0.052803262312695054
8.991951496469248 8.640327974963085
-5.893581398606294 -7.464408882529914
0.6130515127877079 -7.36403796964489
-8.614150521080425 9.165358415044288
-8.610824611348747 1.6884501239154552
3.1200435578295522 -2.1537989762289484
0.22556505970527674 -7.362090434048952
0.5012616678766175 -4.0650912929494165
-3.135805215412284 2.979205101191802
-4.272384674534342 -2.4190632558887444
1.662083584980314 -9.658346280438161
-5.310603118129286 -9.073264842856165
-5.4514512841463425 -3.566253568995821
5.751595644624752 -2.767285418589145
8.220733765012465 -8.953494171557113
9.005340077083378 4.687881508194248
6.424128173008995 -6.545349380231871
5.114944539074461 0.8657659507273259
-2.546302599296377 1.1373538469540954
-4.5914031491783 -4.715748330505772
5.175110201159905 -5.348317147870805
5.651130003590485 4.400924542583244
-1.9138405864018928 -7.583333299558763
2.189860141862612 5.028127377959537
4.710886801752617 9.159252320696925
0.9593724548648002 -5.62684189035044
6.650686939511505 -5.564907962494388
-5.070103067427512 -7.477401123163705
-3.1657109503328007 -9.359060030313668
-9.33670130948251 0.7640136427737652
-0.510957769399262 0.14960678595892318
8.94136643416011 1.831387428598049
-4.956318163342641 -0.948175644332709
9.900098478427129 5.412950263384255
-6.719565592979144 -3.0847001571118167
-0.9516829740623134 -8.907370166953502
-1.3154923020768798 -6.266846403233246
3.05506203593243 -1.2869849140009109
-0.4615902880313012 -4.629914253008607
4.964110856384574 -0.7825671456229859
5.297642629222718 -9.621673234435873
-0.6998187432646539 7.011480446993865
6.905165091002175 -1.072563882635599
-8.050797938292519 6.860506895541075
0.33524657822366066 7.853222964212321
8.888786269623665 4.600779983746335
-2.4197488168994745 8.757585644591792
5.540841306066245 -1.8578273744388554
6.2813519445870405 8.332249170643081
-9.375763331230488 4.155189209521168
4.960143335982314 -0.3621270630311315
-0.7601531552795713 4.253651792078587
0.07302888519003048 -4.460446342419568
5.613438090789781 -3.4232310991596515
-1.7027581708972317 -5.57234512433636
-9.602083657115731 3.6829057917523063
7.3930852071623505 -2.535230394889485
8.273136834743543 -7.757785302806397
0.4376470070490086 -1.7294417411133445
-6.812400208524084 -6.062491067883631
3.5928471520849907 3.517049825376766
-9.895813223803549 -3.0283114795330635
-4.787529958913748 7.996578722837825
-8.189987209168844 -1.9505779646411359
3.740833224139802 7.476857879704024
1.454708867963097 -1.9329824610295745
0.9707389058114586 4.5746966677629874
-2.798673205309667 4.25350701891958
-6.011110680429576 -3.033307178978286
-1.3140043127265582 -6.116240092930216
-3.121705503533807 2.6630677293935996
-1.4236005524937223 8.137331368287668
1.0347049628026 -4.404966080017587
-1.396557385738049 6.1910769684659215
7.649849485233922 6.231645711940729
-5.336855942028114 -8.448439261871556
-6.872028476591792 -4.850473451464263
-3.5967670629401116 -4.344020504286226
-3.240245105229887 -9.384228892444826
2.97199866942654 4.901874367259726
1.2397071934453905 -5.246256911973564
4.42473325111119 3.178410678673826
-1.1540442444292953 7.99926178499236
4.412468188196964 1.0427022980136176
5.641765222917289 -7.600573480758781
1.3711147185268135 -9.371614939468614
1.7809156430317508 8.51686712501255
2.355467656432431 -8.069955429501906
5.812398011775503 -9.786195214238509
1.5718872659674012 -9.907407802959874
4.760573881134569 -0.6437860089734464
-1.841731336460608 -3.678188066202795
-2.653768064512496 -7.743830355682668
-1.2071478653924324 6.91515998327079
-7.420887471768632 -1.7746955505731687
5.454464359796095 -0.8726879138716086
-0.5621451290140591 -2.7095714394347485
-7.730772455949381 -3.0811134435919163
3.013065589423487 -9.413819701018674
-0.32917718837760646 0.21524104281495227
7.647313596098762 0.167696024775843
3.1696572894740704 7.0310391984524365
6.746905280063682 -3.0298709138605506
2.544694904813758 5.763942820024091
-2.6828269125062025 -4.2415411207469855
7.164315340882975 -9.0765772073365
-3.0637239566168706 0.4012629699338284
-9.426590027450843 -0.48700887908855606
6.52821676215698 0.046710109842988956
-5.709978003804441 6.205534945730381
6.7247047753413085 -9.08940682516234
-2.037031353201371 2.5774514228340344
8.055695404485487 9.869078864005076
4.585566765306883 -8.969239372569529
-7.365923479159475 -9.238662078510714
-0.5255099088583037 6.144165123431446
2.4816137279922206 -4.6791675733773275
-2.3048654820713743 -9.546946141896967
-4.913762546809393 -7.17830324080583
-8.449436455031288 -2.7102051081956935
0.18431774733663175 -9.60739934221545
4.617125768917397 9.383270077437174
0.23018856475630756 -6.974710857120754
9.25628577621168 5.82498317586114
5.963471497862454 2.2155436931710977
2.452732054497627 -8.55571228881766
-8.14745897908731 1.1067003236322943
9.187615897723354 4.757499048503295
2.999249014307434 -0.2452433240160623
-4.4010827253591405 -6.293623827077985
-4.886575466752139 9.630758071106417
-4.384542443652433 -5.44561205648278
-7.837807150413143 0.7432464791678797
-2.085639115162728 -7.180385596870145
-7.547467838543893 -2.0195746968151003
-6.074768667327639 -7.002991997548367
9.669652227082935 1.7666986008658938
-7.9613406735956165 2.4614487169911783
4.543689334451269 9.202856873015918
8.375861445288422 -5.9112145516685
1.2304655553734918 5.331165336979147
2.476490457619329 2.168802712665755
6.119642740597698 8.58679979841384
7.872393839863019 -4.833676292155413
1.9523619925590818 -0.8459714477576661
4.991691173594397 9.897858905761627
7.832331594328995 0.9401149369576718
1.476656407397801 7.308157887818865
-3.881989139241682 -5.577402772847075
-0.6448902558950582 -5.851971317175295
-7.464027231956251 9.200184069978796
-8.860483494515918 1.1799095799163553
-4.832623941847325 1.559570276065319
7.822977175537208 -1.5873116924361508
1.016929742255737 4.480534050025202
1.159440561836334 6.8035527760651675
0.5426325332320143 1.9600837740282557
6.144939062084347 -6.8220459323137845
-7.679651133742245 9.728169442923754
0.38224051568976414 2.122495930279074
-8.949226590909088 -3.629431538120727
0.15517829438476483 -2.1441626308276973
-1.1271430590434672 0.20759349097088808
6.482442003473658 2.629945282249963
6.189736954516633 1.27427173445753
-7.38021263857857 -4.371335912786012
7.408570272014991 9.774930218569779
-2.013013840958089 4.46073796510934
-4.740336243786317 8.726541237514272
5.426780891512646 3.7850699063494435
1.8464522169814614 -1.781770815755534
0.7182711482071156 -5.387115386509342
1.2066145347502388 -4.729947906292306
-9.458119807812915 9.439609854330676
-7.601807239868723 4.017538327953126
-3.9121683750705856 5.248517860314941
0.6360631601192921 4.160986777493383
7.043485078819149 -3.719534691878681
-8.91944600990653 4.345062534654465
6.968474059213886 -5.348054608196364
1.6314291053228995 -9.098935204560528
-3.6433821035674008 -3.6845155948100228
-2.044757401818087 -7.49192700427209
6.51229256536206 0.8672938237726875
8.030211202092058 4.917324369748252
-1.496091419100491 -6.18547363665331
-5.366583151446163 6.9782065881250475
9.40477878743981 3.4838510016669595
2.6709346280483004 5.929766330547839
-1.5435292452090614 2.8071144983007486
6.95804548022576 6.925238391130957
-4.143169782134793 8.727901803535087
3.16301555138239 5.208402267241713
4.7254496573695235 2.1749801078062525
2.2675715181406364 -0.525760768913873
5.50927145700825 5.293595860490177
8.377241325538286 5.852948135851413
7.67720853836925 5.7663394432018755
-2.0713793113468837 -0.7936926973684422
0.1362560432334199 9.091593283406038
-5.392254426829446 -3.1127553196414954
0.5380487498140738 3.863160063851991
-0.761287580229439 -1.1579175236818795
6.914840859581194 2.07740324291181
5.618123981670442 1.6091879378226874
7.932141775479096 3.412258912208779
3.5446320299105025 -2.1881339533405253
2.8374256001206106 9.79584915577383
8.934628146305752 8.154111149282674
-4.862684313299976 -0.7441461831387937
-1.5819657653128623 2.181129650526202
6.067255359204772 -5.90799026185943
-3.246892641814261 7.748149784491332
1.2986213853763502 2.5742036174259635
7.485184630753697 -1.5467515235895775
-9.207023049989862 6.989024398882336
8.427688146922968 -3.7630634687558846
-1.6510618676520181 9.59573617435677
-6.429701559805421 -3.7204770931013
-6.5004942871826525 -0.060544081739109856
-5.271450366634392 1.665867426199556
-5.011126572997375 6.908134542978292
-0.9382710120810973 -5.593361947004731
-7.2130945521581635 -6.531994949908613
5.924333303975066 -8.4679116984601
-4.049412968094305 -0.627478765854141
-0.3947100491034643 0.7530551018380365
0.6021507071240535 -7.508702541933518
3.2209832452150273 9.90274757298138
-3.6917816939202153 -6.0419274890112735
2.081890591601667 8.898819009179352
6.963521628476514 0.43653641282001665
5.541492007220963 5.979809628391283
-3.6133772387736895 -4.796815852866702
-0.7854308312666518 0.035030275340258044
8.429513980887023 9.862587535936381
0.9910453828421328 -6.05769355716858
6.894648458264815 2.020986871332786
-4.427842168717538 -8.368823246880975
7.132566999834296 4.374227549573593
-8.289889961236591 -2.2494802158695144
-4.979547625924134 -6.261322130497211
-8.795609720301991 0.32486494276066935
3.3866335209543834 2.901264435948974
9.262919543017375 4.6866898943902235
9.899520337231685 -0.50791784556219
7.886390085010618 -0.17623744917018236
1.635023211635735 -8.956002127685432
4.707554782995107 9.182632166354104
-3.640811040411247 -0.9939895713026701
-6.375278858440998 -3.7631118984460254
4.734786167215681 8.125281670418111
8.099775416076668 -8.854312059056578
8.164829446564443 -0.9792729969978247
1.342178200092519 -7.229623311152507
-1.8062293514645145 -0.11980729481945929
6.897129134972598 -3.5633198288290124
-2.0830596361837683 9.64741276266179
-4.97464186040105 -7.930352117760657
2.9790019056228427 -5.031852432244288
3.3728195785555926 -7.515460838714974
-6.530029688918335 -0.3965302259222554
6.8733563042607635 -7.986735590847529
2.0617391741112012 -3.4470392689063694
-8.15256008589315 2.0912310661328384
-2.339839931462957 3.782178988783201
4.0943549015225695 1.6044607235630277
-2.339123319201814 -3.1195771981231157
5.076453287488141 -2.1600830229009045
-4.183830971502522 6.515676537759031
5.327210365493682 7.836741762954233
8.761126261115567 -5.882672372964013
-1.107259128428172 7.097189824932364
-7.495007614890565 9.061492067844348
-5.681571980578257 8.17011504227197
-7.381527026813821 6.410232281837104
9.152286968577709 -2.774967898870795
-8.234673248020252 -2.0849943701941935
-9.160590639329023 8.309837291754334
5.220969217223534 -3.82504732085666
1.3252278945819018 -1.830502601712718
-5.332858729850713 7.469843940835489
5.8015885420464635 9.174591581042787
-2.9503021900863953 -4.912403424199039
-4.0483100476628575 3.625842513548875
-9.919246816923962 -4.00425408825956
-2.437124870824956 2.0276649634515724
-6.969629012185434 -3.5205800969687973
2.1048578739778705 6.187372769312159
4.414877048248469 5.357933647693905
6.8455383071203855 7.1482864995762405
3.0809601539728497 8.117047946886885
-2.298331938328455 -8.700714120736698
-1.5063880235504339 8.260756830415588
2.3136552501759784 6.312379107745777
0.3749241968940069 0.89230680567006
-1.8760211794342414 3.60627238829794
-4.007533239807348 9.6006848780851
-5.814873589657566 -7.652767222907951
3.1790689050804275 3.1308730136208247
-1.2905548664687814 -7.24120696847546
6.45307386902012 -8.979331603422839
7.941759993263812 -8.401187182410085
-4.460503386683385 -2.5133215083135134
-7.0548128889765955 4.037407184636482
-9.249627069427406 -3.184797085041282
-6.125705434322917 6.779084695066146
-7.77366123130141 -6.556546236098906
2.967454538202732 -1.0590219577214288
5.499175727119482 -0.7417139168996414
7.85603573452611 6.448419123294723
-4.549868416923342 -4.848711100081458
0.8058823223670792 2.4099833148763707
7.5503929909772225 -5.32444508558309
-5.6163207085128874 -4.462822947406922
-6.6342488623658085 -4.429020661196839
-3.751883372831461 -2.8825053231411886
2.81910049879067 -9.152136092908155
-4.420092936610409 3.151829396964562
7.636539655161371 4.240096102331359
-3.142098350347842 9.681290263361365
6.419227390376484 -9.806711502876091
4.8682544319957906 -0.8149316264543494
8.361978209227843 -1.229067085020997
6.354505719465415 -9.789911033168215
-6.498525716668659 -6.3299080529688645
-3.3772718918699507 6.397852449964962
-4.95657568559738 -5.369969462197519
5.623763646337952 -2.443290557139872
-3.4151577053394266 -0.4339630537617918
-3.515537199670349 -2.597824482002455
9.072502745608393 3.9102604559030407
-0.6762356453848781 1.6475392805191387
2.564253813545321 1.9783821765222989
8.856509883857392 5.3825612692234674
-3.3020378091627123 6.70332183653014
8.599492820642794 -8.789284115677265
-9.889664188359163 -5.975479759839892
-9.38074095927047 9.22167262366462
-6.943305447424237 -4.693330237542117
5.582520009291086 -2.140569052097838
-2.8966368233037443 -6.394471225868799
-9.332049083188087 -0.7582494679830063
-0.8265551878977888 -1.8353105928710907
-8.535504650236055 -3.6502654432639003
-3.3139477260533727 -4.196195470001689
0.7717082682774681 8.762426102132917
-6.241582474844815 1.9798256337921174
-4.597362908285687 -1.6836948879546458
3.824118345197668 -9.742628858061185
-4.14778724258694 9.937859933372295
-9.208586036958511 -3.6934536633709714
2.4800161426270897 -9.868710226125462
3.911857654674158 2.590851393834537
9.921579060520543 -1.4692627528421713
5.640539576555083 3.234593921434083
-8.8656188466245 5.447581263706384
-6.028055877465652 0.5699935696298937
0.4073224259844608 -1.9880657832509314
-1.0969034632996237 4.215835615374285
-6.364479952542965 8.6035133014196
8.893575725995415 -1.977761602459033
-1.6358828478948002 1.453134871572546
0.8315406562360845 2.7634506098282134
7.037860624488623 -7.144526181760398
9.63364812847039 2.091906915179031
-2.4021037987773735 3.3151059258274014
-1.2502138498775395 3.599391033716092
-2.4808314125387927 -0.7976461145539844
-4.5952672800565075 -6.783905206521754
8.451373731228873 -2.349322048309843
1.7155195970914683 6.797780831380614
2.5185762789343116 -9.30919061750048
-2.077242642124391 -5.773634762522306
-0.8955203048307894 -8.073907745348965
-8.20108716818634 1.5351747380451553
-9.315544758317335 3.6351906988341636
-4.042386880968314 8.417723386809474
-3.3264170586516713 -4.260228359419386
-7.36749200276641 -0.9407139176210677
7.6387658086772845 -0.8796299688548714
7.915169766188761 -9.971895595543693
5.767035543598855 4.03985083386125
-9.25432757822774 3.69615219856337
-2.313010566307298 -1.0749187517809844
6.222215962685816 1.9197993227888546
6.798705359790901 4.401982488124933
9.097053340447903 7.122379741884927
5.975614680065203 -0.10844967575523867
-3.5806971900006124 8.106219817430024
-1.4783458606914923 7.744628147527454
2.555271605662675 8.96506205621409
-2.00353171191336 9.755072063981313
-3.6317912612105125 -9.289802539296321
7.492836894504645 -2.22903615431955
-3.4757401313452547 -3.4885598996137634
-6.308764020666581 4.879280722174057
-7.3959346200532465 7.2179862909049355
9.820087470337597 -1.171179480083529
-1.6705038477580114 -7.823464833530622
6.536231945834711 -9.033962660745772
-3.8117611863764793 -9.09756955256426
-0.16260110341022127 6.517769370850431
5.715837596563993 9.85465980780933
8.288452209176548 -3.101190712807867
-5.296803657808951 5.87744607382545
-7.335548837048529 6.043209388823797
-4.580798213708017 1.326699718935373
-6.19924452495062 9.812456807999993
-1.2152435673362056 -5.731515312243928
-5.862785529976309 6.897245543250573
-2.1587580221708773 -4.451303136650258
-4.682080689724155 -7.830103685781724
6.699339486092072 1.7979153967816135
9.48312072883703 7.076022673494201
-2.088527723465436 -9.648174525635833
9.863819469972558 -4.559620296983297
-6.2101040885857035 -4.884442408262657
-6.631692890100485 -4.685695252898312
-2.8338366374202444 -4.405441684171871
5.849062261896849 4.110665420350763
-6.283258764711322 6.695249455375041
-0.8634950614880061 -1.5224327052921094
-0.242253957135647 -4.375095612139049
-9.62356934482014 -2.131543590383247
-4.291457733039898 -0.7719964878451115
6.487867436248887 6.541034551891737
1.1790858195945226 1.613831698348541
2.203526016001378 -0.1711411254346693
6.191396795139138 -4.491766344906782
9.311653335885815 9.15858541664932
1.34106755634126 -9.819701588766767
-6.556521604412698 -7.24280586403792
2.9179110778002855 7.184243884515059
-0.5500631758108625 -3.0910217089949104
-5.6275627555505565 4.260788786987579
6.192294089434544 6.172970799544437
-9.461675216700895 -7.607344857299935
7.1002496423291745 -0.8538690874433374
-2.732867826780227 2.1907383902418793
-8.584260194597853 6.508135982697262
9.647938818381395 -2.0056212327943364
8.649410939865607 2.86571829168399
3.056015346328582 4.56992195995724
-6.505440633637911 -5.80403104607748
0.832420436062522 -3.7211512618552796
8.169824277212793 1.5669570454646617
-0.3905421908562108 -9.102008152704524
-1.3308941350337395 3.9718236548550436
4.489248284800386 6.581034725651623
-0.948268985820695 -8.232631529888517
-2.6826393402854487 -6.35061650144956
3.906644705872811 6.448056507937451
5.297526053354247 -1.8138785952948986
8.7605709526785 4.782484226398548
-4.243762227633621 8.574916168036257
4.3605172902592955 -3.723463108668403
2.067377897075346 7.815275345212097
-0.7972746323495361 -4.98111490002114
-3.5008312580099243 7.064492610099325
0.9379847648216462 -7.512305750467203
-3.744942858464473 1.5505442438020651
1.9544722806480497 1.6280939101945613
4.772031708654945 3.1018820222118606
8.201045577525509 9.20082091028883
-8.089066691542184 -8.52319257955935
8.331755519668377 -3.035718347637788
7.320735506125214 -1.799556165710559
-1.8575603978132982 -2.0100772951294044
9.356130724359769 -8.527389206902624
7.39218991278041 -0.23340769050961008
-3.783472745332512 -0.8344712817364837
-5.530136883835784 6.994404728960472
1.7419262700733622 -8.188862404873614
-3.232241210365359 4.6994058791855675
6.577230898231711 -8.77825981316253
7.230554771819662 1.5724597536918203
6.756832205630246 -2.9016033992343164
-5.842784426540348 8.771941572223028
4.400301428044459 2.4015902207827207
3.699397199848388 7.765554173512122
-1.1817228296644622 5.716992337581459
-3.9914503912929185 -6.837153547889267
-2.4777681853419935 -8.291790515062933
-9.839552698616282 -2.5067915715033795
8.76810497996927 6.3540973725213235
7.363506764971767 -5.382236105837325
8.246333262230557 -6.033317960857372
-5.917961574605302 -0.8271829581578167
2.9015408815875006 3.295370254989436
0.8485406933200501 -9.581834166777979
-3.6040204958794657 -4.125803749950581
4.646242267240817 5.272627153219979
6.748020578703027 4.255086467258447
-9.634333227962289 -7.938610407514302
1.2040224458448172 7.385000673910632
8.533362043724615 -3.427041950058305
5.85846642655919 2.376017376476769
6.461566029506638 -4.2613519027137015
-0.406330761438662 5.791696555204538
8.060103437111117 -2.1461354338124945
4.438876069504392 2.5793359916845127
1.962186442753417 6.072392289152756
6.201349897284786 -7.063324835568119
-7.185044976179684 -6.128497033784182
-8.327342791936605 7.324967585558802
-8.992206542885643 -4.975976281752494
-0.7280981925350929 6.253736937620783
7.277339723695871 -1.3833617151810618
5.278352533358579 6.47971751531783
-9.272525953173389 5.922523779735137
0.8983467186737428 -2.386254511144177
7.522333648077346 1.2606648393644377
-5.782277629066557 4.4454666094141295
-2.516574090279282 -1.1085522245155506
6.873470420028305 -1.1340703874089701
-6.771776573467314 7.999643462172791
5.7796957494723085 6.009930895417128
1.9292499821892424 -0.8611076384956657
-6.125937566237893 -1.8841827564422182
-5.1911734987067915 8.88448621009847
-5.530996255669649 -8.255822091022054
-3.6396571391272037 6.265872907871291
9.867675914033526 -8.157535638605122
0.22849217224804086 7.547082284569349
0.16551597082026426 -6.383730587652239
8.667626636445362 -1.3120841261243719
-8.230000805653061 -8.746934441232899
8.18023283798659 -1.2954851563406162
9.621106138373644 -5.521567030711667
-6.254744444630321 -3.9999736451274392
6.070768085716143 -7.729749490615225
9.703966778665531 9.467262986628281
-5.25342486636899 3.7762200878703283
9.917743498059952 -5.516501870385982
-9.693241701211594 -9.314084246079826
-0.07331491710202798 -9.087878536158323
2.0480852166532735 -8.97839011511713
-8.114244345166757 3.7905740677686772
6.084969455571663 -7.316164620343322
-0.0013450793757243673 0.962551000883721
-4.226177338996077 3.170536329556331
-1.8300369969437273 -6.508688929368285
-8.848818444909178 1.8949519553037995
5.8421142680085385 6.534289800344851
-6.516292318299735 8.135907519108969
7.561290775975856 9.270360016252496
-1.6404697840359894 -1.391259740903445
1.7905977145363963 -3.176846932136539
-6.968417820724038 -1.183113306630581
-5.525237424592778 8.533526323312689
-1.2607229197556062 5.242675603274389
-9.500300271563356 -6.455028701706076
-4.947114977652363 -6.520167472983125
3.563428348506765 -9.37167138447023
5.45371324459272 -1.4905929521788899
9.515441186728097 -0.10773083544086504
4.785414270746525 -8.33315569913209
-9.056795791089375 4.935790443995137
-9.165888838024285 -2.5269573429200793
-7.810967072144033 -5.684011110841465
-3.517310817851886 8.817307568726395
6.404977332216809 3.4683756356152973
5.071365750301995 -0.5883876779281252
-3.6064003000469613 -8.241385919225381
-5.8927012877775535 -4.65463494469176
6.8628098662105685 -6.597126075319815
-2.824539391289564 6.253760739204971
-1.662010712835615 -7.79713244108309
-7.069973218512599 3.6954039645555135
2.524687238279917 1.9556717906622705
-4.136327965362248 -6.803229746701911
1.1462758616684354 4.997052043877375
-7.489197663339073 -7.957427212566963
-4.260513830282527 5.604789610737642
-4.643523682383581 5.706951250620467
9.159103036366513 -0.291367510588433
-2.4392436208755086 -2.890209135409279
-4.930308097725 5.555355620683905
2.0503970882529483 -1.8540453844873124
7.621541042589808 -6.507960827226517
-3.337837487504429 8.250972119309722
5.636606817719439 -0.4457848231971955
7.4090274837498455 1.3930078989905113
0.16313920665430004 4.7973542851866195
-1.341127785666485 3.911306963962053
-6.6254210515968825 1.1542140492548363
-2.775976387958927 -6.491693950350741
-2.5585685024550546 5.018510838045522
8.110088694436776 4.001127234755257
3.5981329940336266 -3.314394980050639
9.320745527402249 -5.261572119650351
-5.496709572309324 -3.6951404755771993
-4.367756960626377 9.439778982884327
8.58657355826168 -2.267623425247569
6.697507876303408 -9.942456669387859
-0.20275766007801188 2.6860085320386204
6.136899607287724 1.7533826250143854
-3.419977406786918 -0.5985021986279033
3.892268240085926 0.20391374387409122
-5.619793277336962 -1.0348317440789607
-7.76428720570006 0.7610188981643269
0.05193495365926282 7.055189495664859
-5.738971119811282 4.059311932178861
5.649195356441069 -7.301873712093865
5.1633664451627475 8.502387303980491
7.081234067380169 0.46814358237687514
3.8156075364945874 2.615657987555748
2.447328466489683 6.2864861078468195
5.137864660528555 5.6469583960333445
-4.301347985909927 5.647135262905294
-4.928581793121931 -2.8239523063829797
1.5102621050370537 -5.515188550136685
-2.77186324376296 -4.680690642534748
5.0228255497326675 -6.227943728849681
9.85320940462939 -3.0820790015295447
4.679548319119277 6.1055693460427385
0.22333425015230546 4.738818705362622
-5.8565920011634764 -8.522812386049377
8.66075379315101 4.124467271424443
1.8130904432622117 -0.925105870551663
-0.11576743074903639 8.384787163068133
0.6208023431308991 1.7348342229658371
-6.201663517938729 -1.5322991404573898
-5.28043806567598 -5.892156910327309
1.3408480398205302 -5.418687716665353
3.9788519004870047 1.4463771566392083
-3.9150315934988944 -2.6157071199606285
-3.521420907304167 -0.866481923342203
6.975941030367412 -2.6954045098067914
1.4435763678481983 -5.065735537359841
-2.3509849389876276 -1.1697327182721189
3.0219282204543276 6.907360840100495
-0.33395178239703327 -5.265950654848339
-6.883555036652136 7.8024504091559095
9.1624545005497 -1.0330095579109795
-2.9477268008315383 -1.4275688876975163
-9.546975970094614 9.270682484171918
-3.3241617066704165 8.90358193421186
-2.4591237550839047 7.639052872498631
-0.07585209168413698 -4.872084198626543
-5.755863509664616 6.050941310527207
-7.463852940478793 -8.82165769804807
-5.533620144671588 0.4182777273652434
6.125300170795256 -3.7664115608671818
1.2942229561381442 1.9846869288889266
5.735384803827683 -2.7029487490708455
5.8310437667407005 5.027404714973043
8.197140464848566 0.4124360368551976
-6.72899175120971 7.139173199922617
2.739207115680248 5.356897414292694
-1.856343145241663 -2.065024880259541
5.774094683333978 4.760434752994652
1.846763671034008 9.851253912010527
2.5357335167805104 9.268015035230224
-2.1429965514324545 -9.86848052513762
9.213267184358838 8.079820120460937
7.472703005935948 0.5251413150002762
7.977260453939536 9.804894615668392
-5.399756697277153 7.83600715062984
9.853952538347752 2.057739900045256
0.48032151571853277 1.8834891264189508
9.714798334457456 3.4724652010444483
-2.1594483713625934 7.129785898337268
7.81600530709785 -1.0689175935755202
7.232977580593982 -9.453307818134068
2.94203544848002 -8.01217805175831
-1.2073127160510673 -4.861831519523172
-6.569942416840258 2.1628273991050957
-0.6116403755454307 3.5274758909289172
9.776067158129187 5.2452702730422
5.180456462072714 -4.1751689113703545
8.364839053688641 -0.7311385623135163
-2.3605386666349526 7.6368916533785445
-2.4709814838221744 -6.134642658614242
-7.884913616155673 3.2625452947881843
2.164415214196911 -4.3645448961272475
-3.9771705076203663 0.14657538631676026
0.7736729205131851 -4.644135405516745
-0.8606111092238216 2.0657345761341794
6.95105439571698 9.63842951703294
-7.197444701814854 -9.62901274689372
-1.33525558388747 6.2067304836084425
-0.8124424005203146 0.9635256621701842
-0.2021585881240444 5.2638168651898845
8.706811689776835 -6.857977434396442
-2.3114138752278457 -9.44150560155039
-5.427589961651831 -6.207169366194563
-5.188060381046265 2.6148429051808684
0.7586699167622761 9.506359072395373
-8.664781621688448 5.260604890704602
5.770639674425826 -0.1247735275392472
5.100478105090287 7.556597286701411
-0.44686946159193397 9.054520832453399
2.2468367576242176 8.589081651769568
-9.02135205258596 0.34506101604655726
-0.8954801297049269 5.442982895817263
1.1346165046335202 4.090922644665911
1.2264832364036948 -7.2115679815425455
6.873006577990807 -2.5238371826480126
-5.759817739619988 -7.617713935255768
-0.8363055796698049 -9.575382042358827
-3.13036633162514 -1.4716940158112806
2.38947714722139 -8.202336733564259
-2.252895877768861 2.827053565484583
1.1329866506725956 -0.8606503408352673
8.907189530547175 -9.359022983231231
-9.409695548398304 8.959252838460095
-6.6039451102582625 4.006116966884875
9.453450873455957 0.40068267033872473
-5.888856299459153 9.350113226239746
-7.33785301174021 -4.5904988901060655
-0.5508692102334933 -5.456882492479087
7.595806161979041 5.873022872274232
-6.77738297183609 2.922711726666712
7.791391243915516 -2.2867832569991586
3.1449625567810493 -7.567260891660288
-0.35659934486431233 -6.961280166306589
-9.557752526764439 -7.6427122479434795
1.4748443216461578 1.582212980780561
-4.306722412257278 -0.7967718407641762
-9.102329656538169 5.240260299238692
-6.549128072300858 4.1188880688555045
0.822535267251709 2.83289760134911
4.374160938817083 0.6800747307950523
0.82530880512072 4.960565683572328
2.405179963205308 -7.529762150124388
7.197602636593434 9.14824217311779
0.8678371804129181 -8.081896145069983
-7.1787252893807825 -3.229823607393339
-6.984255486293347 8.993469461712206
9.904004908989723 -0.04295172955259119
6.785559610132122 5.260123652310771
9.044474169452286 1.9018471519394744
-8.112148980068861 -0.13964896599186005
-6.130639938429141 7.880088488594087
-8.306649850576653 1.145759572271448
1.5928138799128035 -7.993443854358486
-5.367532072978092 6.2916108739885885
7.416672800234522 0.8565568841664088
-2.925631659161347 -8.361629436002865
1.8056389318053903 -7.674326234095674
-6.1266201465007715 3.5840752060145853
-2.2120622447287523 1.270063311291791
0.610310333213814 2.012999759957925
-5.568060827911623 6.577441528289533
6.744766254023659 -7.354196828654467
0.43900192710114183 -8.009542041005835
-6.826158729585168 4.393142339746063
3.426125126937558 -0.7639505882587692
-8.399139222454169 8.142986172546948
0.15954096348215252 -4.312223141511213
-6.2141221825341635 -2.0534756193971067
-0.7162544909556914 9.30064711347622
-2.6335167217321853 -2.4096515148909887
8.72512834978738 -0.9232788196240023
-4.750908927684819 -2.53622390445358
-3.734587328403169 -1.8941826674511688
4.697645458384672 -6.484903953458834
1.0371635460658357 6.17004947970657
-7.675854403989629 6.109530964887863
-6.480226401798042 8.505588860421206
-3.3374504620700796 7.589617017020032
8.929414554037894 -3.566832587157238
4.845738127542861 -1.2181712837228282
5.5966754508134855 -0.5770062449463254
8.53422074718463 -8.621969517069141
2.256948528650275 3.792625323009176
-6.595251074110921 -9.854927835975214
-3.952199321241949 -0.2593389007230975
7.2729865207650555 -2.7783419660786013
-0.5641934890185052 1.0554762692465012
-5.263233618558248 -7.260366978224
-1.1886379435697982 -9.787492997830471
2.882973341835646 -3.6545862243257154
-0.7952471428284387 7.377903672357192
7.133104926389397 1.8545428183435249
-8.535961583347962 -6.076324400311903
2.674485885673519 9.391401951582669
-1.377507130121609 3.2148694693293685
4.378775535490453 0.195026387902125
2.6963806056624744 -7.004502955913708
-2.0504480119502366 3.7579814153743936
9.025108391474955 4.280584311146578
-5.491627823939638 -7.107522928664474
-2.7243975694627753 -2.6383456193443022
5.300300991189006 4.289718565155898
-5.748171006819303 2.0443370759140116
-9.799355709973748 6.690330975361917
4.916500901450808 8.813872464981984
-3.3863996602346162 -4.387591097326757
-0.040343236876637434 0.4150226256754852
5.78282788255369 3.9755090623419918
2.911723333161607 2.960678267173005
5.594064051799583 -0.6435902088397398
5.9385754582907975 7.839093926991655
9.858661233745359 8.571845903900119
-8.05171301988251 -0.40689982564042815
-6.762987719483585 0.7326706290634704
9.088195639086159 -3.1256449675278297
-6.599776106795929 -2.438616526340967
4.56450486799093 3.7189162024770788
6.045849867494326 8.019658788364573
5.593047605903443 -7.109133643498233
3.614803473625841 -4.429488116883828
5.790425831474778 -0.6070364139529065
-7.494590623132469 -4.698585942053666
-6.178917302125891 -5.237793845186021
-2.855448097617044 -1.6981355671897376
-0.3457131292087219 7.93437759126159
6.17729660269849 -0.11065727366076139
-4.9350542370339685 5.493358714971265
-9.539688745399097 -6.46900468833945
7.956608566788269 -1.518291734572692
9.338742643455287 -1.09163118956927
-4.436851514713027 -4.992251846393687
-1.1229416263610386 -2.4288135614172734
-0.7222641624552057 -0.6421908756192867
-4.850425698744236 9.3301682364905
0.6275075164142407 -4.5775733516457695
-3.0144909919417096 2.766000095152229
6.390722222057992 -7.03933567772652
-8.739476595544646 -6.193050719891833
-1.2674728803499473 -1.0419784264043823
-2.215457109865917 -8.160943816463892
-9.858716058422573 9.290611584443578
-3.2477945007456217 6.295399347409003
0.4143001962267263 -0.6474103457437117
-4.740664716807541 -2.563984675052491
4.03902301525914 4.3058023777159615
0.3437571787383682 2.166349013223666
-6.916614539240065 -7.577883804393323
6.235812214961143 9.542426675507414
4.771674410333448 -2.6384613235624066
0.6887415665674901 1.4929526421387944
4.749239184285196 -2.7050301737082822
-4.180864201446508 3.979593704668156
-9.787572956905773 1.6123466643141882
0.4773129075850058 7.426883562919016
-5.590393862896104 -9.093470284805463
0.3591876878159823 2.9883757726384594
8.067098098873242 -0.4765815660972894
9.610972071706254 -8.614983383799666
9.550156651290568 -5.86857115926618
6.5751222029250265 -6.593561837475345
8.061603114061636 -3.716097399601683
5.179808449304609 -7.157966343057409
4.1115583626547885 2.6961113671654324
7.255697619884774 5.527475005390057
-2.061692555598733 6.748772994440159
7.389019627078039 4.073735348461218
9.33005083543144 3.3884988350445653
8.199721277215964 -6.223945049723653
-9.602687781893566 -6.642830762536938
-7.118571765816213 3.3608042816043433
-4.980520008812189 -4.845492046043973
0.9507578466754616 5.686870116247803
3.090841053043821 4.234439829089089
8.739528955945431 9.583210501485699
-3.0215274477599685 -5.9973399860721095
-2.452390176093882 8.571777071643368
4.061110819327084 -3.9187911047283013
8.127288981723101 -6.63698935678064
-1.9179581721171566 1.812319872821174
1.0944045565936555 -3.969044977055436
2.9825240459619984 1.0138316732620982
6.7473308181780745 0.0052476683465574325
9.167988053484553 -3.8387421316154535
-1.4935416640802206 3.9396359910127714
-7.39001828851973 -9.029517555472129
6.012350835767222 0.4662212243182786
-2.105922251291754 9.355301956649605
6.087954511498143 1.0080807260628362
5.016758942815036 -7.009679439346163
-3.0648701741574325 5.644608517370653
-9.682075562072752 3.433932121728329
-2.6577230395596496 -5.920059903483894
-9.639510013855542 6.016255367574097
3.4325026656455435 9.941061517417374
-4.99601037893076 -5.566258395090882
-3.8801436701250402 -2.748671910516956
-9.332350979682218 -6.865045080302625
-5.279158217637267 0.09568352602936692
-5.326947066733483 -1.6335586167574938
0.013692461174979798 -3.1819058238083624
1.9938219801992147 2.731573125811096
-8.96199443660077 2.6591961997841302
9.779543942970971 3.971260336216167
4.706220754873389 -3.3291039162845415
-1.0086004940971378 -9.091036721151266
-6.482166321431285 -4.038856761409441
8.737578961118714 3.6321313931991277
-8.4978496056481 -5.024380900555336
-0.03097763597314085 5.165499539224253
-3.642208005903596 -6.400619280952626
6.626042690626544 3.6600724416300956
8.160337496450836 -4.185933955629169
5.063759474802179 -3.3335915272221506
-6.180007898894855 7.643787917562911
-4.523504895065413 -6.203770839908631
8.316470356506088 -9.563403921197654
-0.4040077402225535 0.4817415693710565
9.90873216134148 5.7684827845073166
2.4192598071096434 3.158802425749327
0.7163175624552522 4.497865291585288
4.370257000843976 5.102349075216852
2.5169241519560632 -9.615456868081814
8.86183613094903 -4.452296449474624
2.153250835922087 0.09379143408949275
-6.598328108268127 4.026496309558178
-8.825179088597299 2.536351778339432
-6.296249962852136 6.987751671107958
2.631027197542009 0.5948705925142654
-9.994702314398445 7.565503575983698
-6.643936233529297 -8.300018886423041
7.798102959963984 0.048314039346148974
1.4423374305677115 9.874293597094109
5.930423437845748 -3.4376785565942924
4.81295686779027 1.6305381041279787
-4.700930237614744 -8.924566247873315
-5.3369799349885465 7.214710995905321
8.978834059204683 -0.8160268056910969
-7.909189132252045 3.31932195516921
8.828888827163393 4.930399137286008
2.375791121258157 -4.932765951450788
-4.6232492106808865 2.2454384705286117
-1.843914569446385 5.148950636217064
-6.780864942420459 -2.131079368328084
4.5580858531893025 9.914273895575306
7.826496704585576 5.3858778843626816
5.558920254468125 -3.5591331302532154
1.0950809476546315 4.879720363664934
-5.291787703777633 -7.502750546381525
5.756618795787439 3.4869232842361626
-6.090788479710005 6.444816127157857
-8.566295424050999 -8.94350802112432
-5.558176678615856 -5.938095172571954
1.3072562210303644 1.9286261922633088
7.477451876027057 -3.793880455933243
-0.4425059606676953 0.711627529046563
-3.6963431393678725 4.901395592147006
-9.445114941763272 1.8893876185609049
-9.28164619605016 -2.8726526005515796
5.088222836941426 6.376613579872956
-7.503725166055222 -5.138076739482502
-9.75434386749916 -1.1558939708103324
6.4848433513107935 -6.678212412625449
-7.169031107326145 -8.92857884184493
1.368412294538338 8.302405039685489
9.271949301822328 -9.102739656187193
8.926791027677542 8.869786690937616
-9.545499722256409 -3.4530767345490387
7.980624326256564 -0.42907751560123586
-7.766209957632415 -5.199124796273775
6.142275485717985 2.583642064880099
-0.44587032883258004 5.2798362385612325
-1.6890047682912783 6.34828562326501
4.589220815063815 -1.122966313315004
-3.6694999333276312 1.4531970841809372
4.300102391385067 3.0034452860005736
-9.517805354168537 9.283480037726253
9.258998678460223 5.162225717035362
7.630592224694176 8.737220614064277
-6.1254661127217025 -2.7286210384860095
2.7125956673095057 0.5126660577738491
6.424441195062062 -5.408713419036026
-1.553047314515828 -8.30771239109982
5.1607549634522005 2.192350202104194
-6.545122969479424 0.628317491654089
-7.091827741236187 -8.396311237363353
-2.8657855510693375 -2.825169038188264
-9.842747393294257 -7.368071931212348
4.8935516902372385 -2.7189180286303793
-9.257176663741689 -7.2223516956504685
-9.844911921119479 -8.414260287046593
-5.6900637781862295 7.539234497675459
-0.27521173909790875 0.5925206904324742
-0.5635857324382023 -5.615452253790549
-5.769616811529343 -5.654483899073146
-5.89385317160257 4.172135551697933
6.365338899296937 6.426637084820754
-6.567574919938326 -9.891440283927473
3.109007312114178 8.455976714896217
-0.7623638356408868 -1.6882133978462157
-4.528882855556688 7.986259208843244
-8.551334421708788 -5.402986823429727
2.2153624928062037 -3.4386666958256846
3.646287657155579 -8.595391028524727
7.3439994924707435 5.988184544718546
5.972294126273317 -9.653788851449576
8.252050670183845 -5.9930519880204365
0.10518711920918022 1.542749829213987
-4.1562805799035 -9.809232541847761
7.22759644557571 -2.860360136540903
3.745210312348826 7.5729370448922175
-3.2035556317977187 -5.040593631572072
-5.649114505315698 0.5731462471559734
1.5807015116069891 -8.864427309261018
2.154753507620695 -0.6198866366226561
-3.531502996313238 6.731527277861076
8.725506213169346 -1.5593882542959605
-2.372362806499244 5.391577133819787
-4.413951944669305 -4.187228020771232
-0.43449958422192836 9.973534583711242
-0.721592398953474 -9.312128481580345
-7.395152646295806 1.0590477543701216
1.917424566584538 7.312994988656328
-5.803371242279831 8.605422100897712
0.5877417750647531 2.471790031663465
0.8501696661182265 -5.510241173759507
8.01212797558247 6.695389912487293
-2.8191213907208557 5.123797709849651
-6.568718326840854 0.7569111369126968
2.26014425603249 -9.596984745097586
3.119101966429348 4.160737511365811
-4.958944119871314 -0.5755131360722938
-2.8317275896591587 4.67675178111107
3.751716621314838 7.2032154044114165
-7.21674935359673 1.0938746907912495
-6.688861277295388 -5.284693445889401
3.9897694668475516 -7.348522665855446
-1.1195079693717513 4.575504691486813
2.913299050726497 -7.5003531449168985
5.461560908188954 1.6544173563570634
-7.233238902541636 -5.316074925607246
-7.05688572893224 6.03917974556682
9.268345009125689 7.0966438422974605
2.2823624014074912 3.604129313697161
1.2517414824446487 -1.3383018224716707
-2.135781041473628 8.575440109015172
-2.170410854273886 -4.971205327732919
0.044066873437440535 -3.6398974284478847
-1.5825466556202343 -3.0926670762576336
7.39557603401234 -0.3232666746416246
9.951811769120905 7.924054451879229
-6.943761129230726 -0.896547700812679
7.629942709448311 -1.988090896263401
1.4236798328453855 8.273841098134362
3.7242522261266267 -8.313062099848436
4.854473804083137 4.405926028717474
6.7211220908001295 8.596941941827566
6.2408098796724545 -6.384162005465736
8.689232294866539 5.825079380381634
2.7948507911681997 -7.19292462429337
-5.291462067063484 -2.3787347868467705
-4.3271340814311205 -0.4170782635153447
-0.30244989240864584 -5.846572578665466
5.906032802767502 3.257970736997791
1.3435718109470756 -5.1031082232768
6.123541140301658 0.427473735844103
3.7225160071198378 -3.4571495113567385
-5.449021257692317 -4.083335221119042
8.100029583886638 -1.8368460982217591
0.37215551335818375 9.379802126146892
6.964537784221008 4.135326177138589
-9.896574167834792 0.9719771628274394
-6.801558301345967 1.464741701237969
7.142728966048093 -3.047630013385996
-8.768771736111354 -6.77885170571404
-4.325602596505769 0.23157389578133447
3.8127628757114618 -3.570203627571815
-6.98366680036874 6.388379740677813
4.996396416342495 -0.5698035002431538
-9.871646139749233 2.0937331329670013
-6.853585319040323 8.888508999093276
1.8120934572362675 -9.667271171710645
9.64808646055575 2.641747082337462
-6.895157108565517 4.753748837548814
1.5896161545443892 4.3044677780630565
-2.8430125689202113 7.668771862496591
6.107280792929526 -9.242413624617797
1.7401815867647805 -3.4735975623413022
-1.1438417921705835 -2.692777835027398
9.46247510400935 9.80401731017922
-7.58854307162772 -5.5634461957713555
6.46394404865843 -7.897195466917055
-9.757106586507335 -1.3850134366085403
8.796353350042555 -3.61885106532913
-4.947621362686922 -1.337644859386085
-4.891650419153142 -1.0692268959027018
0.05201905284396169 -9.637995793236092
9.086803834965892 -7.010660412809557
-5.794139411009249 -0.5983150055100879
9.614707236414375 0.958567873718831
-9.216638759320027 -9.767510325389805
-4.697388698253597 -2.03911451966105
8.551696533907656 -7.855142612762151
-3.6288779041729775 -4.476919781161584
5.063220078550792 5.767284431239384
-0.3710342080238149 -9.990760859367956
6.9491434057839 7.962966823773169
3.312446975284205 6.786555780598231
4.253930144405176 7.995349704977958
3.6462268908612128 -9.784685805298142
-3.952662035062426 4.2224633059295495
-7.730699359269386 -3.223573814234479
-8.447420363481012 -8.022526134741044
-4.5242488344285325 -1.8006805361533207
-9.023940036840468 -0.22333951360543658
-4.6826737889490815 -6.10207782074037
1.0385527958500536 2.7000815932477416
-1.4849730164112849 3.874549840506848
1.0064325459182974 -6.7633554102593845
-9.222182730735817 -1.2548933436655734
-9.2853214954466 0.16666752788926686
-9.200554364615968 0.8409614911248937
-6.6120769142916735 1.5780099788864312
-1.1816017311671914 7.052664453309806
5.418254016560425 3.27277141156015
9.473876510989065 2.778256216644621
-1.2861559679147394 -7.745805144987203
-2.869054797152555 8.332696695166085
7.305493400325744 -5.9899103486504846
-2.299133803582805 9.932747167214401
7.2936975770782695 -4.538072094228827
9.257725446599917 -9.583852106148537
-8.797069005718507 -4.28209095595264
-4.658110099619308 -0.8887283292622339
-7.172339257984827 0.11154226740975659
9.409404886230565 -2.9467990650276725
2.1103155868003505 3.040311173330565
-0.9563435483313416 -0.285903298903218
9.278588185538396 8.284887476270256
-4.615281641715619 9.918277351341324
1.398757252521893 -7.806970028486044
4.6861384353874485 -3.708097003851652
-2.7693340808124445 -2.2567307315813467
6.216410426120756 -3.3153277364590767
9.26504036409299 -6.164368439591907
-7.833775697589989 -1.057896616134368
9.316337305005025 8.022062630184614
-7.157809518136586 2.8363131172841243
7.981500644341203 -0.26299229319076645
-4.493657613591919 1.2013217894255064
2.2615345646318303 8.246947943166955
-9.533284372373515 -3.025535726227549
-0.7085372161158698 1.6903975509151437
6.353353503340603 7.114513843393581
6.330135552098234 3.5602325532392864
6.972284102636856 3.3957447426959604
1.4589742834542303 0.9005875775674266
6.102618277049039 4.024777336338657
-3.986884638585442 -9.535971440213768
0.6049089649711128 -7.031904790566552
-9.627706580397744 -0.3734864244306557
7.301299573616056 -2.9708270546768656
-2.2187210978559353 -1.1891998081664905
6.246887199864169 4.494334813244297
1.183871555292832 -3.2841595590257437
8.308416238452836 -6.289842420841096
0.4134647674616527 1.6324080339881242
9.651575918293464 -2.2185769608484147
0.4900110047404773 -6.847669692505891
2.5628946002538093 9.513718359135865
-9.512021680669708 3.8299125899590276
-7.7282566875844205 -3.384931633718276
-6.576563622102272 -4.326076652224979
-0.17716132587001887 4.2554004186229495
-5.737086338657367 0.3611888111678283
-7.512008347652532 2.394117561468194
2.854262694086085 7.742528736926339
-9.49027355745085 -2.092061079488019
-9.939570153391477 3.897618310996357
7.165896819229154 1.4479127427440996
-3.761038167793032 -7.830320057022888
2.4356041065225913 7.011747883046716
1.4452687367178427 -6.458217177608072
-5.084349612347574 -7.606706552882942
-1.2697821813825385 4.229971229912708
-5.270744610699962 2.88917100564257
-5.632387395965861 -6.4537372769694334
9.707568120415136 -7.049435580015118
7.752717472500393 2.4692214008796682
-3.5075067799266924 2.041030229376732
-9.506739746526225 0.6608803730994062
7.84546618508114 -3.348760321269264
9.667854985309134 -4.484547786933217
3.6916018013783525 -8.283132941618899
-8.544574370738342 -6.952665697042
3.4960763617612756 -6.934859372888688
-3.5702944355568285 3.1928606606590613
-0.3228373659715693 -6.937973063333988
-2.64231363857194 9.274183240460026
-1.3040394971304803 5.892208573243183
-8.150204185540646 -3.6510474403149136
-3.9431479018407707 8.129859531678427
-4.137241617928245 -5.1406923822346995
-6.225131462826532 -4.472618524216161
5.014591610363846 7.2862624732203045
-6.316545637461273 -3.6389718179397557
6.544905290384605 1.8137098990594858
2.7710813171058284 -8.523981064820346
7.85009191151196 -8.869195690609226
-7.447526435424081 6.954236049547433
2.1961115947721215 -3.3506098789648693
-1.1430427543506099 9.58183346346489
-8.61990190302743 -4.741356512248807
-2.0368162894836273 -1.2346706734043984
-7.71701795937757 -2.251826928839103
-1.8736306186651053 1.6496788784943224
-4.819760753274773 -6.143656904142338
2.455435554611732 -6.047864487065791
0.7772446265428137 0.19868341784618693
-2.912935341278809 2.767782465661986
6.994025290188453 4.949946563121973
-1.9450907868843252 1.607230223106228
-4.489558375167563 -5.016626805297739
-2.8580914596774747 -2.2444716294006106
-3.867674882895056 6.460672809672637
-6.327534633317978 4.539675692753997
-7.1241500533867015 7.713110895030965
6.686672479360194 -0.2628955278163847
-0.32215729360490997 1.2563065778981404
-7.656313129527175 -5.7378579174663535
-8.782551208201411 6.769857488854765
-7.105164390127065 0.5644974856273226
8.93669377643523 -6.725901490890371
-4.56474563907345 0.6696728498189692
-3.7835531748346884 -1.5098548417421682
4.43439005621919 2.212300385530721
-3.2924067866787894 -6.935401425577126
3.530562608781512 -7.347776216804569
-6.168125419559988 6.3992281232239066
1.0529385864064196 1.6715068680684464
6.397911833712943 1.953525601190389
-0.19857803309012212 -2.8445103020052187
-9.376654926980518 1.3227722580987091
7.033733347011463 -5.322689445086577
-8.487661064841648 7.337724309042848
-9.809447969941662 3.7258869737324236
-1.7721513259005235 3.783575125527319
0.016361502040179943 3.8487143287908587
8.524255615880868 -2.2401527552067098
4.327415322664773 9.48296520058586
-0.8716120088935959 5.628307375363109
-8.31266784965511 -3.435184014613048
-4.980828860334034 4.634701931302157
3.681521449120371 -5.648513587432316
2.242420843643128 -6.728012382473669
8.775356237965262 5.244419794346493
7.118175414130668 -5.48617830154956
-9.24361598414934 7.121333982566636
-8.373488687964263 7.158184074545289
-2.8924373503473504 -4.754932992162047
0.05892781745896514 5.1373993578052115
8.634224529583477 -6.540677581735568
9.265445881685778 2.2005417580199946
9.555081899659406 6.845621741515657
2.6080692432588073 2.4418218726588528
-9.022053271364097 5.324986502399412
8.375627311208568 3.219706500842852
-6.601689589438937 -6.751451206475951
5.842082438722368 1.0225152553086208
-9.75209756306844 5.857222720664456
9.710689367593307 -1.5571931208627614
1.6699306431080139 -5.768969982766306
-3.1707317739040626 -1.6013554172806543
0.5403064329314855 -7.944093585182674
8.989850971757804 2.3960272661604627
1.9502802333596456 0.6202993876270657
-6.137191219767153 9.334672797196383
-6.66712447426717 -2.9919594859328003
-6.866983034797762 -7.864257539000894
8.747779745694405 2.335709394270598
2.12278770461789 9.828544674864713
9.499274825899406 -9.676036110994117
4.767516249377856 0.31112253382392296
0.06804192357821393 7.1954904228800025
-1.2002108420891915 4.2944410124490595
-2.827880206855811 -6.5639905264569665
3.055442944053393 -4.256055176505951
-1.683770997660547 1.6165292528560045
-9.145162037971147 8.284049601939671
-4.398009114008761 6.223365477072072
-4.803067119893798 6.638553961380435
-9.711723648517923 9.375940780402267
3.0088995802643126 9.248126944520848
7.7993712921851355 4.376760421341908
-9.702133720928183 -0.5645945964760521
0.9909635128807146 -6.750604980539247
8.473651577265677 7.9688721961789035
-8.275635576198654 8.132637168270506
-3.9376935581757806 -9.6008909738279
3.7812012111423225 7.70253765792134
6.955022246883942 -2.5666181779377295
9.621472214257068 1.4317386818089481
-9.105973530612006 -7.066430580367012
7.708245015044351 -5.373980866309466
8.465480970985372 0.5550541026633677
0.6461208131744627 4.3763362855543075
-6.40094822299557 5.004474775158421
5.683584741484173 1.5280880228629794
7.45758056673052 9.5534232146704
7.071925060257584 -6.1241495851805645
-5.3493485629883875 -9.582516978702946
-2.6214742799388713 7.827528414846906
5.71279844093354 -3.333110455320602
1.7794111493609748 -0.4898092394520841
4.410178616191585 -6.857345378974342
-8.438207400364572 -9.962494786928493
9.70324571358595 -9.325363637867811
-5.761636875240539 -8.486664602407657
-2.7972845488083298 -9.543502816164542
3.813397870648018 9.161827222257266
-7.356995898075089 -7.548624047038834
-0.3250527392764351 -9.2624505275989
-1.3820974273936066 -6.311396320715472
8.163621114194093 -4.846599909438827
-2.4257022338795142 -0.45631244384405534
-7.0508711862035 -0.4717517564429041
-9.603063992011672 -9.741690741014551
-1.4252860072895537 -8.768350183570577
8.185919712326623 7.21499548317253
9.709161863385972 -9.262439572369537
-6.650269170131143 -6.0131504709489025
-4.095441405649911 8.6637653650746
-9.754031611209218 -6.755947528635398
5.606208948375574 0.841250347943598
-2.310094164173762 3.4643590307830845
2.2806889287712355 0.17726475545761033
-0.5429864366097839 -4.453669697913803
9.185373084128685 2.567315585302655
-2.916821387464104 5.898690940763531
-1.9991697510496902 3.490076058516056
-5.282983899522398 -9.875398351775857
4.853681308220716 -7.803974358406651
8.48209049127432 0.7177935530845936
4.078068527597569 8.71920655271948
2.201925139732703 9.407761618429731
-4.060580276023376 9.847967791782192
4.555023837343409 2.5605637494002753
5.4260117520016 -6.746238948927237
-2.6307374951418883 -8.935978765558929
8.686224130349519 -2.913818437919044
-1.1547127764285303 9.890102288880172
3.528121108710323 3.4792901879537013
7.22746599877804 5.361160988384819
3.359033754677835 7.101455415367962
2.663821911240831 5.179835301212027
-2.3469207072820026 5.094769635519349
8.489874705091733 -5.749859911342288
-7.607318825254136 -4.784163573918105
-0.7937760956762538 -6.064769627945708
-5.817374449612838 1.6846964413783567
-3.582500538838236 -1.9073895677826442
3.5485364531779453 -8.380617910115314
-4.636270731469921 7.810478696827051
-6.23805109661337 -5.85737150184795
5.5198273461465845 -3.370583403572665
-6.362559999300659 -2.205235370698462
8.181335804568537 7.82221459180932
3.0872692122783683 -1.9302746191444768
-9.258294208183827 9.623529833299525
8.645389226177414 -6.254997788685566
-8.655232643374058 -4.842070455334397
6.74109703769906 1.1574890464232368
-9.994658606286539 -4.743203575231291
3.412682136669872 -5.6574816612579575
8.035661018541582 -7.1887234480041196
-2.212712573081321 -9.729758450307052
-1.457052690870741 -0.42746235188050363
-3.401492195973203 -7.404928836746148
-9.254957169695132 4.075042619224066
0.24742936237876734 8.854929980842265
5.1561086977473956 8.33905578454836
-1.8874515243473127 0.015577523789305658
3.9124133141311788 7.90490399647506
5.362417439168388 8.969422662768658
5.4988698358365475 -5.947053754915443
-2.7676974192941906 -9.5582705123619
3.9490803363178912 3.471708821659762
8.008886974506332 3.1156216465475595
5.781583156535479 -8.129281999235955
7.576789712658975 -8.152647735629683
-8.329966012075003 7.415907964661329
-3.531468255827958 -5.772300691537113
-9.03166139730538 -4.677222223769055
-1.3147366358264438 3.889794931463319
4.1328387777237765 -0.4949367270714138
4.815580106838651 -2.8484549392463094
6.129847051481171 6.000436543107131
-8.197061410881695 -2.1078702255130244
-9.662022801907339 -6.6496268003666925
-4.780602281369639 -7.757617716916552
7.555756079197913 -1.5483212742508812
2.7088804776136826 0.748941067737178
-0.287171094921737 -9.834571157326685
-9.41471889406414 -2.8347039613641067
1.9120986044273636 -7.233976236439994
8.674761757138107 -6.525710430957403
9.424047331414048 2.472423621672558
-9.005913521786308 2.131700196278265
8.205068730781427 0.4515333475404564
-0.7425664257333011 -0.6125749569322263
-5.339039028508816 -8.445989183548148
-5.499662187437688 5.488954109996758
7.2115627479246385 0.874350964852157
7.459091731365874 -5.828155482429449
4.040564395737665 -4.77792429348848
4.73855172441267 -8.425411816626404
2.8837890969992497 -2.1711502797871463
-2.3200199002441764 -6.407265737440286
-7.8159661222336885 -9.567759672760793
-4.247877154231501 2.0542602335859783
-4.648862092898598 -3.204590304187196
-5.003761754539193 -1.0034906404596668
-2.255841802981429 9.457553013350903
-2.9477656726236052 -1.5002328300612096
1.231558624136479 -4.141740173251756
-5.682912596555713 -8.890684261401205
6.320858214903492 -6.592682299336228
-0.22002067665539826 -1.837312251434021
-2.5658590499481075 -2.263970292561675
7.322780260127001 4.161279920696948
-2.1553738459552125 -0.336260317916377
-0.6696973187059729 -6.547348977873284
9.88370963635721 3.7715467116773933
-8.72010535756203 7.855466273734713
-3.3107670896684933 -6.008195824954862
3.028149514963907 -7.022448209526138
7.861173738078147 -0.9795080695941643
7.470239228959869 -7.273683152576345
-7.63260671127129 -2.2788792086175675
2.01558957971573 5.575781307636873
5.282139633094198 3.0794231817966384
-9.381115794818943 -0.18476321279219476
4.6091113993940525 -3.8912394376258996
0.2969432725361649 -6.267087733842671
-7.960564410600799 0.18034443223504937
-4.015592541560871 -8.855557691211818
8.634960710277099 -3.6849978565884056
-1.258751260175666 -2.263933978309012
-1.9343753775449724 -5.476537421986114
-1.203010292719517 4.772831994594458
-6.612978307870461 9.040331260906772
-4.526755973609506 -4.086996192044827
3.547549264341015 5.7336645411139315
-2.6129528292570248 -1.3658987511471885
-7.998324260821416 -0.48728736437901077
-3.9552616837257393 -7.575295777247593
-0.06751022183049216 -2.91918955881739
1.035415939468514 1.1201143544079422
0.4138638000407635 8.009537965424563
-3.144470673129545 8.68777174677064
2.1040065036203046 6.0959259981120475
0.3105384775033766 -1.7022318816703894
2.7238624933838445 6.7139773462743015
7.02811530375903 3.832731511480894
-2.417136407783726 9.332765324243613
-0.6488985846597153 6.115737633152001
-8.642568957980167 -8.987433960742077
5.567571846238726 -4.150068796249517
-7.498127319594374 2.265985253114202
8.550972208373992 -3.1953980082492546
2.806343627405372 -3.856401692096087
-6.973043645032925 -6.747023336456168
4.123094211230061 -0.7601827172922029
2.918458985926353 -0.5043051692473242
5.857587522333008 2.151866008946346
-2.0699597745233556 8.771131610337445
-0.6280299918124488 0.3564522936102037
-1.6006969964771791 2.4881516470157052
0.7370468700384247 4.6673659254359805
-6.503782368032962 7.746033699590484
-8.748225124074345 -9.20863696634331
2.9664288268986976 6.5821956592549675
-2.3526957162232414 7.343973881909232
4.436792178629805 1.6329429371204789
7.223560608074486 8.430458579324998
-2.228319124560157 -2.69029027369519
-4.548320316364856 -3.911919711846153
1.0295656174536667 -6.170038704031127
1.894125234076121 3.940008360365164
9.946783821830355 6.585296675684205
-1.2905380394601131 -5.152527579119328
5.301468462502948 7.926964741929364
7.332671873348719 4.586472227631887
2.8278699070191404 5.5164881102236425
9.455657219284781 0.5023142582792026
8.37128576613005 -7.509969694676945
-1.4021702063763613 -5.723695605749306
-1.4048984143671888 6.124881357900655
4.234399252801369 4.169501444317747
-8.980725869916482 6.44089413379583
-1.3608075933355153 5.767724698727061
6.429630044163993 -3.3704383121032926
-7.3145799273533285 -2.8745433615647027
2.0265914141013823 -4.233790197435223
4.2737967180441 4.76595435640656
-9.020172191160274 5.991112457227057
-1.1642408747373683 3.0291782767029787
-9.36256007635247 1.7691942505824905
-5.905459576133074 3.403528013526831
9.722734729509362 5.170044043032259
-2.2737263200127433 -3.9465439749760893
-3.3465979673160113 7.259384423329351
-1.904645965043926 8.260991848671019
-8.931836148956087 -0.3217141878255365
-7.486189081894263 -1.134073558717656
7.177191685117073 4.501472549564639
-7.564951477388928 0.7990361106842983
2.765564471493665 6.980620373099427
6.930477514955562 -1.1410417632660756
0.9568346346703436 7.079049752009322
-4.679532118744591 -7.964597078208007
0.5922801637065582 -2.564095822359274
-4.6543550699808485 2.128666047706531
3.860984256182542 3.6524159877748446
-4.115137720819693 -1.2042120320642695
5.998964036407459 -2.72262469095351
-1.5132338953967324 -6.423399140397121
2.4108469947977795 1.7185888765273454
-1.700378493713007 6.000037279365046
-2.565431280032227 5.720492198474279
-9.895930803134432 -6.4201703671650545
-2.16272392287308 0.41445703952123125
6.461583135588395 -1.7690714122246831
-1.0387432291542886 9.453228277862038
9.034335448773955 -3.2283449788262235
2.663085865084831 3.5800740063628
7.004508404808973 -3.161557892056015
2.5300012285151894 5.257155199659689
-3.469749513530096 7.360802764734444
4.2141179440759675 -3.488536001281255
4.813651401311336 -3.9057981081202353
3.6549588036918284 5.716570816973661
5.072407569962763 1.3644888030012616
-3.988959147388007 1.0549196068577764
8.390171891423506 4.810165978453282
7.745144111865741 -5.146173107666372
5.252114381778714 -8.604098603242447
2.6688545017638 -4.982882082609727
1.9389203739269316 -5.522767399238049
8.241223168360815 8.051492374095151
-4.060083569660353 -4.153404588488021
-5.30546484443243 8.476780432475916
-0.45612403273042723 9.20147297998729
-8.969920989885289 6.55065279081996
-2.302750750694975 9.242280489436297
4.096026882096027 3.8812378500365448
7.126496672868651 -9.037630140797962
-6.723257276132999 6.794127438192838
-8.785598721237815 -4.085233592344643
-4.357211648319974 4.6144882361760775
5.7384657832556645 -5.489235276054365
-7.993332589522357 4.037081161378664
7.822107808750886 -2.072930886472772
0.33636472012457475 -9.152106043854761
6.013467584768268 5.483530497178551
5.945555345303541 -5.811370065618256
4.092236100005364 -6.407942674154081
-7.800561678376983 -1.2369740344288243
-7.350013866259902 -2.23371978440343
0.5228171916129014 6.4548576846215475
-5.261198169029946 9.138138494090558
2.764572972859023 -0.28768018223618697
4.734801010628065 -8.7843830223874
8.725580063083367 -0.16101842918096843
5.637822345343505 5.38164589604429
-5.518474785414238 8.554234746438844
8.643891102373146 2.4901715977252366
9.93794807120172 -0.38060668809920273
-2.9919025406214717 4.594953228021982
0.5016064964277795 3.735792582503807
-8.63134923644557 3.590865080351456
9.060756328061807 5.006938285331486
-3.2016598457965113 5.442069680703002
-6.485272952346448 -4.006823238216879
-7.4594959460819155 2.8219937675353695
-1.871190514967548 -9.167926068750829
-9.272064105716538 -4.205510211343492
7.743135411632409 1.403049278573791
-5.816968706227628 7.5170147773518
7.582704095727834 -3.4055998249631685
9.226480749178663 2.117940521670416
8.308492868600673 -0.506702277918043
-2.8967492183195738 4.173816777419795
8.417455472011262 5.844416323082424
4.689179848070426 -9.244634046570635
7.80581375793469 -1.764866931150209
-6.6332709457938055 1.3549854637299852
-3.76839670548679 9.914757931522107
4.728344855492683 7.971769309351998
-1.1776047320110639 -5.797341678968135
5.334351488566494 6.094442418646949
-3.802447849234472 0.4202664034149102
-7.116736158723553 -9.319878978651007
-0.4672022265982889 -7.780596990720214
8.028441825758094 -9.066298082005122
6.488615093266997 9.101931043824006
-6.706496450776809 4.397898476737332
-1.2611760032640724 2.796410677294155
-4.198727174269874 -1.0067844482845008
-6.097178289538238 -0.4365915226465962
-5.545596541599527 2.1385374139223003
0.8458653508464629 -3.1240888438106644
-5.308760986067666 -1.7880652488073103
-1.6573926459495976 1.9513566301830227
-3.9033617437849895 -7.928655908351794
-0.09223734432323205 6.7385202619010265
7.077527675693435 -7.67958076687556
8.287066355465456 9.279754784560847
-0.015852385368049227 -4.463263354699974
9.66993521678399 -1.3271727272068716
3.559463666226277 -1.3651698515114354
9.670368456195288 -1.0664390513056752
3.6883457933311075 -6.390239912474831
-9.857603614942462 9.121825492531826
-3.118774271309337 -4.901894309779307
-0.3931987136088466 -4.683725507375842
-1.7869426443304253 4.709665357502901
-3.0836520077184755 -5.211269704336967
6.153720399971604 -9.160072696905083
0.6904869349544569 -8.964754177570985
-3.9888612807930794 -0.435340049551618
2.4041993391352072 -5.969823504546219
0.2679017518647253 -0.7041918731391856
3.1724590275488076 4.743926067452843
9.133025666980885 -4.684339710140632
-3.390485095909554 4.039964155200131
5.95812765877014 -7.024642237077812
-1.0156188951369227 -8.247703748427938
-1.542954355895386 2.5814162060319834
4.513960979581837 1.612231203268868
-4.263344218319595 4.4473248541254655
-2.0356155718711495 3.2061802994479756
-8.60004714999857 -9.92339247607353
9.707256358052586 -6.548407782109624
-9.314839979352074 -5.5724477465585265
5.453793944849837 -9.442687523972062
-0.8608729571621083 9.081448465540895
5.735470558737013 -7.120081353973299
3.357281478789794 5.264832239133263
-3.7563417471074922 -2.112977579012263
9.557772195141222 -5.153457926392715
-1.304899624639848 5.673632545417135
-9.526737298156043 -0.02034739210568226
-8.743395176578064 6.2771098231769145
-6.956036759528972 0.711759541711789
-1.3321261177580936 -0.3657755388060835
-9.781466792033617 1.3583649040087398
0.3944178219847867 -6.988299626777286
2.616084260063632 -8.877622513713321
-1.9979872686205962 2.335543024743261
-5.251576961478288 6.431446176802265
0.03555921903008574 -3.4293815655269118
-8.986018386395582 -0.5047391479915362
-7.247646759288859 6.756972157902311
-0.033771828873822685 8.459713824948302
-8.120716912303866 3.339117784331716
-1.7702460134339937 2.379182675503097
0.28979649084843473 3.1116731897214915
-0.6012396241086755 -5.433072222128716
5.216460397359494 -9.502913800775373
-4.020609026692641 0.2809675856650333
6.464045754097661 6.214707626697638
-3.340390789969372 -9.194795755966403
-7.660777118611781 -8.140145557521167
-3.5768683935558876 5.107669214847434
-8.498725118483375 6.3331483676837195
0.5063717422248377 2.575680144461092
-8.559340901561344 4.332064715263757
4.016729825846504 -2.2300639562337192
4.004093452258601 5.361460241332793
4.505551312838371 6.170943506208783
-4.062258881698694 -4.577610326827761
2.7774336641687807 4.7077657323497295
8.065314851858933 -4.424544671833219
5.418794491480403 3.7673449007269966
-8.892768976589242 9.226055538330026
5.209441235530868 1.3796799719494768
-7.578537694957326 4.5771512920588915
-9.14026380421144 -5.147116404772259
2.6754642958198076 5.997642958070255
7.345598866605762 -1.562891402570994
-0.43144257472657443 -5.69890162012266
0.8141783335988322 -1.1333395597002198
9.509495925378147 9.3323286905053
-5.823960492824609 -3.330757042390191
5.209474515147122 -5.529440376787855
-6.6872215228552045 -5.469317290332201
4.160779383754434 5.552084678449161
-5.904024799246326 8.019400454376303
4.130993351368113 4.764298630891542
7.433603892802907 -0.6993225606606615
-0.7338919922504097 -3.9172650702853424
-0.6565328620735595 1.9195904187407038
1.782420632831517 1.8796048597403363
6.497018913208741 0.8821018818502946
6.03485280783045 4.676775182039801
-1.0858211740004098 -7.564663133699405
-8.261920763432142 9.51449315552242
-2.178045177112187 -7.843988817060074
5.888558983639491 1.5559373855841407
-3.247656360529117 -5.428372412911622
-8.083278700474354 7.153909277818048
6.12357495505724 2.7517847138623033
6.197336303763276 -5.114503444928637
2.285401960384821 -2.23166246983463
8.82948868273174 -8.841225579070578
-1.898836444659315 4.948039284299341
-1.7692005190099298 7.64548369628033
0.31634184604637383 6.517406945220962
-1.0995930092720165 4.3804208373924425
7.25097619472638 1.124185365043564
-7.475187162710095 -3.975593309494845
0.792617968466363 5.887071479365879
-2.0515687675298473 3.9991601959983427
-0.13049991745266887 -0.6057351591772147
2.64849096829926 7.099063336982827
-9.3275539309213 0.8392719210169979
7.6762423767158126 -5.257405209019166
6.219476675872059 -3.4575660257682443
7.6319037897806155 7.466229987719192
-4.268324814254889 9.402605829023837
-8.841471414209234 4.525230841026593
-3.003213773816647 -9.443316027225091
7.35062410169628 -5.867729673812185
5.412552665525203 -3.332896766900653
-9.202820169135 -9.480071968629332
0.21509123530929486 -5.711109225991445
-3.070128763762064 -9.171753389062518
-9.846594391871783 9.565346526797153
-7.6925518343060535 8.490895490447912
1.0032383003161964 -4.778763859544261
8.86153949831538 -9.84887795829605
6.5655357287177125 7.413618073538181
-6.900485170691903 -5.292075919593189
-7.290801098785831 1.5297433207662579
3.940069023221266 0.3563903390483887
9.13252540202317 0.677998204156772
1.4055015548456034 5.873374770128377
3.7968382390735265 -7.403915833810171
-7.08704523324583 -4.098758688172646
-7.609445018834739 -5.94490537716263
-7.096296634491175 -1.2954773135170168
-2.7393938020370427 3.721598180415233
3.863625358186269 -2.989777893271941
3.1291096575758175 6.66871747199902
9.868790429660443 2.550287001602653
4.3158931034122965 -6.705104347437485
4.845367435438593 -7.165325740727542
2.505460279413894 6.474135804100566
-5.792293637177465 8.143840307831098
-8.240687710145874 3.3671148629885987
-9.152295149913751 6.393829673687801
-7.238853042618716 -6.5970399369552934
9.168750874790025 -6.928406618923091
-7.387559338860916 -2.877734483151202
6.137476183108461 3.017622212525083
2.5478950887941387 -7.713400539483645
5.435882991807812 9.103840753339231
-1.9393376565739118 2.679711164783388
8.317062284904882 9.888062274415926
-2.121176693483826 -0.21560604112464432
0.9394963503918259 -7.446252167756775
3.6578908586610126 1.478570835497779
-8.572471498457865 -1.9205135517110623
0.76488217511098 -8.026624071085113
2.8053254260957807 -3.8763434272815367
6.273123983253274 -2.87267352298538
-0.26283068047857405 8.357297784957506
-8.574670769923351 -9.214025923397726
6.309594315564276 5.678398725300394
3.210160129116332 -2.313308395148428
8.68370274023102 6.809494438776692
8.00265550159455 -2.4851869194472247
1.6021484332794422 0.605557867596481
0.3028716052124718 -5.975932948029903
-4.54761503596258 -6.925285489275764
-6.608736225425973 -0.2593259556219163
4.404491096895127 -8.270162594015629
4.560194868879428 -4.921333709156839
0.30997013292675035 8.735069034585727
9.18110061315113 8.44334474327859
-9.410560633344803 -6.129677461838239
-5.29873565488254 2.700919435864561
0.3341045849985296 -8.416569061636668
8.192905136416677 -1.6737084846139432
0.13980119715567163 -9.300087801883276
3.4816904770456265 5.587807155621762
-7.044389476558994 5.192873961423825
-8.545158438903952 -9.284498613874742
-7.913797356311485 1.9604287702432686
-5.377429511111618 4.01931678154364
-6.03251292149138 8.049577017269794
2.3547719716016253 -6.714818393856616
8.542516220804242 2.1107947838334002
-0.9584715112225872 1.5773334648354904
-3.7543373318361724 -1.3869195062291855
-5.667137664886752 -2.414908910346001
2.4341493935515235 1.4198902676013336
-2.2739516845483827 -0.5256494829398388
8.218335898809691 -2.077863618342926
-6.126855412308854 -0.21771979690619858
9.473477436747984 -1.0394858017780173
-7.814670858933499 -5.5774286724826005
-1.9393226984997014 1.9220013466963177
4.976185955310427 7.896464088132294
-7.231733877196811 -8.050770547419912
-4.82704193329659 -3.3609053019308943
8.675361484000074 6.374494905322493
-4.182401915744542 5.858967369332381
-1.3385145337830338 -8.008556050953757
5.40139154229572 4.461969763218125
3.8447909735001318 3.535090503421582
-6.622468441931337 7.637803952232069
9.02749056519945 7.471784496140636
-8.078237903912648 6.803300730674916
-5.726032284297025 -9.33622683016572
2.4609356292839646 -9.783395211941134
4.1838720554054625 -9.109961821906477
8.869087999152715 -9.61355405137078
4.686488433400598 1.5878114218851174
3.0030028013535706 6.525822925336271
8.469703184805425 -7.9336069089294625
0.9255241577794564 7.763679471075605
4.075533353278111 4.737890811506045
9.08116943431805 -6.111774394373053
-6.164155971362013 -3.6934295909699273
-7.978238716030224 -7.297527449139021
1.5326787530002477 6.137398231245669
-4.068215167778455 7.118450283024444
5.26464644508944 -8.519171343226644
7.600657527117146 0.20819493752011375
6.138171539222903 5.489252668741278
-7.9424482427538905 5.325833192402545
-9.918981900721132 -3.8487832543683957
8.036928050463036 2.703917834304864
-4.073493827558496 -1.5956261326576069
-7.329330830484175 9.486397286462335
4.266416688597722 -2.43774639227831
4.505904614223066 -8.02478781142569
-0.7421739965688303 7.330945264573117
-0.5398584336194787 1.6401193748561642
4.172868271024699 -9.800571579370402
-7.347851772184195 -9.959737645984807
-3.4217515693283325 9.422895259804239
3.9939161421073024 -3.299189002317755
-2.4174157218987258 -9.669878223706853
-2.0883502355354118 -3.8448695690567547
5.051201874505866 -0.913838564716249
7.90662969946483 0.5343208227711731
-6.350790679183714 -3.5697125983217326
5.749065791579493 -7.854965610936684
-4.60665084896462 -0.6263099032013653
-2.0131338834636026 -7.103594698569955
-0.7091311561840623 -0.2309936645252737
8.882240242077685 -2.0564145364319764
8.655255618174841 -8.307698454183212
0.8582108676543854 -3.4157380496732337
9.893330724263425 5.544102735059891
-8.992237634632549 7.918100738132004
4.003965437840488 0.34006492103575425
3.3803382606877683 -5.763406474103075
7.442820958981809 -1.5694715278681155
9.487918066312016 -1.2331235012071247
5.573767747438531 -9.682344220181138
-8.40143219755117 7.008285161754223
8.291955645743144 -8.597702297183412
6.8507176121091256 9.651232699052073
4.715358657567862 1.6745118752287382
2.177210442066116 1.3625353175714032
-4.387002044182888 -7.0887486776673665
8.762204681422755 -6.963215129053861
-1.1904067140801935 4.511981011948034
-5.115679549617691 -1.2329801907074138
-7.063365447184231 6.311968990354423
9.384680816456765 5.43143809801907
-0.9827915611732845 -0.48994199251596093
4.763898443156274 6.1643482856728475
9.334197591235839 8.34846522878405
7.1909533978250835 4.740154867813139
3.434671018361925 6.339963119093646
8.487649568440752 8.091441683432464
5.340084034728012 8.055517278442984
3.0387053330789744 5.9113385582789935
1.2846688348345339 2.9108373423135347
8.822206826087303 -2.314078534055211
-8.200545973154336 5.369005547005797
-1.9119948308296326 -9.245602142331308
-3.2702507295276035 -0.26747576440301124
-8.975111929266157 -3.352485522921212
-2.704832505395629 -0.31285358148470976
7.290464724509839 -6.186801898033043
-3.5205432183012846 -3.2432760450354126
-7.706980579850424 -8.955576831940617
-7.630825772024883 9.064113290186214
5.2911687339287035 3.5650699098038494
9.859733256412643 7.745170555581616
4.376397024214816 -0.263167614987756
3.1647710427516014 5.5056307338753445
-4.86279552415795 -2.627325693628908
-7.632718190910291 -0.2506806711829075
9.604111378774057 4.43095919431123
-6.527941577476206 0.8895658226231298
3.7872135910292464 9.411606011622478
-6.684162168764316 -0.08153050290919239
-2.416848369508866 0.006216923856053214
8.959400613032471 2.6682207063678636
1.520591389195145 -3.4741832567957758
-4.291677500584594 4.547406742680597
-4.538068299679425 4.552128602608118
-4.398005018175333 -1.5801850928698329
2.621103252396221 -5.293357894193667
6.019507706744314 3.272104743187702
-5.5938178284790085 -7.3212194048599315
2.718830367964422 -2.7836594061454285
3.8561352830663687 -4.018308159231725
4.746689173209081 -0.599676873407919
3.910449813174985 6.7455210781701815
5.98280317735648 3.747967255956773
0.5352267365382684 2.00537957918311
-0.302190663777278 4.529272476076358
-7.7622730974658705 4.839231991660341
-0.06065270786007382 -7.025159889007391
-9.903114872236937 2.084164667705732
-2.711090218244765 -9.049224663504365
3.1861798449982004 -9.262970099815913
2.1506549942098356 -1.7619633645118409
-9.287129408546077 -7.916224659368883
-7.36651307668271 0.8420990684818115
9.288074069914835 -2.072988532729192
8.82355986513042 -6.14818183442051
-6.3510773450277895 -4.81324933617805
-2.16935648011434 -7.8648832523533425
-7.6278473986637145 -0.7890093084912291
6.031244322450696 -1.5189686986856472
0.7442405944414503 2.7456520022267803
-2.82980456176457 -8.902539400860256
5.652336718378974 -5.914349254207714
3.2384672232424876 -8.942586041517444
7.8988559073397155 6.6139867402609305
0.512886018965613 4.940527434869338
0.6797519617014203 4.349156829659982
7.672265625241089 8.121044479536984
-9.425370344180791 -9.50556834316667
-8.858754979637435 -5.049827202778838
-4.2707746909743305 6.266759911995589
8.447482866225844 5.560005189238538
-7.848268882563607 -1.1978666694273805
1.2486116166089012 -0.35169766974581407
2.2149523436292657 -9.14105696149604
-0.8141914370513863 -7.211868416469283
6.855133144956085 -5.106718252359588
8.755682288877619 -6.690163146113188
9.203423334634884 0.879432953106793
2.408618563904863 6.0144751435825405
-6.253281266148251 -1.1492409715152103
-2.8069929337277433 7.360980636286573
-6.300523769968445 -2.953060004625665
0.7918509819943722 -6.126504961336153
-6.0904813558584925 1.5356418033712522
2.9106074509408053 3.797402932940912
-6.314140243819577 -8.807800414685396
-8.699245427767222 -1.5625065183535476
-2.898847597437495 7.5339421399400734
2.1463036392372263 -2.05043948523927
-3.324870895588939 1.9579875247932783
-7.847676291831725 8.199046424609037
-3.9381884234351077 7.3201689195170125
3.5331109123667037 -9.57698732323208
-2.070045848103643 -8.526441638004489
8.925690487678743 -6.2042506058090225
7.121996684101568 5.0192113230683475
-7.181885196660202 -1.0566938267304788
-4.769362730318443 1.168104252136592
6.560904310805505 -5.203467486813828
1.2983218944665698 -1.840876976350538
-9.827523914120547 1.5155128582427224
-6.776077045999134 7.576233958605588
1.0968970536062823 8.17566728932125
-9.077913330251778 9.768823064992308
-4.861345968896352 -3.70725306009017
-0.25605635007836725 -0.7910772089338955
-3.4842748388030635 1.1936581276247775
8.12293410233849 8.28521061758681
-4.241696280562628 7.367311767769149
6.594163910164255 -6.016997498797942
6.994093311310813 -6.365694173272667
-1.4166509643398388 -8.508036083862349
-2.299552316383336 -6.167431534506433
1.1227557508408843 0.42207374191162117
2.6321238865667027 7.943273005824711
1.847496293667799 2.439408906976146
1.7980983585170272 2.636057939420402
9.391537162787838 -4.088341790176562
-5.310249431326801 7.655992990857396
-0.7280189557718124 1.4383237022868727
-9.920970704299412 5.686944971831384
6.590630994112491 0.10614526939584579
-3.074849741733969 7.1400795078048205
-6.509190099775988 5.851837304143576
0.7854186329946202 6.027627644278795
-5.1307926595881925 6.792295782404018
-9.807135907707085 8.621649756738115
-1.0434566766700968 6.968971934945181
-5.837488781771032 5.142622286829109
-8.717870135491188 -8.201943247903284
-9.777027770835003 -2.6394400851673065
7.706044928836548 6.653715949700331
-1.8714687616139276 -8.780026065889441
7.084282103808913 0.9824515456580674
5.814991546107324 -6.466975648476316
2.5168299081329977 -2.0062812987123486
-7.394750331138096 -2.0755432265053564
-5.204900307983246 -1.8987287753164228
-4.9127452437108605 -2.52849723832645
7.86813668843196 -1.5258861607321776
-9.626771120074597 -7.415090364423611
6.9659190278573675 3.6346872158108035
7.5109804799774125 8.404463218595073
-1.5469812012538764 7.779697001471469
-2.00531404584164 -2.062097032957926
-5.659703807159257 6.58997872173223
-6.04951755924136 6.072900471456347
-4.042916917682804 1.406686783630322
-8.156283934348107 -3.8317244851198495
-8.277708716370393 -5.489246677313078
-7.679243633033508 1.901046356857881
-1.4921983186912158 -6.432625415561645
7.351899206090401 3.5494337549555937
-1.2828730101754573 -2.0115961706354035
3.145653408500028 8.791188964069637
8.479534967768384 8.808107791145225
8.669700097374012 -0.6762551899056941
2.017489084232638 4.719060535056649
0.25048409409886396 7.671646778441104
-4.6760977248409485 0.5700129734805479
1.1575705049221128 -8.04455013684488
-6.955975324274739 -0.3080606992643897
5.064168283786017 1.2313415099933795
6.57302876405209 0.1538467782146924
-6.948814811644562 -2.067706471582806
-1.1973594719656617 -9.57215589581159
-1.1298468682899703 5.877902328361849
-0.9520648075137821 -2.940324272871509
-5.776910232388639 6.515814711785023
-2.2608597050433765 -3.680353060427062
-1.1655044267400996 4.042896365062305
7.213999687249327 4.982711982940945
-4.543663385075531 7.4480947401220945
-5.049138737708474 -1.6790820385341814
7.674909070323849 -7.564344153698526
7.515651326093039 -2.1239591144363406
-9.727556795164256 -0.46813280781199396
2.436378823574451 2.340232965994396
4.351552859335834 7.490086302418479
-6.82349366279833 7.686968666107887
8.731328997837032 5.587005954016819
-3.8343930929491616 3.1480633651449743
-1.3840242018429016 -4.796796664032854
-3.7815187523212153 6.769907812941959
1.0296375270257574 2.16531469979679
2.6307678181046903 -4.971722629730008
-4.021084669448474 -7.591712896662443
-9.405660037390795 3.7351576180749326
-3.1225896469729815 -0.8570915548985383
2.6220009514388316 6.713293154756993
-1.3464848160794691 6.501399227638977
-4.84428214408219 4.647842042190156
-5.368794933904033 9.14631774042061
8.505075443442468 -4.859734234835704
3.15557418005589 -0.7725690731788148
-3.4032279735350457 3.3063371395967565
5.196535036590467 -5.007037376173384
-9.424851380783872 -9.192082871022622
2300
-4.425953097586303 8.164406679751401
-2.193566144656436 6.083360906184506
-2.0337368626047114 2.1286376975052317
-7.602328137468355 -4.8517551105263435
4.635118944202098 -2.537418714393189
-5.109371725437246 7.80638637254107
9.182888709401716 -5.035046384322817
5.869828258967084 3.6771393373703702
-2.12973744514591 -2.783371505234147
-7.9330379765229475 -1.8522241209264028
-5.776366000786856 -2.3584009767575775
8.049521240223157 3.2845968377428125
2.266493965262109 -3.2764862347160895
4.1276005870284465 -6.477428379684551
6.818066817077522 -5.234784869798315
2.2920161858774186 7.725894057393308
6.345011686747593 -6.947773627852842
-9.83301563730025 4.056571407791676
4.084218511081026 -3.9217944722684877
-0.5354103337315692 -3.6199749075110805
-5.75943893969201 -1.2150762663792403
1.7908049892403906 -8.282821925546905
-2.916106644966683 9.65867349210939
4.55121126150236 -3.6402300985888765
-6.051107906890902 -0.25082218790196364
1.1702838716011605 -2.263661316043823
-0.8367747294064927 -7.595157193793423
-5.330996310779987 0.4789359508327955
-7.163385577275769 -4.0298376221942895
-0.9087940238658057 0.13991795247472005
9.813541577883413 -4.396391990607851
1.2607814074708408 -1.0393599612665145
0.9134450183461613 4.816917003672486
-6.654432223200438 -4.483685333315394
0.8408806338205856 5.035567916813635
0.09917628899713193 -2.8229403426452615
3.917213076799724 -9.010665548821112
-8.114681437493132 -5.140656414573286
3.78786039991682 -3.940083592689419
-7.9454328015324975 2.6995620871299035
-6.20637211090683 7.125044467170202
2.621907228183705 -1.2585369175443102
6.110726113368145 6.489484334977391
0.3127507770527931 1.0727603088417332
0.23951068269998643 -6.460924967313321
-7.833033937101015 -5.286977136480148
-0.9703702594214292 7.468356590200742
6.502856994812095 1.8713299418108846
9.483414962476793 -7.193187629494884
-7.248523246935694 -7.937646597363466
-0.7529731017858055 -1.5694930517153622
0.257885263258288 -8.197402408270547
-0.8082351691747558 4.939140166393731
-8.509194056331488 7.799605548260342
-1.6864229546715812 8.099041568947783
-6.6538032789596 8.005758759386392
-8.534717638214149 -7.488725623156489
2.924792193851893 -9.20201497131043
9.39247863606952 0.13255831893155978
-0.8106240162456135 4.73920861078096
-3.192007359569504 -3.896660574357284
-2.9827306218707577 -3.8190003977210267
0.3601428420105641 -7.816765071026266
-8.649851789633622 -0.8286674526320521
-3.652971937896017 -7.847721344870711
-8.24255470775466 8.888345371782012
0.5673285968656483 -5.421174177999822
-3.9159622443084885 -6.215127700268448
-5.720660715448322 1.8338930911679654
1.7959860971308643 -4.716164301423356
9.819867736364408 -5.430508197494211
7.680042142158069 7.967757958211386
-9.657977236351625 3.417877740787521
3.1026491617761227 0.22303595104967755
5.227598679582165 8.503173050332112
4.679106836846474 -0.89147808046636
-0.955144051210091 7.748988683826074
7.160287586383912 -2.96486046577604
1.807468665859023 5.158633916897045
4.3118150114590605 5.645903227919927
5.382034442387756 8.358145932317697
0.9550164460673116 7.5814409822657005
-5.919145202704874 4.597059974179249
-8.902266388770046 9.777063540556622
-0.36187284200555503 -7.028511514868308
6.6918142059095445 8.594370342015612
7.123527892331442 1.34182051256664
-2.0259545610637257 2.993707438440401
3.7434652331689318 2.525224895662703
3.7062280933586393 -9.649182889667287
-9.723366203307782 -8.719990774848775
6.3141424194405324 8.505798465650813
-8.358639182842985 -1.2498011868011787
5.600553322051303 -8.673972926374171
1.0401794499928414 1.6810980331896488
-5.9292129178342705 -3.0734801750048124
2.5720301117110385 4.019678358468584
-8.76138744734548 3.534416822961429
3.8680889394607103 1.0473858927238577
1.3388408946118364 -2.334584136626246
-4.501698799119572 5.186593194392103
9.392202600134276 4.199210812391936
-0.4903632783406735 -0.6995760658148598
-2.5025564766774444 -6.413858709451321
-4.405278324823727 7.474106659887649
-8.322512674027873 -2.549151342442249
-6.0191714426973935 -2.1083938355345193
-5.316615715962191 -4.152549034123947
-2.8485429397266486 5.032278577706688
-7.341417622568587 -2.9048318635517205
-0.5345355758396622 5.791827575723307
8.180335681863319 -0.3601386768453718
-0.34666747164230394 9.009334925118555
-4.704027016370034 -1.9045839946701353
9.762562929510338 -2.7908140781336215
2.5966650633899153 8.86700662627215
-0.9274561337264196 8.944375137230576
8.207800671200076 -2.7316350323510257
-9.86900234933849 1.102488465576048
4.8368062431862295 -7.849801677771772
5.948297878250887 9.040666592265307
3.6430958886516756 8.231836719883837
-3.0238351641915866 1.3452481344838176
-8.378314814032215 -3.176360526911517
6.082630352661113 5.015920094292291
-0.8706848238355018 5.046198719262653
-1.472197043228027 5.180041769885422
-8.281289956213996 9.767169952310649
-3.4667755354134595 7.235489713432727
-8.779167564348914 -9.44325529852625
2.745570117298808 0.35423961518862157
-7.8351031591098375 -4.449626610540167
-0.15424194023242066 -6.257449211460875
7.358844525225685 3.4471682135328905
-9.157183656864413 -8.43332499055647
2.711397697113906 4.041985544947984
2.9480270872267624 4.364236146730036
2.8843659285039696 1.6179748321634175
8.113791342253801 -1.6008507766626767
2.506548908551352 5.944243754650573
8.33340349977344 -3.8297626734062007
0.48995080180159434 2.6702956046115016
-8.012841599268688 0.3398410985005125
-6.234489866729747 -5.190207481610405
-8.145640620077845 0.7983612892695131
0.5375402309582746 -4.8559243961108445
-2.6185158301328144 -7.577810265189806
-1.7315518763912863 0.6725754824181003
-1.1131173099783087 8.692937294202629
0.6663441393092171 7.786800024242268
-7.392395265057587 3.0135352625043836
-3.355453119615241 4.101142063577258
9.723452577229185 -2.450154873992398
7.604871442197904 0.4137034677788627
2.1764754400680175 -8.205636758768875
-6.485516972190477 1.8999990530630466
-8.11632543620198 4.2687106379442685
1.4325067538035352 -8.793902263986688
8.562928474847226 -9.940809225372247
-9.442018828712161 5.8387770319446926
-7.624434041801981 3.8032285344261183
-0.40148649514899937 3.2004732649584238
7.611154702226237 9.755610742849338
-2.1415190633482144 -9.508189494655738
-3.056101156209534 4.364694057465396
9.162156345555758 6.428223912269544
7.65157171932481 1.3073655538366822
1.1017890155487322 -1.7766037525246432
8.847668526419273 3.266368354894073
-0.1391500243662609 0.7370724829726711
-9.691586348444808 9.487408020757702
6.249189695048777 5.070628959852446
-9.247162971614063 0.5380493414866869
-1.3391805769708913 -2.8419358426630144
-8.784786009960023 6.935607285735731
0.819188287521948 5.087334615311722
-3.6975521858400633 -4.460950965301986
-1.9478950274380757 -7.193333117329804
-8.204733184438247 4.575823285949685
-4.285886044623828 8.625642912772761
-6.9671036667539195 5.806595029118691
6.435366179374483 4.029520154227814
-7.2692003351202565 -9.558328628081046
8.243812480677256 -2.519522325476009
-0.4349925443796554 -6.888629075082459
-2.4386637817722745 -3.5901155327388112
3.49309345251263 -9.229559458526584
6.561958629505366 9.613085442028865
6.177483626615508 -4.820130546942747
4.101292987997976 9.856220627456505
-3.901124487210801 -2.167590842101492
2.7914367780606035 -2.989582500621344
-5.7800150289200225 -7.017394229372888
4.642942028604937 8.842336860923005
-6.971297957224733 9.877574140843922
-6.576118226090344 -9.123751087273515
9.220049115269017 7.821146916914895
-3.6146612452036297 -3.5937398680923227
-3.8621018585521476 -2.43384054710877
0.21341975515363032 -1.7355226276289457
-8.806913260018383 -6.401504101500041
-3.511472778354003 8.598766740664477
0.048001483566791237 -7.310733476005106
7.802258808603252 7.137988649021217
8.322657294128465 -2.8450310232754283
-0.22504492405327703 -6.441194354295994
-4.822366141558911 -7.2307877415584
-1.500567650054883 4.77092148485054
7.693173666180094 -3.8570935682346175
-3.4831317813427525 -4.531615109440588
0.509132122589433 -0.9435361576169541
5.9287290647477455 3.836795840051474
4.866054863115927 8.16855491499511
-4.225096702061668 -4.985666750129678
-7.437978893429584 0.43621925389249583
-5.4215511904524245 -8.443178727686721
8.660242225924616 5.986530836006548
-4.297343004893492 4.758680222251622
-2.3913921545535333 7.064410368634572
-9.71471895590257 -1.037247849338307
9.384167913699432 -8.226587789880837
5.928283237161985 -7.657815904697117
-6.1127131561655235 0.9254867337134431
7.457822736670774 -1.7820326318543884
0.2051194450432554 -1.3820296305944346
-9.89258267330587 2.818934071698136
3.795257366626121 7.356295150977118
-3.9066374382723446 9.004459546957072
1.5419433679293242 4.640868807385035
0.7355395862041174 -0.9469092496880389
-1.4403757897604201 0.4036082122604796
5.86890434007546 5.661702800530348
-9.515332637881759 -3.0002351218408325
-1.6696994474705065 1.2217610286615717
5.431522308509571 9.354432480905771
-9.814618680216352 6.038957468274958
-0.9525935980825739 -2.11050373504007
7.186347530088966 -1.520654338199778
-9.530677274047491 -5.266646684820103
5.76656421043033 -4.098577641844101
2.0356804905538226 -2.941871199332306
-3.981409389263833 0.7106446938541282
-7.417949163614819 6.344790197187841
-6.319293067330252 -4.254853852614719
-1.2704961044886343 -2.254211618338098
8.743939679974932 2.5078560505641523
-3.763582369597895 2.0384693725526777
6.218775750124834 -7.284432575723352
-1.7792860465627847 2.0761972054183992
4.254748889381403 -7.766725744345178
-2.7702489081613235 -5.170222245667437
1.4501241243220626 -8.91688022869425
0.5549142793128699 2.391207463374716
-5.688762835856574 2.7499843492752696
-6.383958531051306 3.560704573518194
3.2362366241336833 0.6036148956789233
7.298839924997434 -4.69167422233266
-4.497166480056675 4.048299897755296
7.032564394773047 -1.0559859387847244
-4.132090936698876 4.482937421829703
-8.415189561840993 5.439549569144413
1.2515594294236685 8.589382637619703
-5.887089613060555 -2.54969239337417
-6.46014246359351 -4.731674068338769
1.1686406564167804 1.4057261856489696
5.944052405906451 1.345182901809153
3.3533915772437624 -7.504949875317846
-4.618930610778298 -8.229626999371693
1.7232822064105342 -3.8821601076167305
-6.061731541176673 -2.530263735434211
-5.568149990423787 -5.433714099275928
7.922032626477684 6.077224960144619
3.1169419288667033 -7.745532312770916
5.492231302793167 -6.096588565371648
-1.6058121227909297 3.536774495752301
-1.8115725714670265 -9.272905524098006
-6.719896030176182 4.99939518973061
-7.297804291527575 1.5588802125832721
3.349238498411415 5.636243883078862
-1.07354738484117 1.2513886812036912
2.571766957160742 -6.698205727666064
-6.482963538085114 1.9562245589757872
-1.2936258449471723 -7.133292347936894
-6.829049696661151 -6.770180430075731
7.378695862831247 -0.6668324740596105
9.493815380414809 0.1355793136188126
-1.2346231540263375 2.491459774475114
0.8904552933820842 5.964552416119048
-1.1946081856073612 8.784631299545506
6.5552976548461 -2.580277831359375
-0.4411659593095596 -1.8537404968766822
2.644936583782096 1.3287709282641949
-0.5648858591406043 2.2775596086758494
6.587001701088099 9.290103308554837
2.4587058931647015 -3.80489134090519
-0.892258634827062 -8.21067885204885
9.100324438845252 3.5017750451461715
-7.985810726270741 -4.095459288204846
5.790513813132163 6.839195570856532
0.1890426653368671 8.015919236308758
1.2451752007974157 5.381993272311314
5.9023830229171566 3.503950774406343
2.161773916679115 9.521821584457562
2.6918893781314885 8.408909454259792
6.206141076426434 -4.609046648346819
-8.882051739140211 -0.1694301395176474
3.3526229945347747 -8.281193867846856
-4.1739000690914185 9.665320980772684
-9.557554432246478 -2.261888790680362
2.7387179597131155 -0.008691762210201404
-6.341440600297696 3.411392063954528
-3.0410993181333286 7.696087046671376
-3.0218254281665473 -2.1665565468682217
3.488171863120524 -8.850939952424088
4.101086578297345 -7.284189936897592
2.9296884546798623 -8.676925960447093
3.3373268128432407 -5.9450116176342345
-5.152642031763282 7.660033842042981
3.833253688649629 1.3803011361948379
-1.9678832478202946 -9.208372058962318
6.965663634391149 -7.788719829839506
0.4977045849337802 7.264913046070671
-4.823865632833084 2.383565275219361
3.4236149441400983 -6.487038599987878
6.379744012271246 -3.561716888083213
-6.072712996278737 4.333454707994669
-4.712154636151274 4.425362179591669
-8.827083686493902 1.2917650350028609
-4.052895522964248 -5.110783747369421
-8.12726724439262 -4.265435736072476
8.500200079264097 5.988962416470454
1.1243432450257167 2.994769752968393
3.247210829601091 6.90024632467027
4.697870145722767 9.784766455146475
3.5052570010638604 -1.4575333527703833
3.927176578698731 -6.897897576773007
3.461211418548398 -2.066410344583578
-0.9699468417975083 -2.2280038220931537
3.529272559173748 -5.091424744630519
-1.6668782092634373 1.4479269189708983
7.357045544797469 8.342533701260983
-3.141728854477355 -7.6019100003174405
2.46140697341424 3.972762722280123
-1.7733039214249544 2.1760938508539525
5.18365433330305 -4.571108695852266
-9.50191654614207 4.345249780315525
5.109121793503654 -0.55411651818266
-2.1238086667123905 1.6946866291022609
4.3789377489852335 8.970315492013473
-1.6126064059013228 -8.466920977492302
6.154858695892202 -2.558805996736835
-7.513003103325831 6.423934451641408
8.572059246948601 -0.3451272070185656
-5.245708912754199 -5.7838365804807985
-6.122074117162477 -3.964442323797952
-5.314294133738915 -0.13750405662362475
4.713203925688088 -3.821911794116968
-6.506697852150596 3.5073579093379372
9.412177020718353 7.731026423834717
-1.9853275044235037 -0.6958068740840613
-0.8223623634104182 6.589339183782638
-2.4972665391581756 6.008581210392865
6.04503190138194 -9.21667625872971
-1.4596193828868422 -0.023093047766371555
3.4507437460795476 6.226732520678098
-7.810515521913475 3.839492080638834
0.006372580397581373 8.798760669773966
-0.6197180035361889 -8.073110203852183
3.466885608393312 -4.150511460617585
2.6040243456653993 -2.6174452882791854
-3.1962529068283914 -1.9372227169841523
-5.28470426282569 -5.677046913845629
-5.361039066036934 -5.54025857664927
-2.5556252777104778 -6.390427363424052
-9.094478995929968 -5.481111095109556
6.528416629589941 5.177978757361307
1.228922077678675 1.8154530423972126
0.8541624562617329 5.255046522492918
-0.048869140207834505 5.068887360352694
5.570796658018697 -3.8480684025844987
-9.729970676503864 -4.381441162554552
4.367173317844619 -7.355011944336627
2.3806151624000975 2.5358397455826616
-0.42848401958468507 0.44167688290479745
-2.2285786098257336 0.025488806682275822
-0.9196092016730244 -8.641349657583712
2.1518308378412954 6.50159614660344
7.244777710849387 -3.499125536903829
7.3695105853677525 5.135826231651006
6.589738409070556 -0.670697258508282
6.674410938890844 8.276533755308169
9.57348507617883 -7.832251200679792
-2.6610376451387063 9.976121013221608
-0.11245419860589756 -4.099880074060769
6.468301994086335 -1.5885352215118136
-0.18613966885131283 7.279321799313976
-3.4236114386636913 -0.0708259370653952
-1.2143816274946655 2.6099538398446764
-3.616941562533526 2.8929187656506947
4.3403449173397135 -1.1596378170364634
-3.4458869064675905 -8.535145350601043
-1.2629138034674519 2.7304813041697003
-7.100265149467138 1.3871577368977164
9.022517632213678 -0.3829284343567618
-4.309141320931042 -7.042118301386893
1.2358312264939713 -8.055366180534344
7.3153676671778705 8.248978663826211
7.757021602138522 -4.622997869146923
-2.302010603319302 -0.4784125161599313
9.740567724055921 2.0200719835991965
-0.44090410532298563 4.243214996505982
-6.696560942974033 8.286553789521491
-4.929560302904845 -0.754079021485758
8.929585325020085 -9.262903502824468
-7.889256811374537 7.851040140979421
5.123051952930016 -5.194026985134881
1.037383637728313 6.424303324688829
-6.532033596564817 2.094356752400998
7.270170544968142 -3.5342423911925795
-2.794451890762102 2.671827040549079
1.6645490926444833 1.5017432082288344
9.626173968921321 -9.166476233998079
5.198897280927685 9.492686933722723
-5.632327448929426 8.38041508726798
-6.9874909863479235 -6.869428561573434
-7.916645194104004 5.71498013223955
5.361816710508906 5.049514529488103
-4.414762686192198 4.511584936552499
-6.636863870167988 -0.0060505228421376955
5.586696016194024 4.220904450682818
-2.5111836134721433 8.919651672431929
2.7190535127684097 0.9117405140257144
7.899746622550271 -1.2654741935070568
3.761112074754438 -4.010850957034227
-9.77684408253445 7.424338060872028
1.7801129247476926 8.357136221418
-5.397847509278519 -2.636085457166253
-8.80332566566516 1.444800059695904
-1.6807446715590757 1.4691154746995583
-5.39367837025468 -0.6813388055639678
9.5923207310685 -5.142380330893371
9.724367234495492 8.129168519330431
-8.220115823917084 6.294878602878175
4.373613690488728 0.03967734014981161
6.9976223924792755 9.828184011149379
-1.1521886185523265 1.4784523970093062
4.429648124273806 -6.6160923644026965
1.6090655903125146 -2.2693983308191594
2.527379490459614 -9.146132780637434
-6.431961008472276 5.471100940089645
1.7276434278606239 2.0589731400917017
3.5553567712286096 -6.991588205353654
-0.09183380122174789 -1.4218495735017136
3.528474556633883 -9.166315124271298
-0.8314478652047548 5.1520980984071745
1.8766186544015877 0.4062978237357662
2.7032887150722864 -8.123260096743675
-9.550406248630683 3.8084914791554176
-7.395877251409777 6.4927552118926855
1.9774500960701893 -6.822950940585695
-4.22078655606491 6.266435027314291
5.82705847842783 9.804325244296212
-1.8172738271228894 -4.526376935763327
-0.39278437017809686 1.6043383839025278
0.17523052415825013 -8.391997581541853
-9.818521334239227 -3.298037966224763
7.57011639124617 7.189089111264817
-7.179200265964458 0.16985058999636848
7.2328328266765745 0.31394043462402976
3.7479513283833814 6.172404526035006
-1.247262134793779 0.3028537776501672
7.159594596828484 2.9048180533120735
-6.566726518716668 -7.213071045036448
-2.542675009113246 3.8804262018395654
9.066234214332002 0.7562915566432089
7.074437506579969 -4.93476259556592
-0.946848882073585 -7.035529239056992
7.398428666056802 4.3802760440813024
1.3122981349207734 -2.7198538346190038
-4.185450074265273 -6.228485062024875
-8.041477282848007 2.751742080239124
0.19085904053883596 -3.7308896828830873
1.4795487020804554 1.2122381741504533
-8.39585312305643 0.3862992284839546
8.412607045467656 0.9998482385063934
2.4169121895370242 -5.387452546798654
-1.758465650420316 1.4114651564325271
0.0919145711344882 -9.898963247584636
7.300824418569164 5.041735666436189
-3.0636181458570366 8.325296050561704
-0.799402531005228 0.49457652621798864
-0.46511524442825625 -5.6642642031405614
-7.206694030155774 8.42375194728396
-2.343790444612157 -3.6282139979137114
3.328188488631687 0.9612430190828913
-7.811396104511418 8.252385229661883
-9.619111481330844 5.267379011163452
2.1351309777816603 -4.889941439030583
-4.2263587543181425 5.9181696686233
-5.9299412227940955 5.083412486290804
4.374974296192244 1.8326450039663627
-4.172702222718428 -2.4205337423317292
1.2500942831686501 7.866112967310507
7.979448595153254 -0.1833771876717556
3.1858841999785845 2.862176818507775
-1.124531237861298 4.873242543275875
-0.5566089617079726 4.430433558493725
-8.769273002985834 -5.8301849170474895
-8.11952699516146 -4.999907943351614
-9.972444767717159 -9.400505603008881
7.425303187296681 -7.354610265184524
-2.730487243184121 8.684565207788264
-9.345136105946917 -1.6312718403084823
0.9293299967794013 -1.0144489266923191
-7.839470292287136 8.596510228993754
3.8854347040960597 -0.010325540093285568
6.349787849713188 0.5792545198185479
-0.23944142290643633 5.2570275615958835
5.991370409647228 0.026143123912076405
-8.75359495448395 -6.702069765852984
-6.951845299988777 2.7651203461568485
-3.2235171778125586 -9.71470622345681
-0.23719207870349912 -7.481122924301511
6.116258221307433 8.942217925579506
4.5771093600371415 2.5760725971155587
3.2112976171945267 2.386090992560275
7.861097530168021 1.8863019680447017
-0.6037712706419818 -1.3988287155890706
-6.936150313819196 -4.436107667805242
9.938127430221947 -4.977232857142111
-1.9345978333832559 8.702623101337913
8.552732799421598 -6.5255552366207725
-7.173005592855761 8.72892699365051
-7.0738110535648335 4.71695100203573
0.4378799088013672 7.176970044487451
-1.189890795673067 -4.327295266507695
3.6523146172806236 -3.1619094840817086
7.086686758927165 -6.4056527079228704
-2.183047470760357 4.981887885843005
-9.871511260357961 -1.8389803410512968
-9.523075359293884 7.7999277473987725
-8.017070039767235 -7.3429809636060295
6.346123456597397 -7.280572669402652
-7.30149414737242 4.946869934265543
0.549704925274149 -3.0244371266848873
0.8927393269764039 5.144573077376034
-2.1363919623006904 7.668573388291506
-3.3627627679639644 -1.0149016264421729
2.657344112398812 9.781422916537963
2.3263424247065583 -6.532288896072906
7.144918820885657 -2.304082242068324
8.350969339981695 -7.659380022039073
-7.077935178331045 -1.7137661201860848
5.442116494065452 -6.466433821394906
0.00906795879909339 3.6366110445084097
-5.5916210517971106 2.394743711837968
-7.096578802116085 -9.307091422660978
-5.429590935750541 -6.430308462279335
-4.670885107669152 8.24943687750197
9.622300040075338 2.6646232549320494
-3.4747613862467297 -4.609297551100595
1.0075101726934772 4.594396948311093
7.9031501319292765 4.631519587804881
-1.9490625800803905 6.204417989171834
4.735327591762765 -4.90736858969226
-7.150662256463997 -9.081795466242868
9.92865434707732 -7.531199424974813
-4.466735504711914 -8.11387346995291
-4.7170018549597215 1.9457631972853768
-2.4180651166905553 -6.678529300316887
2.885094108398736 0.050699468921980184
5.5872564229383315 -1.0180779335479393
1.2123794860612414 4.727908150837294
-1.455460424206084 -6.296513183149122
-0.5658292216717591 -0.4579990076284073
-1.4283063773382647 2.0697145465021016
9.083206114751974 9.297263427351389
-4.036317290833599 -8.749613721639527
-9.92442903546081 -8.833662528159232
4.073884709880389 1.2989447280694488
-8.30416217791617 9.291815008303214
5.551271855877156 5.792564242929428
-5.503877361550254 -9.047896894282033
7.734071433509165 -9.352779274381701
-0.28630804528070364 3.556571505967515
-1.3177428446517148 6.896150597477519
-7.9564116158543 9.53139822746595
-2.6201223109175835 4.370411579410973
8.59349203121318 7.992219293476502
-6.1541473392781825 1.0587501236699843
-5.231082052318445 8.567393158989745
9.929090019649163 9.942530926497799
-8.747141189959626 -2.861512906823891
-8.162067685128081 0.7763074785626429
8.413122093023972 8.986140906842063
-2.881604022877413 6.374291807348065
-3.3170852361127494 -9.721389986361393
3.5000087027313107 -9.939106254365315
-0.628438577004653 -6.824656436229568
-1.85363759480283 3.9354213317731013
-1.8200006109965976 7.1752092405534995
9.656679944319588 8.75968979244092
-0.0657324259737031 1.9788987595762837
-6.053555988800301 -5.68841276349427
2.8219565583960318 6.529246837729005
-4.103862668126281 9.536150181765699
6.57468065453077 -8.832144096296691
2.6381302331888445 -9.011585382298763
-2.874830768320111 3.02588240089646
1.8061386221913978 0.9849942314142286
5.062665174937964 -2.037168230480601
5.239396012375124 -9.962911770563995
-3.932906155736326 3.49678199297381
3.0873503808893936 -4.305293341529161
-2.7838633671472346 6.610409166983008
1.618448125252101 -4.151104710625811
1.2267995265018463 5.512575349625726
9.686439237715096 -4.714026642759606
8.18256060766312 -2.1404978507930794
4.301728673137042 -0.7033092965358776
-1.8430034237226138 -9.674366875730415
6.8496633937701965 -1.3659076572430955
2.249136253675477 6.055991397456527
-5.869366690885953 -6.423174105852714
-7.213038026611091 4.605813279361058
-8.450548569977945 -6.092757630033763
9.886105290261188 1.6841803553030399
0.48000541217858483 3.9261873076598626
-2.54267883976029 2.3912604211258994
6.126721215892999 -1.1250377041159947
-8.40789124850044 -1.546080893869977
-6.1991066829653825 -9.599092903055732
-3.324841953341622 -9.870355776330253
-5.898094433092522 3.5418909425184975
-2.2340899027869776 -5.411524041769271
-9.994194250513676 -0.9649505482407008
3.4018986502061725 7.3014572253954455
-0.7096688486174667 -8.919383792763577
1.7711662570176596 1.3314409488475114
-1.600343539341722 -1.0394877452264026
-4.191562986820325 5.890615068232064
2.893033372602927 -0.1605214280561782
-2.729602777806641 -9.753209518511
1.5579003675503937 -4.430633041593353
3.114901185330643 -8.994033781391988
4.611976452324063 -0.7235831205089287
7.82219781633647 2.000828097435587
6.615430612876917 -6.227562245514411
-4.455969895084955 0.1152625446258213
-2.6127297862187397 0.4265802823632381
1.3430605490842922 7.229804882253109
-3.206367814851947 -8.286449072820483
2.6485757542561963 -2.0102557453101833
-2.2618641620149305 -0.3175542856161826
7.8435136031637605 8.038643260500585
0.15054247775901963 3.2171913195326436
-3.9976501212374327 -5.000315574418228
-8.595841804714855 9.330568643241765
-1.2538075976704768 6.837509737521582
2.752275309640652 -1.629615078993254
-8.124633561302597 2.460622673931077
-2.1666275947704117 5.994510544523287
-1.7298248055263006 2.9777323106623115
-3.7330282217604216 3.5588439428146312
-1.9171486265952318 2.905052378049861
3.3639362128620913 8.034502226102969
1.0147563613052384 -4.156176390688282
3.104700450863829 -0.915501793215336
-8.004378285830647 -7.439793396727097
-5.1879110113378974 -2.516595349218578
6.029869566875362 7.125849978683394
-5.63810370408051 -7.7066813124519395
-3.2014126061916297 7.05747956000241
9.809292391756962 -7.794971755572567
-5.6196173807730805 -7.608181609289602
-1.6608151193729483 7.723876834200055
6.591761340579012 5.962787942335714
-3.5035695427500073 5.6827565914459015
-6.647808434400481 -9.066347046245571
-5.161805275150355 -6.029260894097046
8.109771126257602 6.0830340803125935
9.561786353400784 1.688727191355781
6.9790614126669475 -7.997291286191204
0.6997675709992119 7.91763383967708
5.163665062573987 -9.115643160670643
-2.6110609783409355 4.276771803589535
-0.4041848899394438 8.43270292747399
8.304365316268026 9.335624016702834
0.8153454153859592 9.596696510405454
3.5837398159370473 -4.177235222075993
5.176591948629074 2.411695121259907
7.69981816835552 2.712980066225512
-5.6117293081090525 -6.706119643065939
3.8573873786490527 -6.899391299032751
0.23061498328566898 -5.966907607122279
-4.863817073373127 -8.74816900059712
-6.715201380457632 2.8225558347274493
6.5005993003372105 4.212227677343174
-6.775036276015918 -3.7043019191732203
-8.84491580910783 -0.2810007658894005
6.8703182804679415 7.499870999917359
-0.35300033108185147 0.9943770062440329
-1.3823973067825612 -6.9493524203198405
-7.4349425651357 9.789342336480406
-2.551146340851478 -8.31180279115147
5.812932420825785 -7.708580177558453
-3.232800209076963 -0.24250713344850894
-9.699095254407155 9.270397134188954
-0.9217533097195556 8.372578983139306
-9.349227143895366 8.899291638671496
8.72572976921401 3.0006692536816093
8.964654136447912 3.8548974125525763
-1.8708067743407888 3.7634299750519595
8.750032818572567 -9.651230093952329
1.9598877750191122 -3.624923281976276
7.891338322429185 -6.8856401846102955
8.83323142879194 -1.9811828956587956
2.732941433109433 1.0561472084228214
-6.809188374705433 4.444358689381877
2.43707749395017 -0.26215959181340054
-1.813012342875865 -9.20730944632786
9.847681415081876 1.3274246162142216
-0.8965297398236682 -5.906716658887506
1.5132597356010073 -6.002400770923943
-5.613749951389537 0.9174193412467346
-7.044195120411445 7.455069120085728
-4.290712754309778 -9.213403428970949
-0.16902372790327647 2.7683018476101466
8.806198154447575 0.2157266800962958
1.2540883361636617 -0.751602993643699
-2.1081462987585393 -4.409668270524081
0.6387930119163308 2.7188229140751456
9.47681401002037 0.006084762367732921
0.7367833597746571 7.091450318551349
4.234775878990188 2.3453683344551397
6.9334982229773985 -0.38404565467184426
-8.078239346179677 -0.6870293104099225
0.27972483407017457 4.859043944922972
-5.551258236516146 -0.9983053505062642
-7.236872152029285 -6.76119360770852
-6.5990918613624245 7.559553284494697
3.4778833551616746 -4.498086370933736
-2.1718766512569943 -6.52571840877693
-6.215340373165919 6.464338737925676
0.31086275195449176 -9.020430851446623
-1.504081865144249 -3.3540583411062963
-3.7537938546130656 0.2658599663715062
-8.245899880486585 -1.4523293464837561
8.179609966217157 4.932380338702998
1.3905921329704025 1.4954349192792034
1.827014566030531 -3.960738457013015
4.776772554542854 -5.3286972049241
-1.6587875865709556 -4.958718244678493
-3.6706911579617785 -0.08016995649619574
9.681026764782569 -5.067350818627336
-3.3552229540698857 9.838853341898407
-9.57043035383019 0.984194693312265
-9.556729427960146 -2.8241435140061384
0.8678297162867725 -6.5029735060746185
-7.611066811479157 5.806326019824336
-5.224751702049549 8.61543437612556
0.6640096528738297 -9.717197394376857
-9.264917823734919 2.8266530264832
-0.20574141480738817 8.212488890036905
9.677324788824485 2.4294910610454927
-5.501827959066301 0.3598707861702888
9.7066895941147 -7.98047117778883
0.5752646099492651 -2.5181408705048014
4.260313979258843 -0.003601402384422414
-3.000861988382278 6.3080565242910716
-4.774800460524453 -5.438375101807864
-2.4045800565542974 5.400528565285537
-7.330637637483268 -0.5828698650886714
-7.919934444087257 -5.815668595159291
-2.11571092348424 6.242338543201505
-7.411838483167131 -7.303046436269353
-9.902571700775077 -3.4398877524065092
3.333951413652155 -8.748904551110586
8.149491618395867 8.736184464347645
8.903668113176334 1.3289810226250651
-1.1361797848582889 0.02255358290884857
6.10110649889597 -5.567271328876721
8.34660502016542 -4.2999297949736315
-4.1729906377850075 0.2376949057147737
4.629120262314606 -3.2842752029674287
-3.8560677939717607 -0.05552532106963426
-2.2158535789393907 4.377743473579077
-3.910750932719738 8.272024712244345
-1.8743214633169423 1.2501160466671113
-3.4916124072516457 5.268604297626393
-6.352379136566466 9.949643060387594
-5.505593843919581 2.3289468308839094
9.145873375943037 -7.033363069306365
-4.728125036871429 4.6279924883775045
1.4789343141905107 -5.622418016974578
7.818120267909158 -0.45638583729567905
9.425839841110669 5.6531897113890555
-3.1894781471936113 -6.890833151456692
-1.0031562976319197 -4.390844185711559
-5.6210185375321515 1.989332108914157
-5.150207172558517 -4.351240208978009
7.42688381262721 9.72277261233166
-3.851796763909457 9.6408122047248
-2.786149488863847 8.12849459654053
-3.5095508516351837 -1.5676500794294785
2.5969452500936914 0.8979020470341119
6.669816174958946 -9.331056697670665
1.789165764629141 -4.215389020682845
-0.41825388885085424 -5.221585599047995
-0.14049905045748723 -8.905443349869053
-5.120568581167633 -1.6438372015529605
-9.242473636381405 -5.7770904524028825
-2.665646785436156 -8.428472881445577
6.2620101851681085 2.318016641203675
-8.390262676334512 -1.4616214126053286
6.046910062745361 3.0418833670339573
-0.5534676827476233 8.098158349533577
8.19225036355498 6.173114725722151
3.5426217223117806 1.2116182976195748
-0.13543565165693394 6.519779467890274
4.766767418435752 7.256820445690963
-2.8173662383599707 -0.5626498759648317
2.1467834048696783 -5.877989411120148
0.6252520906679919 -8.947459092652494
2.4030948899126585 5.685559133800606
0.5984713323353557 0.10320567376870216
-0.6214419098161486 1.7541913009050738
-7.797068264539839 8.719887657155194
7.258277438771714 -3.3820628524105745
3.1476085567477163 -8.497246750533325
-4.478559101447905 -9.687830354975377
5.2557075815123095 3.5653130846221774
6.273490889338422 -4.712067196052363
1.4349995329847598 -2.0387419898603003
4.919874316530734 -7.26898645753959
5.372023702394213 7.016509731425348
-2.712001020911277 5.712058724647198
0.7679824102978738 3.661644786070326
7.0701245774654495 -7.398942872973862
5.875951705140848 2.0448697163307923
2.8922302751564217 -0.037320597956817636
6.260380703796031 2.069728274370661
-3.139121327020682 4.95416071090448
7.080332548324403 6.636028010112206
3.642796081035275 -5.35453973307968
-6.107093428592911 8.78804967411953
8.439474455828517 5.721703154314721
7.024722281014519 -2.4074353564261735
5.20127242779737 -2.2064375836323036
-3.450025071317624 -8.66268947654449
4.327844430328172 6.0483636542681865
2.9467229445053533 -7.970261345391519
-6.563263193465485 -7.996727196052054
-1.7574013418141998 -5.703845109030617
-4.156846731953503 -8.801521260765588
9.652699034308284 0.45877533707217033
-7.77507418115105 8.507983184613614
2.4539177430875583 -3.1618334535974757
7.087150228282699 -3.10018062821195
-5.711083271878284 5.477914502613254
4.953184703023911 6.906215219454147
-9.391359005694497 -4.511709735500704
-8.593296877775305 8.138096930199655
-6.563979366708592 0.14582039532052882
-6.18950236009759 -7.207387418797932
6.466749980146588 1.3042152595856376
-9.730268786611775 -1.0754582058086513
-2.6702753645613004 -5.720717165690772
-1.1939486634896035 -8.149256239233758
5.915906669453703 0.15478526050624275
-5.065222968457763 -3.9411857183733474
-5.378459928311637 4.899328244879813
7.965059809261533 -7.311090507445732
1.213795075473321 -0.5852267850435275
-4.154552432194791 3.7978482813629437
-7.424464025045641 0.5281033742130994
-1.545737347016594 -4.4346883678093825
6.797199778333816 -3.4892703389239283
4.783282112183457 -7.019722210381936
7.083876290100225 -6.428277098796176
-6.445494226491659 7.719685461567817
-9.927469722351548 -2.7889394063628137
4.0143591221419594 5.381738862506605
-8.599432958399007 -5.40084725844395
-1.9794154637997963 -0.412341873107092
0.9784151318534278 6.136625238708714
8.040736738492807 -1.1355452914925621
1.1808853381442308 3.195015068332843
8.524596439424116 2.409572007177065
4.401353296713058 -9.058611712338715
-8.457329492009277 -9.326459218732976
4.696556011169047 -1.9229586344063332
-4.806635725630358 -3.074132359998001
-7.826112546939237 -1.2081869420602231
-7.855311449439128 1.6108252124761417
-5.568987574831383 6.333950435944779
7.66343688761939 -9.789530592240306
-1.9506711868759048 1.6086963497526554
-5.6059886275029 -9.169777288965523
-1.4160948881978328 -8.744430247799492
9.062989821448745 3.233398281021687
9.23541138026507 -7.3211655904122575
9.622762059471519 -8.083477752333197
5.731139480290896 3.327543285770009
-9.83318627062101 -3.594285106490373
-1.3158508389876076 -3.678873931312914
4.194120381036075 -7.889469217591627
-2.4955255017673412 -8.01781400122108
-2.2802358353216086 -0.6699654158709549
5.173595363077368 -8.326634429204878
3.4412921607723117 2.6341413440683397
5.844656800106199 1.541428544630536
-1.7101578627773595 -7.312757000319219
6.035874790671254 4.116617893526115
-3.2665949713859277 6.182330633338854
-3.481006351741696 -1.8509468308765236
-5.028475915592421 -9.016621853322398
6.208563141926675 -7.364469038206007
-4.012385917836951 7.832520907528476
1.9790897965482088 5.6658457334862415
-3.6005464540036876 9.98891586227099
-6.35616297431965 -2.7203635200697684
0.7202898401165232 2.242867234629527
9.001528690921457 -8.131255802339654
-3.0045519446274866 1.8418333811152916
7.805973763875098 2.4516712742213898
7.801517795635913 4.6757858188855845
4.9165681599008515 -1.4445574277779922
-8.765207143749869 8.386746748971348
5.6303161656788685 4.112548213383953
4.503585625628192 -1.3279683252577694
-2.8535527351238414 6.973514053449847
-3.4990446706984413 -5.726911641261339
7.656651525006847 -9.760439549742001
8.168526867553481 0.18302562513299314
7.540520054925683 -9.534699982968231
5.68366091814708 -0.08400724470544851
-8.481312503500842 8.021044539496291
-8.653724878944544 -4.281378026169531
-2.629765952550911 3.071631795422789
2.809854277418548 -9.960233969200388
-4.378064881279579 9.407043038179726
3.1069052327064846 -7.078773953648872
7.190689208638897 -0.7591561326396974
-1.5118180030703687 -0.7453642947157313
0.7778416609876757 8.29449744565257
-3.3518730854531142 -9.198342756892577
1.017472085887059 -4.472698825771664
6.194163359817544 5.328277398395118
-3.9703553960055826 -7.201041740614427
0.004484498132509174 -1.8646136965075897
7.338572587583624 6.280113977408412
-8.965768390102264 4.7872744839039765
5.306608263717541 -2.79532721662698
1.5900256471167857 -3.6299535028969077
-1.4491891419718623 5.353374027935157
-3.518931480758061 -3.4817367815287925
-9.337629892790327 -4.890925562426764
-6.290893808563311 3.66264090367946
9.617186086867953 -3.2563363449011895
2.774360712636831 -4.749066320382392
-5.353887457748008 -0.5758597595651853
-2.9734555590814953 7.002372664499582
-2.158440535024086 1.8220707459582979
-2.125167608425529 -2.766680189565127
4.28555326450045 5.4662945966623315
-9.309204171621339 -9.146856394790996
9.637080122864713 -2.2760906452406315
9.428629159140897 -3.896326275929736
-5.971785942496515 -6.5223462145905025
-9.81632621817246 -8.319093996491613
-7.198221470489649 -9.04347727907627
-7.499624697041041 -7.319129788870802
-4.573578776747878 1.8308644739009772
-8.107147514951752 3.446034240135859
6.232304744068745 2.6747057425123764
-9.52735257528056 -3.0909540557512187
-3.473379555678557 1.4376379057931832
4.364007275313357 9.37330037632773
5.334218714952215 9.41678912027849
-6.102400071887577 7.7917401236407
5.179226894533283 -8.178465555152627
2.383222094021784 -7.3068801181588094
-7.791172366657522 -0.6142784305051912
-2.633438657846474 6.857369887665175
-1.0142633933733691 8.171419635088355
-1.5462582209544564 6.289280933132915
9.56904998352649 -8.88901888974873
0.5622684162923903 -2.4838533249286154
-7.057076162983322 6.871118100043979
0.12460269756848064 -8.04304019132032
5.541305083971263 -3.7325472825337442
-5.578695020869779 7.332378154595212
4.202067229295523 8.393985351956346
-5.700950284847115 1.1389011870481944
9.421307920367486 3.4625276307310493
8.641979242125007 2.3034967843322978
2.7401562441895955 1.688634983925681
-6.647075643056515 8.657745595439145
-7.48972048415022 -7.109013595219116
5.796042980886433 5.2205795893630835
3.5654401898227555 -8.986625146856932
0.85565650458439 6.27914341808447
4.439077375280709 2.998727258192158
-4.877451045452201 -2.1202897391644164
6.6100158650901655 -7.7795581227257955
0.8643195782020925 1.2273002290547055
8.118085745555959 -4.671840053156062
-3.5426109858187615 -4.55970067294492
9.239092326510981 3.2087676536205123
4.099860914046253 -2.2943964184736565
8.002536280989144 8.938709761973499
-0.9968398709714528 -4.038960888796517
-1.500059429287628 9.204867349174332
5.810293915943237 4.967667877825438
-6.520011089663582 -6.3354627360546845
1.6580969336752034 -7.9408226956477135
2.708837941925861 -5.315644065949183
-5.303229906620954 -1.4602273956426455
-6.4340697556755 -7.841460147522962
1.4099060995945916 6.39720254782959
-6.095682078657127 0.019647670048442478
-8.111942559841644 -8.552712359598821
-7.780646489820331 -9.870947396033012
1.671776079021468 3.406084962362339
1.0877233365348857 -5.403622927295489
-6.4386018196694605 9.878952139549881
-5.0216988110387355 -2.480342678012053
-3.4359873877496288 1.9485478671769592
-7.888575313062656 1.8204228468183974
2.85757207607303 -8.415069937685542
4.840793872170288 -9.871622281037457
-0.062187740462167795 6.735506567163053
-2.7715271450301042 -6.440609654519944
3.961804233966797 -2.2560545224721507
6.034272748529734 3.0908972394656296
0.8771450283674973 -6.4973780797649265
-4.16404857413281 4.808129315459851
-2.0336912671754064 -2.4049707958668654
1.6416693331497676 -1.7880252679429667
-5.9445770964735045 -5.527225181690905
9.77334084304325 6.5835843363494035
4.35988660922958 -0.7864097625467252
1.2026862949144004 3.010460168192333
-2.9848836844066557 5.187092345555982
7.227130084149245 -5.137957118289565
8.806609702914649 -3.7706389042005073
1.0147738038834735 2.3856343225311214
-1.2263636793422457 9.164470287643859
-9.960588334328108 0.1673375987797865
-3.336449213263437 -9.927673896249782
6.39548320859997 5.8287918851299185
-9.63048858816789 -3.725407062160169
6.256248454383051 3.8286126273721877
6.065480900083063 -1.9489121250267782
5.9386406166832835 3.9284888161003835
-6.050733819883705 3.2286573753263355
-0.6631577095742038 -0.5853506455303119
6.1468456929534305 -1.7201730335884626
8.427042308249476 8.49206250342798
8.328392165754984 4.187897699819212
9.0106073390766 6.944924015299769
1.0751868301310665 3.4453386225210956
-5.043473777860001 -0.9024808348723123
3.4217003634502454 -4.30547385800975
0.06429631344832032 4.13036867473588
8.67857839478144 2.4994746386600504
7.347667012228776 0.9208799572484168
0.8287589241096587 -0.5222486596171301
9.734824898986826 3.418791894549834
3.8372619182815235 -5.344172375024634
7.559822069456175 -1.0963070661087677
2.4385555897403943 5.020366444025413
2.6836378205508176 5.148682069616813
-7.479214058812602 -6.725053150998519
2.5490752744810425 -0.03465909926318389
-4.749371998782381 -9.219095778597723
-5.045418625410498 6.550462378717697
3.9496494214675852 -9.254530002710128
1.9085134901498542 8.942393463706967
2.551996980881503 0.5408869363741395
3.3518328417867327 5.269400801559572
6.263916968542045 -5.494670244688315
-6.346105178139794 0.5293604419834868
-0.8427639646831064 4.844701687629733
3.0819384148752977 9.874663316474063
-1.0957936522810545 -8.161021422656136
1.2126609022253874 6.4565346482991295
7.360073420464065 8.107220663624584
-0.09340831219140355 -8.007179751983148
-5.218820637440307 -4.924511061713832
1.9724133143338065 -7.058214052329195
-0.08346569063652787 9.527729046218386
7.126503148649068 2.8202416728274713
-3.67442861385263 -5.547914176704241
-3.0761317734114897 -2.785003594829057
-5.4851359837079805 7.8903456823843925
6.663363581752929 -1.613030530737074
-4.486038917881823 3.7604597252047807
8.411834983316886 1.987078933118049
-4.597320542251784 -6.152086627850415
-5.050454372609439 5.973000603215574
-7.137437691186291 8.794916418056062
7.33819089910401 -4.736282999876991
3.6802599228172745 6.624153157684308
4.588343436269216 -6.5153065735510785
5.782009791197877 -6.45303631720981
-1.297641198473233 4.188360671470795
-3.0487716034050116 -4.735577083213003
0.356845224158441 -3.2724574450368564
-9.940291761275219 -3.868479565954404
7.879771294119752 -5.089823809198933
-6.3574536099173296 8.34480955512116
9.384817365327706 -9.65636862991061
0.9935183533862322 0.014796728719590035
-4.768789268545143 -8.336467388648618
2.192957075071501 -5.386365851184232
4.063098028536533 8.844545321325
-7.750003985817962 3.681983374322204
-1.8413570828396146 -7.220823666983131
-6.539659572737831 -2.8688766937628944
2.267640015755724 4.4056788603164065
5.574314314793167 -0.7373511181085757
-2.6824457540413 -2.6255456060115234
-4.96670819196537 -9.890642114525283
5.856369714851041 7.984111304835867
1.6721307389798206 -8.431930841334816
7.6279916830257015 8.382238277350652
-3.9905824204407665 3.6228446546414244
2.791764252948523 -9.625412563079607
-0.05949832382400899 -1.8127696023510431
7.754780124775536 -6.48122304193855
-1.5602376649711918 -8.786366161299185
-6.720349136248154 -9.705829466002498
2.946632413827711 8.527503792010421
8.027747152482437 -7.563593451291704
9.182446540783474 3.8818726417798537
0.14993603382657028 6.773668265504654
6.893408509055195 -7.026057778113584
3.5198248115395785 -5.195740521850416
3.058296456520031 -8.165077126266812
-9.521131845172736 0.3041491398834868
-3.998991667175482 9.087045238776593
8.06239808880639 -5.820802375514605
-7.553586870107447 -9.335957602320605
-2.091927835456837 -9.117839991947177
-0.2880110556714577 -5.3588087189271905
7.584054829737546 1.1266371749557518
-1.0782539637836557 7.4292411911709735
-4.209232847990007 5.079622794015005
-0.15565033454677568 1.1128412093669748
3.9227761304596243 -1.2608814840929394
-8.476017003480958 -2.9924536358783937
6.120171611131845 8.308037176239452
0.5386229735188763 8.563194458633134
4.420535509497725 6.064713983847362
3.6563536664319063 4.211791303968063
-2.1780489392149605 6.516441657909876
5.17040838052143 8.007804415022697
-9.214727757211529 -1.5116191246912898
6.018382837715826 -6.3201157370451355
-1.8704639400285377 9.727819990053497
4.150688181605913 -2.526381269319426
5.149786235129493 1.3531245996179209
-7.031026270063219 -9.261529436894453
-6.055427513236371 -9.021542766852665
3.4690762099761336 8.70830378398724
-3.927711168717776 -3.826721679634673
-2.280063161808088 5.360296587245472
4.272026483591828 3.2387868844922263
6.070702685467737 -0.805557557470653
-8.370383269370603 7.5818227368714695
8.02061263602204 -4.599266427072541
6.283648953758242 3.087899816478801
3.189242145938472 -4.897577678528431
8.024380461892441 8.531456623898059
7.053456788705812 6.199624062151841
6.904991131454899 -8.705376657470365
3.6184124484874953 3.724191965888032
6.670894698865517 -7.492996574546944
-7.542017179211308 5.703893164212868
-5.086681928073238 6.80511031040195
5.158607191266952 -2.1913870628639103
-6.152021611134673 1.4268755671121873
7.529083744264774 -0.03227341940713835
-9.85225943888497 -9.311055471589881
6.223151582430145 5.374914632032777
1.6742448834182255 7.534574090788876
-4.915825005679036 9.31644259352009
3.656545647601382 -9.251638743433276
-5.725111333910333 4.081884664239501
-8.436578372240238 -0.4058017102839262
-5.653035359365919 -9.75904109709603
1.9936817910394904 -7.827575883205007
9.221129121228085 4.61221537389903
7.253484659181517 8.953682482810748
-5.356312326450725 -1.046037377180781
-1.9012497547976075 -3.3846173587931716
1.6512426285413007 3.3227046997712826
-7.470572190176896 -2.368462286827695
-5.333093580436632 -5.176284841317953
-1.5086270272517162 9.781474284438879
-7.401015442531163 -7.590692481832306
0.8470384954787598 7.7352857405153586
-5.464194850411248 -2.8845017565816544
5.602443248266793 9.603180411410015
-9.65713061835013 -4.975156232086673
-0.15267144716704983 9.666515355633692
-2.441358072373438 -5.28427327073447
2.049555092434792 3.502618839562757
3.617553903638118 -8.519107982596342
4.308548499800427 6.428807002342445
-3.1240181987410365 1.6444616291188918
-5.0704239513611675 4.630927462644189
-4.3096578717623775 -0.7315765045540417
-3.613722006796463 3.5639351556154057
6.353449127068625 -2.3699546999810517
-4.841614366409095 -8.17686515546444
-6.030715664951396 8.114829540666438
-2.361179292844411 -2.222670887153453
1.1084674398782752 2.878402618890725
-2.9565242679025294 1.542485124217956
-3.596569128358529 5.22147634435003
4.5348599418243545 4.247142926410952
-4.6602793973462076 5.493974064770859
4.945375107708616 -0.5996050870851715
-1.8110232739044267 9.158706170040674
5.989778668918797 8.527427157812145
-3.3413631846438 8.003637438953422
6.871944635283334 7.196100506817778
4.781935429109094 -5.800319155836176
2.5552915214718723 -6.474394356584958
2.890690773413347 8.329711205590783
-6.482113881214843 -0.3515405850468394
-1.3832518845102513 8.210079342851184
-4.256407818629184 9.641958673010048
-0.4202839045699651 -8.365686803223172
6.66604023011238 5.35887396780935
-6.957337120575877 -6.241551069371749
-8.513063902951144 9.82052244932828
8.279869331707662 -1.4182907170041332
7.988468255024209 -9.790955449738592
-4.247417116697343 5.627854054048653
-3.248947505102187 3.1795297234686792
3.358917392694231 -9.973695938981916
-8.818165113677775 0.000603127603923781
-0.6784141073498162 -9.707343399701633
9.917897080269448 -3.282864739464493
0.4601486045760197 3.8675781008263588
-4.336922232888146 -7.687917584752178
-5.7329224608606495 4.163045338767219
-8.365913395095255 1.5818159628361066
1.8418580743396404 -4.758573540742388
-2.7050053450579075 -6.157187189589612
3.009589179563063 6.2257594214252485
-3.2132514654554374 5.58516918455047
-2.853576766875088 -7.750156261804834
6.348225803669841 -5.530974537308449
8.592671206329783 -0.18121540681755377
-7.606035281072023 1.4659996399293984
-9.398994037786636 -1.4923173447454463
7.13552721384281 -9.932657822576683
3.2166719042954597 9.706897555114736
-7.99294346454036 5.152114936815831
-7.3450348084516115 -7.1782131405751155
-0.7685496626252579 -8.455958426043003
-7.6892739178384195 8.598265561692692
-6.826526028428679 -4.901561646601094
-9.320673378389024 -6.322981224315319
3.332083334987324 7.391996626151638
-9.257060718031623 5.011970486285957
8.651576293679987 5.75660223121832
2.2952847320727656 -7.825266786193941
-2.5808211031609485 -0.5645389135646219
-8.417604189881665 -2.274688469180866
7.675066146341855 9.87637679062718
-4.11953103733569 0.7267745079574723
-2.0916162896787505 0.650247894070322
7.658719706461412 -3.5711117532974352
-2.348924114181723 -9.40310312978933
-7.319682277157318 2.0633365177266967
-4.889784738162617 -9.378040534581958
-6.326725271844622 0.5323022039412741
8.58913049324186 -1.7462077688174382
-2.7382118304704335 -2.149381167470567
-6.605014149837112 -7.910526737679307
4.707287393950921 -5.489615164190704
-9.73842741947032 -8.784008448828136
-0.7113844925498221 1.4016053345026425
-8.119286784787915 -0.6523720440264853
-8.339971028597189 -0.181912383210296
7.166258820793317 -1.0876986176216068
3.9956907902224614 -2.9026470076066975
-7.877703944802268 -1.062694248624659
2.4368276343910544 -4.7292247932095055
-8.298871473997256 -8.279665676281704
-2.8178243422643785 9.855625421125843
-7.662905715797097 -0.41284816483278064
7.3723468023023955 7.548711474406453
-0.25442621587577996 -2.3284252484188155
3.1231620543781915 -1.8621055113686147
-3.886519383995422 3.9726806562927823
4.259258331907059 -5.6284787744212466
-4.852764908780629 1.1888664421847182
3.9049240039245667 -4.563123690627178
-3.208689729999703 3.1113714397313057
-4.433921348109358 9.71375336707559
-7.999996949810287 -2.374745402605787
6.862822831357963 9.314967893961658
1.864315679874462 8.122826349394153
-8.861648810640473 -0.7837617368476835
-7.2200665981570555 9.764740339709594
-2.849422176578848 -3.3105848099292423
-7.669704013525401 -4.320311630420399
-3.5208671684058412 -6.686806040636126
1.0376604836976675 1.341784378741817
-8.449383063706684 5.215214045024993
6.660785801960653 -3.6554278359972763
0.4814263313876701 -9.723312513179467
8.784373380995522 -1.3383614256945116
2.976583755902233 3.098119404038062
7.812336516700114 -2.4517159197045446
-9.591824000852991 2.6346622018650674
-7.031831083967541 -8.908140340673993
6.907629497196705 7.711982895772355
1.568859157587049 3.4311708248337744
3.2129942161965417 8.725227319656877
-1.0307696525646364 8.553200209308361
5.634239286751956 -5.48964118617548
1.0850366351303826 6.064297545641811
-4.414246565131863 -4.341801670860366
6.055142693510444 5.187309443033927
-4.196769828733348 9.003886564014927
-3.5908433553470225 3.9455610103388103
-5.824725240916598 -5.735594993641282
-2.6827361439050783 -2.675373215333958
4.507516684540471 5.928683500699513
2.3408763383622215 0.9922494950191236
1.5542361100646058 -5.770463186075132
-4.169250387034554 -8.76401956492182
4.257565363232052 0.2982163828729938
-6.035588815237151 4.919997077918865
2.76164816643195 6.030944326895799
-5.71107568529881 -8.991060501180662
-4.2097628331776775 -7.168714105536386
-8.572470204504043 1.7752651144860074
6.9085139964805435 -2.3636873589094005
-8.42665418395256 3.624175498020488
8.526861066914545 -1.5577387184181752
-2.1287915790178076 -1.4327120094898422
-3.7759358019781963 9.981470478455655
6.3493581740755936 2.5493511324402203
6.95823897939124 -4.334876528359444
3.0299960858053154 -4.477067412405617
-7.178999899552128 5.137092545205331
7.191238051569616 -2.812091581397455
-0.30174481821893195 6.6350100263629095
2.6713136247568627 -2.7733070223448024
-8.70357010841894 5.376845772681865
4.6869384053609515 9.579166575123153
8.811671050335715 0.2833215348208089
3.3623818627138036 -1.1403776971291215
-9.683811518818672 9.272329248247473
9.072720745040549 0.6959867868393328
7.836252695123907 -2.4983118389870906
0.2857071603198431 9.94626206496666
-8.466604858200535 -5.55463462694992
-2.2826011552866765 8.766228771531885
4.671836735856406 2.0366984916536595
-7.972277029596098 0.6713024080794288
0.2649543755553001 -9.524222724139102
-3.3600659121624084 -1.3858690895041335
-4.22317350193806 -2.124711026647555
-1.6416935752011526 8.932432767741929
5.501170571094317 -3.6719065295200526
5.688896712900158 8.591913544636174
-8.33685617935201 8.601987335478395
5.537758792403961 9.939271382712292
-3.7862000955798596 8.818367581548777
-9.193427844847623 0.14993238409935827
5.798168384088395 -0.07564843259271647
8.085363567079085 -4.895107292988142
-3.8262778457488285 -6.1505363651243705
-7.10964225228232 9.234160089315154
-0.3430235488510611 -4.486495550448087
0.28274281345799324 -1.0989195714129725
-5.132635854859782 6.944473101644512
9.243081294717275 -6.108889887944542
-5.779048020070778 -4.519388070484469
6.734010405347771 5.345131000091412
-5.638236088513668 5.852932956938874
-2.0140587152912603 7.416624078997131
-2.5995936041111793 -4.1755360312809975
-8.047245675648346 4.6925697033496725
-1.4597252102431924 -5.047535476429008
-8.864168352541967 -0.0321003471706689
1.5833157984397932 -3.489041879845754
7.883363013254986 -4.709046941467574
-1.7375775057059748 -0.952824737340892
-7.836620655329234 5.125812117256414
3.448530843200741 -7.678528221648822
4.153181383721805 9.805676937998275
-1.4904048178039258 -6.923478237437188
1.9650470328273446 4.336824096882893
3.1070232878853137 0.22802979443450866
-0.7686531421080325 -0.9258042043213806
9.865283230886035 2.113865193470019
5.170344019764155 6.541119500962822
6.827925294855024 -0.3845276487689482
-3.500748619541927 5.62077655007637
-8.542850821679577 5.576764654664538
-9.469299660994348 -8.335964208471061
-5.991417650308617 -6.470653402313074
8.34123552513038 9.63796449525142
1.2493882600401527 9.272882462167757
-7.091273277886703 0.38855030177092864
8.823986864454284 2.9559365381869753
-9.875131017879061 2.6123785065881595
6.387036049259137 -1.667027001014393
8.886881289138614 -6.64967148449618
1.761724548833179 -1.369320514367935
5.477352647921762 -0.7740451751215396
0.542565566407756 -6.341234180070394
7.420005056044197 0.8704056698900438
5.068879733174052 0.6599873359891824
-6.72907314386594 0.7451755409595169
-8.458634262500693 -9.29951724625189
3.424534639316727 3.7735140191613397
1.3815010448367193 -0.19791055491955412
-2.3752312318820934 -2.0250919973911996
-1.8064664251818066 -5.387044268313865
6.850410709015122 -3.075625788074044
4.278651744759118 -6.561836844900803
1.4700100335580313 -1.0167716666356679
4.000507320283262 0.3220767400065938
-9.86584633269535 -3.4695123293435826
-1.461640379054323 3.1673407426943605
-4.371097538768877 -8.126893704806635
-3.459064357398969 8.190544175272777
3.763861593574539 -1.3431444338547003
3.9301333015639734 1.9572234926487688
9.339119594241328 2.770553220689875
0.4872464474592668 5.896406037138862
-3.992730925608699 0.7978150414096579
-1.205323676700436 -9.596561252775276
7.68988095044589 6.400616602482316
2.8462489829037416 3.8862421553152657
-4.6850387395988236 -3.98925645723687
4.878580298543518 4.21815618652402
-4.896260840817175 -3.532915950701259
2.8843277815830053 -7.753034526568785
-0.42834148972453967 -3.147333287293419
7.3223326911045525 -6.231484530698205
7.340792297796266 -3.023523504528689
-7.417959460818722 9.453084077325588
-9.395302861429505 -3.439031124110752
-2.5414356135716787 -0.3205487908426754
6.609151733741779 -1.9571844501161841
9.882110799083804 3.5476715488409987
3.924425611280352 1.178342985862388
5.543006443298765 8.819423243030549
6.372706319303457 -8.831469554286059
-1.5385679285598481 -9.24760963581395
3.445941752036422 -9.532492022462588
7.714011130493493 -5.060550490969078
-0.054426101071323174 6.122052121986815
2.6192277350860103 -7.798597937005038
1.499502617012432 -9.21940019781443
-6.864312730469646 3.009037427687664
2.985283585946494 1.7539272078124775
5.094872781230604 9.374787230275697
-0.8749384244810585 0.16131033761783442
-7.2821385474329015 -0.46867602938119823
-9.302773100141659 -9.990502254225323
-6.121622994993839 0.7944317450605851
0.4230300718254796 4.4947313530786595
6.261864370933601 5.055393524190698
-5.014729144876409 -8.187822319854734
-9.601048183149036 -1.0601350290009304
-6.587770850255021 -6.841089576274129
-6.451672177851577 -1.5810650940297872
-8.394801706556764 -1.9730182053625622
4.099657575787427 2.571927651347126
-8.548322798013338 4.922738354962949
2.6255419492201977 2.936408919472818
-4.180208751383452 -9.012944924678175
1.4185193723741403 6.877999524308361
-0.23443171063376944 -7.441367431052419
0.18269680770424834 -1.5533445375225305
-6.759326579039269 -7.280210819971238
0.1442511162704676 -1.3426012529537203
6.5303709302324435 -4.189400380191852
-1.060244137744366 5.628191049208592
-5.098484721933703 -6.517974818996324
-0.08979283319328779 5.286044812980759
-0.9396038494127819 8.258172889078367
-8.806184325609323 4.591506178572509
0.6661407402659076 -0.1693961382260838
4.5520567974133215 0.38960886235789793
4.187992291255041 -5.697703176585563
-3.632567062227274 -2.384446127326701
-8.44285805632351 -0.9675339659850035
5.2730088744000305 8.584369599709383
5.512765552504838 -3.1706514080007135
-4.837275872358906 -2.7338590685131248
0.6882878721512355 3.9114027153858935
0.37251690942023785 -7.3019958166195025
-6.267023399680105 -8.085141778946126
2.76627397891448 -6.644716405723936
5.413740338184718 -9.694749296313462
-2.670546631549044 5.223065037694251
-3.938763445150375 9.928136815100832
1.992922011302614 -1.5792666814665068
3.278940621930122 9.310132812429725
-1.3616900228155888 -5.4529902804199315
5.053332469016736 -6.188116894561579
6.476625750475094 -0.47577945608369987
1.5873239721744081 -6.85659640025627
0.5386064590634341 8.0144846236634
-4.690313315111851 7.096503626964097
1.120365070864926 6.348976816608221
-9.113065165837245 -3.970326816450931
-2.243093380161234 7.727835152191144
-0.22232328625118214 2.7475668758625744
-7.009767536876361 6.036631805364575
1.727485760780521 1.7290429506678286
-4.411835299132165 -5.62262853713386
-7.712782526245146 -3.6790834556211554
-0.3029610721309677 -2.268918381333453
-6.422635490568043 4.2603467019060925
8.698032545447901 -0.02402378170981656
-0.21625027293355714 -8.657560963475895
0.9540371474549723 4.261480839067168
-1.3460389273877134 -0.2835464678465165
7.589294227155268 8.780062593580855
-6.260822977479787 -6.844252713918399
-4.2210583772754084 0.8344452329067842
-6.409213517712926 -6.483418049831668
-0.015533008133459703 -1.7218143609642045
-6.439654997147652 7.528541914307382
-2.653040920049037 -9.634748371834212
9.74391299052009 -6.871634899568009
-3.757547255857812 2.793349870035902
-1.8465875925503248 7.486483753765597
3.3546069710946274 2.4837211121656626
-7.402342550649745 1.927349017930828
-7.686607549031379 5.359654084101358
-8.926918677621465 -7.2820936331590325
-7.28734546509759 4.227342625049504
7.622687314884363 -6.30115223245231
-5.6197687806921115 -5.350080544368263
-8.79901798870091 -1.566980221600664
1.6207876825489826 7.451808261529301
-6.540999561899474 -4.1900041681035365
-4.101152015578142 -5.956204490924984
1.9388447213136253 -6.625441415040321
-1.6314223405437644 3.4226394457875458
-2.688433184538259 6.952401488184783
3.7198363319612042 -0.1250500097805336
8.336092803076347 1.672438712573431
-1.6356549040127852 8.641590436108128
-6.880691842194389 -7.7698434838479695
-9.715660505052199 -4.334009129353726
-1.5754518013911927 0.4894351264156356
-8.187636698279693 -2.4712679503833757
6.738945502534843 1.558440009888141
-7.03533199306106 1.582634435927739
-1.2566071284184677 3.3970635568516094
-9.154147214550282 -8.92500170777663
5.403459639109926 -7.557687431846927
-6.320064119083577 -7.4225340254616174
-5.434638183831173 3.8987365239197835
-5.108177545832691 3.129267894472969
-8.462932960142982 3.706689264782103
3.73308652856797 -5.466814280842618
3.6394489638146013 3.706874874947893
-0.9624644584727982 -2.856786314377082
-2.723464950456087 8.410325593456399
5.919981246102912 0.03210870876931793
-2.766365647778226 -3.358217380870614
1.1576215182460246 -5.8839249737674715
1.361676893604649 -8.537351734366155
0.8062121426193372 -3.9101269743600753
-3.128594964594626 -9.884640287396525
4.835310633058384 4.970227984941433
-9.59717864100221 -0.15703468882741234
-0.15864717853940213 6.370517432324458
-6.312720851109502 6.23896584144768
1.8155461012396152 -2.0639564353589
-4.109465743529346 0.2793620418539806
-1.2054524595885532 6.997161676411647
-2.0817411277080407 6.827122846700021
-3.7897787571142345 -8.006747109348778
-2.06493960007208 -1.129208714567385
9.443750552210822 -2.004895314078297
-4.6656431572199875 2.295712038848105
4.003011053765022 -0.5871168294320093
-2.23844318021599 3.877120314622843
2.2648261670682253 -7.6382962677764805
6.72710658415426 9.068153141044007
9.116491607580382 2.6375046985233297
-2.740266869321337 -1.2439221366636044
3.6448839529141512 4.82092869045572
-7.53971145213052 -0.3242270188314649
3.2980677533823606 0.9312328076660155
-4.365434741275234 1.6237006100716638
3.9230334278777494 -5.692258450200514
-7.427545291978655 -6.399799613224422
-1.841258222464763 -1.1178346717530747
-0.8234933733944914 -1.502674254441235
-9.66698923065821 0.6598966946314118
-2.1796628847330846 7.891032620105133
-5.973802530324496 1.0096281091680392
-2.192463711490918 -8.500529986960249
-7.299937853875422 0.4788379313981359
-1.174274017881391 -4.448528375343479
8.785532954694517 -0.08583604475709272
-7.870355996392613 -0.6773164791791864
-3.80945651532699 3.9819384196051786
9.23176194107501 -0.5300022437465799
-5.841664030204496 -3.4402348038374653
5.462063411456457 4.161763809034012
2.2704563636050175 -6.875583677306167
-8.342850700612495 4.5303512572319065
9.916940363553735 0.9926315006471675
-0.5019739426132972 5.457408745878595
0.5497095922699398 2.6193231093668032
4.7845628265947795 9.898738986851985
3.473078412499749 -1.8088865771780434
0.05287542479642404 0.5890334801251722
4.1293889357779925 3.150304666331934
-9.858207805136566 9.19594209267445
5.003941123734531 5.012428015956189
8.206203764547485 9.548802486757712
-2.6846613090469162 7.614645900706673
5.791348744256959 9.13193387776727
-6.674861302261461 2.0835498306253886
-5.873300978017879 5.357134658073775
2.8153147959565246 4.755151288032041
1.538463762543774 9.330336692500207
-5.411698860038268 4.975584465010645
-1.6340054977664629 0.5698333803295874
9.679474650649205 -7.975730905616953
5.393031844145671 2.8049243533056423
-5.742502717031042 -4.172483475147148
-1.4037885031004542 -6.608209084641974
2.493972685469327 -4.678252305585813
2.719463064300399 -6.805442225740153
8.560563474961594 -4.50984106817298
7.218912507631153 0.7961976357251981
6.459139784483106 -3.549948507754264
-3.7853353427504306 6.728965369192629
9.989105011811368 0.08424852135507521
1.1194400298381133 5.924135115205694
-3.9681795924155967 -7.48152546406936
-2.3842549962987363 -7.850407415900169
9.87717336038791 6.1908090458870895
-6.198718244738812 -1.9205503846247236
-3.821289579794877 2.961455597685813
-2.137060613251059 -1.0005211844908768
7.822310153187281 2.207917139742097
-9.707487502503337 -3.545678819077951
3.208593017577005 -3.895176617893834
-3.5983765376440457 -9.970293502851657
6.997062598997644 4.916443056724468
7.232592117947956 -2.9626811743768915
8.430407524446387 -0.7433358770812397
0.09958668032945894 -9.687420175106272
-7.765883204932795 -2.182279347707614
-1.5531735943752487 -3.07755245742438
-9.177148630436607 1.874519182779279
3.2059288114871407 7.915464939321282
4.373355870656692 7.9971671226466725
-0.6218463152357252 7.086221676363294
1.7536708247985509 8.244987196568086
1.8646435686810197 -7.18953897916726
2.1860017864609755 -0.004179211801115912
5.6848837669475145 1.3076382221927823
-1.2630939400295986 -0.8215778465812988
-0.8955901978727248 4.431255734547259
2.842879069261503 -4.726926835466805
4.685751680370238 -5.671928858827813
-2.537198386297195 -3.3567543326097855
9.350243522923087 1.919916131798196
-3.88917638563 -4.102247721635104
-7.022434569499946 5.4521835158312815
-6.58999956696028 0.040920634378107223
7.519116275332223 4.720125635540111
8.570821439670269 -3.9575673912483023
-5.073670464619402 0.18822542492938688
-6.4989020412754535 -8.350241444819366
1.7365110130661954 1.7553303570693561
1.0165332387782264 7.535663608840476
-2.6470236145073027 -8.097635114292693
7.423658950494968 -1.295002232636035
-7.312434615163033 6.518705291858598
-8.378604849936233 -3.644114346561551
-0.8775040937591534 8.678832215322402
-9.919590977821954 6.610406954625496
-0.8809014567102373 -4.748483156567682
-2.841960555785647 -0.8664297486432702
-0.34299087224045444 2.922376051096249
5.648959305500664 3.0801071740510153
-3.594702042287161 -1.2947000969351663
-6.693477144122673 -4.476326356298223
1.5134840191414423 -4.779878740381937
-0.4915642383913905 -5.693991487772687
9.16866284745386 -9.474365880893716
-1.529690681766887 3.4323631572017774
7.190261508905415 -6.645225444836466
8.262911047251897 -8.824942065890255
7.560752277800912 6.473209929179625
8.940060457707027 -2.137112857614043
4.160799583888865 7.627918754954489
-9.677838163393432 8.185965232039777
-2.2639268285383523 -5.55688749717135
-2.0107676090358417 -9.11871054864941
-5.605386871703944 -4.679843594067701
0.5525542678793265 9.725615486321065
4.840010447025007 5.80309981747147
-2.905964951472404 0.34191747183095345
5.7678280417181576 6.5873956978280575
-3.3921287491737573 8.102043890590046
-2.3941062283554775 4.992478504342531
8.7057185911588 2.02665762194486
2.9288110392502844 8.831485900737974
8.031709255207844 3.7214076719146387
-9.583153185618796 -8.440292734672648
-3.7348431142533673 9.679432511302938
-0.6122501713670623 9.749445164198239
-4.400106591811843 1.3023976728271656
-2.2220363370566147 8.689999051246307
-9.219749174275409 7.719631202561569
5.654688657461822 -6.40518347432894
8.424450284058885 -8.60900500931393
8.738568012265397 -1.7841134790339979
5.475402921959688 -2.0464502554747916
-5.7766567945431575 5.436914546969579
1.7291938543660166 8.246144219488805
-8.162260672512385 -1.787616293317111
-8.490490433630406 0.13501131445346637
7.5834311812088835 9.631233892223015
2.2700185895525866 3.955782635998448
-1.1416729044682938 -4.231166558270736
1.0880267539602286 7.43378144376457
-2.559670732989443 7.566235586125984
1.6059625655294578 6.137078259152361
3.8195288284181643 8.822098924904047
0.6431605638321898 9.218431310395989
8.98710130089151 -4.350632851483802
9.210599715725813 7.1555737664644745
5.5957587488245295 -4.659772299326983
-2.390484788819931 -1.8101460977464434
1.0677554526217108 8.549931891953367
-6.030008630489599 -9.219949312558322
-1.739410907220627 9.927253823906984
8.616049278332568 -7.444502413861467
-0.07189100892845346 2.134078831904006
-6.147298526199744 -6.953199327688959
9.748416471361978 -0.11809816341595614
-0.05269689858334203 7.627048172960038
-3.0917449933912895 3.7236822512842878
1.8279076879314466 -6.564468734550502
-8.335975146025623 4.16225887452187
6.231239218002646 -9.975072868208532
1.585183960894085 6.185664248545294
-9.248634842914505 -3.979158108771859
-0.08904763285970496 0.5577087037995714
7.124438072204022 0.24310626206941244
-2.2920407333587 3.1344274803266874
-0.8895975965383229 3.6940088762257606
6.981966337374573 -8.309886868537934
9.902515881012096 -0.1299074820687487
6.831832513423059 -2.4806044433156256
3.1110977872030645 -4.594880404579181
-1.5307779016026313 1.776648061598742
6.940161299695273 -8.349232201994386
-3.9470978565883375 2.37155782743576
-4.649212934134757 2.1355398800633836
9.89750387923629 -3.6895887838441066
-4.111489889343918 2.7716827535704613
-7.647896865676056 -6.592670345590765
-9.82265734479374 -3.043636926119775
6.399603090280625 6.418262944365573
-7.92143643304575 -0.5359698953123608
-4.284891877012629 -9.643841016677758
-0.8729571531782518 -1.4046408381464204
-6.9950615552242645 -2.9270322753898093
4.1400162304392225 0.7784177268664916
-3.68506904864363 5.3040654520363475
-9.404365461566627 -3.688547165570646
3.5015107657045323 5.968848774783746
-7.941179672317126 7.979666477596538
-2.83156774190134 9.398241733457915
3.918246652174812 7.933270693261786
6.308412484998442 -2.4191960706984084
2.8407162843859073 6.187964593345249
4.820532679333482 -2.7362363679026096
-0.7770148905904666 -8.067844157941726
-2.6848279404606057 -6.074514334092229
6.733954715334434 5.557552115898572
-8.813379591214945 3.4270241438997324
-5.43788388780067 -2.6332314915453647
1.6313324845861885 9.3340121082468
8.370239754435143 5.294091950239304
-6.684319403131298 7.475907509785827
-1.2770279324889238 -7.634383708277275
8.155928212595256 -3.4478600154344257
7.79493422942512 -1.2167516067520072
6.859313683192752 -7.42355655365021
0.9976747347863757 -9.021206730050928
1.7941829328535661 -1.7971644853751183
-6.300372886349517 -8.43058251015199
-0.7108175360243774 8.00162832748725
5.957904733915662 -4.318847021111029
3.44370687028891 -4.982075317073575
-3.041180715252951 3.9136628522952996
-4.44894328473308 -6.188513828401813
7.944088848200504 -7.891736788101458
-1.3836836585353645 -9.00953787144314
-9.442178926937896 -2.6064748174505192
7.455835309462003 -4.560970179047834
-8.383503228675158 -0.8051590078988102
1.7566571955929007 -7.956003643103859
-8.748867026942811 -2.7047920606991083
7.026804356699593 -2.536803463474615
8.304527448050688 3.9361389468938697
-3.6426780601367152 7.636072073415903
8.338210961505798 5.375438951404938
4.080078669958496 8.326059076829772
0.013224773178508897 3.662365711670299
5.233769009515745 6.503551753353399
5.509766961438897 -3.4172657599592737
6.4502223533682255 -4.920576151682441
-7.4330144594211145 -7.34758365887841
3.839353130127554 7.874528924355804
2.8790184313689604 -6.6203031947247855
-1.037121790438242 1.007275583409882
-8.215645159689215 -4.630131380270015
-6.544357889734089 -0.9767940390739653
-8.830143781335627 -6.189378241571928
3.612813836799951 2.040011647984059
-2.9042163333086224 5.897942932546483
3.074526653982266 3.5835493874730435
-2.0929374640957814 -3.693603356305591
-5.180682754182808 3.77700443277746
7.986152728932186 -4.663152677595031
1.3875970435091585 9.557463179579642
-4.606216899051359 3.3723660912238547
-0.375941007295415 -4.6360895973314165
2.5636676034683994 -1.4724170804885794
-3.416467884800647 -9.20114799284759
-1.7478519522268812 8.138557980293076
3.314103090905851 3.246914085246292
0.14930081981087895 -3.7642619059759923
-3.1033353299724826 9.95067963227994
-7.617320694579924 9.661973868085653
-1.5056934136817581 2.9960164963467477
5.055676082818646 9.755502564217156
-0.956810024465911 -6.137243413913893
-9.517174637063036 -5.30968922327718
5.694215880572994 -2.141205394474637
-0.1577869329619137 1.2193050184789342
-4.791225725618002 -1.4357591646147227
-5.375026142439165 6.753351098303167
-4.233536739049242 3.8226086893890905
-2.324407022922353 9.736567466899402
3.36322403866226 7.128497583499541
8.91340013858267 -5.313441781463284
3.456506072256925 -6.968773827710349
-8.841215661682751 4.944045848362579
3.2704716057820686 1.197433359446194
-0.7514375843874728 -2.1054289246619717
-0.07045707027943315 0.18000752582677926
-2.048583126349852 -1.6744163063892863
-0.6590084621089414 -1.1086333825289003
9.689994038268413 -2.156773049968934
6.719823360447826 7.348989377122727
-3.8544111377088974 4.3026973093091865
-1.4844458116515646 -0.4206205741112061
5.788731140406009 -7.428213007902826
7.6495388457032725 3.9331075799258475
3.7474702969068794 8.275341276963076
1.4519372297440487 9.665340872369551
-1.1027478912388826 7.126816125530972
-8.557231323630969 4.745690785749586
-0.03897643552156005 9.28829321697565
8.524564059758625 2.0304495227488495
-5.111503728625999 9.58454254988721
-2.3877169168091106 0.8291287647536336
3.8500414490156167 -2.000446349771668
7.520820285740694 1.2590030062833826
-2.643370475901879 -0.6531701475938867
-2.9626114798928675 4.70441969619314
-3.09158742368576 -8.259123514696743
-5.661868272666457 -6.000134952834304
-6.436751949455342 -2.5300020369731264
2.414342961143088 -7.053722874962672
4.688232120284507 7.885575064209981
-7.2339789785700725 3.4310383677203316
0.1780747943916552 9.21756971608724
7.276996142200975 -5.461546502981034
-2.8913522911516214 0.8072055630321593
-2.5821196913420597 4.484961800448858
-7.391648742209751 3.195703039204652
-5.071974899436677 4.770090389812065
-8.845023596752847 9.077911888234468
-2.4414949664367107 0.027566726265906283
2.780598477239826 0.6712332212267924
6.773020722749109 0.8431157612567368
8.32962668720674 -8.17097841026727
-4.414798848736119 -1.7944965918072455
-6.747845065639666 -6.599982815663861
-1.9483297626506797 7.833619651293201
-6.588028998616345 0.6602597662321514
4.965757297624879 -2.9703060000665698
4.619998505568406 6.9036369501045804
-1.9242419550727892 -8.28664636963688
-4.923403066582743 3.65689603492093
7.710659395623331 -4.901467889510391
5.816226489597717 5.226110883226465
0.9049038062899548 -1.8846524328347591
-6.837878453547663 9.3452963787295
-9.072503098610502 1.536559389270879
8.528133630261848 -0.8062993468546225
-9.144113093146991 3.3597446936457853
9.343659328251523 6.8619192679352246
6.031033676216776 -8.869713763450973
-5.104924446242094 9.812335400098863
-4.794809865159255 -1.2638894221635866
3.1791007230369104 5.2496141624883315
-1.1635625928084625 -8.411024425872938
2.563385490795749 9.993371166286245
-3.680490797406959 5.992223037682919
6.37908873139391 8.864982685357642
-8.43749556328969 -3.5055957121118837
-2.690870014429281 3.0206844990405237
8.67417962005398 1.6716909552994927
9.890895283116567 4.591725451333026
1.3578328994450022 2.6373085157902754
9.922588354483587 6.267193154001735
-0.3108883634546533 -7.838030598005814
9.982543151552612 5.309413955667777
7.473311414760083 5.1405832006464145
7.180085181252821 3.4178215373522747
-6.5459331706922175 0.6608040980056025
-8.294012088932652 -7.33620689084197
-9.158201008425952 -6.219634292716714
-9.661970827268092 -9.343600031897761
-0.7306263670070283 0.7591163732805146
4.589255099409186 0.10518806174657414
5.76998031082776 3.871755867216585
7.351737886265607 0.35757322639940803
8.373830324065224 8.4894962012544
8.471909796097496 -3.347339397829643
0.6876344702846744 8.565365379040408
-7.302022978922085 -4.053808374067858
-0.6015818097235144 -7.109595278775098
6.114242933126409 -0.7502097720609449
-9.830654229589669 -5.874058012309384
6.690817002114695 -3.096570510809837
-9.121258847787404 -2.80727949069756
-4.836792718940512 1.7316371612760317
-5.18791880547046 6.138363379738124
9.526314001261436 -2.588990443798602
4.744429775114359 8.646792531865756
-6.359103051183396 -9.654431449787706
3.282715876436356 -4.799530678107247
5.671079840739878 2.648164332710836
4.96401793447497 8.84948078540361
0.9253801304743785 9.020082663503267
-8.228262412683582 8.041201307986348
0.27724653745016603 5.712270016107997
-7.586575187754672 -3.2233004036464212
-4.426655002229873 7.857782312821001
1.2407899329488572 3.5621322405604907
-1.3276343660956726 7.332175163792087
-5.759532996487651 4.952867959665639
3.819021726324989 0.7852667049633855
-6.557511719079995 -6.954164057251557
-0.589704573188838 -5.796879248144453
-4.51077511398225 1.3643589188211642
-4.085863860224812 4.797299029199866
-8.37955315509278 -3.1233584293087313
-4.095605798866872 -1.3545808138821425
9.868742810062088 8.059639271692575
5.585511865473972 4.785088888070648
7.132520489723099 -4.968885218549525
-1.4533640681312434 8.02627522776585
5.693327924419087 7.116825058706375
2.9471534291813857 -1.2557299025486923
3.83564165117075 8.590031167404938
-9.176298802479252 4.944044561893817
8.478329194859192 1.467391507321702
-3.802388610591443 3.1766968934569952
9.699513840830935 6.081881187339015
-0.5069216327365993 -9.479907049184613
-4.487318217810634 -5.795294952606335
-2.979394459130205 7.421325771625892
-0.3694379345884826 -1.8005452365265402
8.968528747855295 -8.084679097623441
7.06600141854663 -7.297486413677778
-9.612198578168336 -6.6812185129896084
-1.1515871670326465 6.6019181480928
1.4233393596296313 0.9065208366131543
-7.713610800025387 -2.0712278812911933
-5.556097920991436 -6.777293218232785
8.735481437726957 0.7070724588261275
-3.5518977028224175 -0.6456446523148056
5.470581627396401 -3.878902960164428
-1.8269064581968486 5.3941687561948815
6.925777527038331 -5.204462210576207
2.8683067771103428 0.48424141477230265
0.9561516316548868 0.45950520725547683
5.943686120157537 1.7372696479155376
-8.232459383660963 1.9927468360698626
-3.719068317732958 -2.9916719409033465
-6.395574261536428 3.5069702566155154
6.504527242915284 8.816896139958171
-1.3627362786118837 -1.9000793873101642
-4.843686690791653 -3.8863633904710575
-5.424101176230909 1.2713770153956787
-3.153740733446573 -0.0013836044037933704
-1.8536854416622717 7.326243495530939
-3.2252414244819327 6.64098847162732
4.58708509525481 0.5541829420777162
-8.979488010127731 9.127044519713689
-3.032284510709246 5.031183951689135
-6.290793887690804 3.6309282068224995
-3.2026695443011333 -4.188823678021358
-3.2945220357557385 2.7540444867619556
-0.45082626049391017 -5.822744903765951
0.29065264926872736 -3.0757435837494125
4.9587470445464294 -9.025114030968906
5.882113043102521 8.198026352641744
-2.9457560807519734 -8.92462531033432
-9.710622505175245 -3.8955981191235196
-7.57750096154338 -6.110441724558557
-9.492198068802342 7.620403325686567
-0.48783544553976377 -9.797724568234848
-3.482851829980797 9.254692876225786
-4.796507905153026 -5.301491456834091
0.2661813869828187 -9.621608131691362
-8.460552047819018 2.776915327212201
-7.597664734399235 -9.418029877638144
-6.216016398679085 -1.9051966495204482
-5.775701986981609 7.1892739559044685
-3.510171455554718 6.910579409815881
3.6964578930656806 3.3238644704109728
-8.763586619977008 -4.33515036897838
-1.7666073328591096 0.5134387630383586
7.376589360694016 -4.704949540665573
9.078808851835532 7.0516290506849515
-5.181737565352291 -3.4198118636792003
9.035884532705552 -1.456867809140224
3.264053846478312 -7.005022159512782
4.194843072989416 -2.081860311773407
2.0148936627815317 -6.607429115446639
2.1545954335709823 3.092807112463454
-0.45799651884910375 9.533523363649053
9.00395127682954 -7.192520925134371
-9.219223407839717 -9.596286681205271
2.474063078463704 -4.833856962690066
-1.187675400251882 7.597163492736154
-2.379320450406399 2.4563234153374953
-1.9567705964599487 1.098557188156498
-2.051900276340543 -4.773107555540291
2.2903487133956375 -7.851192452613567
-3.490947541563594 2.3013277776992638
5.97992356375898 -3.637127726699383
-8.321204426482238 7.864041416338985
-8.569407660823064 6.170251372669181
-8.055146493991224 6.469701136323419
-6.821573544996573 -5.8393876982685615
9.386130590972794 9.02739929924034
2.482544714385611 -4.913520186113962
-8.25709657690409 -8.24069810542515
9.174339416022939 -5.368744662168461
0.33272561569018144 -6.147415927552327
-4.12836992579618 -1.681082099644124
7.388948953536101 -7.27442210016874
9.54700542248142 1.8059671569257336
-7.5772497571567765 -3.683011963189693
9.290663075837848 -2.0729795636732256
-0.15749962387729788 -7.844284319046471
6.007802785357612 -8.672475144448947
5.082831988603626 1.543230891666152
-0.756346415269034 -1.5985063022092465
-3.7036885213564226 6.89533204103892
-3.842689039652589 2.189531005456571
4.684209860836221 -2.7008138472257803
-1.1745997386089613 9.958550325165433
-7.915007160991465 -4.891180980230132
-5.166697966252675 -2.057144933670658
-6.080111622812532 6.663894366339001
-5.524344992808155 -7.9920445630479
-3.696881028593091 7.229788915003805
-5.446419253949982 2.3187014410952855
1.1204416513434658 7.035708672352268
-8.501564979112432 -1.672992995611775
8.355248711258373 5.467497473553351
-5.722076765283992 -3.18673096915989
3.3428668001743578 2.7222566069595384
-6.272591722104148 0.6129297623104879
-0.8187585793075272 8.427975924887011
-5.969777565507581 9.221951110792652
1.4006818719055296 -8.157048459640013
8.30525420702785 2.6547662036026587
-4.494723435392638 1.9216716291678466
-3.169376598823721 2.8938687982264
6.361109048586844 9.860113722325458
1.4689734519575204 3.747635224016273
-1.6015760819917464 -0.7153379900797656
-4.91621826327277 -2.7299003367160797
0.7834607053303273 -5.875443010941092
6.693533591567686 8.086448559768819
7.397958076847303 -9.321964903322568
0.8489659414044386 -8.87961016198676
0.41063913399593766 -9.19149762780618
0.9904985297388862 4.75416815128834
0.14988316119660539 7.059578139425643
-4.0839072178893225 6.89400521508999
9.68215520072825 -4.755344770954693
-7.051444042228232 7.404491940022911
-8.697405489741787 -5.421532238982579
2.3803237116066747 1.075434494460854
3.6467996485860628 -0.5630501725412813
-4.791207206682864 2.533312097456621
3.68871686692046 -0.7554484600150673
1.8263336435028243 9.53358389316928
-2.020820046374096 3.698403694326661
8.095487167765814 -2.842598947958928
5.911855986154821 3.6755230020060363
9.28749396888276 9.3579653587421
2.343645802297038 5.119148333965718
-6.167190005076035 4.379981444993611
-9.843184125356967 -1.4325400705924114
1.4257673437303495 -2.115986387541531
-2.4904817979933425 -1.303336731859563
2.448443954523505 8.044214272532933
1.9461509798408443 3.1633886094213874
-2.6649738693619334 -9.307315673242407
-2.8385583433550154 -9.26951840516316
8.575929082858114 -1.2312717035989724
-1.544385334548581 9.384711455620028
-0.5447378083519556 -3.144505375223579
6.59410374284613 4.120024071312622
-9.642325114604143 -2.6484626469611383
6.881396594893783 -7.766127538164403
-5.7526687996983945 5.360551663542948
1.4415414518989174 -6.700056092791327
-0.980590687674038 1.685066113709679
-1.6790491581362623 1.201106565766711
-9.397975899317355 -5.052414102659943
-6.453957969699813 -6.228333036874396
-8.051396201269899 6.570134722504552
-4.542765664286222 6.446587355887722
-9.010313424587626 3.1212760278672356
-9.905130388422783 6.250327411260564
-2.503455714158034 1.875994156315823
1.05323546732156 9.547871657069415
0.9449019449652525 0.6763902717480512
-6.339111212008126 7.796397468517725
-3.186273816855005 -3.4367359897148013
6.488840026765029 8.869677507950897
6.628837709264236 -4.6489401746791685
9.127377151935821 -8.78469809734648
-5.630056531590489 5.729348098647208
5.320061425872687 8.019704073781362
3.8871861527095284 4.238170714383486
-0.7117911346475125 4.829566666863361
-9.383004746496244 4.249487717610286
5.08203438428524 -4.561978162844866
-4.705663798190054 -2.377113773725295
0.3747502276878478 5.964434895118298
-7.954820010692474 -1.7029652990349664
2.6707569456553344 -3.5121752840564273
-6.013894673683597 -6.421985084392268
7.023789886148329 1.9799095074023327
1.0650465864303005 9.16478236331859
3.49118717198243 1.288149809478691
9.1743257419243 -7.919835149880486
-6.087964598549906 -4.368405742955897
-1.5303269157624566 9.300249313393728
5.56422913201512 4.042584357416363
0.9061763545209303 -1.5849597848924208
-3.787459390601027 5.691102251191877
7.789781096087502 -1.722005414109793
-7.071249595269993 -7.258286410276531
7.762834679987382 -2.5606438752853755
-4.962881271888531 -6.935895090543691
8.995489417994893 3.6881919645707555
3.6202257348367617 4.065875165515285
-9.760312514327058 -7.094708313809564
-9.57374481518693 2.959681620581744
-1.3281630297351494 -3.7916038780500187
-9.545199613157076 2.8534257730938606
2.920544112050072 6.231084160511017
1.8972334859641151 -5.651883449356059
-5.074886944795665 -6.786439990540172
-8.767988350475111 3.425697874000896
7.112769831256603 1.4106796495240665
-5.215373117568194 8.652715023660406
-3.768805788009171 -3.3376962299886497
6.553010805157076 5.49733318719062
6.843781327880539 9.004875962272731
-0.80050970246171 4.0807897743969495
6.578432640865191 -3.39922996484173
4.469010866576612 -7.239518487761043
-6.776889695563697 -3.7765466545751725
-8.799474584476743 -5.8942260188321915
1.6802542907365297 -9.448243226504655
8.763527503491328 -0.569891010122582
0.7044955282061913 -3.000064145315749
-8.882041077149939 7.686441698128199
6.890953214265473 9.260768955339458
-7.468849342890975 -6.386209455565219
-3.396485278291972 7.2522741375919
-3.7714346852120535 -0.8350830933808027
1.321298016841519 -8.246101344725197
-8.439886947625801 -2.7315557018196284
-6.6075149497201195 7.270802268630305
-5.453914680699022 -2.0987793741757743
7.9359628406560105 -1.2237237533832772
-4.408970941027257 0.9284941705761369
3.7577157114927893 1.6890330993963314
3.7566139456193106 -4.745269244358646
-1.5329409050820715 5.002685088677888
3.0373595437965903 2.2119040384317152
7.108448581044907 -5.030989043000189
-9.881220234203115 8.428400444809988
6.118326908258716 -2.5012138731854012
8.11005038784521 3.8730566941178868
-9.27405146662428 -6.502006252741883
9.071347771552524 -3.582362332064375
-7.107899342783415 6.053956474026869
2.91813393954801 0.6046452993539102
2.7836671242990683 0.1421018081151999
3.0280456196285677 7.212091604705655
5.465962625802401 -4.947236102737536
0.4716058612636296 -6.556499752143061
-1.2672999517789272 -2.358078973491338
2.545025044199871 -5.114304421081282
5.396379517217426 2.481602314887139
-7.386985435526956 -4.032561172156736
-2.5338688495243122 -1.3471313264201417
-8.959767587804459 -9.657315033370931
3.423638290975081 3.503893791447368
5.210562148824788 -4.2743979517236514
-6.358306349339986 9.2844263736032
-5.944494909345373 -8.984190392943038
-6.047062473355503 -5.167559523985199
3.8093061186362487 -8.448805606740411
-5.685197840014304 -8.512456269204163
9.101635399461557 3.7575268745153867
-6.0057263382838855 -6.1051484139290535
-7.180548227491106 -4.576422172268382
1.1163825550900626 -5.519473869600546
-3.1855515125665974 -3.8274203769873623
-3.3010453034182614 -0.8981777612820459
-9.216861188721115 5.413381038169083
1.9385418970380375 4.236893843339908
2.2257174713847796 -2.1682088449682535
3.995679679671589 -1.8441553326675972
-9.507074295480848 4.8684524778895995
-9.046179689951613 -8.839203238205524
8.74613114916366 0.3978158475251128
2.8611569630508455 9.804366173347702
2.5817893993729832 3.447722937195053
1.9197316441072125 -3.755761620425277
-1.1570324712604947 6.018764220926414
-2.067392991267896 5.891163102867981
-4.251592713562644 -1.5841711220786259
6.53003301040637 -7.989049289975201
-8.830005762035501 -7.8390061658287635
6.405547691821425 -3.205507893723447
1.8909957318465977 1.6230433892000065
-4.747122635376408 -6.265839453568455
6.338249053641125 0.3358465300943685
-2.2661034547889303 3.188070070245473
7.581577622952185 8.323622126453646
2.547488937617695 -7.492556331836897
9.865173841745854 8.031351036039204
-2.746320034550629 -2.5623264152236436
9.320049933497607 -5.848617185155158
2.4862704713830386 7.843465956837569
-0.2679888768153287 3.8385699614197133
7.245808382458549 -8.343072592084045
-9.12270603425319 -2.145875027252182
0.967383188113546 3.711797063732119
8.182747431796649 -1.3534817781745012
-4.043271545357143 -5.462696394602206
4.807022505610307 6.244180701946988
5.043502501179642 -8.237048845049209
-3.532846594082506 4.229669533754484
5.263116297172292 7.749402764740751
3.683681158352371 -7.1657428427715235
-5.971490384013311 4.415331489081279
-3.4078374129284477 3.346782484811568
-6.250735872162984 -9.645716613475628
2300
-4.425953097586303 8.164406679751401
-2.193566144656436 6.083360906184506
-2.0337368626047114 2.1286376975052317
-7.602328137468355 -4.8517551105263435
4.635118944202098 -2.537418714393189
-5.109371725437246 7.80638637254107
9.182888709401716 -5.035046384322817
5.869828258967084 3.6771393373703702
-2.12973744514591 -2.783371505234147
-7.9330379765229475 -1.8522241209264028
-5.776366000786856 -2.3584009767575775
8.049521240223157 3.2845968377428125
2.266493965262109 -3.2764862347160895
4.1276005870284465 -6.477428379684551
6.818066817077522 -5.234784869798315
2.2920161858774186 7.725894057393308
6.345011686747593 -6.947773627852842
-9.83301563730025 4.056571407791676
4.084218511081026 -3.9217944722684877
-0.5354103337315692 -3.6199749075110805
-5.75943893969201 -1.2150762663792403
1.7908049892403906 -8.282821925546905
-2.916106644966683 9.65867349210939
4.55121126150236 -3.6402300985888765
-6.051107906890902 -0.25082218790196364
1.1702838716011605 -2.263661316043823
-0.8367747294064927 -7.595157193793423
-5.330996310779987 0.4789359508327955
-7.163385577275769 -4.0298376221942895
-0.9087940238658057 0.13991795247472005
9.813541577883413 -4.396391990607851
1.2607814074708408 -1.0393599612665145
0.9134450183461613 4.816917003672486
-6.654432223200438 -4.483685333315394
0.8408806338205856 5.035567916813635
0.09917628899713193 -2.8229403426452615
3.917213076799724 -9.010665548821112
-8.114681437493132 -5.140656414573286
3.78786039991682 -3.940083592689419
-7.9454328015324975 2.6995620871299035
-6.20637211090683 7.125044467170202
2.621907228183705 -1.2585369175443102
6.110726113368145 6.489484334977391
0.3127507770527931 1.0727603088417332
0.23951068269998643 -6.460924967313321
-7.833033937101015 -5.286977136480148
-0.9703702594214292 7.468356590200742
6.502856994812095 1.8713299418108846
9.483414962476793 -7.193187629494884
-7.248523246935694 -7.937646597363466
-0.7529731017858055 -1.5694930517153622
0.257885263258288 -8.197402408270547
-0.8082351691747558 4.939140166393731
-8.509194056331488 7.799605548260342
-1.6864229546715812 8.099041568947783
-6.6538032789596 8.005758759386392
-8.534717638214149 -7.488725623156489
2.924792193851893 -9.20201497131043
9.39247863606952 0.13255831893155978
-0.8106240162456135 4.73920861078096
-3.192007359569504 -3.896660574357284
-2.9827306218707577 -3.8190003977210267
0.3601428420105641 -7.816765071026266
-8.649851789633622 -0.8286674526320521
-3.652971937896017 -7.847721344870711
-8.24255470775466 8.888345371782012
0.5673285968656483 -5.421174177999822
-3.9159622443084885 -6.215127700268448
-5.720660715448322 1.8338930911679654
1.7959860971308643 -4.716164301423356
9.819867736364408 -5.430508197494211
7.680042142158069 7.967757958211386
-9.657977236351625 3.417877740787521
3.1026491617761227 0.22303595104967755
5.227598679582165 8.503173050332112
4.679106836846474 -0.89147808046636
-0.955144051210091 7.748988683826074
7.160287586383912 -2.96486046577604
1.807468665859023 5.158633916897045
4.3118150114590605 5.645903227919927
5.382034442387756 8.358145932317697
0.9550164460673116 7.5814409822657005
-5.919145202704874 4.597059974179249
-8.902266388770046 9.777063540556622
-0.36187284200555503 -7.028511514868308
6.6918142059095445 8.594370342015612
7.123527892331442 1.34182051256664
-2.0259545610637257 2.993707438440401
3.7434652331689318 2.525224895662703
3.7062280933586393 -9.649182889667287
-9.723366203307782 -8.719990774848775
6.3141424194405324 8.505798465650813
-8.358639182842985 -1.2498011868011787
5.600553322051303 -8.673972926374171
1.0401794499928414 1.6810980331896488
-5.9292129178342705 -3.0734801750048124
2.5720301117110385 4.019678358468584
-8.76138744734548 3.534416822961429
3.8680889394607103 1.0473858927238577
1.3388408946118364 -2.334584136626246
-4.501698799119572 5.186593194392103
9.392202600134276 4.199210812391936
-0.4903632783406735 -0.6995760658148598
-2.5025564766774444 -6.413858709451321
-4.405278324823727 7.474106659887649
-8.322512674027873 -2.549151342442249
-6.0191714426973935 -2.1083938355345193
-5.316615715962191 -4.152549034123947
-2.8485429397266486 5.032278577706688
-7.341417622568587 -2.9048318635517205
-0.5345355758396622 5.791827575723307
8.180335681863319 -0.3601386768453718
-0.34666747164230394 9.009334925118555
-4.704027016370034 -1.9045839946701353
9.762562929510338 -2.7908140781336215
2.5966650633899153 8.86700662627215
-0.9274561337264196 8.944375137230576
8.207800671200076 -2.7316350323510257
-9.86900234933849 1.102488465576048
4.8368062431862295 -7.849801677771772
5.948297878250887 9.040666592265307
3.6430958886516756 8.231836719883837
-3.0238351641915866 1.3452481344838176
-8.378314814032215 -3.176360526911517
6.082630352661113 5.015920094292291
-0.8706848238355018 5.046198719262653
-1.472197043228027 5.180041769885422
-8.281289956213996 9.767169952310649
-3.4667755354134595 7.235489713432727
-8.779167564348914 -9.44325529852625
2.745570117298808 0.35423961518862157
-7.8351031591098375 -4.449626610540167
-0.15424194023242066 -6.257449211460875
7.358844525225685 3.4471682135328905
-9.157183656864413 -8.43332499055647
2.711397697113906 4.041985544947984
2.9480270872267624 4.364236146730036
2.8843659285039696 1.6179748321634175
8.113791342253801 -1.6008507766626767
2.506548908551352 5.944243754650573
8.33340349977344 -3.8297626734062007
0.48995080180159434 2.6702956046115016
-8.012841599268688 0.3398410985005125
-6.234489866729747 -5.190207481610405
-8.145640620077845 0.7983612892695131
0.5375402309582746 -4.8559243961108445
-2.6185158301328144 -7.577810265189806
-1.7315518763912863 0.6725754824181003
-1.1131173099783087 8.692937294202629
0.6663441393092171 7.786800024242268
-7.392395265057587 3.0135352625043836
-3.355453119615241 4.101142063577258
9.723452577229185 -2.450154873992398
7.604871442197904 0.4137034677788627
2.1764754400680175 -8.205636758768875
-6.485516972190477 1.8999990530630466
-8.11632543620198 4.2687106379442685
1.4325067538035352 -8.793902263986688
8.562928474847226 -9.940809225372247
-9.442018828712161 5.8387770319446926
-7.624434041801981 3.8032285344261183
-0.40148649514899937 3.2004732649584238
7.611154702226237 9.755610742849338
-2.1415190633482144 -9.508189494655738
-3.056101156209534 4.364694057465396
9.162156345555758 6.428223912269544
7.65157171932481 1.3073655538366822
1.1017890155487322 -1.7766037525246432
8.847668526419273 3.266368354894073
-0.1391500243662609 0.7370724829726711
-9.691586348444808 9.487408020757702
6.249189695048777 5.070628959852446
-9.247162971614063 0.5380493414866869
-1.3391805769708913 -2.8419358426630144
-8.784786009960023 6.935607285735731
0.819188287521948 5.087334615311722
-3.6975521858400633 -4.460950965301986
-1.9478950274380757 -7.193333117329804
-8.204733184438247 4.575823285949685
-4.285886044623828 8.625642912772761
-6.9671036667539195 5.806595029118691
6.435366179374483 4.029520154227814
-7.2692003351202565 -9.558328628081046
8.243812480677256 -2.519522325476009
-0.4349925443796554 -6.888629075082459
-2.4386637817722745 -3.5901155327388112
3.49309345251263 -9.229559458526584
6.561958629505366 9.613085442028865
6.177483626615508 -4.820130546942747
4.101292987997976 9.856220627456505
-3.901124487210801 -2.167590842101492
2.7914367780606035 -2.989582500621344
-5.7800150289200225 -7.017394229372888
4.642942028604937 8.842336860923005
-6.971297957224733 9.877574140843922
-6.576118226090344 -9.123751087273515
9.220049115269017 7.821146916914895
-3.6146612452036297 -3.5937398680923227
-3.8621018585521476 -2.43384054710877
0.21341975515363032 -1.7355226276289457
-8.806913260018383 -6.401504101500041
-3.511472778354003 8.598766740664477
0.048001483566791237 -7.310733476005106
7.802258808603252 7.137988649021217
8.322657294128465 -2.8450310232754283
-0.22504492405327703 -6.441194354295994
-4.822366141558911 -7.2307877415584
-1.500567650054883 4.77092148485054
7.693173666180094 -3.8570935682346175
-3.4831317813427525 -4.531615109440588
0.509132122589433 -0.9435361576169541
5.9287290647477455 3.836795840051474
4.866054863115927 8.16855491499511
-4.225096702061668 -4.985666750129678
-7.437978893429584 0.43621925389249583
-5.4215511904524245 -8.443178727686721
8.660242225924616 5.986530836006548
-4.297343004893492 4.758680222251622
-2.3913921545535333 7.064410368634572
-9.71471895590257 -1.037247849338307
9.384167913699432 -8.226587789880837
5.928283237161985 -7.657815904697117
-6.1127131561655235 0.9254867337134431
7.457822736670774 -1.7820326318543884
0.2051194450432554 -1.3820296305944346
-9.89258267330587 2.818934071698136
3.795257366626121 7.356295150977118
-3.9066374382723446 9.004459546957072
1.5419433679293242 4.640868807385035
0.7355395862041174 -0.9469092496880389
-1.4403757897604201 0.4036082122604796
5.86890434007546 5.661702800530348
-9.515332637881759 -3.0002351218408325
-1.6696994474705065 1.2217610286615717
5.431522308509571 9.354432480905771
-9.814618680216352 6.038957468274958
-0.9525935980825739 -2.11050373504007
7.186347530088966 -1.520654338199778
-9.530677274047491 -5.266646684820103
5.76656421043033 -4.098577641844101
2.0356804905538226 -2.941871199332306
-3.981409389263833 0.7106446938541282
-7.417949163614819 6.344790197187841
-6.319293067330252 -4.254853852614719
-1.2704961044886343 -2.254211618338098
8.743939679974932 2.5078560505641523
-3.763582369597895 2.0384693725526777
6.218775750124834 -7.284432575723352
-1.7792860465627847 2.0761972054183992
4.254748889381403 -7.766725744345178
-2.7702489081613235 -5.170222245667437
1.4501241243220626 -8.91688022869425
0.5549142793128699 2.391207463374716
-5.688762835856574 2.7499843492752696
-6.383958531051306 3.560704573518194
3.2362366241336833 0.6036148956789233
7.298839924997434 -4.69167422233266
-4.497166480056675 4.048299897755296
7.032564394773047 -1.0559859387847244
-4.132090936698876 4.482937421829703
-8.415189561840993 5.439549569144413
1.2515594294236685 8.589382637619703
-5.887089613060555 -2.54969239337417
-6.46014246359351 -4.731674068338769
1.1686406564167804 1.4057261856489696
5.944052405906451 1.345182901809153
3.3533915772437624 -7.504949875317846
-4.618930610778298 -8.229626999371693
1.7232822064105342 -3.8821601076167305
-6.061731541176673 -2.530263735434211
-5.568149990423787 -5.433714099275928
7.922032626477684 6.077224960144619
3.1169419288667033 -7.745532312770916
5.492231302793167 -6.096588565371648
-1.6058121227909297 3.536774495752301
-1.8115725714670265 -9.272905524098006
-6.719896030176182 4.99939518973061
-7.297804291527575 1.5588802125832721
3.349238498411415 5.636243883078862
-1.07354738484117 1.2513886812036912
2.571766957160742 -6.698205727666064
-6.482963538085114 1.9562245589757872
-1.2936258449471723 -7.133292347936894
-6.829049696661151 -6.770180430075731
7.378695862831247 -0.6668324740596105
9.493815380414809 0.1355793136188126
-1.2346231540263375 2.491459774475114
0.8904552933820842 5.964552416119048
-1.1946081856073612 8.784631299545506
6.5552976548461 -2.580277831359375
-0.4411659593095596 -1.8537404968766822
2.644936583782096 1.3287709282641949
-0.5648858591406043 2.2775596086758494
6.587001701088099 9.290103308554837
2.4587058931647015 -3.80489134090519
-0.892258634827062 -8.21067885204885
9.100324438845252 3.5017750451461715
-7.985810726270741 -4.095459288204846
5.790513813132163 6.839195570856532
0.1890426653368671 8.015919236308758
1.2451752007974157 5.381993272311314
5.9023830229171566 3.503950774406343
2.161773916679115 9.521821584457562
2.6918893781314885 8.408909454259792
6.206141076426434 -4.609046648346819
-8.882051739140211 -0.1694301395176474
3.3526229945347747 -8.281193867846856
-4.1739000690914185 9.665320980772684
-9.557554432246478 -2.261888790680362
2.7387179597131155 -0.008691762210201404
-6.341440600297696 3.411392063954528
-3.0410993181333286 7.696087046671376
-3.0218254281665473 -2.1665565468682217
3.488171863120524 -8.850939952424088
4.101086578297345 -7.284189936897592
2.9296884546798623 -8.676925960447093
3.3373268128432407 -5.9450116176342345
-5.152642031763282 7.660033842042981
3.833253688649629 1.3803011361948379
-1.9678832478202946 -9.208372058962318
6.965663634391149 -7.788719829839506
0.4977045849337802 7.264913046070671
-4.823865632833084 2.383565275219361
3.4236149441400983 -6.487038599987878
6.379744012271246 -3.561716888083213
-6.072712996278737 4.333454707994669
-4.712154636151274 4.425362179591669
-8.827083686493902 1.2917650350028609
-4.052895522964248 -5.110783747369421
-8.12726724439262 -4.265435736072476
8.500200079264097 5.988962416470454
1.1243432450257167 2.994769752968393
3.247210829601091 6.90024632467027
4.697870145722767 9.784766455146475
3.5052570010638604 -1.4575333527703833
3.927176578698731 -6.897897576773007
3.461211418548398 -2.066410344583578
-0.9699468417975083 -2.2280038220931537
3.529272559173748 -5.091424744630519
-1.6668782092634373 1.4479269189708983
7.357045544797469 8.342533701260983
-3.141728854477355 -7.6019100003174405
2.46140697341424 3.972762722280123
-1.7733039214249544 2.1760938508539525
5.18365433330305 -4.571108695852266
-9.50191654614207 4.345249780315525
5.109121793503654 -0.55411651818266
-2.1238086667123905 1.6946866291022609
4.3789377489852335 8.970315492013473
-1.6126064059013228 -8.466920977492302
6.154858695892202 -2.558805996736835
-7.513003103325831 6.423934451641408
8.572059246948601 -0.3451272070185656
-5.245708912754199 -5.7838365804807985
-6.122074117162477 -3.964442323797952
-5.314294133738915 -0.13750405662362475
4.713203925688088 -3.821911794116968
-6.506697852150596 3.5073579093379372
9.412177020718353 7.731026423834717
-1.9853275044235037 -0.6958068740840613
-0.8223623634104182 6.589339183782638
-2.4972665391581756 6.008581210392865
6.04503190138194 -9.21667625872971
-1.4596193828868422 -0.023093047766371555
3.4507437460795476 6.226732520678098
-7.810515521913475 3.839492080638834
0.006372580397581373 8.798760669773966
-0.6197180035361889 -8.073110203852183
3.466885608393312 -4.150511460617585
2.6040243456653993 -2.6174452882791854
-3.1962529068283914 -1.9372227169841523
-5.28470426282569 -5.677046913845629
-5.361039066036934 -5.54025857664927
-2.5556252777104778 -6.390427363424052
-9.094478995929968 -5.481111095109556
6.528416629589941 5.177978757361307
1.228922077678675 1.8154530423972126
0.8541624562617329 5.255046522492918
-0.048869140207834505 5.068887360352694
5.570796658018697 -3.8480684025844987
-9.729970676503864 -4.381441162554552
4.367173317844619 -7.355011944336627
2.3806151624000975 2.5358397455826616
-0.42848401958468507 0.44167688290479745
-2.2285786098257336 0.025488806682275822
-0.9196092016730244 -8.641349657583712
2.1518308378412954 6.50159614660344
7.244777710849387 -3.499125536903829
7.3695105853677525 5.135826231651006
6.589738409070556 -0.670697258508282
6.674410938890844 8.276533755308169
9.57348507617883 -7.832251200679792
-2.6610376451387063 9.976121013221608
-0.11245419860589756 -4.099880074060769
6.468301994086335 -1.5885352215118136
-0.18613966885131283 7.279321799313976
-3.4236114386636913 -0.0708259370653952
-1.2143816274946655 2.6099538398446764
-3.616941562533526 2.8929187656506947
4.3403449173397135 -1.1596378170364634
-3.4458869064675905 -8.535145350601043
-1.2629138034674519 2.7304813041697003
-7.100265149467138 1.3871577368977164
9.022517632213678 -0.3829284343567618
-4.309141320931042 -7.042118301386893
1.2358312264939713 -8.055366180534344
7.3153676671778705 8.248978663826211
7.757021602138522 -4.622997869146923
-2.302010603319302 -0.4784125161599313
9.740567724055921 2.0200719835991965
-0.44090410532298563 4.243214996505982
-6.696560942974033 8.286553789521491
-4.929560302904845 -0.754079021485758
8.929585325020085 -9.262903502824468
-7.889256811374537 7.851040140979421
5.123051952930016 -5.194026985134881
1.037383637728313 6.424303324688829
-6.532033596564817 2.094356752400998
7.270170544968142 -3.5342423911925795
-2.794451890762102 2.671827040549079
1.6645490926444833 1.5017432082288344
9.626173968921321 -9.166476233998079
5.198897280927685 9.492686933722723
-5.632327448929426 8.38041508726798
-6.9874909863479235 -6.869428561573434
-7.916645194104004 5.71498013223955
5.361816710508906 5.049514529488103
-4.414762686192198 4.511584936552499
-6.636863870167988 -0.0060505228421376955
5.586696016194024 4.220904450682818
-2.5111836134721433 8.919651672431929
2.7190535127684097 0.9117405140257144
7.899746622550271 -1.2654741935070568
3.761112074754438 -4.010850957034227
-9.77684408253445 7.424338060872028
1.7801129247476926 8.357136221418
-5.397847509278519 -2.636085457166253
-8.80332566566516 1.444800059695904
-1.6807446715590757 1.4691154746995583
-5.39367837025468 -0.6813388055639678
9.5923207310685 -5.142380330893371
9.724367234495492 8.129168519330431
-8.220115823917084 6.294878602878175
4.373613690488728 0.03967734014981161
6.9976223924792755 9.828184011149379
-1.1521886185523265 1.4784523970093062
4.429648124273806 -6.6160923644026965
1.6090655903125146 -2.2693983308191594
2.527379490459614 -9.146132780637434
-6.431961008472276 5.471100940089645
1.7276434278606239 2.0589731400917017
3.5553567712286096 -6.991588205353654
-0.09183380122174789 -1.4218495735017136
3.528474556633883 -9.166315124271298
-0.8314478652047548 5.1520980984071745
1.8766186544015877 0.4062978237357662
2.7032887150722864 -8.123260096743675
-9.550406248630683 3.8084914791554176
-7.395877251409777 6.4927552118926855
1.9774500960701893 -6.822950940585695
-4.22078655606491 6.266435027314291
5.82705847842783 9.804325244296212
-1.8172738271228894 -4.526376935763327
-0.39278437017809686 1.6043383839025278
0.17523052415825013 -8.391997581541853
-9.818521334239227 -3.298037966224763
7.57011639124617 7.189089111264817
-7.179200265964458 0.16985058999636848
7.2328328266765745 0.31394043462402976
3.7479513283833814 6.172404526035006
-1.247262134793779 0.3028537776501672
7.159594596828484 2.9048180533120735
-6.566726518716668 -7.213071045036448
-2.542675009113246 3.8804262018395654
9.066234214332002 0.7562915566432089
7.074437506579969 -4.93476259556592
-0.946848882073585 -7.035529239056992
7.398428666056802 4.3802760440813024
1.3122981349207734 -2.7198538346190038
-4.185450074265273 -6.228485062024875
-8.041477282848007 2.751742080239124
0.19085904053883596 -3.7308896828830873
1.4795487020804554 1.2122381741504533
-8.39585312305643 0.3862992284839546
8.412607045467656 0.9998482385063934
2.4169121895370242 -5.387452546798654
-1.758465650420316 1.4114651564325271
0.0919145711344882 -9.898963247584636
7.300824418569164 5.041735666436189
-3.0636181458570366 8.325296050561704
-0.799402531005228 0.49457652621798864
-0.46511524442825625 -5.6642642031405614
-7.206694030155774 8.42375194728396
-2.343790444612157 -3.6282139979137114
3.328188488631687 0.9612430190828913
-7.811396104511418 8.252385229661883
-9.619111481330844 5.267379011163452
2.1351309777816603 -4.889941439030583
-4.2263587543181425 5.9181696686233
-5.9299412227940955 5.083412486290804
4.374974296192244 1.8326450039663627
-4.172702222718428 -2.4205337423317292
1.2500942831686501 7.866112967310507
7.979448595153254 -0.1833771876717556
3.1858841999785845 2.862176818507775
-1.124531237861298 4.873242543275875
-0.5566089617079726 4.430433558493725
-8.769273002985834 -5.8301849170474895
-8.11952699516146 -4.999907943351614
-9.972444767717159 -9.400505603008881
7.425303187296681 -7.354610265184524
-2.730487243184121 8.684565207788264
-9.345136105946917 -1.6312718403084823
0.9293299967794013 -1.0144489266923191
-7.839470292287136 8.596510228993754
3.8854347040960597 -0.010325540093285568
6.349787849713188 0.5792545198185479
-0.23944142290643633 5.2570275615958835
5.991370409647228 0.026143123912076405
-8.75359495448395 -6.702069765852984
-6.951845299988777 2.7651203461568485
-3.2235171778125586 -9.71470622345681
-0.23719207870349912 -7.481122924301511
6.116258221307433 8.942217925579506
4.5771093600371415 2.5760725971155587
3.2112976171945267 2.386090992560275
7.861097530168021 1.8863019680447017
-0.6037712706419818 -1.3988287155890706
-6.936150313819196 -4.436107667805242
9.938127430221947 -4.977232857142111
-1.9345978333832559 8.702623101337913
8.552732799421598 -6.5255552366207725
-7.173005592855761 8.72892699365051
-7.0738110535648335 4.71695100203573
0.4378799088013672 7.176970044487451
-1.189890795673067 -4.327295266507695
3.6523146172806236 -3.1619094840817086
7.086686758927165 -6.4056527079228704
-2.183047470760357 4.981887885843005
-9.871511260357961 -1.8389803410512968
-9.523075359293884 7.7999277473987725
-8.017070039767235 -7.3429809636060295
6.346123456597397 -7.280572669402652
-7.30149414737242 4.946869934265543
0.549704925274149 -3.0244371266848873
0.8927393269764039 5.144573077376034
-2.1363919623006904 7.668573388291506
-3.3627627679639644 -1.0149016264421729
2.657344112398812 9.781422916537963
2.3263424247065583 -6.532288896072906
7.144918820885657 -2.304082242068324
8.350969339981695 -7.659380022039073
-7.077935178331045 -1.7137661201860848
5.442116494065452 -6.466433821394906
0.00906795879909339 3.6366110445084097
-5.5916210517971106 2.394743711837968
-7.096578802116085 -9.307091422660978
-5.429590935750541 -6.430308462279335
-4.670885107669152 8.24943687750197
9.622300040075338 2.6646232549320494
-3.4747613862467297 -4.609297551100595
1.0075101726934772 4.594396948311093
7.9031501319292765 4.631519587804881
-1.9490625800803905 6.204417989171834
4.735327591762765 -4.90736858969226
-7.150662256463997 -9.081795466242868
9.92865434707732 -7.531199424974813
-4.466735504711914 -8.11387346995291
-4.7170018549597215 1.9457631972853768
-2.4180651166905553 -6.678529300316887
2.885094108398736 0.050699468921980184
5.5872564229383315 -1.0180779335479393
1.2123794860612414 4.727908150837294
-1.455460424206084 -6.296513183149122
-0.5658292216717591 -0.4579990076284073
-1.4283063773382647 2.0697145465021016
9.083206114751974 9.297263427351389
-4.036317290833599 -8.749613721639527
-9.92442903546081 -8.833662528159232
4.073884709880389 1.2989447280694488
-8.30416217791617 9.291815008303214
5.551271855877156 5.792564242929428
-5.503877361550254 -9.047896894282033
7.734071433509165 -9.352779274381701
-0.28630804528070364 3.556571505967515
-1.3177428446517148 6.896150597477519
-7.9564116158543 9.53139822746595
-2.6201223109175835 4.370411579410973
8.59349203121318 7.992219293476502
-6.1541473392781825 1.0587501236699843
-5.231082052318445 8.567393158989745
9.929090019649163 9.942530926497799
-8.747141189959626 -2.861512906823891
-8.162067685128081 0.7763074785626429
8.413122093023972 8.986140906842063
-2.881604022877413 6.374291807348065
-3.3170852361127494 -9.721389986361393
3.5000087027313107 -9.939106254365315
-0.628438577004653 -6.824656436229568
-1.85363759480283 3.9354213317731013
-1.8200006109965976 7.1752092405534995
9.656679944319588 8.75968979244092
-0.0657324259737031 1.9788987595762837
-6.053555988800301 -5.68841276349427
2.8219565583960318 6.529246837729005
-4.103862668126281 9.536150181765699
6.57468065453077 -8.832144096296691
2.6381302331888445 -9.011585382298763
-2.874830768320111 3.02588240089646
1.8061386221913978 0.9849942314142286
5.062665174937964 -2.037168230480601
5.239396012375124 -9.962911770563995
-3.932906155736326 3.49678199297381
3.0873503808893936 -4.305293341529161
-2.7838633671472346 6.610409166983008
1.618448125252101 -4.151104710625811
1.2267995265018463 5.512575349625726
9.686439237715096 -4.714026642759606
8.18256060766312 -2.1404978507930794
4.301728673137042 -0.7033092965358776
-1.8430034237226138 -9.674366875730415
6.8496633937701965 -1.3659076572430955
2.249136253675477 6.055991397456527
-5.869366690885953 -6.423174105852714
-7.213038026611091 4.605813279361058
-8.450548569977945 -6.092757630033763
9.886105290261188 1.6841803553030399
0.48000541217858483 3.9261873076598626
-2.54267883976029 2.3912604211258994
6.126721215892999 -1.1250377041159947
-8.40789124850044 -1.546080893869977
-6.1991066829653825 -9.599092903055732
-3.324841953341622 -9.870355776330253
-5.898094433092522 3.5418909425184975
-2.2340899027869776 -5.411524041769271
-9.994194250513676 -0.9649505482407008
3.4018986502061725 7.3014572253954455
-0.7096688486174667 -8.919383792763577
1.7711662570176596 1.3314409488475114
-1.600343539341722 -1.0394877452264026
-4.191562986820325 5.890615068232064
2.893033372602927 -0.1605214280561782
-2.729602777806641 -9.753209518511
1.5579003675503937 -4.430633041593353
3.114901185330643 -8.994033781391988
4.611976452324063 -0.7235831205089287
7.82219781633647 2.000828097435587
6.615430612876917 -6.227562245514411
-4.455969895084955 0.1152625446258213
-2.6127297862187397 0.4265802823632381
1.3430605490842922 7.229804882253109
-3.206367814851947 -8.286449072820483
2.6485757542561963 -2.0102557453101833
-2.2618641620149305 -0.3175542856161826
7.8435136031637605 8.038643260500585
0.15054247775901963 3.2171913195326436
-3.9976501212374327 -5.000315574418228
-8.595841804714855 9.330568643241765
-1.2538075976704768 6.837509737521582
2.752275309640652 -1.629615078993254
-8.124633561302597 2.460622673931077
-2.1666275947704117 5.994510544523287
-1.7298248055263006 2.9777323106623115
-3.7330282217604216 3.5588439428146312
-1.9171486265952318 2.905052378049861
3.3639362128620913 8.034502226102969
1.0147563613052384 -4.156176390688282
3.104700450863829 -0.915501793215336
-8.004378285830647 -7.439793396727097
-5.1879110113378974 -2.516595349218578
6.029869566875362 7.125849978683394
-5.63810370408051 -7.7066813124519395
-3.2014126061916297 7.05747956000241
9.809292391756962 -7.794971755572567
-5.6196173807730805 -7.608181609289602
-1.6608151193729483 7.723876834200055
6.591761340579012 5.962787942335714
-3.5035695427500073 5.6827565914459015
-6.647808434400481 -9.066347046245571
-5.161805275150355 -6.029260894097046
8.109771126257602 6.0830340803125935
9.561786353400784 1.688727191355781
6.9790614126669475 -7.997291286191204
0.6997675709992119 7.91763383967708
5.163665062573987 -9.115643160670643
-2.6110609783409355 4.276771803589535
-0.4041848899394438 8.43270292747399
8.304365316268026 9.335624016702834
0.8153454153859592 9.596696510405454
3.5837398159370473 -4.177235222075993
5.176591948629074 2.411695121259907
7.69981816835552 2.712980066225512
-5.6117293081090525 -6.706119643065939
3.8573873786490527 -6.899391299032751
0.23061498328566898 -5.966907607122279
-4.863817073373127 -8.74816900059712
-6.715201380457632 2.8225558347274493
6.5005993003372105 4.212227677343174
-6.775036276015918 -3.7043019191732203
-8.84491580910783 -0.2810007658894005
6.8703182804679415 7.499870999917359
-0.35300033108185147 0.9943770062440329
-1.3823973067825612 -6.9493524203198405
-7.4349425651357 9.789342336480406
-2.551146340851478 -8.31180279115147
5.812932420825785 -7.708580177558453
-3.232800209076963 -0.24250713344850894
-9.699095254407155 9.270397134188954
-0.9217533097195556 8.372578983139306
-9.349227143895366 8.899291638671496
8.72572976921401 3.0006692536816093
8.964654136447912 3.8548974125525763
-1.8708067743407888 3.7634299750519595
8.750032818572567 -9.651230093952329
1.9598877750191122 -3.624923281976276
7.891338322429185 -6.8856401846102955
8.83323142879194 -1.9811828956587956
2.732941433109433 1.0561472084228214
-6.809188374705433 4.444358689381877
2.43707749395017 -0.26215959181340054
-1.813012342875865 -9.20730944632786
9.847681415081876 1.3274246162142216
-0.8965297398236682 -5.906716658887506
1.5132597356010073 -6.002400770923943
-5.613749951389537 0.9174193412467346
-7.044195120411445 7.455069120085728
-4.290712754309778 -9.213403428970949
-0.16902372790327647 2.7683018476101466
8.806198154447575 0.2157266800962958
1.2540883361636617 -0.751602993643699
-2.1081462987585393 -4.409668270524081
0.6387930119163308 2.7188229140751456
9.47681401002037 0.006084762367732921
0.7367833597746571 7.091450318551349
4.234775878990188 2.3453683344551397
6.9334982229773985 -0.38404565467184426
-8.078239346179677 -0.6870293104099225
0.27972483407017457 4.859043944922972
-5.551258236516146 -0.9983053505062642
-7.236872152029285 -6.76119360770852
-6.5990918613624245 7.559553284494697
3.4778833551616746 -4.498086370933736
-2.1718766512569943 -6.52571840877693
-6.215340373165919 6.464338737925676
0.31086275195449176 -9.020430851446623
-1.504081865144249 -3.3540583411062963
-3.7537938546130656 0.2658599663715062
-8.245899880486585 -1.4523293464837561
8.179609966217157 4.932380338702998
1.3905921329704025 1.4954349192792034
1.827014566030531 -3.960738457013015
4.776772554542854 -5.3286972049241
-1.6587875865709556 -4.958718244678493
-3.6706911579617785 -0.08016995649619574
9.681026764782569 -5.067350818627336
-3.3552229540698857 9.838853341898407
-9.57043035383019 0.984194693312265
-9.556729427960146 -2.8241435140061384
0.8678297162867725 -6.5029735060746185
-7.611066811479157 5.806326019824336
-5.224751702049549 8.61543437612556
0.6640096528738297 -9.717197394376857
-9.264917823734919 2.8266530264832
-0.20574141480738817 8.212488890036905
9.677324788824485 2.4294910610454927
-5.501827959066301 0.3598707861702888
9.7066895941147 -7.98047117778883
0.5752646099492651 -2.5181408705048014
4.260313979258843 -0.003601402384422414
-3.000861988382278 6.3080565242910716
-4.774800460524453 -5.438375101807864
-2.4045800565542974 5.400528565285537
-7.330637637483268 -0.5828698650886714
-7.919934444087257 -5.815668595159291
-2.11571092348424 6.242338543201505
-7.411838483167131 -7.303046436269353
-9.902571700775077 -3.4398877524065092
3.333951413652155 -8.748904551110586
8.149491618395867 8.736184464347645
8.903668113176334 1.3289810226250651
-1.1361797848582889 0.02255358290884857
6.10110649889597 -5.567271328876721
8.34660502016542 -4.2999297949736315
-4.1729906377850075 0.2376949057147737
4.629120262314606 -3.2842752029674287
-3.8560677939717607 -0.05552532106963426
-2.2158535789393907 4.377743473579077
-3.910750932719738 8.272024712244345
-1.8743214633169423 1.2501160466671113
-3.4916124072516457 5.268604297626393
-6.352379136566466 9.949643060387594
-5.505593843919581 2.3289468308839094
9.145873375943037 -7.033363069306365
-4.728125036871429 4.6279924883775045
1.4789343141905107 -5.622418016974578
7.818120267909158 -0.45638583729567905
9.425839841110669 5.6531897113890555
-3.1894781471936113 -6.890833151456692
-1.0031562976319197 -4.390844185711559
-5.6210185375321515 1.989332108914157
-5.150207172558517 -4.351240208978009
7.42688381262721 9.72277261233166
-3.851796763909457 9.6408122047248
-2.786149488863847 8.12849459654053
-3.5095508516351837 -1.5676500794294785
2.5969452500936914 0.8979020470341119
6.669816174958946 -9.331056697670665
1.789165764629141 -4.215389020682845
-0.41825388885085424 -5.221585599047995
-0.14049905045748723 -8.905443349869053
-5.120568581167633 -1.6438372015529605
-9.242473636381405 -5.7770904524028825
-2.665646785436156 -8.428472881445577
6.2620101851681085 2.318016641203675
-8.390262676334512 -1.4616214126053286
6.046910062745361 3.0418833670339573
-0.5534676827476233 8.098158349533577
8.19225036355498 6.173114725722151
3.5426217223117806 1.2116182976195748
-0.13543565165693394 6.519779467890274
4.766767418435752 7.256820445690963
-2.8173662383599707 -0.5626498759648317
2.1467834048696783 -5.877989411120148
0.6252520906679919 -8.947459092652494
2.4030948899126585 5.685559133800606
0.5984713323353557 0.10320567376870216
-0.6214419098161486 1.7541913009050738
-7.797068264539839 8.719887657155194
7.258277438771714 -3.3820628524105745
3.1476085567477163 -8.497246750533325
-4.478559101447905 -9.687830354975377
5.2557075815123095 3.5653130846221774
6.273490889338422 -4.712067196052363
1.4349995329847598 -2.0387419898603003
4.919874316530734 -7.26898645753959
5.372023702394213 7.016509731425348
-2.712001020911277 5.712058724647198
0.7679824102978738 3.661644786070326
7.0701245774654495 -7.398942872973862
5.875951705140848 2.0448697163307923
2.8922302751564217 -0.037320597956817636
6.260380703796031 2.069728274370661
-3.139121327020682 4.95416071090448
7.080332548324403 6.636028010112206
3.642796081035275 -5.35453973307968
-6.107093428592911 8.78804967411953
8.439474455828517 5.721703154314721
7.024722281014519 -2.4074353564261735
5.20127242779737 -2.2064375836323036
-3.450025071317624 -8.66268947654449
4.327844430328172 6.0483636542681865
2.9467229445053533 -7.970261345391519
-6.563263193465485 -7.996727196052054
-1.7574013418141998 -5.703845109030617
-4.156846731953503 -8.801521260765588
9.652699034308284 0.45877533707217033
-7.77507418115105 8.507983184613614
2.4539177430875583 -3.1618334535974757
7.087150228282699 -3.10018062821195
-5.711083271878284 5.477914502613254
4.953184703023911 6.906215219454147
-9.391359005694497 -4.511709735500704
-8.593296877775305 8.138096930199655
-6.563979366708592 0.14582039532052882
-6.18950236009759 -7.207387418797932
6.466749980146588 1.3042152595856376
-9.730268786611775 -1.0754582058086513
-2.6702753645613004 -5.720717165690772
-1.1939486634896035 -8.149256239233758
5.915906669453703 0.15478526050624275
-5.065222968457763 -3.9411857183733474
-5.378459928311637 4.899328244879813
7.965059809261533 -7.311090507445732
1.213795075473321 -0.5852267850435275
-4.154552432194791 3.7978482813629437
-7.424464025045641 0.5281033742130994
-1.545737347016594 -4.4346883678093825
6.797199778333816 -3.4892703389239283
4.783282112183457 -7.019722210381936
7.083876290100225 -6.428277098796176
-6.445494226491659 7.719685461567817
-9.927469722351548 -2.7889394063628137
4.0143591221419594 5.381738862506605
-8.599432958399007 -5.40084725844395
-1.9794154637997963 -0.412341873107092
0.9784151318534278 6.136625238708714
8.040736738492807 -1.1355452914925621
1.1808853381442308 3.195015068332843
8.524596439424116 2.409572007177065
4.401353296713058 -9.058611712338715
-8.457329492009277 -9.326459218732976
4.696556011169047 -1.9229586344063332
-4.806635725630358 -3.074132359998001
-7.826112546939237 -1.2081869420602231
-7.855311449439128 1.6108252124761417
-5.568987574831383 6.333950435944779
7.66343688761939 -9.789530592240306
-1.9506711868759048 1.6086963497526554
-5.6059886275029 -9.169777288965523
-1.4160948881978328 -8.744430247799492
9.062989821448745 3.233398281021687
9.23541138026507 -7.3211655904122575
9.622762059471519 -8.083477752333197
5.731139480290896 3.327543285770009
-9.83318627062101 -3.594285106490373
-1.3158508389876076 -3.678873931312914
4.194120381036075 -7.889469217591627
-2.4955255017673412 -8.01781400122108
-2.2802358353216086 -0.6699654158709549
5.173595363077368 -8.326634429204878
3.4412921607723117 2.6341413440683397
5.844656800106199 1.541428544630536
-1.7101578627773595 -7.312757000319219
6.035874790671254 4.116617893526115
-3.2665949713859277 6.182330633338854
-3.481006351741696 -1.8509468308765236
-5.028475915592421 -9.016621853322398
6.208563141926675 -7.364469038206007
-4.012385917836951 7.832520907528476
1.9790897965482088 5.6658457334862415
-3.6005464540036876 9.98891586227099
-6.35616297431965 -2.7203635200697684
0.7202898401165232 2.242867234629527
9.001528690921457 -8.131255802339654
-3.0045519446274866 1.8418333811152916
7.805973763875098 2.4516712742213898
7.801517795635913 4.6757858188855845
4.9165681599008515 -1.4445574277779922
-8.765207143749869 8.386746748971348
5.6303161656788685 4.112548213383953
4.503585625628192 -1.3279683252577694
-2.8535527351238414 6.973514053449847
-3.4990446706984413 -5.726911641261339
7.656651525006847 -9.760439549742001
8.168526867553481 0.18302562513299314
7.540520054925683 -9.534699982968231
5.68366091814708 -0.08400724470544851
-8.481312503500842 8.021044539496291
-8.653724878944544 -4.281378026169531
-2.629765952550911 3.071631795422789
2.809854277418548 -9.960233969200388
-4.378064881279579 9.407043038179726
3.1069052327064846 -7.078773953648872
7.190689208638897 -0.7591561326396974
-1.5118180030703687 -0.7453642947157313
0.7778416609876757 8.29449744565257
-3.3518730854531142 -9.198342756892577
1.017472085887059 -4.472698825771664
6.194163359817544 5.328277398395118
-3.9703553960055826 -7.201041740614427
0.004484498132509174 -1.8646136965075897
7.338572587583624 6.280113977408412
-8.965768390102264 4.7872744839039765
5.306608263717541 -2.79532721662698
1.5900256471167857 -3.6299535028969077
-1.4491891419718623 5.353374027935157
-3.518931480758061 -3.4817367815287925
-9.337629892790327 -4.890925562426764
-6.290893808563311 3.66264090367946
9.617186086867953 -3.2563363449011895
2.774360712636831 -4.749066320382392
-5.353887457748008 -0.5758597595651853
-2.9734555590814953 7.002372664499582
-2.158440535024086 1.8220707459582979
-2.125167608425529 -2.766680189565127
4.28555326450045 5.4662945966623315
-9.309204171621339 -9.146856394790996
9.637080122864713 -2.2760906452406315
9.428629159140897 -3.896326275929736
-5.971785942496515 -6.5223462145905025
-9.81632621817246 -8.319093996491613
-7.198221470489649 -9.04347727907627
-7.499624697041041 -7.319129788870802
-4.573578776747878 1.8308644739009772
-8.107147514951752 3.446034240135859
6.232304744068745 2.6747057425123764
-9.52735257528056 -3.0909540557512187
-3.473379555678557 1.4376379057931832
4.364007275313357 9.37330037632773
5.334218714952215 9.41678912027849
-6.102400071887577 7.7917401236407
5.179226894533283 -8.178465555152627
2.383222094021784 -7.3068801181588094
-7.791172366657522 -0.6142784305051912
-2.633438657846474 6.857369887665175
-1.0142633933733691 8.171419635088355
-1.5462582209544564 6.289280933132915
9.56904998352649 -8.88901888974873
0.5622684162923903 -2.4838533249286154
-7.057076162983322 6.871118100043979
0.12460269756848064 -8.04304019132032
5.541305083971263 -3.7325472825337442
-5.578695020869779 7.332378154595212
4.202067229295523 8.393985351956346
-5.700950284847115 1.1389011870481944
9.421307920367486 3.4625276307310493
8.641979242125007 2.3034967843322978
2.7401562441895955 1.688634983925681
-6.647075643056515 8.657745595439145
-7.48972048415022 -7.109013595219116
5.796042980886433 5.2205795893630835
3.5654401898227555 -8.986625146856932
0.85565650458439 6.27914341808447
4.439077375280709 2.998727258192158
-4.877451045452201 -2.1202897391644164
6.6100158650901655 -7.7795581227257955
0.8643195782020925 1.2273002290547055
8.118085745555959 -4.671840053156062
-3.5426109858187615 -4.55970067294492
9.239092326510981 3.2087676536205123
4.099860914046253 -2.2943964184736565
8.002536280989144 8.938709761973499
-0.9968398709714528 -4.038960888796517
-1.500059429287628 9.204867349174332
5.810293915943237 4.967667877825438
-6.520011089663582 -6.3354627360546845
1.6580969336752034 -7.9408226956477135
2.708837941925861 -5.315644065949183
-5.303229906620954 -1.4602273956426455
-6.4340697556755 -7.841460147522962
1.4099060995945916 6.39720254782959
-6.095682078657127 0.019647670048442478
-8.111942559841644 -8.552712359598821
-7.780646489820331 -9.870947396033012
1.671776079021468 3.406084962362339
1.0877233365348857 -5.403622927295489
-6.4386018196694605 9.878952139549881
-5.0216988110387355 -2.480342678012053
-3.4359873877496288 1.9485478671769592
-7.888575313062656 1.8204228468183974
2.85757207607303 -8.415069937685542
4.840793872170288 -9.871622281037457
-0.062187740462167795 6.735506567163053
-2.7715271450301042 -6.440609654519944
3.961804233966797 -2.2560545224721507
6.034272748529734 3.0908972394656296
0.8771450283674973 -6.4973780797649265
-4.16404857413281 4.808129315459851
-2.0336912671754064 -2.4049707958668654
1.6416693331497676 -1.7880252679429667
-5.9445770964735045 -5.527225181690905
9.77334084304325 6.5835843363494035
4.35988660922958 -0.7864097625467252
1.2026862949144004 3.010460168192333
-2.9848836844066557 5.187092345555982
7.227130084149245 -5.137957118289565
8.806609702914649 -3.7706389042005073
1.0147738038834735 2.3856343225311214
-1.2263636793422457 9.164470287643859
-9.960588334328108 0.1673375987797865
-3.336449213263437 -9.927673896249782
6.39548320859997 5.8287918851299185
-9.63048858816789 -3.725407062160169
6.256248454383051 3.8286126273721877
6.065480900083063 -1.9489121250267782
5.9386406166832835 3.9284888161003835
-6.050733819883705 3.2286573753263355
-0.6631577095742038 -0.5853506455303119
6.1468456929534305 -1.7201730335884626
8.427042308249476 8.49206250342798
8.328392165754984 4.187897699819212
9.0106073390766 6.944924015299769
1.0751868301310665 3.4453386225210956
-5.043473777860001 -0.9024808348723123
3.4217003634502454 -4.30547385800975
0.06429631344832032 4.13036867473588
8.67857839478144 2.4994746386600504
7.347667012228776 0.9208799572484168
0.8287589241096587 -0.5222486596171301
9.734824898986826 3.418791894549834
3.8372619182815235 -5.344172375024634
7.559822069456175 -1.0963070661087677
2.4385555897403943 5.020366444025413
2.6836378205508176 5.148682069616813
-7.479214058812602 -6.725053150998519
2.5490752744810425 -0.03465909926318389
-4.749371998782381 -9.219095778597723
-5.045418625410498 6.550462378717697
3.9496494214675852 -9.254530002710128
1.9085134901498542 8.942393463706967
2.551996980881503 0.5408869363741395
3.3518328417867327 5.269400801559572
6.263916968542045 -5.494670244688315
-6.346105178139794 0.5293604419834868
-0.8427639646831064 4.844701687629733
3.0819384148752977 9.874663316474063
-1.0957936522810545 -8.161021422656136
1.2126609022253874 6.4565346482991295
7.360073420464065 8.107220663624584
-0.09340831219140355 -8.007179751983148
-5.218820637440307 -4.924511061713832
1.9724133143338065 -7.058214052329195
-0.08346569063652787 9.527729046218386
7.126503148649068 2.8202416728274713
-3.67442861385263 -5.547914176704241
-3.0761317734114897 -2.785003594829057
-5.4851359837079805 7.8903456823843925
6.663363581752929 -1.613030530737074
-4.486038917881823 3.7604597252047807
8.411834983316886 1.987078933118049
-4.597320542251784 -6.152086627850415
-5.050454372609439 5.973000603215574
-7.137437691186291 8.794916418056062
7.33819089910401 -4.736282999876991
3.6802599228172745 6.624153157684308
4.588343436269216 -6.5153065735510785
5.782009791197877 -6.45303631720981
-1.297641198473233 4.188360671470795
-3.0487716034050116 -4.735577083213003
0.356845224158441 -3.2724574450368564
-9.940291761275219 -3.868479565954404
7.879771294119752 -5.089823809198933
-6.3574536099173296 8.34480955512116
9.384817365327706 -9.65636862991061
0.9935183533862322 0.014796728719590035
-4.768789268545143 -8.336467388648618
2.192957075071501 -5.386365851184232
4.063098028536533 8.844545321325
-7.750003985817962 3.681983374322204
-1.8413570828396146 -7.220823666983131
-6.539659572737831 -2.8688766937628944
2.267640015755724 4.4056788603164065
5.574314314793167 -0.7373511181085757
-2.6824457540413 -2.6255456060115234
-4.96670819196537 -9.890642114525283
5.856369714851041 7.984111304835867
1.6721307389798206 -8.431930841334816
7.6279916830257015 8.382238277350652
-3.9905824204407665 3.6228446546414244
2.791764252948523 -9.625412563079607
-0.05949832382400899 -1.8127696023510431
7.754780124775536 -6.48122304193855
-1.5602376649711918 -8.786366161299185
-6.720349136248154 -9.705829466002498
2.946632413827711 8.527503792010421
8.027747152482437 -7.563593451291704
9.182446540783474 3.8818726417798537
0.14993603382657028 6.773668265504654
6.893408509055195 -7.026057778113584
3.5198248115395785 -5.195740521850416
3.058296456520031 -8.165077126266812
-9.521131845172736 0.3041491398834868
-3.998991667175482 9.087045238776593
8.06239808880639 -5.820802375514605
-7.553586870107447 -9.335957602320605
-2.091927835456837 -9.117839991947177
-0.2880110556714577 -5.3588087189271905
7.584054829737546 1.1266371749557518
-1.0782539637836557 7.4292411911709735
-4.209232847990007 5.079622794015005
-0.15565033454677568 1.1128412093669748
3.9227761304596243 -1.2608814840929394
-8.476017003480958 -2.9924536358783937
6.120171611131845 8.308037176239452
0.5386229735188763 8.563194458633134
4.420535509497725 6.064713983847362
3.6563536664319063 4.211791303968063
-2.1780489392149605 6.516441657909876
5.17040838052143 8.007804415022697
-9.214727757211529 -1.5116191246912898
6.018382837715826 -6.3201157370451355
-1.8704639400285377 9.727819990053497
4.150688181605913 -2.526381269319426
5.149786235129493 1.3531245996179209
-7.031026270063219 -9.261529436894453
-6.055427513236371 -9.021542766852665
3.4690762099761336 8.70830378398724
-3.927711168717776 -3.826721679634673
-2.280063161808088 5.360296587245472
4.272026483591828 3.2387868844922263
6.070702685467737 -0.805557557470653
-8.370383269370603 7.5818227368714695
8.02061263602204 -4.599266427072541
6.283648953758242 3.087899816478801
3.189242145938472 -4.897577678528431
8.024380461892441 8.531456623898059
7.053456788705812 6.199624062151841
6.904991131454899 -8.705376657470365
3.6184124484874953 3.724191965888032
6.670894698865517 -7.492996574546944
-7.542017179211308 5.703893164212868
-5.086681928073238 6.80511031040195
5.158607191266952 -2.1913870628639103
-6.152021611134673 1.4268755671121873
7.529083744264774 -0.03227341940713835
-9.85225943888497 -9.311055471589881
6.223151582430145 5.374914632032777
1.6742448834182255 7.534574090788876
-4.915825005679036 9.31644259352009
3.656545647601382 -9.251638743433276
-5.725111333910333 4.081884664239501
-8.436578372240238 -0.4058017102839262
-5.653035359365919 -9.75904109709603
1.9936817910394904 -7.827575883205007
9.221129121228085 4.61221537389903
7.253484659181517 8.953682482810748
-5.356312326450725 -1.046037377180781
-1.9012497547976075 -3.3846173587931716
1.6512426285413007 3.3227046997712826
-7.470572190176896 -2.368462286827695
-5.333093580436632 -5.176284841317953
-1.5086270272517162 9.781474284438879
-7.401015442531163 -7.590692481832306
0.8470384954787598 7.7352857405153586
-5.464194850411248 -2.8845017565816544
5.602443248266793 9.603180411410015
-9.65713061835013 -4.975156232086673
-0.15267144716704983 9.666515355633692
-2.441358072373438 -5.28427327073447
2.049555092434792 3.502618839562757
3.617553903638118 -8.519107982596342
4.308548499800427 6.428807002342445
-3.1240181987410365 1.6444616291188918
-5.0704239513611675 4.630927462644189
-4.3096578717623775 -0.7315765045540417
-3.613722006796463 3.5639351556154057
6.353449127068625 -2.3699546999810517
-4.841614366409095 -8.17686515546444
-6.030715664951396 8.114829540666438
-2.361179292844411 -2.222670887153453
1.1084674398782752 2.878402618890725
-2.9565242679025294 1.542485124217956
-3.596569128358529 5.22147634435003
4.5348599418243545 4.247142926410952
-4.6602793973462076 5.493974064770859
4.945375107708616 -0.5996050870851715
-1.8110232739044267 9.158706170040674
5.989778668918797 8.527427157812145
-3.3413631846438 8.003637438953422
6.871944635283334 7.196100506817778
4.781935429109094 -5.800319155836176
2.5552915214718723 -6.474394356584958
2.890690773413347 8.329711205590783
-6.482113881214843 -0.3515405850468394
-1.3832518845102513 8.210079342851184
-4.256407818629184 9.641958673010048
-0.4202839045699651 -8.365686803223172
6.66604023011238 5.35887396780935
-6.957337120575877 -6.241551069371749
-8.513063902951144 9.82052244932828
8.279869331707662 -1.4182907170041332
7.988468255024209 -9.790955449738592
-4.247417116697343 5.627854054048653
-3.248947505102187 3.1795297234686792
3.358917392694231 -9.973695938981916
-8.818165113677775 0.000603127603923781
-0.6784141073498162 -9.707343399701633
9.917897080269448 -3.282864739464493
0.4601486045760197 3.8675781008263588
-4.336922232888146 -7.687917584752178
-5.7329224608606495 4.163045338767219
-8.365913395095255 1.5818159628361066
1.8418580743396404 -4.758573540742388
-2.7050053450579075 -6.157187189589612
3.009589179563063 6.2257594214252485
-3.2132514654554374 5.58516918455047
-2.853576766875088 -7.750156261804834
6.348225803669841 -5.530974537308449
8.592671206329783 -0.18121540681755377
-7.606035281072023 1.4659996399293984
-9.398994037786636 -1.4923173447454463
7.13552721384281 -9.932657822576683
3.2166719042954597 9.706897555114736
-7.99294346454036 5.152114936815831
-7.3450348084516115 -7.1782131405751155
-0.7685496626252579 -8.455958426043003
-7.6892739178384195 8.598265561692692
-6.826526028428679 -4.901561646601094
-9.320673378389024 -6.322981224315319
3.332083334987324 7.391996626151638
-9.257060718031623 5.011970486285957
8.651576293679987 5.75660223121832
2.2952847320727656 -7.825266786193941
-2.5808211031609485 -0.5645389135646219
-8.417604189881665 -2.274688469180866
7.675066146341855 9.87637679062718
-4.11953103733569 0.7267745079574723
-2.0916162896787505 0.650247894070322
7.658719706461412 -3.5711117532974352
-2.348924114181723 -9.40310312978933
-7.319682277157318 2.0633365177266967
-4.889784738162617 -9.378040534581958
-6.326725271844622 0.5323022039412741
8.58913049324186 -1.7462077688174382
-2.7382118304704335 -2.149381167470567
-6.605014149837112 -7.910526737679307
4.707287393950921 -5.489615164190704
-9.73842741947032 -8.784008448828136
-0.7113844925498221 1.4016053345026425
-8.119286784787915 -0.6523720440264853
-8.339971028597189 -0.181912383210296
7.166258820793317 -1.0876986176216068
3.9956907902224614 -2.9026470076066975
-7.877703944802268 -1.062694248624659
2.4368276343910544 -4.7292247932095055
-8.298871473997256 -8.279665676281704
-2.8178243422643785 9.855625421125843
-7.662905715797097 -0.41284816483278064
7.3723468023023955 7.548711474406453
-0.25442621587577996 -2.3284252484188155
3.1231620543781915 -1.8621055113686147
-3.886519383995422 3.9726806562927823
4.259258331907059 -5.6284787744212466
-4.852764908780629 1.1888664421847182
3.9049240039245667 -4.563123690627178
-3.208689729999703 3.1113714397313057
-4.433921348109358 9.71375336707559
-7.999996949810287 -2.374745402605787
6.862822831357963 9.314967893961658
1.864315679874462 8.122826349394153
-8.861648810640473 -0.7837617368476835
-7.2200665981570555 9.764740339709594
-2.849422176578848 -3.3105848099292423
-7.669704013525401 -4.320311630420399
-3.5208671684058412 -6.686806040636126
1.0376604836976675 1.341784378741817
-8.449383063706684 5.215214045024993
6.660785801960653 -3.6554278359972763
0.4814263313876701 -9.723312513179467
8.784373380995522 -1.3383614256945116
2.976583755902233 3.098119404038062
7.812336516700114 -2.4517159197045446
-9.591824000852991 2.6346622018650674
-7.031831083967541 -8.908140340673993
6.907629497196705 7.711982895772355
1.568859157587049 3.4311708248337744
3.2129942161965417 8.725227319656877
-1.0307696525646364 8.553200209308361
5.634239286751956 -5.48964118617548
1.0850366351303826 6.064297545641811
-4.414246565131863 -4.341801670860366
6.055142693510444 5.187309443033927
-4.196769828733348 9.003886564014927
-3.5908433553470225 3.9455610103388103
-5.824725240916598 -5.735594993641282
-2.6827361439050783 -2.675373215333958
4.507516684540471 5.928683500699513
2.3408763383622215 0.9922494950191236
1.5542361100646058 -5.770463186075132
-4.169250387034554 -8.76401956492182
4.257565363232052 0.2982163828729938
-6.035588815237151 4.919997077918865
2.76164816643195 6.030944326895799
-5.71107568529881 -8.991060501180662
-4.2097628331776775 -7.168714105536386
-8.572470204504043 1.7752651144860074
6.9085139964805435 -2.3636873589094005
-8.42665418395256 3.624175498020488
8.526861066914545 -1.5577387184181752
-2.1287915790178076 -1.4327120094898422
-3.7759358019781963 9.981470478455655
6.3493581740755936 2.5493511324402203
6.95823897939124 -4.334876528359444
3.0299960858053154 -4.477067412405617
-7.178999899552128 5.137092545205331
7.191238051569616 -2.812091581397455
-0.30174481821893195 6.6350100263629095
2.6713136247568627 -2.7733070223448024
-8.70357010841894 5.376845772681865
4.6869384053609515 9.579166575123153
8.811671050335715 0.2833215348208089
3.3623818627138036 -1.1403776971291215
-9.683811518818672 9.272329248247473
9.072720745040549 0.6959867868393328
7.836252695123907 -2.4983118389870906
0.2857071603198431 9.94626206496666
-8.466604858200535 -5.55463462694992
-2.2826011552866765 8.766228771531885
4.671836735856406 2.0366984916536595
-7.972277029596098 0.6713024080794288
0.2649543755553001 -9.524222724139102
-3.3600659121624084 -1.3858690895041335
-4.22317350193806 -2.124711026647555
-1.6416935752011526 8.932432767741929
5.501170571094317 -3.6719065295200526
5.688896712900158 8.591913544636174
-8.33685617935201 8.601987335478395
5.537758792403961 9.939271382712292
-3.7862000955798596 8.818367581548777
-9.193427844847623 0.14993238409935827
5.798168384088395 -0.07564843259271647
8.085363567079085 -4.895107292988142
-3.8262778457488285 -6.1505363651243705
-7.10964225228232 9.234160089315154
-0.3430235488510611 -4.486495550448087
0.28274281345799324 -1.0989195714129725
-5.132635854859782 6.944473101644512
9.243081294717275 -6.108889887944542
-5.779048020070778 -4.519388070484469
6.734010405347771 5.345131000091412
-5.638236088513668 5.852932956938874
-2.0140587152912603 7.416624078997131
-2.5995936041111793 -4.1755360312809975
-8.047245675648346 4.6925697033496725
-1.4597252102431924 -5.047535476429008
-8.864168352541967 -0.0321003471706689
1.5833157984397932 -3.489041879845754
7.883363013254986 -4.709046941467574
-1.7375775057059748 -0.952824737340892
-7.836620655329234 5.125812117256414
3.448530843200741 -7.678528221648822
4.153181383721805 9.805676937998275
-1.4904048178039258 -6.923478237437188
1.9650470328273446 4.336824096882893
3.1070232878853137 0.22802979443450866
-0.7686531421080325 -0.9258042043213806
9.865283230886035 2.113865193470019
5.170344019764155 6.541119500962822
6.827925294855024 -0.3845276487689482
-3.500748619541927 5.62077655007637
-8.542850821679577 5.576764654664538
-9.469299660994348 -8.335964208471061
-5.991417650308617 -6.470653402313074
8.34123552513038 9.63796449525142
1.2493882600401527 9.272882462167757
-7.091273277886703 0.38855030177092864
8.823986864454284 2.9559365381869753
-9.875131017879061 2.6123785065881595
6.387036049259137 -1.667027001014393
8.886881289138614 -6.64967148449618
1.761724548833179 -1.369320514367935
5.477352647921762 -0.7740451751215396
0.542565566407756 -6.341234180070394
7.420005056044197 0.8704056698900438
5.068879733174052 0.6599873359891824
-6.72907314386594 0.7451755409595169
-8.458634262500693 -9.29951724625189
3.424534639316727 3.7735140191613397
1.3815010448367193 -0.19791055491955412
-2.3752312318820934 -2.0250919973911996
-1.8064664251818066 -5.387044268313865
6.850410709015122 -3.075625788074044
4.278651744759118 -6.561836844900803
1.4700100335580313 -1.0167716666356679
4.000507320283262 0.3220767400065938
-9.86584633269535 -3.4695123293435826
-1.461640379054323 3.1673407426943605
-4.371097538768877 -8.126893704806635
-3.459064357398969 8.190544175272777
3.763861593574539 -1.3431444338547003
3.9301333015639734 1.9572234926487688
9.339119594241328 2.770553220689875
0.4872464474592668 5.896406037138862
-3.992730925608699 0.7978150414096579
-1.205323676700436 -9.596561252775276
7.68988095044589 6.400616602482316
2.8462489829037416 3.8862421553152657
-4.6850387395988236 -3.98925645723687
4.878580298543518 4.21815618652402
-4.896260840817175 -3.532915950701259
2.8843277815830053 -7.753034526568785
-0.42834148972453967 -3.147333287293419
7.3223326911045525 -6.231484530698205
7.340792297796266 -3.023523504528689
-7.417959460818722 9.453084077325588
-9.395302861429505 -3.439031124110752
-2.5414356135716787 -0.3205487908426754
6.609151733741779 -1.9571844501161841
9.882110799083804 3.5476715488409987
3.924425611280352 1.178342985862388
5.543006443298765 8.819423243030549
6.372706319303457 -8.831469554286059
-1.5385679285598481 -9.24760963581395
3.445941752036422 -9.532492022462588
7.714011130493493 -5.060550490969078
-0.054426101071323174 6.122052121986815
2.6192277350860103 -7.798597937005038
1.499502617012432 -9.21940019781443
-6.864312730469646 3.009037427687664
2.985283585946494 1.7539272078124775
5.094872781230604 9.374787230275697
-0.8749384244810585 0.16131033761783442
-7.2821385474329015 -0.46867602938119823
-9.302773100141659 -9.990502254225323
-6.121622994993839 0.7944317450605851
0.4230300718254796 4.4947313530786595
6.261864370933601 5.055393524190698
-5.014729144876409 -8.187822319854734
-9.601048183149036 -1.0601350290009304
-6.587770850255021 -6.841089576274129
-6.451672177851577 -1.5810650940297872
-8.394801706556764 -1.9730182053625622
4.099657575787427 2.571927651347126
-8.548322798013338 4.922738354962949
2.6255419492201977 2.936408919472818
-4.180208751383452 -9.012944924678175
1.4185193723741403 6.877999524308361
-0.23443171063376944 -7.441367431052419
0.18269680770424834 -1.5533445375225305
-6.759326579039269 -7.280210819971238
0.1442511162704676 -1.3426012529537203
6.5303709302324435 -4.189400380191852
-1.060244137744366 5.628191049208592
-5.098484721933703 -6.517974818996324
-0.08979283319328779 5.286044812980759
-0.9396038494127819 8.258172889078367
-8.806184325609323 4.591506178572509
0.6661407402659076 -0.1693961382260838
4.5520567974133215 0.38960886235789793
4.187992291255041 -5.697703176585563
-3.632567062227274 -2.384446127326701
-8.44285805632351 -0.9675339659850035
5.2730088744000305 8.584369599709383
5.512765552504838 -3.1706514080007135
-4.837275872358906 -2.7338590685131248
0.6882878721512355 3.9114027153858935
0.37251690942023785 -7.3019958166195025
-6.267023399680105 -8.085141778946126
2.76627397891448 -6.644716405723936
5.413740338184718 -9.694749296313462
-2.670546631549044 5.223065037694251
-3.938763445150375 9.928136815100832
1.992922011302614 -1.5792666814665068
3.278940621930122 9.310132812429725
-1.3616900228155888 -5.4529902804199315
5.053332469016736 -6.188116894561579
6.476625750475094 -0.47577945608369987
1.5873239721744081 -6.85659640025627
0.5386064590634341 8.0144846236634
-4.690313315111851 7.096503626964097
1.120365070864926 6.348976816608221
-9.113065165837245 -3.970326816450931
-2.243093380161234 7.727835152191144
-0.22232328625118214 2.7475668758625744
-7.009767536876361 6.036631805364575
1.727485760780521 1.7290429506678286
-4.411835299132165 -5.62262853713386
-7.712782526245146 -3.6790834556211554
-0.3029610721309677 -2.268918381333453
-6.422635490568043 4.2603467019060925
8.698032545447901 -0.02402378170981656
-0.21625027293355714 -8.657560963475895
0.9540371474549723 4.261480839067168
-1.3460389273877134 -0.2835464678465165
7.589294227155268 8.780062593580855
-6.260822977479787 -6.844252713918399
-4.2210583772754084 0.8344452329067842
-6.409213517712926 -6.483418049831668
-0.015533008133459703 -1.7218143609642045
-6.439654997147652 7.528541914307382
-2.653040920049037 -9.634748371834212
9.74391299052009 -6.871634899568009
-3.757547255857812 2.793349870035902
-1.8465875925503248 7.486483753765597
3.3546069710946274 2.4837211121656626
-7.402342550649745 1.927349017930828
-7.686607549031379 5.359654084101358
-8.926918677621465 -7.2820936331590325
-7.28734546509759 4.227342625049504
7.622687314884363 -6.30115223245231
-5.6197687806921115 -5.350080544368263
-8.79901798870091 -1.566980221600664
1.6207876825489826 7.451808261529301
-6.540999561899474 -4.1900041681035365
-4.101152015578142 -5.956204490924984
1.9388447213136253 -6.625441415040321
-1.6314223405437644 3.4226394457875458
-2.688433184538259 6.952401488184783
3.7198363319612042 -0.1250500097805336
8.336092803076347 1.672438712573431
-1.6356549040127852 8.641590436108128
-6.880691842194389 -7.7698434838479695
-9.715660505052199 -4.334009129353726
-1.5754518013911927 0.4894351264156356
-8.187636698279693 -2.4712679503833757
6.738945502534843 1.558440009888141
-7.03533199306106 1.582634435927739
-1.2566071284184677 3.3970635568516094
-9.154147214550282 -8.92500170777663
5.403459639109926 -7.557687431846927
-6.320064119083577 -7.4225340254616174
-5.434638183831173 3.8987365239197835
-5.108177545832691 3.129267894472969
-8.462932960142982 3.706689264782103
3.73308652856797 -5.466814280842618
3.6394489638146013 3.706874874947893
-0.9624644584727982 -2.856786314377082
-2.723464950456087 8.410325593456399
5.919981246102912 0.03210870876931793
-2.766365647778226 -3.358217380870614
1.1576215182460246 -5.8839249737674715
1.361676893604649 -8.537351734366155
0.8062121426193372 -3.9101269743600753
-3.128594964594626 -9.884640287396525
4.835310633058384 4.970227984941433
-9.59717864100221 -0.15703468882741234
-0.15864717853940213 6.370517432324458
-6.312720851109502 6.23896584144768
1.8155461012396152 -2.0639564353589
-4.109465743529346 0.2793620418539806
-1.2054524595885532 6.997161676411647
-2.0817411277080407 6.827122846700021
-3.7897787571142345 -8.006747109348778
-2.06493960007208 -1.129208714567385
9.443750552210822 -2.004895314078297
-4.6656431572199875 2.295712038848105
4.003011053765022 -0.5871168294320093
-2.23844318021599 3.877120314622843
2.2648261670682253 -7.6382962677764805
6.72710658415426 9.068153141044007
9.116491607580382 2.6375046985233297
-2.740266869321337 -1.2439221366636044
3.6448839529141512 4.82092869045572
-7.53971145213052 -0.3242270188314649
3.2980677533823606 0.9312328076660155
-4.365434741275234 1.6237006100716638
3.9230334278777494 -5.692258450200514
-7.427545291978655 -6.399799613224422
-1.841258222464763 -1.1178346717530747
-0.8234933733944914 -1.502674254441235
-9.66698923065821 0.6598966946314118
-2.1796628847330846 7.891032620105133
-5.973802530324496 1.0096281091680392
-2.192463711490918 -8.500529986960249
-7.299937853875422 0.4788379313981359
-1.174274017881391 -4.448528375343479
8.785532954694517 -0.08583604475709272
-7.870355996392613 -0.6773164791791864
-3.80945651532699 3.9819384196051786
9.23176194107501 -0.5300022437465799
-5.841664030204496 -3.4402348038374653
5.462063411456457 4.161763809034012
2.2704563636050175 -6.875583677306167
-8.342850700612495 4.5303512572319065
9.916940363553735 0.9926315006471675
-0.5019739426132972 5.457408745878595
0.5497095922699398 2.6193231093668032
4.7845628265947795 9.898738986851985
3.473078412499749 -1.8088865771780434
0.05287542479642404 0.5890334801251722
4.1293889357779925 3.150304666331934
-9.858207805136566 9.19594209267445
5.003941123734531 5.012428015956189
8.206203764547485 9.548802486757712
-2.6846613090469162 7.614645900706673
5.791348744256959 9.13193387776727
-6.674861302261461 2.0835498306253886
-5.873300978017879 5.357134658073775
2.8153147959565246 4.755151288032041
1.538463762543774 9.330336692500207
-5.411698860038268 4.975584465010645
-1.6340054977664629 0.5698333803295874
9.679474650649205 -7.975730905616953
5.393031844145671 2.8049243533056423
-5.742502717031042 -4.172483475147148
-1.4037885031004542 -6.608209084641974
2.493972685469327 -4.678252305585813
2.719463064300399 -6.805442225740153
8.560563474961594 -4.50984106817298
7.218912507631153 0.7961976357251981
6.459139784483106 -3.549948507754264
-3.7853353427504306 6.728965369192629
9.989105011811368 0.08424852135507521
1.1194400298381133 5.924135115205694
-3.9681795924155967 -7.48152546406936
-2.3842549962987363 -7.850407415900169
9.87717336038791 6.1908090458870895
-6.198718244738812 -1.9205503846247236
-3.821289579794877 2.961455597685813
-2.137060613251059 -1.0005211844908768
7.822310153187281 2.207917139742097
-9.707487502503337 -3.545678819077951
3.208593017577005 -3.895176617893834
-3.5983765376440457 -9.970293502851657
6.997062598997644 4.916443056724468
7.232592117947956 -2.9626811743768915
8.430407524446387 -0.7433358770812397
0.09958668032945894 -9.687420175106272
-7.765883204932795 -2.182279347707614
-1.5531735943752487 -3.07755245742438
-9.177148630436607 1.874519182779279
3.2059288114871407 7.915464939321282
4.373355870656692 7.9971671226466725
-0.6218463152357252 7.086221676363294
1.7536708247985509 8.244987196568086
1.8646435686810197 -7.18953897916726
2.1860017864609755 -0.004179211801115912
5.6848837669475145 1.3076382221927823
-1.2630939400295986 -0.8215778465812988
-0.8955901978727248 4.431255734547259
2.842879069261503 -4.726926835466805
4.685751680370238 -5.671928858827813
-2.537198386297195 -3.3567543326097855
9.350243522923087 1.919916131798196
-3.88917638563 -4.102247721635104
-7.022434569499946 5.4521835158312815
-6.58999956696028 0.040920634378107223
7.519116275332223 4.720125635540111
8.570821439670269 -3.9575673912483023
-5.073670464619402 0.18822542492938688
-6.4989020412754535 -8.350241444819366
1.7365110130661954 1.7553303570693561
1.0165332387782264 7.535663608840476
-2.6470236145073027 -8.097635114292693
7.423658950494968 -1.295002232636035
-7.312434615163033 6.518705291858598
-8.378604849936233 -3.644114346561551
-0.8775040937591534 8.678832215322402
-9.919590977821954 6.610406954625496
-0.8809014567102373 -4.748483156567682
-2.841960555785647 -0.8664297486432702
-0.34299087224045444 2.922376051096249
5.648959305500664 3.0801071740510153
-3.594702042287161 -1.2947000969351663
-6.693477144122673 -4.476326356298223
1.5134840191414423 -4.779878740381937
-0.4915642383913905 -5.693991487772687
9.16866284745386 -9.474365880893716
-1.529690681766887 3.4323631572017774
7.190261508905415 -6.645225444836466
8.262911047251897 -8.824942065890255
7.560752277800912 6.473209929179625
8.940060457707027 -2.137112857614043
4.160799583888865 7.627918754954489
-9.677838163393432 8.185965232039777
-2.2639268285383523 -5.55688749717135
-2.0107676090358417 -9.11871054864941
-5.605386871703944 -4.679843594067701
0.5525542678793265 9.725615486321065
4.840010447025007 5.80309981747147
-2.905964951472404 0.34191747183095345
5.7678280417181576 6.5873956978280575
-3.3921287491737573 8.102043890590046
-2.3941062283554775 4.992478504342531
8.7057185911588 2.02665762194486
2.9288110392502844 8.831485900737974
8.031709255207844 3.7214076719146387
-9.583153185618796 -8.440292734672648
-3.7348431142533673 9.679432511302938
-0.6122501713670623 9.749445164198239
-4.400106591811843 1.3023976728271656
-2.2220363370566147 8.689999051246307
-9.219749174275409 7.719631202561569
5.654688657461822 -6.40518347432894
8.424450284058885 -8.60900500931393
8.738568012265397 -1.7841134790339979
5.475402921959688 -2.0464502554747916
-5.7766567945431575 5.436914546969579
1.7291938543660166 8.246144219488805
-8.162260672512385 -1.787616293317111
-8.490490433630406 0.13501131445346637
7.5834311812088835 9.631233892223015
2.2700185895525866 3.955782635998448
-1.1416729044682938 -4.231166558270736
1.0880267539602286 7.43378144376457
-2.559670732989443 7.566235586125984
1.6059625655294578 6.137078259152361
3.8195288284181643 8.822098924904047
0.6431605638321898 9.218431310395989
8.98710130089151 -4.350632851483802
9.210599715725813 7.1555737664644745
5.5957587488245295 -4.659772299326983
-2.390484788819931 -1.8101460977464434
1.0677554526217108 8.549931891953367
-6.030008630489599 -9.219949312558322
-1.739410907220627 9.927253823906984
8.616049278332568 -7.444502413861467
-0.07189100892845346 2.134078831904006
-6.147298526199744 -6.953199327688959
9.748416471361978 -0.11809816341595614
-0.05269689858334203 7.627048172960038
-3.0917449933912895 3.7236822512842878
1.8279076879314466 -6.564468734550502
-8.335975146025623 4.16225887452187
6.231239218002646 -9.975072868208532
1.585183960894085 6.185664248545294
-9.248634842914505 -3.979158108771859
-0.08904763285970496 0.5577087037995714
7.124438072204022 0.24310626206941244
-2.2920407333587 3.1344274803266874
-0.8895975965383229 3.6940088762257606
6.981966337374573 -8.309886868537934
9.902515881012096 -0.1299074820687487
6.831832513423059 -2.4806044433156256
3.1110977872030645 -4.594880404579181
-1.5307779016026313 1.776648061598742
6.940161299695273 -8.349232201994386
-3.9470978565883375 2.37155782743576
-4.649212934134757 2.1355398800633836
9.89750387923629 -3.6895887838441066
-4.111489889343918 2.7716827535704613
-7.647896865676056 -6.592670345590765
-9.82265734479374 -3.043636926119775
6.399603090280625 6.418262944365573
-7.92143643304575 -0.5359698953123608
-4.284891877012629 -9.643841016677758
-0.8729571531782518 -1.4046408381464204
-6.9950615552242645 -2.9270322753898093
4.1400162304392225 0.7784177268664916
-3.68506904864363 5.3040654520363475
-9.404365461566627 -3.688547165570646
3.5015107657045323 5.968848774783746
-7.941179672317126 7.979666477596538
-2.83156774190134 9.398241733457915
3.918246652174812 7.933270693261786
6.308412484998442 -2.4191960706984084
2.8407162843859073 6.187964593345249
4.820532679333482 -2.7362363679026096
-0.7770148905904666 -8.067844157941726
-2.6848279404606057 -6.074514334092229
6.733954715334434 5.557552115898572
-8.813379591214945 3.4270241438997324
-5.43788388780067 -2.6332314915453647
1.6313324845861885 9.3340121082468
8.370239754435143 5.294091950239304
-6.684319403131298 7.475907509785827
-1.2770279324889238 -7.634383708277275
8.155928212595256 -3.4478600154344257
7.79493422942512 -1.2167516067520072
6.859313683192752 -7.42355655365021
0.9976747347863757 -9.021206730050928
1.7941829328535661 -1.7971644853751183
-6.300372886349517 -8.43058251015199
-0.7108175360243774 8.00162832748725
5.957904733915662 -4.318847021111029
3.44370687028891 -4.982075317073575
-3.041180715252951 3.9136628522952996
-4.44894328473308 -6.188513828401813
7.944088848200504 -7.891736788101458
-1.3836836585353645 -9.00953787144314
-9.442178926937896 -2.6064748174505192
7.455835309462003 -4.560970179047834
-8.383503228675158 -0.8051590078988102
1.7566571955929007 -7.956003643103859
-8.748867026942811 -2.7047920606991083
7.026804356699593 -2.536803463474615
8.304527448050688 3.9361389468938697
-3.6426780601367152 7.636072073415903
8.338210961505798 5.375438951404938
4.080078669958496 8.326059076829772
0.013224773178508897 3.662365711670299
5.233769009515745 6.503551753353399
5.509766961438897 -3.4172657599592737
6.4502223533682255 -4.920576151682441
-7.4330144594211145 -7.34758365887841
3.839353130127554 7.874528924355804
2.8790184313689604 -6.6203031947247855
-1.037121790438242 1.007275583409882
-8.215645159689215 -4.630131380270015
-6.544357889734089 -0.9767940390739653
-8.830143781335627 -6.189378241571928
3.612813836799951 2.040011647984059
-2.9042163333086224 5.897942932546483
3.074526653982266 3.5835493874730435
-2.0929374640957814 -3.693603356305591
-5.180682754182808 3.77700443277746
7.986152728932186 -4.663152677595031
1.3875970435091585 9.557463179579642
-4.606216899051359 3.3723660912238547
-0.375941007295415 -4.6360895973314165
2.5636676034683994 -1.4724170804885794
-3.416467884800647 -9.20114799284759
-1.7478519522268812 8.138557980293076
3.314103090905851 3.246914085246292
0.14930081981087895 -3.7642619059759923
-3.1033353299724826 9.95067963227994
-7.617320694579924 9.661973868085653
-1.5056934136817581 2.9960164963467477
5.055676082818646 9.755502564217156
-0.956810024465911 -6.137243413913893
-9.517174637063036 -5.30968922327718
5.694215880572994 -2.141205394474637
-0.1577869329619137 1.2193050184789342
-4.791225725618002 -1.4357591646147227
-5.375026142439165 6.753351098303167
-4.233536739049242 3.8226086893890905
-2.324407022922353 9.736567466899402
3.36322403866226 7.128497583499541
8.91340013858267 -5.313441781463284
3.456506072256925 -6.968773827710349
-8.841215661682751 4.944045848362579
3.2704716057820686 1.197433359446194
-0.7514375843874728 -2.1054289246619717
-0.07045707027943315 0.18000752582677926
-2.048583126349852 -1.6744163063892863
-0.6590084621089414 -1.1086333825289003
9.689994038268413 -2.156773049968934
6.719823360447826 7.348989377122727
-3.8544111377088974 4.3026973093091865
-1.4844458116515646 -0.4206205741112061
5.788731140406009 -7.428213007902826
7.6495388457032725 3.9331075799258475
3.7474702969068794 8.275341276963076
1.4519372297440487 9.665340872369551
-1.1027478912388826 7.126816125530972
-8.557231323630969 4.745690785749586
-0.03897643552156005 9.28829321697565
8.524564059758625 2.0304495227488495
-5.111503728625999 9.58454254988721
-2.3877169168091106 0.8291287647536336
3.8500414490156167 -2.000446349771668
7.520820285740694 1.2590030062833826
-2.643370475901879 -0.6531701475938867
-2.9626114798928675 4.70441969619314
-3.09158742368576 -8.259123514696743
-5.661868272666457 -6.000134952834304
-6.436751949455342 -2.5300020369731264
2.414342961143088 -7.053722874962672
4.688232120284507 7.885575064209981
-7.2339789785700725 3.4310383677203316
0.1780747943916552 9.21756971608724
7.276996142200975 -5.461546502981034
-2.8913522911516214 0.8072055630321593
-2.5821196913420597 4.484961800448858
-7.391648742209751 3.195703039204652
-5.071974899436677 4.770090389812065
-8.845023596752847 9.077911888234468
-2.4414949664367107 0.027566726265906283
2.780598477239826 0.6712332212267924
6.773020722749109 0.8431157612567368
8.32962668720674 -8.17097841026727
-4.414798848736119 -1.7944965918072455
-6.747845065639666 -6.599982815663861
-1.9483297626506797 7.833619651293201
-6.588028998616345 0.6602597662321514
4.965757297624879 -2.9703060000665698
4.619998505568406 6.9036369501045804
-1.9242419550727892 -8.28664636963688
-4.923403066582743 3.65689603492093
7.710659395623331 -4.901467889510391
5.816226489597717 5.226110883226465
0.9049038062899548 -1.8846524328347591
-6.837878453547663 9.3452963787295
-9.072503098610502 1.536559389270879
8.528133630261848 -0.8062993468546225
-9.144113093146991 3.3597446936457853
9.343659328251523 6.8619192679352246
6.031033676216776 -8.869713763450973
-5.104924446242094 9.812335400098863
-4.794809865159255 -1.2638894221635866
3.1791007230369104 5.2496141624883315
-1.1635625928084625 -8.411024425872938
2.563385490795749 9.993371166286245
-3.680490797406959 5.992223037682919
6.37908873139391 8.864982685357642
-8.43749556328969 -3.5055957121118837
-2.690870014429281 3.0206844990405237
8.67417962005398 1.6716909552994927
9.890895283116567 4.591725451333026
1.3578328994450022 2.6373085157902754
9.922588354483587 6.267193154001735
-0.3108883634546533 -7.838030598005814
9.982543151552612 5.309413955667777
7.473311414760083 5.1405832006464145
7.180085181252821 3.4178215373522747
-6.5459331706922175 0.6608040980056025
-8.294012088932652 -7.33620689084197
-9.158201008425952 -6.219634292716714
-9.661970827268092 -9.343600031897761
-0.7306263670070283 0.7591163732805146
4.589255099409186 0.10518806174657414
5.76998031082776 3.871755867216585
7.351737886265607 0.35757322639940803
8.373830324065224 8.4894962012544
8.471909796097496 -3.347339397829643
0.6876344702846744 8.565365379040408
-7.302022978922085 -4.053808374067858
-0.6015818097235144 -7.109595278775098
6.114242933126409 -0.7502097720609449
-9.830654229589669 -5.874058012309384
6.690817002114695 -3.096570510809837
-9.121258847787404 -2.80727949069756
-4.836792718940512 1.7316371612760317
-5.18791880547046 6.138363379738124
9.526314001261436 -2.588990443798602
4.744429775114359 8.646792531865756
-6.359103051183396 -9.654431449787706
3.282715876436356 -4.799530678107247
5.671079840739878 2.648164332710836
4.96401793447497 8.84948078540361
0.9253801304743785 9.020082663503267
-8.228262412683582 8.041201307986348
0.27724653745016603 5.712270016107997
-7.586575187754672 -3.2233004036464212
-4.426655002229873 7.857782312821001
1.2407899329488572 3.5621322405604907
-1.3276343660956726 7.332175163792087
-5.759532996487651 4.952867959665639
3.819021726324989 0.7852667049633855
-6.557511719079995 -6.954164057251557
-0.589704573188838 -5.796879248144453
-4.51077511398225 1.3643589188211642
-4.085863860224812 4.797299029199866
-8.37955315509278 -3.1233584293087313
-4.095605798866872 -1.3545808138821425
9.868742810062088 8.059639271692575
5.585511865473972 4.785088888070648
7.132520489723099 -4.968885218549525
-1.4533640681312434 8.02627522776585
5.693327924419087 7.116825058706375
2.9471534291813857 -1.2557299025486923
3.83564165117075 8.590031167404938
-9.176298802479252 4.944044561893817
8.478329194859192 1.467391507321702
-3.802388610591443 3.1766968934569952
9.699513840830935 6.081881187339015
-0.5069216327365993 -9.479907049184613
-4.487318217810634 -5.795294952606335
-2.979394459130205 7.421325771625892
-0.3694379345884826 -1.8005452365265402
8.968528747855295 -8.084679097623441
7.06600141854663 -7.297486413677778
-9.612198578168336 -6.6812185129896084
-1.1515871670326465 6.6019181480928
1.4233393596296313 0.9065208366131543
-7.713610800025387 -2.0712278812911933
-5.556097920991436 -6.777293218232785
8.735481437726957 0.7070724588261275
-3.5518977028224175 -0.6456446523148056
5.470581627396401 -3.878902960164428
-1.8269064581968486 5.3941687561948815
6.925777527038331 -5.204462210576207
2.8683067771103428 0.48424141477230265
0.9561516316548868 0.45950520725547683
5.943686120157537 1.7372696479155376
-8.232459383660963 1.9927468360698626
-3.719068317732958 -2.9916719409033465
-6.395574261536428 3.5069702566155154
6.504527242915284 8.816896139958171
-1.3627362786118837 -1.9000793873101642
-4.843686690791653 -3.8863633904710575
-5.424101176230909 1.2713770153956787
-3.153740733446573 -0.0013836044037933704
-1.8536854416622717 7.326243495530939
-3.2252414244819327 6.64098847162732
4.58708509525481 0.5541829420777162
-8.979488010127731 9.127044519713689
-3.032284510709246 5.031183951689135
-6.290793887690804 3.6309282068224995
-3.2026695443011333 -4.188823678021358
-3.2945220357557385 2.7540444867619556
-0.45082626049391017 -5.822744903765951
0.29065264926872736 -3.0757435837494125
4.9587470445464294 -9.025114030968906
5.882113043102521 8.198026352641744
-2.9457560807519734 -8.92462531033432
-9.710622505175245 -3.8955981191235196
-7.57750096154338 -6.110441724558557
-9.492198068802342 7.620403325686567
-0.48783544553976377 -9.797724568234848
-3.482851829980797 9.254692876225786
-4.796507905153026 -5.301491456834091
0.2661813869828187 -9.621608131691362
-8.460552047819018 2.776915327212201
-7.597664734399235 -9.418029877638144
-6.216016398679085 -1.9051966495204482
-5.775701986981609 7.1892739559044685
-3.510171455554718 6.910579409815881
3.6964578930656806 3.3238644704109728
-8.763586619977008 -4.33515036897838
-1.7666073328591096 0.5134387630383586
7.376589360694016 -4.704949540665573
9.078808851835532 7.0516290506849515
-5.181737565352291 -3.4198118636792003
9.035884532705552 -1.456867809140224
3.264053846478312 -7.005022159512782
4.194843072989416 -2.081860311773407
2.0148936627815317 -6.607429115446639
2.1545954335709823 3.092807112463454
-0.45799651884910375 9.533523363649053
9.00395127682954 -7.192520925134371
-9.219223407839717 -9.596286681205271
2.474063078463704 -4.833856962690066
-1.187675400251882 7.597163492736154
-2.379320450406399 2.4563234153374953
-1.9567705964599487 1.098557188156498
-2.051900276340543 -4.773107555540291
2.2903487133956375 -7.851192452613567
-3.490947541563594 2.3013277776992638
5.97992356375898 -3.637127726699383
-8.321204426482238 7.864041416338985
-8.569407660823064 6.170251372669181
-8.055146493991224 6.469701136323419
-6.821573544996573 -5.8393876982685615
9.386130590972794 9.02739929924034
2.482544714385611 -4.913520186113962
-8.25709657690409 -8.24069810542515
9.174339416022939 -5.368744662168461
0.33272561569018144 -6.147415927552327
-4.12836992579618 -1.681082099644124
7.388948953536101 -7.27442210016874
9.54700542248142 1.8059671569257336
-7.5772497571567765 -3.683011963189693
9.290663075837848 -2.0729795636732256
-0.15749962387729788 -7.844284319046471
6.007802785357612 -8.672475144448947
5.082831988603626 1.543230891666152
-0.756346415269034 -1.5985063022092465
-3.7036885213564226 6.89533204103892
-3.842689039652589 2.189531005456571
4.684209860836221 -2.7008138472257803
-1.1745997386089613 9.958550325165433
-7.915007160991465 -4.891180980230132
-5.166697966252675 -2.057144933670658
-6.080111622812532 6.663894366339001
-5.524344992808155 -7.9920445630479
-3.696881028593091 7.229788915003805
-5.446419253949982 2.3187014410952855
1.1204416513434658 7.035708672352268
-8.501564979112432 -1.672992995611775
8.355248711258373 5.467497473553351
-5.722076765283992 -3.18673096915989
3.3428668001743578 2.7222566069595384
-6.272591722104148 0.6129297623104879
-0.8187585793075272 8.427975924887011
-5.969777565507581 9.221951110792652
1.4006818719055296 -8.157048459640013
8.30525420702785 2.6547662036026587
-4.494723435392638 1.9216716291678466
-3.169376598823721 2.8938687982264
6.361109048586844 9.860113722325458
1.4689734519575204 3.747635224016273
-1.6015760819917464 -0.7153379900797656
-4.91621826327277 -2.7299003367160797
0.7834607053303273 -5.875443010941092
6.693533591567686 8.086448559768819
7.397958076847303 -9.321964903322568
0.8489659414044386 -8.87961016198676
0.41063913399593766 -9.19149762780618
0.9904985297388862 4.75416815128834
0.14988316119660539 7.059578139425643
-4.0839072178893225 6.89400521508999
9.68215520072825 -4.755344770954693
-7.051444042228232 7.404491940022911
-8.697405489741787 -5.421532238982579
2.3803237116066747 1.075434494460854
3.6467996485860628 -0.5630501725412813
-4.791207206682864 2.533312097456621
3.68871686692046 -0.7554484600150673
1.8263336435028243 9.53358389316928
-2.020820046374096 3.698403694326661
8.095487167765814 -2.842598947958928
5.911855986154821 3.6755230020060363
9.28749396888276 9.3579653587421
2.343645802297038 5.119148333965718
-6.167190005076035 4.379981444993611
-9.843184125356967 -1.4325400705924114
1.4257673437303495 -2.115986387541531
-2.4904817979933425 -1.303336731859563
2.448443954523505 8.044214272532933
1.9461509798408443 3.1633886094213874
-2.6649738693619334 -9.307315673242407
-2.8385583433550154 -9.26951840516316
8.575929082858114 -1.2312717035989724
-1.544385334548581 9.384711455620028
-0.5447378083519556 -3.144505375223579
6.59410374284613 4.120024071312622
-9.642325114604143 -2.6484626469611383
6.881396594893783 -7.766127538164403
-5.7526687996983945 5.360551663542948
1.4415414518989174 -6.700056092791327
-0.980590687674038 1.685066113709679
-1.6790491581362623 1.201106565766711
-9.397975899317355 -5.052414102659943
-6.453957969699813 -6.228333036874396
-8.051396201269899 6.570134722504552
-4.542765664286222 6.446587355887722
-9.010313424587626 3.1212760278672356
-9.905130388422783 6.250327411260564
-2.503455714158034 1.875994156315823
1.05323546732156 9.547871657069415
0.9449019449652525 0.6763902717480512
-6.339111212008126 7.796397468517725
-3.186273816855005 -3.4367359897148013
6.488840026765029 8.869677507950897
6.628837709264236 -4.6489401746791685
9.127377151935821 -8.78469809734648
-5.630056531590489 5.729348098647208
5.320061425872687 8.019704073781362
3.8871861527095284 4.238170714383486
-0.7117911346475125 4.829566666863361
-9.383004746496244 4.249487717610286
5.08203438428524 -4.561978162844866
-4.705663798190054 -2.377113773725295
0.3747502276878478 5.964434895118298
-7.954820010692474 -1.7029652990349664
2.6707569456553344 -3.5121752840564273
-6.013894673683597 -6.421985084392268
7.023789886148329 1.9799095074023327
1.0650465864303005 9.16478236331859
3.49118717198243 1.288149809478691
9.1743257419243 -7.919835149880486
-6.087964598549906 -4.368405742955897
-1.5303269157624566 9.300249313393728
5.56422913201512 4.042584357416363
0.9061763545209303 -1.5849597848924208
-3.787459390601027 5.691102251191877
7.789781096087502 -1.722005414109793
-7.071249595269993 -7.258286410276531
7.762834679987382 -2.5606438752853755
-4.962881271888531 -6.935895090543691
8.995489417994893 3.6881919645707555
3.6202257348367617 4.065875165515285
-9.760312514327058 -7.094708313809564
-9.57374481518693 2.959681620581744
-1.3281630297351494 -3.7916038780500187
-9.545199613157076 2.8534257730938606
2.920544112050072 6.231084160511017
1.8972334859641151 -5.651883449356059
-5.074886944795665 -6.786439990540172
-8.767988350475111 3.425697874000896
7.112769831256603 1.4106796495240665
-5.215373117568194 8.652715023660406
-3.768805788009171 -3.3376962299886497
6.553010805157076 5.49733318719062
6.843781327880539 9.004875962272731
-0.80050970246171 4.0807897743969495
6.578432640865191 -3.39922996484173
4.469010866576612 -7.239518487761043
-6.776889695563697 -3.7765466545751725
-8.799474584476743 -5.8942260188321915
1.6802542907365297 -9.448243226504655
8.763527503491328 -0.569891010122582
0.7044955282061913 -3.000064145315749
-8.882041077149939 7.686441698128199
6.890953214265473 9.260768955339458
-7.468849342890975 -6.386209455565219
-3.396485278291972 7.2522741375919
-3.7714346852120535 -0.8350830933808027
1.321298016841519 -8.246101344725197
-8.439886947625801 -2.7315557018196284
-6.6075149497201195 7.270802268630305
-5.453914680699022 -2.0987793741757743
7.9359628406560105 -1.2237237533832772
-4.408970941027257 0.9284941705761369
3.7577157114927893 1.6890330993963314
3.7566139456193106 -4.745269244358646
-1.5329409050820715 5.002685088677888
3.0373595437965903 2.2119040384317152
7.108448581044907 -5.030989043000189
-9.881220234203115 8.428400444809988
6.118326908258716 -2.5012138731854012
8.11005038784521 3.8730566941178868
-9.27405146662428 -6.502006252741883
9.071347771552524 -3.582362332064375
-7.107899342783415 6.053956474026869
2.91813393954801 0.6046452993539102
2.7836671242990683 0.1421018081151999
3.0280456196285677 7.212091604705655
5.465962625802401 -4.947236102737536
0.4716058612636296 -6.556499752143061
-1.2672999517789272 -2.358078973491338
2.545025044199871 -5.114304421081282
5.396379517217426 2.481602314887139
-7.386985435526956 -4.032561172156736
-2.5338688495243122 -1.3471313264201417
-8.959767587804459 -9.657315033370931
3.423638290975081 3.503893791447368
5.210562148824788 -4.2743979517236514
-6.358306349339986 9.2844263736032
-5.944494909345373 -8.984190392943038
-6.047062473355503 -5.167559523985199
3.8093061186362487 -8.448805606740411
-5.685197840014304 -8.512456269204163
9.101635399461557 3.7575268745153867
-6.0057263382838855 -6.1051484139290535
-7.180548227491106 -4.576422172268382
1.1163825550900626 -5.519473869600546
-3.1855515125665974 -3.8274203769873623
-3.3010453034182614 -0.8981777612820459
-9.216861188721115 5.413381038169083
1.9385418970380375 4.236893843339908
2.2257174713847796 -2.1682088449682535
3.995679679671589 -1.8441553326675972
-9.507074295480848 4.8684524778895995
-9.046179689951613 -8.839203238205524
8.74613114916366 0.3978158475251128
2.8611569630508455 9.804366173347702
2.5817893993729832 3.447722937195053
1.9197316441072125 -3.755761620425277
-1.1570324712604947 6.018764220926414
-2.067392991267896 5.891163102867981
-4.251592713562644 -1.5841711220786259
6.53003301040637 -7.989049289975201
-8.830005762035501 -7.8390061658287635
6.405547691821425 -3.205507893723447
1.8909957318465977 1.6230433892000065
-4.747122635376408 -6.265839453568455
6.338249053641125 0.3358465300943685
-2.2661034547889303 3.188070070245473
7.581577622952185 8.323622126453646
2.547488937617695 -7.492556331836897
9.865173841745854 8.031351036039204
-2.746320034550629 -2.5623264152236436
9.320049933497607 -5.848617185155158
2.4862704713830386 7.843465956837569
-0.2679888768153287 3.8385699614197133
7.245808382458549 -8.343072592084045
-9.12270603425319 -2.145875027252182
0.967383188113546 3.711797063732119
8.182747431796649 -1.3534817781745012
-4.043271545357143 -5.462696394602206
4.807022505610307 6.244180701946988
5.043502501179642 -8.237048845049209
-3.532846594082506 4.229669533754484
5.263116297172292 7.749402764740751
3.683681158352371 -7.1657428427715235
-5.971490384013311 4.415331489081279
-3.4078374129284477 3.346782484811568
-6.250735872162984 -9.645716613475628
