5
1400
4.618461847225422 -7.481970587870245
-7.921525737430328 -6.951860241048009
-7.992015538405372 3.543878023038758
0.3865369447651581 -8.868732972672719
-7.9441999337278535 9.41106912330656
8.475361630477476 -4.631595664569295
-3.953452449154171 9.002787560178998
7.418868250855908 6.01516065197065
-3.7011736479776047 -2.515891563126975
-7.5651345204078835 -2.2976320517542437
-3.685253989122339 7.780968352529605
-8.911374800000543 -0.4688893242534924
7.075980117877933 -4.500688917957508
-1.2263008835280402 6.218896775109368
2.230802609825089 -7.9550503448177246
-6.50843763385021 -9.906684739129652
5.407123449817423 -5.756768383302189
-0.44008860485486423 -9.498312841334693
6.5460339969785934 1.4965097906483074
5.794751856980813 2.6325306536728306
-1.7048523353415845 5.427845767308412
-9.508483714394234 -8.33957384313676
-0.9792220189178416 -3.279048199997061
8.213052458203268 2.2006792943348135
3.861608732628641 5.791531780377605
-4.992070374857387 -1.8336971340984665
-6.449694778180721 -8.952172299666966
-0.4901038139908884 8.414871652486305
-7.947126407159535 3.3642520344652276
-1.7179496256669253 -7.684225276883003
7.377120238081112 6.587882761478351
-5.1910272434401055 0.862182019458011
-5.784716548583626 -1.9168722280602513
-5.385309436358785 -0.3457250452958256
0.9229563840601589 -8.567341959061478
7.031962342864379 5.074121897097157
3.6226371116786886 -0.9650475109329637
-5.612334208852509 8.920563465901473
8.075568084416624 -9.929389154648396
-1.2152078758252056 4.88090797740205
-4.721044492456372 -3.056924365604104
0.31324007631092776 -0.3641609771353398
4.171899887823564 2.9748673631635505
7.482831257191389 9.191377041902005
0.6199411379177651 6.420817010029072
-3.5815475117389406 -5.996336411190526
3.7023372294557895 -0.34976905115648194
-8.566239174914536 3.889367365843688
-3.4862394980842737 -7.987258719619669
-1.4059086727341725 4.134757752755753
3.960245242076713 -5.2886748751093045
-8.533174997727864 6.7538683910297195
-2.006422735776181 -0.9303802612746317
9.464276961211308 -5.66162961393106
-4.773495281385944 -6.129592689404168
5.407415339344544 0.31882488098950645
-0.9330772135943093 5.163298708897081
4.3643456185822735 -7.798056774556176
4.209478190555897 -9.497467640812179
-0.6147014919478071 -2.4335870078629585
-8.938557687879378 3.143145925893238
6.0844099226973505 7.947631039800299
-3.8598439015643127 0.014160304574204474
-3.6266780576274034 5.825349856516313
-8.414167697980028 -0.6613497037627987
2.1913589226912737 -1.368642707071574
0.8137137944481196 9.21321690958343
-8.999145990893611 -2.911193608087479
2.4314510389003416 -3.8713543497750376
-4.504335639436572 6.942077660773208
-4.476725344176071 -3.7770721427697707
-0.7796114844533797 -0.47877381201953106
3.3662821400419833 0.29505018503207125
-5.762098733972554 -4.053495030892435
-1.273465797163686 -2.5352355272505855
2.5835242885924554 8.712953231486892
-9.922605760705594 8.94827236690292
-7.138992930417292 0.651442461853847
2.4840600624252644 2.3471616255021317
-8.389314765885192 5.143666675359732
-7.2296465920675335 -4.46167629918725
4.90056233100789 8.268035134308146
-4.676922949235935 -9.654008534796002
-9.046076437697588 0.05985466249355298
-6.282531570557279 6.786400426097433
0.7960985938755165 5.640790452738267
1.8929918002204857 6.468154609314105
4.338433456514473 -3.416831703646963
-2.111058851316214 3.5758402610350295
2.92166200657066 -2.352862256968855
0.19424240160398654 7.253255045387444
6.352564911090916 5.736897573731564
-0.22015014157964785 5.9765872165341545
8.45743939392781 -4.000246238901182
-7.52481673708314 -6.654868022759841
-8.937489791868583 -8.82424964126326
1.792991884159406 2.6101933215762365
-2.3795807599488983 -6.299298640938487
-0.5107972712986495 6.108337404156067
5.9232117323261395 -0.636321707438551
3.475296816033266 8.302487611269672
2.3070034843029354 2.8830255462987253
0.8526058543976038 -0.0017106224610703435
2.2149287139389884 -0.9760859781486921
-4.941264832935217 8.069598024666345
-9.190123172647986 9.995867223462302
-5.500720628801455 1.5138806003594656
6.218540452519907 -6.07202548313817
6.1880271714217585 7.543862774836889
-1.1854157422771134 -7.877486672895541
-1.4700753248003569 -6.710890842712558
-0.5441846372154195 -5.6660342199470275
-9.243554904992816 -6.396490922061549
-7.4714659847233955 7.2772672926497535
-7.252473917128475 3.9675552185235325
9.446145896556292 -3.6180974570180258
-4.562096297135103 4.991884184597632
-2.686936366081958 -6.413692470793024
-9.743503650216677 0.6050006905422798
-2.748135994045679 8.912247861534645
9.454704210138509 -1.5704321774464685
6.309446580644494 2.544777103578218
4.176941489322246 -6.685077490905236
3.2124690083337875 9.542130467449041
2.0272590990422312 9.8482502102021
-0.517626992009161 4.109838048154693
9.856677677260642 -7.221031664554783
-7.4982984861806035 1.3870601077015365
5.095598482715985 3.7331034162523107
1.4004487314065965 -8.359763385090043
-6.252215437703404 8.112366622458328
-4.906317214307066 -6.4469305676855875
-2.3508129505041886 6.7858548296942445
-2.3330160681210206 7.514338618551449
-1.624553010026073 8.754129972367817
7.250418364610788 -8.934564639816925
0.5525354106896767 2.760264021677795
-2.0161408057126113 -8.078248450027125
1.5904475347917106 4.75930400856744
-4.947562479875199 -7.184606911193194
-4.741115308723936 3.07449377629365
1.9735812722317458 2.1354494826295465
2.423453848796303 -4.938208114545494
-8.775451355045687 -3.7767733302622
-8.349560518204433 5.4102575468150285
2.720673431681302 -2.7573620933354936
-3.2715566056984873 5.336291657675039
9.897673421849863 -9.549842881040389
4.836857361036673 2.6547386514129823
9.692940450388818 -9.327513287130198
-5.261139516625876 -8.648436745125213
2.646286341549125 7.584833033426307
5.9237906622936265 6.61495648156172
-0.6060365901282303 -1.8828249909388983
-7.937332578796923 -7.358665312537398
2.3787884775657453 -8.635078479151643
-5.468043705571728 5.777423206196213
1.3564961872586743 8.36412018204792
7.799211732155754 -2.2163285104968766
-6.3032038055941575 4.758546582365851
3.4584403019727255 -0.2108525273345041
-2.177605493240713 2.430907234251407
-8.465971210718637 -9.319605038335645
2.09398431677252 -1.5420895320951349
2.487632884865608 -9.121904054255856
8.29091006381799 4.767714120588396
-7.93782150071634 -7.150383889230454
-5.347764368730834 -6.408112865888982
4.452481461905855 1.4353701331047635
-8.018773408920447 -5.48886399858522
-6.818084440798562 -7.469905499452237
-3.6230541733521378 0.6141042326702646
1.0706108015444826 5.708296301933817
-0.15170541336662957 -1.7578754761117548
-4.283532903688756 7.346854092985204
-8.679646909701122 -4.582483135297495
6.075242215600515 -3.477567685036549
1.6362281941886696 2.506658520342171
-2.382872004091327 9.50197085504481
5.918601296584185 -4.009464183285134
-9.327884751630178 -9.36710534182631
9.203812262879936 -4.89257408397884
6.115204956140591 9.7080982986764
2.6718938449433676 -5.141297295080132
-9.312501596944847 -8.29910688891112
7.950571818036913 2.3184059759928726
-5.199821271383954 3.8092938013782174
-2.0383488885312584 -9.664963958709588
-2.1374910361122197 -1.2868553582759272
-9.474977566984881 -1.9122047413621264
-3.246669173164509 -3.2021827641215346
-4.874401477898804 -3.561876399910786
-3.0484769948921926 -8.210073892629648
-3.211835398508036 -7.21520408807563
9.137247503539683 7.4848857465400265
9.388946840925016 -0.729284561885482
-2.01724117891594 2.4589728079334137
-5.790142182455704 9.742470607852827
2.1132870422282775 2.830299119109492
0.03384108867402702 -2.996161546378781
-6.338834758487408 -8.880816056919034
-6.810694151267434 -5.6157491816933565
2.2879190469112505 -2.3370723521303844
-8.146840479171047 -2.973784055667128
-5.612992122580314 0.6501129582571217
-4.879555952525116 -3.967736166752105
-9.936303033549503 2.8212530415179433
-2.7380958212293915 8.11248771087702
5.268779190427695 -7.385484973457157
6.735854103793109 8.694309690957787
8.067764500231 -1.4357631673470443
-5.854577378873542 -1.1200271718955452
-5.429250480849561 2.2149617517615265
-1.8871650761392011 6.172229047998066
0.04060200200776798 4.674862669433521
1.7910551540103743 9.14168472973899
-8.085765656685904 7.865120618719811
-4.39918938969665 -0.08284699519859018
-7.0553819662118205 -7.378232807907594
5.192857872945208 -8.985860187503658
4.866779815889364 8.416773056945129
1.861987265560991 -0.17075988165663425
-6.663731925510701 8.597883647970534
5.742057168288957 7.188245986682027
-7.340510849113873 -9.547247648068256
3.8816807169730723 1.9425611071276911
-2.9782791502316908 -3.93728039807991
0.30067203584494884 -4.2513101362789785
3.253350581209844 -3.7800870363268757
-4.691555753311258 -3.2423983705068915
-6.073104036679813 4.922437035772367
6.618895046358013 9.590038490763646
5.85718117097462 9.876427607540208
-9.658477152694427 -2.6330580559557877
-6.752876025853547 7.315294560040282
0.14951387951832373 2.124218950220566
0.8537735441552243 -5.794399058494035
-5.02353478820474 9.111262310068188
7.129628259925532 -1.6667183635957006
-8.36651073310366 -9.769222105123
2.0643232186922162 1.0158604597219618
7.809432827816391 -3.286083029934641
8.515829144635529 -9.626908137291165
-8.527849523730971 -6.525282549926872
-7.783346655062438 -7.820457705324233
0.3516224320420669 8.764690511735118
-4.934341195954291 -0.5542823087949529
-6.09691063301028 -5.108893219725594
4.757440248079526 5.799216074959011
4.545186669539309 -6.1220183697007275
0.6217124916808778 -1.0165505595374853
5.975282942323837 3.8710700526127653
-7.777733232383071 2.8381251184113196
-4.57662885082007 -2.6741667237133733
-5.344682979046573 1.132768647808577
0.6967359430190889 -9.698243322499032
1.0665274111730323 6.406187842847544
-8.182793113250728 2.8328229463771066
1.4778132986055468 9.128818822735635
-8.468538901805722 1.9321727138473737
0.3693719173054699 -0.4127322981434549
-0.19735432135450814 8.702580112321058
-5.016682570827626 -6.496949948789799
3.2770954898461966 -2.2992461550630505
-8.897347306149578 1.3007120444561657
2.9518566775959627 -0.7607504652204504
2.6555139691678207 6.216326637108413
-9.86189590477769 5.8924289341116864
9.691999388518372 -7.9092855371544175
-2.830328072878605 1.1121732631641361
6.341582587552644 -1.742295936519156
-0.5192074040472505 -5.440676617111451
-2.1471985552398554 7.311543902533867
5.1615285006394345 9.485782908758825
-4.514209553838913 9.56617573998955
-2.8604874165522487 -8.37009975581104
8.374470739176889 -9.866797990328838
-6.61870129758465 -9.622361293491512
8.827912907112065 9.844600587164368
5.200985983860589 9.725946084619775
6.155092558777206 -3.881314801063221
3.462419168941844 3.2271373943859167
-4.7508452229884846 3.0964778154695622
0.5070276785185435 -0.7434371534345203
9.292333899189288 -2.2092008811688713
-4.440185609401781 1.3912142849557778
-6.230466374245989 9.909085576432819
8.85747284407212 0.8963382527396995
-8.923743392059736 5.1801878700270905
5.018080193425018 -6.442353072051734
4.765758607472822 -6.357319389898938
0.2683886876130881 -4.370635079842722
4.92584605644732 -9.410757959699868
-0.4370916322923808 -0.5973102980971507
0.04984896063038313 2.634656776508029
5.832722615489924 9.093102466533022
-9.003929680709719 1.3146175794771686
0.9541258999577096 2.947641964595265
-9.220057629629038 3.4776326368754056
8.544062128664677 9.979333304501129
-0.8028104438784283 -7.049394370976946
-6.200712806143311 -4.119534958972199
-1.5744492708018925 -3.958131030765326
7.885204048408898 -6.048889306665699
-9.309366044207215 -4.265506639560764
9.506933818857341 -7.207323257960214
-0.7259834764604136 -2.308543598049246
7.833460678983645 -0.6247968470891703
7.886039373421617 7.359420752234808
-4.2286329987523334 1.8665324958788094
1.097929983168818 -4.43364355530389
8.976913465293887 -4.421504085029908
1.1474700883625601 -2.9126084043442413
9.950209985472522 -9.946891611060952
-1.6974704063757144 -2.147946104192906
-0.4145192366500172 -2.98732578410368
0.05137225764039677 -9.540883125043853
1.0576487900127685 6.123789096775809
-7.779731229842404 4.290933473212064
6.574995217168784 -9.594252469687177
-5.626929755004737 -9.742006023003489
-3.91949903871091 4.865258047602477
5.293495766408977 0.7430380242828765
3.7200713424627363 -2.911082452773206
0.9848492077835722 8.294129556277515
-0.38097156734617954 5.009529880872346
-4.528975982717669 9.413026483903948
3.7766616612678483 7.9404641657917665
3.1944652636080306 5.735789168281393
-8.525259155554172 0.646891424388123
-3.987350964307945 -7.997539316192112
0.68828683882173 8.109885709127148
-3.7502556895984407 -0.3705162296737221
4.848823767945262 9.105359362647711
3.2388344957951247 0.4210554786588787
1.4204561195604093 -2.8981298925372627
8.449300078487362 -8.199455673023747
-2.9830773757183193 2.404330741943191
-6.032369647350317 5.648039652477765
8.733227001167087 0.32983055988643883
-1.1622632593683804 6.370488323513758
2.31024873543978 2.211550946915846
8.144262194497998 -0.14695229618078187
9.189188471723998 -0.32140298097531783
3.7620459308446463 7.04066864246386
-5.738259632512868 -8.117547178829236
5.435759790080754 -9.71137879716463
3.0546983963659216 0.083460856371806
9.84335996951652 -3.942592583139815
6.597232444318482 -6.981174387418376
-0.05425683628416422 -8.363886052513948
-5.567671918747714 2.278151805931877
-9.941509126544032 3.2486370086616905
-6.448334885071878 4.687045930938254
5.511970382662497 5.2987182209002555
4.2033574422661335 3.982691576795421
-6.186557079731784 0.4372026687376511
-3.6958588758517497 3.767401393208239
4.27817217753385 5.129313708754815
1.799418196365723 -4.079164796274459
4.544532179808932 3.5320527215663056
-0.8318128889424798 -7.893009260380395
2.8903200078525426 6.763828237359515
-3.0996402984668965 9.606591198956195
0.296731257041845 -9.13801950099444
-8.51975422428572 2.4006867161492718
-2.184450407909317 8.699628650503659
1.9051571132298317 6.76572877445097
-1.920044571552113 7.9801544568564715
1.4217948742857178 6.938769428843294
8.124203944609643 3.2529457028661675
-6.879394015271501 8.462036558408023
2.14586586592066 7.122032845598643
0.9614957134052062 4.523874525046423
8.920208980197522 -0.4923722608041725
-0.8054311136736896 -0.8141841197494131
-8.314549364016575 -0.39147532752981284
9.596062212635644 7.421041871030834
3.025921170279771 -5.905939769353193
5.7787892332639235 -1.126812071556218
-9.843501135383892 -9.252444012531601
7.461753798866948 7.596468318534313
0.09549485324172124 5.4230264266773425
-0.15360256125879168 -4.8842261635810535
1.5140816189619457 -5.810891307525368
-0.9737163356261647 0.026307684772238105
3.249924943987244 -8.580222028739822
-1.76910203703925 7.132445385949811
0.19296347511501466 8.51190954160019
3.4025892933239543 8.687820741080856
-9.47742185392347 -6.277550728297038
-9.660868856738249 -7.745939088608484
8.470040097481412 2.5811811350962994
9.633731143302828 1.4910507844811338
9.077143602869288 0.27643713463889874
8.506132153664506 3.726985077473053
-6.160039416343759 -0.48594795301420923
8.623240375789297 -6.714928357576819
7.781029221248161 9.893438731128953
-6.270854552933123 6.558571681769486
-7.986858330746552 -0.7131279058242761
-1.2579512674088633 -4.079615529151992
-8.819098477336567 -0.594609733303102
5.273046428613826 -5.81657833582703
8.352121605745072 7.831104075318333
3.1130480291529157 5.31943150280984
-5.368942426758232 6.222115883807341
-7.496319882631486 -9.170492601572935
1.8685738643764402 4.618023171117818
4.730855581815289 0.4966113636880536
7.759969441163438 -0.9454865652423265
1.9228080816108424 4.364980907406956
9.301755560345242 3.549810484113454
9.205635427384578 -6.315562393669731
6.077944326113961 1.642686515875445
-4.73297552551376 -9.07691912859641
-1.6205754864064108 -6.771116263657984
2.0377689696637233 -5.135159246927142
6.512633156076795 8.227885499930359
-8.133678478940528 -0.0447306976068198
-8.998514489239886 -7.015551580760498
9.708896601868211 5.923189367468829
-7.701695663263067 5.850321238844325
7.680723545462648 6.087206819963868
6.250385272514013 5.0749917219042295
9.53800531161221 -1.8524307590461255
-2.9448636332003293 0.044054969267461885
7.619697581500986 3.16710268960966
1.078530768803713 5.885772922764762
5.160897136560063 0.6807067017716726
2.8129655603207198 -5.155808461799143
9.409185534832321 1.1976650235083763
5.2897097345801765 -0.5220044366270891
-1.5338942991666258 -2.8740191159040123
-7.178048082248198 -6.695263057366736
8.511678284189745 8.35640050226948
6.15737157255743 4.681244580502227
-9.159324637127161 -6.976902225731658
7.939739343445908 -0.7448964168354077
-2.9744624405317293 5.70261560664807
8.00368803789453 4.844890742567445
-5.384499137089708 -8.162221197537459
-4.4109056541535185 4.479642832210731
-0.08117745663073705 -1.7749442625076934
-4.747990591344027 -7.265309504372832
8.654490008585459 -0.863308803072389
-1.8463108482540136 0.16975220904845933
-8.735642796056757 -4.471259372712715
-1.2118596501887318 0.6652730664966846
-1.1337366346697042 -8.046810353190052
0.6484131523786285 -9.164582410947821
-4.201905735585594 7.89215841874795
-4.449026184190821 5.261268409012125
1.4712687297970675 -9.197879037865507
8.435612564561179 5.352484554637019
4.149558123736108 6.644547494854361
5.354325929730379 0.8984126348037762
3.845139990735005 -7.136030305399148
-4.61468075441373 6.016568189564062
-5.059686774121501 2.7467132495954374
6.684384803190692 5.618594477123471
-1.4412307055295575 -8.460672469347772
7.178394986274903 7.4899508222561515
8.10333329282195 4.818986185913271
-1.5411296894271391 -2.759449541455494
-0.5178373095146718 4.914925206274896
-2.3087831645756607 1.5277441137640846
1.181410099058759 0.1069208343795296
6.822847193514146 5.432256142743688
-0.5317694364770418 -6.757058968926257
2.011523137221676 -1.004327508383227
4.712965171263942 6.531322357871527
7.743583365372494 -2.142953465145463
-6.213655335597597 -2.554679246890257
-9.595681385338345 5.5060803527044975
-6.6750109852996715 -0.2327822829482038
-7.461765960361728 4.245244176815584
-5.929892363940493 -0.6987916031193819
8.056718438715937 -2.0965180375913413
2.6062501876267277 -7.1789971271315185
-9.0952874978886 -2.6239282666979697
-0.3949688531221973 -4.16722442503505
-3.02276344466621 5.581148062851183
-0.5112992632793443 -3.2751333910674774
-3.961771309933706 6.400990164140936
9.39562765792499 2.206004162639953
0.6660273283733673 -2.493170725196789
0.46412262064356113 -0.41143979280455056
1.4483833574430687 9.315734421048415
-6.440228233915047 -1.5470517021361445
6.963587437703232 -3.3580488439504297
5.373285998383858 -2.7698540789853947
-0.7787783635441983 9.255363094970566
-7.21132557534345 -7.97109549362792
-5.14509720711898 -3.219371876856494
-8.315961851384639 -2.8975900758270896
5.316908743929547 2.0955211141892427
-9.205894315182295 4.951718887314939
6.251827006728423 -9.728272457298807
5.468153457242863 -9.295547540490878
9.07195956673273 -3.841227200588957
3.359106324454636 -4.011557408766491
-2.582807295263157 -7.472070445697582
-2.979620935419865 4.545021103277161
0.23041313502329253 -2.3967699302874657
4.293881972340927 -0.2566824986010747
7.203095230674176 2.390940344131277
7.541627640597351 6.255739065235552
-2.962625101316534 -8.71660638220238
2.044637462904708 6.050422443617894
8.763290103903532 6.713889613170153
8.844650046201672 -2.349559611234713
8.223521005964145 -4.354989765716619
-9.89049089055669 9.552615931447413
-9.27863761229366 8.567362427901884
-5.125878276924873 3.9234155059124767
-8.711293775302684 -8.322838711858369
0.15690002521634483 0.9420177376834342
7.029061395134381 -2.328467525342086
-6.061790349427816 4.717279368312671
1.050001208845936 -3.4461145482667943
-3.51728620701415 6.29859752263339
-4.215117303050706 -9.752083557224129
8.736482904058786 2.988357837146175
-1.0012417658764345 -5.752078726578134
1.6984556458978144 0.689284251128548
-4.178203459184751 -9.837259258286215
6.369106994229018 -3.3892138044105398
-7.238247028211866 4.368892095532457
8.815934158825709 4.39144923177458
-0.9776601074841 -1.6054454701308494
1.8527212315548773 4.936785043526658
4.903320467409271 6.331751419883368
8.601162953306197 8.815800792076256
-8.54046055286039 -8.10193509605168
-8.678772660840803 2.00738054230834
-9.303570686055608 -4.783147163164811
1.1951472998739217 -6.279656591262491
5.971130039296435 -8.88036243317579
2.5381571666250053 6.102450352485224
6.815830629872 -0.9036326318144994
-9.639886239824811 -7.513205805751384
-2.2872922074120705 -6.903178904011307
-9.40770571260273 -3.2681157492436252
-4.290394298474915 -4.440100335557677
-0.9368042410423278 -6.642718731774919
-2.7360924951493004 -6.247404034868245
-0.5669925356722239 -1.7477083100309603
-7.45709527401025 -0.3274221666529229
-5.968208903107614 7.095998515137193
4.330156695749519 -4.302596679609254
-4.405950833524173 9.901030456182905
6.425658892945613 6.781189534343611
-9.064957292913308 -3.2003856107525035
4.692088836055397 -6.533602768774694
1.8718105634984088 3.4862701496490764
8.277139555863585 -2.5534307275282364
-7.768010153426759 5.320739099599578
-0.852599110397632 9.858678384010314
1.4748315260496767 -8.636006863473987
5.335771853330623 -5.84108652711296
-3.1291665828972315 -8.557893121149572
-3.640150725019174 4.668726534858791
-9.38148284128877 2.3546703862416773
-6.296599563017513 -6.455407817684797
-7.580434185304396 -8.87600176384203
-6.806393320075614 -3.981106385715128
5.852790727177188 -0.2564065740819501
-5.21840622416589 0.7642913326111938
-5.8136499110209545 3.9300739771421824
-3.120645705957328 2.2996009824249963
5.712742511266345 9.557704021234677
8.55101874355232 -0.8243915808578333
-1.472483714527069 9.514063295679179
-0.2531337081713474 9.093961046699018
-8.540432854266342 2.0122525231595105
-6.236423683168464 -2.049392561939505
0.8088953641066965 3.01796360994096
1.9341290682784873 -5.925496370365668
-8.767664090287404 6.89430389962947
-1.621244156565849 3.7833537539678943
1.2972562741529536 -4.226032976761882
5.624560031396456 5.98106015294986
1.8183124391098708 -5.910658731903393
-5.023845462632048 -0.04119245357280121
5.820105002361373 -3.8078676370430316
2.1733413605164813 1.986781514793785
6.223630042092168 7.945390088031253
-6.510783187553235 4.780733726567217
8.584317711183541 3.0888921216265572
7.0205576665101965 -2.9458248896848316
-6.134304415528389 -8.96684120870159
7.047018757807997 -9.773950980343232
3.11028478793974 -3.7280982348706644
-3.208893987642343 -8.416883175517029
-8.975913966839444 -1.226639725563503
8.57960205393524 5.859050411456266
3.6267983299051636 -3.5998294179704953
4.707816604155168 4.665618530291521
8.50392442519783 6.944153262389122
-7.188282564933215 -4.84461615108823
5.703516968071051 0.6652387471183445
3.173384881567948 -9.988569411153247
-2.677292865946179 5.140022974768119
4.311326940125301 3.0562656330338296
2.167114159824999 -0.6068308166461556
-4.0448543339761684 0.49772821976201875
9.254112567274028 3.6545078907290325
8.27013189342771 3.9764909961777644
-3.6789569318811077 -5.539861059687992
9.6875507709053 -2.2619929677543187
-6.428375537831627 3.4878494039950976
2.254704880022709 9.69685267762322
-2.71366654235041 6.497060556290329
-2.292667608502816 1.4709594711557443
-8.541936927020268 4.607405691198299
5.937811581460856 -6.394442019078022
5.4992524024675795 5.548173123478406
6.644719375108966 -6.0413457091568805
6.812100263515415 -8.843119491984117
-1.3705352275249556 -4.558430527452135
-2.2313029200560113 -3.792652621912569
8.851139058819925 -3.8590634244794924
-5.0417051468164935 -7.846246793703402
-9.973368055460233 2.2242043174343085
1.9973863570217603 -5.8063909880551146
4.540256975526573 3.429873833143045
-8.438906965772052 2.8042519516618203
-1.288788539293538 1.7749081350272178
2.3289916939376027 -1.1237047559796647
-9.199646673684502 -8.639992467492515
-1.5195174614818256 3.4474051169366327
6.048801148786794 4.753700360304212
4.780746728761882 2.754136650848128
9.64530951002562 8.038416997870758
-9.72824372498489 -2.1503802272630246
-6.675461248756475 -1.7264652644652259
4.131173149534675 -2.6896226955218765
-4.931279781077547 -7.2733921936643675
8.795159118790583 -8.404799416180106
-4.14739948920902 -2.539320801823566
6.027135685748821 -5.172590673525004
6.741285923145725 2.664957761613616
8.843760708771669 -0.06800437737950205
5.005285708317036 -3.5350268712964628
-9.321468815977356 1.1202099200955296
8.717840988270147 -2.0676172620120647
-3.932910023517606 -2.1792929153202367
-4.571224760996704 0.6510975541256876
2.340001942837377 1.8391282118578616
-4.053873133592267 6.060900849739021
-4.191622494787659 0.1204471043024391
0.7296030027123823 -3.665710173441779
3.6281394947638006 8.841419443431949
-7.356285422810489 9.714940921295362
5.516405562123577 7.756946427068534
7.225260440170473 -7.8735395038800515
3.3360163018380167 -6.816905059123943
5.540907705611646 7.074447735423554
-3.9693550688256707 8.701256621180818
-4.15321894682283 7.075500734925523
3.1627411783177966 -9.067432195018254
3.9530001241442747 -7.650638906305918
1.0316242670421296 3.149758717303774
-3.7914790244947234 4.928041125107157
7.259527277654705 2.67171614395882
-1.236930382077329 5.270132116727185
-8.90528078908005 9.666352317523565
-7.467999327008399 -7.702045357647293
-1.500662018318197 -2.6640138668833995
-8.760646495527446 6.68034506204879
1.2572891347546378 7.429949532809449
-2.8567547918618708 7.336238688243345
5.54638116483776 -5.282397431438555
-4.561376850886123 5.395645081881362
3.1186673450275713 -5.461686954897518
6.984789325544153 -9.094685770092985
-4.622872026913177 5.721239430654329
9.902946154773595 2.6954368045936974
0.9407195667472266 -2.3315184780373865
7.913900879564572 -1.452888911628854
2.195699812734169 7.690863445134834
7.078593345624753 -6.586241122937206
2.054242532028871 4.622886225155721
3.0361305101987828 -8.966028729560945
-8.489184224231625 -1.5721322798098996
-1.5270636925028107 8.978576315949162
9.075359326313631 1.2958866372642692
-6.694671644889578 2.475466371010439
-1.914649841838978 2.5748549874497932
-2.2477409990981956 -8.867720659381543
-2.938578521870374 -9.049289298102469
-5.422927262544491 -1.520345859605051
-1.8737198904809382 9.115323571685181
-0.5996746836391438 -6.239533627421356
1.7267679099663553 0.3511294269724523
7.688752118238401 -6.2320489073110386
7.821218301580551 1.098087194866821
6.0712167023858825 4.739951857970645
-0.4479106934334691 -9.32025151404892
-8.24782765222521 -4.928632302067603
2.489284872250641 -7.714407418822333
-4.757287073140297 6.30554913168519
-9.989903995966225 -5.5725141571786585
4.131234750412538 -1.1113003851414405
-8.191648530795772 -4.554003210608375
-3.296029609071116 -9.332776070824538
4.415219769643407 -8.393263122362576
6.038696359545433 6.833317732107798
-7.366049460120521 4.622955650988876
6.220886449761348 5.598821735185776
4.617446025163339 -6.618615557301373
-8.5096055423732 2.8274726518221467
5.883246459337757 -8.137887014502006
6.005524907283103 -1.5209772110010693
4.889771008357233 -0.6851572159373269
0.38830871301953707 -5.095466193610639
-4.900402177303702 -1.3049402005402317
8.10414266032306 -2.0259682142721003
1.3390265512363406 6.023643269800484
3.7822480418786437 5.683129562163137
-2.3664102548924664 -7.781443653948452
6.716107108650075 -0.9051592534504334
9.445505050935804 -3.231430777675996
4.554064953443685 0.7522864451616762
-0.0025920320111954 -8.454651571830102
1.506675508060054 -9.817619236512991
6.518164953124746 -5.438057596619035
-6.400329406727254 -6.791074384488516
7.821660702822367 7.993209131902002
-5.9734496748681405 -0.7871515825393907
2.984716048952464 4.978577053431801
8.961580757113822 2.9916037264040813
2.507078372527756 0.15102402793840142
-3.95729887725844 2.4181435846805535
-9.066146831870629 3.7103060462162283
3.2212910912470516 -9.690819813016663
-0.251824067302044 5.523263480897269
0.9948853801566404 -1.5300191717098137
-7.94877024809537 -9.97651279560415
1.6100112364796377 -8.429805243424628
-5.2379662924952015 -6.615567098998188
2.9333682733910216 -5.128456477309267
5.863820901566237 5.140963423735521
-4.013237269248203 -1.9696361722355054
8.352336602713002 -1.3511725376486936
-8.027290392583408 -5.251618386332774
-0.47417026772623316 1.4950780040900824
-2.8185708137484493 -7.296423181824368
9.468259374491371 7.656586758370956
2.6508472346392438 4.588340732298313
5.569714809808456 -3.8269851508409047
-8.460100108528897 8.119647863118455
-1.2174244965131198 0.9799580058906461
7.663995456173161 6.60539658205305
-8.26780780242415 8.729389392519192
4.155228274631703 4.164264799933122
4.350153314246182 -3.752905614538453
2.875294601499739 -3.794502654660028
-1.0303683262695387 3.4595362305308637
-1.064101067376031 9.38079022110259
-4.7607000723681425 7.4060345150092886
0.03913962905400581 -9.489260339687362
0.40929952536306224 -7.510190054569286
-9.497939232333085 5.141247883595142
4.604639883694862 2.2792483759043964
-3.4319315010945655 -3.9254615726302884
-2.5987092210265006 -6.382927815114579
9.693861417098638 1.0610244623544531
-4.78654316790327 -7.176669811478538
-4.3475704034378975 -5.84033973255443
8.470531851742432 -3.173567480779262
-2.7888701802353344 -4.022144783651839
1.8050584773852947 1.8168694876028049
3.404404918200237 -0.6291821397542137
-5.608627587905344 1.9235692248134928
-9.870589643146182 3.3207673981934054
-5.534566115015432 -2.12184077405327
5.886611330989183 9.011924016348928
8.777055315026374 -0.17804271843842479
-7.3851549551291695 7.2805954264577295
-0.04851672587978584 -9.242072321480826
-7.745001514418641 4.910676411089408
7.229949783585706 -1.25883516229392
0.43602506615125947 6.820809452412096
3.3365115212968597 8.734507760159438
6.560099950855413 9.421349544563373
-3.9460349004428164 -1.4268300333073718
-7.7058542675101265 -8.76842229289132
-3.7950387304908695 -9.28103349477208
0.6392416987145886 -3.531386916908758
-3.3697440263137786 -1.0965830501332885
-0.021755909679084695 -1.3116311770586098
1.1094881467370215 9.878393235740951
9.091568755725113 -6.853474286301438
2.1800993356918035 -2.8653431966637104
4.1922696095064556 5.051865259189395
4.932629524508505 -3.714939429534465
-2.1005770264643875 -8.5175834343698
-5.8090192024076215 5.825327404294589
5.458401312207325 -0.3695991922031432
-5.039363582070138 8.854690795814342
5.0167318070941995 -0.6252927559522377
-4.991658979403699 0.9740324600190178
-2.3755906839847007 -2.5322105604442395
1.6194566201204665 7.045193021061202
1.9857521672507161 -8.342972341329498
5.508752767363227 0.24895446973911817
-9.38372767659111 8.091591954142586
5.169066584365936 6.3017879139855815
-6.386244826262937 4.748238733973405
3.295438221959021 8.006843037485755
-9.524995883880985 8.840990282084888
-0.7572874404031094 -6.408632086681649
-2.3047048055462245 0.3635958701403723
5.346237074057234 0.5460042082601078
0.05288446724616769 4.848173485235591
2.500199481156004 6.148139560710884
1.7624478620322552 -9.776206628976759
-4.815115166626072 -5.829839657771156
6.813317849166836 2.712997652359384
-4.749840085295944 -1.7498727703752888
-2.130109680875618 -0.443831377977812
7.314442570064834 -7.213796832843178
3.4170050957570925 -1.2453039964754637
-2.0391056332742385 -8.419305165468545
2.7573048217289937 8.03096376682149
-0.42272029284159984 -4.823941681237165
-6.146885461597824 4.705917312363486
-4.244433106381842 -9.5215157360155
8.427605676739606 9.973843345058341
-2.590008739707253 5.581231760890821
-5.7916620470388995 9.4329971452117
2.7978113240526863 3.3353620192830213
-0.8167251952199432 -4.529847093203854
0.31531889344772424 7.312626022407162
-3.566650184755556 7.692514616923326
5.508236099581714 -8.519192532834623
-8.794862054236319 4.618127611300251
-6.602670570781299 -9.048127692367194
5.411654895456712 -0.6852624880352707
-6.206064922755338 -4.66952825892416
9.795879117341958 -6.343274997960277
-6.7386928577891965 6.42379972563311
-4.1735775536825965 -3.0971076947422933
-6.657459319194294 -2.6424853691721655
0.5998523385131431 -7.585349900806431
6.79756490251722 -7.309653343950162
7.531260625195575 -3.106277546443865
-9.680711706395721 -8.62937946761159
-7.974888315013362 9.218789315219887
2.1002204762173804 9.297112631895736
-6.910914537773607 -1.5386206268947422
-8.407813345108103 3.4448850524695747
-5.471405417203807 -9.772717077222135
-0.1469150927889551 5.913100013932045
-7.128776141050701 9.900763497692875
-4.651945098017151 7.624537773844207
-7.207616148417124 7.264534812370329
-0.4647225493222411 -0.04367924537879553
-6.092379464848894 6.513932452113352
-2.5437182072659965 -8.648282702487375
9.226036453039871 9.929940330155247
3.0840794662906728 7.582470231814202
7.531576208089273 8.327601249696695
-6.395559779739315 1.8815944969595382
6.212330602721067 3.651953274166635
7.640001889644235 8.407534937425321
-8.681406251399368 -1.2196615246840548
-6.740886302788887 2.8385167423566244
3.9836388464484447 0.6431423794867914
-9.114649384003544 -6.3874197772342045
-1.358097481170958 3.1834595286538665
-4.408403654376729 7.579629289356255
2.9095334870548974 -4.106652222673988
-2.6641513276258504 -3.8850480663048774
1.5129985013227234 -1.078563224872255
3.5024088336121224 -1.4028144871249264
-5.799916374517508 3.384321110604663
-2.1933348143991545 -6.196389268139757
-8.138255561018571 9.265983783334413
1.8695249615021794 7.222148508145175
-7.708676031749404 -2.8791454972925017
6.935699294754926 8.042818096631038
-7.735301532406734 -2.787430843785752
0.7733252170708393 2.923574542256862
-2.233457212499877 -2.7503678577191977
7.5202618345368215 -8.874775847173971
0.46181253740584083 9.625297244285836
4.020532411613004 5.070280422522664
-5.1789543994997755 7.3637237178381625
-5.144919031177362 0.9487233730280114
-2.2438142369805174 -3.0645279419468903
5.139276483172301 -8.857279813812815
4.356896292968106 7.071365133884452
6.405503525363304 -2.465281214523629
-3.0913107171296916 -9.195441671536553
-8.016415138755518 8.526965051940422
-3.5637647115075 -3.7295236606562447
1.249429001169716 -5.661302788495197
3.370918958258553 9.746563385160364
-8.855011806027136 4.329369118513966
-9.186259032554918 -1.4862098601493212
8.019670998239235 -0.25233110771729983
-6.1499086478028815 -8.609106516301026
-6.182993537761352 -5.596023599622391
5.903965411793671 1.427909939383511
7.180073985274383 1.8558252374610174
-2.4818557184844137 9.01800398657129
-4.3366178471139545 -0.05443059503602399
-0.918235984304907 -3.1436535348784345
1.861765451027253 -4.518425007570041
-3.9531442017252116 3.82162322584894
-2.4280123040931345 -0.6902998278101791
-9.023156439212805 -0.7290372394593554
-5.8640690778807425 -2.1364632027077075
2.0947344287155207 -3.9153852071376356
-6.132815916112833 -1.6787566483033558
8.851231068700663 -5.868937120682238
5.029443259595608 7.776575807778766
-4.345881368626879 8.659259131595842
-9.81671190986633 -7.436091631543544
-6.329105313521735 -0.6293318044259966
8.62580738625908 5.337596709116138
-3.1089758356383035 8.974170176615349
5.359571841065748 0.6697256170814665
0.18856733991798436 5.588991878664032
5.436319903220671 8.742164477958372
-8.254395102629104 -7.893595412965326
-9.46537631556065 1.0055608344506144
-5.303730569016678 -5.578313538208146
0.0824322034967011 -9.48607240213213
8.924050196000017 6.061085830903508
-9.133497418551919 2.8336803753828477
-4.697512912998214 -8.609793507823497
-4.8989715602813755 -4.148086219639393
-0.44006593924374826 4.784285968794762
5.035176573612022 -7.661890894154326
5.542942473441972 8.729059183561422
-0.9852932860607027 1.9828997379087028
2.570991145784319 -6.909801100852066
-0.3101837997247934 -0.2823399036102021
-2.147004629582172 4.478708610192692
-6.7589949456205645 -6.602914194658616
9.831683465521042 3.1120302202204098
4.1904449152298575 -2.254295548350383
-3.983951360967783 -8.09625105471148
3.0529610637122744 -4.473273574092933
-9.323281124467634 -3.41224646204894
6.29904401870715 -9.236446882800095
-3.860055269357188 5.621754051292591
-0.3863947190700223 1.0366543839577993
-3.7466951974841862 -2.390224702397095
6.282625042931841 4.742152407304232
-3.9882126096852843 1.2962567311483149
-5.400710154062407 1.4523263260519563
9.44721891215772 6.206470982545756
-3.4979669690422455 -0.417285601774843
4.447007541533905 8.32039573831047
-6.516272696276106 9.567058445126804
7.665563629190764 -6.050530715671902
4.4032359355229325 6.47727091269352
3.97733630501736 7.653466942613466
6.6612119131693 -3.806883987643504
6.132110919028776 -1.2642620618117402
-2.928965349277064 -9.23538707740625
5.740474528231925 -0.8846104367961249
7.054616918485507 0.24812617295107486
-7.166555046871843 0.41830189776374205
8.882375756785795 8.357087132186077
-9.29058685331311 0.29965896028216754
-4.96087098099056 0.27056593246027383
-0.9136735215782927 3.1522212318254024
-6.120613037907788 -4.360813196505726
5.510948574969865 -4.8597287894364545
7.886710013677881 7.5578907976897725
1.876065748867667 -1.6094196079530203
-1.2020973315324301 -1.6283719017491336
9.271449443185318 0.1240251417264453
9.352022221024 2.0870724264385725
7.361925721252721 -1.744431443614312
1.2825663386929165 2.118049192771741
1.893630686576703 -1.791455421022171
-6.878893927081002 0.8234195501049726
-2.97316681737275 5.091467201824219
8.846720645116598 7.166972266109582
-2.4198519181173417 3.270611214154954
4.264599280773421 -3.979797370727578
-6.097674444941523 3.7123221481253115
-5.929363013054529 -9.368251240556326
-2.342883883844955 -2.255124530245512
3.58166276813626 2.404465691412552
-1.746948022671246 -8.66186483331985
3.4594222217591053 -5.142206113106395
8.612994009242364 -8.996144163004898
-2.4728573834212275 -8.784318511045235
9.313110243077944 1.1754149256767903
8.6318204172299 -4.807607398648878
7.976816563973692 4.203905179345465
9.596160361326223 -9.816735342854885
7.461727699670547 -2.5870297542605725
-3.697608735902702 -5.190803434792253
-5.185590244081649 9.3036812655034
6.566786463058808 -5.036003846218127
1.299950076946132 -1.9815238425785857
-6.513749899940596 -2.985044193434357
3.9299014372873877 -0.29469085626822
-5.753780335806031 5.6267668784461335
2.500413744385705 0.07306089556772832
2.377896601375923 -6.098059892500764
5.670680777631478 1.4097543539680366
3.104541656573854 -2.379950975762231
9.180175841036423 8.887969240313954
-4.043627527109759 -3.3698287674165472
-9.729728007797881 5.415912406382956
7.227638594606574 -9.500071675131558
-6.7042918973360655 2.038613747004888
-2.915607674740728 -4.879221146217743
-2.036618136075292 4.258205434346632
-2.2231763598426957 -3.474390267240153
6.702422612733024 -6.001209412529058
7.045855944037989 -8.941019677480144
8.700234571500992 5.761768666079764
-2.7539225020363123 -0.08477925949152088
6.5677856357023465 1.4413243240844071
6.840552977624313 -1.6286022688809076
6.860557964748779 9.886450763873146
-0.4177200181589473 -3.2952933021739934
3.2529942602764965 7.110433810009781
0.7465218371707856 7.130552618605165
9.715772826149955 -8.185923074564712
-6.278838113896179 -1.914292406702888
3.0279640351435972 -1.6101431357445364
8.773390723015709 7.553653711619596
3.6074866024843484 0.5096372982424491
8.215497943476457 -5.163357867994787
4.484911055392317 9.547245788791002
4.92424873154331 -8.91761620981369
-0.04666982583116486 5.892496480206306
7.886350281205527 -4.55357136291239
-0.6355514250278809 -2.786066339746167
-0.16901694007684398 1.5066745648107016
-8.836069329720067 -4.880347095401014
9.33454323069122 9.283850660377151
-7.403690369335873 1.4917371306719467
3.8373124130359404 -0.01578945990583236
2.5118414024847127 5.964555569029795
0.6559845807381102 -1.0596217898548836
8.48292788089961 -1.7176183983039177
6.145179995969034 -2.9506251098986187
4.324255130822737 -3.102520790119505
4.561470782997539 -4.640878712952958
-1.6426560084744999 1.9544291470753237
-6.331883822286624 -5.800883020749199
5.695045828165872 -3.012885847214064
6.737171231437028 5.374080549882059
2.509590759367345 -1.7170340201516119
2.9578094954133842 9.978454204938686
8.861641251843391 7.226680319271264
6.387227456093299 9.632049332817143
9.416235736880814 -0.7768471177109717
-0.9629378726917714 2.871116248945615
3.7814227784645293 -0.9073930227319273
-3.575088861691431 -2.3393571073224955
-2.350940662686167 2.3516266889697395
4.217969202739241 8.470728021839697
-4.68320859650013 8.260023729179942
9.631837450137382 -9.532848164372744
5.9927474442394235 -2.8304704977906026
4.206387228945477 8.630158819690628
-9.230459520342432 6.585265309244164
7.339188085563851 -8.346533818129654
-0.6640523281059192 5.502028664627634
9.26789401192914 -7.112512387534274
7.437088308172697 7.440752777423313
2.841965582555856 9.057215038750101
-9.00223718812109 0.860102358083763
-5.645995238707506 -7.754728317551458
8.681618565452201 -7.554041967390419
-6.053557218090965 3.6950171426321905
2.7057038635847945 7.0062490898473015
-3.616132280483959 -8.890731216339677
1.9996522369928584 -1.922793673721575
8.22812044805427 6.913067698041949
1.3755432839689448 -4.409843086487058
-5.784067261224286 -8.490851404242516
8.833844257150357 -1.4349778584395239
1.2570417199083437 -2.706694095686859
5.921263235085295 2.5205913879746795
7.135680214043141 -9.437460822830225
1.5076327139101302 5.846908385648064
-3.659939619411543 5.046754137236075
7.8763401427139925 5.69114272940287
-2.695484018658756 3.3751216391640533
9.510087315894662 -6.811411913999312
8.993374178559538 -8.737180735265277
6.293785737845415 7.628811516501251
-6.308876681803817 1.447432651480824
-6.297035058613718 1.8156583300623765
-0.7341236448178456 1.673540041466568
-5.107890404622475 -1.9532010565745246
-6.308269168946419 3.863130465789082
9.316049982004358 1.744192471760428
0.8924252538484208 -9.915494391263891
-8.037035875234421 -7.440363787804554
-8.378850197137734 3.0907997590143275
-4.224024540326761 -3.5171362138463795
-2.2461018558753647 -6.628529698153605
4.91993819905467 -9.083654207328081
-1.8329836302023583 -1.09216038082306
-5.546101714434222 2.9362137152786936
5.476867836437771 -6.230534245534005
-2.2500416923013233 -8.461443772008316
-2.467335889224074 7.876962563802326
5.372450758002751 8.299192885437673
6.755538442098501 5.213645831231133
8.12572459596937 4.15245023048943
-3.341904908245361 -8.515170731296687
2.728387669513374 -7.709614707622641
-0.3318321758478895 -5.324284923072147
-4.10701536932592 3.403269842342116
-9.097885991324794 -8.470135330983442
-3.9900103606895954 2.1535954736851455
-6.880868647792184 -0.7020495941700506
-8.666677309295842 -1.2829678514868714
7.296451104835597 6.708601359439651
-6.1203849008358375 7.304389088672039
-9.195887826832433 0.3876645399488261
0.4212373785741459 -6.300173767061519
-0.8193583951924097 0.5552092309397807
-4.477588286737162 6.599092909881616
7.485158236003777 -1.1979434620821507
-7.1309340761027595 -7.323316542596558
7.179026123509715 5.912368324003669
-3.8954750430685836 1.2150215646825622
-4.568875774949042 1.026390496933633
2.3785177020228776 5.6687478622517755
4.16877606363194 8.336802125918553
5.995043726779974 -5.801161693393122
6.571038064904453 0.7209778549323627
-5.3810047354892765 9.728364783786095
5.308804651753075 -3.4259036708413486
-6.409527050493578 -5.986541433832448
-2.062005959945954 -4.341204822671418
1.9404580519421586 -2.2164351084039886
-3.5719417099132826 -0.3308771178187797
7.130412314201248 -4.018537044352266
2.950920656858136 7.5292185433308525
-7.44172989470618 -4.534160409434282
-5.065261083904895 5.625570224230678
8.2948484168651 -6.857384016737433
2.0408288537384323 4.0405519427371175
-8.037764364928503 7.734554185599681
-1.1647364413896142 -7.725999194432143
-2.7892249455118634 1.8981585218882238
7.5500397212038415 6.47334792432218
-5.405196766005571 -9.49204999643001
1.714574104907724 6.215159596086128
-7.8591159218160005 -6.650097893425004
5.176804967926081 -0.02551817930943656
5.3944259195315 -2.3479475388548288
-5.1106166136549 5.825246617116552
-2.715632060698834 -0.8831865445648273
-2.0622724041009484 4.6347598808258805
-4.124607020645962 -8.844489975449171
-3.492791280824214 -9.984198691018316
-3.603936835561427 9.030221668416964
-9.895343491459458 -7.680298076964829
-8.079658749385906 3.322421663953932
1.0583578696785914 7.697137043237653
-4.818315238119597 1.8582834179735102
-5.960495292019267 -6.03860814412678
1.2858053297503247 -9.056112393621138
-7.888717893969264 8.348064324917182
8.784741100455193 -3.1961698602341126
-1.7931434988582957 7.493422059970886
0.1061894952994269 -2.010117228503823
8.327991084229541 -7.226464120880536
-3.7337222950861975 -7.845248742637541
0.7306751537551932 -9.93104941221584
-2.83734364541014 8.608965161285266
0.7764963509656635 -4.435111807798733
4.041732929573881 -0.6758517480912083
-8.205787851618695 4.47654244709555
-3.226770922290621 4.539313234434399
-4.9352445813778445 7.840885572463296
1.2527568096450477 -4.192901136385281
-5.950118989429891 -5.257843796951374
-5.105588425336971 9.963961465758189
0.7163971595592482 -9.577086581813404
0.9439948898423083 7.910676656232891
-3.5483164405355883 4.72336296174382
9.06621868795223 -9.412790383664682
9.483710856449864 4.482052594926278
-1.2594249470419463 8.422607015766104
-5.9472708021107445 -8.994239752809868
6.0817853618583655 -4.046304037396748
6.992742711057097 -8.466786592088987
0.7401287214798717 5.9922599627627875
-7.0723120491191445 0.18385599468703617
8.35676108791452 8.423542812514619
4.90761410217711 -3.162896628267138
6.46955380884139 2.7015425268668007
-4.3521898969831945 -3.7942936072862015
-9.8390802911101 -2.9026745755805416
2.4536118528881516 -7.5730470877294565
4.3485844668744065 0.45234350427412195
1.037034599804885 1.1813338557868711
3.2988694925954043 1.364762786178117
-6.774436802605052 5.8073096514103
-9.202077863921645 0.4247165140191367
-0.5174965584770312 9.861599511489636
-6.801052334288629 -8.41878110384669
-8.989427825318547 4.316490289604646
-3.638772114376745 9.239890984485559
-4.238719369293962 -8.898519450145823
-7.566817106224837 -9.43310200264834
5.070004899870725 -9.863910147049381
-5.964948308727425 -3.3173190292901733
-8.926533061256618 2.47589120130511
-3.728252766682612 -4.54420818154664
-8.612716296254598 8.204101486746858
-3.3760730291265766 -7.355638662398441
-7.066143966502299 3.5677857941229902
-4.823861857737553 6.199186966812679
-2.797453124966416 -8.499534682561071
-4.3566769092654845 -3.9896580935555503
3.2974895175453582 3.0106144175581875
3.078017755134269 -8.61922863394839
8.220937794020465 7.872436928286831
4.3418412423558586 7.101241076656088
-5.057846526273256 5.071080326286184
-5.005845736410008 6.984758402446861
6.523070359596769 4.133266299476929
7.523701689198038 -7.027350824552194
-3.3892764721997697 1.4141352262375495
5.19518358927912 -9.721831788017157
7.51346436207054 -7.995258922310211
0.6437685735441345 6.895576307750929
9.999748745928194 -8.710600705884113
3.474525954365289 -1.334739244145009
-8.429951888989248 1.0472041775032537
1.007704847554301 5.402987110143965
0.9225484929956966 6.765513538426344
5.4460214853109274 -9.789383250326546
6.1660476894145475 8.84412997231928
0.23547774237041175 -6.611146356546856
8.252126719768892 -0.43099124737188355
-1.7039165499892022 -7.601703667781125
0.6545768825602636 2.756163493354162
-5.012239831345527 8.462119441574195
-2.197102356166017 9.128557451964447
8.590569404756291 3.009881830846508
-2.4947013088770476 -1.1537445364653784
2.2043156216489557 -2.313759415401604
3.935305328909056 5.142489144488657
0.6600291665922349 -1.2728291168072268
5.374458134283145 -1.1707820788074326
5.835585104935266 -4.54197394637212
-8.606354592511886 2.053594321861894
-0.748379100242591 2.5332359710146086
5.714152347720452 -8.334295080905985
6.963153968130925 0.8156446198334528
3.320368408485743 -3.6429996250153778
9.353842430124345 -9.073208434728862
0.5794003018169906 3.4426711383410087
8.543463170324909 -2.421228827702717
-3.6522632215720012 -3.1894739961445566
-1.8714528134603725 7.992720435413094
-1.1902293852421302 -3.027289848962587
-2.7297301986857487 -2.7752208851856164
-0.7788152386109797 -1.2181743033574133
9.705792545878463 1.7569685646165478
-4.38520687432727 -3.6654274643386664
9.390175036990502 0.9343594059019296
7.757138592916647 -0.26733043159819836
-9.230364600185776 -6.806612380918735
-5.218408458010122 4.507857103295965
-2.116785005060759 8.531595708991532
5.475676006061747 6.083547675291285
5.723060915823403 -9.034544154547133
-4.234760286505123 -9.979949130632411
3.557539695170469 4.097246626208168
9.667289807791697 -3.4727110321114356
-7.082558573665847 -7.203484184306188
-0.6278456214613293 -5.4281100624411565
-9.06271444324865 6.57411741973468
8.786491356170067 -1.5306350218440983
-0.11982896614116001 -6.690499732743724
-7.64960905973653 3.325450270883616
-3.2676134463974194 7.546628380602847
-4.549811921076003 -0.015794450184515085
1.726671361317571 0.5690644279226831
6.829107922450387 -3.5490067391593367
-9.814884273082562 7.547597561984073
2.2493569009879124 -0.19167735815000952
9.22486284893441 9.23203261048154
4.857501789359235 -9.094773077676976
-0.7561451825805161 4.220527055255781
-3.7595241626005693 4.847661295339339
4.658569342525523 7.500374996418369
-6.7201214120151125 -6.060806987184709
1.342738369746856 0.6628977759866395
3.1504419490815785 -4.188507677785715
2.174632277558148 1.0416230763614198
-2.7395041932534774 -5.435783080763161
9.970488721710883 9.32647804069973
-7.87182525579849 -2.7875297659617493
0.5325456873153929 6.485024385756301
-3.593324445757286 4.477019607052624
8.075228721203171 -5.976480551271422
9.694843576855433 -0.8561406605832182
-6.391253212265977 -8.110788164033414
7.778256968904554 6.2747507500078505
1.3137055607706962 -3.0493203305884142
5.733934769403074 7.008774244625158
6.4078806562182535 1.9006300175620794
7.37717940885798 -9.866351413588212
5.291875077072808 1.3481570772054496
0.2484688264126671 -1.2782719624531502
7.573079565679528 3.7126516103152856
-5.458403339290143 2.787632474528781
0.4291890690361626 -2.477733581126021
-1.9771460921776018 -5.408441496978917
3.490580978658585 8.015756372001853
9.822101260773294 -6.797967668038423
-5.2595788391559335 -3.0536560066670004
-9.820183282582885 1.735087668536849
-3.6484899390604264 6.44611506134537
8.270434731075046 -1.9219042857153745
5.400049998464027 6.414772727126895
-1.0179218065556057 -6.524477776397964
-0.28173983618786913 -2.26077046624858
-1.5079860573082708 -5.851689491901599
0.9600568702261469 -6.108794840180494
8.998151033638635 3.861386287415611
9.233579228941085 5.315887960118067
-8.897696213367315 6.652576558032695
-6.255497602236286 -6.678664745807983
-5.067253926656692 -5.494679574107475
-4.334039942127504 5.129293238576382
0.4018135939302283 -7.8594607628197855
3.8287097006692328 -6.454845536738558
-2.5858276998950807 -2.350946609160882
5.847615623408197 -9.696241945826575
-2.5154422110846824 -2.992838258885233
-1.7771316990897397 -4.045834205616785
-6.724577841347608 -7.004668408599494
-4.060635428067525 2.7648961743063616
7.5453806892733795 -0.1482569709994941
-7.1274134592608345 7.2089267160276265
1.3564746784360757 -4.953927815618224
7.484898043806261 -1.1440880260293476
-9.06409423322108 7.783505113601258
8.725024483377819 4.5562073466849995
-3.561384255486879 5.671900436102295
1.8485278451102936 -0.9852613123228977
4.577072913440061 -6.797375486392985
-2.02232254255968 -3.448135741040616
-6.293572235014652 -8.234910188920644
5.1868039940619965 -4.071856335002737
-4.4112637972616 -5.437854386494852
0.521002765485628 1.769150614424131
8.131563691883517 -5.664158897049541
6.430476643681299 -3.2425056189981643
-4.49053342408797 -7.487837187244346
-7.009822241350781 0.23246297973895658
-2.858874612339772 -0.5737628318882564
-1.2874123262677877 -1.605513779905456
-4.064775555045516 5.298975872010196
-9.191149305108334 5.864855527114921
-0.5629392914717162 -4.137891671897538
0.8969834286762826 -0.8979717985651448
-1.4691051055137283 6.845221078528276
5.9599376893695535 4.234137533099943
-1.2385037665320446 2.969302455268245
-6.807498305694388 -5.580864675805264
7.066826739806725 -3.682012164819821
0.24920473840333912 -4.609882618538041
-4.8221955816222835 -1.6895736594224537
-5.73156926826794 -4.7364601575936405
6.955588155508082 -3.665424728205595
9.291047632719593 -5.471079135527647
-4.19548966716069 7.571806609063252
9.448933048952249 -0.8034091092108007
5.16534293846494 6.883851610136155
-3.9992047907316746 -4.976367647360864
7.875502739981744 4.326531202997511
-9.585152849073728 -7.267564239722448
-2.342575042100785 -8.459676917749013
-1.2843368377073965 3.0175291168748544
-4.524277542082828 -9.424057320060221
0.6529363827739303 3.5945240639862526
9.624629223680422 -2.1428873748600292
-1.9084704802739 -5.808496341111297
-1.91390245486666 -6.316937922135526
4.590043059026893 0.43676429461905997
3.250783790525242 -8.542879222017898
9.394637476838952 -4.865364163156228
-4.502479651817007 -9.644952579864789
1400
0.4662542390642965 -0.1430835309676226
-6.0362497894107285 5.58102698434865
-3.2960909144539086 6.198634492929475
5.738857841407977 -4.304675932948767
9.13739696957284 -8.590178029034037
2.572378199897834 -5.019795638427498
-1.2752499879500299 -9.196863774699723
1.6279984867653159 8.094253029809703
-7.06022337431615 -9.67688230740796
7.997652959885052 6.903445148822357
0.8954312313593142 3.4454510532211344
-3.908225036921844 2.437667353696531
2.021845657061208 6.1414725712181735
-9.556270562923814 4.402180011014142
-2.9241074044433795 5.285913371576964
-0.05322883288008384 -9.076066238191181
4.384987658444393 1.6543145282523994
-8.229937309574385 -8.346014265631503
6.338326141122664 8.76372156253461
-4.277521828986535 -1.7935588748466529
-5.691829656853438 4.435535041060801
-9.48437444388764 9.143130517466933
-4.118466543920856 5.846021927603914
-4.232611551729457 4.171828499191598
-8.287899138116515 -9.651210300048598
-8.953695291803248 6.043702989935749
5.334200309935957 5.8668150993049135
6.6655023909005635 1.8575326617291292
9.224697444778958 -5.231536066445191
-2.940167306849366 -2.0805369162339282
2.5023573332741815 8.445941334456627
0.5095729672776823 -6.850778360093804
8.765894087767439 -4.802766703405412
-1.7757122736745252 4.433299018853846
3.341358273464909 -5.741246577456433
9.020980953646909 -9.418440381452251
-4.306556506147459 -4.650555331872286
4.728278197510207 0.7875156136151933
-5.736116568193728 -3.631646338208638
-8.403348526592476 -7.768667686295574
0.35212119492550364 -4.846434631041506
9.749996755046073 -3.434361689093139
5.729162163650344 7.747360015994566
4.622041163811053 2.777621720811723
9.41401051491372 -9.371874997318104
8.20871062843834 2.5675639242570085
-1.2165393401437221 -8.000691218956181
3.6754832650437663 0.4741150592909058
1.533842099923577 -6.737263893153001
-0.1950047886329429 4.405790074114439
0.9680044593473003 7.676193519169075
2.950522687520829 4.5875953655141295
-7.978550135778562 6.734170257318176
3.663132561438161 -2.3224732711766327
-7.538733249962308 -4.584875511762432
9.64248682108228 -3.9891815043156997
4.510100171862268 5.873151567514775
2.4458990482728833 -5.196611613227238
-2.4861711557811255 5.6792842955681095
-9.932116387627401 0.8464598521608373
-2.134827624125977 1.1713477680195545
-7.867772896880652 -0.0910518311951698
6.5675325290359545 -9.45409741987139
-4.86390733412726 -2.309694319880804
6.919971180216127 -3.3937779668633494
6.094305011233423 8.025452373896162
-7.983805075129871 6.874010138359434
5.631046235938248 1.5554777323667324
-4.489975187238267 3.4461771755654063
7.124035702709605 3.5901646300966945
-7.5280591752452946 7.999165924294381
2.296871467448014 -9.730137718414468
1.9314950361338905 5.387170701121411
0.9207851319705274 1.1392307521356226
3.41461188987034 -3.876050698944489
-1.8698157098456019 -6.547434820419555
9.115644065986675 6.4950417294778475
-9.140133307570261 7.816491143786788
4.5193640168128635 7.234174299083193
-4.164245072963912 -0.9070358568908077
1.1909794073655569 8.775539990227802
7.884886591929565 3.073737550962626
-7.51379421613678 0.6562170128750804
-0.06050659572420258 -4.713687715312151
-1.5727270849923443 8.732506256058915
-5.886209056051108 -7.178059324988862
4.130961949893122 -9.245589759041753
-7.955241038841385 1.0762564375877481
-6.3293841754384665 2.6516732752483065
4.91230008952677 -0.730295734029049
-3.296294829510673 4.538739989471889
-7.4317284933998025 -7.415075261775077
-4.891216114830847 -2.4601858005657125
-4.358962297354438 7.5973736021589175
4.288922794370233 -0.43558705363945016
5.049806522560216 -2.03097305754107
4.991343516546774 -0.6763639075340251
-9.962478199224734 6.349489433166514
-9.01090695826458 -8.208312618488527
-0.27337148242389375 -0.8983637364813912
-3.892129536150386 6.023245212703035
6.249955369896963 -3.3394384666583843
9.966021651329022 4.695296181972866
-0.9431023373183542 1.0719485853577808
-7.424799679424277 2.83324284512541
3.239784882429138 1.2430039013904608
0.9642061750249944 4.253268264366907
-8.865107276272324 -7.364068939739901
-4.200989053614965 8.474004813479972
-2.4456892202000136 7.62577872830736
9.3616266412524 0.6742668155151925
-3.976763484821813 -0.40408937645250553
8.668687823550847 -7.815835005285274
8.249732387523252 -8.303155353320157
1.7786720273758299 8.732749753702596
-5.631808369144884 -4.241082485590568
-7.448150607209172 -4.774243494331952
-0.6145200492861598 -5.404274398022055
1.5669601986315698 -3.060880291788508
-7.8348463189608575 -2.104585596054127
-7.374281797770066 1.1775578717630086
-5.753014652983985 5.032507340298064
-8.249666712195136 -1.199151944248534
6.538517969247138 -9.515812295624444
-0.7286198398441428 8.937365344738883
4.503368643635806 1.4223881243074672
4.504984739273825 -6.206077402004546
-6.023663484772426 8.078214389092455
4.094638200003464 9.2513189960572
4.258440443344282 -4.939721884110191
-2.4577992734884324 -0.954506296596735
7.753950076562564 2.1545398528280586
-0.5211643310948766 -0.2345914883216622
-9.72289554121425 -2.689941395329347
-7.418226692253784 1.7306774804596081
3.1460177988828555 1.6561676061091806
-2.7864480007917214 -8.493037725712352
9.033308584600416 9.27066678264676
0.8153956845648391 7.560718474615133
8.587658926547537 -9.691630269692588
4.410336167259949 4.301473431660558
-6.587485842147538 3.641731661558545
0.732487998165471 1.5092580484450941
7.788159075654654 7.65390572550314
-5.566731811857002 -2.8536961090556474
-8.464832946204439 -1.1217368138785098
-5.81431153155036 -1.046186419902055
1.2077741458593714 6.570817520378938
-7.421828604933795 -0.5392958272463275
2.200253309082264 -8.105321907384686
-6.086267926563709 6.592591287614937
-3.21283375351312 -5.3711786502275505
-5.725220589660649 4.09255236206063
-4.195974070948121 -6.198885502475367
-8.876952698693994 -3.950890573956574
8.790183479670127 -3.2769449904381576
-8.117150339958787 -4.679705095678079
-2.102642064074491 0.8671299885716905
6.484885283529355 -6.325122168887079
1.4687508987306863 0.38936660920058763
1.742034581817709 -7.732910809826277
-6.408344837166126 1.1843849997257045
2.2060738978790333 5.964758053179677
0.45354441417810776 3.365815560751873
-4.215447128732281 -8.24486349709491
6.423924284132937 8.751847753567617
8.281116804109988 -8.384795717524847
4.193106672479489 1.1241340978499252
6.7895942676372485 -3.004166835499853
9.322618939525839 -9.220560395878532
4.543189809689533 1.9434637625177675
9.381873140548517 -5.269634295620693
-3.0328468647224893 -6.861283380223093
2.9985752793054274 3.888960764001556
-7.871466410644898 -2.5786881584233594
-1.709491304638588 0.8672607836237152
-3.2257848617662805 2.178391986687153
6.773394845157515 -5.201266056925677
1.444387517122772 -0.9320361666640267
-9.10656247722378 -6.38943126477904
9.220424507481589 9.010008990420168
1.9335681297409213 -4.90938541849596
4.413065926930134 1.3568682545731008
-6.850748824270956 3.416541399699307
-6.291489663724508 5.174955682531355
7.733901776402089 1.4320189944567154
0.8725259910775556 -1.8182387708247845
-5.339512942555609 -0.8465214729128725
2.5999669618528607 8.243801880229231
0.6216403784080775 8.692054367990234
1.3956337948253594 9.342676538604739
5.934412556616614 -0.6409756284281443
-7.59226774269913 6.46943870391944
3.867288166038307 8.545768771291712
8.688137571222725 3.656638244512216
-6.756962034632991 3.43957554953192
1.2372504839604996 7.005687531322998
-9.894511996873202 -9.647250178300443
-2.0443524190827045 -2.2954673167978186
5.5513216403261225 9.82614206496483
-6.585704236417667 -4.62358799832259
1.566494465010619 -9.383322882721732
4.027625154457192 8.27562509233745
-5.103460941196105 9.347979378420575
-1.9718611091061415 -5.584228588638296
8.88292763890217 1.012485162264694
6.927489221951088 -7.339877745099921
0.3847161123339493 -6.862380281291545
1.3030732816781914 -8.715811867356118
3.831641231874226 7.953483723933186
-4.870666233681238 -9.218562236449772
-2.801187476675495 6.592087394630603
-2.694391830547678 -4.536330831571687
7.181547792327198 -1.0579272311505044
6.46665086727425 -5.861369406466952
6.052164633323073 -3.0311085062088505
-8.946844866272317 -7.291586623756549
-8.652802958146708 -3.7189654299668735
5.4566757822526295 1.6422387893231853
2.897995039261529 -1.0533261484654801
7.720286788173912 7.554135029608364
4.743731707976684 5.260297756536431
-3.7427875249216402 -9.042972051695578
1.720980951819726 5.190261354133408
8.084665457340215 -0.8047170759212676
9.675375282175768 -5.31523034720572
-6.389571979962863 -6.488895536565
-5.675154163617757 -0.7303212321956458
9.314509346940248 -3.5719930048669912
0.5117871873491566 -7.027757860915134
5.403457959880599 -5.493613529600896
-0.9206790029687184 8.168803867515539
1.755254800787041 0.5761221421873799
-2.720320745147948 -2.7305180889285863
8.381115945578742 -9.390857607362122
-3.795545319691856 -0.8512713008919199
-5.387722058983697 -3.153145985869492
5.517806222037434 3.9610429852698896
-1.3408047911506742 -9.234817050354469
5.764270367012266 1.9091144459789184
-9.772098411176868 5.7520833134778275
-0.9499041703860165 2.272536391747284
-6.828268994226525 8.4615338575076
8.866223473740995 5.262017670748939
-5.960565777530562 4.275167051855044
-8.3404264645929 1.0811322980870148
-6.452423623824897 -4.354592253753642
4.215269053827029 9.145961511046536
-5.965128085561817 7.073312985874786
-6.52129374260463 -9.816304816972037
0.5262427375641856 2.6123655797213825
7.055617380890972 -4.146939204110243
4.941196502357865 -9.09954267909422
5.01587355753526 -0.3792513599435381
-0.4489846341287276 2.5680342123225923
-7.133471824068005 -1.2342041577187963
-8.759039630014037 1.1931375668507354
-1.5709689647477614 5.231289163303165
-5.83803650856783 -7.955549839988478
-6.658172492243346 9.002867521746552
-4.171744369741144 8.676010479734309
-7.4989455898985184 -5.9215531965061174
8.964900521078416 -4.296616072127932
3.3626437191795695 1.4707362081102549
-4.3620522557893615 -7.500660366578627
7.625716560448758 -0.8937645971365367
8.776943865105778 -5.028951289069282
6.5073927469821236 7.483202100568903
-7.7867993906639725 8.684509137608803
-6.966998480254183 -9.029954422312368
0.1916303013968026 1.1599513481621244
-0.501335553210458 -6.594894372216729
9.726916232779466 6.859154028585117
-5.343216034095182 5.994656180423046
-7.96750029686385 2.4341352925530337
-3.4264462493215113 -2.1479136307700735
-0.9137525585035995 -9.926972845667986
-2.578111999179315 -2.360656180037248
6.3922764043135025 -7.14163634551602
4.522452686751407 -2.8981869798930333
-0.30268154848532625 -3.5986631507122757
3.9330834821606846 -7.6969838678130476
5.0377634347729945 -6.660934925056711
-4.212603665799874 2.424185288050097
0.27386178083400203 0.42626335358012035
-5.076607689714487 2.296673687060448
-2.7359287396750753 -0.6853093761216762
-2.8208769273443117 4.816652659298326
-2.236530187964627 -9.298263372289568
6.120604061322531 -8.12520189717864
0.036680285988472505 7.326496344046017
9.449223620733836 1.4969838780733085
-5.299194306923766 0.5464561220434572
6.650605321328051 -4.504779725209824
-4.409600972787942 8.870302266995719
7.730054377090724 -5.106554344748759
8.162884617527894 -0.39885900361054105
3.698661974592202 1.0210104267433362
-4.9238593160657445 9.966735083808928
4.901191657931099 1.973746429133561
8.2234617512364 -4.4891188906212465
1.9708682296093585 -4.324295883737069
-6.484964143593968 -5.911060357461821
-9.936234805149374 2.555792595106265
-7.9308182474973465 3.399290450395217
3.8071762733842576 7.847327799882837
8.320445810680258 5.902169128097652
-8.307763269395199 -1.7060490958134267
8.214119376039793 4.6079664919818
2.7718889792925587 3.5059878849923383
-1.0068489533495733 -9.698820866533936
8.4254727980687 -4.914574923668993
1.4292370252303783 -9.502957734208774
7.535063686626316 9.560109802521126
-7.481897606283761 -9.644809935211576
8.995613189763066 -9.565244978905717
6.405920604636972 -7.609879593640006
-0.7527561090985451 0.17460108389854945
2.6125681691114053 8.39209442579963
-8.095163129177102 9.68723559836043
8.602269167613514 7.314991106227964
-9.27588303836524 3.3881108033752056
-5.9069757315746285 3.2765917930300343
9.173614632343938 3.424288977419586
-4.670920022038503 8.538281189668737
6.243424730501449 -5.191246027519387
4.537923076241185 5.264158250463337
-3.412670097557937 8.548769660322897
9.246968527094154 9.909423011374919
-7.940943335691535 -6.407349357704266
4.197517559438435 1.8251290099671387
-4.385902206853558 -5.3520904178416
-2.285943119690721 -4.661726645039375
6.885399784342553 0.30140090931215013
5.753841838117193 -4.56646033573735
-4.70517394553454 4.834228859219305
8.090510469067887 -7.2131090285419415
-5.63117735097401 8.530220354785861
2.759913537581406 -1.8273763064384791
-4.85924019222689 -4.804722042490783
2.788473836811905 -2.4325343586651034
2.9281025426889506 -0.05956818780770945
5.395898547361595 0.7476617744760912
5.970038002646959 -4.010636745718621
-2.4325220487992194 -6.351470192835786
9.45855098355267 -0.508183924579166
-3.9952959834552733 -5.529344042851916
-6.992925343776834 -4.30297447128763
7.204277275473004 -7.824642097470376
3.301045797990419 -0.14674600066771504
-9.459950036355476 -6.339066192914347
3.843350146327005 6.7321432881648775
5.122278360968425 -4.150617417854992
-1.1355618364491793 1.9512600421562603
9.618607786034502 -8.427673006237068
7.537191615260795 6.550649484998129
-2.387318646681644 3.7358957429719535
4.393999999712822 -9.988547003110988
-7.062463424975447 -7.480267765592792
6.209261087447231 1.5779226701905458
6.330911358963256 8.43303294807798
4.193900508852392 -5.9079706931897435
-9.61823510012998 -4.132604305918715
-4.605851439957149 2.509233903160176
0.8920550837091348 -6.109724636481628
9.830891961806635 3.4331874876951254
3.0238881261009336 1.7037855006506568
7.674930504678091 1.790878047825979
1.7854308014505822 8.666464688234669
-1.6042370623495135 -8.513196647301179
-9.360362763217228 -8.02353120624809
7.644080194152995 -3.340359289414123
9.759576976322656 -7.6267617831405055
7.914930155063065 -9.200883219351365
-7.288809390114568 -5.0893274821727585
-4.586290738133004 -2.826731919782084
9.106668061729227 9.243723510679501
2.0893853021904256 -8.733408730106365
0.14131513155254183 -9.49593216325245
-2.9004962028991326 8.835373903649032
-8.783494672218996 -0.8679128146400501
0.3141565303253291 4.366004957422753
-0.3125314692369052 0.6689294713443594
-9.476101893671032 5.175219239579549
-5.453517653807893 4.722520927738195
5.15981788468852 -6.487332733747633
-1.6135171965468675 2.4636948275370596
-8.587418235269972 -4.497429217367872
-9.160086994338874 9.09507232548027
-0.7559395721201092 4.128552500835511
-1.2832003634289073 4.504858505659723
-0.08507483723220943 -2.868599574383765
4.840500642421313 -3.592527822887708
9.703398038171265 -0.3967935698346956
-3.9851599712097023 -3.2318881463276528
-3.7184852393272694 -5.449497789372653
-9.148004110649126 7.358097795577272
-7.920723328505792 0.16517193554986775
0.6037971423499044 -3.8927524297750686
1.0687501959470485 -0.5818768130620313
-4.2235894469601405 9.441996908577117
2.476970798338389 9.612429183869054
-5.656659002163287 -5.639504888012123
5.198588830115771 6.242805314032772
7.980180415220239 -6.488270294992713
7.1785033005294 -9.132557099549764
2.775444959198289 -9.472103777965051
0.6425910741926124 9.406607379808413
-4.407366401165957 9.991879076363006
-2.0526844091179015 2.582167511592724
-2.633649683439703 -4.6709556552803155
-1.4639112074020293 2.5467257866102084
1.138010183327495 -8.53418847380812
4.238086537892777 9.596813727544475
5.764171416537248 4.933269924936344
7.123535775888222 9.325633659946057
3.803459099563886 1.7814651819239895
8.555223772652116 5.431547645054735
4.162066306759847 5.1136012306762275
-8.862232119185611 -5.0849795204139125
-2.0557508111647005 2.0321703760036964
-1.0640496350512425 -0.8358923667631117
5.758562352833739 -2.288316528979717
-9.539064669204345 7.854314901944193
-8.197737518297508 0.5148117015362317
2.995258600062785 8.465812151185485
-6.021223949870564 8.286856464492839
-8.886761226469906 3.5321945424812675
1.6122191317309902 -4.515643172639459
7.679337601262894 -4.563527996105372
-6.167776894451915 3.439202837977664
-2.6882426733901266 1.3192666323246538
-6.823505636079094 8.72653369064438
-2.6673286607353646 -6.93164953449132
9.546323705098331 9.835718006598874
2.1853147534553123 -6.385557059401892
9.079622398064231 8.400084643423028
-1.7325057436944356 -9.655540550084956
3.9384808818929784 8.630093410003258
-6.673543758494384 7.937734245585016
-3.954367179229945 0.48162227134481483
6.885129996394024 -5.689447883704311
4.05996833936792 -1.3259832322103282
8.433283225757073 8.096692070251308
4.703253268294487 9.934513233787907
-2.7858891461285022 7.542839111894118
3.518327228433435 7.53156318163925
-7.141452366625605 9.669839260584865
-0.18950431371671783 4.4358817504137456
-7.0367803035761245 -2.1772106669714164
9.012397763346716 9.55496025677111
-1.4036695874078386 -4.369541174705434
0.7174622469877683 1.4254780485941776
-5.003975701586619 -4.494333361538658
1.8958514204465295 -0.712211295507517
9.235802738599098 -2.9005924137798367
5.3065333784299575 -2.4235737232535364
8.445833609077532 9.420706966997546
-1.816365797698218 -0.2581413072336307
4.2020238580333285 6.8734982526866375
-3.4479343051051785 -5.456849076579631
3.5378862071704287 -6.213086075010226
-4.469200188242908 2.2301688958031836
-2.2468408817987617 6.963550841666276
-5.31207676951682 -9.194904579269899
-4.010213097825812 4.274276184343995
8.020572201148191 1.8401104299271225
7.6473992330728 -3.0705058348220966
-3.7095520449396506 -1.4862257908813454
-1.2442692310058696 8.476711083445398
-7.898599075183088 -5.090307988536482
-5.380942976804333 5.174960708565148
2.7195358468801665 -9.769172363341612
4.6488832660390695 5.286422095303019
2.6076796873963417 6.35980108679264
-9.83571272842347 4.499481106906114
-6.732019400648561 8.366641029118405
7.754301940497875 0.35490260619492275
-7.311063227940546 4.27648321592023
-6.416995752544343 6.06915330349015
3.060793467996092 -1.6925771131219047
7.844644186474412 -6.410513254146661
-0.7537992348581035 7.857711561360819
-8.084439610684216 -6.027878883393855
-7.736263331570434 -4.703486541975346
8.5914582690677 3.4217408849119852
-5.998993880692951 9.750962255570919
9.403465918159988 3.7036444029170053
-1.2184134394790789 -4.093576082912547
0.8792527839583197 3.0131820931285596
-4.843586157107742 5.798979747447543
-3.9781671244458057 -3.2743855519699245
-4.4130448366801245 -8.492272892418562
-0.4249336541724027 -2.168332990896797
2.2717024378658124 3.2448374133117
1.5905370864688848 -9.932642009717291
-3.07423978171758 5.24787959394558
-9.285263452018137 -3.1623262864867785
-8.520118831319799 -9.029046105243934
4.955795327077215 -5.38972740807502
-0.9175337354788322 0.22037958272180802
-8.776133061053617 -3.3231501489229087
-3.223110499345676 0.2899139776013193
-1.1702075612149958 2.9133265465738916
3.291960995758867 6.950760141109647
-6.044125307620303 4.505925715596913
9.767272046305322 -5.181560695781721
-4.537659684127773 7.529757571794022
-9.460024203170022 3.5534754365610794
-9.30841529274473 -1.6517282448543664
-0.20785846404797859 5.186847774431683
-2.627381691605006 -8.727702397884375
4.631067881261483 5.824437431728137
3.979678868492716 -2.5642197321639193
-2.0909644487745194 -0.008359349737286692
-9.901130316217397 -5.9372147555180526
0.43271175487153 2.121838031802758
-6.472015477307087 2.4004606240199564
-7.692712747484187 -4.276706866750457
-5.097207848787761 -4.2407056508914405
-5.4701205137809 6.500414102717105
-4.5873016085557055 7.256230047051165
2.8093336200070347 -2.402556270377662
-4.957742869297412 -3.9924454918509156
-7.827225796742228 7.6643053678049995
4.537158721749231 4.722031464080011
9.835833033551843 -0.697766669576902
-4.839298636258887 -4.224980897666075
-8.10888168373764 -6.705834489475686
0.4845648445879789 2.0694486108575063
-2.923065835485752 9.238848759833548
-0.5130899777669882 3.9701499819566592
-1.0210045530953273 -1.1527385112074704
2.831045492288135 -9.4683832295129
-6.1428488013199 7.175029094116084
-9.229768590186687 7.485289790957385
-5.590008158213378 -3.005230933452168
0.09418426249113665 -2.3627876901406086
-5.412346521256913 -1.251962629673283
-9.304016865881053 6.724067523252117
-0.9229614511707709 -5.196659783342136
8.973186063590713 5.420743518132614
9.596781291004778 -0.9989758531936808
1.6524397643343658 -3.454635396725367
-6.325368485250915 -6.96184731152244
-1.0244195637542575 6.713282358142134
6.091498192811265 -3.4545055888553833
0.12300522327399577 -1.9159033816561415
9.946238279805655 -7.970548434478091
-6.13243625531182 7.339118685065525
-3.1972302504461236 5.228080265323136
1.1595823033904935 3.6130254334453333
0.19892616739301516 6.815491822134369
4.388715310256028 -1.952789012531424
2.5171221251435725 -4.064877792963653
-5.8485488708582345 1.3307916710639596
-6.960707236668611 -8.21075294302264
0.2573472728086088 -1.7967014875191527
-4.848120703982579 9.31441137081308
1.9084559682695694 -5.452891914996072
-8.544414970293523 1.6040842379285998
-0.0943882952813091 3.1332305011719175
3.628536708174444 0.8362321482598425
1.0810997918976977 -2.2641994636914724
6.2685742126243795 -7.828240726411297
-5.693835527636475 2.242240022436352
-4.559623437366462 6.581223047785702
2.5022814186580113 -4.207310319103725
-3.726643931779831 -7.836069373431869
7.018766782462194 5.204261741503247
-7.537923081846294 -5.292333760172663
1.8627786637011923 -1.327987788399037
-9.661871642185329 1.3572690675432604
4.459999066588139 -7.245607622105423
4.012901495538308 2.651323786630666
8.61351060981782 0.08842249323723195
-4.363305508815358 -8.761777521877187
-6.960344448151339 4.144223545974089
-6.700840243697613 8.685345773062153
5.242255606889305 -3.7275307495961503
-4.119841382100347 4.611304973588684
2.7839737744440676 8.474611414087729
4.5982339000570605 6.073650021125392
9.170317666133204 3.551843343000609
-2.3691951380218557 3.497703559161655
8.441939356558535 -3.927451815072982
-8.390459853382314 -4.059200362456378
2.5172165258874113 2.2581928297317546
3.8800358669733406 2.6244740962834463
1.7735618334407448 2.805908848639069
-1.2671082910438862 -3.714069980031425
8.837938986101484 6.4624474893295485
0.2034835049061794 -8.59665604927897
9.768315093519817 -3.5918960776505777
0.9487632119724214 -5.422825995536654
-6.903634717069041 3.911297700026264
8.974409229963356 8.47274565462076
0.141996321553421 8.020278152035822
-4.257322900965237 -1.409464341576406
1.1507013115152454 -5.70153128664272
8.314894893413914 9.969291708300506
2.083680669100989 7.688590916773023
-5.30372828485465 2.1642753618424155
4.621383698995526 8.672573807177319
3.8891595727892394 2.213166070092303
4.060735953882656 -2.77405120246772
-4.031440527914407 4.723007326144417
-1.129329895577932 -1.2589196042881916
-4.123295401561613 -3.8970879009475956
4.835349516175931 3.035183612238283
-8.263056384354876 3.6498803792584944
-2.5500250800694886 -0.7400734987065718
1.3819881436805552 2.6363993397507706
-9.89587348746343 -8.14929037107462
-1.341279722359129 -2.5254144121774917
-7.949822915401265 -0.5043636189175142
-9.765042521059922 -1.926900496339968
5.09528678441843 1.2375767836097573
-0.6827784270492376 2.656903740522292
-4.599046883014745 3.8285611253219436
7.060063710924357 1.1915552505374283
-7.455228311742292 -5.29186575195456
-2.1845983717870325 0.5141202115601224
-4.112858563276973 6.70916107380901
8.669952190368079 -5.102879677359633
8.216788871942505 2.4802476757513485
6.097105253488749 7.718871135402335
9.98148059173256 -7.753309261744546
-0.6128185599720339 -3.5978858048684392
4.861704754054708 -7.278547789003689
1.1781649985010194 -2.0538879877801293
-4.284075621521453 -6.475602831109755
-7.538607132160107 -1.6392313924472912
-4.198045622581949 1.6665478404667091
-9.291751514556681 -5.532501352813959
3.251369868242449 -4.913571838446787
-5.633436794169382 1.0401929690188219
3.1532829483905527 -4.291225477442431
-5.2299617608403075 -7.322313188865341
1.0770604648751174 5.177624724320562
-0.5389395440939815 -7.495692938111047
1.5925229862062569 2.6348047976603937
-1.9144530332246035 4.465724674245688
-7.198536542561551 -2.0521132443935253
-4.480593130522086 8.932759100910886
-4.963455348126217 0.8088549512793293
0.338413868104082 -0.0772413946426127
-9.854468274072296 -8.630247703709653
9.001910880617306 6.126921797780671
-3.739370126648973 1.0473474782559364
-5.768846111743057 -1.0950650956008339
-5.660030299671861 5.517162715866322
-4.363296277755349 -8.812875553063176
-9.200538399195663 6.225596060544877
5.2475864381818695 -7.948749107969418
5.295958306144071 0.7936599474957085
3.640093574783002 0.08646518152088944
8.941458288291066 4.653061762554094
3.312854696990634 -1.0571977902148095
-0.8654986413440859 0.4634817952056878
-5.226177393932206 -8.05968590031555
1.1896517414932433 0.624963938526637
-0.9879729285315157 -9.254738996715904
3.871917110310461 -5.989794823578309
7.359797385333579 -3.7446031317260386
2.1158878135692767 1.9446128095022068
8.18422082333165 8.247999759090415
3.8778443782339735 -6.371402155280316
-8.136031954488542 -5.604331206277767
-9.092885535920365 7.277886823067266
-1.123200290335184 6.702091483547143
-2.5582252321583043 5.32800044731102
0.6428238233982064 -5.963610763785652
-6.772892504619952 4.05308373269942
-5.671402549822813 3.245062408842813
-4.5744141543213 6.772274589595533
0.7658648669375197 -8.643702608338037
3.420072577593027 -3.2574097763607597
1.6869099271874521 -5.019944554537483
-1.7509507637380395 -9.848843051600866
9.329478227907316 -9.746990303438373
2.217293822244148 -0.7884462937827426
6.33946552878087 4.1778636368949655
4.806397292272123 -9.997032541056525
-3.184921072852376 -6.18050684851929
9.07863725755383 -8.377865532775521
6.227244496658699 2.4488696784235486
3.4451774588843627 -3.6120179953386096
9.138555929446547 2.994848614883036
7.5920078876358374 1.7673434789082787
2.9048824159834474 2.6579603044655826
-5.713329667861271 -8.2985271527518
4.531089260497886 6.59173229653852
-4.364063046065343 6.260859796839341
-9.205392434351518 -5.022579534127631
-7.06615388288125 0.7372338882447949
-6.639196557530478 6.7093633294499035
-2.1010320853327062 -1.3245455379696018
0.772409470594436 -9.710432237250846
6.321422899768454 0.20335133827247276
2.608123733027403 0.24822136361473213
-3.949180732774824 4.376766674472181
-7.532810135172802 -8.96616310660972
6.103435199184094 8.345972835774788
-9.808615309325159 7.788976935160875
-6.959493475689287 2.97480096076967
2.051391563327238 -7.575853216687856
9.147237912866053 -6.561162558138072
-1.063400805845598 9.481314331122416
-5.585720503621683 8.428995750979972
-4.064630941730538 -1.638337017627185
6.873654011908606 -5.1554817025324295
1.844845672696815 -8.709786694536694
-5.418630658962822 7.903573855908267
1.1723221475360752 2.337000864535515
4.400370239899949 6.676425707500311
-7.394845723473904 -9.81725036692837
-2.830384167672131 -8.935348237110617
-5.248103235162633 7.7016639001491
-2.150471631948796 -8.982808158772368
-2.907508887496526 -0.1843031049198025
-1.0620068329307397 0.3752097481046732
9.23871750971379 -7.39035104520082
0.2157983848436995 7.093627747466073
-8.098564485493569 4.965555460916187
0.6125471448163804 6.689278972713822
-7.864113986763048 6.747304757871376
-4.083711892355371 -7.454258409861048
7.099668608809139 -6.422597565508184
3.440841684139645 -3.5000165082570263
-0.0285362355687635 -9.531401911592564
-9.110149571698168 -8.68536357551969
-4.271911483376032 -3.0323463408230005
-1.4117023612147257 6.253236361369538
5.913180652949759 -9.915727094534375
-8.452962204445162 5.4600031775759525
-5.773244649679842 -8.82796369644548
0.24282528287775662 3.9821887871407533
7.570114193127104 9.914131494647737
2.1680502417162835 6.154889857995212
-8.727081351552759 -2.7345069778112974
7.396789666224052 3.908936742508102
-9.9399512672694 -7.29327317111604
-0.40020103982057975 -9.371171078128766
-4.686498243138068 5.658454946069574
2.741935655066378 -4.732441389082947
8.582322698666662 0.18380988480786442
2.419009189812023 3.24325445299767
-1.9606749501492526 -8.320611475668295
-8.75510440064436 2.455478863746496
8.656653647605673 7.526231442234742
6.038338697082359 1.0881382569045428
0.019716530272873456 9.718891313358203
-8.5479600488547 -8.18736324290132
-6.175897984064818 -8.77912834977639
-8.152311251049165 7.787921568757476
6.948787209531705 2.1905210474176826
-6.051799012070842 -7.626844759594514
-4.005533193629882 -5.265944967774647
-8.867027666117162 0.5388546975000086
-5.254856781856708 -1.9584380361034892
-5.3026505971551625 9.260333880432785
6.951471472737143 -4.924997521845558
-9.476705471013243 8.974980711806651
7.760854927335814 -4.80611892584486
0.6937640392362017 -9.013413114788362
-8.313176716310622 -1.1642866524631792
-0.24704693533749023 -1.1880867606536363
3.554041489976399 6.997001501165347
3.3391620626364844 -5.87144420810648
-1.0920272998904075 2.7478188963028103
5.6267289235100275 -8.982367577122899
8.821643704995466 -3.5677863630650535
8.315052778127399 0.26670109471563386
-4.947469904819295 -4.4741805441635325
9.013650621302546 0.24533898380792252
-0.49536393315408844 -1.8475177695028222
-8.581074442797721 3.0238963863546946
7.455515657845783 4.923610314574063
7.684832325836183 -2.328073577380378
0.5732660883826064 -4.165124448538959
7.760276193753626 -7.189886283031576
-8.668451692283671 -1.8798054838318201
7.1491746731017365 3.521531110858632
2.656545399818244 -6.689624694937515
-5.4946884908414955 3.123024975427299
6.893657280558685 0.6018662718279408
5.38913329943715 -5.145329661093612
-4.810519792499644 4.570230540664397
-2.3506260612112495 -5.2162479320306225
-9.034161988928668 5.226838840761827
-4.307071493324202 -8.266998887445764
-4.720586698982066 -6.874325035023093
3.1122438616252275 -6.94799748476989
0.5809013499015077 -4.306522796845426
5.9809097060854945 5.808125104653222
4.809312147722736 -6.670031901623532
-2.831828752094882 9.585836718769826
0.912297764607013 -1.806839859001851
1.1150647114392633 6.886218967683991
0.20855676786298183 0.2346723542449709
-9.687699742613141 1.02862790214669
9.32299729329944 4.801780998209708
-3.0858509720516025 9.860121596150574
2.2928566881789934 -4.80408028006215
1.7140594240104186 4.401801815501948
-1.8372112414588635 -6.5623768839665715
2.7001145901149375 5.056686179591864
0.30523414444830266 2.9983056718774552
4.57045247315925 2.0221085260035014
-0.7996693431231865 0.33347338652583325
1.110825370794446 9.948357742320567
-5.716676449846531 -0.27603761916844327
2.86062881131331 9.520245390021426
4.44004618214062 2.3354784377044506
-1.9218812016135054 -8.126985360393778
-5.060594633787243 6.1945367065243
-6.314811507764384 8.335727596347603
3.717031437282232 4.538342959357893
2.660720032420077 8.148256078449862
7.1559244819681 -6.975905376960032
9.290813204313892 -5.447534975322554
-2.7782722997496485 -1.0088983326126755
-8.715258465787347 1.6950943296263095
-8.805734375304832 -1.5854342599161892
-8.26389169238157 5.35208566617975
-3.091392449102379 2.043738756519355
-4.516322251294769 -9.24706983020269
-3.656853396613446 -0.4179889720124095
1.5526449111553902 -9.931664269435473
0.5438149365974034 3.658687613756861
3.499007041515318 4.717893616361291
-0.40853248143756815 2.8896881769340137
2.5169721168422328 8.452659375452512
5.42022397697567 -5.935590526217407
-8.211321309464402 5.140940607418798
1.8993787116564746 -3.883945107815528
-7.0571712798330255 5.222213811687745
4.594975830276134 -8.69583716505633
0.1143794895500978 -9.657750937794935
1.1506998476651447 -7.379986354458296
-5.840455097854509 -3.4316366690712723
0.8685793787680076 0.2774254407155965
-0.4788253148452881 9.390746724887371
0.25766832829085473 1.1300879992221198
3.6825358654049865 7.317267299030977
1.3640375591746619 -3.5883010592049702
1.866137911662122 -3.79703588965355
-5.447252702082581 8.880922964941462
3.7055884355875364 7.351816449126289
-4.559334534671018 5.32001023791069
-8.666628208232884 -7.403556034688088
7.293962703718794 -8.39386223224398
5.512762067208092 -9.214654909333309
-2.9684666409325056 -1.7739671096252234
5.07086570645914 4.040432347435425
-5.330618356622459 -7.498006103375985
0.10489500830414222 2.3017371882128685
7.170989618615646 -1.1756462142972133
-7.3737748235070395 -8.004370859094438
-8.905893948863941 -9.670033431526798
-5.6460018426101595 0.40509582449153747
3.944084218820354 -2.422266589801378
-0.35392802097133647 -8.178092176870527
7.752649505415821 -0.1784859117027633
0.848016869402187 0.019154422786941794
3.2654137937649192 -9.232600758664368
6.117837857076214 -2.439017248409674
-4.678016895397244 -5.326592871047369
6.224463508674162 7.940719922004881
-5.768656107534977 7.154812187482797
-2.9705874517650503 8.72875937406506
-3.5503379948533853 -0.7908782298267099
0.41931495379801476 7.445978710972806
2.177631235113779 -5.435568885826152
-6.676483029382454 3.6229541727857892
-1.1635255320193032 5.303146712109875
7.204959045728632 9.864539688602328
-4.5615220998342165 8.10755192886582
8.232636892859865 7.772893718549739
-0.8239971795891989 -6.197362780985534
8.871029092175895 3.6126100810409234
7.763992836115307 -4.771341235552741
-1.9139141643792392 1.1717730155708814
1.6244655350677917 3.8284638408109295
4.035594514174239 -7.78267738220843
-9.203346830926346 6.6744733693282186
-6.05349797427875 6.089254001977814
-2.2664543115369895 -1.9879090383167846
7.247333508943083 -9.173764759872977
-3.834073995712812 -9.170031692981436
-4.8249138332458275 -0.3185979086198394
-3.3864382537796605 0.6159500157314657
2.329746290283026 7.54345176808836
5.736400773709667 1.9893861693690535
5.225809657022868 2.268892997345029
7.350808017884731 2.4997721875952
7.466493664363405 2.456356676760654
-2.417957796026795 4.290676703517253
8.173890524967195 -6.966900023916985
8.520968363735793 -3.7057202899833257
3.7399260516743347 4.651016531855012
-9.112802573588736 -6.708155564472764
-1.6922219493128825 9.726270955008747
4.5299777247708395 2.5258181658081504
-7.450195175569457 -7.423325868886421
9.676296483045569 8.267639802331917
1.6509444464032068 6.434323397159368
5.730909122068994 9.817884462771637
-8.017100719157298 3.1134840897465903
2.792133295740957 9.786750429909144
4.709183956844543 2.6286243975786956
5.524277569504189 -7.886409530250724
-1.816826498020923 6.571512979712864
6.732597314462538 -4.781690323869157
8.706519070112432 4.112906071419324
9.595854496290212 7.009652429304577
-8.131030471942832 -1.2290549846821257
1.1821882105556991 8.172189384482405
3.412134081394134 6.1986111892689735
-4.426139256909312 -6.343911402189133
-3.211242248645389 1.2108163821600275
-9.089579720803563 -1.8979312855589097
1.720390604534341 -0.4590001773559962
-1.589977694099666 -7.021253756956744
4.366640637763478 -4.213443579506173
7.352413450539 2.7909505548216487
2.710476710825594 -9.22976493125393
-8.696843792560516 -6.332884838322053
0.13330430275088645 -5.380060411825167
1.1031561153884653 -4.767205638803396
7.084387973877671 -0.7389573215734089
5.090243847553019 1.934820979551688
7.460439078068465 0.552590280876359
-3.2036085893018402 -6.810795716287208
-6.501237281114205 -2.876473831140318
-2.4480665957068837 0.4019492483911833
-3.8573858325675925 -7.673203280756957
-0.6121713321348174 5.325952463040144
5.728385236721902 -9.995385078262839
-6.975223646773272 -7.541499564800143
2.108962964829992 8.073935805775097
9.233116156883082 -7.8122076369489175
0.1380835853651199 -8.603712734418462
4.436404921641037 -1.569886780083209
-0.8827873996941484 6.864185861023724
-7.874594919500957 6.6907759883091735
-9.174799125968683 4.629814123091604
4.017492740811559 4.362315912102135
-8.88783763136631 -9.384047046988766
-6.3409385963366365 4.268398750781767
3.478744324029062 8.701277988553723
-1.4760944410247312 -8.245719888024869
6.156298703915809 -9.0783685379971
-9.5946898995369 9.692971091245145
-6.050459126396042 4.705746499243251
-1.8952877489956226 -9.074540812823574
1.6548403745908047 6.002018651814826
-3.53796326288305 -6.845191924976528
-0.9001814111832136 2.7155898784199124
0.766093318499566 -7.611622340938049
-1.559836814906932 6.2461086189558195
-4.196971595692565 -1.6244151906979312
5.9552928510450585 6.603727413492372
-3.9424889711210875 7.594423147801464
2.207715985995737 -5.702452918596784
-9.625610609104768 3.7977126202046296
6.096092888756864 -5.96387620565425
6.394175501917594 3.912566249070803
6.680424958869519 -0.5201424368759753
3.636022083228532 1.2725074680286532
-8.15314331374632 9.979812890619286
-5.3115279073913495 -2.7734349861200975
-1.7440346883377664 -5.390689161549482
8.265557476065204 0.36441084366521004
-0.3124502146451853 9.295809309305096
-3.940470599661044 6.881949566388972
-3.1048279999609267 2.3803665544689956
1.0105240330303005 5.123974433793649
-4.458099541851743 -5.311320385525575
-0.00650702549544846 -5.116404806971644
-4.568386483652597 -0.0008318939612834697
5.344837187160124 -1.8774434759453626
-5.402241321711609 -3.3260314676083063
9.405940640387456 -1.7476308644269505
-0.5915663607368735 -0.7736345135349119
5.695271248057839 -4.098484684277157
-5.458355263567065 -8.889942536360804
5.533710530349513 0.6926772011954245
2.0267978484405056 3.856659495631378
-6.8987840161106595 -8.284525234349797
-7.851200362940682 7.420689713477003
-1.1516699277457665 -6.402514326858748
-0.17048529233799847 3.7882532307976557
2.2669406708548205 -1.6067904548693122
1.1292774962482284 3.8606911632589664
0.9678902994635852 -3.834737438527749
3.947188510271724 6.89241850852299
-1.4283013527220874 -3.431887991534266
5.997114296752111 -2.20895943456971
-6.243384938285066 9.002416335816008
-0.9562795191325097 1.7605699852019807
4.631811620903763 -5.384655718991778
5.825989783484971 -1.3793596008135545
3.9942644196055372 -1.46018963680927
4.786245548357416 5.072040706979269
6.275714976130708 -5.67777331315535
-6.838684983719903 4.871720926522974
8.027576785398775 -9.677784143506944
-9.704369829210759 -5.4522338676063065
7.497619805092956 6.5725611537886905
6.367315044683522 -1.5311189687577826
-6.1303701665368155 4.1764590937021
-7.127106338360772 -1.4493866039028802
2.3840512552228503 0.383025387169738
-6.939613501309272 -7.3036962928691125
3.2796114613470717 -7.821766184662158
2.742809092761334 0.9637833868807615
4.7576394056027205 -6.164846423685251
-7.707853678794201 8.637559182111826
6.191828412705604 -2.041063522067259
-2.666850540286445 4.056813243120567
-9.912094653118233 -6.500890611496663
-7.530515531099686 2.5148384030122966
4.0417670745734 -2.864005213945717
9.333790582145415 5.717540827230611
7.1698378464846115 5.656181024488351
0.5926823688757725 -6.98629287278459
6.465919683008007 5.8565897771552695
0.8863327287384841 -0.4977840531397444
-4.021019135772603 -1.5524572615233652
-5.618536613300633 3.7882051847358778
7.299645355868492 6.41967293587301
3.7711702633004194 -5.76004273940139
-6.181250185319063 -8.691105869532043
-0.7085421725685048 0.8428286786892141
5.305602727344867 -1.4679694074155254
1.3972553438451882 6.717571365904117
-7.069806282949664 5.136957523833104
8.2742069228281 7.48541444233733
9.057607868106125 5.295585787063624
-9.459689410888041 -7.241168221605512
1.9789644788080878 7.919756343046522
9.416739981670158 6.6515796870187245
3.075416809448509 3.2708979871361663
-5.03960770338934 -9.702734622989857
1.3150831048260958 -9.595122930122802
8.254374570421234 4.145134603683328
-6.826300449478548 5.38809503125697
-1.6227331320020824 5.839908010851925
-3.827413361791323 -6.894814663661664
-3.4571132654643266 3.9639017758569572
2.2733241569124356 -6.37951589863663
6.854787719073457 -2.2085786767863658
-7.614485945510989 8.715159828993194
-3.962100612208694 3.2210621848804237
-6.522730159918375 -6.854477529725824
-5.892186208466887 -9.732597831306267
-7.103774068932481 -5.173048861085183
-2.021028984481392 3.412063384304142
7.4779663784627495 -3.5824325713284004
-7.113017214985247 -2.7589629090458656
5.186718684844205 9.438521266179528
-5.9162223369331794 -2.7375350487390087
3.4505712034494316 -4.808493103603482
-0.30782123916829995 5.057354611907652
7.66445781048429 8.369633893843694
1.122646763556281 -3.206029596518654
7.8811139354066775 -1.5096960314462642
3.0710158701660095 -3.9533431299231303
9.407046207127948 -1.3680146302341996
-0.5008769843804508 9.753592216162854
1.3515091804893942 6.351821994133747
0.2689054206973367 -9.476231921417623
-5.944502887769289 5.614365944843229
-6.046827777270112 -1.847253388836588
5.761225990478472 -0.19883859699201523
3.1347644408614332 3.942030231883715
6.447935426553837 0.6721891697700855
1.580107628933611 9.649149614292504
-4.427381981997867 3.3584857333136817
-8.91590850332011 -2.5301461187727963
0.8273850316275784 3.178946381623927
-8.017899214203101 -6.573685421188271
2.5526439138765475 -9.622652304332203
-7.468782448321852 5.938147595023617
-6.000284896657975 5.206872251957117
-8.257317864439175 0.4228773990327195
9.032849700626013 -3.333582880263082
-2.9533099959574827 -3.5202769428384384
-0.49572759891070106 -9.57924172117515
0.7535405195591132 -0.005194967475656398
5.3673841823489425 -9.818478102363269
9.508575340276664 4.746282247209015
3.911041848803995 6.272490586505899
4.435775513920422 -0.6292307388897065
-4.143999486132612 -5.921727577214102
-7.133596857782698 -2.955852835996497
5.3122540156625675 -1.6362743006683207
8.07675988284474 -8.351504363303551
5.218145741667605 4.383278768992557
8.274413893332468 5.961684220628836
5.662791329047678 5.976342942779562
6.5917732995181595 3.291021189288095
2.3620346458686132 -2.0372893453429626
-4.266117422188933 3.784050829544203
8.974411735694211 2.7281092121059665
-4.6701269970051795 -3.0388131332316064
1.8008543010079947 4.902302247415429
4.050324603090974 4.856808799589572
-2.3429604270453375 1.602499357301138
5.826772786485199 5.859016058830193
-4.719505690686638 -9.990947869597605
-9.511780006612556 2.320750438117763
7.961990225317244 -1.8903617003904714
-6.82347376033166 -9.884954715737173
-0.6734776236041373 9.918327371467509
3.9319760236675236 3.4113534833200845
-2.6857752801259727 -8.03913490055309
-0.9258051213462775 8.166523617400408
-3.2868270997740323 3.73163694822885
-0.6065313268406332 1.3046729248829294
-6.287174264939194 8.994582502795787
4.353184540321809 -2.5356657727981897
-1.8987761306059134 -2.5058870928144605
3.3105037866875193 -6.481623092495723
-2.8574429270420465 -9.828722765216213
7.6758890139748 8.19229548788099
-9.418948037287546 0.4479289306040819
-5.31112326238901 -2.14325209731121
7.864942241907741 8.678755408800136
1.7432845150326202 9.285198839264059
6.84758246949561 8.912829050350432
-3.8382580532215504 -5.473700705731868
2.348917380077932 -3.5643979195940423
3.6415114756126776 7.619987349166678
-3.950172814805846 4.567370852138151
-8.91142229450647 5.9503540019571055
7.166182202155088 -3.486795762076474
4.778251724014575 -0.2915210982025389
-9.559903982453509 4.050567703908621
-5.628318695338834 6.1907130018452925
1.620175996220901 -2.867165051331961
-4.8723104434878195 7.706543143793613
0.004631384088416013 5.716766621026387
-4.5379144577045105 1.1163522115162294
-0.7346019304914222 8.325290250478446
9.005944795834893 -4.073359404693717
4.938975252096519 0.25184906944070207
-3.214652732476207 -2.829161628565835
-4.105131942808868 -8.437096763273113
0.5424935551852617 -9.16290281147679
-3.8452345475365757 -5.956683352477137
-8.848259881623203 -9.190360647988529
3.700978722819489 -5.733249290322111
2.176939491894828 -7.521053975349943
-0.5650732687255413 -8.54330211456222
8.319302248815717 -0.02796361802382208
-3.6488103294331875 8.936129879961292
2.1181665412784803 -8.717145880056043
8.44856795599775 -9.57754247366212
3.4146898800232 4.997672776979737
6.765852374236932 9.703991792076376
6.238471059410269 2.319056744330437
-9.050613549538715 -6.364688125005582
-8.556347170156204 0.9231090728124354
6.1165394408079905 0.427509800143433
-9.849906819128865 -5.34250262767721
-9.54876516309987 -5.674328393106753
-2.0752198321762894 -4.622828784340463
-2.38126244444798 -6.341779333122959
7.166619077278412 -4.0113735249972615
8.330411177585194 -0.4262832360169799
6.677062070401057 7.335272036642653
2.299747021533145 -2.488918122108146
-5.0963821522748916 9.418554207908262
8.767531359624243 -8.680253826080214
-8.172657689449608 -9.743146187137263
9.541185366999706 -1.5698547181027056
3.424557260929353 -1.163987297377231
-5.293645485497896 1.3283334270059814
-0.22835380089687263 2.6719667002603664
-7.632862022837772 1.83759326950371
2.999829750614854 7.288624110720939
-0.8421004391258684 -1.2091077976069755
8.139776709616076 -2.6196582692314907
-3.5955346556401064 -0.38110754653416734
6.32960159116498 -0.6676480315412974
-7.343958484018119 8.654610423490016
-7.635806514031087 -0.9835411078101064
7.58527349221194 -8.85401021996821
0.9142262054517918 -0.9286224203063433
4.914470775980748 4.986578558379298
-3.4457822495792794 4.065547223809418
-5.4797632392790785 4.715868475046147
-0.8158662514165194 -3.018990889498527
7.413970834730744 2.2486679865115597
1.3584456790460049 7.78381387332027
-7.298336171334652 4.434003203242135
3.3709899497170692 9.770654791446102
8.123235384271545 6.271381366646999
2.755566752160334 5.6752740301614075
0.428045635104894 5.297472579819221
-1.5643979397473977 -3.6748470523178867
0.13115019653339388 0.9416639034059475
-8.649526371736815 -0.593818874755133
-7.556314577572167 9.87077114593782
3.743333265696389 4.340504451978662
-0.2464730325829816 -9.23437637515538
-6.946073103088022 -0.3894647784295593
6.071450955325869 -1.6354531117966697
-6.0240984472074555 -9.66579114403081
2.5944254531509277 -8.292558067340279
-3.9867344039000514 1.4086336690088075
5.428857545772285 -1.2533455773392674
7.7853926307113 -9.629028955575055
-1.9068880538005484 5.178273750341297
1.6437113891754294 -9.090870515975686
-8.246410506121604 -7.65375574430919
-6.367331524990862 -5.457994196892262
8.04600858095845 -2.461456418670844
-6.142915756476743 -5.8512489491919295
3.981418622519019 -7.797631301953773
-9.546995829327795 -1.3293713952328474
-8.687884924531852 1.934903648340649
-6.198042588185714 -4.030434235129108
-5.823605094599227 -5.268254301622932
-9.293559914912464 0.5841714828766875
-6.319587596820724 -9.398920483257696
2.7656372698296376 -6.467570768369781
-5.734885760276242 0.6339096066279541
-0.5924203524711906 6.279584863454538
3.1219135375616034 6.428966869016129
1.0570986423428792 4.248670251239732
-6.322006158219622 7.475939184862529
4.755506324903662 -4.842422021654588
-0.6134902410747856 -6.0891544327364215
6.501779366233588 -5.1037342408154185
-6.930030489642343 4.555488488923025
-2.4032733916060023 2.335525431370449
9.586872016502422 7.689337800411856
2.592919338100897 -3.7489301751922133
1.029502213765955 -5.51344959646022
-2.32932084659089 -5.0198943020000435
-2.8559448738773714 -3.4126755362472956
-8.084112463208053 -5.053631120920874
2.7474244739679747 3.8763731496276144
3.7124353270859274 4.943294701968075
9.262402999764241 -5.857652811666371
-2.2325757339236567 4.464234795795502
0.6345555589842498 -0.3007621765040831
-2.316819097960561 5.714146845419654
-2.9358147775835235 4.7106211232395
7.980268683638055 -1.1656762708701898
-9.972010764527745 0.18336340982398625
9.52048369008223 -9.752618250563776
-0.6082533383418198 5.0672251604274265
7.5698542760171215 0.9738342434525045
7.063944523811315 0.8494715450231016
4.319273436444423 5.423598110288561
4.4471079586529925 4.618581046049886
-9.696363835712953 -9.738875968754378
1.768227032169051 5.159703632873683
0.42223448032352273 -8.036040020460911
3.3077971120770933 -5.62249123312867
8.760652329454317 6.64973101754989
-2.178251571089474 5.359754164097065
5.624490200886205 3.0169450484137705
5.1910583482556465 0.9720156611344883
-1.9699732426509975 -8.518855431216872
0.9497357077478252 3.105434788025306
-7.922273026592189 -6.8263998604580545
9.59617377139687 7.452051597623836
4.5088212589735335 -5.78362510258761
8.952022347979273 -1.4491365751576968
8.3163751593092 0.6842049965104362
5.455204642198339 -4.074764148563963
-1.1897350019692752 4.697778659387385
-0.8353787408787312 -4.828583024894282
-1.6382508462605916 -3.2946418498578023
-6.722939039924136 3.0570152556423746
4.335914152244156 -1.4535075837388316
1.9284364714283235 -0.3814472123026249
2.7860724395982235 -1.1243917373598364
-4.763094640749143 8.468259655664802
7.950141794073993 9.423742835759509
-9.427511447812524 2.758615512912044
-6.547699156994509 -4.7486763047949765
-7.755075568098242 -5.477546672253544
-9.37692345627795 -8.952223888668804
5.264053137637006 4.4882984602361535
-5.822196574241499 -8.957636317433128
9.161603422731929 1.8921957338805147
5.963432069339545 -9.570103838319955
2.5075052997348557 -4.303877389253867
-2.6947324796754746 -7.532431204478924
-9.206518468650657 -7.423159068897545
-6.215961607424032 -7.1923610745521405
-7.264659429275504 0.95860432461863
-2.1049023567933522 -9.632838185970552
-6.584698410556607 0.22888989976620877
9.930073614543879 6.179341135206219
3.940808170175485 -2.7818598705324042
7.931929236670069 2.417581575777186
9.55690712458901 3.5868596971976263
-2.7262610675795944 -1.589575084044137
-8.904554466595147 -4.111697488508974
4.592604999556855 -7.001187590999169
7.436901716292013 -4.721360820435148
3.8790003720976713 -4.13145341036842
9.408537565334768 -1.3604748709774288
7.78179323217001 3.593482558047727
3.628495061843683 9.093185119071808
-2.9332480432930623 9.229678339306936
3.7576945852385926 2.41763074580229
-3.7641715423897404 -0.21525074664137733
-7.132276491588952 -1.6698769144581505
-9.397868341224918 -8.881380738290437
2.570313870851397 9.15672190867878
-1.856517357675223 4.693428446776608
-2.657300138694561 -1.9466451338414448
7.8571897988043595 7.998174081608941
-7.849528925381682 3.380192408246284
1.0695650480639163 0.28256757052541204
9.652263455106276 5.114642749763231
-5.793503114743208 -2.3839980830265795
1.698644487651455 -6.964384363458325
8.20314659077409 6.3915931233866985
2.5507550267700942 -9.582464502011533
-7.275840982698931 0.4623789170622228
-5.791751357817052 -9.654206461606663
1.1794403066651533 0.9192180350521717
-2.562863788296303 6.110506162678401
-7.601029740854324 2.7814872388715077
8.33575203071566 -2.965637300059525
2.8334507045738615 0.15734848123735112
3.2611148852795413 -9.20797365298294
-1.3479181113353143 -3.6124363949021383
-6.405141437903552 2.8820010630559487
2.7930440847865956 -8.136028673646894
3.8812174956881957 -0.8800168216834763
-2.6760382319734592 -0.021890214525029705
4.501895148770011 -0.7048629835154827
-9.797249344960834 -6.935207146681539
3.012273287310512 3.7644847930697196
0.9020031642698747 0.8195895720697539
3.1159308467890625 -4.358864680809997
3.929338196992042 -6.197413143107617
5.239491253668465 -6.948443547482404
-8.153042340674856 -5.649871529682551
-6.157789737431074 5.306666822730593
-7.680883398749594 -5.093278574233633
2.6560368239765424 6.10719250072108
-8.829354747538456 -0.12051398395299628
-5.882853920754347 2.1637179750276445
-1.2096696577924213 6.664669880397632
-3.946823956070067 8.555662557776532
-6.703161038218286 7.978776602335643
-5.685155872657182 8.591352308395386
4.5940418808991375 -5.900089120230884
-5.2830985750358606 -9.69460833252974
2.149787717427216 8.288979217029151
-3.195686243856639 5.9648997351148765
9.46130069239516 -4.181299588426894
-8.367450068844208 7.364543187860107
-5.509174078148207 5.457350435384027
2.990185387082768 3.9107127020666237
-4.546441029077051 -2.5921859841112997
3.828768433148097 4.090722729839529
8.455168943501583 0.574582906774733
-1.0900569881421553 -7.4747990000320685
8.409250097656336 -5.36906525998363
-1.5625969334649312 4.835275509922203
1.5180538852319518 8.82796754081722
3.0552427173321597 -1.1134101519775808
-2.367596382434394 -1.2210404279407943
-3.0407509418444967 2.237188984468199
-7.334627985666787 8.004851882775075
-7.3007679217532555 -6.321981376005934
1.4531004694813845 -0.5416348692522437
-1.680562593087533 1.7985049517848708
3.5672774903326747 5.815982576181462
5.113334618906 8.104125248063827
-9.0080827323267 -6.658749569909932
1.222025128380963 6.9582762598602415
-3.781649476682219 -5.3492486780971245
-5.862695315295774 -3.3204595670569192
6.050163640092801 -5.347288659935039
9.352659289015318 4.83640541259615
-4.114552310001162 -0.24365050122760223
-2.176297084375376 -1.86636297393936
-1.1803199394291468 -2.4277085903005364
-2.4274050927909947 4.786681260527509
1.2342737525017036 0.29773746109922605
1.0006783228447613 -5.273059412732102
7.281604850280917 -0.5290778650791985
9.075993490430864 -6.0787859622228435
-9.385371834145941 7.40597907811139
9.545581761289974 0.6527789764832761
1000.0 0.0
1400
-3.484440054866031 -2.902139007407884
8.856831465635707 -5.4950427384074345
-6.394916882598556 7.875338773896914
5.026340259921021 4.224601671229998
8.003339469065011 -6.149020295065204
3.2188629622253035 -3.3204103395449707
0.7773890248268689 5.598896054716407
0.24956376339689967 -4.790915946613794
-6.692064061261897 -7.023697640188975
3.122616818912455 -3.99970907742982
9.126468367655399 -3.224560841032373
-2.5995581979020344 0.04469743104892032
-8.920193273390929 2.0394619537362146
-9.323931084358215 2.716491413369189
-9.172503673324348 -3.192579886425797
9.682380161440182 7.934578405752351
6.4513636161519905 7.791167654324251
-3.8747694572189424 0.5774977264752899
7.75824595963433 -2.0442605426138005
-4.845977863457467 -6.137928328481985
0.8456225247926419 8.169956129714027
1.1273348135459234 -4.319853303330026
-8.731913253877421 -8.48953891090924
-9.019787703397553 -5.2704327378735645
-3.977598842054679 -2.9334468925595125
-5.687917124223683 -6.51606219909138
5.622178573855539 -7.900521818533781
-5.629404166611356 -5.64013426647239
-9.325448492778799 2.26695560154962
-1.7620006802168895 -9.499370604767588
0.2659278664225475 -1.1598986995726648
-9.766538112235548 9.370968982049451
-0.7229662507380255 -1.0441018315879482
-8.103020294608445 7.230039510797205
-8.049845334912934 -4.043977142190327
-5.373908474015405 -0.25460663505184833
0.8043863485832539 2.7797988408917327
-8.394452314078112 -1.722206289230341
5.12489694138101 -2.819107928537634
0.7594980142500347 -3.0369907376798455
2.551475078110135 -6.8058504578366374
-8.680134870881513 2.0065752719012195
-8.729457077531453 -2.708792267359925
0.3579563533889569 -0.6886105495756478
3.9756114977108545 -4.972717902742582
-5.482340900429983 1.73577292798414
2.0358474408491194 -6.210980666298671
-0.6196842045445337 -9.251472087742059
-1.046133465110806 -5.834681330815535
3.031064718706226 9.439685781160073
4.398565154295849 4.318141543968853
0.6329434461414287 1.7047887616633535
-2.867744897761133 -0.46221148663008904
-3.589728866887465 6.207338101616109
-3.690030991118503 5.869075558292192
0.502632020474131 9.861112503661381
2.2697308923311077 -9.269529594632912
-2.4653270845133317 2.9841734516307774
8.528760822739581 -9.41880644045954
-2.6761809105452468 7.203992583463691
9.06260341051706 1.3866384243327357
7.011710613904999 1.517149747661371
0.6666041848610238 -7.624261327875683
-9.88062583352787 6.455439205948505
7.694234260623283 -1.1947815632688439
6.5976194707796445 2.502983438865618
-2.3026759141201776 1.2933445615760597
7.801188928675813 -4.315266788896972
4.205209694386005 4.998116708030322
-9.492563339497996 -7.967651205241253
-2.151020145723665 7.499270230146806
-4.047629390607543 9.321322796691234
-5.2931690547473975 4.257025037198707
-3.7438886115010783 8.552188909372283
7.642457283776658 9.873051434120278
-3.1630816636519743 1.810109964198034
-8.489222172625567 3.921906149481952
9.360368392545148 6.148357213513499
-5.680395736958439 -1.3339356343150257
2.1669494029272567 -8.338663726274461
-3.17576978320961 -3.4906473598785297
-3.8285693142742483 -1.0680170158773201
2.7308011723148145 -0.15163948308419606
5.330309103662236 5.148230236648754
9.373579352172378 -8.210017640277453
-0.12848703486049118 -0.2577982253002489
1.0806098825126558 -1.3999739264009605
-5.76841780032419 7.682874119615274
1.1017695847724713 2.9042929014190317
5.7376282833655665 7.225119202427347
-0.6938377408864795 -9.920264244667257
8.618810766609247 -5.6383888645983244
6.131802933100733 7.58246774825983
5.11113572279255 -5.581058527371363
-5.394684762611068 -2.0833817200761517
6.275508386422519 3.1632711195377823
9.414825188182824 4.052025568974669
-8.785082232286364 3.8747155473094494
-4.207701010806484 -8.283335358808696
-3.8879747026865585 -5.290308369462553
2.5698662928705325 2.886678126650322
3.013330021989063 -7.58961213106677
6.366488956720268 2.6290212059127054
3.469344594337201 3.28934164682639
-8.261511307070224 1.2346095805756985
5.670555168740039 8.370663663957757
9.407402825420661 4.656450334217933
2.5078696684705655 2.3094256633865236
-0.37663728101325944 -1.129247452980744
6.46176225838094 7.638568516581373
3.238839546824643 -5.695830567593441
6.970786521167145 -8.900206350453976
-6.164618254034854 -7.018844544405649
1.3524648546581286 -8.82815115764207
4.012989044141504 4.310761787963974
-6.061170902940541 -3.863597463039124
1.5543405131328658 6.075444703605804
7.494565054671934 -6.781681291926023
-6.788840169929657 7.745182807670538
-5.392740400728908 4.184619648328615
8.856974602694802 0.4981921495774504
8.822657884376252 8.58949341606553
4.460691821415887 -1.8224248649834873
3.5430915765774866 4.48847044088448
1.4422695091194626 -1.7206012467505332
-8.612522338115859 3.9207239347787244
7.647252042588995 -4.271910869880983
-9.780637188245713 -1.0929987711777471
2.0800645066911336 5.302692635431532
-6.6919774346021255 6.024102142156018
-0.7614360140611272 9.516542963956446
9.143973338601732 -1.5315379012230483
-2.037564510751901 -5.004814475404958
-0.22399789981609253 9.773477698003077
9.355358813644877 -5.5991532476314205
-0.29173060134695206 -7.1870733868240855
4.0280090669315385 3.986321133046504
2.2253781349627726 4.601702764736082
-1.8155988509336431 -6.921291253869213
8.671919239134404 8.699271600385782
-9.915071124765122 -9.950987413045551
0.8260490269016643 9.724400488365227
6.582671492543341 7.127981595534244
-2.347068421943332 0.1780649132927703
-3.738791323346698 -7.292161645983559
-4.422952873304715 -7.543093404109545
-3.677697579936197 1.865308473171666
9.366540864171256 -2.9308441203962365
4.260528956728862 8.157350443297986
-2.929497789315203 -3.783684515072867
6.4148707030063825 -6.117816233331221
-9.764946429904102 6.591547418198747
6.433566677785926 -0.11256094297791996
-3.451223825751926 -9.602607450582287
-4.793140239756449 -3.7889122885571958
-9.473926969126428 7.450652330608747
4.570065489422287 -6.291339047800748
-1.91858107304785 -4.034659551764854
-7.7004473014971175 -8.201709165639867
9.249445966936193 -4.641086245653381
-8.795165935785715 7.337655534664027
-8.546149295449679 -1.2785541876009496
1.995411093843515 6.778636364557546
1.8782692317701244 4.720696944511392
-3.3141698165585964 3.5321290622625376
6.890287446676162 8.988071341317909
-9.592939147970501 -3.8330165590117904
5.157797899085114 2.459818352469817
6.842558001643329 -5.782313506206447
-4.103476946641154 5.963582174650007
8.119811623374929 3.3388735203314504
1.556020754133085 7.258152799024614
8.817954441164378 -8.85165175011958
1.746075189595011 2.8990821812116003
-2.6419260776475806 -9.031486882991732
4.691502262389427 -2.8973611302306086
-8.570398524211404 9.544939291035725
3.225004578464379 5.3301847949721655
-4.724683107752973 -2.2386429524339597
1.632282037021323 0.04162045375879053
-0.1296751304313304 5.513197509794946
-7.290886462971522 9.627156234625922
6.6326650210204825 0.55727315875329
6.644374217467803 6.313985316635641
4.720665966620297 -7.846906587176338
2.047188462189906 -0.3486246238595001
-1.5883343644697234 -9.793051748849127
-5.991355873347663 -8.439350293396206
0.23049689165531362 6.67773779931419
-4.439360023241448 9.188364405893385
-2.8319307863907532 -3.240142468996792
2.1352408638627978 9.564888343118575
-0.1403777319611894 -5.679821413608954
9.438255317900751 6.108986654078844
1.5895872826650077 3.651544261309292
-6.049906934342832 -4.72551499479464
-0.6483478424040445 9.690723995931172
-5.261532636372143 -2.4738497559917727
-2.364025533785603 1.6860832890043547
-6.501151184040374 3.381139380379155
3.333993751620108 0.33985999518679044
-1.5050469701210734 2.919557395290015
-4.5022035781372205 -3.365128796725063
9.528691678853004 5.684799639392992
-6.163784146122254 5.158214392729679
-4.501191543399601 -2.4957498270389937
-8.643192381097695 -2.8188657064666494
-4.261957978964093 0.8854324169442798
-0.6795632434492376 -6.853171400771945
-7.44285242768794 0.8517293416049263
3.3693679872307243 5.478509382014229
-5.721634366517003 -4.301673998022295
-9.974827265428619 4.694645455804983
3.3254438294640565 -1.815321209040686
5.060484004365243 0.7121588315571064
6.129346559417087 0.7269290622322657
-9.461705996447469 -1.4491054183795065
8.58594438278691 -7.867796391928536
9.775479746527893 2.3519928145519415
3.824517159261447 0.014466971436011278
-8.699700986618428 -8.372757555366263
5.961060494144327 7.900625365807741
3.704269795025219 6.72930845611727
8.989365353206114 -2.449418555379628
-2.4796326784027993 -6.72794598224463
-5.673094483334424 -7.644783856306998
-2.2369827332985404 -7.724408227484552
-9.296791371060579 5.539302268497053
7.973196082300188 2.284210988117234
2.294360082595377 -9.02696693216214
5.104470654431001 1.1191852611269972
-2.7295098218941565 1.868811965533876
3.996673547080878 9.569440564848218
1.6128131364903542 1.8869449086948205
9.43919606053138 7.91269752367192
-3.6311248355838854 -0.13768501851369308
9.493317257353166 3.90881101391075
-8.60302017724832 -1.4529121176976183
-2.5887339552335735 -9.852680804618162
5.148906718889332 -1.6876126204003938
-9.581089186496312 -3.7411912060430126
4.629396995626884 -1.4326831487468432
3.7083048911774767 9.609037979576097
-1.7209750727808526 -3.25829922427745
-8.44453515698059 8.84002322289371
1.517630180317246 -9.55886860322221
0.7739951402078447 0.4569423641720398
-1.4221798618899797 -4.711296815684394
6.28267260532073 -0.8534980666893777
8.249501388972039 6.784494056612491
-5.341311074212729 -4.256363042259867
-2.1592694868444973 3.898332543731378
9.159052786260663 -7.97841248471634
9.466275901947704 -6.180217390529208
8.55862752215764 8.319400866440102
9.132030308800317 -7.794855274253996
4.04919629886092 -9.484069341343522
7.855100705283668 -1.2177865731121997
1.2905358140749552 7.347827498244758
-9.35351988178072 -2.283507867328602
4.47194000928857 6.694512662822763
3.375546121761337 4.464777779651195
4.908148429245934 8.630742927670461
8.672747479384388 0.8965636737415767
8.658192062062856 -4.688237126523463
-0.25357514351963495 5.1701906430538465
7.288667806528359 -8.24666963731449
1.6307268851956724 -7.477344289554642
1.7112561961386152 -5.52187092544465
5.508326478884381 1.1935876683338638
3.3629422044066377 4.397191204134568
-5.561152920333239 7.1598283964743175
-6.383450540039375 1.1608366102169825
6.434468025147279 6.632468309781679
8.634927069729915 0.20973854261349345
5.702088586469902 -3.2254232816755835
-9.678546679909596 -1.8066298298198191
8.591098153535363 0.3845628652744857
5.241677706475498 3.933142406555257
2.2897660077701047 -3.94832121274888
6.012126104148532 -9.25248976413423
-3.16761135857128 -1.5427640561543683
-3.772116764762403 -7.904673132565172
0.16346740233466406 8.097708608689803
7.328430029299312 -2.4496425759810903
-1.1635521666722752 2.3956941836457997
3.762691196958965 -8.205548692181868
-7.903708599857349 -9.219307768809593
1.1608163298923397 7.252698878012058
9.285400320700383 9.48814804637594
-9.112715817896209 9.602129855066263
-7.640870553796617 -1.3052069978039516
4.658036605094438 -6.346196685051315
9.748319544853345 -1.905554780736221
7.291245978782545 -3.99162736579661
-3.94880190595031 -5.442936766322079
9.865021147376329 -8.820267125359083
-6.623001695529389 -5.853438368122519
8.554378081744556 -5.977866609585007
8.672365568056101 -6.812800448253411
-7.343808152082014 5.027061374594217
2.861630742056125 -4.622586365274211
8.90047335865792 5.299189764636957
4.970849214718971 1.7851880948863936
-5.666422637926541 -1.6150473375815295
-7.284217329983129 -2.488372153739804
-1.2792867730732098 7.809014776491935
-1.2704309815298735 8.793841322482223
-3.5522107277810733 -2.4695553816747733
3.8837043008092724 2.565422736974776
-0.6639739934875237 -6.893923013093901
2.8064026735376952 -5.9979720494554805
-0.3574849411575691 4.260686175941926
7.628229548426088 1.1508947672391123
5.946763192514089 8.698042886447894
-2.1534886518720064 9.066009728997045
-5.172492495881409 7.734035894074303
4.1583534098012525 0.24039844290585144
-7.4983765224547305 -3.465932976692634
9.348157843830023 -4.635871874105129
-6.060934388328112 1.0937569231277884
6.777893978135914 -2.0050565015251127
4.3885823017199925 2.475229887429398
0.8915438441379955 7.586643070525557
8.963200483693612 -4.781841045422254
8.381636972315665 5.742395145832322
-2.99836481566839 -3.5984273363578945
5.146682348357386 -2.934428624561196
2.4422727909258146 -5.799685311558374
-9.512357114327571 -2.916346107731778
9.434102238345407 -2.750121346726562
1.4965440520864366 -2.3450103670530575
3.4027962478121943 6.174614026665967
1.6910766958922867 1.762352333542541
-2.149598546732527 7.722862748802683
-9.23466046870413 -6.6766177356866985
-4.259378543231442 -2.0873030817746567
-9.990553305813156 4.0251688221775055
6.107423708231472 3.8761830651459857
-9.369049034146963 0.20324116860598984
-8.886429605045779 1.3215417020140574
-3.9766635770568843 -4.841249828989556
-2.8210225854404003 6.5668262443984595
6.70598193330661 2.8365994427887493
-8.004980296014836 3.8252615255400624
-0.6399493373892327 8.69859150821123
-3.749332355511492 -4.283949238525775
1.1707375555174089 -8.355613011403612
4.779868755292053 -7.923808690886858
6.9373371101801276 8.872643695241752
9.521254264049372 2.872409766641308
4.467693831059922 -8.265744766649163
8.624489777666263 4.499832515094425
-3.15837978117197 5.388042388890922
5.703215471969617 1.1720820006036767
-9.919776936650377 7.644606363741705
-1.8846783071806872 -1.5331452306898257
-7.358998986980416 -6.188139630943173
-7.624072055773894 -2.5189795124976726
8.201349204448242 4.024022289860467
1.5645576568910897 5.868431546592088
0.7481489840930511 3.78891687619857
9.686456478329163 -8.027797766770208
-2.268269109119756 9.282617927943853
8.829904262406565 0.7329351911713626
4.722849201390503 4.078776102272883
7.557703481845778 0.6277783942750332
6.56140726754948 -5.135259572659998
2.559016626405528 -3.7647221109999274
-0.11417028559815812 9.287225101108206
6.5896321518896315 4.300442244333031
-2.019791706160685 -8.331851151891371
-8.617912052231521 8.57778852424293
-6.787812606340793 -3.4058970804526894
4.264441155588152 -9.538181963266961
0.5636447329173944 -5.585651631606801
-5.261649236652484 2.1628573018709556
-0.026471256094620088 8.795195555409606
6.8522289630283275 -2.8244269283769103
7.570519931451141 5.7093643696742
8.749019357281497 4.864712684058269
-9.380787430081135 7.89592614135951
-7.456813449534243 8.220019307497996
-9.63651722616325 6.167142582030561
-1.4749536383310708 -7.212849412445477
-4.125119925498682 2.1653497452347388
-2.9755517560435107 -9.815195909478877
-9.3584651356025 2.712653268482068
8.78524963310689 -9.050234471003671
-9.788563031857777 4.163284240867245
-5.029403758024154 -6.50809486121124
8.851557733743903 7.947707057507117
-4.8246709611613525 4.325247955597353
4.33388714361233 -3.516026614092656
6.502767456038299 7.944538646810948
7.021939832302028 -8.379496934810222
5.344254548822818 -6.634306254808715
6.647673226226903 -1.695602667514608
-2.247336733753416 2.4997425547804237
4.489745420405624 7.698769573578975
8.861725828777864 0.6528831627724418
0.9272842887775052 7.074360898541055
3.259567704041741 -2.429850187582076
-9.854515087795727 3.900359125208686
1.3489040257604294 1.080875764623869
-5.701170195369953 1.4621187098352433
-0.1009765383587009 1.6590018697441238
-2.8041266491970145 1.386408241232477
1.8469812753937696 5.935183513069131
-0.49502391152098824 -5.627355685041744
8.569736320716277 6.7500274737698405
9.124602283364801 3.566668775927244
-5.344247009022213 -3.2599068072115873
-8.62577287989379 6.125276901484
9.860931378292626 -4.816586852606923
5.661617282870296 1.1620169731404406
6.85509398621938 -2.1030834507508462
-5.767142813256497 -9.141920607014073
2.0150412403768456 -4.884593510764931
5.032222126938921 6.273897559767139
9.242371704224503 4.636870619028134
5.7526214724487 8.402932522035908
-3.1252522813804635 3.941863186363557
-3.808091563066432 9.700165983160922
7.673459871230079 9.773759197599915
-7.691268940115377 -3.4059464974617377
-9.506389710790264 6.8421997217941986
-7.755638257428295 8.250677352716195
3.809552468722938 -7.895299750313878
-5.301176102750588 5.86676780580059
5.632450549771262 0.27642441995117295
5.590479877770649 -1.1251070505929235
-4.58571366710359 -1.288987805707782
2.4913337057844203 5.646844086899861
1.3878897179712197 3.598484576181244
8.356037815662354 1.115805939087096
4.93933774330284 9.855482264390638
-4.743722785219728 2.3597448320380003
-7.13577360097992 -2.76958077940974
4.517337773701126 7.313425303203282
-1.2150460623689607 6.994720885256676
-2.9318808608555225 0.6401485742304516
5.8623001829590855 8.258341111129685
-3.359080081776531 5.273787620023487
-2.0601964573129123 -5.821354955037908
-1.8001888460140076 -1.149259272863583
0.15651574740299878 -9.991562773392486
1.8318105585941513 1.0617827900054024
-8.791287759340701 8.654603183446813
-2.1452415778222704 8.807001860664311
-2.3174949751339575 3.22824095527551
8.528616697725798 0.8432302678723858
-8.007069329448992 -7.136630278572326
-6.4357277782307065 -5.716947760499462
5.502357215962384 -3.8638959338319605
5.128413353527478 4.032243304201215
3.3697191983423043 -0.39607512594201033
-9.282034502738854 4.492511841612989
8.364029370937619 8.933684518975472
-8.097704834905768 9.305036569051374
-9.829982317827477 2.3631189681686813
8.5728705670383 -5.386410957594075
-2.2591870039393473 -5.087234361991435
8.440079694956243 -0.9920022146043301
2.7028667190892683 -7.7148370607972305
5.911149634563731 -0.12369287414563779
7.1924153608374155 -0.6884137765879821
-4.961188240022949 0.6418218080108815
-2.7186035776765616 -8.588244965687373
5.674516398433351 -8.793012405547875
-5.611478044833358 9.611819795656452
-6.1114096911215166 3.2650349082678183
7.307350210952073 -1.9519307313817897
-9.136402440561609 0.7197600904511674
7.057621742782128 5.089858131538875
-1.1670659726566264 2.8630234395629177
-4.013364995013092 -4.237409769199829
3.87752427387257 5.470416704276397
-0.483629542854926 -0.4493325708863356
3.2846842277196764 1.432556302146475
9.705031389740274 -1.7757467335268213
-7.780370736932496 8.351849087889438
1.632115264485897 1.851313672143915
-2.8715681663453596 7.205079163824166
-6.6247661948340735 -2.360162616272037
-2.952540761877687 8.973709716724699
0.142594677304686 9.513478534973927
0.7025266704933291 -5.912270154523802
-0.9492722082666845 6.466997006169084
-2.3483690566579085 -7.197496827375236
9.597332924572008 -5.9498020567850425
5.213176654458367 -6.7986939921763305
-5.089335552489391 -4.581161415663941
5.318821674542136 6.362151579285179
3.7958337884149866 3.241017999685887
8.468080426257426 2.6146124056581836
-8.890484367964026 -4.308314887131366
4.4577308072808535 -0.5076231335324124
-3.1716493290570664 1.764022679813932
5.333333295411805 4.404910762516764
-0.5642234578359897 1.0326538951139401
1.1575344143798834 -1.4326551501376787
0.8131307980303859 9.175145251768086
1.4404926758546548 6.737550876383949
-5.880490550180612 0.6658552719917559
8.556286480772343 -9.302533584934618
4.763914612265554 8.269266661160334
-4.23561936889813 -4.86138005623225
-7.5123626789560705 2.351891410262123
-8.542439708200366 -3.104520865333045
1.752161422414586 7.313096651136984
6.566363859536008 9.261286045655673
9.559561709635439 8.32242129171669
0.3210240619468827 -1.3292177190184766
5.049928210547245 -2.6852234124621894
4.776743173215161 4.79624967477422
7.647915546993239 -1.803978663838544
-6.422822533056638 -2.969570309550937
3.8893207338605507 2.7677215617968702
2.8580796658476224 4.7018952528066045
-4.326270709299145 8.343446324204322
-6.463102315852545 -1.5186487022370159
-5.539325161473771 -5.37133682614108
-2.828281201171099 7.773526456381525
-4.08139762491516 8.817549098593098
-2.4603706932249807 -3.426764381180247
-6.939201898687124 -8.913668836977273
2.132602756822555 4.014175691643267
-5.956424183313347 7.958887658148075
9.441257574993813 4.191393484881065
-8.845030925228832 7.309066820362769
3.154054616023579 5.116759142563268
3.1751528251680465 9.230427282637052
7.4649032759271385 -9.535874241096012
-9.29876001167258 4.910638540141717
2.5406928383907825 0.24869061569884998
1.4069691225408931 -7.225142783640742
-6.551200256685119 -0.3654038554171066
-0.7212177970849432 7.170142475019148
2.273724076937768 -6.565762974490099
-4.3990958256569375 4.299754401021607
-9.985761121388206 8.698017496178842
-0.1773109014745078 0.37890896002071983
-8.434986930454782 -9.944198000731653
-8.47864720765421 9.065966834952594
1.7843215109902353 -6.907696578167101
-6.418568015472874 0.9975200304865854
-3.2500272400607084 3.2619364775153965
1.6741393372462614 7.1737576162590315
0.36266013711320255 -6.948825043315427
-9.335872782634663 -7.470508132563469
-0.5760784900268732 -4.034881513090928
6.668698631437916 7.347449144661976
2.256235662475687 -0.9330483383352455
4.093317184641624 -7.111605193218436
-2.1835968030817092 -1.3922092503811108
4.2747868681053465 7.8227125192545905
-7.099517407311094 5.422219440840978
-1.1081485292470195 -7.819961001915452
9.722657162301974 2.2166489231658524
-8.910707537017954 -2.9200827022055087
-7.128887197770011 -6.257449953364336
-5.406058522745399 3.113000591939377
2.418010243428803 3.958660106855108
-7.893763647070509 3.7158395409776563
-6.43980238791424 1.9808070092456447
-9.001641209165019 9.000837815697576
-7.976571718362311 8.045438879752037
1.3832101453346404 -8.135753322508435
5.0488911731414134 3.457897648376484
1.3768349644257523 3.3975430572519993
-3.115475294565213 -2.774810270901158
-3.321077886550821 -8.083995651867664
-1.7602996301869585 -9.868007832960075
3.674079789004816 -2.7603673507681297
-5.781814428340448 -6.988738444471883
1.698675042921927 -5.176755904140844
9.978538314257165 4.97459209486909
3.391465783980035 6.87974835654947
6.438227626041609 -9.3561927570574
-3.7624315699351403 0.5748645798153991
-7.688465555110426 0.9207118433827333
1.1513875165285032 -1.293275390381865
1.6053618753626981 -6.387207498383436
1.7047632642698325 6.1889162038679615
-4.245869950529841 7.981418116388745
1.3487262658822914 -4.9547191257476975
-1.1511839346227326 4.948028307101758
8.538951901275741 6.337343644617928
5.424527756835344 2.53535440600886
1.1989284092969665 -7.272962874233859
-6.371989476778898 2.0164239204985517
-4.997054906726137 -5.533849791944294
-8.116149954317732 2.929946013417613
-6.598173466065709 -4.769773422706056
8.43284306977392 -1.77991791114753
-4.239340991791769 -5.488238223187074
1.1116989743320342 -6.755661898485359
-8.306225154167837 9.432039400874924
8.852625705682271 2.4849437191129446
-2.791269506104923 0.9685656411092189
-7.861452848769222 9.079550279555708
-2.812295944405296 -8.508731142305528
4.432479644138345 -6.3430297559309405
0.9461012501950918 7.503288686767927
-7.8119099001463566 9.48922932001437
7.828175140780264 -6.357123795239749
3.5943816554346846 -1.8298581541348202
3.0095129284534927 6.416477156760251
2.834126315899786 5.145719635368417
5.755340058116921 6.810502016873201
4.053729830372561 9.59394266352836
6.597583350489668 2.4631253138347446
8.712462484106304 -0.16000026894791475
4.380953780491691 7.8669252341718945
9.574653404348705 8.63043113994798
1.9996501212066686 -1.865737659187836
8.779456699952913 3.039452602264273
-8.169001309538046 -8.570304587306197
-9.472391450356081 -6.75926180986605
-7.119858667728581 -6.949254858179382
-7.515823117646816 3.7984731787649366
5.533101003741006 9.971257632042303
1.5918831670961264 -2.5373102113232466
3.420043998124223 6.11737210067815
4.350023594411374 -8.979206411093761
-0.22708689539717142 -6.790276711496899
-3.205175212303315 -7.615884775413429
2.543497504406469 2.9222684137574717
-3.69513262639029 8.814918299849396
9.815586289308808 -5.7280922232007985
-9.859594538384835 -8.284733723184466
-7.921314900534815 9.504827819243008
-8.771528902700382 -1.2413736336586965
9.574422840990813 7.8373754533309
-6.769939216997065 -5.970201889726432
9.527046920207852 3.0214810928915963
-6.661594354398385 8.409226556551673
-1.230617553424862 3.002426833172091
6.728744863698033 1.8668368593290285
6.767640964548285 2.740325781603538
-1.6337040947566237 3.1378605832532607
-3.8352678115399463 2.5031686860834093
-3.775381307765578 -3.097211422769883
-9.603563037762905 -1.6130669789767254
7.259500737447045 0.815905966802875
4.069916611517401 -2.0410177494490744
-7.2521018094175265 -9.585809703976212
9.137003079043687 -1.868346017072298
-7.0022638256263825 -6.0597669301001815
-9.38677050738134 -2.7826265630794005
4.908806163198554 -4.441963573952918
-2.403203238924661 -3.901142274256495
-0.5607544364289971 3.138022392301064
5.470339187397244 -6.235755816738921
-9.078447354317706 9.219147443649621
-2.1832718261751527 -8.89184520283081
1.0121344455153896 3.101976028653917
6.1286464401616705 1.6497154467795134
6.205722626095 -8.74297872770844
0.7720177535071588 -5.548610279439201
9.94814532923294 7.681431401231119
-5.229846811973213 -3.409269795911518
5.0307812886040075 -3.52271597666822
5.683994867675535 4.816915028621905
-7.88376347042528 -7.52813329140178
4.0618638637104905 6.127419972521388
9.18818633111681 -4.417229688129522
0.8458930148955979 -3.886398069901789
-6.701921259912522 0.7734060850765587
-9.163016366535322 5.429279648522158
1.8024239839806668 -1.6296689170226877
-4.807282852570931 4.192896078719981
4.25353397214225 2.0223091654885135
4.607582430131622 9.314854577014607
3.754630218450961 0.04141364856307739
-8.34323816215727 6.213680260953261
-7.005977015799805 -7.041643100131325
-5.419935249523482 0.14892391201420807
-6.462889633710411 -6.663748540256176
-6.374667080303366 -0.8393225237013286
-3.4258277688694143 6.193355482871915
1.5370557720312554 -3.9242718604600357
-0.008108219018595264 5.553051863746234
7.463981575103919 -4.620966671140798
2.8749111620839773 6.5757614025438755
4.886228048682295 -1.7424829864995228
-3.485280373819302 -7.281450804970162
2.812101089615899 -0.5086739421274018
7.036123231813782 -8.862679098061427
2.4871976736488755 0.10588239654289389
-4.265022717493061 5.680788131265132
7.902282374930792 9.713077347444429
6.135275475398366 9.992462779176797
4.723184542759871 -3.222605452097362
-5.437741312002274 -9.424793173580468
9.58417817068495 -8.417010059632286
-9.774122800874277 8.884534429863418
6.313008021272424 6.434327912265559
-2.1590830059926125 6.304302379551196
-3.0140993185337406 -2.0657517581019347
-6.037962500383247 8.008676782630417
-2.736551864074121 -8.951768185662372
-5.227890942488815 -1.4788120665627034
-7.344558306675526 3.594880273403927
7.455153784353325 -8.4655121136921
8.916693075055523 -3.5318775632995596
-2.3119488672980015 0.10289199267401727
7.399026945712002 -4.3192686266331055
6.035315712884739 -9.895584606988436
-9.738723166843059 3.428018948593474
-3.5928731495827275 -7.402671767277473
6.693620097197158 0.898955640443468
-8.768839621095989 -4.013783777466884
-4.5953139375914365 8.591342490192197
-1.3972335831886262 7.741048443711438
6.323337170872922 0.8119502034618176
3.694633668428626 -3.896321256417636
-3.325459231921899 -0.5334587825454218
4.471051429508696 -8.135097750895667
0.5754147543241288 6.555375599155099
9.571236898028019 -9.688186688202492
0.5017176024301833 -9.552844293082291
9.479413864458405 -2.599689719612746
2.6294083749599455 3.316362753182169
3.607534866157735 -2.7451957022008227
3.1585312761796622 8.60704400769762
4.261996733525615 -6.690215855570232
-5.254718783235299 9.033259085428693
-5.101643371823023 -2.7186669907259926
3.3182228692940168 4.560070485402468
8.56382184851267 6.678001370591712
1.0000385612800748 6.420668212992304
6.019225620903313 8.470324994789756
6.363349390540982 -6.925570305121522
7.021474632040572 -2.000905273503257
6.838425127654844 -1.3404438811916553
4.9557535780957895 -8.004380875735084
3.2848693616659386 -1.9399790413568319
-3.961834208344939 6.783406761547653
0.37232124994308435 3.0773136390014333
-7.596932749734888 6.427782206717339
-8.803112675232947 -9.417649050049324
2.019315288915834 -0.7530227591127172
-3.471236881283315 1.0907169825737242
-7.064852372492072 -9.00471232060876
4.7129111262729335 1.6266141836152297
-2.3547198476369147 7.254833125727302
-2.0661491012840987 -4.676992676145561
-9.932368326116862 2.526675596044223
3.397418144695026 -4.523663882241189
-9.00930963643791 0.199847213734186
-8.306833249823715 9.326623304977048
-2.389286789080982 -0.36293804198723834
0.9546940614072614 -6.7039910681851715
-4.788181452550941 6.582869501753702
7.612564308129027 -4.084823089310188
-5.202078708649878 -1.1764688142026252
-4.988721560115885 9.176863105513803
-3.189773684232044 -2.3667758423652163
8.32581983740377 -9.343234517090593
1.8616406766444769 -8.774232419280796
-9.671222355734432 5.47093229482048
-4.340503098157697 -0.01884688056098227
-8.247898718956879 8.226676850013941
-8.834845412780242 2.005949845212065
4.2094289942331145 -2.351532626144266
-2.0102251395913058 -7.396473607032046
-7.11336754493839 -9.07735888935396
-1.7542574159888868 0.7524601105199569
9.811443075481339 1.0122055158778558
-5.934970150015884 -6.847024965501831
-1.1355118839589462 1.8398454354020526
1.7134176854908834 1.0899959904589025
-9.682203973933408 1.3571245415828148
-7.855792287725087 -4.260591288408444
3.9448210740877485 -0.5416090744683544
-2.566870251307913 5.273386451196249
3.543635870257093 -8.011191178937407
3.8046680949738203 2.7022095975471743
-9.464128762280744 4.446899029038786
-4.671847920272862 1.7073418324747855
6.5739398648797405 7.20882379428523
4.230800919007995 3.2864333503856162
6.5332412040155745 -8.954929937289219
-9.022262314415531 -6.056455592925991
-0.14857668319251793 0.4506193671367509
-7.951366458473537 2.7962291272503634
-5.230346491608627 -5.937834468547305
-8.260318646118368 -3.482674127473013
2.264882211417376 4.04697509687187
6.087983955632165 -8.980256242684499
-3.321659063575792 -3.2812517955567504
-1.4609769422763659 0.4653427931869949
-5.44175363504171 1.8079399466229358
-4.991073782446445 3.242457736691179
-9.309634521457754 -1.7276805754660742
7.311761981926072 3.29312777146081
-3.4452381833251717 -7.281984960888581
1.7861362075170817 4.841984605456439
5.709843816057727 -1.2566304255141052
-0.5464206712337933 -2.9509808418922105
-5.988607349290267 3.085260786252446
-7.361219399189755 1.288931090114371
-9.602857379054088 -8.744080163350903
-8.966237577868146 7.507518373345793
-1.1474053066114962 4.882615366161296
6.254107464992817 -9.889236185273564
3.2772812180202227 -4.052789451305272
-5.8784862791374 -5.24242653435903
6.140010883835252 1.2500108362939049
-9.646245939070724 -7.997325971292644
-7.586723059578215 7.576740666421774
0.9438145263316109 -7.220556804141173
-4.866744692878595 4.770109621190981
8.268248588911575 1.665444172069904
3.569263660516766 5.941189130885867
-2.2221422174174688 8.601510316436418
1.9197233080309157 0.9879027356337957
-6.042274638843903 9.481173242007344
5.541652717808569 -2.3877102279944085
3.805973114091014 -4.330819882695951
-3.5213545384211535 -9.029908914477236
5.730595373960609 -3.2595543239375786
6.3401380535544085 5.287480958351642
-6.838251953955328 -8.453157868527368
-3.4496821958648027 5.5502043429016865
7.002743831403244 -2.337590614826725
-5.824098731913468 -4.642509667811154
9.246166680624786 -9.771313408877164
3.2021696738898786 8.957078032611065
8.986037693227974 8.640275938959974
1.9230610678571693 6.855252569154342
-0.6710560239040646 6.252883049182913
-6.5612785870456625 -2.9180286448509403
-9.114645274875796 7.3027259965676485
2.804124163718882 -8.759159435946518
-7.695612313003892 4.701443484851509
7.332075526834252 7.4231622271814715
3.5295367909310755 5.884575734263766
7.551101781515094 -7.534917488301163
9.936114452358606 8.404270638412367
9.477907332144465 -5.977419076662784
2.4570111683000277 5.0291385232573305
3.054706582703922 5.935229423318113
1.8761646878611415 -3.568272691956742
-0.447130617966895 1.5049857261720057
4.496978670328042 0.6642625175489396
-8.747670068622623 3.769190615491528
-7.556270876576347 -0.7247202641941097
5.264765460216092 -3.1125577336545636
3.2767048703759354 -6.947110843905637
-9.825894071715997 2.221633464922766
-5.9717999106472135 4.855267118298311
4.56855809387373 0.9129974523898827
-9.125184729709234 -2.291132359297034
-9.091874510366916 -4.614419429135264
7.520348379002531 8.290080497904452
1.8555274083911382 -2.269077757611675
0.6237862469186837 0.6594733503058556
-2.9445321922658785 -3.3629992967742
0.16491573728650977 -1.7408765983366887
-5.773377149044164 6.187278574166026
6.924000732292395 9.328539967145712
-9.495984207236152 -2.6040329393990653
-5.035229197366114 -7.415760172188106
-8.662510943997363 -5.1638963166640455
-2.0154023861608135 8.834429078471565
-8.665222999237104 3.760124017507122
-8.087421032767303 8.687106495218224
-8.012402442257546 -9.900863126191338
0.42747377483168414 7.117574664336729
4.0202239511777975 1.1166477899170317
1.4493824533788562 4.632960434258864
5.956899481610332 4.286333984218228
6.9741111464728505 4.110134734187449
-2.0129840335809295 0.03653924017245025
-5.725084900636091 -2.6702866332349995
4.084557070649506 -6.887301742869738
-3.144248391304645 -9.967272269756112
2.2251846424016293 8.802439084816378
6.319477935046635 1.6187247265662634
-7.930948713773325 -5.370503660155983
3.892013406237144 -1.6242619273854402
6.079744377957546 -1.4837854851817056
4.626375324083558 -7.476994880266917
-6.5843601152492575 9.914044018529054
3.114671634779496 7.480831287157521
-3.1799113295871306 6.539438923464495
-2.653620565651515 7.10851544719042
6.239781030536143 0.6287830029768458
4.672816477080728 -2.046454993059341
0.9053597998354963 -6.855356723992861
8.730519349106658 9.787366017356181
-8.939849960366244 -5.851440205919694
7.549163184429798 0.8650687165179818
3.5972460287158636 8.374157023835917
4.008814855210954 4.359271832021765
-6.174047314266399 -5.0232035721357065
-5.946478936779178 -5.1822949795701785
-0.47862514662643285 6.139614327110017
5.066082031410527 2.288933858796799
-1.7330140279906203 3.576506126190207
-4.968513371955467 3.8127785153190885
-4.314665671509143 -2.9558395129381854
-9.478133655165381 5.805720634678369
8.196718360194073 -0.10001992734629184
-5.072845680113276 -2.1070635497831436
-9.982388697745863 9.925728270620812
-8.574048514719387 6.913314479189154
-9.180565435294017 -5.298379324064177
2.5181008073122477 3.0224487590353917
1.3796836821524323 -8.246667123397053
-3.4190738946743338 0.934030378647055
0.4784639153486445 -3.697680873511331
-9.427963278765146 -8.235088240779781
6.969905082919649 -8.199409458451555
-9.576365148564483 2.84530454995879
-4.5091066244992035 8.062546140067067
7.1861352492992445 -7.399503481467786
4.754021534608109 -9.619142389601144
8.42567745786869 2.3531277713677152
0.3841741404213508 8.082915808935788
8.462658521935747 -0.788793224028435
4.164378939200837 -8.951175980232888
-7.284035226023946 -2.725219787663673
-8.611901918431002 -5.458138553573056
-3.7283339860359543 3.825862054760732
3.0589150956797244 1.7467540615197752
-9.200713958177236 -2.285908207460075
1.0550414707241842 3.1903605146179252
-8.674366891396037 6.8314893070071
2.109310811117556 9.753052709258046
-8.496345718576583 2.7465210342640756
6.786648007532449 6.776395989972887
-5.461977737169434 0.8233300961249252
-5.742556960819263 -9.032312626336022
1.6130288638988493 3.6150853359101305
1.7186356532529352 9.686679875227458
-1.1117619787896054 7.882546568209449
9.45521272679817 -1.1448594925651037
-7.502328918217803 8.977390097523998
-7.21201817564115 9.815986513115437
7.077207866166965 -2.089245884974982
4.264180328561833 -7.598394783733586
5.859905228498723 -7.094481071610003
3.9010315110966314 -2.2010003809210605
3.429338507144596 5.7506967889222675
5.933429766888667 -7.016380021148558
-6.444936701013281 -8.123361962600386
8.475443208753688 -0.31686888882225084
-7.297715944981205 3.50361311340237
7.0850145245394 -6.566743888998856
0.42720090980605185 4.4891592438887855
-1.8569698271507402 -2.7921566827428634
-7.911942673230841 9.614311580009286
-2.0666821245492866 2.2035373673370096
6.8636367841617805 2.068466381556437
9.023044213517995 9.46048304709024
8.643875460333984 8.761654148939634
-5.4848436094623265 9.800664246991857
-4.209262288511317 9.230731914114585
-6.870595031251128 -2.777404281749174
-2.661788439475674 1.8621076954152134
0.6362156892271535 0.9968365688368852
7.408034493651861 -5.426693558233556
-1.4782444748989931 6.398873912771183
-1.2643179336159243 8.401179582736845
1.7371215255923715 6.7015311998119245
6.118058647021105 -2.9200160270938547
7.09713794196896 6.969939700507389
-3.9004283043843158 6.4967561068814135
-5.995884581816984 -7.17744360528968
-0.07746901634938119 -0.304718752308057
0.12611659070586967 -9.84759124494076
-7.153975586792054 -2.308487770191647
0.9322088255662031 3.2043669030534936
-6.7208531263110105 -1.0724078088824882
7.003014297286072 -9.665001103424746
-9.436683150674124 9.12915289171594
-4.186493838652174 -3.621477836145792
6.117219529151104 -3.625891935374643
-3.1334085838326224 -3.339491574328206
-5.458471894421066 4.431392951946611
5.775511744492194 -4.459004472605135
8.502109013542132 -1.6824063298947411
4.459963784184799 5.047854240871018
-7.8576324661359305 -4.792154708344098
-3.7432124892565444 -5.051019839346969
5.384821214976554 1.2641298683739493
-3.4420973160962536 -3.799510855136874
7.053112217884639 -0.6749112433588742
6.8821452831944185 -9.73460190485918
-1.0312112203100696 6.868007641901734
2.1748905672823184 -1.1177600325863821
-1.8964358584132839 -1.5255126745226733
7.375219641352004 -2.8659458998554825
-1.2711952167075005 9.887258209910147
4.083731919498039 -5.598414085745276
-7.778807839008117 -6.326765413717799
9.92920006565058 -6.402850710049524
-8.101070237606345 7.065925959803469
7.462870277053312 -7.317165803635022
-1.6232592462167652 6.3640042548842
-7.578301808313348 -2.179225496827513
-3.89430678586284 3.816487697116841
6.163830802037065 0.7595232894908044
9.563456181862616 9.603668209837274
-1.4603086807651238 -8.994155897980072
-3.964267533935997 1.5912330959372394
6.857116277264279 -1.7423616061922402
9.99713040832274 1.7158834000564571
3.31144437571999 9.021310630234996
-4.258010182949025 -9.228952591640969
-1.041481112788972 9.291341890258408
9.741575501865743 9.827421422638281
8.88789353670797 5.168459092801779
6.575616375260864 4.733897453853293
-1.2690211199069061 -3.4895222528802172
-9.861214996887417 6.008012539588986
5.469681235010599 -7.726464699198292
1.8596648781480933 3.370996755641837
-5.5181977866518555 9.400036588893304
-1.0974780621252567 0.7373232013056441
7.099639088695131 -7.188910177972117
9.516861563771776 -2.5923772463344408
7.026440475617463 5.1881216470409015
-1.0000094370034809 9.216018241166644
-6.051627246105163 -2.0297811839875735
-5.446661681766212 -2.6805639478112457
2.9979577443260137 9.671369291816333
-0.48957877876290823 -1.8274116670334273
-6.597414106113555 8.564791687788844
-7.853795534938226 8.068372456702328
-8.954468568254793 0.7063411440258616
6.9411335719312675 -2.946186838460636
0.49043089671438445 -7.694318850725333
-6.122517484176426 -4.486004608256991
-1.928713580141764 -1.404691431936559
-0.35804547858808533 4.7997991451269755
8.191645080741175 -3.381874684548343
0.5732907940386394 7.032305298615956
2.6481132906938853 5.533863153237906
-8.305044207954337 0.19488524411605823
-5.156468559464605 -7.198410886404318
-2.0180888426664945 2.145255649637928
1.6793291018890173 3.5463700856353277
-0.123215926915341 -5.564855358980405
2.6384761385972872 0.8031004006672138
6.376411474188632 -0.11744368111866343
8.878115474215683 -8.031740972645458
3.2551029820315804 -0.4682831869359667
-8.673091616363212 7.962045325403476
5.712043502170157 0.4365325403834852
-1.5105399731698643 8.266610077608455
8.676251696085046 -9.52646461233001
-6.54282549540442 7.416139125250954
-9.412026059288914 5.538636046372034
2.7663071809987567 3.7598379311815115
0.16390482276368523 -6.366431053243282
-7.802173754886783 -7.227620673473689
7.58336673045158 -0.38582208162359244
-0.3802378402111337 -4.951172146562779
-8.983642304735298 7.794504260298055
0.05625414790376837 8.799692501808615
9.82697109554017 -9.589449684874772
9.49256227397899 6.213389876838644
-9.163197817810126 8.577531094599813
-5.095655721739578 -4.444493894228863
3.1578067082298755 -8.730054488962647
9.827996276774009 -8.951557187025283
-3.5550954474712615 -1.3284692478160274
-5.099045730107365 0.2823749426723694
3.1325842061001 3.0645502060711234
9.510908117152479 -3.5543653565949445
0.6967436690164419 -5.6934458449484815
8.101637319402137 7.306998998232224
6.0376276767824955 9.568792794688594
-5.1605969832419945 6.184805132603859
5.266165195155136 -4.3747099026716585
5.643709644621941 -5.8018621340627945
9.700956569564738 -8.088834815132051
4.161047009360113 -6.780438667166129
-4.641939802755514 -8.342665217126786
-7.449458010539296 5.08119222882868
-0.5477714377918534 -3.9164289881835934
-2.8046595814214363 9.795411730237934
-0.5501994895876443 4.308886686689332
3.5312896528887183 1.359748633276217
-1.2147701735371008 9.94905459114112
1.8454458993339813 -2.0512781429279396
6.834455339326407 -2.1008602608990268
-6.500146140305505 -7.977472389695144
-5.784536015027399 -8.85736197400149
-8.278104243310649 6.102420663677343
0.098930364961614 5.215615255453528
-3.8809494405395473 4.099801619067778
-2.604752452698653 -2.4779329686578144
-6.060781226248231 -4.092188497022214
4.0200089476307035 5.967081736913837
0.09236592067318128 5.037463439954141
-3.190024500171658 0.07595907439837468
8.814916449366127 -1.3686075586199369
-8.130060443903211 -6.794495677045558
7.362453351667352 6.602649474379419
8.410871277887761 6.66861494099264
8.008672763141039 -0.23476006887369572
-0.8406589103857005 3.618456713237565
5.166870932587003 7.603820381026274
2.230962607426042 9.525209539541954
-6.976518401871079 -9.96035045820864
-1.3981894891266649 0.039543208930513885
-9.984184242096214 3.279807448004364
-5.931712191035161 -7.114166401607065
9.57778043412916 -5.38428612614362
-6.997558519133498 -9.523552566079003
-2.6726999261519024 1.073859788688667
3.142393912879051 4.84390705023692
6.389442857867728 -2.704963124459912
2.9761983657768543 -9.468036721994075
-7.368832696836646 7.138323258495831
-1.2510377751746464 9.561774237937257
6.901728715650904 -6.450287516617159
-8.793996058317788 -6.250338953250063
-3.046128703872344 9.173633674996637
4.092700355750459 1.2748192944299568
4.577863866026382 1.3167483139950065
-6.210309198968808 -1.9629014464962538
-4.73405021859604 -0.2213055276452316
0.14815213959262508 0.6165243636006341
-9.309097630779856 -2.69319210250345
8.806361720132891 -2.4918160700436047
-2.2746599608918494 5.30880524700798
-3.624383337929018 -7.16729823291309
7.9993422604205975 -0.6918971146241137
0.950566440035054 1.9585541819268322
-2.8051103058750115 3.8595220188790176
-0.18637885017272815 -8.84301119557816
1.424068054073011 4.860221711113512
-7.5480291496346315 5.269402980175574
0.2580887650574599 2.0591441022514356
5.38828389695462 7.364685515808414
-1.6494290788373682 0.29503712052602893
9.639053251347878 -7.817737852157018
-1.4218852681459637 9.610227835042043
-8.078694660435936 7.687666693872348
-7.703126514115919 1.6818333661090605
1.81969433710427 5.5594467244035926
-6.746968905403725 -7.485789301628607
5.569223933071896 -2.1955663375470884
-3.663858244625821 -7.112118640020375
0.42687928283417165 -0.4555005087106636
-2.8680706440582737 -5.385700204330526
-1.5475892479948516 -4.0681863705386645
6.240070622786 -6.0465583648437615
3.9027878887256477 -7.453380351854486
-0.28921904525453357 -6.559454494717992
1.0175649262074948 -3.798370838271632
3.741664642664965 -0.23322611069165333
-7.391475379806833 7.354096780790908
5.966218395782397 -5.931071649446542
7.294893635349066 -1.1313268425650982
-3.0545520465895004 -0.9065632159446828
-3.461150224463527 -8.050915539819641
7.980822121358344 3.037942413173443
3.2588480450382757 -2.7349722817342093
1.0447454730801198 3.4063949223208354
1.0110328622144635 -8.500855370030209
3.5990143158359515 -7.844438603864838
2.654615249267259 1.8863905598854043
0.6157213566011439 8.040857820424392
7.581313771717198 -4.901178211056889
6.406980337211692 2.334215512882775
5.867493056546174 7.095656920948919
-4.563278190317721 7.633230679675567
7.686383350736058 3.2744664183088403
-0.9486666392714582 9.792161282478457
4.738804808272732 7.752682781545808
9.680997821772468 -6.789165142440014
-0.8918324794061601 0.8924364366203204
6.592817934133503 -7.487833410248257
-6.418680194049129 2.8190146870280977
7.626040153402233 -8.692236912805566
5.479613221223936 -1.0545957241568793
-0.018763384950787554 -9.098137709404368
-4.02013889410499 -2.4371013902362453
3.727601521105564 4.516741667933983
2.3594664343220266 5.171863775633854
-6.90064162668421 -9.722617706438843
2.6514436458387873 7.108380438915734
-1.1089791938931537 0.2529572703232432
-3.1331693277282557 -2.8446177845022564
-7.658657041510075 -9.644714145313406
5.259122718818219 -4.812289658823956
7.853231300033897 2.478570269432403
-1.9451426552113666 -2.231594349728283
7.38342730102443 5.176849660308747
6.654646982889069 -0.9113722848493353
-6.773839085963893 8.834807432335289
4.977907348847646 8.56029069210588
-5.356935169712768 -9.565684396415987
-2.8924902400129486 4.1061379242503815
2.3210164398261632 -9.024570335289324
7.516652756465909 5.657208785774255
5.40212443376185 -4.2618509729253
-0.4022298483258737 5.486992031170173
-3.1195289575767866 -1.4495113321566464
-0.6590032181651129 -9.226828733882744
7.0830239640748225 -1.8420225154297967
-3.635644279371717 -5.889888582933125
0.9250719555966782 1.3317548189495927
-7.3176022617481635 1.8855576670143748
5.855494159226922 3.845573926267571
-0.09450837277428192 7.876815238160383
5.867868846161384 0.4726650007244171
-5.334175723652463 8.334657126401545
8.38855878308027 3.7619945310080443
-1.727871185594399 2.053835527579718
-8.712106503634335 6.013014800600299
-2.9394878851935076 -7.817139385624214
-0.90856613313216 -3.461023262856166
3.3365199880432943 2.137764345966154
-4.211794497953447 8.49174193286117
8.436222164420723 3.6442833460958717
3.937777182184705 0.08089894999902825
-3.416510916262345 5.242775032629126
5.966223897620658 -3.16538388073095
-2.3741901281345967 9.909147303683966
1.3995980727013375 6.4763013439052095
-3.181237281014857 2.240247449029784
1.0267702336785938 -4.025360719032596
8.97933987853235 -0.12652516731621155
-6.202066505789256 0.25641974073615614
5.500324356128525 -4.12430086788212
2.84670428061518 4.147541881149648
-6.129465888124603 8.032440644692336
8.470425822432716 -4.712162722587118
-5.478961101029858 7.635770474194306
-5.12376391776294 3.32565823625799
-3.6990343368528267 -1.744449455439094
-1.2678073052811278 9.930930522373746
-2.9230294364344527 -1.4081128442600228
8.198982952980497 -6.014501137482
-8.988476318946583 -0.6709747096903929
9.63582178551497 -1.7639012208921692
0.5119658462182528 0.5500058582507954
-2.453803055853701 0.5594366219432896
-2.352746700215114 3.9129793790100464
9.320639588825447 -1.2305904343581844
0.1622449650011415 9.441127969252122
0.4979626955466454 0.7714876327703575
2.4397798383251708 -8.49519888995373
0.552022655417554 0.34145614527067814
5.479523998455901 -5.927917926073709
-2.139801669060528 -4.466082730783225
-6.557214384393102 -7.036951077980358
-0.3158964682896226 2.732016645307292
1.4193917585951112 -1.4080159304332192
9.183091917337055 5.037006178242127
4.260725715375948 9.207115236744915
-6.337716574660883 -9.244395172598256
5.012585845129545 2.2343913366520667
-3.4683346164223767 0.3591210616445917
0.7822513785512193 8.895783083288812
-7.35243864740001 -5.908561611032885
9.771445607445873 6.359961688047775
-1.5636180537875521 4.588686467915355
-0.8963755545067293 -3.1295915565166332
5.259767649932321 8.685557907780922
-9.883377987786666 -5.955588790173751
3.8691213494706105 -2.1045196534586585
3.2471580638901187 7.068766946291596
-4.713218923172975 8.628274507481624
3.661925881660377 1.5310082718222358
-9.385285173933934 -8.237627572813588
1.7897872975641889 8.695935899007651
3.726695303716612 -6.716086823294849
9.80823135716783 -2.257865677793891
5.082423175880329 9.574218033897576
8.855064287622483 4.404279715315598
0.09785579961649482 0.49913361188642114
-4.672671300357132 -0.6512146743318219
7.500063969623405 -3.4110715158096454
-8.595854159107377 6.232342096000107
-3.9442997533960478 5.2323012808371505
4.385824167953125 4.673672952134105
-9.660364899919013 -1.1926085542762586
-1.696919343313155 9.286501222526688
-0.7514570001620662 -1.6264339114268171
-6.227258608627428 -1.1728279295314508
-2.6017289311482283 -6.474201715490883
-6.709872430959196 -4.710165089539395
-6.850570218261158 -9.945371103019813
5.658237118480493 -4.929535067006505
-3.001082232536043 -0.27208438532327683
4.066511589367728 3.885530873208097
8.458805773920787 -0.36794932457763707
2.6026690336997316 -9.675896322945825
-1.7561726427351942 -8.805356675830833
-0.5224527983246503 -0.4143018546809891
-5.330136030700845 1.9421715586257609
-8.817974656830527 0.3329370451352336
7.265161973836367 -8.13779828651483
-4.544266183378889 -9.733315640718725
1.4933168473873177 -2.484706906003513
-0.8555442648886107 0.2351537243057571
-7.191330356475689 2.391581448072639
-5.723310456204025 8.890511564952433
7.048995566412071 7.787083575669342
-9.100449983841528 -1.8102744877852555
0.14374184321161287 -7.620133702193219
3.7304550505211367 -7.03889226876659
5.147387920862524 6.417872219446398
8.249855224024046 9.19527756654735
1.3647819054266392 -8.75936066324249
0.19938803820314277 2.3975552629009123
-1.802407358011628 -2.3192890591079074
3.9090446566530996 7.724642390618779
3.178899033966742 2.7034546432778903
-2.4678960645414705 -6.589658876205641
5.146534166313494 8.062700336992556
4.49429053147364 -5.883246859948478
-2.4270983717864 4.102155969333555
-0.328246540618105 -4.71159151774335
-9.264754492819575 4.874681663146934
-0.3773282614523481 6.714418709556579
-9.461529694324218 -7.579630838928106
4.93041053031067 4.091639605615907
-3.0588885860914594 -7.194415102217812
4.29881908157472 -6.927212065110244
4.589140246573404 -6.174400154510151
4.5707081567646295 0.6761474411274762
3.7626035539714024 3.210503893514291
8.244626914040854 -2.930930742373741
-7.196509320435052 6.1047774962652355
-1.2005992877254315 5.3339320257230245
7.984691112033172 -7.528822550456431
-7.967930408157686 3.8507883712982185
-5.64327116536113 -6.862458299339007
-8.325579659989188 -1.7238056260383239
0.5216078431553495 -7.057839182882752
8.141947719570013 -3.734616000807902
6.215596213182636 5.977240252285432
-4.813363921893523 -4.015879538476161
1.0547999540469633 -6.615591515418664
-8.080555467632673 -5.782247105770455
1.5182576296984784 3.5424356106591723
9.382159633877329 7.967557347150553
4.1457910479189035 -8.066230871668791
6.589329129259902 3.154009626484102
9.167023709689715 6.266271716568916
1.073462012920066 2.7070661392827144
-0.4216244586627198 -1.8943791529854757
-6.963481453584115 4.858654782332243
4.557088326352105 -7.941800268408182
2.7348240830548054 -7.838270898310904
-4.473665008593766 9.373295851400108
-3.8512026444806047 -9.927307763285693
-1.8808932347451446 9.609993146358416
7.188205795353223 4.673989823611928
-9.947695302849572 2.8349989908702256
6.683908550538753 9.631721053105665
4.157427442142943 -2.2338619673003173
7.788174510556544 -8.932112801909526
9.879870843440152 7.174035003589392
-8.29612742265831 9.287873722605056
-3.356977423365752 6.68931474308199
-3.102162022502773 -6.839269623123283
8.598307457984902 -8.899491636501544
6.967994072400387 -6.317852165513069
5.2972437608061895 -6.77218287167328
6.894772164413215 4.270356429729274
-5.136912180835975 7.984798203195048
-7.95205900488569 3.182962544499901
0.5156486217244378 5.003493804511777
-3.7962912859872677 0.7932516290347191
6.8294960750699545 4.144535987840834
-5.11405125024851 -3.767313725466779
-9.99324980379882 -6.0111438114499816
-4.603118388325582 1.1347242630839425
4.064601643820575 -3.1132634203768417
8.016762880659854 2.331151468700517
2.682327728068966 0.3572055978394033
-0.8605770049483148 3.3992782863000297
-8.870645354390973 6.297123207102299
1.4833097053133457 -6.821987294997179
0.502697141037654 -9.441509478604848
7.155758091597587 0.6640293179716323
7.186096839954196 -8.910700990264779
-5.1868515071645716 1.3645290314741683
-3.94306021051481 1.3668074870868647
-3.7147207282252044 -4.527925343467681
-2.1446439454031125 -2.34955201398283
-0.22812491138679292 -6.104285741144593
5.574474714736295 2.5831374926589117
2.4968013837535548 8.694797422820127
3.2346945099672553 8.356306470951395
-3.5093841511548485 -6.037688781616543
-8.01188122111916 -1.7808996807795694
3.6155417166963026 2.9899737131893023
1400
8.67402172310889 3.297948509057351
-2.6783151215168166 -0.5411891754554166
-2.8233973142824453 -9.63622802693893
2.7352754117976623 4.457951659131794
1.916948016670034 2.2011338212085345
6.05737469555562 0.5690676117843836
-4.776598526588602 3.186467470645324
0.4010687536406934 6.102449125022286
9.84203208174074 -1.6606966352041592
0.8659619484675058 2.51261996966009
-4.011947446650897 -9.840883225722838
4.300268004628814 5.298924350570456
-3.2463859949759932 -8.60912227156674
7.504699171640318 5.807414333687721
-5.191761040441567 -4.434640813254809
4.778221076756587 -5.727824992362853
6.222481058061991 -1.7985866807871744
-2.842866387255471 -0.7994831688860771
-0.7188426075414434 -9.980907628294975
-7.927288048800792 -7.414520570807365
-4.9362767333534325 -7.365164616472361
-7.415285574800445 8.112231978306891
-0.3074963213138311 4.05702280797996
-7.017443775440255 6.9151206452639045
-8.468624202396484 -3.370841509891724
8.350476683923876 4.018618266996693
3.558480933847827 8.608377381593645
-5.3610376989101205 7.005873472840648
-0.9488926758339016 6.696066950908914
9.609967349440417 -7.519308234659716
-6.433896598215371 -9.535572606442715
3.1893337052728015 8.69397484510992
2.3535470701862238 -9.814646481014202
8.280305806744252 -5.905609924438677
1.081148943960681 -1.62737950075363
1.273679641567222 -6.0222055463132484
-3.1273631650635654 2.7963696297622302
-6.567653242258378 -2.1848333768795802
8.112789910198593 -3.1601700665328742
-9.026777018426133 -9.548268892098486
-0.8510949797271135 6.06254313141244
9.136258646450294 -5.560447711001439
8.163411062826071 6.365578486272845
-9.497903296989534 -2.8879301176212513
-6.244810620589059 2.58725731975524
0.5497001612615886 -8.616184087058958
-8.662437351153752 -9.828804196157993
-1.6220835640236153 -1.2996267809466406
-7.735011612768901 -9.052672633373117
-3.609966862310781 -7.524788512003024
3.667312809431227 0.6217133038717151
6.584827123986553 1.5752345461807788
5.281903299995802 -3.7906831773256133
9.768502944789486 9.642394176581355
-1.7115081041375646 6.269173493312014
-9.343099953354567 -6.475591182284191
9.616951905356402 9.978651320009536
9.9643100709818 -9.377060366122192
3.6318751271895273 3.048086604917067
7.9255157697742185 1.9245620898745592
-3.1037864700310758 7.519888484759928
0.7511709119411059 -6.699032421800819
2.521192283861371 7.043937608002501
-2.583866538911739 -8.694979737712782
7.59806349703079 -8.314265155368297
-9.695674514831243 -6.884635730285861
6.204209150030625 7.195221200299407
-2.4902967843650936 5.687523874623592
4.4533867937133955 -5.05009672581928
2.5190377159337345 7.124626708092126
6.23940121291249 6.297662755398058
9.518944880429206 -7.292343725451249
-9.53921730153592 9.642529010191694
2.800394982397993 -7.3519706701071685
-7.024299943134609 -9.715493573687755
-7.1681481405735585 -5.9666194918930815
-3.4901726478055384 8.956569884732197
7.7728784956761885 7.017606397780391
-0.39761028652927877 3.336544381266684
-2.4803200133114167 4.88408978618401
-0.8913646522960548 -8.53508409951931
2.4664290941796843 -8.460848123163668
4.33183629346331 3.994136616142862
-9.945519295412943 3.52183561696226
6.565592467338995 1.5384344286623666
-5.986109507448858 9.899335400769893
0.3813623361245 3.6634504045546628
4.032613749147105 7.059158384205148
3.632837713318928 1.9431024774255725
-6.3090933388117705 -4.128354773615193
8.155458165387806 8.037119865549137
6.385878630112156 4.945448282669016
1.6372349474401702 6.051315920218027
-5.206620554975558 2.656068461451939
-5.467074974737645 -0.6348857755446069
3.8243625346199543 6.858020282555032
5.638863778967076 4.699101721927832
-9.579269164226199 1.4254415116752028
-2.261346961945499 -4.05831627562903
1.3373015106834636 5.938270089052724
0.02368445707297795 -6.480937573876899
2.0872760601661167 6.017445535774705
-9.144437362715944 -0.26721563411954463
-8.89357001177633 -1.8028366557374333
-5.347079884804078 -4.886321378410294
-7.949615367631111 -0.0283924100611177
-1.0900717029224047 5.144221920661156
-8.65994531991418 7.1619178528464715
-0.4681483827777395 1.711618602633111
-0.39381420622506624 -3.2508613520669645
0.24911251122686373 -0.7318704044022617
1.663226115550982 -6.95735441996468
-8.57334924989464 9.155298235537419
9.877608674114825 -4.721134431039933
8.388191122583613 9.749725011573808
2.3716516311813294 -5.809029010154497
-8.24771125737142 6.278563722919209
-9.079204134429935 9.057654429742982
2.5597962297372305 8.60946351801137
-9.479314355975552 6.084993085502006
9.39313728914032 9.74345555107464
-8.863072007856399 -7.1477754704775
-1.0429127038570307 0.8910101111155235
8.162369240195051 7.966024118382961
0.2008271075558241 -4.682254381514424
-8.110249347639089 -4.101529755335536
7.979951144805124 -0.8008878951342879
7.995134946999801 2.5508027071856105
-6.781837692311878 8.277852908768665
3.677350197354844 6.21255509674565
0.7989531431408565 8.920721451444205
-1.2355982160747239 -9.139326162593076
-1.265277747796251 -4.317224874324051
0.6869897347541016 0.08492787800776291
-9.75214664716911 -7.735984693979756
-3.898274978611889 1.954458122671852
7.5926503737341875 8.267650408076332
5.999321628027047 -5.842953870660912
9.933824856185716 6.48898194933809
4.556402222856526 -9.266020955228578
3.8336194792324854 9.72668232668984
-1.4233780998120764 0.008238883080100123
-7.604023254559731 -0.2350788938808961
6.978710791846371 -6.128544270796759
4.856617751907651 9.359851464109287
-8.342967900316626 5.352173572977888
0.9854190202756268 6.126336733423379
7.760669113992698 -5.467474098446634
-4.296811769046737 -8.904308377362335
-2.537663121800204 -4.716781425907827
-9.49264782553503 -2.6459886970220907
0.31248427225240505 1.5553574494656033
9.808607257757231 2.8651579876054853
-9.167010481160974 2.1154355265681737
1.105294133716658 -8.429821657902645
1.0671937471997097 3.701676311234401
-9.697253333334718 -0.041984547293029806
-9.406661257768613 1.430043690373374
6.493526222692033 -4.688321020838653
0.4925004658355654 -7.9792623985309685
-8.78285674296723 0.30291442796473156
-7.838175705698154 4.160520856286157
-0.13667177283298138 2.372313555768635
-2.762154461336415 7.476773049271259
3.2551887810154128 -2.5238026884418163
8.884330230318788 -4.469416230053611
-9.31075181564845 -2.8039442224884237
-7.718949752018924 -2.505333860998478
-9.320322444668639 -2.111577646612435
-3.73442922902945 2.8277004353645108
4.184070663840762 3.2613366915154884
-2.427128601771276 3.625522447608425
-5.8492642180866365 1.0671380020580141
-3.0034087382609176 -5.193732556068433
-7.174858483201323 1.9904006357793431
7.419919911188028 8.85699886804412
-3.928069768376943 7.5326874605863665
-9.594166791120154 -8.944963942905254
8.680874082202507 4.032496909924781
0.3660552170677889 -1.2788876751003642
5.802051124346368 -8.225290305199572
-4.918226265694097 5.335847963808531
8.682408694031317 -2.852533295136541
8.784113058463412 4.821060450416535
-6.427585274768786 3.8345993320914467
2.1731389115149184 5.576559753149361
-4.26742965751679 5.958522402622815
-5.517125737082493 0.33333093408441883
1.6947338872510826 -0.18055478944429382
-1.8037345890449945 -9.906330762568572
2.8602737093260693 -6.357793238964167
-8.30334672964208 4.2649252974073
-6.769276277245253 -5.609659202672668
6.014906976404859 9.191298546460267
-8.378186165124733 -1.0919701148055854
4.158487791434757 3.055520861321554
-1.1842924736541924 8.211106308615857
6.232818218871884 -6.810253471340908
0.9470339537221406 -3.796920360772191
7.015881170668671 -1.9363712747510302
5.669254165302686 8.841228090160158
5.321600913856537 -2.554668661049053
5.029115023398592 9.904999916843288
-9.883625836238972 -5.610005743389587
-6.272453824501394 -1.6677134295619283
0.5174537648504955 -6.835761034207208
6.964613466884828 -8.343362653624652
5.304244702808878 2.0948704642153615
-1.5960642478273979 7.717111368156658
-0.372719077584982 7.069818717310788
-8.80734658647965 7.278316679461916
-5.7188901960470435 -2.3830196936276105
8.972320847013574 -5.592070435954266
6.897725213216546 7.352772937314867
-6.097852865865554 4.192828937649278
8.165907325058306 -6.486117184500156
-3.6058815104289295 -0.501106036391608
0.08457662600268989 8.279574532987542
2.4260037976586 -7.684470123062028
0.2066415984921015 -1.5739275324496287
-2.3707519405216964 9.066868460670513
-5.185971949098606 -0.7837860024888617
-8.492963346489386 -4.707434382842135
1.4450908290708036 0.553172918254079
-4.897883538809101 4.404784469096455
5.462597575495238 7.019164693021295
3.6373327257365933 -9.214694746635434
0.3217878723428296 5.990246744385544
-4.348743695609619 -7.348073500257577
7.385566164203663 6.996144045277333
-0.9927994525683896 9.01778012487496
-8.648484496033262 3.4150644361788665
-4.313604513118394 1.5499680966578833
2.541031601139048 -0.6553213967714697
-5.486291307068938 -1.5430510877475196
8.02200875709682 -0.8190083411268425
5.082747749701111 -9.17559623405294
-0.22292239225369492 -9.961783592722732
3.941153846502912 -9.828737094973224
0.1583578414285629 -5.373242464330086
-2.3429454669325134 -2.065500150465729
-7.507802739454956 9.090754475739725
-8.49660240023735 0.35887789736946374
6.588971791224804 -8.623147262938627
6.945395942416418 -3.896236935120534
-7.596444884223079 -3.553245986564722
6.209389194012559 -9.112653371354709
-3.1979531367596277 0.006116483944854423
-4.636733187844215 5.955326581342224
-5.740927597371998 1.878753419297638
-3.3022116860572854 2.700863423479376
-2.7074859149674158 6.025980748683203
-7.967597791091327 -7.443174955431903
1.0939485245698606 -3.312632559184916
0.2818223713899073 -6.577688044648042
-7.5159546733399 5.545308403906867
-4.3541717875094 -3.899673911635018
-0.3890684333876102 -1.8448305883219227
-0.6385779313604196 3.328305318258959
-4.106624185571643 9.952527659725156
6.107471709743532 9.611310389533575
-3.7934473322431517 -0.9468556760976412
0.4487582522282523 -4.600012758484382
-9.533955139286956 -4.598036876952889
-9.95612191708232 3.926150161628726
-2.664105271950641 -8.268646683041776
3.7385694817088844 5.538546527630469
-3.9748903211394175 4.505824852789633
6.170446402436454 -2.528040882565792
-2.0818170569590784 -1.6677149906596291
5.444655794306424 4.680290296258221
1.0549963345841356 -0.269745377467256
2.496118139005425 -8.608471899226494
3.1874744750404265 -5.289896873348634
-8.960578153008099 8.020917031245158
5.4221860546742775 -1.8184894368241054
-7.9909478551499795 -1.8316260754234222
-9.453999564979402 8.945145083343387
-4.946698369865641 -9.749306638832424
1.649742174369674 -8.814875528346402
-3.6201927085527323 0.9826840948700184
-5.7793008430871655 6.809804550969311
-7.058416330344761 -7.14121453456994
8.583699132300943 7.3187462533111365
0.1421465410211198 3.9201689629278658
-3.6421152994802464 -0.4217426911352806
6.589748649289607 0.12490072886282277
-3.8662161596718914 7.709167287973191
4.378073485264435 -1.2861187793389632
-7.197447134994828 3.8703029948540095
-7.870753473443555 -3.1864945737373196
7.9448142628701355 9.207161881630554
-6.257777071558288 8.223010425266764
-3.8547862242950863 2.265152343647163
9.372707021919776 -3.350149414622954
3.944776078595547 -2.8863983612320894
-7.532697452206123 1.4169716464864113
-3.187577484973465 6.331316261345442
-0.9019885925671449 4.105643202989356
-4.5792843792060145 0.35021900661122274
0.14410401524207117 4.842821094504222
-4.326859167041814 3.5656846159021445
1.7723128939198407 0.5908578913257472
8.7676890981346 1.8922464273704875
1.440696048154324 -3.6475795376282054
2.991213138726925 -6.20027878254378
5.1254716512258405 4.132396602168406
9.058007540103478 8.585932378587394
4.352975731278292 2.8762860247139503
-7.195417645522046 9.648686521624303
-5.37800888370249 8.802934938094275
2.7493945046283095 -4.4561481286239175
-9.4482562955622 6.9942679700547465
3.150992968334812 2.173021281739926
-3.671611883366877 -2.449324555508716
8.495346052485647 2.100903480724119
-4.195111525028963 4.398814553609544
3.647592607465393 -2.9126822282189853
-4.131800688232872 2.160671362613236
-2.9683847331290325 -4.560516496534886
7.982943622892613 5.268286537102231
3.4576094235269412 9.646714203553078
-8.088419625861917 8.633533640433523
3.707693769183196 -4.26695054412324
-0.28974989751202784 -1.52335808800348
-2.8985777252750573 -7.026889945743577
-4.633161801932912 5.493136207525296
-7.181349349263712 4.1077751625139705
1.1529646726394365 -4.345024211669122
6.684639859337267 -6.929333366998145
-6.721846581839168 -7.266881922093611
-6.48151071161722 9.294430988283008
-5.670781434393404 -9.590803881325474
-4.534300195207348 -7.797920705252124
0.29840867798623094 -4.106486385437114
-1.569825811882124 -2.7833354722754278
-3.5789546630588953 8.679633885470842
-2.2926205909460773 -5.880701761453791
-0.8364634462117131 -0.48772339725709557
-2.3336216021056932 7.826663594881374
-6.078729731559111 -4.083350329312361
-8.422391906815438 -4.769649379210379
1.9648283176892463 -6.6517619946521656
0.0887714896594538 5.776949681598243
3.1344382942404216 -0.5544822856647933
3.294418393032867 -7.38286898254938
6.378393503170656 5.070151054594323
4.288052176360473 -3.538957035721337
-5.564283076016141 -9.061512955216422
-7.090005310243259 -7.886388955173498
0.9966874156062175 -6.451699211289723
-3.7987769093177803 7.477044702013917
9.95488792734869 -0.8217821332674102
-2.5545223499074066 0.13433155054016765
-4.105925487895343 7.386111012608069
5.664747306057777 4.219266095116625
-6.486673531190439 -4.097809394933409
-3.6920309110932603 -2.7807972591913703
4.561310366723424 -3.115517038532934
9.574907360719575 -8.822482259494052
-5.462727189917274 -1.3155192341262438
5.556244250017537 -4.874472752278933
-1.8847275985413763 4.200147072875975
3.6366862422938073 -0.6258735927969816
1.0747143698286763 9.031182260953983
6.517613585403009 0.7280026299025355
7.091048977075349 6.425252847532867
2.196636305923615 -2.5026073063199323
-1.281359755992895 -2.2529934686404456
-9.524099853223687 5.5597318118810115
-3.2930248459771194 -3.0417421603184858
9.83504485264691 -4.34518534422484
-0.5264001055968706 -0.24094357939485178
2.429581242019472 7.939907873499909
5.126400569293494 -0.09172635292133435
2.519592812886682 5.750632510984698
7.09286688754802 2.335749158260299
5.077246450003566 3.4230872586598977
-2.264244249341467 -6.272608199834591
2.933682398158492 -8.237276113507626
-0.9991559650179855 -9.866790453963787
8.596762761827378 -9.102557578240853
-5.2218301807837335 -3.257624032708188
6.554509959188451 6.107553614848246
-5.985669016044555 3.4336245242055075
3.2709985386273104 4.416728748735183
4.841729289643686 -9.160988426056067
-6.122675321988769 1.8141187179599036
-9.77005121281511 9.146031058633763
-8.95952126097459 -8.983827744701099
8.067040127640496 -7.823667653287423
-5.440799177952895 9.130180065695018
-0.036494782576141915 -2.5551862055142465
0.8204199694609784 4.826287039447411
4.228415805921994 1.477479867929972
-8.961873586676653 9.849583346562017
-0.01739647797235122 -7.044729426215055
3.2787439201611708 2.425757604705181
-9.136222586547092 2.0508995656006093
2.4993067816876007 0.5274308779706072
-3.1138880531844286 -6.8073510166536195
0.7014246901943046 2.8250078584853533
-5.39424332508178 1.4048884692294354
0.613555360389082 4.914408910234139
-1.8230199069438981 -7.05985352289054
-2.470275395967816 0.1968349087011454
-8.551494749735543 -1.6213167660075207
6.4092897886328295 -5.484617788565935
-5.865710817463814 3.271901031130053
-4.071969693955097 8.093074873614608
-7.018839233245558 -6.43486855416281
-2.570656425363409 -8.331241116515425
0.6671304488941168 8.582694756890874
-1.9164169937895963 8.004336804505009
-0.841289647389388 6.252571223918352
-4.862550711648184 3.8340468450947522
0.044546648928466936 6.964048735748307
-3.9925833709972114 7.521384948580177
-3.4364367577454917 -9.248310185991615
-0.021626252668138335 1.6041654047672296
5.885660686606112 1.980272404246243
2.557230267345158 5.910497077043749
-1.5261751830351304 8.821149148725883
-9.082592460666266 0.03822355875960248
-6.822501460993773 6.37787269193764
6.510426192602129 -8.471635921688907
2.166736047610737 7.861537685580291
4.361309541334254 -1.1594503669286311
-7.321864289598858 2.9825875433946596
7.135060546652333 -4.489897114519663
3.1903165475942714 1.2356436806869802
7.379467419104564 -7.3677997161510245
-3.8201214188840975 3.798004311836703
-7.769155841779534 -4.453725593502218
-0.053064442164112435 7.46700907792038
2.7013522769315745 -2.561565292945205
-4.24609573936306 -3.2121484164309377
-4.001690179686768 -0.7589301370069528
-8.71707427091832 2.9628336545354745
2.102340897752926 -8.269647071020989
3.516927780262641 6.475109268433346
4.814857813897408 -6.89882235076052
7.963034152417077 1.928855929819166
-1.3715743993469953 -7.720525136260652
3.9802700667626034 7.965808765467745
-7.024421982917161 4.921666851075162
-7.053632747485463 -4.117276769880258
5.44463508717566 -5.51831074298796
4.338062852269191 -2.7423828502891308
9.834477086453997 -3.8797862661973497
-2.62815336668504 -0.036965299324569045
-9.64909147499797 -3.3445683154826833
3.819039815295845 -6.918100780883156
4.461555136682643 6.568608495458687
-6.434544152803364 -1.1045410344468607
-5.936206351916395 -8.35756724785096
-3.1476992476917793 6.514163218157115
5.787020326564225 -7.311542069626949
-8.481000312483346 7.499066474947803
-8.01116484725654 0.6897563488557363
3.5902009703642577 9.647265189170039
5.656175276239168 5.765765953479487
8.90272496981575 6.5715004390455505
2.0519125411057644 -6.913260142476673
4.783588931049241 2.064412561987986
-7.057243444401351 8.272417973398362
3.5550754382132617 2.2569473082274367
7.91122564564985 -7.390860804553336
2.648344717704738 8.826807437124831
7.824435259357571 -6.6222002690708575
-9.748423190014897 2.8793923493819307
1.5124194828944955 4.205859103256884
6.407557529834978 -5.733329056251122
9.418424474501123 -4.973926785086675
7.682144890920895 8.439562643261368
-9.148873438761758 0.686199852341332
-4.975602614682904 5.4228740709590255
1.6081019518926425 0.8608749986752517
-5.620497719967803 3.838891336349814
-1.5260167414928194 -3.082640245754888
-6.652526323234717 -5.964806748688947
-2.5653029311254505 3.6372585320218924
-9.294330690725861 9.87266304627406
-0.8314472750648711 -6.167180235804008
1.3220461494283136 0.34987369033620297
8.540303707383018 7.049917660658519
-2.4062672590573015 3.0087735339180526
3.145085801247374 -5.056843388369834
1.1926290711195406 -4.643572529896717
1.1792547921405543 9.327512513792321
-6.998789799696469 6.658568711023307
-4.011545724130253 4.687160231641199
0.013368191658296169 -3.9089724998064153
-1.561601000679687 0.32577261198177965
4.7118720426451794 -3.822457820898517
-9.974735187052788 -2.273065350648049
4.059481504305641 -9.80017417092152
-2.898225169721675 -4.919674215216614
4.6965760718390435 -2.394692435985002
-9.96397817501987 -5.214903728919078
1.1546230152949235 9.972679803395277
0.844243602229275 6.839664646081086
7.441103650998105 5.180329796867941
9.71676230642111 -1.8213671536778708
-9.877806280330287 -8.716365750699513
-6.083615575075061 -3.2456432843877803
1.236396124080228 7.124998975997489
7.803665321360455 -7.846263310384365
4.864476619034255 -8.061882153335072
-7.614311467344937 -6.055399125484047
-6.905639053450024 6.3285537766810265
4.017137626592785 2.935035719724379
-3.6588441650884596 -8.494511747726497
0.6168160324140626 -3.9625665435287782
8.094248872516275 -7.8838264956089805
5.958687650472994 -9.631684172056595
2.050171778369611 -2.5949275307670465
3.6695562268250743 -0.3866780272480508
-1.430044926917887 -9.734725710422993
-7.929901209402033 4.264755425501182
-2.741686111230819 -2.9392580509112083
0.7829185695149441 7.262970027371846
-0.9775537461241264 6.856549630292914
6.584596580566352 -4.709144705250252
-3.6575971424028086 -3.752069368405113
7.524459280706161 -1.1893859859309703
4.708971801689316 -9.173487067951424
-5.858548518117292 3.894563203127566
6.568543822247651 4.529132349818317
4.356542466033574 -7.141733296294777
-2.95805487165683 6.02651366228773
4.680917710775317 2.8114964154551174
-8.510455685170177 -3.439303319481115
-2.4740223640594383 -9.36895705088328
-9.96827682647191 9.77547691441388
-1.1067002552281693 -3.599565583042499
-3.5279935083315035 -0.8952768705735075
-1.007158028902822 -7.718506975373365
0.48188028650796966 -3.379831519705718
-9.964952099860799 -3.936439761040198
6.046863112481546 6.405158374267998
-8.34783309082469 0.4385812223227177
-4.94165247541506 -5.689322957136717
-1.6301659485507098 -6.8825716619610695
-5.60830841809095 5.379206158408806
-8.599008895144376 -2.014047044956535
-4.657054792022299 -8.326736107754405
2.069600710181776 3.544077602097854
-9.596079702057343 -3.191980637482561
-6.2260198490379715 -6.771101700108733
-7.496749483633933 -3.3241493964241915
9.555023295075056 7.762290117459958
-2.9653157386475337 6.402429056765225
4.486318726985809 -8.438340161663898
4.367372846758162 0.4976634430503868
-7.782345381542148 0.3722163081132379
-2.902559195979391 4.490874782502237
-1.626432376355119 8.45137953129229
3.6440020752789337 -7.753158296248078
-4.203429530170315 -3.7348444171874906
-1.5800411691799798 -5.96645916226138
9.288533819301023 0.03293447449274112
-4.084134407955775 -8.607742137592414
9.336665495400851 -6.817325820135675
-2.8752756084977094 5.603431470030127
7.289275018366695 1.752849583700673
6.034149616422017 0.896606362629166
-6.287507915999306 -3.3131310795605966
-1.0674088501784507 -4.864675927490114
6.269372703498004 -9.392935165243223
-1.5701515335662641 5.373751983186324
1.9764476515359704 4.678613742240881
0.824404369781055 8.416018894368175
6.875437188450206 6.01146239472709
-4.07435769011313 -6.2946137131145825
6.899359518317361 -3.2369271200611704
8.580002961388423 3.449926111266482
-2.824650466814762 1.3259597641971173
-5.485392430402653 4.589730910862242
4.616512112961999 -7.082522048075579
2.151130323286754 -3.4883931685523066
1.0464660047609105 4.2315802577339685
6.35825494600806 5.662089923651044
-9.562960993578661 9.983560099740277
4.028496100075351 -9.676060430957039
3.3565549204621874 2.726941383104652
4.598871992189906 5.322123154243476
9.27813849267394 -4.47421631313464
8.739422375967926 3.500627087917481
-4.063200976737573 6.894371774268745
7.263102170986446 6.045386836526895
0.7857957245287857 9.476281601652545
-4.957750860027237 -4.244577108412844
-1.2134180670404753 2.723547450888489
5.545583944893501 9.487589888810891
6.559242153616957 -8.243663500282699
5.794103251670128 2.800481871525287
-2.3264642671595155 9.39090611254538
-8.21538605921129 -0.10820834387065759
0.39570505871106576 6.25390091162663
1.6579016846565668 6.169227777361947
-3.494833441740786 7.722485346104104
8.027526951999555 8.79535000623503
8.427776878082462 7.780383498653251
9.369431801113834 9.178736079005848
3.619599001594537 -6.412008570852146
1.9685798611456882 -7.795288548930632
3.5623310137779374 8.778803598708617
2.099122781913378 -7.042631389622147
-2.24302566336235 -2.065537431989508
-7.586276125157507 2.0937553207541253
-2.017735867291888 6.437295931638612
5.551637922293043 -7.889267513841089
9.718695866024373 -6.26610858498845
-0.6874559666978453 -8.180253986858263
1.8175019336169473 -2.3135027458822393
9.702794952806176 -9.583538570570692
6.118358415999882 1.7272543016005066
-5.736016763589684 1.4808824109221526
-4.968799515021322 -9.194566420406197
7.616868350680004 -4.992995385230321
-4.658686110000589 0.9732539688568842
7.480057433590471 -3.1496528415377796
-5.446045680728007 8.75565395066992
3.58141432369478 1.7342477420113624
4.994353855581611 1.9103067143599084
-8.027118970837217 -2.7499752234038404
7.732315927632893 -4.573187179158504
-1.7755767613912603 6.498479177867246
1.774642910260038 3.9959619848701085
5.657378068640961 -6.381574121850666
2.042565948607715 7.296941660478954
2.685814650628073 -5.73260864622034
-4.144288587171607 -8.0753549982486
-7.6374099326931555 -7.486173105981151
-9.832995534976199 0.06942836586149959
-5.410018236388687 1.1387741281173618
-7.030024833430684 -7.235393208254619
-9.297853945426834 -9.770798418531857
1.9557830762486574 4.049476314583089
0.7296391640234656 0.2259868955948825
-0.09194824138687174 -9.15180777005032
-8.758162710801933 2.8513370498286683
-5.63251998760953 9.153539365505228
-8.054083473653487 -3.3409747836340786
-3.102730212320979 -0.4100497970392496
5.9997099697837335 -9.278046531124183
-7.02806347346672 -9.102801443229529
6.661087818429273 4.920436471981056
-0.17138387826717327 -3.7731215195860823
-5.424916444487975 -9.80203262906107
-7.4638696566651035 -7.309202136753193
-7.778983275944286 5.028799837809279
-2.6122321528531582 -2.170745904009679
-0.09874845282926437 -4.014761176121562
-3.8640707259368456 -6.75979609659626
-0.21998346147426062 4.014964229876801
-7.730090910214928 3.179071167078572
-8.37078730077142 3.8148916316648886
-5.077218900019651 -8.51595737865269
-5.40192641275544 -2.968128637847154
2.7544409129871283 4.853451559355154
-9.669392097526586 -2.959945136028348
-7.709693976747878 7.433554034549704
-7.785902300778056 -1.0269594293694517
7.555887277819565 -0.4163726876106786
8.486669867541714 2.91009589677895
-2.428109848707603 1.6981053077747514
8.963051586552986 -8.165379381685597
9.594894958671954 5.398305327853727
5.068959563122517 8.18166645462966
7.0525816994100445 -4.988879202095906
-9.677525136181323 4.956354160455037
-8.765586293930447 -3.6996087082054103
2.857479034727504 7.712259101801241
8.71449330457476 -9.27147045981943
-2.1154374422329925 0.04123647765761973
5.547477655095655 9.529051794199649
3.626102423259951 2.671538079858493
-8.602742818875349 7.537136474544102
-7.577661567451015 5.950693929236955
8.549110729665465 2.565576019222446
7.260555333066495 -7.136229545166661
-8.93988424241609 -2.3585648373439927
-6.695006791862119 0.007766445500115182
-5.964183021926943 8.167316631581542
1.7641049216360756 -5.1001684385440065
-4.518799192797596 7.627176030781595
-3.8818447757941543 7.703341983995134
3.1101896211887503 -9.245011461381406
-6.3514320394190875 5.270877135101934
9.40741363903334 6.322700253703136
-5.521351414357385 7.325315962010922
-0.4483659055212037 -8.751100625381822
-2.385665841201609 -8.527746684150088
-3.5446187364735504 -1.3339872894406106
-7.840752807538878 -9.171359428589
-1.9896931577785644 9.979650637263301
9.628864133851142 1.6774151824775085
0.15656770799002118 1.9623106913799138
-1.7227012968532218 -0.20761263189165646
9.217496387834355 -0.41652456764258616
0.36919798341898336 -2.1629996821161317
2.6041589845570083 -6.796551858797453
-1.2140806674101725 -9.068053759086983
-5.139871959074059 -4.395741962434858
2.8478801013656145 -0.47668477319003344
-9.262024095139283 0.374516001117577
0.5644562314803192 3.6230367566388093
6.618391634862569 -5.919911024589957
-8.370370798456744 -1.5002168486123324
-1.7691417712316806 9.119708329118787
-0.38718269203064715 7.491737024267774
5.291496192658487 7.844029297454615
3.0274847310647335 -1.4942544478862434
-4.142572205032615 1.474335926122368
-0.09827058368316877 6.494954641309558
2.945986769062621 -6.605315816991295
8.9668678920249 -2.1657894198416177
-6.200042290659875 1.5292792043356016
-6.473321620278756 2.610671703531848
4.346462187096593 3.962943686018484
-7.627203182831117 9.628347008138562
4.979968576388412 -8.865346662013401
2.902284543618485 -0.41928688551654325
9.32168753313934 -3.0948125145177556
-9.485968400621745 -9.408096699567379
7.754292095184404 -6.335087836024216
5.372382527692668 9.045489828720296
-2.9547575554998833 -2.5210933471049657
-7.8484602515005175 -3.1851825120557864
0.6475799012179628 -6.917376560239717
-0.1627075648496561 -9.079784210815195
8.744551914564724 -8.831400680217321
-7.41028965934105 -1.7473786478397493
-2.341142730515296 -3.272303454525858
4.743975661907667 -8.03301151624509
-4.522939144102853 -4.489035006636746
-9.518792411096548 -8.139847901022675
9.807005477736766 9.152660979618762
1.1685536973953248 2.119555260368262
-9.394618990376284 -5.659632714377598
1.498346464045536 0.8813270052255202
1.2956074802685826 5.194711403346744
-2.3080097113972613 4.679279898704024
1.405674722500592 -4.0891224447144765
1.4021903428791767 -0.34160931205778233
2.850290674620773 -5.933099776304105
-5.2844836537603745 -3.383972066503473
-1.918874627798754 0.5148281904202143
-3.29281026153102 3.326646871802218
-8.799131506132712 5.086505534593684
2.7858297067485065 -9.478047115592698
-2.1641532143649522 1.5219017425565706
-4.06558489586049 9.807948396374947
8.097749586357171 0.9745258135376247
0.004459647172383896 -5.502978506034626
3.254427798260677 -0.33323807648303116
4.0679941744321155 -0.7049240221193269
9.560124319507516 6.592238629085962
3.639507256969699 6.327894693515525
1.3020838804762214 2.087424574433225
1.5295115931070278 5.611013237253831
-6.1670629288327365 2.7661926398803587
-9.266430540346926 7.521021098832982
-4.658771745563999 -6.981641146123896
6.261817583493368 0.9693275674145276
0.1065023474542226 -3.7200625748645404
3.1626093526906587 9.146109287685753
-6.441201425976466 -1.6282074767064874
2.135273379764886 5.626754750231891
9.298691416526182 1.881303686763804
-9.978930243629154 4.474798686731722
-8.225333867727818 3.636489705864083
-2.2000110263983874 -2.3229659621698806
5.45721415570663 4.423484094974812
-4.570010926106276 -4.135909972104248
1.4566296694049345 5.2596422283756095
9.893345030528241 -7.388488034557062
-0.6198517329730713 -3.6004185464388527
4.959544413350274 6.746592118348428
-5.6701927542539865 4.661992970491596
-4.980195401408971 5.559155713999129
1.7622724598565505 -8.710245428364125
7.348627529185581 -5.421878726371934
5.229357168280442 -8.756990614210558
-7.39604846446015 -7.645719066425798
2.1668581335325054 -9.29461216449356
-9.90484569537202 3.7241880820576405
8.57108154372948 4.321746696469608
1.9858097784612188 -3.233116816547783
-8.486097733223591 -1.506608336085666
5.943963421386822 9.422449557129912
3.315685546401472 6.93806069422336
3.6015563078768196 -3.754448634185925
-0.6929491105504066 -1.7552182496469921
3.349205447696928 -0.20051972716622757
-2.378251414787247 -4.507269138985781
7.4303177862095104 -0.7820130836116093
3.028132517254674 7.675023593285651
-6.261480977622709 -3.1397111467090832
-2.5469820232652314 -1.2918123860208546
-1.2777626917116933 -2.9910317387254137
-6.004101637116779 7.175946635442635
-2.1197874129144374 7.222226146469946
-1.913728981294426 -3.253548604611833
7.978327719947519 -5.24995759480388
-9.65834571839519 3.047107292602684
-0.017332179602538744 -9.501728127961826
9.865235015937497 6.129115754337398
-3.0717134048094934 -3.0963213766735853
-6.372893371375101 0.11080269380441088
1.9236212374890336 -0.5512545831274771
-5.681565316568731 9.614461663909974
-9.687194142624714 -1.6143375204067851
5.023725849807423 -8.686150455176605
-6.055339657421468 -3.618577192817294
0.8249019337487162 6.706554875380256
-4.373461524104125 7.634132459587587
-1.684782331012185 4.521281010005136
2.763639419512078 -3.6687747700233375
-3.5981310803491446 -1.3114780867755176
-5.58103120767867 5.719525656502039
-8.39429122257901 9.571351777339885
-5.2496991057113735 -7.183332413371217
4.583965827421357 -5.757797824585715
-7.613270237007168 -5.513726050999361
-5.797795628071447 2.785306413021578
0.10053617945714954 6.3568576609766865
-0.5572926983492099 0.7624269005956936
-6.445834637623323 -3.272150821634545
-1.9673646138010437 2.60953247586097
-2.4568869155199042 5.187409441239501
4.503067028894659 5.5686728958740535
-8.169962295068887 2.0009375145265658
-9.011095086774253 -8.736707504004539
1.2795141437128432 6.232094086640924
4.034735988411569 5.833877820306004
8.206762213524023 3.839948765248394
-2.106001528396697 -0.7433060261971072
3.3746888710928946 4.226422899172306
6.012318164197271 -9.800778663365415
2.5609415625913954 -5.058939097037573
-8.784933909071079 -7.345808734433364
9.84609485128 -3.0405061938132487
5.475143795347922 5.883191647631119
4.919805811758449 -4.202355238412212
-8.639700449780792 6.189832619880143
2.8719548528702177 3.2544175592128894
7.00358437209616 2.4183191688787566
5.22030231099307 9.477120008847976
-5.432728562874775 -5.741020962335073
-7.29199691405054 -9.797813643984025
9.947568613846986 9.423456447072699
-9.231295323866348 1.4562348525281603
7.924937336363072 -9.031506012737804
8.865846497716845 -5.791491351645002
-0.9445286993110287 0.9028851851849176
-4.438455148420896 -8.96412691034202
-9.392215811262602 2.3359200685450965
-8.683940753113976 4.190812649718119
-1.2646615426056336 -6.473243241936533
1.147715014886451 3.4744708116022274
6.111120533230032 3.0424365695879594
-8.211306639368022 -8.785192462047828
6.986288487203414 6.422209947536462
9.667284216114894 -8.997726641987656
1.5603156120794601 8.241345482903117
2.962530251326804 -9.397002725252655
-3.6072633844803503 1.4605358028027737
-4.408018118854136 -3.242755167257558
-0.7223032449938636 -4.605393374845857
-1.083288232506467 2.829782222304914
7.659378376459202 4.664740381010748
-6.975915151999406 4.322272138843559
7.152554391409481 -3.3427264386041067
0.6884399740584328 3.7108459715785074
-5.836849399742667 0.08746556310247833
4.015747074696378 4.712628466503354
7.486042457335877 7.76168376332426
-8.88193603587431 0.503222157133699
-6.919166090950705 7.703947455438662
-2.821381946509101 -9.815021834806775
-7.680245695128276 -9.222198836119217
-7.716605798855236 9.328214878598455
-7.401940326695766 -9.19302769940285
9.487747300508499 -0.20461942699084368
-7.799252995076493 -7.24430070661362
1.259693335661428 -3.8554178198806195
-1.1218043726806712 -2.2576286202170337
7.389352416724616 -2.7302615621542747
4.4609687384345325 7.207859735176076
-0.8157487207387693 -5.767130667959178
3.953555020482682 7.36094311850373
-6.60097953990384 6.969477979665662
8.648134977043718 5.676618931866743
1.5144988518325064 -4.565013561439759
7.77041065048337 -5.488516236999037
1.0631058646502538 -0.23017267865774294
-1.3849169513160504 8.374364801280457
2.9239122141029323 -8.143894403783685
5.165944489164712 -9.186410088035807
-3.6563174094298763 -0.5118165724318118
-5.043821716443537 -3.971647421845603
-4.748571207171524 -5.455420374028275
-3.252685766384298 7.294416784654619
-9.273632438525084 9.733842517560923
1.045962681296146 4.096452098530786
-7.4731916429160306 -1.2664071182355414
-0.13038272270605766 3.790975316897212
9.036139474889346 -9.243003638112079
-2.293936788502668 1.1031698744220808
-1.5686904129441572 -7.716254724348401
-3.5599689764695963 -2.585653751963541
-1.490881188128487 -0.9929499013305527
-8.607144067154149 0.7408405410995744
0.697683989544295 5.270418376861997
-3.2721412251965294 -4.215050861783598
-5.730392855834308 9.345619435765094
-2.1862428275517143 1.1045658316293334
2.668726902353601 4.5995129878316
6.864608335003123 -1.9743479632401026
3.699461832843303 7.115749321245481
-2.4687958317265384 9.139870994297617
2.185763639658189 5.080175001831453
4.9247149084712305 7.132973383360163
4.559827141599024 2.7277139430113895
-3.912112358675099 1.733925409957175
3.8422833274692803 -7.540242931936268
4.8148259690785 8.802532066286364
6.4065325529589074 -9.560633430356521
-9.54170415036325 1.3691243031837725
7.461148666492182 1.484032059285651
3.573543403123212 -3.0458339498643543
-6.171041437939047 1.9606307237417138
-8.962665125449153 1.8261277939109828
2.233895678191855 2.8081405256658005
-3.272046960727364 -6.221406706234498
4.015560597398043 -0.16050115084091665
4.6833971945469735 -9.722925446343734
-4.1302304278940944 2.891507056153774
-6.677424626663909 9.230617695381646
-5.001632394171541 -0.36482497625988763
6.560340921496895 1.9176642079306667
-2.4404084973876827 -4.9249542115254545
8.132206971354176 -3.5403715211121245
0.4947220652319224 -7.606401910935354
-9.472515308718686 6.659016907148935
1.4692791548088824 -0.09174206614146385
7.704659055862756 -6.216748220014631
2.0608888113572945 9.733792355046265
-5.248096344264345 4.246906841302074
-4.2807274577611025 8.272895693098267
1.8050297218849725 -2.500748075157702
4.318669645525199 5.584231759756113
7.924843670344028 -6.61230875960398
-0.7118811203438806 0.8529037528783903
-9.618283593453597 -4.286306449434834
0.9851421962761506 -2.7473099586997574
-8.536908561988623 4.782631802325703
-0.9970306947478047 -3.676312907699721
-3.534886028273827 1.9146385353714184
3.430607710059533 -4.569194361953106
-9.43374662282177 -9.196420421195384
4.305479484445767 4.072407215659625
-3.264119605674411 -6.343602252628708
-0.9684693466380008 -1.427374614684549
6.433845252522708 4.424753448815071
0.09547813621816204 -3.7315107668590013
3.735476528656001 -7.308797778508794
-2.7450953240394327 9.205675988801659
5.483538356085994 -3.152642698832972
-3.0825754538620176 1.0746792459304935
9.820162709344999 4.806552325699837
-0.18701848317960135 -5.067884934860816
3.5075584431943483 -1.71053976631387
-5.880996255970164 2.6611737495180137
-2.095737416379042 -7.394880015560153
-9.191862858888008 -1.1032161457183953
-4.224494489397084 1.6263940164253121
-4.995181640632021 -9.931248544798086
-9.481504266946104 1.7808402442242226
3.356689243096909 8.243311069354405
3.8653248843712795 7.878600767712825
1.6035959406477414 -0.8259350198909914
-3.336311412230934 -5.647943648969278
6.10163340118666 -4.060413270958369
9.648185028450442 -6.486501490743494
-5.32094306394894 -4.590989685442894
2.608821077525075 2.2653589934220832
-7.356713691119731 -7.300062517652632
-2.3135331685978144 -6.188252998246401
6.98234764339459 -5.869826997024781
-3.639684569022714 2.899269967266287
-2.2456076993598266 6.700752214986462
-2.3426226486708135 4.173563823311673
4.228008851903036 -6.689153142005713
-3.8740482922698742 0.2163423970521947
1.1150699530339097 -1.8802988997929315
2.9569393742544605 -2.6562607688828326
-6.9193904113319205 -9.160702068056207
5.424571442749297 1.436689411531578
4.295359259708455 -8.874344051658213
-7.886831109622601 -1.9560491751454396
3.147775591931129 -3.0327844814064715
-3.7646870036512787 -1.059111586608486
0.4911665476776399 1.2450274663792538
8.606788580634404 8.999271472558906
2.6379395788920412 -9.671987474868624
-0.07160332527712043 -0.10568915686040725
1.016638751411092 0.6016906734714063
-7.098795215257985 3.0841252712670375
8.75093952303757 -1.8164592831850115
8.293418178683684 4.141277056467059
3.369515135456254 9.249883492687978
-0.9272307220082272 9.726233965740615
-3.75479875965798 5.986678923688679
6.047446140481327 4.260904583356178
3.3493479600031897 1.647770818667917
-8.061079903194193 -4.718829906272875
-8.538206524908365 -6.578027712878587
3.2524023712119217 -2.1617202216057922
-1.3709412989341772 0.06678515989445089
0.7348875014371448 2.191783709201875
7.311262893643423 2.552429437180324
4.416844002818049 0.2478324522140678
-1.6583179532118422 -3.598932950669605
7.557665668733037 2.532956712473485
-3.4934569231565638 6.76986412300478
7.964596061679778 4.24883730186748
0.547064522950107 2.254573321249449
6.256704966758608 5.628688854569164
-4.432459613367758 0.7079131195911117
5.747070768341523 1.0146973562924089
-0.5351765477657402 6.507011819628374
-3.5662214333560964 -5.406609342170285
-1.3952307690190384 4.078904832363213
-8.789056656394742 7.67998310624743
-7.579456302655032 -7.0961825881070295
7.553574793642031 6.86606922801769
-2.2376993391340267 -0.0252674178140726
-2.800603441596376 3.8110277124460588
-6.263630661971174 6.7547117233377065
1.7729697811275695 -5.07693078775604
-0.3608244060054524 2.6791499196593875
8.38595436793949 2.6596202058193192
-8.780179107804587 5.2821009166674955
2.929470000815524 -6.462948083933804
8.00194576918119 -2.6222265413491908
-9.385475608968004 -8.847808224840705
-0.8708180558214167 -4.829308345261627
5.90523843993169 -1.3596899931114343
-3.6889513520043637 7.578724832222932
-1.2750037897161306 -8.467823812724607
-9.919522461771496 -5.301777320289123
7.212568749880699 3.806771090999316
2.1306328877937464 -9.476240129752949
-0.7144886249767524 1.9613095512581644
0.15865486603739498 2.07089039108957
5.417663959205839 -5.31669124819966
9.16660895006315 -2.2011726770559488
-0.32088821601839257 -7.431262537353458
-4.7021202980659105 -6.298270640008701
-2.2707648433808263 -3.7079463212710495
1.0819641206840274 9.8965563706506
-0.5655321961305919 -2.7461117069147907
0.6320844404107699 -7.499423911528913
0.372069914504241 6.5254261661016635
-4.380126250637697 1.9879623287283366
6.870549764801474 7.082025089985322
-3.0179890224790684 6.6852013002791715
-4.018581195905099 2.535396542778031
4.986540159819384 -1.9266053847463827
-9.05377382333741 5.675101178009484
8.127608044673739 7.732005724810101
7.313666244357066 7.268761176826597
-0.5630359809515753 7.2373253677378635
-1.0928824789230553 -2.8025077946547317
3.116742053693038 9.90408382900765
-9.778946390265265 -2.7481491072704163
4.914096479639717 1.2470846142270613
-1.556975673719915 -2.365718020357603
-3.807246071708037 -0.3012897935374159
8.343691131529727 -5.590279695426863
-0.599872661674004 -0.8505077639904197
2.692884697260583 -5.372465264105342
-4.773102217585761 -5.943339614889669
-5.315842563738804 -6.159173232521402
-3.696198150875105 0.6754455796372945
-5.8949761625022745 2.2749994276025447
8.521189759222246 5.346806461455271
8.449793972970625 5.2820981680885115
-3.69903992543851 -4.762038102292974
-1.5045190146603744 6.899808968935297
3.671711776887923 3.387914829427231
-1.1990251387687714 -6.0823326823124635
3.908090736472465 -4.225554276393304
9.922745830384578 -5.882293737247821
2.2906571525422983 3.985129032850537
8.363620290672895 -1.496944616996851
7.8434406304746815 -8.984099447902352
-5.861716251314997 6.76748094643429
-2.90021609382757 -2.9501098110056407
-8.645605127172058 6.876264020527529
8.207562594394624 4.018874100860623
-7.549981210876071 7.259739583337229
-2.5768178044362884 5.889315316921522
-5.089634121908679 -7.37405453485583
-2.4612098846744423 -2.9155680826944907
5.659725542476014 -3.758823700449822
7.8141919280949 -8.752858173325196
5.409038009559055 -1.8076505585300282
8.249350062094244 1.3862801153330935
5.871654388987338 7.247375324960082
-3.9478827874203226 -8.636281298443045
-3.984450117571992 -4.996087625852727
5.9502663108480185 -4.250660179616997
9.303120211355363 -3.7928504085293095
-6.642596999760812 -0.42544727852314956
4.657221204199667 -8.895020706730117
4.446137790643384 6.858203321105428
-0.8609558692655064 6.799821589715915
-9.51347846893448 7.012020363553827
1.8220828389559571 -6.944368304339852
1.0312357579043088 3.2928353267508506
-6.406777286282368 -8.27889002938685
9.032187827820664 -1.1623997298042532
6.920358973608472 -7.793816189345504
1.8691105606051384 6.494330860485739
0.05201672281312675 8.2883436411607
1.4598446245196293 9.03801770405039
-1.43360190125569 -0.5527088494372574
-1.7748707803697439 -6.240045380014141
6.839538278493393 -8.202402648816857
-0.7634159967838254 -5.312051316953115
7.522814702077255 -1.4327200808546579
-1.5053940597350017 -9.615013967427398
0.13164871443210302 -2.0073491564768453
-7.218005353366161 7.1383575978141955
-4.837159420714969 4.886818940065318
-7.660513124201649 2.0392018479571874
7.504089412428897 -0.4571905684819271
2.3506370766169287 -1.533958211262041
9.127497126765157 -6.7654533790490845
-6.504984549942869 0.10012703324113303
-6.994040446631072 -3.7701839113860114
-4.274983540950455 6.55291608340314
8.707886975193613 -5.416881694982097
-3.6411102885883517 7.449883641848338
5.467503203062844 -6.615999810927116
-6.556289149642412 9.889112107341234
-6.619203243723706 -5.028408222911969
1.8605990281495384 -7.020734907973047
8.14104024238198 -0.9833861592102693
5.353846510799622 5.636797884426512
-1.5597341742573292 5.636148713402324
-0.3796987556164648 6.204481614157647
-2.081699004952813 8.955412817487371
5.587045937452917 7.369553333063532
-6.962574911933112 -7.49390175784407
-6.518072157090025 5.612433332786136
-4.8047933626097254 7.215466925888766
-5.307280812014259 8.12005647530625
1.048767573792249 -4.355725612135187
-6.4693617738668525 -6.509552252750812
6.845656992421926 -2.795351920695368
-5.729304673437518 3.0595035803603174
-9.659618472442993 -1.4116534643496976
9.346483237050442 0.5035471554292066
-4.351347203044462 1.450650993830605
4.333703800647559 -2.3177426432998587
8.831739537807898 3.8692997353798333
-5.974396535247726 9.667575397459217
0.48366857590839096 2.710371992702923
-7.302026047701855 3.963096202708236
7.752918450056644 3.2849041354377473
4.1391351653002655 6.689902817332303
0.884752157471274 5.008876390502232
-3.743597559361125 2.2681604474633072
1.3064213564779426 -3.0153090342136863
-0.993701733472033 -0.05191308317357013
-4.41245330777951 1.0039423576343012
2.2452535690630864 8.329136261268982
4.571730554905056 -5.883359006671416
6.190317883979972 9.840394727370292
-1.4564922106727973 7.8016406181731135
-5.856336738347803 -8.152983076777844
4.409035120408527 -9.27687056415304
2.1837188084780443 -9.914256704793793
5.329733130993368 -1.8299983663756407
5.224622886468836 7.5616856991849914
-1.9330181123387842 -5.140178975803353
-4.001263319749966 4.238555212646993
4.428391710790205 1.8951969922851148
-0.3731302556286753 9.683452829646594
0.4060533547613847 7.809091539131437
-3.05708623801769 -3.3371202997646154
-6.505418233431617 9.513214123853967
8.718810147389451 -3.409663701202101
-2.3190520085939648 7.060447759602592
6.497662430824576 -4.332421784850133
-0.07468289437564657 3.960471391582402
1.8989908742119717 1.5782166205912525
-9.162002424120097 9.659744842760876
-6.712316282207271 2.553639635326224
5.624918192552874 3.0634719382833246
-2.90468534637003 8.515889804520825
1.7122013998207528 -5.567404776439582
1.041293581948299 -0.5428908451249388
9.464187633718165 2.116908762029297
-8.02914602549971 8.877148819129939
-2.4174592679401634 0.4969068013797653
6.769100152088036 5.025410947561063
-4.005455878393365 -1.69345487779818
-7.331002488874292 -8.886844055008993
3.1359896228663082 -0.9766553686267283
3.785562218100676 -4.019721592232138
-1.2242718885090103 8.537078854435872
8.550008233930061 6.19905679782606
4.403600466176618 -1.0240547440412548
9.519812230868698 0.723428458862152
-5.87754486184167 7.962505786236424
-6.45325858473476 -0.6386934800231572
9.629935602657046 6.696999263781478
-5.1367297459164245 2.3363345849894213
0.1483334899960873 3.6275055813134642
-7.291366872483884 -8.31182955373774
-4.992254051819729 9.121228873816229
-8.440492709366708 4.986218870748933
-3.296327123634968 -1.911210233240146
1.0581690806946042 -6.829056211053935
-4.431669554155871 7.9642103848257655
-7.698122013882647 8.771269996420724
8.77325772092653 -4.48739026346159
3.426598857681281 1.879923395179917
2.1109914809265113 -9.834909140101404
-9.601226772802107 -2.496951392958482
-4.01941280798054 6.183044685009968
1.083270294336522 7.787554850976775
4.39328804406782 -1.8592571767029362
-6.928244744803022 4.84837465279243
7.472716932653597 -3.748890961881899
-8.600232982488027 -9.65577760389724
-4.30823618351317 -1.4662625212860014
-8.339140087075556 -4.598791340331685
2.642750760324544 -7.4673748242158595
-7.862104830422227 1.2934263158544397
-7.92345450595048 -5.872955485714413
-7.659757629265586 -8.881248941002639
-7.777052861522325 4.942593055122099
-5.666572651652924 -1.4620376951305367
3.0966954150052235 -7.060904023030014
-5.803070340364334 6.322095332961013
-7.417634985354018 -3.5755418053088146
4.953757298994731 -2.843964875918335
-8.981163501918424 1.5509870159829973
4.9892610261400385 2.6175749558042973
-7.52485172425194 5.777384883651761
-8.134018386388426 9.721166590966924
-5.688609563402154 7.141763221003604
7.527244744565326 3.0546192933647127
6.553775802344447 2.8842779132270238
7.461622093278642 -1.9092408782535202
4.30232389631033 -9.192923422879844
-0.8834192038293747 -3.1356739449540028
4.593486739906416 1.9311727896576834
-6.710682930309522 -7.7113714738065475
-7.577580068432086 1.6865200135140253
4.028806306097948 7.197976336401858
4.267418793998452 6.618696799339357
-6.795486217259461 0.01817676914327393
-7.133142648140898 -2.1603492404232227
2.0600242889924125 -5.3329743034599675
8.954742744045948 -9.032209794633964
-4.904685837601381 9.638855759497158
-6.159787391424459 -8.973276789268079
6.766461901651763 7.279526316411285
-0.8216909136405608 5.910241387638287
-4.1925738951447205 -6.433132846329352
2.7127932955941993 6.739727778103749
-9.510345726513044 2.437331794483388
-5.991700346453985 -0.8769120005845448
2.7077569695753674 -6.464123174297203
6.039927402793349 3.723747444380546
4.496534843141809 7.366481921694856
5.377557395896213 -6.4352078309197
9.954862777654924 2.9102672346350893
-3.955676532884773 -7.877682093984355
-4.144229902491778 4.686782096886642
5.266773800427984 -6.887299433586989
-6.14612442682694 8.869150041586927
-8.302639797594562 -5.6976280284512
-1.0386161848369184 5.065745671599418
-5.645305223663222 2.967893079726842
9.049977407328655 6.765753898732058
-7.139289070629502 3.7097506512939216
-3.885582082997785 4.321784496635626
4.307831277398753 4.518544038106091
5.7897148691314175 -1.6660131551709796
3.1178207542171883 -5.3198337464349255
-9.783071328446502 9.12307242970492
5.762834492413784 -8.255372691366194
-3.2217703750558835 4.587389354018631
6.519546664532484 -3.515615375305508
-5.941040290218675 -3.858050900603473
0.5531552020415749 7.768534119348864
8.706435416590924 -0.04334224180544233
-3.5407314067956204 5.057137598760722
4.483272962556093 5.086427144493156
-6.078471081446873 9.586496023494668
1.6503731255763636 -4.418314704975002
-5.474495783015141 -8.428764798652624
-9.37257285466266 8.844075357403675
-8.900328226252547 -1.1274224150034566
-5.194865294108273 -5.182547378787068
-6.9918026820386325 -4.290232568616757
2.9264219453283253 1.282316433325711
0.27759679535654413 0.4611682790860687
-2.457420084185566 -3.1408103279996684
7.855780742787786 -9.088762928083863
-6.877027951566417 -9.386385780558404
7.024760125874906 -0.13781894200644373
9.099607308693127 9.803526528877917
8.01534326336775 7.897087425267134
-1.2015675717105267 6.734073745190447
8.455672880968542 9.090786501159343
4.577440396700341 6.213817188093923
4.9344285159294525 7.076251390964416
5.235963728811498 7.5664565987139625
-6.397963167563622 0.13811575756904304
4.941791503421683 6.552025397622032
8.352288602909134 4.38009279722241
3.7020874776865433 8.606547209443203
3.4868016553103143 -8.903237376657216
-5.706235068489782 -4.862002446848701
2.03103436841538 8.655668596844066
3.5936391919466857 -9.12247193010703
8.305116231811901 3.6344167244010865
-6.3346698506500125 -0.9101680478054135
2.1167454591424217 -2.9223385276043796
6.401507735035224 2.7067720721365074
9.332831721277092 -1.7570213561055041
-4.271155676209104 2.539855923574077
8.739747867294458 0.7261225589305944
6.525056308148155 2.7639718871123584
-0.0864397491641089 6.725131421116167
-8.707707829687948 -8.327090637869903
7.297201935346276 -3.6270964623177555
7.7711581254183955 -9.408802125946663
-1.9990929108703277 -7.603128580430154
-1.2554180706531266 -8.926983909357482
-9.214379724391328 -9.883766041822497
-0.9188977547164612 6.022041993121473
3.846682300816317 8.591515663715079
2.529252809930405 -9.235138690727968
4.214237876392007 -5.713380027936084
-5.850090568706636 3.411982838809692
-1.886789541695947 5.013244004531963
-5.14155483911386 1.1015500061476668
-1.454784382040275 -9.215517981253686
4.537390302832522 8.937658953542286
-4.670179803916987 1.5089794425312313
7.067729176524566 2.9524379638637495
1.6746102800523097 6.337573033556186
9.144940494423611 7.053692252657189
-9.465046064324646 9.204477487917124
7.976877683444243 1.9095896979233284
5.538807777957528 -3.2629589849306706
-1.7515145265674583 4.868171689718377
2.8409487765874903 -8.94916758682307
-3.030464439848868 2.304994465756998
3.754991701031889 6.895637083765195
2.1480581331845894 -5.565205788242309
2.0994558014478137 -2.444559537745117
1.254123939909963 -2.555504613769248
5.04352183614828 4.406046400693459
-9.991807027040075 0.8676736703086725
8.637814859531911 -0.4843306392268172
9.851023591309115 -2.838340630147666
-2.378997314306453 1.9690796809393358
-9.333954902179455 7.492743359122887
-3.675525723626425 6.268907091695461
-5.328018888125811 -5.636233168837615
8.309286645786184 4.54607750973466
7.43904005679493 2.4346479924884594
-9.601135528471316 -1.4423335733793952
-5.202501212236377 9.983733615572582
0.19337327604229415 1.4475653597984497
7.645191104057517 0.7739624421186146
2.9070498741691324 -3.118185923844459
-1.6214742125841184 3.438745920494245
5.734502595186154 1.8878210157544473
-8.922138537460071 -6.291890085576018
-7.367366906624122 6.469148648985367
-2.739716867951289 -9.787274599216467
3.0841068562296456 3.274385515972366
-3.0486950075208874 -6.093654953176668
-4.172599655697216 7.49310716726135
9.471072916037308 -9.706106016993347
1000.0 0.0
1400
-8.544202652654828 -9.38408127107295
-0.3964192175469865 8.868457227257458
-8.946292346766464 0.9008254237564941
-7.725582014705788 -0.9177985142782354
-0.9319369145492082 -5.133472739127738
7.715645319944137 -2.8123648588900103
8.726919844041685 -5.785751733407016
-0.6789690326146154 -2.5133203180283186
-4.761605290909545 2.8701622674502794
-1.4345774976918442 1.579901507134947
-8.842318962746543 2.389646850049811
-3.7478787781104757 2.377745552983283
-2.2979505049418814 5.087212994062725
-2.2593948724226482 -9.384455035688209
2.2048948371091193 1.0100475645886
1.9944306845580435 -1.8282148204410849
-7.57277320833492 1.0899958595305002
-1.8810906868436774 -7.675564353305466
8.337674255744105 1.8884711399567138
-9.541968899635966 -5.208699593961743
-5.290150902161528 -5.226478801125081
7.386670647928899 -3.1830751718754797
-3.336416081024254 2.3501124424498556
6.780857837228517 -6.28820981248039
6.39720114875918 3.74358528912261
-4.811145553352485 7.460996041462906
-2.060633878870579 -5.6597383985350085
-9.23078462328801 4.859825559379425
7.697546667699196 -8.37625469868247
0.9315634652031406 1.365982120782558
0.22714174246969776 -4.848399114635937
9.747681520585967 -8.90826064478299
-3.847899799265207 3.25467229933232
0.35421919195266227 -3.284114144377237
-5.656469479700328 -8.572587344238427
1.5941673385853345 -6.542899710290975
-7.7455926626697575 5.103855007641744
9.59083080718366 8.996371091949136
-0.999786561089099 -2.2384958024859376
-6.800246796719147 9.992547875092516
-0.3267444595544049 -7.339618879011695
-6.325907195776697 -4.906492435191954
-3.5208568548795487 -1.2304739592193563
2.7473585010390877 4.989735404107222
-2.43283403688773 -2.3017637286451613
-7.165153622681837 8.644156809020565
7.588631485663335 -0.7426532970081787
-9.294142355792644 9.975504119647589
-2.8605137847968054 5.622501842026182
9.881794360073165 5.252206590918039
5.663285345611836 -9.036556778213205
9.746000774249548 -9.697362602019954
-5.247086217801646 -0.0028520634465944994
-8.96527975767901 -2.222459581387888
-6.0408803076892585 -9.606012246123184
-9.456732642285106 6.7762622440799305
2.492837858253953 -2.5620022854631923
-1.8933993699152811 2.1717687510029027
2.8016256929172716 5.086904744367999
6.528719983627749 4.5471762248217455
3.94167234455411 3.6671976521574763
5.745942306689827 -5.822665875545853
-2.449370835383508 -5.0393037352228065
1.8147059786490054 -8.268704266048928
6.184106001525478 5.245891908770508
7.671373060146152 3.5593395566006247
-6.136638713074447 -5.692328380225488
-8.854854269399253 -0.8696042777009758
9.848886063973396 -8.062707790075512
2.8641637578284787 8.02800611520765
-2.013615699496503 -8.914251284640685
-6.293820476897423 2.7765326348969506
5.906750253889948 -5.703328135390386
-2.543326267056269 -7.6360927222339665
-4.718532584437196 -0.6808903380850939
-1.7232267799333876 5.866836223224789
-1.0510191761283476 2.3308707652746286
4.337260100687486 -4.487677850897482
2.10093913111354 6.875829539066693
-8.083034008245987 -8.159543106692226
4.112978133094153 2.7233093459205158
-6.148782135997612 3.919715356065275
6.3458648258551165 -7.7139187318005025
6.916687299489553 -9.673495007062328
-6.719302169421544 -6.660273715826303
0.28848841629487154 -8.24705241719897
1.9600308498979366 8.721789119063722
4.169257567669359 -8.925912390080084
-2.5434205170998254 -8.522285427518723
3.585921448554682 -0.81969439090809
-8.284824413112073 -6.340361362667862
7.061940862136918 5.34837181026511
2.505028145900738 3.0161572266758405
-0.7448310109456902 1.346496476750259
-4.94370842478248 4.007903728497297
7.99158006489483 -8.870517724053858
-0.18755207787863526 -7.133056874717896
-8.442117707703726 -8.004198426487326
-8.833639429654411 -1.0102755736829838
-0.3123373324626364 -9.214952779921886
3.6136753037911635 1.0815278627897449
0.5121130615279554 -1.056100667235718
2.7998853771005408 5.882641884340838
2.541297027317837 2.6611737908381095
9.660271014155597 8.000998037158645
-1.2381981319805924 5.581968370125114
6.063591996646153 0.44434546911921835
-6.151232420866242 6.282044116420714
7.250527844687824 7.083061069809901
-7.828135944826727 5.733408834868623
-8.827960681918352 -1.9376929303232195
-9.966871387535853 -8.02718187580098
-0.043419932555700314 9.803406157968535
-6.260926107515501 9.401449213219767
7.651225549411244 -1.7065681007088003
-8.728590502294173 5.452618150012343
3.594163779074675 -6.092376059227904
-9.934857220508723 -5.491806433894846
-9.737505483206586 4.928399311254774
7.262185573674994 -4.202906908874842
-7.0340736528656915 -6.139983730689053
-6.584238590951241 7.996417994194964
-5.913388264462887 6.302030191438117
5.491562346620096 -9.60907694531614
-5.426643327470875 -7.211835989454645
8.607893768940166 -9.637731398224439
-6.272225577919737 -3.031780359762073
-7.175811530859075 3.7241229718241815
7.201024491154218 -4.700428471719689
2.8484800260495824 7.27024625308859
-4.618265078424528 -4.9932189141108685
-5.747142890842023 -2.2453170972906005
9.689875930712844 -1.9589599821051014
3.8510849654600747 -2.381648056980252
4.40362900388487 -7.474972276704348
3.787356844972738 -9.741650042226002
3.1661351477546624 -2.0840142477947188
3.4064145259910887 -5.153917139975144
9.573840830962478 -8.399335992659458
5.527065486585123 -8.619273461385266
3.1046065937068015 3.1744565356184555
-4.633063185702218 -4.9458390979692135
4.143258434841396 8.904348409853576
-8.899009122834965 8.06006464617457
3.0025985946759075 -8.904798810730554
0.10033194616949892 9.807294868195136
5.344211257525963 4.422861357316069
-5.668554370245634 -9.26244562567311
0.6833371858215997 -0.4832925027226782
-8.778887410200017 -4.218933536398124
3.3639733125701365 9.164359317147195
3.3162693591365837 3.9879611736392313
9.920408367083127 3.420538658089857
-4.8103387646636575 2.293658808635188
-3.596860590499733 -3.800623963512617
5.300905844776125 6.148726845846884
4.146263388024362 -6.983120738527095
-2.48243684117009 -0.8381555486769106
8.428068207815596 4.5123991614179015
-7.0257095394484415 8.3319385149955
-1.2771555341281058 0.8392975088062311
2.1565210965893993 1.8563270531967042
9.860843998869047 3.0702068281914396
-2.7817547186410945 4.220229012922301
-3.340144995757268 2.4371946348875806
0.24972009310319976 -2.062696479650823
4.632864031200077 -4.669368215855478
-1.649969732364191 -4.582729703486472
-5.815452910424394 -6.66686468624807
9.032018001642484 -1.9753762577499465
8.058383412459143 1.1370028462277162
6.691164523641106 -0.9275053763894974
-9.895685039006237 8.830095653176652
-7.989990568617483 -8.916996130251292
-8.492581134119867 -4.822607649941732
4.706182317601726 -4.006437846010213
-9.391740496425891 -6.500828595893811
5.939742867703206 1.394693384414543
-2.497312403793801 -4.127460574772739
2.4552838141859716 1.232791277967495
-1.014940784032504 3.7632513576537683
-4.051758958449647 -4.599442980913137
4.484427946590975 5.128473918759081
-8.241782398310916 -2.258892713255225
8.473877022450413 -2.8579728467710153
-9.755765047126177 -9.952622099399832
-6.691096830114391 9.485444062230595
5.8616088252059555 -3.516355585182658
8.381973274036394 -8.982962997973168
2.972725726711774 -6.520453185357001
5.8793625744545235 3.828718240403287
-6.500928320133452 -9.179527240362775
8.81491897605613 -5.410784324007452
2.3542947338028934 -7.9640998593687895
-7.5822814648162895 -2.803237946992243
-1.7147759517356427 -0.2477319183332245
-8.052859898077235 0.4434966168585692
5.692822576405733 -9.566070864337497
8.88602027113836 -3.276449307087823
-0.013818560992351792 -9.53189249277716
-7.7515449635007805 3.4055570333100444
-0.631162787938317 -8.898985573461351
5.98369182501237 1.317827313526525
6.977671521747151 -6.950965893609959
-3.3533438917600966 -8.555108407620997
-2.2047002138373273 -9.552644614107376
-1.8264346344843183 1.2004115504539055
1.6776395766735508 7.503477140921298
-7.739306747465573 3.078287452815223
-5.081730238731081 -0.6553753549450683
7.178838130910737 5.300155536538291
1.6268730762103694 2.3506684340087887
-5.58167850693499 1.1921884811896089
-8.708533643803353 -5.486647171292627
0.06269844500845068 -8.07851056129704
2.8896714837544764 6.364769449025999
7.046306851430387 9.864081799338038
2.403181936201392 -5.674853388915637
8.097012807967499 -6.862719156850396
-5.901812332055023 6.710117154350776
5.615994829003396 -3.115609546118452
8.849957967611413 4.820822153908191
7.821030209038703 -7.884629131392453
3.240118293378231 6.719257489711193
-3.0050372942076553 7.1692896571266616
0.20230754385222482 -4.010405758619211
6.559632388076629 -3.0850363391326034
-0.779575323832443 4.081457475605712
-7.88173121819125 -9.877791306885637
2.8388248720245777 2.317772687071793
-4.471702868116876 4.321081751877479
8.455981919165765 -8.488612442139411
-4.415036233742537 7.000252368677199
-7.071101376529634 -7.173540973285264
4.742921999169983 0.1425131984037975
2.0754595042164397 -5.766183776916978
-0.8789484517234101 -9.403820067830713
2.931264746436625 -3.8959277118790787
-5.888785975857602 5.71801764758523
-8.018679396740449 -1.3707369137470913
-9.052653418183073 5.066347770607518
-3.69957872800335 -9.473295862402534
1.3525698912517559 0.9485745464444424
-8.82847276664933 4.619386011003927
8.251934728495204 -2.0982853709584104
-1.8908751827342876 1.9099717155247635
3.6846906578039214 -5.967283810804098
6.651278328099657 -9.491342131952296
-3.058066808172213 2.7015141310866895
9.46379201102594 -4.115049950322849
8.33352608028239 9.464056016654386
-8.708060488665144 -2.6332140197688014
-3.4374564277786357 8.009240737157654
-0.10302743382580637 -6.035728422157957
-1.562653562385366 -7.1249280355835225
-0.41459292684071514 -9.45821058386734
9.80079438986214 0.0158449127121969
-0.9145956597579179 -1.2332294012151301
6.676430377980623 -6.226378747906535
-6.045127421435876 8.334570407387432
8.61016671843836 6.924197026329818
-6.074337733403892 0.36897974493734154
-6.316840141221023 -7.094970954447398
-1.0559269533562947 4.8331235793306995
-9.895242569315869 -0.06443675948104044
-4.843842552817907 2.204759192544241
-7.515490552566844 2.7047082785975043
3.0806286150702817 -4.1286334547641745
-1.2924516051003856 8.758959865025155
-9.991430344472626 9.92670704887438
4.834030180746513 -7.520332731299353
8.082687862493174 5.706737750614831
-6.4385362797391394 3.11401656099326
0.15627345694764472 -3.0041828106294215
9.164558556555107 -4.301450604349912
9.099555275452587 4.1349259808802525
7.961691976377487 -4.171683664771544
3.3969590433382635 -4.5055698861427
-5.653052106560857 9.383210234634468
3.788071858999917 -2.7358433682743915
1.2266709837059722 -2.1999499108586225
1.950619049592838 -0.007627964511261354
2.0225631033329563 9.258076315210943
3.3689531199642264 -6.092161051196183
4.745613031807483 -9.318262886466961
4.326154092826682 -2.0772081738018606
-3.3741148906186558 0.5919770475434305
2.131455950794873 3.7351567957682885
-8.68677861306834 1.201361826123712
-4.034555341000788 -4.071873873571821
1.6435568009424202 -0.7088813210288976
3.1167941542391215 -7.260522619032159
8.381415304630949 -9.049220651999644
-9.339189935229204 -7.358870838856369
8.855964539743994 -3.051234595169319
7.081395081278309 5.3233924400583135
8.730278188095127 3.9930005444333965
1.7569288003317993 2.0784937216845396
1.8788499945962283 5.752791939022606
8.74352815652476 -1.3092366455791442
-2.8099203035699727 2.8855571857811153
8.067932411820038 -9.918509862447728
-4.138101639485825 6.8367915282160965
-2.263683726456085 8.445876531351725
-8.790109704975336 8.739914946763726
9.916117791396992 -6.244936946706973
-9.480518559643961 6.395576609947746
7.782808047570768 -6.027850771079382
1.7123876779309395 0.41616193879965735
2.4747876031819516 0.4728925293841435
-8.253010020216244 8.74669093005815
9.514206206420337 -5.49390441212479
0.7607444124542759 -9.951941506293501
-5.52797500442777 -6.617794038007874
9.15183978818224 8.139973809392078
-3.4896377779150978 -5.831861861987746
4.269066304081706 4.9428129989667635
5.787856225771666 -3.160766491302396
-6.790536333204034 -7.525956644687055
-1.1156730006769795 4.3359541339663
8.105049666573443 -2.6079014003799728
-7.245018764430917 8.574731315076832
-7.895039876658778 -8.630662028117698
-6.907122791418628 -1.059757264010921
3.0065615251902873 9.452203546506237
3.5895375578442223 -9.671755535996196
9.67208488676576 -5.030766171004853
-4.133293428716891 4.489324708156477
3.2666108461913606 -6.691960164412752
4.012648666702432 -1.2692853174867853
7.2382538048467 5.142613267616875
8.030095180301334 1.7576115668070003
-0.5508338480088941 -4.622488533404279
8.434713582715794 -0.0725992621067455
2.057987736712194 -3.1932062178851783
-9.95435162026457 -5.591804701558585
8.49729088381244 -9.931294918856716
5.51014376649707 -0.4903552029089191
3.3946271700504127 6.917977886318457
2.206999651922656 6.866379712810495
-5.115946104462146 1.62153982691102
3.548818403610433 -1.120928112268773
2.603728243656917 -9.065109760634481
4.845197507916998 -9.79015826672436
-4.243691300986554 8.397444577846578
-3.1748207988528465 9.559571804514334
-6.591937203238196 1.4899258115151888
-6.345699456790774 1.5160505545326046
-4.707465183137445 8.399455821012705
-8.218284545032105 -6.476247174190199
-3.806621126633452 7.189340835502183
-4.242820596828702 4.181232515243547
3.1451965728794633 4.139501032330079
-0.0790263362336745 -6.832846604743432
-8.920607220029567 1.581945753986032
-4.977955528330408 4.930048060790849
0.8954616342533832 -5.890950288465264
9.348550622250016 -2.1001836786107404
7.179529957823917 -8.308179146281304
-1.1633114321905236 -5.493720001692653
-0.8442541211643793 -9.080213098295882
-6.8945150840850395 9.860686033423875
4.3633549154988 8.779998858956063
2.591786546239165 2.873034673468739
-3.1999166620952746 1.5672907335401796
1.9497734236726316 -4.925626657941762
-7.36258170927684 7.413038942953566
9.905488214145603 -0.1308368012287069
-6.254446003380691 5.2419788698394125
3.9949747085213048 -2.3654744272925594
3.8331860235935764 -0.8970274391218229
1.410553104197776 7.0479929262950165
3.934002938782262 -6.834169630856842
-2.4954018363265007 5.379241549144837
2.3407583731484074 -6.383276545832183
-7.789639019518595 7.042773281048028
9.812009914017217 6.593833666592495
5.998069588021091 2.7466428140508974
-0.27524422468318654 -3.4578052292114236
2.434633596389965 4.210122489049004
-7.682835950164035 -1.9537604411924807
-8.308763945020567 -5.811733970889628
-1.3923509860401122 -0.8097634027390139
6.1326898085159804 5.4659692587271795
1.7533868687505425 1.7745998550009467
3.3217775382881047 0.4628052246403058
5.480406845811206 9.217094554897304
6.065150533282345 -2.354030999316244
8.789395620244882 2.924497867238893
9.075532736779305 -5.255163826923441
-3.862048592199412 4.211456638703048
1.1366240451812573 -2.827267102072943
-3.0458396643897423 0.24427834333499376
9.542265960939588 9.329330623572336
-5.418712584840701 4.262142762076147
4.952787501378486 -2.4216541375426086
-8.110552485019358 -3.4848527112406895
-6.141988659638804 -5.556816467193428
2.713765622464839 -4.431795456775916
-3.486299354779696 2.0768694199854743
-7.524519837706447 -8.639527101977908
-2.6006318322406745 -4.830878637758113
4.528960796229335 -4.99947567612768
-2.926189799180352 -0.5834258647308577
-3.8142435638106065 1.4808925100095571
-9.167212521650141 9.86714778053556
3.3278403362992304 0.08752893092045788
6.16714662913531 6.159743498329469
-9.060680116361281 9.836565484560133
9.567817681151073 -5.5212631484486145
4.666494082752312 1.4748964800089386
2.8645666489594053 -9.066018125657235
2.0842111298670076 -2.464779719954695
-7.72127120672657 3.926458354090256
-0.917654717744183 -2.355753807551457
4.748684693302662 3.7078366769677125
-0.6956158211801817 -0.8303432130637098
-7.173647688323889 -7.244254441170915
6.585440276729891 -8.415785453864405
2.0822596431774727 0.9348278815179896
-8.324653824159888 5.532946558968625
-6.162126092423492 -8.008287960048289
5.168312579924928 4.8174632368325305
7.922260398551732 -5.178175064561543
5.928275902276866 0.2880011512401559
3.978456003021371 -5.636261646382639
-1.3410124267638306 1.8293769213854247
-6.706291672845639 9.373923367587725
3.6164651298795203 8.665622412299129
-2.8350943377268223 1.1790951078356997
-1.900365277783056 -4.115172993908907
9.576572508328557 8.33999732224672
6.239546701174806 6.309339129027183
6.626491561323512 -4.360011728181461
2.60194598377468 0.7192282683340885
-4.02855579065702 0.1534382001606538
-8.18649060112155 8.280130870426515
-9.986203336947368 -5.078722658743164
-9.053460164265212 -2.2767584948904567
-9.096656506042137 3.164350511112925
-4.868311180373834 8.470008345333483
-3.2206804816868946 2.8140145434412585
-8.028843651161733 3.289576357564732
-0.32364912733211426 -4.2226097503235405
-8.100279556431424 0.18509129817882908
9.763005666490404 -9.135993674657204
-8.782093741096237 2.2387813714843823
0.7667645760495816 4.418779930239081
6.307106568484805 -3.5032490372631786
-5.7021428806547 0.5878453392374148
2.5522201300363783 5.7868659054794875
5.502580342260801 -2.868678959717627
-4.262094690167952 2.745884646498597
7.562433960441663 2.9823477186119423
-6.184018305735959 -0.006704179977264246
6.317598337173564 -1.4200620733217022
6.158980867095568 1.3962885809778527
7.335165739651622 4.883606600880983
-8.990727256361897 -1.5920478185382496
9.240761089842277 5.992277560153131
-0.15052624571574036 -4.21479817836524
5.012231817976156 3.609295131562389
9.821543680930024 6.637217787140042
-5.202450459399031 5.808130599144757
7.15602361231479 0.9654432383243545
2.0095802244787855 -5.035631061547221
4.311988407323472 4.413966207187432
-3.931735699070087 -3.776576467389379
9.860476159194334 4.99366325868187
-4.088122198455917 7.114161886248997
-1.1228054295460446 -3.071453767479788
3.3950473405009483 -1.4092796238665333
3.436275893039163 9.493402759076378
8.846968177522708 -7.460079346020301
9.00551736917015 3.220099114522043
-5.997571649345501 5.359144076162821
8.08670237950069 -8.375476738443242
6.907414129194283 -9.293784526646615
-3.4954476512060477 -2.279923962112223
-5.949936285224304 -8.29165897295508
-7.533207670117386 2.875540321016805
-1.5385871665344748 -4.711822726089974
3.2267250405733368 8.367955433318102
4.712544908418142 5.676481710616596
9.738825174414416 -4.7259723096487605
9.27101088018729 -1.3451390879937275
-6.835367645767247 5.0759080021159
-7.031894612298504 8.48609902598734
1.3290287266845233 3.392522780231886
-2.7439455301426836 -4.818511894700577
5.117848081647551 -8.60684730809008
-9.210393179268257 -8.330224214060955
-2.479709260976934 -7.297242736757486
0.30541391547514074 -2.765251603565419
0.8233580361562005 2.039618920800109
4.330207537306707 4.9176498050993995
5.42086038355575 0.6320359763130323
2.7805963025266873 -5.014207215297404
0.11091579796963025 -1.5511365249558224
4.69444129695237 0.9028282455979415
-4.335021278323787 -0.7597445365047761
5.808133394004644 1.5937913168125029
0.3384715223385548 4.42820944725314
6.869011011027091 -4.906408048606446
-0.1439340360664776 -0.2807800841646646
4.387560134254237 -9.234634898954518
0.06880469479476403 5.838860604963646
-9.233789337559752 -9.827513207085612
-1.3898906921527239 4.100222687762754
-3.2993037795796827 -6.884621112100035
-2.6369791146049026 -2.316093638398802
8.476389569234144 3.664653128442154
-6.5526778254904805 -2.53526929648962
-8.289116054174713 7.802431260115441
6.866329580591824 -1.4782117625866462
-6.879220790196367 -5.432221825063701
2.9208070085456086 -1.8666531067627208
-1.9665146671332963 -5.14123261026477
-9.316226465946416 -8.597414712683946
-8.688340793534003 -0.1988479470836353
9.549230228359107 -7.432740406253213
-1.7268214245530054 -5.165931864935738
4.769525045695701 7.63134210391032
-9.327617208230773 -6.963047366593187
-1.3694231653004163 6.856068344383889
-1.3053985419546486 -9.038792772412329
-4.139594570004843 8.839167790709855
8.43307392531839 -2.036331745524511
-6.892146104571799 -7.56776388578861
-4.838244273150567 -1.3097057917342099
3.070374922814448 6.164239785635392
4.062745981640095 0.236170214660941
2.0693641068169804 -1.8569274185766833
7.054918521928755 8.456658443537087
4.4152760438754015 -6.282121603029884
4.831921059486765 9.95921670792502
4.95448689791764 -6.474945714969889
-0.5959179518459621 -3.0426676217044024
-1.4786877902971813 7.5053712680400935
5.430510756737778 -9.16203778747194
4.547759734619959 -8.612356220654188
1.842916618512831 8.016354379284483
-6.410836386131882 7.35656151975498
2.4386120136300242 -7.069969473445825
-2.5325150453502516 -8.187584526135861
-9.646117974724342 -5.221672056021493
-8.229608822813145 2.138770306433269
5.435685071566084 -7.2965931730022255
-1.4186034595602095 1.1279633487440215
-0.706322353717745 -1.0839100700150954
7.5234058149669245 -3.9088467212660127
-7.964533608616193 -2.7747098738379394
9.591713924109555 -4.189592312192898
3.094113780936496 -1.5448591898690207
-7.849307732904158 2.2809431176489188
-6.718380549131499 9.324285251656704
1.6865064838246546 -9.652399813901791
1.1326826521959976 -6.084444683219186
-5.964898060815493 -0.3451819859475478
-7.334577339184585 0.45125439833462444
4.212974932141208 0.4762970036514691
-7.53563401255774 8.19038322108949
-4.591918205949817 -3.9863918752960075
8.119607174996986 8.966393376667682
-6.211410470072596 -8.31537994435395
-6.459074236423257 -6.597859491970047
-6.531751923321554 7.1316813353787225
-7.930155235669057 3.6034464288632133
-8.352975031741396 -6.4364204715549285
0.1831046502797502 7.7581427677419335
-0.2388095807366888 -1.799264995200362
-8.240322894202048 8.474789481234875
1.8933323050219908 -0.15490208712030196
-4.790942384737608 0.2394282505399552
-5.323600081582633 -5.8142793821376415
8.507146227295245 -0.38153350871725067
-1.6212241173904154 -9.4646063873697
-1.6551809436874727 -2.933205594532211
1.52273803092063 -2.9849601522841462
8.598339760100217 4.928094552112148
-0.24069474910074717 -3.061768098868585
6.014986857259416 -5.611191734948724
-1.2767441125210492 -4.98601849933892
8.401744540822943 -5.193388786653634
8.994700852904046 -5.460415256072684
9.046879255541722 4.775736904444251
6.42093919745524 3.9196711166547527
4.127873615874922 9.728604911469724
-7.638102132692525 9.500222617747
-2.702131037978992 7.317437930015206
-0.6648192266182384 9.742757704339233
3.7942875926604103 8.345796159636379
5.982061225260832 2.7711121525158173
-0.40451880590248734 -4.481776800311616
0.7948970420743855 7.646685673062677
3.6903003466984767 8.20161502668606
0.24815101121617822 -7.250059876455117
-5.597971304583207 7.17132964472713
-4.509247440704889 -4.723125351497622
9.320384865160477 -8.989529290115417
-9.334049606775663 4.99059076394917
4.784682562626612 7.487264401272125
7.010683103180078 8.287073607958344
-6.2602014484999025 4.324482882816291
3.6732486101338875 -4.5691062095220865
-0.2671781032206084 5.523392069698129
1.8261376333223502 -5.139772015077999
9.703323799285709 -9.92909204608907
-7.142484455776302 -0.6496990876301627
-7.4117398920444755 -8.891042800567906
8.067765944257228 -7.735548297964261
-7.7501482751981365 -3.069361728262354
9.675941127804371 6.372733076925098
3.1026955503284377 2.454599307678155
-4.557028971920225 2.3947269569353917
-8.741109744780331 -9.51482671029818
0.8949853535812871 2.4925944566343325
3.7470759385988384 -0.015700303924152337
7.937418062025529 0.2570424387403172
-0.23487317965148335 -7.185021307056156
4.422982746222592 -5.515151977133462
-4.610511332434797 -4.792054560185317
-3.9110572678025797 0.4071617699700525
-0.06351770596458373 -8.948509832486407
-0.8705069384763391 -3.3544222241514277
4.298387196987745 -9.299233153800504
-1.2906904417178549 -7.135335719461205
5.644332178723301 -0.47779913615071123
-5.526498016230381 -6.412094414617522
-0.12051768378928784 1.854578687260144
-3.649627386756684 6.178569317791936
-0.594288830006203 3.407546783342836
6.640180212478093 9.19564679788827
-9.428469381040308 3.5426546928626443
-5.764171519719112 -8.375880495870241
8.810253250415524 -7.64934830311555
4.943861875289496 -1.0854956703396983
6.3272554943045165 -4.0429157436026575
5.261604506903112 0.7454116746013035
4.103980156635242 -7.194469214301227
-7.180049751443624 -5.665540911167541
-8.703310813647725 0.38502481444039205
2.3181272984595864 -9.536361239902567
6.545180023386891 -3.923433662895417
8.96115293312295 4.600029735081975
8.451833423567773 5.412926668929565
8.738375441242201 8.856472152419776
-5.153016987644941 2.1647700914705474
9.143462465843115 -1.030350648350316
6.5602457003328 7.430637237825213
-2.4960308553921777 6.446341824732542
8.712642465018948 7.109854382774749
3.537301778641373 -5.899314393304325
-0.493273355739829 -1.2576959888817392
1.0346665295146895 0.8380614049455204
-8.836526152308846 -4.2875757400619445
0.5970284768621976 9.413350066228169
-4.254996839593986 -9.856082506839059
4.730864083430902 -2.1721470266130076
4.787181748321352 3.4043774542594623
-1.9194365370118387 3.64486339754003
-9.085342602672934 -4.7543835922069615
-1.7195285498772233 5.960363744291735
-0.15298827216267696 -4.698532913941474
-5.102567985073058 2.059162698465151
-1.405617550651872 -2.9881647267360805
4.3496319250931315 -5.45631834722712
6.83115688026011 1.8956128225938595
-6.265975375004742 -8.153494610071437
-0.4726600524762947 -0.24151586127459979
6.395112938008843 -8.136626573750018
-1.7103680880360201 9.23567846706852
-8.97847907995105 -1.4951854348970741
4.275812793818998 -5.447817876545815
5.119362441426036 -9.51885754972139
-3.5481705388585594 5.774907450147605
5.100548801993529 -9.566295677023582
-7.096378875574589 8.926476557814837
-9.855893981536648 8.672887372672399
-7.19644929918301 -5.375040279538763
-7.810264156289774 -8.235376702726086
-1.2217406975965126 -2.104636042956127
9.048578901060964 -1.7941994409909157
-2.0189274675419977 -1.688219608961493
-3.7138363173283118 9.912945720036
8.870043371455306 1.6223320844946816
-0.26820795692718136 -0.1983650389613878
-6.7450412025792605 8.999521647983741
-2.473088367961058 2.229060775560569
5.765519300630837 6.285690299706939
0.43651096162943936 5.644307777423887
-6.924206637855814 7.860347368308005
-5.439572110720048 -4.521838728242602
-1.2046529114045086 4.8979243865342745
7.106446216959501 0.7586809456456383
7.326631207065969 5.1234095391973895
1.2190756146311603 0.11930221806032648
-4.207024342824759 9.957672214909568
-4.24568916542597 1.5833470647152126
4.755164942937684 -8.310366024984146
-7.899857175149121 4.9390442393676395
-3.851497246490039 0.32248387359548936
2.1226007933389646 4.516316507326865
-8.705186205913103 -8.535673183777103
5.679569958249889 -6.371792729413334
-7.426562256908495 -4.110259220208237
-2.0283321526340465 4.107753527907896
-7.507180054835667 -2.6745455056437777
-7.735522746852381 2.9668698446539494
7.2365104350787774 3.5790654126950443
-7.54655648801654 0.7707169302066124
5.211345540594248 6.731142470901339
6.681609599597195 -4.290730179908564
-2.484491033164435 9.638615161597578
3.0949746351823553 1.4760247858341877
-0.5038478872553576 9.665922319907505
-0.04972178523822279 0.9842979711917526
7.222919598762282 5.199853173118182
7.852384964253311 4.645628692781168
-6.918125453728788 -3.0715307890775057
-7.733644377071663 -2.8684926458988436
-7.288012069519361 -7.274763776187387
0.07151425538161682 -6.185069071737759
4.347915129191421 -7.203784772443022
-6.896153808727476 7.879672301925897
-3.184859234193258 5.7820290439395166
6.930641264491328 -3.6119812622901577
9.852300809603872 -4.775772637916582
4.537386887489081 -6.83717839129444
-2.677054534181032 -7.59191058694112
4.003718571209955 6.86789662588572
-4.108240302756365 3.876771191258417
-6.040834877023147 2.446216727924277
-9.508810479228496 5.157704834163786
-8.251642644368767 1.4863613905550466
-0.7247999635690441 -0.042554299438142706
-9.611754055262349 -9.949912273777993
-3.528119419192075 8.998983091119836
7.994980327940301 -0.6766033554896254
-2.14924599874384 7.994093914648882
1.878425699221875 3.708476452600056
3.0630040533528184 -2.3390292433065323
6.318121178645018 -5.445422084048708
0.332867136198125 -5.434012524250282
1.7604583757849426 -8.98047194146206
-3.34734722706564 6.58267456830939
-5.458347058526516 5.746822724958632
8.52056053631912 -7.860325056836832
7.432267105242396 2.4664888573718358
-0.14568548097029677 6.608041212387704
-5.442146799558061 -7.810277703379668
-7.6410390484283415 -0.09462274247781188
8.028990016376138 -5.887274620264771
-0.7831523967212064 -4.418723385943797
5.0007126441086065 -8.160809630589583
3.2709177324212746 -7.958377192894139
-8.345220502232014 3.7792205320824195
6.451070836987991 0.7070455370428181
-2.5543892068672474 1.4116179305726178
1.3443807882598051 -4.262508232332158
4.955067519128313 6.721942953254182
8.928412448916692 5.164112110858854
-3.011647152155006 6.255706012167543
-5.0235793299403175 -8.347169805798904
-8.884556030093798 5.825717641767298
4.243002520141932 -4.152465496834057
5.84579697331942 2.614654931385605
1.8113773077254898 3.610796486920787
5.681455553913025 1.1818596160018853
7.122626147196151 9.703449188104742
-8.546741737022609 2.953376163051489
-2.2486755903766316 5.294233890844232
-0.34928960569971323 -7.939438516912356
-6.376150423428104 2.014794196068575
-5.1818177792964075 3.2131775851167337
-5.2833312208893 -6.797605959821141
-0.33096412406761644 -2.142700928625672
-4.617285258767541 -0.26694411262870155
4.66240412640833 0.7458210376500887
5.775820431710786 8.613726530753002
-6.12969100856164 8.644660002076435
-3.767897137130582 5.111386322280886
-0.7511343889777873 -0.05521815524547158
-2.1870332959434506 3.5252983519197905
0.49216898712543866 1.5484323965434577
-5.530494524838034 3.467480596927084
7.782310038869241 -8.697734005459228
-2.1037666018200563 -5.553759294664163
-5.18850509544172 5.398631154068276
-6.153311018699361 6.440176549858855
7.133417932978702 -0.5636308072337144
-3.211057945616158 -0.5527587671396184
-5.355280462909118 -5.220269735179204
6.971328268872188 6.370974075081882
0.15042549255375448 3.8407129850458492
5.887770711701549 -0.4210466563828792
0.39805444142453617 8.744127863191721
8.173486161507245 5.352054804520062
-7.052245695836734 -6.559368247698558
-8.740561079249236 6.758166029000982
4.512537548327387 -2.0632348366124376
-5.132850281598356 4.56208634444935
1.560490139304445 -0.09710376549767652
-8.845777814862931 2.5488397668550427
0.8984623190595915 -2.5259442503770346
-8.528876489078472 -3.117309138709863
6.707133516446909 -9.821393560122685
3.7418679322680113 2.2916163546057398
8.250761655060327 -0.3246288643969102
1.5369414157511212 4.164881868337245
3.4195478334631133 8.849853191873216
6.602875624618491 2.7691733532060336
-3.091384583872136 -9.488885320102519
0.7297532221862664 -9.545307557795581
1.6574350872610921 7.360413877619099
8.407012920865586 8.220319886523647
-4.4310479038679285 4.940779124498146
-3.4283506480699426 9.025379960828094
6.881299664401926 1.1059498571113142
0.07465901962049593 -8.11305109367678
1.5044187987262365 -6.957512109762948
-2.167197366438664 -8.24890546492741
6.77137520121444 0.7990449493320462
-2.913433329543224 6.381387934488632
3.6186822047150553 2.0340196555605576
9.551786818060599 -4.50047959930965
-5.15183380051486 -7.137289306154184
-8.111323142362355 3.8287020685904434
-3.5000599487654105 7.497051948535599
-7.461473289138043 5.607478327802086
-2.096772657733781 1.6339122440746383
2.6727755785733436 8.496408330322978
4.796391870068026 2.387832883851056
4.859578449996906 3.627981885918361
1.1806947045052834 6.357306992373161
-9.864348485759663 -5.823269075868634
8.07572905989354 -3.084452511268969
-5.205205476045047 -3.0425479134631717
8.95920900221719 -9.062569170504979
-3.689446062114545 -4.020534617572626
-4.8393598965296425 6.797751540835648
1.47461089819563 1.4534759837585725
-2.875946745794476 -3.6376347782914786
7.874308011552728 2.693430733857385
6.404568871701809 -4.603363523362363
-0.5382806857166571 7.555996030910599
-8.364637528997307 1.5032953765848678
-6.2594891562379456 -8.429495012904164
-9.426690439076019 -2.5420692566630603
-3.947003264439763 -8.829623195995486
8.252760079861051 -9.553310380847613
-9.448595099967541 9.024773815719499
-5.989322945476278 -9.33290061605162
5.825539160045928 -7.118472264779669
-2.4086881974052528 3.292081937502118
-6.41208305891068 -1.4234645275257236
-1.3162866269172007 1.8286351042272386
-8.794897699309994 -7.2023638865788815
4.827937249887386 -2.7734826335130442
-9.058758469505017 -9.076798282463622
2.7795166053575855 2.1724195028139377
-4.160814827687373 -2.9416400012391097
7.963555282338344 5.713764049857533
2.0605748112029527 0.6150950110833886
3.148348809763121 7.880719261500332
6.881936931553298 0.7517203143385949
1.9908856949559084 -3.7291559937627117
-8.514400262255393 -1.9504124626017791
6.408479151787244 6.902863012476253
-4.89038823262296 6.481803403699146
-5.413755753716336 7.7383492470377
-6.733540674836793 0.5680042946619892
3.730682105002858 7.876209679320379
4.463235770975551 5.1037871428768256
-0.7998467257957671 -0.8129288855050874
5.708089666268531 -8.808168045792982
6.215255890986093 4.5248995836593675
-9.435300684085332 -0.30464858232627634
9.928557133065603 5.857004113041027
0.9778496684669165 -5.35260239658867
2.71567077934556 -3.881670966218522
-9.955506534335735 5.544027894823129
-9.872039326337433 3.1282781257121393
-6.3850746698685175 -4.34192856748327
8.31194146613273 8.873641047357552
8.719654958244988 4.575779907269551
9.241051053364085 8.979220353927246
7.65929192181569 1.2630209292176282
-4.825569352178622 -6.421576653377155
-6.573392118127179 -3.0161926717979126
-6.898046959997172 2.739782469835868
-6.917858325690853 -7.185373821198013
3.7022212652725592 -8.255041676624904
8.706882132551353 -9.352140396057324
-0.5235090595050309 -2.3011348978931556
-1.435460234102175 6.328097965875468
1.9679009661887221 8.045435664249943
1.4418505380679836 7.787072907252771
-0.3064265760445153 9.130416317604112
-3.18111306115211 -0.21441587381161575
2.987432979173212 -7.8700793572015115
-5.175397604863477 1.4440959832288875
-5.127528722227419 -2.362717100258185
5.0095614527207495 0.5560498644744492
9.462477599359879 1.649293705859895
6.36399362310787 -7.679324122502285
9.968635557445644 1.50288700797174
-0.33073122574688085 8.485931589352486
-0.41974472950575326 8.283377086985858
-3.238188558188842 -0.8987440824413984
-3.983027702285611 -4.395577272723918
-6.67305543992859 -1.6964890577698473
-3.328312136297469 7.14427478664377
-6.3502304028052725 -3.1007399057805696
4.646607512046446 -2.7378505951159955
-1.3686375312625714 9.16377456670542
-2.259309842265143 1.1816045335859275
6.6999329759665045 -4.435043305653035
6.469187305973378 -8.937797502888172
-0.5401045078961921 6.457010807055564
2.181287883327922 4.90800221204932
2.304158373894163 3.5467826873490793
-3.3876536365087357 7.264931009073301
-7.981836408792926 5.431110872145107
-8.880986249604042 9.619739644593846
2.104265693082187 -5.986914104808885
7.84367064109237 8.18340179620203
-7.2115985108679315 7.355790663000668
9.11146763731065 3.245267422726471
2.868464331715156 9.166178289146373
-8.443675767454028 -7.641536710622434
-0.41797227083171506 -4.012874999999871
-6.090807622268811 4.223754506046415
-2.406541419237982 7.3712688168882075
1.1445594395431264 -5.191215899138893
-5.177808700069917 9.364341365744707
-4.628233673615146 -9.009342697705423
-4.1219589744456275 -8.586221928069618
-1.170725695551658 4.8564454904806595
3.597548490419772 -0.23914823010003516
-2.3081301549951423 -6.683490996393877
8.707853912103847 -4.302771152576506
-9.5775306823178 2.6777372321078836
-1.0095620946702972 -4.731540933674445
3.155551978383734 1.068656752258617
-1.0890190990383743 7.863366344691293
-2.331403970094989 -4.554320054611103
-0.34587639480654353 9.224820920683499
-7.689241159192441 1.8954240991108566
4.926109973796326 4.243409351613604
4.312450597182709 -7.820592503824231
-5.2670584865549674 5.814371506507605
-8.584483498950508 8.316083273438657
-6.153644802757119 5.4344287243250005
5.459018670470883 -9.978586559825452
-3.1580952940535916 -6.156561815031747
-2.263578034576157 2.011776484003999
-3.1648334643939124 0.8160618457101538
8.240120741022444 2.8767278955793625
-2.6125437775331157 -7.189172923479974
7.854724825020028 8.372022257539683
-5.68541667936713 -4.702214371551463
-7.982870780762596 3.3916444568604973
7.846028018456732 -6.952706221977087
1.50398526116523 -4.739231962079837
-8.04392254320144 8.98272389500244
2.337369182767892 7.817219632809927
-4.402803676190954 9.092738622330899
9.200167611338866 -1.0656011133637158
6.27618183018199 -7.8835034878825905
3.2069629983090344 -6.929693807936495
7.394173107589985 -6.456041337767169
6.333580466591272 3.635014755121791
0.38425503087752766 4.132456506361287
3.7248624272061868 -5.484273745442618
-9.685381518049015 8.732786443771484
-2.093587682819913 0.8094862802996374
9.099827725655999 2.487715003431987
-3.9473688160855547 -1.9515062288476663
2.3414223178995783 3.7239918845137403
-4.579551298572129 8.925146363312763
-4.796439135786703 -9.209257294296535
-7.233722174943457 4.601095750197901
-8.09847482693689 8.906728184023272
7.442535250493641 -5.4923457903064605
8.924580613580915 8.873735869617295
-1.627260090269722 9.573203471746034
-7.10063575491106 -0.6503943904610399
1.4896644584074998 -5.505108084683599
5.307093781585493 9.816559797063263
3.307093019381494 5.28340549585903
1.0399658664133042 -9.180648923106096
-1.5838493406343463 6.7612766800748005
5.979948845398937 6.864301665874521
5.115134534876075 -4.3699308658027185
6.2458736961736285 -1.5953310855127452
2.933983450913688 -0.4118552713935042
-4.013110798466391 -7.884174659808442
3.413197236606482 8.361179534532518
-4.56071637750248 5.890359306990035
-8.569957445202265 0.644069348278256
-8.384257622673188 1.9842180537533505
-6.4044702691372635 2.6365236524252555
-5.561376808229199 -2.186326080212102
-9.137824333169624 -5.0228901846157115
-7.987885718140513 0.4474577510003783
2.3636738790848977 7.332177515214941
5.4383383764968585 -6.724399014538884
2.6196120158332477 -6.805018100603628
0.8864388134310062 6.030378977663268
-9.443756661996245 1.8278539449990827
0.8589281708098895 -1.6927840036950759
-3.151117961537448 -8.908720715291889
-1.4608699864430719 -7.890591117144005
2.580323111011591 -1.4926279395773463
-5.6357024745910556 2.9713755538827336
4.554170016887056 -1.9512775858173637
1.4508798506779783 -8.430819972779213
5.796328798374809 2.1432574005163474
-6.11064164520106 -4.441420787403542
-1.8070497572691675 1.2969442644671574
9.377998880602679 -8.75721815465586
6.057111581182824 2.0265554102763126
-3.692819643013485 7.246419357473307
7.573663138796054 -2.190917602728904
-7.80300703405328 6.127045416690166
-3.329225481556046 -9.040613132097679
8.583856989969057 8.457978854789651
-1.2284722926110518 2.244573153291711
9.869121346200352 -1.4096745505443486
9.07219959982491 -7.768676759249946
8.341432687606481 1.7617009663186778
-3.4731152736183546 -4.92420606008233
9.282691384696996 -8.846552265182586
-5.595216732749879 -7.8861430909469465
6.2163245681228005 -1.1450254488191831
-8.283588014884923 -1.8811310340929168
-6.545589122000979 -4.898276292513383
-9.885844267796461 3.4839132331945155
-0.525154834154165 -3.0823496552811953
-5.636863927239768 2.10954338833211
-9.022250520830575 0.3408609242988785
9.438009450496548 6.064811175907842
2.822622489334387 0.5268848770605832
0.6816687337350302 5.1721849292925945
-2.1110791417087 -5.481582927656854
1.334325216246814 2.8161282935424765
6.194024696844217 4.5718216627000885
9.8830737776482 -3.191214324597138
9.26861906021541 0.5132067135908258
-9.203850331236936 -1.3460085313458432
7.748135023327766 3.8397961501447035
3.3283802172228754 -0.7203018059705624
3.5767992100837347 8.254808085847255
-6.548435102857195 6.005561535878453
-8.977260451740428 -4.918545048764047
-2.9307712585246044 4.216962106360182
5.6906248645551845 -4.409796192206716
-6.203339029928587 9.554973315236019
3.581660746758189 -3.86009380598475
0.34921987781866193 9.263742294826855
-8.438478187462204 6.704415591106645
6.323589950985195 8.904897542796782
1.2479164673424474 2.768174743382728
9.413662354768004 7.55544674602325
-9.41509565158762 9.91699008683559
5.381263312609139 4.349005393062729
6.6831667684534715 -1.544057519353533
-1.14699839608382 -8.578357456417507
1.3330729232495457 2.5326358405962264
-1.1922622052560747 8.675187905699946
3.7362317885736687 -0.3802027354574111
-1.8638329162951273 -2.3218424003224047
-2.2676093387848395 -1.4101468316348065
2.3635888543481833 6.989067536246754
9.800671924773564 5.914022413350285
1.7746184968256173 -1.9741834720862528
1.4469546208066557 7.42787057696011
-4.026333366287995 9.612410912481234
8.619899464114397 -1.4735405114003228
-3.142243677087267 -2.3981815112889704
0.6461502570549165 -2.559533176670725
-6.449190303682468 -8.926907336898434
-3.416876725744567 -7.685945256067668
7.836521594853586 4.890601501579754
4.063237370873509 -5.002502390458958
8.017614249873674 8.576361114771071
-5.622591910127392 3.3776733396121337
0.6594706084620974 5.5379656987212815
-9.498695472882995 -5.519987989884772
-9.327138315512611 -5.910286039325077
6.844465266847877 6.688358475599124
-9.632121723151974 -8.009524885378788
-2.9443980270620234 -1.203813099351148
7.628005122079774 5.9173617489326595
5.833920979220926 -8.52275677378503
-3.470149991395064 -3.4796822555878437
-5.194503798728345 -3.7629583473256956
8.73744773121902 -4.200078095200075
8.209801155306447 -3.107753254348429
-7.328153739586442 -1.4974021466000114
-7.943097589926977 4.434016230040003
7.5520001020685115 -9.693480584581826
-8.761155466398895 4.728708888277888
-5.543716314158555 0.715302883553754
-9.074996515905124 -4.4397216893044344
-2.3076906685432297 6.936734847326232
1.4973296163952359 6.480035224097726
4.447652988862437 2.2696165146870797
0.5278428015100864 6.865009797091346
6.6750598808806 9.818438335264467
9.21151215307717 2.3681346414612587
2.3619689191214537 -2.1460670475901527
6.399774914748878 -5.021855991072575
1.8542662987568157 -3.3454487395868355
7.796774849157863 6.953809855715679
-3.2844389456272483 -8.001706641809463
-5.71943236645057 3.623885048784363
-9.819876516056576 8.503234922618521
3.5278048203374937 4.5852779445679985
6.785991313652161 5.075461364995794
5.2076812898370335 6.529290536455235
-3.839989545709459 -7.754058414713074
-3.7878675434613918 -3.795279250286794
-1.6910358905223823 9.329850234281572
-9.248896003750236 3.7186610013552723
-0.48139322421679687 8.335232574141465
1.9605829685891347 -0.531369921420449
-8.600076631056107 -1.3159695004230176
1.491103702455142 -6.832485435742212
8.687608550232877 4.126452612830516
7.325380997800835 -4.461011365179186
-0.24558658914355824 -8.605485165202165
3.793206350057334 0.10188393700225795
8.545634376941692 5.515247910576175
2.4609610715928714 4.360235896255007
-7.679475582038031 -8.231101367176581
9.323319447720532 -4.568099019716179
-1.952690403907999 4.830725086660053
0.6513760554052634 -7.765490943294447
0.8819067179316153 6.986419237815895
8.285518660742074 -9.922712946418494
-9.448576623231004 -8.817040355155537
-9.721364907666924 0.5097682900532412
2.4850092455370447 6.798056083421471
0.9806586270100546 -3.161657859925892
5.752184761648056 3.120927738767758
-5.002194166466074 -3.764600106494102
-9.145632113449853 2.0319511137757225
-7.065300571857436 -3.3878500750188127
-4.891704148970327 -0.3360978260477694
-0.9920519101426262 -5.784605250906633
9.685885685572277 6.938189502456186
3.479014923469837 5.358255398111417
8.457902939651415 8.446871038273851
5.7977614363779075 8.633785159525097
8.93190829273031 8.930863468175467
-9.86028179678291 -7.0694215915878855
-2.8392959086003833 -2.6695890089993153
0.3536299084912269 4.6784954060547985
-8.028764063046774 7.557080197926524
5.9207648047829835 -3.143509244244907
-9.946928556988922 2.3129402968827577
9.083608331683283 4.809329192867342
-1.6068121650485025 5.78865377823664
2.7628268451245717 3.804073131565664
-8.635947798355733 -8.918933088114073
-7.871544031202264 -3.452303608805587
2.010001604712638 -7.639860322046932
3.585055541609311 0.674472669268205
-6.8435084796062196 -5.9763366372065985
8.888647713252492 1.348325290596664
2.3962459857438887 -1.7695672000818607
6.820053883581657 4.5671033536076955
4.467731459742083 2.1713833122697483
3.5272172667535315 -7.272580582595238
8.510884402456789 2.824720296682628
-4.979570299435627 9.810424702369556
-0.7338434033524557 7.054492010091835
4.636240182331324 2.9414653233169865
-4.94830202028036 -8.030774323113533
-3.1624386418861388 -6.856041078667012
-7.959092121547631 2.824426797646204
4.461032342905613 -7.7848779179132706
-8.725886853273577 -2.0233098320702503
4.04993271377573 4.902326914472205
2.054047392065417 -7.112074906133685
-1.2082092179256563 -6.522090464847949
6.906918665278575 3.0083035912577785
-5.646584262460504 1.0319283566796145
4.002623508688362 6.768994135273722
-7.406413649089303 -9.484335606645377
8.61367394278615 -3.41707892187425
-3.5595116029276213 9.014746800741293
-0.26044070845028244 -7.656892285458412
-7.079421995854657 7.8795694915633945
-9.848470997958373 -7.02508300754793
-5.2929560280949755 -7.19940048853176
-9.156654107527428 3.1969541831276267
5.170005566233915 -4.529768063549757
-5.835467231961293 -3.7916872199395257
-2.477498229149788 -1.9927021195525754
-1.22305884707834 -9.109646356693734
1.0388312131351913 -1.7828865256599098
-0.5231353202967526 -6.219330436283538
-6.288016245400216 8.842238195475069
8.155655771544652 5.6795898747133755
7.424962578026378 -1.0423805449036614
-2.6845145633909446 -0.024923468076602617
-4.396196135552324 2.192950123314146
-9.093033990716151 -3.3439789445494945
5.356737742671481 -9.814618695666251
-2.8438852039319524 -1.4900610888670922
-0.2387824411833943 -6.321634990062339
6.432575406425229 -2.068306242741624
7.781791863258981 -8.865835807461373
6.014333208076135 -6.7194121471416635
-4.689061540090442 -1.1519513698043369
-9.534545117744724 3.4379292015860585
7.386072680815705 -5.5217364683166075
7.185097305863941 -4.754297482650798
-1.51853218212878 2.866982640441849
7.3830084570683 -9.013069579490292
-7.8850460150015245 9.378865210886456
-8.22350500942919 -0.6657389249614063
3.1351289399690785 7.180380614173863
-5.956526696837965 2.1688898954738782
-0.11389705843902753 -3.9599375887987387
-9.852718876556342 -1.3412916846645544
-8.458095444680405 -3.554887072925574
9.052996926650962 -5.941429874873081
-6.794271409678001 -1.0040940130640372
5.535529683990797 -1.2769890083686892
0.13201004047468956 -6.876150848761611
6.3042069808281695 9.87108988381926
-1.483626488012952 0.47195967195414035
-2.373663923486289 -2.265712588354651
-2.3687974239799665 -6.744524568946691
1.490350361505378 3.2747879212658138
2.4961432499609906 -3.28261231614081
-6.852792795904412 -5.999743590672278
-6.853505207096555 -7.059210547662236
8.196321666224438 -2.3993890193231726
-3.6348737815514243 7.869387948363631
-8.096779552046643 3.677018676522888
2.2621425500181616 -4.0247823390979764
-7.960270423707982 9.058032446944612
4.253575065391711 -6.166782374454329
8.111061637484795 5.173502627205501
-7.000723846680053 -9.117734143420428
-0.6773543161413897 -7.137368067865899
0.7647623572100954 9.373222595918435
6.3245971073204075 -0.4088861802112813
-0.1478619765430942 -7.451967290469616
-4.783668032498314 -0.7868376507154746
2.2666388082057214 -1.7769035526200412
5.279559331092763 8.696763275155092
5.754940788642564 -1.9196748522875104
6.401216898463936 7.0687435218602985
-3.2160159686410905 0.6659547578270875
6.192021146345233 4.165122371071012
-0.5829282075325555 7.609631424075584
8.758412757861539 -5.984110131096411
-0.9724272483964658 5.374293862309143
-5.269712941875262 0.43715476055677627
-7.838761159944485 -8.32624147986609
-4.496251921795061 7.507069609798101
-6.7189655871350595 -9.694025570909483
-6.780750411137458 -0.1791501753323015
-1.6371908903548071 -7.7152275533665415
-3.355301265746295 -6.650438478391747
-1.9055174744619734 -8.329643783551822
7.605404749433077 -4.867285858583214
-2.014011034415015 -9.783401621325716
4.392449570856012 5.789728231068544
-8.245357585921528 7.153556913703934
-6.228126491458477 -8.698754074993818
8.746884758568665 -8.380166741514213
-8.276217203208308 -7.026016424620671
8.279621925758217 9.774037008864468
2.1227323024655664 -9.390359242758668
-5.490189738387734 -7.584214254205525
1.152869175326794 -3.6270324698931127
-8.393984535931097 -8.725168276224878
-5.097145707153475 -4.823014500092309
-5.627875639095339 7.280567340713009
9.758990463981917 2.3416374777154143
-9.110274470205233 -6.858561534197647
-6.6009659110442875 -7.27322073162926
-2.875570337502243 -3.851160540824747
3.121284690182531 -4.726443560952054
-0.2197737795224537 -8.915110798088506
4.350368844055879 9.663784030557302
-0.6161532760423647 6.89681069849923
5.43796238721824 2.9982179905371975
-7.003713103069091 -5.2744887124929996
-4.020223910160179 -8.121913668450773
-4.765920811887607 -4.700354094199581
9.092999621384262 0.953956015353425
9.465513926723265 -2.354102806741065
-9.802443786697602 -8.057274284732603
3.977120257930121 8.201821245076921
-1.988128990835257 -8.902207214756997
-5.983741377372609 -2.619344707201452
-3.937966033560601 9.574228459558064
-4.415798494852037 6.825270678025948
8.879464260215748 -1.3373776736810523
-8.07420092527072 -9.327306968728074
-4.071006604145269 4.160963786237687
-9.541265388592317 0.3662016611472012
-7.6705777153104115 3.256448864125982
9.418136543044636 -9.26740186438315
2.13205616885568 1.1805024830867197
3.7494745682714985 -7.917801707684844
3.4287539987854636 -2.46154853648134
-1.4203089965002818 -0.9324356295823364
-4.566608998083406 -9.214740331849372
-4.5220154210955315 5.369542737913493
3.209238078332044 -8.817079791767043
8.135198583222866 9.430267126438604
-3.281670401576502 1.9772265496862413
5.040650233958033 4.610202945387808
3.7111021043710206 -5.762100500064693
-5.48486316640936 -4.548596108616048
3.1149199415058533 6.738792232819513
-3.9218493396310556 -1.4042274259564458
-7.226047624587251 7.023861681081339
-8.842857685559613 -4.073210277387123
-0.20460843469276924 -2.7220807673748464
8.369970662321869 -0.12742567054067067
-2.797147849004822 0.18924979802335784
5.284310757570353 -9.770945040014784
8.915132955018606 8.562578497304514
6.758788370780277 -1.7790230392947937
-3.161643683807034 1.6432684356126988
-3.2822716855491763 8.968416150144702
9.489793043146918 9.579811562623284
0.38961491326264763 -9.593775064238791
2.2871568036815866 2.6971715058583854
-6.399590551557813 -2.654005359612186
7.63344366134146 2.0174342343360507
9.522641529170173 5.966881735303801
2.4854532742971216 5.805961160761164
-1.5015706364509391 -7.2238936032669265
1.2882975160641301 7.359164974401391
-7.650411448412369 -3.77418115701619
1.7272348806914266 -5.604094610068313
5.916648069681363 1.7364958099694086
-5.0348620830005375 0.7790580709890644
0.4214523311608609 2.286782438584048
1.3227309525665376 3.9642512911439347
-6.904300452239314 -4.6764399942414725
-7.2959612603621204 3.309599504621236
-0.752884051878711 -4.1920230351346195
5.018816749190476 -2.5007163126062153
-4.957967636615628 -3.0942096338079867
-9.086239444290683 2.6883303993695424
1.0726336128312965 -8.738496185140669
-7.64602169293638 -3.048247256777401
6.029309245034089 -9.36249767072608
-8.75618336925005 -6.545036242603846
3.113838556647533 -6.4352110713866235
-2.754922331544236 2.1515297255648314
5.237489627877119 2.8546166395311765
4.766331458392518 1.9681218609533389
-0.8646871526403253 3.7071046582610023
6.963531638275985 6.341036430050025
-0.8023668351748459 -7.114739005637658
-0.7133723253553637 -8.293229014431688
1.4216998137828938 4.0475898186406205
-3.478594813358951 2.114718346576332
1.0922649968393046 -0.5695405493258328
4.225925542408472 5.048395514310652
-9.80734883070694 -7.714715680135564
8.183191515786518 9.435316822139072
-1.7759265252160805 -6.2608122113065985
6.085233834945342 -2.104668300714878
1.2427899930533997 8.51905838691236
9.102961216386596 0.24905518778901836
-9.069206642700397 9.870589778520504
3.635068929616592 4.810685156541556
9.905871705908051 -7.626939720707275
-2.5658328880896297 1.7890409363225697
-5.279484795919029 0.542161222733883
-8.1489679848283 4.7058642294713415
0.9102113118702455 8.145443912126122
-7.034344299830444 -2.3310040275936528
-5.661429526362083 -8.28975681204916
5.0367469795119035 8.536115208208901
6.005606283721672 -2.3690440095560428
-2.385848803476658 -8.905534867276593
-4.450926351999596 1.266195586821194
4.940096682179405 3.0601431498938787
-7.757246485552458 -2.8841700524510987
-0.9620194933423356 -2.6309847528039327
-3.165687595996774 -4.005205832992198
2.7956983941689355 5.067186900189425
-9.970119350239441 -1.3800196340317719
2.36621495212078 -1.0720263395044416
-6.326006118110296 -2.1239364445592894
1400
-2.6971076488774077 0.614082508471645
-6.039796703347813 4.620358129237722
9.424324954246185 0.7810442448435229
-7.582997360896315 -6.523384746362099
3.1805684055748458 7.2194864837204555
0.2940706576225587 7.869293495440608
-5.317252457497803 -5.05309261821405
-1.7238916416270627 -0.3279305064419056
5.740425793166386 4.784906991925711
7.845265489414423 -7.539854274515885
-8.775377172183067 8.619646177184105
-0.3499368949193986 5.497093737624246
8.045247376840088 -8.837679398413487
-3.919182833754893 7.8023320521249815
-4.716437028008924 -3.4756095270517484
3.7554775614788234 -3.4208430292387977
-0.025218865633167553 -8.590334107369976
-0.12867479705118612 2.1700024915525002
-5.223778415946255 -0.3411715316982473
2.0158321149856278 -9.855265356995327
4.389519937229059 -7.375685070788942
9.79307563536586 1.2148279457743687
2.091106909326765 6.622246932143355
5.7786844460922975 9.989812477876281
9.634265740601172 2.9179134070524384
8.347135520272357 0.380409719478191
9.899573517074423 0.8510644186934222
-1.5624358516963461 -6.432100230365672
1.0382439339851075 1.1237291176449702
-3.609351768787292 -3.9966042129989976
-9.625709199441923 5.492436317392546
3.916152809147759 0.3721044650264851
-0.19403253134122878 3.25289321859505
6.245508311296266 -5.812875527540928
8.449484524002614 4.144398434313651
-2.6830655029871275 -0.19721785703056938
-7.775747542553182 -3.74473723280067
-0.998025360216694 5.688723813976113
-4.583309447370261 9.362961184992301
-0.80761341866992 0.6324797111287861
3.047482667792087 7.622923428525251
-1.81315675378743 -8.15081163461224
-5.384478782503557 3.9245197487138164
1.6213431464840617 5.282881494235054
3.6882081298415557 4.185599126035626
-2.9233625581645324 -6.798882001760164
-7.242917787517296 -5.069188561106721
3.005577219489661 -3.3379793185887108
-4.8531964194565465 -7.6414268082330565
-1.1703341149765727 8.711833997741337
-7.741229598695103 5.813975745452989
-7.042904227511788 2.9965682049627596
-9.017649609645558 -5.026185620995887
-8.359421279773233 -6.972854550538892
5.179177661583914 7.789782369114121
9.364803103164157 0.07915618750183029
2.439210850146903 -0.8693728903059323
2.8954174851654546 -0.5076034041709185
-0.23992068083848395 8.460888333279698
-4.230953779860151 5.95928970467555
-0.9997342860780822 0.36908000669144414
0.22263704764527503 2.712504302689215
-9.138172572232296 -6.698236504458124
3.3774583923066928 9.176533886882197
-4.234316875919988 0.5012623903710001
-2.7540557764503326 9.957766318291721
0.3199800338240699 -2.7338735214489196
-2.81765845474367 9.498056483588819
5.107086160359991 3.5809221694911386
-3.357278092265097 9.461928957083721
2.8523333052359128 7.281151584425874
-1.314578991064618 5.676167771572127
3.972681836290848 9.33548896296789
0.7050659302995932 1.8439898918255402
-2.8538101910166596 8.657983239053035
7.504311777998037 1.5136601238011682
3.8962198807931188 3.1152310416229394
6.8979866008980935 -2.5736148865758697
0.20543465913092795 -9.260508268998514
-8.230858834189277 4.127815349830827
-3.670624555034127 -8.830069683102156
-7.933286949322252 -7.046446849732108
-5.390674758053311 8.512316347252838
-5.848210001040826 -3.596766862588952
7.1318939096576734 9.643861976852452
1.4155108828481957 4.658110361097625
-8.982861533661294 -1.7303652503415723
3.6896109055275303 5.676248426683358
-3.7624878568964926 -5.194299997067128
1.288392156655684 -4.74511763520602
5.0414525763629285 8.078856905198073
-6.456598844498382 7.421443847905124
1.0368795859117306 -1.5328172238800555
5.79238243740528 -1.2586516059088275
-4.351095878568369 3.978028858908022
2.0244201868452762 4.187222197699995
2.2854826866323297 -9.193795764892652
1.1102990153534957 -7.32496067662993
8.388885704542982 4.950069843541787
5.01090207272102 7.94602594057244
1.1170308217848444 -9.020923027858741
9.587673629490034 1.6798528580435796
5.299918383152871 6.335690116846489
1.7506683527039826 2.9328051061575025
3.4508024932388146 7.570751653483342
-2.953157083619093 0.8715966607103169
6.138229625037852 -1.4940618669223014
7.615562151921072 4.540627613961174
7.201384795567186 -3.189427678638479
-4.464726390091935 -8.946680184779026
5.118824199797498 9.309019965563323
-2.0115660343349244 -5.3428244020298905
1.4176375456367207 3.4718976691083157
5.797408827597877 -3.517434688633399
-5.232793181240436 9.897076608039207
8.791617792014069 -4.615946480253241
2.693953513946921 -0.028195045318945233
2.134570996163829 7.011735969613266
7.740674905060054 -1.7311210374305919
-5.472185154085483 6.650705833647422
-5.380368381808749 0.7269838442006211
-9.826107328823419 9.676598387781883
1.2522717711080702 -1.8272867398009538
-3.5047949595924592 -2.2296755916588262
9.503878107995408 -8.259062265998276
-1.5167052382520207 7.58406244498973
8.368514092046961 -8.807266156119711
3.3033500537047225 -4.065616147741733
-4.560783876630352 7.7601627130495245
0.9179320275491989 -8.922702047957054
0.7077114528991544 -9.459938979803372
-7.321382922978945 5.171983236210522
-0.5168127123032349 -8.53437609579503
3.696936311534415 -4.282806048727206
-4.719697404502259 -4.317154391955795
0.4199229408673055 4.187011571864794
0.7234614861274853 -1.6458482555867668
-1.7013314704340736 9.505140663716446
-9.60239546645357 6.076309417162324
-0.8617768815512541 -6.468828562789463
3.3178697074977634 6.472620533601766
8.264918401148712 -0.9076365308872134
-2.1483587794949255 3.815516076847217
4.846240671200102 8.36753238458125
-4.690908856118234 -0.8154517549821971
3.112119361450267 6.202965807006041
-8.62203149147019 -2.2461148928409553
4.465969780783407 6.732391550517196
-5.493592820231528 1.7876339915102655
-7.120750835359193 -5.1792075739445504
5.608947282797526 -9.623950997002718
0.6434522188878233 -9.861489858603026
8.327670813707105 4.484169499411317
-1.0286117272154982 -9.525718493417807
4.348420805410122 -5.447956168267936
2.987860767373407 -0.17830735575901002
-2.4681525672384037 7.598535048188111
2.3156963005256657 -4.821978490679523
0.041538704064434384 -5.881437279507535
6.482770235087173 -5.075994551647318
7.979086175817521 6.575895158467727
5.660147516094122 -3.7305140824774448
-6.221737275310975 0.9136270413081142
9.567381179666754 7.445577626809456
5.846858161927633 -7.451154061577647
-3.416976654220159 0.529371639308378
3.514084792466317 3.016876172770665
4.645904701903413 4.7926928670623425
-7.280707442710543 -4.649545896289659
0.555752182369524 -0.43950028979942246
4.305487974930294 2.007552060397746
7.081175125182131 6.992256718097774
7.194637990357176 -3.588266660456851
-5.1208222639887975 5.680566432672318
7.078388233828267 -5.060241453747503
0.13362208220694782 9.968773995423177
-8.75961504741165 -8.16303398506408
-7.0127985270104425 -1.4601647859521485
-5.278403150537681 5.506354367203626
-4.527730872570221 -0.5567793059191075
8.169073648526307 7.380409985181132
2.3404863170807495 3.884175412295047
7.277560633959268 1.9440931370742796
7.8553074154641855 1.2568761560533108
9.440081846793696 4.401806868044606
-3.5955120247484507 -4.780402463991493
2.556042006620112 6.927685172523489
9.107981348636226 0.17430209362208515
-1.5964843693105557 5.095393498150482
6.736609653880926 -3.4583683758651196
-6.576840137568183 1.4789406195074335
6.248419646495794 -8.318265281253721
-2.089078533653046 1.627664216905167
8.805240604992374 -8.348092506783853
-8.395424861308229 5.442633025399129
3.64861213523573 -0.37852853433326494
1.449082974674777 -0.7458561677391966
-1.5578801867223095 -7.046611513012733
-6.61258322823735 9.315513538467634
-0.14284568095319905 1.1515629687506888
8.712694178986766 7.499476185801491
-7.1708075137611775 7.595246527700464
6.870340823293176 1.2794998257011763
1.7484843304308573 -2.800768467303037
-2.4750533655799556 -4.15651811387753
-2.6380426355748243 -6.255763900599993
-8.02827088954849 5.943352496764014
0.8005229782419203 -1.0661644386595093
-9.91164607458559 9.465502408031213
-3.9231891892773145 -5.020975276987922
-3.40532444475161 4.032309288766378
-1.7133177810664009 -6.860424912343676
-5.974203071500268 -4.486378335518159
9.183945983467765 6.514294518148883
-0.2310519740079222 -9.208265532743237
-0.08282250027235527 -2.481877846670213
-4.122439339624025 8.173147400840982
9.702189636001542 -0.1308540326101877
3.4200005552543473 -5.480491265251251
0.2905633069879183 -9.250135931621024
3.056878614997615 4.127168012663766
0.8747872337179778 -4.933776829831773
4.353231286242698 -5.846183100631437
-3.8311256098282858 5.187791452312613
7.824559193544143 -2.8772481048236065
-1.9823848100789903 0.6203523029416562
5.122331152867716 1.1035212511641195
3.1983446564089224 7.083462791092543
1.0179744715213204 4.229537169198309
1.398201684352557 -3.8677305310710324
-6.37327076961965 -3.6245250012611274
2.9102328552555985 6.8848525711644655
-5.914888018309443 5.453340592898439
1.3468672304976081 0.7215452845263961
-9.047718766160449 -7.895114102689005
1.001663865068478 8.797010969420459
-8.754143866058437 5.167980862303153
3.059270378986989 2.611743193479736
8.261087373660686 -8.847918822335703
5.668489561553905 -0.582748782354404
-8.120408254220235 1.5260535374485755
-4.924233594176306 -7.615065561173477
-2.2657068118490127 -2.264023646036355
0.1633534368434688 -6.999588429573911
-7.031926370122383 1.4064762965423725
0.8449644634851143 -0.09736978336992941
-5.217234810091586 4.22046669744288
-2.2332331702456436 5.284910912771874
8.45150343348913 -3.93066170386496
-5.164158915693253 0.21172853932923275
-8.72604526464272 -1.636279395638331
-7.9576558426441135 -2.7843452885880504
-0.09708701979618439 0.8392758198287158
-8.986223600894105 -7.040467152425942
-4.814924517426624 2.400769050136047
7.002494831046874 -0.8370609459594807
-2.675178580026114 -5.369919144587056
-3.2674018491917494 3.702806210320448
1.3545638899461316 -2.507005272713931
3.4105571808948376 9.681426875119577
-2.925407847493691 2.997376669643474
-6.032686220055872 -8.807138678714148
1.3742586982187444 5.060715170444292
2.5127893819815945 2.8994029432518804
-6.8559215198376 -2.7591154584067663
7.875323977362278 -5.440366245807205
3.2072554712743298 -4.335298463549087
-7.5764315591270766 1.7619235481030433
-7.157597143307035 8.246072873158582
-8.907450798291594 -8.6905182624993
6.377277871548795 7.413705686603105
-0.7120674973012182 -4.492034739833272
-3.3862357312139757 -8.199443705694422
9.346164482091982 -2.429010193581444
1.0438510446230804 6.919926616269308
-2.0957097384313306 4.430683814886045
8.345908140460846 -9.405601075375793
1.1591071589184736 -2.836601830634537
2.726407680109224 7.211715801470149
-6.946385994410347 -3.6059518885307407
-3.2752430311899534 7.358661054275405
2.071055823786832 7.076845514461311
-5.25118700516495 6.6968026551735065
-0.9318081713389521 -0.04227648682494234
-9.929502102724213 4.670294649856455
1.4622999079087826 -8.457676840979413
8.423673973189302 8.432420933997264
-3.9061391589423895 -2.5113562507138703
-9.049801804201614 7.140054983887431
4.215309683427709 1.5273111211633719
-6.2181827252187265 -3.313319700698278
7.68578634009743 1.0910899601197936
1.138098267094044 2.3385752187331157
-4.998606724366241 3.561853948572777
-7.390567713972295 2.9640559050520885
-4.545389152753419 5.7449578612074355
-9.171967460737484 2.784035408196715
3.7623280511352437 4.18782379431333
-0.5330427302539302 0.7796949674078331
-4.271665524030073 7.733836628855947
-2.6003935217894547 1.2350512064273556
-6.477551471257652 -3.4208823954674
-5.1818351048814275 4.582926819914421
8.547741959388965 -7.643307116164935
-0.4750704636697485 1.1210647481418974
0.12942946206452355 3.213459307662985
4.553972319087196 3.8840314554646564
-8.140604575337981 5.331502615836946
-3.397637135864599 8.770719521825779
-9.910801344747902 -7.215322365512593
-7.18324838691474 -2.429331020505807
7.425613458991489 -6.941337078918995
6.5421528620165645 9.026242969109063
8.500449084551857 -4.833598360887472
-4.3176285173695845 1.4112310510439325
1.2002027063578975 -1.680449113612017
-8.35482743371916 -5.670267743924233
-0.4109449521467212 -8.968305891277481
5.150029838933941 -4.077704489715062
-9.782299308761184 5.374405319793267
-7.742533969198917 -5.977923928811366
9.659764937165207 -9.970656247093526
-3.4348233457380717 -0.7117071474230219
1.428928361884008 -8.970249638774138
-6.5715601901019856 6.839677729092614
-7.440736600600319 9.810041568332881
9.592051713987207 7.780952064437795
3.198294865398804 -5.538124079548668
-3.262557630257219 6.618642256554139
-9.394682843271445 -1.6084612416543624
7.993652896891753 -6.25083635160625
-2.068411548404681 8.793425321446776
-9.098245278295389 -2.7966042132640956
6.12042494383665 -6.525832299968341
-1.4442663659970698 0.8743859031516656
9.360142830544717 -0.2969697050127529
4.324045212403028 -7.828041385390543
6.121520474263832 7.518221347275659
3.3603736541677662 -4.13732131707955
7.294723143568923 -5.436198253121239
4.435363717425055 6.226804999440937
5.487800745952608 7.811241287315674
-7.118729583807967 -9.995096782392004
4.578480817639154 9.028236172133425
7.737896517662474 8.690370713934485
-4.54659482774896 -8.786065838737757
6.523388111100285 -2.3736417917222674
-0.11344523388427952 8.367796699930537
7.078977480430865 -4.284415672838207
-2.275690871979787 -3.728672024928028
7.02148856406977 3.0253279825236348
-8.366338592904883 -1.6109604587162814
-4.033185505717638 -0.5567667624330994
-1.4801260851610731 -2.6292065022702698
-0.4769749364873874 9.315520693591928
-4.59257080536103 1.7502475058137712
0.5816141387174198 -3.0525707503074013
1.0283214736909194 -1.836164166158504
2.259865099710831 -4.283420908604798
1.223934078239914 -3.572424151311793
5.7683839439183195 -6.009077768025208
-2.0528400037722765 3.3020915936649136
2.5822985189626113 8.20972394645818
0.41329467999933556 -1.3116357546370612
-4.111723430316543 -4.126380181710525
-7.189612598685528 -5.067345738834119
-9.032146770126634 7.996057127741295
1.5731659274674374 0.8126067454763071
-7.267486465091775 -1.6512295422650975
-0.3311340632402242 6.938933740894321
3.8882052328649497 -1.0833879932272854
1.074559652867105 0.5517264359775798
-8.673305154828263 -4.414469806259458
-3.6584702244545975 2.9640105243178816
9.200082325174662 2.318391476887209
-1.2798523535366702 3.924792040166272
-1.2626945849726532 6.089876242403612
0.041879270582118266 -7.767574044725611
7.246834520742439 3.4235570962316064
-4.7106573973581884 2.6833314773253996
4.026572219391278 -2.8883585781623484
4.204871691884261 -5.93008940062705
3.6070372289598733 -7.506779376400301
-8.613251600542448 -6.196128965554135
-5.540936353169446 -4.132332554824054
5.316909863112292 -7.794489238552038
-4.503911505898972 -3.0947952138805963
-3.4858739014892066 4.543581268363852
8.516878137011773 1.0415461440117557
-1.0216672424940842 -4.4511634342588895
-0.16495559642011948 -1.7913787695532832
0.19353390370563872 2.6390564435415165
2.9569135664357127 5.8594937883946745
0.7102659263385664 9.956714635045309
9.766545529807445 -1.2158232128157778
-2.0873941420650404 -5.399677129672518
6.237965699353797 -8.506503858387708
-7.643342604326248 -0.12096314467057212
8.696729815319042 7.601078606651342
-2.6561633056103062 -5.393670487452569
-5.875660269249858 0.9694098615915792
0.21886417890216947 -9.090133049117497
-6.8901724599082375 -7.176860966351317
-8.910922970424021 -2.281279251842017
-1.387119234176959 5.8163518749702625
1.1645506130849608 1.112002237964603
7.9229964853941794 -9.762215480834772
5.047096995227772 9.819682179020678
-2.463191924781924 -6.977271130779499
-4.460205328182843 0.8531512310586642
4.416469874324422 2.040940456374301
0.4724225732405998 2.483420034117822
7.573013157699293 7.482716675438347
-7.536867767427657 -6.132207296420484
8.17389694597518 -2.329816744281543
0.9428410416204329 -7.117589906552859
0.21964307499029623 -5.909639275473135
8.74077899574479 8.7318468681914
-2.30952795513637 3.4192409296622124
-3.3684474755367884 5.648309836619418
-4.361291117816544 -5.8085856621896115
4.973505487664983 -2.725518653608175
4.737711533813902 -5.584905864755481
-2.297615388182555 -0.010095856865506292
6.519496829570702 4.709517984714282
3.1197613385370975 0.08104997097121114
8.51754850912782 7.776499825556147
-6.633529418364102 -5.910104650631491
8.818407125446647 4.702876580680954
2.6002500634515116 5.06779058980335
-3.147382127364402 4.6098961037811215
1.488495870494308 1.3740204463707961
7.416386902625362 -2.075751613323586
-0.1916754288583924 9.90444601851085
-5.95341647826805 -6.375605215878908
-3.0563238014798806 -1.0473535897267077
1.4790909856703056 -0.05694330522617719
-7.8366763878850705 1.1220819345065323
3.0469100375437925 5.240129764550312
8.619145144069314 3.07562377088235
3.2283438064361096 -1.1007875344633327
-3.039934048233583 0.08633501394491994
-2.9570950307649397 -5.268466524685181
-0.5717308096233396 -7.099430441273807
0.8590929484216332 6.570666328484588
2.0385114766279333 -3.970922586129757
1.409473401759234 -2.5035028251615676
-8.69429112945631 7.329001935465577
-8.380372261024615 5.349905396938915
5.8135577184771705 -0.5452446557978359
-8.981791672857087 -5.989605941560415
0.4823354730726255 4.589375241284095
6.211982001825213 2.3674821167701214
-7.591073627713074 -0.3335863608055476
-9.974614645151732 -7.5697043966659
-1.2090560194182398 1.5157698076539905
-2.773626095775059 -9.324927984736519
9.34746028696393 -8.31766254647355
-1.8140349813704617 4.425746402712154
7.758876593354184 7.7560178576251815
4.16680013613515 -1.958542615488824
-3.8074960695950644 8.386961163698196
-8.755476149765144 5.918037208444645
3.4274257048069874 6.582731509515625
5.838726334350429 -9.455516883961499
-8.672109822335482 7.872186038137883
-7.779750678623943 4.9413107988692655
5.368658969145542 9.191863851037326
-4.803618093297466 1.1474404549291783
3.475871344736115 3.065207198710624
8.383891100070436 9.816342217969382
4.9337864008585 5.462664055093407
1.164864234534818 3.6818232791301
-6.7216227386959755 7.5448406331767295
-4.769492675036641 8.959652649237832
0.9391777444252796 -9.203373159709392
3.0564117954125347 -1.5264149229534922
6.6161471276659825 9.398616747695169
-1.8180809582706647 8.736151817620673
0.06334266079515061 3.118796769927723
9.25597604292087 -4.380557489670071
9.410512885767893 4.687443283443574
6.081001362701123 4.57236793875737
7.138031257810198 -6.827558939725355
-2.5806189856260886 -9.488995161190257
-0.8084036767359297 9.39490609086355
7.8725941629454645 -5.732411244769253
-4.452844128393836 -1.0791932477761002
0.2301717067983038 6.964834050802125
-0.16063322484106202 4.854796633875495
0.5513827298944118 -7.34348004291395
-3.4291540929057973 -5.945799962799425
2.3314013819196653 -3.777202809016882
-3.581717548843746 5.8387336134710655
-0.25926780681817263 0.29727357962308076
-0.6210660790486262 -8.007833118195077
2.8811834022924856 5.517956620918001
-8.005695439908232 -0.25914977550973717
9.60614630957625 -1.0202590667599392
-7.7655685763628535 8.619785736033062
-8.082554719173602 1.1706378843656147
-7.966787667597046 -8.047714822569427
3.202485989900543 -1.5143559994553328
-0.5409986260463953 -3.6395751177624236
-8.888117980383399 -4.460565723011978
7.391669452445512 -0.4290343855012484
-6.627331834463406 -2.377884772525478
1.8610588541354272 -5.961384258871267
6.6463872287938095 -9.876900397505175
3.5341812142053275 7.211217961141543
7.501312372920776 -4.027747174091106
4.452004054247427 6.630098759163129
8.066482434859587 6.932149987831469
-8.980985958673921 -5.907641542724489
-6.223265376408326 2.9225852851754723
0.5851344566375456 9.335175323849434
-1.1883883180248347 4.667583313362737
2.8694190737759904 -0.0822338510599181
2.950912166475563 -8.126263771152084
-6.578073617746112 9.451884630047196
0.3985232810501742 9.572606222972396
-0.8137303583405888 -2.9077121632602942
-6.339299788138382 8.6565614842719
-3.622736670574154 -5.9542430570100375
6.572741956156925 5.794272011739714
1.1431821339529247 3.062534492537976
-5.445331169532928 -0.1859972107258745
5.6683514814772025 1.258734497595757
5.726913071594325 -3.934413849944587
-4.188677170400307 9.276524897685277
-7.303474303420316 1.6469118009650092
-8.013947402101916 0.4212817049786217
1.4856729687488297 4.853166047619521
9.512937906892649 -1.3807668604820904
4.00301702619149 -4.5131314439105115
-2.5807845289785654 -0.3052259114105915
2.219148924508872 7.333391099382215
7.224802017143396 -9.031142023346135
-4.12976855943525 -9.080209283674698
2.8825411467867 5.252067464009313
-9.893117569788682 8.90002632274022
-8.596869407346574 1.9150966658003945
-4.892114523292497 8.873953186880417
-2.643201228911673 4.8212730462816324
-1.0969862898164013 8.31767498000901
-3.8555097293204588 5.366534847434858
-3.3469541999010737 4.398196334991958
1.4648830983446022 -3.4049798352667597
7.868380894622799 -2.468899598013601
2.5522435196127553 -6.384146743386183
9.197403495209045 1.6038747271153966
3.2422239864107727 9.774790425330504
6.327634193093555 -5.893912018948145
-2.306912958900975 -5.165640583294189
3.3628112500658176 -2.184326477731471
3.354973832132419 -2.5703936670010012
9.69696813546976 -9.621215021824538
-3.6159817174822084 0.7070344725885906
5.914358473364414 -9.788747264426707
7.974580324049178 7.871016220067933
-6.41034837023385 -8.368525546119924
5.107199780896947 3.3911372317540582
-0.5418774968946103 4.551498977426094
8.226590156903363 -0.024413106752692926
-6.774957339490662 3.764156262236531
3.905802769236015 1.3637488392790136
-6.528849376065285 -0.6814947009320882
2.8664446477745997 -1.5622424190465605
5.909303354234808 5.865342172286187
2.9375717273337933 8.36676408388324
-2.722981736319994 3.0522878202877592
4.206574318065265 3.1028579562439695
-1.3709658542482561 -4.960275600839543
4.0465557820143765 2.8380744625203356
-7.7663079995956 -7.598190717412134
-9.097918048966097 9.259195874096473
5.986593966658864 -0.3121982533589378
-2.2284091447209553 4.690135153606324
-4.592093200590495 8.585266928625945
-7.880953140408568 -7.7253091658817885
-5.821937158681505 -2.0836808385458756
3.3271370095503805 -0.17714455734039447
-6.529760972051406 -4.845985748440502
4.196439515747162 9.056838546473966
-7.3776985514749 -6.251218868411714
5.544701015743922 -1.6781000464101083
-5.005753500354135 7.436231880795344
-8.67069292919961 -9.113318198411216
1.3875046510670614 5.870582383864091
-2.5598427626765137 5.528537624011845
4.977962885546223 3.1872902146465787
-3.489429850409536 -2.7753649647622014
-4.367215815530356 2.009760146113994
-1.3800593032945478 -3.8801640162566686
-0.020976515001891016 -6.372338535114572
-6.162874096018244 8.99784472590807
-0.04288747007812432 -3.667480143825852
-7.017565225641311 2.0750724484510723
7.663909412935038 6.478852196349983
-2.1319093501619024 9.801721197248156
6.100488662519371 -4.120679816576782
0.8553033754628618 0.5695177803078515
-7.790903458102402 9.51565618023033
-7.646222618917702 8.686981267139263
3.0217060742484048 -6.887375501127002
7.79951892301413 0.9401439039948869
-4.74510555862728 8.503177720792621
8.378698928055336 7.575258966926302
-9.760658322133525 3.985380191812604
-3.243096232576881 -3.8182386213207202
8.945875425565205 5.390540261590749
4.287178625674224 -2.0399128889331504
-3.43152656597816 7.278199589071821
0.8193579779114728 5.835774762027658
7.906625182837434 -7.058218341432136
0.7805886463595701 6.2562184490075055
-9.821855362410442 0.18951334492793848
-4.5519319768210025 6.519580689514758
2.4256802256658716 6.516476562241337
-8.615908224338607 -2.03370974543728
-4.268034266564773 -4.788679610671944
4.598591369808979 3.887331841270967
-0.14803373151893773 0.27568149299813527
-2.21400051919648 -4.004084758520046
-6.9362736751002485 -9.332744541218618
-4.207154485066398 7.943202150564662
-9.232669235371613 -1.8850967716783238
5.979411839684994 -2.7588721741922573
-0.007034261578024115 -6.9719112491815105
8.666819039197208 8.492115482199011
-0.022097571306879615 -2.3341654279988067
-8.61949275313766 -5.654178898150586
-1.6120432380195897 -1.5054453040073454
-7.865512652215418 4.984374561363138
9.578210782335866 -4.061623873206031
0.5541833676727421 -3.1371383720291757
6.394515412387445 -6.924711026059843
3.7426604860188597 9.611699769492283
7.511303305784221 7.419804177150912
1.826234757138474 -3.304011387583998
-7.017602195292884 0.3392615090399449
-4.771818825942122 8.144110288185566
-2.115260680520114 7.86453106223064
6.950782630391728 -0.05307382577944608
-8.766801657028866 6.244297693529958
2.062278011667276 -1.1344932279172877
-6.05212607813087 -1.525573018461003
-5.842699145307453 4.271634065589264
4.417340341477322 3.4854984835154568
-3.0240135486031994 4.8016189947349215
-2.806146169550871 -9.988388441374358
0.7213208756363194 5.051129220711928
-1.4042524892199921 1.93193936514575
7.979680965507299 3.929689373096961
7.68023563871315 4.106168411445665
-7.737614153011554 -9.874887073171656
-8.89055124570444 -3.4278407990063497
-0.11054464888386129 -0.4564611438745221
-8.274854158847454 1.7601614309022118
-6.416513397947218 1.6124110013196677
7.977443315348609 0.3008903134490275
3.9396283729025185 3.478182224666707
-3.264325416846141 -2.532710608615945
-8.871923360111696 3.1749162735058363
-2.6446347059580795 6.438719532565138
-3.8399283330274177 1.856664363017206
5.223687236782897 -2.36733843685613
-8.144717563699755 0.2799917657534152
6.670939654308835 -0.3423265547156067
0.7140294493997583 -8.494675693207318
6.0495927756677865 4.1956778032037505
4.388089727858684 -7.1944596905011
7.040490989268079 -5.925070995922226
-2.5814618567241983 7.517932923220258
5.3598110561063805 -4.1869623752031515
6.15152405435882 -7.806830689997724
4.592962673427248 1.2838503960288072
9.048683892845872 -0.9518896892172268
-3.236062971726856 -2.8301903421779384
-0.008318122625240676 -0.6157992658340756
-7.539009594874249 1.7794634135623806
-0.17209414509897591 -9.75424200334623
4.119336871869013 -8.971024840762007
7.098792601702975 -2.207547722117975
-8.7119309856756 -7.771809104605265
-2.639676644182205 -8.767275101784286
-6.692396028880953 -7.734239440585819
5.953636598460239 3.9032482699219173
7.212151420457193 6.5232389504586905
2.456473467294547 -1.9243973763086117
-4.741367119527196 9.282687229903313
-0.050299246354237326 -4.251287447186883
0.2811221762106051 -8.489895118015415
1.8771475410284424 -4.2774805886747895
5.621243916816068 7.185446632849416
9.362802989656828 5.606515319244341
-6.966879719850518 -7.909066313157318
6.624057726390372 -0.272451541942619
-2.9806043648709952 -7.7506255987772406
-4.340225110208493 7.104492929543721
-9.012136605280858 -0.7247898431221795
-9.230590691695951 9.311992600610317
-9.579743595608473 -1.949718281502971
8.604616676928579 -8.624220251561631
8.382115052721502 -6.473373393381932
4.303012907884526 -9.378199453010062
7.18037803975194 -0.6033711729358302
0.17304755196997768 6.769027908035923
2.423560518382878 -4.334440761329946
7.247632279321401 -1.357354763791914
-8.499410264184203 -4.898575915161354
-3.918236828715795 -7.353116869104495
-9.570197831034214 5.18068303152881
-7.104806111691831 -0.49708747337566983
5.808515524486408 -8.525351811931902
7.584624535281478 -3.1704222029442004
-3.883570817630604 6.669090494032581
8.582360571035533 -6.804054286111159
-1.0951312357671394 2.3162558409464022
3.677267920199279 8.225468718594286
-1.727407162273341 2.724827759112184
-3.253907886415641 1.9899221500786712
5.48131574153304 -5.27996567257365
-4.8579809284972475 -6.146269290260569
4.165558331669176 1.4273658113427246
6.2156272459114845 -9.841375718151697
-0.4931156094785205 8.610892939663994
2.240743632232787 -9.710999073123673
0.5743734027474439 3.6330807668383276
-7.184708136682579 4.980564941984337
1.8349996018264392 0.7329647390302121
-6.3361433928802 -7.548081643597195
-8.594638597897289 -2.0684263085219463
-3.7970921442642114 5.987707924732796
4.006353248418911 -3.7250928027413615
8.6040942100574 3.1542321602544092
-3.6537366706347196 -6.617652274949009
-4.607353516345043 4.07617407336997
-2.61004989755941 1.2538318681935312
-6.1745886457950405 9.31314050051554
8.279815400329934 9.125161179121449
-7.1231977248119165 5.516126816667633
-2.3859069886751616 2.5081636467640536
4.471098428166503 -5.962715633573239
-8.48194038308292 6.871932054081036
7.565270947845121 -9.758751189741336
2.0627724287829103 9.25849430753128
-0.5678609769972294 8.318899439512606
-9.402074534362301 -2.0726121278600136
7.56428436910419 6.308670188503864
1.9166059577189216 1.3283351239901648
-4.9396725580365075 7.0540444678739185
-6.588006866971683 -6.505232810083115
-5.6876040752251384 -3.618871107079597
8.736713881649642 6.874508836413675
-9.876706269835871 2.5016164724193786
3.1727674973903834 -3.427568342402343
1.237226742015146 9.117721160487442
-6.734281834910691 2.414049788241348
-0.06462024988792514 -3.3468036586072607
-8.290210312445286 6.286222214389358
0.8501475620126993 -0.11464688447038185
-2.324933738942965 -6.221768545749599
2.8278294449612638 5.247307791898725
2.1246472273584605 5.080550479428766
2.8377400145906186 0.7630575555120309
8.15145259844185 -9.13791024577822
-7.962796254422441 -8.208929211213917
-1.8580147378235417 3.0916293277829467
-1.87560470309238 3.196019779648049
9.85064262626777 0.8346370484104106
2.303093799402662 -2.647453885380169
0.34025305157419083 -1.042952927280549
-2.6517047004315586 -2.888482616254233
-6.599339824586448 4.128463325154714
3.3908418377005525 6.50240876220203
-9.559688762597142 -2.0957308925536626
8.259565958290477 -7.536079280242451
-9.20527259814611 2.501524444073466
-9.916315999449662 8.303391649746978
-3.5856497118852237 -9.272137355410795
-8.404825785324574 -3.7984036985726615
8.215940258021561 -7.640659415090052
-9.814310243601778 -2.7232577602014967
-5.225710207565626 -9.771993964748628
8.215627267400617 2.427226047177104
4.177295229594835 -0.23831759445683431
-6.99282826057344 5.768674741328647
8.867907221116965 8.810184376954208
-7.073815617689192 6.859521233132188
-6.767210435128725 -0.2101150107168852
-6.283047560008659 9.713918512229242
-0.33837613139154854 3.641064113947719
-1.1373887621210095 7.4328206460620585
1.5811421175205282 6.336996828299007
-7.178777048057656 -6.835800588148189
4.428586192310231 2.160984724947639
-6.621225748317934 -5.557677078241587
8.850612395607193 -9.617327545696561
-4.97625969636659 -0.23703530419774665
-3.3931938254051675 5.543321020441997
-3.8974553441085646 4.637664094668617
-1.8919858826494007 -1.8287079854454529
4.674040259804048 4.115188131234305
6.581996608951432 -4.880628086047089
8.563933248282215 9.449755101411874
-8.264433726271127 -3.4956275086370763
-6.970677866683294 -0.14149666682947704
7.439200412609527 -5.716452557763601
-5.494494639820573 4.308279325012716
8.276861394015565 -6.788594673410929
1.692585132179012 8.132326497274505
-3.1451559116071826 4.510959688547622
-7.086288371231819 -1.5832865549572102
-7.419217971493401 9.953333864631094
1.62908439496106 7.000329514317311
7.2363012538803915 8.381670351433847
6.138415424810859 -0.9734147603610346
9.536644974488308 -7.363693332905972
2.4368601351164685 -0.8909049934503983
-7.908925924741366 6.15226081082259
8.141459586960302 8.72981553571434
0.582776204999087 -6.350282609448734
-0.47437581706557985 -4.469245695625352
-8.250543523810167 5.94369397038713
4.090381207810282 -5.390526079526763
-7.6765326015577395 6.407198498743746
9.076991879025837 4.760018359034845
-5.024922391519409 -5.877342832411863
8.778972850904399 -1.8296064082563461
7.406907060688763 7.4827183654579486
5.3536116486782515 -3.704884838836808
-6.322646155126305 -0.6227909828188611
1.6178074685848127 8.04170344315905
-8.126396285067738 1.017833558175834
0.9669093926502352 6.0986355384639666
0.8230781675494967 -4.344179100671715
-9.448862942346278 -2.9303268087131347
9.623132766366808 1.4056011275093354
2.8366387229316974 -5.4520193852289545
8.969065789490518 1.020386278844878
-4.977362621128036 7.590079050074802
-0.804937826818966 8.096608098192554
-1.717481050297092 -6.028053052872535
-2.4886790439703503 6.280659604558778
-1.272036122946547 -8.552823095803843
5.473429402575697 1.2556803154331497
-8.93714010281779 4.280068765319708
3.9452039919888033 -6.560028395049082
6.370749119215077 9.079115149702389
5.636628256808933 4.48678061518941
-9.39276219204727 -0.1002670055752155
3.814610774851122 -3.691789084583041
8.032929998108912 4.3365222120481395
-1.3068530578658937 5.417618818073702
4.478733423024542 -4.280693661716426
9.291840078425835 0.6095559626602132
-3.066927231406238 6.545300201425807
-8.600529548214169 7.404854987958732
7.700378721621913 2.8854642778445854
-7.061771664112015 -3.6660138676288927
-1.4610313373107644 5.9511352364159915
5.960513286181818 3.178843198674299
-1.307927755539641 -0.6772988085037639
9.256156004347314 -2.0738670412085263
-6.681263067214838 0.4136214240762097
4.542565314735592 -4.5662244536771475
-2.4989485570307473 -5.566223695236787
-5.3792533293147615 -6.5688734347894195
9.06529432472994 -1.5931228764167642
-8.927605715080523 9.582896268743504
-3.523825058080754 -3.0213504521854206
-3.2834180858761464 7.2365451840837345
7.140308132274477 3.9326802835635366
5.032726597849404 -3.241254825725979
-4.784516374881155 -1.8359798974137025
-3.227656633749927 1.7012135053838158
-4.35768363978323 3.536633382750267
-3.8562842120229224 -7.9008066543297595
1.7228852917086854 4.921579721272579
0.33706451567227624 -9.837363796367908
-0.6118109819882296 2.571721538951053
6.503916481781786 9.92733230529582
-1.8376064852122465 -5.292487968460415
0.038730291489788016 -4.570824462955301
4.354558779440188 5.6674765220583705
8.116302525622284 2.8393534093783614
-2.409161942298188 -4.38838094673204
5.312907589151379 -5.778857702547855
-8.374704956253217 -2.010607733471108
-1.6362117863641146 2.489641742969379
-6.782329737090247 0.5573922413798442
4.864179217068791 4.741525455366165
-6.893534961191299 -6.10160601690194
-2.914667663991519 0.49800410919431926
-1.6332550689679728 9.568722951581574
1.2054924431274188 2.82277242245973
-5.596568910492826 -8.6168924315322
9.695763302176438 0.07464433847355778
-1.5376608416112028 -1.4892748209376965
-7.787024763434056 7.889632514976476
-2.764862433889352 5.476450450143426
3.6433940939769087 -8.112730758454417
4.889730113458823 -0.9083984577248128
6.442088524200599 8.17519510213215
-8.67090050906235 6.015579929947389
4.446892586200246 -6.72878399640509
2.487041986067471 5.690947848282587
-1.4344103828912758 -4.460232479920789
1.3454396091144734 2.9025438376496453
2.104400416410927 -4.494378445077953
-0.037230184435223634 -3.7484472382318472
7.737045933946657 -2.1446315595027627
-6.535765240354145 -7.938901266966014
4.695266607685902 8.076325070709512
-1.155356859830082 7.100012999576158
-1.597759308690998 -6.917233441416646
8.66975801718845 -5.714715641610013
-1.5869237411861814 4.787631197592109
1.5593781851597903 9.688388458681207
4.43723963297607 -0.24705424042462631
2.0384191439871575 -8.742368491140745
-1.6083663979372176 -4.163761461297392
5.192683646821546 -1.5246445173748118
5.927154388599705 6.6843951566869535
-9.693818777834748 0.10239790265277549
-8.69285201401478 -2.6759282159727915
-8.040862582358796 2.2064104411649144
-7.524485979356681 3.3695064201649956
-9.832991444853311 4.468292880174239
-4.050081952905263 -0.20678056743989082
7.005160214794483 6.941849443585987
8.844307580403207 5.948983575865292
-2.9611563487603814 8.84219461860545
4.327383904358763 9.16767989295304
-7.348711025109567 -3.2006728735966323
-4.772511339213428 8.07177262523976
-8.934116388242987 1.781462343215523
-5.204229641194756 -4.378594390879174
9.437810982137343 -0.5956574776091568
-1.064549814312727 9.690471313911448
-5.207620842679654 -4.124554983227671
-7.771217962515847 -0.3783643628371376
7.529226750491329 -3.5803264741228453
9.608216826430883 4.382061804860566
-6.251856501733699 7.809514083336108
-0.2818760469047543 -8.129446093400306
-3.561281567018895 8.164795292762822
-7.6953752848725525 -0.5002301534138294
8.950625517472865 8.628499102118305
-8.646953983039223 -2.1660143506291334
3.9772187269249333 1.5277489402745648
8.66233531944118 -3.631649847132536
-5.073278846478287 7.505700084253387
-2.263367078404503 -5.5307944100722395
-6.772660602577199 -2.820648211678865
2.9910801509968383 7.9753558646372085
2.621909248235127 -7.3165806434960245
-8.12138532489856 -9.058693230278953
8.973580472693552 8.75838756945717
-6.977998226614412 -2.5197829816641315
4.214724182332683 -5.4667894138919415
6.451931662481314 -5.228425395008907
7.558321164269351 -2.333879605441334
5.503831715032758 -6.277092987502058
0.29150610245243946 6.111618817712149
5.342128582975548 -1.9533664812359355
6.586169750814033 -1.8990605242247245
5.454959473668984 -7.674658441514161
6.853777065261216 6.420482449043487
-7.639494920112339 2.2168513569102473
-8.002027681023154 9.361537989089257
1.0094004842403272 -3.5009925223788363
7.001988067034699 -7.577912877117141
-7.308400710349976 -5.70618221270718
8.699745721126291 0.008595607628389956
4.047597663040001 -8.527764796796387
-0.9024730066703697 -7.475027559155754
1.429995144437612 5.588141846584405
-2.378653234848393 -4.2054223468275564
-7.288697481347053 -6.892310907578665
-3.675410321881321 -1.578742536411763
2.9823688800965726 -6.094544821922514
-9.15659495876277 4.267875681570263
-5.77869178956605 9.09256769268137
-0.5829292463582458 1.462508572540548
-9.679838754000214 -4.387090866278946
1.2648693957658725 7.837797353149082
-5.942412681575244 -5.5334024807999205
-4.512663474159202 -3.878617072198196
-1.0630927147032132 4.4952100787652345
0.8644163020449103 -7.063156772635968
-9.13472824537754 3.4777874553188948
9.549888989011354 3.716336563608829
-8.167330595804321 -3.4106478893308516
8.67492676261556 -5.128008103589918
0.07063186006801381 -8.939808610689756
8.979562525020654 9.830208169470879
-4.081546744466875 1.8949685978747866
-2.6676588663723955 -1.2479146563388905
-2.994587547238188 5.109105999926166
6.408845240244723 -0.1758926272887571
2.9764790449650533 -2.493345655978068
9.614491048384373 -5.862663376611508
5.15122715967129 -7.887659265171156
3.9082430587931327 1.445184898101692
-7.487900518281205 -8.061981117049513
2.0088195353245 -2.2704908891180136
-9.670942624065308 -2.766256570217176
-3.8543773718320296 7.876407604013117
-0.06052250539108073 -0.06917201526423256
-0.31173891093962247 3.0671740749587606
3.5810110271621234 -5.3239589912365926
-2.019112329130765 -8.191314674389897
7.011076134793612 -8.272561758531356
-4.333627302072185 -6.9513057549104795
5.827181719650827 -7.073516519000725
3.042845667003384 -2.8083955760576806
0.6416683457194132 8.260976884153145
-0.1293130903908235 0.9026223430165494
9.810794328118607 3.173009522341415
9.87427667930617 -7.394277231217277
5.991917968730844 6.659246993004395
-9.83597540039018 -5.331083703237381
3.4584502209801933 7.853725084903605
-3.26515148745536 3.8012725577625535
1.8927940026919838 8.225929114553804
-5.910075690721197 8.221020695081279
-9.548876210963025 -6.869864925215263
3.309515503993019 -8.078946912376228
1.2429182139487889 6.816148254779108
8.735778736813568 2.3620352335761385
-7.836570989401769 -2.564541082584726
-2.7804801238826222 -0.24051801826250774
4.414731931413037 3.779980126112793
5.345692078431078 8.88838570838725
7.148300059158256 -0.3111776819521399
3.5244181200366143 3.608186939589748
-3.0133701445173378 -2.283683496865436
5.669691904023043 1.7567229482292142
-2.3850361866301695 8.07572445892988
7.099832696752433 -8.486484277999107
2.5441975656966385 9.651755948372948
3.847727239504497 5.145903050879406
0.14544729243952936 -1.7061540233054373
1.099833977132537 -3.9009312597843078
-9.602510224679218 0.19499416861703622
-5.624681639441533 -7.271856747463044
1.8582787271265762 9.053267252404286
8.194058650718663 -8.364352548874248
-8.556030269598756 7.2741834832629735
1.2777340613132466 -8.37675706083769
8.219308432972593 8.10874126092515
-5.834155391946972 4.183260181606723
0.188065714191751 1.2347337965014038
9.455725668475406 6.581639314342141
4.476984234062492 -2.765254080167015
-8.544052186045853 -6.19887679837891
3.8668453705789947 2.9679262540358913
3.530407135083504 -1.1845273082330046
8.09952504705048 -8.072261198318284
2.4618266024091806 1.8194350882249992
-5.7025200163960506 -3.684239716526278
2.7001895372407603 1.7720927443712338
4.373460026823912 6.530511069286035
6.594106504811496 0.12859380062612402
5.120754694325203 6.843212857496621
-8.83953604908109 3.844506720152147
-0.28339587036944636 0.5463869316238075
5.198160261687548 0.5236571929104432
8.061579962799588 -1.0977789150138069
4.570372918035396 -2.324837105330751
1.0761913813786617 -4.953178437839099
6.771970504453897 -4.599904728360582
-9.012649550722536 -5.373789249997625
1.1736571126879607 1.6773179793739175
-1.6843248325638207 -1.632881230121237
-3.5615160515641753 0.4703049023346946
-7.4248980852598585 -2.364311164833204
-3.7839286050729033 8.438321195344304
-9.384427586604378 4.838751570947386
-9.393813273121093 5.68282904784887
-8.953160030375178 5.902881674110191
-8.115702206183656 -1.9205467942946193
-0.31346090050675457 -9.202942233220066
-5.220093050233377 6.041437391181482
-8.283268324391635 6.485464898179782
-4.514272355825446 -1.6948813121486381
-1.7710743828434765 -1.8056211273226381
1.7576173813458222 2.488067719795433
-7.754817072899042 5.6230129985601
-3.5212264952326073 -3.492021584292784
-5.110313695598547 -4.056101364560821
-1.8214472162107604 4.232022481722705
-2.1632308086168557 -8.942294250685826
-3.806908026324165 6.550262962877092
9.194570759548185 2.737804603199006
-1.0706418723774203 9.099745168994623
8.476564229935654 -9.35990817697617
4.621560749871696 -6.369776276205748
-2.6878534029610313 -6.989997433968611
7.100744800536972 -4.177816630440678
8.909786902285472 8.598700724552891
1.1756419834798635 -8.233658476087797
-4.537340563408234 -8.206660345537083
3.0072509412973307 -1.9874376638250624
9.853782260243985 -2.8397255193041326
-3.093469387778846 -1.4759130471347
-9.865053958681845 -9.073982457068395
-4.285996315426557 -8.023402686535224
5.304357150106915 -6.75531730527789
-3.441152032245731 5.882327847187405
-7.250821550475022 1.6821624235048755
7.081476953953935 8.890132303065052
-9.071033059498577 -5.843241969877539
-5.105890140746759 -0.22147019208004792
-9.680450925159892 0.035196692673896024
-6.270947662717841 -0.7611927300241668
3.7438675983780847 7.781933455760594
-8.801887840654496 9.98943710501645
-3.4941045668160964 6.373694978121328
-9.978859591598706 -0.5768780826278785
6.688905255701069 -0.12612520127584048
-2.812844514990256 -4.356885738420266
4.769058497380659 -6.971792742208178
5.065829251940539 -4.766508712031657
-3.555842370456146 -5.175922613162534
-9.489113739537153 4.027412342730445
5.460209829390818 -5.911150953898526
3.3019597864612944 9.022277882906582
-1.1813544536488951 -0.38820955970130555
-7.510740482946961 2.1070104865543353
-7.17411829481744 -2.005854798435294
5.89679408194282 -2.3802709732452643
-2.1514945081746966 9.95916624192505
-7.701284944488647 -6.429644487710933
6.413449296216381 -3.6475546186219177
5.827606835205755 2.4932164456130206
-4.608622083120231 -8.96634730494484
-8.645290804018073 6.896246995207825
-9.819541828287235 3.9385490327035573
5.514629198904487 -0.41486508484694085
5.903989555410366 5.489394767717936
7.875570005385917 1.865894371132411
5.5974557596472785 8.022210797196287
4.945515905859182 -8.359141101980484
9.583731677040618 -4.768469194044465
-3.8935640513279264 0.23244305876632154
7.441062870485322 -0.20994036277315686
-5.719017160276499 7.082836508519488
-8.382753682238366 -8.53816183691562
-5.966457327894323 4.7120785379916175
-4.5603405892909095 8.570926612870476
1.4293503859048542 3.811274455212102
3.996788317261668 -6.0622862782348825
-7.38101582123488 1.3798878291122953
-6.085538944984091 4.756408525055196
4.844997067429485 -8.11419795041499
1.1461688077473475 -9.432405156904935
8.61600797716492 -4.261061149744316
5.751717468942214 -5.91180059660709
-8.703212633271649 0.14744199972376393
3.686338398876895 -5.10510108065194
7.305376218245804 4.946291782929126
-4.442129973573621 6.564935043022821
-2.140963350032452 8.924231161343226
-8.512845150741617 -6.961183294352329
-7.660290024570962 8.330972584610684
7.751066094330241 3.4091416446887237
5.191759809284591 4.44664861434468
-6.99072117864872 4.77747938224743
-0.21115243159244912 0.18685500584431303
4.846268988033113 -8.824000517312069
5.194552756224473 7.177601296787163
-8.985484420975888 -3.1194918719445823
7.917563719204452 -3.178245729542928
3.573837596842637 4.877341791422333
0.18938525425857833 -3.2682544334813013
-5.726070126242789 -6.037064918880888
-6.737858983201923 -8.526967941761319
-1.6211968024973338 6.916195410316202
9.520436206017038 -2.599334453021447
2.349908013354682 -8.564169822497881
6.512004883378097 -5.192290662718396
-3.1351490726183613 -9.59388039907374
1.514785865558208 9.63218390165071
0.20494962673478057 4.65400547411484
-4.569357106983567 -1.3238730190710264
0.7317292947464296 -0.8421912199128556
2.0092287055112497 -4.625875665947339
5.0502251779261425 6.517587806037394
-3.3339954884931426 -2.1623114296004964
-3.7211592857912024 -8.178449155826964
-2.341523134079204 2.5299586592735483
-8.669279094572442 7.576239818794459
-2.937727053971635 7.015336996922752
-8.546148334808986 -8.271593157572827
-7.803617426573355 1.7545569284027085
4.322161272874119 -1.5931314624064292
-6.34769406612917 -1.039600813089356
7.820506366611706 -7.643856640323444
3.8122191797577027 7.345579661575371
-7.644092311630571 7.717710918163895
6.197658012555035 -5.21226689947992
-5.982349950888423 7.299423246831651
-9.620354119421497 -4.163262329030819
-4.134588239267092 -0.28498582210496615
-5.688434028861833 8.26779636978467
-3.6976376927254107 -3.2215755637755734
4.3054876881969495 -7.089775849626063
4.232714073066063 7.159755082223832
-1.227760781411158 3.369907444614814
-7.848177266573018 2.141492693586045
-2.28385478269149 -6.1262170551342265
-2.9507612016471985 0.1796207766019613
0.7110607070028685 9.529754009568325
-4.0596464611119165 -7.583270059730525
-7.082967108282139 -4.57133155577287
-8.689838175202917 -9.312593510410734
-7.524224369705694 -9.878215673871766
-5.494548493268534 -5.212973206432636
-1.6555320805935771 8.953297583619666
-2.0108869480128266 3.308901566650661
-2.0628577783777935 6.181769751322488
9.508469807083834 9.635730934489754
8.836005271710391 -8.316631518654836
5.09457286402824 7.533519160388206
-2.8657949474712296 -4.240309475538952
0.3812408991689935 2.0085661688383247
7.70979568731822 -0.7867712115625807
0.9622342568787072 5.482890969894822
9.729134305604571 -1.7788310015535558
-8.346434808309981 -7.646969594258477
-0.40410344455942493 -4.476475675029345
2.1135274179754866 2.521274001487601
-3.5078572136110804 -2.89990908702479
-4.612511075632064 -2.4583939230728014
-4.359835311657704 -9.65174444778875
1.1181645739765642 5.7149511173392185
-4.296425478141757 3.665522677360231
0.6349726645366705 4.478876681749364
-1.0646601832246478 5.5183930898587015
9.36873252781091 2.005231699689567
3.3635473139038297 0.30090379564168757
-4.463027384676712 -9.287449388745037
2.739903623629747 -7.576696545548643
-4.547242525562876 1.3831177013416234
5.041165446332203 8.341087922167457
-2.7140203185122846 -3.489199442338526
2.628240968825322 -4.359025424334799
-4.102125791550368 2.6426270461296326
-0.7389088272200421 9.484292857369784
7.472541154009711 5.443424501752512
-2.025133093071993 8.087520462881383
0.6258543885308487 -8.720163717322972
5.679335346456336 2.672857726101727
-8.174568194444923 -8.311245439149754
-0.6677173140630721 -1.1142730411942292
7.449625469033517 -3.674431857363971
9.323485242923532 9.386145985372167
8.456259632951355 5.129973084875401
5.47884953321833 3.688274599532459
6.773501239226256 0.9617324389158828
-1.2031660061950653 -0.20781157012555695
-6.045045545532258 -5.3583015858220895
-0.9287795943393071 -6.308521801836255
7.841292349193093 9.72889633657563
-5.363084368749627 -8.999454863627271
8.2940746137977 9.129257756484986
8.643039255016063 4.922252321821087
-4.913671017159782 -5.97271212464179
7.9887520280465125 5.512563093371616
4.339556830109926 5.924009746972903
5.190853530287203 0.3418059956047834
-7.437767633926926 -8.345395357187218
6.451858553816756 -6.314474130094931
0.8456948610379538 6.786838693174708
4.046989421945808 1.3490160743920487
5.349344193409806 -0.4446096418513754
8.917209437501459 -7.0872661780628405
-0.38470109481233905 -1.3114785786825678
-0.6855115955664726 -7.897577332135535
-3.5743010850611796 -3.323348687341447
8.069227472779914 -2.8055904516816543
2.7129861846365433 -4.147714022014151
1.338235279934267 3.7199836098531343
2.939700008542161 -0.6614043944112744
3.8022850479307415 2.925926567791958
-3.290073003316591 9.634150659466357
-0.4525992702293813 -3.622554402011633
-3.2526585557866667 8.370585659882654
1.9775511102144456 -0.8180221569727752
-6.7222888705367945 -9.525551196544143
-2.825623662451293 -1.3744897510227396
-9.615397158184447 -6.692555222690897
-8.944868208249448 8.213700956130804
-6.137306488792513 -1.5839343940817425
4.233551780920505 5.7050658577536435
2.7206230916592133 -8.41472295281057
0.04342570104714483 -5.256789097893737
0.9786632314463901 3.010069349413275
4.619749818027314 -2.4163775886997403
7.806474895753496 -3.1995384558297886
0.5229214619734392 2.496069253971882
-5.154740960201956 7.225983169517452
2.5419952910299166 9.15808599575226
0.24988514178042642 2.0907441401081286
1.9557530035105692 -3.452509891854265
-5.950115648362941 7.875843619164947
-7.302227429578457 7.160309289483791
-1.221171760028117 -3.4743036944275225
3.8906786078211812 -6.532459690454795
-1.7110158502877653 -5.776430099569605
5.689611482566148 -1.1987854383445722
-3.747641721520056 -0.733218970298692
7.146910633714011 0.9309749788433574
-7.059819156115252 9.82691719454317
4.711593976546784 9.313301238997202
-1.4813686695993376 3.9928183704720013
5.3379683554523965 1.8394380460866024
5.139812125327099 9.552124587429358
-2.2004330476783647 7.142656275844633
1.5091438042242356 -0.5801252073849064
4.293025844417224 6.294810196993776
-4.609336166680134 -4.806152047509493
-9.0488978873345 9.511966615938213
2.3474754498765655 -0.9934501987285422
6.273073108027209 -2.7966080684937067
-5.087405216535748 8.285970991448746
-1.1118455497858584 -2.2189590785484947
-2.8938219697304746 8.591897964702532
-1.9733347634124403 -7.8382452607087245
7.4387384611186675 1.8522315101739917
-8.615341021346673 -0.24233967800737588
-3.7958672944076373 2.802615714765448
-2.8334669399046746 -7.471674925855652
3.245730701852473 -9.593021463256456
-7.835605114272348 1.6907069077608874
6.821358834672594 -5.4998458264270305
-7.083056770530581 8.137551418269759
-2.85941744376996 3.420503038286796
8.259602761729166 -4.8210027871366705
9.073096520204416 -7.071344525803602
-6.622663881314783 3.9461622820359317
3.2591731888990427 8.1015270440651
-4.766080201344152 -4.265933361818501
-1.3243352196944294 -2.0506354850244257
-2.756504584192882 1.5600489147120005
7.937282779937689 -9.858836212224036
-4.615003782264497 6.415696081717627
-4.002097363254413 9.249728972008484
-1.0862283204768186 -2.61397062535909
-5.323616646767491 4.215136653012646
8.111092817085485 0.030447344890413675
-1.0190732583018818 4.093993294249248
6.798079674339771 2.8049474331942985
6.5733212903326645 4.863592753719061
5.697279305859034 4.514528104080959
-5.719191895910214 -2.2937369265129632
8.542061581591046 3.6912267339192635
5.218448985199613 -3.6329519681758686
9.9226801929468 -1.8044768366857404
7.672402769470434 -4.161329028454488
0.9634121038905459 3.703175798344887
-9.723937405206922 -8.942476368476633
6.060802024205898 -0.6373033766048231
3.8911896045895507 -8.896729536674519
-7.397463617929336 6.911341013799035
-7.225735428678622 -9.723280709929309
-5.060971485209005 3.4155584761624063
9.910445791885238 -3.8597493534722087
1.9604620718711026 7.596740943466493
-5.408649244994546 6.240264866413522
4.196516006248467 -7.188726288029274
6.420555980744339 6.512349361613534
-2.9885226491906565 -0.6993161311333651
-9.905827214446658 -7.315973995548801
-5.682871509246732 -3.0356070796477974
4.649121724794053 7.317465883106301
-8.257059973014883 -7.884708424319225
3.1390936503561377 7.57106619402267
7.200812157420611 -5.1579398872783555
5.27492802220295 -3.6618211798843543
5.692323651160775 3.0342249901024605
-3.0302421058474245 -0.9524586618596516
2.597827319021185 3.5209834761951875
-7.015080547024695 7.3952671556217595
-0.14056605739683548 -6.396009550112749
9.396665267067611 4.1263927681161015
1.8604286918883197 -5.185385102429699
4.346309636627163 1.0446231670178108
-6.934898169233607 -4.405802662285354
-2.991516098414948 -6.497107053457869
-6.738973896329408 6.603566665953721
-6.633109090172821 3.837297855698175
-6.585362985014516 -1.8204283991686427
-2.1211423310912636 7.957024727648086
-0.9347467798780222 9.982055664986806
-7.722102729963378 -4.366476423717267
1000.0 0.0
1400
-9.828064488183394 -7.549084767692387
-9.719545476357311 -7.54135782551071
4.315112074444761 5.019666580508812
8.930486114282616 -7.234341771135428
-8.686915960411067 4.680375041347677
-5.524838856292973 1.7992471104829129
3.2993401848762023 0.2985774709459328
-7.463918170975294 -8.043189152022464
5.394230338562622 -5.330542688078994
-9.65567912680605 3.346662487204604
-3.3146228386286802 0.2613362900033085
-0.971505867204332 2.5266841037660104
3.3104771845191134 -1.8859461590153277
-7.769114505992299 -9.421971763581798
-0.8912954292522173 3.10577503960282
-5.3107725664604954 -7.770038690930838
-6.2418386108890145 -9.570065235236127
-5.545003861860717 4.395245077873087
-8.727348526049836 -5.038699705559622
-9.995642994054563 -5.265459749337098
-0.5953660342913665 7.762188055194915
1.2683095690449306 6.447282616803747
-2.724313253753854 -6.661053366683345
-4.318345125009715 4.190601413409432
7.981353756031979 -7.8192140872420985
-7.743735163753625 5.305696747295915
3.6216602816265127 3.0700853823474468
4.475140413877764 3.4537775146015193
4.245758180353247 -8.80875631364792
5.079478772368626 -3.226646336591519
-2.302194787826302 -1.3254887386588
-2.346717362056645 -2.459095088627339
-0.2343302563467713 5.709815225377051
-6.488950595527577 -9.055710444654974
9.518344069635994 7.020217684290028
1.1815433990088806 -0.6737803255806636
2.186862408198138 4.8690414758894285
4.037998970795318 3.0887762551031113
-7.595553722391224 0.7786506360934666
-2.2423430996904887 -8.271670415055603
-9.65984983750774 0.7563141308053929
4.545467276457806 7.296529855392691
0.48941028293635824 -3.9116916570279763
-1.4483959800121315 2.9507200219299285
-9.965855990968254 9.562012249640524
-1.278368213469907 -4.8205734105719555
-7.021663030427712 -8.987407060268207
-1.3779022380942152 1.9298740173577613
1.9875157313701166 8.157731624608168
7.715517989578352 -3.293206684813999
-5.406784002093761 -0.42504941041562816
-7.065954266270653 -4.922960529852565
2.7974923210590124 4.818024830715526
-7.758281777976457 -4.080649518934463
-8.214669904422138 -6.969340410889369
8.576872458805056 -9.867733822910012
-2.284069111201381 7.869652055016072
-5.203185129600771 7.05261719186975
-8.697967884831545 -4.841434534839301
-9.633179318420131 3.6330529986438833
0.2939833966173726 -0.30284563239644413
0.943763736329517 0.43151386111993517
-7.41273452816788 -0.8257630036207964
5.309353101171343 6.5955979324433684
-6.981725082260402 7.723362156819313
-8.708073114095132 -2.833097750422226
-9.096495504689576 4.896001363763471
5.649840592721677 1.344402730453485
-1.9955557675506679 2.4009000280025035
4.246124638064575 -6.381979948479928
9.347820802142117 8.922338245969527
6.156035463507543 7.021813151597659
7.333619579233183 -6.34741217596752
-1.0783244936244571 9.400025702632664
7.334951003737029 1.888943034170909
-0.10412758393155919 -3.160180043384127
-9.387138014987888 -8.351219397596793
-4.870505351308507 1.1814797391512961
2.9885658675329747 -7.672739203048733
1.968031265045882 -7.8076952436263465
-6.151367298409561 -3.989952741204929
1.0269515464421168 -2.0289326272089614
8.925795790982061 -0.9780499437784655
-0.14339155810176152 -6.110306591525347
-1.6558966385111962 6.057110768308576
-8.019818852893641 -9.205885272179458
-1.7366455595659822 8.030913393507763
6.238282674829048 -0.42495377595117567
-8.206616155071167 -2.4049863755167884
4.011596285595028 6.115612326688392
5.777721605209008 3.8388753969828944
3.5999364413669266 -2.4937468921646033
-5.845291129827324 5.872932931871835
-1.4034165969273964 3.3568892454499544
-7.216560056716064 0.34357944552742836
-8.206402466190397 -5.577575915806767
-1.0503340306443683 -4.151392778893436
-9.428631888796593 1.8210619678178848
-7.605828546030972 4.781980269237362
4.5346412750036045 -7.693179950612583
-4.368849245950122 1.0748011259053527
-5.107407781180595 9.869818667240565
-6.809327079502204 -7.81357808035821
9.005331359528022 5.89780532165485
-4.847284073577458 5.957894961802182
-8.736747837768393 3.6013707742426586
-2.2092069586597702 2.400238456762647
-3.8968608488741534 8.845752540944055
1.285686200123621 -1.2715713616912083
8.4473533671562 1.1859756262857264
3.2738925092410103 -4.476722028605364
-0.8908736443849374 4.490128881361077
1.5899588585327944 4.210319795777657
2.225301749846542 8.043073660779637
-1.3556334092670514 -9.587793794252704
-9.575084314727212 -8.662290322849831
-3.2036991011221305 -0.8608877423416583
-0.9840252115706924 -1.132456281967901
9.167131478384054 4.19367296671725
5.887176374041111 -4.636744396386366
-3.447464849380351 -0.38122632702238235
3.830368087576172 -1.57416577856198
-4.792288291886142 7.427149668710719
-8.507058308666608 9.377678798987034
-5.454741935717127 -7.639959258485236
-8.03237118332005 -4.248369068325639
-2.284213103088164 8.964120784516286
3.391428511142058 -8.475701667515704
3.7852193706903208 -9.762743415135208
5.574008640950174 2.1126198569834713
2.145680502897715 -1.9418304672928066
-8.6418225702082 9.254880885096753
4.390694975584049 -3.7906253696246566
0.35889597417716246 5.294084927218252
6.539534934655297 -8.758573159709043
8.093857503926994 6.577238189930071
-7.797983306918321 5.081911931619768
8.467367691632226 9.433611843242591
-8.103551148294661 2.8280121057785514
4.308599204528804 -4.908805473732592
-4.852762113750899 9.449100696871334
-0.02210058412573801 -5.132968062629
-0.6233635377016551 7.167346054194486
-3.9011590880389697 9.731437285426782
7.894836068825317 -6.450307893341527
4.183881964795157 -6.968462577040206
2.594269506777689 2.8662626401789915
6.426525307245562 0.5171595120990524
8.6796086826422 -4.884477821457695
-8.94558009955578 -5.293580980781711
-7.578106591830334 6.160120661290659
-7.25892186251532 -3.673965560648343
6.131425873512633 5.829984507951867
4.21822906308401 2.0697158322342553
-7.672639217731783 -0.8439220998966093
-7.984766784495996 0.06455969561084451
-5.993175709784033 1.433712948827905
-6.205208205257051 -2.7641677905981616
-7.6345395405586665 2.418840056162832
-9.576563358260085 9.865274772448707
1.869021244513462 -8.84473549401747
5.532200729202966 8.693640392346602
-6.8414816003022105 0.7872644658808845
-7.935591173687628 3.8227067249847746
-1.4780685565180072 -9.527724846395625
2.4910285146411226 -3.333888912935863
-2.127064504702596 -4.071683144361797
1.9076774736803532 4.4935473113156466
-8.035344980092463 -2.08665844314579
8.925394341442065 -1.0472124400518918
-6.314814433793008 -0.6035347697269859
-3.919588587134051 -3.583131039441043
-2.008522226840208 -4.809663292831827
3.753831761230037 -0.8135645769517303
8.200541748200898 -9.001516100610898
3.1498348311045348 4.070896769745477
-8.36981279010737 -2.744193141329303
2.130862924100178 1.7997372352542698
-4.891580306334715 -3.958827347815279
6.153662077079755 3.622041965495576
-1.6226002022123076 6.261952100230367
5.096041869587328 7.330832914340757
-5.920074812000731 8.809271096864531
-8.417336722905741 -4.294363879573608
4.945931694837027 -3.168508525934355
9.35542894888777 5.13731707672515
9.030617618613622 -7.806373572099772
9.923622175141777 -5.659265518849191
-7.00667641367618 0.45052116264317377
6.236032316895113 -0.497842272048473
7.15655766636711 -7.77560768595964
8.309905615421098 3.2634974886598584
1.5030317739166534 -4.318557568251318
-6.829338721303815 8.166211521259928
-7.370297103690964 8.94518826522389
-0.6134267194274194 9.295604240344971
-2.278073150089104 -9.663586621243667
9.661477083066607 -4.07189965348298
-3.235853321385762 2.748307920570131
-1.909042006770358 -2.653180364264582
-8.021956125182959 -3.805372187516058
-1.4755624432817989 0.08529578058067955
7.042848355943502 8.849157852893434
2.6576115912336835 0.466368588544535
-2.4698686131398855 -6.0875897204298095
1.3333354130586823 8.766353657418964
9.805961543685363 4.062653773386906
7.390720425275866 6.623459500566376
4.9541834144326575 7.253686061001758
6.559945610000575 9.802533347656869
4.686461045914022 -6.429746996572554
7.076002694530246 2.4651557856710156
-4.7883225378345955 -9.515545386635331
-8.480878355184966 -1.6725789489662546
-6.985750332318226 5.379569203628021
-9.73373199476941 6.256061428379368
5.626160241856475 8.723557731581185
3.984621460197655 -8.360633073001845
-1.769290175656506 -1.324712071911744
-0.567123529294264 -1.749016754085515
5.3956415004598455 6.343326889412051
9.225129055315698 4.346523780906967
-6.530259581711546 -8.876534959260491
-8.952805545833673 -8.702023572973221
-4.4795619710695656 2.227618071579414
-9.899976656787963 -8.925212485813228
6.016913817856327 -5.381388846705885
7.535553756633185 -3.931651489737664
7.116027082475394 -5.2017531453801125
6.817366965562826 2.764075623612607
-9.29559704810835 7.724701596273462
-5.598752826065567 1.832654222638876
1.6345226832417747 8.845842842691304
-9.40466587536886 -1.198054796100843
-8.127534086878361 9.614014091827993
4.468839843204435 -6.78445910588493
-1.1081819704518008 4.3719292957337
-1.5778450429958841 0.5048389675529315
2.371737376254078 8.383939605613676
5.298478108935411 9.027668737978079
-5.4037045385727005 -8.604797447743731
-1.157699224341206 -1.9341152073494232
7.688785589790623 4.198537198310888
-1.006447090253884 -7.804067213897261
-4.508509485548144 -5.955493997614885
4.9705418303739695 7.030120470378446
-1.8017307030184746 -0.4091575880910625
8.342636465783187 2.787788492758878
-4.209387504821471 -3.0709342500495236
-2.670772690675955 -8.51312009608639
-1.312982675967998 6.793437609366702
-7.141526049251718 9.860557244052167
-9.033745794129606 9.11025962360447
3.395354123945115 -1.3263154235522308
0.18104844617708515 -0.5376393271842907
2.7821829934977593 3.070559163884557
4.126762428339564 1.229693823289871
-6.395788262634925 8.986999233578214
-3.5089101021454567 -7.212600778538656
-4.4689359167925735 -7.969139316474491
6.3333401237105775 -9.152054436210946
-6.0957234188930665 9.8340847640008
-2.631692807931749 4.963022503114287
-7.661050406029915 -0.7835990810435138
-2.521668207434371 6.708947387110069
-0.38610325622656383 7.915776177098252
2.0378070979323244 -9.297554295897612
7.947163890541805 6.851759509611632
-1.6593710460401407 1.1814333247932947
8.045629228648266 -1.8317886897475297
2.3673637324344767 2.5883417324456577
-4.615659133349483 -5.0304665032652345
6.679857003738565 7.40728069010099
9.439446470092282 -4.564638738644609
-5.119309013600684 -7.528609240924795
-2.0793095822259833 8.549036952036165
-0.5243444282592709 2.9096807128634072
9.463281144160728 5.767778470040453
3.7808900571973396 5.120171426825404
1.0402315394016561 -3.0704424536989823
6.367506942106797 4.033994811753388
7.093857287588019 8.922225172728155
-9.489023699346223 -4.087220107289104
8.92572510947091 -7.190370077423223
5.1532141595792815 -5.0166460380354465
-7.76293506217997 -0.8377572281619639
-6.27194773718307 1.458745934946041
-8.92025097415399 -8.018284111621924
-7.764207254131286 -6.3574422124542185
-5.539333959857342 -7.72518887973103
2.453245675282192 -8.428564340509979
-9.776833729784101 -5.940026272570298
-5.28931632301304 -3.03157628476566
-9.932662837058295 -6.04783208090862
7.698902503640468 9.19273077647123
4.380875845712291 4.035019704867507
2.942934632891536 7.117778407697376
5.229932301059039 6.330080146649223
-3.993592643632839 -5.893004921196042
-8.047157661614877 9.053116571596114
4.0126610837904675 -2.9814332915344472
-5.3620693372155 -7.142118674205147
3.010889922378725 -7.827005190056093
-6.527312310405731 3.695211532284958
5.99175874127522 -1.3263242318997452
0.5647756477164592 8.464550297871341
-6.9613339832004995 6.777199073912076
-4.282967755798173 5.474887724052833
-5.573614481268924 -2.3979371887003786
8.943934612634493 -2.8508864676945933
0.366815898316986 -4.240561487955079
0.7022718017001228 -4.951213902213731
-2.4893838114096667 8.442065711271386
0.23350310562707932 7.534692617626359
-8.42083151127346 5.584882478352677
0.5603227798389643 -0.04589168477050265
-6.589462124086181 -1.2046569138203278
-6.1753083845344765 -3.2928635856999033
0.7334357486575449 -8.898198357159174
6.599149394335065 3.992023472743009
-3.447693191602397 -1.8388035958562998
-4.146055256253039 3.431587723081673
-3.986026646263163 -9.75513198014216
0.3582570903336162 0.0955120903436466
-4.207897889690237 9.382292713042403
9.643198636942078 -6.069769937598486
9.431857559376532 -6.071112051067771
-7.982903911689856 1.9917468130953146
7.355775785381539 -6.33489626521899
-9.966131210243523 6.38413362823362
1.4683907137562358 -2.5592827860179845
-2.2825714042469203 -3.5849857790210677
2.438078692242552 -9.665065896355152
-8.986100872125096 9.333807647832131
-1.2372165517188822 4.593278305566974
-2.8702805289178235 7.4088421703940135
1.610725158090263 -1.996720323743606
-8.715414021933396 -6.415091375345899
7.497550377023437 9.621883032082266
-8.0862810250301 -7.252146020473445
5.356193376773096 0.9807747528687898
6.174248094865021 -3.3113205323939283
0.4226521740313327 7.801651749386757
3.970728254694569 0.4316077742705122
0.17750245932150932 -9.553655913429747
-3.4695898958124243 -2.278430455525193
9.728609813126635 6.606989576291905
-2.807938422041918 -1.9367165315501307
-6.410479932902673 3.5770002350423376
-7.010658527655447 -7.162069832716334
9.994942617067629 -8.520689601045735
-2.947091726664004 0.24856607543274833
5.2964435018515275 -1.2182371616945424
3.289111499321134 -6.604227073037552
-5.3292609610502195 -3.732035612183746
0.2659141593985872 -2.372882277749177
-9.112445071076273 1.2911772903121044
-4.927035000245215 -5.7935332721235255
4.017171394044512 -9.955830307224065
2.088977409709777 9.68691840619153
-4.723506591819364 -7.553602999920576
-8.471960957595044 1.8773947661198527
-6.067006624499458 -3.1945908299282877
4.054042697582929 -1.3933630904016336
-3.5444773093448356 -1.7475073785799538
9.723880389729882 7.066047025484778
-1.2824621717924405 5.99056218776666
-1.6991033332171916 -7.284137719356392
-3.8258995388915302 -1.533863880805054
9.192536398004915 2.712943351033088
-2.2544972761113424 -3.1836863397743986
-5.575920060531709 -3.1771779329402783
-3.1979852916962788 5.519403830322055
-3.160996734293118 -8.974900917449267
3.458172311429916 -9.711335666503908
4.389283646594603 0.9482792071533996
2.3199187577102 2.0463300246710148
-6.936673781490914 -9.976471776901668
-1.6535089921564339 -4.532613995951844
8.64638227344755 -2.586935925702414
-1.4465733869804822 -1.5349318019981446
-3.229875944804945 -9.134834158185068
-5.871117279873341 0.49658715944844545
9.974735848960911 4.0788304718839274
-8.46939452009982 7.906849703358532
-7.860435059100155 9.696902672251067
1.4178641032168073 -9.120104748988018
-4.913178499985255 -4.676735282163014
-8.135487577578074 4.381934291007356
-0.1444946845720203 -2.807554667617252
-5.572739710953483 6.844939084118252
-7.332049578695665 2.4924982701109393
-9.912010135899578 -3.3175391220298263
-3.293028112670486 3.1457086222650723
9.04015966524224 2.2143982293147673
-3.0869065335735257 3.9610653299079335
5.446538729784098 9.110095854092151
-1.2156319590404223 7.262284692290624
-9.366351508281127 9.089727927171584
-9.13843165977055 -9.369965116126039
4.807366300632589 -9.138411527054306
-7.066408003248579 1.16021072697054
-8.013780269300774 -6.355469059824312
8.490271027395387 -5.258363242353261
-0.318286599436135 -1.4977154826915307
3.4724299450650697 -3.697929999861591
7.427343202439964 -1.6071539825061834
0.8268004957913888 9.601529466475423
-9.18342866464263 1.641948467094652
-6.439864389210152 -0.5808956137691208
6.1450613867764545 -8.1430438556629
1.2925193333007439 2.4042203237599953
-2.6926706071341666 -2.0239850107386026
6.962986674068329 -7.2255382585470596
-3.3787007701570904 7.7883171121929635
-4.816800682287077 2.32265277423185
4.290388667205335 4.9975559989406975
5.1858788775058215 0.6861858048584129
-5.458482835659786 -7.432975354503251
3.13568127538057 -7.8561651984659875
-3.8404258055094793 2.5488681000692957
-7.976323850733166 -9.647121097615157
-2.591160074723655 9.3175079823726
0.9063253999813625 -8.400879176320418
-3.1273582592269378 -5.1491055133375525
9.898306553646165 -4.82584713038269
-0.2623288182104524 5.6850371705051295
7.2567640013454096 1.925174289107872
-5.420612515676981 8.244975851721833
5.0613255974974045 -8.280071295557933
-5.916222287447635 1.6952125075893605
-8.14544850528491 -9.80510626789785
-8.866702836095776 7.56859637769805
-6.111884142492805 9.992607553327542
8.958574133568316 2.9180352729183774
-3.6184009510427506 -1.8644225614308354
-5.275200628706784 -2.454000392166254
-4.020871966285138 5.963736093646489
5.76591625431589 3.80266757645874
-4.947378012003581 -5.348381492164524
-8.349012051688764 -2.137685921152439
5.382985359247508 -4.973181176950547
-0.49193187805475347 -4.0646457229555955
6.848919962895788 5.271760339618993
9.491622503308218 9.429575533312395
-5.250437130504311 -7.018352309160494
-6.409635640796938 -3.205338639430064
4.630973887609304 -5.502546752615036
-2.731712443666961 -4.547777282788887
8.138068119041591 1.4920321260953635
-4.2983871230020565 8.249048539846612
-6.224684834784191 8.997174482547003
-4.172696414225198 -3.2854562528340843
-8.094885904220583 8.469585548483565
-4.3252400206939035 -0.12420113222111517
-1.2088447751315776 -6.669175944020324
-3.0570432066780517 -2.667814779761568
9.643392395141099 1.1174860183833815
9.960766332976316 2.6656225907097415
-5.908968520579753 3.5922182018091036
-6.393716370898501 0.30795000546968865
3.8410519791453073 5.216220117503692
-2.1399736144759878 -5.546841840182825
8.856730403463434 -8.2358944984822
-2.6318115011497216 1.8397117230828552
-8.988447852077318 -5.9138238874444475
3.103740521272469 -7.63020115741808
6.722449144906012 -7.34970923509924
7.907202073123724 3.498347595264079
3.259489415715544 -5.179584565973241
3.7938491600639423 -3.5904738322395735
-9.091958194842526 2.428652146908039
8.97984483170211 -2.5721943436417494
0.8250648990320819 -2.96511947462772
1.7884145883639935 5.480612943721626
2.826179628248383 -1.7002562951298312
-8.284660310237207 2.4594827701857263
-0.44783032741265316 -6.393684524862337
-8.9835563634454 -8.677724549887518
8.942285743391064 -0.22947424288613583
9.33978923462363 4.813212389609028
1.8415608033396875 5.876494748123701
-7.84718363143033 2.097352141889866
-8.981304669218842 5.438395281892756
6.500743814370939 4.548433135563581
-5.033101003519402 -4.3297732370334
6.4760177894800925 9.678328437474622
2.9072911509664863 -1.0091001518690383
-1.7946623021890762 -6.628608543758134
-7.463852661927066 6.565081162039487
-6.2541400865573475 -8.912923834859978
-2.9937925416645577 -9.551002713481598
5.8543159832084655 -3.6155290023237274
-4.245130590618526 -2.773281972818797
-3.2629227324976373 -1.7091770118696488
-8.116086360826674 2.1347155930212516
-2.507225696500246 8.297737613516944
-1.09417890841919 1.110576636399136
-5.105041275734658 1.3126162525425258
9.138480148150691 -2.3560992899025868
8.37349776567471 7.829233999642014
-4.720782779384578 -8.935161724982727
8.231303184661648 8.96913671278535
2.119944060334774 4.24380923350501
1.0557622003692462 2.8864662919926865
-2.7847132785292956 4.146696648600718
5.2223520779085355 5.089544273831519
-0.15739408058812465 -9.917301621331788
7.017561351819484 0.9010373444134938
-4.397282269600328 9.916254090351913
-2.9887721485301677 -3.2028812216381253
-0.40485255254584906 -2.913390776515281
-7.002580905389615 -2.5726702771833265
7.420431437066469 -6.4808997187099475
3.46636228245516 7.594285130088629
-2.8759071090514343 3.1090495573701578
8.62214389534375 5.49680437835292
6.422783129960919 -3.4828752501043887
-8.933188775845869 -2.990799493050025
8.365585503016586 -3.8356797485200467
0.8013080919149491 4.24827170655124
-8.077440627300367 8.014806797457034
6.513618552468547 5.43358558062539
3.365274791019207 -8.953042216576657
1.6522598633750363 -4.6746484865871025
6.3973891413160295 -7.293729156409887
0.8140657953569921 -3.604027312254539
9.347687130623594 4.42199336542695
-4.432250511653708 -7.46906021177703
-6.6915752189859194 9.884017141079504
6.284536646127208 -7.042598937021866
8.355790033042886 -5.230878300795466
2.7394526650077182 3.4277148051439745
1.6572491174148922 -0.3121796427134971
2.1188758607927856 -7.683442044253052
5.7990058817174965 1.4265202923878046
2.040948446524034 9.134055256168946
0.40900274368607725 0.0459040324365354
-9.483130410795813 -9.070205311848891
-6.99614453515135 0.8028244074500694
7.92321161500568 5.123277554581776
4.390228211955593 0.4885987904425555
-3.77117701166984 8.111102800990121
-7.0285507561134715 -6.457233835969678
2.3304323041934705 4.332945455102898
2.3201792481307866 4.4150689128887155
-3.866053939780536 -6.616881096401885
-1.1588800847574916 4.456737955992159
-4.598301132379139 6.076240878829108
2.296401003183666 -0.37444945815592945
-2.0310216962715355 1.009096971615417
-1.8410013013577462 0.8745082606979118
0.6435366192961194 4.864997411425737
0.9358262251256715 -1.4031834571375352
-7.344401301522739 -7.103801789085617
-2.986194492599605 4.348089435864932
-8.411950166176291 7.35451224076569
0.8401667791460969 -3.3109101962725767
-1.3257926776164712 -0.06933701932678815
1.7376398963472255 -5.1778164025712154
3.3544424158729864 8.448286553251705
2.932418193449033 4.349572622518291
-9.172926610854795 6.5632250365293
-4.636950074878969 2.284747217442595
-4.068678132420079 -9.725310100367304
6.923940498362747 5.731901071155415
-3.0803278132568064 -7.885572607180153
4.412079046054139 6.262677414432542
-9.166853237311765 9.904299013855926
-4.627811625166364 -1.6041607785369987
-2.1201663676889115 -0.20277808642836526
-5.687373308312709 2.5803941086546693
2.7910132741809672 -2.186321590583078
-2.3659461038846246 -0.8242602231236145
-9.62500413331705 0.6834768255910078
-7.596151585616915 -9.513997070361244
-5.126591338474828 2.009666413705622
-8.697422067519337 8.279105896689035
5.1177774389465025 0.6360908889994761
2.399453089094795 -8.68148413348167
9.782699770651433 -3.3830913037046084
-9.590370658760751 -7.462038729211892
7.952270181737145 1.2733087098484486
3.320896151155397 8.404163291416857
-8.988653067615921 -3.459727454800343
8.270668898476515 1.190176446288584
-0.47022184985667437 6.485437726539324
2.8837693810705094 0.793762051085217
-8.438289927035347 1.9155294248607273
1.9022503116010618 5.826940014305311
5.058601887622425 6.994955150041882
-7.364857461964965 1.3468245368639753
-8.410500063963802 9.497005935162285
-5.582331199557522 -4.527056809912189
8.18201017542858 0.5198729286455634
-2.465804573093542 2.876047901724588
3.704106257696168 -1.7062129016615444
-1.3105681954048354 4.947401325492734
-0.8862394400682163 -7.658671011473643
5.955773978752648 7.39083737277906
-4.423599336805497 4.989664018625373
4.855895364189614 0.7437387959082908
-0.4285603200245891 -6.943472406600897
-3.2064420821530497 -6.59023340268053
-1.0489203357837322 9.669325261834274
-5.137007606150283 -0.6170150797948573
-6.517909505977677 6.583070834728115
-9.868352576703964 6.498001580641315
-3.9361022225135267 3.763001499629244
-3.630759853717384 9.246981457300315
-5.458196982674108 -5.142028708135302
-3.891738401128338 2.36018123341303
2.21364509672291 -0.7086326263525677
-1.407724320877925 4.281577239903934
-1.6785466102003284 0.9253026332839198
5.6896829410362955 1.6018555401986827
-6.528699233636612 1.2789157943976939
-5.633464370484491 -0.1680771264992167
7.199518811264657 -5.342657519273364
-4.234124986991454 0.6791053697611744
-6.222125596332349 9.72821166281086
7.539246224709391 7.933362442476664
-1.1523967451379846 -2.4225157748593817
0.14217848884959494 8.500670453393873
1.716105534130108 7.056536996624764
5.546008948632528 4.31332536836363
-2.4674226932228542 -4.173146081256793
-8.058009692589547 4.757978811718747
3.998598410991569 -5.0357782329557255
6.19836762064385 4.568815088450986
-0.3175036877508397 7.4168207487546525
1.0974112669683294 1.1075540101258081
-2.5949759663441814 2.510454480924274
5.069855769772165 -2.207495920596796
7.360762391720613 8.18902774551345
7.413643633875356 8.488884054666485
0.8406717233142391 -6.610533522703557
6.818675700990806 5.054753002682533
9.061336133223044 8.82121406565631
4.638364571352994 -8.042156546951794
-3.161047132914283 -4.998392903872817
-9.889095892951934 -6.504816204584458
9.931232948766219 -2.9841606528929336
3.4982563193982017 5.3783350511573484
3.07167215611935 6.899667212538599
8.08611663440793 -9.33093884798258
5.017219365314116 -1.7771461046894839
-4.77865903039593 4.761266732085767
5.927233912955536 3.5113477032798563
-7.918467147300772 3.8301607757635896
-4.323136618363678 2.957009262290228
5.76666216055234 -4.863453712724586
-6.077918063317211 4.100897714743297
-8.205946910987652 -8.51368837693201
5.7013448579328685 0.4963399524150063
-8.745151221516561 1.8844628185645718
8.101688590199842 -3.919463320351313
-5.203177502925342 -7.023381215730453
-0.5910784164378171 -6.980651406644689
-5.894147114012201 -1.060198841903464
-0.28348251966478877 5.232212103138627
-3.3064410776561086 -2.3161925943773154
-7.655177357512519 2.8494957531656535
2.6871827913553297 8.415626934055467
-6.350205854228006 3.6002241057893176
-8.596365378775484 8.715554612894561
2.5781003031087764 2.3233282155462724
-8.269435273011311 9.156689909357961
-7.415722256924198 -0.024554368835602247
-7.139579807030141 -2.598742047008318
-9.43822508955119 7.025392671865603
-9.477914427973191 -4.257281611110355
4.381296514255219 -6.607115611459129
-2.77694987857857 1.5140215073392476
-7.138866060198983 7.130470513784811
3.834502749184857 -8.405698120446111
7.217359565978093 0.11484911406087583
-0.8006689413083983 -5.606232913467095
-4.384690368255417 8.897130301818056
-6.6781018048329965 -7.923693227051762
-1.850914245070694 4.534615250463396
-8.74417698549405 -3.163499802338392
7.87059504057024 -7.158379276130886
6.351878479623103 -8.645980087928999
-8.488713712284392 3.4496886820567045
-7.0567137294539855 0.796648132609727
5.315171848268228 3.09755813272519
3.1220192725211504 0.6065653531413311
5.333898024627343 -8.039064887086898
-5.3124761342595495 0.6074314315127882
6.291956965406136 -4.012523664570191
8.571161100790963 -6.164511789478102
-1.6903075843588269 7.903524390296965
1.400765382511068 -1.0092437071118265
2.4435401201843057 2.5619443394455175
-0.5764490661695341 -6.488459988484716
0.3767280583964787 8.254700364481788
-1.7179508693250725 -8.211018859065
-9.341905843076667 9.063875566377497
-4.092170656554135 -3.8422293262632508
6.934598991211118 0.22002805547338689
-0.8804248095536522 5.208471847681865
-6.501113850911273 -3.506430897994319
7.264704409036714 -1.6242412759772247
-9.27597099221504 -7.768998552508708
-9.646966727995856 5.050044451813211
-4.738481983111118 -7.432709266796733
-2.869032561328737 -3.058722501682727
6.522729505312245 7.7067710779195835
2.516382557561684 -2.7613410711396202
1.4880064716332484 2.2134147376041717
-7.018320408288634 7.515156121304731
-2.0391618297549385 7.584946895697428
-2.410716340107486 -0.8066672738884417
-3.0848667347650487 6.78762065773482
9.14156419930396 -5.693148006023671
3.0500964512948023 4.015825395383867
1.395376307048835 -2.493331708667097
-0.7696712366283425 -1.5726148476848856
-2.9293365550989447 9.96904545382263
-5.422513503645849 -4.385430503239984
-2.460943881204698 -5.531957919440336
-4.49195016692938 -2.0112141379626784
3.8858915592937535 5.582600194782785
6.536563937227477 -3.7954680327548935
2.4427795668997394 6.613477153129203
-5.5641854850059635 -1.8184151204177645
5.276713889293276 -2.5703185723827744
1.1838225466631513 1.0991363942842902
-1.130575999797669 -3.492750776122138
3.994590357995884 -1.8860513820879063
-7.1186718666902005 -0.968421871294483
2.9553600788806182 2.130853092883946
-3.9656270800980264 3.6540804301428658
-7.350425075060027 -9.599296946142559
9.016631802327886 0.15242106876503136
-2.068024042638637 -1.1686769253517415
2.2085881005678747 -0.46946689722068946
-9.242236949030636 -5.377059172576377
-1.324749096614699 -6.532438609130757
3.324085084878911 -1.9310809840429215
-7.769025146580177 4.492230026227006
7.720116828035341 -2.9717838068429696
-5.080401137481372 -8.204221699440783
-0.5079163993532525 1.4299387307091571
-0.7775346047350933 8.15342390449614
4.003184831620565 3.6119020521293184
-7.835506290476701 9.766672166160614
-7.315724923679692 4.323672057340978
-5.7816642222645775 9.994355895401156
0.9257859482040924 2.0507445377766054
6.475885995362262 9.74739570131516
-4.760605868084222 5.5016526985656515
-5.301269816964265 5.190995950782009
-1.2107333539300562 -3.5616213132704733
-7.0992599117533235 -8.805293955648848
4.213515116538986 1.1510574632959063
-4.625382695180629 -4.142913577637808
-5.876147190310541 -0.49337017944090356
7.8975909704220975 -0.801926577505645
1.9346345139224592 -1.4559262728356703
9.71554928606632 7.0562801261389865
1.3670060705767213 9.143909785020348
-7.7792539737693955 0.5815708074592436
9.838733413736023 -5.91410398679181
-3.9589725050282842 8.517631258646738
3.522832764199615 1.8109350107583317
3.023038536759488 3.739179616488993
-9.029762172028091 1.8318297781288777
-6.138525181469532 -3.39578694583051
-7.346491919649292 -1.5056627958733415
7.312257971911521 9.299854115695677
-0.08910704222164334 5.367716283598302
5.905284907764319 -8.91328117862095
8.318379362898355 1.3050684487284432
-9.117463552730547 9.925732177870415
-9.226207900599103 -3.3572043139584533
-2.975445941266295 -6.560628755152383
1.131795413666424 1.4354060125458439
-9.211493705924966 -3.5898315285636784
-8.558123629762612 2.3346396333938984
-1.6536155039825182 -5.480700278047808
-9.283397707886598 -6.580643071244681
-6.051954713575318 -5.868145209325519
-1.9922121289345824 5.431674745183031
-2.9675967815780897 3.740206631920328
0.25333286020241985 0.45575808438031373
9.169780410364517 8.322297267769528
-9.28351771208769 8.909475122232482
5.908445692565817 -8.944909207083306
-2.6932359674417388 -7.811860890136946
4.661959780345741 -3.5565816813367324
-4.444104575242854 8.311927796740317
5.953005889789386 -7.299525941833462
7.393246606161842 -0.37938523306041105
-3.0887827127476957 4.649950781806705
-0.13849476064080868 0.7440113716589742
-9.798402413651088 3.266294542735764
3.4556852133873974 -4.42475135484131
6.047736741881177 7.886746535018073
7.119784429787554 1.8500487446106195
5.632478418326716 9.748174165556179
3.752432920878066 -4.78021244568218
-2.843771950735774 1.7701372640619955
7.367719555749517 -0.08884055737707541
-3.9531451700332054 2.05712240689407
-8.617189937832686 2.352989365759754
7.72141061644556 -9.574180638820028
-2.6930882738043778 -6.2881560820056865
-2.14529470546678 -5.033358730736732
-3.3016430664346963 7.530544282612659
-6.028057885113219 -8.345442007938424
-4.571348332834693 -0.9055476746143594
9.784827587898835 8.346960051968665
7.920572513099579 -1.0203568025939003
6.786529382890059 -6.8873438384237335
7.56150369078097 -2.866122871462995
-6.093804887380232 -4.9649619676600265
-5.290655634750639 -8.892886427979306
0.8456759833568057 0.09531150421906176
5.163106207129154 -1.6845766761866816
7.575986475831538 -9.351632528965485
0.06871735426421566 -5.206502411227754
-3.0156751010308973 1.0298500758373486
-9.721924604520549 4.7064058048899255
1.5657717275134573 -6.30802005584054
-6.1717868339429955 6.981484161050474
-5.928235671302993 2.262389101247514
-7.689389912631352 5.169681305623913
-8.05171481233648 -9.062695172901588
-4.930316720870986 4.410952154491968
-4.680684698335796 -1.9878011624344776
-6.607993474498077 -0.18133444986267122
-3.5657464636356924 -1.4469262967915526
5.015597269961116 -5.836435817321204
-5.906261978920324 -0.6539034696506327
1.642634204222981 -0.36048345889226496
3.299846820681015 -4.697232977936747
1.026146857004246 -7.465958320227557
-1.386608975379085 -1.2551551111874755
6.026616059505049 -8.48753903889338
3.8552935622499067 -0.025090004354543893
2.493370728019439 0.8241973161447298
9.496720486060092 -1.269234690650471
-6.739121915430144 4.507194826868947
1.2361160255777683 -3.635870734941273
-3.383050855101599 -8.116027904813926
6.452375379275988 -4.869764129442286
7.720987842937092 -2.504633444914594
-1.9926880744179876 2.7660356878280723
-3.5342107514119814 8.39366502184276
-3.1624497419959514 -0.39703532160025823
7.636019572920986 -5.778750975010243
-7.306404944968749 9.000216595529345
-4.446726661654821 -2.990930908312679
0.4123195479781607 0.9282233933395574
4.795072589722793 -4.911078509963374
3.998125350297542 7.9514895625345225
3.4004096416374967 1.0855090576760222
-5.115527001525395 8.07616489593088
-2.5227465392049258 -5.508516666261272
-9.763713773347364 8.720493109154685
1.3280224506739575 1.9818191201622444
6.588726958069138 4.8100977732309325
1.4224261292145197 4.201376194579394
4.85979470581659 9.481640446225722
6.723720981609247 5.505938398781975
0.9366492078552895 5.972563870701702
5.480396729159862 -0.021828871109015324
-8.110690773448146 5.1837771110013655
-9.51473489825549 1.456619836437147
-8.36926576479058 -4.623112414062691
-3.5322274378424767 -0.9156777901934454
-1.9023642703268333 -3.7212915315156003
4.241894029296569 5.47081616089406
-3.159374567063189 9.058707165767451
-7.067212772623856 7.131911690033981
5.841749677979591 -4.609453232036653
-6.497404652686168 -1.9174856000417222
5.1035112969826955 -5.956913112104775
1.0371730239748356 -0.7911229980867205
-6.755219014960485 0.9562009439489056
1.1320928642280936 -9.437803547846196
6.037859639897537 -7.175709048807923
-4.525284894196339 7.374119234054714
-4.156119270452803 -3.987756573410726
-2.2893843172103923 7.224987111056798
6.698817194481496 7.947836280963013
4.856324480533299 -2.2678483840041297
-4.988189850916105 6.610971686618729
-3.753731178354471 -8.399908865005397
-6.2570020923306995 2.218268962655987
4.127671168290441 -2.549945055787088
8.390099817523083 -0.9270430112862016
-1.9180686608919153 -6.676022373494986
-7.265966769205514 7.5974840838754965
-9.951236136489728 -3.3133024594412515
5.499914927153473 -1.5153690348664206
3.1695660085042547 4.959430500690443
0.6433346829745545 7.515190063652788
1.1526663773326735 8.539681468970308
3.8653195029342324 -1.7957862370749762
6.761433033588101 -0.5573140621327273
8.3023571345271 -6.833767923136611
5.394015381489199 2.559810223684032
-6.5518364555831266 -2.2244316105338413
4.398867445515593 8.389997721091635
2.2540583804952963 -4.268121009973416
4.55595046194132 -8.595807717535124
-2.310293216617872 6.552425663025339
6.697208041836994 -9.418586839400193
0.9390853893108293 -4.92145682352233
6.497759860717146 -8.345526705053164
-9.405367952129108 3.31791537440764
-2.9194919552091463 -0.7989605877558414
-8.258296208984465 -9.583820639553597
3.753772148493743 -8.960993747756337
-8.39339875133536 -4.715145904272957
3.4760454762572213 0.03842075530743294
-0.011185731661340625 -4.845761899658019
-7.3167370784294095 6.676231194477747
2.5886100504868192 -4.384172858222142
0.7981791636160569 5.897445710952509
3.681549268813466 1.977126844587671
8.351126931406334 8.462045612614524
-8.027035308619425 5.51766621485096
-7.894383439744432 0.23806561307550567
-0.23450103926982102 -7.983479612913456
6.513253942557466 -9.812395869384416
-2.03803584983703 -7.764066329385675
4.108252848208831 -3.0173521880884806
4.770258335884712 6.752005138984831
-5.4247669639555625 4.321939132350172
5.935926599761023 9.085704119566046
-2.2245671561154907 -6.775536718016983
-9.566444356235353 0.9763003833592077
-5.492258884897787 6.550907119019772
-1.0818368263372946 -7.644616268999476
9.929327614394996 9.851091998998236
-9.559289123648618 4.068870124161062
-9.545317999852616 5.2014345313688
8.263297397736913 5.863872395790601
0.8656550333407829 -7.283288540115707
6.818231406220075 5.161011378337328
-3.4383764588520194 9.224195636602314
-2.5778114906745113 -8.085680292187778
1.030442382651266 1.2027608574605821
3.972339598750949 6.244476969946994
-9.446941067979846 -8.171598201045363
-0.8449971343056806 4.779232788276104
6.73040920336954 -5.666312726734885
2.4367485456033826 -6.265067586046589
-8.848383349404688 -8.942096249635442
-6.61314695967655 8.096050716652961
-2.547165011345043 -8.130451122480387
-9.09747901655189 1.2482719215606597
-9.417882153027355 -4.801470121513414
8.31172434618868 -6.537048798550584
-2.189276760582038 1.0801962029823642
5.344738929744867 -8.320852026280663
3.323642619051064 7.684962728933165
0.32045653112444583 -8.787089582066995
2.278071692020431 2.2174634547441574
-3.6991797237009845 4.039017064914258
3.9228454920863083 0.6624122997380173
7.465775075123606 -7.101512769212999
-0.4514619407318463 -2.2953243471944518
-3.8055135056924305 -6.0815929686387875
3.5603409955800274 -3.588800706460873
-7.43079933755852 -2.1462907358287637
-0.33972600807820896 5.860007001128052
-2.925898144025867 -5.7802445282445
-2.693271444946319 9.19557356866332
8.41732219986212 -9.222764233060923
1.0964985377814394 0.8028113582763208
-0.9510949318392647 0.7872145329835512
2.348429855855114 -1.6485248406893902
-0.36809995747730895 -0.14812689167675686
-0.27345842413875765 -5.366096722258744
-0.19135276977479876 -8.249619131627043
7.448098234591811 -7.394375678577793
4.8500728369378265 9.957847579474503
-6.518382583920861 -9.087797271387611
-2.653901448296545 -7.253975086935744
-6.213354918523897 4.541826995681902
1.3266200820493594 -0.9811292347417737
1.942428137939089 7.0136472911897165
2.2981128461618834 -3.2670273738290483
6.465846210865397 -3.105207956858589
-6.089099488565493 7.049951606361635
-4.497931193429623 -2.660198335074262
1.0300143071160655 -4.749773256835363
1.5045668152658145 -0.8708090590303978
-7.862089174569389 1.6158508167093295
3.077949233197989 5.161793600038962
-0.7504100860468341 7.127433831114583
5.344451360062585 -9.90797599438179
-2.5137637627168203 -1.8755635567111533
9.656863510742774 0.22738881919631737
9.91813324831325 6.0591988471915705
9.08390283110587 -4.131224841670189
-7.1390496645770485 7.8982535162433365
-8.371347562577698 -1.9748331098597447
4.348560339373888 9.407796749066385
6.269686034278635 6.887183747607818
6.368153704928943 -6.871543602506236
3.2750074100258697 1.033014850490563
5.891118088552306 1.8437864573634926
-1.7589497225930035 9.654532127113143
7.4909967360977205 -5.10723892888641
1.1999400703278305 -0.3906668322533733
3.170830446092946 -6.459207455066142
-1.3622725578258699 -3.176988308175863
9.670644548654547 1.4790590873081157
7.4251038742463145 2.119625946773338
6.246442982658756 -9.908994746409356
-5.690161242725333 -4.4825219803934635
7.797866309143334 5.699445395806528
3.8058186124369993 -4.941536814996404
-9.346731655223994 2.524825888525381
0.1495311605381655 9.197145288460803
-7.913635218262871 -2.2904318035260696
-1.6455438690396633 6.440661662195129
2.5403684643357742 5.797158123625421
-6.253915615419354 8.48534931440684
6.736255192530052 -2.6400613142165845
-0.48191110040776763 -6.449914218719222
2.6348455282825114 -7.853077812743288
-8.695176093072867 -9.233106764889556
-1.8007358911250666 9.313271623488351
2.8648713753097876 -4.875778125855968
-1.8516183304190275 -9.081170450033502
2.33722650905551 0.9118763943464039
0.739051434928852 -7.395174681565768
-3.0222663649095605 -7.655650482068275
5.082019741705047 -9.01519652927005
-9.596570789133965 -1.7621133009868313
-7.178841463715681 6.1228736390916225
4.030517204757089 9.680268140764053
-3.456091121807388 4.988340890528551
-8.415138435009188 4.077367028072201
-5.252063739662467 6.901208965934188
8.024414297621764 2.3876392468640244
-2.985450309471318 6.331162518628535
6.362537061906622 1.6189235284119654
9.902347127847854 -8.081339994702654
-1.9151123060514372 -1.3572595976182846
-8.698833525531828 -9.485157670819572
-6.931183926967542 -0.5767230815969917
6.205230501878539 -3.829603273675632
1.836397382558399 -8.54583501597099
-6.505067185369436 0.028900073992133457
8.430818214735883 0.9844845627762666
-4.240516129429961 -0.08980133574359428
5.339237620281686 -4.471145057728614
3.48106147874198 2.2402703801806467
4.142460617367751 9.621962714044102
6.677730286702186 -1.477340610238432
-3.2386019493553597 -2.356602605339255
8.485384950683862 7.74260715302578
0.8551033811152742 -6.790234647650735
6.272381900269242 7.955886826628987
-2.551434533598851 5.169974374731691
6.301584194436511 6.467552523889154
-0.8629268139762658 -0.18350789008344393
2.722910297849964 2.7594786733742716
3.2131742625385673 0.5914885415283759
-0.45303633533561793 -9.763714444257172
-8.085985341899 -7.12155282827275
9.858614785050069 8.119536406642393
2.729632608647263 -2.467344307593149
-4.386696034745889 3.568673204958202
-0.32937362162690675 -0.4082696120089473
-9.372660706269345 -6.926177305491057
6.330550722810884 -9.407320340795152
0.0166812647415977 -9.761551037115218
-7.447230614819715 5.962801663080146
2.4489535360817705 -7.499648295767352
-3.7722324113819 9.56747567920965
-1.0932324824454103 -7.891320867673624
2.0827257390862712 1.0716928037702225
2.2237737999578737 -2.976019486638717
6.980676694342218 5.955438505513314
-7.602769500044031 -4.645055878490963
-4.544213439146983 -6.7946895556094455
3.3559497505200504 3.3383924055920673
-9.14550811354335 0.9457712237930842
5.164971960309998 7.199695582110522
-2.79036610180619 -3.4779533467261903
-5.99007156860784 5.636202371749
9.885063125107582 8.557987043319102
-3.0690919472959326 -1.8286689554224758
9.317669866297027 5.492434762914154
7.720706879242925 -9.937731627715793
9.106377762984216 2.394258827457289
1.6681211910162688 9.740008872832743
-4.85566693822117 -9.856772786321892
1.548903495738692 -1.375249984840563
6.010710133371525 -6.0024111250490675
3.2318307264740795 -8.106853750559893
3.140226375459365 1.4904998388105994
-5.807096093107715 -1.516406486305863
-3.665291210120307 -6.404658339080569
-8.170972029631331 3.7370274866846014
-8.206728487450896 -6.491183092678892
7.803942391614115 -2.1748176054845203
0.3912554702033546 -7.017400228570468
2.683395618214748 7.305782234896647
-7.662610699030752 -7.312410104218296
9.80577622357832 -2.090619174918653
8.891299891011574 -4.862221751451847
7.806040305043982 2.844499177553942
9.908601871496568 -3.8884292679278314
4.989152736427636 -9.580856067275779
6.989509845760761 0.6968847703968688
2.0555544219061908 -1.4835720082151482
4.57636704958434 5.9435406970248295
2.2177294155060068 6.788115678623043
-5.948912390513728 -0.48752454392438693
6.957232964102683 -5.513020064496916
5.015794559951672 -3.153775407992936
-6.260458418961772 1.360512367309381
3.32264583215645 -5.963437124396149
-5.20500478812181 2.0954942744090523
-1.804077968379552 -3.827995136329843
2.694652502389097 -1.0480952401427608
6.673846480278026 -2.2405550153406466
2.295978660037248 -4.65430210403005
-1.776379242392938 -8.683287271435594
-8.746701088858636 1.2448565998165364
-1.8038759373077227 -3.166743224310471
9.892540639442924 -5.418544274043706
8.048250327876477 2.4741248906129236
0.35869743215025096 0.17920344849889247
-3.8185550450369465 -0.3742645771548432
-1.4090687567811333 4.660523074761807
-3.8294120746795057 8.47379778254642
-6.392081118013914 -7.966856415139542
1.6995164522132917 -5.228830619530065
8.76186540023334 -4.5108708979023415
-4.381893000421606 2.2883155396659998
-1.6528786346016329 -1.0954385274848377
5.831806772909076 2.833163261640186
-7.960946866519942 -1.6287069289483203
1.7998682958218417 -5.408634279518725
-4.99629124213004 -9.011870247545408
6.448611188805021 -7.7799776608608395
6.367511618465706 -1.859862044390848
-2.3419831064372154 0.8529387765732448
-5.607043250765624 -0.9934270218315362
2.2963498116271452 8.749080099960654
-9.28374341723419 -3.266206895218131
-2.0151527416405024 -7.98627210753893
-6.5974927319563985 7.5796393743719435
1.764709678601868 1.3888792229457163
-5.37628970006031 -6.456117683924378
-3.909546562532464 5.300910982524785
4.023532862559971 8.568302363724893
-8.896463774604866 -9.417200987451658
4.120433565258461 3.1893827606714016
-0.328982119016068 -2.8181613089502378
6.43748473297066 3.240070349962627
-0.7431339194887947 -5.405303818384011
9.457912641218524 9.434092922736365
-5.5793649293227565 -6.470746810218547
-1.6315004417330279 -2.3569165033171924
-2.697273218701559 -4.79990058315809
2.2829247728370774 6.081780944032932
9.657167390018987 0.05202837274780059
0.04955952984595946 3.073435619714324
-3.476576428494875 -2.3694092711996557
-6.816185617743806 2.9706579078838757
9.998674049036545 9.203687458377814
0.8168485432072874 -2.7149810528307983
-2.552409546268068 4.77238796130737
-7.2330925160268045 4.2596637953218774
2.121622112183971 -7.934860909687986
-8.005277429760875 -0.5059666219402601
9.245441004745143 6.442163562557823
2.240358246026128 0.2008589556059004
2.621907711447246 9.384198503287859
7.1476376173940785 7.881309444401381
-3.97444430585423 -4.123181330835655
-3.523680423301066 -2.0519444227279493
3.5198471568752954 8.097787647117919
-8.215827143139887 -7.449166832674054
3.983225184825965 -5.5819132858213205
-4.841641479219019 5.172104656310964
-8.80432840463287 9.10831833978348
-6.063486678220025 2.73997294123002
6.845555045859644 -4.423361625567177
9.372185026004438 2.34359562641524
-2.120009371442988 -1.6684271752232434
-7.920490068777164 -4.894420512000712
-9.566420298002441 7.61228283471279
-8.086147665541821 2.1181165219036835
-2.3109869758550765 9.727808182782475
-9.412317385765812 -0.7307862216597076
-1.1056925405522335 5.2765441759488425
1.6488267597706248 7.8036764369839915
-0.1036676036744808 -1.559111757590772
-9.039013775665396 8.095113453558966
-5.7918144096174355 -8.07810591399294
6.589843043255403 8.784082684907982
-5.533617724981821 4.216884617853978
5.60070112610803 -2.7315571501983733
-2.750890950754192 1.9404072843694582
-1.9451077501279652 3.2208777775257484
-0.5149048696797536 5.133242704092993
7.911543758663065 -1.2626673531265347
7.650337932899841 9.049119820394289
-4.859118490143606 9.730135313645665
2.113431818085285 6.639464785662902
-5.515505259987088 -0.8951734163809348
0.9569419271076143 8.2058535653008
-3.7871202142232407 -6.212510938862438
6.119377751152065 -3.2153396752982077
2.750892635237033 2.599211934607659
1.5251508471588657 2.581783707155914
-1.2171920818826383 7.800725132885397
7.873538535049374 1.409092184590726
4.649120105602043 -5.084009528150224
2.970072136418583 -3.564711827809157
4.512119423510976 -9.811989715221577
0.5208179898441649 -1.6909835331352987
-5.6211864272818275 5.2877423880389784
-4.952065093808025 -4.686799687218146
-2.7299160522929844 -9.136852177819959
-7.546980191281689 -5.348213914396038
-0.951485267570364 -8.60384850068712
-6.3689858943701445 1.538030834472936
0.4722721353416617 1.8102612484726741
-6.266838554292993 -5.403789595992372
-9.352108038887948 -0.24186055583728816
-8.986501316416273 -9.884794902735285
-3.4071643833622485 -9.869492408028577
3.4601278534505813 -4.563684696375949
-2.817178408848971 -7.70171013424388
-4.932959939679109 9.409614926222797
0.46860860957626826 -3.119414619455629
-8.785157702984305 5.000017166186137
-7.61020059945273 8.466479256355278
-1.9726777424664377 -9.749963149596319
-0.01704076834022672 7.5023467037467455
-4.751083268388689 1.6330216320520936
-1.270260930223003 5.863094241045516
4.1430239946950635 -1.9949383039540969
2.184193014581856 -8.197341282441792
-6.752590486660608 -3.934918364769664
-3.6646302346999633 -6.7750439099021005
7.635619892764648 -2.8581445778189813
-8.501654674717313 6.904182000433405
6.613408236051498 -1.7738949100748016
-4.889679476422188 -7.478539592228626
5.768150643493444 -0.8455744072927001
9.46369976928436 -0.40004909707052505
6.852199884680136 -4.821752724668902
6.607757772612825 1.361745924685259
-0.1436138655510497 8.509570919986857
7.228299906969504 3.039565370766832
4.875484405710793 4.303999841684217
1.4532671911902995 3.4139156726266613
-2.5224371060973283 2.2902221174328083
-4.27693092775143 -7.445530878536584
-9.5873555484876 2.571849553846439
-2.6272327515284406 1.3527996973702532
5.687923815871718 -2.464487791404193
-5.111531493657477 3.0552752497968054
2.3493940993682685 6.011427426826167
4.486067764586135 2.5364147781308954
2.597624059323916 -1.8502603468063032
7.751869927081557 0.8175918491486165
-0.4599136465795439 -3.0258312360481003
8.14068228185548 6.423683853310177
3.3910698425001016 4.006117303711109
6.656660816220125 -7.16503029907263
2.9667597399671486 8.558275631120686
-9.73405848715336 -5.203173244469193
-4.595314106971056 4.131404418604907
0.8493349952222644 -2.5055125645285887
2.8523326465308934 -0.016262048735233847
-4.758092385619359 9.787501461560751
-0.13891789396855359 -7.265529235790105
9.510909090460082 6.243874894267666
7.653906198618344 2.036799031077713
2.658670131796395 -9.754677382316377
-6.271844020603499 7.319245096792976
0.933388779676946 -3.1156847319041674
-0.16560857281973718 1.9355338087681933
-4.817859779044323 0.9034002533339969
-6.310329608683098 -8.641697877480032
0.11714030765532968 -2.9686912064565156
8.761563033043394 7.824419347191856
-0.5410290317434097 1.878392799872259
1.0793886298922786 9.6730994096623
3.1576200867580244 0.9364280694469489
8.905000581080131 3.6613425189312014
1.2393468186486665 5.94878518275628
8.792518902455036 5.144911117866863
-8.306303567120263 7.481810939588559
-0.015011908958310727 -5.644643091431966
7.593510333706778 5.6379908937345
8.714360850953295 -5.681029282578023
-0.47729395741779435 -5.637291325035552
0.09371007099243478 7.44429193809583
3.8032735624211327 7.618476916761811
-4.087452353864225 4.052368384616898
1.1950108696078061 -4.124330237542859
-4.871551451644058 -5.286674418791826
-6.678225389536951 -6.0266888955996345
-6.620063417819971 -2.828975580709841
6.643317660665236 -8.23156524529545
7.058797243079912 7.842057450543834
6.008811003919348 -1.4151836616597429
-6.829311969906742 -0.4143117516237851
-1.4469224242830165 2.624493085611048
-7.469858747148075 7.7503549699335785
6.6101044345891005 -3.8221681758314574
8.583985681565693 -8.701321993721017
-3.093403897524432 9.054434559329682
-5.1420518861875735 6.8127966738011345
3.823855447634582 -1.255220223202226
8.686889760359367 -6.802707191268698
-7.354663359958908 2.326627998455793
3.642742461612297 -4.33370392335555
8.827852281563377 -3.1741735056403737
-2.6555949341395664 0.6553618302218478
-9.82919914897986 1.2036568635934248
-5.24383699633513 2.4859343509534924
-5.5658962970330546 0.01719546420979512
2.3461133222480512 -6.317427352735976
-1.4409219553168313 -7.281231833978701
4.003441135612423 0.1008607607780867
-0.4589885205267983 -2.6845490123476434
9.48751164692154 2.097984849428844
8.775421462890026 2.093601306679023
0.7696450032967999 -8.97082231250662
8.647744223485777 5.86185943568054
3.471291129407657 9.687318990691075
-8.355791939529942 -2.5947134052892213
-9.959183751297678 -6.4495652132197705
2.2532188578701415 -2.7738211811668894
5.822398449833511 3.949950283620055
-8.95246554104683 1.032414959358583
-1.9500975841615613 1.1297506471034442
-5.723267314749281 5.7077915406120106
-2.6581169394341897 9.8387165299171
3.9707996118088253 5.109414336664997
-9.676543197435665 9.912447229022575
-6.738667609076707 -4.270844295888992
7.552658182234307 -8.512915751568622
4.479603439525576 -7.025543081331103
3.054968900423214 -4.614804909005887
9.300390699471908 -3.33800218752663
-0.6809154210469366 0.22891487471625105
6.01113881901335 -2.9279102531656225
-9.896277076330303 8.91084832963831
9.598143897334282 0.704779080797401
3.912319465416722 5.651414672340493
6.665622360379494 -0.4563118281813132
-9.015615378833377 -3.83237099205743
-2.46530557837771 6.015038512079045
-4.3327313933527805 0.20875367888990226
7.256250295765561 7.341820665491451
5.7635321219981765 1.8657028669979923
7.465709034559712 2.8140838315888956
8.76703616519363 -5.086970091101648
-2.7195997392344413 1.059279147393271
-3.569284059105227 7.229551982846235
2.1834229612858707 9.435849219366133
1.37363170822249 -6.128233158234789
3.663577122747622 7.218641453825462
-1.3602643807684789 -5.795495714002579
-6.9533511278827875 -5.220632163980863
-9.061103558831796 3.8076030969236747
-5.140700849738604 -0.12375929163863475
-1.8722190259271176 -0.0699250285528592
5.819506895303723 0.5634952595985574
7.234718864710189 -6.735985247188108
-8.743618145288384 -8.528472203626238
9.692441492164491 7.1704321293354845
6.089587087912239 -7.238061722253746
-7.387694167223473 -0.7036696882510736
-9.889210703902965 8.707767366979922
3.6265344231387058 6.688372277260189
-7.072469959601699 0.6540548224058149
1.6068455140768627 -6.321655556130279
1.294302734156787 -8.067091162168897
-2.3041859679171894 2.3639518367446364
-6.934542209429003 -0.19065599588161497
-4.920720628769812 0.5171671038596486
-7.672038624293891 9.831328373757756
8.407962046509606 8.871293485535592
-6.039909745989358 7.019506473265032
4.335827279860059 7.506657496838699
-4.873623948835943 -7.823414831109767
-0.26166245045629566 -7.004010120960819
8.170375495988779 -5.368547362915557
1.3498571029613373 -4.907334789698117
1.645070936410825 7.94021527719325
1400
-5.368105401170331 8.273071284027246
-1.236808741430897 3.563604232053237
8.790497771978451 4.030906767032263
-8.120236863994425 -2.0316163031543883
9.861344930794445 1.5763973825105104
-5.601760421731365 8.58836535285566
-9.508813043972387 1.4568458089566363
9.566889419012305 2.6972984090770744
-8.089560311959097 2.0523480035505433
-2.7898559151211995 -6.678393716173739
-2.802271446430302 -1.287496179847098
1.8627632704184443 9.902399559321573
1.4831577119021677 6.124283365780666
9.498643459504791 -9.1485910977567
6.602426486016402 -0.9573095012484423
-1.939474724131646 -4.521907072481284
4.013032188488211 1.5726699711297858
4.762329835026414 -2.722795997080924
-3.396805673045476 -4.895689498969087
5.589756562340064 5.438716639383536
-8.211811923020578 -1.3318436098854125
-1.9662856371243382 -8.245416523894383
6.900409520802256 -7.999674854900545
-2.8519136904756914 9.990045038719419
-0.16247536561107623 8.645867699424532
4.745907165373444 -2.4791748894914933
4.878537766715736 7.1315900015269555
9.161682018398018 0.3400814269334944
-7.590476113219664 5.709178097461683
8.311434591191201 7.79130322329809
-6.524527228112702 1.9246412819646093
-7.387419790555474 -7.887697026130464
-4.334641655339857 -5.7586955652117755
-9.987725443149928 -6.72287473315369
-9.433589715548527 -7.9494006792339515
3.7867595296356207 3.3020619408671656
-6.286396197558847 -5.421258573955281
6.445633554431236 -1.7738828891217722
1.4780240441570776 -1.1745535455006877
0.882116308759656 0.5677908609111189
-1.3648575668442842 -0.169195610813631
-2.2895693271738615 -6.674654120757197
-3.9562806923528138 3.6313436162624697
9.908139185104911 -1.0148882016313152
-7.575050787251025 -0.3216774906282929
-6.191079955325856 -9.48592351488072
7.597267184803439 -8.755923592976224
2.61001994846346 7.01959788104903
-4.423846797197804 4.970254240432006
-6.211795850931942 8.248460139629241
-4.4524701004629925 -0.6376664821630449
6.265749803835124 4.545353456923053
7.959798811055297 -0.386653160849427
2.5127709812899504 2.1287968611145978
8.723232347452374 1.9398465524268165
0.7141422385953682 -6.164010046251997
5.880164176139317 4.354439279418056
9.182717620123771 4.083851571018279
-2.3038773427811847 3.7428426830423653
1.0633510192079108 -1.9576011103578708
6.087402829918595 -0.09887538058012346
6.95485117263161 -1.5334890045529814
-4.228806789972737 0.9817080648540255
3.2420978228241957 -8.007097575564961
-3.5609870010840883 5.939721524340786
9.143946752952022 -4.916522773657035
-7.330029173832806 -1.1925184510111073
-0.9505638614201146 9.433127033596389
9.549719870976894 -7.035239671869102
-4.7626779676436914 -3.7585665113835827
2.931729401504512 2.073778844068272
0.7575584653205532 -4.211224239916178
-0.5419396474567328 7.289095819410495
9.907511891810298 8.588545786501768
-1.7548380145745845 0.8000744924231551
-6.833792294689687 -1.3127159597695854
-1.5506708734072419 -9.772868396497906
-5.350116225190018 2.044164764935168
8.13352432253527 -7.928638602961846
6.701747196385554 -1.2189166188010816
9.738214123884926 6.56624161101637
7.5498443145285385 -1.1238853840077674
-0.8563140848646071 -1.0573933503774242
8.956350885672261 -7.6200608286598985
2.248931425881471 2.9160730742345446
7.508613393951855 -5.680030861147724
2.3415775542844983 -2.0384581072844004
3.3475295249123977 -7.179693943208729
-5.6962185413542095 9.666326428241632
3.8210592400076315 7.192597697603574
9.499054361873888 -5.0294675546183925
-5.8428175428899864 -4.835349485428786
-1.61612827652203 4.218614316446754
-5.402299386781388 5.837051727887456
8.594754233112678 -1.1006659361300475
-7.2356936938438015 -5.691412666069338
-7.4386318011488095 -0.8665172849814304
0.029123473512861153 2.8935818831391114
-8.918678150570834 -4.62255038368852
0.351966952819442 -1.0380331609195217
0.01682110863706754 1.3709175556373623
7.306509707729305 3.8386202977425192
2.1792105212291784 0.4604913715382146
-2.316018291786124 -2.0239853096256493
-4.348703117238191 -6.598489219755066
-5.698823694003227 1.2354363405885316
4.284218111222726 0.22966650413052747
8.978767514078715 -3.443057123645432
0.6621739649749596 -5.038987775636496
6.363391085791346 -8.909168459676753
8.330830319180006 -1.2107188933430368
-6.475597183647055 -6.414609151887401
8.333910255851297 8.017778449823908
-5.5831629214967915 2.046265749680787
-8.408464537191506 7.4083638497533215
-4.678588051844472 6.620989528493517
-6.624104286765888 1.6561509150789107
-9.942909123439055 4.578864138994794
1.318689160808848 -3.3548737401371165
5.400793203966714 -2.6167475944566565
7.397994314271415 -0.9386356665116953
-6.9281376770313186 -4.9626050460982984
-1.0825131865308624 7.285657255414776
3.729232838108487 0.4755991093330696
-4.494277338397792 5.94406582239446
3.930078763092437 8.124127169427553
1.417156229695152 1.7817581351614908
9.409385979787245 -2.098518344066836
5.967333871669245 -7.2464239711871254
-0.6911390093641661 -1.578017556613272
1.9949338669206647 6.529618251945752
-4.663565916292649 8.136410491960635
5.762914467799739 5.556271759203941
5.178566039990427 -3.12728102729694
-1.6257252645021314 6.101685622834005
-8.243962553811812 5.286329525186879
4.120448143510435 -9.943760520027173
7.08619279537254 -1.7436122807280956
-9.611819941764416 6.378506801891689
-9.812647446104299 -9.318301514378165
6.380906611968051 -2.0912903072451154
5.6243229773876 5.774681997860789
0.5408255680904759 -8.818213816252927
2.926381613221835 -7.063650502584116
-0.578337182594737 9.64882984235706
9.59952022894355 2.9446489391696353
1.9138266827694181 -4.520575986493176
1.1477529039915453 -3.2736195096089133
7.148030910673285 -8.617724074010034
5.093816655447867 0.3775440926317426
9.98152856377104 -0.16752656202480054
-4.333549217253685 9.142794193568314
5.087204033737924 9.788874701482388
-3.725476928122367 3.728375123426318
-6.8278942424717375 -3.531459620499362
6.395317486962718 -2.037457732200034
2.5007437501570013 -0.3120667081138091
-3.3079089697380155 4.290271047698591
0.10893018389469056 -2.992540354904474
-6.333847498715333 -6.59614311356809
8.467543047950436 1.866881449455315
2.574119881574175 0.9622369751653022
5.112189118033841 1.9362411240832529
-3.0015426221949397 -8.667106888375788
6.102240518941105 6.707720232975134
-2.3628708937683935 -1.8939690901447364
-2.4274434080117535 9.435164402685938
6.244475142128117 -5.990392944543159
-2.4592553466496465 8.266393105058661
4.3641417549091805 3.738965622521624
-0.8293739460611445 -7.23163220701027
-2.336772286198867 2.633890482937458
4.106082095653969 2.145056501986872
4.500905473875703 6.096770171759026
1.3600164169512023 -7.210381433520481
8.98145152976868 2.9134300796342067
7.152128038742344 2.0081753024843962
-9.148722614483589 0.15761782967009452
2.7073052861831 -8.195442583666717
-0.8259943905518519 3.9258631575396663
-7.606251715736008 4.657203776519715
-5.969211861120682 5.9903382675556145
0.37341653544694253 9.364103895952226
4.371832672066079 0.14618205983991928
9.389537670329076 -7.583775636317687
5.481903870116396 -5.409847976989979
4.742953797918563 -5.787911515498944
-0.4036897428061774 -3.717516741248989
7.023244467586601 1.6382355862496176
-4.648599079194964 -7.01544914723195
5.545055788878464 -1.7967476776835731
-2.4048418427559115 -3.855778664087117
-1.2491261050947795 -6.437132385733701
4.002255819098776 8.080455869038378
-6.365510832819523 -0.3989419539567862
-8.294075408176642 3.36966000045021
-9.00988116600892 7.208640359749154
5.373412938508292 4.878934134086997
9.631528812761069 -1.5996114892761746
9.027472591766688 4.610176677787246
-6.177066325945808 6.456008445000268
0.9776000456788658 7.891182123574513
8.049688365829258 1.2270197338670226
4.356227703773159 3.1747343529954968
-4.8552836969435536 4.199895840107946
-4.9809165067822425 7.842521630703921
-1.3800678223323928 3.3829956333055495
0.7093915962336528 -2.0698492753977753
0.9097905357338387 -6.031564858593943
9.249933634321309 2.237133489016541
3.5988869538533805 -6.045019750606901
-1.5844470450125119 5.725188355351181
-6.740276410927645 -9.661041889440396
-8.574468063320559 -1.2459000999904006
4.73783723939434 1.7500864073825966
-0.12253299169448617 4.961660580530991
-3.359266064976576 -7.496732875227659
6.4967260780561595 -7.303347938609191
6.858780011241887 -3.131736135050531
5.18976498828823 2.337007086140373
6.921683739344079 9.77540031264176
3.321788497002524 9.834222421478522
5.625157591442658 3.154736829540081
-8.017878703389854 5.348040664562072
5.772745370813915 9.764639970452137
5.768008383758076 4.654759365824807
-5.175525295280994 -0.3055025084183569
1.6890276963963764 -9.580068423759245
5.426709874306281 3.185784418971341
-2.624748057137067 3.204820799271298
-1.0689884397776268 -0.20076130235477763
2.015974143044904 -8.915141773219023
5.352421262329708 -3.4418018851875303
9.819639762536205 -8.64315629399776
-6.477677339110908 9.859719617564487
-3.7765557735589788 7.761702028476357
-8.094459109001876 -7.7228371013472525
8.28524372595649 6.343630240976111
-5.671251942265824 -1.2839292919259009
5.190781106859845 -3.5287498520950944
-8.337047534940805 4.495777285269295
8.80111597128425 5.299604224894095
3.267988894162512 -2.266062127231292
1.93091426208772 -4.5204550230697365
-9.186014725014322 -3.1391541534010425
-6.143936379742585 -9.160946118179286
-3.4589902671017665 -5.388464435859248
-7.934789915514715 -8.909777195127102
4.203219654255042 4.096066279078585
7.982907557088783 -6.839008723025648
-5.63086720049262 5.226281439594413
-2.9958648092919145 3.775938528255999
1.4600525331039016 0.26605242977455035
-0.8063043185570695 3.1333497179992484
1.219999910165546 4.205451371447207
-8.004345495924639 6.699077609742929
6.873057834146177 -7.709437786878253
7.548127857001074 3.5055317148932588
-0.10831401489388881 6.287474948428425
-9.406099677939665 6.731299959151251
-8.245944471807443 4.564386103714625
-1.19322350626868 -3.3986906537177397
0.3610129006979257 6.517211595007218
-1.4869012432257982 -9.683174153504012
5.81840159415645 -8.261597887052313
8.819690394020856 8.327924778714056
-9.097279908968584 -9.895313727937305
-2.758353446417612 5.2555401879468455
5.979353530748142 -6.38935292494446
-7.962417811990932 -7.681354400888603
-9.147237125216135 -2.522799327381895
-6.469851853242221 1.7517188460062538
8.4737100396266 -3.7492119507275934
-3.141452197120957 -8.302159295749437
4.8897550144897295 2.8102835719721817
-9.725991740634427 -6.229698723380464
2.632075300893323 5.117423846842302
5.0370647487257525 -0.6468763683659073
-7.158067876324614 4.605223885224614
-9.781550564590518 6.109081809672471
2.3256203481166953 -1.5036365051212996
4.083513603272195 -3.357984305932007
-7.621926163063808 -9.481683591713692
4.08344190506757 -1.7280586693639073
-3.0836653626204953 8.132924771007705
7.890898027332089 4.519648878288425
-6.895233003543371 -5.338668723625675
5.807392429335614 -8.027201020842483
-9.872984946243971 -9.52314714123376
-2.8321622268486912 9.560818806379043
-7.948843640853522 -1.4217096458681056
3.9869985835376696 9.912980696025457
-1.6959517939448716 3.5995020337635104
-7.558451649473888 -6.710331270874481
-6.335598030906986 8.167549857570052
0.20845272005738025 -0.2732117858992069
8.409894563742931 -6.118282415456346
-7.181410284142298 0.6029216572356937
1.9203502084774016 8.58994675472437
-8.28523784505017 0.04625189146952735
4.1050285690772625 4.78870776572867
8.905338638140542 -4.795528924655555
5.445655286981703 -5.6878133752197035
-6.120668465555892 -4.597504787684148
7.833892921465875 -8.162892153449981
-2.159184232746327 -5.311924182084966
5.805383917859629 -0.9692646688944144
8.601491959134066 -0.26761582611008095
5.4032159801139095 3.8413786275832944
-5.383741238957498 -2.6224619273890237
4.226272426298285 -9.831758423695671
-0.6370062160185963 6.729501240180895
3.0416153413123848 8.575175331438128
1.1115882930224856 -1.4057088251508887
-9.395071020368079 -4.7004116008188905
-4.1695915231141 1.6066924717347835
-0.6789722942181804 9.437989511923533
5.845254123516073 6.356251330653908
-6.582213220353113 -5.32298480480393
4.798928302750863 6.171858895348176
3.9140123467809644 -8.514741144699634
4.475987230156015 2.3184405054887076
4.405349969085888 -1.2001064802509038
6.389761245908009 5.8002672063907585
2.1016012634131993 9.621562886184634
-1.45125184358999 -2.360372710083702
6.31006408346445 -5.874450255806218
-0.34391531224330407 3.2706557733015202
-8.950166517950022 -7.708537886925361
-0.5648623599025271 -3.251308685707299
8.210115368675257 4.529268122792164
4.989586769039425 9.18052304714045
-1.4617068045978208 -6.055899389671655
-2.6073215428135033 -3.8303991540578846
-2.9953540515241706 -7.968654528153762
-6.641940200771119 -5.690837408251561
-9.618937263812239 4.620809425815555
-4.980051678026747 -2.3725168392400313
-8.706640391213671 -7.121858824190339
4.250470938763982 5.534092199047629
-5.09053966318308 5.708137596919386
-0.3565550054247453 3.5797589463951276
-9.207869482595756 -3.0297560821390013
-8.217509871323141 -9.59299216845321
-9.141056624435839 -1.5721720066794482
5.439667011030181 7.591553191601825
-0.8008148494428458 -0.4157125603751801
-7.53391353988188 -0.674273705694004
-1.4534713822657235 3.584824824291653
-2.039449615866147 0.705461715230074
6.293682942455916 -5.811221105549049
2.5285723161704805 1.695838086659748
-8.755213282105998 3.793190918177931
2.312505650681018 3.928550650354982
-0.2646875534453752 2.5967432719193955
-1.8557657821612352 0.3550068879435244
8.957830965201172 -0.795128002438064
-9.203497235618043 -5.570239533637831
-8.167452344711993 -9.192305661942976
-0.6200106003309784 -4.945248348551612
0.06343504146779466 -7.902293683340746
5.6847267157509656 3.9165845849172793
4.407942074100383 -9.754065523388215
-8.034455063872148 2.684029193923628
4.039600812259055 1.1299045302459199
0.7245001464321081 -7.011438405838339
8.31894209449224 4.132413648449635
6.22548712089073 -3.1408646315463233
7.028535264874037 -0.6637125558738273
2.7154338466564543 9.849277196264904
-3.01742465754832 6.657534801497466
-0.5172647790118035 -9.52877669907825
0.8060576174798495 2.5387893667021704
6.72821846879566 6.99228586398047
8.311154231023057 -6.868978533734012
-9.934646698732958 -3.2753697212269923
1.769973909328419 8.364099959792838
7.362639868177432 4.690717037811789
-9.225337962543833 8.320637135467685
-4.806505332526982 0.7615892464068263
-7.197041819385674 4.1626681632963685
-7.784476294654881 0.5082034239973705
5.759929433761442 -0.8588543717921979
9.964370437202877 -1.4667231729974013
5.650665402223819 -8.668004457123846
-1.7166774509753218 9.506003371750182
-7.2352169409964855 6.2658589171648735
3.309897155541206 8.578573044589785
0.8114292267077143 -4.1281345576606165
-9.810307396858546 -7.8430091682621565
-6.977874127898742 -1.7531582017829095
-0.00987591581905889 -2.965181472129366
-0.6405504659188352 -1.6471763091495166
8.144600675991175 -0.9817836874353709
-8.228318245147616 4.354193037228093
-1.0427303722061119 -8.800751936263374
7.426179588936499 7.103430823106798
4.0571486809965425 2.2307317687214336
-3.1743483335977274 6.548734114143805
-4.2945285976690055 4.420289256978101
8.660009256414426 2.337139079198355
4.3251650356146705 0.6013301565478901
6.400818218866412 -9.11010454044974
4.7487070822265025 0.7600781974319375
-5.053194709747357 -1.814322135551274
7.563909406792998 8.51343478938324
-0.8210909617516364 0.9535532899447023
8.846654140330998 1.1291360900337555
0.41094595929948063 5.441617088041431
-8.309525616453296 1.675733014749504
-2.6861175228973426 1.1144497809233442
7.80298402806498 -9.26765468629197
8.298952341699078 -2.171843213022586
-8.956913106910775 -5.751257993305366
-2.403874890908808 -1.3899056421496159
-3.706530804295509 -3.206644345925966
-2.3985303177982997 -4.641930842214288
3.630154135059083 -5.764888309288249
4.0829591396763405 -5.569418604271936
-3.914314255321935 -1.3756948880700755
9.744985741330716 3.6417267214797597
0.6725863655890727 8.431553044196853
5.476862586756177 7.285255666735782
0.8368407657543013 -6.090041601023286
-0.22197062811745383 -6.88135348929086
4.928635469146585 6.318917331442403
3.2039020098726194 4.082555474405503
9.532251362481784 6.341649242375581
-0.07804856494694157 -0.7446069513818738
7.301039755634761 7.660998961215995
1.6949645546361136 3.173663092043448
-4.885376674961472 4.007788390225587
7.6253580787349655 -2.6503819172887644
3.690722979856975 4.016884150660317
-8.959116795215179 -7.301885195410218
8.205822062377088 -1.7631154421512303
4.4232579465499775 8.979618511909521
0.6273985506350463 0.821654507279284
-9.166070256500571 -0.25468356446171114
1.5123264012740094 -9.076962652414906
4.166135037374728 3.1548707402509706
6.704728198684485 -0.6511855350870466
-7.563260631658109 2.060821279406282
4.109471579412766 -3.0486552886499174
8.366595730692023 1.6623350559990122
7.817011084561148 4.880999377526425
-0.6558671300860812 -7.042082366963953
6.604762369730441 0.5378140407768619
7.731381428503109 1.5055977666719969
0.7552533843803566 -9.142279478996947
8.363851571031681 -4.723157594053021
2.0955655774004676 -7.118785784512083
-0.5390893385431479 6.112098324336962
-6.539633876398765 -8.790475522117063
-3.9590869342497648 7.089040484276033
-0.7078089212747614 -3.6090836883749606
-3.6765953506427174 -0.11882071768733482
2.0176188968899282 -0.1878054397887059
8.128434142449915 -8.842247827973729
2.7845281677116027 -0.221778232013488
-5.505594512620712 -0.29417571422610855
-9.117705496216624 7.992754551341484
-5.836371382587366 -0.5410723959941137
7.342519291000443 -3.475068861188692
-8.051060968823203 -3.3438576621735923
4.239858734398885 4.3835043487917
-5.186466351151089 -2.223692415765881
-2.3678983301213634 -1.7769937681950019
-2.1728850090941183 -5.042749577700947
5.756338528922935 -9.666183350941676
-7.948973746262564 7.337115079603635
7.7430667052184745 -1.4657086616252872
-5.660409521915952 -5.116460311665683
0.860476762144625 -5.218883369644567
2.6707774381643823 2.924824625876731
7.108345649934787 4.99118352103255
1.110434873974473 4.819653655841204
-3.559699482918395 3.300635437611044
4.187531058572132 7.642577984100839
2.304972918796812 0.6105767819065182
-4.740996508841149 1.6216796285971107
-3.2174711748468248 -8.360704341282139
-3.7876316140529376 5.825129499312965
2.5247761998910327 -5.82520373561511
4.378819376749508 2.0596676377804375
-0.05264577656986802 8.447168884133728
4.093036684853059 -2.832413077184592
-9.470581802538016 -5.556638753897747
2.8838557363592265 8.095350476193083
-8.744946334399806 -5.172838045553636
-9.0911026698662 9.760204403434763
4.489149022187517 8.775843234907267
-9.349792640740311 3.7616467311676534
-7.708820155295861 -2.4001084400987533
8.25489991653275 0.7341272295492001
-9.529654731334915 -0.7359499528481273
6.282518419010415 -4.24504491876651
0.3595370937548381 -3.847101988639121
-5.686425397489121 -5.227351710029861
-8.186356665300076 -5.286249415446196
3.123533560026491 7.601879099190295
5.578429896879289 2.5946714450269663
4.489380365841198 -8.506024441695935
5.410756141139858 -5.416631168454398
-1.5082734186400497 -4.197140421071217
-9.11196699206913 8.310743742356031
2.502149735965107 -7.191792590141619
4.483167895357932 8.485513843249318
4.8446969562027515 -3.6019602239612913
-7.877745028260823 -6.466430166159474
6.098722684528109 -7.354011553110727
3.3482436007398775 -2.2232106257759066
9.960976226884927 -1.2306272204785422
-1.6498577138194825 -1.2761990966494725
9.335783708314644 -4.270076925993738
-8.23213691528622 -3.4949923749394785
6.525938224171629 -7.159112171583859
-0.822913278272285 -0.6584778191594012
-0.24847179585189672 -4.700547172198832
6.734683438957134 -3.1966410312418354
3.4711854619115314 1.6324461751979396
7.910632809265305 -6.567595112738134
7.14130574474812 -2.8285165910371335
-6.124896314871697 -2.1695198398709596
1.5210482576153517 5.022145697183484
7.634584892647489 -8.500130535954193
1.854207970573265 -9.944177322423833
-3.0434127470748322 -3.743517770332847
2.8271571571446437 2.057959170197538
2.046163108283828 1.9801725826669188
1.2112566488654668 8.838858536388013
-8.432161364085225 -3.7486258451633763
4.264084505104881 8.81174579210267
-4.102356858957679 -2.4989024742466226
-0.5828588379969766 -7.340144173501349
-6.888676913436771 -3.794102150129679
2.1474959700714322 5.651100287635574
4.466377383984252 -3.021520023156281
9.407330027133735 -7.341801605914037
-1.0140467324552116 4.74108713626336
-7.484503409686392 -7.909712546859062
0.307757367516281 2.3314564057621823
5.392582381868827 -8.347312864552443
-3.2016457387789377 -8.359804946964314
-3.8396737987456504 -7.619730430639022
-1.1993918455991448 -8.570153558315535
2.8375440667489293 -1.6308991585983321
-7.6442453086622635 -0.052027444384378896
9.338834070362662 9.64518648626255
5.200444482326471 1.3233738817293847
5.643162111506069 -5.717335041792704
2.743714739099648 -1.627095564434974
-5.263036357440742 8.348850166827479
5.47008215457026 8.534222712585727
-4.7920303857867985 -5.08331374752816
-3.4326947632560127 -2.3403399786137697
0.87977168931371 4.076194580160529
5.913498698451509 -4.383717090076804
8.94187910088472 -5.444280078232158
-2.234500447160257 -8.52430356294244
-0.8359575629616582 -0.8543837436748838
1.2231327623269905 4.576128489641144
4.937758027688854 8.73340145069266
0.8718390118253811 -5.191081278061183
9.985471928090995 5.446856858590722
-5.7265506348658075 2.1651574257224624
9.343353784541655 7.604254332958423
-6.357739707455476 -5.254458190554539
2.5510342259908203 5.0416394625549295
1.1645735018654353 7.706890964423682
-4.133423343256634 6.14200351223257
-8.554071654409448 6.259370964944377
3.0728654153488026 1.5713566128851717
-5.861712087916566 4.030161254646767
8.590401073354215 -9.713225813709595
2.495723325305889 5.440949160003241
-2.291392379989654 -3.740520766554287
-2.03587646998794 -6.998028335042916
4.189355452552908 -6.816600848158815
7.186596128368102 -7.358731648231158
6.500250382809448 2.3849774423067434
-1.5395264134771125 -7.010347424099741
1.1188711622436038 1.3309114624449325
6.6056788551800025 -2.0757379817134236
6.854378543504616 -2.6332597814046395
-8.812037296045208 2.8790141445346134
7.728773939137401 4.186001372916959
3.28409493680425 -9.991060599371703
6.658984371501301 -5.04233563105376
-5.373849718410351 -5.909477079273328
-5.292773392407295 -7.046139268121838
-3.159522264799981 -4.013455441643878
-7.2045137163763995 6.52506712378209
-9.534019388211277 -0.4465548018603709
-0.9662278145612628 -9.821616353684473
8.089527436538198 -4.234799325640379
-7.610913925366381 3.9870553895660983
0.7913849746055668 7.068461202959298
-0.6746005300983331 -5.265696118819648
4.64405704955986 8.090752049903504
0.3911410536598421 0.03970373240677283
-0.7279520045547514 -4.1535519822401294
-4.2915682679112965 -9.31010667549268
9.850212812229902 8.464298128734008
5.983150737939658 -2.5303776072477246
-9.871378320612793 -5.192677668176278
-8.6932842975971 4.310781177606206
-2.3834445799778603 -3.5421297765331383
-6.071524881011694 8.232621351722806
-4.456001039805619 5.2249640100289145
3.642519459827554 -1.7667619425663403
0.13277448386692647 4.5281431272927755
1.2770155162899037 -2.1456498010091636
0.3463688795507043 -5.249988885416601
6.499807504113072 7.084134062402111
-7.8385963089208355 4.649900378447995
1.5386896598541444 7.4132593628274
-7.551060418833064 -5.739156353674737
4.899019339016483 -6.154497532545509
5.788943598870279 2.4868168182277834
-8.523195875104754 -9.63829437849874
-3.8503091386926958 7.245600340620893
1.4853561155719746 -1.2366458775889768
-8.250554473153484 9.10016076845013
-8.907083304799855 -6.148337237193562
6.746116304564918 7.615408209235369
5.899856138492822 -3.7759481993684236
-8.535214672005601 6.061994492544457
-0.4174617133910612 -3.7535568620660076
6.810742520700487 4.060425343594913
2.8155695271825714 3.781543499052118
-4.225954484760319 -6.87726722595968
-6.173614328382011 -9.536300708050975
-4.466025778971776 5.343542677078521
2.544525056004767 -5.600574524143955
-0.43510066012785487 -8.281970919545572
0.3418304166277508 0.431727661427173
4.29746578513852 -7.168835187020832
-8.147329401030056 -3.907337332610801
-8.670787731561472 0.7956016071411476
0.8435605954792909 -1.1879434194316865
4.837804485434349 -3.898202269188098
0.8245687452698967 6.363968303232166
-4.427222377398863 -7.698627875425492
-3.853419917546253 -6.714436965690325
3.8507439265137418 5.716973132864126
-2.089554424854798 1.2749330960951344
0.7329292486031758 -1.0298436003740612
2.257061959444137 -1.9870949160131879
-7.477034114130046 5.303002372365109
0.706716816888882 2.8634706971139963
9.656959937084963 6.527062185963469
-2.3803109223779035 7.061348515415705
-3.15409131506291 -8.354055926103602
3.3110087919439124 -0.44688030141657187
-1.5150587290671673 7.284568250638532
-0.7344702813908892 7.744855151000291
-8.916620038907881 7.306045697313092
-8.063699984617699 3.0598777367358405
4.050314631654645 -2.496041179777764
3.555697546344499 8.909827003472966
6.7609434146393 1.5666752973142088
-5.467361156224362 6.261509247112226
-4.789912007981172 8.51536546462097
0.7906947698017408 -6.728514169458155
3.189437334835489 8.142194615864899
-5.418880191181136 0.678592580636634
9.752338401230016 6.8736368115092645
-7.787995409624157 2.8271458245307137
2.139538183424655 -4.234839808577629
-4.065619941844929 -0.5543795707327455
-8.37878320475019 0.8538132662556954
-0.4734503193291477 1.9972163086782189
4.303971579037189 7.857970058673388
0.37819535226807766 1.2417786011833716
-9.39583144235151 -0.7848853851097193
6.453282088455779 8.568502826884078
5.148925861786154 -5.745398256356776
4.500132790143539 4.243761552656981
-9.367756078172548 3.1462174897452844
8.543416139533267 -8.2245497442808
-1.5972986858744864 -0.22761493365131358
8.789211051927964 5.80942331844923
9.291736572547947 4.20248158449291
9.982016775839597 -8.841447753810371
-9.99303281691871 7.273793382910021
-9.468354251280653 1.183140408561787
-3.4109807092250266 6.092589538709866
5.678503613747743 9.578572205677446
-2.6818392269241826 7.372180981141053
3.50286253597565 -9.807257721028908
6.838626248276686 7.953138253216764
-8.137327250127912 6.370592394970654
-9.16207348551165 -6.99569918416765
-4.181178168294517 1.940742511190214
-3.3726890418555655 8.764057422220713
1.8093965795843694 -7.506827025812197
-8.575935130169297 1.2493999835299423
-4.227759296532156 -7.365326481142295
-0.43143424906016925 3.3278778623656393
2.80107831243928 -7.326873355579073
0.6642634878685989 -8.936616194453698
3.89485778643267 -5.562636484150996
-6.590224914552918 -3.4237974332068717
9.85592573452817 -9.648610786689652
7.4076503724485185 5.788423694575718
7.985888552665482 -2.430198137631832
9.629888021631178 0.8284726166201057
-3.261056311952375 -1.8410870038947245
-3.4012597370030235 2.9337966133569875
7.3976724761793236 3.9609145463051014
-9.352030231498166 1.1673152824265092
-1.4364605376785562 -7.064897392019287
-1.7794293129968466 7.734600125459114
-9.40349249636621 -9.650852737705833
-5.6709876145937415 -0.81272963018945
-0.0071618735238114795 8.147475532766787
0.339028512855295 7.710911042735191
-2.5888793574996605 7.8290971826427445
2.014538847494091 -7.701207605973186
-6.46883956120827 1.863956779799743
-0.023056368336042965 -9.33033174460885
3.60383321851838 3.426523978367083
-4.69363639491986 -6.875875702441647
-2.8518879925535945 -2.652788174103316
6.69894616809141 2.796984504944584
-5.204839086310429 9.259237829078604
-1.8157706858259193 6.378438418075053
-8.480486346726856 7.263260082800734
0.728521740058163 3.000640780409709
-5.994054081739851 -2.0790743410289636
6.74644694280461 -1.1621899535650506
-8.583627358280419 6.338061853081488
3.7576038373403158 4.8390040871311655
2.3779298860247984 4.538403873394117
5.803948107101373 -1.1631354804940042
-7.722768466658964 1.747872447629959
8.256478786196421 -6.676283521224244
6.562473266164542 4.646679267184627
4.5223681154693285 -9.308288232361706
-2.58271926669077 -9.971823975882861
-4.096860214476326 -0.9491502261389861
1.1743147146716186 3.2702897166125275
-7.245889376498649 -0.5846167436050198
6.251780075958457 -7.456249532181285
6.4486301425749595 7.226643599895922
-2.753231374041434 -5.741489612470973
2.377422156806091 2.104996141971922
-6.232506717501316 -6.845567273122604
4.373735741754206 4.384500110743151
0.4003804915183089 -4.1845098973389945
9.473689779701495 7.902255394227598
4.187372566940454 -4.2782993625092836
-4.842608981405299 0.6780427507818843
4.410351868608586 -5.8853596132714525
8.309823478537457 -2.0763745439789734
8.826792971167954 7.135582219909949
6.2861164976639365 0.3439669737359914
1.721306464346302 -4.861312608272719
-5.621559158654286 -7.761620850863558
1.0868425589409938 3.3126903857919636
-1.4311626866320353 -1.1311429264253015
6.68475425864159 -0.178017851707029
-2.5053238996248206 4.085902266597206
6.562892935797539 -1.5185722684606322
-8.620135954135716 5.944494687745813
6.483450519233308 -6.259522444060086
-2.996279401068982 -9.174927422229306
4.618366230379751 -4.576987007564113
7.062682010751612 -2.836673162364436
2.1677354416012395 -7.367238055017788
-5.460550968778161 8.36477685730966
0.7065134431678786 -5.785841157318874
-9.739750854797025 6.218370007069531
3.9813126610600733 -0.1806388927166065
-7.411656196477026 -6.286390725845566
-1.3397485912644385 -4.179703293973875
-8.525418606660836 9.614050752187147
-6.1778231543342255 5.065007183294732
-2.7027473542529794 -4.908898965529436
4.113827078946844 4.346997175006312
-0.5338725288239949 6.829234350291877
2.407518368343858 -1.9899186219183775
4.587016050556249 7.6251295871756
-7.549910619903956 5.924880048528456
-8.154122713293813 1.058971408339362
-7.220533547679004 3.8827340077626697
8.62210573941125 1.754060224639451
-0.906920088519211 -7.4513674669780094
4.712548486531924 9.084530360674048
-2.4479922990552616 -4.479586880212613
1.5103817175752017 -1.9504375697875638
4.897268220768087 -3.161382060459319
2.1803701011341143 7.215386831987303
7.858526047210038 6.262986036522761
1.1045585955749093 -3.549758641866905
-8.748353172345178 3.114819989882795
2.623695456024871 -8.309572821704709
-6.320733931784632 1.5897383472638182
3.264941640000261 -8.683561039424387
8.543949157750461 1.450860961460327
5.97833200525692 -4.274304932352551
-9.662498296604408 4.231599823382556
-0.9213276907849739 -7.496734610268088
-1.4780053615278472 -3.5530842447686783
-0.31770800170555624 8.61924733864852
7.698614622267272 -8.267902834187502
5.815898255402791 -4.696289968084564
0.8771562199593674 1.1348558776672348
9.618877201057039 -0.5238889208951676
7.138157009147587 5.532758959522825
3.488863982107116 5.118657349239568
5.0705197499077705 7.4606264249611876
-7.906658591510016 7.021476238105393
-8.817351600465791 -7.934748113160621
3.28254386001662 -1.3096218842381742
8.36380271374599 -0.1557024904013442
9.080245264241217 7.341216619034782
2.542622245309044 7.377129988909402
-2.3853626041029496 3.4170182433853036
-7.843503594355679 -2.32709436677085
-6.44388057146116 0.9141864587706809
-7.281570648276523 -5.156874698426687
1.8052182210482712 -4.227654518909246
-6.929571915360652 -5.618155529780282
-8.834391564813606 8.340284413982367
3.283306917979708 5.4241584401871314
-2.1144277543906593 -8.188963305837602
2.775190017170477 -9.110090273809995
-1.1903850092187724 -8.250199594629947
-2.1414176333636252 -6.805027635141472
3.032476796530947 9.379647669173174
-6.895596092466465 -8.728434197287115
-9.85177323568674 4.899352539775769
2.8767337943841795 -3.0436364823535778
-4.903061933177996 -1.343787011488926
-9.35634681511442 -3.5955150932724393
7.354699195326887 2.866199167980671
5.714439189111003 -1.9089837286685238
6.5250903549959745 3.238964573605985
-4.349373887376791 1.6758152815891396
9.751803117343318 2.4751605975463686
2.3175331359878157 -2.1168311129696837
-6.320834868552836 -3.6565047611005514
-7.6421340351929645 -4.66219205585891
3.8516874772718346 -1.6293424145836148
6.862693363108534 -5.70968538104994
-5.082463238013657 6.0990904508486
-2.502471991709358 -1.506623351843091
0.23355685295736173 7.398779252005781
3.495850831113474 -7.87416294559052
-6.12112464767675 -0.4722103929179351
-5.659695732922351 9.302590328240022
-7.391300862255079 6.988392551992142
4.630443541327052 7.838131836440478
-0.20325768983902748 5.0274548123729605
7.3799692255526566 8.855705302861228
-6.925318054298479 9.809299144385008
4.315908159130428 4.368475143191121
-2.353185071451862 -5.807146264412166
-7.221432566862687 3.3116796638757062
-5.129689778748123 5.415602491260305
-0.4233096209232041 3.9947922002035625
-7.472276520876728 0.04317778676212214
4.729753789924214 -2.5166246398211385
5.783826295624587 2.123617203477517
-7.021874595760522 7.552015658138799
-3.763154750754758 -5.779180336790494
2.9060404896237984 2.341510564489653
-1.445698302207587 2.7959699999987997
0.37755216199942865 1.8655853784488574
-4.50878683247653 -0.11384956398849155
4.79890211492174 -9.818373393361462
0.10072256845013605 -4.578661065615497
-5.139002308563157 8.714448733241383
-4.954123456648974 -4.8617809608832925
-6.930013425108797 -6.767950526539055
9.53714616900077 -4.2470088898056595
5.227951264991175 6.374060491203565
3.1361850539570924 -7.2243936279347505
-1.7757337901420893 3.4096155350692907
-5.630952483402325 5.527660796722753
-2.476459753002449 -8.379286253368532
1.2926519667914675 2.5385121066488363
2.739681517482138 -4.990293835482733
-3.0250380077058514 -5.906531220186919
4.953908167423563 -3.4711623505644944
8.067672416099434 -8.38503608468729
3.200818170762787 9.29424587268364
-5.521928781086533 1.6557958930974586
7.3855909331724305 -6.162910275341735
-7.138353808135087 -2.5986322485622377
3.282410486990859 8.037645874593007
9.729604205802143 6.6123103159098875
0.22657825213269334 -2.8080439634977523
7.556993844910636 -6.120061617558308
7.776663503150477 -7.342783097643246
5.747667056882712 -0.774054306534719
8.303107936160103 -5.6226280146415935
6.967119355715678 4.0312738707152995
-9.31906182373903 -7.507495044482118
-4.655555960480974 8.883108443517969
-0.48240337822339896 2.717123639620576
-6.674207908430749 9.952649398843025
4.596992719059646 2.3829905886801512
-4.561481532210059 2.4001297629943323
8.92703505137132 1.3216521607696752
-4.99914530669799 8.62388400973343
-2.9488820879171147 -7.680881235366604
7.730984985195835 -2.8894236132905116
3.524061497882059 0.7482081897198327
4.445263708069776 -6.889842265889388
2.0255553273983384 -8.8230805749539
9.854410400978978 7.871490922138037
7.364134981868503 7.669702945690698
0.444097775401481 8.136134958146425
-2.9042118275779716 -0.23280637093144207
-2.0324639362755548 -3.0027956931003263
8.0922249173584 2.6305064604223123
-0.19831363158959903 4.377821613007697
-0.025081913985559368 -2.7193966534031278
-1.7224286113577776 -0.7437548459617904
-5.059817628214061 5.501621704041778
2.3594692960250807 5.1395405355803465
-7.845422108130132 1.6956995831070127
-8.91278009473072 -4.03341949780441
-5.925486144697844 -4.3061099389528295
0.9311821413269605 -0.05495745086129489
4.149471384691335 7.041799464758796
-8.460429101645353 -9.598853351832615
6.3681853509719275 8.774945552847662
7.971519128066195 -7.4882419197922045
1.411437185372293 6.2886896204563065
-7.611156234232485 -2.6783924884197807
-8.620464660793203 -5.24229824229492
9.362143074498512 1.93247673767425
-8.646103336311215 8.942076295043812
-1.7102465003946161 0.5978258052650798
-4.814364048249116 -6.548522538392099
-1.8216918154713024 6.62426779608537
-6.128590328201 7.48695659278982
-6.175172020366604 5.960350868735496
-8.012205046064881 -4.558145900145978
3.2249250562590284 -2.9614162954648187
1.174222056794891 -0.38680810970430635
5.12217468967059 5.759137416500696
1.4605316413702987 8.675872666370875
1.5960917101193868 7.285827152097589
-0.5924328849591571 3.0962791357342176
-4.634040290835637 -5.041685231466451
-6.6006844633038515 -0.9301815943178937
-2.428022362694904 4.448045394922271
4.141641556057126 -5.666284626762803
3.9391056196842946 -4.821911764891624
-6.796573631313456 -0.5004443020482956
-1.6947270628190143 -3.5354150882835604
-0.22284107158487387 3.284621853142225
-1.3177876015038663 -2.329178610611544
1.3866279364602256 8.231836776088528
-9.22226304452928 7.356203349432963
-6.774622641116109 -6.258892049860751
-8.572955082451973 9.754386689352511
6.30714239695909 -7.766466584879945
3.32637928553037 2.6072680188002106
-5.263816395803424 4.742584541941049
-8.228853839205335 -5.585282387061854
-0.1076847256593858 -6.192350181327974
-1.7033474705891631 8.781765148325317
-0.4228826745070329 0.16243543949903838
5.605439213277357 3.7607129319070136
7.931608808225906 -0.5712075623873467
-2.7487768725777117 8.984405681090383
-7.101269384464686 4.3914782606327645
8.384551359576406 4.939991166973057
-6.964811178324963 -2.7471642388961603
-3.336906258291849 -1.3402293282794524
6.257900354615316 -9.346990314310265
2.9352448020624458 6.536622056262981
6.688550756866441 -5.335378839722944
-1.9661149176164088 -7.256571067228235
9.128880380563821 8.718077574482034
-1.6045310394557646 -0.18096877019955038
-4.345065426800174 4.143086632393922
-0.02141105538681387 -7.446526811176392
-2.979709434530653 -9.60958136123126
-4.9798334184946285 -5.605240850266333
4.06990402019664 -3.738217539611986
0.9812456926626965 -2.48936592082575
2.963208683677504 9.030832569102117
-6.835641321840001 -6.0185377997028855
6.066778834444438 -7.705292778589237
-6.868054175720957 -8.692823073460776
9.275789105638001 -0.7018433472312946
8.036267286836175 9.252823715966684
6.30383546871192 -1.0489058038133852
-1.9238683540343366 -9.277268101815078
-6.618397726392377 9.704935153739779
9.156572819829549 -9.16768246577436
8.675021476124478 -4.6023900812916825
9.997365085417677 1.9356494520153191
7.036392902162774 -5.796244371589763
8.443549029716287 -9.312359979546896
0.6027381397886487 4.9191158107089255
-9.338470276526252 -4.511999486665785
4.216650628790884 6.602891189310597
-2.1487357683350243 -9.38769365957298
4.3681416059321965 1.725126973789827
8.934395166766592 -5.156526261057401
7.161264972927157 -9.080437516301874
7.280649967780008 -5.985058195736979
4.515495172759827 -0.6053769691701625
6.818884311037742 -8.466690294527108
-9.16122207692089 3.2720677218186918
-2.9392047404557182 -1.0157928114868646
-1.7514896067394066 0.3571629802346159
-5.981395764854529 4.35448243990648
0.9159524350820352 -5.264754913589218
1.117855574029246 -1.2409188059638527
3.6594867954139936 -2.804568294396905
-4.803172470961641 -1.2811432232725153
-0.5650580443517015 -0.9557560478155906
6.100048864169246 7.25633158291571
-6.031859125102246 -0.9774404820470721
0.7915595250569822 9.34223446301096
4.613038548848802 -3.9558231007715268
-1.7170940794701757 3.2256815237411924
-0.6717453711193819 -5.83518958843902
9.495143247457762 -1.1984709026863065
2.2775830945991515 -6.034546910965397
-2.3601510394020986 -0.642922253261279
-2.388567413492204 -9.689479832287102
9.967318090735905 -6.25287699792932
-4.319172578308144 -2.81793715536534
3.1674828501074614 4.267693197693978
6.4342219864492165 -2.3096136496322632
8.258267363617588 -3.454053781010444
-3.388336011708015 -7.736537075163971
6.345866672167524 4.2182237081462155
8.573101334633154 2.1161323787903523
2.0366118813311047 -0.7687789112287362
0.8220288783469787 -8.085641688165028
-4.95860535721079 2.954044909357341
-7.843802202332338 2.336807374447229
6.35427890708916 3.280573151004349
-0.7043745778942707 -6.2220491323410565
-6.035609411241527 -2.0149127495230745
-4.586201494275404 -5.058803282959847
-0.17219286571596548 9.697069918051358
8.576043305988634 6.868278079470784
-5.438255150678939 7.848948981774264
1.6318387529214746 -9.700581207784031
4.337014788145082 6.901812362929125
2.6051864986238016 3.4202891598787275
-0.34907777757185166 -5.6541515052048315
-1.0088640117196768 6.8942944705391795
-9.655670791982205 8.958681389733648
3.3604386166248172 -2.0802595206324526
0.731410969202992 8.87478352076258
-1.1395966403502396 6.415203618305782
2.128041216846171 -4.393641932510642
1.652938370229009 -4.9551894290409475
7.138258100408937 1.658768739877548
2.5410132101907443 -7.377255761602677
3.254248645066882 -3.93970237310824
8.402395851600058 -0.5006637760250143
-0.8409542049422143 1.2132848017906284
-8.087046456348798 0.9312486428240145
1.3758772994520747 -9.297221118283032
4.41013714388397 -7.325835938901644
3.6134487258154238 -0.9584543172417206
1.4610320683802964 2.0989700806181144
8.105770692488285 0.2137476301927972
-7.277690107715138 6.699166330020752
-0.08944586704608781 -3.6463820606826625
7.037903958323707 -9.29969051040378
4.285441548398865 -9.061482498714444
2.295458313983673 0.7515777212695429
6.0859026980748006 6.150064897291557
7.945531305530867 -1.0413223823264985
1.996428605255078 2.4811068156532947
1.8646244329252077 -9.829830750781927
3.591209690715619 -7.324184403032941
6.249953875865916 -6.352325102389653
-9.629948205611065 2.666806576202097
-4.767619886645207 7.282814038258589
6.967859080806253 9.674711045439576
-1.656685266239144 5.4762112257567015
-3.0165707654160823 2.428405454893891
-8.338806492889233 7.5432206365149455
-8.123157727524228 3.7917330431971017
-7.496791679206383 6.317606155853316
-8.107245889372809 7.333007383097701
-7.004388993930615 -8.087519710101223
3.6747318287168245 1.529230579810939
-6.353968857976586 9.246326769359882
1.5261701882137615 -0.3861861839864549
-5.2345886985696115 2.656589109808227
2.910392366570388 -1.1646612034723987
7.612013446161416 -0.8795361062487661
-9.545821564154284 8.376020387363322
6.757649549565073 -2.222633296017764
2.0334470985598774 -0.6133280553157316
6.234960920475899 -6.307099659721316
4.42320413096728 -8.415946332902797
-5.490057006210738 -9.627613382741728
-3.5468196481784116 -0.7483061063669183
-6.890008786989497 3.5968537248784553
-0.874696792715639 2.1811541118552853
-9.319127743506929 8.221401247265089
-5.242414722650128 4.6058621063267235
1.7818083744337603 8.383928691811793
-1.3944443243091236 2.487625229562756
2.139310141020623 5.509481806610788
0.22285831642476772 -2.688444175433096
3.744345088615029 -8.459600857305778
-5.371257030698072 -1.351082049319615
-9.637875962034501 -0.29875828640277824
-8.483069967176412 7.910214011053704
9.775236268275776 1.1543610568583684
-6.9956245454849615 7.754225314094892
-5.762892184449502 3.907832539446467
-0.8496711227686387 -8.704703372255072
0.07422552379899372 2.2692543333587594
8.367051296807983 -4.198382551896276
9.738851795338846 7.040737358742767
4.948425978802787 -2.9505801369844438
-1.8888082841849005 6.429561111295762
-7.164526361260926 5.824353627502568
0.2441965152496337 -4.636016768002316
5.9583071549219255 -5.249206706320237
-3.8499530746518413 -4.8513378952254405
0.5780332989014898 8.21859841957346
8.024275147523586 -9.060953612451815
-0.7284258307862146 -9.297149128551045
-2.5077027402867813 -7.195346431565833
-2.983461443782282 8.206557648040867
1.95988829394663 4.691927584934303
7.891213766348617 9.780335989322683
-8.997970076050795 -6.25030670087892
-3.274197786945492 -6.462196500427337
0.9450461915974593 -6.700434398132076
8.037650285624338 -8.811237683489736
-5.814068567794952 0.5250633904748785
0.39016067448783787 -5.064599379399075
-0.638451044248658 -8.75313629397894
7.248961619553892 5.337466786321951
-1.6554837798586277 -0.6479019584069263
-2.465320510815257 -2.6950509870760664
-7.802861920419824 -9.869641925378428
-3.305166230124648 -9.367968610971838
-7.885860071217577 0.8830826475132643
3.6132340212957264 -6.718896728204893
-0.24898628345647467 -3.6952701875137084
-6.910797809369651 -6.571293118178785
-0.6991332083108155 -3.3731821388380334
4.462597014922915 -8.386488803032556
2.8686965417413184 1.0409953943370702
7.258828517619094 -5.89269388488566
-0.07020570045699515 -0.2842047776725387
6.019635286697827 -2.137800111049293
6.153542447236578 3.458907302502798
3.0401642929902053 -9.683799921309571
0.08911729382448819 -4.724843970917858
0.4145835383062302 -0.31942095760065925
-8.387441971107517 -7.304715917202151
5.1664360062439325 -1.8098436443409902
-9.634017440703966 -5.580797969346354
1.6126194978348014 8.867022994867582
4.06745058572846 0.03761288873795188
-5.054511686174273 -4.458446755316386
-4.143355732771559 -2.7296442911025594
8.898292180419162 -0.2787389396987283
8.909289039868316 -0.20469012258263852
-1.2543227036638331 -2.8778551962016046
9.026772829274393 6.548776246861042
7.957353330003695 -5.445920756907694
4.386104392000899 -9.720765556647436
-0.5592314742889481 -2.6411653636958814
3.1881057755353197 -4.51287258130622
3.335504543253773 -7.797965702537876
-2.006499626144686 -2.824729175873479
-6.9459541906081785 -4.084896015716337
5.302290814462413 -6.194573527469487
0.8155154885054685 -9.297199901329511
-3.190971994823631 3.4244981432662325
-1.0649170789997484 7.97970628712525
-3.0993410330024336 1.988082687826756
-2.1334910657836037 4.444408367475958
-0.395845899164593 4.79099119832647
7.299179228622371 2.219527145605136
-8.730363302230927 5.451323467217229
-1.5904247209977367 -2.8735222515213588
0.5329151119897357 5.160746552659873
8.536858322197947 6.246367497926137
-7.438613208946954 0.2836832568323935
0.026916008135922098 0.5437644857067987
3.27957008203407 -9.19626074598996
3.213305612242694 1.970356020551197
-9.897508337999996 1.718226646498966
-6.446352292452044 3.5411719567345337
-4.201105299140719 6.865327394319149
4.413779844191513 6.987849703920116
8.776382908183678 -9.764858630182738
8.589898058588194 -5.592136320285041
5.27465666608596 -5.813950446021483
8.318802808766026 0.911751929216285
6.465334166092163 -6.75262126871236
9.566586194250291 -2.115511743455965
7.717915674089781 8.82988946682826
-4.348940600783289 6.669559630720766
2.93653068417618 6.740841546669117
1.5756000521516444 3.697440754876144
-7.425792404129197 -1.7180724834182435
0.8145153255999702 7.166557544503778
6.755145296498618 5.678889212407105
0.6787673109861974 9.888963387986344
7.129891280901322 -2.7273574411190467
2.1345334317018185 6.908498097998386
-1.7711559266338721 7.851521983326336
3.1588737942074285 6.200910931927634
6.264949299857069 -5.849719294095688
6.0660151754225495 -3.282403794649433
-4.5595750682242775 7.845840774412231
5.477043310936832 -4.5406125881072885
7.51338294487028 0.8946786460820491
-7.642642478143986 3.944300894931409
7.792503150933513 -9.492903513386338
6.1079957010645884 5.308677382417004
-2.6201573158296476 0.9211866724665114
-3.287316574624173 1.8986079510676355
-8.088305871086867 3.166537195714005
7.01598144116689 -9.711095141002694
5.300387895690417 -6.533267666799656
-1.4901713019525786 -5.530065954469703
-3.4243852592933184 -7.002900979074824
3.935177856720058 -6.648453667655176
5.546159709434528 -8.414155418383373
-7.673516767463022 2.2361124461159676
8.6910704473827 -4.220886922110026
-0.1529085157661818 -7.571902110050727
-0.07166054771048636 8.152570192617794
5.006541246691034 -3.5425996616315336
2.4328313361787686 -0.1107426915039671
-6.127971188542913 -5.098687254612432
-7.921510964180076 1.1907690562445623
-5.384036894121012 8.457177482405488
-8.984670686092734 -3.758046446714209
-5.845466072439449 9.398857251240358
-6.795495935360756 -1.4306077777957285
-1.8981470080702056 -2.9436201924647936
4.4781487298226725 -2.0719281475621703
4.2300105581278675 6.983322587357243
7.449757981124279 9.56953385517711
-7.481518669410332 5.451903452139321
-8.848299694658234 -4.118746313825983
1.2493653830792617 -5.707310382478865
4.731807060370572 -7.109947348885777
-1.963137981667538 1.1824434216286654
2.338580887461241 1.5596578384074
2.730203214156031 9.449464451104895
0.6529101635740968 -5.31847023710704
9.725009478540908 -1.4522114824595
8.863262442567748 3.415951086086107
8.23436818594174 3.6878080882520266
-0.3039583688307008 8.066072908665891
-9.48893735294481 3.4279783788542684
-8.708867893414345 9.068821553819262
3.4777359242708563 4.453365510936031
-4.64607155069441 3.9811638925751875
-7.08409162570147 2.396192053417508
9.051660003546218 -3.7055591391699227
9.417822301994747 9.591137373489499
6.698653504787348 0.7035019175716943
2.2796547613560225 2.9555415800964173
-2.415166861584952 0.7163097768064208
9.196283019150957 -8.673825450724111
5.458981662855125 3.1727308294046335
4.511308845815281 0.26984353054701415
6.8558443781043295 -5.055277649175601
-8.87409364469169 -2.909748384117812
-0.3827325069027623 1.2101079848090315
-5.78664482258326 -8.650106457823085
-4.220883859187918 -7.129177474027624
-5.785573902448089 -1.308468403205298
-1.4064868382187772 6.925331984307256
7.82466060552758 9.853914162433352
2.2199687791093776 5.944858631071149
-5.551519480566956 7.399402811989162
-3.823305633571139 -0.9553924287764115
-6.737408340771996 -2.6330387663025334
-6.63568579443859 -4.363140190711423
-2.577721598524503 -6.800755279952558
3.7834232899254516 1.0946929393055171
7.783890483440572 1.5721603484663405
-8.314058767258356 -3.50172680559446
7.128958889841567 -7.995175025427983
-6.035594069131784 5.381393727648177
-9.155650625638605 -9.534598390054366
8.926403665373353 6.885620028482386
-5.572371252109201 0.7954607619684833
8.372136316194183 -1.367455664534729
-3.669703236502924 -3.684073065689213
-4.480926920158909 8.947987674993616
-4.6136104260195605 -3.673199754688337
-8.79613508179202 8.24776225757983
-0.6572276569766977 -4.864609925317782
-5.88325753677921 -1.427519851073157
8.791230164511813 -4.816646259819408
6.786575498280008 1.3702080278865871
-6.376297688062604 -7.431853965737034
-5.647871306931986 4.349390580966583
6.750746855880681 1.4759164875344375
7.982993913334823 6.597161210173912
3.9591924183246228 -9.153664200805363
9.60301768648609 -6.67378584728362
7.895367103835383 2.18617033572783
-9.549007465136317 -5.981432557785333
-3.0336792248551214 9.051974657135617
-6.2571851630879305 6.423738485928897
-4.152577780196001 9.383783035646921
3.957729506219465 -7.699893335604027
0.5067734605055048 -1.4142745028941626
5.815135956806339 7.884149392512398
5.572155265669959 6.591743076070042
5.358599586539196 8.482683952092366
-3.3421679634672685 1.9134421895569957
1.4219941840738102 2.332704630713886
2.927636983018772 -9.492599862560795
-8.905815632523602 -7.6181037178341775
1.8132832168064432 -8.210342180050464
5.856615044255184 -0.8949308375586735
-0.6917565041554692 -1.9446541926714307
3.79047222949092 -8.52982244922526
4.970504540721919 4.99893393709047
-7.854022518685189 9.321568341281452
-1.525185133822582 -4.335192680604609
3.1320837563383375 4.595406486856213
-5.821404988346083 -4.002808244320992
-7.905882312068304 -1.237658548598894
6.768577136968258 -2.363662666690505
-4.899180910828271 3.4933347350033834
6.950145724025937 1.2119255310198245
-4.8166388572417524 -6.35356823816037
-1.4671801520743983 -7.265010561333587
-1.9243647733392972 1.4496530801081242
-1.3777932788857292 1.7350524908259057
-9.494248382174185 7.686782110971777
6.361698821670128 -5.185860407410505
-7.847879134343829 8.546223608739854
-7.127425272809207 1.5156280710180514
-5.829185528165615 9.408918565613025
-8.369567316879111 5.493035518648062
-1.3128450928390798 -0.8604238095156802
-8.353243530505212 2.5999632462161966
3.020437727510421 -2.0324978446439363
1.8162045216751803 -6.839155512763848
5.380496482473589 -1.1955642261010695
-5.368738672701642 3.2500698212754173
-0.0068656457285865 7.978166345087796
2.3213944493050853 0.5158508544917773
7.967506559435954 -0.28963320364083955
2.2621813143666696 1.8958815542142293
-5.975140623629591 -6.102124986046984
-1.643304980714639 7.237026383470294
9.833358702533491 -6.669385321303849
-0.03981398416720339 -4.117972138082003
7.370417012105754 0.2033661540537679
-2.7515914182851064 1.784137436125464
-3.425319895871879 -8.598743721220032
-9.359082774542028 0.7648734817223453
-3.557964500490211 -8.420492050100803
8.360629612887614 -4.502131239987834
-2.9979942926737664 4.14977395821764
5.806736228933367 4.156468813582549
8.750696900253676 8.371234918718717
5.239750031284551 -0.8672368525721641
-0.8603305024436345 4.461577798300935
-7.541300730482996 4.045665954025093
4.799058962968443 -1.8272655844379813
5.006617371153059 -4.580653625902869
5.7086489374637654 -1.977996550743006
2.0459096657443876 -4.410806927284845
-6.1257199033136995 -1.9583360840930109
6.786121026300577 -7.3206243777367614
-3.149292232805225 2.823861573178485
9.925170332241503 4.980865990231509
-7.160952583350937 9.121636848200477
1.6297575788488778 -6.863474131494192
0.2908636376077638 2.9192312100013815
9.437739746540014 9.439634976813448
1.5197883621329105 2.775075984596697
1.2959121268891405 3.8422203341869317
2.0033352870492465 -8.860657333116837
7.439548572620911 -1.2635409639087865
6.307445058493332 -9.545997205995329
5.815308930218938 -0.5409694798215092
-1.3934319735942466 4.739285832053458
9.647100815186434 -9.844131898652542
4.592102549433756 -6.301604677615334
1000.0 0.0
1400
-0.47979431374548653 -4.025978248291404
-4.757682793254936 -1.0574492832289213
-6.920659455309295 -2.9837008214323557
-2.9744452724157693 -2.3052641376611893
-4.168623377233748 2.2284302938107707
6.561877025876981 -3.987452655390009
2.024157419172676 -1.204561818384704
9.493512472393984 8.094222514565857
8.767659707658485 3.7372377273080772
0.28694762047691924 7.327865964971259
-8.508926207324944 -5.401097336012146
8.93196244554277 -6.447802637749223
-7.556232299619365 0.9880615892858167
2.2903571419931694 -6.763139209570516
8.726013831015322 -7.61892771866052
-4.30159916378858 -4.7958175316947305
4.661458933825104 -0.8734792899802386
-8.597062211735986 6.5363275391573765
6.641997924858114 -7.329629663204598
-0.48819647039150915 6.396012986256785
-9.049403848337413 8.26972672226725
4.601026019711368 3.9565253078597813
-8.169630466031915 1.7395387801033237
0.7725193917745177 -2.5308050012563683
-3.353801345079088 4.232688676154428
-4.36971650892052 -4.481848687560461
3.087991546374287 -6.6553581666996635
0.13692532212244046 6.747143909503844
-6.048131260678298 -0.43758691357047574
-2.885083031558877 -6.876324800201273
-7.655138176410219 9.208619644751987
7.216133192900109 3.951445794736985
4.759326263460245 -6.927648545389222
8.506886112627853 7.565442442499464
-0.0562561014524654 -7.335634628430327
9.593021468559822 -9.21606696250385
4.965648494021835 2.7244016814673717
-0.7274109348619504 4.1164202733807205
6.422321514266244 -7.301243462250843
2.3183039917650987 -3.213119659605333
-8.96649365045332 -5.910723207778306
-9.844900218887389 -1.930473528124919
3.6991242290047595 -6.4629066906170785
6.890926286254565 9.31394278308251
3.8359296497543216 7.260635411853702
-3.765581013726109 1.9686338658844793
9.981577724588064 -1.1168600590309623
-3.61942552129843 7.072511182497628
-9.57892590937729 -3.0278281559358122
-7.454721241789127 -0.1950797131232349
-0.4805659897002439 -3.5863502228065975
5.45577541186082 -7.196527521226603
1.2038577113130202 -2.424142989889786
3.583497250369266 -7.554066791753089
6.034323756027128 -9.666282551714922
-1.2215879343781033 -6.790411107711398
2.8881060662569897 5.822313378730286
-8.447119387658763 -4.135132590561703
-2.554107981869695 -4.762513040530438
7.2747766013524 7.8436601728701945
0.9244375510684204 6.282145377917569
8.600969258438592 -8.303101627189982
3.98175991121105 0.6674233586959843
0.08051902692734991 4.661095998321835
9.12774528859029 0.5607547035617735
-9.126532782909088 6.504331840469774
-5.921345021489817 -0.6937455079002586
9.41457054676549 -9.86066176721733
7.578056193452717 1.106431203847933
4.917979312848807 4.455651579177939
5.5484516204471355 9.662558511712245
-3.520329759152694 -5.2077153019734235
4.021179254274275 4.186084615713952
-9.732493375378068 8.851028774055393
-2.205343249656786 -9.477167716466566
9.454647504285454 -2.948926889064123
8.43744270398506 9.232846267244838
-5.873653659591129 5.533125773758929
-2.1745168951866534 6.729212257595943
-8.044722741228465 -0.03484451307159908
1.3954054978434058 -7.803347680239079
1.243659039059576 0.9897489489520712
-2.9786905692564236 4.519952387907722
4.796416843620788 8.84182100972027
8.715471971261973 -1.276563432460991
5.181062275928722 5.507662451124515
-6.517994436515431 -2.5345241278848407
8.339403105935695 -3.7803794711714067
2.6956780879069626 -4.796684527234953
-8.667747919110706 3.0090219435885324
1.7098911442145752 8.318070106062091
6.34120636771485 4.332092482107866
-3.128145418377968 0.8129505858560186
0.39444006179866165 5.121713772880174
1.56391520508447 -8.501915839176332
8.337291053078587 -2.5175742614534418
-7.9618295980104525 5.933871606268893
7.008940256806785 -5.389710944947941
-8.56393339759167 -4.851565002837588
-9.367524574116086 -5.180651583461615
3.7441992066099985 3.731067781899407
-9.14288632466124 0.7008825389659279
-4.682004969502338 -9.466467306048333
-2.328051027115608 -3.6206577503386494
-0.023169487869285632 9.024337584998893
9.953127221351465 1.2601600931120807
-1.863960627448071 -5.214769037470401
-4.069949034642617 -1.6683946425417346
4.422046686517632 4.413587125764584
-7.415216378713321 8.066702789618422
-3.842981898471227 -9.431717163168454
2.3085521816748606 7.489211055097503
-8.593636107930235 -0.37976625284215615
-8.321965545556127 6.161233660351158
7.537325685175304 0.10072588158900331
1.5157367159017952 -0.7057826945200745
8.118252628097462 -0.5484737765973549
0.6949324475417704 -2.1021944445551854
2.9460165211562632 8.437061899702659
8.486192995778488 8.729107284235617
2.610833532562541 6.066442831334509
-9.84630687505727 2.0251397316095687
-1.286404107092764 2.9696809413617853
-1.4615941164337887 -3.3432270745902386
4.466352303403662 7.7478603999336
-7.310280407073019 2.6145528169502352
-2.5132198223589564 9.627807349355116
0.1479121475339582 -5.275323220958869
3.533642780948899 8.07958365172922
3.804538718964295 -7.266953931198296
2.6591669996637624 5.6281329298441936
-9.682683509899304 4.444222611848961
-8.930120552158163 3.9003308466364945
2.5397997387710003 -7.017592767657801
9.640436335828909 1.1662128792802129
-6.0964475412573265 5.395557587732716
-0.6306002727008924 -2.7054069203623543
-6.477488667519957 -4.909160554387631
-0.32018221420464954 5.49101615487379
-6.494757969334479 6.770776907916861
-5.259356031666062 -8.220015964378163
-4.081430587328397 2.706460716206152
-2.582961428419548 5.728586223312295
-3.1128718771514468 0.5860930199273184
6.971821420844936 8.35843228667035
5.440530203939369 9.933950004602401
-6.430111662442464 6.358036083497133
2.216660720472092 -4.525396575178531
-7.964362265222147 -4.924195165886052
-3.1306151051729048 4.330341850552475
-7.163004128692203 -6.592329395546727
-6.009983454958827 -8.31708987431502
7.162409771167091 -5.453947505053797
4.9673357479642135 -3.182413830632962
6.120204472324453 -1.9600435670579088
5.987083338741776 -7.631677192946588
8.93771130082683 0.062178650862021456
1.3792706786787985 -7.074032882813319
-9.418634618048555 6.57453628773651
6.853449682713698 -4.5581179753232615
-2.6137762011140264 -8.027693720488084
3.202594859789196 -7.797688547454498
7.585327777075811 8.54202533936878
-8.624574401998547 5.445494702447798
8.84210852030802 1.5270023196294797
-5.2835787785477155 -1.9953324307863536
6.859133267418073 -5.684189194073013
-9.352555817304637 7.829523709815625
9.382667431752488 -9.116569950413972
7.8679570970726544 4.372357141047292
-3.2605684267165884 -8.497602572173717
-6.865577004906469 -9.469639256015244
7.718212477618074 -3.6168404615203498
-0.7880183555564297 5.363404128883861
7.974198748594851 -0.01663073286143124
-5.490584910586738 1.2641717757127946
0.9663452531998971 -3.500108949176015
-0.02779811484659156 7.211816330999746
-9.161252435714438 9.302663930691267
4.010900844771097 2.2326180268744285
-1.4217450964146057 1.6677333853995417
-3.042157151909162 -6.598808826017497
3.8670321004646766 9.819221262222705
0.16600997572701992 -9.522667368606543
-2.4240800122999495 -8.692933276524803
3.6157299187480554 -8.35172171523011
0.7394746692317984 -1.2842395234894575
6.865312630842546 7.053639003538333
7.003815064919358 -3.0698151554673725
-9.776651954391074 2.691014982606694
-4.145606483444093 -9.286443761658393
-1.3796288377347032 -4.71883379351177
-3.884705112909339 5.097278139884796
-5.593013888255243 -0.5850470552205813
7.968030417026569 4.959490091450489
-6.3945977010583395 -7.11974259040667
1.3887049333220638 -8.417162865015104
2.8013172113294154 2.1550483422740836
6.237680353606251 1.050442039328857
1.7843236102437245 9.431375508177492
1.955861845373768 -4.232388469688571
-4.118616869834726 -1.2284320399185233
-9.831023461101706 6.556979809480204
-7.654598892693809 0.05212140788212416
4.880122500420896 8.595967548314082
-9.374607266161323 2.5988530188806784
-2.252829511660128 3.2627954240379715
-3.862705757915352 -4.771267643546175
-0.20377124159370652 4.339979694527873
4.531250915233073 -3.754712848332586
7.982898940156893 7.68358236079732
-0.5147018659708547 7.780808438863321
-5.814543227593674 6.092710349646353
-4.453648806062967 4.339602070807892
0.6802689320463813 5.640832865594076
8.336369840420286 -7.895521025984786
1.183953464701105 -9.132002459111936
6.286489715346072 2.7447032309535864
-9.22127425367144 5.64011741049957
3.7874819468332817 5.571359442255421
8.165885178756007 2.97721755283791
-0.6221346148066047 -6.4130537013519735
-0.6387752041459116 6.517389987964684
-4.2757732008383265 -7.2687470889591
6.9861941219253225 4.500631877358121
3.380295532002549 3.849286795842545
9.074609204942924 -7.577544291755373
1.1379773719493507 4.408259507972549
-7.425837726390878 -6.9243525060110755
3.6054996255876937 -0.051072792312801596
-5.007173339285405 4.727578855754359
0.08287114356319236 -7.791548803124719
6.381913239561282 -6.480020443868244
-7.564206691247055 0.6843651747191242
6.855829233086588 -6.986570416840248
-1.9741236919816156 -9.299422566504967
4.331200215162971 -3.5717311651633965
-3.2914888891270504 5.048314692524848
9.182673782433021 -7.888265585662941
-1.3887606893957187 -9.759425098958669
-3.323752536857416 -8.99785665917447
6.180132940683695 9.549919152489398
-7.541151278373226 -9.528290045633918
3.6754750702566668 -6.87860991967648
9.628930606554349 8.389578258961937
3.2996431734280947 -0.826965712799236
-9.206665948365076 -0.06276594904973187
4.11311205259369 2.044336093671866
-6.097615865792849 -1.6185839664027242
0.7586103167834182 -0.9188896704192722
1.8926697504380066 3.934674141836565
-6.169639479480031 7.2258125740224095
6.718417621771074 -7.252616247484276
8.54733836865968 8.349810111582968
-1.466235141032728 8.61682031810583
3.5080737692934054 5.81323493186413
7.065500468268539 6.18730142547243
3.752701540502004 -0.25066785084200305
-8.662507491020888 -6.079236404724617
-1.5239626029486466 -3.138825021521532
4.086363400358163 7.59650047369497
6.349386744082015 0.4010853199559321
2.2071615774427773 5.042318014901133
1.5554847467214028 -7.174003593599528
6.238415613217814 8.992757649923028
1.426393553592554 -1.2072546848289711
-5.605473826927236 2.4605140821724962
6.460724411624572 3.384919426557362
-7.027099818087397 2.008199828323356
-8.939404394982846 -0.25460669377498846
3.4499927939193746 -5.980014530618294
-3.0021277186281843 -2.469578220938537
-3.0657424733924143 0.19004519061230063
0.2035689010117281 6.7687543258905585
0.8014603867662871 -8.349848535608198
6.165719634463056 0.8041052173920153
6.897061076820847 1.0729268433797934
-4.645668776605292 -9.411758669970203
-6.473803728503434 -7.562475905893919
-8.197793295284212 -4.857292618423516
5.170356627120681 -9.328247911316215
-2.2558155559514326 -0.36676170802935104
-0.09808931764681006 -0.45622712011517663
0.819781772753787 -7.599148422866344
2.450683696170163 -9.027575322064322
-2.1039171700724086 -4.327719510178278
-8.45420859314656 3.015844489149945
-6.586217257281417 1.2558076484166278
0.5040614335571174 9.87365660788884
4.696306405945714 -1.7305635210673227
6.925032442155793 -9.789683671172593
7.1601263925127725 0.3673362330563563
-7.925759781989125 8.991737090199472
5.7090990211903865 -8.65793894709383
-9.9314513166848 4.30866926212194
1.3112076414073908 5.185576389742863
-4.915557611076076 -1.8368676136192068
-8.58072959004881 -0.09400208612409955
8.198834636738248 2.9481422141348865
6.129442829441057 -9.78800246701236
-9.419246486502457 3.1817357165690083
6.613318695839919 -1.5503427641686223
-9.200145514613245 0.38824010672963105
-5.2659341161452815 -2.709277476851854
7.217633577235155 -7.437007728921685
-3.16308206070131 0.6634872643342469
3.071933908420913 9.223062998512358
-8.62901270002887 7.461036439754626
6.2806009949266155 1.3152543453552905
6.921129606890712 5.876687080254786
-6.684036756245739 -5.301481304905746
-6.609027478553262 -1.1934131511258084
4.704195557795359 -1.8722854822002066
4.77603678951365 -2.9333394325360462
2.6694227800987917 -7.966442163193395
-3.675718222263404 -4.741905002640396
-7.342882389100276 -0.4941528280998604
3.2007278283414813 6.663149088202594
6.313149261491795 8.133391488243223
8.86587894185815 -9.011054001414216
2.835089194531985 7.189185792337998
9.1148712986768 5.723900924114007
1.1749282862440413 -6.661701332414962
5.146041218970392 3.2782384945892407
-5.869564996903285 1.7379093278531972
-0.9424697859846649 8.27835666997138
-8.119678107118844 3.391443598022171
-8.611246895622703 -5.122272838847439
-8.845703212471712 8.966379090451213
2.6039294952900978 3.2654592113491354
0.5367890968252951 -6.894187100570976
7.400462822879518 8.453269092844351
8.784645249358999 -4.900708633344955
9.686062010285585 -5.60519441499304
9.985197174301994 -3.0921273324577854
-6.885482013810062 3.5301655417765545
7.594706290473191 0.21242178488820684
-9.721546131319856 -6.940677201955976
-0.38971940517313897 1.86473848935276
2.939780615822553 -5.087247669735387
-6.328432647685343 2.50121695837791
-3.871627872607304 -4.493579006130752
-5.3136476377063175 9.502677950925392
7.584866617545668 -9.498404858691691
3.1929059873498424 -8.064298881120544
-6.623416558468007 -7.670725911514951
-8.008275688003563 -3.938671340593829
9.609808772527341 -1.420950927388052
5.354339955194902 -0.3651431233584024
-5.7839146561730175 -5.152768575185727
-8.99079676920814 5.223609579959096
8.842957174057243 -1.0050162966311014
2.3029870097458645 5.098707471807447
-5.042937762606384 -3.47216119088343
-1.4133332471545401 -7.727756243401478
9.75654915152208 -3.657193579021958
-8.512537040345231 8.836438778408713
4.107328109682108 -6.261814153208585
-7.744358635067499 -2.7641679808772484
-0.3532589285765759 -4.175906390962741
8.512536962361676 -9.47724254806743
7.648487686613301 3.9006432270403995
0.3375466265204068 3.4837701611978424
-9.800200801975894 -8.747575961756821
3.426457067850322 -0.4658900271337689
6.595357800718315 -3.922404364075831
-6.199244452246935 2.2230154191013174
-2.2811848729305373 -8.990705280225995
-8.654161411764587 1.4024490850417308
3.9604707402541646 -7.1830956764400655
7.610887012684337 8.445508187185116
-3.5317112029126445 -4.622839293513524
-7.96157208390736 -2.8489767139392974
-3.1874111051258875 -1.15352937033588
-0.1832323782439076 7.532152901727095
-7.655735167157667 1.9305792523129526
9.268081889557656 1.059587418511052
-5.3540833200036 5.535169674491316
-5.4143600218569095 3.1768641895792946
-1.0342777057133148 6.232341655987202
-6.466673343675932 -7.963575489626358
3.284341739003967 9.520716941024808
-1.9563744757525576 -5.796385790182743
4.204887258527734 1.2505633659687732
-6.768079387038483 -7.922817369520918
-0.38721735696667636 -9.529245853241823
-6.328642835036287 -7.000883510262228
-9.714889383252714 6.332584023964852
2.00907377358568 -4.034431061117263
-4.361726154832968 9.192501375331751
2.18378089616915 -5.963794712499726
-5.1459052980948154 2.616379183471299
2.2340541551702398 3.0736121856812417
2.5929790977753555 -2.470470978658625
-7.120030429538802 -5.4459136051248835
5.178436119607079 -5.380344048172006
-9.14345569775918 -2.2028524550690847
-3.5212839496224806 -2.6046831384502145
1.0416314229198775 4.152749000527471
8.583531571499684 3.862490962847488
-2.011825538611392 -5.003294036196333
6.034973231481985 8.223443613161763
4.6354912644524795 1.4958914815135351
-5.34818724999051 4.177346609320761
0.8220457939558052 9.54497067034
-9.447668370855258 1.1467762120231555
-8.882720861198939 6.386082865024228
-7.650614797496555 -4.250672583170543
-3.9455078331100246 -1.3780038635507772
-2.208677569637823 4.00992309924173
-2.349178481327172 -2.8754744121768328
6.7911645808297365 1.2856541617380284
-0.6994711342259023 -9.849179247410913
-7.326090721375731 4.419231902134893
-1.5048128400311693 6.7539585775230755
-8.0049496111785 -7.148617831630695
0.12943119076149756 -0.6254382311642068
8.628497670044098 -4.530240055686841
5.37064851230517 3.896846296320435
-7.471956261328376 -8.046955720178726
-9.691224493871733 0.6838869865925634
-3.8817987338800686 6.7213607043348595
-7.463316250000387 3.938696750522002
5.632566657642107 4.917780807591466
4.055482983375105 8.623591374332985
-1.3055006111293554 2.8506127158360055
9.03224851702144 -3.9307855290050586
5.9698894536712395 -6.020437930555122
-6.909278196892814 -3.9428038529571596
-6.562008342625454 -4.562562569296727
-4.91755702154812 6.76422312124982
-6.510689598214627 8.499187310047308
-5.3126822185855875 5.79208916271525
-0.5423153339198556 -7.750522859873703
-0.13101495293970267 7.472068632627732
-0.6235275276217216 -3.0491828069345512
7.87699083930481 -1.9689152144111723
6.462135853038387 -3.7573622853097106
-7.805270970415734 -1.9981930610068872
8.244448157569465 5.320907912586856
4.3940752537116605 -5.389368145726799
0.36523128662854276 8.51246125322644
0.06256937049841937 -5.0773455732488815
5.8760530663367625 6.266815000589265
1.4045582620003714 0.2007504300969103
9.843842618558195 7.458241248389964
-5.285153286817284 4.395011829055031
7.720973072096363 3.99818601685341
7.12131977675158 4.48147871690731
-3.7431531961334708 -9.69661886701893
-1.8444578400417022 -1.7512208778286826
-4.105725879076429 -3.6279428304017936
1.3864994027349944 -3.8789902377399432
-1.9218768853710184 0.6694300435144207
-5.176678086130324 -6.111339362756764
4.883267412754321 -1.4398288093252276
8.87033244251393 3.1015467104819816
7.495022717953972 -2.819666984808384
0.8603672224798604 7.428043939950257
8.551460375334742 2.18605322369611
-2.381895503499165 -6.972762956769256
-5.322894035730927 4.994760053767704
7.495076280089027 -8.2699366066771
-2.4538946194584206 0.14210633921464044
-2.705246382340201 0.8945417895577421
7.409623018975061 -8.630768760353549
0.5859045551929647 6.397474934139279
-2.7280123841800403 -8.189532677030844
-7.467619493497439 0.5033569837326937
-9.392246382444387 -8.935972950681716
-3.0518746951264415 -8.3106736897812
-8.591462441284305 -7.875786391588335
-9.319872694508792 2.613764386227791
9.404978464896914 -4.750375535293713
5.9623564499352195 6.662205096296631
-3.5421766466724662 9.028237434366023
-2.542629331529122 3.866492347298351
-0.7051839682414212 -9.92053801922103
-2.4072736419215524 -3.1803294863734166
2.543339728701934 1.1924671901309019
6.881878096118431 -7.556780863471126
-5.769934741776348 4.052229492118187
9.658674476172525 2.244051471478736
-6.997297237870925 -6.6947327139866
3.841987062389382 -6.460827206703826
8.81711090687844 -7.355514200523839
0.09991908764190072 -4.249523245513307
-6.295991275463719 -2.033548186668817
1.5269350723796187 -6.830363028678765
9.429616160473383 -6.1911475709073605
-5.073613545740523 -8.672450009038537
9.137911506406088 3.3703614454551136
-4.4278092734596814 1.9879437020737463
9.97028405031443 0.986378697170851
-6.774348653192622 -7.112144227458694
-5.371836529569418 1.6145430533627465
0.6059137186315322 -6.188290602196935
0.5281381393416424 -2.4193193483195046
0.11277406672951074 -4.225486090535013
2.9307949892285894 -8.726862638942446
-8.231385673216447 9.448494044481805
9.797270836220594 9.663842490197052
-8.887029201543484 8.727668156513303
6.670961955363591 -7.019107890701896
-7.332160631775418 -5.916415226572072
0.98456476344208 7.526696421584699
-3.1154012256522883 -4.958179096826525
9.05936840618693 -8.556169551164935
8.135564548606016 1.4642901460383406
9.070653000225157 -6.855770126134093
3.583221525752549 -1.2816424334813767
-3.592677325552833 2.9918129522155272
-6.527461277367528 5.226458466671533
3.057214914221431 0.26005885380472904
7.559322230843659 -0.5871246765732696
-2.377295300660882 8.227245517838782
-3.402076345929437 9.355052979423082
-0.20673823469575225 1.4459511164803036
-6.021003309858055 3.3329598146084614
0.6447328353930359 3.544613486603712
2.7188585104346856 5.86991229794755
7.5336284227701285 -7.033609628318123
7.944646395039712 -8.070064359075854
7.46589642862007 -7.691109517867012
6.131268218643566 -3.9492113675432705
1.3686450160531614 5.903502726477887
9.832810887010709 8.619117307874756
9.046131440744112 -8.027835355292511
-3.7245999787022877 9.186601229252663
-3.2419508695998616 2.5134226521917924
7.9871677254624025 -5.525953880033498
8.335696573513253 -1.0231499798724393
4.81568278778245 -6.982075262446612
-0.6143127283511891 9.998955244764677
1.276384906447472 0.0310427856778297
5.773993354572557 -2.5344334127931507
4.514587727002839 4.816791538649126
-5.5255458989190025 9.342945433570037
-3.432429630842126 0.10520648756980933
-6.837348066768487 7.304181227746053
-1.8262214862518 8.811895428594223
7.361885528977091 -5.467641338668323
8.651521505026622 -6.056751006295955
2.956051086243079 8.346341912941352
-2.835343615700978 2.857846923259702
6.029372891934109 -5.935451627285319
-8.8284664354746 -0.06206319481810496
0.5926698457511481 -7.535876461036006
9.434645918655342 8.779066273712846
4.180102945437429 2.6958943396112147
-1.8097880232548818 -9.521146354097993
6.481251847710951 -9.508811623658227
-4.3269412172725215 0.920392710684002
2.273489252312368 -1.7108410194759553
-2.120302670682399 7.413251925874029
2.4718268643063457 -7.49490728846925
-6.12116924590322 2.877484303854942
-4.822120131021639 7.208508570558674
5.522176434805264 5.590331945764127
0.8261404338480034 -5.380085035664644
8.218413418856088 4.497043664996578
2.674226861235635 -8.845021143094254
6.288299337481224 0.7711947182012562
0.7668647697277127 9.35458742379225
8.36205439140268 -6.513616313850806
-8.674136092089498 -8.789694330081069
7.976692386242956 8.055517415614567
4.741563865477637 -4.693183963789476
-2.629655077896647 3.057971751028388
5.614986978774413 5.268010928809293
7.468064358321115 -0.2855639081310528
-1.2555882220411299 7.511454824543293
7.554893986645812 -4.760764660581014
4.774939371188294 3.339300914713757
-7.353945579497809 -4.646481988989962
9.653723992520163 -1.3374344831191092
7.675601181954164 -0.5847115859574075
-4.704817778273078 8.113923598284064
-3.0993041297447395 9.985410653793906
-8.565871101201669 -6.043638036847179
-7.84376193357372 -0.578576245976258
-4.944694610490783 9.245688886212388
0.2662270884020508 -0.04377602325904917
-4.0793005125596205 9.923545862867556
6.713871782788203 8.880099531522085
-2.1745404973557108 8.483370236669796
1.9965714252072218 -6.445194376056984
1.1435469798373248 -1.4469006622886909
9.585287407718088 9.123766265219608
-9.751158787944966 -0.6358701026323903
-2.7147473867570326 -7.149418457580412
7.000266297310947 6.459724386338092
-6.9217734591221936 -2.802226310896141
-8.524395216882237 -1.0986034721152187
2.4687492414421754 -9.626451851204006
-2.6059283421560338 3.5949879396449074
-8.541872229767788 -0.6021271778989306
7.025831556874071 5.245726799844629
-6.070203204478313 -3.579401005379723
-7.0620167658718085 6.497984600017229
2.2590562195866166 -3.4855893583613113
-7.630772014220655 -7.060183642481048
-6.807141499878195 -2.2324213028689215
-7.650618603111861 -2.270203238200434
0.011898079353453994 -5.067493687598121
7.4918918042017495 -4.423892458677567
7.12211366243406 4.665103274856381
1.2039837843530314 -7.094593113675181
4.693966367510656 1.922030696584443
-3.794546526762435 -7.4910051181048765
0.6283100905848578 -0.5473771196479653
1.2892234501899775 0.008478507625749643
-9.17057626628315 -8.02079087624558
5.869538041777137 9.400689634471142
4.497552838875761 0.009855444925113588
-4.4001422689421315 -1.060237560736276
7.005409022342171 1.0512308817968634
7.636986875822707 5.92865389377738
-8.788047138970672 0.37518388082918364
8.920971897929796 5.158924367326046
-0.4597825521309069 8.205166562539663
0.42578267545526316 -3.2305805189978525
-8.009403367385236 -6.848691046205698
-9.503234093525641 8.654596968533099
-3.3728855512308265 6.77520032572593
9.990159737920461 1.7435977210071378
0.40252526604894356 -8.936294466920673
-7.474521487925962 -6.529112138771431
-1.1455545187592158 -4.618600093973059
9.5048259717415 7.279822251843687
2.048237410642697 2.8965263254345075
7.571703443276373 4.286291065927003
-1.9434703829563915 2.812520927029139
-6.09083032382987 6.043687684891086
-5.719496363927663 -4.937930179186005
-5.737670546865418 -6.517067136730336
6.5083441988998025 3.266530082831105
9.947621862004286 8.671185930685226
-3.216348156628353 6.369138871091856
-1.1073650464134293 -0.06293587310351789
2.1035913319586523 9.973061236000916
-9.362741364562693 9.049223190870837
-8.327074346954358 -7.167075869240536
-2.18788639047244 -6.004698640180763
-8.03625231030086 7.422174811655992
-2.9358828504756396 -4.429574795530233
3.3573125877656995 6.053722701783588
-0.15166630569914474 -9.56862717418661
7.067559799977079 1.4216346541063594
8.066777060257277 0.19936658703161214
-0.42867427084628673 6.9987585054793335
9.025645402739599 3.305914282488027
-1.2999742317735574 -4.489377207634943
6.80109913326903 2.1513951192117453
2.9576453645943523 -8.740361603268358
3.941100500314187 -1.450782251212388
-0.05406185378315875 -3.849310215336505
0.38436282945592026 -4.772596731256669
3.743720742686305 2.658949925072548
8.382782429264093 2.9792053263964746
-2.9548791924924656 -0.7575450471867171
-3.9941445967172173 -1.5414755663704511
-5.968649184112101 -0.11298443203681785
-8.12623770989872 0.7090809131144038
2.255441872530282 2.833136727817095
8.365699141031708 -5.91170473814506
-1.2128651951521583 -9.775547092338732
-4.55018001581969 8.507248564498326
-7.89199533884239 1.865473461759656
-8.356498560405658 -1.827932463889221
-8.195873972467728 -9.020619316846311
-4.197102100318473 0.46665591503691495
-6.351643810834311 -7.841314606516532
-6.778876396594955 -2.8538090099464224
9.880295103137282 0.7369533939584443
-8.794320139854426 5.898152424247403
-8.741019386465892 -2.824401420921216
7.402804200412355 9.607953895581606
3.7345265176402602 8.212411397637123
3.001483986741345 -1.647659505806132
3.8960163529241676 -0.26040399839565787
1.5492060053833683 -4.786229214741957
1.8029915914830639 2.8512305682681465
2.8063256146264273 0.9838786633591052
-2.1949715256232905 -2.9750857066918286
0.920277454073144 4.005373664050813
3.2848519232980085 -6.3489392457356075
-6.208231637750179 8.231764185941305
-7.582404575906542 9.35230925671108
0.44516772649662784 -9.106258885622605
9.657383852549536 -3.9333616788795123
2.4532988303328658 8.704626218717173
1.2795561290131587 -1.7871517390618834
3.469494257251993 7.181921173282539
3.5858736228390633 2.783421408871183
-3.6526425632555153 2.632616958841771
9.490999694828947 1.3907837581437477
-0.5257662740983129 -0.33433033065148443
-3.1680163402910066 -2.748669307873488
2.6508855915830214 0.22263533436990812
-4.049071116333924 6.225176197774974
1.284871748937375 2.6289151748300927
-1.5978909662832113 1.9923319790721212
3.4546866200562203 8.177051087449122
-1.95230909152259 3.40907661624912
-2.1615049652576097 0.24925689573706578
-5.820301363691849 6.884466553008952
-9.781216407255183 -1.1008438660618314
-0.6840013854148967 -1.84153903806439
-6.395718431465809 9.277496451348295
3.3762164260788055 4.765253256603232
8.350452884119942 -7.623669956836392
5.736275058803075 0.04663824534484817
8.412066004953267 -8.0985474270031
5.2163457843485155 -9.707130131896577
1.8646245704308484 -0.09179417452682515
5.62320119639983 -2.9495076393412205
9.913396439206998 -3.679044380198526
-9.670966438034123 9.03156700277263
9.370568856167921 -8.549723016290155
-1.2864503437987036 0.807495552331952
3.4239045033206335 7.71185998399487
-7.533256467675673 5.212626191001862
-5.969463962270667 -3.5920409617431837
-4.7744591467566355 -2.5778917782454585
0.698696153437302 5.268619707280022
1.6059261972465588 -4.857035870294684
-7.9849680391122835 -0.033980029990969385
6.097909587391829 2.464838104209093
-4.18096163268171 0.6271041616827624
-2.1713864711796704 4.854754296087197
-7.256833103261311 -8.330538175113468
-3.1610438999313573 -4.837560310434032
5.009911478252105 5.928058032868282
2.94064281397654 0.814979429542646
1.0354668360846393 -4.446333682360768
2.848402158938958 -2.34974519657359
9.726046141333274 -9.034805061189795
8.664658157696213 -1.712974392811585
-0.431279909316034 -7.464904824928411
0.3954927542450051 -4.174651457441132
5.931017583249469 7.8583011234490705
-2.2521191138186047 -2.1577734421381756
-0.3252683499532836 6.783947263907393
-5.249841174701113 -7.199585999698916
7.218718947937244 -1.7972963833286677
1.3100439463934084 -1.5383385602201631
7.591369187942213 4.020676927849999
3.1239324668624757 2.6984313753045477
-6.611944343273701 -5.712119644675655
-9.634250893768774 -1.3638380472457712
-0.7383316394198776 -7.943788046736757
-0.967853697558569 7.55421364237025
7.168667168919146 1.3764294007557414
4.987187669421981 -4.334783892045644
-6.38318323108872 -2.2063073154085995
-1.0921907115057046 2.2914161586780413
0.9620400621557845 -6.910577823592041
-8.0667115224886 -3.956023799189383
2.373309974933594 6.199481881296919
1.1746907458162887 -3.4285632178614778
-3.0222168641297404 -9.573806984854796
-5.442081317523025 -1.226484698032003
-2.085077202668286 1.666078650347984
-6.7713929637373615 1.7666278357940985
0.5684539231708889 4.8581160062938995
9.855821629232008 6.046866928859622
9.272254119204774 -1.535595723736714
-6.227024612486371 -8.015478548115267
4.47549733138619 -9.08178140686163
-6.330921564069203 0.7747415836250031
-6.062656959200892 -5.947012633205375
-8.786595135013922 -6.1407588640247095
2.2596561630504137 5.370460250263934
6.1402186990241745 9.648752569713718
1.7935881702729581 6.009603768075571
7.441694698502722 -8.135135188261462
6.498617497196587 9.655924399463991
-7.116883783617832 -9.063825238902012
4.4265036322222 7.196989737410668
-1.3850019697630245 -3.13264279097647
4.177012764822887 -1.9013400192949366
6.987376429553237 -6.152148816736219
8.907306565868499 8.942966771857535
2.532238377901649 -2.6206974186666043
3.7450542148775323 1.4782834895550607
-4.108282870277056 0.49033694504975145
5.811812443333569 -7.803229843038282
6.787168177764663 -5.18696259394866
-8.179016650548952 -9.180736840616536
1.6152371635711642 7.940609381172269
8.670438466492584 1.8736005912099412
-7.300526003201215 -8.722307519516972
-3.6984343000868325 9.043448447896154
6.224763895520603 8.542768984444066
3.180990077628799 -7.522361567885896
-7.785080090749612 -0.604060270532667
8.886393234552902 -9.066976059800929
9.6808133992255 6.070806990568521
7.44349934146646 6.606917373431461
1.7285050985632093 -7.3092942287609635
7.083424172947662 -5.289915345616816
8.361330623767358 -6.654889063101239
-6.549115141355939 -1.0793686702509682
7.1515829799553465 9.68262312715077
6.794902005209501 5.2204064540866
-3.302768298413838 8.348680608773801
-9.493440222227594 3.094456056115135
3.7689721333903456 4.613532449897292
2.5219315408140943 -4.890962223446986
-7.056704267917915 8.329459161107355
3.9958014995930657 -8.903010129863196
-4.427561818334606 -1.0461016428504486
6.328509375708784 -4.708660277168891
-2.2828272533771488 3.101972926497492
0.17268241863648726 -7.252444818339276
-0.6075205265745893 -9.93019116550541
-8.163486816691922 3.248991747123231
0.668721589969536 1.6539446171457897
-8.203543418407735 0.12347349751321701
-9.615024005003418 -1.0570229437903667
-1.065276687318704 2.3435080005635776
-2.660452617211191 2.548305288207576
-1.0669542711389628 -8.084753761059737
-6.021975090939041 -3.9078271492727996
-5.948222315847575 -2.205180269699996
-5.9366625728714695 7.470686454432588
3.4402795666009958 3.898295475814388
6.2301529999967755 8.26673216909175
2.437622591403814 -4.585966008439781
7.713233223180097 1.1471616821767867
-7.344541439423793 7.086358826041192
9.363788798911909 -4.99572512812934
5.610264274145759 -1.190301955918505
0.866626883610035 1.1097622091670996
6.036485096600021 -8.09586171345845
-2.484560737665806 2.1795846858178347
-5.071664935097566 3.664450259631211
4.141691348095032 -1.3664034428433425
-9.858310019256995 5.042045119613526
5.985411878954515 -4.108823941384106
5.434619755656113 1.3977710926572477
-4.211784589559087 -2.6137220830624734
0.22907402237340158 -8.229597364537259
-9.369202692475028 0.7691602418603409
-2.5804666052071434 -8.228008377012877
3.5594500836763014 5.58623568681284
-4.541404331667501 2.9063827939908116
3.482271128742953 7.501119083396183
-4.004238625679051 3.093603789583268
1.9794737034143939 6.658179539935119
1.5648604752891728 -5.690426496182235
4.776971292004175 -2.9907656666586924
-5.728978241977327 -8.70458280731214
4.117941519279917 0.21509961927847776
-7.320188802197856 -9.87876687493011
-5.292425636105964 1.6643887003105622
-5.111946736666444 -8.896350458388849
-8.707938558790234 -5.883500188432249
6.129275508723051 -9.532631203085236
-3.481939501050995 -2.3946853984930243
6.484685688528245 -6.283856584082876
-6.969445755608459 0.30582500091719744
-7.513439842541924 -5.96649498509088
-1.967768879102218 0.5601207950442912
1.5021786976500664 3.7911730430573805
5.309171670786455 -3.9705512712323436
3.316329318406197 -6.551012172751456
8.210464498897245 3.824543669639773
-3.5211483238624197 7.8930336400600964
-7.428245179057651 0.21970860490712596
8.577309495717582 6.509794093523951
0.35954897475730974 3.9977082348227846
-9.841470459790905 6.01904901606359
3.084080111229282 -6.920250716221929
2.6500348800429556 -7.092484344193226
8.954130338415183 -5.010703556636851
-9.032377162634033 4.414093412893802
9.280767080254101 -6.286920850555646
3.1211441110102083 3.653589373454917
3.3451262736060876 -2.882559571343073
-2.0589716663653057 -8.466321290785181
-2.559221260220232 3.978776246584596
-4.017417058052111 6.144958111869666
4.081609673698932 -8.883251196079144
3.605780623421534 -9.394259046919196
-7.580424810445738 -4.083011991793512
3.28090923072131 3.8468326861875095
-5.789263849979928 5.3794753110735165
-0.558361882727068 6.087085543314011
-6.081081562802016 -2.2337002042009857
6.955570445948609 -5.91468407889348
8.226351922952468 4.730333525590073
0.8221640838951227 -2.4147193076838462
6.296124649877491 0.8593880938113898
-6.926146142360368 7.4975334233991795
-6.079044246051533 1.1553022667849149
-5.229049616279349 8.859786311974581
-0.05692295404296388 -3.5692167778246215
9.93572749268056 1.858756950731058
-7.11044719246726 8.448067494288132
8.236569537680658 5.8001436005683065
8.32408142862899 7.137840984694044
-7.153611434667497 -4.650319028948246
-8.2085104901755 8.64039662467561
9.705251460885766 -0.6427757641349316
-6.618911703900121 6.00125930717169
4.887014517837434 -2.682036070896869
2.38649308166492 -6.30063172874892
8.316001769317616 -1.6946395571700918
-4.039063094088371 -1.5358483451147045
9.192071926243766 -1.5029471302486446
-7.601099521054831 -1.2591709082401277
4.122474636939339 4.645447570662501
-5.120757616497484 -5.356955872394358
1.5152092087271125 3.935178584958404
1.802548063475749 -2.594732104289914
7.362772753488546 -8.450761772639732
-2.406154460817116 8.197633123400102
-9.586921692182102 3.5211541788135907
-7.631645611930134 0.2999268881206909
5.303613168089374 -6.133687178266749
-8.269376757059142 -5.934657718212268
-6.5053887829732275 9.754968111999776
-6.670743814059437 2.0070319076856418
-4.901852065823649 5.588317410736627
-7.6729810547332615 -5.631228119500362
-4.103925784925835 -1.2513185533999387
-6.113735839711573 -2.0793618958770725
-6.337917963572179 -9.082166877301052
-9.490394268835665 7.014248233772552
-1.625113605636324 7.755525143384695
6.065831881819793 -6.560687917160939
-3.744227789794885 1.750229247874973
-1.2902692765079316 -2.8686607258137142
-0.6018643443593614 -2.0367994160188125
1.7246010290499463 -1.120225157818668
-8.236796622184253 -0.020966146207605618
-0.817571829073982 2.2929992655318863
-5.697917805279317 -4.267120884248432
-5.284830826851867 -2.5005512627566766
-0.4305455531798241 -9.347243688436478
-1.5101258182108062 7.071422198119002
-5.685599289778769 -8.089930145081848
-3.719126972340767 7.137675620756966
3.365900509978596 8.96921989692109
3.7461690150185216 -5.506677903694466
-6.666665572743966 -4.468424649999401
6.540836854988829 -0.14804539693473728
3.5573461355819838 -7.82150291330024
-6.470063885609019 -8.323927172666195
5.178914228120778 -4.381158963654701
-6.0816364386047255 -6.078930206736919
-4.46413044681917 6.900506184398147
7.514175235875655 0.20951582341436037
-1.9273482738692582 6.329123855684191
4.388668862397637 6.408854041119184
-5.589051274575314 1.7460844846634345
3.098610342229719 3.574572546133046
-9.917490213523205 7.652096725899373
-3.706409538545037 2.6688668584228203
6.579866263261888 3.547345954098791
-6.201122373260386 0.6775202904802136
4.802993319856599 5.161978933883763
-1.9254508081690158 4.500148453471986
8.94763790846173 8.070397448940561
5.13811614014962 -6.2981043767894835
-8.861592729147194 8.461918396015808
-9.519560931387112 7.6583213972668105
-5.218120226100103 2.392546086514436
3.970105494321283 9.04867621546503
6.479423386370012 1.4163059530809257
1.9919357708686114 4.133151902147432
-2.4993769647220727 8.41022916947152
2.1830124215383613 2.2119658581918884
0.43121519708142486 -4.470854584840209
-3.479266448177527 -6.1853595917052395
9.746833058791498 1.477287031290066
-9.71510289839146 5.4069406183711735
3.0944392471391318 2.8082844778827294
-3.2847746716929604 -5.678989548909286
3.6690820700407265 -6.683324498357375
-4.354661401093245 -3.2601015887379976
-7.647978208139918 6.9071640258990605
5.421560168294926 -4.199223748749326
-3.0853902802582382 -0.20853734447979555
-9.507001181683005 9.83892408504823
-3.3502790361147072 6.687078369524016
-5.530262474314225 -2.329284977761046
6.167058654011768 -5.072751046972279
-0.016039417929146538 7.126034537447161
-0.9660963003338274 1.1861247026010897
6.1682155089061155 3.363837280752991
-7.199790409979752 -7.706393539189531
5.0852124688544915 7.566959746728116
-0.7779766432181106 -6.898488246669599
1.7400953876798333 -3.0876561833416467
4.6468111331737045 -2.8918120672934826
-7.746050118458561 -7.962288215474711
-7.209522852715908 5.8878289994648405
-5.932567923101049 4.712090757436659
0.43845936129363494 4.737710430196316
5.279304460145067 2.408991493780599
7.086847996979998 2.8733976647745596
-6.657032323528398 0.9757199412189639
2.6567893486004106 8.08060008786817
-9.31746308736465 -5.637230424576325
-7.099294739505904 2.262037140749076
6.16646525449017 -7.93969643803927
6.136376930744433 0.3394616072368546
-2.201989827117192 6.4345051834543625
-8.966675722116165 -0.8705432602972056
5.53541957623562 -7.67559525977312
-8.437748222993696 7.0373887325251765
-4.108928966198475 7.911550016455639
-8.498720772812886 2.941649344332241
-3.6823245152275685 -5.594835910149998
5.505396413795713 -0.8121969199685459
-8.838674099961425 -4.2126729050395095
9.321621514206711 -4.7063087945108535
7.355154197692386 3.7290854671089146
-8.631010540181304 -7.783209244268128
5.026780959926263 -1.0755695125948428
-8.14468976478323 2.742787767900275
-8.1063452337632 0.5244330131734714
1.6949212968860614 -8.193129007243005
-3.62523184226389 8.179424564625005
3.4375573079312005 -7.007952932137725
-0.11638648385537742 1.6287356483106343
5.6544464147000575 1.676109478769881
-6.644932555416827 -6.500098429442862
9.561299133749877 3.5122975108485406
-4.286532596494375 8.213424043413408
-7.10368012879983 -3.5720560055526684
9.611096878215871 -7.250863344115379
-2.9053255320102807 5.195872225199675
8.582619907657175 4.491526770979739
-7.991673651918596 -2.280343818231838
7.797769100299455 -9.536830641300583
6.49245815953504 -6.078868374078954
3.57201706086812 0.3435008310873311
-0.6734960100943592 -2.854483047560028
2.9769811735733818 -3.206305974158081
5.866307677199705 -3.3848193042971086
1.8769382389035947 -9.684117994705787
3.1170704120259334 6.496781540187399
7.423599889118236 -5.192282388863787
-4.1340435228313055 9.86595292756968
-8.926572014923641 3.7992510869536193
-6.061256804446762 -6.410060532609922
0.543260674028982 -9.959622224451007
-0.871065346521176 2.609474256129227
1.5367892714379714 0.10623148541897365
-9.634949130852 4.186026304448209
2.4940109006126363 8.07296789943986
9.902172586277679 3.8103970231206254
0.47141417183844503 -6.983449088989624
0.10671596930730942 1.7020051874261792
-5.487430076744275 -8.940635376012793
-9.254420799325649 -8.411274952401165
-6.4171051637923116 -6.890699279717976
0.957064086471128 0.0063379864232882
-0.35084847421094345 4.686149077233427
9.262901555007822 -1.370597371667328
-1.035048627823052 -4.391654933442335
-4.771188949023008 -4.873683233551449
2.297376276066734 8.838622064125605
4.641365527539307 -3.866637977608656
7.4562713613573415 -0.20151543019764873
0.36791070537654136 -0.36840988620463655
-5.218016454182964 6.77934236001207
-0.7530565227233303 0.6167982829140044
-3.0818668668769416 7.865156046727449
5.282070841786092 -6.433858228057003
3.264549747475588 5.3465271605988285
0.9965978230081678 -0.9408731277709226
7.597549976551463 9.656841492323021
2.5611228373687354 -8.599313566147256
0.7989037075158745 6.590427686675824
-1.2887953233019385 -5.931554859618777
5.339849265522439 7.237739661767989
9.056066788319065 -9.642727457553494
9.301644332922208 9.254766388117645
-3.955018892314232 -2.436268231828624
7.343314307270045 6.291514607097778
-0.5883339512479324 1.4597794286779493
-3.1297429293550527 -1.5653043334737493
2.9279986331130488 -1.340241478925705
-8.209008164199945 0.18797133091227103
8.262004318688728 2.7930810358991405
-1.7149445472324096 0.741229867953825
9.86993340984959 -6.935581286825425
4.224050880341206 4.153825996351959
-0.500292270960415 6.874090513907426
-2.16120857012831 -2.112973073554592
8.655303392523315 -7.510903872806464
-1.2456413287878139 6.381999233809193
0.6361798983069438 -3.6216581292736745
8.29001374840448 -9.010221162987825
1.8016897533992164 -2.737516610702868
-9.069812972289064 -5.647688359150498
7.314786609483782 4.801845516590149
6.087232277326965 -2.5778773261311416
4.732800739504944 -4.054792969970316
9.577712306711454 -4.8308871028386875
-8.170551037024387 -1.2502366219319896
-4.547090109584843 4.478158201364167
-9.694959180643698 2.7492525808250985
-4.548740630201429 -2.615723826484418
-9.463474668277545 -1.297127272704179
-0.4709822271267612 -4.1138813659261935
-0.31557140789966454 1.9098637313413285
-1.9572876107932746 8.740494791698339
-1.7863319790860963 -2.7257719621758163
-4.894110693207678 1.0991769425163511
-8.329106337323267 0.39045982106179977
-7.642013794527543 -8.820304243665959
-5.273899615259259 9.313618326977348
-2.2280932722388336 -3.8312337662323426
8.983959579078626 1.2230434652938875
2.6864371014719914 0.7431906459722715
8.028711815455708 -2.0297104405711757
0.3102097350391997 5.353067682347083
6.027260343334156 -0.9591258068466502
-8.407009761722827 -2.3201952237857615
7.150003729892887 -1.9806847530426008
-0.3518113952032671 -2.1803115654452654
-4.914403048652383 -7.560417093741725
-0.8095525222730302 4.515268128673942
-7.946229615741549 0.5952216434441588
3.5589063869122377 -7.644037493501377
-8.114037148615276 -3.9584488627441994
-0.5642076749631979 9.74391430535417
-9.381778266888084 1.3551467863979951
-9.980765340116982 8.072564970670737
1.5344934996052384 3.51160657153477
-4.2739483655197485 -4.317136139791733
9.390509935760207 1.5978108123482073
1.568400852940119 8.965910512096404
1.9354312833818028 -9.000576060186736
6.143835254000209 -2.8586790739182373
-1.8502384265000398 9.937755775454896
-8.568046261985454 7.650213692734162
5.320731837921592 -7.485125497711986
5.301994285202552 0.7657222201198248
0.27180282154206736 7.494557424837687
-4.089566839325835 7.208863059511081
-8.513332939465743 -7.855019858203676
1.1853656936598878 -4.989531434881789
9.867225602574202 -7.812215350553055
-2.2087545551837273 2.76390882394605
8.579422144209914 3.1416490797815566
5.440095033231312 -8.362948433899799
-7.403690850225145 -8.899755481301927
4.141777207235517 7.666493249792133
-9.450165220762514 0.17564621539083092
1.6289227860225903 -2.2439307486092535
0.5791135423029754 -4.014177871431905
-1.4648753974276794 1.6637058424557445
-1.3940445870880467 -5.874730712451425
-0.5411521191627688 5.43956125959742
3.394714486474035 9.26761158203896
-2.919933355098026 -8.208211512154715
1.7559404624096047 0.33231155589293593
-3.5608699395217798 -2.242078380878003
0.8682330073199758 8.666051457096732
3.992048269638186 -7.033711251277246
3.035619636891189 -7.815700189556485
-9.137716790600905 7.435656873746517
-6.330393673868859 -4.853008092219017
-9.52758449880166 -0.7452182508436973
3.670244702732166 -4.807853891757499
-0.14813722084598702 2.759997889316928
7.114344478923414 7.564209199347843
7.629140070708992 -9.641638866107796
-6.645393586149632 -4.712284631308932
6.544220854693219 3.775825655878691
4.457322961946401 3.9195916600900294
9.596328935522195 1.865192754362404
-9.422518407044176 4.2518185695337145
9.544141903232436 4.69878401204352
9.996202006176983 3.3720050067882923
8.401165621532385 -5.420490100699443
-2.3272365490989655 -2.290698222529601
-3.655590914802545 -7.494157175942875
9.655396491205018 -3.3183558621226013
-4.935964684736447 7.755777334120214
7.814905922226071 -3.1989019608971336
9.235070627261457 3.3537300036586544
-8.336183007678585 -4.9013250081293025
-0.8522197335709087 2.6038367969838543
-1.4347797983591288 -4.464279073626718
-3.4192698051210035 0.19999426884485594
-6.104627950736434 -7.850306201344662
7.5819583934598285 -5.6901801148700155
-3.310753274582714 -5.1643398979322
-3.9137297657544963 -7.609275163641063
-6.3724668845390635 6.121224906618874
7.274398173001163 2.7226117419063005
8.127357389402079 -6.01429634919763
5.180474871421804 -4.549752630551074
-7.49572266949386 -0.7048008500234246
8.430491170872209 8.768067346713192
-9.256189466403884 5.159625826746609
-5.98696093233428 1.237195528056974
3.72933469594148 -3.5980301185333268
9.316715842752743 5.464590073378272
2.5659880583584727 -2.6999936520174384
-1.705073425927747 5.58921580150934
3.62566399204049 7.684383035569834
2.0526194476385093 1.3717644844881143
5.393689845670144 -2.5740576649000584
-7.561277843830347 -9.562902406342113
0.40510918871294166 3.618764044756972
-3.713858291568739 -6.122980414556826
-2.933732541504175 -6.795022801353756
2.853428389786828 2.518131629817953
0.6380514852710135 8.613506299120548
9.99661213950261 -0.7642135828274697
-7.971339686821384 -2.578404276875683
-1.0968283642754741 8.931751280009404
3.910231787544747 9.869287298357122
-3.8505192465611344 4.449267880896073
-1.283633191148045 -6.93198857794032
-4.353255705009868 5.842267071485809
8.499955781907772 6.655030481302109
-0.23767097714730667 1.165209752572192
-1.8129590053095175 -1.9948977968033113
4.909566899911972 -3.5214399341285247
-3.274083354769129 2.5137893001560396
-7.780397762485364 -7.64133461556127
-1.1382316985854661 4.668483851547885
9.870475890358296 -5.77369797667711
1.0045271261681634 -3.9864352599527697
-0.8670896211799732 1.2550012263052714
-5.744676911703035 -7.478779911673509
0.45006476624086034 4.590008065056622
2.3583211098739643 6.003955246446338
-6.374587552654876 -4.314919120210641
-3.517205049693839 -3.1006547166243914
-5.953284372308561 9.308052469661469
-5.721906476494354 -0.6441718256817062
-3.6372278710140353 -6.919721003960113
-0.09091714285906782 0.5940131618170224
6.652232107925048 2.847567424365714
-3.639858578136548 8.210473111089719
-8.159988011973818 6.889049379358809
2.302924135359767 -0.42900067509079065
-5.336588942651012 -5.750897580417194
-2.771073791359351 -4.173329271234259
1.280692205091757 6.154713198649844
-0.6476349976230615 -5.267853207470383
-2.036962592608469 -9.967602715260346
-5.771532297299911 4.02739141416645
-8.197683421814876 5.2047859987439935
1.631621626408915 -3.7672473428534303
-2.8908116872987506 -4.840126741200477
9.928979560588498 -6.683198111481792
7.099226891630639 -7.786347993584886
-5.592435780318721 7.720563979767551
-4.957958272314535 -4.256152583444715
-3.858204511226937 4.106322900968243
-2.725429691712396 8.305575828906512
-8.459300373990917 6.63248013136489
1.822965467065158 -8.949960740164185
2.62809551995106 -6.0749101892491675
8.36916051565844 7.361508164823668
7.3121548127241525 8.626235200421366
-9.077112464877361 -3.6447877286952917
-2.6844623932488876 9.04780601441146
-3.1770848802278113 -5.267920002632078
8.95315028774452 -2.6601396754666524
8.964510045849973 5.126029346571677
-7.19809987991569 -8.051973181606797
-5.471726651455924 9.295373044237834
-7.479680878030042 -0.717050845468787
4.147916457127096 -8.838869336575016
-8.128422479522278 -0.8883455070325468
-8.942445775861653 -0.9836027701887495
3.210060270198431 -1.482974055211459
5.529018123553266 8.602911871588539
-3.570336939421475 3.2373553201835996
-7.989812568240775 2.4965703555006478
9.53976246738032 5.284941406909171
8.90831089851969 9.677958124596216
-3.2474017479046573 9.279086415014312
-3.3899334533029872 9.83363899873677
-5.814610245740317 -3.3858139597570602
-0.5574091806056547 9.407191909743414
9.72192993820806 -6.573524500976098
2.113565415306004 8.280990918593535
-3.3710213069071537 -8.388633585680811
-6.34202410350545 -6.365436991289581
-1.40505408700216 0.38988600024342546
8.673467224119545 4.083888653323399
2.1015703950076663 -7.315110877849622
-6.691630974560844 7.475217441852664
-3.4494136240493596 3.331587692180344
-4.34955521403235 -6.80883447576621
-7.379003458080642 -1.3673185540244575
9.295188504153792 -1.8498673213562196
3.742541846103224 -3.1159776551218226
1.0857196654267796 8.568588444696534
1.4305207611909783 -0.4577811024872922
-2.7740408847083327 5.176277060201986
-9.760114197766976 6.075465690320211
0.6235745453829615 0.1875526888704666
3.603054747340382 -5.168048741328414
-1.1101081760857578 8.359006831821961
-5.223494974057552 -6.222212645015075
-7.427066272835177 -0.8788078981462277
-6.409250837784615 -6.542169487250655
2.9698197941002658 2.405625353986549
9.155353516673518 4.152676959728858
-9.697070332035025 -7.816054126754071
-0.8936339145796204 -0.19547302747421824
0.5129987562619434 -0.48852043656500577
-5.648846036365358 -7.013834359234923
-1.202900844737652 4.21867611167805
9.709640134446687 -0.5964981108698648
4.777084799397574 8.757102551208455
0.9739199157777385 -2.520164544840182
-9.655306923303634 -0.10482469821482887
-7.409105106445894 3.48109687764226
-6.261687039198414 3.3970197804155315
7.946743827129396 6.149668834218495
-2.407872767671366 3.707042212464504
-7.279653234144279 -1.297810463263394
-4.253068143424093 8.583607405287655
-7.380829215678155 0.9658332099936189
5.784760854993884 8.658309917533295
-1.5780377400140964 7.3030743371066045
6.200469206585403 0.3355016095650001
-4.550283362637904 6.295378277228373
-0.27349324338996617 -8.520521876089822
-6.9768572702948495 -7.215624651277488
-6.7231075012909125 -1.0252535125276108
-7.83412053117379 -0.9283685703694786
3.728161635844039 1.8406370331787514
-4.926186470466765 -7.221519990122087
-2.4749425114842634 3.034804276680795
-0.8404212495077417 2.6419088087323246
-6.567644551465026 -7.196613912104992
-9.263133752289164 7.276510039279575
5.104010977051265 -8.663099400182848
-3.77714556080905 -6.898396196784297
4.472450660989731 -5.362246957572124
1.0513846057808642 -2.964455295524684
-7.205917616904902 5.628668575721818
-1.2987865154851583 3.90569782396803
6.2678263512204815 -8.974291250663399
2.286427836874454 -4.490773927891483
5.783954137209745 1.7496149285112335
8.991820642013447 1.8982702082704055
5.720383509747858 -0.49230429599272085
3.8294029356894974 -5.793958160178221
-4.399735144319246 3.4813662395311447
-7.063762538358047 8.099863930567256
-7.019974311289589 -1.1292243410041554
5.281185147308742 9.577600505226801
-3.5622642953115395 2.87732336477686
-7.622030019306472 -5.159663693942846
8.277824107428067 1.1302134190542557
-1.9377211488769497 3.1094086831875583
-4.215583481265153 9.981729365679215
-0.9871703995707684 -0.14128826901882618
-0.389098419844192 -8.116453622725983
-2.583268403786631 6.010304633393474
-3.3074605220322173 1.7590402263423357
-4.331074604576653 8.024807896556727
3.4148377316890777 4.703620221977975
1.1102712230123686 2.6346458249088194
2.5672115784881377 -9.661490483714541
7.326520314183661 -9.189296134356477
9.2219242659739 -4.37672092173224
6.2590603961629085 -8.353780949699258
-1.0683173404221602 8.724016775115459
-3.0677718173499047 -9.964426931284194
6.815540455014933 -3.0073043435046065
6.174743210211943 -4.465328820773708
7.407172843683789 6.089286302565544
-6.349188934740861 -4.140500648194516
5.477176527068178 3.208381024412507
8.72636262935443 7.800899114752507
-5.123158602327256 4.433815768157158
8.636566449886747 -3.1829584419670853
3.1145795294566714 3.8563098987873303
9.782569703223473 -2.6558657114718986
9.978677349415321 -3.4807970457673925
-0.6372304909240523 7.798113287791182
5.029783122883986 1.129004748331619
4.903484288863897 -3.9814657772526285
-1.2472307992021285 0.4585354329546316
5.2024948697499305 -2.841753470369266
9.265978815994483 2.552974897208067
-7.171872673787705 -2.2120347062211465
-8.182088112187873 6.785042231291975
5.482397457312452 6.399173737104011
5.374926949799853 -4.1581060120964235
-0.6781479353487203 6.016183634374656
1400
1.2731782376642258 -4.6353795339565025
-6.493446732913963 -5.803987895390705
-6.424354748631254 4.590286176774532
-6.144020521205622 7.610516117826364
-1.08404376599694 -6.407960989704002
0.6344658686135158 7.151503107412243
-5.413393698268097 -0.6597870278980551
3.7431369989405123 -1.0058255097504105
-8.64948279858349 0.6875804371675454
7.632476930918127 -3.2157223314170196
-6.294961908238534 -3.245517806898599
-1.1453329143007291 -5.933866338388826
2.2091275046611525 1.2300146236691276
5.958429869103895 -0.9217845040319244
-8.287584694297363 -6.07330511886099
-3.5817526192121063 9.842132228606985
8.653201129667131 -1.9785890425496184
-9.570031466310544 4.578762830107404
1.5203904081105275 -9.146054996952977
5.127148290329792 -1.055033184162637
1.1604128671548057 0.9564719152596162
-1.6261360020243654 -6.355340625827848
3.8014185500824755 -9.432066093123709
-7.85116306755693 -4.952398808737084
2.614157256409692 7.661559636722114
-2.3642661059957604 1.7288142271352047
3.146097447274352 0.1848605096769429
4.1415111195322005 -3.247276088514848
5.049307051010468 7.348334020649421
9.922326856299499 -4.094930099012726
5.2879807173771525 8.640827473827496
-8.470626356879059 -4.576125539690688
-6.795222121414768 -8.059770854481092
-8.135080381726937 -2.772535653051853
7.003292228496363 6.121980545138275
-6.688184386179861 -2.970875232600674
9.355535279637937 -3.5730717034686084
9.695024164014889 2.812199090854417
-0.8342514443526383 -1.687698157208132
5.69051089408557 2.267545609984616
7.812194847122083 -7.160803515216651
2.4445966036189652 -2.3436759793357282
-9.95728876193417 -5.971879617877065
3.7380720331630553 1.8107072414264707
-7.383323357742084 5.202423009225756
-4.967739753207612 6.9321971423196125
3.5971958005633624 -4.8427099391486195
-1.651024208601859 -2.6953574277330077
-0.4231877764637648 -7.017743633989186
-5.110023170084577 9.762912281750879
-3.129527608813863 -3.638310251070802
-6.441865471259327 2.332131340867498
-1.1485458100917398 -0.7577322288503723
-7.066995323949355 -2.133176776323687
-4.829623372186392 -3.2723323157640083
-4.518177456076922 3.4910482779541887
9.393110589612665 -1.4342540602683673
-0.8414255597740983 -5.526753870171241
-1.559030191049347 9.974930187661531
0.7915666176086074 -8.42729383419374
3.1921388869103584 -5.0634956682683825
-1.192587020895532 7.130056655312053
-2.3321236640725456 1.467229627746164
-8.131823436135207 2.47326559197694
4.749214503894821 -7.399532130211924
7.688326715935592 6.21594308156083
2.3546834109812558 1.0269451661925881
-3.685736099921309 5.559287378137004
7.653174864108053 1.7234300396306743
9.77569059808279 1.2337458806280477
8.113712973057854 -0.024104645021910898
-0.10407775655338192 -2.7144381216082962
1.7604715868690395 -4.359380948868628
3.6821430418285708 3.8013373908330745
-6.609550006201048 -5.451631196521964
9.64546682724221 -5.837551892705742
-6.833254741956121 -2.7244726525216407
-4.884720909737245 4.598259670697738
-2.6593261669018613 -6.981981168631959
-3.8897854979641604 -3.104121562282602
-4.77109652977431 -0.7965779914892597
-1.8353751589996765 -7.92156782052126
-5.0851029367572735 3.4273937291346925
-7.336063831642905 -6.405973896420763
5.474389229391912 -5.459354601416995
6.398452591910221 2.924463875838475
4.244495103784825 5.5680241787958025
0.6207521467679626 -8.572601593155259
0.8762657945445813 -4.222980170769166
7.764972755221621 -0.3249245377856269
-9.34421983489351 -7.114694857481578
7.497919575400552 9.23894822525186
-4.066695474192057 5.4883014026339545
-6.749246704505891 2.5893374062530796
1.0548737588534234 -3.0432159415201436
-3.801953287718156 -4.1963576717173545
-0.7154005691088123 -3.035413363816275
9.492543143775062 -8.167493079029242
1.9680668236062964 -8.957798125176339
-1.9302616034577564 -3.1718531037189734
-6.533353695148039 2.8037167580431657
-1.3851092355323118 6.296053717720817
-4.488661035801524 -6.750862409569369
7.556489953859362 -0.3925893480682525
7.251616655989146 -4.852270216866257
6.1436339090807195 2.869733608913874
-7.80551790311444 0.6045124966414956
7.863720758058442 6.364070019350859
1.8700274230544505 4.868439917206995
2.1147752225281238 8.192109587785417
-8.57039021165247 -1.136713896126782
-5.585664423926793 -4.585044966647985
4.552692150278601 -2.5427905171261838
-2.993056861365366 -3.207598311674113
-4.788956957046762 8.756924441537862
3.4019791621751274 7.214964563287687
-8.264988012271044 1.9424303196070074
3.0206535417073095 0.5275432020238
6.838715281281267 6.772564094515527
-1.7335143093549306 -0.8147054625067085
4.635334409186669 -6.1890173948676335
-5.879798314993265 4.144652511164145
9.720653647129872 8.177963228602756
7.152183460015653 5.636610285360728
1.3355781226132528 2.4344167163318335
-1.413486791343372 0.09538796022386364
9.121023904936873 -4.660382113270778
1.9884647827506754 6.796510611498796
-5.449151446126434 0.45311754695593365
-8.81577916603861 -7.754121510261527
2.4329560037075773 -4.086364498775752
-6.555171034239429 -0.2569202904561365
-7.637530253762339 7.8889372249187275
-1.7122188707940644 -5.285366385244766
7.326651610716397 -9.083387916752706
7.389342717414728 5.888352799494712
5.264220621484148 4.61694554347973
-2.4425013593918994 7.04599803313063
-3.549615459998055 -2.6216834474631368
8.071569546134729 9.900010578278007
-8.934159111323755 -0.19543446198744618
1.4018870662594587 3.386315799539002
1.6570057509139087 -0.8766102555139828
-2.083559554162882 -9.068560014947769
9.72935725672442 4.174934693044204
-7.4990175116109175 -2.428119979426846
-5.788208293336979 2.1762620907708587
-5.336500131024926 -5.194433476978382
-5.191623631045128 -6.244568962620443
-4.4998190461775955 -9.436580283174354
-1.9906888998745114 7.785210558535802
1.493280878609685 -5.590352541661767
4.655708261218482 -8.989678518947208
0.15658100031533806 -6.5018954367194
5.740623358961074 -9.350014302118197
8.239538455108196 9.316419211128618
-4.486168663886305 9.288026149572413
3.3523805380792417 -3.83665563787122
7.95526664558588 3.3661991622643956
7.944939180166504 4.300394524400982
-0.9096653235906533 7.479858282591248
6.928797853612323 -9.450915439620452
-3.0869658946698753 7.24621993141842
-1.175177457737103 2.580734844359803
8.841054665989464 3.1691180439251347
-4.158133317357651 -9.026081107022039
-1.3970020165626256 -1.9911700799667802
-1.2211404500511964 3.280985701187209
-3.6046255658835875 7.5872668270975545
1.3385752202597736 4.509020358551851
-2.191965826577718 9.182228063194053
5.501389140798363 6.561988403948796
-2.9757965767873085 -4.418826872865247
0.2686847044381011 8.878250557487593
-5.780638506474938 4.011295554266823
-0.3293029954947446 -1.6347491759345107
-4.231610550518496 -5.318285715347173
0.8951869584955965 -5.209572930070221
0.3727053556152189 -3.26708899821946
1.5026733333854185 -6.257740050651677
-2.7821162387941767 -6.1922010416704065
2.7688085681937125 -1.9855438649043435
0.0849945289466838 -4.3913551772894515
-6.8761140184883125 9.065830699786794
-2.264868905416442 5.375309505749124
3.9159859370316816 -6.747557371084188
6.542467223822829 -6.811012008416757
-6.315898932928718 1.5431229060902414
-3.0995225296947915 4.380310567346861
8.885319662618414 4.4277595775788114
-3.8020252238939705 4.929943150070837
-3.5946417429626027 0.02428010844973727
-0.06548824809947718 8.688034030780074
-2.3041704070628093 5.633777840710788
3.7630625395571293 -7.953364969296722
1.990686244086337 -6.457569326127237
1.5090479093298885 -6.1631760291447435
-9.91779914934635 -6.897282201892548
-2.5574775090104485 -7.820755432001654
9.88020262819472 -7.34078266789306
9.81645840576832 -9.125195738053513
9.476334635622045 -5.452874442647088
2.857748159021913 -8.5636109779198
-5.081472037670068 3.9458116442283853
-0.9691137902975235 3.1227140076669997
6.545038146276109 -0.7825959774468494
3.5672207076001587 -5.9245160629657185
-7.545625264275158 9.536280247420155
5.40616465976303 2.251307850822787
-6.455663192879024 7.692487300922078
-7.601784007673387 9.132134994722325
-6.237186328134234 0.9482371444732625
6.224434699730491 -7.605798296467943
-6.498240237697659 1.6144587053643455
-0.13512623958628112 -3.084650958753703
9.498384310127733 -5.649777604061875
9.082975992886691 9.76938301206608
9.89820252760775 2.569291312048705
5.615478529320306 8.71740416456285
-7.059816314841221 7.817765788429334
-6.300942520579218 -1.8765667521628249
1.109348986954366 9.378543774618034
-4.455318031713231 8.14886444976542
3.6232189038161806 2.6611606785474073
6.406231864765029 -9.74343622404418
-0.12673487349346146 9.378642852278304
-2.3313783054056447 5.636087122650174
-7.253633138790616 6.344862829027782
8.96521434345716 -5.499781391592626
-9.846692193519928 -5.343134328024628
-1.134147302728934 8.653711620313533
-6.95654831582562 -1.0484810095148802
-5.66909929693995 -7.055565140900697
-3.704241638839738 -7.962342753691036
-5.014659940049871 8.202831094128335
-9.256001492987412 -9.92701481242177
0.9918417396527968 -4.23215103007605
-3.614436168759987 -2.82532965608679
-2.981601888375927 8.211741483145186
5.761603257960591 -5.44896871695947
2.281060812743208 -6.8960069652892635
-5.288611237622081 -0.10313976571000438
-4.584121055556521 2.3043965006196547
-3.4719317936650373 5.19354980968496
5.188951781824617 -0.5387179787359546
-3.3669356393636374 2.8870451085024857
-5.153428120548966 -3.3796982700473777
-8.944157357012891 0.805920066793318
4.325066593280297 -0.7570286210857731
-6.792170294127078 -4.175757169599565
-9.28802908866458 -6.392190549221393
5.063838457842548 0.22849806039338105
6.195595952208489 -6.13852905687115
-3.3427039522582263 0.6992169365907657
-8.235359666559406 -6.63699298635934
-8.940406124878603 3.517024564999648
-7.359335980838983 8.197297302946119
-6.3323410826316255 3.4535932435179255
-2.707849746738291 3.2709515826846847
-3.4652619913137688 -9.750212961684246
2.265132569017771 0.5813476455405677
7.670691716512842 5.736819955174045
3.673227157723513 -8.861932675870882
3.98932061815138 6.014443499532728
4.423315299295911 -8.109176815518943
5.633125661364575 6.273547050148462
0.0880582463387718 3.7662739671152057
-8.465713647130483 -5.709289821629544
5.831013277009795 -5.860531551826549
5.73584184769552 -8.719551685368877
1.0568224305118594 -6.265804372301669
-6.891053550961129 -8.78702966464975
-1.3178492835129276 8.193495180778655
-7.240037053127617 4.597918222876716
-0.6632221909800773 -9.394561951141522
1.589858475429267 7.745151662492827
4.271611980607521 -7.146000437952715
6.785205114167404 -4.20778566323067
-2.2261280023114356 1.0763127883551533
9.085940245005709 1.2009983841074998
-3.2701643968965826 0.7657226719516288
-7.8017033867958 3.4555867452954594
0.3560000619308248 2.0010848657165408
-3.4690600524203097 -9.663358293784235
9.163602017563178 -5.371572800989906
-0.30804232968201894 9.086252937002705
1.1933285439133616 -7.8884144832993215
5.867874252849962 -0.764590297991143
1.5546618996451578 -1.5991012153129986
9.840652611571528 7.135357268662762
9.009736777499445 -9.536154499458753
-0.5888029788265037 -3.4344420898515704
8.966770103059805 -8.099699212346966
3.294995635575578 3.7337517035497907
-5.690165583285238 9.880742393851246
5.2366769535396855 8.858881276288809
-2.6522760171043807 -2.1184386225848524
4.753075120269676 8.369889225799486
3.1775699120220207 -8.320019507810803
4.738845700191806 -3.9182518077448236
-8.08754960669136 -7.504367550191706
8.733506160713716 -3.472823741501734
-7.891481369979738 -8.11710284023768
5.901873121370375 -7.083107562592927
-5.8569706638712145 -5.035124892477341
8.384479496525994 2.264613447671781
-0.7831008243969748 1.7836909700774584
6.18192282716366 -9.607235562227158
6.253131207627465 7.370283959472221
-3.4150951413569093 -7.700725338605594
-2.918194007355792 -5.458759762216834
1.9454697763801931 6.558425791812041
-7.690559421409404 2.9846592383922363
-1.462116291452002 0.6182567163568624
-7.181758270659642 7.47010985982708
6.753961412966326 -4.410302117886387
5.386041775365275 3.242162125983217
0.13729348410991804 -2.998145783682748
-4.606262894555271 -2.0608961616869053
9.947502324182263 4.7765379539125
-3.3467756875999193 -4.27040725478931
-8.315988674564492 -2.4706271810180063
2.1374761414366628 5.095676323506792
-6.246647471541715 8.366068627346191
-0.24699326058446047 -2.0393116016176
1.0609856372441406 0.30193989897922613
2.8071607308425612 -3.327754076384415
-9.447544620501935 0.33574885610272
-3.2479008356593315 -3.6981597805357724
-9.983078196400339 3.7922833390131423
-6.982668752042846 1.4370930116716618
-1.1830067823765518 -9.151702334838227
6.81045526800057 -0.9967223903142504
0.8747639547494774 2.2672257239705225
4.388170156036823 2.816625259097531
2.9962748463429367 -7.363170593775788
-2.8140119295555373 -3.551916472546928
3.5968700392117103 1.250816517504079
-9.132533217380326 -9.70702882545831
-5.6660164767446775 0.7991047322303917
5.75548879541984 -3.7126557586901843
8.361102462016508 1.0722681847980287
-2.6719509247900097 -7.00292850270797
2.117020528789693 -6.488149599675421
-2.711202152670495 -3.5097529335301054
0.4759273522903644 5.316177016649517
-0.11699197146693585 -9.94777578681804
-7.6986139916504515 4.656924107465221
6.748655934410767 3.1540303904192832
-9.47563658926619 -7.171554844010435
-4.767111379129288 4.885478839817194
0.19007254095247994 -1.77430450976855
9.011121275894318 -9.967894534479997
3.8298579500036176 -3.7286354230642305
-0.7500726978469565 4.676592974732422
8.576931993183091 -6.8663757526909786
4.607886294030706 -1.9421195939211966
-2.2189744213622404 2.2411797344845183
2.92429286564343 4.6622187527642325
-4.482802487668344 -2.6399475698745967
6.951472367893675 -6.576678449323459
-4.532937392676519 -5.224505004740019
5.030858022899096 -7.610256177243581
6.386633832624916 -7.354214392119804
-7.734899140708576 -1.5821109887163836
9.535199823572846 9.245187549071524
5.96641081315936 -8.546651786963526
2.908392776031228 -8.6385909556423
-1.2271955587649312 0.1850152940513734
1.0529166202406142 -0.6225585967179192
0.9930617384900682 0.8941490570196091
7.588706570312748 -4.059371981023617
3.2079966724538345 8.167569584819525
8.324138537125602 0.33858903642758875
-6.46233622362711 3.916230498126117
-0.3184335682757542 5.848157549250477
0.4765480365071699 -6.76786478270529
5.178977856450082 1.6718911065052726
-1.2816396571701372 9.014907767066276
-5.732154681581609 6.424922244153041
-3.8565066502470824 -0.811996562611073
-3.670364646261646 -5.6594310204533755
-6.962774743446138 -5.452372611658991
9.868609125808256 -9.465430098796608
4.630208702972492 -6.133268713526516
4.958268952413508 -4.251921385340484
1.7969943036118998 -5.419995478786966
-8.488771929978382 8.093978650519485
3.53724341805178 -1.4029875429887575
6.499380496881443 4.833917145018059
-8.110668043273 4.659234129376873
-6.136724508994391 5.27682791204408
-8.739064698924441 0.9387015280237421
1.439004561271915 2.752888000572362
-5.07985333836932 -5.238812594784312
-3.527570815133183 2.3194260386170917
2.3075291002334097 1.3526553880849264
0.39590927207190596 9.379607730738144
-8.839649735645969 8.516816095988961
1.8922012062408644 -6.006702855200963
9.486016331032111 2.810551266367252
8.012436597995329 -9.055297000772773
3.774124219423152 -2.9243809961814797
-9.77750621390827 -5.367844827384809
8.172645527138464 -0.2904481844949096
6.259642525283262 -9.665872171252374
0.913356584205534 -2.150390038006716
1.985722667136212 -8.373173423082228
8.657913441571829 1.0263875619045706
5.653270200207691 8.3127656816249
4.433437042391297 -4.068701840128086
-4.806105933748148 -8.405888496845009
-6.863282591599611 -4.318386402896968
9.297920999064338 6.622888341905913
6.532573710047373 1.2598130284330828
-6.204018177016726 -8.81164760020344
-0.23621378035429252 -1.7952809916954635
-6.651772509524099 4.8904977433353025
-8.054255285759464 8.244990644739666
-7.4701835323616965 3.1950051578289607
-0.8770540978388084 4.324825635325773
-4.253694969815546 2.3422051854404113
-7.297264451088417 -4.101003997356035
-2.19078979307588 7.332851153056637
7.016447514033434 7.413859915424904
-6.907418450037108 -4.531261238758337
-2.1438087124178047 -6.913813019529105
1.5087258548933278 -2.266750319626542
0.404273381308327 -1.150031879064656
7.233154220932946 0.25067901467910936
7.498681264460252 -2.355061261658074
4.56070482606683 -8.22746307782813
0.25630007448059366 -8.205479904370103
-3.221297370975007 -8.972875696235551
7.547810653672279 2.4115932925401147
-4.3801463779638405 7.659243170528352
8.438657769707536 6.864559443658543
6.527254554843761 -2.7532107808183444
-2.420138974898965 7.60821631543287
2.6429185668252746 4.019809766370324
5.051193256200506 5.240911773096519
3.348352158167611 -7.77693165754944
-2.3112768847749 -4.860847551965783
-8.81463112828082 -3.721248199913358
-7.82204667453634 9.239948877921467
-2.1101784339490344 1.293903300195323
-7.703547088775002 6.585124727384365
7.228046778726551 6.985810260136091
-4.814967769851135 4.410843335902953
-2.6291394364160414 0.6997765298371199
-4.968477142751824 4.997181953321917
-8.925072107299544 2.3135455705700885
6.335708523335601 -6.996480461609151
2.926063117631541 7.122318433647969
-1.6320385783512528 9.928543312667458
-7.599663626313098 -1.9509545682498768
-9.546789991740443 -1.0393608447340252
5.980679770017808 3.631832029282318
4.188941315538777 -5.264984729877529
5.830983652167809 9.076874301596085
-3.034419811863202 -1.5263917545675056
6.42588273962016 9.516026176150593
-4.622819762746941 7.161026734684384
3.8416683490881276 -3.579936396497305
-8.392130281897902 5.99140033040781
8.494567681088292 0.5053716287241166
7.503321785614382 6.935708593362541
-1.3365674616828667 -3.345161605615214
-6.560215800166724 -7.078451925750045
-3.097202649204494 1.5619601341594436
3.8355882116515687 -9.251579325472523
-7.696555902162481 1.862896769794082
-8.330079803406548 -5.898867913085897
-7.156080878790913 0.41287914294517236
3.2599631205406823 -0.09057016874481683
1.5749541006415146 3.0657322093588846
-2.093485144132261 -0.8931225868016348
7.994160701530625 -2.3867002641929584
-3.62573837410193 4.278504525946008
4.7514778482388635 -8.850822930552859
8.414935956685362 -9.887362704384879
1.51069183528465 -0.20325099166461236
3.8304436060162512 -2.815283325835045
3.509530091861704 0.052835439183507305
-9.731870396120478 -8.512493746876547
9.881849418631429 6.158106004328406
-0.7984024800925518 0.2742467525631316
-0.6172794279415861 -8.478890804707051
0.3506393323319994 1.2660180154451162
-5.912669126972401 -6.0450041357225075
6.3287140212192945 -2.8554855459068467
-5.386598758719376 3.5727766057656236
5.231271004621679 4.679006579909226
-7.854462489612115 6.223107754996565
5.077233513792381 8.391966006320619
-6.82500545614539 4.365166689974934
3.4565641055793943 8.024077422527242
-9.970606850941524 -5.093869767958317
-2.1352684122694265 -9.147499496490159
-5.234943382831987 -6.112561541464736
0.39648181573110897 2.7684902733088066
0.9358168863285243 -5.473922174036263
4.587803412703874 -5.105171717327563
-2.989792090912702 4.940494954500373
-7.649571499611252 4.4221929061076874
-0.7668898637089949 -3.634902364365722
-4.457145934829754 -1.0627055409164043
-7.202181274111608 4.735804678429291
1.4603093612626754 9.492246366047596
8.36294251023585 1.3373435450153064
-4.934950733819406 4.871931081302067
-9.38445444120128 5.017469363660114
-9.965290897867611 9.245312262258231
0.4786118917358646 4.862992254356865
1.8624797455647126 3.724732751103847
7.053710456180173 9.34123509274929
-2.846950723857793 -8.322019866212354
1.2183809309650613 -9.601975138158616
-0.6533269598551357 -9.169861827469521
-6.558421608049716 2.1048041548080914
5.910844850295243 -0.5967820762619773
2.460195570640211 9.242861863749471
-5.576337488216295 -9.825143708884898
3.7043799985451358 -5.558223271001221
4.698569669057001 9.89007117338117
-8.6998578124891 -5.451830491291716
2.864501387175924 -7.178332583346325
3.3021566621921377 7.446967661640485
5.095870411401899 -4.616241687349396
-2.7691019762841673 -8.772259626689715
-1.1122438388579745 1.173415006608911
-2.652656674856024 -2.9004565283211114
7.523748524037693 -8.261367398921905
-6.216231909180143 0.9430047391288774
1.4486057758615232 3.0383039090001844
-8.380485535515712 -1.324338917245111
-0.9089736747678252 9.231609559138363
9.118720261675726 -7.774828688343646
-9.942604966515887 0.08137739254361165
-6.676085296217204 -7.104422927596248
-3.4615756073801425 3.2901050896430206
-8.078033911775718 6.984573133244403
-7.453352680253733 7.720152610046611
2.1344533521631703 -1.1860388989232469
-1.969766175460144 4.893466236942777
5.620716529833089 5.185158878801149
7.009725721590712 -9.9787831934161
1.3862638811622503 -6.152472981988771
8.142250529916346 -3.77113767330322
3.7523438361608576 5.135953682466241
-9.203522270105681 1.5178629188611836
0.13124545925642117 -5.422736464082529
5.181612297953087 2.999071997058426
5.097769804827623 8.967202879243395
-1.977376887417389 -3.679621870699865
4.664760311879462 -4.047191831058205
4.892922411045291 0.9227079730863537
-2.153722042798208 -4.841011027524047
2.795918317787919 -1.9847203670962124
-1.455349281431264 6.218607032552182
9.68833339620829 4.654930931022159
-9.052347310244972 6.855259369847534
8.91509705658041 -5.993262652179007
5.634671038121162 4.900842481476101
1.0097757741998663 -4.331775533777538
2.2711499045887624 -5.534321807556706
7.234777585983274 6.996774197071648
-8.650371663544407 3.2359774599815605
6.9736183828423925 -2.238776241253726
-4.341889745075889 -6.650642140617751
1.7597996017242643 -0.5267146531044737
-2.786543588031847 -8.625744876336466
-0.5105263906655217 3.9851967902388274
7.378348801276903 -3.385143855183788
-9.65450288257161 -3.102816867132507
-9.364322354432568 -9.568104718340042
-2.5668057498122128 6.3515539511874906
-3.0178640600627897 -3.471214412153878
2.546414963262311 -3.521681800443945
5.972190029738174 -1.3215507677869258
-9.471878591501675 2.6756809925010394
9.094935866827168 0.6364223840014045
6.617950638722085 -4.965341299265724
-2.7890367768869284 7.068180278686022
-0.9381946053516472 -9.081080673406882
-7.86273607405062 -6.969431210677293
-5.823168893698288 3.152581687581664
4.130670643949028 3.7237347745172595
-9.78856030007941 -4.996622942756119
8.595935965521061 -9.586471699999215
-2.763347422292062 0.5586924479148507
8.614576678575677 -8.17673645956752
-2.351936468272333 -0.470197728310751
-8.536146405363091 2.1286704468384894
-6.483654559286151 -8.643801281348216
7.257321478484052 -4.835837455657835
-2.5976148850483582 6.969125415370257
-9.65244236670286 9.792933687142515
-2.9990292038626354 -1.1607856336130382
1.8649293392393052 -0.6914488452621974
8.509212376183374 -2.3973231672755695
0.32925732936932306 -3.869242741134375
-1.3668170556707722 8.752608384310776
2.266235694826193 2.104091071643605
2.6294509858127153 -4.202362960500567
-3.6941344614849374 -0.23561206011790148
0.5311292160300773 -0.1580473416886985
-3.2994185873771116 6.834808136145465
-8.219612197848736 -2.2927409538015597
-3.0392560671591973 7.397201585771459
-6.17621173401024 1.0371826225639005
3.4989038799056544 -0.06080254997770851
-5.123974873779195 8.399730002712719
-9.438601369431298 -1.4619086451398253
-2.8829783431943596 0.07068843386686119
5.256641125915046 2.4240049514521473
4.431418123767708 0.9307608258924027
3.182574364138633 -9.00059550344988
-3.394944322098718 7.9596006398285155
8.457890314033104 9.57411966637601
-4.393074596316513 6.999153427103394
8.955556834878362 -7.29951505748351
6.251375477428557 2.0413322972032972
-7.789387178793959 -0.47782711767099784
8.67473030931398 1.7444810412240805
4.543464374154789 3.0118188851352006
6.274522188455013 5.884785523915266
7.193922231692397 -9.365104009670056
9.229594303265053 -0.7461221967561293
-6.766100061602989 6.745738820982442
-3.9873264370553985 1.143137120739734
-5.914959870490176 6.938635333014638
-6.233134636068051 -0.5257868295395021
3.468262475388128 -9.387646421215996
-0.8456910035611269 -2.772040383723617
4.494841796702174 -8.127130743005317
8.502557552258978 1.3179703017620383
3.4649391967171077 9.871735171114477
-0.06163301798674681 2.861984052462139
-8.628256982463828 -8.763333742394465
7.26898760501183 0.16533293472183352
-8.8666838654772 4.20973925273209
9.251274822560855 4.3066922710096005
0.7594468654071544 -0.07083715596510665
-2.5221817674946596 -7.807758231968604
9.966873881865354 -4.256001767421543
9.256951850872944 9.04146238816977
-3.785587680352691 -9.17039503578951
2.75571902929849 8.54145557716102
3.9433781540483164 0.7943571985340174
-3.0766722685057024 -4.007753342449751
-2.2921632444668276 -6.23497590587559
9.279294222182898 -0.20904712840373385
6.4134188319147185 -6.841359887047444
-2.6934708229335014 -3.5541019742159268
-3.671608243085 1.850987429840341
-2.1112557072844123 -2.027532527494815
6.956839219613748 0.32193662558091063
9.818772713021854 -0.9905868997732767
-6.761570749770678 -2.068711363327875
2.524937086041575 0.23225878516348608
3.5339918976958558 -2.3907774863578695
6.1269909456252805 -7.9406967673509925
8.26121770137491 4.57152795509681
2.845903368090383 -5.386330064362106
-4.655597916613625 -4.900622547633688
-9.227556547615032 2.7690647503010535
8.487514051248347 8.640641564768401
3.647210698652618 2.693364613013296
6.998577232946722 4.48873927067323
-8.358571857142323 -7.283457351451219
0.03341844741536448 -0.24798961336888858
-9.144492030984573 -0.42381019402852615
1.7934183440202318 -5.515028509291893
7.725722547732403 -3.9896739413275455
9.339336467407485 -2.357217009970456
5.674066084972402 2.0806406652281435
1.347494538117811 -9.135815900871368
2.9272012679067743 -4.158568533782239
9.515178768020636 7.604703340878775
-0.3314320658849219 1.4464167539601362
-0.34265210507212274 -1.2049094416717523
-7.654175896881837 0.3556633683102639
-3.899106629772713 -4.5925113859168825
-5.799634646157454 -5.960424978243282
-0.43925745099922686 -2.4652022998984098
-8.091140783788013 5.996931837534982
6.2167797815280395 2.6476480478312006
-4.656010594081765 2.1512961211605326
-4.617194885536073 -0.49252178532766244
5.084472312978409 1.0766941185479606
7.810325836909566 4.2633674477182755
6.5983737914076634 0.09178733955506146
0.1435652111959378 7.114020563615476
-5.708467811833042 8.235478676223241
4.435126062984949 4.337897135864697
4.509966892906274 8.820897084785528
1.9776370846549725 5.801171528632407
8.308434672493696 5.934187276250604
4.916372362434318 -0.019659058906544402
3.459096341576423 5.765817518931399
8.020333583847602 4.505473011524801
-2.070993655248648 -3.9861193954025325
1.4086783058782526 1.9758793977963904
-7.758497918481528 -4.424035474871655
2.195472729827168 0.7331118346219547
-6.412878035631097 8.410753785380503
4.413647954557135 -8.57618281696833
2.729496341502326 -4.502817798668744
1.8091185247246226 7.945651087362577
-3.982722196101629 0.8721384954918321
-0.06498142173501975 -1.2212698720324706
-3.7941213911557847 0.7885281085136437
5.737415664991408 7.495565237326812
9.522105321437351 -0.5852436804141483
9.632972719188409 2.6022662349507737
-4.235542246665148 -9.048202779237187
-9.677838532618795 -0.2758283891744622
5.545242877607619 0.20313210374080626
-1.514717293687342 -0.42708677434311504
-6.217875848861921 -6.320084571002946
7.234051698773499 5.171815088979425
-1.494970155100738 4.14125706200795
1.3177579673394195 3.870210502247602
6.284345763848265 4.431809616582729
5.23735390563683 -0.4480184894145456
1.0760986564177504 -4.295371926266349
2.345591516905561 -9.473733335447633
9.21772250251809 6.83470646595606
3.133921209708337 -9.606310446448203
-9.125362425912018 -5.114385836163004
6.03323488423127 -1.9642802025412482
-1.9774485734543479 5.831254720004518
2.230915482441203 -8.101845499310961
-8.87730951462647 -4.377704085533334
1.3571322538615576 -8.48175899376719
7.7916629067804415 -9.8602719545557
-9.874286393182368 2.825567068029656
-4.319602137864738 7.2979484609136165
0.7748342586351171 -7.141338976518541
-7.636156693050349 -5.462704628342672
3.824040728565045 8.34921202337227
-6.603041094184878 9.356635897416822
0.14508874287343154 -9.742298687338675
-2.9489933875344576 2.6702015930992005
0.13014499740451946 -6.662758246548874
1.832481380100921 -6.305327338989864
3.640444766105311 5.005516979416061
5.242322715259615 -4.425215506802087
9.388107759592756 -5.105089231363218
3.3178175144636217 -1.8433154184858136
5.517089322685367 4.144756150047851
-5.915344469178095 -0.7631492401523783
3.818616398817653 7.448212141622367
9.397404250103996 -7.907875589428777
7.797009766594439 -4.017094560947541
-6.049116661927072 2.6358345505914826
-6.780005338983235 -5.010137624210502
-0.22290696372435015 -1.438152530492225
-3.942058787266223 -9.887312739257334
-9.199683194546155 2.6855196291284322
7.988464253632891 -5.8176915350057445
3.6248050243212315 -3.4216991781217594
-4.505755546251596 0.1995182797842503
1.182687072788113 -6.521358523444272
-8.164825502354322 1.327284714632789
-0.8149349855234806 9.623847123675333
4.575673638445474 -8.431159018481086
4.445907641490576 -5.364354863580787
-0.30498612772906775 2.290872739112933
6.80586408028789 7.454762124139876
1.465062059974759 -2.860261519945708
4.212540218163891 6.082017456847677
-8.264253286204926 -8.168341460812643
-9.659513063144459 -1.7868645062532416
-4.546314112794317 -3.757493091067996
5.7675624401265395 0.19332511164112098
0.9804208679905067 -7.586753961753178
-7.828025240598782 3.053325627609496
-4.929472254567846 -3.2303827400515424
-1.7332450499029797 -3.2814508947928704
-8.259493303391583 -6.847151113109032
-7.525420295030985 -5.498217515356824
-9.124267582909694 0.7579694306798128
-8.574623422059231 4.915312552835216
-6.157452940501027 9.444343472531155
-4.83875484022156 5.231249323823485
-3.1723850115149936 -6.894756695829239
9.241812901550418 7.739543313460082
-2.5817056819408224 -8.805577640254434
7.39216328934727 -8.92726007163995
1.2048706481169607 -2.718000124627819
8.874848971629735 -9.981802052733054
-2.0775581279143918 8.871599031057592
6.042597379932275 -5.664599055977408
-0.21450839874117378 -7.516261915284364
-5.1079245630403225 1.0749588275359976
0.24926378343452882 5.360269827011162
1.430944039690754 -7.764362925899297
-1.6880566617803776 -6.689210283749603
-4.6983230666538685 -7.0614413596873415
-3.4124573039875727 -9.565721877510766
7.5482470478872195 -6.528814145777373
1.2842978132404799 0.715993860653164
-8.02865299942119 3.1478056976347126
-3.5663888793427168 4.952656028999645
0.13395916222954263 8.761000601248941
-8.761709830892439 8.422047575739086
9.917914083565744 -9.769990120836784
-7.279050115275809 1.6165239830009188
-3.181946371128184 -1.0887355303532011
-4.733301340566891 -9.219081592430975
6.616761653421431 -8.81695726951455
-0.2211615308688053 -5.541918641469312
8.208127261199223 6.113141690663809
0.8588455420200454 -5.735201034737123
-2.8998159345809853 -5.724254641446372
-6.152804924160571 -3.5536031592330346
-9.309998973729606 8.398457390300283
3.199561238157667 0.7357662072592586
3.809610956561329 -1.5489202800537498
-7.519225940793024 -2.2003453479811323
2.352251442047651 0.2083144811441393
5.657359858861891 8.547431394914536
-5.000414519826311 5.792379933304382
2.6993073993322767 8.951378371473677
9.001109214864389 -2.4680951087154828
-5.901617160642692 2.4525690076435858
2.918620833666248 -1.0359271351983264
-5.556822191573303 7.5111461989128685
-8.203647075958465 -6.108402262361851
9.08355905990096 -5.533556444853305
2.1285547380108376 -0.8380496382423672
1.0242125675025964 6.918609670439693
6.309999309945532 -9.749357314730641
-5.166282883542785 6.242489334515927
-4.991965411028019 4.906867902173428
7.900291928803284 -4.638548453988276
-4.8166344512498664 2.5166939762211378
1.2421535871416438 -4.454768338005872
-1.520691917002166 -0.045330725231835345
-2.425625894914589 3.2893061387526856
8.399472269174325 -0.6414889885840829
-4.450157968556221 -1.0469844326936855
-8.091009942157845 6.405134905930588
6.570209367716885 -5.211962531478129
-6.022321203823995 7.436342231944362
9.50048027845439 -6.195601672377807
6.846851211278295 0.4898185483365367
0.5905470367770214 -4.089246359367353
-9.211602237797942 -4.85152633776881
-4.866971636583761 5.05368516173097
6.912454210406938 6.539460166672381
-6.501613058636389 -0.5472620182337948
-0.4359088771996067 7.4929170307187825
3.1017458082195724 8.26525835407302
0.8598925466404062 1.2681729157084831
-9.220554296018562 -0.3319098284132753
7.274864042728069 -4.8318598119491725
5.773053699543571 -3.541734687408429
-2.9841373966176548 -5.667257825723169
-0.4876786769631103 0.5828036258136926
-0.7851948992615743 2.576581794229142
3.4637142167520896 -0.661352609738211
-4.03548687205496 -1.6173368042206686
-5.084069168677856 -3.274108505813449
7.444309994211853 -3.1671372255186014
-8.325197062912409 -8.191047662615247
7.365776237413002 5.532256524947169
-2.3008851511596777 -9.608618943504208
3.3175215742740995 5.350415647268127
-9.646881845074859 9.330775275917713
-6.483872359143071 0.7047639252877662
2.919130252040503 3.1030068447451242
9.83112785658055 -5.846601017033793
5.497943229852593 -7.394222467567959
-1.7833969260630553 -7.848040349807716
6.540681352336783 2.5966249485823063
-5.70746762429637 4.670353751154435
-3.347888025502977 -2.565296900747855
1.0995849400259416 8.474129843835989
9.527425438371338 6.82492025285082
5.822718611929023 -0.6306288956430919
9.793315231140838 3.906458274363187
-0.0920692272000263 -0.9054532611018367
-2.7146649056478678 -3.388336856346214
-1.585893744771587 3.6263817737953516
-6.08704012405709 7.052412531350175
9.522263960897622 -0.27826355709509976
-3.6660662786367304 6.707986239627161
0.9494482590079869 8.875613425583325
-7.2029753058746016 8.740583624858083
6.74837257246141 -3.7746234745158187
-4.3397571911972594 -0.12736586829050722
-7.769953221834469 -8.46454192441933
-6.799519221911934 -8.289641423310192
7.589747307579508 -6.900307783278485
5.320057480213967 -6.426608671578262
1.7015663949872852 -4.089874394138427
-5.392233082999207 3.4384290131301753
-0.14390216902400255 -8.519474297195707
-4.272512775149839 -2.561744141095204
-9.982913666368402 -4.463324015630916
-4.50656459416261 -9.292970251763972
-8.724531215710975 4.120449306190153
1.2085236573346858 6.389017937427347
-4.707245544410519 -2.0005816883019207
9.772296709300704 -1.5376061936338736
-7.703183795175004 5.980226808948121
4.589489613237092 9.279589680020276
6.389438404690473 9.575131943911998
-4.223101648456568 -4.725959247233071
-9.315664724202136 -0.3020778063606713
-5.948913141691994 -4.510098117977071
1.8074388472052192 -1.9856823700569777
2.8439513330215345 6.468660341249219
-2.5952895059599213 0.5061264778898469
8.190547327049881 -6.005439752188404
9.431749330215496 2.612562255743068
8.874152963221839 -3.9407683953972032
2.958016271658156 9.615779735149303
-0.7838472220725929 -8.081793008532241
9.158304391423425 1.2695813523123434
6.248762822800629 -8.081429832848837
5.8494714455776275 5.420495999506761
-0.3683295679584475 4.031836173290483
-2.968236196410812 7.297998558521606
5.109142800410167 1.7263131246487298
-5.147237233521704 9.214385836668825
0.48588914334023237 0.8322383126107429
-4.162805767628043 -9.115129220431367
1.8742794677333876 1.5849197306074423
3.3706296374747957 -2.87863446549816
0.24416162725763613 -9.260457242103463
-2.1011443673073815 6.2887643429925255
7.757504139229347 -1.4136512081107817
3.1087060353329576 1.3027968895856716
-5.063169882742393 -9.35968261604991
9.492234585897094 5.651259590611961
-9.993934652758103 1.1391428872528984
-2.150490319256142 2.8244143369375063
-5.1160806155963146 0.49696203708959885
5.066121915127386 9.80953522880693
-8.49163807317579 -2.5920027796459477
-0.5342167564588411 5.302568499608091
2.431703428363438 -8.767836160938607
-6.168023852075688 -6.685429630555653
8.166471159327216 -9.875655322000902
6.234234260462625 2.1531026118667924
5.846940054060008 -0.07818307269388214
-8.47313448949378 -6.10812733955715
3.230617518989451 -3.126259915861498
-1.1571024198540396 -8.817654746189953
-1.7498495523677313 9.349516518585865
-7.177439032371035 2.481907896845474
9.217789170184968 -0.05545233202577293
-8.218061422702487 1.1155993552787002
0.9518117305097391 8.92853295481877
6.408396410228242 -8.005636062295043
-3.3629071061457356 4.37639016195245
-8.819591727984692 3.498629414676671
5.074849497107623 -6.546514263550069
-7.8523409211220745 2.01234400464884
1.6828060209999585 -9.35419741913774
9.49243644861161 4.838505380123475
-1.0271328355932123 5.2933157759829506
-2.6338596691754272 9.07093007299953
-2.844257617734465 -1.9135322959313399
2.6191893557662063 1.7729285746795078
8.863595900649052 -3.9669709065712837
4.587128239740803 9.247835171595607
-3.240538689598025 9.409025672266822
-2.8033766078443474 -9.860672099874579
4.050431666286823 -6.914064324134155
8.352224491067293 8.930536014290286
2.234891240182261 -5.652080445634143
3.8213051749446443 -9.624660948877919
-4.490657406508762 -7.904327677496155
5.63210097618086 4.4320793307444575
2.2552935816378987 -6.9404079751802055
-8.406808259205503 5.150493287020819
3.441025010341077 -0.5520215309023015
-9.931149804475957 8.436169939786378
-2.0838174647848318 -7.939458192522384
4.536277992435917 -4.223511941346354
4.40485167728877 0.7377374142751307
8.767892710928173 9.901346230447224
7.055767797718428 1.4490596936451468
2.7273869395787926 0.37069272122352004
7.861044753880755 -3.414359079224174
-5.066490650763389 -1.357426752332163
-8.86749635985494 -7.569509942141741
1.0256936130945888 -4.493337555967615
-4.318169168536887 -8.002538152351768
0.6897844526905779 4.181710003276589
-8.756167382886261 7.342025316250833
7.5277845942509884 -3.1765828696034433
-7.442372655538396 -0.7863770824703806
8.67099493127646 5.9878440621337
3.3216346262229735 1.7416072934311018
-6.05572586582054 -1.5992073253692052
0.37239356375845567 -1.5597234487082154
-1.7483786806387833 -3.3068325661496285
-9.131143733049997 -6.944157888187514
-0.7430906804806519 -3.564439512923741
-4.824901041084136 -7.534591667873187
0.20766598322008 -3.68388845339926
-7.014578201094379 2.6203983953283547
9.924090659350053 2.3694345886595833
8.261709172153903 -5.532703245577666
-8.551070785293655 -7.058989474150092
5.378437395895926 6.785816613983538
-7.927169343424039 -7.59615961787405
-8.405836392346442 2.10630318426257
9.828112699059268 2.433960235159084
6.962326289100059 6.60856032984989
9.643447956080703 -3.4891524377907395
5.932001790053409 1.044110230944348
-6.605874536188086 -7.432993701409092
6.632151253443915 9.262587010373075
-6.535271416401578 -3.9163522114798743
-4.387400421428498 2.8775138028330343
4.611506356917815 5.446188800212921
-9.234256983462677 6.517998978514331
3.922729336358053 4.540116687014846
-8.35825710066247 -0.2930690891312171
-8.96731948661034 7.981710735354675
3.566808606346699 3.3485111338715683
-9.137982735094505 -1.119378753636953
-3.490004190169314 -9.079546101290275
3.3802918286393506 -3.341363287742638
-2.2110670180705494 -4.672306540570079
4.725746258235004 -8.684382168013896
2.4743202991256137 3.6679286452274873
2.700345445070562 5.675750669626272
4.356081568538659 -1.606980517528708
-6.888252754527604 8.41693812349894
-2.9011711575679966 4.339987638862466
8.832128928656246 -6.743217072231085
-9.473806649293504 4.479961399620398
-2.0833241875240045 3.8446757462257413
-6.305621727390438 -0.2152065916816337
6.749165596350341 1.531244770179125
6.239407990587583 2.9358664096493605
-5.236540497256699 8.488919262078298
-5.139482019952504 -9.91441639362898
-6.6858484097593855 7.66909338949127
1.2381819028447651 -5.4013661534085555
7.207918374181695 9.646527373059076
6.651359190992366 -9.38237322503694
-2.2316604283157133 -8.69937123362972
6.617386847297684 6.619736278317532
8.458619635417978 9.965991308725677
-7.906683052745618 3.6107366518516386
-7.703439400213174 3.3714316992675464
-9.904827273318634 -3.437836129194716
9.491383564446899 7.362866966483214
0.41851500386099794 -1.4117975165096315
8.563549836397272 2.1549963216933516
0.14282159719182985 -0.4040987905402389
-5.697405838787821 0.003358489905462392
7.147195006568992 0.24624111612242494
-1.6032957851054412 3.910604025122428
-7.753094978501767 -2.2994960104810573
1.0120627529507242 1.2845577382217055
5.525785445407177 5.228132213630943
8.991692726891554 5.486882949896151
0.052110662602496305 0.5854218020542756
0.45994398676535475 0.6444823687282142
-0.05137921973656745 1.753618919930764
-6.054394218236016 2.8609732187140846
1.2263826583314952 -4.888843348760652
0.7119388991782056 -0.8948231267967302
-6.738790914878463 -4.315379227223031
-4.333471599214096 -4.311659244205996
-9.909949670243822 9.813875014845955
-0.3758166085866499 2.156905919060941
-7.704162993567976 -7.812868904821029
-1.1494022237021113 -5.49182781864523
-0.7897498154484026 1.1407885081623697
9.063215529522537 -3.236755594674152
4.9493204576891685 -5.27482278841722
4.719815289844924 -7.8983456980101945
8.24833032624263 -0.5521299023989901
-4.531525887424078 -9.66346099018751
-4.2920281616775995 -7.321381361991886
-2.5265706595808073 6.204992346630675
6.697541944343794 -5.3078678792369915
-8.041568275351395 2.754485028938694
5.489613033089139 2.29459085535364
-2.7518617933897627 -5.615677905157761
-2.154646422200976 1.2322203010952588
-8.221996567749649 -2.511726454993548
-3.914195338342825 8.462093214655173
-3.8061303953022074 8.186563533964716
1.571774767635647 -9.053422053990545
-8.383684819834357 -6.556504917735015
0.0962431004878006 7.069243116456327
7.262786451457323 -4.961511515618195
-7.749928074541604 -7.476076553007189
4.303220286086496 -1.236448339981557
-6.200698055689189 5.934799236694584
8.88198349848706 2.5955488676461957
9.891975029500003 0.16607179480597267
4.8985030314088895 1.4741028470722526
-0.04686249300524281 0.3777804627207608
2.0860553584934927 5.135602070255814
5.196175296309946 8.556752465226293
-6.780744921560061 1.0086942212035908
-4.890280709887584 -9.680990344147533
-1.8774880001476433 5.072483495500498
-3.9999836747905544 -0.9236850821049831
7.07952472232904 0.9183688119463884
-9.677631689730987 -6.342160012246001
-2.6106403145038453 2.17721897496401
-7.935706668663407 0.45310793285746875
1.6770679308507361 -1.768190613550079
-2.826978701345655 7.82725756722121
6.51348709574911 -7.01349127140009
9.319162612887983 1.6370087958398631
6.862692971526304 9.509448923830437
-1.2171405324282105 7.790789292421167
3.9618538543673676 -1.9582395088545468
1.4130207717904515 8.445925040007015
9.181022422103673 6.331659223224708
-5.537650331083849 -0.15701115005896682
3.7763081641984275 2.019311886653135
7.841741142798689 1.5798695680891193
7.021019279942038 -7.994881049798932
3.862632682547982 7.081312967294366
-4.411167143820149 4.677726971379357
9.497360489319846 5.909843917583169
9.558635088341916 -9.006496871177722
7.645835581840249 -4.441213266637353
8.160362837530048 4.373392181145096
4.013924654317098 7.008826836319699
-7.9274964429428625 -5.973393718279578
-7.424578641047606 9.025730543158652
1.8786383721598696 0.05383299997412294
0.2575324520625255 4.3853751258699205
8.856477471635017 0.36376495335000314
6.943540673846002 -8.155390194201697
9.398271508157254 4.084185502229914
3.368810022848809 -9.7474304664632
-3.631982329647463 6.404185713337782
-0.9594988332476682 6.358988012981488
-0.31957820294999095 2.6799128238265517
4.926925025793043 4.04197594562504
-7.757711136158896 -7.763350255981305
-2.662389724814542 0.3768295619136879
8.137173213791769 -2.864029038210605
7.843916902137835 0.8610188107861827
-2.53942560906159 -6.457261593012658
2.1027342932255024 -4.694639641034235
-1.9625917055398787 -9.916673137720114
2.9960468368385307 8.667432538508145
9.099908837503875 2.9804520949102233
-5.460579359973876 -6.855198272552057
7.9443827993946385 -6.7631851181402025
-5.653630245319301 3.5081549119040485
-9.133486075310266 -3.8215979305960506
-6.779936611229216 -0.9872259367232914
-8.858062061884988 6.901434085269045
0.7609838654768613 -4.7998879533819006
7.302388659824782 -5.382505319613077
-0.8189110073874861 0.6796266810967229
2.284301847993376 -9.849053514448078
-1.7946788103279907 5.241713815046742
9.196134458932676 9.836118798270878
2.650839468365387 -7.19681513876915
-8.268834378574876 3.3052631345239583
7.710189482278889 6.797453478110231
9.311926411033198 -7.699903263600943
5.643255051231135 -9.26768056524124
-6.7444372183797086 7.535787223037939
-6.813617305797894 1.7487543411586053
-4.099386948602264 -2.0364367306088145
7.622527946157337 -7.019558532443675
9.120345239726877 -5.526989231611332
0.33658183867933467 -0.31073651584985207
-9.553823261013548 8.071456605722375
5.694597922038769 -5.803921510400505
-4.6477027405721305 8.219554826564192
-7.689592135470238 -0.39822343750359224
5.912571811187629 -5.388272170991297
9.582283564724491 -8.695867273489494
-5.376924470336661 1.2370596937985479
1.0601422133455625 3.238123001782906
-0.9215742244146803 1.3490562282142662
9.116586823523 8.422126216756944
-9.405839307220871 1.3153652232670314
7.010087053172839 -9.596200948067583
1.4841668432328206 -1.4239674502209212
5.283520111409029 3.8676966071136913
-4.969411412850988 0.9114839145361753
-7.651880470706775 -1.092894785730671
-6.857090805791071 -1.8206159918189808
-9.768891119818605 -2.3125295945690105
3.5385273144269114 1.5559141397318186
3.681099997784278 -1.2996640888272601
-8.452790943368335 -3.3518371582217865
2.0554803933527275 -9.47032436077418
-0.5940620939343777 4.543469361769471
-5.929475671137614 -6.7758958367601885
-3.0763094435771787 -4.597025462441029
5.887299662398529 -0.22867180446435498
5.364755968903911 -0.4599814436492231
3.0981937110190145 -0.20993227866494024
-5.6929416075245225 -2.537485062446283
-6.877086372112751 -5.25887214788791
3.6305465939561756 -9.47223956261083
-1.6362584020512436 0.1157215710656967
9.630493853708984 9.619525016716992
-8.58954337372811 3.3594214012919554
-1.0015781859692563 4.976447896132374
-4.5774275331923775 -8.441535583373769
5.916807870163467 -5.049367728584279
5.9621025249980555 8.897835986685145
-4.890157831562208 -4.141687950914655
6.391179800575081 0.8957809768040477
-5.783871077607321 1.1340023960414882
-6.167086692042187 -7.628955905112518
8.153347647636142 -0.3924791945769286
4.522736950542427 0.5432750590266551
-2.3187562117068605 4.598774436738562
-5.013630434422653 -3.318339034073963
-1.2644452943632434 -9.903174626159837
-7.697243053220197 3.484876261155483
3.386769013179592 5.1103529011803595
-5.331260815921592 -2.3682736254186825
-0.39661858110392423 -6.278032040509174
-9.91301236834385 -2.2729071513133636
0.8881188907933755 -1.221025276660514
-4.534339777227063 7.58196644818803
-1.3903059728442972 8.750839118098085
3.3722448464243 3.0523715151238306
-1.902751871019186 -0.14736652085626467
5.465828375931643 6.320331589771506
4.367836656207814 -8.571240507182019
-0.6397301442530932 8.901172415502671
0.9207207623154705 8.795395382180256
-8.844880680824458 2.6180073893126288
-4.799759691257872 4.885378649685885
-6.824745675989686 9.946190730515635
-7.94203637695956 -3.1738271995369765
8.528796994722402 4.5443753533670534
-6.1868904111732785 -0.9834056393147002
-9.130205931894208 -0.6563575470009013
6.059561726778501 1.8159537477230074
3.1789557540101665 -5.128183513613028
1.2189515254162142 5.861191451687574
-3.28895099194781 2.9926100690785766
-6.980036037130413 -2.781452225290524
-6.50192037963085 4.981255193464818
-1.9544505496159363 -3.8533516887936425
-9.29477773483255 6.6215124446354885
2.6084398025092916 7.676144411074098
3.940511041071675 5.456535814548488
8.659401188408484 -2.949752099748835
-0.023481258239044678 5.320931792229146
0.7598433841490895 -4.308477235935619
-1.7102376723947366 -2.1956364954333623
8.387166467486622 5.530023526855494
-1.0652843839705373 -5.963121348246259
6.1609700578174085 1.2585327287864327
6.022707189252113 -6.372780173181402
3.868204086186438 -4.557673461737259
1.9939084839860755 -1.899680374133606
-3.807156101943847 -2.7225057703494056
-6.805569660638837 0.14236987829969117
4.033921209455993 8.810253672169999
-3.5152933658086294 8.146439373616136
-2.520147135540367 0.19769771277300663
-3.5830783886244966 0.4419991935587593
4.403095025203857 -1.062615983714366
4.434877880684878 -1.9470861657874643
4.080264374137366 6.154881682665881
9.04686968053338 0.11825259819253198
-9.376244985930589 -0.877700633842549
-9.612406872575265 -2.1126842930497958
-7.932840139863162 1.150981526343715
0.13467646417516121 -7.421716066536137
-3.9461219503465887 0.6527834131255759
-0.5565967904607021 -3.2582849299636907
-1.3172149968670617 -8.085996132190175
-0.4757966894836869 8.841314673791874
-7.298956683443894 0.1099413947833554
-2.2594589451629066 -2.9983745440084686
-6.552181899625098 1.4799583736696071
5.7615075843710315 -3.566320124844527
5.338253560570967 1.878426017548506
2.831126505902443 4.701424945490631
4.455582836953411 0.2238490163982796
-3.5720779585643747 -9.195487073701132
2.9213608727916807 -6.16032880939459
-2.336710772848642 7.219500172642192
1.693827657063892 7.847578081022071
2.6526482744233384 3.830614544332061
-4.213313774553075 9.619590968454084
5.5531352095576985 -0.420309597612178
-7.411398927661703 -3.5582307918968104
1.3311908623566815 0.374708400828359
-1.443687282757466 4.524706613910482
9.534241322218055 7.387007084766079
7.316633597789984 1.4960982723024312
-4.203418352840151 0.34694113051662434
-4.7624802020376205 3.287417339959795
-5.5085543753660176 -5.190688842402674
-1.4543145247310303 2.3924487108562946
1.7937911569511034 -9.051917829877596
6.418592926762688 -7.378385256489444
2.7579643731067645 -4.656493490778903
7.781230529315081 -4.731518812379843
-6.107769775418632 -3.508976732865725
5.585344142276336 -3.0159384175882415
8.352903571795402 6.408640383384419
2.8612118825005304 7.742396970837028
-1.0588540669791424 -3.4628109069770074
-0.4325697585319652 -9.808249454346614
-4.847244470386281 -8.391610902316572
-5.975062267135054 5.523864837171228
6.766717789607068 9.694076255283694
-0.7473315173758515 -9.434739580419437
9.83486522854433 -5.8103947643640685
2.4211369827053204 1.0883535524389725
-0.8819882376266115 1.9896124262855537
-8.53840572831475 -6.339870824991727
6.539154849646586 -9.396226489204398
3.66072097602747 -8.792315208339295
9.661858428621919 7.465671396051398
6.313521421557542 -0.6506654644267318
-0.4176373152904098 -7.239544753966507
-7.128386303567544 -7.861788848206368
8.645953680107894 -4.569752980495105
8.007042764929185 4.241182797487324
1.7913192648466065 2.317969328263704
-9.4660525612499 4.621810543411462
2.000440055257007 6.8050131818489845
-2.5853994184679934 -0.2103788691475721
9.964526155956406 -1.3800537907032489
-9.497195493768672 5.420816208097957
-3.955764392972119 -8.598522473271895
3.247170193288971 -0.07044153369230344
-9.44043956395676 4.547016430683318
1.716856650753611 5.096152632601651
6.048453424671653 -7.613498670303393
0.07538679952681271 -6.778274775318773
-8.72362395922763 0.566242993454642
4.188010451231412 2.6329742088299
-5.372956798683224 -9.059728143433002
-3.2428119273106564 2.2896509814620813
-2.1724079725440504 2.9381768160311417
2.1789391993815848 0.9483816434777115
-6.333604969371825 -5.0578922370040535
4.166320368396423 -4.018907534208546
-2.9195922027754895 7.669740358362223
-5.548445385375105 -0.9467967595159283
8.74480388740919 8.114415774040374
-4.973572338524295 -1.4337779094816856
8.33630385523237 -6.635010431000907
0.5725368811830922 5.81148391806887
3.31374871810703 -3.5819192448994723
6.462610464550874 1.129805778313484
8.280550179996993 -1.7461738403025215
9.891142203087554 -5.4306481215388835
1.0384482696368043 1.1891842712218388
-8.163567638494547 -4.042393719313684
-6.431719517169999 1.1197114463226718
-8.943568361223226 1.3956157177465052
-1.019965423933586 2.3056287711203094
-9.830895243624859 8.261993003471758
0.7470748372453748 -1.3633019347213189
-8.37796211264716 9.489304272903173
1.9767830053961752 -6.136885976184945
-9.244942667559537 9.423800522490364
3.991748787858784 5.011009585457547
-0.6003772903683409 -9.098746965273289
-8.19176978444572 9.915214320317176
8.855580905109367 -4.09523932837399
8.146396078208202 -8.319731448097755
-0.4925516615236596 -9.772187243328867
8.728206084021139 -5.8069590612902955
-0.1593731153176634 8.83384969115495
5.8634285799423225 -5.3951036076550345
-7.172339912632609 3.284802465753046
-4.67188335907079 -1.1116203178566266
7.245399407935416 1.1205648560446324
5.76265307549124 -5.524050375833529
-0.5999128414653772 8.595692572605792
-8.743007317448319 -6.0521040481703725
-4.643969233707448 4.668673935257871
5.05948592740377 -4.144906454287578
-8.553153920641478 -2.440830422432363
0.9551543514671046 -7.334337162899063
7.300475650241616 -7.569510238918387
3.6358117577490834 -5.0427652761649515
1.6414595354363506 5.311189618897252
-5.113655643426855 -9.265867471072957
8.078313023522227 -1.2942186388429953
1000.0 0.0
