5
500
4.329132706080145 -2.95213121541096
5.11238851092309 5.107101352974897
0.9994741716904958 7.708873401592953
1.858289793678999 -7.0389698337862665
-4.712246268695674 -7.90829068584622
-2.576276830333284 5.444640594576748
6.213788739530401 4.946021229741014
0.40175470179366 6.769585021663577
-0.39299253328309547 -2.855025686733981
2.8521839658772024 2.5610505406334596
-1.6725206374017603 1.3065380064537813
0.9731633750897135 -8.147513805067671
-1.7314951890871928 -5.760199628744029
5.316837273474938 2.5466178908483244
-4.815359131340893 3.1819861680258565
-8.02234628034617 -7.726203645995177
5.120730892187149 -0.46034984498660947
-7.715351313088661 -1.169916996802776
-5.988982839383219 4.430106245699271
0.5279893853334663 4.192154293643885
-2.6110582055779314 0.741502060093886
2.4487634421821785 5.678006467809883
-2.930406237337662 -6.359912518746791
4.525115839578698 -4.326574146834281
6.79455899676465 -4.294863037910634
4.877897092487405 -1.2507845975240421
0.6406356593660014 -5.218654660779231
-2.8670912370313095 7.172971799357775
3.0124800457125556 0.5322702886267106
4.787900293487597 -9.323456030032107
4.92528087514958 -5.447828852629364
-2.850765442015497 5.686268880511893
-4.969703490136914 -5.2939556410827855
-5.1785430050653165 6.5123686941521015
4.741781183917389 8.961934536514626
-0.009988703840724256 2.704879403447567
7.277985562783261 -7.664952736655655
-2.295483352586089 2.603834997735257
2.068126192101502 -1.3003366343205318
-5.685029987157226 9.600800809138143
-9.55396598600081 1.7380178745147532
8.667888227237796 4.555736788168911
-8.568103192463601 -5.19295392262622
0.7257792935177694 1.6009148578552974
8.624030622504627 4.6455729033881195
7.843452090255997 7.633034635626849
-5.069078706244758 3.7134196863028652
-0.27027944885543675 -3.360069446145153
7.6338042624636735 -8.05616875530964
-0.17234017711334104 7.530522223872474
9.069118055322079 4.461733562203028
-8.991451914244044 0.3700503941855864
6.613921882665437 9.020657068285331
-1.4632090583904773 0.521070825779578
-2.0153979242389353 -2.406370180334074
-5.634163870266358 -4.995654900782256
6.872500869720014 -5.457324722947736
1.2228763369064986 6.859746432863972
-7.44311195791076 9.876374382029894
9.425150897610486 8.754707015586213
4.564455904845362 -9.014235913580865
-1.4419830264777147 -9.687791898464159
-0.7415066329807818 -1.6784688192046726
-4.409562747662827 6.100024980011561
7.586751176319066 8.727601451075309
1.1426355396382242 4.2074563645527
7.548303631467881 6.246165197703284
6.741015999941066 -9.388124500885004
-6.042547096879809 7.091209709637873
-8.08506788607609 4.941390549781396
6.648911461675869 -0.298345149190002
-4.960556813616693 2.227995381753196
-5.808115330481116 5.8521718477227225
-8.660578329418673 -1.072154833935258
6.065671700243836 5.046415343926903
-1.6406311065900976 -1.9710776313267058
-7.553419138969193 -4.269663496883414
-4.425815648308012 -5.910502705649701
2.294561201032174 -8.766982489063588
7.097490579931293 -9.901477830947556
2.490513716070888 4.2178728819739
9.998590979519115 6.904854807002884
1.5586395345161907 4.152800865634642
6.89971370035515 -7.005853469695138
3.640821522575603 -3.1403069668975503
-3.799618207344202 -0.3862787427824532
7.742074928895722 9.502221353233175
9.388261132374843 7.121954533252378
0.18035467798720006 1.3996761817605083
-1.2863905127976771 -2.3430204643616737
7.134841939151826 6.6569645717989125
-8.512941200317137 -4.319818039643806
-8.678809512470494 -6.972056714388392
-1.0448309687683626 -2.0228406407947848
4.0163662291229265 -0.13230430700297013
5.140671650016387 -9.049746048894418
-2.8217257349385445 9.139255057953939
1.023384459844328 -1.1889048852810156
6.4431871107837 -9.596610068345502
-0.8143660833092952 4.662524860183394
2.6239523826984232 -7.9657366321252665
-1.8962960547286727 -5.084790929551939
-7.526731095581754 -5.006543226219127
-5.210859793251618 7.7862228450939845
-7.309574370588217 2.5780188697670248
1.9760549071985096 -4.142395854171368
8.900738763067139 -1.3199849428875439
-4.160008384725686 -0.5430528807585784
-1.4365514660185497 5.82978740888727
-1.614193263455741 9.661817758257236
-5.43283125333776 1.578556765800542
-0.1830344985002128 -2.286239907526541
-0.37686991779370693 2.252704707835253
8.018461863815272 -2.995850439877106
1.6364176583268897 0.1271171211689932
1.8593237316612274 8.598561440605387
6.3102664203928605 -2.5670378481515232
-9.486705195225383 1.5668848457476887
-1.7797689781582875 -8.641928983436053
7.607216315445832 -0.14482157443616295
-3.772993464935663 5.821238612601844
4.194191070233131 7.539572547547959
5.838300377206123 8.20560049417
-3.986082619499129 5.422517344733713
-0.16569708039600428 -2.8557915959377738
-7.155688084579808 3.582167135419681
-3.012416691263729 -4.7846668443433344
-7.333705546969009 8.271318496423426
5.419054208098711 4.033341570399312
-9.736299776915292 -9.015593101178697
8.237814463915313 6.705110585961446
-1.9828452705047255 9.113690219206564
0.4012778491978679 -0.15559000655933275
7.241090420053467 8.97980813672951
2.2043887475819695 -2.999624956571485
-5.946661425597954 4.6282764337353015
-5.982601819541258 5.122806025623648
-9.332178187499187 -1.4984266022675072
-5.9351666274432 -6.9744121910654755
-5.227753859142434 9.180145593416714
-0.9067095423899385 7.885812805735281
-6.1858507471997415 -8.253275747132644
-1.2171345679136554 -8.050066963570131
2.7099003129182115 5.150737782879972
6.028074307863147 -4.485743385002419
0.9407941072371564 -9.350900428292126
4.082253581235573 -2.9416055822327074
0.11435453593983169 9.190331547235992
-6.8617236209016745 -6.233753073915816
9.36750086121603 -9.079026062247982
-1.8984620000174512 9.683365462222103
-9.243655670032453 -4.481167381092657
7.069424886889919 -4.692204505461559
1.5532744560346323 -8.21907496077619
1.5465996080218467 -3.534030414642908
-0.3801599273754608 2.791793426618817
7.740761231498734 3.9734980168104492
2.634302201356469 8.030632536501209
9.001584429151105 -5.5315346965350765
-5.131236333135655 -9.174228266431435
-8.878566019959141 6.718536616300348
-7.8180752639722755 -6.124701962190762
9.569155328594071 -0.5311524881123866
-9.92027006467244 0.41427541490510755
-8.121315158471639 2.4405954011961484
8.777311466560331 -8.626605544471248
-9.30631605675017 1.878114153276707
3.6952795356724657 4.7744756846731775
-0.2662680006375595 -1.466717936924514
8.602309325287123 7.078421676603554
-8.605409540843532 -8.098134487606917
9.711351375149981 8.82324855409788
9.835476116565733 -2.7325753286683323
-8.508737198604697 7.6574884134467425
-4.873377242106784 -3.8752827497337954
-6.953859217800287 -4.3034266380101815
7.984485947065576 2.106586644416497
-6.945638811176893 1.9175945270487222
-3.3297920952345024 -8.900297742523248
8.758630926219368 -5.57166230519141
0.5870931843797393 -1.0494035517980436
-2.341059988243024 -4.46585086934733
-4.048643115834521 2.016866733811293
8.12666061109785 1.5826305687789244
-1.2268242407710837 -2.0068608652319364
1.1579247811483189 -9.07034989574983
-3.4622647358545606 -2.596102513616354
-8.517356481854367 0.28373924259142136
-4.248846299559641 8.717968237361767
6.686787011742453 -4.667261101696585
3.1904232835983457 -9.354239477382425
8.425782942288546 -9.43208223226237
-2.08008078538243 9.792289508290771
5.607433034262703 -7.99823505348888
-2.0216493838956477 9.50336763322587
8.944329076674439 -0.7929718278187536
5.253159204846881 9.478224182370308
-8.601957760302636 4.237965423448983
7.899535854442153 6.681069871197408
1.3125654480378106 -4.083287778552343
-3.531998729276527 2.580380042396044
-5.547014715215621 -5.769975887840959
1.0673961642841583 6.695966816094888
-4.622975974768386 9.54632934731977
-3.315414735952036 0.5502706261093699
-7.197529211017512 -1.878395285222524
-8.148704685248893 6.912879670827532
-9.235116349354149 4.35389260518
5.098641614986061 -1.890021836973883
-6.87290693039998 0.22098075255161476
-2.4592891276366613 7.8309546976249536
3.4762324945505174 7.672432449841345
-6.140781648126341 -2.959097109002342
7.488709730844043 -9.24611393945593
8.121661358840619 -6.676461716554609
9.649813923635715 1.044324426993084
-0.07909242343088607 -6.98784465607196
-8.565221165526038 6.798106539800983
-7.531235110041772 1.940203977458662
2.4037175771327988 9.425088219010497
-3.552227267957071 -8.98781047468132
-0.2508332826379345 -0.7467290192821157
8.803655107231027 -6.932163935562108
-5.250507652251713 2.324458295062527
-1.670115850477698 -8.10664784993941
5.681670759398241 -8.23475637075877
1.4849408567141218 8.007541511498868
-6.518407695335242 7.889098844807133
-6.8430749651188005 -1.8805658743129214
-8.476142941660964 4.567219272073208
2.599511377825767 2.818905406338697
-1.8165822061168146 2.83874686792692
-7.924957436377673 -4.6855036772861
-4.1617486329580515 8.684183231298029
-1.5621169829094868 -3.325921093479563
9.288869133497165 7.344927520893297
0.7732953322417941 2.8381168819119686
1.2156106025537632 -9.776189856400466
4.347716922362819 3.3793142727444003
4.362370095486806 -0.06946429819468491
-0.5638623924168122 -9.901679790419918
8.449713855232876 -6.315612759244031
-1.7510598946896057 9.21927597415451
2.2964798847863435 8.314792580087666
1.9891771172513621 -6.224114446893521
-9.634566181560569 -9.593801464588246
0.1468281627146144 2.8399716690668093
-8.929837795135477 -0.15879537674024036
1.5415033404533656 -8.900044807699564
-6.792008498820968 0.5315766938407407
0.2818136260938289 -0.5565975546787545
6.021709280441371 8.878898307530093
8.710231645329685 7.325690633435812
-8.314102338800202 -6.410257306303788
-7.975418910433005 -3.8726652516631033
-3.289695158619259 -7.43201463038038
8.341392318876718 -3.9387551555052873
-1.870944265667509 6.216336582178936
0.8337381667012806 -3.989170965234951
-2.6601255755483937 -8.39325906329939
-3.558706285089981 3.2301433207631742
-2.317022216716788 -8.547751152967146
-2.437114295619038 -2.5067205975126905
3.926958765672053 -5.4879144491930205
-3.402132945895307 -9.954207215140631
-3.891040401063135 8.413105217109724
1.7270446884379158 7.443085654650542
2.6628004761855237 -7.675822211905499
-9.006517516202088 2.463624134807997
9.69580104452428 8.109488254481853
-1.8020132204918422 7.158110257527369
-7.638353564527307 4.856097853914116
1.4659353171525424 -5.254365275174495
-5.10518966299403 -3.343651459181471
-9.85774112906234 -2.935895267838358
0.6241161130500359 6.574543045708744
4.253216669143242 5.277823857710022
9.747566212738622 0.5568167634231855
-1.5022126469713726 7.897981263931776
-7.886735883652878 -8.03827462314889
6.680069900914596 -0.5556536869917217
2.7656606661302447 6.556070978609817
4.630917065272676 5.464019730218295
-3.9321368975555515 4.4911048246792085
8.791384952660255 6.974159236853929
1.808243582955365 -5.164644127985101
-5.533700845242231 -3.2228518269063233
0.91640478883604 -5.843652091537777
7.87984797008475 4.778326974082983
-3.60675181011519 6.150564300160994
-8.06762753442605 6.633203180589341
4.050097995236451 -8.030001286350618
-5.8206783982896955 8.740272569758158
-1.810965213132027 2.3670346924276675
-3.3264176222211166 -6.08083822600525
-8.738409797979063 -1.505527680746324
2.0864371001977844 -3.126256422300095
5.633192256942415 -1.6572167744318556
-1.688980203784995 -4.542708608592734
-5.009193436522834 6.354913217145029
5.167878711344475 -9.161041595752055
5.872677487079059 7.372395958135762
-3.11187323352147 5.260859903944935
8.866126576037438 -1.803026904337992
-5.97573679476854 0.7442081340869002
-6.386756293614464 -9.955351829082877
-0.6130308151847625 7.457339036752277
6.485622395285414 2.3773064067513694
5.324150447778706 -2.6138438422302883
-9.675258394053035 8.475400769452946
-3.7829021378983096 -9.96316831579382
-1.605578659504939 -8.747652798076027
2.618564454427757 6.664533853547216
1.2927697415591481 7.157099964650591
9.485999014468081 -4.384194272452982
-8.06423773025746 2.9001728710158936
8.292554244689033 -3.8443939742556754
-0.3265572665020322 5.7252943200208115
6.06719601658444 -6.087522352121693
8.990804493727008 -1.9678909479641078
-8.812616480100253 4.095831516282306
0.8006397326976824 2.6550708833871326
1.4268266892553676 -4.256013995039922
6.509423079011302 -8.45001680613988
-5.634312155745629 4.367180544422926
-9.123896787037573 2.52420163612282
4.727833040331159 1.4941635948568415
5.077608402576159 -3.9159838672157594
-8.017591622653207 6.346067302618938
-9.18473123692709 -2.4534281984163986
-1.2687329300429155 6.696187301557472
6.7851026994819215 0.4133793304123561
-8.345365208853828 8.471637160574627
-7.607000409897635 2.9825685475322476
-1.659155215090152 7.591107180408983
-6.373521455664917 -6.868240510926653
7.9924606424143505 0.07169920248825434
4.510658426219614 0.894128829121998
2.625406596897161 -0.16043398688830734
-9.592247422647766 -3.00585883191681
6.821476356192967 9.372674188609217
0.24020699367671305 1.5733297629605474
-0.3709595066993625 2.5814153369705917
2.9494147946383613 -3.868203023651091
-0.9546010113624526 -7.0326688438168805
9.079174650940807 -0.21947963474322485
-0.4270649715717205 -0.42745354642784505
9.282027019448861 -8.529536741993002
7.2065618625240155 -2.7202688637562034
3.9264020252164844 -9.602221289627488
5.33208671945447 -6.554049637333634
-3.159470545568624 7.06860896702085
0.4275885369464927 1.9717283428502377
-4.427581869443378 4.9361375810397945
0.7552967319745019 -0.33966443721675077
-3.1979739810228853 1.5623824044240884
2.8579103306083127 -2.9713466890027496
8.474507975436808 1.255286748775994
5.65276298703154 3.7032599792040273
-5.398962637275313 5.408619512772395
-6.057965586485377 3.438299262872775
-3.7119391893379516 8.337561958669141
-8.271927269644848 6.946993368880889
-1.9720103366090331 0.8141752358651253
6.322466624253341 7.514840330966063
-7.388689990885382 -7.492858127335498
-0.9859224110133091 -4.6356376034835645
-1.1697070013995248 8.027160028781918
3.965139679519286 9.135553307932874
6.223217828667732 -0.003698344925256336
0.2633607548537391 7.086912022131852
9.620868178102505 4.65671198262994
-2.429494174897073 5.057834601362096
9.343594469675004 -0.6985222534754811
-5.418683654416343 9.434070457700457
3.2246961577558046 -4.84488401067072
-1.857209632670596 -4.509137570586881
6.635572404280083 -7.409387983905256
4.678564743091167 9.870692877462616
-7.283991352162795 -6.003593758837709
2.0848249953409503 -9.10945319207876
-1.3766069460568886 4.940339527011021
8.906588764303947 4.043395443334781
3.985316712399385 1.5574616686127403
-4.653516060327267 -2.913077527852943
-2.3194218348095603 -9.17296257464723
-7.843781693124862 -6.161884061854916
8.257670824018785 3.164416651754241
3.616976239764721 5.687802801691584
6.648860854751323 3.824114695965129
2.9111701124736307 -8.382492188304846
7.147428298788789 -5.358214672518189
-0.3063363198414848 -4.704011831807662
1.0026524859340906 5.4110220039246
-0.6622716004963891 -0.02255330902169206
-8.478387710145796 -7.815970854770738
7.995312424644716 9.398536201891538
-0.6478673734149218 3.5470629121138746
-1.428763160266186 -6.491806335326902
4.7486242715117974 -3.155581482827225
0.4256966529147057 4.814455464965606
2.3032110615089785 -0.12425681614121054
-0.25922074114623683 4.71830342093922
6.900657033349692 6.0013627711241995
-7.444088215607827 3.143111255100699
-3.352447895603083 9.291331425337447
4.189967604276585 -1.7428599069379214
-3.6729913875861753 -6.227839282485017
4.760314930071001 8.80044432603378
4.331851291449091 9.694167960021716
-4.275247508296783 6.851509324155632
-0.956514942111788 -2.784955902540675
-8.114207673280632 1.1311979952955227
-7.087359145826797 0.6325642955986162
5.446417883253778 5.335261289500984
-4.93629375648773 4.369596034213858
4.242059838899175 9.11722337532754
4.020126041559189 -0.9302508078066367
0.1971394185126112 8.976671371678457
3.829746863569003 -9.88919699923713
-8.542924257889146 -3.156176846216125
3.1524967820394885 6.134821158103925
5.947766928452085 7.269961871750713
4.496585015730851 -6.152740423202541
0.37961102868623264 5.369193966087906
-7.174385311884615 4.519834135355936
9.277474762174869 6.900421478157771
-1.066852493516091 -2.5485045748422808
4.900890995476177 3.3333697976009464
-1.1180478321817624 -8.28827134527161
9.070132111863078 -8.614513286251954
-0.22895121420715014 2.260319504865274
-3.4012891820753293 -1.6122361804130936
7.750353632718646 5.49111500432886
2.7906702713623694 -8.782667991642585
-9.061434957590574 -0.8610407822087645
2.2469691281215187 2.930626980426357
3.897260147431858 -4.3906025119156205
-6.2496418590572 -8.101201768577468
-0.9804093667272724 3.5491650897238607
-0.193735896413763 -3.1249459075221946
-1.9085172811111057 -0.435858306253575
-3.7774172431008086 -2.58956561514408
-2.19605670367984 -4.1984577261471
9.115526183872863 4.406852040347065
-7.547639169854532 -1.129781648186416
0.221827302549924 7.1747490196371615
-9.081336025545843 4.569012889772306
-4.053429864761126 -5.464435927703621
-9.555025154264374 9.94560749617209
8.234381415778525 -6.619487037187319
-2.2295579844362745 2.7766036406416372
-7.9470605399978815 5.681433992404951
-0.9987300969069288 -3.4169760220130874
-4.924020273378686 -6.063296527772346
9.046511544310711 0.2827928439719827
7.243683254314885 3.271192325487167
-1.216243404498723 -0.09711049160865137
-2.8583775700231744 -9.313225572713604
-4.778371879432379 3.727817308764891
2.32060215299793 2.8193835223181196
7.801042169348975 -4.78743122205721
9.0162904359089 5.5383315711688255
-5.308689036887482 2.6092976281878055
-6.921756553230614 6.9601754067855985
4.173836573964792 8.0266478926237
0.75088652924161 -4.802492781232401
3.542473792738406 9.578893555998174
5.577881721797237 -4.5683435075621315
3.9063109842465025 3.9287942531020708
6.620576754341599 6.038029606347415
-2.839414784178076 5.170851313752149
2.5651009130379094 -8.993730638589529
-5.7495309879304095 7.066157042097576
-8.524167296777236 -3.6935427009552457
-2.9832709280280545 7.8185801649124045
5.241821781753888 5.301718394577868
-8.350654878572392 -4.105734612138421
-8.083774087662457 -9.649115778970296
-0.5310398363561966 8.715715610493472
0.027069445852841767 8.865266345659816
4.985000698068632 1.0606765559490619
-3.087453589013773 3.6016649669966796
-3.545328239388496 9.161465527856492
0.8383222631914364 0.1908453562345933
-9.48257810491632 -9.958502778065515
-1.8543555960241598 -3.4942365099073243
-8.465576296243222 -1.4170338269388587
6.36649262695083 -1.5458854305577479
3.692940201903138 6.506832138423796
-7.097444119426708 6.234800226579107
-3.0370957973040325 3.9728070974623027
-7.0022664633589145 -0.8730651715845141
-0.662949751070844 4.6397639550311105
-2.1922014178164346 -0.0009493063113374944
2.9631473486274 0.47614389964364356
-9.876256802814538 6.595768867519517
-3.8618216592359245 -2.153661601087597
-4.410812149102181 -6.847932847633942
-9.658004184205868 -1.1486936548633153
500
7.198500454169007 -6.92113710673399
2.6748527014845713 5.816127727635472
6.482788590826441 9.450871560666087
3.227301807288871 -8.804061277314979
1.4850085123756624 4.055832742389242
-8.39928715362279 -5.524458249162114
-3.343268272381823 1.4503815792438957
0.9778447356818596 -6.749143977354571
3.045173398310377 -7.987883981568224
-4.05021293530776 -7.378473014109906
-0.005102462498413729 9.303962762665211
8.487915345953155 -9.861846564095902
-2.224912025072614 1.1090610675179935
-7.338895551132207 -7.463177289768588
1.6661165897715602 1.1787988320711875
-7.836271048132124 -2.0164988854264028
9.946198181322409 -8.654817396680087
2.547502361832601 0.41560960193976726
8.229828789902943 -0.546374934432702
-6.875663682180155 4.920769108281817
1.5023422678528497 -1.020676479943333
0.20644955867319936 -7.6903656287195865
1.8421200896311802 9.771634350456196
0.6023529050401208 3.8907659971875574
5.8816405106804055 -0.6709595344425665
0.4518000394493349 -8.140245867689377
1.1539065549889678 -2.4417732378717893
-5.275673697229615 -0.7474994533287553
-3.7841911171099003 -7.957057923829014
-5.859095146247276 -4.164365689362397
-0.7452026784879067 -5.066686202210045
8.761342144396377 -3.251315907991601
-1.7134641955994478 -7.473684806609027
-0.9300929850037072 -9.533392687091627
6.280540435960418 2.270300877113103
-2.2199056361647695 4.712267244532622
3.3321147471348223 -4.630608101710232
9.825288653205106 -1.6658858431618029
-8.047505026687812 -0.5623801918842339
9.38770671328064 4.013612802277413
4.561821929376226 -8.578437944096862
-1.013908052989196 0.3986193851975113
8.812695820079476 -0.5886870803323667
6.0096240615594745 -3.5586683257901575
9.315919517933843 2.3797190066792417
0.7507593602493152 -3.7921352182757184
-2.7265467949326627 8.698088610569666
-9.634246018283026 -7.691370064304575
7.955087142235872 -7.022798100209895
-9.877060882503937 -6.981722610450493
6.714938043862446 -9.942543284356129
6.854246668847939 6.3448446645468835
-8.054456014924176 -2.960684921294856
7.8737574523670695 -9.093794631371907
2.7458666334665 -4.087485719049171
5.766759275780164 -6.335616398925115
6.558334460794523 9.838871176542682
5.497829118177036 0.7701935263724398
5.511103355247656 5.11465173995704
2.7531819115146696 -8.301438509507431
-6.855750850710873 -8.426058326574319
7.687624433690267 -5.739380444345274
-0.48251353443387934 4.325212455515764
-1.312063577421176 -4.318390653975976
8.193915494761022 -9.168797747639308
1.844145799840586 -5.252435010625344
0.5895916496595675 -5.773052521073647
8.469706803502913 4.968661011352989
1.2167355306408076 -6.008392166891376
5.341266248060361 -0.9833440540340135
1.9101064228815758 5.150298422958663
-3.7020431503129547 -6.171946711367564
6.298955986084728 -0.3525542959252519
-6.03506039530473 -0.16577970834471145
-1.974783305299999 8.019888505218884
-6.458477686871502 -0.9524460954001732
-1.8652518666585038 -4.323640523697461
2.0933430573619294 -8.059733969150514
2.2131200700017484 -2.4241654282815484
8.895042764030531 3.890096915425339
-7.621904782467796 6.304673149674521
9.602127303974878 -5.612045894277749
7.690416364461786 -1.7611022060633523
9.590555063433495 1.8606998061563438
6.830061818555812 -9.209792714544367
-1.8169259196210277 1.3919847958295293
7.024387917960663 5.521643935467665
5.1312652756856885 6.580695009483076
-5.0385458248628385 -6.124262340103561
-1.6978595638612042 0.9919187564857719
7.359372767180137 -9.091145169432998
-1.9212090183953094 2.859496221799372
-5.042844498227548 9.980817178166255
1.4911178615372087 -1.8390894467140573
-5.7627678617481575 -5.958439013807373
-3.362506753735925 2.8376089106442492
8.906739059317378 -2.2697012434100046
-9.283477372095382 8.361926110839839
-9.866962558567502 -3.817868107636091
-0.06377375979823974 -8.919880911715481
-8.972649102627928 -4.369670840090773
7.553116867227093 5.764007993391896
-0.4133263371175655 -3.7898463918418575
-4.557965143397398 -1.0467847975342437
-6.245335715006668 1.5067386188687735
-3.1644632453772488 1.4335405481816625
7.096123705322615 1.5920132388217105
3.7096116935597205 1.5909762563653551
-3.0186964469468114 -2.4867476304449525
-0.4036258985768182 0.2082791597395861
-1.5340768924777883 -1.0585383470149026
8.482117531093994 3.935559461648456
7.588279477551389 0.5783724643390702
0.23643192600698804 6.753172994890001
6.690914969153177 7.408151854778087
6.471759857929019 -9.673124325399902
6.111448316575579 -7.1284849892862905
2.0342188191823354 -9.244235447284359
-8.01106059397863 1.8138221666724554
4.138401834283288 2.123534308994257
4.139165702170249 3.5181400277711425
-6.8895900990422 -5.200795162114044
-6.164400556365237 8.831439286613207
5.590096878135816 -5.185641889630115
4.564039353079769 9.95273655114795
5.37233000721435 0.6452667867761299
-5.049919047255482 8.466574248838704
-1.1193348696104461 0.8098113325848271
-0.3915688512565314 5.348166792672771
5.008091740823847 -3.314235698909833
8.153549722610286 7.990108793557756
-3.047312450457895 -8.387504838315651
-7.410073552132335 9.127812372360342
-0.04536128750354429 -7.143237956820752
-0.6528948806186392 -4.320719446617193
2.6187612600849857 0.4219971304780419
-2.762045913943492 4.373154230558702
1.0785931032498262 -7.241514027807181
9.193581041971918 -9.784525921886484
-9.677023102929983 7.633876604726073
-8.46024887391314 -1.1590684387889283
8.03384838508607 -5.483226104065508
2.9764179059608935 3.669846531627517
5.118846895549925 -4.022858167591686
8.162526669263194 5.276916932446982
-7.635769557877556 -4.427794686581448
-1.820873349616818 7.212969447564898
9.03399525310724 -9.126268092504606
4.314461963420687 -5.197075736267758
-9.191245565898784 8.141200008090713
3.2986712211025715 -1.8409166673313635
4.984291463363569 -5.411435427980318
3.3765544061879886 8.254671025372925
-9.127066330490692 -1.0699360759218628
1.3792074727385373 0.5056471897683181
-6.704822189292424 -5.448249057651884
-7.305224136798795 3.7476842482112875
-7.913263436807685 4.4039306732976655
2.354359126287296 -0.5637605244483943
7.449681455194593 -9.820961049247776
8.096430933811362 9.873928376720777
-7.987937720999629 0.3664079792138537
-4.732552067259894 2.2871807511395623
7.059854738647285 -7.906954160707853
1.7955338564472036 -0.8050105238552696
-0.6699765405695288 -8.496621632252392
-4.847620605046313 -6.788871535487493
-5.520306798853987 -3.6133944676604823
-4.593136869132309 -9.56072497679938
7.856937470310012 -1.5719262864162076
8.294822809369265 -5.809165808887844
-4.307392579986127 -1.0354193692380385
-6.613191220153176 -8.733292088776787
-2.717088001984928 2.675953671520608
5.927628703836907 9.525762257613522
-0.6062976586868114 0.03007325458810506
6.102892209921983 9.770427909247175
-3.5678924674626833 4.095476231672386
-5.073696071590437 -0.28562499935572205
0.6732169487643205 9.108998991310724
7.351974990655176 -9.824929345036853
-6.636097020815712 1.5238987736896537
-0.7048168912726673 -5.945509580720945
-8.236216897942812 8.735234921883908
0.46951457420917286 5.778052144689546
-2.037262410808644 6.607283422632001
8.608024888598425 1.6012116703723827
2.4165164300249824 4.420681287056642
6.7428931595304284 0.7808672228799995
-8.114954532532401 8.835063264853051
1.1910861237474286 6.921116269307554
5.801615913094022 -9.212603433917572
-6.203938079568852 9.985666762896688
-9.955340412045487 1.629700832281408
-3.6298868695096793 -1.8827317928370118
5.880603118819522 -6.083057496559281
6.1902168915236935 -3.7401290548534956
2.9180886750159463 -7.05023575637674
6.8789823910639 -5.821800059531257
9.88169833430878 5.003285989433621
8.74975288449032 -9.928609169976333
-0.9230438761459308 3.7201043870579866
-8.805580471934798 -9.662395883837103
2.0336475963831795 -8.167245704120345
-9.245822075540662 1.4751422332209536
3.0272869921449477 -9.990404678911577
7.989773674896867 2.703326165675307
3.2795451993667353 -0.5580765386887023
4.383339068634363 3.267378829271692
6.439375254910175 5.535235627205273
-1.59405487694983 2.669626485425777
5.427898664412282 -8.777459878449571
-8.050047734580442 -6.754369973128968
-1.2968774054370886 -7.124230934378182
9.26617966760437 -8.727836035734
9.030080639834608 -2.5271463192828625
0.8998905046380088 2.9307391235238374
-0.5004015113872935 3.399156990106585
-7.436441079134686 2.9185800366025845
7.901996382907548 6.568642675251148
-0.06778957431001587 9.875663966831265
6.949889876082107 3.2004785628889856
-4.336351567300425 -5.733863574008604
1.061676586541676 -2.4384646657916793
-8.625772641002786 -2.1980011943725337
-0.653424415670365 -3.0001469537676577
-5.189136404782026 -6.70029959357572
0.7614401598490694 6.600371799883888
-8.825928893578617 -7.9908430810335895
-6.259538906977471 -1.6438669477174734
-9.65970267803372 2.825315599837845
2.1336478005985704 -3.4927670259839534
8.41122644413882 6.750850414157561
-7.015163364651437 -6.1650085541108846
-6.694634501927443 -3.8611738106854805
0.7687751488083467 0.5046481636391764
6.508315390678142 7.405733355915576
-5.42639543534869 7.941665624828424
-6.548351345307046 -8.786951564535139
9.621032191899396 -4.091588563087559
4.994262260180857 -0.18337016486457003
-6.409438463254693 8.81702252753296
5.565988040395025 9.86975369508966
0.08742891738360115 4.209359228372113
-9.877609739031183 8.934063281407912
4.986480949922383 -8.674576256534138
6.753913231229035 -9.720749885722697
4.202609499416409 0.7604548803180293
-0.12410933698459026 -9.312305360551713
4.491932999336274 6.220676167824969
7.732944427653038 7.708141972088871
-1.1371944057532701 5.624576450663101
9.618586132829428 -8.7864365108655
3.906811086245547 -4.630528731648578
5.297222921384655 0.3545835289901049
-0.8164050543777392 4.259138552397296
7.760775269176385 1.8658807729671203
5.796723735236391 8.677985377936473
4.684868351653703 0.47630074237744857
-9.790669917803863 -1.398018040211964
6.754880179850279 -6.866023431823058
9.09364155106637 -7.302313629314305
-0.9010509531937405 -5.07486538984983
-0.4570847425024418 5.641270422630026
-4.68830470637571 -6.485460533695471
9.950087337130917 -1.1684326054752354
-9.20223099296688 8.789726010094018
9.575766496734044 5.588659514252445
4.755539950161392 2.9429416854313075
-8.959326632963549 -6.194050084248515
-6.654198259771822 9.3304328861139
-9.923286149706183 2.143481410908919
-5.728965817208344 0.7939299730563576
-7.095230651695916 -4.4935953889295615
-9.907040542584957 6.2644527231301765
-8.671569315558527 -6.444783799688338
-6.482280841301518 -0.5342463649718461
-8.010522534935102 -2.2674379013795125
-1.5381144772778228 -6.088292478537647
1.0057026933278852 0.8242100775377885
7.64772465260538 0.628049870394733
9.791621040005793 6.519104205073379
-6.7175410160362725 7.346005771786238
6.967553792718807 -4.103897633148379
-5.178823476195518 9.817235223925238
-6.917227403042827 9.898171259542845
7.102726406200741 5.1708438403719
8.12109961895348 5.569426572688593
-1.5300542602043947 3.23992338975315
-6.260682893751978 1.1423355122255678
-9.83492460565252 3.8204783998714493
6.874365354305297 -1.6671304682988541
-0.38966120673260995 3.39135421491752
-9.760635316088182 2.020544378632801
7.520433853837485 2.848893037030553
6.41337350569739 8.525416265707197
-7.775022760328072 3.740450104662255
-6.636942932797554 5.523207482796625
5.401191574954778 1.2539839358306093
8.524252198283442 1.3447477313193374
-0.9625438976438687 -4.008469407956992
9.794867272676619 4.207483707700204
-5.157816605018053 7.936027004842462
0.8448650623790694 -6.67871986281644
-8.233524337291891 7.489423039770436
-3.8731208422529972 -6.140716643444417
-1.094966273770499 8.41494914681395
-5.7847406492420905 -1.0143747941239702
-6.769901091962362 3.4589796101538894
7.8384561627114095 -8.659945320248712
-2.8023000460935794 -7.435628793876572
-9.769070628911017 2.02526027899097
6.408581055639864 -7.268423308587034
1.0504280231805865 -6.023045871625294
-0.678075082105094 2.5683527422806414
1.0523858776192583 0.9388687003144653
-5.708921970666749 -3.672745050134747
9.83922643232287 -3.7208125360381894
-9.403692350390093 -9.805999069876904
9.599153673830944 -2.5975669158161807
5.73434044633837 -2.41790615490447
-4.896979511344837 0.13336975994080902
-1.0846302865341357 -7.662968998458808
8.135747873728455 -5.474131322447939
-8.000425864932287 -1.3490318175911575
-6.81747608422458 8.850361226414599
7.548763168432252 0.23433015162924953
-2.2374603560978956 -6.70245097700676
6.312528635110194 9.91842550537114
1.886524182412085 -8.041452892746303
7.092285753973357 3.2171701233146237
-0.23759720733236378 9.944078840389913
-7.447057567464832 -0.21654798472226844
9.257414997996353 8.798291806265993
-1.535108074822917 4.791052331951686
-5.957061567136639 1.4390504451257407
5.099089120721011 8.812472194210027
-8.512142979200464 4.922845726085773
2.787713697529121 -4.352520074804705
7.052023776164138 -0.7098120909883789
5.004275451037664 4.009616848928282
-3.787193236283583 4.0248327086812665
0.7337716708502704 6.449974734033404
4.4023161563795465 -1.6428997413734798
1.343432848078459 0.34568985457540435
-2.6382175318603114 5.279135469808217
-7.959425380813528 6.150791811224554
2.1441972756546903 -4.024891235515202
-7.027846912713089 9.678639813715325
-7.2438534597322075 1.3421775933111704
1.428393167868725 0.15109530468920696
9.66303827498523 5.062622234219791
-6.510330496123242 -5.451670347700808
1.9547626898921457 -6.2824945309252955
9.308995221964722 9.248547280552962
7.39638081152712 0.2470991199660375
-0.679882767827948 4.37740822716928
0.4125438042393412 -3.1137293156394446
9.240282953143339 7.271076157472326
4.295558251540289 3.906772903290264
-0.20793713989203866 0.4408862641248117
-2.8195466288586353 6.356763472845678
-4.613982716952982 4.569016051344811
2.1936323862515383 1.383012144209772
-8.345443354727973 -3.891030158884588
-0.4254284568361104 1.076284428843179
0.11404743998715716 1.1974902215538545
-8.267624004198478 -9.782241590422133
-2.613353553600204 9.75577959559763
8.708864177693691 4.435805051996066
6.663493764781123 -1.904626697662744
-8.698257959917763 -0.49644137512080455
3.775828124808706 -1.9177150412842252
-6.914627709399072 -0.18588121423950454
8.509112666950198 3.379896342224617
-4.238795367805663 6.349090886645964
7.761429719389756 2.0161264599866353
4.902611668761816 3.3434394503730918
2.268749522620599 0.21341887318134134
3.0739270916235064 -8.857549132703644
-5.9705535846924 5.25436539985715
2.4147238990667024 7.8913624874913175
7.233801078677352 0.4537855195021301
-1.368815294106124 -9.957031285890913
-4.534996604066457 -2.67700823101626
4.930547866372333 2.6923846921063284
1.3479492164938058 2.888894656385826
3.6871685841090063 -2.343004192524461
2.754147803330806 -3.4640446723402407
-3.816451272568864 -8.08479769703061
-9.251421166708838 -8.510099178686325
3.7278472734722268 7.47221467292723
2.5363948949283817 -9.795045491797046
1.4184762262339685 9.925595047061101
1.960574726360928 9.651086237099367
4.165751943594717 3.6559194765755
1.7178914569589523 9.08648896499961
0.14943386973918393 2.460664390158442
4.272951186594936 -1.8705832623194532
-9.751421734326193 -5.25691524145719
0.47602337187874433 3.0676247842238435
0.1210475461341094 -1.2240351275627699
7.540312463712805 5.214459974044248
-5.435673837556163 -2.5619218697205026
3.8143540583145246 -2.1982512181890534
-4.349653888244123 2.8356148375073325
-8.581484403646822 2.6267260709335982
2.2562094892762445 -2.945100369292623
-3.5126287273622854 -3.5461401662607077
-2.3496301342898906 -6.997334352342146
-1.243294193746145 -7.49638908224822
1.7339905800049813 4.037784849943172
-2.872409311558437 4.511981466122034
-8.399692101166195 4.1781363713550075
-3.939576210120748 8.707840387647401
4.025251875435629 -5.2238987277469295
8.006690071529178 -0.029389013965843702
-4.914483390357631 -7.230905403301769
6.991267682356003 -5.333278826070693
5.634204212025686 6.213274706789697
-9.94241390110824 -4.773832247770211
-4.960454204067322 2.2501669866021796
6.228635443337346 4.969203235031747
-8.283806121404393 -4.9778880073007485
-1.4832663713393188 3.7678382772647385
3.8573423450018502 -8.211451206162437
6.862992155007689 -3.0275559959759724
-9.045208234422821 -3.6637963431239884
-1.642420893316265 0.6502586196406401
8.692694993819739 -6.585288992727165
9.916655822558116 0.05374082983009565
7.23025594955336 -6.96381527104972
7.523600003454554 -2.27760469613062
-5.059654460326599 -2.2933243393744407
4.038698074603067 2.2001938408897654
-2.745554375714363 -5.128875143917089
9.853397930998533 -7.112864170703395
-2.7405240241101048 1.5208724159569478
-7.4644510215224535 -3.073826032223888
-6.466591150505652 -5.511397928436816
5.949231818798189 -2.7800236033987975
8.62814054470406 9.981408930322196
6.745542665425013 6.383041930530975
0.06044279128320085 4.868366357168643
5.586875410365641 8.538599153553537
-9.055026484968627 -7.373120053429325
4.083149252477078 1.2379337968444393
6.635835548144755 2.7060632728266203
-9.946054755931954 5.9507323244154176
4.384964156643887 7.4441039962267475
-5.7179876521352195 6.651566503742991
-2.0293670717212127 -8.651143517571555
8.17923792583699 7.630776138630722
-2.375599861891704 5.675598757452763
2.92212588902637 -3.2923474651868663
8.25954764853644 -6.6550055953671405
5.995588859488915 6.180754244738797
-0.1273286214957814 -6.208102623529856
-9.528608478086408 0.8039232058394816
5.517501494149338 -0.9402047888618821
9.04066244882344 -2.6410270223209675
-3.931593809478442 9.678504374470911
1.0624298228337796 1.7088540693282113
-9.769269723575064 -5.309085531151787
6.947684944000336 -0.9598000233733295
-8.895864117915265 5.635989608237203
5.022624237979601 4.643754891637759
-9.070881716362024 -5.322107191185024
3.40084565827841 -8.430282129022329
-0.40613436065073927 7.620456564313955
-7.4584266785066795 -9.488461979674545
-5.045610644885164 -4.071293594987944
-6.510588967192021 -8.196410937921744
-6.595385863450924 1.2523125845678216
9.133074889942677 6.676784026635314
5.183667803235828 -2.4522121981447187
2.4531781899544534 8.950554061469159
5.840338719911703 -0.8853529328015934
-7.160914693421654 8.41378602699887
-6.143023680188639 2.6064713549236416
5.394892899881702 -5.834341315120312
2.9669932146208584 3.3743809051818996
-5.656975019953039 -9.735888431706242
9.096591947423075 0.18214102940248011
8.51615882997205 -4.161415041118444
-0.6998027000141285 6.698489469115366
-6.080746281471008 -5.698866516876027
-0.7876404437972244 7.403644730663661
1.9038611875147122 -6.982073831838418
-2.3539574212274132 1.6641552271517952
4.3806863395515006 -8.410279858335343
8.880958057669588 -7.702647614263078
-2.5540081048700136 1.6545195780623239
1.380259982612607 5.430856275543443
-7.403526663936162 -8.479582635553273
-6.679103403444396 7.417791139522613
8.27667237833791 2.9677108511143935
3.925886251076591 -5.081634049673427
-3.4332140156386437 8.640058769276429
1000.0 0.0
500
8.154887530924043 -1.892366991188453
5.778570482651045 7.511721816004776
8.21288594625847 -8.666978323785264
-8.918971414091061 1.2938478538736398
-1.4912074057177467 -6.7222258077741825
5.044669736168414 4.2090618593004425
7.106811080671239 0.4240249219405552
7.28094498148927 3.722989665293742
-9.897520871183364 -1.9297713032661967
6.3919764345909655 -4.234592148329657
7.78079944288509 3.4374966398408553
-6.482363552658974 -2.2219632693714146
-4.752859593814655 9.897899919630248
3.901353316914637 6.886519318907734
5.132691077709895 4.5174118869858315
-2.537574218534817 -5.364438628919068
-7.650057562303692 -4.423444691519625
-1.085787769262632 -8.197968454255038
9.078165993288184 -9.58231133529009
3.3654213342233756 7.034743605550709
-2.0235495234634415 1.5113841008470512
-6.2007503563522555 4.800423804312501
-2.054571484926333 9.295824887729367
-4.95300758680383 8.330552798296996
-0.8886213908103251 8.338899783011328
2.6848783722213696 -9.683243188507543
1.40233217099102 -4.992622379403149
-9.644981991664865 4.940239083430548
3.0224187716607176 -1.021229224967172
8.980970265330523 -6.9424304969250965
1.7062037563137835 -7.790107596197826
-6.934352601470604 -9.154135043463947
0.9380542065127138 -0.6598727827700408
7.845420444922951 1.4612080244900874
5.309686472707575 -5.383456665253023
-2.1347557630010545 7.730173351990025
-8.925730086801638 3.4688118533559553
-2.4399686625358497 -2.133441023345293
-6.080057644126013 -3.367046337583572
-0.9116911602144189 1.6424336908771053
-3.6418382000250027 6.308435040803339
8.138353018953087 -7.255639332309309
-7.2962642397712845 -2.8117174009189565
4.932823927841634 -6.259177179058089
6.705612933661275 4.787550441149511
4.264912499195969 -7.070957886314416
-6.291262293713733 3.606894581136661
5.325735642241515 7.521009318513265
-5.866355925310282 -3.099493582704449
6.646349500032635 -2.0676301462410756
-0.2935504563427376 1.1413051349868155
-0.12387532978507743 8.047303908639734
5.777082378448963 -7.541900767646745
0.865285666436586 -2.6809227734845393
-7.712378822398276 9.700913238575147
6.342742492440905 -9.286490887928469
-3.5433389775639457 -3.7333101830566147
5.144036523877924 -6.986392924104122
-3.409138748213582 6.839663894778369
2.7072063285254373 -1.8847666741562996
-2.529980303978099 -3.8370003223148803
2.172713667509999 -0.21489387132572801
-0.028199977940914778 -9.652000671126045
-5.613402888900493 0.42344767701122166
-7.3212892436079 -1.359513618806318
2.456728582430504 7.6988458455371855
3.887481872814094 6.043099077639415
9.699740136121939 1.5773453130621835
-8.984357065979154 1.724465874189086
-3.7636034614072633 -0.7409045613902698
-8.327778264488586 5.176021901942454
7.151158745193705 8.420452711478667
-4.445684037027366 -3.688261348594308
4.118506020426025 -5.744660138630251
-8.122729635715585 -6.283945359098868
-4.924780352075862 9.838381248620966
-2.6534676095098453 0.2429587323084874
-4.782061491948819 0.6094960367685509
0.2675182120856192 2.14961076600542
7.742501921041271 -7.490325498239909
1.762406488377506 0.4400392714787209
1.8464579657007505 2.2205148100815713
4.002530781408103 0.8532977303787614
9.623257027428252 -7.042483168190154
0.1837169240134333 1.733870259456845
8.33872442564699 -3.294880229492591
-9.108674095469631 -6.111913546436996
2.9111396188075194 8.966613247338579
5.44633936904215 4.999141183147751
2.501221943555363 -2.2137642113436096
-8.641435529850641 6.117811669819478
6.723937231091913 3.3494957019534297
2.108513825517033 2.8828713216509154
3.7554619030658127 5.086814949697569
1.4413282345921665 0.03217947788371589
5.47901850437187 -0.72035348719462
-2.550368502938822 -2.160032824914846
-0.16928185997855572 7.6924614394032815
2.3001579087329738 -7.816724604367815
6.982696445844169 6.359021601552556
-4.971622580987907 -8.348836638046658
9.71423361644775 4.167685868292498
-4.861838746896594 6.140701509689425
9.02910644617694 -5.197123139539492
-8.359082732119374 -7.668745147731462
7.201222254759237 2.9720551124744965
6.327379402527097 7.88651199548902
1.5401594321639287 -7.3055256734128315
-8.304573681985515 -9.482912109738708
-7.08908298779458 4.06371649824149
9.893768504185857 2.806159471600436
-4.584829882106516 5.434570429943179
-9.612512906788066 2.4737185172893206
8.364731777454686 0.7624664340071003
-7.8378904041897135 -3.9787902567792344
-7.787799120894174 6.719230959714849
6.78902787776617 6.464107562828534
0.6816253743957983 -5.086496858088914
0.39522359098804216 -5.497067308007311
0.950353302539515 -3.840155212613494
9.419739268624294 -2.728722469496274
-2.43519947808561 3.08876148367772
-8.200732931206073 -1.411661771348065
-9.286415030683838 -5.84349490483037
-8.881502133969265 -8.18752502694454
4.5482942314870005 -6.666935907862024
-7.952121655660793 1.8560552100460743
-3.891788140846444 -8.578438229555136
2.5239328433978514 -5.441773999834227
1.4443509573665345 -5.7640962706214705
5.558437979502575 4.535117314989423
-0.7864448816074407 1.0530404968662843
4.425908674037471 7.83231256641481
-3.863260161806754 8.08739902820594
5.272685317711392 7.228700969717906
6.15471379860206 1.9037923975567317
1.8275253553843633 -5.060457696331511
0.04730397744704007 -0.38639831794208845
-9.03121797431208 -8.872132065310325
-0.6792170323278253 -3.47769306211525
-6.585603330310441 3.968553340022913
7.5758871476637 -3.0950129058574056
-6.290141538875298 2.7126077967493227
4.839561618966963 -7.58457184810333
4.606143060435151 5.462240574866975
-1.9731524579892366 -3.220400549414686
-0.9269979780644633 -3.876969006038939
3.0426450968281706 6.453224519509483
-7.127809866309606 -9.8227796869159
-9.308106819372455 -2.9134318055601742
3.529429057368711 -5.175570951896155
1.4698045721662911 -8.471859088937135
-8.31790333298635 8.78721929464961
0.9385333691581437 1.1123148737436424
-8.144022263012218 -7.089801107028388
-6.902442261246648 3.041855322793216
-6.426494461453047 7.985940618042431
4.85093013385786 -5.443342539864593
-4.121591705090997 -6.232711488403444
8.360620585689887 6.133714635339061
-4.6223627055672285 -3.8253947167538183
-4.328821632316833 -4.335108229352773
-9.483718230995674 -5.154415371406403
-5.671082269200955 -3.503397171149296
-9.734917628992461 -3.775120499130664
7.4158024152132604 6.95443774953468
8.574001961375679 -3.961182003776223
-4.990767619998979 5.7016636600528265
2.0000029529338352 5.954461977350107
2.367099253048295 5.589847634045649
7.747593186169151 -0.22242205177182228
2.245927956172215 2.2060238785834727
4.300071594016233 -2.4408790311461264
-5.64313843189264 -3.460163321267844
8.3432482389922 2.142243300211419
-1.9258214917765493 8.635883895843538
-0.08369946456223687 -8.463629826774985
-2.395629006243123 -9.88925834267577
-2.8939015904827485 6.559018205114139
6.097981149777535 8.747085644561167
-8.436086997111712 6.144841144524111
-7.450967551326939 -6.318442899046506
7.047404407112481 -2.588447035050974
6.489294236006565 -1.2574660558271766
-0.6982107506159689 -9.897274451781197
0.2804512594096398 9.06141055602242
-0.8290390936124954 -0.23496828803194703
-8.51520909866683 -4.116101055295401
8.88329011787398 4.938548517598386
-0.3206234872168867 6.142500752248292
-7.036703213829996 2.1741274184183084
4.729445953294961 -0.6981759692809106
-7.12166164442243 1.1641494592492698
-1.3817746361890375 -2.4047619659171744
3.317428094530994 -7.757709657210652
-2.0331570296322514 3.5855074160000466
-9.11344532764608 4.000275609457217
9.824597106186715 6.490918529806951
4.425408821440421 0.41361694008391225
-2.4186737182632534 -6.907941625770942
-3.195784810883988 7.831303225216626
0.4266576312102739 -4.775724803686712
-1.102642445540953 -8.47656994585292
-4.43578035112062 -3.068664402707193
-5.483130462364922 -5.42398437714779
-8.644797994494711 -5.307478619634544
-2.9048603095680896 -8.573262086376845
6.508610751772828 -7.083613952684447
-5.261005553075093 4.709658835880727
-5.688497513751749 -2.5228587824235715
4.930245239909379 -2.4572681053941032
0.5086852174827445 2.299443458414867
-2.956270159136592 -2.711639505720753
-9.237396081149729 5.891748651495307
-7.7938237310073255 4.3273473837878775
-5.220971768096083 6.445744182971488
-7.200601145997931 5.6926579368869135
5.545199284134023 -7.959163481982978
-6.286625421712875 -3.4237176281175437
7.362960016584559 -8.909243127637456
-4.692461385812885 7.898511409968027
5.747997441983863 -0.29319146102232096
-6.514502268937363 -1.9163448746132143
-8.252081315303032 5.852388174543233
-5.629482519846372 5.4350500764428595
-8.459567530626941 0.818551737247029
-2.567107227026102 -6.386859404864906
-8.589501835655668 -2.9662040807727363
-1.7418980544396376 7.684285664544664
-2.291277571458581 -7.078124811261553
6.504143250130397 -4.642571005659091
2.798622396562898 7.559668387787745
-4.87013889488757 -8.135352706896292
6.089697449929822 -9.663606739772133
-0.9311401909874313 8.146477922804692
-9.359630679294074 -9.391467203759676
0.5669716963273075 8.298203771963802
0.9850961460072689 -5.819341905728905
6.576465833712632 -6.101314583607069
-5.896029897937907 -7.290499282578063
-0.8506287426064922 -7.832558725976195
-7.247269786172468 -1.7979717922582488
-3.01857207227415 2.1817264688193916
-3.1824964525893007 -7.026560302867182
7.3924171093429045 5.2313642117366665
0.22550138752023763 7.502910393216766
-5.228371343440415 8.322785715798972
0.4108072608368687 7.111698950731412
-8.15267677047003 -8.42026510676126
6.073068640271366 -5.6930048673252625
-8.811110124220829 -6.661624498078069
-7.747467301715938 0.2473664279256127
4.179173588357042 1.4060747834108671
-7.697151332632779 -3.202788978670119
7.345964890413509 6.934928457622629
-1.2211403175962516 -3.569344193405777
-7.303540747832617 4.635437327754303
-8.494033881621284 -8.506187045592121
-3.650784969661405 0.5367530805001692
1.3118186842122306 -2.782326615837638
2.61869659187742 -0.5234414694229361
1.0126581137535968 -2.356940947978263
8.46037327611375 8.784964007530291
-7.197995102506585 7.092667349270446
5.267354944548586 3.4295767263592083
-1.0535801790114885 8.433589821571353
-7.400195950336023 -8.56837194760475
3.080156542886156 -0.16579157738046568
-7.704804304152746 -1.2886167385964225
0.7573549512761986 -1.4307321868578065
3.7935002803135394 0.4026019808137491
3.8643814701350223 -7.76878267924068
4.140533330565523 8.88163496570101
6.0407062139124825 9.788228557497266
2.408413917995757 -9.928886327375741
-3.0803782351082587 1.9475527608676568
8.32286767353818 6.692685505100936
8.483072452122759 2.0545900238665418
5.42388486507255 1.7999206117284228
1.2953959080465438 -3.9602330626357602
-3.400830587476724 5.07237053293721
7.982668884772803 0.8064671670845591
9.030829441851616 7.579180519987215
-3.6577748790425835 -2.8092601591742987
-8.16544442986526 7.849770956870298
-8.001686566645333 -9.149311498177173
-3.5346612585024335 7.463287818166403
-0.24793122108331467 -6.9381970629059575
8.663638339015073 -9.060549094188925
7.492473872410294 -6.44586822992294
6.73527382671201 0.4497118909746316
-7.544897426945623 8.570712405479298
-0.6172172644633278 -4.886629299423904
-3.4108449425481364 -3.924804280203018
-0.9378209306223795 4.796444398365946
-8.562568208418813 -5.6798629993789
3.2131413025836935 1.9045457168136544
8.896688660112023 4.637162143972702
2.558081953275707 0.32290209876953213
8.444366881254773 4.311595369205833
-4.58855955857616 4.474475281218876
-6.1709502970963275 7.521134846913725
-3.8526621964182812 5.822513923302381
6.2765817502812205 -9.977191934074517
-7.493857898394609 -0.5272054961351369
8.717812304860772 0.1667729756569507
8.323406255010593 2.9733828507240556
8.197033306769015 5.215158536338301
-5.581478435176297 -8.427050804303644
7.430442633619322 -9.886357833324249
8.178747936933721 -9.093024441652634
-8.130752518530409 -1.6807018131504936
-2.455694801839716 3.5154227725114424
8.26046532311084 -2.485533436268623
-9.659363118920556 -7.524729529486594
-4.3753438235305815 -5.134297016847819
8.444354508953442 -7.801558370197679
-8.80672982018475 9.460490903593126
-0.45946248994757966 -9.93370325435617
2.0333316673625923 -2.1575415945621508
4.795069527494178 -7.746094351416786
-7.026000312958867 7.669070779844766
-4.548553915803753 -3.942245023081812
5.339950904589605 -6.457304408195514
3.7692687482812133 3.0238292889885727
-8.354228711036054 -4.4936263971471835
2.3910451816205764 -7.6657666378410605
-9.656951903182767 -6.496601575317982
6.2000503361007056 -2.0665979674330304
7.098550029938302 -8.897919429762384
1.1228409379242787 -8.965681064910996
9.239520281466099 3.6973899159736483
-9.154875088759871 7.1033287163515055
0.7622551081683504 -5.038962100494608
-2.532712989106301 -4.968530555700448
3.827838147555685 3.8958525507710657
-8.492147924150489 -9.43850600900049
7.336109072527744 0.25144236247273
7.415161566822558 -7.082826778036734
-1.8729901494624794 -5.263696183803139
2.063076021033755 -8.744944547730203
-2.825223694563106 -2.300465784158754
4.786930377481919 -8.744796396906073
0.7681970447408659 0.3043755376795936
6.091065053231237 -8.289178728571557
-0.39125632853367875 -3.621926486549974
7.65790956254736 -6.137105581658311
2.585284601003618 -8.549187044725757
3.899783701203834 -9.921964602069
-5.395652999152702 -8.418009769986954
-3.437080970395911 2.084220403918744
2.1758937911919514 -9.568114485269255
2.4198295621152983 8.594869342378857
9.633250630779148 -1.6534226112057677
5.71024409973624 5.739878552811302
-1.2151166816322174 0.7884628571065413
0.5403067884713852 9.00105036455506
6.039235732032445 5.131943346565288
-0.7982335610703508 6.219860493456451
-1.907236789993421 -7.839909021605154
0.6149227901710947 6.04378018803607
-1.4304989363773242 -5.455592389089565
4.030449118793264 7.119519737355525
1.6008312865076935 2.1761769520190235
4.633828123687637 3.4062636733870892
7.659170267815934 -1.4313641521454912
-8.589554027756936 3.06723494006701
5.606281196171256 -9.099996473204717
-4.600211956639102 -9.446110581081342
4.341327411571603 8.496045162334823
9.957795953735285 9.75071675900639
-8.473049470322525 -8.697358763997995
3.490060642055461 -6.003254790865407
-2.341780387703592 -0.5137820611035089
-3.344267877486635 -8.066124860645907
-8.874851417078798 -7.134937050609514
-8.427004377921891 5.280956800169632
6.79173522367546 6.8865822146871665
8.873449327119431 -9.631367156696616
-4.763055741428246 -6.881845128561319
-6.125299387647352 -5.333807863712041
6.790559330576432 5.076113944943941
-6.435071886273722 -7.921329077809487
-9.967635011579334 -4.774187869527598
1.8262870218243794 4.976545149711523
-1.2475799764605675 5.4348427402530515
5.658010117799604 1.328868521868305
3.3546566168573264 3.31913567610318
-1.9530436033425076 -1.988533416293441
-7.249724699601927 -8.566875697428971
7.5429295648666965 7.841412034998019
-2.3099822362259363 9.086802907580967
7.097733149352123 8.4513220280217
-5.349542427476912 1.8493929290159024
8.554283529387217 2.0730190778971487
0.44515259452615474 -7.672869587517283
-0.9629912353593877 -4.5924616693786575
0.17462807510811018 -2.896936220020308
9.598455310575535 7.967055370494641
-6.720225123935526 -4.452772908657677
1.2611935929050802 -2.474744642765234
-8.394530973276726 -9.284101244949145
5.0389027712671375 0.9031672255966843
1.5037411638612106 -4.621554478283119
1.7275933054952386 -9.743926949501724
8.077939449887921 -9.281541376893887
-0.7728754465105361 -6.174571736969579
2.9989257762319017 -5.366818791302634
-6.594233195692647 -3.0366056955304144
2.7393889382800793 -1.1352854962259897
0.7554681244386003 7.610337762938702
-7.902025374171416 0.48809184130287164
-7.894020512077886 4.8680722429015795
6.662605686545611 2.796987289335558
-1.0185430001982247 1.7266161444975143
9.642350609550896 -0.1327678300078734
-7.985976155805849 -8.273055596548417
0.7541297185157063 -6.863859509949625
1.9804899546555514 -9.15242803491952
-4.642914571300734 1.68480035257498
2.4201091146604057 -7.222000840177252
8.833663439435547 6.053929126131941
2.2116399223473753 -0.9858220756503577
-8.517560612565408 8.394455075579629
7.095387742040792 8.672919662424878
-2.9231334573488237 -8.092778688987892
-7.174309178822959 -8.572174586918678
-3.2185875368528656 7.347743377391176
4.6700219322325225 6.569402626141404
-3.669419342894944 -5.013196973225648
2.3720418848391596 1.9471550175402932
-1.8919527590574976 -9.406964351602053
1.8420132105224631 -1.1024566747044418
-8.448647078616974 -2.6815161226000184
3.8921187268156228 2.928802747658235
-8.568820571261693 6.709962485249239
-1.723999632590143 -6.7202973348117805
3.0730145886951448 0.9124443788769998
8.797630482564816 5.931764434052562
-3.51034992590699 -2.1512305588066667
-2.137433865514346 -2.969133659611738
2.2851867385922056 8.639285565974454
4.313094630747344 -7.821322451985136
7.0101962366917085 6.22503546708618
-4.87594980525663 5.491914088452818
-8.332559500679297 -2.6675525896958003
3.617837641188933 5.854394183100194
5.0453594125347845 4.540526525057693
9.982994747513022 4.246835286090798
-3.750158068882847 4.337448099995553
-7.519754209386704 -5.101002088558442
8.933851708398148 -3.1621068634517036
9.579655127428808 3.928334752380689
-6.672445336151911 1.684114248082377
3.218165368800145 -5.727131041682734
-4.219540738556738 9.033393422878536
9.33434257907884 -3.0074103084245323
8.946420622174212 2.26833385482756
8.257065479809327 3.4700043457701124
-9.949560828726575 -1.2024255827797514
3.7336549160152526 -7.317715464881767
-7.899617789688889 -6.414218972441692
-8.46286797497453 -6.944628153815112
-3.723498714978824 -0.6705530974900071
-0.0015836494030558868 -7.068169349829747
-0.5863082976606115 -9.745940526183876
-4.744020471289556 -5.597755062962076
2.7591083593262518 -5.977541857590287
-1.9964511007862136 2.4959784544825716
3.2723119139348995 7.5881656166877995
2.812958902073552 1.4290635859583567
-9.482723712295043 -7.1640774653953905
-3.6773256687647615 3.5783220087971905
-1.6788230084644855 -6.705029142340624
-9.000019130664139 1.1431451296243456
-8.989987317136539 -9.354782803386376
0.07363303976016411 -0.3186950390919243
-2.2830836227258766 -8.063248438157029
9.006660784174137 9.471617495173803
2.5566157926467845 -3.9174440057315207
7.077637411561746 0.981458357547087
-9.834943392412052 8.687786340077292
0.42344333157959113 -7.415363178166013
2.5303596457151336 9.650186619279001
-1.8075040811296503 -6.26627718043528
-2.2144182322003054 5.081159404241269
-3.017597453461809 0.8809965307945617
-9.075548945191587 5.185867841128003
8.234953258258145 6.1317460100676335
8.867466820981555 4.624200407050358
-2.5375449118419784 -5.199755521788127
9.142584322606833 -7.934918746746822
0.3669254287746071 -9.993661516220762
-9.54227127094926 9.038483863607691
-0.43977339306606744 -9.95019894439765
4.556437453113642 -6.281113356260654
4.634928287995507 -3.2014605002104934
-1.8444166316587118 -8.392091193167099
5.803801414470296 6.130756082919401
8.884929169036198 -4.203961447059578
500
-2.808943637393151 7.015163870606504
6.787751678365478 2.4136938738099527
-8.579971219062152 -7.855514491871252
-0.7687914855789497 -7.994016381777335
7.674289531416068 -7.354983069552167
2.442742738228594 4.77864006756306
3.2733072338991285 4.480765714848589
9.526103565650175 -1.6812601327131595
8.115237011598285 -4.459651257028496
1.502877834942824 3.80709128288742
-1.8157240894491053 -8.628747100577705
1.6516541992853089 2.3801891540571987
-1.1768488069882466 -4.291409150748211
-1.7916676913628233 -7.847318202902313
-6.6958076664072745 0.9643703382673419
7.455016676210079 5.682787289836817
-8.88094603624423 -8.314291962262214
8.027933756917427 -7.032534880958554
8.286419606605527 -9.337491535644176
-2.188034913645362 2.4490974664491816
-3.4748483995124797 -2.250163795093936
-6.568365339452873 9.156633864915026
-5.934457236496553 2.06436644791353
-3.216227756144572 -6.335426833540014
5.6711803849449325 -0.6085917831024723
9.426182574839558 6.960123191640733
-8.966542096307442 8.422749961274295
1.3410907712813742 -1.292573721857126
-1.0789108646275558 2.7199494598924563
-1.5917311762163209 6.1691340139727195
2.975732139130711 -0.6139502063339783
-8.371427234905124 -6.438620342707702
-8.158908450036801 -0.3001102823249031
-1.7308968279964603 -3.0528231746204737
4.350812445690169 -6.421774734550334
-7.8853642897397425 -3.898242415530482
-5.8000720340212 -9.427852996114119
-3.0599710665524498 1.3773275605731712
3.3749482930142154 -5.364503395114548
5.106320866499477 -1.413423048604912
9.80542571257379 -8.254348568923099
-6.958557310818976 0.6680648334104866
8.951605356086677 -8.490476417463846
2.465628498591389 -5.10079370913836
2.798684097486227 -3.4232135647760487
-0.8311901964314607 2.369027998211184
5.918914697331633 -0.41963687984323705
4.484268193384612 -3.7024803830886537
-2.0093413869863097 1.2140592319088412
-4.404432304915666 3.252976026340784
-2.729523885959992 -7.300953074155956
-9.529189835494913 -2.281111175694626
1.6300930099864495 -9.674505326219201
7.972616268638706 -6.071856344054289
7.340859024228376 3.174875318239536
-7.585519545786843 4.377636202687496
3.055468694534099 0.5095497505160278
0.9550783903868414 3.5545229843744703
-5.969965957406411 -1.7539651114867425
2.2527256875996198 -6.502444287078035
9.963057282155223 7.347384846305719
-9.680998660479055 -9.379029893661757
-7.195673395389224 8.200532736665206
6.867530844077258 7.3972778410071385
3.3459214383988503 1.175853013261536
-5.209428588416339 -6.719296650320203
9.585908638537425 -4.721281942849227
-4.53702098257091 -8.73441908236616
-9.267618803750903 9.959457255444633
-0.21595035439187527 0.6846864613845085
-7.924990305776345 4.140637232564249
-3.2623370756302776 7.013744374417158
4.87836150341321 8.077215251644486
-8.70856491093149 9.298710658623762
-9.409365776449892 -8.869633644390635
2.2213800524419263 -2.18266008808476
-6.060995405284126 -0.9936067316722745
-7.325456522479201 -2.7730456525505476
-1.130495908147866 -9.2930536694236
-5.493273637372626 -3.408146398610043
-3.4994136928686004 -1.0651396715150607
-3.679355156354238 5.2864424031352435
4.940117749360322 0.4637358631516335
3.7464118049254296 5.302199729679254
-1.579819680174328 -3.263612787529837
5.638884485829054 7.8746000864720145
-8.844130970082864 -0.41786108155185886
2.681547939480186 -7.5325366635158435
-0.9418992119604397 -9.40070064226526
-7.406247603826506 -9.49337520651795
-0.026389513136779286 -6.829384569118064
-5.870935403723205 -8.879781712886727
-0.2355195014171585 4.102080187518823
2.0683510300196755 -9.156578703083833
-4.564845799444135 -8.49072714521334
4.937672122187088 -0.34273001922166557
-3.976175959839832 2.3100124373983313
-0.6262400474720113 5.748209841730995
3.0065623777365413 4.415372684249753
4.809523963292472 -1.125521505369795
-1.2759604678567413 3.3262650731357866
-0.9305875666725925 8.586988462325923
6.118609455908576 1.9301667175925488
5.067491988542624 2.4706166485372236
-2.973176401870985 2.7248953117161356
-5.604781078562713 -5.748870743928625
-9.027942185450124 -5.911865984984908
-6.497807875565722 -0.40928832981772345
1.0542221556631848 -5.398152062364446
7.907175870663565 6.842330288017735
5.346469955077858 8.832702165202246
-9.742865756783374 -5.713176216790956
-2.6222938525560036 5.078416876436984
3.8430062304399506 -9.905386418013098
7.092679939115346 -8.199016458052778
5.9101979804853055 7.674489148430791
-3.3015860606836362 -6.957108786037991
-9.54104666364878 -8.808680992579873
-3.298512963158644 2.1846394730151744
2.3349427615719716 -3.424171862888694
-0.1960107535069593 0.35687957507776247
4.76087314285094 7.603004299700245
-1.2484319337036336 -8.232640226615203
-4.318513191432873 0.06066192041989282
3.725496360431908 -2.8680678788519725
-4.335248915064529 3.0883915186341078
5.518330269199918 5.728918509299454
-5.423177853463368 -2.4510538835701627
-2.989422173424206 0.7950202263563462
-7.277551590190541 4.333117037264817
9.020707148296992 -9.449236660368738
9.28878724812034 -4.954514454609473
2.077834417715181 -1.089132058461967
7.78830947505196 -8.65766841113029
-7.5078584694183 -7.093679876687908
-6.661260686489827 -7.782597448889144
2.3882388884326016 -7.062308249369755
-7.623330453077626 -6.595525609453006
-1.6729168418937839 9.457065745450361
3.665321849496454 -3.066518260672952
-8.40765357174485 1.2485551825505574
-3.9560944954942334 0.6651057454768061
1.2567619023306733 -0.7096124721971826
9.028977000109965 -1.5403487191844878
7.577857037520403 -5.497927383659878
-3.7314106915996437 -2.0849238783087714
-4.883939938766124 -1.40170891689767
-1.987307478490834 -4.896719887142867
6.183690573308525 -3.385078491070108
4.929548919759959 -8.1157681450637
-2.430369072485865 -6.334485667608687
-8.665931333118467 1.2106627373722407
-2.530306464948646 -5.629239643527775
-6.476176370731372 -4.575209332637424
0.07693483808116497 5.082324138270785
-8.42875195215787 -6.074767047610221
-1.5315317136692812 -4.7514941109069
-5.630323310406817 4.2316236592435175
-5.8124067338433 -7.737702458299662
-4.959570946582761 8.544384982091607
-1.8984756259636022 -5.671066872460853
-4.078636864330116 -2.5997664802294196
8.128447931977654 -5.575589283758831
6.136554247942307 2.740877528716716
4.465455813168077 -4.389335243371062
-4.814736642136468 0.211464618801525
0.7605675558546654 6.202690842802173
5.619090594467391 -6.951941016163512
-1.178308636466955 1.639250279372277
2.6339446376638964 -4.799928146449179
1.3673810728408462 2.2854922368331607
5.799605066605473 0.7243442006930518
4.555129375076936 -0.1716908347003212
-9.635686707519142 -2.3913656387699422
5.064379506932216 -0.2816153003212758
-7.152436709134018 -1.9284095135695516
9.386901175958627 8.685953907693843
9.705467168131484 -6.682208355901327
-3.9293475971523932 -2.4872412641711765
-1.5849424140929198 -1.1501350007744904
4.020949202935661 5.503415012524433
8.99897768761685 4.73679962530634
-8.16602047324787 8.099380559843791
-6.5712874898302935 2.497049917089168
3.564668547451614 -9.781743862657144
-1.3710599271601076 0.00407598220073524
3.2017047560536565 -5.29717106950923
-3.9116112660355 8.169419702389838
4.006034244597396 -0.7462407527202757
-0.0020772627531933097 -7.840883322261827
7.697578432221864 5.8904454328100275
5.578162506750612 4.643173779991663
7.157189408598022 1.8608928675062266
-6.577027870454348 -8.132054859224791
9.023125290948208 2.4607885167547234
5.107633514049715 -6.901421954556546
1.532900235206732 -3.0172876187362085
-9.311838014030652 -7.665560981993136
-3.607464533505551 2.33020002238238
-2.51563159079796 -6.139371455425032
-8.631154377418094 0.3327673170653931
0.00011043735759841411 -8.25814861389972
-2.4539451622082336 -1.4167591811783034
2.4772967046988335 -3.342853534756327
-1.6679574275507498 9.647688402176076
-8.534723195231086 5.555029147307891
-4.958727360591215 -6.88428598968544
1.5721598035931201 7.16606388154117
-0.9982237965524554 4.440726669044924
9.980264390716297 7.751303453973982
9.11749832953192 6.26284761296975
1.1022687381436818 4.107919691496122
-4.517817558975727 4.495146166812967
3.5095722636715223 -6.124062796422938
-0.712141673545732 -9.835683908832104
7.739974389671232 5.146791425507594
2.6390360689170738 8.611012309317168
-6.799209028973339 -5.903030545623384
-1.464588323343726 -7.1775257334826374
2.9965807854070654 2.768892946852846
-9.931999564852534 -0.9684277737071199
-9.937676477050616 7.193160021589055
2.5317601712433024 -3.5290038649845474
5.601255818277329 2.777462223203109
-1.0203911353373094 0.28686057966750766
7.009779832163442 8.74020258608034
-7.313408846648242 8.957830180771484
-7.155922469933169 -8.45892200252085
-7.379132529833974 5.35859164984268
5.6709829264303675 9.688586124528442
7.3935998442369275 9.9634874456777
-9.161191397828347 -5.576495078058333
1.0199918493641924 2.0765379341052856
-8.40559529151718 9.751613087297255
-7.9609927418718 -2.0689414717671646
9.8292290078731 -7.6984450945285765
3.658719380585385 6.971279089959722
-8.630123116908186 7.7552520237709395
0.16393986066211852 6.056577871907098
-8.774109668850802 -0.6960559649501725
-2.1472832643927386 -9.36971261676571
2.8188732971617902 1.3382911545720066
-3.371662708696266 1.4758388356255399
2.187682523533635 0.08579428363693786
7.279319623865263 8.38514559321327
-2.798064665251852 -7.887978087486482
-7.022028684089783 -1.6381444767488773
5.73020122829635 0.9454888828203263
-7.176040815929136 -1.26540421766234
3.4284925127228743 -4.874351321271324
6.134874959944799 3.3320438509935517
6.442197267876175 0.10384297415579269
-7.838842528825303 1.8418247062096995
1.025864922961654 -2.9761394872099096
-8.947144818689976 7.822522986912194
3.193871872046131 5.025304531386217
4.054453196549995 3.093971436665928
8.973347258642562 6.349094450520575
3.2536834311957783 4.81757240615611
-4.519936511575045 0.6992987783432092
-0.6530377880563432 -4.69704849034933
-9.99715492719205 1.599880462133532
2.422629170072753 4.746986843895485
9.24192853985221 -7.547669629503666
5.599534188874603 5.3441284845801444
9.199668664165653 -2.0645397479384764
-6.576274453890425 -3.9076185576116345
-5.703251043505631 -2.8559774384480896
4.300947065063145 -5.567161791490982
-6.306582948891856 5.541804470397253
-8.175920518738948 -9.025230617743276
6.454625984073619 5.952914855109286
6.905188772386936 -6.891828995788423
8.768555261956703 3.577532578305094
8.135706149954245 -1.4232941150741638
0.6954558311848853 2.2338086880345642
1.4779940810626773 3.0125206003411584
-5.0755208535256 -5.733522572050376
-8.762169493215051 1.1292711510338584
-4.520347493404257 6.8440062097845065
-0.3695099191346358 2.916903989278005
3.115148238381778 -5.888963192562883
1.123519579712358 -2.9739849170980275
-0.17153691960449535 -9.879899502381198
-9.969028734740172 6.085154262506812
2.7054415772657165 8.558812472753175
-7.967910089944075 2.55975799306513
0.36491593087892227 4.399259326215354
-6.459012418458661 6.189162447113716
-6.1556257601781645 -3.5317814319077527
8.745816484063205 -9.922906538549402
0.7866265658412352 -8.918518106427824
8.939502701948832 8.139791705681489
5.415292904596283 2.616158319875959
4.616481818412838 -5.852297037176852
-9.859901839092606 5.876606997243206
-5.340769294763001 -1.2819477725008923
-1.2378577151149308 -2.76170173380502
5.089457855298987 6.932945708555216
-7.865860487186858 -6.28802397321885
-2.758392906673322 -5.887338269969353
-6.875803325584191 -6.417771794927491
6.574505427868363 -1.1646535568141676
3.6344755039756844 -6.2643247699152855
-3.5668771881652788 3.8483079783760417
2.4965961196620494 -0.5836670002249118
-8.055603140777874 5.45643123383379
-5.695586391611897 -1.0640761378646317
-8.276479540242377 -4.710995370118843
9.30083679690848 5.1455325861703045
1.0943110065248352 0.8475577632158693
-7.811309338711019 0.66691483755557
-3.739277696119119 2.2402010552528218
2.2543748198326945 -1.979469187735532
-8.948733059454018 0.4849165863846352
3.7186038450452408 -2.6370439816522007
8.881966180618427 -4.432846167538223
-4.530758246856337 -4.81296817243191
-0.6133818290428898 5.242480590158948
-9.384725727522262 9.750784815110965
-3.2682932886400557 -0.13247949917491297
1.9343176345677016 -1.3220597867408568
-1.0040396474074935 -1.4306166351182377
-0.4845138494022567 -0.3028881383204496
-4.998290026707208 1.085585444674928
2.632337475745963 8.075309716895934
7.365626506727885 8.795119031957835
7.925726823176028 -7.379133046922915
8.885798825392854 9.510722208569288
1.7649515410146002 1.443603297806927
-6.798535870133273 9.323730290740492
-8.123857793961783 -3.24655811460201
-9.589989680552637 -8.599329752943557
5.277899827738288 -4.326630024700215
-5.367497028129449 -7.500458400455534
-7.879365981100854 -0.6930043689783147
-0.38465619160307796 -9.055439913546326
1.2925297538732536 1.747008740274918
6.597537797080111 -9.697244828941985
-6.659138508134513 -7.325973148808469
4.184707311155741 1.5325980705305202
-1.1256983064825388 -6.539788333928806
6.230242696443039 5.819492123124654
-0.21726718010006252 8.08582717163327
-1.2096865969334374 1.966852865460833
0.4701645967003216 -0.33674535971506536
-3.5942479400516643 -6.061828535773415
-7.871882762636013 5.687140738690262
0.05878630179335076 -4.073539923575207
-5.679020146125859 9.012215526118737
-7.1310451387685685 8.839322990211954
-4.4369994394461365 -5.750240147312812
3.5376532106635743 1.4156612302623586
-6.6460727052185025 7.564636680210725
3.6410161944007395 -9.944273384884557
5.446220433093359 7.520742809398225
-0.18879705897850663 1.5739503375278083
1.8250543536807289 0.5720551656472885
-6.453508262014305 -3.985112934224815
-8.175406814385537 -7.6470010594996785
-0.7719556391391169 -0.5415388845722049
-8.440765502992033 -7.668100566045517
-6.051322810124182 -0.21426168689836977
5.275349072091064 -9.18459448252966
-2.730716416454257 -3.9686241544482437
7.3683658124209614 -0.41866962932964213
4.260108017964496 1.2015520295324205
-6.723485225337553 -6.811862559359292
8.56015237183749 -3.5983600622210776
1.0710705060923615 -3.252894034461173
-3.9768878176832807 0.15416512354576994
-0.26279222163525695 -3.772541854861373
-1.7369302360364198 -8.218304902099389
3.8774944574292096 -8.576453524680222
7.217847722971808 2.107790231768787
8.79864475570313 3.5252586941570545
9.077904796264676 -7.507251067623468
-7.592660593885441 -8.767950034249667
-3.926895383062419 -5.0915434339776695
-9.816232903532525 1.3327992175667234
-9.935590989302048 4.80032202938715
2.676796922664975 9.23859650744182
-9.593400569650601 2.4902624610396824
8.17270956112118 8.29675937351584
-3.4027771090837877 -0.6852632756317085
-9.16009494068996 8.448098556350402
2.2023850171678028 5.506375052103191
-8.71062542175103 8.20025813723877
1.2469826378394107 -0.5971319536801545
0.609195689851914 5.126255985894057
-8.501827090649387 8.680041388596788
-9.406997617549713 0.08801452193612747
-7.4254224652585155 7.612235146307352
5.329380667526918 -4.211008352695194
7.397043980728231 -8.307169917881637
-1.5721828435895997 -3.315829014627589
3.2617239116584216 0.07356150393782102
-2.4730637360200003 6.893079663032143
-3.5209275447051684 3.242571920146064
7.073245434574748 -5.244156442983017
-3.76982173938784 7.081939383413921
6.746254161541177 -2.189125567116143
-0.34704603174181514 -1.7416437798357691
8.040798622162747 9.455662110067383
-6.932861852306152 8.199462786574678
-7.14663653253075 -1.5430667984328288
-0.157795659447455 4.458820961580926
2.421497077411752 6.041471758646576
9.502739934781978 -0.763804472044761
-5.4912883166400395 -7.156772177808457
-7.918439071940069 0.08751620942899052
-7.76425469445901 8.885275746087231
6.725575179823732 -4.246563160717784
-3.503923849520474 2.0464752071321897
-5.431460682214306 -4.277234792782572
-2.5587344878267837 -1.3711665348267754
-4.57998514294772 2.4092016460078263
0.921746074889743 -7.527824135788683
-7.77245294064989 4.049287371055449
-0.5498262178793176 7.316057145451403
-2.030859306232406 4.881930969382646
-6.260348498687396 -7.57961113561424
-3.4726065920967963 -2.485984417178429
1.574373149397255 -5.713279109193374
4.50865353671162 8.281086712591211
6.084783659618957 -0.2379662547777901
9.88494163381128 -0.6498952453329938
7.878859402787604 0.9756339579399871
8.099683974837152 1.7326034786780724
-7.370059698052513 -4.599650213766477
5.6066648090810745 4.0831412775314035
1.0816343317202755 -6.82740366314057
-7.0645910824992075 2.898957948413525
-2.5925422451593283 -4.923882501994694
7.690438092881394 8.808553646559755
-9.076109403941473 -1.4830528293087202
-9.17996059814894 -7.778363964853627
-6.716855720528702 -1.3792140622788125
-3.8571384590283113 4.4821714340646945
-9.763542769541417 1.0691761923179204
-8.804499993780318 4.911251510478994
-6.4035994671503405 -4.307154428243816
-0.7204480304254588 -6.7813606312940085
-8.712766750502453 -6.93164541469355
5.335134447971253 6.004409312173639
8.175178646826058 -2.5374995044050452
-6.696633434100951 -8.332247329535463
-2.669887004796103 7.958775587889274
-6.718155983881992 6.334450994535299
-1.0764753110680836 8.053557438494142
7.878381104842131 8.034030590899704
-5.575920290986027 3.2915357143375203
-4.9075893321935204 -9.437208093710584
-7.8883239973960535 0.7067628393456253
-5.2480946956692005 0.43372263773013664
5.5220509667646045 0.6025936385062245
4.148569999648213 -2.2718270344601965
8.810577333482673 1.5960639159268997
-5.443890782787067 2.5080173934942955
-2.224196772994384 -0.6745372539305006
-0.7713608175743438 5.027326464077049
-9.314347635605213 -0.7663657270579662
-2.8398029172214816 8.16920171451249
7.653625228897074 3.0323453134745098
0.4765044734995847 5.630660986633378
-3.9004893700755483 -8.604170461156858
-6.755206230290797 -8.518433265866086
-0.5989248589561811 -6.794861205895744
2.3573774833755685 -2.7960463974149707
-9.847534318211164 -2.8870659222555295
1.301528356567058 6.50355957605769
2.1069678529332787 -0.9071668850083761
6.294147163986988 -9.887670945991278
4.998473732897759 -1.537258112801986
-7.568047566037923 7.424979519742138
-9.285616907595294 2.5465890220631167
4.463515229922731 -1.2386539562449919
-3.398801960560924 3.980741033480994
7.411358945594607 -4.219467986752592
-3.3367921390362127 -6.803032788545817
-9.312962543531853 -3.8945663260689933
3.8952313843998567 -8.501392318277576
-6.734653641526167 -4.576338350246485
6.715156915628036 -0.95832410721626
7.6888047944802445 -8.989538750629295
-7.042067154549452 -9.720222168233047
4.2947285632995875 8.112854136249489
-2.4018740673851324 8.047729791297431
7.0217906464616995 -4.092439747607188
4.991061192090726 2.102325294973202
-2.6017721496473083 2.2198968423561123
-1.779810602946526 -9.84650152824223
7.223535561214774 4.5374265777845775
3.9225495759789357 7.041433663786712
-5.0852869502928595 -1.2441467912455728
-7.26517519263608 3.171491924102641
1.9774821194288794 4.474731893700216
-5.420646372155778 -9.31692464137231
-2.2319554588733137 -9.485862929973699
1000.0 0.0
500
0.5849393336741322 3.6028889890077593
-8.046443806726982 4.254153378404684
0.3407731932189133 5.155909913456249
6.375220067447113 -8.016320793155955
-0.5334668867921817 4.042851995219408
4.993017414092606 -2.2774374375953084
4.5260089327310915 -1.8778513013710363
-9.025389904897636 -6.376138137458689
-0.9302967414790082 -1.0027706293569505
-4.844066410047949 -6.433600158092256
8.843657135576187 4.272260989491215
-5.543858529304768 -0.9534188453539763
2.1655390933507963 -0.44311240994757206
-5.879360228334091 5.087796614023667
1.275217509132398 -2.302757731452223
-6.619494555392169 5.232656804175122
-6.969954326710965 6.799315826516555
-5.430069821829777 -6.221231993731562
-7.5013702620553175 8.680336435220898
-2.52101375648939 -5.030299677138929
-9.609117387494308 1.7836745028590677
-8.023984395294594 9.080174613244594
-7.5515460064577145 4.553579990350485
4.67807034218869 -9.620101813007487
-0.5643744389502032 0.025423380323614353
8.210328263190682 -4.74193359040129
-7.995646196500916 1.0275795506357106
-5.387459675912671 -0.518230175888938
6.8576265239626935 6.718966234031289
-9.758732967023073 2.2086299465532537
-6.957176817654311 -5.911183320186549
8.802989355935466 3.0433751477235376
-5.03623924820978 0.7452221604184643
0.3975180908679139 -4.689029419409934
6.816626922509773 0.7362278401689224
-0.37542476386102663 -6.418854292387586
4.646941046541768 -6.303408518789448
-0.9845891680201291 -8.098883003948977
4.867949200879256 -9.402543563126253
3.045159588236624 3.32218065840876
1.6758703621133808 2.6681250532880636
5.097131444222402 -9.59359169661301
-4.457045172595439 1.2495212266441875
1.7736876881429389 -1.502311425496952
-0.18392624136740032 -7.504379861741366
-7.591192492139747 -5.28014443846033
3.5982549438991374 -0.1715671259492204
1.6771650834353018 2.6242847918876357
3.8799541397905877 -4.540939098094463
-9.383081820095109 -2.622910088116206
6.490104096996902 -0.6228210653608652
-3.5050224945799364 2.0541233560147134
-2.298228850926069 -4.027844351537273
3.9711815453579042 -6.439712111694266
6.595021219994436 -7.121344532346567
-9.895287782092444 7.474298123486676
6.308136340535842 -0.6816502060990182
-4.796926305012857 5.089072392990886
-4.510534110977735 9.839173083231682
-3.4046114783800157 -4.859859802115391
-6.402452853812122 -1.7870477821286208
-7.928989592133355 -9.135771390327127
5.635550650430165 -1.944863465616253
-7.6329969684183645 -4.708106695880245
-5.473788806970699 -2.0566482810479947
3.3940359229155597 -0.11953385322249588
7.904724881125233 -9.652227136619683
-8.942735497872247 -3.7325956214058937
-4.322600094302313 2.582175328214655
9.328435821782357 4.769736607215142
8.023812410231258 2.55938231745019
0.7059072442174408 2.1609759485343076
9.611401826153688 8.001304160611586
-2.299388539686092 -9.536298322334474
1.1436747462076564 -1.7508492154522521
-9.060566497530605 8.263103152051254
-0.10841236621830852 -9.33517831890521
-6.144904244352092 -6.687153869762927
6.630321574518668 2.9637216961797073
8.073009700741174 -5.193073115690874
-6.308442512767172 7.9819555373901
6.252757615218652 2.202636041599039
-7.307704685308176 8.163073490836005
-4.506743578122454 8.01956300273637
5.564077307172111 -0.8457015852662959
-5.02786213891381 2.1143615619937215
9.37720841824002 1.4260996210829475
8.73213904884405 -6.066901197156072
7.22648734823942 7.768779459475365
-0.1547892574942935 -1.4607596840013493
-8.6160412709723 -2.7910746643575095
-9.628379550101176 1.606868027015162
2.4880443865437645 5.504833468922275
4.663213421646713 -1.8223599408776447
-7.404058082265581 2.2124247376643282
-9.085056548875148 -9.008929947571344
-3.7026101075188045 7.204859768727683
-0.8458929843713303 8.11597600204582
9.567534702051155 2.4711822652413566
-8.034629132086977 -2.9854721183010007
5.8914920786154745 -1.8185271164115253
7.227631285470981 -8.402898514022944
-8.665582344148719 6.399999825905326
-1.5839807194090696 -6.499529157230226
9.32851033427809 -2.3188768538066657
-0.058897169445115694 -4.599972466287459
-8.197070094642838 -1.4274656618139314
2.8299073375142108 -6.811457737150464
1.5155704922706796 3.719148666548719
-7.345053870880312 -6.993081168178847
3.1978421298284623 -3.565609789087998
0.5126447903691016 -8.108429856536334
-8.152568066080992 -9.945627556329084
3.977998739236499 2.263977524723275
-1.9282183292599182 9.39155871008619
-2.8254588881272973 -3.8891755031902004
-2.8824143367053807 0.8850292366494585
6.32153905732136 -6.851405123144126
9.861800936476818 8.435103131006006
1.454964992514352 6.699857551909304
-9.310763134023084 -9.531058262397691
-5.200083529887694 -6.279848799247814
2.0255186187020335 -9.995501027099518
5.799859862209743 -4.578784789458982
1.6378521457599682 -8.125893820301549
1.764337157253772 3.3111209118313987
-5.174957261867283 5.347281047185415
0.05170352805977174 -8.433336581837088
2.5705406960667503 8.934083492287797
-3.6684016250874985 7.587871052623434
5.389498383101532 -7.742721515339934
-7.556167724797385 6.330626536278764
-5.3102438770316995 -5.5176984485457625
6.831302207062727 -6.182163876531936
2.3954058505466325 -0.9855736486959632
3.9876248754910115 7.335007453021952
1.0793300603559892 1.4688021239860163
-3.1705194260328895 -8.790303227640608
-4.143806133006835 -1.166570170288221
-4.463429864437103 0.997142530064405
-2.4947715710622376 -3.595011776061023
-2.524538549839357 6.828631261465258
-1.3811268080642485 -7.789079342666065
-9.240831900873394 4.724961849756308
8.718362233453753 2.280985383056631
0.15198809227419474 -1.5259298675822563
-2.466268150924842 -9.567815326374516
-8.391030312930637 8.536901622376117
-4.010682768827223 2.015660543216587
9.096085424920414 7.676159322690317
-5.8668481804904715 1.16263040434119
5.956287724978592 -3.723833388110971
3.837529103727311 -5.915910547799978
1.428455937626346 2.742949756917392
-7.126683976876795 -8.230977036962097
9.502949331815763 -3.0166276352335704
-3.035872935271513 9.81479933690903
-1.8871189934715193 6.358602759339519
9.925879602840585 8.013041066477285
-5.49037081497691 -7.14327886208628
-5.347740703389958 -9.588524869463384
-9.007688217613028 1.0545258284813244
6.043396827437441 -3.594267274601224
3.482948896996767 6.207740469383971
3.7627997385578045 5.851738319367147
5.862312253593942 -7.190036153466071
9.085499177233007 -9.022527883347193
1.2839358689417413 3.575393274974175
6.735620525720087 0.7147325658497561
-6.366018772618432 -0.19136504336356452
-8.333025955801691 8.408517130254715
8.00523197809445 7.775736724932713
8.231318184882227 5.740553454523216
1.265674926941875 5.069897190071684
5.373458847114701 9.680157839193427
-8.939471150797633 5.892567085507993
-9.680544373381414 -1.3019858484767575
6.410764887993487 8.835706170185908
7.742828272250804 -0.8233588901791418
-3.8147005327054178 2.1351650576404246
7.671037600058192 -9.542003902463854
9.331877162584387 2.792736513512981
1.1944799517394689 -5.939951090859199
-5.6243077785150035 -9.40266606314172
-8.901392163086532 -0.630978148182928
-8.918193529269962 7.402125529413638
5.888600462161817 7.7301124991011285
-7.841746299646905 5.6242601031683215
1.6140923667135691 0.4378814745843247
8.320179831481628 -0.7805962921280098
-8.799860389641157 -3.788792868723208
-5.039520294359871 -7.489693389426986
-7.854633969304922 -1.12634385190246
-3.6696773581497455 -5.246183877880974
6.995699793543579 -0.12063100339521782
-3.005781152619809 0.11255933109000438
3.020101402738524 -2.4736479424167808
-6.082204551537678 -3.672693689848174
6.000266392005223 2.2352648554954584
7.057526921312409 -2.7729394057311403
-2.5197098303992664 0.5250766787945889
-2.0644487751262304 -5.833413473330196
-7.432211170398926 -4.735887920258013
7.231234676221362 -4.189651130930503
7.983146966400408 6.640283752381645
-7.126852185903014 -2.7774744282324377
6.810734505548336 0.7748529011629692
-5.776831190959079 5.92412160313736
-2.6932208854085626 -1.485867330760513
6.501849314214702 5.356468655607184
6.686241210732927 -4.141730720557648
0.47485233417234873 9.81598713558039
8.202598568547515 -8.698702996670281
-7.422022983303769 -8.753735576851152
-9.904194331486691 -9.378255988302337
4.086236345116225 -7.9632002210811965
5.448917054291975 -3.6395187106059135
6.538148455286201 -4.2059163799264265
2.247948242024167 -1.2605496759018173
6.9848644678968625 -3.6991843714332244
6.100608974112564 9.11145224191521
-2.4572983066473775 4.6205920593106065
4.874304266537299 2.676330350203573
-3.6026654187435607 2.527798303820294
0.13127552632288975 -7.76730090995029
-6.850878924611523 0.6634560892668979
4.26859194180647 6.201894889489566
-4.25457690763195 -9.824264165578747
-7.072927508598415 3.329531173462012
0.2436436772498336 2.833082925211352
4.3659915706820325 -4.607295066254549
6.700582159960142 -2.4007070858454576
-7.581959562355269 -9.442617641156573
-2.5817614935670914 -3.4373709834231096
9.957385150282576 0.9893279011560168
7.627451273335254 0.24115336084028272
-2.41884912639339 -4.2643923209801615
-4.354195187195529 -1.7139675824956875
-7.563779527555923 -4.745120139053247
-4.716616848180704 5.100611216012128
8.56877602653698 -2.7429060369253317
-8.406620232225958 0.9972197023997111
0.049262941580231256 8.517553194461406
8.960684550472727 -3.027868424050226
7.850205092688654 5.020157862878365
1.2033308394998095 -0.38352681006291256
-3.709101077923476 -0.5035581739541843
-7.252367453783936 -3.492640829943885
7.312275056727238 -3.131901126494374
6.343196047493301 -5.585369380435889
-3.3284446299759285 -5.696064461830548
8.533522360786147 -4.147272769986636
5.846547608575632 0.2650779911333796
-2.257306040524374 3.078508176790324
0.5073625487044815 1.2551588465873191
-6.853659065303013 1.0084888283339133
-9.597337127516044 7.8004125044118915
-7.4452693593588855 -0.7999043825553827
5.69158790137598 -4.706582479454595
-7.031757913503654 -2.8988118494141695
0.4876096704919455 -1.9188083288858078
-7.604051062020048 3.489609455933566
2.9840268913514993 0.8855169471319471
-4.1417783316511425 9.845694543304752
6.9324094357129304 -0.3778051407265828
-9.446462105158687 1.5525633283933598
3.451163594689735 -0.5727053374366715
-3.483064707300856 4.935535784796411
1.598954414371324 7.929321511583819
-2.51338651251781 7.827922425816574
5.468765072370861 -9.246906607105343
-3.2156458363252867 -8.461378575889114
0.4596440248136453 7.986949047550805
-9.61400723479634 7.495924658205325
8.045098876599518 -9.58620587667756
3.2441545953100164 4.9730850118555825
4.216524405650155 -0.2404934157419234
-1.191948645213163 -6.875340088592397
6.785595483153283 -5.663510185704821
-7.805577081852553 1.6503300932586296
-8.523812962908108 0.6034038989075761
-5.179926294892347 4.752413574782178
-6.607126183966385 5.495219401041105
-1.359471233206989 -8.867572441162126
-6.777085466759103 1.5714356777707401
-2.1342392315054877 5.716301810093828
9.838457088338366 -2.3419202730032946
-4.405661533348941 -4.266920478881817
1.0093505679588013 5.433337943680138
-3.3504737131830575 8.106473052972085
-7.747879940731368 8.49780335739326
-8.101860023729966 0.7830393074346542
0.4110429123452448 -8.946651967200003
8.584322725963212 -6.118336882833679
-1.9736033328473468 -3.8717438861073017
9.793178833977606 1.1813103801144358
-7.454385510122905 4.463520243045542
-3.8269570189206803 3.2163557691470697
-8.598809475127835 0.6929368434737064
7.249997176559372 3.5418323299771544
-4.856695423391823 5.834941589957108
7.002586720372939 -6.317785441416115
3.4702298434517935 0.7281897019087662
3.8613278860352906 9.951856451292848
2.4854301333611275 0.4358578038222163
4.829728345324719 3.501666091564303
-2.53471865819904 5.618370461079403
0.11766116982507313 8.540355645657336
1.778926816668596 -4.344174835940036
-2.405337155766743 -8.275482404137005
3.9129696158639042 4.137389009437602
1.6367703231773572 -7.247331750839566
-9.397172640361525 -2.882700851595194
-4.104862341497995 -7.542328239890139
1.193985572005987 3.0149892786680716
4.255274609829618 -0.6517562863646749
9.543424695326173 -5.024114927907775
1.6374143922331967 -6.392378712052489
2.4794365385880024 -6.050473959322662
-9.165503909787828 -9.641905031425026
5.759355718363182 7.369981976814035
-6.6770862388054635 6.949877657892468
-9.021040917871268 1.8306413137493465
-7.735576797785308 8.373547073634928
6.795427143326034 -3.4851102063881463
-3.8457279687112766 -5.809211969333812
-5.543196363368137 6.455597509859697
-2.914578873290812 9.063414286456354
-6.914150717641105 -1.984002375107142
-4.750703885506984 -5.614160126212841
-0.5342981756567493 6.221892160520383
-1.5535295038099388 -7.318033091983816
6.312301539026141 -6.860749682119939
9.727194884285794 -9.62864570674915
-1.9248696091208295 7.227938923911321
5.475536058356006 -5.718760343730516
-2.47589318111271 6.696655715051357
-0.5077183725281138 -2.612101039747346
-1.6152135350539325 9.882405929556768
-8.06501475576095 -9.753209071737405
-9.828628539897498 -1.9762519232872648
-3.990986279645159 6.624119591316077
1.9666918025947648 3.200451013566699
4.844856030770103 8.891823626312174
-2.1647980352999996 -5.72772661342831
6.9821512026476995 -7.368899765890815
-5.38254478592703 -5.774999478067999
3.952995080246618 -0.40864610178130256
2.7948553488170127 -9.943798796921815
-6.8053638508920145 -8.104970819820585
6.986657723087365 3.95859114188044
3.180713505878403 -2.2072524695163143
5.852165924339603 -1.5348789283284638
-2.401842095516294 9.747675830587148
-4.76584418777652 -6.36918598768847
-9.784362717717565 8.606529745884156
2.9083074392131074 -6.7256366766140925
-0.6862487777764024 -1.5045892048496068
0.6741014076238283 4.571138220886766
-4.376065137691498 -5.703822126768707
-4.561412671847441 -6.4385918996097
8.563135746183818 -1.6628093267078263
-5.810569741005242 -5.282153629908204
-9.265837853802035 8.301156571993506
2.9351615049877076 -1.3251508664636074
2.350795075917965 -2.10541531612658
2.1323303354728633 -7.583372845476748
6.197146615780905 3.7588954122421327
2.6970533720363203 -5.8216947321421175
-9.418692677198878 -3.19249604964269
5.4102094898040995 -9.0675382800182
-7.194578402163428 9.165254209528037
-7.886380297541759 -0.9094645050484509
7.800128274669461 1.8315776703383193
-9.94776489117029 6.871786191014884
9.983392842523607 -0.43032490042737415
5.262163384531643 -8.807415370152585
4.184128909344114 -1.509719828363247
2.564030622275519 -4.456085422854851
-2.0123200113266044 -2.1813728416844675
-3.2603363395209994 -0.8895187548318368
-3.708443546909974 -9.538945117124724
-5.9071088649166725 5.384998855004913
-9.631680037498347 -2.3466966082664076
3.8705312587047374 7.591026386853951
4.097634172027826 -2.744218594512276
1.1407690449907228 6.353299981651205
2.9852301353360406 4.278353124011751
7.079268917234295 -7.234473967535413
1.8375992364094085 -5.594785951055643
3.426400269318723 -9.577465749842407
-2.5298350687687243 2.6017991198138546
-4.078572146111044 -1.9202597326149693
2.3469326248411377 -5.695055468477232
-1.9789890328478084 -1.1319346648594752
8.12937466230644 -7.141536740191006
-7.352022801383864 2.0900970402731964
5.67329961736154 -5.082208101764694
2.652238163896561 8.410172620524826
-3.2126092342869006 -0.6367598619349497
4.876218181353131 -0.08791723926653106
9.22860995490721 -2.7895570369128775
-2.0265019957870933 4.067531446151747
4.289431136269053 -0.41318255849131624
2.615747342922159 -7.137511964459193
5.4983088181461 9.012215081325131
2.6403229177716945 8.785632150559955
7.439028033205052 -4.8375909146941805
7.932161288568466 -8.213984372678333
-1.511065463553809 1.227629649537338
7.880448447877235 2.1420702522767634
-0.21120669695419636 -5.423822395354081
-8.478030608245879 -3.4704235850173433
-6.367919849141829 9.604271911887
-9.902679522852633 -0.14760433775127701
-6.178539630425486 4.026118961367526
-6.522988430160894 5.415445757306664
8.0260786892905 4.589816907485513
-8.524606755463067 -2.7893350732301663
3.2730384593386024 -8.459483164466315
-3.9726227061187807 9.728366112417326
6.794844183103024 -8.625579580967987
-8.12162973647663 -2.0928765825960127
8.529746315470447 -3.322215394073245
-4.135871898241017 6.911422464154509
2.671708357263835 5.700781353158742
9.786250177966991 -3.3464012009177857
6.459616212460105 -7.471491462017412
-1.963508166177263 -1.6375490610720966
2.3281087196582106 5.071099168322263
0.1626701309744618 -8.34344380395617
9.116826678345962 -2.940012887632106
1.5055364213589115 2.6696103907338458
-9.074432625927361 3.2396070601050937
1.7004763032034624 3.496658069158066
-2.9822720419301945 -1.2769487583840071
9.105139060308424 -2.212371732373894
3.1890219898732592 0.9078758245186656
1.0815079168422965 -2.044718039129016
5.28560203286766 9.114149739833927
3.46808408620295 6.060778004711555
-2.335378337587837 8.740862949649284
-8.004181943734583 3.3330326981926532
5.7742260295297125 9.134019490695874
6.274196493757053 0.21915889457759263
-9.617837680018571 -9.667811099331487
-0.5300183146134074 5.947262012692221
0.07139987183707674 -0.5236896206190522
-6.568718913999724 -4.107218190035584
-0.48015560481568187 -7.499362372496002
-1.583194588920339 -5.967697945365586
0.7222997785328396 -1.0094922614481572
0.4788341746426603 1.6852871442737545
9.034156204809943 -4.8134370491032215
7.090493132619223 1.803140577060356
9.90663180300593 -9.24200836838699
3.5420916877973525 -4.282786811704482
-6.625394577247308 -4.6135436115538075
-9.673096384745614 5.618906342992581
0.9411071113232676 6.720546603185998
1.5810022981243144 0.5711898636234416
-4.308649911039466 -6.963982227330798
-7.220042578768839 -0.309896312270741
-3.509213773119601 6.586860016160507
-7.032844712975068 4.947173177579053
6.26006729319964 -1.3907586319181693
-8.318345379750207 3.9331300859238247
-5.68633346063643 -7.554303468516457
-8.797472418937728 -2.474957784704519
-8.378933866004454 8.163193262657128
-0.0027005159423261205 -7.815774290456545
-2.2565528078651154 8.93878153210851
-2.210361834047645 -3.005394588234296
-3.885377644541437 -2.1325816426748627
0.25676760095196727 -7.596838235989138
-5.14871845299176 1.9197689602340446
8.486751044671486 2.4334671420771556
-0.6525466750891624 -1.158216085703021
-1.502274285023713 4.803494789571571
-0.26006719780924215 -3.282681356068002
-4.020743688890242 -3.121331135383995
5.8293513993437625 6.474670700601852
-2.0266332865614594 9.035584922880048
8.675631250925147 -6.2655385378618655
-9.243825218826338 -3.73899499451547
7.809815197045985 3.731199518965191
4.733057039201952 -8.122999120409558
3.138389295954882 8.398047943662359
-2.417014984543462 -7.021781570014818
-6.802025090826518 9.084361359384452
0.3434669230737555 5.0047766518047965
-1.9561603301755621 0.4333090162872555
-1.6990734822193545 -9.88101414725961
-5.508777489252925 7.580488723127832
9.83365490541972 4.296759220942841
-8.279936211269588 9.200224773821976
8.438269351982399 -0.9402287502019036
0.9092566662264705 1.633457076815132
6.221418633607879 -6.6205414377804095
-0.9061198645467918 -4.790905056015635
500
4.623747942371912 0.1706645349896192
3.2135242180292334 -9.880976506904958
6.417167428425156 -0.9899628684808537
-7.805515819626809 -1.5770964399573018
3.42017141397724 -6.545973794413829
-9.466400991318036 -4.503044443809275
1.697294153496184 6.841772205314477
5.78498427212622 0.8421385407837629
2.347051100279902 -6.091384853480135
2.8401578570833035 8.881444964721261
-1.1625444003996837 -1.5948674353151766
-7.088645220062981 4.795028166697723
1.6405561239156796 -7.90538468916475
-9.608021466367742 7.290779406368589
2.390910102997534 -1.6063284456321512
-6.317694884744604 1.4141609183314898
-9.38942236668683 1.7761669427208755
2.4590605850521996 0.9375042087408598
-7.242578029693858 9.914421445837249
7.248957837127847 -6.565240248569728
2.4488211847694696 -5.688669620737166
1.8741681476252552 6.396725788470693
-3.992017370777372 4.374489551392093
0.6122306245688218 -9.625671428147676
-0.1453813657376113 -7.67806372839895
-1.7004796677113845 -7.684009988903313
0.5761556374386352 -7.544566733835705
7.239771312593987 -4.88671656337022
-1.9013064962848887 -2.883241482339038
5.808600533375012 0.14170080736308677
-7.19294588096556 9.175587443187673
-4.66316269173165 -4.71638862815338
0.3447160023825706 -0.2582192983350229
0.2640217238952154 -2.558955281673403
1.5068885383049846 -7.536536844692057
2.475852246006893 -6.32772110185768
-6.986144193301762 -8.659067759363541
6.763835461688682 3.395757472984833
-1.5176470959421096 5.902338550933393
3.6311314310882494 -1.2105626705871781
3.882672672809722 3.454674864173766
6.13175450376567 7.42065592411689
-4.265219237860114 -9.759437257389639
7.711542150458939 -9.362869758017373
-1.493100730340542 5.869682173578779
9.858969565634403 7.937199647796742
4.1806015220138875 3.798562330914905
-6.929562566197527 -7.788206610360239
-6.529944540979824 -7.685553729665379
-1.209181601797713 -6.00584939519758
4.930571395163925 7.401191391672118
-8.890332445329426 -8.934315114566317
5.524046358871001 1.9390348712917493
-0.2569681305654967 8.902722047564705
-6.74511768982105 -1.2486411444782437
4.473986583811239 4.676966606595235
-8.813607091631026 5.842960098839129
-4.913212494497157 -7.242815313798845
1.1160446668222246 4.1656270360755006
-9.752421969052405 4.203852968849322
0.8851579710473274 -5.0336279724261646
7.543636501952911 4.691206921608622
-3.618401291832603 8.766171094770499
9.36857420965898 -5.226592351379895
0.1331652784215187 9.534413328502048
2.2942519956856735 8.443979405919823
7.178642799994492 7.129356681245675
9.95745788166536 6.107830426943455
5.25513820421981 6.26237907895332
5.802646188851007 -7.254992448474282
-3.215341070713169 8.656724831207583
-5.483464802865408 -3.047093514842394
-7.537017161813068 0.12634966592718655
2.465551849284836 8.560861036353096
9.840046321384257 0.3141904502005488
6.644221159740294 6.14362504614175
8.601124957284298 1.744321439399645
8.40783404988133 -9.258611721078648
-3.578841792131879 -6.054467454899102
-3.074884862432123 6.566318741603091
-1.5375452576390192 -0.8897902912955828
-8.65039409049665 -0.9110381572921078
-1.6107269718060344 7.11119845939136
-3.5617425397924123 -6.958948123545763
-6.561670881456041 -5.29922400576506
2.225314201690697 7.3391716710551655
-6.8421796972373805 -3.3180438566807062
6.04070981614251 2.060647413457769
2.496711004693939 -2.8502911214014537
1.1657231913539352 7.821952642051556
2.93077178952257 -2.9816984091661602
6.939397988841062 -1.756962914617887
1.1096526322969495 -0.19940390429072252
8.82243316105098 4.898411867451971
-6.607748015397563 4.30291664307118
9.721909865736428 -4.836033316156412
6.891335555085032 -4.743499623789558
-2.918471755436989 9.220063223120135
-4.394611951331495 -7.730347831500897
-8.252171733750407 -7.4772772079108885
7.002276025955297 4.43370176010167
1.4504953891312624 1.8498061172013678
-0.03053172208911903 -9.750095287622354
6.903107853205036 -0.9155481889922221
-3.2028380607142886 6.485562407280728
8.942660740214833 8.407033744111043
-2.6896167606002237 7.536694379427654
5.0707301625378065 2.7146095273597233
-7.0284343738534165 5.93463560559452
4.061134366212366 8.95312018707251
5.495098376029915 7.0926157600239925
-1.7160023382528742 -9.80808591953792
-8.22391377683811 0.206192009719679
6.705083795966701 8.888183089084887
0.7396583381911803 3.3959956392096817
6.577269413571912 4.171155512421107
8.73203381998455 -0.07484530249970689
-1.1571574761994228 -1.7664931454058603
-3.737212586490413 -3.1848104816149885
-4.653788933168636 -6.823542936677396
1.452870866514962 9.394192567573395
4.932752764049784 -4.083821828219969
-0.13440207857869169 1.2566342953741927
-3.176891743548545 -5.045292401843189
6.5062407092699495 -3.967627350304146
-6.744255037201774 -7.132519152546369
-8.552010821170251 2.516770173308684
4.727019214293357 -6.345330579107642
-8.149334888390884 -1.0292904221442036
7.881915206829852 9.866463796789496
-4.674085757012589 2.637796417160107
-8.252565179252919 -2.0868346539010467
-1.9457664461519073 -7.598361805284172
-9.900968143759224 9.346760527896187
7.212381893051127 9.417509718898604
-6.93698214357513 1.1072094348160952
-1.233656114263244 -8.509118125796354
4.179115848730985 -5.759854538713018
9.5266786268528 -6.051038934698678
6.42825999169289 -1.3600414438275976
-9.722122067613446 2.376525389541463
-8.849021187799565 2.987661731397523
0.012180972266149226 -5.921649059220924
-9.705999189827129 8.394787268047942
6.398051728154929 -2.4511974898971367
9.368533644241612 -4.95267384284012
-3.4913974417600073 2.177036335009902
4.69157067337491 4.256799958085882
2.37785516892475 -0.17243872465469678
-4.2061661041377585 5.690057177287489
-9.671688538686944 -6.766897398613592
9.761360076441534 7.572226703642585
-7.0399531250766785 -6.1588151636632915
9.69282661626038 9.974740686372364
-3.756659789846168 0.9205261112009637
9.324795926682388 -8.848379921389595
1.2367698125498165 -6.744048911106217
3.4814950882277262 6.021507874590458
6.05265769816771 -0.37707206804450166
9.004586749085131 -0.3313445019356198
9.091633023669694 -2.4051801145147707
2.0425551898178913 -1.0296344920730132
-1.1914633374277486 -9.660199206543243
-1.2940624804278116 -1.6728003676696588
8.725293357122204 -9.700841963493417
-0.9263535993318843 9.96113685936199
-0.5161450785421451 2.8327157178599265
-0.5600253468037408 8.260670385713322
1.550074454660395 1.022517600768138
-7.278085225044675 0.23035939995662247
-9.595983649478683 -8.08135453696802
0.6468909795242794 -4.844690559695877
9.61592019910876 -0.5058488460481065
-0.8136613487198137 2.6756597628113568
-8.275358461274578 2.017012318349483
-4.20246938483108 3.5100965216223994
3.318941128683612 -9.05530032934125
-4.384935501685858 4.455269399734087
-6.2324923108962516 7.309764907433983
-8.054178217869152 0.0426547901592258
-6.035066180129904 0.09031439812886433
5.986362649256558 -3.10669338706532
-2.8829403648604224 -7.192814728137096
-9.216333036686136 -7.451621821144325
5.323985235011509 6.319873397624594
-3.4524651464145766 -3.1967315031987713
-1.7770728656805819 -9.723704409550873
-3.7146903193887004 -9.696285761459523
6.978530647929503 6.707756821317428
8.840335877372883 0.11713578001990577
9.27361741659514 1.2223366790630408
-7.655716968561723 2.1229721603802876
-9.17689103498947 -9.815604254310715
-2.5512603745266755 -4.079772282701142
2.308156654360765 4.0251673918438335
-5.966502345510525 6.309118010603388
-3.0296193159090334 -6.851301418361368
7.98322145590307 7.573341301648178
-9.44701284232947 -2.782559107687506
2.237910137913804 8.69521004524033
8.925579045303046 -6.980036740171718
3.59255965498372 -5.395602990174968
-0.23182872244164798 -9.631909999068224
9.60490767244649 -7.542130018971161
5.892499604148911 -2.51427819362541
1.3796699356928173 5.302390141336792
4.867494514885593 -5.654390578741435
-0.752253185826282 -6.140199702420571
8.61599971622056 9.192586195114142
-0.9933852153332339 -8.195407240480503
0.15270592790619553 9.612292734051923
8.08559388732078 -9.451779260175826
3.4561861794787934 9.450569425053807
-1.789736675797407 -2.5432242035009267
-1.3504871571088177 -3.200789213029596
9.399155756448184 2.3654947993465303
-9.211261557957272 -8.639513821654525
-3.913671833980259 -5.241922151033968
-4.14019361838422 6.696723363998856
0.5762316126856142 -3.3013516858159786
-1.9083040690476505 1.193441939072999
-7.938704494972835 -6.64732687479945
0.461758738509614 -0.7006780427517292
-1.8938465804518128 2.594987719554391
6.482650933483306 0.0726422352218492
9.511230372460094 2.1414717302293784
1.6101531175030903 8.789584429571399
7.851080354185584 9.072153152470026
-1.1197533423081545 -2.0476847000540976
7.556750468295633 4.3229147482001
-2.6553000227136696 -4.987118857336512
0.9513154430340087 -1.574843619900852
-1.1192632473999904 -8.937020773644495
-2.915203830317048 -9.886940432809963
-6.26509274143107 5.97401564507415
6.418302871013136 0.13574987508668102
3.0858287498516326 6.624964187438074
1.0561230407832127 -7.770490702182902
5.981900510883545 4.464163321279045
3.414089633062993 4.633030109438629
8.463878527593835 -5.685812378647277
5.937986742000568 0.08436729937934473
2.0899215438625767 0.9385484306170291
-6.3245130498609665 3.436896774830217
4.033167537106948 8.984144396481916
-7.3469570978172545 4.408235877883694
0.584945348188711 8.887049534331318
-1.7345035530407156 1.5899288121293491
-3.444576133724386 -2.068757313251748
0.677562479260331 2.374890284546714
-8.851869622965229 3.5866897055826357
2.8007205279610066 -5.967508443519931
7.738170998041323 8.46163455743411
4.954156310169335 2.6864756232948004
-0.26805217482719 -6.7405717955875915
-7.610905964647163 0.7103501386979616
-3.0340861402247343 4.4011057238760145
9.702263882018812 -8.262990495007479
-7.763102416693799 6.827987710131374
-0.6924499924536605 1.7354213222612742
9.200808552071095 -8.25057042743402
6.03077136938585 7.610734162568924
1.3887377896656101 -3.5081145454067553
-8.166960771749315 5.6590043909666505
-7.04515419401088 2.1513367100599208
-6.593751221473472 -1.67398672294369
-7.794573364513962 -5.968605541468213
-0.900301366696965 -6.788140704464116
2.1995356865642854 7.21313596070264
-9.93852511646069 0.7380370407684005
-7.219739017502835 3.1341110711003246
9.62697235970603 -3.009392511651223
5.990128488349244 5.336836917344407
1.6122370218367408 8.926919237088462
-7.164663711103909 -2.063308861190598
9.475280802146251 7.319599174919254
3.6313284531229133 2.160351519966529
-5.918732504733408 8.845529245178575
-7.067106506077083 5.10482364916826
-9.532517196869545 -0.33097519904504935
-5.08567107071862 0.15974958097164205
-0.8598577861604788 -4.450940959133412
9.281335346004468 -2.4090362190315684
-4.547318683712563 -4.765642652141439
-3.8750556622790704 5.399132771223474
-5.265546500945442 -7.845607561038596
4.157631105341299 1.418179907969579
-1.3839577683111095 2.895027715792061
-8.939022851698056 1.6795471186142201
-3.0999265236406837 8.369384628827131
-1.5190855140091042 8.676900887055123
-3.935198836718956 1.707862305533336
0.9837296532636621 2.153040053538531
6.201020766139699 7.642713121154866
-1.8617464381247313 3.119587529131845
4.759850919620465 -9.251222673752114
-1.2295329906943504 -4.459401559127607
9.909353673261272 9.266167489391943
7.7082355774749125 -3.2950466179030347
-5.847513226369243 5.701967777878245
-7.781524346687833 -5.120557815504312
-2.6051265983832934 -5.974649852104412
-2.006457194440758 3.5563748609919976
8.175030778225459 -3.753983722291201
-0.20331057972621913 0.4691877110108038
-2.882958007825785 -9.026019431773681
3.5986938733834 8.058996570049686
1.9812305323435346 -0.6530561695834987
8.68185666969509 -9.183232018241181
-7.989144095137755 7.264219286562557
-1.9031923881734194 8.704712765141092
8.29355523721453 6.729252006779987
-9.27701322133463 7.254225176897954
-2.6528164055041703 2.946682696853875
-6.60849645235035 -5.373521924279368
4.191370986939443 -4.618367407412684
-4.258516943115785 -3.9885087975340987
-8.689596182645884 -7.113317123579195
3.5905503826128164 6.97905901792479
3.8531346792517436 -2.9461318253623725
-5.502913791103278 7.550002625638339
8.205142170693719 0.8156667290447945
-2.383313520895072 5.517478619790223
-3.8592282404041223 -2.9248270721141045
0.8418804704701728 9.8272088618689
0.15100630735377862 4.77334546182523
-9.570842602559054 -8.595585621463183
-5.421407287287772 2.079081554090827
1.5635954476198517 5.005278684155947
-6.215447701632783 6.964360213169382
-7.238931852134458 -9.621814019949184
-5.844918990557031 9.92600062316135
2.371856079539576 2.427668223968478
9.541696997975414 -4.4937204294070465
0.5582827232835452 -5.546453437673533
-8.674949327605146 -3.0428043417516104
5.739934335519617 -2.7423587348156486
-4.233715069061668 3.7240306990907275
6.1408204712573955 8.671156974613282
-0.862163104198995 -2.7570700032193507
-3.690017634429732 1.6669539711536814
7.345952745828864 5.909417706458973
0.4575267949797084 -0.39673905407227394
-7.869672502390463 -7.46547637752623
-3.7849300227589318 0.584356536473722
4.999173546840048 2.339219569611817
6.300735589950563 -8.509338421075723
4.545899066034014 -3.9375664931297845
-6.011606427440435 -5.4985353688955785
-8.67982483618226 4.5696292375790115
9.21319901630288 3.979457454669772
-8.782504890638865 -2.1296714653586113
8.760722842680075 -7.854136500385831
2.8190680781309325 4.192968327829066
-1.1749356851876271 -9.135228333944209
3.6059702188676894 -0.7323635827341732
9.462919700759805 1.604326432137288
-3.0361049745801054 0.27560339877574513
8.078219976339373 5.13010078309347
-5.0165674139452765 8.669234687662026
-7.184973199011779 -3.080795304098971
0.8298326786856478 -3.1934750762835495
6.534616880322375 2.7595242864440657
0.9909326310777455 -4.281196084505712
-2.575814799060126 1.7317308502058086
9.482062336089044 2.752171485507196
-1.406730339765117 0.36607602363107716
-5.47661890557686 -5.4435509475414285
-8.831276039709962 -4.536890042057915
4.1652098791039815 5.889059010130309
6.6003303843618895 -0.7126534104357489
-0.5805198219055185 5.230838039909454
-9.120951298122568 8.023363927734614
-1.680666143378101 7.795771910918884
-3.547759326209629 9.814535677573573
-7.446050641146622 8.501217700927594
-7.235854010358405 -9.924342472558571
-6.596372879323658 8.51920723445614
3.285076595447297 -5.5248596935820915
-5.587952929337378 2.8045890426133155
1.7964283128730667 -9.46543390100163
-3.1374417343015164 -7.463938464974447
-1.473884399722884 -5.311323269485353
3.950025630135732 -2.4152403664666844
3.120053511719794 -2.6900333941015164
6.79592667449262 -9.401190569978453
-9.868702795507575 1.0808117330248024
-1.83730079563799 3.9632842108266466
8.430845276714475 -1.0211741517769841
-8.957928683690408 -6.981659186643505
-1.7986041528029624 8.874446151132737
-8.344629713436591 -1.824448475293309
-2.991219515728183 9.789197728895335
-5.78694373754205 6.311807430275444
8.716212962819085 8.960336946220412
3.64392613954829 2.4056137545132046
-7.661597158989015 7.529710431686389
-5.135155914594471 -7.402239017215944
2.5366198921315473 -4.481330174037814
4.723946797220538 9.466008948255933
-3.2979829665753453 1.541523719564628
8.293255915852338 -3.923140561721916
8.932110425576504 3.067793993674199
-5.2066639626199755 6.12432912792757
6.906006742911906 2.0080831870383165
-3.533331593329912 -8.103140422203738
7.261473704515417 -3.2931336634721724
5.929451380906357 -2.7017796805366796
7.991004231439138 4.4869794081820285
5.8145029295594455 0.0905829698657854
-8.738034684928833 2.407574973737436
-7.714898274261333 -9.368070487216611
-5.895232571355525 8.099857742978354
-0.5866831773778571 4.692937945218304
0.8646275046109402 -3.7782189810231293
-3.6449534996940063 1.7433574488861439
7.888376977914177 -1.210013981273594
-9.906251912372463 9.965537652308093
-0.08719774295242999 1.663214464454816
1.9573936795400844 -0.23383214233331984
-0.18738663292742608 -6.743827457725445
-5.280776471102399 2.869234030723968
-4.394322042252547 7.268314278318957
2.1753707571357985 5.9472139995452284
7.25081524864278 5.676223540761434
9.797917453741654 8.684956703982554
-0.552938483912591 -0.969073212001204
-3.0982123643827 7.7152724425562695
-6.945444940942076 3.9909377340351746
1.888759143273905 -5.459738946271733
3.1903914383326093 -4.143000437951891
-9.667067004655332 -4.529644134062147
-0.639291622522931 2.401966354158967
8.305659658417209 0.9899416963925116
2.0085040793968307 -5.468042954078638
7.703681276895821 -7.042867926318721
0.05694343590237949 5.23368167181779
7.572643446723188 -6.045089059291713
-2.410649300981415 -7.035376945288321
4.147917646620725 -0.8435514280185519
6.73877620941964 -3.9728884570146334
6.491830998618752 5.771019254102113
4.978701304773491 4.924542148621903
3.503995081556111 -8.996004240306632
3.1207050446443656 -1.311600245968636
-9.987290809207494 -0.2974679843825374
-1.8330362393363622 -7.853415324059119
8.59612605686226 6.845556035370098
9.012182329538255 2.202153168642349
-8.109403159178157 5.165185537945591
3.6412346011721475 -6.822996173483464
8.238417175304505 3.385653518271601
-7.949972465342521 4.404541313730396
-9.902928594013616 -2.6096530125957296
1.7914213159800383 1.8354022190709856
8.660197724852882 5.104957640562084
-5.654126706108549 -3.8208444989295636
0.22950188188447562 3.065324499539713
7.693004248559202 8.232424810577236
2.461401142174367 5.490109998151002
3.563337181702842 -0.3830191660550337
-3.060922003274462 8.150930082747397
-8.330175897369635 -0.13270335886000417
6.628161675392782 9.952552525444283
-2.416323845474773 -3.1007592245907745
2.3804785423223525 4.348341626806633
-0.25455968235393023 6.011764985362383
-2.9399064784005935 2.722696055877856
4.236014849609038 -4.879869066816083
-4.887708379737825 -0.09736260459621882
-0.9770480728860687 -4.248096007100788
-1.8123061155694398 4.041107487643277
-0.6245855001018938 5.066148662393646
8.053615195944325 5.114748793148234
2.495257144535259 3.529846983196732
-1.728620609250049 5.742311641839457
-8.467481913151762 -4.072468347895796
7.929043518523709 9.75542199797561
7.7892416186233575 7.906924264975359
-3.967194088457715 -5.719611637720914
-5.218720192738909 7.569817595398
1.527275691303707 -5.450816901666677
8.238899873185737 9.672159734609835
7.821476596001965 -5.946098398804567
6.015909407030648 -9.524791717514397
-3.7482061868107586 -6.3446131900994125
-3.576041747312617 7.983164691798976
9.149401507346226 -8.218983263638753
-0.40007113281939866 7.269786361315287
3.8430790594864455 7.860846357580883
-3.834968650035564 1.5458666535851648
7.246726847050084 -3.2986620301777307
-7.297127065286386 -2.6857050234916517
-8.812605599857669 -4.169110398082115
9.329045290954365 -9.417847674084376
4.7022673304601685 -6.675155711012499
2.9550445553411855 -9.733763457181299
8.67527552392329 -8.881900386201762
4.481959276140161 -2.593953489057248
1000.0 0.0
500
3.7388619730605086 -5.484271671797451
4.526402226148097 8.404764330702562
-9.746577744643828 2.789319987463317
0.8315620544918829 -7.963295944239119
-1.1852980082279512 3.635698065227423
-3.7095477962888275 1.9575003191333646
1.058850548809879 5.286178104567442
-6.46800627449529 -4.076200203417635
-6.224824144353875 1.855526646885611
6.559761698318084 6.793261817417942
9.560567883876992 -6.381418261978105
0.7303495429007114 -6.458875039817484
0.04106460718508842 5.488357301919621
8.370656902358839 6.515225318645079
0.02963399265566835 -9.837468833792194
-0.6148824966815027 0.7983999431887856
-2.4295871689520965 -6.504243052637452
8.860152791525685 6.8507839577976135
3.297030603851244 -6.8912743603887066
-8.133988846057123 5.646297652096536
-6.87273021014853 4.220940811349772
0.742688956367477 6.777127123279037
-2.2631313469071523 3.941436953410534
-1.1014505488867936 -0.0027929035773581745
1.3980051818824002 -1.7269126988162515
3.3319278611474505 7.603498974641955
5.7276921690176685 3.065006885209691
2.8719099952230014 -5.882369396670455
7.573370972498463 -3.155741996133843
6.907837334899455 9.795846922242696
-9.472272054226575 -5.423027952909796
8.436049022448486 -2.6817491785980074
5.340084308109724 0.8669770164737045
-0.7278196344366368 3.9197716050797045
4.774615676818861 -8.831347672216276
-8.552976627368501 6.128162179140261
9.32713466452357 7.271510556532384
6.847293495388392 8.500511799471578
-6.265358417594471 -8.963720759153688
-8.49516888466172 0.2596398115773475
-9.100717105973606 -3.7520441964246753
0.45105527949563395 2.7223525555590875
2.523907517372768 -3.0240847205216426
-6.581773110451323 6.983766016774762
3.7016592663829186 -3.858260603111596
0.04805907779351415 -3.2496681239704834
4.636241996025776 -8.676122299333585
-5.052317329514948 9.079193520005425
0.7628954405052575 -9.684533799857975
3.142943033369237 9.872771479717539
0.7279216343375161 -1.3067123789898556
7.78268974561734 8.149962393915743
-1.8685174097814805 -6.863693906690427
-1.2190954717784201 3.2177130702334704
5.6200076987297205 9.016653751671786
-6.980671400565734 -8.63889809693763
-2.2852254774946097 9.955058873413321
-9.756034849653814 7.112583330821021
-9.54509485835265 9.02672248849538
7.153369761856251 -4.759507542493731
0.42835573075085165 -0.5291134526540127
-1.1136080197323484 6.012270791377741
-6.269675253700811 4.329967784470064
-0.26682651710934024 2.5569659484300864
7.476160346539434 -7.46722785021857
-9.606964874674762 1.1100206324403885
-6.709601858207426 3.9647510930430023
0.30961799852156346 7.801200127930905
-7.626895959261577 7.857756851040932
9.729314852750747 -3.4615321476345535
-3.0645956515543578 -9.510733709324091
1.4734518782796613 2.6642435074299
2.942242359056795 -0.48646120262132797
8.168234859647466 0.3523073910880914
2.3909147410375837 -1.97220130968444
-0.22795650590974503 -0.5189197602395001
-7.969391724582618 -3.269653934211467
1.182593755866744 2.8632841129182047
0.9637724389622253 -0.20083493272885278
6.679738733000015 4.96403183230554
-5.291903602923069 -1.849373799572973
-2.760132772219837 2.6905955436149362
-4.6924679387424195 9.895940628244439
9.339303533544562 7.976420056010589
4.105330703111882 2.57148867497871
-5.152390707085191 5.19286458703419
0.6635588432966859 8.56936736424548
1.8479758098517358 -4.237160868900807
-0.26939370495835036 -9.052772860706144
9.773962777767203 2.6326751080560857
6.127591642673526 2.6795212202622114
7.828098273154488 1.3668990686513318
9.903047425055181 -9.136469808667515
6.423207417252549 -5.491177197729731
-3.589048386312883 -5.2375188698157915
2.86530863902075 1.5075410340911795
-8.904734395431031 6.353098820968867
5.067360218363293 8.507339642386086
-8.286936967183205 -8.981530764566987
1.4049658252017672 0.20281495451417797
-6.733030557931318 9.853867352602187
-4.641941530292559 -8.869714602388823
-0.4286175453355039 9.746959157650295
-7.264701507811157 5.0593086563347995
-8.92722451702225 7.044379191041653
-4.348282780881028 2.222458320676836
-4.596208275417101 5.975761095216033
-9.27346502704486 7.145120760912221
-5.952580673396676 9.79357197986204
-9.588714923485052 0.21745248811033946
-0.5742840002373111 0.6399894374146626
0.011504456122864326 -7.876846378066706
0.14276706100083736 -4.96029661028738
3.9576368990944673 -0.4597717101922747
-2.015127235912768 1.6157064831001335
3.6341831910980904 0.8598900834643395
7.499829037698365 -2.3228219335178624
1.9411152929124693 -8.32440015944324
-4.04929009613314 -4.477039333119381
-1.9416571142998524 -6.844402488917403
-7.536831628612013 -3.258765642515204
-2.8863488491760636 8.026159459246621
-2.2243182648607736 1.0812680106331811
-5.97162387896015 1.6544301023153274
3.288945725980909 1.183088762555574
9.744631755862343 -9.733885851592488
6.803784313364606 7.716950469951474
3.0550785313900253 -8.083100624062013
-9.247276933471337 6.357139421899618
-7.828539706801574 3.2975591701107128
-0.4730587018701229 -9.242840108527922
6.580306124280732 -1.6661586226469218
6.825887180971975 5.808241811916847
9.41840631261799 2.486919259361869
-0.5378230889814883 -9.585333569747627
-2.7019318430696826 0.6179683340522075
-4.446961264968516 -2.582775624101645
-0.9678013635886007 -8.380863929208108
-1.2267235208452032 0.6224085830468962
7.649206101770968 -3.4296345946536144
4.1028918437885675 6.331965093672302
3.9475640271942822 6.277153380198687
-6.2794897480818035 2.993711338849632
-6.684191634261698 -0.9403751311871407
8.888837048814658 -5.446226298424877
-3.4301236398055446 -7.51364315167621
1.6150373651876961 -2.9498467424386217
-6.615996561424913 -2.3349611348975907
5.349394384437275 -4.531898878998282
5.896228856021562 6.167706093296573
8.086366509616681 3.7705840158069837
-1.0589920672456579 1.951791239514355
1.9485891073804424 4.814656928584984
6.865852872182007 0.17096964709924123
6.681857384793911 7.706684109108725
0.09742529541083833 0.22318895380580628
6.013121657712205 9.852016265491656
8.606449847373149 1.0393865776406042
-6.075457642132831 -3.675790925056046
7.528769199137454 9.899364085607857
7.594559659923281 -3.4567920324402728
-9.07426484585157 -7.519387662050869
-0.86934675862992 6.755171516715702
-5.649553208083196 6.906756610483413
1.9712196904867945 1.4261616761607776
-0.2891141426161816 -2.630156616382358
-2.616347397964285 -3.1483788526720886
7.73816604549085 -9.730405308602435
9.913157392909962 -2.4843570980621266
4.862111053521726 7.904213748515907
2.5576777336042493 -7.7024597604806395
-0.76252274953616 4.840004470128928
7.142130517133747 -4.834983827397794
5.669794040642733 -4.882410194411717
-3.755224738100287 7.059621194603544
0.3642799967446315 -3.851025339160847
-1.24482631252895 -6.686556677565774
-9.426349938449729 0.9776360918623865
5.1403850692584125 -1.0276195942219974
-4.1529198263659595 1.534179557781453
-0.5063294587775005 -8.352677499058904
7.184876167483438 -6.7262106058987055
0.29513176619325066 -8.245326934599257
-7.438595374548935 5.545502257239329
1.4086592675427632 0.7049411199482947
4.952089398449697 -5.458929633022567
-1.6216820816242326 -6.370601593890283
7.690499217483165 -4.746141549786791
-9.408655279154052 0.9049023998277832
4.749413399329779 7.068808283883293
9.181542960668828 -2.151809483163767
0.7323873766097293 9.863397549119874
-5.51036041526835 -0.6625247862369203
0.8045523317435137 -1.4063998990375346
9.595169406060933 -8.945805364657351
0.7268754625161691 7.582586179030464
-6.559478219504253 5.5053168431046
-4.1529160459635195 8.694297625308806
-3.8840293232505063 8.412302031567613
-0.8165250056421147 3.3218300316258365
6.345119438365948 7.923047916348242
2.2717396258120637 -5.694973247663464
-3.143877632706311 -4.972155842955141
1.3981934186825402 5.056061996596712
-2.0431641778067107 -6.435277458251452
8.756234841010194 0.687857669242252
9.909048995139006 -2.7521182614686364
9.890013853543632 8.971788481914764
-8.395032393352487 -4.079376839825526
-8.167162998429443 -9.12578290092297
-7.709525599149043 -4.597254888600306
3.4407345671595557 3.9171008845972075
4.668020643942599 2.9663056759102613
9.995008918981902 5.29799571112701
7.660005614116258 2.876460598789585
-1.1331757011716448 -8.896309886640497
-3.6517901985195644 -3.2475786736386913
-2.0638268822840944 1.2054697757829693
5.521222348327676 -0.9124879659353695
6.173657764688709 -3.140473631479807
8.318540443312678 -5.690281118484828
8.580525831496328 -5.197055988195601
-7.4972803302181745 -8.317157638700131
-0.01087637954254106 1.7809279278950658
2.655450707607244 -5.774638385993363
-2.1061042393190688 -4.784364997144898
0.4426691686588242 5.89937738223937
-4.674655041260212 2.607755929994184
-3.0066639386874305 7.814429710723129
2.266810748189469 -2.5781099737400703
-9.240840303878477 -4.262977592918631
-5.468324693856088 9.755669307846976
-5.493826176007069 -1.0664429064092484
6.118610191780931 4.274238184156932
9.365282690301605 -6.818809046393721
-9.061442673388935 1.1082763669265674
-2.0299994890134982 -2.387884680030206
-8.76009554646326 7.846169035277427
6.797679248348771 5.286259988851006
2.7475590020510605 2.8002992129532167
-1.7156339092846693 -6.185631952474893
-3.4168650329046564 9.111330287795333
-5.114082009241294 2.4120688796986105
3.1805744239577187 -4.195195164822851
8.318577480078908 -2.438224970618375
-0.7063198591363928 3.25759755517954
1.9714574844131327 -0.85229077172934
9.847151596353012 2.3082962605174355
2.6449383307731207 -1.9870621476667623
1.99477487013543 2.7696639912402343
-0.4192393472338445 -9.033764359044131
2.6148975246470947 -8.002269187655449
6.1624234873627195 6.613043304321469
-4.778287573541249 5.284358489721297
-2.3897322746212772 5.043459139658763
-9.810116141015264 1.9141948444575902
7.372914964760888 -4.449784922046158
2.731838369130271 -6.040376909422038
-4.157409982064808 5.916572616595941
8.411313018915575 4.990287016637488
7.843844556715368 3.530222687895275
-0.41895643097736013 9.992155853565066
-7.173741115813006 0.5836028442286807
9.275176307642358 1.4624439903065074
7.730327504232072 6.7160591098916385
-2.4196516058028923 -2.071417668185851
-7.9610122006990025 5.488246165947547
-4.322479355277638 4.716948176745008
1.928666926000684 -1.3695815694831364
2.3335641058838252 -6.725014118950405
7.400489398935694 -4.543182168953153
6.9985453774833 0.18354199319237452
-4.023587488528753 2.367373216686154
0.8672138700425656 -0.8475868636583925
-8.63517782957107 -1.8699136686315487
7.959496454097184 4.411407370168359
-9.595569863050425 1.9870577018321356
7.329951659916066 1.8047882992010287
-4.49088281392277 -6.137645312532718
-8.323974630517554 -6.198095300024969
-0.34054473616485126 1.437317387074554
-2.2830878447180813 -7.401830996302767
-4.423777576320527 -2.0056382108264277
-9.708276224884935 -6.30564686406842
-3.643721675698375 -1.519029460818114
7.5172359225569245 -7.60358740740521
-0.9587958330643982 6.381011866765007
8.92469862050526 8.889358740189223
8.545680493605904 6.167833838877733
-8.668063698251402 -8.629904668502757
-4.76169429168203 5.226984672779437
-4.321709314678426 -1.1088683750037198
3.349153205602848 -1.7878400726025312
9.531022021540974 -2.0216359916874467
5.170911327154355 -9.347056330519226
-8.672524298902076 -3.7516046092968462
1.8149623842126417 -3.3293230634839315
-6.234806350453015 -8.349782689346517
6.455267187000516 2.4856416772789167
8.859613066989386 -6.693152149204531
7.596387408955586 5.515879413320919
3.0811428296853034 -4.6791830150927005
4.756318789711958 -5.493592500893261
-0.9161359715371731 0.4714093966061803
0.5550207358508974 -4.3243039060963495
6.86069207507121 -6.54845833324281
-3.85672034286777 -7.8529832142232685
-3.318590229831231 -0.10788971232997113
-3.2281886850086927 5.6649602005230175
-0.9391599569703875 2.7047175592779205
9.953952116822872 -7.388399370727421
5.23093496758719 -9.929276546528117
-9.02823684956566 8.409519044806348
-3.761936505344787 -6.98332501558917
7.74977447107586 0.4234000442207293
-2.435374292526289 -5.707716496830848
1.260082663062283 -9.381315696371349
-9.720378834768562 -9.292524123692589
-4.2671191315335255 -1.8299187076904637
-1.9826345733369664 -8.4499156914275
-6.107171807532133 3.396089905854483
6.124915810883678 -1.46051127697703
5.778591387132577 2.801636471516746
-0.21299237476003263 8.552593010798407
9.743302926498977 1.0815975089425471
3.1509549348639627 -2.829812977517337
8.604223679213987 1.218484448596298
3.7412252452363113 2.365684517163128
4.233014914015056 -4.706119366638644
-5.4378737595939 0.5056916527423496
5.8337710197030255 -6.078983949361159
-9.404519632546757 -9.062311653976725
5.5491897878587935 7.925307409842851
-9.23085039763379 -0.23328872615667962
1.6944878014296112 2.681123815537722
0.0927890127191553 8.433574170789004
-9.610353524423445 9.15822750675353
-9.195085104840281 1.8431248404260554
0.463123165322477 -2.267575678888589
-8.693711212864756 -7.3067667948390795
-6.842307019840501 0.7576284033078515
9.672779563620885 4.433730840729451
4.893415979924123 9.448739485221797
-9.078733064641176 -8.208830135077829
-7.46097414858601 3.0118111937766407
-5.931765798039539 -4.531010983437119
-7.654447607026757 -8.171266864654854
4.3320256473501395 0.30233397097058656
4.441940589911708 -1.7184052454651386
-0.6094474971088353 9.52364802603931
6.564000460064555 -0.9832225232337937
-1.2622725161893733 -3.5827676354023064
9.732762035873279 9.811138911445884
-2.4017322484569803 -7.511694970824314
-5.173480756077112 -1.0255514818952243
9.258982190170766 -9.733120191003177
-9.459858154311068 0.7115310204519769
-3.0524464229444366 -7.099611885850862
8.7076782161251 -6.279698712703087
3.429145608603344 -9.794139762837764
4.110538569938193 2.6022403435656933
2.196839737646762 7.584761683744322
-6.534482930810799 3.793102566710811
-5.412526620537566 -0.3223623740825907
5.31069799489331 5.47306847196327
-6.822185466665946 0.8704884766731791
-8.265146725382799 6.050752675081789
-4.587861174223454 6.686817757324871
8.549146621129172 5.345921923891854
-9.395782322643155 7.371120413090406
-1.1915441156642022 -4.993206449788863
3.772738912197692 -5.6481771254906725
-5.534258427494323 -6.820757010278027
-9.727147004942722 2.3650438131832647
-1.131831321419245 -4.211632368104043
-5.510556436242484 -1.3803907518556802
3.202781670245507 -0.9286747356946083
-6.947237743130983 -3.1817819299743766
-8.143270898539702 5.275826447729973
3.183188602185446 -6.121211287081449
0.3039502286820479 -5.022178382245331
-9.03952195247892 -6.336888591255157
-4.556436822073929 -4.616656517620701
5.089808176243951 -4.175319553986647
5.314764673460765 -0.5345673000759898
8.652994933703624 -4.80075242157519
7.914726899532152 5.191919687423091
4.710295130167534 7.171669924594923
-2.9518749243898306 2.6886493581889823
3.0155441838973314 -8.668681489970716
9.596127522701462 4.9674226658151
-3.513237784228096 6.442614476440937
-2.0178090365852324 -7.5386455764001
-5.116731241452268 7.2859434832334955
-3.549607237581977 -1.1144996075507017
4.804870719233069 -2.7893872210350175
2.2550547207996896 6.3892164877642585
-2.1710070376218393 -5.3211765372934465
1.2621641592363488 -0.703271033303217
3.0543613344922083 8.237796246917771
-9.298148009016973 9.967330841404834
4.475560444353022 7.031408988288856
5.647599355415711 8.91366563749557
2.900683538660683 4.4458318951050995
-5.111583472581005 -9.110339448033598
-9.216453299541579 0.8195643804653958
1.2851072306582711 -2.0845917362256188
9.511797725108735 8.105443612192712
7.3885679299729965 -9.277203176441757
4.091485366244044 8.767432377002965
5.137137870825734 8.252434698384722
-4.7373684794974285 8.41289197996073
-9.011744597603752 -8.948496010086453
-0.8475249565256426 6.613219479013999
6.979611725854763 -3.28812191540393
8.664625976571298 -9.008790276498523
-7.152474666447109 -3.038646629398329
-2.0481277369553634 -6.552578556752757
5.563328997219685 -5.929848655122152
-5.066502736542211 -8.919767835058636
1.0480036182147678 -6.171242714983299
2.55864097810597 -0.026150605887309553
8.9340163215848 -8.740648406923679
-1.7460914810944832 4.049117783424428
8.079861253293693 -5.994310971768135
-9.236532486048345 1.4909597903381648
-4.3795851554097665 -3.4100624031214526
7.984936860607402 4.5920390030732285
6.22294461168384 3.5975717614134073
3.1387226808657687 2.2550335335371443
-7.029066821673348 -5.895651868116019
-2.815086649630323 5.645446746847973
-1.0815357211273628 -8.13610784800747
3.170155200690539 4.419085072249867
-3.139755890266036 -3.8479674567225786
-9.186973050859166 -3.4195186212075885
-5.455109701712524 0.5797990813693659
-9.995648074163173 -2.894032040294916
2.451347368294069 8.188010223573198
-3.803827643518356 -8.895763759552803
-9.910192125720858 3.390340798176247
-3.648659673743504 4.545625785837046
0.9268431102003394 9.20632039945636
-3.2277977538643965 -7.994159507070487
-9.749300737057476 1.621363999549457
4.514143086301825 7.890394267025314
2.9976765108865973 6.856683412598905
-3.0357551239737868 5.707157573130557
6.2878880221034095 -7.689726614245571
4.675862007111027 3.4445838484988798
-2.7337698392838288 3.325450801684891
0.2921038414514676 7.974204937369635
-9.31618068752476 -0.9626211226328767
1.717352564839711 1.741654127614824
3.193937221531332 4.075796723926782
0.21531028513236627 7.212219528744448
8.120284201349005 1.2881459396221384
2.2556128278055745 6.946341031490981
-5.431941281649191 8.869417655179824
9.01085799601676 -0.7835949208507316
7.1151489349972294 -5.289870012662135
-2.8284115188984256 1.1267236574785517
9.646236240194515 -4.746544427649672
0.026373412893004655 9.50133616941325
-2.8201090974949894 -9.327381306727569
-5.030985567333353 -0.6690439332437421
-8.52957679195995 8.076981143649508
8.580796780706493 -1.5905882974472512
6.429549849365728 -8.343577086108542
5.3443301674802495 7.188156069810049
5.6526511609255685 2.6394760740487726
-6.3424926622140365 -4.863555343727535
3.9391285251985124 6.49307738075181
9.918260017107912 -0.9837114789050219
-1.702055773538845 4.514143855416663
8.33303559670967 -5.3555979811585885
-5.353290270492675 -3.0128312862617808
0.5209884013389399 4.931684658099972
-2.2645960848833635 -4.5078812433556825
-6.499830146679302 0.49308153824619083
-4.2536998254328 -9.13936223924207
2.3294483649949562 -4.88105109508661
-3.829239896491856 -2.2815769387210434
4.18521511250092 8.236432673254935
-1.4425893386274709 -9.509880203536662
9.404869846606733 -8.370757079608833
2.2024474458960768 -8.263575685560928
0.8922520788126924 4.93511959318425
-9.50491779208276 -3.9477072162426374
1.2895022524464288 -2.252055734545433
-6.367693892486628 -3.145706323382793
-0.08197487521027824 6.735447503979799
0.08892569780630133 -7.923936700747256
6.19273727481233 -1.7409210719109538
-9.529728353535877 -0.4540849867535339
8.457439252896705 0.7314841665082383
4.829452385966405 -6.995732769430722
5.800453002224808 -6.657173094429822
-1.7096100678024904 -8.860683777589653
-1.102672586651483 7.333011459496287
500
-3.7663985397247863 -9.490223404101073
-4.081624521241041 -6.915551442955445
2.0804708497835023 -5.824032014799867
2.769345290858805 2.7228390366820747
8.961046528120033 2.380648663826051
-8.191711371383349 0.034844048109164305
-3.4101537896785388 3.6445371360675
-3.7003275164880023 6.273266584657296
-4.6982010894049875 -8.291242495175947
-4.438882980817462 -8.619351492075802
0.9865993495669692 -3.505451659498471
-5.84579540253465 3.7930277333559825
3.919352882893957 7.276798803317202
9.215996408979379 -4.479259680102501
9.084541482024736 -6.035729822634577
3.4865965549106086 -4.0171514922225215
-6.438445838076634 7.090497118660441
-4.993478963795999 7.139153946933092
7.277748392750201 9.770925111741459
9.029429875748534 1.275028488341185
9.57073412985066 -3.8917978045909862
-5.122081613653999 -9.271698127059329
-5.697750561612889 -1.3718468005246738
4.858675983955747 2.337653038972592
6.9490037155163975 7.271677608894482
4.876353419822008 5.305225432147445
2.5275441928171922 -0.4882168282597821
4.624124684676513 1.3314632107498365
-1.5149715267575345 4.49843968703869
6.705715204195929 -4.63922618049531
3.9352983231695546 8.696729678208705
-2.876704065012639 8.422893851590551
4.64779151429078 -6.455161434177175
6.54892444913591 9.9502298229799
6.2738787220556524 -0.20390293665554182
7.664507525567018 -5.304331710058103
1.8656031218397437 6.859097442775308
-2.4908000962790915 -8.808864136536522
-3.0676660156718345 -3.0424733927033927
-3.160259241871108 2.574595165179776
-1.2269205215963215 1.5018305859478644
-1.9551573039178543 -4.621645004874939
-7.888872013132529 -7.252629072708108
4.629089360823965 -0.12221055455611918
2.6916084406626624 0.11983796640152988
6.8366600992159725 -5.59394038944361
6.38029748268659 -6.436425796984022
-4.096222384247207 -9.512280877080066
3.6949230007058915 8.885775820666158
-8.976212995005564 6.394797743956904
1.209780481354315 5.163614296494634
1.5988695829459498 6.635687212088165
3.2096172398822027 -6.2580404071154465
-1.674717213957173 -6.462597155321294
-4.543566386712634 8.122862695700668
-0.5351545518455474 -5.048072106008461
-5.195871243706143 5.083461108880771
-9.053593148986884 7.336905263980796
6.754496318682868 6.348918231786275
0.23994728406205645 -3.7622576583084566
7.120851382656177 5.824738547147186
2.8810423385589203 5.401427151880293
-0.894054106500743 -1.0557013621284383
-7.698265080663895 7.111992897651259
-8.070671101271085 -1.5606139497207359
3.8341461035004123 -1.8473925939277542
-0.7598178612955753 -1.676913059454444
-6.69223252040287 -1.008091396495555
-3.407343603868793 -9.352564908947002
-6.569345439868595 -6.873436713470635
0.8624658918738053 6.425209230964846
4.027337852855178 3.5268592145471285
8.845260214240916 -3.484660288097494
-3.482780829038081 4.63262496494707
6.550219682538607 -9.597702075397038
9.788000729636366 -1.8531613621250855
0.8026566030641256 -8.211032255924204
0.7234080044311657 -4.610043216213429
4.999018479772667 7.16323976876015
6.018473800333052 -5.103025106624022
9.06240341296181 4.988321205492806
-8.560722068092929 -2.5807778766428324
5.677065373000731 -2.8227654426531075
7.938142036960031 8.726494805183098
-5.049667988063124 8.799500317333486
0.915842579650402 0.34497032854017995
-4.220044338503426 -2.192185012993235
-5.053757793992526 3.280371421150498
2.905699678488883 8.233341031122883
0.9251683950832792 -0.5322209556460997
-5.189732413168264 -6.208269943131233
3.6672931043503674 -9.934657652291484
-5.254904915756651 -9.547608057714685
4.362189533629087 3.2270298803618918
2.021170351187756 -1.601975286688651
1.3245649706979261 -9.774996485438344
-7.464995844133195 -9.487797347843234
2.603719045036881 9.289124894673428
-1.3281695604875026 -5.690886666501546
-8.504633723271326 5.318273753403918
9.276022915170355 2.452766858792712
-4.087253217799778 9.591011618574058
8.810555369844685 -3.9749292168398824
4.545546381697212 5.675144245682745
-8.85809480309911 -4.234161818951083
-6.00540570265127 -3.5527731698887415
4.162552169943446 3.7576083299596377
-5.8450329454154515 -3.6814375838849216
7.027792162768861 7.273327152709573
1.4501005266608082 -4.27180283936722
7.024580592944815 5.427594577591243
-3.0198787951390527 5.241304361721479
9.586089005111418 3.508292459031342
-3.4746622297046814 4.271578489827183
7.366619994207134 0.10762936766659337
-8.112725709492247 9.612265280151007
7.616334516046848 -6.413196869212507
-8.16336417068688 8.91238091213016
-7.923700215852483 -7.125907498952547
-6.760551982423431 3.212908042313307
3.235961727227748 6.4112398321410105
8.399829738125856 -1.8304676050242907
6.347923005842908 8.307482716678077
8.994674777911186 -4.0972620909147555
-1.5285402222367939 -6.940516385355371
8.489454753178485 -5.0675097102762585
3.0912847382981727 5.078912612678954
4.707574320190622 -3.514617341691322
0.6591560577550748 0.5337186297495293
1.4303286719167687 5.780659092642768
0.9266219065876076 -8.81011946621596
5.357930041746901 6.952576909617655
-5.203800294725712 0.9604527695364453
-9.339454892239122 8.615840090350616
9.57806588689952 9.271870166329414
9.76604359586452 -3.1792459602511673
-0.32463479611572055 -0.7721477888646078
-6.450374541447741 -5.562492666630523
-0.7472735693508881 4.901131255930979
7.456523457376736 -0.4338017340876519
-7.879788989277355 -1.9043740735262489
6.594513501452045 -2.923894351153584
-3.2748043644892677 0.9109757332895878
-0.3592306189204457 9.374646011617436
-2.566856391283599 -4.344451447509066
5.327469714534814 3.4530361074361693
-8.89548977165215 9.681569515416058
-7.495099089456501 4.921670962206397
-9.40402907111402 4.276108889639369
-8.998350782265735 5.766991127664474
6.715319794349831 -3.5106850856874257
9.522067875902025 9.273958127813867
9.21460245935775 9.13982739120663
2.254632865643975 6.716729137313912
4.2691883268300845 6.029154210686482
-7.839704229369826 2.7291538988419983
4.525737970309763 8.306943875621553
8.759013306003215 4.0805764294690405
-3.0702967853065832 0.12505565286406295
-7.50604547328102 -5.5632581842241375
0.8237392219000643 -0.62259907429317
1.3707789842574218 6.049574858346659
4.843729315715722 5.803278645265326
-1.617469505152588 2.9552968484287216
-7.195732519372136 0.6527588386892056
-2.803799421383939 5.301892878805569
6.111080212552867 -7.132284325559506
-8.197328520465694 -0.6457926604375395
5.292315949754922 -7.978209692857067
1.0534481737577082 -6.085234497248098
-9.784868118029056 -2.888235805329158
-6.182004861137084 -0.06338456726796693
-5.123179357702958 3.6651317308095432
3.3221761591312102 -5.432946520737989
-4.438813996789335 -6.006166617359108
8.806923419173405 1.07991194279556
8.23425538436442 -5.281816065439888
-4.514179354150507 9.330315735742243
4.2054111325580035 -0.9502330885767662
3.599356970516588 2.721932086648744
3.1353045999908584 -7.320612518144875
7.818719034453444 1.3057916605511561
6.783334972010678 -9.26226640540936
-1.7596883900142046 -5.1701806636653735
-2.8241091939130936 -0.72075188816072
5.621165324723297 1.4569789752389006
-3.0484265548653973 6.057870769404655
-7.709691991927981 5.787804799884382
8.844501001689633 -4.400797234952463
-0.05646675708089788 -9.874416019757408
6.022813988807812 2.0574526198331267
-7.902347349575041 2.027887618619033
3.350691197146869 7.721505772523656
-9.440084295674016 0.055084108939627896
0.43204146452407244 -3.325690731656154
-6.349775112953637 -3.7311722385078294
-7.849795452416326 9.67444300484227
7.543358765280072 -0.8239611406433074
-9.190681976483269 8.322975860798937
6.398154928331838 6.089159633542881
0.4994561398102313 2.8238601710621545
-2.5989032127521554 -0.6300553887168014
6.083321276564931 -1.3030160411162548
-2.323066710081891 6.463846218369678
-5.537799374366566 -7.584530559713172
-4.633499934545204 -2.4569540755510104
9.04987245294923 4.180358713810179
-8.487221572058928 -2.9130228197423484
-1.43968778093301 -3.7624368555975485
8.323900977244875 -9.188830031898103
3.1204611047205777 -0.0036309855296163818
8.253854942877553 0.219056509554294
-5.299864809402706 -5.4461828014693054
-7.917270653364607 8.75782415303691
4.536860223697701 -2.9337106014996834
4.252349039354206 -4.37626838559352
-7.156933863197628 3.1283524184474842
-8.044951100376974 2.532170566742572
9.231903916761087 -4.088991616567707
0.2796289997246948 7.242546813719919
2.9971122385775733 -4.848450822086923
5.439081500103388 8.161666560133376
-9.87329866000687 -4.54841789380356
4.9937587186786665 6.432013102024367
-3.0621641315301957 -8.253676694199426
-4.60410738209524 -0.39430932101799243
-7.100343523099886 1.8989755058483215
-6.868285606893556 -4.239427336972012
-2.057516411047395 -7.4098134150177835
2.272978597887576 -3.4603355498915533
3.9389390286545165 -3.730841555316296
1.0940548986430443 -8.753022860223332
-6.04796659581337 -0.007468750889499276
8.891175860734432 -5.168683566787822
6.46323851118883 -4.615561118882681
-1.4122093036780186 -6.337662153768204
-8.797491944187982 9.16136537800569
-4.313896347941704 -9.273241085982844
2.688630305504125 4.44226444445378
9.745145048055566 7.246887010356705
-7.494790515066199 6.0327088819522
6.671591205505877 1.7481024450619778
5.257837050421557 -4.831335219813814
-0.022631521683145195 -9.62008368389993
-0.4886227557006535 -0.01974701699008996
6.202602962472536 4.679932784319059
-3.206189326240933 3.365330495370344
9.66005898062955 -1.528936231807787
7.551100630503019 1.3858179250623621
9.684826346069258 5.965876961924799
6.900770179423773 9.916303163677718
0.1817899332876145 -6.040621486286078
5.687585946677412 6.931493496895861
-9.032414559990192 -3.7779695614500604
-2.843102866746639 7.154461942047767
-4.1054460649891205 -7.4512908839418435
4.639486213296866 2.9496370339677913
-7.059562533119386 2.8552101061777506
-4.68188022426431 -1.008641579125305
0.7195846837211732 -5.581260255334978
-2.021896950808526 1.9488882585419454
-9.787675520786678 8.24004523300081
-3.1525687308988637 8.589248917019859
1.904830231570278 -6.201215281462769
-6.200156176827929 -6.242365728772894
-3.9416236037620944 -9.599473261663388
9.393249917787003 1.7720854725396435
-9.689465776269667 -8.091046294477824
-5.19354500990453 -1.9557934290067536
6.536420669782984 8.891153047545046
-6.324655699988309 -7.010846778663882
3.3160940938380694 -8.161254438674385
-3.0496292989342955 3.98983541842005
1.2659160921498263 -3.257701987418633
-5.86970573271274 -5.570323466536342
-1.1287762651864224 3.708555932439676
8.863197899322405 0.060054546192585434
9.23969255589229 1.248763343123784
0.2139365650521441 3.1147355569054866
1.0124458641146088 -3.638997430314661
7.3286221626070045 0.784843242257967
-4.090241116960762 0.0562017675120039
-5.469406835048338 3.555605984821913
-8.389151964860266 8.188290062007543
-4.107226513157228 -3.716790352967358
-2.3057706051455495 5.342290204952899
-8.474902386489823 -3.8093387739955826
6.269474015929969 9.805853086754457
2.4948873708736663 3.3036867255270526
-1.8057904858938372 0.6984062814125842
-8.081214644487336 1.6700161604559085
2.1838139133713526 3.3314009341750257
4.0007526217424925 -5.9355269660594185
3.293242797202165 -1.31517133222982
0.9571163298396215 -5.255331926111671
1.3596631342334184 -8.088849271280807
-3.0697875129220016 1.9449985462048964
5.18961107480709 -6.721791950266107
-4.432412791531453 -9.865882422100325
-2.617085711819678 0.12744362350985128
-1.145230091489145 -9.634656680954329
8.912637449515309 9.799878768700403
-7.19544743997359 -9.773568638655343
6.753032593984269 4.230831893385014
6.54621404988422 -9.101603676761103
5.978313548256002 1.8773448249038758
-3.3007204097278375 9.926549795056388
8.459804149936172 5.054976522099393
8.684557559863432 -1.2396302086628275
-7.174975127031473 5.867161813947321
-8.376909196000245 7.9169158317572155
-5.016116253134002 -4.608490372653591
7.168947476439229 9.46280342652577
7.128961991400125 4.036187109114628
-5.145277528993198 9.188594782735478
-4.659300626194511 -6.066433630804944
1.9593122483512388 -7.853593620087926
-6.7656370467460425 -2.9242341757344015
-1.5076196322841113 1.1069401786462958
-4.045403075511316 0.7812986483416484
-7.680273421456308 7.112442469033983
-9.057152775447566 9.780785039296678
-9.349534677297946 -4.488993115403172
4.832921660149683 -7.972808207308361
-7.73539496330145 0.8069736678416781
-6.428840442538619 -5.424526709305746
5.391029352670973 -1.3226192086491029
-4.981098386536418 -9.691402381559257
7.991084776233926 4.550254081890728
5.396060945828642 -1.1419442224105385
-0.041470375658143155 0.48829866972372926
9.98671490495839 -6.512333352896002
-3.6561602635680597 -9.947186042395549
-4.350552573451683 0.3439639718273604
-1.8694648159661789 4.346754935116055
-1.0921358030146973 2.1796561771968026
-7.5406551668861965 8.521191516718144
-3.4087071136172398 -4.725911802528973
8.75036288223384 -3.984902083665977
-1.3502153207459457 1.1314666118782029
-1.0405976941604216 1.6038216351446462
-5.917593145761108 -7.527559616168786
-6.327052463966076 -1.128514790382603
1.6701692754372033 4.188758284175062
-6.390415550384445 -9.416047089453457
-4.079925574087828 -2.700402622893492
-5.92567765267932 3.3507569894294384
8.693171926076108 9.759261035559085
-4.380843019336044 -0.2543683476715799
-2.673967423038908 3.3824106046220273
2.7876729392053896 -3.36395692541908
8.132429033823328 3.092946912471781
-7.522193484280654 6.444470899306459
0.5619451683364112 -4.002100710585901
-2.624750330440733 -8.990654505246482
6.075826675300682 4.067796812448014
4.277544360734634 7.999548693725796
5.012739424413157 7.262795650154118
-0.01585451230442736 0.3192693059805549
2.8512960516174886 -2.7056061346406697
-4.934216260861279 -9.010911079655504
8.993172712432518 -2.9343234843844286
-8.990361944266487 4.192418455898725
9.422620970743573 -5.834185872909701
-5.816422679932643 -0.9756149609748643
-4.284480274006399 -5.2816534912922775
-3.1025387162781275 1.2303747570382217
-3.840387952049271 5.43479982622938
6.4789515833035765 0.5480909426622063
-6.183625744925378 -2.7319173119417206
-8.842726004309005 -8.819672740056834
-0.2947430566099829 2.091740298687615
-0.02468836208919356 0.9520290730690313
-9.629045069661453 -8.72935296742148
3.824681163053418 1.2596149854348067
4.706821961325641 -4.470462900821152
-9.828588574199486 -0.9040303519092614
9.035720641822966 8.71147082310977
-5.157372576298263 1.3224797368096812
-5.464532085903137 -8.33889183167792
-1.6311400528302222 6.227750384296833
0.5569110837880746 -5.417383735872143
7.799581611924598 -8.876718856584716
-0.26877189232624055 -8.813365210889394
4.5299290664672665 3.571653603981577
9.245762863208352 1.98241689953376
9.935116678680437 -1.826767273840355
-5.696407568554413 2.3255930183520874
8.839145397643662 1.0930995858509043
9.14261922879783 -9.927548372450289
1.0407707168466924 1.4678404705984267
1.5011527413615529 6.312615967740086
-0.816083592221581 6.68283370111957
-8.454767449962226 3.50695191137838
-7.260012341111512 -4.939507544483501
7.166550932563723 -8.295482171145107
-5.277787181296261 -6.80658318217912
1.7069111860199992 4.276877547019534
-4.276516651052513 4.666105086418494
3.0173549780573943 4.186575369520151
6.8032583634843355 1.8041659011870959
-8.582799385110405 -9.53762263761735
7.117756955890574 4.131937993591691
9.840705266803596 -9.921469730107475
5.0591304925463625 5.683732245456287
2.922147223374928 -8.921995240379362
2.5272047829047466 4.246247661265752
-6.037152180310208 -8.02009190650358
5.265626202802828 4.681604840584743
-1.8757352660573972 -9.444856278635863
1.5558868946043347 1.1689787158350455
-6.605151616791833 -7.112462375868109
8.351474389833996 4.087242515518064
4.387247380438517 -8.928340843476867
1.800299084277226 -1.778355082820763
5.098187845857948 -4.833565368313333
3.6011854636576146 -2.068194156334635
4.792345789649765 -6.184108017505137
-8.836522294236815 3.2286853702677156
-9.863924839317077 6.931892380683443
-6.258730801191746 -0.036619035790369736
-5.194836001736077 -3.340029091180523
-7.844164934398508 5.478895278571322
-3.9305526703534133 9.619708102842608
-7.757530093832448 -1.8720610124368857
-2.9780680563091577 -4.651142251436207
-2.8145010138186066 2.702150671021556
-8.49679585219939 6.024562949380353
7.861692959051748 -4.1687374009224465
-6.034817215226722 8.621342910328753
9.293008854924409 1.3797577522054105
5.504908736197642 3.7328565313748268
-9.265870096371575 1.8859970328799314
-9.261939472934952 -6.488519915877222
8.36889739944052 -8.166757578732003
-8.02082786766906 3.479616011220056
-9.551852253146624 -5.870909981031202
-0.6259117122692501 -6.460720681374599
-8.100562878395436 -5.976831088993793
-6.486675410126573 2.880916127582868
7.522813291541496 -6.91716920512355
8.331412518907023 -2.63106464289665
-7.205053887260204 -3.4696718352216704
2.234777265443558 -8.363399572116908
-0.4799782721016328 -2.2723242842882403
3.30920124473721 8.889725304556315
1.5899586973266473 -9.05196590781296
-3.3377838527268944 5.942337846527078
-9.097068620149493 5.212757303774129
8.394140781289984 5.506510013466565
-9.877301640836713 4.127756742364198
9.436720324280522 -1.8172525463561424
-9.629849074866765 5.1285743456849175
0.9046831172671315 5.896629858762793
-8.97552115665926 2.337788654252561
4.665809025233074 9.443903789632394
-6.809065139033532 8.69678041566349
-8.898873786998902 4.115550599691691
-6.508450447572363 -3.811125759673793
-5.30614194159323 4.596606688881566
2.2164862906376204 -8.111662214602493
-0.620726031280034 -5.0103867277391645
7.951283099990153 2.3992809005450333
8.688978307560824 -3.0619527272867746
-0.8944821959677505 5.364438423185478
-1.6388330296318294 -9.272670977823543
-7.633634660911381 -6.944443991953088
-4.585647381894433 -6.9895709913470245
-3.9280271072468302 -5.924376298926386
-0.7014562246229943 1.8082993879210072
-4.625204108687644 -6.167140411744285
-9.375076277818764 9.24438277439888
-3.648867224149255 0.9518652430544101
4.419541306203815 2.342615440147185
3.5176599149963863 -0.24480506116652734
-2.453705911431734 -9.114327240337685
8.868889320910696 7.647066447340507
4.05102741873173 -4.181647591728259
1.5309301898664138 2.260469659792655
0.2859640252605278 -5.239955813643606
7.777679085161445 7.7552218400339825
0.528690456596193 3.9006917289207657
-9.043143600285239 1.418351919669032
6.4693242578503956 5.717729739272157
9.581434413848967 7.414411784886063
-0.7779657347495075 8.59756572536146
2.125665569883475 -6.838414069481253
3.7460284881432315 4.4423563699113195
0.8191654676329101 7.5730793947215815
7.061759659974534 0.6508052252496839
-9.314668650155015 6.77533452597504
-1.575375192192034 0.4867145512527955
-4.503157065835635 -2.235176142688509
1.931474469525405 -4.181988838023665
5.0597412644666875 0.24057838572565515
4.920090739441754 -1.6000635405252588
9.479489510548834 2.8703008076978023
-2.929738359148022 -2.5533388976334574
7.466516636489299 -9.41639878238667
1000.0 0.0
500
-4.895973574427613 -4.64638279666177
-2.6258333805933383 -8.376245381369507
-4.99221007542364 -7.062186493557299
-8.68636814392806 5.9641099548760295
0.7327092679205016 -1.3693991767920473
-8.03445876222251 5.52644144704227
3.5036355295077204 -5.439940422367641
4.4137975476392395 -1.5131040611846718
-6.489259108245897 -6.063178791988324
3.0322167007021132 5.640563897510113
5.9230011893691685 -4.991201276953983
3.893176786866011 9.007270878748677
-4.443151932967389 3.8058799866624753
9.365139735608818 -7.739907839864799
-5.5265209328005405 -0.1575100419411779
2.501813137721996 9.738204641755896
-2.889279592719161 2.6375797718075624
3.454927070203553 -4.9492083517318015
6.0471643636513015 5.92262092820066
-1.1030810957028265 2.279504530470442
-9.93069788358438 -8.269511019630134
1.7643101763951012 0.7875271170784863
8.958159314702286 -2.026615185371943
-9.744955074366501 -9.949458142842673
-5.4172155423408235 -6.406680307273016
-9.984338908707684 -5.769364197320527
6.000158818898608 4.011075993505013
6.2721348272997055 5.990975202149212
3.4872957076084603 -2.30585079209634
7.254371291810344 -3.8473444283447567
0.8559270140623294 -9.656653112185516
-6.882854677112711 8.640260262145027
1.291965836500104 0.4691646351848746
-3.9365917143377205 -5.121665314438573
-5.380472333445294 1.8822750005632685
6.1297495501406125 -2.5845478464535043
1.8382740640691804 -0.6303387381972883
-4.505303860087779 1.1107490889833898
-9.133651422582936 6.732332740386013
-1.865153435944169 -5.775478358746568
-0.42126672895411943 5.675809958231477
5.046225961322506 -3.429423998963288
7.2325364251495685 0.020881656065466103
-5.117396290989635 8.071022030085025
6.559917878599293 -9.048587062637662
-8.860339147474711 -8.562567177398183
7.159424884245688 -1.661833510483408
1.9927627091175015 -7.4759638266924755
-7.299616114206082 7.6607298340447265
-3.918723229890581 3.1669421092903143
3.345853637814928 -0.8774169611981932
3.32905836819849 5.447375067267551
-3.978011648079745 0.15972641191116743
6.849907395784001 7.7970213170623275
-4.91945195567591 3.9549625318747577
5.981067750799392 8.55876002385618
3.0048850434875902 -4.548815407172322
0.3592228891399447 -3.641297512724937
7.476915699934878 4.130913665331379
8.182935579327907 -2.87179815083086
9.393271230799169 7.124067858022283
1.8159369069495472 -8.163755040619975
-7.340618741266834 -0.692031465222211
2.6978598623447034 4.3365526007342545
5.957158275464122 -9.70846647612297
-8.544457057820392 4.980581368607185
-4.9541095073676455 -3.4264219228464494
8.543963037165945 -2.254660366866082
1.0233713069992874 1.0332843546263675
-9.749681586330055 -1.8186315244150748
-1.0601490177825639 7.965868820031183
-2.1461453550826555 -1.1201848039506697
7.682671999541519 -9.115775796503655
2.6354064528935304 1.9139322105002847
-5.217146437852744 3.524947717543135
-2.016558331509801 2.3153671472448707
1.5223702868839144 -0.22063110935843788
4.449070145871712 -9.008981554051891
6.591698837752723 2.535012113595837
4.135484759966747 -2.7392096824565666
3.4998050884001906 9.139699594544478
-5.949898026972795 -8.447336024265798
3.0599353027456573 1.439144774152961
-4.786542771432729 7.724237873288377
0.7226412463570764 7.975524300607809
-2.4402026961074297 -5.560196748659596
-7.323231554714782 3.2696379963781546
0.9848742262291204 -0.8783674594419963
4.8263440220424965 0.3565348679295681
-9.473134011424754 -2.783157269037499
6.133930017332219 4.643194244448445
-6.420996402484132 6.95919835125618
8.364605583979138 -6.3849328726759635
-9.301506006477707 5.34398539673122
-6.017032475442871 -4.775990365280243
-0.3448328112937702 -3.3704176195616364
3.66358953343957 9.912928378509221
-5.840725606034056 -6.1884551583041425
-5.355234225313568 -8.22153028496222
-2.22106158686646 -1.3637743468838774
9.782326684607135 8.817742697841098
9.847384461432664 -8.21959944193448
-9.650675870667413 1.1782464617413275
-2.665038811217393 4.7783156034890695
-5.754421659819977 -2.232963283373415
-8.046389891564631 -9.317132758757378
2.4067499162699697 2.7895121463794688
-6.898100569586427 -8.67689467975454
5.56458642075423 3.904596057462033
8.653594640252116 2.127202115317182
-3.2937196857260993 -9.069104359864756
-3.963572759790339 8.385903200443806
5.1687474600716055 6.525127794331059
-2.7771503530145996 7.669087341254404
8.692325953488314 2.6787012730433357
-2.8125696711921044 9.417387180488465
1.6950011932648366 -3.0267237979729806
-9.723592722511135 3.1857044156275514
1.6537859596233702 8.355037176228443
3.761741959850868 -4.374992631682682
2.69003291181078 -7.103875533110607
5.467711851736377 -8.095649306426544
1.4334501663509531 2.265792163245223
-4.549463627662957 -2.9501287970532513
9.230285770687278 7.666167681603131
9.94259119558511 -9.289968033317352
-8.351361328083325 9.759395079059118
9.347814512032237 8.874029545322387
-9.466683316838179 3.283576950404017
-0.6871108253783138 2.921224171972174
-3.1906113223332326 1.827626659364583
2.89892985277268 -6.013658332344443
-6.352815327135605 3.858567708678521
-9.754758348863898 -1.3355061479573305
-6.559784740333008 8.930103506907553
3.2687929899805717 -2.322319386142242
9.866343420239286 -9.426686508419378
-2.006123313479704 5.86071456581559
8.174705193929825 7.76745893076551
5.528708609020141 5.446380707659802
-4.513936088217465 9.66983225575914
-9.276808162042878 -9.024096108396805
0.08826207413201814 -8.86898569499097
6.572037827507906 -1.2854889082817529
5.86940286186997 -2.818218784758173
-7.506463030128765 1.3968570482174485
-0.822930782977009 -7.501536950573446
-0.03849620452739089 2.4265638961368197
2.12240836671066 -5.6792562638749855
9.171555326840753 1.7485333065091009
1.5378868789201725 -2.3606218892730046
6.755354736592906 5.836862742775919
-9.710783095797897 -1.4587227719975076
8.431464855327725 -3.2031931750870974
8.66017605903431 -2.5273654869389546
8.798964010509383 7.145086677587258
1.412769170050641 1.208485277756255
8.217997025533908 7.766768750748618
-7.727559985887789 2.436736700845284
9.455490878421767 2.2491975055572766
0.4045052580030539 9.686838747291432
8.944558782271514 -3.260744427304278
-7.338441847584867 0.15117982467860713
-1.0320621232247777 -0.20605310505787067
-9.5871476268751 -9.90318672125774
7.873355520061352 8.55874704224182
3.402043626953933 -5.784939414772728
9.651152867686719 -5.457894710236381
5.275600882703138 -0.3898817326203492
-0.624899813303859 -8.130849758910495
-3.7050306559898623 9.17998597581597
9.956181049078442 -8.115664929091404
-8.423020035512057 5.70512011109474
-2.8736384568981377 -3.518005184353534
-5.563084906221675 3.416109309458381
2.72142469507115 -1.209337153186878
-9.929542357918358 -8.557321195161364
7.964778288844766 6.226348025755577
1.3630833588319309 0.728360461056095
-4.689736616831144 -1.2400467844988796
9.594948911505362 -4.273993824936491
-3.7314814289462657 -9.816114744237552
9.066802558870478 0.768503154749812
-2.0933507467920283 -2.8687122911958385
8.204459929710147 -6.888724958071415
7.04144755494282 -7.724940664806037
4.613956483817091 1.906502709262405
-4.144404909229822 4.985731684110576
5.765279140066667 -6.021222499892939
-8.90252715627957 -7.758679799335164
-2.006236624183617 4.418528665190301
-9.207886919777534 8.11423762064225
-8.859232440825968 -9.22968467924716
-3.390802139962286 -3.629795971095529
6.877291407912793 -4.359882814686451
8.31838266959759 8.914721558524398
8.911341277061368 -3.0263238131108006
-7.367679479943023 -6.076884250142019
-1.5834961955734492 2.1575548203010353
-2.790590547048404 5.738488061178948
7.69155996558861 4.740659036452623
-7.060277372244402 0.39904869813842403
-7.077274198450068 -0.44638224706757335
1.1757960682031854 6.544938277382734
4.528199511481219 3.7692423385840996
-8.524481577799312 -3.07327114624721
-8.451138263786062 2.950898112906554
7.64047404121208 3.05630694374406
8.089186445585458 9.395471279028513
-2.5645107789639265 1.4961358108600002
9.621990629226936 7.423195486710842
7.207251811474297 6.573653794765018
-6.7191096400389565 0.4021344683306989
-1.1806909748046461 8.565753468609497
-6.406700458242602 -1.1744662813608127
5.642077400339044 8.151974268486509
-9.03693732282421 -9.189462896740272
3.479452384920636 -1.4726985333443636
7.4380375485725345 -3.7079103887581644
-5.829065020686239 -1.98223704627096
7.805079774806018 5.706737093850368
-9.287394452264015 8.818793914649909
8.35978818504351 -6.349188766511422
8.758462557656792 -3.553516122140314
6.836420817253966 -3.932985307381034
-2.3320463923242656 0.1718733207473484
-9.669013549783653 -8.864276201609103
-1.588997211664143 -7.254092553423943
-0.4780142512632679 7.022877943552988
4.034908907434234 -4.779145714021313
9.789963540150023 2.388706509042244
0.033930733877207686 9.049683594978692
1.4382410751394854 -7.2555382036882765
-8.451179234656179 9.209442955247976
-8.077110013566358 1.6590638795430142
-8.626611096017031 4.67869560600173
2.1015007616533197 -9.67009816204281
-6.074871237033593 3.9524312524718326
3.7254907324414877 3.5404369983158155
-0.6297987567207244 -6.310942891384981
-7.463769845016093 -0.9973854734749761
-1.4078656002740058 -3.704422713201043
-7.8086357022321184 2.4229397881436796
6.432827751175434 2.9592055996192475
7.373651094453191 5.563933775119221
-0.8249953637869094 -8.694278034345086
-9.642106832051462 7.970827484918608
-4.0205408037182515 -1.6312261401715027
4.195194617484928 -1.5429378195817804
6.753537039502287 0.7261119443052007
-8.938546017957137 -0.10262944855839073
6.043456584932642 -1.6459652357180925
3.264346376209401 0.12346238000481513
6.031026776175128 -3.6005010694538386
9.816807397819318 7.7729503713881805
-6.337981628196889 1.4393357174190449
-3.573607638927827 -0.07258725832291546
6.656443709624348 9.35867653344511
2.5164379115008906 2.1408168869749176
4.918031910673735 4.070531497377042
1.6739515980387676 0.23930037756772116
5.243522912342264 8.244577260003737
-3.7752582731196815 0.2072293176742246
0.44855563253777575 8.325174694286073
-6.02939631386249 -5.874765542326905
8.020388143161309 -7.480927176691321
-0.12940730171483494 9.138528991336653
1.0131910985625296 -1.1258585456144523
7.276747836506306 9.825229802759235
2.999869621507127 -7.538339371945497
-8.691462152165045 8.462777685427216
6.871923022247191 3.4676290045771374
-6.447804177883871 -3.766301159467562
-2.334770306191838 2.7985057693640734
-2.812466830018656 -8.48894475940072
5.571694999109557 -9.200958200914267
0.7397465698605998 -8.834516790829593
5.569656378485696 -4.223693520325044
-7.6741019496072145 4.122485026822929
6.704866218443303 5.067284959650474
-6.631542344101722 4.169664034411095
-1.9448131039680394 -3.0841598128743435
-0.28863240059314066 -7.451104142980403
0.8384813531006046 6.381882545014715
9.158328608756523 4.077890599971191
-1.346269083573631 -3.607444879255981
1.8819311180721794 5.103315736023394
7.569373774499521 5.040575018718403
-3.869513504117819 -1.0623622691347467
-0.509372559573773 1.8565528918891978
9.561983206422582 -2.642796725627541
-4.173068182179229 0.05816852100044123
-1.562439745991444 -7.146567084088966
6.8496529985817105 -9.728116306079759
-8.59171099645135 -9.67262616112116
6.804705293418063 1.2418867888432068
-0.7975225837846089 -0.447361205754067
6.965959093077128 -7.45598712423633
-7.183664513642314 8.923373808785321
-2.139226671444092 5.536191435312583
9.974531234663711 9.70737585773141
2.2946221398260356 9.114075875927572
-5.2108245305673995 -2.8631362392991715
6.61883534873229 -6.4891084687668705
8.751682567805648 4.767323644501115
0.37114691833191316 -2.3965624370495675
-4.6085993631888105 -4.782923887300388
5.588251931503496 -3.2398160628960397
-0.5627858328855524 8.54189496647701
-6.514124948569546 -9.99852979336534
3.659952110491968 9.482187417666054
-5.759315664628288 -2.7576174959158646
-5.188164031169197 2.817866149623871
-3.6908896650735246 -1.559617367578376
5.8687953460106606 -8.328319691502388
-9.304464358049387 8.697422115085587
0.8665766875490792 -3.530184355775628
-4.499871222920477 7.878848051679391
-1.0334932774399324 6.695135566127487
1.73243747276552 5.95566378809426
-2.1297807190314 2.4538154233263825
9.662033640672398 -7.569264645192706
-6.53301592964519 -6.8803981228867155
-9.149252700028885 0.514800976053424
5.586725230335276 5.042747193730499
-7.271922441949991 -2.616582771047435
4.106467080099481 -2.091992970208425
-9.006070234571288 7.951554089729896
-8.37695389710169 -0.2604390290855392
-9.745921086866442 -6.417582079995623
9.604956431500987 -7.15686931614581
-1.4424571906584323 -8.367435662341835
-7.270615364939015 6.506481936464368
9.713064608843148 -1.3954557873860054
-1.1126155121137202 -6.408025137446822
5.661731978029209 6.7596226594471815
9.11892460749899 -5.262430847143717
7.929631292617 -5.993124681635374
-6.962146291685798 3.424337006234161
-6.2035797750325505 6.420483712729293
-8.296425379915231 8.362231726503875
-4.053787333210468 -2.4220207349760425
4.659989736913481 -6.405216359183187
-6.118873683504709 -1.0060031631912647
-5.010377820351599 -7.66970482758728
6.0799680294395415 -4.4647505735822435
-5.087903622054641 5.90138614149364
6.4958046737488 5.0996801811486865
2.53153946022117 7.238446769050331
8.403269473617204 -9.952402556225753
-2.6657392110166462 -6.633268851350948
9.045467044456341 -9.382590555940345
1.3024984137958526 -4.904249287571149
-2.381814697438318 -1.1571439185219052
-8.237127343875738 5.59311795206016
4.970519585772051 3.2055342292755284
0.7326884780697807 -8.476749265909394
9.686109821026257 1.9936044526596515
-9.459779962112286 7.926300685813871
1.6733163840242948 2.273696512597983
2.5547577145689857 4.417905629527599
6.538513157856563 -1.7780013017934735
-9.734218844422344 0.021778614687589126
-9.622166229338223 4.911697044631062
-4.351276442894887 3.542343132730908
2.1544275824230397 -2.0419133773133495
1.8199150593840336 2.8633464774550212
3.769317836254004 -6.891762000438419
3.656288410084631 -0.7090794687583379
1.6327560321543633 -0.09138658231160335
7.250749029100781 9.092785522424435
-5.865224029870224 0.6087137939537044
5.637466752131811 4.536947733462453
-4.545235483746848 -6.996501275930029
0.3420256823296448 -7.961872405701305
-3.7198049514399667 -0.6473778224321975
-5.180068647722271 1.6788269118538217
-0.32653360816773613 3.9722351955399837
5.5683033782957825 -6.636458961364761
-4.821827241181975 -3.3449908011714875
-9.354893932196378 5.255357958378365
4.389889437366319 0.9916369156876375
1.3984499387775085 -6.9559037321431365
-9.540545124357301 4.891597335519826
0.21781959033977927 -0.6923954230107032
7.685338210932709 5.873485958575678
4.41057793716222 -2.6089818320056075
-1.9273509105379212 4.486853106036563
-0.7216675527986673 8.859533474987394
9.559461990393526 0.7973473082440847
5.599687833363035 -2.1922144437207063
-0.9280139644840713 8.677795404850489
6.333513783166509 -9.33717165121837
6.286930053561669 -9.246906372431145
-7.545886110147107 -2.4932392258715375
-2.0291215891619307 0.2895173090602743
8.787309665461716 -5.563187930409983
3.9464524086651505 7.666479034556097
-2.599965388151009 8.87318373014282
-9.299192547971272 -7.996315352279724
-1.4219802615173904 -7.865763087235442
-9.073386535432245 9.08582948732375
-6.286574520984489 9.343552086646994
-0.44430632501676826 -5.777405121588053
-3.719289750818973 0.777582588369544
-8.359867263266764 4.712545690469437
0.8864870294055329 4.827389401306945
-0.40738730463710304 -5.92941090983625
-5.121062514249233 -3.975820163432555
3.592461168472635 6.316062855915128
7.808262268069377 -6.001381894974466
5.57757088208662 -5.192128899854291
6.799215161292629 9.869613630826635
4.454562913566944 -8.429304984836673
-7.782084011963695 -3.5805038097991044
-4.4265703579302285 4.4227580228697505
9.126339970593584 8.892863474220732
9.927787826601175 1.5260487461504617
9.939384922153206 -5.153416509749656
-0.28852531833208417 -0.02218014977907501
-6.773759650626962 4.061841492604792
7.638984838456867 7.55377907808338
-7.216442918419164 -7.972311132948347
-9.438187803417865 9.637088930094006
4.5292712016024765 5.384603206025684
-7.565200028540886 -9.18932027094484
1.0428458354874834 -7.251568985951167
-7.47001199579663 1.8095447943935525
-8.838700430424291 8.330606764335343
7.5867797400603365 2.871178231799183
-2.049573531028255 6.483453327547121
5.667556075503269 -4.973806174366622
5.011231724886953 6.537377874645351
-5.7604400227334835 1.4736250246081166
2.975189047579649 8.155542654459637
3.3368342895590324 -6.198992279094835
-3.895073198433856 -1.71383572709634
8.745068141286975 3.66769208702458
7.14950400419805 -3.206807347376257
8.483889195298207 -2.2084778887716467
-0.9153526605551399 -1.4315835589754418
-1.6775297021812126 -3.5728467132413
-5.601276538473179 6.104557494805196
-1.636316000655123 -7.781787083858685
-5.038168716011453 3.9315371788780435
2.415347875949143 -3.6365465995735224
-5.732546450863703 9.019937913842003
6.932590717391392 8.274482269568292
-6.208853693209646 2.5158731309448594
-1.167516675926807 -1.787961975257332
-3.9273518357025727 -2.326366841239258
-5.090992658590661 -9.569536650848601
-8.876359947331105 -7.6169116274166315
-0.16939222089510153 -6.064139242100753
7.661467967889841 9.704344733234358
-2.5693604933353376 -0.7743002239152723
4.9652148084850705 -6.892539710758521
6.994018097023698 2.4357183400023867
2.827113411831414 7.444574143017348
-3.1874354737331245 1.1291238516619018
0.3464890534063887 1.794274380454592
2.620569141440182 -6.86755496387063
7.0975678569757505 0.25091291032784824
-0.22959628909499052 2.053338160798262
-2.3248887307361006 9.293251712881275
-6.7977816306414685 -8.033417348734108
7.851311287614237 5.891475984794978
0.8206854470469374 1.3557252688625727
8.705105656985172 -8.655862055986256
-8.967501737314345 6.637655338004194
-8.19694041070525 2.769876428873541
-6.106717364875545 4.15451966853059
-3.4524847823779625 -2.014524239688747
-1.4848235286969196 8.706280034121544
-1.8245187736223372 3.0106141211649255
-2.296758043307971 -6.779784473606751
-9.115701789326407 -4.5691471268274775
-5.8245829740824036 5.071092040773035
6.666791065824867 -5.902511995525115
9.231204026659142 -6.003027974734165
7.27861489227098 -3.629254499582144
9.556522456360721 7.995644006148066
-5.357095425963186 7.6452340718262874
7.019368381686263 2.6065094751026763
-9.065334133959402 -5.777521452225718
9.07239547918341 -5.854706985598521
-4.620837042695922 -0.858656918388581
-8.622494390742105 -3.258315314987552
3.8105543141118154 4.263881961812977
2.091299832903344 -8.958358401607903
7.250017571556008 6.271827135486454
-3.8898013807568805 6.509184266062906
-0.11600664749068024 -8.909623960780895
-1.9096891052094982 1.2169260608076264
-5.8198744529726465 -4.756371936804613
4.043663268629299 1.4333086135544786
0.3929307831340818 -7.057617843916684
-5.42357329173079 6.405722148721917
0.4820589434047662 -3.1025491337015954
8.374609427689524 -5.868372203620577
500
4.041418787650628 9.120975077458265
2.847228783405111 -7.071443143157376
-7.139384341190538 0.7192332171540201
-5.231872728728595 0.45045593332481637
3.4108608098390008 6.792873194382658
-0.09262488023672688 -8.273030035513822
5.198264642722812 4.327059171806871
-1.1787179001225745 -8.810779769901085
2.0225617595242618 4.226072431424939
7.487679447841266 -0.4429671312433072
-8.42965952403814 -7.864775311623077
5.46912321143906 6.6459430653565015
0.865142117697566 -1.6010948800845064
9.593700684064878 -2.775670945391586
9.195404857900243 6.119394477692111
-6.644590021182378 4.0953119592149
-4.86050804879651 9.008292867395344
-6.671992323179712 -3.1628600322388767
1.106601540321634 9.191090117975843
-0.3488044421353429 -5.416988859695833
5.215279064705264 -2.394429359349477
-1.648510597042666 7.480537288746703
-2.1677228474761367 5.237164753838391
-9.658441420818612 -9.519337930897866
7.5920640750237105 -1.696504136334907
8.374595173394866 7.004553589415043
-1.5624274021688436 7.179741564360107
-8.05052033901703 6.50924376416604
-0.07048207712249344 4.006240252281874
5.465969010122009 8.951282001655503
8.392580170273739 8.222957942747009
6.977143112500876 6.870830636403248
-0.5825893774228312 -5.861176547205287
-8.527367960878305 -6.438777213695599
5.5189413670906475 4.445740487832088
6.318318167717337 4.567077797655212
5.579221058222835 8.366270529256482
9.018357910128842 6.932044684228771
4.55603988171694 -1.632377752786553
-2.4797628095241624 -8.93075905043409
-1.0109717755176035 -1.4434363654964226
-2.608850723253706 -0.8303921909101604
-5.222360099394439 -5.231884885184048
-9.815452529514236 -3.6697338625133007
9.50050324670936 -6.386689341029865
-5.69941058005726 -9.191045480659376
4.451264711497707 -9.871087309226569
-3.513447719363743 6.977492885364153
-2.024319664100278 -3.2827920567565965
-2.5649313027725977 -5.2642350563624
-4.465539211805529 0.5093655722723671
-8.82494539538396 -1.839708418811286
-8.68864807173981 -0.44590563220326374
-4.345444869506087 -6.17694078112045
5.183565518835582 -8.148256323638897
-2.4446091451530076 6.944723549037192
4.050473964763485 2.378464914712989
-4.363441754682686 4.874857459517228
1.3012686705699323 9.12712856744832
8.799090860841915 3.9570696617970924
4.326800887146355 -5.411178046739968
-6.3737799511138356 -6.595214076684755
-2.755478495371544 3.8030634221691173
-1.4919979471908835 -9.097168064491253
-9.516429110279464 1.9912358696733428
1.635294433375968 6.850100798098737
4.164583169293492 -9.50499148656733
-4.220089373013622 0.04625431673256131
-5.6469411105944385 3.4336594642958715
1.8467086694057073 1.7034003404771312
-6.282852114391773 1.1678110504206511
6.300374762102173 -0.27509342633903877
8.224397787652528 -2.8493242218179997
0.29122131036301013 -7.007874852618534
5.573500328093353 -1.1414878914426279
1.793792524253636 0.6558883066413159
2.284707839965048 -6.9596279582588245
-7.127062906916577 -5.807133769143052
7.982317105831967 9.980220311273929
-6.091922086081302 6.267927432214119
-2.254393045185905 -6.081427589454503
-3.923635651554749 0.17563154979804807
-4.996539065116741 -5.186948887107379
8.946203273633458 -1.1872399263556606
0.49542592722416146 -5.827624479405145
2.209198075629377 -6.071725121646232
-3.795459444600082 9.469051352549705
1.6421469933398534 -2.9152741815404077
-2.11734896875611 3.5767759166890922
4.453084120678936 9.830071353628636
7.866384253799808 -8.817680131890391
7.312841250330845 -8.328124213907088
2.631012674463973 -2.240772562282136
-3.2965293356385628 -2.729428259540443
7.606830920767905 1.9135941770364457
6.124919676163714 2.7368558532279668
8.997860382909579 1.7076603455363664
9.256162158846564 -7.630446920128222
9.536561958554419 7.750823496413702
-8.48315354950663 -8.129294404857088
2.52762394268907 -0.3495037609199727
-8.514674601202675 -6.038295659195462
1.0358966495223694 -8.665207285706472
-5.149650112838573 7.426845822424937
8.178104037821232 -3.5603204009761864
-8.912773136229557 1.914702623226054
-9.861047189603205 8.394660254595316
-6.48471347270561 -0.7344459005605763
2.216764413412509 -2.8649427769884728
5.137300817786832 -8.10262754629806
-8.27399475317499 8.576642252477672
-8.331125559740604 -8.295720027070049
3.4240561782727426 7.468629582636012
5.153712499540763 -6.911142205793681
-8.29562384220038 -5.468137008225707
8.289243770332082 -2.3406203340753535
8.615922327664109 6.925756899643808
2.119885921535543 4.224955930675103
7.632724815715381 8.117955936871336
3.8441444999037415 -7.483857666776861
-2.0534209134552617 -0.922725191031315
3.813127017921719 -2.0771651704677367
4.015700100669493 8.34152452186579
8.24985994408231 0.7905600235636534
2.1209492954551976 -3.4247962375912966
-0.452798092646594 -0.5117237648934108
-1.0386661351786959 -4.50308772411002
2.5051604999732096 2.3286969473086074
0.34493945283597505 -0.3436609545455287
8.380669450348513 -7.3366224795679695
6.88034057321514 7.534014215003964
-4.170653525651453 1.1286518641812915
-1.282497659445168 7.795894364613417
3.768209747910909 -3.815794699093793
-1.2927502654565348 0.1429451885177624
7.158898332161563 -5.100633885556638
3.8320895027812174 8.491772819146448
-0.5004243678512061 1.2120466147421656
9.596840649983182 -6.419722606612595
3.591000969664117 7.770179862862559
-3.5904611829898503 7.358646232728347
7.165005071331812 3.5779913074123098
-6.2789676682685975 -8.33685689148863
-3.3824674206647254 -2.8331563471533734
-8.731831690585999 5.520286505345901
7.342918769509929 -6.929496088386557
-9.722039766103585 -7.150566030190422
7.520740627731179 8.467569659783656
-5.277665335818773 -1.563319886227072
-6.114532556305852 -3.34363893613385
-2.6619378552116846 -4.29635945538446
-6.167629681085063 1.3882983365752608
9.385061372861323 -0.17762934431127064
-6.942513680012723 -0.27022894067825476
-1.11848872401454 -7.434403082011222
-1.97071964297092 2.372397336168291
-0.9180154230617337 7.0060666194439705
0.7984443064703495 -6.315313033917995
2.348211749720381 0.6539186583934509
7.108260966247052 1.7478897968946878
8.142371974763265 3.817513807886094
0.47642780054022893 -8.606018283777821
5.228201068073625 8.85879707868746
-3.6227540344761477 4.887310742825928
-7.001106500866204 3.1818424897449997
-2.7614743217032123 -5.159098878848615
-4.897316112651485 -3.238492999420215
4.913319252237333 -5.417683327465042
-0.366816066171765 -6.322985480656122
-8.545786920696596 9.73994900062538
4.855099493144676 -8.548106292650811
-8.08158233182308 -3.674456420612162
2.016951000514336 7.410769128169566
-2.8475018606123292 5.768582887197276
-7.243913241352118 -7.287467414885274
-8.187565968843963 9.957047351305349
7.013181031637526 -6.737385426113304
-1.1200723267682413 7.285201190555291
1.3473766854536073 1.7439482813879366
-4.168536821056081 7.178317936352709
1.2544155897392262 -1.1302699716058946
2.716660289789951 4.405714459183216
7.817512590091173 -1.558658865086631
2.0585686534772325 -6.157791643653381
4.396999187904257 -3.747805903704336
-0.16161655471189817 -5.212740431824637
3.4603930234842863 -7.927824120468719
-9.922058216645794 9.074326235293377
-8.751739409506236 -7.989094340503513
6.547593028568134 -3.230093937460115
-8.082326347075632 5.440216863311665
9.07457789230865 -2.699973877371569
6.979615824072059 -6.126074905065046
-9.934384861477492 1.4268939281483242
1.9472249693080652 -7.246120095580794
-9.51016194950991 -0.32372506910222754
-1.3143330013270038 -5.467435673070831
-4.870455179844 7.479414135501088
-6.858548079672064 -4.977269793204768
-8.695973525435628 0.22558519681142464
1.8033096596258886 -5.7921998229213685
-5.950692939892721 -5.887260685876418
1.940725380100318 -2.810380491347324
5.229942370147702 2.789149603605141
-2.4252116434338777 8.151130763866675
-2.3613440875316645 5.053234826163877
4.262117976310444 0.7912977595749808
7.371954588738152 9.142159871440043
-2.734250329877213 -6.59587182700019
3.644808861548336 5.569679596632351
-6.292884906682357 8.19682607194762
-3.7930341404104624 2.435122694761006
4.984730998577188 -2.468727942227029
1.4357852659125356 -5.728254053969685
-4.550599911175565 2.7718832624189975
-9.821161575394957 9.482838486913959
-9.67219308776982 2.560735609786679
8.935409855195882 3.479594591439561
-3.981058594213012 -1.38134020330501
4.115599769048329 6.550513090828478
-6.281457276068682 1.2310455151394528
-2.851390510319307 -0.5229143422856257
-3.2449932724002295 0.9655976759797831
2.3790518896135637 -4.903982816839571
1.5276624260602851 -6.209286059543673
8.21610709268921 -3.2091008285127494
-7.154816094700331 -2.4532809424426176
2.373476960443906 -4.095104509078089
4.170041602589061 4.185607377287454
-3.7198040114108766 -3.878064708011344
-6.93148836571339 -4.4985317290467215
-9.899903731450223 7.952902132759888
9.147588553988303 7.999163350296701
0.12728965932742042 0.6179767133702647
2.150290061018465 -2.9514710122396304
-3.226191227545603 -1.8155007121553197
-0.35080819332765856 4.346818842088599
0.26506370011611224 -6.906704076202725
0.10546581107958808 6.916096509247698
-8.716242438743556 7.546876333972627
-7.427919111768024 -4.556114557627935
-6.69248581384071 -3.776072813448268
-4.637876743658243 -9.609768198256099
-5.0572549243051945 2.5796568443387216
-7.00861147527106 4.680299920605986
-8.219653245073118 -0.7548462764488821
2.818096599900082 8.59998947332208
1.4966896475273188 8.997489308336569
-3.325791464993708 0.2682183602440098
7.240543397895031 9.043578107070829
7.861781719971539 4.863318612441489
3.996799447051199 -2.701890419457742
-6.637075864075257 -8.361503102379721
-4.894812361508389 -1.5316319791996609
-0.6533068198683054 2.624071474086829
-2.6548667195276776 7.184638040256548
-8.613289453495568 8.380675750183592
-6.477164406928986 8.986375402273275
3.4494500672832213 9.929041109726164
5.522958870886116 -8.63351086467784
7.582220485743672 -6.915629823175767
2.273747543767195 4.527806627397535
3.5274818311399674 -0.9048442231120184
-9.272768000891583 5.230139505704836
5.546087674723886 9.296629090585359
-6.825071155968974 5.316529013493543
6.242609170705922 2.8348864297364624
9.037950883555798 -1.5499991652114797
4.094981608872057 -6.506280351558225
8.22098351641564 6.27291790653976
-3.3628546118628826 -6.229127520867155
4.234608933955506 6.9941067711048
-1.6507076023827612 -3.643729520498087
6.635706620877002 9.762323026419153
6.276907065461057 3.3298792249161284
-2.1692469317883 2.2885102828405994
-0.6116654254634017 9.175728654487457
6.049162677163473 9.120003523699694
4.595117306605751 -6.2350527290676645
-9.88022147416643 -6.943039669193332
2.232959929928679 -3.324953092404641
-4.223988728901458 -7.508817487580459
3.2262906789944186 8.435583155200113
9.28074251581802 3.2440265706121973
9.23165567168088 -2.0574222193182905
-5.5480359082523245 9.589962837951035
4.924654681943485 -8.753520499960581
5.9591660296634945 -4.722186016883059
-5.39662205868577 -2.7087574468700932
2.6762065943519033 7.898913701984721
6.299419095338905 3.8154354054938384
3.493481834746028 1.1361627136271863
1.6599103716610824 5.6097552232563235
1.2357110563111036 5.593111625215467
8.223430673007357 -0.257186405985923
-0.6332319714316075 -8.548753500317673
9.967088866214741 9.671879290218467
3.3731430624377428 -1.2744485187026697
-7.693277619354689 -0.968762590898697
-8.254033903893896 -6.684377320617479
6.971132261673368 8.538411037487162
-9.308865546554268 8.057560084104999
-6.014404615197144 1.3109206220737804
0.5507719042823105 -3.5827759468103633
-9.617436434260384 8.459048406555297
5.538220711383184 -0.12673992130402034
-4.138834679816281 8.770979114090164
-0.3652430268248139 -6.975640564337782
-8.717244357854437 -7.9390353003216845
0.13750713603632114 2.808513441016853
2.1017597457477972 7.6937733762465434
-4.41526871658799 -4.234219894999008
-3.3837112024641236 -2.4972874031148162
3.912926384666939 5.738192309148289
-3.187274794370685 -9.433343740571136
9.986708532099541 6.3544436497475445
3.4211355147525992 0.974088567801136
5.524152399180235 -9.824682700101642
4.873299281351402 3.2331203872376797
9.22974578506079 -0.4044945673970002
2.822438356124195 1.4683612669772295
-6.862427428865969 -9.176854252249933
0.1496684897305851 0.6955843435903049
6.132805128355603 -0.8754624146211203
5.336072598084545 0.4684182862521151
5.164892596426904 6.933214488804943
-7.068205751915904 -8.566698858987923
-7.090049070116771 -6.816757767341686
-7.695746635139362 0.5836220845192202
-9.68961116311879 -3.5266303075259113
-4.262697689799808 -9.03375681669389
6.274338320776494 -7.247839476737241
-0.28887911071199035 8.635785446599233
8.354149064766993 0.10741644638492431
9.370872812651264 -9.952229554038087
6.735199140067952 9.271502138590982
3.943599857168053 -5.613965003695471
8.02525419286405 -0.9001431890109046
-4.920031992749518 6.0975166797946905
-9.153934948212575 6.6080880173351595
-9.890910110458329 4.681732194915218
-2.9560569196583497 -9.001092026819272
0.28804004262667426 0.6171374804317349
-8.116657793206514 -3.7217407416744646
1.7836877824046802 5.946926470493473
3.275023188126063 3.3728792268014036
3.4324044045954807 8.730280726679617
-7.239828939830211 -1.8353065802188837
-0.09280352318397256 2.280672188457755
8.730906792597317 0.23804139310088956
-0.5544692148669146 0.9785663996788543
-1.6276692173474672 -4.928450173944061
2.477555518279482 -7.744573810764868
7.438713603656463 1.0575906141521116
9.000082774335578 0.34333605591452
-7.4445333516901435 6.10533415241996
6.809806803166584 3.159870881305441
-4.180522124477233 -8.154665939721564
-6.844709522859793 -6.109049497218102
-9.033058283452839 -5.905962621045329
5.334553093345978 9.540517873247303
-2.2089221025036654 1.9131145119500932
7.241728800472686 -8.497169186170627
-0.1330840398626627 -2.512808636126149
5.374805044130142 -8.880724723533145
2.1450201933699375 -3.398961658538557
2.110613936243471 3.792640381464407
7.801616919829954 -0.08376441050850936
5.647102880244418 -0.32901145524814446
-4.718466030416206 -2.4027120191817186
-8.579530007392126 -5.918697231515488
-2.4837216831115754 -6.081523805564666
-5.635992877881577 -5.107714277415097
2.9493558627605427 -9.211750760533322
-5.180132400619879 9.991255105001006
2.3225163456962346 -6.658287615963852
6.586485210904513 -3.8466434335390476
4.216033739606591 -7.50001091159048
8.652567522217666 -1.716417108933264
6.1299188118285315 -6.847174274739485
0.5549867661244718 8.059714034895155
0.6278812967981047 -8.225827028541477
6.253432996337125 2.2450377465703113
-6.47384055458196 2.51130485896301
-5.561072309582653 -3.2144135212701546
-6.14996002999836 -7.529452015862848
0.5409181336697664 -2.9793872820460106
0.023080488531157073 -3.1770434889009236
-7.473750651279307 -0.03318148781536401
-2.418050670154475 -6.181283772307058
2.271504190135598 3.268692291836061
7.454993993993682 -4.857449823943842
-5.276446799518368 4.40018128336439
2.329266104731058 -9.812073173733102
-0.36389702390372847 -4.328772821343298
-9.4316348995053 1.1835292750128161
-7.878228406530658 -8.8219852497445
-9.500595361398771 -8.9380045233404
-7.547403244948243 -6.113045074768988
0.2787421329258777 -5.943667772123984
3.1047079219078846 8.735967049257741
8.807509809988396 4.575582907013981
7.922858817774326 -9.674688564513083
8.139242123699105 2.2406723267508326
8.13131897848455 8.935803273292112
-5.742256366154807 -5.481305007045889
-2.1874311004219127 -8.119339602620801
5.759151837249153 -7.2524397524873185
-6.458745545004394 3.3538222578470034
-2.6628731285605127 4.227121101246103
2.107527101189053 -0.09484896574443802
-7.6432595312689084 -1.9782961739012919
-0.649429166925998 -6.306794105194536
-8.934244330905914 -3.2693650146386366
6.334846567436383 -9.312251291802536
6.52795082555523 0.881903197360927
-0.2944143523242637 2.8713844180146957
-5.741207139928051 9.840771479687437
-1.5953793557801728 -1.7760551605059849
3.58172284564915 -1.0962140418216393
-5.226789200590791 1.9419698018114993
4.75999385683224 -4.966460534866641
6.6156837402986035 4.899871850930159
-4.912128010363097 2.03686262379113
0.639457970384889 -3.489843960107848
-7.358415398174336 -3.618110825597709
3.035681199120271 0.12946228989355646
-9.363989239938391 1.882853537280841
-9.712364854785518 -7.068774963844449
-0.356040270421742 6.034342380976451
8.324394183946922 5.653540007605422
-6.846757967662334 -3.070381795292194
2.2741883227409865 -0.03780931707902013
-6.557861725577219 3.196611734490819
-6.116252310631247 2.900643763823517
1.213717346085108 -0.8761046639719581
-4.13868516124162 -9.177439135224647
8.439400393252306 7.124018588734732
0.29034218362653164 1.2292432885771412
-1.1689687320646431 3.110297954879062
0.6059240827721464 -2.4508146214692346
5.563332546232036 -6.109444704924137
-7.340459296431208 -2.4842911793793654
7.481019213963396 -2.627400176502494
-3.713212248265487 2.534542304567033
-2.694436381655338 7.408871921256516
-4.91546037663438 -0.8208160332981311
-5.4009085162714765 -6.846793712545935
3.0591852626499794 -4.3921437658338025
-8.201036650959818 2.5436765379745765
4.0084579256634605 8.6283235612207
-4.9957436622656015 9.635321238847904
-8.74434312015567 2.1561746967616298
-0.3646599895413978 6.97366896273093
-3.740991175544388 -9.980903407109665
-2.567544518176059 -8.097802080784591
-5.944156601215056 6.448809796725815
5.510075721682535 1.9356290443265962
0.12333703647035854 -3.92064800290139
2.194329563223336 -6.682922380563219
5.242273983282839 -0.9852166291971276
-2.0831607266220686 4.351522942668604
2.571686576808057 -2.7561313843925905
-8.751406722719903 -1.0437982408310695
-1.9511354290277545 -2.5208186973605695
8.546968191507823 2.5091666544143028
1.0283198132647549 -8.292235756294522
7.002233594299685 7.568831504985944
1.1980451050028318 -0.7922221722990663
7.7170801814133725 -0.9242992123945832
7.028852124452218 7.602153144565879
-2.0545644635926035 4.01543189994479
-8.334040531921541 2.5843384449123548
-3.2685876954424113 -5.540921590990406
-8.08135378137555 8.31141100591929
-4.602391312964256 8.382749624491801
1.9889222620279252 -6.945531225530104
0.783188686977514 6.585840868219915
-3.107636723283129 -3.265222568369621
4.653596097898209 7.182794076211813
5.348749832032979 4.824614093788931
9.871315344981905 -9.271374022394703
5.213585956083193 -7.846883095963224
-6.49058265261548 7.468690876438561
-3.4691958765358466 0.891181034620212
2.934400614838353 1.2903014407363127
-5.211847986666851 -6.024492123668848
-6.147333181270311 -1.1794684700669151
5.669392626209612 8.39105856109996
-4.424642229370219 -0.17816430583914844
-3.883692204125908 -6.54179752887819
3.3396563654455296 -5.87339599833423
5.828559549692665 -2.3672983661908535
-8.321048918161429 2.0686566072114196
-2.187691982576614 8.777732144584128
-4.517714204758336 -3.1294119495178947
2.5983611032345166 -9.908517867754298
9.495910152127149 4.1014433223001845
9.767357233135709 -9.085998126852402
1000.0 0.0
